matchup,first_agent,second_agent,match_id,dict_size,random_seed,winner,loss_reason,turn,player,agent,required_start_char,edge_index,start_id,end_id,edge_count_before,edge_count_after,previous_word,word,start_char,end_char,next_required_start_char,elapsed_time_sec,timed_out,score,effective_depth,next_depth,adaptive_depth,pruned_count,evaluated_moves,chain_so_far
greedy vs alpha_beta,greedy,alpha_beta,D50000_seed0_greedy_vs_alpha_beta_0,50000,0,second,ended_with_n,1,first,greedy,ANY,1380,20,20,2,1,,,ず,ず,ず,0.005895,False,-1557.0,,,,,3622,ず→ず
greedy vs alpha_beta,greedy,alpha_beta,D50000_seed0_greedy_vs_alpha_beta_0,50000,0,second,ended_with_n,2,second,alpha_beta,ず,1423,20,63,1,0,,,ず,る,る,0.190742,False,-1693.0,4,4,True,518,20,ず→ず -> ず→る
greedy vs alpha_beta,greedy,alpha_beta,D50000_seed0_greedy_vs_alpha_beta_0,50000,0,second,ended_with_n,3,first,greedy,る,4347,63,63,4,3,,,る,る,る,4e-05,False,-2479.0,,,,,28,ず→ず -> ず→る -> る→る
greedy vs alpha_beta,greedy,alpha_beta,D50000_seed0_greedy_vs_alpha_beta_0,50000,0,second,ended_with_n,4,second,alpha_beta,る,4347,63,63,3,2,,,る,る,る,0.200014,True,-1663.0,4,3,True,624,16,ず→ず -> ず→る -> る→る -> る→る
greedy vs alpha_beta,greedy,alpha_beta,D50000_seed0_greedy_vs_alpha_beta_0,50000,0,second,ended_with_n,5,first,greedy,る,4347,63,63,2,1,,,る,る,る,4.1e-05,False,-2433.0,,,,,28,ず→ず -> ず→る -> る→る -> る→る -> る→る
greedy vs alpha_beta,greedy,alpha_beta,D50000_seed0_greedy_vs_alpha_beta_0,50000,0,second,ended_with_n,6,second,alpha_beta,る,4347,63,63,1,0,,,る,る,る,0.079679,False,2407.0,3,3,True,37,20,ず→ず -> ず→る -> る→る -> る→る -> る→る -> る→る
greedy vs alpha_beta,greedy,alpha_beta,D50000_seed0_greedy_vs_alpha_beta_0,50000,0,second,ended_with_n,7,first,greedy,る,4336,63,52,1,0,,,る,ぽ,ぽ,3.9e-05,False,-3123.0,,,,,27,ず→ず -> ず→る -> る→る -> る→る -> る→る -> る→る -> る→ぽ
greedy vs alpha_beta,greedy,alpha_beta,D50000_seed0_greedy_vs_alpha_beta_0,50000,0,second,ended_with_n,8,second,alpha_beta,ぽ,3599,52,63,10,9,,,ぽ,る,る,0.083129,False,5024.0,3,3,True,56,20,ず→ず -> ず→る -> る→る -> る→る -> る→る -> る→る -> る→ぽ -> ぽ→る
greedy vs alpha_beta,greedy,alpha_beta,D50000_seed0_greedy_vs_alpha_beta_0,50000,0,second,ended_with_n,9,first,greedy,る,4330,63,46,2,1,,,る,ぷ,ぷ,3.7e-05,False,-5755.0,,,,,26,ず→ず -> ず→る -> る→る -> る→る -> る→る -> る→る -> る→ぽ -> ぽ→る -> る→ぷ
greedy vs alpha_beta,greedy,alpha_beta,D50000_seed0_greedy_vs_alpha_beta_0,50000,0,second,ended_with_n,10,second,alpha_beta,ぷ,3191,46,63,22,21,,,ぷ,る,る,0.078958,False,5032.0,3,4,True,55,20,ず→ず -> ず→る -> る→る -> る→る -> る→る -> る→る -> る→ぽ -> ぽ→る -> る→ぷ -> ぷ→る
greedy vs alpha_beta,greedy,alpha_beta,D50000_seed0_greedy_vs_alpha_beta_0,50000,0,second,ended_with_n,11,first,greedy,る,4330,63,46,1,0,,,る,ぷ,ぷ,3.7e-05,False,-5732.0,,,,,26,ず→ず -> ず→る -> る→る -> る→る -> る→る -> る→る -> る→ぽ -> ぽ→る -> る→ぷ -> ぷ→る -> る→ぷ
greedy vs alpha_beta,greedy,alpha_beta,D50000_seed0_greedy_vs_alpha_beta_0,50000,0,second,ended_with_n,12,second,alpha_beta,ぷ,3191,46,63,21,20,,,ぷ,る,る,0.176693,False,362.0,4,4,True,476,20,ず→ず -> ず→る -> る→る -> る→る -> る→る -> る→る -> る→ぽ -> ぽ→る -> る→ぷ -> ぷ→る -> る→ぷ -> ぷ→る
greedy vs alpha_beta,greedy,alpha_beta,D50000_seed0_greedy_vs_alpha_beta_0,50000,0,second,ended_with_n,13,first,greedy,る,4332,63,48,1,0,,,る,べ,べ,3.6e-05,False,-6327.0,,,,,25,ず→ず -> ず→る -> る→る -> る→る -> る→る -> る→る -> る→ぽ -> ぽ→る -> る→ぷ -> ぷ→る -> る→ぷ -> ぷ→る -> る→べ
greedy vs alpha_beta,greedy,alpha_beta,D50000_seed0_greedy_vs_alpha_beta_0,50000,0,second,ended_with_n,14,second,alpha_beta,べ,3327,48,63,15,14,,,べ,る,る,0.176363,False,416.0,4,4,True,475,20,ず→ず -> ず→る -> る→る -> る→る -> る→る -> る→る -> る→ぽ -> ぽ→る -> る→ぷ -> ぷ→る -> る→ぷ -> ぷ→る -> る→べ -> べ→る
greedy vs alpha_beta,greedy,alpha_beta,D50000_seed0_greedy_vs_alpha_beta_0,50000,0,second,ended_with_n,15,first,greedy,る,4294,63,10,1,0,,,る,ぐ,ぐ,3.4e-05,False,-6427.5,,,,,24,ず→ず -> ず→る -> る→る -> る→る -> る→る -> る→る -> る→ぽ -> ぽ→る -> る→ぷ -> ぷ→る -> る→ぷ -> ぷ→る -> る→べ -> べ→る -> る→ぐ
greedy vs alpha_beta,greedy,alpha_beta,D50000_seed0_greedy_vs_alpha_beta_0,50000,0,second,ended_with_n,16,second,alpha_beta,ぐ,743,10,63,13,12,,,ぐ,る,る,0.200009,True,724.0,4,3,True,472,20,ず→ず -> ず→る -> る→る -> る→る -> る→る -> る→る -> る→ぽ -> ぽ→る -> る→ぷ -> ぷ→る -> る→ぷ -> ぷ→る -> る→べ -> べ→る -> る→ぐ -> ぐ→る
greedy vs alpha_beta,greedy,alpha_beta,D50000_seed0_greedy_vs_alpha_beta_0,50000,0,second,ended_with_n,17,first,greedy,る,4326,63,42,1,0,,,る,び,び,3.5e-05,False,-7568.5,,,,,23,ず→ず -> ず→る -> る→る -> る→る -> る→る -> る→る -> る→ぽ -> ぽ→る -> る→ぷ -> ぷ→る -> る→ぷ -> ぷ→る -> る→べ -> べ→る -> る→ぐ -> ぐ→る -> る→び
greedy vs alpha_beta,greedy,alpha_beta,D50000_seed0_greedy_vs_alpha_beta_0,50000,0,second,ended_with_n,18,second,alpha_beta,び,2919,42,63,20,19,,,び,る,る,0.077248,False,7336.0,3,3,True,55,20,ず→ず -> ず→る -> る→る -> る→る -> る→る -> る→る -> る→ぽ -> ぽ→る -> る→ぷ -> ぷ→る -> る→ぷ -> ぷ→る -> る→べ -> べ→る -> る→ぐ -> ぐ→る -> る→び -> び→る
greedy vs alpha_beta,greedy,alpha_beta,D50000_seed0_greedy_vs_alpha_beta_0,50000,0,second,ended_with_n,19,first,greedy,る,4320,63,36,1,0,,,る,ね,ね,9.6e-05,False,-8004.0,,,,,22,ず→ず -> ず→る -> る→る -> る→る -> る→る -> る→る -> る→ぽ -> ぽ→る -> る→ぷ -> ぷ→る -> る→ぷ -> ぷ→る -> る→べ -> べ→る -> る→ぐ -> ぐ→る -> る→び -> び→る -> る→ね
greedy vs alpha_beta,greedy,alpha_beta,D50000_seed0_greedy_vs_alpha_beta_0,50000,0,second,ended_with_n,20,second,alpha_beta,ね,2511,36,63,10,9,,,ね,る,る,0.066981,False,7446.0,3,3,True,56,20,ず→ず -> ず→る -> る→る -> る→る -> る→る -> る→る -> る→ぽ -> ぽ→る -> る→ぷ -> ぷ→る -> る→ぷ -> ぷ→る -> る→べ -> べ→る -> る→ぐ -> ぐ→る -> る→び -> び→る -> る→ね -> ね→る
greedy vs alpha_beta,greedy,alpha_beta,D50000_seed0_greedy_vs_alpha_beta_0,50000,0,second,ended_with_n,21,first,greedy,る,4339,63,55,3,2,,,る,む,む,5.8e-05,False,-8129.0,,,,,21,ず→ず -> ず→る -> る→る -> る→る -> る→る -> る→る -> る→ぽ -> ぽ→る -> る→ぷ -> ぷ→る -> る→ぷ -> ぷ→る -> る→べ -> べ→る -> る→ぐ -> ぐ→る -> る→び -> び→る -> る→ね -> ね→る -> る→む
greedy vs alpha_beta,greedy,alpha_beta,D50000_seed0_greedy_vs_alpha_beta_0,50000,0,second,ended_with_n,22,second,alpha_beta,む,3803,55,63,4,3,,,む,る,る,0.065722,False,7431.0,3,4,True,56,20,ず→ず -> ず→る -> る→る -> る→る -> る→る -> る→る -> る→ぽ -> ぽ→る -> る→ぷ -> ぷ→る -> る→ぷ -> ぷ→る -> る→べ -> べ→る -> る→ぐ -> ぐ→る -> る→び -> び→る -> る→ね -> ね→る -> る→む -> む→る
greedy vs alpha_beta,greedy,alpha_beta,D50000_seed0_greedy_vs_alpha_beta_0,50000,0,second,ended_with_n,23,first,greedy,る,4339,63,55,2,1,,,る,む,む,3.2e-05,False,-8106.0,,,,,21,ず→ず -> ず→る -> る→る -> る→る -> る→る -> る→る -> る→ぽ -> ぽ→る -> る→ぷ -> ぷ→る -> る→ぷ -> ぷ→る -> る→べ -> べ→る -> る→ぐ -> ぐ→る -> る→び -> び→る -> る→ね -> ね→る -> る→む -> む→る -> る→む
greedy vs alpha_beta,greedy,alpha_beta,D50000_seed0_greedy_vs_alpha_beta_0,50000,0,second,ended_with_n,24,second,alpha_beta,む,3803,55,63,3,2,,,む,る,る,0.200012,True,922.0,4,3,True,335,14,ず→ず -> ず→る -> る→る -> る→る -> る→る -> る→る -> る→ぽ -> ぽ→る -> る→ぷ -> ぷ→る -> る→ぷ -> ぷ→る -> る→べ -> べ→る -> る→ぐ -> ぐ→る -> る→び -> び→る -> る→ね -> ね→る -> る→む -> む→る -> る→む -> む→る
greedy vs alpha_beta,greedy,alpha_beta,D50000_seed0_greedy_vs_alpha_beta_0,50000,0,second,ended_with_n,25,first,greedy,る,4339,63,55,1,0,,,る,む,む,5.8e-05,False,-8083.0,,,,,21,ず→ず -> ず→る -> る→る -> る→る -> る→る -> る→る -> る→ぽ -> ぽ→る -> る→ぷ -> ぷ→る -> る→ぷ -> ぷ→る -> る→べ -> べ→る -> る→ぐ -> ぐ→る -> る→び -> び→る -> る→ね -> ね→る -> る→む -> む→る -> る→む -> む→る -> る→む
greedy vs alpha_beta,greedy,alpha_beta,D50000_seed0_greedy_vs_alpha_beta_0,50000,0,second,ended_with_n,26,second,alpha_beta,む,3803,55,63,2,1,,,む,る,る,0.048891,False,8736.0,3,3,True,54,20,ず→ず -> ず→る -> る→る -> る→る -> る→る -> る→る -> る→ぽ -> ぽ→る -> る→ぷ -> ぷ→る -> る→ぷ -> ぷ→る -> る→べ -> べ→る -> る→ぐ -> ぐ→る -> る→び -> び→る -> る→ね -> ね→る -> る→む -> む→る -> る→む -> む→る -> る→む -> む→る
greedy vs alpha_beta,greedy,alpha_beta,D50000_seed0_greedy_vs_alpha_beta_0,50000,0,second,ended_with_n,27,first,greedy,る,4296,63,12,1,0,,,る,げ,げ,2.8e-05,False,-9372.0,,,,,20,ず→ず -> ず→る -> る→る -> る→る -> る→る -> る→る -> る→ぽ -> ぽ→る -> る→ぷ -> ぷ→る -> る→ぷ -> ぷ→る -> る→べ -> べ→る -> る→ぐ -> ぐ→る -> る→び -> び→る -> る→ね -> ね→る -> る→む -> む→る -> る→む -> む→る -> る→む -> む→る -> る→げ
greedy vs alpha_beta,greedy,alpha_beta,D50000_seed0_greedy_vs_alpha_beta_0,50000,0,second,ended_with_n,28,second,alpha_beta,げ,879,12,63,4,3,,,げ,る,る,0.049336,False,9641.5,3,3,True,54,20,ず→ず -> ず→る -> る→る -> る→る -> る→る -> る→る -> る→ぽ -> ぽ→る -> る→ぷ -> ぷ→る -> る→ぷ -> ぷ→る -> る→べ -> べ→る -> る→ぐ -> ぐ→る -> る→び -> び→る -> る→ね -> ね→る -> る→む -> む→る -> る→む -> む→る -> る→む -> む→る -> る→げ -> げ→る
greedy vs alpha_beta,greedy,alpha_beta,D50000_seed0_greedy_vs_alpha_beta_0,50000,0,second,ended_with_n,29,first,greedy,る,4343,63,59,2,1,,,る,ゆ,ゆ,2.7e-05,False,-10292.5,,,,,19,ず→ず -> ず→る -> る→る -> る→る -> る→る -> る→る -> る→ぽ -> ぽ→る -> る→ぷ -> ぷ→る -> る→ぷ -> ぷ→る -> る→べ -> べ→る -> る→ぐ -> ぐ→る -> る→び -> び→る -> る→ね -> ね→る -> る→む -> む→る -> る→む -> む→る -> る→む -> む→る -> る→げ -> げ→る -> る→ゆ
greedy vs alpha_beta,greedy,alpha_beta,D50000_seed0_greedy_vs_alpha_beta_0,50000,0,second,ended_with_n,30,second,alpha_beta,ゆ,4075,59,63,11,10,,,ゆ,る,る,0.049337,False,9649.5,3,4,True,53,20,ず→ず -> ず→る -> る→る -> る→る -> る→る -> る→る -> る→ぽ -> ぽ→る -> る→ぷ -> ぷ→る -> る→ぷ -> ぷ→る -> る→べ -> べ→る -> る→ぐ -> ぐ→る -> る→び -> び→る -> る→ね -> ね→る -> る→む -> む→る -> る→む -> む→る -> る→む -> む→る -> る→げ -> げ→る -> る→ゆ -> ゆ→る
greedy vs alpha_beta,greedy,alpha_beta,D50000_seed0_greedy_vs_alpha_beta_0,50000,0,second,ended_with_n,31,first,greedy,る,4343,63,59,1,0,,,る,ゆ,ゆ,2.8e-05,False,-10269.5,,,,,19,ず→ず -> ず→る -> る→る -> る→る -> る→る -> る→る -> る→ぽ -> ぽ→る -> る→ぷ -> ぷ→る -> る→ぷ -> ぷ→る -> る→べ -> べ→る -> る→ぐ -> ぐ→る -> る→び -> び→る -> る→ね -> ね→る -> る→む -> む→る -> る→む -> む→る -> る→む -> む→る -> る→げ -> げ→る -> る→ゆ -> ゆ→る -> る→ゆ
greedy vs alpha_beta,greedy,alpha_beta,D50000_seed0_greedy_vs_alpha_beta_0,50000,0,second,ended_with_n,32,second,alpha_beta,ゆ,4075,59,63,10,9,,,ゆ,る,る,0.163083,False,1926.0,4,4,True,458,20,ず→ず -> ず→る -> る→る -> る→る -> る→る -> る→る -> る→ぽ -> ぽ→る -> る→ぷ -> ぷ→る -> る→ぷ -> ぷ→る -> る→べ -> べ→る -> る→ぐ -> ぐ→る -> る→び -> び→る -> る→ね -> ね→る -> る→む -> む→る -> る→む -> む→る -> る→む -> む→る -> る→げ -> げ→る -> る→ゆ -> ゆ→る -> る→ゆ -> ゆ→る
greedy vs alpha_beta,greedy,alpha_beta,D50000_seed0_greedy_vs_alpha_beta_0,50000,0,second,ended_with_n,33,first,greedy,る,4312,63,28,5,4,,,る,つ,つ,2.5e-05,False,-10810.0,,,,,18,ず→ず -> ず→る -> る→る -> る→る -> る→る -> る→る -> る→ぽ -> ぽ→る -> る→ぷ -> ぷ→る -> る→ぷ -> ぷ→る -> る→べ -> べ→る -> る→ぐ -> ぐ→る -> る→び -> び→る -> る→ね -> ね→る -> る→む -> む→る -> る→む -> む→る -> る→む -> む→る -> る→げ -> げ→る -> る→ゆ -> ゆ→る -> る→ゆ -> ゆ→る -> る→つ
greedy vs alpha_beta,greedy,alpha_beta,D50000_seed0_greedy_vs_alpha_beta_0,50000,0,second,ended_with_n,34,second,alpha_beta,つ,1967,28,63,8,7,,,つ,る,る,0.158403,False,1918.0,4,4,True,455,20,ず→ず -> ず→る -> る→る -> る→る -> る→る -> る→る -> る→ぽ -> ぽ→る -> る→ぷ -> ぷ→る -> る→ぷ -> ぷ→る -> る→べ -> べ→る -> る→ぐ -> ぐ→る -> る→び -> び→る -> る→ね -> ね→る -> る→む -> む→る -> る→む -> む→る -> る→む -> む→る -> る→げ -> げ→る -> る→ゆ -> ゆ→る -> る→ゆ -> ゆ→る -> る→つ -> つ→る
greedy vs alpha_beta,greedy,alpha_beta,D50000_seed0_greedy_vs_alpha_beta_0,50000,0,second,ended_with_n,35,first,greedy,る,4312,63,28,4,3,,,る,つ,つ,2.6e-05,False,-10787.0,,,,,18,ず→ず -> ず→る -> る→る -> る→る -> る→る -> る→る -> る→ぽ -> ぽ→る -> る→ぷ -> ぷ→る -> る→ぷ -> ぷ→る -> る→べ -> べ→る -> る→ぐ -> ぐ→る -> る→び -> び→る -> る→ね -> ね→る -> る→む -> む→る -> る→む -> む→る -> る→む -> む→る -> る→げ -> げ→る -> る→ゆ -> ゆ→る -> る→ゆ -> ゆ→る -> る→つ -> つ→る -> る→つ
greedy vs alpha_beta,greedy,alpha_beta,D50000_seed0_greedy_vs_alpha_beta_0,50000,0,second,ended_with_n,36,second,alpha_beta,つ,1967,28,63,7,6,,,つ,る,る,0.154641,False,1910.0,4,4,True,455,20,ず→ず -> ず→る -> る→る -> る→る -> る→る -> る→る -> る→ぽ -> ぽ→る -> る→ぷ -> ぷ→る -> る→ぷ -> ぷ→る -> る→べ -> べ→る -> る→ぐ -> ぐ→る -> る→び -> び→る -> る→ね -> ね→る -> る→む -> む→る -> る→む -> む→る -> る→む -> む→る -> る→げ -> げ→る -> る→ゆ -> ゆ→る -> る→ゆ -> ゆ→る -> る→つ -> つ→る -> る→つ -> つ→る
greedy vs alpha_beta,greedy,alpha_beta,D50000_seed0_greedy_vs_alpha_beta_0,50000,0,second,ended_with_n,37,first,greedy,る,4312,63,28,3,2,,,る,つ,つ,2.6e-05,False,-10764.0,,,,,18,ず→ず -> ず→る -> る→る -> る→る -> る→る -> る→る -> る→ぽ -> ぽ→る -> る→ぷ -> ぷ→る -> る→ぷ -> ぷ→る -> る→べ -> べ→る -> る→ぐ -> ぐ→る -> る→び -> び→る -> る→ね -> ね→る -> る→む -> む→る -> る→む -> む→る -> る→む -> む→る -> る→げ -> げ→る -> る→ゆ -> ゆ→る -> る→ゆ -> ゆ→る -> る→つ -> つ→る -> る→つ -> つ→る -> る→つ
greedy vs alpha_beta,greedy,alpha_beta,D50000_seed0_greedy_vs_alpha_beta_0,50000,0,second,ended_with_n,38,second,alpha_beta,つ,1967,28,63,6,5,,,つ,る,る,0.154782,False,1902.0,4,4,True,455,20,ず→ず -> ず→る -> る→る -> る→る -> る→る -> る→る -> る→ぽ -> ぽ→る -> る→ぷ -> ぷ→る -> る→ぷ -> ぷ→る -> る→べ -> べ→る -> る→ぐ -> ぐ→る -> る→び -> び→る -> る→ね -> ね→る -> る→む -> む→る -> る→む -> む→る -> る→む -> む→る -> る→げ -> げ→る -> る→ゆ -> ゆ→る -> る→ゆ -> ゆ→る -> る→つ -> つ→る -> る→つ -> つ→る -> る→つ -> つ→る
greedy vs alpha_beta,greedy,alpha_beta,D50000_seed0_greedy_vs_alpha_beta_0,50000,0,second,ended_with_n,39,first,greedy,る,4312,63,28,2,1,,,る,つ,つ,2.5e-05,False,-10741.0,,,,,18,ず→ず -> ず→る -> る→る -> る→る -> る→る -> る→る -> る→ぽ -> ぽ→る -> る→ぷ -> ぷ→る -> る→ぷ -> ぷ→る -> る→べ -> べ→る -> る→ぐ -> ぐ→る -> る→び -> び→る -> る→ね -> ね→る -> る→む -> む→る -> る→む -> む→る -> る→む -> む→る -> る→げ -> げ→る -> る→ゆ -> ゆ→る -> る→ゆ -> ゆ→る -> る→つ -> つ→る -> る→つ -> つ→る -> る→つ -> つ→る -> る→つ
greedy vs alpha_beta,greedy,alpha_beta,D50000_seed0_greedy_vs_alpha_beta_0,50000,0,second,ended_with_n,40,second,alpha_beta,つ,1967,28,63,5,4,,,つ,る,る,0.157592,False,1902.0,4,4,True,472,20,ず→ず -> ず→る -> る→る -> る→る -> る→る -> る→る -> る→ぽ -> ぽ→る -> る→ぷ -> ぷ→る -> る→ぷ -> ぷ→る -> る→べ -> べ→る -> る→ぐ -> ぐ→る -> る→び -> び→る -> る→ね -> ね→る -> る→む -> む→る -> る→む -> む→る -> る→む -> む→る -> る→げ -> げ→る -> る→ゆ -> ゆ→る -> る→ゆ -> ゆ→る -> る→つ -> つ→る -> る→つ -> つ→る -> る→つ -> つ→る -> る→つ -> つ→る
greedy vs alpha_beta,greedy,alpha_beta,D50000_seed0_greedy_vs_alpha_beta_0,50000,0,second,ended_with_n,41,first,greedy,る,4312,63,28,1,0,,,る,つ,つ,2.5e-05,False,-10718.0,,,,,18,ず→ず -> ず→る -> る→る -> る→る -> る→る -> る→る -> る→ぽ -> ぽ→る -> る→ぷ -> ぷ→る -> る→ぷ -> ぷ→る -> る→べ -> べ→る -> る→ぐ -> ぐ→る -> る→び -> び→る -> る→ね -> ね→る -> る→む -> む→る -> る→む -> む→る -> る→む -> む→る -> る→げ -> げ→る -> る→ゆ -> ゆ→る -> る→ゆ -> ゆ→る -> る→つ -> つ→る -> る→つ -> つ→る -> る→つ -> つ→る -> る→つ -> つ→る -> る→つ
greedy vs alpha_beta,greedy,alpha_beta,D50000_seed0_greedy_vs_alpha_beta_0,50000,0,second,ended_with_n,42,second,alpha_beta,つ,1967,28,63,4,3,,,つ,る,る,0.149976,False,2104.0,4,4,True,453,20,ず→ず -> ず→る -> る→る -> る→る -> る→る -> る→る -> る→ぽ -> ぽ→る -> る→ぷ -> ぷ→る -> る→ぷ -> ぷ→る -> る→べ -> べ→る -> る→ぐ -> ぐ→る -> る→び -> び→る -> る→ね -> ね→る -> る→む -> む→る -> る→む -> む→る -> る→む -> む→る -> る→げ -> げ→る -> る→ゆ -> ゆ→る -> る→ゆ -> ゆ→る -> る→つ -> つ→る -> る→つ -> つ→る -> る→つ -> つ→る -> る→つ -> つ→る -> る→つ -> つ→る
greedy vs alpha_beta,greedy,alpha_beta,D50000_seed0_greedy_vs_alpha_beta_0,50000,0,second,ended_with_n,43,first,greedy,る,4344,63,60,2,1,,,る,よ,よ,2.3e-05,False,-11887.5,,,,,17,ず→ず -> ず→る -> る→る -> る→る -> る→る -> る→る -> る→ぽ -> ぽ→る -> る→ぷ -> ぷ→る -> る→ぷ -> ぷ→る -> る→べ -> べ→る -> る→ぐ -> ぐ→る -> る→び -> び→る -> る→ね -> ね→る -> る→む -> む→る -> る→む -> む→る -> る→む -> む→る -> る→げ -> げ→る -> る→ゆ -> ゆ→る -> る→ゆ -> ゆ→る -> る→つ -> つ→る -> る→つ -> つ→る -> る→つ -> つ→る -> る→つ -> つ→る -> る→つ -> つ→る -> る→よ
greedy vs alpha_beta,greedy,alpha_beta,D50000_seed0_greedy_vs_alpha_beta_0,50000,0,second,ended_with_n,44,second,alpha_beta,よ,4143,60,63,3,2,,,よ,る,る,0.151692,False,2104.0,4,4,True,474,20,ず→ず -> ず→る -> る→る -> る→る -> る→る -> る→る -> る→ぽ -> ぽ→る -> る→ぷ -> ぷ→る -> る→ぷ -> ぷ→る -> る→べ -> べ→る -> る→ぐ -> ぐ→る -> る→び -> び→る -> る→ね -> ね→る -> る→む -> む→る -> る→む -> む→る -> る→む -> む→る -> る→げ -> げ→る -> る→ゆ -> ゆ→る -> る→ゆ -> ゆ→る -> る→つ -> つ→る -> る→つ -> つ→る -> る→つ -> つ→る -> る→つ -> つ→る -> る→つ -> つ→る -> る→よ -> よ→る
greedy vs alpha_beta,greedy,alpha_beta,D50000_seed0_greedy_vs_alpha_beta_0,50000,0,second,ended_with_n,45,first,greedy,る,4344,63,60,1,0,,,る,よ,よ,2.4e-05,False,-11864.5,,,,,17,ず→ず -> ず→る -> る→る -> る→る -> る→る -> る→る -> る→ぽ -> ぽ→る -> る→ぷ -> ぷ→る -> る→ぷ -> ぷ→る -> る→べ -> べ→る -> る→ぐ -> ぐ→る -> る→び -> び→る -> る→ね -> ね→る -> る→む -> む→る -> る→む -> む→る -> る→む -> む→る -> る→げ -> げ→る -> る→ゆ -> ゆ→る -> る→ゆ -> ゆ→る -> る→つ -> つ→る -> る→つ -> つ→る -> る→つ -> つ→る -> る→つ -> つ→る -> る→つ -> つ→る -> る→よ -> よ→る -> る→よ
greedy vs alpha_beta,greedy,alpha_beta,D50000_seed0_greedy_vs_alpha_beta_0,50000,0,second,ended_with_n,46,second,alpha_beta,よ,4143,60,63,2,1,,,よ,る,る,0.142582,False,3252.0,4,4,True,457,20,ず→ず -> ず→る -> る→る -> る→る -> る→る -> る→る -> る→ぽ -> ぽ→る -> る→ぷ -> ぷ→る -> る→ぷ -> ぷ→る -> る→べ -> べ→る -> る→ぐ -> ぐ→る -> る→び -> び→る -> る→ね -> ね→る -> る→む -> む→る -> る→む -> む→る -> る→む -> む→る -> る→げ -> げ→る -> る→ゆ -> ゆ→る -> る→ゆ -> ゆ→る -> る→つ -> つ→る -> る→つ -> つ→る -> る→つ -> つ→る -> る→つ -> つ→る -> る→つ -> つ→る -> る→よ -> よ→る -> る→よ -> よ→る
greedy vs alpha_beta,greedy,alpha_beta,D50000_seed0_greedy_vs_alpha_beta_0,50000,0,second,ended_with_n,47,first,greedy,る,4317,63,33,2,1,,,る,な,な,2.2e-05,False,-15005.5,,,,,16,ず→ず -> ず→る -> る→る -> る→る -> る→る -> る→る -> る→ぽ -> ぽ→る -> る→ぷ -> ぷ→る -> る→ぷ -> ぷ→る -> る→べ -> べ→る -> る→ぐ -> ぐ→る -> る→び -> び→る -> る→ね -> ね→る -> る→む -> む→る -> る→む -> む→る -> る→む -> む→る -> る→げ -> げ→る -> る→ゆ -> ゆ→る -> る→ゆ -> ゆ→る -> る→つ -> つ→る -> る→つ -> つ→る -> る→つ -> つ→る -> る→つ -> つ→る -> る→つ -> つ→る -> る→よ -> よ→る -> る→よ -> よ→る -> る→な
greedy vs alpha_beta,greedy,alpha_beta,D50000_seed0_greedy_vs_alpha_beta_0,50000,0,second,ended_with_n,48,second,alpha_beta,な,2307,33,63,11,10,,,な,る,る,0.143814,False,3252.0,4,4,True,468,20,ず→ず -> ず→る -> る→る -> る→る -> る→る -> る→る -> る→ぽ -> ぽ→る -> る→ぷ -> ぷ→る -> る→ぷ -> ぷ→る -> る→べ -> べ→る -> る→ぐ -> ぐ→る -> る→び -> び→る -> る→ね -> ね→る -> る→む -> む→る -> る→む -> む→る -> る→む -> む→る -> る→げ -> げ→る -> る→ゆ -> ゆ→る -> る→ゆ -> ゆ→る -> る→つ -> つ→る -> る→つ -> つ→る -> る→つ -> つ→る -> る→つ -> つ→る -> る→つ -> つ→る -> る→よ -> よ→る -> る→よ -> よ→る -> る→な -> な→る
greedy vs alpha_beta,greedy,alpha_beta,D50000_seed0_greedy_vs_alpha_beta_0,50000,0,second,ended_with_n,49,first,greedy,る,4317,63,33,1,0,,,る,な,な,2.2e-05,False,-14982.5,,,,,16,ず→ず -> ず→る -> る→る -> る→る -> る→る -> る→る -> る→ぽ -> ぽ→る -> る→ぷ -> ぷ→る -> る→ぷ -> ぷ→る -> る→べ -> べ→る -> る→ぐ -> ぐ→る -> る→び -> び→る -> る→ね -> ね→る -> る→む -> む→る -> る→む -> む→る -> る→む -> む→る -> る→げ -> げ→る -> る→ゆ -> ゆ→る -> る→ゆ -> ゆ→る -> る→つ -> つ→る -> る→つ -> つ→る -> る→つ -> つ→る -> る→つ -> つ→る -> る→つ -> つ→る -> る→よ -> よ→る -> る→よ -> よ→る -> る→な -> な→る -> る→な
greedy vs alpha_beta,greedy,alpha_beta,D50000_seed0_greedy_vs_alpha_beta_0,50000,0,second,ended_with_n,50,second,alpha_beta,な,2307,33,63,10,9,,,な,る,る,0.14826,False,3552.0,4,4,True,476,20,ず→ず -> ず→る -> る→る -> る→る -> る→る -> る→る -> る→ぽ -> ぽ→る -> る→ぷ -> ぷ→る -> る→ぷ -> ぷ→る -> る→べ -> べ→る -> る→ぐ -> ぐ→る -> る→び -> び→る -> る→ね -> ね→る -> る→む -> む→る -> る→む -> む→る -> る→む -> む→る -> る→げ -> げ→る -> る→ゆ -> ゆ→る -> る→ゆ -> ゆ→る -> る→つ -> つ→る -> る→つ -> つ→る -> る→つ -> つ→る -> る→つ -> つ→る -> る→つ -> つ→る -> る→よ -> よ→る -> る→よ -> よ→る -> る→な -> な→る -> る→な -> な→る
greedy vs alpha_beta,greedy,alpha_beta,D50000_seed0_greedy_vs_alpha_beta_0,50000,0,second,ended_with_n,51,first,greedy,る,4286,63,2,14,13,,,る,う,う,2e-05,False,-16050.5,,,,,15,ず→ず -> ず→る -> る→る -> る→る -> る→る -> る→る -> る→ぽ -> ぽ→る -> る→ぷ -> ぷ→る -> る→ぷ -> ぷ→る -> る→べ -> べ→る -> る→ぐ -> ぐ→る -> る→び -> び→る -> る→ね -> ね→る -> る→む -> む→る -> る→む -> む→る -> る→む -> む→る -> る→げ -> げ→る -> る→ゆ -> ゆ→る -> る→ゆ -> ゆ→る -> る→つ -> つ→る -> る→つ -> つ→る -> る→つ -> つ→る -> る→つ -> つ→る -> る→つ -> つ→る -> る→よ -> よ→る -> る→よ -> よ→る -> る→な -> な→る -> る→な -> な→る -> る→う
greedy vs alpha_beta,greedy,alpha_beta,D50000_seed0_greedy_vs_alpha_beta_0,50000,0,second,ended_with_n,52,second,alpha_beta,う,199,2,63,10,9,,,う,る,る,0.149775,False,3544.0,4,4,True,470,20,ず→ず -> ず→る -> る→る -> る→る -> る→る -> る→る -> る→ぽ -> ぽ→る -> る→ぷ -> ぷ→る -> る→ぷ -> ぷ→る -> る→べ -> べ→る -> る→ぐ -> ぐ→る -> る→び -> び→る -> る→ね -> ね→る -> る→む -> む→る -> る→む -> む→る -> る→む -> む→る -> る→げ -> げ→る -> る→ゆ -> ゆ→る -> る→ゆ -> ゆ→る -> る→つ -> つ→る -> る→つ -> つ→る -> る→つ -> つ→る -> る→つ -> つ→る -> る→つ -> つ→る -> る→よ -> よ→る -> る→よ -> よ→る -> る→な -> な→る -> る→な -> な→る -> る→う -> う→る
greedy vs alpha_beta,greedy,alpha_beta,D50000_seed0_greedy_vs_alpha_beta_0,50000,0,second,ended_with_n,53,first,greedy,る,4286,63,2,13,12,,,る,う,う,2.1e-05,False,-16027.5,,,,,15,ず→ず -> ず→る -> る→る -> る→る -> る→る -> る→る -> る→ぽ -> ぽ→る -> る→ぷ -> ぷ→る -> る→ぷ -> ぷ→る -> る→べ -> べ→る -> る→ぐ -> ぐ→る -> る→び -> び→る -> る→ね -> ね→る -> る→む -> む→る -> る→む -> む→る -> る→む -> む→る -> る→げ -> げ→る -> る→ゆ -> ゆ→る -> る→ゆ -> ゆ→る -> る→つ -> つ→る -> る→つ -> つ→る -> る→つ -> つ→る -> る→つ -> つ→る -> る→つ -> つ→る -> る→よ -> よ→る -> る→よ -> よ→る -> る→な -> な→る -> る→な -> な→る -> る→う -> う→る -> る→う
greedy vs alpha_beta,greedy,alpha_beta,D50000_seed0_greedy_vs_alpha_beta_0,50000,0,second,ended_with_n,54,second,alpha_beta,う,199,2,63,9,8,,,う,る,る,0.148915,False,3536.0,4,4,True,462,20,ず→ず -> ず→る -> る→る -> る→る -> る→る -> る→る -> る→ぽ -> ぽ→る -> る→ぷ -> ぷ→る -> る→ぷ -> ぷ→る -> る→べ -> べ→る -> る→ぐ -> ぐ→る -> る→び -> び→る -> る→ね -> ね→る -> る→む -> む→る -> る→む -> む→る -> る→む -> む→る -> る→げ -> げ→る -> る→ゆ -> ゆ→る -> る→ゆ -> ゆ→る -> る→つ -> つ→る -> る→つ -> つ→る -> る→つ -> つ→る -> る→つ -> つ→る -> る→つ -> つ→る -> る→よ -> よ→る -> る→よ -> よ→る -> る→な -> な→る -> る→な -> な→る -> る→う -> う→る -> る→う -> う→る
greedy vs alpha_beta,greedy,alpha_beta,D50000_seed0_greedy_vs_alpha_beta_0,50000,0,second,ended_with_n,55,first,greedy,る,4286,63,2,12,11,,,る,う,う,2.1e-05,False,-16004.5,,,,,15,ず→ず -> ず→る -> る→る -> る→る -> る→る -> る→る -> る→ぽ -> ぽ→る -> る→ぷ -> ぷ→る -> る→ぷ -> ぷ→る -> る→べ -> べ→る -> る→ぐ -> ぐ→る -> る→び -> び→る -> る→ね -> ね→る -> る→む -> む→る -> る→む -> む→る -> る→む -> む→る -> る→げ -> げ→る -> る→ゆ -> ゆ→る -> る→ゆ -> ゆ→る -> る→つ -> つ→る -> る→つ -> つ→る -> る→つ -> つ→る -> る→つ -> つ→る -> る→つ -> つ→る -> る→よ -> よ→る -> る→よ -> よ→る -> る→な -> な→る -> る→な -> な→る -> る→う -> う→る -> る→う -> う→る -> る→う
greedy vs alpha_beta,greedy,alpha_beta,D50000_seed0_greedy_vs_alpha_beta_0,50000,0,second,ended_with_n,56,second,alpha_beta,う,199,2,63,8,7,,,う,る,る,0.147978,False,3528.0,4,4,True,461,20,ず→ず -> ず→る -> る→る -> る→る -> る→る -> る→る -> る→ぽ -> ぽ→る -> る→ぷ -> ぷ→る -> る→ぷ -> ぷ→る -> る→べ -> べ→る -> る→ぐ -> ぐ→る -> る→び -> び→る -> る→ね -> ね→る -> る→む -> む→る -> る→む -> む→る -> る→む -> む→る -> る→げ -> げ→る -> る→ゆ -> ゆ→る -> る→ゆ -> ゆ→る -> る→つ -> つ→る -> る→つ -> つ→る -> る→つ -> つ→る -> る→つ -> つ→る -> る→つ -> つ→る -> る→よ -> よ→る -> る→よ -> よ→る -> る→な -> な→る -> る→な -> な→る -> る→う -> う→る -> る→う -> う→る -> る→う -> う→る
greedy vs alpha_beta,greedy,alpha_beta,D50000_seed0_greedy_vs_alpha_beta_0,50000,0,second,ended_with_n,57,first,greedy,る,4286,63,2,11,10,,,る,う,う,2.1e-05,False,-15981.5,,,,,15,ず→ず -> ず→る -> る→る -> る→る -> る→る -> る→る -> る→ぽ -> ぽ→る -> る→ぷ -> ぷ→る -> る→ぷ -> ぷ→る -> る→べ -> べ→る -> る→ぐ -> ぐ→る -> る→び -> び→る -> る→ね -> ね→る -> る→む -> む→る -> る→む -> む→る -> る→む -> む→る -> る→げ -> げ→る -> る→ゆ -> ゆ→る -> る→ゆ -> ゆ→る -> る→つ -> つ→る -> る→つ -> つ→る -> る→つ -> つ→る -> る→つ -> つ→る -> る→つ -> つ→る -> る→よ -> よ→る -> る→よ -> よ→る -> る→な -> な→る -> る→な -> な→る -> る→う -> う→る -> る→う -> う→る -> る→う -> う→る -> る→う
greedy vs alpha_beta,greedy,alpha_beta,D50000_seed0_greedy_vs_alpha_beta_0,50000,0,second,ended_with_n,58,second,alpha_beta,う,199,2,63,7,6,,,う,る,る,0.147079,False,3520.0,4,4,True,461,20,ず→ず -> ず→る -> る→る -> る→る -> る→る -> る→る -> る→ぽ -> ぽ→る -> る→ぷ -> ぷ→る -> る→ぷ -> ぷ→る -> る→べ -> べ→る -> る→ぐ -> ぐ→る -> る→び -> び→る -> る→ね -> ね→る -> る→む -> む→る -> る→む -> む→る -> る→む -> む→る -> る→げ -> げ→る -> る→ゆ -> ゆ→る -> る→ゆ -> ゆ→る -> る→つ -> つ→る -> る→つ -> つ→る -> る→つ -> つ→る -> る→つ -> つ→る -> る→つ -> つ→る -> る→よ -> よ→る -> る→よ -> よ→る -> る→な -> な→る -> る→な -> な→る -> る→う -> う→る -> る→う -> う→る -> る→う -> う→る -> る→う -> う→る
greedy vs alpha_beta,greedy,alpha_beta,D50000_seed0_greedy_vs_alpha_beta_0,50000,0,second,ended_with_n,59,first,greedy,る,4286,63,2,10,9,,,る,う,う,2e-05,False,-15958.5,,,,,15,ず→ず -> ず→る -> る→る -> る→る -> る→る -> る→る -> る→ぽ -> ぽ→る -> る→ぷ -> ぷ→る -> る→ぷ -> ぷ→る -> る→べ -> べ→る -> る→ぐ -> ぐ→る -> る→び -> び→る -> る→ね -> ね→る -> る→む -> む→る -> る→む -> む→る -> る→む -> む→る -> る→げ -> げ→る -> る→ゆ -> ゆ→る -> る→ゆ -> ゆ→る -> る→つ -> つ→る -> る→つ -> つ→る -> る→つ -> つ→る -> る→つ -> つ→る -> る→つ -> つ→る -> る→よ -> よ→る -> る→よ -> よ→る -> る→な -> な→る -> る→な -> な→る -> る→う -> う→る -> る→う -> う→る -> る→う -> う→る -> る→う -> う→る -> る→う
greedy vs alpha_beta,greedy,alpha_beta,D50000_seed0_greedy_vs_alpha_beta_0,50000,0,second,ended_with_n,60,second,alpha_beta,う,199,2,63,6,5,,,う,る,る,0.1485,False,3512.0,4,4,True,461,20,ず→ず -> ず→る -> る→る -> る→る -> る→る -> る→る -> る→ぽ -> ぽ→る -> る→ぷ -> ぷ→る -> る→ぷ -> ぷ→る -> る→べ -> べ→る -> る→ぐ -> ぐ→る -> る→び -> び→る -> る→ね -> ね→る -> る→む -> む→る -> る→む -> む→る -> る→む -> む→る -> る→げ -> げ→る -> る→ゆ -> ゆ→る -> る→ゆ -> ゆ→る -> る→つ -> つ→る -> る→つ -> つ→る -> る→つ -> つ→る -> る→つ -> つ→る -> る→つ -> つ→る -> る→よ -> よ→る -> る→よ -> よ→る -> る→な -> な→る -> る→な -> な→る -> る→う -> う→る -> る→う -> う→る -> る→う -> う→る -> る→う -> う→る -> る→う -> う→る
greedy vs alpha_beta,greedy,alpha_beta,D50000_seed0_greedy_vs_alpha_beta_0,50000,0,second,ended_with_n,61,first,greedy,る,4286,63,2,9,8,,,る,う,う,2.3e-05,False,-15935.5,,,,,15,ず→ず -> ず→る -> る→る -> る→る -> る→る -> る→る -> る→ぽ -> ぽ→る -> る→ぷ -> ぷ→る -> る→ぷ -> ぷ→る -> る→べ -> べ→る -> る→ぐ -> ぐ→る -> る→び -> び→る -> る→ね -> ね→る -> る→む -> む→る -> る→む -> む→る -> る→む -> む→る -> る→げ -> げ→る -> る→ゆ -> ゆ→る -> る→ゆ -> ゆ→る -> る→つ -> つ→る -> る→つ -> つ→る -> る→つ -> つ→る -> る→つ -> つ→る -> る→つ -> つ→る -> る→よ -> よ→る -> る→よ -> よ→る -> る→な -> な→る -> る→な -> な→る -> る→う -> う→る -> る→う -> う→る -> る→う -> う→る -> る→う -> う→る -> る→う -> う→る -> る→う
greedy vs alpha_beta,greedy,alpha_beta,D50000_seed0_greedy_vs_alpha_beta_0,50000,0,second,ended_with_n,62,second,alpha_beta,う,199,2,63,5,4,,,う,る,る,0.147221,False,3504.0,4,4,True,461,20,ず→ず -> ず→る -> る→る -> る→る -> る→る -> る→る -> る→ぽ -> ぽ→る -> る→ぷ -> ぷ→る -> る→ぷ -> ぷ→る -> る→べ -> べ→る -> る→ぐ -> ぐ→る -> る→び -> び→る -> る→ね -> ね→る -> る→む -> む→る -> る→む -> む→る -> る→む -> む→る -> る→げ -> げ→る -> る→ゆ -> ゆ→る -> る→ゆ -> ゆ→る -> る→つ -> つ→る -> る→つ -> つ→る -> る→つ -> つ→る -> る→つ -> つ→る -> る→つ -> つ→る -> る→よ -> よ→る -> る→よ -> よ→る -> る→な -> な→る -> る→な -> な→る -> る→う -> う→る -> る→う -> う→る -> る→う -> う→る -> る→う -> う→る -> る→う -> う→る -> る→う -> う→る
greedy vs alpha_beta,greedy,alpha_beta,D50000_seed0_greedy_vs_alpha_beta_0,50000,0,second,ended_with_n,63,first,greedy,る,4286,63,2,8,7,,,る,う,う,2e-05,False,-15912.5,,,,,15,ず→ず -> ず→る -> る→る -> る→る -> る→る -> る→る -> る→ぽ -> ぽ→る -> る→ぷ -> ぷ→る -> る→ぷ -> ぷ→る -> る→べ -> べ→る -> る→ぐ -> ぐ→る -> る→び -> び→る -> る→ね -> ね→る -> る→む -> む→る -> る→む -> む→る -> る→む -> む→る -> る→げ -> げ→る -> る→ゆ -> ゆ→る -> る→ゆ -> ゆ→る -> る→つ -> つ→る -> る→つ -> つ→る -> る→つ -> つ→る -> る→つ -> つ→る -> る→つ -> つ→る -> る→よ -> よ→る -> る→よ -> よ→る -> る→な -> な→る -> る→な -> な→る -> る→う -> う→る -> る→う -> う→る -> る→う -> う→る -> る→う -> う→る -> る→う -> う→る -> る→う -> う→る -> る→う
greedy vs alpha_beta,greedy,alpha_beta,D50000_seed0_greedy_vs_alpha_beta_0,50000,0,second,ended_with_n,64,second,alpha_beta,う,199,2,63,4,3,,,う,る,る,0.152527,False,3496.0,4,4,True,461,20,ず→ず -> ず→る -> る→る -> る→る -> る→る -> る→る -> る→ぽ -> ぽ→る -> る→ぷ -> ぷ→る -> る→ぷ -> ぷ→る -> る→べ -> べ→る -> る→ぐ -> ぐ→る -> る→び -> び→る -> る→ね -> ね→る -> る→む -> む→る -> る→む -> む→る -> る→む -> む→る -> る→げ -> げ→る -> る→ゆ -> ゆ→る -> る→ゆ -> ゆ→る -> る→つ -> つ→る -> る→つ -> つ→る -> る→つ -> つ→る -> る→つ -> つ→る -> る→つ -> つ→る -> る→よ -> よ→る -> る→よ -> よ→る -> る→な -> な→る -> る→な -> な→る -> る→う -> う→る -> る→う -> う→る -> る→う -> う→る -> る→う -> う→る -> る→う -> う→る -> る→う -> う→る -> る→う -> う→る
greedy vs alpha_beta,greedy,alpha_beta,D50000_seed0_greedy_vs_alpha_beta_0,50000,0,second,ended_with_n,65,first,greedy,る,4286,63,2,7,6,,,る,う,う,2.3e-05,False,-15889.5,,,,,15,ず→ず -> ず→る -> る→る -> る→る -> る→る -> る→る -> る→ぽ -> ぽ→る -> る→ぷ -> ぷ→る -> る→ぷ -> ぷ→る -> る→べ -> べ→る -> る→ぐ -> ぐ→る -> る→び -> び→る -> る→ね -> ね→る -> る→む -> む→る -> る→む -> む→る -> る→む -> む→る -> る→げ -> げ→る -> る→ゆ -> ゆ→る -> る→ゆ -> ゆ→る -> る→つ -> つ→る -> る→つ -> つ→る -> る→つ -> つ→る -> る→つ -> つ→る -> る→つ -> つ→る -> る→よ -> よ→る -> る→よ -> よ→る -> る→な -> な→る -> る→な -> な→る -> る→う -> う→る -> る→う -> う→る -> る→う -> う→る -> る→う -> う→る -> る→う -> う→る -> る→う -> う→る -> る→う -> う→る -> る→う
greedy vs alpha_beta,greedy,alpha_beta,D50000_seed0_greedy_vs_alpha_beta_0,50000,0,second,ended_with_n,66,second,alpha_beta,う,199,2,63,3,2,,,う,る,る,0.14844,False,3488.0,4,4,True,461,20,ず→ず -> ず→る -> る→る -> る→る -> る→る -> る→る -> る→ぽ -> ぽ→る -> る→ぷ -> ぷ→る -> る→ぷ -> ぷ→る -> る→べ -> べ→る -> る→ぐ -> ぐ→る -> る→び -> び→る -> る→ね -> ね→る -> る→む -> む→る -> る→む -> む→る -> る→む -> む→る -> る→げ -> げ→る -> る→ゆ -> ゆ→る -> る→ゆ -> ゆ→る -> る→つ -> つ→る -> る→つ -> つ→る -> る→つ -> つ→る -> る→つ -> つ→る -> る→つ -> つ→る -> る→よ -> よ→る -> る→よ -> よ→る -> る→な -> な→る -> る→な -> な→る -> る→う -> う→る -> る→う -> う→る -> る→う -> う→る -> る→う -> う→る -> る→う -> う→る -> る→う -> う→る -> る→う -> う→る -> る→う -> う→る
greedy vs alpha_beta,greedy,alpha_beta,D50000_seed0_greedy_vs_alpha_beta_0,50000,0,second,ended_with_n,67,first,greedy,る,4286,63,2,6,5,,,る,う,う,2.4e-05,False,-15866.5,,,,,15,ず→ず -> ず→る -> る→る -> る→る -> る→る -> る→る -> る→ぽ -> ぽ→る -> る→ぷ -> ぷ→る -> る→ぷ -> ぷ→る -> る→べ -> べ→る -> る→ぐ -> ぐ→る -> る→び -> び→る -> る→ね -> ね→る -> る→む -> む→る -> る→む -> む→る -> る→む -> む→る -> る→げ -> げ→る -> る→ゆ -> ゆ→る -> る→ゆ -> ゆ→る -> る→つ -> つ→る -> る→つ -> つ→る -> る→つ -> つ→る -> る→つ -> つ→る -> る→つ -> つ→る -> る→よ -> よ→る -> る→よ -> よ→る -> る→な -> な→る -> る→な -> な→る -> る→う -> う→る -> る→う -> う→る -> る→う -> う→る -> る→う -> う→る -> る→う -> う→る -> る→う -> う→る -> る→う -> う→る -> る→う -> う→る -> る→う
greedy vs alpha_beta,greedy,alpha_beta,D50000_seed0_greedy_vs_alpha_beta_0,50000,0,second,ended_with_n,68,second,alpha_beta,う,199,2,63,2,1,,,う,る,る,0.148725,False,3480.0,4,4,True,461,20,ず→ず -> ず→る -> る→る -> る→る -> る→る -> る→る -> る→ぽ -> ぽ→る -> る→ぷ -> ぷ→る -> る→ぷ -> ぷ→る -> る→べ -> べ→る -> る→ぐ -> ぐ→る -> る→び -> び→る -> る→ね -> ね→る -> る→む -> む→る -> る→む -> む→る -> る→む -> む→る -> る→げ -> げ→る -> る→ゆ -> ゆ→る -> る→ゆ -> ゆ→る -> る→つ -> つ→る -> る→つ -> つ→る -> る→つ -> つ→る -> る→つ -> つ→る -> る→つ -> つ→る -> る→よ -> よ→る -> る→よ -> よ→る -> る→な -> な→る -> る→な -> な→る -> る→う -> う→る -> る→う -> う→る -> る→う -> う→る -> る→う -> う→る -> る→う -> う→る -> る→う -> う→る -> る→う -> う→る -> る→う -> う→る -> る→う -> う→る
greedy vs alpha_beta,greedy,alpha_beta,D50000_seed0_greedy_vs_alpha_beta_0,50000,0,second,ended_with_n,69,first,greedy,る,4286,63,2,5,4,,,る,う,う,2.1e-05,False,-15843.5,,,,,15,ず→ず -> ず→る -> る→る -> る→る -> る→る -> る→る -> る→ぽ -> ぽ→る -> る→ぷ -> ぷ→る -> る→ぷ -> ぷ→る -> る→べ -> べ→る -> る→ぐ -> ぐ→る -> る→び -> び→る -> る→ね -> ね→る -> る→む -> む→る -> る→む -> む→る -> る→む -> む→る -> る→げ -> げ→る -> る→ゆ -> ゆ→る -> る→ゆ -> ゆ→る -> る→つ -> つ→る -> る→つ -> つ→る -> る→つ -> つ→る -> る→つ -> つ→る -> る→つ -> つ→る -> る→よ -> よ→る -> る→よ -> よ→る -> る→な -> な→る -> る→な -> な→る -> る→う -> う→る -> る→う -> う→る -> る→う -> う→る -> る→う -> う→る -> る→う -> う→る -> る→う -> う→る -> る→う -> う→る -> る→う -> う→る -> る→う -> う→る -> る→う
greedy vs alpha_beta,greedy,alpha_beta,D50000_seed0_greedy_vs_alpha_beta_0,50000,0,second,ended_with_n,70,second,alpha_beta,う,191,2,55,9,8,,,う,む,む,0.200006,True,320.0,4,3,True,546,17,ず→ず -> ず→る -> る→る -> る→る -> る→る -> る→る -> る→ぽ -> ぽ→る -> る→ぷ -> ぷ→る -> る→ぷ -> ぷ→る -> る→べ -> べ→る -> る→ぐ -> ぐ→る -> る→び -> び→る -> る→ね -> ね→る -> る→む -> む→る -> る→む -> む→る -> る→む -> む→る -> る→げ -> げ→る -> る→ゆ -> ゆ→る -> る→ゆ -> ゆ→る -> る→つ -> つ→る -> る→つ -> つ→る -> る→つ -> つ→る -> る→つ -> つ→る -> る→つ -> つ→る -> る→よ -> よ→る -> る→よ -> よ→る -> る→な -> な→る -> る→な -> な→る -> る→う -> う→る -> る→う -> う→る -> る→う -> う→る -> る→う -> う→る -> る→う -> う→る -> る→う -> う→る -> る→う -> う→る -> る→う -> う→る -> る→う -> う→る -> る→う -> う→む
greedy vs alpha_beta,greedy,alpha_beta,D50000_seed0_greedy_vs_alpha_beta_0,50000,0,second,ended_with_n,71,first,greedy,む,3760,55,20,1,0,,,む,ず,ず,7.2e-05,False,-1534.0,,,,,52,ず→ず -> ず→る -> る→る -> る→る -> る→る -> る→る -> る→ぽ -> ぽ→る -> る→ぷ -> ぷ→る -> る→ぷ -> ぷ→る -> る→べ -> べ→る -> る→ぐ -> ぐ→る -> る→び -> び→る -> る→ね -> ね→る -> る→む -> む→る -> る→む -> む→る -> る→む -> む→る -> る→げ -> げ→る -> る→ゆ -> ゆ→る -> る→ゆ -> ゆ→る -> る→つ -> つ→る -> る→つ -> つ→る -> る→つ -> つ→る -> る→つ -> つ→る -> る→つ -> つ→る -> る→よ -> よ→る -> る→よ -> よ→る -> る→な -> な→る -> る→な -> な→る -> る→う -> う→る -> る→う -> う→る -> る→う -> う→る -> る→う -> う→る -> る→う -> う→る -> る→う -> う→る -> る→う -> う→る -> る→う -> う→る -> る→う -> う→る -> る→う -> う→む -> む→ず
greedy vs alpha_beta,greedy,alpha_beta,D50000_seed0_greedy_vs_alpha_beta_0,50000,0,second,ended_with_n,72,second,alpha_beta,ず,1380,20,20,1,0,,,ず,ず,ず,0.043091,False,15329.5,3,3,True,37,20,ず→ず -> ず→る -> る→る -> る→る -> る→る -> る→る -> る→ぽ -> ぽ→る -> る→ぷ -> ぷ→る -> る→ぷ -> ぷ→る -> る→べ -> べ→る -> る→ぐ -> ぐ→る -> る→び -> び→る -> る→ね -> ね→る -> る→む -> む→る -> る→む -> む→る -> る→む -> む→る -> る→げ -> げ→る -> る→ゆ -> ゆ→る -> る→ゆ -> ゆ→る -> る→つ -> つ→る -> る→つ -> つ→る -> る→つ -> つ→る -> る→つ -> つ→る -> る→つ -> つ→る -> る→よ -> よ→る -> る→よ -> よ→る -> る→な -> な→る -> る→な -> な→る -> る→う -> う→る -> る→う -> う→る -> る→う -> う→る -> る→う -> う→る -> る→う -> う→る -> る→う -> う→る -> る→う -> う→る -> る→う -> う→る -> る→う -> う→る -> る→う -> う→む -> む→ず -> ず→ず
greedy vs alpha_beta,greedy,alpha_beta,D50000_seed0_greedy_vs_alpha_beta_0,50000,0,second,ended_with_n,73,first,greedy,ず,1406,20,46,1,0,,,ず,ぷ,ぷ,3.5e-05,False,-5709.0,,,,,25,ず→ず -> ず→る -> る→る -> る→る -> る→る -> る→る -> る→ぽ -> ぽ→る -> る→ぷ -> ぷ→る -> る→ぷ -> ぷ→る -> る→べ -> べ→る -> る→ぐ -> ぐ→る -> る→び -> び→る -> る→ね -> ね→る -> る→む -> む→る -> る→む -> む→る -> る→む -> む→る -> る→げ -> げ→る -> る→ゆ -> ゆ→る -> る→ゆ -> ゆ→る -> る→つ -> つ→る -> る→つ -> つ→る -> る→つ -> つ→る -> る→つ -> つ→る -> る→つ -> つ→る -> る→よ -> よ→る -> る→よ -> よ→る -> る→な -> な→る -> る→な -> な→る -> る→う -> う→る -> る→う -> う→る -> る→う -> う→る -> る→う -> う→る -> る→う -> う→る -> る→う -> う→る -> る→う -> う→る -> る→う -> う→る -> る→う -> う→る -> る→う -> う→む -> む→ず -> ず→ず -> ず→ぷ
greedy vs alpha_beta,greedy,alpha_beta,D50000_seed0_greedy_vs_alpha_beta_0,50000,0,second,ended_with_n,74,second,alpha_beta,ぷ,3191,46,63,20,19,,,ぷ,る,る,0.045841,False,15337.5,3,3,True,49,20,ず→ず -> ず→る -> る→る -> る→る -> る→る -> る→る -> る→ぽ -> ぽ→る -> る→ぷ -> ぷ→る -> る→ぷ -> ぷ→る -> る→べ -> べ→る -> る→ぐ -> ぐ→る -> る→び -> び→る -> る→ね -> ね→る -> る→む -> む→る -> る→む -> む→る -> る→む -> む→る -> る→げ -> げ→る -> る→ゆ -> ゆ→る -> る→ゆ -> ゆ→る -> る→つ -> つ→る -> る→つ -> つ→る -> る→つ -> つ→る -> る→つ -> つ→る -> る→つ -> つ→る -> る→よ -> よ→る -> る→よ -> よ→る -> る→な -> な→る -> る→な -> な→る -> る→う -> う→る -> る→う -> う→る -> る→う -> う→る -> る→う -> う→る -> る→う -> う→る -> る→う -> う→る -> る→う -> う→る -> る→う -> う→る -> る→う -> う→る -> る→う -> う→む -> む→ず -> ず→ず -> ず→ぷ -> ぷ→る
greedy vs alpha_beta,greedy,alpha_beta,D50000_seed0_greedy_vs_alpha_beta_0,50000,0,second,ended_with_n,75,first,greedy,る,4286,63,2,4,3,,,る,う,う,2.3e-05,False,-15820.5,,,,,15,ず→ず -> ず→る -> る→る -> る→る -> る→る -> る→る -> る→ぽ -> ぽ→る -> る→ぷ -> ぷ→る -> る→ぷ -> ぷ→る -> る→べ -> べ→る -> る→ぐ -> ぐ→る -> る→び -> び→る -> る→ね -> ね→る -> る→む -> む→る -> る→む -> む→る -> る→む -> む→る -> る→げ -> げ→る -> る→ゆ -> ゆ→る -> る→ゆ -> ゆ→る -> る→つ -> つ→る -> る→つ -> つ→る -> る→つ -> つ→る -> る→つ -> つ→る -> る→つ -> つ→る -> る→よ -> よ→る -> る→よ -> よ→る -> る→な -> な→る -> る→な -> な→る -> る→う -> う→る -> る→う -> う→る -> る→う -> う→る -> る→う -> う→る -> る→う -> う→る -> る→う -> う→る -> る→う -> う→る -> る→う -> う→る -> る→う -> う→る -> る→う -> う→む -> む→ず -> ず→ず -> ず→ぷ -> ぷ→る -> る→う
greedy vs alpha_beta,greedy,alpha_beta,D50000_seed0_greedy_vs_alpha_beta_0,50000,0,second,ended_with_n,76,second,alpha_beta,う,156,2,20,6,5,,,う,ず,ず,0.045361,False,15314.5,3,4,True,41,20,ず→ず -> ず→る -> る→る -> る→る -> る→る -> る→る -> る→ぽ -> ぽ→る -> る→ぷ -> ぷ→る -> る→ぷ -> ぷ→る -> る→べ -> べ→る -> る→ぐ -> ぐ→る -> る→び -> び→る -> る→ね -> ね→る -> る→む -> む→る -> る→む -> む→る -> る→む -> む→る -> る→げ -> げ→る -> る→ゆ -> ゆ→る -> る→ゆ -> ゆ→る -> る→つ -> つ→る -> る→つ -> つ→る -> る→つ -> つ→る -> る→つ -> つ→る -> る→つ -> つ→る -> る→よ -> よ→る -> る→よ -> よ→る -> る→な -> な→る -> る→な -> な→る -> る→う -> う→る -> る→う -> う→る -> る→う -> う→る -> る→う -> う→る -> る→う -> う→る -> る→う -> う→る -> る→う -> う→る -> る→う -> う→る -> る→う -> う→る -> る→う -> う→む -> む→ず -> ず→ず -> ず→ぷ -> ぷ→る -> る→う -> う→ず
greedy vs alpha_beta,greedy,alpha_beta,D50000_seed0_greedy_vs_alpha_beta_0,50000,0,second,ended_with_n,77,first,greedy,ず,1415,20,55,2,1,,,ず,む,む,3.5e-05,False,-8037.0,,,,,24,ず→ず -> ず→る -> る→る -> る→る -> る→る -> る→る -> る→ぽ -> ぽ→る -> る→ぷ -> ぷ→る -> る→ぷ -> ぷ→る -> る→べ -> べ→る -> る→ぐ -> ぐ→る -> る→び -> び→る -> る→ね -> ね→る -> る→む -> む→る -> る→む -> む→る -> る→む -> む→る -> る→げ -> げ→る -> る→ゆ -> ゆ→る -> る→ゆ -> ゆ→る -> る→つ -> つ→る -> る→つ -> つ→る -> る→つ -> つ→る -> る→つ -> つ→る -> る→つ -> つ→る -> る→よ -> よ→る -> る→よ -> よ→る -> る→な -> な→る -> る→な -> な→る -> る→う -> う→る -> る→う -> う→る -> る→う -> う→る -> る→う -> う→る -> る→う -> う→る -> る→う -> う→る -> る→う -> う→る -> る→う -> う→る -> る→う -> う→る -> る→う -> う→む -> む→ず -> ず→ず -> ず→ぷ -> ぷ→る -> る→う -> う→ず -> ず→む
greedy vs alpha_beta,greedy,alpha_beta,D50000_seed0_greedy_vs_alpha_beta_0,50000,0,second,ended_with_n,78,second,alpha_beta,む,3803,55,63,1,0,,,む,る,る,0.105029,False,3533.0,4,4,True,424,20,ず→ず -> ず→る -> る→る -> る→る -> る→る -> る→る -> る→ぽ -> ぽ→る -> る→ぷ -> ぷ→る -> る→ぷ -> ぷ→る -> る→べ -> べ→る -> る→ぐ -> ぐ→る -> る→び -> び→る -> る→ね -> ね→る -> る→む -> む→る -> る→む -> む→る -> る→む -> む→る -> る→げ -> げ→る -> る→ゆ -> ゆ→る -> る→ゆ -> ゆ→る -> る→つ -> つ→る -> る→つ -> つ→る -> る→つ -> つ→る -> る→つ -> つ→る -> る→つ -> つ→る -> る→よ -> よ→る -> る→よ -> よ→る -> る→な -> な→る -> る→な -> な→る -> る→う -> う→る -> る→う -> う→る -> る→う -> う→る -> る→う -> う→る -> る→う -> う→る -> る→う -> う→る -> る→う -> う→る -> る→う -> う→る -> る→う -> う→る -> る→う -> う→む -> む→ず -> ず→ず -> ず→ぷ -> ぷ→る -> る→う -> う→ず -> ず→む -> む→る
greedy vs alpha_beta,greedy,alpha_beta,D50000_seed0_greedy_vs_alpha_beta_0,50000,0,second,ended_with_n,79,first,greedy,る,4286,63,2,3,2,,,る,う,う,2.3e-05,False,-15797.5,,,,,15,ず→ず -> ず→る -> る→る -> る→る -> る→る -> る→る -> る→ぽ -> ぽ→る -> る→ぷ -> ぷ→る -> る→ぷ -> ぷ→る -> る→べ -> べ→る -> る→ぐ -> ぐ→る -> る→び -> び→る -> る→ね -> ね→る -> る→む -> む→る -> る→む -> む→る -> る→む -> む→る -> る→げ -> げ→る -> る→ゆ -> ゆ→る -> る→ゆ -> ゆ→る -> る→つ -> つ→る -> る→つ -> つ→る -> る→つ -> つ→る -> る→つ -> つ→る -> る→つ -> つ→る -> る→よ -> よ→る -> る→よ -> よ→る -> る→な -> な→る -> る→な -> な→る -> る→う -> う→る -> る→う -> う→る -> る→う -> う→る -> る→う -> う→る -> る→う -> う→る -> る→う -> う→る -> る→う -> う→る -> る→う -> う→る -> る→う -> う→る -> る→う -> う→む -> む→ず -> ず→ず -> ず→ぷ -> ぷ→る -> る→う -> う→ず -> ず→む -> む→る -> る→う
greedy vs alpha_beta,greedy,alpha_beta,D50000_seed0_greedy_vs_alpha_beta_0,50000,0,second,ended_with_n,80,second,alpha_beta,う,199,2,63,1,0,,,う,る,る,0.200007,True,-501.0,4,3,True,222,7,ず→ず -> ず→る -> る→る -> る→る -> る→る -> る→る -> る→ぽ -> ぽ→る -> る→ぷ -> ぷ→る -> る→ぷ -> ぷ→る -> る→べ -> べ→る -> る→ぐ -> ぐ→る -> る→び -> び→る -> る→ね -> ね→る -> る→む -> む→る -> る→む -> む→る -> る→む -> む→る -> る→げ -> げ→る -> る→ゆ -> ゆ→る -> る→ゆ -> ゆ→る -> る→つ -> つ→る -> る→つ -> つ→る -> る→つ -> つ→る -> る→つ -> つ→る -> る→つ -> つ→る -> る→よ -> よ→る -> る→よ -> よ→る -> る→な -> な→る -> る→な -> な→る -> る→う -> う→る -> る→う -> う→る -> る→う -> う→る -> る→う -> う→る -> る→う -> う→る -> る→う -> う→る -> る→う -> う→る -> る→う -> う→る -> る→う -> う→る -> る→う -> う→む -> む→ず -> ず→ず -> ず→ぷ -> ぷ→る -> る→う -> う→ず -> ず→む -> む→る -> る→う -> う→る
greedy vs alpha_beta,greedy,alpha_beta,D50000_seed0_greedy_vs_alpha_beta_0,50000,0,second,ended_with_n,81,first,greedy,る,4286,63,2,2,1,,,る,う,う,2.3e-05,False,-15774.5,,,,,15,ず→ず -> ず→る -> る→る -> る→る -> る→る -> る→る -> る→ぽ -> ぽ→る -> る→ぷ -> ぷ→る -> る→ぷ -> ぷ→る -> る→べ -> べ→る -> る→ぐ -> ぐ→る -> る→び -> び→る -> る→ね -> ね→る -> る→む -> む→る -> る→む -> む→る -> る→む -> む→る -> る→げ -> げ→る -> る→ゆ -> ゆ→る -> る→ゆ -> ゆ→る -> る→つ -> つ→る -> る→つ -> つ→る -> る→つ -> つ→る -> る→つ -> つ→る -> る→つ -> つ→る -> る→よ -> よ→る -> る→よ -> よ→る -> る→な -> な→る -> る→な -> な→る -> る→う -> う→る -> る→う -> う→る -> る→う -> う→る -> る→う -> う→る -> る→う -> う→る -> る→う -> う→る -> る→う -> う→る -> る→う -> う→る -> る→う -> う→る -> る→う -> う→む -> む→ず -> ず→ず -> ず→ぷ -> ぷ→る -> る→う -> う→ず -> ず→む -> む→る -> る→う -> う→る -> る→う
greedy vs alpha_beta,greedy,alpha_beta,D50000_seed0_greedy_vs_alpha_beta_0,50000,0,second,ended_with_n,82,second,alpha_beta,う,160,2,24,1,0,,,う,ぞ,ぞ,0.076341,False,7606.0,3,3,True,67,20,ず→ず -> ず→る -> る→る -> る→る -> る→る -> る→る -> る→ぽ -> ぽ→る -> る→ぷ -> ぷ→る -> る→ぷ -> ぷ→る -> る→べ -> べ→る -> る→ぐ -> ぐ→る -> る→び -> び→る -> る→ね -> ね→る -> る→む -> む→る -> る→む -> む→る -> る→む -> む→る -> る→げ -> げ→る -> る→ゆ -> ゆ→る -> る→ゆ -> ゆ→る -> る→つ -> つ→る -> る→つ -> つ→る -> る→つ -> つ→る -> る→つ -> つ→る -> る→つ -> つ→る -> る→よ -> よ→る -> る→よ -> よ→る -> る→な -> な→る -> る→な -> な→る -> る→う -> う→る -> る→う -> う→る -> る→う -> う→る -> る→う -> う→る -> る→う -> う→る -> る→う -> う→る -> る→う -> う→る -> る→う -> う→る -> る→う -> う→る -> る→う -> う→む -> む→ず -> ず→ず -> ず→ぷ -> ぷ→る -> る→う -> う→ず -> ず→む -> む→る -> る→う -> う→る -> る→う -> う→ぞ
greedy vs alpha_beta,greedy,alpha_beta,D50000_seed0_greedy_vs_alpha_beta_0,50000,0,second,ended_with_n,83,first,greedy,ぞ,1675,24,43,1,0,,,ぞ,ぴ,ぴ,4.5e-05,False,-3202.0,,,,,28,ず→ず -> ず→る -> る→る -> る→る -> る→る -> る→る -> る→ぽ -> ぽ→る -> る→ぷ -> ぷ→る -> る→ぷ -> ぷ→る -> る→べ -> べ→る -> る→ぐ -> ぐ→る -> る→び -> び→る -> る→ね -> ね→る -> る→む -> む→る -> る→む -> む→る -> る→む -> む→る -> る→げ -> げ→る -> る→ゆ -> ゆ→る -> る→ゆ -> ゆ→る -> る→つ -> つ→る -> る→つ -> つ→る -> る→つ -> つ→る -> る→つ -> つ→る -> る→つ -> つ→る -> る→よ -> よ→る -> る→よ -> よ→る -> る→な -> な→る -> る→な -> な→る -> る→う -> う→る -> る→う -> う→る -> る→う -> う→る -> る→う -> う→る -> る→う -> う→る -> る→う -> う→る -> る→う -> う→る -> る→う -> う→る -> る→う -> う→る -> る→う -> う→む -> む→ず -> ず→ず -> ず→ぷ -> ぷ→る -> る→う -> う→ず -> ず→む -> む→る -> る→う -> う→る -> る→う -> う→ぞ -> ぞ→ぴ
greedy vs alpha_beta,greedy,alpha_beta,D50000_seed0_greedy_vs_alpha_beta_0,50000,0,second,ended_with_n,84,second,alpha_beta,ぴ,2987,43,63,9,8,,,ぴ,る,る,0.051293,False,7606.0,3,3,True,62,20,ず→ず -> ず→る -> る→る -> る→る -> る→る -> る→る -> る→ぽ -> ぽ→る -> る→ぷ -> ぷ→る -> る→ぷ -> ぷ→る -> る→べ -> べ→る -> る→ぐ -> ぐ→る -> る→び -> び→る -> る→ね -> ね→る -> る→む -> む→る -> る→む -> む→る -> る→む -> む→る -> る→げ -> げ→る -> る→ゆ -> ゆ→る -> る→ゆ -> ゆ→る -> る→つ -> つ→る -> る→つ -> つ→る -> る→つ -> つ→る -> る→つ -> つ→る -> る→つ -> つ→る -> る→よ -> よ→る -> る→よ -> よ→る -> る→な -> な→る -> る→な -> な→る -> る→う -> う→る -> る→う -> う→る -> る→う -> う→る -> る→う -> う→る -> る→う -> う→る -> る→う -> う→る -> る→う -> う→る -> る→う -> う→る -> る→う -> う→る -> る→う -> う→む -> む→ず -> ず→ず -> ず→ぷ -> ぷ→る -> る→う -> う→ず -> ず→む -> む→る -> る→う -> う→る -> る→う -> う→ぞ -> ぞ→ぴ -> ぴ→る
greedy vs alpha_beta,greedy,alpha_beta,D50000_seed0_greedy_vs_alpha_beta_0,50000,0,second,ended_with_n,85,first,greedy,る,4286,63,2,1,0,,,る,う,う,2.3e-05,False,-15751.5,,,,,15,ず→ず -> ず→る -> る→る -> る→る -> る→る -> る→る -> る→ぽ -> ぽ→る -> る→ぷ -> ぷ→る -> る→ぷ -> ぷ→る -> る→べ -> べ→る -> る→ぐ -> ぐ→る -> る→び -> び→る -> る→ね -> ね→る -> る→む -> む→る -> る→む -> む→る -> る→む -> む→る -> る→げ -> げ→る -> る→ゆ -> ゆ→る -> る→ゆ -> ゆ→る -> る→つ -> つ→る -> る→つ -> つ→る -> る→つ -> つ→る -> る→つ -> つ→る -> る→つ -> つ→る -> る→よ -> よ→る -> る→よ -> よ→る -> る→な -> な→る -> る→な -> な→る -> る→う -> う→る -> る→う -> う→る -> る→う -> う→る -> る→う -> う→る -> る→う -> う→る -> る→う -> う→る -> る→う -> う→る -> る→う -> う→る -> る→う -> う→る -> る→う -> う→む -> む→ず -> ず→ず -> ず→ぷ -> ぷ→る -> る→う -> う→ず -> ず→む -> む→る -> る→う -> う→る -> る→う -> う→ぞ -> ぞ→ぴ -> ぴ→る -> る→う
greedy vs alpha_beta,greedy,alpha_beta,D50000_seed0_greedy_vs_alpha_beta_0,50000,0,second,ended_with_n,86,second,alpha_beta,う,191,2,55,8,7,,,う,む,む,0.064089,False,7583.0,3,4,True,72,20,ず→ず -> ず→る -> る→る -> る→る -> る→る -> る→る -> る→ぽ -> ぽ→る -> る→ぷ -> ぷ→る -> る→ぷ -> ぷ→る -> る→べ -> べ→る -> る→ぐ -> ぐ→る -> る→び -> び→る -> る→ね -> ね→る -> る→む -> む→る -> る→む -> む→る -> る→む -> む→る -> る→げ -> げ→る -> る→ゆ -> ゆ→る -> る→ゆ -> ゆ→る -> る→つ -> つ→る -> る→つ -> つ→る -> る→つ -> つ→る -> る→つ -> つ→る -> る→つ -> つ→る -> る→よ -> よ→る -> る→よ -> よ→る -> る→な -> な→る -> る→な -> な→る -> る→う -> う→る -> る→う -> う→る -> る→う -> う→る -> る→う -> う→る -> る→う -> う→る -> る→う -> う→る -> る→う -> う→る -> る→う -> う→る -> る→う -> う→る -> る→う -> う→む -> む→ず -> ず→ず -> ず→ぷ -> ぷ→る -> る→う -> う→ず -> ず→む -> む→る -> る→う -> う→る -> る→う -> う→ぞ -> ぞ→ぴ -> ぴ→る -> る→う -> う→む
greedy vs alpha_beta,greedy,alpha_beta,D50000_seed0_greedy_vs_alpha_beta_0,50000,0,second,ended_with_n,87,first,greedy,む,3792,55,52,1,0,,,む,ぽ,ぽ,6.8e-05,False,-3100.0,,,,,50,ず→ず -> ず→る -> る→る -> る→る -> る→る -> る→る -> る→ぽ -> ぽ→る -> る→ぷ -> ぷ→る -> る→ぷ -> ぷ→る -> る→べ -> べ→る -> る→ぐ -> ぐ→る -> る→び -> び→る -> る→ね -> ね→る -> る→む -> む→る -> る→む -> む→る -> る→む -> む→る -> る→げ -> げ→る -> る→ゆ -> ゆ→る -> る→ゆ -> ゆ→る -> る→つ -> つ→る -> る→つ -> つ→る -> る→つ -> つ→る -> る→つ -> つ→る -> る→つ -> つ→る -> る→よ -> よ→る -> る→よ -> よ→る -> る→な -> な→る -> る→な -> な→る -> る→う -> う→る -> る→う -> う→る -> る→う -> う→る -> る→う -> う→る -> る→う -> う→る -> る→う -> う→る -> る→う -> う→る -> る→う -> う→る -> る→う -> う→る -> る→う -> う→む -> む→ず -> ず→ず -> ず→ぷ -> ぷ→る -> る→う -> う→ず -> ず→む -> む→る -> る→う -> う→る -> る→う -> う→ぞ -> ぞ→ぴ -> ぴ→る -> る→う -> う→む -> む→ぽ
greedy vs alpha_beta,greedy,alpha_beta,D50000_seed0_greedy_vs_alpha_beta_0,50000,0,second,ended_with_n,88,second,alpha_beta,ぽ,3599,52,63,9,8,,,ぽ,る,る,0.138604,False,4026.0,4,4,True,431,20,ず→ず -> ず→る -> る→る -> る→る -> る→る -> る→る -> る→ぽ -> ぽ→る -> る→ぷ -> ぷ→る -> る→ぷ -> ぷ→る -> る→べ -> べ→る -> る→ぐ -> ぐ→る -> る→び -> び→る -> る→ね -> ね→る -> る→む -> む→る -> る→む -> む→る -> る→む -> む→る -> る→げ -> げ→る -> る→ゆ -> ゆ→る -> る→ゆ -> ゆ→る -> る→つ -> つ→る -> る→つ -> つ→る -> る→つ -> つ→る -> る→つ -> つ→る -> る→つ -> つ→る -> る→よ -> よ→る -> る→よ -> よ→る -> る→な -> な→る -> る→な -> な→る -> る→う -> う→る -> る→う -> う→る -> る→う -> う→る -> る→う -> う→る -> る→う -> う→る -> る→う -> う→る -> る→う -> う→る -> る→う -> う→る -> る→う -> う→る -> る→う -> う→む -> む→ず -> ず→ず -> ず→ぷ -> ぷ→る -> る→う -> う→ず -> ず→む -> む→る -> る→う -> う→る -> る→う -> う→ぞ -> ぞ→ぴ -> ぴ→る -> る→う -> う→む -> む→ぽ -> ぽ→る
greedy vs alpha_beta,greedy,alpha_beta,D50000_seed0_greedy_vs_alpha_beta_0,50000,0,second,ended_with_n,89,first,greedy,る,4293,63,9,8,7,,,る,く,く,2.1e-05,False,-18381.0,,,,,14,ず→ず -> ず→る -> る→る -> る→る -> る→る -> る→る -> る→ぽ -> ぽ→る -> る→ぷ -> ぷ→る -> る→ぷ -> ぷ→る -> る→べ -> べ→る -> る→ぐ -> ぐ→る -> る→び -> び→る -> る→ね -> ね→る -> る→む -> む→る -> る→む -> む→る -> る→む -> む→る -> る→げ -> げ→る -> る→ゆ -> ゆ→る -> る→ゆ -> ゆ→る -> る→つ -> つ→る -> る→つ -> つ→る -> る→つ -> つ→る -> る→つ -> つ→る -> る→つ -> つ→る -> る→よ -> よ→る -> る→よ -> よ→る -> る→な -> な→る -> る→な -> な→る -> る→う -> う→る -> る→う -> う→る -> る→う -> う→る -> る→う -> う→る -> る→う -> う→る -> る→う -> う→る -> る→う -> う→る -> る→う -> う→る -> る→う -> う→る -> る→う -> う→む -> む→ず -> ず→ず -> ず→ぷ -> ぷ→る -> る→う -> う→ず -> ず→む -> む→る -> る→う -> う→る -> る→う -> う→ぞ -> ぞ→ぴ -> ぴ→る -> る→う -> う→む -> む→ぽ -> ぽ→る -> る→く
greedy vs alpha_beta,greedy,alpha_beta,D50000_seed0_greedy_vs_alpha_beta_0,50000,0,second,ended_with_n,90,second,alpha_beta,く,675,9,63,27,26,,,く,る,る,0.138818,False,4049.0,4,4,True,424,20,ず→ず -> ず→る -> る→る -> る→る -> る→る -> る→る -> る→ぽ -> ぽ→る -> る→ぷ -> ぷ→る -> る→ぷ -> ぷ→る -> る→べ -> べ→る -> る→ぐ -> ぐ→る -> る→び -> び→る -> る→ね -> ね→る -> る→む -> む→る -> る→む -> む→る -> る→む -> む→る -> る→げ -> げ→る -> る→ゆ -> ゆ→る -> る→ゆ -> ゆ→る -> る→つ -> つ→る -> る→つ -> つ→る -> る→つ -> つ→る -> る→つ -> つ→る -> る→つ -> つ→る -> る→よ -> よ→る -> る→よ -> よ→る -> る→な -> な→る -> る→な -> な→る -> る→う -> う→る -> る→う -> う→る -> る→う -> う→る -> る→う -> う→る -> る→う -> う→る -> る→う -> う→る -> る→う -> う→る -> る→う -> う→る -> る→う -> う→る -> る→う -> う→む -> む→ず -> ず→ず -> ず→ぷ -> ぷ→る -> る→う -> う→ず -> ず→む -> む→る -> る→う -> う→る -> る→う -> う→ぞ -> ぞ→ぴ -> ぴ→る -> る→う -> う→む -> む→ぽ -> ぽ→る -> る→く -> く→る
greedy vs alpha_beta,greedy,alpha_beta,D50000_seed0_greedy_vs_alpha_beta_0,50000,0,second,ended_with_n,91,first,greedy,る,4293,63,9,7,6,,,る,く,く,2.3e-05,False,-18358.0,,,,,14,ず→ず -> ず→る -> る→る -> る→る -> る→る -> る→る -> る→ぽ -> ぽ→る -> る→ぷ -> ぷ→る -> る→ぷ -> ぷ→る -> る→べ -> べ→る -> る→ぐ -> ぐ→る -> る→び -> び→る -> る→ね -> ね→る -> る→む -> む→る -> る→む -> む→る -> る→む -> む→る -> る→げ -> げ→る -> る→ゆ -> ゆ→る -> る→ゆ -> ゆ→る -> る→つ -> つ→る -> る→つ -> つ→る -> る→つ -> つ→る -> る→つ -> つ→る -> る→つ -> つ→る -> る→よ -> よ→る -> る→よ -> よ→る -> る→な -> な→る -> る→な -> な→る -> る→う -> う→る -> る→う -> う→る -> る→う -> う→る -> る→う -> う→る -> る→う -> う→る -> る→う -> う→る -> る→う -> う→る -> る→う -> う→る -> る→う -> う→る -> る→う -> う→む -> む→ず -> ず→ず -> ず→ぷ -> ぷ→る -> る→う -> う→ず -> ず→む -> む→る -> る→う -> う→る -> る→う -> う→ぞ -> ぞ→ぴ -> ぴ→る -> る→う -> う→む -> む→ぽ -> ぽ→る -> る→く -> く→る -> る→く
greedy vs alpha_beta,greedy,alpha_beta,D50000_seed0_greedy_vs_alpha_beta_0,50000,0,second,ended_with_n,92,second,alpha_beta,く,675,9,63,26,25,,,く,る,る,0.138378,False,4072.0,4,4,True,424,20,ず→ず -> ず→る -> る→る -> る→る -> る→る -> る→る -> る→ぽ -> ぽ→る -> る→ぷ -> ぷ→る -> る→ぷ -> ぷ→る -> る→べ -> べ→る -> る→ぐ -> ぐ→る -> る→び -> び→る -> る→ね -> ね→る -> る→む -> む→る -> る→む -> む→る -> る→む -> む→る -> る→げ -> げ→る -> る→ゆ -> ゆ→る -> る→ゆ -> ゆ→る -> る→つ -> つ→る -> る→つ -> つ→る -> る→つ -> つ→る -> る→つ -> つ→る -> る→つ -> つ→る -> る→よ -> よ→る -> る→よ -> よ→る -> る→な -> な→る -> る→な -> な→る -> る→う -> う→る -> る→う -> う→る -> る→う -> う→る -> る→う -> う→る -> る→う -> う→る -> る→う -> う→る -> る→う -> う→る -> る→う -> う→る -> る→う -> う→る -> る→う -> う→む -> む→ず -> ず→ず -> ず→ぷ -> ぷ→る -> る→う -> う→ず -> ず→む -> む→る -> る→う -> う→る -> る→う -> う→ぞ -> ぞ→ぴ -> ぴ→る -> る→う -> う→む -> む→ぽ -> ぽ→る -> る→く -> く→る -> る→く -> く→る
greedy vs alpha_beta,greedy,alpha_beta,D50000_seed0_greedy_vs_alpha_beta_0,50000,0,second,ended_with_n,93,first,greedy,る,4293,63,9,6,5,,,る,く,く,2.2e-05,False,-18335.0,,,,,14,ず→ず -> ず→る -> る→る -> る→る -> る→る -> る→る -> る→ぽ -> ぽ→る -> る→ぷ -> ぷ→る -> る→ぷ -> ぷ→る -> る→べ -> べ→る -> る→ぐ -> ぐ→る -> る→び -> び→る -> る→ね -> ね→る -> る→む -> む→る -> る→む -> む→る -> る→む -> む→る -> る→げ -> げ→る -> る→ゆ -> ゆ→る -> る→ゆ -> ゆ→る -> る→つ -> つ→る -> る→つ -> つ→る -> る→つ -> つ→る -> る→つ -> つ→る -> る→つ -> つ→る -> る→よ -> よ→る -> る→よ -> よ→る -> る→な -> な→る -> る→な -> な→る -> る→う -> う→る -> る→う -> う→る -> る→う -> う→る -> る→う -> う→る -> る→う -> う→る -> る→う -> う→る -> る→う -> う→る -> る→う -> う→る -> る→う -> う→る -> る→う -> う→む -> む→ず -> ず→ず -> ず→ぷ -> ぷ→る -> る→う -> う→ず -> ず→む -> む→る -> る→う -> う→る -> る→う -> う→ぞ -> ぞ→ぴ -> ぴ→る -> る→う -> う→む -> む→ぽ -> ぽ→る -> る→く -> く→る -> る→く -> く→る -> る→く
greedy vs alpha_beta,greedy,alpha_beta,D50000_seed0_greedy_vs_alpha_beta_0,50000,0,second,ended_with_n,94,second,alpha_beta,く,675,9,63,25,24,,,く,る,る,0.143075,False,4095.0,4,4,True,424,20,ず→ず -> ず→る -> る→る -> る→る -> る→る -> る→る -> る→ぽ -> ぽ→る -> る→ぷ -> ぷ→る -> る→ぷ -> ぷ→る -> る→べ -> べ→る -> る→ぐ -> ぐ→る -> る→び -> び→る -> る→ね -> ね→る -> る→む -> む→る -> る→む -> む→る -> る→む -> む→る -> る→げ -> げ→る -> る→ゆ -> ゆ→る -> る→ゆ -> ゆ→る -> る→つ -> つ→る -> る→つ -> つ→る -> る→つ -> つ→る -> る→つ -> つ→る -> る→つ -> つ→る -> る→よ -> よ→る -> る→よ -> よ→る -> る→な -> な→る -> る→な -> な→る -> る→う -> う→る -> る→う -> う→る -> る→う -> う→る -> る→う -> う→る -> る→う -> う→る -> る→う -> う→る -> る→う -> う→る -> る→う -> う→る -> る→う -> う→る -> る→う -> う→む -> む→ず -> ず→ず -> ず→ぷ -> ぷ→る -> る→う -> う→ず -> ず→む -> む→る -> る→う -> う→る -> る→う -> う→ぞ -> ぞ→ぴ -> ぴ→る -> る→う -> う→む -> む→ぽ -> ぽ→る -> る→く -> く→る -> る→く -> く→る -> る→く -> く→る
greedy vs alpha_beta,greedy,alpha_beta,D50000_seed0_greedy_vs_alpha_beta_0,50000,0,second,ended_with_n,95,first,greedy,る,4293,63,9,5,4,,,る,く,く,2.1e-05,False,-18312.0,,,,,14,ず→ず -> ず→る -> る→る -> る→る -> る→る -> る→る -> る→ぽ -> ぽ→る -> る→ぷ -> ぷ→る -> る→ぷ -> ぷ→る -> る→べ -> べ→る -> る→ぐ -> ぐ→る -> る→び -> び→る -> る→ね -> ね→る -> る→む -> む→る -> る→む -> む→る -> る→む -> む→る -> る→げ -> げ→る -> る→ゆ -> ゆ→る -> る→ゆ -> ゆ→る -> る→つ -> つ→る -> る→つ -> つ→る -> る→つ -> つ→る -> る→つ -> つ→る -> る→つ -> つ→る -> る→よ -> よ→る -> る→よ -> よ→る -> る→な -> な→る -> る→な -> な→る -> る→う -> う→る -> る→う -> う→る -> る→う -> う→る -> る→う -> う→る -> る→う -> う→る -> る→う -> う→る -> る→う -> う→る -> る→う -> う→る -> る→う -> う→る -> る→う -> う→む -> む→ず -> ず→ず -> ず→ぷ -> ぷ→る -> る→う -> う→ず -> ず→む -> む→る -> る→う -> う→る -> る→う -> う→ぞ -> ぞ→ぴ -> ぴ→る -> る→う -> う→む -> む→ぽ -> ぽ→る -> る→く -> く→る -> る→く -> く→る -> る→く -> く→る -> る→く
greedy vs alpha_beta,greedy,alpha_beta,D50000_seed0_greedy_vs_alpha_beta_0,50000,0,second,ended_with_n,96,second,alpha_beta,く,675,9,63,24,23,,,く,る,る,0.13643,False,4118.0,4,4,True,424,20,ず→ず -> ず→る -> る→る -> る→る -> る→る -> る→る -> る→ぽ -> ぽ→る -> る→ぷ -> ぷ→る -> る→ぷ -> ぷ→る -> る→べ -> べ→る -> る→ぐ -> ぐ→る -> る→び -> び→る -> る→ね -> ね→る -> る→む -> む→る -> る→む -> む→る -> る→む -> む→る -> る→げ -> げ→る -> る→ゆ -> ゆ→る -> る→ゆ -> ゆ→る -> る→つ -> つ→る -> る→つ -> つ→る -> る→つ -> つ→る -> る→つ -> つ→る -> る→つ -> つ→る -> る→よ -> よ→る -> る→よ -> よ→る -> る→な -> な→る -> る→な -> な→る -> る→う -> う→る -> る→う -> う→る -> る→う -> う→る -> る→う -> う→る -> る→う -> う→る -> る→う -> う→る -> る→う -> う→る -> る→う -> う→る -> る→う -> う→る -> る→う -> う→む -> む→ず -> ず→ず -> ず→ぷ -> ぷ→る -> る→う -> う→ず -> ず→む -> む→る -> る→う -> う→る -> る→う -> う→ぞ -> ぞ→ぴ -> ぴ→る -> る→う -> う→む -> む→ぽ -> ぽ→る -> る→く -> く→る -> る→く -> く→る -> る→く -> く→る -> る→く -> く→る
greedy vs alpha_beta,greedy,alpha_beta,D50000_seed0_greedy_vs_alpha_beta_0,50000,0,second,ended_with_n,97,first,greedy,る,4293,63,9,4,3,,,る,く,く,2.1e-05,False,-18289.0,,,,,14,ず→ず -> ず→る -> る→る -> る→る -> る→る -> る→る -> る→ぽ -> ぽ→る -> る→ぷ -> ぷ→る -> る→ぷ -> ぷ→る -> る→べ -> べ→る -> る→ぐ -> ぐ→る -> る→び -> び→る -> る→ね -> ね→る -> る→む -> む→る -> る→む -> む→る -> る→む -> む→る -> る→げ -> げ→る -> る→ゆ -> ゆ→る -> る→ゆ -> ゆ→る -> る→つ -> つ→る -> る→つ -> つ→る -> る→つ -> つ→る -> る→つ -> つ→る -> る→つ -> つ→る -> る→よ -> よ→る -> る→よ -> よ→る -> る→な -> な→る -> る→な -> な→る -> る→う -> う→る -> る→う -> う→る -> る→う -> う→る -> る→う -> う→る -> る→う -> う→る -> る→う -> う→る -> る→う -> う→る -> る→う -> う→る -> る→う -> う→る -> る→う -> う→む -> む→ず -> ず→ず -> ず→ぷ -> ぷ→る -> る→う -> う→ず -> ず→む -> む→る -> る→う -> う→る -> る→う -> う→ぞ -> ぞ→ぴ -> ぴ→る -> る→う -> う→む -> む→ぽ -> ぽ→る -> る→く -> く→る -> る→く -> く→る -> る→く -> く→る -> る→く -> く→る -> る→く
greedy vs alpha_beta,greedy,alpha_beta,D50000_seed0_greedy_vs_alpha_beta_0,50000,0,second,ended_with_n,98,second,alpha_beta,く,675,9,63,23,22,,,く,る,る,0.110425,False,4141.0,4,4,True,425,20,ず→ず -> ず→る -> る→る -> る→る -> る→る -> る→る -> る→ぽ -> ぽ→る -> る→ぷ -> ぷ→る -> る→ぷ -> ぷ→る -> る→べ -> べ→る -> る→ぐ -> ぐ→る -> る→び -> び→る -> る→ね -> ね→る -> る→む -> む→る -> る→む -> む→る -> る→む -> む→る -> る→げ -> げ→る -> る→ゆ -> ゆ→る -> る→ゆ -> ゆ→る -> る→つ -> つ→る -> る→つ -> つ→る -> る→つ -> つ→る -> る→つ -> つ→る -> る→つ -> つ→る -> る→よ -> よ→る -> る→よ -> よ→る -> る→な -> な→る -> る→な -> な→る -> る→う -> う→る -> る→う -> う→る -> る→う -> う→る -> る→う -> う→る -> る→う -> う→る -> る→う -> う→る -> る→う -> う→る -> る→う -> う→る -> る→う -> う→る -> る→う -> う→む -> む→ず -> ず→ず -> ず→ぷ -> ぷ→る -> る→う -> う→ず -> ず→む -> む→る -> る→う -> う→る -> る→う -> う→ぞ -> ぞ→ぴ -> ぴ→る -> る→う -> う→む -> む→ぽ -> ぽ→る -> る→く -> く→る -> る→く -> く→る -> る→く -> く→る -> る→く -> く→る -> る→く -> く→る
greedy vs alpha_beta,greedy,alpha_beta,D50000_seed0_greedy_vs_alpha_beta_0,50000,0,second,ended_with_n,99,first,greedy,る,4293,63,9,3,2,,,る,く,く,2.1e-05,False,-18266.0,,,,,14,ず→ず -> ず→る -> る→る -> る→る -> る→る -> る→る -> る→ぽ -> ぽ→る -> る→ぷ -> ぷ→る -> る→ぷ -> ぷ→る -> る→べ -> べ→る -> る→ぐ -> ぐ→る -> る→び -> び→る -> る→ね -> ね→る -> る→む -> む→る -> る→む -> む→る -> る→む -> む→る -> る→げ -> げ→る -> る→ゆ -> ゆ→る -> る→ゆ -> ゆ→る -> る→つ -> つ→る -> る→つ -> つ→る -> る→つ -> つ→る -> る→つ -> つ→る -> る→つ -> つ→る -> る→よ -> よ→る -> る→よ -> よ→る -> る→な -> な→る -> る→な -> な→る -> る→う -> う→る -> る→う -> う→る -> る→う -> う→る -> る→う -> う→る -> る→う -> う→る -> る→う -> う→る -> る→う -> う→る -> る→う -> う→る -> る→う -> う→る -> る→う -> う→む -> む→ず -> ず→ず -> ず→ぷ -> ぷ→る -> る→う -> う→ず -> ず→む -> む→る -> る→う -> う→る -> る→う -> う→ぞ -> ぞ→ぴ -> ぴ→る -> る→う -> う→む -> む→ぽ -> ぽ→る -> る→く -> く→る -> る→く -> く→る -> る→く -> く→る -> る→く -> く→る -> る→く -> く→る -> る→く
greedy vs alpha_beta,greedy,alpha_beta,D50000_seed0_greedy_vs_alpha_beta_0,50000,0,second,ended_with_n,100,second,alpha_beta,く,675,9,63,22,21,,,く,る,る,0.054299,False,4164.0,4,4,True,325,20,ず→ず -> ず→る -> る→る -> る→る -> る→る -> る→る -> る→ぽ -> ぽ→る -> る→ぷ -> ぷ→る -> る→ぷ -> ぷ→る -> る→べ -> べ→る -> る→ぐ -> ぐ→る -> る→び -> び→る -> る→ね -> ね→る -> る→む -> む→る -> る→む -> む→る -> る→む -> む→る -> る→げ -> げ→る -> る→ゆ -> ゆ→る -> る→ゆ -> ゆ→る -> る→つ -> つ→る -> る→つ -> つ→る -> る→つ -> つ→る -> る→つ -> つ→る -> る→つ -> つ→る -> る→よ -> よ→る -> る→よ -> よ→る -> る→な -> な→る -> る→な -> な→る -> る→う -> う→る -> る→う -> う→る -> る→う -> う→る -> る→う -> う→る -> る→う -> う→る -> る→う -> う→る -> る→う -> う→る -> る→う -> う→る -> る→う -> う→る -> る→う -> う→む -> む→ず -> ず→ず -> ず→ぷ -> ぷ→る -> る→う -> う→ず -> ず→む -> む→る -> る→う -> う→る -> る→う -> う→ぞ -> ぞ→ぴ -> ぴ→る -> る→う -> う→む -> む→ぽ -> ぽ→る -> る→く -> く→る -> る→く -> く→る -> る→く -> く→る -> る→く -> く→る -> る→く -> く→る -> る→く -> く→る
greedy vs alpha_beta,greedy,alpha_beta,D50000_seed0_greedy_vs_alpha_beta_0,50000,0,second,ended_with_n,101,first,greedy,る,4293,63,9,2,1,,,る,く,く,2e-05,False,-18243.0,,,,,14,ず→ず -> ず→る -> る→る -> る→る -> る→る -> る→る -> る→ぽ -> ぽ→る -> る→ぷ -> ぷ→る -> る→ぷ -> ぷ→る -> る→べ -> べ→る -> る→ぐ -> ぐ→る -> る→び -> び→る -> る→ね -> ね→る -> る→む -> む→る -> る→む -> む→る -> る→む -> む→る -> る→げ -> げ→る -> る→ゆ -> ゆ→る -> る→ゆ -> ゆ→る -> る→つ -> つ→る -> る→つ -> つ→る -> る→つ -> つ→る -> る→つ -> つ→る -> る→つ -> つ→る -> る→よ -> よ→る -> る→よ -> よ→る -> る→な -> な→る -> る→な -> な→る -> る→う -> う→る -> る→う -> う→る -> る→う -> う→る -> る→う -> う→る -> る→う -> う→る -> る→う -> う→る -> る→う -> う→る -> る→う -> う→る -> る→う -> う→る -> る→う -> う→む -> む→ず -> ず→ず -> ず→ぷ -> ぷ→る -> る→う -> う→ず -> ず→む -> む→る -> る→う -> う→る -> る→う -> う→ぞ -> ぞ→ぴ -> ぴ→る -> る→う -> う→む -> む→ぽ -> ぽ→る -> る→く -> く→る -> る→く -> く→る -> る→く -> く→る -> る→く -> く→る -> る→く -> く→る -> る→く -> く→る -> る→く
greedy vs alpha_beta,greedy,alpha_beta,D50000_seed0_greedy_vs_alpha_beta_0,50000,0,second,ended_with_n,102,second,alpha_beta,く,675,9,63,21,20,,,く,る,る,0.053448,False,4187.0,4,4,True,325,20,ず→ず -> ず→る -> る→る -> る→る -> る→る -> る→る -> る→ぽ -> ぽ→る -> る→ぷ -> ぷ→る -> る→ぷ -> ぷ→る -> る→べ -> べ→る -> る→ぐ -> ぐ→る -> る→び -> び→る -> る→ね -> ね→る -> る→む -> む→る -> る→む -> む→る -> る→む -> む→る -> る→げ -> げ→る -> る→ゆ -> ゆ→る -> る→ゆ -> ゆ→る -> る→つ -> つ→る -> る→つ -> つ→る -> る→つ -> つ→る -> る→つ -> つ→る -> る→つ -> つ→る -> る→よ -> よ→る -> る→よ -> よ→る -> る→な -> な→る -> る→な -> な→る -> る→う -> う→る -> る→う -> う→る -> る→う -> う→る -> る→う -> う→る -> る→う -> う→る -> る→う -> う→る -> る→う -> う→る -> る→う -> う→る -> る→う -> う→る -> る→う -> う→む -> む→ず -> ず→ず -> ず→ぷ -> ぷ→る -> る→う -> う→ず -> ず→む -> む→る -> る→う -> う→る -> る→う -> う→ぞ -> ぞ→ぴ -> ぴ→る -> る→う -> う→む -> む→ぽ -> ぽ→る -> る→く -> く→る -> る→く -> く→る -> る→く -> く→る -> る→く -> く→る -> る→く -> く→る -> る→く -> く→る -> る→く -> く→る
greedy vs alpha_beta,greedy,alpha_beta,D50000_seed0_greedy_vs_alpha_beta_0,50000,0,second,ended_with_n,103,first,greedy,る,4293,63,9,1,0,,,る,く,く,2.1e-05,False,-18220.0,,,,,14,ず→ず -> ず→る -> る→る -> る→る -> る→る -> る→る -> る→ぽ -> ぽ→る -> る→ぷ -> ぷ→る -> る→ぷ -> ぷ→る -> る→べ -> べ→る -> る→ぐ -> ぐ→る -> る→び -> び→る -> る→ね -> ね→る -> る→む -> む→る -> る→む -> む→る -> る→む -> む→る -> る→げ -> げ→る -> る→ゆ -> ゆ→る -> る→ゆ -> ゆ→る -> る→つ -> つ→る -> る→つ -> つ→る -> る→つ -> つ→る -> る→つ -> つ→る -> る→つ -> つ→る -> る→よ -> よ→る -> る→よ -> よ→る -> る→な -> な→る -> る→な -> な→る -> る→う -> う→る -> る→う -> う→る -> る→う -> う→る -> る→う -> う→る -> る→う -> う→る -> る→う -> う→る -> る→う -> う→る -> る→う -> う→る -> る→う -> う→る -> る→う -> う→む -> む→ず -> ず→ず -> ず→ぷ -> ぷ→る -> る→う -> う→ず -> ず→む -> む→る -> る→う -> う→る -> る→う -> う→ぞ -> ぞ→ぴ -> ぴ→る -> る→う -> う→む -> む→ぽ -> ぽ→る -> る→く -> く→る -> る→く -> く→る -> る→く -> く→る -> る→く -> く→る -> る→く -> く→る -> る→く -> く→る -> る→く -> く→る -> る→く
greedy vs alpha_beta,greedy,alpha_beta,D50000_seed0_greedy_vs_alpha_beta_0,50000,0,second,ended_with_n,104,second,alpha_beta,く,675,9,63,20,19,,,く,る,る,0.051609,False,4210.0,4,4,True,327,20,ず→ず -> ず→る -> る→る -> る→る -> る→る -> る→る -> る→ぽ -> ぽ→る -> る→ぷ -> ぷ→る -> る→ぷ -> ぷ→る -> る→べ -> べ→る -> る→ぐ -> ぐ→る -> る→び -> び→る -> る→ね -> ね→る -> る→む -> む→る -> る→む -> む→る -> る→む -> む→る -> る→げ -> げ→る -> る→ゆ -> ゆ→る -> る→ゆ -> ゆ→る -> る→つ -> つ→る -> る→つ -> つ→る -> る→つ -> つ→る -> る→つ -> つ→る -> る→つ -> つ→る -> る→よ -> よ→る -> る→よ -> よ→る -> る→な -> な→る -> る→な -> な→る -> る→う -> う→る -> る→う -> う→る -> る→う -> う→る -> る→う -> う→る -> る→う -> う→る -> る→う -> う→る -> る→う -> う→る -> る→う -> う→る -> る→う -> う→る -> る→う -> う→む -> む→ず -> ず→ず -> ず→ぷ -> ぷ→る -> る→う -> う→ず -> ず→む -> む→る -> る→う -> う→る -> る→う -> う→ぞ -> ぞ→ぴ -> ぴ→る -> る→う -> う→む -> む→ぽ -> ぽ→る -> る→く -> く→る -> る→く -> く→る -> る→く -> く→る -> る→く -> く→る -> る→く -> く→る -> る→く -> く→る -> る→く -> く→る -> る→く -> く→る
greedy vs alpha_beta,greedy,alpha_beta,D50000_seed0_greedy_vs_alpha_beta_0,50000,0,second,ended_with_n,105,first,greedy,る,4346,63,62,1,0,,,る,り,り,2e-05,False,-18673.5,,,,,13,ず→ず -> ず→る -> る→る -> る→る -> る→る -> る→る -> る→ぽ -> ぽ→る -> る→ぷ -> ぷ→る -> る→ぷ -> ぷ→る -> る→べ -> べ→る -> る→ぐ -> ぐ→る -> る→び -> び→る -> る→ね -> ね→る -> る→む -> む→る -> る→む -> む→る -> る→む -> む→る -> る→げ -> げ→る -> る→ゆ -> ゆ→る -> る→ゆ -> ゆ→る -> る→つ -> つ→る -> る→つ -> つ→る -> る→つ -> つ→る -> る→つ -> つ→る -> る→つ -> つ→る -> る→よ -> よ→る -> る→よ -> よ→る -> る→な -> な→る -> る→な -> な→る -> る→う -> う→る -> る→う -> う→る -> る→う -> う→る -> る→う -> う→る -> る→う -> う→る -> る→う -> う→る -> る→う -> う→る -> る→う -> う→る -> る→う -> う→る -> る→う -> う→む -> む→ず -> ず→ず -> ず→ぷ -> ぷ→る -> る→う -> う→ず -> ず→む -> む→る -> る→う -> う→る -> る→う -> う→ぞ -> ぞ→ぴ -> ぴ→る -> る→う -> う→む -> む→ぽ -> ぽ→る -> る→く -> く→る -> る→く -> く→る -> る→く -> く→る -> る→く -> く→る -> る→く -> く→る -> る→く -> く→る -> る→く -> く→る -> る→く -> く→る -> る→り
greedy vs alpha_beta,greedy,alpha_beta,D50000_seed0_greedy_vs_alpha_beta_0,50000,0,second,ended_with_n,106,second,alpha_beta,り,4279,62,63,29,28,,,り,る,る,0.044484,False,5531.0,4,4,True,284,20,ず→ず -> ず→る -> る→る -> る→る -> る→る -> る→る -> る→ぽ -> ぽ→る -> る→ぷ -> ぷ→る -> る→ぷ -> ぷ→る -> る→べ -> べ→る -> る→ぐ -> ぐ→る -> る→び -> び→る -> る→ね -> ね→る -> る→む -> む→る -> る→む -> む→る -> る→む -> む→る -> る→げ -> げ→る -> る→ゆ -> ゆ→る -> る→ゆ -> ゆ→る -> る→つ -> つ→る -> る→つ -> つ→る -> る→つ -> つ→る -> る→つ -> つ→る -> る→つ -> つ→る -> る→よ -> よ→る -> る→よ -> よ→る -> る→な -> な→る -> る→な -> な→る -> る→う -> う→る -> る→う -> う→る -> る→う -> う→る -> る→う -> う→る -> る→う -> う→る -> る→う -> う→る -> る→う -> う→る -> る→う -> う→る -> る→う -> う→る -> る→う -> う→む -> む→ず -> ず→ず -> ず→ぷ -> ぷ→る -> る→う -> う→ず -> ず→む -> む→る -> る→う -> う→る -> る→う -> う→ぞ -> ぞ→ぴ -> ぴ→る -> る→う -> う→む -> む→ぽ -> ぽ→る -> る→く -> く→る -> る→く -> く→る -> る→く -> く→る -> る→く -> く→る -> る→く -> く→る -> る→く -> く→る -> る→く -> く→る -> る→く -> く→る -> る→り -> り→る
greedy vs alpha_beta,greedy,alpha_beta,D50000_seed0_greedy_vs_alpha_beta_0,50000,0,second,ended_with_n,107,first,greedy,る,4315,63,31,6,5,,,る,と,と,1.8e-05,False,-22556.0,,,,,12,ず→ず -> ず→る -> る→る -> る→る -> る→る -> る→る -> る→ぽ -> ぽ→る -> る→ぷ -> ぷ→る -> る→ぷ -> ぷ→る -> る→べ -> べ→る -> る→ぐ -> ぐ→る -> る→び -> び→る -> る→ね -> ね→る -> る→む -> む→る -> る→む -> む→る -> る→む -> む→る -> る→げ -> げ→る -> る→ゆ -> ゆ→る -> る→ゆ -> ゆ→る -> る→つ -> つ→る -> る→つ -> つ→る -> る→つ -> つ→る -> る→つ -> つ→る -> る→つ -> つ→る -> る→よ -> よ→る -> る→よ -> よ→る -> る→な -> な→る -> る→な -> な→る -> る→う -> う→る -> る→う -> う→る -> る→う -> う→る -> る→う -> う→る -> る→う -> う→る -> る→う -> う→る -> る→う -> う→る -> る→う -> う→る -> る→う -> う→る -> る→う -> う→む -> む→ず -> ず→ず -> ず→ぷ -> ぷ→る -> る→う -> う→ず -> ず→む -> む→る -> る→う -> う→る -> る→う -> う→ぞ -> ぞ→ぴ -> ぴ→る -> る→う -> う→む -> む→ぽ -> ぽ→る -> る→く -> く→る -> る→く -> く→る -> る→く -> く→る -> る→く -> く→る -> る→く -> く→る -> る→く -> く→る -> る→く -> く→る -> る→く -> く→る -> る→り -> り→る -> る→と
greedy vs alpha_beta,greedy,alpha_beta,D50000_seed0_greedy_vs_alpha_beta_0,50000,0,second,ended_with_n,108,second,alpha_beta,と,2171,31,63,19,18,,,と,る,る,0.043821,False,5546.0,4,4,True,284,20,ず→ず -> ず→る -> る→る -> る→る -> る→る -> る→る -> る→ぽ -> ぽ→る -> る→ぷ -> ぷ→る -> る→ぷ -> ぷ→る -> る→べ -> べ→る -> る→ぐ -> ぐ→る -> る→び -> び→る -> る→ね -> ね→る -> る→む -> む→る -> る→む -> む→る -> る→む -> む→る -> る→げ -> げ→る -> る→ゆ -> ゆ→る -> る→ゆ -> ゆ→る -> る→つ -> つ→る -> る→つ -> つ→る -> る→つ -> つ→る -> る→つ -> つ→る -> る→つ -> つ→る -> る→よ -> よ→る -> る→よ -> よ→る -> る→な -> な→る -> る→な -> な→る -> る→う -> う→る -> る→う -> う→る -> る→う -> う→る -> る→う -> う→る -> る→う -> う→る -> る→う -> う→る -> る→う -> う→る -> る→う -> う→る -> る→う -> う→る -> る→う -> う→む -> む→ず -> ず→ず -> ず→ぷ -> ぷ→る -> る→う -> う→ず -> ず→む -> む→る -> る→う -> う→る -> る→う -> う→ぞ -> ぞ→ぴ -> ぴ→る -> る→う -> う→む -> む→ぽ -> ぽ→る -> る→く -> く→る -> る→く -> く→る -> る→く -> く→る -> る→く -> く→る -> る→く -> く→る -> る→く -> く→る -> る→く -> く→る -> る→く -> く→る -> る→り -> り→る -> る→と -> と→る
greedy vs alpha_beta,greedy,alpha_beta,D50000_seed0_greedy_vs_alpha_beta_0,50000,0,second,ended_with_n,109,first,greedy,る,4315,63,31,5,4,,,る,と,と,1.8e-05,False,-22533.0,,,,,12,ず→ず -> ず→る -> る→る -> る→る -> る→る -> る→る -> る→ぽ -> ぽ→る -> る→ぷ -> ぷ→る -> る→ぷ -> ぷ→る -> る→べ -> べ→る -> る→ぐ -> ぐ→る -> る→び -> び→る -> る→ね -> ね→る -> る→む -> む→る -> る→む -> む→る -> る→む -> む→る -> る→げ -> げ→る -> る→ゆ -> ゆ→る -> る→ゆ -> ゆ→る -> る→つ -> つ→る -> る→つ -> つ→る -> る→つ -> つ→る -> る→つ -> つ→る -> る→つ -> つ→る -> る→よ -> よ→る -> る→よ -> よ→る -> る→な -> な→る -> る→な -> な→る -> る→う -> う→る -> る→う -> う→る -> る→う -> う→る -> る→う -> う→る -> る→う -> う→る -> る→う -> う→る -> る→う -> う→る -> る→う -> う→る -> る→う -> う→る -> る→う -> う→む -> む→ず -> ず→ず -> ず→ぷ -> ぷ→る -> る→う -> う→ず -> ず→む -> む→る -> る→う -> う→る -> る→う -> う→ぞ -> ぞ→ぴ -> ぴ→る -> る→う -> う→む -> む→ぽ -> ぽ→る -> る→く -> く→る -> る→く -> く→る -> る→く -> く→る -> る→く -> く→る -> る→く -> く→る -> る→く -> く→る -> る→く -> く→る -> る→く -> く→る -> る→り -> り→る -> る→と -> と→る -> る→と
greedy vs alpha_beta,greedy,alpha_beta,D50000_seed0_greedy_vs_alpha_beta_0,50000,0,second,ended_with_n,110,second,alpha_beta,と,2171,31,63,18,17,,,と,る,る,0.043507,False,5561.0,4,4,True,284,20,ず→ず -> ず→る -> る→る -> る→る -> る→る -> る→る -> る→ぽ -> ぽ→る -> る→ぷ -> ぷ→る -> る→ぷ -> ぷ→る -> る→べ -> べ→る -> る→ぐ -> ぐ→る -> る→び -> び→る -> る→ね -> ね→る -> る→む -> む→る -> る→む -> む→る -> る→む -> む→る -> る→げ -> げ→る -> る→ゆ -> ゆ→る -> る→ゆ -> ゆ→る -> る→つ -> つ→る -> る→つ -> つ→る -> る→つ -> つ→る -> る→つ -> つ→る -> る→つ -> つ→る -> る→よ -> よ→る -> る→よ -> よ→る -> る→な -> な→る -> る→な -> な→る -> る→う -> う→る -> る→う -> う→る -> る→う -> う→る -> る→う -> う→る -> る→う -> う→る -> る→う -> う→る -> る→う -> う→る -> る→う -> う→る -> る→う -> う→る -> る→う -> う→む -> む→ず -> ず→ず -> ず→ぷ -> ぷ→る -> る→う -> う→ず -> ず→む -> む→る -> る→う -> う→る -> る→う -> う→ぞ -> ぞ→ぴ -> ぴ→る -> る→う -> う→む -> む→ぽ -> ぽ→る -> る→く -> く→る -> る→く -> く→る -> る→く -> く→る -> る→く -> く→る -> る→く -> く→る -> る→く -> く→る -> る→く -> く→る -> る→く -> く→る -> る→り -> り→る -> る→と -> と→る -> る→と -> と→る
greedy vs alpha_beta,greedy,alpha_beta,D50000_seed0_greedy_vs_alpha_beta_0,50000,0,second,ended_with_n,111,first,greedy,る,4315,63,31,4,3,,,る,と,と,1.8e-05,False,-22510.0,,,,,12,ず→ず -> ず→る -> る→る -> る→る -> る→る -> る→る -> る→ぽ -> ぽ→る -> る→ぷ -> ぷ→る -> る→ぷ -> ぷ→る -> る→べ -> べ→る -> る→ぐ -> ぐ→る -> る→び -> び→る -> る→ね -> ね→る -> る→む -> む→る -> る→む -> む→る -> る→む -> む→る -> る→げ -> げ→る -> る→ゆ -> ゆ→る -> る→ゆ -> ゆ→る -> る→つ -> つ→る -> る→つ -> つ→る -> る→つ -> つ→る -> る→つ -> つ→る -> る→つ -> つ→る -> る→よ -> よ→る -> る→よ -> よ→る -> る→な -> な→る -> る→な -> な→る -> る→う -> う→る -> る→う -> う→る -> る→う -> う→る -> る→う -> う→る -> る→う -> う→る -> る→う -> う→る -> る→う -> う→る -> る→う -> う→る -> る→う -> う→る -> る→う -> う→む -> む→ず -> ず→ず -> ず→ぷ -> ぷ→る -> る→う -> う→ず -> ず→む -> む→る -> る→う -> う→る -> る→う -> う→ぞ -> ぞ→ぴ -> ぴ→る -> る→う -> う→む -> む→ぽ -> ぽ→る -> る→く -> く→る -> る→く -> く→る -> る→く -> く→る -> る→く -> く→る -> る→く -> く→る -> る→く -> く→る -> る→く -> く→る -> る→く -> く→る -> る→り -> り→る -> る→と -> と→る -> る→と -> と→る -> る→と
greedy vs alpha_beta,greedy,alpha_beta,D50000_seed0_greedy_vs_alpha_beta_0,50000,0,second,ended_with_n,112,second,alpha_beta,と,2171,31,63,17,16,,,と,る,る,0.043299,False,5576.0,4,4,True,284,20,ず→ず -> ず→る -> る→る -> る→る -> る→る -> る→る -> る→ぽ -> ぽ→る -> る→ぷ -> ぷ→る -> る→ぷ -> ぷ→る -> る→べ -> べ→る -> る→ぐ -> ぐ→る -> る→び -> び→る -> る→ね -> ね→る -> る→む -> む→る -> る→む -> む→る -> る→む -> む→る -> る→げ -> げ→る -> る→ゆ -> ゆ→る -> る→ゆ -> ゆ→る -> る→つ -> つ→る -> る→つ -> つ→る -> る→つ -> つ→る -> る→つ -> つ→る -> る→つ -> つ→る -> る→よ -> よ→る -> る→よ -> よ→る -> る→な -> な→る -> る→な -> な→る -> る→う -> う→る -> る→う -> う→る -> る→う -> う→る -> る→う -> う→る -> る→う -> う→る -> る→う -> う→る -> る→う -> う→る -> る→う -> う→る -> る→う -> う→る -> る→う -> う→む -> む→ず -> ず→ず -> ず→ぷ -> ぷ→る -> る→う -> う→ず -> ず→む -> む→る -> る→う -> う→る -> る→う -> う→ぞ -> ぞ→ぴ -> ぴ→る -> る→う -> う→む -> む→ぽ -> ぽ→る -> る→く -> く→る -> る→く -> く→る -> る→く -> く→る -> る→く -> く→る -> る→く -> く→る -> る→く -> く→る -> る→く -> く→る -> る→く -> く→る -> る→り -> り→る -> る→と -> と→る -> る→と -> と→る -> る→と -> と→る
greedy vs alpha_beta,greedy,alpha_beta,D50000_seed0_greedy_vs_alpha_beta_0,50000,0,second,ended_with_n,113,first,greedy,る,4315,63,31,3,2,,,る,と,と,1.8e-05,False,-22487.0,,,,,12,ず→ず -> ず→る -> る→る -> る→る -> る→る -> る→る -> る→ぽ -> ぽ→る -> る→ぷ -> ぷ→る -> る→ぷ -> ぷ→る -> る→べ -> べ→る -> る→ぐ -> ぐ→る -> る→び -> び→る -> る→ね -> ね→る -> る→む -> む→る -> る→む -> む→る -> る→む -> む→る -> る→げ -> げ→る -> る→ゆ -> ゆ→る -> る→ゆ -> ゆ→る -> る→つ -> つ→る -> る→つ -> つ→る -> る→つ -> つ→る -> る→つ -> つ→る -> る→つ -> つ→る -> る→よ -> よ→る -> る→よ -> よ→る -> る→な -> な→る -> る→な -> な→る -> る→う -> う→る -> る→う -> う→る -> る→う -> う→る -> る→う -> う→る -> る→う -> う→る -> る→う -> う→る -> る→う -> う→る -> る→う -> う→る -> る→う -> う→る -> る→う -> う→む -> む→ず -> ず→ず -> ず→ぷ -> ぷ→る -> る→う -> う→ず -> ず→む -> む→る -> る→う -> う→る -> る→う -> う→ぞ -> ぞ→ぴ -> ぴ→る -> る→う -> う→む -> む→ぽ -> ぽ→る -> る→く -> く→る -> る→く -> く→る -> る→く -> く→る -> る→く -> く→る -> る→く -> く→る -> る→く -> く→る -> る→く -> く→る -> る→く -> く→る -> る→り -> り→る -> る→と -> と→る -> る→と -> と→る -> る→と -> と→る -> る→と
greedy vs alpha_beta,greedy,alpha_beta,D50000_seed0_greedy_vs_alpha_beta_0,50000,0,second,ended_with_n,114,second,alpha_beta,と,2171,31,63,16,15,,,と,る,る,0.043012,False,5591.0,4,4,True,284,20,ず→ず -> ず→る -> る→る -> る→る -> る→る -> る→る -> る→ぽ -> ぽ→る -> る→ぷ -> ぷ→る -> る→ぷ -> ぷ→る -> る→べ -> べ→る -> る→ぐ -> ぐ→る -> る→び -> び→る -> る→ね -> ね→る -> る→む -> む→る -> る→む -> む→る -> る→む -> む→る -> る→げ -> げ→る -> る→ゆ -> ゆ→る -> る→ゆ -> ゆ→る -> る→つ -> つ→る -> る→つ -> つ→る -> る→つ -> つ→る -> る→つ -> つ→る -> る→つ -> つ→る -> る→よ -> よ→る -> る→よ -> よ→る -> る→な -> な→る -> る→な -> な→る -> る→う -> う→る -> る→う -> う→る -> る→う -> う→る -> る→う -> う→る -> る→う -> う→る -> る→う -> う→る -> る→う -> う→る -> る→う -> う→る -> る→う -> う→る -> る→う -> う→む -> む→ず -> ず→ず -> ず→ぷ -> ぷ→る -> る→う -> う→ず -> ず→む -> む→る -> る→う -> う→る -> る→う -> う→ぞ -> ぞ→ぴ -> ぴ→る -> る→う -> う→む -> む→ぽ -> ぽ→る -> る→く -> く→る -> る→く -> く→る -> る→く -> く→る -> る→く -> く→る -> る→く -> く→る -> る→く -> く→る -> る→く -> く→る -> る→く -> く→る -> る→り -> り→る -> る→と -> と→る -> る→と -> と→る -> る→と -> と→る -> る→と -> と→る
greedy vs alpha_beta,greedy,alpha_beta,D50000_seed0_greedy_vs_alpha_beta_0,50000,0,second,ended_with_n,115,first,greedy,る,4315,63,31,2,1,,,る,と,と,1.7e-05,False,-22464.0,,,,,12,ず→ず -> ず→る -> る→る -> る→る -> る→る -> る→る -> る→ぽ -> ぽ→る -> る→ぷ -> ぷ→る -> る→ぷ -> ぷ→る -> る→べ -> べ→る -> る→ぐ -> ぐ→る -> る→び -> び→る -> る→ね -> ね→る -> る→む -> む→る -> る→む -> む→る -> る→む -> む→る -> る→げ -> げ→る -> る→ゆ -> ゆ→る -> る→ゆ -> ゆ→る -> る→つ -> つ→る -> る→つ -> つ→る -> る→つ -> つ→る -> る→つ -> つ→る -> る→つ -> つ→る -> る→よ -> よ→る -> る→よ -> よ→る -> る→な -> な→る -> る→な -> な→る -> る→う -> う→る -> る→う -> う→る -> る→う -> う→る -> る→う -> う→る -> る→う -> う→る -> る→う -> う→る -> る→う -> う→る -> る→う -> う→る -> る→う -> う→る -> る→う -> う→む -> む→ず -> ず→ず -> ず→ぷ -> ぷ→る -> る→う -> う→ず -> ず→む -> む→る -> る→う -> う→る -> る→う -> う→ぞ -> ぞ→ぴ -> ぴ→る -> る→う -> う→む -> む→ぽ -> ぽ→る -> る→く -> く→る -> る→く -> く→る -> る→く -> く→る -> る→く -> く→る -> る→く -> く→る -> る→く -> く→る -> る→く -> く→る -> る→く -> く→る -> る→り -> り→る -> る→と -> と→る -> る→と -> と→る -> る→と -> と→る -> る→と -> と→る -> る→と
greedy vs alpha_beta,greedy,alpha_beta,D50000_seed0_greedy_vs_alpha_beta_0,50000,0,second,ended_with_n,116,second,alpha_beta,と,2171,31,63,15,14,,,と,る,る,0.045262,False,5614.0,4,4,True,302,20,ず→ず -> ず→る -> る→る -> る→る -> る→る -> る→る -> る→ぽ -> ぽ→る -> る→ぷ -> ぷ→る -> る→ぷ -> ぷ→る -> る→べ -> べ→る -> る→ぐ -> ぐ→る -> る→び -> び→る -> る→ね -> ね→る -> る→む -> む→る -> る→む -> む→る -> る→む -> む→る -> る→げ -> げ→る -> る→ゆ -> ゆ→る -> る→ゆ -> ゆ→る -> る→つ -> つ→る -> る→つ -> つ→る -> る→つ -> つ→る -> る→つ -> つ→る -> る→つ -> つ→る -> る→よ -> よ→る -> る→よ -> よ→る -> る→な -> な→る -> る→な -> な→る -> る→う -> う→る -> る→う -> う→る -> る→う -> う→る -> る→う -> う→る -> る→う -> う→る -> る→う -> う→る -> る→う -> う→る -> る→う -> う→る -> る→う -> う→る -> る→う -> う→む -> む→ず -> ず→ず -> ず→ぷ -> ぷ→る -> る→う -> う→ず -> ず→む -> む→る -> る→う -> う→る -> る→う -> う→ぞ -> ぞ→ぴ -> ぴ→る -> る→う -> う→む -> む→ぽ -> ぽ→る -> る→く -> く→る -> る→く -> く→る -> る→く -> く→る -> る→く -> く→る -> る→く -> く→る -> る→く -> く→る -> る→く -> く→る -> る→く -> く→る -> る→り -> り→る -> る→と -> と→る -> る→と -> と→る -> る→と -> と→る -> る→と -> と→る -> る→と -> と→る
greedy vs alpha_beta,greedy,alpha_beta,D50000_seed0_greedy_vs_alpha_beta_0,50000,0,second,ended_with_n,117,first,greedy,る,4315,63,31,1,0,,,る,と,と,1.7e-05,False,-22441.0,,,,,12,ず→ず -> ず→る -> る→る -> る→る -> る→る -> る→る -> る→ぽ -> ぽ→る -> る→ぷ -> ぷ→る -> る→ぷ -> ぷ→る -> る→べ -> べ→る -> る→ぐ -> ぐ→る -> る→び -> び→る -> る→ね -> ね→る -> る→む -> む→る -> る→む -> む→る -> る→む -> む→る -> る→げ -> げ→る -> る→ゆ -> ゆ→る -> る→ゆ -> ゆ→る -> る→つ -> つ→る -> る→つ -> つ→る -> る→つ -> つ→る -> る→つ -> つ→る -> る→つ -> つ→る -> る→よ -> よ→る -> る→よ -> よ→る -> る→な -> な→る -> る→な -> な→る -> る→う -> う→る -> る→う -> う→る -> る→う -> う→る -> る→う -> う→る -> る→う -> う→る -> る→う -> う→る -> る→う -> う→る -> る→う -> う→る -> る→う -> う→る -> る→う -> う→む -> む→ず -> ず→ず -> ず→ぷ -> ぷ→る -> る→う -> う→ず -> ず→む -> む→る -> る→う -> う→る -> る→う -> う→ぞ -> ぞ→ぴ -> ぴ→る -> る→う -> う→む -> む→ぽ -> ぽ→る -> る→く -> く→る -> る→く -> く→る -> る→く -> く→る -> る→く -> く→る -> る→く -> く→る -> る→く -> く→る -> る→く -> く→る -> る→く -> く→る -> る→り -> り→る -> る→と -> と→る -> る→と -> と→る -> る→と -> と→る -> る→と -> と→る -> る→と -> と→る -> る→と
greedy vs alpha_beta,greedy,alpha_beta,D50000_seed0_greedy_vs_alpha_beta_0,50000,0,second,ended_with_n,118,second,alpha_beta,と,2171,31,63,14,13,,,と,る,る,0.039249,False,5685.0,4,4,True,267,20,ず→ず -> ず→る -> る→る -> る→る -> る→る -> る→る -> る→ぽ -> ぽ→る -> る→ぷ -> ぷ→る -> る→ぷ -> ぷ→る -> る→べ -> べ→る -> る→ぐ -> ぐ→る -> る→び -> び→る -> る→ね -> ね→る -> る→む -> む→る -> る→む -> む→る -> る→む -> む→る -> る→げ -> げ→る -> る→ゆ -> ゆ→る -> る→ゆ -> ゆ→る -> る→つ -> つ→る -> る→つ -> つ→る -> る→つ -> つ→る -> る→つ -> つ→る -> る→つ -> つ→る -> る→よ -> よ→る -> る→よ -> よ→る -> る→な -> な→る -> る→な -> な→る -> る→う -> う→る -> る→う -> う→る -> る→う -> う→る -> る→う -> う→る -> る→う -> う→る -> る→う -> う→る -> る→う -> う→る -> る→う -> う→る -> る→う -> う→る -> る→う -> う→む -> む→ず -> ず→ず -> ず→ぷ -> ぷ→る -> る→う -> う→ず -> ず→む -> む→る -> る→う -> う→る -> る→う -> う→ぞ -> ぞ→ぴ -> ぴ→る -> る→う -> う→む -> む→ぽ -> ぽ→る -> る→く -> く→る -> る→く -> く→る -> る→く -> く→る -> る→く -> く→る -> る→く -> く→る -> る→く -> く→る -> る→く -> く→る -> る→く -> く→る -> る→り -> り→る -> る→と -> と→る -> る→と -> と→る -> る→と -> と→る -> る→と -> と→る -> る→と -> と→る -> る→と -> と→る
greedy vs alpha_beta,greedy,alpha_beta,D50000_seed0_greedy_vs_alpha_beta_0,50000,0,second,ended_with_n,119,first,greedy,る,4309,63,25,2,1,,,る,た,た,1.6e-05,False,-22821.0,,,,,11,ず→ず -> ず→る -> る→る -> る→る -> る→る -> る→る -> る→ぽ -> ぽ→る -> る→ぷ -> ぷ→る -> る→ぷ -> ぷ→る -> る→べ -> べ→る -> る→ぐ -> ぐ→る -> る→び -> び→る -> る→ね -> ね→る -> る→む -> む→る -> る→む -> む→る -> る→む -> む→る -> る→げ -> げ→る -> る→ゆ -> ゆ→る -> る→ゆ -> ゆ→る -> る→つ -> つ→る -> る→つ -> つ→る -> る→つ -> つ→る -> る→つ -> つ→る -> る→つ -> つ→る -> る→よ -> よ→る -> る→よ -> よ→る -> る→な -> な→る -> る→な -> な→る -> る→う -> う→る -> る→う -> う→る -> る→う -> う→る -> る→う -> う→る -> る→う -> う→る -> る→う -> う→る -> る→う -> う→る -> る→う -> う→る -> る→う -> う→る -> る→う -> う→む -> む→ず -> ず→ず -> ず→ぷ -> ぷ→る -> る→う -> う→ず -> ず→む -> む→る -> る→う -> う→る -> る→う -> う→ぞ -> ぞ→ぴ -> ぴ→る -> る→う -> う→む -> む→ぽ -> ぽ→る -> る→く -> く→る -> る→く -> く→る -> る→く -> く→る -> る→く -> く→る -> る→く -> く→る -> る→く -> く→る -> る→く -> く→る -> る→く -> く→る -> る→り -> り→る -> る→と -> と→る -> る→と -> と→る -> る→と -> と→る -> る→と -> と→る -> る→と -> と→る -> る→と -> と→る -> る→た
greedy vs alpha_beta,greedy,alpha_beta,D50000_seed0_greedy_vs_alpha_beta_0,50000,0,second,ended_with_n,120,second,alpha_beta,た,1763,25,63,14,13,,,た,る,る,0.04096,False,5708.0,4,4,True,285,20,ず→ず -> ず→る -> る→る -> る→る -> る→る -> る→る -> る→ぽ -> ぽ→る -> る→ぷ -> ぷ→る -> る→ぷ -> ぷ→る -> る→べ -> べ→る -> る→ぐ -> ぐ→る -> る→び -> び→る -> る→ね -> ね→る -> る→む -> む→る -> る→む -> む→る -> る→む -> む→る -> る→げ -> げ→る -> る→ゆ -> ゆ→る -> る→ゆ -> ゆ→る -> る→つ -> つ→る -> る→つ -> つ→る -> る→つ -> つ→る -> る→つ -> つ→る -> る→つ -> つ→る -> る→よ -> よ→る -> る→よ -> よ→る -> る→な -> な→る -> る→な -> な→る -> る→う -> う→る -> る→う -> う→る -> る→う -> う→る -> る→う -> う→る -> る→う -> う→る -> る→う -> う→る -> る→う -> う→る -> る→う -> う→る -> る→う -> う→る -> る→う -> う→む -> む→ず -> ず→ず -> ず→ぷ -> ぷ→る -> る→う -> う→ず -> ず→む -> む→る -> る→う -> う→る -> る→う -> う→ぞ -> ぞ→ぴ -> ぴ→る -> る→う -> う→む -> む→ぽ -> ぽ→る -> る→く -> く→る -> る→く -> く→る -> る→く -> く→る -> る→く -> く→る -> る→く -> く→る -> る→く -> く→る -> る→く -> く→る -> る→く -> く→る -> る→り -> り→る -> る→と -> と→る -> る→と -> と→る -> る→と -> と→る -> る→と -> と→る -> る→と -> と→る -> る→と -> と→る -> る→た -> た→る
greedy vs alpha_beta,greedy,alpha_beta,D50000_seed0_greedy_vs_alpha_beta_0,50000,0,second,ended_with_n,121,first,greedy,る,4309,63,25,1,0,,,る,た,た,1.6e-05,False,-22798.0,,,,,11,ず→ず -> ず→る -> る→る -> る→る -> る→る -> る→る -> る→ぽ -> ぽ→る -> る→ぷ -> ぷ→る -> る→ぷ -> ぷ→る -> る→べ -> べ→る -> る→ぐ -> ぐ→る -> る→び -> び→る -> る→ね -> ね→る -> る→む -> む→る -> る→む -> む→る -> る→む -> む→る -> る→げ -> げ→る -> る→ゆ -> ゆ→る -> る→ゆ -> ゆ→る -> る→つ -> つ→る -> る→つ -> つ→る -> る→つ -> つ→る -> る→つ -> つ→る -> る→つ -> つ→る -> る→よ -> よ→る -> る→よ -> よ→る -> る→な -> な→る -> る→な -> な→る -> る→う -> う→る -> る→う -> う→る -> る→う -> う→る -> る→う -> う→る -> る→う -> う→る -> る→う -> う→る -> る→う -> う→る -> る→う -> う→る -> る→う -> う→る -> る→う -> う→む -> む→ず -> ず→ず -> ず→ぷ -> ぷ→る -> る→う -> う→ず -> ず→む -> む→る -> る→う -> う→る -> る→う -> う→ぞ -> ぞ→ぴ -> ぴ→る -> る→う -> う→む -> む→ぽ -> ぽ→る -> る→く -> く→る -> る→く -> く→る -> る→く -> く→る -> る→く -> く→る -> る→く -> く→る -> る→く -> く→る -> る→く -> く→る -> る→く -> く→る -> る→り -> り→る -> る→と -> と→る -> る→と -> と→る -> る→と -> と→る -> る→と -> と→る -> る→と -> と→る -> る→と -> と→る -> る→た -> た→る -> る→た
greedy vs alpha_beta,greedy,alpha_beta,D50000_seed0_greedy_vs_alpha_beta_0,50000,0,second,ended_with_n,122,second,alpha_beta,た,1763,25,63,13,12,,,た,る,る,0.034871,False,6079.0,4,4,True,250,20,ず→ず -> ず→る -> る→る -> る→る -> る→る -> る→る -> る→ぽ -> ぽ→る -> る→ぷ -> ぷ→る -> る→ぷ -> ぷ→る -> る→べ -> べ→る -> る→ぐ -> ぐ→る -> る→び -> び→る -> る→ね -> ね→る -> る→む -> む→る -> る→む -> む→る -> る→む -> む→る -> る→げ -> げ→る -> る→ゆ -> ゆ→る -> る→ゆ -> ゆ→る -> る→つ -> つ→る -> る→つ -> つ→る -> る→つ -> つ→る -> る→つ -> つ→る -> る→つ -> つ→る -> る→よ -> よ→る -> る→よ -> よ→る -> る→な -> な→る -> る→な -> な→る -> る→う -> う→る -> る→う -> う→る -> る→う -> う→る -> る→う -> う→る -> る→う -> う→る -> る→う -> う→る -> る→う -> う→る -> る→う -> う→る -> る→う -> う→る -> る→う -> う→む -> む→ず -> ず→ず -> ず→ぷ -> ぷ→る -> る→う -> う→ず -> ず→む -> む→る -> る→う -> う→る -> る→う -> う→ぞ -> ぞ→ぴ -> ぴ→る -> る→う -> う→む -> む→ぽ -> ぽ→る -> る→く -> く→る -> る→く -> く→る -> る→く -> く→る -> る→く -> く→る -> る→く -> く→る -> る→く -> く→る -> る→く -> く→る -> る→く -> く→る -> る→り -> り→る -> る→と -> と→る -> る→と -> と→る -> る→と -> と→る -> る→と -> と→る -> る→と -> と→る -> る→と -> と→る -> る→た -> た→る -> る→た -> た→る
greedy vs alpha_beta,greedy,alpha_beta,D50000_seed0_greedy_vs_alpha_beta_0,50000,0,second,ended_with_n,123,first,greedy,る,4303,63,19,7,6,,,る,す,す,1.5e-05,False,-23201.0,,,,,10,ず→ず -> ず→る -> る→る -> る→る -> る→る -> る→る -> る→ぽ -> ぽ→る -> る→ぷ -> ぷ→る -> る→ぷ -> ぷ→る -> る→べ -> べ→る -> る→ぐ -> ぐ→る -> る→び -> び→る -> る→ね -> ね→る -> る→む -> む→る -> る→む -> む→る -> る→む -> む→る -> る→げ -> げ→る -> る→ゆ -> ゆ→る -> る→ゆ -> ゆ→る -> る→つ -> つ→る -> る→つ -> つ→る -> る→つ -> つ→る -> る→つ -> つ→る -> る→つ -> つ→る -> る→よ -> よ→る -> る→よ -> よ→る -> る→な -> な→る -> る→な -> な→る -> る→う -> う→る -> る→う -> う→る -> る→う -> う→る -> る→う -> う→る -> る→う -> う→る -> る→う -> う→る -> る→う -> う→る -> る→う -> う→る -> る→う -> う→る -> る→う -> う→む -> む→ず -> ず→ず -> ず→ぷ -> ぷ→る -> る→う -> う→ず -> ず→む -> む→る -> る→う -> う→る -> る→う -> う→ぞ -> ぞ→ぴ -> ぴ→る -> る→う -> う→む -> む→ぽ -> ぽ→る -> る→く -> く→る -> る→く -> く→る -> る→く -> く→る -> る→く -> く→る -> る→く -> く→る -> る→く -> く→る -> る→く -> く→る -> る→く -> く→る -> る→り -> り→る -> る→と -> と→る -> る→と -> と→る -> る→と -> と→る -> る→と -> と→る -> る→と -> と→る -> る→と -> と→る -> る→た -> た→る -> る→た -> た→る -> る→す
greedy vs alpha_beta,greedy,alpha_beta,D50000_seed0_greedy_vs_alpha_beta_0,50000,0,second,ended_with_n,124,second,alpha_beta,す,1355,19,63,57,56,,,す,る,る,0.036882,False,6094.0,4,4,True,272,20,ず→ず -> ず→る -> る→る -> る→る -> る→る -> る→る -> る→ぽ -> ぽ→る -> る→ぷ -> ぷ→る -> る→ぷ -> ぷ→る -> る→べ -> べ→る -> る→ぐ -> ぐ→る -> る→び -> び→る -> る→ね -> ね→る -> る→む -> む→る -> る→む -> む→る -> る→む -> む→る -> る→げ -> げ→る -> る→ゆ -> ゆ→る -> る→ゆ -> ゆ→る -> る→つ -> つ→る -> る→つ -> つ→る -> る→つ -> つ→る -> る→つ -> つ→る -> る→つ -> つ→る -> る→よ -> よ→る -> る→よ -> よ→る -> る→な -> な→る -> る→な -> な→る -> る→う -> う→る -> る→う -> う→る -> る→う -> う→る -> る→う -> う→る -> る→う -> う→る -> る→う -> う→る -> る→う -> う→る -> る→う -> う→る -> る→う -> う→る -> る→う -> う→む -> む→ず -> ず→ず -> ず→ぷ -> ぷ→る -> る→う -> う→ず -> ず→む -> む→る -> る→う -> う→る -> る→う -> う→ぞ -> ぞ→ぴ -> ぴ→る -> る→う -> う→む -> む→ぽ -> ぽ→る -> る→く -> く→る -> る→く -> く→る -> る→く -> く→る -> る→く -> く→る -> る→く -> く→る -> る→く -> く→る -> る→く -> く→る -> る→く -> く→る -> る→り -> り→る -> る→と -> と→る -> る→と -> と→る -> る→と -> と→る -> る→と -> と→る -> る→と -> と→る -> る→と -> と→る -> る→た -> た→る -> る→た -> た→る -> る→す -> す→る
greedy vs alpha_beta,greedy,alpha_beta,D50000_seed0_greedy_vs_alpha_beta_0,50000,0,second,ended_with_n,125,first,greedy,る,4303,63,19,6,5,,,る,す,す,1.4e-05,False,-23178.0,,,,,10,ず→ず -> ず→る -> る→る -> る→る -> る→る -> る→る -> る→ぽ -> ぽ→る -> る→ぷ -> ぷ→る -> る→ぷ -> ぷ→る -> る→べ -> べ→る -> る→ぐ -> ぐ→る -> る→び -> び→る -> る→ね -> ね→る -> る→む -> む→る -> る→む -> む→る -> る→む -> む→る -> る→げ -> げ→る -> る→ゆ -> ゆ→る -> る→ゆ -> ゆ→る -> る→つ -> つ→る -> る→つ -> つ→る -> る→つ -> つ→る -> る→つ -> つ→る -> る→つ -> つ→る -> る→よ -> よ→る -> る→よ -> よ→る -> る→な -> な→る -> る→な -> な→る -> る→う -> う→る -> る→う -> う→る -> る→う -> う→る -> る→う -> う→る -> る→う -> う→る -> る→う -> う→る -> る→う -> う→る -> る→う -> う→る -> る→う -> う→る -> る→う -> う→む -> む→ず -> ず→ず -> ず→ぷ -> ぷ→る -> る→う -> う→ず -> ず→む -> む→る -> る→う -> う→る -> る→う -> う→ぞ -> ぞ→ぴ -> ぴ→る -> る→う -> う→む -> む→ぽ -> ぽ→る -> る→く -> く→る -> る→く -> く→る -> る→く -> く→る -> る→く -> く→る -> る→く -> く→る -> る→く -> く→る -> る→く -> く→る -> る→く -> く→る -> る→り -> り→る -> る→と -> と→る -> る→と -> と→る -> る→と -> と→る -> る→と -> と→る -> る→と -> と→る -> る→と -> と→る -> る→た -> た→る -> る→た -> た→る -> る→す -> す→る -> る→す
greedy vs alpha_beta,greedy,alpha_beta,D50000_seed0_greedy_vs_alpha_beta_0,50000,0,second,ended_with_n,126,second,alpha_beta,す,1355,19,63,56,55,,,す,る,る,0.036646,False,6109.0,4,4,True,272,20,ず→ず -> ず→る -> る→る -> る→る -> る→る -> る→る -> る→ぽ -> ぽ→る -> る→ぷ -> ぷ→る -> る→ぷ -> ぷ→る -> る→べ -> べ→る -> る→ぐ -> ぐ→る -> る→び -> び→る -> る→ね -> ね→る -> る→む -> む→る -> る→む -> む→る -> る→む -> む→る -> る→げ -> げ→る -> る→ゆ -> ゆ→る -> る→ゆ -> ゆ→る -> る→つ -> つ→る -> る→つ -> つ→る -> る→つ -> つ→る -> る→つ -> つ→る -> る→つ -> つ→る -> る→よ -> よ→る -> る→よ -> よ→る -> る→な -> な→る -> る→な -> な→る -> る→う -> う→る -> る→う -> う→る -> る→う -> う→る -> る→う -> う→る -> る→う -> う→る -> る→う -> う→る -> る→う -> う→る -> る→う -> う→る -> る→う -> う→る -> る→う -> う→む -> む→ず -> ず→ず -> ず→ぷ -> ぷ→る -> る→う -> う→ず -> ず→む -> む→る -> る→う -> う→る -> る→う -> う→ぞ -> ぞ→ぴ -> ぴ→る -> る→う -> う→む -> む→ぽ -> ぽ→る -> る→く -> く→る -> る→く -> く→る -> る→く -> く→る -> る→く -> く→る -> る→く -> く→る -> る→く -> く→る -> る→く -> く→る -> る→く -> く→る -> る→り -> り→る -> る→と -> と→る -> る→と -> と→る -> る→と -> と→る -> る→と -> と→る -> る→と -> と→る -> る→と -> と→る -> る→た -> た→る -> る→た -> た→る -> る→す -> す→る -> る→す -> す→る
greedy vs alpha_beta,greedy,alpha_beta,D50000_seed0_greedy_vs_alpha_beta_0,50000,0,second,ended_with_n,127,first,greedy,る,4303,63,19,5,4,,,る,す,す,1.4e-05,False,-23155.0,,,,,10,ず→ず -> ず→る -> る→る -> る→る -> る→る -> る→る -> る→ぽ -> ぽ→る -> る→ぷ -> ぷ→る -> る→ぷ -> ぷ→る -> る→べ -> べ→る -> る→ぐ -> ぐ→る -> る→び -> び→る -> る→ね -> ね→る -> る→む -> む→る -> る→む -> む→る -> る→む -> む→る -> る→げ -> げ→る -> る→ゆ -> ゆ→る -> る→ゆ -> ゆ→る -> る→つ -> つ→る -> る→つ -> つ→る -> る→つ -> つ→る -> る→つ -> つ→る -> る→つ -> つ→る -> る→よ -> よ→る -> る→よ -> よ→る -> る→な -> な→る -> る→な -> な→る -> る→う -> う→る -> る→う -> う→る -> る→う -> う→る -> る→う -> う→る -> る→う -> う→る -> る→う -> う→る -> る→う -> う→る -> る→う -> う→る -> る→う -> う→る -> る→う -> う→む -> む→ず -> ず→ず -> ず→ぷ -> ぷ→る -> る→う -> う→ず -> ず→む -> む→る -> る→う -> う→る -> る→う -> う→ぞ -> ぞ→ぴ -> ぴ→る -> る→う -> う→む -> む→ぽ -> ぽ→る -> る→く -> く→る -> る→く -> く→る -> る→く -> く→る -> る→く -> く→る -> る→く -> く→る -> る→く -> く→る -> る→く -> く→る -> る→く -> く→る -> る→り -> り→る -> る→と -> と→る -> る→と -> と→る -> る→と -> と→る -> る→と -> と→る -> る→と -> と→る -> る→と -> と→る -> る→た -> た→る -> る→た -> た→る -> る→す -> す→る -> る→す -> す→る -> る→す
greedy vs alpha_beta,greedy,alpha_beta,D50000_seed0_greedy_vs_alpha_beta_0,50000,0,second,ended_with_n,128,second,alpha_beta,す,1355,19,63,55,54,,,す,る,る,0.036856,False,6124.0,4,4,True,272,20,ず→ず -> ず→る -> る→る -> る→る -> る→る -> る→る -> る→ぽ -> ぽ→る -> る→ぷ -> ぷ→る -> る→ぷ -> ぷ→る -> る→べ -> べ→る -> る→ぐ -> ぐ→る -> る→び -> び→る -> る→ね -> ね→る -> る→む -> む→る -> る→む -> む→る -> る→む -> む→る -> る→げ -> げ→る -> る→ゆ -> ゆ→る -> る→ゆ -> ゆ→る -> る→つ -> つ→る -> る→つ -> つ→る -> る→つ -> つ→る -> る→つ -> つ→る -> る→つ -> つ→る -> る→よ -> よ→る -> る→よ -> よ→る -> る→な -> な→る -> る→な -> な→る -> る→う -> う→る -> る→う -> う→る -> る→う -> う→る -> る→う -> う→る -> る→う -> う→る -> る→う -> う→る -> る→う -> う→る -> る→う -> う→る -> る→う -> う→る -> る→う -> う→む -> む→ず -> ず→ず -> ず→ぷ -> ぷ→る -> る→う -> う→ず -> ず→む -> む→る -> る→う -> う→る -> る→う -> う→ぞ -> ぞ→ぴ -> ぴ→る -> る→う -> う→む -> む→ぽ -> ぽ→る -> る→く -> く→る -> る→く -> く→る -> る→く -> く→る -> る→く -> く→る -> る→く -> く→る -> る→く -> く→る -> る→く -> く→る -> る→く -> く→る -> る→り -> り→る -> る→と -> と→る -> る→と -> と→る -> る→と -> と→る -> る→と -> と→る -> る→と -> と→る -> る→と -> と→る -> る→た -> た→る -> る→た -> た→る -> る→す -> す→る -> る→す -> す→る -> る→す -> す→る
greedy vs alpha_beta,greedy,alpha_beta,D50000_seed0_greedy_vs_alpha_beta_0,50000,0,second,ended_with_n,129,first,greedy,る,4303,63,19,4,3,,,る,す,す,1.5e-05,False,-23132.0,,,,,10,ず→ず -> ず→る -> る→る -> る→る -> る→る -> る→る -> る→ぽ -> ぽ→る -> る→ぷ -> ぷ→る -> る→ぷ -> ぷ→る -> る→べ -> べ→る -> る→ぐ -> ぐ→る -> る→び -> び→る -> る→ね -> ね→る -> る→む -> む→る -> る→む -> む→る -> る→む -> む→る -> る→げ -> げ→る -> る→ゆ -> ゆ→る -> る→ゆ -> ゆ→る -> る→つ -> つ→る -> る→つ -> つ→る -> る→つ -> つ→る -> る→つ -> つ→る -> る→つ -> つ→る -> る→よ -> よ→る -> る→よ -> よ→る -> る→な -> な→る -> る→な -> な→る -> る→う -> う→る -> る→う -> う→る -> る→う -> う→る -> る→う -> う→る -> る→う -> う→る -> る→う -> う→る -> る→う -> う→る -> る→う -> う→る -> る→う -> う→る -> る→う -> う→む -> む→ず -> ず→ず -> ず→ぷ -> ぷ→る -> る→う -> う→ず -> ず→む -> む→る -> る→う -> う→る -> る→う -> う→ぞ -> ぞ→ぴ -> ぴ→る -> る→う -> う→む -> む→ぽ -> ぽ→る -> る→く -> く→る -> る→く -> く→る -> る→く -> く→る -> る→く -> く→る -> る→く -> く→る -> る→く -> く→る -> る→く -> く→る -> る→く -> く→る -> る→り -> り→る -> る→と -> と→る -> る→と -> と→る -> る→と -> と→る -> る→と -> と→る -> る→と -> と→る -> る→と -> と→る -> る→た -> た→る -> る→た -> た→る -> る→す -> す→る -> る→す -> す→る -> る→す -> す→る -> る→す
greedy vs alpha_beta,greedy,alpha_beta,D50000_seed0_greedy_vs_alpha_beta_0,50000,0,second,ended_with_n,130,second,alpha_beta,す,1355,19,63,54,53,,,す,る,る,0.036804,False,6139.0,4,4,True,272,20,ず→ず -> ず→る -> る→る -> る→る -> る→る -> る→る -> る→ぽ -> ぽ→る -> る→ぷ -> ぷ→る -> る→ぷ -> ぷ→る -> る→べ -> べ→る -> る→ぐ -> ぐ→る -> る→び -> び→る -> る→ね -> ね→る -> る→む -> む→る -> る→む -> む→る -> る→む -> む→る -> る→げ -> げ→る -> る→ゆ -> ゆ→る -> る→ゆ -> ゆ→る -> る→つ -> つ→る -> る→つ -> つ→る -> る→つ -> つ→る -> る→つ -> つ→る -> る→つ -> つ→る -> る→よ -> よ→る -> る→よ -> よ→る -> る→な -> な→る -> る→な -> な→る -> る→う -> う→る -> る→う -> う→る -> る→う -> う→る -> る→う -> う→る -> る→う -> う→る -> る→う -> う→る -> る→う -> う→る -> る→う -> う→る -> る→う -> う→る -> る→う -> う→む -> む→ず -> ず→ず -> ず→ぷ -> ぷ→る -> る→う -> う→ず -> ず→む -> む→る -> る→う -> う→る -> る→う -> う→ぞ -> ぞ→ぴ -> ぴ→る -> る→う -> う→む -> む→ぽ -> ぽ→る -> る→く -> く→る -> る→く -> く→る -> る→く -> く→る -> る→く -> く→る -> る→く -> く→る -> る→く -> く→る -> る→く -> く→る -> る→く -> く→る -> る→り -> り→る -> る→と -> と→る -> る→と -> と→る -> る→と -> と→る -> る→と -> と→る -> る→と -> と→る -> る→と -> と→る -> る→た -> た→る -> る→た -> た→る -> る→す -> す→る -> る→す -> す→る -> る→す -> す→る -> る→す -> す→る
greedy vs alpha_beta,greedy,alpha_beta,D50000_seed0_greedy_vs_alpha_beta_0,50000,0,second,ended_with_n,131,first,greedy,る,4303,63,19,3,2,,,る,す,す,1.5e-05,False,-23109.0,,,,,10,ず→ず -> ず→る -> る→る -> る→る -> る→る -> る→る -> る→ぽ -> ぽ→る -> る→ぷ -> ぷ→る -> る→ぷ -> ぷ→る -> る→べ -> べ→る -> る→ぐ -> ぐ→る -> る→び -> び→る -> る→ね -> ね→る -> る→む -> む→る -> る→む -> む→る -> る→む -> む→る -> る→げ -> げ→る -> る→ゆ -> ゆ→る -> る→ゆ -> ゆ→る -> る→つ -> つ→る -> る→つ -> つ→る -> る→つ -> つ→る -> る→つ -> つ→る -> る→つ -> つ→る -> る→よ -> よ→る -> る→よ -> よ→る -> る→な -> な→る -> る→な -> な→る -> る→う -> う→る -> る→う -> う→る -> る→う -> う→る -> る→う -> う→る -> る→う -> う→る -> る→う -> う→る -> る→う -> う→る -> る→う -> う→る -> る→う -> う→る -> る→う -> う→む -> む→ず -> ず→ず -> ず→ぷ -> ぷ→る -> る→う -> う→ず -> ず→む -> む→る -> る→う -> う→る -> る→う -> う→ぞ -> ぞ→ぴ -> ぴ→る -> る→う -> う→む -> む→ぽ -> ぽ→る -> る→く -> く→る -> る→く -> く→る -> る→く -> く→る -> る→く -> く→る -> る→く -> く→る -> る→く -> く→る -> る→く -> く→る -> る→く -> く→る -> る→り -> り→る -> る→と -> と→る -> る→と -> と→る -> る→と -> と→る -> る→と -> と→る -> る→と -> と→る -> る→と -> と→る -> る→た -> た→る -> る→た -> た→る -> る→す -> す→る -> る→す -> す→る -> る→す -> す→る -> る→す -> す→る -> る→す
greedy vs alpha_beta,greedy,alpha_beta,D50000_seed0_greedy_vs_alpha_beta_0,50000,0,second,ended_with_n,132,second,alpha_beta,す,1355,19,63,53,52,,,す,る,る,0.036706,False,6154.0,4,4,True,272,20,ず→ず -> ず→る -> る→る -> る→る -> る→る -> る→る -> る→ぽ -> ぽ→る -> る→ぷ -> ぷ→る -> る→ぷ -> ぷ→る -> る→べ -> べ→る -> る→ぐ -> ぐ→る -> る→び -> び→る -> る→ね -> ね→る -> る→む -> む→る -> る→む -> む→る -> る→む -> む→る -> る→げ -> げ→る -> る→ゆ -> ゆ→る -> る→ゆ -> ゆ→る -> る→つ -> つ→る -> る→つ -> つ→る -> る→つ -> つ→る -> る→つ -> つ→る -> る→つ -> つ→る -> る→よ -> よ→る -> る→よ -> よ→る -> る→な -> な→る -> る→な -> な→る -> る→う -> う→る -> る→う -> う→る -> る→う -> う→る -> る→う -> う→る -> る→う -> う→る -> る→う -> う→る -> る→う -> う→る -> る→う -> う→る -> る→う -> う→る -> る→う -> う→む -> む→ず -> ず→ず -> ず→ぷ -> ぷ→る -> る→う -> う→ず -> ず→む -> む→る -> る→う -> う→る -> る→う -> う→ぞ -> ぞ→ぴ -> ぴ→る -> る→う -> う→む -> む→ぽ -> ぽ→る -> る→く -> く→る -> る→く -> く→る -> る→く -> く→る -> る→く -> く→る -> る→く -> く→る -> る→く -> く→る -> る→く -> く→る -> る→く -> く→る -> る→り -> り→る -> る→と -> と→る -> る→と -> と→る -> る→と -> と→る -> る→と -> と→る -> る→と -> と→る -> る→と -> と→る -> る→た -> た→る -> る→た -> た→る -> る→す -> す→る -> る→す -> す→る -> る→す -> す→る -> る→す -> す→る -> る→す -> す→る
greedy vs alpha_beta,greedy,alpha_beta,D50000_seed0_greedy_vs_alpha_beta_0,50000,0,second,ended_with_n,133,first,greedy,る,4303,63,19,2,1,,,る,す,す,2.3e-05,False,-23086.0,,,,,10,ず→ず -> ず→る -> る→る -> る→る -> る→る -> る→る -> る→ぽ -> ぽ→る -> る→ぷ -> ぷ→る -> る→ぷ -> ぷ→る -> る→べ -> べ→る -> る→ぐ -> ぐ→る -> る→び -> び→る -> る→ね -> ね→る -> る→む -> む→る -> る→む -> む→る -> る→む -> む→る -> る→げ -> げ→る -> る→ゆ -> ゆ→る -> る→ゆ -> ゆ→る -> る→つ -> つ→る -> る→つ -> つ→る -> る→つ -> つ→る -> る→つ -> つ→る -> る→つ -> つ→る -> る→よ -> よ→る -> る→よ -> よ→る -> る→な -> な→る -> る→な -> な→る -> る→う -> う→る -> る→う -> う→る -> る→う -> う→る -> る→う -> う→る -> る→う -> う→る -> る→う -> う→る -> る→う -> う→る -> る→う -> う→る -> る→う -> う→る -> る→う -> う→む -> む→ず -> ず→ず -> ず→ぷ -> ぷ→る -> る→う -> う→ず -> ず→む -> む→る -> る→う -> う→る -> る→う -> う→ぞ -> ぞ→ぴ -> ぴ→る -> る→う -> う→む -> む→ぽ -> ぽ→る -> る→く -> く→る -> る→く -> く→る -> る→く -> く→る -> る→く -> く→る -> る→く -> く→る -> る→く -> く→る -> る→く -> く→る -> る→く -> く→る -> る→り -> り→る -> る→と -> と→る -> る→と -> と→る -> る→と -> と→る -> る→と -> と→る -> る→と -> と→る -> る→と -> と→る -> る→た -> た→る -> る→た -> た→る -> る→す -> す→る -> る→す -> す→る -> る→す -> す→る -> る→す -> す→る -> る→す -> す→る -> る→す
greedy vs alpha_beta,greedy,alpha_beta,D50000_seed0_greedy_vs_alpha_beta_0,50000,0,second,ended_with_n,134,second,alpha_beta,す,1355,19,63,52,51,,,す,る,る,0.038593,False,6177.0,4,4,True,290,20,ず→ず -> ず→る -> る→る -> る→る -> る→る -> る→る -> る→ぽ -> ぽ→る -> る→ぷ -> ぷ→る -> る→ぷ -> ぷ→る -> る→べ -> べ→る -> る→ぐ -> ぐ→る -> る→び -> び→る -> る→ね -> ね→る -> る→む -> む→る -> る→む -> む→る -> る→む -> む→る -> る→げ -> げ→る -> る→ゆ -> ゆ→る -> る→ゆ -> ゆ→る -> る→つ -> つ→る -> る→つ -> つ→る -> る→つ -> つ→る -> る→つ -> つ→る -> る→つ -> つ→る -> る→よ -> よ→る -> る→よ -> よ→る -> る→な -> な→る -> る→な -> な→る -> る→う -> う→る -> る→う -> う→る -> る→う -> う→る -> る→う -> う→る -> る→う -> う→る -> る→う -> う→る -> る→う -> う→る -> る→う -> う→る -> る→う -> う→る -> る→う -> う→む -> む→ず -> ず→ず -> ず→ぷ -> ぷ→る -> る→う -> う→ず -> ず→む -> む→る -> る→う -> う→る -> る→う -> う→ぞ -> ぞ→ぴ -> ぴ→る -> る→う -> う→む -> む→ぽ -> ぽ→る -> る→く -> く→る -> る→く -> く→る -> る→く -> く→る -> る→く -> く→る -> る→く -> く→る -> る→く -> く→る -> る→く -> く→る -> る→く -> く→る -> る→り -> り→る -> る→と -> と→る -> る→と -> と→る -> る→と -> と→る -> る→と -> と→る -> る→と -> と→る -> る→と -> と→る -> る→た -> た→る -> る→た -> た→る -> る→す -> す→る -> る→す -> す→る -> る→す -> す→る -> る→す -> す→る -> る→す -> す→る -> る→す -> す→る
greedy vs alpha_beta,greedy,alpha_beta,D50000_seed0_greedy_vs_alpha_beta_0,50000,0,second,ended_with_n,135,first,greedy,る,4303,63,19,1,0,,,る,す,す,1.5e-05,False,-23063.0,,,,,10,ず→ず -> ず→る -> る→る -> る→る -> る→る -> る→る -> る→ぽ -> ぽ→る -> る→ぷ -> ぷ→る -> る→ぷ -> ぷ→る -> る→べ -> べ→る -> る→ぐ -> ぐ→る -> る→び -> び→る -> る→ね -> ね→る -> る→む -> む→る -> る→む -> む→る -> る→む -> む→る -> る→げ -> げ→る -> る→ゆ -> ゆ→る -> る→ゆ -> ゆ→る -> る→つ -> つ→る -> る→つ -> つ→る -> る→つ -> つ→る -> る→つ -> つ→る -> る→つ -> つ→る -> る→よ -> よ→る -> る→よ -> よ→る -> る→な -> な→る -> る→な -> な→る -> る→う -> う→る -> る→う -> う→る -> る→う -> う→る -> る→う -> う→る -> る→う -> う→る -> る→う -> う→る -> る→う -> う→る -> る→う -> う→る -> る→う -> う→る -> る→う -> う→む -> む→ず -> ず→ず -> ず→ぷ -> ぷ→る -> る→う -> う→ず -> ず→む -> む→る -> る→う -> う→る -> る→う -> う→ぞ -> ぞ→ぴ -> ぴ→る -> る→う -> う→む -> む→ぽ -> ぽ→る -> る→く -> く→る -> る→く -> く→る -> る→く -> く→る -> る→く -> く→る -> る→く -> く→る -> る→く -> く→る -> る→く -> く→る -> る→く -> く→る -> る→り -> り→る -> る→と -> と→る -> る→と -> と→る -> る→と -> と→る -> る→と -> と→る -> る→と -> と→る -> る→と -> と→る -> る→た -> た→る -> る→た -> た→る -> る→す -> す→る -> る→す -> す→る -> る→す -> す→る -> る→す -> す→る -> る→す -> す→る -> る→す -> す→る -> る→す
greedy vs alpha_beta,greedy,alpha_beta,D50000_seed0_greedy_vs_alpha_beta_0,50000,0,second,ended_with_n,136,second,alpha_beta,す,1355,19,63,51,50,,,す,る,る,0.035218,False,8496.0,4,4,True,275,20,ず→ず -> ず→る -> る→る -> る→る -> る→る -> る→る -> る→ぽ -> ぽ→る -> る→ぷ -> ぷ→る -> る→ぷ -> ぷ→る -> る→べ -> べ→る -> る→ぐ -> ぐ→る -> る→び -> び→る -> る→ね -> ね→る -> る→む -> む→る -> る→む -> む→る -> る→む -> む→る -> る→げ -> げ→る -> る→ゆ -> ゆ→る -> る→ゆ -> ゆ→る -> る→つ -> つ→る -> る→つ -> つ→る -> る→つ -> つ→る -> る→つ -> つ→る -> る→つ -> つ→る -> る→よ -> よ→る -> る→よ -> よ→る -> る→な -> な→る -> る→な -> な→る -> る→う -> う→る -> る→う -> う→る -> る→う -> う→る -> る→う -> う→る -> る→う -> う→る -> る→う -> う→る -> る→う -> う→る -> る→う -> う→る -> る→う -> う→る -> る→う -> う→む -> む→ず -> ず→ず -> ず→ぷ -> ぷ→る -> る→う -> う→ず -> ず→む -> む→る -> る→う -> う→る -> る→う -> う→ぞ -> ぞ→ぴ -> ぴ→る -> る→う -> う→む -> む→ぽ -> ぽ→る -> る→く -> く→る -> る→く -> く→る -> る→く -> く→る -> る→く -> く→る -> る→く -> く→る -> る→く -> く→る -> る→く -> く→る -> る→く -> く→る -> る→り -> り→る -> る→と -> と→る -> る→と -> と→る -> る→と -> と→る -> る→と -> と→る -> る→と -> と→る -> る→と -> と→る -> る→た -> た→る -> る→た -> た→る -> る→す -> す→る -> る→す -> す→る -> る→す -> す→る -> る→す -> す→る -> る→す -> す→る -> る→す -> す→る -> る→す -> す→る
greedy vs alpha_beta,greedy,alpha_beta,D50000_seed0_greedy_vs_alpha_beta_0,50000,0,second,ended_with_n,137,first,greedy,る,4328,63,44,3,2,,,る,ふ,ふ,1.3e-05,False,-31039.5,,,,,9,ず→ず -> ず→る -> る→る -> る→る -> る→る -> る→る -> る→ぽ -> ぽ→る -> る→ぷ -> ぷ→る -> る→ぷ -> ぷ→る -> る→べ -> べ→る -> る→ぐ -> ぐ→る -> る→び -> び→る -> る→ね -> ね→る -> る→む -> む→る -> る→む -> む→る -> る→む -> む→る -> る→げ -> げ→る -> る→ゆ -> ゆ→る -> る→ゆ -> ゆ→る -> る→つ -> つ→る -> る→つ -> つ→る -> る→つ -> つ→る -> る→つ -> つ→る -> る→つ -> つ→る -> る→よ -> よ→る -> る→よ -> よ→る -> る→な -> な→る -> る→な -> な→る -> る→う -> う→る -> る→う -> う→る -> る→う -> う→る -> る→う -> う→る -> る→う -> う→る -> る→う -> う→る -> る→う -> う→る -> る→う -> う→る -> る→う -> う→る -> る→う -> う→む -> む→ず -> ず→ず -> ず→ぷ -> ぷ→る -> る→う -> う→ず -> ず→む -> む→る -> る→う -> う→る -> る→う -> う→ぞ -> ぞ→ぴ -> ぴ→る -> る→う -> う→む -> む→ぽ -> ぽ→る -> る→く -> く→る -> る→く -> く→る -> る→く -> く→る -> る→く -> く→る -> る→く -> く→る -> る→く -> く→る -> る→く -> く→る -> る→く -> く→る -> る→り -> り→る -> る→と -> と→る -> る→と -> と→る -> る→と -> と→る -> る→と -> と→る -> る→と -> と→る -> る→と -> と→る -> る→た -> た→る -> る→た -> た→る -> る→す -> す→る -> る→す -> す→る -> る→す -> す→る -> る→す -> す→る -> る→す -> す→る -> る→す -> す→る -> る→す -> す→る -> る→ふ
greedy vs alpha_beta,greedy,alpha_beta,D50000_seed0_greedy_vs_alpha_beta_0,50000,0,second,ended_with_n,138,second,alpha_beta,ふ,3055,44,63,40,39,,,ふ,る,る,0.033967,False,8519.0,4,4,True,263,20,ず→ず -> ず→る -> る→る -> る→る -> る→る -> る→る -> る→ぽ -> ぽ→る -> る→ぷ -> ぷ→る -> る→ぷ -> ぷ→る -> る→べ -> べ→る -> る→ぐ -> ぐ→る -> る→び -> び→る -> る→ね -> ね→る -> る→む -> む→る -> る→む -> む→る -> る→む -> む→る -> る→げ -> げ→る -> る→ゆ -> ゆ→る -> る→ゆ -> ゆ→る -> る→つ -> つ→る -> る→つ -> つ→る -> る→つ -> つ→る -> る→つ -> つ→る -> る→つ -> つ→る -> る→よ -> よ→る -> る→よ -> よ→る -> る→な -> な→る -> る→な -> な→る -> る→う -> う→る -> る→う -> う→る -> る→う -> う→る -> る→う -> う→る -> る→う -> う→る -> る→う -> う→る -> る→う -> う→る -> る→う -> う→る -> る→う -> う→る -> る→う -> う→む -> む→ず -> ず→ず -> ず→ぷ -> ぷ→る -> る→う -> う→ず -> ず→む -> む→る -> る→う -> う→る -> る→う -> う→ぞ -> ぞ→ぴ -> ぴ→る -> る→う -> う→む -> む→ぽ -> ぽ→る -> る→く -> く→る -> る→く -> く→る -> る→く -> く→る -> る→く -> く→る -> る→く -> く→る -> る→く -> く→る -> る→く -> く→る -> る→く -> く→る -> る→り -> り→る -> る→と -> と→る -> る→と -> と→る -> る→と -> と→る -> る→と -> と→る -> る→と -> と→る -> る→と -> と→る -> る→た -> た→る -> る→た -> た→る -> る→す -> す→る -> る→す -> す→る -> る→す -> す→る -> る→す -> す→る -> る→す -> す→る -> る→す -> す→る -> る→す -> す→る -> る→ふ -> ふ→る
greedy vs alpha_beta,greedy,alpha_beta,D50000_seed0_greedy_vs_alpha_beta_0,50000,0,second,ended_with_n,139,first,greedy,る,4328,63,44,2,1,,,る,ふ,ふ,1.3e-05,False,-31016.5,,,,,9,ず→ず -> ず→る -> る→る -> る→る -> る→る -> る→る -> る→ぽ -> ぽ→る -> る→ぷ -> ぷ→る -> る→ぷ -> ぷ→る -> る→べ -> べ→る -> る→ぐ -> ぐ→る -> る→び -> び→る -> る→ね -> ね→る -> る→む -> む→る -> る→む -> む→る -> る→む -> む→る -> る→げ -> げ→る -> る→ゆ -> ゆ→る -> る→ゆ -> ゆ→る -> る→つ -> つ→る -> る→つ -> つ→る -> る→つ -> つ→る -> る→つ -> つ→る -> る→つ -> つ→る -> る→よ -> よ→る -> る→よ -> よ→る -> る→な -> な→る -> る→な -> な→る -> る→う -> う→る -> る→う -> う→る -> る→う -> う→る -> る→う -> う→る -> る→う -> う→る -> る→う -> う→る -> る→う -> う→る -> る→う -> う→る -> る→う -> う→る -> る→う -> う→む -> む→ず -> ず→ず -> ず→ぷ -> ぷ→る -> る→う -> う→ず -> ず→む -> む→る -> る→う -> う→る -> る→う -> う→ぞ -> ぞ→ぴ -> ぴ→る -> る→う -> う→む -> む→ぽ -> ぽ→る -> る→く -> く→る -> る→く -> く→る -> る→く -> く→る -> る→く -> く→る -> る→く -> く→る -> る→く -> く→る -> る→く -> く→る -> る→く -> く→る -> る→り -> り→る -> る→と -> と→る -> る→と -> と→る -> る→と -> と→る -> る→と -> と→る -> る→と -> と→る -> る→と -> と→る -> る→た -> た→る -> る→た -> た→る -> る→す -> す→る -> る→す -> す→る -> る→す -> す→る -> る→す -> す→る -> る→す -> す→る -> る→す -> す→る -> る→す -> す→る -> る→ふ -> ふ→る -> る→ふ
greedy vs alpha_beta,greedy,alpha_beta,D50000_seed0_greedy_vs_alpha_beta_0,50000,0,second,ended_with_n,140,second,alpha_beta,ふ,3055,44,63,39,38,,,ふ,る,る,0.033935,False,8542.0,4,4,True,263,20,ず→ず -> ず→る -> る→る -> る→る -> る→る -> る→る -> る→ぽ -> ぽ→る -> る→ぷ -> ぷ→る -> る→ぷ -> ぷ→る -> る→べ -> べ→る -> る→ぐ -> ぐ→る -> る→び -> び→る -> る→ね -> ね→る -> る→む -> む→る -> る→む -> む→る -> る→む -> む→る -> る→げ -> げ→る -> る→ゆ -> ゆ→る -> る→ゆ -> ゆ→る -> る→つ -> つ→る -> る→つ -> つ→る -> る→つ -> つ→る -> る→つ -> つ→る -> る→つ -> つ→る -> る→よ -> よ→る -> る→よ -> よ→る -> る→な -> な→る -> る→な -> な→る -> る→う -> う→る -> る→う -> う→る -> る→う -> う→る -> る→う -> う→る -> る→う -> う→る -> る→う -> う→る -> る→う -> う→る -> る→う -> う→る -> る→う -> う→る -> る→う -> う→む -> む→ず -> ず→ず -> ず→ぷ -> ぷ→る -> る→う -> う→ず -> ず→む -> む→る -> る→う -> う→る -> る→う -> う→ぞ -> ぞ→ぴ -> ぴ→る -> る→う -> う→む -> む→ぽ -> ぽ→る -> る→く -> く→る -> る→く -> く→る -> る→く -> く→る -> る→く -> く→る -> る→く -> く→る -> る→く -> く→る -> る→く -> く→る -> る→く -> く→る -> る→り -> り→る -> る→と -> と→る -> る→と -> と→る -> る→と -> と→る -> る→と -> と→る -> る→と -> と→る -> る→と -> と→る -> る→た -> た→る -> る→た -> た→る -> る→す -> す→る -> る→す -> す→る -> る→す -> す→る -> る→す -> す→る -> る→す -> す→る -> る→す -> す→る -> る→す -> す→る -> る→ふ -> ふ→る -> る→ふ -> ふ→る
greedy vs alpha_beta,greedy,alpha_beta,D50000_seed0_greedy_vs_alpha_beta_0,50000,0,second,ended_with_n,141,first,greedy,る,4328,63,44,1,0,,,る,ふ,ふ,1.3e-05,False,-30993.5,,,,,9,ず→ず -> ず→る -> る→る -> る→る -> る→る -> る→る -> る→ぽ -> ぽ→る -> る→ぷ -> ぷ→る -> る→ぷ -> ぷ→る -> る→べ -> べ→る -> る→ぐ -> ぐ→る -> る→び -> び→る -> る→ね -> ね→る -> る→む -> む→る -> る→む -> む→る -> る→む -> む→る -> る→げ -> げ→る -> る→ゆ -> ゆ→る -> る→ゆ -> ゆ→る -> る→つ -> つ→る -> る→つ -> つ→る -> る→つ -> つ→る -> る→つ -> つ→る -> る→つ -> つ→る -> る→よ -> よ→る -> る→よ -> よ→る -> る→な -> な→る -> る→な -> な→る -> る→う -> う→る -> る→う -> う→る -> る→う -> う→る -> る→う -> う→る -> る→う -> う→る -> る→う -> う→る -> る→う -> う→る -> る→う -> う→る -> る→う -> う→る -> る→う -> う→む -> む→ず -> ず→ず -> ず→ぷ -> ぷ→る -> る→う -> う→ず -> ず→む -> む→る -> る→う -> う→る -> る→う -> う→ぞ -> ぞ→ぴ -> ぴ→る -> る→う -> う→む -> む→ぽ -> ぽ→る -> る→く -> く→る -> る→く -> く→る -> る→く -> く→る -> る→く -> く→る -> る→く -> く→る -> る→く -> く→る -> る→く -> く→る -> る→く -> く→る -> る→り -> り→る -> る→と -> と→る -> る→と -> と→る -> る→と -> と→る -> る→と -> と→る -> る→と -> と→る -> る→と -> と→る -> る→た -> た→る -> る→た -> た→る -> る→す -> す→る -> る→す -> す→る -> る→す -> す→る -> る→す -> す→る -> る→す -> す→る -> る→す -> す→る -> る→す -> す→る -> る→ふ -> ふ→る -> る→ふ -> ふ→る -> る→ふ
greedy vs alpha_beta,greedy,alpha_beta,D50000_seed0_greedy_vs_alpha_beta_0,50000,0,second,ended_with_n,142,second,alpha_beta,ふ,3055,44,63,38,37,,,ふ,る,る,0.030414,False,8565.0,4,4,True,247,20,ず→ず -> ず→る -> る→る -> る→る -> る→る -> る→る -> る→ぽ -> ぽ→る -> る→ぷ -> ぷ→る -> る→ぷ -> ぷ→る -> る→べ -> べ→る -> る→ぐ -> ぐ→る -> る→び -> び→る -> る→ね -> ね→る -> る→む -> む→る -> る→む -> む→る -> る→む -> む→る -> る→げ -> げ→る -> る→ゆ -> ゆ→る -> る→ゆ -> ゆ→る -> る→つ -> つ→る -> る→つ -> つ→る -> る→つ -> つ→る -> る→つ -> つ→る -> る→つ -> つ→る -> る→よ -> よ→る -> る→よ -> よ→る -> る→な -> な→る -> る→な -> な→る -> る→う -> う→る -> る→う -> う→る -> る→う -> う→る -> る→う -> う→る -> る→う -> う→る -> る→う -> う→る -> る→う -> う→る -> る→う -> う→る -> る→う -> う→る -> る→う -> う→む -> む→ず -> ず→ず -> ず→ぷ -> ぷ→る -> る→う -> う→ず -> ず→む -> む→る -> る→う -> う→る -> る→う -> う→ぞ -> ぞ→ぴ -> ぴ→る -> る→う -> う→む -> む→ぽ -> ぽ→る -> る→く -> く→る -> る→く -> く→る -> る→く -> く→る -> る→く -> く→る -> る→く -> く→る -> る→く -> く→る -> る→く -> く→る -> る→く -> く→る -> る→り -> り→る -> る→と -> と→る -> る→と -> と→る -> る→と -> と→る -> る→と -> と→る -> る→と -> と→る -> る→と -> と→る -> る→た -> た→る -> る→た -> た→る -> る→す -> す→る -> る→す -> す→る -> る→す -> す→る -> る→す -> す→る -> る→す -> す→る -> る→す -> す→る -> る→す -> す→る -> る→ふ -> ふ→る -> る→ふ -> ふ→る -> る→ふ -> ふ→る
greedy vs alpha_beta,greedy,alpha_beta,D50000_seed0_greedy_vs_alpha_beta_0,50000,0,second,ended_with_n,143,first,greedy,る,4288,63,4,1,0,,,る,お,お,1.2e-05,False,-31230.0,,,,,8,ず→ず -> ず→る -> る→る -> る→る -> る→る -> る→る -> る→ぽ -> ぽ→る -> る→ぷ -> ぷ→る -> る→ぷ -> ぷ→る -> る→べ -> べ→る -> る→ぐ -> ぐ→る -> る→び -> び→る -> る→ね -> ね→る -> る→む -> む→る -> る→む -> む→る -> る→む -> む→る -> る→げ -> げ→る -> る→ゆ -> ゆ→る -> る→ゆ -> ゆ→る -> る→つ -> つ→る -> る→つ -> つ→る -> る→つ -> つ→る -> る→つ -> つ→る -> る→つ -> つ→る -> る→よ -> よ→る -> る→よ -> よ→る -> る→な -> な→る -> る→な -> な→る -> る→う -> う→る -> る→う -> う→る -> る→う -> う→る -> る→う -> う→る -> る→う -> う→る -> る→う -> う→る -> る→う -> う→る -> る→う -> う→る -> る→う -> う→る -> る→う -> う→む -> む→ず -> ず→ず -> ず→ぷ -> ぷ→る -> る→う -> う→ず -> ず→む -> む→る -> る→う -> う→る -> る→う -> う→ぞ -> ぞ→ぴ -> ぴ→る -> る→う -> う→む -> む→ぽ -> ぽ→る -> る→く -> く→る -> る→く -> く→る -> る→く -> く→る -> る→く -> く→る -> る→く -> く→る -> る→く -> く→る -> る→く -> く→る -> る→く -> く→る -> る→り -> り→る -> る→と -> と→る -> る→と -> と→る -> る→と -> と→る -> る→と -> と→る -> る→と -> と→る -> る→と -> と→る -> る→た -> た→る -> る→た -> た→る -> る→す -> す→る -> る→す -> す→る -> る→す -> す→る -> る→す -> す→る -> る→す -> す→る -> る→す -> す→る -> る→す -> す→る -> る→ふ -> ふ→る -> る→ふ -> ふ→る -> る→ふ -> ふ→る -> る→お
greedy vs alpha_beta,greedy,alpha_beta,D50000_seed0_greedy_vs_alpha_beta_0,50000,0,second,ended_with_n,144,second,alpha_beta,お,335,4,63,28,27,,,お,る,る,0.023698,False,8588.0,4,4,True,199,20,ず→ず -> ず→る -> る→る -> る→る -> る→る -> る→る -> る→ぽ -> ぽ→る -> る→ぷ -> ぷ→る -> る→ぷ -> ぷ→る -> る→べ -> べ→る -> る→ぐ -> ぐ→る -> る→び -> び→る -> る→ね -> ね→る -> る→む -> む→る -> る→む -> む→る -> る→む -> む→る -> る→げ -> げ→る -> る→ゆ -> ゆ→る -> る→ゆ -> ゆ→る -> る→つ -> つ→る -> る→つ -> つ→る -> る→つ -> つ→る -> る→つ -> つ→る -> る→つ -> つ→る -> る→よ -> よ→る -> る→よ -> よ→る -> る→な -> な→る -> る→な -> な→る -> る→う -> う→る -> る→う -> う→る -> る→う -> う→る -> る→う -> う→る -> る→う -> う→る -> る→う -> う→る -> る→う -> う→る -> る→う -> う→る -> る→う -> う→る -> る→う -> う→む -> む→ず -> ず→ず -> ず→ぷ -> ぷ→る -> る→う -> う→ず -> ず→む -> む→る -> る→う -> う→る -> る→う -> う→ぞ -> ぞ→ぴ -> ぴ→る -> る→う -> う→む -> む→ぽ -> ぽ→る -> る→く -> く→る -> る→く -> く→る -> る→く -> く→る -> る→く -> く→る -> る→く -> く→る -> る→く -> く→る -> る→く -> く→る -> る→く -> く→る -> る→り -> り→る -> る→と -> と→る -> る→と -> と→る -> る→と -> と→る -> る→と -> と→る -> る→と -> と→る -> る→と -> と→る -> る→た -> た→る -> る→た -> た→る -> る→す -> す→る -> る→す -> す→る -> る→す -> す→る -> る→す -> す→る -> る→す -> す→る -> る→す -> す→る -> る→す -> す→る -> る→ふ -> ふ→る -> る→ふ -> ふ→る -> る→ふ -> ふ→る -> る→お -> お→る
greedy vs alpha_beta,greedy,alpha_beta,D50000_seed0_greedy_vs_alpha_beta_0,50000,0,second,ended_with_n,145,first,greedy,る,4285,63,1,12,11,,,る,い,い,1e-05,False,-31512.0,,,,,7,ず→ず -> ず→る -> る→る -> る→る -> る→る -> る→る -> る→ぽ -> ぽ→る -> る→ぷ -> ぷ→る -> る→ぷ -> ぷ→る -> る→べ -> べ→る -> る→ぐ -> ぐ→る -> る→び -> び→る -> る→ね -> ね→る -> る→む -> む→る -> る→む -> む→る -> る→む -> む→る -> る→げ -> げ→る -> る→ゆ -> ゆ→る -> る→ゆ -> ゆ→る -> る→つ -> つ→る -> る→つ -> つ→る -> る→つ -> つ→る -> る→つ -> つ→る -> る→つ -> つ→る -> る→よ -> よ→る -> る→よ -> よ→る -> る→な -> な→る -> る→な -> な→る -> る→う -> う→る -> る→う -> う→る -> る→う -> う→る -> る→う -> う→る -> る→う -> う→る -> る→う -> う→る -> る→う -> う→る -> る→う -> う→る -> る→う -> う→る -> る→う -> う→む -> む→ず -> ず→ず -> ず→ぷ -> ぷ→る -> る→う -> う→ず -> ず→む -> む→る -> る→う -> う→る -> る→う -> う→ぞ -> ぞ→ぴ -> ぴ→る -> る→う -> う→む -> む→ぽ -> ぽ→る -> る→く -> く→る -> る→く -> く→る -> る→く -> く→る -> る→く -> く→る -> る→く -> く→る -> る→く -> く→る -> る→く -> く→る -> る→く -> く→る -> る→り -> り→る -> る→と -> と→る -> る→と -> と→る -> る→と -> と→る -> る→と -> と→る -> る→と -> と→る -> る→と -> と→る -> る→た -> た→る -> る→た -> た→る -> る→す -> す→る -> る→す -> す→る -> る→す -> す→る -> る→す -> す→る -> る→す -> す→る -> る→す -> す→る -> る→す -> す→る -> る→ふ -> ふ→る -> る→ふ -> ふ→る -> る→ふ -> ふ→る -> る→お -> お→る -> る→い
greedy vs alpha_beta,greedy,alpha_beta,D50000_seed0_greedy_vs_alpha_beta_0,50000,0,second,ended_with_n,146,second,alpha_beta,い,131,1,63,25,24,,,い,る,る,0.023555,False,8603.0,4,4,True,199,20,ず→ず -> ず→る -> る→る -> る→る -> る→る -> る→る -> る→ぽ -> ぽ→る -> る→ぷ -> ぷ→る -> る→ぷ -> ぷ→る -> る→べ -> べ→る -> る→ぐ -> ぐ→る -> る→び -> び→る -> る→ね -> ね→る -> る→む -> む→る -> る→む -> む→る -> る→む -> む→る -> る→げ -> げ→る -> る→ゆ -> ゆ→る -> る→ゆ -> ゆ→る -> る→つ -> つ→る -> る→つ -> つ→る -> る→つ -> つ→る -> る→つ -> つ→る -> る→つ -> つ→る -> る→よ -> よ→る -> る→よ -> よ→る -> る→な -> な→る -> る→な -> な→る -> る→う -> う→る -> る→う -> う→る -> る→う -> う→る -> る→う -> う→る -> る→う -> う→る -> る→う -> う→る -> る→う -> う→る -> る→う -> う→る -> る→う -> う→る -> る→う -> う→む -> む→ず -> ず→ず -> ず→ぷ -> ぷ→る -> る→う -> う→ず -> ず→む -> む→る -> る→う -> う→る -> る→う -> う→ぞ -> ぞ→ぴ -> ぴ→る -> る→う -> う→む -> む→ぽ -> ぽ→る -> る→く -> く→る -> る→く -> く→る -> る→く -> く→る -> る→く -> く→る -> る→く -> く→る -> る→く -> く→る -> る→く -> く→る -> る→く -> く→る -> る→り -> り→る -> る→と -> と→る -> る→と -> と→る -> る→と -> と→る -> る→と -> と→る -> る→と -> と→る -> る→と -> と→る -> る→た -> た→る -> る→た -> た→る -> る→す -> す→る -> る→す -> す→る -> る→す -> す→る -> る→す -> す→る -> る→す -> す→る -> る→す -> す→る -> る→す -> す→る -> る→ふ -> ふ→る -> る→ふ -> ふ→る -> る→ふ -> ふ→る -> る→お -> お→る -> る→い -> い→る
greedy vs alpha_beta,greedy,alpha_beta,D50000_seed0_greedy_vs_alpha_beta_0,50000,0,second,ended_with_n,147,first,greedy,る,4285,63,1,11,10,,,る,い,い,1e-05,False,-31489.0,,,,,7,ず→ず -> ず→る -> る→る -> る→る -> る→る -> る→る -> る→ぽ -> ぽ→る -> る→ぷ -> ぷ→る -> る→ぷ -> ぷ→る -> る→べ -> べ→る -> る→ぐ -> ぐ→る -> る→び -> び→る -> る→ね -> ね→る -> る→む -> む→る -> る→む -> む→る -> る→む -> む→る -> る→げ -> げ→る -> る→ゆ -> ゆ→る -> る→ゆ -> ゆ→る -> る→つ -> つ→る -> る→つ -> つ→る -> る→つ -> つ→る -> る→つ -> つ→る -> る→つ -> つ→る -> る→よ -> よ→る -> る→よ -> よ→る -> る→な -> な→る -> る→な -> な→る -> る→う -> う→る -> る→う -> う→る -> る→う -> う→る -> る→う -> う→る -> る→う -> う→る -> る→う -> う→る -> る→う -> う→る -> る→う -> う→る -> る→う -> う→る -> る→う -> う→む -> む→ず -> ず→ず -> ず→ぷ -> ぷ→る -> る→う -> う→ず -> ず→む -> む→る -> る→う -> う→る -> る→う -> う→ぞ -> ぞ→ぴ -> ぴ→る -> る→う -> う→む -> む→ぽ -> ぽ→る -> る→く -> く→る -> る→く -> く→る -> る→く -> く→る -> る→く -> く→る -> る→く -> く→る -> る→く -> く→る -> る→く -> く→る -> る→く -> く→る -> る→り -> り→る -> る→と -> と→る -> る→と -> と→る -> る→と -> と→る -> る→と -> と→る -> る→と -> と→る -> る→と -> と→る -> る→た -> た→る -> る→た -> た→る -> る→す -> す→る -> る→す -> す→る -> る→す -> す→る -> る→す -> す→る -> る→す -> す→る -> る→す -> す→る -> る→す -> す→る -> る→ふ -> ふ→る -> る→ふ -> ふ→る -> る→ふ -> ふ→る -> る→お -> お→る -> る→い -> い→る -> る→い
greedy vs alpha_beta,greedy,alpha_beta,D50000_seed0_greedy_vs_alpha_beta_0,50000,0,second,ended_with_n,148,second,alpha_beta,い,131,1,63,24,23,,,い,る,る,0.023691,False,8618.0,4,4,True,199,20,ず→ず -> ず→る -> る→る -> る→る -> る→る -> る→る -> る→ぽ -> ぽ→る -> る→ぷ -> ぷ→る -> る→ぷ -> ぷ→る -> る→べ -> べ→る -> る→ぐ -> ぐ→る -> る→び -> び→る -> る→ね -> ね→る -> る→む -> む→る -> る→む -> む→る -> る→む -> む→る -> る→げ -> げ→る -> る→ゆ -> ゆ→る -> る→ゆ -> ゆ→る -> る→つ -> つ→る -> る→つ -> つ→る -> る→つ -> つ→る -> る→つ -> つ→る -> る→つ -> つ→る -> る→よ -> よ→る -> る→よ -> よ→る -> る→な -> な→る -> る→な -> な→る -> る→う -> う→る -> る→う -> う→る -> る→う -> う→る -> る→う -> う→る -> る→う -> う→る -> る→う -> う→る -> る→う -> う→る -> る→う -> う→る -> る→う -> う→る -> る→う -> う→む -> む→ず -> ず→ず -> ず→ぷ -> ぷ→る -> る→う -> う→ず -> ず→む -> む→る -> る→う -> う→る -> る→う -> う→ぞ -> ぞ→ぴ -> ぴ→る -> る→う -> う→む -> む→ぽ -> ぽ→る -> る→く -> く→る -> る→く -> く→る -> る→く -> く→る -> る→く -> く→る -> る→く -> く→る -> る→く -> く→る -> る→く -> く→る -> る→く -> く→る -> る→り -> り→る -> る→と -> と→る -> る→と -> と→る -> る→と -> と→る -> る→と -> と→る -> る→と -> と→る -> る→と -> と→る -> る→た -> た→る -> る→た -> た→る -> る→す -> す→る -> る→す -> す→る -> る→す -> す→る -> る→す -> す→る -> る→す -> す→る -> る→す -> す→る -> る→す -> す→る -> る→ふ -> ふ→る -> る→ふ -> ふ→る -> る→ふ -> ふ→る -> る→お -> お→る -> る→い -> い→る -> る→い -> い→る
greedy vs alpha_beta,greedy,alpha_beta,D50000_seed0_greedy_vs_alpha_beta_0,50000,0,second,ended_with_n,149,first,greedy,る,4285,63,1,10,9,,,る,い,い,1e-05,False,-31466.0,,,,,7,ず→ず -> ず→る -> る→る -> る→る -> る→る -> る→る -> る→ぽ -> ぽ→る -> る→ぷ -> ぷ→る -> る→ぷ -> ぷ→る -> る→べ -> べ→る -> る→ぐ -> ぐ→る -> る→び -> び→る -> る→ね -> ね→る -> る→む -> む→る -> る→む -> む→る -> る→む -> む→る -> る→げ -> げ→る -> る→ゆ -> ゆ→る -> る→ゆ -> ゆ→る -> る→つ -> つ→る -> る→つ -> つ→る -> る→つ -> つ→る -> る→つ -> つ→る -> る→つ -> つ→る -> る→よ -> よ→る -> る→よ -> よ→る -> る→な -> な→る -> る→な -> な→る -> る→う -> う→る -> る→う -> う→る -> る→う -> う→る -> る→う -> う→る -> る→う -> う→る -> る→う -> う→る -> る→う -> う→る -> る→う -> う→る -> る→う -> う→る -> る→う -> う→む -> む→ず -> ず→ず -> ず→ぷ -> ぷ→る -> る→う -> う→ず -> ず→む -> む→る -> る→う -> う→る -> る→う -> う→ぞ -> ぞ→ぴ -> ぴ→る -> る→う -> う→む -> む→ぽ -> ぽ→る -> る→く -> く→る -> る→く -> く→る -> る→く -> く→る -> る→く -> く→る -> る→く -> く→る -> る→く -> く→る -> る→く -> く→る -> る→く -> く→る -> る→り -> り→る -> る→と -> と→る -> る→と -> と→る -> る→と -> と→る -> る→と -> と→る -> る→と -> と→る -> る→と -> と→る -> る→た -> た→る -> る→た -> た→る -> る→す -> す→る -> る→す -> す→る -> る→す -> す→る -> る→す -> す→る -> る→す -> す→る -> る→す -> す→る -> る→す -> す→る -> る→ふ -> ふ→る -> る→ふ -> ふ→る -> る→ふ -> ふ→る -> る→お -> お→る -> る→い -> い→る -> る→い -> い→る -> る→い
greedy vs alpha_beta,greedy,alpha_beta,D50000_seed0_greedy_vs_alpha_beta_0,50000,0,second,ended_with_n,150,second,alpha_beta,い,131,1,63,23,22,,,い,る,る,0.023768,False,8633.0,4,4,True,199,20,ず→ず -> ず→る -> る→る -> る→る -> る→る -> る→る -> る→ぽ -> ぽ→る -> る→ぷ -> ぷ→る -> る→ぷ -> ぷ→る -> る→べ -> べ→る -> る→ぐ -> ぐ→る -> る→び -> び→る -> る→ね -> ね→る -> る→む -> む→る -> る→む -> む→る -> る→む -> む→る -> る→げ -> げ→る -> る→ゆ -> ゆ→る -> る→ゆ -> ゆ→る -> る→つ -> つ→る -> る→つ -> つ→る -> る→つ -> つ→る -> る→つ -> つ→る -> る→つ -> つ→る -> る→よ -> よ→る -> る→よ -> よ→る -> る→な -> な→る -> る→な -> な→る -> る→う -> う→る -> る→う -> う→る -> る→う -> う→る -> る→う -> う→る -> る→う -> う→る -> る→う -> う→る -> る→う -> う→る -> る→う -> う→る -> る→う -> う→る -> る→う -> う→む -> む→ず -> ず→ず -> ず→ぷ -> ぷ→る -> る→う -> う→ず -> ず→む -> む→る -> る→う -> う→る -> る→う -> う→ぞ -> ぞ→ぴ -> ぴ→る -> る→う -> う→む -> む→ぽ -> ぽ→る -> る→く -> く→る -> る→く -> く→る -> る→く -> く→る -> る→く -> く→る -> る→く -> く→る -> る→く -> く→る -> る→く -> く→る -> る→く -> く→る -> る→り -> り→る -> る→と -> と→る -> る→と -> と→る -> る→と -> と→る -> る→と -> と→る -> る→と -> と→る -> る→と -> と→る -> る→た -> た→る -> る→た -> た→る -> る→す -> す→る -> る→す -> す→る -> る→す -> す→る -> る→す -> す→る -> る→す -> す→る -> る→す -> す→る -> る→す -> す→る -> る→ふ -> ふ→る -> る→ふ -> ふ→る -> る→ふ -> ふ→る -> る→お -> お→る -> る→い -> い→る -> る→い -> い→る -> る→い -> い→る
greedy vs alpha_beta,greedy,alpha_beta,D50000_seed0_greedy_vs_alpha_beta_0,50000,0,second,ended_with_n,151,first,greedy,る,4285,63,1,9,8,,,る,い,い,1e-05,False,-31443.0,,,,,7,ず→ず -> ず→る -> る→る -> る→る -> る→る -> る→る -> る→ぽ -> ぽ→る -> る→ぷ -> ぷ→る -> る→ぷ -> ぷ→る -> る→べ -> べ→る -> る→ぐ -> ぐ→る -> る→び -> び→る -> る→ね -> ね→る -> る→む -> む→る -> る→む -> む→る -> る→む -> む→る -> る→げ -> げ→る -> る→ゆ -> ゆ→る -> る→ゆ -> ゆ→る -> る→つ -> つ→る -> る→つ -> つ→る -> る→つ -> つ→る -> る→つ -> つ→る -> る→つ -> つ→る -> る→よ -> よ→る -> る→よ -> よ→る -> る→な -> な→る -> る→な -> な→る -> る→う -> う→る -> る→う -> う→る -> る→う -> う→る -> る→う -> う→る -> る→う -> う→る -> る→う -> う→る -> る→う -> う→る -> る→う -> う→る -> る→う -> う→る -> る→う -> う→む -> む→ず -> ず→ず -> ず→ぷ -> ぷ→る -> る→う -> う→ず -> ず→む -> む→る -> る→う -> う→る -> る→う -> う→ぞ -> ぞ→ぴ -> ぴ→る -> る→う -> う→む -> む→ぽ -> ぽ→る -> る→く -> く→る -> る→く -> く→る -> る→く -> く→る -> る→く -> く→る -> る→く -> く→る -> る→く -> く→る -> る→く -> く→る -> る→く -> く→る -> る→り -> り→る -> る→と -> と→る -> る→と -> と→る -> る→と -> と→る -> る→と -> と→る -> る→と -> と→る -> る→と -> と→る -> る→た -> た→る -> る→た -> た→る -> る→す -> す→る -> る→す -> す→る -> る→す -> す→る -> る→す -> す→る -> る→す -> す→る -> る→す -> す→る -> る→す -> す→る -> る→ふ -> ふ→る -> る→ふ -> ふ→る -> る→ふ -> ふ→る -> る→お -> お→る -> る→い -> い→る -> る→い -> い→る -> る→い -> い→る -> る→い
greedy vs alpha_beta,greedy,alpha_beta,D50000_seed0_greedy_vs_alpha_beta_0,50000,0,second,ended_with_n,152,second,alpha_beta,い,131,1,63,22,21,,,い,る,る,0.023499,False,8648.0,4,4,True,199,20,ず→ず -> ず→る -> る→る -> る→る -> る→る -> る→る -> る→ぽ -> ぽ→る -> る→ぷ -> ぷ→る -> る→ぷ -> ぷ→る -> る→べ -> べ→る -> る→ぐ -> ぐ→る -> る→び -> び→る -> る→ね -> ね→る -> る→む -> む→る -> る→む -> む→る -> る→む -> む→る -> る→げ -> げ→る -> る→ゆ -> ゆ→る -> る→ゆ -> ゆ→る -> る→つ -> つ→る -> る→つ -> つ→る -> る→つ -> つ→る -> る→つ -> つ→る -> る→つ -> つ→る -> る→よ -> よ→る -> る→よ -> よ→る -> る→な -> な→る -> る→な -> な→る -> る→う -> う→る -> る→う -> う→る -> る→う -> う→る -> る→う -> う→る -> る→う -> う→る -> る→う -> う→る -> る→う -> う→る -> る→う -> う→る -> る→う -> う→る -> る→う -> う→む -> む→ず -> ず→ず -> ず→ぷ -> ぷ→る -> る→う -> う→ず -> ず→む -> む→る -> る→う -> う→る -> る→う -> う→ぞ -> ぞ→ぴ -> ぴ→る -> る→う -> う→む -> む→ぽ -> ぽ→る -> る→く -> く→る -> る→く -> く→る -> る→く -> く→る -> る→く -> く→る -> る→く -> く→る -> る→く -> く→る -> る→く -> く→る -> る→く -> く→る -> る→り -> り→る -> る→と -> と→る -> る→と -> と→る -> る→と -> と→る -> る→と -> と→る -> る→と -> と→る -> る→と -> と→る -> る→た -> た→る -> る→た -> た→る -> る→す -> す→る -> る→す -> す→る -> る→す -> す→る -> る→す -> す→る -> る→す -> す→る -> る→す -> す→る -> る→す -> す→る -> る→ふ -> ふ→る -> る→ふ -> ふ→る -> る→ふ -> ふ→る -> る→お -> お→る -> る→い -> い→る -> る→い -> い→る -> る→い -> い→る -> る→い -> い→る
greedy vs alpha_beta,greedy,alpha_beta,D50000_seed0_greedy_vs_alpha_beta_0,50000,0,second,ended_with_n,153,first,greedy,る,4285,63,1,8,7,,,る,い,い,1e-05,False,-31420.0,,,,,7,ず→ず -> ず→る -> る→る -> る→る -> る→る -> る→る -> る→ぽ -> ぽ→る -> る→ぷ -> ぷ→る -> る→ぷ -> ぷ→る -> る→べ -> べ→る -> る→ぐ -> ぐ→る -> る→び -> び→る -> る→ね -> ね→る -> る→む -> む→る -> る→む -> む→る -> る→む -> む→る -> る→げ -> げ→る -> る→ゆ -> ゆ→る -> る→ゆ -> ゆ→る -> る→つ -> つ→る -> る→つ -> つ→る -> る→つ -> つ→る -> る→つ -> つ→る -> る→つ -> つ→る -> る→よ -> よ→る -> る→よ -> よ→る -> る→な -> な→る -> る→な -> な→る -> る→う -> う→る -> る→う -> う→る -> る→う -> う→る -> る→う -> う→る -> る→う -> う→る -> る→う -> う→る -> る→う -> う→る -> る→う -> う→る -> る→う -> う→る -> る→う -> う→む -> む→ず -> ず→ず -> ず→ぷ -> ぷ→る -> る→う -> う→ず -> ず→む -> む→る -> る→う -> う→る -> る→う -> う→ぞ -> ぞ→ぴ -> ぴ→る -> る→う -> う→む -> む→ぽ -> ぽ→る -> る→く -> く→る -> る→く -> く→る -> る→く -> く→る -> る→く -> く→る -> る→く -> く→る -> る→く -> く→る -> る→く -> く→る -> る→く -> く→る -> る→り -> り→る -> る→と -> と→る -> る→と -> と→る -> る→と -> と→る -> る→と -> と→る -> る→と -> と→る -> る→と -> と→る -> る→た -> た→る -> る→た -> た→る -> る→す -> す→る -> る→す -> す→る -> る→す -> す→る -> る→す -> す→る -> る→す -> す→る -> る→す -> す→る -> る→す -> す→る -> る→ふ -> ふ→る -> る→ふ -> ふ→る -> る→ふ -> ふ→る -> る→お -> お→る -> る→い -> い→る -> る→い -> い→る -> る→い -> い→る -> る→い -> い→る -> る→い
greedy vs alpha_beta,greedy,alpha_beta,D50000_seed0_greedy_vs_alpha_beta_0,50000,0,second,ended_with_n,154,second,alpha_beta,い,131,1,63,21,20,,,い,る,る,0.023742,False,8663.0,4,4,True,199,20,ず→ず -> ず→る -> る→る -> る→る -> る→る -> る→る -> る→ぽ -> ぽ→る -> る→ぷ -> ぷ→る -> る→ぷ -> ぷ→る -> る→べ -> べ→る -> る→ぐ -> ぐ→る -> る→び -> び→る -> る→ね -> ね→る -> る→む -> む→る -> る→む -> む→る -> る→む -> む→る -> る→げ -> げ→る -> る→ゆ -> ゆ→る -> る→ゆ -> ゆ→る -> る→つ -> つ→る -> る→つ -> つ→る -> る→つ -> つ→る -> る→つ -> つ→る -> る→つ -> つ→る -> る→よ -> よ→る -> る→よ -> よ→る -> る→な -> な→る -> る→な -> な→る -> る→う -> う→る -> る→う -> う→る -> る→う -> う→る -> る→う -> う→る -> る→う -> う→る -> る→う -> う→る -> る→う -> う→る -> る→う -> う→る -> る→う -> う→る -> る→う -> う→む -> む→ず -> ず→ず -> ず→ぷ -> ぷ→る -> る→う -> う→ず -> ず→む -> む→る -> る→う -> う→る -> る→う -> う→ぞ -> ぞ→ぴ -> ぴ→る -> る→う -> う→む -> む→ぽ -> ぽ→る -> る→く -> く→る -> る→く -> く→る -> る→く -> く→る -> る→く -> く→る -> る→く -> く→る -> る→く -> く→る -> る→く -> く→る -> る→く -> く→る -> る→り -> り→る -> る→と -> と→る -> る→と -> と→る -> る→と -> と→る -> る→と -> と→る -> る→と -> と→る -> る→と -> と→る -> る→た -> た→る -> る→た -> た→る -> る→す -> す→る -> る→す -> す→る -> る→す -> す→る -> る→す -> す→る -> る→す -> す→る -> る→す -> す→る -> る→す -> す→る -> る→ふ -> ふ→る -> る→ふ -> ふ→る -> る→ふ -> ふ→る -> る→お -> お→る -> る→い -> い→る -> る→い -> い→る -> る→い -> い→る -> る→い -> い→る -> る→い -> い→る
greedy vs alpha_beta,greedy,alpha_beta,D50000_seed0_greedy_vs_alpha_beta_0,50000,0,second,ended_with_n,155,first,greedy,る,4285,63,1,7,6,,,る,い,い,1e-05,False,-31397.0,,,,,7,ず→ず -> ず→る -> る→る -> る→る -> る→る -> る→る -> る→ぽ -> ぽ→る -> る→ぷ -> ぷ→る -> る→ぷ -> ぷ→る -> る→べ -> べ→る -> る→ぐ -> ぐ→る -> る→び -> び→る -> る→ね -> ね→る -> る→む -> む→る -> る→む -> む→る -> る→む -> む→る -> る→げ -> げ→る -> る→ゆ -> ゆ→る -> る→ゆ -> ゆ→る -> る→つ -> つ→る -> る→つ -> つ→る -> る→つ -> つ→る -> る→つ -> つ→る -> る→つ -> つ→る -> る→よ -> よ→る -> る→よ -> よ→る -> る→な -> な→る -> る→な -> な→る -> る→う -> う→る -> る→う -> う→る -> る→う -> う→る -> る→う -> う→る -> る→う -> う→る -> る→う -> う→る -> る→う -> う→る -> る→う -> う→る -> る→う -> う→る -> る→う -> う→む -> む→ず -> ず→ず -> ず→ぷ -> ぷ→る -> る→う -> う→ず -> ず→む -> む→る -> る→う -> う→る -> る→う -> う→ぞ -> ぞ→ぴ -> ぴ→る -> る→う -> う→む -> む→ぽ -> ぽ→る -> る→く -> く→る -> る→く -> く→る -> る→く -> く→る -> る→く -> く→る -> る→く -> く→る -> る→く -> く→る -> る→く -> く→る -> る→く -> く→る -> る→り -> り→る -> る→と -> と→る -> る→と -> と→る -> る→と -> と→る -> る→と -> と→る -> る→と -> と→る -> る→と -> と→る -> る→た -> た→る -> る→た -> た→る -> る→す -> す→る -> る→す -> す→る -> る→す -> す→る -> る→す -> す→る -> る→す -> す→る -> る→す -> す→る -> る→す -> す→る -> る→ふ -> ふ→る -> る→ふ -> ふ→る -> る→ふ -> ふ→る -> る→お -> お→る -> る→い -> い→る -> る→い -> い→る -> る→い -> い→る -> る→い -> い→る -> る→い -> い→る -> る→い
greedy vs alpha_beta,greedy,alpha_beta,D50000_seed0_greedy_vs_alpha_beta_0,50000,0,second,ended_with_n,156,second,alpha_beta,い,131,1,63,20,19,,,い,る,る,0.023795,False,8678.0,4,4,True,199,20,ず→ず -> ず→る -> る→る -> る→る -> る→る -> る→る -> る→ぽ -> ぽ→る -> る→ぷ -> ぷ→る -> る→ぷ -> ぷ→る -> る→べ -> べ→る -> る→ぐ -> ぐ→る -> る→び -> び→る -> る→ね -> ね→る -> る→む -> む→る -> る→む -> む→る -> る→む -> む→る -> る→げ -> げ→る -> る→ゆ -> ゆ→る -> る→ゆ -> ゆ→る -> る→つ -> つ→る -> る→つ -> つ→る -> る→つ -> つ→る -> る→つ -> つ→る -> る→つ -> つ→る -> る→よ -> よ→る -> る→よ -> よ→る -> る→な -> な→る -> る→な -> な→る -> る→う -> う→る -> る→う -> う→る -> る→う -> う→る -> る→う -> う→る -> る→う -> う→る -> る→う -> う→る -> る→う -> う→る -> る→う -> う→る -> る→う -> う→る -> る→う -> う→む -> む→ず -> ず→ず -> ず→ぷ -> ぷ→る -> る→う -> う→ず -> ず→む -> む→る -> る→う -> う→る -> る→う -> う→ぞ -> ぞ→ぴ -> ぴ→る -> る→う -> う→む -> む→ぽ -> ぽ→る -> る→く -> く→る -> る→く -> く→る -> る→く -> く→る -> る→く -> く→る -> る→く -> く→る -> る→く -> く→る -> る→く -> く→る -> る→く -> く→る -> る→り -> り→る -> る→と -> と→る -> る→と -> と→る -> る→と -> と→る -> る→と -> と→る -> る→と -> と→る -> る→と -> と→る -> る→た -> た→る -> る→た -> た→る -> る→す -> す→る -> る→す -> す→る -> る→す -> す→る -> る→す -> す→る -> る→す -> す→る -> る→す -> す→る -> る→す -> す→る -> る→ふ -> ふ→る -> る→ふ -> ふ→る -> る→ふ -> ふ→る -> る→お -> お→る -> る→い -> い→る -> る→い -> い→る -> る→い -> い→る -> る→い -> い→る -> る→い -> い→る -> る→い -> い→る
greedy vs alpha_beta,greedy,alpha_beta,D50000_seed0_greedy_vs_alpha_beta_0,50000,0,second,ended_with_n,157,first,greedy,る,4285,63,1,6,5,,,る,い,い,1e-05,False,-31374.0,,,,,7,ず→ず -> ず→る -> る→る -> る→る -> る→る -> る→る -> る→ぽ -> ぽ→る -> る→ぷ -> ぷ→る -> る→ぷ -> ぷ→る -> る→べ -> べ→る -> る→ぐ -> ぐ→る -> る→び -> び→る -> る→ね -> ね→る -> る→む -> む→る -> る→む -> む→る -> る→む -> む→る -> る→げ -> げ→る -> る→ゆ -> ゆ→る -> る→ゆ -> ゆ→る -> る→つ -> つ→る -> る→つ -> つ→る -> る→つ -> つ→る -> る→つ -> つ→る -> る→つ -> つ→る -> る→よ -> よ→る -> る→よ -> よ→る -> る→な -> な→る -> る→な -> な→る -> る→う -> う→る -> る→う -> う→る -> る→う -> う→る -> る→う -> う→る -> る→う -> う→る -> る→う -> う→る -> る→う -> う→る -> る→う -> う→る -> る→う -> う→る -> る→う -> う→む -> む→ず -> ず→ず -> ず→ぷ -> ぷ→る -> る→う -> う→ず -> ず→む -> む→る -> る→う -> う→る -> る→う -> う→ぞ -> ぞ→ぴ -> ぴ→る -> る→う -> う→む -> む→ぽ -> ぽ→る -> る→く -> く→る -> る→く -> く→る -> る→く -> く→る -> る→く -> く→る -> る→く -> く→る -> る→く -> く→る -> る→く -> く→る -> る→く -> く→る -> る→り -> り→る -> る→と -> と→る -> る→と -> と→る -> る→と -> と→る -> る→と -> と→る -> る→と -> と→る -> る→と -> と→る -> る→た -> た→る -> る→た -> た→る -> る→す -> す→る -> る→す -> す→る -> る→す -> す→る -> る→す -> す→る -> る→す -> す→る -> る→す -> す→る -> る→す -> す→る -> る→ふ -> ふ→る -> る→ふ -> ふ→る -> る→ふ -> ふ→る -> る→お -> お→る -> る→い -> い→る -> る→い -> い→る -> る→い -> い→る -> る→い -> い→る -> る→い -> い→る -> る→い -> い→る -> る→い
greedy vs alpha_beta,greedy,alpha_beta,D50000_seed0_greedy_vs_alpha_beta_0,50000,0,second,ended_with_n,158,second,alpha_beta,い,131,1,63,19,18,,,い,る,る,0.023781,False,8693.0,4,4,True,199,20,ず→ず -> ず→る -> る→る -> る→る -> る→る -> る→る -> る→ぽ -> ぽ→る -> る→ぷ -> ぷ→る -> る→ぷ -> ぷ→る -> る→べ -> べ→る -> る→ぐ -> ぐ→る -> る→び -> び→る -> る→ね -> ね→る -> る→む -> む→る -> る→む -> む→る -> る→む -> む→る -> る→げ -> げ→る -> る→ゆ -> ゆ→る -> る→ゆ -> ゆ→る -> る→つ -> つ→る -> る→つ -> つ→る -> る→つ -> つ→る -> る→つ -> つ→る -> る→つ -> つ→る -> る→よ -> よ→る -> る→よ -> よ→る -> る→な -> な→る -> る→な -> な→る -> る→う -> う→る -> る→う -> う→る -> る→う -> う→る -> る→う -> う→る -> る→う -> う→る -> る→う -> う→る -> る→う -> う→る -> る→う -> う→る -> る→う -> う→る -> る→う -> う→む -> む→ず -> ず→ず -> ず→ぷ -> ぷ→る -> る→う -> う→ず -> ず→む -> む→る -> る→う -> う→る -> る→う -> う→ぞ -> ぞ→ぴ -> ぴ→る -> る→う -> う→む -> む→ぽ -> ぽ→る -> る→く -> く→る -> る→く -> く→る -> る→く -> く→る -> る→く -> く→る -> る→く -> く→る -> る→く -> く→る -> る→く -> く→る -> る→く -> く→る -> る→り -> り→る -> る→と -> と→る -> る→と -> と→る -> る→と -> と→る -> る→と -> と→る -> る→と -> と→る -> る→と -> と→る -> る→た -> た→る -> る→た -> た→る -> る→す -> す→る -> る→す -> す→る -> る→す -> す→る -> る→す -> す→る -> る→す -> す→る -> る→す -> す→る -> る→す -> す→る -> る→ふ -> ふ→る -> る→ふ -> ふ→る -> る→ふ -> ふ→る -> る→お -> お→る -> る→い -> い→る -> る→い -> い→る -> る→い -> い→る -> る→い -> い→る -> る→い -> い→る -> る→い -> い→る -> る→い -> い→る
greedy vs alpha_beta,greedy,alpha_beta,D50000_seed0_greedy_vs_alpha_beta_0,50000,0,second,ended_with_n,159,first,greedy,る,4285,63,1,5,4,,,る,い,い,1e-05,False,-31351.0,,,,,7,ず→ず -> ず→る -> る→る -> る→る -> る→る -> る→る -> る→ぽ -> ぽ→る -> る→ぷ -> ぷ→る -> る→ぷ -> ぷ→る -> る→べ -> べ→る -> る→ぐ -> ぐ→る -> る→び -> び→る -> る→ね -> ね→る -> る→む -> む→る -> る→む -> む→る -> る→む -> む→る -> る→げ -> げ→る -> る→ゆ -> ゆ→る -> る→ゆ -> ゆ→る -> る→つ -> つ→る -> る→つ -> つ→る -> る→つ -> つ→る -> る→つ -> つ→る -> る→つ -> つ→る -> る→よ -> よ→る -> る→よ -> よ→る -> る→な -> な→る -> る→な -> な→る -> る→う -> う→る -> る→う -> う→る -> る→う -> う→る -> る→う -> う→る -> る→う -> う→る -> る→う -> う→る -> る→う -> う→る -> る→う -> う→る -> る→う -> う→る -> る→う -> う→む -> む→ず -> ず→ず -> ず→ぷ -> ぷ→る -> る→う -> う→ず -> ず→む -> む→る -> る→う -> う→る -> る→う -> う→ぞ -> ぞ→ぴ -> ぴ→る -> る→う -> う→む -> む→ぽ -> ぽ→る -> る→く -> く→る -> る→く -> く→る -> る→く -> く→る -> る→く -> く→る -> る→く -> く→る -> る→く -> く→る -> る→く -> く→る -> る→く -> く→る -> る→り -> り→る -> る→と -> と→る -> る→と -> と→る -> る→と -> と→る -> る→と -> と→る -> る→と -> と→る -> る→と -> と→る -> る→た -> た→る -> る→た -> た→る -> る→す -> す→る -> る→す -> す→る -> る→す -> す→る -> る→す -> す→る -> る→す -> す→る -> る→す -> す→る -> る→す -> す→る -> る→ふ -> ふ→る -> る→ふ -> ふ→る -> る→ふ -> ふ→る -> る→お -> お→る -> る→い -> い→る -> る→い -> い→る -> る→い -> い→る -> る→い -> い→る -> る→い -> い→る -> る→い -> い→る -> る→い -> い→る -> る→い
greedy vs alpha_beta,greedy,alpha_beta,D50000_seed0_greedy_vs_alpha_beta_0,50000,0,second,ended_with_n,160,second,alpha_beta,い,131,1,63,18,17,,,い,る,る,0.023693,False,8708.0,4,4,True,199,20,ず→ず -> ず→る -> る→る -> る→る -> る→る -> る→る -> る→ぽ -> ぽ→る -> る→ぷ -> ぷ→る -> る→ぷ -> ぷ→る -> る→べ -> べ→る -> る→ぐ -> ぐ→る -> る→び -> び→る -> る→ね -> ね→る -> る→む -> む→る -> る→む -> む→る -> る→む -> む→る -> る→げ -> げ→る -> る→ゆ -> ゆ→る -> る→ゆ -> ゆ→る -> る→つ -> つ→る -> る→つ -> つ→る -> る→つ -> つ→る -> る→つ -> つ→る -> る→つ -> つ→る -> る→よ -> よ→る -> る→よ -> よ→る -> る→な -> な→る -> る→な -> な→る -> る→う -> う→る -> る→う -> う→る -> る→う -> う→る -> る→う -> う→る -> る→う -> う→る -> る→う -> う→る -> る→う -> う→る -> る→う -> う→る -> る→う -> う→る -> る→う -> う→む -> む→ず -> ず→ず -> ず→ぷ -> ぷ→る -> る→う -> う→ず -> ず→む -> む→る -> る→う -> う→る -> る→う -> う→ぞ -> ぞ→ぴ -> ぴ→る -> る→う -> う→む -> む→ぽ -> ぽ→る -> る→く -> く→る -> る→く -> く→る -> る→く -> く→る -> る→く -> く→る -> る→く -> く→る -> る→く -> く→る -> る→く -> く→る -> る→く -> く→る -> る→り -> り→る -> る→と -> と→る -> る→と -> と→る -> る→と -> と→る -> る→と -> と→る -> る→と -> と→る -> る→と -> と→る -> る→た -> た→る -> る→た -> た→る -> る→す -> す→る -> る→す -> す→る -> る→す -> す→る -> る→す -> す→る -> る→す -> す→る -> る→す -> す→る -> る→す -> す→る -> る→ふ -> ふ→る -> る→ふ -> ふ→る -> る→ふ -> ふ→る -> る→お -> お→る -> る→い -> い→る -> る→い -> い→る -> る→い -> い→る -> る→い -> い→る -> る→い -> い→る -> る→い -> い→る -> る→い -> い→る -> る→い -> い→る
greedy vs alpha_beta,greedy,alpha_beta,D50000_seed0_greedy_vs_alpha_beta_0,50000,0,second,ended_with_n,161,first,greedy,る,4285,63,1,4,3,,,る,い,い,1e-05,False,-31328.0,,,,,7,ず→ず -> ず→る -> る→る -> る→る -> る→る -> る→る -> る→ぽ -> ぽ→る -> る→ぷ -> ぷ→る -> る→ぷ -> ぷ→る -> る→べ -> べ→る -> る→ぐ -> ぐ→る -> る→び -> び→る -> る→ね -> ね→る -> る→む -> む→る -> る→む -> む→る -> る→む -> む→る -> る→げ -> げ→る -> る→ゆ -> ゆ→る -> る→ゆ -> ゆ→る -> る→つ -> つ→る -> る→つ -> つ→る -> る→つ -> つ→る -> る→つ -> つ→る -> る→つ -> つ→る -> る→よ -> よ→る -> る→よ -> よ→る -> る→な -> な→る -> る→な -> な→る -> る→う -> う→る -> る→う -> う→る -> る→う -> う→る -> る→う -> う→る -> る→う -> う→る -> る→う -> う→る -> る→う -> う→る -> る→う -> う→る -> る→う -> う→る -> る→う -> う→む -> む→ず -> ず→ず -> ず→ぷ -> ぷ→る -> る→う -> う→ず -> ず→む -> む→る -> る→う -> う→る -> る→う -> う→ぞ -> ぞ→ぴ -> ぴ→る -> る→う -> う→む -> む→ぽ -> ぽ→る -> る→く -> く→る -> る→く -> く→る -> る→く -> く→る -> る→く -> く→る -> る→く -> く→る -> る→く -> く→る -> る→く -> く→る -> る→く -> く→る -> る→り -> り→る -> る→と -> と→る -> る→と -> と→る -> る→と -> と→る -> る→と -> と→る -> る→と -> と→る -> る→と -> と→る -> る→た -> た→る -> る→た -> た→る -> る→す -> す→る -> る→す -> す→る -> る→す -> す→る -> る→す -> す→る -> る→す -> す→る -> る→す -> す→る -> る→す -> す→る -> る→ふ -> ふ→る -> る→ふ -> ふ→る -> る→ふ -> ふ→る -> る→お -> お→る -> る→い -> い→る -> る→い -> い→る -> る→い -> い→る -> る→い -> い→る -> る→い -> い→る -> る→い -> い→る -> る→い -> い→る -> る→い -> い→る -> る→い
greedy vs alpha_beta,greedy,alpha_beta,D50000_seed0_greedy_vs_alpha_beta_0,50000,0,second,ended_with_n,162,second,alpha_beta,い,131,1,63,17,16,,,い,る,る,0.023474,False,8723.0,4,4,True,199,20,ず→ず -> ず→る -> る→る -> る→る -> る→る -> る→る -> る→ぽ -> ぽ→る -> る→ぷ -> ぷ→る -> る→ぷ -> ぷ→る -> る→べ -> べ→る -> る→ぐ -> ぐ→る -> る→び -> び→る -> る→ね -> ね→る -> る→む -> む→る -> る→む -> む→る -> る→む -> む→る -> る→げ -> げ→る -> る→ゆ -> ゆ→る -> る→ゆ -> ゆ→る -> る→つ -> つ→る -> る→つ -> つ→る -> る→つ -> つ→る -> る→つ -> つ→る -> る→つ -> つ→る -> る→よ -> よ→る -> る→よ -> よ→る -> る→な -> な→る -> る→な -> な→る -> る→う -> う→る -> る→う -> う→る -> る→う -> う→る -> る→う -> う→る -> る→う -> う→る -> る→う -> う→る -> る→う -> う→る -> る→う -> う→る -> る→う -> う→る -> る→う -> う→む -> む→ず -> ず→ず -> ず→ぷ -> ぷ→る -> る→う -> う→ず -> ず→む -> む→る -> る→う -> う→る -> る→う -> う→ぞ -> ぞ→ぴ -> ぴ→る -> る→う -> う→む -> む→ぽ -> ぽ→る -> る→く -> く→る -> る→く -> く→る -> る→く -> く→る -> る→く -> く→る -> る→く -> く→る -> る→く -> く→る -> る→く -> く→る -> る→く -> く→る -> る→り -> り→る -> る→と -> と→る -> る→と -> と→る -> る→と -> と→る -> る→と -> と→る -> る→と -> と→る -> る→と -> と→る -> る→た -> た→る -> る→た -> た→る -> る→す -> す→る -> る→す -> す→る -> る→す -> す→る -> る→す -> す→る -> る→す -> す→る -> る→す -> す→る -> る→す -> す→る -> る→ふ -> ふ→る -> る→ふ -> ふ→る -> る→ふ -> ふ→る -> る→お -> お→る -> る→い -> い→る -> る→い -> い→る -> る→い -> い→る -> る→い -> い→る -> る→い -> い→る -> る→い -> い→る -> る→い -> い→る -> る→い -> い→る -> る→い -> い→る
greedy vs alpha_beta,greedy,alpha_beta,D50000_seed0_greedy_vs_alpha_beta_0,50000,0,second,ended_with_n,163,first,greedy,る,4285,63,1,3,2,,,る,い,い,1e-05,False,-31305.0,,,,,7,ず→ず -> ず→る -> る→る -> る→る -> る→る -> る→る -> る→ぽ -> ぽ→る -> る→ぷ -> ぷ→る -> る→ぷ -> ぷ→る -> る→べ -> べ→る -> る→ぐ -> ぐ→る -> る→び -> び→る -> る→ね -> ね→る -> る→む -> む→る -> る→む -> む→る -> る→む -> む→る -> る→げ -> げ→る -> る→ゆ -> ゆ→る -> る→ゆ -> ゆ→る -> る→つ -> つ→る -> る→つ -> つ→る -> る→つ -> つ→る -> る→つ -> つ→る -> る→つ -> つ→る -> る→よ -> よ→る -> る→よ -> よ→る -> る→な -> な→る -> る→な -> な→る -> る→う -> う→る -> る→う -> う→る -> る→う -> う→る -> る→う -> う→る -> る→う -> う→る -> る→う -> う→る -> る→う -> う→る -> る→う -> う→る -> る→う -> う→る -> る→う -> う→む -> む→ず -> ず→ず -> ず→ぷ -> ぷ→る -> る→う -> う→ず -> ず→む -> む→る -> る→う -> う→る -> る→う -> う→ぞ -> ぞ→ぴ -> ぴ→る -> る→う -> う→む -> む→ぽ -> ぽ→る -> る→く -> く→る -> る→く -> く→る -> る→く -> く→る -> る→く -> く→る -> る→く -> く→る -> る→く -> く→る -> る→く -> く→る -> る→く -> く→る -> る→り -> り→る -> る→と -> と→る -> る→と -> と→る -> る→と -> と→る -> る→と -> と→る -> る→と -> と→る -> る→と -> と→る -> る→た -> た→る -> る→た -> た→る -> る→す -> す→る -> る→す -> す→る -> る→す -> す→る -> る→す -> す→る -> る→す -> す→る -> る→す -> す→る -> る→す -> す→る -> る→ふ -> ふ→る -> る→ふ -> ふ→る -> る→ふ -> ふ→る -> る→お -> お→る -> る→い -> い→る -> る→い -> い→る -> る→い -> い→る -> る→い -> い→る -> る→い -> い→る -> る→い -> い→る -> る→い -> い→る -> る→い -> い→る -> る→い -> い→る -> る→い
greedy vs alpha_beta,greedy,alpha_beta,D50000_seed0_greedy_vs_alpha_beta_0,50000,0,second,ended_with_n,164,second,alpha_beta,い,131,1,63,16,15,,,い,る,る,0.0236,False,8738.0,4,4,True,199,20,ず→ず -> ず→る -> る→る -> る→る -> る→る -> る→る -> る→ぽ -> ぽ→る -> る→ぷ -> ぷ→る -> る→ぷ -> ぷ→る -> る→べ -> べ→る -> る→ぐ -> ぐ→る -> る→び -> び→る -> る→ね -> ね→る -> る→む -> む→る -> る→む -> む→る -> る→む -> む→る -> る→げ -> げ→る -> る→ゆ -> ゆ→る -> る→ゆ -> ゆ→る -> る→つ -> つ→る -> る→つ -> つ→る -> る→つ -> つ→る -> る→つ -> つ→る -> る→つ -> つ→る -> る→よ -> よ→る -> る→よ -> よ→る -> る→な -> な→る -> る→な -> な→る -> る→う -> う→る -> る→う -> う→る -> る→う -> う→る -> る→う -> う→る -> る→う -> う→る -> る→う -> う→る -> る→う -> う→る -> る→う -> う→る -> る→う -> う→る -> る→う -> う→む -> む→ず -> ず→ず -> ず→ぷ -> ぷ→る -> る→う -> う→ず -> ず→む -> む→る -> る→う -> う→る -> る→う -> う→ぞ -> ぞ→ぴ -> ぴ→る -> る→う -> う→む -> む→ぽ -> ぽ→る -> る→く -> く→る -> る→く -> く→る -> る→く -> く→る -> る→く -> く→る -> る→く -> く→る -> る→く -> く→る -> る→く -> く→る -> る→く -> く→る -> る→り -> り→る -> る→と -> と→る -> る→と -> と→る -> る→と -> と→る -> る→と -> と→る -> る→と -> と→る -> る→と -> と→る -> る→た -> た→る -> る→た -> た→る -> る→す -> す→る -> る→す -> す→る -> る→す -> す→る -> る→す -> す→る -> る→す -> す→る -> る→す -> す→る -> る→す -> す→る -> る→ふ -> ふ→る -> る→ふ -> ふ→る -> る→ふ -> ふ→る -> る→お -> お→る -> る→い -> い→る -> る→い -> い→る -> る→い -> い→る -> る→い -> い→る -> る→い -> い→る -> る→い -> い→る -> る→い -> い→る -> る→い -> い→る -> る→い -> い→る -> る→い -> い→る
greedy vs alpha_beta,greedy,alpha_beta,D50000_seed0_greedy_vs_alpha_beta_0,50000,0,second,ended_with_n,165,first,greedy,る,4285,63,1,2,1,,,る,い,い,1e-05,False,-31282.0,,,,,7,ず→ず -> ず→る -> る→る -> る→る -> る→る -> る→る -> る→ぽ -> ぽ→る -> る→ぷ -> ぷ→る -> る→ぷ -> ぷ→る -> る→べ -> べ→る -> る→ぐ -> ぐ→る -> る→び -> び→る -> る→ね -> ね→る -> る→む -> む→る -> る→む -> む→る -> る→む -> む→る -> る→げ -> げ→る -> る→ゆ -> ゆ→る -> る→ゆ -> ゆ→る -> る→つ -> つ→る -> る→つ -> つ→る -> る→つ -> つ→る -> る→つ -> つ→る -> る→つ -> つ→る -> る→よ -> よ→る -> る→よ -> よ→る -> る→な -> な→る -> る→な -> な→る -> る→う -> う→る -> る→う -> う→る -> る→う -> う→る -> る→う -> う→る -> る→う -> う→る -> る→う -> う→る -> る→う -> う→る -> る→う -> う→る -> る→う -> う→る -> る→う -> う→む -> む→ず -> ず→ず -> ず→ぷ -> ぷ→る -> る→う -> う→ず -> ず→む -> む→る -> る→う -> う→る -> る→う -> う→ぞ -> ぞ→ぴ -> ぴ→る -> る→う -> う→む -> む→ぽ -> ぽ→る -> る→く -> く→る -> る→く -> く→る -> る→く -> く→る -> る→く -> く→る -> る→く -> く→る -> る→く -> く→る -> る→く -> く→る -> る→く -> く→る -> る→り -> り→る -> る→と -> と→る -> る→と -> と→る -> る→と -> と→る -> る→と -> と→る -> る→と -> と→る -> る→と -> と→る -> る→た -> た→る -> る→た -> た→る -> る→す -> す→る -> る→す -> す→る -> る→す -> す→る -> る→す -> す→る -> る→す -> す→る -> る→す -> す→る -> る→す -> す→る -> る→ふ -> ふ→る -> る→ふ -> ふ→る -> る→ふ -> ふ→る -> る→お -> お→る -> る→い -> い→る -> る→い -> い→る -> る→い -> い→る -> る→い -> い→る -> る→い -> い→る -> る→い -> い→る -> る→い -> い→る -> る→い -> い→る -> る→い -> い→る -> る→い -> い→る -> る→い
greedy vs alpha_beta,greedy,alpha_beta,D50000_seed0_greedy_vs_alpha_beta_0,50000,0,second,ended_with_n,166,second,alpha_beta,い,131,1,63,15,14,,,い,る,る,0.025148,False,8761.0,4,4,True,217,20,ず→ず -> ず→る -> る→る -> る→る -> る→る -> る→る -> る→ぽ -> ぽ→る -> る→ぷ -> ぷ→る -> る→ぷ -> ぷ→る -> る→べ -> べ→る -> る→ぐ -> ぐ→る -> る→び -> び→る -> る→ね -> ね→る -> る→む -> む→る -> る→む -> む→る -> る→む -> む→る -> る→げ -> げ→る -> る→ゆ -> ゆ→る -> る→ゆ -> ゆ→る -> る→つ -> つ→る -> る→つ -> つ→る -> る→つ -> つ→る -> る→つ -> つ→る -> る→つ -> つ→る -> る→よ -> よ→る -> る→よ -> よ→る -> る→な -> な→る -> る→な -> な→る -> る→う -> う→る -> る→う -> う→る -> る→う -> う→る -> る→う -> う→る -> る→う -> う→る -> る→う -> う→る -> る→う -> う→る -> る→う -> う→る -> る→う -> う→る -> る→う -> う→む -> む→ず -> ず→ず -> ず→ぷ -> ぷ→る -> る→う -> う→ず -> ず→む -> む→る -> る→う -> う→る -> る→う -> う→ぞ -> ぞ→ぴ -> ぴ→る -> る→う -> う→む -> む→ぽ -> ぽ→る -> る→く -> く→る -> る→く -> く→る -> る→く -> く→る -> る→く -> く→る -> る→く -> く→る -> る→く -> く→る -> る→く -> く→る -> る→く -> く→る -> る→り -> り→る -> る→と -> と→る -> る→と -> と→る -> る→と -> と→る -> る→と -> と→る -> る→と -> と→る -> る→と -> と→る -> る→た -> た→る -> る→た -> た→る -> る→す -> す→る -> る→す -> す→る -> る→す -> す→る -> る→す -> す→る -> る→す -> す→る -> る→す -> す→る -> る→す -> す→る -> る→ふ -> ふ→る -> る→ふ -> ふ→る -> る→ふ -> ふ→る -> る→お -> お→る -> る→い -> い→る -> る→い -> い→る -> る→い -> い→る -> る→い -> い→る -> る→い -> い→る -> る→い -> い→る -> る→い -> い→る -> る→い -> い→る -> る→い -> い→る -> る→い -> い→る -> る→い -> い→る
greedy vs alpha_beta,greedy,alpha_beta,D50000_seed0_greedy_vs_alpha_beta_0,50000,0,second,ended_with_n,167,first,greedy,る,4285,63,1,1,0,,,る,い,い,1e-05,False,-31259.0,,,,,7,ず→ず -> ず→る -> る→る -> る→る -> る→る -> る→る -> る→ぽ -> ぽ→る -> る→ぷ -> ぷ→る -> る→ぷ -> ぷ→る -> る→べ -> べ→る -> る→ぐ -> ぐ→る -> る→び -> び→る -> る→ね -> ね→る -> る→む -> む→る -> る→む -> む→る -> る→む -> む→る -> る→げ -> げ→る -> る→ゆ -> ゆ→る -> る→ゆ -> ゆ→る -> る→つ -> つ→る -> る→つ -> つ→る -> る→つ -> つ→る -> る→つ -> つ→る -> る→つ -> つ→る -> る→よ -> よ→る -> る→よ -> よ→る -> る→な -> な→る -> る→な -> な→る -> る→う -> う→る -> る→う -> う→る -> る→う -> う→る -> る→う -> う→る -> る→う -> う→る -> る→う -> う→る -> る→う -> う→る -> る→う -> う→る -> る→う -> う→る -> る→う -> う→む -> む→ず -> ず→ず -> ず→ぷ -> ぷ→る -> る→う -> う→ず -> ず→む -> む→る -> る→う -> う→る -> る→う -> う→ぞ -> ぞ→ぴ -> ぴ→る -> る→う -> う→む -> む→ぽ -> ぽ→る -> る→く -> く→る -> る→く -> く→る -> る→く -> く→る -> る→く -> く→る -> る→く -> く→る -> る→く -> く→る -> る→く -> く→る -> る→く -> く→る -> る→り -> り→る -> る→と -> と→る -> る→と -> と→る -> る→と -> と→る -> る→と -> と→る -> る→と -> と→る -> る→と -> と→る -> る→た -> た→る -> る→た -> た→る -> る→す -> す→る -> る→す -> す→る -> る→す -> す→る -> る→す -> す→る -> る→す -> す→る -> る→す -> す→る -> る→す -> す→る -> る→ふ -> ふ→る -> る→ふ -> ふ→る -> る→ふ -> ふ→る -> る→お -> お→る -> る→い -> い→る -> る→い -> い→る -> る→い -> い→る -> る→い -> い→る -> る→い -> い→る -> る→い -> い→る -> る→い -> い→る -> る→い -> い→る -> る→い -> い→る -> る→い -> い→る -> る→い -> い→る -> る→い
greedy vs alpha_beta,greedy,alpha_beta,D50000_seed0_greedy_vs_alpha_beta_0,50000,0,second,ended_with_n,168,second,alpha_beta,い,131,1,63,14,13,,,い,る,る,0.020404,False,9978.0,4,4,True,182,20,ず→ず -> ず→る -> る→る -> る→る -> る→る -> る→る -> る→ぽ -> ぽ→る -> る→ぷ -> ぷ→る -> る→ぷ -> ぷ→る -> る→べ -> べ→る -> る→ぐ -> ぐ→る -> る→び -> び→る -> る→ね -> ね→る -> る→む -> む→る -> る→む -> む→る -> る→む -> む→る -> る→げ -> げ→る -> る→ゆ -> ゆ→る -> る→ゆ -> ゆ→る -> る→つ -> つ→る -> る→つ -> つ→る -> る→つ -> つ→る -> る→つ -> つ→る -> る→つ -> つ→る -> る→よ -> よ→る -> る→よ -> よ→る -> る→な -> な→る -> る→な -> な→る -> る→う -> う→る -> る→う -> う→る -> る→う -> う→る -> る→う -> う→る -> る→う -> う→る -> る→う -> う→る -> る→う -> う→る -> る→う -> う→る -> る→う -> う→る -> る→う -> う→む -> む→ず -> ず→ず -> ず→ぷ -> ぷ→る -> る→う -> う→ず -> ず→む -> む→る -> る→う -> う→る -> る→う -> う→ぞ -> ぞ→ぴ -> ぴ→る -> る→う -> う→む -> む→ぽ -> ぽ→る -> る→く -> く→る -> る→く -> く→る -> る→く -> く→る -> る→く -> く→る -> る→く -> く→る -> る→く -> く→る -> る→く -> く→る -> る→く -> く→る -> る→り -> り→る -> る→と -> と→る -> る→と -> と→る -> る→と -> と→る -> る→と -> と→る -> る→と -> と→る -> る→と -> と→る -> る→た -> た→る -> る→た -> た→る -> る→す -> す→る -> る→す -> す→る -> る→す -> す→る -> る→す -> す→る -> る→す -> す→る -> る→す -> す→る -> る→す -> す→る -> る→ふ -> ふ→る -> る→ふ -> ふ→る -> る→ふ -> ふ→る -> る→お -> お→る -> る→い -> い→る -> る→い -> い→る -> る→い -> い→る -> る→い -> い→る -> る→い -> い→る -> る→い -> い→る -> る→い -> い→る -> る→い -> い→る -> る→い -> い→る -> る→い -> い→る -> る→い -> い→る -> る→い -> い→る
greedy vs alpha_beta,greedy,alpha_beta,D50000_seed0_greedy_vs_alpha_beta_0,50000,0,second,ended_with_n,169,first,greedy,る,4291,63,7,6,5,,,る,き,き,8e-06,False,-35937.5,,,,,6,ず→ず -> ず→る -> る→る -> る→る -> る→る -> る→る -> る→ぽ -> ぽ→る -> る→ぷ -> ぷ→る -> る→ぷ -> ぷ→る -> る→べ -> べ→る -> る→ぐ -> ぐ→る -> る→び -> び→る -> る→ね -> ね→る -> る→む -> む→る -> る→む -> む→る -> る→む -> む→る -> る→げ -> げ→る -> る→ゆ -> ゆ→る -> る→ゆ -> ゆ→る -> る→つ -> つ→る -> る→つ -> つ→る -> る→つ -> つ→る -> る→つ -> つ→る -> る→つ -> つ→る -> る→よ -> よ→る -> る→よ -> よ→る -> る→な -> な→る -> る→な -> な→る -> る→う -> う→る -> る→う -> う→る -> る→う -> う→る -> る→う -> う→る -> る→う -> う→る -> る→う -> う→る -> る→う -> う→る -> る→う -> う→る -> る→う -> う→る -> る→う -> う→む -> む→ず -> ず→ず -> ず→ぷ -> ぷ→る -> る→う -> う→ず -> ず→む -> む→る -> る→う -> う→る -> る→う -> う→ぞ -> ぞ→ぴ -> ぴ→る -> る→う -> う→む -> む→ぽ -> ぽ→る -> る→く -> く→る -> る→く -> く→る -> る→く -> く→る -> る→く -> く→る -> る→く -> く→る -> る→く -> く→る -> る→く -> く→る -> る→く -> く→る -> る→り -> り→る -> る→と -> と→る -> る→と -> と→る -> る→と -> と→る -> る→と -> と→る -> る→と -> と→る -> る→と -> と→る -> る→た -> た→る -> る→た -> た→る -> る→す -> す→る -> る→す -> す→る -> る→す -> す→る -> る→す -> す→る -> る→す -> す→る -> る→す -> す→る -> る→す -> す→る -> る→ふ -> ふ→る -> る→ふ -> ふ→る -> る→ふ -> ふ→る -> る→お -> お→る -> る→い -> い→る -> る→い -> い→る -> る→い -> い→る -> る→い -> い→る -> る→い -> い→る -> る→い -> い→る -> る→い -> い→る -> る→い -> い→る -> る→い -> い→る -> る→い -> い→る -> る→い -> い→る -> る→い -> い→る -> る→き
greedy vs alpha_beta,greedy,alpha_beta,D50000_seed0_greedy_vs_alpha_beta_0,50000,0,second,ended_with_n,170,second,alpha_beta,き,539,7,63,27,26,,,き,る,る,0.020587,False,9993.0,4,4,True,182,20,ず→ず -> ず→る -> る→る -> る→る -> る→る -> る→る -> る→ぽ -> ぽ→る -> る→ぷ -> ぷ→る -> る→ぷ -> ぷ→る -> る→べ -> べ→る -> る→ぐ -> ぐ→る -> る→び -> び→る -> る→ね -> ね→る -> る→む -> む→る -> る→む -> む→る -> る→む -> む→る -> る→げ -> げ→る -> る→ゆ -> ゆ→る -> る→ゆ -> ゆ→る -> る→つ -> つ→る -> る→つ -> つ→る -> る→つ -> つ→る -> る→つ -> つ→る -> る→つ -> つ→る -> る→よ -> よ→る -> る→よ -> よ→る -> る→な -> な→る -> る→な -> な→る -> る→う -> う→る -> る→う -> う→る -> る→う -> う→る -> る→う -> う→る -> る→う -> う→る -> る→う -> う→る -> る→う -> う→る -> る→う -> う→る -> る→う -> う→る -> る→う -> う→む -> む→ず -> ず→ず -> ず→ぷ -> ぷ→る -> る→う -> う→ず -> ず→む -> む→る -> る→う -> う→る -> る→う -> う→ぞ -> ぞ→ぴ -> ぴ→る -> る→う -> う→む -> む→ぽ -> ぽ→る -> る→く -> く→る -> る→く -> く→る -> る→く -> く→る -> る→く -> く→る -> る→く -> く→る -> る→く -> く→る -> る→く -> く→る -> る→く -> く→る -> る→り -> り→る -> る→と -> と→る -> る→と -> と→る -> る→と -> と→る -> る→と -> と→る -> る→と -> と→る -> る→と -> と→る -> る→た -> た→る -> る→た -> た→る -> る→す -> す→る -> る→す -> す→る -> る→す -> す→る -> る→す -> す→る -> る→す -> す→る -> る→す -> す→る -> る→す -> す→る -> る→ふ -> ふ→る -> る→ふ -> ふ→る -> る→ふ -> ふ→る -> る→お -> お→る -> る→い -> い→る -> る→い -> い→る -> る→い -> い→る -> る→い -> い→る -> る→い -> い→る -> る→い -> い→る -> る→い -> い→る -> る→い -> い→る -> る→い -> い→る -> る→い -> い→る -> る→い -> い→る -> る→い -> い→る -> る→き -> き→る
greedy vs alpha_beta,greedy,alpha_beta,D50000_seed0_greedy_vs_alpha_beta_0,50000,0,second,ended_with_n,171,first,greedy,る,4291,63,7,5,4,,,る,き,き,9e-06,False,-35914.5,,,,,6,ず→ず -> ず→る -> る→る -> る→る -> る→る -> る→る -> る→ぽ -> ぽ→る -> る→ぷ -> ぷ→る -> る→ぷ -> ぷ→る -> る→べ -> べ→る -> る→ぐ -> ぐ→る -> る→び -> び→る -> る→ね -> ね→る -> る→む -> む→る -> る→む -> む→る -> る→む -> む→る -> る→げ -> げ→る -> る→ゆ -> ゆ→る -> る→ゆ -> ゆ→る -> る→つ -> つ→る -> る→つ -> つ→る -> る→つ -> つ→る -> る→つ -> つ→る -> る→つ -> つ→る -> る→よ -> よ→る -> る→よ -> よ→る -> る→な -> な→る -> る→な -> な→る -> る→う -> う→る -> る→う -> う→る -> る→う -> う→る -> る→う -> う→る -> る→う -> う→る -> る→う -> う→る -> る→う -> う→る -> る→う -> う→る -> る→う -> う→る -> る→う -> う→む -> む→ず -> ず→ず -> ず→ぷ -> ぷ→る -> る→う -> う→ず -> ず→む -> む→る -> る→う -> う→る -> る→う -> う→ぞ -> ぞ→ぴ -> ぴ→る -> る→う -> う→む -> む→ぽ -> ぽ→る -> る→く -> く→る -> る→く -> く→る -> る→く -> く→る -> る→く -> く→る -> る→く -> く→る -> る→く -> く→る -> る→く -> く→る -> る→く -> く→る -> る→り -> り→る -> る→と -> と→る -> る→と -> と→る -> る→と -> と→る -> る→と -> と→る -> る→と -> と→る -> る→と -> と→る -> る→た -> た→る -> る→た -> た→る -> る→す -> す→る -> る→す -> す→る -> る→す -> す→る -> る→す -> す→る -> る→す -> す→る -> る→す -> す→る -> る→す -> す→る -> る→ふ -> ふ→る -> る→ふ -> ふ→る -> る→ふ -> ふ→る -> る→お -> お→る -> る→い -> い→る -> る→い -> い→る -> る→い -> い→る -> る→い -> い→る -> る→い -> い→る -> る→い -> い→る -> る→い -> い→る -> る→い -> い→る -> る→い -> い→る -> る→い -> い→る -> る→い -> い→る -> る→い -> い→る -> る→き -> き→る -> る→き
greedy vs alpha_beta,greedy,alpha_beta,D50000_seed0_greedy_vs_alpha_beta_0,50000,0,second,ended_with_n,172,second,alpha_beta,き,539,7,63,26,25,,,き,る,る,0.020592,False,10008.0,4,4,True,182,20,ず→ず -> ず→る -> る→る -> る→る -> る→る -> る→る -> る→ぽ -> ぽ→る -> る→ぷ -> ぷ→る -> る→ぷ -> ぷ→る -> る→べ -> べ→る -> る→ぐ -> ぐ→る -> る→び -> び→る -> る→ね -> ね→る -> る→む -> む→る -> る→む -> む→る -> る→む -> む→る -> る→げ -> げ→る -> る→ゆ -> ゆ→る -> る→ゆ -> ゆ→る -> る→つ -> つ→る -> る→つ -> つ→る -> る→つ -> つ→る -> る→つ -> つ→る -> る→つ -> つ→る -> る→よ -> よ→る -> る→よ -> よ→る -> る→な -> な→る -> る→な -> な→る -> る→う -> う→る -> る→う -> う→る -> る→う -> う→る -> る→う -> う→る -> る→う -> う→る -> る→う -> う→る -> る→う -> う→る -> る→う -> う→る -> る→う -> う→る -> る→う -> う→む -> む→ず -> ず→ず -> ず→ぷ -> ぷ→る -> る→う -> う→ず -> ず→む -> む→る -> る→う -> う→る -> る→う -> う→ぞ -> ぞ→ぴ -> ぴ→る -> る→う -> う→む -> む→ぽ -> ぽ→る -> る→く -> く→る -> る→く -> く→る -> る→く -> く→る -> る→く -> く→る -> る→く -> く→る -> る→く -> く→る -> る→く -> く→る -> る→く -> く→る -> る→り -> り→る -> る→と -> と→る -> る→と -> と→る -> る→と -> と→る -> る→と -> と→る -> る→と -> と→る -> る→と -> と→る -> る→た -> た→る -> る→た -> た→る -> る→す -> す→る -> る→す -> す→る -> る→す -> す→る -> る→す -> す→る -> る→す -> す→る -> る→す -> す→る -> る→す -> す→る -> る→ふ -> ふ→る -> る→ふ -> ふ→る -> る→ふ -> ふ→る -> る→お -> お→る -> る→い -> い→る -> る→い -> い→る -> る→い -> い→る -> る→い -> い→る -> る→い -> い→る -> る→い -> い→る -> る→い -> い→る -> る→い -> い→る -> る→い -> い→る -> る→い -> い→る -> る→い -> い→る -> る→い -> い→る -> る→き -> き→る -> る→き -> き→る
greedy vs alpha_beta,greedy,alpha_beta,D50000_seed0_greedy_vs_alpha_beta_0,50000,0,second,ended_with_n,173,first,greedy,る,4291,63,7,4,3,,,る,き,き,9e-06,False,-35891.5,,,,,6,ず→ず -> ず→る -> る→る -> る→る -> る→る -> る→る -> る→ぽ -> ぽ→る -> る→ぷ -> ぷ→る -> る→ぷ -> ぷ→る -> る→べ -> べ→る -> る→ぐ -> ぐ→る -> る→び -> び→る -> る→ね -> ね→る -> る→む -> む→る -> る→む -> む→る -> る→む -> む→る -> る→げ -> げ→る -> る→ゆ -> ゆ→る -> る→ゆ -> ゆ→る -> る→つ -> つ→る -> る→つ -> つ→る -> る→つ -> つ→る -> る→つ -> つ→る -> る→つ -> つ→る -> る→よ -> よ→る -> る→よ -> よ→る -> る→な -> な→る -> る→な -> な→る -> る→う -> う→る -> る→う -> う→る -> る→う -> う→る -> る→う -> う→る -> る→う -> う→る -> る→う -> う→る -> る→う -> う→る -> る→う -> う→る -> る→う -> う→る -> る→う -> う→む -> む→ず -> ず→ず -> ず→ぷ -> ぷ→る -> る→う -> う→ず -> ず→む -> む→る -> る→う -> う→る -> る→う -> う→ぞ -> ぞ→ぴ -> ぴ→る -> る→う -> う→む -> む→ぽ -> ぽ→る -> る→く -> く→る -> る→く -> く→る -> る→く -> く→る -> る→く -> く→る -> る→く -> く→る -> る→く -> く→る -> る→く -> く→る -> る→く -> く→る -> る→り -> り→る -> る→と -> と→る -> る→と -> と→る -> る→と -> と→る -> る→と -> と→る -> る→と -> と→る -> る→と -> と→る -> る→た -> た→る -> る→た -> た→る -> る→す -> す→る -> る→す -> す→る -> る→す -> す→る -> る→す -> す→る -> る→す -> す→る -> る→す -> す→る -> る→す -> す→る -> る→ふ -> ふ→る -> る→ふ -> ふ→る -> る→ふ -> ふ→る -> る→お -> お→る -> る→い -> い→る -> る→い -> い→る -> る→い -> い→る -> る→い -> い→る -> る→い -> い→る -> る→い -> い→る -> る→い -> い→る -> る→い -> い→る -> る→い -> い→る -> る→い -> い→る -> る→い -> い→る -> る→い -> い→る -> る→き -> き→る -> る→き -> き→る -> る→き
greedy vs alpha_beta,greedy,alpha_beta,D50000_seed0_greedy_vs_alpha_beta_0,50000,0,second,ended_with_n,174,second,alpha_beta,き,539,7,63,25,24,,,き,る,る,0.020501,False,10023.0,4,4,True,182,20,ず→ず -> ず→る -> る→る -> る→る -> る→る -> る→る -> る→ぽ -> ぽ→る -> る→ぷ -> ぷ→る -> る→ぷ -> ぷ→る -> る→べ -> べ→る -> る→ぐ -> ぐ→る -> る→び -> び→る -> る→ね -> ね→る -> る→む -> む→る -> る→む -> む→る -> る→む -> む→る -> る→げ -> げ→る -> る→ゆ -> ゆ→る -> る→ゆ -> ゆ→る -> る→つ -> つ→る -> る→つ -> つ→る -> る→つ -> つ→る -> る→つ -> つ→る -> る→つ -> つ→る -> る→よ -> よ→る -> る→よ -> よ→る -> る→な -> な→る -> る→な -> な→る -> る→う -> う→る -> る→う -> う→る -> る→う -> う→る -> る→う -> う→る -> る→う -> う→る -> る→う -> う→る -> る→う -> う→る -> る→う -> う→る -> る→う -> う→る -> る→う -> う→む -> む→ず -> ず→ず -> ず→ぷ -> ぷ→る -> る→う -> う→ず -> ず→む -> む→る -> る→う -> う→る -> る→う -> う→ぞ -> ぞ→ぴ -> ぴ→る -> る→う -> う→む -> む→ぽ -> ぽ→る -> る→く -> く→る -> る→く -> く→る -> る→く -> く→る -> る→く -> く→る -> る→く -> く→る -> る→く -> く→る -> る→く -> く→る -> る→く -> く→る -> る→り -> り→る -> る→と -> と→る -> る→と -> と→る -> る→と -> と→る -> る→と -> と→る -> る→と -> と→る -> る→と -> と→る -> る→た -> た→る -> る→た -> た→る -> る→す -> す→る -> る→す -> す→る -> る→す -> す→る -> る→す -> す→る -> る→す -> す→る -> る→す -> す→る -> る→す -> す→る -> る→ふ -> ふ→る -> る→ふ -> ふ→る -> る→ふ -> ふ→る -> る→お -> お→る -> る→い -> い→る -> る→い -> い→る -> る→い -> い→る -> る→い -> い→る -> る→い -> い→る -> る→い -> い→る -> る→い -> い→る -> る→い -> い→る -> る→い -> い→る -> る→い -> い→る -> る→い -> い→る -> る→い -> い→る -> る→き -> き→る -> る→き -> き→る -> る→き -> き→る
greedy vs alpha_beta,greedy,alpha_beta,D50000_seed0_greedy_vs_alpha_beta_0,50000,0,second,ended_with_n,175,first,greedy,る,4291,63,7,3,2,,,る,き,き,9e-06,False,-35868.5,,,,,6,ず→ず -> ず→る -> る→る -> る→る -> る→る -> る→る -> る→ぽ -> ぽ→る -> る→ぷ -> ぷ→る -> る→ぷ -> ぷ→る -> る→べ -> べ→る -> る→ぐ -> ぐ→る -> る→び -> び→る -> る→ね -> ね→る -> る→む -> む→る -> る→む -> む→る -> る→む -> む→る -> る→げ -> げ→る -> る→ゆ -> ゆ→る -> る→ゆ -> ゆ→る -> る→つ -> つ→る -> る→つ -> つ→る -> る→つ -> つ→る -> る→つ -> つ→る -> る→つ -> つ→る -> る→よ -> よ→る -> る→よ -> よ→る -> る→な -> な→る -> る→な -> な→る -> る→う -> う→る -> る→う -> う→る -> る→う -> う→る -> る→う -> う→る -> る→う -> う→る -> る→う -> う→る -> る→う -> う→る -> る→う -> う→る -> る→う -> う→る -> る→う -> う→む -> む→ず -> ず→ず -> ず→ぷ -> ぷ→る -> る→う -> う→ず -> ず→む -> む→る -> る→う -> う→る -> る→う -> う→ぞ -> ぞ→ぴ -> ぴ→る -> る→う -> う→む -> む→ぽ -> ぽ→る -> る→く -> く→る -> る→く -> く→る -> る→く -> く→る -> る→く -> く→る -> る→く -> く→る -> る→く -> く→る -> る→く -> く→る -> る→く -> く→る -> る→り -> り→る -> る→と -> と→る -> る→と -> と→る -> る→と -> と→る -> る→と -> と→る -> る→と -> と→る -> る→と -> と→る -> る→た -> た→る -> る→た -> た→る -> る→す -> す→る -> る→す -> す→る -> る→す -> す→る -> る→す -> す→る -> る→す -> す→る -> る→す -> す→る -> る→す -> す→る -> る→ふ -> ふ→る -> る→ふ -> ふ→る -> る→ふ -> ふ→る -> る→お -> お→る -> る→い -> い→る -> る→い -> い→る -> る→い -> い→る -> る→い -> い→る -> る→い -> い→る -> る→い -> い→る -> る→い -> い→る -> る→い -> い→る -> る→い -> い→る -> る→い -> い→る -> る→い -> い→る -> る→い -> い→る -> る→き -> き→る -> る→き -> き→る -> る→き -> き→る -> る→き
greedy vs alpha_beta,greedy,alpha_beta,D50000_seed0_greedy_vs_alpha_beta_0,50000,0,second,ended_with_n,176,second,alpha_beta,き,539,7,63,24,23,,,き,る,る,0.020484,False,10038.0,4,4,True,182,20,ず→ず -> ず→る -> る→る -> る→る -> る→る -> る→る -> る→ぽ -> ぽ→る -> る→ぷ -> ぷ→る -> る→ぷ -> ぷ→る -> る→べ -> べ→る -> る→ぐ -> ぐ→る -> る→び -> び→る -> る→ね -> ね→る -> る→む -> む→る -> る→む -> む→る -> る→む -> む→る -> る→げ -> げ→る -> る→ゆ -> ゆ→る -> る→ゆ -> ゆ→る -> る→つ -> つ→る -> る→つ -> つ→る -> る→つ -> つ→る -> る→つ -> つ→る -> る→つ -> つ→る -> る→よ -> よ→る -> る→よ -> よ→る -> る→な -> な→る -> る→な -> な→る -> る→う -> う→る -> る→う -> う→る -> る→う -> う→る -> る→う -> う→る -> る→う -> う→る -> る→う -> う→る -> る→う -> う→る -> る→う -> う→る -> る→う -> う→る -> る→う -> う→む -> む→ず -> ず→ず -> ず→ぷ -> ぷ→る -> る→う -> う→ず -> ず→む -> む→る -> る→う -> う→る -> る→う -> う→ぞ -> ぞ→ぴ -> ぴ→る -> る→う -> う→む -> む→ぽ -> ぽ→る -> る→く -> く→る -> る→く -> く→る -> る→く -> く→る -> る→く -> く→る -> る→く -> く→る -> る→く -> く→る -> る→く -> く→る -> る→く -> く→る -> る→り -> り→る -> る→と -> と→る -> る→と -> と→る -> る→と -> と→る -> る→と -> と→る -> る→と -> と→る -> る→と -> と→る -> る→た -> た→る -> る→た -> た→る -> る→す -> す→る -> る→す -> す→る -> る→す -> す→る -> る→す -> す→る -> る→す -> す→る -> る→す -> す→る -> る→す -> す→る -> る→ふ -> ふ→る -> る→ふ -> ふ→る -> る→ふ -> ふ→る -> る→お -> お→る -> る→い -> い→る -> る→い -> い→る -> る→い -> い→る -> る→い -> い→る -> る→い -> い→る -> る→い -> い→る -> る→い -> い→る -> る→い -> い→る -> る→い -> い→る -> る→い -> い→る -> る→い -> い→る -> る→い -> い→る -> る→き -> き→る -> る→き -> き→る -> る→き -> き→る -> る→き -> き→る
greedy vs alpha_beta,greedy,alpha_beta,D50000_seed0_greedy_vs_alpha_beta_0,50000,0,second,ended_with_n,177,first,greedy,る,4291,63,7,2,1,,,る,き,き,8e-06,False,-35845.5,,,,,6,ず→ず -> ず→る -> る→る -> る→る -> る→る -> る→る -> る→ぽ -> ぽ→る -> る→ぷ -> ぷ→る -> る→ぷ -> ぷ→る -> る→べ -> べ→る -> る→ぐ -> ぐ→る -> る→び -> び→る -> る→ね -> ね→る -> る→む -> む→る -> る→む -> む→る -> る→む -> む→る -> る→げ -> げ→る -> る→ゆ -> ゆ→る -> る→ゆ -> ゆ→る -> る→つ -> つ→る -> る→つ -> つ→る -> る→つ -> つ→る -> る→つ -> つ→る -> る→つ -> つ→る -> る→よ -> よ→る -> る→よ -> よ→る -> る→な -> な→る -> る→な -> な→る -> る→う -> う→る -> る→う -> う→る -> る→う -> う→る -> る→う -> う→る -> る→う -> う→る -> る→う -> う→る -> る→う -> う→る -> る→う -> う→る -> る→う -> う→る -> る→う -> う→む -> む→ず -> ず→ず -> ず→ぷ -> ぷ→る -> る→う -> う→ず -> ず→む -> む→る -> る→う -> う→る -> る→う -> う→ぞ -> ぞ→ぴ -> ぴ→る -> る→う -> う→む -> む→ぽ -> ぽ→る -> る→く -> く→る -> る→く -> く→る -> る→く -> く→る -> る→く -> く→る -> る→く -> く→る -> る→く -> く→る -> る→く -> く→る -> る→く -> く→る -> る→り -> り→る -> る→と -> と→る -> る→と -> と→る -> る→と -> と→る -> る→と -> と→る -> る→と -> と→る -> る→と -> と→る -> る→た -> た→る -> る→た -> た→る -> る→す -> す→る -> る→す -> す→る -> る→す -> す→る -> る→す -> す→る -> る→す -> す→る -> る→す -> す→る -> る→す -> す→る -> る→ふ -> ふ→る -> る→ふ -> ふ→る -> る→ふ -> ふ→る -> る→お -> お→る -> る→い -> い→る -> る→い -> い→る -> る→い -> い→る -> る→い -> い→る -> る→い -> い→る -> る→い -> い→る -> る→い -> い→る -> る→い -> い→る -> る→い -> い→る -> る→い -> い→る -> る→い -> い→る -> る→い -> い→る -> る→き -> き→る -> る→き -> き→る -> る→き -> き→る -> る→き -> き→る -> る→き
greedy vs alpha_beta,greedy,alpha_beta,D50000_seed0_greedy_vs_alpha_beta_0,50000,0,second,ended_with_n,178,second,alpha_beta,き,539,7,63,23,22,,,き,る,る,0.022186,False,10061.0,4,4,True,200,20,ず→ず -> ず→る -> る→る -> る→る -> る→る -> る→る -> る→ぽ -> ぽ→る -> る→ぷ -> ぷ→る -> る→ぷ -> ぷ→る -> る→べ -> べ→る -> る→ぐ -> ぐ→る -> る→び -> び→る -> る→ね -> ね→る -> る→む -> む→る -> る→む -> む→る -> る→む -> む→る -> る→げ -> げ→る -> る→ゆ -> ゆ→る -> る→ゆ -> ゆ→る -> る→つ -> つ→る -> る→つ -> つ→る -> る→つ -> つ→る -> る→つ -> つ→る -> る→つ -> つ→る -> る→よ -> よ→る -> る→よ -> よ→る -> る→な -> な→る -> る→な -> な→る -> る→う -> う→る -> る→う -> う→る -> る→う -> う→る -> る→う -> う→る -> る→う -> う→る -> る→う -> う→る -> る→う -> う→る -> る→う -> う→る -> る→う -> う→る -> る→う -> う→む -> む→ず -> ず→ず -> ず→ぷ -> ぷ→る -> る→う -> う→ず -> ず→む -> む→る -> る→う -> う→る -> る→う -> う→ぞ -> ぞ→ぴ -> ぴ→る -> る→う -> う→む -> む→ぽ -> ぽ→る -> る→く -> く→る -> る→く -> く→る -> る→く -> く→る -> る→く -> く→る -> る→く -> く→る -> る→く -> く→る -> る→く -> く→る -> る→く -> く→る -> る→り -> り→る -> る→と -> と→る -> る→と -> と→る -> る→と -> と→る -> る→と -> と→る -> る→と -> と→る -> る→と -> と→る -> る→た -> た→る -> る→た -> た→る -> る→す -> す→る -> る→す -> す→る -> る→す -> す→る -> る→す -> す→る -> る→す -> す→る -> る→す -> す→る -> る→す -> す→る -> る→ふ -> ふ→る -> る→ふ -> ふ→る -> る→ふ -> ふ→る -> る→お -> お→る -> る→い -> い→る -> る→い -> い→る -> る→い -> い→る -> る→い -> い→る -> る→い -> い→る -> る→い -> い→る -> る→い -> い→る -> る→い -> い→る -> る→い -> い→る -> る→い -> い→る -> る→い -> い→る -> る→い -> い→る -> る→き -> き→る -> る→き -> き→る -> る→き -> き→る -> る→き -> き→る -> る→き -> き→る
greedy vs alpha_beta,greedy,alpha_beta,D50000_seed0_greedy_vs_alpha_beta_0,50000,0,second,ended_with_n,179,first,greedy,る,4291,63,7,1,0,,,る,き,き,9e-06,False,-35822.5,,,,,6,ず→ず -> ず→る -> る→る -> る→る -> る→る -> る→る -> る→ぽ -> ぽ→る -> る→ぷ -> ぷ→る -> る→ぷ -> ぷ→る -> る→べ -> べ→る -> る→ぐ -> ぐ→る -> る→び -> び→る -> る→ね -> ね→る -> る→む -> む→る -> る→む -> む→る -> る→む -> む→る -> る→げ -> げ→る -> る→ゆ -> ゆ→る -> る→ゆ -> ゆ→る -> る→つ -> つ→る -> る→つ -> つ→る -> る→つ -> つ→る -> る→つ -> つ→る -> る→つ -> つ→る -> る→よ -> よ→る -> る→よ -> よ→る -> る→な -> な→る -> る→な -> な→る -> る→う -> う→る -> る→う -> う→る -> る→う -> う→る -> る→う -> う→る -> る→う -> う→る -> る→う -> う→る -> る→う -> う→る -> る→う -> う→る -> る→う -> う→る -> る→う -> う→む -> む→ず -> ず→ず -> ず→ぷ -> ぷ→る -> る→う -> う→ず -> ず→む -> む→る -> る→う -> う→る -> る→う -> う→ぞ -> ぞ→ぴ -> ぴ→る -> る→う -> う→む -> む→ぽ -> ぽ→る -> る→く -> く→る -> る→く -> く→る -> る→く -> く→る -> る→く -> く→る -> る→く -> く→る -> る→く -> く→る -> る→く -> く→る -> る→く -> く→る -> る→り -> り→る -> る→と -> と→る -> る→と -> と→る -> る→と -> と→る -> る→と -> と→る -> る→と -> と→る -> る→と -> と→る -> る→た -> た→る -> る→た -> た→る -> る→す -> す→る -> る→す -> す→る -> る→す -> す→る -> る→す -> す→る -> る→す -> す→る -> る→す -> す→る -> る→す -> す→る -> る→ふ -> ふ→る -> る→ふ -> ふ→る -> る→ふ -> ふ→る -> る→お -> お→る -> る→い -> い→る -> る→い -> い→る -> る→い -> い→る -> る→い -> い→る -> る→い -> い→る -> る→い -> い→る -> る→い -> い→る -> る→い -> い→る -> る→い -> い→る -> る→い -> い→る -> る→い -> い→る -> る→い -> い→る -> る→き -> き→る -> る→き -> き→る -> る→き -> き→る -> る→き -> き→る -> る→き -> き→る -> る→き
greedy vs alpha_beta,greedy,alpha_beta,D50000_seed0_greedy_vs_alpha_beta_0,50000,0,second,ended_with_n,180,second,alpha_beta,き,539,7,63,22,21,,,き,る,る,0.017459,False,10386.0,4,4,True,165,20,ず→ず -> ず→る -> る→る -> る→る -> る→る -> る→る -> る→ぽ -> ぽ→る -> る→ぷ -> ぷ→る -> る→ぷ -> ぷ→る -> る→べ -> べ→る -> る→ぐ -> ぐ→る -> る→び -> び→る -> る→ね -> ね→る -> る→む -> む→る -> る→む -> む→る -> る→む -> む→る -> る→げ -> げ→る -> る→ゆ -> ゆ→る -> る→ゆ -> ゆ→る -> る→つ -> つ→る -> る→つ -> つ→る -> る→つ -> つ→る -> る→つ -> つ→る -> る→つ -> つ→る -> る→よ -> よ→る -> る→よ -> よ→る -> る→な -> な→る -> る→な -> な→る -> る→う -> う→る -> る→う -> う→る -> る→う -> う→る -> る→う -> う→る -> る→う -> う→る -> る→う -> う→る -> る→う -> う→る -> る→う -> う→る -> る→う -> う→る -> る→う -> う→む -> む→ず -> ず→ず -> ず→ぷ -> ぷ→る -> る→う -> う→ず -> ず→む -> む→る -> る→う -> う→る -> る→う -> う→ぞ -> ぞ→ぴ -> ぴ→る -> る→う -> う→む -> む→ぽ -> ぽ→る -> る→く -> く→る -> る→く -> く→る -> る→く -> く→る -> る→く -> く→る -> る→く -> く→る -> る→く -> く→る -> る→く -> く→る -> る→く -> く→る -> る→り -> り→る -> る→と -> と→る -> る→と -> と→る -> る→と -> と→る -> る→と -> と→る -> る→と -> と→る -> る→と -> と→る -> る→た -> た→る -> る→た -> た→る -> る→す -> す→る -> る→す -> す→る -> る→す -> す→る -> る→す -> す→る -> る→す -> す→る -> る→す -> す→る -> る→す -> す→る -> る→ふ -> ふ→る -> る→ふ -> ふ→る -> る→ふ -> ふ→る -> る→お -> お→る -> る→い -> い→る -> る→い -> い→る -> る→い -> い→る -> る→い -> い→る -> る→い -> い→る -> る→い -> い→る -> る→い -> い→る -> る→い -> い→る -> る→い -> い→る -> る→い -> い→る -> る→い -> い→る -> る→い -> い→る -> る→き -> き→る -> る→き -> き→る -> る→き -> き→る -> る→き -> き→る -> る→き -> き→る -> る→き -> き→る
greedy vs alpha_beta,greedy,alpha_beta,D50000_seed0_greedy_vs_alpha_beta_0,50000,0,second,ended_with_n,181,first,greedy,る,4302,63,18,3,2,,,る,じ,じ,7e-06,False,-36951.0,,,,,5,ず→ず -> ず→る -> る→る -> る→る -> る→る -> る→る -> る→ぽ -> ぽ→る -> る→ぷ -> ぷ→る -> る→ぷ -> ぷ→る -> る→べ -> べ→る -> る→ぐ -> ぐ→る -> る→び -> び→る -> る→ね -> ね→る -> る→む -> む→る -> る→む -> む→る -> る→む -> む→る -> る→げ -> げ→る -> る→ゆ -> ゆ→る -> る→ゆ -> ゆ→る -> る→つ -> つ→る -> る→つ -> つ→る -> る→つ -> つ→る -> る→つ -> つ→る -> る→つ -> つ→る -> る→よ -> よ→る -> る→よ -> よ→る -> る→な -> な→る -> る→な -> な→る -> る→う -> う→る -> る→う -> う→る -> る→う -> う→る -> る→う -> う→る -> る→う -> う→る -> る→う -> う→る -> る→う -> う→る -> る→う -> う→る -> る→う -> う→る -> る→う -> う→む -> む→ず -> ず→ず -> ず→ぷ -> ぷ→る -> る→う -> う→ず -> ず→む -> む→る -> る→う -> う→る -> る→う -> う→ぞ -> ぞ→ぴ -> ぴ→る -> る→う -> う→む -> む→ぽ -> ぽ→る -> る→く -> く→る -> る→く -> く→る -> る→く -> く→る -> る→く -> く→る -> る→く -> く→る -> る→く -> く→る -> る→く -> く→る -> る→く -> く→る -> る→り -> り→る -> る→と -> と→る -> る→と -> と→る -> る→と -> と→る -> る→と -> と→る -> る→と -> と→る -> る→と -> と→る -> る→た -> た→る -> る→た -> た→る -> る→す -> す→る -> る→す -> す→る -> る→す -> す→る -> る→す -> す→る -> る→す -> す→る -> る→す -> す→る -> る→す -> す→る -> る→ふ -> ふ→る -> る→ふ -> ふ→る -> る→ふ -> ふ→る -> る→お -> お→る -> る→い -> い→る -> る→い -> い→る -> る→い -> い→る -> る→い -> い→る -> る→い -> い→る -> る→い -> い→る -> る→い -> い→る -> る→い -> い→る -> る→い -> い→る -> る→い -> い→る -> る→い -> い→る -> る→い -> い→る -> る→き -> き→る -> る→き -> き→る -> る→き -> き→る -> る→き -> き→る -> る→き -> き→る -> る→き -> き→る -> る→じ
greedy vs alpha_beta,greedy,alpha_beta,D50000_seed0_greedy_vs_alpha_beta_0,50000,0,second,ended_with_n,182,second,alpha_beta,じ,1287,18,63,26,25,,,じ,る,る,0.018998,False,10401.0,4,4,True,181,20,ず→ず -> ず→る -> る→る -> る→る -> る→る -> る→る -> る→ぽ -> ぽ→る -> る→ぷ -> ぷ→る -> る→ぷ -> ぷ→る -> る→べ -> べ→る -> る→ぐ -> ぐ→る -> る→び -> び→る -> る→ね -> ね→る -> る→む -> む→る -> る→む -> む→る -> る→む -> む→る -> る→げ -> げ→る -> る→ゆ -> ゆ→る -> る→ゆ -> ゆ→る -> る→つ -> つ→る -> る→つ -> つ→る -> る→つ -> つ→る -> る→つ -> つ→る -> る→つ -> つ→る -> る→よ -> よ→る -> る→よ -> よ→る -> る→な -> な→る -> る→な -> な→る -> る→う -> う→る -> る→う -> う→る -> る→う -> う→る -> る→う -> う→る -> る→う -> う→る -> る→う -> う→る -> る→う -> う→る -> る→う -> う→る -> る→う -> う→る -> る→う -> う→む -> む→ず -> ず→ず -> ず→ぷ -> ぷ→る -> る→う -> う→ず -> ず→む -> む→る -> る→う -> う→る -> る→う -> う→ぞ -> ぞ→ぴ -> ぴ→る -> る→う -> う→む -> む→ぽ -> ぽ→る -> る→く -> く→る -> る→く -> く→る -> る→く -> く→る -> る→く -> く→る -> る→く -> く→る -> る→く -> く→る -> る→く -> く→る -> る→く -> く→る -> る→り -> り→る -> る→と -> と→る -> る→と -> と→る -> る→と -> と→る -> る→と -> と→る -> る→と -> と→る -> る→と -> と→る -> る→た -> た→る -> る→た -> た→る -> る→す -> す→る -> る→す -> す→る -> る→す -> す→る -> る→す -> す→る -> る→す -> す→る -> る→す -> す→る -> る→す -> す→る -> る→ふ -> ふ→る -> る→ふ -> ふ→る -> る→ふ -> ふ→る -> る→お -> お→る -> る→い -> い→る -> る→い -> い→る -> る→い -> い→る -> る→い -> い→る -> る→い -> い→る -> る→い -> い→る -> る→い -> い→る -> る→い -> い→る -> る→い -> い→る -> る→い -> い→る -> る→い -> い→る -> る→い -> い→る -> る→き -> き→る -> る→き -> き→る -> る→き -> き→る -> る→き -> き→る -> る→き -> き→る -> る→き -> き→る -> る→じ -> じ→る
greedy vs alpha_beta,greedy,alpha_beta,D50000_seed0_greedy_vs_alpha_beta_0,50000,0,second,ended_with_n,183,first,greedy,る,4302,63,18,2,1,,,る,じ,じ,7e-06,False,-36928.0,,,,,5,ず→ず -> ず→る -> る→る -> る→る -> る→る -> る→る -> る→ぽ -> ぽ→る -> る→ぷ -> ぷ→る -> る→ぷ -> ぷ→る -> る→べ -> べ→る -> る→ぐ -> ぐ→る -> る→び -> び→る -> る→ね -> ね→る -> る→む -> む→る -> る→む -> む→る -> る→む -> む→る -> る→げ -> げ→る -> る→ゆ -> ゆ→る -> る→ゆ -> ゆ→る -> る→つ -> つ→る -> る→つ -> つ→る -> る→つ -> つ→る -> る→つ -> つ→る -> る→つ -> つ→る -> る→よ -> よ→る -> る→よ -> よ→る -> る→な -> な→る -> る→な -> な→る -> る→う -> う→る -> る→う -> う→る -> る→う -> う→る -> る→う -> う→る -> る→う -> う→る -> る→う -> う→る -> る→う -> う→る -> る→う -> う→る -> る→う -> う→る -> る→う -> う→む -> む→ず -> ず→ず -> ず→ぷ -> ぷ→る -> る→う -> う→ず -> ず→む -> む→る -> る→う -> う→る -> る→う -> う→ぞ -> ぞ→ぴ -> ぴ→る -> る→う -> う→む -> む→ぽ -> ぽ→る -> る→く -> く→る -> る→く -> く→る -> る→く -> く→る -> る→く -> く→る -> る→く -> く→る -> る→く -> く→る -> る→く -> く→る -> る→く -> く→る -> る→り -> り→る -> る→と -> と→る -> る→と -> と→る -> る→と -> と→る -> る→と -> と→る -> る→と -> と→る -> る→と -> と→る -> る→た -> た→る -> る→た -> た→る -> る→す -> す→る -> る→す -> す→る -> る→す -> す→る -> る→す -> す→る -> る→す -> す→る -> る→す -> す→る -> る→す -> す→る -> る→ふ -> ふ→る -> る→ふ -> ふ→る -> る→ふ -> ふ→る -> る→お -> お→る -> る→い -> い→る -> る→い -> い→る -> る→い -> い→る -> る→い -> い→る -> る→い -> い→る -> る→い -> い→る -> る→い -> い→る -> る→い -> い→る -> る→い -> い→る -> る→い -> い→る -> る→い -> い→る -> る→い -> い→る -> る→き -> き→る -> る→き -> き→る -> る→き -> き→る -> る→き -> き→る -> る→き -> き→る -> る→き -> き→る -> る→じ -> じ→る -> る→じ
greedy vs alpha_beta,greedy,alpha_beta,D50000_seed0_greedy_vs_alpha_beta_0,50000,0,second,ended_with_n,184,second,alpha_beta,じ,1287,18,63,25,24,,,じ,る,る,0.02059,False,10424.0,4,4,True,199,20,ず→ず -> ず→る -> る→る -> る→る -> る→る -> る→る -> る→ぽ -> ぽ→る -> る→ぷ -> ぷ→る -> る→ぷ -> ぷ→る -> る→べ -> べ→る -> る→ぐ -> ぐ→る -> る→び -> び→る -> る→ね -> ね→る -> る→む -> む→る -> る→む -> む→る -> る→む -> む→る -> る→げ -> げ→る -> る→ゆ -> ゆ→る -> る→ゆ -> ゆ→る -> る→つ -> つ→る -> る→つ -> つ→る -> る→つ -> つ→る -> る→つ -> つ→る -> る→つ -> つ→る -> る→よ -> よ→る -> る→よ -> よ→る -> る→な -> な→る -> る→な -> な→る -> る→う -> う→る -> る→う -> う→る -> る→う -> う→る -> る→う -> う→る -> る→う -> う→る -> る→う -> う→る -> る→う -> う→る -> る→う -> う→る -> る→う -> う→る -> る→う -> う→む -> む→ず -> ず→ず -> ず→ぷ -> ぷ→る -> る→う -> う→ず -> ず→む -> む→る -> る→う -> う→る -> る→う -> う→ぞ -> ぞ→ぴ -> ぴ→る -> る→う -> う→む -> む→ぽ -> ぽ→る -> る→く -> く→る -> る→く -> く→る -> る→く -> く→る -> る→く -> く→る -> る→く -> く→る -> る→く -> く→る -> る→く -> く→る -> る→く -> く→る -> る→り -> り→る -> る→と -> と→る -> る→と -> と→る -> る→と -> と→る -> る→と -> と→る -> る→と -> と→る -> る→と -> と→る -> る→た -> た→る -> る→た -> た→る -> る→す -> す→る -> る→す -> す→る -> る→す -> す→る -> る→す -> す→る -> る→す -> す→る -> る→す -> す→る -> る→す -> す→る -> る→ふ -> ふ→る -> る→ふ -> ふ→る -> る→ふ -> ふ→る -> る→お -> お→る -> る→い -> い→る -> る→い -> い→る -> る→い -> い→る -> る→い -> い→る -> る→い -> い→る -> る→い -> い→る -> る→い -> い→る -> る→い -> い→る -> る→い -> い→る -> る→い -> い→る -> る→い -> い→る -> る→い -> い→る -> る→き -> き→る -> る→き -> き→る -> る→き -> き→る -> る→き -> き→る -> る→き -> き→る -> る→き -> き→る -> る→じ -> じ→る -> る→じ -> じ→る
greedy vs alpha_beta,greedy,alpha_beta,D50000_seed0_greedy_vs_alpha_beta_0,50000,0,second,ended_with_n,185,first,greedy,る,4302,63,18,1,0,,,る,じ,じ,7e-06,False,-36905.0,,,,,5,ず→ず -> ず→る -> る→る -> る→る -> る→る -> る→る -> る→ぽ -> ぽ→る -> る→ぷ -> ぷ→る -> る→ぷ -> ぷ→る -> る→べ -> べ→る -> る→ぐ -> ぐ→る -> る→び -> び→る -> る→ね -> ね→る -> る→む -> む→る -> る→む -> む→る -> る→む -> む→る -> る→げ -> げ→る -> る→ゆ -> ゆ→る -> る→ゆ -> ゆ→る -> る→つ -> つ→る -> る→つ -> つ→る -> る→つ -> つ→る -> る→つ -> つ→る -> る→つ -> つ→る -> る→よ -> よ→る -> る→よ -> よ→る -> る→な -> な→る -> る→な -> な→る -> る→う -> う→る -> る→う -> う→る -> る→う -> う→る -> る→う -> う→る -> る→う -> う→る -> る→う -> う→る -> る→う -> う→る -> る→う -> う→る -> る→う -> う→る -> る→う -> う→む -> む→ず -> ず→ず -> ず→ぷ -> ぷ→る -> る→う -> う→ず -> ず→む -> む→る -> る→う -> う→る -> る→う -> う→ぞ -> ぞ→ぴ -> ぴ→る -> る→う -> う→む -> む→ぽ -> ぽ→る -> る→く -> く→る -> る→く -> く→る -> る→く -> く→る -> る→く -> く→る -> る→く -> く→る -> る→く -> く→る -> る→く -> く→る -> る→く -> く→る -> る→り -> り→る -> る→と -> と→る -> る→と -> と→る -> る→と -> と→る -> る→と -> と→る -> る→と -> と→る -> る→と -> と→る -> る→た -> た→る -> る→た -> た→る -> る→す -> す→る -> る→す -> す→る -> る→す -> す→る -> る→す -> す→る -> る→す -> す→る -> る→す -> す→る -> る→す -> す→る -> る→ふ -> ふ→る -> る→ふ -> ふ→る -> る→ふ -> ふ→る -> る→お -> お→る -> る→い -> い→る -> る→い -> い→る -> る→い -> い→る -> る→い -> い→る -> る→い -> い→る -> る→い -> い→る -> る→い -> い→る -> る→い -> い→る -> る→い -> い→る -> る→い -> い→る -> る→い -> い→る -> る→い -> い→る -> る→き -> き→る -> る→き -> き→る -> る→き -> き→る -> る→き -> き→る -> る→き -> き→る -> る→き -> き→る -> る→じ -> じ→る -> る→じ -> じ→る -> る→じ
greedy vs alpha_beta,greedy,alpha_beta,D50000_seed0_greedy_vs_alpha_beta_0,50000,0,second,ended_with_n,186,second,alpha_beta,じ,1287,18,63,24,23,,,じ,る,る,0.016416,False,12451.0,4,4,True,165,20,ず→ず -> ず→る -> る→る -> る→る -> る→る -> る→る -> る→ぽ -> ぽ→る -> る→ぷ -> ぷ→る -> る→ぷ -> ぷ→る -> る→べ -> べ→る -> る→ぐ -> ぐ→る -> る→び -> び→る -> る→ね -> ね→る -> る→む -> む→る -> る→む -> む→る -> る→む -> む→る -> る→げ -> げ→る -> る→ゆ -> ゆ→る -> る→ゆ -> ゆ→る -> る→つ -> つ→る -> る→つ -> つ→る -> る→つ -> つ→る -> る→つ -> つ→る -> る→つ -> つ→る -> る→よ -> よ→る -> る→よ -> よ→る -> る→な -> な→る -> る→な -> な→る -> る→う -> う→る -> る→う -> う→る -> る→う -> う→る -> る→う -> う→る -> る→う -> う→る -> る→う -> う→る -> る→う -> う→る -> る→う -> う→る -> る→う -> う→る -> る→う -> う→む -> む→ず -> ず→ず -> ず→ぷ -> ぷ→る -> る→う -> う→ず -> ず→む -> む→る -> る→う -> う→る -> る→う -> う→ぞ -> ぞ→ぴ -> ぴ→る -> る→う -> う→む -> む→ぽ -> ぽ→る -> る→く -> く→る -> る→く -> く→る -> る→く -> く→る -> る→く -> く→る -> る→く -> く→る -> る→く -> く→る -> る→く -> く→る -> る→く -> く→る -> る→り -> り→る -> る→と -> と→る -> る→と -> と→る -> る→と -> と→る -> る→と -> と→る -> る→と -> と→る -> る→と -> と→る -> る→た -> た→る -> る→た -> た→る -> る→す -> す→る -> る→す -> す→る -> る→す -> す→る -> る→す -> す→る -> る→す -> す→る -> る→す -> す→る -> る→す -> す→る -> る→ふ -> ふ→る -> る→ふ -> ふ→る -> る→ふ -> ふ→る -> る→お -> お→る -> る→い -> い→る -> る→い -> い→る -> る→い -> い→る -> る→い -> い→る -> る→い -> い→る -> る→い -> い→る -> る→い -> い→る -> る→い -> い→る -> る→い -> い→る -> る→い -> い→る -> る→い -> い→る -> る→い -> い→る -> る→き -> き→る -> る→き -> き→る -> る→き -> き→る -> る→き -> き→る -> る→き -> き→る -> る→き -> き→る -> る→じ -> じ→る -> る→じ -> じ→る -> る→じ -> じ→る
greedy vs alpha_beta,greedy,alpha_beta,D50000_seed0_greedy_vs_alpha_beta_0,50000,0,second,ended_with_n,187,first,greedy,る,4284,63,0,4,3,,,る,あ,あ,6e-06,False,-40609.0,,,,,4,ず→ず -> ず→る -> る→る -> る→る -> る→る -> る→る -> る→ぽ -> ぽ→る -> る→ぷ -> ぷ→る -> る→ぷ -> ぷ→る -> る→べ -> べ→る -> る→ぐ -> ぐ→る -> る→び -> び→る -> る→ね -> ね→る -> る→む -> む→る -> る→む -> む→る -> る→む -> む→る -> る→げ -> げ→る -> る→ゆ -> ゆ→る -> る→ゆ -> ゆ→る -> る→つ -> つ→る -> る→つ -> つ→る -> る→つ -> つ→る -> る→つ -> つ→る -> る→つ -> つ→る -> る→よ -> よ→る -> る→よ -> よ→る -> る→な -> な→る -> る→な -> な→る -> る→う -> う→る -> る→う -> う→る -> る→う -> う→る -> る→う -> う→る -> る→う -> う→る -> る→う -> う→る -> る→う -> う→る -> る→う -> う→る -> る→う -> う→る -> る→う -> う→む -> む→ず -> ず→ず -> ず→ぷ -> ぷ→る -> る→う -> う→ず -> ず→む -> む→る -> る→う -> う→る -> る→う -> う→ぞ -> ぞ→ぴ -> ぴ→る -> る→う -> う→む -> む→ぽ -> ぽ→る -> る→く -> く→る -> る→く -> く→る -> る→く -> く→る -> る→く -> く→る -> る→く -> く→る -> る→く -> く→る -> る→く -> く→る -> る→く -> く→る -> る→り -> り→る -> る→と -> と→る -> る→と -> と→る -> る→と -> と→る -> る→と -> と→る -> る→と -> と→る -> る→と -> と→る -> る→た -> た→る -> る→た -> た→る -> る→す -> す→る -> る→す -> す→る -> る→す -> す→る -> る→す -> す→る -> る→す -> す→る -> る→す -> す→る -> る→す -> す→る -> る→ふ -> ふ→る -> る→ふ -> ふ→る -> る→ふ -> ふ→る -> る→お -> お→る -> る→い -> い→る -> る→い -> い→る -> る→い -> い→る -> る→い -> い→る -> る→い -> い→る -> る→い -> い→る -> る→い -> い→る -> る→い -> い→る -> る→い -> い→る -> る→い -> い→る -> る→い -> い→る -> る→い -> い→る -> る→き -> き→る -> る→き -> き→る -> る→き -> き→る -> る→き -> き→る -> る→き -> き→る -> る→き -> き→る -> る→じ -> じ→る -> る→じ -> じ→る -> る→じ -> じ→る -> る→あ
greedy vs alpha_beta,greedy,alpha_beta,D50000_seed0_greedy_vs_alpha_beta_0,50000,0,second,ended_with_n,188,second,alpha_beta,あ,63,0,63,51,50,,,あ,る,る,0.014851,False,12466.0,4,4,True,148,20,ず→ず -> ず→る -> る→る -> る→る -> る→る -> る→る -> る→ぽ -> ぽ→る -> る→ぷ -> ぷ→る -> る→ぷ -> ぷ→る -> る→べ -> べ→る -> る→ぐ -> ぐ→る -> る→び -> び→る -> る→ね -> ね→る -> る→む -> む→る -> る→む -> む→る -> る→む -> む→る -> る→げ -> げ→る -> る→ゆ -> ゆ→る -> る→ゆ -> ゆ→る -> る→つ -> つ→る -> る→つ -> つ→る -> る→つ -> つ→る -> る→つ -> つ→る -> る→つ -> つ→る -> る→よ -> よ→る -> る→よ -> よ→る -> る→な -> な→る -> る→な -> な→る -> る→う -> う→る -> る→う -> う→る -> る→う -> う→る -> る→う -> う→る -> る→う -> う→る -> る→う -> う→る -> る→う -> う→る -> る→う -> う→る -> る→う -> う→る -> る→う -> う→む -> む→ず -> ず→ず -> ず→ぷ -> ぷ→る -> る→う -> う→ず -> ず→む -> む→る -> る→う -> う→る -> る→う -> う→ぞ -> ぞ→ぴ -> ぴ→る -> る→う -> う→む -> む→ぽ -> ぽ→る -> る→く -> く→る -> る→く -> く→る -> る→く -> く→る -> る→く -> く→る -> る→く -> く→る -> る→く -> く→る -> る→く -> く→る -> る→く -> く→る -> る→り -> り→る -> る→と -> と→る -> る→と -> と→る -> る→と -> と→る -> る→と -> と→る -> る→と -> と→る -> る→と -> と→る -> る→た -> た→る -> る→た -> た→る -> る→す -> す→る -> る→す -> す→る -> る→す -> す→る -> る→す -> す→る -> る→す -> す→る -> る→す -> す→る -> る→す -> す→る -> る→ふ -> ふ→る -> る→ふ -> ふ→る -> る→ふ -> ふ→る -> る→お -> お→る -> る→い -> い→る -> る→い -> い→る -> る→い -> い→る -> る→い -> い→る -> る→い -> い→る -> る→い -> い→る -> る→い -> い→る -> る→い -> い→る -> る→い -> い→る -> る→い -> い→る -> る→い -> い→る -> る→い -> い→る -> る→き -> き→る -> る→き -> き→る -> る→き -> き→る -> る→き -> き→る -> る→き -> き→る -> る→き -> き→る -> る→じ -> じ→る -> る→じ -> じ→る -> る→じ -> じ→る -> る→あ -> あ→る
greedy vs alpha_beta,greedy,alpha_beta,D50000_seed0_greedy_vs_alpha_beta_0,50000,0,second,ended_with_n,189,first,greedy,る,4284,63,0,3,2,,,る,あ,あ,6e-06,False,-40586.0,,,,,4,ず→ず -> ず→る -> る→る -> る→る -> る→る -> る→る -> る→ぽ -> ぽ→る -> る→ぷ -> ぷ→る -> る→ぷ -> ぷ→る -> る→べ -> べ→る -> る→ぐ -> ぐ→る -> る→び -> び→る -> る→ね -> ね→る -> る→む -> む→る -> る→む -> む→る -> る→む -> む→る -> る→げ -> げ→る -> る→ゆ -> ゆ→る -> る→ゆ -> ゆ→る -> る→つ -> つ→る -> る→つ -> つ→る -> る→つ -> つ→る -> る→つ -> つ→る -> る→つ -> つ→る -> る→よ -> よ→る -> る→よ -> よ→る -> る→な -> な→る -> る→な -> な→る -> る→う -> う→る -> る→う -> う→る -> る→う -> う→る -> る→う -> う→る -> る→う -> う→る -> る→う -> う→る -> る→う -> う→る -> る→う -> う→る -> る→う -> う→る -> る→う -> う→む -> む→ず -> ず→ず -> ず→ぷ -> ぷ→る -> る→う -> う→ず -> ず→む -> む→る -> る→う -> う→る -> る→う -> う→ぞ -> ぞ→ぴ -> ぴ→る -> る→う -> う→む -> む→ぽ -> ぽ→る -> る→く -> く→る -> る→く -> く→る -> る→く -> く→る -> る→く -> く→る -> る→く -> く→る -> る→く -> く→る -> る→く -> く→る -> る→く -> く→る -> る→り -> り→る -> る→と -> と→る -> る→と -> と→る -> る→と -> と→る -> る→と -> と→る -> る→と -> と→る -> る→と -> と→る -> る→た -> た→る -> る→た -> た→る -> る→す -> す→る -> る→す -> す→る -> る→す -> す→る -> る→す -> す→る -> る→す -> す→る -> る→す -> す→る -> る→す -> す→る -> る→ふ -> ふ→る -> る→ふ -> ふ→る -> る→ふ -> ふ→る -> る→お -> お→る -> る→い -> い→る -> る→い -> い→る -> る→い -> い→る -> る→い -> い→る -> る→い -> い→る -> る→い -> い→る -> る→い -> い→る -> る→い -> い→る -> る→い -> い→る -> る→い -> い→る -> る→い -> い→る -> る→い -> い→る -> る→き -> き→る -> る→き -> き→る -> る→き -> き→る -> る→き -> き→る -> る→き -> き→る -> る→き -> き→る -> る→じ -> じ→る -> る→じ -> じ→る -> る→じ -> じ→る -> る→あ -> あ→る -> る→あ
greedy vs alpha_beta,greedy,alpha_beta,D50000_seed0_greedy_vs_alpha_beta_0,50000,0,second,ended_with_n,190,second,alpha_beta,あ,63,0,63,50,49,,,あ,る,る,0.014846,False,12481.0,4,4,True,148,20,ず→ず -> ず→る -> る→る -> る→る -> る→る -> る→る -> る→ぽ -> ぽ→る -> る→ぷ -> ぷ→る -> る→ぷ -> ぷ→る -> る→べ -> べ→る -> る→ぐ -> ぐ→る -> る→び -> び→る -> る→ね -> ね→る -> る→む -> む→る -> る→む -> む→る -> る→む -> む→る -> る→げ -> げ→る -> る→ゆ -> ゆ→る -> る→ゆ -> ゆ→る -> る→つ -> つ→る -> る→つ -> つ→る -> る→つ -> つ→る -> る→つ -> つ→る -> る→つ -> つ→る -> る→よ -> よ→る -> る→よ -> よ→る -> る→な -> な→る -> る→な -> な→る -> る→う -> う→る -> る→う -> う→る -> る→う -> う→る -> る→う -> う→る -> る→う -> う→る -> る→う -> う→る -> る→う -> う→る -> る→う -> う→る -> る→う -> う→る -> る→う -> う→む -> む→ず -> ず→ず -> ず→ぷ -> ぷ→る -> る→う -> う→ず -> ず→む -> む→る -> る→う -> う→る -> る→う -> う→ぞ -> ぞ→ぴ -> ぴ→る -> る→う -> う→む -> む→ぽ -> ぽ→る -> る→く -> く→る -> る→く -> く→る -> る→く -> く→る -> る→く -> く→る -> る→く -> く→る -> る→く -> く→る -> る→く -> く→る -> る→く -> く→る -> る→り -> り→る -> る→と -> と→る -> る→と -> と→る -> る→と -> と→る -> る→と -> と→る -> る→と -> と→る -> る→と -> と→る -> る→た -> た→る -> る→た -> た→る -> る→す -> す→る -> る→す -> す→る -> る→す -> す→る -> る→す -> す→る -> る→す -> す→る -> る→す -> す→る -> る→す -> す→る -> る→ふ -> ふ→る -> る→ふ -> ふ→る -> る→ふ -> ふ→る -> る→お -> お→る -> る→い -> い→る -> る→い -> い→る -> る→い -> い→る -> る→い -> い→る -> る→い -> い→る -> る→い -> い→る -> る→い -> い→る -> る→い -> い→る -> る→い -> い→る -> る→い -> い→る -> る→い -> い→る -> る→い -> い→る -> る→き -> き→る -> る→き -> き→る -> る→き -> き→る -> る→き -> き→る -> る→き -> き→る -> る→き -> き→る -> る→じ -> じ→る -> る→じ -> じ→る -> る→じ -> じ→る -> る→あ -> あ→る -> る→あ -> あ→る
greedy vs alpha_beta,greedy,alpha_beta,D50000_seed0_greedy_vs_alpha_beta_0,50000,0,second,ended_with_n,191,first,greedy,る,4284,63,0,2,1,,,る,あ,あ,6e-06,False,-40563.0,,,,,4,ず→ず -> ず→る -> る→る -> る→る -> る→る -> る→る -> る→ぽ -> ぽ→る -> る→ぷ -> ぷ→る -> る→ぷ -> ぷ→る -> る→べ -> べ→る -> る→ぐ -> ぐ→る -> る→び -> び→る -> る→ね -> ね→る -> る→む -> む→る -> る→む -> む→る -> る→む -> む→る -> る→げ -> げ→る -> る→ゆ -> ゆ→る -> る→ゆ -> ゆ→る -> る→つ -> つ→る -> る→つ -> つ→る -> る→つ -> つ→る -> る→つ -> つ→る -> る→つ -> つ→る -> る→よ -> よ→る -> る→よ -> よ→る -> る→な -> な→る -> る→な -> な→る -> る→う -> う→る -> る→う -> う→る -> る→う -> う→る -> る→う -> う→る -> る→う -> う→る -> る→う -> う→る -> る→う -> う→る -> る→う -> う→る -> る→う -> う→る -> る→う -> う→む -> む→ず -> ず→ず -> ず→ぷ -> ぷ→る -> る→う -> う→ず -> ず→む -> む→る -> る→う -> う→る -> る→う -> う→ぞ -> ぞ→ぴ -> ぴ→る -> る→う -> う→む -> む→ぽ -> ぽ→る -> る→く -> く→る -> る→く -> く→る -> る→く -> く→る -> る→く -> く→る -> る→く -> く→る -> る→く -> く→る -> る→く -> く→る -> る→く -> く→る -> る→り -> り→る -> る→と -> と→る -> る→と -> と→る -> る→と -> と→る -> る→と -> と→る -> る→と -> と→る -> る→と -> と→る -> る→た -> た→る -> る→た -> た→る -> る→す -> す→る -> る→す -> す→る -> る→す -> す→る -> る→す -> す→る -> る→す -> す→る -> る→す -> す→る -> る→す -> す→る -> る→ふ -> ふ→る -> る→ふ -> ふ→る -> る→ふ -> ふ→る -> る→お -> お→る -> る→い -> い→る -> る→い -> い→る -> る→い -> い→る -> る→い -> い→る -> る→い -> い→る -> る→い -> い→る -> る→い -> い→る -> る→い -> い→る -> る→い -> い→る -> る→い -> い→る -> る→い -> い→る -> る→い -> い→る -> る→き -> き→る -> る→き -> き→る -> る→き -> き→る -> る→き -> き→る -> る→き -> き→る -> る→き -> き→る -> る→じ -> じ→る -> る→じ -> じ→る -> る→じ -> じ→る -> る→あ -> あ→る -> る→あ -> あ→る -> る→あ
greedy vs alpha_beta,greedy,alpha_beta,D50000_seed0_greedy_vs_alpha_beta_0,50000,0,second,ended_with_n,192,second,alpha_beta,あ,63,0,63,49,48,,,あ,る,る,0.016331,False,12504.0,4,4,True,166,20,ず→ず -> ず→る -> る→る -> る→る -> る→る -> る→る -> る→ぽ -> ぽ→る -> る→ぷ -> ぷ→る -> る→ぷ -> ぷ→る -> る→べ -> べ→る -> る→ぐ -> ぐ→る -> る→び -> び→る -> る→ね -> ね→る -> る→む -> む→る -> る→む -> む→る -> る→む -> む→る -> る→げ -> げ→る -> る→ゆ -> ゆ→る -> る→ゆ -> ゆ→る -> る→つ -> つ→る -> る→つ -> つ→る -> る→つ -> つ→る -> る→つ -> つ→る -> る→つ -> つ→る -> る→よ -> よ→る -> る→よ -> よ→る -> る→な -> な→る -> る→な -> な→る -> る→う -> う→る -> る→う -> う→る -> る→う -> う→る -> る→う -> う→る -> る→う -> う→る -> る→う -> う→る -> る→う -> う→る -> る→う -> う→る -> る→う -> う→る -> る→う -> う→む -> む→ず -> ず→ず -> ず→ぷ -> ぷ→る -> る→う -> う→ず -> ず→む -> む→る -> る→う -> う→る -> る→う -> う→ぞ -> ぞ→ぴ -> ぴ→る -> る→う -> う→む -> む→ぽ -> ぽ→る -> る→く -> く→る -> る→く -> く→る -> る→く -> く→る -> る→く -> く→る -> る→く -> く→る -> る→く -> く→る -> る→く -> く→る -> る→く -> く→る -> る→り -> り→る -> る→と -> と→る -> る→と -> と→る -> る→と -> と→る -> る→と -> と→る -> る→と -> と→る -> る→と -> と→る -> る→た -> た→る -> る→た -> た→る -> る→す -> す→る -> る→す -> す→る -> る→す -> す→る -> る→す -> す→る -> る→す -> す→る -> る→す -> す→る -> る→す -> す→る -> る→ふ -> ふ→る -> る→ふ -> ふ→る -> る→ふ -> ふ→る -> る→お -> お→る -> る→い -> い→る -> る→い -> い→る -> る→い -> い→る -> る→い -> い→る -> る→い -> い→る -> る→い -> い→る -> る→い -> い→る -> る→い -> い→る -> る→い -> い→る -> る→い -> い→る -> る→い -> い→る -> る→い -> い→る -> る→き -> き→る -> る→き -> き→る -> る→き -> き→る -> る→き -> き→る -> る→き -> き→る -> る→き -> き→る -> る→じ -> じ→る -> る→じ -> じ→る -> る→じ -> じ→る -> る→あ -> あ→る -> る→あ -> あ→る -> る→あ -> あ→る
greedy vs alpha_beta,greedy,alpha_beta,D50000_seed0_greedy_vs_alpha_beta_0,50000,0,second,ended_with_n,193,first,greedy,る,4284,63,0,1,0,,,る,あ,あ,6e-06,False,-40540.0,,,,,4,ず→ず -> ず→る -> る→る -> る→る -> る→る -> る→る -> る→ぽ -> ぽ→る -> る→ぷ -> ぷ→る -> る→ぷ -> ぷ→る -> る→べ -> べ→る -> る→ぐ -> ぐ→る -> る→び -> び→る -> る→ね -> ね→る -> る→む -> む→る -> る→む -> む→る -> る→む -> む→る -> る→げ -> げ→る -> る→ゆ -> ゆ→る -> る→ゆ -> ゆ→る -> る→つ -> つ→る -> る→つ -> つ→る -> る→つ -> つ→る -> る→つ -> つ→る -> る→つ -> つ→る -> る→よ -> よ→る -> る→よ -> よ→る -> る→な -> な→る -> る→な -> な→る -> る→う -> う→る -> る→う -> う→る -> る→う -> う→る -> る→う -> う→る -> る→う -> う→る -> る→う -> う→る -> る→う -> う→る -> る→う -> う→る -> る→う -> う→る -> る→う -> う→む -> む→ず -> ず→ず -> ず→ぷ -> ぷ→る -> る→う -> う→ず -> ず→む -> む→る -> る→う -> う→る -> る→う -> う→ぞ -> ぞ→ぴ -> ぴ→る -> る→う -> う→む -> む→ぽ -> ぽ→る -> る→く -> く→る -> る→く -> く→る -> る→く -> く→る -> る→く -> く→る -> る→く -> く→る -> る→く -> く→る -> る→く -> く→る -> る→く -> く→る -> る→り -> り→る -> る→と -> と→る -> る→と -> と→る -> る→と -> と→る -> る→と -> と→る -> る→と -> と→る -> る→と -> と→る -> る→た -> た→る -> る→た -> た→る -> る→す -> す→る -> る→す -> す→る -> る→す -> す→る -> る→す -> す→る -> る→す -> す→る -> る→す -> す→る -> る→す -> す→る -> る→ふ -> ふ→る -> る→ふ -> ふ→る -> る→ふ -> ふ→る -> る→お -> お→る -> る→い -> い→る -> る→い -> い→る -> る→い -> い→る -> る→い -> い→る -> る→い -> い→る -> る→い -> い→る -> る→い -> い→る -> る→い -> い→る -> る→い -> い→る -> る→い -> い→る -> る→い -> い→る -> る→い -> い→る -> る→き -> き→る -> る→き -> き→る -> る→き -> き→る -> る→き -> き→る -> る→き -> き→る -> る→き -> き→る -> る→じ -> じ→る -> る→じ -> じ→る -> る→じ -> じ→る -> る→あ -> あ→る -> る→あ -> あ→る -> る→あ -> あ→る -> る→あ
greedy vs alpha_beta,greedy,alpha_beta,D50000_seed0_greedy_vs_alpha_beta_0,50000,0,second,ended_with_n,194,second,alpha_beta,あ,63,0,63,48,47,,,あ,る,る,0.012424,False,16193.0,4,4,True,131,20,ず→ず -> ず→る -> る→る -> る→る -> る→る -> る→る -> る→ぽ -> ぽ→る -> る→ぷ -> ぷ→る -> る→ぷ -> ぷ→る -> る→べ -> べ→る -> る→ぐ -> ぐ→る -> る→び -> び→る -> る→ね -> ね→る -> る→む -> む→る -> る→む -> む→る -> る→む -> む→る -> る→げ -> げ→る -> る→ゆ -> ゆ→る -> る→ゆ -> ゆ→る -> る→つ -> つ→る -> る→つ -> つ→る -> る→つ -> つ→る -> る→つ -> つ→る -> る→つ -> つ→る -> る→よ -> よ→る -> る→よ -> よ→る -> る→な -> な→る -> る→な -> な→る -> る→う -> う→る -> る→う -> う→る -> る→う -> う→る -> る→う -> う→る -> る→う -> う→る -> る→う -> う→る -> る→う -> う→る -> る→う -> う→る -> る→う -> う→る -> る→う -> う→む -> む→ず -> ず→ず -> ず→ぷ -> ぷ→る -> る→う -> う→ず -> ず→む -> む→る -> る→う -> う→る -> る→う -> う→ぞ -> ぞ→ぴ -> ぴ→る -> る→う -> う→む -> む→ぽ -> ぽ→る -> る→く -> く→る -> る→く -> く→る -> る→く -> く→る -> る→く -> く→る -> る→く -> く→る -> る→く -> く→る -> る→く -> く→る -> る→く -> く→る -> る→り -> り→る -> る→と -> と→る -> る→と -> と→る -> る→と -> と→る -> る→と -> と→る -> る→と -> と→る -> る→と -> と→る -> る→た -> た→る -> る→た -> た→る -> る→す -> す→る -> る→す -> す→る -> る→す -> す→る -> る→す -> す→る -> る→す -> す→る -> る→す -> す→る -> る→す -> す→る -> る→ふ -> ふ→る -> る→ふ -> ふ→る -> る→ふ -> ふ→る -> る→お -> お→る -> る→い -> い→る -> る→い -> い→る -> る→い -> い→る -> る→い -> い→る -> る→い -> い→る -> る→い -> い→る -> る→い -> い→る -> る→い -> い→る -> る→い -> い→る -> る→い -> い→る -> る→い -> い→る -> る→い -> い→る -> る→き -> き→る -> る→き -> き→る -> る→き -> き→る -> る→き -> き→る -> る→き -> き→る -> る→き -> き→る -> る→じ -> じ→る -> る→じ -> じ→る -> る→じ -> じ→る -> る→あ -> あ→る -> る→あ -> あ→る -> る→あ -> あ→る -> る→あ -> あ→る
greedy vs alpha_beta,greedy,alpha_beta,D50000_seed0_greedy_vs_alpha_beta_0,50000,0,second,ended_with_n,195,first,greedy,る,4289,63,5,3,2,,,る,か,か,4e-06,False,-53712.5,,,,,3,ず→ず -> ず→る -> る→る -> る→る -> る→る -> る→る -> る→ぽ -> ぽ→る -> る→ぷ -> ぷ→る -> る→ぷ -> ぷ→る -> る→べ -> べ→る -> る→ぐ -> ぐ→る -> る→び -> び→る -> る→ね -> ね→る -> る→む -> む→る -> る→む -> む→る -> る→む -> む→る -> る→げ -> げ→る -> る→ゆ -> ゆ→る -> る→ゆ -> ゆ→る -> る→つ -> つ→る -> る→つ -> つ→る -> る→つ -> つ→る -> る→つ -> つ→る -> る→つ -> つ→る -> る→よ -> よ→る -> る→よ -> よ→る -> る→な -> な→る -> る→な -> な→る -> る→う -> う→る -> る→う -> う→る -> る→う -> う→る -> る→う -> う→る -> る→う -> う→る -> る→う -> う→る -> る→う -> う→る -> る→う -> う→る -> る→う -> う→る -> る→う -> う→む -> む→ず -> ず→ず -> ず→ぷ -> ぷ→る -> る→う -> う→ず -> ず→む -> む→る -> る→う -> う→る -> る→う -> う→ぞ -> ぞ→ぴ -> ぴ→る -> る→う -> う→む -> む→ぽ -> ぽ→る -> る→く -> く→る -> る→く -> く→る -> る→く -> く→る -> る→く -> く→る -> る→く -> く→る -> る→く -> く→る -> る→く -> く→る -> る→く -> く→る -> る→り -> り→る -> る→と -> と→る -> る→と -> と→る -> る→と -> と→る -> る→と -> と→る -> る→と -> と→る -> る→と -> と→る -> る→た -> た→る -> る→た -> た→る -> る→す -> す→る -> る→す -> す→る -> る→す -> す→る -> る→す -> す→る -> る→す -> す→る -> る→す -> す→る -> る→す -> す→る -> る→ふ -> ふ→る -> る→ふ -> ふ→る -> る→ふ -> ふ→る -> る→お -> お→る -> る→い -> い→る -> る→い -> い→る -> る→い -> い→る -> る→い -> い→る -> る→い -> い→る -> る→い -> い→る -> る→い -> い→る -> る→い -> い→る -> る→い -> い→る -> る→い -> い→る -> る→い -> い→る -> る→い -> い→る -> る→き -> き→る -> る→き -> き→る -> る→き -> き→る -> る→き -> き→る -> る→き -> き→る -> る→き -> き→る -> る→じ -> じ→る -> る→じ -> じ→る -> る→じ -> じ→る -> る→あ -> あ→る -> る→あ -> あ→る -> る→あ -> あ→る -> る→あ -> あ→る -> る→か
greedy vs alpha_beta,greedy,alpha_beta,D50000_seed0_greedy_vs_alpha_beta_0,50000,0,second,ended_with_n,196,second,alpha_beta,か,403,5,63,47,46,,,か,る,る,0.01406,False,16208.0,4,4,True,149,20,ず→ず -> ず→る -> る→る -> る→る -> る→る -> る→る -> る→ぽ -> ぽ→る -> る→ぷ -> ぷ→る -> る→ぷ -> ぷ→る -> る→べ -> べ→る -> る→ぐ -> ぐ→る -> る→び -> び→る -> る→ね -> ね→る -> る→む -> む→る -> る→む -> む→る -> る→む -> む→る -> る→げ -> げ→る -> る→ゆ -> ゆ→る -> る→ゆ -> ゆ→る -> る→つ -> つ→る -> る→つ -> つ→る -> る→つ -> つ→る -> る→つ -> つ→る -> る→つ -> つ→る -> る→よ -> よ→る -> る→よ -> よ→る -> る→な -> な→る -> る→な -> な→る -> る→う -> う→る -> る→う -> う→る -> る→う -> う→る -> る→う -> う→る -> る→う -> う→る -> る→う -> う→る -> る→う -> う→る -> る→う -> う→る -> る→う -> う→る -> る→う -> う→む -> む→ず -> ず→ず -> ず→ぷ -> ぷ→る -> る→う -> う→ず -> ず→む -> む→る -> る→う -> う→る -> る→う -> う→ぞ -> ぞ→ぴ -> ぴ→る -> る→う -> う→む -> む→ぽ -> ぽ→る -> る→く -> く→る -> る→く -> く→る -> る→く -> く→る -> る→く -> く→る -> る→く -> く→る -> る→く -> く→る -> る→く -> く→る -> る→く -> く→る -> る→り -> り→る -> る→と -> と→る -> る→と -> と→る -> る→と -> と→る -> る→と -> と→る -> る→と -> と→る -> る→と -> と→る -> る→た -> た→る -> る→た -> た→る -> る→す -> す→る -> る→す -> す→る -> る→す -> す→る -> る→す -> す→る -> る→す -> す→る -> る→す -> す→る -> る→す -> す→る -> る→ふ -> ふ→る -> る→ふ -> ふ→る -> る→ふ -> ふ→る -> る→お -> お→る -> る→い -> い→る -> る→い -> い→る -> る→い -> い→る -> る→い -> い→る -> る→い -> い→る -> る→い -> い→る -> る→い -> い→る -> る→い -> い→る -> る→い -> い→る -> る→い -> い→る -> る→い -> い→る -> る→い -> い→る -> る→き -> き→る -> る→き -> き→る -> る→き -> き→る -> る→き -> き→る -> る→き -> き→る -> る→き -> き→る -> る→じ -> じ→る -> る→じ -> じ→る -> る→じ -> じ→る -> る→あ -> あ→る -> る→あ -> あ→る -> る→あ -> あ→る -> る→あ -> あ→る -> る→か -> か→る
greedy vs alpha_beta,greedy,alpha_beta,D50000_seed0_greedy_vs_alpha_beta_0,50000,0,second,ended_with_n,197,first,greedy,る,4289,63,5,2,1,,,る,か,か,4e-06,False,-53689.5,,,,,3,ず→ず -> ず→る -> る→る -> る→る -> る→る -> る→る -> る→ぽ -> ぽ→る -> る→ぷ -> ぷ→る -> る→ぷ -> ぷ→る -> る→べ -> べ→る -> る→ぐ -> ぐ→る -> る→び -> び→る -> る→ね -> ね→る -> る→む -> む→る -> る→む -> む→る -> る→む -> む→る -> る→げ -> げ→る -> る→ゆ -> ゆ→る -> る→ゆ -> ゆ→る -> る→つ -> つ→る -> る→つ -> つ→る -> る→つ -> つ→る -> る→つ -> つ→る -> る→つ -> つ→る -> る→よ -> よ→る -> る→よ -> よ→る -> る→な -> な→る -> る→な -> な→る -> る→う -> う→る -> る→う -> う→る -> る→う -> う→る -> る→う -> う→る -> る→う -> う→る -> る→う -> う→る -> る→う -> う→る -> る→う -> う→る -> る→う -> う→る -> る→う -> う→む -> む→ず -> ず→ず -> ず→ぷ -> ぷ→る -> る→う -> う→ず -> ず→む -> む→る -> る→う -> う→る -> る→う -> う→ぞ -> ぞ→ぴ -> ぴ→る -> る→う -> う→む -> む→ぽ -> ぽ→る -> る→く -> く→る -> る→く -> く→る -> る→く -> く→る -> る→く -> く→る -> る→く -> く→る -> る→く -> く→る -> る→く -> く→る -> る→く -> く→る -> る→り -> り→る -> る→と -> と→る -> る→と -> と→る -> る→と -> と→る -> る→と -> と→る -> る→と -> と→る -> る→と -> と→る -> る→た -> た→る -> る→た -> た→る -> る→す -> す→る -> る→す -> す→る -> る→す -> す→る -> る→す -> す→る -> る→す -> す→る -> る→す -> す→る -> る→す -> す→る -> る→ふ -> ふ→る -> る→ふ -> ふ→る -> る→ふ -> ふ→る -> る→お -> お→る -> る→い -> い→る -> る→い -> い→る -> る→い -> い→る -> る→い -> い→る -> る→い -> い→る -> る→い -> い→る -> る→い -> い→る -> る→い -> い→る -> る→い -> い→る -> る→い -> い→る -> る→い -> い→る -> る→い -> い→る -> る→き -> き→る -> る→き -> き→る -> る→き -> き→る -> る→き -> き→る -> る→き -> き→る -> る→き -> き→る -> る→じ -> じ→る -> る→じ -> じ→る -> る→じ -> じ→る -> る→あ -> あ→る -> る→あ -> あ→る -> る→あ -> あ→る -> る→あ -> あ→る -> る→か -> か→る -> る→か
greedy vs alpha_beta,greedy,alpha_beta,D50000_seed0_greedy_vs_alpha_beta_0,50000,0,second,ended_with_n,198,second,alpha_beta,か,403,5,63,46,45,,,か,る,る,0.015438,False,16231.0,4,4,True,167,20,ず→ず -> ず→る -> る→る -> る→る -> る→る -> る→る -> る→ぽ -> ぽ→る -> る→ぷ -> ぷ→る -> る→ぷ -> ぷ→る -> る→べ -> べ→る -> る→ぐ -> ぐ→る -> る→び -> び→る -> る→ね -> ね→る -> る→む -> む→る -> る→む -> む→る -> る→む -> む→る -> る→げ -> げ→る -> る→ゆ -> ゆ→る -> る→ゆ -> ゆ→る -> る→つ -> つ→る -> る→つ -> つ→る -> る→つ -> つ→る -> る→つ -> つ→る -> る→つ -> つ→る -> る→よ -> よ→る -> る→よ -> よ→る -> る→な -> な→る -> る→な -> な→る -> る→う -> う→る -> る→う -> う→る -> る→う -> う→る -> る→う -> う→る -> る→う -> う→る -> る→う -> う→る -> る→う -> う→る -> る→う -> う→る -> る→う -> う→る -> る→う -> う→む -> む→ず -> ず→ず -> ず→ぷ -> ぷ→る -> る→う -> う→ず -> ず→む -> む→る -> る→う -> う→る -> る→う -> う→ぞ -> ぞ→ぴ -> ぴ→る -> る→う -> う→む -> む→ぽ -> ぽ→る -> る→く -> く→る -> る→く -> く→る -> る→く -> く→る -> る→く -> く→る -> る→く -> く→る -> る→く -> く→る -> る→く -> く→る -> る→く -> く→る -> る→り -> り→る -> る→と -> と→る -> る→と -> と→る -> る→と -> と→る -> る→と -> と→る -> る→と -> と→る -> る→と -> と→る -> る→た -> た→る -> る→た -> た→る -> る→す -> す→る -> る→す -> す→る -> る→す -> す→る -> る→す -> す→る -> る→す -> す→る -> る→す -> す→る -> る→す -> す→る -> る→ふ -> ふ→る -> る→ふ -> ふ→る -> る→ふ -> ふ→る -> る→お -> お→る -> る→い -> い→る -> る→い -> い→る -> る→い -> い→る -> る→い -> い→る -> る→い -> い→る -> る→い -> い→る -> る→い -> い→る -> る→い -> い→る -> る→い -> い→る -> る→い -> い→る -> る→い -> い→る -> る→い -> い→る -> る→き -> き→る -> る→き -> き→る -> る→き -> き→る -> る→き -> き→る -> る→き -> き→る -> る→き -> き→る -> る→じ -> じ→る -> る→じ -> じ→る -> る→じ -> じ→る -> る→あ -> あ→る -> る→あ -> あ→る -> る→あ -> あ→る -> る→あ -> あ→る -> る→か -> か→る -> る→か -> か→る
greedy vs alpha_beta,greedy,alpha_beta,D50000_seed0_greedy_vs_alpha_beta_0,50000,0,second,ended_with_n,199,first,greedy,る,4289,63,5,1,0,,,る,か,か,5e-06,False,-53666.5,,,,,3,ず→ず -> ず→る -> る→る -> る→る -> る→る -> る→る -> る→ぽ -> ぽ→る -> る→ぷ -> ぷ→る -> る→ぷ -> ぷ→る -> る→べ -> べ→る -> る→ぐ -> ぐ→る -> る→び -> び→る -> る→ね -> ね→る -> る→む -> む→る -> る→む -> む→る -> る→む -> む→る -> る→げ -> げ→る -> る→ゆ -> ゆ→る -> る→ゆ -> ゆ→る -> る→つ -> つ→る -> る→つ -> つ→る -> る→つ -> つ→る -> る→つ -> つ→る -> る→つ -> つ→る -> る→よ -> よ→る -> る→よ -> よ→る -> る→な -> な→る -> る→な -> な→る -> る→う -> う→る -> る→う -> う→る -> る→う -> う→る -> る→う -> う→る -> る→う -> う→る -> る→う -> う→る -> る→う -> う→る -> る→う -> う→る -> る→う -> う→る -> る→う -> う→む -> む→ず -> ず→ず -> ず→ぷ -> ぷ→る -> る→う -> う→ず -> ず→む -> む→る -> る→う -> う→る -> る→う -> う→ぞ -> ぞ→ぴ -> ぴ→る -> る→う -> う→む -> む→ぽ -> ぽ→る -> る→く -> く→る -> る→く -> く→る -> る→く -> く→る -> る→く -> く→る -> る→く -> く→る -> る→く -> く→る -> る→く -> く→る -> る→く -> く→る -> る→り -> り→る -> る→と -> と→る -> る→と -> と→る -> る→と -> と→る -> る→と -> と→る -> る→と -> と→る -> る→と -> と→る -> る→た -> た→る -> る→た -> た→る -> る→す -> す→る -> る→す -> す→る -> る→す -> す→る -> る→す -> す→る -> る→す -> す→る -> る→す -> す→る -> る→す -> す→る -> る→ふ -> ふ→る -> る→ふ -> ふ→る -> る→ふ -> ふ→る -> る→お -> お→る -> る→い -> い→る -> る→い -> い→る -> る→い -> い→る -> る→い -> い→る -> る→い -> い→る -> る→い -> い→る -> る→い -> い→る -> る→い -> い→る -> る→い -> い→る -> る→い -> い→る -> る→い -> い→る -> る→い -> い→る -> る→き -> き→る -> る→き -> き→る -> る→き -> き→る -> る→き -> き→る -> る→き -> き→る -> る→き -> き→る -> る→じ -> じ→る -> る→じ -> じ→る -> る→じ -> じ→る -> る→あ -> あ→る -> る→あ -> あ→る -> る→あ -> あ→る -> る→あ -> あ→る -> る→か -> か→る -> る→か -> か→る -> る→か
greedy vs alpha_beta,greedy,alpha_beta,D50000_seed0_greedy_vs_alpha_beta_0,50000,0,second,ended_with_n,200,second,alpha_beta,か,403,5,63,45,44,,,か,る,る,0.011984,False,19818.0,4,4,True,133,20,ず→ず -> ず→る -> る→る -> る→る -> る→る -> る→る -> る→ぽ -> ぽ→る -> る→ぷ -> ぷ→る -> る→ぷ -> ぷ→る -> る→べ -> べ→る -> る→ぐ -> ぐ→る -> る→び -> び→る -> る→ね -> ね→る -> る→む -> む→る -> る→む -> む→る -> る→む -> む→る -> る→げ -> げ→る -> る→ゆ -> ゆ→る -> る→ゆ -> ゆ→る -> る→つ -> つ→る -> る→つ -> つ→る -> る→つ -> つ→る -> る→つ -> つ→る -> る→つ -> つ→る -> る→よ -> よ→る -> る→よ -> よ→る -> る→な -> な→る -> る→な -> な→る -> る→う -> う→る -> る→う -> う→る -> る→う -> う→る -> る→う -> う→る -> る→う -> う→る -> る→う -> う→る -> る→う -> う→る -> る→う -> う→る -> る→う -> う→る -> る→う -> う→む -> む→ず -> ず→ず -> ず→ぷ -> ぷ→る -> る→う -> う→ず -> ず→む -> む→る -> る→う -> う→る -> る→う -> う→ぞ -> ぞ→ぴ -> ぴ→る -> る→う -> う→む -> む→ぽ -> ぽ→る -> る→く -> く→る -> る→く -> く→る -> る→く -> く→る -> る→く -> く→る -> る→く -> く→る -> る→く -> く→る -> る→く -> く→る -> る→く -> く→る -> る→り -> り→る -> る→と -> と→る -> る→と -> と→る -> る→と -> と→る -> る→と -> と→る -> る→と -> と→る -> る→と -> と→る -> る→た -> た→る -> る→た -> た→る -> る→す -> す→る -> る→す -> す→る -> る→す -> す→る -> る→す -> す→る -> る→す -> す→る -> る→す -> す→る -> る→す -> す→る -> る→ふ -> ふ→る -> る→ふ -> ふ→る -> る→ふ -> ふ→る -> る→お -> お→る -> る→い -> い→る -> る→い -> い→る -> る→い -> い→る -> る→い -> い→る -> る→い -> い→る -> る→い -> い→る -> る→い -> い→る -> る→い -> い→る -> る→い -> い→る -> る→い -> い→る -> る→い -> い→る -> る→い -> い→る -> る→き -> き→る -> る→き -> き→る -> る→き -> き→る -> る→き -> き→る -> る→き -> き→る -> る→き -> き→る -> る→じ -> じ→る -> る→じ -> じ→る -> る→じ -> じ→る -> る→あ -> あ→る -> る→あ -> あ→る -> る→あ -> あ→る -> る→あ -> あ→る -> る→か -> か→る -> る→か -> か→る -> る→か -> か→る
greedy vs alpha_beta,greedy,alpha_beta,D50000_seed0_greedy_vs_alpha_beta_0,50000,0,second,ended_with_n,201,first,greedy,る,4301,63,17,3,2,,,る,し,し,3e-06,False,-67695.5,,,,,2,ず→ず -> ず→る -> る→る -> る→る -> る→る -> る→る -> る→ぽ -> ぽ→る -> る→ぷ -> ぷ→る -> る→ぷ -> ぷ→る -> る→べ -> べ→る -> る→ぐ -> ぐ→る -> る→び -> び→る -> る→ね -> ね→る -> る→む -> む→る -> る→む -> む→る -> る→む -> む→る -> る→げ -> げ→る -> る→ゆ -> ゆ→る -> る→ゆ -> ゆ→る -> る→つ -> つ→る -> る→つ -> つ→る -> る→つ -> つ→る -> る→つ -> つ→る -> る→つ -> つ→る -> る→よ -> よ→る -> る→よ -> よ→る -> る→な -> な→る -> る→な -> な→る -> る→う -> う→る -> る→う -> う→る -> る→う -> う→る -> る→う -> う→る -> る→う -> う→る -> る→う -> う→る -> る→う -> う→る -> る→う -> う→る -> る→う -> う→る -> る→う -> う→む -> む→ず -> ず→ず -> ず→ぷ -> ぷ→る -> る→う -> う→ず -> ず→む -> む→る -> る→う -> う→る -> る→う -> う→ぞ -> ぞ→ぴ -> ぴ→る -> る→う -> う→む -> む→ぽ -> ぽ→る -> る→く -> く→る -> る→く -> く→る -> る→く -> く→る -> る→く -> く→る -> る→く -> く→る -> る→く -> く→る -> る→く -> く→る -> る→く -> く→る -> る→り -> り→る -> る→と -> と→る -> る→と -> と→る -> る→と -> と→る -> る→と -> と→る -> る→と -> と→る -> る→と -> と→る -> る→た -> た→る -> る→た -> た→る -> る→す -> す→る -> る→す -> す→る -> る→す -> す→る -> る→す -> す→る -> る→す -> す→る -> る→す -> す→る -> る→す -> す→る -> る→ふ -> ふ→る -> る→ふ -> ふ→る -> る→ふ -> ふ→る -> る→お -> お→る -> る→い -> い→る -> る→い -> い→る -> る→い -> い→る -> る→い -> い→る -> る→い -> い→る -> る→い -> い→る -> る→い -> い→る -> る→い -> い→る -> る→い -> い→る -> る→い -> い→る -> る→い -> い→る -> る→い -> い→る -> る→き -> き→る -> る→き -> き→る -> る→き -> き→る -> る→き -> き→る -> る→き -> き→る -> る→き -> き→る -> る→じ -> じ→る -> る→じ -> じ→る -> る→じ -> じ→る -> る→あ -> あ→る -> る→あ -> あ→る -> る→あ -> あ→る -> る→あ -> あ→る -> る→か -> か→る -> る→か -> か→る -> る→か -> か→る -> る→し
greedy vs alpha_beta,greedy,alpha_beta,D50000_seed0_greedy_vs_alpha_beta_0,50000,0,second,ended_with_n,202,second,alpha_beta,し,1219,17,63,48,47,,,し,る,る,0.011902,False,19833.0,4,4,True,133,20,ず→ず -> ず→る -> る→る -> る→る -> る→る -> る→る -> る→ぽ -> ぽ→る -> る→ぷ -> ぷ→る -> る→ぷ -> ぷ→る -> る→べ -> べ→る -> る→ぐ -> ぐ→る -> る→び -> び→る -> る→ね -> ね→る -> る→む -> む→る -> る→む -> む→る -> る→む -> む→る -> る→げ -> げ→る -> る→ゆ -> ゆ→る -> る→ゆ -> ゆ→る -> る→つ -> つ→る -> る→つ -> つ→る -> る→つ -> つ→る -> る→つ -> つ→る -> る→つ -> つ→る -> る→よ -> よ→る -> る→よ -> よ→る -> る→な -> な→る -> る→な -> な→る -> る→う -> う→る -> る→う -> う→る -> る→う -> う→る -> る→う -> う→る -> る→う -> う→る -> る→う -> う→る -> る→う -> う→る -> る→う -> う→る -> る→う -> う→る -> る→う -> う→む -> む→ず -> ず→ず -> ず→ぷ -> ぷ→る -> る→う -> う→ず -> ず→む -> む→る -> る→う -> う→る -> る→う -> う→ぞ -> ぞ→ぴ -> ぴ→る -> る→う -> う→む -> む→ぽ -> ぽ→る -> る→く -> く→る -> る→く -> く→る -> る→く -> く→る -> る→く -> く→る -> る→く -> く→る -> る→く -> く→る -> る→く -> く→る -> る→く -> く→る -> る→り -> り→る -> る→と -> と→る -> る→と -> と→る -> る→と -> と→る -> る→と -> と→る -> る→と -> と→る -> る→と -> と→る -> る→た -> た→る -> る→た -> た→る -> る→す -> す→る -> る→す -> す→る -> る→す -> す→る -> る→す -> す→る -> る→す -> す→る -> る→す -> す→る -> る→す -> す→る -> る→ふ -> ふ→る -> る→ふ -> ふ→る -> る→ふ -> ふ→る -> る→お -> お→る -> る→い -> い→る -> る→い -> い→る -> る→い -> い→る -> る→い -> い→る -> る→い -> い→る -> る→い -> い→る -> る→い -> い→る -> る→い -> い→る -> る→い -> い→る -> る→い -> い→る -> る→い -> い→る -> る→い -> い→る -> る→き -> き→る -> る→き -> き→る -> る→き -> き→る -> る→き -> き→る -> る→き -> き→る -> る→き -> き→る -> る→じ -> じ→る -> る→じ -> じ→る -> る→じ -> じ→る -> る→あ -> あ→る -> る→あ -> あ→る -> る→あ -> あ→る -> る→あ -> あ→る -> る→か -> か→る -> る→か -> か→る -> る→か -> か→る -> る→し -> し→る
greedy vs alpha_beta,greedy,alpha_beta,D50000_seed0_greedy_vs_alpha_beta_0,50000,0,second,ended_with_n,203,first,greedy,る,4301,63,17,2,1,,,る,し,し,3e-06,False,-67672.5,,,,,2,ず→ず -> ず→る -> る→る -> る→る -> る→る -> る→る -> る→ぽ -> ぽ→る -> る→ぷ -> ぷ→る -> る→ぷ -> ぷ→る -> る→べ -> べ→る -> る→ぐ -> ぐ→る -> る→び -> び→る -> る→ね -> ね→る -> る→む -> む→る -> る→む -> む→る -> る→む -> む→る -> る→げ -> げ→る -> る→ゆ -> ゆ→る -> る→ゆ -> ゆ→る -> る→つ -> つ→る -> る→つ -> つ→る -> る→つ -> つ→る -> る→つ -> つ→る -> る→つ -> つ→る -> る→よ -> よ→る -> る→よ -> よ→る -> る→な -> な→る -> る→な -> な→る -> る→う -> う→る -> る→う -> う→る -> る→う -> う→る -> る→う -> う→る -> る→う -> う→る -> る→う -> う→る -> る→う -> う→る -> る→う -> う→る -> る→う -> う→る -> る→う -> う→む -> む→ず -> ず→ず -> ず→ぷ -> ぷ→る -> る→う -> う→ず -> ず→む -> む→る -> る→う -> う→る -> る→う -> う→ぞ -> ぞ→ぴ -> ぴ→る -> る→う -> う→む -> む→ぽ -> ぽ→る -> る→く -> く→る -> る→く -> く→る -> る→く -> く→る -> る→く -> く→る -> る→く -> く→る -> る→く -> く→る -> る→く -> く→る -> る→く -> く→る -> る→り -> り→る -> る→と -> と→る -> る→と -> と→る -> る→と -> と→る -> る→と -> と→る -> る→と -> と→る -> る→と -> と→る -> る→た -> た→る -> る→た -> た→る -> る→す -> す→る -> る→す -> す→る -> る→す -> す→る -> る→す -> す→る -> る→す -> す→る -> る→す -> す→る -> る→す -> す→る -> る→ふ -> ふ→る -> る→ふ -> ふ→る -> る→ふ -> ふ→る -> る→お -> お→る -> る→い -> い→る -> る→い -> い→る -> る→い -> い→る -> る→い -> い→る -> る→い -> い→る -> る→い -> い→る -> る→い -> い→る -> る→い -> い→る -> る→い -> い→る -> る→い -> い→る -> る→い -> い→る -> る→い -> い→る -> る→き -> き→る -> る→き -> き→る -> る→き -> き→る -> る→き -> き→る -> る→き -> き→る -> る→き -> き→る -> る→じ -> じ→る -> る→じ -> じ→る -> る→じ -> じ→る -> る→あ -> あ→る -> る→あ -> あ→る -> る→あ -> あ→る -> る→あ -> あ→る -> る→か -> か→る -> る→か -> か→る -> る→か -> か→る -> る→し -> し→る -> る→し
greedy vs alpha_beta,greedy,alpha_beta,D50000_seed0_greedy_vs_alpha_beta_0,50000,0,second,ended_with_n,204,second,alpha_beta,し,1219,17,63,47,46,,,し,る,る,0.003615,False,1000000.0,4,4,True,58,20,ず→ず -> ず→る -> る→る -> る→る -> る→る -> る→る -> る→ぽ -> ぽ→る -> る→ぷ -> ぷ→る -> る→ぷ -> ぷ→る -> る→べ -> べ→る -> る→ぐ -> ぐ→る -> る→び -> び→る -> る→ね -> ね→る -> る→む -> む→る -> る→む -> む→る -> る→む -> む→る -> る→げ -> げ→る -> る→ゆ -> ゆ→る -> る→ゆ -> ゆ→る -> る→つ -> つ→る -> る→つ -> つ→る -> る→つ -> つ→る -> る→つ -> つ→る -> る→つ -> つ→る -> る→よ -> よ→る -> る→よ -> よ→る -> る→な -> な→る -> る→な -> な→る -> る→う -> う→る -> る→う -> う→る -> る→う -> う→る -> る→う -> う→る -> る→う -> う→る -> る→う -> う→る -> る→う -> う→る -> る→う -> う→る -> る→う -> う→る -> る→う -> う→む -> む→ず -> ず→ず -> ず→ぷ -> ぷ→る -> る→う -> う→ず -> ず→む -> む→る -> る→う -> う→る -> る→う -> う→ぞ -> ぞ→ぴ -> ぴ→る -> る→う -> う→む -> む→ぽ -> ぽ→る -> る→く -> く→る -> る→く -> く→る -> る→く -> く→る -> る→く -> く→る -> る→く -> く→る -> る→く -> く→る -> る→く -> く→る -> る→く -> く→る -> る→り -> り→る -> る→と -> と→る -> る→と -> と→る -> る→と -> と→る -> る→と -> と→る -> る→と -> と→る -> る→と -> と→る -> る→た -> た→る -> る→た -> た→る -> る→す -> す→る -> る→す -> す→る -> る→す -> す→る -> る→す -> す→る -> る→す -> す→る -> る→す -> す→る -> る→す -> す→る -> る→ふ -> ふ→る -> る→ふ -> ふ→る -> る→ふ -> ふ→る -> る→お -> お→る -> る→い -> い→る -> る→い -> い→る -> る→い -> い→る -> る→い -> い→る -> る→い -> い→る -> る→い -> い→る -> る→い -> い→る -> る→い -> い→る -> る→い -> い→る -> る→い -> い→る -> る→い -> い→る -> る→い -> い→る -> る→き -> き→る -> る→き -> き→る -> る→き -> き→る -> る→き -> き→る -> る→き -> き→る -> る→き -> き→る -> る→じ -> じ→る -> る→じ -> じ→る -> る→じ -> じ→る -> る→あ -> あ→る -> る→あ -> あ→る -> る→あ -> あ→る -> る→あ -> あ→る -> る→か -> か→る -> る→か -> か→る -> る→か -> か→る -> る→し -> し→る -> る→し -> し→る
greedy vs alpha_beta,greedy,alpha_beta,D50000_seed0_greedy_vs_alpha_beta_0,50000,0,second,ended_with_n,205,first,greedy,る,4301,63,17,1,0,,,る,し,し,2e-06,False,-67649.5,,,,,2,ず→ず -> ず→る -> る→る -> る→る -> る→る -> る→る -> る→ぽ -> ぽ→る -> る→ぷ -> ぷ→る -> る→ぷ -> ぷ→る -> る→べ -> べ→る -> る→ぐ -> ぐ→る -> る→び -> び→る -> る→ね -> ね→る -> る→む -> む→る -> る→む -> む→る -> る→む -> む→る -> る→げ -> げ→る -> る→ゆ -> ゆ→る -> る→ゆ -> ゆ→る -> る→つ -> つ→る -> る→つ -> つ→る -> る→つ -> つ→る -> る→つ -> つ→る -> る→つ -> つ→る -> る→よ -> よ→る -> る→よ -> よ→る -> る→な -> な→る -> る→な -> な→る -> る→う -> う→る -> る→う -> う→る -> る→う -> う→る -> る→う -> う→る -> る→う -> う→る -> る→う -> う→る -> る→う -> う→る -> る→う -> う→る -> る→う -> う→る -> る→う -> う→む -> む→ず -> ず→ず -> ず→ぷ -> ぷ→る -> る→う -> う→ず -> ず→む -> む→る -> る→う -> う→る -> る→う -> う→ぞ -> ぞ→ぴ -> ぴ→る -> る→う -> う→む -> む→ぽ -> ぽ→る -> る→く -> く→る -> る→く -> く→る -> る→く -> く→る -> る→く -> く→る -> る→く -> く→る -> る→く -> く→る -> る→く -> く→る -> る→く -> く→る -> る→り -> り→る -> る→と -> と→る -> る→と -> と→る -> る→と -> と→る -> る→と -> と→る -> る→と -> と→る -> る→と -> と→る -> る→た -> た→る -> る→た -> た→る -> る→す -> す→る -> る→す -> す→る -> る→す -> す→る -> る→す -> す→る -> る→す -> す→る -> る→す -> す→る -> る→す -> す→る -> る→ふ -> ふ→る -> る→ふ -> ふ→る -> る→ふ -> ふ→る -> る→お -> お→る -> る→い -> い→る -> る→い -> い→る -> る→い -> い→る -> る→い -> い→る -> る→い -> い→る -> る→い -> い→る -> る→い -> い→る -> る→い -> い→る -> る→い -> い→る -> る→い -> い→る -> る→い -> い→る -> る→い -> い→る -> る→き -> き→る -> る→き -> き→る -> る→き -> き→る -> る→き -> き→る -> る→き -> き→る -> る→き -> き→る -> る→じ -> じ→る -> る→じ -> じ→る -> る→じ -> じ→る -> る→あ -> あ→る -> る→あ -> あ→る -> る→あ -> あ→る -> る→あ -> あ→る -> る→か -> か→る -> る→か -> か→る -> る→か -> か→る -> る→し -> し→る -> る→し -> し→る -> る→し
greedy vs alpha_beta,greedy,alpha_beta,D50000_seed0_greedy_vs_alpha_beta_0,50000,0,second,ended_with_n,206,second,alpha_beta,し,1219,17,63,46,45,,,し,る,る,0.001808,False,1000000.0,4,4,True,42,20,ず→ず -> ず→る -> る→る -> る→る -> る→る -> る→る -> る→ぽ -> ぽ→る -> る→ぷ -> ぷ→る -> る→ぷ -> ぷ→る -> る→べ -> べ→る -> る→ぐ -> ぐ→る -> る→び -> び→る -> る→ね -> ね→る -> る→む -> む→る -> る→む -> む→る -> る→む -> む→る -> る→げ -> げ→る -> る→ゆ -> ゆ→る -> る→ゆ -> ゆ→る -> る→つ -> つ→る -> る→つ -> つ→る -> る→つ -> つ→る -> る→つ -> つ→る -> る→つ -> つ→る -> る→よ -> よ→る -> る→よ -> よ→る -> る→な -> な→る -> る→な -> な→る -> る→う -> う→る -> る→う -> う→る -> る→う -> う→る -> る→う -> う→る -> る→う -> う→る -> る→う -> う→る -> る→う -> う→る -> る→う -> う→る -> る→う -> う→る -> る→う -> う→む -> む→ず -> ず→ず -> ず→ぷ -> ぷ→る -> る→う -> う→ず -> ず→む -> む→る -> る→う -> う→る -> る→う -> う→ぞ -> ぞ→ぴ -> ぴ→る -> る→う -> う→む -> む→ぽ -> ぽ→る -> る→く -> く→る -> る→く -> く→る -> る→く -> く→る -> る→く -> く→る -> る→く -> く→る -> る→く -> く→る -> る→く -> く→る -> る→く -> く→る -> る→り -> り→る -> る→と -> と→る -> る→と -> と→る -> る→と -> と→る -> る→と -> と→る -> る→と -> と→る -> る→と -> と→る -> る→た -> た→る -> る→た -> た→る -> る→す -> す→る -> る→す -> す→る -> る→す -> す→る -> る→す -> す→る -> る→す -> す→る -> る→す -> す→る -> る→す -> す→る -> る→ふ -> ふ→る -> る→ふ -> ふ→る -> る→ふ -> ふ→る -> る→お -> お→る -> る→い -> い→る -> る→い -> い→る -> る→い -> い→る -> る→い -> い→る -> る→い -> い→る -> る→い -> い→る -> る→い -> い→る -> る→い -> い→る -> る→い -> い→る -> る→い -> い→る -> る→い -> い→る -> る→い -> い→る -> る→き -> き→る -> る→き -> き→る -> る→き -> き→る -> る→き -> き→る -> る→き -> き→る -> る→き -> き→る -> る→じ -> じ→る -> る→じ -> じ→る -> る→じ -> じ→る -> る→あ -> あ→る -> る→あ -> あ→る -> る→あ -> あ→る -> る→あ -> あ→る -> る→か -> か→る -> る→か -> か→る -> る→か -> か→る -> る→し -> し→る -> る→し -> し→る -> る→し -> し→る
greedy vs alpha_beta,greedy,alpha_beta,D50000_seed0_greedy_vs_alpha_beta_0,50000,0,second,ended_with_n,207,first,greedy,る,4351,63,67,18,17,,,る,ん,,1e-06,False,-1000000.0,,,,,1,ず→ず -> ず→る -> る→る -> る→る -> る→る -> る→る -> る→ぽ -> ぽ→る -> る→ぷ -> ぷ→る -> る→ぷ -> ぷ→る -> る→べ -> べ→る -> る→ぐ -> ぐ→る -> る→び -> び→る -> る→ね -> ね→る -> る→む -> む→る -> る→む -> む→る -> る→む -> む→る -> る→げ -> げ→る -> る→ゆ -> ゆ→る -> る→ゆ -> ゆ→る -> る→つ -> つ→る -> る→つ -> つ→る -> る→つ -> つ→る -> る→つ -> つ→る -> る→つ -> つ→る -> る→よ -> よ→る -> る→よ -> よ→る -> る→な -> な→る -> る→な -> な→る -> る→う -> う→る -> る→う -> う→る -> る→う -> う→る -> る→う -> う→る -> る→う -> う→る -> る→う -> う→る -> る→う -> う→る -> る→う -> う→る -> る→う -> う→る -> る→う -> う→む -> む→ず -> ず→ず -> ず→ぷ -> ぷ→る -> る→う -> う→ず -> ず→む -> む→る -> る→う -> う→る -> る→う -> う→ぞ -> ぞ→ぴ -> ぴ→る -> る→う -> う→む -> む→ぽ -> ぽ→る -> る→く -> く→る -> る→く -> く→る -> る→く -> く→る -> る→く -> く→る -> る→く -> く→る -> る→く -> く→る -> る→く -> く→る -> る→く -> く→る -> る→り -> り→る -> る→と -> と→る -> る→と -> と→る -> る→と -> と→る -> る→と -> と→る -> る→と -> と→る -> る→と -> と→る -> る→た -> た→る -> る→た -> た→る -> る→す -> す→る -> る→す -> す→る -> る→す -> す→る -> る→す -> す→る -> る→す -> す→る -> る→す -> す→る -> る→す -> す→る -> る→ふ -> ふ→る -> る→ふ -> ふ→る -> る→ふ -> ふ→る -> る→お -> お→る -> る→い -> い→る -> る→い -> い→る -> る→い -> い→る -> る→い -> い→る -> る→い -> い→る -> る→い -> い→る -> る→い -> い→る -> る→い -> い→る -> る→い -> い→る -> る→い -> い→る -> る→い -> い→る -> る→い -> い→る -> る→き -> き→る -> る→き -> き→る -> る→き -> き→る -> る→き -> き→る -> る→き -> き→る -> る→き -> き→る -> る→じ -> じ→る -> る→じ -> じ→る -> る→じ -> じ→る -> る→あ -> あ→る -> る→あ -> あ→る -> る→あ -> あ→る -> る→あ -> あ→る -> る→か -> か→る -> る→か -> か→る -> る→か -> か→る -> る→し -> し→る -> る→し -> し→る -> る→し -> し→る -> る→ん
alpha_beta vs greedy,alpha_beta,greedy,D50000_seed0_alpha_beta_vs_greedy_0,50000,0,first,ended_with_n,1,first,alpha_beta,ANY,1380,20,20,2,1,,,ず,ず,ず,0.158326,False,-1708.0,4,4,True,437,20,ず→ず
alpha_beta vs greedy,alpha_beta,greedy,D50000_seed0_alpha_beta_vs_greedy_0,50000,0,first,ended_with_n,2,second,greedy,ず,1380,20,20,1,0,,,ず,ず,ず,4.1e-05,False,-1534.0,,,,,27,ず→ず -> ず→ず
alpha_beta vs greedy,alpha_beta,greedy,D50000_seed0_alpha_beta_vs_greedy_0,50000,0,first,ended_with_n,3,first,alpha_beta,ず,1423,20,63,1,0,,,ず,る,る,0.095526,False,-1693.0,4,4,True,455,20,ず→ず -> ず→ず -> ず→る
alpha_beta vs greedy,alpha_beta,greedy,D50000_seed0_alpha_beta_vs_greedy_0,50000,0,first,ended_with_n,4,second,greedy,る,4347,63,63,4,3,,,る,る,る,4.1e-05,False,-2479.0,,,,,28,ず→ず -> ず→ず -> ず→る -> る→る
alpha_beta vs greedy,alpha_beta,greedy,D50000_seed0_alpha_beta_vs_greedy_0,50000,0,first,ended_with_n,5,first,alpha_beta,る,4347,63,63,3,2,,,る,る,る,0.09525,False,-1663.0,4,4,True,455,20,ず→ず -> ず→ず -> ず→る -> る→る -> る→る
alpha_beta vs greedy,alpha_beta,greedy,D50000_seed0_alpha_beta_vs_greedy_0,50000,0,first,ended_with_n,6,second,greedy,る,4347,63,63,2,1,,,る,る,る,4e-05,False,-2433.0,,,,,28,ず→ず -> ず→ず -> ず→る -> る→る -> る→る -> る→る
alpha_beta vs greedy,alpha_beta,greedy,D50000_seed0_alpha_beta_vs_greedy_0,50000,0,first,ended_with_n,7,first,alpha_beta,る,4347,63,63,1,0,,,る,る,る,0.100051,False,-539.0,4,4,True,491,20,ず→ず -> ず→ず -> ず→る -> る→る -> る→る -> る→る -> る→る
alpha_beta vs greedy,alpha_beta,greedy,D50000_seed0_alpha_beta_vs_greedy_0,50000,0,first,ended_with_n,8,second,greedy,る,4336,63,52,1,0,,,る,ぽ,ぽ,3.9e-05,False,-3123.0,,,,,27,ず→ず -> ず→ず -> ず→る -> る→る -> る→る -> る→る -> る→る -> る→ぽ
alpha_beta vs greedy,alpha_beta,greedy,D50000_seed0_alpha_beta_vs_greedy_0,50000,0,first,ended_with_n,9,first,alpha_beta,ぽ,3556,52,20,2,1,,,ぽ,ず,ず,0.099927,False,336.0,4,4,True,454,20,ず→ず -> ず→ず -> ず→る -> る→る -> る→る -> る→る -> る→る -> る→ぽ -> ぽ→ず
alpha_beta vs greedy,alpha_beta,greedy,D50000_seed0_alpha_beta_vs_greedy_0,50000,0,first,ended_with_n,10,second,greedy,ず,1406,20,46,1,0,,,ず,ぷ,ぷ,3.8e-05,False,-5755.0,,,,,25,ず→ず -> ず→ず -> ず→る -> る→る -> る→る -> る→る -> る→る -> る→ぽ -> ぽ→ず -> ず→ぷ
alpha_beta vs greedy,alpha_beta,greedy,D50000_seed0_alpha_beta_vs_greedy_0,50000,0,first,ended_with_n,11,first,alpha_beta,ぷ,3148,46,20,3,2,,,ぷ,ず,ず,0.110648,False,351.0,4,4,True,459,20,ず→ず -> ず→ず -> ず→る -> る→る -> る→る -> る→る -> る→る -> る→ぽ -> ぽ→ず -> ず→ぷ -> ぷ→ず
alpha_beta vs greedy,alpha_beta,greedy,D50000_seed0_alpha_beta_vs_greedy_0,50000,0,first,ended_with_n,12,second,greedy,ず,1415,20,55,2,1,,,ず,む,む,3.5e-05,False,-8129.0,,,,,24,ず→ず -> ず→ず -> ず→る -> る→る -> る→る -> る→る -> る→る -> る→ぽ -> ぽ→ず -> ず→ぷ -> ぷ→ず -> ず→む
alpha_beta vs greedy,alpha_beta,greedy,D50000_seed0_alpha_beta_vs_greedy_0,50000,0,first,ended_with_n,13,first,alpha_beta,む,3803,55,63,4,3,,,む,る,る,0.171561,False,351.0,4,4,True,480,20,ず→ず -> ず→ず -> ず→る -> る→る -> る→る -> る→る -> る→る -> る→ぽ -> ぽ→ず -> ず→ぷ -> ぷ→ず -> ず→む -> む→る
alpha_beta vs greedy,alpha_beta,greedy,D50000_seed0_alpha_beta_vs_greedy_0,50000,0,first,ended_with_n,14,second,greedy,る,4330,63,46,2,1,,,る,ぷ,ぷ,3.8e-05,False,-5732.0,,,,,26,ず→ず -> ず→ず -> ず→る -> る→る -> る→る -> る→る -> る→る -> る→ぽ -> ぽ→ず -> ず→ぷ -> ぷ→ず -> ず→む -> む→る -> る→ぷ
alpha_beta vs greedy,alpha_beta,greedy,D50000_seed0_alpha_beta_vs_greedy_0,50000,0,first,ended_with_n,15,first,alpha_beta,ぷ,3148,46,20,2,1,,,ぷ,ず,ず,0.111473,False,366.0,4,4,True,477,20,ず→ず -> ず→ず -> ず→る -> る→る -> る→る -> る→る -> る→る -> る→ぽ -> ぽ→ず -> ず→ぷ -> ぷ→ず -> ず→む -> む→る -> る→ぷ -> ぷ→ず
alpha_beta vs greedy,alpha_beta,greedy,D50000_seed0_alpha_beta_vs_greedy_0,50000,0,first,ended_with_n,16,second,greedy,ず,1415,20,55,1,0,,,ず,む,む,3.6e-05,False,-8106.0,,,,,24,ず→ず -> ず→ず -> ず→る -> る→る -> る→る -> る→る -> る→る -> る→ぽ -> ぽ→ず -> ず→ぷ -> ぷ→ず -> ず→む -> む→る -> る→ぷ -> ぷ→ず -> ず→む
alpha_beta vs greedy,alpha_beta,greedy,D50000_seed0_alpha_beta_vs_greedy_0,50000,0,first,ended_with_n,17,first,alpha_beta,む,3803,55,63,3,2,,,む,る,る,0.143434,False,366.0,4,4,True,490,20,ず→ず -> ず→ず -> ず→る -> る→る -> る→る -> る→る -> る→る -> る→ぽ -> ぽ→ず -> ず→ぷ -> ぷ→ず -> ず→む -> む→る -> る→ぷ -> ぷ→ず -> ず→む -> む→る
alpha_beta vs greedy,alpha_beta,greedy,D50000_seed0_alpha_beta_vs_greedy_0,50000,0,first,ended_with_n,18,second,greedy,る,4330,63,46,1,0,,,る,ぷ,ぷ,3.8e-05,False,-5709.0,,,,,26,ず→ず -> ず→ず -> ず→る -> る→る -> る→る -> る→る -> る→る -> る→ぽ -> ぽ→ず -> ず→ぷ -> ぷ→ず -> ず→む -> む→る -> る→ぷ -> ぷ→ず -> ず→む -> む→る -> る→ぷ
alpha_beta vs greedy,alpha_beta,greedy,D50000_seed0_alpha_beta_vs_greedy_0,50000,0,first,ended_with_n,19,first,alpha_beta,ぷ,3148,46,20,1,0,,,ぷ,ず,ず,0.140552,False,477.0,4,4,True,466,20,ず→ず -> ず→ず -> ず→る -> る→る -> る→る -> る→る -> る→る -> る→ぽ -> ぽ→ず -> ず→ぷ -> ぷ→ず -> ず→む -> む→る -> る→ぷ -> ぷ→ず -> ず→む -> む→る -> る→ぷ -> ぷ→ず
alpha_beta vs greedy,alpha_beta,greedy,D50000_seed0_alpha_beta_vs_greedy_0,50000,0,first,ended_with_n,20,second,greedy,ず,1421,20,61,2,1,,,ず,ら,ら,0.000305,False,-8607.0,,,,,23,ず→ず -> ず→ず -> ず→る -> る→る -> る→る -> る→る -> る→る -> る→ぽ -> ぽ→ず -> ず→ぷ -> ぷ→ず -> ず→む -> む→る -> る→ぷ -> ぷ→ず -> ず→む -> む→る -> る→ぷ -> ぷ→ず -> ず→ら
alpha_beta vs greedy,alpha_beta,greedy,D50000_seed0_alpha_beta_vs_greedy_0,50000,0,first,ended_with_n,21,first,alpha_beta,ら,4168,61,20,1,0,,,ら,ず,ず,0.200014,True,500.0,4,3,True,75,2,ず→ず -> ず→ず -> ず→る -> る→る -> る→る -> る→る -> る→る -> る→ぽ -> ぽ→ず -> ず→ぷ -> ぷ→ず -> ず→む -> む→る -> る→ぷ -> ぷ→ず -> ず→む -> む→る -> る→ぷ -> ぷ→ず -> ず→ら -> ら→ず
alpha_beta vs greedy,alpha_beta,greedy,D50000_seed0_alpha_beta_vs_greedy_0,50000,0,first,ended_with_n,22,second,greedy,ず,1421,20,61,1,0,,,ず,ら,ら,0.000107,False,-8584.0,,,,,23,ず→ず -> ず→ず -> ず→る -> る→る -> る→る -> る→る -> る→る -> る→ぽ -> ぽ→ず -> ず→ぷ -> ぷ→ず -> ず→む -> む→る -> る→ぷ -> ぷ→ず -> ず→む -> む→る -> る→ぷ -> ぷ→ず -> ず→ら -> ら→ず -> ず→ら
alpha_beta vs greedy,alpha_beta,greedy,D50000_seed0_alpha_beta_vs_greedy_0,50000,0,first,ended_with_n,23,first,alpha_beta,ら,4211,61,63,20,19,,,ら,る,る,0.082752,False,5635.0,3,3,True,37,20,ず→ず -> ず→ず -> ず→る -> る→る -> る→る -> る→る -> る→る -> る→ぽ -> ぽ→ず -> ず→ぷ -> ぷ→ず -> ず→む -> む→る -> る→ぷ -> ぷ→ず -> ず→む -> む→る -> る→ぷ -> ぷ→ず -> ず→ら -> ら→ず -> ず→ら -> ら→る
alpha_beta vs greedy,alpha_beta,greedy,D50000_seed0_alpha_beta_vs_greedy_0,50000,0,first,ended_with_n,24,second,greedy,る,4332,63,48,1,0,,,る,べ,べ,3.8e-05,False,-6327.0,,,,,25,ず→ず -> ず→ず -> ず→る -> る→る -> る→る -> る→る -> る→る -> る→ぽ -> ぽ→ず -> ず→ぷ -> ぷ→ず -> ず→む -> む→る -> る→ぷ -> ぷ→ず -> ず→む -> む→る -> る→ぷ -> ぷ→ず -> ず→ら -> ら→ず -> ず→ら -> ら→る -> る→べ
alpha_beta vs greedy,alpha_beta,greedy,D50000_seed0_alpha_beta_vs_greedy_0,50000,0,first,ended_with_n,25,first,alpha_beta,べ,3327,48,63,15,14,,,べ,る,る,0.070908,False,5743.5,3,3,True,54,20,ず→ず -> ず→ず -> ず→る -> る→る -> る→る -> る→る -> る→る -> る→ぽ -> ぽ→ず -> ず→ぷ -> ぷ→ず -> ず→む -> む→る -> る→ぷ -> ぷ→ず -> ず→む -> む→る -> る→ぷ -> ぷ→ず -> ず→ら -> ら→ず -> ず→ら -> ら→る -> る→べ -> べ→る
alpha_beta vs greedy,alpha_beta,greedy,D50000_seed0_alpha_beta_vs_greedy_0,50000,0,first,ended_with_n,26,second,greedy,る,4294,63,10,1,0,,,る,ぐ,ぐ,3.7e-05,False,-6427.5,,,,,24,ず→ず -> ず→ず -> ず→る -> る→る -> る→る -> る→る -> る→る -> る→ぽ -> ぽ→ず -> ず→ぷ -> ぷ→ず -> ず→む -> む→る -> る→ぷ -> ぷ→ず -> ず→む -> む→る -> る→ぷ -> ぷ→ず -> ず→ら -> ら→ず -> ず→ら -> ら→る -> る→べ -> べ→る -> る→ぐ
alpha_beta vs greedy,alpha_beta,greedy,D50000_seed0_alpha_beta_vs_greedy_0,50000,0,first,ended_with_n,27,first,alpha_beta,ぐ,743,10,63,13,12,,,ぐ,る,る,0.069862,False,6892.5,3,4,True,54,20,ず→ず -> ず→ず -> ず→る -> る→る -> る→る -> る→る -> る→る -> る→ぽ -> ぽ→ず -> ず→ぷ -> ぷ→ず -> ず→む -> む→る -> る→ぷ -> ぷ→ず -> ず→む -> む→る -> る→ぷ -> ぷ→ず -> ず→ら -> ら→ず -> ず→ら -> ら→る -> る→べ -> べ→る -> る→ぐ -> ぐ→る
alpha_beta vs greedy,alpha_beta,greedy,D50000_seed0_alpha_beta_vs_greedy_0,50000,0,first,ended_with_n,28,second,greedy,る,4326,63,42,1,0,,,る,び,び,3.9e-05,False,-7568.5,,,,,23,ず→ず -> ず→ず -> ず→る -> る→る -> る→る -> る→る -> る→る -> る→ぽ -> ぽ→ず -> ず→ぷ -> ぷ→ず -> ず→む -> む→る -> る→ぷ -> ぷ→ず -> ず→む -> む→る -> る→ぷ -> ぷ→ず -> ず→ら -> ら→ず -> ず→ら -> ら→る -> る→べ -> べ→る -> る→ぐ -> ぐ→る -> る→び
alpha_beta vs greedy,alpha_beta,greedy,D50000_seed0_alpha_beta_vs_greedy_0,50000,0,first,ended_with_n,29,first,alpha_beta,び,2876,42,20,2,1,,,び,ず,ず,0.130171,False,1083.0,4,4,True,482,20,ず→ず -> ず→ず -> ず→る -> る→る -> る→る -> る→る -> る→る -> る→ぽ -> ぽ→ず -> ず→ぷ -> ぷ→ず -> ず→む -> む→る -> る→ぷ -> ぷ→ず -> ず→む -> む→る -> る→ぷ -> ぷ→ず -> ず→ら -> ら→ず -> ず→ら -> ら→る -> る→べ -> べ→る -> る→ぐ -> ぐ→る -> る→び -> び→ず
alpha_beta vs greedy,alpha_beta,greedy,D50000_seed0_alpha_beta_vs_greedy_0,50000,0,first,ended_with_n,30,second,greedy,ず,1424,20,64,2,1,,,ず,れ,れ,3.4e-05,False,-9355.5,,,,,22,ず→ず -> ず→ず -> ず→る -> る→る -> る→る -> る→る -> る→る -> る→ぽ -> ぽ→ず -> ず→ぷ -> ぷ→ず -> ず→む -> む→る -> る→ぷ -> ぷ→ず -> ず→む -> む→る -> る→ぷ -> ぷ→ず -> ず→ら -> ら→ず -> ず→ら -> ら→る -> る→べ -> べ→る -> る→ぐ -> ぐ→る -> る→び -> び→ず -> ず→れ
alpha_beta vs greedy,alpha_beta,greedy,D50000_seed0_alpha_beta_vs_greedy_0,50000,0,first,ended_with_n,31,first,alpha_beta,れ,4372,64,20,5,4,,,れ,ず,ず,0.134959,False,1106.0,4,4,True,500,20,ず→ず -> ず→ず -> ず→る -> る→る -> る→る -> る→る -> る→る -> る→ぽ -> ぽ→ず -> ず→ぷ -> ぷ→ず -> ず→む -> む→る -> る→ぷ -> ぷ→ず -> ず→む -> む→る -> る→ぷ -> ぷ→ず -> ず→ら -> ら→ず -> ず→ら -> ら→る -> る→べ -> べ→る -> る→ぐ -> ぐ→る -> る→び -> び→ず -> ず→れ -> れ→ず
alpha_beta vs greedy,alpha_beta,greedy,D50000_seed0_alpha_beta_vs_greedy_0,50000,0,first,ended_with_n,32,second,greedy,ず,1424,20,64,1,0,,,ず,れ,れ,3.3e-05,False,-9332.5,,,,,22,ず→ず -> ず→ず -> ず→る -> る→る -> る→る -> る→る -> る→る -> る→ぽ -> ぽ→ず -> ず→ぷ -> ぷ→ず -> ず→む -> む→る -> る→ぷ -> ぷ→ず -> ず→む -> む→る -> る→ぷ -> ぷ→ず -> ず→ら -> ら→ず -> ず→ら -> ら→る -> る→べ -> べ→る -> る→ぐ -> ぐ→る -> る→び -> び→ず -> ず→れ -> れ→ず -> ず→れ
alpha_beta vs greedy,alpha_beta,greedy,D50000_seed0_alpha_beta_vs_greedy_0,50000,0,first,ended_with_n,33,first,alpha_beta,れ,4372,64,20,4,3,,,れ,ず,ず,0.118176,False,1129.0,4,4,True,482,20,ず→ず -> ず→ず -> ず→る -> る→る -> る→る -> る→る -> る→る -> る→ぽ -> ぽ→ず -> ず→ぷ -> ぷ→ず -> ず→む -> む→る -> る→ぷ -> ぷ→ず -> ず→む -> む→る -> る→ぷ -> ぷ→ず -> ず→ら -> ら→ず -> ず→ら -> ら→る -> る→べ -> べ→る -> る→ぐ -> ぐ→る -> る→び -> び→ず -> ず→れ -> れ→ず -> ず→れ -> れ→ず
alpha_beta vs greedy,alpha_beta,greedy,D50000_seed0_alpha_beta_vs_greedy_0,50000,0,first,ended_with_n,34,second,greedy,ず,1416,20,56,1,0,,,ず,め,め,3.2e-05,False,-10453.5,,,,,21,ず→ず -> ず→ず -> ず→る -> る→る -> る→る -> る→る -> る→る -> る→ぽ -> ぽ→ず -> ず→ぷ -> ぷ→ず -> ず→む -> む→る -> る→ぷ -> ぷ→ず -> ず→む -> む→る -> る→ぷ -> ぷ→ず -> ず→ら -> ら→ず -> ず→ら -> ら→る -> る→べ -> べ→る -> る→ぐ -> ぐ→る -> る→び -> び→ず -> ず→れ -> れ→ず -> ず→れ -> れ→ず -> ず→め
alpha_beta vs greedy,alpha_beta,greedy,D50000_seed0_alpha_beta_vs_greedy_0,50000,0,first,ended_with_n,35,first,alpha_beta,め,3828,56,20,2,1,,,め,ず,ず,0.109256,False,1152.0,4,4,True,467,20,ず→ず -> ず→ず -> ず→る -> る→る -> る→る -> る→る -> る→る -> る→ぽ -> ぽ→ず -> ず→ぷ -> ぷ→ず -> ず→む -> む→る -> る→ぷ -> ぷ→ず -> ず→む -> む→る -> る→ぷ -> ぷ→ず -> ず→ら -> ら→ず -> ず→ら -> ら→る -> る→べ -> べ→る -> る→ぐ -> ぐ→る -> る→び -> び→ず -> ず→れ -> れ→ず -> ず→れ -> れ→ず -> ず→め -> め→ず
alpha_beta vs greedy,alpha_beta,greedy,D50000_seed0_alpha_beta_vs_greedy_0,50000,0,first,ended_with_n,36,second,greedy,ず,1388,20,28,5,4,,,ず,つ,つ,3e-05,False,-10810.0,,,,,20,ず→ず -> ず→ず -> ず→る -> る→る -> る→る -> る→る -> る→る -> る→ぽ -> ぽ→ず -> ず→ぷ -> ぷ→ず -> ず→む -> む→る -> る→ぷ -> ぷ→ず -> ず→む -> む→る -> る→ぷ -> ぷ→ず -> ず→ら -> ら→ず -> ず→ら -> ら→る -> る→べ -> べ→る -> る→ぐ -> ぐ→る -> る→び -> び→ず -> ず→れ -> れ→ず -> ず→れ -> れ→ず -> ず→め -> め→ず -> ず→つ
alpha_beta vs greedy,alpha_beta,greedy,D50000_seed0_alpha_beta_vs_greedy_0,50000,0,first,ended_with_n,37,first,alpha_beta,つ,1924,28,20,2,1,,,つ,ず,ず,0.109003,False,1175.0,4,4,True,465,20,ず→ず -> ず→ず -> ず→る -> る→る -> る→る -> る→る -> る→る -> る→ぽ -> ぽ→ず -> ず→ぷ -> ぷ→ず -> ず→む -> む→る -> る→ぷ -> ぷ→ず -> ず→む -> む→る -> る→ぷ -> ぷ→ず -> ず→ら -> ら→ず -> ず→ら -> ら→る -> る→べ -> べ→る -> る→ぐ -> ぐ→る -> る→び -> び→ず -> ず→れ -> れ→ず -> ず→れ -> れ→ず -> ず→め -> め→ず -> ず→つ -> つ→ず
alpha_beta vs greedy,alpha_beta,greedy,D50000_seed0_alpha_beta_vs_greedy_0,50000,0,first,ended_with_n,38,second,greedy,ず,1388,20,28,4,3,,,ず,つ,つ,3.1e-05,False,-10787.0,,,,,20,ず→ず -> ず→ず -> ず→る -> る→る -> る→る -> る→る -> る→る -> る→ぽ -> ぽ→ず -> ず→ぷ -> ぷ→ず -> ず→む -> む→る -> る→ぷ -> ぷ→ず -> ず→む -> む→る -> る→ぷ -> ぷ→ず -> ず→ら -> ら→ず -> ず→ら -> ら→る -> る→べ -> べ→る -> る→ぐ -> ぐ→る -> る→び -> び→ず -> ず→れ -> れ→ず -> ず→れ -> れ→ず -> ず→め -> め→ず -> ず→つ -> つ→ず -> ず→つ
alpha_beta vs greedy,alpha_beta,greedy,D50000_seed0_alpha_beta_vs_greedy_0,50000,0,first,ended_with_n,39,first,alpha_beta,つ,1924,28,20,1,0,,,つ,ず,ず,0.134521,False,1195.0,4,4,True,452,20,ず→ず -> ず→ず -> ず→る -> る→る -> る→る -> る→る -> る→る -> る→ぽ -> ぽ→ず -> ず→ぷ -> ぷ→ず -> ず→む -> む→る -> る→ぷ -> ぷ→ず -> ず→む -> む→る -> る→ぷ -> ぷ→ず -> ず→ら -> ら→ず -> ず→ら -> ら→る -> る→べ -> べ→る -> る→ぐ -> ぐ→る -> る→び -> び→ず -> ず→れ -> れ→ず -> ず→れ -> れ→ず -> ず→め -> め→ず -> ず→つ -> つ→ず -> ず→つ -> つ→ず
alpha_beta vs greedy,alpha_beta,greedy,D50000_seed0_alpha_beta_vs_greedy_0,50000,0,first,ended_with_n,40,second,greedy,ず,1388,20,28,3,2,,,ず,つ,つ,7.4e-05,False,-10764.0,,,,,20,ず→ず -> ず→ず -> ず→る -> る→る -> る→る -> る→る -> る→る -> る→ぽ -> ぽ→ず -> ず→ぷ -> ぷ→ず -> ず→む -> む→る -> る→ぷ -> ぷ→ず -> ず→む -> む→る -> る→ぷ -> ぷ→ず -> ず→ら -> ら→ず -> ず→ら -> ら→る -> る→べ -> べ→る -> る→ぐ -> ぐ→る -> る→び -> び→ず -> ず→れ -> れ→ず -> ず→れ -> れ→ず -> ず→め -> め→ず -> ず→つ -> つ→ず -> ず→つ -> つ→ず -> ず→つ
alpha_beta vs greedy,alpha_beta,greedy,D50000_seed0_alpha_beta_vs_greedy_0,50000,0,first,ended_with_n,41,first,alpha_beta,つ,1967,28,63,8,7,,,つ,る,る,0.095289,False,1195.0,4,4,True,437,20,ず→ず -> ず→ず -> ず→る -> る→る -> る→る -> る→る -> る→る -> る→ぽ -> ぽ→ず -> ず→ぷ -> ぷ→ず -> ず→む -> む→る -> る→ぷ -> ぷ→ず -> ず→む -> む→る -> る→ぷ -> ぷ→ず -> ず→ら -> ら→ず -> ず→ら -> ら→る -> る→べ -> べ→る -> る→ぐ -> ぐ→る -> る→び -> び→ず -> ず→れ -> れ→ず -> ず→れ -> れ→ず -> ず→め -> め→ず -> ず→つ -> つ→ず -> ず→つ -> つ→ず -> ず→つ -> つ→る
alpha_beta vs greedy,alpha_beta,greedy,D50000_seed0_alpha_beta_vs_greedy_0,50000,0,first,ended_with_n,42,second,greedy,る,4320,63,36,1,0,,,る,ね,ね,3.2e-05,False,-8004.0,,,,,22,ず→ず -> ず→ず -> ず→る -> る→る -> る→る -> る→る -> る→る -> る→ぽ -> ぽ→ず -> ず→ぷ -> ぷ→ず -> ず→む -> む→る -> る→ぷ -> ぷ→ず -> ず→む -> む→る -> る→ぷ -> ぷ→ず -> ず→ら -> ら→ず -> ず→ら -> ら→る -> る→べ -> べ→る -> る→ぐ -> ぐ→る -> る→び -> び→ず -> ず→れ -> れ→ず -> ず→れ -> れ→ず -> ず→め -> め→ず -> ず→つ -> つ→ず -> ず→つ -> つ→ず -> ず→つ -> つ→る -> る→ね
alpha_beta vs greedy,alpha_beta,greedy,D50000_seed0_alpha_beta_vs_greedy_0,50000,0,first,ended_with_n,43,first,alpha_beta,ね,2468,36,20,3,2,,,ね,ず,ず,0.130566,False,1210.0,4,4,True,453,20,ず→ず -> ず→ず -> ず→る -> る→る -> る→る -> る→る -> る→る -> る→ぽ -> ぽ→ず -> ず→ぷ -> ぷ→ず -> ず→む -> む→る -> る→ぷ -> ぷ→ず -> ず→む -> む→る -> る→ぷ -> ぷ→ず -> ず→ら -> ら→ず -> ず→ら -> ら→る -> る→べ -> べ→る -> る→ぐ -> ぐ→る -> る→び -> び→ず -> ず→れ -> れ→ず -> ず→れ -> れ→ず -> ず→め -> め→ず -> ず→つ -> つ→ず -> ず→つ -> つ→ず -> ず→つ -> つ→る -> る→ね -> ね→ず
alpha_beta vs greedy,alpha_beta,greedy,D50000_seed0_alpha_beta_vs_greedy_0,50000,0,first,ended_with_n,44,second,greedy,ず,1388,20,28,2,1,,,ず,つ,つ,3e-05,False,-10741.0,,,,,20,ず→ず -> ず→ず -> ず→る -> る→る -> る→る -> る→る -> る→る -> る→ぽ -> ぽ→ず -> ず→ぷ -> ぷ→ず -> ず→む -> む→る -> る→ぷ -> ぷ→ず -> ず→む -> む→る -> る→ぷ -> ぷ→ず -> ず→ら -> ら→ず -> ず→ら -> ら→る -> る→べ -> べ→る -> る→ぐ -> ぐ→る -> る→び -> び→ず -> ず→れ -> れ→ず -> ず→れ -> れ→ず -> ず→め -> め→ず -> ず→つ -> つ→ず -> ず→つ -> つ→ず -> ず→つ -> つ→る -> る→ね -> ね→ず -> ず→つ
alpha_beta vs greedy,alpha_beta,greedy,D50000_seed0_alpha_beta_vs_greedy_0,50000,0,first,ended_with_n,45,first,alpha_beta,つ,1967,28,63,7,6,,,つ,る,る,0.127408,False,1213.0,4,4,True,428,20,ず→ず -> ず→ず -> ず→る -> る→る -> る→る -> る→る -> る→る -> る→ぽ -> ぽ→ず -> ず→ぷ -> ぷ→ず -> ず→む -> む→る -> る→ぷ -> ぷ→ず -> ず→む -> む→る -> る→ぷ -> ぷ→ず -> ず→ら -> ら→ず -> ず→ら -> ら→る -> る→べ -> べ→る -> る→ぐ -> ぐ→る -> る→び -> び→ず -> ず→れ -> れ→ず -> ず→れ -> れ→ず -> ず→め -> め→ず -> ず→つ -> つ→ず -> ず→つ -> つ→ず -> ず→つ -> つ→る -> る→ね -> ね→ず -> ず→つ -> つ→る
alpha_beta vs greedy,alpha_beta,greedy,D50000_seed0_alpha_beta_vs_greedy_0,50000,0,first,ended_with_n,46,second,greedy,る,4339,63,55,3,2,,,る,む,む,3.1e-05,False,-8083.0,,,,,21,ず→ず -> ず→ず -> ず→る -> る→る -> る→る -> る→る -> る→る -> る→ぽ -> ぽ→ず -> ず→ぷ -> ぷ→ず -> ず→む -> む→る -> る→ぷ -> ぷ→ず -> ず→む -> む→る -> る→ぷ -> ぷ→ず -> ず→ら -> ら→ず -> ず→ら -> ら→る -> る→べ -> べ→る -> る→ぐ -> ぐ→る -> る→び -> び→ず -> ず→れ -> れ→ず -> ず→れ -> れ→ず -> ず→め -> め→ず -> ず→つ -> つ→ず -> ず→つ -> つ→ず -> ず→つ -> つ→る -> る→ね -> ね→ず -> ず→つ -> つ→る -> る→む
alpha_beta vs greedy,alpha_beta,greedy,D50000_seed0_alpha_beta_vs_greedy_0,50000,0,first,ended_with_n,47,first,alpha_beta,む,3803,55,63,2,1,,,む,る,る,0.131831,False,1213.0,4,4,True,456,20,ず→ず -> ず→ず -> ず→る -> る→る -> る→る -> る→る -> る→る -> る→ぽ -> ぽ→ず -> ず→ぷ -> ぷ→ず -> ず→む -> む→る -> る→ぷ -> ぷ→ず -> ず→む -> む→る -> る→ぷ -> ぷ→ず -> ず→ら -> ら→ず -> ず→ら -> ら→る -> る→べ -> べ→る -> る→ぐ -> ぐ→る -> る→び -> び→ず -> ず→れ -> れ→ず -> ず→れ -> れ→ず -> ず→め -> め→ず -> ず→つ -> つ→ず -> ず→つ -> つ→ず -> ず→つ -> つ→る -> る→ね -> ね→ず -> ず→つ -> つ→る -> る→む -> む→る
alpha_beta vs greedy,alpha_beta,greedy,D50000_seed0_alpha_beta_vs_greedy_0,50000,0,first,ended_with_n,48,second,greedy,る,4339,63,55,2,1,,,る,む,む,3.1e-05,False,-8060.0,,,,,21,ず→ず -> ず→ず -> ず→る -> る→る -> る→る -> る→る -> る→る -> る→ぽ -> ぽ→ず -> ず→ぷ -> ぷ→ず -> ず→む -> む→る -> る→ぷ -> ぷ→ず -> ず→む -> む→る -> る→ぷ -> ぷ→ず -> ず→ら -> ら→ず -> ず→ら -> ら→る -> る→べ -> べ→る -> る→ぐ -> ぐ→る -> る→び -> び→ず -> ず→れ -> れ→ず -> ず→れ -> れ→ず -> ず→め -> め→ず -> ず→つ -> つ→ず -> ず→つ -> つ→ず -> ず→つ -> つ→る -> る→ね -> ね→ず -> ず→つ -> つ→る -> る→む -> む→る -> る→む
alpha_beta vs greedy,alpha_beta,greedy,D50000_seed0_alpha_beta_vs_greedy_0,50000,0,first,ended_with_n,49,first,alpha_beta,む,3803,55,63,1,0,,,む,る,る,0.133181,False,1205.0,4,4,True,456,20,ず→ず -> ず→ず -> ず→る -> る→る -> る→る -> る→る -> る→る -> る→ぽ -> ぽ→ず -> ず→ぷ -> ぷ→ず -> ず→む -> む→る -> る→ぷ -> ぷ→ず -> ず→む -> む→る -> る→ぷ -> ぷ→ず -> ず→ら -> ら→ず -> ず→ら -> ら→る -> る→べ -> べ→る -> る→ぐ -> ぐ→る -> る→び -> び→ず -> ず→れ -> れ→ず -> ず→れ -> れ→ず -> ず→め -> め→ず -> ず→つ -> つ→ず -> ず→つ -> つ→ず -> ず→つ -> つ→る -> る→ね -> ね→ず -> ず→つ -> つ→る -> る→む -> む→る -> る→む -> む→る
alpha_beta vs greedy,alpha_beta,greedy,D50000_seed0_alpha_beta_vs_greedy_0,50000,0,first,ended_with_n,50,second,greedy,る,4339,63,55,1,0,,,る,む,む,3.2e-05,False,-8037.0,,,,,21,ず→ず -> ず→ず -> ず→る -> る→る -> る→る -> る→る -> る→る -> る→ぽ -> ぽ→ず -> ず→ぷ -> ぷ→ず -> ず→む -> む→る -> る→ぷ -> ぷ→ず -> ず→む -> む→る -> る→ぷ -> ぷ→ず -> ず→ら -> ら→ず -> ず→ら -> ら→る -> る→べ -> べ→る -> る→ぐ -> ぐ→る -> る→び -> び→ず -> ず→れ -> れ→ず -> ず→れ -> れ→ず -> ず→め -> め→ず -> ず→つ -> つ→ず -> ず→つ -> つ→ず -> ず→つ -> つ→る -> る→ね -> ね→ず -> ず→つ -> つ→る -> る→む -> む→る -> る→む -> む→る -> る→む
alpha_beta vs greedy,alpha_beta,greedy,D50000_seed0_alpha_beta_vs_greedy_0,50000,0,first,ended_with_n,51,first,alpha_beta,む,3760,55,20,1,0,,,む,ず,ず,0.123086,False,1271.0,4,4,True,427,20,ず→ず -> ず→ず -> ず→る -> る→る -> る→る -> る→る -> る→る -> る→ぽ -> ぽ→ず -> ず→ぷ -> ぷ→ず -> ず→む -> む→る -> る→ぷ -> ぷ→ず -> ず→む -> む→る -> る→ぷ -> ぷ→ず -> ず→ら -> ら→ず -> ず→ら -> ら→る -> る→べ -> べ→る -> る→ぐ -> ぐ→る -> る→び -> び→ず -> ず→れ -> れ→ず -> ず→れ -> れ→ず -> ず→め -> め→ず -> ず→つ -> つ→ず -> ず→つ -> つ→ず -> ず→つ -> つ→る -> る→ね -> ね→ず -> ず→つ -> つ→る -> る→む -> む→る -> る→む -> む→る -> る→む -> む→ず
alpha_beta vs greedy,alpha_beta,greedy,D50000_seed0_alpha_beta_vs_greedy_0,50000,0,first,ended_with_n,52,second,greedy,ず,1388,20,28,1,0,,,ず,つ,つ,3.1e-05,False,-10718.0,,,,,20,ず→ず -> ず→ず -> ず→る -> る→る -> る→る -> る→る -> る→る -> る→ぽ -> ぽ→ず -> ず→ぷ -> ぷ→ず -> ず→む -> む→る -> る→ぷ -> ぷ→ず -> ず→む -> む→る -> る→ぷ -> ぷ→ず -> ず→ら -> ら→ず -> ず→ら -> ら→る -> る→べ -> べ→る -> る→ぐ -> ぐ→る -> る→び -> び→ず -> ず→れ -> れ→ず -> ず→れ -> れ→ず -> ず→め -> め→ず -> ず→つ -> つ→ず -> ず→つ -> つ→ず -> ず→つ -> つ→る -> る→ね -> ね→ず -> ず→つ -> つ→る -> る→む -> む→る -> る→む -> む→る -> る→む -> む→ず -> ず→つ
alpha_beta vs greedy,alpha_beta,greedy,D50000_seed0_alpha_beta_vs_greedy_0,50000,0,first,ended_with_n,53,first,alpha_beta,つ,1967,28,63,6,5,,,つ,る,る,0.091205,False,1286.0,4,4,True,439,20,ず→ず -> ず→ず -> ず→る -> る→る -> る→る -> る→る -> る→る -> る→ぽ -> ぽ→ず -> ず→ぷ -> ぷ→ず -> ず→む -> む→る -> る→ぷ -> ぷ→ず -> ず→む -> む→る -> る→ぷ -> ぷ→ず -> ず→ら -> ら→ず -> ず→ら -> ら→る -> る→べ -> べ→る -> る→ぐ -> ぐ→る -> る→び -> び→ず -> ず→れ -> れ→ず -> ず→れ -> れ→ず -> ず→め -> め→ず -> ず→つ -> つ→ず -> ず→つ -> つ→ず -> ず→つ -> つ→る -> る→ね -> ね→ず -> ず→つ -> つ→る -> る→む -> む→る -> る→む -> む→る -> る→む -> む→ず -> ず→つ -> つ→る
alpha_beta vs greedy,alpha_beta,greedy,D50000_seed0_alpha_beta_vs_greedy_0,50000,0,first,ended_with_n,54,second,greedy,る,4296,63,12,1,0,,,る,げ,げ,3.2e-05,False,-9372.0,,,,,20,ず→ず -> ず→ず -> ず→る -> る→る -> る→る -> る→る -> る→る -> る→ぽ -> ぽ→ず -> ず→ぷ -> ぷ→ず -> ず→む -> む→る -> る→ぷ -> ぷ→ず -> ず→む -> む→る -> る→ぷ -> ぷ→ず -> ず→ら -> ら→ず -> ず→ら -> ら→る -> る→べ -> べ→る -> る→ぐ -> ぐ→る -> る→び -> び→ず -> ず→れ -> れ→ず -> ず→れ -> れ→ず -> ず→め -> め→ず -> ず→つ -> つ→ず -> ず→つ -> つ→ず -> ず→つ -> つ→る -> る→ね -> ね→ず -> ず→つ -> つ→る -> る→む -> む→る -> る→む -> む→る -> る→む -> む→ず -> ず→つ -> つ→る -> る→げ
alpha_beta vs greedy,alpha_beta,greedy,D50000_seed0_alpha_beta_vs_greedy_0,50000,0,first,ended_with_n,55,first,alpha_beta,げ,879,12,63,4,3,,,げ,る,る,0.124514,False,1309.0,4,4,True,471,20,ず→ず -> ず→ず -> ず→る -> る→る -> る→る -> る→る -> る→る -> る→ぽ -> ぽ→ず -> ず→ぷ -> ぷ→ず -> ず→む -> む→る -> る→ぷ -> ぷ→ず -> ず→む -> む→る -> る→ぷ -> ぷ→ず -> ず→ら -> ら→ず -> ず→ら -> ら→る -> る→べ -> べ→る -> る→ぐ -> ぐ→る -> る→び -> び→ず -> ず→れ -> れ→ず -> ず→れ -> れ→ず -> ず→め -> め→ず -> ず→つ -> つ→ず -> ず→つ -> つ→ず -> ず→つ -> つ→る -> る→ね -> ね→ず -> ず→つ -> つ→る -> る→む -> む→る -> る→む -> む→る -> る→む -> む→ず -> ず→つ -> つ→る -> る→げ -> げ→る
alpha_beta vs greedy,alpha_beta,greedy,D50000_seed0_alpha_beta_vs_greedy_0,50000,0,first,ended_with_n,56,second,greedy,る,4343,63,59,2,1,,,る,ゆ,ゆ,2.8e-05,False,-10292.5,,,,,19,ず→ず -> ず→ず -> ず→る -> る→る -> る→る -> る→る -> る→る -> る→ぽ -> ぽ→ず -> ず→ぷ -> ぷ→ず -> ず→む -> む→る -> る→ぷ -> ぷ→ず -> ず→む -> む→る -> る→ぷ -> ぷ→ず -> ず→ら -> ら→ず -> ず→ら -> ら→る -> る→べ -> べ→る -> る→ぐ -> ぐ→る -> る→び -> び→ず -> ず→れ -> れ→ず -> ず→れ -> れ→ず -> ず→め -> め→ず -> ず→つ -> つ→ず -> ず→つ -> つ→ず -> ず→つ -> つ→る -> る→ね -> ね→ず -> ず→つ -> つ→る -> る→む -> む→る -> る→む -> む→る -> る→む -> む→ず -> ず→つ -> つ→る -> る→げ -> げ→る -> る→ゆ
alpha_beta vs greedy,alpha_beta,greedy,D50000_seed0_alpha_beta_vs_greedy_0,50000,0,first,ended_with_n,57,first,alpha_beta,ゆ,4075,59,63,11,10,,,ゆ,る,る,0.126451,False,1332.0,4,4,True,471,20,ず→ず -> ず→ず -> ず→る -> る→る -> る→る -> る→る -> る→る -> る→ぽ -> ぽ→ず -> ず→ぷ -> ぷ→ず -> ず→む -> む→る -> る→ぷ -> ぷ→ず -> ず→む -> む→る -> る→ぷ -> ぷ→ず -> ず→ら -> ら→ず -> ず→ら -> ら→る -> る→べ -> べ→る -> る→ぐ -> ぐ→る -> る→び -> び→ず -> ず→れ -> れ→ず -> ず→れ -> れ→ず -> ず→め -> め→ず -> ず→つ -> つ→ず -> ず→つ -> つ→ず -> ず→つ -> つ→る -> る→ね -> ね→ず -> ず→つ -> つ→る -> る→む -> む→る -> る→む -> む→る -> る→む -> む→ず -> ず→つ -> つ→る -> る→げ -> げ→る -> る→ゆ -> ゆ→る
alpha_beta vs greedy,alpha_beta,greedy,D50000_seed0_alpha_beta_vs_greedy_0,50000,0,first,ended_with_n,58,second,greedy,る,4343,63,59,1,0,,,る,ゆ,ゆ,2.9e-05,False,-10269.5,,,,,19,ず→ず -> ず→ず -> ず→る -> る→る -> る→る -> る→る -> る→る -> る→ぽ -> ぽ→ず -> ず→ぷ -> ぷ→ず -> ず→む -> む→る -> る→ぷ -> ぷ→ず -> ず→む -> む→る -> る→ぷ -> ぷ→ず -> ず→ら -> ら→ず -> ず→ら -> ら→る -> る→べ -> べ→る -> る→ぐ -> ぐ→る -> る→び -> び→ず -> ず→れ -> れ→ず -> ず→れ -> れ→ず -> ず→め -> め→ず -> ず→つ -> つ→ず -> ず→つ -> つ→ず -> ず→つ -> つ→る -> る→ね -> ね→ず -> ず→つ -> つ→る -> る→む -> む→る -> る→む -> む→る -> る→む -> む→ず -> ず→つ -> つ→る -> る→げ -> げ→る -> る→ゆ -> ゆ→る -> る→ゆ
alpha_beta vs greedy,alpha_beta,greedy,D50000_seed0_alpha_beta_vs_greedy_0,50000,0,first,ended_with_n,59,first,alpha_beta,ゆ,4075,59,63,10,9,,,ゆ,る,る,0.118895,False,1355.0,4,4,True,449,20,ず→ず -> ず→ず -> ず→る -> る→る -> る→る -> る→る -> る→る -> る→ぽ -> ぽ→ず -> ず→ぷ -> ぷ→ず -> ず→む -> む→る -> る→ぷ -> ぷ→ず -> ず→む -> む→る -> る→ぷ -> ぷ→ず -> ず→ら -> ら→ず -> ず→ら -> ら→る -> る→べ -> べ→る -> る→ぐ -> ぐ→る -> る→び -> び→ず -> ず→れ -> れ→ず -> ず→れ -> れ→ず -> ず→め -> め→ず -> ず→つ -> つ→ず -> ず→つ -> つ→ず -> ず→つ -> つ→る -> る→ね -> ね→ず -> ず→つ -> つ→る -> る→む -> む→る -> る→む -> む→る -> る→む -> む→ず -> ず→つ -> つ→る -> る→げ -> げ→る -> る→ゆ -> ゆ→る -> る→ゆ -> ゆ→る
alpha_beta vs greedy,alpha_beta,greedy,D50000_seed0_alpha_beta_vs_greedy_0,50000,0,first,ended_with_n,60,second,greedy,る,4312,63,28,5,4,,,る,つ,つ,2.6e-05,False,-10695.0,,,,,18,ず→ず -> ず→ず -> ず→る -> る→る -> る→る -> る→る -> る→る -> る→ぽ -> ぽ→ず -> ず→ぷ -> ぷ→ず -> ず→む -> む→る -> る→ぷ -> ぷ→ず -> ず→む -> む→る -> る→ぷ -> ぷ→ず -> ず→ら -> ら→ず -> ず→ら -> ら→る -> る→べ -> べ→る -> る→ぐ -> ぐ→る -> る→び -> び→ず -> ず→れ -> れ→ず -> ず→れ -> れ→ず -> ず→め -> め→ず -> ず→つ -> つ→ず -> ず→つ -> つ→ず -> ず→つ -> つ→る -> る→ね -> ね→ず -> ず→つ -> つ→る -> る→む -> む→る -> る→む -> む→る -> る→む -> む→ず -> ず→つ -> つ→る -> る→げ -> げ→る -> る→ゆ -> ゆ→る -> る→ゆ -> ゆ→る -> る→つ
alpha_beta vs greedy,alpha_beta,greedy,D50000_seed0_alpha_beta_vs_greedy_0,50000,0,first,ended_with_n,61,first,alpha_beta,つ,1967,28,63,5,4,,,つ,る,る,0.082447,False,1370.0,4,4,True,415,20,ず→ず -> ず→ず -> ず→る -> る→る -> る→る -> る→る -> る→る -> る→ぽ -> ぽ→ず -> ず→ぷ -> ぷ→ず -> ず→む -> む→る -> る→ぷ -> ぷ→ず -> ず→む -> む→る -> る→ぷ -> ぷ→ず -> ず→ら -> ら→ず -> ず→ら -> ら→る -> る→べ -> べ→る -> る→ぐ -> ぐ→る -> る→び -> び→ず -> ず→れ -> れ→ず -> ず→れ -> れ→ず -> ず→め -> め→ず -> ず→つ -> つ→ず -> ず→つ -> つ→ず -> ず→つ -> つ→る -> る→ね -> ね→ず -> ず→つ -> つ→る -> る→む -> む→る -> る→む -> む→る -> る→む -> む→ず -> ず→つ -> つ→る -> る→げ -> げ→る -> る→ゆ -> ゆ→る -> る→ゆ -> ゆ→る -> る→つ -> つ→る
alpha_beta vs greedy,alpha_beta,greedy,D50000_seed0_alpha_beta_vs_greedy_0,50000,0,first,ended_with_n,62,second,greedy,る,4312,63,28,4,3,,,る,つ,つ,2.7e-05,False,-10672.0,,,,,18,ず→ず -> ず→ず -> ず→る -> る→る -> る→る -> る→る -> る→る -> る→ぽ -> ぽ→ず -> ず→ぷ -> ぷ→ず -> ず→む -> む→る -> る→ぷ -> ぷ→ず -> ず→む -> む→る -> る→ぷ -> ぷ→ず -> ず→ら -> ら→ず -> ず→ら -> ら→る -> る→べ -> べ→る -> る→ぐ -> ぐ→る -> る→び -> び→ず -> ず→れ -> れ→ず -> ず→れ -> れ→ず -> ず→め -> め→ず -> ず→つ -> つ→ず -> ず→つ -> つ→ず -> ず→つ -> つ→る -> る→ね -> ね→ず -> ず→つ -> つ→る -> る→む -> む→る -> る→む -> む→る -> る→む -> む→ず -> ず→つ -> つ→る -> る→げ -> げ→る -> る→ゆ -> ゆ→る -> る→ゆ -> ゆ→る -> る→つ -> つ→る -> る→つ
alpha_beta vs greedy,alpha_beta,greedy,D50000_seed0_alpha_beta_vs_greedy_0,50000,0,first,ended_with_n,63,first,alpha_beta,つ,1967,28,63,4,3,,,つ,る,る,0.081855,False,1385.0,4,4,True,415,20,ず→ず -> ず→ず -> ず→る -> る→る -> る→る -> る→る -> る→る -> る→ぽ -> ぽ→ず -> ず→ぷ -> ぷ→ず -> ず→む -> む→る -> る→ぷ -> ぷ→ず -> ず→む -> む→る -> る→ぷ -> ぷ→ず -> ず→ら -> ら→ず -> ず→ら -> ら→る -> る→べ -> べ→る -> る→ぐ -> ぐ→る -> る→び -> び→ず -> ず→れ -> れ→ず -> ず→れ -> れ→ず -> ず→め -> め→ず -> ず→つ -> つ→ず -> ず→つ -> つ→ず -> ず→つ -> つ→る -> る→ね -> ね→ず -> ず→つ -> つ→る -> る→む -> む→る -> る→む -> む→る -> る→む -> む→ず -> ず→つ -> つ→る -> る→げ -> げ→る -> る→ゆ -> ゆ→る -> る→ゆ -> ゆ→る -> る→つ -> つ→る -> る→つ -> つ→る
alpha_beta vs greedy,alpha_beta,greedy,D50000_seed0_alpha_beta_vs_greedy_0,50000,0,first,ended_with_n,64,second,greedy,る,4312,63,28,3,2,,,る,つ,つ,2.5e-05,False,-10649.0,,,,,18,ず→ず -> ず→ず -> ず→る -> る→る -> る→る -> る→る -> る→る -> る→ぽ -> ぽ→ず -> ず→ぷ -> ぷ→ず -> ず→む -> む→る -> る→ぷ -> ぷ→ず -> ず→む -> む→る -> る→ぷ -> ぷ→ず -> ず→ら -> ら→ず -> ず→ら -> ら→る -> る→べ -> べ→る -> る→ぐ -> ぐ→る -> る→び -> び→ず -> ず→れ -> れ→ず -> ず→れ -> れ→ず -> ず→め -> め→ず -> ず→つ -> つ→ず -> ず→つ -> つ→ず -> ず→つ -> つ→る -> る→ね -> ね→ず -> ず→つ -> つ→る -> る→む -> む→る -> る→む -> む→る -> る→む -> む→ず -> ず→つ -> つ→る -> る→げ -> げ→る -> る→ゆ -> ゆ→る -> る→ゆ -> ゆ→る -> る→つ -> つ→る -> る→つ -> つ→る -> る→つ
alpha_beta vs greedy,alpha_beta,greedy,D50000_seed0_alpha_beta_vs_greedy_0,50000,0,first,ended_with_n,65,first,alpha_beta,つ,1967,28,63,3,2,,,つ,る,る,0.082527,False,1400.0,4,4,True,415,20,ず→ず -> ず→ず -> ず→る -> る→る -> る→る -> る→る -> る→る -> る→ぽ -> ぽ→ず -> ず→ぷ -> ぷ→ず -> ず→む -> む→る -> る→ぷ -> ぷ→ず -> ず→む -> む→る -> る→ぷ -> ぷ→ず -> ず→ら -> ら→ず -> ず→ら -> ら→る -> る→べ -> べ→る -> る→ぐ -> ぐ→る -> る→び -> び→ず -> ず→れ -> れ→ず -> ず→れ -> れ→ず -> ず→め -> め→ず -> ず→つ -> つ→ず -> ず→つ -> つ→ず -> ず→つ -> つ→る -> る→ね -> ね→ず -> ず→つ -> つ→る -> る→む -> む→る -> る→む -> む→る -> る→む -> む→ず -> ず→つ -> つ→る -> る→げ -> げ→る -> る→ゆ -> ゆ→る -> る→ゆ -> ゆ→る -> る→つ -> つ→る -> る→つ -> つ→る -> る→つ -> つ→る
alpha_beta vs greedy,alpha_beta,greedy,D50000_seed0_alpha_beta_vs_greedy_0,50000,0,first,ended_with_n,66,second,greedy,る,4312,63,28,2,1,,,る,つ,つ,2.6e-05,False,-10626.0,,,,,18,ず→ず -> ず→ず -> ず→る -> る→る -> る→る -> る→る -> る→る -> る→ぽ -> ぽ→ず -> ず→ぷ -> ぷ→ず -> ず→む -> む→る -> る→ぷ -> ぷ→ず -> ず→む -> む→る -> る→ぷ -> ぷ→ず -> ず→ら -> ら→ず -> ず→ら -> ら→る -> る→べ -> べ→る -> る→ぐ -> ぐ→る -> る→び -> び→ず -> ず→れ -> れ→ず -> ず→れ -> れ→ず -> ず→め -> め→ず -> ず→つ -> つ→ず -> ず→つ -> つ→ず -> ず→つ -> つ→る -> る→ね -> ね→ず -> ず→つ -> つ→る -> る→む -> む→る -> る→む -> む→る -> る→む -> む→ず -> ず→つ -> つ→る -> る→げ -> げ→る -> る→ゆ -> ゆ→る -> る→ゆ -> ゆ→る -> る→つ -> つ→る -> る→つ -> つ→る -> る→つ -> つ→る -> る→つ
alpha_beta vs greedy,alpha_beta,greedy,D50000_seed0_alpha_beta_vs_greedy_0,50000,0,first,ended_with_n,67,first,alpha_beta,つ,1967,28,63,2,1,,,つ,る,る,0.089253,False,1423.0,4,4,True,451,20,ず→ず -> ず→ず -> ず→る -> る→る -> る→る -> る→る -> る→る -> る→ぽ -> ぽ→ず -> ず→ぷ -> ぷ→ず -> ず→む -> む→る -> る→ぷ -> ぷ→ず -> ず→む -> む→る -> る→ぷ -> ぷ→ず -> ず→ら -> ら→ず -> ず→ら -> ら→る -> る→べ -> べ→る -> る→ぐ -> ぐ→る -> る→び -> び→ず -> ず→れ -> れ→ず -> ず→れ -> れ→ず -> ず→め -> め→ず -> ず→つ -> つ→ず -> ず→つ -> つ→ず -> ず→つ -> つ→る -> る→ね -> ね→ず -> ず→つ -> つ→る -> る→む -> む→る -> る→む -> む→る -> る→む -> む→ず -> ず→つ -> つ→る -> る→げ -> げ→る -> る→ゆ -> ゆ→る -> る→ゆ -> ゆ→る -> る→つ -> つ→る -> る→つ -> つ→る -> る→つ -> つ→る -> る→つ -> つ→る
alpha_beta vs greedy,alpha_beta,greedy,D50000_seed0_alpha_beta_vs_greedy_0,50000,0,first,ended_with_n,68,second,greedy,る,4312,63,28,1,0,,,る,つ,つ,2.9e-05,False,-10603.0,,,,,18,ず→ず -> ず→ず -> ず→る -> る→る -> る→る -> る→る -> る→る -> る→ぽ -> ぽ→ず -> ず→ぷ -> ぷ→ず -> ず→む -> む→る -> る→ぷ -> ぷ→ず -> ず→む -> む→る -> る→ぷ -> ぷ→ず -> ず→ら -> ら→ず -> ず→ら -> ら→る -> る→べ -> べ→る -> る→ぐ -> ぐ→る -> る→び -> び→ず -> ず→れ -> れ→ず -> ず→れ -> れ→ず -> ず→め -> め→ず -> ず→つ -> つ→ず -> ず→つ -> つ→ず -> ず→つ -> つ→る -> る→ね -> ね→ず -> ず→つ -> つ→る -> る→む -> む→る -> る→む -> む→る -> る→む -> む→ず -> ず→つ -> つ→る -> る→げ -> げ→る -> る→ゆ -> ゆ→る -> る→ゆ -> ゆ→る -> る→つ -> つ→る -> る→つ -> つ→る -> る→つ -> つ→る -> る→つ -> つ→る -> る→つ
alpha_beta vs greedy,alpha_beta,greedy,D50000_seed0_alpha_beta_vs_greedy_0,50000,0,first,ended_with_n,69,first,alpha_beta,つ,1967,28,63,1,0,,,つ,る,る,0.13214,False,2426.0,4,4,True,444,20,ず→ず -> ず→ず -> ず→る -> る→る -> る→る -> る→る -> る→る -> る→ぽ -> ぽ→ず -> ず→ぷ -> ぷ→ず -> ず→む -> む→る -> る→ぷ -> ぷ→ず -> ず→む -> む→る -> る→ぷ -> ぷ→ず -> ず→ら -> ら→ず -> ず→ら -> ら→る -> る→べ -> べ→る -> る→ぐ -> ぐ→る -> る→び -> び→ず -> ず→れ -> れ→ず -> ず→れ -> れ→ず -> ず→め -> め→ず -> ず→つ -> つ→ず -> ず→つ -> つ→ず -> ず→つ -> つ→る -> る→ね -> ね→ず -> ず→つ -> つ→る -> る→む -> む→る -> る→む -> む→る -> る→む -> む→ず -> ず→つ -> つ→る -> る→げ -> げ→る -> る→ゆ -> ゆ→る -> る→ゆ -> ゆ→る -> る→つ -> つ→る -> る→つ -> つ→る -> る→つ -> つ→る -> る→つ -> つ→る -> る→つ -> つ→る
alpha_beta vs greedy,alpha_beta,greedy,D50000_seed0_alpha_beta_vs_greedy_0,50000,0,first,ended_with_n,70,second,greedy,る,4344,63,60,2,1,,,る,よ,よ,2.4e-05,False,-11887.5,,,,,17,ず→ず -> ず→ず -> ず→る -> る→る -> る→る -> る→る -> る→る -> る→ぽ -> ぽ→ず -> ず→ぷ -> ぷ→ず -> ず→む -> む→る -> る→ぷ -> ぷ→ず -> ず→む -> む→る -> る→ぷ -> ぷ→ず -> ず→ら -> ら→ず -> ず→ら -> ら→る -> る→べ -> べ→る -> る→ぐ -> ぐ→る -> る→び -> び→ず -> ず→れ -> れ→ず -> ず→れ -> れ→ず -> ず→め -> め→ず -> ず→つ -> つ→ず -> ず→つ -> つ→ず -> ず→つ -> つ→る -> る→ね -> ね→ず -> ず→つ -> つ→る -> る→む -> む→る -> る→む -> む→る -> る→む -> む→ず -> ず→つ -> つ→る -> る→げ -> げ→る -> る→ゆ -> ゆ→る -> る→ゆ -> ゆ→る -> る→つ -> つ→る -> る→つ -> つ→る -> る→つ -> つ→る -> る→つ -> つ→る -> る→つ -> つ→る -> る→よ
alpha_beta vs greedy,alpha_beta,greedy,D50000_seed0_alpha_beta_vs_greedy_0,50000,0,first,ended_with_n,71,first,alpha_beta,よ,4100,60,20,4,3,,,よ,ず,ず,0.115104,False,2441.0,4,4,True,442,20,ず→ず -> ず→ず -> ず→る -> る→る -> る→る -> る→る -> る→る -> る→ぽ -> ぽ→ず -> ず→ぷ -> ぷ→ず -> ず→む -> む→る -> る→ぷ -> ぷ→ず -> ず→む -> む→る -> る→ぷ -> ぷ→ず -> ず→ら -> ら→ず -> ず→ら -> ら→る -> る→べ -> べ→る -> る→ぐ -> ぐ→る -> る→び -> び→ず -> ず→れ -> れ→ず -> ず→れ -> れ→ず -> ず→め -> め→ず -> ず→つ -> つ→ず -> ず→つ -> つ→ず -> ず→つ -> つ→る -> る→ね -> ね→ず -> ず→つ -> つ→る -> る→む -> む→る -> る→む -> む→る -> る→む -> む→ず -> ず→つ -> つ→る -> る→げ -> げ→る -> る→ゆ -> ゆ→る -> る→ゆ -> ゆ→る -> る→つ -> つ→る -> る→つ -> つ→る -> る→つ -> つ→る -> る→つ -> つ→る -> る→つ -> つ→る -> る→よ -> よ→ず
alpha_beta vs greedy,alpha_beta,greedy,D50000_seed0_alpha_beta_vs_greedy_0,50000,0,first,ended_with_n,72,second,greedy,ず,1417,20,57,1,0,,,ず,も,も,2.9e-05,False,-10828.0,,,,,19,ず→ず -> ず→ず -> ず→る -> る→る -> る→る -> る→る -> る→る -> る→ぽ -> ぽ→ず -> ず→ぷ -> ぷ→ず -> ず→む -> む→る -> る→ぷ -> ぷ→ず -> ず→む -> む→る -> る→ぷ -> ぷ→ず -> ず→ら -> ら→ず -> ず→ら -> ら→る -> る→べ -> べ→る -> る→ぐ -> ぐ→る -> る→び -> び→ず -> ず→れ -> れ→ず -> ず→れ -> れ→ず -> ず→め -> め→ず -> ず→つ -> つ→ず -> ず→つ -> つ→ず -> ず→つ -> つ→る -> る→ね -> ね→ず -> ず→つ -> つ→る -> る→む -> む→る -> る→む -> む→る -> る→む -> む→ず -> ず→つ -> つ→る -> る→げ -> げ→る -> る→ゆ -> ゆ→る -> る→ゆ -> ゆ→る -> る→つ -> つ→る -> る→つ -> つ→る -> る→つ -> つ→る -> る→つ -> つ→る -> る→つ -> つ→る -> る→よ -> よ→ず -> ず→も
alpha_beta vs greedy,alpha_beta,greedy,D50000_seed0_alpha_beta_vs_greedy_0,50000,0,first,ended_with_n,73,first,alpha_beta,も,3896,57,20,6,5,,,も,ず,ず,0.105034,False,2464.0,4,4,True,426,20,ず→ず -> ず→ず -> ず→る -> る→る -> る→る -> る→る -> る→る -> る→ぽ -> ぽ→ず -> ず→ぷ -> ぷ→ず -> ず→む -> む→る -> る→ぷ -> ぷ→ず -> ず→む -> む→る -> る→ぷ -> ぷ→ず -> ず→ら -> ら→ず -> ず→ら -> ら→る -> る→べ -> べ→る -> る→ぐ -> ぐ→る -> る→び -> び→ず -> ず→れ -> れ→ず -> ず→れ -> れ→ず -> ず→め -> め→ず -> ず→つ -> つ→ず -> ず→つ -> つ→ず -> ず→つ -> つ→る -> る→ね -> ね→ず -> ず→つ -> つ→る -> る→む -> む→る -> る→む -> む→る -> る→む -> む→ず -> ず→つ -> つ→る -> る→げ -> げ→る -> る→ゆ -> ゆ→る -> る→ゆ -> ゆ→る -> る→つ -> つ→る -> る→つ -> つ→る -> る→つ -> つ→る -> る→つ -> つ→る -> る→つ -> つ→る -> る→よ -> よ→ず -> ず→も -> も→ず
alpha_beta vs greedy,alpha_beta,greedy,D50000_seed0_alpha_beta_vs_greedy_0,50000,0,first,ended_with_n,74,second,greedy,ず,1366,20,6,1,0,,,ず,が,が,2.6e-05,False,-10851.5,,,,,18,ず→ず -> ず→ず -> ず→る -> る→る -> る→る -> る→る -> る→る -> る→ぽ -> ぽ→ず -> ず→ぷ -> ぷ→ず -> ず→む -> む→る -> る→ぷ -> ぷ→ず -> ず→む -> む→る -> る→ぷ -> ぷ→ず -> ず→ら -> ら→ず -> ず→ら -> ら→る -> る→べ -> べ→る -> る→ぐ -> ぐ→る -> る→び -> び→ず -> ず→れ -> れ→ず -> ず→れ -> れ→ず -> ず→め -> め→ず -> ず→つ -> つ→ず -> ず→つ -> つ→ず -> ず→つ -> つ→る -> る→ね -> ね→ず -> ず→つ -> つ→る -> る→む -> む→る -> る→む -> む→る -> る→む -> む→ず -> ず→つ -> つ→る -> る→げ -> げ→る -> る→ゆ -> ゆ→る -> る→ゆ -> ゆ→る -> る→つ -> つ→る -> る→つ -> つ→る -> る→つ -> つ→る -> る→つ -> つ→る -> る→つ -> つ→る -> る→よ -> よ→ず -> ず→も -> も→ず -> ず→が
alpha_beta vs greedy,alpha_beta,greedy,D50000_seed0_alpha_beta_vs_greedy_0,50000,0,first,ended_with_n,75,first,alpha_beta,が,428,6,20,4,3,,,が,ず,ず,0.073578,False,2495.0,4,4,True,402,20,ず→ず -> ず→ず -> ず→る -> る→る -> る→る -> る→る -> る→る -> る→ぽ -> ぽ→ず -> ず→ぷ -> ぷ→ず -> ず→む -> む→る -> る→ぷ -> ぷ→ず -> ず→む -> む→る -> る→ぷ -> ぷ→ず -> ず→ら -> ら→ず -> ず→ら -> ら→る -> る→べ -> べ→る -> る→ぐ -> ぐ→る -> る→び -> び→ず -> ず→れ -> れ→ず -> ず→れ -> れ→ず -> ず→め -> め→ず -> ず→つ -> つ→ず -> ず→つ -> つ→ず -> ず→つ -> つ→る -> る→ね -> ね→ず -> ず→つ -> つ→る -> る→む -> む→る -> る→む -> む→る -> る→む -> む→ず -> ず→つ -> つ→る -> る→げ -> げ→る -> る→ゆ -> ゆ→る -> る→ゆ -> ゆ→る -> る→つ -> つ→る -> る→つ -> つ→る -> る→つ -> つ→る -> る→つ -> つ→る -> る→つ -> つ→る -> る→よ -> よ→ず -> ず→も -> も→ず -> ず→が -> が→ず
alpha_beta vs greedy,alpha_beta,greedy,D50000_seed0_alpha_beta_vs_greedy_0,50000,0,first,ended_with_n,76,second,greedy,ず,1420,20,60,2,1,,,ず,よ,よ,2.4e-05,False,-11864.5,,,,,17,ず→ず -> ず→ず -> ず→る -> る→る -> る→る -> る→る -> る→る -> る→ぽ -> ぽ→ず -> ず→ぷ -> ぷ→ず -> ず→む -> む→る -> る→ぷ -> ぷ→ず -> ず→む -> む→る -> る→ぷ -> ぷ→ず -> ず→ら -> ら→ず -> ず→ら -> ら→る -> る→べ -> べ→る -> る→ぐ -> ぐ→る -> る→び -> び→ず -> ず→れ -> れ→ず -> ず→れ -> れ→ず -> ず→め -> め→ず -> ず→つ -> つ→ず -> ず→つ -> つ→ず -> ず→つ -> つ→る -> る→ね -> ね→ず -> ず→つ -> つ→る -> る→む -> む→る -> る→む -> む→る -> る→む -> む→ず -> ず→つ -> つ→る -> る→げ -> げ→る -> る→ゆ -> ゆ→る -> る→ゆ -> ゆ→る -> る→つ -> つ→る -> る→つ -> つ→る -> る→つ -> つ→る -> る→つ -> つ→る -> る→つ -> つ→る -> る→よ -> よ→ず -> ず→も -> も→ず -> ず→が -> が→ず -> ず→よ
alpha_beta vs greedy,alpha_beta,greedy,D50000_seed0_alpha_beta_vs_greedy_0,50000,0,first,ended_with_n,77,first,alpha_beta,よ,4100,60,20,3,2,,,よ,ず,ず,0.075128,False,2510.0,4,4,True,420,20,ず→ず -> ず→ず -> ず→る -> る→る -> る→る -> る→る -> る→る -> る→ぽ -> ぽ→ず -> ず→ぷ -> ぷ→ず -> ず→む -> む→る -> る→ぷ -> ぷ→ず -> ず→む -> む→る -> る→ぷ -> ぷ→ず -> ず→ら -> ら→ず -> ず→ら -> ら→る -> る→べ -> べ→る -> る→ぐ -> ぐ→る -> る→び -> び→ず -> ず→れ -> れ→ず -> ず→れ -> れ→ず -> ず→め -> め→ず -> ず→つ -> つ→ず -> ず→つ -> つ→ず -> ず→つ -> つ→る -> る→ね -> ね→ず -> ず→つ -> つ→る -> る→む -> む→る -> る→む -> む→る -> る→む -> む→ず -> ず→つ -> つ→る -> る→げ -> げ→る -> る→ゆ -> ゆ→る -> る→ゆ -> ゆ→る -> る→つ -> つ→る -> る→つ -> つ→る -> る→つ -> つ→る -> る→つ -> つ→る -> る→つ -> つ→る -> る→よ -> よ→ず -> ず→も -> も→ず -> ず→が -> が→ず -> ず→よ -> よ→ず
alpha_beta vs greedy,alpha_beta,greedy,D50000_seed0_alpha_beta_vs_greedy_0,50000,0,first,ended_with_n,78,second,greedy,ず,1420,20,60,1,0,,,ず,よ,よ,2.6e-05,False,-11841.5,,,,,17,ず→ず -> ず→ず -> ず→る -> る→る -> る→る -> る→る -> る→る -> る→ぽ -> ぽ→ず -> ず→ぷ -> ぷ→ず -> ず→む -> む→る -> る→ぷ -> ぷ→ず -> ず→む -> む→る -> る→ぷ -> ぷ→ず -> ず→ら -> ら→ず -> ず→ら -> ら→る -> る→べ -> べ→る -> る→ぐ -> ぐ→る -> る→び -> び→ず -> ず→れ -> れ→ず -> ず→れ -> れ→ず -> ず→め -> め→ず -> ず→つ -> つ→ず -> ず→つ -> つ→ず -> ず→つ -> つ→る -> る→ね -> ね→ず -> ず→つ -> つ→る -> る→む -> む→る -> る→む -> む→る -> る→む -> む→ず -> ず→つ -> つ→る -> る→げ -> げ→る -> る→ゆ -> ゆ→る -> る→ゆ -> ゆ→る -> る→つ -> つ→る -> る→つ -> つ→る -> る→つ -> つ→る -> る→つ -> つ→る -> る→つ -> つ→る -> る→よ -> よ→ず -> ず→も -> も→ず -> ず→が -> が→ず -> ず→よ -> よ→ず -> ず→よ
alpha_beta vs greedy,alpha_beta,greedy,D50000_seed0_alpha_beta_vs_greedy_0,50000,0,first,ended_with_n,79,first,alpha_beta,よ,4100,60,20,2,1,,,よ,ず,ず,0.081507,False,2525.0,4,4,True,443,20,ず→ず -> ず→ず -> ず→る -> る→る -> る→る -> る→る -> る→る -> る→ぽ -> ぽ→ず -> ず→ぷ -> ぷ→ず -> ず→む -> む→る -> る→ぷ -> ぷ→ず -> ず→む -> む→る -> る→ぷ -> ぷ→ず -> ず→ら -> ら→ず -> ず→ら -> ら→る -> る→べ -> べ→る -> る→ぐ -> ぐ→る -> る→び -> び→ず -> ず→れ -> れ→ず -> ず→れ -> れ→ず -> ず→め -> め→ず -> ず→つ -> つ→ず -> ず→つ -> つ→ず -> ず→つ -> つ→る -> る→ね -> ね→ず -> ず→つ -> つ→る -> る→む -> む→る -> る→む -> む→る -> る→む -> む→ず -> ず→つ -> つ→る -> る→げ -> げ→る -> る→ゆ -> ゆ→る -> る→ゆ -> ゆ→る -> る→つ -> つ→る -> る→つ -> つ→る -> る→つ -> つ→る -> る→つ -> つ→る -> る→つ -> つ→る -> る→よ -> よ→ず -> ず→も -> も→ず -> ず→が -> が→ず -> ず→よ -> よ→ず -> ず→よ -> よ→ず
alpha_beta vs greedy,alpha_beta,greedy,D50000_seed0_alpha_beta_vs_greedy_0,50000,0,first,ended_with_n,80,second,greedy,ず,1383,20,23,1,0,,,ず,そ,そ,2.3e-05,False,-14412.0,,,,,16,ず→ず -> ず→ず -> ず→る -> る→る -> る→る -> る→る -> る→る -> る→ぽ -> ぽ→ず -> ず→ぷ -> ぷ→ず -> ず→む -> む→る -> る→ぷ -> ぷ→ず -> ず→む -> む→る -> る→ぷ -> ぷ→ず -> ず→ら -> ら→ず -> ず→ら -> ら→る -> る→べ -> べ→る -> る→ぐ -> ぐ→る -> る→び -> び→ず -> ず→れ -> れ→ず -> ず→れ -> れ→ず -> ず→め -> め→ず -> ず→つ -> つ→ず -> ず→つ -> つ→ず -> ず→つ -> つ→る -> る→ね -> ね→ず -> ず→つ -> つ→る -> る→む -> む→る -> る→む -> む→る -> る→む -> む→ず -> ず→つ -> つ→る -> る→げ -> げ→る -> る→ゆ -> ゆ→る -> る→ゆ -> ゆ→る -> る→つ -> つ→る -> る→つ -> つ→る -> る→つ -> つ→る -> る→つ -> つ→る -> る→つ -> つ→る -> る→よ -> よ→ず -> ず→も -> も→ず -> ず→が -> が→ず -> ず→よ -> よ→ず -> ず→よ -> よ→ず -> ず→そ
alpha_beta vs greedy,alpha_beta,greedy,D50000_seed0_alpha_beta_vs_greedy_0,50000,0,first,ended_with_n,81,first,alpha_beta,そ,1584,23,20,1,0,,,そ,ず,ず,0.074767,False,2548.0,4,4,True,413,20,ず→ず -> ず→ず -> ず→る -> る→る -> る→る -> る→る -> る→る -> る→ぽ -> ぽ→ず -> ず→ぷ -> ぷ→ず -> ず→む -> む→る -> る→ぷ -> ぷ→ず -> ず→む -> む→る -> る→ぷ -> ぷ→ず -> ず→ら -> ら→ず -> ず→ら -> ら→る -> る→べ -> べ→る -> る→ぐ -> ぐ→る -> る→び -> び→ず -> ず→れ -> れ→ず -> ず→れ -> れ→ず -> ず→め -> め→ず -> ず→つ -> つ→ず -> ず→つ -> つ→ず -> ず→つ -> つ→る -> る→ね -> ね→ず -> ず→つ -> つ→る -> る→む -> む→る -> る→む -> む→る -> る→む -> む→ず -> ず→つ -> つ→る -> る→げ -> げ→る -> る→ゆ -> ゆ→る -> る→ゆ -> ゆ→る -> る→つ -> つ→る -> る→つ -> つ→る -> る→つ -> つ→る -> る→つ -> つ→る -> る→つ -> つ→る -> る→よ -> よ→ず -> ず→も -> も→ず -> ず→が -> が→ず -> ず→よ -> よ→ず -> ず→よ -> よ→ず -> ず→そ -> そ→ず
alpha_beta vs greedy,alpha_beta,greedy,D50000_seed0_alpha_beta_vs_greedy_0,50000,0,first,ended_with_n,82,second,greedy,ず,1394,20,34,1,0,,,ず,に,に,2.7e-05,False,-15733.0,,,,,15,ず→ず -> ず→ず -> ず→る -> る→る -> る→る -> る→る -> る→る -> る→ぽ -> ぽ→ず -> ず→ぷ -> ぷ→ず -> ず→む -> む→る -> る→ぷ -> ぷ→ず -> ず→む -> む→る -> る→ぷ -> ぷ→ず -> ず→ら -> ら→ず -> ず→ら -> ら→る -> る→べ -> べ→る -> る→ぐ -> ぐ→る -> る→び -> び→ず -> ず→れ -> れ→ず -> ず→れ -> れ→ず -> ず→め -> め→ず -> ず→つ -> つ→ず -> ず→つ -> つ→ず -> ず→つ -> つ→る -> る→ね -> ね→ず -> ず→つ -> つ→る -> る→む -> む→る -> る→む -> む→る -> る→む -> む→ず -> ず→つ -> つ→る -> る→げ -> げ→る -> る→ゆ -> ゆ→る -> る→ゆ -> ゆ→る -> る→つ -> つ→る -> る→つ -> つ→る -> る→つ -> つ→る -> る→つ -> つ→る -> る→つ -> つ→る -> る→よ -> よ→ず -> ず→も -> も→ず -> ず→が -> が→ず -> ず→よ -> よ→ず -> ず→よ -> よ→ず -> ず→そ -> そ→ず -> ず→に
alpha_beta vs greedy,alpha_beta,greedy,D50000_seed0_alpha_beta_vs_greedy_0,50000,0,first,ended_with_n,83,first,alpha_beta,に,2332,34,20,7,6,,,に,ず,ず,0.069724,False,2571.0,4,4,True,399,20,ず→ず -> ず→ず -> ず→る -> る→る -> る→る -> る→る -> る→る -> る→ぽ -> ぽ→ず -> ず→ぷ -> ぷ→ず -> ず→む -> む→る -> る→ぷ -> ぷ→ず -> ず→む -> む→る -> る→ぷ -> ぷ→ず -> ず→ら -> ら→ず -> ず→ら -> ら→る -> る→べ -> べ→る -> る→ぐ -> ぐ→る -> る→び -> び→ず -> ず→れ -> れ→ず -> ず→れ -> れ→ず -> ず→め -> め→ず -> ず→つ -> つ→ず -> ず→つ -> つ→ず -> ず→つ -> つ→る -> る→ね -> ね→ず -> ず→つ -> つ→る -> る→む -> む→る -> る→む -> む→る -> る→む -> む→ず -> ず→つ -> つ→る -> る→げ -> げ→る -> る→ゆ -> ゆ→る -> る→ゆ -> ゆ→る -> る→つ -> つ→る -> る→つ -> つ→る -> る→つ -> つ→る -> る→つ -> つ→る -> る→つ -> つ→る -> る→よ -> よ→ず -> ず→も -> も→ず -> ず→が -> が→ず -> ず→よ -> よ→ず -> ず→よ -> よ→ず -> ず→そ -> そ→ず -> ず→に -> に→ず
alpha_beta vs greedy,alpha_beta,greedy,D50000_seed0_alpha_beta_vs_greedy_0,50000,0,first,ended_with_n,84,second,greedy,ず,1414,20,54,2,1,,,ず,み,み,2.2e-05,False,-15796.0,,,,,14,ず→ず -> ず→ず -> ず→る -> る→る -> る→る -> る→る -> る→る -> る→ぽ -> ぽ→ず -> ず→ぷ -> ぷ→ず -> ず→む -> む→る -> る→ぷ -> ぷ→ず -> ず→む -> む→る -> る→ぷ -> ぷ→ず -> ず→ら -> ら→ず -> ず→ら -> ら→る -> る→べ -> べ→る -> る→ぐ -> ぐ→る -> る→び -> び→ず -> ず→れ -> れ→ず -> ず→れ -> れ→ず -> ず→め -> め→ず -> ず→つ -> つ→ず -> ず→つ -> つ→ず -> ず→つ -> つ→る -> る→ね -> ね→ず -> ず→つ -> つ→る -> る→む -> む→る -> る→む -> む→る -> る→む -> む→ず -> ず→つ -> つ→る -> る→げ -> げ→る -> る→ゆ -> ゆ→る -> る→ゆ -> ゆ→る -> る→つ -> つ→る -> る→つ -> つ→る -> る→つ -> つ→る -> る→つ -> つ→る -> る→つ -> つ→る -> る→よ -> よ→ず -> ず→も -> も→ず -> ず→が -> が→ず -> ず→よ -> よ→ず -> ず→よ -> よ→ず -> ず→そ -> そ→ず -> ず→に -> に→ず -> ず→み
alpha_beta vs greedy,alpha_beta,greedy,D50000_seed0_alpha_beta_vs_greedy_0,50000,0,first,ended_with_n,85,first,alpha_beta,み,3692,54,20,9,8,,,み,ず,ず,0.100464,False,2594.0,4,4,True,422,20,ず→ず -> ず→ず -> ず→る -> る→る -> る→る -> る→る -> る→る -> る→ぽ -> ぽ→ず -> ず→ぷ -> ぷ→ず -> ず→む -> む→る -> る→ぷ -> ぷ→ず -> ず→む -> む→る -> る→ぷ -> ぷ→ず -> ず→ら -> ら→ず -> ず→ら -> ら→る -> る→べ -> べ→る -> る→ぐ -> ぐ→る -> る→び -> び→ず -> ず→れ -> れ→ず -> ず→れ -> れ→ず -> ず→め -> め→ず -> ず→つ -> つ→ず -> ず→つ -> つ→ず -> ず→つ -> つ→る -> る→ね -> ね→ず -> ず→つ -> つ→る -> る→む -> む→る -> る→む -> む→る -> る→む -> む→ず -> ず→つ -> つ→る -> る→げ -> げ→る -> る→ゆ -> ゆ→る -> る→ゆ -> ゆ→る -> る→つ -> つ→る -> る→つ -> つ→る -> る→つ -> つ→る -> る→つ -> つ→る -> る→つ -> つ→る -> る→よ -> よ→ず -> ず→も -> も→ず -> ず→が -> が→ず -> ず→よ -> よ→ず -> ず→よ -> よ→ず -> ず→そ -> そ→ず -> ず→に -> に→ず -> ず→み -> み→ず
alpha_beta vs greedy,alpha_beta,greedy,D50000_seed0_alpha_beta_vs_greedy_0,50000,0,first,ended_with_n,86,second,greedy,ず,1414,20,54,1,0,,,ず,み,み,3.9e-05,False,-15773.0,,,,,14,ず→ず -> ず→ず -> ず→る -> る→る -> る→る -> る→る -> る→る -> る→ぽ -> ぽ→ず -> ず→ぷ -> ぷ→ず -> ず→む -> む→る -> る→ぷ -> ぷ→ず -> ず→む -> む→る -> る→ぷ -> ぷ→ず -> ず→ら -> ら→ず -> ず→ら -> ら→る -> る→べ -> べ→る -> る→ぐ -> ぐ→る -> る→び -> び→ず -> ず→れ -> れ→ず -> ず→れ -> れ→ず -> ず→め -> め→ず -> ず→つ -> つ→ず -> ず→つ -> つ→ず -> ず→つ -> つ→る -> る→ね -> ね→ず -> ず→つ -> つ→る -> る→む -> む→る -> る→む -> む→る -> る→む -> む→ず -> ず→つ -> つ→る -> る→げ -> げ→る -> る→ゆ -> ゆ→る -> る→ゆ -> ゆ→る -> る→つ -> つ→る -> る→つ -> つ→る -> る→つ -> つ→る -> る→つ -> つ→る -> る→つ -> つ→る -> る→よ -> よ→ず -> ず→も -> も→ず -> ず→が -> が→ず -> ず→よ -> よ→ず -> ず→よ -> よ→ず -> ず→そ -> そ→ず -> ず→に -> に→ず -> ず→み -> み→ず -> ず→み
alpha_beta vs greedy,alpha_beta,greedy,D50000_seed0_alpha_beta_vs_greedy_0,50000,0,first,ended_with_n,87,first,alpha_beta,み,3692,54,20,8,7,,,み,ず,ず,0.089654,False,2617.0,4,4,True,408,20,ず→ず -> ず→ず -> ず→る -> る→る -> る→る -> る→る -> る→る -> る→ぽ -> ぽ→ず -> ず→ぷ -> ぷ→ず -> ず→む -> む→る -> る→ぷ -> ぷ→ず -> ず→む -> む→る -> る→ぷ -> ぷ→ず -> ず→ら -> ら→ず -> ず→ら -> ら→る -> る→べ -> べ→る -> る→ぐ -> ぐ→る -> る→び -> び→ず -> ず→れ -> れ→ず -> ず→れ -> れ→ず -> ず→め -> め→ず -> ず→つ -> つ→ず -> ず→つ -> つ→ず -> ず→つ -> つ→る -> る→ね -> ね→ず -> ず→つ -> つ→る -> る→む -> む→る -> る→む -> む→る -> る→む -> む→ず -> ず→つ -> つ→る -> る→げ -> げ→る -> る→ゆ -> ゆ→る -> る→ゆ -> ゆ→る -> る→つ -> つ→る -> る→つ -> つ→る -> る→つ -> つ→る -> る→つ -> つ→る -> る→つ -> つ→る -> る→よ -> よ→ず -> ず→も -> も→ず -> ず→が -> が→ず -> ず→よ -> よ→ず -> ず→よ -> よ→ず -> ず→そ -> そ→ず -> ず→に -> に→ず -> ず→み -> み→ず -> ず→み -> み→ず
alpha_beta vs greedy,alpha_beta,greedy,D50000_seed0_alpha_beta_vs_greedy_0,50000,0,first,ended_with_n,88,second,greedy,ず,1362,20,2,16,15,,,ず,う,う,2.6e-05,False,-16050.5,,,,,13,ず→ず -> ず→ず -> ず→る -> る→る -> る→る -> る→る -> る→る -> る→ぽ -> ぽ→ず -> ず→ぷ -> ぷ→ず -> ず→む -> む→る -> る→ぷ -> ぷ→ず -> ず→む -> む→る -> る→ぷ -> ぷ→ず -> ず→ら -> ら→ず -> ず→ら -> ら→る -> る→べ -> べ→る -> る→ぐ -> ぐ→る -> る→び -> び→ず -> ず→れ -> れ→ず -> ず→れ -> れ→ず -> ず→め -> め→ず -> ず→つ -> つ→ず -> ず→つ -> つ→ず -> ず→つ -> つ→る -> る→ね -> ね→ず -> ず→つ -> つ→る -> る→む -> む→る -> る→む -> む→る -> る→む -> む→ず -> ず→つ -> つ→る -> る→げ -> げ→る -> る→ゆ -> ゆ→る -> る→ゆ -> ゆ→る -> る→つ -> つ→る -> る→つ -> つ→る -> る→つ -> つ→る -> る→つ -> つ→る -> る→つ -> つ→る -> る→よ -> よ→ず -> ず→も -> も→ず -> ず→が -> が→ず -> ず→よ -> よ→ず -> ず→よ -> よ→ず -> ず→そ -> そ→ず -> ず→に -> に→ず -> ず→み -> み→ず -> ず→み -> み→ず -> ず→う
alpha_beta vs greedy,alpha_beta,greedy,D50000_seed0_alpha_beta_vs_greedy_0,50000,0,first,ended_with_n,89,first,alpha_beta,う,156,2,20,6,5,,,う,ず,ず,0.122788,False,2640.0,4,4,True,412,20,ず→ず -> ず→ず -> ず→る -> る→る -> る→る -> る→る -> る→る -> る→ぽ -> ぽ→ず -> ず→ぷ -> ぷ→ず -> ず→む -> む→る -> る→ぷ -> ぷ→ず -> ず→む -> む→る -> る→ぷ -> ぷ→ず -> ず→ら -> ら→ず -> ず→ら -> ら→る -> る→べ -> べ→る -> る→ぐ -> ぐ→る -> る→び -> び→ず -> ず→れ -> れ→ず -> ず→れ -> れ→ず -> ず→め -> め→ず -> ず→つ -> つ→ず -> ず→つ -> つ→ず -> ず→つ -> つ→る -> る→ね -> ね→ず -> ず→つ -> つ→る -> る→む -> む→る -> る→む -> む→る -> る→む -> む→ず -> ず→つ -> つ→る -> る→げ -> げ→る -> る→ゆ -> ゆ→る -> る→ゆ -> ゆ→る -> る→つ -> つ→る -> る→つ -> つ→る -> る→つ -> つ→る -> る→つ -> つ→る -> る→つ -> つ→る -> る→よ -> よ→ず -> ず→も -> も→ず -> ず→が -> が→ず -> ず→よ -> よ→ず -> ず→よ -> よ→ず -> ず→そ -> そ→ず -> ず→に -> に→ず -> ず→み -> み→ず -> ず→み -> み→ず -> ず→う -> う→ず
alpha_beta vs greedy,alpha_beta,greedy,D50000_seed0_alpha_beta_vs_greedy_0,50000,0,first,ended_with_n,90,second,greedy,ず,1362,20,2,15,14,,,ず,う,う,2.1e-05,False,-16027.5,,,,,13,ず→ず -> ず→ず -> ず→る -> る→る -> る→る -> る→る -> る→る -> る→ぽ -> ぽ→ず -> ず→ぷ -> ぷ→ず -> ず→む -> む→る -> る→ぷ -> ぷ→ず -> ず→む -> む→る -> る→ぷ -> ぷ→ず -> ず→ら -> ら→ず -> ず→ら -> ら→る -> る→べ -> べ→る -> る→ぐ -> ぐ→る -> る→び -> び→ず -> ず→れ -> れ→ず -> ず→れ -> れ→ず -> ず→め -> め→ず -> ず→つ -> つ→ず -> ず→つ -> つ→ず -> ず→つ -> つ→る -> る→ね -> ね→ず -> ず→つ -> つ→る -> る→む -> む→る -> る→む -> む→る -> る→む -> む→ず -> ず→つ -> つ→る -> る→げ -> げ→る -> る→ゆ -> ゆ→る -> る→ゆ -> ゆ→る -> る→つ -> つ→る -> る→つ -> つ→る -> る→つ -> つ→る -> る→つ -> つ→る -> る→つ -> つ→る -> る→よ -> よ→ず -> ず→も -> も→ず -> ず→が -> が→ず -> ず→よ -> よ→ず -> ず→よ -> よ→ず -> ず→そ -> そ→ず -> ず→に -> に→ず -> ず→み -> み→ず -> ず→み -> み→ず -> ず→う -> う→ず -> ず→う
alpha_beta vs greedy,alpha_beta,greedy,D50000_seed0_alpha_beta_vs_greedy_0,50000,0,first,ended_with_n,91,first,alpha_beta,う,156,2,20,5,4,,,う,ず,ず,0.080894,False,2663.0,4,4,True,412,20,ず→ず -> ず→ず -> ず→る -> る→る -> る→る -> る→る -> る→る -> る→ぽ -> ぽ→ず -> ず→ぷ -> ぷ→ず -> ず→む -> む→る -> る→ぷ -> ぷ→ず -> ず→む -> む→る -> る→ぷ -> ぷ→ず -> ず→ら -> ら→ず -> ず→ら -> ら→る -> る→べ -> べ→る -> る→ぐ -> ぐ→る -> る→び -> び→ず -> ず→れ -> れ→ず -> ず→れ -> れ→ず -> ず→め -> め→ず -> ず→つ -> つ→ず -> ず→つ -> つ→ず -> ず→つ -> つ→る -> る→ね -> ね→ず -> ず→つ -> つ→る -> る→む -> む→る -> る→む -> む→る -> る→む -> む→ず -> ず→つ -> つ→る -> る→げ -> げ→る -> る→ゆ -> ゆ→る -> る→ゆ -> ゆ→る -> る→つ -> つ→る -> る→つ -> つ→る -> る→つ -> つ→る -> る→つ -> つ→る -> る→つ -> つ→る -> る→よ -> よ→ず -> ず→も -> も→ず -> ず→が -> が→ず -> ず→よ -> よ→ず -> ず→よ -> よ→ず -> ず→そ -> そ→ず -> ず→に -> に→ず -> ず→み -> み→ず -> ず→み -> み→ず -> ず→う -> う→ず -> ず→う -> う→ず
alpha_beta vs greedy,alpha_beta,greedy,D50000_seed0_alpha_beta_vs_greedy_0,50000,0,first,ended_with_n,92,second,greedy,ず,1362,20,2,14,13,,,ず,う,う,2.1e-05,False,-16004.5,,,,,13,ず→ず -> ず→ず -> ず→る -> る→る -> る→る -> る→る -> る→る -> る→ぽ -> ぽ→ず -> ず→ぷ -> ぷ→ず -> ず→む -> む→る -> る→ぷ -> ぷ→ず -> ず→む -> む→る -> る→ぷ -> ぷ→ず -> ず→ら -> ら→ず -> ず→ら -> ら→る -> る→べ -> べ→る -> る→ぐ -> ぐ→る -> る→び -> び→ず -> ず→れ -> れ→ず -> ず→れ -> れ→ず -> ず→め -> め→ず -> ず→つ -> つ→ず -> ず→つ -> つ→ず -> ず→つ -> つ→る -> る→ね -> ね→ず -> ず→つ -> つ→る -> る→む -> む→る -> る→む -> む→る -> る→む -> む→ず -> ず→つ -> つ→る -> る→げ -> げ→る -> る→ゆ -> ゆ→る -> る→ゆ -> ゆ→る -> る→つ -> つ→る -> る→つ -> つ→る -> る→つ -> つ→る -> る→つ -> つ→る -> る→つ -> つ→る -> る→よ -> よ→ず -> ず→も -> も→ず -> ず→が -> が→ず -> ず→よ -> よ→ず -> ず→よ -> よ→ず -> ず→そ -> そ→ず -> ず→に -> に→ず -> ず→み -> み→ず -> ず→み -> み→ず -> ず→う -> う→ず -> ず→う -> う→ず -> ず→う
alpha_beta vs greedy,alpha_beta,greedy,D50000_seed0_alpha_beta_vs_greedy_0,50000,0,first,ended_with_n,93,first,alpha_beta,う,156,2,20,4,3,,,う,ず,ず,0.069843,False,2686.0,4,4,True,412,20,ず→ず -> ず→ず -> ず→る -> る→る -> る→る -> る→る -> る→る -> る→ぽ -> ぽ→ず -> ず→ぷ -> ぷ→ず -> ず→む -> む→る -> る→ぷ -> ぷ→ず -> ず→む -> む→る -> る→ぷ -> ぷ→ず -> ず→ら -> ら→ず -> ず→ら -> ら→る -> る→べ -> べ→る -> る→ぐ -> ぐ→る -> る→び -> び→ず -> ず→れ -> れ→ず -> ず→れ -> れ→ず -> ず→め -> め→ず -> ず→つ -> つ→ず -> ず→つ -> つ→ず -> ず→つ -> つ→る -> る→ね -> ね→ず -> ず→つ -> つ→る -> る→む -> む→る -> る→む -> む→る -> る→む -> む→ず -> ず→つ -> つ→る -> る→げ -> げ→る -> る→ゆ -> ゆ→る -> る→ゆ -> ゆ→る -> る→つ -> つ→る -> る→つ -> つ→る -> る→つ -> つ→る -> る→つ -> つ→る -> る→つ -> つ→る -> る→よ -> よ→ず -> ず→も -> も→ず -> ず→が -> が→ず -> ず→よ -> よ→ず -> ず→よ -> よ→ず -> ず→そ -> そ→ず -> ず→に -> に→ず -> ず→み -> み→ず -> ず→み -> み→ず -> ず→う -> う→ず -> ず→う -> う→ず -> ず→う -> う→ず
alpha_beta vs greedy,alpha_beta,greedy,D50000_seed0_alpha_beta_vs_greedy_0,50000,0,first,ended_with_n,94,second,greedy,ず,1362,20,2,13,12,,,ず,う,う,2e-05,False,-15981.5,,,,,13,ず→ず -> ず→ず -> ず→る -> る→る -> る→る -> る→る -> る→る -> る→ぽ -> ぽ→ず -> ず→ぷ -> ぷ→ず -> ず→む -> む→る -> る→ぷ -> ぷ→ず -> ず→む -> む→る -> る→ぷ -> ぷ→ず -> ず→ら -> ら→ず -> ず→ら -> ら→る -> る→べ -> べ→る -> る→ぐ -> ぐ→る -> る→び -> び→ず -> ず→れ -> れ→ず -> ず→れ -> れ→ず -> ず→め -> め→ず -> ず→つ -> つ→ず -> ず→つ -> つ→ず -> ず→つ -> つ→る -> る→ね -> ね→ず -> ず→つ -> つ→る -> る→む -> む→る -> る→む -> む→る -> る→む -> む→ず -> ず→つ -> つ→る -> る→げ -> げ→る -> る→ゆ -> ゆ→る -> る→ゆ -> ゆ→る -> る→つ -> つ→る -> る→つ -> つ→る -> る→つ -> つ→る -> る→つ -> つ→る -> る→つ -> つ→る -> る→よ -> よ→ず -> ず→も -> も→ず -> ず→が -> が→ず -> ず→よ -> よ→ず -> ず→よ -> よ→ず -> ず→そ -> そ→ず -> ず→に -> に→ず -> ず→み -> み→ず -> ず→み -> み→ず -> ず→う -> う→ず -> ず→う -> う→ず -> ず→う -> う→ず -> ず→う
alpha_beta vs greedy,alpha_beta,greedy,D50000_seed0_alpha_beta_vs_greedy_0,50000,0,first,ended_with_n,95,first,alpha_beta,う,156,2,20,3,2,,,う,ず,ず,0.070298,False,2709.0,4,4,True,412,20,ず→ず -> ず→ず -> ず→る -> る→る -> る→る -> る→る -> る→る -> る→ぽ -> ぽ→ず -> ず→ぷ -> ぷ→ず -> ず→む -> む→る -> る→ぷ -> ぷ→ず -> ず→む -> む→る -> る→ぷ -> ぷ→ず -> ず→ら -> ら→ず -> ず→ら -> ら→る -> る→べ -> べ→る -> る→ぐ -> ぐ→る -> る→び -> び→ず -> ず→れ -> れ→ず -> ず→れ -> れ→ず -> ず→め -> め→ず -> ず→つ -> つ→ず -> ず→つ -> つ→ず -> ず→つ -> つ→る -> る→ね -> ね→ず -> ず→つ -> つ→る -> る→む -> む→る -> る→む -> む→る -> る→む -> む→ず -> ず→つ -> つ→る -> る→げ -> げ→る -> る→ゆ -> ゆ→る -> る→ゆ -> ゆ→る -> る→つ -> つ→る -> る→つ -> つ→る -> る→つ -> つ→る -> る→つ -> つ→る -> る→つ -> つ→る -> る→よ -> よ→ず -> ず→も -> も→ず -> ず→が -> が→ず -> ず→よ -> よ→ず -> ず→よ -> よ→ず -> ず→そ -> そ→ず -> ず→に -> に→ず -> ず→み -> み→ず -> ず→み -> み→ず -> ず→う -> う→ず -> ず→う -> う→ず -> ず→う -> う→ず -> ず→う -> う→ず
alpha_beta vs greedy,alpha_beta,greedy,D50000_seed0_alpha_beta_vs_greedy_0,50000,0,first,ended_with_n,96,second,greedy,ず,1362,20,2,12,11,,,ず,う,う,2.1e-05,False,-15958.5,,,,,13,ず→ず -> ず→ず -> ず→る -> る→る -> る→る -> る→る -> る→る -> る→ぽ -> ぽ→ず -> ず→ぷ -> ぷ→ず -> ず→む -> む→る -> る→ぷ -> ぷ→ず -> ず→む -> む→る -> る→ぷ -> ぷ→ず -> ず→ら -> ら→ず -> ず→ら -> ら→る -> る→べ -> べ→る -> る→ぐ -> ぐ→る -> る→び -> び→ず -> ず→れ -> れ→ず -> ず→れ -> れ→ず -> ず→め -> め→ず -> ず→つ -> つ→ず -> ず→つ -> つ→ず -> ず→つ -> つ→る -> る→ね -> ね→ず -> ず→つ -> つ→る -> る→む -> む→る -> る→む -> む→る -> る→む -> む→ず -> ず→つ -> つ→る -> る→げ -> げ→る -> る→ゆ -> ゆ→る -> る→ゆ -> ゆ→る -> る→つ -> つ→る -> る→つ -> つ→る -> る→つ -> つ→る -> る→つ -> つ→る -> る→つ -> つ→る -> る→よ -> よ→ず -> ず→も -> も→ず -> ず→が -> が→ず -> ず→よ -> よ→ず -> ず→よ -> よ→ず -> ず→そ -> そ→ず -> ず→に -> に→ず -> ず→み -> み→ず -> ず→み -> み→ず -> ず→う -> う→ず -> ず→う -> う→ず -> ず→う -> う→ず -> ず→う -> う→ず -> ず→う
alpha_beta vs greedy,alpha_beta,greedy,D50000_seed0_alpha_beta_vs_greedy_0,50000,0,first,ended_with_n,97,first,alpha_beta,う,156,2,20,2,1,,,う,ず,ず,0.069109,False,2732.0,4,4,True,412,20,ず→ず -> ず→ず -> ず→る -> る→る -> る→る -> る→る -> る→る -> る→ぽ -> ぽ→ず -> ず→ぷ -> ぷ→ず -> ず→む -> む→る -> る→ぷ -> ぷ→ず -> ず→む -> む→る -> る→ぷ -> ぷ→ず -> ず→ら -> ら→ず -> ず→ら -> ら→る -> る→べ -> べ→る -> る→ぐ -> ぐ→る -> る→び -> び→ず -> ず→れ -> れ→ず -> ず→れ -> れ→ず -> ず→め -> め→ず -> ず→つ -> つ→ず -> ず→つ -> つ→ず -> ず→つ -> つ→る -> る→ね -> ね→ず -> ず→つ -> つ→る -> る→む -> む→る -> る→む -> む→る -> る→む -> む→ず -> ず→つ -> つ→る -> る→げ -> げ→る -> る→ゆ -> ゆ→る -> る→ゆ -> ゆ→る -> る→つ -> つ→る -> る→つ -> つ→る -> る→つ -> つ→る -> る→つ -> つ→る -> る→つ -> つ→る -> る→よ -> よ→ず -> ず→も -> も→ず -> ず→が -> が→ず -> ず→よ -> よ→ず -> ず→よ -> よ→ず -> ず→そ -> そ→ず -> ず→に -> に→ず -> ず→み -> み→ず -> ず→み -> み→ず -> ず→う -> う→ず -> ず→う -> う→ず -> ず→う -> う→ず -> ず→う -> う→ず -> ず→う -> う→ず
alpha_beta vs greedy,alpha_beta,greedy,D50000_seed0_alpha_beta_vs_greedy_0,50000,0,first,ended_with_n,98,second,greedy,ず,1362,20,2,11,10,,,ず,う,う,1.9e-05,False,-15935.5,,,,,13,ず→ず -> ず→ず -> ず→る -> る→る -> る→る -> る→る -> る→る -> る→ぽ -> ぽ→ず -> ず→ぷ -> ぷ→ず -> ず→む -> む→る -> る→ぷ -> ぷ→ず -> ず→む -> む→る -> る→ぷ -> ぷ→ず -> ず→ら -> ら→ず -> ず→ら -> ら→る -> る→べ -> べ→る -> る→ぐ -> ぐ→る -> る→び -> び→ず -> ず→れ -> れ→ず -> ず→れ -> れ→ず -> ず→め -> め→ず -> ず→つ -> つ→ず -> ず→つ -> つ→ず -> ず→つ -> つ→る -> る→ね -> ね→ず -> ず→つ -> つ→る -> る→む -> む→る -> る→む -> む→る -> る→む -> む→ず -> ず→つ -> つ→る -> る→げ -> げ→る -> る→ゆ -> ゆ→る -> る→ゆ -> ゆ→る -> る→つ -> つ→る -> る→つ -> つ→る -> る→つ -> つ→る -> る→つ -> つ→る -> る→つ -> つ→る -> る→よ -> よ→ず -> ず→も -> も→ず -> ず→が -> が→ず -> ず→よ -> よ→ず -> ず→よ -> よ→ず -> ず→そ -> そ→ず -> ず→に -> に→ず -> ず→み -> み→ず -> ず→み -> み→ず -> ず→う -> う→ず -> ず→う -> う→ず -> ず→う -> う→ず -> ず→う -> う→ず -> ず→う -> う→ず -> ず→う
alpha_beta vs greedy,alpha_beta,greedy,D50000_seed0_alpha_beta_vs_greedy_0,50000,0,first,ended_with_n,99,first,alpha_beta,う,156,2,20,1,0,,,う,ず,ず,0.070601,False,2755.0,4,4,True,411,20,ず→ず -> ず→ず -> ず→る -> る→る -> る→る -> る→る -> る→る -> る→ぽ -> ぽ→ず -> ず→ぷ -> ぷ→ず -> ず→む -> む→る -> る→ぷ -> ぷ→ず -> ず→む -> む→る -> る→ぷ -> ぷ→ず -> ず→ら -> ら→ず -> ず→ら -> ら→る -> る→べ -> べ→る -> る→ぐ -> ぐ→る -> る→び -> び→ず -> ず→れ -> れ→ず -> ず→れ -> れ→ず -> ず→め -> め→ず -> ず→つ -> つ→ず -> ず→つ -> つ→ず -> ず→つ -> つ→る -> る→ね -> ね→ず -> ず→つ -> つ→る -> る→む -> む→る -> る→む -> む→る -> る→む -> む→ず -> ず→つ -> つ→る -> る→げ -> げ→る -> る→ゆ -> ゆ→る -> る→ゆ -> ゆ→る -> る→つ -> つ→る -> る→つ -> つ→る -> る→つ -> つ→る -> る→つ -> つ→る -> る→つ -> つ→る -> る→よ -> よ→ず -> ず→も -> も→ず -> ず→が -> が→ず -> ず→よ -> よ→ず -> ず→よ -> よ→ず -> ず→そ -> そ→ず -> ず→に -> に→ず -> ず→み -> み→ず -> ず→み -> み→ず -> ず→う -> う→ず -> ず→う -> う→ず -> ず→う -> う→ず -> ず→う -> う→ず -> ず→う -> う→ず -> ず→う -> う→ず
alpha_beta vs greedy,alpha_beta,greedy,D50000_seed0_alpha_beta_vs_greedy_0,50000,0,first,ended_with_n,100,second,greedy,ず,1362,20,2,10,9,,,ず,う,う,1.9e-05,False,-15912.5,,,,,13,ず→ず -> ず→ず -> ず→る -> る→る -> る→る -> る→る -> る→る -> る→ぽ -> ぽ→ず -> ず→ぷ -> ぷ→ず -> ず→む -> む→る -> る→ぷ -> ぷ→ず -> ず→む -> む→る -> る→ぷ -> ぷ→ず -> ず→ら -> ら→ず -> ず→ら -> ら→る -> る→べ -> べ→る -> る→ぐ -> ぐ→る -> る→び -> び→ず -> ず→れ -> れ→ず -> ず→れ -> れ→ず -> ず→め -> め→ず -> ず→つ -> つ→ず -> ず→つ -> つ→ず -> ず→つ -> つ→る -> る→ね -> ね→ず -> ず→つ -> つ→る -> る→む -> む→る -> る→む -> む→る -> る→む -> む→ず -> ず→つ -> つ→る -> る→げ -> げ→る -> る→ゆ -> ゆ→る -> る→ゆ -> ゆ→る -> る→つ -> つ→る -> る→つ -> つ→る -> る→つ -> つ→る -> る→つ -> つ→る -> る→つ -> つ→る -> る→よ -> よ→ず -> ず→も -> も→ず -> ず→が -> が→ず -> ず→よ -> よ→ず -> ず→よ -> よ→ず -> ず→そ -> そ→ず -> ず→に -> に→ず -> ず→み -> み→ず -> ず→み -> み→ず -> ず→う -> う→ず -> ず→う -> う→ず -> ず→う -> う→ず -> ず→う -> う→ず -> ず→う -> う→ず -> ず→う -> う→ず -> ず→う
alpha_beta vs greedy,alpha_beta,greedy,D50000_seed0_alpha_beta_vs_greedy_0,50000,0,first,ended_with_n,101,first,alpha_beta,う,199,2,63,10,9,,,う,る,る,0.096433,False,2755.0,4,4,True,385,20,ず→ず -> ず→ず -> ず→る -> る→る -> る→る -> る→る -> る→る -> る→ぽ -> ぽ→ず -> ず→ぷ -> ぷ→ず -> ず→む -> む→る -> る→ぷ -> ぷ→ず -> ず→む -> む→る -> る→ぷ -> ぷ→ず -> ず→ら -> ら→ず -> ず→ら -> ら→る -> る→べ -> べ→る -> る→ぐ -> ぐ→る -> る→び -> び→ず -> ず→れ -> れ→ず -> ず→れ -> れ→ず -> ず→め -> め→ず -> ず→つ -> つ→ず -> ず→つ -> つ→ず -> ず→つ -> つ→る -> る→ね -> ね→ず -> ず→つ -> つ→る -> る→む -> む→る -> る→む -> む→る -> る→む -> む→ず -> ず→つ -> つ→る -> る→げ -> げ→る -> る→ゆ -> ゆ→る -> る→ゆ -> ゆ→る -> る→つ -> つ→る -> る→つ -> つ→る -> る→つ -> つ→る -> る→つ -> つ→る -> る→つ -> つ→る -> る→よ -> よ→ず -> ず→も -> も→ず -> ず→が -> が→ず -> ず→よ -> よ→ず -> ず→よ -> よ→ず -> ず→そ -> そ→ず -> ず→に -> に→ず -> ず→み -> み→ず -> ず→み -> み→ず -> ず→う -> う→ず -> ず→う -> う→ず -> ず→う -> う→ず -> ず→う -> う→ず -> ず→う -> う→ず -> ず→う -> う→ず -> ず→う -> う→る
alpha_beta vs greedy,alpha_beta,greedy,D50000_seed0_alpha_beta_vs_greedy_0,50000,0,first,ended_with_n,102,second,greedy,る,4344,63,60,1,0,,,る,よ,よ,2.4e-05,False,-11818.5,,,,,17,ず→ず -> ず→ず -> ず→る -> る→る -> る→る -> る→る -> る→る -> る→ぽ -> ぽ→ず -> ず→ぷ -> ぷ→ず -> ず→む -> む→る -> る→ぷ -> ぷ→ず -> ず→む -> む→る -> る→ぷ -> ぷ→ず -> ず→ら -> ら→ず -> ず→ら -> ら→る -> る→べ -> べ→る -> る→ぐ -> ぐ→る -> る→び -> び→ず -> ず→れ -> れ→ず -> ず→れ -> れ→ず -> ず→め -> め→ず -> ず→つ -> つ→ず -> ず→つ -> つ→ず -> ず→つ -> つ→る -> る→ね -> ね→ず -> ず→つ -> つ→る -> る→む -> む→る -> る→む -> む→る -> る→む -> む→ず -> ず→つ -> つ→る -> る→げ -> げ→る -> る→ゆ -> ゆ→る -> る→ゆ -> ゆ→る -> る→つ -> つ→る -> る→つ -> つ→る -> る→つ -> つ→る -> る→つ -> つ→る -> る→つ -> つ→る -> る→よ -> よ→ず -> ず→も -> も→ず -> ず→が -> が→ず -> ず→よ -> よ→ず -> ず→よ -> よ→ず -> ず→そ -> そ→ず -> ず→に -> に→ず -> ず→み -> み→ず -> ず→み -> み→ず -> ず→う -> う→ず -> ず→う -> う→ず -> ず→う -> う→ず -> ず→う -> う→ず -> ず→う -> う→ず -> ず→う -> う→ず -> ず→う -> う→る -> る→よ
alpha_beta vs greedy,alpha_beta,greedy,D50000_seed0_alpha_beta_vs_greedy_0,50000,0,first,ended_with_n,103,first,alpha_beta,よ,4100,60,20,1,0,,,よ,ず,ず,0.081644,False,3175.5,4,4,True,353,20,ず→ず -> ず→ず -> ず→る -> る→る -> る→る -> る→る -> る→る -> る→ぽ -> ぽ→ず -> ず→ぷ -> ぷ→ず -> ず→む -> む→る -> る→ぷ -> ぷ→ず -> ず→む -> む→る -> る→ぷ -> ぷ→ず -> ず→ら -> ら→ず -> ず→ら -> ら→る -> る→べ -> べ→る -> る→ぐ -> ぐ→る -> る→び -> び→ず -> ず→れ -> れ→ず -> ず→れ -> れ→ず -> ず→め -> め→ず -> ず→つ -> つ→ず -> ず→つ -> つ→ず -> ず→つ -> つ→る -> る→ね -> ね→ず -> ず→つ -> つ→る -> る→む -> む→る -> る→む -> む→る -> る→む -> む→ず -> ず→つ -> つ→る -> る→げ -> げ→る -> る→ゆ -> ゆ→る -> る→ゆ -> ゆ→る -> る→つ -> つ→る -> る→つ -> つ→る -> る→つ -> つ→る -> る→つ -> つ→る -> る→つ -> つ→る -> る→よ -> よ→ず -> ず→も -> も→ず -> ず→が -> が→ず -> ず→よ -> よ→ず -> ず→よ -> よ→ず -> ず→そ -> そ→ず -> ず→に -> に→ず -> ず→み -> み→ず -> ず→み -> み→ず -> ず→う -> う→ず -> ず→う -> う→ず -> ず→う -> う→ず -> ず→う -> う→ず -> ず→う -> う→ず -> ず→う -> う→ず -> ず→う -> う→る -> る→よ -> よ→ず
alpha_beta vs greedy,alpha_beta,greedy,D50000_seed0_alpha_beta_vs_greedy_0,50000,0,first,ended_with_n,104,second,greedy,ず,1362,20,2,9,8,,,ず,う,う,2.1e-05,False,-15889.5,,,,,13,ず→ず -> ず→ず -> ず→る -> る→る -> る→る -> る→る -> る→る -> る→ぽ -> ぽ→ず -> ず→ぷ -> ぷ→ず -> ず→む -> む→る -> る→ぷ -> ぷ→ず -> ず→む -> む→る -> る→ぷ -> ぷ→ず -> ず→ら -> ら→ず -> ず→ら -> ら→る -> る→べ -> べ→る -> る→ぐ -> ぐ→る -> る→び -> び→ず -> ず→れ -> れ→ず -> ず→れ -> れ→ず -> ず→め -> め→ず -> ず→つ -> つ→ず -> ず→つ -> つ→ず -> ず→つ -> つ→る -> る→ね -> ね→ず -> ず→つ -> つ→る -> る→む -> む→る -> る→む -> む→る -> る→む -> む→ず -> ず→つ -> つ→る -> る→げ -> げ→る -> る→ゆ -> ゆ→る -> る→ゆ -> ゆ→る -> る→つ -> つ→る -> る→つ -> つ→る -> る→つ -> つ→る -> る→つ -> つ→る -> る→つ -> つ→る -> る→よ -> よ→ず -> ず→も -> も→ず -> ず→が -> が→ず -> ず→よ -> よ→ず -> ず→よ -> よ→ず -> ず→そ -> そ→ず -> ず→に -> に→ず -> ず→み -> み→ず -> ず→み -> み→ず -> ず→う -> う→ず -> ず→う -> う→ず -> ず→う -> う→ず -> ず→う -> う→ず -> ず→う -> う→ず -> ず→う -> う→ず -> ず→う -> う→る -> る→よ -> よ→ず -> ず→う
alpha_beta vs greedy,alpha_beta,greedy,D50000_seed0_alpha_beta_vs_greedy_0,50000,0,first,ended_with_n,105,first,alpha_beta,う,199,2,63,9,8,,,う,る,る,0.127485,False,3167.5,4,4,True,403,20,ず→ず -> ず→ず -> ず→る -> る→る -> る→る -> る→る -> る→る -> る→ぽ -> ぽ→ず -> ず→ぷ -> ぷ→ず -> ず→む -> む→る -> る→ぷ -> ぷ→ず -> ず→む -> む→る -> る→ぷ -> ぷ→ず -> ず→ら -> ら→ず -> ず→ら -> ら→る -> る→べ -> べ→る -> る→ぐ -> ぐ→る -> る→び -> び→ず -> ず→れ -> れ→ず -> ず→れ -> れ→ず -> ず→め -> め→ず -> ず→つ -> つ→ず -> ず→つ -> つ→ず -> ず→つ -> つ→る -> る→ね -> ね→ず -> ず→つ -> つ→る -> る→む -> む→る -> る→む -> む→る -> る→む -> む→ず -> ず→つ -> つ→る -> る→げ -> げ→る -> る→ゆ -> ゆ→る -> る→ゆ -> ゆ→る -> る→つ -> つ→る -> る→つ -> つ→る -> る→つ -> つ→る -> る→つ -> つ→る -> る→つ -> つ→る -> る→よ -> よ→ず -> ず→も -> も→ず -> ず→が -> が→ず -> ず→よ -> よ→ず -> ず→よ -> よ→ず -> ず→そ -> そ→ず -> ず→に -> に→ず -> ず→み -> み→ず -> ず→み -> み→ず -> ず→う -> う→ず -> ず→う -> う→ず -> ず→う -> う→ず -> ず→う -> う→ず -> ず→う -> う→ず -> ず→う -> う→ず -> ず→う -> う→る -> る→よ -> よ→ず -> ず→う -> う→る
alpha_beta vs greedy,alpha_beta,greedy,D50000_seed0_alpha_beta_vs_greedy_0,50000,0,first,ended_with_n,106,second,greedy,る,4317,63,33,2,1,,,る,な,な,2.3e-05,False,-15005.5,,,,,16,ず→ず -> ず→ず -> ず→る -> る→る -> る→る -> る→る -> る→る -> る→ぽ -> ぽ→ず -> ず→ぷ -> ぷ→ず -> ず→む -> む→る -> る→ぷ -> ぷ→ず -> ず→む -> む→る -> る→ぷ -> ぷ→ず -> ず→ら -> ら→ず -> ず→ら -> ら→る -> る→べ -> べ→る -> る→ぐ -> ぐ→る -> る→び -> び→ず -> ず→れ -> れ→ず -> ず→れ -> れ→ず -> ず→め -> め→ず -> ず→つ -> つ→ず -> ず→つ -> つ→ず -> ず→つ -> つ→る -> る→ね -> ね→ず -> ず→つ -> つ→る -> る→む -> む→る -> る→む -> む→る -> る→む -> む→ず -> ず→つ -> つ→る -> る→げ -> げ→る -> る→ゆ -> ゆ→る -> る→ゆ -> ゆ→る -> る→つ -> つ→る -> る→つ -> つ→る -> る→つ -> つ→る -> る→つ -> つ→る -> る→つ -> つ→る -> る→よ -> よ→ず -> ず→も -> も→ず -> ず→が -> が→ず -> ず→よ -> よ→ず -> ず→よ -> よ→ず -> ず→そ -> そ→ず -> ず→に -> に→ず -> ず→み -> み→ず -> ず→み -> み→ず -> ず→う -> う→ず -> ず→う -> う→ず -> ず→う -> う→ず -> ず→う -> う→ず -> ず→う -> う→ず -> ず→う -> う→ず -> ず→う -> う→る -> る→よ -> よ→ず -> ず→う -> う→る -> る→な
alpha_beta vs greedy,alpha_beta,greedy,D50000_seed0_alpha_beta_vs_greedy_0,50000,0,first,ended_with_n,107,first,alpha_beta,な,2264,33,20,4,3,,,な,ず,ず,0.093525,False,3167.5,4,4,True,389,20,ず→ず -> ず→ず -> ず→る -> る→る -> る→る -> る→る -> る→る -> る→ぽ -> ぽ→ず -> ず→ぷ -> ぷ→ず -> ず→む -> む→る -> る→ぷ -> ぷ→ず -> ず→む -> む→る -> る→ぷ -> ぷ→ず -> ず→ら -> ら→ず -> ず→ら -> ら→る -> る→べ -> べ→る -> る→ぐ -> ぐ→る -> る→び -> び→ず -> ず→れ -> れ→ず -> ず→れ -> れ→ず -> ず→め -> め→ず -> ず→つ -> つ→ず -> ず→つ -> つ→ず -> ず→つ -> つ→る -> る→ね -> ね→ず -> ず→つ -> つ→る -> る→む -> む→る -> る→む -> む→る -> る→む -> む→ず -> ず→つ -> つ→る -> る→げ -> げ→る -> る→ゆ -> ゆ→る -> る→ゆ -> ゆ→る -> る→つ -> つ→る -> る→つ -> つ→る -> る→つ -> つ→る -> る→つ -> つ→る -> る→つ -> つ→る -> る→よ -> よ→ず -> ず→も -> も→ず -> ず→が -> が→ず -> ず→よ -> よ→ず -> ず→よ -> よ→ず -> ず→そ -> そ→ず -> ず→に -> に→ず -> ず→み -> み→ず -> ず→み -> み→ず -> ず→う -> う→ず -> ず→う -> う→ず -> ず→う -> う→ず -> ず→う -> う→ず -> ず→う -> う→ず -> ず→う -> う→ず -> ず→う -> う→る -> る→よ -> よ→ず -> ず→う -> う→る -> る→な -> な→ず
alpha_beta vs greedy,alpha_beta,greedy,D50000_seed0_alpha_beta_vs_greedy_0,50000,0,first,ended_with_n,108,second,greedy,ず,1362,20,2,8,7,,,ず,う,う,1.9e-05,False,-15866.5,,,,,13,ず→ず -> ず→ず -> ず→る -> る→る -> る→る -> る→る -> る→る -> る→ぽ -> ぽ→ず -> ず→ぷ -> ぷ→ず -> ず→む -> む→る -> る→ぷ -> ぷ→ず -> ず→む -> む→る -> る→ぷ -> ぷ→ず -> ず→ら -> ら→ず -> ず→ら -> ら→る -> る→べ -> べ→る -> る→ぐ -> ぐ→る -> る→び -> び→ず -> ず→れ -> れ→ず -> ず→れ -> れ→ず -> ず→め -> め→ず -> ず→つ -> つ→ず -> ず→つ -> つ→ず -> ず→つ -> つ→る -> る→ね -> ね→ず -> ず→つ -> つ→る -> る→む -> む→る -> る→む -> む→る -> る→む -> む→ず -> ず→つ -> つ→る -> る→げ -> げ→る -> る→ゆ -> ゆ→る -> る→ゆ -> ゆ→る -> る→つ -> つ→る -> る→つ -> つ→る -> る→つ -> つ→る -> る→つ -> つ→る -> る→つ -> つ→る -> る→よ -> よ→ず -> ず→も -> も→ず -> ず→が -> が→ず -> ず→よ -> よ→ず -> ず→よ -> よ→ず -> ず→そ -> そ→ず -> ず→に -> に→ず -> ず→み -> み→ず -> ず→み -> み→ず -> ず→う -> う→ず -> ず→う -> う→ず -> ず→う -> う→ず -> ず→う -> う→ず -> ず→う -> う→ず -> ず→う -> う→ず -> ず→う -> う→る -> る→よ -> よ→ず -> ず→う -> う→る -> る→な -> な→ず -> ず→う
alpha_beta vs greedy,alpha_beta,greedy,D50000_seed0_alpha_beta_vs_greedy_0,50000,0,first,ended_with_n,109,first,alpha_beta,う,199,2,63,8,7,,,う,る,る,0.125288,False,3159.5,4,4,True,403,20,ず→ず -> ず→ず -> ず→る -> る→る -> る→る -> る→る -> る→る -> る→ぽ -> ぽ→ず -> ず→ぷ -> ぷ→ず -> ず→む -> む→る -> る→ぷ -> ぷ→ず -> ず→む -> む→る -> る→ぷ -> ぷ→ず -> ず→ら -> ら→ず -> ず→ら -> ら→る -> る→べ -> べ→る -> る→ぐ -> ぐ→る -> る→び -> び→ず -> ず→れ -> れ→ず -> ず→れ -> れ→ず -> ず→め -> め→ず -> ず→つ -> つ→ず -> ず→つ -> つ→ず -> ず→つ -> つ→る -> る→ね -> ね→ず -> ず→つ -> つ→る -> る→む -> む→る -> る→む -> む→る -> る→む -> む→ず -> ず→つ -> つ→る -> る→げ -> げ→る -> る→ゆ -> ゆ→る -> る→ゆ -> ゆ→る -> る→つ -> つ→る -> る→つ -> つ→る -> る→つ -> つ→る -> る→つ -> つ→る -> る→つ -> つ→る -> る→よ -> よ→ず -> ず→も -> も→ず -> ず→が -> が→ず -> ず→よ -> よ→ず -> ず→よ -> よ→ず -> ず→そ -> そ→ず -> ず→に -> に→ず -> ず→み -> み→ず -> ず→み -> み→ず -> ず→う -> う→ず -> ず→う -> う→ず -> ず→う -> う→ず -> ず→う -> う→ず -> ず→う -> う→ず -> ず→う -> う→ず -> ず→う -> う→る -> る→よ -> よ→ず -> ず→う -> う→る -> る→な -> な→ず -> ず→う -> う→る
alpha_beta vs greedy,alpha_beta,greedy,D50000_seed0_alpha_beta_vs_greedy_0,50000,0,first,ended_with_n,110,second,greedy,る,4317,63,33,1,0,,,る,な,な,2.3e-05,False,-14982.5,,,,,16,ず→ず -> ず→ず -> ず→る -> る→る -> る→る -> る→る -> る→る -> る→ぽ -> ぽ→ず -> ず→ぷ -> ぷ→ず -> ず→む -> む→る -> る→ぷ -> ぷ→ず -> ず→む -> む→る -> る→ぷ -> ぷ→ず -> ず→ら -> ら→ず -> ず→ら -> ら→る -> る→べ -> べ→る -> る→ぐ -> ぐ→る -> る→び -> び→ず -> ず→れ -> れ→ず -> ず→れ -> れ→ず -> ず→め -> め→ず -> ず→つ -> つ→ず -> ず→つ -> つ→ず -> ず→つ -> つ→る -> る→ね -> ね→ず -> ず→つ -> つ→る -> る→む -> む→る -> る→む -> む→る -> る→む -> む→ず -> ず→つ -> つ→る -> る→げ -> げ→る -> る→ゆ -> ゆ→る -> る→ゆ -> ゆ→る -> る→つ -> つ→る -> る→つ -> つ→る -> る→つ -> つ→る -> る→つ -> つ→る -> る→つ -> つ→る -> る→よ -> よ→ず -> ず→も -> も→ず -> ず→が -> が→ず -> ず→よ -> よ→ず -> ず→よ -> よ→ず -> ず→そ -> そ→ず -> ず→に -> に→ず -> ず→み -> み→ず -> ず→み -> み→ず -> ず→う -> う→ず -> ず→う -> う→ず -> ず→う -> う→ず -> ず→う -> う→ず -> ず→う -> う→ず -> ず→う -> う→ず -> ず→う -> う→る -> る→よ -> よ→ず -> ず→う -> う→る -> る→な -> な→ず -> ず→う -> う→る -> る→な
alpha_beta vs greedy,alpha_beta,greedy,D50000_seed0_alpha_beta_vs_greedy_0,50000,0,first,ended_with_n,111,first,alpha_beta,な,2264,33,20,3,2,,,な,ず,ず,0.088666,False,3159.5,4,4,True,367,20,ず→ず -> ず→ず -> ず→る -> る→る -> る→る -> る→る -> る→る -> る→ぽ -> ぽ→ず -> ず→ぷ -> ぷ→ず -> ず→む -> む→る -> る→ぷ -> ぷ→ず -> ず→む -> む→る -> る→ぷ -> ぷ→ず -> ず→ら -> ら→ず -> ず→ら -> ら→る -> る→べ -> べ→る -> る→ぐ -> ぐ→る -> る→び -> び→ず -> ず→れ -> れ→ず -> ず→れ -> れ→ず -> ず→め -> め→ず -> ず→つ -> つ→ず -> ず→つ -> つ→ず -> ず→つ -> つ→る -> る→ね -> ね→ず -> ず→つ -> つ→る -> る→む -> む→る -> る→む -> む→る -> る→む -> む→ず -> ず→つ -> つ→る -> る→げ -> げ→る -> る→ゆ -> ゆ→る -> る→ゆ -> ゆ→る -> る→つ -> つ→る -> る→つ -> つ→る -> る→つ -> つ→る -> る→つ -> つ→る -> る→つ -> つ→る -> る→よ -> よ→ず -> ず→も -> も→ず -> ず→が -> が→ず -> ず→よ -> よ→ず -> ず→よ -> よ→ず -> ず→そ -> そ→ず -> ず→に -> に→ず -> ず→み -> み→ず -> ず→み -> み→ず -> ず→う -> う→ず -> ず→う -> う→ず -> ず→う -> う→ず -> ず→う -> う→ず -> ず→う -> う→ず -> ず→う -> う→ず -> ず→う -> う→る -> る→よ -> よ→ず -> ず→う -> う→る -> る→な -> な→ず -> ず→う -> う→る -> る→な -> な→ず
alpha_beta vs greedy,alpha_beta,greedy,D50000_seed0_alpha_beta_vs_greedy_0,50000,0,first,ended_with_n,112,second,greedy,ず,1362,20,2,7,6,,,ず,う,う,1.9e-05,False,-15843.5,,,,,13,ず→ず -> ず→ず -> ず→る -> る→る -> る→る -> る→る -> る→る -> る→ぽ -> ぽ→ず -> ず→ぷ -> ぷ→ず -> ず→む -> む→る -> る→ぷ -> ぷ→ず -> ず→む -> む→る -> る→ぷ -> ぷ→ず -> ず→ら -> ら→ず -> ず→ら -> ら→る -> る→べ -> べ→る -> る→ぐ -> ぐ→る -> る→び -> び→ず -> ず→れ -> れ→ず -> ず→れ -> れ→ず -> ず→め -> め→ず -> ず→つ -> つ→ず -> ず→つ -> つ→ず -> ず→つ -> つ→る -> る→ね -> ね→ず -> ず→つ -> つ→る -> る→む -> む→る -> る→む -> む→る -> る→む -> む→ず -> ず→つ -> つ→る -> る→げ -> げ→る -> る→ゆ -> ゆ→る -> る→ゆ -> ゆ→る -> る→つ -> つ→る -> る→つ -> つ→る -> る→つ -> つ→る -> る→つ -> つ→る -> る→つ -> つ→る -> る→よ -> よ→ず -> ず→も -> も→ず -> ず→が -> が→ず -> ず→よ -> よ→ず -> ず→よ -> よ→ず -> ず→そ -> そ→ず -> ず→に -> に→ず -> ず→み -> み→ず -> ず→み -> み→ず -> ず→う -> う→ず -> ず→う -> う→ず -> ず→う -> う→ず -> ず→う -> う→ず -> ず→う -> う→ず -> ず→う -> う→ず -> ず→う -> う→る -> る→よ -> よ→ず -> ず→う -> う→る -> る→な -> な→ず -> ず→う -> う→る -> る→な -> な→ず -> ず→う
alpha_beta vs greedy,alpha_beta,greedy,D50000_seed0_alpha_beta_vs_greedy_0,50000,0,first,ended_with_n,113,first,alpha_beta,う,199,2,63,7,6,,,う,る,る,0.121531,False,3151.5,4,4,True,388,20,ず→ず -> ず→ず -> ず→る -> る→る -> る→る -> る→る -> る→る -> る→ぽ -> ぽ→ず -> ず→ぷ -> ぷ→ず -> ず→む -> む→る -> る→ぷ -> ぷ→ず -> ず→む -> む→る -> る→ぷ -> ぷ→ず -> ず→ら -> ら→ず -> ず→ら -> ら→る -> る→べ -> べ→る -> る→ぐ -> ぐ→る -> る→び -> び→ず -> ず→れ -> れ→ず -> ず→れ -> れ→ず -> ず→め -> め→ず -> ず→つ -> つ→ず -> ず→つ -> つ→ず -> ず→つ -> つ→る -> る→ね -> ね→ず -> ず→つ -> つ→る -> る→む -> む→る -> る→む -> む→る -> る→む -> む→ず -> ず→つ -> つ→る -> る→げ -> げ→る -> る→ゆ -> ゆ→る -> る→ゆ -> ゆ→る -> る→つ -> つ→る -> る→つ -> つ→る -> る→つ -> つ→る -> る→つ -> つ→る -> る→つ -> つ→る -> る→よ -> よ→ず -> ず→も -> も→ず -> ず→が -> が→ず -> ず→よ -> よ→ず -> ず→よ -> よ→ず -> ず→そ -> そ→ず -> ず→に -> に→ず -> ず→み -> み→ず -> ず→み -> み→ず -> ず→う -> う→ず -> ず→う -> う→ず -> ず→う -> う→ず -> ず→う -> う→ず -> ず→う -> う→ず -> ず→う -> う→ず -> ず→う -> う→る -> る→よ -> よ→ず -> ず→う -> う→る -> る→な -> な→ず -> ず→う -> う→る -> る→な -> な→ず -> ず→う -> う→る
alpha_beta vs greedy,alpha_beta,greedy,D50000_seed0_alpha_beta_vs_greedy_0,50000,0,first,ended_with_n,114,second,greedy,る,4286,63,2,14,13,,,る,う,う,2.1e-05,False,-15820.5,,,,,15,ず→ず -> ず→ず -> ず→る -> る→る -> る→る -> る→る -> る→る -> る→ぽ -> ぽ→ず -> ず→ぷ -> ぷ→ず -> ず→む -> む→る -> る→ぷ -> ぷ→ず -> ず→む -> む→る -> る→ぷ -> ぷ→ず -> ず→ら -> ら→ず -> ず→ら -> ら→る -> る→べ -> べ→る -> る→ぐ -> ぐ→る -> る→び -> び→ず -> ず→れ -> れ→ず -> ず→れ -> れ→ず -> ず→め -> め→ず -> ず→つ -> つ→ず -> ず→つ -> つ→ず -> ず→つ -> つ→る -> る→ね -> ね→ず -> ず→つ -> つ→る -> る→む -> む→る -> る→む -> む→る -> る→む -> む→ず -> ず→つ -> つ→る -> る→げ -> げ→る -> る→ゆ -> ゆ→る -> る→ゆ -> ゆ→る -> る→つ -> つ→る -> る→つ -> つ→る -> る→つ -> つ→る -> る→つ -> つ→る -> る→つ -> つ→る -> る→よ -> よ→ず -> ず→も -> も→ず -> ず→が -> が→ず -> ず→よ -> よ→ず -> ず→よ -> よ→ず -> ず→そ -> そ→ず -> ず→に -> に→ず -> ず→み -> み→ず -> ず→み -> み→ず -> ず→う -> う→ず -> ず→う -> う→ず -> ず→う -> う→ず -> ず→う -> う→ず -> ず→う -> う→ず -> ず→う -> う→ず -> ず→う -> う→る -> る→よ -> よ→ず -> ず→う -> う→る -> る→な -> な→ず -> ず→う -> う→る -> る→な -> な→ず -> ず→う -> う→る -> る→う
alpha_beta vs greedy,alpha_beta,greedy,D50000_seed0_alpha_beta_vs_greedy_0,50000,0,first,ended_with_n,115,first,alpha_beta,う,199,2,63,6,5,,,う,る,る,0.102207,False,3163.0,4,4,True,335,20,ず→ず -> ず→ず -> ず→る -> る→る -> る→る -> る→る -> る→る -> る→ぽ -> ぽ→ず -> ず→ぷ -> ぷ→ず -> ず→む -> む→る -> る→ぷ -> ぷ→ず -> ず→む -> む→る -> る→ぷ -> ぷ→ず -> ず→ら -> ら→ず -> ず→ら -> ら→る -> る→べ -> べ→る -> る→ぐ -> ぐ→る -> る→び -> び→ず -> ず→れ -> れ→ず -> ず→れ -> れ→ず -> ず→め -> め→ず -> ず→つ -> つ→ず -> ず→つ -> つ→ず -> ず→つ -> つ→る -> る→ね -> ね→ず -> ず→つ -> つ→る -> る→む -> む→る -> る→む -> む→る -> る→む -> む→ず -> ず→つ -> つ→る -> る→げ -> げ→る -> る→ゆ -> ゆ→る -> る→ゆ -> ゆ→る -> る→つ -> つ→る -> る→つ -> つ→る -> る→つ -> つ→る -> る→つ -> つ→る -> る→つ -> つ→る -> る→よ -> よ→ず -> ず→も -> も→ず -> ず→が -> が→ず -> ず→よ -> よ→ず -> ず→よ -> よ→ず -> ず→そ -> そ→ず -> ず→に -> に→ず -> ず→み -> み→ず -> ず→み -> み→ず -> ず→う -> う→ず -> ず→う -> う→ず -> ず→う -> う→ず -> ず→う -> う→ず -> ず→う -> う→ず -> ず→う -> う→ず -> ず→う -> う→る -> る→よ -> よ→ず -> ず→う -> う→る -> る→な -> な→ず -> ず→う -> う→る -> る→な -> な→ず -> ず→う -> う→る -> る→う -> う→る
alpha_beta vs greedy,alpha_beta,greedy,D50000_seed0_alpha_beta_vs_greedy_0,50000,0,first,ended_with_n,116,second,greedy,る,4286,63,2,13,12,,,る,う,う,2.1e-05,False,-15797.5,,,,,15,ず→ず -> ず→ず -> ず→る -> る→る -> る→る -> る→る -> る→る -> る→ぽ -> ぽ→ず -> ず→ぷ -> ぷ→ず -> ず→む -> む→る -> る→ぷ -> ぷ→ず -> ず→む -> む→る -> る→ぷ -> ぷ→ず -> ず→ら -> ら→ず -> ず→ら -> ら→る -> る→べ -> べ→る -> る→ぐ -> ぐ→る -> る→び -> び→ず -> ず→れ -> れ→ず -> ず→れ -> れ→ず -> ず→め -> め→ず -> ず→つ -> つ→ず -> ず→つ -> つ→ず -> ず→つ -> つ→る -> る→ね -> ね→ず -> ず→つ -> つ→る -> る→む -> む→る -> る→む -> む→る -> る→む -> む→ず -> ず→つ -> つ→る -> る→げ -> げ→る -> る→ゆ -> ゆ→る -> る→ゆ -> ゆ→る -> る→つ -> つ→る -> る→つ -> つ→る -> る→つ -> つ→る -> る→つ -> つ→る -> る→つ -> つ→る -> る→よ -> よ→ず -> ず→も -> も→ず -> ず→が -> が→ず -> ず→よ -> よ→ず -> ず→よ -> よ→ず -> ず→そ -> そ→ず -> ず→に -> に→ず -> ず→み -> み→ず -> ず→み -> み→ず -> ず→う -> う→ず -> ず→う -> う→ず -> ず→う -> う→ず -> ず→う -> う→ず -> ず→う -> う→ず -> ず→う -> う→ず -> ず→う -> う→る -> る→よ -> よ→ず -> ず→う -> う→る -> る→な -> な→ず -> ず→う -> う→る -> る→な -> な→ず -> ず→う -> う→る -> る→う -> う→る -> る→う
alpha_beta vs greedy,alpha_beta,greedy,D50000_seed0_alpha_beta_vs_greedy_0,50000,0,first,ended_with_n,117,first,alpha_beta,う,199,2,63,5,4,,,う,る,る,0.100994,False,3178.0,4,4,True,327,20,ず→ず -> ず→ず -> ず→る -> る→る -> る→る -> る→る -> る→る -> る→ぽ -> ぽ→ず -> ず→ぷ -> ぷ→ず -> ず→む -> む→る -> る→ぷ -> ぷ→ず -> ず→む -> む→る -> る→ぷ -> ぷ→ず -> ず→ら -> ら→ず -> ず→ら -> ら→る -> る→べ -> べ→る -> る→ぐ -> ぐ→る -> る→び -> び→ず -> ず→れ -> れ→ず -> ず→れ -> れ→ず -> ず→め -> め→ず -> ず→つ -> つ→ず -> ず→つ -> つ→ず -> ず→つ -> つ→る -> る→ね -> ね→ず -> ず→つ -> つ→る -> る→む -> む→る -> る→む -> む→る -> る→む -> む→ず -> ず→つ -> つ→る -> る→げ -> げ→る -> る→ゆ -> ゆ→る -> る→ゆ -> ゆ→る -> る→つ -> つ→る -> る→つ -> つ→る -> る→つ -> つ→る -> る→つ -> つ→る -> る→つ -> つ→る -> る→よ -> よ→ず -> ず→も -> も→ず -> ず→が -> が→ず -> ず→よ -> よ→ず -> ず→よ -> よ→ず -> ず→そ -> そ→ず -> ず→に -> に→ず -> ず→み -> み→ず -> ず→み -> み→ず -> ず→う -> う→ず -> ず→う -> う→ず -> ず→う -> う→ず -> ず→う -> う→ず -> ず→う -> う→ず -> ず→う -> う→ず -> ず→う -> う→る -> る→よ -> よ→ず -> ず→う -> う→る -> る→な -> な→ず -> ず→う -> う→る -> る→な -> な→ず -> ず→う -> う→る -> る→う -> う→る -> る→う -> う→る
alpha_beta vs greedy,alpha_beta,greedy,D50000_seed0_alpha_beta_vs_greedy_0,50000,0,first,ended_with_n,118,second,greedy,る,4286,63,2,12,11,,,る,う,う,2.1e-05,False,-15774.5,,,,,15,ず→ず -> ず→ず -> ず→る -> る→る -> る→る -> る→る -> る→る -> る→ぽ -> ぽ→ず -> ず→ぷ -> ぷ→ず -> ず→む -> む→る -> る→ぷ -> ぷ→ず -> ず→む -> む→る -> る→ぷ -> ぷ→ず -> ず→ら -> ら→ず -> ず→ら -> ら→る -> る→べ -> べ→る -> る→ぐ -> ぐ→る -> る→び -> び→ず -> ず→れ -> れ→ず -> ず→れ -> れ→ず -> ず→め -> め→ず -> ず→つ -> つ→ず -> ず→つ -> つ→ず -> ず→つ -> つ→る -> る→ね -> ね→ず -> ず→つ -> つ→る -> る→む -> む→る -> る→む -> む→る -> る→む -> む→ず -> ず→つ -> つ→る -> る→げ -> げ→る -> る→ゆ -> ゆ→る -> る→ゆ -> ゆ→る -> る→つ -> つ→る -> る→つ -> つ→る -> る→つ -> つ→る -> る→つ -> つ→る -> る→つ -> つ→る -> る→よ -> よ→ず -> ず→も -> も→ず -> ず→が -> が→ず -> ず→よ -> よ→ず -> ず→よ -> よ→ず -> ず→そ -> そ→ず -> ず→に -> に→ず -> ず→み -> み→ず -> ず→み -> み→ず -> ず→う -> う→ず -> ず→う -> う→ず -> ず→う -> う→ず -> ず→う -> う→ず -> ず→う -> う→ず -> ず→う -> う→ず -> ず→う -> う→る -> る→よ -> よ→ず -> ず→う -> う→る -> る→な -> な→ず -> ず→う -> う→る -> る→な -> な→ず -> ず→う -> う→る -> る→う -> う→る -> る→う -> う→る -> る→う
alpha_beta vs greedy,alpha_beta,greedy,D50000_seed0_alpha_beta_vs_greedy_0,50000,0,first,ended_with_n,119,first,alpha_beta,う,199,2,63,4,3,,,う,る,る,0.06891,False,3193.0,4,4,True,303,20,ず→ず -> ず→ず -> ず→る -> る→る -> る→る -> る→る -> る→る -> る→ぽ -> ぽ→ず -> ず→ぷ -> ぷ→ず -> ず→む -> む→る -> る→ぷ -> ぷ→ず -> ず→む -> む→る -> る→ぷ -> ぷ→ず -> ず→ら -> ら→ず -> ず→ら -> ら→る -> る→べ -> べ→る -> る→ぐ -> ぐ→る -> る→び -> び→ず -> ず→れ -> れ→ず -> ず→れ -> れ→ず -> ず→め -> め→ず -> ず→つ -> つ→ず -> ず→つ -> つ→ず -> ず→つ -> つ→る -> る→ね -> ね→ず -> ず→つ -> つ→る -> る→む -> む→る -> る→む -> む→る -> る→む -> む→ず -> ず→つ -> つ→る -> る→げ -> げ→る -> る→ゆ -> ゆ→る -> る→ゆ -> ゆ→る -> る→つ -> つ→る -> る→つ -> つ→る -> る→つ -> つ→る -> る→つ -> つ→る -> る→つ -> つ→る -> る→よ -> よ→ず -> ず→も -> も→ず -> ず→が -> が→ず -> ず→よ -> よ→ず -> ず→よ -> よ→ず -> ず→そ -> そ→ず -> ず→に -> に→ず -> ず→み -> み→ず -> ず→み -> み→ず -> ず→う -> う→ず -> ず→う -> う→ず -> ず→う -> う→ず -> ず→う -> う→ず -> ず→う -> う→ず -> ず→う -> う→ず -> ず→う -> う→る -> る→よ -> よ→ず -> ず→う -> う→る -> る→な -> な→ず -> ず→う -> う→る -> る→な -> な→ず -> ず→う -> う→る -> る→う -> う→る -> る→う -> う→る -> る→う -> う→る
alpha_beta vs greedy,alpha_beta,greedy,D50000_seed0_alpha_beta_vs_greedy_0,50000,0,first,ended_with_n,120,second,greedy,る,4286,63,2,11,10,,,る,う,う,2.1e-05,False,-15751.5,,,,,15,ず→ず -> ず→ず -> ず→る -> る→る -> る→る -> る→る -> る→る -> る→ぽ -> ぽ→ず -> ず→ぷ -> ぷ→ず -> ず→む -> む→る -> る→ぷ -> ぷ→ず -> ず→む -> む→る -> る→ぷ -> ぷ→ず -> ず→ら -> ら→ず -> ず→ら -> ら→る -> る→べ -> べ→る -> る→ぐ -> ぐ→る -> る→び -> び→ず -> ず→れ -> れ→ず -> ず→れ -> れ→ず -> ず→め -> め→ず -> ず→つ -> つ→ず -> ず→つ -> つ→ず -> ず→つ -> つ→る -> る→ね -> ね→ず -> ず→つ -> つ→る -> る→む -> む→る -> る→む -> む→る -> る→む -> む→ず -> ず→つ -> つ→る -> る→げ -> げ→る -> る→ゆ -> ゆ→る -> る→ゆ -> ゆ→る -> る→つ -> つ→る -> る→つ -> つ→る -> る→つ -> つ→る -> る→つ -> つ→る -> る→つ -> つ→る -> る→よ -> よ→ず -> ず→も -> も→ず -> ず→が -> が→ず -> ず→よ -> よ→ず -> ず→よ -> よ→ず -> ず→そ -> そ→ず -> ず→に -> に→ず -> ず→み -> み→ず -> ず→み -> み→ず -> ず→う -> う→ず -> ず→う -> う→ず -> ず→う -> う→ず -> ず→う -> う→ず -> ず→う -> う→ず -> ず→う -> う→ず -> ず→う -> う→る -> る→よ -> よ→ず -> ず→う -> う→る -> る→な -> な→ず -> ず→う -> う→る -> る→な -> な→ず -> ず→う -> う→る -> る→う -> う→る -> る→う -> う→る -> る→う -> う→る -> る→う
alpha_beta vs greedy,alpha_beta,greedy,D50000_seed0_alpha_beta_vs_greedy_0,50000,0,first,ended_with_n,121,first,alpha_beta,う,199,2,63,3,2,,,う,る,る,0.068635,False,3208.0,4,4,True,303,20,ず→ず -> ず→ず -> ず→る -> る→る -> る→る -> る→る -> る→る -> る→ぽ -> ぽ→ず -> ず→ぷ -> ぷ→ず -> ず→む -> む→る -> る→ぷ -> ぷ→ず -> ず→む -> む→る -> る→ぷ -> ぷ→ず -> ず→ら -> ら→ず -> ず→ら -> ら→る -> る→べ -> べ→る -> る→ぐ -> ぐ→る -> る→び -> び→ず -> ず→れ -> れ→ず -> ず→れ -> れ→ず -> ず→め -> め→ず -> ず→つ -> つ→ず -> ず→つ -> つ→ず -> ず→つ -> つ→る -> る→ね -> ね→ず -> ず→つ -> つ→る -> る→む -> む→る -> る→む -> む→る -> る→む -> む→ず -> ず→つ -> つ→る -> る→げ -> げ→る -> る→ゆ -> ゆ→る -> る→ゆ -> ゆ→る -> る→つ -> つ→る -> る→つ -> つ→る -> る→つ -> つ→る -> る→つ -> つ→る -> る→つ -> つ→る -> る→よ -> よ→ず -> ず→も -> も→ず -> ず→が -> が→ず -> ず→よ -> よ→ず -> ず→よ -> よ→ず -> ず→そ -> そ→ず -> ず→に -> に→ず -> ず→み -> み→ず -> ず→み -> み→ず -> ず→う -> う→ず -> ず→う -> う→ず -> ず→う -> う→ず -> ず→う -> う→ず -> ず→う -> う→ず -> ず→う -> う→ず -> ず→う -> う→る -> る→よ -> よ→ず -> ず→う -> う→る -> る→な -> な→ず -> ず→う -> う→る -> る→な -> な→ず -> ず→う -> う→る -> る→う -> う→る -> る→う -> う→る -> る→う -> う→る -> る→う -> う→る
alpha_beta vs greedy,alpha_beta,greedy,D50000_seed0_alpha_beta_vs_greedy_0,50000,0,first,ended_with_n,122,second,greedy,る,4286,63,2,10,9,,,る,う,う,2.1e-05,False,-15728.5,,,,,15,ず→ず -> ず→ず -> ず→る -> る→る -> る→る -> る→る -> る→る -> る→ぽ -> ぽ→ず -> ず→ぷ -> ぷ→ず -> ず→む -> む→る -> る→ぷ -> ぷ→ず -> ず→む -> む→る -> る→ぷ -> ぷ→ず -> ず→ら -> ら→ず -> ず→ら -> ら→る -> る→べ -> べ→る -> る→ぐ -> ぐ→る -> る→び -> び→ず -> ず→れ -> れ→ず -> ず→れ -> れ→ず -> ず→め -> め→ず -> ず→つ -> つ→ず -> ず→つ -> つ→ず -> ず→つ -> つ→る -> る→ね -> ね→ず -> ず→つ -> つ→る -> る→む -> む→る -> る→む -> む→る -> る→む -> む→ず -> ず→つ -> つ→る -> る→げ -> げ→る -> る→ゆ -> ゆ→る -> る→ゆ -> ゆ→る -> る→つ -> つ→る -> る→つ -> つ→る -> る→つ -> つ→る -> る→つ -> つ→る -> る→つ -> つ→る -> る→よ -> よ→ず -> ず→も -> も→ず -> ず→が -> が→ず -> ず→よ -> よ→ず -> ず→よ -> よ→ず -> ず→そ -> そ→ず -> ず→に -> に→ず -> ず→み -> み→ず -> ず→み -> み→ず -> ず→う -> う→ず -> ず→う -> う→ず -> ず→う -> う→ず -> ず→う -> う→ず -> ず→う -> う→ず -> ず→う -> う→ず -> ず→う -> う→る -> る→よ -> よ→ず -> ず→う -> う→る -> る→な -> な→ず -> ず→う -> う→る -> る→な -> な→ず -> ず→う -> う→る -> る→う -> う→る -> る→う -> う→る -> る→う -> う→る -> る→う -> う→る -> る→う
alpha_beta vs greedy,alpha_beta,greedy,D50000_seed0_alpha_beta_vs_greedy_0,50000,0,first,ended_with_n,123,first,alpha_beta,う,199,2,63,2,1,,,う,る,る,0.112782,False,3111.5,4,4,True,398,20,ず→ず -> ず→ず -> ず→る -> る→る -> る→る -> る→る -> る→る -> る→ぽ -> ぽ→ず -> ず→ぷ -> ぷ→ず -> ず→む -> む→る -> る→ぷ -> ぷ→ず -> ず→む -> む→る -> る→ぷ -> ぷ→ず -> ず→ら -> ら→ず -> ず→ら -> ら→る -> る→べ -> べ→る -> る→ぐ -> ぐ→る -> る→び -> び→ず -> ず→れ -> れ→ず -> ず→れ -> れ→ず -> ず→め -> め→ず -> ず→つ -> つ→ず -> ず→つ -> つ→ず -> ず→つ -> つ→る -> る→ね -> ね→ず -> ず→つ -> つ→る -> る→む -> む→る -> る→む -> む→る -> る→む -> む→ず -> ず→つ -> つ→る -> る→げ -> げ→る -> る→ゆ -> ゆ→る -> る→ゆ -> ゆ→る -> る→つ -> つ→る -> る→つ -> つ→る -> る→つ -> つ→る -> る→つ -> つ→る -> る→つ -> つ→る -> る→よ -> よ→ず -> ず→も -> も→ず -> ず→が -> が→ず -> ず→よ -> よ→ず -> ず→よ -> よ→ず -> ず→そ -> そ→ず -> ず→に -> に→ず -> ず→み -> み→ず -> ず→み -> み→ず -> ず→う -> う→ず -> ず→う -> う→ず -> ず→う -> う→ず -> ず→う -> う→ず -> ず→う -> う→ず -> ず→う -> う→ず -> ず→う -> う→る -> る→よ -> よ→ず -> ず→う -> う→る -> る→な -> な→ず -> ず→う -> う→る -> る→な -> な→ず -> ず→う -> う→る -> る→う -> う→る -> る→う -> う→る -> る→う -> う→る -> る→う -> う→る -> る→う -> う→る
alpha_beta vs greedy,alpha_beta,greedy,D50000_seed0_alpha_beta_vs_greedy_0,50000,0,first,ended_with_n,124,second,greedy,る,4286,63,2,9,8,,,る,う,う,2.1e-05,False,-15705.5,,,,,15,ず→ず -> ず→ず -> ず→る -> る→る -> る→る -> る→る -> る→る -> る→ぽ -> ぽ→ず -> ず→ぷ -> ぷ→ず -> ず→む -> む→る -> る→ぷ -> ぷ→ず -> ず→む -> む→る -> る→ぷ -> ぷ→ず -> ず→ら -> ら→ず -> ず→ら -> ら→る -> る→べ -> べ→る -> る→ぐ -> ぐ→る -> る→び -> び→ず -> ず→れ -> れ→ず -> ず→れ -> れ→ず -> ず→め -> め→ず -> ず→つ -> つ→ず -> ず→つ -> つ→ず -> ず→つ -> つ→る -> る→ね -> ね→ず -> ず→つ -> つ→る -> る→む -> む→る -> る→む -> む→る -> る→む -> む→ず -> ず→つ -> つ→る -> る→げ -> げ→る -> る→ゆ -> ゆ→る -> る→ゆ -> ゆ→る -> る→つ -> つ→る -> る→つ -> つ→る -> る→つ -> つ→る -> る→つ -> つ→る -> る→つ -> つ→る -> る→よ -> よ→ず -> ず→も -> も→ず -> ず→が -> が→ず -> ず→よ -> よ→ず -> ず→よ -> よ→ず -> ず→そ -> そ→ず -> ず→に -> に→ず -> ず→み -> み→ず -> ず→み -> み→ず -> ず→う -> う→ず -> ず→う -> う→ず -> ず→う -> う→ず -> ず→う -> う→ず -> ず→う -> う→ず -> ず→う -> う→ず -> ず→う -> う→る -> る→よ -> よ→ず -> ず→う -> う→る -> る→な -> な→ず -> ず→う -> う→る -> る→な -> な→ず -> ず→う -> う→る -> る→う -> う→る -> る→う -> う→る -> る→う -> う→る -> る→う -> う→る -> る→う -> う→る -> る→う
alpha_beta vs greedy,alpha_beta,greedy,D50000_seed0_alpha_beta_vs_greedy_0,50000,0,first,ended_with_n,125,first,alpha_beta,う,199,2,63,1,0,,,う,る,る,0.122555,False,-2916.0,4,4,True,397,20,ず→ず -> ず→ず -> ず→る -> る→る -> る→る -> る→る -> る→る -> る→ぽ -> ぽ→ず -> ず→ぷ -> ぷ→ず -> ず→む -> む→る -> る→ぷ -> ぷ→ず -> ず→む -> む→る -> る→ぷ -> ぷ→ず -> ず→ら -> ら→ず -> ず→ら -> ら→る -> る→べ -> べ→る -> る→ぐ -> ぐ→る -> る→び -> び→ず -> ず→れ -> れ→ず -> ず→れ -> れ→ず -> ず→め -> め→ず -> ず→つ -> つ→ず -> ず→つ -> つ→ず -> ず→つ -> つ→る -> る→ね -> ね→ず -> ず→つ -> つ→る -> る→む -> む→る -> る→む -> む→る -> る→む -> む→ず -> ず→つ -> つ→る -> る→げ -> げ→る -> る→ゆ -> ゆ→る -> る→ゆ -> ゆ→る -> る→つ -> つ→る -> る→つ -> つ→る -> る→つ -> つ→る -> る→つ -> つ→る -> る→つ -> つ→る -> る→よ -> よ→ず -> ず→も -> も→ず -> ず→が -> が→ず -> ず→よ -> よ→ず -> ず→よ -> よ→ず -> ず→そ -> そ→ず -> ず→に -> に→ず -> ず→み -> み→ず -> ず→み -> み→ず -> ず→う -> う→ず -> ず→う -> う→ず -> ず→う -> う→ず -> ず→う -> う→ず -> ず→う -> う→ず -> ず→う -> う→ず -> ず→う -> う→る -> る→よ -> よ→ず -> ず→う -> う→る -> る→な -> な→ず -> ず→う -> う→る -> る→な -> な→ず -> ず→う -> う→る -> る→う -> う→る -> る→う -> う→る -> る→う -> う→る -> る→う -> う→る -> る→う -> う→る -> る→う -> う→る
alpha_beta vs greedy,alpha_beta,greedy,D50000_seed0_alpha_beta_vs_greedy_0,50000,0,first,ended_with_n,126,second,greedy,る,4286,63,2,8,7,,,る,う,う,2.1e-05,False,-15682.5,,,,,15,ず→ず -> ず→ず -> ず→る -> る→る -> る→る -> る→る -> る→る -> る→ぽ -> ぽ→ず -> ず→ぷ -> ぷ→ず -> ず→む -> む→る -> る→ぷ -> ぷ→ず -> ず→む -> む→る -> る→ぷ -> ぷ→ず -> ず→ら -> ら→ず -> ず→ら -> ら→る -> る→べ -> べ→る -> る→ぐ -> ぐ→る -> る→び -> び→ず -> ず→れ -> れ→ず -> ず→れ -> れ→ず -> ず→め -> め→ず -> ず→つ -> つ→ず -> ず→つ -> つ→ず -> ず→つ -> つ→る -> る→ね -> ね→ず -> ず→つ -> つ→る -> る→む -> む→る -> る→む -> む→る -> る→む -> む→ず -> ず→つ -> つ→る -> る→げ -> げ→る -> る→ゆ -> ゆ→る -> る→ゆ -> ゆ→る -> る→つ -> つ→る -> る→つ -> つ→る -> る→つ -> つ→る -> る→つ -> つ→る -> る→つ -> つ→る -> る→よ -> よ→ず -> ず→も -> も→ず -> ず→が -> が→ず -> ず→よ -> よ→ず -> ず→よ -> よ→ず -> ず→そ -> そ→ず -> ず→に -> に→ず -> ず→み -> み→ず -> ず→み -> み→ず -> ず→う -> う→ず -> ず→う -> う→ず -> ず→う -> う→ず -> ず→う -> う→ず -> ず→う -> う→ず -> ず→う -> う→ず -> ず→う -> う→る -> る→よ -> よ→ず -> ず→う -> う→る -> る→な -> な→ず -> ず→う -> う→る -> る→な -> な→ず -> ず→う -> う→る -> る→う -> う→る -> る→う -> う→る -> る→う -> う→る -> る→う -> う→る -> る→う -> う→る -> る→う -> う→る -> る→う
alpha_beta vs greedy,alpha_beta,greedy,D50000_seed0_alpha_beta_vs_greedy_0,50000,0,first,ended_with_n,127,first,alpha_beta,う,178,2,42,6,5,,,う,び,び,0.200005,True,-2416.0,4,3,True,400,10,ず→ず -> ず→ず -> ず→る -> る→る -> る→る -> る→る -> る→る -> る→ぽ -> ぽ→ず -> ず→ぷ -> ぷ→ず -> ず→む -> む→る -> る→ぷ -> ぷ→ず -> ず→む -> む→る -> る→ぷ -> ぷ→ず -> ず→ら -> ら→ず -> ず→ら -> ら→る -> る→べ -> べ→る -> る→ぐ -> ぐ→る -> る→び -> び→ず -> ず→れ -> れ→ず -> ず→れ -> れ→ず -> ず→め -> め→ず -> ず→つ -> つ→ず -> ず→つ -> つ→ず -> ず→つ -> つ→る -> る→ね -> ね→ず -> ず→つ -> つ→る -> る→む -> む→る -> る→む -> む→る -> る→む -> む→ず -> ず→つ -> つ→る -> る→げ -> げ→る -> る→ゆ -> ゆ→る -> る→ゆ -> ゆ→る -> る→つ -> つ→る -> る→つ -> つ→る -> る→つ -> つ→る -> る→つ -> つ→る -> る→つ -> つ→る -> る→よ -> よ→ず -> ず→も -> も→ず -> ず→が -> が→ず -> ず→よ -> よ→ず -> ず→よ -> よ→ず -> ず→そ -> そ→ず -> ず→に -> に→ず -> ず→み -> み→ず -> ず→み -> み→ず -> ず→う -> う→ず -> ず→う -> う→ず -> ず→う -> う→ず -> ず→う -> う→ず -> ず→う -> う→ず -> ず→う -> う→ず -> ず→う -> う→る -> る→よ -> よ→ず -> ず→う -> う→る -> る→な -> な→ず -> ず→う -> う→る -> る→な -> な→ず -> ず→う -> う→る -> る→う -> う→る -> る→う -> う→る -> る→う -> う→る -> る→う -> う→る -> る→う -> う→る -> る→う -> う→る -> る→う -> う→び
alpha_beta vs greedy,alpha_beta,greedy,D50000_seed0_alpha_beta_vs_greedy_0,50000,0,first,ended_with_n,128,second,greedy,び,2876,42,20,1,0,,,び,ず,ず,7.1e-05,False,-798.0,,,,,50,ず→ず -> ず→ず -> ず→る -> る→る -> る→る -> る→る -> る→る -> る→ぽ -> ぽ→ず -> ず→ぷ -> ぷ→ず -> ず→む -> む→る -> る→ぷ -> ぷ→ず -> ず→む -> む→る -> る→ぷ -> ぷ→ず -> ず→ら -> ら→ず -> ず→ら -> ら→る -> る→べ -> べ→る -> る→ぐ -> ぐ→る -> る→び -> び→ず -> ず→れ -> れ→ず -> ず→れ -> れ→ず -> ず→め -> め→ず -> ず→つ -> つ→ず -> ず→つ -> つ→ず -> ず→つ -> つ→る -> る→ね -> ね→ず -> ず→つ -> つ→る -> る→む -> む→る -> る→む -> む→る -> る→む -> む→ず -> ず→つ -> つ→る -> る→げ -> げ→る -> る→ゆ -> ゆ→る -> る→ゆ -> ゆ→る -> る→つ -> つ→る -> る→つ -> つ→る -> る→つ -> つ→る -> る→つ -> つ→る -> る→つ -> つ→る -> る→よ -> よ→ず -> ず→も -> も→ず -> ず→が -> が→ず -> ず→よ -> よ→ず -> ず→よ -> よ→ず -> ず→そ -> そ→ず -> ず→に -> に→ず -> ず→み -> み→ず -> ず→み -> み→ず -> ず→う -> う→ず -> ず→う -> う→ず -> ず→う -> う→ず -> ず→う -> う→ず -> ず→う -> う→ず -> ず→う -> う→ず -> ず→う -> う→る -> る→よ -> よ→ず -> ず→う -> う→る -> る→な -> な→ず -> ず→う -> う→る -> る→な -> な→ず -> ず→う -> う→る -> る→う -> う→る -> る→う -> う→る -> る→う -> う→る -> る→う -> う→る -> る→う -> う→る -> る→う -> う→る -> る→う -> う→び -> び→ず
alpha_beta vs greedy,alpha_beta,greedy,D50000_seed0_alpha_beta_vs_greedy_0,50000,0,first,ended_with_n,129,first,alpha_beta,ず,1362,20,2,6,5,,,ず,う,う,0.022643,False,2916.0,3,3,True,29,13,ず→ず -> ず→ず -> ず→る -> る→る -> る→る -> る→る -> る→る -> る→ぽ -> ぽ→ず -> ず→ぷ -> ぷ→ず -> ず→む -> む→る -> る→ぷ -> ぷ→ず -> ず→む -> む→る -> る→ぷ -> ぷ→ず -> ず→ら -> ら→ず -> ず→ら -> ら→る -> る→べ -> べ→る -> る→ぐ -> ぐ→る -> る→び -> び→ず -> ず→れ -> れ→ず -> ず→れ -> れ→ず -> ず→め -> め→ず -> ず→つ -> つ→ず -> ず→つ -> つ→ず -> ず→つ -> つ→る -> る→ね -> ね→ず -> ず→つ -> つ→る -> る→む -> む→る -> る→む -> む→る -> る→む -> む→ず -> ず→つ -> つ→る -> る→げ -> げ→る -> る→ゆ -> ゆ→る -> る→ゆ -> ゆ→る -> る→つ -> つ→る -> る→つ -> つ→る -> る→つ -> つ→る -> る→つ -> つ→る -> る→つ -> つ→る -> る→よ -> よ→ず -> ず→も -> も→ず -> ず→が -> が→ず -> ず→よ -> よ→ず -> ず→よ -> よ→ず -> ず→そ -> そ→ず -> ず→に -> に→ず -> ず→み -> み→ず -> ず→み -> み→ず -> ず→う -> う→ず -> ず→う -> う→ず -> ず→う -> う→ず -> ず→う -> う→ず -> ず→う -> う→ず -> ず→う -> う→ず -> ず→う -> う→る -> る→よ -> よ→ず -> ず→う -> う→る -> る→な -> な→ず -> ず→う -> う→る -> る→な -> な→ず -> ず→う -> う→る -> る→う -> う→る -> る→う -> う→る -> る→う -> う→る -> る→う -> う→る -> る→う -> う→る -> る→う -> う→る -> る→う -> う→び -> び→ず -> ず→う
alpha_beta vs greedy,alpha_beta,greedy,D50000_seed0_alpha_beta_vs_greedy_0,50000,0,first,ended_with_n,130,second,greedy,う,171,2,35,1,0,,,う,ぬ,ぬ,8.1e-05,False,-1854.5,,,,,60,ず→ず -> ず→ず -> ず→る -> る→る -> る→る -> る→る -> る→る -> る→ぽ -> ぽ→ず -> ず→ぷ -> ぷ→ず -> ず→む -> む→る -> る→ぷ -> ぷ→ず -> ず→む -> む→る -> る→ぷ -> ぷ→ず -> ず→ら -> ら→ず -> ず→ら -> ら→る -> る→べ -> べ→る -> る→ぐ -> ぐ→る -> る→び -> び→ず -> ず→れ -> れ→ず -> ず→れ -> れ→ず -> ず→め -> め→ず -> ず→つ -> つ→ず -> ず→つ -> つ→ず -> ず→つ -> つ→る -> る→ね -> ね→ず -> ず→つ -> つ→る -> る→む -> む→る -> る→む -> む→る -> る→む -> む→ず -> ず→つ -> つ→る -> る→げ -> げ→る -> る→ゆ -> ゆ→る -> る→ゆ -> ゆ→る -> る→つ -> つ→る -> る→つ -> つ→る -> る→つ -> つ→る -> る→つ -> つ→る -> る→つ -> つ→る -> る→よ -> よ→ず -> ず→も -> も→ず -> ず→が -> が→ず -> ず→よ -> よ→ず -> ず→よ -> よ→ず -> ず→そ -> そ→ず -> ず→に -> に→ず -> ず→み -> み→ず -> ず→み -> み→ず -> ず→う -> う→ず -> ず→う -> う→ず -> ず→う -> う→ず -> ず→う -> う→ず -> ず→う -> う→ず -> ず→う -> う→ず -> ず→う -> う→る -> る→よ -> よ→ず -> ず→う -> う→る -> る→な -> な→ず -> ず→う -> う→る -> る→な -> な→ず -> ず→う -> う→る -> る→う -> う→る -> る→う -> う→る -> る→う -> う→る -> る→う -> う→る -> る→う -> う→る -> る→う -> う→る -> る→う -> う→び -> び→ず -> ず→う -> う→ぬ
alpha_beta vs greedy,alpha_beta,greedy,D50000_seed0_alpha_beta_vs_greedy_0,50000,0,first,ended_with_n,131,first,alpha_beta,ぬ,2408,35,28,1,0,,,ぬ,つ,つ,0.036848,False,2924.0,3,3,True,48,20,ず→ず -> ず→ず -> ず→る -> る→る -> る→る -> る→る -> る→る -> る→ぽ -> ぽ→ず -> ず→ぷ -> ぷ→ず -> ず→む -> む→る -> る→ぷ -> ぷ→ず -> ず→む -> む→る -> る→ぷ -> ぷ→ず -> ず→ら -> ら→ず -> ず→ら -> ら→る -> る→べ -> べ→る -> る→ぐ -> ぐ→る -> る→び -> び→ず -> ず→れ -> れ→ず -> ず→れ -> れ→ず -> ず→め -> め→ず -> ず→つ -> つ→ず -> ず→つ -> つ→ず -> ず→つ -> つ→る -> る→ね -> ね→ず -> ず→つ -> つ→る -> る→む -> む→る -> る→む -> む→る -> る→む -> む→ず -> ず→つ -> つ→る -> る→げ -> げ→る -> る→ゆ -> ゆ→る -> る→ゆ -> ゆ→る -> る→つ -> つ→る -> る→つ -> つ→る -> る→つ -> つ→る -> る→つ -> つ→る -> る→つ -> つ→る -> る→よ -> よ→ず -> ず→も -> も→ず -> ず→が -> が→ず -> ず→よ -> よ→ず -> ず→よ -> よ→ず -> ず→そ -> そ→ず -> ず→に -> に→ず -> ず→み -> み→ず -> ず→み -> み→ず -> ず→う -> う→ず -> ず→う -> う→ず -> ず→う -> う→ず -> ず→う -> う→ず -> ず→う -> う→ず -> ず→う -> う→ず -> ず→う -> う→る -> る→よ -> よ→ず -> ず→う -> う→る -> る→な -> な→ず -> ず→う -> う→る -> る→な -> な→ず -> ず→う -> う→る -> る→う -> う→る -> る→う -> う→る -> る→う -> う→る -> る→う -> う→る -> る→う -> う→る -> る→う -> う→る -> る→う -> う→び -> び→ず -> ず→う -> う→ぬ -> ぬ→つ
alpha_beta vs greedy,alpha_beta,greedy,D50000_seed0_alpha_beta_vs_greedy_0,50000,0,first,ended_with_n,132,second,greedy,つ,1952,28,48,4,3,,,つ,べ,べ,7.4e-05,False,-6304.0,,,,,56,ず→ず -> ず→ず -> ず→る -> る→る -> る→る -> る→る -> る→る -> る→ぽ -> ぽ→ず -> ず→ぷ -> ぷ→ず -> ず→む -> む→る -> る→ぷ -> ぷ→ず -> ず→む -> む→る -> る→ぷ -> ぷ→ず -> ず→ら -> ら→ず -> ず→ら -> ら→る -> る→べ -> べ→る -> る→ぐ -> ぐ→る -> る→び -> び→ず -> ず→れ -> れ→ず -> ず→れ -> れ→ず -> ず→め -> め→ず -> ず→つ -> つ→ず -> ず→つ -> つ→ず -> ず→つ -> つ→る -> る→ね -> ね→ず -> ず→つ -> つ→る -> る→む -> む→る -> る→む -> む→る -> る→む -> む→ず -> ず→つ -> つ→る -> る→げ -> げ→る -> る→ゆ -> ゆ→る -> る→ゆ -> ゆ→る -> る→つ -> つ→る -> る→つ -> つ→る -> る→つ -> つ→る -> る→つ -> つ→る -> る→つ -> つ→る -> る→よ -> よ→ず -> ず→も -> も→ず -> ず→が -> が→ず -> ず→よ -> よ→ず -> ず→よ -> よ→ず -> ず→そ -> そ→ず -> ず→に -> に→ず -> ず→み -> み→ず -> ず→み -> み→ず -> ず→う -> う→ず -> ず→う -> う→ず -> ず→う -> う→ず -> ず→う -> う→ず -> ず→う -> う→ず -> ず→う -> う→ず -> ず→う -> う→る -> る→よ -> よ→ず -> ず→う -> う→る -> る→な -> な→ず -> ず→う -> う→る -> る→な -> な→ず -> ず→う -> う→る -> る→う -> う→る -> る→う -> う→る -> る→う -> う→る -> る→う -> う→る -> る→う -> う→る -> る→う -> う→る -> る→う -> う→び -> び→ず -> ず→う -> う→ぬ -> ぬ→つ -> つ→べ
alpha_beta vs greedy,alpha_beta,greedy,D50000_seed0_alpha_beta_vs_greedy_0,50000,0,first,ended_with_n,133,first,alpha_beta,べ,3319,48,55,3,2,,,べ,む,む,0.0351,False,2909.0,3,4,True,46,20,ず→ず -> ず→ず -> ず→る -> る→る -> る→る -> る→る -> る→る -> る→ぽ -> ぽ→ず -> ず→ぷ -> ぷ→ず -> ず→む -> む→る -> る→ぷ -> ぷ→ず -> ず→む -> む→る -> る→ぷ -> ぷ→ず -> ず→ら -> ら→ず -> ず→ら -> ら→る -> る→べ -> べ→る -> る→ぐ -> ぐ→る -> る→び -> び→ず -> ず→れ -> れ→ず -> ず→れ -> れ→ず -> ず→め -> め→ず -> ず→つ -> つ→ず -> ず→つ -> つ→ず -> ず→つ -> つ→る -> る→ね -> ね→ず -> ず→つ -> つ→る -> る→む -> む→る -> る→む -> む→る -> る→む -> む→ず -> ず→つ -> つ→る -> る→げ -> げ→る -> る→ゆ -> ゆ→る -> る→ゆ -> ゆ→る -> る→つ -> つ→る -> る→つ -> つ→る -> る→つ -> つ→る -> る→つ -> つ→る -> る→つ -> つ→る -> る→よ -> よ→ず -> ず→も -> も→ず -> ず→が -> が→ず -> ず→よ -> よ→ず -> ず→よ -> よ→ず -> ず→そ -> そ→ず -> ず→に -> に→ず -> ず→み -> み→ず -> ず→み -> み→ず -> ず→う -> う→ず -> ず→う -> う→ず -> ず→う -> う→ず -> ず→う -> う→ず -> ず→う -> う→ず -> ず→う -> う→ず -> ず→う -> う→る -> る→よ -> よ→ず -> ず→う -> う→る -> る→な -> な→ず -> ず→う -> う→る -> る→な -> な→ず -> ず→う -> う→る -> る→う -> う→る -> る→う -> う→る -> る→う -> う→る -> る→う -> う→る -> る→う -> う→る -> る→う -> う→る -> る→う -> う→び -> び→ず -> ず→う -> う→ぬ -> ぬ→つ -> つ→べ -> べ→む
alpha_beta vs greedy,alpha_beta,greedy,D50000_seed0_alpha_beta_vs_greedy_0,50000,0,first,ended_with_n,134,second,greedy,む,3792,55,52,1,0,,,む,ぽ,ぽ,6.8e-05,False,-3100.0,,,,,50,ず→ず -> ず→ず -> ず→る -> る→る -> る→る -> る→る -> る→る -> る→ぽ -> ぽ→ず -> ず→ぷ -> ぷ→ず -> ず→む -> む→る -> る→ぷ -> ぷ→ず -> ず→む -> む→る -> る→ぷ -> ぷ→ず -> ず→ら -> ら→ず -> ず→ら -> ら→る -> る→べ -> べ→る -> る→ぐ -> ぐ→る -> る→び -> び→ず -> ず→れ -> れ→ず -> ず→れ -> れ→ず -> ず→め -> め→ず -> ず→つ -> つ→ず -> ず→つ -> つ→ず -> ず→つ -> つ→る -> る→ね -> ね→ず -> ず→つ -> つ→る -> る→む -> む→る -> る→む -> む→る -> る→む -> む→ず -> ず→つ -> つ→る -> る→げ -> げ→る -> る→ゆ -> ゆ→る -> る→ゆ -> ゆ→る -> る→つ -> つ→る -> る→つ -> つ→る -> る→つ -> つ→る -> る→つ -> つ→る -> る→つ -> つ→る -> る→よ -> よ→ず -> ず→も -> も→ず -> ず→が -> が→ず -> ず→よ -> よ→ず -> ず→よ -> よ→ず -> ず→そ -> そ→ず -> ず→に -> に→ず -> ず→み -> み→ず -> ず→み -> み→ず -> ず→う -> う→ず -> ず→う -> う→ず -> ず→う -> う→ず -> ず→う -> う→ず -> ず→う -> う→ず -> ず→う -> う→ず -> ず→う -> う→る -> る→よ -> よ→ず -> ず→う -> う→る -> る→な -> な→ず -> ず→う -> う→る -> る→な -> な→ず -> ず→う -> う→る -> る→う -> う→る -> る→う -> う→る -> る→う -> う→る -> る→う -> う→る -> る→う -> う→る -> る→う -> う→る -> る→う -> う→び -> び→ず -> ず→う -> う→ぬ -> ぬ→つ -> つ→べ -> べ→む -> む→ぽ
alpha_beta vs greedy,alpha_beta,greedy,D50000_seed0_alpha_beta_vs_greedy_0,50000,0,first,ended_with_n,135,first,alpha_beta,ぽ,3556,52,20,1,0,,,ぽ,ず,ず,0.133784,False,-2901.0,4,4,True,381,20,ず→ず -> ず→ず -> ず→る -> る→る -> る→る -> る→る -> る→る -> る→ぽ -> ぽ→ず -> ず→ぷ -> ぷ→ず -> ず→む -> む→る -> る→ぷ -> ぷ→ず -> ず→む -> む→る -> る→ぷ -> ぷ→ず -> ず→ら -> ら→ず -> ず→ら -> ら→る -> る→べ -> べ→る -> る→ぐ -> ぐ→る -> る→び -> び→ず -> ず→れ -> れ→ず -> ず→れ -> れ→ず -> ず→め -> め→ず -> ず→つ -> つ→ず -> ず→つ -> つ→ず -> ず→つ -> つ→る -> る→ね -> ね→ず -> ず→つ -> つ→る -> る→む -> む→る -> る→む -> む→る -> る→む -> む→ず -> ず→つ -> つ→る -> る→げ -> げ→る -> る→ゆ -> ゆ→る -> る→ゆ -> ゆ→る -> る→つ -> つ→る -> る→つ -> つ→る -> る→つ -> つ→る -> る→つ -> つ→る -> る→つ -> つ→る -> る→よ -> よ→ず -> ず→も -> も→ず -> ず→が -> が→ず -> ず→よ -> よ→ず -> ず→よ -> よ→ず -> ず→そ -> そ→ず -> ず→に -> に→ず -> ず→み -> み→ず -> ず→み -> み→ず -> ず→う -> う→ず -> ず→う -> う→ず -> ず→う -> う→ず -> ず→う -> う→ず -> ず→う -> う→ず -> ず→う -> う→ず -> ず→う -> う→る -> る→よ -> よ→ず -> ず→う -> う→る -> る→な -> な→ず -> ず→う -> う→る -> る→な -> な→ず -> ず→う -> う→る -> る→う -> う→る -> る→う -> う→る -> る→う -> う→る -> る→う -> う→る -> る→う -> う→る -> る→う -> う→る -> る→う -> う→び -> び→ず -> ず→う -> う→ぬ -> ぬ→つ -> つ→べ -> べ→む -> む→ぽ -> ぽ→ず
alpha_beta vs greedy,alpha_beta,greedy,D50000_seed0_alpha_beta_vs_greedy_0,50000,0,first,ended_with_n,136,second,greedy,ず,1362,20,2,5,4,,,ず,う,う,2e-05,False,-15636.5,,,,,13,ず→ず -> ず→ず -> ず→る -> る→る -> る→る -> る→る -> る→る -> る→ぽ -> ぽ→ず -> ず→ぷ -> ぷ→ず -> ず→む -> む→る -> る→ぷ -> ぷ→ず -> ず→む -> む→る -> る→ぷ -> ぷ→ず -> ず→ら -> ら→ず -> ず→ら -> ら→る -> る→べ -> べ→る -> る→ぐ -> ぐ→る -> る→び -> び→ず -> ず→れ -> れ→ず -> ず→れ -> れ→ず -> ず→め -> め→ず -> ず→つ -> つ→ず -> ず→つ -> つ→ず -> ず→つ -> つ→る -> る→ね -> ね→ず -> ず→つ -> つ→る -> る→む -> む→る -> る→む -> む→る -> る→む -> む→ず -> ず→つ -> つ→る -> る→げ -> げ→る -> る→ゆ -> ゆ→る -> る→ゆ -> ゆ→る -> る→つ -> つ→る -> る→つ -> つ→る -> る→つ -> つ→る -> る→つ -> つ→る -> る→つ -> つ→る -> る→よ -> よ→ず -> ず→も -> も→ず -> ず→が -> が→ず -> ず→よ -> よ→ず -> ず→よ -> よ→ず -> ず→そ -> そ→ず -> ず→に -> に→ず -> ず→み -> み→ず -> ず→み -> み→ず -> ず→う -> う→ず -> ず→う -> う→ず -> ず→う -> う→ず -> ず→う -> う→ず -> ず→う -> う→ず -> ず→う -> う→ず -> ず→う -> う→る -> る→よ -> よ→ず -> ず→う -> う→る -> る→な -> な→ず -> ず→う -> う→る -> る→な -> な→ず -> ず→う -> う→る -> る→う -> う→る -> る→う -> う→る -> る→う -> う→る -> る→う -> う→る -> る→う -> う→る -> る→う -> う→る -> る→う -> う→び -> び→ず -> ず→う -> う→ぬ -> ぬ→つ -> つ→べ -> べ→む -> む→ぽ -> ぽ→ず -> ず→う
alpha_beta vs greedy,alpha_beta,greedy,D50000_seed0_alpha_beta_vs_greedy_0,50000,0,first,ended_with_n,137,first,alpha_beta,う,160,2,24,1,0,,,う,ぞ,ぞ,0.115863,False,-2909.0,4,4,True,361,20,ず→ず -> ず→ず -> ず→る -> る→る -> る→る -> る→る -> る→る -> る→ぽ -> ぽ→ず -> ず→ぷ -> ぷ→ず -> ず→む -> む→る -> る→ぷ -> ぷ→ず -> ず→む -> む→る -> る→ぷ -> ぷ→ず -> ず→ら -> ら→ず -> ず→ら -> ら→る -> る→べ -> べ→る -> る→ぐ -> ぐ→る -> る→び -> び→ず -> ず→れ -> れ→ず -> ず→れ -> れ→ず -> ず→め -> め→ず -> ず→つ -> つ→ず -> ず→つ -> つ→ず -> ず→つ -> つ→る -> る→ね -> ね→ず -> ず→つ -> つ→る -> る→む -> む→る -> る→む -> む→る -> る→む -> む→ず -> ず→つ -> つ→る -> る→げ -> げ→る -> る→ゆ -> ゆ→る -> る→ゆ -> ゆ→る -> る→つ -> つ→る -> る→つ -> つ→る -> る→つ -> つ→る -> る→つ -> つ→る -> る→つ -> つ→る -> る→よ -> よ→ず -> ず→も -> も→ず -> ず→が -> が→ず -> ず→よ -> よ→ず -> ず→よ -> よ→ず -> ず→そ -> そ→ず -> ず→に -> に→ず -> ず→み -> み→ず -> ず→み -> み→ず -> ず→う -> う→ず -> ず→う -> う→ず -> ず→う -> う→ず -> ず→う -> う→ず -> ず→う -> う→ず -> ず→う -> う→ず -> ず→う -> う→る -> る→よ -> よ→ず -> ず→う -> う→る -> る→な -> な→ず -> ず→う -> う→る -> る→な -> な→ず -> ず→う -> う→る -> る→う -> う→る -> る→う -> う→る -> る→う -> う→る -> る→う -> う→る -> る→う -> う→る -> る→う -> う→る -> る→う -> う→び -> び→ず -> ず→う -> う→ぬ -> ぬ→つ -> つ→べ -> べ→む -> む→ぽ -> ぽ→ず -> ず→う -> う→ぞ
alpha_beta vs greedy,alpha_beta,greedy,D50000_seed0_alpha_beta_vs_greedy_0,50000,0,first,ended_with_n,138,second,greedy,ぞ,1675,24,43,1,0,,,ぞ,ぴ,ぴ,4.1e-05,False,-3202.0,,,,,28,ず→ず -> ず→ず -> ず→る -> る→る -> る→る -> る→る -> る→る -> る→ぽ -> ぽ→ず -> ず→ぷ -> ぷ→ず -> ず→む -> む→る -> る→ぷ -> ぷ→ず -> ず→む -> む→る -> る→ぷ -> ぷ→ず -> ず→ら -> ら→ず -> ず→ら -> ら→る -> る→べ -> べ→る -> る→ぐ -> ぐ→る -> る→び -> び→ず -> ず→れ -> れ→ず -> ず→れ -> れ→ず -> ず→め -> め→ず -> ず→つ -> つ→ず -> ず→つ -> つ→ず -> ず→つ -> つ→る -> る→ね -> ね→ず -> ず→つ -> つ→る -> る→む -> む→る -> る→む -> む→る -> る→む -> む→ず -> ず→つ -> つ→る -> る→げ -> げ→る -> る→ゆ -> ゆ→る -> る→ゆ -> ゆ→る -> る→つ -> つ→る -> る→つ -> つ→る -> る→つ -> つ→る -> る→つ -> つ→る -> る→つ -> つ→る -> る→よ -> よ→ず -> ず→も -> も→ず -> ず→が -> が→ず -> ず→よ -> よ→ず -> ず→よ -> よ→ず -> ず→そ -> そ→ず -> ず→に -> に→ず -> ず→み -> み→ず -> ず→み -> み→ず -> ず→う -> う→ず -> ず→う -> う→ず -> ず→う -> う→ず -> ず→う -> う→ず -> ず→う -> う→ず -> ず→う -> う→ず -> ず→う -> う→る -> る→よ -> よ→ず -> ず→う -> う→る -> る→な -> な→ず -> ず→う -> う→る -> る→な -> な→ず -> ず→う -> う→る -> る→う -> う→る -> る→う -> う→る -> る→う -> う→る -> る→う -> う→る -> る→う -> う→る -> る→う -> う→る -> る→う -> う→び -> び→ず -> ず→う -> う→ぬ -> ぬ→つ -> つ→べ -> べ→む -> む→ぽ -> ぽ→ず -> ず→う -> う→ぞ -> ぞ→ぴ
alpha_beta vs greedy,alpha_beta,greedy,D50000_seed0_alpha_beta_vs_greedy_0,50000,0,first,ended_with_n,139,first,alpha_beta,ぴ,2944,43,20,1,0,,,ぴ,ず,ず,0.113255,False,-2901.0,4,4,True,367,20,ず→ず -> ず→ず -> ず→る -> る→る -> る→る -> る→る -> る→る -> る→ぽ -> ぽ→ず -> ず→ぷ -> ぷ→ず -> ず→む -> む→る -> る→ぷ -> ぷ→ず -> ず→む -> む→る -> る→ぷ -> ぷ→ず -> ず→ら -> ら→ず -> ず→ら -> ら→る -> る→べ -> べ→る -> る→ぐ -> ぐ→る -> る→び -> び→ず -> ず→れ -> れ→ず -> ず→れ -> れ→ず -> ず→め -> め→ず -> ず→つ -> つ→ず -> ず→つ -> つ→ず -> ず→つ -> つ→る -> る→ね -> ね→ず -> ず→つ -> つ→る -> る→む -> む→る -> る→む -> む→る -> る→む -> む→ず -> ず→つ -> つ→る -> る→げ -> げ→る -> る→ゆ -> ゆ→る -> る→ゆ -> ゆ→る -> る→つ -> つ→る -> る→つ -> つ→る -> る→つ -> つ→る -> る→つ -> つ→る -> る→つ -> つ→る -> る→よ -> よ→ず -> ず→も -> も→ず -> ず→が -> が→ず -> ず→よ -> よ→ず -> ず→よ -> よ→ず -> ず→そ -> そ→ず -> ず→に -> に→ず -> ず→み -> み→ず -> ず→み -> み→ず -> ず→う -> う→ず -> ず→う -> う→ず -> ず→う -> う→ず -> ず→う -> う→ず -> ず→う -> う→ず -> ず→う -> う→ず -> ず→う -> う→る -> る→よ -> よ→ず -> ず→う -> う→る -> る→な -> な→ず -> ず→う -> う→る -> る→な -> な→ず -> ず→う -> う→る -> る→う -> う→る -> る→う -> う→る -> る→う -> う→る -> る→う -> う→る -> る→う -> う→る -> る→う -> う→る -> る→う -> う→び -> び→ず -> ず→う -> う→ぬ -> ぬ→つ -> つ→べ -> べ→む -> む→ぽ -> ぽ→ず -> ず→う -> う→ぞ -> ぞ→ぴ -> ぴ→ず
alpha_beta vs greedy,alpha_beta,greedy,D50000_seed0_alpha_beta_vs_greedy_0,50000,0,first,ended_with_n,140,second,greedy,ず,1362,20,2,4,3,,,ず,う,う,2e-05,False,-15613.5,,,,,13,ず→ず -> ず→ず -> ず→る -> る→る -> る→る -> る→る -> る→る -> る→ぽ -> ぽ→ず -> ず→ぷ -> ぷ→ず -> ず→む -> む→る -> る→ぷ -> ぷ→ず -> ず→む -> む→る -> る→ぷ -> ぷ→ず -> ず→ら -> ら→ず -> ず→ら -> ら→る -> る→べ -> べ→る -> る→ぐ -> ぐ→る -> る→び -> び→ず -> ず→れ -> れ→ず -> ず→れ -> れ→ず -> ず→め -> め→ず -> ず→つ -> つ→ず -> ず→つ -> つ→ず -> ず→つ -> つ→る -> る→ね -> ね→ず -> ず→つ -> つ→る -> る→む -> む→る -> る→む -> む→る -> る→む -> む→ず -> ず→つ -> つ→る -> る→げ -> げ→る -> る→ゆ -> ゆ→る -> る→ゆ -> ゆ→る -> る→つ -> つ→る -> る→つ -> つ→る -> る→つ -> つ→る -> る→つ -> つ→る -> る→つ -> つ→る -> る→よ -> よ→ず -> ず→も -> も→ず -> ず→が -> が→ず -> ず→よ -> よ→ず -> ず→よ -> よ→ず -> ず→そ -> そ→ず -> ず→に -> に→ず -> ず→み -> み→ず -> ず→み -> み→ず -> ず→う -> う→ず -> ず→う -> う→ず -> ず→う -> う→ず -> ず→う -> う→ず -> ず→う -> う→ず -> ず→う -> う→ず -> ず→う -> う→る -> る→よ -> よ→ず -> ず→う -> う→る -> る→な -> な→ず -> ず→う -> う→る -> る→な -> な→ず -> ず→う -> う→る -> る→う -> う→る -> る→う -> う→る -> る→う -> う→る -> る→う -> う→る -> る→う -> う→る -> る→う -> う→る -> る→う -> う→び -> び→ず -> ず→う -> う→ぬ -> ぬ→つ -> つ→べ -> べ→む -> む→ぽ -> ぽ→ず -> ず→う -> う→ぞ -> ぞ→ぴ -> ぴ→ず -> ず→う
alpha_beta vs greedy,alpha_beta,greedy,D50000_seed0_alpha_beta_vs_greedy_0,50000,0,first,ended_with_n,141,first,alpha_beta,う,191,2,55,9,8,,,う,む,む,0.155623,False,-2909.0,4,4,True,405,20,ず→ず -> ず→ず -> ず→る -> る→る -> る→る -> る→る -> る→る -> る→ぽ -> ぽ→ず -> ず→ぷ -> ぷ→ず -> ず→む -> む→る -> る→ぷ -> ぷ→ず -> ず→む -> む→る -> る→ぷ -> ぷ→ず -> ず→ら -> ら→ず -> ず→ら -> ら→る -> る→べ -> べ→る -> る→ぐ -> ぐ→る -> る→び -> び→ず -> ず→れ -> れ→ず -> ず→れ -> れ→ず -> ず→め -> め→ず -> ず→つ -> つ→ず -> ず→つ -> つ→ず -> ず→つ -> つ→る -> る→ね -> ね→ず -> ず→つ -> つ→る -> る→む -> む→る -> る→む -> む→る -> る→む -> む→ず -> ず→つ -> つ→る -> る→げ -> げ→る -> る→ゆ -> ゆ→る -> る→ゆ -> ゆ→る -> る→つ -> つ→る -> る→つ -> つ→る -> る→つ -> つ→る -> る→つ -> つ→る -> る→つ -> つ→る -> る→よ -> よ→ず -> ず→も -> も→ず -> ず→が -> が→ず -> ず→よ -> よ→ず -> ず→よ -> よ→ず -> ず→そ -> そ→ず -> ず→に -> に→ず -> ず→み -> み→ず -> ず→み -> み→ず -> ず→う -> う→ず -> ず→う -> う→ず -> ず→う -> う→ず -> ず→う -> う→ず -> ず→う -> う→ず -> ず→う -> う→ず -> ず→う -> う→る -> る→よ -> よ→ず -> ず→う -> う→る -> る→な -> な→ず -> ず→う -> う→る -> る→な -> な→ず -> ず→う -> う→る -> る→う -> う→る -> る→う -> う→る -> る→う -> う→る -> る→う -> う→る -> る→う -> う→る -> る→う -> う→る -> る→う -> う→び -> び→ず -> ず→う -> う→ぬ -> ぬ→つ -> つ→べ -> べ→む -> む→ぽ -> ぽ→ず -> ず→う -> う→ぞ -> ぞ→ぴ -> ぴ→ず -> ず→う -> う→む
alpha_beta vs greedy,alpha_beta,greedy,D50000_seed0_alpha_beta_vs_greedy_0,50000,0,first,ended_with_n,142,second,greedy,む,3786,55,46,1,0,,,む,ぷ,ぷ,6.9e-05,False,-5686.0,,,,,49,ず→ず -> ず→ず -> ず→る -> る→る -> る→る -> る→る -> る→る -> る→ぽ -> ぽ→ず -> ず→ぷ -> ぷ→ず -> ず→む -> む→る -> る→ぷ -> ぷ→ず -> ず→む -> む→る -> る→ぷ -> ぷ→ず -> ず→ら -> ら→ず -> ず→ら -> ら→る -> る→べ -> べ→る -> る→ぐ -> ぐ→る -> る→び -> び→ず -> ず→れ -> れ→ず -> ず→れ -> れ→ず -> ず→め -> め→ず -> ず→つ -> つ→ず -> ず→つ -> つ→ず -> ず→つ -> つ→る -> る→ね -> ね→ず -> ず→つ -> つ→る -> る→む -> む→る -> る→む -> む→る -> る→む -> む→ず -> ず→つ -> つ→る -> る→げ -> げ→る -> る→ゆ -> ゆ→る -> る→ゆ -> ゆ→る -> る→つ -> つ→る -> る→つ -> つ→る -> る→つ -> つ→る -> る→つ -> つ→る -> る→つ -> つ→る -> る→よ -> よ→ず -> ず→も -> も→ず -> ず→が -> が→ず -> ず→よ -> よ→ず -> ず→よ -> よ→ず -> ず→そ -> そ→ず -> ず→に -> に→ず -> ず→み -> み→ず -> ず→み -> み→ず -> ず→う -> う→ず -> ず→う -> う→ず -> ず→う -> う→ず -> ず→う -> う→ず -> ず→う -> う→ず -> ず→う -> う→ず -> ず→う -> う→る -> る→よ -> よ→ず -> ず→う -> う→る -> る→な -> な→ず -> ず→う -> う→る -> る→な -> な→ず -> ず→う -> う→る -> る→う -> う→る -> る→う -> う→る -> る→う -> う→る -> る→う -> う→る -> る→う -> う→る -> る→う -> う→る -> る→う -> う→び -> び→ず -> ず→う -> う→ぬ -> ぬ→つ -> つ→べ -> べ→む -> む→ぽ -> ぽ→ず -> ず→う -> う→ぞ -> ぞ→ぴ -> ぴ→ず -> ず→う -> う→む -> む→ぷ
alpha_beta vs greedy,alpha_beta,greedy,D50000_seed0_alpha_beta_vs_greedy_0,50000,0,first,ended_with_n,143,first,alpha_beta,ぷ,3191,46,63,22,21,,,ぷ,る,る,0.120266,False,-2901.0,4,4,True,361,20,ず→ず -> ず→ず -> ず→る -> る→る -> る→る -> る→る -> る→る -> る→ぽ -> ぽ→ず -> ず→ぷ -> ぷ→ず -> ず→む -> む→る -> る→ぷ -> ぷ→ず -> ず→む -> む→る -> る→ぷ -> ぷ→ず -> ず→ら -> ら→ず -> ず→ら -> ら→る -> る→べ -> べ→る -> る→ぐ -> ぐ→る -> る→び -> び→ず -> ず→れ -> れ→ず -> ず→れ -> れ→ず -> ず→め -> め→ず -> ず→つ -> つ→ず -> ず→つ -> つ→ず -> ず→つ -> つ→る -> る→ね -> ね→ず -> ず→つ -> つ→る -> る→む -> む→る -> る→む -> む→る -> る→む -> む→ず -> ず→つ -> つ→る -> る→げ -> げ→る -> る→ゆ -> ゆ→る -> る→ゆ -> ゆ→る -> る→つ -> つ→る -> る→つ -> つ→る -> る→つ -> つ→る -> る→つ -> つ→る -> る→つ -> つ→る -> る→よ -> よ→ず -> ず→も -> も→ず -> ず→が -> が→ず -> ず→よ -> よ→ず -> ず→よ -> よ→ず -> ず→そ -> そ→ず -> ず→に -> に→ず -> ず→み -> み→ず -> ず→み -> み→ず -> ず→う -> う→ず -> ず→う -> う→ず -> ず→う -> う→ず -> ず→う -> う→ず -> ず→う -> う→ず -> ず→う -> う→ず -> ず→う -> う→る -> る→よ -> よ→ず -> ず→う -> う→る -> る→な -> な→ず -> ず→う -> う→る -> る→な -> な→ず -> ず→う -> う→る -> る→う -> う→る -> る→う -> う→る -> る→う -> う→る -> る→う -> う→る -> る→う -> う→る -> る→う -> う→る -> る→う -> う→び -> び→ず -> ず→う -> う→ぬ -> ぬ→つ -> つ→べ -> べ→む -> む→ぽ -> ぽ→ず -> ず→う -> う→ぞ -> ぞ→ぴ -> ぴ→ず -> ず→う -> う→む -> む→ぷ -> ぷ→る
alpha_beta vs greedy,alpha_beta,greedy,D50000_seed0_alpha_beta_vs_greedy_0,50000,0,first,ended_with_n,144,second,greedy,る,4286,63,2,7,6,,,る,う,う,2.3e-05,False,-15590.5,,,,,15,ず→ず -> ず→ず -> ず→る -> る→る -> る→る -> る→る -> る→る -> る→ぽ -> ぽ→ず -> ず→ぷ -> ぷ→ず -> ず→む -> む→る -> る→ぷ -> ぷ→ず -> ず→む -> む→る -> る→ぷ -> ぷ→ず -> ず→ら -> ら→ず -> ず→ら -> ら→る -> る→べ -> べ→る -> る→ぐ -> ぐ→る -> る→び -> び→ず -> ず→れ -> れ→ず -> ず→れ -> れ→ず -> ず→め -> め→ず -> ず→つ -> つ→ず -> ず→つ -> つ→ず -> ず→つ -> つ→る -> る→ね -> ね→ず -> ず→つ -> つ→る -> る→む -> む→る -> る→む -> む→る -> る→む -> む→ず -> ず→つ -> つ→る -> る→げ -> げ→る -> る→ゆ -> ゆ→る -> る→ゆ -> ゆ→る -> る→つ -> つ→る -> る→つ -> つ→る -> る→つ -> つ→る -> る→つ -> つ→る -> る→つ -> つ→る -> る→よ -> よ→ず -> ず→も -> も→ず -> ず→が -> が→ず -> ず→よ -> よ→ず -> ず→よ -> よ→ず -> ず→そ -> そ→ず -> ず→に -> に→ず -> ず→み -> み→ず -> ず→み -> み→ず -> ず→う -> う→ず -> ず→う -> う→ず -> ず→う -> う→ず -> ず→う -> う→ず -> ず→う -> う→ず -> ず→う -> う→ず -> ず→う -> う→る -> る→よ -> よ→ず -> ず→う -> う→る -> る→な -> な→ず -> ず→う -> う→る -> る→な -> な→ず -> ず→う -> う→る -> る→う -> う→る -> る→う -> う→る -> る→う -> う→る -> る→う -> う→る -> る→う -> う→る -> る→う -> う→る -> る→う -> う→び -> び→ず -> ず→う -> う→ぬ -> ぬ→つ -> つ→べ -> べ→む -> む→ぽ -> ぽ→ず -> ず→う -> う→ぞ -> ぞ→ぴ -> ぴ→ず -> ず→う -> う→む -> む→ぷ -> ぷ→る -> る→う
alpha_beta vs greedy,alpha_beta,greedy,D50000_seed0_alpha_beta_vs_greedy_0,50000,0,first,ended_with_n,145,first,alpha_beta,う,191,2,55,8,7,,,う,む,む,0.191695,False,-2909.0,4,4,True,459,20,ず→ず -> ず→ず -> ず→る -> る→る -> る→る -> る→る -> る→る -> る→ぽ -> ぽ→ず -> ず→ぷ -> ぷ→ず -> ず→む -> む→る -> る→ぷ -> ぷ→ず -> ず→む -> む→る -> る→ぷ -> ぷ→ず -> ず→ら -> ら→ず -> ず→ら -> ら→る -> る→べ -> べ→る -> る→ぐ -> ぐ→る -> る→び -> び→ず -> ず→れ -> れ→ず -> ず→れ -> れ→ず -> ず→め -> め→ず -> ず→つ -> つ→ず -> ず→つ -> つ→ず -> ず→つ -> つ→る -> る→ね -> ね→ず -> ず→つ -> つ→る -> る→む -> む→る -> る→む -> む→る -> る→む -> む→ず -> ず→つ -> つ→る -> る→げ -> げ→る -> る→ゆ -> ゆ→る -> る→ゆ -> ゆ→る -> る→つ -> つ→る -> る→つ -> つ→る -> る→つ -> つ→る -> る→つ -> つ→る -> る→つ -> つ→る -> る→よ -> よ→ず -> ず→も -> も→ず -> ず→が -> が→ず -> ず→よ -> よ→ず -> ず→よ -> よ→ず -> ず→そ -> そ→ず -> ず→に -> に→ず -> ず→み -> み→ず -> ず→み -> み→ず -> ず→う -> う→ず -> ず→う -> う→ず -> ず→う -> う→ず -> ず→う -> う→ず -> ず→う -> う→ず -> ず→う -> う→ず -> ず→う -> う→る -> る→よ -> よ→ず -> ず→う -> う→る -> る→な -> な→ず -> ず→う -> う→る -> る→な -> な→ず -> ず→う -> う→る -> る→う -> う→る -> る→う -> う→る -> る→う -> う→る -> る→う -> う→る -> る→う -> う→る -> る→う -> う→る -> る→う -> う→び -> び→ず -> ず→う -> う→ぬ -> ぬ→つ -> つ→べ -> べ→む -> む→ぽ -> ぽ→ず -> ず→う -> う→ぞ -> ぞ→ぴ -> ぴ→ず -> ず→う -> う→む -> む→ぷ -> ぷ→る -> る→う -> う→む
alpha_beta vs greedy,alpha_beta,greedy,D50000_seed0_alpha_beta_vs_greedy_0,50000,0,first,ended_with_n,146,second,greedy,む,3762,55,22,2,1,,,む,ぜ,ぜ,6.9e-05,False,-6368.0,,,,,48,ず→ず -> ず→ず -> ず→る -> る→る -> る→る -> る→る -> る→る -> る→ぽ -> ぽ→ず -> ず→ぷ -> ぷ→ず -> ず→む -> む→る -> る→ぷ -> ぷ→ず -> ず→む -> む→る -> る→ぷ -> ぷ→ず -> ず→ら -> ら→ず -> ず→ら -> ら→る -> る→べ -> べ→る -> る→ぐ -> ぐ→る -> る→び -> び→ず -> ず→れ -> れ→ず -> ず→れ -> れ→ず -> ず→め -> め→ず -> ず→つ -> つ→ず -> ず→つ -> つ→ず -> ず→つ -> つ→る -> る→ね -> ね→ず -> ず→つ -> つ→る -> る→む -> む→る -> る→む -> む→る -> る→む -> む→ず -> ず→つ -> つ→る -> る→げ -> げ→る -> る→ゆ -> ゆ→る -> る→ゆ -> ゆ→る -> る→つ -> つ→る -> る→つ -> つ→る -> る→つ -> つ→る -> る→つ -> つ→る -> る→つ -> つ→る -> る→よ -> よ→ず -> ず→も -> も→ず -> ず→が -> が→ず -> ず→よ -> よ→ず -> ず→よ -> よ→ず -> ず→そ -> そ→ず -> ず→に -> に→ず -> ず→み -> み→ず -> ず→み -> み→ず -> ず→う -> う→ず -> ず→う -> う→ず -> ず→う -> う→ず -> ず→う -> う→ず -> ず→う -> う→ず -> ず→う -> う→ず -> ず→う -> う→る -> る→よ -> よ→ず -> ず→う -> う→る -> る→な -> な→ず -> ず→う -> う→る -> る→な -> な→ず -> ず→う -> う→る -> る→う -> う→る -> る→う -> う→る -> る→う -> う→る -> る→う -> う→る -> る→う -> う→る -> る→う -> う→る -> る→う -> う→び -> び→ず -> ず→う -> う→ぬ -> ぬ→つ -> つ→べ -> べ→む -> む→ぽ -> ぽ→ず -> ず→う -> う→ぞ -> ぞ→ぴ -> ぴ→ず -> ず→う -> う→む -> む→ぷ -> ぷ→る -> る→う -> う→む -> む→ぜ
alpha_beta vs greedy,alpha_beta,greedy,D50000_seed0_alpha_beta_vs_greedy_0,50000,0,first,ended_with_n,147,first,alpha_beta,ぜ,1559,22,63,2,1,,,ぜ,る,る,0.111444,False,-2901.0,4,4,True,359,20,ず→ず -> ず→ず -> ず→る -> る→る -> る→る -> る→る -> る→る -> る→ぽ -> ぽ→ず -> ず→ぷ -> ぷ→ず -> ず→む -> む→る -> る→ぷ -> ぷ→ず -> ず→む -> む→る -> る→ぷ -> ぷ→ず -> ず→ら -> ら→ず -> ず→ら -> ら→る -> る→べ -> べ→る -> る→ぐ -> ぐ→る -> る→び -> び→ず -> ず→れ -> れ→ず -> ず→れ -> れ→ず -> ず→め -> め→ず -> ず→つ -> つ→ず -> ず→つ -> つ→ず -> ず→つ -> つ→る -> る→ね -> ね→ず -> ず→つ -> つ→る -> る→む -> む→る -> る→む -> む→る -> る→む -> む→ず -> ず→つ -> つ→る -> る→げ -> げ→る -> る→ゆ -> ゆ→る -> る→ゆ -> ゆ→る -> る→つ -> つ→る -> る→つ -> つ→る -> る→つ -> つ→る -> る→つ -> つ→る -> る→つ -> つ→る -> る→よ -> よ→ず -> ず→も -> も→ず -> ず→が -> が→ず -> ず→よ -> よ→ず -> ず→よ -> よ→ず -> ず→そ -> そ→ず -> ず→に -> に→ず -> ず→み -> み→ず -> ず→み -> み→ず -> ず→う -> う→ず -> ず→う -> う→ず -> ず→う -> う→ず -> ず→う -> う→ず -> ず→う -> う→ず -> ず→う -> う→ず -> ず→う -> う→る -> る→よ -> よ→ず -> ず→う -> う→る -> る→な -> な→ず -> ず→う -> う→る -> る→な -> な→ず -> ず→う -> う→る -> る→う -> う→る -> る→う -> う→る -> る→う -> う→る -> る→う -> う→る -> る→う -> う→る -> る→う -> う→る -> る→う -> う→び -> び→ず -> ず→う -> う→ぬ -> ぬ→つ -> つ→べ -> べ→む -> む→ぽ -> ぽ→ず -> ず→う -> う→ぞ -> ぞ→ぴ -> ぴ→ず -> ず→う -> う→む -> む→ぷ -> ぷ→る -> る→う -> う→む -> む→ぜ -> ぜ→る
alpha_beta vs greedy,alpha_beta,greedy,D50000_seed0_alpha_beta_vs_greedy_0,50000,0,first,ended_with_n,148,second,greedy,る,4286,63,2,6,5,,,る,う,う,2.2e-05,False,-15567.5,,,,,15,ず→ず -> ず→ず -> ず→る -> る→る -> る→る -> る→る -> る→る -> る→ぽ -> ぽ→ず -> ず→ぷ -> ぷ→ず -> ず→む -> む→る -> る→ぷ -> ぷ→ず -> ず→む -> む→る -> る→ぷ -> ぷ→ず -> ず→ら -> ら→ず -> ず→ら -> ら→る -> る→べ -> べ→る -> る→ぐ -> ぐ→る -> る→び -> び→ず -> ず→れ -> れ→ず -> ず→れ -> れ→ず -> ず→め -> め→ず -> ず→つ -> つ→ず -> ず→つ -> つ→ず -> ず→つ -> つ→る -> る→ね -> ね→ず -> ず→つ -> つ→る -> る→む -> む→る -> る→む -> む→る -> る→む -> む→ず -> ず→つ -> つ→る -> る→げ -> げ→る -> る→ゆ -> ゆ→る -> る→ゆ -> ゆ→る -> る→つ -> つ→る -> る→つ -> つ→る -> る→つ -> つ→る -> る→つ -> つ→る -> る→つ -> つ→る -> る→よ -> よ→ず -> ず→も -> も→ず -> ず→が -> が→ず -> ず→よ -> よ→ず -> ず→よ -> よ→ず -> ず→そ -> そ→ず -> ず→に -> に→ず -> ず→み -> み→ず -> ず→み -> み→ず -> ず→う -> う→ず -> ず→う -> う→ず -> ず→う -> う→ず -> ず→う -> う→ず -> ず→う -> う→ず -> ず→う -> う→ず -> ず→う -> う→る -> る→よ -> よ→ず -> ず→う -> う→る -> る→な -> な→ず -> ず→う -> う→る -> る→な -> な→ず -> ず→う -> う→る -> る→う -> う→る -> る→う -> う→る -> る→う -> う→る -> る→う -> う→る -> る→う -> う→る -> る→う -> う→る -> る→う -> う→び -> び→ず -> ず→う -> う→ぬ -> ぬ→つ -> つ→べ -> べ→む -> む→ぽ -> ぽ→ず -> ず→う -> う→ぞ -> ぞ→ぴ -> ぴ→ず -> ず→う -> う→む -> む→ぷ -> ぷ→る -> る→う -> う→む -> む→ぜ -> ぜ→る -> る→う
alpha_beta vs greedy,alpha_beta,greedy,D50000_seed0_alpha_beta_vs_greedy_0,50000,0,first,ended_with_n,149,first,alpha_beta,う,191,2,55,7,6,,,う,む,む,0.185367,False,-2909.0,4,4,True,459,20,ず→ず -> ず→ず -> ず→る -> る→る -> る→る -> る→る -> る→る -> る→ぽ -> ぽ→ず -> ず→ぷ -> ぷ→ず -> ず→む -> む→る -> る→ぷ -> ぷ→ず -> ず→む -> む→る -> る→ぷ -> ぷ→ず -> ず→ら -> ら→ず -> ず→ら -> ら→る -> る→べ -> べ→る -> る→ぐ -> ぐ→る -> る→び -> び→ず -> ず→れ -> れ→ず -> ず→れ -> れ→ず -> ず→め -> め→ず -> ず→つ -> つ→ず -> ず→つ -> つ→ず -> ず→つ -> つ→る -> る→ね -> ね→ず -> ず→つ -> つ→る -> る→む -> む→る -> る→む -> む→る -> る→む -> む→ず -> ず→つ -> つ→る -> る→げ -> げ→る -> る→ゆ -> ゆ→る -> る→ゆ -> ゆ→る -> る→つ -> つ→る -> る→つ -> つ→る -> る→つ -> つ→る -> る→つ -> つ→る -> る→つ -> つ→る -> る→よ -> よ→ず -> ず→も -> も→ず -> ず→が -> が→ず -> ず→よ -> よ→ず -> ず→よ -> よ→ず -> ず→そ -> そ→ず -> ず→に -> に→ず -> ず→み -> み→ず -> ず→み -> み→ず -> ず→う -> う→ず -> ず→う -> う→ず -> ず→う -> う→ず -> ず→う -> う→ず -> ず→う -> う→ず -> ず→う -> う→ず -> ず→う -> う→る -> る→よ -> よ→ず -> ず→う -> う→る -> る→な -> な→ず -> ず→う -> う→る -> る→な -> な→ず -> ず→う -> う→る -> る→う -> う→る -> る→う -> う→る -> る→う -> う→る -> る→う -> う→る -> る→う -> う→る -> る→う -> う→る -> る→う -> う→び -> び→ず -> ず→う -> う→ぬ -> ぬ→つ -> つ→べ -> べ→む -> む→ぽ -> ぽ→ず -> ず→う -> う→ぞ -> ぞ→ぴ -> ぴ→ず -> ず→う -> う→む -> む→ぷ -> ぷ→る -> る→う -> う→む -> む→ぜ -> ぜ→る -> る→う -> う→む
alpha_beta vs greedy,alpha_beta,greedy,D50000_seed0_alpha_beta_vs_greedy_0,50000,0,first,ended_with_n,150,second,greedy,む,3762,55,22,1,0,,,む,ぜ,ぜ,6.6e-05,False,-6345.0,,,,,48,ず→ず -> ず→ず -> ず→る -> る→る -> る→る -> る→る -> る→る -> る→ぽ -> ぽ→ず -> ず→ぷ -> ぷ→ず -> ず→む -> む→る -> る→ぷ -> ぷ→ず -> ず→む -> む→る -> る→ぷ -> ぷ→ず -> ず→ら -> ら→ず -> ず→ら -> ら→る -> る→べ -> べ→る -> る→ぐ -> ぐ→る -> る→び -> び→ず -> ず→れ -> れ→ず -> ず→れ -> れ→ず -> ず→め -> め→ず -> ず→つ -> つ→ず -> ず→つ -> つ→ず -> ず→つ -> つ→る -> る→ね -> ね→ず -> ず→つ -> つ→る -> る→む -> む→る -> る→む -> む→る -> る→む -> む→ず -> ず→つ -> つ→る -> る→げ -> げ→る -> る→ゆ -> ゆ→る -> る→ゆ -> ゆ→る -> る→つ -> つ→る -> る→つ -> つ→る -> る→つ -> つ→る -> る→つ -> つ→る -> る→つ -> つ→る -> る→よ -> よ→ず -> ず→も -> も→ず -> ず→が -> が→ず -> ず→よ -> よ→ず -> ず→よ -> よ→ず -> ず→そ -> そ→ず -> ず→に -> に→ず -> ず→み -> み→ず -> ず→み -> み→ず -> ず→う -> う→ず -> ず→う -> う→ず -> ず→う -> う→ず -> ず→う -> う→ず -> ず→う -> う→ず -> ず→う -> う→ず -> ず→う -> う→る -> る→よ -> よ→ず -> ず→う -> う→る -> る→な -> な→ず -> ず→う -> う→る -> る→な -> な→ず -> ず→う -> う→る -> る→う -> う→る -> る→う -> う→る -> る→う -> う→る -> る→う -> う→る -> る→う -> う→る -> る→う -> う→る -> る→う -> う→び -> び→ず -> ず→う -> う→ぬ -> ぬ→つ -> つ→べ -> べ→む -> む→ぽ -> ぽ→ず -> ず→う -> う→ぞ -> ぞ→ぴ -> ぴ→ず -> ず→う -> う→む -> む→ぷ -> ぷ→る -> る→う -> う→む -> む→ぜ -> ぜ→る -> る→う -> う→む -> む→ぜ
alpha_beta vs greedy,alpha_beta,greedy,D50000_seed0_alpha_beta_vs_greedy_0,50000,0,first,ended_with_n,151,first,alpha_beta,ぜ,1559,22,63,1,0,,,ぜ,る,る,0.111162,False,-2901.0,4,4,True,357,20,ず→ず -> ず→ず -> ず→る -> る→る -> る→る -> る→る -> る→る -> る→ぽ -> ぽ→ず -> ず→ぷ -> ぷ→ず -> ず→む -> む→る -> る→ぷ -> ぷ→ず -> ず→む -> む→る -> る→ぷ -> ぷ→ず -> ず→ら -> ら→ず -> ず→ら -> ら→る -> る→べ -> べ→る -> る→ぐ -> ぐ→る -> る→び -> び→ず -> ず→れ -> れ→ず -> ず→れ -> れ→ず -> ず→め -> め→ず -> ず→つ -> つ→ず -> ず→つ -> つ→ず -> ず→つ -> つ→る -> る→ね -> ね→ず -> ず→つ -> つ→る -> る→む -> む→る -> る→む -> む→る -> る→む -> む→ず -> ず→つ -> つ→る -> る→げ -> げ→る -> る→ゆ -> ゆ→る -> る→ゆ -> ゆ→る -> る→つ -> つ→る -> る→つ -> つ→る -> る→つ -> つ→る -> る→つ -> つ→る -> る→つ -> つ→る -> る→よ -> よ→ず -> ず→も -> も→ず -> ず→が -> が→ず -> ず→よ -> よ→ず -> ず→よ -> よ→ず -> ず→そ -> そ→ず -> ず→に -> に→ず -> ず→み -> み→ず -> ず→み -> み→ず -> ず→う -> う→ず -> ず→う -> う→ず -> ず→う -> う→ず -> ず→う -> う→ず -> ず→う -> う→ず -> ず→う -> う→ず -> ず→う -> う→る -> る→よ -> よ→ず -> ず→う -> う→る -> る→な -> な→ず -> ず→う -> う→る -> る→な -> な→ず -> ず→う -> う→る -> る→う -> う→る -> る→う -> う→る -> る→う -> う→る -> る→う -> う→る -> る→う -> う→る -> る→う -> う→る -> る→う -> う→び -> び→ず -> ず→う -> う→ぬ -> ぬ→つ -> つ→べ -> べ→む -> む→ぽ -> ぽ→ず -> ず→う -> う→ぞ -> ぞ→ぴ -> ぴ→ず -> ず→う -> う→む -> む→ぷ -> ぷ→る -> る→う -> う→む -> む→ぜ -> ぜ→る -> る→う -> う→む -> む→ぜ -> ぜ→る
alpha_beta vs greedy,alpha_beta,greedy,D50000_seed0_alpha_beta_vs_greedy_0,50000,0,first,ended_with_n,152,second,greedy,る,4286,63,2,5,4,,,る,う,う,2.3e-05,False,-15544.5,,,,,15,ず→ず -> ず→ず -> ず→る -> る→る -> る→る -> る→る -> る→る -> る→ぽ -> ぽ→ず -> ず→ぷ -> ぷ→ず -> ず→む -> む→る -> る→ぷ -> ぷ→ず -> ず→む -> む→る -> る→ぷ -> ぷ→ず -> ず→ら -> ら→ず -> ず→ら -> ら→る -> る→べ -> べ→る -> る→ぐ -> ぐ→る -> る→び -> び→ず -> ず→れ -> れ→ず -> ず→れ -> れ→ず -> ず→め -> め→ず -> ず→つ -> つ→ず -> ず→つ -> つ→ず -> ず→つ -> つ→る -> る→ね -> ね→ず -> ず→つ -> つ→る -> る→む -> む→る -> る→む -> む→る -> る→む -> む→ず -> ず→つ -> つ→る -> る→げ -> げ→る -> る→ゆ -> ゆ→る -> る→ゆ -> ゆ→る -> る→つ -> つ→る -> る→つ -> つ→る -> る→つ -> つ→る -> る→つ -> つ→る -> る→つ -> つ→る -> る→よ -> よ→ず -> ず→も -> も→ず -> ず→が -> が→ず -> ず→よ -> よ→ず -> ず→よ -> よ→ず -> ず→そ -> そ→ず -> ず→に -> に→ず -> ず→み -> み→ず -> ず→み -> み→ず -> ず→う -> う→ず -> ず→う -> う→ず -> ず→う -> う→ず -> ず→う -> う→ず -> ず→う -> う→ず -> ず→う -> う→ず -> ず→う -> う→る -> る→よ -> よ→ず -> ず→う -> う→る -> る→な -> な→ず -> ず→う -> う→る -> る→な -> な→ず -> ず→う -> う→る -> る→う -> う→る -> る→う -> う→る -> る→う -> う→る -> る→う -> う→る -> る→う -> う→る -> る→う -> う→る -> る→う -> う→び -> び→ず -> ず→う -> う→ぬ -> ぬ→つ -> つ→べ -> べ→む -> む→ぽ -> ぽ→ず -> ず→う -> う→ぞ -> ぞ→ぴ -> ぴ→ず -> ず→う -> う→む -> む→ぷ -> ぷ→る -> る→う -> う→む -> む→ぜ -> ぜ→る -> る→う -> う→む -> む→ぜ -> ぜ→る -> る→う
alpha_beta vs greedy,alpha_beta,greedy,D50000_seed0_alpha_beta_vs_greedy_0,50000,0,first,ended_with_n,153,first,alpha_beta,う,191,2,55,6,5,,,う,む,む,0.198221,False,-2909.0,4,4,True,495,20,ず→ず -> ず→ず -> ず→る -> る→る -> る→る -> る→る -> る→る -> る→ぽ -> ぽ→ず -> ず→ぷ -> ぷ→ず -> ず→む -> む→る -> る→ぷ -> ぷ→ず -> ず→む -> む→る -> る→ぷ -> ぷ→ず -> ず→ら -> ら→ず -> ず→ら -> ら→る -> る→べ -> べ→る -> る→ぐ -> ぐ→る -> る→び -> び→ず -> ず→れ -> れ→ず -> ず→れ -> れ→ず -> ず→め -> め→ず -> ず→つ -> つ→ず -> ず→つ -> つ→ず -> ず→つ -> つ→る -> る→ね -> ね→ず -> ず→つ -> つ→る -> る→む -> む→る -> る→む -> む→る -> る→む -> む→ず -> ず→つ -> つ→る -> る→げ -> げ→る -> る→ゆ -> ゆ→る -> る→ゆ -> ゆ→る -> る→つ -> つ→る -> る→つ -> つ→る -> る→つ -> つ→る -> る→つ -> つ→る -> る→つ -> つ→る -> る→よ -> よ→ず -> ず→も -> も→ず -> ず→が -> が→ず -> ず→よ -> よ→ず -> ず→よ -> よ→ず -> ず→そ -> そ→ず -> ず→に -> に→ず -> ず→み -> み→ず -> ず→み -> み→ず -> ず→う -> う→ず -> ず→う -> う→ず -> ず→う -> う→ず -> ず→う -> う→ず -> ず→う -> う→ず -> ず→う -> う→ず -> ず→う -> う→る -> る→よ -> よ→ず -> ず→う -> う→る -> る→な -> な→ず -> ず→う -> う→る -> る→な -> な→ず -> ず→う -> う→る -> る→う -> う→る -> る→う -> う→る -> る→う -> う→る -> る→う -> う→る -> る→う -> う→る -> る→う -> う→る -> る→う -> う→び -> び→ず -> ず→う -> う→ぬ -> ぬ→つ -> つ→べ -> べ→む -> む→ぽ -> ぽ→ず -> ず→う -> う→ぞ -> ぞ→ぴ -> ぴ→ず -> ず→う -> う→む -> む→ぷ -> ぷ→る -> る→う -> う→む -> む→ぜ -> ぜ→る -> る→う -> う→む -> む→ぜ -> ぜ→る -> る→う -> う→む
alpha_beta vs greedy,alpha_beta,greedy,D50000_seed0_alpha_beta_vs_greedy_0,50000,0,first,ended_with_n,154,second,greedy,む,3750,55,10,1,0,,,む,ぐ,ぐ,6.5e-05,False,-6404.5,,,,,47,ず→ず -> ず→ず -> ず→る -> る→る -> る→る -> る→る -> る→る -> る→ぽ -> ぽ→ず -> ず→ぷ -> ぷ→ず -> ず→む -> む→る -> る→ぷ -> ぷ→ず -> ず→む -> む→る -> る→ぷ -> ぷ→ず -> ず→ら -> ら→ず -> ず→ら -> ら→る -> る→べ -> べ→る -> る→ぐ -> ぐ→る -> る→び -> び→ず -> ず→れ -> れ→ず -> ず→れ -> れ→ず -> ず→め -> め→ず -> ず→つ -> つ→ず -> ず→つ -> つ→ず -> ず→つ -> つ→る -> る→ね -> ね→ず -> ず→つ -> つ→る -> る→む -> む→る -> る→む -> む→る -> る→む -> む→ず -> ず→つ -> つ→る -> る→げ -> げ→る -> る→ゆ -> ゆ→る -> る→ゆ -> ゆ→る -> る→つ -> つ→る -> る→つ -> つ→る -> る→つ -> つ→る -> る→つ -> つ→る -> る→つ -> つ→る -> る→よ -> よ→ず -> ず→も -> も→ず -> ず→が -> が→ず -> ず→よ -> よ→ず -> ず→よ -> よ→ず -> ず→そ -> そ→ず -> ず→に -> に→ず -> ず→み -> み→ず -> ず→み -> み→ず -> ず→う -> う→ず -> ず→う -> う→ず -> ず→う -> う→ず -> ず→う -> う→ず -> ず→う -> う→ず -> ず→う -> う→ず -> ず→う -> う→る -> る→よ -> よ→ず -> ず→う -> う→る -> る→な -> な→ず -> ず→う -> う→る -> る→な -> な→ず -> ず→う -> う→る -> る→う -> う→る -> る→う -> う→る -> る→う -> う→る -> る→う -> う→る -> る→う -> う→る -> る→う -> う→る -> る→う -> う→び -> び→ず -> ず→う -> う→ぬ -> ぬ→つ -> つ→べ -> べ→む -> む→ぽ -> ぽ→ず -> ず→う -> う→ぞ -> ぞ→ぴ -> ぴ→ず -> ず→う -> う→む -> む→ぷ -> ぷ→る -> る→う -> う→む -> む→ぜ -> ぜ→る -> る→う -> う→む -> む→ぜ -> ぜ→る -> る→う -> う→む -> む→ぐ
alpha_beta vs greedy,alpha_beta,greedy,D50000_seed0_alpha_beta_vs_greedy_0,50000,0,first,ended_with_n,155,first,alpha_beta,ぐ,700,10,20,2,1,,,ぐ,ず,ず,0.112641,False,-2901.0,4,4,True,406,20,ず→ず -> ず→ず -> ず→る -> る→る -> る→る -> る→る -> る→る -> る→ぽ -> ぽ→ず -> ず→ぷ -> ぷ→ず -> ず→む -> む→る -> る→ぷ -> ぷ→ず -> ず→む -> む→る -> る→ぷ -> ぷ→ず -> ず→ら -> ら→ず -> ず→ら -> ら→る -> る→べ -> べ→る -> る→ぐ -> ぐ→る -> る→び -> び→ず -> ず→れ -> れ→ず -> ず→れ -> れ→ず -> ず→め -> め→ず -> ず→つ -> つ→ず -> ず→つ -> つ→ず -> ず→つ -> つ→る -> る→ね -> ね→ず -> ず→つ -> つ→る -> る→む -> む→る -> る→む -> む→る -> る→む -> む→ず -> ず→つ -> つ→る -> る→げ -> げ→る -> る→ゆ -> ゆ→る -> る→ゆ -> ゆ→る -> る→つ -> つ→る -> る→つ -> つ→る -> る→つ -> つ→る -> る→つ -> つ→る -> る→つ -> つ→る -> る→よ -> よ→ず -> ず→も -> も→ず -> ず→が -> が→ず -> ず→よ -> よ→ず -> ず→よ -> よ→ず -> ず→そ -> そ→ず -> ず→に -> に→ず -> ず→み -> み→ず -> ず→み -> み→ず -> ず→う -> う→ず -> ず→う -> う→ず -> ず→う -> う→ず -> ず→う -> う→ず -> ず→う -> う→ず -> ず→う -> う→ず -> ず→う -> う→る -> る→よ -> よ→ず -> ず→う -> う→る -> る→な -> な→ず -> ず→う -> う→る -> る→な -> な→ず -> ず→う -> う→る -> る→う -> う→る -> る→う -> う→る -> る→う -> う→る -> る→う -> う→る -> る→う -> う→る -> る→う -> う→る -> る→う -> う→び -> び→ず -> ず→う -> う→ぬ -> ぬ→つ -> つ→べ -> べ→む -> む→ぽ -> ぽ→ず -> ず→う -> う→ぞ -> ぞ→ぴ -> ぴ→ず -> ず→う -> う→む -> む→ぷ -> ぷ→る -> る→う -> う→む -> む→ぜ -> ぜ→る -> る→う -> う→む -> む→ぜ -> ぜ→る -> る→う -> う→む -> む→ぐ -> ぐ→ず
alpha_beta vs greedy,alpha_beta,greedy,D50000_seed0_alpha_beta_vs_greedy_0,50000,0,first,ended_with_n,156,second,greedy,ず,1362,20,2,3,2,,,ず,う,う,2e-05,False,-15521.5,,,,,13,ず→ず -> ず→ず -> ず→る -> る→る -> る→る -> る→る -> る→る -> る→ぽ -> ぽ→ず -> ず→ぷ -> ぷ→ず -> ず→む -> む→る -> る→ぷ -> ぷ→ず -> ず→む -> む→る -> る→ぷ -> ぷ→ず -> ず→ら -> ら→ず -> ず→ら -> ら→る -> る→べ -> べ→る -> る→ぐ -> ぐ→る -> る→び -> び→ず -> ず→れ -> れ→ず -> ず→れ -> れ→ず -> ず→め -> め→ず -> ず→つ -> つ→ず -> ず→つ -> つ→ず -> ず→つ -> つ→る -> る→ね -> ね→ず -> ず→つ -> つ→る -> る→む -> む→る -> る→む -> む→る -> る→む -> む→ず -> ず→つ -> つ→る -> る→げ -> げ→る -> る→ゆ -> ゆ→る -> る→ゆ -> ゆ→る -> る→つ -> つ→る -> る→つ -> つ→る -> る→つ -> つ→る -> る→つ -> つ→る -> る→つ -> つ→る -> る→よ -> よ→ず -> ず→も -> も→ず -> ず→が -> が→ず -> ず→よ -> よ→ず -> ず→よ -> よ→ず -> ず→そ -> そ→ず -> ず→に -> に→ず -> ず→み -> み→ず -> ず→み -> み→ず -> ず→う -> う→ず -> ず→う -> う→ず -> ず→う -> う→ず -> ず→う -> う→ず -> ず→う -> う→ず -> ず→う -> う→ず -> ず→う -> う→る -> る→よ -> よ→ず -> ず→う -> う→る -> る→な -> な→ず -> ず→う -> う→る -> る→な -> な→ず -> ず→う -> う→る -> る→う -> う→る -> る→う -> う→る -> る→う -> う→る -> る→う -> う→る -> る→う -> う→る -> る→う -> う→る -> る→う -> う→び -> び→ず -> ず→う -> う→ぬ -> ぬ→つ -> つ→べ -> べ→む -> む→ぽ -> ぽ→ず -> ず→う -> う→ぞ -> ぞ→ぴ -> ぴ→ず -> ず→う -> う→む -> む→ぷ -> ぷ→る -> る→う -> う→む -> む→ぜ -> ぜ→る -> る→う -> う→む -> む→ぜ -> ぜ→る -> る→う -> う→む -> む→ぐ -> ぐ→ず -> ず→う
alpha_beta vs greedy,alpha_beta,greedy,D50000_seed0_alpha_beta_vs_greedy_0,50000,0,first,ended_with_n,157,first,alpha_beta,う,187,2,51,2,1,,,う,ぼ,ぼ,0.200008,True,-0.0,4,3,True,448,15,ず→ず -> ず→ず -> ず→る -> る→る -> る→る -> る→る -> る→る -> る→ぽ -> ぽ→ず -> ず→ぷ -> ぷ→ず -> ず→む -> む→る -> る→ぷ -> ぷ→ず -> ず→む -> む→る -> る→ぷ -> ぷ→ず -> ず→ら -> ら→ず -> ず→ら -> ら→る -> る→べ -> べ→る -> る→ぐ -> ぐ→る -> る→び -> び→ず -> ず→れ -> れ→ず -> ず→れ -> れ→ず -> ず→め -> め→ず -> ず→つ -> つ→ず -> ず→つ -> つ→ず -> ず→つ -> つ→る -> る→ね -> ね→ず -> ず→つ -> つ→る -> る→む -> む→る -> る→む -> む→る -> る→む -> む→ず -> ず→つ -> つ→る -> る→げ -> げ→る -> る→ゆ -> ゆ→る -> る→ゆ -> ゆ→る -> る→つ -> つ→る -> る→つ -> つ→る -> る→つ -> つ→る -> る→つ -> つ→る -> る→つ -> つ→る -> る→よ -> よ→ず -> ず→も -> も→ず -> ず→が -> が→ず -> ず→よ -> よ→ず -> ず→よ -> よ→ず -> ず→そ -> そ→ず -> ず→に -> に→ず -> ず→み -> み→ず -> ず→み -> み→ず -> ず→う -> う→ず -> ず→う -> う→ず -> ず→う -> う→ず -> ず→う -> う→ず -> ず→う -> う→ず -> ず→う -> う→ず -> ず→う -> う→る -> る→よ -> よ→ず -> ず→う -> う→る -> る→な -> な→ず -> ず→う -> う→る -> る→な -> な→ず -> ず→う -> う→る -> る→う -> う→る -> る→う -> う→る -> る→う -> う→る -> る→う -> う→る -> る→う -> う→る -> る→う -> う→る -> る→う -> う→び -> び→ず -> ず→う -> う→ぬ -> ぬ→つ -> つ→べ -> べ→む -> む→ぽ -> ぽ→ず -> ず→う -> う→ぞ -> ぞ→ぴ -> ぴ→ず -> ず→う -> う→む -> む→ぷ -> ぷ→る -> る→う -> う→む -> む→ぜ -> ぜ→る -> る→う -> う→む -> む→ぜ -> ぜ→る -> る→う -> う→む -> む→ぐ -> ぐ→ず -> ず→う -> う→ぼ
alpha_beta vs greedy,alpha_beta,greedy,D50000_seed0_alpha_beta_vs_greedy_0,50000,0,first,ended_with_n,158,second,greedy,ぼ,3488,51,20,2,1,,,ぼ,ず,ず,6.7e-05,False,-706.0,,,,,49,ず→ず -> ず→ず -> ず→る -> る→る -> る→る -> る→る -> る→る -> る→ぽ -> ぽ→ず -> ず→ぷ -> ぷ→ず -> ず→む -> む→る -> る→ぷ -> ぷ→ず -> ず→む -> む→る -> る→ぷ -> ぷ→ず -> ず→ら -> ら→ず -> ず→ら -> ら→る -> る→べ -> べ→る -> る→ぐ -> ぐ→る -> る→び -> び→ず -> ず→れ -> れ→ず -> ず→れ -> れ→ず -> ず→め -> め→ず -> ず→つ -> つ→ず -> ず→つ -> つ→ず -> ず→つ -> つ→る -> る→ね -> ね→ず -> ず→つ -> つ→る -> る→む -> む→る -> る→む -> む→る -> る→む -> む→ず -> ず→つ -> つ→る -> る→げ -> げ→る -> る→ゆ -> ゆ→る -> る→ゆ -> ゆ→る -> る→つ -> つ→る -> る→つ -> つ→る -> る→つ -> つ→る -> る→つ -> つ→る -> る→つ -> つ→る -> る→よ -> よ→ず -> ず→も -> も→ず -> ず→が -> が→ず -> ず→よ -> よ→ず -> ず→よ -> よ→ず -> ず→そ -> そ→ず -> ず→に -> に→ず -> ず→み -> み→ず -> ず→み -> み→ず -> ず→う -> う→ず -> ず→う -> う→ず -> ず→う -> う→ず -> ず→う -> う→ず -> ず→う -> う→ず -> ず→う -> う→ず -> ず→う -> う→る -> る→よ -> よ→ず -> ず→う -> う→る -> る→な -> な→ず -> ず→う -> う→る -> る→な -> な→ず -> ず→う -> う→る -> る→う -> う→る -> る→う -> う→る -> る→う -> う→る -> る→う -> う→る -> る→う -> う→る -> る→う -> う→る -> る→う -> う→び -> び→ず -> ず→う -> う→ぬ -> ぬ→つ -> つ→べ -> べ→む -> む→ぽ -> ぽ→ず -> ず→う -> う→ぞ -> ぞ→ぴ -> ぴ→ず -> ず→う -> う→む -> む→ぷ -> ぷ→る -> る→う -> う→む -> む→ぜ -> ぜ→る -> る→う -> う→む -> む→ぜ -> ぜ→る -> る→う -> う→む -> む→ぐ -> ぐ→ず -> ず→う -> う→ぼ -> ぼ→ず
alpha_beta vs greedy,alpha_beta,greedy,D50000_seed0_alpha_beta_vs_greedy_0,50000,0,first,ended_with_n,159,first,alpha_beta,ず,1362,20,2,2,1,,,ず,う,う,0.023446,False,2901.0,3,3,True,27,13,ず→ず -> ず→ず -> ず→る -> る→る -> る→る -> る→る -> る→る -> る→ぽ -> ぽ→ず -> ず→ぷ -> ぷ→ず -> ず→む -> む→る -> る→ぷ -> ぷ→ず -> ず→む -> む→る -> る→ぷ -> ぷ→ず -> ず→ら -> ら→ず -> ず→ら -> ら→る -> る→べ -> べ→る -> る→ぐ -> ぐ→る -> る→び -> び→ず -> ず→れ -> れ→ず -> ず→れ -> れ→ず -> ず→め -> め→ず -> ず→つ -> つ→ず -> ず→つ -> つ→ず -> ず→つ -> つ→る -> る→ね -> ね→ず -> ず→つ -> つ→る -> る→む -> む→る -> る→む -> む→る -> る→む -> む→ず -> ず→つ -> つ→る -> る→げ -> げ→る -> る→ゆ -> ゆ→る -> る→ゆ -> ゆ→る -> る→つ -> つ→る -> る→つ -> つ→る -> る→つ -> つ→る -> る→つ -> つ→る -> る→つ -> つ→る -> る→よ -> よ→ず -> ず→も -> も→ず -> ず→が -> が→ず -> ず→よ -> よ→ず -> ず→よ -> よ→ず -> ず→そ -> そ→ず -> ず→に -> に→ず -> ず→み -> み→ず -> ず→み -> み→ず -> ず→う -> う→ず -> ず→う -> う→ず -> ず→う -> う→ず -> ず→う -> う→ず -> ず→う -> う→ず -> ず→う -> う→ず -> ず→う -> う→る -> る→よ -> よ→ず -> ず→う -> う→る -> る→な -> な→ず -> ず→う -> う→る -> る→な -> な→ず -> ず→う -> う→る -> る→う -> う→る -> る→う -> う→る -> る→う -> う→る -> る→う -> う→る -> る→う -> う→る -> る→う -> う→る -> る→う -> う→び -> び→ず -> ず→う -> う→ぬ -> ぬ→つ -> つ→べ -> べ→む -> む→ぽ -> ぽ→ず -> ず→う -> う→ぞ -> ぞ→ぴ -> ぴ→ず -> ず→う -> う→む -> む→ぷ -> ぷ→る -> る→う -> う→む -> む→ぜ -> ぜ→る -> る→う -> う→む -> む→ぜ -> ぜ→る -> る→う -> う→む -> む→ぐ -> ぐ→ず -> ず→う -> う→ぼ -> ぼ→ず -> ず→う
alpha_beta vs greedy,alpha_beta,greedy,D50000_seed0_alpha_beta_vs_greedy_0,50000,0,first,ended_with_n,160,second,greedy,う,152,2,16,2,1,,,う,ざ,ざ,7.9e-05,False,-4299.0,,,,,58,ず→ず -> ず→ず -> ず→る -> る→る -> る→る -> る→る -> る→る -> る→ぽ -> ぽ→ず -> ず→ぷ -> ぷ→ず -> ず→む -> む→る -> る→ぷ -> ぷ→ず -> ず→む -> む→る -> る→ぷ -> ぷ→ず -> ず→ら -> ら→ず -> ず→ら -> ら→る -> る→べ -> べ→る -> る→ぐ -> ぐ→る -> る→び -> び→ず -> ず→れ -> れ→ず -> ず→れ -> れ→ず -> ず→め -> め→ず -> ず→つ -> つ→ず -> ず→つ -> つ→ず -> ず→つ -> つ→る -> る→ね -> ね→ず -> ず→つ -> つ→る -> る→む -> む→る -> る→む -> む→る -> る→む -> む→ず -> ず→つ -> つ→る -> る→げ -> げ→る -> る→ゆ -> ゆ→る -> る→ゆ -> ゆ→る -> る→つ -> つ→る -> る→つ -> つ→る -> る→つ -> つ→る -> る→つ -> つ→る -> る→つ -> つ→る -> る→よ -> よ→ず -> ず→も -> も→ず -> ず→が -> が→ず -> ず→よ -> よ→ず -> ず→よ -> よ→ず -> ず→そ -> そ→ず -> ず→に -> に→ず -> ず→み -> み→ず -> ず→み -> み→ず -> ず→う -> う→ず -> ず→う -> う→ず -> ず→う -> う→ず -> ず→う -> う→ず -> ず→う -> う→ず -> ず→う -> う→ず -> ず→う -> う→る -> る→よ -> よ→ず -> ず→う -> う→る -> る→な -> な→ず -> ず→う -> う→る -> る→な -> な→ず -> ず→う -> う→る -> る→う -> う→る -> る→う -> う→る -> る→う -> う→る -> る→う -> う→る -> る→う -> う→る -> る→う -> う→る -> る→う -> う→び -> び→ず -> ず→う -> う→ぬ -> ぬ→つ -> つ→べ -> べ→む -> む→ぽ -> ぽ→ず -> ず→う -> う→ぞ -> ぞ→ぴ -> ぴ→ず -> ず→う -> う→む -> む→ぷ -> ぷ→る -> る→う -> う→む -> む→ぜ -> ぜ→る -> る→う -> う→む -> む→ぜ -> ぜ→る -> る→う -> う→む -> む→ぐ -> ぐ→ず -> ず→う -> う→ぼ -> ぼ→ず -> ず→う -> う→ざ
alpha_beta vs greedy,alpha_beta,greedy,D50000_seed0_alpha_beta_vs_greedy_0,50000,0,first,ended_with_n,161,first,alpha_beta,ざ,1143,16,55,3,2,,,ざ,む,む,0.041677,False,4386.5,3,3,True,47,20,ず→ず -> ず→ず -> ず→る -> る→る -> る→る -> る→る -> る→る -> る→ぽ -> ぽ→ず -> ず→ぷ -> ぷ→ず -> ず→む -> む→る -> る→ぷ -> ぷ→ず -> ず→む -> む→る -> る→ぷ -> ぷ→ず -> ず→ら -> ら→ず -> ず→ら -> ら→る -> る→べ -> べ→る -> る→ぐ -> ぐ→る -> る→び -> び→ず -> ず→れ -> れ→ず -> ず→れ -> れ→ず -> ず→め -> め→ず -> ず→つ -> つ→ず -> ず→つ -> つ→ず -> ず→つ -> つ→る -> る→ね -> ね→ず -> ず→つ -> つ→る -> る→む -> む→る -> る→む -> む→る -> る→む -> む→ず -> ず→つ -> つ→る -> る→げ -> げ→る -> る→ゆ -> ゆ→る -> る→ゆ -> ゆ→る -> る→つ -> つ→る -> る→つ -> つ→る -> る→つ -> つ→る -> る→つ -> つ→る -> る→つ -> つ→る -> る→よ -> よ→ず -> ず→も -> も→ず -> ず→が -> が→ず -> ず→よ -> よ→ず -> ず→よ -> よ→ず -> ず→そ -> そ→ず -> ず→に -> に→ず -> ず→み -> み→ず -> ず→み -> み→ず -> ず→う -> う→ず -> ず→う -> う→ず -> ず→う -> う→ず -> ず→う -> う→ず -> ず→う -> う→ず -> ず→う -> う→ず -> ず→う -> う→る -> る→よ -> よ→ず -> ず→う -> う→る -> る→な -> な→ず -> ず→う -> う→る -> る→な -> な→ず -> ず→う -> う→る -> る→う -> う→る -> る→う -> う→る -> る→う -> う→る -> る→う -> う→る -> る→う -> う→る -> る→う -> う→る -> る→う -> う→び -> び→ず -> ず→う -> う→ぬ -> ぬ→つ -> つ→べ -> べ→む -> む→ぽ -> ぽ→ず -> ず→う -> う→ぞ -> ぞ→ぴ -> ぴ→ず -> ず→う -> う→む -> む→ぷ -> ぷ→る -> る→う -> う→む -> む→ぜ -> ぜ→る -> る→う -> う→む -> む→ぜ -> ぜ→る -> る→う -> う→む -> む→ぐ -> ぐ→ず -> ず→う -> う→ぼ -> ぼ→ず -> ず→う -> う→ざ -> ざ→む
alpha_beta vs greedy,alpha_beta,greedy,D50000_seed0_alpha_beta_vs_greedy_0,50000,0,first,ended_with_n,162,second,greedy,む,3777,55,37,2,1,,,む,の,の,6.4e-05,False,-6770.5,,,,,46,ず→ず -> ず→ず -> ず→る -> る→る -> る→る -> る→る -> る→る -> る→ぽ -> ぽ→ず -> ず→ぷ -> ぷ→ず -> ず→む -> む→る -> る→ぷ -> ぷ→ず -> ず→む -> む→る -> る→ぷ -> ぷ→ず -> ず→ら -> ら→ず -> ず→ら -> ら→る -> る→べ -> べ→る -> る→ぐ -> ぐ→る -> る→び -> び→ず -> ず→れ -> れ→ず -> ず→れ -> れ→ず -> ず→め -> め→ず -> ず→つ -> つ→ず -> ず→つ -> つ→ず -> ず→つ -> つ→る -> る→ね -> ね→ず -> ず→つ -> つ→る -> る→む -> む→る -> る→む -> む→る -> る→む -> む→ず -> ず→つ -> つ→る -> る→げ -> げ→る -> る→ゆ -> ゆ→る -> る→ゆ -> ゆ→る -> る→つ -> つ→る -> る→つ -> つ→る -> る→つ -> つ→る -> る→つ -> つ→る -> る→つ -> つ→る -> る→よ -> よ→ず -> ず→も -> も→ず -> ず→が -> が→ず -> ず→よ -> よ→ず -> ず→よ -> よ→ず -> ず→そ -> そ→ず -> ず→に -> に→ず -> ず→み -> み→ず -> ず→み -> み→ず -> ず→う -> う→ず -> ず→う -> う→ず -> ず→う -> う→ず -> ず→う -> う→ず -> ず→う -> う→ず -> ず→う -> う→ず -> ず→う -> う→る -> る→よ -> よ→ず -> ず→う -> う→る -> る→な -> な→ず -> ず→う -> う→る -> る→な -> な→ず -> ず→う -> う→る -> る→う -> う→る -> る→う -> う→る -> る→う -> う→る -> る→う -> う→る -> る→う -> う→る -> る→う -> う→る -> る→う -> う→び -> び→ず -> ず→う -> う→ぬ -> ぬ→つ -> つ→べ -> べ→む -> む→ぽ -> ぽ→ず -> ず→う -> う→ぞ -> ぞ→ぴ -> ぴ→ず -> ず→う -> う→む -> む→ぷ -> ぷ→る -> る→う -> う→む -> む→ぜ -> ぜ→る -> る→う -> う→む -> む→ぜ -> ぜ→る -> る→う -> う→む -> む→ぐ -> ぐ→ず -> ず→う -> う→ぼ -> ぼ→ず -> ず→う -> う→ざ -> ざ→む -> む→の
alpha_beta vs greedy,alpha_beta,greedy,D50000_seed0_alpha_beta_vs_greedy_0,50000,0,first,ended_with_n,163,first,alpha_beta,の,2571,37,55,6,5,,,の,む,む,0.040246,False,4371.5,3,4,True,49,20,ず→ず -> ず→ず -> ず→る -> る→る -> る→る -> る→る -> る→る -> る→ぽ -> ぽ→ず -> ず→ぷ -> ぷ→ず -> ず→む -> む→る -> る→ぷ -> ぷ→ず -> ず→む -> む→る -> る→ぷ -> ぷ→ず -> ず→ら -> ら→ず -> ず→ら -> ら→る -> る→べ -> べ→る -> る→ぐ -> ぐ→る -> る→び -> び→ず -> ず→れ -> れ→ず -> ず→れ -> れ→ず -> ず→め -> め→ず -> ず→つ -> つ→ず -> ず→つ -> つ→ず -> ず→つ -> つ→る -> る→ね -> ね→ず -> ず→つ -> つ→る -> る→む -> む→る -> る→む -> む→る -> る→む -> む→ず -> ず→つ -> つ→る -> る→げ -> げ→る -> る→ゆ -> ゆ→る -> る→ゆ -> ゆ→る -> る→つ -> つ→る -> る→つ -> つ→る -> る→つ -> つ→る -> る→つ -> つ→る -> る→つ -> つ→る -> る→よ -> よ→ず -> ず→も -> も→ず -> ず→が -> が→ず -> ず→よ -> よ→ず -> ず→よ -> よ→ず -> ず→そ -> そ→ず -> ず→に -> に→ず -> ず→み -> み→ず -> ず→み -> み→ず -> ず→う -> う→ず -> ず→う -> う→ず -> ず→う -> う→ず -> ず→う -> う→ず -> ず→う -> う→ず -> ず→う -> う→ず -> ず→う -> う→る -> る→よ -> よ→ず -> ず→う -> う→る -> る→な -> な→ず -> ず→う -> う→る -> る→な -> な→ず -> ず→う -> う→る -> る→う -> う→る -> る→う -> う→る -> る→う -> う→る -> る→う -> う→る -> る→う -> う→る -> る→う -> う→る -> る→う -> う→び -> び→ず -> ず→う -> う→ぬ -> ぬ→つ -> つ→べ -> べ→む -> む→ぽ -> ぽ→ず -> ず→う -> う→ぞ -> ぞ→ぴ -> ぴ→ず -> ず→う -> う→む -> む→ぷ -> ぷ→る -> る→う -> う→む -> む→ぜ -> ぜ→る -> る→う -> う→む -> む→ぜ -> ぜ→る -> る→う -> う→む -> む→ぐ -> ぐ→ず -> ず→う -> う→ぼ -> ぼ→ず -> ず→う -> う→ざ -> ざ→む -> む→の -> の→む
alpha_beta vs greedy,alpha_beta,greedy,D50000_seed0_alpha_beta_vs_greedy_0,50000,0,first,ended_with_n,164,second,greedy,む,3777,55,37,1,0,,,む,の,の,6.4e-05,False,-6747.5,,,,,46,ず→ず -> ず→ず -> ず→る -> る→る -> る→る -> る→る -> る→る -> る→ぽ -> ぽ→ず -> ず→ぷ -> ぷ→ず -> ず→む -> む→る -> る→ぷ -> ぷ→ず -> ず→む -> む→る -> る→ぷ -> ぷ→ず -> ず→ら -> ら→ず -> ず→ら -> ら→る -> る→べ -> べ→る -> る→ぐ -> ぐ→る -> る→び -> び→ず -> ず→れ -> れ→ず -> ず→れ -> れ→ず -> ず→め -> め→ず -> ず→つ -> つ→ず -> ず→つ -> つ→ず -> ず→つ -> つ→る -> る→ね -> ね→ず -> ず→つ -> つ→る -> る→む -> む→る -> る→む -> む→る -> る→む -> む→ず -> ず→つ -> つ→る -> る→げ -> げ→る -> る→ゆ -> ゆ→る -> る→ゆ -> ゆ→る -> る→つ -> つ→る -> る→つ -> つ→る -> る→つ -> つ→る -> る→つ -> つ→る -> る→つ -> つ→る -> る→よ -> よ→ず -> ず→も -> も→ず -> ず→が -> が→ず -> ず→よ -> よ→ず -> ず→よ -> よ→ず -> ず→そ -> そ→ず -> ず→に -> に→ず -> ず→み -> み→ず -> ず→み -> み→ず -> ず→う -> う→ず -> ず→う -> う→ず -> ず→う -> う→ず -> ず→う -> う→ず -> ず→う -> う→ず -> ず→う -> う→ず -> ず→う -> う→る -> る→よ -> よ→ず -> ず→う -> う→る -> る→な -> な→ず -> ず→う -> う→る -> る→な -> な→ず -> ず→う -> う→る -> る→う -> う→る -> る→う -> う→る -> る→う -> う→る -> る→う -> う→る -> る→う -> う→る -> る→う -> う→る -> る→う -> う→び -> び→ず -> ず→う -> う→ぬ -> ぬ→つ -> つ→べ -> べ→む -> む→ぽ -> ぽ→ず -> ず→う -> う→ぞ -> ぞ→ぴ -> ぴ→ず -> ず→う -> う→む -> む→ぷ -> ぷ→る -> る→う -> う→む -> む→ぜ -> ぜ→る -> る→う -> う→む -> む→ぜ -> ぜ→る -> る→う -> う→む -> む→ぐ -> ぐ→ず -> ず→う -> う→ぼ -> ぼ→ず -> ず→う -> う→ざ -> ざ→む -> む→の -> の→む -> む→の
alpha_beta vs greedy,alpha_beta,greedy,D50000_seed0_alpha_beta_vs_greedy_0,50000,0,first,ended_with_n,165,first,alpha_beta,の,2536,37,20,4,3,,,の,ず,ず,0.104778,False,-2901.0,4,4,True,382,20,ず→ず -> ず→ず -> ず→る -> る→る -> る→る -> る→る -> る→る -> る→ぽ -> ぽ→ず -> ず→ぷ -> ぷ→ず -> ず→む -> む→る -> る→ぷ -> ぷ→ず -> ず→む -> む→る -> る→ぷ -> ぷ→ず -> ず→ら -> ら→ず -> ず→ら -> ら→る -> る→べ -> べ→る -> る→ぐ -> ぐ→る -> る→び -> び→ず -> ず→れ -> れ→ず -> ず→れ -> れ→ず -> ず→め -> め→ず -> ず→つ -> つ→ず -> ず→つ -> つ→ず -> ず→つ -> つ→る -> る→ね -> ね→ず -> ず→つ -> つ→る -> る→む -> む→る -> る→む -> む→る -> る→む -> む→ず -> ず→つ -> つ→る -> る→げ -> げ→る -> る→ゆ -> ゆ→る -> る→ゆ -> ゆ→る -> る→つ -> つ→る -> る→つ -> つ→る -> る→つ -> つ→る -> る→つ -> つ→る -> る→つ -> つ→る -> る→よ -> よ→ず -> ず→も -> も→ず -> ず→が -> が→ず -> ず→よ -> よ→ず -> ず→よ -> よ→ず -> ず→そ -> そ→ず -> ず→に -> に→ず -> ず→み -> み→ず -> ず→み -> み→ず -> ず→う -> う→ず -> ず→う -> う→ず -> ず→う -> う→ず -> ず→う -> う→ず -> ず→う -> う→ず -> ず→う -> う→ず -> ず→う -> う→る -> る→よ -> よ→ず -> ず→う -> う→る -> る→な -> な→ず -> ず→う -> う→る -> る→な -> な→ず -> ず→う -> う→る -> る→う -> う→る -> る→う -> う→る -> る→う -> う→る -> る→う -> う→る -> る→う -> う→る -> る→う -> う→る -> る→う -> う→び -> び→ず -> ず→う -> う→ぬ -> ぬ→つ -> つ→べ -> べ→む -> む→ぽ -> ぽ→ず -> ず→う -> う→ぞ -> ぞ→ぴ -> ぴ→ず -> ず→う -> う→む -> む→ぷ -> ぷ→る -> る→う -> う→む -> む→ぜ -> ぜ→る -> る→う -> う→む -> む→ぜ -> ぜ→る -> る→う -> う→む -> む→ぐ -> ぐ→ず -> ず→う -> う→ぼ -> ぼ→ず -> ず→う -> う→ざ -> ざ→む -> む→の -> の→む -> む→の -> の→ず
alpha_beta vs greedy,alpha_beta,greedy,D50000_seed0_alpha_beta_vs_greedy_0,50000,0,first,ended_with_n,166,second,greedy,ず,1362,20,2,1,0,,,ず,う,う,2e-05,False,-15475.5,,,,,13,ず→ず -> ず→ず -> ず→る -> る→る -> る→る -> る→る -> る→る -> る→ぽ -> ぽ→ず -> ず→ぷ -> ぷ→ず -> ず→む -> む→る -> る→ぷ -> ぷ→ず -> ず→む -> む→る -> る→ぷ -> ぷ→ず -> ず→ら -> ら→ず -> ず→ら -> ら→る -> る→べ -> べ→る -> る→ぐ -> ぐ→る -> る→び -> び→ず -> ず→れ -> れ→ず -> ず→れ -> れ→ず -> ず→め -> め→ず -> ず→つ -> つ→ず -> ず→つ -> つ→ず -> ず→つ -> つ→る -> る→ね -> ね→ず -> ず→つ -> つ→る -> る→む -> む→る -> る→む -> む→る -> る→む -> む→ず -> ず→つ -> つ→る -> る→げ -> げ→る -> る→ゆ -> ゆ→る -> る→ゆ -> ゆ→る -> る→つ -> つ→る -> る→つ -> つ→る -> る→つ -> つ→る -> る→つ -> つ→る -> る→つ -> つ→る -> る→よ -> よ→ず -> ず→も -> も→ず -> ず→が -> が→ず -> ず→よ -> よ→ず -> ず→よ -> よ→ず -> ず→そ -> そ→ず -> ず→に -> に→ず -> ず→み -> み→ず -> ず→み -> み→ず -> ず→う -> う→ず -> ず→う -> う→ず -> ず→う -> う→ず -> ず→う -> う→ず -> ず→う -> う→ず -> ず→う -> う→ず -> ず→う -> う→る -> る→よ -> よ→ず -> ず→う -> う→る -> る→な -> な→ず -> ず→う -> う→る -> る→な -> な→ず -> ず→う -> う→る -> る→う -> う→る -> る→う -> う→る -> る→う -> う→る -> る→う -> う→る -> る→う -> う→る -> る→う -> う→る -> る→う -> う→び -> び→ず -> ず→う -> う→ぬ -> ぬ→つ -> つ→べ -> べ→む -> む→ぽ -> ぽ→ず -> ず→う -> う→ぞ -> ぞ→ぴ -> ぴ→ず -> ず→う -> う→む -> む→ぷ -> ぷ→る -> る→う -> う→む -> む→ぜ -> ぜ→る -> る→う -> う→む -> む→ぜ -> ぜ→る -> る→う -> う→む -> む→ぐ -> ぐ→ず -> ず→う -> う→ぼ -> ぼ→ず -> ず→う -> う→ざ -> ざ→む -> む→の -> の→む -> む→の -> の→ず -> ず→う
alpha_beta vs greedy,alpha_beta,greedy,D50000_seed0_alpha_beta_vs_greedy_0,50000,0,first,ended_with_n,167,first,alpha_beta,う,191,2,55,5,4,,,う,む,む,0.151607,False,-2909.0,4,4,True,444,20,ず→ず -> ず→ず -> ず→る -> る→る -> る→る -> る→る -> る→る -> る→ぽ -> ぽ→ず -> ず→ぷ -> ぷ→ず -> ず→む -> む→る -> る→ぷ -> ぷ→ず -> ず→む -> む→る -> る→ぷ -> ぷ→ず -> ず→ら -> ら→ず -> ず→ら -> ら→る -> る→べ -> べ→る -> る→ぐ -> ぐ→る -> る→び -> び→ず -> ず→れ -> れ→ず -> ず→れ -> れ→ず -> ず→め -> め→ず -> ず→つ -> つ→ず -> ず→つ -> つ→ず -> ず→つ -> つ→る -> る→ね -> ね→ず -> ず→つ -> つ→る -> る→む -> む→る -> る→む -> む→る -> る→む -> む→ず -> ず→つ -> つ→る -> る→げ -> げ→る -> る→ゆ -> ゆ→る -> る→ゆ -> ゆ→る -> る→つ -> つ→る -> る→つ -> つ→る -> る→つ -> つ→る -> る→つ -> つ→る -> る→つ -> つ→る -> る→よ -> よ→ず -> ず→も -> も→ず -> ず→が -> が→ず -> ず→よ -> よ→ず -> ず→よ -> よ→ず -> ず→そ -> そ→ず -> ず→に -> に→ず -> ず→み -> み→ず -> ず→み -> み→ず -> ず→う -> う→ず -> ず→う -> う→ず -> ず→う -> う→ず -> ず→う -> う→ず -> ず→う -> う→ず -> ず→う -> う→ず -> ず→う -> う→る -> る→よ -> よ→ず -> ず→う -> う→る -> る→な -> な→ず -> ず→う -> う→る -> る→な -> な→ず -> ず→う -> う→る -> る→う -> う→る -> る→う -> う→る -> る→う -> う→る -> る→う -> う→る -> る→う -> う→る -> る→う -> う→る -> る→う -> う→び -> び→ず -> ず→う -> う→ぬ -> ぬ→つ -> つ→べ -> べ→む -> む→ぽ -> ぽ→ず -> ず→う -> う→ぞ -> ぞ→ぴ -> ぴ→ず -> ず→う -> う→む -> む→ぷ -> ぷ→る -> る→う -> う→む -> む→ぜ -> ぜ→る -> る→う -> う→む -> む→ぜ -> ぜ→る -> る→う -> う→む -> む→ぐ -> ぐ→ず -> ず→う -> う→ぼ -> ぼ→ず -> ず→う -> う→ざ -> ざ→む -> む→の -> の→む -> む→の -> の→ず -> ず→う -> う→む
alpha_beta vs greedy,alpha_beta,greedy,D50000_seed0_alpha_beta_vs_greedy_0,50000,0,first,ended_with_n,168,second,greedy,む,3748,55,8,5,4,,,む,ぎ,ぎ,6.3e-05,False,-7428.0,,,,,45,ず→ず -> ず→ず -> ず→る -> る→る -> る→る -> る→る -> る→る -> る→ぽ -> ぽ→ず -> ず→ぷ -> ぷ→ず -> ず→む -> む→る -> る→ぷ -> ぷ→ず -> ず→む -> む→る -> る→ぷ -> ぷ→ず -> ず→ら -> ら→ず -> ず→ら -> ら→る -> る→べ -> べ→る -> る→ぐ -> ぐ→る -> る→び -> び→ず -> ず→れ -> れ→ず -> ず→れ -> れ→ず -> ず→め -> め→ず -> ず→つ -> つ→ず -> ず→つ -> つ→ず -> ず→つ -> つ→る -> る→ね -> ね→ず -> ず→つ -> つ→る -> る→む -> む→る -> る→む -> む→る -> る→む -> む→ず -> ず→つ -> つ→る -> る→げ -> げ→る -> る→ゆ -> ゆ→る -> る→ゆ -> ゆ→る -> る→つ -> つ→る -> る→つ -> つ→る -> る→つ -> つ→る -> る→つ -> つ→る -> る→つ -> つ→る -> る→よ -> よ→ず -> ず→も -> も→ず -> ず→が -> が→ず -> ず→よ -> よ→ず -> ず→よ -> よ→ず -> ず→そ -> そ→ず -> ず→に -> に→ず -> ず→み -> み→ず -> ず→み -> み→ず -> ず→う -> う→ず -> ず→う -> う→ず -> ず→う -> う→ず -> ず→う -> う→ず -> ず→う -> う→ず -> ず→う -> う→ず -> ず→う -> う→る -> る→よ -> よ→ず -> ず→う -> う→る -> る→な -> な→ず -> ず→う -> う→る -> る→な -> な→ず -> ず→う -> う→る -> る→う -> う→る -> る→う -> う→る -> る→う -> う→る -> る→う -> う→る -> る→う -> う→る -> る→う -> う→る -> る→う -> う→び -> び→ず -> ず→う -> う→ぬ -> ぬ→つ -> つ→べ -> べ→む -> む→ぽ -> ぽ→ず -> ず→う -> う→ぞ -> ぞ→ぴ -> ぴ→ず -> ず→う -> う→む -> む→ぷ -> ぷ→る -> る→う -> う→む -> む→ぜ -> ぜ→る -> る→う -> う→む -> む→ぜ -> ぜ→る -> る→う -> う→む -> む→ぐ -> ぐ→ず -> ず→う -> う→ぼ -> ぼ→ず -> ず→う -> う→ざ -> ざ→む -> む→の -> の→む -> む→の -> の→ず -> ず→う -> う→む -> む→ぎ
alpha_beta vs greedy,alpha_beta,greedy,D50000_seed0_alpha_beta_vs_greedy_0,50000,0,first,ended_with_n,169,first,alpha_beta,ぎ,564,8,20,1,0,,,ぎ,ず,ず,0.053257,False,610.0,4,4,True,349,20,ず→ず -> ず→ず -> ず→る -> る→る -> る→る -> る→る -> る→る -> る→ぽ -> ぽ→ず -> ず→ぷ -> ぷ→ず -> ず→む -> む→る -> る→ぷ -> ぷ→ず -> ず→む -> む→る -> る→ぷ -> ぷ→ず -> ず→ら -> ら→ず -> ず→ら -> ら→る -> る→べ -> べ→る -> る→ぐ -> ぐ→る -> る→び -> び→ず -> ず→れ -> れ→ず -> ず→れ -> れ→ず -> ず→め -> め→ず -> ず→つ -> つ→ず -> ず→つ -> つ→ず -> ず→つ -> つ→る -> る→ね -> ね→ず -> ず→つ -> つ→る -> る→む -> む→る -> る→む -> む→る -> る→む -> む→ず -> ず→つ -> つ→る -> る→げ -> げ→る -> る→ゆ -> ゆ→る -> る→ゆ -> ゆ→る -> る→つ -> つ→る -> る→つ -> つ→る -> る→つ -> つ→る -> る→つ -> つ→る -> る→つ -> つ→る -> る→よ -> よ→ず -> ず→も -> も→ず -> ず→が -> が→ず -> ず→よ -> よ→ず -> ず→よ -> よ→ず -> ず→そ -> そ→ず -> ず→に -> に→ず -> ず→み -> み→ず -> ず→み -> み→ず -> ず→う -> う→ず -> ず→う -> う→ず -> ず→う -> う→ず -> ず→う -> う→ず -> ず→う -> う→ず -> ず→う -> う→ず -> ず→う -> う→る -> る→よ -> よ→ず -> ず→う -> う→る -> る→な -> な→ず -> ず→う -> う→る -> る→な -> な→ず -> ず→う -> う→る -> る→う -> う→る -> る→う -> う→る -> る→う -> う→る -> る→う -> う→る -> る→う -> う→る -> る→う -> う→る -> る→う -> う→び -> び→ず -> ず→う -> う→ぬ -> ぬ→つ -> つ→べ -> べ→む -> む→ぽ -> ぽ→ず -> ず→う -> う→ぞ -> ぞ→ぴ -> ぴ→ず -> ず→う -> う→む -> む→ぷ -> ぷ→る -> る→う -> う→む -> む→ぜ -> ぜ→る -> る→う -> う→む -> む→ぜ -> ぜ→る -> る→う -> う→む -> む→ぐ -> ぐ→ず -> ず→う -> う→ぼ -> ぼ→ず -> ず→う -> う→ざ -> ざ→む -> む→の -> の→む -> む→の -> の→ず -> ず→う -> う→む -> む→ぎ -> ぎ→ず
alpha_beta vs greedy,alpha_beta,greedy,D50000_seed0_alpha_beta_vs_greedy_0,50000,0,first,ended_with_n,170,second,greedy,ず,1369,20,9,2,1,,,ず,く,く,1.8e-05,False,-18381.0,,,,,12,ず→ず -> ず→ず -> ず→る -> る→る -> る→る -> る→る -> る→る -> る→ぽ -> ぽ→ず -> ず→ぷ -> ぷ→ず -> ず→む -> む→る -> る→ぷ -> ぷ→ず -> ず→む -> む→る -> る→ぷ -> ぷ→ず -> ず→ら -> ら→ず -> ず→ら -> ら→る -> る→べ -> べ→る -> る→ぐ -> ぐ→る -> る→び -> び→ず -> ず→れ -> れ→ず -> ず→れ -> れ→ず -> ず→め -> め→ず -> ず→つ -> つ→ず -> ず→つ -> つ→ず -> ず→つ -> つ→る -> る→ね -> ね→ず -> ず→つ -> つ→る -> る→む -> む→る -> る→む -> む→る -> る→む -> む→ず -> ず→つ -> つ→る -> る→げ -> げ→る -> る→ゆ -> ゆ→る -> る→ゆ -> ゆ→る -> る→つ -> つ→る -> る→つ -> つ→る -> る→つ -> つ→る -> る→つ -> つ→る -> る→つ -> つ→る -> る→よ -> よ→ず -> ず→も -> も→ず -> ず→が -> が→ず -> ず→よ -> よ→ず -> ず→よ -> よ→ず -> ず→そ -> そ→ず -> ず→に -> に→ず -> ず→み -> み→ず -> ず→み -> み→ず -> ず→う -> う→ず -> ず→う -> う→ず -> ず→う -> う→ず -> ず→う -> う→ず -> ず→う -> う→ず -> ず→う -> う→ず -> ず→う -> う→る -> る→よ -> よ→ず -> ず→う -> う→る -> る→な -> な→ず -> ず→う -> う→る -> る→な -> な→ず -> ず→う -> う→る -> る→う -> う→る -> る→う -> う→る -> る→う -> う→る -> る→う -> う→る -> る→う -> う→る -> る→う -> う→る -> る→う -> う→び -> び→ず -> ず→う -> う→ぬ -> ぬ→つ -> つ→べ -> べ→む -> む→ぽ -> ぽ→ず -> ず→う -> う→ぞ -> ぞ→ぴ -> ぴ→ず -> ず→う -> う→む -> む→ぷ -> ぷ→る -> る→う -> う→む -> む→ぜ -> ぜ→る -> る→う -> う→む -> む→ぜ -> ぜ→る -> る→う -> う→む -> む→ぐ -> ぐ→ず -> ず→う -> う→ぼ -> ぼ→ず -> ず→う -> う→ざ -> ざ→む -> む→の -> の→む -> む→の -> の→ず -> ず→う -> う→む -> む→ぎ -> ぎ→ず -> ず→く
alpha_beta vs greedy,alpha_beta,greedy,D50000_seed0_alpha_beta_vs_greedy_0,50000,0,first,ended_with_n,171,first,alpha_beta,く,632,9,20,8,7,,,く,ず,ず,0.051758,False,610.0,4,4,True,348,20,ず→ず -> ず→ず -> ず→る -> る→る -> る→る -> る→る -> る→る -> る→ぽ -> ぽ→ず -> ず→ぷ -> ぷ→ず -> ず→む -> む→る -> る→ぷ -> ぷ→ず -> ず→む -> む→る -> る→ぷ -> ぷ→ず -> ず→ら -> ら→ず -> ず→ら -> ら→る -> る→べ -> べ→る -> る→ぐ -> ぐ→る -> る→び -> び→ず -> ず→れ -> れ→ず -> ず→れ -> れ→ず -> ず→め -> め→ず -> ず→つ -> つ→ず -> ず→つ -> つ→ず -> ず→つ -> つ→る -> る→ね -> ね→ず -> ず→つ -> つ→る -> る→む -> む→る -> る→む -> む→る -> る→む -> む→ず -> ず→つ -> つ→る -> る→げ -> げ→る -> る→ゆ -> ゆ→る -> る→ゆ -> ゆ→る -> る→つ -> つ→る -> る→つ -> つ→る -> る→つ -> つ→る -> る→つ -> つ→る -> る→つ -> つ→る -> る→よ -> よ→ず -> ず→も -> も→ず -> ず→が -> が→ず -> ず→よ -> よ→ず -> ず→よ -> よ→ず -> ず→そ -> そ→ず -> ず→に -> に→ず -> ず→み -> み→ず -> ず→み -> み→ず -> ず→う -> う→ず -> ず→う -> う→ず -> ず→う -> う→ず -> ず→う -> う→ず -> ず→う -> う→ず -> ず→う -> う→ず -> ず→う -> う→る -> る→よ -> よ→ず -> ず→う -> う→る -> る→な -> な→ず -> ず→う -> う→る -> る→な -> な→ず -> ず→う -> う→る -> る→う -> う→る -> る→う -> う→る -> る→う -> う→る -> る→う -> う→る -> る→う -> う→る -> る→う -> う→る -> る→う -> う→び -> び→ず -> ず→う -> う→ぬ -> ぬ→つ -> つ→べ -> べ→む -> む→ぽ -> ぽ→ず -> ず→う -> う→ぞ -> ぞ→ぴ -> ぴ→ず -> ず→う -> う→む -> む→ぷ -> ぷ→る -> る→う -> う→む -> む→ぜ -> ぜ→る -> る→う -> う→む -> む→ぜ -> ぜ→る -> る→う -> う→む -> む→ぐ -> ぐ→ず -> ず→う -> う→ぼ -> ぼ→ず -> ず→う -> う→ざ -> ざ→む -> む→の -> の→む -> む→の -> の→ず -> ず→う -> う→む -> む→ぎ -> ぎ→ず -> ず→く -> く→ず
alpha_beta vs greedy,alpha_beta,greedy,D50000_seed0_alpha_beta_vs_greedy_0,50000,0,first,ended_with_n,172,second,greedy,ず,1369,20,9,1,0,,,ず,く,く,1.8e-05,False,-18358.0,,,,,12,ず→ず -> ず→ず -> ず→る -> る→る -> る→る -> る→る -> る→る -> る→ぽ -> ぽ→ず -> ず→ぷ -> ぷ→ず -> ず→む -> む→る -> る→ぷ -> ぷ→ず -> ず→む -> む→る -> る→ぷ -> ぷ→ず -> ず→ら -> ら→ず -> ず→ら -> ら→る -> る→べ -> べ→る -> る→ぐ -> ぐ→る -> る→び -> び→ず -> ず→れ -> れ→ず -> ず→れ -> れ→ず -> ず→め -> め→ず -> ず→つ -> つ→ず -> ず→つ -> つ→ず -> ず→つ -> つ→る -> る→ね -> ね→ず -> ず→つ -> つ→る -> る→む -> む→る -> る→む -> む→る -> る→む -> む→ず -> ず→つ -> つ→る -> る→げ -> げ→る -> る→ゆ -> ゆ→る -> る→ゆ -> ゆ→る -> る→つ -> つ→る -> る→つ -> つ→る -> る→つ -> つ→る -> る→つ -> つ→る -> る→つ -> つ→る -> る→よ -> よ→ず -> ず→も -> も→ず -> ず→が -> が→ず -> ず→よ -> よ→ず -> ず→よ -> よ→ず -> ず→そ -> そ→ず -> ず→に -> に→ず -> ず→み -> み→ず -> ず→み -> み→ず -> ず→う -> う→ず -> ず→う -> う→ず -> ず→う -> う→ず -> ず→う -> う→ず -> ず→う -> う→ず -> ず→う -> う→ず -> ず→う -> う→る -> る→よ -> よ→ず -> ず→う -> う→る -> る→な -> な→ず -> ず→う -> う→る -> る→な -> な→ず -> ず→う -> う→る -> る→う -> う→る -> る→う -> う→る -> る→う -> う→る -> る→う -> う→る -> る→う -> う→る -> る→う -> う→る -> る→う -> う→び -> び→ず -> ず→う -> う→ぬ -> ぬ→つ -> つ→べ -> べ→む -> む→ぽ -> ぽ→ず -> ず→う -> う→ぞ -> ぞ→ぴ -> ぴ→ず -> ず→う -> う→む -> む→ぷ -> ぷ→る -> る→う -> う→む -> む→ぜ -> ぜ→る -> る→う -> う→む -> む→ぜ -> ぜ→る -> る→う -> う→む -> む→ぐ -> ぐ→ず -> ず→う -> う→ぼ -> ぼ→ず -> ず→う -> う→ざ -> ざ→む -> む→の -> の→む -> む→の -> の→ず -> ず→う -> う→む -> む→ぎ -> ぎ→ず -> ず→く -> く→ず -> ず→く
alpha_beta vs greedy,alpha_beta,greedy,D50000_seed0_alpha_beta_vs_greedy_0,50000,0,first,ended_with_n,173,first,alpha_beta,く,632,9,20,7,6,,,く,ず,ず,0.046678,False,610.0,4,4,True,320,20,ず→ず -> ず→ず -> ず→る -> る→る -> る→る -> る→る -> る→る -> る→ぽ -> ぽ→ず -> ず→ぷ -> ぷ→ず -> ず→む -> む→る -> る→ぷ -> ぷ→ず -> ず→む -> む→る -> る→ぷ -> ぷ→ず -> ず→ら -> ら→ず -> ず→ら -> ら→る -> る→べ -> べ→る -> る→ぐ -> ぐ→る -> る→び -> び→ず -> ず→れ -> れ→ず -> ず→れ -> れ→ず -> ず→め -> め→ず -> ず→つ -> つ→ず -> ず→つ -> つ→ず -> ず→つ -> つ→る -> る→ね -> ね→ず -> ず→つ -> つ→る -> る→む -> む→る -> る→む -> む→る -> る→む -> む→ず -> ず→つ -> つ→る -> る→げ -> げ→る -> る→ゆ -> ゆ→る -> る→ゆ -> ゆ→る -> る→つ -> つ→る -> る→つ -> つ→る -> る→つ -> つ→る -> る→つ -> つ→る -> る→つ -> つ→る -> る→よ -> よ→ず -> ず→も -> も→ず -> ず→が -> が→ず -> ず→よ -> よ→ず -> ず→よ -> よ→ず -> ず→そ -> そ→ず -> ず→に -> に→ず -> ず→み -> み→ず -> ず→み -> み→ず -> ず→う -> う→ず -> ず→う -> う→ず -> ず→う -> う→ず -> ず→う -> う→ず -> ず→う -> う→ず -> ず→う -> う→ず -> ず→う -> う→る -> る→よ -> よ→ず -> ず→う -> う→る -> る→な -> な→ず -> ず→う -> う→る -> る→な -> な→ず -> ず→う -> う→る -> る→う -> う→る -> る→う -> う→る -> る→う -> う→る -> る→う -> う→る -> る→う -> う→る -> る→う -> う→る -> る→う -> う→び -> び→ず -> ず→う -> う→ぬ -> ぬ→つ -> つ→べ -> べ→む -> む→ぽ -> ぽ→ず -> ず→う -> う→ぞ -> ぞ→ぴ -> ぴ→ず -> ず→う -> う→む -> む→ぷ -> ぷ→る -> る→う -> う→む -> む→ぜ -> ぜ→る -> る→う -> う→む -> む→ぜ -> ぜ→る -> る→う -> う→む -> む→ぐ -> ぐ→ず -> ず→う -> う→ぼ -> ぼ→ず -> ず→う -> う→ざ -> ざ→む -> む→の -> の→む -> む→の -> の→ず -> ず→う -> う→む -> む→ぎ -> ぎ→ず -> ず→く -> く→ず -> ず→く -> く→ず
alpha_beta vs greedy,alpha_beta,greedy,D50000_seed0_alpha_beta_vs_greedy_0,50000,0,first,ended_with_n,174,second,greedy,ず,1422,20,62,1,0,,,ず,り,り,1.7e-05,False,-18673.5,,,,,11,ず→ず -> ず→ず -> ず→る -> る→る -> る→る -> る→る -> る→る -> る→ぽ -> ぽ→ず -> ず→ぷ -> ぷ→ず -> ず→む -> む→る -> る→ぷ -> ぷ→ず -> ず→む -> む→る -> る→ぷ -> ぷ→ず -> ず→ら -> ら→ず -> ず→ら -> ら→る -> る→べ -> べ→る -> る→ぐ -> ぐ→る -> る→び -> び→ず -> ず→れ -> れ→ず -> ず→れ -> れ→ず -> ず→め -> め→ず -> ず→つ -> つ→ず -> ず→つ -> つ→ず -> ず→つ -> つ→る -> る→ね -> ね→ず -> ず→つ -> つ→る -> る→む -> む→る -> る→む -> む→る -> る→む -> む→ず -> ず→つ -> つ→る -> る→げ -> げ→る -> る→ゆ -> ゆ→る -> る→ゆ -> ゆ→る -> る→つ -> つ→る -> る→つ -> つ→る -> る→つ -> つ→る -> る→つ -> つ→る -> る→つ -> つ→る -> る→よ -> よ→ず -> ず→も -> も→ず -> ず→が -> が→ず -> ず→よ -> よ→ず -> ず→よ -> よ→ず -> ず→そ -> そ→ず -> ず→に -> に→ず -> ず→み -> み→ず -> ず→み -> み→ず -> ず→う -> う→ず -> ず→う -> う→ず -> ず→う -> う→ず -> ず→う -> う→ず -> ず→う -> う→ず -> ず→う -> う→ず -> ず→う -> う→る -> る→よ -> よ→ず -> ず→う -> う→る -> る→な -> な→ず -> ず→う -> う→る -> る→な -> な→ず -> ず→う -> う→る -> る→う -> う→る -> る→う -> う→る -> る→う -> う→る -> る→う -> う→る -> る→う -> う→る -> る→う -> う→る -> る→う -> う→び -> び→ず -> ず→う -> う→ぬ -> ぬ→つ -> つ→べ -> べ→む -> む→ぽ -> ぽ→ず -> ず→う -> う→ぞ -> ぞ→ぴ -> ぴ→ず -> ず→う -> う→む -> む→ぷ -> ぷ→る -> る→う -> う→む -> む→ぜ -> ぜ→る -> る→う -> う→む -> む→ぜ -> ぜ→る -> る→う -> う→む -> む→ぐ -> ぐ→ず -> ず→う -> う→ぼ -> ぼ→ず -> ず→う -> う→ざ -> ざ→む -> む→の -> の→む -> む→の -> の→ず -> ず→う -> う→む -> む→ぎ -> ぎ→ず -> ず→く -> く→ず -> ず→く -> く→ず -> ず→り
alpha_beta vs greedy,alpha_beta,greedy,D50000_seed0_alpha_beta_vs_greedy_0,50000,0,first,ended_with_n,175,first,alpha_beta,り,4279,62,63,29,28,,,り,る,る,0.083297,False,-2901.0,4,4,True,333,20,ず→ず -> ず→ず -> ず→る -> る→る -> る→る -> る→る -> る→る -> る→ぽ -> ぽ→ず -> ず→ぷ -> ぷ→ず -> ず→む -> む→る -> る→ぷ -> ぷ→ず -> ず→む -> む→る -> る→ぷ -> ぷ→ず -> ず→ら -> ら→ず -> ず→ら -> ら→る -> る→べ -> べ→る -> る→ぐ -> ぐ→る -> る→び -> び→ず -> ず→れ -> れ→ず -> ず→れ -> れ→ず -> ず→め -> め→ず -> ず→つ -> つ→ず -> ず→つ -> つ→ず -> ず→つ -> つ→る -> る→ね -> ね→ず -> ず→つ -> つ→る -> る→む -> む→る -> る→む -> む→る -> る→む -> む→ず -> ず→つ -> つ→る -> る→げ -> げ→る -> る→ゆ -> ゆ→る -> る→ゆ -> ゆ→る -> る→つ -> つ→る -> る→つ -> つ→る -> る→つ -> つ→る -> る→つ -> つ→る -> る→つ -> つ→る -> る→よ -> よ→ず -> ず→も -> も→ず -> ず→が -> が→ず -> ず→よ -> よ→ず -> ず→よ -> よ→ず -> ず→そ -> そ→ず -> ず→に -> に→ず -> ず→み -> み→ず -> ず→み -> み→ず -> ず→う -> う→ず -> ず→う -> う→ず -> ず→う -> う→ず -> ず→う -> う→ず -> ず→う -> う→ず -> ず→う -> う→ず -> ず→う -> う→る -> る→よ -> よ→ず -> ず→う -> う→る -> る→な -> な→ず -> ず→う -> う→る -> る→な -> な→ず -> ず→う -> う→る -> る→う -> う→る -> る→う -> う→る -> る→う -> う→る -> る→う -> う→る -> る→う -> う→る -> る→う -> う→る -> る→う -> う→び -> び→ず -> ず→う -> う→ぬ -> ぬ→つ -> つ→べ -> べ→む -> む→ぽ -> ぽ→ず -> ず→う -> う→ぞ -> ぞ→ぴ -> ぴ→ず -> ず→う -> う→む -> む→ぷ -> ぷ→る -> る→う -> う→む -> む→ぜ -> ぜ→る -> る→う -> う→む -> む→ぜ -> ぜ→る -> る→う -> う→む -> む→ぐ -> ぐ→ず -> ず→う -> う→ぼ -> ぼ→ず -> ず→う -> う→ざ -> ざ→む -> む→の -> の→む -> む→の -> の→ず -> ず→う -> う→む -> む→ぎ -> ぎ→ず -> ず→く -> く→ず -> ず→く -> く→ず -> ず→り -> り→る
alpha_beta vs greedy,alpha_beta,greedy,D50000_seed0_alpha_beta_vs_greedy_0,50000,0,first,ended_with_n,176,second,greedy,る,4286,63,2,4,3,,,る,う,う,2.1e-05,False,-15452.5,,,,,15,ず→ず -> ず→ず -> ず→る -> る→る -> る→る -> る→る -> る→る -> る→ぽ -> ぽ→ず -> ず→ぷ -> ぷ→ず -> ず→む -> む→る -> る→ぷ -> ぷ→ず -> ず→む -> む→る -> る→ぷ -> ぷ→ず -> ず→ら -> ら→ず -> ず→ら -> ら→る -> る→べ -> べ→る -> る→ぐ -> ぐ→る -> る→び -> び→ず -> ず→れ -> れ→ず -> ず→れ -> れ→ず -> ず→め -> め→ず -> ず→つ -> つ→ず -> ず→つ -> つ→ず -> ず→つ -> つ→る -> る→ね -> ね→ず -> ず→つ -> つ→る -> る→む -> む→る -> る→む -> む→る -> る→む -> む→ず -> ず→つ -> つ→る -> る→げ -> げ→る -> る→ゆ -> ゆ→る -> る→ゆ -> ゆ→る -> る→つ -> つ→る -> る→つ -> つ→る -> る→つ -> つ→る -> る→つ -> つ→る -> る→つ -> つ→る -> る→よ -> よ→ず -> ず→も -> も→ず -> ず→が -> が→ず -> ず→よ -> よ→ず -> ず→よ -> よ→ず -> ず→そ -> そ→ず -> ず→に -> に→ず -> ず→み -> み→ず -> ず→み -> み→ず -> ず→う -> う→ず -> ず→う -> う→ず -> ず→う -> う→ず -> ず→う -> う→ず -> ず→う -> う→ず -> ず→う -> う→ず -> ず→う -> う→る -> る→よ -> よ→ず -> ず→う -> う→る -> る→な -> な→ず -> ず→う -> う→る -> る→な -> な→ず -> ず→う -> う→る -> る→う -> う→る -> る→う -> う→る -> る→う -> う→る -> る→う -> う→る -> る→う -> う→る -> る→う -> う→る -> る→う -> う→び -> び→ず -> ず→う -> う→ぬ -> ぬ→つ -> つ→べ -> べ→む -> む→ぽ -> ぽ→ず -> ず→う -> う→ぞ -> ぞ→ぴ -> ぴ→ず -> ず→う -> う→む -> む→ぷ -> ぷ→る -> る→う -> う→む -> む→ぜ -> ぜ→る -> る→う -> う→む -> む→ぜ -> ぜ→る -> る→う -> う→む -> む→ぐ -> ぐ→ず -> ず→う -> う→ぼ -> ぼ→ず -> ず→う -> う→ざ -> ざ→む -> む→の -> の→む -> む→の -> の→ず -> ず→う -> う→む -> む→ぎ -> ぎ→ず -> ず→く -> く→ず -> ず→く -> く→ず -> ず→り -> り→る -> る→う
alpha_beta vs greedy,alpha_beta,greedy,D50000_seed0_alpha_beta_vs_greedy_0,50000,0,first,ended_with_n,177,first,alpha_beta,う,191,2,55,4,3,,,う,む,む,0.160797,False,-2909.0,4,4,True,407,20,ず→ず -> ず→ず -> ず→る -> る→る -> る→る -> る→る -> る→る -> る→ぽ -> ぽ→ず -> ず→ぷ -> ぷ→ず -> ず→む -> む→る -> る→ぷ -> ぷ→ず -> ず→む -> む→る -> る→ぷ -> ぷ→ず -> ず→ら -> ら→ず -> ず→ら -> ら→る -> る→べ -> べ→る -> る→ぐ -> ぐ→る -> る→び -> び→ず -> ず→れ -> れ→ず -> ず→れ -> れ→ず -> ず→め -> め→ず -> ず→つ -> つ→ず -> ず→つ -> つ→ず -> ず→つ -> つ→る -> る→ね -> ね→ず -> ず→つ -> つ→る -> る→む -> む→る -> る→む -> む→る -> る→む -> む→ず -> ず→つ -> つ→る -> る→げ -> げ→る -> る→ゆ -> ゆ→る -> る→ゆ -> ゆ→る -> る→つ -> つ→る -> る→つ -> つ→る -> る→つ -> つ→る -> る→つ -> つ→る -> る→つ -> つ→る -> る→よ -> よ→ず -> ず→も -> も→ず -> ず→が -> が→ず -> ず→よ -> よ→ず -> ず→よ -> よ→ず -> ず→そ -> そ→ず -> ず→に -> に→ず -> ず→み -> み→ず -> ず→み -> み→ず -> ず→う -> う→ず -> ず→う -> う→ず -> ず→う -> う→ず -> ず→う -> う→ず -> ず→う -> う→ず -> ず→う -> う→ず -> ず→う -> う→る -> る→よ -> よ→ず -> ず→う -> う→る -> る→な -> な→ず -> ず→う -> う→る -> る→な -> な→ず -> ず→う -> う→る -> る→う -> う→る -> る→う -> う→る -> る→う -> う→る -> る→う -> う→る -> る→う -> う→る -> る→う -> う→る -> る→う -> う→び -> び→ず -> ず→う -> う→ぬ -> ぬ→つ -> つ→べ -> べ→む -> む→ぽ -> ぽ→ず -> ず→う -> う→ぞ -> ぞ→ぴ -> ぴ→ず -> ず→う -> う→む -> む→ぷ -> ぷ→る -> る→う -> う→む -> む→ぜ -> ぜ→る -> る→う -> う→む -> む→ぜ -> ぜ→る -> る→う -> う→む -> む→ぐ -> ぐ→ず -> ず→う -> う→ぼ -> ぼ→ず -> ず→う -> う→ざ -> ざ→む -> む→の -> の→む -> む→の -> の→ず -> ず→う -> う→む -> む→ぎ -> ぎ→ず -> ず→く -> く→ず -> ず→く -> く→ず -> ず→り -> り→る -> る→う -> う→む
alpha_beta vs greedy,alpha_beta,greedy,D50000_seed0_alpha_beta_vs_greedy_0,50000,0,first,ended_with_n,178,second,greedy,む,3748,55,8,4,3,,,む,ぎ,ぎ,6.2e-05,False,-7405.0,,,,,45,ず→ず -> ず→ず -> ず→る -> る→る -> る→る -> る→る -> る→る -> る→ぽ -> ぽ→ず -> ず→ぷ -> ぷ→ず -> ず→む -> む→る -> る→ぷ -> ぷ→ず -> ず→む -> む→る -> る→ぷ -> ぷ→ず -> ず→ら -> ら→ず -> ず→ら -> ら→る -> る→べ -> べ→る -> る→ぐ -> ぐ→る -> る→び -> び→ず -> ず→れ -> れ→ず -> ず→れ -> れ→ず -> ず→め -> め→ず -> ず→つ -> つ→ず -> ず→つ -> つ→ず -> ず→つ -> つ→る -> る→ね -> ね→ず -> ず→つ -> つ→る -> る→む -> む→る -> る→む -> む→る -> る→む -> む→ず -> ず→つ -> つ→る -> る→げ -> げ→る -> る→ゆ -> ゆ→る -> る→ゆ -> ゆ→る -> る→つ -> つ→る -> る→つ -> つ→る -> る→つ -> つ→る -> る→つ -> つ→る -> る→つ -> つ→る -> る→よ -> よ→ず -> ず→も -> も→ず -> ず→が -> が→ず -> ず→よ -> よ→ず -> ず→よ -> よ→ず -> ず→そ -> そ→ず -> ず→に -> に→ず -> ず→み -> み→ず -> ず→み -> み→ず -> ず→う -> う→ず -> ず→う -> う→ず -> ず→う -> う→ず -> ず→う -> う→ず -> ず→う -> う→ず -> ず→う -> う→ず -> ず→う -> う→る -> る→よ -> よ→ず -> ず→う -> う→る -> る→な -> な→ず -> ず→う -> う→る -> る→な -> な→ず -> ず→う -> う→る -> る→う -> う→る -> る→う -> う→る -> る→う -> う→る -> る→う -> う→る -> る→う -> う→る -> る→う -> う→る -> る→う -> う→び -> び→ず -> ず→う -> う→ぬ -> ぬ→つ -> つ→べ -> べ→む -> む→ぽ -> ぽ→ず -> ず→う -> う→ぞ -> ぞ→ぴ -> ぴ→ず -> ず→う -> う→む -> む→ぷ -> ぷ→る -> る→う -> う→む -> む→ぜ -> ぜ→る -> る→う -> う→む -> む→ぜ -> ぜ→る -> る→う -> う→む -> む→ぐ -> ぐ→ず -> ず→う -> う→ぼ -> ぼ→ず -> ず→う -> う→ざ -> ざ→む -> む→の -> の→む -> む→の -> の→ず -> ず→う -> う→む -> む→ぎ -> ぎ→ず -> ず→く -> く→ず -> ず→く -> く→ず -> ず→り -> り→る -> る→う -> う→む -> む→ぎ
alpha_beta vs greedy,alpha_beta,greedy,D50000_seed0_alpha_beta_vs_greedy_0,50000,0,first,ended_with_n,179,first,alpha_beta,ぎ,607,8,63,3,2,,,ぎ,る,る,0.07674,False,-2901.0,4,4,True,311,20,ず→ず -> ず→ず -> ず→る -> る→る -> る→る -> る→る -> る→る -> る→ぽ -> ぽ→ず -> ず→ぷ -> ぷ→ず -> ず→む -> む→る -> る→ぷ -> ぷ→ず -> ず→む -> む→る -> る→ぷ -> ぷ→ず -> ず→ら -> ら→ず -> ず→ら -> ら→る -> る→べ -> べ→る -> る→ぐ -> ぐ→る -> る→び -> び→ず -> ず→れ -> れ→ず -> ず→れ -> れ→ず -> ず→め -> め→ず -> ず→つ -> つ→ず -> ず→つ -> つ→ず -> ず→つ -> つ→る -> る→ね -> ね→ず -> ず→つ -> つ→る -> る→む -> む→る -> る→む -> む→る -> る→む -> む→ず -> ず→つ -> つ→る -> る→げ -> げ→る -> る→ゆ -> ゆ→る -> る→ゆ -> ゆ→る -> る→つ -> つ→る -> る→つ -> つ→る -> る→つ -> つ→る -> る→つ -> つ→る -> る→つ -> つ→る -> る→よ -> よ→ず -> ず→も -> も→ず -> ず→が -> が→ず -> ず→よ -> よ→ず -> ず→よ -> よ→ず -> ず→そ -> そ→ず -> ず→に -> に→ず -> ず→み -> み→ず -> ず→み -> み→ず -> ず→う -> う→ず -> ず→う -> う→ず -> ず→う -> う→ず -> ず→う -> う→ず -> ず→う -> う→ず -> ず→う -> う→ず -> ず→う -> う→る -> る→よ -> よ→ず -> ず→う -> う→る -> る→な -> な→ず -> ず→う -> う→る -> る→な -> な→ず -> ず→う -> う→る -> る→う -> う→る -> る→う -> う→る -> る→う -> う→る -> る→う -> う→る -> る→う -> う→る -> る→う -> う→る -> る→う -> う→び -> び→ず -> ず→う -> う→ぬ -> ぬ→つ -> つ→べ -> べ→む -> む→ぽ -> ぽ→ず -> ず→う -> う→ぞ -> ぞ→ぴ -> ぴ→ず -> ず→う -> う→む -> む→ぷ -> ぷ→る -> る→う -> う→む -> む→ぜ -> ぜ→る -> る→う -> う→む -> む→ぜ -> ぜ→る -> る→う -> う→む -> む→ぐ -> ぐ→ず -> ず→う -> う→ぼ -> ぼ→ず -> ず→う -> う→ざ -> ざ→む -> む→の -> の→む -> む→の -> の→ず -> ず→う -> う→む -> む→ぎ -> ぎ→ず -> ず→く -> く→ず -> ず→く -> く→ず -> ず→り -> り→る -> る→う -> う→む -> む→ぎ -> ぎ→る
alpha_beta vs greedy,alpha_beta,greedy,D50000_seed0_alpha_beta_vs_greedy_0,50000,0,first,ended_with_n,180,second,greedy,る,4286,63,2,3,2,,,る,う,う,2.3e-05,False,-15429.5,,,,,15,ず→ず -> ず→ず -> ず→る -> る→る -> る→る -> る→る -> る→る -> る→ぽ -> ぽ→ず -> ず→ぷ -> ぷ→ず -> ず→む -> む→る -> る→ぷ -> ぷ→ず -> ず→む -> む→る -> る→ぷ -> ぷ→ず -> ず→ら -> ら→ず -> ず→ら -> ら→る -> る→べ -> べ→る -> る→ぐ -> ぐ→る -> る→び -> び→ず -> ず→れ -> れ→ず -> ず→れ -> れ→ず -> ず→め -> め→ず -> ず→つ -> つ→ず -> ず→つ -> つ→ず -> ず→つ -> つ→る -> る→ね -> ね→ず -> ず→つ -> つ→る -> る→む -> む→る -> る→む -> む→る -> る→む -> む→ず -> ず→つ -> つ→る -> る→げ -> げ→る -> る→ゆ -> ゆ→る -> る→ゆ -> ゆ→る -> る→つ -> つ→る -> る→つ -> つ→る -> る→つ -> つ→る -> る→つ -> つ→る -> る→つ -> つ→る -> る→よ -> よ→ず -> ず→も -> も→ず -> ず→が -> が→ず -> ず→よ -> よ→ず -> ず→よ -> よ→ず -> ず→そ -> そ→ず -> ず→に -> に→ず -> ず→み -> み→ず -> ず→み -> み→ず -> ず→う -> う→ず -> ず→う -> う→ず -> ず→う -> う→ず -> ず→う -> う→ず -> ず→う -> う→ず -> ず→う -> う→ず -> ず→う -> う→る -> る→よ -> よ→ず -> ず→う -> う→る -> る→な -> な→ず -> ず→う -> う→る -> る→な -> な→ず -> ず→う -> う→る -> る→う -> う→る -> る→う -> う→る -> る→う -> う→る -> る→う -> う→る -> る→う -> う→る -> る→う -> う→る -> る→う -> う→び -> び→ず -> ず→う -> う→ぬ -> ぬ→つ -> つ→べ -> べ→む -> む→ぽ -> ぽ→ず -> ず→う -> う→ぞ -> ぞ→ぴ -> ぴ→ず -> ず→う -> う→む -> む→ぷ -> ぷ→る -> る→う -> う→む -> む→ぜ -> ぜ→る -> る→う -> う→む -> む→ぜ -> ぜ→る -> る→う -> う→む -> む→ぐ -> ぐ→ず -> ず→う -> う→ぼ -> ぼ→ず -> ず→う -> う→ざ -> ざ→む -> む→の -> の→む -> む→の -> の→ず -> ず→う -> う→む -> む→ぎ -> ぎ→ず -> ず→く -> く→ず -> ず→く -> く→ず -> ず→り -> り→る -> る→う -> う→む -> む→ぎ -> ぎ→る -> る→う
alpha_beta vs greedy,alpha_beta,greedy,D50000_seed0_alpha_beta_vs_greedy_0,50000,0,first,ended_with_n,181,first,alpha_beta,う,191,2,55,3,2,,,う,む,む,0.155242,False,-2909.0,4,4,True,407,20,ず→ず -> ず→ず -> ず→る -> る→る -> る→る -> る→る -> る→る -> る→ぽ -> ぽ→ず -> ず→ぷ -> ぷ→ず -> ず→む -> む→る -> る→ぷ -> ぷ→ず -> ず→む -> む→る -> る→ぷ -> ぷ→ず -> ず→ら -> ら→ず -> ず→ら -> ら→る -> る→べ -> べ→る -> る→ぐ -> ぐ→る -> る→び -> び→ず -> ず→れ -> れ→ず -> ず→れ -> れ→ず -> ず→め -> め→ず -> ず→つ -> つ→ず -> ず→つ -> つ→ず -> ず→つ -> つ→る -> る→ね -> ね→ず -> ず→つ -> つ→る -> る→む -> む→る -> る→む -> む→る -> る→む -> む→ず -> ず→つ -> つ→る -> る→げ -> げ→る -> る→ゆ -> ゆ→る -> る→ゆ -> ゆ→る -> る→つ -> つ→る -> る→つ -> つ→る -> る→つ -> つ→る -> る→つ -> つ→る -> る→つ -> つ→る -> る→よ -> よ→ず -> ず→も -> も→ず -> ず→が -> が→ず -> ず→よ -> よ→ず -> ず→よ -> よ→ず -> ず→そ -> そ→ず -> ず→に -> に→ず -> ず→み -> み→ず -> ず→み -> み→ず -> ず→う -> う→ず -> ず→う -> う→ず -> ず→う -> う→ず -> ず→う -> う→ず -> ず→う -> う→ず -> ず→う -> う→ず -> ず→う -> う→る -> る→よ -> よ→ず -> ず→う -> う→る -> る→な -> な→ず -> ず→う -> う→る -> る→な -> な→ず -> ず→う -> う→る -> る→う -> う→る -> る→う -> う→る -> る→う -> う→る -> る→う -> う→る -> る→う -> う→る -> る→う -> う→る -> る→う -> う→び -> び→ず -> ず→う -> う→ぬ -> ぬ→つ -> つ→べ -> べ→む -> む→ぽ -> ぽ→ず -> ず→う -> う→ぞ -> ぞ→ぴ -> ぴ→ず -> ず→う -> う→む -> む→ぷ -> ぷ→る -> る→う -> う→む -> む→ぜ -> ぜ→る -> る→う -> う→む -> む→ぜ -> ぜ→る -> る→う -> う→む -> む→ぐ -> ぐ→ず -> ず→う -> う→ぼ -> ぼ→ず -> ず→う -> う→ざ -> ざ→む -> む→の -> の→む -> む→の -> の→ず -> ず→う -> う→む -> む→ぎ -> ぎ→ず -> ず→く -> く→ず -> ず→く -> く→ず -> ず→り -> り→る -> る→う -> う→む -> む→ぎ -> ぎ→る -> る→う -> う→む
alpha_beta vs greedy,alpha_beta,greedy,D50000_seed0_alpha_beta_vs_greedy_0,50000,0,first,ended_with_n,182,second,greedy,む,3748,55,8,3,2,,,む,ぎ,ぎ,6.4e-05,False,-7382.0,,,,,45,ず→ず -> ず→ず -> ず→る -> る→る -> る→る -> る→る -> る→る -> る→ぽ -> ぽ→ず -> ず→ぷ -> ぷ→ず -> ず→む -> む→る -> る→ぷ -> ぷ→ず -> ず→む -> む→る -> る→ぷ -> ぷ→ず -> ず→ら -> ら→ず -> ず→ら -> ら→る -> る→べ -> べ→る -> る→ぐ -> ぐ→る -> る→び -> び→ず -> ず→れ -> れ→ず -> ず→れ -> れ→ず -> ず→め -> め→ず -> ず→つ -> つ→ず -> ず→つ -> つ→ず -> ず→つ -> つ→る -> る→ね -> ね→ず -> ず→つ -> つ→る -> る→む -> む→る -> る→む -> む→る -> る→む -> む→ず -> ず→つ -> つ→る -> る→げ -> げ→る -> る→ゆ -> ゆ→る -> る→ゆ -> ゆ→る -> る→つ -> つ→る -> る→つ -> つ→る -> る→つ -> つ→る -> る→つ -> つ→る -> る→つ -> つ→る -> る→よ -> よ→ず -> ず→も -> も→ず -> ず→が -> が→ず -> ず→よ -> よ→ず -> ず→よ -> よ→ず -> ず→そ -> そ→ず -> ず→に -> に→ず -> ず→み -> み→ず -> ず→み -> み→ず -> ず→う -> う→ず -> ず→う -> う→ず -> ず→う -> う→ず -> ず→う -> う→ず -> ず→う -> う→ず -> ず→う -> う→ず -> ず→う -> う→る -> る→よ -> よ→ず -> ず→う -> う→る -> る→な -> な→ず -> ず→う -> う→る -> る→な -> な→ず -> ず→う -> う→る -> る→う -> う→る -> る→う -> う→る -> る→う -> う→る -> る→う -> う→る -> る→う -> う→る -> る→う -> う→る -> る→う -> う→び -> び→ず -> ず→う -> う→ぬ -> ぬ→つ -> つ→べ -> べ→む -> む→ぽ -> ぽ→ず -> ず→う -> う→ぞ -> ぞ→ぴ -> ぴ→ず -> ず→う -> う→む -> む→ぷ -> ぷ→る -> る→う -> う→む -> む→ぜ -> ぜ→る -> る→う -> う→む -> む→ぜ -> ぜ→る -> る→う -> う→む -> む→ぐ -> ぐ→ず -> ず→う -> う→ぼ -> ぼ→ず -> ず→う -> う→ざ -> ざ→む -> む→の -> の→む -> む→の -> の→ず -> ず→う -> う→む -> む→ぎ -> ぎ→ず -> ず→く -> く→ず -> ず→く -> く→ず -> ず→り -> り→る -> る→う -> う→む -> む→ぎ -> ぎ→る -> る→う -> う→む -> む→ぎ
alpha_beta vs greedy,alpha_beta,greedy,D50000_seed0_alpha_beta_vs_greedy_0,50000,0,first,ended_with_n,183,first,alpha_beta,ぎ,607,8,63,2,1,,,ぎ,る,る,0.076416,False,-2901.0,4,4,True,311,20,ず→ず -> ず→ず -> ず→る -> る→る -> る→る -> る→る -> る→る -> る→ぽ -> ぽ→ず -> ず→ぷ -> ぷ→ず -> ず→む -> む→る -> る→ぷ -> ぷ→ず -> ず→む -> む→る -> る→ぷ -> ぷ→ず -> ず→ら -> ら→ず -> ず→ら -> ら→る -> る→べ -> べ→る -> る→ぐ -> ぐ→る -> る→び -> び→ず -> ず→れ -> れ→ず -> ず→れ -> れ→ず -> ず→め -> め→ず -> ず→つ -> つ→ず -> ず→つ -> つ→ず -> ず→つ -> つ→る -> る→ね -> ね→ず -> ず→つ -> つ→る -> る→む -> む→る -> る→む -> む→る -> る→む -> む→ず -> ず→つ -> つ→る -> る→げ -> げ→る -> る→ゆ -> ゆ→る -> る→ゆ -> ゆ→る -> る→つ -> つ→る -> る→つ -> つ→る -> る→つ -> つ→る -> る→つ -> つ→る -> る→つ -> つ→る -> る→よ -> よ→ず -> ず→も -> も→ず -> ず→が -> が→ず -> ず→よ -> よ→ず -> ず→よ -> よ→ず -> ず→そ -> そ→ず -> ず→に -> に→ず -> ず→み -> み→ず -> ず→み -> み→ず -> ず→う -> う→ず -> ず→う -> う→ず -> ず→う -> う→ず -> ず→う -> う→ず -> ず→う -> う→ず -> ず→う -> う→ず -> ず→う -> う→る -> る→よ -> よ→ず -> ず→う -> う→る -> る→な -> な→ず -> ず→う -> う→る -> る→な -> な→ず -> ず→う -> う→る -> る→う -> う→る -> る→う -> う→る -> る→う -> う→る -> る→う -> う→る -> る→う -> う→る -> る→う -> う→る -> る→う -> う→び -> び→ず -> ず→う -> う→ぬ -> ぬ→つ -> つ→べ -> べ→む -> む→ぽ -> ぽ→ず -> ず→う -> う→ぞ -> ぞ→ぴ -> ぴ→ず -> ず→う -> う→む -> む→ぷ -> ぷ→る -> る→う -> う→む -> む→ぜ -> ぜ→る -> る→う -> う→む -> む→ぜ -> ぜ→る -> る→う -> う→む -> む→ぐ -> ぐ→ず -> ず→う -> う→ぼ -> ぼ→ず -> ず→う -> う→ざ -> ざ→む -> む→の -> の→む -> む→の -> の→ず -> ず→う -> う→む -> む→ぎ -> ぎ→ず -> ず→く -> く→ず -> ず→く -> く→ず -> ず→り -> り→る -> る→う -> う→む -> む→ぎ -> ぎ→る -> る→う -> う→む -> む→ぎ -> ぎ→る
alpha_beta vs greedy,alpha_beta,greedy,D50000_seed0_alpha_beta_vs_greedy_0,50000,0,first,ended_with_n,184,second,greedy,る,4286,63,2,2,1,,,る,う,う,2.2e-05,False,-15406.5,,,,,15,ず→ず -> ず→ず -> ず→る -> る→る -> る→る -> る→る -> る→る -> る→ぽ -> ぽ→ず -> ず→ぷ -> ぷ→ず -> ず→む -> む→る -> る→ぷ -> ぷ→ず -> ず→む -> む→る -> る→ぷ -> ぷ→ず -> ず→ら -> ら→ず -> ず→ら -> ら→る -> る→べ -> べ→る -> る→ぐ -> ぐ→る -> る→び -> び→ず -> ず→れ -> れ→ず -> ず→れ -> れ→ず -> ず→め -> め→ず -> ず→つ -> つ→ず -> ず→つ -> つ→ず -> ず→つ -> つ→る -> る→ね -> ね→ず -> ず→つ -> つ→る -> る→む -> む→る -> る→む -> む→る -> る→む -> む→ず -> ず→つ -> つ→る -> る→げ -> げ→る -> る→ゆ -> ゆ→る -> る→ゆ -> ゆ→る -> る→つ -> つ→る -> る→つ -> つ→る -> る→つ -> つ→る -> る→つ -> つ→る -> る→つ -> つ→る -> る→よ -> よ→ず -> ず→も -> も→ず -> ず→が -> が→ず -> ず→よ -> よ→ず -> ず→よ -> よ→ず -> ず→そ -> そ→ず -> ず→に -> に→ず -> ず→み -> み→ず -> ず→み -> み→ず -> ず→う -> う→ず -> ず→う -> う→ず -> ず→う -> う→ず -> ず→う -> う→ず -> ず→う -> う→ず -> ず→う -> う→ず -> ず→う -> う→る -> る→よ -> よ→ず -> ず→う -> う→る -> る→な -> な→ず -> ず→う -> う→る -> る→な -> な→ず -> ず→う -> う→る -> る→う -> う→る -> る→う -> う→る -> る→う -> う→る -> る→う -> う→る -> る→う -> う→る -> る→う -> う→る -> る→う -> う→び -> び→ず -> ず→う -> う→ぬ -> ぬ→つ -> つ→べ -> べ→む -> む→ぽ -> ぽ→ず -> ず→う -> う→ぞ -> ぞ→ぴ -> ぴ→ず -> ず→う -> う→む -> む→ぷ -> ぷ→る -> る→う -> う→む -> む→ぜ -> ぜ→る -> る→う -> う→む -> む→ぜ -> ぜ→る -> る→う -> う→む -> む→ぐ -> ぐ→ず -> ず→う -> う→ぼ -> ぼ→ず -> ず→う -> う→ざ -> ざ→む -> む→の -> の→む -> む→の -> の→ず -> ず→う -> う→む -> む→ぎ -> ぎ→ず -> ず→く -> く→ず -> ず→く -> く→ず -> ず→り -> り→る -> る→う -> う→む -> む→ぎ -> ぎ→る -> る→う -> う→む -> む→ぎ -> ぎ→る -> る→う
alpha_beta vs greedy,alpha_beta,greedy,D50000_seed0_alpha_beta_vs_greedy_0,50000,0,first,ended_with_n,185,first,alpha_beta,う,191,2,55,2,1,,,う,む,む,0.155899,False,-2909.0,4,4,True,407,20,ず→ず -> ず→ず -> ず→る -> る→る -> る→る -> る→る -> る→る -> る→ぽ -> ぽ→ず -> ず→ぷ -> ぷ→ず -> ず→む -> む→る -> る→ぷ -> ぷ→ず -> ず→む -> む→る -> る→ぷ -> ぷ→ず -> ず→ら -> ら→ず -> ず→ら -> ら→る -> る→べ -> べ→る -> る→ぐ -> ぐ→る -> る→び -> び→ず -> ず→れ -> れ→ず -> ず→れ -> れ→ず -> ず→め -> め→ず -> ず→つ -> つ→ず -> ず→つ -> つ→ず -> ず→つ -> つ→る -> る→ね -> ね→ず -> ず→つ -> つ→る -> る→む -> む→る -> る→む -> む→る -> る→む -> む→ず -> ず→つ -> つ→る -> る→げ -> げ→る -> る→ゆ -> ゆ→る -> る→ゆ -> ゆ→る -> る→つ -> つ→る -> る→つ -> つ→る -> る→つ -> つ→る -> る→つ -> つ→る -> る→つ -> つ→る -> る→よ -> よ→ず -> ず→も -> も→ず -> ず→が -> が→ず -> ず→よ -> よ→ず -> ず→よ -> よ→ず -> ず→そ -> そ→ず -> ず→に -> に→ず -> ず→み -> み→ず -> ず→み -> み→ず -> ず→う -> う→ず -> ず→う -> う→ず -> ず→う -> う→ず -> ず→う -> う→ず -> ず→う -> う→ず -> ず→う -> う→ず -> ず→う -> う→る -> る→よ -> よ→ず -> ず→う -> う→る -> る→な -> な→ず -> ず→う -> う→る -> る→な -> な→ず -> ず→う -> う→る -> る→う -> う→る -> る→う -> う→る -> る→う -> う→る -> る→う -> う→る -> る→う -> う→る -> る→う -> う→る -> る→う -> う→び -> び→ず -> ず→う -> う→ぬ -> ぬ→つ -> つ→べ -> べ→む -> む→ぽ -> ぽ→ず -> ず→う -> う→ぞ -> ぞ→ぴ -> ぴ→ず -> ず→う -> う→む -> む→ぷ -> ぷ→る -> る→う -> う→む -> む→ぜ -> ぜ→る -> る→う -> う→む -> む→ぜ -> ぜ→る -> る→う -> う→む -> む→ぐ -> ぐ→ず -> ず→う -> う→ぼ -> ぼ→ず -> ず→う -> う→ざ -> ざ→む -> む→の -> の→む -> む→の -> の→ず -> ず→う -> う→む -> む→ぎ -> ぎ→ず -> ず→く -> く→ず -> ず→く -> く→ず -> ず→り -> り→る -> る→う -> う→む -> む→ぎ -> ぎ→る -> る→う -> う→む -> む→ぎ -> ぎ→る -> る→う -> う→む
alpha_beta vs greedy,alpha_beta,greedy,D50000_seed0_alpha_beta_vs_greedy_0,50000,0,first,ended_with_n,186,second,greedy,む,3748,55,8,2,1,,,む,ぎ,ぎ,6.4e-05,False,-7359.0,,,,,45,ず→ず -> ず→ず -> ず→る -> る→る -> る→る -> る→る -> る→る -> る→ぽ -> ぽ→ず -> ず→ぷ -> ぷ→ず -> ず→む -> む→る -> る→ぷ -> ぷ→ず -> ず→む -> む→る -> る→ぷ -> ぷ→ず -> ず→ら -> ら→ず -> ず→ら -> ら→る -> る→べ -> べ→る -> る→ぐ -> ぐ→る -> る→び -> び→ず -> ず→れ -> れ→ず -> ず→れ -> れ→ず -> ず→め -> め→ず -> ず→つ -> つ→ず -> ず→つ -> つ→ず -> ず→つ -> つ→る -> る→ね -> ね→ず -> ず→つ -> つ→る -> る→む -> む→る -> る→む -> む→る -> る→む -> む→ず -> ず→つ -> つ→る -> る→げ -> げ→る -> る→ゆ -> ゆ→る -> る→ゆ -> ゆ→る -> る→つ -> つ→る -> る→つ -> つ→る -> る→つ -> つ→る -> る→つ -> つ→る -> る→つ -> つ→る -> る→よ -> よ→ず -> ず→も -> も→ず -> ず→が -> が→ず -> ず→よ -> よ→ず -> ず→よ -> よ→ず -> ず→そ -> そ→ず -> ず→に -> に→ず -> ず→み -> み→ず -> ず→み -> み→ず -> ず→う -> う→ず -> ず→う -> う→ず -> ず→う -> う→ず -> ず→う -> う→ず -> ず→う -> う→ず -> ず→う -> う→ず -> ず→う -> う→る -> る→よ -> よ→ず -> ず→う -> う→る -> る→な -> な→ず -> ず→う -> う→る -> る→な -> な→ず -> ず→う -> う→る -> る→う -> う→る -> る→う -> う→る -> る→う -> う→る -> る→う -> う→る -> る→う -> う→る -> る→う -> う→る -> る→う -> う→び -> び→ず -> ず→う -> う→ぬ -> ぬ→つ -> つ→べ -> べ→む -> む→ぽ -> ぽ→ず -> ず→う -> う→ぞ -> ぞ→ぴ -> ぴ→ず -> ず→う -> う→む -> む→ぷ -> ぷ→る -> る→う -> う→む -> む→ぜ -> ぜ→る -> る→う -> う→む -> む→ぜ -> ぜ→る -> る→う -> う→む -> む→ぐ -> ぐ→ず -> ず→う -> う→ぼ -> ぼ→ず -> ず→う -> う→ざ -> ざ→む -> む→の -> の→む -> む→の -> の→ず -> ず→う -> う→む -> む→ぎ -> ぎ→ず -> ず→く -> く→ず -> ず→く -> く→ず -> ず→り -> り→る -> る→う -> う→む -> む→ぎ -> ぎ→る -> る→う -> う→む -> む→ぎ -> ぎ→る -> る→う -> う→む -> む→ぎ
alpha_beta vs greedy,alpha_beta,greedy,D50000_seed0_alpha_beta_vs_greedy_0,50000,0,first,ended_with_n,187,first,alpha_beta,ぎ,607,8,63,1,0,,,ぎ,る,る,0.079033,False,-2901.0,4,4,True,310,20,ず→ず -> ず→ず -> ず→る -> る→る -> る→る -> る→る -> る→る -> る→ぽ -> ぽ→ず -> ず→ぷ -> ぷ→ず -> ず→む -> む→る -> る→ぷ -> ぷ→ず -> ず→む -> む→る -> る→ぷ -> ぷ→ず -> ず→ら -> ら→ず -> ず→ら -> ら→る -> る→べ -> べ→る -> る→ぐ -> ぐ→る -> る→び -> び→ず -> ず→れ -> れ→ず -> ず→れ -> れ→ず -> ず→め -> め→ず -> ず→つ -> つ→ず -> ず→つ -> つ→ず -> ず→つ -> つ→る -> る→ね -> ね→ず -> ず→つ -> つ→る -> る→む -> む→る -> る→む -> む→る -> る→む -> む→ず -> ず→つ -> つ→る -> る→げ -> げ→る -> る→ゆ -> ゆ→る -> る→ゆ -> ゆ→る -> る→つ -> つ→る -> る→つ -> つ→る -> る→つ -> つ→る -> る→つ -> つ→る -> る→つ -> つ→る -> る→よ -> よ→ず -> ず→も -> も→ず -> ず→が -> が→ず -> ず→よ -> よ→ず -> ず→よ -> よ→ず -> ず→そ -> そ→ず -> ず→に -> に→ず -> ず→み -> み→ず -> ず→み -> み→ず -> ず→う -> う→ず -> ず→う -> う→ず -> ず→う -> う→ず -> ず→う -> う→ず -> ず→う -> う→ず -> ず→う -> う→ず -> ず→う -> う→る -> る→よ -> よ→ず -> ず→う -> う→る -> る→な -> な→ず -> ず→う -> う→る -> る→な -> な→ず -> ず→う -> う→る -> る→う -> う→る -> る→う -> う→る -> る→う -> う→る -> る→う -> う→る -> る→う -> う→る -> る→う -> う→る -> る→う -> う→び -> び→ず -> ず→う -> う→ぬ -> ぬ→つ -> つ→べ -> べ→む -> む→ぽ -> ぽ→ず -> ず→う -> う→ぞ -> ぞ→ぴ -> ぴ→ず -> ず→う -> う→む -> む→ぷ -> ぷ→る -> る→う -> う→む -> む→ぜ -> ぜ→る -> る→う -> う→む -> む→ぜ -> ぜ→る -> る→う -> う→む -> む→ぐ -> ぐ→ず -> ず→う -> う→ぼ -> ぼ→ず -> ず→う -> う→ざ -> ざ→む -> む→の -> の→む -> む→の -> の→ず -> ず→う -> う→む -> む→ぎ -> ぎ→ず -> ず→く -> く→ず -> ず→く -> く→ず -> ず→り -> り→る -> る→う -> う→む -> む→ぎ -> ぎ→る -> る→う -> う→む -> む→ぎ -> ぎ→る -> る→う -> う→む -> む→ぎ -> ぎ→る
alpha_beta vs greedy,alpha_beta,greedy,D50000_seed0_alpha_beta_vs_greedy_0,50000,0,first,ended_with_n,188,second,greedy,る,4286,63,2,1,0,,,る,う,う,2.2e-05,False,-15383.5,,,,,15,ず→ず -> ず→ず -> ず→る -> る→る -> る→る -> る→る -> る→る -> る→ぽ -> ぽ→ず -> ず→ぷ -> ぷ→ず -> ず→む -> む→る -> る→ぷ -> ぷ→ず -> ず→む -> む→る -> る→ぷ -> ぷ→ず -> ず→ら -> ら→ず -> ず→ら -> ら→る -> る→べ -> べ→る -> る→ぐ -> ぐ→る -> る→び -> び→ず -> ず→れ -> れ→ず -> ず→れ -> れ→ず -> ず→め -> め→ず -> ず→つ -> つ→ず -> ず→つ -> つ→ず -> ず→つ -> つ→る -> る→ね -> ね→ず -> ず→つ -> つ→る -> る→む -> む→る -> る→む -> む→る -> る→む -> む→ず -> ず→つ -> つ→る -> る→げ -> げ→る -> る→ゆ -> ゆ→る -> る→ゆ -> ゆ→る -> る→つ -> つ→る -> る→つ -> つ→る -> る→つ -> つ→る -> る→つ -> つ→る -> る→つ -> つ→る -> る→よ -> よ→ず -> ず→も -> も→ず -> ず→が -> が→ず -> ず→よ -> よ→ず -> ず→よ -> よ→ず -> ず→そ -> そ→ず -> ず→に -> に→ず -> ず→み -> み→ず -> ず→み -> み→ず -> ず→う -> う→ず -> ず→う -> う→ず -> ず→う -> う→ず -> ず→う -> う→ず -> ず→う -> う→ず -> ず→う -> う→ず -> ず→う -> う→る -> る→よ -> よ→ず -> ず→う -> う→る -> る→な -> な→ず -> ず→う -> う→る -> る→な -> な→ず -> ず→う -> う→る -> る→う -> う→る -> る→う -> う→る -> る→う -> う→る -> る→う -> う→る -> る→う -> う→る -> る→う -> う→る -> る→う -> う→び -> び→ず -> ず→う -> う→ぬ -> ぬ→つ -> つ→べ -> べ→む -> む→ぽ -> ぽ→ず -> ず→う -> う→ぞ -> ぞ→ぴ -> ぴ→ず -> ず→う -> う→む -> む→ぷ -> ぷ→る -> る→う -> う→む -> む→ぜ -> ぜ→る -> る→う -> う→む -> む→ぜ -> ぜ→る -> る→う -> う→む -> む→ぐ -> ぐ→ず -> ず→う -> う→ぼ -> ぼ→ず -> ず→う -> う→ざ -> ざ→む -> む→の -> の→む -> む→の -> の→ず -> ず→う -> う→む -> む→ぎ -> ぎ→ず -> ず→く -> く→ず -> ず→く -> く→ず -> ず→り -> り→る -> る→う -> う→む -> む→ぎ -> ぎ→る -> る→う -> う→む -> む→ぎ -> ぎ→る -> る→う -> う→む -> む→ぎ -> ぎ→る -> る→う
alpha_beta vs greedy,alpha_beta,greedy,D50000_seed0_alpha_beta_vs_greedy_0,50000,0,first,ended_with_n,189,first,alpha_beta,う,191,2,55,1,0,,,う,む,む,0.184431,False,-2909.0,4,4,True,454,20,ず→ず -> ず→ず -> ず→る -> る→る -> る→る -> る→る -> る→る -> る→ぽ -> ぽ→ず -> ず→ぷ -> ぷ→ず -> ず→む -> む→る -> る→ぷ -> ぷ→ず -> ず→む -> む→る -> る→ぷ -> ぷ→ず -> ず→ら -> ら→ず -> ず→ら -> ら→る -> る→べ -> べ→る -> る→ぐ -> ぐ→る -> る→び -> び→ず -> ず→れ -> れ→ず -> ず→れ -> れ→ず -> ず→め -> め→ず -> ず→つ -> つ→ず -> ず→つ -> つ→ず -> ず→つ -> つ→る -> る→ね -> ね→ず -> ず→つ -> つ→る -> る→む -> む→る -> る→む -> む→る -> る→む -> む→ず -> ず→つ -> つ→る -> る→げ -> げ→る -> る→ゆ -> ゆ→る -> る→ゆ -> ゆ→る -> る→つ -> つ→る -> る→つ -> つ→る -> る→つ -> つ→る -> る→つ -> つ→る -> る→つ -> つ→る -> る→よ -> よ→ず -> ず→も -> も→ず -> ず→が -> が→ず -> ず→よ -> よ→ず -> ず→よ -> よ→ず -> ず→そ -> そ→ず -> ず→に -> に→ず -> ず→み -> み→ず -> ず→み -> み→ず -> ず→う -> う→ず -> ず→う -> う→ず -> ず→う -> う→ず -> ず→う -> う→ず -> ず→う -> う→ず -> ず→う -> う→ず -> ず→う -> う→る -> る→よ -> よ→ず -> ず→う -> う→る -> る→な -> な→ず -> ず→う -> う→る -> る→な -> な→ず -> ず→う -> う→る -> る→う -> う→る -> る→う -> う→る -> る→う -> う→る -> る→う -> う→る -> る→う -> う→る -> る→う -> う→る -> る→う -> う→び -> び→ず -> ず→う -> う→ぬ -> ぬ→つ -> つ→べ -> べ→む -> む→ぽ -> ぽ→ず -> ず→う -> う→ぞ -> ぞ→ぴ -> ぴ→ず -> ず→う -> う→む -> む→ぷ -> ぷ→る -> る→う -> う→む -> む→ぜ -> ぜ→る -> る→う -> う→む -> む→ぜ -> ぜ→る -> る→う -> う→む -> む→ぐ -> ぐ→ず -> ず→う -> う→ぼ -> ぼ→ず -> ず→う -> う→ざ -> ざ→む -> む→の -> の→む -> む→の -> の→ず -> ず→う -> う→む -> む→ぎ -> ぎ→ず -> ず→く -> く→ず -> ず→く -> く→ず -> ず→り -> り→る -> る→う -> う→む -> む→ぎ -> ぎ→る -> る→う -> う→む -> む→ぎ -> ぎ→る -> る→う -> う→む -> む→ぎ -> ぎ→る -> る→う -> う→む
alpha_beta vs greedy,alpha_beta,greedy,D50000_seed0_alpha_beta_vs_greedy_0,50000,0,first,ended_with_n,190,second,greedy,む,3748,55,8,1,0,,,む,ぎ,ぎ,6.2e-05,False,-7336.0,,,,,45,ず→ず -> ず→ず -> ず→る -> る→る -> る→る -> る→る -> る→る -> る→ぽ -> ぽ→ず -> ず→ぷ -> ぷ→ず -> ず→む -> む→る -> る→ぷ -> ぷ→ず -> ず→む -> む→る -> る→ぷ -> ぷ→ず -> ず→ら -> ら→ず -> ず→ら -> ら→る -> る→べ -> べ→る -> る→ぐ -> ぐ→る -> る→び -> び→ず -> ず→れ -> れ→ず -> ず→れ -> れ→ず -> ず→め -> め→ず -> ず→つ -> つ→ず -> ず→つ -> つ→ず -> ず→つ -> つ→る -> る→ね -> ね→ず -> ず→つ -> つ→る -> る→む -> む→る -> る→む -> む→る -> る→む -> む→ず -> ず→つ -> つ→る -> る→げ -> げ→る -> る→ゆ -> ゆ→る -> る→ゆ -> ゆ→る -> る→つ -> つ→る -> る→つ -> つ→る -> る→つ -> つ→る -> る→つ -> つ→る -> る→つ -> つ→る -> る→よ -> よ→ず -> ず→も -> も→ず -> ず→が -> が→ず -> ず→よ -> よ→ず -> ず→よ -> よ→ず -> ず→そ -> そ→ず -> ず→に -> に→ず -> ず→み -> み→ず -> ず→み -> み→ず -> ず→う -> う→ず -> ず→う -> う→ず -> ず→う -> う→ず -> ず→う -> う→ず -> ず→う -> う→ず -> ず→う -> う→ず -> ず→う -> う→る -> る→よ -> よ→ず -> ず→う -> う→る -> る→な -> な→ず -> ず→う -> う→る -> る→な -> な→ず -> ず→う -> う→る -> る→う -> う→る -> る→う -> う→る -> る→う -> う→る -> る→う -> う→る -> る→う -> う→る -> る→う -> う→る -> る→う -> う→び -> び→ず -> ず→う -> う→ぬ -> ぬ→つ -> つ→べ -> べ→む -> む→ぽ -> ぽ→ず -> ず→う -> う→ぞ -> ぞ→ぴ -> ぴ→ず -> ず→う -> う→む -> む→ぷ -> ぷ→る -> る→う -> う→む -> む→ぜ -> ぜ→る -> る→う -> う→む -> む→ぜ -> ぜ→る -> る→う -> う→む -> む→ぐ -> ぐ→ず -> ず→う -> う→ぼ -> ぼ→ず -> ず→う -> う→ざ -> ざ→む -> む→の -> の→む -> む→の -> の→ず -> ず→う -> う→む -> む→ぎ -> ぎ→ず -> ず→く -> く→ず -> ず→く -> く→ず -> ず→り -> り→る -> る→う -> う→む -> む→ぎ -> ぎ→る -> る→う -> う→む -> む→ぎ -> ぎ→る -> る→う -> う→む -> む→ぎ -> ぎ→る -> る→う -> う→む -> む→ぎ
alpha_beta vs greedy,alpha_beta,greedy,D50000_seed0_alpha_beta_vs_greedy_0,50000,0,first,ended_with_n,191,first,alpha_beta,ぎ,599,8,55,4,3,,,ぎ,む,む,0.162053,False,-2909.0,4,4,True,421,20,ず→ず -> ず→ず -> ず→る -> る→る -> る→る -> る→る -> る→る -> る→ぽ -> ぽ→ず -> ず→ぷ -> ぷ→ず -> ず→む -> む→る -> る→ぷ -> ぷ→ず -> ず→む -> む→る -> る→ぷ -> ぷ→ず -> ず→ら -> ら→ず -> ず→ら -> ら→る -> る→べ -> べ→る -> る→ぐ -> ぐ→る -> る→び -> び→ず -> ず→れ -> れ→ず -> ず→れ -> れ→ず -> ず→め -> め→ず -> ず→つ -> つ→ず -> ず→つ -> つ→ず -> ず→つ -> つ→る -> る→ね -> ね→ず -> ず→つ -> つ→る -> る→む -> む→る -> る→む -> む→る -> る→む -> む→ず -> ず→つ -> つ→る -> る→げ -> げ→る -> る→ゆ -> ゆ→る -> る→ゆ -> ゆ→る -> る→つ -> つ→る -> る→つ -> つ→る -> る→つ -> つ→る -> る→つ -> つ→る -> る→つ -> つ→る -> る→よ -> よ→ず -> ず→も -> も→ず -> ず→が -> が→ず -> ず→よ -> よ→ず -> ず→よ -> よ→ず -> ず→そ -> そ→ず -> ず→に -> に→ず -> ず→み -> み→ず -> ず→み -> み→ず -> ず→う -> う→ず -> ず→う -> う→ず -> ず→う -> う→ず -> ず→う -> う→ず -> ず→う -> う→ず -> ず→う -> う→ず -> ず→う -> う→る -> る→よ -> よ→ず -> ず→う -> う→る -> る→な -> な→ず -> ず→う -> う→る -> る→な -> な→ず -> ず→う -> う→る -> る→う -> う→る -> る→う -> う→る -> る→う -> う→る -> る→う -> う→る -> る→う -> う→る -> る→う -> う→る -> る→う -> う→び -> び→ず -> ず→う -> う→ぬ -> ぬ→つ -> つ→べ -> べ→む -> む→ぽ -> ぽ→ず -> ず→う -> う→ぞ -> ぞ→ぴ -> ぴ→ず -> ず→う -> う→む -> む→ぷ -> ぷ→る -> る→う -> う→む -> む→ぜ -> ぜ→る -> る→う -> う→む -> む→ぜ -> ぜ→る -> る→う -> う→む -> む→ぐ -> ぐ→ず -> ず→う -> う→ぼ -> ぼ→ず -> ず→う -> う→ざ -> ざ→む -> む→の -> の→む -> む→の -> の→ず -> ず→う -> う→む -> む→ぎ -> ぎ→ず -> ず→く -> く→ず -> ず→く -> く→ず -> ず→り -> り→る -> る→う -> う→む -> む→ぎ -> ぎ→る -> る→う -> う→む -> む→ぎ -> ぎ→る -> る→う -> う→む -> む→ぎ -> ぎ→る -> る→う -> う→む -> む→ぎ -> ぎ→む
alpha_beta vs greedy,alpha_beta,greedy,D50000_seed0_alpha_beta_vs_greedy_0,50000,0,first,ended_with_n,192,second,greedy,む,3782,55,42,2,1,,,む,び,び,6e-05,False,-7522.5,,,,,44,ず→ず -> ず→ず -> ず→る -> る→る -> る→る -> る→る -> る→る -> る→ぽ -> ぽ→ず -> ず→ぷ -> ぷ→ず -> ず→む -> む→る -> る→ぷ -> ぷ→ず -> ず→む -> む→る -> る→ぷ -> ぷ→ず -> ず→ら -> ら→ず -> ず→ら -> ら→る -> る→べ -> べ→る -> る→ぐ -> ぐ→る -> る→び -> び→ず -> ず→れ -> れ→ず -> ず→れ -> れ→ず -> ず→め -> め→ず -> ず→つ -> つ→ず -> ず→つ -> つ→ず -> ず→つ -> つ→る -> る→ね -> ね→ず -> ず→つ -> つ→る -> る→む -> む→る -> る→む -> む→る -> る→む -> む→ず -> ず→つ -> つ→る -> る→げ -> げ→る -> る→ゆ -> ゆ→る -> る→ゆ -> ゆ→る -> る→つ -> つ→る -> る→つ -> つ→る -> る→つ -> つ→る -> る→つ -> つ→る -> る→つ -> つ→る -> る→よ -> よ→ず -> ず→も -> も→ず -> ず→が -> が→ず -> ず→よ -> よ→ず -> ず→よ -> よ→ず -> ず→そ -> そ→ず -> ず→に -> に→ず -> ず→み -> み→ず -> ず→み -> み→ず -> ず→う -> う→ず -> ず→う -> う→ず -> ず→う -> う→ず -> ず→う -> う→ず -> ず→う -> う→ず -> ず→う -> う→ず -> ず→う -> う→る -> る→よ -> よ→ず -> ず→う -> う→る -> る→な -> な→ず -> ず→う -> う→る -> る→な -> な→ず -> ず→う -> う→る -> る→う -> う→る -> る→う -> う→る -> る→う -> う→る -> る→う -> う→る -> る→う -> う→る -> る→う -> う→る -> る→う -> う→び -> び→ず -> ず→う -> う→ぬ -> ぬ→つ -> つ→べ -> べ→む -> む→ぽ -> ぽ→ず -> ず→う -> う→ぞ -> ぞ→ぴ -> ぴ→ず -> ず→う -> う→む -> む→ぷ -> ぷ→る -> る→う -> う→む -> む→ぜ -> ぜ→る -> る→う -> う→む -> む→ぜ -> ぜ→る -> る→う -> う→む -> む→ぐ -> ぐ→ず -> ず→う -> う→ぼ -> ぼ→ず -> ず→う -> う→ざ -> ざ→む -> む→の -> の→む -> む→の -> の→ず -> ず→う -> う→む -> む→ぎ -> ぎ→ず -> ず→く -> く→ず -> ず→く -> く→ず -> ず→り -> り→る -> る→う -> う→む -> む→ぎ -> ぎ→る -> る→う -> う→む -> む→ぎ -> ぎ→る -> る→う -> う→む -> む→ぎ -> ぎ→る -> る→う -> う→む -> む→ぎ -> ぎ→む -> む→び
alpha_beta vs greedy,alpha_beta,greedy,D50000_seed0_alpha_beta_vs_greedy_0,50000,0,first,ended_with_n,193,first,alpha_beta,び,2919,42,63,20,19,,,び,る,る,0.049789,False,5177.0,4,4,True,326,20,ず→ず -> ず→ず -> ず→る -> る→る -> る→る -> る→る -> る→る -> る→ぽ -> ぽ→ず -> ず→ぷ -> ぷ→ず -> ず→む -> む→る -> る→ぷ -> ぷ→ず -> ず→む -> む→る -> る→ぷ -> ぷ→ず -> ず→ら -> ら→ず -> ず→ら -> ら→る -> る→べ -> べ→る -> る→ぐ -> ぐ→る -> る→び -> び→ず -> ず→れ -> れ→ず -> ず→れ -> れ→ず -> ず→め -> め→ず -> ず→つ -> つ→ず -> ず→つ -> つ→ず -> ず→つ -> つ→る -> る→ね -> ね→ず -> ず→つ -> つ→る -> る→む -> む→る -> る→む -> む→る -> る→む -> む→ず -> ず→つ -> つ→る -> る→げ -> げ→る -> る→ゆ -> ゆ→る -> る→ゆ -> ゆ→る -> る→つ -> つ→る -> る→つ -> つ→る -> る→つ -> つ→る -> る→つ -> つ→る -> る→つ -> つ→る -> る→よ -> よ→ず -> ず→も -> も→ず -> ず→が -> が→ず -> ず→よ -> よ→ず -> ず→よ -> よ→ず -> ず→そ -> そ→ず -> ず→に -> に→ず -> ず→み -> み→ず -> ず→み -> み→ず -> ず→う -> う→ず -> ず→う -> う→ず -> ず→う -> う→ず -> ず→う -> う→ず -> ず→う -> う→ず -> ず→う -> う→ず -> ず→う -> う→る -> る→よ -> よ→ず -> ず→う -> う→る -> る→な -> な→ず -> ず→う -> う→る -> る→な -> な→ず -> ず→う -> う→る -> る→う -> う→る -> る→う -> う→る -> る→う -> う→る -> る→う -> う→る -> る→う -> う→る -> る→う -> う→る -> る→う -> う→び -> び→ず -> ず→う -> う→ぬ -> ぬ→つ -> つ→べ -> べ→む -> む→ぽ -> ぽ→ず -> ず→う -> う→ぞ -> ぞ→ぴ -> ぴ→ず -> ず→う -> う→む -> む→ぷ -> ぷ→る -> る→う -> う→む -> む→ぜ -> ぜ→る -> る→う -> う→む -> む→ぜ -> ぜ→る -> る→う -> う→む -> む→ぐ -> ぐ→ず -> ず→う -> う→ぼ -> ぼ→ず -> ず→う -> う→ざ -> ざ→む -> む→の -> の→む -> む→の -> の→ず -> ず→う -> う→む -> む→ぎ -> ぎ→ず -> ず→く -> く→ず -> ず→く -> く→ず -> ず→り -> り→る -> る→う -> う→む -> む→ぎ -> ぎ→る -> る→う -> う→む -> む→ぎ -> ぎ→る -> る→う -> う→む -> む→ぎ -> ぎ→る -> る→う -> う→む -> む→ぎ -> ぎ→む -> む→び -> び→る
alpha_beta vs greedy,alpha_beta,greedy,D50000_seed0_alpha_beta_vs_greedy_0,50000,0,first,ended_with_n,194,second,greedy,る,4293,63,9,8,7,,,る,く,く,1.9e-05,False,-18335.0,,,,,14,ず→ず -> ず→ず -> ず→る -> る→る -> る→る -> る→る -> る→る -> る→ぽ -> ぽ→ず -> ず→ぷ -> ぷ→ず -> ず→む -> む→る -> る→ぷ -> ぷ→ず -> ず→む -> む→る -> る→ぷ -> ぷ→ず -> ず→ら -> ら→ず -> ず→ら -> ら→る -> る→べ -> べ→る -> る→ぐ -> ぐ→る -> る→び -> び→ず -> ず→れ -> れ→ず -> ず→れ -> れ→ず -> ず→め -> め→ず -> ず→つ -> つ→ず -> ず→つ -> つ→ず -> ず→つ -> つ→る -> る→ね -> ね→ず -> ず→つ -> つ→る -> る→む -> む→る -> る→む -> む→る -> る→む -> む→ず -> ず→つ -> つ→る -> る→げ -> げ→る -> る→ゆ -> ゆ→る -> る→ゆ -> ゆ→る -> る→つ -> つ→る -> る→つ -> つ→る -> る→つ -> つ→る -> る→つ -> つ→る -> る→つ -> つ→る -> る→よ -> よ→ず -> ず→も -> も→ず -> ず→が -> が→ず -> ず→よ -> よ→ず -> ず→よ -> よ→ず -> ず→そ -> そ→ず -> ず→に -> に→ず -> ず→み -> み→ず -> ず→み -> み→ず -> ず→う -> う→ず -> ず→う -> う→ず -> ず→う -> う→ず -> ず→う -> う→ず -> ず→う -> う→ず -> ず→う -> う→ず -> ず→う -> う→る -> る→よ -> よ→ず -> ず→う -> う→る -> る→な -> な→ず -> ず→う -> う→る -> る→な -> な→ず -> ず→う -> う→る -> る→う -> う→る -> る→う -> う→る -> る→う -> う→る -> る→う -> う→る -> る→う -> う→る -> る→う -> う→る -> る→う -> う→び -> び→ず -> ず→う -> う→ぬ -> ぬ→つ -> つ→べ -> べ→む -> む→ぽ -> ぽ→ず -> ず→う -> う→ぞ -> ぞ→ぴ -> ぴ→ず -> ず→う -> う→む -> む→ぷ -> ぷ→る -> る→う -> う→む -> む→ぜ -> ぜ→る -> る→う -> う→む -> む→ぜ -> ぜ→る -> る→う -> う→む -> む→ぐ -> ぐ→ず -> ず→う -> う→ぼ -> ぼ→ず -> ず→う -> う→ざ -> ざ→む -> む→の -> の→む -> む→の -> の→ず -> ず→う -> う→む -> む→ぎ -> ぎ→ず -> ず→く -> く→ず -> ず→く -> く→ず -> ず→り -> り→る -> る→う -> う→む -> む→ぎ -> ぎ→る -> る→う -> う→む -> む→ぎ -> ぎ→る -> る→う -> う→む -> む→ぎ -> ぎ→る -> る→う -> う→む -> む→ぎ -> ぎ→む -> む→び -> び→る -> る→く
alpha_beta vs greedy,alpha_beta,greedy,D50000_seed0_alpha_beta_vs_greedy_0,50000,0,first,ended_with_n,195,first,alpha_beta,く,632,9,20,6,5,,,く,ず,ず,0.041427,False,5333.0,4,4,True,310,20,ず→ず -> ず→ず -> ず→る -> る→る -> る→る -> る→る -> る→る -> る→ぽ -> ぽ→ず -> ず→ぷ -> ぷ→ず -> ず→む -> む→る -> る→ぷ -> ぷ→ず -> ず→む -> む→る -> る→ぷ -> ぷ→ず -> ず→ら -> ら→ず -> ず→ら -> ら→る -> る→べ -> べ→る -> る→ぐ -> ぐ→る -> る→び -> び→ず -> ず→れ -> れ→ず -> ず→れ -> れ→ず -> ず→め -> め→ず -> ず→つ -> つ→ず -> ず→つ -> つ→ず -> ず→つ -> つ→る -> る→ね -> ね→ず -> ず→つ -> つ→る -> る→む -> む→る -> る→む -> む→る -> る→む -> む→ず -> ず→つ -> つ→る -> る→げ -> げ→る -> る→ゆ -> ゆ→る -> る→ゆ -> ゆ→る -> る→つ -> つ→る -> る→つ -> つ→る -> る→つ -> つ→る -> る→つ -> つ→る -> る→つ -> つ→る -> る→よ -> よ→ず -> ず→も -> も→ず -> ず→が -> が→ず -> ず→よ -> よ→ず -> ず→よ -> よ→ず -> ず→そ -> そ→ず -> ず→に -> に→ず -> ず→み -> み→ず -> ず→み -> み→ず -> ず→う -> う→ず -> ず→う -> う→ず -> ず→う -> う→ず -> ず→う -> う→ず -> ず→う -> う→ず -> ず→う -> う→ず -> ず→う -> う→る -> る→よ -> よ→ず -> ず→う -> う→る -> る→な -> な→ず -> ず→う -> う→る -> る→な -> な→ず -> ず→う -> う→る -> る→う -> う→る -> る→う -> う→る -> る→う -> う→る -> る→う -> う→る -> る→う -> う→る -> る→う -> う→る -> る→う -> う→び -> び→ず -> ず→う -> う→ぬ -> ぬ→つ -> つ→べ -> べ→む -> む→ぽ -> ぽ→ず -> ず→う -> う→ぞ -> ぞ→ぴ -> ぴ→ず -> ず→う -> う→む -> む→ぷ -> ぷ→る -> る→う -> う→む -> む→ぜ -> ぜ→る -> る→う -> う→む -> む→ぜ -> ぜ→る -> る→う -> う→む -> む→ぐ -> ぐ→ず -> ず→う -> う→ぼ -> ぼ→ず -> ず→う -> う→ざ -> ざ→む -> む→の -> の→む -> む→の -> の→ず -> ず→う -> う→む -> む→ぎ -> ぎ→ず -> ず→く -> く→ず -> ず→く -> く→ず -> ず→り -> り→る -> る→う -> う→む -> む→ぎ -> ぎ→る -> る→う -> う→む -> む→ぎ -> ぎ→る -> る→う -> う→む -> む→ぎ -> ぎ→る -> る→う -> う→む -> む→ぎ -> ぎ→む -> む→び -> び→る -> る→く -> く→ず
alpha_beta vs greedy,alpha_beta,greedy,D50000_seed0_alpha_beta_vs_greedy_0,50000,0,first,ended_with_n,196,second,greedy,ず,1363,20,3,1,0,,,ず,え,え,1.5e-05,False,-19107.5,,,,,10,ず→ず -> ず→ず -> ず→る -> る→る -> る→る -> る→る -> る→る -> る→ぽ -> ぽ→ず -> ず→ぷ -> ぷ→ず -> ず→む -> む→る -> る→ぷ -> ぷ→ず -> ず→む -> む→る -> る→ぷ -> ぷ→ず -> ず→ら -> ら→ず -> ず→ら -> ら→る -> る→べ -> べ→る -> る→ぐ -> ぐ→る -> る→び -> び→ず -> ず→れ -> れ→ず -> ず→れ -> れ→ず -> ず→め -> め→ず -> ず→つ -> つ→ず -> ず→つ -> つ→ず -> ず→つ -> つ→る -> る→ね -> ね→ず -> ず→つ -> つ→る -> る→む -> む→る -> る→む -> む→る -> る→む -> む→ず -> ず→つ -> つ→る -> る→げ -> げ→る -> る→ゆ -> ゆ→る -> る→ゆ -> ゆ→る -> る→つ -> つ→る -> る→つ -> つ→る -> る→つ -> つ→る -> る→つ -> つ→る -> る→つ -> つ→る -> る→よ -> よ→ず -> ず→も -> も→ず -> ず→が -> が→ず -> ず→よ -> よ→ず -> ず→よ -> よ→ず -> ず→そ -> そ→ず -> ず→に -> に→ず -> ず→み -> み→ず -> ず→み -> み→ず -> ず→う -> う→ず -> ず→う -> う→ず -> ず→う -> う→ず -> ず→う -> う→ず -> ず→う -> う→ず -> ず→う -> う→ず -> ず→う -> う→る -> る→よ -> よ→ず -> ず→う -> う→る -> る→な -> な→ず -> ず→う -> う→る -> る→な -> な→ず -> ず→う -> う→る -> る→う -> う→る -> る→う -> う→る -> る→う -> う→る -> る→う -> う→る -> る→う -> う→る -> る→う -> う→る -> る→う -> う→び -> び→ず -> ず→う -> う→ぬ -> ぬ→つ -> つ→べ -> べ→む -> む→ぽ -> ぽ→ず -> ず→う -> う→ぞ -> ぞ→ぴ -> ぴ→ず -> ず→う -> う→む -> む→ぷ -> ぷ→る -> る→う -> う→む -> む→ぜ -> ぜ→る -> る→う -> う→む -> む→ぜ -> ぜ→る -> る→う -> う→む -> む→ぐ -> ぐ→ず -> ず→う -> う→ぼ -> ぼ→ず -> ず→う -> う→ざ -> ざ→む -> む→の -> の→む -> む→の -> の→ず -> ず→う -> う→む -> む→ぎ -> ぎ→ず -> ず→く -> く→ず -> ず→く -> く→ず -> ず→り -> り→る -> る→う -> う→む -> む→ぎ -> ぎ→る -> る→う -> う→む -> む→ぎ -> ぎ→る -> る→う -> う→む -> む→ぎ -> ぎ→る -> る→う -> う→む -> む→ぎ -> ぎ→む -> む→び -> び→る -> る→く -> く→ず -> ず→え
alpha_beta vs greedy,alpha_beta,greedy,D50000_seed0_alpha_beta_vs_greedy_0,50000,0,first,ended_with_n,197,first,alpha_beta,え,224,3,20,7,6,,,え,ず,ず,0.038809,False,5622.0,4,4,True,305,20,ず→ず -> ず→ず -> ず→る -> る→る -> る→る -> る→る -> る→る -> る→ぽ -> ぽ→ず -> ず→ぷ -> ぷ→ず -> ず→む -> む→る -> る→ぷ -> ぷ→ず -> ず→む -> む→る -> る→ぷ -> ぷ→ず -> ず→ら -> ら→ず -> ず→ら -> ら→る -> る→べ -> べ→る -> る→ぐ -> ぐ→る -> る→び -> び→ず -> ず→れ -> れ→ず -> ず→れ -> れ→ず -> ず→め -> め→ず -> ず→つ -> つ→ず -> ず→つ -> つ→ず -> ず→つ -> つ→る -> る→ね -> ね→ず -> ず→つ -> つ→る -> る→む -> む→る -> る→む -> む→る -> る→む -> む→ず -> ず→つ -> つ→る -> る→げ -> げ→る -> る→ゆ -> ゆ→る -> る→ゆ -> ゆ→る -> る→つ -> つ→る -> る→つ -> つ→る -> る→つ -> つ→る -> る→つ -> つ→る -> る→つ -> つ→る -> る→よ -> よ→ず -> ず→も -> も→ず -> ず→が -> が→ず -> ず→よ -> よ→ず -> ず→よ -> よ→ず -> ず→そ -> そ→ず -> ず→に -> に→ず -> ず→み -> み→ず -> ず→み -> み→ず -> ず→う -> う→ず -> ず→う -> う→ず -> ず→う -> う→ず -> ず→う -> う→ず -> ず→う -> う→ず -> ず→う -> う→ず -> ず→う -> う→る -> る→よ -> よ→ず -> ず→う -> う→る -> る→な -> な→ず -> ず→う -> う→る -> る→な -> な→ず -> ず→う -> う→る -> る→う -> う→る -> る→う -> う→る -> る→う -> う→る -> る→う -> う→る -> る→う -> う→る -> る→う -> う→る -> る→う -> う→び -> び→ず -> ず→う -> う→ぬ -> ぬ→つ -> つ→べ -> べ→む -> む→ぽ -> ぽ→ず -> ず→う -> う→ぞ -> ぞ→ぴ -> ぴ→ず -> ず→う -> う→む -> む→ぷ -> ぷ→る -> る→う -> う→む -> む→ぜ -> ぜ→る -> る→う -> う→む -> む→ぜ -> ぜ→る -> る→う -> う→む -> む→ぐ -> ぐ→ず -> ず→う -> う→ぼ -> ぼ→ず -> ず→う -> う→ざ -> ざ→む -> む→の -> の→む -> む→の -> の→ず -> ず→う -> う→む -> む→ぎ -> ぎ→ず -> ず→く -> く→ず -> ず→く -> く→ず -> ず→り -> り→る -> る→う -> う→む -> む→ぎ -> ぎ→る -> る→う -> う→む -> む→ぎ -> ぎ→る -> る→う -> う→む -> む→ぎ -> ぎ→る -> る→う -> う→む -> む→ぎ -> ぎ→む -> む→び -> び→る -> る→く -> く→ず -> ず→え -> え→ず
alpha_beta vs greedy,alpha_beta,greedy,D50000_seed0_alpha_beta_vs_greedy_0,50000,0,first,ended_with_n,198,second,greedy,ず,1413,20,53,1,0,,,ず,ま,ま,1.4e-05,False,-19489.0,,,,,9,ず→ず -> ず→ず -> ず→る -> る→る -> る→る -> る→る -> る→る -> る→ぽ -> ぽ→ず -> ず→ぷ -> ぷ→ず -> ず→む -> む→る -> る→ぷ -> ぷ→ず -> ず→む -> む→る -> る→ぷ -> ぷ→ず -> ず→ら -> ら→ず -> ず→ら -> ら→る -> る→べ -> べ→る -> る→ぐ -> ぐ→る -> る→び -> び→ず -> ず→れ -> れ→ず -> ず→れ -> れ→ず -> ず→め -> め→ず -> ず→つ -> つ→ず -> ず→つ -> つ→ず -> ず→つ -> つ→る -> る→ね -> ね→ず -> ず→つ -> つ→る -> る→む -> む→る -> る→む -> む→る -> る→む -> む→ず -> ず→つ -> つ→る -> る→げ -> げ→る -> る→ゆ -> ゆ→る -> る→ゆ -> ゆ→る -> る→つ -> つ→る -> る→つ -> つ→る -> る→つ -> つ→る -> る→つ -> つ→る -> る→つ -> つ→る -> る→よ -> よ→ず -> ず→も -> も→ず -> ず→が -> が→ず -> ず→よ -> よ→ず -> ず→よ -> よ→ず -> ず→そ -> そ→ず -> ず→に -> に→ず -> ず→み -> み→ず -> ず→み -> み→ず -> ず→う -> う→ず -> ず→う -> う→ず -> ず→う -> う→ず -> ず→う -> う→ず -> ず→う -> う→ず -> ず→う -> う→ず -> ず→う -> う→る -> る→よ -> よ→ず -> ず→う -> う→る -> る→な -> な→ず -> ず→う -> う→る -> る→な -> な→ず -> ず→う -> う→る -> る→う -> う→る -> る→う -> う→る -> る→う -> う→る -> る→う -> う→る -> る→う -> う→る -> る→う -> う→る -> る→う -> う→び -> び→ず -> ず→う -> う→ぬ -> ぬ→つ -> つ→べ -> べ→む -> む→ぽ -> ぽ→ず -> ず→う -> う→ぞ -> ぞ→ぴ -> ぴ→ず -> ず→う -> う→む -> む→ぷ -> ぷ→る -> る→う -> う→む -> む→ぜ -> ぜ→る -> る→う -> う→む -> む→ぜ -> ぜ→る -> る→う -> う→む -> む→ぐ -> ぐ→ず -> ず→う -> う→ぼ -> ぼ→ず -> ず→う -> う→ざ -> ざ→む -> む→の -> の→む -> む→の -> の→ず -> ず→う -> う→む -> む→ぎ -> ぎ→ず -> ず→く -> く→ず -> ず→く -> く→ず -> ず→り -> り→る -> る→う -> う→む -> む→ぎ -> ぎ→る -> る→う -> う→む -> む→ぎ -> ぎ→る -> る→う -> う→む -> む→ぎ -> ぎ→る -> る→う -> う→む -> む→ぎ -> ぎ→む -> む→び -> び→る -> る→く -> く→ず -> ず→え -> え→ず -> ず→ま
alpha_beta vs greedy,alpha_beta,greedy,D50000_seed0_alpha_beta_vs_greedy_0,50000,0,first,ended_with_n,199,first,alpha_beta,ま,3624,53,20,7,6,,,ま,ず,ず,0.034566,False,6385.0,4,4,True,284,20,ず→ず -> ず→ず -> ず→る -> る→る -> る→る -> る→る -> る→る -> る→ぽ -> ぽ→ず -> ず→ぷ -> ぷ→ず -> ず→む -> む→る -> る→ぷ -> ぷ→ず -> ず→む -> む→る -> る→ぷ -> ぷ→ず -> ず→ら -> ら→ず -> ず→ら -> ら→る -> る→べ -> べ→る -> る→ぐ -> ぐ→る -> る→び -> び→ず -> ず→れ -> れ→ず -> ず→れ -> れ→ず -> ず→め -> め→ず -> ず→つ -> つ→ず -> ず→つ -> つ→ず -> ず→つ -> つ→る -> る→ね -> ね→ず -> ず→つ -> つ→る -> る→む -> む→る -> る→む -> む→る -> る→む -> む→ず -> ず→つ -> つ→る -> る→げ -> げ→る -> る→ゆ -> ゆ→る -> る→ゆ -> ゆ→る -> る→つ -> つ→る -> る→つ -> つ→る -> る→つ -> つ→る -> る→つ -> つ→る -> る→つ -> つ→る -> る→よ -> よ→ず -> ず→も -> も→ず -> ず→が -> が→ず -> ず→よ -> よ→ず -> ず→よ -> よ→ず -> ず→そ -> そ→ず -> ず→に -> に→ず -> ず→み -> み→ず -> ず→み -> み→ず -> ず→う -> う→ず -> ず→う -> う→ず -> ず→う -> う→ず -> ず→う -> う→ず -> ず→う -> う→ず -> ず→う -> う→ず -> ず→う -> う→る -> る→よ -> よ→ず -> ず→う -> う→る -> る→な -> な→ず -> ず→う -> う→る -> る→な -> な→ず -> ず→う -> う→る -> る→う -> う→る -> る→う -> う→る -> る→う -> う→る -> る→う -> う→る -> る→う -> う→る -> る→う -> う→る -> る→う -> う→び -> び→ず -> ず→う -> う→ぬ -> ぬ→つ -> つ→べ -> べ→む -> む→ぽ -> ぽ→ず -> ず→う -> う→ぞ -> ぞ→ぴ -> ぴ→ず -> ず→う -> う→む -> む→ぷ -> ぷ→る -> る→う -> う→む -> む→ぜ -> ぜ→る -> る→う -> う→む -> む→ぜ -> ぜ→る -> る→う -> う→む -> む→ぐ -> ぐ→ず -> ず→う -> う→ぼ -> ぼ→ず -> ず→う -> う→ざ -> ざ→む -> む→の -> の→む -> む→の -> の→ず -> ず→う -> う→む -> む→ぎ -> ぎ→ず -> ず→く -> く→ず -> ず→く -> く→ず -> ず→り -> り→る -> る→う -> う→む -> む→ぎ -> ぎ→る -> る→う -> う→む -> む→ぎ -> ぎ→る -> る→う -> う→む -> む→ぎ -> ぎ→る -> る→う -> う→む -> む→ぎ -> ぎ→む -> む→び -> び→る -> る→く -> く→ず -> ず→え -> え→ず -> ず→ま -> ま→ず
alpha_beta vs greedy,alpha_beta,greedy,D50000_seed0_alpha_beta_vs_greedy_0,50000,0,first,ended_with_n,200,second,greedy,ず,1385,20,25,1,0,,,ず,た,た,1.2e-05,False,-22821.0,,,,,8,ず→ず -> ず→ず -> ず→る -> る→る -> る→る -> る→る -> る→る -> る→ぽ -> ぽ→ず -> ず→ぷ -> ぷ→ず -> ず→む -> む→る -> る→ぷ -> ぷ→ず -> ず→む -> む→る -> る→ぷ -> ぷ→ず -> ず→ら -> ら→ず -> ず→ら -> ら→る -> る→べ -> べ→る -> る→ぐ -> ぐ→る -> る→び -> び→ず -> ず→れ -> れ→ず -> ず→れ -> れ→ず -> ず→め -> め→ず -> ず→つ -> つ→ず -> ず→つ -> つ→ず -> ず→つ -> つ→る -> る→ね -> ね→ず -> ず→つ -> つ→る -> る→む -> む→る -> る→む -> む→る -> る→む -> む→ず -> ず→つ -> つ→る -> る→げ -> げ→る -> る→ゆ -> ゆ→る -> る→ゆ -> ゆ→る -> る→つ -> つ→る -> る→つ -> つ→る -> る→つ -> つ→る -> る→つ -> つ→る -> る→つ -> つ→る -> る→よ -> よ→ず -> ず→も -> も→ず -> ず→が -> が→ず -> ず→よ -> よ→ず -> ず→よ -> よ→ず -> ず→そ -> そ→ず -> ず→に -> に→ず -> ず→み -> み→ず -> ず→み -> み→ず -> ず→う -> う→ず -> ず→う -> う→ず -> ず→う -> う→ず -> ず→う -> う→ず -> ず→う -> う→ず -> ず→う -> う→ず -> ず→う -> う→る -> る→よ -> よ→ず -> ず→う -> う→る -> る→な -> な→ず -> ず→う -> う→る -> る→な -> な→ず -> ず→う -> う→る -> る→う -> う→る -> る→う -> う→る -> る→う -> う→る -> る→う -> う→る -> る→う -> う→る -> る→う -> う→る -> る→う -> う→び -> び→ず -> ず→う -> う→ぬ -> ぬ→つ -> つ→べ -> べ→む -> む→ぽ -> ぽ→ず -> ず→う -> う→ぞ -> ぞ→ぴ -> ぴ→ず -> ず→う -> う→む -> む→ぷ -> ぷ→る -> る→う -> う→む -> む→ぜ -> ぜ→る -> る→う -> う→む -> む→ぜ -> ぜ→る -> る→う -> う→む -> む→ぐ -> ぐ→ず -> ず→う -> う→ぼ -> ぼ→ず -> ず→う -> う→ざ -> ざ→む -> む→の -> の→む -> む→の -> の→ず -> ず→う -> う→む -> む→ぎ -> ぎ→ず -> ず→く -> く→ず -> ず→く -> く→ず -> ず→り -> り→る -> る→う -> う→む -> む→ぎ -> ぎ→る -> る→う -> う→む -> む→ぎ -> ぎ→る -> る→う -> う→む -> む→ぎ -> ぎ→る -> る→う -> う→む -> む→ぎ -> ぎ→む -> む→び -> び→る -> る→く -> く→ず -> ず→え -> え→ず -> ず→ま -> ま→ず -> ず→た
alpha_beta vs greedy,alpha_beta,greedy,D50000_seed0_alpha_beta_vs_greedy_0,50000,0,first,ended_with_n,201,first,alpha_beta,た,1720,25,20,6,5,,,た,ず,ず,0.030206,False,6756.0,4,4,True,259,20,ず→ず -> ず→ず -> ず→る -> る→る -> る→る -> る→る -> る→る -> る→ぽ -> ぽ→ず -> ず→ぷ -> ぷ→ず -> ず→む -> む→る -> る→ぷ -> ぷ→ず -> ず→む -> む→る -> る→ぷ -> ぷ→ず -> ず→ら -> ら→ず -> ず→ら -> ら→る -> る→べ -> べ→る -> る→ぐ -> ぐ→る -> る→び -> び→ず -> ず→れ -> れ→ず -> ず→れ -> れ→ず -> ず→め -> め→ず -> ず→つ -> つ→ず -> ず→つ -> つ→ず -> ず→つ -> つ→る -> る→ね -> ね→ず -> ず→つ -> つ→る -> る→む -> む→る -> る→む -> む→る -> る→む -> む→ず -> ず→つ -> つ→る -> る→げ -> げ→る -> る→ゆ -> ゆ→る -> る→ゆ -> ゆ→る -> る→つ -> つ→る -> る→つ -> つ→る -> る→つ -> つ→る -> る→つ -> つ→る -> る→つ -> つ→る -> る→よ -> よ→ず -> ず→も -> も→ず -> ず→が -> が→ず -> ず→よ -> よ→ず -> ず→よ -> よ→ず -> ず→そ -> そ→ず -> ず→に -> に→ず -> ず→み -> み→ず -> ず→み -> み→ず -> ず→う -> う→ず -> ず→う -> う→ず -> ず→う -> う→ず -> ず→う -> う→ず -> ず→う -> う→ず -> ず→う -> う→ず -> ず→う -> う→る -> る→よ -> よ→ず -> ず→う -> う→る -> る→な -> な→ず -> ず→う -> う→る -> る→な -> な→ず -> ず→う -> う→る -> る→う -> う→る -> る→う -> う→る -> る→う -> う→る -> る→う -> う→る -> る→う -> う→る -> る→う -> う→る -> る→う -> う→び -> び→ず -> ず→う -> う→ぬ -> ぬ→つ -> つ→べ -> べ→む -> む→ぽ -> ぽ→ず -> ず→う -> う→ぞ -> ぞ→ぴ -> ぴ→ず -> ず→う -> う→む -> む→ぷ -> ぷ→る -> る→う -> う→む -> む→ぜ -> ぜ→る -> る→う -> う→む -> む→ぜ -> ぜ→る -> る→う -> う→む -> む→ぐ -> ぐ→ず -> ず→う -> う→ぼ -> ぼ→ず -> ず→う -> う→ざ -> ざ→む -> む→の -> の→む -> む→の -> の→ず -> ず→う -> う→む -> む→ぎ -> ぎ→ず -> ず→く -> く→ず -> ず→く -> く→ず -> ず→り -> り→る -> る→う -> う→む -> む→ぎ -> ぎ→る -> る→う -> う→む -> む→ぎ -> ぎ→る -> る→う -> う→む -> む→ぎ -> ぎ→る -> る→う -> う→む -> む→ぎ -> ぎ→む -> む→び -> び→る -> る→く -> く→ず -> ず→え -> え→ず -> ず→ま -> ま→ず -> ず→た -> た→ず
alpha_beta vs greedy,alpha_beta,greedy,D50000_seed0_alpha_beta_vs_greedy_0,50000,0,first,ended_with_n,202,second,greedy,ず,1379,20,19,1,0,,,ず,す,す,1e-05,False,-23201.0,,,,,7,ず→ず -> ず→ず -> ず→る -> る→る -> る→る -> る→る -> る→る -> る→ぽ -> ぽ→ず -> ず→ぷ -> ぷ→ず -> ず→む -> む→る -> る→ぷ -> ぷ→ず -> ず→む -> む→る -> る→ぷ -> ぷ→ず -> ず→ら -> ら→ず -> ず→ら -> ら→る -> る→べ -> べ→る -> る→ぐ -> ぐ→る -> る→び -> び→ず -> ず→れ -> れ→ず -> ず→れ -> れ→ず -> ず→め -> め→ず -> ず→つ -> つ→ず -> ず→つ -> つ→ず -> ず→つ -> つ→る -> る→ね -> ね→ず -> ず→つ -> つ→る -> る→む -> む→る -> る→む -> む→る -> る→む -> む→ず -> ず→つ -> つ→る -> る→げ -> げ→る -> る→ゆ -> ゆ→る -> る→ゆ -> ゆ→る -> る→つ -> つ→る -> る→つ -> つ→る -> る→つ -> つ→る -> る→つ -> つ→る -> る→つ -> つ→る -> る→よ -> よ→ず -> ず→も -> も→ず -> ず→が -> が→ず -> ず→よ -> よ→ず -> ず→よ -> よ→ず -> ず→そ -> そ→ず -> ず→に -> に→ず -> ず→み -> み→ず -> ず→み -> み→ず -> ず→う -> う→ず -> ず→う -> う→ず -> ず→う -> う→ず -> ず→う -> う→ず -> ず→う -> う→ず -> ず→う -> う→ず -> ず→う -> う→る -> る→よ -> よ→ず -> ず→う -> う→る -> る→な -> な→ず -> ず→う -> う→る -> る→な -> な→ず -> ず→う -> う→る -> る→う -> う→る -> る→う -> う→る -> る→う -> う→る -> る→う -> う→る -> る→う -> う→る -> る→う -> う→る -> る→う -> う→び -> び→ず -> ず→う -> う→ぬ -> ぬ→つ -> つ→べ -> べ→む -> む→ぽ -> ぽ→ず -> ず→う -> う→ぞ -> ぞ→ぴ -> ぴ→ず -> ず→う -> う→む -> む→ぷ -> ぷ→る -> る→う -> う→む -> む→ぜ -> ぜ→る -> る→う -> う→む -> む→ぜ -> ぜ→る -> る→う -> う→む -> む→ぐ -> ぐ→ず -> ず→う -> う→ぼ -> ぼ→ず -> ず→う -> う→ざ -> ざ→む -> む→の -> の→む -> む→の -> の→ず -> ず→う -> う→む -> む→ぎ -> ぎ→ず -> ず→く -> く→ず -> ず→く -> く→ず -> ず→り -> り→る -> る→う -> う→む -> む→ぎ -> ぎ→る -> る→う -> う→む -> む→ぎ -> ぎ→る -> る→う -> う→む -> む→ぎ -> ぎ→る -> る→う -> う→む -> む→ぎ -> ぎ→む -> む→び -> び→る -> る→く -> く→ず -> ず→え -> え→ず -> ず→ま -> ま→ず -> ず→た -> た→ず -> ず→す
alpha_beta vs greedy,alpha_beta,greedy,D50000_seed0_alpha_beta_vs_greedy_0,50000,0,first,ended_with_n,203,first,alpha_beta,す,1312,19,20,10,9,,,す,ず,ず,0.027932,False,7077.0,4,4,True,244,20,ず→ず -> ず→ず -> ず→る -> る→る -> る→る -> る→る -> る→る -> る→ぽ -> ぽ→ず -> ず→ぷ -> ぷ→ず -> ず→む -> む→る -> る→ぷ -> ぷ→ず -> ず→む -> む→る -> る→ぷ -> ぷ→ず -> ず→ら -> ら→ず -> ず→ら -> ら→る -> る→べ -> べ→る -> る→ぐ -> ぐ→る -> る→び -> び→ず -> ず→れ -> れ→ず -> ず→れ -> れ→ず -> ず→め -> め→ず -> ず→つ -> つ→ず -> ず→つ -> つ→ず -> ず→つ -> つ→る -> る→ね -> ね→ず -> ず→つ -> つ→る -> る→む -> む→る -> る→む -> む→る -> る→む -> む→ず -> ず→つ -> つ→る -> る→げ -> げ→る -> る→ゆ -> ゆ→る -> る→ゆ -> ゆ→る -> る→つ -> つ→る -> る→つ -> つ→る -> る→つ -> つ→る -> る→つ -> つ→る -> る→つ -> つ→る -> る→よ -> よ→ず -> ず→も -> も→ず -> ず→が -> が→ず -> ず→よ -> よ→ず -> ず→よ -> よ→ず -> ず→そ -> そ→ず -> ず→に -> に→ず -> ず→み -> み→ず -> ず→み -> み→ず -> ず→う -> う→ず -> ず→う -> う→ず -> ず→う -> う→ず -> ず→う -> う→ず -> ず→う -> う→ず -> ず→う -> う→ず -> ず→う -> う→る -> る→よ -> よ→ず -> ず→う -> う→る -> る→な -> な→ず -> ず→う -> う→る -> る→な -> な→ず -> ず→う -> う→る -> る→う -> う→る -> る→う -> う→る -> る→う -> う→る -> る→う -> う→る -> る→う -> う→る -> る→う -> う→る -> る→う -> う→び -> び→ず -> ず→う -> う→ぬ -> ぬ→つ -> つ→べ -> べ→む -> む→ぽ -> ぽ→ず -> ず→う -> う→ぞ -> ぞ→ぴ -> ぴ→ず -> ず→う -> う→む -> む→ぷ -> ぷ→る -> る→う -> う→む -> む→ぜ -> ぜ→る -> る→う -> う→む -> む→ぜ -> ぜ→る -> る→う -> う→む -> む→ぐ -> ぐ→ず -> ず→う -> う→ぼ -> ぼ→ず -> ず→う -> う→ざ -> ざ→む -> む→の -> の→む -> む→の -> の→ず -> ず→う -> う→む -> む→ぎ -> ぎ→ず -> ず→く -> く→ず -> ず→く -> く→ず -> ず→り -> り→る -> る→う -> う→む -> む→ぎ -> ぎ→る -> る→う -> う→む -> む→ぎ -> ぎ→る -> る→う -> う→む -> む→ぎ -> ぎ→る -> る→う -> う→む -> む→ぎ -> ぎ→む -> む→び -> び→る -> る→く -> く→ず -> ず→え -> え→ず -> ず→ま -> ま→ず -> ず→た -> た→ず -> ず→す -> す→ず
alpha_beta vs greedy,alpha_beta,greedy,D50000_seed0_alpha_beta_vs_greedy_0,50000,0,first,ended_with_n,204,second,greedy,ず,1387,20,27,2,1,,,ず,ち,ち,9e-06,False,-25230.5,,,,,6,ず→ず -> ず→ず -> ず→る -> る→る -> る→る -> る→る -> る→る -> る→ぽ -> ぽ→ず -> ず→ぷ -> ぷ→ず -> ず→む -> む→る -> る→ぷ -> ぷ→ず -> ず→む -> む→る -> る→ぷ -> ぷ→ず -> ず→ら -> ら→ず -> ず→ら -> ら→る -> る→べ -> べ→る -> る→ぐ -> ぐ→る -> る→び -> び→ず -> ず→れ -> れ→ず -> ず→れ -> れ→ず -> ず→め -> め→ず -> ず→つ -> つ→ず -> ず→つ -> つ→ず -> ず→つ -> つ→る -> る→ね -> ね→ず -> ず→つ -> つ→る -> る→む -> む→る -> る→む -> む→る -> る→む -> む→ず -> ず→つ -> つ→る -> る→げ -> げ→る -> る→ゆ -> ゆ→る -> る→ゆ -> ゆ→る -> る→つ -> つ→る -> る→つ -> つ→る -> る→つ -> つ→る -> る→つ -> つ→る -> る→つ -> つ→る -> る→よ -> よ→ず -> ず→も -> も→ず -> ず→が -> が→ず -> ず→よ -> よ→ず -> ず→よ -> よ→ず -> ず→そ -> そ→ず -> ず→に -> に→ず -> ず→み -> み→ず -> ず→み -> み→ず -> ず→う -> う→ず -> ず→う -> う→ず -> ず→う -> う→ず -> ず→う -> う→ず -> ず→う -> う→ず -> ず→う -> う→ず -> ず→う -> う→る -> る→よ -> よ→ず -> ず→う -> う→る -> る→な -> な→ず -> ず→う -> う→る -> る→な -> な→ず -> ず→う -> う→る -> る→う -> う→る -> る→う -> う→る -> る→う -> う→る -> る→う -> う→る -> る→う -> う→る -> る→う -> う→る -> る→う -> う→び -> び→ず -> ず→う -> う→ぬ -> ぬ→つ -> つ→べ -> べ→む -> む→ぽ -> ぽ→ず -> ず→う -> う→ぞ -> ぞ→ぴ -> ぴ→ず -> ず→う -> う→む -> む→ぷ -> ぷ→る -> る→う -> う→む -> む→ぜ -> ぜ→る -> る→う -> う→む -> む→ぜ -> ぜ→る -> る→う -> う→む -> む→ぐ -> ぐ→ず -> ず→う -> う→ぼ -> ぼ→ず -> ず→う -> う→ざ -> ざ→む -> む→の -> の→む -> む→の -> の→ず -> ず→う -> う→む -> む→ぎ -> ぎ→ず -> ず→く -> く→ず -> ず→く -> く→ず -> ず→り -> り→る -> る→う -> う→む -> む→ぎ -> ぎ→る -> る→う -> う→む -> む→ぎ -> ぎ→る -> る→う -> う→む -> む→ぎ -> ぎ→る -> る→う -> う→む -> む→ぎ -> ぎ→む -> む→び -> び→る -> る→く -> く→ず -> ず→え -> え→ず -> ず→ま -> ま→ず -> ず→た -> た→ず -> ず→す -> す→ず -> ず→ち
alpha_beta vs greedy,alpha_beta,greedy,D50000_seed0_alpha_beta_vs_greedy_0,50000,0,first,ended_with_n,205,first,alpha_beta,ち,1856,27,20,10,9,,,ち,ず,ず,0.028313,False,7100.0,4,4,True,255,20,ず→ず -> ず→ず -> ず→る -> る→る -> る→る -> る→る -> る→る -> る→ぽ -> ぽ→ず -> ず→ぷ -> ぷ→ず -> ず→む -> む→る -> る→ぷ -> ぷ→ず -> ず→む -> む→る -> る→ぷ -> ぷ→ず -> ず→ら -> ら→ず -> ず→ら -> ら→る -> る→べ -> べ→る -> る→ぐ -> ぐ→る -> る→び -> び→ず -> ず→れ -> れ→ず -> ず→れ -> れ→ず -> ず→め -> め→ず -> ず→つ -> つ→ず -> ず→つ -> つ→ず -> ず→つ -> つ→る -> る→ね -> ね→ず -> ず→つ -> つ→る -> る→む -> む→る -> る→む -> む→る -> る→む -> む→ず -> ず→つ -> つ→る -> る→げ -> げ→る -> る→ゆ -> ゆ→る -> る→ゆ -> ゆ→る -> る→つ -> つ→る -> る→つ -> つ→る -> る→つ -> つ→る -> る→つ -> つ→る -> る→つ -> つ→る -> る→よ -> よ→ず -> ず→も -> も→ず -> ず→が -> が→ず -> ず→よ -> よ→ず -> ず→よ -> よ→ず -> ず→そ -> そ→ず -> ず→に -> に→ず -> ず→み -> み→ず -> ず→み -> み→ず -> ず→う -> う→ず -> ず→う -> う→ず -> ず→う -> う→ず -> ず→う -> う→ず -> ず→う -> う→ず -> ず→う -> う→ず -> ず→う -> う→る -> る→よ -> よ→ず -> ず→う -> う→る -> る→な -> な→ず -> ず→う -> う→る -> る→な -> な→ず -> ず→う -> う→る -> る→う -> う→る -> る→う -> う→る -> る→う -> う→る -> る→う -> う→る -> る→う -> う→る -> る→う -> う→る -> る→う -> う→び -> び→ず -> ず→う -> う→ぬ -> ぬ→つ -> つ→べ -> べ→む -> む→ぽ -> ぽ→ず -> ず→う -> う→ぞ -> ぞ→ぴ -> ぴ→ず -> ず→う -> う→む -> む→ぷ -> ぷ→る -> る→う -> う→む -> む→ぜ -> ぜ→る -> る→う -> う→む -> む→ぜ -> ぜ→る -> る→う -> う→む -> む→ぐ -> ぐ→ず -> ず→う -> う→ぼ -> ぼ→ず -> ず→う -> う→ざ -> ざ→む -> む→の -> の→む -> む→の -> の→ず -> ず→う -> う→む -> む→ぎ -> ぎ→ず -> ず→く -> く→ず -> ず→く -> く→ず -> ず→り -> り→る -> る→う -> う→む -> む→ぎ -> ぎ→る -> る→う -> う→む -> む→ぎ -> ぎ→る -> る→う -> う→む -> む→ぎ -> ぎ→る -> る→う -> う→む -> む→ぎ -> ぎ→む -> む→び -> び→る -> る→く -> く→ず -> ず→え -> え→ず -> ず→ま -> ま→ず -> ず→た -> た→ず -> ず→す -> す→ず -> ず→ち -> ち→ず
alpha_beta vs greedy,alpha_beta,greedy,D50000_seed0_alpha_beta_vs_greedy_0,50000,0,first,ended_with_n,206,second,greedy,ず,1387,20,27,1,0,,,ず,ち,ち,9e-06,False,-25207.5,,,,,6,ず→ず -> ず→ず -> ず→る -> る→る -> る→る -> る→る -> る→る -> る→ぽ -> ぽ→ず -> ず→ぷ -> ぷ→ず -> ず→む -> む→る -> る→ぷ -> ぷ→ず -> ず→む -> む→る -> る→ぷ -> ぷ→ず -> ず→ら -> ら→ず -> ず→ら -> ら→る -> る→べ -> べ→る -> る→ぐ -> ぐ→る -> る→び -> び→ず -> ず→れ -> れ→ず -> ず→れ -> れ→ず -> ず→め -> め→ず -> ず→つ -> つ→ず -> ず→つ -> つ→ず -> ず→つ -> つ→る -> る→ね -> ね→ず -> ず→つ -> つ→る -> る→む -> む→る -> る→む -> む→る -> る→む -> む→ず -> ず→つ -> つ→る -> る→げ -> げ→る -> る→ゆ -> ゆ→る -> る→ゆ -> ゆ→る -> る→つ -> つ→る -> る→つ -> つ→る -> る→つ -> つ→る -> る→つ -> つ→る -> る→つ -> つ→る -> る→よ -> よ→ず -> ず→も -> も→ず -> ず→が -> が→ず -> ず→よ -> よ→ず -> ず→よ -> よ→ず -> ず→そ -> そ→ず -> ず→に -> に→ず -> ず→み -> み→ず -> ず→み -> み→ず -> ず→う -> う→ず -> ず→う -> う→ず -> ず→う -> う→ず -> ず→う -> う→ず -> ず→う -> う→ず -> ず→う -> う→ず -> ず→う -> う→る -> る→よ -> よ→ず -> ず→う -> う→る -> る→な -> な→ず -> ず→う -> う→る -> る→な -> な→ず -> ず→う -> う→る -> る→う -> う→る -> る→う -> う→る -> る→う -> う→る -> る→う -> う→る -> る→う -> う→る -> る→う -> う→る -> る→う -> う→び -> び→ず -> ず→う -> う→ぬ -> ぬ→つ -> つ→べ -> べ→む -> む→ぽ -> ぽ→ず -> ず→う -> う→ぞ -> ぞ→ぴ -> ぴ→ず -> ず→う -> う→む -> む→ぷ -> ぷ→る -> る→う -> う→む -> む→ぜ -> ぜ→る -> る→う -> う→む -> む→ぜ -> ぜ→る -> る→う -> う→む -> む→ぐ -> ぐ→ず -> ず→う -> う→ぼ -> ぼ→ず -> ず→う -> う→ざ -> ざ→む -> む→の -> の→む -> む→の -> の→ず -> ず→う -> う→む -> む→ぎ -> ぎ→ず -> ず→く -> く→ず -> ず→く -> く→ず -> ず→り -> り→る -> る→う -> う→む -> む→ぎ -> ぎ→る -> る→う -> う→む -> む→ぎ -> ぎ→る -> る→う -> う→む -> む→ぎ -> ぎ→る -> る→う -> う→む -> む→ぎ -> ぎ→む -> む→び -> び→る -> る→く -> く→ず -> ず→え -> え→ず -> ず→ま -> ま→ず -> ず→た -> た→ず -> ず→す -> す→ず -> ず→ち -> ち→ず -> ず→ち
alpha_beta vs greedy,alpha_beta,greedy,D50000_seed0_alpha_beta_vs_greedy_0,50000,0,first,ended_with_n,207,first,alpha_beta,ち,1856,27,20,9,8,,,ち,ず,ず,0.024487,False,9073.0,4,4,True,226,20,ず→ず -> ず→ず -> ず→る -> る→る -> る→る -> る→る -> る→る -> る→ぽ -> ぽ→ず -> ず→ぷ -> ぷ→ず -> ず→む -> む→る -> る→ぷ -> ぷ→ず -> ず→む -> む→る -> る→ぷ -> ぷ→ず -> ず→ら -> ら→ず -> ず→ら -> ら→る -> る→べ -> べ→る -> る→ぐ -> ぐ→る -> る→び -> び→ず -> ず→れ -> れ→ず -> ず→れ -> れ→ず -> ず→め -> め→ず -> ず→つ -> つ→ず -> ず→つ -> つ→ず -> ず→つ -> つ→る -> る→ね -> ね→ず -> ず→つ -> つ→る -> る→む -> む→る -> る→む -> む→る -> る→む -> む→ず -> ず→つ -> つ→る -> る→げ -> げ→る -> る→ゆ -> ゆ→る -> る→ゆ -> ゆ→る -> る→つ -> つ→る -> る→つ -> つ→る -> る→つ -> つ→る -> る→つ -> つ→る -> る→つ -> つ→る -> る→よ -> よ→ず -> ず→も -> も→ず -> ず→が -> が→ず -> ず→よ -> よ→ず -> ず→よ -> よ→ず -> ず→そ -> そ→ず -> ず→に -> に→ず -> ず→み -> み→ず -> ず→み -> み→ず -> ず→う -> う→ず -> ず→う -> う→ず -> ず→う -> う→ず -> ず→う -> う→ず -> ず→う -> う→ず -> ず→う -> う→ず -> ず→う -> う→る -> る→よ -> よ→ず -> ず→う -> う→る -> る→な -> な→ず -> ず→う -> う→る -> る→な -> な→ず -> ず→う -> う→る -> る→う -> う→る -> る→う -> う→る -> る→う -> う→る -> る→う -> う→る -> る→う -> う→る -> る→う -> う→る -> る→う -> う→び -> び→ず -> ず→う -> う→ぬ -> ぬ→つ -> つ→べ -> べ→む -> む→ぽ -> ぽ→ず -> ず→う -> う→ぞ -> ぞ→ぴ -> ぴ→ず -> ず→う -> う→む -> む→ぷ -> ぷ→る -> る→う -> う→む -> む→ぜ -> ぜ→る -> る→う -> う→む -> む→ぜ -> ぜ→る -> る→う -> う→む -> む→ぐ -> ぐ→ず -> ず→う -> う→ぼ -> ぼ→ず -> ず→う -> う→ざ -> ざ→む -> む→の -> の→む -> む→の -> の→ず -> ず→う -> う→む -> む→ぎ -> ぎ→ず -> ず→く -> く→ず -> ず→く -> く→ず -> ず→り -> り→る -> る→う -> う→む -> む→ぎ -> ぎ→る -> る→う -> う→む -> む→ぎ -> ぎ→る -> る→う -> う→む -> む→ぎ -> ぎ→る -> る→う -> う→む -> む→ぎ -> ぎ→む -> む→び -> び→る -> る→く -> く→ず -> ず→え -> え→ず -> ず→ま -> ま→ず -> ず→た -> た→ず -> ず→す -> す→ず -> ず→ち -> ち→ず -> ず→ち -> ち→ず
alpha_beta vs greedy,alpha_beta,greedy,D50000_seed0_alpha_beta_vs_greedy_0,50000,0,first,ended_with_n,208,second,greedy,ず,1361,20,1,6,5,,,ず,い,い,7e-06,False,-31512.0,,,,,5,ず→ず -> ず→ず -> ず→る -> る→る -> る→る -> る→る -> る→る -> る→ぽ -> ぽ→ず -> ず→ぷ -> ぷ→ず -> ず→む -> む→る -> る→ぷ -> ぷ→ず -> ず→む -> む→る -> る→ぷ -> ぷ→ず -> ず→ら -> ら→ず -> ず→ら -> ら→る -> る→べ -> べ→る -> る→ぐ -> ぐ→る -> る→び -> び→ず -> ず→れ -> れ→ず -> ず→れ -> れ→ず -> ず→め -> め→ず -> ず→つ -> つ→ず -> ず→つ -> つ→ず -> ず→つ -> つ→る -> る→ね -> ね→ず -> ず→つ -> つ→る -> る→む -> む→る -> る→む -> む→る -> る→む -> む→ず -> ず→つ -> つ→る -> る→げ -> げ→る -> る→ゆ -> ゆ→る -> る→ゆ -> ゆ→る -> る→つ -> つ→る -> る→つ -> つ→る -> る→つ -> つ→る -> る→つ -> つ→る -> る→つ -> つ→る -> る→よ -> よ→ず -> ず→も -> も→ず -> ず→が -> が→ず -> ず→よ -> よ→ず -> ず→よ -> よ→ず -> ず→そ -> そ→ず -> ず→に -> に→ず -> ず→み -> み→ず -> ず→み -> み→ず -> ず→う -> う→ず -> ず→う -> う→ず -> ず→う -> う→ず -> ず→う -> う→ず -> ず→う -> う→ず -> ず→う -> う→ず -> ず→う -> う→る -> る→よ -> よ→ず -> ず→う -> う→る -> る→な -> な→ず -> ず→う -> う→る -> る→な -> な→ず -> ず→う -> う→る -> る→う -> う→る -> る→う -> う→る -> る→う -> う→る -> る→う -> う→る -> る→う -> う→る -> る→う -> う→る -> る→う -> う→び -> び→ず -> ず→う -> う→ぬ -> ぬ→つ -> つ→べ -> べ→む -> む→ぽ -> ぽ→ず -> ず→う -> う→ぞ -> ぞ→ぴ -> ぴ→ず -> ず→う -> う→む -> む→ぷ -> ぷ→る -> る→う -> う→む -> む→ぜ -> ぜ→る -> る→う -> う→む -> む→ぜ -> ぜ→る -> る→う -> う→む -> む→ぐ -> ぐ→ず -> ず→う -> う→ぼ -> ぼ→ず -> ず→う -> う→ざ -> ざ→む -> む→の -> の→む -> む→の -> の→ず -> ず→う -> う→む -> む→ぎ -> ぎ→ず -> ず→く -> く→ず -> ず→く -> く→ず -> ず→り -> り→る -> る→う -> う→む -> む→ぎ -> ぎ→る -> る→う -> う→む -> む→ぎ -> ぎ→る -> る→う -> う→む -> む→ぎ -> ぎ→る -> る→う -> う→む -> む→ぎ -> ぎ→む -> む→び -> び→る -> る→く -> く→ず -> ず→え -> え→ず -> ず→ま -> ま→ず -> ず→た -> た→ず -> ず→す -> す→ず -> ず→ち -> ち→ず -> ず→ち -> ち→ず -> ず→い
alpha_beta vs greedy,alpha_beta,greedy,D50000_seed0_alpha_beta_vs_greedy_0,50000,0,first,ended_with_n,209,first,alpha_beta,い,88,1,20,8,7,,,い,ず,ず,0.024381,False,9088.0,4,4,True,226,20,ず→ず -> ず→ず -> ず→る -> る→る -> る→る -> る→る -> る→る -> る→ぽ -> ぽ→ず -> ず→ぷ -> ぷ→ず -> ず→む -> む→る -> る→ぷ -> ぷ→ず -> ず→む -> む→る -> る→ぷ -> ぷ→ず -> ず→ら -> ら→ず -> ず→ら -> ら→る -> る→べ -> べ→る -> る→ぐ -> ぐ→る -> る→び -> び→ず -> ず→れ -> れ→ず -> ず→れ -> れ→ず -> ず→め -> め→ず -> ず→つ -> つ→ず -> ず→つ -> つ→ず -> ず→つ -> つ→る -> る→ね -> ね→ず -> ず→つ -> つ→る -> る→む -> む→る -> る→む -> む→る -> る→む -> む→ず -> ず→つ -> つ→る -> る→げ -> げ→る -> る→ゆ -> ゆ→る -> る→ゆ -> ゆ→る -> る→つ -> つ→る -> る→つ -> つ→る -> る→つ -> つ→る -> る→つ -> つ→る -> る→つ -> つ→る -> る→よ -> よ→ず -> ず→も -> も→ず -> ず→が -> が→ず -> ず→よ -> よ→ず -> ず→よ -> よ→ず -> ず→そ -> そ→ず -> ず→に -> に→ず -> ず→み -> み→ず -> ず→み -> み→ず -> ず→う -> う→ず -> ず→う -> う→ず -> ず→う -> う→ず -> ず→う -> う→ず -> ず→う -> う→ず -> ず→う -> う→ず -> ず→う -> う→る -> る→よ -> よ→ず -> ず→う -> う→る -> る→な -> な→ず -> ず→う -> う→る -> る→な -> な→ず -> ず→う -> う→る -> る→う -> う→る -> る→う -> う→る -> る→う -> う→る -> る→う -> う→る -> る→う -> う→る -> る→う -> う→る -> る→う -> う→び -> び→ず -> ず→う -> う→ぬ -> ぬ→つ -> つ→べ -> べ→む -> む→ぽ -> ぽ→ず -> ず→う -> う→ぞ -> ぞ→ぴ -> ぴ→ず -> ず→う -> う→む -> む→ぷ -> ぷ→る -> る→う -> う→む -> む→ぜ -> ぜ→る -> る→う -> う→む -> む→ぜ -> ぜ→る -> る→う -> う→む -> む→ぐ -> ぐ→ず -> ず→う -> う→ぼ -> ぼ→ず -> ず→う -> う→ざ -> ざ→む -> む→の -> の→む -> む→の -> の→ず -> ず→う -> う→む -> む→ぎ -> ぎ→ず -> ず→く -> く→ず -> ず→く -> く→ず -> ず→り -> り→る -> る→う -> う→む -> む→ぎ -> ぎ→る -> る→う -> う→む -> む→ぎ -> ぎ→る -> る→う -> う→む -> む→ぎ -> ぎ→る -> る→う -> う→む -> む→ぎ -> ぎ→む -> む→び -> び→る -> る→く -> く→ず -> ず→え -> え→ず -> ず→ま -> ま→ず -> ず→た -> た→ず -> ず→す -> す→ず -> ず→ち -> ち→ず -> ず→ち -> ち→ず -> ず→い -> い→ず
alpha_beta vs greedy,alpha_beta,greedy,D50000_seed0_alpha_beta_vs_greedy_0,50000,0,first,ended_with_n,210,second,greedy,ず,1361,20,1,5,4,,,ず,い,い,7e-06,False,-31489.0,,,,,5,ず→ず -> ず→ず -> ず→る -> る→る -> る→る -> る→る -> る→る -> る→ぽ -> ぽ→ず -> ず→ぷ -> ぷ→ず -> ず→む -> む→る -> る→ぷ -> ぷ→ず -> ず→む -> む→る -> る→ぷ -> ぷ→ず -> ず→ら -> ら→ず -> ず→ら -> ら→る -> る→べ -> べ→る -> る→ぐ -> ぐ→る -> る→び -> び→ず -> ず→れ -> れ→ず -> ず→れ -> れ→ず -> ず→め -> め→ず -> ず→つ -> つ→ず -> ず→つ -> つ→ず -> ず→つ -> つ→る -> る→ね -> ね→ず -> ず→つ -> つ→る -> る→む -> む→る -> る→む -> む→る -> る→む -> む→ず -> ず→つ -> つ→る -> る→げ -> げ→る -> る→ゆ -> ゆ→る -> る→ゆ -> ゆ→る -> る→つ -> つ→る -> る→つ -> つ→る -> る→つ -> つ→る -> る→つ -> つ→る -> る→つ -> つ→る -> る→よ -> よ→ず -> ず→も -> も→ず -> ず→が -> が→ず -> ず→よ -> よ→ず -> ず→よ -> よ→ず -> ず→そ -> そ→ず -> ず→に -> に→ず -> ず→み -> み→ず -> ず→み -> み→ず -> ず→う -> う→ず -> ず→う -> う→ず -> ず→う -> う→ず -> ず→う -> う→ず -> ず→う -> う→ず -> ず→う -> う→ず -> ず→う -> う→る -> る→よ -> よ→ず -> ず→う -> う→る -> る→な -> な→ず -> ず→う -> う→る -> る→な -> な→ず -> ず→う -> う→る -> る→う -> う→る -> る→う -> う→る -> る→う -> う→る -> る→う -> う→る -> る→う -> う→る -> る→う -> う→る -> る→う -> う→び -> び→ず -> ず→う -> う→ぬ -> ぬ→つ -> つ→べ -> べ→む -> む→ぽ -> ぽ→ず -> ず→う -> う→ぞ -> ぞ→ぴ -> ぴ→ず -> ず→う -> う→む -> む→ぷ -> ぷ→る -> る→う -> う→む -> む→ぜ -> ぜ→る -> る→う -> う→む -> む→ぜ -> ぜ→る -> る→う -> う→む -> む→ぐ -> ぐ→ず -> ず→う -> う→ぼ -> ぼ→ず -> ず→う -> う→ざ -> ざ→む -> む→の -> の→む -> む→の -> の→ず -> ず→う -> う→む -> む→ぎ -> ぎ→ず -> ず→く -> く→ず -> ず→く -> く→ず -> ず→り -> り→る -> る→う -> う→む -> む→ぎ -> ぎ→る -> る→う -> う→む -> む→ぎ -> ぎ→る -> る→う -> う→む -> む→ぎ -> ぎ→る -> る→う -> う→む -> む→ぎ -> ぎ→む -> む→び -> び→る -> る→く -> く→ず -> ず→え -> え→ず -> ず→ま -> ま→ず -> ず→た -> た→ず -> ず→す -> す→ず -> ず→ち -> ち→ず -> ず→ち -> ち→ず -> ず→い -> い→ず -> ず→い
alpha_beta vs greedy,alpha_beta,greedy,D50000_seed0_alpha_beta_vs_greedy_0,50000,0,first,ended_with_n,211,first,alpha_beta,い,88,1,20,7,6,,,い,ず,ず,0.024309,False,9103.0,4,4,True,226,20,ず→ず -> ず→ず -> ず→る -> る→る -> る→る -> る→る -> る→る -> る→ぽ -> ぽ→ず -> ず→ぷ -> ぷ→ず -> ず→む -> む→る -> る→ぷ -> ぷ→ず -> ず→む -> む→る -> る→ぷ -> ぷ→ず -> ず→ら -> ら→ず -> ず→ら -> ら→る -> る→べ -> べ→る -> る→ぐ -> ぐ→る -> る→び -> び→ず -> ず→れ -> れ→ず -> ず→れ -> れ→ず -> ず→め -> め→ず -> ず→つ -> つ→ず -> ず→つ -> つ→ず -> ず→つ -> つ→る -> る→ね -> ね→ず -> ず→つ -> つ→る -> る→む -> む→る -> る→む -> む→る -> る→む -> む→ず -> ず→つ -> つ→る -> る→げ -> げ→る -> る→ゆ -> ゆ→る -> る→ゆ -> ゆ→る -> る→つ -> つ→る -> る→つ -> つ→る -> る→つ -> つ→る -> る→つ -> つ→る -> る→つ -> つ→る -> る→よ -> よ→ず -> ず→も -> も→ず -> ず→が -> が→ず -> ず→よ -> よ→ず -> ず→よ -> よ→ず -> ず→そ -> そ→ず -> ず→に -> に→ず -> ず→み -> み→ず -> ず→み -> み→ず -> ず→う -> う→ず -> ず→う -> う→ず -> ず→う -> う→ず -> ず→う -> う→ず -> ず→う -> う→ず -> ず→う -> う→ず -> ず→う -> う→る -> る→よ -> よ→ず -> ず→う -> う→る -> る→な -> な→ず -> ず→う -> う→る -> る→な -> な→ず -> ず→う -> う→る -> る→う -> う→る -> る→う -> う→る -> る→う -> う→る -> る→う -> う→る -> る→う -> う→る -> る→う -> う→る -> る→う -> う→び -> び→ず -> ず→う -> う→ぬ -> ぬ→つ -> つ→べ -> べ→む -> む→ぽ -> ぽ→ず -> ず→う -> う→ぞ -> ぞ→ぴ -> ぴ→ず -> ず→う -> う→む -> む→ぷ -> ぷ→る -> る→う -> う→む -> む→ぜ -> ぜ→る -> る→う -> う→む -> む→ぜ -> ぜ→る -> る→う -> う→む -> む→ぐ -> ぐ→ず -> ず→う -> う→ぼ -> ぼ→ず -> ず→う -> う→ざ -> ざ→む -> む→の -> の→む -> む→の -> の→ず -> ず→う -> う→む -> む→ぎ -> ぎ→ず -> ず→く -> く→ず -> ず→く -> く→ず -> ず→り -> り→る -> る→う -> う→む -> む→ぎ -> ぎ→る -> る→う -> う→む -> む→ぎ -> ぎ→る -> る→う -> う→む -> む→ぎ -> ぎ→る -> る→う -> う→む -> む→ぎ -> ぎ→む -> む→び -> び→る -> る→く -> く→ず -> ず→え -> え→ず -> ず→ま -> ま→ず -> ず→た -> た→ず -> ず→す -> す→ず -> ず→ち -> ち→ず -> ず→ち -> ち→ず -> ず→い -> い→ず -> ず→い -> い→ず
alpha_beta vs greedy,alpha_beta,greedy,D50000_seed0_alpha_beta_vs_greedy_0,50000,0,first,ended_with_n,212,second,greedy,ず,1361,20,1,4,3,,,ず,い,い,7e-06,False,-31466.0,,,,,5,ず→ず -> ず→ず -> ず→る -> る→る -> る→る -> る→る -> る→る -> る→ぽ -> ぽ→ず -> ず→ぷ -> ぷ→ず -> ず→む -> む→る -> る→ぷ -> ぷ→ず -> ず→む -> む→る -> る→ぷ -> ぷ→ず -> ず→ら -> ら→ず -> ず→ら -> ら→る -> る→べ -> べ→る -> る→ぐ -> ぐ→る -> る→び -> び→ず -> ず→れ -> れ→ず -> ず→れ -> れ→ず -> ず→め -> め→ず -> ず→つ -> つ→ず -> ず→つ -> つ→ず -> ず→つ -> つ→る -> る→ね -> ね→ず -> ず→つ -> つ→る -> る→む -> む→る -> る→む -> む→る -> る→む -> む→ず -> ず→つ -> つ→る -> る→げ -> げ→る -> る→ゆ -> ゆ→る -> る→ゆ -> ゆ→る -> る→つ -> つ→る -> る→つ -> つ→る -> る→つ -> つ→る -> る→つ -> つ→る -> る→つ -> つ→る -> る→よ -> よ→ず -> ず→も -> も→ず -> ず→が -> が→ず -> ず→よ -> よ→ず -> ず→よ -> よ→ず -> ず→そ -> そ→ず -> ず→に -> に→ず -> ず→み -> み→ず -> ず→み -> み→ず -> ず→う -> う→ず -> ず→う -> う→ず -> ず→う -> う→ず -> ず→う -> う→ず -> ず→う -> う→ず -> ず→う -> う→ず -> ず→う -> う→る -> る→よ -> よ→ず -> ず→う -> う→る -> る→な -> な→ず -> ず→う -> う→る -> る→な -> な→ず -> ず→う -> う→る -> る→う -> う→る -> る→う -> う→る -> る→う -> う→る -> る→う -> う→る -> る→う -> う→る -> る→う -> う→る -> る→う -> う→び -> び→ず -> ず→う -> う→ぬ -> ぬ→つ -> つ→べ -> べ→む -> む→ぽ -> ぽ→ず -> ず→う -> う→ぞ -> ぞ→ぴ -> ぴ→ず -> ず→う -> う→む -> む→ぷ -> ぷ→る -> る→う -> う→む -> む→ぜ -> ぜ→る -> る→う -> う→む -> む→ぜ -> ぜ→る -> る→う -> う→む -> む→ぐ -> ぐ→ず -> ず→う -> う→ぼ -> ぼ→ず -> ず→う -> う→ざ -> ざ→む -> む→の -> の→む -> む→の -> の→ず -> ず→う -> う→む -> む→ぎ -> ぎ→ず -> ず→く -> く→ず -> ず→く -> く→ず -> ず→り -> り→る -> る→う -> う→む -> む→ぎ -> ぎ→る -> る→う -> う→む -> む→ぎ -> ぎ→る -> る→う -> う→む -> む→ぎ -> ぎ→る -> る→う -> う→む -> む→ぎ -> ぎ→む -> む→び -> び→る -> る→く -> く→ず -> ず→え -> え→ず -> ず→ま -> ま→ず -> ず→た -> た→ず -> ず→す -> す→ず -> ず→ち -> ち→ず -> ず→ち -> ち→ず -> ず→い -> い→ず -> ず→い -> い→ず -> ず→い
alpha_beta vs greedy,alpha_beta,greedy,D50000_seed0_alpha_beta_vs_greedy_0,50000,0,first,ended_with_n,213,first,alpha_beta,い,88,1,20,6,5,,,い,ず,ず,0.024534,False,9118.0,4,4,True,226,20,ず→ず -> ず→ず -> ず→る -> る→る -> る→る -> る→る -> る→る -> る→ぽ -> ぽ→ず -> ず→ぷ -> ぷ→ず -> ず→む -> む→る -> る→ぷ -> ぷ→ず -> ず→む -> む→る -> る→ぷ -> ぷ→ず -> ず→ら -> ら→ず -> ず→ら -> ら→る -> る→べ -> べ→る -> る→ぐ -> ぐ→る -> る→び -> び→ず -> ず→れ -> れ→ず -> ず→れ -> れ→ず -> ず→め -> め→ず -> ず→つ -> つ→ず -> ず→つ -> つ→ず -> ず→つ -> つ→る -> る→ね -> ね→ず -> ず→つ -> つ→る -> る→む -> む→る -> る→む -> む→る -> る→む -> む→ず -> ず→つ -> つ→る -> る→げ -> げ→る -> る→ゆ -> ゆ→る -> る→ゆ -> ゆ→る -> る→つ -> つ→る -> る→つ -> つ→る -> る→つ -> つ→る -> る→つ -> つ→る -> る→つ -> つ→る -> る→よ -> よ→ず -> ず→も -> も→ず -> ず→が -> が→ず -> ず→よ -> よ→ず -> ず→よ -> よ→ず -> ず→そ -> そ→ず -> ず→に -> に→ず -> ず→み -> み→ず -> ず→み -> み→ず -> ず→う -> う→ず -> ず→う -> う→ず -> ず→う -> う→ず -> ず→う -> う→ず -> ず→う -> う→ず -> ず→う -> う→ず -> ず→う -> う→る -> る→よ -> よ→ず -> ず→う -> う→る -> る→な -> な→ず -> ず→う -> う→る -> る→な -> な→ず -> ず→う -> う→る -> る→う -> う→る -> る→う -> う→る -> る→う -> う→る -> る→う -> う→る -> る→う -> う→る -> る→う -> う→る -> る→う -> う→び -> び→ず -> ず→う -> う→ぬ -> ぬ→つ -> つ→べ -> べ→む -> む→ぽ -> ぽ→ず -> ず→う -> う→ぞ -> ぞ→ぴ -> ぴ→ず -> ず→う -> う→む -> む→ぷ -> ぷ→る -> る→う -> う→む -> む→ぜ -> ぜ→る -> る→う -> う→む -> む→ぜ -> ぜ→る -> る→う -> う→む -> む→ぐ -> ぐ→ず -> ず→う -> う→ぼ -> ぼ→ず -> ず→う -> う→ざ -> ざ→む -> む→の -> の→む -> む→の -> の→ず -> ず→う -> う→む -> む→ぎ -> ぎ→ず -> ず→く -> く→ず -> ず→く -> く→ず -> ず→り -> り→る -> る→う -> う→む -> む→ぎ -> ぎ→る -> る→う -> う→む -> む→ぎ -> ぎ→る -> る→う -> う→む -> む→ぎ -> ぎ→る -> る→う -> う→む -> む→ぎ -> ぎ→む -> む→び -> び→る -> る→く -> く→ず -> ず→え -> え→ず -> ず→ま -> ま→ず -> ず→た -> た→ず -> ず→す -> す→ず -> ず→ち -> ち→ず -> ず→ち -> ち→ず -> ず→い -> い→ず -> ず→い -> い→ず -> ず→い -> い→ず
alpha_beta vs greedy,alpha_beta,greedy,D50000_seed0_alpha_beta_vs_greedy_0,50000,0,first,ended_with_n,214,second,greedy,ず,1361,20,1,3,2,,,ず,い,い,7e-06,False,-31443.0,,,,,5,ず→ず -> ず→ず -> ず→る -> る→る -> る→る -> る→る -> る→る -> る→ぽ -> ぽ→ず -> ず→ぷ -> ぷ→ず -> ず→む -> む→る -> る→ぷ -> ぷ→ず -> ず→む -> む→る -> る→ぷ -> ぷ→ず -> ず→ら -> ら→ず -> ず→ら -> ら→る -> る→べ -> べ→る -> る→ぐ -> ぐ→る -> る→び -> び→ず -> ず→れ -> れ→ず -> ず→れ -> れ→ず -> ず→め -> め→ず -> ず→つ -> つ→ず -> ず→つ -> つ→ず -> ず→つ -> つ→る -> る→ね -> ね→ず -> ず→つ -> つ→る -> る→む -> む→る -> る→む -> む→る -> る→む -> む→ず -> ず→つ -> つ→る -> る→げ -> げ→る -> る→ゆ -> ゆ→る -> る→ゆ -> ゆ→る -> る→つ -> つ→る -> る→つ -> つ→る -> る→つ -> つ→る -> る→つ -> つ→る -> る→つ -> つ→る -> る→よ -> よ→ず -> ず→も -> も→ず -> ず→が -> が→ず -> ず→よ -> よ→ず -> ず→よ -> よ→ず -> ず→そ -> そ→ず -> ず→に -> に→ず -> ず→み -> み→ず -> ず→み -> み→ず -> ず→う -> う→ず -> ず→う -> う→ず -> ず→う -> う→ず -> ず→う -> う→ず -> ず→う -> う→ず -> ず→う -> う→ず -> ず→う -> う→る -> る→よ -> よ→ず -> ず→う -> う→る -> る→な -> な→ず -> ず→う -> う→る -> る→な -> な→ず -> ず→う -> う→る -> る→う -> う→る -> る→う -> う→る -> る→う -> う→る -> る→う -> う→る -> る→う -> う→る -> る→う -> う→る -> る→う -> う→び -> び→ず -> ず→う -> う→ぬ -> ぬ→つ -> つ→べ -> べ→む -> む→ぽ -> ぽ→ず -> ず→う -> う→ぞ -> ぞ→ぴ -> ぴ→ず -> ず→う -> う→む -> む→ぷ -> ぷ→る -> る→う -> う→む -> む→ぜ -> ぜ→る -> る→う -> う→む -> む→ぜ -> ぜ→る -> る→う -> う→む -> む→ぐ -> ぐ→ず -> ず→う -> う→ぼ -> ぼ→ず -> ず→う -> う→ざ -> ざ→む -> む→の -> の→む -> む→の -> の→ず -> ず→う -> う→む -> む→ぎ -> ぎ→ず -> ず→く -> く→ず -> ず→く -> く→ず -> ず→り -> り→る -> る→う -> う→む -> む→ぎ -> ぎ→る -> る→う -> う→む -> む→ぎ -> ぎ→る -> る→う -> う→む -> む→ぎ -> ぎ→る -> る→う -> う→む -> む→ぎ -> ぎ→む -> む→び -> び→る -> る→く -> く→ず -> ず→え -> え→ず -> ず→ま -> ま→ず -> ず→た -> た→ず -> ず→す -> す→ず -> ず→ち -> ち→ず -> ず→ち -> ち→ず -> ず→い -> い→ず -> ず→い -> い→ず -> ず→い -> い→ず -> ず→い
alpha_beta vs greedy,alpha_beta,greedy,D50000_seed0_alpha_beta_vs_greedy_0,50000,0,first,ended_with_n,215,first,alpha_beta,い,88,1,20,5,4,,,い,ず,ず,0.024499,False,9133.0,4,4,True,226,20,ず→ず -> ず→ず -> ず→る -> る→る -> る→る -> る→る -> る→る -> る→ぽ -> ぽ→ず -> ず→ぷ -> ぷ→ず -> ず→む -> む→る -> る→ぷ -> ぷ→ず -> ず→む -> む→る -> る→ぷ -> ぷ→ず -> ず→ら -> ら→ず -> ず→ら -> ら→る -> る→べ -> べ→る -> る→ぐ -> ぐ→る -> る→び -> び→ず -> ず→れ -> れ→ず -> ず→れ -> れ→ず -> ず→め -> め→ず -> ず→つ -> つ→ず -> ず→つ -> つ→ず -> ず→つ -> つ→る -> る→ね -> ね→ず -> ず→つ -> つ→る -> る→む -> む→る -> る→む -> む→る -> る→む -> む→ず -> ず→つ -> つ→る -> る→げ -> げ→る -> る→ゆ -> ゆ→る -> る→ゆ -> ゆ→る -> る→つ -> つ→る -> る→つ -> つ→る -> る→つ -> つ→る -> る→つ -> つ→る -> る→つ -> つ→る -> る→よ -> よ→ず -> ず→も -> も→ず -> ず→が -> が→ず -> ず→よ -> よ→ず -> ず→よ -> よ→ず -> ず→そ -> そ→ず -> ず→に -> に→ず -> ず→み -> み→ず -> ず→み -> み→ず -> ず→う -> う→ず -> ず→う -> う→ず -> ず→う -> う→ず -> ず→う -> う→ず -> ず→う -> う→ず -> ず→う -> う→ず -> ず→う -> う→る -> る→よ -> よ→ず -> ず→う -> う→る -> る→な -> な→ず -> ず→う -> う→る -> る→な -> な→ず -> ず→う -> う→る -> る→う -> う→る -> る→う -> う→る -> る→う -> う→る -> る→う -> う→る -> る→う -> う→る -> る→う -> う→る -> る→う -> う→び -> び→ず -> ず→う -> う→ぬ -> ぬ→つ -> つ→べ -> べ→む -> む→ぽ -> ぽ→ず -> ず→う -> う→ぞ -> ぞ→ぴ -> ぴ→ず -> ず→う -> う→む -> む→ぷ -> ぷ→る -> る→う -> う→む -> む→ぜ -> ぜ→る -> る→う -> う→む -> む→ぜ -> ぜ→る -> る→う -> う→む -> む→ぐ -> ぐ→ず -> ず→う -> う→ぼ -> ぼ→ず -> ず→う -> う→ざ -> ざ→む -> む→の -> の→む -> む→の -> の→ず -> ず→う -> う→む -> む→ぎ -> ぎ→ず -> ず→く -> く→ず -> ず→く -> く→ず -> ず→り -> り→る -> る→う -> う→む -> む→ぎ -> ぎ→る -> る→う -> う→む -> む→ぎ -> ぎ→る -> る→う -> う→む -> む→ぎ -> ぎ→る -> る→う -> う→む -> む→ぎ -> ぎ→む -> む→び -> び→る -> る→く -> く→ず -> ず→え -> え→ず -> ず→ま -> ま→ず -> ず→た -> た→ず -> ず→す -> す→ず -> ず→ち -> ち→ず -> ず→ち -> ち→ず -> ず→い -> い→ず -> ず→い -> い→ず -> ず→い -> い→ず -> ず→い -> い→ず
alpha_beta vs greedy,alpha_beta,greedy,D50000_seed0_alpha_beta_vs_greedy_0,50000,0,first,ended_with_n,216,second,greedy,ず,1361,20,1,2,1,,,ず,い,い,7e-06,False,-31420.0,,,,,5,ず→ず -> ず→ず -> ず→る -> る→る -> る→る -> る→る -> る→る -> る→ぽ -> ぽ→ず -> ず→ぷ -> ぷ→ず -> ず→む -> む→る -> る→ぷ -> ぷ→ず -> ず→む -> む→る -> る→ぷ -> ぷ→ず -> ず→ら -> ら→ず -> ず→ら -> ら→る -> る→べ -> べ→る -> る→ぐ -> ぐ→る -> る→び -> び→ず -> ず→れ -> れ→ず -> ず→れ -> れ→ず -> ず→め -> め→ず -> ず→つ -> つ→ず -> ず→つ -> つ→ず -> ず→つ -> つ→る -> る→ね -> ね→ず -> ず→つ -> つ→る -> る→む -> む→る -> る→む -> む→る -> る→む -> む→ず -> ず→つ -> つ→る -> る→げ -> げ→る -> る→ゆ -> ゆ→る -> る→ゆ -> ゆ→る -> る→つ -> つ→る -> る→つ -> つ→る -> る→つ -> つ→る -> る→つ -> つ→る -> る→つ -> つ→る -> る→よ -> よ→ず -> ず→も -> も→ず -> ず→が -> が→ず -> ず→よ -> よ→ず -> ず→よ -> よ→ず -> ず→そ -> そ→ず -> ず→に -> に→ず -> ず→み -> み→ず -> ず→み -> み→ず -> ず→う -> う→ず -> ず→う -> う→ず -> ず→う -> う→ず -> ず→う -> う→ず -> ず→う -> う→ず -> ず→う -> う→ず -> ず→う -> う→る -> る→よ -> よ→ず -> ず→う -> う→る -> る→な -> な→ず -> ず→う -> う→る -> る→な -> な→ず -> ず→う -> う→る -> る→う -> う→る -> る→う -> う→る -> る→う -> う→る -> る→う -> う→る -> る→う -> う→る -> る→う -> う→る -> る→う -> う→び -> び→ず -> ず→う -> う→ぬ -> ぬ→つ -> つ→べ -> べ→む -> む→ぽ -> ぽ→ず -> ず→う -> う→ぞ -> ぞ→ぴ -> ぴ→ず -> ず→う -> う→む -> む→ぷ -> ぷ→る -> る→う -> う→む -> む→ぜ -> ぜ→る -> る→う -> う→む -> む→ぜ -> ぜ→る -> る→う -> う→む -> む→ぐ -> ぐ→ず -> ず→う -> う→ぼ -> ぼ→ず -> ず→う -> う→ざ -> ざ→む -> む→の -> の→む -> む→の -> の→ず -> ず→う -> う→む -> む→ぎ -> ぎ→ず -> ず→く -> く→ず -> ず→く -> く→ず -> ず→り -> り→る -> る→う -> う→む -> む→ぎ -> ぎ→る -> る→う -> う→む -> む→ぎ -> ぎ→る -> る→う -> う→む -> む→ぎ -> ぎ→る -> る→う -> う→む -> む→ぎ -> ぎ→む -> む→び -> び→る -> る→く -> く→ず -> ず→え -> え→ず -> ず→ま -> ま→ず -> ず→た -> た→ず -> ず→す -> す→ず -> ず→ち -> ち→ず -> ず→ち -> ち→ず -> ず→い -> い→ず -> ず→い -> い→ず -> ず→い -> い→ず -> ず→い -> い→ず -> ず→い
alpha_beta vs greedy,alpha_beta,greedy,D50000_seed0_alpha_beta_vs_greedy_0,50000,0,first,ended_with_n,217,first,alpha_beta,い,88,1,20,4,3,,,い,ず,ず,0.025956,False,9156.0,4,4,True,244,20,ず→ず -> ず→ず -> ず→る -> る→る -> る→る -> る→る -> る→る -> る→ぽ -> ぽ→ず -> ず→ぷ -> ぷ→ず -> ず→む -> む→る -> る→ぷ -> ぷ→ず -> ず→む -> む→る -> る→ぷ -> ぷ→ず -> ず→ら -> ら→ず -> ず→ら -> ら→る -> る→べ -> べ→る -> る→ぐ -> ぐ→る -> る→び -> び→ず -> ず→れ -> れ→ず -> ず→れ -> れ→ず -> ず→め -> め→ず -> ず→つ -> つ→ず -> ず→つ -> つ→ず -> ず→つ -> つ→る -> る→ね -> ね→ず -> ず→つ -> つ→る -> る→む -> む→る -> る→む -> む→る -> る→む -> む→ず -> ず→つ -> つ→る -> る→げ -> げ→る -> る→ゆ -> ゆ→る -> る→ゆ -> ゆ→る -> る→つ -> つ→る -> る→つ -> つ→る -> る→つ -> つ→る -> る→つ -> つ→る -> る→つ -> つ→る -> る→よ -> よ→ず -> ず→も -> も→ず -> ず→が -> が→ず -> ず→よ -> よ→ず -> ず→よ -> よ→ず -> ず→そ -> そ→ず -> ず→に -> に→ず -> ず→み -> み→ず -> ず→み -> み→ず -> ず→う -> う→ず -> ず→う -> う→ず -> ず→う -> う→ず -> ず→う -> う→ず -> ず→う -> う→ず -> ず→う -> う→ず -> ず→う -> う→る -> る→よ -> よ→ず -> ず→う -> う→る -> る→な -> な→ず -> ず→う -> う→る -> る→な -> な→ず -> ず→う -> う→る -> る→う -> う→る -> る→う -> う→る -> る→う -> う→る -> る→う -> う→る -> る→う -> う→る -> る→う -> う→る -> る→う -> う→び -> び→ず -> ず→う -> う→ぬ -> ぬ→つ -> つ→べ -> べ→む -> む→ぽ -> ぽ→ず -> ず→う -> う→ぞ -> ぞ→ぴ -> ぴ→ず -> ず→う -> う→む -> む→ぷ -> ぷ→る -> る→う -> う→む -> む→ぜ -> ぜ→る -> る→う -> う→む -> む→ぜ -> ぜ→る -> る→う -> う→む -> む→ぐ -> ぐ→ず -> ず→う -> う→ぼ -> ぼ→ず -> ず→う -> う→ざ -> ざ→む -> む→の -> の→む -> む→の -> の→ず -> ず→う -> う→む -> む→ぎ -> ぎ→ず -> ず→く -> く→ず -> ず→く -> く→ず -> ず→り -> り→る -> る→う -> う→む -> む→ぎ -> ぎ→る -> る→う -> う→む -> む→ぎ -> ぎ→る -> る→う -> う→む -> む→ぎ -> ぎ→る -> る→う -> う→む -> む→ぎ -> ぎ→む -> む→び -> び→る -> る→く -> く→ず -> ず→え -> え→ず -> ず→ま -> ま→ず -> ず→た -> た→ず -> ず→す -> す→ず -> ず→ち -> ち→ず -> ず→ち -> ち→ず -> ず→い -> い→ず -> ず→い -> い→ず -> ず→い -> い→ず -> ず→い -> い→ず -> ず→い -> い→ず
alpha_beta vs greedy,alpha_beta,greedy,D50000_seed0_alpha_beta_vs_greedy_0,50000,0,first,ended_with_n,218,second,greedy,ず,1361,20,1,1,0,,,ず,い,い,7e-06,False,-31397.0,,,,,5,ず→ず -> ず→ず -> ず→る -> る→る -> る→る -> る→る -> る→る -> る→ぽ -> ぽ→ず -> ず→ぷ -> ぷ→ず -> ず→む -> む→る -> る→ぷ -> ぷ→ず -> ず→む -> む→る -> る→ぷ -> ぷ→ず -> ず→ら -> ら→ず -> ず→ら -> ら→る -> る→べ -> べ→る -> る→ぐ -> ぐ→る -> る→び -> び→ず -> ず→れ -> れ→ず -> ず→れ -> れ→ず -> ず→め -> め→ず -> ず→つ -> つ→ず -> ず→つ -> つ→ず -> ず→つ -> つ→る -> る→ね -> ね→ず -> ず→つ -> つ→る -> る→む -> む→る -> る→む -> む→る -> る→む -> む→ず -> ず→つ -> つ→る -> る→げ -> げ→る -> る→ゆ -> ゆ→る -> る→ゆ -> ゆ→る -> る→つ -> つ→る -> る→つ -> つ→る -> る→つ -> つ→る -> る→つ -> つ→る -> る→つ -> つ→る -> る→よ -> よ→ず -> ず→も -> も→ず -> ず→が -> が→ず -> ず→よ -> よ→ず -> ず→よ -> よ→ず -> ず→そ -> そ→ず -> ず→に -> に→ず -> ず→み -> み→ず -> ず→み -> み→ず -> ず→う -> う→ず -> ず→う -> う→ず -> ず→う -> う→ず -> ず→う -> う→ず -> ず→う -> う→ず -> ず→う -> う→ず -> ず→う -> う→る -> る→よ -> よ→ず -> ず→う -> う→る -> る→な -> な→ず -> ず→う -> う→る -> る→な -> な→ず -> ず→う -> う→る -> る→う -> う→る -> る→う -> う→る -> る→う -> う→る -> る→う -> う→る -> る→う -> う→る -> る→う -> う→る -> る→う -> う→び -> び→ず -> ず→う -> う→ぬ -> ぬ→つ -> つ→べ -> べ→む -> む→ぽ -> ぽ→ず -> ず→う -> う→ぞ -> ぞ→ぴ -> ぴ→ず -> ず→う -> う→む -> む→ぷ -> ぷ→る -> る→う -> う→む -> む→ぜ -> ぜ→る -> る→う -> う→む -> む→ぜ -> ぜ→る -> る→う -> う→む -> む→ぐ -> ぐ→ず -> ず→う -> う→ぼ -> ぼ→ず -> ず→う -> う→ざ -> ざ→む -> む→の -> の→む -> む→の -> の→ず -> ず→う -> う→む -> む→ぎ -> ぎ→ず -> ず→く -> く→ず -> ず→く -> く→ず -> ず→り -> り→る -> る→う -> う→む -> む→ぎ -> ぎ→る -> る→う -> う→む -> む→ぎ -> ぎ→る -> る→う -> う→む -> む→ぎ -> ぎ→る -> る→う -> う→む -> む→ぎ -> ぎ→む -> む→び -> び→る -> る→く -> く→ず -> ず→え -> え→ず -> ず→ま -> ま→ず -> ず→た -> た→ず -> ず→す -> す→ず -> ず→ち -> ち→ず -> ず→ち -> ち→ず -> ず→い -> い→ず -> ず→い -> い→ず -> ず→い -> い→ず -> ず→い -> い→ず -> ず→い -> い→ず -> ず→い
alpha_beta vs greedy,alpha_beta,greedy,D50000_seed0_alpha_beta_vs_greedy_0,50000,0,first,ended_with_n,219,first,alpha_beta,い,88,1,20,3,2,,,い,ず,ず,0.022348,False,10325.0,4,4,True,215,20,ず→ず -> ず→ず -> ず→る -> る→る -> る→る -> る→る -> る→る -> る→ぽ -> ぽ→ず -> ず→ぷ -> ぷ→ず -> ず→む -> む→る -> る→ぷ -> ぷ→ず -> ず→む -> む→る -> る→ぷ -> ぷ→ず -> ず→ら -> ら→ず -> ず→ら -> ら→る -> る→べ -> べ→る -> る→ぐ -> ぐ→る -> る→び -> び→ず -> ず→れ -> れ→ず -> ず→れ -> れ→ず -> ず→め -> め→ず -> ず→つ -> つ→ず -> ず→つ -> つ→ず -> ず→つ -> つ→る -> る→ね -> ね→ず -> ず→つ -> つ→る -> る→む -> む→る -> る→む -> む→る -> る→む -> む→ず -> ず→つ -> つ→る -> る→げ -> げ→る -> る→ゆ -> ゆ→る -> る→ゆ -> ゆ→る -> る→つ -> つ→る -> る→つ -> つ→る -> る→つ -> つ→る -> る→つ -> つ→る -> る→つ -> つ→る -> る→よ -> よ→ず -> ず→も -> も→ず -> ず→が -> が→ず -> ず→よ -> よ→ず -> ず→よ -> よ→ず -> ず→そ -> そ→ず -> ず→に -> に→ず -> ず→み -> み→ず -> ず→み -> み→ず -> ず→う -> う→ず -> ず→う -> う→ず -> ず→う -> う→ず -> ず→う -> う→ず -> ず→う -> う→ず -> ず→う -> う→ず -> ず→う -> う→る -> る→よ -> よ→ず -> ず→う -> う→る -> る→な -> な→ず -> ず→う -> う→る -> る→な -> な→ず -> ず→う -> う→る -> る→う -> う→る -> る→う -> う→る -> る→う -> う→る -> る→う -> う→る -> る→う -> う→る -> る→う -> う→る -> る→う -> う→び -> び→ず -> ず→う -> う→ぬ -> ぬ→つ -> つ→べ -> べ→む -> む→ぽ -> ぽ→ず -> ず→う -> う→ぞ -> ぞ→ぴ -> ぴ→ず -> ず→う -> う→む -> む→ぷ -> ぷ→る -> る→う -> う→む -> む→ぜ -> ぜ→る -> る→う -> う→む -> む→ぜ -> ぜ→る -> る→う -> う→む -> む→ぐ -> ぐ→ず -> ず→う -> う→ぼ -> ぼ→ず -> ず→う -> う→ざ -> ざ→む -> む→の -> の→む -> む→の -> の→ず -> ず→う -> う→む -> む→ぎ -> ぎ→ず -> ず→く -> く→ず -> ず→く -> く→ず -> ず→り -> り→る -> る→う -> う→む -> む→ぎ -> ぎ→る -> る→う -> う→む -> む→ぎ -> ぎ→る -> る→う -> う→む -> む→ぎ -> ぎ→る -> る→う -> う→む -> む→ぎ -> ぎ→む -> む→び -> び→る -> る→く -> く→ず -> ず→え -> え→ず -> ず→ま -> ま→ず -> ず→た -> た→ず -> ず→す -> す→ず -> ず→ち -> ち→ず -> ず→ち -> ち→ず -> ず→い -> い→ず -> ず→い -> い→ず -> ず→い -> い→ず -> ず→い -> い→ず -> ず→い -> い→ず -> ず→い -> い→ず
alpha_beta vs greedy,alpha_beta,greedy,D50000_seed0_alpha_beta_vs_greedy_0,50000,0,first,ended_with_n,220,second,greedy,ず,1367,20,7,2,1,,,ず,き,き,6e-06,False,-35937.5,,,,,4,ず→ず -> ず→ず -> ず→る -> る→る -> る→る -> る→る -> る→る -> る→ぽ -> ぽ→ず -> ず→ぷ -> ぷ→ず -> ず→む -> む→る -> る→ぷ -> ぷ→ず -> ず→む -> む→る -> る→ぷ -> ぷ→ず -> ず→ら -> ら→ず -> ず→ら -> ら→る -> る→べ -> べ→る -> る→ぐ -> ぐ→る -> る→び -> び→ず -> ず→れ -> れ→ず -> ず→れ -> れ→ず -> ず→め -> め→ず -> ず→つ -> つ→ず -> ず→つ -> つ→ず -> ず→つ -> つ→る -> る→ね -> ね→ず -> ず→つ -> つ→る -> る→む -> む→る -> る→む -> む→る -> る→む -> む→ず -> ず→つ -> つ→る -> る→げ -> げ→る -> る→ゆ -> ゆ→る -> る→ゆ -> ゆ→る -> る→つ -> つ→る -> る→つ -> つ→る -> る→つ -> つ→る -> る→つ -> つ→る -> る→つ -> つ→る -> る→よ -> よ→ず -> ず→も -> も→ず -> ず→が -> が→ず -> ず→よ -> よ→ず -> ず→よ -> よ→ず -> ず→そ -> そ→ず -> ず→に -> に→ず -> ず→み -> み→ず -> ず→み -> み→ず -> ず→う -> う→ず -> ず→う -> う→ず -> ず→う -> う→ず -> ず→う -> う→ず -> ず→う -> う→ず -> ず→う -> う→ず -> ず→う -> う→る -> る→よ -> よ→ず -> ず→う -> う→る -> る→な -> な→ず -> ず→う -> う→る -> る→な -> な→ず -> ず→う -> う→る -> る→う -> う→る -> る→う -> う→る -> る→う -> う→る -> る→う -> う→る -> る→う -> う→る -> る→う -> う→る -> る→う -> う→び -> び→ず -> ず→う -> う→ぬ -> ぬ→つ -> つ→べ -> べ→む -> む→ぽ -> ぽ→ず -> ず→う -> う→ぞ -> ぞ→ぴ -> ぴ→ず -> ず→う -> う→む -> む→ぷ -> ぷ→る -> る→う -> う→む -> む→ぜ -> ぜ→る -> る→う -> う→む -> む→ぜ -> ぜ→る -> る→う -> う→む -> む→ぐ -> ぐ→ず -> ず→う -> う→ぼ -> ぼ→ず -> ず→う -> う→ざ -> ざ→む -> む→の -> の→む -> む→の -> の→ず -> ず→う -> う→む -> む→ぎ -> ぎ→ず -> ず→く -> く→ず -> ず→く -> く→ず -> ず→り -> り→る -> る→う -> う→む -> む→ぎ -> ぎ→る -> る→う -> う→む -> む→ぎ -> ぎ→る -> る→う -> う→む -> む→ぎ -> ぎ→る -> る→う -> う→む -> む→ぎ -> ぎ→む -> む→び -> び→る -> る→く -> く→ず -> ず→え -> え→ず -> ず→ま -> ま→ず -> ず→た -> た→ず -> ず→す -> す→ず -> ず→ち -> ち→ず -> ず→ち -> ち→ず -> ず→い -> い→ず -> ず→い -> い→ず -> ず→い -> い→ず -> ず→い -> い→ず -> ず→い -> い→ず -> ず→い -> い→ず -> ず→き
alpha_beta vs greedy,alpha_beta,greedy,D50000_seed0_alpha_beta_vs_greedy_0,50000,0,first,ended_with_n,221,first,alpha_beta,き,496,7,20,9,8,,,き,ず,ず,0.024323,False,10348.0,4,4,True,233,20,ず→ず -> ず→ず -> ず→る -> る→る -> る→る -> る→る -> る→る -> る→ぽ -> ぽ→ず -> ず→ぷ -> ぷ→ず -> ず→む -> む→る -> る→ぷ -> ぷ→ず -> ず→む -> む→る -> る→ぷ -> ぷ→ず -> ず→ら -> ら→ず -> ず→ら -> ら→る -> る→べ -> べ→る -> る→ぐ -> ぐ→る -> る→び -> び→ず -> ず→れ -> れ→ず -> ず→れ -> れ→ず -> ず→め -> め→ず -> ず→つ -> つ→ず -> ず→つ -> つ→ず -> ず→つ -> つ→る -> る→ね -> ね→ず -> ず→つ -> つ→る -> る→む -> む→る -> る→む -> む→る -> る→む -> む→ず -> ず→つ -> つ→る -> る→げ -> げ→る -> る→ゆ -> ゆ→る -> る→ゆ -> ゆ→る -> る→つ -> つ→る -> る→つ -> つ→る -> る→つ -> つ→る -> る→つ -> つ→る -> る→つ -> つ→る -> る→よ -> よ→ず -> ず→も -> も→ず -> ず→が -> が→ず -> ず→よ -> よ→ず -> ず→よ -> よ→ず -> ず→そ -> そ→ず -> ず→に -> に→ず -> ず→み -> み→ず -> ず→み -> み→ず -> ず→う -> う→ず -> ず→う -> う→ず -> ず→う -> う→ず -> ず→う -> う→ず -> ず→う -> う→ず -> ず→う -> う→ず -> ず→う -> う→る -> る→よ -> よ→ず -> ず→う -> う→る -> る→な -> な→ず -> ず→う -> う→る -> る→な -> な→ず -> ず→う -> う→る -> る→う -> う→る -> る→う -> う→る -> る→う -> う→る -> る→う -> う→る -> る→う -> う→る -> る→う -> う→る -> る→う -> う→び -> び→ず -> ず→う -> う→ぬ -> ぬ→つ -> つ→べ -> べ→む -> む→ぽ -> ぽ→ず -> ず→う -> う→ぞ -> ぞ→ぴ -> ぴ→ず -> ず→う -> う→む -> む→ぷ -> ぷ→る -> る→う -> う→む -> む→ぜ -> ぜ→る -> る→う -> う→む -> む→ぜ -> ぜ→る -> る→う -> う→む -> む→ぐ -> ぐ→ず -> ず→う -> う→ぼ -> ぼ→ず -> ず→う -> う→ざ -> ざ→む -> む→の -> の→む -> む→の -> の→ず -> ず→う -> う→む -> む→ぎ -> ぎ→ず -> ず→く -> く→ず -> ず→く -> く→ず -> ず→り -> り→る -> る→う -> う→む -> む→ぎ -> ぎ→る -> る→う -> う→む -> む→ぎ -> ぎ→る -> る→う -> う→む -> む→ぎ -> ぎ→る -> る→う -> う→む -> む→ぎ -> ぎ→む -> む→び -> び→る -> る→く -> く→ず -> ず→え -> え→ず -> ず→ま -> ま→ず -> ず→た -> た→ず -> ず→す -> す→ず -> ず→ち -> ち→ず -> ず→ち -> ち→ず -> ず→い -> い→ず -> ず→い -> い→ず -> ず→い -> い→ず -> ず→い -> い→ず -> ず→い -> い→ず -> ず→い -> い→ず -> ず→き -> き→ず
alpha_beta vs greedy,alpha_beta,greedy,D50000_seed0_alpha_beta_vs_greedy_0,50000,0,first,ended_with_n,222,second,greedy,ず,1367,20,7,1,0,,,ず,き,き,7e-06,False,-35914.5,,,,,4,ず→ず -> ず→ず -> ず→る -> る→る -> る→る -> る→る -> る→る -> る→ぽ -> ぽ→ず -> ず→ぷ -> ぷ→ず -> ず→む -> む→る -> る→ぷ -> ぷ→ず -> ず→む -> む→る -> る→ぷ -> ぷ→ず -> ず→ら -> ら→ず -> ず→ら -> ら→る -> る→べ -> べ→る -> る→ぐ -> ぐ→る -> る→び -> び→ず -> ず→れ -> れ→ず -> ず→れ -> れ→ず -> ず→め -> め→ず -> ず→つ -> つ→ず -> ず→つ -> つ→ず -> ず→つ -> つ→る -> る→ね -> ね→ず -> ず→つ -> つ→る -> る→む -> む→る -> る→む -> む→る -> る→む -> む→ず -> ず→つ -> つ→る -> る→げ -> げ→る -> る→ゆ -> ゆ→る -> る→ゆ -> ゆ→る -> る→つ -> つ→る -> る→つ -> つ→る -> る→つ -> つ→る -> る→つ -> つ→る -> る→つ -> つ→る -> る→よ -> よ→ず -> ず→も -> も→ず -> ず→が -> が→ず -> ず→よ -> よ→ず -> ず→よ -> よ→ず -> ず→そ -> そ→ず -> ず→に -> に→ず -> ず→み -> み→ず -> ず→み -> み→ず -> ず→う -> う→ず -> ず→う -> う→ず -> ず→う -> う→ず -> ず→う -> う→ず -> ず→う -> う→ず -> ず→う -> う→ず -> ず→う -> う→る -> る→よ -> よ→ず -> ず→う -> う→る -> る→な -> な→ず -> ず→う -> う→る -> る→な -> な→ず -> ず→う -> う→る -> る→う -> う→る -> る→う -> う→る -> る→う -> う→る -> る→う -> う→る -> る→う -> う→る -> る→う -> う→る -> る→う -> う→び -> び→ず -> ず→う -> う→ぬ -> ぬ→つ -> つ→べ -> べ→む -> む→ぽ -> ぽ→ず -> ず→う -> う→ぞ -> ぞ→ぴ -> ぴ→ず -> ず→う -> う→む -> む→ぷ -> ぷ→る -> る→う -> う→む -> む→ぜ -> ぜ→る -> る→う -> う→む -> む→ぜ -> ぜ→る -> る→う -> う→む -> む→ぐ -> ぐ→ず -> ず→う -> う→ぼ -> ぼ→ず -> ず→う -> う→ざ -> ざ→む -> む→の -> の→む -> む→の -> の→ず -> ず→う -> う→む -> む→ぎ -> ぎ→ず -> ず→く -> く→ず -> ず→く -> く→ず -> ず→り -> り→る -> る→う -> う→む -> む→ぎ -> ぎ→る -> る→う -> う→む -> む→ぎ -> ぎ→る -> る→う -> う→む -> む→ぎ -> ぎ→る -> る→う -> う→む -> む→ぎ -> ぎ→む -> む→び -> び→る -> る→く -> く→ず -> ず→え -> え→ず -> ず→ま -> ま→ず -> ず→た -> た→ず -> ず→す -> す→ず -> ず→ち -> ち→ず -> ず→ち -> ち→ず -> ず→い -> い→ず -> ず→い -> い→ず -> ず→い -> い→ず -> ず→い -> い→ず -> ず→い -> い→ず -> ず→い -> い→ず -> ず→き -> き→ず -> ず→き
alpha_beta vs greedy,alpha_beta,greedy,D50000_seed0_alpha_beta_vs_greedy_0,50000,0,first,ended_with_n,223,first,alpha_beta,き,496,7,20,8,7,,,き,ず,ず,0.022411,False,16295.0,4,4,True,222,20,ず→ず -> ず→ず -> ず→る -> る→る -> る→る -> る→る -> る→る -> る→ぽ -> ぽ→ず -> ず→ぷ -> ぷ→ず -> ず→む -> む→る -> る→ぷ -> ぷ→ず -> ず→む -> む→る -> る→ぷ -> ぷ→ず -> ず→ら -> ら→ず -> ず→ら -> ら→る -> る→べ -> べ→る -> る→ぐ -> ぐ→る -> る→び -> び→ず -> ず→れ -> れ→ず -> ず→れ -> れ→ず -> ず→め -> め→ず -> ず→つ -> つ→ず -> ず→つ -> つ→ず -> ず→つ -> つ→る -> る→ね -> ね→ず -> ず→つ -> つ→る -> る→む -> む→る -> る→む -> む→る -> る→む -> む→ず -> ず→つ -> つ→る -> る→げ -> げ→る -> る→ゆ -> ゆ→る -> る→ゆ -> ゆ→る -> る→つ -> つ→る -> る→つ -> つ→る -> る→つ -> つ→る -> る→つ -> つ→る -> る→つ -> つ→る -> る→よ -> よ→ず -> ず→も -> も→ず -> ず→が -> が→ず -> ず→よ -> よ→ず -> ず→よ -> よ→ず -> ず→そ -> そ→ず -> ず→に -> に→ず -> ず→み -> み→ず -> ず→み -> み→ず -> ず→う -> う→ず -> ず→う -> う→ず -> ず→う -> う→ず -> ず→う -> う→ず -> ず→う -> う→ず -> ず→う -> う→ず -> ず→う -> う→る -> る→よ -> よ→ず -> ず→う -> う→る -> る→な -> な→ず -> ず→う -> う→る -> る→な -> な→ず -> ず→う -> う→る -> る→う -> う→る -> る→う -> う→る -> る→う -> う→る -> る→う -> う→る -> る→う -> う→る -> る→う -> う→る -> る→う -> う→び -> び→ず -> ず→う -> う→ぬ -> ぬ→つ -> つ→べ -> べ→む -> む→ぽ -> ぽ→ず -> ず→う -> う→ぞ -> ぞ→ぴ -> ぴ→ず -> ず→う -> う→む -> む→ぷ -> ぷ→る -> る→う -> う→む -> む→ぜ -> ぜ→る -> る→う -> う→む -> む→ぜ -> ぜ→る -> る→う -> う→む -> む→ぐ -> ぐ→ず -> ず→う -> う→ぼ -> ぼ→ず -> ず→う -> う→ざ -> ざ→む -> む→の -> の→む -> む→の -> の→ず -> ず→う -> う→む -> む→ぎ -> ぎ→ず -> ず→く -> く→ず -> ず→く -> く→ず -> ず→り -> り→る -> る→う -> う→む -> む→ぎ -> ぎ→る -> る→う -> う→む -> む→ぎ -> ぎ→る -> る→う -> う→む -> む→ぎ -> ぎ→る -> る→う -> う→む -> む→ぎ -> ぎ→む -> む→び -> び→る -> る→く -> く→ず -> ず→え -> え→ず -> ず→ま -> ま→ず -> ず→た -> た→ず -> ず→す -> す→ず -> ず→ち -> ち→ず -> ず→ち -> ち→ず -> ず→い -> い→ず -> ず→い -> い→ず -> ず→い -> い→ず -> ず→い -> い→ず -> ず→い -> い→ず -> ず→い -> い→ず -> ず→き -> き→ず -> ず→き -> き→ず
alpha_beta vs greedy,alpha_beta,greedy,D50000_seed0_alpha_beta_vs_greedy_0,50000,0,first,ended_with_n,224,second,greedy,ず,1365,20,5,1,0,,,ず,か,か,5e-06,False,-53712.5,,,,,3,ず→ず -> ず→ず -> ず→る -> る→る -> る→る -> る→る -> る→る -> る→ぽ -> ぽ→ず -> ず→ぷ -> ぷ→ず -> ず→む -> む→る -> る→ぷ -> ぷ→ず -> ず→む -> む→る -> る→ぷ -> ぷ→ず -> ず→ら -> ら→ず -> ず→ら -> ら→る -> る→べ -> べ→る -> る→ぐ -> ぐ→る -> る→び -> び→ず -> ず→れ -> れ→ず -> ず→れ -> れ→ず -> ず→め -> め→ず -> ず→つ -> つ→ず -> ず→つ -> つ→ず -> ず→つ -> つ→る -> る→ね -> ね→ず -> ず→つ -> つ→る -> る→む -> む→る -> る→む -> む→る -> る→む -> む→ず -> ず→つ -> つ→る -> る→げ -> げ→る -> る→ゆ -> ゆ→る -> る→ゆ -> ゆ→る -> る→つ -> つ→る -> る→つ -> つ→る -> る→つ -> つ→る -> る→つ -> つ→る -> る→つ -> つ→る -> る→よ -> よ→ず -> ず→も -> も→ず -> ず→が -> が→ず -> ず→よ -> よ→ず -> ず→よ -> よ→ず -> ず→そ -> そ→ず -> ず→に -> に→ず -> ず→み -> み→ず -> ず→み -> み→ず -> ず→う -> う→ず -> ず→う -> う→ず -> ず→う -> う→ず -> ず→う -> う→ず -> ず→う -> う→ず -> ず→う -> う→ず -> ず→う -> う→る -> る→よ -> よ→ず -> ず→う -> う→る -> る→な -> な→ず -> ず→う -> う→る -> る→な -> な→ず -> ず→う -> う→る -> る→う -> う→る -> る→う -> う→る -> る→う -> う→る -> る→う -> う→る -> る→う -> う→る -> る→う -> う→る -> る→う -> う→び -> び→ず -> ず→う -> う→ぬ -> ぬ→つ -> つ→べ -> べ→む -> む→ぽ -> ぽ→ず -> ず→う -> う→ぞ -> ぞ→ぴ -> ぴ→ず -> ず→う -> う→む -> む→ぷ -> ぷ→る -> る→う -> う→む -> む→ぜ -> ぜ→る -> る→う -> う→む -> む→ぜ -> ぜ→る -> る→う -> う→む -> む→ぐ -> ぐ→ず -> ず→う -> う→ぼ -> ぼ→ず -> ず→う -> う→ざ -> ざ→む -> む→の -> の→む -> む→の -> の→ず -> ず→う -> う→む -> む→ぎ -> ぎ→ず -> ず→く -> く→ず -> ず→く -> く→ず -> ず→り -> り→る -> る→う -> う→む -> む→ぎ -> ぎ→る -> る→う -> う→む -> む→ぎ -> ぎ→る -> る→う -> う→む -> む→ぎ -> ぎ→る -> る→う -> う→む -> む→ぎ -> ぎ→む -> む→び -> び→る -> る→く -> く→ず -> ず→え -> え→ず -> ず→ま -> ま→ず -> ず→た -> た→ず -> ず→す -> す→ず -> ず→ち -> ち→ず -> ず→ち -> ち→ず -> ず→い -> い→ず -> ず→い -> い→ず -> ず→い -> い→ず -> ず→い -> い→ず -> ず→い -> い→ず -> ず→い -> い→ず -> ず→き -> き→ず -> ず→き -> き→ず -> ず→か
alpha_beta vs greedy,alpha_beta,greedy,D50000_seed0_alpha_beta_vs_greedy_0,50000,0,first,ended_with_n,225,first,alpha_beta,か,360,5,20,13,12,,,か,ず,ず,0.020482,False,19866.0,4,4,True,212,20,ず→ず -> ず→ず -> ず→る -> る→る -> る→る -> る→る -> る→る -> る→ぽ -> ぽ→ず -> ず→ぷ -> ぷ→ず -> ず→む -> む→る -> る→ぷ -> ぷ→ず -> ず→む -> む→る -> る→ぷ -> ぷ→ず -> ず→ら -> ら→ず -> ず→ら -> ら→る -> る→べ -> べ→る -> る→ぐ -> ぐ→る -> る→び -> び→ず -> ず→れ -> れ→ず -> ず→れ -> れ→ず -> ず→め -> め→ず -> ず→つ -> つ→ず -> ず→つ -> つ→ず -> ず→つ -> つ→る -> る→ね -> ね→ず -> ず→つ -> つ→る -> る→む -> む→る -> る→む -> む→る -> る→む -> む→ず -> ず→つ -> つ→る -> る→げ -> げ→る -> る→ゆ -> ゆ→る -> る→ゆ -> ゆ→る -> る→つ -> つ→る -> る→つ -> つ→る -> る→つ -> つ→る -> る→つ -> つ→る -> る→つ -> つ→る -> る→よ -> よ→ず -> ず→も -> も→ず -> ず→が -> が→ず -> ず→よ -> よ→ず -> ず→よ -> よ→ず -> ず→そ -> そ→ず -> ず→に -> に→ず -> ず→み -> み→ず -> ず→み -> み→ず -> ず→う -> う→ず -> ず→う -> う→ず -> ず→う -> う→ず -> ず→う -> う→ず -> ず→う -> う→ず -> ず→う -> う→ず -> ず→う -> う→る -> る→よ -> よ→ず -> ず→う -> う→る -> る→な -> な→ず -> ず→う -> う→る -> る→な -> な→ず -> ず→う -> う→る -> る→う -> う→る -> る→う -> う→る -> る→う -> う→る -> る→う -> う→る -> る→う -> う→る -> る→う -> う→る -> る→う -> う→び -> び→ず -> ず→う -> う→ぬ -> ぬ→つ -> つ→べ -> べ→む -> む→ぽ -> ぽ→ず -> ず→う -> う→ぞ -> ぞ→ぴ -> ぴ→ず -> ず→う -> う→む -> む→ぷ -> ぷ→る -> る→う -> う→む -> む→ぜ -> ぜ→る -> る→う -> う→む -> む→ぜ -> ぜ→る -> る→う -> う→む -> む→ぐ -> ぐ→ず -> ず→う -> う→ぼ -> ぼ→ず -> ず→う -> う→ざ -> ざ→む -> む→の -> の→む -> む→の -> の→ず -> ず→う -> う→む -> む→ぎ -> ぎ→ず -> ず→く -> く→ず -> ず→く -> く→ず -> ず→り -> り→る -> る→う -> う→む -> む→ぎ -> ぎ→る -> る→う -> う→む -> む→ぎ -> ぎ→る -> る→う -> う→む -> む→ぎ -> ぎ→る -> る→う -> う→む -> む→ぎ -> ぎ→む -> む→び -> び→る -> る→く -> く→ず -> ず→え -> え→ず -> ず→ま -> ま→ず -> ず→た -> た→ず -> ず→す -> す→ず -> ず→ち -> ち→ず -> ず→ち -> ち→ず -> ず→い -> い→ず -> ず→い -> い→ず -> ず→い -> い→ず -> ず→い -> い→ず -> ず→い -> い→ず -> ず→い -> い→ず -> ず→き -> き→ず -> ず→き -> き→ず -> ず→か -> か→ず
alpha_beta vs greedy,alpha_beta,greedy,D50000_seed0_alpha_beta_vs_greedy_0,50000,0,first,ended_with_n,226,second,greedy,ず,1377,20,17,2,1,,,ず,し,し,2e-06,False,-67695.5,,,,,2,ず→ず -> ず→ず -> ず→る -> る→る -> る→る -> る→る -> る→る -> る→ぽ -> ぽ→ず -> ず→ぷ -> ぷ→ず -> ず→む -> む→る -> る→ぷ -> ぷ→ず -> ず→む -> む→る -> る→ぷ -> ぷ→ず -> ず→ら -> ら→ず -> ず→ら -> ら→る -> る→べ -> べ→る -> る→ぐ -> ぐ→る -> る→び -> び→ず -> ず→れ -> れ→ず -> ず→れ -> れ→ず -> ず→め -> め→ず -> ず→つ -> つ→ず -> ず→つ -> つ→ず -> ず→つ -> つ→る -> る→ね -> ね→ず -> ず→つ -> つ→る -> る→む -> む→る -> る→む -> む→る -> る→む -> む→ず -> ず→つ -> つ→る -> る→げ -> げ→る -> る→ゆ -> ゆ→る -> る→ゆ -> ゆ→る -> る→つ -> つ→る -> る→つ -> つ→る -> る→つ -> つ→る -> る→つ -> つ→る -> る→つ -> つ→る -> る→よ -> よ→ず -> ず→も -> も→ず -> ず→が -> が→ず -> ず→よ -> よ→ず -> ず→よ -> よ→ず -> ず→そ -> そ→ず -> ず→に -> に→ず -> ず→み -> み→ず -> ず→み -> み→ず -> ず→う -> う→ず -> ず→う -> う→ず -> ず→う -> う→ず -> ず→う -> う→ず -> ず→う -> う→ず -> ず→う -> う→ず -> ず→う -> う→る -> る→よ -> よ→ず -> ず→う -> う→る -> る→な -> な→ず -> ず→う -> う→る -> る→な -> な→ず -> ず→う -> う→る -> る→う -> う→る -> る→う -> う→る -> る→う -> う→る -> る→う -> う→る -> る→う -> う→る -> る→う -> う→る -> る→う -> う→び -> び→ず -> ず→う -> う→ぬ -> ぬ→つ -> つ→べ -> べ→む -> む→ぽ -> ぽ→ず -> ず→う -> う→ぞ -> ぞ→ぴ -> ぴ→ず -> ず→う -> う→む -> む→ぷ -> ぷ→る -> る→う -> う→む -> む→ぜ -> ぜ→る -> る→う -> う→む -> む→ぜ -> ぜ→る -> る→う -> う→む -> む→ぐ -> ぐ→ず -> ず→う -> う→ぼ -> ぼ→ず -> ず→う -> う→ざ -> ざ→む -> む→の -> の→む -> む→の -> の→ず -> ず→う -> う→む -> む→ぎ -> ぎ→ず -> ず→く -> く→ず -> ず→く -> く→ず -> ず→り -> り→る -> る→う -> う→む -> む→ぎ -> ぎ→る -> る→う -> う→む -> む→ぎ -> ぎ→る -> る→う -> う→む -> む→ぎ -> ぎ→る -> る→う -> う→む -> む→ぎ -> ぎ→む -> む→び -> び→る -> る→く -> く→ず -> ず→え -> え→ず -> ず→ま -> ま→ず -> ず→た -> た→ず -> ず→す -> す→ず -> ず→ち -> ち→ず -> ず→ち -> ち→ず -> ず→い -> い→ず -> ず→い -> い→ず -> ず→い -> い→ず -> ず→い -> い→ず -> ず→い -> い→ず -> ず→い -> い→ず -> ず→き -> き→ず -> ず→き -> き→ず -> ず→か -> か→ず -> ず→し
alpha_beta vs greedy,alpha_beta,greedy,D50000_seed0_alpha_beta_vs_greedy_0,50000,0,first,ended_with_n,227,first,alpha_beta,し,1176,17,20,23,22,,,し,ず,ず,0.003843,False,1000000.0,4,4,True,58,20,ず→ず -> ず→ず -> ず→る -> る→る -> る→る -> る→る -> る→る -> る→ぽ -> ぽ→ず -> ず→ぷ -> ぷ→ず -> ず→む -> む→る -> る→ぷ -> ぷ→ず -> ず→む -> む→る -> る→ぷ -> ぷ→ず -> ず→ら -> ら→ず -> ず→ら -> ら→る -> る→べ -> べ→る -> る→ぐ -> ぐ→る -> る→び -> び→ず -> ず→れ -> れ→ず -> ず→れ -> れ→ず -> ず→め -> め→ず -> ず→つ -> つ→ず -> ず→つ -> つ→ず -> ず→つ -> つ→る -> る→ね -> ね→ず -> ず→つ -> つ→る -> る→む -> む→る -> る→む -> む→る -> る→む -> む→ず -> ず→つ -> つ→る -> る→げ -> げ→る -> る→ゆ -> ゆ→る -> る→ゆ -> ゆ→る -> る→つ -> つ→る -> る→つ -> つ→る -> る→つ -> つ→る -> る→つ -> つ→る -> る→つ -> つ→る -> る→よ -> よ→ず -> ず→も -> も→ず -> ず→が -> が→ず -> ず→よ -> よ→ず -> ず→よ -> よ→ず -> ず→そ -> そ→ず -> ず→に -> に→ず -> ず→み -> み→ず -> ず→み -> み→ず -> ず→う -> う→ず -> ず→う -> う→ず -> ず→う -> う→ず -> ず→う -> う→ず -> ず→う -> う→ず -> ず→う -> う→ず -> ず→う -> う→る -> る→よ -> よ→ず -> ず→う -> う→る -> る→な -> な→ず -> ず→う -> う→る -> る→な -> な→ず -> ず→う -> う→る -> る→う -> う→る -> る→う -> う→る -> る→う -> う→る -> る→う -> う→る -> る→う -> う→る -> る→う -> う→る -> る→う -> う→び -> び→ず -> ず→う -> う→ぬ -> ぬ→つ -> つ→べ -> べ→む -> む→ぽ -> ぽ→ず -> ず→う -> う→ぞ -> ぞ→ぴ -> ぴ→ず -> ず→う -> う→む -> む→ぷ -> ぷ→る -> る→う -> う→む -> む→ぜ -> ぜ→る -> る→う -> う→む -> む→ぜ -> ぜ→る -> る→う -> う→む -> む→ぐ -> ぐ→ず -> ず→う -> う→ぼ -> ぼ→ず -> ず→う -> う→ざ -> ざ→む -> む→の -> の→む -> む→の -> の→ず -> ず→う -> う→む -> む→ぎ -> ぎ→ず -> ず→く -> く→ず -> ず→く -> く→ず -> ず→り -> り→る -> る→う -> う→む -> む→ぎ -> ぎ→る -> る→う -> う→む -> む→ぎ -> ぎ→る -> る→う -> う→む -> む→ぎ -> ぎ→る -> る→う -> う→む -> む→ぎ -> ぎ→む -> む→び -> び→る -> る→く -> く→ず -> ず→え -> え→ず -> ず→ま -> ま→ず -> ず→た -> た→ず -> ず→す -> す→ず -> ず→ち -> ち→ず -> ず→ち -> ち→ず -> ず→い -> い→ず -> ず→い -> い→ず -> ず→い -> い→ず -> ず→い -> い→ず -> ず→い -> い→ず -> ず→い -> い→ず -> ず→き -> き→ず -> ず→き -> き→ず -> ず→か -> か→ず -> ず→し -> し→ず
alpha_beta vs greedy,alpha_beta,greedy,D50000_seed0_alpha_beta_vs_greedy_0,50000,0,first,ended_with_n,228,second,greedy,ず,1377,20,17,1,0,,,ず,し,し,3e-06,False,-67672.5,,,,,2,ず→ず -> ず→ず -> ず→る -> る→る -> る→る -> る→る -> る→る -> る→ぽ -> ぽ→ず -> ず→ぷ -> ぷ→ず -> ず→む -> む→る -> る→ぷ -> ぷ→ず -> ず→む -> む→る -> る→ぷ -> ぷ→ず -> ず→ら -> ら→ず -> ず→ら -> ら→る -> る→べ -> べ→る -> る→ぐ -> ぐ→る -> る→び -> び→ず -> ず→れ -> れ→ず -> ず→れ -> れ→ず -> ず→め -> め→ず -> ず→つ -> つ→ず -> ず→つ -> つ→ず -> ず→つ -> つ→る -> る→ね -> ね→ず -> ず→つ -> つ→る -> る→む -> む→る -> る→む -> む→る -> る→む -> む→ず -> ず→つ -> つ→る -> る→げ -> げ→る -> る→ゆ -> ゆ→る -> る→ゆ -> ゆ→る -> る→つ -> つ→る -> る→つ -> つ→る -> る→つ -> つ→る -> る→つ -> つ→る -> る→つ -> つ→る -> る→よ -> よ→ず -> ず→も -> も→ず -> ず→が -> が→ず -> ず→よ -> よ→ず -> ず→よ -> よ→ず -> ず→そ -> そ→ず -> ず→に -> に→ず -> ず→み -> み→ず -> ず→み -> み→ず -> ず→う -> う→ず -> ず→う -> う→ず -> ず→う -> う→ず -> ず→う -> う→ず -> ず→う -> う→ず -> ず→う -> う→ず -> ず→う -> う→る -> る→よ -> よ→ず -> ず→う -> う→る -> る→な -> な→ず -> ず→う -> う→る -> る→な -> な→ず -> ず→う -> う→る -> る→う -> う→る -> る→う -> う→る -> る→う -> う→る -> る→う -> う→る -> る→う -> う→る -> る→う -> う→る -> る→う -> う→び -> び→ず -> ず→う -> う→ぬ -> ぬ→つ -> つ→べ -> べ→む -> む→ぽ -> ぽ→ず -> ず→う -> う→ぞ -> ぞ→ぴ -> ぴ→ず -> ず→う -> う→む -> む→ぷ -> ぷ→る -> る→う -> う→む -> む→ぜ -> ぜ→る -> る→う -> う→む -> む→ぜ -> ぜ→る -> る→う -> う→む -> む→ぐ -> ぐ→ず -> ず→う -> う→ぼ -> ぼ→ず -> ず→う -> う→ざ -> ざ→む -> む→の -> の→む -> む→の -> の→ず -> ず→う -> う→む -> む→ぎ -> ぎ→ず -> ず→く -> く→ず -> ず→く -> く→ず -> ず→り -> り→る -> る→う -> う→む -> む→ぎ -> ぎ→る -> る→う -> う→む -> む→ぎ -> ぎ→る -> る→う -> う→む -> む→ぎ -> ぎ→る -> る→う -> う→む -> む→ぎ -> ぎ→む -> む→び -> び→る -> る→く -> く→ず -> ず→え -> え→ず -> ず→ま -> ま→ず -> ず→た -> た→ず -> ず→す -> す→ず -> ず→ち -> ち→ず -> ず→ち -> ち→ず -> ず→い -> い→ず -> ず→い -> い→ず -> ず→い -> い→ず -> ず→い -> い→ず -> ず→い -> い→ず -> ず→い -> い→ず -> ず→き -> き→ず -> ず→き -> き→ず -> ず→か -> か→ず -> ず→し -> し→ず -> ず→し
alpha_beta vs greedy,alpha_beta,greedy,D50000_seed0_alpha_beta_vs_greedy_0,50000,0,first,ended_with_n,229,first,alpha_beta,し,1176,17,20,22,21,,,し,ず,ず,0.002609,False,1000000.0,4,4,True,49,20,ず→ず -> ず→ず -> ず→る -> る→る -> る→る -> る→る -> る→る -> る→ぽ -> ぽ→ず -> ず→ぷ -> ぷ→ず -> ず→む -> む→る -> る→ぷ -> ぷ→ず -> ず→む -> む→る -> る→ぷ -> ぷ→ず -> ず→ら -> ら→ず -> ず→ら -> ら→る -> る→べ -> べ→る -> る→ぐ -> ぐ→る -> る→び -> び→ず -> ず→れ -> れ→ず -> ず→れ -> れ→ず -> ず→め -> め→ず -> ず→つ -> つ→ず -> ず→つ -> つ→ず -> ず→つ -> つ→る -> る→ね -> ね→ず -> ず→つ -> つ→る -> る→む -> む→る -> る→む -> む→る -> る→む -> む→ず -> ず→つ -> つ→る -> る→げ -> げ→る -> る→ゆ -> ゆ→る -> る→ゆ -> ゆ→る -> る→つ -> つ→る -> る→つ -> つ→る -> る→つ -> つ→る -> る→つ -> つ→る -> る→つ -> つ→る -> る→よ -> よ→ず -> ず→も -> も→ず -> ず→が -> が→ず -> ず→よ -> よ→ず -> ず→よ -> よ→ず -> ず→そ -> そ→ず -> ず→に -> に→ず -> ず→み -> み→ず -> ず→み -> み→ず -> ず→う -> う→ず -> ず→う -> う→ず -> ず→う -> う→ず -> ず→う -> う→ず -> ず→う -> う→ず -> ず→う -> う→ず -> ず→う -> う→る -> る→よ -> よ→ず -> ず→う -> う→る -> る→な -> な→ず -> ず→う -> う→る -> る→な -> な→ず -> ず→う -> う→る -> る→う -> う→る -> る→う -> う→る -> る→う -> う→る -> る→う -> う→る -> る→う -> う→る -> る→う -> う→る -> る→う -> う→び -> び→ず -> ず→う -> う→ぬ -> ぬ→つ -> つ→べ -> べ→む -> む→ぽ -> ぽ→ず -> ず→う -> う→ぞ -> ぞ→ぴ -> ぴ→ず -> ず→う -> う→む -> む→ぷ -> ぷ→る -> る→う -> う→む -> む→ぜ -> ぜ→る -> る→う -> う→む -> む→ぜ -> ぜ→る -> る→う -> う→む -> む→ぐ -> ぐ→ず -> ず→う -> う→ぼ -> ぼ→ず -> ず→う -> う→ざ -> ざ→む -> む→の -> の→む -> む→の -> の→ず -> ず→う -> う→む -> む→ぎ -> ぎ→ず -> ず→く -> く→ず -> ず→く -> く→ず -> ず→り -> り→る -> る→う -> う→む -> む→ぎ -> ぎ→る -> る→う -> う→む -> む→ぎ -> ぎ→る -> る→う -> う→む -> む→ぎ -> ぎ→る -> る→う -> う→む -> む→ぎ -> ぎ→む -> む→び -> び→る -> る→く -> く→ず -> ず→え -> え→ず -> ず→ま -> ま→ず -> ず→た -> た→ず -> ず→す -> す→ず -> ず→ち -> ち→ず -> ず→ち -> ち→ず -> ず→い -> い→ず -> ず→い -> い→ず -> ず→い -> い→ず -> ず→い -> い→ず -> ず→い -> い→ず -> ず→い -> い→ず -> ず→き -> き→ず -> ず→き -> き→ず -> ず→か -> か→ず -> ず→し -> し→ず -> ず→し -> し→ず
alpha_beta vs greedy,alpha_beta,greedy,D50000_seed0_alpha_beta_vs_greedy_0,50000,0,first,ended_with_n,230,second,greedy,ず,1427,20,67,16,15,,,ず,ん,,1e-06,False,-1000000.0,,,,,1,ず→ず -> ず→ず -> ず→る -> る→る -> る→る -> る→る -> る→る -> る→ぽ -> ぽ→ず -> ず→ぷ -> ぷ→ず -> ず→む -> む→る -> る→ぷ -> ぷ→ず -> ず→む -> む→る -> る→ぷ -> ぷ→ず -> ず→ら -> ら→ず -> ず→ら -> ら→る -> る→べ -> べ→る -> る→ぐ -> ぐ→る -> る→び -> び→ず -> ず→れ -> れ→ず -> ず→れ -> れ→ず -> ず→め -> め→ず -> ず→つ -> つ→ず -> ず→つ -> つ→ず -> ず→つ -> つ→る -> る→ね -> ね→ず -> ず→つ -> つ→る -> る→む -> む→る -> る→む -> む→る -> る→む -> む→ず -> ず→つ -> つ→る -> る→げ -> げ→る -> る→ゆ -> ゆ→る -> る→ゆ -> ゆ→る -> る→つ -> つ→る -> る→つ -> つ→る -> る→つ -> つ→る -> る→つ -> つ→る -> る→つ -> つ→る -> る→よ -> よ→ず -> ず→も -> も→ず -> ず→が -> が→ず -> ず→よ -> よ→ず -> ず→よ -> よ→ず -> ず→そ -> そ→ず -> ず→に -> に→ず -> ず→み -> み→ず -> ず→み -> み→ず -> ず→う -> う→ず -> ず→う -> う→ず -> ず→う -> う→ず -> ず→う -> う→ず -> ず→う -> う→ず -> ず→う -> う→ず -> ず→う -> う→る -> る→よ -> よ→ず -> ず→う -> う→る -> る→な -> な→ず -> ず→う -> う→る -> る→な -> な→ず -> ず→う -> う→る -> る→う -> う→る -> る→う -> う→る -> る→う -> う→る -> る→う -> う→る -> る→う -> う→る -> る→う -> う→る -> る→う -> う→び -> び→ず -> ず→う -> う→ぬ -> ぬ→つ -> つ→べ -> べ→む -> む→ぽ -> ぽ→ず -> ず→う -> う→ぞ -> ぞ→ぴ -> ぴ→ず -> ず→う -> う→む -> む→ぷ -> ぷ→る -> る→う -> う→む -> む→ぜ -> ぜ→る -> る→う -> う→む -> む→ぜ -> ぜ→る -> る→う -> う→む -> む→ぐ -> ぐ→ず -> ず→う -> う→ぼ -> ぼ→ず -> ず→う -> う→ざ -> ざ→む -> む→の -> の→む -> む→の -> の→ず -> ず→う -> う→む -> む→ぎ -> ぎ→ず -> ず→く -> く→ず -> ず→く -> く→ず -> ず→り -> り→る -> る→う -> う→む -> む→ぎ -> ぎ→る -> る→う -> う→む -> む→ぎ -> ぎ→る -> る→う -> う→む -> む→ぎ -> ぎ→る -> る→う -> う→む -> む→ぎ -> ぎ→む -> む→び -> び→る -> る→く -> く→ず -> ず→え -> え→ず -> ず→ま -> ま→ず -> ず→た -> た→ず -> ず→す -> す→ず -> ず→ち -> ち→ず -> ず→ち -> ち→ず -> ず→い -> い→ず -> ず→い -> い→ず -> ず→い -> い→ず -> ず→い -> い→ず -> ず→い -> い→ず -> ず→い -> い→ず -> ず→き -> き→ず -> ず→き -> き→ず -> ず→か -> か→ず -> ず→し -> し→ず -> ず→し -> し→ず -> ず→ん
