commit_id,dict_size,dictionary_file_sha256,dictionary_hash,dictionary_seed,experiment_config_hash,first_agent,first_avg_time_sec,first_beam_pruned_move_count,first_candidate_evaluations,first_config_id,first_cutoff_count,first_depth_change_count,first_graph_ordering_calls,first_graph_ordering_changed_first_count,first_graph_ordering_evaluations,first_graph_ordering_time_sec,first_leaf_evaluations,first_max_time_sec,first_mean_effective_depth,first_median_time_sec,first_nodes_searched,first_null_window_search_count,first_p95_time_sec,first_research_count,first_timeout_count,first_total_time_sec,invalid_move_count,loss_reason,match_elapsed_time_sec,match_id,match_seed,max_match_time_sec,max_moves,profile_name,repetition,runtime,second_agent,second_avg_time_sec,second_beam_pruned_move_count,second_candidate_evaluations,second_config_id,second_cutoff_count,second_depth_change_count,second_graph_ordering_calls,second_graph_ordering_changed_first_count,second_graph_ordering_evaluations,second_graph_ordering_time_sec,second_leaf_evaluations,second_max_time_sec,second_mean_effective_depth,second_median_time_sec,second_nodes_searched,second_null_window_search_count,second_p95_time_sec,second_research_count,second_timeout_count,second_total_time_sec,source_fingerprint,stage,turn_count,used_word_count,winner
c4ad512b37cbf598c6a8063c964e5a371ba9d9fd,10000,13f83c2052bc052005e588fe7b9704a1eecbafee8dcd63e189b275acd3cb0946,74273ec92dd5b9b50e5d125bf7fc94fc234d4603966a511f8ecb7898b44b9b29,0,5766e8fdd7c39ad4218d87c72fc8011af538332539064d61768baefded5bb1cb,alpha_beta,0.2910555863054469,0.0,805952.0,balanced:alpha_beta,20327.0,12,0.0,0.0,0.0,0.0,59571.0,0.9724779999814928,6.25,0.194141,89265.0,0.0,0.782469,0.0,0,8.149556416552514,0,ended_with_n,12.254806791897863,D10000_seed0_balanced_alpha_beta_vs_beam_alpha_beta,0,300.0,1000,balanced,0,/Users/onumagakuto/Documents/最強しりとり/shiritori_ai/data/dictionaries/D10000_L2-12_seed0.runtime.json,beam_alpha_beta,0.15196818832515013,633850.0,703928.0,balanced:beam_alpha_beta,17508.0,1,0.0,0.0,0.0,0.0,17920.0,0.3577390839345753,8.925925925925926,0.127608,52044.0,0.0,0.325453,0.0,0,4.103141084779054,88c90c090688c0b0fd5bef8f8aab01497b7e583a448eaed959d068c43777a586,tune,55,55,second
c4ad512b37cbf598c6a8063c964e5a371ba9d9fd,10000,13f83c2052bc052005e588fe7b9704a1eecbafee8dcd63e189b275acd3cb0946,74273ec92dd5b9b50e5d125bf7fc94fc234d4603966a511f8ecb7898b44b9b29,0,5766e8fdd7c39ad4218d87c72fc8011af538332539064d61768baefded5bb1cb,beam_alpha_beta,0.17967071755283318,2593947.0,2916941.0,balanced:beam_alpha_beta,79609.0,1,0.0,0.0,0.0,0.0,94587.0,0.4680212920065969,8.975308641975309,0.176986,252157.0,0.0,0.388606,0.0,0,14.553328121779487,0,ended_with_n,42.7390099579934,D10000_seed0_balanced_beam_alpha_beta_vs_alpha_beta,0,300.0,1000,balanced,0,/Users/onumagakuto/Documents/最強しりとり/shiritori_ai/data/dictionaries/D10000_L2-12_seed0.runtime.json,alpha_beta,0.3479018055598171,0.0,3104111.0,balanced:alpha_beta,82753.0,26,0.0,0.0,0.0,0.0,238820.0,1.0000337089877576,5.962962962962963,0.308598,354669.0,0.0,0.815225,0.0,3,28.180046250345185,88c90c090688c0b0fd5bef8f8aab01497b7e583a448eaed959d068c43777a586,tune,162,162,first
c4ad512b37cbf598c6a8063c964e5a371ba9d9fd,10000,13f83c2052bc052005e588fe7b9704a1eecbafee8dcd63e189b275acd3cb0946,74273ec92dd5b9b50e5d125bf7fc94fc234d4603966a511f8ecb7898b44b9b29,0,5766e8fdd7c39ad4218d87c72fc8011af538332539064d61768baefded5bb1cb,beam_pvs,0.25532357750460505,1874770.0,2087302.0,balanced:beam_pvs,59201.0,5,0.0,0.0,0.0,0.0,58344.0,0.8162524159997702,8.68,0.249206,160500.0,56952.0,0.470954,1606.0,0,12.766178875230253,0,ended_with_n,25.66278462484479,D10000_seed0_balanced_beam_pvs_vs_beam_alpha_beta,0,300.0,1000,balanced,0,/Users/onumagakuto/Documents/最強しりとり/shiritori_ai/data/dictionaries/D10000_L2-12_seed0.runtime.json,beam_alpha_beta,0.26311389026137033,1735088.0,1933938.0,balanced:beam_alpha_beta,47467.0,3,0.0,0.0,0.0,0.0,60237.0,1.0000246251001954,8.89795918367347,0.277804,156479.0,0.0,0.401377,0.0,1,12.892580622807145,88c90c090688c0b0fd5bef8f8aab01497b7e583a448eaed959d068c43777a586,tune,99,99,second
c4ad512b37cbf598c6a8063c964e5a371ba9d9fd,10000,13f83c2052bc052005e588fe7b9704a1eecbafee8dcd63e189b275acd3cb0946,74273ec92dd5b9b50e5d125bf7fc94fc234d4603966a511f8ecb7898b44b9b29,0,5766e8fdd7c39ad4218d87c72fc8011af538332539064d61768baefded5bb1cb,beam_alpha_beta,0.2615317716356367,1782076.0,1983228.0,balanced:beam_alpha_beta,48164.0,3,0.0,0.0,0.0,0.0,59770.0,0.6549480000976473,8.92,0.27197550000000004,157063.0,0.0,0.432697,0.0,0,13.076588581781834,0,ended_with_n,26.221608083928004,D10000_seed0_balanced_beam_alpha_beta_vs_beam_pvs,0,300.0,1000,balanced,0,/Users/onumagakuto/Documents/最強しりとり/shiritori_ai/data/dictionaries/D10000_L2-12_seed0.runtime.json,beam_pvs,0.26281918738037346,1863236.0,2076273.0,balanced:beam_pvs,60685.0,3,0.0,0.0,0.0,0.0,57926.0,0.8698336658999324,8.56,0.27911949999999996,160178.0,56596.0,0.432497,1530.0,0,13.140959369018674,88c90c090688c0b0fd5bef8f8aab01497b7e583a448eaed959d068c43777a586,tune,100,100,first
c4ad512b37cbf598c6a8063c964e5a371ba9d9fd,10000,f7feddf87127e40bde1a535f59cac947714438dc1e954782a6d8ce39feaff155,00ebc1cac9dd741110af9ac9d2df615d6c05ca991919c4f06c178a9ef7a4ac28,1,5766e8fdd7c39ad4218d87c72fc8011af538332539064d61768baefded5bb1cb,alpha_beta,0.32035349324790086,0.0,1735874.0,balanced:alpha_beta,43781.0,14,0.0,0.0,0.0,0.0,110880.0,1.000028708949685,6.590909090909091,0.2622975,173777.0,0.0,1.000025,0.0,3,14.095553702907637,0,ended_with_n,20.91159183299169,D10000_seed1_balanced_alpha_beta_vs_beam_alpha_beta,1000,300.0,1000,balanced,0,/Users/onumagakuto/Documents/最強しりとり/shiritori_ai/data/dictionaries/D10000_L2-12_seed1.runtime.json,beam_alpha_beta,0.15844450388536896,1327712.0,1479439.0,balanced:beam_alpha_beta,38270.0,1,0.0,0.0,0.0,0.0,39747.0,0.4496188329067081,8.953488372093023,0.084352,113283.0,0.0,0.404975,0.0,0,6.813113667070866,88c90c090688c0b0fd5bef8f8aab01497b7e583a448eaed959d068c43777a586,tune,87,87,second
c4ad512b37cbf598c6a8063c964e5a371ba9d9fd,10000,f7feddf87127e40bde1a535f59cac947714438dc1e954782a6d8ce39feaff155,00ebc1cac9dd741110af9ac9d2df615d6c05ca991919c4f06c178a9ef7a4ac28,1,5766e8fdd7c39ad4218d87c72fc8011af538332539064d61768baefded5bb1cb,beam_alpha_beta,0.16126682261698122,1339633.0,1492706.0,balanced:beam_alpha_beta,38625.0,1,0.0,0.0,0.0,0.0,40072.0,0.45486704213544726,8.953488372093023,0.084013,114263.0,0.0,0.404508,0.0,0,6.934473372530192,0,ended_with_n,20.036453000037,D10000_seed1_balanced_beam_alpha_beta_vs_alpha_beta,1000,300.0,1000,balanced,0,/Users/onumagakuto/Documents/最強しりとり/shiritori_ai/data/dictionaries/D10000_L2-12_seed1.runtime.json,alpha_beta,0.30463112209013904,0.0,1613136.0,balanced:alpha_beta,40803.0,12,0.0,0.0,0.0,0.0,101953.0,1.0000255000777543,6.5813953488372094,0.25885,160727.0,0.0,0.9276,0.0,2,13.099138249875978,88c90c090688c0b0fd5bef8f8aab01497b7e583a448eaed959d068c43777a586,tune,86,86,first
c4ad512b37cbf598c6a8063c964e5a371ba9d9fd,10000,f7feddf87127e40bde1a535f59cac947714438dc1e954782a6d8ce39feaff155,00ebc1cac9dd741110af9ac9d2df615d6c05ca991919c4f06c178a9ef7a4ac28,1,5766e8fdd7c39ad4218d87c72fc8011af538332539064d61768baefded5bb1cb,beam_pvs,0.14015978919410976,6040041.0,6768139.0,balanced:beam_pvs,202149.0,1,0.0,0.0,0.0,0.0,159658.0,0.4216158748604357,8.990147783251231,0.135157,511265.0,167571.0,0.253361,3592.0,0,28.452437206404284,0,ended_with_n,57.69842762500048,D10000_seed1_balanced_beam_pvs_vs_beam_alpha_beta,1000,300.0,1000,balanced,0,/Users/onumagakuto/Documents/最強しりとり/shiritori_ai/data/dictionaries/D10000_L2-12_seed1.runtime.json,beam_alpha_beta,0.14472076299342115,5807836.0,6509054.0,balanced:beam_alpha_beta,170767.0,1,0.0,0.0,0.0,0.0,179354.0,0.4156289170496166,8.990099009900991,0.128945,519297.0,0.0,0.311112,0.0,0,29.23359412467107,88c90c090688c0b0fd5bef8f8aab01497b7e583a448eaed959d068c43777a586,tune,405,405,second
c4ad512b37cbf598c6a8063c964e5a371ba9d9fd,10000,f7feddf87127e40bde1a535f59cac947714438dc1e954782a6d8ce39feaff155,00ebc1cac9dd741110af9ac9d2df615d6c05ca991919c4f06c178a9ef7a4ac28,1,5766e8fdd7c39ad4218d87c72fc8011af538332539064d61768baefded5bb1cb,beam_alpha_beta,0.13886139981145856,5693823.0,6379694.0,balanced:beam_alpha_beta,170145.0,1,0.0,0.0,0.0,0.0,171713.0,0.4209109579678625,8.990147783251231,0.127879,504799.0,0.0,0.283975,0.0,0,28.188864161726087,0,ended_with_n,56.41414975002408,D10000_seed1_balanced_beam_alpha_beta_vs_beam_pvs,1000,300.0,1000,balanced,0,/Users/onumagakuto/Documents/最強しりとり/shiritori_ai/data/dictionaries/D10000_L2-12_seed1.runtime.json,beam_pvs,0.13966687003468709,5943479.0,6661158.0,balanced:beam_pvs,196285.0,1,0.0,0.0,0.0,0.0,159521.0,0.4688118339981884,8.990099009900991,0.1294925,505072.0,166713.0,0.270804,3569.0,0,28.21270774700679,88c90c090688c0b0fd5bef8f8aab01497b7e583a448eaed959d068c43777a586,tune,405,405,second
c4ad512b37cbf598c6a8063c964e5a371ba9d9fd,10000,59edaee16af2b20642c56fa4bb9a8c35595ca110b1af4b4e9ca87dc6ac356675,0824de995be4df8286e04f923f31fd74155137b5eb25a6870a0541b2726977f6,2,5766e8fdd7c39ad4218d87c72fc8011af538332539064d61768baefded5bb1cb,alpha_beta,0.28617478287877873,0.0,1671201.0,balanced:alpha_beta,42378.0,8,0.0,0.0,0.0,0.0,94835.0,0.6798169589601457,6.553191489361702,0.259787,155710.0,0.0,0.572252,0.0,0,13.4502147953026,0,ended_with_n,19.99055758281611,D10000_seed2_balanced_alpha_beta_vs_beam_alpha_beta,2000,300.0,1000,balanced,0,/Users/onumagakuto/Documents/最強しりとり/shiritori_ai/data/dictionaries/D10000_L2-12_seed2.runtime.json,beam_alpha_beta,0.13908950623838193,1194642.0,1328485.0,balanced:beam_alpha_beta,33146.0,3,0.0,0.0,0.0,0.0,36118.0,0.618636375060305,8.914893617021276,0.099582,101005.0,0.0,0.36198,0.0,0,6.53720679320395,88c90c090688c0b0fd5bef8f8aab01497b7e583a448eaed959d068c43777a586,tune,94,94,first
c4ad512b37cbf598c6a8063c964e5a371ba9d9fd,10000,59edaee16af2b20642c56fa4bb9a8c35595ca110b1af4b4e9ca87dc6ac356675,0824de995be4df8286e04f923f31fd74155137b5eb25a6870a0541b2726977f6,2,5766e8fdd7c39ad4218d87c72fc8011af538332539064d61768baefded5bb1cb,beam_alpha_beta,0.15990937159060398,983511.0,1086265.0,balanced:beam_alpha_beta,25267.0,1,0.0,0.0,0.0,0.0,26113.0,0.5576533330604434,8.944444444444445,0.1261365,75736.0,0.0,0.455646,0.0,0,5.756737377261743,0,ended_with_n,17.302844332996756,D10000_seed2_balanced_beam_alpha_beta_vs_alpha_beta,2000,300.0,1000,balanced,0,/Users/onumagakuto/Documents/最強しりとり/shiritori_ai/data/dictionaries/D10000_L2-12_seed2.runtime.json,alpha_beta,0.3206560775223706,0.0,1221197.0,balanced:alpha_beta,29610.0,6,0.0,0.0,0.0,0.0,71331.0,1.0000274998601526,6.638888888888889,0.3089065,115998.0,0.0,1.000026,0.0,2,11.54361879080534,88c90c090688c0b0fd5bef8f8aab01497b7e583a448eaed959d068c43777a586,tune,72,72,first
c4ad512b37cbf598c6a8063c964e5a371ba9d9fd,10000,59edaee16af2b20642c56fa4bb9a8c35595ca110b1af4b4e9ca87dc6ac356675,0824de995be4df8286e04f923f31fd74155137b5eb25a6870a0541b2726977f6,2,5766e8fdd7c39ad4218d87c72fc8011af538332539064d61768baefded5bb1cb,beam_pvs,0.3767692015696268,15161382.0,17337324.0,balanced:beam_pvs,624938.0,15,0.0,0.0,0.0,0.0,632321.0,0.6213440829887986,8.929824561403509,0.38601050000000003,1692872.0,617587.0,0.557457,14552.0,0,85.90337795787491,0,ended_with_n,171.30669545801356,D10000_seed2_balanced_beam_pvs_vs_beam_alpha_beta,2000,300.0,1000,balanced,0,/Users/onumagakuto/Documents/最強しりとり/shiritori_ai/data/dictionaries/D10000_L2-12_seed2.runtime.json,beam_alpha_beta,0.3761490596548576,14795603.0,16874028.0,balanced:beam_alpha_beta,508843.0,11,0.0,0.0,0.0,0.0,666883.0,0.646966208005324,8.947136563876652,0.383408,1684298.0,0.0,0.539228,0.0,0,85.38583654165268,88c90c090688c0b0fd5bef8f8aab01497b7e583a448eaed959d068c43777a586,tune,455,455,second
c4ad512b37cbf598c6a8063c964e5a371ba9d9fd,10000,59edaee16af2b20642c56fa4bb9a8c35595ca110b1af4b4e9ca87dc6ac356675,0824de995be4df8286e04f923f31fd74155137b5eb25a6870a0541b2726977f6,2,5766e8fdd7c39ad4218d87c72fc8011af538332539064d61768baefded5bb1cb,beam_alpha_beta,0.26302777299449054,6936445.0,7828894.0,balanced:beam_alpha_beta,215711.0,13,0.0,0.0,0.0,0.0,247958.0,0.6615997499320656,8.888111888111888,0.172864,685828.0,0.0,0.555572,0.0,0,37.61297153821215,0,ended_with_n,74.4676200421527,D10000_seed2_balanced_beam_alpha_beta_vs_beam_pvs,2000,300.0,1000,balanced,0,/Users/onumagakuto/Documents/最強しりとり/shiritori_ai/data/dictionaries/D10000_L2-12_seed2.runtime.json,beam_pvs,0.25765212439000607,7027121.0,7947439.0,balanced:beam_pvs,257550.0,17,0.0,0.0,0.0,0.0,223555.0,0.7741299578920007,8.874125874125873,0.207669,672974.0,227438.0,0.575958,5290.0,0,36.84425378777087,88c90c090688c0b0fd5bef8f8aab01497b7e583a448eaed959d068c43777a586,tune,286,286,first
c4ad512b37cbf598c6a8063c964e5a371ba9d9fd,10000,9430924a31ff3031ca6a0557562252b2a8abd5f2f723486d0145f4d76a139622,9655389c78dc509775999df2e4a5d1582a9b97956cc353e7741341a8d786ad18,3,5766e8fdd7c39ad4218d87c72fc8011af538332539064d61768baefded5bb1cb,alpha_beta,0.33911366026701506,0.0,1478998.0,balanced:alpha_beta,38893.0,16,0.0,0.0,0.0,0.0,107742.0,1.000025250017643,6.315789473684211,0.274704,163561.0,0.0,1.000023,0.0,2,12.886319090146571,0,ended_with_n,18.76482700021006,D10000_seed3_balanced_alpha_beta_vs_beam_alpha_beta,3000,300.0,1000,balanced,0,/Users/onumagakuto/Documents/最強しりとり/shiritori_ai/data/dictionaries/D10000_L2-12_seed3.runtime.json,beam_alpha_beta,0.158807846862269,1097766.0,1227157.0,balanced:beam_alpha_beta,32550.0,1,0.0,0.0,0.0,0.0,35643.0,0.4323147910181433,8.945945945945946,0.169115,98950.0,0.0,0.426557,0.0,0,5.875890333903953,88c90c090688c0b0fd5bef8f8aab01497b7e583a448eaed959d068c43777a586,tune,75,75,second
c4ad512b37cbf598c6a8063c964e5a371ba9d9fd,10000,9430924a31ff3031ca6a0557562252b2a8abd5f2f723486d0145f4d76a139622,9655389c78dc509775999df2e4a5d1582a9b97956cc353e7741341a8d786ad18,3,5766e8fdd7c39ad4218d87c72fc8011af538332539064d61768baefded5bb1cb,beam_alpha_beta,0.08070716179560783,2424998.0,2712065.0,balanced:beam_alpha_beta,70407.0,1,0.0,0.0,0.0,0.0,46028.0,0.43694725004024804,8.984496124031008,0.053154,192689.0,0.0,0.265335,0.0,0,10.41122387163341,0,ended_with_n,58.79660287499428,D10000_seed3_balanced_beam_alpha_beta_vs_alpha_beta,3000,300.0,1000,balanced,0,/Users/onumagakuto/Documents/最強しりとり/shiritori_ai/data/dictionaries/D10000_L2-12_seed3.runtime.json,alpha_beta,0.377947334000055,0.0,6283425.0,balanced:alpha_beta,165543.0,48,0.0,0.0,0.0,0.0,415837.0,1.0000260421074927,6.453125,0.3134265,655102.0,0.0,1.000021,0.0,7,48.37725875200704,88c90c090688c0b0fd5bef8f8aab01497b7e583a448eaed959d068c43777a586,tune,257,257,second
c4ad512b37cbf598c6a8063c964e5a371ba9d9fd,10000,9430924a31ff3031ca6a0557562252b2a8abd5f2f723486d0145f4d76a139622,9655389c78dc509775999df2e4a5d1582a9b97956cc353e7741341a8d786ad18,3,5766e8fdd7c39ad4218d87c72fc8011af538332539064d61768baefded5bb1cb,beam_pvs,0.15461351920086414,1238985.0,1384466.0,balanced:beam_pvs,41444.0,1,0.0,0.0,0.0,0.0,32842.0,0.354145040968433,8.948717948717949,0.155437,104490.0,36045.0,0.344809,702.0,0,6.029927248833701,0,ended_with_n,11.432992584072053,D10000_seed3_balanced_beam_pvs_vs_beam_alpha_beta,3000,300.0,1000,balanced,0,/Users/onumagakuto/Documents/最強しりとり/shiritori_ai/data/dictionaries/D10000_L2-12_seed3.runtime.json,beam_alpha_beta,0.13847527238659751,1070306.0,1194661.0,balanced:beam_alpha_beta,31030.0,1,0.0,0.0,0.0,0.0,32710.0,0.42307358304969966,8.948717948717949,0.107363,94235.0,0.0,0.343714,0.0,0,5.400535623077303,88c90c090688c0b0fd5bef8f8aab01497b7e583a448eaed959d068c43777a586,tune,78,78,first
c4ad512b37cbf598c6a8063c964e5a371ba9d9fd,10000,9430924a31ff3031ca6a0557562252b2a8abd5f2f723486d0145f4d76a139622,9655389c78dc509775999df2e4a5d1582a9b97956cc353e7741341a8d786ad18,3,5766e8fdd7c39ad4218d87c72fc8011af538332539064d61768baefded5bb1cb,beam_alpha_beta,0.1777600448948737,1364985.0,1523968.0,balanced:beam_alpha_beta,39909.0,1,0.0,0.0,0.0,0.0,40965.0,0.432693709153682,8.948717948717949,0.171101,119520.0,0.0,0.428509,0.0,0,6.932641750900075,0,ended_with_n,12.06067316699773,D10000_seed3_balanced_beam_alpha_beta_vs_beam_pvs,3000,300.0,1000,balanced,0,/Users/onumagakuto/Documents/最強しりとり/shiritori_ai/data/dictionaries/D10000_L2-12_seed3.runtime.json,beam_pvs,0.1314216441450975,1048054.0,1170758.0,balanced:beam_pvs,35020.0,1,0.0,0.0,0.0,0.0,28173.0,0.34503666614182293,8.948717948717949,0.12214,88706.0,30910.0,0.261198,677.0,0,5.125444121658802,88c90c090688c0b0fd5bef8f8aab01497b7e583a448eaed959d068c43777a586,tune,78,78,first
c4ad512b37cbf598c6a8063c964e5a371ba9d9fd,10000,111970c79836f310a1c9dac9d12efec6728a91c2dcdec5d45abc93eb83f42f02,35e9227570c996ccac4b63270c44f70172e04d094ba16a13f1f9d3ee41415bff,4,5766e8fdd7c39ad4218d87c72fc8011af538332539064d61768baefded5bb1cb,alpha_beta,0.3701710611605993,0.0,3054417.0,balanced:alpha_beta,79352.0,32,0.0,0.0,0.0,0.0,266470.0,1.000027583912015,5.688311688311688,0.295453,376712.0,0.0,0.92318,0.0,1,28.503171709366143,0,ended_with_n,49.57517029205337,D10000_seed4_balanced_alpha_beta_vs_beam_alpha_beta,4000,300.0,1000,balanced,0,/Users/onumagakuto/Documents/最強しりとり/shiritori_ai/data/dictionaries/D10000_L2-12_seed4.runtime.json,beam_alpha_beta,0.2771942351583244,4155613.0,4604355.0,balanced:beam_alpha_beta,108558.0,7,0.0,0.0,0.0,0.0,135675.0,0.5825328750070184,8.894736842105264,0.2620565,354707.0,0.0,0.546991,0.0,0,21.066761872032657,88c90c090688c0b0fd5bef8f8aab01497b7e583a448eaed959d068c43777a586,tune,153,153,second
c4ad512b37cbf598c6a8063c964e5a371ba9d9fd,10000,111970c79836f310a1c9dac9d12efec6728a91c2dcdec5d45abc93eb83f42f02,35e9227570c996ccac4b63270c44f70172e04d094ba16a13f1f9d3ee41415bff,4,5766e8fdd7c39ad4218d87c72fc8011af538332539064d61768baefded5bb1cb,beam_alpha_beta,0.1718660088621878,897905.0,990053.0,balanced:beam_alpha_beta,23217.0,1,0.0,0.0,0.0,0.0,25185.0,0.37171499989926815,8.928571428571429,0.20156649999999998,69982.0,0.0,0.370326,0.0,0,4.812248248141259,0,ended_with_n,12.083083000034094,D10000_seed4_balanced_beam_alpha_beta_vs_alpha_beta,4000,300.0,1000,balanced,0,/Users/onumagakuto/Documents/最強しりとり/shiritori_ai/data/dictionaries/D10000_L2-12_seed4.runtime.json,alpha_beta,0.2692216079664865,0.0,782951.0,balanced:alpha_beta,20924.0,10,0.0,0.0,0.0,0.0,59957.0,0.9640612909570336,6.296296296296297,0.206454,89926.0,0.0,0.961836,0.0,0,7.268983415095136,88c90c090688c0b0fd5bef8f8aab01497b7e583a448eaed959d068c43777a586,tune,55,55,second
c4ad512b37cbf598c6a8063c964e5a371ba9d9fd,10000,111970c79836f310a1c9dac9d12efec6728a91c2dcdec5d45abc93eb83f42f02,35e9227570c996ccac4b63270c44f70172e04d094ba16a13f1f9d3ee41415bff,4,5766e8fdd7c39ad4218d87c72fc8011af538332539064d61768baefded5bb1cb,beam_pvs,0.2328956943626205,1610886.0,1763880.0,balanced:beam_pvs,42529.0,1,0.0,0.0,0.0,0.0,42406.0,0.48116933298297226,8.948717948717949,0.219376,116261.0,41362.0,0.457927,1167.0,0,9.0829320801422,0,ended_with_n,17.843358917161822,D10000_seed4_balanced_beam_pvs_vs_beam_alpha_beta,4000,300.0,1000,balanced,0,/Users/onumagakuto/Documents/最強しりとり/shiritori_ai/data/dictionaries/D10000_L2-12_seed4.runtime.json,beam_alpha_beta,0.22455377336472082,1504558.0,1651989.0,balanced:beam_alpha_beta,36341.0,1,0.0,0.0,0.0,0.0,45020.0,0.40768120787106454,8.948717948717949,0.273129,116553.0,0.0,0.384655,0.0,0,8.757597161224112,88c90c090688c0b0fd5bef8f8aab01497b7e583a448eaed959d068c43777a586,tune,78,78,first
c4ad512b37cbf598c6a8063c964e5a371ba9d9fd,10000,111970c79836f310a1c9dac9d12efec6728a91c2dcdec5d45abc93eb83f42f02,35e9227570c996ccac4b63270c44f70172e04d094ba16a13f1f9d3ee41415bff,4,5766e8fdd7c39ad4218d87c72fc8011af538332539064d61768baefded5bb1cb,beam_alpha_beta,0.21852764215033788,1465189.0,1606883.0,balanced:beam_alpha_beta,34892.0,1,0.0,0.0,0.0,0.0,42032.0,0.39280766691081226,8.948717948717949,0.217179,110548.0,0.0,0.386286,0.0,0,8.522578043863177,0,ended_with_n,16.316052958136424,D10000_seed4_balanced_beam_alpha_beta_vs_beam_pvs,4000,300.0,1000,balanced,0,/Users/onumagakuto/Documents/最強しりとり/shiritori_ai/data/dictionaries/D10000_L2-12_seed4.runtime.json,beam_pvs,0.19975812284228128,1371483.0,1504170.0,balanced:beam_pvs,37677.0,1,0.0,0.0,0.0,0.0,36320.0,0.44852324994280934,8.948717948717949,0.21072,100295.0,35596.0,0.424564,741.0,0,7.79056679084897,88c90c090688c0b0fd5bef8f8aab01497b7e583a448eaed959d068c43777a586,tune,78,78,first
c4ad512b37cbf598c6a8063c964e5a371ba9d9fd,10000,13f83c2052bc052005e588fe7b9704a1eecbafee8dcd63e189b275acd3cb0946,74273ec92dd5b9b50e5d125bf7fc94fc234d4603966a511f8ecb7898b44b9b29,0,5766e8fdd7c39ad4218d87c72fc8011af538332539064d61768baefded5bb1cb,dynamic_beam_alpha_beta,0.4324958304099835,5264725.0,5935087.0,conservative:dynamic_beam_alpha_beta,133694.0,37,0.0,0.0,0.0,0.0,237332.0,1.000030874973163,7.396551724137931,0.388277,457969.0,0.0,0.962536,0.0,5,50.169516327558085,0,ended_with_n,84.98846420808695,D10000_seed0_conservative_dynamic_beam_alpha_beta_vs_beam_alpha_beta,0,300.0,1000,conservative,0,/Users/onumagakuto/Documents/最強しりとり/shiritori_ai/data/dictionaries/D10000_L2-12_seed0.runtime.json,beam_alpha_beta,0.30202784058840376,4426616.0,4907280.0,conservative:beam_alpha_beta,115729.0,7,0.0,0.0,0.0,0.0,137343.0,1.000029040966183,8.730434782608695,0.267128,370544.0,0.0,0.535798,0.0,2,34.733201667666435,88c90c090688c0b0fd5bef8f8aab01497b7e583a448eaed959d068c43777a586,tune,231,231,second
c4ad512b37cbf598c6a8063c964e5a371ba9d9fd,10000,13f83c2052bc052005e588fe7b9704a1eecbafee8dcd63e189b275acd3cb0946,74273ec92dd5b9b50e5d125bf7fc94fc234d4603966a511f8ecb7898b44b9b29,0,5766e8fdd7c39ad4218d87c72fc8011af538332539064d61768baefded5bb1cb,beam_alpha_beta,0.24186618704883817,1558890.0,1717318.0,conservative:beam_alpha_beta,39439.0,1,0.0,0.0,0.0,0.0,43509.0,0.4980022090021521,8.957446808510639,0.241242,119600.0,0.0,0.455451,0.0,0,11.367710791295394,0,ended_with_n,27.57161208288744,D10000_seed0_conservative_beam_alpha_beta_vs_dynamic_beam_alpha_beta,0,300.0,1000,conservative,0,/Users/onumagakuto/Documents/最強しりとり/shiritori_ai/data/dictionaries/D10000_L2-12_seed0.runtime.json,dynamic_beam_alpha_beta,0.3440393032258416,1532006.0,1740961.0,conservative:dynamic_beam_alpha_beta,38317.0,11,0.0,0.0,0.0,0.0,78865.0,1.000024083070457,7.446808510638298,0.359374,144867.0,0.0,0.646305,0.0,1,16.169847251614556,88c90c090688c0b0fd5bef8f8aab01497b7e583a448eaed959d068c43777a586,tune,94,94,first
c4ad512b37cbf598c6a8063c964e5a371ba9d9fd,10000,13f83c2052bc052005e588fe7b9704a1eecbafee8dcd63e189b275acd3cb0946,74273ec92dd5b9b50e5d125bf7fc94fc234d4603966a511f8ecb7898b44b9b29,0,5766e8fdd7c39ad4218d87c72fc8011af538332539064d61768baefded5bb1cb,dynamic_beam_pvs,0.2989651762181893,740956.0,836468.0,conservative:dynamic_beam_pvs,21072.0,7,0.0,0.0,0.0,0.0,32725.0,0.9083507501054555,7.909090909090909,0.268432,65091.0,32460.0,0.721391,283.0,0,6.577233876800165,0,ended_with_n,10.262104666791856,D10000_seed0_conservative_dynamic_beam_pvs_vs_beam_alpha_beta,0,300.0,1000,conservative,0,/Users/onumagakuto/Documents/最強しりとり/shiritori_ai/data/dictionaries/D10000_L2-12_seed0.runtime.json,beam_alpha_beta,0.17472715653656495,519611.0,580025.0,conservative:beam_alpha_beta,14367.0,1,0.0,0.0,0.0,0.0,17786.0,0.3159222088288516,8.904761904761905,0.214741,46857.0,0.0,0.300793,0.0,0,3.6692702872678638,88c90c090688c0b0fd5bef8f8aab01497b7e583a448eaed959d068c43777a586,tune,43,43,second
c4ad512b37cbf598c6a8063c964e5a371ba9d9fd,10000,13f83c2052bc052005e588fe7b9704a1eecbafee8dcd63e189b275acd3cb0946,74273ec92dd5b9b50e5d125bf7fc94fc234d4603966a511f8ecb7898b44b9b29,0,5766e8fdd7c39ad4218d87c72fc8011af538332539064d61768baefded5bb1cb,beam_alpha_beta,0.17249576545852635,857522.0,951729.0,conservative:beam_alpha_beta,22646.0,1,0.0,0.0,0.0,0.0,27314.0,0.2896488339174539,8.942857142857143,0.191447,72556.0,0.0,0.275549,0.0,0,6.0373517910484225,0,ended_with_n,18.484350875020027,D10000_seed0_conservative_beam_alpha_beta_vs_dynamic_beam_pvs,0,300.0,1000,conservative,0,/Users/onumagakuto/Documents/最強しりとり/shiritori_ai/data/dictionaries/D10000_L2-12_seed0.runtime.json,dynamic_beam_pvs,0.3653442304622492,1316140.0,1481342.0,conservative:dynamic_beam_pvs,36325.0,13,0.0,0.0,0.0,0.0,54930.0,1.0000365001615137,7.823529411764706,0.345904,110556.0,54454.0,1.000029,528.0,2,12.421703835716471,88c90c090688c0b0fd5bef8f8aab01497b7e583a448eaed959d068c43777a586,tune,69,69,second
c4ad512b37cbf598c6a8063c964e5a371ba9d9fd,10000,13f83c2052bc052005e588fe7b9704a1eecbafee8dcd63e189b275acd3cb0946,74273ec92dd5b9b50e5d125bf7fc94fc234d4603966a511f8ecb7898b44b9b29,0,5766e8fdd7c39ad4218d87c72fc8011af538332539064d61768baefded5bb1cb,endgame_exact_hybrid,0.2427605557096924,1544869.0,1720179.0,conservative:endgame_exact_hybrid,41954.0,3,0.0,0.0,0.0,0.0,53160.0,0.6781369168311357,8.72340425531915,0.271909,138022.0,0.0,0.44702,0.0,0,11.409746118355542,0,ended_with_n,23.608233249979094,D10000_seed0_conservative_endgame_exact_hybrid_vs_beam_alpha_beta,0,300.0,1000,conservative,0,/Users/onumagakuto/Documents/最強しりとり/shiritori_ai/data/dictionaries/D10000_L2-12_seed0.runtime.json,beam_alpha_beta,0.2644465190064891,1618417.0,1803920.0,conservative:beam_alpha_beta,44223.0,3,0.0,0.0,0.0,0.0,56436.0,0.986196625046432,8.891304347826088,0.281443,146228.0,0.0,0.406234,0.0,0,12.164539874298498,88c90c090688c0b0fd5bef8f8aab01497b7e583a448eaed959d068c43777a586,tune,93,93,second
c4ad512b37cbf598c6a8063c964e5a371ba9d9fd,10000,13f83c2052bc052005e588fe7b9704a1eecbafee8dcd63e189b275acd3cb0946,74273ec92dd5b9b50e5d125bf7fc94fc234d4603966a511f8ecb7898b44b9b29,0,5766e8fdd7c39ad4218d87c72fc8011af538332539064d61768baefded5bb1cb,beam_alpha_beta,0.24291216496358367,1544869.0,1720180.0,conservative:beam_alpha_beta,41954.0,3,0.0,0.0,0.0,0.0,53160.0,0.6666078749112785,8.914893617021276,0.265914,138021.0,0.0,0.448615,0.0,0,11.416871753288433,0,ended_with_n,23.5915420409292,D10000_seed0_conservative_beam_alpha_beta_vs_endgame_exact_hybrid,0,300.0,1000,conservative,0,/Users/onumagakuto/Documents/最強しりとり/shiritori_ai/data/dictionaries/D10000_L2-12_seed0.runtime.json,endgame_exact_hybrid,0.2639396621228155,1618378.0,1803877.0,conservative:endgame_exact_hybrid,44218.0,3,0.0,0.0,0.0,0.0,56433.0,1.0000282500404865,8.891304347826088,0.2807685,146223.0,0.0,0.411173,0.0,1,12.141224457649514,88c90c090688c0b0fd5bef8f8aab01497b7e583a448eaed959d068c43777a586,tune,93,93,second
c4ad512b37cbf598c6a8063c964e5a371ba9d9fd,10000,13f83c2052bc052005e588fe7b9704a1eecbafee8dcd63e189b275acd3cb0946,74273ec92dd5b9b50e5d125bf7fc94fc234d4603966a511f8ecb7898b44b9b29,0,5766e8fdd7c39ad4218d87c72fc8011af538332539064d61768baefded5bb1cb,proof_extension_beam_alpha_beta,0.3494493001012196,11170849.0,12849698.0,conservative:proof_extension_beam_alpha_beta,395732.0,33,0.0,0.0,0.0,0.0,296240.0,0.7690565830562264,8.560919540229886,0.378659,1171724.0,0.0,0.557219,0.0,0,152.01044554403052,0,ended_with_n,231.5860806661658,D10000_seed0_conservative_proof_extension_beam_alpha_beta_vs_beam_alpha_beta,0,300.0,1000,conservative,0,/Users/onumagakuto/Documents/最強しりとり/shiritori_ai/data/dictionaries/D10000_L2-12_seed0.runtime.json,beam_alpha_beta,0.1819563408730145,13806987.0,15835407.0,conservative:beam_alpha_beta,472218.0,15,0.0,0.0,0.0,0.0,383234.0,0.9248748749960214,8.960919540229884,0.181616,1442168.0,0.0,0.353176,0.0,0,79.1510082797613,88c90c090688c0b0fd5bef8f8aab01497b7e583a448eaed959d068c43777a586,tune,870,870,first
c4ad512b37cbf598c6a8063c964e5a371ba9d9fd,10000,13f83c2052bc052005e588fe7b9704a1eecbafee8dcd63e189b275acd3cb0946,74273ec92dd5b9b50e5d125bf7fc94fc234d4603966a511f8ecb7898b44b9b29,0,5766e8fdd7c39ad4218d87c72fc8011af538332539064d61768baefded5bb1cb,beam_alpha_beta,0.17896848444797797,885772.0,995232.0,conservative:beam_alpha_beta,26831.0,1,0.0,0.0,0.0,0.0,32818.0,0.35814058291725814,8.9375,0.168212,85739.0,0.0,0.335472,0.0,0,5.726991502335295,0,ended_with_n,16.623351000016555,D10000_seed0_conservative_beam_alpha_beta_vs_proof_extension_beam_alpha_beta,0,300.0,1000,conservative,0,/Users/onumagakuto/Documents/最強しりとり/shiritori_ai/data/dictionaries/D10000_L2-12_seed0.runtime.json,proof_extension_beam_alpha_beta,0.35074871629025905,630169.0,709056.0,conservative:proof_extension_beam_alpha_beta,20855.0,7,0.0,0.0,0.0,0.0,21990.0,0.7168037919327617,8.32258064516129,0.362216,59402.0,0.0,0.644271,0.0,0,10.873210204998031,88c90c090688c0b0fd5bef8f8aab01497b7e583a448eaed959d068c43777a586,tune,63,63,second
c4ad512b37cbf598c6a8063c964e5a371ba9d9fd,10000,13f83c2052bc052005e588fe7b9704a1eecbafee8dcd63e189b275acd3cb0946,74273ec92dd5b9b50e5d125bf7fc94fc234d4603966a511f8ecb7898b44b9b29,0,5766e8fdd7c39ad4218d87c72fc8011af538332539064d61768baefded5bb1cb,research_adaptive_beam,0.40675397167703314,1293728.0,1469712.0,conservative:research_adaptive_beam,37815.0,11,0.0,0.0,0.0,0.0,59597.0,1.0000252081081271,7.451612903225806,0.376058,119832.0,45248.0,0.950915,657.0,1,12.609373121988028,0,ended_with_n,18.320030707865953,D10000_seed0_conservative_research_adaptive_beam_vs_beam_alpha_beta,0,300.0,1000,conservative,0,/Users/onumagakuto/Documents/最強しりとり/shiritori_ai/data/dictionaries/D10000_L2-12_seed0.runtime.json,beam_alpha_beta,0.19015830129695435,780607.0,871036.0,conservative:beam_alpha_beta,21447.0,1,0.0,0.0,0.0,0.0,27426.0,0.32693287497386336,8.933333333333334,0.2235175,70936.0,0.0,0.311112,0.0,0,5.704749038908631,88c90c090688c0b0fd5bef8f8aab01497b7e583a448eaed959d068c43777a586,tune,61,61,second
c4ad512b37cbf598c6a8063c964e5a371ba9d9fd,10000,13f83c2052bc052005e588fe7b9704a1eecbafee8dcd63e189b275acd3cb0946,74273ec92dd5b9b50e5d125bf7fc94fc234d4603966a511f8ecb7898b44b9b29,0,5766e8fdd7c39ad4218d87c72fc8011af538332539064d61768baefded5bb1cb,beam_alpha_beta,0.17797813774889398,774918.0,856160.0,conservative:beam_alpha_beta,19599.0,1,0.0,0.0,0.0,0.0,21898.0,0.39714595791883767,8.931034482758621,0.160561,60889.0,0.0,0.37102,0.0,0,5.161365994717926,0,ended_with_n,15.504830917110667,D10000_seed0_conservative_beam_alpha_beta_vs_research_adaptive_beam,0,300.0,1000,conservative,0,/Users/onumagakuto/Documents/最強しりとり/shiritori_ai/data/dictionaries/D10000_L2-12_seed0.runtime.json,research_adaptive_beam,0.35643259617339434,1101191.0,1239767.0,conservative:research_adaptive_beam,30572.0,11,0.0,0.0,0.0,0.0,44893.0,1.0000229589641094,7.586206896551724,0.272788,94149.0,25895.0,0.990488,406.0,1,10.336545289028436,88c90c090688c0b0fd5bef8f8aab01497b7e583a448eaed959d068c43777a586,tune,58,58,first
c4ad512b37cbf598c6a8063c964e5a371ba9d9fd,10000,13f83c2052bc052005e588fe7b9704a1eecbafee8dcd63e189b275acd3cb0946,74273ec92dd5b9b50e5d125bf7fc94fc234d4603966a511f8ecb7898b44b9b29,0,5766e8fdd7c39ad4218d87c72fc8011af538332539064d61768baefded5bb1cb,dynamic_proof_extension_beam_alpha_beta,0.4220304180255524,2377324.0,2704084.0,conservative:dynamic_proof_extension_beam_alpha_beta,63738.0,21,0.0,0.0,0.0,0.0,98847.0,0.999909499892965,6.880434782608695,0.41937599999999997,210888.0,0.0,0.788331,0.0,2,38.82679845835082,0,ended_with_n,64.00160637497902,D10000_seed0_conservative_dynamic_proof_extension_beam_alpha_beta_vs_beam_alpha_beta,0,300.0,1000,conservative,0,/Users/onumagakuto/Documents/最強しりとり/shiritori_ai/data/dictionaries/D10000_L2-12_seed0.runtime.json,beam_alpha_beta,0.27593492313062995,3738480.0,4150743.0,conservative:beam_alpha_beta,103410.0,15,0.0,0.0,0.0,0.0,108801.0,0.916177999926731,8.725274725274724,0.243768,312303.0,0.0,0.647892,0.0,0,25.110078004887328,88c90c090688c0b0fd5bef8f8aab01497b7e583a448eaed959d068c43777a586,tune,183,183,second
c4ad512b37cbf598c6a8063c964e5a371ba9d9fd,10000,13f83c2052bc052005e588fe7b9704a1eecbafee8dcd63e189b275acd3cb0946,74273ec92dd5b9b50e5d125bf7fc94fc234d4603966a511f8ecb7898b44b9b29,0,5766e8fdd7c39ad4218d87c72fc8011af538332539064d61768baefded5bb1cb,beam_alpha_beta,0.18593298273885417,1015232.0,1139698.0,conservative:beam_alpha_beta,30509.0,1,0.0,0.0,0.0,0.0,37285.0,0.33073341683484614,8.944444444444445,0.221481,97472.0,0.0,0.328985,0.0,0,6.69358737859875,0,ended_with_n,21.138100124895573,D10000_seed0_conservative_beam_alpha_beta_vs_dynamic_proof_extension_beam_alpha_beta,0,300.0,1000,conservative,0,/Users/onumagakuto/Documents/最強しりとり/shiritori_ai/data/dictionaries/D10000_L2-12_seed0.runtime.json,dynamic_proof_extension_beam_alpha_beta,0.41197354750308607,692215.0,792265.0,conservative:dynamic_proof_extension_beam_alpha_beta,22013.0,13,0.0,0.0,0.0,0.0,33582.0,0.9996839158702642,7.285714285714286,0.387587,70856.0,0.0,0.999651,0.0,4,14.419074162608013,88c90c090688c0b0fd5bef8f8aab01497b7e583a448eaed959d068c43777a586,tune,71,71,second
c4ad512b37cbf598c6a8063c964e5a371ba9d9fd,10000,13f83c2052bc052005e588fe7b9704a1eecbafee8dcd63e189b275acd3cb0946,74273ec92dd5b9b50e5d125bf7fc94fc234d4603966a511f8ecb7898b44b9b29,0,5766e8fdd7c39ad4218d87c72fc8011af538332539064d61768baefded5bb1cb,dynamic_beam_alpha_beta,0.19488472348964977,1061917.0,1187372.0,balanced:dynamic_beam_alpha_beta,27335.0,3,0.0,0.0,0.0,0.0,40414.0,0.5980387078598142,8.902439024390244,0.134354,93476.0,0.0,0.479076,0.0,0,7.990273663075641,0,ended_with_n,15.32485745800659,D10000_seed0_balanced_dynamic_beam_alpha_beta_vs_beam_alpha_beta,0,300.0,1000,balanced,0,/Users/onumagakuto/Documents/最強しりとり/shiritori_ai/data/dictionaries/D10000_L2-12_seed0.runtime.json,beam_alpha_beta,0.18262892615166493,1087509.0,1207195.0,balanced:beam_alpha_beta,28604.0,1,0.0,0.0,0.0,0.0,33716.0,0.43744983384385705,8.95,0.18487150000000002,91295.0,0.0,0.323265,0.0,0,7.305157046066597,88c90c090688c0b0fd5bef8f8aab01497b7e583a448eaed959d068c43777a586,tune,81,81,second
c4ad512b37cbf598c6a8063c964e5a371ba9d9fd,10000,13f83c2052bc052005e588fe7b9704a1eecbafee8dcd63e189b275acd3cb0946,74273ec92dd5b9b50e5d125bf7fc94fc234d4603966a511f8ecb7898b44b9b29,0,5766e8fdd7c39ad4218d87c72fc8011af538332539064d61768baefded5bb1cb,beam_alpha_beta,0.1916093258324134,930892.0,1028479.0,balanced:beam_alpha_beta,23841.0,1,0.0,0.0,0.0,0.0,26882.0,0.4944104999303818,8.941176470588236,0.1991035,73588.0,0.0,0.285183,0.0,0,6.514717078302056,0,ended_with_n,16.74574925005436,D10000_seed0_balanced_beam_alpha_beta_vs_dynamic_beam_alpha_beta,0,300.0,1000,balanced,0,/Users/onumagakuto/Documents/最強しりとり/shiritori_ai/data/dictionaries/D10000_L2-12_seed0.runtime.json,dynamic_beam_alpha_beta,0.3001908296787673,1149459.0,1282757.0,balanced:dynamic_beam_alpha_beta,27907.0,9,0.0,0.0,0.0,0.0,46740.0,0.8405676251277328,8.529411764705882,0.2960835,98128.0,0.0,0.716888,0.0,0,10.206488209078088,88c90c090688c0b0fd5bef8f8aab01497b7e583a448eaed959d068c43777a586,tune,68,68,first
c4ad512b37cbf598c6a8063c964e5a371ba9d9fd,10000,13f83c2052bc052005e588fe7b9704a1eecbafee8dcd63e189b275acd3cb0946,74273ec92dd5b9b50e5d125bf7fc94fc234d4603966a511f8ecb7898b44b9b29,0,5766e8fdd7c39ad4218d87c72fc8011af538332539064d61768baefded5bb1cb,dynamic_beam_pvs,0.20019841533212457,939017.0,1043654.0,balanced:dynamic_beam_pvs,26937.0,5,0.0,0.0,0.0,0.0,28913.0,0.7503702500835061,8.71875,0.138282,74332.0,28420.0,0.585025,635.0,0,6.406349290627986,0,ended_with_n,12.042689667083323,D10000_seed0_balanced_dynamic_beam_pvs_vs_beam_alpha_beta,0,300.0,1000,balanced,0,/Users/onumagakuto/Documents/最強しりとり/shiritori_ai/data/dictionaries/D10000_L2-12_seed0.runtime.json,beam_alpha_beta,0.18106080101232133,853596.0,947457.0,balanced:beam_alpha_beta,22289.0,1,0.0,0.0,0.0,0.0,26574.0,0.4454166248906404,8.935483870967742,0.17381,71809.0,0.0,0.36004,0.0,0,5.612884831381962,88c90c090688c0b0fd5bef8f8aab01497b7e583a448eaed959d068c43777a586,tune,63,63,second
c4ad512b37cbf598c6a8063c964e5a371ba9d9fd,10000,13f83c2052bc052005e588fe7b9704a1eecbafee8dcd63e189b275acd3cb0946,74273ec92dd5b9b50e5d125bf7fc94fc234d4603966a511f8ecb7898b44b9b29,0,5766e8fdd7c39ad4218d87c72fc8011af538332539064d61768baefded5bb1cb,beam_alpha_beta,0.15020255685473483,748405.0,828150.0,balanced:beam_alpha_beta,18975.0,1,0.0,0.0,0.0,0.0,20111.0,0.3680944158695638,8.933333333333334,0.14079799999999998,59048.0,0.0,0.299272,0.0,0,4.5060767056420445,0,ended_with_n,9.419900792185217,D10000_seed0_balanced_beam_alpha_beta_vs_dynamic_beam_pvs,0,300.0,1000,balanced,0,/Users/onumagakuto/Documents/最強しりとり/shiritori_ai/data/dictionaries/D10000_L2-12_seed0.runtime.json,dynamic_beam_pvs,0.1630698207843428,726865.0,806988.0,balanced:dynamic_beam_pvs,20877.0,3,0.0,0.0,0.0,0.0,20035.0,0.615383957978338,8.833333333333334,0.0902425,54926.0,21074.0,0.535108,387.0,0,4.892094623530284,88c90c090688c0b0fd5bef8f8aab01497b7e583a448eaed959d068c43777a586,tune,60,60,first
c4ad512b37cbf598c6a8063c964e5a371ba9d9fd,10000,13f83c2052bc052005e588fe7b9704a1eecbafee8dcd63e189b275acd3cb0946,74273ec92dd5b9b50e5d125bf7fc94fc234d4603966a511f8ecb7898b44b9b29,0,5766e8fdd7c39ad4218d87c72fc8011af538332539064d61768baefded5bb1cb,endgame_exact_hybrid,0.23736257887286868,1544869.0,1720179.0,balanced:endgame_exact_hybrid,41954.0,3,0.0,0.0,0.0,0.0,53160.0,0.6692391668912023,8.72340425531915,0.258529,138022.0,0.0,0.438846,0.0,0,11.156041207024828,0,ended_with_n,23.049766042036936,D10000_seed0_balanced_endgame_exact_hybrid_vs_beam_alpha_beta,0,300.0,1000,balanced,0,/Users/onumagakuto/Documents/最強しりとり/shiritori_ai/data/dictionaries/D10000_L2-12_seed0.runtime.json,beam_alpha_beta,0.2578335533971372,1618417.0,1803920.0,balanced:beam_alpha_beta,44223.0,3,0.0,0.0,0.0,0.0,56436.0,0.9745023329742253,8.891304347826088,0.272123,146228.0,0.0,0.39718,0.0,0,11.86034345626831,88c90c090688c0b0fd5bef8f8aab01497b7e583a448eaed959d068c43777a586,tune,93,93,second
c4ad512b37cbf598c6a8063c964e5a371ba9d9fd,10000,13f83c2052bc052005e588fe7b9704a1eecbafee8dcd63e189b275acd3cb0946,74273ec92dd5b9b50e5d125bf7fc94fc234d4603966a511f8ecb7898b44b9b29,0,5766e8fdd7c39ad4218d87c72fc8011af538332539064d61768baefded5bb1cb,beam_alpha_beta,0.23784287676631294,1544869.0,1720180.0,balanced:beam_alpha_beta,41954.0,3,0.0,0.0,0.0,0.0,53160.0,0.6580443331040442,8.914893617021276,0.26316,138021.0,0.0,0.436575,0.0,0,11.178615208016708,0,ended_with_n,23.085231832927093,D10000_seed0_balanced_beam_alpha_beta_vs_endgame_exact_hybrid,0,300.0,1000,balanced,0,/Users/onumagakuto/Documents/最強しりとり/shiritori_ai/data/dictionaries/D10000_L2-12_seed0.runtime.json,endgame_exact_hybrid,0.2581244267158858,1618417.0,1803920.0,balanced:endgame_exact_hybrid,44223.0,3,0.0,0.0,0.0,0.0,56436.0,0.9633198340889066,8.891304347826088,0.274902,146228.0,0.0,0.403978,0.0,0,11.873723628930748,88c90c090688c0b0fd5bef8f8aab01497b7e583a448eaed959d068c43777a586,tune,93,93,second
c4ad512b37cbf598c6a8063c964e5a371ba9d9fd,10000,13f83c2052bc052005e588fe7b9704a1eecbafee8dcd63e189b275acd3cb0946,74273ec92dd5b9b50e5d125bf7fc94fc234d4603966a511f8ecb7898b44b9b29,0,5766e8fdd7c39ad4218d87c72fc8011af538332539064d61768baefded5bb1cb,proof_extension_beam_alpha_beta,0.31069519070442764,1814550.0,2031714.0,balanced:proof_extension_beam_alpha_beta,51516.0,17,0.0,0.0,0.0,0.0,64368.0,0.7556817920412868,7.477777777777778,0.396938,167012.0,0.0,0.60572,0.0,0,27.96256716339849,0,ended_with_n,55.09761033416726,D10000_seed0_balanced_proof_extension_beam_alpha_beta_vs_beam_alpha_beta,0,300.0,1000,balanced,0,/Users/onumagakuto/Documents/最強しりとり/shiritori_ai/data/dictionaries/D10000_L2-12_seed0.runtime.json,beam_alpha_beta,0.3041796990502835,3592017.0,3996840.0,balanced:beam_alpha_beta,103100.0,23,0.0,0.0,0.0,0.0,115842.0,1.000027332920581,8.303370786516854,0.294105,312242.0,0.0,0.652435,0.0,1,27.07199321547523,88c90c090688c0b0fd5bef8f8aab01497b7e583a448eaed959d068c43777a586,tune,179,179,second
c4ad512b37cbf598c6a8063c964e5a371ba9d9fd,10000,13f83c2052bc052005e588fe7b9704a1eecbafee8dcd63e189b275acd3cb0946,74273ec92dd5b9b50e5d125bf7fc94fc234d4603966a511f8ecb7898b44b9b29,0,5766e8fdd7c39ad4218d87c72fc8011af538332539064d61768baefded5bb1cb,beam_alpha_beta,0.23609844767707305,4572803.0,5094822.0,balanced:beam_alpha_beta,126599.0,3,0.0,0.0,0.0,0.0,153484.0,0.5740247080102563,8.973154362416107,0.230301,404580.0,0.0,0.403925,0.0,0,35.178668703883886,0,ended_with_n,81.78097891691141,D10000_seed0_balanced_beam_alpha_beta_vs_proof_extension_beam_alpha_beta,0,300.0,1000,balanced,0,/Users/onumagakuto/Documents/最強しりとり/shiritori_ai/data/dictionaries/D10000_L2-12_seed0.runtime.json,proof_extension_beam_alpha_beta,0.3120536597011198,2680176.0,2997438.0,balanced:proof_extension_beam_alpha_beta,82304.0,17,0.0,0.0,0.0,0.0,90230.0,0.8121346661355346,8.583892617449665,0.297715,240777.0,0.0,0.576751,0.0,0,46.495995295466855,88c90c090688c0b0fd5bef8f8aab01497b7e583a448eaed959d068c43777a586,tune,298,298,first
c4ad512b37cbf598c6a8063c964e5a371ba9d9fd,10000,13f83c2052bc052005e588fe7b9704a1eecbafee8dcd63e189b275acd3cb0946,74273ec92dd5b9b50e5d125bf7fc94fc234d4603966a511f8ecb7898b44b9b29,0,5766e8fdd7c39ad4218d87c72fc8011af538332539064d61768baefded5bb1cb,research_adaptive_beam,0.3339404745493084,1547682.0,1730423.0,balanced:research_adaptive_beam,45394.0,11,0.0,0.0,0.0,0.0,55289.0,0.7857438751962036,7.972222222222222,0.315406,130645.0,44670.0,0.681748,1076.0,0,12.021857083775103,0,ended_with_n,19.594947958132252,D10000_seed0_balanced_research_adaptive_beam_vs_beam_alpha_beta,0,300.0,1000,balanced,0,/Users/onumagakuto/Documents/最強しりとり/shiritori_ai/data/dictionaries/D10000_L2-12_seed0.runtime.json,beam_alpha_beta,0.2162568559870124,1051976.0,1169266.0,balanced:beam_alpha_beta,27980.0,1,0.0,0.0,0.0,0.0,34936.0,0.4593120841309428,8.942857142857143,0.229775,91419.0,0.0,0.407419,0.0,0,7.5689899595454335,88c90c090688c0b0fd5bef8f8aab01497b7e583a448eaed959d068c43777a586,tune,71,71,second
c4ad512b37cbf598c6a8063c964e5a371ba9d9fd,10000,13f83c2052bc052005e588fe7b9704a1eecbafee8dcd63e189b275acd3cb0946,74273ec92dd5b9b50e5d125bf7fc94fc234d4603966a511f8ecb7898b44b9b29,0,5766e8fdd7c39ad4218d87c72fc8011af538332539064d61768baefded5bb1cb,beam_alpha_beta,0.19613643010116874,848067.0,938381.0,balanced:beam_alpha_beta,21982.0,1,0.0,0.0,0.0,0.0,24923.0,0.36338133295066655,8.935483870967742,0.202111,68181.0,0.0,0.339986,0.0,0,6.080229333136231,0,ended_with_n,17.070421249838546,D10000_seed0_balanced_beam_alpha_beta_vs_research_adaptive_beam,0,300.0,1000,balanced,0,/Users/onumagakuto/Documents/最強しりとり/shiritori_ai/data/dictionaries/D10000_L2-12_seed0.runtime.json,research_adaptive_beam,0.35440322037996547,1228827.0,1375617.0,balanced:research_adaptive_beam,35517.0,11,0.0,0.0,0.0,0.0,45089.0,1.0000178748741746,7.935483870967742,0.320352,103468.0,36221.0,0.976126,730.0,1,10.986499831778929,88c90c090688c0b0fd5bef8f8aab01497b7e583a448eaed959d068c43777a586,tune,62,62,first
c4ad512b37cbf598c6a8063c964e5a371ba9d9fd,10000,13f83c2052bc052005e588fe7b9704a1eecbafee8dcd63e189b275acd3cb0946,74273ec92dd5b9b50e5d125bf7fc94fc234d4603966a511f8ecb7898b44b9b29,0,5766e8fdd7c39ad4218d87c72fc8011af538332539064d61768baefded5bb1cb,dynamic_proof_extension_beam_alpha_beta,0.39186199402447747,3852188.0,4398280.0,balanced:dynamic_proof_extension_beam_alpha_beta,121633.0,87,0.0,0.0,0.0,0.0,193980.0,0.9998731669038534,6.083665338645418,0.375772,423616.0,0.0,0.743035,0.0,1,98.35736050014384,0,ended_with_n,202.59301037504338,D10000_seed0_balanced_dynamic_proof_extension_beam_alpha_beta_vs_beam_alpha_beta,0,300.0,1000,balanced,0,/Users/onumagakuto/Documents/最強しりとり/shiritori_ai/data/dictionaries/D10000_L2-12_seed0.runtime.json,beam_alpha_beta,0.4145787567859404,10961197.0,12293185.0,balanced:beam_alpha_beta,325838.0,31,0.0,0.0,0.0,0.0,425879.0,1.000030207913369,7.629482071713148,0.403828,1068147.0,0.0,0.603923,0.0,5,104.05926795327105,88c90c090688c0b0fd5bef8f8aab01497b7e583a448eaed959d068c43777a586,tune,502,502,first
c4ad512b37cbf598c6a8063c964e5a371ba9d9fd,10000,13f83c2052bc052005e588fe7b9704a1eecbafee8dcd63e189b275acd3cb0946,74273ec92dd5b9b50e5d125bf7fc94fc234d4603966a511f8ecb7898b44b9b29,0,5766e8fdd7c39ad4218d87c72fc8011af538332539064d61768baefded5bb1cb,beam_alpha_beta,0.19297819893679344,3315919.0,3691622.0,balanced:beam_alpha_beta,89283.0,3,0.0,0.0,0.0,0.0,89256.0,0.6070233748760074,8.96078431372549,0.16151300000000002,277016.0,0.0,0.481531,0.0,0,19.68377629155293,0,ended_with_n,46.68121120799333,D10000_seed0_balanced_beam_alpha_beta_vs_dynamic_proof_extension_beam_alpha_beta,0,300.0,1000,balanced,0,/Users/onumagakuto/Documents/最強しりとり/shiritori_ai/data/dictionaries/D10000_L2-12_seed0.runtime.json,dynamic_proof_extension_beam_alpha_beta,0.2639843260038498,2570587.0,2877427.0,balanced:dynamic_proof_extension_beam_alpha_beta,70141.0,13,0.0,0.0,0.0,0.0,64940.0,0.789464334025979,8.46078431372549,0.242338,203309.0,0.0,0.572033,0.0,0,26.92640125239268,88c90c090688c0b0fd5bef8f8aab01497b7e583a448eaed959d068c43777a586,tune,204,204,first
c4ad512b37cbf598c6a8063c964e5a371ba9d9fd,10000,f7feddf87127e40bde1a535f59cac947714438dc1e954782a6d8ce39feaff155,00ebc1cac9dd741110af9ac9d2df615d6c05ca991919c4f06c178a9ef7a4ac28,1,5766e8fdd7c39ad4218d87c72fc8011af538332539064d61768baefded5bb1cb,dynamic_beam_alpha_beta,0.39936238398261925,6183831.0,6990666.0,conservative:dynamic_beam_alpha_beta,175504.0,27,0.0,0.0,0.0,0.0,295779.0,1.0000346249435097,7.906542056074766,0.396832,578267.0,0.0,0.961523,0.0,4,42.73177508614026,0,ended_with_n,71.15588383283466,D10000_seed1_conservative_dynamic_beam_alpha_beta_vs_beam_alpha_beta,1000,300.0,1000,conservative,0,/Users/onumagakuto/Documents/最強しりとり/shiritori_ai/data/dictionaries/D10000_L2-12_seed1.runtime.json,beam_alpha_beta,0.2649062963977247,5362477.0,6020078.0,conservative:beam_alpha_beta,168032.0,1,0.0,0.0,0.0,0.0,185685.0,0.5248189580161124,8.981308411214954,0.31143,506236.0,0.0,0.461065,0.0,0,28.344973714556545,88c90c090688c0b0fd5bef8f8aab01497b7e583a448eaed959d068c43777a586,tune,214,214,first
c4ad512b37cbf598c6a8063c964e5a371ba9d9fd,10000,f7feddf87127e40bde1a535f59cac947714438dc1e954782a6d8ce39feaff155,00ebc1cac9dd741110af9ac9d2df615d6c05ca991919c4f06c178a9ef7a4ac28,1,5766e8fdd7c39ad4218d87c72fc8011af538332539064d61768baefded5bb1cb,beam_alpha_beta,0.16843431835766626,4319885.0,4840642.0,conservative:beam_alpha_beta,124747.0,1,0.0,0.0,0.0,0.0,149397.0,0.3789056669920683,8.98473282442748,0.153457,403434.0,0.0,0.325945,0.0,0,22.06489570485428,0,ended_with_n,50.30287987506017,D10000_seed1_conservative_beam_alpha_beta_vs_dynamic_beam_alpha_beta,1000,300.0,1000,conservative,0,/Users/onumagakuto/Documents/最強しりとり/shiritori_ai/data/dictionaries/D10000_L2-12_seed1.runtime.json,dynamic_beam_alpha_beta,0.2148342780441842,5176877.0,5796486.0,conservative:dynamic_beam_alpha_beta,143332.0,9,0.0,0.0,0.0,0.0,192467.0,0.9241870411206037,8.694656488549619,0.158413,455136.0,0.0,0.468787,0.0,0,28.14329042378813,88c90c090688c0b0fd5bef8f8aab01497b7e583a448eaed959d068c43777a586,tune,262,262,first
c4ad512b37cbf598c6a8063c964e5a371ba9d9fd,10000,f7feddf87127e40bde1a535f59cac947714438dc1e954782a6d8ce39feaff155,00ebc1cac9dd741110af9ac9d2df615d6c05ca991919c4f06c178a9ef7a4ac28,1,5766e8fdd7c39ad4218d87c72fc8011af538332539064d61768baefded5bb1cb,dynamic_beam_pvs,0.2420560444482941,1853313.0,2074488.0,conservative:dynamic_beam_pvs,54577.0,11,0.0,0.0,0.0,0.0,65134.0,0.8181679169647396,8.590909090909092,0.17181400000000002,148901.0,65965.0,0.67966,765.0,0,10.65046595572494,0,ended_with_n,18.549309791065753,D10000_seed1_conservative_dynamic_beam_pvs_vs_beam_alpha_beta,1000,300.0,1000,conservative,0,/Users/onumagakuto/Documents/最強しりとり/shiritori_ai/data/dictionaries/D10000_L2-12_seed1.runtime.json,beam_alpha_beta,0.18294882560473716,1506955.0,1677643.0,conservative:beam_alpha_beta,41865.0,3,0.0,0.0,0.0,0.0,48428.0,0.5771498340182006,8.906976744186046,0.129796,131405.0,0.0,0.445815,0.0,0,7.8667995010036975,88c90c090688c0b0fd5bef8f8aab01497b7e583a448eaed959d068c43777a586,tune,87,87,second
c4ad512b37cbf598c6a8063c964e5a371ba9d9fd,10000,f7feddf87127e40bde1a535f59cac947714438dc1e954782a6d8ce39feaff155,00ebc1cac9dd741110af9ac9d2df615d6c05ca991919c4f06c178a9ef7a4ac28,1,5766e8fdd7c39ad4218d87c72fc8011af538332539064d61768baefded5bb1cb,beam_alpha_beta,0.13455540924098905,4745585.0,5339441.0,conservative:beam_alpha_beta,142372.0,1,0.0,0.0,0.0,0.0,158097.0,0.38757441588677466,8.988826815642458,0.120713,447240.0,0.0,0.315416,0.0,0,24.08541825413704,0,ended_with_n,57.95464508305304,D10000_seed1_conservative_beam_alpha_beta_vs_dynamic_beam_pvs,1000,300.0,1000,conservative,0,/Users/onumagakuto/Documents/最強しりとり/shiritori_ai/data/dictionaries/D10000_L2-12_seed1.runtime.json,dynamic_beam_pvs,0.18850595834560943,6373735.0,7191755.0,conservative:dynamic_beam_pvs,207707.0,13,0.0,0.0,0.0,0.0,214697.0,1.000024874927476,8.776536312849162,0.150578,567007.0,230619.0,0.443487,4585.0,1,33.742566543864086,88c90c090688c0b0fd5bef8f8aab01497b7e583a448eaed959d068c43777a586,tune,358,358,first
c4ad512b37cbf598c6a8063c964e5a371ba9d9fd,10000,f7feddf87127e40bde1a535f59cac947714438dc1e954782a6d8ce39feaff155,00ebc1cac9dd741110af9ac9d2df615d6c05ca991919c4f06c178a9ef7a4ac28,1,5766e8fdd7c39ad4218d87c72fc8011af538332539064d61768baefded5bb1cb,endgame_exact_hybrid,0.13986376064985515,5693823.0,6379693.0,conservative:endgame_exact_hybrid,170145.0,1,0.0,0.0,0.0,0.0,171713.0,0.42078074999153614,8.945812807881774,0.129227,504800.0,0.0,0.282882,0.0,0,28.392343411920592,0,ended_with_n,57.89395295805298,D10000_seed1_conservative_endgame_exact_hybrid_vs_beam_alpha_beta,1000,300.0,1000,conservative,0,/Users/onumagakuto/Documents/最強しりとり/shiritori_ai/data/dictionaries/D10000_L2-12_seed1.runtime.json,beam_alpha_beta,0.14534911821310473,5807836.0,6509054.0,conservative:beam_alpha_beta,170767.0,1,0.0,0.0,0.0,0.0,179354.0,0.4145439169369638,8.990099009900991,0.1303105,519297.0,0.0,0.310021,0.0,0,29.360521879047155,88c90c090688c0b0fd5bef8f8aab01497b7e583a448eaed959d068c43777a586,tune,405,405,second
c4ad512b37cbf598c6a8063c964e5a371ba9d9fd,10000,f7feddf87127e40bde1a535f59cac947714438dc1e954782a6d8ce39feaff155,00ebc1cac9dd741110af9ac9d2df615d6c05ca991919c4f06c178a9ef7a4ac28,1,5766e8fdd7c39ad4218d87c72fc8011af538332539064d61768baefded5bb1cb,beam_alpha_beta,0.1398827594526002,5693823.0,6379694.0,conservative:beam_alpha_beta,170145.0,1,0.0,0.0,0.0,0.0,171713.0,0.41887000016868114,8.990147783251231,0.129315,504799.0,0.0,0.286386,0.0,0,28.39620016887784,0,ended_with_n,57.93172020907514,D10000_seed1_conservative_beam_alpha_beta_vs_endgame_exact_hybrid,1000,300.0,1000,conservative,0,/Users/onumagakuto/Documents/最強しりとり/shiritori_ai/data/dictionaries/D10000_L2-12_seed1.runtime.json,endgame_exact_hybrid,0.14553215651597717,5807836.0,6509054.0,conservative:endgame_exact_hybrid,170767.0,1,0.0,0.0,0.0,0.0,179354.0,0.41722270799800754,8.990099009900991,0.130131,519297.0,0.0,0.307684,0.0,0,29.39749561622739,88c90c090688c0b0fd5bef8f8aab01497b7e583a448eaed959d068c43777a586,tune,405,405,second
c4ad512b37cbf598c6a8063c964e5a371ba9d9fd,10000,f7feddf87127e40bde1a535f59cac947714438dc1e954782a6d8ce39feaff155,00ebc1cac9dd741110af9ac9d2df615d6c05ca991919c4f06c178a9ef7a4ac28,1,5766e8fdd7c39ad4218d87c72fc8011af538332539064d61768baefded5bb1cb,proof_extension_beam_alpha_beta,0.2790787632971921,3659197.0,4074570.0,conservative:proof_extension_beam_alpha_beta,100765.0,11,0.0,0.0,0.0,0.0,102776.0,0.7675904589705169,8.55072463768116,0.263919,305412.0,0.0,0.545895,0.0,0,38.51286933501251,0,ended_with_n,61.98344054212794,D10000_seed1_conservative_proof_extension_beam_alpha_beta_vs_beam_alpha_beta,1000,300.0,1000,conservative,0,/Users/onumagakuto/Documents/最強しりとり/shiritori_ai/data/dictionaries/D10000_L2-12_seed1.runtime.json,beam_alpha_beta,0.16937110446514966,4752972.0,5292369.0,conservative:beam_alpha_beta,131708.0,1,0.0,0.0,0.0,0.0,141766.0,0.506079874932766,8.985507246376812,0.1385905,406906.0,0.0,0.374622,0.0,0,23.373212416190654,88c90c090688c0b0fd5bef8f8aab01497b7e583a448eaed959d068c43777a586,tune,276,276,first
c4ad512b37cbf598c6a8063c964e5a371ba9d9fd,10000,f7feddf87127e40bde1a535f59cac947714438dc1e954782a6d8ce39feaff155,00ebc1cac9dd741110af9ac9d2df615d6c05ca991919c4f06c178a9ef7a4ac28,1,5766e8fdd7c39ad4218d87c72fc8011af538332539064d61768baefded5bb1cb,beam_alpha_beta,0.1204430013719786,2372590.0,2668113.0,conservative:beam_alpha_beta,72887.0,3,0.0,0.0,0.0,0.0,63710.0,0.6183075420558453,8.956989247311828,0.083063,212128.0,0.0,0.377239,0.0,0,11.201199127594009,0,ended_with_n,29.94989183288999,D10000_seed1_conservative_beam_alpha_beta_vs_proof_extension_beam_alpha_beta,1000,300.0,1000,conservative,0,/Users/onumagakuto/Documents/最強しりとり/shiritori_ai/data/dictionaries/D10000_L2-12_seed1.runtime.json,proof_extension_beam_alpha_beta,0.20090123750419625,1773626.0,1999512.0,conservative:proof_extension_beam_alpha_beta,55400.0,1,0.0,0.0,0.0,0.0,43384.0,0.5149510418996215,8.774193548387096,0.168988,156852.0,0.0,0.474743,0.0,0,18.683815087890252,88c90c090688c0b0fd5bef8f8aab01497b7e583a448eaed959d068c43777a586,tune,186,186,first
c4ad512b37cbf598c6a8063c964e5a371ba9d9fd,10000,f7feddf87127e40bde1a535f59cac947714438dc1e954782a6d8ce39feaff155,00ebc1cac9dd741110af9ac9d2df615d6c05ca991919c4f06c178a9ef7a4ac28,1,5766e8fdd7c39ad4218d87c72fc8011af538332539064d61768baefded5bb1cb,research_adaptive_beam,0.35449778976465535,2378892.0,2663802.0,conservative:research_adaptive_beam,64494.0,19,0.0,0.0,0.0,0.0,91728.0,0.9278406661469489,7.739130434782608,0.26976049999999996,193572.0,77129.0,0.787459,1049.0,0,16.306898329174146,0,ended_with_n,24.86981275002472,D10000_seed1_conservative_research_adaptive_beam_vs_beam_alpha_beta,1000,300.0,1000,conservative,0,/Users/onumagakuto/Documents/最強しりとり/shiritori_ai/data/dictionaries/D10000_L2-12_seed1.runtime.json,beam_alpha_beta,0.18605214683339,1515488.0,1673739.0,conservative:beam_alpha_beta,38478.0,1,0.0,0.0,0.0,0.0,45705.0,0.5019000419415534,8.956521739130435,0.1758075,122501.0,0.0,0.424546,0.0,0,8.55839875433594,88c90c090688c0b0fd5bef8f8aab01497b7e583a448eaed959d068c43777a586,tune,92,92,first
c4ad512b37cbf598c6a8063c964e5a371ba9d9fd,10000,f7feddf87127e40bde1a535f59cac947714438dc1e954782a6d8ce39feaff155,00ebc1cac9dd741110af9ac9d2df615d6c05ca991919c4f06c178a9ef7a4ac28,1,5766e8fdd7c39ad4218d87c72fc8011af538332539064d61768baefded5bb1cb,beam_alpha_beta,0.16812810495944827,1785858.0,1964391.0,conservative:beam_alpha_beta,44095.0,1,0.0,0.0,0.0,0.0,46537.0,0.35057929204776883,8.964285714285714,0.1523005,132702.0,0.0,0.306217,0.0,0,9.415173877729103,0,ended_with_n,29.301261791959405,D10000_seed1_conservative_beam_alpha_beta_vs_research_adaptive_beam,1000,300.0,1000,conservative,0,/Users/onumagakuto/Documents/最強しりとり/shiritori_ai/data/dictionaries/D10000_L2-12_seed1.runtime.json,research_adaptive_beam,0.3549926629930269,2777514.0,3092688.0,conservative:research_adaptive_beam,69671.0,21,0.0,0.0,0.0,0.0,99783.0,1.0000183749943972,7.642857142857143,0.325131,210719.0,79162.0,0.787017,882.0,1,19.879589127609506,88c90c090688c0b0fd5bef8f8aab01497b7e583a448eaed959d068c43777a586,tune,112,112,first
c4ad512b37cbf598c6a8063c964e5a371ba9d9fd,10000,f7feddf87127e40bde1a535f59cac947714438dc1e954782a6d8ce39feaff155,00ebc1cac9dd741110af9ac9d2df615d6c05ca991919c4f06c178a9ef7a4ac28,1,5766e8fdd7c39ad4218d87c72fc8011af538332539064d61768baefded5bb1cb,dynamic_proof_extension_beam_alpha_beta,0.22787346196914646,3418751.0,3855751.0,conservative:dynamic_proof_extension_beam_alpha_beta,95971.0,17,0.0,0.0,0.0,0.0,79041.0,0.8591577501501888,7.95945945945946,0.1686495,264832.0,0.0,0.588682,0.0,0,33.725272371433675,0,ended_with_n,52.25391025003046,D10000_seed1_conservative_dynamic_proof_extension_beam_alpha_beta_vs_beam_alpha_beta,1000,300.0,1000,conservative,0,/Users/onumagakuto/Documents/最強しりとり/shiritori_ai/data/dictionaries/D10000_L2-12_seed1.runtime.json,beam_alpha_beta,0.1244934573958351,3344414.0,3741561.0,conservative:beam_alpha_beta,94957.0,1,0.0,0.0,0.0,0.0,83063.0,0.3839494998101145,8.986486486486486,0.065852,280782.0,0.0,0.328375,0.0,0,18.425031694583595,88c90c090688c0b0fd5bef8f8aab01497b7e583a448eaed959d068c43777a586,tune,296,296,first
c4ad512b37cbf598c6a8063c964e5a371ba9d9fd,10000,f7feddf87127e40bde1a535f59cac947714438dc1e954782a6d8ce39feaff155,00ebc1cac9dd741110af9ac9d2df615d6c05ca991919c4f06c178a9ef7a4ac28,1,5766e8fdd7c39ad4218d87c72fc8011af538332539064d61768baefded5bb1cb,beam_alpha_beta,0.17407140460601378,4018774.0,4472359.0,conservative:beam_alpha_beta,110732.0,1,0.0,0.0,0.0,0.0,110465.0,0.387396875070408,8.983870967741936,0.13764300000000002,330615.0,0.0,0.361538,0.0,0,21.584854171145707,0,ended_with_n,61.82757662492804,D10000_seed1_conservative_beam_alpha_beta_vs_dynamic_proof_extension_beam_alpha_beta,1000,300.0,1000,conservative,0,/Users/onumagakuto/Documents/最強しりとり/shiritori_ai/data/dictionaries/D10000_L2-12_seed1.runtime.json,dynamic_proof_extension_beam_alpha_beta,0.32383876645772325,2872928.0,3200909.0,conservative:dynamic_proof_extension_beam_alpha_beta,74187.0,21,0.0,0.0,0.0,0.0,92918.0,0.9996226250659674,7.524193548387097,0.28698500000000005,227346.0,0.0,0.596842,0.0,2,40.156007040757686,88c90c090688c0b0fd5bef8f8aab01497b7e583a448eaed959d068c43777a586,tune,248,248,first
c4ad512b37cbf598c6a8063c964e5a371ba9d9fd,10000,f7feddf87127e40bde1a535f59cac947714438dc1e954782a6d8ce39feaff155,00ebc1cac9dd741110af9ac9d2df615d6c05ca991919c4f06c178a9ef7a4ac28,1,5766e8fdd7c39ad4218d87c72fc8011af538332539064d61768baefded5bb1cb,dynamic_beam_alpha_beta,0.21440591280305282,3146894.0,3507425.0,balanced:dynamic_beam_alpha_beta,83336.0,9,0.0,0.0,0.0,0.0,110240.0,0.8232458750717342,8.883720930232558,0.175826,274138.0,0.0,0.441224,0.0,0,18.438908501062542,0,ended_with_n,38.74301595799625,D10000_seed1_balanced_dynamic_beam_alpha_beta_vs_beam_alpha_beta,1000,300.0,1000,balanced,0,/Users/onumagakuto/Documents/最強しりとり/shiritori_ai/data/dictionaries/D10000_L2-12_seed1.runtime.json,beam_alpha_beta,0.23813490148031097,3781497.0,4204857.0,balanced:beam_alpha_beta,104518.0,5,0.0,0.0,0.0,0.0,120897.0,0.6334074588958174,8.929411764705883,0.209988,327566.0,0.0,0.519081,0.0,0,20.241466625826433,88c90c090688c0b0fd5bef8f8aab01497b7e583a448eaed959d068c43777a586,tune,171,171,second
c4ad512b37cbf598c6a8063c964e5a371ba9d9fd,10000,f7feddf87127e40bde1a535f59cac947714438dc1e954782a6d8ce39feaff155,00ebc1cac9dd741110af9ac9d2df615d6c05ca991919c4f06c178a9ef7a4ac28,1,5766e8fdd7c39ad4218d87c72fc8011af538332539064d61768baefded5bb1cb,beam_alpha_beta,0.1624181218688146,5989986.0,6621894.0,balanced:beam_alpha_beta,149024.0,3,0.0,0.0,0.0,0.0,145031.0,0.5765779581852257,8.978494623655914,0.160831,451649.0,0.0,0.286368,0.0,0,30.209770667599514,0,ended_with_n,56.19686141703278,D10000_seed1_balanced_beam_alpha_beta_vs_dynamic_beam_alpha_beta,1000,300.0,1000,balanced,0,/Users/onumagakuto/Documents/最強しりとり/shiritori_ai/data/dictionaries/D10000_L2-12_seed1.runtime.json,dynamic_beam_alpha_beta,0.13900526229327204,4910464.0,5440082.0,balanced:dynamic_beam_alpha_beta,121743.0,3,0.0,0.0,0.0,0.0,128167.0,0.6044264170341194,8.978494623655914,0.1240195,375414.0,0.0,0.321551,0.0,0,25.8549787865486,88c90c090688c0b0fd5bef8f8aab01497b7e583a448eaed959d068c43777a586,tune,372,372,first
c4ad512b37cbf598c6a8063c964e5a371ba9d9fd,10000,f7feddf87127e40bde1a535f59cac947714438dc1e954782a6d8ce39feaff155,00ebc1cac9dd741110af9ac9d2df615d6c05ca991919c4f06c178a9ef7a4ac28,1,5766e8fdd7c39ad4218d87c72fc8011af538332539064d61768baefded5bb1cb,dynamic_beam_pvs,0.2664234181612053,2461310.0,2743814.0,balanced:dynamic_beam_pvs,72205.0,3,0.0,0.0,0.0,0.0,81586.0,0.6084515410475433,8.927272727272728,0.24644,203514.0,80857.0,0.523277,1351.0,0,14.65328799886629,0,ended_with_n,27.2133797921706,D10000_seed1_balanced_dynamic_beam_pvs_vs_beam_alpha_beta,1000,300.0,1000,balanced,0,/Users/onumagakuto/Documents/最強しりとり/shiritori_ai/data/dictionaries/D10000_L2-12_seed1.runtime.json,beam_alpha_beta,0.2276203598446128,2327676.0,2588374.0,balanced:beam_alpha_beta,65217.0,1,0.0,0.0,0.0,0.0,75846.0,0.5407892500516027,8.963636363636363,0.2124,202758.0,0.0,0.522717,0.0,0,12.519119791453704,88c90c090688c0b0fd5bef8f8aab01497b7e583a448eaed959d068c43777a586,tune,110,110,first
c4ad512b37cbf598c6a8063c964e5a371ba9d9fd,10000,f7feddf87127e40bde1a535f59cac947714438dc1e954782a6d8ce39feaff155,00ebc1cac9dd741110af9ac9d2df615d6c05ca991919c4f06c178a9ef7a4ac28,1,5766e8fdd7c39ad4218d87c72fc8011af538332539064d61768baefded5bb1cb,beam_alpha_beta,0.14346699133763308,4163041.0,4647500.0,balanced:beam_alpha_beta,117955.0,3,0.0,0.0,0.0,0.0,118280.0,0.5914271669462323,8.974025974025974,0.068874,355696.0,0.0,0.371874,0.0,0,22.093916665995494,0,ended_with_n,50.70373837510124,D10000_seed1_balanced_beam_alpha_beta_vs_dynamic_beam_pvs,1000,300.0,1000,balanced,0,/Users/onumagakuto/Documents/最強しりとり/shiritori_ai/data/dictionaries/D10000_L2-12_seed1.runtime.json,dynamic_beam_pvs,0.18505234066880755,4980124.0,5584993.0,balanced:dynamic_beam_pvs,154187.0,17,0.0,0.0,0.0,0.0,163534.0,0.7441418329253793,8.772727272727273,0.08198,422863.0,172899.0,0.574668,3380.0,0,28.498060462996364,88c90c090688c0b0fd5bef8f8aab01497b7e583a448eaed959d068c43777a586,tune,308,308,first
c4ad512b37cbf598c6a8063c964e5a371ba9d9fd,10000,f7feddf87127e40bde1a535f59cac947714438dc1e954782a6d8ce39feaff155,00ebc1cac9dd741110af9ac9d2df615d6c05ca991919c4f06c178a9ef7a4ac28,1,5766e8fdd7c39ad4218d87c72fc8011af538332539064d61768baefded5bb1cb,endgame_exact_hybrid,0.14069992861838948,5693823.0,6379693.0,balanced:endgame_exact_hybrid,170145.0,1,0.0,0.0,0.0,0.0,171713.0,0.4234994591679424,8.945812807881774,0.129715,504800.0,0.0,0.296274,0.0,0,28.562085509533063,0,ended_with_n,58.20842633303255,D10000_seed1_balanced_endgame_exact_hybrid_vs_beam_alpha_beta,1000,300.0,1000,balanced,0,/Users/onumagakuto/Documents/最強しりとり/shiritori_ai/data/dictionaries/D10000_L2-12_seed1.runtime.json,beam_alpha_beta,0.14607503855056914,5807836.0,6509054.0,balanced:beam_alpha_beta,170767.0,1,0.0,0.0,0.0,0.0,179354.0,0.41641904204152524,8.990099009900991,0.130728,519297.0,0.0,0.310293,0.0,0,29.507157787214965,88c90c090688c0b0fd5bef8f8aab01497b7e583a448eaed959d068c43777a586,tune,405,405,second
c4ad512b37cbf598c6a8063c964e5a371ba9d9fd,10000,f7feddf87127e40bde1a535f59cac947714438dc1e954782a6d8ce39feaff155,00ebc1cac9dd741110af9ac9d2df615d6c05ca991919c4f06c178a9ef7a4ac28,1,5766e8fdd7c39ad4218d87c72fc8011af538332539064d61768baefded5bb1cb,beam_alpha_beta,0.14005306855032193,5693823.0,6379694.0,balanced:beam_alpha_beta,170145.0,1,0.0,0.0,0.0,0.0,171713.0,0.42004320910200477,8.990147783251231,0.129503,504799.0,0.0,0.288385,0.0,0,28.43077291571535,0,ended_with_n,57.976881749928,D10000_seed1_balanced_beam_alpha_beta_vs_endgame_exact_hybrid,1000,300.0,1000,balanced,0,/Users/onumagakuto/Documents/最強しりとり/shiritori_ai/data/dictionaries/D10000_L2-12_seed1.runtime.json,endgame_exact_hybrid,0.1455798123071044,5807836.0,6509054.0,balanced:endgame_exact_hybrid,170767.0,1,0.0,0.0,0.0,0.0,179354.0,0.4159372500143945,8.990099009900991,0.130439,519297.0,0.0,0.310598,0.0,0,29.407122086035088,88c90c090688c0b0fd5bef8f8aab01497b7e583a448eaed959d068c43777a586,tune,405,405,second
c4ad512b37cbf598c6a8063c964e5a371ba9d9fd,10000,f7feddf87127e40bde1a535f59cac947714438dc1e954782a6d8ce39feaff155,00ebc1cac9dd741110af9ac9d2df615d6c05ca991919c4f06c178a9ef7a4ac28,1,5766e8fdd7c39ad4218d87c72fc8011af538332539064d61768baefded5bb1cb,proof_extension_beam_alpha_beta,0.23477084522793784,2665306.0,3004819.0,balanced:proof_extension_beam_alpha_beta,84007.0,15,0.0,0.0,0.0,0.0,71535.0,0.8402773751877248,8.503759398496241,0.183028,239962.0,0.0,0.571318,0.0,0,31.224522415315732,0,ended_with_n,49.74913495895453,D10000_seed1_balanced_proof_extension_beam_alpha_beta_vs_beam_alpha_beta,1000,300.0,1000,balanced,0,/Users/onumagakuto/Documents/最強しりとり/shiritori_ai/data/dictionaries/D10000_L2-12_seed1.runtime.json,beam_alpha_beta,0.13964976105930735,3810057.0,4287696.0,balanced:beam_alpha_beta,117147.0,1,0.0,0.0,0.0,0.0,109391.0,0.5194571251049638,8.984848484848484,0.093608,347805.0,0.0,0.35927,0.0,0,18.43376845982857,88c90c090688c0b0fd5bef8f8aab01497b7e583a448eaed959d068c43777a586,tune,265,265,second
c4ad512b37cbf598c6a8063c964e5a371ba9d9fd,10000,f7feddf87127e40bde1a535f59cac947714438dc1e954782a6d8ce39feaff155,00ebc1cac9dd741110af9ac9d2df615d6c05ca991919c4f06c178a9ef7a4ac28,1,5766e8fdd7c39ad4218d87c72fc8011af538332539064d61768baefded5bb1cb,beam_alpha_beta,0.12024679435517198,2372590.0,2668113.0,balanced:beam_alpha_beta,72887.0,3,0.0,0.0,0.0,0.0,63710.0,0.6105648330412805,8.956989247311828,0.082422,212128.0,0.0,0.377738,0.0,0,11.182951875030994,0,ended_with_n,30.538731209002435,D10000_seed1_balanced_beam_alpha_beta_vs_proof_extension_beam_alpha_beta,1000,300.0,1000,balanced,0,/Users/onumagakuto/Documents/最強しりとり/shiritori_ai/data/dictionaries/D10000_L2-12_seed1.runtime.json,proof_extension_beam_alpha_beta,0.20743312948803988,1773626.0,1999512.0,balanced:proof_extension_beam_alpha_beta,55400.0,1,0.0,0.0,0.0,0.0,43384.0,0.5300243748351932,8.774193548387096,0.176986,156852.0,0.0,0.488267,0.0,0,19.29128104238771,88c90c090688c0b0fd5bef8f8aab01497b7e583a448eaed959d068c43777a586,tune,186,186,first
c4ad512b37cbf598c6a8063c964e5a371ba9d9fd,10000,f7feddf87127e40bde1a535f59cac947714438dc1e954782a6d8ce39feaff155,00ebc1cac9dd741110af9ac9d2df615d6c05ca991919c4f06c178a9ef7a4ac28,1,5766e8fdd7c39ad4218d87c72fc8011af538332539064d61768baefded5bb1cb,research_adaptive_beam,0.33074285983407903,7262805.0,8115250.0,balanced:research_adaptive_beam,215650.0,21,0.0,0.0,0.0,0.0,216739.0,0.9941279999911785,8.669491525423728,0.3034835,600198.0,154683.0,0.627516,4731.0,0,39.027657460421324,0,ended_with_n,61.123689624946564,D10000_seed1_balanced_research_adaptive_beam_vs_beam_alpha_beta,1000,300.0,1000,balanced,0,/Users/onumagakuto/Documents/最強しりとり/shiritori_ai/data/dictionaries/D10000_L2-12_seed1.runtime.json,beam_alpha_beta,0.18714955407076406,4108364.0,4571889.0,balanced:beam_alpha_beta,111834.0,1,0.0,0.0,0.0,0.0,124158.0,0.4844724170397967,8.983050847457626,0.179339,349708.0,0.0,0.362573,0.0,0,22.083647380350158,88c90c090688c0b0fd5bef8f8aab01497b7e583a448eaed959d068c43777a586,tune,236,236,first
c4ad512b37cbf598c6a8063c964e5a371ba9d9fd,10000,f7feddf87127e40bde1a535f59cac947714438dc1e954782a6d8ce39feaff155,00ebc1cac9dd741110af9ac9d2df615d6c05ca991919c4f06c178a9ef7a4ac28,1,5766e8fdd7c39ad4218d87c72fc8011af538332539064d61768baefded5bb1cb,beam_alpha_beta,0.14964900532504544,1161831.0,1291437.0,balanced:beam_alpha_beta,31416.0,1,0.0,0.0,0.0,0.0,35507.0,0.43972441693767905,8.95,0.1233435,98396.0,0.0,0.403136,0.0,0,5.9859602130018175,0,ended_with_n,15.89912737486884,D10000_seed1_balanced_beam_alpha_beta_vs_research_adaptive_beam,1000,300.0,1000,balanced,0,/Users/onumagakuto/Documents/最強しりとり/shiritori_ai/data/dictionaries/D10000_L2-12_seed1.runtime.json,research_adaptive_beam,0.24771986459381878,1896436.0,2112579.0,balanced:research_adaptive_beam,53740.0,5,0.0,0.0,0.0,0.0,56636.0,0.6910818750038743,8.775,0.2315695,149947.0,41434.0,0.551696,992.0,0,9.908794583752751,88c90c090688c0b0fd5bef8f8aab01497b7e583a448eaed959d068c43777a586,tune,80,80,first
c4ad512b37cbf598c6a8063c964e5a371ba9d9fd,10000,f7feddf87127e40bde1a535f59cac947714438dc1e954782a6d8ce39feaff155,00ebc1cac9dd741110af9ac9d2df615d6c05ca991919c4f06c178a9ef7a4ac28,1,5766e8fdd7c39ad4218d87c72fc8011af538332539064d61768baefded5bb1cb,dynamic_proof_extension_beam_alpha_beta,0.23203907493605383,765531.0,858196.0,balanced:dynamic_proof_extension_beam_alpha_beta,22347.0,7,0.0,0.0,0.0,0.0,24735.0,0.9994325840380043,8.533333333333333,0.206238,66753.0,0.0,0.704979,0.0,1,10.441758372122422,0,ended_with_n,16.595245457952842,D10000_seed1_balanced_dynamic_proof_extension_beam_alpha_beta_vs_beam_alpha_beta,1000,300.0,1000,balanced,0,/Users/onumagakuto/Documents/最強しりとり/shiritori_ai/data/dictionaries/D10000_L2-12_seed1.runtime.json,beam_alpha_beta,0.13912867041918534,1146866.0,1280952.0,balanced:beam_alpha_beta,32768.0,1,0.0,0.0,0.0,0.0,35893.0,0.5642393331509084,8.954545454545455,0.107529,100664.0,0.0,0.358196,0.0,0,6.121661498444155,88c90c090688c0b0fd5bef8f8aab01497b7e583a448eaed959d068c43777a586,tune,89,89,second
c4ad512b37cbf598c6a8063c964e5a371ba9d9fd,10000,f7feddf87127e40bde1a535f59cac947714438dc1e954782a6d8ce39feaff155,00ebc1cac9dd741110af9ac9d2df615d6c05ca991919c4f06c178a9ef7a4ac28,1,5766e8fdd7c39ad4218d87c72fc8011af538332539064d61768baefded5bb1cb,beam_alpha_beta,0.13524990428754308,1219253.0,1355244.0,balanced:beam_alpha_beta,33626.0,1,0.0,0.0,0.0,0.0,37390.0,0.4395683330949396,8.957446808510639,0.122809,103041.0,0.0,0.385351,0.0,0,6.356745501514524,0,ended_with_n,18.65256587509066,D10000_seed1_balanced_beam_alpha_beta_vs_dynamic_proof_extension_beam_alpha_beta,1000,300.0,1000,balanced,0,/Users/onumagakuto/Documents/最強しりとり/shiritori_ai/data/dictionaries/D10000_L2-12_seed1.runtime.json,dynamic_proof_extension_beam_alpha_beta,0.2665810181313883,913335.0,1018514.0,balanced:dynamic_proof_extension_beam_alpha_beta,24300.0,7,0.0,0.0,0.0,0.0,30907.0,0.8187518331687897,8.565217391304348,0.23041899999999998,77800.0,0.0,0.637533,0.0,0,12.26272683404386,88c90c090688c0b0fd5bef8f8aab01497b7e583a448eaed959d068c43777a586,tune,93,93,second
c4ad512b37cbf598c6a8063c964e5a371ba9d9fd,10000,59edaee16af2b20642c56fa4bb9a8c35595ca110b1af4b4e9ca87dc6ac356675,0824de995be4df8286e04f923f31fd74155137b5eb25a6870a0541b2726977f6,2,5766e8fdd7c39ad4218d87c72fc8011af538332539064d61768baefded5bb1cb,dynamic_beam_alpha_beta,0.3264956182249906,2329085.0,2629584.0,conservative:dynamic_beam_alpha_beta,61306.0,17,0.0,0.0,0.0,0.0,109374.0,1.0000303748529404,8.181818181818182,0.269548,215719.0,0.0,1.000024,0.0,4,17.957259002374485,0,ended_with_n,32.00951150013134,D10000_seed2_conservative_dynamic_beam_alpha_beta_vs_beam_alpha_beta,2000,300.0,1000,conservative,0,/Users/onumagakuto/Documents/最強しりとり/shiritori_ai/data/dictionaries/D10000_L2-12_seed2.runtime.json,beam_alpha_beta,0.25949658103787376,2243935.0,2489526.0,conservative:beam_alpha_beta,56466.0,1,0.0,0.0,0.0,0.0,79823.0,0.5613762498833239,8.962962962962964,0.26519000000000004,199255.0,0.0,0.490647,0.0,0,14.012815376045182,88c90c090688c0b0fd5bef8f8aab01497b7e583a448eaed959d068c43777a586,tune,109,109,second
c4ad512b37cbf598c6a8063c964e5a371ba9d9fd,10000,59edaee16af2b20642c56fa4bb9a8c35595ca110b1af4b4e9ca87dc6ac356675,0824de995be4df8286e04f923f31fd74155137b5eb25a6870a0541b2726977f6,2,5766e8fdd7c39ad4218d87c72fc8011af538332539064d61768baefded5bb1cb,beam_alpha_beta,0.3423273145266238,3432898.0,3812539.0,conservative:beam_alpha_beta,91325.0,7,0.0,0.0,0.0,0.0,124989.0,0.6177889169193804,8.870967741935484,0.3261335,310348.0,0.0,0.557087,0.0,0,21.224293500650674,0,ended_with_n,44.72632179106586,D10000_seed2_conservative_beam_alpha_beta_vs_dynamic_beam_alpha_beta,2000,300.0,1000,conservative,0,/Users/onumagakuto/Documents/最強しりとり/shiritori_ai/data/dictionaries/D10000_L2-12_seed2.runtime.json,dynamic_beam_alpha_beta,0.3783351451631696,2991656.0,3385715.0,conservative:dynamic_beam_alpha_beta,81701.0,17,0.0,0.0,0.0,0.0,146043.0,1.0000233750324696,7.354838709677419,0.368056,279712.0,0.0,0.717331,0.0,2,23.456779000116512,88c90c090688c0b0fd5bef8f8aab01497b7e583a448eaed959d068c43777a586,tune,124,124,first
c4ad512b37cbf598c6a8063c964e5a371ba9d9fd,10000,59edaee16af2b20642c56fa4bb9a8c35595ca110b1af4b4e9ca87dc6ac356675,0824de995be4df8286e04f923f31fd74155137b5eb25a6870a0541b2726977f6,2,5766e8fdd7c39ad4218d87c72fc8011af538332539064d61768baefded5bb1cb,dynamic_beam_pvs,0.3938168091373518,2237255.0,2570845.0,conservative:dynamic_beam_pvs,70280.0,17,0.0,0.0,0.0,0.0,122900.0,1.0000269578304142,7.44,0.35019500000000003,231157.0,121346.0,0.995147,1608.0,2,19.69084045686759,0,ended_with_n,34.37281062500551,D10000_seed2_conservative_dynamic_beam_pvs_vs_beam_alpha_beta,2000,300.0,1000,conservative,0,/Users/onumagakuto/Documents/最強しりとり/shiritori_ai/data/dictionaries/D10000_L2-12_seed2.runtime.json,beam_alpha_beta,0.2928917307779193,2231795.0,2482838.0,conservative:beam_alpha_beta,58552.0,5,0.0,0.0,0.0,0.0,85006.0,0.5808104579336941,8.88,0.3114055,207518.0,0.0,0.515835,0.0,0,14.644586538895965,88c90c090688c0b0fd5bef8f8aab01497b7e583a448eaed959d068c43777a586,tune,100,100,first
c4ad512b37cbf598c6a8063c964e5a371ba9d9fd,10000,59edaee16af2b20642c56fa4bb9a8c35595ca110b1af4b4e9ca87dc6ac356675,0824de995be4df8286e04f923f31fd74155137b5eb25a6870a0541b2726977f6,2,5766e8fdd7c39ad4218d87c72fc8011af538332539064d61768baefded5bb1cb,beam_alpha_beta,0.294710238566733,4197006.0,4608761.0,conservative:beam_alpha_beta,101544.0,5,0.0,0.0,0.0,0.0,124237.0,0.7618921250104904,8.821428571428571,0.31736949999999997,324457.0,0.0,0.501488,0.0,0,24.755660039605573,0,ended_with_n,53.851788917090744,D10000_seed2_conservative_beam_alpha_beta_vs_dynamic_beam_pvs,2000,300.0,1000,conservative,0,/Users/onumagakuto/Documents/最強しりとり/shiritori_ai/data/dictionaries/D10000_L2-12_seed2.runtime.json,dynamic_beam_pvs,0.34564495838103104,3775083.0,4266341.0,conservative:dynamic_beam_pvs,103295.0,27,0.0,0.0,0.0,0.0,165851.0,0.9587534579914063,7.309523809523809,0.3553085,324248.0,164556.0,0.674041,2287.0,0,29.03417650400661,88c90c090688c0b0fd5bef8f8aab01497b7e583a448eaed959d068c43777a586,tune,168,168,first
c4ad512b37cbf598c6a8063c964e5a371ba9d9fd,10000,59edaee16af2b20642c56fa4bb9a8c35595ca110b1af4b4e9ca87dc6ac356675,0824de995be4df8286e04f923f31fd74155137b5eb25a6870a0541b2726977f6,2,5766e8fdd7c39ad4218d87c72fc8011af538332539064d61768baefded5bb1cb,endgame_exact_hybrid,0.27094902172033747,8668904.0,9813847.0,conservative:endgame_exact_hybrid,278832.0,7,0.0,0.0,0.0,0.0,348059.0,1.1265612500719726,8.940860215053764,0.364118,910090.0,0.0,0.522553,0.0,2,50.396518039982766,0,ended_with_n,101.452470124932,D10000_seed2_conservative_endgame_exact_hybrid_vs_beam_alpha_beta,2000,300.0,1000,conservative,0,/Users/onumagakuto/Documents/最強しりとり/shiritori_ai/data/dictionaries/D10000_L2-12_seed2.runtime.json,beam_alpha_beta,0.27359033492769325,8807785.0,9969679.0,conservative:beam_alpha_beta,283277.0,5,0.0,0.0,0.0,0.0,354519.0,0.9065306661650538,8.96774193548387,0.3888275,924830.0,0.0,0.534717,0.0,0,50.887802296550944,88c90c090688c0b0fd5bef8f8aab01497b7e583a448eaed959d068c43777a586,tune,372,372,first
c4ad512b37cbf598c6a8063c964e5a371ba9d9fd,10000,59edaee16af2b20642c56fa4bb9a8c35595ca110b1af4b4e9ca87dc6ac356675,0824de995be4df8286e04f923f31fd74155137b5eb25a6870a0541b2726977f6,2,5766e8fdd7c39ad4218d87c72fc8011af538332539064d61768baefded5bb1cb,beam_alpha_beta,0.35896857161648,11959931.0,13516975.0,conservative:beam_alpha_beta,379979.0,3,0.0,0.0,0.0,0.0,495055.0,0.5970082499552518,8.97948717948718,0.391404,1256653.0,0.0,0.52418,0.0,0,69.9988714652136,0,ended_with_n,143.7534532500431,D10000_seed2_conservative_beam_alpha_beta_vs_endgame_exact_hybrid,2000,300.0,1000,conservative,0,/Users/onumagakuto/Documents/最強しりとり/shiritori_ai/data/dictionaries/D10000_L2-12_seed2.runtime.json,endgame_exact_hybrid,0.37752595173003967,12459146.0,14085727.0,conservative:endgame_exact_hybrid,402201.0,3,0.0,0.0,0.0,0.0,515310.0,0.650158415781334,8.933333333333334,0.411867,1311742.0,0.0,0.539385,0.0,0,73.61756058735773,88c90c090688c0b0fd5bef8f8aab01497b7e583a448eaed959d068c43777a586,tune,390,390,first
c4ad512b37cbf598c6a8063c964e5a371ba9d9fd,10000,59edaee16af2b20642c56fa4bb9a8c35595ca110b1af4b4e9ca87dc6ac356675,0824de995be4df8286e04f923f31fd74155137b5eb25a6870a0541b2726977f6,2,5766e8fdd7c39ad4218d87c72fc8011af538332539064d61768baefded5bb1cb,proof_extension_beam_alpha_beta,0.320559671290097,2970937.0,3298876.0,conservative:proof_extension_beam_alpha_beta,84605.0,19,0.0,0.0,0.0,0.0,92101.0,0.8934773749206215,8.121495327102803,0.341525,249459.0,0.0,0.62388,0.0,0,34.299884828040376,0,ended_with_n,64.49436233309098,D10000_seed2_conservative_proof_extension_beam_alpha_beta_vs_beam_alpha_beta,2000,300.0,1000,conservative,0,/Users/onumagakuto/Documents/最強しりとり/shiritori_ai/data/dictionaries/D10000_L2-12_seed2.runtime.json,beam_alpha_beta,0.2841653109194254,5328049.0,5934058.0,conservative:beam_alpha_beta,148949.0,3,0.0,0.0,0.0,0.0,181970.0,0.5880761670414358,8.962264150943396,0.34003799999999995,478136.0,0.0,0.515838,0.0,0,30.121522957459092,88c90c090688c0b0fd5bef8f8aab01497b7e583a448eaed959d068c43777a586,tune,213,213,second
c4ad512b37cbf598c6a8063c964e5a371ba9d9fd,10000,59edaee16af2b20642c56fa4bb9a8c35595ca110b1af4b4e9ca87dc6ac356675,0824de995be4df8286e04f923f31fd74155137b5eb25a6870a0541b2726977f6,2,5766e8fdd7c39ad4218d87c72fc8011af538332539064d61768baefded5bb1cb,beam_alpha_beta,0.3282235506446331,10500545.0,11653172.0,conservative:beam_alpha_beta,292586.0,27,0.0,0.0,0.0,0.0,341468.0,0.7092390411999077,8.795698924731182,0.32582,905842.0,0.0,0.577402,0.0,0,61.04958041990176,0,ended_with_n,133.88094079191796,D10000_seed2_conservative_beam_alpha_beta_vs_proof_extension_beam_alpha_beta,2000,300.0,1000,conservative,0,/Users/onumagakuto/Documents/最強しりとり/shiritori_ai/data/dictionaries/D10000_L2-12_seed2.runtime.json,proof_extension_beam_alpha_beta,0.3908708951628757,6026661.0,6700042.0,conservative:proof_extension_beam_alpha_beta,170612.0,29,0.0,0.0,0.0,0.0,192842.0,0.9994091249536723,7.887096774193548,0.4106605,518073.0,0.0,0.585571,0.0,1,72.70198650029488,88c90c090688c0b0fd5bef8f8aab01497b7e583a448eaed959d068c43777a586,tune,372,372,first
c4ad512b37cbf598c6a8063c964e5a371ba9d9fd,10000,59edaee16af2b20642c56fa4bb9a8c35595ca110b1af4b4e9ca87dc6ac356675,0824de995be4df8286e04f923f31fd74155137b5eb25a6870a0541b2726977f6,2,5766e8fdd7c39ad4218d87c72fc8011af538332539064d61768baefded5bb1cb,research_adaptive_beam,0.3631987402160816,2084186.0,2384940.0,conservative:research_adaptive_beam,61422.0,17,0.0,0.0,0.0,0.0,100914.0,1.0000194581225514,6.705882352941177,0.331839,198017.0,70824.0,0.79898,1149.0,1,18.523135751020163,0,ended_with_n,31.901390040991828,D10000_seed2_conservative_research_adaptive_beam_vs_beam_alpha_beta,2000,300.0,1000,conservative,0,/Users/onumagakuto/Documents/最強しりとり/shiritori_ai/data/dictionaries/D10000_L2-12_seed2.runtime.json,beam_alpha_beta,0.26219806946156654,2256089.0,2497191.0,conservative:beam_alpha_beta,57407.0,1,0.0,0.0,0.0,0.0,72817.0,0.48618100001476705,8.96078431372549,0.306441,190083.0,0.0,0.441404,0.0,0,13.372101542539895,88c90c090688c0b0fd5bef8f8aab01497b7e583a448eaed959d068c43777a586,tune,102,102,first
c4ad512b37cbf598c6a8063c964e5a371ba9d9fd,10000,59edaee16af2b20642c56fa4bb9a8c35595ca110b1af4b4e9ca87dc6ac356675,0824de995be4df8286e04f923f31fd74155137b5eb25a6870a0541b2726977f6,2,5766e8fdd7c39ad4218d87c72fc8011af538332539064d61768baefded5bb1cb,beam_alpha_beta,0.29826457427104586,5324713.0,5877351.0,conservative:beam_alpha_beta,137815.0,5,0.0,0.0,0.0,0.0,156469.0,0.6208591249305755,8.94059405940594,0.282515,425831.0,0.0,0.506487,0.0,0,30.12472200137563,0,ended_with_n,71.71189804119058,D10000_seed2_conservative_beam_alpha_beta_vs_research_adaptive_beam,2000,300.0,1000,conservative,0,/Users/onumagakuto/Documents/最強しりとり/shiritori_ai/data/dictionaries/D10000_L2-12_seed2.runtime.json,research_adaptive_beam,0.4157636270974763,5975973.0,6758053.0,conservative:research_adaptive_beam,168069.0,31,0.0,0.0,0.0,0.0,220105.0,0.8804227500222623,7.38,0.41907150000000004,495191.0,182782.0,0.629758,3229.0,0,41.57636270974763,88c90c090688c0b0fd5bef8f8aab01497b7e583a448eaed959d068c43777a586,tune,201,201,second
c4ad512b37cbf598c6a8063c964e5a371ba9d9fd,10000,59edaee16af2b20642c56fa4bb9a8c35595ca110b1af4b4e9ca87dc6ac356675,0824de995be4df8286e04f923f31fd74155137b5eb25a6870a0541b2726977f6,2,5766e8fdd7c39ad4218d87c72fc8011af538332539064d61768baefded5bb1cb,dynamic_proof_extension_beam_alpha_beta,0.3929630970185409,1789758.0,1997457.0,conservative:dynamic_proof_extension_beam_alpha_beta,42254.0,17,0.0,0.0,0.0,0.0,62256.0,1.0000185000244528,7.508196721311475,0.426425,135595.0,0.0,0.705974,0.0,3,23.970748918130994,0,ended_with_n,33.840374334016815,D10000_seed2_conservative_dynamic_proof_extension_beam_alpha_beta_vs_beam_alpha_beta,2000,300.0,1000,conservative,0,/Users/onumagakuto/Documents/最強しりとり/shiritori_ai/data/dictionaries/D10000_L2-12_seed2.runtime.json,beam_alpha_beta,0.1610751919539981,1860533.0,2052716.0,conservative:beam_alpha_beta,46684.0,3,0.0,0.0,0.0,0.0,49182.0,0.6095492911990732,8.918032786885245,0.124403,142302.0,0.0,0.389466,0.0,0,9.825586709193885,88c90c090688c0b0fd5bef8f8aab01497b7e583a448eaed959d068c43777a586,tune,122,122,first
c4ad512b37cbf598c6a8063c964e5a371ba9d9fd,10000,59edaee16af2b20642c56fa4bb9a8c35595ca110b1af4b4e9ca87dc6ac356675,0824de995be4df8286e04f923f31fd74155137b5eb25a6870a0541b2726977f6,2,5766e8fdd7c39ad4218d87c72fc8011af538332539064d61768baefded5bb1cb,beam_alpha_beta,0.3274704716795974,6163647.0,6798924.0,conservative:beam_alpha_beta,160241.0,7,0.0,0.0,0.0,0.0,175907.0,0.6085768749471754,8.860869565217392,0.345372,485222.0,0.0,0.536585,0.0,0,37.659104243153706,0,ended_with_n,80.41386674996465,D10000_seed2_conservative_beam_alpha_beta_vs_dynamic_proof_extension_beam_alpha_beta,2000,300.0,1000,conservative,0,/Users/onumagakuto/Documents/最強しりとり/shiritori_ai/data/dictionaries/D10000_L2-12_seed2.runtime.json,dynamic_proof_extension_beam_alpha_beta,0.37432163230168,2702568.0,3058242.0,conservative:dynamic_proof_extension_beam_alpha_beta,72984.0,37,0.0,0.0,0.0,0.0,110362.0,0.9997787920292467,6.921052631578948,0.34208099999999997,239897.0,0.0,0.707429,0.0,3,42.672666082391515,88c90c090688c0b0fd5bef8f8aab01497b7e583a448eaed959d068c43777a586,tune,229,229,second
c4ad512b37cbf598c6a8063c964e5a371ba9d9fd,10000,59edaee16af2b20642c56fa4bb9a8c35595ca110b1af4b4e9ca87dc6ac356675,0824de995be4df8286e04f923f31fd74155137b5eb25a6870a0541b2726977f6,2,5766e8fdd7c39ad4218d87c72fc8011af538332539064d61768baefded5bb1cb,dynamic_beam_alpha_beta,0.3464269251641581,2748871.0,3088636.0,balanced:dynamic_beam_alpha_beta,71510.0,15,0.0,0.0,0.0,0.0,112919.0,1.000027250032872,8.220338983050848,0.337247,243328.0,0.0,0.681835,0.0,1,20.439188584685326,0,ended_with_n,38.57019245903939,D10000_seed2_balanced_dynamic_beam_alpha_beta_vs_beam_alpha_beta,2000,300.0,1000,balanced,0,/Users/onumagakuto/Documents/最強しりとり/shiritori_ai/data/dictionaries/D10000_L2-12_seed2.runtime.json,beam_alpha_beta,0.3118557959778941,2984051.0,3303990.0,balanced:beam_alpha_beta,76887.0,3,0.0,0.0,0.0,0.0,98115.0,0.7379829999990761,8.913793103448276,0.3525395,253901.0,0.0,0.466437,0.0,0,18.087636166717857,88c90c090688c0b0fd5bef8f8aab01497b7e583a448eaed959d068c43777a586,tune,117,117,second
c4ad512b37cbf598c6a8063c964e5a371ba9d9fd,10000,59edaee16af2b20642c56fa4bb9a8c35595ca110b1af4b4e9ca87dc6ac356675,0824de995be4df8286e04f923f31fd74155137b5eb25a6870a0541b2726977f6,2,5766e8fdd7c39ad4218d87c72fc8011af538332539064d61768baefded5bb1cb,beam_alpha_beta,0.2778169948854769,2144017.0,2374869.0,balanced:beam_alpha_beta,54361.0,1,0.0,0.0,0.0,0.0,73359.0,0.5002516249660403,8.959183673469388,0.281052,185415.0,0.0,0.459182,0.0,0,13.613032749388367,0,ended_with_n,30.738829707959667,D10000_seed2_balanced_beam_alpha_beta_vs_dynamic_beam_alpha_beta,2000,300.0,1000,balanced,0,/Users/onumagakuto/Documents/最強しりとり/shiritori_ai/data/dictionaries/D10000_L2-12_seed2.runtime.json,dynamic_beam_alpha_beta,0.34872461736620386,2311831.0,2594480.0,balanced:dynamic_beam_alpha_beta,60757.0,15,0.0,0.0,0.0,0.0,93327.0,0.8436717500444502,8.36734693877551,0.349897,203957.0,0.0,0.70821,0.0,0,17.08750625094399,88c90c090688c0b0fd5bef8f8aab01497b7e583a448eaed959d068c43777a586,tune,98,98,first
c4ad512b37cbf598c6a8063c964e5a371ba9d9fd,10000,59edaee16af2b20642c56fa4bb9a8c35595ca110b1af4b4e9ca87dc6ac356675,0824de995be4df8286e04f923f31fd74155137b5eb25a6870a0541b2726977f6,2,5766e8fdd7c39ad4218d87c72fc8011af538332539064d61768baefded5bb1cb,dynamic_beam_pvs,0.3413648653397526,3207650.0,3611369.0,balanced:dynamic_beam_pvs,94553.0,19,0.0,0.0,0.0,0.0,121123.0,1.0000276670325547,8.246376811594203,0.330961,275827.0,119152.0,0.698446,1940.0,2,23.554175708442926,0,ended_with_n,44.55766687495634,D10000_seed2_balanced_dynamic_beam_pvs_vs_beam_alpha_beta,2000,300.0,1000,balanced,0,/Users/onumagakuto/Documents/最強しりとり/shiritori_ai/data/dictionaries/D10000_L2-12_seed2.runtime.json,beam_alpha_beta,0.3081217585645123,3435539.0,3792480.0,balanced:beam_alpha_beta,85461.0,3,0.0,0.0,0.0,0.0,109642.0,0.6161489170044661,8.911764705882353,0.35551299999999997,283274.0,0.0,0.469208,0.0,0,20.952279582386836,88c90c090688c0b0fd5bef8f8aab01497b7e583a448eaed959d068c43777a586,tune,137,137,second
c4ad512b37cbf598c6a8063c964e5a371ba9d9fd,10000,59edaee16af2b20642c56fa4bb9a8c35595ca110b1af4b4e9ca87dc6ac356675,0824de995be4df8286e04f923f31fd74155137b5eb25a6870a0541b2726977f6,2,5766e8fdd7c39ad4218d87c72fc8011af538332539064d61768baefded5bb1cb,beam_alpha_beta,0.26690194446806953,2189154.0,2414256.0,balanced:beam_alpha_beta,55589.0,7,0.0,0.0,0.0,0.0,65903.0,0.6088978329207748,8.833333333333334,0.2722545,175503.0,0.0,0.575045,0.0,0,12.811293334467337,0,ended_with_n,27.860380708007142,D10000_seed2_balanced_beam_alpha_beta_vs_dynamic_beam_pvs,2000,300.0,1000,balanced,0,/Users/onumagakuto/Documents/最強しりとり/shiritori_ai/data/dictionaries/D10000_L2-12_seed2.runtime.json,dynamic_beam_pvs,0.3127872187227088,2270723.0,2547428.0,balanced:dynamic_beam_pvs,65287.0,15,0.0,0.0,0.0,0.0,79938.0,1.00002562510781,8.354166666666666,0.271646,185334.0,79080.0,0.895966,1182.0,1,15.013786498690024,88c90c090688c0b0fd5bef8f8aab01497b7e583a448eaed959d068c43777a586,tune,96,96,first
c4ad512b37cbf598c6a8063c964e5a371ba9d9fd,10000,59edaee16af2b20642c56fa4bb9a8c35595ca110b1af4b4e9ca87dc6ac356675,0824de995be4df8286e04f923f31fd74155137b5eb25a6870a0541b2726977f6,2,5766e8fdd7c39ad4218d87c72fc8011af538332539064d61768baefded5bb1cb,endgame_exact_hybrid,0.3612345333318584,11959931.0,13516975.0,balanced:endgame_exact_hybrid,379979.0,3,0.0,0.0,0.0,0.0,495055.0,0.6166176670230925,8.97948717948718,0.394208,1256653.0,0.0,0.51995,0.0,0,70.44073399971239,0,ended_with_n,144.6239950407762,D10000_seed2_balanced_endgame_exact_hybrid_vs_beam_alpha_beta,2000,300.0,1000,balanced,0,/Users/onumagakuto/Documents/最強しりとり/shiritori_ai/data/dictionaries/D10000_L2-12_seed2.runtime.json,beam_alpha_beta,0.379721489110484,12459146.0,14085728.0,balanced:beam_alpha_beta,402201.0,3,0.0,0.0,0.0,0.0,515310.0,0.6499592498876154,8.97948717948718,0.410217,1311741.0,0.0,0.533316,0.0,0,74.04569037654437,88c90c090688c0b0fd5bef8f8aab01497b7e583a448eaed959d068c43777a586,tune,390,390,first
c4ad512b37cbf598c6a8063c964e5a371ba9d9fd,10000,59edaee16af2b20642c56fa4bb9a8c35595ca110b1af4b4e9ca87dc6ac356675,0824de995be4df8286e04f923f31fd74155137b5eb25a6870a0541b2726977f6,2,5766e8fdd7c39ad4218d87c72fc8011af538332539064d61768baefded5bb1cb,beam_alpha_beta,0.37606489673981236,14088176.0,15870203.0,balanced:beam_alpha_beta,440444.0,35,0.0,0.0,0.0,0.0,533387.0,0.6457856248598546,8.831111111111111,0.367699,1404969.0,0.0,0.588089,0.0,0,84.61460176645778,0,ended_with_n,166.53664587507956,D10000_seed2_balanced_beam_alpha_beta_vs_endgame_exact_hybrid,2000,300.0,1000,balanced,0,/Users/onumagakuto/Documents/最強しりとり/shiritori_ai/data/dictionaries/D10000_L2-12_seed2.runtime.json,endgame_exact_hybrid,0.36502774316301967,13464815.0,15176023.0,balanced:endgame_exact_hybrid,417436.0,21,0.0,0.0,0.0,0.0,518418.0,0.651341208955273,8.901785714285714,0.38624899999999995,1355598.0,0.0,0.567322,0.0,0,81.76621446851641,88c90c090688c0b0fd5bef8f8aab01497b7e583a448eaed959d068c43777a586,tune,449,449,second
c4ad512b37cbf598c6a8063c964e5a371ba9d9fd,10000,59edaee16af2b20642c56fa4bb9a8c35595ca110b1af4b4e9ca87dc6ac356675,0824de995be4df8286e04f923f31fd74155137b5eb25a6870a0541b2726977f6,2,5766e8fdd7c39ad4218d87c72fc8011af538332539064d61768baefded5bb1cb,proof_extension_beam_alpha_beta,0.3675518456319448,3785325.0,4179990.0,balanced:proof_extension_beam_alpha_beta,97577.0,25,0.0,0.0,0.0,0.0,116286.0,0.9259947910904884,7.984496124031008,0.359993,306002.0,0.0,0.6409,0.0,0,47.41418808652088,0,ended_with_n,87.85054866713472,D10000_seed2_balanced_proof_extension_beam_alpha_beta_vs_beam_alpha_beta,2000,300.0,1000,balanced,0,/Users/onumagakuto/Documents/最強しりとり/shiritori_ai/data/dictionaries/D10000_L2-12_seed2.runtime.json,beam_alpha_beta,0.31273472218687626,6439055.0,7102592.0,balanced:beam_alpha_beta,164458.0,11,0.0,0.0,0.0,0.0,208613.0,0.7542034580837935,8.720930232558139,0.334231,531736.0,0.0,0.563853,0.0,0,40.342779162107036,88c90c090688c0b0fd5bef8f8aab01497b7e583a448eaed959d068c43777a586,tune,258,258,first
c4ad512b37cbf598c6a8063c964e5a371ba9d9fd,10000,59edaee16af2b20642c56fa4bb9a8c35595ca110b1af4b4e9ca87dc6ac356675,0824de995be4df8286e04f923f31fd74155137b5eb25a6870a0541b2726977f6,2,5766e8fdd7c39ad4218d87c72fc8011af538332539064d61768baefded5bb1cb,beam_alpha_beta,0.26004586182534695,1697500.0,1889852.0,balanced:beam_alpha_beta,47204.0,3,0.0,0.0,0.0,0.0,56778.0,0.5922678338829428,8.902439024390244,0.301994,150456.0,0.0,0.459798,0.0,0,10.661880334839225,0,ended_with_n,22.376327833160758,D10000_seed2_balanced_beam_alpha_beta_vs_proof_extension_beam_alpha_beta,2000,300.0,1000,balanced,0,/Users/onumagakuto/Documents/最強しりとり/shiritori_ai/data/dictionaries/D10000_L2-12_seed2.runtime.json,proof_extension_beam_alpha_beta,0.285007718422382,913511.0,1015230.0,balanced:proof_extension_beam_alpha_beta,26129.0,7,0.0,0.0,0.0,0.0,26631.0,0.6672707081306726,8.195121951219512,0.274239,75349.0,0.0,0.605017,0.0,0,11.685316455317661,88c90c090688c0b0fd5bef8f8aab01497b7e583a448eaed959d068c43777a586,tune,82,82,first
c4ad512b37cbf598c6a8063c964e5a371ba9d9fd,10000,59edaee16af2b20642c56fa4bb9a8c35595ca110b1af4b4e9ca87dc6ac356675,0824de995be4df8286e04f923f31fd74155137b5eb25a6870a0541b2726977f6,2,5766e8fdd7c39ad4218d87c72fc8011af538332539064d61768baefded5bb1cb,research_adaptive_beam,0.3789033648535246,1999057.0,2251131.0,balanced:research_adaptive_beam,59215.0,15,0.0,0.0,0.0,0.0,76176.0,1.000020916806534,7.926829268292683,0.317236,174250.0,61736.0,0.914913,1232.0,2,15.535037958994508,0,ended_with_n,27.111223582876846,D10000_seed2_balanced_research_adaptive_beam_vs_beam_alpha_beta,2000,300.0,1000,balanced,0,/Users/onumagakuto/Documents/最強しりとり/shiritori_ai/data/dictionaries/D10000_L2-12_seed2.runtime.json,beam_alpha_beta,0.28928284061257725,1846185.0,2031918.0,balanced:beam_alpha_beta,45392.0,3,0.0,0.0,0.0,0.0,58710.0,0.5920303750317544,8.9,0.312739,148975.0,0.0,0.482324,0.0,0,11.571313624503091,88c90c090688c0b0fd5bef8f8aab01497b7e583a448eaed959d068c43777a586,tune,81,81,second
c4ad512b37cbf598c6a8063c964e5a371ba9d9fd,10000,59edaee16af2b20642c56fa4bb9a8c35595ca110b1af4b4e9ca87dc6ac356675,0824de995be4df8286e04f923f31fd74155137b5eb25a6870a0541b2726977f6,2,5766e8fdd7c39ad4218d87c72fc8011af538332539064d61768baefded5bb1cb,beam_alpha_beta,0.2761990781655186,5777471.0,6524161.0,balanced:beam_alpha_beta,183106.0,13,0.0,0.0,0.0,0.0,204027.0,0.7018037498928607,8.7734375,0.260921,568892.0,0.0,0.518074,0.0,0,35.35348200518638,0,ended_with_n,82.16929145902395,D10000_seed2_balanced_beam_alpha_beta_vs_research_adaptive_beam,2000,300.0,1000,balanced,0,/Users/onumagakuto/Documents/最強しりとり/shiritori_ai/data/dictionaries/D10000_L2-12_seed2.runtime.json,research_adaptive_beam,0.3656448349265702,7323788.0,8373328.0,balanced:research_adaptive_beam,259597.0,27,0.0,0.0,0.0,0.0,264766.0,1.0000218329951167,8.234375,0.365111,712319.0,230751.0,0.680427,6214.0,1,46.80253887060098,88c90c090688c0b0fd5bef8f8aab01497b7e583a448eaed959d068c43777a586,tune,256,256,first
c4ad512b37cbf598c6a8063c964e5a371ba9d9fd,10000,59edaee16af2b20642c56fa4bb9a8c35595ca110b1af4b4e9ca87dc6ac356675,0824de995be4df8286e04f923f31fd74155137b5eb25a6870a0541b2726977f6,2,5766e8fdd7c39ad4218d87c72fc8011af538332539064d61768baefded5bb1cb,dynamic_proof_extension_beam_alpha_beta,0.15678600464016199,722490.0,815033.0,balanced:dynamic_proof_extension_beam_alpha_beta,21314.0,7,0.0,0.0,0.0,0.0,21050.0,0.9996478331740946,8.6,0.059491,61649.0,0.0,0.68649,0.0,1,8.62323025520891,0,ended_with_n,14.175634500104934,D10000_seed2_balanced_dynamic_proof_extension_beam_alpha_beta_vs_beam_alpha_beta,2000,300.0,1000,balanced,0,/Users/onumagakuto/Documents/最強しりとり/shiritori_ai/data/dictionaries/D10000_L2-12_seed2.runtime.json,beam_alpha_beta,0.1021157277368561,1006172.0,1126718.0,balanced:beam_alpha_beta,29176.0,1,0.0,0.0,0.0,0.0,30362.0,0.3983620838262141,8.962962962962964,0.0379355,89117.0,0.0,0.386282,0.0,0,5.514249297790229,88c90c090688c0b0fd5bef8f8aab01497b7e583a448eaed959d068c43777a586,tune,109,109,second
c4ad512b37cbf598c6a8063c964e5a371ba9d9fd,10000,59edaee16af2b20642c56fa4bb9a8c35595ca110b1af4b4e9ca87dc6ac356675,0824de995be4df8286e04f923f31fd74155137b5eb25a6870a0541b2726977f6,2,5766e8fdd7c39ad4218d87c72fc8011af538332539064d61768baefded5bb1cb,beam_alpha_beta,0.3023094847586683,2596495.0,2892726.0,balanced:beam_alpha_beta,71481.0,7,0.0,0.0,0.0,0.0,95725.0,0.6511672909837216,8.854545454545455,0.325788,240050.0,0.0,0.596187,0.0,0,16.627021661726758,0,ended_with_n,36.65815795795061,D10000_seed2_balanced_beam_alpha_beta_vs_dynamic_proof_extension_beam_alpha_beta,2000,300.0,1000,balanced,0,/Users/onumagakuto/Documents/最強しりとり/shiritori_ai/data/dictionaries/D10000_L2-12_seed2.runtime.json,dynamic_proof_extension_beam_alpha_beta,0.3634894962634214,1275461.0,1438213.0,balanced:dynamic_proof_extension_beam_alpha_beta,33982.0,17,0.0,0.0,0.0,0.0,54655.0,0.9999588339123875,7.490909090909091,0.309117,117307.0,0.0,0.817125,0.0,2,19.991922294488177,88c90c090688c0b0fd5bef8f8aab01497b7e583a448eaed959d068c43777a586,tune,110,110,first
c4ad512b37cbf598c6a8063c964e5a371ba9d9fd,10000,9430924a31ff3031ca6a0557562252b2a8abd5f2f723486d0145f4d76a139622,9655389c78dc509775999df2e4a5d1582a9b97956cc353e7741341a8d786ad18,3,5766e8fdd7c39ad4218d87c72fc8011af538332539064d61768baefded5bb1cb,dynamic_beam_alpha_beta,0.22150388240623167,1399751.0,1567796.0,conservative:dynamic_beam_alpha_beta,39902.0,7,0.0,0.0,0.0,0.0,52087.0,1.0000298751983792,8.487179487179487,0.139246,123921.0,0.0,0.863657,0.0,1,8.638651413843036,0,ended_with_n,14.107123124878854,D10000_seed3_conservative_dynamic_beam_alpha_beta_vs_beam_alpha_beta,3000,300.0,1000,conservative,0,/Users/onumagakuto/Documents/最強しりとり/shiritori_ai/data/dictionaries/D10000_L2-12_seed3.runtime.json,beam_alpha_beta,0.13947411646875432,1070306.0,1194661.0,conservative:beam_alpha_beta,31030.0,1,0.0,0.0,0.0,0.0,32710.0,0.42980300006456673,8.948717948717949,0.107185,94235.0,0.0,0.345962,0.0,0,5.439490542281419,88c90c090688c0b0fd5bef8f8aab01497b7e583a448eaed959d068c43777a586,tune,78,78,first
c4ad512b37cbf598c6a8063c964e5a371ba9d9fd,10000,9430924a31ff3031ca6a0557562252b2a8abd5f2f723486d0145f4d76a139622,9655389c78dc509775999df2e4a5d1582a9b97956cc353e7741341a8d786ad18,3,5766e8fdd7c39ad4218d87c72fc8011af538332539064d61768baefded5bb1cb,beam_alpha_beta,0.25325735576020986,2111150.0,2348663.0,conservative:beam_alpha_beta,58616.0,1,0.0,0.0,0.0,0.0,68879.0,0.5586040839552879,8.961538461538462,0.2852075,184331.0,0.0,0.528453,0.0,0,13.169382499530911,0,ended_with_n,31.157664958154783,D10000_seed3_conservative_beam_alpha_beta_vs_dynamic_beam_alpha_beta,3000,300.0,1000,conservative,0,/Users/onumagakuto/Documents/最強しりとり/shiritori_ai/data/dictionaries/D10000_L2-12_seed3.runtime.json,dynamic_beam_alpha_beta,0.3451973325259482,2502589.0,2792414.0,conservative:dynamic_beam_alpha_beta,68232.0,9,0.0,0.0,0.0,0.0,93238.0,1.0000245831906796,8.384615384615385,0.353075,207574.0,0.0,0.846554,0.0,1,17.950261291349307,88c90c090688c0b0fd5bef8f8aab01497b7e583a448eaed959d068c43777a586,tune,104,104,first
c4ad512b37cbf598c6a8063c964e5a371ba9d9fd,10000,9430924a31ff3031ca6a0557562252b2a8abd5f2f723486d0145f4d76a139622,9655389c78dc509775999df2e4a5d1582a9b97956cc353e7741341a8d786ad18,3,5766e8fdd7c39ad4218d87c72fc8011af538332539064d61768baefded5bb1cb,dynamic_beam_pvs,0.20245736001584774,1297423.0,1457244.0,conservative:dynamic_beam_pvs,40913.0,9,0.0,0.0,0.0,0.0,45461.0,0.8022372089326382,8.564102564102564,0.149055,113818.0,49000.0,0.670087,636.0,0,7.895837040618062,0,ended_with_n,13.3947148330044,D10000_seed3_conservative_dynamic_beam_pvs_vs_beam_alpha_beta,3000,300.0,1000,conservative,0,/Users/onumagakuto/Documents/最強しりとり/shiritori_ai/data/dictionaries/D10000_L2-12_seed3.runtime.json,beam_alpha_beta,0.14024151497496626,1070306.0,1194661.0,conservative:beam_alpha_beta,31030.0,1,0.0,0.0,0.0,0.0,32710.0,0.42687279102392495,8.948717948717949,0.111371,94235.0,0.0,0.342426,0.0,0,5.469419084023684,88c90c090688c0b0fd5bef8f8aab01497b7e583a448eaed959d068c43777a586,tune,78,78,first
c4ad512b37cbf598c6a8063c964e5a371ba9d9fd,10000,9430924a31ff3031ca6a0557562252b2a8abd5f2f723486d0145f4d76a139622,9655389c78dc509775999df2e4a5d1582a9b97956cc353e7741341a8d786ad18,3,5766e8fdd7c39ad4218d87c72fc8011af538332539064d61768baefded5bb1cb,beam_alpha_beta,0.2366918634157628,2501922.0,2777037.0,conservative:beam_alpha_beta,67598.0,1,0.0,0.0,0.0,0.0,77475.0,0.5602937079966068,8.96923076923077,0.181406,210753.0,0.0,0.512912,0.0,0,15.38497112202458,0,ended_with_n,34.00364041700959,D10000_seed3_conservative_beam_alpha_beta_vs_dynamic_beam_pvs,3000,300.0,1000,conservative,0,/Users/onumagakuto/Documents/最強しりとり/shiritori_ai/data/dictionaries/D10000_L2-12_seed3.runtime.json,dynamic_beam_pvs,0.2857047339399847,2629414.0,2943053.0,conservative:dynamic_beam_pvs,77184.0,11,0.0,0.0,0.0,0.0,92376.0,0.6847021661233157,8.384615384615385,0.240799,216394.0,92053.0,0.604654,1050.0,0,18.570807706099004,88c90c090688c0b0fd5bef8f8aab01497b7e583a448eaed959d068c43777a586,tune,130,130,first
c4ad512b37cbf598c6a8063c964e5a371ba9d9fd,10000,9430924a31ff3031ca6a0557562252b2a8abd5f2f723486d0145f4d76a139622,9655389c78dc509775999df2e4a5d1582a9b97956cc353e7741341a8d786ad18,3,5766e8fdd7c39ad4218d87c72fc8011af538332539064d61768baefded5bb1cb,endgame_exact_hybrid,0.18084844558213192,1364985.0,1523968.0,conservative:endgame_exact_hybrid,39909.0,1,0.0,0.0,0.0,0.0,40965.0,0.43859404185786843,8.948717948717949,0.174465,119520.0,0.0,0.426364,0.0,0,7.053089377703145,0,ended_with_n,12.573370791971684,D10000_seed3_conservative_endgame_exact_hybrid_vs_beam_alpha_beta,3000,300.0,1000,conservative,0,/Users/onumagakuto/Documents/最強しりとり/shiritori_ai/data/dictionaries/D10000_L2-12_seed3.runtime.json,beam_alpha_beta,0.14083288999226612,1070306.0,1194661.0,conservative:beam_alpha_beta,31030.0,1,0.0,0.0,0.0,0.0,32710.0,0.43091874988749623,8.948717948717949,0.114257,94235.0,0.0,0.356166,0.0,0,5.492482709698379,88c90c090688c0b0fd5bef8f8aab01497b7e583a448eaed959d068c43777a586,tune,78,78,first
c4ad512b37cbf598c6a8063c964e5a371ba9d9fd,10000,9430924a31ff3031ca6a0557562252b2a8abd5f2f723486d0145f4d76a139622,9655389c78dc509775999df2e4a5d1582a9b97956cc353e7741341a8d786ad18,3,5766e8fdd7c39ad4218d87c72fc8011af538332539064d61768baefded5bb1cb,beam_alpha_beta,0.18062078305639517,1364985.0,1523968.0,conservative:beam_alpha_beta,39909.0,1,0.0,0.0,0.0,0.0,40965.0,0.43532433407381177,8.948717948717949,0.176451,119520.0,0.0,0.432678,0.0,0,7.044210539199412,0,ended_with_n,12.568757750093937,D10000_seed3_conservative_beam_alpha_beta_vs_endgame_exact_hybrid,3000,300.0,1000,conservative,0,/Users/onumagakuto/Documents/最強しりとり/shiritori_ai/data/dictionaries/D10000_L2-12_seed3.runtime.json,endgame_exact_hybrid,0.14096699675951058,1070306.0,1194660.0,conservative:endgame_exact_hybrid,31030.0,1,0.0,0.0,0.0,0.0,32710.0,0.4305414999835193,8.717948717948717,0.108298,94236.0,0.0,0.350086,0.0,0,5.497712873620912,88c90c090688c0b0fd5bef8f8aab01497b7e583a448eaed959d068c43777a586,tune,78,78,first
c4ad512b37cbf598c6a8063c964e5a371ba9d9fd,10000,9430924a31ff3031ca6a0557562252b2a8abd5f2f723486d0145f4d76a139622,9655389c78dc509775999df2e4a5d1582a9b97956cc353e7741341a8d786ad18,3,5766e8fdd7c39ad4218d87c72fc8011af538332539064d61768baefded5bb1cb,proof_extension_beam_alpha_beta,0.28184448070943546,937534.0,1048430.0,conservative:proof_extension_beam_alpha_beta,28609.0,5,0.0,0.0,0.0,0.0,26587.0,0.7423709579743445,8.333333333333334,0.294657,81140.0,0.0,0.581913,0.0,0,10.991934747667983,0,ended_with_n,16.899368667043746,D10000_seed3_conservative_proof_extension_beam_alpha_beta_vs_beam_alpha_beta,3000,300.0,1000,conservative,0,/Users/onumagakuto/Documents/最強しりとり/shiritori_ai/data/dictionaries/D10000_L2-12_seed3.runtime.json,beam_alpha_beta,0.15075186860317794,1137288.0,1270835.0,conservative:beam_alpha_beta,33733.0,1,0.0,0.0,0.0,0.0,35523.0,0.5034883338958025,8.948717948717949,0.107538,101592.0,0.0,0.415366,0.0,0,5.87932287552394,88c90c090688c0b0fd5bef8f8aab01497b7e583a448eaed959d068c43777a586,tune,78,78,first
c4ad512b37cbf598c6a8063c964e5a371ba9d9fd,10000,9430924a31ff3031ca6a0557562252b2a8abd5f2f723486d0145f4d76a139622,9655389c78dc509775999df2e4a5d1582a9b97956cc353e7741341a8d786ad18,3,5766e8fdd7c39ad4218d87c72fc8011af538332539064d61768baefded5bb1cb,beam_alpha_beta,0.2382144710441169,3826211.0,4241157.0,conservative:beam_alpha_beta,104595.0,1,0.0,0.0,0.0,0.0,108188.0,0.4452517500612885,8.978947368421053,0.268053,310042.0,0.0,0.429257,0.0,0,22.630374749191105,0,ended_with_n,56.033504666993394,D10000_seed3_conservative_beam_alpha_beta_vs_proof_extension_beam_alpha_beta,3000,300.0,1000,conservative,0,/Users/onumagakuto/Documents/最強しりとり/shiritori_ai/data/dictionaries/D10000_L2-12_seed3.runtime.json,proof_extension_beam_alpha_beta,0.35089939559907896,2533132.0,2814640.0,conservative:proof_extension_beam_alpha_beta,72672.0,27,0.0,0.0,0.0,0.0,70708.0,0.8986160829663277,8.105263157894736,0.314173,205236.0,0.0,0.68222,0.0,0,33.3354425819125,88c90c090688c0b0fd5bef8f8aab01497b7e583a448eaed959d068c43777a586,tune,190,190,first
c4ad512b37cbf598c6a8063c964e5a371ba9d9fd,10000,9430924a31ff3031ca6a0557562252b2a8abd5f2f723486d0145f4d76a139622,9655389c78dc509775999df2e4a5d1582a9b97956cc353e7741341a8d786ad18,3,5766e8fdd7c39ad4218d87c72fc8011af538332539064d61768baefded5bb1cb,research_adaptive_beam,0.30811805444626283,1986731.0,2230733.0,conservative:research_adaptive_beam,61581.0,7,0.0,0.0,0.0,0.0,65668.0,1.0000181661453098,8.461538461538462,0.252735,172529.0,46748.0,0.934603,682.0,1,12.01660412340425,0,ended_with_n,17.565816625021398,D10000_seed3_conservative_research_adaptive_beam_vs_beam_alpha_beta,3000,300.0,1000,conservative,0,/Users/onumagakuto/Documents/最強しりとり/shiritori_ai/data/dictionaries/D10000_L2-12_seed3.runtime.json,beam_alpha_beta,0.1421856956425099,1070306.0,1194661.0,conservative:beam_alpha_beta,31030.0,1,0.0,0.0,0.0,0.0,32710.0,0.43035695888102055,8.948717948717949,0.108249,94235.0,0.0,0.350127,0.0,0,5.545242130057886,88c90c090688c0b0fd5bef8f8aab01497b7e583a448eaed959d068c43777a586,tune,78,78,first
c4ad512b37cbf598c6a8063c964e5a371ba9d9fd,10000,9430924a31ff3031ca6a0557562252b2a8abd5f2f723486d0145f4d76a139622,9655389c78dc509775999df2e4a5d1582a9b97956cc353e7741341a8d786ad18,3,5766e8fdd7c39ad4218d87c72fc8011af538332539064d61768baefded5bb1cb,beam_alpha_beta,0.13353684467374874,2324217.0,2594710.0,conservative:beam_alpha_beta,64232.0,1,0.0,0.0,0.0,0.0,65765.0,0.45218033296987414,8.978260869565217,0.1258845,197037.0,0.0,0.331533,0.0,0,12.285389709984884,0,ended_with_n,38.312538458034396,D10000_seed3_conservative_beam_alpha_beta_vs_research_adaptive_beam,3000,300.0,1000,conservative,0,/Users/onumagakuto/Documents/最強しりとり/shiritori_ai/data/dictionaries/D10000_L2-12_seed3.runtime.json,research_adaptive_beam,0.28591034841048274,4812237.0,5399885.0,conservative:research_adaptive_beam,145295.0,5,0.0,0.0,0.0,0.0,132215.0,0.7908611670136452,8.703296703296703,0.260258,398361.0,75863.0,0.494694,1961.0,0,26.01784170535393,88c90c090688c0b0fd5bef8f8aab01497b7e583a448eaed959d068c43777a586,tune,183,183,second
c4ad512b37cbf598c6a8063c964e5a371ba9d9fd,10000,9430924a31ff3031ca6a0557562252b2a8abd5f2f723486d0145f4d76a139622,9655389c78dc509775999df2e4a5d1582a9b97956cc353e7741341a8d786ad18,3,5766e8fdd7c39ad4218d87c72fc8011af538332539064d61768baefded5bb1cb,dynamic_proof_extension_beam_alpha_beta,0.30739478186067,846148.0,951240.0,conservative:dynamic_proof_extension_beam_alpha_beta,25502.0,9,0.0,0.0,0.0,0.0,28424.0,0.9109925420489162,7.868421052631579,0.289376,75980.0,0.0,0.791893,0.0,0,11.68100171070546,0,ended_with_n,17.843179249903187,D10000_seed3_conservative_dynamic_proof_extension_beam_alpha_beta_vs_beam_alpha_beta,3000,300.0,1000,conservative,0,/Users/onumagakuto/Documents/最強しりとり/shiritori_ai/data/dictionaries/D10000_L2-12_seed3.runtime.json,beam_alpha_beta,0.1658177601513327,1140629.0,1274468.0,conservative:beam_alpha_beta,34016.0,1,0.0,0.0,0.0,0.0,36120.0,0.5189209999516606,8.945945945945946,0.137001,102042.0,0.0,0.426968,0.0,0,6.13525712559931,88c90c090688c0b0fd5bef8f8aab01497b7e583a448eaed959d068c43777a586,tune,75,75,second
c4ad512b37cbf598c6a8063c964e5a371ba9d9fd,10000,9430924a31ff3031ca6a0557562252b2a8abd5f2f723486d0145f4d76a139622,9655389c78dc509775999df2e4a5d1582a9b97956cc353e7741341a8d786ad18,3,5766e8fdd7c39ad4218d87c72fc8011af538332539064d61768baefded5bb1cb,beam_alpha_beta,0.11940936842111974,3033848.0,3397196.0,conservative:beam_alpha_beta,87435.0,1,0.0,0.0,0.0,0.0,79470.0,0.501411542063579,8.984251968503937,0.093203,256724.0,0.0,0.328,0.0,0,15.164989789482206,0,ended_with_n,42.35074562509544,D10000_seed3_conservative_beam_alpha_beta_vs_dynamic_proof_extension_beam_alpha_beta,3000,300.0,1000,conservative,0,/Users/onumagakuto/Documents/最強しりとり/shiritori_ai/data/dictionaries/D10000_L2-12_seed3.runtime.json,dynamic_proof_extension_beam_alpha_beta,0.21336656128144346,2349008.0,2639537.0,conservative:dynamic_proof_extension_beam_alpha_beta,68450.0,11,0.0,0.0,0.0,0.0,61970.0,0.8094907919876277,8.559055118110237,0.181284,198828.0,0.0,0.543488,0.0,0,27.09755328274332,88c90c090688c0b0fd5bef8f8aab01497b7e583a448eaed959d068c43777a586,tune,254,254,first
c4ad512b37cbf598c6a8063c964e5a371ba9d9fd,10000,9430924a31ff3031ca6a0557562252b2a8abd5f2f723486d0145f4d76a139622,9655389c78dc509775999df2e4a5d1582a9b97956cc353e7741341a8d786ad18,3,5766e8fdd7c39ad4218d87c72fc8011af538332539064d61768baefded5bb1cb,dynamic_beam_alpha_beta,0.13212069329181378,2341106.0,2628248.0,balanced:dynamic_beam_alpha_beta,69191.0,5,0.0,0.0,0.0,0.0,69628.0,0.6778939592186362,8.934065934065934,0.091748,208543.0,0.0,0.434772,0.0,0,12.022983089555055,0,ended_with_n,23.35235995799303,D10000_seed3_balanced_dynamic_beam_alpha_beta_vs_beam_alpha_beta,3000,300.0,1000,balanced,0,/Users/onumagakuto/Documents/最強しりとり/shiritori_ai/data/dictionaries/D10000_L2-12_seed3.runtime.json,beam_alpha_beta,0.12515044210530404,2433209.0,2731395.0,balanced:beam_alpha_beta,72248.0,1,0.0,0.0,0.0,0.0,66570.0,0.4221420418471098,8.977777777777778,0.1090645,217005.0,0.0,0.289676,0.0,0,11.263539789477363,88c90c090688c0b0fd5bef8f8aab01497b7e583a448eaed959d068c43777a586,tune,181,181,second
c4ad512b37cbf598c6a8063c964e5a371ba9d9fd,10000,9430924a31ff3031ca6a0557562252b2a8abd5f2f723486d0145f4d76a139622,9655389c78dc509775999df2e4a5d1582a9b97956cc353e7741341a8d786ad18,3,5766e8fdd7c39ad4218d87c72fc8011af538332539064d61768baefded5bb1cb,beam_alpha_beta,0.21998297695393618,1964351.0,2192083.0,balanced:beam_alpha_beta,56526.0,1,0.0,0.0,0.0,0.0,64157.0,0.46421695803292096,8.959183673469388,0.180216,176339.0,0.0,0.433892,0.0,0,10.779165870742872,0,ended_with_n,21.81389325018972,D10000_seed3_balanced_beam_alpha_beta_vs_dynamic_beam_alpha_beta,3000,300.0,1000,balanced,0,/Users/onumagakuto/Documents/最強しりとり/shiritori_ai/data/dictionaries/D10000_L2-12_seed3.runtime.json,dynamic_beam_alpha_beta,0.2244798282484467,1821369.0,2040248.0,balanced:dynamic_beam_alpha_beta,51428.0,3,0.0,0.0,0.0,0.0,63962.0,0.7176372499670833,8.877551020408163,0.17392,160969.0,0.0,0.558508,0.0,0,10.999511584173888,88c90c090688c0b0fd5bef8f8aab01497b7e583a448eaed959d068c43777a586,tune,98,98,first
c4ad512b37cbf598c6a8063c964e5a371ba9d9fd,10000,9430924a31ff3031ca6a0557562252b2a8abd5f2f723486d0145f4d76a139622,9655389c78dc509775999df2e4a5d1582a9b97956cc353e7741341a8d786ad18,3,5766e8fdd7c39ad4218d87c72fc8011af538332539064d61768baefded5bb1cb,dynamic_beam_pvs,0.14329238328315153,2711124.0,3044279.0,balanced:dynamic_beam_pvs,91296.0,3,0.0,0.0,0.0,0.0,69648.0,0.6611556250136346,8.956043956043956,0.10991,232562.0,83187.0,0.356676,2776.0,0,13.03960687876679,0,ended_with_n,24.390513584017754,D10000_seed3_balanced_dynamic_beam_pvs_vs_beam_alpha_beta,3000,300.0,1000,balanced,0,/Users/onumagakuto/Documents/最強しりとり/shiritori_ai/data/dictionaries/D10000_L2-12_seed3.runtime.json,beam_alpha_beta,0.12539482456114556,2433209.0,2731395.0,balanced:beam_alpha_beta,72248.0,1,0.0,0.0,0.0,0.0,66570.0,0.42523812502622604,8.977777777777778,0.10946149999999999,217005.0,0.0,0.280695,0.0,0,11.285534210503101,88c90c090688c0b0fd5bef8f8aab01497b7e583a448eaed959d068c43777a586,tune,181,181,second
c4ad512b37cbf598c6a8063c964e5a371ba9d9fd,10000,9430924a31ff3031ca6a0557562252b2a8abd5f2f723486d0145f4d76a139622,9655389c78dc509775999df2e4a5d1582a9b97956cc353e7741341a8d786ad18,3,5766e8fdd7c39ad4218d87c72fc8011af538332539064d61768baefded5bb1cb,beam_alpha_beta,0.21996369809672542,1964351.0,2192083.0,balanced:beam_alpha_beta,56526.0,1,0.0,0.0,0.0,0.0,64157.0,0.46442558290436864,8.959183673469388,0.181437,176339.0,0.0,0.440717,0.0,0,10.778221206739545,0,ended_with_n,21.784357416909188,D10000_seed3_balanced_beam_alpha_beta_vs_dynamic_beam_pvs,3000,300.0,1000,balanced,0,/Users/onumagakuto/Documents/最強しりとり/shiritori_ai/data/dictionaries/D10000_L2-12_seed3.runtime.json,dynamic_beam_pvs,0.22388435710620666,1920793.0,2149207.0,balanced:dynamic_beam_pvs,60973.0,3,0.0,0.0,0.0,0.0,58768.0,0.6789276248309761,8.877551020408163,0.171777,161000.0,61966.0,0.500563,1164.0,0,10.970333498204127,88c90c090688c0b0fd5bef8f8aab01497b7e583a448eaed959d068c43777a586,tune,98,98,first
c4ad512b37cbf598c6a8063c964e5a371ba9d9fd,10000,9430924a31ff3031ca6a0557562252b2a8abd5f2f723486d0145f4d76a139622,9655389c78dc509775999df2e4a5d1582a9b97956cc353e7741341a8d786ad18,3,5766e8fdd7c39ad4218d87c72fc8011af538332539064d61768baefded5bb1cb,endgame_exact_hybrid,0.18039957258420494,1364985.0,1523968.0,balanced:endgame_exact_hybrid,39909.0,1,0.0,0.0,0.0,0.0,40965.0,0.43414841615594923,8.948717948717949,0.180236,119520.0,0.0,0.428709,0.0,0,7.035583330783993,0,ended_with_n,12.529904166935012,D10000_seed3_balanced_endgame_exact_hybrid_vs_beam_alpha_beta,3000,300.0,1000,balanced,0,/Users/onumagakuto/Documents/最強しりとり/shiritori_ai/data/dictionaries/D10000_L2-12_seed3.runtime.json,beam_alpha_beta,0.14016028205888012,1070306.0,1194661.0,balanced:beam_alpha_beta,31030.0,1,0.0,0.0,0.0,0.0,32710.0,0.42300429102033377,8.948717948717949,0.11035,94235.0,0.0,0.350329,0.0,0,5.4662510002963245,88c90c090688c0b0fd5bef8f8aab01497b7e583a448eaed959d068c43777a586,tune,78,78,first
c4ad512b37cbf598c6a8063c964e5a371ba9d9fd,10000,9430924a31ff3031ca6a0557562252b2a8abd5f2f723486d0145f4d76a139622,9655389c78dc509775999df2e4a5d1582a9b97956cc353e7741341a8d786ad18,3,5766e8fdd7c39ad4218d87c72fc8011af538332539064d61768baefded5bb1cb,beam_alpha_beta,0.1804939743776161,1364985.0,1523968.0,balanced:beam_alpha_beta,39909.0,1,0.0,0.0,0.0,0.0,40965.0,0.43522358406335115,8.948717948717949,0.17455,119520.0,0.0,0.425754,0.0,0,7.039265000727028,0,ended_with_n,12.558060541981831,D10000_seed3_balanced_beam_alpha_beta_vs_endgame_exact_hybrid,3000,300.0,1000,balanced,0,/Users/onumagakuto/Documents/最強しりとり/shiritori_ai/data/dictionaries/D10000_L2-12_seed3.runtime.json,endgame_exact_hybrid,0.14079623718340045,1070306.0,1194660.0,balanced:endgame_exact_hybrid,31030.0,1,0.0,0.0,0.0,0.0,32710.0,0.4270199160091579,8.717948717948717,0.10843,94236.0,0.0,0.349239,0.0,0,5.491053250152618,88c90c090688c0b0fd5bef8f8aab01497b7e583a448eaed959d068c43777a586,tune,78,78,first
c4ad512b37cbf598c6a8063c964e5a371ba9d9fd,10000,9430924a31ff3031ca6a0557562252b2a8abd5f2f723486d0145f4d76a139622,9655389c78dc509775999df2e4a5d1582a9b97956cc353e7741341a8d786ad18,3,5766e8fdd7c39ad4218d87c72fc8011af538332539064d61768baefded5bb1cb,proof_extension_beam_alpha_beta,0.278759284153915,937534.0,1048430.0,balanced:proof_extension_beam_alpha_beta,28609.0,5,0.0,0.0,0.0,0.0,26587.0,0.7241295408457518,8.333333333333334,0.289909,81140.0,0.0,0.573251,0.0,0,10.871612082002684,0,ended_with_n,16.758451000088826,D10000_seed3_balanced_proof_extension_beam_alpha_beta_vs_beam_alpha_beta,3000,300.0,1000,balanced,0,/Users/onumagakuto/Documents/最強しりとり/shiritori_ai/data/dictionaries/D10000_L2-12_seed3.runtime.json,beam_alpha_beta,0.15022906304026643,1137288.0,1270835.0,balanced:beam_alpha_beta,33733.0,1,0.0,0.0,0.0,0.0,35523.0,0.5155662081670016,8.948717948717949,0.107961,101592.0,0.0,0.415247,0.0,0,5.858933458570391,88c90c090688c0b0fd5bef8f8aab01497b7e583a448eaed959d068c43777a586,tune,78,78,first
c4ad512b37cbf598c6a8063c964e5a371ba9d9fd,10000,9430924a31ff3031ca6a0557562252b2a8abd5f2f723486d0145f4d76a139622,9655389c78dc509775999df2e4a5d1582a9b97956cc353e7741341a8d786ad18,3,5766e8fdd7c39ad4218d87c72fc8011af538332539064d61768baefded5bb1cb,beam_alpha_beta,0.24212782960438,3484504.0,3861910.0,balanced:beam_alpha_beta,94727.0,1,0.0,0.0,0.0,0.0,99185.0,0.5524262499529868,8.977272727272727,0.2641255,282574.0,0.0,0.430511,0.0,0,21.30724900518544,0,ended_with_n,53.59666849998757,D10000_seed3_balanced_beam_alpha_beta_vs_proof_extension_beam_alpha_beta,3000,300.0,1000,balanced,0,/Users/onumagakuto/Documents/最強しりとり/shiritori_ai/data/dictionaries/D10000_L2-12_seed3.runtime.json,proof_extension_beam_alpha_beta,0.36618016905214806,2191789.0,2436963.0,balanced:proof_extension_beam_alpha_beta,63118.0,23,0.0,0.0,0.0,0.0,62642.0,1.0167088750749826,7.909090909090909,0.35267950000000003,179237.0,0.0,0.711339,0.0,1,32.22385487658903,88c90c090688c0b0fd5bef8f8aab01497b7e583a448eaed959d068c43777a586,tune,176,176,first
c4ad512b37cbf598c6a8063c964e5a371ba9d9fd,10000,9430924a31ff3031ca6a0557562252b2a8abd5f2f723486d0145f4d76a139622,9655389c78dc509775999df2e4a5d1582a9b97956cc353e7741341a8d786ad18,3,5766e8fdd7c39ad4218d87c72fc8011af538332539064d61768baefded5bb1cb,research_adaptive_beam,0.2403197564225603,4508224.0,5077348.0,balanced:research_adaptive_beam,150622.0,9,0.0,0.0,0.0,0.0,121712.0,1.0000196669716388,8.835164835164836,0.214023,397576.0,106608.0,0.551934,3231.0,1,21.869097834452987,0,ended_with_n,33.17282929108478,D10000_seed3_balanced_research_adaptive_beam_vs_beam_alpha_beta,3000,300.0,1000,balanced,0,/Users/onumagakuto/Documents/最強しりとり/shiritori_ai/data/dictionaries/D10000_L2-12_seed3.runtime.json,beam_alpha_beta,0.12549845652085626,2433209.0,2731395.0,balanced:beam_alpha_beta,72248.0,1,0.0,0.0,0.0,0.0,66570.0,0.425838541937992,8.977777777777778,0.11079900000000001,217005.0,0.0,0.280975,0.0,0,11.294861086877063,88c90c090688c0b0fd5bef8f8aab01497b7e583a448eaed959d068c43777a586,tune,181,181,second
c4ad512b37cbf598c6a8063c964e5a371ba9d9fd,10000,9430924a31ff3031ca6a0557562252b2a8abd5f2f723486d0145f4d76a139622,9655389c78dc509775999df2e4a5d1582a9b97956cc353e7741341a8d786ad18,3,5766e8fdd7c39ad4218d87c72fc8011af538332539064d61768baefded5bb1cb,beam_alpha_beta,0.23654194525443017,1816163.0,2008836.0,balanced:beam_alpha_beta,48806.0,1,0.0,0.0,0.0,0.0,56132.0,0.4594678748399019,8.954545454545455,0.25632699999999997,149668.0,0.0,0.425645,0.0,0,10.407845591194928,0,ended_with_n,27.300053667044267,D10000_seed3_balanced_beam_alpha_beta_vs_research_adaptive_beam,3000,300.0,1000,balanced,0,/Users/onumagakuto/Documents/最強しりとり/shiritori_ai/data/dictionaries/D10000_L2-12_seed3.runtime.json,research_adaptive_beam,0.3837875719975934,2131040.0,2384951.0,balanced:research_adaptive_beam,61598.0,19,0.0,0.0,0.0,0.0,85993.0,1.0000229158904403,7.568181818181818,0.32660449999999996,185322.0,71383.0,0.853015,891.0,2,16.88665316789411,88c90c090688c0b0fd5bef8f8aab01497b7e583a448eaed959d068c43777a586,tune,88,88,first
c4ad512b37cbf598c6a8063c964e5a371ba9d9fd,10000,9430924a31ff3031ca6a0557562252b2a8abd5f2f723486d0145f4d76a139622,9655389c78dc509775999df2e4a5d1582a9b97956cc353e7741341a8d786ad18,3,5766e8fdd7c39ad4218d87c72fc8011af538332539064d61768baefded5bb1cb,dynamic_proof_extension_beam_alpha_beta,0.22762385765456836,1847656.0,2077687.0,balanced:dynamic_proof_extension_beam_alpha_beta,55795.0,7,0.0,0.0,0.0,0.0,50807.0,0.7761887081433088,8.640449438202246,0.201064,164905.0,0.0,0.455406,0.0,0,20.258523331256583,0,ended_with_n,32.74840758298524,D10000_seed3_balanced_dynamic_proof_extension_beam_alpha_beta_vs_beam_alpha_beta,3000,300.0,1000,balanced,0,/Users/onumagakuto/Documents/最強しりとり/shiritori_ai/data/dictionaries/D10000_L2-12_seed3.runtime.json,beam_alpha_beta,0.14118373773685147,2520071.0,2828554.0,balanced:beam_alpha_beta,75586.0,1,0.0,0.0,0.0,0.0,70263.0,0.5450841658748686,8.977272727272727,0.1193455,225683.0,0.0,0.346653,0.0,0,12.42416892084293,88c90c090688c0b0fd5bef8f8aab01497b7e583a448eaed959d068c43777a586,tune,177,177,second
c4ad512b37cbf598c6a8063c964e5a371ba9d9fd,10000,9430924a31ff3031ca6a0557562252b2a8abd5f2f723486d0145f4d76a139622,9655389c78dc509775999df2e4a5d1582a9b97956cc353e7741341a8d786ad18,3,5766e8fdd7c39ad4218d87c72fc8011af538332539064d61768baefded5bb1cb,beam_alpha_beta,0.18174083820194936,4261282.0,4739233.0,balanced:beam_alpha_beta,114713.0,1,0.0,0.0,0.0,0.0,131393.0,0.4657832500524819,8.983333333333333,0.17502600000000001,363057.0,0.0,0.337132,0.0,0,21.808900584233925,0,ended_with_n,60.297624417115,D10000_seed3_balanced_beam_alpha_beta_vs_dynamic_proof_extension_beam_alpha_beta,3000,300.0,1000,balanced,0,/Users/onumagakuto/Documents/最強しりとり/shiritori_ai/data/dictionaries/D10000_L2-12_seed3.runtime.json,dynamic_proof_extension_beam_alpha_beta,0.3200377517612651,3305074.0,3676228.0,balanced:dynamic_proof_extension_beam_alpha_beta,89310.0,15,0.0,0.0,0.0,0.0,93711.0,0.9994997091125697,8.591666666666667,0.3281355,264518.0,0.0,0.592033,0.0,1,38.40453021135181,88c90c090688c0b0fd5bef8f8aab01497b7e583a448eaed959d068c43777a586,tune,240,240,first
c4ad512b37cbf598c6a8063c964e5a371ba9d9fd,10000,111970c79836f310a1c9dac9d12efec6728a91c2dcdec5d45abc93eb83f42f02,35e9227570c996ccac4b63270c44f70172e04d094ba16a13f1f9d3ee41415bff,4,5766e8fdd7c39ad4218d87c72fc8011af538332539064d61768baefded5bb1cb,dynamic_beam_alpha_beta,0.354619505116716,2490556.0,2800757.0,conservative:dynamic_beam_alpha_beta,64772.0,21,0.0,0.0,0.0,0.0,113413.0,1.0000313750933856,7.816326530612245,0.257301,227341.0,0.0,1.000026,0.0,4,17.376355750719085,0,ended_with_n,31.803682916099206,D10000_seed4_conservative_dynamic_beam_alpha_beta_vs_beam_alpha_beta,4000,300.0,1000,conservative,0,/Users/onumagakuto/Documents/最強しりとり/shiritori_ai/data/dictionaries/D10000_L2-12_seed4.runtime.json,beam_alpha_beta,0.29980565365985967,2586049.0,2860431.0,conservative:beam_alpha_beta,67024.0,9,0.0,0.0,0.0,0.0,85091.0,0.7068521250039339,8.791666666666666,0.319955,218939.0,0.0,0.582602,0.0,0,14.390671375673264,88c90c090688c0b0fd5bef8f8aab01497b7e583a448eaed959d068c43777a586,tune,97,97,second
c4ad512b37cbf598c6a8063c964e5a371ba9d9fd,10000,111970c79836f310a1c9dac9d12efec6728a91c2dcdec5d45abc93eb83f42f02,35e9227570c996ccac4b63270c44f70172e04d094ba16a13f1f9d3ee41415bff,4,5766e8fdd7c39ad4218d87c72fc8011af538332539064d61768baefded5bb1cb,beam_alpha_beta,0.25511684774005033,7387968.0,8217623.0,conservative:beam_alpha_beta,209192.0,3,0.0,0.0,0.0,0.0,211433.0,0.656428457936272,8.97163120567376,0.269905,629952.0,0.0,0.423678,0.0,0,35.971475531347096,0,ended_with_n,75.2387427908834,D10000_seed4_conservative_beam_alpha_beta_vs_dynamic_beam_alpha_beta,4000,300.0,1000,conservative,0,/Users/onumagakuto/Documents/最強しりとり/shiritori_ai/data/dictionaries/D10000_L2-12_seed4.runtime.json,dynamic_beam_alpha_beta,0.27974860534471063,7733002.0,8606865.0,conservative:dynamic_beam_alpha_beta,216808.0,13,0.0,0.0,0.0,0.0,235074.0,1.0000272090546787,8.835714285714285,0.25878199999999996,658537.0,0.0,0.43829,0.0,2,39.164804748259485,88c90c090688c0b0fd5bef8f8aab01497b7e583a448eaed959d068c43777a586,tune,281,281,second
c4ad512b37cbf598c6a8063c964e5a371ba9d9fd,10000,111970c79836f310a1c9dac9d12efec6728a91c2dcdec5d45abc93eb83f42f02,35e9227570c996ccac4b63270c44f70172e04d094ba16a13f1f9d3ee41415bff,4,5766e8fdd7c39ad4218d87c72fc8011af538332539064d61768baefded5bb1cb,dynamic_beam_pvs,0.3492859388292976,2200416.0,2470131.0,conservative:dynamic_beam_pvs,61751.0,17,0.0,0.0,0.0,0.0,92754.0,1.0000582500360906,8.0,0.297973,190018.0,91970.0,0.730493,1089.0,2,17.115011002635583,0,ended_with_n,29.89990383409895,D10000_seed4_conservative_dynamic_beam_pvs_vs_beam_alpha_beta,4000,300.0,1000,conservative,0,/Users/onumagakuto/Documents/最強しりとり/shiritori_ai/data/dictionaries/D10000_L2-12_seed4.runtime.json,beam_alpha_beta,0.26008347198557186,2034784.0,2244890.0,conservative:beam_alpha_beta,52504.0,5,0.0,0.0,0.0,0.0,63936.0,0.7489815000444651,8.877551020408163,0.232224,166197.0,0.0,0.567983,0.0,0,12.74409012729302,88c90c090688c0b0fd5bef8f8aab01497b7e583a448eaed959d068c43777a586,tune,98,98,first
c4ad512b37cbf598c6a8063c964e5a371ba9d9fd,10000,111970c79836f310a1c9dac9d12efec6728a91c2dcdec5d45abc93eb83f42f02,35e9227570c996ccac4b63270c44f70172e04d094ba16a13f1f9d3ee41415bff,4,5766e8fdd7c39ad4218d87c72fc8011af538332539064d61768baefded5bb1cb,beam_alpha_beta,0.20604360316661244,7173543.0,7949573.0,conservative:beam_alpha_beta,193466.0,3,0.0,0.0,0.0,0.0,189026.0,0.6627289580646902,8.975903614457831,0.186313,582112.0,0.0,0.409989,0.0,0,34.20323812565766,0,ended_with_n,78.87800604198128,D10000_seed4_conservative_beam_alpha_beta_vs_dynamic_beam_pvs,4000,300.0,1000,conservative,0,/Users/onumagakuto/Documents/最強しりとり/shiritori_ai/data/dictionaries/D10000_L2-12_seed4.runtime.json,dynamic_beam_pvs,0.2683730319055381,9159100.0,10195122.0,conservative:dynamic_beam_pvs,277937.0,15,0.0,0.0,0.0,0.0,238830.0,0.9092885828576982,8.849397590361447,0.254165,725612.0,285123.0,0.480938,6803.0,0,44.54992329631932,88c90c090688c0b0fd5bef8f8aab01497b7e583a448eaed959d068c43777a586,tune,332,332,first
c4ad512b37cbf598c6a8063c964e5a371ba9d9fd,10000,111970c79836f310a1c9dac9d12efec6728a91c2dcdec5d45abc93eb83f42f02,35e9227570c996ccac4b63270c44f70172e04d094ba16a13f1f9d3ee41415bff,4,5766e8fdd7c39ad4218d87c72fc8011af538332539064d61768baefded5bb1cb,endgame_exact_hybrid,0.22382657271690476,1465189.0,1606883.0,conservative:endgame_exact_hybrid,34892.0,1,0.0,0.0,0.0,0.0,42032.0,0.4759562909603119,8.948717948717949,0.217002,110548.0,0.0,0.416265,0.0,0,8.729236335959285,0,ended_with_n,17.854267209069803,D10000_seed4_conservative_endgame_exact_hybrid_vs_beam_alpha_beta,4000,300.0,1000,conservative,0,/Users/onumagakuto/Documents/最強しりとり/shiritori_ai/data/dictionaries/D10000_L2-12_seed4.runtime.json,beam_alpha_beta,0.23320958118002194,1504558.0,1651989.0,conservative:beam_alpha_beta,36341.0,1,0.0,0.0,0.0,0.0,45020.0,0.41847362485714257,8.948717948717949,0.276139,116553.0,0.0,0.407375,0.0,0,9.095173666020855,88c90c090688c0b0fd5bef8f8aab01497b7e583a448eaed959d068c43777a586,tune,78,78,first
c4ad512b37cbf598c6a8063c964e5a371ba9d9fd,10000,111970c79836f310a1c9dac9d12efec6728a91c2dcdec5d45abc93eb83f42f02,35e9227570c996ccac4b63270c44f70172e04d094ba16a13f1f9d3ee41415bff,4,5766e8fdd7c39ad4218d87c72fc8011af538332539064d61768baefded5bb1cb,beam_alpha_beta,0.2228232286631679,1465189.0,1606883.0,conservative:beam_alpha_beta,34892.0,1,0.0,0.0,0.0,0.0,42032.0,0.46634024986997247,8.948717948717949,0.215561,110548.0,0.0,0.400994,0.0,0,8.690105917863548,0,ended_with_n,17.838035250082612,D10000_seed4_conservative_beam_alpha_beta_vs_endgame_exact_hybrid,4000,300.0,1000,conservative,0,/Users/onumagakuto/Documents/最強しりとり/shiritori_ai/data/dictionaries/D10000_L2-12_seed4.runtime.json,endgame_exact_hybrid,0.23383601924452263,1504558.0,1651988.0,conservative:endgame_exact_hybrid,36341.0,1,0.0,0.0,0.0,0.0,45020.0,0.43236191710457206,8.717948717948717,0.270585,116554.0,0.0,0.41449,0.0,0,9.119604750536382,88c90c090688c0b0fd5bef8f8aab01497b7e583a448eaed959d068c43777a586,tune,78,78,first
c4ad512b37cbf598c6a8063c964e5a371ba9d9fd,10000,111970c79836f310a1c9dac9d12efec6728a91c2dcdec5d45abc93eb83f42f02,35e9227570c996ccac4b63270c44f70172e04d094ba16a13f1f9d3ee41415bff,4,5766e8fdd7c39ad4218d87c72fc8011af538332539064d61768baefded5bb1cb,proof_extension_beam_alpha_beta,0.31267000465757316,587775.0,654385.0,conservative:proof_extension_beam_alpha_beta,16808.0,9,0.0,0.0,0.0,0.0,19692.0,0.7297141670715064,7.305555555555555,0.312662,50799.0,0.0,0.59986,0.0,0,11.256120167672634,0,ended_with_n,19.610900041181594,D10000_seed4_conservative_proof_extension_beam_alpha_beta_vs_beam_alpha_beta,4000,300.0,1000,conservative,0,/Users/onumagakuto/Documents/最強しりとり/shiritori_ai/data/dictionaries/D10000_L2-12_seed4.runtime.json,beam_alpha_beta,0.23773793688576136,1074671.0,1195707.0,conservative:beam_alpha_beta,29328.0,1,0.0,0.0,0.0,0.0,35396.0,0.5059719998389482,8.942857142857143,0.227871,93743.0,0.0,0.432469,0.0,0,8.320827791001648,88c90c090688c0b0fd5bef8f8aab01497b7e583a448eaed959d068c43777a586,tune,71,71,second
c4ad512b37cbf598c6a8063c964e5a371ba9d9fd,10000,111970c79836f310a1c9dac9d12efec6728a91c2dcdec5d45abc93eb83f42f02,35e9227570c996ccac4b63270c44f70172e04d094ba16a13f1f9d3ee41415bff,4,5766e8fdd7c39ad4218d87c72fc8011af538332539064d61768baefded5bb1cb,beam_alpha_beta,0.270361326214653,1676145.0,1846708.0,conservative:beam_alpha_beta,41337.0,3,0.0,0.0,0.0,0.0,50274.0,0.573099291883409,8.902439024390244,0.285401,133156.0,0.0,0.516973,0.0,0,11.084814374800771,0,ended_with_n,24.218348167138174,D10000_seed4_conservative_beam_alpha_beta_vs_proof_extension_beam_alpha_beta,4000,300.0,1000,conservative,0,/Users/onumagakuto/Documents/最強しりとり/shiritori_ai/data/dictionaries/D10000_L2-12_seed4.runtime.json,proof_extension_beam_alpha_beta,0.32755056766909546,913670.0,1006782.0,conservative:proof_extension_beam_alpha_beta,23026.0,11,0.0,0.0,0.0,0.0,26922.0,0.9994054171256721,8.125,0.27821,71554.0,0.0,0.839804,0.0,1,13.102022706763819,88c90c090688c0b0fd5bef8f8aab01497b7e583a448eaed959d068c43777a586,tune,81,81,second
c4ad512b37cbf598c6a8063c964e5a371ba9d9fd,10000,111970c79836f310a1c9dac9d12efec6728a91c2dcdec5d45abc93eb83f42f02,35e9227570c996ccac4b63270c44f70172e04d094ba16a13f1f9d3ee41415bff,4,5766e8fdd7c39ad4218d87c72fc8011af538332539064d61768baefded5bb1cb,research_adaptive_beam,0.34030864035665265,1874419.0,2096010.0,conservative:research_adaptive_beam,51197.0,17,0.0,0.0,0.0,0.0,73448.0,1.0000273750629276,7.2926829268292686,0.302058,157966.0,40502.0,0.806446,903.0,1,13.952654254622757,0,ended_with_n,24.75658458401449,D10000_seed4_conservative_research_adaptive_beam_vs_beam_alpha_beta,4000,300.0,1000,conservative,0,/Users/onumagakuto/Documents/最強しりとり/shiritori_ai/data/dictionaries/D10000_L2-12_seed4.runtime.json,beam_alpha_beta,0.2699802926857956,1821095.0,2009425.0,conservative:beam_alpha_beta,45757.0,1,0.0,0.0,0.0,0.0,54280.0,0.5625056668650359,8.95,0.30999299999999996,146057.0,0.0,0.499855,0.0,0,10.799211707431823,88c90c090688c0b0fd5bef8f8aab01497b7e583a448eaed959d068c43777a586,tune,81,81,second
c4ad512b37cbf598c6a8063c964e5a371ba9d9fd,10000,111970c79836f310a1c9dac9d12efec6728a91c2dcdec5d45abc93eb83f42f02,35e9227570c996ccac4b63270c44f70172e04d094ba16a13f1f9d3ee41415bff,4,5766e8fdd7c39ad4218d87c72fc8011af538332539064d61768baefded5bb1cb,beam_alpha_beta,0.2284371283485041,1858502.0,2051405.0,conservative:beam_alpha_beta,47633.0,1,0.0,0.0,0.0,0.0,58531.0,0.4131121248938143,8.959183673469388,0.233018,151898.0,0.0,0.403884,0.0,0,11.1934192890767,0,ended_with_n,29.500898167025298,D10000_seed4_conservative_beam_alpha_beta_vs_research_adaptive_beam,4000,300.0,1000,conservative,0,/Users/onumagakuto/Documents/最強しりとり/shiritori_ai/data/dictionaries/D10000_L2-12_seed4.runtime.json,research_adaptive_beam,0.3812891327785716,2355459.0,2640591.0,conservative:research_adaptive_beam,64898.0,13,0.0,0.0,0.0,0.0,89310.0,1.0000266248825938,7.708333333333333,0.364448,195772.0,59851.0,0.999616,770.0,2,18.301878373371437,88c90c090688c0b0fd5bef8f8aab01497b7e583a448eaed959d068c43777a586,tune,97,97,second
c4ad512b37cbf598c6a8063c964e5a371ba9d9fd,10000,111970c79836f310a1c9dac9d12efec6728a91c2dcdec5d45abc93eb83f42f02,35e9227570c996ccac4b63270c44f70172e04d094ba16a13f1f9d3ee41415bff,4,5766e8fdd7c39ad4218d87c72fc8011af538332539064d61768baefded5bb1cb,dynamic_proof_extension_beam_alpha_beta,0.3182642378868829,666529.0,746832.0,conservative:dynamic_proof_extension_beam_alpha_beta,16711.0,9,0.0,0.0,0.0,0.0,26738.0,0.9494340831879526,7.184210526315789,0.35140899999999997,56051.0,0.0,0.674101,0.0,0,12.094041039701551,0,ended_with_n,21.487156125018373,D10000_seed4_conservative_dynamic_proof_extension_beam_alpha_beta_vs_beam_alpha_beta,4000,300.0,1000,conservative,0,/Users/onumagakuto/Documents/最強しりとり/shiritori_ai/data/dictionaries/D10000_L2-12_seed4.runtime.json,beam_alpha_beta,0.24639305708268167,1494387.0,1646443.0,conservative:beam_alpha_beta,37356.0,5,0.0,0.0,0.0,0.0,43564.0,0.6108750000130385,8.842105263157896,0.31042250000000005,117434.0,0.0,0.606573,0.0,0,9.362936169141904,88c90c090688c0b0fd5bef8f8aab01497b7e583a448eaed959d068c43777a586,tune,76,76,first
c4ad512b37cbf598c6a8063c964e5a371ba9d9fd,10000,111970c79836f310a1c9dac9d12efec6728a91c2dcdec5d45abc93eb83f42f02,35e9227570c996ccac4b63270c44f70172e04d094ba16a13f1f9d3ee41415bff,4,5766e8fdd7c39ad4218d87c72fc8011af538332539064d61768baefded5bb1cb,beam_alpha_beta,0.20652419150186083,1366670.0,1499808.0,conservative:beam_alpha_beta,33439.0,1,0.0,0.0,0.0,0.0,37631.0,0.5262600828427821,8.952380952380953,0.1801875,101822.0,0.0,0.447236,0.0,0,8.674016043078154,0,ended_with_n,24.644694916903973,D10000_seed4_conservative_beam_alpha_beta_vs_dynamic_proof_extension_beam_alpha_beta,4000,300.0,1000,conservative,0,/Users/onumagakuto/Documents/最強しりとり/shiritori_ai/data/dictionaries/D10000_L2-12_seed4.runtime.json,dynamic_proof_extension_beam_alpha_beta,0.3793644950436872,819221.0,908063.0,conservative:dynamic_proof_extension_beam_alpha_beta,19409.0,17,0.0,0.0,0.0,0.0,30803.0,0.999618582893163,6.690476190476191,0.35997749999999995,62172.0,0.0,0.999401,0.0,4,15.933308791834861,88c90c090688c0b0fd5bef8f8aab01497b7e583a448eaed959d068c43777a586,tune,84,84,first
c4ad512b37cbf598c6a8063c964e5a371ba9d9fd,10000,111970c79836f310a1c9dac9d12efec6728a91c2dcdec5d45abc93eb83f42f02,35e9227570c996ccac4b63270c44f70172e04d094ba16a13f1f9d3ee41415bff,4,5766e8fdd7c39ad4218d87c72fc8011af538332539064d61768baefded5bb1cb,dynamic_beam_alpha_beta,0.34876971220087616,1798244.0,1989238.0,balanced:dynamic_beam_alpha_beta,44517.0,7,0.0,0.0,0.0,0.0,60780.0,1.0000258330255747,8.714285714285714,0.37505900000000003,137055.0,0.0,0.570705,0.0,1,14.648327912436798,0,ended_with_n,23.447841375134885,D10000_seed4_balanced_dynamic_beam_alpha_beta_vs_beam_alpha_beta,4000,300.0,1000,balanced,0,/Users/onumagakuto/Documents/最強しりとり/shiritori_ai/data/dictionaries/D10000_L2-12_seed4.runtime.json,beam_alpha_beta,0.20853459124364668,1182600.0,1308486.0,balanced:beam_alpha_beta,32424.0,3,0.0,0.0,0.0,0.0,34358.0,0.5849424169864506,8.857142857142858,0.195579,94792.0,0.0,0.455374,0.0,0,8.75845283223316,88c90c090688c0b0fd5bef8f8aab01497b7e583a448eaed959d068c43777a586,tune,84,84,first
c4ad512b37cbf598c6a8063c964e5a371ba9d9fd,10000,111970c79836f310a1c9dac9d12efec6728a91c2dcdec5d45abc93eb83f42f02,35e9227570c996ccac4b63270c44f70172e04d094ba16a13f1f9d3ee41415bff,4,5766e8fdd7c39ad4218d87c72fc8011af538332539064d61768baefded5bb1cb,beam_alpha_beta,0.2356692840357458,1356101.0,1489871.0,balanced:beam_alpha_beta,33193.0,1,0.0,0.0,0.0,0.0,40957.0,0.48422824987210333,8.947368421052632,0.2584245,105877.0,0.0,0.433273,0.0,0,8.95543279335834,0,ended_with_n,19.948718374827877,D10000_seed4_balanced_beam_alpha_beta_vs_dynamic_beam_alpha_beta,4000,300.0,1000,balanced,0,/Users/onumagakuto/Documents/最強しりとり/shiritori_ai/data/dictionaries/D10000_L2-12_seed4.runtime.json,dynamic_beam_alpha_beta,0.2962514053514177,1426346.0,1571970.0,balanced:dynamic_beam_alpha_beta,33125.0,7,0.0,0.0,0.0,0.0,48794.0,0.7220006671268493,8.378378378378379,0.301717,108948.0,0.0,0.708741,0.0,0,10.961301998002455,88c90c090688c0b0fd5bef8f8aab01497b7e583a448eaed959d068c43777a586,tune,75,75,second
c4ad512b37cbf598c6a8063c964e5a371ba9d9fd,10000,111970c79836f310a1c9dac9d12efec6728a91c2dcdec5d45abc93eb83f42f02,35e9227570c996ccac4b63270c44f70172e04d094ba16a13f1f9d3ee41415bff,4,5766e8fdd7c39ad4218d87c72fc8011af538332539064d61768baefded5bb1cb,dynamic_beam_pvs,0.3591795426566536,1973747.0,2170219.0,balanced:dynamic_beam_pvs,50420.0,13,0.0,0.0,0.0,0.0,58994.0,1.0000285001005977,8.538461538461538,0.288414,139982.0,58221.0,1.000028,843.0,2,14.00800216360949,0,ended_with_n,23.18816304183565,D10000_seed4_balanced_dynamic_beam_pvs_vs_beam_alpha_beta,4000,300.0,1000,balanced,0,/Users/onumagakuto/Documents/最強しりとり/shiritori_ai/data/dictionaries/D10000_L2-12_seed4.runtime.json,beam_alpha_beta,0.23451942842429838,1444150.0,1587331.0,balanced:beam_alpha_beta,35577.0,1,0.0,0.0,0.0,0.0,42349.0,0.4550302498973906,8.948717948717949,0.249747,111715.0,0.0,0.447109,0.0,0,9.146257708547637,88c90c090688c0b0fd5bef8f8aab01497b7e583a448eaed959d068c43777a586,tune,78,78,first
c4ad512b37cbf598c6a8063c964e5a371ba9d9fd,10000,111970c79836f310a1c9dac9d12efec6728a91c2dcdec5d45abc93eb83f42f02,35e9227570c996ccac4b63270c44f70172e04d094ba16a13f1f9d3ee41415bff,4,5766e8fdd7c39ad4218d87c72fc8011af538332539064d61768baefded5bb1cb,beam_alpha_beta,0.25474799143425614,1709958.0,1871661.0,balanced:beam_alpha_beta,39635.0,1,0.0,0.0,0.0,0.0,47362.0,0.4368836251087487,8.954545454545455,0.2456845,125509.0,0.0,0.427743,0.0,0,11.20891162310727,0,ended_with_n,24.630706917028874,D10000_seed4_balanced_beam_alpha_beta_vs_dynamic_beam_pvs,4000,300.0,1000,balanced,0,/Users/onumagakuto/Documents/最強しりとり/shiritori_ai/data/dictionaries/D10000_L2-12_seed4.runtime.json,dynamic_beam_pvs,0.3041915340687741,1713218.0,1890637.0,balanced:dynamic_beam_pvs,42829.0,13,0.0,0.0,0.0,0.0,55971.0,0.9315252499654889,8.204545454545455,0.226351,125809.0,54948.0,0.693196,1016.0,0,13.38442749902606,88c90c090688c0b0fd5bef8f8aab01497b7e583a448eaed959d068c43777a586,tune,88,88,first
c4ad512b37cbf598c6a8063c964e5a371ba9d9fd,10000,111970c79836f310a1c9dac9d12efec6728a91c2dcdec5d45abc93eb83f42f02,35e9227570c996ccac4b63270c44f70172e04d094ba16a13f1f9d3ee41415bff,4,5766e8fdd7c39ad4218d87c72fc8011af538332539064d61768baefded5bb1cb,endgame_exact_hybrid,0.2404620074428236,1465189.0,1606883.0,balanced:endgame_exact_hybrid,34892.0,1,0.0,0.0,0.0,0.0,42032.0,0.43487879098393023,8.948717948717949,0.230811,110548.0,0.0,0.427329,0.0,0,9.37801829027012,0,ended_with_n,19.125537666957825,D10000_seed4_balanced_endgame_exact_hybrid_vs_beam_alpha_beta,4000,300.0,1000,balanced,0,/Users/onumagakuto/Documents/最強しりとり/shiritori_ai/data/dictionaries/D10000_L2-12_seed4.runtime.json,beam_alpha_beta,0.2491221869818102,1504558.0,1651989.0,balanced:beam_alpha_beta,36341.0,1,0.0,0.0,0.0,0.0,45020.0,0.42730299988761544,8.948717948717949,0.311798,116553.0,0.0,0.411979,0.0,0,9.715765292290598,88c90c090688c0b0fd5bef8f8aab01497b7e583a448eaed959d068c43777a586,tune,78,78,first
c4ad512b37cbf598c6a8063c964e5a371ba9d9fd,10000,111970c79836f310a1c9dac9d12efec6728a91c2dcdec5d45abc93eb83f42f02,35e9227570c996ccac4b63270c44f70172e04d094ba16a13f1f9d3ee41415bff,4,5766e8fdd7c39ad4218d87c72fc8011af538332539064d61768baefded5bb1cb,beam_alpha_beta,0.23735697012251386,1465189.0,1606883.0,balanced:beam_alpha_beta,34892.0,1,0.0,0.0,0.0,0.0,42032.0,0.49112783302553,8.948717948717949,0.22712,110548.0,0.0,0.437334,0.0,0,9.25692183477804,0,ended_with_n,18.938011249992996,D10000_seed4_balanced_beam_alpha_beta_vs_endgame_exact_hybrid,4000,300.0,1000,balanced,0,/Users/onumagakuto/Documents/最強しりとり/shiritori_ai/data/dictionaries/D10000_L2-12_seed4.runtime.json,endgame_exact_hybrid,0.2474540907662744,1504558.0,1651988.0,balanced:endgame_exact_hybrid,36341.0,1,0.0,0.0,0.0,0.0,45020.0,0.4594404590316117,8.717948717948717,0.312789,116554.0,0.0,0.431068,0.0,0,9.650709539884701,88c90c090688c0b0fd5bef8f8aab01497b7e583a448eaed959d068c43777a586,tune,78,78,first
c4ad512b37cbf598c6a8063c964e5a371ba9d9fd,10000,111970c79836f310a1c9dac9d12efec6728a91c2dcdec5d45abc93eb83f42f02,35e9227570c996ccac4b63270c44f70172e04d094ba16a13f1f9d3ee41415bff,4,5766e8fdd7c39ad4218d87c72fc8011af538332539064d61768baefded5bb1cb,proof_extension_beam_alpha_beta,0.3616332130690733,1069731.0,1177125.0,balanced:proof_extension_beam_alpha_beta,27168.0,15,0.0,0.0,0.0,0.0,29480.0,0.8606712080072612,7.767441860465116,0.346361,80252.0,0.0,0.798378,0.0,0,15.550228161970153,0,ended_with_n,27.641387583920732,D10000_seed4_balanced_proof_extension_beam_alpha_beta_vs_beam_alpha_beta,4000,300.0,1000,balanced,0,/Users/onumagakuto/Documents/最強しりとり/shiritori_ai/data/dictionaries/D10000_L2-12_seed4.runtime.json,beam_alpha_beta,0.2803898682482107,1889027.0,2076618.0,balanced:beam_alpha_beta,47032.0,3,0.0,0.0,0.0,0.0,53141.0,0.5789714171551168,8.906976744186046,0.280699,144288.0,0.0,0.54449,0.0,0,12.056764334673062,88c90c090688c0b0fd5bef8f8aab01497b7e583a448eaed959d068c43777a586,tune,86,86,first
c4ad512b37cbf598c6a8063c964e5a371ba9d9fd,10000,111970c79836f310a1c9dac9d12efec6728a91c2dcdec5d45abc93eb83f42f02,35e9227570c996ccac4b63270c44f70172e04d094ba16a13f1f9d3ee41415bff,4,5766e8fdd7c39ad4218d87c72fc8011af538332539064d61768baefded5bb1cb,beam_alpha_beta,0.2542030413048984,4209042.0,4627184.0,balanced:beam_alpha_beta,100518.0,9,0.0,0.0,0.0,0.0,101086.0,0.6654165419749916,8.870689655172415,0.2314765,303980.0,0.0,0.537754,0.0,0,29.487552791368216,0,ended_with_n,71.56181670818478,D10000_seed4_balanced_beam_alpha_beta_vs_proof_extension_beam_alpha_beta,4000,300.0,1000,balanced,0,/Users/onumagakuto/Documents/最強しりとり/shiritori_ai/data/dictionaries/D10000_L2-12_seed4.runtime.json,proof_extension_beam_alpha_beta,0.3618005369970543,2859891.0,3149317.0,balanced:proof_extension_beam_alpha_beta,71280.0,23,0.0,0.0,0.0,0.0,66654.0,0.8890957909170538,8.129310344827585,0.37050799999999995,204586.0,0.0,0.638125,0.0,0,41.9688622916583,88c90c090688c0b0fd5bef8f8aab01497b7e583a448eaed959d068c43777a586,tune,232,232,first
c4ad512b37cbf598c6a8063c964e5a371ba9d9fd,10000,111970c79836f310a1c9dac9d12efec6728a91c2dcdec5d45abc93eb83f42f02,35e9227570c996ccac4b63270c44f70172e04d094ba16a13f1f9d3ee41415bff,4,5766e8fdd7c39ad4218d87c72fc8011af538332539064d61768baefded5bb1cb,research_adaptive_beam,0.316549579158891,2208392.0,2446383.0,balanced:research_adaptive_beam,62959.0,13,0.0,0.0,0.0,0.0,69040.0,0.7405189999844879,8.325,0.2931295,176796.0,57792.0,0.717687,1296.0,0,12.66198316635564,0,ended_with_n,23.74868879187852,D10000_seed4_balanced_research_adaptive_beam_vs_beam_alpha_beta,4000,300.0,1000,balanced,0,/Users/onumagakuto/Documents/最強しりとり/shiritori_ai/data/dictionaries/D10000_L2-12_seed4.runtime.json,beam_alpha_beta,0.28415212178459537,2006936.0,2209564.0,balanced:beam_alpha_beta,49615.0,1,0.0,0.0,0.0,0.0,60231.0,0.5660562918055803,8.948717948717949,0.325938,159135.0,0.0,0.565189,0.0,0,11.081932749599218,88c90c090688c0b0fd5bef8f8aab01497b7e583a448eaed959d068c43777a586,tune,79,79,second
c4ad512b37cbf598c6a8063c964e5a371ba9d9fd,10000,111970c79836f310a1c9dac9d12efec6728a91c2dcdec5d45abc93eb83f42f02,35e9227570c996ccac4b63270c44f70172e04d094ba16a13f1f9d3ee41415bff,4,5766e8fdd7c39ad4218d87c72fc8011af538332539064d61768baefded5bb1cb,beam_alpha_beta,0.27751198395962157,8435597.0,9329024.0,balanced:beam_alpha_beta,216236.0,9,0.0,0.0,0.0,0.0,255562.0,0.8045174579601735,8.918604651162791,0.25653499999999996,691109.0,0.0,0.536062,0.0,0,47.73206124105491,0,ended_with_n,116.50287662493065,D10000_seed4_balanced_beam_alpha_beta_vs_research_adaptive_beam,4000,300.0,1000,balanced,0,/Users/onumagakuto/Documents/最強しりとり/shiritori_ai/data/dictionaries/D10000_L2-12_seed4.runtime.json,research_adaptive_beam,0.39970981171841974,9843848.0,11071490.0,balanced:research_adaptive_beam,288843.0,59,0.0,0.0,0.0,0.0,390065.0,1.000019125174731,8.0,0.358435,873129.0,287160.0,0.806585,7312.0,2,68.75008761556819,88c90c090688c0b0fd5bef8f8aab01497b7e583a448eaed959d068c43777a586,tune,344,344,first
c4ad512b37cbf598c6a8063c964e5a371ba9d9fd,10000,111970c79836f310a1c9dac9d12efec6728a91c2dcdec5d45abc93eb83f42f02,35e9227570c996ccac4b63270c44f70172e04d094ba16a13f1f9d3ee41415bff,4,5766e8fdd7c39ad4218d87c72fc8011af538332539064d61768baefded5bb1cb,dynamic_proof_extension_beam_alpha_beta,0.36217507864963616,883373.0,987845.0,balanced:dynamic_proof_extension_beam_alpha_beta,23202.0,23,0.0,0.0,0.0,0.0,34175.0,0.9986147091258317,7.415094339622642,0.318219,74990.0,0.0,0.728561,0.0,0,19.195279168430716,0,ended_with_n,32.92409179196693,D10000_seed4_balanced_dynamic_proof_extension_beam_alpha_beta_vs_beam_alpha_beta,4000,300.0,1000,balanced,0,/Users/onumagakuto/Documents/最強しりとり/shiritori_ai/data/dictionaries/D10000_L2-12_seed4.runtime.json,beam_alpha_beta,0.25800241750471714,1712725.0,1903720.0,balanced:beam_alpha_beta,48373.0,3,0.0,0.0,0.0,0.0,56862.0,0.6412643329240382,8.924528301886792,0.248124,149517.0,0.0,0.547914,0.0,0,13.67412812775001,88c90c090688c0b0fd5bef8f8aab01497b7e583a448eaed959d068c43777a586,tune,106,106,first
c4ad512b37cbf598c6a8063c964e5a371ba9d9fd,10000,111970c79836f310a1c9dac9d12efec6728a91c2dcdec5d45abc93eb83f42f02,35e9227570c996ccac4b63270c44f70172e04d094ba16a13f1f9d3ee41415bff,4,5766e8fdd7c39ad4218d87c72fc8011af538332539064d61768baefded5bb1cb,beam_alpha_beta,0.33625269219787285,1904349.0,2093166.0,balanced:beam_alpha_beta,47673.0,13,0.0,0.0,0.0,0.0,55108.0,0.8139958749525249,8.545454545454545,0.326724,146654.0,0.0,0.653311,0.0,0,14.795118456706405,0,ended_with_n,30.07115670805797,D10000_seed4_balanced_beam_alpha_beta_vs_dynamic_proof_extension_beam_alpha_beta,4000,300.0,1000,balanced,0,/Users/onumagakuto/Documents/最強しりとり/shiritori_ai/data/dictionaries/D10000_L2-12_seed4.runtime.json,dynamic_proof_extension_beam_alpha_beta,0.3542551036306852,828365.0,918337.0,balanced:dynamic_proof_extension_beam_alpha_beta,20621.0,19,0.0,0.0,0.0,0.0,27393.0,0.9101662500761449,7.162790697674419,0.264586,65258.0,0.0,0.783381,0.0,0,15.232969456119463,88c90c090688c0b0fd5bef8f8aab01497b7e583a448eaed959d068c43777a586,tune,87,87,second
