reading,start_char,end_char,priority_rank,priority_label,priority_tags
さまあ,さ,あ,0,high,gai1
とりかこむ,と,む,0,high,news1|nf24
べんちやあ,べ,あ,0,high,gai1
よつぱらう,よ,う,0,high,ichi1|news2|nf34
みとめ,み,め,0,high,ichi1|news1|nf24
びじねすらいく,び,く,0,high,gai1
へいかい,へ,い,0,high,ichi1|news1|nf11
せんいん,せ,ん,0,high,news1|nf17
そうち,そ,ち,0,high,ichi1|news1|nf02
せんねん,せ,ん,0,high,ichi1|news2|nf35
にゆうす,に,す,0,high,gai1|ichi1
うちまく,う,く,0,high,ichi1|news1|nf22
てかず,て,ず,0,high,ichi1|news2|nf30
まちうける,ま,る,0,high,ichi1|news1|nf19
めずらしい,め,い,0,high,ichi1|news2|nf33
にくげん,に,ん,0,high,ichi1|news2|nf27
すりむ,す,む,0,high,gai1
ほつとらいん,ほ,ん,0,high,gai1
だうんたうん,だ,ん,0,high,gai1
ごさ,ご,さ,0,high,ichi1|news1|nf21
ふえれつと,ふ,と,0,high,gai1
ながいき,な,き,0,high,ichi1|news2|nf26
ていかかく,て,く,0,high,news1|nf09
ぐうはつ,ぐ,つ,0,high,news1|nf23
ちゆうじよう,ち,う,0,high,news1|nf20
ぼでい,ぼ,い,0,high,gai1
なんじゆう,な,う,0,high,ichi1|news1|nf12
すうぷ,す,ぷ,0,high,gai1|ichi1
だいにんぐ,だ,ぐ,0,high,gai1
むり,む,り,0,high,ichi1|news1|nf05
けいはつ,け,つ,0,high,news1|nf14
とは,と,は,0,high,spec1
ふであと,ふ,と,0,high,news1|nf23
とうりやく,と,く,0,high,news1|nf17
ぱごだ,ぱ,だ,0,high,gai1
じよがい,じ,い,0,high,ichi1|news1|nf15
ばりけえど,ば,ど,0,high,gai1
ほどける,ほ,る,0,high,ichi1
じろん,じ,ん,0,high,news1|nf10
かたずける,か,る,0,high,ichi1|news2|nf37
そと,そ,と,0,high,ichi1|news1|nf02
さお,さ,お,0,high,ichi1|news2|nf30|nf44
かんごふ,か,ふ,0,high,ichi1|news1|nf04
きゆうする,き,る,0,high,news1|nf13
ことがら,こ,ら,0,high,ichi1|news1|nf15
せいしんてき,せ,き,0,high,news1|nf06
どうびよう,ど,う,0,high,news1|nf24
いわかん,い,ん,0,high,news1|nf12
そうべつかい,そ,い,0,high,ichi1
ならない,な,い,0,high,spec1
なまぬるい,な,い,0,high,ichi1|news2|nf36
にぎわう,に,う,0,high,ichi1
ほれる,ほ,る,0,high,ichi1
きようこうさいけつ,き,つ,0,high,news1|nf13
ひとみ,ひ,み,0,high,ichi1|news1|nf18
へつどほん,へ,ん,0,high,gai1
きずきあげる,き,る,0,high,news1|nf20
こうつごう,こ,う,0,high,ichi1|news2|nf28
いれいさい,い,い,0,high,news1|nf20
しようにびよう,し,う,0,high,news1|nf24
どきどき,ど,き,0,high,ichi1|spec1
とりにく,と,く,0,high,news1|nf23
いちじよう,い,う,0,high,news1|nf24
こんぶりお,こ,お,0,high,gai1
らいんあつぷ,ら,ぷ,0,high,gai1
あるばむ,あ,む,0,high,gai1|ichi1
なんこう,な,う,0,high,ichi1|news1|nf10
さまあすくうる,さ,る,0,high,gai1
ぞくご,ぞ,ご,0,high,ichi1|news2|nf43
さいんかい,さ,い,0,high,spec1
よたり,よ,り,0,high,spec1
こうとうがつこう,こ,う,0,high,ichi1|news1|nf15
へだたり,へ,り,0,high,news1|nf12
やるき,や,き,0,high,spec1
ほいくじよ,ほ,よ,0,high,ichi1|news1|nf11
あいぎよう,あ,う,0,high,spec1
ひすてりい,ひ,い,0,high,gai1
かつこう,か,う,0,high,ichi1|news1|nf04|nf14
ずん,ず,ん,0,high,ichi1|news1|nf06
がくめん,が,ん,0,high,news1|nf08
にちや,に,や,0,high,news1|nf03
どる,ど,る,0,high,gai1|ichi1
きずぐち,き,ち,0,high,news1|nf24
よこずな,よ,な,0,high,ichi1|news1|nf04
ふで,ふ,で,0,high,ichi1|news1|nf09
しやちゆう,し,う,0,high,news1|nf17
ふいに,ふ,に,0,high,ichi1
じんけん,じ,ん,0,high,ichi1|news1|nf02
おんきよう,お,う,0,high,ichi1|news1|nf11
しようがいしや,し,や,0,high,news1|nf03
えいぶんがく,え,く,0,high,news1|nf22
いんてりあ,い,あ,0,high,gai1|ichi1
にないて,に,て,0,high,news1|nf13
にげる,に,る,0,high,ichi1|news1|nf15
えす,え,す,0,high,gai1
おか,お,か,0,high,ichi1|news1|nf04|nf05
おつかけ,お,け,0,high,spec1
でんちぎれ,で,れ,0,high,spec1
じつてい,じ,い,0,high,news1|nf16
ふまえる,ふ,る,0,high,news1|nf05
しよしき,し,き,0,high,news2|nf27|spec1
むかえる,む,る,0,high,ichi1|news1|nf24
ねんこうじよれつ,ね,つ,0,high,news1|nf20
れすきゆう,れ,う,0,high,gai1
わら,わ,ら,0,high,ichi1
ちゆうしようてき,ち,き,0,high,ichi1|news1|nf15
ひこくにん,ひ,ん,0,high,news1|nf07
しよくどう,し,う,0,high,ichi1|news1|nf08|nf16
けんきゆうけつか,け,か,0,high,spec1
つかい,つ,い,0,high,ichi1|news1|nf09
むける,む,る,0,high,ichi1
きゆうきゆういりよう,き,う,0,high,spec1
こころよい,こ,い,0,high,ichi1|news1|nf22
こうどう,こ,う,0,high,ichi1|news1|nf01|nf10
はじめに,は,に,0,high,ichi1|spec1
ふつしよく,ふ,く,0,high,news2|nf26|spec1
ばれえぼおる,ば,る,0,high,gai1|ichi1
はいけい,は,い,0,high,ichi1|news1|news2|nf01|nf41
ふみた,ふ,た,0,high,ichi1|news1|nf05
ないとくらぶ,な,ぶ,0,high,gai1
ふきでもの,ふ,の,0,high,ichi1
じむしつ,じ,つ,0,high,ichi1|news1|nf17
うしろ,う,ろ,0,high,ichi1|news1|nf06
そだてる,そ,る,0,high,ichi1
ぐるめ,ぐ,め,0,high,gai1
へんしん,へ,ん,0,high,ichi1|news1|nf13|nf17
げんめん,げ,ん,0,high,news1|nf14
ぎじゆつ,ぎ,つ,0,high,ichi1|news1|nf01
みそこなう,み,う,0,high,ichi1
になると,に,と,0,high,spec1
そうだんやく,そ,く,0,high,news1|nf06
とくし,と,し,0,high,news1|nf06
さいかいはつ,さ,つ,0,high,news1|nf12
ちようしゆ,ち,ゆ,0,high,news1|nf04
しくじる,し,る,0,high,ichi1
でふれ,で,れ,0,high,gai1
はいとう,は,う,0,high,ichi1|news1|nf05
だがしや,だ,や,0,high,spec1
うちあげ,う,げ,0,high,news1|nf06
しようひんけん,し,ん,0,high,news1|nf20
おうぼう,お,う,0,high,news1|nf22
しんりようしよ,し,よ,0,high,ichi1
くろ,く,ろ,0,high,ichi1|news1|nf03
むし,む,し,0,high,ichi1|news1|nf06|nf07|nf14|nf22
もんきい,も,い,0,high,gai1
しゆつしよ,し,よ,0,high,news1|nf19
つりい,つ,い,0,high,gai1
しかし,し,し,0,high,ichi1
ぼおだあ,ぼ,あ,0,high,gai1
ともかく,と,く,0,high,ichi1
らんどりい,ら,い,0,high,gai1
かあとりつじ,か,じ,0,high,gai1
かんしんごと,か,と,0,high,news1|nf13
くらつしゆ,く,ゆ,0,high,gai1
たんしん,た,ん,0,high,news1|nf07
ぜんぼう,ぜ,う,0,high,news2|nf36|spec1
でんそう,で,う,0,high,news1|nf19
ていがく,て,く,0,high,ichi1|news1|news2|nf09|nf32
よつきゆう,よ,う,0,high,ichi1|news1|nf13
かき,か,き,0,high,ichi1|news1|news2|nf12|nf13|nf16|nf17|nf32|spec1
ひようりゆう,ひ,う,0,high,news1|nf17
すず,す,ず,0,high,ichi1|news1|nf13|nf17
げんけい,げ,い,0,high,news1|nf16|nf19
こぞ,こ,ぞ,0,high,ichi1|news1|nf10
よつつ,よ,つ,0,high,ichi1|news1|nf06
ほうりつ,ほ,つ,0,high,ichi1|news1|nf02
がすとあるばいたあ,が,あ,0,high,gai1
こぴぺ,こ,ぺ,0,high,spec1
だんぼう,だ,う,0,high,ichi1|news1|nf15
さんやく,さ,く,0,high,news1|nf05
けんじようしや,け,や,0,high,news1|nf18
どらいやあ,ど,あ,0,high,gai1
そくせんりよく,そ,く,0,high,news1|nf23
せつきよく,せ,く,0,high,news1|nf03
なしよなる,な,る,0,high,gai1
げんじ,げ,じ,0,high,news1|nf13
きゆうふ,き,ふ,0,high,news1|nf09
ひんしつ,ひ,つ,0,high,ichi1|news1|nf07
あご,あ,ご,0,high,ichi1|news2|nf38
そなわる,そ,る,0,high,ichi1|news1|nf22
ざいかい,ざ,い,0,high,ichi1|news1|nf03
くらくしよん,く,ん,0,high,gai1
りくかい,り,い,0,high,news1|nf19
ふおおむ,ふ,む,0,high,gai1
ある,あ,る,0,high,ichi1|news1|news2|nf05|nf23|nf37|spec1
だいなみずむ,だ,む,0,high,gai1
だつて,だ,て,0,high,ichi1
れんさ,れ,さ,0,high,news1|nf17
わかもん,わ,ん,0,high,ichi1|news1|nf02
かんせん,か,ん,0,high,ichi1|news1|nf03|nf12|nf13
しようしや,し,や,0,high,ichi1|news1|nf04|nf09|nf14|nf15|nf22
こや,こ,や,0,high,ichi1|news1|nf09
わかさ,わ,さ,0,high,news1|nf08
ぜんでら,ぜ,ら,0,high,news1|nf22
ごしつく,ご,く,0,high,gai1
まるちめでいあ,ま,あ,0,high,gai1
くなん,く,ん,0,high,news1|nf15
ちほうぎかい,ち,い,0,high,news1|nf13
じゆうかさんぜい,じ,い,0,high,news1|nf22
ぼすにあ,ぼ,あ,0,high,gai1
まどれえぬ,ま,ぬ,0,high,gai1
けいりよう,け,う,0,high,news1|nf11|nf21
おくり,お,り,0,high,news1|nf08
かがいしや,か,や,0,high,ichi1|news1|nf14
りいだあしつぷ,り,ぷ,0,high,gai1
しゆわん,し,ん,0,high,news1|nf09
いちがん,い,ん,0,high,news1|nf19
ろんぐほおる,ろ,る,0,high,gai1
しんて,し,て,0,high,news1|nf23
けいじばん,け,ん,0,high,ichi1
しようそく,し,く,0,high,ichi1|news1|nf11
ひばり,ひ,り,0,high,ichi1
すうじ,す,じ,0,high,ichi1|news1|nf02|nf13
はあらあだあびい,は,い,0,high,gai1
くうええと,く,と,0,high,gai1
もくと,も,と,0,high,ichi1
おいぬ,お,ぬ,0,high,news1|nf19
いろいろあつて,い,て,0,high,spec1
ついている,つ,る,0,high,spec1
ぼうりよくだん,ぼ,ん,0,high,news1|nf02
ふんとう,ふ,う,0,high,news1|nf22
おんじん,お,ん,0,high,ichi1|news2|nf33
しのぶ,し,ぶ,0,high,ichi1|news2|nf33|nf38|spec1
じゆんしよく,じ,く,0,high,ichi1
じつせん,じ,ん,0,high,ichi1|news1|nf07|nf12
おおろら,お,ら,0,high,gai1
かたまる,か,る,0,high,ichi1|news2|nf40
げんみつ,げ,つ,0,high,ichi1|news1|nf13
みせさき,み,き,0,high,news1|nf23
もがく,も,く,0,high,ichi1
せいぶつ,せ,つ,0,high,ichi1|news1|nf04
なさけぶかい,な,い,0,high,ichi1
むりやり,む,り,0,high,ichi1|news1|nf17|spec1
びばあく,び,く,0,high,gai1
とくさん,と,ん,0,high,ichi1|news1|nf13
ひげ,ひ,げ,0,high,ichi1
ひこうし,ひ,し,0,high,news1|nf17
ようしよ,よ,よ,0,high,ichi1|news1|news2|nf15|nf36
しゆんき,し,き,0,high,news1|nf17
てんのう,て,う,0,high,ichi1|news1|nf02
ぜんそく,ぜ,く,0,high,news2|nf34|spec1
じほう,じ,う,0,high,ichi1|news2|nf27
いんすう,い,う,0,high,news1|nf19
ひようさつ,ひ,つ,0,high,ichi1|news2|nf37
たき,た,き,0,high,ichi1|news1|nf08|nf10|nf16
からり,か,り,0,high,ichi1
くしやみ,く,み,0,high,ichi1
ましん,ま,ん,0,high,gai1
すぴいどうえい,す,い,0,high,spec1
せかいかん,せ,ん,0,high,news1|nf24
えめらるど,え,ど,0,high,gai1
むら,む,ら,0,high,ichi1|news1|nf03|nf23
ひつぜんてき,ひ,き,0,high,ichi1|news1|nf17
こんびに,こ,に,0,high,gai1
こうへい,こ,い,0,high,ichi1|news1|nf10|nf20
ひかえしつ,ひ,つ,0,high,ichi1|news1|nf13
ひやくえんしよつぷ,ひ,ぷ,0,high,spec1
ぬぐう,ぬ,う,0,high,ichi1
うつし,う,し,0,high,news1|nf24
しゆうもん,し,ん,0,high,news1|nf17
ふるまう,ふ,う,0,high,ichi1|news2|nf44
おふれこ,お,こ,0,high,gai1
だんじ,だ,じ,0,high,news1|nf13
いろは,い,は,0,high,ichi1
せんたくもん,せ,ん,0,high,spec1
じしゆてき,じ,き,0,high,ichi1|news1|nf09
じんい,じ,い,0,high,news1|nf23
みささぎ,み,ぎ,0,high,news1|nf11
しけい,し,い,0,high,ichi1|news1|nf05
はがす,は,す,0,high,ichi1
ひらび,ひ,び,0,high,ichi1|news1|nf09
つくずく,つ,く,0,high,ichi1|news1|nf16
さびる,さ,る,0,high,ichi1
えつふえるとう,え,う,0,high,spec1
それより,そ,り,0,high,spec1
ようひん,よ,ん,0,high,news1|nf07
かなずかい,か,い,0,high,ichi1
よくねん,よ,ん,0,high,ichi1|news1|nf05
ぼろぼろ,ぼ,ろ,0,high,ichi1|spec1
すごす,す,す,0,high,ichi1|news2|nf31
わがくに,わ,に,0,high,ichi1|news1|nf05|spec1
むけいぶんかざい,む,い,0,high,news1|nf23
こうじよう,こ,う,0,high,ichi1|news1|nf01|nf03|nf16|nf24
ながら,な,ら,0,high,spec1
うつとおしい,う,い,0,high,ichi1
ぐんびよう,ぐ,う,0,high,news1|nf12
たかく,た,く,0,high,ichi1|news1|nf03
かくほ,か,ほ,0,high,ichi1|news1|nf02
きぐ,き,ぐ,0,high,ichi1|news1|nf11|nf17
せきゆりていい,せ,い,0,high,gai1
ふりこむ,ふ,む,0,high,news1|nf18
びどう,び,う,0,high,news1|nf19
しようかいぶん,し,ん,0,high,spec1
ごにん,ご,ん,0,high,news1|nf21
まわる,ま,る,0,high,ichi1|news2|nf46|spec1
せつくす,せ,す,0,high,gai1|ichi1
じゆうみんぜい,じ,い,0,high,news1|nf12
しせつ,し,つ,0,high,ichi1|news1|nf01|nf11|nf16
ないせん,な,ん,0,high,news1|nf03|nf10
かたかな,か,な,0,high,ichi1|news2|nf32
あくろばつと,あ,と,0,high,gai1
そあん,そ,ん,0,high,news1|nf14
にしがわ,に,わ,0,high,news1|nf02
だんじよ,だ,よ,0,high,ichi1|news1|nf02
こな,こ,な,0,high,ichi1|news1|nf13
めちる,め,る,0,high,spec1
こうえい,こ,い,0,high,ichi1|news1|nf12|nf14
しれいぶ,し,ぶ,0,high,news1|nf07
もてなす,も,す,0,high,ichi1
じえつとこおすたあ,じ,あ,0,high,gai1
いんぷらんと,い,と,0,high,spec1
ぶつぱん,ぶ,ん,0,high,spec1
えいぎよう,え,う,0,high,ichi1|news1|nf02
さしあたり,さ,り,0,high,ichi1
かぐら,か,ら,0,high,news1|nf13
ふうさ,ふ,さ,0,high,ichi1|news1|nf11
しようがつきん,し,ん,0,high,ichi1|news1|nf12
うんよく,う,く,0,high,ichi1
しようがつこう,し,う,0,high,ichi1|news1|nf03
みしらぬ,み,ぬ,0,high,news1|nf17
しゆせい,し,い,0,high,news1|nf24
ほうし,ほ,し,0,high,ichi1|news1|nf10|nf24
つずき,つ,き,0,high,ichi1|news1|nf09
わりばし,わ,し,0,high,ichi1|news2|nf36
うえあ,う,あ,0,high,gai1|spec1
がつこう,が,う,0,high,ichi1|news1|nf01
ぶつぴん,ぶ,ん,0,high,news1|nf16
こんぴれえしよん,こ,ん,0,high,spec1
じゆうようぶんかざい,じ,い,0,high,news1|nf21
はつぽう,は,う,0,high,news1|nf09|nf21
おもいおもい,お,い,0,high,news1|nf24
はきげ,は,げ,0,high,news1|nf17
じつは,じ,は,0,high,ichi1|news1|nf03
のたんびに,の,に,0,high,spec1
かかと,か,と,0,high,ichi1
というもの,と,の,0,high,spec1
ふうみ,ふ,み,0,high,news1|nf17
きしようちよう,き,う,0,high,news1|nf05
りようようじよ,り,よ,0,high,ichi1
げいしや,げ,や,0,high,news1|nf19
しゆそく,し,く,0,high,ichi1|news1|nf09
がらすど,が,ど,0,high,ichi1
りありずむ,り,む,0,high,gai1
てへん,て,ん,0,high,ichi1
しようきよく,し,く,0,high,news1|nf12
じようえつ,じ,つ,0,high,news1|nf12
ゆうすい,ゆ,い,0,high,news2|nf38|spec1
せかせか,せ,か,0,high,ichi1
らんでいんぐ,ら,ぐ,0,high,gai1
とらんく,と,く,0,high,gai1
すとらいぷ,す,ぷ,0,high,gai1
おかげさまで,お,で,0,high,ichi1|spec1
ざいしつ,ざ,つ,0,high,news1|nf17
りんじようかん,り,ん,0,high,news1|nf20
せいむじかん,せ,ん,0,high,news1|nf07
むちゆう,む,う,0,high,ichi1|news2|nf34
ちしまれつとう,ち,う,0,high,news1|nf24
せんめんじよ,せ,よ,0,high,ichi1|news2|nf28
せえるす,せ,す,0,high,gai1
ぐしよう,ぐ,う,0,high,news1|nf23
しんじち,し,ち,0,high,ichi1|news1|nf07
ほんしよ,ほ,よ,0,high,news1|nf08
けんじせい,け,い,0,high,news1|nf18
ばあれすく,ば,く,0,high,gai1
りえき,り,き,0,high,ichi1|news1|nf02
らすとすぱあと,ら,と,0,high,gai1
えんじよい,え,い,0,high,gai1
がようし,が,し,0,high,ichi1|news2|nf25
かくあげ,か,げ,0,high,news1|nf24
ぶちぎれ,ぶ,れ,0,high,spec1
ぷろてすたんと,ぷ,と,0,high,gai1|ichi1
ひつちはいく,ひ,く,0,high,gai1
なんひようよう,な,う,0,high,news1|nf20
さびしい,さ,い,0,high,ichi1|news2|nf33|spec1
ひにひに,ひ,に,0,high,ichi1|news2|nf28
てきたい,て,い,0,high,ichi1|news1|nf14
なかにも,な,も,0,high,spec1
こうすいじゆん,こ,ん,0,high,news1|nf12
とらいあんぐる,と,る,0,high,gai1
よかん,よ,ん,0,high,ichi1|news1|nf15
てずくり,て,り,0,high,ichi1|news1|nf08
おりえんたる,お,る,0,high,gai1
ひりよう,ひ,う,0,high,ichi1|news1|nf12
あいこう,あ,う,0,high,news1|nf10
りん,り,ん,0,high,ichi1|news1|nf09|nf13
うらもん,う,ん,0,high,ichi1
うつわもの,う,の,0,high,news1|nf23
りよくち,り,ち,0,high,news1|nf13
ついに,つ,に,0,high,ichi1
とうあ,と,あ,0,high,news1|nf13
ごくろうさま,ご,ま,0,high,ichi1|news2|nf30|spec1
ふせる,ふ,る,0,high,ichi1
やきゆうぶ,や,ぶ,0,high,spec1
かやつく,か,く,0,high,gai1
でなければ,で,ば,0,high,spec1
ふなはし,ふ,し,0,high,news1|nf11
くうちゆう,く,う,0,high,ichi1|news1|nf07
ぎじゆつりよく,ぎ,く,0,high,spec1
しつこう,し,う,0,high,ichi1|news1|nf05
かんがい,か,い,0,high,ichi1|news1|news2|nf15|nf42
みね,み,ね,0,high,ichi1|news1|nf13
すいじよう,す,う,0,high,news1|nf12
きんぱく,き,く,0,high,ichi1|news1|nf12
なかでも,な,も,0,high,news1|nf06
なしよなりずむ,な,む,0,high,gai1
だうんさいじんぐ,だ,ぐ,0,high,gai1
ぽりえちれん,ぽ,ん,0,high,gai1
しゆうい,し,い,0,high,ichi1|news1|nf03
れつとう,れ,う,0,high,ichi1|news1|nf06
あずき,あ,き,0,high,ichi1|news1|nf24
ろんそう,ろ,う,0,high,ichi1|news1|nf05
かていきようし,か,し,0,high,news1|nf17
あいでんていてい,あ,い,0,high,gai1
ああく,あ,く,0,high,gai1
でもある,で,る,0,high,spec1
こくはく,こ,く,0,high,ichi1|news1|nf19
だいかいてん,だ,ん,0,high,news1|nf14
あかんぼう,あ,う,0,high,ichi1|news1|nf14
しさん,し,ん,0,high,ichi1|news1|nf02|nf07
せいなん,せ,ん,0,high,news1|nf23
こうきん,こ,ん,0,high,news1|nf20|nf22|nf24
かたよる,か,る,0,high,ichi1|news2|nf34
はんどぶつく,は,く,0,high,gai1
ふきげん,ふ,ん,0,high,ichi1|news2|nf26
ざいにん,ざ,ん,0,high,news1|nf10
しずむ,し,む,0,high,ichi1|news2|nf41
せんしゆけん,せ,ん,0,high,news1|nf01
きんろう,き,う,0,high,ichi1|news1|nf10
ちやん,ち,ん,0,high,ichi1|news1|nf01
ふたん,ふ,ん,0,high,ichi1|news1|nf02
はいやあ,は,あ,0,high,gai1
ひんけつ,ひ,つ,0,high,ichi1|news1|nf20
よくあるしつもん,よ,ん,0,high,spec1
すきんしつぷ,す,ぷ,0,high,gai1
ひこうかい,ひ,い,0,high,news1|nf09
しよとく,し,く,0,high,ichi1|news1|nf02
ひくい,ひ,い,0,high,ichi1|news1|nf14
ぶんつう,ぶ,う,0,high,ichi1|news2|nf25
かいせき,か,き,0,high,news1|nf10
えどつこ,え,こ,0,high,news1|nf23
おれんじいろ,お,ろ,0,high,spec1
こじき,こ,き,0,high,ichi1|news2|nf37
どくそうてき,ど,き,0,high,news1|nf22
なじむ,な,む,0,high,spec1
ようしよう,よ,う,0,high,news1|nf20|nf23
だつすい,だ,い,0,high,ichi1|news1|nf23
やくにたたない,や,い,0,high,news1|nf23
ひきわけ,ひ,け,0,high,ichi1|news1|nf12
かならずしも,か,も,0,high,ichi1|news1|nf05
やくだつ,や,つ,0,high,ichi1|news2|nf41
ちやねりんぐ,ち,ぐ,0,high,gai1
いちじつ,い,つ,0,high,ichi1|spec1
にじゆうよじかんせい,に,い,0,high,news1|nf08
ろおま,ろ,ま,0,high,spec1
あんてい,あ,い,0,high,ichi1|news1|nf02
すいえい,す,い,0,high,ichi1|news1|nf07
らいたあ,ら,あ,0,high,gai1|ichi1
ざいたく,ざ,く,0,high,news1|nf06
ふりつ,ふ,つ,0,high,ichi1|news1|nf11
につぽんいち,に,ち,0,high,news1|nf06
でもくらしい,で,い,0,high,gai1
げんこうはん,げ,ん,0,high,news1|nf08
まえばらい,ま,い,0,high,ichi1|news1|nf23
とぎれる,と,る,0,high,ichi1|news2|nf41
せんどう,せ,う,0,high,news1|nf18|nf20
しようう,し,う,0,high,ichi1|news1|nf19
じゆうか,じ,か,0,high,news1|nf09|nf15
ざいせき,ざ,き,0,high,ichi1|news1|nf20
けつせい,け,い,0,high,ichi1|news1|nf03
こつこく,こ,く,0,high,news1|nf21
くいいん,く,ん,0,high,gai1
あいご,あ,ご,0,high,news1|nf18
ごれんらく,ご,く,0,high,spec1
げえとぼおる,げ,る,0,high,gai1
まどらす,ま,す,0,high,gai1
もんか,も,か,0,high,news1|nf24
あいだがら,あ,ら,0,high,ichi1
かんきよう,か,う,0,high,ichi1|news1|nf01
りいち,り,ち,0,high,gai1
ぬる,ぬ,る,0,high,ichi1|news2|nf27
ぼうせん,ぼ,ん,0,high,ichi1|news1|nf22
めいにち,め,ち,0,high,ichi1|news1|nf20
ぱすぽおと,ぱ,と,0,high,gai1|ichi1
ここぬか,こ,か,0,high,ichi1|spec1
おしこむ,お,む,0,high,news1|nf24
まんいんでんしや,ま,や,0,high,spec1
こぎつて,こ,て,0,high,ichi1|news1|nf10
きようどうくみあい,き,い,0,high,news1|news2|nf09|nf47
しやがい,し,い,0,high,news1|nf16
かんこう,か,う,0,high,ichi1|news1|nf02|nf07|nf08|nf23|nf24
ちなみに,ち,に,0,high,spec1
すうええでん,す,ん,0,high,spec1
ばん,ば,ん,0,high,gai1|ichi1|news1|nf07|nf13|nf21|spec1
くろじ,く,じ,0,high,ichi1|news1|nf02
おもに,お,に,0,high,ichi1|news1|nf06|nf15
れい,れ,い,0,high,ichi1|news1|news2|nf02|nf05|nf10|nf13|nf37|spec1
みまい,み,い,0,high,ichi1|news1|nf11
こんにち,こ,ち,0,high,ichi1|news1|nf02
にようぼう,に,う,0,high,ichi1|news1|nf10
しゆつせい,し,い,0,high,ichi1|news1|nf06
ろうえい,ろ,い,0,high,spec1
むうる,む,る,0,high,gai1
うんてんし,う,し,0,high,ichi1
のり,の,り,0,high,ichi1|news1|news2|nf07|nf33|nf38
えんしゆつか,え,か,0,high,news1|nf10
おかわり,お,り,0,high,ichi1
つらなる,つ,る,0,high,ichi1|news2|nf40
うりだし,う,し,0,high,news1|nf17
すとつくほるむ,す,む,0,high,gai1
さどる,さ,る,0,high,gai1
ごりん,ご,ん,0,high,news1|nf01
こあめ,こ,め,0,high,ichi1|news1|nf19
ろつじ,ろ,じ,0,high,gai1
おはようございます,お,す,0,high,spec1
ほうどうきかん,ほ,ん,0,high,news1|nf10
しなめ,し,め,0,high,news1|nf08
ぐりいんふいい,ぐ,い,0,high,gai1
あく,あ,く,0,high,ichi1|news1|nf05|spec1
ふりいきつく,ふ,く,0,high,gai1
にがおえ,に,え,0,high,ichi1
あじさい,あ,い,0,high,spec1
のう,の,う,0,high,ichi1|news1|nf03|nf05
さみしい,さ,い,0,high,ichi1|news2|nf33|spec1
ざいや,ざ,や,0,high,news1|nf20
めたのおる,め,る,0,high,gai1
ふくし,ふ,し,0,high,ichi1|news1|nf02
いんでいあな,い,な,0,high,gai1
じよい,じ,い,0,high,gai1
れえよん,れ,ん,0,high,gai1
こんばん,こ,ん,0,high,ichi1|news2|nf29
いしむろ,い,ろ,0,high,news1|nf23
しんりよく,し,く,0,high,news1|nf22
ちやいろ,ち,ろ,0,high,ichi1|news1|nf15
しみゆれえたあ,し,あ,0,high,gai1
がく,が,く,0,high,ichi1|news1|nf03|nf12
めいずる,め,る,0,high,ichi1|news2|nf34
ばすけつとぼおる,ば,る,0,high,gai1|ichi1
ふまん,ふ,ん,0,high,ichi1|news1|nf02
なんもん,な,ん,0,high,ichi1|news1|nf09
しくらめん,し,ん,0,high,gai1
ゆにつと,ゆ,と,0,high,gai1
ねつとぷれえ,ね,え,0,high,gai1
きれい,き,い,0,high,ichi1|spec1
えいたい,え,い,0,high,news1|nf24
かばう,か,う,0,high,ichi1
りめいく,り,く,0,high,gai1
ひつくりかえる,ひ,る,0,high,ichi2|spec1
およぼす,お,す,0,high,ichi1|news2|nf31
こんさあと,こ,と,0,high,gai1|ichi1
やま,や,ま,0,high,ichi1|news1|nf02
しんかい,し,い,0,high,news1|nf20
でもんすとれえしよん,で,ん,0,high,gai1
めんせつ,め,つ,0,high,ichi1|news1|nf07
ふくらむ,ふ,む,0,high,ichi1|news1|nf18
ひめ,ひ,め,0,high,news1|nf07
かんぜい,か,い,0,high,ichi1|news1|nf02
せんこく,せ,く,0,high,ichi1|news1|nf14
きみつ,き,つ,0,high,news1|nf12
おどろく,お,く,0,high,ichi1
はんとし,は,し,0,high,ichi1|news1|nf04
べてらん,べ,ん,0,high,gai1|ichi1
どうめい,ど,い,0,high,ichi1|news1|nf02|nf15
しにたい,し,い,0,high,news1|nf24
かざり,か,り,0,high,ichi1|news1|nf11
もくてき,も,き,0,high,ichi1|news1|nf01
いつぽうてき,い,き,0,high,news1|nf05
よこく,よ,く,0,high,ichi1|news1|nf17
ひようする,ひ,る,0,high,news1|nf21
ばある,ば,る,0,high,gai1
ちしき,ち,き,0,high,ichi1|news1|nf04
べどういん,べ,ん,0,high,gai1
かるちやあ,か,あ,0,high,gai1|ichi1
きつかけ,き,け,0,high,news1|nf03
ふらん,ふ,ん,0,high,gai1
ちのう,ち,う,0,high,ichi1|news1|nf19
きゆうかん,き,ん,0,high,news1|nf16|nf22
しゆうてん,し,ん,0,high,ichi1|news1|nf24
はむかう,は,う,0,high,ichi1
ひあい,ひ,い,0,high,news1|nf21
ぜんえい,ぜ,い,0,high,news1|nf12
せるろいど,せ,ど,0,high,gai1
しいく,し,く,0,high,gai1|ichi1|news1|nf08
ぎようしゆ,ぎ,ゆ,0,high,news1|nf06
くちぶり,く,り,0,high,news1|nf18
みりぐらむ,み,む,0,high,gai1
えくすぺりえんす,え,す,0,high,spec1
いんちよう,い,う,0,high,news1|nf05
ぶつぶつ,ぶ,つ,0,high,ichi1
びりよう,び,う,0,high,news1|nf21
くずれ,く,れ,0,high,news1|nf12
らじええたあ,ら,あ,0,high,gai1
ぞうきよう,ぞ,う,0,high,news1|nf09
ゆうぜい,ゆ,い,0,high,news1|nf10
ぶろおど,ぶ,ど,0,high,gai1
のおすかろらいな,の,な,0,high,gai1
ぼうえいしせつちよう,ぼ,う,0,high,news1|nf22
だんしんぐ,だ,ぐ,0,high,gai1
ちいさいころ,ち,ろ,0,high,spec1
ぽおかあ,ぽ,あ,0,high,gai1
ひま,ひ,ま,0,high,ichi1|news1|nf14
さんぎいん,さ,ん,0,high,ichi1|news1|nf06
きようぐう,き,う,0,high,ichi1|news1|nf21
だんあつ,だ,つ,0,high,ichi1|news1|nf09
もうしわけない,も,い,0,high,ichi1|news2|nf37
わりだか,わ,か,0,high,news1|nf12
すうまん,す,ん,0,high,news1|nf10
そぼ,そ,ぼ,0,high,ichi1|news1|nf10
がすますく,が,く,0,high,gai1
もみじ,も,じ,0,high,ichi1
どうじる,ど,る,0,high,ichi1|news2|nf33
いちれん,い,ん,0,high,news1|nf03
じようむいん,じ,ん,0,high,news1|nf17
あふれる,あ,る,0,high,ichi1
だけつ,だ,つ,0,high,ichi1|news1|nf11
ねさげ,ね,げ,0,high,ichi1|news1|nf06
いやらしい,い,い,0,high,ichi1|spec1
ねぶそく,ね,く,0,high,news2|nf36|spec1
しつぱい,し,い,0,high,ichi1|news1|nf04
いめえじ,い,じ,0,high,gai1|ichi1
つずく,つ,く,0,high,ichi1
まちどおしい,ま,い,0,high,ichi1|news2|nf30
いいきる,い,る,0,high,news1|nf21
いき,い,き,0,high,ichi1|news1|nf05|nf11|nf12|nf13|nf17|nf22
おりおり,お,り,0,high,news1|nf24
ろつかあ,ろ,あ,0,high,gai1|ichi1
ひにく,ひ,く,0,high,ichi1|news1|nf14
ふい,ふ,い,0,high,ichi1|news2|nf26
とおん,と,ん,0,high,gai1
ぴいたあぱんしんどろおむ,ぴ,む,0,high,gai1
きつちやてん,き,ん,0,high,ichi1|news1|nf10
りきし,り,し,0,high,news1|nf06
きやべつ,き,つ,0,high,gai1|ichi1
えんじよ,え,よ,0,high,ichi1|news1|nf01
すぴいかあ,す,あ,0,high,gai1|ichi1
ゆいいつ,ゆ,つ,0,high,ichi1|news1|nf03
くどう,く,う,0,high,news1|nf11
ちすい,ち,い,0,high,news1|nf21
ここ,こ,こ,0,high,ichi1|news1|nf01|nf07
みじかい,み,い,0,high,ichi1|news2|nf25
たかさ,た,さ,0,high,ichi1|news1|nf04
ぎようせき,ぎ,き,0,high,ichi1|news1|nf03
しめつぽい,し,い,0,high,ichi1|news2|nf26
たんすう,た,う,0,high,ichi1
かそく,か,く,0,high,ichi1|news1|nf09
たいひ,た,ひ,0,high,ichi1|news1|news2|nf19|nf27|nf28|spec1
えいようがく,え,く,0,high,news1|nf24
けんあん,け,ん,0,high,news1|nf06
たかせ,た,せ,0,high,news1|nf22
ぶれんど,ぶ,ど,0,high,gai1
けつしようてん,け,ん,0,high,news1|nf13
かきよう,か,う,0,high,ichi1|news1|news2|nf15|nf40
へいねんなみ,へ,み,0,high,news1|nf17
おちや,お,や,0,high,ichi1|news1|nf06
ぞうに,ぞ,に,0,high,ichi1|news2|nf39
ひきわたし,ひ,し,0,high,news1|nf10
かんぶくろ,か,ろ,0,high,news1|nf17
じやんぐる,じ,る,0,high,gai1
どろぬま,ど,ま,0,high,news1|nf12
おんれい,お,い,0,high,ichi1|news2|nf37
ちかくへんどう,ち,う,0,high,news1|nf17
じゆごん,じ,ん,0,high,spec1
ぐうぞう,ぐ,う,0,high,ichi1|news2|nf37
よくぼう,よ,う,0,high,ichi1|news1|nf14
べつぴよう,べ,う,0,high,news1|nf08
しようじよ,し,よ,0,high,ichi1|news1|nf04
かくりよう,か,う,0,high,ichi1|news1|nf01
ごうどう,ご,う,0,high,ichi1|news1|nf03
りよひ,り,ひ,0,high,ichi1|news1|nf14
ひんし,ひ,し,0,high,ichi1
さんれつ,さ,つ,0,high,news1|nf18
たいどう,た,う,0,high,news1|nf16
めやす,め,す,0,high,ichi1|news1|nf08
よるごはん,よ,ん,0,high,spec1
れおたあど,れ,ど,0,high,gai1
ぱんふれつと,ぱ,と,0,high,gai1|ichi1
かくじゆう,か,う,0,high,news1|nf08
しもはんしん,し,ん,0,high,ichi1|news1|nf15
いがむ,い,む,0,high,ichi1
せんだく,せ,く,0,high,ichi1|news1|nf03|nf09
しゆうにゆう,し,う,0,high,ichi1|news1|nf02
そうごう,そ,う,0,high,ichi1|news1|nf01
へんじゆう,へ,う,0,high,news1|nf14
まえむき,ま,き,0,high,ichi1|news1|nf05
ひつけん,ひ,ん,0,high,spec1
ひそひそ,ひ,そ,0,high,ichi1|spec1
なくなる,な,る,0,high,ichi1
おどす,お,す,0,high,ichi1|news1|nf21
とくしよ,と,よ,0,high,ichi1|news1|nf05
ればのん,れ,ん,0,high,gai1
げんそく,げ,く,0,high,ichi1|news1|nf01|nf07
きようかん,き,ん,0,high,ichi1|news1|nf10|nf14
そうごぎんこう,そ,う,0,high,news1|nf19
たよる,た,る,0,high,ichi1|news1|nf19
そふあ,そ,あ,0,high,gai1
かかん,か,ん,0,high,news1|nf15
もけい,も,い,0,high,ichi1|news1|nf11
ぶるうす,ぶ,す,0,high,gai1
しりゆう,し,う,0,high,news1|nf24
いるい,い,い,0,high,ichi1|news1|nf12
はいすい,は,い,0,high,ichi1|news1|nf09
まるごと,ま,と,0,high,news1|nf22
すいぶん,す,ん,0,high,ichi1|news1|nf11
ぞうし,ぞ,し,0,high,news1|nf11
にるい,に,い,0,high,news1|nf04
がろう,が,う,0,high,news1|nf09
かつどうか,か,か,0,high,news1|nf09
みおくる,み,る,0,high,ichi1|news1|nf08
ぱあぷる,ぱ,る,0,high,gai1
はつと,は,と,0,high,ichi1
はちうえ,は,え,0,high,news1|nf24
すろばきあ,す,あ,0,high,gai1
いんしゆりん,い,ん,0,high,gai1
まあぶる,ま,る,0,high,gai1
せかい,せ,い,0,high,ichi1|news1|nf01
つかまる,つ,る,0,high,ichi1|news2|nf44
ほす,ほ,す,0,high,ichi1|news1|nf20
けんし,け,し,0,high,news1|nf19|nf23
せいこう,せ,う,0,high,ichi1|news1|nf03|nf12|nf19|nf22|nf24
とろい,と,い,0,high,gai1
ふり,ふ,り,0,high,ichi1|news1|nf08|nf13
じやくねん,じ,ん,0,high,ichi1|news1|nf17
ことわり,こ,り,0,high,news1|nf21
ゆきすぎる,ゆ,る,0,high,news1|nf18
いちめん,い,ん,0,high,ichi1|news1|nf06
はくし,は,し,0,high,ichi1|news1|nf08
きんぎよ,き,よ,0,high,ichi1|news1|nf19
なれえたあ,な,あ,0,high,gai1
どつきんほう,ど,う,0,high,news1|nf08
ひけつ,ひ,つ,0,high,ichi1|news1|news2|nf13|nf42
めもりあるほおる,め,る,0,high,gai1
そくほう,そ,う,0,high,news1|nf06
ゆうめし,ゆ,し,0,high,ichi1|news2|nf40
どちら,ど,ら,0,high,ichi1
ざいせいなん,ざ,ん,0,high,news1|nf18
きやんでいい,き,い,0,high,spec1
かんもん,か,ん,0,high,ichi1|news1|nf02|nf18
おさえる,お,る,0,high,ichi1|news1|nf04|nf08
いくつか,い,か,0,high,spec1
ぜんいん,ぜ,ん,0,high,ichi1|news1|nf02
えじぷと,え,と,0,high,gai1
くりつく,く,く,0,high,gai1
だんすい,だ,い,0,high,ichi1|news1|nf22
すし,す,し,0,high,ichi1|news2|nf35
ぞんじ,ぞ,じ,0,high,spec1
そしよく,そ,く,0,high,ichi1|news1|nf01
もしくは,も,は,0,high,ichi1
いいなり,い,り,0,high,ichi1|news2|nf25
あんらくし,あ,し,0,high,news1|nf14
しよほうせん,し,ん,0,high,news2|nf39|spec1
たつきゆう,た,う,0,high,news1|nf08
やれやれ,や,れ,0,high,ichi1
どうそう,ど,う,0,high,news1|nf22
ぶらぼお,ぶ,お,0,high,gai1
はだいろ,は,ろ,0,high,ichi1|news2|nf41
じゆくご,じ,ご,0,high,ichi1|news2|nf29
さきざき,さ,き,0,high,news1|nf20
すてき,す,き,0,high,ichi1|news1|nf15
まきこむ,ま,む,0,high,ichi1|news1|nf07
でざいなあ,で,あ,0,high,gai1
おうひ,お,ひ,0,high,news1|nf23
ききゆう,き,う,0,high,news1|nf19|nf20
みいら,み,ら,0,high,gai1
じんせいかん,じ,ん,0,high,news1|nf20
むりよく,む,く,0,high,ichi1|news1|nf20
ひよこ,ひ,こ,0,high,ichi1|news2|nf25
なながつ,な,つ,0,high,news1|nf01|spec1
じかん,じ,ん,0,high,ichi1|news1|nf01|nf02
しやつとあうと,し,と,0,high,gai1
にんず,に,ず,0,high,ichi1|news1|nf06
しようてんがい,し,い,0,high,spec1
ひとあんしん,ひ,ん,0,high,news2|nf48|spec1
こすたりか,こ,か,0,high,gai1
さかだち,さ,ち,0,high,ichi1|news2|nf43
ししようしや,し,や,0,high,news1|nf09
くつきんぐ,く,ぐ,0,high,gai1
ちようほんにん,ち,ん,0,high,ichi1|news2|nf30
きんよう,き,う,0,high,ichi1|news1|nf08
ようもう,よ,う,0,high,ichi1|news2|nf27
じつぞう,じ,う,0,high,news1|nf18
てえぜ,て,ぜ,0,high,gai1
とびだし,と,し,0,high,news1|nf12
すくりぷたあ,す,あ,0,high,gai1
そめる,そ,る,0,high,ichi1|news2|nf27
りよう,り,う,0,high,ichi1|news1|nf02|nf04|nf06|nf07|nf08|nf11|nf13|nf24|spec1
さんせい,さ,い,0,high,ichi1|news1|nf02|nf08|nf17
かとりつく,か,く,0,high,gai1|ichi1
たわら,た,ら,0,high,news1|nf17
じゆういちにち,じ,ち,0,high,spec1
ものずき,も,き,0,high,ichi1|news2|nf45
ゆうじや,ゆ,や,0,high,news2|nf39|spec1
えらあ,え,あ,0,high,gai1
ろくが,ろ,が,0,high,ichi1|news1|nf12
きゆうたい,き,い,0,high,news1|nf21
せきめん,せ,ん,0,high,ichi1
かわらない,か,い,0,high,news1|nf03
でんぽう,で,う,0,high,ichi1|news1|nf14
ほんやく,ほ,く,0,high,ichi1|news1|nf06
ぶんがく,ぶ,く,0,high,ichi1|news1|nf02
うりあげ,う,げ,0,high,ichi1|news1|nf03|spec1
どおく,ど,く,0,high,gai1
だいする,だ,る,0,high,news1|nf23
にゆうろん,に,ん,0,high,gai1
きんりん,き,ん,0,high,news1|nf08
あなうんす,あ,す,0,high,gai1
くじら,く,ら,0,high,ichi1|news1|nf13
あお,あ,お,0,high,ichi1|news1|nf03
ろうし,ろ,し,0,high,news1|nf06
こうがく,こ,く,0,high,ichi1|news1|nf06|nf09|nf19
おれる,お,る,0,high,ichi1
ゆうげん,ゆ,ん,0,high,ichi1|news1|nf21
なかゆび,な,び,0,high,ichi1|news2|nf33
つぎつぎに,つ,に,0,high,ichi1
べりいだんす,べ,す,0,high,gai1
ふんぱつ,ふ,つ,0,high,ichi1
でんばた,で,た,0,high,ichi1|news1|nf16
ほおまあ,ほ,あ,0,high,gai1
ぼおるど,ぼ,ど,0,high,gai1
こいぬ,こ,ぬ,0,high,spec1
ばつと,ば,と,0,high,gai1|ichi1
むとうはそう,む,う,0,high,news1|nf21
じゆう,じ,う,0,high,ichi1|news1|nf01|nf03|nf06|nf14|spec1
せいせき,せ,き,0,high,ichi1|news1|nf03
ふゆかい,ふ,い,0,high,ichi1|news1|nf19
いつたいいち,い,ち,0,high,news1|nf21|spec1
かいぎよう,か,う,0,high,news1|nf11
もはん,も,ん,0,high,ichi1|news1|nf18
かくせい,か,い,0,high,news2|nf42|spec1
だいだい,だ,い,0,high,ichi1|news1|nf07
じつせい,じ,い,0,high,news1|nf11
わりあい,わ,い,0,high,ichi1|news1|nf03
がいへき,が,き,0,high,news1|nf13
かんさつ,か,つ,0,high,ichi1|news1|nf08|nf15
じえのさいど,じ,ど,0,high,gai1
くくる,く,る,0,high,ichi1
でんわ,で,わ,0,high,ichi1|news1|nf01
いれずみ,い,み,0,high,news1|nf21
びるでいんぐ,び,ぐ,0,high,gai1
べつ,べ,つ,0,high,ichi1
たいない,た,い,0,high,news1|nf08
ばうさいど,ば,ど,0,high,gai1
はげ,は,げ,0,high,ichi1|spec1
しやかいがく,し,く,0,high,news1|nf11
ふつか,ふ,か,0,high,ichi1|spec1
のぼり,の,り,0,high,ichi1|news1|nf10
ぶんかじん,ぶ,ん,0,high,news1|nf14
ねぶり,ね,り,0,high,ichi1|news1|nf16
やとう,や,う,0,high,ichi1|news1|nf01|nf24
ごうけん,ご,ん,0,high,news1|nf07
めでたい,め,い,0,high,ichi1
ごらん,ご,ん,0,high,news2|nf28|spec1
つみかさね,つ,ね,0,high,news1|nf14
かずおおく,か,く,0,high,news1|nf09
ないろん,な,ん,0,high,gai1|ichi1
まうんと,ま,と,0,high,gai1
さんゆこく,さ,く,0,high,news1|nf13
こうかてき,こ,き,0,high,news1|nf07
あくしゆう,あ,う,0,high,news1|nf22
みじめ,み,め,0,high,ichi1|news2|nf35
たびさき,た,き,0,high,news1|nf22
じかよう,じ,う,0,high,news1|nf24
ちりじようほうしすてむ,ち,む,0,high,spec1
ちようしや,ち,や,0,high,news1|nf07|nf17
ていつしゆ,て,ゆ,0,high,gai1|ichi1
こくれん,こ,ん,0,high,ichi1|news1|nf01
つみたてきん,つ,ん,0,high,news1|nf15
しんどろおむ,し,む,0,high,gai1
のうはう,の,う,0,high,gai1
ほうれんそう,ほ,う,0,high,ichi1
しゆなつぷす,し,す,0,high,gai1
よそうがい,よ,い,0,high,news1|nf11
ほんかくてき,ほ,き,0,high,ichi1|news1|nf03
ふおあ,ふ,あ,0,high,gai1
おうたい,お,い,0,high,ichi1|news1|nf14
しようりよく,し,く,0,high,news1|nf15
めそぽたみあ,め,あ,0,high,gai1
かつぱ,か,ぱ,0,high,gai1
しゆうき,し,き,0,high,ichi1|news1|nf15|nf17
ゆうざい,ゆ,い,0,high,ichi1|news1|nf06
あいこん,あ,ん,0,high,spec1
かがみ,か,み,0,high,ichi1|news1|nf06
ぼお,ぼ,お,0,high,gai1
のおまらいず,の,ず,0,high,gai1
しんりん,し,ん,0,high,ichi1|news1|nf04
ぼおからあ,ぼ,あ,0,high,gai1
ちくり,ち,り,0,high,spec1
みせいねん,み,ん,0,high,ichi1|news1|nf15
てきごう,て,う,0,high,news1|nf18
みつくす,み,す,0,high,gai1|ichi1
よくせい,よ,い,0,high,ichi1|news1|nf04
きんがしんねん,き,ん,0,high,ichi1
しばしば,し,ば,0,high,ichi1
あいてがた,あ,た,0,high,news1|nf17
きせき,き,き,0,high,ichi1|news1|nf10|nf13
しうとめ,し,め,0,high,ichi1|news1|nf16
ひとまず,ひ,ず,0,high,ichi1
きようさんしゆぎ,き,ぎ,0,high,ichi1|news1|nf07
ほるん,ほ,ん,0,high,gai1
しきし,し,し,0,high,news1|nf19
いひん,い,ん,0,high,news1|nf17
うめ,う,め,0,high,ichi1|news1|nf07
ごうりよく,ご,く,0,high,news1|nf21
おびただしい,お,い,0,high,ichi1
しんばし,し,し,0,high,news1|nf10
さつじん,さ,ん,0,high,ichi1|news1|nf03
じようでん,じ,ん,0,high,news1|nf07
ぞうてい,ぞ,い,0,high,news1|nf13
ふみん,ふ,ん,0,high,ichi1|news1|nf23
つぼ,つ,ぼ,0,high,ichi1|news1|news2|nf10|nf20|spec1
さます,さ,す,0,high,ichi1|news2|nf43
じはつ,じ,つ,0,high,news1|nf19
びよおき,び,き,0,high,ichi1|news1|nf02
にゆうこう,に,う,0,high,news1|nf20
ぽけつとべる,ぽ,る,0,high,gai1
つけもの,つ,の,0,high,ichi1|news1|nf18
どうしようもない,ど,い,0,high,spec1
はいていいん,は,ん,0,high,gai1
らんじえりい,ら,い,0,high,gai1
つつい,つ,い,0,high,news1|nf14
おとろえ,お,え,0,high,news1|nf15
かんぜんじあい,か,い,0,high,news1|nf21
ついでに,つ,に,0,high,ichi1
いつもどうり,い,り,0,high,spec1
わしつ,わ,つ,0,high,ichi1|news1|nf19
ちようき,ち,き,0,high,ichi1|news1|nf02
いれる,い,る,0,high,ichi1
みようあさ,み,さ,0,high,ichi1|news2|nf47
たかる,た,る,0,high,ichi1
れきだい,れ,い,0,high,news1|nf07
びでお,び,お,0,high,gai1|ichi1
りゆうこうか,り,か,0,high,ichi1|news2|nf28
りゆうほ,り,ほ,0,high,news1|nf16
こあびたしおん,こ,ん,0,high,gai1
もていいふ,も,ふ,0,high,gai1
よんりんしや,よ,や,0,high,news1|nf18
とりゆふ,と,ふ,0,high,gai1
なちす,な,す,0,high,spec1
そだい,そ,い,0,high,ichi1|news2|nf28
ねんまく,ね,く,0,high,news1|nf21
ぷろせつさあ,ぷ,あ,0,high,gai1
しにん,し,ん,0,high,ichi1|news2|nf45
ほつけえ,ほ,え,0,high,gai1
さすが,さ,が,0,high,ichi1
ひとごろし,ひ,し,0,high,ichi1|news2|nf30
とくそく,と,く,0,high,ichi1|news2|nf36
ほんぶ,ほ,ぶ,0,high,ichi1|news1|nf01
せんきよ,せ,よ,0,high,ichi1|news1|nf01|nf21
せいど,せ,ど,0,high,ichi1|news1|nf01|nf14
ずいいん,ず,ん,0,high,news1|nf20
にんしん,に,ん,0,high,ichi1|news1|nf07
ぐるぐる,ぐ,る,0,high,ichi1
らてんあめりか,ら,か,0,high,gai1
しはらい,し,い,0,high,ichi1|news1|nf03|spec1
ひとばんじゆう,ひ,う,0,high,ichi1
はいぜつ,は,つ,0,high,ichi1|news1|nf14
こんげつ,こ,つ,0,high,ichi1|news1|nf01
ぷらす,ぷ,す,0,high,gai1|ichi1
くすぐつたい,く,い,0,high,ichi1
はなす,は,す,0,high,ichi1|news1|news2|nf21|nf30|nf45
こうりよう,こ,う,0,high,news1|nf09
しゆうけつ,し,つ,0,high,news1|nf03
ほんばこ,ほ,こ,0,high,ichi1
しふと,し,と,0,high,gai1
やきゆう,や,う,0,high,ichi1|news1|nf01
えんだか,え,か,0,high,ichi1|news1|nf02
れきし,れ,し,0,high,ichi1|news1|nf01
こくさん,こ,ん,0,high,ichi1|news1|nf05
かみしばい,か,い,0,high,news1|nf21
だつする,だ,る,0,high,news1|nf22
あむ,あ,む,0,high,ichi1|news2|nf41
すれば,す,ば,0,high,spec1
おうだんまく,お,く,0,high,news1|nf19
はり,は,り,0,high,ichi1|news1|nf08|nf19
むかしばなし,む,し,0,high,ichi1|news1|nf21
へんかきゆう,へ,う,0,high,news1|nf08
きようそうば,き,ば,0,high,news1|nf23
もつとも,も,も,0,high,ichi1|news1|nf01
かこむ,か,む,0,high,ichi1|news1|nf07
まつる,ま,る,0,high,ichi1|news2|nf43|spec1
たちばな,た,な,0,high,news1|nf19
つうねん,つ,ん,0,high,news1|nf18|nf22
せえふ,せ,ふ,0,high,gai1
じゆうてんてき,じ,き,0,high,news1|nf16
えきでん,え,ん,0,high,news1|nf10
すうぱあばいざあ,す,あ,0,high,gai1
かくり,か,り,0,high,news1|nf11
まつと,ま,と,0,high,gai1
じやがあ,じ,あ,0,high,gai1
こつこ,こ,こ,0,high,news1|nf11
とつけん,と,ん,0,high,ichi1|news1|nf11
けつしや,け,や,0,high,news1|nf19
きぎ,き,ぎ,0,high,news1|nf19
みだれ,み,れ,0,high,news1|nf09
ぴんせつと,ぴ,と,0,high,gai1
しそく,し,く,0,high,news1|nf19
みやく,み,く,0,high,ichi1|news1|nf20
かるてる,か,る,0,high,gai1
えいぎようまん,え,ん,0,high,spec1
けつこんあいて,け,て,0,high,spec1
いんでいあん,い,ん,0,high,gai1
ひな,ひ,な,0,high,ichi1
いわやま,い,ま,0,high,news1|nf22
とほ,と,ほ,0,high,ichi1|news1|nf09
なまける,な,る,0,high,ichi1
ぷろつぷじえつと,ぷ,と,0,high,gai1
しやかいじぎよう,し,う,0,high,news1|nf14
しえるたあ,し,あ,0,high,gai1
たんきだいがく,た,く,0,high,ichi1|news1|nf23
げえむせんたあ,げ,あ,0,high,gai1
ちたい,ち,い,0,high,ichi1|news1|nf04
ぎじゆつてき,ぎ,き,0,high,news1|nf08
へいわ,へ,わ,0,high,ichi1|news1|nf01
しやれ,し,れ,0,high,ichi1|news2|nf43
てんこう,て,う,0,high,ichi1|news1|nf08|nf20
かぜぐすり,か,り,0,high,ichi1|news2|nf36
えいせい,え,い,0,high,ichi1|news1|nf02|nf06
あしおと,あ,と,0,high,ichi1|news1|nf22
しゆつしん,し,ん,0,high,ichi1|news1|nf01
へる,へ,る,0,high,gai1|ichi1|news1|nf14|nf20
れんどう,れ,う,0,high,news1|nf15
りいと,り,と,0,high,gai1
じいぷ,じ,ぷ,0,high,gai1
こくこく,こ,く,0,high,news1|nf21
くぐる,く,る,0,high,ichi1|news2|nf40
しようしよ,し,よ,0,high,ichi1|news1|nf08
けいけんち,け,ち,0,high,spec1
せんし,せ,し,0,high,ichi1|news1|nf16|nf19
そおす,そ,す,0,high,gai1|ichi1
さいすたあと,さ,と,0,high,spec1
じつたいちようさ,じ,さ,0,high,news1|nf08
せいおう,せ,う,0,high,ichi1|news1|nf05
ぜんたいてき,ぜ,き,0,high,spec1
しおみ,し,み,0,high,news2|nf37|spec1
にじゆうごにち,に,ち,0,high,spec1
いつだつ,い,つ,0,high,news1|nf23
じゆうさん,じ,ん,0,high,news1|nf01
かんてい,か,い,0,high,ichi1|news1|nf02|nf07|nf15
こうさつ,こ,つ,0,high,news1|nf21
みれにあむ,み,む,0,high,gai1
よぶ,よ,ぶ,0,high,ichi1|news1|nf02
ぼくそう,ぼ,う,0,high,news1|nf24
えう,え,う,0,high,ichi1|news2|nf39
しようだく,し,く,0,high,ichi1|news1|nf12
ようしゆ,よ,ゆ,0,high,ichi1|news1|nf22
あめふり,あ,り,0,high,ichi1|news2|nf47
ほつきよくけん,ほ,ん,0,high,news1|nf21
ふかめる,ふ,る,0,high,ichi1|news1|nf11
あねさん,あ,ん,0,high,ichi1|news2|nf25
じめつ,じ,つ,0,high,ichi1|news2|nf26
めえん,め,ん,0,high,gai1
じゆうはちばん,じ,ん,0,high,news1|nf15
めつき,め,き,0,high,ichi1|news2|nf44
しんぞう,し,う,0,high,ichi1|news1|nf04
せんめん,せ,ん,0,high,ichi1|news2|nf28
せいてつ,せ,つ,0,high,ichi1|news1|nf16
しりうす,し,す,0,high,gai1
やね,や,ね,0,high,ichi1|news1|nf06
めつちやくちや,め,や,0,high,ichi1
びさい,び,い,0,high,news1|nf21
いかが,い,が,0,high,spec1
みにすかあと,み,と,0,high,gai1
ほすぴす,ほ,す,0,high,gai1
つうや,つ,や,0,high,ichi1|news1|nf19
だけども,だ,も,0,high,spec1
どうでもいい,ど,い,0,high,spec1
じんけんひ,じ,ひ,0,high,news1|nf07
だみい,だ,い,0,high,gai1
えんぶれむ,え,む,0,high,gai1
しめい,し,い,0,high,ichi1|news1|nf03|nf07
みあたらない,み,い,0,high,news1|nf13
すぱいらる,す,る,0,high,gai1
ゆうご,ゆ,ご,0,high,gai1
ほうきよう,ほ,う,0,high,spec1
かのう,か,う,0,high,ichi1|news1|nf01
でべろつぱあ,で,あ,0,high,gai1
ぼく,ぼ,く,0,high,ichi1|news1|nf07
うすめる,う,る,0,high,ichi1|news2|nf34
にくしみ,に,み,0,high,ichi1|news1|nf19
じゆんかんき,じ,き,0,high,news1|nf23
きようこのごろ,き,ろ,0,high,spec1
げんり,げ,り,0,high,ichi1|news1|nf04
しんぷる,し,る,0,high,gai1
まど,ま,ど,0,high,ichi1|news1|nf04
すずしい,す,い,0,high,ichi1|news2|nf30
てがみ,て,み,0,high,ichi1|news1|nf03
のお,の,お,0,high,gai1
しじ,し,じ,0,high,ichi1|news1|nf01|nf04|nf14
ばつくあつぷ,ば,ぷ,0,high,gai1
はしりだす,は,す,0,high,news1|nf22
まばたく,ま,く,0,high,ichi1
はぶく,は,く,0,high,ichi1
じようけい,じ,い,0,high,news1|nf17
じやま,じ,ま,0,high,ichi1|news1|nf14
はつこつ,は,つ,0,high,news1|nf23
ひとつひとつ,ひ,つ,0,high,news1|nf19
どうるい,ど,い,0,high,ichi1|news2|nf47
かいざん,か,ん,0,high,spec1
きよらか,き,か,0,high,ichi1|news2|nf34
たいてい,た,い,0,high,ichi1|news1|nf24
たちあがる,た,る,0,high,ichi1|news2|nf42
むかしのまま,む,ま,0,high,spec1
おおぷんせん,お,ん,0,high,spec1
ろうすい,ろ,い,0,high,news1|nf10
のみ,の,み,0,high,spec1
ほうもん,ほ,ん,0,high,ichi1|news1|nf01
やきそば,や,ば,0,high,ichi1|news2|nf31
めざめる,め,る,0,high,ichi1|news2|nf33
がいえん,が,ん,0,high,news1|nf24
はつもうで,は,で,0,high,ichi2|spec1
ぐつど,ぐ,ど,0,high,gai1
かねもち,か,ち,0,high,ichi1|news1|nf09
かあぺつと,か,と,0,high,gai1|ichi1
ぞい,ぞ,い,0,high,ichi1|news1|nf07
ちゆうぶ,ち,ぶ,0,high,gai1|news1|nf06
ゆきちがい,ゆ,い,0,high,ichi1|news2|nf31
あらかると,あ,と,0,high,gai1
ぐらうんど,ぐ,ど,0,high,gai1|ichi1
いおう,い,う,0,high,news1|nf11
きたない,き,い,0,high,ichi1|news2|nf35
しようめいしよ,し,よ,0,high,spec1
したがう,し,う,0,high,ichi1|news2|nf46
ほつと,ほ,と,0,high,spec1
ふくざつさ,ふ,さ,0,high,news1|nf23
めのまえ,め,え,0,high,news1|nf07
るうず,る,ず,0,high,gai1
あいだじゆう,あ,う,0,high,news1|nf19
ないこうてき,な,き,0,high,ichi1
ようがく,よ,く,0,high,news1|nf21
こんき,こ,き,0,high,ichi1|news1|nf02|nf11|nf21
こくむしよう,こ,う,0,high,news1|nf06
やり,や,り,0,high,news1|nf23
ぱつちわあく,ぱ,く,0,high,gai1
しよるい,し,い,0,high,ichi1|news1|nf05
じゆうななにち,じ,ち,0,high,spec1
ひととし,ひ,し,0,high,spec1
きらす,き,す,0,high,news1|nf11
こうか,こ,か,0,high,ichi1|news1|news2|nf01|nf11|nf17|nf21|nf22|nf28
いのしし,い,し,0,high,news1|nf11
ぷりん,ぷ,ん,0,high,gai1
どうじ,ど,じ,0,high,ichi1|news1|nf01
だい,だ,い,0,high,ichi1|news1|nf01|nf14|spec1
ほうい,ほ,い,0,high,ichi1|news1|news2|nf11|nf25
べえこん,べ,ん,0,high,gai1
はんばあぐ,は,ぐ,0,high,gai1
ぶれいく,ぶ,く,0,high,gai1
ひつぎ,ひ,ぎ,0,high,news1|nf20
ごま,ご,ま,0,high,spec1
おおと,お,と,0,high,gai1
ほどく,ほ,く,0,high,ichi1
うけとめる,う,る,0,high,ichi1|news1|nf07
あしすたんと,あ,と,0,high,gai1
かめい,か,い,0,high,ichi1|news1|nf01|nf14
おむにばす,お,す,0,high,gai1
かま,か,ま,0,high,ichi1|news1|nf15|nf19|nf23
きはく,き,く,0,high,news1|nf14|nf15
がくし,が,し,0,high,news1|nf19
びふう,び,う,0,high,ichi1|news2|nf37
わきやく,わ,く,0,high,ichi1|news2|nf34
ぱすけえす,ぱ,す,0,high,spec1
たいう,た,う,0,high,ichi1|news1|nf11
みぜん,み,ん,0,high,ichi1|news1|nf16
しようへき,し,き,0,high,news1|nf10
ずいいち,ず,ち,0,high,news1|nf21
いただき,い,き,0,high,news1|nf18
てつぱん,て,ん,0,high,news1|nf18
ふつりあい,ふ,い,0,high,news2|nf46|spec1
めいど,め,ど,0,high,spec1
きようき,き,き,0,high,news1|nf19|nf21
けいこう,け,う,0,high,ichi1|news1|nf02
べんごにん,べ,ん,0,high,news1|nf13
いつせきにちよう,い,う,0,high,news1|nf22
わたす,わ,す,0,high,ichi1|news1|nf11
うわずみ,う,み,0,high,news1|nf13
こうこ,こ,こ,0,high,news1|nf16
かいき,か,き,0,high,ichi1|news1|news2|nf04|nf14|nf20|nf34
ちようりゆう,ち,う,0,high,news1|nf10
みようふく,み,く,0,high,spec1
あつとゆうま,あ,ま,0,high,spec1
はんぐ,は,ぐ,0,high,gai1
ほろぐらふい,ほ,い,0,high,gai1
しかる,し,る,0,high,ichi1
よみかた,よ,た,0,high,ichi1|news1|nf20
がくしや,が,や,0,high,ichi1|news1|nf03
せきにんをもつ,せ,つ,0,high,spec1
きやくま,き,ま,0,high,ichi1
うおん,う,ん,0,high,gai1
こうがくねん,こ,ん,0,high,news1|nf19
えいき,え,き,0,high,ichi1
あとりえ,あ,え,0,high,gai1
こんぽ,こ,ぽ,0,high,gai1
まぐねつと,ま,と,0,high,gai1
ふろすと,ふ,と,0,high,gai1
ぐんぶ,ぐ,ぶ,0,high,news1|nf05|nf21
そこね,そ,ね,0,high,news1|nf24
しほんきん,し,ん,0,high,news1|nf12
しまつ,し,つ,0,high,ichi1|news1|nf15
よわき,よ,き,0,high,ichi1|news1|nf17
はなれる,は,る,0,high,ichi1|news1|nf05
たらたら,た,ら,0,high,ichi1
まいげつ,ま,つ,0,high,ichi1|news1|nf05
べくたあ,べ,あ,0,high,gai1
びわ,び,わ,0,high,news1|nf12
とうすい,と,い,0,high,ichi1|news2|nf37
れいぶん,れ,ん,0,high,ichi1|news2|nf40
さいだん,さ,ん,0,high,news1|nf21
こうきあつ,こ,つ,0,high,ichi1|news1|nf17
しやかいうんどう,し,う,0,high,news1|nf24
くれえぷ,く,ぷ,0,high,gai1
くろつく,く,く,0,high,gai1
いたつて,い,て,0,high,news1|nf07
したてる,し,る,0,high,ichi1|news2|nf46
きてき,き,き,0,high,ichi1|news2|nf34
くふ,く,ふ,0,high,ichi1|news1|nf06
きゆうせい,き,い,0,high,ichi1|news1|nf05|nf15|nf17
ちようかく,ち,く,0,high,ichi1|news1|nf17
すたいみい,す,い,0,high,gai1
はんだん,は,ん,0,high,ichi1|news1|nf01
てんせん,て,ん,0,high,news1|nf24
だいなみつく,だ,く,0,high,gai1
ちようろう,ち,う,0,high,news1|nf09
うごきだす,う,す,0,high,spec1
かしつけ,か,け,0,high,news1|nf08
りふじん,り,ん,0,high,news1|nf24
とれえなあ,と,あ,0,high,gai1
やんぐ,や,ぐ,0,high,gai1
なに,な,に,0,high,ichi1|news1|nf02
やすつぽい,や,い,0,high,ichi1
ちりし,ち,し,0,high,ichi1
こゆび,こ,び,0,high,ichi1|news1|nf22
ばくおん,ば,ん,0,high,news1|nf24
めだましようひん,め,ん,0,high,ichi1|news2|nf27
ちやのま,ち,ま,0,high,ichi1|news1|nf18
むしや,む,や,0,high,news1|nf21
きたあいるらんど,き,ど,0,high,news1|nf17
へいか,へ,か,0,high,news1|nf04
ながらも,な,も,0,high,spec1
ゆめ,ゆ,め,0,high,ichi1|news1|nf02
すうぱあまあけつと,す,と,0,high,ichi1
ゆうし,ゆ,し,0,high,news1|nf01|nf10
にゆうじ,に,じ,0,high,ichi1|news1|nf15
かじよう,か,う,0,high,ichi1|news1|nf08
かりな,か,な,0,high,news1|nf14
はじまり,は,り,0,high,ichi1|news1|nf07
ぴいす,ぴ,す,0,high,gai1
でつき,で,き,0,high,gai1
ねんいり,ね,り,0,high,ichi1|news2|nf28
あるばいと,あ,と,0,high,gai1|ichi1
めえとる,め,る,0,high,gai1|ichi1
はくじん,は,ん,0,high,ichi1|news1|nf04
みんよう,み,う,0,high,ichi1|news1|nf12
ひろめく,ひ,く,0,high,ichi1
りけい,り,い,0,high,ichi1
かえ,か,え,0,high,news1|news2|nf19|nf35|nf39
なびげえたあ,な,あ,0,high,gai1
はいる,は,る,0,high,ichi1|news2|nf25
ちり,ち,り,0,high,gai1|ichi1|news1|nf10
あうとれつと,あ,と,0,high,gai1
いんぐらんど,い,ど,0,high,gai1
れじでんす,れ,す,0,high,gai1
のいろおぜ,の,ぜ,0,high,gai1|ichi1
けつさい,け,い,0,high,news1|nf09|nf23
つぎつぎ,つ,ぎ,0,high,news1|nf04
どち,ど,ち,0,high,ichi1|news1|nf01
おしえ,お,え,0,high,ichi1|news1|nf12
きようどうたい,き,い,0,high,news1|nf02
ごおるでんたいむ,ご,む,0,high,gai1
ひつきしけん,ひ,ん,0,high,ichi1
しようじゆん,し,ん,0,high,news1|nf14
ひろいずむ,ひ,む,0,high,gai1
やつ,や,つ,0,high,ichi1|news1|nf20
おてつだい,お,い,0,high,ichi1|news1|nf17
ばあじん,ば,ん,0,high,gai1
ふろつく,ふ,く,0,high,gai1
でんわき,で,き,0,high,news1|nf13
ぶつかる,ぶ,る,0,high,ichi1
みのまわり,み,り,0,high,ichi1|news1|nf14
はりがみ,は,み,0,high,news1|nf20
いろん,い,ん,0,high,news1|nf08
おおるまいてい,お,い,0,high,gai1
えすてていつく,え,く,0,high,gai1
ぽるの,ぽ,の,0,high,gai1
てきおう,て,う,0,high,ichi1|news1|nf12
しんご,し,ご,0,high,news1|nf23
かいかん,か,ん,0,high,news1|nf02|nf15|nf20
ざいがいこうかん,ざ,ん,0,high,news1|nf20
にしやたくいつ,に,つ,0,high,news1|nf24
ようすをみる,よ,る,0,high,spec1
したく,し,く,0,high,ichi1|news1|nf15
たくち,た,ち,0,high,ichi1|news1|nf08
ふろつぴいでいすく,ふ,く,0,high,gai1
たいりく,た,く,0,high,ichi1|news1|nf05
ぶんりつ,ぶ,つ,0,high,ichi1|news1|nf19
きよひ,き,ひ,0,high,ichi1|news1|nf03
しやだんき,し,き,0,high,ichi1|news1|nf22
えこのみい,え,い,0,high,gai1
えつちんぐ,え,ぐ,0,high,gai1
ぺいんと,ぺ,と,0,high,gai1
かすむ,か,む,0,high,ichi1
かんだい,か,い,0,high,ichi1|news1|nf22
らんどせる,ら,る,0,high,gai1
くうせき,く,き,0,high,news1|nf12
にたいする,に,る,0,high,spec1
ちよくせつぜい,ち,い,0,high,news1|nf21
よろず,よ,ず,0,high,ichi1
きもちいい,き,い,0,high,spec1|spec2
たいる,た,る,0,high,gai1
にじゆうよつか,に,か,0,high,spec1
はいた,は,た,0,high,news1|nf20
かわらけ,か,け,0,high,news1|nf13
せえらあふく,せ,く,0,high,spec1
じやあ,じ,あ,0,high,gai1|ichi1
いこつ,い,つ,0,high,news1|nf08
ころらど,こ,ど,0,high,gai1
かくじつ,か,つ,0,high,ichi1|news1|nf02
きもちわるい,き,い,0,high,spec1
どうしつ,ど,つ,0,high,news1|nf19
かぬう,か,う,0,high,gai1
きようしつ,き,つ,0,high,ichi1|news1|nf03
しようかき,し,き,0,high,ichi1|news1|nf23
れでいい,れ,い,0,high,gai1
れふと,れ,と,0,high,gai1
くりすますつりい,く,い,0,high,gai1
かいぬし,か,し,0,high,news1|nf15
ねおなち,ね,ち,0,high,gai1
ないまく,な,く,0,high,ichi1|news1|nf22
れとると,れ,と,0,high,gai1
おまえ,お,え,0,high,ichi1|news1|nf22
ついずい,つ,い,0,high,news1|nf17
えき,え,き,0,high,ichi1|news1|nf05|nf14|nf19
おりえんたりずむ,お,む,0,high,gai1
ぶらく,ぶ,く,0,high,news1|nf16
ごうりか,ご,か,0,high,ichi1|news1|nf06
しよにんきゆう,し,う,0,high,ichi1|news1|nf16
しようり,し,り,0,high,ichi1|news1|nf02
もつと,も,と,0,high,ichi1
じよれつ,じ,つ,0,high,news1|nf17
ふんじん,ふ,ん,0,high,news1|nf22
すとつぷ,す,ぷ,0,high,gai1|ichi1
おいたち,お,ち,0,high,ichi1|news1|nf22
こてさき,こ,き,0,high,news1|nf21
くれえむ,く,む,0,high,gai1
ちほうこうきようだんたい,ち,い,0,high,news1|nf15
ほくりく,ほ,く,0,high,news1|nf08
ごうぎ,ご,ぎ,0,high,news1|nf23
りら,り,ら,0,high,gai1
もつとお,も,お,0,high,gai1
かなり,か,り,0,high,ichi1
どりあん,ど,ん,0,high,gai1
ばんぜん,ば,ん,0,high,news1|nf10
とうぐう,と,う,0,high,news1|nf16
てれこむ,て,む,0,high,gai1
せんぴ,せ,ぴ,0,high,news1|nf15
わさび,わ,び,0,high,ichi1
てなおし,て,し,0,high,news1|nf19
じゆんろ,じ,ろ,0,high,ichi1
がいこつ,が,つ,0,high,ichi1
あるふあべつと,あ,と,0,high,gai1|ichi1
へいしや,へ,や,0,high,news1|nf21|spec1
しんぱい,し,い,0,high,ichi1|news1|nf04
ふとくい,ふ,い,0,high,ichi1|news2|nf35
ふりいすたいる,ふ,る,0,high,gai1
じだいさくご,じ,ご,0,high,news1|nf24
しやたく,し,く,0,high,news1|nf15
おしまい,お,い,0,high,ichi1
すんばらしい,す,い,0,high,ichi1|news1|nf16
かこう,か,う,0,high,ichi1|news1|news2|nf05|nf08|nf10|nf14|nf40
せいりよく,せ,く,0,high,ichi1|news1|nf01|nf22
びいちさんだる,び,る,0,high,spec1
あるかりせい,あ,い,0,high,spec1
がんがん,が,ん,0,high,ichi1
のに,の,に,0,high,spec1
かおをつぶす,か,す,0,high,spec1
はさみうち,は,ち,0,high,news1|nf24
さえき,さ,き,0,high,news1|nf07
はんらん,は,ん,0,high,ichi1|news1|news2|nf09|nf38
おおじ,お,じ,0,high,ichi1|news1|nf09
きよねん,き,ん,0,high,ichi1|news1|nf10
しんらい,し,い,0,high,ichi1|news1|nf03
いきよく,い,く,0,high,news1|nf12
がし,が,し,0,high,ichi1|news1|nf22
めいうん,め,ん,0,high,news1|nf15
とくべつ,と,つ,0,high,ichi1|news1|nf01
ぷりいつ,ぷ,つ,0,high,gai1
けいさつしよ,け,よ,0,high,news1|nf14
しんじん,し,ん,0,high,ichi1|news1|nf02|nf10
ひこう,ひ,う,0,high,ichi1|news1|nf04|nf16
いかがく,い,く,0,high,news1|nf24
かんみん,か,ん,0,high,news1|nf10
れんけつ,れ,つ,0,high,news1|nf17
かたほう,か,う,0,high,ichi1|news1|nf16
ないよう,な,う,0,high,ichi1|news1|nf01
げんすい,げ,い,0,high,news1|nf18
がいだんす,が,す,0,high,gai1
れえく,れ,く,0,high,gai1
ぶざあ,ぶ,あ,0,high,gai1
たんじようび,た,び,0,high,ichi1
ふくつう,ふ,う,0,high,news1|nf19
らつきい,ら,い,0,high,gai1
ねんない,ね,い,0,high,news1|nf03
えんじにあ,え,あ,0,high,gai1
くりすちやん,く,ん,0,high,gai1
のうどう,の,う,0,high,news1|nf24
かいじようほあんちよう,か,う,0,high,news1|nf14
よしあし,よ,し,0,high,ichi1|spec1
いちごん,い,ん,0,high,ichi1|news1|nf07
かいほう,か,う,0,high,ichi1|news1|nf02|nf03|nf18
ほほえむ,ほ,む,0,high,ichi1
あずける,あ,る,0,high,ichi1|news1|nf21
きかい,き,い,0,high,ichi1|news1|nf02|nf03
なみき,な,き,0,high,ichi1|news1|nf14
ぐろ,ぐ,ろ,0,high,gai1
まんぼ,ま,ぼ,0,high,gai1
びようじやく,び,く,0,high,ichi1|news1|nf24
しんどう,し,う,0,high,ichi1|news1|nf11|nf19|nf21
たいようでんち,た,ち,0,high,news1|nf15
かんと,か,と,0,high,gai1
まるまる,ま,る,0,high,ichi1|news2|nf38
かくげつ,か,つ,0,high,news1|nf23
なんべい,な,い,0,high,news1|nf07
じゆびりい,じ,い,0,high,gai1
のんすとつぷ,の,ぷ,0,high,gai1
しらかみ,し,み,0,high,ichi1|news1|nf08|nf16
しぬ,し,ぬ,0,high,ichi1|news2|nf46
ひつと,ひ,と,0,high,gai1|ichi1
からぐるま,か,ま,0,high,ichi1|news2|nf40
さんぜん,さ,ん,0,high,news1|nf03|spec1
ぷれとりあ,ぷ,あ,0,high,gai1
かいしやく,か,く,0,high,ichi1|news1|nf05
ちやつく,ち,く,0,high,gai1|ichi1
つじつま,つ,ま,0,high,ichi1
しんばん,し,ん,0,high,ichi1|news1|nf05
しようゆ,し,ゆ,0,high,ichi1|news2|nf31
いんすたんと,い,と,0,high,gai1|ichi1
むじつ,む,つ,0,high,ichi1|news1|nf18
せいちよう,せ,う,0,high,ichi1|news1|nf01|nf17|nf18
こおゆう,こ,う,0,high,spec1
りゆうし,り,し,0,high,news1|nf11
けいじどうしや,け,や,0,high,news1|nf13
そよかぜ,そ,ぜ,0,high,ichi1|news2|nf37
しがつ,し,つ,0,high,news1|nf01|spec1
せろん,せ,ん,0,high,ichi1|news1|nf02
そくばく,そ,く,0,high,ichi1|news2|nf33
やまめ,や,め,0,high,ichi1|news2|nf44
ふいる,ふ,る,0,high,gai1
ばつきん,ば,ん,0,high,ichi1|news1|nf05
れすとらん,れ,ん,0,high,gai1|ichi1
ばけもの,ば,の,0,high,ichi1|news2|nf42
しゆぞく,し,く,0,high,news2|nf40|spec1
さいけん,さ,ん,0,high,ichi1|news1|nf03|nf06
せいぞん,せ,ん,0,high,ichi1|news1|nf07
おおがた,お,た,0,high,ichi1|news1|nf03
たすうけつ,た,つ,0,high,news1|nf18
おんなのひと,お,と,0,high,spec1
しようてん,し,ん,0,high,ichi1|news1|nf02|nf05
ふいいるど,ふ,ど,0,high,gai1
だくと,だ,と,0,high,gai1
りんりつ,り,つ,0,high,news1|nf23
みりりつとる,み,る,0,high,gai1
ぜんれい,ぜ,い,0,high,ichi1|news1|nf09
けつかん,け,ん,0,high,ichi1|news1|nf06|nf10
ふれああ,ふ,あ,0,high,gai1
おこずかい,お,い,0,high,spec1
そまる,そ,る,0,high,ichi1|news2|nf36
けんきゆうかん,け,ん,0,high,news1|nf22
こうち,こ,ち,0,high,ichi1|news1|nf10|nf15
こもの,こ,の,0,high,news1|nf16
おと,お,と,0,high,ichi1|news1|nf02
だいじよおぶ,だ,ぶ,0,high,ichi1|news1|nf06
ちらつと,ち,と,0,high,spec1
ぺんぎん,ぺ,ん,0,high,gai1
ぺえぱあ,ぺ,あ,0,high,gai1
わりこむ,わ,む,0,high,ichi1|news2|nf40
あてる,あ,る,0,high,ichi1|news1|nf10|nf24
うちあける,う,る,0,high,ichi1|news2|nf42
おぺれつた,お,た,0,high,gai1
えあ,え,あ,0,high,gai1
はきゆう,は,う,0,high,news1|nf12
つけくわえる,つ,る,0,high,ichi1|news2|nf44
むすたんぐ,む,ぐ,0,high,gai1
ゆとり,ゆ,り,0,high,ichi1
けんさくじようけん,け,ん,0,high,spec1
つうぴいす,つ,す,0,high,gai1
はなび,は,び,0,high,ichi1|news1|nf10
かむり,か,り,0,high,ichi1|news1|nf06
ちる,ち,る,0,high,ichi1|news2|nf27
ぐらんす,ぐ,す,0,high,gai1
いつと,い,と,0,high,gai1
はつこう,は,う,0,high,ichi1|news1|nf02|nf09|nf17|nf22
めつせえじ,め,じ,0,high,gai1|ichi1
じゆんじゆんに,じ,に,0,high,ichi1
ろじよう,ろ,う,0,high,ichi1|news1|nf05
ふりげえと,ふ,と,0,high,gai1
めんじよ,め,よ,0,high,news1|nf13
きよぜつはんのう,き,う,0,high,news1|nf18
しやしんしゆう,し,う,0,high,news1|nf09
とつさに,と,に,0,high,ichi1
りあくしよん,り,ん,0,high,gai1
ふいぎゆあ,ふ,あ,0,high,gai1
るぽるたあじゆ,る,ゆ,0,high,gai1
まんねんぴつ,ま,つ,0,high,ichi1|news1|nf20
いいね,い,ね,0,high,spec1
りみてつど,り,ど,0,high,gai1
ぶろいらあ,ぶ,あ,0,high,gai1
かんけい,か,い,0,high,ichi1|news1|nf01
およそ,お,そ,0,high,ichi1
じゆんぎよう,じ,う,0,high,news1|nf16
しゆつけつ,し,つ,0,high,ichi1|news1|news2|nf09|nf38
すまい,す,い,0,high,ichi1|news1|nf03
ふふく,ふ,く,0,high,ichi1|news1|nf10
ひろいん,ひ,ん,0,high,gai1
じこしほん,じ,ん,0,high,news1|nf11
こうちや,こ,や,0,high,ichi1|news1|nf13
どれい,ど,い,0,high,news1|nf15
いとこ,い,こ,0,high,ichi1|spec1
ちゆうどく,ち,く,0,high,ichi1|news1|nf11
えんぶ,え,ぶ,0,high,news1|nf21
だんやく,だ,く,0,high,news1|nf11
えんしよう,え,う,0,high,news1|nf19
かんせいかん,か,ん,0,high,news1|nf22
かけはなれる,か,る,0,high,spec1
しゆつぴ,し,ぴ,0,high,news1|nf13
でいすとおしよん,で,ん,0,high,gai1
ぽいんと,ぽ,と,0,high,gai1
なんしき,な,き,0,high,news1|nf16
りつたいてき,り,き,0,high,news1|nf22
かじつ,か,つ,0,high,ichi1|news1|nf13
いきぎれ,い,れ,0,high,ichi1|news2|nf35
けずる,け,る,0,high,ichi1|news1|nf20
ちてん,ち,ん,0,high,ichi1|news1|nf05
すぎる,す,る,0,high,ichi1|news2|nf34
はいぶりつど,は,ど,0,high,gai1
ねつこ,ね,こ,0,high,ichi1|news1|nf21
しつぷ,し,ぷ,0,high,gai1
しようじる,し,る,0,high,ichi1|news2|nf34
ちじみ,ち,み,0,high,ichi1|news2|nf31
せいしんはくじやく,せ,く,0,high,news1|nf21
もおど,も,ど,0,high,gai1
しつ,し,つ,0,high,ichi1|news1|nf04
かし,か,し,0,high,ichi1|news1|nf08|nf10|nf19
りばあしぶる,り,る,0,high,gai1
きおく,き,く,0,high,ichi1|news1|nf04
かくしつ,か,つ,0,high,news1|nf12
ふどうひよう,ふ,う,0,high,news1|nf13
あせ,あ,せ,0,high,ichi1|news1|nf05
はんどばつぐ,は,ぐ,0,high,gai1|ichi1
じいぱん,じ,ん,0,high,gai1|ichi1
いちばんうえ,い,え,0,high,spec1
はずむ,は,む,0,high,ichi1|news2|nf25
おおゆき,お,き,0,high,ichi1|news1|nf17
みさお,み,お,0,high,news1|nf14
かつじ,か,じ,0,high,ichi1|news1|nf10
はなみ,は,み,0,high,ichi1|news1|nf12
れんだ,れ,だ,0,high,news1|nf08
こうらく,こ,く,0,high,ichi1|news1|nf20
ぞうしん,ぞ,ん,0,high,news1|nf15
あんぽ,あ,ぽ,0,high,news1|nf01
じやむ,じ,む,0,high,gai1|ichi1
さいご,さ,ご,0,high,ichi1|news1|nf01|nf16
くうゆ,く,ゆ,0,high,news1|nf17
はなつ,は,つ,0,high,ichi1|news1|nf21
よびだす,よ,す,0,high,ichi1|news1|nf24
しゆつだい,し,い,0,high,ichi1|news1|nf19
ばすく,ば,く,0,high,gai1
くうちよう,く,う,0,high,news1|nf17
もうてん,も,ん,0,high,ichi1|news2|nf28
すわつぷ,す,ぷ,0,high,gai1
しこうさくご,し,ご,0,high,ichi1|news1|nf16
くるしめる,く,る,0,high,ichi1|news1|nf17
かつこよい,か,い,0,high,spec1
ほんらい,ほ,い,0,high,ichi1|news1|nf03
にゆあんす,に,す,0,high,gai1|ichi1
こはん,こ,ん,0,high,news1|nf16
わあるどしりいず,わ,ず,0,high,gai1
あれの,あ,の,0,high,ichi1|news2|nf25
さんじ,さ,じ,0,high,news1|nf05|nf13|nf16|nf22|nf23
どこまでも,ど,も,0,high,spec1
ひじゆう,ひ,う,0,high,news1|nf11
うすい,う,い,0,high,ichi1|news1|nf14|nf20
けいけんほうふ,け,ふ,0,high,spec1
べつしつ,べ,つ,0,high,news1|nf23
おとずれ,お,れ,0,high,news1|nf16
さかずき,さ,き,0,high,ichi1|news1|nf23
ひかれる,ひ,る,0,high,spec1
ころ,こ,ろ,0,high,ichi1|spec1
りゆうつう,り,う,0,high,ichi1|news1|nf03
もす,も,す,0,high,ichi1|ichi2|news2|nf45
とおすたあ,と,あ,0,high,gai1
いんてりじえんと,い,と,0,high,gai1
はまべ,は,べ,0,high,ichi1|news1|nf21
いごこち,い,ち,0,high,news1|nf24
ゆうびん,ゆ,ん,0,high,ichi1|news1|nf04
わりだす,わ,す,0,high,ichi1|news1|nf20
いきない,い,い,0,high,news1|nf08
きゆうしん,き,ん,0,high,news1|nf08|nf22
じゆうしちにち,じ,ち,0,high,spec1
くらあく,く,く,0,high,gai1
ふへんてき,ふ,き,0,high,news1|nf15
あこがれ,あ,れ,0,high,ichi1|news2|nf43
けいとう,け,う,0,high,ichi1|news1|nf08|nf10
ぶつぎ,ぶ,ぎ,0,high,news1|nf20
くみあい,く,い,0,high,ichi1|news1|nf02
まんぞくかん,ま,ん,0,high,spec1
ぬすみ,ぬ,み,0,high,news1|nf18
はきもの,は,の,0,high,ichi1|news2|nf31
すこしずつ,す,つ,0,high,spec1
ちやいるど,ち,ど,0,high,gai1
たちばなし,た,し,0,high,ichi1|news2|nf28
うそ,う,そ,0,high,ichi1|news1|nf22|spec1
かしま,か,ま,0,high,ichi1
なにとなく,な,く,0,high,ichi1
きよぜつ,き,つ,0,high,ichi1|news2|nf32
ほうぶん,ほ,ん,0,high,news1|nf23
せがむ,せ,む,0,high,ichi1
じつりよく,じ,く,0,high,ichi1|news1|nf02
かいじゆう,か,う,0,high,news1|nf19
せんよう,せ,う,0,high,ichi1|news1|nf04
なつかしい,な,い,0,high,ichi1|news1|nf24
じやすみん,じ,ん,0,high,gai1
どれくらい,ど,い,0,high,spec1
へいさつ,へ,つ,0,high,news1|nf09
あおじろい,あ,い,0,high,ichi1|news2|nf40
つぶやく,つ,く,0,high,ichi1
みだす,み,す,0,high,ichi1|news2|nf44
はくえ,は,え,0,high,ichi1|news1|nf23
ひやつかじてん,ひ,ん,0,high,ichi1|news1|nf22
じんどう,じ,う,0,high,news1|nf06
つるつる,つ,る,0,high,ichi1
いやき,い,き,0,high,news1|nf15
ぬけだす,ぬ,す,0,high,ichi1|news1|nf20
たちいりきんし,た,し,0,high,ichi1
かんじゆせい,か,い,0,high,ichi1|news1|nf21
めいじる,め,る,0,high,ichi1|news1|nf22
すんぜん,す,ん,0,high,news1|nf08
こじんさ,こ,さ,0,high,news1|nf23
てんげ,て,げ,0,high,ichi1|news1|nf12
ぴいぴんぐとむ,ぴ,む,0,high,gai1
ねんぴ,ね,ぴ,0,high,ichi1|news1|nf15
むずかしい,む,い,0,high,ichi1|news1|nf07
きぎようか,き,か,0,high,news1|nf15
どうぎ,ど,ぎ,0,high,news1|nf12|nf18
ほつかいどう,ほ,う,0,high,news1|nf01
いくにち,い,ち,0,high,ichi1
きろめえとる,き,る,0,high,gai1|ichi1
こばるとぶるう,こ,う,0,high,gai1
はくらんかい,は,い,0,high,ichi1|news1|nf12
だいいちにんしや,だ,や,0,high,news1|nf10
いちじんぶつ,い,つ,0,high,news1|nf24
こごえる,こ,る,0,high,ichi1
にやにや,に,や,0,high,ichi1|spec1
あきらめる,あ,る,0,high,ichi1
がぞう,が,う,0,high,ichi1|news1|nf07
ひやけどめ,ひ,め,0,high,spec1
こうつうひ,こ,ひ,0,high,ichi1|news1|nf15
ほとけ,ほ,け,0,high,ichi1
ちようかん,ち,ん,0,high,ichi1|news1|nf01|nf07
ほんごし,ほ,し,0,high,news1|nf17
ちんぴら,ち,ら,0,high,spec1
らつきいぞおん,ら,ん,0,high,gai1
しようがい,し,い,0,high,ichi1|news1|nf02|nf05|nf10|nf17
けいれき,け,き,0,high,ichi1|news1|nf09
ぼうちよう,ぼ,う,0,high,ichi1|news1|nf12
のずる,の,る,0,high,gai1
しご,し,ご,0,high,news1|nf06|nf24
そう,そ,う,0,high,ichi1|news1|news2|nf05|nf06|nf07|nf09|nf10|nf14|nf37|spec1
なにそつ,な,つ,0,high,ichi1|spec1
おそおい,お,い,0,high,ichi1|news1|nf18
あたまうち,あ,ち,0,high,news1|nf17
とうべん,と,ん,0,high,ichi1|news1|nf04
えご,え,ご,0,high,gai1
ばんく,ば,く,0,high,gai1
きかく,き,く,0,high,ichi1|news1|nf02|nf08
たりる,た,る,0,high,ichi1|news2|nf41
かわり,か,り,0,high,ichi1|news1|nf03|nf06|nf18
まえび,ま,び,0,high,news1|nf02
きび,き,び,0,high,ichi1|news1|nf08
かいはつ,か,つ,0,high,ichi1|news1|nf01
いつてい,い,い,0,high,ichi1|news1|nf03
あいどる,あ,る,0,high,gai1|ichi1
こうない,こ,い,0,high,news1|nf10|nf13|nf22
すてつぷ,す,ぷ,0,high,gai1
しんか,し,か,0,high,ichi1|news1|nf14|nf16
おもわく,お,く,0,high,ichi1|news1|nf04
もにゆめんと,も,と,0,high,gai1
ひつすう,ひ,う,0,high,ichi1|news1|nf20
わいず,わ,ず,0,high,gai1
ちよくご,ち,ご,0,high,ichi1|news1|nf02
この,こ,の,0,high,ichi1|news1|nf01
めがみ,め,み,0,high,news1|nf17
ほへい,ほ,い,0,high,news1|nf15
こめぐら,こ,ら,0,high,news1|nf23
ちよちく,ち,く,0,high,ichi1|news1|nf06
ふりようひん,ふ,ん,0,high,spec1
まとめる,ま,る,0,high,ichi1
いつぴよう,い,う,0,high,news1|nf07
どれ,ど,れ,0,high,ichi1
みとめる,み,る,0,high,ichi1|news2|nf36
もちずき,も,き,0,high,news1|nf11
くわわる,く,る,0,high,ichi1|news1|nf21
ぷらんなあ,ぷ,あ,0,high,gai1
あるこおる,あ,る,0,high,gai1|ichi1
あおうめ,あ,め,0,high,news1|nf18
じようちよ,じ,よ,0,high,ichi1|news1|nf14
そうちよう,そ,う,0,high,ichi1|news1|nf02|nf05
きしゆう,き,う,0,high,news1|nf21
てとり,て,り,0,high,news1|nf17
しきんちようたつ,し,つ,0,high,spec1
こくない,こ,い,0,high,ichi1|news1|nf01
みたす,み,す,0,high,ichi1|news1|nf11
りんじゆう,り,う,0,high,ichi1|news2|nf36
だん,だ,ん,0,high,ichi1|news1|nf07|nf13|nf17
ぱある,ぱ,る,0,high,gai1
そつと,そ,と,0,high,ichi1
ねほりはほり,ね,り,0,high,ichi1
あたりまえ,あ,え,0,high,ichi1|news1|nf06
なごむ,な,む,0,high,ichi1|news2|nf42
ほうけんしゆぎ,ほ,ぎ,0,high,ichi1
ちぐはぐ,ち,ぐ,0,high,ichi1
ちきゆうおんだんか,ち,か,0,high,spec1
ききやく,き,く,0,high,ichi1|news1|nf16
けいげん,け,ん,0,high,news1|nf09
そんなに,そ,に,0,high,spec1
しようせつか,し,か,0,high,news1|nf17
やんま,や,ま,0,high,gai1
ほんど,ほ,ど,0,high,news1|nf11
うえすたん,う,ん,0,high,gai1
ますたあ,ま,あ,0,high,gai1
いつてきます,い,す,0,high,spec1
きようらん,き,ん,0,high,news1|nf23
さんとら,さ,ら,0,high,gai1
きよ,き,よ,0,high,news1|nf21
しよう,し,う,0,high,ichi1|news1|news2|nf02|nf03|nf04|nf06|nf07|nf09|nf11|nf14|nf16|nf36|nf37|spec1
たいへいようせんそう,た,う,0,high,news1|nf08
はじ,は,じ,0,high,ichi1|news1|nf05|nf12
とおく,と,く,0,high,gai1|ichi1
さんぷりんぐ,さ,ぐ,0,high,gai1
でしよう,で,う,0,high,spec1
ただいま,た,ま,0,high,ichi1
もちまえ,も,え,0,high,news1|nf15
どうとう,ど,う,0,high,ichi1|news1|nf02|nf17
はんしよく,は,く,0,high,ichi1|news1|nf10
どうにか,ど,か,0,high,ichi1
こんぷれつさあ,こ,あ,0,high,gai1
えみ,え,み,0,high,news1|nf10
れんぐす,れ,す,0,high,gai1
ひこうせん,ひ,ん,0,high,news1|nf24
ぷろでゆうす,ぷ,す,0,high,gai1
つゆ,つ,ゆ,0,high,ichi1|news1|nf11|nf13
ぶあい,ぶ,い,0,high,ichi1|news2|nf35
ようすい,よ,い,0,high,news1|nf15
てんおうせい,て,い,0,high,spec1
あせる,あ,る,0,high,ichi1|news2|nf42
はいそう,は,う,0,high,news1|nf16
しるくろおど,し,ど,0,high,gai1
ぐんしゆう,ぐ,う,0,high,ichi1|news1|nf14
すかい,す,い,0,high,gai1
もおびるはうす,も,す,0,high,gai1
りんせつ,り,つ,0,high,news1|nf12
べえとおぶえん,べ,ん,0,high,gai1
ふきだまり,ふ,り,0,high,ichi1
たくはいびん,た,ん,0,high,spec1
いらいら,い,ら,0,high,ichi1
すぐ,す,ぐ,0,high,ichi1
しぼりこむ,し,む,0,high,spec1
ゆにほおむ,ゆ,む,0,high,gai1
ちゆうと,ち,と,0,high,ichi1|news1|nf11
あはれ,あ,れ,0,high,ichi1|news2|nf34
によおう,に,う,0,high,ichi1|news1|nf06
ひとめ,ひ,め,0,high,ichi1|news1|nf18|nf19
ねんごう,ね,う,0,high,ichi1|news2|nf25
はんさむ,は,む,0,high,gai1|ichi1
ばあれる,ば,る,0,high,gai1
かねもうけ,か,け,0,high,ichi1
つばくら,つ,ら,0,high,ichi1|news1|nf21
げひん,げ,ん,0,high,ichi1|news2|nf33
すらいど,す,ど,0,high,gai1|ichi1
じゆらるみん,じ,ん,0,high,gai1
きんせい,き,い,0,high,ichi1|news1|news2|nf18|nf44|spec1
かおあわせ,か,せ,0,high,news1|nf16
おろしうりぶつか,お,か,0,high,news1|nf17
ごうりゆう,ご,う,0,high,news2|nf27|spec1
せいず,せ,ず,0,high,ichi1
どうしよくぶつ,ど,つ,0,high,news1|nf11
かめん,か,ん,0,high,ichi1|news1|nf15
もおげえじ,も,じ,0,high,gai1
とまる,と,る,0,high,ichi1|news1|news2|nf13|nf29|spec1
ほうよう,ほ,う,0,high,news1|nf18
にかけて,に,て,0,high,spec1
すとらいき,す,き,0,high,gai1|ichi1
よごれる,よ,る,0,high,ichi1|news2|nf27
いと,い,と,0,high,ichi1|news1|nf05|nf07
どくやく,ど,く,0,high,ichi1|news2|nf35
ほお,ほ,お,0,high,ichi1|news2|nf32
じゆうしよく,じ,く,0,high,news1|nf11
はついく,は,く,0,high,ichi1|news1|nf23
そうしき,そ,き,0,high,ichi1|news1|nf13
なげだす,な,す,0,high,news1|nf23
おおあさ,お,さ,0,high,news1|nf10
ついり,つ,り,0,high,ichi1|news2|nf27
どらまちつく,ど,く,0,high,gai1
てんじよう,て,う,0,high,ichi1|news1|nf07|nf23
いけません,い,ん,0,high,ichi1
きちつと,き,と,0,high,spec1
おどろき,お,き,0,high,ichi1|news1|nf09
ありしひ,あ,ひ,0,high,news1|nf05
えいきゆう,え,う,0,high,ichi1|news1|nf11
しおれる,し,る,0,high,ichi1
なんぼく,な,く,0,high,ichi1|news1|nf02
ゆそう,ゆ,う,0,high,ichi1|news1|nf02
よかつたら,よ,ら,0,high,news1|nf08
くかん,く,ん,0,high,ichi1|news1|nf07
せいやく,せ,く,0,high,ichi1|news1|nf07|nf10|nf22|nf24
とゆう,と,う,0,high,spec1
ほようしよ,ほ,よ,0,high,ichi1
つくばる,つ,る,0,high,ichi1
はくふ,は,ふ,0,high,ichi1|news1|nf16|nf23
こめんと,こ,と,0,high,gai1
すてえと,す,と,0,high,gai1
たにんごと,た,と,0,high,spec1
むだずかい,む,い,0,high,ichi1|news1|nf20
いつぺん,い,ん,0,high,news1|nf09
ぶりいふ,ぶ,ふ,0,high,gai1
けみよう,け,う,0,high,news1|nf14
みずいらず,み,ず,0,high,ichi1|news2|nf38
そこで,そ,で,0,high,ichi1
こうげき,こ,き,0,high,ichi1|news1|nf01
かきことば,か,ば,0,high,ichi1
けんさつ,け,つ,0,high,ichi1|news1|nf02
てろ,て,ろ,0,high,gai1
ばんざい,ば,い,0,high,ichi1|news1|nf19
はあばあ,は,あ,0,high,gai1
すじがき,す,き,0,high,news1|nf20
ろけつとだん,ろ,ん,0,high,spec1
なおかつ,な,つ,0,high,spec1
ありがたい,あ,い,0,high,ichi1|news2|nf40
まえまえ,ま,え,0,high,news1|nf14
りにゆうある,り,る,0,high,gai1
かぷらあ,か,あ,0,high,gai1
せんすいかん,せ,ん,0,high,ichi1|news1|nf10
かりしよぶん,か,ん,0,high,news1|nf15
くろすわあど,く,ど,0,high,gai1
たある,た,る,0,high,gai1
とう,と,う,0,high,ichi1|news1|nf02|nf07|nf12
じむ,じ,む,0,high,gai1|ichi1|news1|nf01
きんしじこう,き,う,0,high,spec1
むざい,む,い,0,high,ichi1|news1|nf05
こうや,こ,や,0,high,ichi1|news2|nf25|nf28|spec2
ちよくせつせんきよ,ち,よ,0,high,news1|nf16
とれえす,と,す,0,high,gai1
がさがさ,が,さ,0,high,ichi1
ほんと,ほ,と,0,high,ichi1|news1|nf02
ざんそん,ざ,ん,0,high,news1|nf24
ふじん,ふ,ん,0,high,ichi1|news1|nf02|nf04|nf15
つうか,つ,か,0,high,ichi1|news1|nf02|nf06
ほおむへるぱあ,ほ,あ,0,high,gai1
げいひんかん,げ,ん,0,high,news1|nf10
ほうしやのう,ほ,う,0,high,ichi1|news1|nf07
いつぺんに,い,に,0,high,ichi1
ぺえす,ぺ,す,0,high,gai1|ichi1
すうこ,す,こ,0,high,news1|nf23
べすとてん,べ,ん,0,high,gai1
おくびよう,お,う,0,high,ichi1
けいそつ,け,つ,0,high,ichi1|news1|nf19
にやあ,に,あ,0,high,spec1
ほけつ,ほ,つ,0,high,ichi1|news1|nf13
とうひ,と,ひ,0,high,ichi1|news2|nf26
ばらんす,ば,す,0,high,gai1|ichi1
ろうどううんどう,ろ,う,0,high,news1|nf18
くりえいていぶ,く,ぶ,0,high,spec1
よれば,よ,ば,0,high,spec1
けつね,け,ね,0,high,ichi1|news1|nf23
はくはつ,は,つ,0,high,ichi1|news1|nf16
じりゆう,じ,う,0,high,news1|nf23
たもつ,た,つ,0,high,ichi1|news1|nf16
ないたあ,な,あ,0,high,gai1
るくす,る,す,0,high,gai1
にじゆうくにち,に,ち,0,high,spec1
たたかい,た,い,0,high,ichi1|news1|nf03
かつたあ,か,あ,0,high,gai1
ちゆうおう,ち,う,0,high,ichi1|news1|nf01|nf18
すたあ,す,あ,0,high,gai1|ichi1
ぱつけえじ,ぱ,じ,0,high,gai1
あんどろいど,あ,ど,0,high,gai1
さいしよく,さ,く,0,high,ichi1|news1|news2|nf23|nf41
ずめん,ず,ん,0,high,news1|nf19
そこらへん,そ,ん,0,high,spec1
これ,こ,れ,0,high,ichi1
しつこうぶ,し,ぶ,0,high,news1|nf03
でんおん,で,ん,0,high,ichi1|news1|nf11
ねんぴよう,ね,う,0,high,ichi1|news1|nf21
つば,つ,ば,0,high,ichi1|news2|nf42
たこやき,た,き,0,high,spec1
せんせん,せ,ん,0,high,news1|nf04|nf23
へび,へ,び,0,high,ichi1|news1|nf16
たばこ,た,こ,0,high,gai1|ichi1|news2|nf38
さぷらいやあ,さ,あ,0,high,gai1
じようぎ,じ,ぎ,0,high,ichi1|news2|nf36
あいつ,あ,つ,0,high,ichi1
ゆうべ,ゆ,べ,0,high,news1|nf18
りようてい,り,い,0,high,news1|nf09
こつく,こ,く,0,high,gai1|ichi1
ばつくねつと,ば,と,0,high,gai1
ちよくし,ち,し,0,high,ichi1|news2|nf36
ぎひ,ぎ,ひ,0,high,news1|nf09
おもいきつて,お,て,0,high,ichi1|news1|nf05
とらわれる,と,る,0,high,ichi1|news2|nf43
ねむい,ね,い,0,high,ichi1|news2|nf30
いつになく,い,く,0,high,spec1
きつぱり,き,り,0,high,ichi1
ろんぎ,ろ,ぎ,0,high,news1|nf01
むとうひよう,む,う,0,high,news1|nf13
じゆうじか,じ,か,0,high,ichi1|news1|nf21
はつけん,は,ん,0,high,ichi1|news1|nf04
よろめく,よ,く,0,high,ichi1
ゆうどく,ゆ,く,0,high,ichi1|news1|nf20
ひようだい,ひ,い,0,high,news1|news2|nf17|nf47|spec1
かいわ,か,わ,0,high,ichi1|news1|nf04
ほけんきん,ほ,ん,0,high,news1|nf08
むう,む,う,0,high,ichi1|news1|nf01
せんじ,せ,じ,0,high,news1|nf07
ちゆうりゆう,ち,う,0,high,ichi1|news1|nf07|nf17
なんて,な,て,0,high,ichi1|news2|nf34|spec1
しより,し,り,0,high,ichi1|news1|nf02
もちぬし,も,し,0,high,ichi1|news1|nf11
さいじつ,さ,つ,0,high,ichi1
けんあく,け,く,0,high,ichi1|news1|nf20
ばあみんがむ,ば,む,0,high,gai1
かかす,か,す,0,high,news1|nf06
ねがお,ね,お,0,high,ichi1|news2|nf43
すらつくす,す,す,0,high,gai1
へいがい,へ,い,0,high,ichi1|news1|nf08
てりいぬ,て,ぬ,0,high,gai1
うらぎりもの,う,の,0,high,news1|nf24
さつじんじけん,さ,ん,0,high,spec1
くろあちあ,く,あ,0,high,gai1
ぶつだん,ぶ,ん,0,high,news1|nf22
たくはい,た,い,0,high,news1|nf10
ふじようり,ふ,り,0,high,ichi1|news2|nf28
そうした,そ,た,0,high,spec1
つくりわらい,つ,い,0,high,ichi1
すぴいどうええ,す,え,0,high,gai1
さんくすぎびんぐでえ,さ,え,0,high,gai1
きようさんとう,き,う,0,high,news1|nf01
じさ,じ,さ,0,high,ichi1|news1|nf14
しようぐん,し,ん,0,high,ichi1|news1|nf06
すいてい,す,い,0,high,ichi1|news1|nf05
くうでたあ,く,あ,0,high,gai1
ゆさぶり,ゆ,り,0,high,news1|nf15
かんさん,か,ん,0,high,ichi1|news1|nf11|nf21
おんどく,お,く,0,high,ichi1
くりつぷ,く,ぷ,0,high,gai1
みなと,み,と,0,high,ichi1|news1|nf04
さいねん,さ,ん,0,high,news1|nf17
げきげん,げ,ん,0,high,news1|nf21
やまて,や,て,0,high,news1|nf11
はくげきほう,は,う,0,high,news1|nf24
はいたつ,は,つ,0,high,ichi1|news1|nf11
たずさえる,た,る,0,high,ichi1|news2|nf36
りそう,り,う,0,high,ichi1|news1|nf05
きゆうけいじかん,き,ん,0,high,spec1
おうらい,お,い,0,high,news1|nf13
おんがつか,お,か,0,high,spec1
かさかさ,か,さ,0,high,ichi1
りれえ,り,え,0,high,gai1
とない,と,い,0,high,ichi1|news1|nf01
いきもの,い,の,0,high,ichi1|news1|nf13
ふれあう,ふ,う,0,high,ichi1|news2|nf43
あき,あ,き,0,high,ichi1|news1|news2|nf01|nf13|nf32
さいがい,さ,い,0,high,ichi1|news1|nf03
りぴいたあ,り,あ,0,high,spec1
いつきうち,い,ち,0,high,news1|nf15
ろぐ,ろ,ぐ,0,high,gai1
どれどれ,ど,れ,0,high,ichi1
しいむれす,し,す,0,high,gai1
てんもんがく,て,く,0,high,news1|nf16
とびだす,と,す,0,high,ichi1|news1|nf12
かぎりない,か,い,0,high,news1|nf16
いらく,い,く,0,high,gai1
ごうとう,ご,う,0,high,ichi1|news1|nf05
えちけつと,え,と,0,high,gai1|ichi1
または,ま,は,0,high,ichi1|news1|nf15
いんど,い,ど,0,high,spec1
おてあげ,お,げ,0,high,news1|nf22
しべりあ,し,あ,0,high,gai1
ゆにおん,ゆ,ん,0,high,gai1
こがいしや,こ,や,0,high,news1|nf04
しえすた,し,た,0,high,gai1
ばくだい,ば,い,0,high,ichi1
おもてだつて,お,て,0,high,news1|nf19
じゆうでん,じ,ん,0,high,news1|nf16
らいかく,ら,く,0,high,ichi1|news1|nf19
すぷりんぐ,す,ぐ,0,high,gai1
ひきうける,ひ,る,0,high,ichi1|news2|nf38
げんきよ,げ,よ,0,high,ichi1|news1|nf06
もんじよう,も,う,0,high,ichi1|news1|nf05
こうざばんごう,こ,う,0,high,spec1
はしりはばとび,は,び,0,high,news1|nf17
あわてる,あ,る,0,high,ichi1|news1|nf17
たんこう,た,う,0,high,news1|nf10
みことのり,み,り,0,high,ichi1|news2|nf36|spec1
みさき,み,き,0,high,ichi1|news1|nf16
ほめる,ほ,る,0,high,ichi1|news2|nf39
すとりつぷ,す,ぷ,0,high,gai1
そなえつける,そ,る,0,high,ichi1
とうひようしよ,と,よ,0,high,news1|nf09
いでん,い,ん,0,high,ichi1|news1|nf12
とうの,と,の,0,high,news1|nf13
げきつい,げ,い,0,high,news1|nf16
ねつかちいふ,ね,ふ,0,high,gai1
あら,あ,ら,0,high,ichi1
あつまる,あ,る,0,high,ichi1|news1|nf20
どつち,ど,ち,0,high,ichi1
じせき,じ,き,0,high,ichi1|news1|nf13|nf19
せんちよう,せ,う,0,high,ichi1|news1|nf08
しんてい,し,い,0,high,ichi1
おにおん,お,ん,0,high,gai1
いのり,い,り,0,high,ichi1|news1|nf11
このかん,こ,ん,0,high,ichi1
ひつくりがえる,ひ,る,0,high,ichi2|spec1
しんまい,し,い,0,high,ichi1|news1|nf16
とくひつ,と,つ,0,high,news1|nf23
はくしや,は,や,0,high,news1|nf07
こうは,こ,は,0,high,news1|nf08
ふりだし,ふ,し,0,high,news1|nf16
せんじよう,せ,う,0,high,ichi1|news1|nf09|nf13
たべる,た,る,0,high,ichi1|news2|nf25
しつれん,し,ん,0,high,ichi1|news2|nf35
しかける,し,る,0,high,news1|nf24
しようえねるぎい,し,い,0,high,news1|nf18
にゆういん,に,ん,0,high,ichi1|news1|nf04
たうん,た,ん,0,high,gai1|ichi1
ぼうえい,ぼ,い,0,high,ichi1|news1|nf01
ていきゆう,て,う,0,high,news1|nf24
げんろく,げ,く,0,high,news1|nf21
ぴゆあ,ぴ,あ,0,high,gai1
かけあし,か,し,0,high,ichi1|news2|nf30
すきやなあ,す,あ,0,high,gai1
かつえじに,か,に,0,high,ichi1
しんかぶ,し,ぶ,0,high,news1|nf15
ちいさな,ち,な,0,high,spec1
けいし,け,し,0,high,ichi1|news1|nf13|nf17
しようひんめい,し,い,0,high,spec1
きようせい,き,い,0,high,ichi1|news1|nf03|nf11|nf22
こじん,こ,ん,0,high,ichi1|news1|nf01|nf07
さは,さ,は,0,high,news1|nf07
ひきつける,ひ,る,0,high,ichi1|news2|nf46|spec1
ちゆういぶかい,ち,い,0,high,ichi1
ねんし,ね,し,0,high,ichi1|news1|nf12
おつねん,お,ん,0,high,news1|nf16
くせ,く,せ,0,high,ichi1|news1|nf23
まないた,ま,た,0,high,ichi1
めしうど,め,ど,0,high,news1|nf20
ぎだい,ぎ,い,0,high,ichi1|news1|nf06
ほうどう,ほ,う,0,high,ichi1|news1|nf01
げんかい,げ,い,0,high,ichi1|news1|nf04
りようそく,り,く,0,high,ichi1|news1|nf14|nf15
がいき,が,き,0,high,ichi1|news2|nf27
りふれつしゆ,り,ゆ,0,high,gai1
がいし,が,し,0,high,news1|nf08
ふゆうじよん,ふ,ん,0,high,gai1
ひようぎ,ひ,ぎ,0,high,news1|nf03
そうぎよう,そ,う,0,high,news1|nf07
ひとだんらく,ひ,く,0,high,ichi1|news1|nf13
ひじよう,ひ,う,0,high,ichi1|news1|nf02
よめ,よ,め,0,high,ichi1|news1|nf09
まきぞえ,ま,え,0,high,ichi1|news2|nf25
きようわとう,き,う,0,high,news1|nf05
こうすれば,こ,ば,0,high,spec1
あつさ,あ,さ,0,high,ichi1|news1|nf08|nf09
のうど,の,ど,0,high,news1|nf07
あなたがた,あ,た,0,high,spec1
むそ,む,そ,0,high,news1|nf02|spec1
てれめえたあ,て,あ,0,high,gai1
おぼれる,お,る,0,high,ichi1
みつしつ,み,つ,0,high,news1|nf12
しやかいしゆぎ,し,ぎ,0,high,news1|nf03
なくす,な,す,0,high,ichi1
ろうにん,ろ,ん,0,high,ichi1|news1|nf15
えんがわ,え,わ,0,high,ichi1|news2|nf32
あかるい,あ,い,0,high,ichi1|news1|nf09
さつぷ,さ,ぷ,0,high,news1|nf16
かちこす,か,す,0,high,news1|nf20
ふえろおしつぷ,ふ,ぷ,0,high,gai1
ふつこう,ふ,う,0,high,news1|nf04
しよつかんほう,し,う,0,high,news1|nf10
とうこう,と,う,0,high,ichi1|news1|nf06|nf10|nf23
そうほんざん,そ,ん,0,high,news1|nf17
やくにん,や,ん,0,high,ichi1|news1|nf08
ようてん,よ,ん,0,high,ichi1|news2|nf26
にちじよう,に,う,0,high,ichi1|news1|nf03
ことぶき,こ,き,0,high,news1|nf06
かんれき,か,き,0,high,news1|nf17
ちゆ,ち,ゆ,0,high,news1|nf24
たわむれる,た,る,0,high,ichi1
ぞうしよう,ぞ,う,0,high,news1|nf02
ういんたあ,う,あ,0,high,gai1
めぐすり,め,り,0,high,ichi1|news2|nf38
ねむけ,ね,け,0,high,ichi1|news2|nf29
そんぎかい,そ,い,0,high,news1|nf19
はげむ,は,む,0,high,ichi1|news2|nf32
ちがう,ち,う,0,high,ichi1|news2|nf27
ぼつしゆう,ぼ,う,0,high,news1|nf23
はんけつ,は,つ,0,high,ichi1|news1|nf01
にまいめ,に,め,0,high,news1|nf20
たんびに,た,に,0,high,spec1
まんてん,ま,ん,0,high,ichi1|news1|nf11
きうん,き,ん,0,high,news1|nf07
こどもよう,こ,う,0,high,spec1
にしたがつて,に,て,0,high,spec1
ふくだい,ふ,い,0,high,news1|nf17
ほきゆう,ほ,う,0,high,ichi1|news1|nf09
えきさいと,え,と,0,high,gai1
あくせさりい,あ,い,0,high,gai1|ichi1
えなめる,え,る,0,high,gai1
みようもく,み,く,0,high,ichi1|news1|nf05
じようて,じ,て,0,high,ichi1|news1|nf12
ぎつしり,ぎ,り,0,high,ichi1
ちゆうじく,ち,く,0,high,news1|nf15
つとめ,つ,め,0,high,ichi1|news1|nf14
しんしゆつ,し,つ,0,high,ichi1|news1|nf02
すうねん,す,ん,0,high,spec1
ほすてる,ほ,る,0,high,gai1
こくみんけんこうほけん,こ,ん,0,high,news1|nf21
さんじゆう,さ,う,0,high,news1|nf01|spec1
なつと,な,と,0,high,gai1
ちやつと,ち,と,0,high,gai1
いんさつ,い,つ,0,high,ichi1|news1|nf06
ひい,ひ,い,0,high,spec1
ほんりゆう,ほ,う,0,high,news1|nf15
むれる,む,る,0,high,ichi1|news2|nf37
こくゆう,こ,う,0,high,ichi1|news1|nf11
おふしいずん,お,ん,0,high,gai1
かせぎ,か,ぎ,0,high,news1|nf10|nf11
そうさい,そ,い,0,high,ichi1|news1|news2|nf01|nf20|nf36
さいしんじようほう,さ,う,0,high,spec1
でゆえつと,で,と,0,high,gai1
かいちよう,か,う,0,high,ichi1|news1|nf01|nf19
ふりいぱす,ふ,す,0,high,gai1
ぬき,ぬ,き,0,high,news1|nf05
たいしよう,た,う,0,high,ichi1|news1|news2|nf01|nf05|nf07|nf13|nf15|nf23|nf33
やすめる,や,る,0,high,ichi1
しやかいか,し,か,0,high,news1|nf17
ひきつぐ,ひ,ぐ,0,high,ichi1|news1|nf19
だんぺん,だ,ん,0,high,ichi1|news1|nf20
ないき,な,き,0,high,news1|nf17
かんりゆう,か,う,0,high,news1|nf19
うえつと,う,と,0,high,gai1
しゆうじつ,し,つ,0,high,news1|nf05
ひろがり,ひ,り,0,high,news1|nf07
あるごりずむ,あ,む,0,high,gai1
ちゆうしゆつ,ち,つ,0,high,news1|nf17
つけこむ,つ,む,0,high,ichi1|news2|nf47
きいる,き,る,0,high,gai1
びしよぬれ,び,れ,0,high,ichi1
ふせき,ふ,き,0,high,news1|nf14
じようはつ,じ,つ,0,high,ichi1|news2|nf29
たいぎめいぶん,た,ん,0,high,news1|nf15
えこお,え,お,0,high,gai1
きじゆん,き,ん,0,high,ichi1|news1|nf01
だいざい,だ,い,0,high,news1|nf09
とらふいつく,と,く,0,high,gai1
だんぜん,だ,ん,0,high,ichi1|news1|nf19
おうりつ,お,つ,0,high,news1|nf21
あるみ,あ,み,0,high,gai1|ichi1
くりいんあつぷとりお,く,お,0,high,gai1
なる,な,る,0,high,ichi1|news1|news2|nf07|nf34|nf41
ひようめい,ひ,い,0,high,news1|nf03
けとば,け,ば,0,high,ichi1|news1|nf01
きそ,き,そ,0,high,ichi1|news1|nf02|nf03
よそおい,よ,い,0,high,news1|nf19
きゆうらく,き,く,0,high,news1|nf12
としん,と,ん,0,high,ichi1|news1|nf05
どうけん,ど,ん,0,high,news1|nf02
ひろば,ひ,ば,0,high,ichi1|news1|nf05
みつちやく,み,く,0,high,news1|nf17
とうきよく,と,く,0,high,ichi1|news1|nf01
じゆうくにち,じ,ち,0,high,spec1
かがん,か,ん,0,high,ichi1|news1|nf21
おばけ,お,け,0,high,ichi2|news1|nf23
とこや,と,や,0,high,ichi1
かぷせる,か,る,0,high,gai1
あきうど,あ,ど,0,high,ichi1|news1|nf13
はんぶん,は,ん,0,high,ichi1|news1|nf02
ごおるでん,ご,ん,0,high,gai1
りいぐせん,り,ん,0,high,spec1
ともかせぎ,と,ぎ,0,high,ichi1|news2|nf41
りいぐ,り,ぐ,0,high,gai1
じゆうらい,じ,い,0,high,ichi1|news1|nf01
ふつご,ふ,ご,0,high,news1|nf16
さんがつ,さ,つ,0,high,news1|nf01|spec1
すこあ,す,あ,0,high,gai1
めしゆうど,め,ど,0,high,news1|nf20
おんぱれえど,お,ど,0,high,gai1
さか,さ,か,0,high,ichi1|news1|nf09
むにん,む,ん,0,high,ichi1|news1|nf10
るいせき,る,き,0,high,news1|nf10
はぐくむ,は,む,0,high,ichi1
じれい,じ,い,0,high,news1|nf08|nf20
こつかい,こ,い,0,high,ichi1|news1|nf01|nf12
まんじよういつち,ま,ち,0,high,news1|nf20
ごおすとたうん,ご,ん,0,high,gai1
あさひ,あ,ひ,0,high,ichi1|news1|nf05
のおぶる,の,る,0,high,gai1
ゆうたい,ゆ,い,0,high,news1|nf18
ちんたい,ち,い,0,high,ichi1|news1|nf08
ちようざ,ち,ざ,0,high,news1|nf17
きゆうりよう,き,う,0,high,ichi1|news1|nf06|nf14
みくろ,み,ろ,0,high,gai1|ichi1
ふりいず,ふ,ず,0,high,gai1
きやりい,き,い,0,high,gai1
ぞうしよ,ぞ,よ,0,high,news1|nf17
どらむすこ,ど,こ,0,high,spec1
むじようけん,む,ん,0,high,ichi1|news1|nf12
やつと,や,と,0,high,ichi1
ほご,ほ,ご,0,high,ichi1|news1|nf01
ろうふ,ろ,ふ,0,high,news1|nf23
いくぶん,い,ん,0,high,ichi1|news2|nf28
ぷらかあど,ぷ,ど,0,high,gai1
すくらつぷ,す,ぷ,0,high,gai1
みぶんしようめいしよ,み,よ,0,high,news1|nf22
しずく,し,く,0,high,ichi1|news2|nf41
とれえどまあく,と,く,0,high,gai1
せんりゆう,せ,う,0,high,news1|nf13
あいこく,あ,く,0,high,news1|nf10
かしよう,か,う,0,high,news1|nf07|nf16
だんそう,だ,う,0,high,news1|nf13
ちようせき,ち,き,0,high,news1|nf21
すみごこち,す,ち,0,high,news1|nf06
ほうぼう,ほ,う,0,high,ichi1
きようちゆう,き,う,0,high,news1|nf24
ぎれい,ぎ,い,0,high,ichi1|news1|nf16
につすう,に,う,0,high,ichi1|news1|nf10
てき,て,き,0,high,gai1|ichi1|news1|nf05
ごちそうさま,ご,ま,0,high,ichi1|spec1
めえかあ,め,あ,0,high,gai1|ichi1
わげ,わ,げ,0,high,ichi1|news1|nf03
さしこむ,さ,む,0,high,news2|nf43|spec1
かいけいねんど,か,ど,0,high,news1|nf23
わう,わ,う,0,high,gai1
とらぶる,と,る,0,high,gai1|ichi1
ちゆうぜつ,ち,つ,0,high,ichi1|news1|nf07
さぶたいとる,さ,る,0,high,gai1
にゆうさつ,に,つ,0,high,ichi1|news1|nf03
とうぼう,と,う,0,high,news1|nf15
しゆ,し,ゆ,0,high,ichi1|news1|nf19
しゆるれありすむ,し,む,0,high,spec1
あたえる,あ,る,0,high,ichi1|news2|nf28
よくそう,よ,う,0,high,ichi1|news1|nf17
やさしい,や,い,0,high,ichi1|news1|news2|nf14|nf39
ますます,ま,す,0,high,ichi1
みぎがわ,み,わ,0,high,ichi1|news1|nf15
ほぞん,ほ,ん,0,high,ichi1|news1|nf05
くりのべ,く,べ,0,high,news1|nf15
ほうにん,ほ,ん,0,high,ichi1|news2|nf44
ここのつ,こ,つ,0,high,ichi1|news1|nf21
まんざら,ま,ら,0,high,ichi1
すといちずむ,す,む,0,high,gai1
ほんざん,ほ,ん,0,high,news1|nf17
げんたい,げ,い,0,high,news1|nf22
よん,よ,ん,0,high,ichi1|news1|nf01
おおきくなる,お,る,0,high,spec1
しえりい,し,い,0,high,gai1
でえげえむ,で,む,0,high,gai1
おんりい,お,い,0,high,gai1
ことり,こ,り,0,high,ichi1|news1|nf18
とうむ,と,む,0,high,news1|nf15
ちゆうだん,ち,ん,0,high,ichi1|news1|nf11
まつしゆるうむ,ま,む,0,high,gai1
だいし,だ,し,0,high,news1|nf20
ふあんてい,ふ,い,0,high,ichi1|news1|nf05
うめる,う,る,0,high,ichi1|news1|nf09
めえでえ,め,え,0,high,gai1
あけがた,あ,た,0,high,ichi1|news1|nf24
ぱあとたいまあ,ぱ,あ,0,high,gai1
しろかみ,し,み,0,high,ichi1|news1|nf16
しい,し,い,0,high,news1|nf13
せるびあ,せ,あ,0,high,gai1
ふえんす,ふ,す,0,high,gai1
つきみ,つ,み,0,high,ichi1|news2|nf34
だついしよ,だ,よ,0,high,ichi1
きしよう,き,う,0,high,ichi1|news1|news2|nf06|nf16|nf24|nf28
いりよく,い,く,0,high,news1|nf09
めいげん,め,ん,0,high,news1|nf17
ひやけ,ひ,け,0,high,ichi1|news1|nf21
のりこす,の,す,0,high,ichi1
しよくのう,し,う,0,high,news1|nf21
のうり,の,り,0,high,news1|nf19
かんしや,か,や,0,high,ichi1|news1|nf08
とら,と,ら,0,high,ichi1|news1|nf06|nf14|spec1
ほんこう,ほ,う,0,high,news2|nf25|spec1
てつぺい,て,い,0,high,ichi1
だんし,だ,し,0,high,ichi1|news1|nf01
じちよう,じ,う,0,high,news1|nf04
りよういき,り,き,0,high,ichi1|news1|nf08
じゆうじ,じ,じ,0,high,ichi1|news1|nf08|nf14
いざない,い,い,0,high,news1|nf14
べつじん,べ,ん,0,high,news1|nf15
ふどう,ふ,う,0,high,news1|nf07
ぶるねつと,ぶ,と,0,high,gai1
さぎよう,さ,う,0,high,ichi1|news1|nf01
かなあみ,か,み,0,high,news1|nf22
うえいと,う,と,0,high,spec1
ろんり,ろ,り,0,high,ichi1|news1|nf05
にゆうもん,に,ん,0,high,ichi1|news1|nf10
おめが,お,が,0,high,gai1
こういき,こ,き,0,high,news1|nf11
さとる,さ,る,0,high,ichi1|news2|nf47
ゆうよ,ゆ,よ,0,high,ichi1|news1|nf09
さんぐらす,さ,す,0,high,gai1|ichi1
しのぐ,し,ぐ,0,high,ichi1
しきぎよう,し,う,0,high,news1|nf24
がつぴ,が,ぴ,0,high,ichi1
ちようさ,ち,さ,0,high,ichi1|news1|nf01
ぜいこみ,ぜ,み,0,high,news1|nf21
しゆんそく,し,く,0,high,news1|nf18
いちりよう,い,う,0,high,news1|nf22
あんない,あ,い,0,high,ichi1|news1|nf07
はら,は,ら,0,high,ichi1|news1|nf05
せんりつ,せ,つ,0,high,ichi1|news1|nf19
いちねんせい,い,い,0,high,news1|nf07
ほうもつ,ほ,つ,0,high,ichi1|news1|nf17
せいかんたい,せ,い,0,high,spec1
にほんりようり,に,り,0,high,spec1
かんずめ,か,め,0,high,ichi1|news1|nf14
ほおむどらま,ほ,ま,0,high,gai1
さいちゆう,さ,う,0,high,ichi1|news2|nf42
げんきん,げ,ん,0,high,ichi1|news1|nf03
ぎゆう,ぎ,う,0,high,ichi1|news1|nf06|nf24
ぞうか,ぞ,か,0,high,ichi1|news1|nf02
ほおん,ほ,ん,0,high,gai1|ichi1|news1|nf24
しちやく,し,く,0,high,spec1
ごむ,ご,む,0,high,gai1|ichi1
びあ,び,あ,0,high,gai1
ぶた,ぶ,た,0,high,ichi1|news1|nf13
ちゆうぜん,ち,ん,0,high,news1|nf08
むがい,む,い,0,high,ichi1|news2|nf30
よていひよう,よ,う,0,high,spec1
うしなう,う,う,0,high,ichi1|news1|nf06
かいて,か,て,0,high,ichi1|news1|nf15
せいげん,せ,ん,0,high,ichi1|news1|nf03
また,ま,た,0,high,ichi1|news1|news2|nf19|nf25
こそだて,こ,て,0,high,spec1
おんぞん,お,ん,0,high,news1|nf22
とうらい,と,い,0,high,ichi1|news1|nf10
りりく,り,く,0,high,ichi1|news1|nf16
きやつこう,き,う,0,high,news1|nf11
かんげき,か,き,0,high,ichi1|news1|nf12|nf24
ひだりがわ,ひ,わ,0,high,ichi1|news1|nf14
とん,と,ん,0,high,ichi1
はいやく,は,く,0,high,news1|nf22
せきさん,せ,ん,0,high,news1|nf23
いたむ,い,む,0,high,ichi1|news2|nf41|nf43|nf44
だいこん,だ,ん,0,high,ichi1|news1|nf21
いろどり,い,り,0,high,news1|nf23
じゆうたい,じ,い,0,high,ichi1|news1|nf09|nf12
しゆうどう,し,う,0,high,news1|nf23
けつぱく,け,く,0,high,ichi1|news1|nf22
はちゆうるい,は,い,0,high,spec1
よぶん,よ,ん,0,high,ichi1|news2|nf43
いきよい,い,い,0,high,ichi1|news1|nf03
かいぎしつ,か,つ,0,high,news1|nf08
しゆがあ,し,あ,0,high,gai1
りんりてき,り,き,0,high,news1|nf24
ほいくえん,ほ,ん,0,high,ichi1
げんせん,げ,ん,0,high,news1|nf13|nf22
かいそ,か,そ,0,high,news1|nf20
かいふく,か,く,0,high,ichi1|news1|nf01
てきちゆう,て,う,0,high,ichi1|news1|nf24
べびいふうど,べ,ど,0,high,spec1
きようだ,き,だ,0,high,news1|nf12
かんこうすぽつと,か,と,0,high,spec1
こくせいちようさ,こ,さ,0,high,news1|nf14
たどる,た,る,0,high,ichi1
いちげんか,い,か,0,high,news1|nf16
かぜをひく,か,く,0,high,spec1
まき,ま,き,0,high,news1|nf20|nf21
じもん,じ,ん,0,high,ichi1|news2|nf30
みにこみ,み,み,0,high,gai1
よき,よ,き,0,high,ichi1|news1|nf17|nf18
いきごみ,い,み,0,high,news1|nf10
ららばい,ら,い,0,high,gai1
ふえでれえしよん,ふ,ん,0,high,gai1
いたる,い,る,0,high,ichi1|news2|nf46
すなどる,す,る,0,high,ichi1
ほかん,ほ,ん,0,high,ichi1|news1|nf10|nf15
しようさ,し,さ,0,high,news1|nf15|nf20
がくだん,が,ん,0,high,news1|nf20
ほうべい,ほ,い,0,high,news1|nf06
うま,う,ま,0,high,ichi1|news1|nf02|nf18
いつせつ,い,つ,0,high,news1|nf14
ちひよう,ち,う,0,high,news1|nf14
ほそう,ほ,う,0,high,ichi1|news1|nf21
きがつく,き,く,0,high,spec1
けつれつ,け,つ,0,high,news1|nf09
ひようり,ひ,り,0,high,ichi1|news1|nf19
ぶいん,ぶ,ん,0,high,news1|nf07
ふみえ,ふ,え,0,high,news1|nf21
とか,と,か,0,high,spec1
てがたい,て,い,0,high,news1|nf21
たいつ,た,つ,0,high,gai1
こまりはてる,こ,る,0,high,news1|nf21
かいひ,か,ひ,0,high,ichi1|news1|nf07|nf08
しがい,し,い,0,high,ichi1|news1|nf10|nf19
たくしい,た,い,0,high,gai1|ichi1
てきかく,て,く,0,high,ichi1|news1|nf09|nf18
りよくか,り,か,0,high,news1|nf15
ばるせろな,ば,な,0,high,gai1
にふだ,に,だ,0,high,ichi1
つたら,つ,ら,0,high,spec1
なずける,な,る,0,high,ichi1|news2|nf27
はんする,は,る,0,high,ichi1|news1|nf24
そくせい,そ,い,0,high,ichi1
いせき,い,き,0,high,ichi1|news1|nf04|nf10
すぐれる,す,る,0,high,ichi1
ちゆうにゆう,ち,う,0,high,news1|nf24
きようこう,き,う,0,high,ichi1|news1|nf04|nf13|nf21
きようだん,き,ん,0,high,news1|nf18|nf19
ゆうこく,ゆ,く,0,high,news1|nf22
につか,に,か,0,high,ichi1|news1|nf20
しようこ,し,こ,0,high,ichi1|news1|nf04
なんど,な,ど,0,high,ichi1|news1|nf03
ほうちこく,ほ,く,0,high,news1|nf24
みりばある,み,る,0,high,gai1
ふおおくぼおる,ふ,る,0,high,gai1
こかくまんぞく,こ,く,0,high,spec1
いがく,い,く,0,high,ichi1|news1|nf02
しばらく,し,く,0,high,ichi1
かざむき,か,き,0,high,ichi1|news1|nf19
こうぶん,こ,ん,0,high,news1|nf18
もらす,も,す,0,high,ichi1|news2|nf28
どんなに,ど,に,0,high,ichi1
ぺきん,ぺ,ん,0,high,news1|nf01
つめきり,つ,り,0,high,ichi1
つど,つ,ど,0,high,news1|nf18
おくじよう,お,う,0,high,ichi1|news1|nf10
ゆきき,ゆ,き,0,high,ichi1|news2|nf33|spec1
やきにく,や,く,0,high,ichi1|news1|nf21
むゆか,む,か,0,high,ichi1|spec1
ふらいと,ふ,と,0,high,gai1
ひどく,ひ,く,0,high,spec1
ようぎしや,よ,や,0,high,ichi1|news1|nf01
ふぶき,ふ,き,0,high,ichi1|news1|nf19
おくらす,お,す,0,high,ichi1
ばあい,ば,い,0,high,ichi1|news1|nf09
おとうさん,お,ん,0,high,ichi1|news1|nf07
そうじしよく,そ,く,0,high,news1|nf08
きむずかしい,き,い,0,high,ichi1|news2|nf46
じようもん,じ,ん,0,high,news1|nf11
せんて,せ,て,0,high,news1|nf12
いただく,い,く,0,high,ichi1
くらしき,く,き,0,high,news1|nf13
すさまじい,す,い,0,high,ichi1
そふとうえあ,そ,あ,0,high,gai1
こんな,こ,な,0,high,ichi1
えきさいていんぐ,え,ぐ,0,high,gai1
しまじま,し,ま,0,high,news1|nf20
けんぼう,け,う,0,high,ichi1|news1|nf01
すたみな,す,な,0,high,gai1
ぶんけい,ぶ,い,0,high,ichi1
ちきゆうじよう,ち,う,0,high,news1|nf14
みにつける,み,る,0,high,spec1
じようせい,じ,い,0,high,ichi1|news1|nf01|nf15
うみ,う,み,0,high,ichi1|news1|nf02|nf11
いきわたる,い,る,0,high,ichi1|news2|nf38
だつかい,だ,い,0,high,news1|nf15
おろか,お,か,0,high,ichi1|news2|nf25
まえうりけん,ま,ん,0,high,ichi1
えのぐ,え,ぐ,0,high,ichi1|news1|nf16
つまさき,つ,き,0,high,ichi2|spec1
きゆうぴつち,き,ち,0,high,news1|nf13
あつぱく,あ,く,0,high,ichi1|news1|nf15
りようようしよ,り,よ,0,high,ichi1
なんぱ,な,ぱ,0,high,news2|nf45|spec1
そのうちに,そ,に,0,high,spec1
とはかぎらない,と,い,0,high,spec1
すうぱあ,す,あ,0,high,gai1|ichi1
とろ,と,ろ,0,high,news1|nf22|spec1
かあそる,か,る,0,high,gai1
ぱりいぐ,ぱ,ぐ,0,high,spec1
でんてつ,で,つ,0,high,news1|nf08
ひろう,ひ,う,0,high,ichi1|news1|news2|nf08|nf10|nf39
はいあん,は,ん,0,high,news1|nf05
おうぎがた,お,た,0,high,ichi1|news2|nf45|spec2
せつど,せ,ど,0,high,news1|nf16
どうぞ,ど,ぞ,0,high,ichi1
いちだんらく,い,く,0,high,ichi1|news1|nf13
しゆうとう,し,う,0,high,news1|nf19
でんげき,で,き,0,high,news1|nf23
おんらいん,お,ん,0,high,gai1
かいしめ,か,め,0,high,news1|nf12
かあてん,か,ん,0,high,gai1|ichi1
すてつき,す,き,0,high,gai1
すわひりご,す,ご,0,high,spec1
よほど,よ,ど,0,high,ichi1
ばあちやん,ば,ん,0,high,spec1
ちちくび,ち,び,0,high,news2|nf42|spec1
こんてすと,こ,と,0,high,gai1|ichi1
けいど,け,ど,0,high,ichi1|news2|nf46
どろどろ,ど,ろ,0,high,ichi1|spec1
けいもう,け,う,0,high,ichi1|news2|nf29
どきつと,ど,と,0,high,ichi1
かわす,か,す,0,high,ichi1|news1|nf14
もうら,も,ら,0,high,ichi1|news2|nf34
けいこく,け,く,0,high,ichi1|news1|nf06|nf19
こくどう,こ,う,0,high,ichi1|news1|nf07
かち,か,ち,0,high,ichi1|news1|nf03|nf04
おやま,お,ま,0,high,news1|nf20
くぎ,く,ぎ,0,high,ichi1|news1|news2|nf21|nf36
いそぎ,い,ぎ,0,high,news1|nf24
げんしよく,げ,く,0,high,news1|nf03
てくにかる,て,る,0,high,gai1
おおぞら,お,ら,0,high,news1|nf19
さくしや,さ,や,0,high,ichi1|news1|nf06
ひろさ,ひ,さ,0,high,ichi1|news1|nf08
でも,で,も,0,high,gai1|ichi1|spec1
やくか,や,か,0,high,news1|nf19
しにかる,し,る,0,high,gai1
みみより,み,り,0,high,ichi1|spec1
うちゆうかいはつ,う,つ,0,high,news1|nf14
てぎわよく,て,く,0,high,ichi1
こうしえん,こ,ん,0,high,spec1
かいしよう,か,う,0,high,ichi1|news1|nf04|nf23
はつゆめ,は,め,0,high,ichi1|news2|nf46
いきち,い,ち,0,high,spec1
そうぞうてき,そ,き,0,high,news1|nf20
こども,こ,も,0,high,ichi1|news1|nf01|spec1
ほすてす,ほ,す,0,high,gai1
まつき,ま,き,0,high,ichi1|news1|nf06
おどろかす,お,す,0,high,ichi1|news1|nf16
かんがえかた,か,た,0,high,news1|nf02
しゆぎ,し,ぎ,0,high,ichi1|news1|nf02
かあれえす,か,す,0,high,gai1
きようつう,き,う,0,high,ichi1|news1|nf02
いまごろ,い,ろ,0,high,ichi1
るねさんす,る,す,0,high,gai1
はなやか,は,か,0,high,ichi1|news1|nf09
もつてゆく,も,く,0,high,ichi1|spec1
なにげない,な,い,0,high,news1|nf24
ふあんでえしよん,ふ,ん,0,high,gai1
えねるぎい,え,い,0,high,gai1|ichi1
ごうい,ご,い,0,high,ichi1|news1|nf01
やすあがり,や,り,0,high,news1|nf21
かいなん,か,ん,0,high,news1|nf17
けえぷ,け,ぷ,0,high,gai1
しゆうじよ,し,よ,0,high,ichi1
じやつき,じ,き,0,high,gai1
にこむ,に,む,0,high,ichi1|news2|nf33
ぐれえど,ぐ,ど,0,high,gai1
めるくまある,め,る,0,high,gai1
とうしよ,と,よ,0,high,ichi1|news1|nf01|nf10
べに,べ,に,0,high,ichi1|news1|nf09
ろおたす,ろ,す,0,high,gai1
ふあみりあ,ふ,あ,0,high,gai1
けいちゆう,け,う,0,high,news1|nf24
のりこし,の,し,0,high,ichi1
ちゆうふく,ち,く,0,high,news1|nf22
しようとする,し,る,0,high,spec1
らふ,ら,ふ,0,high,gai1
なんばあわん,な,ん,0,high,gai1
ふんばる,ふ,る,0,high,ichi1|news1|nf23
までも,ま,も,0,high,spec1
のうやく,の,く,0,high,news1|nf04
でんりよく,で,く,0,high,ichi1|news1|nf03
ぱんつ,ぱ,つ,0,high,gai1|ichi1
さくねんらい,さ,い,0,high,news1|nf14
まわりみち,ま,ち,0,high,ichi1|news2|nf35
はげまし,は,し,0,high,news1|nf12
ひつこし,ひ,し,0,high,ichi1|news1|nf12
さんでいえご,さ,ご,0,high,gai1
いのべえしよん,い,ん,0,high,gai1
ありがとう,あ,う,0,high,ichi1
しも,し,も,0,high,ichi1|news2|nf25
きようそ,き,そ,0,high,news1|nf20
じゆんじ,じ,じ,0,high,news1|nf08
かふん,か,ん,0,high,news1|nf14
さうすかろらいな,さ,な,0,high,gai1
かんびよう,か,う,0,high,ichi1|news1|nf22
らつち,ら,ち,0,high,gai1|spec1
あのよ,あ,よ,0,high,ichi1
おつくすふおおど,お,ど,0,high,gai1
ずかい,ず,い,0,high,news2|nf36|spec1
はくぶつ,は,つ,0,high,news1|nf21
すとおむ,す,む,0,high,gai1
あらすじ,あ,じ,0,high,ichi1|news2|nf46
がか,が,か,0,high,ichi1|news1|nf05
しやみせん,し,ん,0,high,news1|nf14
さぱあ,さ,あ,0,high,gai1
いやおい,い,い,0,high,news1|nf10
にちようび,に,び,0,high,ichi1
かのうせいがたかい,か,い,0,high,spec1
つくろう,つ,う,0,high,ichi1
こんと,こ,と,0,high,gai1
こうど,こ,ど,0,high,ichi1|news1|nf06
なぎさ,な,さ,0,high,ichi1|news1|nf22
いちに,い,に,0,high,news1|nf18
ほわいと,ほ,と,0,high,gai1
そうしよく,そ,く,0,high,ichi1|news1|news2|nf11|nf32
いくら,い,ら,0,high,gai1|ichi1|news2|nf37
ふしまつ,ふ,つ,0,high,ichi1|news2|nf33
らいふわあく,ら,く,0,high,gai1
くれんじんぐくりいむ,く,む,0,high,gai1
きりかえ,き,え,0,high,news1|nf11
こらあじゆ,こ,ゆ,0,high,gai1
そむく,そ,く,0,high,ichi1
そうしつ,そ,つ,0,high,ichi1|news1|nf14
だんけつ,だ,つ,0,high,ichi1|news1|nf10
ないぞう,な,う,0,high,ichi1|news1|nf13|nf15
せんぷうき,せ,き,0,high,ichi1|news2|nf25
くちばし,く,し,0,high,ichi1
めざましい,め,い,0,high,ichi1|news2|nf39
どうりよく,ど,く,0,high,ichi1|news1|nf20
うでる,う,る,0,high,ichi1
ひてつきんぞく,ひ,く,0,high,news1|nf22
こす,こ,す,0,high,ichi1|news2|nf29|nf30
むうど,む,ど,0,high,gai1|ichi1
ものたりない,も,い,0,high,ichi1|news2|nf28
くぼみ,く,み,0,high,ichi1|spec1
かあぼん,か,ん,0,high,gai1
かかる,か,る,0,high,ichi1|news2|nf47
けつぼう,け,う,0,high,ichi1|news2|nf29
さいせい,さ,い,0,high,ichi1|news1|nf04
しゆりゆう,し,う,0,high,news1|nf05
えいめい,え,い,0,high,news1|nf21
じつり,じ,り,0,high,news1|nf22
いいかえる,い,る,0,high,ichi1|news2|nf30
たかくてき,た,き,0,high,news1|nf13
きようぎじよう,き,う,0,high,spec1
えれき,え,き,0,high,gai1
せんきよけん,せ,ん,0,high,news1|nf13
もにたりんぐ,も,ぐ,0,high,gai1
えんど,え,ど,0,high,gai1
あめりかん,あ,ん,0,high,gai1
ざんぞん,ざ,ん,0,high,news1|nf24
きぞく,き,く,0,high,ichi1|news1|nf12|nf13
さいゆうぐう,さ,う,0,high,news1|nf13
ふうじる,ふ,る,0,high,news1|nf21
よこせん,よ,ん,0,high,news1|nf23
いつしよ,い,よ,0,high,ichi1|news1|nf02
あおむけ,あ,け,0,high,ichi1|news2|nf34
よりわける,よ,る,0,high,ichi1
りようくう,り,う,0,high,ichi1|news1|nf16
いつぱ,い,ぱ,0,high,news1|nf22
じゆうしよ,じ,よ,0,high,ichi1|news1|nf03
うけとり,う,り,0,high,ichi1|news1|nf14
もあれ,も,れ,0,high,gai1
ごおるいん,ご,ん,0,high,gai1
いんしよく,い,く,0,high,news1|nf06
ろんきやく,ろ,く,0,high,news1|nf19
ぶるうばあど,ぶ,ど,0,high,gai1
やぼう,や,う,0,high,news1|nf23
おうせつ,お,つ,0,high,ichi1|news1|nf14
みより,み,り,0,high,ichi1|news2|nf30
ほしゆう,ほ,う,0,high,news1|nf13
りあげ,り,げ,0,high,news1|nf14
てんけん,て,ん,0,high,ichi1|news1|nf07
そつて,そ,て,0,high,news1|nf05
ふあくとりい,ふ,い,0,high,gai1
しちじゆう,し,う,0,high,news1|nf03|spec1
ぱんと,ぱ,と,0,high,gai1
いいえ,い,え,0,high,ichi1|news1|nf10
うろうろ,う,ろ,0,high,ichi1
しごとば,し,ば,0,high,news1|nf23
ごすぺる,ご,る,0,high,gai1
せめんと,せ,と,0,high,gai1|ichi1
たのしむ,た,む,0,high,ichi1|news1|nf16
つきあう,つ,う,0,high,ichi1|news2|nf45
みおぼえ,み,え,0,high,ichi1
ていりつ,て,つ,0,high,news1|nf18
ふらいほいいる,ふ,る,0,high,gai1
すたいる,す,る,0,high,gai1|ichi1
さくせん,さ,ん,0,high,ichi1|news1|nf02
へろいん,へ,ん,0,high,gai1
てきよう,て,う,0,high,ichi1|news1|nf04
れんたるびでお,れ,お,0,high,gai1
しよにち,し,ち,0,high,ichi1|news1|nf04
しらじ,し,じ,0,high,news1|nf23
きりぬき,き,き,0,high,news1|nf23
ろびいすと,ろ,と,0,high,gai1
ないす,な,す,0,high,gai1
いるか,い,か,0,high,spec1
とくめい,と,い,0,high,ichi1|news1|nf14
そうせんきよ,そ,よ,0,high,news1|nf01
いんち,い,ち,0,high,gai1
なやみ,な,み,0,high,ichi1|news1|nf04
ふいつしゆ,ふ,ゆ,0,high,gai1
うがい,う,い,0,high,ichi1
めいりよう,め,う,0,high,ichi1|news2|nf39
だむ,だ,む,0,high,gai1|ichi1
おすかあ,お,あ,0,high,gai1
ぱぱさん,ぱ,ん,0,high,spec1
よみとり,よ,り,0,high,news1|nf23
まぎれもない,ま,い,0,high,spec1
まきじやく,ま,く,0,high,ichi1
たんまつき,た,き,0,high,news1|nf20
ゆうもあ,ゆ,あ,0,high,gai1|ichi1
にじゆうきゆうにち,に,ち,0,high,spec1
がつつぽおず,が,ず,0,high,gai1
きとく,き,く,0,high,ichi1|news2|nf28
おまけ,お,け,0,high,ichi1
きかす,き,す,0,high,ichi1|news1|nf04
ひけめ,ひ,め,0,high,ichi1|news2|nf47
つうちよう,つ,う,0,high,ichi1|news1|nf15
さわがしい,さ,い,0,high,ichi1|news2|nf47
しんごうき,し,き,0,high,news1|nf21
ねいる,ね,る,0,high,spec1
かわるがわる,か,る,0,high,ichi1
もつこう,も,う,0,high,news1|nf22
いんき,い,き,0,high,gai1|ichi1|news2|nf38
はんがく,は,く,0,high,news1|nf10
ぐれころおまんすたいる,ぐ,る,0,high,gai1
ならびに,な,に,0,high,ichi1|news1|nf15
あつというまに,あ,に,0,high,spec1
ずいいつ,ず,つ,0,high,news1|nf21
こうゆう,こ,う,0,high,news1|nf20|nf24|spec1
あらわれる,あ,る,0,high,ichi1|news1|nf24
ゆうじよう,ゆ,う,0,high,ichi1|news1|nf10
がいこく,が,く,0,high,ichi1|news1|nf01
かぞいろ,か,ろ,0,high,ichi1|news1|nf06
はつたつ,は,つ,0,high,ichi1|news1|nf11
だの,だ,の,0,high,spec1
くるす,く,す,0,high,gai1
そつちよく,そ,く,0,high,ichi1|news1|nf05
ばんにん,ば,ん,0,high,ichi1
れあ,れ,あ,0,high,gai1
つかえる,つ,る,0,high,ichi1
しんにち,し,ち,0,high,ichi1|news1|nf23
ぼうこう,ぼ,う,0,high,news1|nf07
れたあ,れ,あ,0,high,gai1
ゆるむ,ゆ,む,0,high,ichi1|news2|nf25
たまむしいろ,た,ろ,0,high,news1|nf19
いしよ,い,よ,0,high,news1|nf15
ひぎしや,ひ,や,0,high,news1|nf17
ふつきゆう,ふ,う,0,high,news1|nf09
ぷらんと,ぷ,と,0,high,gai1
むうぶめんと,む,と,0,high,gai1
おとずれる,お,る,0,high,ichi1|news2|nf42
かんせつ,か,つ,0,high,ichi1|news1|nf12|nf13
さきごろ,さ,ろ,0,high,ichi1
ろつくううる,ろ,る,0,high,gai1
れんけい,れ,い,0,high,news1|nf05
はいかん,は,ん,0,high,news1|nf16
へいりよく,へ,く,0,high,news1|nf09
げえむせつと,げ,と,0,high,gai1
こあ,こ,あ,0,high,gai1
だれも,だ,も,0,high,spec1
おおけえ,お,え,0,high,gai1
おうせい,お,い,0,high,news2|nf41|spec1
きろくてき,き,き,0,high,news1|nf16
いちなん,い,ん,0,high,news1|nf15
かいだん,か,ん,0,high,ichi1|news1|nf01|nf07|nf20
さんい,さ,い,0,high,news1|nf20
てておや,て,や,0,high,ichi1|news1|nf02
ぐうぜん,ぐ,ん,0,high,ichi1|news1|nf14
くみん,く,ん,0,high,news1|nf10
たちのく,た,く,0,high,ichi1
みかた,み,た,0,high,ichi1|news1|nf01|nf09
まれ,ま,れ,0,high,ichi1|news1|nf24
あつつい,あ,い,0,high,ichi1|news1|news2|nf14|nf34
ちよくめん,ち,ん,0,high,news1|nf05
けんきよ,け,よ,0,high,ichi1|news1|nf13|nf14
おそるべき,お,き,0,high,ichi1
ぜんじつ,ぜ,つ,0,high,news1|nf02
へんじよう,へ,う,0,high,ichi1|news1|nf16
けつとう,け,う,0,high,news1|nf14
ほうせい,ほ,い,0,high,news1|nf06|nf24
ふかす,ふ,す,0,high,ichi1
きようてき,き,き,0,high,news1|nf20
がつぺい,が,い,0,high,ichi1|news1|nf03
じだいげき,じ,き,0,high,news1|nf10
ふくちよう,ふ,う,0,high,news1|nf16
うんが,う,が,0,high,ichi1|news1|nf16
さむらい,さ,い,0,high,ichi1|news1|nf14|nf18
ぼおいふれんど,ぼ,ど,0,high,gai1|ichi1
じようせつ,じ,つ,0,high,news1|nf11
じようりく,じ,く,0,high,ichi1|news1|nf08
しようせんきよく,し,く,0,high,news1|nf02
しんくたんく,し,く,0,high,gai1
ゆうれい,ゆ,い,0,high,ichi1|news1|nf16
ぺいんくりにつく,ぺ,く,0,high,gai1
のばなし,の,し,0,high,news1|nf19
へや,へ,や,0,high,ichi1|news1|nf02
がうん,が,ん,0,high,gai1
にいず,に,ず,0,high,gai1
ほつたん,ほ,ん,0,high,ichi1|news1|nf09
かれい,か,い,0,high,ichi1|news1|nf13
ふあいていんぐすぴりつと,ふ,と,0,high,gai1
しええかあ,し,あ,0,high,gai1
ほし,ほ,し,0,high,ichi1|news1|nf05
ちやぺる,ち,る,0,high,gai1
りくるうと,り,と,0,high,gai1
もうどうけん,も,ん,0,high,news1|nf16
かいぞう,か,う,0,high,ichi1|news1|nf04
しゆういん,し,ん,0,high,news1|nf01
めいん,め,ん,0,high,spec1
へこみ,へ,み,0,high,ichi1|spec1
すいこう,す,う,0,high,ichi1|news1|nf14
ふうりゆう,ふ,う,0,high,ichi1|news2|nf41
いんどしな,い,な,0,high,gai1
へんきん,へ,ん,0,high,news2|nf39|spec1
すうぱあすたあ,す,あ,0,high,gai1
ごおるきいぱあ,ご,あ,0,high,gai1
こぴいらいと,こ,と,0,high,spec1
なかなおり,な,り,0,high,ichi1
はいいろ,は,ろ,0,high,ichi1|news1|nf13
そつか,そ,か,0,high,spec1
こうちようかい,こ,い,0,high,news1|nf06
にんげん,に,ん,0,high,ichi1|news1|nf01
かたい,か,い,0,high,ichi1|news2|nf29|nf33|nf46
わかて,わ,て,0,high,news1|nf02
はじさらし,は,し,0,high,ichi1
めいがら,め,ら,0,high,news1|nf05
おかいけい,お,い,0,high,spec1
もつくあつぷ,も,ぷ,0,high,gai1
しあたあ,し,あ,0,high,gai1
しんねん,し,ん,0,high,ichi1|news1|nf09
からむ,か,む,0,high,ichi1|news2|nf31
しそおらす,し,す,0,high,gai1
えつねん,え,ん,0,high,news1|nf16
こくえい,こ,い,0,high,ichi1|news1|nf03
しつてん,し,ん,0,high,news1|nf04
まんぱわあ,ま,あ,0,high,gai1
のせる,の,る,0,high,ichi1|news1|nf11
さむけ,さ,け,0,high,news1|nf19
じんざい,じ,い,0,high,ichi1|news1|nf04
まねえ,ま,え,0,high,gai1|ichi1
ひとくち,ひ,ち,0,high,ichi1|news1|nf15
そうすい,そ,い,0,high,news1|nf23
だいじん,だ,ん,0,high,ichi1|news1|nf03
みまう,み,う,0,high,ichi1|news1|nf08
せいぞろい,せ,い,0,high,spec1
ちよくせつてき,ち,き,0,high,news1|nf14
しようさん,し,ん,0,high,news1|nf23|spec2
あいしやどう,あ,う,0,high,spec1
ぜねこん,ぜ,ん,0,high,gai1
あすきい,あ,い,0,high,gai1
りようりつ,り,つ,0,high,ichi1|news1|nf16
つみ,つ,み,0,high,ichi1|news1|nf05
やや,や,や,0,high,ichi1
しよくば,し,ば,0,high,ichi1|news1|nf03
じよめい,じ,い,0,high,news1|nf12
なさけ,な,け,0,high,ichi1|news2|nf32
どじ,ど,じ,0,high,ichi1|news1|nf01
まるた,ま,た,0,high,news1|nf18
ぎやつこうか,ぎ,か,0,high,ichi1|news1|nf21
しよくよく,し,く,0,high,ichi1|news1|nf13
しゆにん,し,ん,0,high,ichi1|news1|nf05
あんぐる,あ,る,0,high,gai1
ふおん,ふ,ん,0,high,news1|nf23
にげ,に,げ,0,high,news1|nf17
ほせいよさん,ほ,ん,0,high,news1|nf05
わたしじしん,わ,ん,0,high,spec1
じつか,じ,か,0,high,ichi1|news1|nf07
るうむ,る,む,0,high,gai1|ichi1
ちゆうがくせい,ち,い,0,high,ichi1|news1|nf03
ぬく,ぬ,く,0,high,ichi1
うろつく,う,く,0,high,ichi1
しんと,し,と,0,high,news1|nf18
かいつけ,か,け,0,high,news1|nf13
だいにじせかいたいせん,だ,ん,0,high,news1|nf10
あしば,あ,ば,0,high,news1|nf13
らうんじ,ら,じ,0,high,gai1
じゆきよう,じ,う,0,high,news1|nf22
しやしゆ,し,ゆ,0,high,news1|nf09
ふえにつくす,ふ,す,0,high,gai1
のりまわす,の,す,0,high,ichi1|news2|nf44
じゆぎようさんかん,じ,ん,0,high,spec1
おかず,お,ず,0,high,ichi2|spec1
はつちよう,は,う,0,high,news1|nf22
みつしゆう,み,う,0,high,ichi1|news1|nf17
やずくり,や,り,0,high,spec1
だいひようさく,だ,く,0,high,news1|nf10
ちよつかく,ち,く,0,high,ichi1|news2|nf34
うる,う,る,0,high,ichi1|news1|news2|nf08|nf25
ざちよう,ざ,う,0,high,news1|nf04
かきとる,か,る,0,high,ichi1
だめ,だ,め,0,high,ichi1|news1|nf24
けい,け,い,0,high,ichi1|news1|nf03|nf06|nf07|nf11|nf16
もんたあじゆ,も,ゆ,0,high,gai1
まんぱい,ま,い,0,high,news1|nf21
だんす,だ,す,0,high,gai1|ichi1
るみのおる,る,る,0,high,gai1
あいする,あ,る,0,high,ichi1|news1|nf11
ぜつたいに,ぜ,に,0,high,ichi1
がいこうかん,が,ん,0,high,news1|nf07
ぶていつく,ぶ,く,0,high,gai1
にがわらい,に,い,0,high,ichi1|news2|nf34
たり,た,り,0,high,spec1
でないと,で,と,0,high,spec1
ぼすとん,ぼ,ん,0,high,gai1
ふえりい,ふ,い,0,high,gai1
ふわたり,ふ,り,0,high,news1|nf19
あくしつ,あ,つ,0,high,ichi1|news1|nf09
ひきこもり,ひ,り,0,high,spec1
じらい,じ,い,0,high,news1|nf08
くちけんか,く,か,0,high,ichi1
むよう,む,う,0,high,ichi1|news1|nf13
けいひ,け,ひ,0,high,ichi1|news1|nf03
さらう,さ,う,0,high,ichi1
ぜひぜひ,ぜ,ひ,0,high,spec1
ちんあげ,ち,げ,0,high,news1|nf05
さんぎようかい,さ,い,0,high,news1|nf06
じゆうおう,じ,う,0,high,news1|nf15
めいぶつ,め,つ,0,high,ichi1|news1|nf12
みんぽう,み,う,0,high,ichi1|news1|nf05|nf10
たいこ,た,こ,0,high,ichi1|news1|nf11
けつろん,け,ん,0,high,ichi1|news1|nf02
むなぎ,む,ぎ,0,high,ichi1
したうけ,し,け,0,high,news1|nf13
となつたら,と,ら,0,high,spec1
かつえる,か,る,0,high,ichi1|news1|nf24
せるふ,せ,ふ,0,high,gai1
がけ,が,け,0,high,ichi1|news2|nf32
やきいも,や,も,0,high,ichi1
ぴすとん,ぴ,ん,0,high,gai1
ほんばん,ほ,ん,0,high,ichi1|news1|nf07
れつ,れ,つ,0,high,ichi1|news1|nf08
くつきい,く,い,0,high,gai1|ichi1
こくさいれんごう,こ,う,0,high,news1|nf21
なかにわ,な,わ,0,high,ichi1|news1|nf17
でいすぷれい,で,い,0,high,gai1
ころがす,こ,す,0,high,ichi1|news2|nf28
けんさつちよう,け,う,0,high,news1|nf15
きんぺん,き,ん,0,high,news1|nf23
みあたる,み,る,0,high,news1|nf13
ふおと,ふ,と,0,high,gai1
みすぷりんと,み,と,0,high,ichi1
ほうじる,ほ,る,0,high,ichi1|news1|nf22
ばふありん,ば,ん,0,high,gai1
ちからもち,ち,ち,0,high,ichi1|news2|nf30
はげみ,は,み,0,high,news1|nf15
ふろんと,ふ,と,0,high,gai1|ichi1
じざい,じ,い,0,high,news1|nf12
かなしみ,か,み,0,high,ichi1|news1|nf07
るすばん,る,ん,0,high,ichi1|news1|nf15
きゆうせいちよう,き,う,0,high,news1|nf16
ぽりす,ぽ,す,0,high,gai1
ぎよつと,ぎ,と,0,high,ichi1
すいりしようせつ,す,つ,0,high,news1|nf21
こうばいりよく,こ,く,0,high,news1|nf17
らいばる,ら,る,0,high,gai1
ちようなん,ち,ん,0,high,ichi1|news1|nf01
かいうん,か,ん,0,high,news1|nf14
てじよう,て,う,0,high,ichi1|news1|nf22
ええていいえむ,え,む,0,high,spec1
ねんりん,ね,ん,0,high,ichi1|news2|nf26
ふあんたじい,ふ,い,0,high,gai1
ひざまずく,ひ,く,0,high,ichi1
ぶんぼ,ぶ,ぼ,0,high,ichi1|news2|nf40
わかる,わ,る,0,high,ichi1|news2|nf39|spec1
みしがん,み,ん,0,high,gai1
こんじよう,こ,う,0,high,ichi1|news1|nf18
わかいころ,わ,ろ,0,high,spec1
きんきより,き,り,0,high,ichi1|news1|nf22
でこおだ,で,だ,0,high,gai1
しちゆう,し,う,0,high,gai1|news1|nf07|nf17
ふあいんだあ,ふ,あ,0,high,gai1
しゆうまつ,し,つ,0,high,ichi1|news1|nf06|nf18
へれにずむ,へ,む,0,high,gai1
すたいりんぐ,す,ぐ,0,high,gai1
すいりよう,す,う,0,high,ichi1|news1|nf19
つういん,つ,ん,0,high,news1|nf19
ねがい,ね,い,0,high,ichi1|news1|nf05
てつしゆう,て,う,0,high,news1|nf11
ぴつく,ぴ,く,0,high,gai1
おうち,お,ち,0,high,news1|nf23|spec1
かみ,か,み,0,high,ichi1|news1|nf03|nf06|nf15
じゆこう,じ,う,0,high,news1|nf08
してんちよう,し,う,0,high,news1|nf05
でかた,で,た,0,high,news1|nf09
もるどば,も,ば,0,high,gai1
きれめ,き,め,0,high,news1|nf19
じよし,じ,し,0,high,ichi1|news1|news2|nf01|nf09|nf45
ひるま,ひ,ま,0,high,ichi1|news1|nf08
そうりよう,そ,う,0,high,news1|nf08|nf15
こんて,こ,て,0,high,gai1
そうきゆう,そ,う,0,high,news1|nf04|nf15
ちえん,ち,ん,0,high,news1|nf17
すき,す,き,0,high,ichi1|news2|nf43
やがい,や,い,0,high,ichi1|news1|nf10
なし,な,し,0,high,ichi1|news1|news2|nf14|nf37
ういるす,う,す,0,high,gai1|ichi1
ひどり,ひ,り,0,high,news1|nf10
しぼむ,し,む,0,high,ichi1
もざいく,も,く,0,high,gai1
こんとら,こ,ら,0,high,gai1
もんぶかがくしよう,も,う,0,high,spec1
とびきり,と,り,0,high,ichi1
だいだいてき,だ,き,0,high,news1|nf16
ようぼう,よ,う,0,high,ichi1|news1|nf04
こばむ,こ,む,0,high,ichi1|news2|nf31
そくし,そ,し,0,high,ichi1|news2|nf36
いきのこり,い,り,0,high,news1|nf09
おおあたり,お,り,0,high,news1|nf24
わんだふる,わ,る,0,high,spec1
れいわ,れ,わ,0,high,spec1
それじや,そ,や,0,high,spec1
くろす,く,す,0,high,gai1
ごちそう,ご,う,0,high,ichi1
さんちや,さ,や,0,high,news1|nf11
ぼれえ,ぼ,え,0,high,gai1
へいてん,へ,ん,0,high,ichi1|news1|nf20
でしよ,で,よ,0,high,spec1
かくご,か,ご,0,high,ichi1|news1|nf07
あと,あ,と,0,high,ichi1|news1|nf01|nf03
ぼうすい,ぼ,い,0,high,ichi1|news1|nf21
おおずもう,お,う,0,high,news1|nf06
るねつさんす,る,す,0,high,gai1
ちゆうとう,ち,う,0,high,news1|nf02|nf20
さんけい,さ,い,0,high,news1|nf23
りばてい,り,い,0,high,gai1
おごそか,お,か,0,high,ichi1|news2|nf46
するどい,す,い,0,high,ichi1|news1|nf11
ほりよ,ほ,よ,0,high,ichi1|news1|nf06
ばいしゆんふ,ば,ふ,0,high,news1|nf22
はいたい,は,い,0,high,news1|nf15
ほんとう,ほ,う,0,high,ichi1|news1|nf02|nf21
びよう,び,う,0,high,ichi1|news1|news2|nf12|nf33
ひらち,ひ,ち,0,high,news1|nf21
ねこぜ,ね,ぜ,0,high,ichi1
たいこう,た,う,0,high,ichi1|news1|nf04|nf06|nf21
くりいにんぐ,く,ぐ,0,high,gai1|ichi1
ぜつちよう,ぜ,う,0,high,news1|nf21
いつたりきたり,い,り,0,high,spec1
こんろ,こ,ろ,0,high,ichi1
まえおき,ま,き,0,high,ichi1|news2|nf43
さくしゆん,さ,ん,0,high,news1|nf10
すぱげつてい,す,い,0,high,spec1
えんとつ,え,つ,0,high,ichi1|news1|nf24
くるうず,く,ず,0,high,gai1
あめつち,あ,ち,0,high,news1|nf17
ぽしえつと,ぽ,と,0,high,spec1
だいち,だ,ち,0,high,ichi1|news1|nf09|nf22
えきちよう,え,う,0,high,ichi1|news2|nf32
かちかち,か,ち,0,high,ichi1
うなる,う,る,0,high,ichi1
さいぜん,さ,ん,0,high,news1|nf11
はるばしよ,は,よ,0,high,news1|nf13
めいもん,め,ん,0,high,ichi1|news1|nf09
なんぶ,な,ぶ,0,high,ichi1|news1|nf04
ほうじん,ほ,ん,0,high,ichi1|news1|nf02|nf07
いなだ,い,だ,0,high,news1|nf23
げつめん,げ,ん,0,high,news1|nf22
ほとんど,ほ,ど,0,high,ichi1
つぶれる,つ,る,0,high,ichi1
しやざい,し,い,0,high,ichi1|news1|nf06
ゆしゆつ,ゆ,つ,0,high,ichi1|news1|nf01
あきれすけん,あ,ん,0,high,spec1
もちこみ,も,み,0,high,news1|nf15
ようび,よ,び,0,high,ichi1|news1|nf04
でらつくす,で,す,0,high,gai1
のろい,の,い,0,high,ichi1
なにやら,な,ら,0,high,news1|nf22
ようりゆう,よ,う,0,high,news1|nf08
しそう,し,う,0,high,ichi1|news1|nf03
にほんしき,に,き,0,high,news1|nf23
ふとつぱら,ふ,ら,0,high,news1|nf18
はあぷ,は,ぷ,0,high,gai1
さんしや,さ,や,0,high,news1|nf09
なぷきん,な,ん,0,high,gai1
すこあぼおど,す,ど,0,high,gai1
さあびすえりあ,さ,あ,0,high,gai1
とぐ,と,ぐ,0,high,ichi1|news2|nf42
えでいしよん,え,ん,0,high,gai1
はくねつ,は,つ,0,high,ichi1|news2|nf25
りやくご,り,ご,0,high,ichi1|news2|nf32
とりわけ,と,け,0,high,ichi1|news2|nf28
とうけい,と,い,0,high,ichi1|news1|nf01|nf04|nf21
おおげさ,お,さ,0,high,ichi1|news1|nf20|spec1
ふうとう,ふ,う,0,high,ichi1|news1|nf11
がいしよう,が,う,0,high,ichi1|news1|nf01|nf18
つら,つ,ら,0,high,ichi1|news1|nf02
しやとる,し,る,0,high,gai1
たいぴすと,た,と,0,high,gai1
ふろおりんぐ,ふ,ぐ,0,high,gai1
なければなりません,な,ん,0,high,spec1
にげだす,に,す,0,high,ichi1|news2|nf29
ばら,ば,ら,0,high,ichi1|news2|nf27
ばくぜん,ば,ん,0,high,ichi1|news1|nf22
にいちやん,に,ん,0,high,news1|nf24
ぼうえいちよう,ぼ,う,0,high,news1|nf03
じええあある,じ,る,0,high,spec1
がいねん,が,ん,0,high,ichi1|news1|nf07
まりふあな,ま,な,0,high,gai1
さくふう,さ,う,0,high,news1|nf16
じんしや,じ,や,0,high,ichi1|news1|nf05
しもき,し,き,0,high,news1|nf11
ぎけつ,ぎ,つ,0,high,ichi1|news1|nf09
ようろう,よ,う,0,high,news1|nf24
おおあめ,お,め,0,high,ichi1|news1|nf11
うけいれ,う,れ,0,high,news1|nf03
ぼおく,ぼ,く,0,high,gai1
こうあつ,こ,つ,0,high,news1|nf17
そびえる,そ,る,0,high,ichi1
おこのみやき,お,き,0,high,spec1
ばらんすしいと,ば,と,0,high,gai1
えくぼ,え,ぼ,0,high,ichi1
かたがた,か,た,0,high,ichi1|news1|nf07
いんぽおと,い,と,0,high,gai1
そうむぶ,そ,ぶ,0,high,news1|nf11
とじようこく,と,く,0,high,news1|nf03
げつとお,げ,お,0,high,gai1
ぱずる,ぱ,る,0,high,gai1
ていきよう,て,う,0,high,ichi1|news1|nf03
わあぷ,わ,ぷ,0,high,gai1
りたあん,り,ん,0,high,gai1
きやくいん,き,ん,0,high,news1|nf14
きようばい,き,い,0,high,news1|nf13
むけい,む,い,0,high,ichi1|news2|nf28
もちかえる,も,る,0,high,news1|nf19
よんひやく,よ,く,0,high,news1|nf03
およぐ,お,ぐ,0,high,ichi1|news1|nf20
こうせつ,こ,つ,0,high,news1|nf21|nf23
かんしよく,か,く,0,high,ichi1|news1|news2|nf12|nf34
かける,か,る,0,high,ichi1|news1|news2|nf14|nf20|nf23|nf41
きわめる,き,る,0,high,ichi1|news2|nf30
あまい,あ,い,0,high,ichi1|news1|nf19
ごおるでんあわあ,ご,あ,0,high,gai1
しゆうひよう,し,う,0,high,news1|nf19
たすう,た,う,0,high,ichi1|news1|nf02
さんぱい,さ,い,0,high,ichi1|news1|nf07|nf14
はくぶつかん,は,ん,0,high,ichi1|news1|nf04
てんぽらりい,て,い,0,high,gai1
ごうか,ご,か,0,high,ichi1|news1|nf08
みんわ,み,わ,0,high,ichi1|news1|nf18
ひとで,ひ,で,0,high,ichi1|news1|nf17
ゆうひ,ゆ,ひ,0,high,ichi1|news1|nf24
そうとく,そ,く,0,high,news1|nf13
しうと,し,と,0,high,ichi1|news2|nf36
すたいりすと,す,と,0,high,gai1
ひとりむすこ,ひ,こ,0,high,news1|nf21
しんじつ,し,つ,0,high,ichi1|news1|nf07
じんち,じ,ち,0,high,news1|nf17
こんぺ,こ,ぺ,0,high,gai1
かえりみる,か,る,0,high,ichi1|news2|nf42|nf47
せらぴい,せ,い,0,high,spec1
けいけん,け,ん,0,high,ichi1|news1|nf02
ひきとめる,ひ,る,0,high,ichi1
ふりつぷふろつぷ,ふ,ぷ,0,high,gai1
ゆにいく,ゆ,く,0,high,gai1
とんねる,と,る,0,high,gai1|ichi1
なだかい,な,い,0,high,ichi1|news1|nf22
ぱあく,ぱ,く,0,high,gai1
れえさあ,れ,あ,0,high,gai1
いちにん,い,ん,0,high,ichi1|news1|nf02|nf13|nf16|spec1
しとる,し,る,0,high,ichi1|news2|nf46
せんちやく,せ,く,0,high,ichi1|news1|nf12
こどうぐ,こ,ぐ,0,high,news1|nf20
たしざん,た,ん,0,high,ichi1|news2|nf36
あわ,あ,わ,0,high,ichi1|news1|nf13
おかしい,お,い,0,high,news1|nf05
そうちやく,そ,く,0,high,news1|nf23
めもりある,め,る,0,high,gai1
まさか,ま,か,0,high,ichi1
わつぺん,わ,ん,0,high,gai1
まりんば,ま,ば,0,high,gai1
せいたく,せ,く,0,high,news1|nf12
けいせき,け,き,0,high,news1|nf16
そくたつ,そ,つ,0,high,ichi1|news2|nf37
きねんひ,き,ひ,0,high,news1|nf15
だんぴんぐ,だ,ぐ,0,high,gai1
もうそう,も,う,0,high,news2|nf27|spec1
かろうじて,か,て,0,high,news1|nf17
もうしぶんない,も,い,0,high,ichi1
はんが,は,が,0,high,ichi1|news1|nf11
でいなあ,で,あ,0,high,gai1
すたんがん,す,ん,0,high,gai1
くうらあ,く,あ,0,high,gai1|ichi1
ちよすい,ち,い,0,high,news1|nf19
もよおす,も,す,0,high,ichi1|news1|nf17
ねつきよう,ね,う,0,high,news1|nf15
ばざある,ば,る,0,high,gai1
ふざい,ふ,い,0,high,ichi1|news1|nf06
さくねん,さ,ん,0,high,ichi1|news1|nf01
ぜんめつ,ぜ,つ,0,high,ichi1|news2|nf35
まいなあ,ま,あ,0,high,gai1
じゆうたくがい,じ,い,0,high,news1|nf12
ていりようきん,て,ん,0,high,spec1
ずいぶん,ず,ん,0,high,ichi1|news2|nf30
なのだ,な,だ,0,high,spec1
ぐれえぷふるうつ,ぐ,つ,0,high,gai1
あぷろおち,あ,ち,0,high,gai1
まいすう,ま,う,0,high,ichi1|news1|nf13
おりんぴつく,お,く,0,high,gai1|ichi1
へりんぼおん,へ,ん,0,high,gai1
としても,と,も,0,high,spec1
だいかぞく,だ,く,0,high,news1|nf24
いくど,い,ど,0,high,ichi1
そんなこんな,そ,な,0,high,spec1
せいとうせいじ,せ,じ,0,high,news1|nf20
みはる,み,る,0,high,ichi1|news2|nf46
しんぱんがいしや,し,や,0,high,news1|nf23
みゆうじしやん,み,ん,0,high,gai1
にる,に,る,0,high,ichi1|news1|news2|nf15|nf29
じぶ,じ,ぶ,0,high,gai1
ばりとん,ば,ん,0,high,gai1
ぽとふ,ぽ,ふ,0,high,gai1
こわだか,こ,か,0,high,news1|nf17
とれる,と,る,0,high,ichi1
ざいだんほうじん,ざ,ん,0,high,news1|nf05
あふたぬうん,あ,ん,0,high,gai1
ちかう,ち,う,0,high,ichi1|news2|nf34
ごご,ご,ご,0,high,ichi1|news1|nf01
じようしよう,じ,う,0,high,ichi1|news1|nf02
じいさん,じ,ん,0,high,ichi1
ぶんきよう,ぶ,う,0,high,news1|nf17
がくい,が,い,0,high,ichi1|news1|nf24
かんきゆう,か,う,0,high,news1|nf15
かいしよ,か,よ,0,high,ichi1|news2|nf37
ものとおん,も,ん,0,high,gai1
ちゆうせい,ち,い,0,high,ichi1|news1|news2|nf10|nf17|nf27
こふん,こ,ん,0,high,news1|nf09
ぎんがみ,ぎ,み,0,high,ichi1
じゆじゆ,じ,ゆ,0,high,news1|nf09
ふうりん,ふ,ん,0,high,ichi1|news2|nf34
えつくすせん,え,ん,0,high,spec1
じゆくち,じ,ち,0,high,news1|nf18
しみいず,し,ず,0,high,gai1
こうそくどうろ,こ,ろ,0,high,ichi1|news1|nf06
びいすと,び,と,0,high,gai1
ぼうえんきよう,ぼ,う,0,high,ichi1|news1|nf13
おつそおい,お,い,0,high,ichi1|news1|nf18
せいじんびよう,せ,う,0,high,news1|nf12
すがお,す,お,0,high,ichi1|news1|nf12
どつく,ど,く,0,high,gai1
そんげん,そ,ん,0,high,news1|nf09
そうてん,そ,ん,0,high,news1|nf05
おに,お,に,0,high,ichi1|news1|nf08
たにがわ,た,わ,0,high,news1|nf07
きゆうきゆう,き,う,0,high,news1|nf08
よんせん,よ,ん,0,high,news1|nf06|spec1
もおぜる,も,る,0,high,gai1
ふじ,ふ,じ,0,high,news1|nf07
ていせつ,て,つ,0,high,news1|nf18
におう,に,う,0,high,ichi1
あいて,あ,て,0,high,ichi1|news1|nf01
どくがす,ど,す,0,high,news1|nf19
しんがあそんぐらいたあ,し,あ,0,high,gai1
しゆうげき,し,き,0,high,ichi1|news1|nf08
あうとどあ,あ,あ,0,high,spec1
いつしつ,い,つ,0,high,news1|nf12
ひかくてき,ひ,き,0,high,ichi1|news2|nf38
くれんざあ,く,あ,0,high,gai1
きしゆ,き,ゆ,0,high,news1|nf06|nf12|nf15|nf21
ともす,と,す,0,high,ichi1
おば,お,ば,0,high,ichi1|news1|news2|nf10|nf20|nf30
うつたえ,う,え,0,high,ichi1|news1|nf05
たいりつ,た,つ,0,high,ichi1|news1|nf02
とくせい,と,い,0,high,news1|nf09|nf19
いまにも,い,も,0,high,ichi1
らんりつ,ら,つ,0,high,news1|nf15
たしか,た,か,0,high,ichi1|news1|nf02
りようあし,り,し,0,high,news1|nf15
きりあめ,き,め,0,high,ichi1|news2|nf46
へんしつ,へ,つ,0,high,news1|nf22
きじく,き,く,0,high,news1|nf16
いかにも,い,も,0,high,ichi1
まえもつて,ま,て,0,high,ichi1|news2|nf29
たたむ,た,む,0,high,ichi1
わきまえる,わ,る,0,high,ichi1
あんこおる,あ,る,0,high,gai1
きろわつと,き,と,0,high,gai1
ふくしや,ふ,や,0,high,ichi1|news2|nf28
みんしやとう,み,う,0,high,news1|nf02
だんかい,だ,い,0,high,ichi1|news1|nf01|nf14
いそいそ,い,そ,0,high,ichi1
ぎざぎざ,ぎ,ざ,0,high,ichi1
おのずから,お,ら,0,high,ichi1
ていらく,て,く,0,high,news1|nf18
ひつようせい,ひ,い,0,high,news1|nf03
さいにゆう,さ,う,0,high,news1|nf09
やうち,や,ち,0,high,ichi1|news1|nf20
ぞんじる,ぞ,る,0,high,ichi1|news2|nf29
にゆうふえいす,に,す,0,high,gai1
とりいれる,と,る,0,high,ichi1
くら,く,ら,0,high,ichi1|news1|nf10
ちんもく,ち,く,0,high,ichi1|news1|nf09
せすじ,せ,じ,0,high,news1|nf18
こうこがく,こ,く,0,high,news1|nf10
じやあなりすと,じ,と,0,high,gai1|ichi1
たびかず,た,ず,0,high,news1|nf22
げんゆう,げ,う,0,high,news1|nf20
ききて,き,て,0,high,ichi1|news1|nf10
あつしよう,あ,う,0,high,news1|nf14
こつきよう,こ,う,0,high,ichi1|news1|nf02
こつとん,こ,ん,0,high,gai1|ichi1
おかりな,お,な,0,high,gai1
かる,か,る,0,high,ichi1|news1|nf18
よてい,よ,い,0,high,ichi1|news1|nf01
めんたる,め,る,0,high,gai1
ぷろぽおず,ぷ,ず,0,high,gai1|ichi1
やすね,や,ね,0,high,news1|nf10
だんげん,だ,ん,0,high,news1|nf10
そうけつさん,そ,ん,0,high,news1|nf24
ぼんにん,ぼ,ん,0,high,ichi1|news2|nf27
かいけつさく,か,く,0,high,spec1
きゆうそく,き,く,0,high,ichi1|news1|nf03|nf23
かりよく,か,く,0,high,ichi1|news1|nf12
しろと,し,と,0,high,ichi1|news1|nf09
とりくむ,と,む,0,high,ichi1|news2|nf37
こさん,こ,ん,0,high,news1|nf22
すぺしやりすと,す,と,0,high,gai1
ふぼ,ふ,ぼ,0,high,ichi1|news1|nf06
げきだん,げ,ん,0,high,news1|nf05
つまようじ,つ,じ,0,high,ichi1
りようさん,り,ん,0,high,news1|nf16
てれかんふあれんす,て,す,0,high,gai1
しよういん,し,ん,0,high,news1|nf17
ちほうぜい,ち,い,0,high,news1|nf16
すとらいく,す,く,0,high,gai1
たいわん,た,ん,0,high,news1|nf01
ゆみ,ゆ,み,0,high,ichi1|news1|nf14
ほんぶん,ほ,ん,0,high,ichi1|news1|nf08
にじゆうしちにち,に,ち,0,high,spec1
とりきめる,と,る,0,high,news1|nf23
じゆうがた,じ,た,0,high,news1|nf12
がらん,が,ん,0,high,ichi1
しやべる,し,る,0,high,gai1|ichi1
みようばん,み,ん,0,high,ichi1
りようがん,り,ん,0,high,news1|nf20
かいはつしや,か,や,0,high,spec1
あくしでんと,あ,と,0,high,gai1
やけい,や,い,0,high,ichi1|news1|nf23
じようげん,じ,ん,0,high,news1|nf06
しいど,し,ど,0,high,gai1
ちからだめし,ち,し,0,high,ichi1
そうですね,そ,ね,0,high,spec1
すていつく,す,く,0,high,gai1
ずき,ず,き,0,high,news1|nf13
けいさつかん,け,ん,0,high,spec1
しよこく,し,く,0,high,ichi1
ありばい,あ,い,0,high,gai1|ichi1
いん,い,ん,0,high,gai1|ichi1|spec1
みあい,み,い,0,high,ichi1|news1|nf18
でれげえしよん,で,ん,0,high,gai1
どおり,ど,り,0,high,ichi1|news1|nf05
びおら,び,ら,0,high,gai1
いきさつ,い,つ,0,high,news1|nf04
ほつく,ほ,く,0,high,gai1
たんきゆう,た,う,0,high,ichi1|news1|news2|nf24|nf26
まざあぐうす,ま,す,0,high,gai1
たるい,た,い,0,high,ichi1
こんじつ,こ,つ,0,high,ichi1|news1|nf02
ぴんぽいんと,ぴ,と,0,high,gai1
しやく,し,く,0,high,news1|nf24
むげん,む,ん,0,high,ichi1|news1|nf14
かあでいがん,か,ん,0,high,gai1
きめる,き,る,0,high,ichi1|news1|nf22
かんがえる,か,る,0,high,ichi1|news1|nf10
いけばな,い,な,0,high,ichi1|news2|nf25
あつためる,あ,る,0,high,ichi1
むじゆうりよう,む,う,0,high,news1|nf17
しいるど,し,ど,0,high,gai1
しぼう,し,う,0,high,ichi1|news1|nf04|nf10
りたいあ,り,あ,0,high,gai1
れんとげん,れ,ん,0,high,gai1|ichi1
ばなな,ば,な,0,high,gai1|ichi1
おりごまあ,お,あ,0,high,gai1
げんしろ,げ,ろ,0,high,news1|nf06
ぴつたり,ぴ,り,0,high,ichi1|spec1
もさど,も,ど,0,high,gai1
あめふと,あ,と,0,high,gai1
おうだんほどう,お,う,0,high,ichi1|news1|nf24
しびれる,し,る,0,high,ichi1
らふぷれえ,ら,え,0,high,gai1
さど,さ,ど,0,high,gai1
おしよく,お,く,0,high,ichi1|news1|nf03
ほうがい,ほ,い,0,high,ichi1|news2|nf30
せきとり,せ,り,0,high,news1|nf15
きゆうじん,き,ん,0,high,ichi1|news1|nf08
たなばた,た,た,0,high,ichi1|news1|nf22
いきどおり,い,り,0,high,news1|nf17
でい,で,い,0,high,gai1
きゆうくつ,き,つ,0,high,ichi1|news1|nf22
がくさい,が,い,0,high,news1|nf23
かいきよう,か,う,0,high,ichi1|news1|nf09
こうようじゆ,こ,ゆ,0,high,news1|nf24
うけつぐ,う,ぐ,0,high,ichi1|news1|nf20
ぜいむ,ぜ,む,0,high,news1|nf09
すかあふ,す,ふ,0,high,gai1
ぼうふうう,ぼ,う,0,high,ichi1|news2|nf32
さけぶ,さ,ぶ,0,high,ichi1|news1|nf12
かわし,か,し,0,high,ichi1|news1|nf03
ぎやぐ,ぎ,ぐ,0,high,gai1
とりつ,と,つ,0,high,ichi1|news1|nf07
せらあ,せ,あ,0,high,gai1
げきてき,げ,き,0,high,ichi1|news1|nf10
がいむしよう,が,う,0,high,ichi1|news1|nf01
へんそく,へ,く,0,high,news1|nf23
ばあすでえ,ば,え,0,high,gai1
きじゆんほう,き,う,0,high,news1|nf23
ちようきよう,ち,う,0,high,news1|nf20
たいとく,た,く,0,high,ichi1|news2|nf30
しやれい,し,い,0,high,news1|nf08
へあけあ,へ,あ,0,high,gai1
かちまけ,か,け,0,high,news1|nf23
わんちやん,わ,ん,0,high,spec1
しお,し,お,0,high,ichi1|news1|nf06|nf07
かあぶ,か,ぶ,0,high,gai1|ichi1
しゆつるい,し,い,0,high,news1|nf24
なななのか,な,か,0,high,news1|nf08
めいじつ,め,つ,0,high,news1|nf17
かなえる,か,る,0,high,ichi1
そばや,そ,や,0,high,ichi1
なふさ,な,さ,0,high,gai1
ちりよう,ち,う,0,high,ichi1|news1|nf02
たすける,た,る,0,high,ichi1|news1|nf20
こうせいろうどうしよう,こ,う,0,high,spec1
いこう,い,う,0,high,ichi1|news1|nf01|nf04|nf14|nf20
ふれつしゆまん,ふ,ん,0,high,gai1
ぼうりんぐ,ぼ,ぐ,0,high,spec1
しんぽじうむ,し,む,0,high,gai1|ichi1
しゆうかんし,し,し,0,high,ichi1
とらんす,と,す,0,high,gai1
いきおい,い,い,0,high,ichi1|news1|nf03
ぞうよ,ぞ,よ,0,high,ichi1|news1|nf19
ていがくねん,て,ん,0,high,news1|nf18
しんやく,し,く,0,high,news1|nf15
そうしや,そ,や,0,high,news1|nf05|nf12
れいきん,れ,ん,0,high,ichi1|news2|nf33
ばすてい,ば,い,0,high,ichi1
きんもつ,き,つ,0,high,ichi1|news1|nf23
のりだす,の,す,0,high,ichi1|news2|nf40
ていしよう,て,う,0,high,news1|nf14
ひやす,ひ,す,0,high,ichi1|news1|nf24
ふるぎ,ふ,ぎ,0,high,news1|nf20
ほころびる,ほ,る,0,high,ichi1
げんしりよく,げ,く,0,high,ichi1|news1|nf02
はつぴい,は,い,0,high,gai1
やくわり,や,り,0,high,ichi1|news1|nf01
ひきあげ,ひ,げ,0,high,news1|nf03
なだれ,な,れ,0,high,ichi1|news1|nf20
じんみんせんせん,じ,ん,0,high,news1|nf19
かあにばる,か,る,0,high,gai1
うちあい,う,い,0,high,news1|nf21
なだ,な,だ,0,high,ichi1|news1|nf04|nf12
むしば,む,ば,0,high,ichi1|news1|nf17
こんふいぎゆれえしよん,こ,ん,0,high,gai1
れとりつく,れ,く,0,high,gai1
ろんじや,ろ,や,0,high,news1|nf10
ふうしゆう,ふ,う,0,high,news1|nf21
すくえあ,す,あ,0,high,gai1
たいしつ,た,つ,0,high,ichi1|news1|nf04
わいわい,わ,い,0,high,ichi1
べきではない,べ,い,0,high,spec1
かせいふ,か,ふ,0,high,news1|nf19
まうす,ま,す,0,high,gai1
こあら,こ,ら,0,high,gai1
けんしよう,け,う,0,high,ichi1|news1|nf06|nf09|nf14|nf20
いれぶん,い,ん,0,high,gai1
とうしよく,と,く,0,high,ichi1
じようよう,じ,う,0,high,ichi1|news1|nf16
してん,し,ん,0,high,ichi1|news1|nf02|nf04
ぱぱいや,ぱ,や,0,high,spec1
じつし,じ,し,0,high,ichi1|news1|nf01|nf24
してき,し,き,0,high,ichi1|news1|nf04|nf07
ととのつた,と,た,0,high,news1|nf08
ゆうとうせい,ゆ,い,0,high,ichi1|news1|nf18
ぜんちよう,ぜ,う,0,high,news1|nf17|nf18
ひとあじちがう,ひ,う,0,high,spec1
ろうどうしよう,ろ,う,0,high,news1|nf05
いちじ,い,じ,0,high,ichi1|news1|nf01|nf21
そうり,そ,り,0,high,ichi1|news1|nf02
すとおりい,す,い,0,high,gai1
みようにち,み,ち,0,high,ichi1|news1|nf05
あれるぎい,あ,い,0,high,gai1|ichi1
しゆうとく,し,く,0,high,ichi1|news1|news2|nf21|nf39
あずい,あ,い,0,high,ichi1|news2|nf34
ぎやくてん,ぎ,ん,0,high,news1|nf03
しようじ,し,じ,0,high,ichi1|news1|news2|nf09|nf10|nf17|nf25
おおとめえしよん,お,ん,0,high,gai1|ichi1
ちようてん,ち,ん,0,high,ichi1|news1|nf08
じゆんきん,じ,ん,0,high,news1|nf23
ほこう,ほ,う,0,high,news1|nf10
れいすい,れ,い,0,high,ichi1|news1|nf20
なつやすみ,な,み,0,high,ichi1|news1|nf05
でもない,で,い,0,high,spec1
ばらあど,ば,ど,0,high,gai1
がつかり,が,り,0,high,ichi1|spec1
ほじ,ほ,じ,0,high,news1|nf07
めいれい,め,い,0,high,ichi1|news1|nf04
どもる,ど,る,0,high,ichi1
まりいん,ま,ん,0,high,gai1
せいはんたい,せ,い,0,high,news1|nf20
ねんが,ね,が,0,high,ichi1|news1|nf22
わかい,わ,い,0,high,ichi1|news1|news2|nf03|nf30
せんぎよう,せ,う,0,high,news1|nf10
かり,か,り,0,high,ichi1|news1|nf15|nf18|nf22
らんす,ら,す,0,high,gai1
ぺつと,ぺ,と,0,high,gai1
かわあい,か,い,0,high,ichi1|news2|nf32
はらいこむ,は,む,0,high,ichi1|news2|nf41
のうきよう,の,う,0,high,ichi1|news1|nf04
しようげき,し,き,0,high,ichi1|news1|nf05
ほら,ほ,ら,0,high,ichi1|news1|nf13|spec1
うちき,う,き,0,high,ichi1|news2|nf47
ひつてき,ひ,き,0,high,ichi1|news1|nf10
ぐあい,ぐ,い,0,high,ichi1|news1|nf07
おもてどおり,お,り,0,high,ichi1|news2|nf37
ごおるらいん,ご,ん,0,high,gai1
ふおおめえしよん,ふ,ん,0,high,gai1
しよしよ,し,よ,0,high,ichi1|news2|nf32
らいなあ,ら,あ,0,high,gai1
はへい,は,い,0,high,news1|nf08
かつ,か,つ,0,high,gai1|ichi1|news2|nf28|spec1
けいばい,け,い,0,high,news1|nf13
てぐさり,て,り,0,high,ichi1|news1|nf22
きようみぶかい,き,い,0,high,news2|nf34|spec1
けんぶつにん,け,ん,0,high,ichi1|news2|nf30
じんちゆう,じ,う,0,high,news1|nf20
わいろ,わ,ろ,0,high,ichi1|news2|nf36
いんふおめえしよん,い,ん,0,high,gai1
りんしつ,り,つ,0,high,news1|nf24
たいよう,た,う,0,high,ichi1|news1|nf04|nf10
じよぎんぐ,じ,ぐ,0,high,gai1|ichi1
きゆうちゆう,き,う,0,high,news1|nf15
こぴい,こ,い,0,high,gai1|ichi1
しゆほう,し,う,0,high,news1|nf04|nf16
ちゆうにち,ち,ち,0,high,news1|nf07|nf08
ふつく,ふ,く,0,high,gai1
とらんじすた,と,た,0,high,gai1
はつきゆう,は,う,0,high,news1|nf16
まいあみ,ま,み,0,high,gai1
うどん,う,ん,0,high,ichi1
なぐさめる,な,る,0,high,ichi1
おじ,お,じ,0,high,ichi1|news1|nf09|nf16|nf23
しよく,し,く,0,high,news1|nf06|nf07|nf09
えぴそおど,え,ど,0,high,gai1
よそみ,よ,み,0,high,ichi1
あんず,あ,ず,0,high,news1|nf24
しゆうしよく,し,く,0,high,ichi1|news1|nf03
ほつさ,ほ,さ,0,high,ichi1|news1|nf10
ぶつてき,ぶ,き,0,high,news1|nf22
らち,ら,ち,0,high,spec1
かんしよう,か,う,0,high,ichi1|news1|nf09|nf12|nf19|nf24
ほこり,ほ,り,0,high,ichi1|news1|nf07
いいかげんにしろ,い,ろ,0,high,spec1
きざい,き,い,0,high,news1|nf12|nf23
しゆはん,し,ん,0,high,news1|nf21|nf24
じよしこうせい,じ,い,0,high,spec1
えあめえる,え,る,0,high,ichi1
じんそく,じ,く,0,high,news1|nf12
めいはく,め,く,0,high,ichi1|news1|nf10
まとも,ま,も,0,high,ichi2|spec1
れがつた,れ,た,0,high,gai1
きやびん,き,ん,0,high,gai1
かいいき,か,き,0,high,news1|nf08
まあけつと,ま,と,0,high,gai1|ichi1
しようぞう,し,う,0,high,news1|nf10
にこにこ,に,こ,0,high,ichi1|spec1
ばあがあ,ば,あ,0,high,gai1
しあとる,し,る,0,high,gai1
つるす,つ,す,0,high,ichi1
むせいげん,む,ん,0,high,ichi1|news1|nf19
ずのう,ず,う,0,high,ichi1|news1|nf14
ねんだい,ね,い,0,high,ichi1|news1|nf07
すつと,す,と,0,high,ichi1
めも,め,も,0,high,gai1|ichi1
はしご,は,ご,0,high,ichi1
ちやくち,ち,ち,0,high,news1|nf22
はあふたいむ,は,む,0,high,gai1
けつえき,け,き,0,high,ichi1|news1|nf05
さいにん,さ,ん,0,high,news1|nf21
まうんど,ま,ど,0,high,gai1
げつさん,げ,ん,0,high,news1|nf18
たちまち,た,ち,0,high,ichi1
やむをえない,や,い,0,high,ichi2|spec1
あめがふる,あ,る,0,high,spec1
ぎやら,ぎ,ら,0,high,gai1
ちくしよお,ち,お,0,high,ichi1
がしん,が,ん,0,high,ichi1|news1|nf22
けんてい,け,い,0,high,ichi1|news1|nf07
がやがや,が,や,0,high,ichi1
しゆじく,し,く,0,high,news1|nf12
じぞう,じ,う,0,high,news1|nf21
もろい,も,い,0,high,ichi1
しゆうと,し,と,0,high,gai1|ichi1|news1|news2|nf13|nf16|nf36
じやあじい,じ,い,0,high,gai1
ろんぶん,ろ,ん,0,high,ichi1|news1|nf04
さく,さ,く,0,high,ichi1|news1|nf07|nf13|spec1
けえおお,け,お,0,high,gai1
ぐんじ,ぐ,じ,0,high,ichi1|news1|nf01
でいすかうんと,で,と,0,high,gai1
よこで,よ,で,0,high,news1|nf18
よろこび,よ,び,0,high,ichi1|news1|nf04
それほど,そ,ど,0,high,ichi1|spec1
ほえる,ほ,る,0,high,ichi1
てれびばんぐみ,て,み,0,high,spec1
つばくらめ,つ,め,0,high,ichi1|news1|nf21
いとしい,い,い,0,high,ichi1|news1|nf14
げつない,げ,い,0,high,news1|nf17
まるめこむ,ま,む,0,high,ichi1
じみんとう,じ,う,0,high,news1|nf01
さいばん,さ,ん,0,high,ichi1|news1|nf01
おうじる,お,る,0,high,ichi1|news1|nf06
きんゆうちよう,き,う,0,high,spec1
しゆつげん,し,ん,0,high,ichi1|news1|nf11
まがりかど,ま,ど,0,high,ichi1|news1|nf18
ねんれいそう,ね,う,0,high,news1|nf16
あつつあつつ,あ,つ,0,high,spec1
くぎり,く,り,0,high,news1|nf12
かげのないかく,か,く,0,high,news1|nf14
すぴん,す,ん,0,high,gai1
つれる,つ,る,0,high,ichi1|news1|nf16
しなもの,し,の,0,high,ichi1|news1|nf14
きご,き,ご,0,high,ichi1|news1|nf19
ふるう,ふ,う,0,high,ichi1|news2|nf34
つとめて,つ,て,0,high,ichi1
ごかん,ご,ん,0,high,news1|nf19
もざんびいく,も,く,0,high,gai1
いろどる,い,る,0,high,news1|nf21
とくてん,と,ん,0,high,news1|nf03|nf19
こうえき,こ,き,0,high,news1|nf12|nf17
ついで,つ,で,0,high,ichi1|news1|news2|nf19|nf39
あり,あ,り,0,high,ichi1|news2|nf38
おみやげ,お,げ,0,high,ichi1
ふもう,ふ,う,0,high,ichi1|news2|nf26
めいかい,め,い,0,high,news1|nf11
ぐんじゆ,ぐ,ゆ,0,high,ichi1|news1|nf11|nf14
かいよう,か,う,0,high,ichi1|news1|nf05
たいとる,た,る,0,high,gai1
えくすてんしよん,え,ん,0,high,gai1
えれくとりつく,え,く,0,high,gai1
ふいりぴん,ふ,ん,0,high,spec1
しゆじんこう,し,う,0,high,news1|nf05
おろしうりしじよう,お,う,0,high,news1|nf22
りりいふ,り,ふ,0,high,gai1
きてん,き,ん,0,high,news1|nf16
にゆうがくしけん,に,ん,0,high,spec1
ちやや,ち,や,0,high,news1|nf20
さいきよう,さ,う,0,high,ichi1|news1|nf11
さいき,さ,き,0,high,ichi1|news1|nf20
ちゆうえつ,ち,つ,0,high,news1|nf15
ほんかく,ほ,く,0,high,news1|nf03
うまる,う,る,0,high,ichi1|news2|nf28
りよくしよく,り,く,0,high,ichi1|news1|nf14
うんちん,う,ん,0,high,ichi1|news1|nf06
てんぐ,て,ぐ,0,high,news2|nf26|spec1
ひまがない,ひ,い,0,high,spec1
なんにんか,な,か,0,high,spec1
やきとり,や,り,0,high,ichi1|news2|nf27
ぶんぐ,ぶ,ぐ,0,high,news1|nf21
せんこう,せ,う,0,high,ichi1|news1|nf03|nf05
なんねん,な,ん,0,high,spec1
ひきわたす,ひ,す,0,high,news1|nf20
うえき,う,き,0,high,ichi1|news1|nf17
かんきようちよう,か,う,0,high,news1|nf03
まちがい,ま,い,0,high,ichi1|news1|nf07
しようし,し,し,0,high,ichi1|news1|nf15|nf17
こくもつ,こ,つ,0,high,ichi1|news1|nf11
ふいんらんど,ふ,ど,0,high,gai1
みせば,み,ば,0,high,news1|nf23
ぼぶ,ぼ,ぶ,0,high,gai1
きがる,き,る,0,high,ichi1|news1|nf10
にだい,に,い,0,high,news1|nf17
けいじようりえき,け,き,0,high,news1|nf05
よにん,よ,ん,0,high,news1|nf17|spec1
そうかいや,そ,や,0,high,news1|nf06
ちし,ち,し,0,high,news1|nf21
たいかく,た,く,0,high,ichi1|news1|nf16
かるた,か,た,0,high,ichi1
しゆくが,し,が,0,high,news1|nf11
こうぶんしよ,こ,よ,0,high,news1|nf12
はつちようせん,は,ん,0,high,spec1
とうびよう,と,う,0,high,news1|nf16
ゆうりよう,ゆ,う,0,high,ichi1|news1|nf07|nf09
にんまえ,に,え,0,high,ichi1
ちふす,ち,す,0,high,gai1
うしろすがた,う,た,0,high,news1|nf24
ばいきんぐ,ば,ぐ,0,high,gai1
ゆうび,ゆ,び,0,high,news1|nf20
さいけつ,さ,つ,0,high,ichi1|news1|nf04|nf16
けつえん,け,ん,0,high,ichi1|news1|nf17
れすと,れ,と,0,high,gai1
しゆうだん,し,ん,0,high,ichi1|news1|nf02
はなびたいかい,は,い,0,high,spec1
うちこむ,う,む,0,high,ichi1|news1|nf21
うい,う,い,0,high,ichi1|news1|nf01
すかいらいん,す,ん,0,high,gai1
おにごつこ,お,こ,0,high,spec1
にゆうせき,に,き,0,high,ichi1|news2|nf39
ちゆうしやじよう,ち,う,0,high,ichi1|news1|nf05
うんきゆう,う,う,0,high,ichi1|news2|nf29
すいそ,す,そ,0,high,ichi1|news1|nf11
ぷうたろお,ぷ,お,0,high,spec1
ひとりまえ,ひ,え,0,high,ichi1|news1|nf16
きよくいん,き,ん,0,high,news1|nf15
さだか,さ,か,0,high,news1|nf20
かくにん,か,ん,0,high,ichi1|news1|nf03
れくちやあ,れ,あ,0,high,gai1
きゆうか,き,か,0,high,ichi1|news1|nf05
ぶおんな,ぶ,な,0,high,ichi1
ないすばでい,な,い,0,high,spec1
むすめ,む,め,0,high,ichi1|news1|nf02
どよめく,ど,く,0,high,ichi1
かんようく,か,く,0,high,ichi1|news2|nf47
こうくうけん,こ,ん,0,high,ichi1
にたいして,に,て,0,high,spec1
あめりかじん,あ,ん,0,high,spec1
いる,い,る,0,high,ichi1|news2|nf27|spec1
ふきだす,ふ,す,0,high,ichi1|news1|nf24
あまり,あ,り,0,high,ichi1|news1|nf15
へだて,へ,て,0,high,news1|nf21
せんけつ,せ,つ,0,high,ichi1|news1|nf13
ぶなん,ぶ,ん,0,high,ichi1|news1|nf15
ほうぶる,ほ,る,0,high,ichi1|news2|nf26
しやげき,し,き,0,high,news1|nf13
まねきん,ま,ん,0,high,gai1
ちえりい,ち,い,0,high,gai1
しゆと,し,と,0,high,ichi1|news1|nf02
ほんや,ほ,や,0,high,ichi1|news1|nf17
きせい,き,い,0,high,ichi1|news1|news2|nf01|nf07|nf11|nf17|nf18|nf33|nf42
くにがら,く,ら,0,high,news1|nf24
くさわら,く,ら,0,high,ichi1|news1|nf13
ふぜい,ふ,い,0,high,news1|nf20
せんい,せ,い,0,high,ichi1|news1|nf05
おうしつ,お,つ,0,high,news1|nf13
げんさく,げ,く,0,high,ichi1|news1|nf06
ながあめ,な,め,0,high,news1|nf18
りきがく,り,く,0,high,news1|nf20
びつしより,び,り,0,high,ichi1
れこおでいんぐ,れ,ぐ,0,high,gai1
したい,し,い,0,high,ichi1|news1|nf06|spec1
うんどうぶそく,う,く,0,high,spec1
ゆういつ,ゆ,つ,0,high,ichi1|news1|nf03
ぜんいき,ぜ,き,0,high,news1|nf08
はぐ,は,ぐ,0,high,ichi1
ほうらく,ほ,く,0,high,news1|nf21
せいしきめいしよう,せ,う,0,high,spec1
うらずける,う,る,0,high,news2|nf46|spec1
ひきがね,ひ,ね,0,high,ichi1|news1|nf09
かたまり,か,り,0,high,ichi1|news1|news2|nf11|nf27
ほんのう,ほ,う,0,high,ichi1|news1|nf17
おおぷん,お,ん,0,high,gai1|ichi1
かけつける,か,る,0,high,news1|nf20
しやしんか,し,か,0,high,spec1
れえだあ,れ,あ,0,high,gai1
がいどぶつく,が,く,0,high,gai1
こんわ,こ,わ,0,high,news1|nf16
ろうどうじようけん,ろ,ん,0,high,news1|nf12
ぷち,ぷ,ち,0,high,gai1
のやま,の,ま,0,high,news1|nf18
はつでんしよ,は,よ,0,high,ichi1|news1|nf06
わろ,わ,ろ,0,high,news1|nf14
こがた,こ,た,0,high,ichi1|news1|nf05
いえあるじ,い,じ,0,high,ichi1|news1|nf20
ぱわあすてありんぐ,ぱ,ぐ,0,high,gai1
がくせつ,が,つ,0,high,ichi1|news1|nf20
おてんき,お,き,0,high,spec1
なぽれおん,な,ん,0,high,gai1
なくてはいけません,な,ん,0,high,spec1
ゆうがい,ゆ,い,0,high,ichi1|news1|nf09
くりいれ,く,れ,0,high,news1|nf24|spec1
だろう,だ,う,0,high,spec1
きようち,き,ち,0,high,news1|nf17
ふるほんや,ふ,や,0,high,spec1
おおぎ,お,ぎ,0,high,news1|nf12
じはく,じ,く,0,high,ichi1|news1|nf11
きまま,き,ま,0,high,ichi1
ぷらんにんぐ,ぷ,ぐ,0,high,gai1
かつぷりんぐしゆがあ,か,あ,0,high,gai1
みじん,み,ん,0,high,spec1
かご,か,ご,0,high,ichi1|news1|nf23|spec1
ずざん,ず,ん,0,high,ichi1
あさ,あ,さ,0,high,ichi1|news1|nf08|nf09
くるむ,く,む,0,high,ichi1
いちず,い,ず,0,high,news1|nf12
ほんとうに,ほ,に,0,high,ichi1
もうがつこう,も,う,0,high,news1|nf23
ばあじにあ,ば,あ,0,high,gai1
しんりようじよ,し,よ,0,high,ichi1
みにまむ,み,む,0,high,gai1
たてかえる,た,る,0,high,ichi1|news2|nf44
すいさんぶつ,す,つ,0,high,news1|nf19
かつかい,か,い,0,high,news1|nf21
しやあべつと,し,と,0,high,gai1
なかなか,な,か,0,high,ichi1|spec1
はやね,は,ね,0,high,ichi1|news2|nf45
ふしあわせ,ふ,せ,0,high,ichi1
しゆうねん,し,ん,0,high,ichi1|news1|nf02|nf11
つきあたる,つ,る,0,high,ichi1|news2|nf39
たすけあい,た,い,0,high,news1|nf24
ぷろだくしよん,ぷ,ん,0,high,gai1
すぺえすしやとる,す,る,0,high,gai1
しよざいち,し,ち,0,high,news1|nf14
にじゆうににち,に,ち,0,high,spec1
じやまいか,じ,か,0,high,gai1
つうさんしよう,つ,う,0,high,ichi1|news1|nf02|nf05
ちやあたあ,ち,あ,0,high,gai1
そなた,そ,た,0,high,gai1
そうぞう,そ,う,0,high,ichi1|news1|nf07
しゆうるれありずむ,し,む,0,high,gai1
いちざ,い,ざ,0,high,news1|nf19
がいする,が,る,0,high,ichi1|news2|nf29
くない,く,い,0,high,news1|nf04
めたる,め,る,0,high,gai1
ちようだ,ち,だ,0,high,news1|nf10
ぶりき,ぶ,き,0,high,gai1
とらふ,と,ふ,0,high,gai1
はいきゆう,は,う,0,high,news1|nf09|nf20
あすふあると,あ,と,0,high,gai1|ichi1
のびやか,の,か,0,high,ichi1|news2|nf32
かがく,か,く,0,high,ichi1|news1|nf02|nf04
まつしよう,ま,う,0,high,ichi1|news2|nf30
ちぶさ,ち,さ,0,high,news1|nf19
からす,か,す,0,high,ichi1|news1|nf22|spec1
どういつ,ど,つ,0,high,ichi1|news1|nf04
はびこる,は,る,0,high,ichi1
きぶん,き,ん,0,high,ichi1|news1|nf03
ちゆういほう,ち,う,0,high,news1|nf21
ふあいばあ,ふ,あ,0,high,gai1
みがわり,み,り,0,high,news1|nf23
むきげん,む,ん,0,high,ichi1|news1|nf14
なんだい,な,い,0,high,news1|nf13
はつぱ,は,ぱ,0,high,ichi1|news2|nf34
ぜんだいみもん,ぜ,ん,0,high,news1|nf17
からくち,か,ち,0,high,ichi1|news1|nf16
もち,も,ち,0,high,ichi1|news1|nf07|nf19
えいようそ,え,そ,0,high,news1|nf24
とりしまる,と,る,0,high,ichi1|news2|nf38
ねざす,ね,す,0,high,news1|news2|nf18|nf27
あくとく,あ,く,0,high,news1|nf23
もぎしけん,も,ん,0,high,ichi1
しゆうせき,し,き,0,high,news1|nf11
ちやつこう,ち,う,0,high,news1|nf08
みつともない,み,い,0,high,ichi1
ながうた,な,た,0,high,news1|nf24
じようじよう,じ,う,0,high,news1|nf04|nf13
ぜいがく,ぜ,く,0,high,news1|nf09
ぱいなつぷる,ぱ,る,0,high,gai1|ichi1
きんせき,き,き,0,high,news1|nf19
かくせいざい,か,い,0,high,ichi1|news1|nf08
けんがい,け,い,0,high,news1|nf19
とれんど,と,ど,0,high,gai1
ほんちよう,ほ,う,0,high,news1|nf24
ほんとお,ほ,お,0,high,ichi1|news1|nf02
しいつ,し,つ,0,high,gai1|ichi1
くろれら,く,ら,0,high,gai1
ぼうはてい,ぼ,い,0,high,news1|nf24
りきせつ,り,つ,0,high,news1|nf10
やもめ,や,め,0,high,ichi1|news2|nf44
ほつぽう,ほ,う,0,high,news1|nf02
そえる,そ,る,0,high,ichi1
あずかりじよ,あ,よ,0,high,ichi1
きようげん,き,ん,0,high,news1|nf08
つむる,つ,る,0,high,ichi1
いつさくねん,い,ん,0,high,ichi1|news1|nf02
りにあもおたあかあ,り,あ,0,high,gai1
もの,も,の,0,high,gai1|ichi1|spec1
あいかわらず,あ,ず,0,high,ichi1|news1|nf07
みにくい,み,い,0,high,ichi1|news2|nf26
ぜいしゆう,ぜ,う,0,high,news1|nf05
かね,か,ね,0,high,ichi1|news1|nf12|spec1
こくし,こ,し,0,high,news1|nf17
きほんてき,き,き,0,high,news1|nf03
まえうり,ま,り,0,high,ichi1|news1|nf13
えすてさろん,え,ん,0,high,spec1
ほうしん,ほ,ん,0,high,ichi1|news1|nf01
そのへん,そ,ん,0,high,spec1
ふろ,ふ,ろ,0,high,ichi1|news1|nf23
ろうどうくみあい,ろ,い,0,high,news1|nf06
さいだい,さ,い,0,high,ichi1|news1|nf01
しゆくだい,し,い,0,high,ichi1|news1|nf13
ぼおど,ぼ,ど,0,high,gai1
きつど,き,ど,0,high,gai1
さくぶん,さ,ん,0,high,ichi1|news1|nf09
くれおそおと,く,と,0,high,gai1
なにをかくそう,な,う,0,high,spec1
ぼおる,ぼ,る,0,high,gai1|ichi1
かなわない,か,い,0,high,ichi1
わあるど,わ,ど,0,high,gai1
ろくおんてえぷ,ろ,ぷ,0,high,ichi1|news1|nf24
しなやか,し,か,0,high,ichi1
ぶおけ,ぶ,け,0,high,ichi1
まつくろ,ま,ろ,0,high,ichi1|spec1
とり,と,り,0,high,ichi1|news1|news2|nf04|nf14|nf32|spec1
によつてことなる,に,る,0,high,spec1
ほしやく,ほ,く,0,high,news1|nf11
だんこう,だ,う,0,high,news1|nf05|nf14
うらがわ,う,わ,0,high,news1|nf11
ざらざら,ざ,ら,0,high,ichi1|spec1
かなしい,か,い,0,high,ichi1|news2|nf35
れべる,れ,る,0,high,gai1|ichi1
おなじみ,お,み,0,high,spec1
たいしようがい,た,い,0,high,spec1
くろおく,く,く,0,high,gai1
にほんだて,に,て,0,high,news1|nf17
ししよく,し,く,0,high,news1|nf20|nf23
ふくせん,ふ,ん,0,high,news1|nf22
じんどうしゆぎ,じ,ぎ,0,high,ichi1|news2|nf32
りんかい,り,い,0,high,news1|nf09|nf18
とむ,と,む,0,high,ichi1|news2|nf26
ひふか,ひ,か,0,high,news1|nf23
とうとう,と,う,0,high,ichi1|news1|nf22
ろおどれえす,ろ,す,0,high,gai1
ごぶさた,ご,た,0,high,ichi1|spec1
かおみしり,か,り,0,high,news1|nf22
じよく,じ,く,0,high,ichi1|news1|nf12
しゆつか,し,か,0,high,ichi1|news1|nf06|nf12
まだしも,ま,も,0,high,spec1
ちやく,ち,く,0,high,ichi1|news1|nf07|nf12
きやらくたあ,き,あ,0,high,gai1
とらんすぽんだあ,と,あ,0,high,gai1
とくしゆほうじん,と,ん,0,high,news1|nf12
あいたい,あ,い,0,high,news1|nf14
しんよ,し,よ,0,high,ichi1|news2|nf42|spec2
かくずけ,か,け,0,high,news1|nf18
くらん,く,ん,0,high,gai1
がつくり,が,り,0,high,spec1
せんしんこく,せ,く,0,high,ichi1|news1|nf02
あつかん,あ,ん,0,high,news1|nf22
けむたい,け,い,0,high,ichi1
すうりよう,す,う,0,high,ichi1|news1|nf07
くれいじい,く,い,0,high,spec1
つきよ,つ,よ,0,high,ichi1|news2|nf42
こりる,こ,る,0,high,ichi1|news2|nf39
りべらる,り,る,0,high,gai1
じゆうぶん,じ,ん,0,high,ichi1|news1|nf02|spec1
しゆみ,し,み,0,high,ichi1|news1|nf05
もちろん,も,ん,0,high,ichi1
ばいしよう,ば,う,0,high,ichi1|news1|nf03
てぬき,て,き,0,high,news1|nf20
りぶ,り,ぶ,0,high,gai1
ろうそく,ろ,く,0,high,ichi1
ひらたい,ひ,い,0,high,ichi1|news2|nf41
にくい,に,い,0,high,ichi1|news2|nf28
しやかいしほん,し,ん,0,high,news1|nf09
かいげんれい,か,い,0,high,news1|nf24
やたい,や,い,0,high,news1|nf14
ひるね,ひ,ね,0,high,ichi1|news1|nf22
とぼける,と,る,0,high,ichi1
れず,れ,ず,0,high,gai1
ふおあまん,ふ,ん,0,high,gai1
ほのるる,ほ,る,0,high,gai1
のびなやむ,の,む,0,high,news1|nf18
ぷらいべえと,ぷ,と,0,high,gai1
えつとう,え,う,0,high,news1|nf22
しごと,し,と,0,high,ichi1|news1|nf01
ちゆうじつ,ち,つ,0,high,ichi1|news1|nf11
はながた,は,た,0,high,news1|nf17
ちくさん,ち,ん,0,high,news1|nf15
ひでえ,ひ,え,0,high,ichi1
じやいろすこおぷ,じ,ぷ,0,high,gai1
ふおおらむ,ふ,む,0,high,gai1
ばいう,ば,う,0,high,ichi1|news1|nf13
えいぎようじかん,え,ん,0,high,spec1
かめれおん,か,ん,0,high,gai1
おちる,お,る,0,high,ichi1|news1|nf10
たのもしい,た,い,0,high,ichi1|news2|nf43
しつりよう,し,う,0,high,ichi1|news1|nf17
れとろ,れ,ろ,0,high,gai1
えんめい,え,い,0,high,news1|nf14
しりあす,し,す,0,high,gai1
ていいん,て,ん,0,high,ichi1|news1|nf04|nf07
じゆうにぶん,じ,ん,0,high,news1|nf18
すぴいでいい,す,い,0,high,gai1
みじか,み,か,0,high,ichi1|news1|nf24
とうと,と,と,0,high,news1|nf21
しつせき,し,き,0,high,news1|nf15
かんりにん,か,ん,0,high,spec1
いためる,い,る,0,high,ichi1|news1|nf20|spec1
こうご,こ,ご,0,high,ichi1|news1|news2|nf14|nf28
そうし,そ,し,0,high,ichi1|news1|nf13|nf20
ぎりしや,ぎ,や,0,high,spec1
さいしゆつ,さ,つ,0,high,news1|nf06
けど,け,ど,0,high,spec1
ふらんく,ふ,く,0,high,gai1
どくたあ,ど,あ,0,high,gai1|ichi1
どうしゆ,ど,ゆ,0,high,news1|nf12
かせき,か,き,0,high,ichi1|news1|nf08
いぞく,い,く,0,high,news1|nf03
ぴんぴん,ぴ,ん,0,high,ichi1
ろぼつと,ろ,と,0,high,gai1|ichi1
あぶない,あ,い,0,high,ichi1|news2|nf39
ふくめる,ふ,る,0,high,ichi1
てん,て,ん,0,high,gai1|ichi1|news1|nf03|nf05|nf22
とこのま,と,ま,0,high,ichi1|news1|nf20
むさべつ,む,つ,0,high,news1|nf13
まきし,ま,し,0,high,gai1
きようきやく,き,く,0,high,news1|nf23
てい,て,い,0,high,ichi1|news1|nf04
では,で,は,0,high,ichi1
こうがくぶ,こ,ぶ,0,high,ichi1
らんにんぐ,ら,ぐ,0,high,gai1|ichi1
ちじまる,ち,る,0,high,ichi1|news2|nf46
しゆつこく,し,く,0,high,ichi1|news1|nf11
ぎむ,ぎ,む,0,high,ichi1|news1|nf03
えんそう,え,う,0,high,ichi1|news1|nf03
おひさしぶり,お,り,0,high,spec1
きよくりよく,き,く,0,high,news1|nf22
じまえ,じ,え,0,high,news1|nf11
かえりみち,か,ち,0,high,news2|nf28|spec1
ふち,ふ,ち,0,high,ichi1|news1|nf05|nf16
みおろす,み,す,0,high,ichi1|news2|nf42
いつぱんてき,い,き,0,high,news1|nf05
ひだりて,ひ,て,0,high,ichi1|news1|nf10
じしゆ,じ,ゆ,0,high,ichi1|news1|news2|nf03|nf26
もじ,も,じ,0,high,ichi1|news1|nf03
きせる,き,る,0,high,ichi1|news2|nf34
きんいつ,き,つ,0,high,ichi1|news1|nf19
こおくすくりゆう,こ,う,0,high,gai1
せんしゆぼうえい,せ,い,0,high,news1|nf19
らい,ら,い,0,high,ichi1|news1|nf05
ひようげん,ひ,ん,0,high,ichi1|news1|nf02
きかせる,き,る,0,high,news1|nf22
おわりね,お,ね,0,high,news1|nf04
だし,だ,し,0,high,news1|nf19
でございます,で,す,0,high,spec1
ろてんぶろ,ろ,ろ,0,high,spec1
ゆうべん,ゆ,ん,0,high,news1|nf20
ぶしよう,ぶ,う,0,high,ichi1|news1|news2|nf22|nf45
みんしゆこく,み,く,0,high,news1|nf24
もでる,も,る,0,high,gai1|ichi1
ふりまわす,ふ,す,0,high,news1|nf15
たにん,た,ん,0,high,ichi1|news1|nf05
まかす,ま,す,0,high,ichi1|news1|nf13
へいほう,へ,う,0,high,ichi1|news2|nf34
ふじちやく,ふ,く,0,high,ichi1|news2|nf44
とるうぱあ,と,あ,0,high,gai1
じよきよ,じ,よ,0,high,news1|nf09
おく,お,く,0,high,ichi1|news1|news2|nf07|nf44
てんまんぐう,て,う,0,high,spec1
よこぎる,よ,る,0,high,ichi1|news2|nf35
とにかく,と,く,0,high,ichi1
しんずい,し,い,0,high,ichi1|news2|nf25
しようちよう,し,う,0,high,ichi1|news1|nf03|nf06
とつぷばつたあ,と,あ,0,high,gai1
しよち,し,ち,0,high,ichi1|news1|nf10
ゆり,ゆ,り,0,high,news1|nf11
ひやりんぐ,ひ,ぐ,0,high,gai1
にゆうめきしこ,に,こ,0,high,gai1
うたがわしい,う,い,0,high,ichi1|news1|nf21
ふんだ,ふ,だ,0,high,ichi1|news1|nf05
かきこむ,か,む,0,high,news1|nf20
ぺい,ぺ,い,0,high,gai1
ふさぐ,ふ,ぐ,0,high,ichi1
なな,な,な,0,high,ichi1|news1|nf01|spec1
ふろしき,ふ,き,0,high,ichi1
りんごく,り,く,0,high,news1|nf09
うちうち,う,ち,0,high,news1|nf22
うぶだし,う,し,0,high,news1|nf13
ぬくまる,ぬ,る,0,high,ichi1|news1|nf24
ふくとう,ふ,う,0,high,news1|nf18
おとる,お,る,0,high,ichi1|news2|nf26
ごこく,ご,く,0,high,news1|nf15
くさかり,く,り,0,high,news1|nf24
えんげき,え,き,0,high,ichi1|news1|nf04
ちつぷ,ち,ぷ,0,high,gai1
ぶんこう,ぶ,う,0,high,news1|nf21
ただす,た,す,0,high,ichi1|news2|nf46
えんせい,え,い,0,high,news1|nf10
こんぐろまあちやんと,こ,と,0,high,gai1
ちいさい,ち,い,0,high,ichi1|news1|nf24
おいかける,お,る,0,high,ichi2|spec1
ごうきん,ご,ん,0,high,news1|nf17
ほうてい,ほ,い,0,high,ichi1|news1|nf04|nf11
さんしゆつ,さ,つ,0,high,news1|nf22
どうい,ど,い,0,high,ichi1|news1|nf06
からだつき,か,き,0,high,ichi1|spec1
ぴかそ,ぴ,そ,0,high,gai1
まいねん,ま,ん,0,high,ichi1|news1|nf03
さあ,さ,あ,0,high,ichi1|spec1
のうえん,の,ん,0,high,news1|nf16
ころす,こ,す,0,high,ichi1|news1|nf06
ごがく,ご,く,0,high,ichi1|news1|nf10
はごたえ,は,え,0,high,news2|nf41|spec1
ぶういんぐ,ぶ,ぐ,0,high,gai1
はいふ,は,ふ,0,high,ichi1|news1|nf12
しゆうどういん,し,ん,0,high,news1|nf21
かうんたあ,か,あ,0,high,gai1
かくいん,か,ん,0,high,news1|nf14
なこうど,な,ど,0,high,ichi1|news1|nf21
すわりこみ,す,み,0,high,news1|nf23
かわる,か,る,0,high,ichi1|news1|news2|nf03|nf30
しゆうがく,し,く,0,high,news1|nf14
ふあつしよん,ふ,ん,0,high,gai1|ichi1
ええじえんと,え,と,0,high,gai1
おりがみ,お,み,0,high,ichi1|news1|nf20
しやてい,し,い,0,high,news1|nf12
じしやく,じ,く,0,high,ichi1|news1|nf19
かきこ,か,こ,0,high,spec1
にりゆう,に,う,0,high,ichi1|news2|nf33
かえす,か,す,0,high,ichi1|news1|news2|nf18|nf20|nf45
あがり,あ,り,0,high,ichi1|news1|nf08
はいぞく,は,く,0,high,ichi1|news2|nf28
しめん,し,ん,0,high,ichi1|news1|nf08
せいれき,せ,き,0,high,ichi1|news1|nf15
しよつぴんぐもおる,し,る,0,high,gai1
さいしよ,さ,よ,0,high,ichi1|news1|nf01
ほうあん,ほ,ん,0,high,news1|nf01
かない,か,い,0,high,ichi1|news1|nf20
おねがい,お,い,0,high,spec1
よそく,よ,く,0,high,news1|nf04
からあこおでいねえたあ,か,あ,0,high,gai1
ひとたち,ひ,ち,0,high,spec1
すれいぶ,す,ぶ,0,high,gai1
ぎせいしや,ぎ,や,0,high,news1|nf04
あつと,あ,と,0,high,gai1
へんちよう,へ,う,0,high,news1|nf14
しまる,し,る,0,high,ichi1|news2|nf42|nf45
らくてんてき,ら,き,0,high,ichi1|news2|nf37
えいぎようしよ,え,よ,0,high,news1|nf09
しやけ,し,け,0,high,news2|nf32|spec1
まとめ,ま,め,0,high,ichi1
もうちよう,も,う,0,high,ichi1|news2|nf36
すたん,す,ん,0,high,gai1
おもいやり,お,り,0,high,ichi1|news1|nf12
ざつと,ざ,と,0,high,ichi1
どらむ,ど,む,0,high,gai1
につきゆう,に,う,0,high,ichi1|news2|nf38
おひとりさま,お,ま,0,high,spec1
しりよう,し,う,0,high,ichi1|news1|nf02|nf13|nf15|nf23
ふひつよう,ふ,う,0,high,ichi1|news1|nf15
いじわる,い,る,0,high,ichi1|news2|nf37
おたわ,お,わ,0,high,gai1
かせつとてえぷ,か,ぷ,0,high,ichi1
ぎやくふう,ぎ,う,0,high,news1|nf11
ぼおなす,ぼ,す,0,high,gai1|ichi1
まゆ,ま,ゆ,0,high,ichi1|news1|nf22
なえる,な,る,0,high,spec1
たぬき,た,き,0,high,news2|nf33|spec1
にんせん,に,ん,0,high,news1|nf09
でざあと,で,と,0,high,gai1|ichi1
いさる,い,る,0,high,ichi1
とうない,と,い,0,high,news1|nf02|nf22
とうしゆ,と,ゆ,0,high,news1|nf01|nf02
ほうげき,ほ,き,0,high,news1|nf10
よだれ,よ,れ,0,high,ichi1
かぎり,か,り,0,high,ichi1|news1|nf11
ぽつどきやすと,ぽ,と,0,high,spec1
びえんなあれ,び,れ,0,high,gai1
じびき,じ,き,0,high,ichi1
ゆうわ,ゆ,わ,0,high,news1|nf12
みんしゆしゆぎ,み,ぎ,0,high,news1|nf03
ぼうくう,ぼ,う,0,high,news1|nf19
れいふく,れ,く,0,high,ichi1|news2|nf34
ぞうきばやし,ぞ,し,0,high,news1|nf16
ぶつしつてき,ぶ,き,0,high,news1|nf22
めらにん,め,ん,0,high,gai1
たいげえむ,た,む,0,high,gai1
ふらつしゆ,ふ,ゆ,0,high,gai1
ちようり,ち,り,0,high,ichi1|news1|nf08
おえる,お,る,0,high,ichi1|news1|nf06
まつくす,ま,す,0,high,gai1
ほくたん,ほ,ん,0,high,news1|nf21
こうねつひ,こ,ひ,0,high,ichi1|news2|nf32
なあばす,な,す,0,high,gai1
いちれい,い,い,0,high,news1|nf14
りよかん,り,ん,0,high,ichi1|news1|nf09
のびる,の,る,0,high,ichi1|news2|nf26
えんでいんぐ,え,ぐ,0,high,gai1
ぜん,ぜ,ん,0,high,ichi1|news1|nf05|nf17|nf18
むろん,む,ん,0,high,ichi1|news1|nf24
むすめむこ,む,こ,0,high,news1|nf20
かんぽうやく,か,く,0,high,ichi1|news1|nf18
いけ,い,け,0,high,ichi1|news1|nf05
とりしまりやく,と,く,0,high,ichi1|news1|nf03
かくべち,か,ち,0,high,ichi1|news1|nf19
じつしよう,じ,う,0,high,news1|nf16
いちにち,い,ち,0,high,ichi1|spec1
とうひよう,と,う,0,high,ichi1|news1|nf01
なくてはいけない,な,い,0,high,spec1
めんどくさい,め,い,0,high,ichi1|spec1
いつも,い,も,0,high,ichi1
まるつきり,ま,り,0,high,ichi1
やまのぼり,や,り,0,high,ichi1|news2|nf25
にほんがくじゆつかいぎ,に,ぎ,0,high,news1|nf21
わごむ,わ,む,0,high,ichi1|news2|nf44
ほたる,ほ,る,0,high,ichi1|news2|nf26
しきりに,し,に,0,high,ichi1
せいねんがつぴ,せ,ぴ,0,high,ichi1|news1|nf21
せんごく,せ,く,0,high,news1|nf14
うわさ,う,さ,0,high,ichi1|news1|nf24
ばくちく,ば,く,0,high,news1|nf23
うごかす,う,す,0,high,ichi1|news1|nf18
りみつと,り,と,0,high,gai1
すいじやく,す,く,0,high,news1|nf24
もうしたて,も,て,0,high,news1|nf09
もしもし,も,し,0,high,ichi1
ばれりいな,ば,な,0,high,gai1
べんむかん,べ,ん,0,high,news1|nf09
とらべらあずちえつく,と,く,0,high,gai1
じひつ,じ,つ,0,high,news1|nf21
ぜんつぜん,ぜ,ん,0,high,ichi1|news1|nf16
どうせい,ど,い,0,high,ichi1|news1|news2|nf20|nf24|nf40
ほんしよう,ほ,う,0,high,news1|nf17
いまいち,い,ち,0,high,spec1
みずくさい,み,い,0,high,ichi1
さにたりい,さ,い,0,high,gai1
やくいん,や,ん,0,high,news1|nf02
どんぐり,ど,り,0,high,spec1
ひいりんぐ,ひ,ぐ,0,high,spec1
こつた,こ,た,0,high,news1|nf21
あくる,あ,る,0,high,ichi1
かんせい,か,い,0,high,ichi1|news1|nf02|nf04|nf08|nf11
さまたげる,さ,る,0,high,ichi1|news2|nf39
きようりゆう,き,う,0,high,news1|nf08
えきか,え,か,0,high,news1|nf19
おさん,お,ん,0,high,news1|nf22
とおり,と,り,0,high,ichi1
たいむ,た,む,0,high,gai1|ichi1
しきんぐり,し,り,0,high,news1|nf11
きえる,き,る,0,high,ichi1|news2|nf39
こうのう,こ,う,0,high,news1|nf22
おかえりなさい,お,い,0,high,ichi1
しよつちゆう,し,う,0,high,ichi1
しやくしよ,し,よ,0,high,ichi1|news1|nf10
しようどう,し,う,0,high,ichi1|news1|nf20|nf21
しんしや,し,や,0,high,news1|nf08
げんだいしやかい,げ,い,0,high,spec1
まんが,ま,が,0,high,ichi1|news1|nf05|spec1
あしばや,あ,や,0,high,news1|nf22
じこかんり,じ,り,0,high,spec1
ばりばり,ば,り,0,high,spec1
あなた,あ,た,0,high,ichi1|news2|nf28
ですが,で,が,0,high,spec1
しいえむ,し,む,0,high,spec1
おてすう,お,う,0,high,spec1
ふもと,ふ,と,0,high,ichi1|news2|nf28
だつさんしん,だ,ん,0,high,news1|nf12
ともに,と,に,0,high,ichi1|news1|nf07
まどんな,ま,な,0,high,gai1
りつぽう,り,う,0,high,ichi1|news1|nf04
ゆうけんしや,ゆ,や,0,high,ichi1|news1|nf03
すといつく,す,く,0,high,gai1
くわえる,く,る,0,high,ichi1|news1|nf24
はつする,は,る,0,high,gai1|ichi1|news1|nf22
ぎようざ,ぎ,ざ,0,high,ichi1|news2|nf45
とちようちよう,と,う,0,high,spec1
ございます,ご,す,0,high,spec1
こうえん,こ,ん,0,high,ichi1|news1|nf02|nf03
かんかく,か,く,0,high,ichi1|news1|nf03|nf04|nf11
きない,き,い,0,high,spec1
うらおもて,う,て,0,high,ichi1|news2|nf27
さかて,さ,て,0,high,news1|nf19
ぶり,ぶ,り,0,high,ichi1
はいてく,は,く,0,high,gai1
そうび,そ,び,0,high,ichi1|news1|news2|nf06|nf27
はあどかばあ,は,あ,0,high,gai1
たにま,た,ま,0,high,news1|nf17
とびこみ,と,み,0,high,news1|nf18
にゆうよおかあ,に,あ,0,high,gai1
さいくりんぐ,さ,ぐ,0,high,gai1
にちようひん,に,ん,0,high,ichi1|news1|nf20
へんぴん,へ,ん,0,high,news2|nf29|spec1
すいり,す,り,0,high,ichi1|news1|nf18|nf23
かいし,か,し,0,high,ichi1|news1|nf02
こまかいこと,こ,と,0,high,spec1
いちりゆう,い,う,0,high,ichi1|news1|nf07
せつく,せ,く,0,high,ichi1|news2|nf36
とうばん,と,ん,0,high,ichi1|news1|nf08|nf21
たんじかん,た,ん,0,high,news1|nf11
たいむず,た,ず,0,high,gai1
ふきそ,ふ,そ,0,high,news1|nf14
けんじん,け,ん,0,high,news1|nf13
おおあきない,お,い,0,high,news1|nf16
びようり,び,り,0,high,news1|nf14
ぼおかりすと,ぼ,と,0,high,gai1
ちやくしゆ,ち,ゆ,0,high,ichi1|news1|nf18
はじる,は,る,0,high,ichi1|news2|nf37
そうるい,そ,い,0,high,news1|nf16
ぞうしよく,ぞ,く,0,high,news1|nf07
ききん,き,ん,0,high,ichi1|news1|news2|nf02|nf24|nf31
ぶつさん,ぶ,ん,0,high,news1|nf16
きやつとうおおく,き,く,0,high,gai1
わくない,わ,い,0,high,news1|nf09
なると,な,と,0,high,news1|nf22
ぷれすせんたあ,ぷ,あ,0,high,gai1
きつい,き,い,0,high,ichi1
ふおおまつと,ふ,と,0,high,gai1
ていし,て,し,0,high,ichi1|news1|nf02|nf10
はかりしれない,は,い,0,high,news1|nf18
しんぐ,し,ぐ,0,high,news1|nf18
げんちよう,げ,う,0,high,ichi1|news1|nf09
さそう,さ,う,0,high,ichi1|news1|nf10
めとろ,め,ろ,0,high,gai1
こくばん,こ,ん,0,high,ichi1|news1|nf20
ふすま,ふ,ま,0,high,ichi1|news2|nf37
びきに,び,に,0,high,gai1
はらはら,は,ら,0,high,gai1|ichi1
だらしない,だ,い,0,high,ichi1
こま,こ,ま,0,high,gai1|ichi1|news1|nf07
はげます,は,す,0,high,ichi1|news1|nf18
めいし,め,し,0,high,ichi1|news1|news2|nf10|nf38
ざんぎやく,ざ,く,0,high,news1|nf17
いつもとおり,い,り,0,high,spec1
しんゆう,し,う,0,high,ichi1|news1|nf14
ふこう,ふ,う,0,high,ichi1|news1|nf08
ばつくぼおん,ば,ん,0,high,gai1
さんぴ,さ,ぴ,0,high,ichi1|news1|nf08
せめる,せ,る,0,high,ichi1|news1|news2|nf09|nf45
むうでいい,む,い,0,high,gai1
たんぽ,た,ぽ,0,high,ichi1|news1|nf04
ふあすなあ,ふ,あ,0,high,gai1|ichi1
つばき,つ,き,0,high,ichi1|news1|news2|nf11|nf42
かいこく,か,く,0,high,news1|nf22|nf23
こうかんど,こ,ど,0,high,spec1
がくひ,が,ひ,0,high,ichi1|news1|nf17
きそく,き,く,0,high,ichi1|news1|nf06
ぎていしよ,ぎ,よ,0,high,news1|nf14
ふなびん,ふ,ん,0,high,ichi1|news2|nf35
やすらぐ,や,ぐ,0,high,news1|nf18
しゆつしんち,し,ち,0,high,spec1
たからもの,た,の,0,high,ichi1|news1|nf17
めとりつく,め,く,0,high,gai1
たいぼう,た,う,0,high,ichi1|news1|nf13
さうじ,さ,じ,0,high,gai1
あます,あ,す,0,high,ichi1|news2|nf36
なんだ,な,だ,0,high,ichi1|news1|nf04|spec1
ならび,な,び,0,high,ichi1|news1|nf11
めさき,め,き,0,high,news1|nf14
うく,う,く,0,high,ichi1
とこう,と,う,0,high,news1|nf10
える,え,る,0,high,ichi1|news2|nf35
むれ,む,れ,0,high,ichi1|news1|nf11
ねだい,ね,い,0,high,ichi1|news1|nf24
やくしよく,や,く,0,high,news1|nf12
なつとく,な,く,0,high,ichi1|news1|nf09
ちんちん,ち,ん,0,high,spec1
じよじよう,じ,う,0,high,news1|nf22
じゆんど,じ,ど,0,high,news1|nf24
ろす,ろ,す,0,high,gai1
うええぶ,う,ぶ,0,high,gai1
かぶぬし,か,し,0,high,ichi1|news1|nf03
おくそく,お,く,0,high,news1|nf11
しぜんこうえん,し,ん,0,high,spec1
かいぐん,か,ん,0,high,ichi1|news1|nf04
こうきよ,こ,よ,0,high,news1|nf07
みやんまあ,み,あ,0,high,gai1
もりあげる,も,る,0,high,ichi1|news2|nf25
げんしよ,げ,よ,0,high,ichi1|news2|nf33
たいいん,た,ん,0,high,ichi1|news1|nf04|nf12
じどう,じ,う,0,high,ichi1|news1|nf03|nf04
なり,な,り,0,high,news1|nf14|spec1
じゆうりよく,じ,く,0,high,ichi1|news1|nf12
こちよう,こ,う,0,high,ichi1|news2|nf30
みせかけ,み,け,0,high,ichi1
おおすとらりあ,お,あ,0,high,spec1
だいどこ,だ,こ,0,high,ichi1|news1|nf07
よろん,よ,ん,0,high,ichi1|news1|nf02
さいあく,さ,く,0,high,ichi1|news1|nf05
うつとうしい,う,い,0,high,ichi1
かいほつ,か,つ,0,high,ichi1|news1|nf01
よこはま,よ,ま,0,high,spec1
そうぎ,そ,ぎ,0,high,ichi1|news1|nf01|nf21
ぶれえき,ぶ,き,0,high,gai1|ichi1
ゆにばあさる,ゆ,る,0,high,gai1
きんむじかん,き,ん,0,high,spec1
かざあたり,か,り,0,high,news1|nf16
もるひね,も,ね,0,high,gai1
てんじかい,て,い,0,high,news1|nf13
しゆうきよく,し,く,0,high,news1|nf18
いかに,い,に,0,high,ichi1
はしたない,は,い,0,high,ichi1
ふれえず,ふ,ず,0,high,gai1
ねすごす,ね,す,0,high,ichi1
がそりんすたんど,が,ど,0,high,gai1|ichi1
ようじん,よ,ん,0,high,ichi1|news1|news2|nf09|nf28
くいこむ,く,む,0,high,ichi1|news1|nf23
あるきまわる,あ,る,0,high,news1|nf16
めんえき,め,き,0,high,news1|nf07
なきやいけない,な,い,0,high,spec1
とつきゆう,と,う,0,high,ichi1|news1|nf10
おそらく,お,く,0,high,ichi1|news1|nf15
かある,か,る,0,high,gai1
ひらく,ひ,く,0,high,ichi1
りんぱ,り,ぱ,0,high,gai1
かよわい,か,い,0,high,ichi1
おぼえ,お,え,0,high,ichi1|news1|nf16
つげる,つ,る,0,high,ichi1|news1|nf20
ばすと,ば,と,0,high,gai1
ふきつ,ふ,つ,0,high,ichi1|news2|nf31
ばつてりい,ば,い,0,high,gai1
だつらく,だ,く,0,high,ichi1|news1|nf23
かいかく,か,く,0,high,ichi1|news1|nf01
うらない,う,い,0,high,ichi1|news1|nf17
つれていく,つ,く,0,high,ichi1|spec1
さしあげる,さ,る,0,high,ichi1|news2|nf32
とくそう,と,う,0,high,news1|nf03
さいぜんれつ,さ,つ,0,high,news1|nf21
おきる,お,る,0,high,ichi1|news2|nf31
れんきゆう,れ,う,0,high,ichi1|news1|nf07
えんかいしゆう,え,う,0,high,news1|nf24
ぐらいこ,ぐ,こ,0,high,gai1
びようとう,び,う,0,high,news1|nf11
きやんぷいん,き,ん,0,high,gai1
けえすわあかあ,け,あ,0,high,gai1
ふろうしや,ふ,や,0,high,ichi1|news2|nf39
こうがい,こ,い,0,high,ichi1|news1|nf04
みずどり,み,り,0,high,news1|nf18
つかのま,つ,ま,0,high,ichi1|spec1
こくえん,こ,ん,0,high,news1|nf19
かいどう,か,う,0,high,ichi1|news1|nf13|nf15|nf17
きんぞく,き,く,0,high,ichi1|news1|nf04|nf23
おおどおり,お,り,0,high,ichi1|news1|nf21
ぷろふえつしよなる,ぷ,る,0,high,gai1
じようぶん,じ,ん,0,high,news1|nf13
しやい,し,い,0,high,gai1|news1|nf22
きんにく,き,く,0,high,ichi1|news1|nf08
ぐらふいつくす,ぐ,す,0,high,gai1
すたじあむ,す,む,0,high,gai1
すぴいどあつぷ,す,ぷ,0,high,gai1
いやりんぐ,い,ぐ,0,high,gai1|ichi1
せめ,せ,め,0,high,news1|nf05
ぽつぷ,ぽ,ぷ,0,high,gai1
ぽおたぶる,ぽ,る,0,high,gai1
つまこ,つ,こ,0,high,ichi1|news1|nf16
はいでん,は,ん,0,high,news1|nf24
てれび,て,び,0,high,gai1|ichi1
めいげつ,め,つ,0,high,ichi1|news2|nf42|nf45
きやんぱす,き,す,0,high,gai1|ichi1
しようひよう,し,う,0,high,news1|nf14
しるく,し,く,0,high,gai1
よふけ,よ,け,0,high,ichi1
ちせい,ち,い,0,high,ichi1|news1|nf18
しゆひつ,し,つ,0,high,news1|nf22
へんい,へ,い,0,high,ichi1
はたけ,は,け,0,high,ichi1|news1|nf04
おうべい,お,い,0,high,ichi1
どうほう,ど,う,0,high,news1|nf12
はがね,は,ね,0,high,news1|nf15
まこと,ま,と,0,high,ichi1
ほんね,ほ,ね,0,high,ichi1|news1|nf05
よう,よ,う,0,high,ichi1|news1|news2|nf06|nf14|nf39
あんち,あ,ち,0,high,gai1
かにゆう,か,う,0,high,ichi1|news1|nf04
だいどころ,だ,ろ,0,high,ichi1|news1|nf07
ねんりよう,ね,う,0,high,ichi1|news1|nf03
いくたび,い,び,0,high,ichi1
りいがあ,り,あ,0,high,gai1
こしかける,こ,る,0,high,ichi1|news2|nf35
ほんめい,ほ,い,0,high,ichi1|news1|nf04|nf14
いままで,い,で,0,high,ichi1|news1|nf08
こんにちわ,こ,わ,0,high,ichi1
どん,ど,ん,0,high,ichi1|news1|nf17
こんばんわ,こ,わ,0,high,ichi1
らじうむ,ら,む,0,high,gai1
にわかに,に,に,0,high,ichi1|spec2
ろくおん,ろ,ん,0,high,ichi1|news1|nf09
われ,わ,れ,0,high,news1|nf14
もすくわ,も,わ,0,high,gai1
しゆかん,し,ん,0,high,ichi1|news1|news2|nf14|nf18|nf28
みぞ,み,ぞ,0,high,ichi1|news1|nf09
みらあじゆ,み,ゆ,0,high,gai1
へみ,へ,み,0,high,ichi1|news1|nf16
ふりいまあけつと,ふ,と,0,high,gai1
でいれくたあ,で,あ,0,high,gai1
しゆび,し,び,0,high,ichi1|news1|nf04
ばりうむ,ば,む,0,high,gai1
いいだす,い,す,0,high,ichi1|news2|nf47
いちまん,い,ん,0,high,spec1
みこん,み,ん,0,high,ichi1|news1|nf13
いんぼう,い,う,0,high,news1|nf14
ていりゆうじよ,て,よ,0,high,ichi1|news2|nf38
ひやくおく,ひ,く,0,high,news1|nf06|spec1
やえ,や,え,0,high,news1|nf16
だせき,だ,き,0,high,news1|nf05
ろおかる,ろ,る,0,high,gai1
さあど,さ,ど,0,high,gai1
べねふいつと,べ,と,0,high,gai1
にじ,に,じ,0,high,ichi1|news1|nf06|nf17
だつたい,だ,い,0,high,ichi1|news1|nf07
くんよみ,く,み,0,high,ichi1
しはいにん,し,ん,0,high,news1|nf13
ばれえ,ば,え,0,high,gai1|ichi1
きずつく,き,く,0,high,ichi2|news2|nf39|spec1
ごうれい,ご,い,0,high,news1|nf24
おいつく,お,く,0,high,ichi1|news1|nf16
ぶか,ぶ,か,0,high,ichi1|news1|nf09
じゆたく,じ,く,0,high,news1|nf10
すぺいんご,す,ご,0,high,spec1
けわい,け,い,0,high,ichi1|news1|nf05
とつぷすたあ,と,あ,0,high,gai1
ぶろんず,ぶ,ず,0,high,gai1
とかい,と,い,0,high,ichi1|news1|nf06
ちようしゆう,ち,う,0,high,ichi1|news1|nf09|nf12
かおいろ,か,ろ,0,high,ichi1|news1|nf16
わいやれす,わ,す,0,high,gai1
にくたいてき,に,き,0,high,news1|nf16
まねえじやあ,ま,あ,0,high,ichi1
じゆにあ,じ,あ,0,high,gai1
ひきあい,ひ,い,0,high,news1|nf15
ちようちよ,ち,よ,0,high,ichi1|news1|nf24
ぷれぜんと,ぷ,と,0,high,gai1|ichi1
となる,と,る,0,high,spec1
すうせん,す,ん,0,high,news2|nf33|spec1
りつぷさあびす,り,す,0,high,gai1
こうらい,こ,い,0,high,news1|nf19
くちぐちに,く,に,0,high,ichi1
がいじん,が,ん,0,high,ichi1|news1|nf18
げんがく,げ,く,0,high,news1|nf10|nf15
てんちよう,て,う,0,high,news1|nf10
あこがれのまと,あ,と,0,high,spec1
かいめ,か,め,0,high,spec1
しつちよう,し,う,0,high,news1|nf05
りようはんてん,り,ん,0,high,news1|nf17
ぎあ,ぎ,あ,0,high,gai1
ずばり,ず,り,0,high,ichi1|spec1
だは,だ,は,0,high,ichi1|news1|nf16
かるき,か,き,0,high,gai1
なごや,な,や,0,high,spec1
つち,つ,ち,0,high,ichi1|news1|nf04
いつかつ,い,つ,0,high,news1|nf08
きれ,き,れ,0,high,ichi1
しやくや,し,や,0,high,news1|nf16
かみはんき,か,き,0,high,news1|nf09
じやつかん,じ,ん,0,high,ichi1|news1|nf08
むほう,む,う,0,high,ichi1|news2|nf25
かたぎ,か,ぎ,0,high,ichi1|news1|nf16
みぎうえ,み,え,0,high,spec1
ぜつだい,ぜ,い,0,high,news1|nf18
るうれつと,る,と,0,high,gai1
すぺいん,す,ん,0,high,spec1
ちくせき,ち,き,0,high,ichi1|news1|nf12
くりひろげる,く,る,0,high,news2|nf25|spec1
のびのび,の,び,0,high,ichi1|news1|nf23
だけど,だ,ど,0,high,spec1
ぜんしよう,ぜ,う,0,high,news1|nf09
じゆうる,じ,る,0,high,gai1
ろんきよ,ろ,よ,0,high,news1|nf20
なつくる,な,る,0,high,gai1
ひがむ,ひ,む,0,high,ichi1
あるかでいあ,あ,あ,0,high,gai1
にくしん,に,ん,0,high,ichi1|news1|nf09
じゆりよう,じ,う,0,high,news1|nf12
つうち,つ,ち,0,high,ichi1|news1|nf07
みつと,み,と,0,high,gai1
ちようかい,ち,い,0,high,news1|nf09
たいせん,た,ん,0,high,ichi1|news1|nf04|nf07|nf18
ぴり,ぴ,り,0,high,gai1
しよちよう,し,う,0,high,news1|nf03|nf19
ぎやろつぴんぐいんふれ,ぎ,れ,0,high,gai1
はかり,は,り,0,high,ichi1
おうこう,お,う,0,high,news1|nf23
ぷりんせす,ぷ,す,0,high,gai1
なにもの,な,の,0,high,news1|nf14
いんよう,い,う,0,high,ichi1|news1|nf17
べんろん,べ,ん,0,high,ichi1|news1|nf15
きようぞん,き,ん,0,high,ichi1|news1|nf09
いまさら,い,ら,0,high,ichi1
ぞうわい,ぞ,い,0,high,news1|nf06
ひるすぎ,ひ,ぎ,0,high,ichi1|news1|nf17
こうてき,こ,き,0,high,news1|nf03
わるさ,わ,さ,0,high,news1|nf12
がんねん,が,ん,0,high,news1|nf09
がつかい,が,い,0,high,ichi1|news1|nf04|nf17
じゆうみん,じ,ん,0,high,ichi1|news1|nf01
いつでも,い,も,0,high,ichi1
ひかんてき,ひ,き,0,high,ichi1
すぽおつしんぶん,す,ん,0,high,spec1
じゆわき,じ,き,0,high,ichi1|news1|nf16
ごんご,ご,ご,0,high,ichi1|news1|nf06
てく,て,く,0,high,gai1
きどうたい,き,い,0,high,ichi1|news1|nf12
てんじん,て,ん,0,high,news1|nf18
きが,き,が,0,high,ichi1|news1|nf09
せいぞう,せ,う,0,high,ichi1|news1|nf02
さんぷる,さ,る,0,high,gai1
せきしつ,せ,つ,0,high,news1|nf23
しげる,し,る,0,high,ichi1|news2|nf41
けむ,け,む,0,high,ichi1|news1|nf07
いちなか,い,か,0,high,news1|nf07
りようり,り,り,0,high,ichi1|news1|nf02
いちじき,い,き,0,high,news1|nf12
あほう,あ,う,0,high,ichi1
おかし,お,し,0,high,ichi1
たのむ,た,む,0,high,ichi1|news1|nf08
せんもんい,せ,い,0,high,news1|nf15
ふくろ,ふ,ろ,0,high,ichi1|news1|nf08
くりだしはしご,く,ご,0,high,news1|nf24
やしき,や,き,0,high,ichi1|news1|nf10
いえ,い,え,0,high,ichi1
とつじよ,と,よ,0,high,ichi1|news2|nf27
おさえ,お,え,0,high,news1|nf04
はと,は,と,0,high,ichi1|news1|nf21
むぎ,む,ぎ,0,high,ichi1|news1|nf11
ちじむ,ち,む,0,high,ichi1|news2|nf31
ふそく,ふ,く,0,high,ichi1|news1|nf02
ぼくし,ぼ,し,0,high,news1|nf13
じみち,じ,ち,0,high,news1|nf11
うずくまる,う,る,0,high,ichi1
しんりがく,し,く,0,high,news1|nf11
ほうめん,ほ,ん,0,high,ichi1|news1|nf06
がんぺき,が,き,0,high,news1|nf19
とびひ,と,ひ,0,high,news1|nf17
ていそ,て,そ,0,high,news1|nf08
びぎなあ,び,あ,0,high,gai1
おろしうり,お,り,0,high,ichi1|news1|nf11
らんち,ら,ち,0,high,gai1|ichi1
てんけい,て,い,0,high,ichi1|news1|nf09
どて,ど,て,0,high,ichi1|news1|nf22
なんつう,な,う,0,high,spec1
ひまん,ひ,ん,0,high,ichi1|news1|nf12
あらい,あ,い,0,high,ichi1|news2|nf36|nf42
いきちがい,い,い,0,high,ichi1|news2|nf31
あんのじよう,あ,う,0,high,ichi1|news2|nf26
らいあびりていい,ら,い,0,high,gai1
りやくしよう,り,う,0,high,news1|nf12
たんか,た,か,0,high,ichi1|news1|news2|nf07|nf12|nf36
もにたあ,も,あ,0,high,gai1
しゆにゆう,し,う,0,high,ichi1|news1|nf01
てにはいる,て,る,0,high,spec1
さかだな,さ,な,0,high,news1|nf22
さいてえ,さ,え,0,high,ichi1|news1|nf03
かげり,か,り,0,high,news1|nf20
ぶつきらぼう,ぶ,う,0,high,ichi1
げねつ,げ,つ,0,high,ichi1|news2|nf44
かとりつくきようかい,か,い,0,high,spec1
しようへい,し,い,0,high,news1|nf18
はつこい,は,い,0,high,ichi1|news2|nf27
ののしる,の,る,0,high,ichi1
しようきん,し,ん,0,high,ichi1|news1|nf04
とんとん,と,ん,0,high,ichi1
めえく,め,く,0,high,gai1
てんばい,て,い,0,high,news1|nf18
きくばり,き,り,0,high,ichi1|news1|nf14
そつう,そ,う,0,high,news1|nf18
しゆけい,し,い,0,high,news1|nf22
れきほう,れ,う,0,high,news1|nf09
びようそく,び,く,0,high,news1|nf23
ちほうじちたい,ち,い,0,high,news1|nf06
てんしゆつ,て,つ,0,high,news1|nf21
よは,よ,は,0,high,news1|nf15
さくし,さ,し,0,high,news1|nf12
そつきん,そ,ん,0,high,news1|nf05
としけいかく,と,く,0,high,news1|nf12
ゆれる,ゆ,る,0,high,ichi1
こくいつこく,こ,く,0,high,ichi1|news2|nf41
さいこう,さ,う,0,high,ichi1|news1|nf01|nf19
じやんけん,じ,ん,0,high,spec1
さきやす,さ,す,0,high,news1|nf22
ひしよ,ひ,よ,0,high,ichi1|news1|news2|nf02|nf27
かれん,か,ん,0,high,news2|nf40|spec1
けんぽう,け,う,0,high,ichi1|news1|nf01
くばる,く,る,0,high,ichi1|news1|nf14
てえぷ,て,ぷ,0,high,gai1|ichi1
たつする,た,る,0,high,ichi1|news1|nf15
おおる,お,る,0,high,gai1
やくどう,や,う,0,high,news1|nf21
ひきのばし,ひ,し,0,high,news1|nf19
せいほう,せ,う,0,high,news1|nf18|nf21
ふせいみやく,ふ,く,0,high,news1|nf21
せかいぎんこう,せ,う,0,high,news1|nf10
やりとり,や,り,0,high,ichi1
すらんぷ,す,ぷ,0,high,gai1
ばくふ,ば,ふ,0,high,news1|nf15
みつこう,み,う,0,high,news1|nf19
せいたい,せ,い,0,high,ichi1|news1|nf09|nf11
ぐだぐだ,ぐ,だ,0,high,spec1
こしゆう,こ,う,0,high,ichi1|news2|nf46
ざり,ざ,り,0,high,news1|nf19
けんとう,け,う,0,high,ichi1|news1|nf02|nf11|nf19
ねいきつど,ね,ど,0,high,gai1
いんてりじえんす,い,す,0,high,gai1
かたち,か,ち,0,high,ichi1|news1|nf01
しと,し,と,0,high,news1|nf06|nf13
へん,へ,ん,0,high,ichi1|news1|nf10|nf15|nf19
ませんか,ま,か,0,high,spec1
せかいかくち,せ,ち,0,high,spec1
しせき,し,き,0,high,news1|nf19
しまぐに,し,に,0,high,news1|nf18
こつくす,こ,す,0,high,gai1
ほろこおすと,ほ,と,0,high,gai1
りくじようじえいたい,り,い,0,high,news1|nf09
まじえる,ま,る,0,high,news1|nf16
つうほう,つ,う,0,high,news1|nf08
しけいしゆう,し,う,0,high,news1|nf16
あさがた,あ,た,0,high,news1|nf23
めんたりてい,め,い,0,high,spec1
みなさん,み,ん,0,high,ichi1|news1|nf06
てぐち,て,ち,0,high,news1|nf09
こんばんは,こ,は,0,high,ichi1
かがくぎじゆつ,か,つ,0,high,spec1
いたく,い,く,0,high,news1|nf07
すすみ,す,み,0,high,news1|nf22
べんがく,べ,く,0,high,ichi1|news2|nf28
えあぞおる,え,る,0,high,gai1
こんしゆう,こ,う,0,high,ichi1|news1|nf05|nf06
くわばら,く,ら,0,high,news1|nf16
こみつと,こ,と,0,high,gai1
くみ,く,み,0,high,news1|nf06|nf21
かげぐち,か,ち,0,high,news1|nf24
なのか,な,か,0,high,ichi1|spec1
どうねん,ど,ん,0,high,news1|nf05
ごがん,ご,ん,0,high,news1|nf19
みうしなう,み,う,0,high,ichi1|news2|nf46
がくない,が,い,0,high,news1|nf13
ちようど,ち,ど,0,high,ichi1
てつきり,て,り,0,high,ichi1
こうりよく,こ,く,0,high,ichi1|news1|nf13|nf21
ざいがい,ざ,い,0,high,news1|nf14
とりのぞく,と,く,0,high,ichi1
もちかえり,も,り,0,high,news1|nf19
がめん,が,ん,0,high,ichi1|news1|nf04
われわれ,わ,れ,0,high,ichi1|news1|nf02
じよいんと,じ,と,0,high,gai1
けそう,け,う,0,high,ichi1|news1|nf05
わか,わ,か,0,high,ichi1|news1|nf14
しやどお,し,お,0,high,gai1
ひくめる,ひ,る,0,high,news1|nf07
ぽんぽん,ぽ,ん,0,high,gai1
はつくつ,は,つ,0,high,ichi1|news1|nf08
なのりでる,な,る,0,high,news1|nf21
びんずめ,び,め,0,high,ichi1|news2|nf41
かあさん,か,ん,0,high,ichi1|news1|nf22
いてん,い,ん,0,high,ichi1|news1|nf04
だびんぐ,だ,ぐ,0,high,gai1
ぜんぱん,ぜ,ん,0,high,ichi1|news1|nf02|nf07
めいと,め,と,0,high,spec1
じゆし,じ,し,0,high,news1|nf12
ためらう,た,う,0,high,ichi1
こくべつ,こ,つ,0,high,news1|nf01
はじまる,は,る,0,high,ichi1|news2|nf28
すみずみ,す,み,0,high,news1|nf23
いちえん,い,ん,0,high,ichi1|news1|nf10
こうずる,こ,る,0,high,news1|nf17
ううる,う,る,0,high,gai1|ichi1
そうにゆう,そ,う,0,high,ichi1|news2|nf29
あつたりめえ,あ,え,0,high,ichi1|news1|nf06
きわまる,き,る,0,high,ichi1|news2|nf45
ばれんたいんでえ,ば,え,0,high,gai1
ぞくへん,ぞ,ん,0,high,news1|nf18
じよりゆう,じ,う,0,high,news1|nf11
かりに,か,に,0,high,ichi1|news1|nf05
どんかん,ど,ん,0,high,ichi1|news2|nf30
ふつごう,ふ,う,0,high,ichi1|news2|nf27
あくせい,あ,い,0,high,news1|nf21
しりあう,し,う,0,high,ichi1|news1|nf16
むきず,む,ず,0,high,news1|nf24
いつせき,い,き,0,high,news1|nf16
ぶるせら,ぶ,ら,0,high,gai1
おおじだい,お,い,0,high,news1|nf24
ぱあと,ぱ,と,0,high,gai1|ichi1
ひいろお,ひ,お,0,high,gai1
どたんば,ど,ば,0,high,news1|nf10
ほそながい,ほ,い,0,high,ichi1|news2|nf35
すきずき,す,き,0,high,ichi1
いすらむきよう,い,う,0,high,ichi1
しようとつ,し,つ,0,high,ichi1|news1|nf04
ふたしか,ふ,か,0,high,ichi1|news2|nf33
さんまい,さ,い,0,high,news1|nf17
はんはん,は,ん,0,high,news1|nf18
かまえる,か,る,0,high,ichi1
ばぬし,ば,し,0,high,news1|nf23
ちゆうわ,ち,わ,0,high,ichi1|news2|nf29
つみたて,つ,て,0,high,ichi1|news2|nf27|spec1
ししきゆう,し,う,0,high,news1|nf16
おせん,お,ん,0,high,ichi1|news1|nf03
みな,み,な,0,high,ichi1|news1|nf05
にせい,に,い,0,high,news1|nf08
やくす,や,す,0,high,ichi1|news2|nf32
しりんじ,し,じ,0,high,gai1
だいにん,だ,ん,0,high,news1|nf13
ときはかねなり,と,り,0,high,spec1
かけら,か,ら,0,high,ichi1
ぞくぞく,ぞ,く,0,high,ichi1|news1|nf08|spec1
ちかよる,ち,る,0,high,ichi1|news2|nf38
ぶつしよう,ぶ,う,0,high,news1|nf22
つかまえる,つ,る,0,high,ichi1|news2|nf35
たんせい,た,い,0,high,ichi1|news2|nf35|spec2
ぱどる,ぱ,る,0,high,gai1
さりん,さ,ん,0,high,gai1
こうしゆうでんわ,こ,わ,0,high,news1|nf13
さわぎ,さ,ぎ,0,high,ichi1|news1|nf05
そそのかす,そ,す,0,high,ichi1
おもて,お,て,0,high,ichi1|news1|nf06
そんぼう,そ,う,0,high,news1|nf22
りよこうしや,り,や,0,high,spec1
おくゆき,お,き,0,high,ichi1|news1|nf12
じやぶ,じ,ぶ,0,high,gai1
よるだん,よ,ん,0,high,gai1
りぽおたあ,り,あ,0,high,gai1
ゆうじ,ゆ,じ,0,high,news1|nf14
にほんぜんこく,に,く,0,high,spec1
くにくのさく,く,く,0,high,news1|nf19
ちやいな,ち,な,0,high,gai1
こうとうきよういく,こ,く,0,high,spec1
きよだい,き,い,0,high,ichi1|news1|nf04
わあるどかつぷ,わ,ぷ,0,high,gai1
たんくろおりい,た,い,0,high,gai1
おおそどつくす,お,す,0,high,gai1
とうえい,と,い,0,high,ichi1|news2|nf40
おおがね,お,ね,0,high,ichi1|news1|nf14
ぴざ,ぴ,ざ,0,high,gai1
れんさく,れ,く,0,high,news1|nf21
かくへいき,か,き,0,high,ichi1|news1|nf02
じゆんとう,じ,う,0,high,news1|nf11
しんぶんしや,し,や,0,high,ichi1|news1|nf05
それなら,そ,ら,0,high,ichi1
きんずる,き,る,0,high,ichi1|news2|nf33
さいせいき,さ,き,0,high,news1|nf15
きんちよう,き,う,0,high,ichi1|news1|nf03
しゆうじやく,し,く,0,high,ichi1|news1|nf22
こうたいこう,こ,う,0,high,news1|nf22
ふもん,ふ,ん,0,high,news1|nf22
やらしい,や,い,0,high,ichi1|spec1
りつかい,り,い,0,high,news1|nf19
こんごう,こ,う,0,high,news1|nf11
ふうじや,ふ,や,0,high,ichi1|news1|nf09
とつぱあ,と,あ,0,high,gai1
なずらえる,な,る,0,high,ichi1
もんすうん,も,ん,0,high,gai1
たいさ,た,さ,0,high,news1|nf09|nf17
きやつかん,き,ん,0,high,ichi1|news1|nf11
ばりかん,ば,ん,0,high,gai1
すけえぷごおと,す,と,0,high,gai1
おおるらうんど,お,ど,0,high,gai1
とつぐ,と,ぐ,0,high,ichi1|news2|nf43
えんじにありんぐ,え,ぐ,0,high,gai1
とうあん,と,ん,0,high,ichi1|news1|nf17
ちようちよう,ち,う,0,high,ichi1|news1|nf06|nf21|nf24
ひつちやく,ひ,く,0,high,ichi1|news1|nf12
なんとも,な,も,0,high,ichi1|news1|nf10
そうろん,そ,ん,0,high,ichi1|news1|nf15
きようかつ,き,つ,0,high,news1|nf11
かそ,か,そ,0,high,ichi1|news1|nf01|nf09
ぱあじ,ぱ,じ,0,high,gai1
せこう,せ,う,0,high,ichi1|news1|nf06|nf14
かいがい,か,い,0,high,ichi1|news1|nf01
ちゆうさ,ち,さ,0,high,news1|nf23
しいん,し,ん,0,high,gai1|news1|nf08
かみなり,か,り,0,high,ichi1|news1|nf11
ときどき,と,き,0,high,ichi1|news1|nf07
うりあげだか,う,か,0,high,news1|nf04
けいたいすとらつぷ,け,ぷ,0,high,spec1
へんとう,へ,う,0,high,ichi1|news1|nf20
かようきよく,か,く,0,high,ichi1|news1|nf17
よみあげる,よ,る,0,high,news1|nf24
かざぐすり,か,り,0,high,ichi1|news2|nf36
きれあじ,き,じ,0,high,news1|nf19
わざわい,わ,い,0,high,ichi1|news1|nf20
ぼうぶら,ぼ,ら,0,high,ichi1
おろし,お,し,0,high,news1|nf09
ふせい,ふ,い,0,high,ichi1|news1|nf04
じやり,じ,り,0,high,news1|nf19
ろうどうとう,ろ,う,0,high,news1|nf05
じゆくちよう,じ,う,0,high,news1|nf18
くうしゆう,く,う,0,high,news1|nf10
しようせん,し,ん,0,high,news1|nf12
せけん,せ,ん,0,high,ichi1|news1|nf06
まちぶせ,ま,せ,0,high,ichi1|news2|nf45
あきんど,あ,ど,0,high,ichi1|news1|nf13
らいねん,ら,ん,0,high,ichi1|news1|nf01
たわあ,た,あ,0,high,gai1|ichi1
けいざいきかくちよう,け,う,0,high,news1|nf07
はいく,は,く,0,high,gai1|ichi1|news1|nf05
のどか,の,か,0,high,ichi1
じゆみよう,じ,う,0,high,ichi1|news1|nf09
おも,お,も,0,high,ichi1
おしいる,お,る,0,high,news1|nf16
あらためる,あ,る,0,high,ichi1|news1|nf11
したね,し,ね,0,high,news1|nf22
ぱらどつくす,ぱ,す,0,high,gai1
いざこざ,い,ざ,0,high,ichi1
でぼんき,で,き,0,high,spec1
はなはだしい,は,い,0,high,ichi1|news2|nf45
ぼんやり,ぼ,り,0,high,ichi1
けんぞうぶつ,け,つ,0,high,news1|nf12
におい,に,い,0,high,ichi1|ichi2|news2|nf29
ひようか,ひ,か,0,high,ichi1|news1|nf02
きようど,き,ど,0,high,news1|nf09|nf14
しかた,し,た,0,high,ichi1|news1|nf04
うずまき,う,き,0,high,ichi1|news2|nf33
まんりよう,ま,う,0,high,news1|nf10
きこく,き,く,0,high,ichi1|news1|nf03
らんけい,ら,い,0,high,ichi1|news2|nf44|spec2
せいようじん,せ,ん,0,high,ichi1|news2|nf32
いたす,い,す,0,high,ichi1|news1|nf24
かいせん,か,ん,0,high,news1|nf02|nf07|nf10|nf23
せかいいさん,せ,ん,0,high,spec1
きれる,き,る,0,high,ichi1
どのぐらい,ど,い,0,high,ichi1|spec1
ひしひし,ひ,し,0,high,ichi1
がれえじ,が,じ,0,high,gai1|ichi1
みまん,み,ん,0,high,news1|nf04
せんえんさつ,せ,つ,0,high,spec1
つるぎ,つ,ぎ,0,high,news1|nf10
すとつぱあ,す,あ,0,high,gai1
きゆうけい,き,い,0,high,ichi1|news1|nf08
くつう,く,う,0,high,ichi1|news1|nf11
しようげん,し,ん,0,high,news1|nf03
ねんぱい,ね,い,0,high,ichi1|news1|nf12
かいじようじえいたい,か,い,0,high,news1|nf11
えきまえ,え,え,0,high,ichi1|news1|nf06
うんどう,う,う,0,high,ichi1|news1|nf01
くろつぽい,く,い,0,high,news1|nf21
ころもがえ,こ,え,0,high,news1|nf14
きたく,き,く,0,high,ichi1|news1|nf10
じゆんかい,じ,い,0,high,ichi1|news1|nf13
おはなしちゆう,お,う,0,high,news1|nf18
でえと,で,と,0,high,gai1|ichi1
にくむ,に,む,0,high,ichi1|news2|nf43
おふいしやる,お,る,0,high,gai1
たいじゆう,た,う,0,high,ichi1|news1|nf05
こんきよ,こ,よ,0,high,ichi1|news1|nf04
ざつとう,ざ,う,0,high,ichi1|news2|nf26
こころえる,こ,る,0,high,ichi1|news1|nf20
かつかんてき,か,き,0,high,ichi1|news1|nf10
けが,け,が,0,high,ichi1
それでいて,そ,て,0,high,spec1
じきに,じ,に,0,high,ichi1
がしがし,が,し,0,high,spec1
りんこく,り,く,0,high,news1|nf09
ながらく,な,く,0,high,ichi1|news2|nf31
おし,お,し,0,high,news1|nf08
はしゆ,は,ゆ,0,high,ichi1|news1|nf02
せえる,せ,る,0,high,gai1
でいすこ,で,こ,0,high,gai1|ichi1
みんかんほうそう,み,う,0,high,news1|nf19
ぼつちやん,ぼ,ん,0,high,ichi1|news2|nf33
いつきよ,い,よ,0,high,news1|nf06
なまちゆうけい,な,い,0,high,news1|nf19
だんわ,だ,わ,0,high,ichi1|news1|nf07
けんせつてき,け,き,0,high,news1|nf13
はかい,は,い,0,high,ichi1|news1|nf03
わたりどり,わ,り,0,high,news1|nf17
しききん,し,ん,0,high,ichi1|news2|nf30
あける,あ,る,0,high,ichi1
きいわあど,き,ど,0,high,gai1
おやつ,お,つ,0,high,ichi1
ちゆうにん,ち,ん,0,high,ichi1|news1|nf21
しずめる,し,る,0,high,ichi1|news2|nf45|spec2
へいおん,へ,ん,0,high,ichi1|news1|nf14
かくねんりよう,か,う,0,high,news1|nf07
しいふうど,し,ど,0,high,gai1
しつそう,し,う,0,high,spec1
とりこわし,と,し,0,high,news1|nf24
こうそくばす,こ,す,0,high,spec1
ぷらいむれえと,ぷ,と,0,high,gai1
りくつ,り,つ,0,high,ichi1|news1|nf10
ひきつぎ,ひ,ぎ,0,high,ichi1|news1|nf22
くらし,く,し,0,high,ichi1|news1|nf04
さんかくけい,さ,い,0,high,ichi1|news1|nf20
かわせ,か,せ,0,high,ichi1|news1|nf03
たましずめ,た,め,0,high,news1|nf21
めんもく,め,く,0,high,ichi1|news1|nf16
さきどり,さ,り,0,high,news1|nf24
かくぶそう,か,う,0,high,news1|nf18
ゆうせん,ゆ,ん,0,high,ichi1|news1|nf03|nf14
すり,す,り,0,high,ichi1|news1|nf07
わだい,わ,い,0,high,ichi1|news1|nf02
りつ,り,つ,0,high,ichi1
たまに,た,に,0,high,ichi1
いちがいに,い,に,0,high,ichi1|news1|nf24
ふへい,ふ,い,0,high,ichi1|news2|nf29
りつきやく,り,く,0,high,ichi1|news1|nf23
てごたえ,て,え,0,high,ichi1
ざつそう,ざ,う,0,high,ichi1|news1|nf17
みそ,み,そ,0,high,ichi1|news1|news2|nf01|nf03|nf32|spec1
さしかかる,さ,る,0,high,ichi1|news2|nf39
あじい,あ,い,0,high,ichi1|news2|nf34
にしがた,に,た,0,high,news1|nf18
くれぐれも,く,も,0,high,ichi1
せんぷう,せ,う,0,high,news1|nf14
かせぐ,か,ぐ,0,high,ichi1|news2|nf42
すいようび,す,び,0,high,ichi1
おんりよう,お,う,0,high,news2|nf26|spec1
せつじよく,せ,く,0,high,news1|nf13
つなわち,つ,ち,0,high,ichi1|news2|nf43
けえたい,け,い,0,high,ichi1|news1|nf06
ふいるだあすちよいす,ふ,す,0,high,gai1
わんせぐ,わ,ぐ,0,high,spec1
しようぼうちよう,し,う,0,high,news1|nf22
がいしゆつ,が,つ,0,high,ichi1|news1|nf10
よす,よ,す,0,high,ichi1
えらぶ,え,ぶ,0,high,ichi1|news1|nf02
ごるじゆ,ご,ゆ,0,high,gai1
いんたあ,い,あ,0,high,gai1
そうげい,そ,い,0,high,news1|nf21
ばろめえたあ,ば,あ,0,high,gai1
じてん,じ,ん,0,high,ichi1|news1|nf03|nf10|nf12|nf23
りよきやく,り,く,0,high,ichi1|news1|nf08
おやこ,お,こ,0,high,ichi1|news1|nf05|nf08
さいえん,さ,ん,0,high,news1|nf20|nf23
けいぐ,け,ぐ,0,high,ichi1
ちよくれつ,ち,つ,0,high,ichi1|news2|nf38
かちぼし,か,し,0,high,news1|nf15
ほちようき,ほ,き,0,high,news1|nf23
つねに,つ,に,0,high,ichi1|news1|nf04
もくとう,も,う,0,high,news1|nf22
しゆうろう,し,う,0,high,news1|nf09
ああと,あ,と,0,high,gai1
むくわれる,む,る,0,high,news1|nf20
わいぱあ,わ,あ,0,high,gai1
いつけん,い,ん,0,high,ichi1|news1|nf13|nf19|spec1
りようない,り,い,0,high,news1|nf10
たつとい,た,い,0,high,ichi1|news2|nf27
ここちいい,こ,い,0,high,spec1
せともの,せ,の,0,high,ichi1
いえぬし,い,し,0,high,ichi1|news1|nf20
どんよく,ど,く,0,high,ichi1
あう,あ,う,0,high,ichi1|news1|news2|nf08|nf26|nf34
さほう,さ,う,0,high,news1|nf19
にゆうとん,に,ん,0,high,gai1
のうさぎよう,の,う,0,high,news1|nf18
ゆいつ,ゆ,つ,0,high,ichi1|news1|nf03
ちつそく,ち,く,0,high,ichi1|news1|nf18
しよ,し,よ,0,high,ichi1
ほこうしやてんごく,ほ,く,0,high,ichi1
ぞうお,ぞ,お,0,high,ichi1|news1|nf17
きたいかん,き,ん,0,high,news1|nf11
うたう,う,う,0,high,ichi1|news1|nf15
てんいん,て,ん,0,high,ichi1|news1|nf07
こくむだいじん,こ,ん,0,high,news2|nf25|spec1
ようしやなく,よ,く,0,high,spec1
そつこうじよ,そ,よ,0,high,news1|nf20
ふあしずむ,ふ,む,0,high,gai1
すぴるりな,す,な,0,high,gai1
とりだす,と,す,0,high,ichi1|news2|nf36
れいとうこ,れ,こ,0,high,spec1
ぷらちな,ぷ,な,0,high,gai1
さいせん,さ,ん,0,high,news1|nf08
じんじいどう,じ,う,0,high,news1|nf22
しようがく,し,く,0,high,news1|nf05|nf16|nf17|nf23
せだん,せ,ん,0,high,gai1
てつこう,て,う,0,high,news1|nf04|nf23
まちあいしつ,ま,つ,0,high,ichi1
けいざいかい,け,い,0,high,news1|nf06
げんさんち,げ,ち,0,high,news1|nf23
さいしん,さ,ん,0,high,news1|nf05|nf12|nf21
ごうけい,ご,い,0,high,ichi1|news1|nf03
ゆさぶる,ゆ,る,0,high,news1|nf23
かいてき,か,き,0,high,news1|nf09
こんりゆう,こ,う,0,high,news1|nf23
すじみち,す,ち,0,high,ichi1|news2|nf28
まねえげえむ,ま,む,0,high,gai1
かんがえてみれば,か,ば,0,high,spec1
たいめん,た,ん,0,high,news1|nf14
おもてだつ,お,つ,0,high,news1|nf19
からつぽ,か,ぽ,0,high,ichi1|news2|nf27
げつしよく,げ,く,0,high,ichi1|news2|nf39
おりえんと,お,と,0,high,gai1
いたい,い,い,0,high,ichi1|news1|nf03|nf16
けえすすたでい,け,い,0,high,gai1
ぜいきん,ぜ,ん,0,high,ichi1|news1|nf05
はつでんき,は,き,0,high,news1|nf19
かくじつけん,か,ん,0,high,news1|nf07
じぎようしよ,じ,よ,0,high,news1|nf09
せんぞく,せ,く,0,high,news1|nf15
ほうき,ほ,き,0,high,ichi1|news1|nf09|nf11
ぜんたい,ぜ,い,0,high,ichi1|news1|nf01
ぼうらく,ぼ,く,0,high,ichi1|news1|nf12
にるいだ,に,だ,0,high,news1|nf04
ちゆうさんかいきゆう,ち,う,0,high,ichi1|news2|nf25
ふきんこう,ふ,う,0,high,news1|nf08
ぱあせんと,ぱ,と,0,high,gai1|ichi1
るうていん,る,ん,0,high,gai1
いつかく,い,く,0,high,news1|nf06
しようこうかいぎしよ,し,よ,0,high,news1|nf08
ほうそく,ほ,く,0,high,ichi1|news1|nf15
もん,も,ん,0,high,ichi1|news1|nf03|nf09|nf23
たんなる,た,る,0,high,ichi1|news1|nf06
やすうり,や,り,0,high,ichi1|news1|nf11
じへん,じ,ん,0,high,news1|nf23
しないのではないか,し,か,0,high,spec1
こやま,こ,ま,0,high,news1|nf09
のりこえる,の,る,0,high,ichi1|news1|nf17
なら,な,ら,0,high,spec1
しよみん,し,ん,0,high,ichi1|news1|nf05
そういう,そ,う,0,high,spec1
ちようそん,ち,ん,0,high,news1|nf12
じゆうたくち,じ,ち,0,high,ichi1|news1|nf08
こうじよ,こ,よ,0,high,news1|nf07
ばいやあ,ば,あ,0,high,gai1
ふせぐ,ふ,ぐ,0,high,ichi1|news2|nf25
おくやま,お,ま,0,high,news1|nf18
まつたん,ま,ん,0,high,ichi1|news1|nf12
せいりがく,せ,く,0,high,news1|nf19
ごとし,ご,し,0,high,ichi1
すがた,す,た,0,high,ichi1|news1|nf01
きぜつ,き,つ,0,high,ichi1|news2|nf43
ふか,ふ,か,0,high,ichi1|news1|nf12|nf18|nf21
じゆうせき,じ,き,0,high,news1|nf24
はて,は,て,0,high,news1|nf15
ろおず,ろ,ず,0,high,gai1
すわる,す,る,0,high,ichi1|news2|nf25
あらなみ,あ,み,0,high,news1|nf21
ごういん,ご,ん,0,high,ichi1|news1|nf08
まつさあじ,ま,じ,0,high,gai1
いんどねしあ,い,あ,0,high,gai1
ゆうする,ゆ,る,0,high,ichi1|news2|nf25
もだん,も,ん,0,high,gai1|ichi1
ながれ,な,れ,0,high,ichi1|news1|nf02
ひがしがわ,ひ,わ,0,high,news1|nf09
じむとうきよく,じ,く,0,high,news1|nf20
はろん,は,ん,0,high,gai1
うらめん,う,ん,0,high,news1|nf19
れつあく,れ,く,0,high,news1|nf21
だいがえ,だ,え,0,high,ichi1|news1|nf08
がい,が,い,0,high,gai1|ichi1|news1|nf17|spec1
かめらまん,か,ん,0,high,gai1|ichi1
なんにも,な,も,0,high,news1|nf22
ありふれた,あ,た,0,high,ichi1
つずける,つ,る,0,high,ichi1
ねんしゆう,ね,う,0,high,ichi1|news1|nf07
せいめい,せ,い,0,high,ichi1|news1|news2|nf02|nf03|nf36
しるす,し,す,0,high,ichi1|news1|nf10
どあい,ど,い,0,high,ichi1|news1|nf11
かぜあな,か,な,0,high,news1|nf19
かんぱ,か,ぱ,0,high,gai1|ichi1|news2|nf30
ぶたん,ぶ,ん,0,high,gai1
いない,い,い,0,high,ichi1|news1|nf02
どんよう,ど,う,0,high,news1|nf18
いちじきん,い,ん,0,high,news1|nf12
おじぎ,お,ぎ,0,high,ichi1|news2|nf39
ぜんじん,ぜ,ん,0,high,news1|nf10
あずけいれる,あ,る,0,high,news1|nf13
がいかん,が,ん,0,high,ichi1|news1|nf14
ゆうそう,ゆ,う,0,high,ichi1|news1|nf12
きゆうさい,き,い,0,high,ichi1|news1|nf04
ふうしや,ふ,や,0,high,ichi1
わあくすてえしよん,わ,ん,0,high,gai1
ぎじどう,ぎ,う,0,high,news1|nf20
とし,と,し,0,high,ichi1|news1|nf01|nf02
さい,さ,い,0,high,ichi1|news1|nf06|nf16|nf17|nf23
げんや,げ,や,0,high,news1|nf20
そうけん,そ,ん,0,high,news1|nf24
だいめいし,だ,し,0,high,ichi1|news1|nf17
こうみんけん,こ,ん,0,high,news1|nf14
おうて,お,て,0,high,news1|nf16
ぶかぶか,ぶ,か,0,high,ichi1
せんめい,せ,い,0,high,news1|nf05
おいでいぷす,お,す,0,high,gai1
じよう,じ,う,0,high,ichi1|news1|nf10|nf16|nf23
さいげん,さ,ん,0,high,ichi1|news1|nf12|nf23
そんしよう,そ,う,0,high,news1|nf13
さがり,さ,り,0,high,ichi1|news2|nf25
いいすと,い,と,0,high,gai1
おうぼ,お,ぼ,0,high,ichi1|news1|nf03
だいしや,だ,や,0,high,news1|nf24
じゆんばん,じ,ん,0,high,ichi1|news1|nf11
すけえとりんく,す,く,0,high,gai1
さいばい,さ,い,0,high,ichi1|news1|nf06
いつせん,い,ん,0,high,news1|nf07|nf16|nf23|spec1
しようちゆうがくせい,し,い,0,high,spec1
みずまし,み,し,0,high,ichi1|news1|nf16
じまく,じ,く,0,high,news1|nf16
げり,げ,り,0,high,ichi1|news1|nf15
ほんぽう,ほ,う,0,high,news1|nf20
みすごす,み,す,0,high,ichi1|news2|nf39
さんじかん,さ,ん,0,high,news1|nf12
とめがね,と,ね,0,high,news1|nf21
みんえいか,み,か,0,high,news1|nf18
ぱすた,ぱ,た,0,high,gai1
とおち,と,ち,0,high,gai1
しようけん,し,ん,0,high,ichi1|news1|nf01
しゆぎしや,し,や,0,high,news1|nf08
かんむり,か,り,0,high,ichi1|news1|nf06
ちよおく,ち,く,0,high,gai1|ichi1
むすびつき,む,き,0,high,news1|nf18|spec1
ひこうき,ひ,き,0,high,ichi1|news1|nf05
がいしよく,が,く,0,high,ichi1|news1|nf10
つね,つ,ね,0,high,news1|nf05
てきしつ,て,つ,0,high,news1|nf11
ほんきよ,ほ,よ,0,high,news1|nf07
いぶん,い,ん,0,high,news1|nf16
こんたくとれんず,こ,ず,0,high,gai1
もぎ,も,ぎ,0,high,news1|nf16
さしつかえる,さ,る,0,high,ichi1|news2|nf35
おくない,お,い,0,high,ichi1|news1|nf15
ろじ,ろ,じ,0,high,ichi1|news1|nf15
しかくい,し,い,0,high,ichi1|news2|nf26
げじゆん,げ,ん,0,high,ichi1|news1|nf05
なんというか,な,か,0,high,spec1
うずまる,う,る,0,high,ichi1|news2|nf28
さいはん,さ,ん,0,high,news1|nf17
じゆり,じ,り,0,high,news1|nf23
しんようくみあい,し,い,0,high,news1|nf16
しよとくぜい,し,い,0,high,news1|nf03
つうしんはんばい,つ,い,0,high,news1|nf16
うるとら,う,ら,0,high,gai1
ひつせき,ひ,き,0,high,news1|nf23
いぎりす,い,す,0,high,spec1
ひきだし,ひ,し,0,high,ichi1|news1|nf11
ふいよるど,ふ,ど,0,high,gai1
てごろ,て,ろ,0,high,news1|nf18
さあふああ,さ,あ,0,high,gai1
こね,こ,ね,0,high,gai1
かいちゆう,か,う,0,high,news1|nf13
たいしかん,た,ん,0,high,ichi1|news1|nf03
のし,の,し,0,high,news1|nf05
ぼん,ぼ,ん,0,high,gai1|ichi1|news1|nf08
かたがわ,か,わ,0,high,ichi1|news1|nf23
ぎもんふ,ぎ,ふ,0,high,news1|nf24
はたあげ,は,げ,0,high,news1|nf15
みうち,み,ち,0,high,ichi1|news1|nf11
さんしよう,さ,う,0,high,ichi1|news1|nf08
うばう,う,う,0,high,ichi1|news1|nf05
しちじ,し,じ,0,high,spec1
びじたあ,び,あ,0,high,gai1
たんび,た,び,0,high,ichi1
あきれる,あ,る,0,high,ichi1
くさり,く,り,0,high,ichi1|news1|nf20
えあろびくす,え,す,0,high,gai1
かげ,か,げ,0,high,ichi1|news1|nf04
あなろぐ,あ,ぐ,0,high,gai1
すうち,す,ち,0,high,ichi1|news1|nf05
ふあしりてい,ふ,い,0,high,gai1
とんかつ,と,つ,0,high,ichi1
こてえじ,こ,じ,0,high,gai1
こうぞう,こ,う,0,high,ichi1|news1|nf01
すてご,す,ご,0,high,ichi1
りようし,り,し,0,high,ichi1|news1|nf04|nf14
しよくひ,し,ひ,0,high,ichi1|news1|nf17
おおら,お,ら,0,high,gai1
しよくしゆ,し,ゆ,0,high,news1|nf11
ぐんよう,ぐ,う,0,high,news1|nf10
なん,な,ん,0,high,ichi1|news1|nf11
ごて,ご,て,0,high,news1|nf15
くうる,く,る,0,high,gai1
まあち,ま,ち,0,high,gai1
がつ,が,つ,0,high,spec1
あじつけ,あ,け,0,high,news1|nf19
にじゆうさんにち,に,ち,0,high,spec1
こつじき,こ,き,0,high,ichi1|news2|nf37
なりゆき,な,き,0,high,ichi1|news1|nf15
ちじめる,ち,る,0,high,ichi1
りせつしよん,り,ん,0,high,gai1
しんじけえと,し,と,0,high,gai1
うつむく,う,く,0,high,ichi1
わんぽいんとりりいふ,わ,ふ,0,high,gai1
よのなか,よ,か,0,high,ichi1|news1|nf06
しやんでりあ,し,あ,0,high,gai1
ちしつ,ち,つ,0,high,ichi1|news1|nf17
とりぷる,と,る,0,high,gai1
こうくうき,こ,き,0,high,ichi1|news1|nf03
あるぱいん,あ,ん,0,high,gai1
きんむ,き,む,0,high,ichi1|news1|nf03
しかけ,し,け,0,high,news1|nf08
かがくひりよう,か,う,0,high,news1|nf17
もくろく,も,く,0,high,ichi1|news1|nf17
ねんがじよう,ね,う,0,high,ichi1|news1|nf14
まるち,ま,ち,0,high,gai1
こんぴゆうたあ,こ,あ,0,high,gai1|ichi1
さくもつ,さ,つ,0,high,ichi1|news1|nf15
ようこそ,よ,そ,0,high,ichi1
りきつど,り,ど,0,high,gai1
たみ,た,み,0,high,news1|nf01
とつて,と,て,0,high,ichi1|news1|nf02
ていでん,て,ん,0,high,ichi1|news1|nf12
じよおかあ,じ,あ,0,high,gai1
たいへん,た,ん,0,high,ichi1|news1|nf02
ぶれえかあ,ぶ,あ,0,high,gai1
べんぴ,べ,ぴ,0,high,news2|nf27|spec1
あんさんぶる,あ,る,0,high,gai1
おおさわぎ,お,ぎ,0,high,ichi1|news1|nf12
ためす,た,す,0,high,ichi1|news1|nf18
たいへいよう,た,う,0,high,news1|nf02
よせあつめ,よ,め,0,high,ichi1|news2|nf34
しゆくしや,し,や,0,high,news1|nf07
おせいぼ,お,ぼ,0,high,ichi1
あん,あ,ん,0,high,ichi1|news1|nf19
らくご,ら,ご,0,high,ichi1|news1|nf11
まんいつ,ま,つ,0,high,ichi1|news1|nf16
こすもす,こ,す,0,high,gai1
たいきゆう,た,う,0,high,news1|nf12
ちゆうりつ,ち,つ,0,high,ichi1|news1|nf06
はあと,は,と,0,high,gai1
あくと,あ,と,0,high,ichi1
かんきようほご,か,ご,0,high,spec1
ちかごろ,ち,ろ,0,high,ichi1
なぜなら,な,ら,0,high,ichi1
あさごはん,あ,ん,0,high,spec1
こく,こ,く,0,high,news1|nf03|nf16|nf22
たより,た,り,0,high,ichi1|news1|nf07|nf13
なつば,な,ば,0,high,news1|nf13
れじやあ,れ,あ,0,high,gai1|ichi1
たんにん,た,ん,0,high,ichi1|news1|nf10
かいへい,か,い,0,high,news1|nf22
しずか,し,か,0,high,ichi1|news1|nf05
やばん,や,ん,0,high,ichi1|news2|nf25
みじけえ,み,え,0,high,ichi1|news2|nf25
ふくけん,ふ,ん,0,high,news1|nf09
えんか,え,か,0,high,news1|nf12|nf18
ゆうざあ,ゆ,あ,0,high,gai1
しゆつがん,し,ん,0,high,ichi1|news1|nf13
いとめる,い,る,0,high,news1|nf22
ながめ,な,め,0,high,ichi1|news1|news2|nf18|nf28
しよつけん,し,ん,0,high,news1|nf19
はいしん,は,ん,0,high,news1|nf14|nf23
のうどうてき,の,き,0,high,ichi1
ひきとり,ひ,り,0,high,news1|nf19
じゆんかん,じ,ん,0,high,ichi1|news1|nf11
れんじ,れ,じ,0,high,gai1
いんふら,い,ら,0,high,gai1
ぴりおど,ぴ,ど,0,high,gai1|ichi1
せんびん,せ,ん,0,high,ichi1|news2|nf35
ひのめ,ひ,め,0,high,news1|nf23
まじうる,ま,る,0,high,news1|nf16
ぐんい,ぐ,い,0,high,news1|nf24
つめる,つ,る,0,high,ichi1
ずいひつ,ず,つ,0,high,ichi1|news1|nf18
でんえん,で,ん,0,high,ichi1|news1|nf11
つかいすて,つ,て,0,high,ichi1|news1|nf17
ちゆうさい,ち,い,0,high,ichi1|news1|nf16
ごるふ,ご,ふ,0,high,gai1|ichi1
たいこく,た,く,0,high,ichi1|news1|nf02
ばつくん,ば,ん,0,high,ichi1|news1|nf11
ふさく,ふ,く,0,high,ichi1|news1|nf15
はかどる,は,る,0,high,ichi1
ほうする,ほ,る,0,high,news1|nf03
ろおる,ろ,る,0,high,gai1
しんしようしや,し,や,0,high,news1|nf14
こんしゆん,こ,ん,0,high,news1|nf03
さうんど,さ,ど,0,high,gai1
そうじき,そ,き,0,high,ichi1|news1|nf21
べつめい,べ,い,0,high,ichi1|news1|nf19
まぬけ,ま,け,0,high,ichi1
せんだい,せ,い,0,high,news1|nf18|spec1
しゆつど,し,ど,0,high,news1|nf18
どつぐふあいと,ど,と,0,high,gai1
しいれる,し,る,0,high,ichi1|news2|nf28
つかいわけ,つ,け,0,high,news1|nf23
しよもつ,し,つ,0,high,ichi1|news1|nf14
すりつと,す,と,0,high,gai1
しやれる,し,る,0,high,ichi1
しようあく,し,く,0,high,news1|nf20
ぶつりてき,ぶ,き,0,high,spec1
いちおう,い,う,0,high,ichi1|news1|nf09
こうひ,こ,ひ,0,high,news1|nf09|nf12
につちゆう,に,う,0,high,ichi1|news1|nf04
ぎゆうどん,ぎ,ん,0,high,spec1
ぱきすたん,ぱ,ん,0,high,gai1
なんとう,な,う,0,high,ichi1|news1|nf09
かりうむ,か,む,0,high,gai1
しいあは,し,は,0,high,spec1
ぜんめんてき,ぜ,き,0,high,ichi1|news1|nf04
すとろべりい,す,い,0,high,gai1
とんがらし,と,し,0,high,ichi1|news2|nf45
じゆうに,じ,に,0,high,news1|nf01
ていじ,て,じ,0,high,news1|nf10|nf15
どうりつ,ど,つ,0,high,news1|nf20
じひ,じ,ひ,0,high,ichi1|news1|news2|nf16|nf28
おんなのこ,お,こ,0,high,ichi1|news1|nf06
びじゆつかん,び,ん,0,high,ichi1|news1|nf03
あながち,あ,ち,0,high,ichi1
こころざす,こ,す,0,high,ichi1|news2|nf36
びすけつと,び,と,0,high,gai1|ichi1
なまなましい,な,い,0,high,news1|nf20
はずす,は,す,0,high,ichi1|news1|nf14
じやぽにか,じ,か,0,high,gai1
なび,な,び,0,high,gai1
ひとやすみ,ひ,み,0,high,ichi1
ねぎる,ね,る,0,high,ichi1|news2|nf47
げえと,げ,と,0,high,gai1
あつい,あ,い,0,high,ichi1|news1|news2|nf14|nf29|nf34
しゆき,し,き,0,high,news1|nf16
こうじちゆう,こ,う,0,high,spec1
いつしき,い,き,0,high,news1|nf22
にんじよう,に,う,0,high,ichi1|news1|nf13
もう,も,う,0,high,ichi1
もつなべ,も,べ,0,high,spec1
にくしよく,に,く,0,high,ichi1|news2|nf26
のるま,の,ま,0,high,spec1
さあばあ,さ,あ,0,high,gai1
げいじゆつか,げ,か,0,high,news1|nf11
ばんぐみ,ば,み,0,high,ichi1|news1|nf01
てあて,て,て,0,high,ichi1|news1|nf07
てつだう,て,う,0,high,ichi1|news2|nf46
さんふじんか,さ,か,0,high,ichi1|news1|nf13
あま,あ,ま,0,high,gai1
いさく,い,く,0,high,news1|nf22
らいてん,ら,ん,0,high,news1|nf24
そしよう,そ,う,0,high,ichi1|news1|nf02
きめつける,き,る,0,high,ichi1|news2|nf27
だろうか,だ,か,0,high,spec1
しんぷう,し,う,0,high,news1|nf19
しいくれつと,し,と,0,high,gai1
せんべい,せ,い,0,high,ichi1
てえまぱあく,て,く,0,high,gai1
やつき,や,き,0,high,news1|nf13
ばくりよう,ば,う,0,high,news1|nf17
かいにゆう,か,う,0,high,news1|nf03
ていこう,て,う,0,high,ichi1|news1|nf03
につけい,に,い,0,high,news1|nf05
いきずまり,い,り,0,high,news1|nf16
てはじめ,て,め,0,high,news1|nf19
さえぎる,さ,る,0,high,ichi1|news2|nf37
ねむり,ね,り,0,high,ichi1|news1|nf16
いちずける,い,る,0,high,news1|nf14
かぞく,か,く,0,high,ichi1|news1|nf01
せつない,せ,い,0,high,ichi1
あげ,あ,げ,0,high,news1|nf07|nf19
いつもどおり,い,り,0,high,spec1
おなじく,お,く,0,high,news1|nf20
どきよう,ど,う,0,high,news1|nf18
けんちよう,け,う,0,high,ichi1|news1|nf10
たいだ,た,だ,0,high,ichi1|news2|nf41
たいおんけい,た,い,0,high,ichi1|news2|nf37
まあけていんぐ,ま,ぐ,0,high,gai1
ゆきさき,ゆ,き,0,high,news1|nf18
はきよく,は,く,0,high,ichi1|news1|nf19
げし,げ,し,0,high,ichi1|news2|nf37
てのひら,て,ら,0,high,ichi1|news1|nf16
ころも,こ,も,0,high,news1|nf10
そのまま,そ,ま,0,high,ichi1
さけ,さ,け,0,high,ichi1|news1|news2|nf04|nf32|spec1
はじめまして,は,て,0,high,spec1
しえん,し,ん,0,high,ichi1|news1|nf01
だいちよう,だ,う,0,high,news1|nf15|nf18
ろくな,ろ,な,0,high,ichi1
ゆかした,ゆ,た,0,high,news1|nf17
げんざい,げ,い,0,high,ichi1|news1|nf01
こぼす,こ,す,0,high,ichi1
みずうり,み,り,0,high,gai1
うまれつき,う,き,0,high,ichi1|news2|nf32
じびよう,じ,う,0,high,news1|nf18
ていらにい,て,い,0,high,gai1
ござ,ご,ざ,0,high,ichi1
みやま,み,ま,0,high,news1|nf18
げんあん,げ,ん,0,high,news1|nf06
かうぼおい,か,い,0,high,gai1
かかわらず,か,ず,0,high,spec1
めとろぽりたん,め,ん,0,high,gai1
あわれむ,あ,む,0,high,ichi1
せつとくりよく,せ,く,0,high,spec1
ばんぱあ,ば,あ,0,high,gai1
もだんだんす,も,す,0,high,gai1
ふあんど,ふ,ど,0,high,gai1
ねばる,ね,る,0,high,ichi1|news2|nf38
しつかり,し,り,0,high,ichi1
ふりこ,ふ,こ,0,high,news1|nf23
あぐら,あ,ら,0,high,ichi1
かきごおり,か,り,0,high,spec1
らふと,ら,と,0,high,gai1
くらべ,く,べ,0,high,news1|nf13
ぎじよう,ぎ,う,0,high,news1|nf10
そんでもつて,そ,て,0,high,spec1
あらいもん,あ,ん,0,high,ichi1|news2|nf45
むのう,む,う,0,high,ichi1|news2|nf30
さおとめ,さ,め,0,high,news1|nf13
まで,ま,で,0,high,news2|nf46|spec1
ふうぞく,ふ,く,0,high,ichi1|news1|nf10
おき,お,き,0,high,ichi1|news1|nf16
もくざい,も,い,0,high,ichi1|news1|nf07
しやんぱん,し,ん,0,high,gai1
おつしやる,お,る,0,high,ichi1
じやんくしよん,じ,ん,0,high,gai1
けれど,け,ど,0,high,ichi1
たいら,た,ら,0,high,ichi1
じゆうどう,じ,う,0,high,ichi1|news1|nf05
かてい,か,い,0,high,ichi1|news1|news2|nf01|nf03|nf10|nf29
むうん,む,ん,0,high,gai1
あみのさん,あ,ん,0,high,spec1
ふちよう,ふ,う,0,high,ichi1|news1|news2|nf09|nf42
ゆるす,ゆ,す,0,high,ichi1|news1|nf04
とたん,と,ん,0,high,gai1|ichi1|news2|nf26
せえるすまん,せ,ん,0,high,gai1|ichi1
しよぶん,し,ん,0,high,ichi1|news1|nf02
ながめる,な,る,0,high,ichi1|news1|nf21
れこおど,れ,ど,0,high,gai1|ichi1
とうかつ,と,つ,0,high,news1|nf18
しいて,し,て,0,high,ichi1
かぞいろは,か,は,0,high,ichi1|news1|nf06
みせ,み,せ,0,high,ichi1
まかろに,ま,に,0,high,gai1
とうろん,と,ん,0,high,ichi1|news1|nf05
ちあがある,ち,る,0,high,gai1
おつかい,お,い,0,high,news2|nf36|spec1
はやる,は,る,0,high,ichi1
まんと,ま,と,0,high,gai1
じつようてき,じ,き,0,high,ichi1|news2|nf26
くろと,く,と,0,high,ichi1|news2|nf29
いぜん,い,ん,0,high,ichi1|news1|nf03|nf04
えいたんご,え,ご,0,high,spec1
らんなあ,ら,あ,0,high,gai1
れもん,れ,ん,0,high,gai1|ichi1
ぞうさん,ぞ,ん,0,high,news1|nf12
はあもにか,は,か,0,high,gai1
こまか,こ,か,0,high,news1|nf13
だんとつ,だ,つ,0,high,spec1
がくや,が,や,0,high,news1|nf21
つばめ,つ,め,0,high,ichi1|news1|nf21|spec1
えるさるばどる,え,る,0,high,gai1
えいじ,え,じ,0,high,news1|nf14
えん,え,ん,0,high,ichi1|news1|nf05|nf09
しゆつちよう,し,う,0,high,ichi1|news1|nf07
きそん,き,ん,0,high,news1|news2|nf06|nf38|spec1
ぐらふ,ぐ,ふ,0,high,gai1|ichi1
かいむ,か,む,0,high,news1|nf16
もより,も,り,0,high,news1|nf20
むえき,む,き,0,high,ichi1|news2|nf41
まいこん,ま,ん,0,high,gai1
かんぜんしあい,か,い,0,high,news1|nf21
とくひよう,と,う,0,high,news1|nf04
おおけすとら,お,ら,0,high,gai1|ichi1
ゆるやか,ゆ,か,0,high,ichi1|news1|nf08
れいかん,れ,ん,0,high,ichi1|news2|nf26
ひかえ,ひ,え,0,high,news1|nf13
ふうかく,ふ,く,0,high,news1|nf18
あいだ,あ,だ,0,high,ichi1|news1|nf05
なぜか,な,か,0,high,ichi1
りゆうちじよう,り,う,0,high,news1|nf21
かずかず,か,ず,0,high,news1|nf07
えんそく,え,く,0,high,ichi1|news2|nf25
ひきはなす,ひ,す,0,high,ichi1|news2|nf32
かりいれきん,か,ん,0,high,news1|nf08
ふあいる,ふ,る,0,high,gai1
せび,せ,び,0,high,ichi1|news2|nf35
てぶり,て,り,0,high,ichi1|news2|nf44
ぼおい,ぼ,い,0,high,gai1|ichi1
ぜりい,ぜ,い,0,high,gai1
いあん,い,ん,0,high,news1|nf03
さつぽろ,さ,ろ,0,high,spec1
いみふめい,い,い,0,high,spec1
げる,げ,る,0,high,gai1
かつら,か,ら,0,high,ichi1|news1|nf09
きようてい,き,い,0,high,news1|nf01|nf24
あぐれつしぶ,あ,ぶ,0,high,gai1
けんさつかん,け,ん,0,high,news1|nf11
きゆうは,き,は,0,high,news1|nf20
だつりゆう,だ,う,0,high,news1|nf24
えいり,え,り,0,high,ichi1|news1|nf14
いとまがない,い,い,0,high,spec1
せいたん,せ,ん,0,high,ichi1|news1|nf13
らいとばん,ら,ん,0,high,gai1
びじねす,び,す,0,high,gai1|ichi1
きく,き,く,0,high,ichi1|news1|nf09|spec1
りゆうと,り,と,0,high,gai1
めきしこ,め,こ,0,high,spec1
せいきよういく,せ,く,0,high,news1|nf17
ようせつ,よ,つ,0,high,news1|nf20
とりくち,と,ち,0,high,news1|nf19
ゆうが,ゆ,が,0,high,news1|nf14
まず,ま,ず,0,high,ichi1
しやせん,し,ん,0,high,news1|nf16
きにいり,き,り,0,high,news1|nf23
こんとらばす,こ,す,0,high,gai1
じよせい,じ,い,0,high,ichi1|news1|nf01|nf04
けつして,け,て,0,high,ichi1|news1|nf03
かけざん,か,ん,0,high,ichi1
そうしゆん,そ,ん,0,high,ichi1|news2|nf26
くいちがい,く,い,0,high,ichi1|news1|nf12
えいち,え,ち,0,high,news1|nf22
かちこし,か,し,0,high,news1|nf08
ゆうふく,ゆ,く,0,high,ichi1|news1|nf20
すたぶ,す,ぶ,0,high,gai1
ざいもく,ざ,く,0,high,ichi1|news1|nf21
ほつといてくれ,ほ,れ,0,high,spec1
ひりつ,ひ,つ,0,high,ichi1|news1|nf03
どんぶり,ど,り,0,high,ichi1|news1|nf17
がつちり,が,り,0,high,ichi1
ふしんにん,ふ,ん,0,high,news1|nf05
そしたら,そ,ら,0,high,spec1
ひるこ,ひ,こ,0,high,news1|nf19
らいぶらりい,ら,い,0,high,gai1
げんぎ,げ,ぎ,0,high,news1|nf22
しゆうかん,し,ん,0,high,ichi1|news1|nf04|nf06|nf12
じどうてき,じ,き,0,high,news1|nf08
でりけえと,で,と,0,high,gai1
でんぱた,で,た,0,high,ichi1|news1|nf16
すきやき,す,き,0,high,ichi1
くらうん,く,ん,0,high,gai1
かたろぐ,か,ぐ,0,high,gai1|ichi1
へりこぷたあ,へ,あ,0,high,gai1|ichi1
おじようさん,お,ん,0,high,ichi1|news1|nf21
くきよう,く,う,0,high,news1|nf11
かりいれ,か,れ,0,high,news1|nf10
さかみせ,さ,せ,0,high,news1|nf22
かもしれん,か,ん,0,high,spec1
ふえあぷれえ,ふ,え,0,high,gai1
といえば,と,ば,0,high,spec1
いつたん,い,ん,0,high,ichi1|news1|nf11
ふつう,ふ,う,0,high,ichi1|news1|nf02|nf19
ひえる,ひ,る,0,high,ichi1|news1|nf24
かんこく,か,く,0,high,news1|nf01|nf04
そひん,そ,ん,0,high,spec1
はんおう,は,う,0,high,ichi1|news1|nf03
いそ,い,そ,0,high,news1|nf01|nf16|spec1
きやつかんてき,き,き,0,high,ichi1|news1|nf10
むせいぶつ,む,つ,0,high,ichi1
のばす,の,す,0,high,ichi1|news2|nf42
よこもじ,よ,じ,0,high,ichi1|news2|nf30
ろつく,ろ,く,0,high,gai1|ichi1
まくした,ま,た,0,high,news1|nf15
ぺつさりい,ぺ,い,0,high,gai1
ちよくげき,ち,き,0,high,ichi1|news1|nf15
げんどがく,げ,く,0,high,news1|nf10
ねんぽう,ね,う,0,high,news1|nf09
せいじ,せ,じ,0,high,ichi1|news1|nf01
かれえ,か,え,0,high,gai1|ichi1
しめし,し,し,0,high,news1|nf14
しんりてき,し,き,0,high,spec1
ほんき,ほ,き,0,high,ichi1|news1|nf09
ほうおう,ほ,う,0,high,news1|nf19
だいえつと,だ,と,0,high,gai1
きいまん,き,ん,0,high,gai1
かえつて,か,て,0,high,ichi1
きと,き,と,0,high,news1|nf18
しゆみつとかめら,し,ら,0,high,gai1
すくうぷ,す,ぷ,0,high,gai1
しようび,し,び,0,high,ichi1|news2|nf27
こていひ,こ,ひ,0,high,news1|nf24
せんかん,せ,ん,0,high,news1|nf22
ぽてんしやる,ぽ,る,0,high,gai1
やあど,や,ど,0,high,gai1
ゆうぼう,ゆ,う,0,high,ichi1|news1|nf12
じようしやけん,じ,ん,0,high,ichi1|news2|nf28
だんぞく,だ,く,0,high,news1|nf11
やはり,や,り,0,high,ichi1
てまえ,て,え,0,high,ichi1|news1|nf08
うるおう,う,う,0,high,ichi1|news2|nf39
とうせき,と,き,0,high,news1|nf21|nf22|nf24
しやつくり,し,り,0,high,ichi1
でんどう,で,う,0,high,news1|nf15|nf18|nf19
あんばらんす,あ,す,0,high,gai1
めたぼりつく,め,く,0,high,spec1
じゆんこう,じ,う,0,high,news1|nf20
てきとお,て,お,0,high,ichi1|news1|nf06
ふくしよく,ふ,く,0,high,ichi1|news1|nf20
あんじゆう,あ,う,0,high,news2|nf37|spec1
ひようろん,ひ,ん,0,high,ichi1|news1|nf08
たくす,た,す,0,high,ichi1|news1|nf21
きこん,き,ん,0,high,news1|nf16
ぎやる,ぎ,る,0,high,gai1
よじん,よ,ん,0,high,news1|nf17
まいく,ま,く,0,high,gai1|ichi1
じようえん,じ,ん,0,high,ichi1|news1|nf07
ぜんてい,ぜ,い,0,high,ichi1|news1|nf02
いろけ,い,け,0,high,news1|nf20
りつぽうめえとる,り,る,0,high,news1|nf11
あたたまる,あ,る,0,high,ichi1|news1|nf24
しいでいいぷれいやあ,し,あ,0,high,spec1
がつきよく,が,く,0,high,news1|nf20
らんどさつと,ら,と,0,high,gai1
びいち,び,ち,0,high,gai1|ichi1
ろおすと,ろ,と,0,high,gai1
りんや,り,や,0,high,news1|nf24
ぜんしようせん,ぜ,ん,0,high,news1|nf16
ふえあうえい,ふ,い,0,high,spec1
ふおつくすとろつと,ふ,と,0,high,gai1
せいねん,せ,ん,0,high,ichi1|news1|nf03|nf18
じようけん,じ,ん,0,high,ichi1|news1|nf01
いつけ,い,け,0,high,ichi1|news1|nf04
さくしゆ,さ,ゆ,0,high,ichi1|news2|nf34
ちば,ち,ば,0,high,spec1
ちいき,ち,き,0,high,ichi1|news1|nf01
いど,い,ど,0,high,ichi1|news1|news2|nf09|nf30
いんたい,い,い,0,high,ichi1|news1|nf05
そうもく,そ,く,0,high,ichi1|news1|nf24
あいりす,あ,す,0,high,gai1
なななぬか,な,か,0,high,news1|nf08
へいまく,へ,く,0,high,news1|nf16
じゆりい,じ,い,0,high,gai1
いいぐる,い,る,0,high,gai1
まけ,ま,け,0,high,ichi1|news1|nf05
さいらい,さ,い,0,high,news1|nf16
ぼくちく,ぼ,く,0,high,ichi1|news2|nf31
たに,た,に,0,high,ichi1|news1|nf03
やかましい,や,い,0,high,ichi1
こうぞく,こ,く,0,high,news1|nf11|nf17
たいざいちゆう,た,う,0,high,spec1
ていきようしや,て,や,0,high,news1|nf10
たはたけ,た,け,0,high,ichi1|news1|nf16
わかもの,わ,の,0,high,ichi1|news1|nf02
りめん,り,ん,0,high,news1|nf19
ろうせつ,ろ,つ,0,high,spec1
とうり,と,り,0,high,news1|nf17
くらいみんぐ,く,ぐ,0,high,gai1
こつそり,こ,り,0,high,ichi1
ゆうどう,ゆ,う,0,high,ichi1|news1|nf08
りがいかんけい,り,い,0,high,news1|nf22
しよくいん,し,ん,0,high,ichi1|news1|nf01
てなあ,て,あ,0,high,gai1
がつしよう,が,う,0,high,ichi1|news1|nf10
ざんだか,ざ,か,0,high,ichi1|news1|nf06
こなみるく,こ,く,0,high,news1|nf23
りとう,り,う,0,high,news1|nf06|nf18
ねばねば,ね,ば,0,high,ichi1
じえらしい,じ,い,0,high,gai1
おつかれさま,お,ま,0,high,spec1
わずらわしい,わ,い,0,high,ichi1|news2|nf43
ざんぎよう,ざ,う,0,high,ichi1|news1|nf08
ちやくしよく,ち,く,0,high,ichi1|news2|nf27
じようしゆ,じ,ゆ,0,high,ichi1|news1|nf12
りんやちよう,り,う,0,high,news1|nf17
いつこう,い,う,0,high,ichi1|news1|nf23
さとう,さ,う,0,high,ichi1|news1|nf08
もちかぶ,も,ぶ,0,high,news1|nf12
ばけがく,ば,く,0,high,ichi1|news1|nf04
ほしようにん,ほ,ん,0,high,ichi1|news1|nf20
おすみつき,お,き,0,high,spec1
そおぷらんど,そ,ど,0,high,gai1
はいらんど,は,ど,0,high,gai1
おもで,お,で,0,high,ichi1|news1|nf07
わるぐち,わ,ち,0,high,ichi1|news1|nf14|spec1
うちようてん,う,ん,0,high,ichi1|news2|nf37
じじつむこん,じ,ん,0,high,news1|nf18
ふかひ,ふ,ひ,0,high,ichi1|news1|nf17
きようそうにゆうさつ,き,つ,0,high,spec1
しようにん,し,ん,0,high,ichi1|news1|news2|nf02|nf13|nf29
ごうひ,ご,ひ,0,high,news1|nf16
きやつしゆかあど,き,ど,0,high,gai1|ichi1
うんゆ,う,ゆ,0,high,ichi1|news1|nf03
すきい,す,い,0,high,gai1|ichi1
かたみ,か,み,0,high,ichi1|news2|nf35
へいえき,へ,き,0,high,ichi1|news1|nf18
ちようもん,ち,ん,0,high,news1|nf16|nf23
れつど,れ,ど,0,high,gai1
さしとめ,さ,め,0,high,news1|nf09
わいるど,わ,ど,0,high,gai1
びざ,び,ざ,0,high,gai1|ichi1
くうぜん,く,ん,0,high,news1|nf13
べいぐん,べ,ん,0,high,spec1
げきど,げ,ど,0,high,news1|nf23
すばやい,す,い,0,high,ichi1|news1|nf13
ゆきわたる,ゆ,る,0,high,ichi1|news2|nf38
あざむく,あ,く,0,high,ichi1
ありさま,あ,ま,0,high,ichi1|news1|nf23
とつきよ,と,よ,0,high,ichi1|news1|nf08
りさあち,り,ち,0,high,gai1
げい,げ,い,0,high,gai1|news1|nf05
さぷらい,さ,い,0,high,gai1
こじいん,こ,ん,0,high,news1|nf22
とらすと,と,と,0,high,gai1
さからう,さ,う,0,high,ichi1|news2|nf40
まるたあぜ,ま,ぜ,0,high,gai1
ぷれじでんと,ぷ,と,0,high,gai1
そさえてい,そ,い,0,high,gai1
もどし,も,し,0,high,news1|nf11
じかんたい,じ,い,0,high,spec1
じようれい,じ,い,0,high,ichi1|news1|nf06
あきる,あ,る,0,high,ichi1|news2|nf26
よやくちゆうもん,よ,ん,0,high,spec1
くう,く,う,0,high,ichi1|news2|nf33|spec1
とうとい,と,い,0,high,ichi1|news2|nf27
ぼや,ぼ,や,0,high,ichi1
あめえば,あ,ば,0,high,gai1
けんちくし,け,し,0,high,news1|nf23
だいきらい,だ,い,0,high,ichi1|news2|nf26
となり,と,り,0,high,ichi1|news1|nf04
そろ,そ,ろ,0,high,gai1
じつ,じ,つ,0,high,news1|nf04
かるばどす,か,す,0,high,gai1
ていきびん,て,ん,0,high,news1|nf24
やまかじ,や,じ,0,high,news1|nf22
かつき,か,き,0,high,ichi1|news1|nf12
くつがえす,く,す,0,high,news1|nf16
さんや,さ,や,0,high,news1|nf17
うずめる,う,る,0,high,ichi1
のみみず,の,ず,0,high,ichi1|news1|nf24
しはらいほうほう,し,う,0,high,spec1
ひあ,ひ,あ,0,high,gai1
しきさい,し,い,0,high,ichi1|news1|nf06
めす,め,す,0,high,gai1|ichi1|news1|nf15
しさつ,し,つ,0,high,ichi1|news1|nf06
ちんじゆつ,ち,つ,0,high,news1|nf09
べんご,べ,ご,0,high,ichi1|news1|nf05
かいが,か,が,0,high,ichi1|news1|nf03
みかく,み,く,0,high,ichi1|news1|nf16
うちこみ,う,み,0,high,news1|nf20
びゆうろお,び,お,0,high,gai1
べついん,べ,ん,0,high,news1|nf16
いこおる,い,る,0,high,gai1
へんじや,へ,や,0,high,news1|nf22
れいんぼおふいつしゆ,れ,ゆ,0,high,gai1
いえがら,い,ら,0,high,ichi1|news2|nf37
みすてる,み,る,0,high,ichi1|news2|nf34
ふごう,ふ,う,0,high,ichi1|news1|news2|nf20|nf35
こよい,こ,い,0,high,news2|nf46|spec1
ういんたあすぽおつ,う,つ,0,high,gai1
しだいに,し,に,0,high,ichi1|news1|nf06
ふくぶ,ふ,ぶ,0,high,news1|nf17
すぐに,す,に,0,high,spec1
みならう,み,う,0,high,ichi1|news2|nf47
しようだい,し,い,0,high,ichi1|news1|nf05
あやふや,あ,や,0,high,ichi1
こいびと,こ,と,0,high,ichi1|news1|nf07
だせん,だ,ん,0,high,news1|nf03
げんろん,げ,ん,0,high,ichi1|news1|nf08
はねる,は,る,0,high,ichi1|news2|nf40
ちえんじ,ち,じ,0,high,gai1|ichi1
のです,の,す,0,high,spec1
ぷれえぼおる,ぷ,る,0,high,gai1
ざんりゆう,ざ,う,0,high,news1|nf05
すつぽり,す,り,0,high,spec1
わずらう,わ,う,0,high,ichi1|news2|nf27
かたげる,か,る,0,high,ichi1
めぐむ,め,む,0,high,ichi1
にんずう,に,う,0,high,ichi1|news1|nf06
はらつぱ,は,ぱ,0,high,ichi1|news2|nf32
ていせん,て,ん,0,high,news1|nf02
ひきどき,ひ,き,0,high,news1|nf17
しつないがく,し,く,0,high,news1|nf18
しんすい,し,い,0,high,news1|nf19
かんぷ,か,ぷ,0,high,news1|nf15
めんつ,め,つ,0,high,ichi1
すると,す,と,0,high,ichi1
きよくたん,き,ん,0,high,ichi1|news1|nf06
にじゆうよにち,に,ち,0,high,spec1
じゆうふく,じ,く,0,high,ichi1|news1|nf18
じつけんしつ,じ,つ,0,high,news1|nf18
ないじ,な,じ,0,high,news1|nf18
もうしわけありません,も,ん,0,high,ichi1
ねんすう,ね,う,0,high,news1|nf13
おうによ,お,よ,0,high,ichi1|news1|nf20
なぞらえる,な,る,0,high,ichi1
やまかわ,や,わ,0,high,news1|nf19
ああばん,あ,ん,0,high,gai1
しんぞく,し,く,0,high,ichi1|news1|nf10
だれにでも,だ,も,0,high,spec1
ねんがん,ね,ん,0,high,ichi1|news1|nf10
とりにとろとるえん,と,ん,0,high,gai1
えんきよく,え,く,0,high,ichi1
こみつく,こ,く,0,high,gai1
よういん,よ,ん,0,high,ichi1|news1|nf03|nf04
せいしゆく,せ,く,0,high,ichi1|news2|nf44
すきん,す,ん,0,high,gai1
たがる,た,る,0,high,spec1
しんぼりつく,し,く,0,high,gai1
ちようへい,ち,い,0,high,ichi1|news1|nf14
ろおらあ,ろ,あ,0,high,gai1
まにきゆあ,ま,あ,0,high,gai1
びよういん,び,ん,0,high,ichi1|news1|news2|nf01|nf25
ぐんじん,ぐ,ん,0,high,ichi1|news1|nf05
とれんちこおと,と,と,0,high,gai1
となると,と,と,0,high,spec1
がつしようだん,が,ん,0,high,news1|nf13
へるにあ,へ,あ,0,high,gai1
しきゆう,し,う,0,high,ichi1|news1|news2|nf04|nf05|nf12|nf13|nf25
ぼでいこん,ぼ,ん,0,high,gai1
ぼくら,ぼ,ら,0,high,spec1
しようち,し,ち,0,high,ichi1|news1|nf08|nf11
いずみ,い,み,0,high,ichi1|news1|nf06
りようしん,り,ん,0,high,ichi1|news1|nf03|nf14
ひさい,ひ,い,0,high,news1|nf06
しんちよく,し,く,0,high,spec1
かたさ,か,さ,0,high,ichi1|news1|nf23
げんきゆう,げ,う,0,high,news1|nf11|nf18
せつしよく,せ,く,0,high,ichi1|news1|nf05
しやさい,し,い,0,high,news1|nf08
わしき,わ,き,0,high,ichi1
しゆうえき,し,き,0,high,news1|nf04
おさきに,お,に,0,high,spec1
うわむき,う,き,0,high,news1|nf20
はくば,は,ば,0,high,news1|nf16
しゆだん,し,ん,0,high,ichi1|news1|nf03
ぱらぼらあんてな,ぱ,な,0,high,gai1
れきしてき,れ,き,0,high,ichi1|news1|nf05
すとりいと,す,と,0,high,gai1
ごくひ,ご,ひ,0,high,ichi1|news1|nf11
よびみず,よ,ず,0,high,news1|nf23
るうふ,る,ふ,0,high,gai1
ぶんぷ,ぶ,ぷ,0,high,ichi1|news1|nf13
こうしきせん,こ,ん,0,high,news1|nf09
きようごう,き,う,0,high,news1|nf09|nf19
つうこん,つ,ん,0,high,news1|nf22
こずつみ,こ,み,0,high,ichi1|news1|nf22
ぞつこう,ぞ,う,0,high,news1|nf18
だいとし,だ,し,0,high,spec1
おやかた,お,た,0,high,news1|nf06
どぶ,ど,ぶ,0,high,ichi1|spec1
おんしよく,お,く,0,high,ichi1|news1|nf15
あいことば,あ,ば,0,high,news1|nf16
いくせい,い,い,0,high,news1|nf05
てろりずむ,て,む,0,high,gai1
いきき,い,き,0,high,ichi1|news2|nf33|spec1
じようず,じ,ず,0,high,ichi1|news1|nf12
えちご,え,ご,0,high,news1|nf17
ぶうめらん,ぶ,ん,0,high,gai1
けいかくてき,け,き,0,high,news1|nf14
つかさどる,つ,る,0,high,spec1
みどころ,み,ろ,0,high,ichi1|news1|nf14
とうほく,と,く,0,high,news1|nf02
のみねえと,の,と,0,high,gai1
はずかしい,は,い,0,high,ichi1|news2|nf28
たぶ,た,ぶ,0,high,spec1
しゆすい,し,い,0,high,news1|nf17
せんじん,せ,ん,0,high,news1|nf21|nf24
いしけつてい,い,い,0,high,news1|nf12
ゆさい,ゆ,い,0,high,news1|nf16
けれども,け,も,0,high,ichi1
ふれあい,ふ,い,0,high,ichi1|news1|nf16
じゆうぞく,じ,く,0,high,ichi1|news2|nf26
ずじよう,ず,う,0,high,news1|nf18
ちようばつ,ち,つ,0,high,news1|nf19
どうにもならない,ど,い,0,high,spec1
ぎよぎよう,ぎ,う,0,high,ichi1|news1|nf05
せいみつ,せ,つ,0,high,ichi1|news1|nf12
かまあばんど,か,ど,0,high,gai1
じこう,じ,う,0,high,ichi1|news1|nf05|nf12
たおす,た,す,0,high,ichi1|news1|nf22
うわてなげ,う,げ,0,high,news1|nf22
どれす,ど,す,0,high,gai1|ichi1
じむかん,じ,ん,0,high,news1|nf22
めん,め,ん,0,high,ichi1|news1|news2|nf15|nf28|spec1
わかり,わ,り,0,high,news1|nf09
びしん,び,ん,0,high,news1|nf17
ひよつとしたら,ひ,ら,0,high,spec1
だんがん,だ,ん,0,high,news1|nf20
さいえんす,さ,す,0,high,gai1
ちようこう,ち,う,0,high,ichi1|news1|nf12|nf17|nf21
ばくはつ,ば,つ,0,high,ichi1|news1|nf04
ずうつと,ず,と,0,high,spec1
ちようだい,ち,い,0,high,ichi1|news2|nf25|nf45
こうちよう,こ,う,0,high,ichi1|news1|nf03|nf22
しよか,し,か,0,high,ichi1|news1|nf15|nf16
けいゆ,け,ゆ,0,high,ichi1|news1|nf07|nf15
いつそ,い,そ,0,high,ichi1
たいい,た,い,0,high,news1|nf18
れいはい,れ,い,0,high,news1|nf15
へいねん,へ,ん,0,high,ichi1|news1|nf08
なやます,な,す,0,high,news1|nf12
かみつ,か,つ,0,high,news1|nf16
へいせつ,へ,つ,0,high,news1|nf24
さかん,さ,ん,0,high,ichi1|news1|nf05
もうしこむ,も,む,0,high,ichi1|news2|nf39
いずれか,い,か,0,high,spec1
ぜいじやく,ぜ,く,0,high,news2|nf39|spec1
よどむ,よ,む,0,high,ichi1
むしよぞく,む,く,0,high,news1|nf04
これくしよん,こ,ん,0,high,gai1
こうちしよ,こ,よ,0,high,news1|nf11
だんめん,だ,ん,0,high,news1|nf18
こんび,こ,び,0,high,gai1
ちけい,ち,い,0,high,ichi1|news1|nf14
なんばあぷれえと,な,と,0,high,gai1
ししゆんき,し,き,0,high,news1|nf21
ぜんそくりよく,ぜ,く,0,high,ichi1|news2|nf47
といれ,と,れ,0,high,gai1|ichi1
くふう,く,う,0,high,ichi1|news1|nf05
しきよく,し,く,0,high,ichi1|news1|nf02
もともと,も,と,0,high,ichi1|news2|nf33
しんりよう,し,う,0,high,ichi1|news1|nf05
じはんき,じ,き,0,high,spec1
おまわりさん,お,ん,0,high,ichi1|news2|nf40
たがいに,た,に,0,high,ichi1|news1|nf05
けいか,け,か,0,high,ichi1|news1|nf05
のんびり,の,り,0,high,ichi1
しよとう,し,う,0,high,news1|nf12|spec1
きよえいしん,き,ん,0,high,ichi1
はやびけ,は,け,0,high,ichi1
たんき,た,き,0,high,ichi1|news1|news2|nf04|nf47
すいじ,す,じ,0,high,ichi1|news2|nf27
かこ,か,こ,0,high,ichi1|news1|nf01
はくりよく,は,く,0,high,ichi1|news1|nf08
きのどく,き,く,0,high,ichi1|news2|nf28
ばくは,ば,は,0,high,news1|nf09
まんすりい,ま,い,0,high,gai1
すぎよう,す,う,0,high,ichi1
じじ,じ,じ,0,high,ichi1|news1|nf01|nf09
たにあい,た,い,0,high,news1|nf17
えんたあていんめんと,え,と,0,high,gai1
かたおもい,か,い,0,high,ichi1|news2|nf39
ぶんじよう,ぶ,う,0,high,news1|nf11|nf22
でいてえる,で,る,0,high,gai1
とうけつ,と,つ,0,high,ichi1|news1|nf05
ほる,ほ,る,0,high,ichi1|news1|news2|nf06|nf27|nf35
うまれそだつ,う,つ,0,high,spec1
やすい,や,い,0,high,ichi1|news2|nf47
ろいやりてい,ろ,い,0,high,spec1
ていせい,て,い,0,high,ichi1|news1|nf12|nf22
いりぐち,い,ち,0,high,ichi1|news1|nf05
はるやすみ,は,み,0,high,news1|nf24
まあたらしい,ま,い,0,high,news1|nf24
まいかい,ま,い,0,high,news1|nf08
きつと,き,と,0,high,gai1|ichi1
だいひようてき,だ,き,0,high,news1|nf12
ふつとう,ふ,う,0,high,ichi1|news1|nf18
はんべい,は,い,0,high,news1|nf14
おんしつ,お,つ,0,high,ichi1|news1|nf13|nf17
こにちわ,こ,わ,0,high,ichi1
めんめん,め,ん,0,high,news1|nf21
ちがいない,ち,い,0,high,ichi1
まめちしき,ま,き,0,high,spec1
めぞん,め,ん,0,high,gai1
しやくど,し,ど,0,high,news1|nf16
かなだ,か,だ,0,high,spec1
ゆうい,ゆ,い,0,high,news1|nf09
おくれ,お,れ,0,high,ichi1|news1|nf04
やすみ,や,み,0,high,ichi1|news1|nf05
ぐんかん,ぐ,ん,0,high,ichi1|news1|nf19
くいさがる,く,る,0,high,ichi1|news2|nf28
えいがかん,え,ん,0,high,ichi1|news1|nf09
ほうしやせん,ほ,ん,0,high,news1|nf07
たいいくかん,た,ん,0,high,spec1
ひてい,ひ,い,0,high,ichi1|news1|nf05
じつえん,じ,ん,0,high,news1|nf19
はつきり,は,り,0,high,ichi1|spec1
かんぱい,か,い,0,high,ichi1|news1|nf17|nf21
こまる,こ,る,0,high,ichi1|news2|nf30
わんたつち,わ,ち,0,high,gai1
きど,き,ど,0,high,news1|nf23
ろお,ろ,お,0,high,gai1
とぎ,と,ぎ,0,high,news1|nf05
あんせい,あ,い,0,high,ichi1|news2|nf28
ていあん,て,ん,0,high,ichi1|news1|nf02
はだ,は,だ,0,high,ichi1|news1|nf06
にかんして,に,て,0,high,spec1
このあいだ,こ,だ,0,high,ichi1
きもち,き,ち,0,high,ichi1|news1|nf01
からし,か,し,0,high,ichi1
にゆうこくかんりきよく,に,く,0,high,news1|nf15
どうせいあい,ど,い,0,high,news1|nf11
ゆうろ,ゆ,ろ,0,high,gai1
かつぐ,か,ぐ,0,high,ichi1|news2|nf39
がんばつて,が,て,0,high,news1|nf05
さだまる,さ,る,0,high,ichi1|news1|nf23
てもと,て,と,0,high,ichi1|news1|nf10
ぶぶんてき,ぶ,き,0,high,news1|nf14
しにせ,し,せ,0,high,news1|nf17
とわいらいと,と,と,0,high,gai1
ぶつりがく,ぶ,く,0,high,news1|nf09
じつかん,じ,ん,0,high,ichi1|news1|nf08
ほんじや,ほ,や,0,high,ichi1|news1|nf01
ますたあど,ま,ど,0,high,gai1
つて,つ,て,0,high,spec1
ひろびろ,ひ,ろ,0,high,spec1
かわいらしい,か,い,0,high,ichi1
さそい,さ,い,0,high,news1|nf14
ぐんぞく,ぐ,く,0,high,news1|nf18
ろうどう,ろ,う,0,high,ichi1|news1|nf01
ようふう,よ,う,0,high,ichi1|news2|nf25
ちたん,ち,ん,0,high,gai1
ぺんたごん,ぺ,ん,0,high,gai1
うちあわせ,う,せ,0,high,ichi1
ことができる,こ,る,0,high,spec1
だつたら,だ,ら,0,high,spec1
おおなあ,お,あ,0,high,gai1
あんしんかん,あ,ん,0,high,news1|nf16
じゆくれん,じ,ん,0,high,news1|nf22
えんぶん,え,ん,0,high,ichi1|news1|nf15
てもち,て,ち,0,high,news1|nf14
さくそふおん,さ,ん,0,high,gai1
おじやまします,お,す,0,high,spec1
のつとる,の,る,0,high,ichi1|news2|nf30
ぶんめん,ぶ,ん,0,high,news1|nf20
こじんてき,こ,き,0,high,news1|nf06
いねむり,い,り,0,high,ichi1|news2|nf26
ばろつく,ば,く,0,high,gai1
ちようてい,ち,い,0,high,ichi1|news1|nf06
うみのおや,う,や,0,high,news1|nf19
はへん,は,ん,0,high,ichi1|news1|nf12
ぶろおち,ぶ,ち,0,high,gai1
すたんど,す,ど,0,high,gai1|ichi1
につし,に,し,0,high,ichi1|news1|nf21
こういしつ,こ,つ,0,high,ichi1|news2|nf37
ととかるちよ,と,よ,0,high,gai1
しんぎ,し,ぎ,0,high,ichi1|news1|nf01|nf16|nf20
ねだる,ね,る,0,high,ichi1
りよこうけん,り,ん,0,high,spec1
にゆうがく,に,く,0,high,ichi1|news1|nf04
こめ,こ,め,0,high,ichi1
げんぶん,げ,ん,0,high,news1|nf20
うりば,う,ば,0,high,ichi1|news1|nf06
すいそう,す,う,0,high,news1|nf13
つかむ,つ,む,0,high,ichi1
ぐわい,ぐ,い,0,high,ichi1|news1|nf07
てぶくろ,て,ろ,0,high,ichi1|news1|nf17
ちゆうき,ち,き,0,high,news1|nf06
せんぱん,せ,ん,0,high,news1|nf16
とくだん,と,ん,0,high,news1|nf23
わけがない,わ,い,0,high,spec1
ゆりあ,ゆ,あ,0,high,gai1
とおくしよお,と,お,0,high,gai1
はらいもどす,は,す,0,high,ichi1|news2|nf47
せおよぎ,せ,ぎ,0,high,news1|nf20
いつのまにか,い,か,0,high,ichi1|spec1
にほんけいざい,に,い,0,high,spec1
おりかえす,お,す,0,high,ichi1|news2|nf30
めうえ,め,え,0,high,ichi1|news2|nf33
かいたい,か,い,0,high,ichi1|news1|nf04
よりみち,よ,ち,0,high,ichi1|news2|nf47
はつちやく,は,く,0,high,ichi1|news1|nf12
うらむ,う,む,0,high,ichi1|news2|nf47
りんけえじ,り,じ,0,high,gai1
きどう,き,う,0,high,ichi1|news1|news2|nf05|nf08|nf43|spec1
よびすて,よ,て,0,high,ichi1|news2|nf37
たえず,た,ず,0,high,ichi1
ほど,ほ,ど,0,high,ichi1|news2|nf27
じはつてき,じ,き,0,high,ichi1|news1|nf14
まつさお,ま,お,0,high,ichi1|news2|nf28
ちえつく,ち,く,0,high,gai1
めこ,め,こ,0,high,ichi1|news1|nf16
ほんい,ほ,い,0,high,news1|nf09
うとうと,う,と,0,high,ichi1
ぷれつしやあ,ぷ,あ,0,high,gai1
とうゆ,と,ゆ,0,high,ichi1|news1|nf15
せいしん,せ,ん,0,high,ichi1|news1|nf02|nf17
うたがい,う,い,0,high,ichi1|news1|nf01
さんぶつ,さ,つ,0,high,ichi1|news1|nf13
やさい,や,い,0,high,ichi1|news1|nf03
こうかい,こ,い,0,high,ichi1|news1|news2|nf02|nf09|nf15|nf16|nf27
ひとばん,ひ,ん,0,high,news1|nf21
げんに,げ,に,0,high,ichi1|news1|nf12
まちはずれ,ま,れ,0,high,ichi1
ほんとおに,ほ,に,0,high,ichi1
しゆつしや,し,や,0,high,news2|nf32|spec1
にぎりずし,に,し,0,high,ichi1|news2|nf46
うちがわ,う,わ,0,high,ichi1|news1|nf09
しろうと,し,と,0,high,ichi1|news1|nf09
きちよう,き,う,0,high,ichi1|news1|nf04|nf05|nf10|nf24
でんごん,で,ん,0,high,ichi1|news1|nf17
そろそろ,そ,ろ,0,high,ichi1
さて,さ,て,0,high,ichi1
くらす,く,す,0,high,gai1|ichi1|news2|nf39
ぐずぐず,ぐ,ず,0,high,ichi1
としあけ,と,け,0,high,news1|nf09
たちぎえ,た,え,0,high,news1|nf24
もちだし,も,し,0,high,news1|nf19
ちかすい,ち,い,0,high,news1|nf14
しようご,し,ご,0,high,ichi1|news1|nf03
ろでお,ろ,お,0,high,gai1
こうぼ,こ,ぼ,0,high,news1|nf08
しいそおげえむ,し,む,0,high,gai1
ぎあん,ぎ,ん,0,high,news1|nf16
かかりかん,か,ん,0,high,news1|nf16
べたあ,べ,あ,0,high,gai1
まなつ,ま,つ,0,high,ichi1|news1|nf14
しようよう,し,う,0,high,news1|nf16
いちにんまえ,い,え,0,high,ichi1|news1|nf16
せなか,せ,か,0,high,ichi1|news1|nf07
あしすと,あ,と,0,high,gai1
ひよつとすると,ひ,と,0,high,spec1
とまどう,と,う,0,high,ichi1|news2|nf41
まく,ま,く,0,high,ichi1|news1|nf04|nf11
とりもどす,と,す,0,high,ichi1|news2|nf38
かるてつと,か,と,0,high,gai1
すげ,す,げ,0,high,spec1
ぬぐ,ぬ,ぐ,0,high,ichi1|news2|nf44
ぜんめん,ぜ,ん,0,high,news1|nf02|nf06
そばむぎ,そ,ぎ,0,high,ichi1|news2|nf43
にんげんかんけい,に,い,0,high,news1|nf08
とおたる,と,る,0,high,gai1
せんぽう,せ,う,0,high,news1|nf14|nf23
ありよう,あ,う,0,high,ichi1|news1|nf23
ばらまく,ば,く,0,high,ichi2|spec1
どうたい,ど,い,0,high,ichi1|news1|nf19|nf20
ろうれい,ろ,い,0,high,news1|nf14
あいつぐ,あ,ぐ,0,high,news1|nf08
みきさあ,み,あ,0,high,gai1
しようすう,し,う,0,high,ichi1|news1|nf03
めいが,め,が,0,high,news1|nf16
はばつ,は,つ,0,high,ichi1|news1|nf02
えんぜつ,え,つ,0,high,ichi1|news1|nf02
しつち,し,ち,0,high,news1|nf09
でのみ,で,み,0,high,gai1
ともなう,と,う,0,high,ichi1|news2|nf41
ついげき,つ,き,0,high,news1|nf20
あらす,あ,す,0,high,ichi1|news1|nf22
ますげえむ,ま,む,0,high,gai1
あいのり,あ,り,0,high,news1|nf10
かんくきしようだい,か,い,0,high,news1|nf17
こんとろおらあ,こ,あ,0,high,gai1
たちどまる,た,る,0,high,ichi1|news2|nf38
かたくな,か,な,0,high,news1|nf20
きよか,き,か,0,high,ichi1|news1|nf03
ふろりだ,ふ,だ,0,high,gai1
おはこ,お,こ,0,high,news1|nf15
へりぽおと,へ,と,0,high,gai1
きよくげん,き,ん,0,high,ichi1|news1|nf15
りし,り,し,0,high,ichi1|news1|nf09
こけ,こ,け,0,high,news2|nf36|nf47|spec1
とらんくす,と,す,0,high,gai1
はばむ,は,む,0,high,ichi1|news1|nf13
さらいしゆう,さ,う,0,high,ichi1
いやいや,い,や,0,high,ichi1
しみじみ,し,み,0,high,spec1
せばんごう,せ,う,0,high,news1|nf14
なにごと,な,と,0,high,ichi1|news1|nf15
おとうと,お,と,0,high,ichi1|news1|nf04
ぎんざ,ぎ,ざ,0,high,news1|nf03
ごじつ,ご,つ,0,high,ichi1|news1|nf09|nf17
しゆうかく,し,く,0,high,ichi1|news1|nf07
せんきよせん,せ,ん,0,high,news1|nf06
さんそう,さ,う,0,high,news1|nf14
こおひいかつぷ,こ,ぷ,0,high,spec1
とくぎ,と,ぎ,0,high,ichi1|news2|nf25
たいべつ,た,つ,0,high,ichi1|news1|nf18
しようむ,し,む,0,high,news1|nf09
いんが,い,が,0,high,news1|nf13
そくざに,そ,に,0,high,spec1
ひろいもの,ひ,の,0,high,news1|nf13
ごほうび,ご,び,0,high,spec1
ぼせき,ぼ,き,0,high,news1|nf22
ろおぷ,ろ,ぷ,0,high,gai1|ichi1
そうらん,そ,ん,0,high,news1|nf16
すとおんうおつしゆ,す,ゆ,0,high,gai1
かふえ,か,え,0,high,gai1
はちがつ,は,つ,0,high,news1|nf01|spec1
あいろん,あ,ん,0,high,gai1|ichi1
しゆうくりいむ,し,む,0,high,gai1
れんちゆう,れ,う,0,high,ichi1|news1|nf12
こういん,こ,ん,0,high,news1|nf11|nf18
うんぱん,う,ん,0,high,ichi1|news1|nf11
はこぶ,は,ぶ,0,high,ichi1|news1|nf06
じよゆう,じ,う,0,high,ichi1|news1|nf04
ねまわし,ね,し,0,high,ichi1|news1|nf11
みくだす,み,す,0,high,news2|nf44|spec1
このへん,こ,ん,0,high,spec1
あかつき,あ,き,0,high,news1|nf12
せんち,せ,ち,0,high,gai1|ichi1|news1|nf20
とびおりる,と,る,0,high,ichi1|news2|nf28
たえる,た,る,0,high,ichi1|news1|news2|nf11|nf41
れいこく,れ,く,0,high,ichi1|news2|nf26
がくちよう,が,う,0,high,ichi1|news1|nf06
いつきゆう,い,う,0,high,news1|nf15
こんさるたんと,こ,と,0,high,gai1
かんれい,か,い,0,high,ichi1|news1|news2|nf11|nf29
さつたば,さ,ば,0,high,news1|nf24
もつか,も,か,0,high,ichi1
いつぽん,い,ん,0,high,news1|nf03
こうそく,こ,く,0,high,ichi1|news1|nf06|nf08|nf10|spec1
きふ,き,ふ,0,high,ichi1|news1|nf04
ゆうやけ,ゆ,け,0,high,ichi1|news2|nf29
じようちゆう,じ,う,0,high,news1|nf22
ぶつかしすう,ぶ,う,0,high,news1|nf18
にしぐち,に,ち,0,high,news1|nf12
ごしつぷ,ご,ぷ,0,high,gai1
ばんて,ば,て,0,high,news1|nf08
しつむ,し,む,0,high,news1|nf11
あたり,あ,り,0,high,ichi1|news1|nf07|nf20
どりんく,ど,く,0,high,gai1
かきとめ,か,め,0,high,ichi1|news1|nf14
やむ,や,む,0,high,ichi1|news2|nf26
むしんけい,む,い,0,high,ichi1|news2|nf32
さむい,さ,い,0,high,ichi1|news2|nf40
つきずえ,つ,え,0,high,ichi1|news1|nf15
どつぐふうど,ど,ど,0,high,spec1
もりこむ,も,む,0,high,news1|nf04
おにがみ,お,み,0,high,ichi1
すむ,す,む,0,high,ichi1|news2|nf38|nf39|nf47
ぐつすり,ぐ,り,0,high,ichi1
ける,け,る,0,high,ichi1
したう,し,う,0,high,ichi1|news2|nf28
すうはい,す,い,0,high,ichi1|news2|nf25
にもの,に,の,0,high,news1|nf21
ぼうぎよ,ぼ,よ,0,high,ichi1|news1|nf07
うちあげる,う,る,0,high,ichi1|news2|nf28
おうごんじだい,お,い,0,high,news1|nf21
こおていんぐ,こ,ぐ,0,high,gai1
めんふいす,め,す,0,high,gai1
はなたば,は,ば,0,high,ichi1|news1|nf13
いりようひん,い,ん,0,high,spec1
ほけんじよ,ほ,よ,0,high,news1|nf12|spec1
かんせつぜい,か,い,0,high,news1|nf13
どりぶる,ど,る,0,high,gai1
よこがお,よ,お,0,high,ichi1|news2|nf25
せんけん,せ,ん,0,high,news1|nf14|nf20
たほう,た,う,0,high,ichi1|news1|nf10
こみつしよなあ,こ,あ,0,high,gai1
めにゆう,め,う,0,high,gai1|ichi1
しゆつせき,し,き,0,high,ichi1|news1|nf03
とうぜん,と,ん,0,high,ichi1|news1|nf03
れでい,れ,い,0,high,gai1
てんてき,て,き,0,high,news1|nf16
いしばし,い,し,0,high,news1|nf10
かしだす,か,す,0,high,ichi1|news2|nf35
ぜい,ぜ,い,0,high,spec1
ぼいらあ,ぼ,あ,0,high,gai1
ほきよう,ほ,う,0,high,ichi1|news1|nf10
こけら,こ,ら,0,high,news2|nf36|spec1
ほくおう,ほ,う,0,high,news1|nf11
つよい,つ,い,0,high,ichi1|news1|nf18
いにしえ,い,え,0,high,news1|nf14
にゆうせいひん,に,ん,0,high,news1|nf16
ために,た,に,0,high,spec1
ばあさん,ば,ん,0,high,ichi1
あらぶ,あ,ぶ,0,high,gai1
ほつぷ,ほ,ぷ,0,high,gai1
みずべ,み,べ,0,high,news1|nf20
あろお,あ,お,0,high,gai1
あいでいあ,あ,あ,0,high,gai1
こくがく,こ,く,0,high,news1|nf13
そぶ,そ,ぶ,0,high,ichi1|news1|nf09
へびいすもおかあ,へ,あ,0,high,gai1
みいだす,み,す,0,high,ichi1
とりしまり,と,り,0,high,ichi1|news1|nf08
たいしゆう,た,う,0,high,ichi1|news1|nf05
しんはつばい,し,い,0,high,spec1
あつけ,あ,け,0,high,ichi1
たいせち,た,ち,0,high,ichi1|news1|nf02
さくりやく,さ,く,0,high,ichi1|news2|nf32
かようび,か,び,0,high,ichi1|news1|nf17
ちかよせる,ち,る,0,high,ichi1
きりがない,き,い,0,high,spec1
こうかいどう,こ,う,0,high,news1|nf13
しようりやく,し,く,0,high,ichi1|news2|nf32
しんせき,し,き,0,high,ichi1|news2|nf30
ぼさのば,ぼ,ば,0,high,gai1
ぎやつぷ,ぎ,ぷ,0,high,gai1
ひんと,ひ,と,0,high,gai1|ichi1
ぎようせいしよぶん,ぎ,ん,0,high,news1|nf13
すていたす,す,す,0,high,gai1
すら,す,ら,0,high,spec1
もつともらしい,も,い,0,high,ichi1
かじゆう,か,う,0,high,news1|nf17|nf19
ひかえる,ひ,る,0,high,ichi1|news1|nf06
みほんいち,み,ち,0,high,news1|nf17
けいふ,け,ふ,0,high,news1|nf22
まんめん,ま,ん,0,high,ichi1|news1|nf22
なお,な,お,0,high,ichi1|news1|nf05
こうりかかく,こ,く,0,high,news1|nf09
てきほう,て,う,0,high,news1|nf15
そぷらの,そ,の,0,high,gai1
たいぐう,た,う,0,high,ichi1|news1|nf06
かくしん,か,ん,0,high,ichi1|news1|nf05|nf11|nf12
ない,な,い,0,high,ichi1|news2|nf45|spec1
げきれい,げ,い,0,high,ichi1|news1|nf12
みつか,み,か,0,high,ichi1|spec1
きようつうご,き,ご,0,high,ichi1|news2|nf30
さいあい,さ,い,0,high,news2|nf31|spec1
すいけい,す,い,0,high,news1|nf10|nf19
せいねんだん,せ,ん,0,high,news1|nf23
めいぼ,め,ぼ,0,high,ichi1|news1|nf04
しねま,し,ま,0,high,gai1
いつこうに,い,に,0,high,ichi1|news1|nf12
ひかん,ひ,ん,0,high,ichi1|news1|nf08
ぼつらく,ぼ,く,0,high,ichi1|news2|nf31
みようねん,み,ん,0,high,ichi1|news2|nf46
あんど,あ,ど,0,high,gai1
なんぴと,な,と,0,high,news1|nf07
らくがき,ら,き,0,high,news1|nf22
けいざい,け,い,0,high,ichi1|news1|nf01
れぷりか,れ,か,0,high,gai1
たまたま,た,ま,0,high,ichi1
さかり,さ,り,0,high,ichi1|news1|nf09
ちゆうとはんぱ,ち,ぱ,0,high,news1|nf19
うんこう,う,う,0,high,ichi1|news1|nf09|nf13
みおとす,み,す,0,high,ichi1|news2|nf40
でる,で,る,0,high,ichi1|news1|nf12
ろうか,ろ,か,0,high,ichi1|news1|nf10|nf15
くおおと,く,と,0,high,gai1
せびろ,せ,ろ,0,high,ichi1|news1|nf12
てんねんきねんぶつ,て,つ,0,high,news1|nf14
ほうがく,ほ,く,0,high,ichi1|news1|news2|nf06|nf16|nf27
うえるかむ,う,む,0,high,gai1|spec1
でふおるめ,で,め,0,high,gai1
ぐんとう,ぐ,う,0,high,news1|nf24
こらい,こ,い,0,high,news1|nf23
あんこく,あ,く,0,high,news1|nf20
たんでん,た,ん,0,high,news1|nf24
とつにゆう,と,う,0,high,news1|nf10
のうりよく,の,く,0,high,ichi1|news1|nf02
ちほう,ち,う,0,high,ichi1|news1|nf01|nf10
ひる,ひ,る,0,high,ichi1|news1|nf04
こうせいねんきん,こ,ん,0,high,news1|nf08
じようじやく,じ,く,0,high,news1|nf21
たんざにあ,た,あ,0,high,gai1
くじよう,く,う,0,high,ichi1|news1|nf07
とうなん,と,ん,0,high,ichi1|news1|nf03|nf13
れんず,れ,ず,0,high,gai1|ichi1
みにちゆあ,み,あ,0,high,gai1
ゆうしゆう,ゆ,う,0,high,ichi1|news1|nf05
せつてん,せ,ん,0,high,news1|nf11
れふえりい,れ,い,0,high,gai1
いそんしよう,い,う,0,high,spec1
すじ,す,じ,0,high,ichi1|news1|nf01
じぐそおぱずる,じ,る,0,high,gai1
きみ,き,み,0,high,ichi1|news1|nf08
おつかける,お,る,0,high,news1|nf06
ないじえりあ,な,あ,0,high,gai1
いちずけ,い,け,0,high,news1|nf14
けんきゆうじよ,け,よ,0,high,news1|nf01
なおし,な,し,0,high,news1|nf12
まみえ,ま,え,0,high,ichi1|news1|nf22
そんぱい,そ,い,0,high,news1|nf23
いつぽうつうこう,い,う,0,high,news1|nf24
むりし,む,し,0,high,news1|nf21
じぬし,じ,し,0,high,ichi1|news1|nf14
しんし,し,し,0,high,ichi1|news1|nf05|nf09|nf20|nf23
れいとう,れ,う,0,high,ichi1|news1|nf10
しようひ,し,ひ,0,high,ichi1|news1|nf02
めいせい,め,い,0,high,ichi1|news1|nf22
しやくほう,し,う,0,high,ichi1|news1|nf09
ぐんたい,ぐ,い,0,high,ichi1|news1|nf06
しいりんぐ,し,ぐ,0,high,gai1
ぶれえく,ぶ,く,0,high,gai1
じゆうし,じ,し,0,high,ichi1|news1|nf01|nf04
めいろ,め,ろ,0,high,ichi1|news1|nf23
こらある,こ,る,0,high,gai1
たいしようりようほう,た,う,0,high,news1|nf24
ぞうえき,ぞ,き,0,high,news1|nf10
まろぶ,ま,ぶ,0,high,ichi1|news2|nf35
あつとうてき,あ,き,0,high,news1|nf04
かまくら,か,ら,0,high,spec1
ちようぎかい,ち,い,0,high,news1|nf18
ようせき,よ,き,0,high,ichi1|news1|nf17
ほすと,ほ,と,0,high,gai1
らびおり,ら,り,0,high,gai1
くつした,く,た,0,high,ichi1|news1|nf19
のど,の,ど,0,high,ichi1|news2|nf32
おいこみ,お,み,0,high,news1|nf21
たいまあ,た,あ,0,high,gai1
てつかい,て,い,0,high,ichi1|news1|nf07
はんぐる,は,る,0,high,gai1
こううん,こ,ん,0,high,ichi1|news1|nf18
ちほうこうむいん,ち,ん,0,high,news1|nf15
じようずる,じ,る,0,high,ichi1
まめ,ま,め,0,high,ichi1|news1|nf12
ちようしん,ち,ん,0,high,news1|nf14
いただける,い,る,0,high,spec1
かいばつ,か,つ,0,high,ichi1|news2|nf29
じしよく,じ,く,0,high,ichi1|news1|nf04
のうか,の,か,0,high,ichi1|news1|nf03
ちかずける,ち,る,0,high,ichi1|news2|nf40|spec1
とうか,と,か,0,high,ichi1|news1|news2|nf12|nf32
まるで,ま,で,0,high,ichi1
しよはん,し,ん,0,high,news1|nf18
らんぐ,ら,ぐ,0,high,gai1
びみよう,び,う,0,high,ichi1|news1|nf03
じよきようじゆ,じ,ゆ,0,high,ichi1|news1|nf04
いちげつ,い,つ,0,high,spec1
ちゆにじあ,ち,あ,0,high,gai1
まぐち,ま,ち,0,high,news1|nf24
しようこうぐん,し,ん,0,high,news1|nf12
でおくれる,で,る,0,high,news1|nf20
まいむ,ま,む,0,high,gai1
ほどなく,ほ,く,0,high,ichi1
ぱわふる,ぱ,る,0,high,gai1
ぶらんこ,ぶ,こ,0,high,ichi1|spec1
みんかん,み,ん,0,high,ichi1|news1|nf01
ぶれすれつと,ぶ,と,0,high,gai1
むはい,む,い,0,high,news1|nf21
しけんてき,し,き,0,high,news1|nf18
しんえい,し,い,0,high,news1|nf10|nf16
ひつかける,ひ,る,0,high,ichi1|news2|nf39
ないかくかんぼう,な,う,0,high,news1|nf18
いせい,い,い,0,high,ichi1|news1|nf16|nf20
きざ,き,ざ,0,high,ichi1
たつとぶ,た,ぶ,0,high,ichi1
きまぐれ,き,れ,0,high,ichi1|news2|nf31
せんそう,せ,う,0,high,ichi1|news1|nf01
じゆきゆう,じ,う,0,high,news1|nf07|nf12
りばらい,り,い,0,high,news1|nf17
こつかいぎじどう,こ,う,0,high,news1|nf23
かいちく,か,く,0,high,ichi1|news1|nf13
えらい,え,い,0,high,ichi1|news2|nf36
ざいりよう,ざ,う,0,high,ichi1|news1|nf03
そうご,そ,ご,0,high,ichi1|news1|nf02
けんえき,け,き,0,high,news1|nf18|nf23
じつざい,じ,い,0,high,ichi1|news1|nf22
はらん,は,ん,0,high,ichi1|news1|nf09
おもいつきり,お,り,0,high,spec1
ひとなみ,ひ,み,0,high,ichi1|news2|nf30
らま,ら,ま,0,high,gai1
はなみち,は,ち,0,high,news1|nf20
そうさかん,そ,ん,0,high,spec1
ぎたあ,ぎ,あ,0,high,gai1|ichi1
まちあわせ,ま,せ,0,high,ichi1|news2|nf30
おおいそぎ,お,ぎ,0,high,ichi1
ぎぷす,ぎ,す,0,high,gai1
なんか,な,か,0,high,ichi1|news1|nf03|nf21|spec1
しよかん,し,ん,0,high,news1|nf06|nf12
にぎる,に,る,0,high,ichi1|news1|nf20
がいぶ,が,ぶ,0,high,ichi1|news1|nf06
ぶきよく,ぶ,く,0,high,news1|nf19
かしようひようか,か,か,0,high,news2|nf31|spec1
ぬるい,ぬ,い,0,high,ichi1
みこ,み,こ,0,high,news2|nf36|spec1
ひきつる,ひ,る,0,high,ichi1
ひとりあるき,ひ,き,0,high,news1|nf16|spec1
ぱれす,ぱ,す,0,high,gai1
こうざん,こ,ん,0,high,ichi1|news1|nf11|nf12
ひとよ,ひ,よ,0,high,news1|nf09
みがき,み,き,0,high,news1|nf15
ぎやくこうか,ぎ,か,0,high,ichi1|news1|nf21
むとくてん,む,ん,0,high,news1|nf16
こんなに,こ,に,0,high,ichi1
じめじめ,じ,め,0,high,ichi1
ふかみ,ふ,み,0,high,ichi1|news1|nf17
ぱすかる,ぱ,る,0,high,gai1
おぺれえたあ,お,あ,0,high,gai1
あんぷ,あ,ぷ,0,high,gai1|ichi1|news1|nf19
さくご,さ,ご,0,high,ichi1|news2|nf38
とうにようびよう,と,う,0,high,news1|nf09
めかた,め,た,0,high,ichi1
みばえ,み,え,0,high,ichi1
じやくてん,じ,ん,0,high,ichi1|news1|nf11
ひきよう,ひ,う,0,high,ichi1|news2|nf46
あらし,あ,し,0,high,ichi1|news1|news2|nf12|nf17|nf32
しいたけ,し,け,0,high,spec1
たいきよく,た,く,0,high,news1|nf08|nf23
しおにずむ,し,む,0,high,gai1
りじ,り,じ,0,high,ichi1|news1|nf01
かつしよく,か,く,0,high,news1|nf20
ないじゆ,な,ゆ,0,high,news1|nf05
のうさん,の,ん,0,high,news1|nf22
すぱん,す,ん,0,high,gai1
こうそくど,こ,ど,0,high,news1|nf23
だつえ,だ,え,0,high,ichi1|news2|nf46
じつさい,じ,い,0,high,ichi1|news1|nf02
こんせんさす,こ,す,0,high,gai1
れぽおと,れ,と,0,high,gai1|ichi1
ふえみにずむ,ふ,む,0,high,gai1
にゆうしつ,に,つ,0,high,ichi1|news2|nf44
へもぐろびん,へ,ん,0,high,gai1
よつたり,よ,り,0,high,spec1
ようじよう,よ,う,0,high,news1|nf19
はやめる,は,る,0,high,ichi1|news1|nf10
たる,た,る,0,high,ichi1|news1|news2|nf23|nf25|spec1
かせつ,か,つ,0,high,ichi1|news1|nf13
すもつぐ,す,ぐ,0,high,gai1|ichi1
あるふあ,あ,あ,0,high,gai1
すなつち,す,ち,0,high,gai1
くうはく,く,く,0,high,ichi1|news1|nf07
ようし,よ,し,0,high,ichi1|news1|nf05|nf07|nf11|nf14|nf24
りくじようきようぎ,り,ぎ,0,high,news1|nf09
つの,つ,の,0,high,ichi1
こんご,こ,ご,0,high,gai1|ichi1|news1|nf01
けつか,け,か,0,high,ichi1|news1|nf01
ぞうだい,ぞ,い,0,high,ichi1|news1|nf08
ひようしき,ひ,き,0,high,ichi1|news1|nf15
じゆしんき,じ,き,0,high,news1|nf17
うくれれ,う,れ,0,high,gai1
とうはつ,と,つ,0,high,news1|nf23
へいきん,へ,ん,0,high,ichi1|news1|nf01
きらびやか,き,か,0,high,ichi1
せきにんしや,せ,や,0,high,news1|nf04
ろこつ,ろ,つ,0,high,ichi1|news1|nf13
もんてかるろ,も,ろ,0,high,gai1
きじ,き,じ,0,high,ichi1|news1|nf01|nf12
どせい,ど,い,0,high,news2|nf33|spec1
ようじんぶかい,よ,い,0,high,ichi1
はんかち,は,ち,0,high,gai1|ichi1
いきる,い,る,0,high,ichi1|news1|nf04
ぴんく,ぴ,く,0,high,gai1|ichi1
あい,あ,い,0,high,ichi1|news1|nf02|nf18
よんじゆう,よ,う,0,high,news1|nf01|spec1
あらあと,あ,と,0,high,spec1
きば,き,ば,0,high,news1|nf15|nf24
つらぬく,つ,く,0,high,ichi1
くつきり,く,り,0,high,spec1
えいご,え,ご,0,high,ichi1|news1|nf02
さつい,さ,い,0,high,news1|nf23
ねす,ね,す,0,high,gai1
おんじき,お,き,0,high,news1|nf06
こうくうびん,こ,ん,0,high,ichi1|news1|nf22
きあい,き,い,0,high,news1|nf12
まくあけ,ま,け,0,high,news1|nf14
あぶく,あ,く,0,high,ichi1|news1|nf13
せいしゆん,せ,ん,0,high,ichi1|news1|nf07
とくべつかかく,と,く,0,high,spec1
めんしき,め,き,0,high,news1|nf18
じた,じ,た,0,high,news1|nf23
まちまち,ま,ち,0,high,ichi1
みせす,み,す,0,high,gai1|ichi1
ほんぎよう,ほ,う,0,high,news1|nf11
たえまなく,た,く,0,high,ichi1
はね,は,ね,0,high,ichi1|news1|nf18
きせいじじつ,き,つ,0,high,news1|nf19
ゆきどまり,ゆ,り,0,high,ichi1
たんぽぽ,た,ぽ,0,high,spec1
ようきゆう,よ,う,0,high,ichi1|news1|nf01
えきすとら,え,ら,0,high,gai1
とらつど,と,ど,0,high,gai1
そつくり,そ,り,0,high,spec1
あつというま,あ,ま,0,high,spec1
せとぎわ,せ,わ,0,high,news1|nf18
そくざ,そ,ざ,0,high,ichi1|news1|nf13
きよしつ,き,つ,0,high,news1|nf24
おしやれ,お,れ,0,high,ichi1|spec1
これすてろおる,こ,る,0,high,gai1
なんにん,な,ん,0,high,spec1
ありがち,あ,ち,0,high,spec1
おこたる,お,る,0,high,ichi1|news2|nf29
はんさよう,は,う,0,high,ichi1|news2|nf42
ふあらうえい,ふ,い,0,high,gai1
べえすきやんぷ,べ,ぷ,0,high,gai1
みらくる,み,る,0,high,gai1
しようぼう,し,う,0,high,ichi1|news1|nf06
むき,む,き,0,high,ichi1|news1|nf07|nf13
いれもの,い,の,0,high,ichi1|news2|nf41
あるく,あ,く,0,high,ichi1
じたい,じ,い,0,high,ichi1|news1|nf01|nf11
まぐま,ま,ま,0,high,gai1
いかす,い,す,0,high,ichi1|news1|nf12
こらむにすと,こ,と,0,high,gai1
おちつく,お,く,0,high,ichi1|news2|nf36
いちどう,い,う,0,high,ichi1|news1|nf13|nf21
ささげる,さ,る,0,high,ichi1|news2|nf44
りゆうせい,り,い,0,high,news1|nf23
よちよち,よ,ち,0,high,ichi1
くりいむ,く,む,0,high,gai1|ichi1
みせびらき,み,き,0,high,ichi1|news2|nf44
ちようとつきゆう,ち,う,0,high,ichi1|news2|nf45
しようかい,し,い,0,high,ichi1|news1|nf05|nf19|nf23
じゆりつ,じ,つ,0,high,news1|nf04
しよくれき,し,き,0,high,ichi1
きようちよう,き,う,0,high,ichi1|news1|news2|nf03|nf26
きつさ,き,さ,0,high,news1|nf21
なんべん,な,ん,0,high,ichi1
かすてら,か,ら,0,high,gai1
ちようやく,ち,く,0,high,ichi1|news1|nf24
けつい,け,い,0,high,ichi1|news1|nf03
いつこ,い,こ,0,high,news1|nf11
ごうまん,ご,ん,0,high,news2|nf35|spec1
しんぽう,し,う,0,high,news1|nf07
かいそう,か,う,0,high,ichi1|news1|news2|nf15|nf18|nf27
ひがし,ひ,し,0,high,ichi1|news1|nf01
たいわ,た,わ,0,high,ichi1|news1|nf02
こぶし,こ,し,0,high,news1|nf13
ていしゆ,て,ゆ,0,high,ichi1|news1|nf16
かぎ,か,ぎ,0,high,ichi1|news1|nf18
たて,た,て,0,high,ichi1|news1|nf08|nf11
とまと,と,と,0,high,gai1|ichi1
ほそく,ほ,く,0,high,ichi1|news1|nf22
すうぱあぼうる,す,る,0,high,gai1
らぶれたあ,ら,あ,0,high,gai1
にぐう,に,う,0,high,news1|nf19
ぶうつ,ぶ,つ,0,high,gai1
ぶんすう,ぶ,う,0,high,ichi1
たてこむ,た,む,0,high,ichi1
きよむ,き,む,0,high,ichi1|news2|nf34
けいろう,け,う,0,high,ichi1|news1|nf22
まぐにちゆうど,ま,ど,0,high,gai1
こおす,こ,す,0,high,gai1|ichi1
こだい,こ,い,0,high,ichi1|news1|nf06
ようぎ,よ,ぎ,0,high,news1|nf02
さわ,さ,わ,0,high,news1|nf07
めんどう,め,う,0,high,ichi1|news1|nf08
めえと,め,と,0,high,gai1
りふと,り,と,0,high,gai1
まなざし,ま,し,0,high,ichi1
ひたす,ひ,す,0,high,ichi1|news2|nf41
あぱあと,あ,と,0,high,gai1|ichi1
いとなみ,い,み,0,high,news1|nf19
たいかい,た,い,0,high,ichi1|news1|nf01
ぼるてえじ,ぼ,じ,0,high,gai1
おおむぎ,お,ぎ,0,high,ichi1|news2|nf31
あわれ,あ,れ,0,high,ichi1|news2|nf34
きおん,き,ん,0,high,ichi1|news1|nf05
みたり,み,り,0,high,news1|nf01
さあくる,さ,る,0,high,gai1|ichi1
すぽつとらいと,す,と,0,high,gai1
てきじ,て,じ,0,high,news1|nf04
やごう,や,う,0,high,news1|nf18
いこうどうおん,い,ん,0,high,news1|nf23
おんがえし,お,し,0,high,ichi1|news1|nf19
さいこうさい,さ,い,0,high,news1|nf03
おもいで,お,で,0,high,ichi1|news1|nf06
せいじつ,せ,つ,0,high,ichi1|news1|nf10
あんかあ,あ,あ,0,high,gai1
ちゆうし,ち,し,0,high,ichi1|news1|news2|nf03|nf33
ほくじよう,ほ,う,0,high,news1|nf15
くじびき,く,き,0,high,ichi1|spec1
そこうち,そ,ち,0,high,news1|nf20
もうまく,も,く,0,high,news1|nf20
けはい,け,い,0,high,ichi1|news1|nf06
こくご,こ,ご,0,high,ichi1|news1|nf08
がくふ,が,ふ,0,high,ichi1|news1|nf16
みみざわり,み,り,0,high,ichi1|news2|nf43
てんち,て,ち,0,high,news1|nf17
だいさ,だ,さ,0,high,news1|nf17
ばたふらい,ば,い,0,high,gai1
はさん,は,ん,0,high,ichi1|news1|nf09
もんぴ,も,ぴ,0,high,news1|nf24
きようはく,き,く,0,high,ichi1|news1|nf09
うえじに,う,に,0,high,ichi1
こにやつく,こ,く,0,high,gai1
ししよばこ,し,こ,0,high,news1|nf19
けがわ,け,わ,0,high,ichi1|news1|nf14
よおぐると,よ,と,0,high,gai1
らいひん,ら,ん,0,high,news1|nf19
ぎようしゆく,ぎ,く,0,high,news1|nf19
のみもの,の,の,0,high,ichi1|news1|nf20
いちねんじゆう,い,う,0,high,ichi1
ていきあつ,て,つ,0,high,ichi1|news1|nf14
がんばる,が,る,0,high,ichi1|news1|nf23
はいつ,は,つ,0,high,gai1
すぽおく,す,く,0,high,gai1
かくう,か,う,0,high,ichi1|news1|nf07
さくせい,さ,い,0,high,ichi1|news1|news2|nf05|nf28
しようそくすじ,し,じ,0,high,news1|nf10
なんとゆう,な,う,0,high,spec1
しない,し,い,0,high,ichi1|news1|nf01
あだびと,あ,と,0,high,ichi1|news1|nf05
びいばあ,び,あ,0,high,gai1
かみそり,か,り,0,high,ichi1
そかく,そ,く,0,high,ichi1|news1|nf09
しりいず,し,ず,0,high,gai1|ichi1
きようくん,き,ん,0,high,ichi1|news1|nf07
へつど,へ,ど,0,high,gai1
しすぎる,し,る,0,high,spec1
かこみ,か,み,0,high,news1|nf18
ようけん,よ,ん,0,high,ichi1|news1|news2|nf09|nf31
よびだし,よ,し,0,high,news1|nf16
ぴんち,ぴ,ち,0,high,gai1
せんもんか,せ,か,0,high,ichi1|news1|nf02
かくりつ,か,つ,0,high,ichi1|news1|nf04|nf10
けんぞう,け,う,0,high,news1|nf18
のりかえ,の,え,0,high,ichi1|news1|nf20|spec1
かえだま,か,ま,0,high,news1|nf12
しゆうかい,し,い,0,high,ichi1|news1|nf02
ぷるうくぼおげん,ぷ,ん,0,high,gai1
にゆうよおく,に,く,0,high,gai1
どよう,ど,う,0,high,ichi1|news1|nf04
らしい,ら,い,0,high,ichi1
くりすますかあど,く,ど,0,high,gai1
ぶない,ぶ,い,0,high,news1|nf09
ひつす,ひ,す,0,high,ichi1|news1|nf20
こもん,こ,ん,0,high,news1|nf02
かんがえ,か,え,0,high,ichi1|news1|nf01
きようさん,き,ん,0,high,news1|nf04|nf08
てんのうせい,て,い,0,high,news1|nf17|spec1
てにす,て,す,0,high,gai1|ichi1
にあつては,に,は,0,high,spec1
です,で,す,0,high,spec1
とくやく,と,く,0,high,news1|nf17
ぎしよう,ぎ,う,0,high,news1|nf20
ぼける,ぼ,る,0,high,ichi1
びくとりい,び,い,0,high,gai1
せんたくし,せ,し,0,high,news1|nf08
らあにんぐ,ら,ぐ,0,high,gai1
うれしい,う,い,0,high,ichi1
すくなくとも,す,も,0,high,ichi1|news1|nf02
おとつさん,お,ん,0,high,ichi1|news1|nf07
しじん,し,ん,0,high,ichi1|news1|nf06
あすぱらがす,あ,す,0,high,gai1
しゆるい,し,い,0,high,ichi1|news1|nf05|nf15
ならば,な,ば,0,high,spec1
うたごえ,う,え,0,high,ichi1|news1|nf16
にんぷ,に,ぷ,0,high,news1|nf15
のりおくれる,の,る,0,high,ichi1|news2|nf47
ゆうゆう,ゆ,う,0,high,ichi1|news2|nf26
けんめい,け,い,0,high,ichi1|news1|nf05|nf14
ろうどく,ろ,く,0,high,ichi1|news1|nf12
しんぞうびよう,し,う,0,high,news1|nf12
いましめ,い,め,0,high,ichi1|news2|nf31
れつしや,れ,や,0,high,ichi1|news1|nf04
なごろ,な,ろ,0,high,news1|nf15
てきする,て,る,0,high,ichi1|news2|nf35
ぼれい,ぼ,い,0,high,spec1
こつき,こ,き,0,high,ichi1|news1|nf08
こがね,こ,ね,0,high,ichi1
なにわ,な,わ,0,high,news2|nf28|spec1
こくみんせい,こ,い,0,high,news1|nf22
あたりやく,あ,く,0,high,news1|nf24
しゆくしよう,し,う,0,high,ichi1|news1|nf06
るいけい,る,い,0,high,news1|nf13
ぐらむ,ぐ,む,0,high,gai1|ichi1
やくぶつ,や,つ,0,high,news1|nf09
かくす,か,す,0,high,ichi1|news1|nf12
くさわけ,く,け,0,high,news1|nf15
じもと,じ,と,0,high,ichi1|news1|nf01
ぎりぎり,ぎ,り,0,high,ichi1
かねて,か,て,0,high,ichi1|spec1
いたずら,い,ら,0,high,ichi1
こうば,こ,ば,0,high,ichi1|news1|nf01
がくどう,が,う,0,high,news1|nf16
じえんだあ,じ,あ,0,high,gai1
つながる,つ,る,0,high,ichi1
そうか,そ,か,0,high,ichi1|news1|nf21|spec1
しゆくはく,し,く,0,high,ichi1|news1|nf06
ぺだる,ぺ,る,0,high,gai1
ばんこん,ば,ん,0,high,news1|nf22
こうくう,こ,う,0,high,ichi1|news1|nf02
いれかえ,い,え,0,high,news1|nf16
いつまでも,い,も,0,high,ichi1
ふうん,ふ,ん,0,high,ichi1|news1|nf21
しりんだあ,し,あ,0,high,gai1
ほう,ほ,う,0,high,ichi1|news1|nf12|nf18
とうごく,と,く,0,high,news1|nf18
ばけん,ば,ん,0,high,news1|nf14
もおたあさいくる,も,る,0,high,gai1
かなめ,か,め,0,high,ichi1|news1|nf14
くりつ,く,つ,0,high,news1|nf09
よりすぐり,よ,り,0,high,spec1
けつえきがた,け,た,0,high,news1|nf17
ぷろぐらむ,ぷ,む,0,high,gai1|ichi1
きやつぷ,き,ぷ,0,high,gai1
につぽんじゆう,に,う,0,high,spec1
ひだりあし,ひ,し,0,high,spec1
りべん,り,ん,0,high,news1|nf18
しゆつとう,し,う,0,high,news1|nf13
めかにつく,め,く,0,high,gai1
ばんのう,ば,う,0,high,ichi1|news1|nf15
きようほ,き,ほ,0,high,news1|nf23
すずむ,す,む,0,high,ichi1
ひんめい,ひ,い,0,high,ichi1|news2|nf25
こころがけ,こ,け,0,high,ichi1|news2|nf38|nf42|spec2
れきぜん,れ,ん,0,high,news1|nf23
けいざいけんきゆうしよ,け,よ,0,high,news1|nf11
すきゆうば,す,ば,0,high,gai1
あくやく,あ,く,0,high,news1|nf19
みりよう,み,う,0,high,news1|nf18
もはら,も,ら,0,high,ichi1|news2|nf27
ぜいむしよ,ぜ,よ,0,high,ichi1|news1|nf15
もうけ,も,け,0,high,ichi1|news2|nf37
かいあげ,か,げ,0,high,news1|nf16
ますく,ま,く,0,high,gai1|ichi1
しんぜん,し,ん,0,high,ichi1|news1|nf09
くよくよ,く,よ,0,high,ichi1
こいん,こ,ん,0,high,gai1|ichi1
だじゆん,だ,ん,0,high,news1|nf23
むしゆうせい,む,い,0,high,spec1
そそぎこむ,そ,む,0,high,news1|nf19
ぐたいてき,ぐ,き,0,high,ichi1|news1|nf01
すちいむ,す,む,0,high,gai1
ほうけんてき,ほ,き,0,high,ichi1|news2|nf37
いるみねえしよん,い,ん,0,high,gai1
あらわれ,あ,れ,0,high,ichi1|news1|news2|nf08|nf41
こうわん,こ,ん,0,high,news1|nf11
げきへん,げ,ん,0,high,news1|nf12
まえ,ま,え,0,high,ichi1
けぶい,け,い,0,high,ichi1
あふいりえいと,あ,と,0,high,spec1
あんけん,あ,ん,0,high,news1|nf11
つかう,つ,う,0,high,ichi1|news1|nf02
めし,め,し,0,high,ichi1|news1|nf06
でんわばんごう,で,う,0,high,spec1
らいだあ,ら,あ,0,high,gai1
ちゆうけん,ち,ん,0,high,ichi1|news1|nf04
ゆだやきよう,ゆ,う,0,high,spec1
まにあつく,ま,く,0,high,gai1
へいごう,へ,う,0,high,news1|nf12
かさねる,か,る,0,high,ichi1|news1|nf09
ひごうほう,ひ,う,0,high,news1|nf12
かんがえなおす,か,す,0,high,spec1
もくぞう,も,う,0,high,ichi1|news1|nf06
ちあん,ち,ん,0,high,ichi1|news1|nf04
おつけえ,お,え,0,high,spec1
ぴいぷる,ぴ,る,0,high,gai1
ゆくえ,ゆ,え,0,high,ichi1|news1|nf02
ひがん,ひ,ん,0,high,ichi1|news1|nf11|nf24
しだん,し,ん,0,high,news1|nf10
さししめす,さ,す,0,high,news1|nf16
たんでむ,た,む,0,high,gai1
そつぎようせい,そ,い,0,high,spec1
はいじよ,は,よ,0,high,ichi1|news1|nf07
きゆうじつ,き,つ,0,high,ichi1|news1|nf05
あるでひど,あ,ど,0,high,gai1
おんす,お,す,0,high,gai1
おおだあ,お,あ,0,high,gai1
めくる,め,る,0,high,ichi1
おもちや,お,や,0,high,ichi1|news1|nf22
いばしよ,い,よ,0,high,news1|nf20
ぐりる,ぐ,る,0,high,gai1
ちようしよく,ち,く,0,high,ichi1|news1|nf08
はやい,は,い,0,high,ichi1|news1|news2|nf16|nf31
こうどく,こ,く,0,high,news1|nf17
かねがない,か,い,0,high,spec1
あくま,あ,ま,0,high,ichi1|news1|nf10
はんせい,は,い,0,high,ichi1|news1|nf04|nf16
じつげん,じ,ん,0,high,ichi1|news1|nf02
いちだい,い,い,0,high,news1|nf14|nf18|spec1
しやかいてき,し,き,0,high,news1|nf04
でんしよう,で,う,0,high,news1|nf17
とうじつ,と,つ,0,high,ichi1|news1|nf05
とうにゆう,と,う,0,high,news1|news2|nf11|nf43|spec1
たたずむ,た,む,0,high,ichi1
まちやくば,ま,ば,0,high,news1|nf18
はげしい,は,い,0,high,ichi1|news1|nf22
なあさりい,な,い,0,high,gai1
おぎ,お,ぎ,0,high,news1|nf20
せいのう,せ,う,0,high,ichi1|news1|nf08
ういんく,う,く,0,high,gai1
でいりい,で,い,0,high,gai1
ものの,も,の,0,high,spec1
ぱり,ぱ,り,0,high,gai1
じぶん,じ,ん,0,high,ichi1|news1|nf01
みんち,み,ち,0,high,gai1
のえる,の,る,0,high,gai1
ばつすい,ば,い,0,high,ichi1|news2|nf32
はんそで,は,で,0,high,ichi1
すいつち,す,ち,0,high,gai1|ichi1
くび,く,び,0,high,ichi1|news1|nf03
おもたい,お,い,0,high,ichi1
ふりむく,ふ,く,0,high,ichi1
こんにちてき,こ,き,0,high,news1|nf23
ふうしよ,ふ,よ,0,high,news1|nf17
すきんけあ,す,あ,0,high,gai1
ましいん,ま,ん,0,high,gai1
ほうたい,ほ,い,0,high,ichi1|news2|nf26
へいき,へ,き,0,high,ichi1|news1|news2|nf03|nf30
ばいぞう,ば,う,0,high,ichi1|news1|nf16
ちやあみんぐ,ち,ぐ,0,high,gai1
どつちも,ど,も,0,high,spec1
しゆうせい,し,い,0,high,ichi1|news1|nf02|nf21
ちやれんじ,ち,じ,0,high,gai1
まちかねる,ま,る,0,high,ichi1
せいとう,せ,う,0,high,ichi1|news1|nf01|nf06|nf18
ひとあし,ひ,し,0,high,ichi1
じようほう,じ,う,0,high,ichi1|news1|nf01|nf11
すけえていんぐ,す,ぐ,0,high,gai1
じらふ,じ,ふ,0,high,gai1
しやぶしやぶ,し,ぶ,0,high,spec1
けじめ,け,め,0,high,ichi1
いとなむ,い,む,0,high,ichi1|news1|nf20
のん,の,ん,0,high,gai1
にほんし,に,し,0,high,spec1
がんこ,が,こ,0,high,ichi1|news1|nf15
でさえ,で,え,0,high,spec1
しゆつぱんぶつ,し,つ,0,high,news1|nf14
もうしあわせ,も,せ,0,high,news1|nf15
みすい,み,い,0,high,ichi1|news1|nf07
けんしゆう,け,う,0,high,news1|nf03
こおどれす,こ,す,0,high,gai1
むちつじよ,む,よ,0,high,news1|nf24
ちらちら,ち,ら,0,high,ichi1
きゆうきゆうしや,き,や,0,high,ichi1|news1|nf10
たてる,た,る,0,high,ichi1
ほくぶ,ほ,ぶ,0,high,ichi1|news1|nf04
ふじよ,ふ,よ,0,high,ichi1|news1|news2|nf18|nf36|nf37|spec1
りよだん,り,ん,0,high,news1|nf22
むくち,む,ち,0,high,ichi1|news2|nf26
わからずや,わ,や,0,high,ichi1|news2|nf39
たば,た,ば,0,high,ichi1|news1|nf18
ぼとる,ぼ,る,0,high,gai1
くどくど,く,ど,0,high,ichi1
まじめ,ま,め,0,high,ichi1|news2|nf36|spec1
くうぽん,く,ん,0,high,gai1
ぱびりおん,ぱ,ん,0,high,gai1
たけ,た,け,0,high,ichi1|news1|news2|nf04|nf08|nf18|nf47
へつじ,へ,じ,0,high,gai1
ほんしよく,ほ,く,0,high,news1|nf22
ちやんぴおん,ち,ん,0,high,gai1|ichi1
ようふく,よ,く,0,high,ichi1|news1|nf11
ばれる,ば,る,0,high,gai1|ichi1|spec1
みどる,み,る,0,high,gai1
せんたく,せ,く,0,high,ichi1|news1|nf03|nf09
しゆつば,し,ば,0,high,news1|nf03
おんなし,お,し,0,high,ichi1|news2|nf33
かんちがい,か,い,0,high,ichi1|news2|nf27
うちあわせる,う,る,0,high,ichi1
いつかん,い,ん,0,high,news1|nf04|nf15
くいちがう,く,う,0,high,ichi1|news2|nf37
たいむせえる,た,る,0,high,spec1
なんともいえない,な,い,0,high,spec1
あつぶねえ,あ,え,0,high,ichi1|news2|nf39
さとおや,さ,や,0,high,news1|nf21
あべにゆう,あ,う,0,high,gai1
もうしこみしよ,も,よ,0,high,spec1
うやむや,う,や,0,high,ichi1
らんく,ら,く,0,high,gai1
もおたりぜえしよん,も,ん,0,high,gai1
みらい,み,い,0,high,ichi1|news1|nf04
けつしん,け,ん,0,high,ichi1|news1|nf16
ぱらだいす,ぱ,す,0,high,gai1
しんみよう,し,う,0,high,news1|nf22
せつな,せ,な,0,high,spec1
でつど,で,ど,0,high,gai1
ぷれみあむ,ぷ,む,0,high,gai1
おいわい,お,い,0,high,ichi1
へんにゆう,へ,う,0,high,ichi1|news1|nf19
ほんちようし,ほ,し,0,high,news1|nf21
ねさがり,ね,り,0,high,ichi1|news1|nf18
とちがら,と,ら,0,high,news1|nf21
さあぶ,さ,ぶ,0,high,gai1
はれ,は,れ,0,high,ichi1|news1|nf15
ほりでい,ほ,い,0,high,gai1
はあどでいすく,は,く,0,high,gai1
しようすうてん,し,ん,0,high,ichi1|news2|nf39
じゆしようしき,じ,き,0,high,news1|nf10
ぶんか,ぶ,か,0,high,ichi1|news1|nf01|nf18|nf20
りやくす,り,す,0,high,ichi1
ふこく,ふ,く,0,high,news1|nf17
てせい,て,い,0,high,news1|nf24
けんきん,け,ん,0,high,news1|nf01
たいがん,た,ん,0,high,news1|nf13
ひなん,ひ,ん,0,high,ichi1|news1|nf05|nf06
よごす,よ,す,0,high,ichi1|news2|nf40
じどうしや,じ,や,0,high,ichi1|news1|nf01
きりくち,き,ち,0,high,news1|nf20
たま,た,ま,0,high,ichi1|news1|nf06|nf08
みかいけつ,み,つ,0,high,news1|nf14
もでるけえす,も,す,0,high,gai1
もすく,も,く,0,high,gai1
きようりつ,き,つ,0,high,news1|nf21
ここあ,こ,あ,0,high,gai1
りゆうしゆつ,り,つ,0,high,news1|nf06
きやんせる,き,る,0,high,gai1|ichi1
まして,ま,て,0,high,ichi1
ほおる,ほ,る,0,high,gai1|ichi1|spec1
きばく,き,く,0,high,news1|nf16
きやでいい,き,い,0,high,gai1
なえぎ,な,ぎ,0,high,news1|nf20
くろむ,く,む,0,high,gai1
こつかく,こ,く,0,high,news1|nf08
ちゆうしよく,ち,く,0,high,ichi1|news1|nf05
ぜんせかい,ぜ,い,0,high,news1|nf10
でえたつうしん,で,ん,0,high,spec1
ほうむ,ほ,む,0,high,ichi1|news1|nf08
かいおうせい,か,い,0,high,spec1
おつぱい,お,い,0,high,spec1
せんぎよ,せ,よ,0,high,news1|nf23
ます,ま,す,0,high,gai1|ichi1|news2|nf47
ばんち,ば,ち,0,high,ichi1|news2|nf41
しゆじん,し,ん,0,high,ichi1|news1|nf05
こくふく,こ,く,0,high,ichi1|news1|nf12
おおぼえ,お,え,0,high,gai1
さんかんば,さ,ば,0,high,news1|nf24
つく,つ,く,0,high,ichi1|spec1
きんき,き,き,0,high,news1|nf07
かんじようてき,か,き,0,high,news1|nf18
ちゆうげん,ち,ん,0,high,news1|nf06|nf14
すにいかあ,す,あ,0,high,gai1
つつみ,つ,み,0,high,ichi1|news1|news2|nf10|nf26
こくはつ,こ,つ,0,high,news1|nf06
ぷれすりりいす,ぷ,す,0,high,gai1
なんびやく,な,く,0,high,ichi1|news1|nf18
くりおおる,く,る,0,high,gai1
みんか,み,か,0,high,news1|nf08
おろおろ,お,ろ,0,high,ichi1
はつか,は,か,0,high,ichi1|news1|nf23|spec1
ふにん,ふ,ん,0,high,ichi1|news1|nf09|nf15
かれき,か,き,0,high,ichi1|news2|nf38
けつせんとうひよう,け,う,0,high,news1|nf13
まあじん,ま,ん,0,high,gai1
せんりやく,せ,く,0,high,news1|nf02
かぎよう,か,う,0,high,news1|nf19
しゆうさい,し,い,0,high,ichi1|news2|nf33
ためし,た,し,0,high,ichi1|news1|nf24
じえいかん,じ,ん,0,high,news1|nf08
じゆうあつ,じ,つ,0,high,news1|nf13
なんどでも,な,も,0,high,spec1
きがい,き,い,0,high,news1|nf21|nf22
ゆびさき,ゆ,き,0,high,news1|nf20
ちようるい,ち,い,0,high,news1|nf15
あつとう,あ,う,0,high,ichi1|news1|nf14
あらつぽい,あ,い,0,high,ichi1|news2|nf34
らくのう,ら,う,0,high,news1|nf14
うしろだて,う,て,0,high,news1|nf18
きそう,き,う,0,high,ichi1|news1|news2|nf14|nf21|nf35
くり,く,り,0,high,ichi1|news1|nf18
だあれ,だ,れ,0,high,ichi1|news1|nf13
ねらう,ね,う,0,high,ichi1|news1|nf13
ゆばり,ゆ,り,0,high,news1|nf13
ぐんだん,ぐ,ん,0,high,news1|nf17
むく,む,く,0,high,ichi1
おすい,お,い,0,high,news1|nf24
にゆうきん,に,ん,0,high,ichi1|news1|nf18
こうれいしや,こ,や,0,high,news1|nf03
はつしよう,は,う,0,high,news1|nf17|spec1
おおるないと,お,と,0,high,gai1
あやまつて,あ,て,0,high,news1|nf07
がん,が,ん,0,high,gai1|ichi1|news1|nf08|nf22|spec1
ひだりうで,ひ,で,0,high,news1|nf07
りやく,り,く,0,high,ichi1|news1|nf02
えんしゆつ,え,つ,0,high,ichi1|news1|nf03
てんか,て,か,0,high,ichi1|news1|news2|nf12|nf25|nf30
どうせん,ど,ん,0,high,news1|nf18
しめきり,し,り,0,high,ichi1|news1|nf06
うつる,う,る,0,high,ichi1|news1|news2|nf17|nf28|nf38
かれんしい,か,い,0,high,gai1
おくたあぶ,お,ぶ,0,high,gai1
あしがかり,あ,り,0,high,news1|nf19
せつけい,せ,い,0,high,ichi1|news1|nf03
しはす,し,す,0,high,ichi1|news1|nf21
てきぎ,て,ぎ,0,high,ichi1|news2|nf34
はぐるま,は,ま,0,high,ichi1|news1|nf18
にもつ,に,つ,0,high,ichi1|news1|nf09
おりあい,お,い,0,high,news1|nf18
ちりようほう,ち,う,0,high,spec1
きやすていんぐ,き,ぐ,0,high,gai1
きよろきよろ,き,ろ,0,high,ichi1|spec1
どくせい,ど,い,0,high,news1|nf13
にぶい,に,い,0,high,ichi1|news2|nf30
れえん,れ,ん,0,high,gai1
ばんり,ば,り,0,high,news1|nf15
たぼう,た,う,0,high,ichi1|news1|nf21
けつこう,け,う,0,high,ichi1|news1|nf08
うしろむき,う,き,0,high,ichi1|news1|nf21
さいなん,さ,ん,0,high,ichi1|news2|nf27
てのおる,て,る,0,high,gai1
ひつぷ,ひ,ぷ,0,high,gai1
こまかい,こ,い,0,high,ichi1|news1|nf09
くやくしよ,く,よ,0,high,ichi1|news1|nf14
こねくしよん,こ,ん,0,high,gai1
おどりこ,お,こ,0,high,news1|nf24
こしかけ,こ,け,0,high,ichi1|news2|nf37
のりば,の,ば,0,high,ichi1|news2|nf33
こうだい,こ,い,0,high,ichi1|news1|nf03|nf09
ざつか,ざ,か,0,high,news1|nf11
まらそん,ま,ん,0,high,gai1|ichi1
しよぞう,し,う,0,high,news1|nf16
きいぱあ,き,あ,0,high,gai1
しやんはい,し,い,0,high,spec1
とがる,と,る,0,high,ichi1
こうはく,こ,く,0,high,ichi1|news1|nf12
はなざかり,は,り,0,high,news1|nf23
ゆうえき,ゆ,き,0,high,ichi1|news1|nf16
ぎよこう,ぎ,う,0,high,news1|nf17
なにとぞ,な,ぞ,0,high,ichi1|spec1
そくせき,そ,き,0,high,ichi1|news1|nf10|nf23|spec1
まぎらわしい,ま,い,0,high,ichi1|news2|nf44
はんばあがあ,は,あ,0,high,gai1|ichi1
じつわ,じ,わ,0,high,ichi1|news2|nf29
こうそ,こ,そ,0,high,ichi1|news1|nf07|nf13|nf23
きやらばん,き,ん,0,high,gai1
せんめんき,せ,き,0,high,ichi1|news2|nf40
わんぱく,わ,く,0,high,ichi1
じぷしい,じ,い,0,high,gai1
ぱるぷ,ぱ,ぷ,0,high,gai1
しゆつごく,し,く,0,high,ichi1|news1|nf11
ゆしゆつにゆう,ゆ,う,0,high,news1|nf11
そんしつ,そ,つ,0,high,ichi1|news1|nf03
ねん,ね,ん,0,high,news1|nf06|spec1
きこえる,き,る,0,high,ichi1|news2|nf25
もらう,も,う,0,high,ichi1|news2|nf42
ぎよかいるい,ぎ,い,0,high,news1|nf16
しようがない,し,い,0,high,spec1
いつさくじつ,い,つ,0,high,ichi1|news2|nf40
あいぬ,あ,ぬ,0,high,gai1
あとらす,あ,す,0,high,spec1
ざぶとん,ざ,ん,0,high,ichi1|news2|nf27
ぐあてまらきようわこく,ぐ,く,0,high,news1|nf01
ようさい,よ,い,0,high,ichi1|news2|nf31
だんぼおる,だ,る,0,high,news1|nf11|spec1
だいしゆうごう,だ,う,0,high,spec1
だきゆう,だ,う,0,high,news1|nf08
たいし,た,し,0,high,ichi1|news1|nf02|nf22
とりあえず,と,ず,0,high,ichi1
よきせぬ,よ,ぬ,0,high,spec1
すたあたあ,す,あ,0,high,gai1
だいせいこう,だ,う,0,high,spec1
にじゆうはちにち,に,ち,0,high,spec1
もさく,も,く,0,high,news1|nf12
ちぎる,ち,る,0,high,ichi1
だんじき,だ,き,0,high,news1|nf21
ふあいなる,ふ,る,0,high,gai1
ねり,ね,り,0,high,news1|nf17
みつもり,み,り,0,high,ichi1|news1|nf17
いんぱくと,い,と,0,high,gai1
へるすくらぶ,へ,ぶ,0,high,gai1
すいちゆう,す,う,0,high,ichi1|news1|nf12
せいき,せ,き,0,high,ichi1|news1|nf04|nf08
てえぴんぐ,て,ぐ,0,high,gai1
げんじつてき,げ,き,0,high,spec1
おとす,お,す,0,high,ichi1|news1|nf17
ゆかい,ゆ,い,0,high,ichi1|news1|nf19
くらんくいん,く,ん,0,high,gai1
こんぜつ,こ,つ,0,high,news1|nf17
どうじだい,ど,い,0,high,news1|nf16
きげん,き,ん,0,high,ichi1|news1|news2|nf03|nf14|nf16|nf32
えんそうば,え,ば,0,high,news1|nf07
ろおどしよお,ろ,お,0,high,gai1
おやこうこう,お,う,0,high,ichi1|news2|nf30
みりおんせらあ,み,あ,0,high,gai1
ようか,よ,か,0,high,ichi1|spec1
もおたあ,も,あ,0,high,gai1|ichi1
れつすん,れ,ん,0,high,gai1
どりい,ど,い,0,high,gai1
あて,あ,て,0,high,ichi1|news1|nf01|nf15
その,そ,の,0,high,ichi1|news1|nf09|spec1
じじつ,じ,つ,0,high,ichi1|news1|nf01
りようしつ,り,つ,0,high,news1|nf14
とがめる,と,る,0,high,ichi1
ひだり,ひ,り,0,high,ichi1|news1|nf01
きげんぜん,き,ん,0,high,news1|nf19
しよゆうしや,し,や,0,high,spec1
こつくぴつと,こ,と,0,high,gai1
ぱとりおていずむ,ぱ,む,0,high,gai1
よろずとせ,よ,せ,0,high,news1|nf21
つうやく,つ,く,0,high,ichi1|news1|nf07
ずしよかん,ず,ん,0,high,ichi1|news1|nf05
ぷれえやあ,ぷ,あ,0,high,gai1
すぽおつ,す,つ,0,high,gai1|ichi1
にじゆういちにち,に,ち,0,high,spec1
ぱれえど,ぱ,ど,0,high,gai1
せつていんぐ,せ,ぐ,0,high,gai1
そこねる,そ,る,0,high,ichi1|news2|nf45
しぼうしや,し,や,0,high,news1|nf16
いつさんかたんそ,い,そ,0,high,news1|nf20
ゆうげき,ゆ,き,0,high,news1|nf18
よせる,よ,る,0,high,ichi1|news1|nf09
くだる,く,る,0,high,ichi1|news1|nf17
えこ,え,こ,0,high,spec1
つくる,つ,る,0,high,ichi1|news1|nf04|spec1
りいずなぶる,り,る,0,high,gai1
すぽおくすまん,す,ん,0,high,gai1
どうりよう,ど,う,0,high,news1|nf05
はず,は,ず,0,high,ichi1|news2|nf42
あつたけえ,あ,え,0,high,ichi1|news1|nf21
やくしん,や,ん,0,high,news1|nf11
とつぜん,と,ん,0,high,ichi1|news1|nf07
さんるいだ,さ,だ,0,high,news1|nf09
すてつかあ,す,あ,0,high,gai1
ちらり,ち,り,0,high,spec1
むしぱん,む,ん,0,high,spec1
なまぐさい,な,い,0,high,ichi1|news2|nf39
きわめて,き,て,0,high,ichi1
おおぷんかあ,お,あ,0,high,gai1
ふらんすりようり,ふ,り,0,high,spec1
せいめいりよく,せ,く,0,high,news1|nf22
はかく,は,く,0,high,news1|nf22
ふうりよく,ふ,く,0,high,ichi1|news1|nf21
ふなか,ふ,か,0,high,news1|nf24
いみ,い,み,0,high,ichi1|news1|nf01
にんそう,に,う,0,high,ichi1|news2|nf31
けいざいがく,け,く,0,high,spec1
たつじん,た,ん,0,high,news1|nf23
けつき,け,き,0,high,news1|nf13
もちこむ,も,む,0,high,ichi1|news1|nf07
めか,め,か,0,high,gai1
つうしんしや,つ,や,0,high,news1|nf10
うらん,う,ん,0,high,gai1
ぷらん,ぷ,ん,0,high,gai1|ichi1
はやぐち,は,ち,0,high,ichi1|news1|nf22
はんめん,は,ん,0,high,ichi1|news1|nf05
ぼけ,ぼ,け,0,high,ichi1
とうがらし,と,し,0,high,ichi1|news2|nf45
りよけん,り,ん,0,high,ichi1|news1|nf13
わき,わ,き,0,high,ichi1|news1|nf19
こんけつ,こ,つ,0,high,ichi1|news1|nf19
じんみん,じ,ん,0,high,ichi1|news1|nf02
ふかんぜん,ふ,ん,0,high,ichi1|news1|nf21
きかがく,き,く,0,high,news1|nf24
じかく,じ,く,0,high,ichi1|news1|nf09
ぞく,ぞ,く,0,high,news1|nf11
げんせい,げ,い,0,high,news1|nf19
ひがい,ひ,い,0,high,ichi1|news1|nf02
らいう,ら,う,0,high,news1|nf23
さんこつ,さ,つ,0,high,news1|nf21
じやんぷ,じ,ぷ,0,high,gai1|ichi1
じんぎすかん,じ,ん,0,high,spec1
はくじやく,は,く,0,high,ichi1|news2|nf45
ものほし,も,し,0,high,ichi1|news2|nf41
とらんしいばあ,と,あ,0,high,gai1
ぶし,ぶ,し,0,high,ichi1|news1|nf14
そつくす,そ,す,0,high,gai1
ばがぼんど,ば,ど,0,high,gai1
ずきずき,ず,き,0,high,ichi1
びつぐばん,び,ん,0,high,gai1
ぜねらるまねえじやあ,ぜ,あ,0,high,gai1
うりこみ,う,み,0,high,news1|nf12
なとりうむ,な,む,0,high,gai1
さいろ,さ,ろ,0,high,gai1
らいほう,ら,う,0,high,news1|nf23
げんこつ,げ,つ,0,high,ichi1
ほいく,ほ,く,0,high,news1|nf05
つまり,つ,り,0,high,ichi1|news2|nf31
どうこく,ど,く,0,high,news1|nf02
すぽおてい,す,い,0,high,spec1
しきそ,し,そ,0,high,news1|nf22
がいらいご,が,ご,0,high,ichi1|news2|nf25
ちんきん,ち,ん,0,high,ichi1|news1|nf04
ちようしよう,ち,う,0,high,news1|nf17
ひだい,ひ,い,0,high,news1|nf15
にゆうし,に,し,0,high,ichi1|news1|nf04
ようりつ,よ,つ,0,high,news1|nf05
にのつぎ,に,ぎ,0,high,news1|nf24
ああけえど,あ,ど,0,high,gai1
もんだい,も,い,0,high,ichi1|news1|nf01
ふうし,ふ,し,0,high,ichi1|news1|nf16
まね,ま,ね,0,high,ichi1|news2|nf42
おわり,お,り,0,high,ichi1|news1|nf05
だいなし,だ,し,0,high,ichi1|news2|nf27
そふ,そ,ふ,0,high,ichi1|news1|nf09
しゆかんてき,し,き,0,high,ichi1|news2|nf32
けんこうしよくひん,け,ん,0,high,news1|nf18
いそん,い,ん,0,high,news1|nf06
おどる,お,る,0,high,ichi1
どくじ,ど,じ,0,high,ichi1|news1|nf02
さくねんど,さ,ど,0,high,news1|nf07
ぶれえか,ぶ,か,0,high,gai1
かいへいたい,か,い,0,high,news1|nf12
ゆいごん,ゆ,ん,0,high,ichi1|news1|nf15
じじつじよう,じ,う,0,high,news1|nf02
あけくれ,あ,れ,0,high,news1|nf23
きたぐに,き,に,0,high,news1|nf23
つれてくる,つ,る,0,high,ichi1|spec1
ここら,こ,ら,0,high,spec1
ほうさく,ほ,く,0,high,ichi1|news1|nf08|nf16
たとうう,た,う,0,high,spec1
しぜんかんきよう,し,う,0,high,spec1
ふだんぎ,ふ,ぎ,0,high,ichi1|news1|nf20
てつぺん,て,ん,0,high,ichi1
ひにち,ひ,ち,0,high,ichi1|news1|nf23
ぐらふいつく,ぐ,く,0,high,spec1
みつやく,み,く,0,high,news1|nf21
しゆんかん,し,ん,0,high,ichi1|news1|nf04
にゆうしよく,に,く,0,high,news1|nf08
ぼおるぺん,ぼ,ん,0,high,gai1|ichi1
ごじ,ご,じ,0,high,ichi1|news2|nf38
しゆちよう,し,う,0,high,ichi1|news1|nf02|nf07
まじゆつ,ま,つ,0,high,ichi1|news2|nf26
かいすうけん,か,ん,0,high,ichi1|news2|nf26
つつぱり,つ,り,0,high,news1|nf18
しようみきげん,し,ん,0,high,spec1
おととし,お,し,0,high,ichi1|news1|nf02
すきつぱあ,す,あ,0,high,gai1
げつれい,げ,い,0,high,news1|nf13
かくち,か,ち,0,high,ichi1
ざいじゆう,ざ,う,0,high,news1|nf04
きつく,き,く,0,high,gai1
こんそおしあむ,こ,む,0,high,gai1
つい,つ,い,0,high,ichi1
ふああすと,ふ,と,0,high,gai1|ichi1
もて,も,て,0,high,ichi1|spec1
りさいたる,り,る,0,high,gai1
よびかけ,よ,け,0,high,ichi1|news1|nf07|nf11
どれぐらい,ど,い,0,high,spec1
かるがる,か,る,0,high,news1|nf21
とらんぷ,と,ぷ,0,high,gai1|ichi1
よく,よ,く,0,high,ichi1|ichi2|news1|nf10|nf11|spec1
やぶる,や,る,0,high,ichi1|news1|nf14
しようずみ,し,み,0,high,news1|nf10
びくびく,び,く,0,high,ichi1
いんどあ,い,あ,0,high,gai1
じんばぶえ,じ,え,0,high,gai1
さあば,さ,ば,0,high,gai1
どれつしんぐ,ど,ぐ,0,high,gai1
いんしようてき,い,き,0,high,news1|nf11
しんわ,し,わ,0,high,ichi1|news1|nf08
ふりかえ,ふ,え,0,high,news1|nf13
ぱぱ,ぱ,ぱ,0,high,gai1|ichi1
てくすちや,て,や,0,high,gai1
こぐ,こ,ぐ,0,high,ichi1
うまぬし,う,し,0,high,news1|nf23
みかける,み,る,0,high,news2|nf35|spec1
てえま,て,ま,0,high,gai1|ichi1
あかがね,あ,ね,0,high,ichi1|news1|nf06
すりいさいず,す,ず,0,high,gai1
だいりにん,だ,ん,0,high,spec1
こんてんぽらりい,こ,い,0,high,gai1
だいじだい,だ,い,0,high,news1|nf24
ほうちゆう,ほ,う,0,high,news1|nf04
たぐ,た,ぐ,0,high,gai1
どろおいんぐ,ど,ぐ,0,high,gai1
しかい,し,い,0,high,ichi1|news1|nf08|nf15|nf19
ころし,こ,し,0,high,news1|nf10
なつばしよ,な,よ,0,high,news1|nf14
きほんりようきん,き,ん,0,high,spec1
からい,か,い,0,high,ichi1|news1|news2|nf24|nf47
ふあいたあ,ふ,あ,0,high,gai1
ばたあ,ば,あ,0,high,gai1|ichi1
ひがわり,ひ,り,0,high,ichi1
しか,し,か,0,high,ichi1|news1|nf10|nf12|nf20|nf21|spec1
すすむ,す,む,0,high,ichi1|news1|nf24
ななそ,な,そ,0,high,news1|nf03|spec1
いちたいいち,い,ち,0,high,news1|nf21|spec1
そつこお,そ,お,0,high,news1|nf16
わすれもの,わ,の,0,high,ichi1|news2|nf33
じき,じ,き,0,high,ichi1|news1|nf01|nf03|nf04|nf07|nf12|nf23
とうどり,と,り,0,high,news1|nf05
とりよう,と,う,0,high,news1|nf16
やすらか,や,か,0,high,news1|nf23
しんい,し,い,0,high,ichi1|news1|nf09
いきどまり,い,り,0,high,ichi1
でんとう,で,う,0,high,ichi1|news1|nf02|nf24
つよまる,つ,る,0,high,ichi1|news2|nf44
にゆう,に,う,0,high,gai1
おりいぶいろ,お,ろ,0,high,spec1
つれさる,つ,る,0,high,news1|nf24
ふあいと,ふ,と,0,high,gai1
あつさり,あ,り,0,high,ichi1
みてい,み,い,0,high,ichi1|news1|nf06
ろおらあすけえと,ろ,と,0,high,gai1
よふかし,よ,し,0,high,ichi1|news2|nf43
ずうむ,ず,む,0,high,gai1
いつしよう,い,う,0,high,ichi1|news1|nf06
えすかれえと,え,と,0,high,gai1
ちか,ち,か,0,high,ichi1|news1|nf03
きりる,き,る,0,high,gai1
そもそも,そ,も,0,high,ichi1|news2|nf25
せきしよく,せ,く,0,high,news1|nf24|spec1
ひやくじゆうきゆうばん,ひ,ん,0,high,news1|nf16|spec1
ごおるでんういいく,ご,く,0,high,gai1|ichi1
それら,そ,ら,0,high,spec1
みのり,み,り,0,high,news1|nf20
しめきる,し,る,0,high,ichi1|news1|nf16
こじま,こ,ま,0,high,news1|nf06
おるがん,お,ん,0,high,gai1|ichi1
そうして,そ,て,0,high,ichi1
こうさい,こ,い,0,high,ichi1|news1|nf04|nf11|nf17
くうりんぐおふ,く,ふ,0,high,gai1
ちかずく,ち,く,0,high,ichi1|news2|nf37|spec1
はんそう,は,う,0,high,news1|nf21
かんそく,か,く,0,high,ichi1|news1|nf02
おしえる,お,る,0,high,ichi1|news2|nf38
とつしん,と,ん,0,high,news1|nf20
のうし,の,し,0,high,ichi1|news1|nf03
それから,そ,ら,0,high,ichi1
だつこ,だ,こ,0,high,ichi1
ありいな,あ,な,0,high,gai1
しちようしや,し,や,0,high,news1|nf06
かんない,か,い,0,high,news1|nf08|nf14
にほんせいふ,に,ふ,0,high,spec1
ほうか,ほ,か,0,high,ichi1|news1|nf09|nf23
ひと,ひ,と,0,high,ichi1|news1|nf05|spec1
ごうう,ご,う,0,high,news1|nf17
もんすたあ,も,あ,0,high,gai1
きやつちふれえず,き,ず,0,high,gai1
うわつちようし,う,し,0,high,news1|nf05
ろけはん,ろ,ん,0,high,gai1
そこじから,そ,ら,0,high,news1|nf20
しええく,し,く,0,high,gai1
まよい,ま,い,0,high,news1|nf14
こおどれすほん,こ,ん,0,high,gai1
ぽけつと,ぽ,と,0,high,gai1|ichi1
やすまる,や,る,0,high,news1|nf20
かいけいけんさいん,か,ん,0,high,news1|nf19
しゆやく,し,く,0,high,ichi1|news1|nf05
はたらく,は,く,0,high,ichi1
どうじよう,ど,う,0,high,ichi1|news1|news2|nf10|nf15|nf19|nf44
ふかかい,ふ,い,0,high,ichi1|news2|nf39
だいめい,だ,い,0,high,ichi1|news1|nf13
ほうろう,ほ,う,0,high,news1|nf20
ねんげつ,ね,つ,0,high,ichi1|news1|nf17
かんぶ,か,ぶ,0,high,ichi1|news1|nf01
さいまつ,さ,つ,0,high,ichi1|news2|nf26
ぜんたいしゆぎ,ぜ,ぎ,0,high,news1|nf19
おじいさん,お,ん,0,high,ichi1
せいしゆ,せ,ゆ,0,high,news1|nf22
こうしんりよう,こ,う,0,high,news2|nf27|spec1
きゆうすい,き,い,0,high,news1|nf12
ぐらんど,ぐ,ど,0,high,gai1
ゆうはん,ゆ,ん,0,high,ichi1|news2|nf40
はあどうえあ,は,あ,0,high,ichi1
すいりよく,す,く,0,high,ichi1|news1|nf19
ねんがく,ね,く,0,high,news1|nf22
みつゆ,み,ゆ,0,high,ichi1|news1|nf09
とりそろえる,と,る,0,high,spec1
はんざいしや,は,や,0,high,spec1
せんせき,せ,き,0,high,news1|nf17|nf21
すりりんぐ,す,ぐ,0,high,gai1
とりい,と,い,0,high,ichi1|news1|nf20
らいす,ら,す,0,high,gai1
すいしようかんきよう,す,う,0,high,spec1
こいする,こ,る,0,high,ichi1|news2|nf36
ふなおさ,ふ,さ,0,high,ichi1|news1|nf08
ぬう,ぬ,う,0,high,ichi1|news2|nf29
せんしよくたい,せ,い,0,high,news1|nf16
くりあげる,く,る,0,high,news1|nf21
しやこく,し,く,0,high,news1|nf23
さぷり,さ,り,0,high,spec1
ばすけつと,ば,と,0,high,gai1|ichi1
つぎのように,つ,に,0,high,spec1
ひとむかし,ひ,し,0,high,ichi1|news2|nf25
あど,あ,ど,0,high,gai1
らいど,ら,ど,0,high,gai1
そうかがつかい,そ,い,0,high,news1|nf09
へりうむ,へ,む,0,high,gai1
かと,か,と,0,high,news1|nf21|spec1
ものごころ,も,ろ,0,high,news1|nf23
たから,た,ら,0,high,ichi1|news1|nf05
ひこうしき,ひ,き,0,high,news1|nf05
ういいく,う,く,0,high,gai1
かいきよ,か,よ,0,high,news1|nf13
とうさん,と,ん,0,high,ichi1|news1|news2|nf05|nf32
こころぼそい,こ,い,0,high,ichi1|news2|nf45
もんぞう,も,う,0,high,ichi1|news1|nf05
はんのう,は,う,0,high,ichi1|news1|nf03
きみたち,き,ち,0,high,spec1
せんたあ,せ,あ,0,high,gai1|ichi1
みき,み,き,0,high,ichi1|news1|nf07
えいえん,え,ん,0,high,ichi1|news1|nf10
これから,こ,ら,0,high,ichi1
ばいしようきん,ば,ん,0,high,news1|nf19
きやびあ,き,あ,0,high,gai1
ていきよきん,て,ん,0,high,news1|nf10
やきもち,や,ち,0,high,ichi1
はんどう,は,う,0,high,ichi1|news1|nf11
じゆんきゆう,じ,う,0,high,ichi1
はいきよ,は,よ,0,high,spec1
きよういん,き,ん,0,high,ichi1|news1|nf06
はは,は,は,0,high,ichi1|news1|nf01|nf17
しかいしや,し,や,0,high,news1|nf18
には,に,は,0,high,spec1
はんせん,は,ん,0,high,ichi1|news1|nf09|nf20
しようこう,し,う,0,high,ichi1|news1|nf07|nf10|nf22|nf24
にんげんせい,に,い,0,high,ichi1|news1|nf14
ぺえじ,ぺ,じ,0,high,gai1|ichi1
こんらん,こ,ん,0,high,ichi1|news1|nf02
かねあい,か,い,0,high,news1|nf23
ひとごころ,ひ,ろ,0,high,news1|nf18
ちゆうか,ち,か,0,high,ichi1|news1|nf08
しんとう,し,う,0,high,ichi1|news1|nf01|nf12|nf19
たちよる,た,る,0,high,ichi1|news1|nf23
きけん,き,ん,0,high,ichi1|news1|nf02|nf09
そいつ,そ,つ,0,high,ichi1
じゆうそく,じ,く,0,high,news1|nf23
たんそ,た,そ,0,high,news1|nf07
こどく,こ,く,0,high,ichi1|news1|nf09
ぺんねえむ,ぺ,む,0,high,gai1
すとろお,す,お,0,high,gai1
おいうち,お,ち,0,high,news1|nf16
たいしや,た,や,0,high,news1|nf21|nf23
だいいつぽ,だ,ぽ,0,high,news1|nf07
むえん,む,ん,0,high,ichi1|news1|nf08
かぜい,か,い,0,high,ichi1|news1|nf03
みちすじ,み,じ,0,high,news1|nf09
くろき,く,き,0,high,news1|nf17
すいし,す,し,0,high,news1|nf17
ちへいせん,ち,ん,0,high,ichi1|news2|nf25
ごりら,ご,ら,0,high,gai1
あさい,あ,い,0,high,ichi1|news2|nf45
だしん,だ,ん,0,high,news1|nf14
どうきよく,ど,く,0,high,news1|nf09
いりくち,い,ち,0,high,ichi1|news1|nf05
わらびい,わ,い,0,high,gai1
どうみやくこうか,ど,か,0,high,news1|nf20
ぱのらま,ぱ,ま,0,high,gai1
りようきん,り,ん,0,high,ichi1|news1|nf02
ひへい,ひ,い,0,high,news1|nf22
じゆん,じ,ん,0,high,ichi1|news1|nf06|nf11|nf18
おんしらず,お,ず,0,high,ichi1
はつやあい,は,い,0,high,ichi1|news1|news2|nf16|nf31
ぼうし,ぼ,し,0,high,ichi1|news1|nf02|nf09
さつこん,さ,ん,0,high,news1|nf12
わかめ,わ,め,0,high,ichi1
おおばあ,お,あ,0,high,gai1
つつ,つ,つ,0,high,ichi1|news1|nf18|spec1
にゆうきよ,に,よ,0,high,news1|nf08
もちあじ,も,じ,0,high,news1|nf08
しじよ,し,よ,0,high,news1|nf23
とうげい,と,い,0,high,news1|nf11
とるく,と,く,0,high,gai1
だんりよく,だ,く,0,high,news1|nf10
みなさま,み,ま,0,high,ichi1|news1|nf12
ながれこむ,な,む,0,high,news1|nf24
にひる,に,る,0,high,gai1
はだぎ,は,ぎ,0,high,ichi1|news2|nf33
おぞん,お,ん,0,high,gai1
ねつしん,ね,ん,0,high,ichi1|news1|nf05
せいし,せ,し,0,high,ichi1|news1|news2|nf12|nf13|nf17|nf33
なわ,な,わ,0,high,ichi1|news1|nf21
がつち,が,ち,0,high,news1|nf12
かんわ,か,わ,0,high,ichi1|news1|nf02
こと,こ,と,0,high,ichi1|news1|nf05|nf06|nf08|nf14
はなしごえ,は,え,0,high,ichi1|news2|nf37
かんよ,か,よ,0,high,news1|nf05
たぐぼおと,た,と,0,high,gai1
からふる,か,る,0,high,gai1
みえ,み,え,0,high,ichi1|news1|nf20
しんきゆう,し,う,0,high,news1|news2|nf11|nf28|spec1
たしつ,た,つ,0,high,ichi1|news2|nf37
すたじお,す,お,0,high,gai1|ichi1
あんけえと,あ,と,0,high,gai1|ichi1
ざんしん,ざ,ん,0,high,news2|nf29|spec1
たあみなる,た,る,0,high,gai1|ichi1
げんしゆく,げ,く,0,high,news1|nf16
かちゆうしや,か,や,0,high,gai1
みいる,み,る,0,high,gai1|news1|nf23
やまやま,や,ま,0,high,news1|nf19
いいまわし,い,し,0,high,ichi1|news1|nf17
ふりいらんさあ,ふ,あ,0,high,gai1
ぼつくす,ぼ,す,0,high,gai1
そつぎよう,そ,う,0,high,ichi1|news1|nf03
どのよう,ど,う,0,high,spec1
がいこくご,が,ご,0,high,ichi1|news1|nf09
しよけん,し,ん,0,high,news1|nf15
かぐ,か,ぐ,0,high,ichi1|news1|nf08
さいかくにん,さ,ん,0,high,spec1
はあく,は,く,0,high,news1|nf13
かくいつ,か,つ,0,high,news1|nf16
ぶつり,ぶ,り,0,high,ichi1|news1|nf09
こうう,こ,う,0,high,news1|nf17
ばんくうばあ,ば,あ,0,high,gai1
めぐまれる,め,る,0,high,ichi1
ぷるとにうむ,ぷ,む,0,high,gai1
みるく,み,く,0,high,gai1|ichi1
せかいかつこく,せ,く,0,high,spec1
あぷり,あ,り,0,high,gai1
すいさんぎよう,す,う,0,high,news1|nf22
ごぞんじ,ご,じ,0,high,ichi1|news1|nf13|spec1
かくれる,か,る,0,high,ichi1
ふうじて,ふ,て,0,high,news1|nf17
ゆうもらす,ゆ,す,0,high,gai1
とうとぶ,と,ぶ,0,high,ichi1
おもいきる,お,る,0,high,ichi1|news2|nf38
ひやかす,ひ,す,0,high,ichi1|news2|nf31
りびあ,り,あ,0,high,gai1
おとしあな,お,な,0,high,news1|nf19
じゆうしゆぎ,じ,ぎ,0,high,news1|nf13
せんろ,せ,ろ,0,high,ichi1|news1|nf10
ばべるのとう,ば,う,0,high,spec1
ふいくしよん,ふ,ん,0,high,gai1|ichi1
ふろんがす,ふ,す,0,high,gai1
こよう,こ,う,0,high,ichi1|news1|nf02
けいろ,け,ろ,0,high,news1|nf12
ていれ,て,れ,0,high,ichi1|news1|nf13
えきすぷれす,え,す,0,high,gai1
ふらすこ,ふ,こ,0,high,gai1
すいどう,す,う,0,high,ichi1|news1|nf06
どうそうかい,ど,い,0,high,ichi1|news1|nf16
さいはつ,さ,つ,0,high,news1|nf07
なしとげる,な,る,0,high,ichi1|news2|nf31
じてんしや,じ,や,0,high,ichi1|news1|nf04
だんどう,だ,う,0,high,news1|nf11
こむすび,こ,び,0,high,news1|nf16
かげき,か,き,0,high,news1|nf05|nf09
ききがき,き,き,0,high,news1|nf19
あしあと,あ,と,0,high,ichi1|news1|nf10|spec1
りきさく,り,く,0,high,news1|nf19
ぷろんぷたあ,ぷ,あ,0,high,gai1
こうしん,こ,ん,0,high,ichi1|news1|nf07|nf11|nf17|nf18
ぱるす,ぱ,す,0,high,gai1
ぎたりすと,ぎ,と,0,high,gai1
かなりあ,か,あ,0,high,gai1
じよういん,じ,ん,0,high,news1|nf03|nf08
せいてい,せ,い,0,high,ichi1|news1|nf04
こうさくきかい,こ,い,0,high,news1|nf18
よわい,よ,い,0,high,ichi1|news1|nf20|nf24
らりい,ら,い,0,high,gai1
ばいりつ,ば,つ,0,high,ichi1|news1|nf10
かつこいい,か,い,0,high,spec1
かがくへいき,か,き,0,high,news1|nf07
のんばんく,の,く,0,high,gai1
しんこう,し,う,0,high,ichi1|news1|nf04|nf07|nf09|nf10|nf12|nf14
てぬぐい,て,い,0,high,ichi1|news2|nf34|spec1
べいこく,べ,く,0,high,news1|nf01|nf14
こおでいねえと,こ,と,0,high,gai1
ひやく,ひ,く,0,high,ichi1|news1|nf01|nf09|spec1
おのれ,お,れ,0,high,news1|nf10
からあ,か,あ,0,high,gai1|ichi1|spec1
わかれめ,わ,め,0,high,news1|nf24
せいけつ,せ,つ,0,high,ichi1|news1|nf12
もくたん,も,ん,0,high,news1|nf24
どたばた,ど,た,0,high,ichi1
かんどう,か,う,0,high,ichi1|news1|nf06
さあろいん,さ,ん,0,high,gai1
はなよめ,は,め,0,high,ichi1|news1|nf15
しるえつと,し,と,0,high,gai1
はんそく,は,く,0,high,ichi1|news1|nf15|spec1
きよういくしや,き,や,0,high,news1|nf24
こんびにえんす,こ,す,0,high,gai1
さかば,さ,ば,0,high,news1|nf21
ぴいなつ,ぴ,つ,0,high,gai1
のつかあ,の,あ,0,high,gai1
きかくしつ,き,つ,0,high,news1|nf19
きよしき,き,き,0,high,news1|nf20
だいやる,だ,る,0,high,gai1|ichi1
うちきり,う,り,0,high,news1|nf13
げいじゆつ,げ,つ,0,high,ichi1|news1|nf02
など,な,ど,0,high,spec1
だんぷ,だ,ぷ,0,high,gai1
くだす,く,す,0,high,ichi1|news2|nf39
おめでとう,お,う,0,high,ichi1
めいゆう,め,う,0,high,news1|nf21|nf23
となりあう,と,う,0,high,ichi1|news2|nf44
ようれい,よ,い,0,high,ichi1|news2|nf30
さんじよう,さ,う,0,high,news1|nf21
ろうひ,ろ,ひ,0,high,ichi1|news1|nf22
たな,た,な,0,high,ichi1|news1|nf11
しなぎれ,し,れ,0,high,ichi1|news2|nf25
あらて,あ,て,0,high,news1|nf23
ぎじゆつしや,ぎ,や,0,high,news1|nf06
めきしこわん,め,ん,0,high,spec1
はいぎよう,は,う,0,high,news1|nf22
めいさい,め,い,0,high,ichi1|news1|nf20
こけい,こ,い,0,high,ichi1|news1|nf24
めんてなんす,め,す,0,high,gai1
とおす,と,す,0,high,ichi1|news1|spec1
つき,つ,き,0,high,ichi1|news1|nf07|nf13
うでまえ,う,え,0,high,ichi1|news1|nf21
ぺえそす,ぺ,す,0,high,gai1
いちぎよう,い,う,0,high,news1|nf07
ぶらんく,ぶ,く,0,high,gai1
ろんぴよう,ろ,う,0,high,news1|nf15
きまつて,き,て,0,high,news1|nf01
ゆらい,ゆ,い,0,high,ichi1|news1|nf15
ちようおんぱ,ち,ぱ,0,high,news1|nf18
あんに,あ,に,0,high,news1|nf13
もちいえ,も,え,0,high,news1|nf15
ぎが,ぎ,が,0,high,gai1
ふん,ふ,ん,0,high,spec1
ふじんか,ふ,か,0,high,news1|nf23
めつせ,め,せ,0,high,gai1
ささえる,さ,る,0,high,ichi1
がんゆう,が,う,0,high,news1|nf18
じようない,じ,い,0,high,news1|nf13|nf21
ちようふく,ち,く,0,high,ichi1|news1|nf18
かんねん,か,ん,0,high,ichi1|news1|nf17
こおなりんぐ,こ,ぐ,0,high,gai1
へたくそ,へ,そ,0,high,spec1
じつち,じ,ち,0,high,news1|nf23
がれき,が,き,0,high,news2|nf47|spec1
ほいいる,ほ,る,0,high,gai1
ぷろやきゆう,ぷ,う,0,high,ichi1
たとえる,た,る,0,high,ichi1|news2|nf28
みわたす,み,す,0,high,ichi1|news2|nf28
まつとうする,ま,る,0,high,news1|nf20
あちこち,あ,ち,0,high,ichi1
きざむ,き,む,0,high,ichi1|news1|nf14
につこうよく,に,く,0,high,ichi1|news2|nf34
ぷうる,ぷ,る,0,high,gai1|ichi1
いんしよくてん,い,ん,0,high,ichi1
あべこべ,あ,べ,0,high,ichi1
やくそくどおり,や,り,0,high,spec1
さんふらんしすこ,さ,こ,0,high,gai1
じつぎ,じ,ぎ,0,high,news1|nf19
あたる,あ,る,0,high,ichi1|news2|nf35
かしわ,か,わ,0,high,news1|nf10
さかや,さ,や,0,high,ichi1|news1|nf22
あいてどる,あ,る,0,high,news1|nf11
ばあげんせえる,ば,る,0,high,gai1
とんや,と,や,0,high,ichi1|news1|nf14
へいじつ,へ,つ,0,high,ichi1|news1|nf09
おいあげる,お,る,0,high,news1|nf19
かいしじこく,か,く,0,high,spec1
かわいいい,か,い,0,high,ichi1|news2|nf32
げんかん,げ,ん,0,high,ichi1|news1|nf05
のんれん,の,ん,0,high,ichi1
しつこうゆうよ,し,よ,0,high,news1|nf09
ぽおる,ぽ,る,0,high,gai1
にほんかい,に,い,0,high,news1|nf06
わけではない,わ,い,0,high,spec1
さかな,さ,な,0,high,ichi1|ichi2|news1|nf03
しや,し,や,0,high,ichi1|news1|nf05|nf09
あかし,あ,し,0,high,news1|nf19
ざんぱい,ざ,い,0,high,ichi1|news1|nf14
まえだおし,ま,し,0,high,news1|nf09
すれえと,す,と,0,high,gai1
びたみん,び,ん,0,high,gai1|ichi1
ばむばむ,ば,む,0,high,gai1
ちゆうがく,ち,く,0,high,ichi1|news1|nf03
ていぎ,て,ぎ,0,high,ichi1|news1|nf09
ひいと,ひ,と,0,high,gai1
じん,じ,ん,0,high,gai1|ichi1|news1|nf04
ぺしみすていつく,ぺ,く,0,high,gai1
かたがわり,か,り,0,high,ichi1|news1|nf20
わりこみ,わ,み,0,high,news1|nf22
きよくめん,き,ん,0,high,news1|nf04
えきしよう,え,う,0,high,news1|nf10
きゆうゆしよ,き,よ,0,high,ichi1
みち,み,ち,0,high,ichi1|news1|nf01|nf13|nf24
ぽおず,ぽ,ず,0,high,gai1
おさない,お,い,0,high,ichi1|news2|nf44
きんぼし,き,し,0,high,news1|nf17
しらずしらず,し,ず,0,high,ichi1
らてんご,ら,ご,0,high,spec1
かつとう,か,う,0,high,ichi1|news1|nf14|nf18
にく,に,く,0,high,ichi1|news1|nf05
すいいぱあ,す,あ,0,high,gai1
きしようだい,き,い,0,high,news1|nf24
ごがつ,ご,つ,0,high,news1|nf01|spec1
ちんあつ,ち,つ,0,high,news1|nf18
ぜいかん,ぜ,ん,0,high,ichi1|news1|nf11
しぐなる,し,る,0,high,gai1
あいす,あ,す,0,high,gai1|ichi1|spec1
さきおくり,さ,り,0,high,news1|nf06
えあばつぐ,え,ぐ,0,high,gai1
ださんてき,だ,き,0,high,ichi1
どるかい,ど,い,0,high,spec1
ぶんしよ,ぶ,よ,0,high,ichi1|news1|nf02
ねんちやく,ね,く,0,high,ichi1|news2|nf39
だんごう,だ,う,0,high,news1|nf05
だげき,だ,き,0,high,ichi1|news1|nf03
けいそう,け,う,0,high,news1|nf18
ひとまわり,ひ,り,0,high,news1|nf20
ちゆうすう,ち,う,0,high,news1|nf09
こうしゆうえいせい,こ,い,0,high,news1|nf19
せいせい,せ,い,0,high,news1|nf13|nf20
なりに,な,に,0,high,spec1
ちようせい,ち,い,0,high,ichi1|news1|nf01
みなおし,み,し,0,high,news1|nf01
ここのか,こ,か,0,high,ichi1|spec1
しゆたいてき,し,き,0,high,news1|nf18
あらいもの,あ,の,0,high,ichi1|news2|nf45
きゆろつと,き,と,0,high,gai1
しまつた,し,た,0,high,ichi1
でたらめ,で,め,0,high,ichi1
こくそ,こ,そ,0,high,ichi1|news1|nf11
ひそう,ひ,う,0,high,news1|nf23
けがす,け,す,0,high,ichi1|news2|nf40
ふかさ,ふ,さ,0,high,ichi1
めえる,め,る,0,high,gai1
にゆうせん,に,ん,0,high,ichi1|news1|nf08
ひようご,ひ,ご,0,high,ichi1|news1|nf20
ちやどう,ち,う,0,high,ichi1|news1|nf19
あいず,あ,ず,0,high,ichi1|news1|nf16
てきさす,て,す,0,high,gai1
せばまる,せ,る,0,high,ichi1|news2|nf44
しぼり,し,り,0,high,news1|news2|nf19|nf25
ささい,さ,い,0,high,spec1
かんぶり,か,り,0,high,ichi1|news1|nf06
ぽぴゆらあ,ぽ,あ,0,high,gai1
しようじん,し,ん,0,high,ichi1|news1|nf07
こうにん,こ,ん,0,high,ichi1|news1|nf04
しゆうちやくえき,し,き,0,high,ichi1|news2|nf32
しよざい,し,い,0,high,news1|nf10
じやのめ,じ,め,0,high,news1|nf14
いちやく,い,く,0,high,news1|nf12
てつこつ,て,つ,0,high,ichi1|news1|nf10
こんばいん,こ,ん,0,high,gai1
まいる,ま,る,0,high,gai1|ichi1|news2|nf35
しよつぴんぐ,し,ぐ,0,high,gai1|ichi1
けいえん,け,ん,0,high,ichi1|news1|nf19
こほん,こ,ん,0,high,ichi1|news1|nf19
きりしたん,き,ん,0,high,gai1
くらしつくおんがく,く,く,0,high,spec1
まんいん,ま,ん,0,high,ichi1|news1|nf09
すりる,す,る,0,high,gai1|ichi1
しゆうばん,し,ん,0,high,news1|nf05
こんでんさ,こ,さ,0,high,gai1
すく,す,く,0,high,ichi1
まご,ま,ご,0,high,ichi1|news1|nf05
とまどい,と,い,0,high,news1|nf09
ふかのう,ふ,う,0,high,ichi1|news1|nf07
りす,り,す,0,high,gai1
きゆうせん,き,ん,0,high,news1|nf12
おもいあがる,お,る,0,high,ichi1|news2|nf42
ながす,な,す,0,high,ichi1|news1|nf08
みゆうじかる,み,る,0,high,gai1
とくする,と,る,0,high,ichi1
きゆうぞう,き,う,0,high,ichi1|news1|nf08
ぼおん,ぼ,ん,0,high,gai1
ことわる,こ,る,0,high,ichi1|news1|nf10
れぎゆらあ,れ,あ,0,high,gai1|ichi1
ばく,ば,く,0,high,news1|nf02
ひゆ,ひ,ゆ,0,high,ichi1|news2|nf34
おはいお,お,お,0,high,gai1
ひようめん,ひ,ん,0,high,ichi1|news1|nf04
わしよく,わ,く,0,high,ichi1|news1|nf19
おぼえる,お,る,0,high,ichi1|news2|nf26
こすぷれ,こ,れ,0,high,spec1
やまい,や,い,0,high,ichi1
かりきゆらむ,か,む,0,high,gai1
ごうり,ご,り,0,high,ichi1|news1|nf11
わいあ,わ,あ,0,high,gai1
そんざい,そ,い,0,high,ichi1|news1|nf02
ぱたあん,ぱ,ん,0,high,gai1|ichi1
わんりよく,わ,く,0,high,ichi1|news2|nf25
えんぎ,え,ぎ,0,high,ichi1|news1|nf05|nf20
そのなか,そ,か,0,high,spec1
ぱあす,ぱ,す,0,high,gai1
げりら,げ,ら,0,high,gai1
とびち,と,ち,0,high,news1|nf21
ほんるい,ほ,い,0,high,news1|nf14
のける,の,る,0,high,ichi1
ようしき,よ,き,0,high,ichi1|news1|news2|nf09|nf33
くまなく,く,く,0,high,ichi1
にじゆつさい,に,い,0,high,ichi1
かるしうむ,か,む,0,high,gai1
うせつ,う,つ,0,high,news2|nf40|spec1
なりきん,な,ん,0,high,news1|nf10
えばる,え,る,0,high,ichi1|news2|nf45
なさる,な,る,0,high,ichi1
ておくれ,て,れ,0,high,ichi1|news2|nf26
ゆうのう,ゆ,う,0,high,ichi1|news1|nf19
じやつじ,じ,じ,0,high,gai1
しこう,し,う,0,high,ichi1|news1|news2|nf04|nf06|nf08|nf14|nf21|nf38|spec1
ほるだあ,ほ,あ,0,high,gai1
おもわず,お,ず,0,high,ichi1|news1|nf02
れくいえむ,れ,む,0,high,gai1
とういつかん,と,ん,0,high,spec1
たす,た,す,0,high,ichi1|news2|nf40
このむ,こ,む,0,high,ichi1|news1|nf17
あてはまる,あ,る,0,high,ichi1
とうふ,と,ふ,0,high,ichi1|news1|nf14
はなしこむ,は,む,0,high,ichi1|news2|nf34
たそがれ,た,れ,0,high,ichi1|news2|nf34
けつそく,け,く,0,high,news1|nf07
そうりつ,そ,つ,0,high,ichi1|news1|nf06
そちら,そ,ら,0,high,ichi1
りいす,り,す,0,high,gai1
ちようじよ,ち,よ,0,high,ichi1|news1|nf04
いつぴき,い,き,0,high,spec1
りべらりすと,り,と,0,high,gai1
すとおる,す,る,0,high,gai1
すいす,す,す,0,high,spec1
じゆせいらん,じ,ん,0,high,news1|nf13
とぶ,と,ぶ,0,high,ichi1|news1|nf21
ちめいしよう,ち,う,0,high,news1|nf23
ひざ,ひ,ざ,0,high,ichi1|news2|nf27
へな,へ,な,0,high,ichi1|news1|nf19
いずむ,い,む,0,high,gai1
れこおだあ,れ,あ,0,high,gai1
たいむりい,た,い,0,high,gai1
じようはんしん,じ,ん,0,high,ichi1|news1|nf17
えい,え,い,0,high,ichi1|news1|nf08|nf17|spec1
えいが,え,が,0,high,ichi1|news1|nf01
くういき,く,き,0,high,news1|nf13
りちうむ,り,む,0,high,gai1
きようりよく,き,く,0,high,ichi1|news1|nf01|nf04
ひとたび,ひ,び,0,high,news1|nf03
みならい,み,い,0,high,ichi1|news2|nf33
ぶらちすらば,ぶ,ば,0,high,gai1
ぼおとぴいぷる,ぼ,る,0,high,gai1
てりとりい,て,い,0,high,gai1
おせじ,お,じ,0,high,ichi1|news2|nf32
いうまでもない,い,い,0,high,news1|nf23
けえぶる,け,る,0,high,gai1
とうちよう,と,う,0,high,news1|nf13|nf16
かんこうちよう,か,う,0,high,news1|nf18
こういつた,こ,た,0,high,spec1
ふろつぴい,ふ,い,0,high,gai1
しなん,し,ん,0,high,news1|nf19
きやびねつと,き,と,0,high,gai1
しよつく,し,く,0,high,gai1|ichi1
さいしゆ,さ,ゆ,0,high,ichi1|news1|nf15
しつぎよう,し,う,0,high,ichi1|news1|nf03
へんこう,へ,う,0,high,ichi1|news1|nf03
にあう,に,う,0,high,ichi1|news2|nf25
げいのう,げ,う,0,high,ichi1|news1|nf05
くい,く,い,0,high,ichi1|news1|news2|nf15|nf26|spec1
げんき,げ,き,0,high,ichi1|news1|nf06
ごちそうさまでした,ご,た,0,high,spec1
ぶらじる,ぶ,る,0,high,spec1
ぎぞう,ぎ,う,0,high,ichi1|news1|nf05
ばかりか,ば,か,0,high,spec1
けんおかん,け,ん,0,high,spec1
ながれる,な,る,0,high,ichi1|news2|nf47
らつしゆ,ら,ゆ,0,high,gai1|ichi1
きようあく,き,く,0,high,news1|nf16
おなら,お,ら,0,high,ichi1
せしうむ,せ,む,0,high,gai1
かひ,か,ひ,0,high,news1|nf17
くがつ,く,つ,0,high,news1|nf01|spec1
たかまる,た,る,0,high,ichi1|news1|nf08
しよくたく,し,く,0,high,ichi1|news1|nf10|nf16
じだん,じ,ん,0,high,news1|nf23
たこ,た,こ,0,high,ichi1|news1|nf18
ちえいん,ち,ん,0,high,gai1
どのへん,ど,ん,0,high,ichi1
かれつじ,か,じ,0,high,gai1
えんせん,え,ん,0,high,ichi1|news1|nf16
ねえむ,ね,む,0,high,gai1|ichi1
きんちよ,き,よ,0,high,news1|nf17
ますこつと,ま,と,0,high,gai1
けいゆう,け,う,0,high,ichi1|news1|nf07
がくしき,が,き,0,high,news1|nf12
ふおあぼおる,ふ,る,0,high,gai1
うめぼし,う,し,0,high,ichi1|news2|nf28
とくゆう,と,う,0,high,ichi1|news1|nf09
かすぴかい,か,い,0,high,spec1
ようご,よ,ご,0,high,ichi1|news1|nf07|nf08
はあれむ,は,む,0,high,gai1
ふえあ,ふ,あ,0,high,gai1
ちえるのぶいり,ち,り,0,high,gai1
ばりええしよん,ば,ん,0,high,gai1
ぼでいいぶろお,ぼ,お,0,high,gai1
おちあう,お,う,0,high,ichi1
ぎやるそん,ぎ,ん,0,high,gai1
おきやくさま,お,ま,0,high,spec1
かはんき,か,き,0,high,news1|nf19
さてらいと,さ,と,0,high,gai1
おんだん,お,ん,0,high,ichi1|news1|nf06
たびに,た,に,0,high,spec1
しゆつそう,し,う,0,high,news1|nf18
どきゆめんたりい,ど,い,0,high,gai1
めぐる,め,る,0,high,ichi1|news2|nf25
めだりすと,め,と,0,high,gai1
たさい,た,い,0,high,news1|nf06
まがお,ま,お,0,high,news1|nf24
ひととおり,ひ,り,0,high,ichi1|news2|nf39
きゆうせいしゆ,き,ゆ,0,high,news1|nf24
ばくげき,ば,き,0,high,ichi1|news1|nf06
すぽんじけえき,す,き,0,high,gai1
まれえしあ,ま,あ,0,high,gai1
できごと,で,と,0,high,ichi1|news1|nf06
りさげ,り,げ,0,high,news1|nf05
こおふん,こ,ん,0,high,ichi1|news1|nf11
きはい,き,い,0,high,ichi1|news1|nf06
ちやくしゆつ,ち,つ,0,high,news1|nf20
はむすたあ,は,あ,0,high,gai1
ぶんぱい,ぶ,い,0,high,ichi1|news1|nf10
じようくう,じ,う,0,high,ichi1|news1|nf06
せつしよう,せ,う,0,high,news1|nf05
ぬくもり,ぬ,り,0,high,ichi1
けしいん,け,ん,0,high,ichi1|news1|nf07
ぎようかく,ぎ,く,0,high,news1|nf06
ええ,え,え,0,high,ichi1
きようふう,き,う,0,high,ichi1|news1|nf10
しるばあ,し,あ,0,high,gai1
けいき,け,き,0,high,ichi1|news1|nf01|nf06|nf23
きつさてん,き,ん,0,high,ichi1|news1|nf10
きい,き,い,0,high,gai1|ichi1|news1|nf24
ものおき,も,き,0,high,ichi1|news1|nf24
こわがる,こ,る,0,high,ichi1|news2|nf33
きようよ,き,よ,0,high,news1|nf05
わたり,わ,り,0,high,news1|nf18
くにゆうど,く,ど,0,high,news1|nf09
むかい,む,い,0,high,ichi1|news1|nf08
やよい,や,い,0,high,news1|nf10
おぺら,お,ら,0,high,gai1
ゆうずど,ゆ,ど,0,high,spec1
しつぎ,し,ぎ,0,high,news1|nf05
けいようし,け,し,0,high,ichi1|news2|nf28
かんご,か,ご,0,high,ichi1|news1|news2|nf05|nf37
たんとうしや,た,や,0,high,news1|nf03
しゆたる,し,る,0,high,news1|nf21
ぞくしゆつ,ぞ,つ,0,high,ichi1|news1|nf22
だいぎ,だ,ぎ,0,high,news1|nf04
たとえ,た,え,0,high,ichi1|news2|nf28
よんほん,よ,ん,0,high,news1|nf17
はいせん,は,ん,0,high,ichi1|news1|nf06|nf21
ふね,ふ,ね,0,high,ichi1|news1|nf04
あんぜんほしよう,あ,う,0,high,news1|nf02
ぽけつとまねえ,ぽ,え,0,high,gai1
ろうそ,ろ,そ,0,high,news1|nf03
そうさ,そ,さ,0,high,ichi1|news1|nf01|nf04
かげん,か,ん,0,high,ichi1|news1|nf16|nf19|nf20
もんよう,も,う,0,high,news1|news2|nf21|nf38
れんぽう,れ,う,0,high,ichi1|news1|nf01|nf21
じんよう,じ,う,0,high,news1|nf21
かんさい,か,い,0,high,news1|nf02|nf20
らむ,ら,む,0,high,gai1
さいてき,さ,き,0,high,ichi1|news1|nf10
せいりゆう,せ,う,0,high,news1|nf22
いつしよに,い,に,0,high,ichi1
よけい,よ,い,0,high,ichi1|news1|nf12
きやんべら,き,ら,0,high,gai1
しきしや,し,や,0,high,news1|nf10|nf17
じよつき,じ,き,0,high,gai1
しんせん,し,ん,0,high,ichi1|news1|nf07
ことがない,こ,い,0,high,spec1
けいりん,け,ん,0,high,news1|nf13
くやしい,く,い,0,high,ichi1|news2|nf27
やりがい,や,い,0,high,spec1
さいぼう,さ,う,0,high,ichi1|news1|nf04
みなみぐち,み,ち,0,high,news1|nf21
じつすう,じ,う,0,high,news1|nf21
わが,わ,が,0,high,ichi1|news1|nf10
ぽえむ,ぽ,む,0,high,gai1
まりよく,ま,く,0,high,news2|nf32|spec1
そんかい,そ,い,0,high,news1|nf22
ぱうだあ,ぱ,あ,0,high,gai1
こうぎよう,こ,う,0,high,ichi1|news1|nf02|nf11|nf15|nf16
かおす,か,す,0,high,gai1
けんすう,け,う,0,high,news1|nf06
どじよう,ど,う,0,high,news1|nf08
どうどう,ど,う,0,high,ichi1|news1|nf11
めこんでるた,め,た,0,high,gai1
せきゆりてい,せ,い,0,high,gai1
きしん,き,ん,0,high,ichi1
かんあん,か,ん,0,high,news1|nf17
くぎる,く,る,0,high,ichi1|news2|nf45
どうはん,ど,ん,0,high,ichi1|news1|nf23
ぱぶ,ぱ,ぶ,0,high,gai1
じゆうきゆう,じ,う,0,high,news1|nf01
いんしようずける,い,る,0,high,news1|nf24
ゆずりわたす,ゆ,す,0,high,news1|nf19
ふちん,ふ,ん,0,high,news1|nf24
ばあてん,ば,ん,0,high,gai1
しようよ,し,よ,0,high,news1|nf18
びじねすまん,び,ん,0,high,gai1|ichi1
だえんけい,だ,い,0,high,ichi1
ふしぜん,ふ,ん,0,high,ichi1|news1|nf11
だんねつ,だ,つ,0,high,news1|nf18
せんしゆうらく,せ,く,0,high,news1|nf15
しらは,し,は,0,high,news1|nf23
いんふれ,い,れ,0,high,gai1|ichi1
がち,が,ち,0,high,ichi1
ないしよ,な,よ,0,high,ichi1
みやくはく,み,く,0,high,ichi1|news2|nf27
まさに,ま,に,0,high,ichi1|news2|nf45
なかじま,な,ま,0,high,news1|nf05
はんしゆ,は,ゆ,0,high,news1|nf23
さふありらりい,さ,い,0,high,gai1
さよく,さ,く,0,high,ichi1|news1|nf05
そとぐに,そ,に,0,high,ichi1|news1|nf01
につさん,に,ん,0,high,news1|nf07
いやく,い,く,0,high,news1|nf21
しつき,し,き,0,high,ichi1|news1|nf19
ふえ,ふ,え,0,high,ichi1|news1|nf12
はらい,は,い,0,high,ichi1|news1|nf20
ぽりねしあ,ぽ,あ,0,high,gai1
ぴんと,ぴ,と,0,high,gai1|ichi1
すらつく,す,く,0,high,gai1
せんご,せ,ご,0,high,ichi1|news1|nf01
くらいむすとおりい,く,い,0,high,gai1
よこたわる,よ,る,0,high,ichi1|news2|nf42
ぱん,ぱ,ん,0,high,gai1|ichi1
ぱすてる,ぱ,る,0,high,gai1
すからしつぷ,す,ぷ,0,high,gai1
すりらあ,す,あ,0,high,gai1
れんめい,れ,い,0,high,news1|nf02|nf19
そふとどりんく,そ,く,0,high,gai1
いぎよう,い,う,0,high,news1|nf22
しきん,し,ん,0,high,ichi1|news1|nf01
なく,な,く,0,high,ichi1
ほんしつ,ほ,つ,0,high,ichi1|news1|nf06
どひよう,ど,う,0,high,news1|nf06
はなばなしい,は,い,0,high,ichi1|news2|nf30
はたじるし,は,し,0,high,news1|nf14
おどおど,お,ど,0,high,ichi1
せんと,せ,と,0,high,gai1|news1|nf24
しまう,し,う,0,high,ichi1
こうがくしきもじにんしき,こ,き,0,high,spec1
せいい,せ,い,0,high,ichi1|news1|nf10
さいしんえい,さ,い,0,high,spec1
こなす,こ,す,0,high,ichi1|news2|nf37
こつかいぎいん,こ,ん,0,high,news1|nf02
こころから,こ,ら,0,high,news1|nf08|spec1
さんしん,さ,ん,0,high,news1|nf06
まつさなか,ま,か,0,high,ichi1|news1|nf19
きゆうち,き,ち,0,high,news1|nf14
ぞんぶん,ぞ,ん,0,high,news1|nf18
うええるず,う,ず,0,high,gai1
えんき,え,き,0,high,ichi1|news1|nf06|nf23
どなたでも,ど,も,0,high,spec1
こうせい,こ,い,0,high,ichi1|news1|nf03|nf05|nf07|nf08|nf14|nf16|nf24
うちだす,う,す,0,high,news1|nf11
へんぼう,へ,う,0,high,ichi1|news2|nf29
さけびごえ,さ,え,0,high,news1|nf24
しよねん,し,ん,0,high,news1|nf19
きんようび,き,び,0,high,ichi1
さんそ,さ,そ,0,high,ichi1|news1|nf08
いくさ,い,さ,0,high,news1|nf14
じゆんし,じ,し,0,high,news1|nf16
たつく,た,く,0,high,gai1
みにでいすく,み,く,0,high,gai1
ずけい,ず,い,0,high,ichi1|news1|nf20
ろめん,ろ,ん,0,high,news1|nf17
ぶんかかい,ぶ,い,0,high,news1|nf09
ぼこおだあ,ぼ,あ,0,high,gai1
くろぼし,く,し,0,high,news1|nf16
ぱつきんぐ,ぱ,ぐ,0,high,gai1
ねんさん,ね,ん,0,high,news1|nf11
したてなげ,し,げ,0,high,news1|nf18
みつせつ,み,つ,0,high,ichi1|news1|nf08
ほうすい,ほ,い,0,high,news1|nf19
こうていぶあい,こ,い,0,high,news1|nf04
あらそう,あ,う,0,high,ichi1|news1|nf11
あつかましい,あ,い,0,high,ichi1
ととのえる,と,る,0,high,ichi1
くもる,く,る,0,high,ichi1|news2|nf43
ろじあな,ろ,な,0,high,gai1
かんぬし,か,し,0,high,ichi1|news2|nf38
もつてくる,も,る,0,high,ichi2|spec1
とうてん,と,ん,0,high,spec1
びいじいえむ,び,む,0,high,spec1
どうしても,ど,も,0,high,ichi1
かぞくけいかく,か,く,0,high,news1|nf12
むてき,む,き,0,high,news2|nf32|spec1
まつきてき,ま,き,0,high,ichi1
そりすと,そ,と,0,high,gai1
やりなおす,や,す,0,high,ichi1
みずあげ,み,げ,0,high,news1|nf20
ほこさき,ほ,き,0,high,news1|nf22
かいへん,か,ん,0,high,ichi1|news1|nf16|nf18
かもく,か,く,0,high,ichi1|news1|nf09
ぷれえと,ぷ,と,0,high,gai1
まぐろ,ま,ろ,0,high,ichi1|spec1
かれんだあ,か,あ,0,high,gai1|ichi1
びようじよう,び,う,0,high,ichi1|news1|nf11
うお,う,お,0,high,ichi1|ichi2|news1|nf03
なみ,な,み,0,high,ichi1|news1|nf04|nf12
そうき,そ,き,0,high,ichi1|news1|nf02
しんせい,し,い,0,high,ichi1|news1|nf02|nf03|nf05|nf17|nf20|nf21
らでいかる,ら,る,0,high,gai1
もうしわけ,も,け,0,high,ichi1|news1|nf21
めいあん,め,ん,0,high,ichi1|news1|news2|nf12|nf36
くいんてつと,く,と,0,high,gai1
ぺんしよん,ぺ,ん,0,high,gai1
いれい,い,い,0,high,news1|nf04|nf10
しとしと,し,と,0,high,ichi1
ちぎれる,ち,る,0,high,ichi1
とつくに,と,に,0,high,ichi1
すろお,す,お,0,high,gai1
れざあ,れ,あ,0,high,gai1
ちいむ,ち,む,0,high,gai1|ichi1
きようけん,き,ん,0,high,news1|nf14
たれ,た,れ,0,high,news2|nf38|spec1
ばいおりん,ば,ん,0,high,gai1|ichi1
れんかん,れ,ん,0,high,news1|nf24
けんち,け,ち,0,high,ichi1|news1|nf14
けんじ,け,じ,0,high,ichi1|news1|nf04|nf10
はちまん,は,ん,0,high,news1|nf14
ひぶん,ひ,ん,0,high,news1|nf20
べき,べ,き,0,high,spec1
じようすう,じ,う,0,high,news1|nf02
ほいつする,ほ,る,0,high,gai1
とうせい,と,い,0,high,ichi1|news1|nf08|nf18
ぺあ,ぺ,あ,0,high,gai1
いでおろぎい,い,い,0,high,gai1|ichi1
ひととせ,ひ,せ,0,high,spec1
ぼうけん,ぼ,ん,0,high,ichi1|news1|nf08
どあ,ど,あ,0,high,gai1|ichi1
ぼおと,ぼ,と,0,high,gai1|ichi1
さあち,さ,ち,0,high,gai1
こんじき,こ,き,0,high,ichi1|news1|nf18
せいそくち,せ,ち,0,high,news1|nf15
いしき,い,き,0,high,ichi1|news1|nf02
しんじゆう,し,う,0,high,ichi1|news1|nf15
ほんごく,ほ,く,0,high,ichi1|news1|nf07
おしい,お,い,0,high,ichi1|news2|nf39
なんでも,な,も,0,high,ichi1|news1|nf07
がんぼう,が,う,0,high,ichi1|news1|nf12
はいきぶつ,は,つ,0,high,spec1
とばし,と,し,0,high,news1|nf09
おぼうさん,お,ん,0,high,ichi1
いんとろ,い,ろ,0,high,gai1
しいずにんぐ,し,ぐ,0,high,gai1
きんきよう,き,う,0,high,news1|nf24
せがたかい,せ,い,0,high,spec1
こくないりよこう,こ,う,0,high,spec1
またぐ,ま,ぐ,0,high,ichi1
いちや,い,や,0,high,news1|nf09
みはらし,み,し,0,high,ichi1|news2|nf40
いつちやく,い,く,0,high,news1|nf23
ていひよう,て,う,0,high,news1|nf11
すこやか,す,か,0,high,ichi1|news2|nf29
えどじだい,え,い,0,high,spec1
ぱつく,ぱ,く,0,high,gai1
うけわたし,う,し,0,high,news1|nf21
りすぼん,り,ん,0,high,gai1
ぱあれん,ぱ,ん,0,high,gai1
はや,は,や,0,high,news1|nf13
はちまき,は,き,0,high,ichi1|news2|nf29
べん,べ,ん,0,high,news1|nf10
おうじや,お,や,0,high,ichi1|news1|nf09
だんじて,だ,て,0,high,ichi1|news1|nf22
しりぞく,し,く,0,high,ichi1
おきあがる,お,る,0,high,ichi1|news2|nf47
はば,は,ば,0,high,ichi1|news1|nf02
がそおる,が,る,0,high,gai1
きゆうしゆつ,き,つ,0,high,news1|nf10
しんぶんし,し,し,0,high,news1|nf12
かんぺき,か,き,0,high,ichi1
しゆうのう,し,う,0,high,news1|nf15
けつぎ,け,ぎ,0,high,ichi1|news1|nf01
にち,に,ち,0,high,spec1
ひとなか,ひ,か,0,high,news1|nf19
びじよん,び,ん,0,high,gai1
がすぼんべ,が,べ,0,high,gai1
きしべ,き,べ,0,high,ichi1|news1|nf23
にひやく,に,く,0,high,news1|nf02|spec1
ぷらんくとん,ぷ,ん,0,high,gai1
ごめんください,ご,い,0,high,ichi1
けんみん,け,ん,0,high,news1|nf06
こつぷ,こ,ぷ,0,high,gai1|ichi1
しんじゆ,し,ゆ,0,high,ichi1|news1|nf16
さあかす,さ,す,0,high,gai1
すらすら,す,ら,0,high,ichi1|spec1
たくわえる,た,る,0,high,ichi1|news2|nf36
じえいあある,じ,る,0,high,spec1
かざしも,か,も,0,high,ichi1|news2|nf31
たがいちがい,た,い,0,high,ichi1
もたれる,も,る,0,high,ichi1
うんこ,う,こ,0,high,spec1
ふくへい,ふ,い,0,high,news1|nf23
そんする,そ,る,0,high,ichi1
だいがくせい,だ,い,0,high,ichi1
きとくけん,き,ん,0,high,news1|nf16
らす,ら,す,0,high,gai1
でんしめえる,で,る,0,high,spec1
がつこうめい,が,い,0,high,spec1
でぱあと,で,と,0,high,gai1|ichi1
みどり,み,り,0,high,ichi1|news1|nf03
おおて,お,て,0,high,ichi1|news1|nf01
おいしい,お,い,0,high,ichi1
すごおい,す,い,0,high,ichi1
みんぞくじけつ,み,つ,0,high,news1|nf17
そうこう,そ,う,0,high,news1|nf06|nf11|nf22|nf24
ふあつしよ,ふ,よ,0,high,gai1
あつあつ,あ,つ,0,high,spec1
いいかげん,い,ん,0,high,ichi1
ふるぼん,ふ,ん,0,high,ichi1|news1|nf19
たちあい,た,い,0,high,news1|nf11|nf18|spec1
きやりあ,き,あ,0,high,gai1
えんちよう,え,う,0,high,ichi1|news1|nf02|nf14
おりもの,お,の,0,high,ichi1|news1|nf18
りりつ,り,つ,0,high,ichi1|news1|nf10
どうぜん,ど,ん,0,high,news1|nf24
こうずい,こ,い,0,high,ichi1|news1|nf09
たんてき,た,き,0,high,ichi1|news1|nf16
こくぎ,こ,ぎ,0,high,news1|nf11
じよくん,じ,ん,0,high,news1|nf19
そこう,そ,う,0,high,news1|nf20
しき,し,き,0,high,ichi1|news1|news2|nf03|nf10|nf14|nf33
めいき,め,き,0,high,ichi1|news1|nf14
かんだんけい,か,い,0,high,ichi1
いどうへいきん,い,ん,0,high,spec1
くみかえ,く,え,0,high,news1|nf17
たいが,た,が,0,high,ichi1|news1|nf11
せいふ,せ,ふ,0,high,ichi1|news1|nf01
ばあげん,ば,ん,0,high,gai1|ichi1
じゆういちがつ,じ,つ,0,high,news1|nf01|spec1
ぬすむ,ぬ,む,0,high,ichi1|news1|nf09
こんや,こ,や,0,high,ichi1|news1|news2|nf18|nf28|spec2
なんぜん,な,ん,0,high,ichi1|news1|nf22
なかがい,な,い,0,high,ichi1|news2|nf47
さとご,さ,ご,0,high,news1|nf15
きゆうとう,き,う,0,high,news1|nf15
どつと,ど,と,0,high,ichi1|spec1
はりだす,は,す,0,high,ichi1|news2|nf30
なんです,な,す,0,high,spec1
にさいして,に,て,0,high,spec1
からあど,か,ど,0,high,gai1
なんによ,な,よ,0,high,ichi1|news1|nf02
ひとりぐらし,ひ,し,0,high,news1|nf13
しろばい,し,い,0,high,ichi1|news2|nf36
しようじゆう,し,う,0,high,news1|nf12
すてれお,す,お,0,high,gai1|ichi1
しびりあんこんとろおる,し,る,0,high,gai1
とどける,と,る,0,high,ichi1
けんさく,け,く,0,high,news1|nf15
じげん,じ,ん,0,high,ichi1|news1|nf10|nf12
せんしゆ,せ,ゆ,0,high,ichi1|news1|nf01|nf14|nf24
かると,か,と,0,high,gai1
きんきゆうじたいせんげん,き,ん,0,high,spec1
ころんぶすでえ,こ,え,0,high,gai1
どこ,ど,こ,0,high,ichi1|news2|nf47
しよくもつ,し,つ,0,high,ichi1|news1|nf11
しいくれつとさあびす,し,す,0,high,gai1
どうみやく,ど,く,0,high,ichi1|news1|nf17
しんよう,し,う,0,high,ichi1|news1|nf03
すえる,す,る,0,high,ichi1|news1|nf19
きやすたあ,き,あ,0,high,gai1
おりじなる,お,る,0,high,gai1
かざとおし,か,し,0,high,news1|nf19
ひやあせ,ひ,せ,0,high,ichi1|news2|nf26
べねちあんぐらす,べ,す,0,high,gai1
かれら,か,ら,0,high,ichi1|news1|nf02
もちなおす,も,す,0,high,ichi1|news2|nf33
みしん,み,ん,0,high,gai1|ichi1
ほんだな,ほ,な,0,high,ichi1|news1|news2|nf05|nf27
せんぱつ,せ,つ,0,high,news1|nf03
どうにん,ど,ん,0,high,news1|nf12
にかい,に,い,0,high,ichi1|news1|nf05|spec1
たちさる,た,る,0,high,ichi1|news2|nf47
すぽおていい,す,い,0,high,gai1
がら,が,ら,0,high,ichi1|news1|nf07
せいてん,せ,ん,0,high,ichi1|news1|nf22
おとこ,お,こ,0,high,ichi1|news1|nf01
ばいあすろん,ば,ん,0,high,gai1
えすこおと,え,と,0,high,gai1
たつしや,た,や,0,high,news1|nf23
わつくす,わ,す,0,high,gai1
よじよう,よ,う,0,high,news1|nf17
じゆもく,じ,く,0,high,ichi1|news1|nf09
ひらき,ひ,き,0,high,news1|nf08
ひといき,ひ,き,0,high,news2|nf25|spec1
ぱあせぷとろん,ぱ,ん,0,high,gai1
がいしん,が,ん,0,high,news1|nf10
ささやく,さ,く,0,high,ichi1
はつばい,は,い,0,high,ichi1|news1|nf03
つけ,つ,け,0,high,ichi1
くうこう,く,う,0,high,ichi1|news1|nf01
ていけい,て,い,0,high,ichi1|news1|nf06|nf22
せいぜん,せ,ん,0,high,ichi1|news1|nf10
ふこうへい,ふ,い,0,high,ichi1|news1|nf13
ひきずる,ひ,る,0,high,ichi1|news1|nf18
これで,こ,で,0,high,spec1
みいていんぐ,み,ぐ,0,high,gai1|ichi1
みず,み,ず,0,high,gai1|ichi1|news1|nf01
しよぐう,し,う,0,high,news1|nf11
つずり,つ,り,0,high,ichi1|news1|nf23
れんたる,れ,る,0,high,gai1|ichi1
ぶりつじ,ぶ,じ,0,high,gai1
むきゆう,む,う,0,high,ichi1|news1|nf21|nf24
はらう,は,う,0,high,ichi1|news1|nf21
えすてていつくさろん,え,ん,0,high,gai1
たじゆう,た,う,0,high,news1|nf17
ふいふていいふいふていい,ふ,い,0,high,gai1
とりかえす,と,す,0,high,ichi1|news2|nf46
ひらおよぎ,ひ,ぎ,0,high,news1|nf16
しよしゆつ,し,つ,0,high,news1|nf13
しつもん,し,ん,0,high,ichi1|news1|nf01
びんぼお,び,お,0,high,ichi1|news1|nf18
かんごし,か,し,0,high,spec1
がいさん,が,ん,0,high,news1|nf07
ふくち,ふ,ち,0,high,ichi1|news1|nf02
みいはあ,み,あ,0,high,spec1
おぺれえしよん,お,ん,0,high,gai1
きねん,き,ん,0,high,ichi1|news1|nf02|nf18
せいたいけい,せ,い,0,high,news1|nf09
ざんびあ,ざ,あ,0,high,gai1
おまもり,お,り,0,high,ichi1|news2|nf26
くに,く,に,0,high,ichi1|news1|nf01|nf21
しゆうち,し,ち,0,high,news1|nf11
びじゆある,び,る,0,high,gai1
いお,い,お,0,high,news1|nf19
りようてき,り,き,0,high,news1|nf14
たら,た,ら,0,high,spec1
いちよく,い,く,0,high,news1|nf19
はんどうたい,は,い,0,high,ichi1|news1|nf04
しとろん,し,ん,0,high,gai1
ながびく,な,く,0,high,ichi1|news2|nf32
ひとずま,ひ,ま,0,high,news1|nf21
まぎわ,ま,わ,0,high,ichi1|news1|nf15
きようゆう,き,う,0,high,ichi1|news1|nf15
さんか,さ,か,0,high,ichi1|news1|news2|nf01|nf05|nf09|nf21|nf23|nf28
がむ,が,む,0,high,gai1
りまわり,り,り,0,high,news1|nf06
はたき,は,き,0,high,ichi1
じちたい,じ,い,0,high,news1|nf02
ぎふ,ぎ,ふ,0,high,ichi1|news1|nf05|nf12
にかいだて,に,て,0,high,news1|nf07
おれ,お,れ,0,high,ichi1|news1|nf12
しゆずつ,し,つ,0,high,ichi1|news1|nf03
のおこめんと,の,と,0,high,gai1
みぎくりつく,み,く,0,high,spec1
ねむる,ね,る,0,high,ichi1|news2|nf39
ぬうぼお,ぬ,お,0,high,gai1
どこにも,ど,も,0,high,spec1
ぶんきてん,ぶ,ん,0,high,news1|nf19
みんしゆ,み,ゆ,0,high,ichi1|news1|nf01
かんし,か,し,0,high,ichi1|news1|nf02
わへい,わ,い,0,high,ichi1|news1|nf01
けべつく,け,く,0,high,gai1
ゆうち,ゆ,ち,0,high,news1|nf09
すかる,す,る,0,high,gai1
せいすう,せ,う,0,high,ichi1
せいきゆうしよ,せ,よ,0,high,spec1
おいて,お,て,0,high,news1|nf09
みそしる,み,る,0,high,ichi1
すたんふおおど,す,ど,0,high,gai1
じにん,じ,ん,0,high,ichi1|news1|nf02|nf18
しゆけん,し,ん,0,high,ichi1|news1|nf04
となえる,と,る,0,high,news1|nf17
さいしんけんきゆう,さ,う,0,high,spec1
ひきゆう,ひ,う,0,high,news1|nf20
ほうしよう,ほ,う,0,high,news1|nf05
さんぼ,さ,ぼ,0,high,gai1
わすれる,わ,る,0,high,ichi1
ぱつど,ぱ,ど,0,high,gai1
ちよびと,ち,と,0,high,spec1
みあげる,み,る,0,high,ichi1|news2|nf36
みちすう,み,う,0,high,news1|nf20
てつ,て,つ,0,high,ichi1|news1|nf04
はしら,は,ら,0,high,ichi1|news1|nf02
そのまんま,そ,ま,0,high,ichi1
てんと,て,と,0,high,gai1|ichi1
べんりさ,べ,さ,0,high,news1|nf18
さんかしや,さ,や,0,high,news1|nf03
はやさ,は,さ,0,high,ichi1|news1|nf12
がくりよく,が,く,0,high,ichi1|news1|nf11
しよくりん,し,ん,0,high,news1|nf13
じよじよに,じ,に,0,high,news1|nf05
ぶんげい,ぶ,い,0,high,ichi1|news1|nf06
りいど,り,ど,0,high,gai1|ichi1
けつあつ,け,つ,0,high,ichi1|news1|nf10
せんてんてき,せ,き,0,high,ichi1|news2|nf39
いぞんしよう,い,う,0,high,spec1
せつする,せ,る,0,high,ichi1|news1|nf10
れげえ,れ,え,0,high,gai1
むつちや,む,や,0,high,ichi1|news2|nf42
でぶ,で,ぶ,0,high,spec1
ふうちよう,ふ,う,0,high,news1|nf09
しふおん,し,ん,0,high,gai1
けんかい,け,い,0,high,ichi1|news1|nf02
やりきれない,や,い,0,high,ichi1
ぼでいい,ぼ,い,0,high,gai1
わるい,わ,い,0,high,ichi1|news2|nf48
よわまる,よ,る,0,high,ichi1|news2|nf25
はやばや,は,や,0,high,ichi1
えんどう,え,う,0,high,news1|nf14
ぷらいむたいむ,ぷ,む,0,high,gai1
ちかしつ,ち,つ,0,high,news1|nf22
えいず,え,ず,0,high,gai1|ichi1
かりふおるにあ,か,あ,0,high,gai1
くらい,く,い,0,high,ichi1|news2|nf42|spec1
のぶ,の,ぶ,0,high,gai1
ねがていぶ,ね,ぶ,0,high,gai1
ろんちよう,ろ,う,0,high,news1|nf13
しやとるばす,し,す,0,high,gai1
かだん,か,ん,0,high,ichi1|news2|nf26
ばつさい,ば,い,0,high,news1|nf10
しんきんかん,し,ん,0,high,news1|nf20
みなもと,み,と,0,high,ichi1|news1|nf04
ぜみなある,ぜ,る,0,high,gai1
ろせんず,ろ,ず,0,high,spec1
ちよしよ,ち,よ,0,high,ichi1|news1|nf04
ふみきる,ふ,る,0,high,ichi1|news2|nf38
ふんわり,ふ,り,0,high,spec1
だいびんぐ,だ,ぐ,0,high,gai1
せいきまつ,せ,つ,0,high,news1|nf13
なえ,な,え,0,high,ichi1|news1|nf09
うりこむ,う,む,0,high,ichi1|news2|nf40
しゆくぼ,し,ぼ,0,high,ichi1|news1|news2|nf20|nf30
やりかた,や,た,0,high,ichi1
しゆつじん,し,ん,0,high,news1|nf17
きずみ,き,み,0,high,news1|nf24
あかちやん,あ,ん,0,high,ichi1|news1|nf06
ふりよ,ふ,よ,0,high,ichi1|news2|nf29
むつつ,む,つ,0,high,ichi1
ゆうしきしや,ゆ,や,0,high,news1|nf10
すちゆわあです,す,す,0,high,gai1|ichi1
かとれや,か,や,0,high,gai1
ちえこすろばきあ,ち,あ,0,high,gai1
しゆどう,し,う,0,high,news1|nf03|nf16
ああきてくちや,あ,や,0,high,gai1
すけえと,す,と,0,high,gai1|ichi1
せきむ,せ,む,0,high,news1|nf10
すいぞくかん,す,ん,0,high,ichi1|news1|nf14
こんちえると,こ,と,0,high,gai1
かんちよう,か,う,0,high,ichi1|news1|nf05|nf09|nf21
りそく,り,く,0,high,ichi1|news1|nf10
せんさい,せ,い,0,high,ichi1|news1|nf14|nf20
ちゆう,ち,う,0,high,ichi1|news1|nf11|nf12|spec1
きかざる,き,る,0,high,ichi1|news2|nf29
ぎせい,ぎ,い,0,high,ichi1|news1|nf05
ものくろ,も,ろ,0,high,gai1
こうかく,こ,く,0,high,news1|nf24
すてれおたいぷ,す,ぷ,0,high,gai1
まねじやあ,ま,あ,0,high,gai1
しきち,し,ち,0,high,ichi1|news1|nf06
おとこのひと,お,と,0,high,spec1
ちゆうばん,ち,ん,0,high,news1|nf05
ひつう,ひ,う,0,high,news1|nf22
つのる,つ,る,0,high,ichi1|news1|nf11
ていれい,て,い,0,high,news1|nf06
ほゆう,ほ,う,0,high,news1|nf04
ふたなぬか,ふ,か,0,high,news1|nf11
ひき,ひ,き,0,high,ichi1|news1|nf04
しよんべん,し,ん,0,high,ichi1|news2|nf43
さんらん,さ,ん,0,high,news1|nf12
せんげん,せ,ん,0,high,ichi1|news1|nf01
あらたまる,あ,る,0,high,ichi1|news2|nf43
ぱわああつぷ,ぱ,ぷ,0,high,gai1
へいたい,へ,い,0,high,ichi1|news1|nf14
ぼおだあらいん,ぼ,ん,0,high,gai1
ぼうと,ぼ,と,0,high,news1|nf24
そんけい,そ,い,0,high,ichi1|news1|nf17
てんし,て,し,0,high,news1|nf13
こうたく,こ,く,0,high,news1|nf19
おくち,お,ち,0,high,news1|nf23
はつぴよう,は,う,0,high,ichi1|news1|nf02
うかがう,う,う,0,high,ichi1|news2|nf45
せいてき,せ,き,0,high,ichi1|news1|nf11|nf24
いつしようけんめい,い,い,0,high,ichi1|news1|nf06
りゆうよう,り,う,0,high,news1|nf18
ぶにん,ぶ,ん,0,high,ichi1|news1|nf02|nf10
せいがく,せ,く,0,high,news1|nf12
たちいり,た,り,0,high,news1|nf07
さんよ,さ,よ,0,high,news1|nf18
むかえ,む,え,0,high,ichi1|news1|nf13
くらすめえと,く,と,0,high,gai1|spec1
ちゆうきよう,ち,う,0,high,news1|nf12
そしつ,そ,つ,0,high,ichi1|news1|nf16
それぞれ,そ,れ,0,high,ichi1
ややこしい,や,い,0,high,ichi1
けえき,け,き,0,high,gai1|ichi1
さきだつて,さ,て,0,high,spec1
さんかい,さ,い,0,high,news1|nf16|spec1
つぐ,つ,ぐ,0,high,ichi1|news1|nf16|nf24
れいじよう,れ,う,0,high,ichi1|news1|news2|nf21|nf30
てつかく,て,く,0,high,ichi1|news1|nf09|nf18
たんしんふにん,た,ん,0,high,spec1
やしなう,や,う,0,high,ichi1|news2|nf39
ぶつける,ぶ,る,0,high,ichi1
しえありんぐ,し,ぐ,0,high,gai1
よびひ,よ,ひ,0,high,news1|nf23
なでる,な,る,0,high,ichi1
がんばり,が,り,0,high,news1|nf16
おつこ,お,こ,0,high,ichi1|news1|nf01
よみ,よ,み,0,high,ichi1|news1|nf08
くちぐち,く,ち,0,high,news1|nf17
ひろめる,ひ,る,0,high,ichi1|news2|nf31
でいりぐち,で,ち,0,high,ichi1|news1|nf18
いぎ,い,ぎ,0,high,ichi1|news1|nf04|nf10
わかす,わ,す,0,high,ichi1|news1|nf23
でんわちよう,で,う,0,high,ichi1
ゆき,ゆ,き,0,high,ichi1|news1|nf03|nf12
ねとまり,ね,り,0,high,news1|nf24
いきさき,い,き,0,high,news1|nf18
みにばつふあ,み,あ,0,high,gai1
てんもん,て,ん,0,high,news1|nf15
しじよう,し,う,0,high,ichi1|news1|nf01|nf02|nf11|nf21
しゆぼう,し,う,0,high,news1|nf19
ぱるさあ,ぱ,あ,0,high,gai1
ひほけんしや,ひ,や,0,high,news1|nf23
よおが,よ,が,0,high,gai1
おぺ,お,ぺ,0,high,gai1
おせえ,お,え,0,high,ichi1|news1|nf18
かんゆう,か,う,0,high,news1|nf13
ばつく,ば,く,0,high,gai1|ichi1
つつみこむ,つ,む,0,high,spec1
てぎわ,て,わ,0,high,ichi1|news1|nf19
じゆんえき,じ,き,0,high,news1|nf19
くし,く,し,0,high,ichi1|news1|news2|nf08|nf28
もんせき,も,き,0,high,news1|nf22
ついてる,つ,る,0,high,spec1
だあす,だ,す,0,high,gai1|ichi1
きかんし,き,し,0,high,news1|nf08|nf23
ひきおこす,ひ,す,0,high,ichi1|news2|nf26
せんぼつ,せ,つ,0,high,news1|nf12
ぜんこく,ぜ,く,0,high,ichi1|news1|nf01
とんだ,と,だ,0,high,ichi1
おくがい,お,い,0,high,ichi1|news1|nf12
ほうりつじむしよ,ほ,よ,0,high,news1|nf20
ないかくふ,な,ふ,0,high,spec1
いしゆく,い,く,0,high,news2|nf18|spec1
りようりや,り,や,0,high,news1|nf10
きぼう,き,う,0,high,ichi1|news1|nf02
あまみず,あ,ず,0,high,news1|nf14
やがて,や,て,0,high,ichi1
そら,そ,ら,0,high,ichi1
このましい,こ,い,0,high,ichi1|news1|nf11
でみ,で,み,0,high,gai1
たいしよく,た,く,0,high,ichi1|news1|nf04
げんご,げ,ご,0,high,ichi1|news1|nf06
かくべつ,か,つ,0,high,ichi1|news1|nf19
くみたてる,く,る,0,high,ichi1|news2|nf43
ういんかあ,う,あ,0,high,gai1
しつずける,し,る,0,high,spec1
おうちよう,お,う,0,high,news1|nf14
じゆうようせい,じ,い,0,high,spec1
さんどいつち,さ,ち,0,high,gai1|ichi1
しこく,し,く,0,high,spec1
どうしたの,ど,の,0,high,spec1
しゆしよう,し,う,0,high,ichi1|news1|news2|nf01|nf06|nf44|spec2
ふるうつ,ふ,つ,0,high,gai1|ichi1
ぶたにく,ぶ,く,0,high,ichi1|news1|nf17
くかく,く,く,0,high,ichi1|news1|nf12
こぺるにくす,こ,す,0,high,gai1
きめだま,き,ま,0,high,news1|nf23
しよくりようちよう,し,う,0,high,news1|nf10
めざまし,め,し,0,high,ichi1|news2|nf38
むかう,む,う,0,high,ichi1|news1|nf23
まあがりん,ま,ん,0,high,gai1
えれくとろにくす,え,す,0,high,gai1
あゆむ,あ,む,0,high,ichi1|news2|nf46
ほね,ほ,ね,0,high,ichi1|news1|nf04
せつてい,せ,い,0,high,ichi1|news1|nf04
きうい,き,い,0,high,gai1
わらいごえ,わ,え,0,high,ichi1|news1|nf24
よつと,よ,と,0,high,gai1|ichi1
さいぼうない,さ,い,0,high,spec1
かあすと,か,と,0,high,gai1
たいにち,た,ち,0,high,ichi1|news1|nf03
ちよつかつ,ち,つ,0,high,news1|nf16
さんご,さ,ご,0,high,spec1
ぽるとがる,ぽ,る,0,high,spec1
じけつ,じ,つ,0,high,news1|nf23
ぶつくめえかあ,ぶ,あ,0,high,gai1
きようか,き,か,0,high,ichi1|news1|nf01|nf11
ないふ,な,ふ,0,high,gai1|ichi1
たてがき,た,き,0,high,ichi1|news2|nf30
さんしゆ,さ,ゆ,0,high,news1|nf19
ずつ,ず,つ,0,high,spec1
さつし,さ,し,0,high,gai1|news1|nf14
しんぐるす,し,す,0,high,gai1
ならべる,な,る,0,high,ichi1
こみゆにけ,こ,け,0,high,gai1
けいしよく,け,く,0,high,ichi1|news1|nf14
くべつ,く,つ,0,high,ichi1|news1|nf10
したつぱら,し,ら,0,high,news1|nf17
かぜむき,か,き,0,high,ichi1|news1|nf19
ちゆうせん,ち,ん,0,high,ichi1|news1|nf07
こころまち,こ,ち,0,high,news1|nf20
おもんじる,お,る,0,high,ichi1|news2|nf38
へぶらいずむ,へ,む,0,high,gai1
のぼる,の,る,0,high,ichi1|news1|nf16
きいぷ,き,ぷ,0,high,gai1
ほおむらん,ほ,ん,0,high,gai1
あんぎや,あ,や,0,high,news1|nf22
ちゆうや,ち,や,0,high,ichi1|news1|nf17
くさはら,く,ら,0,high,ichi1|news1|nf13
にがみ,に,み,0,high,ichi1
みずみずしい,み,い,0,high,ichi1
ぶぶん,ぶ,ん,0,high,ichi1|news1|nf01
たわむれ,た,れ,0,high,ichi1|news2|nf44
はちよう,は,う,0,high,ichi1|news1|nf23
ごみばこ,ご,こ,0,high,spec1
しちせき,し,き,0,high,ichi1|news1|nf22
じんえい,じ,い,0,high,ichi1|news1|nf03|nf22
はんにん,は,ん,0,high,ichi1|news1|nf05
ふたおや,ふ,や,0,high,ichi1|news1|nf03
みすてりい,み,い,0,high,gai1
はんばい,は,い,0,high,ichi1|news1|nf01
てれほん,て,ん,0,high,gai1
につぽんご,に,ご,0,high,news1|nf02
すが,す,が,0,high,spec1
けんぽ,け,ぽ,0,high,news1|nf18
てんぷら,て,ら,0,high,ichi1
とうかい,と,い,0,high,news1|nf02
ぜんがく,ぜ,く,0,high,news1|nf07|nf24
しよめん,し,ん,0,high,news1|nf13
しがいせん,し,ん,0,high,news1|nf12
ちようじゆ,ち,ゆ,0,high,news1|nf08
ちほうぶんけん,ち,ん,0,high,news1|nf08
ぷろぱあ,ぷ,あ,0,high,gai1
つきる,つ,る,0,high,ichi1|news2|nf35
すぐさま,す,ま,0,high,spec1
しようひぜい,し,い,0,high,news1|nf02
はんね,は,ね,0,high,news1|nf21
ふいいだ,ふ,だ,0,high,gai1
なげる,な,る,0,high,ichi1|news2|nf44
れき,れ,き,0,high,ichi1|news1|nf13|spec1
しんきん,し,ん,0,high,news1|nf09|nf10
しゆり,し,り,0,high,ichi1|news1|nf07
かおり,か,り,0,high,ichi1|news1|nf06
きようこ,き,こ,0,high,news1|nf13
うじな,う,な,0,high,ichi1|news1|nf03
かわかす,か,す,0,high,ichi1|news2|nf41
よくあつ,よ,つ,0,high,ichi1|news1|nf14
でむかえ,で,え,0,high,ichi1|news1|nf19
ろんぐせらあ,ろ,あ,0,high,gai1
へそ,へ,そ,0,high,ichi1
しよくみんち,し,ち,0,high,ichi1|news1|nf07
ふるさと,ふ,と,0,high,ichi1|news1|nf06
しんから,し,ら,0,high,news1|nf08|spec1
るうる,る,る,0,high,gai1|ichi1
かいと,か,と,0,high,gai1
つまらせる,つ,る,0,high,news1|nf18
よくよう,よ,う,0,high,ichi1|news2|nf40
おいしやさん,お,ん,0,high,ichi1
せいじようか,せ,か,0,high,news1|nf13
かなう,か,う,0,high,ichi1
めぬき,め,き,0,high,news1|nf22
ここじん,こ,ん,0,high,news1|nf22
たんだい,た,い,0,high,ichi1|news1|nf05
へいじよう,へ,う,0,high,ichi1|news1|nf05|nf15
ねぼう,ね,う,0,high,ichi1
おんながた,お,た,0,high,news1|nf20
じゆうまん,じ,ん,0,high,news1|nf03|nf19|spec1
ようちゆう,よ,う,0,high,news1|nf23
ぽるか,ぽ,か,0,high,gai1
しようひざい,し,い,0,high,news1|nf15
ましようか,ま,か,0,high,spec1
すぷりつと,す,と,0,high,gai1
いちげん,い,ん,0,high,ichi1|news1|nf07|nf12
こうあんいいんかい,こ,い,0,high,news1|nf15
けんばん,け,ん,0,high,news2|nf44|spec1
たようせい,た,い,0,high,spec1
もぐ,も,ぐ,0,high,ichi1
ろおそく,ろ,く,0,high,ichi1
しんさく,し,く,0,high,news1|nf05
くちびる,く,る,0,high,ichi1|news1|nf13
かんがるう,か,う,0,high,gai1
じゆうたん,じ,ん,0,high,ichi1
じつくり,じ,り,0,high,ichi1
ふうが,ふ,が,0,high,gai1
てつきよう,て,う,0,high,ichi1|news2|nf26
まぜる,ま,る,0,high,ichi1|news2|nf38|nf47
ぽつぷああと,ぽ,と,0,high,gai1
しやかいじん,し,ん,0,high,ichi1|news1|nf05
のうそん,の,ん,0,high,ichi1|news1|nf04
すいさいが,す,が,0,high,news1|nf23
ますい,ま,い,0,high,ichi1|news1|nf16
がんらい,が,い,0,high,ichi1|news1|nf18
つきさす,つ,す,0,high,ichi1|news2|nf40
てすり,て,り,0,high,ichi1|news1|nf21
ふとい,ふ,い,0,high,ichi1|news1|nf20
おおるすたあきやすと,お,と,0,high,gai1
ふいんき,ふ,き,0,high,ichi1|news1|nf03
らべる,ら,る,0,high,gai1
せいだい,せ,い,0,high,ichi1|news1|nf19
かんりよう,か,う,0,high,ichi1|news1|nf02|nf15
やちよ,や,よ,0,high,news1|nf22
れつとうかん,れ,ん,0,high,ichi1|news2|nf33
せいもん,せ,ん,0,high,ichi1|news1|nf20
いきすぎ,い,ぎ,0,high,ichi1|news1|nf14
よくも,よ,も,0,high,ichi1
げんまい,げ,い,0,high,news1|nf19
おやがた,お,た,0,high,news1|nf06
ひとみしり,ひ,り,0,high,ichi1|news2|nf43
むせいふ,む,ふ,0,high,news1|nf23
ところが,と,が,0,high,ichi1
ふりこみ,ふ,み,0,high,news1|nf15|spec1
いつさつ,い,つ,0,high,spec1
かいびかえ,か,え,0,high,news1|nf23
ざいにち,ざ,ち,0,high,ichi1|news1|nf04
ふつうよきん,ふ,ん,0,high,news1|nf13
かたすみ,か,み,0,high,news1|nf15
えれべえたあ,え,あ,0,high,gai1|ichi1
おぴにおん,お,ん,0,high,gai1
すなつく,す,く,0,high,gai1
つま,つ,ま,0,high,ichi1|news1|nf01
なんせい,な,い,0,high,ichi1|news1|nf06
まにふえすと,ま,と,0,high,gai1
ゆび,ゆ,び,0,high,ichi1|news1|nf06
わりと,わ,と,0,high,spec1
ものすんごい,も,い,0,high,ichi1
たちのき,た,き,0,high,news1|nf17
かでんつ,か,つ,0,high,gai1
させる,さ,る,0,high,spec1
めんどうくさい,め,い,0,high,ichi1|spec1
まざる,ま,る,0,high,ichi1|news2|nf40
しびつく,し,く,0,high,gai1
しきり,し,り,0,high,news1|nf16
つうはん,つ,ん,0,high,news1|nf24
ひようぎいん,ひ,ん,0,high,news1|nf13
りとあにあ,り,あ,0,high,gai1
ほうかつ,ほ,つ,0,high,news1|nf03
さこく,さ,く,0,high,ichi1|news1|nf20
じよおう,じ,う,0,high,ichi1|news1|nf06
げんじゆう,げ,う,0,high,ichi1|news1|nf09
とれえど,と,ど,0,high,gai1
けんり,け,り,0,high,ichi1|news1|nf02
がくせい,が,い,0,high,ichi1|news1|nf01
うそく,う,く,0,high,ichi1|news1|nf15|spec1
べた,べ,た,0,high,gai1
ぜんりよう,ぜ,う,0,high,news1|nf21
ぎんいろ,ぎ,ろ,0,high,news1|nf23
はつそく,は,く,0,high,ichi1|news1|nf03
まんがいつ,ま,つ,0,high,news1|nf22
こうしやさい,こ,い,0,high,news1|nf19
きようごうたしや,き,や,0,high,spec1
いしがき,い,き,0,high,news1|nf13
めぐろ,め,ろ,0,high,spec1
へるつ,へ,つ,0,high,gai1
がつぺいしよう,が,う,0,high,news1|nf23
しゆうし,し,し,0,high,ichi1|news1|nf03|nf09|nf21
ぶんかざい,ぶ,い,0,high,ichi1|news1|nf08
たいだん,た,ん,0,high,ichi1|news1|nf12|nf24
だんさあ,だ,あ,0,high,gai1
せいえい,せ,い,0,high,news1|nf21
いつき,い,き,0,high,news1|nf03
ぱつしよん,ぱ,ん,0,high,gai1
しようちゆう,し,う,0,high,ichi1|news2|nf29
じしん,じ,ん,0,high,ichi1|news1|nf01|nf02
ねんせい,ね,い,0,high,news1|nf02
ううまん,う,ん,0,high,gai1
かちゆう,か,う,0,high,news1|nf18
もくせい,も,い,0,high,news1|nf13
ふくらます,ふ,す,0,high,news1|nf18
くうぐん,く,ん,0,high,ichi1|news1|nf05
ばんじ,ば,じ,0,high,ichi1|news1|nf23
いつか,い,か,0,high,ichi1|news1|nf04|nf19|spec1
ばたばた,ば,た,0,high,gai1
はくぼ,は,ぼ,0,high,ichi1|news1|news2|nf20|nf30
けつせき,け,き,0,high,ichi1|news1|nf10
ちよう,ち,う,0,high,ichi1|news1|news2|nf04|nf10|nf15|nf18|nf35
ちやくい,ち,い,0,high,news1|nf24
ごうりき,ご,き,0,high,news1|nf21
かんぜん,か,ん,0,high,ichi1|news1|nf04
ごしよ,ご,よ,0,high,news1|nf15
かいいれ,か,れ,0,high,news1|nf18
ふいるはあもにい,ふ,い,0,high,gai1
ちけん,ち,ん,0,high,news1|nf02|nf22
きやぷてん,き,ん,0,high,gai1
めえたあ,め,あ,0,high,gai1|ichi1
じち,じ,ち,0,high,ichi1|news1|nf02|nf04
かんごく,か,く,0,high,news1|nf17
えはがき,え,き,0,high,ichi1|news2|nf27|spec2
かんり,か,り,0,high,ichi1|news1|nf01|nf18
いろんな,い,な,0,high,ichi1
しゆうこう,し,う,0,high,news1|nf24
ていりゆう,て,う,0,high,news1|nf16
しやぼんだま,し,ま,0,high,spec1
てんじ,て,じ,0,high,ichi1|news1|nf05|nf10
おかね,お,ね,0,high,ichi1|news1|nf04
えんかつ,え,つ,0,high,ichi1|news1|nf10
しようゆう,し,う,0,high,ichi1|news2|nf31
てわたす,て,す,0,high,news1|nf17
ならう,な,う,0,high,ichi1|news2|nf38|nf42
なにより,な,り,0,high,ichi1|news1|nf06
さんせん,さ,ん,0,high,news1|nf13|nf15|nf19
なりたつ,な,つ,0,high,ichi1|news1|nf15
きよてん,き,ん,0,high,news1|nf03
あいちやく,あ,く,0,high,ichi1|news1|nf15
てきこく,て,く,0,high,news1|nf18
かつろ,か,ろ,0,high,news1|nf16
れいねん,れ,ん,0,high,ichi1|news1|nf05
うつしだす,う,す,0,high,news1|nf15
じゆらく,じ,く,0,high,ichi1|news1|nf12
てんきよ,て,よ,0,high,ichi1|news1|nf23
さしえ,さ,え,0,high,news1|nf18
ぽじていぶ,ぽ,ぶ,0,high,gai1
じぶんで,じ,で,0,high,spec1
もむ,も,む,0,high,ichi1
れす,れ,す,0,high,gai1
じでん,じ,ん,0,high,news1|nf14
とりくろろえちれん,と,ん,0,high,gai1
かむだち,か,ち,0,high,news1|nf13
ごじゆうさんつぎ,ご,ぎ,0,high,news1|nf08
ていしや,て,や,0,high,ichi1|news1|nf17
しすう,し,う,0,high,news1|nf05
らけつと,ら,と,0,high,gai1|ichi1
やわらかい,や,い,0,high,ichi1|news1|nf20
のうは,の,は,0,high,news1|nf20
けつきよく,け,く,0,high,ichi1|news1|nf02
こまあしやる,こ,る,0,high,gai1|ichi1
ぼうきやく,ぼ,く,0,high,ichi1|news2|nf43
せつぼう,せ,う,0,high,news1|nf24
ちようほう,ち,う,0,high,ichi1|news2|nf38
いつぺんとう,い,う,0,high,news1|nf15
こうねつ,こ,つ,0,high,ichi1|news1|nf20
がんもう,が,う,0,high,ichi1|news1|nf12
ばあ,ば,あ,0,high,gai1
うなずく,う,く,0,high,ichi1
ほりえ,ほ,え,0,high,news1|nf17
とめどなく,と,く,0,high,ichi1
すこおる,す,る,0,high,gai1
ひらきなおる,ひ,る,0,high,news1|nf24
おくりだし,お,し,0,high,news1|nf24
むやみに,む,に,0,high,ichi1
とうよ,と,よ,0,high,news1|nf12
きゆうげき,き,き,0,high,ichi1|news1|nf05
たもちあい,た,い,0,high,news1|nf23
はらいもどし,は,し,0,high,news1|nf20
おおてきぎよう,お,う,0,high,spec1
こころをこめて,こ,て,0,high,spec1
すぷりんくらあ,す,あ,0,high,gai1
はいふあい,は,い,0,high,gai1
かんばつ,か,つ,0,high,news1|nf24
ちよさく,ち,く,0,high,news1|nf09
ねんりつ,ね,つ,0,high,news1|nf11
よみかき,よ,き,0,high,ichi1|news1|nf24
すむうず,す,ず,0,high,gai1|ichi1
まだ,ま,だ,0,high,ichi1
くりだす,く,す,0,high,news1|nf24
じんいてき,じ,き,0,high,news1|nf20
ひだりうえ,ひ,え,0,high,spec1
ただし,た,し,0,high,ichi1
せんしや,せ,や,0,high,ichi1|news1|nf06
まつり,ま,り,0,high,ichi1|news1|nf06
ほんこく,ほ,く,0,high,ichi1|news1|nf07
いきすぎる,い,る,0,high,news1|nf18
たれまく,た,く,0,high,news1|nf24
とりたて,と,て,0,high,news1|nf22
でなければならない,で,い,0,high,spec1
むな,む,な,0,high,ichi1|news1|nf02
こんにゆう,こ,う,0,high,news1|nf22
くちごたえ,く,え,0,high,ichi1
たんいつ,た,つ,0,high,ichi1|news1|nf10
じようねつ,じ,つ,0,high,ichi1|news1|nf08
ふほう,ふ,う,0,high,ichi1|news1|nf05
ごはん,ご,ん,0,high,ichi1|news2|nf47
けつべつ,け,つ,0,high,news1|nf13
めいぶんか,め,か,0,high,news1|nf21
じゆうぐん,じ,ん,0,high,news1|nf05
ふはつ,ふ,つ,0,high,news1|nf15
ひん,ひ,ん,0,high,ichi1
げや,げ,や,0,high,news1|nf19
しぜんかい,し,い,0,high,news1|nf17
さめ,さ,め,0,high,news2|nf38|spec1
ちいずけえき,ち,き,0,high,gai1
じこく,じ,く,0,high,ichi1|news1|nf06|nf09
めちやめちや,め,や,0,high,ichi1
ああちえりい,あ,い,0,high,gai1
ろうしよう,ろ,う,0,high,news1|nf08
かいりよう,か,う,0,high,ichi1|news1|nf08
うらずけ,う,け,0,high,news1|nf10
ないがい,な,い,0,high,news1|nf03
ひつぴい,ひ,い,0,high,gai1
ぷろぱん,ぷ,ん,0,high,gai1
たんきより,た,り,0,high,news1|nf13
えんたあていめんと,え,と,0,high,spec1
さしひかえる,さ,る,0,high,news1|nf23
ではいり,で,り,0,high,ichi1|news1|nf13
ぐるうぷほおむ,ぐ,む,0,high,spec1
ぜんりやく,ぜ,く,0,high,ichi1
おうぞく,お,く,0,high,news1|nf22
こるく,こ,く,0,high,gai1
どおまあういんどお,ど,お,0,high,gai1
ひゆうず,ひ,ず,0,high,gai1
ねつ,ね,つ,0,high,ichi1|news1|nf05
いつさい,い,い,0,high,ichi1|news1|nf04
かいすいよく,か,く,0,high,ichi1|news2|nf25
いつつ,い,つ,0,high,ichi1|news1|nf09
でいすぷれえ,で,え,0,high,gai1
すくりいん,す,ん,0,high,gai1
からぶり,か,り,0,high,news1|nf18
かわぐち,か,ち,0,high,ichi1|news1|nf08|nf10
はなしあい,は,い,0,high,ichi1|news1|nf03
まる,ま,る,0,high,ichi1
りはびりてえしよん,り,ん,0,high,gai1
ぱあらあ,ぱ,あ,0,high,gai1
かずら,か,ら,0,high,ichi1
うき,う,き,0,high,ichi1|news1|nf18|nf21|nf23
おもる,お,る,0,high,news1|nf17
もつたいない,も,い,0,high,ichi1
ちゆうざい,ち,い,0,high,news1|nf07
いさご,い,ご,0,high,ichi1|news1|nf06
らあげ,ら,げ,0,high,gai1
がんばん,が,ん,0,high,news1|nf24
じさん,じ,ん,0,high,ichi1|news1|nf16
きようしゆう,き,う,0,high,ichi1|news1|nf16|nf21
じえろんとくらしい,じ,い,0,high,gai1
ゆうれか,ゆ,か,0,high,gai1
はかいし,は,し,0,high,news1|nf22
あきぐち,あ,ち,0,high,news1|nf21
はかない,は,い,0,high,ichi1
さんるい,さ,い,0,high,news1|nf04
やけど,や,ど,0,high,ichi1|news2|nf33
めいもく,め,く,0,high,ichi1|news1|nf05
ぐらまあ,ぐ,あ,0,high,gai1
あんい,あ,い,0,high,ichi1|news1|nf07
ぷろれたりあ,ぷ,あ,0,high,gai1
ぐろおばりずむ,ぐ,む,0,high,gai1
しゆうしゆう,し,う,0,high,ichi1|news1|nf05|nf10
なわばり,な,り,0,high,ichi1|news1|nf17
はなわ,は,わ,0,high,news1|nf22
そく,そ,く,0,high,news1|nf06
ふりよう,ふ,う,0,high,ichi1|news1|nf06
てんらんかい,て,い,0,high,ichi1|news1|nf08
まや,ま,や,0,high,gai1
すてんどぐらす,す,す,0,high,gai1
たいばつ,た,つ,0,high,news1|nf12
べるぎい,べ,い,0,high,spec1
たちよみ,た,み,0,high,ichi1
こうさく,こ,く,0,high,ichi1|news1|nf04|nf15
ようふ,よ,ふ,0,high,news1|nf19
こぞう,こ,う,0,high,news1|nf23
ということはない,と,い,0,high,spec1
はやくち,は,ち,0,high,ichi1|news1|nf22
あかとき,あ,き,0,high,news1|nf12
こいる,こ,る,0,high,gai1
どうすう,ど,う,0,high,news1|nf14
りけん,り,ん,0,high,news1|nf10
りとるろつく,り,く,0,high,gai1
はつぴいえんど,は,ど,0,high,gai1
かざかみ,か,み,0,high,ichi1|news2|nf29
しやべつ,し,つ,0,high,ichi1|news1|nf03
ああもんど,あ,ど,0,high,gai1
ちんじよう,ち,う,0,high,news1|nf10
しつこういいん,し,ん,0,high,news1|nf10
けぶたい,け,い,0,high,ichi1
のき,の,き,0,high,ichi1|news1|nf17
ほじよ,ほ,よ,0,high,ichi1|news1|nf03
むこう,む,う,0,high,ichi1|news1|nf07|nf15
しちらい,し,い,0,high,ichi1|news2|nf31
びんぼう,び,う,0,high,ichi1|news1|nf18
きようしよくいん,き,ん,0,high,news1|nf10
とくしつ,と,つ,0,high,ichi1|news1|nf18|nf22
たいけい,た,い,0,high,ichi1|news1|news2|nf07|nf18|nf38
どうさ,ど,さ,0,high,ichi1|news1|nf12
はやし,は,し,0,high,ichi1|news1|nf02
きんゆ,き,ゆ,0,high,news1|nf09
ぶりゆつせる,ぶ,る,0,high,gai1
あさいちばん,あ,ん,0,high,spec1
どちらにせよ,ど,よ,0,high,spec1
ぜいせい,ぜ,い,0,high,news1|nf02
おかげで,お,で,0,high,spec1
おね,お,ね,0,high,news1|nf17
かつぱつ,か,つ,0,high,ichi1|news1|nf03
だいたすう,だ,う,0,high,ichi1|news1|nf12
まあ,ま,あ,0,high,ichi1|spec1
さんるいしゆ,さ,ゆ,0,high,news1|nf21
なべ,な,べ,0,high,ichi1|news1|nf11
ちきゆう,ち,う,0,high,ichi1|news1|nf01
にゆうじやあじい,に,い,0,high,gai1
けいやく,け,く,0,high,ichi1|news1|nf01
ばんと,ば,と,0,high,gai1
とじる,と,る,0,high,ichi1|news1|nf24
ちよしや,ち,や,0,high,ichi1|news1|nf03
へらるど,へ,ど,0,high,gai1
そぼろ,そ,ろ,0,high,spec1
みなおす,み,す,0,high,ichi1|news1|nf12
ちんちやく,ち,く,0,high,news1|nf23
じゆどうてき,じ,き,0,high,ichi1
きよひけん,き,ん,0,high,news1|nf10
あじと,あ,と,0,high,gai1
きばん,き,ん,0,high,ichi1|news1|nf03
ちよつと,ち,と,0,high,ichi1
みなり,み,り,0,high,ichi1|news2|nf39
なんだかだ,な,だ,0,high,spec1
ぎようこ,ぎ,こ,0,high,news1|nf24
ぬける,ぬ,る,0,high,ichi1
しようさつし,し,し,0,high,news1|nf17
るいじあな,る,な,0,high,gai1
みでい,み,い,0,high,gai1
じんこうこきゆう,じ,う,0,high,news1|nf17
そうゆう,そ,う,0,high,spec1
せんきよう,せ,う,0,high,news1|nf11|nf20
うれすじ,う,じ,0,high,spec1
じゆんじよ,じ,よ,0,high,ichi1|news1|nf20
かなしむ,か,む,0,high,ichi1|news1|nf23
ぼくしんぐ,ぼ,ぐ,0,high,gai1
どろお,ど,お,0,high,gai1
さつとう,さ,う,0,high,ichi1|news2|nf36
まわり,ま,り,0,high,ichi1|news1|nf05
けぶ,け,ぶ,0,high,ichi1|news1|nf07
きやんぴんぐかあ,き,あ,0,high,gai1
せつやく,せ,く,0,high,ichi1|news1|nf12
しのにむ,し,む,0,high,gai1
まつか,ま,か,0,high,ichi1|news1|nf13
かんい,か,い,0,high,ichi1|news1|nf10
てだて,て,て,0,high,news1|nf21
きほん,き,ん,0,high,ichi1|news1|nf01
けんびきよう,け,う,0,high,ichi1|news1|nf19
いよう,い,う,0,high,news1|nf15
ふゆやすみ,ふ,み,0,high,ichi1|news2|nf29
めが,め,が,0,high,gai1
えんもく,え,く,0,high,news1|nf13
ゆる,ゆ,る,0,high,ichi1|news1|nf11|nf19
あざやか,あ,か,0,high,ichi1|news1|nf07
しやん,し,ん,0,high,gai1
やくしよ,や,よ,0,high,ichi1|news1|nf06
ちゆうもく,ち,く,0,high,ichi1|news1|nf03
こじ,こ,じ,0,high,ichi1|news1|news2|nf06|nf27
すごい,す,い,0,high,ichi1|spec1
かくぶんれつ,か,つ,0,high,news1|nf19
たいおん,た,ん,0,high,ichi1|news1|nf14
しゆうさく,し,く,0,high,news1|nf18
じゆうだん,じ,ん,0,high,news1|nf11|nf24
ものがたり,も,り,0,high,ichi1|news1|nf03
あかい,あ,い,0,high,ichi1|news1|nf15
ふつき,ふ,き,0,high,ichi1|news1|nf04
しんげき,し,き,0,high,news1|nf15
なみた,な,た,0,high,ichi1|news1|nf04
ゆせい,ゆ,い,0,high,news1|nf14
こおる,こ,る,0,high,gai1|ichi1|news2|nf32
ねうち,ね,ち,0,high,ichi1|news2|nf26
どみの,ど,の,0,high,gai1
あくせんと,あ,と,0,high,gai1|ichi1
いけめん,い,ん,0,high,spec1
さべつ,さ,つ,0,high,ichi1|news1|nf03
こくさいじん,こ,ん,0,high,news1|nf12
せいひ,せ,ひ,0,high,news1|nf10
ぼつご,ぼ,ご,0,high,news1|nf13
かんまつ,か,つ,0,high,news1|nf19
おつそい,お,い,0,high,ichi1|news1|nf18
ひつじゆひん,ひ,ん,0,high,ichi1
はけん,は,ん,0,high,ichi1|news1|nf01|nf14
さきがける,さ,る,0,high,news1|nf17
じようか,じ,か,0,high,news1|nf08
こおらん,こ,ん,0,high,gai1
めろん,め,ん,0,high,gai1
みなみにし,み,し,0,high,ichi1|news1|nf06
きようさく,き,く,0,high,news1|nf13
くみたて,く,て,0,high,news1|nf12
ながねん,な,ん,0,high,ichi1|news1|nf04
ねんご,ね,ご,0,high,spec1
つぎ,つ,ぎ,0,high,ichi1
しつぱいだん,し,ん,0,high,spec1
のはら,の,ら,0,high,ichi1|news1|nf24
がいむ,が,む,0,high,ichi1|news1|nf03
しゆうえん,し,ん,0,high,news1|nf20
かぎる,か,る,0,high,ichi1|news1|nf05
うえい,う,い,0,high,gai1
はいぺえす,は,す,0,high,gai1
にぎり,に,り,0,high,news1|nf22
がくれき,が,き,0,high,ichi1|news1|nf09
りようふう,り,う,0,high,ichi1|news2|nf28
ふたなのか,ふ,か,0,high,news1|nf11
おとな,お,な,0,high,ichi1|news1|nf03
なかま,な,ま,0,high,ichi1|news1|nf02
ぼう,ぼ,う,0,high,ichi1|news1|nf05|spec1
さばいばる,さ,る,0,high,gai1
ひだりきき,ひ,き,0,high,ichi1|news2|nf31
どうしや,ど,や,0,high,news1|nf01
ねつとわあく,ね,く,0,high,gai1|ichi1
もうしあげる,も,る,0,high,ichi1|news1|nf17
ひたすら,ひ,ら,0,high,ichi1
がくせいじだい,が,い,0,high,spec1
はつたいめん,は,ん,0,high,news1|nf21
えんかい,え,い,0,high,ichi1|news1|nf12|nf19
てさげ,て,げ,0,high,news1|nf22
ぶんご,ぶ,ご,0,high,ichi1|news2|nf34
ぱとろおる,ぱ,る,0,high,gai1
ひあたり,ひ,り,0,high,ichi1|news2|nf25
ゆうせいしよう,ゆ,う,0,high,news1|nf04
きよしよう,き,う,0,high,news1|nf15
えんざん,え,ん,0,high,news1|nf20|nf21
せくしよん,せ,ん,0,high,gai1
ちやあち,ち,ち,0,high,gai1
いらつしやい,い,い,0,high,spec1
される,さ,る,0,high,spec1
びわこ,び,こ,0,high,spec1
へり,へ,り,0,high,gai1
はいすくうる,は,る,0,high,gai1
いそがしい,い,い,0,high,ichi1|news1|nf18
すけえる,す,る,0,high,gai1
きんじる,き,る,0,high,ichi1|news1|nf18
りよかくき,り,き,0,high,ichi1|news1|nf13
しやつきん,し,ん,0,high,ichi1|news1|nf05
しんぴ,し,ぴ,0,high,ichi1|news1|nf20
くないちよう,く,う,0,high,news1|nf07
きしつ,き,つ,0,high,ichi1|news1|nf16
おもいえがく,お,く,0,high,spec1
ふれつしゆ,ふ,ゆ,0,high,gai1
ごうもん,ご,ん,0,high,news1|nf17
けんりつ,け,つ,0,high,ichi1|news1|nf04|nf23
いちねんかん,い,ん,0,high,spec1
がつか,が,か,0,high,ichi1|news1|nf06
おどろくほど,お,ど,0,high,spec1
みつける,み,る,0,high,ichi1|news2|nf37
りつあん,り,ん,0,high,news1|nf13
びすたかあ,び,あ,0,high,gai1
でいすかばあ,で,あ,0,high,gai1
ときほぐす,と,す,0,high,news1|nf13
つよき,つ,き,0,high,ichi1|news1|nf06
へんしゆう,へ,う,0,high,ichi1|news1|nf02
だいり,だ,り,0,high,ichi1|news1|nf03
はつせい,は,い,0,high,ichi1|news1|nf03|nf23
すぴりつと,す,と,0,high,gai1
りようば,り,ば,0,high,news1|nf22
につかあず,に,ず,0,high,gai1
せんけい,せ,い,0,high,ichi1|news2|nf45|spec2
かがやき,か,き,0,high,news1|nf14
こうらくち,こ,ち,0,high,news1|nf24
げつこう,げ,う,0,high,ichi1|news2|nf25
さくげん,さ,ん,0,high,ichi1|news1|nf01
まさる,ま,る,0,high,ichi1|news1|nf03
ろうじんほおむ,ろ,む,0,high,news1|nf07
たどりつく,た,く,0,high,spec1
ぎよおざ,ぎ,ざ,0,high,ichi1|news2|nf45
だてん,だ,ん,0,high,news1|nf08
まてりある,ま,る,0,high,gai1
ひつじゆ,ひ,ゆ,0,high,news1|nf15
あしなみ,あ,み,0,high,news1|nf07
れくりええしよん,れ,ん,0,high,gai1|ichi1
つえ,つ,え,0,high,ichi1|news2|nf28
おうせん,お,ん,0,high,news1|nf23
あきかん,あ,ん,0,high,news1|nf13
ばんごはん,ば,ん,0,high,spec1
かかえ,か,え,0,high,news1|nf23
すまほ,す,ほ,0,high,spec1
かいすい,か,い,0,high,ichi1|news1|nf10
とじこもる,と,る,0,high,ichi1|news2|nf30
とうしゆせん,と,ん,0,high,news1|nf24
えんぜる,え,る,0,high,gai1
むつと,む,と,0,high,ichi1
めざす,め,す,0,high,ichi1|news2|nf40
ゆきとどく,ゆ,く,0,high,ichi1
てにすこおと,て,と,0,high,gai1
じあい,じ,い,0,high,news1|nf20
ろうじんせい,ろ,い,0,high,news1|nf24
じすう,じ,う,0,high,news1|nf23
すえひろ,す,ろ,0,high,news1|nf22
つうこく,つ,く,0,high,news1|nf10
あしからず,あ,ず,0,high,ichi1
とおざかる,と,る,0,high,ichi1|news2|nf31
さきかた,さ,た,0,high,news1|nf23
ていはく,て,く,0,high,news1|nf22
はつかあ,は,あ,0,high,gai1
らくだい,ら,い,0,high,ichi1|news2|nf39
ぴくちやあ,ぴ,あ,0,high,gai1
とうるう,と,う,0,high,gai1
せきはん,せ,ん,0,high,ichi1|news2|nf33
おおすじ,お,じ,0,high,news1|nf09
にゆうりよく,に,く,0,high,ichi1|news1|nf14
よしん,よ,ん,0,high,news1|nf20
じんこう,じ,う,0,high,ichi1|news1|nf01|nf05
あんもく,あ,く,0,high,ichi1|news1|nf19
だきよう,だ,う,0,high,ichi1|news1|nf03
ぼんじん,ぼ,ん,0,high,ichi1|news2|nf27
でゆうていいふりい,で,い,0,high,gai1
だいぎし,だ,し,0,high,ichi1|news1|nf11
とりびゆうん,と,ん,0,high,gai1
ふかしん,ふ,ん,0,high,news1|nf15
しゆさ,し,さ,0,high,news1|nf20
はんがあ,は,あ,0,high,gai1
にくはく,に,く,0,high,news1|nf24
だいとうりよう,だ,う,0,high,ichi1|news1|nf01
りようしよう,り,う,0,high,ichi1|news1|nf04
いんばあたあ,い,あ,0,high,gai1
きりすてる,き,る,0,high,ichi1|news2|nf25
そうごうてき,そ,き,0,high,news1|nf07
わらんと,わ,と,0,high,gai1
おまたせしました,お,た,0,high,spec1
しらかば,し,ば,0,high,news1|nf24
じゆうろく,じ,く,0,high,news1|nf11
つらねる,つ,る,0,high,ichi1|news2|nf25
なだめる,な,る,0,high,ichi1
あどりぶ,あ,ぶ,0,high,gai1
にんにく,に,く,0,high,spec1
かんかつ,か,つ,0,high,ichi1|news1|nf12
とりかえる,と,る,0,high,ichi1|news2|nf25
しみんけん,し,ん,0,high,news1|nf14
けん,け,ん,0,high,ichi1|news1|nf04|nf10|nf16|nf17
しゆうは,し,は,0,high,news1|nf20
ないかい,な,い,0,high,news1|nf18
まにあわせる,ま,る,0,high,ichi1|news1|nf20
せいとうぼうえい,せ,い,0,high,news1|nf23
おとこたち,お,ち,0,high,spec1
だつしゆつ,だ,つ,0,high,ichi1|news1|nf07
すいじようき,す,き,0,high,ichi1|news1|nf22
じゆうしん,じ,ん,0,high,ichi1|news1|nf20
かいめん,か,ん,0,high,ichi1|news1|nf13
きれえい,き,い,0,high,ichi1
りぴいと,り,と,0,high,spec1
ぼんべ,ぼ,べ,0,high,gai1
れえべる,れ,る,0,high,gai1
ばあちやる,ば,る,0,high,gai1
ひんぱつ,ひ,つ,0,high,ichi1|news2|nf34
ねつする,ね,る,0,high,ichi1|news2|nf26
えねるぎつしゆ,え,ゆ,0,high,gai1
ぱつしんぐ,ぱ,ぐ,0,high,gai1
ほおむぐらうんど,ほ,ど,0,high,gai1
てつていてき,て,き,0,high,ichi1
によしよう,に,う,0,high,ichi1|news1|nf01
せいむ,せ,む,0,high,news1|nf10
かいせつ,か,つ,0,high,ichi1|news1|nf04|nf06
よみがえる,よ,る,0,high,ichi1|news2|nf44|spec1
やくまわり,や,り,0,high,news1|nf24
したくちびる,し,る,0,high,ichi1
どらいふらわあ,ど,あ,0,high,gai1
れいぞうこ,れ,こ,0,high,ichi1|news1|nf08
なつじかん,な,ん,0,high,news1|nf24
ぎんこう,ぎ,う,0,high,ichi1|news1|nf01
ちゆうしよう,ち,う,0,high,ichi1|news1|nf07|nf15|nf19
しゆつし,し,し,0,high,news1|nf06
つぎこむ,つ,む,0,high,news1|nf19
すみません,す,ん,0,high,ichi1
えんそうかい,え,い,0,high,spec1
たくらむ,た,む,0,high,ichi1
さいりよう,さ,う,0,high,news1|nf10|nf16
たのしみ,た,み,0,high,ichi1|news1|nf04
このごろ,こ,ろ,0,high,ichi1
せつちゆう,せ,う,0,high,ichi1|news1|nf23
さいしゆう,さ,う,0,high,ichi1|news1|nf01|nf24
いふく,い,く,0,high,ichi1|news1|nf13
しぜん,し,ん,0,high,ichi1|news1|nf01
どくとりん,ど,ん,0,high,gai1
ひとだかり,ひ,り,0,high,ichi1|news2|nf27
げんしち,げ,ち,0,high,news1|nf23
にぶん,に,ん,0,high,news1|nf15
しゆぎよう,し,う,0,high,ichi1|news1|nf05|nf15
あくりよく,あ,く,0,high,ichi1|news2|nf33
なげ,な,げ,0,high,news1|nf13
あるいみでは,あ,は,0,high,spec1
ぐんせい,ぐ,い,0,high,news1|nf15
もめる,も,る,0,high,ichi1
ばんめ,ば,め,0,high,ichi1
しちようそん,し,ん,0,high,news1|nf04
さがしまわる,さ,る,0,high,ichi1|news2|nf18
ふつこく,ふ,く,0,high,news1|nf23
それで,そ,で,0,high,ichi1
あくるひ,あ,ひ,0,high,ichi1|spec1
けいべつ,け,つ,0,high,ichi1|news2|nf45
ちえつくあうと,ち,と,0,high,gai1
まこころ,ま,ろ,0,high,ichi1|news2|nf32
おちつき,お,き,0,high,ichi1|news1|nf14
みつど,み,ど,0,high,ichi1|news1|nf13
どなあ,ど,あ,0,high,gai1
いえいえ,い,え,0,high,ichi1
ばつぐ,ば,ぐ,0,high,gai1|ichi1
ゆびわ,ゆ,わ,0,high,ichi1|news1|nf14
ちゆうそつ,ち,つ,0,high,news1|nf24
じご,じ,ご,0,high,news1|nf12
まつしようめん,ま,ん,0,high,news1|nf16
として,と,て,0,high,spec1
はいびじよん,は,ん,0,high,gai1
いんえん,い,ん,0,high,ichi1|news1|nf17|nf20
ゆうごすらびあ,ゆ,あ,0,high,gai1
しよくむ,し,む,0,high,ichi1|news1|nf07
おもいこむ,お,む,0,high,ichi1|news2|nf47
じばん,じ,ん,0,high,news1|nf06
ひつしゆ,ひ,ゆ,0,high,ichi1|news1|nf20
だいがくいん,だ,ん,0,high,ichi1|news1|nf04
がいあつ,が,つ,0,high,news1|nf14
ごさん,ご,ん,0,high,news1|nf14
こうぼう,こ,う,0,high,news1|nf06|nf15
まふ,ま,ふ,0,high,news1|nf08
またせる,ま,る,0,high,news1|nf18
ふあいなんす,ふ,す,0,high,gai1
じようえい,じ,い,0,high,ichi1|news1|nf07
あつぎ,あ,ぎ,0,high,ichi1
かんきん,か,ん,0,high,ichi1|news1|nf13|nf20
とうろくばんごう,と,う,0,high,spec1
えんきより,え,り,0,high,ichi1|news2|nf25
ふとりじし,ふ,し,0,high,news1|nf21
またね,ま,ね,0,high,spec1
ほんせき,ほ,き,0,high,news1|nf24
こおでいねえたあ,こ,あ,0,high,gai1
ぽんぷ,ぽ,ぷ,0,high,gai1
しゆくじつ,し,つ,0,high,ichi1|news1|nf10
ぎだ,ぎ,だ,0,high,news1|nf15
ひんい,ひ,い,0,high,news1|nf24
いちわり,い,り,0,high,spec1
たんす,た,す,0,high,ichi1|news2|nf45
そおしやるわあかあ,そ,あ,0,high,gai1
まつたく,ま,く,0,high,ichi1
しつない,し,い,0,high,ichi1|news1|nf05
うえ,う,え,0,high,ichi1|news1|nf14
なんしよく,な,く,0,high,news1|nf07
ほんば,ほ,ば,0,high,ichi1|news1|nf12
しようれい,し,い,0,high,ichi1|news1|nf08|nf14|nf19
こみゆにてい,こ,い,0,high,gai1
あにめえしよん,あ,ん,0,high,gai1
とりきめ,と,め,0,high,ichi1|news1|nf12
そびえと,そ,と,0,high,gai1
おもてうら,お,ら,0,high,ichi1|news1|nf19
きゆうめい,き,い,0,high,ichi1|news1|nf07|nf12
ゆうむ,ゆ,む,0,high,ichi1|news1|nf07
ぎやんぶる,ぎ,る,0,high,gai1
けんせい,け,い,0,high,news1|nf16
うた,う,た,0,high,ichi1|news1|nf02|nf16
でんたつ,で,つ,0,high,ichi1|news1|nf13
よちよきん,よ,ん,0,high,news1|nf11
こんさるていんぐ,こ,ぐ,0,high,gai1
よみうり,よ,り,0,high,news1|nf10
なんい,な,い,0,high,ichi1|news2|nf29
きようみしんしん,き,ん,0,high,news2|nf34|spec1
はつち,は,ち,0,high,gai1
らがあ,ら,あ,0,high,gai1
とく,と,く,0,high,ichi1|news1|nf12|spec1
やまと,や,と,0,high,news1|nf05
ねんしよ,ね,よ,0,high,news1|nf13|nf20
りきゆう,り,う,0,high,news1|nf23
ざんこく,ざ,く,0,high,ichi1|news1|nf14
ひつつく,ひ,く,0,high,ichi1
めろでいい,め,い,0,high,gai1|ichi1
せいめいほけん,せ,ん,0,high,news1|nf08
ゆでる,ゆ,る,0,high,ichi1
なんびよう,な,う,0,high,news1|nf12
ぎぎ,ぎ,ぎ,0,high,news1|nf21
りいまん,り,ん,0,high,gai1
はちみつ,は,つ,0,high,ichi1
はりきる,は,る,0,high,ichi1|news2|nf40
うんどうば,う,ば,0,high,ichi1|news2|nf26
すりつぱ,す,ぱ,0,high,gai1|ichi1
しりこおん,し,ん,0,high,gai1
ぎゆうほ,ぎ,ほ,0,high,news1|nf10
つきずき,つ,き,0,high,news1|nf21
しようかく,し,く,0,high,news1|nf08
まにあう,ま,う,0,high,ichi1|news1|nf20
ちゆうしんぶ,ち,ぶ,0,high,spec1
むかあし,む,し,0,high,ichi1|news1|nf02
にせる,に,る,0,high,ichi1|news2|nf38
まくらめ,ま,め,0,high,gai1
いさん,い,ん,0,high,ichi1|news1|nf07
ようぐ,よ,ぐ,0,high,ichi1|news1|nf12
じんじいん,じ,ん,0,high,news1|nf12
かぶしき,か,き,0,high,ichi1|news1|nf01
いとてき,い,き,0,high,news1|nf14
しんこん,し,ん,0,high,ichi1|news1|nf14
なまえ,な,え,0,high,ichi1|news1|nf02
たよりない,た,い,0,high,ichi1
おしうり,お,り,0,high,ichi1|news2|nf47
うらどおり,う,り,0,high,ichi1|news2|nf31
しゆうらく,し,く,0,high,ichi1|news1|nf12
ないといけません,な,ん,0,high,spec1
かごむ,か,む,0,high,ichi1|news1|nf07
ぴつちんぐ,ぴ,ぐ,0,high,gai1
ゆうせんてき,ゆ,き,0,high,news1|nf17
ずれ,ず,れ,0,high,spec1
そうだん,そ,ん,0,high,ichi1|news1|nf02
のうさくもつ,の,つ,0,high,news1|nf16
おきば,お,ば,0,high,news1|nf19
きぶつ,き,つ,0,high,news1|nf23
かもしれません,か,ん,0,high,spec1
ふたりとも,ふ,も,0,high,spec1
こうちよく,こ,く,0,high,news1|nf16
ふたえ,ふ,え,0,high,ichi1|news1|nf06
おんならしい,お,い,0,high,ichi1|news2|nf39
まんねんふで,ま,で,0,high,ichi1|news1|nf20
だかい,だ,い,0,high,news1|nf06
かのうにする,か,る,0,high,spec1
ほるすたあ,ほ,あ,0,high,gai1
おやすみ,お,み,0,high,ichi1
かろはずみ,か,み,0,high,ichi1|news2|nf46
むめんきよ,む,よ,0,high,news1|nf24
そつこう,そ,う,0,high,news1|nf16|nf20
むらさきいろ,む,ろ,0,high,news1|nf20
めるへん,め,ん,0,high,gai1
げんごう,げ,う,0,high,ichi1|news2|nf39
めがほん,め,ん,0,high,gai1
じようぶ,じ,ぶ,0,high,ichi1|news1|nf11|nf15
かんわざ,か,ざ,0,high,ichi1
とりいとめんと,と,と,0,high,gai1
くやしなき,く,き,0,high,news1|nf10
そぼく,そ,く,0,high,ichi1|news1|nf11
かくめい,か,い,0,high,ichi1|news1|nf02
やつつ,や,つ,0,high,ichi1
えいぞく,え,く,0,high,news1|nf22
げいりぶ,げ,ぶ,0,high,gai1
あどれなりん,あ,ん,0,high,gai1
うらめ,う,め,0,high,news1|nf15
すつきり,す,り,0,high,ichi1
しんずる,し,る,0,high,ichi1|news2|nf30
しゆのう,し,う,0,high,ichi1|news1|nf01
あたたかい,あ,い,0,high,ichi1|news1|nf21
おもうぞんぶん,お,ん,0,high,ichi1|news2|nf37
こんざつ,こ,つ,0,high,ichi1|news1|nf11
じえつと,じ,と,0,high,gai1
しもはんき,し,き,0,high,news1|nf19
ぎわく,ぎ,く,0,high,news1|nf02
きりふだ,き,だ,0,high,news1|nf09
かわき,か,き,0,high,ichi1|news2|nf31
ちあ,ち,あ,0,high,gai1
やすむ,や,む,0,high,ichi1|news1|nf20
せつき,せ,き,0,high,news1|nf14|nf18
つぶす,つ,す,0,high,ichi1
どうげつ,ど,つ,0,high,news1|nf03
まんちえすたあ,ま,あ,0,high,gai1
ごうせい,ご,い,0,high,ichi1|news1|nf12
むくいる,む,る,0,high,ichi1|news2|nf31
もちだす,も,す,0,high,news1|nf23
ぶんらく,ぶ,く,0,high,news1|nf14
のつくだうん,の,ん,0,high,gai1
みつにゆうごく,み,く,0,high,ichi1|news1|nf22
こくしよく,こ,く,0,high,news1|nf23
こていしさん,こ,ん,0,high,news1|nf12
くつたく,く,く,0,high,news1|nf21
あつつあつ,あ,つ,0,high,spec1
くいつく,く,く,0,high,gai1
でんきゆう,で,う,0,high,ichi1|news1|nf21
ないない,な,い,0,high,news1|nf22
しえあ,し,あ,0,high,gai1
こうふ,こ,ふ,0,high,ichi1|news1|nf06|nf24
おうとう,お,う,0,high,ichi1|news1|nf13
もどり,も,り,0,high,news1|nf19
きよたい,き,い,0,high,news1|nf23
ぜつみよう,ぜ,う,0,high,news1|nf15
しんけいしつ,し,つ,0,high,news1|nf15
ごらんになる,ご,る,0,high,spec1
こうすいりよう,こ,う,0,high,news1|nf18
ちようじゆう,ち,う,0,high,news1|nf19
おおい,お,い,0,high,ichi1|news2|nf44|spec1
しゆしゆつ,し,つ,0,high,ichi1|news1|nf01
から,か,ら,0,high,ichi1|news1|nf03|nf13|spec1
かあ,か,あ,0,high,gai1
こころえ,こ,え,0,high,ichi1|news1|nf23
くろすかんとりい,く,い,0,high,gai1
のろま,の,ま,0,high,ichi1
でむく,で,く,0,high,news1|nf22
えいのう,え,う,0,high,news1|nf21
きんゆうきかん,き,ん,0,high,news1|nf03
ぞうはつ,ぞ,つ,0,high,news1|nf24
ようしつ,よ,つ,0,high,ichi1|news2|nf47
にげみち,に,ち,0,high,ichi1|news2|nf35
ほのめかす,ほ,す,0,high,ichi1
せいしんか,せ,か,0,high,news1|nf20
にほんが,に,が,0,high,news1|nf14
くろおん,く,ん,0,high,gai1
わらう,わ,う,0,high,ichi1|news1|nf22
こくぼう,こ,う,0,high,ichi1|news1|nf02
じい,じ,い,0,high,ichi1|news1|nf09
なんだかんだ,な,だ,0,high,spec1
ねんれい,ね,い,0,high,ichi1|news1|nf02
しやこう,し,う,0,high,ichi1|news1|nf24
めれんげ,め,げ,0,high,gai1
はんまあ,は,あ,0,high,gai1
だれでも,だ,も,0,high,spec1
さいむ,さ,む,0,high,news1|nf03
きやつちやあ,き,あ,0,high,gai1
ねんじゆう,ね,う,0,high,ichi1|news1|nf16
たいせい,た,い,0,high,ichi1|news1|nf01|nf03|nf19|nf20|nf22
しげき,し,き,0,high,ichi1|news1|nf05
めいしん,め,ん,0,high,ichi1|news2|nf37
ゆうがた,ゆ,た,0,high,ichi1|news1|nf07
ちようえつ,ち,つ,0,high,ichi1|news2|nf40
はんげつ,は,つ,0,high,ichi1|news1|nf16
たもくてき,た,き,0,high,news1|nf15
しんがあ,し,あ,0,high,gai1
ほおむしつく,ほ,く,0,high,gai1
みり,み,り,0,high,gai1|ichi1
ひれ,ひ,れ,0,high,gai1
かすか,か,か,0,high,ichi1
あんき,あ,き,0,high,ichi1|news2|nf32
そば,そ,ば,0,high,ichi1|news1|news2|nf03|nf43
きやんぴんぐ,き,ぐ,0,high,gai1
のべ,の,べ,0,high,ichi1|news2|nf28
ひらひら,ひ,ら,0,high,ichi1
ぐつたり,ぐ,り,0,high,ichi1
ほわいとからあ,ほ,あ,0,high,gai1
ぶかい,ぶ,い,0,high,news1|nf03
わりあてる,わ,る,0,high,ichi1|news2|nf41
どくがく,ど,く,0,high,ichi1|news2|nf25
どうてい,ど,い,0,high,news1|nf15|nf24
かてん,か,ん,0,high,news1|nf13
しゆもく,し,く,0,high,ichi1|news1|nf06
せいさくひ,せ,ひ,0,high,news1|nf20
とらいある,と,る,0,high,gai1
ふれあ,ふ,あ,0,high,spec1
じむいん,じ,ん,0,high,ichi1|news1|nf20
まきば,ま,ば,0,high,ichi1|news1|nf11
さいふ,さ,ふ,0,high,ichi1|news1|nf10
べえす,べ,す,0,high,gai1
ずつと,ず,と,0,high,ichi1
らうどすぴいかあ,ら,あ,0,high,gai1
かえり,か,り,0,high,ichi1|news1|nf07
しよおけえす,し,す,0,high,gai1
あとしまつ,あ,つ,0,high,ichi1|news1|nf20
べんとう,べ,う,0,high,ichi1|news1|nf07
もちまわり,も,り,0,high,news1|nf22
さえ,さ,え,0,high,spec1
もくひよう,も,う,0,high,ichi1|news1|nf01
したじき,し,き,0,high,ichi1|news1|nf15
いんせき,い,き,0,high,news1|nf14
ほうちよう,ほ,う,0,high,ichi1|news1|nf10
どろつぷ,ど,ぷ,0,high,gai1
ふじゆん,ふ,ん,0,high,ichi1|news1|news2|nf21|nf43
ここち,こ,ち,0,high,ichi1|news1|nf14
ほしゆとう,ほ,う,0,high,news1|nf07
もれる,も,る,0,high,ichi1
なんかん,な,ん,0,high,ichi1|news1|nf14
なき,な,き,0,high,news1|nf21
きんじよ,き,よ,0,high,ichi1|news1|nf06
とらんきらいざあ,と,あ,0,high,gai1
うけいれる,う,る,0,high,ichi1|news1|nf08
けんぶつ,け,つ,0,high,ichi1|news1|nf14
じようようかんじ,じ,じ,0,high,ichi1
じゆうしち,じ,ち,0,high,news1|nf01
ひきつずき,ひ,き,0,high,ichi1|news1|nf09
ようちゆうい,よ,い,0,high,ichi1
へるめつと,へ,と,0,high,gai1
はいざい,は,い,0,high,news1|nf24
はあどとつぷ,は,ぷ,0,high,gai1
まいあさ,ま,さ,0,high,ichi1|news1|nf11
まぐなむ,ま,む,0,high,gai1
さくこん,さ,ん,0,high,news1|nf12
となれば,と,ば,0,high,spec1
ぎよるい,ぎ,い,0,high,news1|nf20
ひはんてき,ひ,き,0,high,news1|nf08
かんとう,か,う,0,high,news1|nf07|nf20|spec1
せきじよう,せ,う,0,high,ichi1|news1|nf06
しえいく,し,く,0,high,gai1
わりきる,わ,る,0,high,ichi1|news2|nf40
うちけす,う,す,0,high,ichi1|news2|nf29
まかだむ,ま,む,0,high,gai1
ぶんり,ぶ,り,0,high,ichi1|news1|nf04
しずまる,し,る,0,high,ichi1|news2|nf35
ごじゆうおん,ご,ん,0,high,ichi1|news2|nf26
はしや,は,や,0,high,news1|nf14
しよおるうむ,し,む,0,high,gai1
そおぷ,そ,ぷ,0,high,gai1
こうこうせい,こ,い,0,high,ichi1|news1|nf03
こちら,こ,ら,0,high,ichi1
あくじ,あ,じ,0,high,ichi1|news2|nf32
はりがね,は,ね,0,high,ichi1|news2|nf26
えすぷり,え,り,0,high,gai1
ほんじつ,ほ,つ,0,high,ichi1|news1|nf15
きんがん,き,ん,0,high,ichi1
つう,つ,う,0,high,news1|nf21
ごけん,ご,ん,0,high,news1|nf06
さいばんしよ,さ,よ,0,high,ichi1|news1|nf04
すわん,す,ん,0,high,gai1
のち,の,ち,0,high,ichi1
せくたあ,せ,あ,0,high,gai1
さまたげ,さ,げ,0,high,news1|nf21
きにゆう,き,う,0,high,ichi1|news1|nf15
ぱらりんぴつく,ぱ,く,0,high,gai1
こうめいとう,こ,う,0,high,news1|nf02
えんたく,え,く,0,high,news1|nf15
しゆしよく,し,く,0,high,ichi1|news1|nf14
やつあたり,や,り,0,high,ichi1|news2|nf36
ぞくしん,ぞ,ん,0,high,news1|nf22
ぷろもおたあ,ぷ,あ,0,high,gai1
まちなみ,ま,み,0,high,ichi1|news1|nf17
けちえん,け,ん,0,high,ichi1|news1|nf17
ねえちやあ,ね,あ,0,high,gai1
むす,む,す,0,high,ichi1|news1|nf22
れんたい,れ,い,0,high,ichi1|news1|nf07|nf18
おうごん,お,ん,0,high,ichi1|news1|nf09
がくぎよう,が,う,0,high,news1|nf21
ぼぶすれえ,ぼ,え,0,high,gai1
ぎのう,ぎ,う,0,high,ichi1|news1|nf09
うば,う,ば,0,high,ichi1|news1|nf10
ちようたん,ち,ん,0,high,news1|nf08
びびつど,び,ど,0,high,gai1
かしだしよう,か,う,0,high,news1|nf07
でしようか,で,か,0,high,spec1
きたちようせん,き,ん,0,high,news1|nf01
ぼさん,ぼ,ん,0,high,ichi1|news1|nf16
かつどう,か,う,0,high,ichi1|news1|nf01
さてん,さ,ん,0,high,gai1
しんじや,し,や,0,high,ichi1|news1|nf11
だつぜい,だ,い,0,high,ichi1|news1|nf05
ざいりゆう,ざ,う,0,high,ichi1|news1|nf10
はらいた,は,た,0,high,news1|nf19
しゆうぜん,し,ん,0,high,ichi1|news1|nf22
ぜんい,ぜ,い,0,high,ichi1|news1|nf11
たんどく,た,く,0,high,news1|nf03
こせき,こ,き,0,high,ichi1|news1|nf10
ぼうそう,ぼ,う,0,high,news1|news2|nf12|nf27|spec1
そうさく,そ,く,0,high,ichi1|news1|nf05|nf08
はれつ,は,つ,0,high,ichi1|news1|nf18
ふあつくす,ふ,す,0,high,ichi1
ひとつき,ひ,き,0,high,spec1
ゆげ,ゆ,げ,0,high,ichi1|news2|nf33
きよすく,き,く,0,high,gai1
けんお,け,お,0,high,ichi1|news1|nf23
おおくらしよう,お,う,0,high,ichi1|news1|nf01
こおど,こ,ど,0,high,gai1|ichi1
しほん,し,ん,0,high,ichi1|news1|nf03|nf17
かかりいん,か,ん,0,high,news1|nf16
こくせい,こ,い,0,high,news1|nf04|nf20
がりやく,が,く,0,high,news2|nf47|spec1
べつそう,べ,う,0,high,ichi1|news1|nf08
かわつた,か,た,0,high,news1|nf02
ほかく,ほ,く,0,high,news1|nf12|nf16
みおくり,み,り,0,high,ichi1|news1|nf08
いしきてき,い,き,0,high,news1|nf17
けんむ,け,む,0,high,news1|nf20
けいたい,け,い,0,high,ichi1|news1|nf05|nf06
ひとりでに,ひ,に,0,high,ichi1
きごう,き,う,0,high,ichi1|news1|nf14
こくど,こ,ど,0,high,ichi1|news1|nf06
ささ,さ,さ,0,high,news1|nf19
ぺえる,ぺ,る,0,high,gai1
はなしあう,は,う,0,high,ichi1|news1|nf11
じせい,じ,い,0,high,news1|nf17
まどわす,ま,す,0,high,ichi1|news1|nf24
かけじく,か,く,0,high,ichi1|news2|nf30|spec2
ぜらちん,ぜ,ん,0,high,gai1
のうみん,の,ん,0,high,ichi1|news1|nf04
ひようけいさん,ひ,ん,0,high,spec1
ちやあじ,ち,じ,0,high,gai1
そうきちりよう,そ,う,0,high,spec1
たふ,た,ふ,0,high,gai1
てすう,て,う,0,high,ichi1|news2|nf30
ほほ,ほ,ほ,0,high,ichi1|news2|nf32
かかく,か,く,0,high,ichi1|news1|nf01
かどう,か,う,0,high,news1|nf12
とくちよう,と,う,0,high,ichi1|news1|nf02
あすれちつく,あ,く,0,high,gai1
はいじやつく,は,く,0,high,gai1
まつさいちゆう,ま,う,0,high,ichi1|news1|nf19
ごにち,ご,ち,0,high,ichi1|news1|nf17|spec1
しよくよう,し,う,0,high,news1|nf11
ことごとく,こ,く,0,high,ichi1
でんこう,で,う,0,high,news1|nf21
かなぐ,か,ぐ,0,high,news1|nf22
みんしゆう,み,う,0,high,ichi1|news1|nf07
おうよう,お,う,0,high,ichi1|news1|nf09
ぼうず,ぼ,ず,0,high,ichi1|news2|nf28
せんきようし,せ,し,0,high,news1|nf24
じようみやく,じ,く,0,high,news1|nf20
ゆう,ゆ,う,0,high,gai1|ichi1|news1|news2|nf01|nf02|nf03|nf43|spec1
かんとん,か,ん,0,high,news1|nf19
ほんかん,ほ,ん,0,high,news1|nf14
ほぼ,ほ,ぼ,0,high,ichi1|news1|nf15|nf16
あめりかがつしゆうこく,あ,く,0,high,spec1
つたえる,つ,る,0,high,ichi1
へきめん,へ,ん,0,high,news1|nf17
しおからい,し,い,0,high,ichi1|news2|nf47
みんしゆく,み,く,0,high,news1|nf20
なすび,な,び,0,high,ichi1
このんで,こ,で,0,high,news1|nf18
おぶざあばあ,お,あ,0,high,gai1
いばる,い,る,0,high,ichi1|news2|nf45
ぶれつど,ぶ,ど,0,high,gai1
ぴつくあつぷさあびす,ぴ,す,0,high,gai1
たいぎ,た,ぎ,0,high,news1|nf20
びつしり,び,り,0,high,ichi1
かつぎ,か,ぎ,0,high,news1|nf23
こんせんと,こ,と,0,high,gai1|ichi1
くりあげ,く,げ,0,high,news1|nf12
にしにつぽん,に,ん,0,high,news1|nf06
しよつぴんぐかあと,し,と,0,high,spec1
だいこ,だ,こ,0,high,ichi1|news1|nf21
りようたん,り,ん,0,high,ichi1|news1|nf23
ふうぶつし,ふ,し,0,high,news1|nf22
きりさげ,き,げ,0,high,news1|nf18
ぜんりん,ぜ,ん,0,high,news1|nf21
さつそく,さ,く,0,high,ichi1|news2|nf36
れいか,れ,か,0,high,ichi1|news1|news2|nf10|nf43
たんさ,た,さ,0,high,news1|nf13
たいきよ,た,よ,0,high,news1|nf13
りこん,り,ん,0,high,ichi1|news1|nf06
ないそう,な,う,0,high,news1|nf14
こたつ,こ,つ,0,high,ichi1
らんばい,ら,い,0,high,news1|nf15
すまない,す,い,0,high,ichi1
ふゆう,ふ,う,0,high,news1|nf20|nf24
べいはん,べ,ん,0,high,news1|nf23
だらいらま,だ,ま,0,high,gai1
むだん,む,ん,0,high,ichi1|news1|nf11
ふつ,ふ,つ,0,high,spec1
むせんらん,む,ん,0,high,spec1
あさがお,あ,お,0,high,ichi1|news2|nf26
ちよくせん,ち,ん,0,high,ichi1|news1|nf12
したがき,し,き,0,high,ichi1|news2|nf37
ろしあ,ろ,あ,0,high,spec1
こつけい,こ,い,0,high,ichi1|news2|nf35
もうい,も,い,0,high,news1|nf21
かいぜん,か,ん,0,high,ichi1|news1|nf02
こうばしい,こ,い,0,high,ichi1
うでどけい,う,い,0,high,ichi1|news1|nf14
ぐりんぴいす,ぐ,す,0,high,gai1
えいよ,え,よ,0,high,news1|nf15
さいへん,さ,ん,0,high,news1|nf03
ぶべつ,ぶ,つ,0,high,ichi1
ゆきすぎ,ゆ,ぎ,0,high,ichi1|news1|nf14
りとぐらふ,り,ふ,0,high,gai1
よりあつまる,よ,る,0,high,ichi1
うもう,う,う,0,high,news1|nf21
じゆうおく,じ,く,0,high,news1|nf06
みんじゆ,み,ゆ,0,high,news1|nf14
やがく,や,く,0,high,ichi1|news2|nf46
あわあ,あ,あ,0,high,gai1
じだい,じ,い,0,high,ichi1|news1|nf01|nf17
げんだんかい,げ,い,0,high,news1|nf11
うわぎ,う,ぎ,0,high,ichi1|news1|nf17
うるおい,う,い,0,high,ichi1|news1|nf24
くずす,く,す,0,high,ichi1|news2|nf31
あれほど,あ,ど,0,high,spec1
ちこく,ち,く,0,high,ichi1|news2|nf25
とくてい,と,い,0,high,ichi1|news1|nf03
かい,か,い,0,high,ichi1|news1|news2|nf06|nf07|nf08|nf09|nf11|nf24|nf43|spec1
むよく,む,く,0,high,ichi1|news2|nf28
やぐ,や,ぐ,0,high,ichi1
しようりつ,し,つ,0,high,news1|nf17
りよくさく,り,く,0,high,news1|nf19
おいこす,お,す,0,high,ichi1|news2|nf42
ふさわしい,ふ,い,0,high,ichi1
ぱねらあ,ぱ,あ,0,high,gai1
かそう,か,う,0,high,news1|nf17|nf21
ぺんさき,ぺ,き,0,high,spec1
うりよう,う,う,0,high,news1|nf15
いりゆうじよん,い,ん,0,high,gai1
とうてい,と,い,0,high,ichi1|news2|nf26
こすちゆうむ,こ,む,0,high,gai1
ぜんや,ぜ,や,0,high,ichi1|news1|nf08
なやむ,な,む,0,high,ichi1|news1|nf18
まちどうしい,ま,い,0,high,ichi1|news2|nf30
じようすい,じ,い,0,high,news1|nf14
めいしよ,め,よ,0,high,ichi1|news1|nf11
しにあ,し,あ,0,high,gai1
かいはつとじようこく,か,く,0,high,spec1
ひごろ,ひ,ろ,0,high,ichi1|news1|nf08
ひさしい,ひ,い,0,high,ichi1|news2|nf32
すとりいかあ,す,あ,0,high,gai1
かあと,か,と,0,high,gai1
ちかてつ,ち,つ,0,high,ichi1|news1|nf05
けんせつ,け,つ,0,high,ichi1|news1|nf01
ぷろふいいるがぞう,ぷ,う,0,high,spec1
ぽすたあ,ぽ,あ,0,high,gai1|ichi1
ぶたい,ぶ,い,0,high,ichi1|news1|nf01|nf02
しようにか,し,か,0,high,ichi1|news1|nf15
えんまん,え,ん,0,high,ichi1|news1|nf16
はいにち,は,ち,0,high,ichi1
ばらいろ,ば,ろ,0,high,ichi1|spec1
ばたん,ば,ん,0,high,spec1
りこう,り,う,0,high,ichi1|news1|news2|nf12|nf17|nf42
みうごき,み,き,0,high,news1|nf21
ちよつきゆう,ち,う,0,high,news1|nf07
しよろう,し,う,0,high,news1|nf24
じようきん,じ,ん,0,high,news1|nf17
しんふぜん,し,ん,0,high,news1|nf03
こおひいしよつぷ,こ,ぷ,0,high,spec1
うちきる,う,る,0,high,news1|nf17
さんふおらいず,さ,ず,0,high,gai1
しんせつ,し,つ,0,high,ichi1|news1|nf06|nf15
かどうりつ,か,つ,0,high,news1|nf19
えいやく,え,く,0,high,news1|nf22
ちよびつと,ち,と,0,high,spec1
かな,か,な,0,high,ichi1|spec1
とうさい,と,い,0,high,news1|nf11|nf20
がらす,が,す,0,high,gai1|ichi1
せきぐん,せ,ん,0,high,news1|nf14
ぜんかい,ぜ,い,0,high,ichi1|news1|nf02|nf08
しやりん,し,ん,0,high,ichi1|news1|nf17
おもいなおす,お,す,0,high,ichi1|news2|nf43
いんりよく,い,く,0,high,ichi1|news2|nf37
とりこむ,と,む,0,high,ichi1|news1|nf21
うつくしい,う,い,0,high,ichi1|news1|nf08
はもの,は,の,0,high,news1|nf11
みえがくれ,み,れ,0,high,news1|nf15
へぐ,へ,ぐ,0,high,ichi1
したがつて,し,て,0,high,ichi1|news1|nf14
ひきさげ,ひ,げ,0,high,news1|nf03
きもちよい,き,い,0,high,spec1|spec2
まるめる,ま,る,0,high,ichi1|news2|nf41
ないといけない,な,い,0,high,spec1
としおとこ,と,こ,0,high,news1|nf22
つかれ,つ,れ,0,high,ichi1|news1|nf07
ひましに,ひ,に,0,high,ichi1|news1|nf20
とくいさき,と,き,0,high,news1|nf22
ぱたあ,ぱ,あ,0,high,gai1
えつじ,え,じ,0,high,gai1
せいかい,せ,い,0,high,ichi1|news1|nf01|nf16
しわす,し,す,0,high,ichi1|news1|nf21
ところを,と,を,0,high,spec1
おわる,お,る,0,high,ichi1|news1|nf11
いやしい,い,い,0,high,ichi1
きのむくままに,き,に,0,high,spec1
ゆにふおおむ,ゆ,む,0,high,gai1
いいや,い,や,0,high,spec1
もんぱり,も,り,0,high,gai1
おうぎ,お,ぎ,0,high,news1|nf12
としよしつ,と,つ,0,high,ichi1
あるぷす,あ,す,0,high,gai1
へいさ,へ,さ,0,high,ichi1|news1|nf05
みどるきゆう,み,う,0,high,spec1
そとみ,そ,み,0,high,ichi1|news1|nf15
しんぼる,し,る,0,high,gai1|ichi1
べい,べ,い,0,high,spec1
なんかい,な,い,0,high,ichi1|news1|nf08|nf13|nf16
さんみやく,さ,く,0,high,ichi1|news1|nf17
ひろまり,ひ,り,0,high,news1|nf20
しよつき,し,き,0,high,ichi1|news1|nf12
はいぶん,は,ん,0,high,ichi1|news1|nf04
おねえさん,お,ん,0,high,ichi1
すずかぜ,す,ぜ,0,high,ichi1|news2|nf28
かつやく,か,く,0,high,ichi1|news1|nf04
だいしんさい,だ,い,0,high,news1|nf15
ひつぱる,ひ,る,0,high,ichi1|news1|nf19
ぼうねんかい,ぼ,い,0,high,ichi1|news1|nf20
しつもんをする,し,る,0,high,spec1
あきや,あ,や,0,high,news1|nf24
こくぴつと,こ,と,0,high,gai1
はそん,は,ん,0,high,ichi1|news1|nf20
ふおろお,ふ,お,0,high,gai1
みもと,み,と,0,high,ichi1|news1|nf08
なおさら,な,ら,0,high,ichi1
ねぞう,ね,う,0,high,ichi1
あきち,あ,ち,0,high,ichi1|news1|nf16
しかえいせいし,し,し,0,high,spec1
ばつは,ば,は,0,high,gai1
はつかく,は,く,0,high,ichi1|news1|nf10
ごうかい,ご,い,0,high,news1|nf13
せいじか,せ,か,0,high,ichi1|news1|nf01
おそれる,お,る,0,high,ichi1|news1|nf15
ほおむいん,ほ,ん,0,high,gai1
ちちゆ,ち,ゆ,0,high,ichi1|news2|nf37
ぽじしよん,ぽ,ん,0,high,gai1
ぶつけん,ぶ,ん,0,high,news1|nf09
ちゆうしん,ち,ん,0,high,ichi1|news1|nf01|nf16
としつき,と,き,0,high,ichi1|news1|nf17
あらためて,あ,て,0,high,ichi1|news2|nf25
ふたり,ふ,り,0,high,ichi1|news1|nf01
がいじゆ,が,ゆ,0,high,news1|nf23
ぎぶあつぷ,ぎ,ぷ,0,high,gai1
じゆうめん,じ,ん,0,high,ichi1
こくせき,こ,き,0,high,ichi1|news1|nf02
ほんてん,ほ,ん,0,high,ichi1|news1|nf05
たいせいよう,た,う,0,high,news1|nf05
もとより,も,り,0,high,ichi1
かいえん,か,ん,0,high,news1|nf16
どらすちつく,ど,く,0,high,gai1
かせつと,か,と,0,high,gai1|ichi1
おうてん,お,ん,0,high,news1|nf23
いちがつ,い,つ,0,high,news1|nf01|spec1
このうち,こ,ち,0,high,spec1
げんこうようし,げ,し,0,high,ichi1|news1|nf12
でんぼ,で,ぼ,0,high,ichi2|spec1
しゆうがくりよこう,し,う,0,high,ichi1|news1|nf14
とつこうたい,と,い,0,high,news1|nf18
かみがた,か,た,0,high,news1|nf21|spec1
さんび,さ,び,0,high,ichi1|news2|nf36
ろうきゆう,ろ,う,0,high,news1|nf11
にどと,に,と,0,high,spec1
きつずびじねす,き,す,0,high,gai1
りびじよん,り,ん,0,high,gai1
すうかい,す,い,0,high,spec1
らんざつ,ら,つ,0,high,ichi1|news2|nf46
まねえさぷらい,ま,い,0,high,gai1
につくねえむ,に,む,0,high,gai1
じへいしよう,じ,う,0,high,news1|nf22
べつべつ,べ,つ,0,high,ichi1|news1|nf10
はええ,は,え,0,high,ichi1|news1|news2|nf16|nf31
いたみ,い,み,0,high,ichi1|news1|news2|nf05|nf27
けいかん,け,ん,0,high,ichi1|news1|nf05|nf10
いちじよ,い,よ,0,high,news1|nf22
ろおん,ろ,ん,0,high,gai1|ichi1
じすい,じ,い,0,high,ichi1|news2|nf35
へあ,へ,あ,0,high,gai1
ゆきどけ,ゆ,け,0,high,ichi1|news1|nf22
くりすますいぶ,く,ぶ,0,high,spec1
ぶかつ,ぶ,つ,0,high,spec1
つかねる,つ,る,0,high,ichi1|news2|nf40
ぼやぼや,ぼ,や,0,high,ichi1|spec1
どうぎよう,ど,う,0,high,news1|nf16
ちくび,ち,び,0,high,news2|nf42|spec1
みなみあふりか,み,か,0,high,news1|nf06
けさ,け,さ,0,high,ichi1|news1|nf19
うんてんめんきよ,う,よ,0,high,spec1
つなわたり,つ,り,0,high,ichi1|news1|nf21
はかる,は,る,0,high,ichi1|news1|nf12|nf23
はつけつきゆう,は,う,0,high,news1|nf18
りゆうがく,り,く,0,high,ichi1|news1|nf05
ちちはは,ち,は,0,high,ichi1|news1|nf06
はかせ,は,せ,0,high,ichi1|news1|nf04
こうとう,こ,う,0,high,ichi1|news1|nf06|nf07|nf08|nf12
にんげんどつく,に,く,0,high,news1|nf24
ぷらは,ぷ,は,0,high,gai1
さんばし,さ,し,0,high,ichi1|news1|nf22
くみあわせ,く,せ,0,high,ichi1
ぎだゆう,ぎ,う,0,high,news1|nf18
じむきよく,じ,く,0,high,news1|nf01
すとれす,す,す,0,high,gai1|ichi1
たぶう,た,う,0,high,gai1
わあきんぐ,わ,ぐ,0,high,gai1
なにら,な,ら,0,high,ichi1|news1|nf11
みずぐち,み,ち,0,high,news1|nf22
としがす,と,す,0,high,ichi1
げんち,げ,ち,0,high,ichi1|news1|nf01|nf23
ゆつくり,ゆ,り,0,high,ichi1
ばつくはんど,ば,ど,0,high,gai1
ぽにいてえる,ぽ,る,0,high,gai1
せらみつく,せ,く,0,high,gai1
しゆうめい,し,い,0,high,news1|nf22
しゆのうぶ,し,ぶ,0,high,news1|nf23
いんでつくす,い,す,0,high,gai1
せんてい,せ,い,0,high,ichi1|news1|nf08
ぼれろ,ぼ,ろ,0,high,gai1
によつて,に,て,0,high,spec1
いしぶみ,い,み,0,high,news1|nf09
くくむ,く,む,0,high,ichi1|news2|nf28
しぶつら,し,ら,0,high,ichi1
すいがい,す,い,0,high,ichi1|news1|nf14
かんりしよく,か,く,0,high,news1|nf07
くく,く,く,0,high,news1|nf10
きめら,き,ら,0,high,gai1
こくひ,こ,ひ,0,high,ichi1|news1|nf20
ぷり,ぷ,り,0,high,gai1
すぱあく,す,く,0,high,gai1
びようめい,び,い,0,high,news1|nf15
ふおおく,ふ,く,0,high,gai1|ichi1
たんさん,た,ん,0,high,ichi1|news1|news2|nf20|nf26
でこおだあ,で,あ,0,high,gai1
なつ,な,つ,0,high,ichi1|news1|nf01
まかなう,ま,う,0,high,ichi1|news2|nf27
もおしよん,も,ん,0,high,gai1
けつさく,け,く,0,high,ichi1|news1|nf13
おう,お,う,0,high,ichi1|news1|nf04|nf05|nf08|nf13|nf16
こくひん,こ,ん,0,high,news1|nf15
いつぱつ,い,つ,0,high,news1|nf07
はつしん,は,ん,0,high,ichi1|news1|nf10
しとやか,し,か,0,high,ichi1
せれくしよん,せ,ん,0,high,gai1
りいだあ,り,あ,0,high,gai1
せんぞ,せ,ぞ,0,high,ichi1|news1|nf12
そくたつびん,そ,ん,0,high,ichi1
おおきな,お,な,0,high,news1|nf04
まんせき,ま,き,0,high,news1|nf19
なかつぎ,な,ぎ,0,high,ichi1|news1|nf14
しゆつどう,し,う,0,high,news1|nf10
せいえん,せ,ん,0,high,news1|nf12
かすみ,か,み,0,high,ichi1|news1|nf06
かいん,か,ん,0,high,news1|nf03|nf20
こんばあと,こ,と,0,high,gai1
ばいきん,ば,ん,0,high,ichi1
いわし,い,し,0,high,ichi1
ゆのみ,ゆ,み,0,high,ichi1|spec1
はたん,は,ん,0,high,ichi1|news2|nf25
みようごにち,み,ち,0,high,ichi1
ひようけつ,ひ,つ,0,high,news1|nf15|nf18
ちやくじつ,ち,つ,0,high,ichi1|news1|nf05
かいはつもと,か,と,0,high,spec1
およぎ,お,ぎ,0,high,news1|nf20
もしかすると,も,と,0,high,ichi1
よくあさ,よ,さ,0,high,ichi1|news1|nf13
みえかくれ,み,れ,0,high,news1|nf15
どうきゆうせい,ど,い,0,high,ichi1|news1|nf09
からかう,か,う,0,high,ichi1
つごもり,つ,り,0,high,news1|nf03
しぶや,し,や,0,high,spec1
てわけ,て,け,0,high,ichi1|news2|nf28
かとき,か,き,0,high,ichi1|news1|nf17
つばさ,つ,さ,0,high,ichi1|news1|nf10
はせい,は,い,0,high,ichi1|news2|nf46
こんわく,こ,く,0,high,ichi1|news1|nf19
おいる,お,る,0,high,gai1|ichi1|news2|nf38
すうにん,す,ん,0,high,spec1
はろういいん,は,ん,0,high,gai1
のうさんぶつ,の,つ,0,high,news1|nf06
たんとう,た,う,0,high,ichi1|news1|nf02
よめい,よ,い,0,high,news1|nf23
しゆうふう,し,う,0,high,ichi1|news2|nf29
