reading,start_char,end_char,priority_rank,priority_label,priority_tags
とうぎ,と,ぎ,0,high,ichi1|news1|nf06
ありあ,あ,あ,0,high,gai1
あつぶねえ,あ,え,0,high,ichi1|news2|nf39
ぷりてい,ぷ,い,0,high,gai1
かりしよぶん,か,ん,0,high,news1|nf15
らうどすぴいかあ,ら,あ,0,high,gai1
うつたえ,う,え,0,high,ichi1|news1|nf05
のし,の,し,0,high,news1|nf05
ぜんでら,ぜ,ら,0,high,news1|nf22
みんぞく,み,く,0,high,ichi1|news1|nf01
ゆうかり,ゆ,り,0,high,gai1
いつぽ,い,ぽ,0,high,news1|nf05
あくていびてい,あ,い,0,high,gai1
あみのさん,あ,ん,0,high,spec1
きりくち,き,ち,0,high,news1|nf20
やすつぽい,や,い,0,high,ichi1
りようがわ,り,わ,0,high,ichi1|news1|nf14
まなこ,ま,こ,0,high,ichi1
ようしよ,よ,よ,0,high,ichi1|news1|news2|nf15|nf36
めもりある,め,る,0,high,gai1
ぼくじよう,ぼ,う,0,high,ichi1|news1|nf11
ひようさつ,ひ,つ,0,high,ichi1|news2|nf37
さんぶさく,さ,く,0,high,news1|nf22
ふうかく,ふ,く,0,high,news1|nf18
ほんやく,ほ,く,0,high,ichi1|news1|nf06
しぼう,し,う,0,high,ichi1|news1|nf04|nf10
あれ,あ,れ,0,high,ichi1|news1|nf14|nf21
らつく,ら,く,0,high,gai1
せずに,せ,に,0,high,spec1
ほうりつじむしよ,ほ,よ,0,high,news1|nf20
しゆつしよう,し,う,0,high,ichi1|news1|nf06
りもこん,り,ん,0,high,gai1|ichi1
おすかあ,お,あ,0,high,gai1
とりいれる,と,る,0,high,ichi1
あした,あ,た,0,high,ichi1|news1|nf05
みせす,み,す,0,high,gai1|ichi1
てれつくす,て,す,0,high,gai1
しきさい,し,い,0,high,ichi1|news1|nf06
ひようじゆん,ひ,ん,0,high,ichi1|news1|nf04
りせ,り,せ,0,high,gai1
かんぞう,か,う,0,high,ichi1|news1|nf06
しようすう,し,う,0,high,ichi1|news1|nf03
けいぞくてき,け,き,0,high,news1|nf14
さんるうふ,さ,ふ,0,high,gai1
たんいつ,た,つ,0,high,ichi1|news1|nf10
けつする,け,る,0,high,news1|nf16
あんかあ,あ,あ,0,high,gai1
じやぐち,じ,ち,0,high,ichi1|news1|nf24
であし,で,し,0,high,news1|nf12
あずかりじよ,あ,よ,0,high,ichi1
ぼうし,ぼ,し,0,high,ichi1|news1|nf02|nf09
おせわになる,お,る,0,high,spec1
のおぶる,の,る,0,high,gai1
ひまらや,ひ,や,0,high,gai1
じよこう,じ,う,0,high,ichi1|news2|nf30
こくみんけんこうほけん,こ,ん,0,high,news1|nf21
なち,な,ち,0,high,gai1
じはあど,じ,ど,0,high,gai1
ぴらにあ,ぴ,あ,0,high,gai1
いちはやく,い,く,0,high,spec1
しようへき,し,き,0,high,news1|nf10
うず,う,ず,0,high,news1|nf16
そこねる,そ,る,0,high,ichi1|news2|nf45
うつわもの,う,の,0,high,news1|nf23
かえつて,か,て,0,high,ichi1
くりすたる,く,る,0,high,gai1
やすくにじんじや,や,や,0,high,spec1
にゆうしよく,に,く,0,high,news1|nf08
ようつう,よ,う,0,high,news1|nf11
かなぐ,か,ぐ,0,high,news1|nf22
つかねる,つ,る,0,high,ichi1|news2|nf40
でりいと,で,と,0,high,gai1
おおばあらん,お,ん,0,high,gai1
ぱすわあど,ぱ,ど,0,high,gai1
こうせいぶつしつ,こ,つ,0,high,news1|nf13
ちあがある,ち,る,0,high,gai1
くろじ,く,じ,0,high,ichi1|news1|nf02
めいよ,め,よ,0,high,ichi1|news1|nf02
わつぺん,わ,ん,0,high,gai1
きめら,き,ら,0,high,gai1
せんべい,せ,い,0,high,ichi1
はつゆめ,は,め,0,high,ichi1|news2|nf46
きりすて,き,て,0,high,news1|nf20
いくど,い,ど,0,high,ichi1
しよくどう,し,う,0,high,ichi1|news1|nf08|nf16
うりもの,う,の,0,high,ichi1|news1|nf08
えいかいわ,え,わ,0,high,spec1
ほおむしつく,ほ,く,0,high,gai1
えんき,え,き,0,high,ichi1|news1|nf06|nf23
しゆつちよう,し,う,0,high,ichi1|news1|nf07
けんぶつにん,け,ん,0,high,ichi1|news2|nf30
こうせいしよう,こ,う,0,high,news1|nf02
きんだいてき,き,き,0,high,news1|nf18
ようじん,よ,ん,0,high,ichi1|news1|news2|nf09|nf28
ほちよう,ほ,う,0,high,ichi1|news1|nf09
いざない,い,い,0,high,news1|nf14
ひあたり,ひ,り,0,high,ichi1|news2|nf25
どうこう,ど,う,0,high,ichi1|news1|nf03|nf05|nf08|nf22
たちまち,た,ち,0,high,ichi1
えんせい,え,い,0,high,news1|nf10
ごがん,ご,ん,0,high,news1|nf19
だんてい,だ,い,0,high,ichi1|news1|nf22
ぽけつとさいず,ぽ,ず,0,high,gai1
おとな,お,な,0,high,ichi1|news1|nf03
ゆうじよう,ゆ,う,0,high,ichi1|news1|nf10
いしむろ,い,ろ,0,high,news1|nf23
ろむ,ろ,む,0,high,gai1
ごこく,ご,く,0,high,news1|nf15
んです,ん,す,0,high,spec1
かこい,か,い,0,high,ichi1|news1|nf22
しようじん,し,ん,0,high,ichi1|news1|nf07
くにくのさく,く,く,0,high,news1|nf19
えすてさろん,え,ん,0,high,spec1
ちようこく,ち,く,0,high,ichi1|news1|nf06
だぶだぶ,だ,ぶ,0,high,ichi1
ねんいり,ね,り,0,high,ichi1|news2|nf28
れふえりい,れ,い,0,high,gai1
じやのめ,じ,め,0,high,news1|nf14
こよう,こ,う,0,high,ichi1|news1|nf02
おせつかい,お,い,0,high,ichi1
によしよう,に,う,0,high,ichi1|news1|nf01
しえりい,し,い,0,high,gai1
ゆうじ,ゆ,じ,0,high,news1|nf14
れつとうかん,れ,ん,0,high,ichi1|news2|nf33
きようどうたい,き,い,0,high,news1|nf02
のべる,の,る,0,high,ichi1|news2|nf46
さるうん,さ,ん,0,high,gai1
ぼおるど,ぼ,ど,0,high,gai1
こんとらすと,こ,と,0,high,gai1
くちぐせ,く,せ,0,high,ichi1|news1|nf20
すいさんぶつ,す,つ,0,high,news1|nf19
こつく,こ,く,0,high,gai1|ichi1
ひろい,ひ,い,0,high,ichi1|news1|nf04
すとろんちうむ,す,む,0,high,gai1
せんれい,せ,い,0,high,ichi1|news1|nf18
こがらし,こ,し,0,high,ichi1|news2|nf37
おかしや,お,や,0,high,spec1
おしぼり,お,り,0,high,ichi1
とうは,と,は,0,high,news1|nf08
じんみやく,じ,く,0,high,news1|nf10
らすとすぱあと,ら,と,0,high,gai1
へんちよう,へ,う,0,high,news1|nf14
にもの,に,の,0,high,news1|nf21
よつつ,よ,つ,0,high,ichi1|news1|nf06
さとおや,さ,や,0,high,news1|nf21
おろしうりしじよう,お,う,0,high,news1|nf22
ざいしつ,ざ,つ,0,high,news1|nf17
びちく,び,く,0,high,news1|nf09
くぼみ,く,み,0,high,ichi1|spec1
くみちよう,く,う,0,high,news1|nf08
ふつとう,ふ,う,0,high,ichi1|news1|nf18
みたす,み,す,0,high,ichi1|news1|nf11
かもく,か,く,0,high,ichi1|news1|nf09
ぱきすたん,ぱ,ん,0,high,gai1
やくそく,や,く,0,high,ichi1|news1|nf05
はちがつ,は,つ,0,high,news1|nf01|spec1
くない,く,い,0,high,news1|nf04
はんさむ,は,む,0,high,gai1|ichi1
りしよく,り,く,0,high,news1|nf23
かかりいん,か,ん,0,high,news1|nf16
つばくろ,つ,ろ,0,high,ichi1|news1|nf21
ふおつくすとろつと,ふ,と,0,high,gai1
ろつくううる,ろ,る,0,high,gai1
にんどう,に,う,0,high,news1|nf06
つぽい,つ,い,0,high,spec1
へんけん,へ,ん,0,high,ichi1|news1|nf10
げえむせんたあ,げ,あ,0,high,gai1
うえぶぺえじ,う,じ,0,high,spec1
ほほえむ,ほ,む,0,high,ichi1
ていさい,て,い,0,high,ichi1|news1|nf21
だつかい,だ,い,0,high,news1|nf15
しあん,し,ん,0,high,gai1|news1|nf12|nf19
さくしや,さ,や,0,high,ichi1|news1|nf06
くうそう,く,う,0,high,ichi1|news1|nf23
もてる,も,る,0,high,ichi1
めんふいす,め,す,0,high,gai1
しんかん,し,ん,0,high,ichi1|news1|nf19
そくせんりよく,そ,く,0,high,news1|nf23
しけん,し,ん,0,high,ichi1|news1|nf02|nf24
しがいち,し,ち,0,high,news1|nf12
むね,む,ね,0,high,ichi1|news1|nf02|nf08|nf16
そつぎようしき,そ,き,0,high,spec1
ふうそく,ふ,く,0,high,ichi1|news1|nf09
きゆうじつ,き,つ,0,high,ichi1|news1|nf05
はじまり,は,り,0,high,ichi1|news1|nf07
きぶんてんかん,き,ん,0,high,spec1
かよう,か,う,0,high,ichi1|news1|nf15|nf18|nf20
じゆうにぶん,じ,ん,0,high,news1|nf18
ゆうやけ,ゆ,け,0,high,ichi1|news2|nf29
ぶんれつ,ぶ,つ,0,high,ichi1|news1|nf04
ひんせい,ひ,い,0,high,news1|nf24
まど,ま,ど,0,high,ichi1|news1|nf04
びきに,び,に,0,high,gai1
てつしゆう,て,う,0,high,news1|nf11
よくじよう,よ,う,0,high,news1|nf21
ちようふ,ち,ふ,0,high,spec1
はなし,は,し,0,high,ichi1|news1|nf01
まつしよう,ま,う,0,high,ichi1|news2|nf30
ふつかつ,ふ,つ,0,high,ichi1|news1|nf04
いつちよくせん,い,ん,0,high,news1|nf21
びじゆある,び,る,0,high,gai1
どきゆめんと,ど,と,0,high,gai1|ichi1
ちたい,ち,い,0,high,ichi1|news1|nf04
ますめでいあ,ま,あ,0,high,gai1
ほうもん,ほ,ん,0,high,ichi1|news1|nf01
かんせつ,か,つ,0,high,ichi1|news1|nf12|nf13
どこにも,ど,も,0,high,spec1
ちほうこうきようだんたい,ち,い,0,high,news1|nf15
こくえん,こ,ん,0,high,news1|nf19
もとくろす,も,す,0,high,gai1
まんねんふで,ま,で,0,high,ichi1|news1|nf20
だけども,だ,も,0,high,spec1
ぜいしゆう,ぜ,う,0,high,news1|nf05
しいでいいぷれいやあ,し,あ,0,high,spec1
ようこそ,よ,そ,0,high,ichi1
てんやく,て,く,0,high,news1|nf23
つかう,つ,う,0,high,ichi1|news1|nf02
ぱぱ,ぱ,ぱ,0,high,gai1|ichi1
ぜいじやく,ぜ,く,0,high,news2|nf39|spec1
おんじん,お,ん,0,high,ichi1|news2|nf33
かんと,か,と,0,high,gai1
しろぎぬ,し,ぬ,0,high,ichi1|news1|nf23
いない,い,い,0,high,ichi1|news1|nf02
ないん,な,ん,0,high,gai1
えきす,え,す,0,high,spec1
きじ,き,じ,0,high,ichi1|news1|nf01|nf12
しようご,し,ご,0,high,ichi1|news1|nf03
ひきとり,ひ,り,0,high,news1|nf19
くどい,く,い,0,high,ichi1
ちようだい,ち,い,0,high,ichi1|news2|nf25|nf45
しよじゆん,し,ん,0,high,news1|nf10
けえおお,け,お,0,high,gai1
そうきゆう,そ,う,0,high,news1|nf04|nf15
くれえむ,く,む,0,high,gai1
ばいく,ば,く,0,high,gai1|ichi1
おりもの,お,の,0,high,ichi1|news1|nf18
ゆうぼう,ゆ,う,0,high,ichi1|news1|nf12
ゆうせいしよう,ゆ,う,0,high,news1|nf04
かゆ,か,ゆ,0,high,news1|nf24
しやめい,し,い,0,high,news1|nf11
ふいすかるぽりしい,ふ,い,0,high,gai1
たよりない,た,い,0,high,ichi1
むき,む,き,0,high,ichi1|news1|nf07|nf13
にゆうかい,に,い,0,high,spec1
きようか,き,か,0,high,ichi1|news1|nf01|nf11
おしえる,お,る,0,high,ichi1|news2|nf38
ぞんざい,ぞ,い,0,high,ichi1
かんわ,か,わ,0,high,ichi1|news1|nf02
ぜいびき,ぜ,き,0,high,news1|nf17
せおう,せ,う,0,high,ichi1|news2|nf37
けえさつ,け,つ,0,high,ichi1|news1|nf01
へこむ,へ,む,0,high,ichi1
かず,か,ず,0,high,ichi1|news1|nf02
りつたあかあ,り,あ,0,high,gai1
かつぐ,か,ぐ,0,high,ichi1|news2|nf39
こうせき,こ,き,0,high,news1|nf09
ひようぎいん,ひ,ん,0,high,news1|nf13
しようそく,し,く,0,high,ichi1|news1|nf11
ちゆうさんかいきゆう,ち,う,0,high,ichi1|news2|nf25
じいんず,じ,ず,0,high,gai1
らいしゆう,ら,う,0,high,ichi1|news1|nf06
ぐれえと,ぐ,と,0,high,gai1
まぬけ,ま,け,0,high,ichi1
ないこう,な,う,0,high,ichi1|news2|nf34
いち,い,ち,0,high,ichi1|news1|news2|nf04|nf33
しゆう,し,う,0,high,ichi1|news1|nf01|nf04|nf05|nf14|nf15|nf19
ふなはし,ふ,し,0,high,news1|nf11
ぽりまあ,ぽ,あ,0,high,gai1
せたい,せ,い,0,high,ichi1|news1|nf05
じご,じ,ご,0,high,news1|nf12
きんじる,き,る,0,high,ichi1|news1|nf18
あんな,あ,な,0,high,ichi1
せんもんか,せ,か,0,high,ichi1|news1|nf02
つゆいり,つ,り,0,high,ichi1|news2|nf27
そうかいや,そ,や,0,high,news1|nf06
みぎて,み,て,0,high,ichi1|news1|nf08
よみ,よ,み,0,high,ichi1|news1|nf08
ふらわああれんじめんと,ふ,と,0,high,gai1
くらしつく,く,く,0,high,gai1|ichi1
ぶりよく,ぶ,く,0,high,ichi1|news1|nf02
あやしむ,あ,む,0,high,ichi1|news2|nf47
ちちゆ,ち,ゆ,0,high,ichi1|news2|nf37
からだ,か,だ,0,high,ichi1|news1|nf02
どらまちつく,ど,く,0,high,gai1
はで,は,で,0,high,ichi1|news1|nf08
ぱのらま,ぱ,ま,0,high,gai1
てせい,て,い,0,high,news1|nf24
ふりよう,ふ,う,0,high,ichi1|news1|nf06
いどうへいきん,い,ん,0,high,spec1
ほうしゆう,ほ,う,0,high,ichi1|news1|nf05
すいみんぐくらぶ,す,ぶ,0,high,gai1
うんゆしよう,う,う,0,high,news1|nf03
たんでん,た,ん,0,high,news1|nf24
きど,き,ど,0,high,news1|nf23
せいと,せ,と,0,high,ichi1|news1|nf02
きよくいん,き,ん,0,high,news1|nf15
がうしあん,が,ん,0,high,gai1
すぺしやる,す,る,0,high,gai1|ichi1
はやい,は,い,0,high,ichi1|news1|news2|nf16|nf31
ばろめえたあ,ば,あ,0,high,gai1
めんしよく,め,く,0,high,news1|nf16
しようじよ,し,よ,0,high,ichi1|news1|nf04
はくしゆ,は,ゆ,0,high,ichi1|news1|nf06
おしうり,お,り,0,high,ichi1|news2|nf47
ゆにせふ,ゆ,ふ,0,high,gai1
なまぐさい,な,い,0,high,ichi1|news2|nf39
しよくしゆ,し,ゆ,0,high,news1|nf11
ようりゆう,よ,う,0,high,news1|nf08
いてん,い,ん,0,high,ichi1|news1|nf04
おりおり,お,り,0,high,news1|nf24
ゆわい,ゆ,い,0,high,ichi1|news1|nf08
ぷろじえくたあ,ぷ,あ,0,high,gai1
ようすい,よ,い,0,high,news1|nf15
ここら,こ,ら,0,high,spec1
つかえる,つ,る,0,high,ichi1
かいさつ,か,つ,0,high,ichi1|news1|nf13
れんせん,れ,ん,0,high,news1|nf12
かれんしい,か,い,0,high,gai1
ねらう,ね,う,0,high,ichi1|news1|nf13
ゆきずまり,ゆ,り,0,high,news1|nf16
わいぱあ,わ,あ,0,high,gai1
にんげんてき,に,き,0,high,news1|nf14
じよしだい,じ,い,0,high,news1|nf05
てなあ,て,あ,0,high,gai1
ほくべい,ほ,い,0,high,spec1
ぎこちない,ぎ,い,0,high,ichi1
おじ,お,じ,0,high,ichi1|news1|nf09|nf16|nf23
べんぴ,べ,ぴ,0,high,news2|nf27|spec1
でんぱた,で,た,0,high,ichi1|news1|nf16
うりきれる,う,る,0,high,ichi1
そしきてき,そ,き,0,high,news1|nf11
おやこうこう,お,う,0,high,ichi1|news2|nf30
ふいいどばつく,ふ,く,0,high,gai1
だんす,だ,す,0,high,gai1|ichi1
てんぷ,て,ぷ,0,high,ichi1|news2|nf25|spec1
たそがれ,た,れ,0,high,ichi1|news2|nf34
ふりよ,ふ,よ,0,high,ichi1|news2|nf29
だいえつと,だ,と,0,high,gai1
うんどうかい,う,い,0,high,ichi1|news1|nf16
あうと,あ,と,0,high,gai1|ichi1
やけあと,や,と,0,high,news1|nf15
でもない,で,い,0,high,spec1
むよく,む,く,0,high,ichi1|news2|nf28
はなしことば,は,ば,0,high,ichi1|news2|nf31
であります,で,す,0,high,spec1
すたみな,す,な,0,high,gai1
ちようしん,ち,ん,0,high,news1|nf14
せいてつ,せ,つ,0,high,ichi1|news1|nf16
だいがくいん,だ,ん,0,high,ichi1|news1|nf04
てくにしやん,て,ん,0,high,gai1
りきつど,り,ど,0,high,gai1
のりこし,の,し,0,high,ichi1
いのべえしよん,い,ん,0,high,gai1
まろん,ま,ん,0,high,gai1
りんかく,り,く,0,high,ichi1|news1|nf18
ばつくすくりいん,ば,ん,0,high,gai1
だらす,だ,す,0,high,gai1
うなずく,う,く,0,high,ichi1
はんい,は,い,0,high,ichi1|news1|nf03
びようそく,び,く,0,high,news1|nf23
いんだすとりある,い,る,0,high,gai1
おとしより,お,り,0,high,spec1
とちよう,と,う,0,high,ichi1|news1|nf11
おやぶん,お,ん,0,high,news1|nf19
ちゆうしつ,ち,つ,0,high,news1|nf21
こうごう,こ,う,0,high,ichi1|news1|nf05
へいそく,へ,く,0,high,news2|nf27|spec1
しんぷる,し,る,0,high,gai1
ほりゆう,ほ,う,0,high,ichi1|news1|nf14
めいふく,め,く,0,high,spec1
ひでえ,ひ,え,0,high,ichi1
ようしよく,よ,く,0,high,ichi1|news1|nf11|nf18|nf24
かがやかしい,か,い,0,high,ichi1|news1|nf18
すいちよう,す,う,0,high,news1|nf18
かくてい,か,い,0,high,ichi1|news1|nf05
そまむぎ,そ,ぎ,0,high,ichi1|news2|nf43
えんどう,え,う,0,high,news1|nf14
しきりに,し,に,0,high,ichi1
そんななか,そ,か,0,high,spec1
さくそふおん,さ,ん,0,high,gai1
ききめ,き,め,0,high,ichi1|news1|nf21
だんさあ,だ,あ,0,high,gai1
ああむ,あ,む,0,high,gai1
ひげ,ひ,げ,0,high,ichi1
ふくはんのう,ふ,う,0,high,spec1
かじゆある,か,る,0,high,gai1
けんどう,け,う,0,high,ichi1|news1|nf11|nf17
なにそつ,な,つ,0,high,ichi1|spec1
かきことば,か,ば,0,high,ichi1
じゆらるみん,じ,ん,0,high,gai1
かたろぐ,か,ぐ,0,high,gai1|ichi1
こたつ,こ,つ,0,high,ichi1
こくせいちようさ,こ,さ,0,high,news1|nf14
まばたく,ま,く,0,high,ichi1
ぴつち,ぴ,ち,0,high,gai1
だいしゆうごう,だ,う,0,high,spec1
なげく,な,く,0,high,ichi1
おふくろ,お,ろ,0,high,ichi1
みり,み,り,0,high,gai1|ichi1
おおきさ,お,さ,0,high,ichi1
のびる,の,る,0,high,ichi1|news2|nf26
かげ,か,げ,0,high,ichi1|news1|nf04
はんしん,は,ん,0,high,ichi1|news1|nf03|nf23
あんけん,あ,ん,0,high,news1|nf11
つうじる,つ,る,0,high,ichi1|news2|nf45
すくう,す,う,0,high,ichi1|news1|nf15
しようねん,し,ん,0,high,ichi1|news1|nf02
ちよくせつせんきよ,ち,よ,0,high,news1|nf16
ぎえんきん,ぎ,ん,0,high,news1|nf21
きようそうば,き,ば,0,high,news1|nf23
きらす,き,す,0,high,news1|nf11
とうししんたく,と,く,0,high,news1|nf13
よつかど,よ,ど,0,high,ichi1
かいけいし,か,し,0,high,news2|nf38|spec1
ひといき,ひ,き,0,high,news2|nf25|spec1
とうにん,と,ん,0,high,ichi1|news1|nf20
しんにゆう,し,う,0,high,ichi1|news1|nf09|nf12|nf23
ねんぱい,ね,い,0,high,ichi1|news1|nf12
わらびい,わ,い,0,high,gai1
ばんじ,ば,じ,0,high,ichi1|news1|nf23
れんぽう,れ,う,0,high,ichi1|news1|nf01|nf21
どうそう,ど,う,0,high,news1|nf22
びどう,び,う,0,high,news1|nf19
ふえると,ふ,と,0,high,gai1
もんぴ,も,ぴ,0,high,news1|nf24
かがやき,か,き,0,high,news1|nf14
さいろ,さ,ろ,0,high,gai1
すてえき,す,き,0,high,gai1
まんがか,ま,か,0,high,news1|nf10
ろんこく,ろ,く,0,high,news1|nf16
とみいがん,と,ん,0,high,gai1
ちようえつ,ち,つ,0,high,ichi1|news2|nf40
ぜんがく,ぜ,く,0,high,news1|nf07|nf24
くちべに,く,に,0,high,ichi1|news1|nf16
くれない,く,い,0,high,ichi1|news1|nf09
いやくひん,い,ん,0,high,ichi1|news1|nf05
だいだいいろ,だ,ろ,0,high,ichi1
さんどいつち,さ,ち,0,high,gai1|ichi1
こんぽすと,こ,と,0,high,gai1
さぐる,さ,る,0,high,ichi1|news2|nf39
もり,も,り,0,high,ichi1|news1|nf02|nf08
あふいりえいと,あ,と,0,high,spec1
ふくそう,ふ,う,0,high,ichi1|news1|nf09
とれえどまあく,と,く,0,high,gai1
せいせい,せ,い,0,high,news1|nf13|nf20
つや,つ,や,0,high,ichi1|news1|nf19|nf23
いくにち,い,ち,0,high,ichi1
しやとお,し,お,0,high,gai1
こりる,こ,る,0,high,ichi1|news2|nf39
だいじよおぶ,だ,ぶ,0,high,ichi1|news1|nf06
やくす,や,す,0,high,ichi1|news2|nf32
なみだ,な,だ,0,high,ichi1|news1|nf04
しようとつ,し,つ,0,high,ichi1|news1|nf04
たいおん,た,ん,0,high,ichi1|news1|nf14
ほんじつ,ほ,つ,0,high,ichi1|news1|nf15
じゆどうてき,じ,き,0,high,ichi1
あいつぐ,あ,ぐ,0,high,news1|nf08
しごとば,し,ば,0,high,news1|nf23
ごがつ,ご,つ,0,high,news1|nf01|spec1
じよそう,じ,う,0,high,news1|nf21
じつしよう,じ,う,0,high,news1|nf16
ちゆうかりようり,ち,り,0,high,spec1
もうひ,も,ひ,0,high,ichi1|news1|nf14
むかんけい,む,い,0,high,ichi1|news1|nf15
しつれいしました,し,た,0,high,spec1
ものずき,も,き,0,high,ichi1|news2|nf45
とくだん,と,ん,0,high,news1|nf23
いんちよう,い,う,0,high,news1|nf05
ほいく,ほ,く,0,high,news1|nf05
かいえん,か,ん,0,high,news1|nf16
おふいす,お,す,0,high,gai1
あだびと,あ,と,0,high,ichi1|news1|nf05
あいつら,あ,ら,0,high,spec1
あどべんちやあ,あ,あ,0,high,gai1
めえかあ,め,あ,0,high,gai1|ichi1
きやくしよく,き,く,0,high,ichi1|news2|nf25
わざわい,わ,い,0,high,ichi1|news1|nf20
のぼる,の,る,0,high,ichi1|news1|nf16
かいいれ,か,れ,0,high,news1|nf18
じゆよう,じ,う,0,high,ichi1|news1|nf02|nf20
まあ,ま,あ,0,high,ichi1|spec1
ぶあいおりん,ぶ,ん,0,high,gai1
かこ,か,こ,0,high,ichi1|news1|nf01
ぱんふれつと,ぱ,と,0,high,gai1|ichi1
きはん,き,ん,0,high,ichi1|news1|nf14
そうしつ,そ,つ,0,high,ichi1|news1|nf14
うらめ,う,め,0,high,news1|nf15
しよこく,し,く,0,high,ichi1
はんげつ,は,つ,0,high,ichi1|news1|nf16
ばりかん,ば,ん,0,high,gai1
きようだい,き,い,0,high,ichi1|news1|nf05|nf08|nf16
たいむせえる,た,る,0,high,spec1
だつたら,だ,ら,0,high,spec1
どうほう,ど,う,0,high,news1|nf12
てんかぶつ,て,つ,0,high,news1|nf21
ようにん,よ,ん,0,high,news1|nf06
こうがい,こ,い,0,high,ichi1|news1|nf04
まかろに,ま,に,0,high,gai1
うつ,う,つ,0,high,ichi1|news1|news2|nf06|nf12|nf43|spec1
きようかん,き,ん,0,high,ichi1|news1|nf10|nf14
えこのみすと,え,と,0,high,gai1
こうきよう,こ,う,0,high,ichi1|news1|nf02|nf16
はいれぐ,は,ぐ,0,high,gai1
そうい,そ,い,0,high,ichi1|news1|nf10|nf18|nf20
せいたいがく,せ,く,0,high,news1|nf21
ひぐち,ひ,ち,0,high,news1|nf12
あしあと,あ,と,0,high,ichi1|news1|nf10|spec1
なか,な,か,0,high,ichi1|news1|nf07
ていりゆうしよ,て,よ,0,high,ichi1|news2|nf38
あいたい,あ,い,0,high,news1|nf14
ほんだい,ほ,い,0,high,news2|nf41|spec1
えつせい,え,い,0,high,gai1|ichi1
むやみに,む,に,0,high,ichi1
とくさん,と,ん,0,high,ichi1|news1|nf13
しよじ,し,じ,0,high,news1|nf10
ぜんつぜん,ぜ,ん,0,high,ichi1|news1|nf16
いつせいに,い,に,0,high,ichi1
はしご,は,ご,0,high,ichi1
かおる,か,る,0,high,ichi1|news2|nf33
しる,し,る,0,high,ichi1|news1|nf02|nf11
もおしよん,も,ん,0,high,gai1
おんどく,お,く,0,high,ichi1
ぎようせいきかん,ぎ,ん,0,high,news1|nf15
ちゆうごくじん,ち,ん,0,high,news1|nf04
しやたく,し,く,0,high,news1|nf15
ざいせいとうゆうし,ざ,し,0,high,news1|nf14
にんげんこくほう,に,う,0,high,news1|nf21
きほん,き,ん,0,high,ichi1|news1|nf01
きようめい,き,い,0,high,news1|nf24
はせい,は,い,0,high,ichi1|news2|nf46
おさめる,お,る,0,high,ichi1|news1|news2|nf21|nf44|nf46
したしらべ,し,べ,0,high,ichi1|news2|nf46
こい,こ,い,0,high,ichi1|news1|news2|nf06|nf17|nf30|nf32
すていつく,す,く,0,high,gai1
しんぐ,し,ぐ,0,high,news1|nf18
いしよくじゆう,い,う,0,high,ichi1|news2|nf26
げき,げ,き,0,high,ichi1|news1|nf03
ほうが,ほ,が,0,high,news1|news2|nf23|nf41|spec1
べつもんだい,べ,い,0,high,ichi1|news1|nf20
かち,か,ち,0,high,ichi1|news1|nf03|nf04
おもかげ,お,げ,0,high,ichi1|news1|nf17
ぼうか,ぼ,か,0,high,ichi1|news1|nf17
おもてうら,お,ら,0,high,ichi1|news1|nf19
しんげん,し,ん,0,high,news1|nf06
ほんぐこんぐ,ほ,ぐ,0,high,news1|nf02
はく,は,く,0,high,ichi1|news1|nf01|nf02|spec1
ふえいんと,ふ,と,0,high,gai1
きようこう,き,う,0,high,ichi1|news1|nf04|nf13|nf21
たいがく,た,く,0,high,ichi1|news1|nf16
てすり,て,り,0,high,ichi1|news1|nf21
ちやんと,ち,と,0,high,ichi1
にあい,に,い,0,high,ichi1|news2|nf33
ちようるい,ち,い,0,high,news1|nf15
かんしんじ,か,じ,0,high,news1|nf13
くるしみ,く,み,0,high,ichi1|news1|nf08
するどい,す,い,0,high,ichi1|news1|nf11
ぼかす,ぼ,す,0,high,ichi1
ぐうぞう,ぐ,う,0,high,ichi1|news2|nf37
ゆうひ,ゆ,ひ,0,high,ichi1|news1|nf24
かぶ,か,ぶ,0,high,gai1|ichi1|news1|nf03|nf12
ここのか,こ,か,0,high,ichi1|spec1
にゆうきん,に,ん,0,high,ichi1|news1|nf18
とりきめ,と,め,0,high,ichi1|news1|nf12
つくりあげる,つ,る,0,high,ichi1|news2|nf33
はつしん,は,ん,0,high,ichi1|news1|nf10
あくろばつと,あ,と,0,high,gai1
ぶすう,ぶ,う,0,high,news1|nf09
にゆうかく,に,く,0,high,news1|nf11
ししやごにゆう,し,う,0,high,ichi1|news2|nf45
せいぞろい,せ,い,0,high,spec1
こおちんぐ,こ,ぐ,0,high,spec1
さみつと,さ,と,0,high,gai1
おおぶん,お,ん,0,high,gai1
かたがわり,か,り,0,high,ichi1|news1|nf20
ぱい,ぱ,い,0,high,gai1
わら,わ,ら,0,high,ichi1
にひやく,に,く,0,high,news1|nf02|spec1
ざいがい,ざ,い,0,high,news1|nf14
ときには,と,は,0,high,ichi1
つうじ,つ,じ,0,high,news1|nf10
ぶんりつ,ぶ,つ,0,high,ichi1|news1|nf19
ぎやる,ぎ,る,0,high,gai1
つけね,つ,ね,0,high,news1|nf20
ようしゆ,よ,ゆ,0,high,ichi1|news1|nf22
さあべいらんす,さ,す,0,high,gai1
てはじめ,て,め,0,high,news1|nf19
たんじよう,た,う,0,high,ichi1|news1|nf03
ぐろてすく,ぐ,く,0,high,gai1
なると,な,と,0,high,news1|nf22
ちいむ,ち,む,0,high,gai1|ichi1
なんでも,な,も,0,high,ichi1|news1|nf07
だうんたうん,だ,ん,0,high,gai1
りゆうおう,り,う,0,high,news1|nf15
ああ,あ,あ,0,high,spec1
きんけん,き,ん,0,high,news1|nf08
まどぐち,ま,ち,0,high,ichi1|news1|nf04
けんぞうぶつ,け,つ,0,high,news1|nf12
こうけつあつ,こ,つ,0,high,news1|nf12
ふくらます,ふ,す,0,high,news1|nf18
こじき,こ,き,0,high,ichi1|news2|nf37
だんらく,だ,く,0,high,ichi1
きまつて,き,て,0,high,news1|nf01
かなた,か,た,0,high,ichi1|news2|nf28
こばると,こ,と,0,high,gai1
ひつかける,ひ,る,0,high,ichi1|news2|nf39
からふる,か,る,0,high,gai1
だえん,だ,ん,0,high,news2|nf35|spec1
うけつけちゆう,う,う,0,high,spec1
りようぐん,り,ん,0,high,news1|nf18
からあど,か,ど,0,high,gai1
よごれ,よ,れ,0,high,ichi1|news1|nf09
ねす,ね,す,0,high,gai1
としごろ,と,ろ,0,high,ichi1
ごぜん,ご,ん,0,high,ichi1|news1|nf01
はいる,は,る,0,high,ichi1|news2|nf25
きす,き,す,0,high,gai1|ichi1|news1|nf10
むりよく,む,く,0,high,ichi1|news1|nf20
かすたまあ,か,あ,0,high,spec1
さんふじんか,さ,か,0,high,ichi1|news1|nf13
ひよつとして,ひ,て,0,high,spec1
かじつ,か,つ,0,high,ichi1|news1|nf13
かいかい,か,い,0,high,ichi1|news1|nf04
けいれつ,け,つ,0,high,ichi1|news1|nf05
おりあい,お,い,0,high,news1|nf18
こうぜん,こ,ん,0,high,ichi1|news1|nf17
しにあ,し,あ,0,high,gai1
いこつ,い,つ,0,high,news1|nf08
ぶんぼ,ぶ,ぼ,0,high,ichi1|news2|nf40
ぎやるそん,ぎ,ん,0,high,gai1
さどんです,さ,す,0,high,gai1
ようかい,よ,い,0,high,news1|nf19
せいやく,せ,く,0,high,ichi1|news1|nf07|nf10|nf22|nf24
じゆきよう,じ,う,0,high,news1|nf22
ぶらんこ,ぶ,こ,0,high,ichi1|spec1
ねさげ,ね,げ,0,high,ichi1|news1|nf06
しようぶ,し,ぶ,0,high,ichi1|news1|nf03
きやんぴんぐ,き,ぐ,0,high,gai1
ぜんやさい,ぜ,い,0,high,news2|nf27|spec1
つつぱり,つ,り,0,high,news1|nf18
どんぐり,ど,り,0,high,spec1
いえ,い,え,0,high,ichi1
まんと,ま,と,0,high,gai1
ぼでい,ぼ,い,0,high,gai1
かてえてる,か,る,0,high,gai1
ねむる,ね,る,0,high,ichi1|news2|nf39
ゆびさす,ゆ,す,0,high,ichi1
きよむ,き,む,0,high,ichi1|news2|nf34
でい,で,い,0,high,gai1
ぐろ,ぐ,ろ,0,high,gai1
けんじよう,け,う,0,high,news1|nf24
じつし,じ,し,0,high,ichi1|news1|nf01|nf24
ちようしよ,ち,よ,0,high,ichi1|news1|nf06|nf15
あげ,あ,げ,0,high,news1|nf07|nf19
のべ,の,べ,0,high,ichi1|news2|nf28
ちようちよ,ち,よ,0,high,ichi1|news1|nf24
かつせん,か,ん,0,high,news1|nf08
れいぶん,れ,ん,0,high,ichi1|news2|nf40
こうりてん,こ,ん,0,high,ichi1|news1|nf09
こうだい,こ,い,0,high,ichi1|news1|nf03|nf09
らじお,ら,お,0,high,gai1|ichi1
げんさんち,げ,ち,0,high,news1|nf23
すうぱあ,す,あ,0,high,gai1|ichi1
かいすう,か,う,0,high,ichi1|news1|nf05
おもいつく,お,く,0,high,ichi1|news2|nf41
そとずら,そ,ら,0,high,ichi1|news2|nf38
てんぽらりい,て,い,0,high,gai1
ふばらい,ふ,い,0,high,news1|nf24
はんよう,は,う,0,high,news1|nf24
だいじよぶ,だ,ぶ,0,high,ichi1|news1|nf06
ひまがない,ひ,い,0,high,spec1
さわやか,さ,か,0,high,ichi1
えきすぱあと,え,と,0,high,gai1
べつぴよう,べ,う,0,high,news1|nf08
ぶじ,ぶ,じ,0,high,ichi1|news1|nf09
ろくおんてえぷ,ろ,ぷ,0,high,ichi1|news1|nf24
なびげえたあ,な,あ,0,high,gai1
たすう,た,う,0,high,ichi1|news1|nf02
どういん,ど,ん,0,high,ichi1|news1|nf10
りつしよう,り,う,0,high,news1|nf12
おおきな,お,な,0,high,news1|nf04
めたりつく,め,く,0,high,gai1
ていか,て,か,0,high,ichi1|news1|nf03|nf10
のく,の,く,0,high,ichi1|spec1
はざま,は,ま,0,high,news2|nf33|spec1
さあちらいと,さ,と,0,high,gai1
しおだ,し,だ,0,high,news1|nf24
たこやき,た,き,0,high,spec1
ぜんねんど,ぜ,ど,0,high,news1|nf03
とらんく,と,く,0,high,gai1
きりぬき,き,き,0,high,news1|nf23
だんぷ,だ,ぷ,0,high,gai1
たびさき,た,き,0,high,news1|nf22
ふたい,ふ,い,0,high,news1|nf17
ぞんじ,ぞ,じ,0,high,spec1
けんきゆう,け,う,0,high,ichi1|news1|nf01
ぐつど,ぐ,ど,0,high,gai1
げきとつ,げ,つ,0,high,news1|nf21
いえろお,い,お,0,high,gai1
まねきん,ま,ん,0,high,gai1
ふくけん,ふ,ん,0,high,news1|nf09
まいそう,ま,う,0,high,news1|nf15
しゆうは,し,は,0,high,news1|nf20
かたぎ,か,ぎ,0,high,ichi1|news1|nf16
はあく,は,く,0,high,news1|nf13
るんげ,る,げ,0,high,gai1
すぺえすしやとる,す,る,0,high,gai1
はね,は,ね,0,high,ichi1|news1|nf18
えんりよ,え,よ,0,high,ichi1|news1|nf19
たぐぼおと,た,と,0,high,gai1
すきんけあ,す,あ,0,high,gai1
こんびねえしよん,こ,ん,0,high,gai1
はいむ,は,む,0,high,gai1
ゆうずど,ゆ,ど,0,high,spec1
はいじよ,は,よ,0,high,ichi1|news1|nf07
だいぎ,だ,ぎ,0,high,news1|nf04
しちじ,し,じ,0,high,spec1
だいせいこう,だ,う,0,high,spec1
にぎやか,に,か,0,high,ichi1
ちどり,ち,り,0,high,news1|nf24
いど,い,ど,0,high,ichi1|news1|news2|nf09|nf30
かんきようほご,か,ご,0,high,spec1
ごかい,ご,い,0,high,ichi1|news1|nf07
しらかば,し,ば,0,high,news1|nf24
まねじめんと,ま,と,0,high,gai1
ぎようしや,ぎ,や,0,high,ichi1|news1|nf01
まぼろし,ま,し,0,high,ichi1|news1|nf10
こくせき,こ,き,0,high,ichi1|news1|nf02
かけいぼ,か,ぼ,0,high,news1|nf20
きゆうふ,き,ふ,0,high,news1|nf09
やつてくる,や,る,0,high,ichi1
くらぶ,く,ぶ,0,high,gai1|ichi1|news1|nf09
していいえあたあみなる,し,る,0,high,gai1
しゆさい,し,い,0,high,ichi1|news1|nf02|nf11
ゆきわたる,ゆ,る,0,high,ichi1|news2|nf38
まるい,ま,い,0,high,ichi1|news1|nf19
めんめん,め,ん,0,high,news1|nf21
しゆるいほうふ,し,ふ,0,high,spec1
てわけ,て,け,0,high,ichi1|news2|nf28
ええす,え,す,0,high,gai1
かきとめ,か,め,0,high,ichi1|news1|nf14
じゆりつ,じ,つ,0,high,news1|nf04
じえいぎよう,じ,う,0,high,ichi1
ちりようほう,ち,う,0,high,spec1
とりしまりやく,と,く,0,high,ichi1|news1|nf03
ぷれりゆうど,ぷ,ど,0,high,gai1
うわさ,う,さ,0,high,ichi1|news1|nf24
みどころ,み,ろ,0,high,ichi1|news1|nf14
こうばい,こ,い,0,high,ichi1|news1|news2|nf17|nf46
りよかつき,り,き,0,high,ichi1|news1|nf13
こはば,こ,ば,0,high,news1|nf24
せつかち,せ,ち,0,high,ichi1
つきみ,つ,み,0,high,ichi1|news2|nf34
ふぜい,ふ,い,0,high,news1|nf20
せいがく,せ,く,0,high,news1|nf12
ぱたあ,ぱ,あ,0,high,gai1
はいりぐち,は,ち,0,high,ichi1|news1|nf05
およぐ,お,ぐ,0,high,ichi1|news1|nf20
かみなり,か,り,0,high,ichi1|news1|nf11
なみびあ,な,あ,0,high,gai1
おおい,お,い,0,high,ichi1|news2|nf44|spec1
ぽんぷ,ぽ,ぷ,0,high,gai1
いんたあねつと,い,と,0,high,spec1
ひようろん,ひ,ん,0,high,ichi1|news1|nf08
はず,は,ず,0,high,ichi1|news2|nf42
まいあみ,ま,み,0,high,gai1
しぎよう,し,う,0,high,ichi1|news1|nf05|nf06|nf20
たんねん,た,ん,0,high,news1|nf14
れでい,れ,い,0,high,gai1
こいん,こ,ん,0,high,gai1|ichi1
ぽつぷす,ぽ,す,0,high,gai1
ふなれ,ふ,れ,0,high,ichi1|news2|nf28
ねんない,ね,い,0,high,news1|nf03
さいげつ,さ,つ,0,high,ichi1|news1|nf13
しようずる,し,る,0,high,ichi1
なになのか,な,か,0,high,spec1
もじどおり,も,り,0,high,ichi1|news1|nf09
ちようれい,ち,い,0,high,ichi1|news2|nf32
あらすじ,あ,じ,0,high,ichi1|news2|nf46
すいどう,す,う,0,high,ichi1|news1|nf06
くいちがう,く,う,0,high,ichi1|news2|nf37
たたく,た,く,0,high,ichi1
しようわくせい,し,い,0,high,news1|nf23
うらがね,う,ね,0,high,news1|nf11
みなも,み,も,0,high,ichi1|news1|nf06
いちだい,い,い,0,high,news1|nf14|nf18|spec1
やまみち,や,ち,0,high,news1|nf18
せんじつ,せ,つ,0,high,ichi1|news1|nf06
げかい,げ,い,0,high,news1|nf18
えれがんと,え,と,0,high,gai1
しこく,し,く,0,high,spec1
さくじよ,さ,よ,0,high,ichi1|news1|nf16
ねばつち,ね,ち,0,high,ichi1|news1|nf19
ものおぼえ,も,え,0,high,ichi1
しけいしゆう,し,う,0,high,news1|nf16
べつど,べ,ど,0,high,gai1|ichi1
かんだい,か,い,0,high,ichi1|news1|nf22
せいぎよ,せ,よ,0,high,ichi1|news1|nf09
じゆんかつゆ,じ,ゆ,0,high,news1|nf23
いそんしよう,い,う,0,high,spec1
おしえご,お,ご,0,high,news1|nf14
しよぞう,し,う,0,high,news1|nf16
つらねる,つ,る,0,high,ichi1|news2|nf25
はつち,は,ち,0,high,gai1
すうせん,す,ん,0,high,news2|nf33|spec1
そうごう,そ,う,0,high,ichi1|news1|nf01
のう,の,う,0,high,ichi1|news1|nf03|nf05
てんねんおんせん,て,ん,0,high,spec1
にゆうしよ,に,よ,0,high,news1|nf12
ゆうせい,ゆ,い,0,high,ichi1|news1|nf05|nf11
につめる,に,る,0,high,ichi1|news2|nf46
けんせつしよう,け,う,0,high,news1|nf04
はじる,は,る,0,high,ichi1|news2|nf37
せんぼつ,せ,つ,0,high,news1|nf12
きやんぱす,き,す,0,high,gai1|ichi1
いんてり,い,り,0,high,gai1|ichi1
こころざす,こ,す,0,high,ichi1|news2|nf36
めいと,め,と,0,high,spec1
くばる,く,る,0,high,ichi1|news1|nf14
こじんてき,こ,き,0,high,news1|nf06
びつくり,び,り,0,high,spec1
えんしよう,え,う,0,high,news1|nf19
しようよ,し,よ,0,high,news1|nf18
ふたつ,ふ,つ,0,high,ichi1|news1|nf02
すきつぱあ,す,あ,0,high,gai1
ずうずうしい,ず,い,0,high,ichi1
そわそわ,そ,わ,0,high,ichi1
とうどり,と,り,0,high,news1|nf05
すもつぐ,す,ぐ,0,high,gai1|ichi1
すとれす,す,す,0,high,gai1|ichi1
ゆるす,ゆ,す,0,high,ichi1|news1|nf04
かんり,か,り,0,high,ichi1|news1|nf01|nf18
ほうび,ほ,び,0,high,ichi1|news2|nf41
ねんしよ,ね,よ,0,high,news1|nf13|nf20
ちゆうぼう,ち,う,0,high,news2|nf35|spec1
いけん,い,ん,0,high,ichi1|news1|nf01|nf05
けいむしよ,け,よ,0,high,ichi1|news1|nf08
にる,に,る,0,high,ichi1|news1|news2|nf15|nf29
やくそくどおり,や,り,0,high,spec1
じんどうしゆぎ,じ,ぎ,0,high,ichi1|news2|nf32
ひあ,ひ,あ,0,high,gai1
あまやどり,あ,り,0,high,ichi1
ぶんかてき,ぶ,き,0,high,ichi1|news1|nf12
めす,め,す,0,high,gai1|ichi1|news1|nf15
しゆび,し,び,0,high,ichi1|news1|nf04
どうぎよう,ど,う,0,high,news1|nf16
れえと,れ,と,0,high,gai1
じぜん,じ,ん,0,high,ichi1|news1|nf03|nf23
なごり,な,り,0,high,ichi1|news1|nf15|nf19
てんぷく,て,く,0,high,ichi1|news1|nf17
りぶ,り,ぶ,0,high,gai1
せいしよくしや,せ,や,0,high,news1|nf23
りとあにあ,り,あ,0,high,gai1
けす,け,す,0,high,ichi1|news2|nf27
ぶんけん,ぶ,ん,0,high,ichi1|news1|nf11|nf20
かぞくけいかく,か,く,0,high,news1|nf12
へんじゆう,へ,う,0,high,news1|nf14
ちらし,ち,し,0,high,ichi1|news2|nf43|spec1
ちしき,ち,き,0,high,ichi1|news1|nf04
ぱつど,ぱ,ど,0,high,gai1
しゆつば,し,ば,0,high,news1|nf03
かいどく,か,く,0,high,news1|nf24|spec1
いざかや,い,や,0,high,ichi1|news1|nf16
びいぐる,び,る,0,high,gai1
けいぶ,け,ぶ,0,high,news1|nf14
せいふ,せ,ふ,0,high,ichi1|news1|nf01
ふれんち,ふ,ち,0,high,gai1
たかなみ,た,み,0,high,news1|nf22
こうひんしつ,こ,つ,0,high,news1|nf19
てれびきよく,て,く,0,high,spec1
またせる,ま,る,0,high,news1|nf18
きみつ,き,つ,0,high,news1|nf12
ようせつ,よ,つ,0,high,news1|nf20
のみもの,の,の,0,high,ichi1|news1|nf20
ぷろせす,ぷ,す,0,high,gai1
こてんてき,こ,き,0,high,news1|nf23
ぼうりよく,ぼ,く,0,high,ichi1|news1|nf04
そなえる,そ,る,0,high,ichi1|news1|news2|nf09|nf35
しつしん,し,ん,0,high,news2|nf45|spec1
みじん,み,ん,0,high,spec1
じようそう,じ,う,0,high,news1|nf17
きかん,き,ん,0,high,ichi1|news1|news2|nf01|nf07|nf15|nf21|nf31
すきやんだらす,す,す,0,high,gai1
はなしかた,は,た,0,high,news2|nf25|spec1
たすうけつ,た,つ,0,high,news1|nf18
ましんがん,ま,ん,0,high,gai1
ひきさく,ひ,く,0,high,ichi1
かいがん,か,ん,0,high,ichi1|news1|nf05
ひつすう,ひ,う,0,high,ichi1|news1|nf20
こうとうべんろん,こ,ん,0,high,news1|nf16
ばける,ば,る,0,high,ichi1|news2|nf32
がいしよく,が,く,0,high,ichi1|news1|nf10
ほおむすてい,ほ,い,0,high,gai1
きしようちよう,き,う,0,high,news1|nf05
がくめん,が,ん,0,high,news1|nf08
べると,べ,と,0,high,gai1|ichi1
そうぞくぜい,そ,い,0,high,news1|nf10
れきしてき,れ,き,0,high,ichi1|news1|nf05
しんみよう,し,う,0,high,news1|nf22
すたんだあど,す,ど,0,high,gai1
ほつそく,ほ,く,0,high,ichi1|news1|nf03
かけあし,か,し,0,high,ichi1|news2|nf30
いちだんらく,い,く,0,high,ichi1|news1|nf13
いちおく,い,く,0,high,news1|nf03
だんすい,だ,い,0,high,ichi1|news1|nf22
しゆれつだあ,し,あ,0,high,gai1
そう,そ,う,0,high,ichi1|news1|news2|nf05|nf06|nf07|nf09|nf10|nf14|nf37|spec1
たいむすたんぷ,た,ぷ,0,high,gai1
なんぷん,な,ん,0,high,spec1
おじぎ,お,ぎ,0,high,ichi1|news2|nf39
うけわたし,う,し,0,high,news1|nf21
おこない,お,い,0,high,news1|nf15
こうしゆうにゆう,こ,う,0,high,spec1
こつとう,こ,う,0,high,news2|nf37|spec1
ぼぎい,ぼ,い,0,high,gai1
しんせいじ,し,じ,0,high,news1|nf19
かるがる,か,る,0,high,news1|nf21
あざける,あ,る,0,high,ichi1
ころつけ,こ,け,0,high,gai1
ちゆうはい,ち,い,0,high,spec1
ねつ,ね,つ,0,high,ichi1|news1|nf05
ぬうど,ぬ,ど,0,high,gai1
ながら,な,ら,0,high,spec1
ぼうさん,ぼ,ん,0,high,ichi1|news1|nf21
てりいぬ,て,ぬ,0,high,gai1
なんか,な,か,0,high,ichi1|news1|nf03|nf21|spec1
ちらつと,ち,と,0,high,spec1
めんする,め,る,0,high,ichi1|news2|nf31
しんぺん,し,ん,0,high,news1|nf18
せいちよう,せ,う,0,high,ichi1|news1|nf01|nf17|nf18
つばき,つ,き,0,high,ichi1|news1|news2|nf11|nf42
きようり,き,り,0,high,ichi1|news1|nf13
くちかず,く,ず,0,high,ichi1|news2|nf27
しはす,し,す,0,high,ichi1|news1|nf21
しなめ,し,め,0,high,news1|nf08
わがや,わ,や,0,high,ichi1|news1|nf12
あめりかん,あ,ん,0,high,gai1
がいこく,が,く,0,high,ichi1|news1|nf01
とうちよく,と,く,0,high,news1|nf24
だから,だ,ら,0,high,ichi1
よい,よ,い,0,high,ichi1|news1|nf08|nf17
もらす,も,す,0,high,ichi1|news2|nf28
べいはん,べ,ん,0,high,news1|nf23
めえく,め,く,0,high,gai1
せんしゆう,せ,う,0,high,ichi1|news1|nf05|nf14
ほへい,ほ,い,0,high,news1|nf15
ようすをみる,よ,る,0,high,spec1
かちぼし,か,し,0,high,news1|nf15
ひじゆう,ひ,う,0,high,news1|nf11
おおろら,お,ら,0,high,gai1
はやあい,は,い,0,high,ichi1|news1|news2|nf16|nf31
みそ,み,そ,0,high,ichi1|news1|news2|nf01|nf03|nf32|spec1
きんせい,き,い,0,high,ichi1|news1|news2|nf18|nf44|spec1
てぎわよく,て,く,0,high,ichi1
みつしつ,み,つ,0,high,news1|nf12
かんばす,か,す,0,high,gai1
ごおさいん,ご,ん,0,high,gai1
りゆうがく,り,く,0,high,ichi1|news1|nf05
ていすと,て,と,0,high,spec1
げめん,げ,ん,0,high,ichi1|news2|nf38
つぶる,つ,る,0,high,ichi1
まぐま,ま,ま,0,high,gai1
ぎよえん,ぎ,ん,0,high,news1|nf19
かさん,か,ん,0,high,news1|nf16
すたんふおおど,す,ど,0,high,gai1
にんげんかんけい,に,い,0,high,news1|nf08
でんそう,で,う,0,high,news1|nf19
かつと,か,と,0,high,gai1|ichi1
どう,ど,う,0,high,ichi1|news1|news2|nf05|nf06|nf18|nf19|nf32
はて,は,て,0,high,news1|nf15
ちゆうそつ,ち,つ,0,high,news1|nf24
そうぎよう,そ,う,0,high,news1|nf07
りりいす,り,す,0,high,gai1
けいし,け,し,0,high,ichi1|news1|nf13|nf17
れえく,れ,く,0,high,gai1
ひつせき,ひ,き,0,high,news1|nf23
ものおき,も,き,0,high,ichi1|news1|nf24
ひん,ひ,ん,0,high,ichi1
げんしち,げ,ち,0,high,news1|nf23
そうきん,そ,ん,0,high,ichi1|news1|nf10
かいてん,か,ん,0,high,ichi1|news1|nf07|nf13
いちずけ,い,け,0,high,news1|nf14
なんにも,な,も,0,high,news1|nf22
さびる,さ,る,0,high,ichi1
はやめる,は,る,0,high,ichi1|news1|nf10
りくるうと,り,と,0,high,gai1
やつあたり,や,り,0,high,ichi1|news2|nf36
じやあなる,じ,る,0,high,gai1
ふるまい,ふ,い,0,high,news1|nf24
すうひやく,す,く,0,high,news1|nf07
いぞく,い,く,0,high,news1|nf03
ありよう,あ,う,0,high,ichi1|news1|nf23
あきんど,あ,ど,0,high,ichi1|news1|nf13
ゆばり,ゆ,り,0,high,news1|nf13
きにいり,き,り,0,high,news1|nf23
ごうけい,ご,い,0,high,ichi1|news1|nf03
しりよう,し,う,0,high,ichi1|news1|nf02|nf13|nf15|nf23
みにくい,み,い,0,high,ichi1|news2|nf26
きのどく,き,く,0,high,ichi1|news2|nf28
はいえん,は,ん,0,high,ichi1|news1|nf06
ばれる,ば,る,0,high,gai1|ichi1|spec1
まらりあ,ま,あ,0,high,gai1
やくざいし,や,し,0,high,news1|nf18
すぱありんぐ,す,ぐ,0,high,gai1
こつき,こ,き,0,high,ichi1|news1|nf08
がつぺい,が,い,0,high,ichi1|news1|nf03
たつする,た,る,0,high,ichi1|news1|nf15
かぜをひく,か,く,0,high,spec1
ここん,こ,ん,0,high,news1|nf16
せんれつ,せ,つ,0,high,news1|nf20|nf21
よこで,よ,で,0,high,news1|nf18
ととのう,と,う,0,high,ichi1|news2|nf28
てんのうへいか,て,か,0,high,news1|nf06
しんにち,し,ち,0,high,ichi1|news1|nf23
けいしちよう,け,う,0,high,ichi1|news1|nf02
いりよく,い,く,0,high,news1|nf09
くうこう,く,う,0,high,ichi1|news1|nf01
でんこう,で,う,0,high,news1|nf21
いろあい,い,い,0,high,news1|nf16
きんぎよ,き,よ,0,high,ichi1|news1|nf19
ちしま,ち,ま,0,high,news1|nf17
くちぶり,く,り,0,high,news1|nf18
ねびき,ね,き,0,high,ichi1|news1|nf13
せるふさあびす,せ,す,0,high,gai1|ichi1
じえんだあ,じ,あ,0,high,gai1
ぴよんやん,ぴ,ん,0,high,news1|nf05
ねかせる,ね,る,0,high,ichi1|news2|nf40
めもりい,め,い,0,high,gai1
しんずい,し,い,0,high,ichi1|news2|nf25
ありがとう,あ,う,0,high,ichi1
おかず,お,ず,0,high,ichi2|spec1
おもてだつ,お,つ,0,high,news1|nf19
しさつ,し,つ,0,high,ichi1|news1|nf06
いただける,い,る,0,high,spec1
こんびに,こ,に,0,high,gai1
そうご,そ,ご,0,high,ichi1|news1|nf02
ふうけい,ふ,い,0,high,ichi1|news1|nf04
せんじゆつ,せ,つ,0,high,news1|nf04
ついてる,つ,る,0,high,spec1
りいく,り,く,0,high,gai1
いれい,い,い,0,high,news1|nf04|nf10
そして,そ,て,0,high,ichi1
でばいす,で,す,0,high,gai1
ぐりこおげん,ぐ,ん,0,high,gai1
うなぞこ,う,こ,0,high,ichi1|news1|nf09
おもむき,お,き,0,high,ichi1|news1|nf15
わりあい,わ,い,0,high,ichi1|news1|nf03
ふくすけ,ふ,け,0,high,news1|nf17
さんこうしよ,さ,よ,0,high,ichi1
いさぎよい,い,い,0,high,ichi1|news2|nf29
しんりよう,し,う,0,high,ichi1|news1|nf05
いつこ,い,こ,0,high,news1|nf11
てにいれる,て,る,0,high,spec1
ぱて,ぱ,て,0,high,gai1
じゆうおく,じ,く,0,high,news1|nf06
のんばんく,の,く,0,high,gai1
くらつかあ,く,あ,0,high,gai1
のおまる,の,る,0,high,gai1
たはつ,た,つ,0,high,news1|nf16
ていじ,て,じ,0,high,news1|nf10|nf15
ういすきい,う,い,0,high,gai1|ichi1
ぶつさん,ぶ,ん,0,high,news1|nf16
かしきん,か,ん,0,high,news1|nf19
いんりよく,い,く,0,high,ichi1|news2|nf37
うるさい,う,い,0,high,ichi1
げんしろ,げ,ろ,0,high,news1|nf06
てじよう,て,う,0,high,ichi1|news1|nf22
どらむ,ど,む,0,high,gai1
ぶんこ,ぶ,こ,0,high,ichi1|news1|nf05
じやがいも,じ,も,0,high,ichi1
いぶつ,い,つ,0,high,news1|nf18|nf21
めど,め,ど,0,high,ichi1
はばひろい,は,い,0,high,ichi1|news1|nf08
しようせんきよく,し,く,0,high,news1|nf02
わんまん,わ,ん,0,high,gai1
ぷるうくぼおげん,ぷ,ん,0,high,gai1
うわん,う,ん,0,high,news1|nf11
でいしよう,で,う,0,high,news1|nf12
わさび,わ,び,0,high,ichi1
よちよきん,よ,ん,0,high,news1|nf11
こうどう,こ,う,0,high,ichi1|news1|nf01|nf10
しようゆ,し,ゆ,0,high,ichi1|news2|nf31
めいん,め,ん,0,high,spec1
だいさんしや,だ,や,0,high,news1|nf07
ある,あ,る,0,high,ichi1|news1|news2|nf05|nf23|nf37|spec1
どうか,ど,か,0,high,ichi1|news2|nf29|spec1
すなどる,す,る,0,high,ichi1
ほおる,ほ,る,0,high,gai1|ichi1|spec1
なやます,な,す,0,high,news1|nf12
ううん,う,ん,0,high,spec1
きようじゆつ,き,つ,0,high,news1|nf06
かなしい,か,い,0,high,ichi1|news2|nf35
へりんぼおん,へ,ん,0,high,gai1
こする,こ,る,0,high,ichi1
たうえ,た,え,0,high,ichi1|news1|nf17
こくぼう,こ,う,0,high,ichi1|news1|nf02
せいそくち,せ,ち,0,high,news1|nf15
ふてい,ふ,い,0,high,news1|nf12
じようしきてき,じ,き,0,high,news1|nf15
みす,み,す,0,high,gai1|ichi1
ぱとろん,ぱ,ん,0,high,gai1
ていせつ,て,つ,0,high,news1|nf18
へいえき,へ,き,0,high,ichi1|news1|nf18
じよじよう,じ,う,0,high,news1|nf22
たいま,た,ま,0,high,news1|nf10
はた,は,た,0,high,ichi1|news1|nf04|nf18|spec1
ばるこにい,ば,い,0,high,gai1
じようほうさんぎよう,じ,う,0,high,news1|nf20
なしよなるりいぐ,な,ぐ,0,high,gai1
れんよう,れ,う,0,high,news1|nf10
かせつとてえぷ,か,ぷ,0,high,ichi1
つきひ,つ,ひ,0,high,ichi1|news2|nf25
げんろく,げ,く,0,high,news1|nf21
ないよう,な,う,0,high,ichi1|news1|nf01
けつさく,け,く,0,high,ichi1|news1|nf13
ふせ,ふ,せ,0,high,news1|nf05
ふあみりい,ふ,い,0,high,gai1
ふもと,ふ,と,0,high,ichi1|news2|nf28
じまく,じ,く,0,high,news1|nf16
ごさ,ご,さ,0,high,ichi1|news1|nf21
しよえん,し,ん,0,high,news1|nf10
あつぷ,あ,ぷ,0,high,gai1|ichi1
おかえりなさい,お,い,0,high,ichi1
ぎんこう,ぎ,う,0,high,ichi1|news1|nf01
ちつとも,ち,も,0,high,ichi1
ふせつ,ふ,つ,0,high,news1|nf20
ぼんず,ぼ,ず,0,high,ichi1|news2|nf28
よそう,よ,う,0,high,ichi1|news1|nf02
こがい,こ,い,0,high,news1|nf21
あきいえ,あ,え,0,high,news1|nf24
にかんして,に,て,0,high,spec1
ばぶる,ば,る,0,high,gai1
なつやすみ,な,み,0,high,ichi1|news1|nf05
はかち,は,ち,0,high,ichi1|news1|nf08
おう,お,う,0,high,ichi1|news1|nf04|nf05|nf08|nf13|nf16
りたあんまつち,り,ち,0,high,gai1
ふろや,ふ,や,0,high,ichi1
あながち,あ,ち,0,high,ichi1
いつぱ,い,ぱ,0,high,news1|nf22
めべり,め,り,0,high,news1|nf18
りりく,り,く,0,high,ichi1|news1|nf16
ああきてくちや,あ,や,0,high,gai1
まちあいしつ,ま,つ,0,high,ichi1
かんがるう,か,う,0,high,gai1
しつぱい,し,い,0,high,ichi1|news1|nf04
おやつ,お,つ,0,high,ichi1
りよだん,り,ん,0,high,news1|nf22
きようわとう,き,う,0,high,news1|nf05
いつかつ,い,つ,0,high,news1|nf08
せいほ,せ,ほ,0,high,news1|nf10
らぐびい,ら,い,0,high,gai1|ichi1
ほんるいだ,ほ,だ,0,high,news1|nf02
ひたすら,ひ,ら,0,high,ichi1
ちゆうじつ,ち,つ,0,high,ichi1|news1|nf11
いつまでも,い,も,0,high,ichi1
けんこうしよくひん,け,ん,0,high,news1|nf18
ぴりぴり,ぴ,り,0,high,ichi1
きようそ,き,そ,0,high,news1|nf20
りよくさく,り,く,0,high,news1|nf19
がいしや,が,や,0,high,ichi1|news1|nf20
じゆぎようちゆう,じ,う,0,high,spec1
ぱぱさん,ぱ,ん,0,high,spec1
すけえぷごおと,す,と,0,high,gai1
とりしまる,と,る,0,high,ichi1|news2|nf38
とうじしや,と,や,0,high,ichi1|news1|nf05
じゆういちにち,じ,ち,0,high,spec1
めどれえりれえ,め,え,0,high,gai1
わごむ,わ,む,0,high,ichi1|news2|nf44
えいすうじ,え,じ,0,high,spec1
もめる,も,る,0,high,ichi1
すまあと,す,と,0,high,gai1|ichi1
おおど,お,ど,0,high,gai1
いいぶん,い,ん,0,high,news1|nf11
あちらこちら,あ,ら,0,high,ichi1
げえとぼおる,げ,る,0,high,gai1
あいてがた,あ,た,0,high,news1|nf17
りばうんど,り,ど,0,high,gai1
かたさ,か,さ,0,high,ichi1|news1|nf23
ながれ,な,れ,0,high,ichi1|news1|nf02
うちき,う,き,0,high,ichi1|news2|nf47
さしもどす,さ,す,0,high,news1|nf24
ひつじゆん,ひ,ん,0,high,ichi1
みたところ,み,ろ,0,high,spec1
そしよう,そ,う,0,high,ichi1|news1|nf02
あなりすと,あ,と,0,high,gai1
じゆもく,じ,く,0,high,ichi1|news1|nf09
ゆかした,ゆ,た,0,high,news1|nf17
うし,う,し,0,high,ichi1|news1|news2|nf06|nf29|spec1
すうぱあまあけつと,す,と,0,high,ichi1
にげみち,に,ち,0,high,ichi1|news2|nf35
せいは,せ,は,0,high,news1|nf10
につこり,に,り,0,high,spec1
みことのり,み,り,0,high,ichi1|news2|nf36|spec1
かんびよう,か,う,0,high,ichi1|news1|nf22
なれる,な,る,0,high,ichi1|news2|nf43
そうしん,そ,ん,0,high,ichi1|news1|nf18|spec1
たつ,た,つ,0,high,ichi1|news1|news2|nf04|nf07|nf17|nf18|nf21|nf41
ひこうかい,ひ,い,0,high,news1|nf09
ああちすと,あ,と,0,high,gai1
なんばあわん,な,ん,0,high,gai1
あたまきん,あ,ん,0,high,news2|nf32|spec1
ながあめ,な,め,0,high,news1|nf18
ゆうずう,ゆ,う,0,high,ichi1|news1|nf18
ちつそ,ち,そ,0,high,news1|nf10
せしゆう,せ,う,0,high,news1|nf20
うしろだて,う,て,0,high,news1|nf18
すぽおつまん,す,ん,0,high,gai1
おおめ,お,め,0,high,news2|nf27|spec1
ととのえる,と,る,0,high,ichi1
すけえたあ,す,あ,0,high,gai1
げんこうようし,げ,し,0,high,ichi1|news1|nf12
でつさん,で,ん,0,high,gai1
すとろべりい,す,い,0,high,gai1
ふんわり,ふ,り,0,high,spec1
ふりかえる,ふ,る,0,high,ichi1|news1|nf13
かつぱつ,か,つ,0,high,ichi1|news1|nf03
こうさいひ,こ,ひ,0,high,news1|nf12
てろりずむ,て,む,0,high,gai1
げつきゆう,げ,う,0,high,ichi1|news1|nf13
うえすと,う,と,0,high,gai1|ichi1
えんぜる,え,る,0,high,gai1
かいそく,か,く,0,high,ichi1|news1|nf19
れえだあ,れ,あ,0,high,gai1
ゆりあ,ゆ,あ,0,high,gai1
はつぽう,は,う,0,high,news1|nf09|nf21
やくしよ,や,よ,0,high,ichi1|news1|nf06
がくさい,が,い,0,high,news1|nf23
きやんぷいん,き,ん,0,high,gai1
ぼとる,ぼ,る,0,high,gai1
しゆどう,し,う,0,high,news1|nf03|nf16
かくだんとう,か,う,0,high,news1|nf12
だんぴんぐ,だ,ぐ,0,high,gai1
ろうがん,ろ,ん,0,high,ichi1
ついずい,つ,い,0,high,news1|nf17
ほんし,ほ,し,0,high,news1|nf09
みのまわり,み,り,0,high,ichi1|news1|nf14
はつせい,は,い,0,high,ichi1|news1|nf03|nf23
べんとう,べ,う,0,high,ichi1|news1|nf07
いきき,い,き,0,high,ichi1|news2|nf33|spec1
してんちよう,し,う,0,high,news1|nf05
だか,だ,か,0,high,gai1|news1|nf12
ぎんみ,ぎ,み,0,high,ichi1|news2|nf34
ふんまつ,ふ,つ,0,high,ichi1|news1|nf18
ゆずる,ゆ,る,0,high,ichi1|news2|nf39
がし,が,し,0,high,ichi1|news1|nf22
ばんこん,ば,ん,0,high,news1|nf22
にじ,に,じ,0,high,ichi1|news1|nf06|nf17
しんちよく,し,く,0,high,spec1
しよけい,し,い,0,high,ichi1|news1|nf15
まえぶれ,ま,れ,0,high,ichi1|news2|nf35
こうもく,こ,く,0,high,ichi1|news1|nf04
いちらん,い,ん,0,high,news1|nf21
ありふれた,あ,た,0,high,ichi1
けいゆう,け,う,0,high,ichi1|news1|nf07
ふえりい,ふ,い,0,high,gai1
ぐたい,ぐ,い,0,high,news1|nf03
ちゆういほう,ち,う,0,high,news1|nf21
もやす,も,す,0,high,ichi1|ichi2|news2|nf45
いちぎ,い,ぎ,0,high,news1|nf20
あくりよく,あ,く,0,high,ichi1|news2|nf33
につぽんぎんこう,に,う,0,high,news1|nf08
とういつかん,と,ん,0,high,spec1
ぬめり,ぬ,り,0,high,news1|nf14
しんぱん,し,ん,0,high,ichi1|news1|nf05|nf19
かんりにん,か,ん,0,high,spec1
につぽんはつ,に,つ,0,high,spec1
しつちよう,し,う,0,high,news1|nf05
やすみ,や,み,0,high,ichi1|news1|nf05
あとおし,あ,し,0,high,news1|nf20
やり,や,り,0,high,news1|nf23
しゆうちゆうりよく,し,く,0,high,spec1
あやまつて,あ,て,0,high,news1|nf07
しよつぴんぐもおる,し,る,0,high,gai1
こみつしよん,こ,ん,0,high,gai1
すとつく,す,く,0,high,gai1
とういん,と,ん,0,high,news1|nf06
とくべつく,と,く,0,high,news1|nf21
けつまつ,け,つ,0,high,ichi1|news1|nf16
がんじつ,が,つ,0,high,ichi1|news1|nf08
ざんてい,ざ,い,0,high,ichi1|news1|nf02
へいき,へ,き,0,high,ichi1|news1|news2|nf03|nf30
のたんびに,の,に,0,high,spec1
ようそう,よ,う,0,high,ichi1|news1|nf07
はおり,は,り,0,high,ichi1|news2|nf32
かぐら,か,ら,0,high,news1|nf13
ぽりぷろぴれん,ぽ,ん,0,high,gai1
こうがくしきもじにんしき,こ,き,0,high,spec1
みかぎる,み,る,0,high,ichi1|news2|nf46
よぞら,よ,ら,0,high,ichi1|news1|nf17
しやわあ,し,あ,0,high,gai1|ichi1
しやく,し,く,0,high,news1|nf24
りもおと,り,と,0,high,gai1
せきはん,せ,ん,0,high,ichi1|news2|nf33
じよさんぷ,じ,ぷ,0,high,news1|nf20
じしや,じ,や,0,high,news1|nf03
がわ,が,わ,0,high,ichi1|news1|nf03|nf10
でびすかつぷ,で,ぷ,0,high,gai1
らつしゆあわあ,ら,あ,0,high,gai1|ichi1
ひふ,ひ,ふ,0,high,ichi1|news1|nf08
きもちわるい,き,い,0,high,spec1
ぱぶ,ぱ,ぶ,0,high,gai1
なつばしよ,な,よ,0,high,news1|nf14
さびしい,さ,い,0,high,ichi1|news2|nf33|spec1
しつき,し,き,0,high,ichi1|news1|nf19
もおげえじ,も,じ,0,high,gai1
ふかみ,ふ,み,0,high,ichi1|news1|nf17
しゆうけつ,し,つ,0,high,news1|nf03
でなおし,で,し,0,high,news1|nf13
えんとつ,え,つ,0,high,ichi1|news1|nf24
かなわない,か,い,0,high,ichi1
ちかてつ,ち,つ,0,high,ichi1|news1|nf05
うらみ,う,み,0,high,ichi1|news1|nf16
くりあげる,く,る,0,high,news1|nf21
はつちようせん,は,ん,0,high,spec1
しやい,し,い,0,high,gai1|news1|nf22
うそつき,う,き,0,high,ichi1
はま,は,ま,0,high,ichi1|news1|nf05
まうえ,ま,え,0,high,news1|nf24
ゆうゆう,ゆ,う,0,high,ichi1|news2|nf26
たね,た,ね,0,high,ichi1
おそれる,お,る,0,high,ichi1|news1|nf15
きようらん,き,ん,0,high,news1|nf23
なんとか,な,か,0,high,ichi1|news1|nf05
れしいばあ,れ,あ,0,high,gai1
せめんと,せ,と,0,high,gai1|ichi1
すら,す,ら,0,high,spec1
せいほう,せ,う,0,high,news1|nf18|nf21
こずかい,こ,い,0,high,ichi1|news1|nf13
きよがく,き,く,0,high,news1|nf04
みぐるしい,み,い,0,high,ichi1|news2|nf35
ひようり,ひ,り,0,high,ichi1|news1|nf19
りべらりすと,り,と,0,high,gai1
きねしおろじい,き,い,0,high,gai1
きゆうい,き,い,0,high,news1|nf12
ひなん,ひ,ん,0,high,ichi1|news1|nf05|nf06
ろつど,ろ,ど,0,high,gai1
ぞうはん,ぞ,ん,0,high,news1|nf09
らうんじ,ら,じ,0,high,gai1
てほん,て,ん,0,high,ichi1|news1|nf13
しわす,し,す,0,high,ichi1|news1|nf21
ひるすぎ,ひ,ぎ,0,high,ichi1|news1|nf17
みなみひがし,み,し,0,high,ichi1|news1|nf09
まえうりけん,ま,ん,0,high,ichi1
かちようきん,か,ん,0,high,news1|nf14
ひいき,ひ,き,0,high,ichi1
じようはんしん,じ,ん,0,high,ichi1|news1|nf17
せいどう,せ,う,0,high,news1|nf18|nf20
でゆうていいふりい,で,い,0,high,gai1
かわす,か,す,0,high,ichi1|news1|nf14
きやりい,き,い,0,high,gai1
みだれる,み,る,0,high,ichi1|news1|nf18
ひへい,ひ,い,0,high,news1|nf22
もちいる,も,る,0,high,ichi1|news1|nf22
いつのまにか,い,か,0,high,ichi1|spec1
めいせい,め,い,0,high,ichi1|news1|nf22
おおくしよん,お,ん,0,high,gai1
りこおる,り,る,0,high,gai1
がさがさ,が,さ,0,high,ichi1
とらいあんぐる,と,る,0,high,gai1
めんたる,め,る,0,high,gai1
つれさる,つ,る,0,high,news1|nf24
みずから,み,ら,0,high,ichi1|news1|nf01
せいしゆん,せ,ん,0,high,ichi1|news1|nf07
くらんく,く,く,0,high,gai1
けんしゆう,け,う,0,high,news1|nf03
めいしん,め,ん,0,high,ichi1|news2|nf37
ぶんぴつ,ぶ,つ,0,high,ichi1|news1|nf20
さあばあ,さ,あ,0,high,gai1
てつきり,て,り,0,high,ichi1
ふりこ,ふ,こ,0,high,news1|nf23
そうなん,そ,ん,0,high,ichi1|news1|nf15
ひなんみん,ひ,ん,0,high,news1|nf07
ぜんしや,ぜ,や,0,high,ichi1|news1|nf13
ほねぬき,ほ,き,0,high,news1|nf18
かいなか,か,か,0,high,spec1
こんぐろまあちやんと,こ,と,0,high,gai1
がんか,が,か,0,high,ichi1|news1|nf22
こうすい,こ,い,0,high,ichi1|news1|news2|nf16|nf34
かみき,か,き,0,high,news1|nf14
しんわ,し,わ,0,high,ichi1|news1|nf08
おしろい,お,い,0,high,ichi1
せいひ,せ,ひ,0,high,news1|nf10
かとれや,か,や,0,high,gai1
いたん,い,ん,0,high,ichi1|news1|nf22
りんじゆう,り,う,0,high,ichi1|news2|nf36
おにぎり,お,り,0,high,ichi1
のるでいつく,の,く,0,high,gai1
だいやもんど,だ,ど,0,high,gai1|ichi1
むだん,む,ん,0,high,ichi1|news1|nf11
たべもの,た,の,0,high,ichi1|news1|nf08
いしき,い,き,0,high,ichi1|news1|nf02
ねがい,ね,い,0,high,ichi1|news1|nf05
みこむ,み,む,0,high,news1|nf08
はんげん,は,ん,0,high,ichi1|news1|nf19
よそおう,よ,う,0,high,ichi1|news1|nf21
きゆうがく,き,く,0,high,ichi1|news2|nf36
ひんけつ,ひ,つ,0,high,ichi1|news1|nf20
うごき,う,き,0,high,ichi1|news1|nf01
あつあつ,あ,つ,0,high,spec1
ぴんと,ぴ,と,0,high,gai1|ichi1
こめでいい,こ,い,0,high,gai1
よやくちゆうもん,よ,ん,0,high,spec1
おうだんまく,お,く,0,high,news1|nf19
ひま,ひ,ま,0,high,ichi1|news1|nf14
いんず,い,ず,0,high,news1|nf19
あゆみ,あ,み,0,high,news1|nf11
まいこん,ま,ん,0,high,gai1
じゆりよう,じ,う,0,high,news1|nf12
だれか,だ,か,0,high,ichi1|news2|nf28
こんとろおる,こ,る,0,high,gai1
ばいしゆん,ば,ん,0,high,ichi1|news1|nf11
べた,べ,た,0,high,gai1
はずれ,は,れ,0,high,ichi1|news1|nf20
かならずしも,か,も,0,high,ichi1|news1|nf05
えぽつく,え,く,0,high,gai1
かおあわせ,か,せ,0,high,news1|nf16
とうおう,と,う,0,high,ichi1|news1|nf03
しゆくん,し,ん,0,high,news1|nf16
ひとびと,ひ,と,0,high,ichi1|news1|nf01
にじゆうはちにち,に,ち,0,high,spec1
なつかしい,な,い,0,high,ichi1|news1|nf24
せいねん,せ,ん,0,high,ichi1|news1|nf03|nf18
にゆうすそおす,に,す,0,high,gai1
かずら,か,ら,0,high,ichi1
しらべる,し,る,0,high,ichi1|news2|nf42
ゆぎん,ゆ,ん,0,high,news1|nf17
さつきん,さ,ん,0,high,news1|nf17
みすてりあす,み,す,0,high,gai1
のいず,の,ず,0,high,gai1
きゆう,き,う,0,high,gai1|ichi1|news1|nf01|nf03|nf04|nf05|nf20
きよだい,き,い,0,high,ichi1|news1|nf04
しだいに,し,に,0,high,ichi1|news1|nf06
ぼつらく,ぼ,く,0,high,ichi1|news2|nf31
ちゆうか,ち,か,0,high,ichi1|news1|nf08
れいんぼおふいつしゆ,れ,ゆ,0,high,gai1
おんど,お,ど,0,high,ichi1|news1|nf06|nf15
ふいらでるふいあ,ふ,あ,0,high,gai1
ぼうらく,ぼ,く,0,high,ichi1|news1|nf12
ぎしよう,ぎ,う,0,high,news1|nf20
うんどうば,う,ば,0,high,ichi1|news2|nf26
のむ,の,む,0,high,ichi1|news2|nf35|nf40|spec1
えいのう,え,う,0,high,news1|nf21
きふく,き,く,0,high,news1|nf20
りようようしよ,り,よ,0,high,ichi1
ばすく,ば,く,0,high,gai1
といや,と,や,0,high,ichi1|news1|nf14
けいざいせいちようりつ,け,つ,0,high,news1|nf12
りようじ,り,じ,0,high,news1|nf19
てん,て,ん,0,high,gai1|ichi1|news1|nf03|nf05|nf22
まちなみ,ま,み,0,high,ichi1|news1|nf17
まんぷく,ま,く,0,high,news2|nf31|spec1
はこび,は,び,0,high,news1|nf08
すらろおむ,す,む,0,high,gai1
ぼうがい,ぼ,い,0,high,ichi1|news1|nf07
なくてはいけない,な,い,0,high,spec1
へいわ,へ,わ,0,high,ichi1|news1|nf01
ごおるきいぱあ,ご,あ,0,high,gai1
さんぎよう,さ,う,0,high,ichi1|news1|nf01
ぼぶ,ぼ,ぶ,0,high,gai1
なびく,な,く,0,high,ichi1
おおふね,お,ね,0,high,news1|nf18
じけつ,じ,つ,0,high,news1|nf23
れえる,れ,る,0,high,gai1
とりたて,と,て,0,high,news1|nf22
ふりようひん,ふ,ん,0,high,spec1
ぶんぐ,ぶ,ぐ,0,high,news1|nf21
ちよさく,ち,く,0,high,news1|nf09
りせい,り,い,0,high,ichi1|news1|nf17
しにせ,し,せ,0,high,news1|nf17
ひとまず,ひ,ず,0,high,ichi1
はいしや,は,や,0,high,ichi1|news1|news2|nf15|nf32
きむち,き,ち,0,high,gai1
たんらく,た,く,0,high,news1|nf21
ようふく,よ,く,0,high,ichi1|news1|nf11
おうずる,お,る,0,high,ichi1|news2|nf26
がいき,が,き,0,high,ichi1|news2|nf27
ほいいる,ほ,る,0,high,gai1
れじ,れ,じ,0,high,gai1
にんきのある,に,る,0,high,spec1
まふいあ,ま,あ,0,high,gai1
ばうさいど,ば,ど,0,high,gai1
たに,た,に,0,high,ichi1|news1|nf03
もちいえ,も,え,0,high,news1|nf15
とくべつ,と,つ,0,high,ichi1|news1|nf01
たんびに,た,に,0,high,spec1
ぞうしよ,ぞ,よ,0,high,news1|nf17
てれびじよん,て,ん,0,high,gai1
くみかえ,く,え,0,high,news1|nf17
いちいん,い,ん,0,high,ichi1|news1|nf07|nf09
ふあしりてい,ふ,い,0,high,gai1
じんちゆう,じ,う,0,high,news1|nf20
てつだい,て,い,0,high,ichi1|news1|nf12
かいよう,か,う,0,high,ichi1|news1|nf05
でぽじつと,で,と,0,high,gai1
せんでん,せ,ん,0,high,ichi1|news1|nf05
ぷろだくしよん,ぷ,ん,0,high,gai1
せんべつ,せ,つ,0,high,news1|nf15
きやんぴんぐかあ,き,あ,0,high,gai1
せばめる,せ,る,0,high,ichi1|news2|nf42
おじま,お,ま,0,high,news1|nf06
めつちやくちや,め,や,0,high,ichi1
さんじゆういちにち,さ,ち,0,high,spec1
いりごみ,い,み,0,high,news1|nf20
なれなれしい,な,い,0,high,ichi1
はんする,は,る,0,high,ichi1|news1|nf24
そうだい,そ,い,0,high,news1|nf12
ちえいん,ち,ん,0,high,gai1
ばしや,ば,や,0,high,news1|nf20
こうげき,こ,き,0,high,ichi1|news1|nf01
じむじかん,じ,ん,0,high,news1|nf03
しよくむ,し,む,0,high,ichi1|news1|nf07
さくもつ,さ,つ,0,high,ichi1|news1|nf15
ゆうごすらびあ,ゆ,あ,0,high,gai1
めがみ,め,み,0,high,news1|nf17
おんがく,お,く,0,high,ichi1|news1|nf01
だあす,だ,す,0,high,gai1|ichi1
むせいふ,む,ふ,0,high,news1|nf23
かれい,か,い,0,high,ichi1|news1|nf13
じかん,じ,ん,0,high,ichi1|news1|nf01|nf02
らんにんぐ,ら,ぐ,0,high,gai1|ichi1
じたく,じ,く,0,high,ichi1|news1|nf01
ぱぶりしていい,ぱ,い,0,high,gai1
げきせん,げ,ん,0,high,news1|nf09
ばつぐん,ば,ん,0,high,ichi1|news1|nf11
なんばあ,な,あ,0,high,gai1|ichi1
もちあげる,も,る,0,high,news2|nf30|spec1
しやしよう,し,う,0,high,ichi1|news1|nf17
くずす,く,す,0,high,ichi1|news2|nf31
ほかに,ほ,に,0,high,ichi1
ゆだねる,ゆ,る,0,high,ichi1
ひかず,ひ,ず,0,high,ichi1|news1|nf10
どらむすこ,ど,こ,0,high,spec1
じそく,じ,く,0,high,ichi1|news1|nf07
ごりん,ご,ん,0,high,news1|nf01
あたためる,あ,る,0,high,ichi1
やしなう,や,う,0,high,ichi1|news2|nf39
きようたい,き,い,0,high,spec1
らふ,ら,ふ,0,high,gai1
よじん,よ,ん,0,high,news1|nf17
まいにち,ま,ち,0,high,ichi1|news1|nf01
なつと,な,と,0,high,gai1
たら,た,ら,0,high,spec1
みみ,み,み,0,high,ichi1|news1|nf03
ぞつこう,ぞ,う,0,high,news1|nf18
ちかどう,ち,う,0,high,ichi1|news1|nf24
どうじん,ど,ん,0,high,news1|nf12
みずわり,み,り,0,high,news1|nf23
ぎこう,ぎ,う,0,high,news1|nf21
いろどる,い,る,0,high,news1|nf21
はんにゆう,は,う,0,high,news1|nf16
あるふあべつと,あ,と,0,high,gai1|ichi1
しゆがん,し,ん,0,high,news1|nf16
はやまる,は,る,0,high,ichi1|news2|nf36
すぷりんくらあ,す,あ,0,high,gai1
のこる,の,る,0,high,ichi1|news1|nf18
ぽおとふおりお,ぽ,お,0,high,gai1
ぎのう,ぎ,う,0,high,ichi1|news1|nf09
くび,く,び,0,high,ichi1|news1|nf03
せいねんがつぴ,せ,ぴ,0,high,ichi1|news1|nf21
ゆうよ,ゆ,よ,0,high,ichi1|news1|nf09
せきざい,せ,い,0,high,news1|nf21
あき,あ,き,0,high,ichi1|news1|news2|nf01|nf13|nf32
かんざい,か,い,0,high,news1|nf19
じじよ,じ,よ,0,high,ichi1|news1|nf12
ふいいだ,ふ,だ,0,high,gai1
とらふいつく,と,く,0,high,gai1
あたつく,あ,く,0,high,gai1
わあきんぐ,わ,ぐ,0,high,gai1
ふんきゆう,ふ,う,0,high,news1|nf22
ぜつこうちよう,ぜ,う,0,high,spec1
ぱねる,ぱ,る,0,high,gai1
ためる,た,る,0,high,ichi1
いびき,い,き,0,high,ichi1
しよおつ,し,つ,0,high,gai1
ねばねば,ね,ば,0,high,ichi1
ぎもんてん,ぎ,ん,0,high,spec1
げんそく,げ,く,0,high,ichi1|news1|nf01|nf07
すう,す,う,0,high,ichi1|news2|nf34
ぎようこ,ぎ,こ,0,high,news1|nf24
ぬらす,ぬ,す,0,high,ichi1
なつぷざつく,な,く,0,high,gai1
ふらめんこ,ふ,こ,0,high,gai1
だんせいてき,だ,き,0,high,ichi1|news2|nf43
たいちよう,た,う,0,high,ichi1|news1|nf06|nf09|nf19
たまごがた,た,た,0,high,ichi1|news2|nf44|spec2
きしゆう,き,う,0,high,news1|nf21
ねつとう,ね,う,0,high,ichi1|news1|nf22
ばいりつ,ば,つ,0,high,ichi1|news1|nf10
わたりどり,わ,り,0,high,news1|nf17
ぐらんどぴあの,ぐ,の,0,high,gai1
けんきゆうか,け,か,0,high,news1|nf09
ます,ま,す,0,high,gai1|ichi1|news2|nf47
つれていく,つ,く,0,high,ichi1|spec1
ぷろせつさあ,ぷ,あ,0,high,gai1
こうほしや,こ,や,0,high,spec1
ちやん,ち,ん,0,high,ichi1|news1|nf01
こころがまえ,こ,え,0,high,news1|nf16
ちみつ,ち,つ,0,high,news2|nf35|spec1
こんと,こ,と,0,high,gai1
だんごう,だ,う,0,high,news1|nf05
はいじやつく,は,く,0,high,gai1
やよい,や,い,0,high,news1|nf10
しようじき,し,き,0,high,ichi1|news1|nf07
たいぎ,た,ぎ,0,high,news1|nf20
そくし,そ,し,0,high,ichi1|news2|nf36
わがまま,わ,ま,0,high,ichi1|spec1
えねるぎつしゆ,え,ゆ,0,high,gai1
せいけつ,せ,つ,0,high,ichi1|news1|nf12
あくしつ,あ,つ,0,high,ichi1|news1|nf09
しだん,し,ん,0,high,news1|nf10
しおた,し,た,0,high,news1|nf24
たいぼう,た,う,0,high,ichi1|news1|nf13
ちいさな,ち,な,0,high,spec1
さいねん,さ,ん,0,high,news1|nf17
ぎゆうどん,ぎ,ん,0,high,spec1
あせる,あ,る,0,high,ichi1|news2|nf42
あいかわらず,あ,ず,0,high,ichi1|news1|nf07
ふいつていんぐ,ふ,ぐ,0,high,gai1
ごういん,ご,ん,0,high,ichi1|news1|nf08
きやぴたりずむ,き,む,0,high,gai1
めんばあ,め,あ,0,high,gai1|ichi1
ふちじ,ふ,じ,0,high,news1|nf22
さんみやく,さ,く,0,high,ichi1|news1|nf17
ひさん,ひ,ん,0,high,ichi1|news1|nf10
きやびねつと,き,と,0,high,gai1
きようしよくいん,き,ん,0,high,news1|nf10
しんでん,し,ん,0,high,news1|nf18|nf22
せぞん,せ,ん,0,high,gai1
ふくみ,ふ,み,0,high,news1|nf06
じゆぎようさんかん,じ,ん,0,high,spec1
げんしゆ,げ,ゆ,0,high,ichi1|news1|news2|nf05|nf29
きどう,き,う,0,high,ichi1|news1|news2|nf05|nf08|nf43|spec1
ろうねん,ろ,ん,0,high,news1|nf16
よだん,よ,ん,0,high,ichi1|news1|news2|nf10|nf46
ぶつか,ぶ,か,0,high,ichi1|news1|nf03
うけおい,う,い,0,high,news1|news2|nf21|nf45
みこん,み,ん,0,high,ichi1|news1|nf13
こんてんぽらりい,こ,い,0,high,gai1
まんにん,ま,ん,0,high,ichi1
むしん,む,ん,0,high,ichi1|news2|nf34
いちやく,い,く,0,high,news1|nf12
れんじやあ,れ,あ,0,high,gai1
かける,か,る,0,high,ichi1|news1|news2|nf14|nf20|nf23|nf41
ないといけない,な,い,0,high,spec1
ぼれい,ぼ,い,0,high,spec1
ふかまる,ふ,る,0,high,ichi1|news1|nf16
ここく,こ,く,0,high,news1|nf22
すとつぷ,す,ぷ,0,high,gai1|ichi1
きやびん,き,ん,0,high,gai1
さんるいだ,さ,だ,0,high,news1|nf09
にがい,に,い,0,high,ichi1|news1|nf11
ひとずま,ひ,ま,0,high,news1|nf21
どこまでも,ど,も,0,high,spec1
かるてつと,か,と,0,high,gai1
ごうせいせんざい,ご,い,0,high,news1|nf22
とくとく,と,く,0,high,spec1
ばいたい,ば,い,0,high,ichi1|news1|nf15
ききがき,き,き,0,high,news1|nf19
おりえんてえりんぐ,お,ぐ,0,high,gai1
しないのではないか,し,か,0,high,spec1
きゆうくつ,き,つ,0,high,ichi1|news1|nf22
きのみ,き,み,0,high,news1|nf23
ひようだい,ひ,い,0,high,news1|news2|nf17|nf47|spec1
うらなう,う,う,0,high,ichi1|news2|nf28
ほうしよう,ほ,う,0,high,news1|nf05
いやいや,い,や,0,high,ichi1
もぎしけん,も,ん,0,high,ichi1
おおでいしよん,お,ん,0,high,gai1
かけら,か,ら,0,high,ichi1
ちりよう,ち,う,0,high,ichi1|news1|nf02
こもじ,こ,じ,0,high,ichi1|news2|nf45
しあさつて,し,て,0,high,ichi1
かつじ,か,じ,0,high,ichi1|news1|nf10
おそらく,お,く,0,high,ichi1|news1|nf15
じようじやく,じ,く,0,high,news1|nf21
ぷれえ,ぷ,え,0,high,gai1
いぞん,い,ん,0,high,news1|nf06
まわし,ま,し,0,high,news1|nf12
じんどう,じ,う,0,high,news1|nf06
ゆうびん,ゆ,ん,0,high,ichi1|news1|nf04
かんせつぜい,か,い,0,high,news1|nf13
ともえ,と,え,0,high,news1|nf18
こんしゆうまあ,こ,あ,0,high,gai1
おうごんじだい,お,い,0,high,news1|nf21
かさ,か,さ,0,high,ichi1|news1|nf11|nf24
あふたぬうん,あ,ん,0,high,gai1
なずらえる,な,る,0,high,ichi1
えばあ,え,あ,0,high,gai1
はなざかり,は,り,0,high,news1|nf23
えんしゆつか,え,か,0,high,news1|nf10
ひらきなおる,ひ,る,0,high,news1|nf24
いざこざ,い,ざ,0,high,ichi1
はくさい,は,い,0,high,ichi1|news2|nf30
ぞういん,ぞ,ん,0,high,news1|nf14
かざんばい,か,い,0,high,news1|nf14
でゆえつと,で,と,0,high,gai1
ひろしま,ひ,ま,0,high,spec1
ぺすと,ぺ,と,0,high,gai1
きがる,き,る,0,high,ichi1|news1|nf10
げひん,げ,ん,0,high,ichi1|news2|nf33
きしかいせい,き,い,0,high,news1|nf22
はついく,は,く,0,high,ichi1|news1|nf23
やばい,や,い,0,high,spec1
しよぐう,し,う,0,high,news1|nf11
すくうる,す,る,0,high,gai1|ichi1
いれる,い,る,0,high,ichi1
とだえる,と,る,0,high,ichi1|news2|nf26
すいりよう,す,う,0,high,ichi1|news1|nf19
なくちやいけない,な,い,0,high,spec1
ぴけ,ぴ,け,0,high,gai1
わかれる,わ,る,0,high,ichi1|news1|nf10|nf23
しえん,し,ん,0,high,ichi1|news1|nf01
うれる,う,る,0,high,ichi1
くちよう,く,う,0,high,news1|nf08
しようぎ,し,ぎ,0,high,ichi1|news1|nf05
こんぱにおん,こ,ん,0,high,gai1
ぼんやり,ぼ,り,0,high,ichi1
あはれ,あ,れ,0,high,ichi1|news2|nf34
うろつく,う,く,0,high,ichi1
よみかき,よ,き,0,high,ichi1|news1|nf24
しようさい,し,い,0,high,ichi1|news1|nf09
さくぶん,さ,ん,0,high,ichi1|news1|nf09
はう,は,う,0,high,gai1|ichi1
すこつぷ,す,ぷ,0,high,gai1
うけおう,う,う,0,high,news1|nf17
ざつ,ざ,つ,0,high,ichi1|news2|nf33
とういつ,と,つ,0,high,ichi1|news1|nf01
ごらく,ご,く,0,high,ichi1|news1|nf09
たいしよ,た,よ,0,high,ichi1|news1|nf10
りぽおたあ,り,あ,0,high,gai1
ちゆうにゆう,ち,う,0,high,news1|nf24
もくとう,も,う,0,high,news1|nf22
せいしき,せ,き,0,high,ichi1|news1|nf02
さいむ,さ,む,0,high,news1|nf03
ぼうはてい,ぼ,い,0,high,news1|nf24
たびだつ,た,つ,0,high,ichi1|news1|nf24
かぶぬし,か,し,0,high,ichi1|news1|nf03
なまなましい,な,い,0,high,news1|nf20
そうべつかい,そ,い,0,high,ichi1
ちゆうこう,ち,う,0,high,news1|nf16
すれすれ,す,れ,0,high,ichi1
じよおく,じ,く,0,high,gai1
こちこち,こ,ち,0,high,ichi1
やく,や,く,0,high,ichi1|news1|news2|nf04|nf14|nf34
あんぜんほしよう,あ,う,0,high,news1|nf02
ふんしや,ふ,や,0,high,news1|nf23
いくどうおん,い,ん,0,high,news1|nf23
のすたるじつく,の,く,0,high,gai1
まつきてき,ま,き,0,high,ichi1
めるしい,め,い,0,high,gai1
さくしゆう,さ,う,0,high,news1|nf06
よびみず,よ,ず,0,high,news1|nf23
じつむ,じ,む,0,high,news1|nf05
こうかてき,こ,き,0,high,news1|nf07
くろす,く,す,0,high,gai1
じやんきい,じ,い,0,high,gai1
みんぺい,み,い,0,high,news1|nf12
けつさいほうほう,け,う,0,high,spec1
かくする,か,る,0,high,ichi1|news2|nf29
めんきよしよう,め,う,0,high,ichi1
あしぶみ,あ,み,0,high,ichi1|news1|nf17
ずうむれんず,ず,ず,0,high,gai1
ふたしか,ふ,か,0,high,ichi1|news2|nf33
めいど,め,ど,0,high,spec1
おんぱれえど,お,ど,0,high,gai1
あてはまる,あ,る,0,high,ichi1
わいや,わ,や,0,high,gai1
はつでんしよ,は,よ,0,high,ichi1|news1|nf06
さがしもの,さ,の,0,high,spec1
しんく,し,く,0,high,gai1
りん,り,ん,0,high,ichi1|news1|nf09|nf13
ふめい,ふ,い,0,high,ichi1|news1|nf02
せいせき,せ,き,0,high,ichi1|news1|nf03
ぐたいか,ぐ,か,0,high,news1|nf11
すいぶん,す,ん,0,high,ichi1|news1|nf11
どんどん,ど,ん,0,high,ichi1
せんたあ,せ,あ,0,high,gai1|ichi1
にちや,に,や,0,high,news1|nf03
にど,に,ど,0,high,news1|nf05
とらいある,と,る,0,high,gai1
ほつきにん,ほ,ん,0,high,ichi1|news1|nf13
おちゆうげん,お,ん,0,high,ichi1
ろぜ,ろ,ぜ,0,high,gai1
ていおん,て,ん,0,high,ichi1|news1|news2|nf14|nf26
じが,じ,が,0,high,ichi1|news1|nf23
ねあがり,ね,り,0,high,ichi1|news1|nf12
がつこうほうじん,が,ん,0,high,news1|nf18
はいけい,は,い,0,high,ichi1|news1|news2|nf01|nf41
しぼる,し,る,0,high,ichi1|news1|nf12
ちよしよ,ち,よ,0,high,ichi1|news1|nf04
おくびよう,お,う,0,high,ichi1
おぞん,お,ん,0,high,gai1
にゆうもん,に,ん,0,high,ichi1|news1|nf10
まじり,ま,り,0,high,news1|nf23
ふらすとれえしよん,ふ,ん,0,high,gai1
そうおん,そ,ん,0,high,ichi1|news1|nf06
くだもの,く,の,0,high,ichi1|news1|nf09
まんのう,ま,う,0,high,ichi1|news1|nf15
いれかえ,い,え,0,high,news1|nf16
すたいる,す,る,0,high,gai1|ichi1
びいか,び,か,0,high,gai1
しようきよ,し,よ,0,high,news2|nf30|spec1
よくそう,よ,う,0,high,ichi1|news1|nf17
ぶりき,ぶ,き,0,high,gai1
かいおうせい,か,い,0,high,spec1
まえ,ま,え,0,high,ichi1
びすたかあ,び,あ,0,high,gai1
とまと,と,と,0,high,gai1|ichi1
ぼおからあ,ぼ,あ,0,high,gai1
ぱごだ,ぱ,だ,0,high,gai1
なかよし,な,し,0,high,ichi1|news1|nf24
なかまいり,な,り,0,high,news1|nf20
かりすま,か,ま,0,high,gai1
ぶれえん,ぶ,ん,0,high,gai1
えつねん,え,ん,0,high,news1|nf16
ふくめる,ふ,る,0,high,ichi1
きをつける,き,る,0,high,ichi1|spec1
ろくおん,ろ,ん,0,high,ichi1|news1|nf09
ふくじゆう,ふ,う,0,high,ichi1|news2|nf31
ほくろ,ほ,ろ,0,high,ichi1
ほわいとからあ,ほ,あ,0,high,gai1
ぶんかかい,ぶ,い,0,high,news1|nf09
そだてる,そ,る,0,high,ichi1
はなびたいかい,は,い,0,high,spec1
はあどでいすく,は,く,0,high,gai1
あくじゆんかん,あ,ん,0,high,ichi1|news1|nf14
うる,う,る,0,high,ichi1|news1|news2|nf08|nf25
せだん,せ,ん,0,high,gai1
きゆうらい,き,い,0,high,news1|nf17
かかえ,か,え,0,high,news1|nf23
あしおと,あ,と,0,high,ichi1|news1|nf22
りんか,り,か,0,high,ichi1|news1|nf19
べんごにん,べ,ん,0,high,news1|nf13
かえす,か,す,0,high,ichi1|news1|news2|nf18|nf20|nf45
くれえぷ,く,ぷ,0,high,gai1
じかんわり,じ,り,0,high,ichi1|news2|nf30
はやね,は,ね,0,high,ichi1|news2|nf45
おぺれつた,お,た,0,high,gai1
あそびば,あ,ば,0,high,news1|nf22
きりかえ,き,え,0,high,news1|nf11
ちらばる,ち,る,0,high,ichi1|news2|nf43
しのぶ,し,ぶ,0,high,ichi1|news2|nf33|nf38|spec1
かぎよう,か,う,0,high,news1|nf19
だいひようてき,だ,き,0,high,news1|nf12
せいぶ,せ,ぶ,0,high,ichi1|news1|nf06
がつこうめい,が,い,0,high,spec1
ぞうし,ぞ,し,0,high,news1|nf11
やきにく,や,く,0,high,ichi1|news1|nf21
せつき,せ,き,0,high,news1|nf14|nf18
しよしき,し,き,0,high,news2|nf27|spec1
ひい,ひ,い,0,high,spec1
ねすと,ね,と,0,high,gai1
おとつい,お,い,0,high,ichi1|news2|nf40
そんざい,そ,い,0,high,ichi1|news1|nf02
ごみ,ご,み,0,high,ichi1|news2|nf36|spec1
ふしんせつ,ふ,つ,0,high,ichi1|news2|nf42
すると,す,と,0,high,ichi1
あわ,あ,わ,0,high,ichi1|news1|nf13
すぱむ,す,む,0,high,spec1
はんがあ,は,あ,0,high,gai1
こんにゆう,こ,う,0,high,news1|nf22
ふへん,ふ,ん,0,high,ichi1|news1|nf14|nf19
ちからずよい,ち,い,0,high,ichi1|news1|nf14
しよくばい,し,い,0,high,news1|nf22
うけとり,う,り,0,high,ichi1|news1|nf14
みぎうで,み,で,0,high,news1|nf11
けつしゆう,け,う,0,high,news1|nf07
くらべる,く,る,0,high,ichi1|news1|nf02
りゆうと,り,と,0,high,gai1
たいせい,た,い,0,high,ichi1|news1|nf01|nf03|nf19|nf20|nf22
きんだい,き,い,0,high,ichi1|news1|nf03
おのおの,お,の,0,high,ichi1|news2|nf37
よつか,よ,か,0,high,ichi1|spec1
とぼしい,と,い,0,high,ichi1|news2|nf32
たいする,た,る,0,high,ichi1|news2|nf33
にんてい,に,い,0,high,news1|nf04
がくしや,が,や,0,high,ichi1|news1|nf03
ひつきようぐ,ひ,ぐ,0,high,ichi1
およぼす,お,す,0,high,ichi1|news2|nf31
かんせんしよう,か,う,0,high,news1|nf13
あつつあつ,あ,つ,0,high,spec1
いやがらせ,い,せ,0,high,news1|nf15
われ,わ,れ,0,high,news1|nf14
いましめ,い,め,0,high,ichi1|news2|nf31
どぶ,ど,ぶ,0,high,ichi1|spec1
かごうぶつ,か,つ,0,high,news1|nf17
ふせいりつ,ふ,つ,0,high,news1|nf17
むけ,む,け,0,high,ichi1
こうぞく,こ,く,0,high,news1|nf11|nf17
きんじよ,き,よ,0,high,ichi1|news1|nf06
じよせいてき,じ,き,0,high,ichi1|news2|nf42
いげ,い,げ,0,high,ichi1|news1|nf04
しんがつき,し,き,0,high,ichi1
きれえい,き,い,0,high,ichi1
べえかりい,べ,い,0,high,gai1
はくがく,は,く,0,high,ichi1
かかわる,か,る,0,high,ichi1
ぼおるぺん,ぼ,ん,0,high,gai1|ichi1
ええじえんと,え,と,0,high,gai1
ちゆうけい,ち,い,0,high,ichi1|news1|nf05
あらわす,あ,す,0,high,ichi1|news2|nf36|nf46
かずすくない,か,い,0,high,spec1
ゆう,ゆ,う,0,high,gai1|ichi1|news1|news2|nf01|nf02|nf03|nf43|spec1
ことごとく,こ,く,0,high,ichi1
よそいき,よ,き,0,high,ichi1
てだて,て,て,0,high,news1|nf21
にげだす,に,す,0,high,ichi1|news2|nf29
おもで,お,で,0,high,ichi1|news1|nf07
しひよう,し,う,0,high,news1|nf05
かぜあな,か,な,0,high,news1|nf19
ひりよう,ひ,う,0,high,ichi1|news1|nf12
げきじよう,げ,う,0,high,ichi1|news1|nf02
そうぞう,そ,う,0,high,ichi1|news1|nf07
あらいもん,あ,ん,0,high,ichi1|news2|nf45
ゆういつ,ゆ,つ,0,high,ichi1|news1|nf03
えんこつ,え,つ,0,high,ichi1|news1|nf10
かんそう,か,う,0,high,ichi1|news1|nf04|nf12|nf22
だいなみつく,だ,く,0,high,gai1
きゆうきゆうばこ,き,こ,0,high,spec1
がつと,が,と,0,high,gai1
びす,び,す,0,high,gai1
ぐりいんぴいす,ぐ,す,0,high,gai1
ほうれんそう,ほ,う,0,high,ichi1
くにうど,く,ど,0,high,news1|nf09
えんぜつ,え,つ,0,high,ichi1|news1|nf02
つずり,つ,り,0,high,ichi1|news1|nf23
しやめん,し,ん,0,high,ichi1|news1|nf09
てすとけえす,て,す,0,high,gai1
しゆたる,し,る,0,high,news1|nf21
おりじなる,お,る,0,high,gai1
ぴゆあ,ぴ,あ,0,high,gai1
きよえいしん,き,ん,0,high,ichi1
わざわざ,わ,ざ,0,high,ichi1
いしがみ,い,み,0,high,news1|nf14
すぴいど,す,ど,0,high,gai1|ichi1
わんぼつくすかあ,わ,あ,0,high,gai1
にあつては,に,は,0,high,spec1
なんです,な,す,0,high,spec1
ろふと,ろ,と,0,high,gai1
うみだす,う,す,0,high,ichi1|news1|nf21
いつも,い,も,0,high,ichi1
あしがかり,あ,り,0,high,news1|nf19
しよ,し,よ,0,high,ichi1
みつつ,み,つ,0,high,ichi1|news1|nf03
のおひつとのおらんげえむ,の,む,0,high,gai1
こみつく,こ,く,0,high,gai1
いつしよう,い,う,0,high,ichi1|news1|nf06
だいず,だ,ず,0,high,ichi1|news1|nf13
ちゆうかん,ち,ん,0,high,ichi1|news1|nf02|nf08
だいいつせん,だ,ん,0,high,news1|nf12
ぜいかん,ぜ,ん,0,high,ichi1|news1|nf11
ふいふていいふいふていい,ふ,い,0,high,gai1
しんろう,し,う,0,high,news1|nf22
ぶんつう,ぶ,う,0,high,ichi1|news2|nf25
やつきよく,や,く,0,high,ichi1|news1|nf16
なつとく,な,く,0,high,ichi1|news1|nf09
ししや,し,や,0,high,ichi1|news1|nf03|nf08|nf19|nf21
さまよう,さ,う,0,high,ichi1
へんちよ,へ,よ,0,high,news1|nf22
いんたあん,い,ん,0,high,gai1
うえつと,う,と,0,high,gai1
ちけい,ち,い,0,high,ichi1|news1|nf14
やもめ,や,め,0,high,ichi1|news2|nf44
しがい,し,い,0,high,ichi1|news1|nf10|nf19
とうえい,と,い,0,high,ichi1|news2|nf40
いいかげんにしろ,い,ろ,0,high,spec1
かけざん,か,ん,0,high,ichi1
ぞうせい,ぞ,い,0,high,news1|nf11
じやないか,じ,か,0,high,spec1
おおやしろ,お,ろ,0,high,news1|nf23
とりにとろとるえん,と,ん,0,high,gai1
どろ,ど,ろ,0,high,ichi1|news1|nf10
こころみる,こ,る,0,high,ichi1|news2|nf26
げえと,げ,と,0,high,gai1
おんけん,お,ん,0,high,ichi1|news1|nf09
せつたい,せ,い,0,high,ichi1|news1|nf10
もちいふ,も,ふ,0,high,gai1
たはたけ,た,け,0,high,ichi1|news1|nf16
かいがら,か,ら,0,high,ichi1|news2|nf30|spec2
ろんじや,ろ,や,0,high,news1|nf10
こうしき,こ,き,0,high,ichi1|news1|nf02|nf24
れとると,れ,と,0,high,gai1
わあすと,わ,と,0,high,gai1
くるくる,く,る,0,high,ichi1
もつていく,も,く,0,high,ichi1|spec1
しんずる,し,る,0,high,ichi1|news2|nf30
びゆつふえ,び,え,0,high,gai1
ひがん,ひ,ん,0,high,ichi1|news1|nf11|nf24
みりぐらむ,み,む,0,high,gai1
がつぴ,が,ぴ,0,high,ichi1
ばいおてくのろじい,ば,い,0,high,gai1
ぼち,ぼ,ち,0,high,ichi1|news1|nf08
まねく,ま,く,0,high,ichi1
そうりようじ,そ,じ,0,high,news1|nf12
でんごん,で,ん,0,high,ichi1|news1|nf17
そうかがつかい,そ,い,0,high,news1|nf09
のうりよく,の,く,0,high,ichi1|news1|nf02
びくとりあ,び,あ,0,high,gai1
せろはんてえぷ,せ,ぷ,0,high,gai1
ぶんかじん,ぶ,ん,0,high,news1|nf14
いしつ,い,つ,0,high,news1|nf11
いちおう,い,う,0,high,ichi1|news1|nf09
とりさげ,と,げ,0,high,news1|nf18
たかくてき,た,き,0,high,news1|nf13
りつぽう,り,う,0,high,ichi1|news1|nf04
はわい,は,い,0,high,gai1
ふいなかつぷ,ふ,ぷ,0,high,gai1
はそん,は,ん,0,high,ichi1|news1|nf20
もでる,も,る,0,high,gai1|ichi1
たべる,た,る,0,high,ichi1|news2|nf25
かなあみ,か,み,0,high,news1|nf22
ちゆうがくせい,ち,い,0,high,ichi1|news1|nf03
かんのん,か,ん,0,high,news1|nf18
かおだち,か,ち,0,high,ichi1|news2|nf30
せんぱい,せ,い,0,high,ichi1|news1|nf05
あそび,あ,び,0,high,ichi1|news1|nf04
いささか,い,か,0,high,ichi1
けいしよう,け,う,0,high,ichi1|news1|nf06|nf09|nf15
たかく,た,く,0,high,ichi1|news1|nf03
たいぷ,た,ぷ,0,high,gai1|ichi1
しよくえん,し,ん,0,high,news1|nf19
ほけつ,ほ,つ,0,high,ichi1|news1|nf13
ようき,よ,き,0,high,ichi1|news1|nf07|nf21
きのむくままに,き,に,0,high,spec1
じれいしゆう,じ,う,0,high,spec1
こころをこめて,こ,て,0,high,spec1
つういん,つ,ん,0,high,news1|nf19
さがしまわる,さ,る,0,high,ichi1|news2|nf18
ありえない,あ,い,0,high,spec1
じようもん,じ,ん,0,high,news1|nf11
うえした,う,た,0,high,ichi1
ぽじしよん,ぽ,ん,0,high,gai1
だいいつぽ,だ,ぽ,0,high,news1|nf07
こうやく,こ,く,0,high,ichi1|news1|nf05
ぐらす,ぐ,す,0,high,gai1|ichi1
せいかく,せ,く,0,high,ichi1|news1|nf03|nf21
からむ,か,む,0,high,ichi1|news2|nf31
ぬうぼお,ぬ,お,0,high,gai1
かど,か,ど,0,high,ichi1|news1|nf06|nf11
わりびく,わ,く,0,high,ichi1
ちち,ち,ち,0,high,ichi1|news1|nf01|nf09|nf23
ていらく,て,く,0,high,news1|nf18
らばとりい,ら,い,0,high,gai1
たいいく,た,く,0,high,ichi1|news1|nf03
たいめ,た,め,0,high,news1|nf14
ぱいなつぷる,ぱ,る,0,high,gai1|ichi1
はさま,は,ま,0,high,news2|nf33|spec1
うみのおや,う,や,0,high,news1|nf19
なかま,な,ま,0,high,ichi1|news1|nf02
ぴえろ,ぴ,ろ,0,high,gai1
むぞうさ,む,さ,0,high,ichi1|news1|nf24
かいはつとじようこく,か,く,0,high,spec1
ていりゆう,て,う,0,high,news1|nf16
はへん,は,ん,0,high,ichi1|news1|nf12
こくさいか,こ,か,0,high,ichi1|news1|nf06
すりらあ,す,あ,0,high,gai1
いすらむ,い,む,0,high,gai1
ぼうさい,ぼ,い,0,high,ichi1|news1|nf06
くいいん,く,ん,0,high,gai1
ばうむくうへん,ば,ん,0,high,gai1
かんこうへん,か,ん,0,high,news1|nf18
うりば,う,ば,0,high,ichi1|news1|nf06
どのくらい,ど,い,0,high,ichi1|spec1
もうふ,も,ふ,0,high,ichi1|news1|nf13
けがわ,け,わ,0,high,ichi1|news1|nf14
きやつしんぐ,き,ぐ,0,high,gai1
おばあさん,お,ん,0,high,ichi1
まいかい,ま,い,0,high,news1|nf08
まつさき,ま,き,0,high,ichi1|news1|nf14
ひやす,ひ,す,0,high,ichi1|news1|nf24
こうはく,こ,く,0,high,ichi1|news1|nf12
こうぶん,こ,ん,0,high,news1|nf18
かいすうけん,か,ん,0,high,ichi1|news2|nf26
としとつた,と,た,0,high,ichi1
すかうと,す,と,0,high,gai1
しどうしや,し,や,0,high,spec1
どうめい,ど,い,0,high,ichi1|news1|nf02|nf15
さだめ,さ,め,0,high,ichi1|news1|nf07
ふだ,ふ,だ,0,high,ichi1|news1|nf05
しよめん,し,ん,0,high,news1|nf13
おうい,お,い,0,high,news1|nf18
だつい,だ,い,0,high,ichi1|news2|nf46
ろまん,ろ,ん,0,high,gai1
したく,し,く,0,high,ichi1|news1|nf15
れんそう,れ,う,0,high,ichi1|news2|nf28
けつだん,け,ん,0,high,ichi1|news1|nf03
ちかじか,ち,か,0,high,news1|nf22
ぎるど,ぎ,ど,0,high,gai1
けんぼう,け,う,0,high,ichi1|news1|nf01
きやすていんぐ,き,ぐ,0,high,gai1
じゆうしまい,じ,い,0,high,spec1
おうじる,お,る,0,high,ichi1|news1|nf06
みちる,み,る,0,high,ichi1|news2|nf26
じよいんと,じ,と,0,high,gai1
ざいきよう,ざ,う,0,high,news1|nf13
うぶだし,う,し,0,high,news1|nf13
ちよくえい,ち,い,0,high,news1|nf17
こく,こ,く,0,high,news1|nf03|nf16|nf22
ほうどう,ほ,う,0,high,ichi1|news1|nf01
げいいん,げ,ん,0,high,ichi1|news1|nf01
ひとり,ひ,り,0,high,ichi1|news1|nf02|nf16|spec1
りよくしよく,り,く,0,high,ichi1|news1|nf14
しるくろおど,し,ど,0,high,gai1
しゆうきよう,し,う,0,high,ichi1|news1|nf02
めがへるつ,め,つ,0,high,gai1
ぷらすちつく,ぷ,く,0,high,gai1|ichi1
そなた,そ,た,0,high,gai1
やぐ,や,ぐ,0,high,ichi1
だいどうみやく,だ,く,0,high,news1|nf21
えいきゆう,え,う,0,high,ichi1|news1|nf11
つたら,つ,ら,0,high,spec1
ありさま,あ,ま,0,high,ichi1|news1|nf23
とらんすぽんだあ,と,あ,0,high,gai1
ざんぱい,ざ,い,0,high,ichi1|news1|nf14
つう,つ,う,0,high,news1|nf21
そしたら,そ,ら,0,high,spec1
あんのじよう,あ,う,0,high,ichi1|news2|nf26
けんそん,け,ん,0,high,ichi1
ふさい,ふ,い,0,high,ichi1|news1|nf04|nf07
へんぼう,へ,う,0,high,ichi1|news2|nf29
しよどう,し,う,0,high,ichi1|news1|nf07
うさぎ,う,ぎ,0,high,ichi1|news2|nf32
けつこんあいて,け,て,0,high,spec1
ないしよう,な,う,0,high,ichi1
りよく,り,く,0,high,ichi1
しんさ,し,さ,0,high,news1|nf02
むちや,む,や,0,high,ichi1|news2|nf42
てつぺん,て,ん,0,high,ichi1
ひかん,ひ,ん,0,high,ichi1|news1|nf08
にひやくはつか,に,か,0,high,news1|nf17
さかずき,さ,き,0,high,ichi1|news1|nf23
かくり,か,り,0,high,news1|nf11
りよくか,り,か,0,high,news1|nf15
ございます,ご,す,0,high,spec1
つい,つ,い,0,high,ichi1
でむかえ,で,え,0,high,ichi1|news1|nf19
ましろ,ま,ろ,0,high,ichi1|news1|nf15
したまち,し,ち,0,high,ichi1|news1|nf10
とうらい,と,い,0,high,ichi1|news1|nf10
そんなに,そ,に,0,high,spec1
あんどろいど,あ,ど,0,high,gai1
るいじあな,る,な,0,high,gai1
かんぜん,か,ん,0,high,ichi1|news1|nf04
もりつけ,も,け,0,high,spec1
しよくぶつえん,し,ん,0,high,ichi1|news1|nf17
じゆうい,じ,い,0,high,news1|nf13
はら,は,ら,0,high,ichi1|news1|nf05
けぶい,け,い,0,high,ichi1
とくさく,と,く,0,high,news1|nf15
げねつ,げ,つ,0,high,ichi1|news2|nf44
せれくと,せ,と,0,high,gai1
しつぷ,し,ぷ,0,high,gai1
いぶにんぐ,い,ぐ,0,high,gai1
こうせいせき,こ,き,0,high,news1|nf17
たぐ,た,ぐ,0,high,gai1
はやせ,は,せ,0,high,news1|nf24
ここじん,こ,ん,0,high,news1|nf22
ぶんみやく,ぶ,く,0,high,ichi1|news1|nf20
すむ,す,む,0,high,ichi1|news2|nf38|nf39|nf47
たいとく,た,く,0,high,ichi1|news2|nf30
ひんし,ひ,し,0,high,ichi1
かつ,か,つ,0,high,gai1|ichi1|news2|nf28|spec1
せいじやく,せ,く,0,high,ichi1|news2|nf27
ゆとり,ゆ,り,0,high,ichi1
まかだむ,ま,む,0,high,gai1
せんじん,せ,ん,0,high,news1|nf21|nf24
やきそば,や,ば,0,high,ichi1|news2|nf31
あかでみいしよう,あ,う,0,high,spec1
ひとりごと,ひ,と,0,high,ichi1|news2|nf32|spec1
こんぽ,こ,ぽ,0,high,gai1
かいつう,か,う,0,high,news1|nf14
さいばん,さ,ん,0,high,ichi1|news1|nf01
やくしよく,や,く,0,high,news1|nf12
けど,け,ど,0,high,spec1
たつとぶ,た,ぶ,0,high,ichi1
かわばた,か,た,0,high,news1|nf14
そんな,そ,な,0,high,ichi1
こころいき,こ,き,0,high,news1|nf22
わるさ,わ,さ,0,high,news1|nf12
りこしゆぎ,り,ぎ,0,high,ichi1|news2|nf40
ちやねる,ち,る,0,high,gai1
かざり,か,り,0,high,ichi1|news1|nf11
にじゆうろくにち,に,ち,0,high,spec1
さいき,さ,き,0,high,ichi1|news1|nf20
ふとくい,ふ,い,0,high,ichi1|news2|nf35
にわとり,に,り,0,high,ichi1|news1|nf14
うらずける,う,る,0,high,news2|nf46|spec1
せかいぎんこう,せ,う,0,high,news1|nf10
らんなあ,ら,あ,0,high,gai1
だいやく,だ,く,0,high,news1|nf21
とうしゆせん,と,ん,0,high,news1|nf24
こしつ,こ,つ,0,high,ichi1|news1|news2|nf14|nf46
かんたん,か,ん,0,high,ichi1|news1|news2|nf02|nf36
みらい,み,い,0,high,ichi1|news1|nf04
ぷれえやあ,ぷ,あ,0,high,gai1
はつたいめん,は,ん,0,high,news1|nf21
こたえ,こ,え,0,high,ichi1|news1|nf04
ぴつと,ぴ,と,0,high,gai1
れいせい,れ,い,0,high,ichi1|news1|nf05
しんばし,し,し,0,high,news1|nf10
かきあげる,か,る,0,high,news1|nf24
きゆうせいちよう,き,う,0,high,news1|nf16
さらう,さ,う,0,high,ichi1
ほんいんぼう,ほ,う,0,high,news1|nf06
おうちやく,お,く,0,high,ichi1
ついてゆく,つ,く,0,high,spec1
じゆんび,じ,び,0,high,ichi1|news1|nf02
としがす,と,す,0,high,ichi1
ふつご,ふ,ご,0,high,news1|nf16
さにたりい,さ,い,0,high,gai1
けいざいきかくちよう,け,う,0,high,news1|nf07
みんしゆ,み,ゆ,0,high,ichi1|news1|nf01
ばあすと,ば,と,0,high,gai1
なちゆらりすと,な,と,0,high,gai1
くいさがる,く,る,0,high,ichi1|news2|nf28
はんざい,は,い,0,high,ichi1|news1|nf03
しやくしよ,し,よ,0,high,ichi1|news1|nf10
こうさくいん,こ,ん,0,high,news1|nf19
ひんめい,ひ,い,0,high,ichi1|news2|nf25
はくあい,は,い,0,high,ichi1|news2|nf32
こほん,こ,ん,0,high,ichi1|news1|nf19
くしゆう,く,う,0,high,news1|nf13
ぎやくてん,ぎ,ん,0,high,news1|nf03
くばりもの,く,の,0,high,news1|nf17
さいわいです,さ,す,0,high,spec1
こしかけ,こ,け,0,high,ichi1|news2|nf37
みまい,み,い,0,high,ichi1|news1|nf11
おたんじようび,お,び,0,high,spec1
けんお,け,お,0,high,ichi1|news1|nf23
きゆうしゆつ,き,つ,0,high,news1|nf10
でもんすとれえしよん,で,ん,0,high,gai1
つな,つ,な,0,high,gai1|ichi1|news1|nf11
そうゆう,そ,う,0,high,spec1
れいえん,れ,ん,0,high,news1|nf19
じじつむこん,じ,ん,0,high,news1|nf18
のんき,の,き,0,high,ichi1
むすびつく,む,く,0,high,news1|nf23
しよほ,し,ほ,0,high,ichi1|news1|nf22
こつかい,こ,い,0,high,ichi1|news1|nf01|nf12
けつき,け,き,0,high,news1|nf13
とりけす,と,す,0,high,ichi1|news1|nf23
ぷつしゆ,ぷ,ゆ,0,high,gai1
ひようめい,ひ,い,0,high,news1|nf03
かいはつ,か,つ,0,high,ichi1|news1|nf01
おわりね,お,ね,0,high,news1|nf04
くらいみんぐ,く,ぐ,0,high,gai1
こわす,こ,す,0,high,ichi1|news1|nf19
とくれい,と,い,0,high,news1|nf05
がそりんすたんど,が,ど,0,high,gai1|ichi1
しゆつしや,し,や,0,high,news2|nf32|spec1
りんご,り,ご,0,high,ichi1|news2|nf38
じひつ,じ,つ,0,high,news1|nf21
うんざり,う,り,0,high,spec1
ほり,ほ,り,0,high,ichi1|news1|nf07
があるふれんど,が,ど,0,high,ichi1
こどものころ,こ,ろ,0,high,spec1
たいぐう,た,う,0,high,ichi1|news1|nf06
わりこみ,わ,み,0,high,news1|nf22
きめだま,き,ま,0,high,news1|nf23
かうんと,か,と,0,high,gai1
ちひよう,ち,う,0,high,news1|nf14
しんまい,し,い,0,high,ichi1|news1|nf16
もうしで,も,で,0,high,news1|nf11
にがみ,に,み,0,high,ichi1
あざむく,あ,く,0,high,ichi1
てんしよく,て,く,0,high,news1|nf11
ながばなし,な,し,0,high,ichi1
じゆうしゆぎ,じ,ぎ,0,high,news1|nf13
れぽおと,れ,と,0,high,gai1|ichi1
はえ,は,え,0,high,ichi1|spec1
しゆつしん,し,ん,0,high,ichi1|news1|nf01
びくたあ,び,あ,0,high,gai1
しんりてき,し,き,0,high,spec1
ふゆやすみ,ふ,み,0,high,ichi1|news2|nf29
じこかんり,じ,り,0,high,spec1
かわく,か,く,0,high,ichi1
げんだいてき,げ,き,0,high,news1|nf18
もちあい,も,い,0,high,news1|nf23
ひすてりつく,ひ,く,0,high,gai1
びいむ,び,む,0,high,gai1
ろうさく,ろ,く,0,high,news1|nf22
はらいもどす,は,す,0,high,ichi1|news2|nf47
ぐつすり,ぐ,り,0,high,ichi1
かいもどし,か,し,0,high,news1|nf18
にのつぎ,に,ぎ,0,high,news1|nf24
こんそおしあむ,こ,む,0,high,gai1
かくりつ,か,つ,0,high,ichi1|news1|nf04|nf10
おに,お,に,0,high,ichi1|news1|nf08
すろおぷ,す,ぷ,0,high,gai1
げいにん,げ,ん,0,high,news1|nf18
かふえいん,か,ん,0,high,gai1
えれがんす,え,す,0,high,gai1
らくだい,ら,い,0,high,ichi1|news2|nf39
くすりゆび,く,び,0,high,ichi1|news2|nf38
おんこう,お,う,0,high,news1|nf24
になう,に,う,0,high,ichi1|news2|nf41
ぷれいぼおい,ぷ,い,0,high,gai1
しげる,し,る,0,high,ichi1|news2|nf41
ふあくしみり,ふ,り,0,high,gai1
れげえ,れ,え,0,high,gai1
にがつ,に,つ,0,high,news1|nf01|spec1
ぶんしよう,ぶ,う,0,high,ichi1|news1|nf05|nf07
だいがえ,だ,え,0,high,ichi1|news1|nf08
りようはんてん,り,ん,0,high,news1|nf17
じぐそおぱずる,じ,る,0,high,gai1
ぷれえおふ,ぷ,ふ,0,high,gai1
ごうとう,ご,う,0,high,ichi1|news1|nf05
たいやく,た,く,0,high,news1|nf20
ふごうり,ふ,り,0,high,ichi1|news1|nf18
あきれる,あ,る,0,high,ichi1
みなおす,み,す,0,high,ichi1|news1|nf12
せいねんだん,せ,ん,0,high,news1|nf23
にんむ,に,む,0,high,ichi1|news1|nf05
しようこ,し,こ,0,high,ichi1|news1|nf04
くういき,く,き,0,high,news1|nf13
おとなになる,お,る,0,high,spec1
けんぜん,け,ん,0,high,ichi1|news1|nf06
かつそうろ,か,ろ,0,high,ichi1
いえぬし,い,し,0,high,ichi1|news1|nf20
よわみ,よ,み,0,high,ichi1|news1|nf20
ふろあ,ふ,あ,0,high,gai1
ひだい,ひ,い,0,high,news1|nf15
らんよう,ら,う,0,high,ichi1|news1|nf11
ふた,ふ,た,0,high,ichi1|news1|news2|nf01|nf30
けつこう,け,う,0,high,ichi1|news1|nf08
ふらいと,ふ,と,0,high,gai1
ふかのう,ふ,う,0,high,ichi1|news1|nf07
たんまつ,た,つ,0,high,news1|nf12
いちまい,い,い,0,high,news1|nf06
ないまく,な,く,0,high,ichi1|news1|nf22
ねつと,ね,と,0,high,gai1
こくぐん,こ,ん,0,high,news1|nf06
つぎはぎ,つ,ぎ,0,high,ichi1
ふるい,ふ,い,0,high,ichi1|news1|nf16
ごうべん,ご,ん,0,high,news1|nf05
すとあ,す,あ,0,high,gai1
こひつじ,こ,じ,0,high,ichi1|spec1
なふさ,な,さ,0,high,gai1
やまのぼり,や,り,0,high,ichi1|news2|nf25
てとらくろろえちれん,て,ん,0,high,gai1
たいぴすと,た,と,0,high,gai1
あこがれ,あ,れ,0,high,ichi1|news2|nf43
かも,か,も,0,high,news1|nf12|spec1
きよういくいいんかい,き,い,0,high,news1|nf10
いきのこり,い,り,0,high,news1|nf09
けんきゆうけつか,け,か,0,high,spec1
おおきい,お,い,0,high,ichi1|news1|nf07
ういんたあすぽおつ,う,つ,0,high,gai1
たば,た,ば,0,high,ichi1|news1|nf18
わくちん,わ,ん,0,high,gai1
ふくろう,ふ,う,0,high,spec1
めい,め,い,0,high,ichi1|news2|nf39
てつがく,て,く,0,high,ichi1|news1|nf05
たいきん,た,ん,0,high,ichi1|news1|nf14
ばるかんらばあ,ば,あ,0,high,gai1
かぞいろは,か,は,0,high,ichi1|news1|nf06
じゆしんき,じ,き,0,high,news1|nf17
べえす,べ,す,0,high,gai1
あさひ,あ,ひ,0,high,ichi1|news1|nf05
ひつう,ひ,う,0,high,news1|nf22
はつこう,は,う,0,high,ichi1|news1|nf02|nf09|nf17|nf22
ちちゆう,ち,う,0,high,ichi1|news1|news2|nf14|nf37
いんばあたあ,い,あ,0,high,gai1
おぺ,お,ぺ,0,high,gai1
だんこう,だ,う,0,high,news1|nf05|nf14
ちゆうちよ,ち,よ,0,high,news2|nf43|spec1
ふあつしよんしよお,ふ,お,0,high,gai1
しようだく,し,く,0,high,ichi1|news1|nf12
ちようざ,ち,ざ,0,high,news1|nf17
きちがい,き,い,0,high,ichi1|spec2
うくれれ,う,れ,0,high,gai1
へざあ,へ,あ,0,high,gai1
あらて,あ,て,0,high,news1|nf23
かんぺき,か,き,0,high,ichi1
じゆうふく,じ,く,0,high,ichi1|news1|nf18
すいし,す,し,0,high,news1|nf17
ひとごみ,ひ,み,0,high,ichi2|news2|nf32|spec1
てつだう,て,う,0,high,ichi1|news2|nf46
くらすめえと,く,と,0,high,gai1|spec1
じゆり,じ,り,0,high,news1|nf23
ないそう,な,う,0,high,news1|nf14
ふあいなる,ふ,る,0,high,gai1
やちん,や,ん,0,high,ichi1|news1|nf07
おれんじいろ,お,ろ,0,high,spec1
きんよう,き,う,0,high,ichi1|news1|nf08
ねんちゆう,ね,う,0,high,ichi1|news1|nf16
おこる,お,る,0,high,ichi1|news1|nf15|nf20
せかいいち,せ,ち,0,high,news1|nf08
すといつく,す,く,0,high,gai1
ぐらんど,ぐ,ど,0,high,gai1
たいえき,た,き,0,high,news1|nf18
ばあちやん,ば,ん,0,high,spec1
こうつうきかん,こ,ん,0,high,news1|nf17
ぱあす,ぱ,す,0,high,gai1
ねぎ,ね,ぎ,0,high,ichi1
かんてい,か,い,0,high,ichi1|news1|nf02|nf07|nf15
ふあいんだあ,ふ,あ,0,high,gai1
らてん,ら,ん,0,high,gai1
ほか,ほ,か,0,high,ichi1
いなか,い,か,0,high,ichi1|news1|nf09
ちえろ,ち,ろ,0,high,gai1
かいむ,か,む,0,high,news1|nf16
でんちぎれ,で,れ,0,high,spec1
はんらく,は,く,0,high,news1|nf24
ほうがよい,ほ,い,0,high,spec1
いちじ,い,じ,0,high,ichi1|news1|nf01|nf21
ほんい,ほ,い,0,high,news1|nf09
しぼり,し,り,0,high,news1|news2|nf19|nf25
なまちゆうけい,な,い,0,high,news1|nf19
きやんべら,き,ら,0,high,gai1
びわ,び,わ,0,high,news1|nf12
ぜんぶ,ぜ,ぶ,0,high,ichi1|news1|nf03|nf22
はんえい,は,い,0,high,ichi1|news1|nf06|nf13
くとうてん,く,ん,0,high,ichi1|news2|nf44
ろうさい,ろ,い,0,high,news1|nf11
こみかる,こ,る,0,high,gai1
どくたあ,ど,あ,0,high,gai1|ichi1
ほうそう,ほ,う,0,high,ichi1|news1|nf01|nf11
じつしつてき,じ,き,0,high,news1|nf04
れきだい,れ,い,0,high,news1|nf07
いつとき,い,き,0,high,ichi1|spec1
さうすぽお,さ,お,0,high,gai1
すてき,す,き,0,high,ichi1|news1|nf15
ふくさよう,ふ,う,0,high,ichi1|news1|nf06
おそるべき,お,き,0,high,ichi1
すいぎん,す,ん,0,high,news1|nf13
りんぐ,り,ぐ,0,high,gai1
えれき,え,き,0,high,gai1
きゆうぎよう,き,う,0,high,ichi1|news1|nf07
いけない,い,い,0,high,ichi1
すうおくねん,す,ん,0,high,news1|nf15
のつとる,の,る,0,high,ichi1|news2|nf30
とうぶん,と,ん,0,high,ichi1|news1|news2|nf06|nf33
きえる,き,る,0,high,ichi1|news2|nf39
はずす,は,す,0,high,ichi1|news1|nf14
ゆうぱつく,ゆ,く,0,high,spec1
むしよう,む,う,0,high,news1|nf07
しゆうよう,し,う,0,high,ichi1|news1|nf08|nf17
でにいる,で,る,0,high,gai1
ぶうけ,ぶ,け,0,high,gai1
きどる,き,る,0,high,ichi1|news2|nf33
ぷりんと,ぷ,と,0,high,gai1|ichi1
いしばい,い,い,0,high,news1|nf23
でんどう,で,う,0,high,news1|nf15|nf18|nf19
のち,の,ち,0,high,ichi1
がそおる,が,る,0,high,gai1
なかよく,な,く,0,high,ichi1|news1|nf14
いかがく,い,く,0,high,news1|nf24
きせん,き,ん,0,high,ichi1|news2|nf30
しゆたい,し,い,0,high,ichi1|news1|nf04
ねが,ね,が,0,high,gai1
そうむぶ,そ,ぶ,0,high,news1|nf11
おおら,お,ら,0,high,gai1
なんともいえない,な,い,0,high,spec1
こせき,こ,き,0,high,ichi1|news1|nf10
ぐりる,ぐ,る,0,high,gai1
ぜねすと,ぜ,と,0,high,gai1
とらい,と,い,0,high,gai1
ていえん,て,ん,0,high,ichi1|news1|nf12
へや,へ,や,0,high,ichi1|news1|nf02
じんぐう,じ,う,0,high,news1|nf07
つまむ,つ,む,0,high,ichi1|news2|nf31
ぼおかりすと,ぼ,と,0,high,gai1
くたびれる,く,る,0,high,ichi1
ぎみ,ぎ,み,0,high,spec1
れざあ,れ,あ,0,high,gai1
やくひん,や,ん,0,high,ichi1|news1|nf10
すとりつぱあ,す,あ,0,high,gai1
にゆうろ,に,ろ,0,high,gai1
てくのくらあと,て,と,0,high,gai1
おきもの,お,の,0,high,ichi1|news2|nf27
しやれい,し,い,0,high,news1|nf08
しずまる,し,る,0,high,ichi1|news2|nf35
ずいいん,ず,ん,0,high,news1|nf20
えすてえと,え,と,0,high,gai1
あいする,あ,る,0,high,ichi1|news1|nf11
ぺいんと,ぺ,と,0,high,gai1
あいどる,あ,る,0,high,gai1|ichi1
たらたら,た,ら,0,high,ichi1
くたばる,く,る,0,high,ichi1
ひしひし,ひ,し,0,high,ichi1
だいとし,だ,し,0,high,spec1
とうちよう,と,う,0,high,news1|nf13|nf16
てれほん,て,ん,0,high,gai1
しよしんしや,し,や,0,high,news1|nf13
ふらすこ,ふ,こ,0,high,gai1
みつ,み,つ,0,high,ichi1|news1|nf03|nf24
たいびよう,た,う,0,high,news1|nf15
どらむかん,ど,ん,0,high,spec1
みにすかあと,み,と,0,high,gai1
けんえき,け,き,0,high,news1|nf18|nf23
りゆうねん,り,ん,0,high,ichi1|news2|nf27
しゆこう,し,う,0,high,news1|nf14
りようしや,り,や,0,high,ichi1|news1|nf04|nf05
ひち,ひ,ち,0,high,ichi1|news1|nf01|spec1
ふいいと,ふ,と,0,high,gai1
ふりいすたいる,ふ,る,0,high,gai1
ゆうしや,ゆ,や,0,high,news2|nf39|spec1
ぺだる,ぺ,る,0,high,gai1
きゆうきよ,き,よ,0,high,ichi1|news1|nf07
かんりしよく,か,く,0,high,news1|nf07
もうしたて,も,て,0,high,news1|nf09
ひましに,ひ,に,0,high,ichi1|news1|nf20
みずいろ,み,ろ,0,high,ichi1|news2|nf28
こうろん,こ,ん,0,high,ichi1|news1|nf18|nf20
りびじよん,り,ん,0,high,gai1
ただす,た,す,0,high,ichi1|news2|nf46
まつぷたつ,ま,つ,0,high,news1|nf21
しゆうかく,し,く,0,high,ichi1|news1|nf07
りえき,り,き,0,high,ichi1|news1|nf02
えいじゆう,え,う,0,high,news1|nf10
げいのうじん,げ,ん,0,high,ichi1
おつかれさま,お,ま,0,high,spec1
まつちぷれえ,ま,え,0,high,gai1
こくえき,こ,き,0,high,news1|nf11
げんいん,げ,ん,0,high,ichi1|news1|nf01|nf20
まだたく,ま,く,0,high,ichi1
よつと,よ,と,0,high,gai1|ichi1
あいまい,あ,い,0,high,ichi1|news2|nf35
さいしよう,さ,う,0,high,ichi1|news1|nf14|nf17|nf19
くらつしゆ,く,ゆ,0,high,gai1
おんな,お,な,0,high,ichi1|news1|nf02
おうぎ,お,ぎ,0,high,news1|nf12
しようひんめい,し,い,0,high,spec1
ふあんとむ,ふ,む,0,high,gai1
いしあたま,い,ま,0,high,ichi1
とれじやあ,と,あ,0,high,spec1
あんじゆう,あ,う,0,high,news2|nf37|spec1
ないがい,な,い,0,high,news1|nf03
しつそ,し,そ,0,high,ichi1|news2|nf42
しんぼく,し,く,0,high,ichi1
ればのん,れ,ん,0,high,gai1
しらんかお,し,お,0,high,news1|nf02
えんえん,え,ん,0,high,news2|nf31|spec1
ちよくれつ,ち,つ,0,high,ichi1|news2|nf38
くりかえす,く,す,0,high,ichi1|news1|nf09
きようこ,き,こ,0,high,news1|nf13
はれ,は,れ,0,high,ichi1|news1|nf15
かん,か,ん,0,high,ichi1|news1|nf03|nf06|nf08|nf12|nf13|nf20|spec1
ちゆうこ,ち,こ,0,high,ichi1|news1|nf11
ことにより,こ,り,0,high,spec1
ごうひ,ご,ひ,0,high,news1|nf16
かんごふ,か,ふ,0,high,ichi1|news1|nf04
えんばん,え,ん,0,high,ichi1|news1|nf22
きようとう,き,う,0,high,news1|nf11|nf15
どんよく,ど,く,0,high,ichi1
びにいる,び,る,0,high,gai1|ichi1
はいでん,は,ん,0,high,news1|nf24
おさなじみ,お,み,0,high,ichi1|news2|nf27
れいきやく,れ,く,0,high,news1|nf08
せんじよう,せ,う,0,high,ichi1|news1|nf09|nf13
ういんぐ,う,ぐ,0,high,gai1
みせいねんしや,み,や,0,high,spec1
ひきつる,ひ,る,0,high,ichi1
あぶない,あ,い,0,high,ichi1|news2|nf39
けつそく,け,く,0,high,news1|nf07
なんべい,な,い,0,high,news1|nf07
なさけぶかい,な,い,0,high,ichi1
ばんいち,ば,ち,0,high,ichi1|news1|nf16
かいじようじえいたい,か,い,0,high,news1|nf11
こうもん,こ,ん,0,high,news1|nf20
しゆやく,し,く,0,high,ichi1|news1|nf05
じほう,じ,う,0,high,ichi1|news2|nf27
ばんち,ば,ち,0,high,ichi1|news2|nf41
たいつ,た,つ,0,high,gai1
ちゆうかく,ち,く,0,high,ichi1|news1|nf06
しようちようてき,し,き,0,high,news1|nf13
らだあ,ら,あ,0,high,gai1
にくはく,に,く,0,high,news1|nf24
きゆうけい,き,い,0,high,ichi1|news1|nf08
よげん,よ,ん,0,high,ichi1|news1|nf21
うちゆう,う,う,0,high,ichi1|news1|nf02
むりし,む,し,0,high,news1|nf21
ぶんじよう,ぶ,う,0,high,news1|nf11|nf22
ねあげ,ね,げ,0,high,ichi1|news1|nf03
せるふ,せ,ふ,0,high,gai1
ぽじしよにんぐ,ぽ,ぐ,0,high,gai1
にたいする,に,る,0,high,spec1
さいこうさい,さ,い,0,high,news1|nf03
おまけ,お,け,0,high,ichi1
えん,え,ん,0,high,ichi1|news1|nf05|nf09
いろけ,い,け,0,high,news1|nf20
ほけん,ほ,ん,0,high,ichi1|news1|nf02|nf04
じやんけん,じ,ん,0,high,spec1
あやまり,あ,り,0,high,ichi1|news1|nf07
ぱいおにあ,ぱ,あ,0,high,gai1
まかなう,ま,う,0,high,ichi1|news2|nf27
じゆうさん,じ,ん,0,high,news1|nf01
おちあう,お,う,0,high,ichi1
しようすうてん,し,ん,0,high,ichi1|news2|nf39
まんびき,ま,き,0,high,ichi1|news2|nf29
どうてん,ど,ん,0,high,news1|nf04|nf09
げつや,げ,や,0,high,ichi1|news2|nf42
ふん,ふ,ん,0,high,spec1
たつじん,た,ん,0,high,news1|nf23
だす,だ,す,0,high,ichi1|news1|nf03
じもと,じ,と,0,high,ichi1|news1|nf01
らくがき,ら,き,0,high,news1|nf22
はしやぐ,は,ぐ,0,high,ichi1
えらぶ,え,ぶ,0,high,ichi1|news1|nf02
べえとおぶえん,べ,ん,0,high,gai1
しよきゆう,し,う,0,high,ichi1|news1|nf12|nf24
りんこく,り,く,0,high,news1|nf09
ゆうり,ゆ,り,0,high,ichi1|news1|nf04
もだん,も,ん,0,high,gai1|ichi1
ぼくら,ぼ,ら,0,high,spec1
たんじようび,た,び,0,high,ichi1
もくじ,も,じ,0,high,ichi1|news2|nf30
めえた,め,た,0,high,gai1
ざつおん,ざ,ん,0,high,ichi1|news1|nf20
ぶつりてき,ぶ,き,0,high,spec1
ごうほうてき,ご,き,0,high,news1|nf15
たいこう,た,う,0,high,ichi1|news1|nf04|nf06|nf21
かよい,か,い,0,high,news1|nf13
たずさえる,た,る,0,high,ichi1|news2|nf36
あいてどる,あ,る,0,high,news1|nf11
つれてくる,つ,る,0,high,ichi1|spec1
じつようてき,じ,き,0,high,ichi1|news2|nf26
ぎようせい,ぎ,い,0,high,ichi1|news1|nf01
りつこく,り,く,0,high,news1|nf16
たいせつ,た,つ,0,high,ichi1|news1|nf02|nf17
ほぶね,ほ,ね,0,high,news1|nf20
いわやま,い,ま,0,high,news1|nf22
ぼける,ぼ,る,0,high,ichi1
ふいいるどわあく,ふ,く,0,high,gai1
らてんあめりか,ら,か,0,high,gai1
かなう,か,う,0,high,ichi1
はつてん,は,ん,0,high,ichi1|news1|nf02
わんだふる,わ,る,0,high,spec1
じよばん,じ,ん,0,high,news1|nf08
めつた,め,た,0,high,ichi1|news2|nf46
かんち,か,ち,0,high,news1|nf22|nf24
しいあは,し,は,0,high,spec1
ういじん,う,ん,0,high,news1|nf16
はくしよく,は,く,0,high,news1|nf18
とれえ,と,え,0,high,gai1
はいりこむ,は,む,0,high,news1|nf20
ちようほうけい,ち,い,0,high,ichi1|news2|nf25
せかいかん,せ,ん,0,high,news1|nf24
ほどける,ほ,る,0,high,ichi1
しんて,し,て,0,high,news1|nf23
きゆうそく,き,く,0,high,ichi1|news1|nf03|nf23
あれの,あ,の,0,high,ichi1|news2|nf25
しんにん,し,ん,0,high,news1|nf09|nf19
ばいてん,ば,ん,0,high,ichi1|news1|nf16
たくま,た,ま,0,high,news1|nf23
もむ,も,む,0,high,ichi1
みんせい,み,い,0,high,news1|nf11|nf16
ていしゆ,て,ゆ,0,high,ichi1|news1|nf16
どうにもならない,ど,い,0,high,spec1
ちんちやく,ち,く,0,high,news1|nf23
そぼ,そ,ぼ,0,high,ichi1|news1|nf10
はいきがす,は,す,0,high,ichi1
かいぞう,か,う,0,high,ichi1|news1|nf04
えろちつく,え,く,0,high,gai1
しゆうきよく,し,く,0,high,news1|nf18
すべき,す,き,0,high,spec1
ぷらんたん,ぷ,ん,0,high,gai1
まいるど,ま,ど,0,high,gai1
おんけい,お,い,0,high,ichi1|news1|nf09
まちどうしい,ま,い,0,high,ichi1|news2|nf30
じゆうしん,じ,ん,0,high,ichi1|news1|nf20
ひきこもり,ひ,り,0,high,spec1
しずけさ,し,さ,0,high,news1|nf21
さいど,さ,ど,0,high,gai1|ichi1|news1|nf11
りきゆう,り,う,0,high,news1|nf23
さて,さ,て,0,high,ichi1
たいはいてき,た,き,0,high,ichi1
きんぞく,き,く,0,high,ichi1|news1|nf04|nf23
かまえる,か,る,0,high,ichi1
びさい,び,い,0,high,news1|nf21
わあく,わ,く,0,high,gai1
むしば,む,ば,0,high,ichi1|news1|nf17
とつしゆつ,と,つ,0,high,news1|nf20
じゆうよん,じ,ん,0,high,news1|nf01
ながさき,な,き,0,high,spec1
しつぽ,し,ぽ,0,high,ichi1
しそおらす,し,す,0,high,gai1
たちさる,た,る,0,high,ichi1|news2|nf47
おきて,お,て,0,high,ichi1|news2|nf38
くせに,く,に,0,high,spec1
あかす,あ,す,0,high,ichi1|news2|nf43
つのる,つ,る,0,high,ichi1|news1|nf11
そうとう,そ,う,0,high,ichi1|news1|nf03|nf10|nf23
えんぶん,え,ん,0,high,ichi1|news1|nf15
てんらく,て,く,0,high,news1|nf13
ぴん,ぴ,ん,0,high,gai1|ichi1
ちよおく,ち,く,0,high,gai1|ichi1
にゆうじ,に,じ,0,high,ichi1|news1|nf15
はたじるし,は,し,0,high,news1|nf14
ごんぐ,ご,ぐ,0,high,gai1
ぎぷす,ぎ,す,0,high,gai1
すにいかあ,す,あ,0,high,gai1
てきこく,て,く,0,high,news1|nf18
やくわり,や,り,0,high,ichi1|news1|nf01
ぱたあん,ぱ,ん,0,high,gai1|ichi1
かわら,か,ら,0,high,ichi1|news1|nf09|nf12
ふほう,ふ,う,0,high,ichi1|news1|nf05
さんちや,さ,や,0,high,news1|nf11
のりもの,の,の,0,high,ichi1|news1|nf19
しゆうない,し,い,0,high,news1|nf19
すごい,す,い,0,high,ichi1|spec1
しゆうかん,し,ん,0,high,ichi1|news1|nf04|nf06|nf12
まえだおし,ま,し,0,high,news1|nf09
おおくち,お,ち,0,high,news1|nf06
じようはつ,じ,つ,0,high,ichi1|news2|nf29
ぼおだあ,ぼ,あ,0,high,gai1
ほうしん,ほ,ん,0,high,ichi1|news1|nf01
たんにん,た,ん,0,high,ichi1|news1|nf10
へつどこおち,へ,ち,0,high,gai1
りゆうにん,り,ん,0,high,news1|nf14
じゆぞう,じ,う,0,high,news1|nf21
ふあくたあ,ふ,あ,0,high,gai1
しんぶんきじ,し,じ,0,high,news1|nf18
しやあまん,し,ん,0,high,gai1
よじようはん,よ,ん,0,high,news1|nf24
りようあし,り,し,0,high,news1|nf15
うちゆうくうかん,う,ん,0,high,news1|nf18
かわし,か,し,0,high,ichi1|news1|nf03
へつだあ,へ,あ,0,high,gai1
わたる,わ,る,0,high,ichi1|news2|nf41
ねんし,ね,し,0,high,ichi1|news1|nf12
おしいれ,お,れ,0,high,ichi1
ないこうてき,な,き,0,high,ichi1
しよぶん,し,ん,0,high,ichi1|news1|nf02
あいよう,あ,う,0,high,ichi1|news1|nf22
しやべる,し,る,0,high,gai1|ichi1
すきい,す,い,0,high,gai1|ichi1
ちやくせき,ち,き,0,high,ichi1|news2|nf45
こくじよう,こ,う,0,high,news1|nf24
ぎふ,ぎ,ふ,0,high,ichi1|news1|nf05|nf12
それより,そ,り,0,high,spec1
びゆうていふる,び,る,0,high,gai1
どうろ,ど,ろ,0,high,ichi1|news1|nf02
しんぼりつく,し,く,0,high,gai1
しばしば,し,ば,0,high,ichi1
きやつかんてき,き,き,0,high,ichi1|news1|nf10
でいんぎい,で,い,0,high,gai1
ふあいなるせつと,ふ,と,0,high,gai1
とらべらあずちえつく,と,く,0,high,gai1
ちえるのぶいり,ち,り,0,high,gai1
ふきそく,ふ,く,0,high,ichi1|news1|nf19
ちえあまん,ち,ん,0,high,gai1
へるつ,へ,つ,0,high,gai1
ひだりまえ,ひ,え,0,high,news1|nf09
おしはらいほうほう,お,う,0,high,spec1
しきい,し,い,0,high,ichi1|news2|nf33
ほうれい,ほ,い,0,high,ichi1|news1|nf12
はあどとつぷ,は,ぷ,0,high,gai1
しんよ,し,よ,0,high,ichi1|news2|nf42|spec2
まちかねる,ま,る,0,high,ichi1
みならう,み,う,0,high,ichi1|news2|nf47
おとしだま,お,ま,0,high,ichi1|news1|nf19
しべりあ,し,あ,0,high,gai1
じゆんこう,じ,う,0,high,news1|nf20
げるまん,げ,ん,0,high,gai1
とくゆう,と,う,0,high,ichi1|news1|nf09
ちゆうぶる,ち,る,0,high,ichi1|news1|nf11
しようきやく,し,く,0,high,news1|nf11|nf14
えんぴつ,え,つ,0,high,ichi1|news1|nf12
りはびり,り,り,0,high,gai1
このなか,こ,か,0,high,spec1
せいいつぱい,せ,い,0,high,ichi1
おはこ,お,こ,0,high,news1|nf15
どしどし,ど,し,0,high,ichi1
こうはい,こ,い,0,high,ichi1|news1|nf08|nf17
あきぐち,あ,ち,0,high,news1|nf21
みねそた,み,た,0,high,gai1
かまくら,か,ら,0,high,spec1
さんすくりつと,さ,と,0,high,gai1
にくしん,に,ん,0,high,ichi1|news1|nf09
ぶんかい,ぶ,い,0,high,ichi1|news1|nf15
ぼとむ,ぼ,む,0,high,gai1
くにがら,く,ら,0,high,news1|nf24
ぜんあく,ぜ,く,0,high,ichi1|news2|nf30
けんさく,け,く,0,high,news1|nf15
しゆぷれひこおる,し,る,0,high,gai1
ききよう,き,う,0,high,ichi1|news2|nf25
こうや,こ,や,0,high,ichi1|news2|nf25|nf28|spec2
ごうせい,ご,い,0,high,ichi1|news1|nf12
ゆうめいじん,ゆ,ん,0,high,spec1
るつく,る,く,0,high,gai1
むいか,む,か,0,high,ichi1|spec1
なんにんか,な,か,0,high,spec1
とうとぶ,と,ぶ,0,high,ichi1
ころにい,こ,い,0,high,gai1
とろんぼおん,と,ん,0,high,gai1
いかが,い,が,0,high,spec1
かむ,か,む,0,high,gai1|ichi1|spec1
せいけいげか,せ,か,0,high,news1|nf22
ほのるる,ほ,る,0,high,gai1
ようきゆう,よ,う,0,high,ichi1|news1|nf01
ふたり,ふ,り,0,high,ichi1|news1|nf01
きやくいん,き,ん,0,high,news1|nf14
ほすぴす,ほ,す,0,high,gai1
みはり,み,り,0,high,news1|nf22
かしつけ,か,け,0,high,news1|nf08
ねこ,ね,こ,0,high,ichi1|news1|nf07
りよこうがいしや,り,や,0,high,spec1
おねえさん,お,ん,0,high,ichi1
ではまた,で,た,0,high,spec1
ごおるでんたいむ,ご,む,0,high,gai1
たんす,た,す,0,high,ichi1|news2|nf45
るいすい,る,い,0,high,ichi1|news2|nf37
いんたあ,い,あ,0,high,gai1
おぷしよん,お,ん,0,high,gai1
ていきようしや,て,や,0,high,news1|nf10
じえのさいど,じ,ど,0,high,gai1
ろう,ろ,う,0,high,news1|nf23
ちよつこう,ち,う,0,high,news1|nf19
せぶん,せ,ん,0,high,gai1
かいかく,か,く,0,high,ichi1|news1|nf01
おみこし,お,し,0,high,ichi1
しようさん,し,ん,0,high,news1|nf23|spec2
びたみん,び,ん,0,high,gai1|ichi1
いまにも,い,も,0,high,ichi1
すうち,す,ち,0,high,ichi1|news1|nf05
あどれなりん,あ,ん,0,high,gai1
ほどこす,ほ,す,0,high,ichi1|news1|nf22
しゆうかつ,し,つ,0,high,spec1
のうしゆく,の,く,0,high,ichi1|news1|nf12
でんとうぶんか,で,か,0,high,spec1
なんだかだ,な,だ,0,high,spec1
にゆうしよう,に,う,0,high,ichi1|news1|nf05
そうらん,そ,ん,0,high,news1|nf16
ついか,つ,か,0,high,ichi1|news1|nf03
ういいく,う,く,0,high,gai1
しびれる,し,る,0,high,ichi1
そうじよう,そ,う,0,high,news1|nf21
おおいに,お,に,0,high,ichi1|news1|nf06
ぽたあじゆ,ぽ,ゆ,0,high,gai1
わがし,わ,し,0,high,news1|nf22
ぽけつとまねえ,ぽ,え,0,high,gai1
かりいれきん,か,ん,0,high,news1|nf08
ておくれ,て,れ,0,high,ichi1|news2|nf26
とぼす,と,す,0,high,ichi1
こうたいしひ,こ,ひ,0,high,news1|nf23
たえる,た,る,0,high,ichi1|news1|news2|nf11|nf41
だいじん,だ,ん,0,high,ichi1|news1|nf03
きようばい,き,い,0,high,news1|nf13
つどい,つ,い,0,high,news1|nf12
おんえあ,お,あ,0,high,gai1
しゆうはすう,し,う,0,high,news1|nf13
どうぞ,ど,ぞ,0,high,ichi1
とりしらべ,と,べ,0,high,ichi1|news1|nf08
みせいねん,み,ん,0,high,ichi1|news1|nf15
りよういき,り,き,0,high,ichi1|news1|nf08
ころし,こ,し,0,high,news1|nf10
ぶない,ぶ,い,0,high,news1|nf09
ぺい,ぺ,い,0,high,gai1
あろお,あ,お,0,high,gai1
ひいる,ひ,る,0,high,gai1
とうさい,と,い,0,high,news1|nf11|nf20
おもいやり,お,り,0,high,ichi1|news1|nf12
だきゆう,だ,う,0,high,news1|nf08
じゆうそう,じ,う,0,high,news1|nf24
くに,く,に,0,high,ichi1|news1|nf01|nf21
おおて,お,て,0,high,ichi1|news1|nf01
きつぷ,き,ぷ,0,high,ichi1|news1|nf10
ふくしよく,ふ,く,0,high,ichi1|news1|nf20
しきそ,し,そ,0,high,news1|nf22
とりつぷ,と,ぷ,0,high,gai1
むじゆん,む,ん,0,high,ichi1|news1|nf07
ろてん,ろ,ん,0,high,news1|nf19
ひがしみなみ,ひ,み,0,high,news1|nf03
ほつく,ほ,く,0,high,gai1
ぷろもおと,ぷ,と,0,high,gai1
けいばい,け,い,0,high,news1|nf13
ぷれす,ぷ,す,0,high,gai1
かんし,か,し,0,high,ichi1|news1|nf02
のおたつち,の,ち,0,high,gai1
ぺんぎん,ぺ,ん,0,high,gai1
ひどり,ひ,り,0,high,news1|nf10
じつせき,じ,き,0,high,ichi1|news1|nf02
たがいちがい,た,い,0,high,ichi1
ぺこぺこ,ぺ,こ,0,high,ichi1
ごうりゆう,ご,う,0,high,news2|nf27|spec1
かにゆう,か,う,0,high,ichi1|news1|nf04
よわる,よ,る,0,high,ichi1|news2|nf43
しゆつしんしや,し,や,0,high,news1|nf07
おくりだし,お,し,0,high,news1|nf24
おおてきぎよう,お,う,0,high,spec1
きらく,き,く,0,high,ichi1|news1|nf13
げんえき,げ,き,0,high,ichi1|news1|nf05
めえん,め,ん,0,high,gai1
くいとめる,く,る,0,high,ichi1|news2|nf31
あく,あ,く,0,high,ichi1|news1|nf05|spec1
せいはんたい,せ,い,0,high,news1|nf20
にくげん,に,ん,0,high,ichi1|news2|nf27
まりいん,ま,ん,0,high,gai1
ふえみにすと,ふ,と,0,high,gai1
ひとごろし,ひ,し,0,high,ichi1|news2|nf30
けいほう,け,う,0,high,ichi1|news1|nf09|nf11
おうしや,お,や,0,high,ichi1|news1|nf09
みとめ,み,め,0,high,ichi1|news1|nf24
ぶつかあ,ぶ,あ,0,high,gai1
なにも,な,も,0,high,news1|nf03
いわう,い,う,0,high,ichi1|news1|nf24
かちゆう,か,う,0,high,news1|nf18
さきいき,さ,き,0,high,news1|nf08
とおり,と,り,0,high,ichi1
うわつちようし,う,し,0,high,news1|nf05
どんな,ど,な,0,high,ichi1
あつてない,あ,い,0,high,spec1
かたほう,か,う,0,high,ichi1|news1|nf16
すうぱあばいざあ,す,あ,0,high,gai1
こりあ,こ,あ,0,high,gai1
ひそう,ひ,う,0,high,news1|nf23
たましい,た,い,0,high,ichi1|news1|nf08
どつじぼおる,ど,る,0,high,gai1
りんせつ,り,つ,0,high,news1|nf12
そうし,そ,し,0,high,ichi1|news1|nf13|nf20
くま,く,ま,0,high,ichi1|news1|nf13|spec1
しえるたあ,し,あ,0,high,gai1
つつく,つ,く,0,high,ichi1
すたあと,す,と,0,high,gai1|ichi1
ていし,て,し,0,high,ichi1|news1|nf02|nf10
さいし,さ,し,0,high,ichi1|news1|nf16
じどうか,じ,か,0,high,spec1
もがく,も,く,0,high,ichi1
しえる,し,る,0,high,gai1
やがい,や,い,0,high,ichi1|news1|nf10
るうず,る,ず,0,high,gai1
くりおおる,く,る,0,high,gai1
どうぎ,ど,ぎ,0,high,news1|nf12|nf18
みはる,み,る,0,high,ichi1|news2|nf46
じゆうんぶらいど,じ,ど,0,high,gai1
こまか,こ,か,0,high,news1|nf13
しゆうへん,し,ん,0,high,ichi1|news1|nf01
どうしようもない,ど,い,0,high,spec1
ふおおす,ふ,す,0,high,gai1
ちゆうこく,ち,く,0,high,ichi1|news1|news2|nf01|nf26
ついほう,つ,う,0,high,ichi1|news1|nf06
もうてん,も,ん,0,high,ichi1|news2|nf28
みせ,み,せ,0,high,ichi1
ちいき,ち,き,0,high,ichi1|news1|nf01
じつち,じ,ち,0,high,news1|nf23
おおばあらつぷ,お,ぷ,0,high,gai1
たてつく,た,く,0,high,ichi1
べるふあすと,べ,と,0,high,gai1
ぶれすれつと,ぶ,と,0,high,gai1
じよめい,じ,い,0,high,news1|nf12
としん,と,ん,0,high,ichi1|news1|nf05
かなりあ,か,あ,0,high,gai1
あるぷす,あ,す,0,high,gai1
びじゆつかん,び,ん,0,high,ichi1|news1|nf03
びようぶ,び,ぶ,0,high,news1|nf20
ぴつくあつぷさあびす,ぴ,す,0,high,gai1
くわばら,く,ら,0,high,news1|nf16
ぜんせかい,ぜ,い,0,high,news1|nf10
としよ,と,よ,0,high,ichi1|news1|nf09
ふいいりんぐ,ふ,ぐ,0,high,gai1
みあたらない,み,い,0,high,news1|nf13
どじ,ど,じ,0,high,ichi1|news1|nf01
そうせんきよ,そ,よ,0,high,news1|nf01
しゆしゆつ,し,つ,0,high,ichi1|news1|nf01
あんだあ,あ,あ,0,high,gai1
にほんしき,に,き,0,high,news1|nf23
くりのべ,く,べ,0,high,news1|nf15
きつする,き,る,0,high,news1|nf18
どきよう,ど,う,0,high,news1|nf18
ちよしや,ち,や,0,high,ichi1|news1|nf03
ああていすと,あ,と,0,high,gai1
いちじよう,い,う,0,high,news1|nf24
そそのかす,そ,す,0,high,ichi1
そうして,そ,て,0,high,ichi1
じゆんぎよう,じ,う,0,high,news1|nf16
けいはく,け,く,0,high,ichi1|news2|nf33
がくない,が,い,0,high,news1|nf13
どにち,ど,ち,0,high,spec1
こうじようせん,こ,ん,0,high,news1|nf24
だろうか,だ,か,0,high,spec1
ひろさ,ひ,さ,0,high,ichi1|news1|nf08
くらくしよん,く,ん,0,high,gai1
ぐんよう,ぐ,う,0,high,news1|nf10
きぜつ,き,つ,0,high,ichi1|news2|nf43
だんたい,だ,い,0,high,ichi1|news1|nf01
けいこ,け,こ,0,high,ichi1|news2|nf28
にじゆういちにち,に,ち,0,high,spec1
いたす,い,す,0,high,ichi1|news1|nf24
すうはい,す,い,0,high,ichi1|news2|nf25
どいつ,ど,つ,0,high,spec1
てつぺい,て,い,0,high,ichi1
くらしかる,く,る,0,high,gai1
ぎんがみ,ぎ,み,0,high,ichi1
きんろうしや,き,や,0,high,news1|nf12
とらつど,と,ど,0,high,gai1
もつとも,も,も,0,high,ichi1|news1|nf01
にちべい,に,い,0,high,ichi1|news1|nf01
ぐんばい,ぐ,い,0,high,news1|nf17
りようほうほう,り,う,0,high,spec1
さいせん,さ,ん,0,high,news1|nf08
かふえてりあ,か,あ,0,high,gai1
しちや,し,や,0,high,ichi1|news2|nf26
かがくしや,か,や,0,high,ichi1|news1|nf09
ここのつ,こ,つ,0,high,ichi1|news1|nf21
ひたす,ひ,す,0,high,ichi1|news2|nf41
とくばい,と,い,0,high,ichi1|news2|nf27
ひるごはん,ひ,ん,0,high,spec1
すきとおる,す,る,0,high,ichi1|news2|nf37
すけつち,す,ち,0,high,gai1
みゆうじつく,み,く,0,high,gai1|ichi1
じんぎすかん,じ,ん,0,high,spec1
おなら,お,ら,0,high,ichi1
とうなん,と,ん,0,high,ichi1|news1|nf03|nf13
はつげんけん,は,ん,0,high,news1|nf20
きんかい,き,い,0,high,news1|nf13
うむ,う,む,0,high,ichi1|news1|news2|nf07|nf30
いどこ,い,こ,0,high,ichi1|news2|nf47
しゆつごく,し,く,0,high,ichi1|news1|nf11
しみゆれえたあ,し,あ,0,high,gai1
りくぐん,り,ん,0,high,ichi1|news1|nf06
べんごし,べ,し,0,high,ichi1|news1|nf02
みじかうた,み,た,0,high,ichi1|news1|nf07
しらじ,し,じ,0,high,news1|nf23
ちやくもく,ち,く,0,high,news1|nf12
からす,か,す,0,high,ichi1|news1|nf22|spec1
ていちやく,て,く,0,high,ichi1|news1|nf11
こまる,こ,る,0,high,ichi1|news2|nf30
ひようろんか,ひ,か,0,high,news1|nf04
ちゆうもく,ち,く,0,high,ichi1|news1|nf03
けんき,け,き,0,high,news1|nf15
らぶれたあ,ら,あ,0,high,gai1
まえがみ,ま,み,0,high,news2|nf40|spec1
ばらまく,ば,く,0,high,ichi2|spec1
もういちど,も,ど,0,high,spec1
だつする,だ,る,0,high,news1|nf22
たいだん,た,ん,0,high,ichi1|news1|nf12|nf24
じめじめ,じ,め,0,high,ichi1
きそん,き,ん,0,high,news1|news2|nf06|nf38|spec1
れぷら,れ,ら,0,high,gai1
いちねんじゆう,い,う,0,high,ichi1
ねんじゆう,ね,う,0,high,ichi1|news1|nf16
ひとえ,ひ,え,0,high,ichi1
とうめい,と,い,0,high,ichi1|news1|nf05
さりい,さ,い,0,high,gai1
しんり,し,り,0,high,ichi1|news1|nf04|nf09|nf10
せるびあ,せ,あ,0,high,gai1
しいくれつと,し,と,0,high,gai1
じようせつ,じ,つ,0,high,news1|nf11
えんか,え,か,0,high,news1|nf12|nf18
すじがき,す,き,0,high,news1|nf20
いきすぎ,い,ぎ,0,high,ichi1|news1|nf14
べろ,べ,ろ,0,high,spec1
うらん,う,ん,0,high,gai1
やんま,や,ま,0,high,gai1
すきいやあ,す,あ,0,high,gai1
べえた,べ,た,0,high,gai1
やわらげる,や,る,0,high,ichi1|news2|nf34
しやそう,し,う,0,high,news1|nf10
あまど,あ,ど,0,high,ichi1|news2|nf35
じんしや,じ,や,0,high,ichi1|news1|nf05
ふまん,ふ,ん,0,high,ichi1|news1|nf02
ばぷてすと,ば,と,0,high,gai1
ちゆうかい,ち,い,0,high,ichi1|news1|nf05
うけみ,う,み,0,high,ichi1|news1|nf14
はあどぼいるど,は,ど,0,high,gai1
けいけんほうふ,け,ふ,0,high,spec1
たちあがり,た,り,0,high,news1|nf10
がくふ,が,ふ,0,high,ichi1|news1|nf16
ふち,ふ,ち,0,high,ichi1|news1|nf05|nf16
みのしろきんようきゆう,み,う,0,high,news1|nf11
さんぷりんぐ,さ,ぐ,0,high,gai1
かぞいろ,か,ろ,0,high,ichi1|news1|nf06
あびる,あ,る,0,high,ichi1|news1|nf09
きぞん,き,ん,0,high,news1|nf06
さび,さ,び,0,high,ichi1|news2|nf46
とき,と,き,0,high,ichi1|news1|nf04
みぼうじん,み,ん,0,high,news1|nf22
くう,く,う,0,high,ichi1|news2|nf33|spec1
きまま,き,ま,0,high,ichi1
ちやんす,ち,す,0,high,gai1|ichi1
さあふああ,さ,あ,0,high,gai1
けんちじ,け,じ,0,high,news1|nf03
けいばじよう,け,う,0,high,news1|nf11
さいあい,さ,い,0,high,news2|nf31|spec1
ぞうきよう,ぞ,う,0,high,news1|nf09
ふいつとねす,ふ,す,0,high,gai1
めろでいい,め,い,0,high,gai1|ichi1
ほうろう,ほ,う,0,high,news1|nf20
がくひ,が,ひ,0,high,ichi1|news1|nf17
しんくう,し,う,0,high,news1|nf19
ちゆうねん,ち,ん,0,high,ichi1|news1|nf08
ゆるめる,ゆ,る,0,high,ichi1
じゆうけいざい,じ,い,0,high,news1|nf19
じしゆ,じ,ゆ,0,high,ichi1|news1|news2|nf03|nf26
とつて,と,て,0,high,ichi1|news1|nf02
いんせき,い,き,0,high,news1|nf14
ごうれい,ご,い,0,high,news1|nf24
かたより,か,り,0,high,news1|nf23
なかじま,な,ま,0,high,news1|nf05
こうねつひ,こ,ひ,0,high,ichi1|news2|nf32
いなずま,い,ま,0,high,ichi1|news2|nf26
しよくよう,し,う,0,high,news1|nf11
ささやく,さ,く,0,high,ichi1
わけではない,わ,い,0,high,spec1
ましようか,ま,か,0,high,spec1
まなあ,ま,あ,0,high,gai1|ichi1
らりい,ら,い,0,high,gai1
まいかあ,ま,あ,0,high,gai1
よおろつぱ,よ,ぱ,0,high,gai1
あさる,あ,る,0,high,ichi1
ひつちはいく,ひ,く,0,high,gai1
じゆんとう,じ,う,0,high,news1|nf11
くいんてつと,く,と,0,high,gai1
こりつ,こ,つ,0,high,ichi1|news1|nf07
しよいん,し,ん,0,high,news1|news2|nf08|nf23|nf33
げんゆ,げ,ゆ,0,high,ichi1|news1|nf03
おれんじ,お,じ,0,high,gai1|ichi1
ほつとらいん,ほ,ん,0,high,gai1
けつせんとうひよう,け,う,0,high,news1|nf13
あつ,あ,つ,0,high,spec1
おいこす,お,す,0,high,ichi1|news2|nf42
てえま,て,ま,0,high,gai1|ichi1
どよう,ど,う,0,high,ichi1|news1|nf04
あじきない,あ,い,0,high,news2|nf36|spec1
しよち,し,ち,0,high,ichi1|news1|nf10
ふえにつくす,ふ,す,0,high,gai1
もくてきち,も,ち,0,high,ichi1|news1|nf16
あない,あ,い,0,high,ichi1|news1|nf07
しつと,し,と,0,high,ichi1|news2|nf26
たしざん,た,ん,0,high,ichi1|news2|nf36
でえと,で,と,0,high,gai1|ichi1
もくざい,も,い,0,high,ichi1|news1|nf07
ここあ,こ,あ,0,high,gai1
たんに,た,に,0,high,ichi1|news1|nf06
だせき,だ,き,0,high,news1|nf05
ぱあそなる,ぱ,る,0,high,gai1
しき,し,き,0,high,ichi1|news1|news2|nf03|nf10|nf14|nf33
きえい,き,い,0,high,news1|nf24
あしくび,あ,び,0,high,ichi1|news1|nf15
くるうじんぐ,く,ぐ,0,high,gai1
しよとくぜい,し,い,0,high,news1|nf03
だいかいてん,だ,ん,0,high,news1|nf14
うきよえ,う,え,0,high,news1|nf16
おむれつ,お,つ,0,high,gai1
ないろん,な,ん,0,high,gai1|ichi1
もんぱり,も,り,0,high,gai1
ひとみしり,ひ,り,0,high,ichi1|news2|nf43
しさ,し,さ,0,high,ichi1|news1|nf18
じゆうはち,じ,ち,0,high,news1|nf01
ばりええしよん,ば,ん,0,high,gai1
うちがわ,う,わ,0,high,ichi1|news1|nf09
きいろい,き,い,0,high,ichi1|news2|nf41
いちず,い,ず,0,high,news1|nf12
さずける,さ,る,0,high,ichi1|news2|nf38
かるばどす,か,す,0,high,gai1
うらむ,う,む,0,high,ichi1|news2|nf47
てんさく,て,く,0,high,ichi1|news2|nf34
のうし,の,し,0,high,ichi1|news1|nf03
ぎよつと,ぎ,と,0,high,ichi1
いりようひん,い,ん,0,high,spec1
めんどう,め,う,0,high,ichi1|news1|nf08
じやかるた,じ,た,0,high,gai1
うかべる,う,る,0,high,ichi1|news1|nf19
しつむ,し,む,0,high,news1|nf11
ぜんこう,ぜ,う,0,high,news1|nf17
ばらんす,ば,す,0,high,gai1|ichi1
はかた,は,た,0,high,spec1
でんちゆう,で,う,0,high,ichi1|news1|nf20
さんど,さ,ど,0,high,gai1|news1|nf13
まゆ,ま,ゆ,0,high,ichi1|news1|nf22
ほこる,ほ,る,0,high,ichi1|news1|nf19
しゆうしん,し,ん,0,high,news1|nf09|nf18
ぜんぱん,ぜ,ん,0,high,ichi1|news1|nf02|nf07
ぶるねつと,ぶ,と,0,high,gai1
すいしようかんきよう,す,う,0,high,spec1
がくえん,が,ん,0,high,ichi1|news1|nf03
ろんずる,ろ,る,0,high,ichi1|news2|nf27
みるみる,み,る,0,high,ichi1
どんよう,ど,う,0,high,news1|nf18
はずみ,は,み,0,high,news1|nf10
さあびす,さ,す,0,high,gai1|ichi1
びりびり,び,り,0,high,ichi1|spec1
かるしうむ,か,む,0,high,gai1
のうにゆう,の,う,0,high,ichi1|news1|nf12
だいしぜん,だ,ん,0,high,news1|nf17
かんつおおね,か,ね,0,high,gai1
いちぞく,い,く,0,high,news1|nf11
また,ま,た,0,high,ichi1|news1|news2|nf19|nf25
らおす,ら,す,0,high,gai1
みなおし,み,し,0,high,news1|nf01
じゆしよう,じ,う,0,high,news1|nf03|nf13
じもん,じ,ん,0,high,ichi1|news2|nf30
ほおむぐらうんど,ほ,ど,0,high,gai1
けいそく,け,く,0,high,news1|nf18
こんて,こ,て,0,high,gai1
すとろおく,す,く,0,high,gai1
にゆうぼう,に,う,0,high,ichi1|news1|nf10|nf19
こうそくばす,こ,す,0,high,spec1
じち,じ,ち,0,high,ichi1|news1|nf02|nf04
みちびく,み,く,0,high,ichi1
かいがんせん,か,ん,0,high,news1|nf19
なめる,な,る,0,high,ichi1
えもの,え,の,0,high,news1|nf24
しれいぶ,し,ぶ,0,high,news1|nf07
ぞうしん,ぞ,ん,0,high,news1|nf15
さうな,さ,な,0,high,gai1
すぷれえ,す,え,0,high,gai1|ichi1
まえまえ,ま,え,0,high,news1|nf14
だいすき,だ,き,0,high,ichi1|news1|nf08
れつてる,れ,る,0,high,gai1
うちわ,う,わ,0,high,ichi1|news1|nf22
おおぷんかあ,お,あ,0,high,gai1
とつぜん,と,ん,0,high,ichi1|news1|nf07
すれば,す,ば,0,high,spec1
たいりつ,た,つ,0,high,ichi1|news1|nf02
ひようばん,ひ,ん,0,high,ichi1|news1|nf05
ぶつしつ,ぶ,つ,0,high,ichi1|news1|nf03
いんすたんと,い,と,0,high,gai1|ichi1
じゆんずる,じ,る,0,high,news1|nf23
かざあな,か,な,0,high,news1|nf19
げんじよう,げ,う,0,high,ichi1|news1|nf01|nf02|nf09
ゆうこう,ゆ,う,0,high,ichi1|news1|nf02|nf03
じようぶん,じ,ん,0,high,news1|nf13
すぐそば,す,ば,0,high,spec1
でんげんかいはつ,で,つ,0,high,news1|nf23
あくえいきよう,あ,う,0,high,spec1
ちようじよう,ち,う,0,high,ichi1|news1|nf13
やすもの,や,の,0,high,news2|nf40|spec1
まつる,ま,る,0,high,ichi1|news2|nf43|spec1
ほんこう,ほ,う,0,high,news2|nf25|spec1
きじく,き,く,0,high,news1|nf16
よくあつ,よ,つ,0,high,ichi1|news1|nf14
おくやま,お,ま,0,high,news1|nf18
みなみ,み,み,0,high,ichi1|news1|nf01
さんだあばあど,さ,ど,0,high,gai1
ぎようじ,ぎ,じ,0,high,ichi1|news1|nf05|nf19
がいこうかん,が,ん,0,high,news1|nf07
すまつしゆ,す,ゆ,0,high,gai1
ないと,な,と,0,high,gai1
ていねい,て,い,0,high,ichi1|news1|nf09
ぐんび,ぐ,び,0,high,ichi1|news1|nf07
びいず,び,ず,0,high,gai1
しんせき,し,き,0,high,ichi1|news2|nf30
そうじ,そ,じ,0,high,ichi1|news1|nf09
おいわい,お,い,0,high,ichi1
もしも,も,も,0,high,ichi1|spec1
ほんかいぎ,ほ,ぎ,0,high,news1|nf02
ひのめ,ひ,め,0,high,news1|nf23
がつきよく,が,く,0,high,news1|nf20
にんち,に,ち,0,high,news1|nf14
つつむ,つ,む,0,high,ichi1|news1|nf06
じゆごん,じ,ん,0,high,spec1
みおくる,み,る,0,high,ichi1|news1|nf08
げりら,げ,ら,0,high,gai1
しじよう,し,う,0,high,ichi1|news1|nf01|nf02|nf11|nf21
てつぼう,て,う,0,high,ichi1|news1|nf21
ぺんち,ぺ,ち,0,high,ichi1
ひめん,ひ,ん,0,high,news1|nf22
けちやつぷ,け,ぷ,0,high,gai1
ほこうしや,ほ,や,0,high,ichi1
あると,あ,と,0,high,gai1
しやかいもんだい,し,い,0,high,news1|nf09
きりよく,き,く,0,high,ichi1|news1|nf13
ひようでん,ひ,ん,0,high,news1|nf18|nf22
とりはずす,と,す,0,high,ichi1|news2|nf39
さんかくけい,さ,い,0,high,ichi1|news1|nf20
しちゆう,し,う,0,high,gai1|news1|nf07|nf17
おくびようもの,お,の,0,high,spec1
きじゆんほう,き,う,0,high,news1|nf23
むうん,む,ん,0,high,gai1
ものがたる,も,る,0,high,ichi1|news1|nf10
かんみん,か,ん,0,high,news1|nf10
とおる,と,る,0,high,gai1|ichi1|news1|nf14
いしひようじ,い,じ,0,high,news1|nf12
はくふ,は,ふ,0,high,ichi1|news1|nf16|nf23
ちようなん,ち,ん,0,high,ichi1|news1|nf01
しんしゆつ,し,つ,0,high,ichi1|news1|nf02
にこにこ,に,こ,0,high,ichi1|spec1
りりいふ,り,ふ,0,high,gai1
しんけい,し,い,0,high,ichi1|news1|nf05
さみしい,さ,い,0,high,ichi1|news2|nf33|spec1
たるく,た,く,0,high,gai1
あつぎ,あ,ぎ,0,high,ichi1
だつこ,だ,こ,0,high,ichi1
みぎつかわ,み,わ,0,high,ichi1|news1|nf15
みつやく,み,く,0,high,news1|nf21
まくぎれ,ま,れ,0,high,news1|nf23
につと,に,と,0,high,gai1
しゆくじ,し,じ,0,high,news1|nf21
めも,め,も,0,high,gai1|ichi1
あれこれ,あ,れ,0,high,ichi1
くつせつ,く,つ,0,high,ichi1|news2|nf33
はうす,は,す,0,high,gai1|ichi1
ぱていお,ぱ,お,0,high,gai1
にて,に,て,0,high,spec1
さつくす,さ,す,0,high,gai1
りいる,り,る,0,high,gai1
ひやけどめ,ひ,め,0,high,spec1
ていあん,て,ん,0,high,ichi1|news1|nf02
はもん,は,ん,0,high,news1|nf07
さいけんとう,さ,う,0,high,news1|nf11
きんみやく,き,く,0,high,news1|nf23
ららばい,ら,い,0,high,gai1
あきない,あ,い,0,high,news1|nf16
きりる,き,る,0,high,gai1
ばくしよう,ば,う,0,high,news1|nf24
そうさつ,そ,つ,0,high,ichi1|news2|nf36
しやどう,し,う,0,high,ichi1|news1|nf24
ようれい,よ,い,0,high,ichi1|news2|nf30
くふ,く,ふ,0,high,ichi1|news1|nf06
あまくだり,あ,り,0,high,news1|nf10
すぱあく,す,く,0,high,gai1
ひんしつ,ひ,つ,0,high,ichi1|news1|nf07
ぽりいぷ,ぽ,ぷ,0,high,gai1
すいどうすい,す,い,0,high,news1|nf13
ほんせき,ほ,き,0,high,news1|nf24
あじあじん,あ,ん,0,high,spec1
ぐたいてき,ぐ,き,0,high,ichi1|news1|nf01
れいんこおと,れ,と,0,high,ichi1
かしらもじ,か,じ,0,high,news1|nf18
しよかん,し,ん,0,high,news1|nf06|nf12
まご,ま,ご,0,high,ichi1|news1|nf05
でしようか,で,か,0,high,spec1
でいりい,で,い,0,high,gai1
ちようしゆう,ち,う,0,high,ichi1|news1|nf09|nf12
しきちよう,し,う,0,high,news1|nf21
あいご,あ,ご,0,high,news1|nf18
せんりよう,せ,う,0,high,ichi1|news1|nf04|nf22
ほする,ほ,る,0,high,news1|nf03
せいじてき,せ,き,0,high,news1|nf03
しとやか,し,か,0,high,ichi1
あさはか,あ,か,0,high,ichi1
ここむ,こ,む,0,high,gai1
つつ,つ,つ,0,high,ichi1|news1|nf18|spec1
けんきゆうじよ,け,よ,0,high,news1|nf01
へんしん,へ,ん,0,high,ichi1|news1|nf13|nf17
ばんごはん,ば,ん,0,high,spec1
けつしようせん,け,ん,0,high,spec1
なんぜん,な,ん,0,high,ichi1|news1|nf22
ばいきん,ば,ん,0,high,ichi1
がいこう,が,う,0,high,ichi1|news1|nf01
あんず,あ,ず,0,high,news1|nf24
いわく,い,く,0,high,spec1
よか,よ,か,0,high,ichi1|news1|nf10
ひんぷ,ひ,ぷ,0,high,ichi1|news1|nf14
ばあすでえ,ば,え,0,high,gai1
かんきようもんだい,か,い,0,high,spec1
こくみんねんきん,こ,ん,0,high,news1|nf12
そめ,そ,め,0,high,news1|nf22
それほど,そ,ど,0,high,ichi1|spec1
しゆみつとかめら,し,ら,0,high,gai1
さなか,さ,か,0,high,ichi1|news2|nf42
おおくらしよう,お,う,0,high,ichi1|news1|nf01
きゆうぎ,き,ぎ,0,high,news1|nf20
おおぎ,お,ぎ,0,high,news1|nf12
ぜんにつぽん,ぜ,ん,0,high,spec1
こす,こ,す,0,high,ichi1|news2|nf29|nf30
きんぼし,き,し,0,high,news1|nf17
うけつける,う,る,0,high,ichi1|news2|nf36
こくそ,こ,そ,0,high,ichi1|news1|nf11
かるちやあせんたあ,か,あ,0,high,gai1
おとうさん,お,ん,0,high,ichi1|news1|nf07
ただ,た,だ,0,high,ichi1|news1|nf16
さしのべる,さ,る,0,high,ichi1|news2|nf42
じゆうじ,じ,じ,0,high,ichi1|news1|nf08|nf14
かたむく,か,く,0,high,ichi1
まにきゆあ,ま,あ,0,high,gai1
どせき,ど,き,0,high,news1|nf13
ほおむいん,ほ,ん,0,high,gai1
そうすい,そ,い,0,high,news1|nf23
たいが,た,が,0,high,ichi1|news1|nf11
ざり,ざ,り,0,high,news1|nf19
おきる,お,る,0,high,ichi1|news2|nf31
おいる,お,る,0,high,gai1|ichi1|news2|nf38
さしとめ,さ,め,0,high,news1|nf09
ないてい,な,い,0,high,news1|nf08
しげき,し,き,0,high,ichi1|news1|nf05
ちようもん,ち,ん,0,high,news1|nf16|nf23
てれる,て,る,0,high,ichi1
ぼうげつ,ぼ,つ,0,high,news1|nf11
ならぶ,な,ぶ,0,high,ichi1|news2|nf29
かいじようほあんちよう,か,う,0,high,news1|nf14
ふかす,ふ,す,0,high,ichi1
あかんぼう,あ,う,0,high,ichi1|news1|nf14
さつえい,さ,い,0,high,ichi1|news1|nf03
ろうじんふくし,ろ,し,0,high,spec1
おくゆき,お,き,0,high,ichi1|news1|nf12
どつちも,ど,も,0,high,spec1
りつたい,り,い,0,high,ichi1|news1|nf08
びつぐ,び,ぐ,0,high,gai1
めいしよう,め,う,0,high,ichi1|news1|nf06
わりざん,わ,ん,0,high,ichi1
ねごと,ね,と,0,high,ichi1
ますい,ま,い,0,high,ichi1|news1|nf16
こんいん,こ,ん,0,high,news1|nf13
たんだい,た,い,0,high,ichi1|news1|nf05
どとう,ど,う,0,high,news2|nf45|spec1
ひきうける,ひ,る,0,high,ichi1|news2|nf38
うたがう,う,う,0,high,ichi1|news1|nf14
めんたりていい,め,い,0,high,gai1
ろくな,ろ,な,0,high,ichi1
きふ,き,ふ,0,high,ichi1|news1|nf04
における,に,る,0,high,spec1
しぶい,し,い,0,high,ichi1|news2|nf42
あつというまに,あ,に,0,high,spec1
ちようふく,ち,く,0,high,ichi1|news1|nf18
しんこう,し,う,0,high,ichi1|news1|nf04|nf07|nf09|nf10|nf12|nf14
ほしぞら,ほ,ら,0,high,news1|nf22
こむすび,こ,び,0,high,news1|nf16
かみぶくろ,か,ろ,0,high,news1|nf17
かみくず,か,ず,0,high,ichi1
ように,よ,に,0,high,spec1
ちよくめん,ち,ん,0,high,news1|nf05
そうかん,そ,ん,0,high,ichi1|news1|news2|nf07|nf15|nf16|nf34
かたこり,か,り,0,high,news2|nf46|spec1
ひがしぐち,ひ,ち,0,high,news1|nf18
くるしむ,く,む,0,high,ichi1|news2|nf45
じきしようそう,じ,う,0,high,news1|nf13
ひんしゆ,ひ,ゆ,0,high,ichi1|news1|nf08
りよひ,り,ひ,0,high,ichi1|news1|nf14
ここちいい,こ,い,0,high,spec1
しゆつえん,し,ん,0,high,ichi1|news1|nf03
こうさく,こ,く,0,high,ichi1|news1|nf04|nf15
ぶらし,ぶ,し,0,high,gai1|ichi1
ごもん,ご,ん,0,high,news1|nf11
りべん,り,ん,0,high,news1|nf18
ひきわたし,ひ,し,0,high,news1|nf10
ふりん,ふ,ん,0,high,news1|nf18
ゆうわく,ゆ,く,0,high,ichi1|news1|nf20
がいらいご,が,ご,0,high,ichi1|news2|nf25
れがつた,れ,た,0,high,gai1
ぎやつぷ,ぎ,ぷ,0,high,gai1
あゆむ,あ,む,0,high,ichi1|news2|nf46
せいゆじよ,せ,よ,0,high,news1|nf17
ほよう,ほ,う,0,high,news1|nf14
えいず,え,ず,0,high,gai1|ichi1
となえる,と,る,0,high,news1|nf17
けんむ,け,む,0,high,news1|nf20
おさななじみ,お,み,0,high,ichi1|news2|nf27
さぶまりん,さ,ん,0,high,gai1
ささえる,さ,る,0,high,ichi1
せいなん,せ,ん,0,high,news1|nf23
おもいきり,お,り,0,high,ichi1|news1|nf18
ちよくせつ,ち,つ,0,high,ichi1|news1|nf02
しえすた,し,た,0,high,gai1
にえる,に,る,0,high,ichi1
しようひしや,し,や,0,high,ichi1|news1|nf02
きゆうけつき,き,き,0,high,news2|nf39|spec1
ぶかい,ぶ,い,0,high,news1|nf03
かいてき,か,き,0,high,news1|nf09
なら,な,ら,0,high,spec1
ぐしよう,ぐ,う,0,high,news1|nf23
ひやくしよう,ひ,う,0,high,ichi1|news1|nf24
ひえしよう,ひ,う,0,high,news2|nf35|spec1
くもゆき,く,き,0,high,news1|nf21
ひつくい,ひ,い,0,high,ichi1|news1|nf14
てえぶる,て,る,0,high,gai1|ichi1
ばいやあ,ば,あ,0,high,gai1
しゆえい,し,い,0,high,ichi1|news2|nf37
かくげつ,か,つ,0,high,news1|nf23
とどうふけん,と,ん,0,high,news1|nf03
ふきだまり,ふ,り,0,high,ichi1
ぶつきらぼう,ぶ,う,0,high,ichi1
ゆうぼく,ゆ,く,0,high,news1|nf19
あんちやん,あ,ん,0,high,news1|nf24
ぼくちく,ぼ,く,0,high,ichi1|news2|nf31
ちようちよう,ち,う,0,high,ichi1|news1|nf06|nf21|nf24
ていさつ,て,つ,0,high,ichi1|news1|nf12
こうかいどう,こ,う,0,high,news1|nf13
ほうし,ほ,し,0,high,ichi1|news1|nf10|nf24
かくだい,か,い,0,high,ichi1|news1|nf01
だけど,だ,ど,0,high,spec1
につける,に,る,0,high,gai1
だんし,だ,し,0,high,ichi1|news1|nf01
てがる,て,る,0,high,ichi1|news1|nf09
さいしゆうてき,さ,き,0,high,news1|nf03
とぎれる,と,る,0,high,ichi1|news2|nf41
さいてん,さ,ん,0,high,ichi1|news1|nf11|nf13
ぞうに,ぞ,に,0,high,ichi1|news2|nf39
しんらい,し,い,0,high,ichi1|news1|nf03
じさつ,じ,つ,0,high,ichi1|news1|nf06
すぺえす,す,す,0,high,gai1
おろしうり,お,り,0,high,ichi1|news1|nf11
しゆくふく,し,く,0,high,ichi1|news1|nf19
げつけい,げ,い,0,high,news1|nf20
ちようしゆ,ち,ゆ,0,high,news1|nf04
さんすう,さ,う,0,high,ichi1|news1|nf17
あつての,あ,の,0,high,spec1
じえいあある,じ,る,0,high,spec1
おうえん,お,ん,0,high,ichi1|news1|nf03
があど,が,ど,0,high,gai1|ichi1
どおむ,ど,む,0,high,gai1
ぱあれん,ぱ,ん,0,high,gai1
すいり,す,り,0,high,ichi1|news1|nf18|nf23
ふくげん,ふ,ん,0,high,news1|nf14
しゆつか,し,か,0,high,ichi1|news1|nf06|nf12
ぼらんていあ,ぼ,あ,0,high,gai1
はつしよう,は,う,0,high,news1|nf17|spec1
じまん,じ,ん,0,high,ichi1|news1|nf10
てにす,て,す,0,high,gai1|ichi1
たいぼく,た,く,0,high,news1|nf14
ひようき,ひ,き,0,high,ichi1|news1|nf12
ふおおちゆん,ふ,ん,0,high,gai1
おむつ,お,つ,0,high,spec1
おおく,お,く,0,high,gai1|spec1
がいちゆう,が,う,0,high,ichi1|news1|nf20
にじゆうよんにち,に,ち,0,high,spec1
びんぼう,び,う,0,high,ichi1|news1|nf18
しぶや,し,や,0,high,spec1
かんこんそうさい,か,い,0,high,ichi1|news1|nf21
こんせん,こ,ん,0,high,news1|nf10
ほしゆ,ほ,ゆ,0,high,ichi1|news1|nf02|nf07
すいじやく,す,く,0,high,news1|nf24
おさん,お,ん,0,high,news1|nf22
くろぎぬ,く,ぬ,0,high,news1|nf23
くどくど,く,ど,0,high,ichi1
へがす,へ,す,0,high,ichi1
にゆうさつ,に,つ,0,high,ichi1|news1|nf03
しせき,し,き,0,high,news1|nf19
ぱあかあ,ぱ,あ,0,high,gai1
かんきん,か,ん,0,high,ichi1|news1|nf13|nf20
こめんてえたあ,こ,あ,0,high,gai1
たまる,た,る,0,high,ichi1
みこ,み,こ,0,high,news2|nf36|spec1
はんたいせい,は,い,0,high,news1|nf12
めつぼう,め,う,0,high,ichi1|news2|nf26
そくざ,そ,ざ,0,high,ichi1|news1|nf13
りつきよう,り,う,0,high,ichi1|news2|nf45
くろあちあ,く,あ,0,high,gai1
かあぼん,か,ん,0,high,gai1
ふゆば,ふ,ば,0,high,news1|nf16
ふらつぐ,ふ,ぐ,0,high,gai1
じようよう,じ,う,0,high,ichi1|news1|nf16
なぜか,な,か,0,high,ichi1
まじか,ま,か,0,high,ichi1|news1|nf10
ふくぶ,ふ,ぶ,0,high,news1|nf17
ざいむかん,ざ,ん,0,high,news1|nf17
にるい,に,い,0,high,news1|nf04
ほくせい,ほ,い,0,high,ichi1|news1|nf09
ぷろふえつしよなる,ぷ,る,0,high,gai1
きにち,き,ち,0,high,ichi1|news1|nf09
みみより,み,り,0,high,ichi1|spec1
じようしよ,じ,よ,0,high,ichi1|news1|nf14
なぜなら,な,ら,0,high,ichi1
ひきゆう,ひ,う,0,high,news1|nf20
そういつた,そ,た,0,high,spec1
めでたい,め,い,0,high,ichi1
よそく,よ,く,0,high,news1|nf04
ないじつ,な,つ,0,high,news1|nf22
けむたい,け,い,0,high,ichi1
こうしん,こ,ん,0,high,ichi1|news1|nf07|nf11|nf17|nf18
いぎ,い,ぎ,0,high,ichi1|news1|nf04|nf10
ごるふ,ご,ふ,0,high,gai1|ichi1
ていしよく,て,く,0,high,ichi1|news1|nf14|nf22
まだまだ,ま,だ,0,high,spec1
きようゆう,き,う,0,high,ichi1|news1|nf15
しるし,し,し,0,high,ichi1|news1|nf07
しゆんとう,し,う,0,high,news1|nf05
じよきん,じ,ん,0,high,spec1
せんぱく,せ,く,0,high,ichi1|news1|nf08
みさ,み,さ,0,high,gai1
みうける,み,る,0,high,news1|nf23
りんり,り,り,0,high,ichi1|news1|nf03
すつごい,す,い,0,high,spec1
しよちゆうみまい,し,い,0,high,ichi1
のんふいくしよん,の,ん,0,high,gai1|ichi1
やせい,や,い,0,high,ichi1|news1|news2|nf06|nf30
かいだし,か,し,0,high,news1|nf24
きやらくたあ,き,あ,0,high,gai1
たいい,た,い,0,high,news1|nf18
またぐ,ま,ぐ,0,high,ichi1
ていりゆうじよ,て,よ,0,high,ichi1|news2|nf38
らくさつ,ら,つ,0,high,ichi1|news1|nf12
よねん,よ,ん,0,high,news1|nf21
ふるす,ふ,す,0,high,news1|nf22
しようかき,し,き,0,high,ichi1|news1|nf23
しはらい,し,い,0,high,ichi1|news1|nf03|spec1
させつ,さ,つ,0,high,news2|nf47|spec1
あいそ,あ,そ,0,high,ichi1|news1|nf22
めんぜい,め,い,0,high,ichi1|news1|nf16
さおとめ,さ,め,0,high,news1|nf13
しようひん,し,ん,0,high,ichi1|news1|nf01|nf17|nf22
だんやく,だ,く,0,high,news1|nf11
おもいがけない,お,い,0,high,ichi1|news2|nf46
むちやくちや,む,や,0,high,ichi1
ふじ,ふ,じ,0,high,news1|nf07
じいぷ,じ,ぷ,0,high,gai1
さあち,さ,ち,0,high,gai1
どち,ど,ち,0,high,ichi1|news1|nf01
いらつしやいませ,い,せ,0,high,ichi1
おふろおど,お,ど,0,high,gai1
いんとねえしよん,い,ん,0,high,gai2|ichi1
くるま,く,ま,0,high,ichi1|news1|nf01
ゆういぎ,ゆ,ぎ,0,high,ichi1|news1|nf16
せんもんい,せ,い,0,high,news1|nf15
きようぎじよう,き,う,0,high,spec1
へんかく,へ,く,0,high,news1|nf05
えあこん,え,ん,0,high,gai1|ichi1
ひめい,ひ,い,0,high,ichi1|news1|nf11
てんいん,て,ん,0,high,ichi1|news1|nf07
こわだか,こ,か,0,high,news1|nf17
ぜんい,ぜ,い,0,high,ichi1|news1|nf11
さんそん,さ,ん,0,high,news1|nf10
ぐう,ぐ,う,0,high,gai1|spec1
ふえあうえい,ふ,い,0,high,spec1
でないと,で,と,0,high,spec1
ふうじや,ふ,や,0,high,ichi1|news1|nf09
かぶと,か,と,0,high,news1|nf15
たんのう,た,う,0,high,news1|nf16
こうり,こ,り,0,high,ichi1|news1|nf14
みんしやとう,み,う,0,high,news1|nf02
ふうふ,ふ,ふ,0,high,ichi1|news1|nf02
たつけえ,た,え,0,high,ichi1|news1|nf08
しゆつこく,し,く,0,high,ichi1|news1|nf11
ぶつ,ぶ,つ,0,high,ichi1
だいに,だ,に,0,high,spec1
そしき,そ,き,0,high,ichi1|news1|nf01
じやつき,じ,き,0,high,gai1
びぼうじん,び,ん,0,high,news1|nf22
むらさき,む,き,0,high,ichi1|news1|nf10
きぎようか,き,か,0,high,news1|nf15
かかりちよう,か,う,0,high,news1|nf11
すずめ,す,め,0,high,ichi1|news1|nf10
がくちよう,が,う,0,high,ichi1|news1|nf06
つくり,つ,り,0,high,ichi1|news1|nf06|nf20
えつと,え,と,0,high,spec1
はらう,は,う,0,high,ichi1|news1|nf21
かみしばい,か,い,0,high,news1|nf21
めいだい,め,い,0,high,news1|nf17
すわり,す,り,0,high,news1|nf24
あとしまつ,あ,つ,0,high,ichi1|news1|nf20
さすぺんす,さ,す,0,high,gai1
おうさま,お,ま,0,high,ichi1|news1|nf15
そひん,そ,ん,0,high,spec1
にほんぎんこう,に,う,0,high,news1|nf08
はあど,は,ど,0,high,gai1|ichi1
ろけつと,ろ,と,0,high,gai1|ichi1
こうど,こ,ど,0,high,ichi1|news1|nf06
しかし,し,し,0,high,ichi1
ぼうとう,ぼ,う,0,high,ichi1|news1|news2|nf04|nf32
ちゆうかがい,ち,い,0,high,spec1
しおみず,し,ず,0,high,ichi1|news2|nf27
ずいいつ,ず,つ,0,high,news1|nf21
ぽじていぶ,ぽ,ぶ,0,high,gai1
さんさく,さ,く,0,high,news1|nf23
ほうけんしゆぎ,ほ,ぎ,0,high,ichi1
しゆほう,し,う,0,high,news1|nf04|nf16
ねじ,ね,じ,0,high,spec1
うけとめる,う,る,0,high,ichi1|news1|nf07
じへいしよう,じ,う,0,high,news1|nf22
でいいぜる,で,る,0,high,gai1
ひく,ひ,く,0,high,ichi1
みんかん,み,ん,0,high,ichi1|news1|nf01
いんぐらんど,い,ど,0,high,gai1
ちがい,ち,い,0,high,ichi1|news1|nf02
はみだす,は,す,0,high,ichi1
しゆくでん,し,ん,0,high,ichi1|news2|nf27
しゆうぎいん,し,ん,0,high,ichi1|news1|nf10
げんかしようきやく,げ,く,0,high,news1|nf24
わび,わ,び,0,high,ichi1
らいぶ,ら,ぶ,0,high,gai1
がんばん,が,ん,0,high,news1|nf24
にゆうようじ,に,じ,0,high,news1|nf15
びじよ,び,よ,0,high,ichi1|news1|nf15
うばう,う,う,0,high,ichi1|news1|nf05
たしや,た,や,0,high,ichi1|news1|nf08
すうぱあまん,す,ん,0,high,gai1
たり,た,り,0,high,spec1
せつぼう,せ,う,0,high,news1|nf24
ちぎる,ち,る,0,high,ichi1
はいぶん,は,ん,0,high,ichi1|news1|nf04
ほうがいい,ほ,い,0,high,spec1
かんぱにい,か,い,0,high,gai1
ぎぎ,ぎ,ぎ,0,high,news1|nf21
せいこう,せ,う,0,high,ichi1|news1|nf03|nf12|nf19|nf22|nf24
しゆつてん,し,ん,0,high,news1|nf09|nf14
てえまそんぐ,て,ぐ,0,high,gai1
ぶり,ぶ,り,0,high,ichi1
かかる,か,る,0,high,ichi1|news2|nf47
ないとくらぶ,な,ぶ,0,high,gai1
にじゆうよじかんせい,に,い,0,high,news1|nf08
しそん,し,ん,0,high,ichi1|news1|nf11
ちゆうさい,ち,い,0,high,ichi1|news1|nf16
しようしよ,し,よ,0,high,ichi1|news1|nf08
しつせき,し,き,0,high,news1|nf15
ばりけえど,ば,ど,0,high,gai1
ぷろだくと,ぷ,と,0,high,gai1
かんまつ,か,つ,0,high,news1|nf19
もすく,も,く,0,high,gai1
きようりゆう,き,う,0,high,news1|nf08
なう,な,う,0,high,gai1
そうだんじよ,そ,よ,0,high,news1|nf15
むらさきいろ,む,ろ,0,high,news1|nf20
すわひりご,す,ご,0,high,spec1
ぱとりおていずむ,ぱ,む,0,high,gai1
ちよくし,ち,し,0,high,ichi1|news2|nf36
ままさん,ま,ん,0,high,spec1
りやくす,り,す,0,high,ichi1
あいすくりいむ,あ,む,0,high,gai1|ichi1
えどじだい,え,い,0,high,spec1
おく,お,く,0,high,ichi1|news1|news2|nf07|nf44
せきにん,せ,ん,0,high,ichi1|news1|nf01
ゆにゆう,ゆ,う,0,high,ichi1|news1|nf01
むじゆうりよう,む,う,0,high,news1|nf17
ゆうしきしや,ゆ,や,0,high,news1|nf10
あなどる,あ,る,0,high,ichi1
たんすう,た,う,0,high,ichi1
にごす,に,す,0,high,ichi1|news2|nf29
おどろき,お,き,0,high,ichi1|news1|nf09
むぼう,む,う,0,high,ichi1|news1|nf22
があでん,が,ん,0,high,gai1
ていがく,て,く,0,high,ichi1|news1|news2|nf09|nf32
ふんがい,ふ,い,0,high,ichi1|news1|nf22
ろんぶん,ろ,ん,0,high,ichi1|news1|nf04
いそぎ,い,ぎ,0,high,news1|nf24
こんわく,こ,く,0,high,ichi1|news1|nf19
こくみんせい,こ,い,0,high,news1|nf22
ろしん,ろ,ん,0,high,news1|nf15
いじゆう,い,う,0,high,ichi1|news1|nf11
すくりゆう,す,う,0,high,gai1
でんせん,で,ん,0,high,ichi1|news1|news2|nf17|nf35
このんで,こ,で,0,high,news1|nf18
ゆうい,ゆ,い,0,high,news1|nf09
しんじよう,し,う,0,high,news1|nf11|nf14|nf16
はごたえ,は,え,0,high,news2|nf41|spec1
えめらるど,え,ど,0,high,gai1
きかんしや,き,や,0,high,ichi1|news1|nf20
ぶらく,ぶ,く,0,high,news1|nf16
あらわれ,あ,れ,0,high,ichi1|news1|news2|nf08|nf41
あんせい,あ,い,0,high,ichi1|news2|nf28
おどろく,お,く,0,high,ichi1
あほう,あ,う,0,high,ichi1
いちげき,い,き,0,high,news2|nf26|spec1
こんご,こ,ご,0,high,gai1|ichi1|news1|nf01
あれほど,あ,ど,0,high,spec1
ゆびわ,ゆ,わ,0,high,ichi1|news1|nf14
さく,さ,く,0,high,ichi1|news1|nf07|nf13|spec1
めんたるへるす,め,す,0,high,gai1
しじゆうそう,し,う,0,high,news1|nf16
こうてい,こ,い,0,high,ichi1|news1|nf05|nf10|nf11|nf13|nf17|nf21|nf22|nf24
ていたい,て,い,0,high,ichi1|news1|nf10|nf23
すぱいく,す,く,0,high,gai1
ぷつしゆほん,ぷ,ん,0,high,gai1
とうあ,と,あ,0,high,news1|nf13
はちゆうるい,は,い,0,high,spec1
きよくげん,き,ん,0,high,ichi1|news1|nf15
かんこおひい,か,い,0,high,spec1
けみよう,け,う,0,high,news1|nf14
にんぷ,に,ぷ,0,high,news1|nf15
なしには,な,は,0,high,spec1
こつこう,こ,う,0,high,ichi1|news1|nf03
いただく,い,く,0,high,ichi1
かわらない,か,い,0,high,news1|nf03
こんさるたんと,こ,と,0,high,gai1
こういき,こ,き,0,high,news1|nf11
もてなす,も,す,0,high,ichi1
のうこう,の,う,0,high,ichi1|news1|nf11|nf21
よこ,よ,こ,0,high,ichi1|news1|nf03
おんなのひと,お,と,0,high,spec1
しさん,し,ん,0,high,ichi1|news1|nf02|nf07
かせんしき,か,き,0,high,news1|nf14
すいちゆう,す,う,0,high,ichi1|news1|nf12
ばれえ,ば,え,0,high,gai1|ichi1
しみいず,し,ず,0,high,gai1
だんぼう,だ,う,0,high,ichi1|news1|nf15
にんめい,に,い,0,high,ichi1|news1|nf10
なんぼく,な,く,0,high,ichi1|news1|nf02
ぼさつ,ぼ,つ,0,high,news1|nf20
あなろぐ,あ,ぐ,0,high,gai1
らんけい,ら,い,0,high,ichi1|news2|nf44|spec2
こがら,こ,ら,0,high,news1|nf12
ぽおとれえと,ぽ,と,0,high,spec1
もんよう,も,う,0,high,news1|news2|nf21|nf38
かんがい,か,い,0,high,ichi1|news1|news2|nf15|nf42
そくしん,そ,ん,0,high,ichi1|news1|nf03
くりいむ,く,む,0,high,gai1|ichi1
じようしき,じ,き,0,high,ichi1|news1|nf05
じようすう,じ,う,0,high,news1|nf02
ほんじようし,ほ,し,0,high,news1|nf21
いしん,い,ん,0,high,ichi1|news1|nf10|nf13
いつかい,い,い,0,high,news1|nf03|nf05|spec1
しようだん,し,ん,0,high,ichi1|news1|nf12
かたすみ,か,み,0,high,news1|nf15
しんすい,し,い,0,high,news1|nf19
きげん,き,ん,0,high,ichi1|news1|news2|nf03|nf14|nf16|nf32
ゆうべ,ゆ,べ,0,high,news1|nf18
こおひいかつぷ,こ,ぷ,0,high,spec1
はんど,は,ど,0,high,gai1
まなつ,ま,つ,0,high,ichi1|news1|nf14
ふうぞく,ふ,く,0,high,ichi1|news1|nf10
ねがえり,ね,り,0,high,ichi1|news2|nf36
はるさき,は,き,0,high,news1|nf18
かいあげ,か,げ,0,high,news1|nf16
ちようか,ち,か,0,high,ichi1|news1|nf13
へいめん,へ,ん,0,high,ichi1|news1|nf15
じどう,じ,う,0,high,ichi1|news1|nf03|nf04
いしけつてい,い,い,0,high,news1|nf12
ふうぶつし,ふ,し,0,high,news1|nf22
せんもんてき,せ,き,0,high,news1|nf14
ういんど,う,ど,0,high,gai1
しろきぬ,し,ぬ,0,high,ichi1|news1|nf23
おだく,お,く,0,high,news1|nf18
じようきようほうこく,じ,く,0,high,spec1
じようねつ,じ,つ,0,high,ichi1|news1|nf08
かつすい,か,い,0,high,news1|nf15
けいざいかい,け,い,0,high,news1|nf06
ゆまり,ゆ,り,0,high,news1|nf13
けぶる,け,る,0,high,ichi1
こらある,こ,る,0,high,gai1
はんめん,は,ん,0,high,ichi1|news1|nf05
そぼく,そ,く,0,high,ichi1|news1|nf11
いいなり,い,り,0,high,ichi1|news2|nf25
ふらんすぱん,ふ,ん,0,high,gai1
なべ,な,べ,0,high,ichi1|news1|nf11
げんてん,げ,ん,0,high,ichi1|news1|news2|nf05|nf28
ねだい,ね,い,0,high,ichi1|news1|nf24
げた,げ,た,0,high,ichi1|news2|nf30
ひほけんしや,ひ,や,0,high,news1|nf23
につか,に,か,0,high,ichi1|news1|nf20
じようどしんしゆう,じ,う,0,high,news1|nf23
おもんじる,お,る,0,high,ichi1|news2|nf38
しあとる,し,る,0,high,gai1
つきる,つ,る,0,high,ichi1|news2|nf35
さいんかい,さ,い,0,high,spec1
さるさ,さ,さ,0,high,gai1
はいかあ,は,あ,0,high,gai1
とうとつ,と,つ,0,high,news1|nf16
るうむ,る,む,0,high,gai1|ichi1
しゆうごう,し,う,0,high,ichi1|news1|nf09
おさえる,お,る,0,high,ichi1|news1|nf04|nf08
こうえん,こ,ん,0,high,ichi1|news1|nf02|nf03
つきはじめ,つ,め,0,high,ichi1|news2|nf47
んだ,ん,だ,0,high,spec1
ばあべきゆう,ば,う,0,high,gai1
てんきよ,て,よ,0,high,ichi1|news1|nf23
さいくる,さ,る,0,high,gai1
かおり,か,り,0,high,ichi1|news1|nf06
としぶ,と,ぶ,0,high,spec1
せきゆ,せ,ゆ,0,high,ichi1|news1|nf02
がいさん,が,ん,0,high,news1|nf07
とち,と,ち,0,high,ichi1|news1|nf01
きせいじじつ,き,つ,0,high,news1|nf19
せいめいほけん,せ,ん,0,high,news1|nf08
ひとりあるき,ひ,き,0,high,news1|nf16|spec1
だつさんしん,だ,ん,0,high,news1|nf12
ちようきよう,ち,う,0,high,news1|nf20
そだち,そ,ち,0,high,ichi1|news1|nf13
すかる,す,る,0,high,gai1
せいせん,せ,ん,0,high,news1|nf15|nf16
いんち,い,ち,0,high,gai1
える,え,る,0,high,ichi1|news2|nf35
しんみつ,し,つ,0,high,ichi1|news1|nf15
しきじよう,し,う,0,high,news1|nf19
しんぞう,し,う,0,high,ichi1|news1|nf04
あとかたずけ,あ,け,0,high,ichi1|news2|nf26
かるてる,か,る,0,high,gai1
とりあつかいちゆうい,と,い,0,high,ichi1
えいめい,え,い,0,high,news1|nf21
あねさん,あ,ん,0,high,ichi1|news2|nf25
げきど,げ,ど,0,high,news1|nf23
つまようじ,つ,じ,0,high,ichi1
にあう,に,う,0,high,ichi1|news2|nf25
じやつく,じ,く,0,high,gai1
じやつかん,じ,ん,0,high,ichi1|news1|nf08
いつちやく,い,く,0,high,news1|nf23
かずかず,か,ず,0,high,news1|nf07
かしつちし,か,し,0,high,news1|nf14
ごろ,ご,ろ,0,high,ichi1|spec1
とまほおく,と,く,0,high,gai1
のうやく,の,く,0,high,news1|nf04
まなぶ,ま,ぶ,0,high,ichi1|news2|nf25
はくちよう,は,う,0,high,ichi1|news1|nf15
うけたまわる,う,る,0,high,ichi1|news2|nf35
こつち,こ,ち,0,high,ichi1
きみよう,き,う,0,high,ichi1|news1|nf09
がつぺいしよう,が,う,0,high,news1|nf23
ぽおたあ,ぽ,あ,0,high,gai1
ひろめく,ひ,く,0,high,ichi1
しよひよう,し,う,0,high,news1|nf09
こんばいん,こ,ん,0,high,gai1
ひれい,ひ,い,0,high,ichi1|news1|nf02
かるた,か,た,0,high,ichi1
みぐ,み,ぐ,0,high,gai1
ゆうげん,ゆ,ん,0,high,ichi1|news1|nf21
きようそう,き,う,0,high,ichi1|news1|nf02|nf13
りねん,り,ん,0,high,ichi1|news1|nf03
かくいん,か,ん,0,high,news1|nf14
ぼうせき,ぼ,き,0,high,ichi1|news1|nf23
すいき,す,き,0,high,news1|nf23
ぶしよ,ぶ,よ,0,high,news1|nf18
かありんぐ,か,ぐ,0,high,gai1
べるぎい,べ,い,0,high,spec1
ながうた,な,た,0,high,news1|nf24
きんか,き,か,0,high,news1|nf19
ゆく,ゆ,く,0,high,ichi1
おいるふえんす,お,す,0,high,gai1
ほうさく,ほ,く,0,high,ichi1|news1|nf08|nf16
でんげん,で,ん,0,high,ichi1|news1|nf11
ながや,な,や,0,high,news1|nf23
かつきてき,か,き,0,high,ichi1|news1|nf10
まるつきり,ま,り,0,high,ichi1
くれんざあ,く,あ,0,high,gai1
いがくぶ,い,ぶ,0,high,spec1
きめつける,き,る,0,high,ichi1|news2|nf27
たきぎ,た,ぎ,0,high,news1|nf21
ゆにつと,ゆ,と,0,high,gai1
いけめん,い,ん,0,high,spec1
おもみ,お,み,0,high,ichi1|news1|nf08
ろんきやく,ろ,く,0,high,news1|nf19
くうほう,く,う,0,high,news1|nf21
しゆうがく,し,く,0,high,news1|nf14
うかがう,う,う,0,high,ichi1|news2|nf45
つよさ,つ,さ,0,high,ichi1|news1|nf04
げや,げ,や,0,high,news1|nf19
せんげつ,せ,つ,0,high,ichi1|news1|nf02
ねんまつ,ね,つ,0,high,ichi1|news1|nf04
しゆうじよ,し,よ,0,high,ichi1
とらべる,と,る,0,high,gai1
かくじゆう,か,う,0,high,news1|nf08
しこみ,し,み,0,high,news1|nf22
さんよう,さ,う,0,high,news1|nf13
のき,の,き,0,high,ichi1|news1|nf17
てんよう,て,う,0,high,news1|nf15
えいだん,え,ん,0,high,news1|nf14
けんしよう,け,う,0,high,ichi1|news1|nf06|nf09|nf14|nf20
せいしんてき,せ,き,0,high,news1|nf06
きかんげんてい,き,い,0,high,spec1
ようけん,よ,ん,0,high,ichi1|news1|news2|nf09|nf31
あらた,あ,た,0,high,ichi1|news1|nf01|nf18
なえる,な,る,0,high,spec1
たん,た,ん,0,high,gai1|ichi1|news1|nf04|nf08|nf11
へいぼん,へ,ん,0,high,ichi1|news2|nf29
あるごりずむ,あ,む,0,high,gai1
だんちよう,だ,う,0,high,news1|nf04
じゆくれん,じ,ん,0,high,news1|nf22
はんせい,は,い,0,high,ichi1|news1|nf04|nf16
こいする,こ,る,0,high,ichi1|news2|nf36
まばら,ま,ら,0,high,ichi1
くうてん,く,ん,0,high,news1|nf19
いろあわい,い,い,0,high,news1|nf16
ぜんしよう,ぜ,う,0,high,news1|nf09
ときどき,と,き,0,high,ichi1|news1|nf07
ぼうえんきよう,ぼ,う,0,high,ichi1|news1|nf13
ぼつしゆう,ぼ,う,0,high,news1|nf23
おんじよう,お,う,0,high,ichi1|news1|nf07
とうよう,と,う,0,high,ichi1|news1|nf04|nf16
てぶり,て,り,0,high,ichi1|news2|nf44
がち,が,ち,0,high,ichi1
さがる,さ,る,0,high,ichi1|news1|nf24
ぶおんな,ぶ,な,0,high,ichi1
ほつといてくれ,ほ,れ,0,high,spec1
したう,し,う,0,high,ichi1|news2|nf28
たようか,た,か,0,high,news1|nf10
えいがかん,え,ん,0,high,ichi1|news1|nf09
じんるい,じ,い,0,high,ichi1|news1|nf04
しようてんがい,し,い,0,high,spec1
せんめん,せ,ん,0,high,ichi1|news2|nf28
しせつ,し,つ,0,high,ichi1|news1|nf01|nf11|nf16
ものの,も,の,0,high,spec1
ちやいにいず,ち,ず,0,high,gai1
かけつ,か,つ,0,high,ichi1|news1|nf11
たいけつ,た,つ,0,high,ichi1|news1|nf04
だいする,だ,る,0,high,news1|nf23
いますぐ,い,ぐ,0,high,spec1
せつない,せ,い,0,high,ichi1
はいりよ,は,よ,0,high,ichi1|news1|nf04
かわぞい,か,い,0,high,news1|nf18
ころも,こ,も,0,high,news1|nf10
じゆなん,じ,ん,0,high,news1|nf19
おおぞら,お,ら,0,high,news1|nf19
さくしゆ,さ,ゆ,0,high,ichi1|news2|nf34
けえすすたでい,け,い,0,high,gai1
すのお,す,お,0,high,gai1
はじく,は,く,0,high,ichi1
むらあと,む,と,0,high,gai1
こじ,こ,じ,0,high,ichi1|news1|news2|nf06|nf27
えんすい,え,い,0,high,ichi1|news2|nf27
ときはかねなり,と,り,0,high,spec1
ぽるの,ぽ,の,0,high,gai1
くろおず,く,ず,0,high,gai1
しよみん,し,ん,0,high,ichi1|news1|nf05
いちいち,い,ち,0,high,ichi1|news1|nf10
ていきあつ,て,つ,0,high,ichi1|news1|nf14
まとめる,ま,る,0,high,ichi1
よろん,よ,ん,0,high,ichi1|news1|nf02
てんげ,て,げ,0,high,ichi1|news1|nf12
なんぽう,な,う,0,high,news1|nf12
ねた,ね,た,0,high,spec1
りれき,り,き,0,high,ichi1|news2|nf40
ほんりゆう,ほ,う,0,high,news1|nf15
らくさ,ら,さ,0,high,news1|nf12
ふんべつ,ふ,つ,0,high,ichi1
ちほう,ち,う,0,high,ichi1|news1|nf01|nf10
めえと,め,と,0,high,gai1
るぽるたあじゆ,る,ゆ,0,high,gai1
せいたい,せ,い,0,high,ichi1|news1|nf09|nf11
しゆうち,し,ち,0,high,news1|nf11
きじゆつ,き,つ,0,high,ichi1|news1|nf07
ぽけつと,ぽ,と,0,high,gai1|ichi1
かくちよう,か,う,0,high,ichi1|news1|nf11
ぶらちすらば,ぶ,ば,0,high,gai1
けちえん,け,ん,0,high,ichi1|news1|nf17
いい,い,い,0,high,ichi1
じどうはんばいき,じ,き,0,high,news1|nf16
るいしん,る,ん,0,high,news1|nf21
しやてい,し,い,0,high,news1|nf12
ぐわい,ぐ,い,0,high,ichi1|news1|nf07
りやくだつ,り,つ,0,high,news1|nf16
たいくつ,た,つ,0,high,ichi1|news2|nf40
いらつしやい,い,い,0,high,spec1
かいせき,か,き,0,high,news1|nf10
せんめんじよ,せ,よ,0,high,ichi1|news2|nf28
けんじ,け,じ,0,high,ichi1|news1|nf04|nf10
へるめつと,へ,と,0,high,gai1
らいなあ,ら,あ,0,high,gai1
にぐう,に,う,0,high,news1|nf19
へきが,へ,が,0,high,news1|nf12
らびおり,ら,り,0,high,gai1
おろしうりぶつか,お,か,0,high,news1|nf17
たこ,た,こ,0,high,ichi1|news1|nf18
よちよち,よ,ち,0,high,ichi1
わん,わ,ん,0,high,gai1|ichi1|news1|news2|nf03|nf34
おぼうさん,お,ん,0,high,ichi1
こぎとえるごすむ,こ,む,0,high,gai1
せくしい,せ,い,0,high,gai1
いれもの,い,の,0,high,ichi1|news2|nf41
ごうきん,ご,ん,0,high,news1|nf17
しやたい,し,い,0,high,news1|nf13|spec1
けんちくぶつ,け,つ,0,high,spec1
やどや,や,や,0,high,ichi1|news2|nf42
おいかける,お,る,0,high,ichi2|spec1
その,そ,の,0,high,ichi1|news1|nf09|spec1
てだすけ,て,け,0,high,news1|nf15
こくじん,こ,ん,0,high,ichi1|news1|nf03|nf09
まえおき,ま,き,0,high,ichi1|news2|nf43
いじわる,い,る,0,high,ichi1|news2|nf37
こうりつてき,こ,き,0,high,news1|nf11
かたかな,か,な,0,high,ichi1|news2|nf32
こがね,こ,ね,0,high,ichi1
かいはつもと,か,と,0,high,spec1
ゆさぶり,ゆ,り,0,high,news1|nf15
さしひかえる,さ,る,0,high,news1|nf23
てきせつ,て,つ,0,high,ichi1|news1|nf04
かかす,か,す,0,high,news1|nf06
たぶう,た,う,0,high,gai1
ゆだやきよう,ゆ,う,0,high,spec1
こつきよう,こ,う,0,high,ichi1|news1|nf02
いくか,い,か,0,high,ichi1
すじ,す,じ,0,high,ichi1|news1|nf01
ゆいごん,ゆ,ん,0,high,ichi1|news1|nf15
くたくた,く,た,0,high,ichi1
ふきつ,ふ,つ,0,high,ichi1|news2|nf31
びおら,び,ら,0,high,gai1
めんぼく,め,く,0,high,ichi1|news1|nf16
ていこく,て,く,0,high,ichi1|news1|nf07|nf19
いじよう,い,う,0,high,ichi1|news1|nf05|nf11|nf12|nf20
むじようけん,む,ん,0,high,ichi1|news1|nf12
かつよう,か,う,0,high,ichi1|news1|nf06
かくにん,か,ん,0,high,ichi1|news1|nf03
でにむ,で,む,0,high,gai1
きやくあし,き,し,0,high,news1|nf20
しよくじ,し,じ,0,high,ichi1|news1|nf03
しやぼんだま,し,ま,0,high,spec1
ぬうべる,ぬ,る,0,high,gai1
だんとう,だ,う,0,high,news1|nf12|nf16
かんき,か,き,0,high,ichi1|news1|news2|nf18|nf20|nf23|nf25
あいずち,あ,ち,0,high,ichi1|news2|nf36
べいこく,べ,く,0,high,news1|nf01|nf14
ぴいぷる,ぴ,る,0,high,gai1
めだま,め,ま,0,high,ichi1|news1|nf06
げばりすた,げ,た,0,high,gai1
ちやくちやく,ち,く,0,high,ichi1|news2|nf43
はがれる,は,る,0,high,spec1
げつしゆう,げ,う,0,high,news1|nf13
いんしよくてん,い,ん,0,high,ichi1
みようちよう,み,う,0,high,ichi1|news2|nf47
ふろん,ふ,ん,0,high,gai1
ぼおど,ぼ,ど,0,high,gai1
たさつ,た,つ,0,high,ichi1|news1|nf23
だいじようぶ,だ,ぶ,0,high,ichi1|news1|nf06
たある,た,る,0,high,gai1
さんくちゆあり,さ,り,0,high,gai1
こうくうびん,こ,ん,0,high,ichi1|news1|nf22
かんぼつ,か,つ,0,high,news1|nf21
にゆうふえいす,に,す,0,high,gai1
さいかいはつ,さ,つ,0,high,news1|nf12
そつぎようせい,そ,い,0,high,spec1
りようりや,り,や,0,high,news1|nf10
みきりはつしや,み,や,0,high,news1|nf22
しゆうにゆう,し,う,0,high,ichi1|news1|nf02
はつぴようかい,は,い,0,high,spec1
とうげ,と,げ,0,high,ichi1|news1|nf13
げいじゆつか,げ,か,0,high,news1|nf11
じようない,じ,い,0,high,news1|nf13|nf21
おおぷんせん,お,ん,0,high,spec1
せい,せ,い,0,high,ichi1|news1|nf03|nf04|nf05|nf06|nf07|nf09
ふれんどりい,ふ,い,0,high,spec1
ぶらうんかん,ぶ,ん,0,high,spec1
ごうばん,ご,ん,0,high,ichi1|news1|nf24
けぶたい,け,い,0,high,ichi1
おもうぞんぶん,お,ん,0,high,ichi1|news2|nf37
ねんりつ,ね,つ,0,high,news1|nf11
ひずけ,ひ,け,0,high,ichi1|news1|nf08
よのなか,よ,か,0,high,ichi1|news1|nf06
きんがく,き,く,0,high,ichi1|news1|nf03
ひきあい,ひ,い,0,high,news1|nf15
しんちく,し,く,0,high,ichi1|news1|nf10
げんしよく,げ,く,0,high,news1|nf03
ぼでいこん,ぼ,ん,0,high,gai1
こんだて,こ,て,0,high,ichi1|news1|nf18
はんぱつ,は,つ,0,high,ichi1|news1|nf02
してつ,し,つ,0,high,ichi1|news1|nf09
ひつてき,ひ,き,0,high,ichi1|news1|nf10
けいべつ,け,つ,0,high,ichi1|news2|nf45
あさぬの,あ,の,0,high,news1|nf08
ぷれいがある,ぷ,る,0,high,gai1
せいざ,せ,ざ,0,high,ichi1|news1|news2|nf24|nf37
なんというか,な,か,0,high,spec1
けんこう,け,う,0,high,ichi1|news1|nf02
ちようかん,ち,ん,0,high,ichi1|news1|nf01|nf07
とくべつかかく,と,く,0,high,spec1
ふろおずんふうど,ふ,ど,0,high,gai1
どなあ,ど,あ,0,high,gai1
かる,か,る,0,high,ichi1|news1|nf18
かぎりない,か,い,0,high,news1|nf16
すいへん,す,ん,0,high,news1|nf20
ほうちこく,ほ,く,0,high,news1|nf24
かあでいがん,か,ん,0,high,gai1
がいする,が,る,0,high,ichi1|news2|nf29
こんちねんたる,こ,る,0,high,gai1
ろおず,ろ,ず,0,high,gai1
かしわ,か,わ,0,high,news1|nf10
ほうほうろん,ほ,ん,0,high,news1|nf19
あおやなぎ,あ,ぎ,0,high,news1|nf19
できる,で,る,0,high,ichi1|news1|nf15
あわせる,あ,る,0,high,ichi1|news1|nf08|nf15
じた,じ,た,0,high,news1|nf23
ただしい,た,い,0,high,ichi1|news1|nf24
こんぽんてき,こ,き,0,high,news1|nf10
まいなあ,ま,あ,0,high,gai1
ぺえじ,ぺ,じ,0,high,gai1|ichi1
ふれああ,ふ,あ,0,high,gai1
しゆなつぷす,し,す,0,high,gai1
かきなおす,か,す,0,high,ichi1|news2|nf42
えべす,え,す,0,high,news1|nf19
どうたい,ど,い,0,high,ichi1|news1|nf19|nf20
きたかぜ,き,ぜ,0,high,ichi1|news2|nf25
ふこうへい,ふ,い,0,high,ichi1|news1|nf13
れたあ,れ,あ,0,high,gai1
ちゆうきゆう,ち,う,0,high,ichi1|news1|nf20
たまご,た,ご,0,high,ichi1|news1|nf05|spec1
そうさ,そ,さ,0,high,ichi1|news1|nf01|nf04
ふうじよう,ふ,う,0,high,news1|nf20
しんゆう,し,う,0,high,ichi1|news1|nf14
ねつこ,ね,こ,0,high,ichi1|news1|nf21
たすかる,た,る,0,high,ichi1|news2|nf36
じよおう,じ,う,0,high,ichi1|news1|nf06
へもぐろびん,へ,ん,0,high,gai1
さます,さ,す,0,high,ichi1|news2|nf43
しんりがく,し,く,0,high,news1|nf11
ひきざん,ひ,ん,0,high,ichi1
ににんまえ,に,え,0,high,ichi1
ていせい,て,い,0,high,ichi1|news1|nf12|nf22
みりよくてき,み,き,0,high,spec1
ぱんく,ぱ,く,0,high,gai1|ichi1
とうきよく,と,く,0,high,ichi1|news1|nf01
こううん,こ,ん,0,high,ichi1|news1|nf18
きか,き,か,0,high,ichi1|news1|news2|nf21|nf44
ひようご,ひ,ご,0,high,ichi1|news1|nf20
じゆよ,じ,よ,0,high,ichi1|news1|nf21
こつた,こ,た,0,high,news1|nf21
きたく,き,く,0,high,ichi1|news1|nf10
いそいで,い,で,0,high,news1|nf06
いがむ,い,む,0,high,ichi1
とうじ,と,じ,0,high,ichi1|news1|nf01|nf04|nf13
ふおおめえしよん,ふ,ん,0,high,gai1
とりかえす,と,す,0,high,ichi1|news2|nf46
くりええたあ,く,あ,0,high,gai1
まさか,ま,か,0,high,ichi1
しみんけん,し,ん,0,high,news1|nf14
しゆどうけん,し,ん,0,high,news1|nf06
むかむか,む,か,0,high,ichi1
えす,え,す,0,high,gai1
かいほう,か,う,0,high,ichi1|news1|nf02|nf03|nf18
おんりい,お,い,0,high,gai1
かいこ,か,こ,0,high,ichi1|news1|nf08|nf17
すいさんちよう,す,う,0,high,news1|nf14
たび,た,び,0,high,ichi1|news1|nf03
けわい,け,い,0,high,ichi1|news1|nf05
ほおむへるぱあ,ほ,あ,0,high,gai1
ゆうえんち,ゆ,ち,0,high,ichi1|news1|nf15
ほんせん,ほ,ん,0,high,ichi1|news1|nf15
かようび,か,び,0,high,ichi1|news1|nf17
たちいり,た,り,0,high,news1|nf07
えくすぷれす,え,す,0,high,gai1
ほごしや,ほ,や,0,high,ichi1|news1|nf10
とだな,と,な,0,high,ichi1|news2|nf39
ぬくまる,ぬ,る,0,high,ichi1|news1|nf24
ひんじ,ひ,じ,0,high,gai1
ぱねりすと,ぱ,と,0,high,gai1
につき,に,き,0,high,ichi1|news1|nf07
れんたい,れ,い,0,high,ichi1|news1|nf07|nf18
あまもり,あ,り,0,high,ichi1|news2|nf34
くりひろげる,く,る,0,high,news2|nf25|spec1
べたべた,べ,た,0,high,ichi1|spec1
ほうそく,ほ,く,0,high,ichi1|news1|nf15
つみこむ,つ,む,0,high,news1|nf21
じやがあ,じ,あ,0,high,gai1
いほう,い,う,0,high,ichi1|news1|nf06
ざいさん,ざ,ん,0,high,ichi1|news1|nf04
はちよう,は,う,0,high,ichi1|news1|nf23
ぽつと,ぽ,と,0,high,gai1|ichi1
はいれべる,は,る,0,high,gai1
めもりあるほおる,め,る,0,high,gai1
ちようせんはんとう,ち,う,0,high,news1|nf04
きゆうち,き,ち,0,high,news1|nf14
しつ,し,つ,0,high,ichi1|news1|nf04
おんぶ,お,ぶ,0,high,ichi1
があでいあん,が,ん,0,high,gai1
くうせき,く,き,0,high,news1|nf12
ちがいない,ち,い,0,high,ichi1
さきかた,さ,た,0,high,news1|nf23
ざいじゆう,ざ,う,0,high,news1|nf04
きびん,き,ん,0,high,ichi1|news1|nf24
るみのおる,る,る,0,high,gai1
さいえんす,さ,す,0,high,gai1
ついん,つ,ん,0,high,gai1
かんぶつ,か,つ,0,high,ichi1|news2|nf37
うりこみ,う,み,0,high,news1|nf12
にほんしゆ,に,ゆ,0,high,ichi1|news1|nf11
のおまらいず,の,ず,0,high,gai1
つれる,つ,る,0,high,ichi1|news1|nf16
ゆうろ,ゆ,ろ,0,high,gai1
つとめて,つ,て,0,high,ichi1
すちゆわあです,す,す,0,high,gai1|ichi1
うりあげだか,う,か,0,high,news1|nf04
いもうと,い,と,0,high,ichi1|news1|nf06
みんく,み,く,0,high,gai1
ふくごう,ふ,う,0,high,ichi1|news1|nf06
こうしよう,こ,う,0,high,ichi1|news1|nf01|nf07|nf22
ひつようせい,ひ,い,0,high,news1|nf03
いやき,い,き,0,high,news1|nf15
だいなし,だ,し,0,high,ichi1|news2|nf27
あつぱく,あ,く,0,high,ichi1|news1|nf15
もとより,も,り,0,high,ichi1
みしがん,み,ん,0,high,gai1
みはか,み,か,0,high,news1|nf11
こうちようかい,こ,い,0,high,news1|nf06
てえぴんぐ,て,ぐ,0,high,gai1
らんく,ら,く,0,high,gai1
さんけん,さ,ん,0,high,news1|nf18
そうりよ,そ,よ,0,high,ichi1|news2|nf27
すちいむ,す,む,0,high,gai1
こくみん,こ,ん,0,high,ichi1|news1|nf01
とびち,と,ち,0,high,news1|nf21
ぐらまあ,ぐ,あ,0,high,gai1
とりうむ,と,む,0,high,gai1
つうりすと,つ,と,0,high,gai1
あいて,あ,て,0,high,ichi1|news1|nf01
こうがく,こ,く,0,high,ichi1|news1|nf06|nf09|nf19
ほうべい,ほ,い,0,high,news1|nf06
があぜ,が,ぜ,0,high,gai1
てぎわ,て,わ,0,high,ichi1|news1|nf19
はてしない,は,い,0,high,ichi1|news2|nf33
せんりゆう,せ,う,0,high,news1|nf13
さいにゆう,さ,う,0,high,news1|nf09
しやぶしやぶ,し,ぶ,0,high,spec1
まるがた,ま,た,0,high,ichi1|news1|nf13
がんしよく,が,く,0,high,ichi1|news1|nf16
きぶつ,き,つ,0,high,news1|nf23
さんや,さ,や,0,high,news1|nf17
いおう,い,う,0,high,news1|nf11
ふたりとも,ふ,も,0,high,spec1
いいんかい,い,い,0,high,ichi1|news1|nf01
てえまぱあく,て,く,0,high,gai1
よる,よ,る,0,high,ichi1|news1|news2|nf02|nf45
ちゆうがく,ち,く,0,high,ichi1|news1|nf03
しうと,し,と,0,high,ichi1|news2|nf36
らいふ,ら,ふ,0,high,gai1
しんぽ,し,ぽ,0,high,gai1|ichi1|news1|nf07
まんちえすたあ,ま,あ,0,high,gai1
てつかく,て,く,0,high,ichi1|news1|nf09|nf18
ぼろぼろ,ぼ,ろ,0,high,ichi1|spec1
とらんしいばあ,と,あ,0,high,gai1
つきよ,つ,よ,0,high,ichi1|news2|nf42
そんがいほけん,そ,ん,0,high,news1|nf13
またね,ま,ね,0,high,spec1
しんきよく,し,く,0,high,news1|nf18
いつぴよう,い,う,0,high,news1|nf07
ふたん,ふ,ん,0,high,ichi1|news1|nf02
ゆきすぎる,ゆ,る,0,high,news1|nf18
らいかく,ら,く,0,high,ichi1|news1|nf19
しようせん,し,ん,0,high,news1|nf12
かめらまん,か,ん,0,high,gai1|ichi1
ふきげん,ふ,ん,0,high,ichi1|news2|nf26
ずるい,ず,い,0,high,ichi1
だりよく,だ,く,0,high,news1|nf13
とおか,と,か,0,high,ichi1|spec1
みるうおおきい,み,い,0,high,gai1
いんふれ,い,れ,0,high,gai1|ichi1
おおかた,お,た,0,high,ichi1|news1|nf12
きよてん,き,ん,0,high,news1|nf03
びいばあ,び,あ,0,high,gai1
つらい,つ,い,0,high,ichi1
なごりおしい,な,い,0,high,ichi1
とりこみ,と,み,0,high,news1|nf18
ふりいだいやる,ふ,る,0,high,gai1
きんびようぶ,き,ぶ,0,high,news1|nf19
あんぐる,あ,る,0,high,gai1
ぞうり,ぞ,り,0,high,ichi1|news2|nf41
こうきよ,こ,よ,0,high,news1|nf07
さいていげん,さ,ん,0,high,news1|nf10
かんけつ,か,つ,0,high,news1|nf18|nf21
みゆんへん,み,ん,0,high,gai1
ずめん,ず,ん,0,high,news1|nf19
どひようぎわ,ど,わ,0,high,news1|nf17
あいそう,あ,う,0,high,ichi1|news1|nf22
ちゆうぶ,ち,ぶ,0,high,gai1|news1|nf06
わきまえる,わ,る,0,high,ichi1
こやく,こ,く,0,high,news1|nf21
かいごう,か,う,0,high,ichi1|news1|nf02
めんもく,め,く,0,high,ichi1|news1|nf16
りけい,り,い,0,high,ichi1
せみころん,せ,ん,0,high,gai1
そそぐ,そ,ぐ,0,high,ichi1|news1|nf18
しようがくせい,し,い,0,high,ichi1|news1|nf04
けいさん,け,ん,0,high,ichi1|news1|nf04
かくしん,か,ん,0,high,ichi1|news1|nf05|nf11|nf12
しじ,し,じ,0,high,ichi1|news1|nf01|nf04|nf14
ひいりんぐ,ひ,ぐ,0,high,spec1
だいいちにんしや,だ,や,0,high,news1|nf10
けいせい,け,い,0,high,ichi1|news1|nf05|nf18
ひそひそ,ひ,そ,0,high,ichi1|spec1
ばつてりい,ば,い,0,high,gai1
ぱつく,ぱ,く,0,high,gai1
かてごり,か,り,0,high,spec1
らいぶらりい,ら,い,0,high,gai1
まぎわ,ま,わ,0,high,ichi1|news1|nf15
こんじき,こ,き,0,high,ichi1|news1|nf18
あまみず,あ,ず,0,high,news1|nf14
せんりやく,せ,く,0,high,news1|nf02
こおぽれえしよん,こ,ん,0,high,gai1
しんりよく,し,く,0,high,news1|nf22
じんけん,じ,ん,0,high,ichi1|news1|nf02
ふこく,ふ,く,0,high,news1|nf17
きちようひん,き,ん,0,high,ichi1|news2|nf27
かたみ,か,み,0,high,ichi1|news2|nf35
しんせいかつ,し,つ,0,high,spec1
はいれつ,は,つ,0,high,ichi1|news1|nf19
こおでいねえと,こ,と,0,high,gai1
しいくれつとさあびす,し,す,0,high,gai1
まぎれる,ま,る,0,high,ichi1|news2|nf38
ひだりうえ,ひ,え,0,high,spec1
そうりよく,そ,く,0,high,news1|nf18
さんじゆうにち,さ,ち,0,high,spec1
すろおがん,す,ん,0,high,gai1
のりかえ,の,え,0,high,ichi1|news1|nf20|spec1
でえげえむ,で,む,0,high,gai1
いちよく,い,く,0,high,news1|nf19
きちげえ,き,え,0,high,ichi1
つなみ,つ,み,0,high,ichi1|news1|nf09
ごうしや,ご,や,0,high,news1|nf24
だつらく,だ,く,0,high,ichi1|news1|nf23
ふるまう,ふ,う,0,high,ichi1|news2|nf44
しはつ,し,つ,0,high,ichi1|news1|nf18
ずつ,ず,つ,0,high,spec1
こうぎ,こ,ぎ,0,high,ichi1|news1|nf04|nf08
きとくけん,き,ん,0,high,news1|nf16
えいやく,え,く,0,high,news1|nf22
ころなういるす,こ,す,0,high,spec1
べつ,べ,つ,0,high,ichi1
びようじよう,び,う,0,high,ichi1|news1|nf11
ふじようり,ふ,り,0,high,ichi1|news2|nf28
おぶらあと,お,と,0,high,gai1
おきあい,お,い,0,high,ichi1|news1|nf11
まもる,ま,る,0,high,ichi1|news1|nf09
きゆうゆじよ,き,よ,0,high,ichi1
じじつじよう,じ,う,0,high,news1|nf02
わるがしこい,わ,い,0,high,ichi1
ぺんねえむ,ぺ,む,0,high,gai1
ひつしゆ,ひ,ゆ,0,high,ichi1|news1|nf20
すうええでん,す,ん,0,high,spec1
りようしよう,り,う,0,high,ichi1|news1|nf04
ぶれい,ぶ,い,0,high,ichi1|news2|nf35
こうおん,こ,ん,0,high,ichi1|news1|news2|nf11|nf27
あおうめ,あ,め,0,high,news1|nf18
あこがれのまと,あ,と,0,high,spec1
ひとりでに,ひ,に,0,high,ichi1
あつとゆうま,あ,ま,0,high,spec1
おてすう,お,う,0,high,spec1
とくしつ,と,つ,0,high,ichi1|news1|nf18|nf22
せんす,せ,す,0,high,gai1|ichi1|news2|nf26
べありんぐ,べ,ぐ,0,high,gai1
めがさめる,め,る,0,high,spec1
ゆうどく,ゆ,く,0,high,ichi1|news1|nf20
ろうどうくみあい,ろ,い,0,high,news1|nf06
うつくしい,う,い,0,high,ichi1|news1|nf08
さふありらりい,さ,い,0,high,gai1
くしん,く,ん,0,high,ichi1|news1|nf22
さんしゆつ,さ,つ,0,high,news1|nf22
あんび,あ,び,0,high,ichi1|news1|nf19
ちじれる,ち,る,0,high,ichi1
みすてる,み,る,0,high,ichi1|news2|nf34
いまいち,い,ち,0,high,spec1
おどりこ,お,こ,0,high,news1|nf24
どうびよう,ど,う,0,high,news1|nf24
れんきんじゆつし,れ,し,0,high,spec1
おんなじ,お,じ,0,high,ichi1|news2|nf33
せろん,せ,ん,0,high,ichi1|news1|nf02
ぎやつきよう,ぎ,う,0,high,ichi1|news2|nf25
ぽんど,ぽ,ど,0,high,gai1
だうん,だ,ん,0,high,gai1|ichi1
じようりく,じ,く,0,high,ichi1|news1|nf08
めいじん,め,ん,0,high,ichi1|news1|nf04
ねまき,ね,き,0,high,ichi1|news2|nf42
ぺなんと,ぺ,と,0,high,gai1
くるみ,く,み,0,high,spec1
すりつと,す,と,0,high,gai1
りら,り,ら,0,high,gai1
たき,た,き,0,high,ichi1|news1|nf08|nf10|nf16
ばふありん,ば,ん,0,high,gai1
はんにん,は,ん,0,high,ichi1|news1|nf05
はりきる,は,る,0,high,ichi1|news2|nf40
ばつくん,ば,ん,0,high,ichi1|news1|nf11
せいきまつ,せ,つ,0,high,news1|nf13
あぷり,あ,り,0,high,gai1
みずうみ,み,み,0,high,ichi1|news1|nf08
いちめん,い,ん,0,high,ichi1|news1|nf06
ばあげん,ば,ん,0,high,gai1|ichi1
こいんろつかあ,こ,あ,0,high,gai1
きようふう,き,う,0,high,ichi1|news1|nf10
よわき,よ,き,0,high,ichi1|news1|nf17
でりけえと,で,と,0,high,gai1
かみさま,か,ま,0,high,ichi1|news1|nf10
せつじつ,せ,つ,0,high,ichi1|news1|nf12
くじゆう,く,う,0,high,news1|nf06|nf19|nf22|spec1
せかせか,せ,か,0,high,ichi1
かもつ,か,つ,0,high,ichi1|news1|nf06
ほちようき,ほ,き,0,high,news1|nf23
れんしゆう,れ,う,0,high,ichi1|news1|nf02
ぼうはん,ぼ,ん,0,high,news1|nf11
とせい,と,い,0,high,news1|nf13
さそう,さ,う,0,high,ichi1|news1|nf10
のうきん,の,ん,0,high,news1|nf23
りようてき,り,き,0,high,news1|nf14
しやしん,し,ん,0,high,ichi1|news1|nf01
ぎよそん,ぎ,ん,0,high,ichi1|news1|nf21
はくらんかい,は,い,0,high,ichi1|news1|nf12
みつめる,み,る,0,high,ichi1|news1|nf12
しゆうふう,し,う,0,high,ichi1|news2|nf29
あらためて,あ,て,0,high,ichi1|news2|nf25
ばつくあつぷ,ば,ぷ,0,high,gai1
しゆくじつ,し,つ,0,high,ichi1|news1|nf10
かつろ,か,ろ,0,high,news1|nf16
けいざい,け,い,0,high,ichi1|news1|nf01
だいよう,だ,う,0,high,ichi1|news1|nf20
へいさ,へ,さ,0,high,ichi1|news1|nf05
いたわる,い,る,0,high,ichi1
いそん,い,ん,0,high,news1|nf06
ぴつつあ,ぴ,あ,0,high,gai1
たれる,た,る,0,high,ichi1|news2|nf38
あしどり,あ,り,0,high,news1|nf14
おらとりお,お,お,0,high,gai1
ねつせん,ね,ん,0,high,news1|nf11
はじ,は,じ,0,high,ichi1|news1|nf05|nf12
にがて,に,て,0,high,ichi1|news1|nf08
かねあい,か,い,0,high,news1|nf23
ぬいめ,ぬ,め,0,high,ichi1|news2|nf38|spec2
でしいり,で,り,0,high,ichi1|news2|nf41
ありばい,あ,い,0,high,gai1|ichi1
てんきよほう,て,う,0,high,ichi1
ぜんぱんせん,ぜ,ん,0,high,news1|nf16
こぶんしよ,こ,よ,0,high,news1|nf19
しじようちようさ,し,さ,0,high,news1|nf22
でこぼこ,で,こ,0,high,ichi1|news2|nf44
しつれいします,し,す,0,high,spec1
しぼうりつ,し,つ,0,high,news1|nf12
いつしゆうねん,い,ん,0,high,news1|nf17
ほつねつ,ほ,つ,0,high,ichi1|news1|nf20
さんこうまでに,さ,に,0,high,spec1
くしやくしや,く,や,0,high,ichi1
ほうがくぶ,ほ,ぶ,0,high,ichi1
きずあと,き,と,0,high,news1|nf14
きやでいい,き,い,0,high,gai1
しようぞう,し,う,0,high,news1|nf10
ぐれえぷふるうつ,ぐ,つ,0,high,gai1
まつり,ま,り,0,high,ichi1|news1|nf06
おやゆび,お,び,0,high,ichi1|news1|nf16
ほうる,ほ,る,0,high,ichi1|news1|nf06
りんしつ,り,つ,0,high,news1|nf24
みぜん,み,ん,0,high,ichi1|news1|nf16
わずか,わ,か,0,high,ichi1
せんろ,せ,ろ,0,high,ichi1|news1|nf10
まんぼ,ま,ぼ,0,high,gai1
ごうりき,ご,き,0,high,news1|nf21
それにしても,そ,も,0,high,spec1
かくさん,か,ん,0,high,news1|nf04|nf20
あんこ,あ,こ,0,high,ichi1|spec1
がくい,が,い,0,high,ichi1|news1|nf24
すていたす,す,す,0,high,gai1
らみねえと,ら,と,0,high,gai1
すまい,す,い,0,high,ichi1|news1|nf03
もうこう,も,う,0,high,news1|nf15
とりくみ,と,み,0,high,news1|nf04
てんてん,て,ん,0,high,news1|nf15
じようしよう,じ,う,0,high,ichi1|news1|nf02
かなしみ,か,み,0,high,ichi1|news1|nf07
やわらかい,や,い,0,high,ichi1|news1|nf20
なかがい,な,い,0,high,ichi1|news2|nf47
ぶつてき,ぶ,き,0,high,news1|nf22
こんてすと,こ,と,0,high,gai1|ichi1
ひも,ひ,も,0,high,ichi1|news2|nf41
みたり,み,り,0,high,news1|nf01
じみ,じ,み,0,high,ichi1|news1|nf09
こうばん,こ,ん,0,high,ichi1|news1|nf17|nf18|nf21
えれきぎたあ,え,あ,0,high,gai1
じやまいか,じ,か,0,high,gai1
ぞうげん,ぞ,ん,0,high,ichi1|news1|nf17
きやくほん,き,ん,0,high,ichi1|news1|nf05
きちつと,き,と,0,high,spec1
こんこおす,こ,す,0,high,gai1
ふまえる,ふ,る,0,high,news1|nf05
まえうり,ま,り,0,high,ichi1|news1|nf13
このましい,こ,い,0,high,ichi1|news1|nf11
めぐろ,め,ろ,0,high,spec1
せいぶつ,せ,つ,0,high,ichi1|news1|nf04
しようしや,し,や,0,high,ichi1|news1|nf04|nf09|nf14|nf15|nf22
かんせい,か,い,0,high,ichi1|news1|nf02|nf04|nf08|nf11
いんでいあん,い,ん,0,high,gai1
ていきよう,て,う,0,high,ichi1|news1|nf03
ぼうきよ,ぼ,よ,0,high,news1|nf20
ちゆうなあ,ち,あ,0,high,gai1
こおなあ,こ,あ,0,high,gai1|ichi1
あのかた,あ,た,0,high,spec1
ひばり,ひ,り,0,high,ichi1
りよけん,り,ん,0,high,ichi1|news1|nf13
おもいおこす,お,す,0,high,news1|nf22
はいぜつ,は,つ,0,high,ichi1|news1|nf14
がいとう,が,う,0,high,ichi1|news1|nf06|nf18
えちご,え,ご,0,high,news1|nf17
ゆうりよ,ゆ,よ,0,high,news1|nf13
あいまつて,あ,て,0,high,news1|nf22
さいばんしよ,さ,よ,0,high,ichi1|news1|nf04
きようこのごろ,き,ろ,0,high,spec1
ばんかあ,ば,あ,0,high,gai1
くだす,く,す,0,high,ichi1|news2|nf39
ひる,ひ,る,0,high,ichi1|news1|nf04
ふたおや,ふ,や,0,high,ichi1|news1|nf03
ひじゆん,ひ,ん,0,high,news1|nf05
さいあく,さ,く,0,high,ichi1|news1|nf05
つね,つ,ね,0,high,news1|nf05
いしぶみ,い,み,0,high,news1|nf09
ならない,な,い,0,high,spec1
ほつきよくけん,ほ,ん,0,high,news1|nf21
ぼうかん,ぼ,ん,0,high,ichi1|news2|nf30
めんじよ,め,よ,0,high,news1|nf13
はは,は,は,0,high,ichi1|news1|nf01|nf17
えんせん,え,ん,0,high,ichi1|news1|nf16
とびだす,と,す,0,high,ichi1|news1|nf12
さぶい,さ,い,0,high,ichi1|news2|nf40
りべらる,り,る,0,high,gai1
ちやくりく,ち,く,0,high,ichi1|news1|nf08
てんき,て,き,0,high,ichi1|news1|nf06|nf12
ちきゆう,ち,う,0,high,ichi1|news1|nf01
どちらかというと,ど,と,0,high,spec1
げんぶつ,げ,つ,0,high,news1|nf11
めかた,め,た,0,high,ichi1
こずつみ,こ,み,0,high,ichi1|news1|nf22
ぶいん,ぶ,ん,0,high,news1|nf07
ことてん,こ,ん,0,high,news1|nf12
むしろ,む,ろ,0,high,ichi1
まくうち,ま,ち,0,high,news1|nf13
てんもんだい,て,い,0,high,news1|nf16
ひんもく,ひ,く,0,high,news1|nf08
つけこむ,つ,む,0,high,ichi1|news2|nf47
しゆけいきよく,し,く,0,high,news1|nf16
しこめ,し,め,0,high,ichi1
きいわあど,き,ど,0,high,gai1
はんじつ,は,つ,0,high,ichi1|news1|nf17
せいしよう,せ,う,0,high,news1|nf23
ふいつと,ふ,と,0,high,gai1
ばるうん,ば,ん,0,high,gai1
ねくたい,ね,い,0,high,gai1|ichi1
かいとう,か,う,0,high,ichi1|news1|nf02|nf08|nf16
しつぺい,し,い,0,high,news1|nf16
はぎれ,は,れ,0,high,news1|nf15
ばつと,ば,と,0,high,gai1|ichi1
こうあつ,こ,つ,0,high,news1|nf17
じりよう,じ,う,0,high,ichi1|news1|nf02
しいそおげえむ,し,む,0,high,gai1
ふつか,ふ,か,0,high,ichi1|spec1
えくすぺりえんす,え,す,0,high,spec1
みつどないと,み,と,0,high,gai1
ああばん,あ,ん,0,high,gai1
まいくろふいるむ,ま,む,0,high,gai1
きゆうきゆういりよう,き,う,0,high,spec1
はかいし,は,し,0,high,news1|nf22
へんしゆうしや,へ,や,0,high,news1|nf09
すいりしようせつ,す,つ,0,high,news1|nf21
ぬる,ぬ,る,0,high,ichi1|news2|nf27
へりうむ,へ,む,0,high,gai1
しな,し,な,0,high,ichi1
じんじいん,じ,ん,0,high,news1|nf12
のうち,の,ち,0,high,ichi1|news1|nf07
ていねん,て,ん,0,high,ichi1|news1|nf05
こうわ,こ,わ,0,high,ichi1|news1|nf20
ぎろちん,ぎ,ん,0,high,gai1
ひみつ,ひ,つ,0,high,ichi1|news1|nf04
ちかずける,ち,る,0,high,ichi1|news2|nf40|spec1
ちず,ち,ず,0,high,ichi1|news1|nf05
しきち,し,ち,0,high,ichi1|news1|nf06
くりいなあ,く,あ,0,high,gai1
かつかん,か,ん,0,high,ichi1|news1|nf11
ぼうえいしせつちよう,ぼ,う,0,high,news1|nf22
ばんど,ば,ど,0,high,gai1
でんきゆう,で,う,0,high,ichi1|news1|nf21
おんよみ,お,み,0,high,ichi1
れきほう,れ,う,0,high,news1|nf09
こうすいじゆん,こ,ん,0,high,news1|nf12
いろは,い,は,0,high,ichi1
めこ,め,こ,0,high,ichi1|news1|nf16
さらす,さ,す,0,high,ichi1
あいしゆう,あ,う,0,high,news2|nf27|spec1
めきしこわん,め,ん,0,high,spec1
べるまあく,べ,く,0,high,gai1
くぐる,く,る,0,high,ichi1|news2|nf40
こわがる,こ,る,0,high,ichi1|news2|nf33
ちぎれる,ち,る,0,high,ichi1
りはつ,り,つ,0,high,news1|nf21
りこうがくぶ,り,ぶ,0,high,news1|nf19
こわれる,こ,る,0,high,ichi1|news1|nf21
ふどう,ふ,う,0,high,news1|nf07
えいたい,え,い,0,high,news1|nf24
おおざつぱ,お,ぱ,0,high,ichi1|news2|nf29|spec1
きよすく,き,く,0,high,gai1
ゆうざい,ゆ,い,0,high,ichi1|news1|nf06
いつせい,い,い,0,high,news1|nf04|nf16
かせぐ,か,ぐ,0,high,ichi1|news2|nf42
おかりな,お,な,0,high,gai1
かひ,か,ひ,0,high,news1|nf17
びようとう,び,う,0,high,news1|nf11
じめつ,じ,つ,0,high,ichi1|news2|nf26
いとぐち,い,ち,0,high,news1|nf12
たいくかん,た,ん,0,high,spec1
らいふる,ら,る,0,high,gai1
もんだいてん,も,ん,0,high,news1|nf04
らいほう,ら,う,0,high,news1|nf23
わしつ,わ,つ,0,high,ichi1|news1|nf19
ばつ,ば,つ,0,high,ichi1
くれえん,く,ん,0,high,gai1
つゆあけ,つ,け,0,high,ichi1|news1|nf18
くろぼし,く,し,0,high,news1|nf16
ぱすかる,ぱ,る,0,high,gai1
きようだ,き,だ,0,high,news1|nf12
ばべるのとう,ば,う,0,high,spec1
けいじどうしや,け,や,0,high,news1|nf13
ちよつきゆう,ち,う,0,high,news1|nf07
ほいくじよ,ほ,よ,0,high,ichi1|news1|nf11
せともの,せ,の,0,high,ichi1
すいげん,す,ん,0,high,news1|nf14
ないぞう,な,う,0,high,ichi1|news1|nf13|nf15
にゆううええぶ,に,ぶ,0,high,gai1
なにをかくそう,な,う,0,high,spec1
やけい,や,い,0,high,ichi1|news1|nf23
こくいつこく,こ,く,0,high,ichi1|news2|nf41
あかまつ,あ,つ,0,high,news1|nf08
しゆうろう,し,う,0,high,news1|nf09
うらとおり,う,り,0,high,ichi1|news2|nf31
なつとう,な,う,0,high,ichi1|news1|nf14
ちやわん,ち,ん,0,high,ichi1|news1|nf21|spec1
だいめ,だ,め,0,high,spec1
あす,あ,す,0,high,ichi1|news1|nf05
つじ,つ,じ,0,high,news1|nf09
しかいし,し,し,0,high,news1|nf15
したね,し,ね,0,high,news1|nf22
ひといちばい,ひ,い,0,high,news1|nf19
ゆちやく,ゆ,く,0,high,ichi1|news1|nf07
おくらす,お,す,0,high,ichi1
まんざい,ま,い,0,high,news1|nf18
むし,む,し,0,high,ichi1|news1|nf06|nf07|nf14|nf22
いやしい,い,い,0,high,ichi1
つべたい,つ,い,0,high,ichi1|news2|nf28
せんせえしよん,せ,ん,0,high,gai1
なくてはならない,な,い,0,high,spec1
ていへん,て,ん,0,high,news1|nf19
ならす,な,す,0,high,ichi1|news2|nf35|nf37
しようせつ,し,つ,0,high,ichi1|news1|nf03
はいぎよう,は,う,0,high,news1|nf22
びんご,び,ご,0,high,gai1
ていりよう,て,う,0,high,news1|nf22
ばけもん,ば,ん,0,high,ichi1|news2|nf42
ねんきん,ね,ん,0,high,news1|nf02
ぽおる,ぽ,る,0,high,gai1
はがゆい,は,い,0,high,ichi1|news2|nf39
ちゆにじあ,ち,あ,0,high,gai1
がくわり,が,り,0,high,ichi1
りたあん,り,ん,0,high,gai1
はもの,は,の,0,high,news1|nf11
ぞくご,ぞ,ご,0,high,ichi1|news2|nf43
とじよう,と,う,0,high,ichi1|news1|nf15
えこお,え,お,0,high,gai1
えね,え,ね,0,high,gai1
かくめい,か,い,0,high,ichi1|news1|nf02
けつしん,け,ん,0,high,ichi1|news1|nf16
まんせき,ま,き,0,high,news1|nf19
めいしよ,め,よ,0,high,ichi1|news1|nf11
もくげき,も,き,0,high,ichi1|news1|nf09
こおていんぐ,こ,ぐ,0,high,gai1
うすまる,う,る,0,high,ichi1|news2|nf36
へいがい,へ,い,0,high,ichi1|news1|nf08
ばらんすしいと,ば,と,0,high,gai1
ゆる,ゆ,る,0,high,ichi1|news1|nf11|nf19
ようがん,よ,ん,0,high,news1|nf08
べいじん,べ,ん,0,high,news1|nf16
にじゆうさんにち,に,ち,0,high,spec1
いとこ,い,こ,0,high,ichi1|spec1
ばらあど,ば,ど,0,high,gai1
くにびと,く,と,0,high,news1|nf09
ばざあ,ば,あ,0,high,gai1|ichi1
そくてい,そ,い,0,high,ichi1|news1|nf08
こんごう,こ,う,0,high,news1|nf11
とのさま,と,ま,0,high,news1|nf22
きようぞん,き,ん,0,high,ichi1|news1|nf09
いま,い,ま,0,high,ichi1|news1|nf07|nf12
まんかい,ま,い,0,high,news1|nf18
ぞうとう,ぞ,う,0,high,news1|nf22
いきさかん,い,ん,0,high,news1|nf24
かふんしよう,か,う,0,high,news1|nf18
れふと,れ,と,0,high,gai1
あたくし,あ,し,0,high,spec1
しんりようしよ,し,よ,0,high,ichi1
けいざいけんきゆうじよ,け,よ,0,high,news1|nf11
ししよう,し,う,0,high,news1|nf07|nf09
すがる,す,る,0,high,ichi1
にせい,に,い,0,high,news1|nf08
いさく,い,く,0,high,news1|nf22
すうじ,す,じ,0,high,ichi1|news1|nf02|nf13
てがかり,て,り,0,high,ichi1|news1|nf12|spec1
りこう,り,う,0,high,ichi1|news1|news2|nf12|nf17|nf42
かたみち,か,ち,0,high,ichi1|news1|nf19
まじわる,ま,る,0,high,ichi1|news2|nf31
ふせき,ふ,き,0,high,news1|nf14
やこう,や,う,0,high,news2|nf26|spec1
とじこもる,と,る,0,high,ichi1|news2|nf30
いちにちじゆう,い,う,0,high,ichi1
なごむ,な,む,0,high,ichi1|news2|nf42
きゆうかい,き,い,0,high,news1|nf13
ほんかく,ほ,く,0,high,news1|nf03
すぽつと,す,と,0,high,gai1
がか,が,か,0,high,ichi1|news1|nf05
くうちよう,く,う,0,high,news1|nf17
さんぷ,さ,ぷ,0,high,news1|nf16
どうしつ,ど,つ,0,high,news1|nf19
まつたく,ま,く,0,high,ichi1
こくど,こ,ど,0,high,ichi1|news1|nf06
まんるい,ま,い,0,high,news1|nf04
どる,ど,る,0,high,gai1|ichi1
どんかん,ど,ん,0,high,ichi1|news2|nf30
だびんぐ,だ,ぐ,0,high,gai1
いでおろぎい,い,い,0,high,gai1|ichi1
ふれきしぶる,ふ,る,0,high,gai1
いんふら,い,ら,0,high,gai1
いんしゆりん,い,ん,0,high,gai1
みぶり,み,り,0,high,ichi1|news2|nf40
けんこく,け,く,0,high,news1|nf11
ぶたいうら,ぶ,ら,0,high,news1|nf14
とれえなあ,と,あ,0,high,gai1
ばんり,ば,り,0,high,news1|nf15
あまのがわ,あ,わ,0,high,ichi1
おつさん,お,ん,0,high,spec1
はあらあだあびい,は,い,0,high,gai1
しようあく,し,く,0,high,news1|nf20
にゆうじいらんど,に,ど,0,high,spec1
あさがお,あ,お,0,high,ichi1|news2|nf26
になると,に,と,0,high,spec1
まつと,ま,と,0,high,gai1
とんぼう,と,う,0,high,ichi1
たんよく,た,く,0,high,ichi1
めどれえ,め,え,0,high,gai1
くるど,く,ど,0,high,gai1
のぼり,の,り,0,high,ichi1|news1|nf10
すたんど,す,ど,0,high,gai1|ichi1
ておち,て,ち,0,high,ichi1|news2|nf45
げじゆん,げ,ん,0,high,ichi1|news1|nf05
しんふおにい,し,い,0,high,gai1
のうりつ,の,つ,0,high,ichi1|news1|nf18
さんぼ,さ,ぼ,0,high,gai1
ぜつたいに,ぜ,に,0,high,ichi1
あしからず,あ,ず,0,high,ichi1
および,お,び,0,high,ichi1|news1|news2|nf06|nf42
ちようわ,ち,わ,0,high,ichi1|news1|nf09
ちんあつ,ち,つ,0,high,news1|nf18
なぐる,な,る,0,high,ichi1|news1|nf11
がいこくご,が,ご,0,high,ichi1|news1|nf09
へるすくらぶ,へ,ぶ,0,high,gai1
ちんたい,ち,い,0,high,ichi1|news1|nf08
さんゆこく,さ,く,0,high,news1|nf13
りきさく,り,く,0,high,news1|nf19
ざいや,ざ,や,0,high,news1|nf20
はくし,は,し,0,high,ichi1|news1|nf08
こうじよ,こ,よ,0,high,news1|nf07
しよおけえす,し,す,0,high,gai1
かわせそうば,か,ば,0,high,news1|nf10
ほくぶ,ほ,ぶ,0,high,ichi1|news1|nf04
せいぶつがく,せ,く,0,high,news1|nf12
じゆつご,じ,ご,0,high,ichi1|news1|nf23
さいげん,さ,ん,0,high,ichi1|news1|nf12|nf23
おはよう,お,う,0,high,ichi1
しんはつばい,し,い,0,high,spec1
めいさい,め,い,0,high,ichi1|news1|nf20
ついらく,つ,く,0,high,ichi1|news1|nf09
あるばむ,あ,む,0,high,gai1|ichi1
さつがい,さ,い,0,high,news1|nf07
かたん,か,ん,0,high,news1|nf15
うらぎりもの,う,の,0,high,news1|nf24
じゆうぞく,じ,く,0,high,ichi1|news2|nf26
けつぼう,け,う,0,high,ichi1|news2|nf29
はつあん,は,ん,0,high,news1|nf19
のりこえる,の,る,0,high,ichi1|news1|nf17
いる,い,る,0,high,ichi1|news2|nf27|spec1
ひわ,ひ,わ,0,high,news1|nf23
すうぱあちええん,す,ん,0,high,gai1
むうらん,む,ん,0,high,gai1
ひたい,ひ,い,0,high,ichi1
きこく,き,く,0,high,ichi1|news1|nf03
かむる,か,る,0,high,ichi1|news2|nf46
えご,え,ご,0,high,gai1
しよしん,し,ん,0,high,ichi1|news1|nf09|nf21
へいしや,へ,や,0,high,news1|nf21|spec1
じんじ,じ,じ,0,high,ichi1|news1|nf02
あぴいる,あ,る,0,high,gai1|ichi1
れいかい,れ,い,0,high,news1|nf14
くもる,く,る,0,high,ichi1|news2|nf43
せつきよくてき,せ,き,0,high,ichi1|news1|nf01
へるす,へ,す,0,high,gai1
やまい,や,い,0,high,ichi1
さらだ,さ,だ,0,high,gai1|ichi1
たいかん,た,ん,0,high,news1|nf19
ぺんしよん,ぺ,ん,0,high,gai1
ぎいんうんえいいいんかい,ぎ,い,0,high,news1|nf17
こねくしよん,こ,ん,0,high,gai1
でしかない,で,い,0,high,spec1
あくしでんと,あ,と,0,high,gai1
くせ,く,せ,0,high,ichi1|news1|nf23
いんさつ,い,つ,0,high,ichi1|news1|nf06
ぐん,ぐ,ん,0,high,ichi1|news1|nf02|nf11|nf19
ぴくちやあ,ぴ,あ,0,high,gai1
のりきる,の,る,0,high,news2|nf28|spec1
にさいして,に,て,0,high,spec1
ほんば,ほ,ば,0,high,ichi1|news1|nf12
ひまつぶし,ひ,し,0,high,ichi1|spec1
ほすてる,ほ,る,0,high,gai1
ちきゆうじよう,ち,う,0,high,news1|nf14
すたあ,す,あ,0,high,gai1|ichi1
ふおあぐら,ふ,ら,0,high,gai1
じゆじゆ,じ,ゆ,0,high,news1|nf09
くうらあ,く,あ,0,high,gai1|ichi1
だいいつせい,だ,い,0,high,news1|nf13
にゆうごく,に,く,0,high,ichi1|news1|nf07
うめぼし,う,し,0,high,ichi1|news2|nf28
だいたすう,だ,う,0,high,ichi1|news1|nf12
とどめなく,と,く,0,high,ichi1
いいぐる,い,る,0,high,gai1
さいかくにん,さ,ん,0,high,spec1
じつと,じ,と,0,high,ichi1
いたつて,い,て,0,high,news1|nf07
くうぺ,く,ぺ,0,high,gai1
げえじ,げ,じ,0,high,gai1
みりおん,み,ん,0,high,gai1
ぷろぱあ,ぷ,あ,0,high,gai1
ざんそん,ざ,ん,0,high,news1|nf24
かいがいりよこう,か,う,0,high,spec1
かぐ,か,ぐ,0,high,ichi1|news1|nf08
ごうりか,ご,か,0,high,ichi1|news1|nf06
あつたかい,あ,い,0,high,ichi1|news1|nf21
すたあとらいん,す,ん,0,high,gai1
まぎらす,ま,す,0,high,ichi1
しまう,し,う,0,high,ichi1
かざん,か,ん,0,high,ichi1|news1|nf04
おつねん,お,ん,0,high,news1|nf16
ぱぱいや,ぱ,や,0,high,spec1
こんじつ,こ,つ,0,high,ichi1|news1|nf02
ずさん,ず,ん,0,high,ichi1
おてすうですが,お,が,0,high,spec1
よにん,よ,ん,0,high,news1|nf17|spec1
りゆうつう,り,う,0,high,ichi1|news1|nf03
おそう,お,う,0,high,ichi1|news1|nf07
きよういん,き,ん,0,high,ichi1|news1|nf06
しゆうこう,し,う,0,high,news1|nf24
みき,み,き,0,high,ichi1|news1|nf07
てく,て,く,0,high,gai1
こうあん,こ,ん,0,high,news1|nf08
ほんじや,ほ,や,0,high,ichi1|news1|nf01
ぷらいべえと,ぷ,と,0,high,gai1
につてい,に,い,0,high,ichi1|news1|nf02
こと,こ,と,0,high,ichi1|news1|nf05|nf06|nf08|nf14
たんけん,た,ん,0,high,ichi1|news1|nf12
ほうがく,ほ,く,0,high,ichi1|news1|news2|nf06|nf16|nf27
くださる,く,る,0,high,ichi1|news1|nf18
ぼせき,ぼ,き,0,high,news1|nf22
じか,じ,か,0,high,news1|nf09|nf14
ぷらざ,ぷ,ざ,0,high,gai1
ぐんとう,ぐ,う,0,high,news1|nf24
ねん,ね,ん,0,high,news1|nf06|spec1
けんばん,け,ん,0,high,news2|nf44|spec1
にいん,に,ん,0,high,news1|nf13
いつぴき,い,き,0,high,spec1
としよかん,と,ん,0,high,ichi1|news1|nf05
そうだつ,そ,つ,0,high,news1|nf17
むずかしい,む,い,0,high,ichi1|news1|nf07
けむ,け,む,0,high,ichi1|news1|nf07
ごうじよう,ご,う,0,high,ichi1|news2|nf42
ひきさげる,ひ,る,0,high,ichi1|news1|nf15
つじつま,つ,ま,0,high,ichi1
すいじよう,す,う,0,high,news1|nf12
ちえつ,ち,つ,0,high,gai1
めぐる,め,る,0,high,ichi1|news2|nf25
しつてのとおり,し,り,0,high,spec1
ねえむ,ね,む,0,high,gai1|ichi1
ぜんりよう,ぜ,う,0,high,news1|nf21
しゆうき,し,き,0,high,ichi1|news1|nf15|nf17
おじかん,お,ん,0,high,spec1
きようぐう,き,う,0,high,ichi1|news1|nf21
ねんしゆう,ね,う,0,high,ichi1|news1|nf07
こうそう,こ,う,0,high,ichi1|news1|nf02|nf05|nf06
あらいもの,あ,の,0,high,ichi1|news2|nf45
けさ,け,さ,0,high,ichi1|news1|nf19
だんぼおる,だ,る,0,high,news1|nf11|spec1
せえたあ,せ,あ,0,high,gai1|ichi1
ないじよう,な,う,0,high,news1|nf21
こくみんとうひよう,こ,う,0,high,news1|nf03
せいじん,せ,ん,0,high,ichi1|news1|nf07
さんふおらいず,さ,ず,0,high,gai1
ほんねん,ほ,ん,0,high,ichi1|news1|nf20
いいじい,い,い,0,high,gai1
りようてい,り,い,0,high,news1|nf09
くみあい,く,い,0,high,ichi1|news1|nf02
しゆよう,し,う,0,high,ichi1|news1|news2|nf02|nf27|spec1
ぞうせん,ぞ,ん,0,high,ichi1|news1|nf08
おりたたみ,お,み,0,high,ichi1|spec1
ちやく,ち,く,0,high,ichi1|news1|nf07|nf12
おとこたち,お,ち,0,high,spec1
むうど,む,ど,0,high,gai1|ichi1
せんびん,せ,ん,0,high,ichi1|news2|nf35
ごまかす,ご,す,0,high,ichi1
しきんちようたつ,し,つ,0,high,spec1
ぬうどる,ぬ,る,0,high,gai1
こんぼい,こ,い,0,high,gai1
ばつく,ば,く,0,high,gai1|ichi1
ようぎ,よ,ぎ,0,high,news1|nf02
しんだん,し,ん,0,high,ichi1|news1|nf05
がいゆう,が,う,0,high,news1|nf11
かげぐち,か,ち,0,high,news1|nf24
ぜいせい,ぜ,い,0,high,news1|nf02
きようち,き,ち,0,high,news1|nf17
しゆんじ,し,じ,0,high,news1|nf16
そうたい,そ,い,0,high,ichi1|news1|news2|nf13|nf43|spec1
さてん,さ,ん,0,high,gai1
ほご,ほ,ご,0,high,ichi1|news1|nf01
りあくしよん,り,ん,0,high,gai1
ふちん,ふ,ん,0,high,news1|nf24
じゆうかさんぜい,じ,い,0,high,news1|nf22
というもの,と,の,0,high,spec1
あんふえあ,あ,あ,0,high,gai1
はや,は,や,0,high,news1|nf13
せきめん,せ,ん,0,high,ichi1
かつぷりんぐしゆがあ,か,あ,0,high,gai1
かぶる,か,る,0,high,ichi1|news2|nf46
ちゆうけん,ち,ん,0,high,ichi1|news1|nf04
はながみ,は,み,0,high,ichi1
いつきうち,い,ち,0,high,news1|nf15
やあど,や,ど,0,high,gai1
ごおすとたうん,ご,ん,0,high,gai1
あろまてらぴい,あ,い,0,high,spec1
めだる,め,る,0,high,gai1
はくしや,は,や,0,high,news1|nf07
みずとり,み,り,0,high,news1|nf18
ほいつする,ほ,る,0,high,gai1
れすりんぐ,れ,ぐ,0,high,gai1
かいそう,か,う,0,high,ichi1|news1|news2|nf15|nf18|nf27
こうべ,こ,べ,0,high,spec1
ばあみんがむ,ば,む,0,high,gai1
よびひ,よ,ひ,0,high,news1|nf23
でふおるめ,で,め,0,high,gai1
ごげん,ご,ん,0,high,ichi1|news1|nf23
こつずい,こ,い,0,high,news1|nf06
すくうぷ,す,ぷ,0,high,gai1
きれあじ,き,じ,0,high,news1|nf19
たきしいど,た,ど,0,high,gai1
やたら,や,ら,0,high,ichi1
さしえ,さ,え,0,high,news1|nf18
さばんな,さ,な,0,high,gai1
むゆか,む,か,0,high,ichi1|spec1
きやらめる,き,る,0,high,gai1
かなめ,か,め,0,high,ichi1|news1|nf14
きゆうよ,き,よ,0,high,ichi1|news1|nf05
さいよう,さ,う,0,high,ichi1|news1|nf02
きねんひ,き,ひ,0,high,news1|nf15
おやすみ,お,み,0,high,ichi1
かさいりゆう,か,う,0,high,news1|nf07
みんしゆう,み,う,0,high,ichi1|news1|nf07
おたわ,お,わ,0,high,gai1
じつけんしつ,じ,つ,0,high,news1|nf18
いんちき,い,き,0,high,ichi1
じつぶつ,じ,つ,0,high,ichi1|news1|nf17
じん,じ,ん,0,high,gai1|ichi1|news1|nf04
きゆうさい,き,い,0,high,ichi1|news1|nf04
てんち,て,ち,0,high,news1|nf17
ぶんべつ,ぶ,つ,0,high,ichi1|news1|nf15
ちよつぴり,ち,り,0,high,ichi1
たるい,た,い,0,high,ichi1
あずき,あ,き,0,high,ichi1|news1|nf24
ぷらいど,ぷ,ど,0,high,gai1|ichi1
しゆうてん,し,ん,0,high,ichi1|news1|nf24
あんか,あ,か,0,high,news1|nf15
どくりつこく,ど,く,0,high,news1|nf05
せんそう,せ,う,0,high,ichi1|news1|nf01
こぶし,こ,し,0,high,news1|nf13
ほんすう,ほ,う,0,high,news1|nf17
とこのま,と,ま,0,high,ichi1|news1|nf20
れんたるびでお,れ,お,0,high,gai1
ぎんざ,ぎ,ざ,0,high,news1|nf03
けい,け,い,0,high,ichi1|news1|nf03|nf06|nf07|nf11|nf16
じゆうぐん,じ,ん,0,high,news1|nf05
なめらか,な,か,0,high,ichi1|news1|nf20
ふおろお,ふ,お,0,high,gai1
きんべん,き,ん,0,high,ichi1|news1|nf20
きようはく,き,く,0,high,ichi1|news1|nf09
とりつく,と,く,0,high,gai1
なげき,な,き,0,high,ichi1|news1|nf17
りりつ,り,つ,0,high,ichi1|news1|nf10
とるく,と,く,0,high,gai1
ちやつく,ち,く,0,high,gai1|ichi1
たがく,た,く,0,high,news1|nf06
ひんかく,ひ,く,0,high,ichi1|news1|nf19|nf21
やりがい,や,い,0,high,spec1
すたんがん,す,ん,0,high,gai1
こくい,こ,い,0,high,news1|nf23
ふよ,ふ,よ,0,high,news1|nf16
さんば,さ,ば,0,high,gai1
しやくち,し,ち,0,high,news1|nf11
ぱんや,ぱ,や,0,high,spec1
ぷれつしやあ,ぷ,あ,0,high,gai1
しちゆええしよん,し,ん,0,high,gai1
かもめ,か,め,0,high,spec1
こきゆうき,こ,き,0,high,news1|nf16
むしゆうせい,む,い,0,high,spec1
たいにん,た,ん,0,high,news1|nf10
ふくだい,ふ,い,0,high,news1|nf17
ふあいたあ,ふ,あ,0,high,gai1
しどう,し,う,0,high,ichi1|news1|news2|nf01|nf16|nf25|spec1
さる,さ,る,0,high,ichi1|news1|news2|nf14|nf24|nf29|spec1
ひきとめる,ひ,る,0,high,ichi1
えんぶれむ,え,む,0,high,gai1
のびやか,の,か,0,high,ichi1|news2|nf32
はいたしゆぎ,は,ぎ,0,high,ichi1
しかた,し,た,0,high,ichi1|news1|nf04
きやめる,き,る,0,high,gai1
これら,こ,ら,0,high,gai1|ichi1|spec1
こつか,こ,か,0,high,ichi1|news1|nf01|nf13
じぷしい,じ,い,0,high,gai1
じゆうに,じ,に,0,high,news1|nf01
ねんちよう,ね,う,0,high,ichi1|news2|nf28
あり,あ,り,0,high,ichi1|news2|nf38
るびい,る,い,0,high,gai1
おび,お,び,0,high,ichi1
あたりめえ,あ,え,0,high,ichi1|news1|nf06
ぼいらあ,ぼ,あ,0,high,gai1
くりんち,く,ち,0,high,gai1
くりいれ,く,れ,0,high,news1|nf24|spec1
かあん,か,ん,0,high,gai1
きごう,き,う,0,high,ichi1|news1|nf14
りちやくりく,り,く,0,high,news1|nf17
ほうしやせん,ほ,ん,0,high,news1|nf07
かるい,か,い,0,high,ichi1|news2|nf34
とくめい,と,い,0,high,ichi1|news1|nf14
ぶぎよう,ぶ,う,0,high,news1|nf20
ばつくす,ば,す,0,high,gai1
ぜんぶん,ぜ,ん,0,high,news1|nf12|nf14
すいいと,す,と,0,high,gai1
ゆか,ゆ,か,0,high,ichi1
むとうはそう,む,う,0,high,news1|nf21
かすてら,か,ら,0,high,gai1
ぺらぺら,ぺ,ら,0,high,ichi1
ふかひ,ふ,ひ,0,high,ichi1|news1|nf17
じんかく,じ,く,0,high,ichi1|news1|nf10
たんめい,た,い,0,high,news1|nf18
しんじや,し,や,0,high,ichi1|news1|nf11
すてれおたいぷ,す,ぷ,0,high,gai1
あしすたんと,あ,と,0,high,gai1
べんがく,べ,く,0,high,ichi1|news2|nf28
ないかく,な,く,0,high,ichi1|news1|nf01|nf10
ぶりすべん,ぶ,ん,0,high,gai1
らくえん,ら,ん,0,high,news1|nf19
ひようし,ひ,し,0,high,ichi1|news1|nf10|nf24
ねえる,ね,る,0,high,spec1
じよういん,じ,ん,0,high,news1|nf03|nf08
うちあげ,う,げ,0,high,news1|nf06
へんそく,へ,く,0,high,news1|nf23
でたらめ,で,め,0,high,ichi1
こころ,こ,ろ,0,high,ichi1
ななめ,な,め,0,high,ichi1|news1|nf15
ろけはん,ろ,ん,0,high,gai1
あんていいく,あ,く,0,high,gai1
ひぐれ,ひ,れ,0,high,ichi1|news2|nf36
あきゆうど,あ,ど,0,high,ichi1|news1|nf13
あたし,あ,し,0,high,spec1
いちじんぶつ,い,つ,0,high,news1|nf24
こくぶんじ,こ,じ,0,high,news1|nf19
きりつ,き,つ,0,high,ichi1|news1|news2|nf11|nf27
すつかり,す,り,0,high,ichi1
しんきよう,し,う,0,high,ichi1|news1|nf07
べんぎ,べ,ぎ,0,high,ichi1|news1|nf11
しゆだい,し,い,0,high,ichi1|news1|nf10
じだいさくご,じ,ご,0,high,news1|nf24
がん,が,ん,0,high,gai1|ichi1|news1|nf08|nf22|spec1
りんぎよう,り,う,0,high,ichi1|news1|nf12
あつか,あ,か,0,high,ichi1|news1|nf04
いにしえ,い,え,0,high,news1|nf14
しんしゆん,し,ん,0,high,news1|nf16
すいい,す,い,0,high,news1|nf08|nf13
ろうかく,ろ,く,0,high,news1|nf23
まぼしい,ま,い,0,high,ichi1
かがく,か,く,0,high,ichi1|news1|nf02|nf04
せつかい,せ,い,0,high,news1|nf23
つれ,つ,れ,0,high,ichi1|news1|nf17
こまあしやる,こ,る,0,high,gai1|ichi1
へんそう,へ,う,0,high,news2|nf43|spec1
みのり,み,り,0,high,news1|nf20
おうじや,お,や,0,high,ichi1|news1|nf09
やすもん,や,ん,0,high,news2|nf40|spec1
くさわけ,く,け,0,high,news1|nf15
しよくのう,し,う,0,high,news1|nf21
たんてき,た,き,0,high,ichi1|news1|nf16
かいしよく,か,く,0,high,ichi1|news1|nf13|nf21
こうりゆう,こ,う,0,high,ichi1|news1|nf01
がくと,が,と,0,high,news1|nf16
つるす,つ,す,0,high,ichi1
しんい,し,い,0,high,ichi1|news1|nf09
あらわれる,あ,る,0,high,ichi1|news1|nf24
さとご,さ,ご,0,high,news1|nf15
ごうい,ご,い,0,high,ichi1|news1|nf01
そこじから,そ,ら,0,high,news1|nf20
やつた,や,た,0,high,spec1
くわしい,く,い,0,high,ichi1|news1|nf07
ゆうしよう,ゆ,う,0,high,ichi1|news1|nf01|nf20
だんじて,だ,て,0,high,ichi1|news1|nf22
みずけ,み,け,0,high,news1|nf23
みずまし,み,し,0,high,ichi1|news1|nf16
おうぞく,お,く,0,high,news1|nf22
おびえる,お,る,0,high,spec1
ふだんぎ,ふ,ぎ,0,high,ichi1|news1|nf20
かそ,か,そ,0,high,ichi1|news1|nf01|nf09
がくぶ,が,ぶ,0,high,ichi1|news1|nf02
さとう,さ,う,0,high,ichi1|news1|nf08
りようふう,り,う,0,high,ichi1|news2|nf28
たちなおり,た,り,0,high,news1|nf22
ぶつかる,ぶ,る,0,high,ichi1
つくずく,つ,く,0,high,ichi1|news1|nf16
おもいきつて,お,て,0,high,ichi1|news1|nf05
みがく,み,く,0,high,ichi1
なつばて,な,て,0,high,ichi1|spec1
こうりかかく,こ,く,0,high,news1|nf09
ばむばむ,ば,む,0,high,gai1
さんらん,さ,ん,0,high,news1|nf12
だんせい,だ,い,0,high,ichi1|news1|nf01
だんぷかあ,だ,あ,0,high,gai1
るさんちまん,る,ん,0,high,gai1
すろばきあ,す,あ,0,high,gai1
あさはん,あ,ん,0,high,ichi1
わずらわしい,わ,い,0,high,ichi1|news2|nf43
もたれる,も,る,0,high,ichi1
なしよなりずむ,な,む,0,high,gai1
さんじゆう,さ,う,0,high,news1|nf01|spec1
ようせき,よ,き,0,high,ichi1|news1|nf17
ぶそう,ぶ,う,0,high,ichi1|news1|nf02
さいだい,さ,い,0,high,ichi1|news1|nf01
はつめい,は,い,0,high,ichi1|news1|nf16
かいけいけんさいん,か,ん,0,high,news1|nf19
ぜせい,ぜ,い,0,high,ichi1|news1|nf03
きせる,き,る,0,high,ichi1|news2|nf34
すうにん,す,ん,0,high,spec1
まけこし,ま,し,0,high,news1|nf24
にんじよう,に,う,0,high,ichi1|news1|nf13
きろく,き,く,0,high,ichi1|news1|nf01
げんみつ,げ,つ,0,high,ichi1|news1|nf13
ふとつぱら,ふ,ら,0,high,news1|nf18
とおち,と,ち,0,high,gai1
かかと,か,と,0,high,ichi1
いお,い,お,0,high,news1|nf19
いよく,い,く,0,high,ichi1|news1|nf02
まさつ,ま,つ,0,high,ichi1|news1|nf04
しようばつ,し,つ,0,high,ichi1
よろずとせ,よ,せ,0,high,news1|nf21
ほんどう,ほ,う,0,high,news1|nf23
したび,し,び,0,high,news1|nf23
ささげる,さ,る,0,high,ichi1|news2|nf44
ばいと,ば,と,0,high,gai1|ichi1
まつとう,ま,う,0,high,spec1
ぽたぽた,ぽ,た,0,high,ichi1|spec1
しいつ,し,つ,0,high,gai1|ichi1
ちよつかく,ち,く,0,high,ichi1|news2|nf34
けいだい,け,い,0,high,ichi1|news1|nf13
ですく,で,く,0,high,gai1
ああもんど,あ,ど,0,high,gai1
いちるい,い,い,0,high,news1|nf07
さまたげ,さ,げ,0,high,news1|nf21
ななじゆう,な,う,0,high,news1|nf03|spec1
ついせき,つ,き,0,high,ichi1|news1|nf12
うつむく,う,く,0,high,ichi1
にゆういん,に,ん,0,high,ichi1|news1|nf04
あてる,あ,る,0,high,ichi1|news1|nf10|nf24
くるしい,く,い,0,high,ichi1|news1|nf18
かえん,か,ん,0,high,news1|nf12
しゆうせき,し,き,0,high,news1|nf11
しゆいん,し,ん,0,high,news1|nf15
とおたる,と,る,0,high,gai1
だいにんぐ,だ,ぐ,0,high,gai1
にし,に,し,0,high,ichi1|news1|nf02|nf04
ふくしや,ふ,や,0,high,ichi1|news2|nf28
ねんまく,ね,く,0,high,news1|nf21
ぽかぽか,ぽ,か,0,high,ichi1
すうまん,す,ん,0,high,news1|nf10
まつじつ,ま,つ,0,high,ichi1|news1|nf24
ぐあむ,ぐ,む,0,high,gai1
ふかかい,ふ,い,0,high,ichi1|news2|nf39
じゆうたくち,じ,ち,0,high,ichi1|news1|nf08
つかのま,つ,ま,0,high,ichi1|spec1
しごと,し,と,0,high,ichi1|news1|nf01
ひらめく,ひ,く,0,high,ichi1
かいしじこく,か,く,0,high,spec1
くさい,く,い,0,high,ichi1
こおぷ,こ,ぷ,0,high,gai1
なんにん,な,ん,0,high,spec1
うわくちびる,う,る,0,high,ichi1
いくら,い,ら,0,high,gai1|ichi1|news2|nf37
ねつくれす,ね,す,0,high,gai1|ichi1
もるたる,も,る,0,high,gai1
えんかつ,え,つ,0,high,ichi1|news1|nf10
さいのう,さ,う,0,high,ichi1|news1|nf08
そちら,そ,ら,0,high,ichi1
ようい,よ,い,0,high,ichi1|news1|nf05
むな,む,な,0,high,ichi1|news1|nf02
あぶら,あ,ら,0,high,ichi1|news1|nf04|nf15
ふきん,ふ,ん,0,high,ichi1|news1|nf03
ようするに,よ,に,0,high,ichi1|news1|nf12
たいようでんち,た,ち,0,high,news1|nf15
がくもん,が,ん,0,high,ichi1|news1|nf10
しよもつ,し,つ,0,high,ichi1|news1|nf14
ぺいちん,ぺ,ん,0,high,news1|nf01
ぞうしゆう,ぞ,う,0,high,news1|nf10
にかよう,に,う,0,high,ichi1|news1|nf24
ごめん,ご,ん,0,high,ichi1
さいず,さ,ず,0,high,gai1|ichi1
じゆうこうぎよう,じ,う,0,high,ichi1|news2|nf29
りすぼん,り,ん,0,high,gai1
もんじよう,も,う,0,high,ichi1|news1|nf05
せんたん,せ,ん,0,high,ichi1|news1|nf07
ちんちん,ち,ん,0,high,spec1
ねかす,ね,す,0,high,ichi1|news2|nf47
ぴらみつど,ぴ,ど,0,high,gai1
ぬれる,ぬ,る,0,high,ichi1|news2|nf41
じすとろふいい,じ,い,0,high,gai1
ぶうつ,ぶ,つ,0,high,gai1
とうじよう,と,う,0,high,ichi1|news1|nf05|nf14
びようじやく,び,く,0,high,ichi1|news1|nf24
ひつこす,ひ,す,0,high,ichi1|news1|nf18
そのへん,そ,ん,0,high,spec1
けつえきがた,け,た,0,high,news1|nf17
しよとく,し,く,0,high,ichi1|news1|nf02
すいしつ,す,つ,0,high,news1|nf08
ろいやりてい,ろ,い,0,high,spec1
かんしん,か,ん,0,high,ichi1|news1|nf01|nf10
ぷろもおしよん,ぷ,ん,0,high,gai1
おりかえす,お,す,0,high,ichi1|news2|nf30
こまりはてる,こ,る,0,high,news1|nf21
じようげん,じ,ん,0,high,news1|nf06
まえむき,ま,き,0,high,ichi1|news1|nf05
ものほし,も,し,0,high,ichi1|news2|nf41
ゆきすぎ,ゆ,ぎ,0,high,ichi1|news1|nf14
しんかんせん,し,ん,0,high,ichi1|news1|nf03
すず,す,ず,0,high,ichi1|news1|nf13|nf17
ねつする,ね,る,0,high,ichi1|news2|nf26
ごじゆうさんつぎ,ご,ぎ,0,high,news1|nf08
ようさい,よ,い,0,high,ichi1|news2|nf31
さくほう,さ,う,0,high,news1|nf19
むねん,む,ん,0,high,news1|nf16
いんすとらくたあ,い,あ,0,high,gai1
てんぷら,て,ら,0,high,ichi1
きよ,き,よ,0,high,news1|nf21
あいでんていていい,あ,い,0,high,gai1
からて,か,て,0,high,ichi1|news1|nf20
ぜんど,ぜ,ど,0,high,news1|nf08
たんこうぼん,た,ん,0,high,ichi1|news1|nf13
しようひよう,し,う,0,high,news1|nf14
いつもどうり,い,り,0,high,spec1
ひがしきた,ひ,た,0,high,news1|nf02
さいご,さ,ご,0,high,ichi1|news1|nf01|nf16
はつちやく,は,く,0,high,ichi1|news1|nf12
そんでもつて,そ,て,0,high,spec1
ちようじよ,ち,よ,0,high,ichi1|news1|nf04
ろんぐせらあ,ろ,あ,0,high,gai1
ひようか,ひ,か,0,high,ichi1|news1|nf02
によると,に,と,0,high,spec1
しんき,し,き,0,high,ichi1|news1|nf05
たかい,た,い,0,high,ichi1|news1|nf08
さんきよう,さ,う,0,high,ichi1|news1|nf22
なだめる,な,る,0,high,ichi1
はつちよう,は,う,0,high,news1|nf22
つけたす,つ,す,0,high,ichi1
けいげん,け,ん,0,high,news1|nf09
おおや,お,や,0,high,ichi1|news2|nf47|spec1
めいくあつぷ,め,ぷ,0,high,spec1
からあ,か,あ,0,high,gai1|ichi1|spec1
はつうり,は,り,0,high,spec1
けつせき,け,き,0,high,ichi1|news1|nf10
みんじ,み,じ,0,high,news1|nf08
れんどう,れ,う,0,high,news1|nf15
しじよ,し,よ,0,high,news1|nf23
きかえる,き,る,0,high,ichi1|news2|nf26
かえ,か,え,0,high,news1|news2|nf19|nf35|nf39
あんしよう,あ,う,0,high,news1|nf13
にん,に,ん,0,high,ichi1|news1|nf04|nf14
はつばい,は,い,0,high,ichi1|news1|nf03
ばんたむきゆう,ば,う,0,high,spec1
でぼんき,で,き,0,high,spec1
りようりにん,り,ん,0,high,news2|nf27|spec1
てつてい,て,い,0,high,ichi1|news1|nf03
るつくす,る,す,0,high,gai1
すつごおい,す,い,0,high,ichi1
とりえ,と,え,0,high,ichi1
しんがく,し,く,0,high,ichi1|news1|nf06|nf21
らぶこめ,ら,め,0,high,gai1
じりゆう,じ,う,0,high,news1|nf23
おくじよう,お,う,0,high,ichi1|news1|nf10
ゆにばあしああど,ゆ,ど,0,high,gai1
たてなおす,た,す,0,high,ichi1|news2|nf39
とうゆ,と,ゆ,0,high,ichi1|news1|nf15
ぱわふる,ぱ,る,0,high,gai1
しんぶん,し,ん,0,high,ichi1|news1|nf01
ごれんらく,ご,く,0,high,spec1
ちりし,ち,し,0,high,ichi1
しやかいか,し,か,0,high,news1|nf17
おおぶね,お,ね,0,high,news1|nf18
ゆうぜい,ゆ,い,0,high,news1|nf10
べんさい,べ,い,0,high,ichi1|news2|nf34
うんそう,う,う,0,high,ichi1|news1|nf08
じようえい,じ,い,0,high,ichi1|news1|nf07
あずかりしよ,あ,よ,0,high,ichi1
せんしゆ,せ,ゆ,0,high,ichi1|news1|nf01|nf14|nf24
ふそく,ふ,く,0,high,ichi1|news1|nf02
こんしゆう,こ,う,0,high,ichi1|news1|nf05|nf06
あんばらんす,あ,す,0,high,gai1
ゆうしゆう,ゆ,う,0,high,ichi1|news1|nf05
しんえい,し,い,0,high,news1|nf10|nf16
こうたく,こ,く,0,high,news1|nf19
どりいむ,ど,む,0,high,gai1
しえぱあど,し,ど,0,high,gai1
めいうん,め,ん,0,high,news1|nf15
わる,わ,る,0,high,ichi1|news2|nf26
によう,に,う,0,high,news1|nf13
しよほうせん,し,ん,0,high,news2|nf39|spec1
ほあん,ほ,ん,0,high,ichi1|news1|nf05
こんでんさ,こ,さ,0,high,gai1
そうなると,そ,と,0,high,spec1
ようじよう,よ,う,0,high,news1|nf19
ぼうふう,ぼ,う,0,high,news1|nf17
すぱいす,す,す,0,high,gai1
かんご,か,ご,0,high,ichi1|news1|news2|nf05|nf37
ぜんたいしゆぎ,ぜ,ぎ,0,high,news1|nf19
あるぱいん,あ,ん,0,high,gai1
しよくぎよう,し,う,0,high,ichi1|news1|nf03
てらす,て,す,0,high,gai1|ichi1|news2|nf31
はきもの,は,の,0,high,ichi1|news2|nf31
ごうまん,ご,ん,0,high,news2|nf35|spec1
きようそうきよく,き,く,0,high,news1|nf11
じぞくてき,じ,き,0,high,news1|nf18
ふだん,ふ,ん,0,high,ichi1|news1|nf07|nf24
たぶろいど,た,ど,0,high,gai1
りつかい,り,い,0,high,news1|nf19
ちよつけい,ち,い,0,high,ichi1|news1|nf11|nf18
むしぱん,む,ん,0,high,spec1
うでる,う,る,0,high,ichi1
そうだ,そ,だ,0,high,spec1
おおぜい,お,い,0,high,ichi1|news1|nf04
いさご,い,ご,0,high,ichi1|news1|nf06
おうひ,お,ひ,0,high,news1|nf23
かんらく,か,く,0,high,news1|nf16
さいたく,さ,く,0,high,news1|nf07
つずき,つ,き,0,high,ichi1|news1|nf09
あかいろ,あ,ろ,0,high,news1|nf24|spec1
くつきんぐ,く,ぐ,0,high,gai1
えくあどる,え,る,0,high,gai1
かたまり,か,り,0,high,ichi1|news1|news2|nf11|nf27
たさい,た,い,0,high,news1|nf06
がいよう,が,う,0,high,news1|nf11|nf22
かしゆ,か,ゆ,0,high,ichi1|news1|nf03
ていすう,て,う,0,high,news1|nf02
りようしん,り,ん,0,high,ichi1|news1|nf03|nf14
かき,か,き,0,high,ichi1|news1|news2|nf12|nf13|nf16|nf17|nf32|spec1
ばぎい,ば,い,0,high,gai1
おおぜき,お,き,0,high,news1|nf05
よきん,よ,ん,0,high,ichi1|news1|nf03
よくしつ,よ,つ,0,high,ichi1|news1|nf15
どつと,ど,と,0,high,ichi1|spec1
そうせつ,そ,つ,0,high,news1|nf04
しやせん,し,ん,0,high,news1|nf16
いばしよ,い,よ,0,high,news1|nf20
どよめく,ど,く,0,high,ichi1
ふう,ふ,う,0,high,ichi1|news1|nf01|nf15|spec1
えきまえ,え,え,0,high,ichi1|news1|nf06
とわいらいと,と,と,0,high,gai1
ばあい,ば,い,0,high,ichi1|news1|nf09
でみ,で,み,0,high,gai1
らいとばん,ら,ん,0,high,gai1
うけざら,う,ら,0,high,news1|nf10
おめでとうございます,お,す,0,high,spec1
わあぷ,わ,ぷ,0,high,gai1
やとう,や,う,0,high,ichi1|news1|nf01|nf24
さくら,さ,ら,0,high,ichi1|news1|nf04|spec1
とりだす,と,す,0,high,ichi1|news2|nf36
おりかえし,お,し,0,high,ichi1|news2|nf26
せくたあ,せ,あ,0,high,gai1
しゆうろく,し,く,0,high,news1|nf10
おもてだつて,お,て,0,high,news1|nf19
かんぷ,か,ぷ,0,high,news1|nf15
たいほ,た,ほ,0,high,ichi1|news1|nf02
えつきよう,え,う,0,high,news1|nf16
でなければならない,で,い,0,high,spec1
ふれえず,ふ,ず,0,high,gai1
ひび,ひ,び,0,high,ichi1|news1|nf04
あくま,あ,ま,0,high,ichi1|news1|nf10
ゆのみ,ゆ,み,0,high,ichi1|spec1
にんず,に,ず,0,high,ichi1|news1|nf06
ぜんちよう,ぜ,う,0,high,news1|nf17|nf18
だん,だ,ん,0,high,ichi1|news1|nf07|nf13|nf17
ろうどうきじゆんほう,ろ,う,0,high,news1|nf16
ぱす,ぱ,す,0,high,gai1
おとしもの,お,の,0,high,ichi1|news2|nf40|spec1
はぐるま,は,ま,0,high,ichi1|news1|nf18
ごうう,ご,う,0,high,news1|nf17
えあばつぐ,え,ぐ,0,high,gai1
くせん,く,ん,0,high,news1|nf10
じやくねん,じ,ん,0,high,ichi1|news1|nf17
らぶそんぐ,ら,ぐ,0,high,gai1
ふくめん,ふ,ん,0,high,ichi1|news1|nf23
まあめいど,ま,ど,0,high,gai1
いちじき,い,き,0,high,news1|nf12
いきる,い,る,0,high,ichi1|news1|nf04
もていいふ,も,ふ,0,high,gai1
とちようちよう,と,う,0,high,spec1
しやくじん,し,ん,0,high,news1|nf14
けえぶる,け,る,0,high,gai1
つかれる,つ,る,0,high,ichi1|news2|nf29
めたる,め,る,0,high,gai1
にんそう,に,う,0,high,ichi1|news2|nf31
ぱちんこ,ぱ,こ,0,high,gai1|ichi1
たんさん,た,ん,0,high,ichi1|news1|news2|nf20|nf26
どうして,ど,て,0,high,ichi1
そんぎかい,そ,い,0,high,news1|nf19
わえい,わ,い,0,high,ichi1|news2|nf31
すちいる,す,る,0,high,gai1
りようごく,り,く,0,high,news1|nf01
だむ,だ,む,0,high,gai1|ichi1
つかさどる,つ,る,0,high,spec1
びこう,び,う,0,high,ichi1
まんすりい,ま,い,0,high,gai1
まざりんぐ,ま,ぐ,0,high,gai1
おかしな,お,な,0,high,ichi1
ふたがる,ふ,る,0,high,ichi1
よそおい,よ,い,0,high,news1|nf19
かあとりつじ,か,じ,0,high,gai1
しゆつせ,し,せ,0,high,ichi1|news1|nf14
かたわら,か,ら,0,high,news1|nf14
すきやんだる,す,る,0,high,gai1
もおたあさいくる,も,る,0,high,gai1
めえとる,め,る,0,high,gai1|ichi1
しゆうさん,し,ん,0,high,news1|nf22
わいるど,わ,ど,0,high,gai1
かくう,か,う,0,high,ichi1|news1|nf07
やせる,や,る,0,high,ichi1
よな,よ,な,0,high,spec1
ふおおると,ふ,と,0,high,gai1
つみたてきん,つ,ん,0,high,news1|nf15
しようきん,し,ん,0,high,ichi1|news1|nf04
とくする,と,る,0,high,ichi1
ぶんかつ,ぶ,つ,0,high,ichi1|news1|nf06
こん,こ,ん,0,high,ichi1|news1|nf11
もんきい,も,い,0,high,gai1
ろくに,ろ,に,0,high,ichi1
もすぐりいん,も,ん,0,high,gai1
さいごのぶたい,さ,い,0,high,spec1
うき,う,き,0,high,ichi1|news1|nf18|nf21|nf23
まんぱい,ま,い,0,high,news1|nf21
あすれちつく,あ,く,0,high,gai1
よういん,よ,ん,0,high,ichi1|news1|nf03|nf04
ぷらもでる,ぷ,る,0,high,gai1
びんぎ,び,ぎ,0,high,ichi1|news1|nf11
おわり,お,り,0,high,ichi1|news1|nf05
じつじよう,じ,う,0,high,ichi1|news1|nf04
ぶんど,ぶ,ど,0,high,gai1
とおくしよお,と,お,0,high,gai1
ねどこ,ね,こ,0,high,ichi1|news2|nf32
そふ,そ,ふ,0,high,ichi1|news1|nf09
かくご,か,ご,0,high,ichi1|news1|nf07
はつびよう,は,う,0,high,ichi1|news1|nf15
でえもん,で,ん,0,high,gai1
このえ,こ,え,0,high,news1|nf16
けんがく,け,く,0,high,ichi1|news1|nf08
こうき,こ,き,0,high,ichi1|news1|nf06|nf07
じはんき,じ,き,0,high,spec1
がんぽん,が,ん,0,high,news1|nf13
ぷらんなあ,ぷ,あ,0,high,gai1
つかる,つ,る,0,high,ichi2|news2|nf41|spec1
ござ,ご,ざ,0,high,ichi1
こつけん,こ,ん,0,high,news1|nf20
ぎゆうにゆう,ぎ,う,0,high,ichi1|news1|nf08
あじつけ,あ,け,0,high,news1|nf19
がいこくじん,が,ん,0,high,ichi1|news1|nf01
しよとう,し,う,0,high,news1|nf12|spec1
らふと,ら,と,0,high,gai1
ぱちぱち,ぱ,ち,0,high,ichi1|spec1
せいとう,せ,う,0,high,ichi1|news1|nf01|nf06|nf18
につかあず,に,ず,0,high,gai1
けいしきてき,け,き,0,high,ichi1|news1|nf18
ため,た,め,0,high,ichi1|news1|nf09
もつとお,も,お,0,high,gai1
ちほうじちたい,ち,い,0,high,news1|nf06
はんつき,は,き,0,high,ichi1|news1|nf16
こちよう,こ,う,0,high,ichi1|news2|nf30
るああ,る,あ,0,high,gai1
きよろきよろ,き,ろ,0,high,ichi1|spec1
ぜんはんせん,ぜ,ん,0,high,news1|nf16
たんでむ,た,む,0,high,gai1
ひがい,ひ,い,0,high,ichi1|news1|nf02
すいへい,す,い,0,high,ichi1|news1|nf15
のたびに,の,に,0,high,spec1
ねぞう,ね,う,0,high,ichi1
もる,も,る,0,high,ichi1|news1|nf19
じりつ,じ,つ,0,high,news1|nf06|nf20
ぶんぷ,ぶ,ぷ,0,high,ichi1|news1|nf13
いちい,い,い,0,high,news1|nf04
にほんぜんこく,に,く,0,high,spec1
まるまる,ま,る,0,high,ichi1|news2|nf38
じよげん,じ,ん,0,high,ichi1|news1|nf12
ふはい,ふ,い,0,high,ichi1|news1|nf03
かつえじに,か,に,0,high,ichi1
かんこうきやく,か,く,0,high,spec1
じようようかんじ,じ,じ,0,high,ichi1
ねんすう,ね,う,0,high,news1|nf13
ゆるい,ゆ,い,0,high,ichi1|news2|nf38
けはい,け,い,0,high,ichi1|news1|nf06
ろおてえしよん,ろ,ん,0,high,gai1
がれき,が,き,0,high,news2|nf47|spec1
ふしめ,ふ,め,0,high,news1|nf09
じく,じ,く,0,high,ichi1|news1|nf03
ろおどれえす,ろ,す,0,high,gai1
すみごこち,す,ち,0,high,news1|nf06
がいかくだんたい,が,い,0,high,news1|nf15
ええじえんしい,え,い,0,high,gai1
はやおき,は,き,0,high,ichi1|news2|nf32
こうろ,こ,ろ,0,high,ichi1|news1|nf12|nf19
あくていぶ,あ,ぶ,0,high,gai1
ぶろおかあ,ぶ,あ,0,high,gai1
さきだつて,さ,て,0,high,spec1
とりくち,と,ち,0,high,news1|nf19
しつど,し,ど,0,high,ichi1|news1|nf15
りいど,り,ど,0,high,gai1|ichi1
かくかん,か,ん,0,high,ichi1|news1|nf11
きようさんとう,き,う,0,high,news1|nf01
りつぽうふ,り,ふ,0,high,news1|nf21
まぐれ,ま,れ,0,high,ichi1|news2|nf34
げきれい,げ,い,0,high,ichi1|news1|nf12
はくないしよう,は,う,0,high,news1|nf21
さいしんけんきゆう,さ,う,0,high,spec1
にゆうせん,に,ん,0,high,ichi1|news1|nf08
いふく,い,く,0,high,ichi1|news1|nf13
あちら,あ,ら,0,high,ichi1|news2|nf28
むしよく,む,く,0,high,ichi1|news1|news2|nf04|nf32
たびたび,た,び,0,high,ichi1|news1|nf23
きゆうじよ,き,よ,0,high,ichi1|news1|nf09
こおら,こ,ら,0,high,gai1|ichi1
ますこみ,ま,み,0,high,gai1|ichi1
れい,れ,い,0,high,ichi1|news1|news2|nf02|nf05|nf10|nf13|nf37|spec1
につこう,に,う,0,high,ichi1|news1|nf11
すてろいど,す,ど,0,high,gai1
おおそどつくす,お,す,0,high,gai1
ごじ,ご,じ,0,high,ichi1|news2|nf38
みんじゆ,み,ゆ,0,high,news1|nf14
すなどけい,す,い,0,high,spec1
はいぱあ,は,あ,0,high,gai1
ぐらたん,ぐ,ん,0,high,gai1
かおつき,か,き,0,high,ichi1|news2|nf32|spec1
むしや,む,や,0,high,news1|nf21
せぎん,せ,ん,0,high,news1|nf13
いんない,い,い,0,high,news1|nf09
しんごう,し,う,0,high,ichi1|news1|nf06
おいこみ,お,み,0,high,news1|nf21
しんじけえと,し,と,0,high,gai1
じゆりい,じ,い,0,high,gai1
ふりまわす,ふ,す,0,high,news1|nf15
みんえいか,み,か,0,high,news1|nf18
くなん,く,ん,0,high,news1|nf15
はんはん,は,ん,0,high,news1|nf18
えいご,え,ご,0,high,ichi1|news1|nf02
せつやく,せ,く,0,high,ichi1|news1|nf12
しいとべると,し,と,0,high,spec1
にゆうこくかんりきよく,に,く,0,high,news1|nf15
じむとうきよく,じ,く,0,high,news1|nf20
せえぶ,せ,ぶ,0,high,gai1
いちば,い,ば,0,high,ichi1|news1|nf01
さんかしや,さ,や,0,high,news1|nf03
みずぎ,み,ぎ,0,high,ichi1|news1|nf14
どさ,ど,さ,0,high,news1|nf11
じちよう,じ,う,0,high,news1|nf04
ぶんこう,ぶ,う,0,high,news1|nf21
えすとにあ,え,あ,0,high,gai1
つまり,つ,り,0,high,ichi1|news2|nf31
すぷりんぐ,す,ぐ,0,high,gai1
ばどみんとん,ば,ん,0,high,gai1
しんしようひん,し,ん,0,high,spec1
むふう,む,う,0,high,ichi1|news1|nf23
しゆんそく,し,く,0,high,news1|nf18
ばんずけ,ば,け,0,high,news1|nf11
せいのう,せ,う,0,high,ichi1|news1|nf08
ひやくおく,ひ,く,0,high,news1|nf06|spec1
ついていく,つ,く,0,high,spec1
ばあてん,ば,ん,0,high,gai1
せつもん,せ,ん,0,high,news1|nf13
せえるす,せ,す,0,high,gai1
けいざいてき,け,き,0,high,ichi1|news1|nf04
だんけつ,だ,つ,0,high,ichi1|news1|nf10
すてれお,す,お,0,high,gai1|ichi1
ねんがん,ね,ん,0,high,ichi1|news1|nf10
しようきよく,し,く,0,high,news1|nf12
きんねん,き,ん,0,high,news1|nf06
さぼる,さ,る,0,high,ichi1
しつげん,し,ん,0,high,news1|nf14
ほかにも,ほ,も,0,high,spec1
うえすたん,う,ん,0,high,gai1
めつたに,め,に,0,high,ichi1
いいきる,い,る,0,high,news1|nf21
ぷろでゆうす,ぷ,す,0,high,gai1
けんぽ,け,ぽ,0,high,news1|nf18
しよつけん,し,ん,0,high,news1|nf19
ほうむしよう,ほ,う,0,high,news1|nf06
ぴいたあぱんしんどろおむ,ぴ,む,0,high,gai1
にげる,に,る,0,high,ichi1|news1|nf15
こうしゆうえいせい,こ,い,0,high,news1|nf19
ひきわたす,ひ,す,0,high,news1|nf20
よしん,よ,ん,0,high,news1|nf20
そうち,そ,ち,0,high,ichi1|news1|nf02
じゆみよう,じ,う,0,high,ichi1|news1|nf09
おりごまあ,お,あ,0,high,gai1
さむらい,さ,い,0,high,ichi1|news1|nf14|nf18
ちかみち,ち,ち,0,high,ichi1|news1|nf24
ちらちら,ち,ら,0,high,ichi1
すいえい,す,い,0,high,ichi1|news1|nf07
ひめる,ひ,る,0,high,ichi1|news2|nf32
いにん,い,ん,0,high,ichi1|news1|nf22
とこう,と,う,0,high,news1|nf10
ふくろ,ふ,ろ,0,high,ichi1|news1|nf08
せつぞく,せ,く,0,high,ichi1|news1|nf15
ほうもんしや,ほ,や,0,high,spec1
りさん,り,ん,0,high,news1|nf21
うれしい,う,い,0,high,ichi1
ようは,よ,は,0,high,news1|nf16
たちおうじよう,た,う,0,high,news1|nf17
とうてい,と,い,0,high,ichi1|news2|nf26
べんご,べ,ご,0,high,ichi1|news1|nf05
おかると,お,と,0,high,gai1
ませんか,ま,か,0,high,spec1
やくにん,や,ん,0,high,ichi1|news1|nf08
ものすごい,も,い,0,high,ichi1
ふあつくす,ふ,す,0,high,ichi1
たすけあい,た,い,0,high,news1|nf24
にんせん,に,ん,0,high,news1|nf09
とみ,と,み,0,high,ichi1|news1|nf06
ふとる,ふ,る,0,high,ichi1|news2|nf45
ゆたか,ゆ,か,0,high,ichi1|news1|nf02
さまあすくうる,さ,る,0,high,gai1
ふうしや,ふ,や,0,high,ichi1
おうぎよう,お,う,0,high,news1|nf23
ふざける,ふ,る,0,high,ichi1
りんりてき,り,き,0,high,news1|nf24
ちゆうしやじよう,ち,う,0,high,ichi1|news1|nf05
しそう,し,う,0,high,ichi1|news1|nf03
しよじつ,し,つ,0,high,ichi1|news1|nf04
こうさくきかい,こ,い,0,high,news1|nf18
びせいぶつ,び,つ,0,high,news1|nf14
じごく,じ,く,0,high,ichi1|news1|nf08
ぱすてる,ぱ,る,0,high,gai1
おりる,お,る,0,high,ichi1|news1|nf10
けんおかん,け,ん,0,high,spec1
すきやなあ,す,あ,0,high,gai1
とうひようじよ,と,よ,0,high,news1|nf09
きたひがし,き,し,0,high,ichi1|news1|nf06
はいき,は,き,0,high,news1|nf03|nf14
ゆうとうせい,ゆ,い,0,high,ichi1|news1|nf18
のび,の,び,0,high,ichi1|news1|nf03
へいぎん,へ,ん,0,high,ichi1|news1|nf01
えんざん,え,ん,0,high,news1|nf20|nf21
ぽてと,ぽ,と,0,high,gai1
すうねん,す,ん,0,high,spec1
ごりようしようください,ご,い,0,high,spec1
みんげい,み,い,0,high,news1|nf18
しつち,し,ち,0,high,news1|nf09
さゆう,さ,う,0,high,ichi1|news1|nf06
げんど,げ,ど,0,high,ichi1|news1|nf07
くどう,く,う,0,high,news1|nf11
ほんのすこし,ほ,し,0,high,spec1
きかんし,き,し,0,high,news1|nf08|nf23
ちようばつ,ち,つ,0,high,news1|nf19
さえき,さ,き,0,high,news1|nf07
くないちよう,く,う,0,high,news1|nf07
とらふ,と,ふ,0,high,gai1
びようどう,び,う,0,high,ichi1|news1|nf07
しよばつ,し,つ,0,high,ichi1|news1|nf14
あらす,あ,す,0,high,ichi1|news1|nf22
はたん,は,ん,0,high,ichi1|news2|nf25
いきよい,い,い,0,high,ichi1|news1|nf03
あらぶ,あ,ぶ,0,high,gai1
くわいあ,く,あ,0,high,gai1
みすぷりんと,み,と,0,high,ichi1
こぼく,こ,く,0,high,ichi1|news2|nf38
ぎやろつぴんぐいんふれ,ぎ,れ,0,high,gai1
たいおう,た,う,0,high,ichi1|news1|nf01
おおだあめいど,お,ど,0,high,gai1
ぱあぷれえ,ぱ,え,0,high,gai1
にも,に,も,0,high,spec1
かんせん,か,ん,0,high,ichi1|news1|nf03|nf12|nf13
ほんのう,ほ,う,0,high,ichi1|news1|nf17
えがく,え,く,0,high,ichi1
ぷるとにうむ,ぷ,む,0,high,gai1
ぐらんぷり,ぐ,り,0,high,gai1
おうち,お,ち,0,high,news1|nf23|spec1
ひとみ,ひ,み,0,high,ichi1|news1|nf18
へいごう,へ,う,0,high,news1|nf12
ぎよこう,ぎ,う,0,high,news1|nf17
みよう,み,う,0,high,ichi1|news1|nf07
でべろつぱあ,で,あ,0,high,gai1
らんし,ら,し,0,high,news1|nf16
とざん,と,ん,0,high,ichi1|news1|nf06
よみにくい,よ,い,0,high,spec1
そうじしよく,そ,く,0,high,news1|nf08
いちばんのり,い,り,0,high,news1|nf24
てんぺら,て,ら,0,high,gai1
えんめつ,え,つ,0,high,news1|nf19
こさめ,こ,め,0,high,ichi1|news1|nf19
よるだん,よ,ん,0,high,gai1
しえいちかてつ,し,つ,0,high,spec1
のみみず,の,ず,0,high,ichi1|news1|nf24
しやどお,し,お,0,high,gai1
せいし,せ,し,0,high,ichi1|news1|news2|nf12|nf13|nf17|nf33
ましかく,ま,く,0,high,ichi1
ちようじやく,ち,く,0,high,news1|nf21
ぽおず,ぽ,ず,0,high,gai1
もどる,も,る,0,high,ichi1|news2|nf44
じゆんに,じ,に,0,high,news1|nf18
あめだす,あ,す,0,high,gai1
ちじん,ち,ん,0,high,ichi1|news1|nf04
ひあい,ひ,い,0,high,news1|nf21
かたらう,か,う,0,high,news1|nf09
しめきり,し,り,0,high,ichi1|news1|nf06
よわめる,よ,る,0,high,ichi1|news2|nf26
じゆんれい,じ,い,0,high,news1|nf19
ぶろおち,ぶ,ち,0,high,gai1
しかい,し,い,0,high,ichi1|news1|nf08|nf15|nf19
でんばた,で,た,0,high,ichi1|news1|nf16
ふねんぶつ,ふ,つ,0,high,ichi1
すなつち,す,ち,0,high,gai1
かてごりい,か,い,0,high,gai1
りばいばる,り,る,0,high,gai1
ざんぎよう,ざ,う,0,high,ichi1|news1|nf08
いぜんとして,い,て,0,high,news1|nf06
たたずむ,た,む,0,high,ichi1
がいらい,が,い,0,high,news1|nf11
ついている,つ,る,0,high,spec1
さわぎ,さ,ぎ,0,high,ichi1|news1|nf05
せりあい,せ,い,0,high,news1|nf16
つよい,つ,い,0,high,ichi1|news1|nf18
きゆうびよう,き,う,0,high,ichi1|news2|nf26
ないしん,な,ん,0,high,ichi1|news1|nf12|nf15
さあびすぎよう,さ,う,0,high,spec1
すとつぷうおつち,す,ち,0,high,gai1
びようめい,び,い,0,high,news1|nf15
にぎりしめる,に,る,0,high,ichi1|news2|nf41
とりい,と,い,0,high,ichi1|news1|nf20
かぶしき,か,き,0,high,ichi1|news1|nf01
はいび,は,び,0,high,news1|nf10
なれえしよん,な,ん,0,high,gai1
ちようかい,ち,い,0,high,news1|nf09
まちのぞむ,ま,む,0,high,ichi1|news1|nf23
ずしよ,ず,よ,0,high,ichi1|news1|nf09
せすじ,せ,じ,0,high,news1|nf18
ちやくち,ち,ち,0,high,news1|nf22
なんじ,な,じ,0,high,spec1
となりあう,と,う,0,high,ichi1|news2|nf44
つなぐ,つ,ぐ,0,high,ichi1
どれす,ど,す,0,high,gai1|ichi1
いす,い,す,0,high,ichi1|news1|nf22
ものさし,も,し,0,high,ichi1|news1|nf20
にゆうじようけん,に,ん,0,high,ichi1|news1|nf13
すたあたあ,す,あ,0,high,gai1
そうじゆく,そ,く,0,high,ichi1|news2|nf44
きわめる,き,る,0,high,ichi1|news2|nf30
ねいきつど,ね,ど,0,high,gai1
しやだんほうじん,し,ん,0,high,news1|nf09
まして,ま,て,0,high,ichi1
おもやく,お,く,0,high,ichi1|news1|nf17
ほうどうじん,ほ,ん,0,high,news1|nf05
しぶずら,し,ら,0,high,ichi1
とれんど,と,ど,0,high,gai1
きじん,き,ん,0,high,ichi1
どいつご,ど,ご,0,high,spec1
ぬぐ,ぬ,ぐ,0,high,ichi1|news2|nf44
はんめい,は,い,0,high,ichi1|news1|nf14
うがい,う,い,0,high,ichi1
ですが,で,が,0,high,spec1
とびだし,と,し,0,high,news1|nf12
まあがりん,ま,ん,0,high,gai1
めろでい,め,い,0,high,spec1
いや,い,や,0,high,ichi1|news1|nf07|spec1
ひとごころ,ひ,ろ,0,high,news1|nf18
につさん,に,ん,0,high,news1|nf07
だいきらい,だ,い,0,high,ichi1|news2|nf26
よれば,よ,ば,0,high,spec1
おかねもち,お,ち,0,high,spec1
でたんと,で,と,0,high,gai1
あべつく,あ,く,0,high,gai2|ichi1
ながめ,な,め,0,high,ichi1|news1|news2|nf18|nf28
おまたせしました,お,た,0,high,spec1
せんしよう,せ,う,0,high,news1|nf19|nf22
けえき,け,き,0,high,gai1|ichi1
のなか,の,か,0,high,news1|nf14
ふおわあど,ふ,ど,0,high,gai1
しあげ,し,げ,0,high,ichi1|news1|nf12
にちにち,に,ち,0,high,ichi1|news1|nf04
めだましようひん,め,ん,0,high,ichi1|news2|nf27
へいきんてん,へ,ん,0,high,news1|nf24
つきあたる,つ,る,0,high,ichi1|news2|nf39
じどうしや,じ,や,0,high,ichi1|news1|nf01
ひな,ひ,な,0,high,ichi1
れりいふ,れ,ふ,0,high,gai1
ぐんしゆう,ぐ,う,0,high,ichi1|news1|nf14
にち,に,ち,0,high,spec1
こにいで,こ,で,0,high,gai1
とりかえる,と,る,0,high,ichi1|news2|nf25
すこおる,す,る,0,high,gai1
ねつれつ,ね,つ,0,high,ichi1|news1|nf17
まるたあぜ,ま,ぜ,0,high,gai1
いつしゆ,い,ゆ,0,high,ichi1|news1|nf05
ひやつかじてん,ひ,ん,0,high,ichi1|news1|nf22
こうへい,こ,い,0,high,ichi1|news1|nf10|nf20
ぼおい,ぼ,い,0,high,gai1|ichi1
たよる,た,る,0,high,ichi1|news1|nf19
いちばんうえ,い,え,0,high,spec1
じゆうしちにち,じ,ち,0,high,spec1
くさかり,く,り,0,high,news1|nf24
いぎよう,い,う,0,high,news1|nf22
にもかかわらず,に,ず,0,high,ichi1|spec1
かむり,か,り,0,high,ichi1|news1|nf06
ぷれすりりいす,ぷ,す,0,high,gai1
そんえき,そ,き,0,high,ichi1|news1|nf16
くれえこおと,く,と,0,high,gai1
ほしようつき,ほ,き,0,high,spec1
きかくしつ,き,つ,0,high,news1|nf19
かんかつ,か,つ,0,high,ichi1|news1|nf12
わりこむ,わ,む,0,high,ichi1|news2|nf40
きそう,き,う,0,high,ichi1|news1|news2|nf14|nf21|nf35
あれだけ,あ,け,0,high,spec1
じゆうろくにち,じ,ち,0,high,spec1
ぼうと,ぼ,と,0,high,news1|nf24
しようよう,し,う,0,high,news1|nf16
きつと,き,と,0,high,gai1|ichi1
さけ,さ,け,0,high,ichi1|news1|news2|nf04|nf32|spec1
かいだん,か,ん,0,high,ichi1|news1|nf01|nf07|nf20
とんや,と,や,0,high,ichi1|news1|nf14
かかん,か,ん,0,high,news1|nf15
めか,め,か,0,high,gai1
まくろ,ま,ろ,0,high,gai1|ichi1
たなごころ,た,ろ,0,high,ichi1|news1|nf16
なごやか,な,か,0,high,ichi1|news2|nf26
ゆうすほすてる,ゆ,る,0,high,gai1
りくろ,り,ろ,0,high,news1|nf18
しやつとあうと,し,と,0,high,gai1
じんぶんかがく,じ,く,0,high,ichi1|news2|nf29
まにあう,ま,う,0,high,ichi1|news1|nf20
まがる,ま,る,0,high,ichi1|news2|nf28
あなうめ,あ,め,0,high,news1|nf16
そおぷ,そ,ぷ,0,high,gai1
せんく,せ,く,0,high,news1|nf14
ゆうめい,ゆ,い,0,high,ichi1|news1|nf03
けいれき,け,き,0,high,ichi1|news1|nf09
はたあげ,は,げ,0,high,news1|nf15
しんふぜん,し,ん,0,high,news1|nf03
ながそで,な,で,0,high,ichi1
ぼうすい,ぼ,い,0,high,ichi1|news1|nf21
まんなか,ま,か,0,high,ichi1|news1|nf08
えしやく,え,く,0,high,ichi1|news2|nf43
やぎよう,や,う,0,high,news2|nf26|spec1
すかいらいん,す,ん,0,high,gai1
ほんきよ,ほ,よ,0,high,news1|nf07
いりゆうじよん,い,ん,0,high,gai1
くりつぷ,く,ぷ,0,high,gai1
きのう,き,う,0,high,ichi1|news1|nf01|nf10
まあと,ま,と,0,high,gai1
ざつだん,ざ,ん,0,high,ichi1|news1|nf20
めいぼく,め,く,0,high,ichi1|news1|nf16
おもしろ,お,ろ,0,high,news1|nf11
でえ,で,え,0,high,spec1
たんしんふにん,た,ん,0,high,spec1
きのこ,き,こ,0,high,ichi1|news2|nf47
しまね,し,ね,0,high,news1|nf11
いこうどうおん,い,ん,0,high,news1|nf23
けいさつかん,け,ん,0,high,spec1
はんぐる,は,る,0,high,gai1
ゆうきゆう,ゆ,う,0,high,news1|nf15
あつかい,あ,い,0,high,news1|nf04
えんだて,え,て,0,high,news1|nf24
こなみるく,こ,く,0,high,news1|nf23
ちゆうどく,ち,く,0,high,ichi1|news1|nf11
おおぷんせつと,お,と,0,high,gai1
さつちゆうざい,さ,い,0,high,news1|nf16
えいこう,え,う,0,high,ichi1|news1|nf14
ぼおく,ぼ,く,0,high,gai1
けつきよく,け,く,0,high,ichi1|news1|nf02
いこおる,い,る,0,high,gai1
でかける,で,る,0,high,ichi1|news2|nf28|spec1
じゆうさんにち,じ,ち,0,high,spec1
ないない,な,い,0,high,news1|nf22
つうさん,つ,ん,0,high,news1|nf03
ずらり,ず,り,0,high,spec1
しよおとぱんつ,し,つ,0,high,gai1
かんじや,か,や,0,high,ichi1|news1|nf01
たのしみ,た,み,0,high,ichi1|news1|nf04
あつい,あ,い,0,high,ichi1|news1|news2|nf14|nf29|nf34
ぜんこくてき,ぜ,き,0,high,spec1
まめちしき,ま,き,0,high,spec1
ゆにふおおむ,ゆ,む,0,high,gai1
ぼいこつと,ぼ,と,0,high,gai1
ばあばあ,ば,あ,0,high,gai1
もくと,も,と,0,high,ichi1
わしよく,わ,く,0,high,ichi1|news1|nf19
がいかん,が,ん,0,high,ichi1|news1|nf14
がぶがぶ,が,ぶ,0,high,ichi1
しろうま,し,ま,0,high,news1|nf16
れいかん,れ,ん,0,high,ichi1|news2|nf26
そとみ,そ,み,0,high,ichi1|news1|nf15
ちかよせる,ち,る,0,high,ichi1
つばくら,つ,ら,0,high,ichi1|news1|nf21
つながる,つ,る,0,high,ichi1
はいたつ,は,つ,0,high,ichi1|news1|nf11
むらがる,む,る,0,high,ichi1|news2|nf37
さらぶれつど,さ,ど,0,high,gai1
たいべい,た,い,0,high,news1|nf05
さいなん,さ,ん,0,high,ichi1|news2|nf27
はいぺえす,は,す,0,high,gai1
すてんどぐらす,す,す,0,high,gai1
おちつき,お,き,0,high,ichi1|news1|nf14
ずきずき,ず,き,0,high,ichi1
はつでんき,は,き,0,high,news1|nf19
でえたばんく,で,く,0,high,gai1
せんてんてき,せ,き,0,high,ichi1|news2|nf39
みさき,み,き,0,high,ichi1|news1|nf16
せいぜい,せ,い,0,high,ichi1
くみあわせ,く,せ,0,high,ichi1
すくらむ,す,む,0,high,gai1
ちんぷんかんぷん,ち,ん,0,high,ichi1
さま,さ,ま,0,high,ichi1
みくだす,み,す,0,high,news2|nf44|spec1
ほおく,ほ,く,0,high,gai1
しぼむ,し,む,0,high,ichi1
にゆうろん,に,ん,0,high,gai1
なんみん,な,ん,0,high,ichi1|news1|nf02
きかいか,き,か,0,high,news1|nf22
ぼうちよう,ぼ,う,0,high,ichi1|news1|nf12
のずる,の,る,0,high,gai1
ぶも,ぶ,も,0,high,ichi1|news1|nf06
かんれん,か,ん,0,high,ichi1|news1|nf01
べつと,べ,と,0,high,news2|nf29|spec1
かいすいよくじよう,か,う,0,high,news1|nf20
つとめさき,つ,き,0,high,ichi1|news1|nf22
いちばん,い,ん,0,high,ichi1|news1|nf01
ちやくしゆつ,ち,つ,0,high,news1|nf20
だあめ,だ,め,0,high,ichi1|news1|nf24
はつこつ,は,つ,0,high,news1|nf23
るうつ,る,つ,0,high,gai1
にゆうりよく,に,く,0,high,ichi1|news1|nf14
おおつぶ,お,ぶ,0,high,spec1
にばん,に,ん,0,high,news1|nf10
ひとまく,ひ,く,0,high,news1|nf13
ぱわあ,ぱ,あ,0,high,gai1
すぴいち,す,ち,0,high,gai1|ichi1
きまる,き,る,0,high,ichi1|news1|nf14
ほつぺた,ほ,た,0,high,ichi1
だんがん,だ,ん,0,high,news1|nf20
しようじる,し,る,0,high,ichi1|news2|nf34
かけはなれる,か,る,0,high,spec1
ちゆうとう,ち,う,0,high,news1|nf02|nf20
こうこ,こ,こ,0,high,news1|nf16
ちやあたあ,ち,あ,0,high,gai1
しゆんぶん,し,ん,0,high,ichi1|news2|nf36
そむく,そ,く,0,high,ichi1
おおるないと,お,と,0,high,gai1
けだもの,け,の,0,high,ichi1|news1|nf14
あね,あ,ね,0,high,ichi1|news1|nf07
しんこん,し,ん,0,high,ichi1|news1|nf14
えんてん,え,ん,0,high,news1|nf23
わかりにくい,わ,い,0,high,spec1
しんかぶ,し,ぶ,0,high,news1|nf15
ふじよう,ふ,う,0,high,news1|nf14
せけん,せ,ん,0,high,ichi1|news1|nf06
へいねん,へ,ん,0,high,ichi1|news1|nf08
かがくぶつしつ,か,つ,0,high,spec1
ぐれえ,ぐ,え,0,high,gai1
こうみん,こ,ん,0,high,news1|nf03
ふおおど,ふ,ど,0,high,gai1
まじうる,ま,る,0,high,news1|nf16
みだれ,み,れ,0,high,news1|nf09
しなぎれ,し,れ,0,high,ichi1|news2|nf25
ちようじゆう,ち,う,0,high,news1|nf19
いつと,い,と,0,high,gai1
ないかくかんぼう,な,う,0,high,news1|nf18
とろい,と,い,0,high,gai1
しいずんおふ,し,ふ,0,high,gai1
こむ,こ,む,0,high,gai1|ichi1|news2|nf46
しこう,し,う,0,high,ichi1|news1|news2|nf04|nf06|nf08|nf14|nf21|nf38|spec1
ていつしゆぺえぱあ,て,あ,0,high,gai1
はいりくち,は,ち,0,high,ichi1|news1|nf05
きつぱり,き,り,0,high,ichi1
りゆうは,り,は,0,high,news1|nf21
かけきん,か,ん,0,high,news1|nf18
じゆうどう,じ,う,0,high,ichi1|news1|nf05
せいしんしようがい,せ,い,0,high,news1|nf18
きよしゆつ,き,つ,0,high,news1|nf07
かたおもい,か,い,0,high,ichi1|news2|nf39
しゆわ,し,わ,0,high,news1|nf14
まんとる,ま,る,0,high,gai1
へき,へ,き,0,high,ichi1|news1|nf02|nf23
どくしよ,ど,よ,0,high,ichi1|news1|nf05
しんよう,し,う,0,high,ichi1|news1|nf03
される,さ,る,0,high,spec1
やまがた,や,た,0,high,news1|nf05
あしすと,あ,と,0,high,gai1
とどまる,と,る,0,high,ichi1
もらとりあむ,も,む,0,high,gai1
ぼうえい,ぼ,い,0,high,ichi1|news1|nf01
ばか,ば,か,0,high,ichi1|news2|nf45|spec1
ていりつ,て,つ,0,high,news1|nf18
ほそく,ほ,く,0,high,ichi1|news1|nf22
なす,な,す,0,high,ichi1
せらみつく,せ,く,0,high,gai1
せくしよん,せ,ん,0,high,gai1
くろと,く,と,0,high,ichi1|news2|nf29
しゆつとう,し,う,0,high,news1|nf13
きき,き,き,0,high,ichi1|news1|nf01|nf03
いじ,い,じ,0,high,ichi1|news1|nf01|nf11|nf14
さかな,さ,な,0,high,ichi1|ichi2|news1|nf03
かんりゆう,か,う,0,high,news1|nf19
ないたあ,な,あ,0,high,gai1
はじめる,は,る,0,high,ichi1|news1|nf17
すてつかあ,す,あ,0,high,gai1
りようぎし,り,し,0,high,news1|nf20
ねんねん,ね,ん,0,high,ichi1|news1|nf06
ぞうよ,ぞ,よ,0,high,ichi1|news1|nf19
ひつくりかえる,ひ,る,0,high,ichi2|spec1
ぶつく,ぶ,く,0,high,gai1
りみてつど,り,ど,0,high,gai1
ふえすていばる,ふ,る,0,high,gai1
せいりよう,せ,う,0,high,news1|nf19
こうい,こ,い,0,high,ichi1|news1|nf02|nf10|nf21
ろびいすと,ろ,と,0,high,gai1
ほんだな,ほ,な,0,high,ichi1|news1|news2|nf05|nf27
ふでがしら,ふ,ら,0,high,news1|nf07
べにや,べ,や,0,high,gai1
だけ,だ,け,0,high,news1|nf18|spec1
ちばん,ち,ん,0,high,news1|nf06
ちやくしよく,ち,く,0,high,ichi1|news2|nf27
りふと,り,と,0,high,gai1
とうほく,と,く,0,high,news1|nf02
さつそく,さ,く,0,high,ichi1|news2|nf36
はんおう,は,う,0,high,ichi1|news1|nf03
りすく,り,く,0,high,gai1
こくはく,こ,く,0,high,ichi1|news1|nf19
にほんだて,に,て,0,high,news1|nf17
ああち,あ,ち,0,high,gai1
きいろ,き,ろ,0,high,ichi1|news1|nf11
ていしよう,て,う,0,high,news1|nf14
じようほうかしやかい,じ,い,0,high,news1|nf19
ぶぶんてき,ぶ,き,0,high,news1|nf14
まんげつ,ま,つ,0,high,ichi1|news2|nf26
こんかい,こ,い,0,high,ichi1|news1|nf01
れえさあ,れ,あ,0,high,gai1
ぶべつ,ぶ,つ,0,high,ichi1
きゆうする,き,る,0,high,news1|nf13
よこく,よ,く,0,high,ichi1|news1|nf17
ぶき,ぶ,き,0,high,ichi1|news1|nf02
ごおすと,ご,と,0,high,gai1
もろつこ,も,こ,0,high,gai1
はつこい,は,い,0,high,ichi1|news2|nf27
おのぼれ,お,れ,0,high,ichi1
しようずみ,し,み,0,high,news1|nf10
げんどう,げ,う,0,high,ichi1|news1|nf09
ちやあじ,ち,じ,0,high,gai1
さしだす,さ,す,0,high,ichi1|news2|nf34
ぎふと,ぎ,と,0,high,gai1
げんばく,げ,く,0,high,ichi1|news1|nf05
きようごう,き,う,0,high,news1|nf09|nf19
どおく,ど,く,0,high,gai1
へとへと,へ,と,0,high,ichi1
だい,だ,い,0,high,ichi1|news1|nf01|nf14|spec1
どくがす,ど,す,0,high,news1|nf19
りいでいんぐ,り,ぐ,0,high,gai1
かいちよう,か,う,0,high,ichi1|news1|nf01|nf19
たくみ,た,み,0,high,ichi1|news1|nf08
はつたつ,は,つ,0,high,ichi1|news1|nf11
でなければ,で,ば,0,high,spec1
つて,つ,て,0,high,spec1
しようじよう,し,う,0,high,ichi1|news1|nf04|nf10|nf17|nf24
さぽおと,さ,と,0,high,gai1
えすてていつく,え,く,0,high,gai1
ちえ,ち,え,0,high,ichi1|news1|nf06
いんしようずける,い,る,0,high,news1|nf24
きやくま,き,ま,0,high,ichi1
ていきこうどく,て,く,0,high,spec1
いちえん,い,ん,0,high,ichi1|news1|nf10
いきすぎる,い,る,0,high,news1|nf18
おうせつ,お,つ,0,high,ichi1|news1|nf14
くもり,く,り,0,high,ichi1|news1|nf20
ぷらいむれえと,ぷ,と,0,high,gai1
こうせつ,こ,つ,0,high,news1|nf21|nf23
にんげんせい,に,い,0,high,ichi1|news1|nf14
みこみ,み,み,0,high,ichi1|news1|nf03
きんようび,き,び,0,high,ichi1
ふろつぴい,ふ,い,0,high,gai1
くらぶかつどう,く,う,0,high,spec1
ごほうび,ご,び,0,high,spec1
けんがい,け,い,0,high,news1|nf19
せいりがく,せ,く,0,high,news1|nf19
あのよ,あ,よ,0,high,ichi1
あたりまえ,あ,え,0,high,ichi1|news1|nf06
のれん,の,ん,0,high,ichi1
ぼけ,ぼ,け,0,high,ichi1
くんしよう,く,う,0,high,news1|nf13
かいきん,か,ん,0,high,news1|nf08
けんてい,け,い,0,high,ichi1|news1|nf07
あつつあつつ,あ,つ,0,high,spec1
じたい,じ,い,0,high,ichi1|news1|nf01|nf11
しつこうゆうよ,し,よ,0,high,news1|nf09
てぐさり,て,り,0,high,ichi1|news1|nf22
はつけつきゆう,は,う,0,high,news1|nf18
らちもんだい,ら,い,0,high,spec1
さんびやく,さ,く,0,high,news1|nf03|spec1
りようがえ,り,え,0,high,ichi1|news1|nf19
とうかつ,と,つ,0,high,news1|nf18
かさく,か,く,0,high,news1|nf14
ばすけつとぼおる,ば,る,0,high,gai1|ichi1
れおたあど,れ,ど,0,high,gai1
いたるところ,い,ろ,0,high,ichi1|news2|nf31
みのる,み,る,0,high,ichi1|news2|nf34
しようかいしや,し,や,0,high,spec1
れいだんぼう,れ,う,0,high,news1|nf20
いどう,い,う,0,high,ichi1|news1|nf04|nf11
むけい,む,い,0,high,ichi1|news2|nf28
はんこ,は,こ,0,high,ichi1
くるす,く,す,0,high,gai1
いつきよく,い,く,0,high,news1|nf19|nf24
じようたつ,じ,つ,0,high,ichi1|news2|nf31
じようれん,じ,ん,0,high,news1|nf12
やうち,や,ち,0,high,ichi1|news1|nf20
くつした,く,た,0,high,ichi1|news1|nf19
しぜんこうえん,し,ん,0,high,spec1
らくごか,ら,か,0,high,news1|nf17
くれる,く,る,0,high,ichi1|news1|nf12
おぺれえしよん,お,ん,0,high,gai1
きれ,き,れ,0,high,ichi1
やわらか,や,か,0,high,ichi1|news1|nf21
ぜいむしよ,ぜ,よ,0,high,ichi1|news1|nf15
ばり,ば,り,0,high,news1|nf09|nf13
うわむき,う,き,0,high,news1|nf20
ばるぶ,ば,ぶ,0,high,gai1
かねて,か,て,0,high,ichi1|spec1
ざぶとん,ざ,ん,0,high,ichi1|news2|nf27
しとろん,し,ん,0,high,gai1
こくりつはくぶつかん,こ,ん,0,high,news1|nf21
おてあらい,お,い,0,high,ichi1
らんす,ら,す,0,high,gai1
にげあし,に,し,0,high,ichi1
わらい,わ,い,0,high,ichi1|news1|nf04
たかる,た,る,0,high,ichi1
ふうせん,ふ,ん,0,high,ichi1|news1|nf14
やがて,や,て,0,high,ichi1
けん,け,ん,0,high,ichi1|news1|nf04|nf10|nf16|nf17
しようしよう,し,う,0,high,ichi1|news1|nf15|nf21
にきび,に,び,0,high,ichi1
あおぞら,あ,ら,0,high,ichi1|news1|nf12
ぎらぎら,ぎ,ら,0,high,ichi1|spec1
てんめつ,て,つ,0,high,ichi1|news2|nf33
としうえ,と,え,0,high,ichi1|news1|nf15
おせじ,お,じ,0,high,ichi1|news2|nf32
へびい,へ,い,0,high,gai1
にゆうこく,に,く,0,high,ichi1|news1|nf07
おつ,お,つ,0,high,news1|nf22
ぎやくたい,ぎ,い,0,high,news1|nf12
がそりん,が,ん,0,high,gai1|ichi1
そうちよう,そ,う,0,high,ichi1|news1|nf02|nf05
おおば,お,ば,0,high,ichi1|news1|nf10
しよくひん,し,ん,0,high,ichi1|news1|nf03
しゆうそく,し,く,0,high,news1|nf17
ぱつけえじ,ぱ,じ,0,high,gai1
ぶんぽう,ぶ,う,0,high,ichi1|news1|nf22
ふてきとう,ふ,う,0,high,news1|nf22
ろおりんぐ,ろ,ぐ,0,high,gai1
こくりよく,こ,く,0,high,ichi1|news1|nf20
はかどる,は,る,0,high,ichi1
びしよびしよ,び,よ,0,high,ichi1
りゆうち,り,ち,0,high,news1|nf23
せつしよく,せ,く,0,high,ichi1|news1|nf05
ぼくめつ,ぼ,つ,0,high,ichi1|news1|nf18
いと,い,と,0,high,ichi1|news1|nf05|nf07
しりんじ,し,じ,0,high,gai1
とびあがる,と,る,0,high,ichi1|news2|nf30
ばくはつ,ば,つ,0,high,ichi1|news1|nf04
そうさく,そ,く,0,high,ichi1|news1|nf05|nf08
ぶりいじんぐ,ぶ,ぐ,0,high,gai1
くりえいたあ,く,あ,0,high,spec1
うたあわせ,う,せ,0,high,news1|nf21
くうええと,く,と,0,high,gai1
ふじよぼうこう,ふ,う,0,high,news1|nf18
でもたい,で,い,0,high,spec1
かいやく,か,く,0,high,ichi1|news1|nf12
かげり,か,り,0,high,news1|nf20
とんだ,と,だ,0,high,ichi1
こにちは,こ,は,0,high,ichi1
でんしん,で,ん,0,high,news1|nf23
まじえる,ま,る,0,high,news1|nf16
まあち,ま,ち,0,high,gai1
はんで,は,で,0,high,gai1
つぶす,つ,す,0,high,ichi1
ほおす,ほ,す,0,high,gai1
さんどう,さ,う,0,high,news1|nf15|nf18|nf20
えちけつと,え,と,0,high,gai1|ichi1
じやんぼ,じ,ぼ,0,high,gai1
みはらし,み,し,0,high,ichi1|news2|nf40
しゆんかしゆうとう,し,う,0,high,ichi1|news2|nf38
けいり,け,り,0,high,ichi1|news1|nf09
いつしき,い,き,0,high,news1|nf22
ゆうご,ゆ,ご,0,high,gai1
ふおおくそんぐ,ふ,ぐ,0,high,gai1
ばんて,ば,て,0,high,news1|nf08
よろめく,よ,く,0,high,ichi1
そなわる,そ,る,0,high,ichi1|news1|nf22
こんべんしよん,こ,ん,0,high,gai1
らがあ,ら,あ,0,high,gai1
じゆうそく,じ,く,0,high,news1|nf23
くれい,く,い,0,high,gai1
ずうち,ず,ち,0,high,news1|nf17
かため,か,め,0,high,news1|nf11
みちばた,み,た,0,high,ichi1|news1|nf20
ちよつか,ち,か,0,high,news1|nf15
けいご,け,ご,0,high,ichi1|news1|news2|nf12|nf27
あゆ,あ,ゆ,0,high,news2|nf37|spec1
ぜんけん,ぜ,ん,0,high,news1|nf15
きゆうけいじよ,き,よ,0,high,spec1
あかじ,あ,じ,0,high,ichi1|news1|nf02
しゆうし,し,し,0,high,ichi1|news1|nf03|nf09|nf21
かいしん,か,ん,0,high,ichi1|news1|nf13|nf15
ふごう,ふ,う,0,high,ichi1|news1|news2|nf20|nf35
みんか,み,か,0,high,news1|nf08
わんちやん,わ,ん,0,high,spec1
におう,に,う,0,high,ichi1
まわる,ま,る,0,high,ichi1|news2|nf46|spec1
みささぎ,み,ぎ,0,high,news1|nf11
すいがい,す,い,0,high,ichi1|news1|nf14
あんこおる,あ,る,0,high,gai1
たいせん,た,ん,0,high,ichi1|news1|nf04|nf07|nf18
じだいげき,じ,き,0,high,news1|nf10
じてん,じ,ん,0,high,ichi1|news1|nf03|nf10|nf12|nf23
せいえん,せ,ん,0,high,news1|nf12
ゆうかしようけん,ゆ,ん,0,high,news1|nf07
のがれる,の,る,0,high,ichi1|news1|nf22
どつく,ど,く,0,high,gai1
あるかりせい,あ,い,0,high,spec1
ぐらふいつくす,ぐ,す,0,high,gai1
みおろす,み,す,0,high,ichi1|news2|nf42
まきし,ま,し,0,high,gai1
もん,も,ん,0,high,ichi1|news1|nf03|nf09|nf23
すぎよう,す,う,0,high,ichi1
ひとさま,ひ,ま,0,high,news2|nf38|spec1
おかえり,お,り,0,high,ichi1
もしくは,も,は,0,high,ichi1
じよりゆう,じ,う,0,high,news1|nf11
さふあり,さ,り,0,high,gai1
しぐれ,し,れ,0,high,ichi1|news2|nf33
まい,ま,い,0,high,gai1|ichi1|news1|news2|nf06|nf47|spec1
どきどき,ど,き,0,high,ichi1|spec1
どうせ,ど,せ,0,high,ichi1
ぶろんず,ぶ,ず,0,high,gai1
みようばん,み,ん,0,high,ichi1
ふえみにずむ,ふ,む,0,high,gai1
ひらき,ひ,き,0,high,news1|nf08
ううまん,う,ん,0,high,gai1
しらかんば,し,ば,0,high,news1|nf24
ねんせい,ね,い,0,high,news1|nf02
せいけい,せ,い,0,high,ichi1|news1|nf08|nf18
まいど,ま,ど,0,high,ichi1|news2|nf33
たいいん,た,ん,0,high,ichi1|news1|nf04|nf12
おうべい,お,い,0,high,ichi1
きようえい,き,い,0,high,news1|nf14|nf15
ろおれる,ろ,る,0,high,gai1
へるしい,へ,い,0,high,gai1
つごう,つ,う,0,high,ichi1|news1|nf07
おおう,お,う,0,high,ichi1|news1|nf11
どうみやく,ど,く,0,high,ichi1|news1|nf17
こんくりいと,こ,と,0,high,gai1|ichi1
かりな,か,な,0,high,news1|nf14
げきげん,げ,ん,0,high,news1|nf21
れきぜん,れ,ん,0,high,news1|nf23
ええる,え,る,0,high,gai1
うんどう,う,う,0,high,ichi1|news1|nf01
わあかあ,わ,あ,0,high,gai1
しらかみ,し,み,0,high,ichi1|news1|nf08|nf16
ふあつしよなぶる,ふ,る,0,high,gai1
けつじよ,け,よ,0,high,ichi1|news1|nf14
さめる,さ,る,0,high,ichi1|news2|nf29|nf41
せつび,せ,び,0,high,ichi1|news1|nf02
ぼにゆう,ぼ,う,0,high,news1|nf16
こんぷれつさあ,こ,あ,0,high,gai1
ぶうめらん,ぶ,ん,0,high,gai1
たいしよく,た,く,0,high,ichi1|news1|nf04
しんてん,し,ん,0,high,news1|nf03
せろてえぷ,せ,ぷ,0,high,ichi1
ちからいつぱい,ち,い,0,high,ichi1
ににんさんきやく,に,く,0,high,news1|nf16
ちようぎかい,ち,い,0,high,news1|nf18
こくむちようかん,こ,ん,0,high,news1|nf04
でこれえしよん,で,ん,0,high,gai1
あるみにうむ,あ,む,0,high,gai1|ichi1
かいいき,か,き,0,high,news1|nf08
ろじよう,ろ,う,0,high,ichi1|news1|nf05
くつろぐ,く,ぐ,0,high,ichi1
ふあしすと,ふ,と,0,high,gai1
よさ,よ,さ,0,high,news1|nf08
じどうしやめえかあ,じ,あ,0,high,spec1
かいさん,か,ん,0,high,ichi1|news1|nf02
しようぼう,し,う,0,high,ichi1|news1|nf06
げんり,げ,り,0,high,ichi1|news1|nf04
けんきゆういん,け,ん,0,high,news1|nf07
まいつき,ま,き,0,high,ichi1|news1|nf05
せらぴい,せ,い,0,high,spec1
きざみ,き,み,0,high,news1|nf18
えんじよう,え,う,0,high,news1|nf17
ぜんめんてき,ぜ,き,0,high,ichi1|news1|nf04
きやつかん,き,ん,0,high,ichi1|news1|nf11
かでん,か,ん,0,high,news1|nf05
かざぐすり,か,り,0,high,ichi1|news2|nf36
さんぐらす,さ,す,0,high,gai1|ichi1
りぴいと,り,と,0,high,spec1
とりしまりやくかい,と,い,0,high,news1|nf06
まま,ま,ま,0,high,gai1|ichi1
しみゆれえしよん,し,ん,0,high,gai1
しようがい,し,い,0,high,ichi1|news1|nf02|nf05|nf10|nf17
こころあたり,こ,り,0,high,ichi1|news2|nf29
ばんぱあ,ば,あ,0,high,gai1
ししん,し,ん,0,high,news1|nf06
ごじよ,ご,よ,0,high,news1|nf24
ふいぎゆあ,ふ,あ,0,high,gai1
じむ,じ,む,0,high,gai1|ichi1|news1|nf01
いつぱく,い,く,0,high,news1|nf23
かじゆう,か,う,0,high,news1|nf17|nf19
しんこく,し,く,0,high,ichi1|news1|nf02|nf05
こうつうじこ,こ,こ,0,high,ichi1|news1|nf07
まゆげ,ま,げ,0,high,ichi1
ええていいえむ,え,む,0,high,spec1
かんげんがくだん,か,ん,0,high,news1|nf22
なのり,な,り,0,high,news1|nf11
ちゆうすう,ち,う,0,high,news1|nf09
ふつく,ふ,く,0,high,gai1
あるばいと,あ,と,0,high,gai1|ichi1
おまわりさん,お,ん,0,high,ichi1|news2|nf40
えつらん,え,ん,0,high,ichi1|news1|nf17
ごつどふああざあ,ご,あ,0,high,gai1
うつとおしい,う,い,0,high,ichi1
ばつすい,ば,い,0,high,ichi1|news2|nf32
あしばや,あ,や,0,high,news1|nf22
あつこう,あ,う,0,high,ichi1
とくてい,と,い,0,high,ichi1|news1|nf03
とうろくしや,と,や,0,high,spec1
あかでみつく,あ,く,0,high,gai1
しにん,し,ん,0,high,ichi1|news2|nf45
もてなし,も,し,0,high,ichi1
じゆうど,じ,ど,0,high,news1|nf15
じようきゆう,じ,う,0,high,ichi1|news1|nf10
ぶい,ぶ,い,0,high,gai1|news1|nf21
あくよう,あ,う,0,high,ichi1|news2|nf42
めとりつく,め,く,0,high,gai1
まろい,ま,い,0,high,ichi1|news1|nf19
びやくえ,び,え,0,high,ichi1|news1|nf23
ぐりいんふいい,ぐ,い,0,high,gai1
あすぶ,あ,ぶ,0,high,ichi1|news2|nf25
えんそう,え,う,0,high,ichi1|news1|nf03
ぜんご,ぜ,ご,0,high,ichi1|news1|nf06
にわき,に,き,0,high,news1|nf19
りゆうにゆう,り,う,0,high,news1|nf10
おんしつ,お,つ,0,high,ichi1|news1|nf13|nf17
かどみうむ,か,む,0,high,gai1
がらすばり,が,り,0,high,spec1
りようしつ,り,つ,0,high,news1|nf14
きようごうたしや,き,や,0,high,spec1
なんも,な,も,0,high,news1|nf03
がある,が,る,0,high,gai1
ぽつぷ,ぽ,ぷ,0,high,gai1
はいいん,は,ん,0,high,news1|nf14
りてん,り,ん,0,high,news1|nf12
てんじかい,て,い,0,high,news1|nf13
じようて,じ,て,0,high,ichi1|news1|nf12
みんぞくしゆぎ,み,ぎ,0,high,news1|nf07
くだく,く,く,0,high,ichi1
いんど,い,ど,0,high,spec1
しゆうとく,し,く,0,high,ichi1|news1|news2|nf21|nf39
みはつぴよう,み,う,0,high,news1|nf15
こてい,こ,い,0,high,ichi1|news1|nf07
つつこむ,つ,む,0,high,ichi1|news2|nf31
どうぐ,ど,ぐ,0,high,ichi1|news1|nf07
これから,こ,ら,0,high,ichi1
かれえらいす,か,す,0,high,gai1|ichi1
もんたな,も,な,0,high,gai1
しずむ,し,む,0,high,ichi1|news2|nf41
ちんか,ち,か,0,high,news1|nf18
かこみ,か,み,0,high,news1|nf18
しゆういん,し,ん,0,high,news1|nf01
ちよつかん,ち,ん,0,high,ichi1|news2|nf25
しつさく,し,く,0,high,news1|nf10
きたぐち,き,ち,0,high,news1|nf23
ふしぎ,ふ,ぎ,0,high,ichi1|news1|nf13
ぞうがく,ぞ,く,0,high,news1|nf10
ひきもどす,ひ,す,0,high,ichi1|news2|nf44
わるもの,わ,の,0,high,ichi1|news2|nf25
せんさい,せ,い,0,high,ichi1|news1|nf14|nf20
かあてん,か,ん,0,high,gai1|ichi1
おけ,お,け,0,high,gai1|ichi1|news2|nf33
ぷれぜんてえしよん,ぷ,ん,0,high,gai1
がりうむ,が,む,0,high,gai1
えつじ,え,じ,0,high,gai1
しゆうるれありずむ,し,む,0,high,gai1
じはつ,じ,つ,0,high,news1|nf19
ししよく,し,く,0,high,news1|nf20|nf23
おこさま,お,ま,0,high,spec1|spec2
ていきゆう,て,う,0,high,news1|nf24
みんしゆてき,み,き,0,high,news1|nf09
だいしよう,だ,う,0,high,ichi1|news1|nf12|nf13|nf15
てつきん,て,ん,0,high,ichi1|news1|nf11
たぶん,た,ん,0,high,ichi1|news1|nf13
ぎようれつ,ぎ,つ,0,high,ichi1|news1|nf11
しいど,し,ど,0,high,gai1
みきさあ,み,あ,0,high,gai1
にかいだて,に,て,0,high,news1|nf07
まんどりん,ま,ん,0,high,gai1
るうぶる,る,る,0,high,gai1
やつと,や,と,0,high,ichi1
こくおう,こ,う,0,high,news1|nf05
すきやん,す,ん,0,high,gai1
だらだら,だ,ら,0,high,ichi1|spec1
きよういくしや,き,や,0,high,news1|nf24
かしだし,か,し,0,high,ichi1|news1|nf08|spec1
はあどる,は,る,0,high,gai1
わんぴいす,わ,す,0,high,gai1|ichi1
ぱらだいす,ぱ,す,0,high,gai1
せんちよう,せ,う,0,high,ichi1|news1|nf08
おかしい,お,い,0,high,news1|nf05
せつけん,せ,ん,0,high,ichi1|news1|news2|nf20|nf23|nf32|spec1
まうんど,ま,ど,0,high,gai1
たつしや,た,や,0,high,news1|nf23
ほわいとにんぐ,ほ,ぐ,0,high,spec1
ふじん,ふ,ん,0,high,ichi1|news1|nf02|nf04|nf15
せんきようんどう,せ,う,0,high,news1|nf09
こうしきせん,こ,ん,0,high,news1|nf09
ほさ,ほ,さ,0,high,ichi1|news1|nf06
だんかい,だ,い,0,high,ichi1|news1|nf01|nf14
ひとこと,ひ,と,0,high,ichi1|news1|nf07
ふりがな,ふ,な,0,high,ichi1
けんあん,け,ん,0,high,news1|nf06
むきぶつ,む,つ,0,high,ichi1
しかく,し,く,0,high,ichi1|news1|news2|nf03|nf09|nf31
まほう,ま,う,0,high,ichi1|news1|nf20
けいたい,け,い,0,high,ichi1|news1|nf05|nf06
ふるぎ,ふ,ぎ,0,high,news1|nf20
くぶん,く,ん,0,high,ichi1|news1|nf12
けつゆうびよう,け,う,0,high,news1|nf13
くにざかい,く,い,0,high,ichi1|news1|nf02
ぜんねん,ぜ,ん,0,high,ichi1|news1|nf01
ゆうりよく,ゆ,く,0,high,ichi1|news1|nf02
ふえんしんぐ,ふ,ぐ,0,high,gai1
まんいん,ま,ん,0,high,ichi1|news1|nf09
そんげん,そ,ん,0,high,news1|nf09
こくべつ,こ,つ,0,high,news1|nf01
じようしや,じ,や,0,high,ichi1|news1|nf15
しゆうい,し,い,0,high,ichi1|news1|nf03
だいれくと,だ,と,0,high,gai1
らいす,ら,す,0,high,gai1
どうも,ど,も,0,high,ichi1
おめが,お,が,0,high,gai1
ぎようしゆく,ぎ,く,0,high,news1|nf19
ちよすい,ち,い,0,high,news1|nf19
めいじる,め,る,0,high,ichi1|news1|nf22
くりだす,く,す,0,high,news1|nf24
ぱわああつぷ,ぱ,ぷ,0,high,gai1
とうあん,と,ん,0,high,ichi1|news1|nf17
あんぜん,あ,ん,0,high,ichi1|news1|nf01
まつさお,ま,お,0,high,ichi1|news2|nf28
とうしや,と,や,0,high,ichi1|news1|news2|nf09|nf35
わかれめ,わ,め,0,high,news1|nf24
よせあつめ,よ,め,0,high,ichi1|news2|nf34
かりば,か,ば,0,high,spec1
おおがかり,お,り,0,high,news1|nf20
だれにも,だ,も,0,high,spec1
ひとすじ,ひ,じ,0,high,news1|nf12
かたい,か,い,0,high,ichi1|news2|nf29|nf33|nf46
ひつき,ひ,き,0,high,ichi1|news1|nf18
しよういん,し,ん,0,high,news1|nf17
しよにち,し,ち,0,high,ichi1|news1|nf04
さこく,さ,く,0,high,ichi1|news1|nf20
でつどひいと,で,と,0,high,gai1
ちらかす,ち,す,0,high,ichi1
れえしんぐかあ,れ,あ,0,high,gai1
へいかい,へ,い,0,high,ichi1|news1|nf11
しよくば,し,ば,0,high,ichi1|news1|nf03
まがりかど,ま,ど,0,high,ichi1|news1|nf18
ぽえむ,ぽ,む,0,high,gai1
なやむ,な,む,0,high,ichi1|news1|nf18
ちじまる,ち,る,0,high,ichi1|news2|nf46
みじゆくじ,み,じ,0,high,news1|nf22
さくずけ,さ,け,0,high,news1|nf20
まんき,ま,き,0,high,news1|nf13
しやけ,し,け,0,high,news2|nf32|spec1
したで,し,で,0,high,ichi1
ふみきる,ふ,る,0,high,ichi1|news2|nf38
ふせる,ふ,る,0,high,ichi1
つくる,つ,る,0,high,ichi1|news1|nf04|spec1
だれにでも,だ,も,0,high,spec1
わんこ,わ,こ,0,high,spec1
わくせい,わ,い,0,high,news1|nf13
ずうむ,ず,む,0,high,gai1
えあぞおる,え,る,0,high,gai1
ぎやくしゆう,ぎ,う,0,high,news1|nf22
りきせつ,り,つ,0,high,news1|nf10
ふせい,ふ,い,0,high,ichi1|news1|nf04
ひるこ,ひ,こ,0,high,news1|nf19
どういう,ど,う,0,high,spec1
さんとら,さ,ら,0,high,gai1
がくだん,が,ん,0,high,news1|nf20
よみかた,よ,た,0,high,ichi1|news1|nf20
うせつ,う,つ,0,high,news2|nf40|spec1
にゆうだん,に,ん,0,high,news1|nf11
みにちゆあ,み,あ,0,high,gai1
ばんぐみ,ば,み,0,high,ichi1|news1|nf01
ようになる,よ,る,0,high,spec1
どりい,ど,い,0,high,gai1
さいしん,さ,ん,0,high,news1|nf05|nf12|nf21
ほいくえん,ほ,ん,0,high,ichi1
ほりよ,ほ,よ,0,high,ichi1|news1|nf06
ろさんぜるす,ろ,す,0,high,gai1
じんそく,じ,く,0,high,news1|nf12
きろわつと,き,と,0,high,gai1
それらしい,そ,い,0,high,spec1
なげる,な,る,0,high,ichi1|news2|nf44
しつずける,し,る,0,high,spec1
ひゆうまん,ひ,ん,0,high,gai1
くらいあんと,く,と,0,high,gai1
かんばつ,か,つ,0,high,news1|nf24
そつこく,そ,く,0,high,news1|nf22
じこしほん,じ,ん,0,high,news1|nf11
えもじ,え,じ,0,high,spec1
ふえる,ふ,る,0,high,ichi1|news1|nf21
こんだくたあ,こ,あ,0,high,gai1
ぶつそう,ぶ,う,0,high,ichi1|news2|nf29
せいりゆう,せ,う,0,high,news1|nf22
ふれえばあ,ふ,あ,0,high,gai1
ぷれぜんと,ぷ,と,0,high,gai1|ichi1
ぶるせら,ぶ,ら,0,high,gai1
えんそうば,え,ば,0,high,news1|nf07
みぞ,み,ぞ,0,high,ichi1|news1|nf09
きがい,き,い,0,high,news1|nf21|nf22
しゆつちようじよ,し,よ,0,high,news1|nf18
だいこくばしら,だ,ら,0,high,news1|nf20
すでに,す,に,0,high,ichi1|news1|nf04
つうれい,つ,い,0,high,news1|nf18
ふろんがす,ふ,す,0,high,gai1
せめて,せ,て,0,high,ichi1
いつぽうつうこう,い,う,0,high,news1|nf24
なのだ,な,だ,0,high,spec1
あんしんかん,あ,ん,0,high,news1|nf16
にあたつては,に,は,0,high,spec1
きつちやてん,き,ん,0,high,ichi1|news1|nf10
ところどころ,と,ろ,0,high,ichi1|news2|nf32
わかつ,わ,つ,0,high,news1|nf13
けんにん,け,ん,0,high,news1|nf22
かんねん,か,ん,0,high,ichi1|news1|nf17
みずあげ,み,げ,0,high,news1|nf20
かいすいよく,か,く,0,high,ichi1|news2|nf25
りようそく,り,く,0,high,ichi1|news1|nf14|nf15
えでん,え,ん,0,high,gai1
よおが,よ,が,0,high,gai1
かぷせる,か,る,0,high,gai1
いちれい,い,い,0,high,news1|nf14
まざこん,ま,ん,0,high,gai1
ぶるじよあ,ぶ,あ,0,high,gai1
じんしん,じ,ん,0,high,news1|nf18
ぽすと,ぽ,と,0,high,gai1|ichi1
てきたい,て,い,0,high,ichi1|news1|nf14
さしひき,さ,き,0,high,ichi1|news1|nf17
のうたん,の,ん,0,high,news1|nf22
あずけいれる,あ,る,0,high,news1|nf13
せいじゆく,せ,く,0,high,ichi1|news1|nf13
しんや,し,や,0,high,news1|nf03
すいぞつかん,す,ん,0,high,ichi1|news1|nf14
こんくうる,こ,る,0,high,gai1|ichi1
かざあたり,か,り,0,high,news1|nf16
わりびきさい,わ,い,0,high,news1|nf13
はんたい,は,い,0,high,ichi1|news1|nf01
れんきゆう,れ,う,0,high,ichi1|news1|nf07
くにつち,く,ち,0,high,ichi1|news1|nf06
らい,ら,い,0,high,ichi1|news1|nf05
はつぴよう,は,う,0,high,ichi1|news1|nf02
くく,く,く,0,high,news1|nf10
しつないがく,し,く,0,high,news1|nf18
けいと,け,と,0,high,ichi1|news2|nf26
こどもたち,こ,ち,0,high,spec1
えぐぜくていぶ,え,ぶ,0,high,gai1
ぎゆうほ,ぎ,ほ,0,high,news1|nf10
じよせい,じ,い,0,high,ichi1|news1|nf01|nf04
どんか,ど,か,0,high,news1|nf16
しようひ,し,ひ,0,high,ichi1|news1|nf02
もみじ,も,じ,0,high,ichi1
どうそうかい,ど,い,0,high,ichi1|news1|nf16
めしあがる,め,る,0,high,ichi1|news2|nf45
へんさち,へ,ち,0,high,ichi1|news1|nf07
につしよう,に,う,0,high,news1|nf19
こまごま,こ,ま,0,high,spec1
はあぷ,は,ぷ,0,high,gai1
しゆつるい,し,い,0,high,news1|nf24
さんかい,さ,い,0,high,news1|nf16|spec1
きようけん,き,ん,0,high,news1|nf14
うちゆうかいはつ,う,つ,0,high,news1|nf14
とびきり,と,り,0,high,ichi1
さいさん,さ,ん,0,high,ichi1|news1|nf07|nf08
ききとり,き,り,0,high,ichi1|news1|nf22
つきあう,つ,う,0,high,ichi1|news2|nf45
なきがお,な,お,0,high,ichi1
すいじ,す,じ,0,high,ichi1|news2|nf27
りめいく,り,く,0,high,gai1
むくいる,む,る,0,high,ichi1|news2|nf31
あくせさりい,あ,い,0,high,gai1|ichi1
ぜんだいみもん,ぜ,ん,0,high,news1|nf17
ひらく,ひ,く,0,high,ichi1
こんでいしよん,こ,ん,0,high,gai1
かいぐん,か,ん,0,high,ichi1|news1|nf04
によつてことなる,に,る,0,high,spec1
くみあわせる,く,る,0,high,ichi1
あくせい,あ,い,0,high,news1|nf21
はいふ,は,ふ,0,high,ichi1|news1|nf12
させる,さ,る,0,high,spec1
しまぐに,し,に,0,high,news1|nf18
ごうけん,ご,ん,0,high,news1|nf07
せんか,せ,か,0,high,news1|nf10
はずれる,は,る,0,high,ichi1|news1|nf24
らんりつ,ら,つ,0,high,news1|nf15
ひつけん,ひ,ん,0,high,spec1
らいう,ら,う,0,high,news1|nf23
でいいぷ,で,ぷ,0,high,gai1
ここちよい,こ,い,0,high,spec1
あんみん,あ,ん,0,high,news2|nf42|spec1
ものいい,も,い,0,high,news1|nf22
さくりやく,さ,く,0,high,ichi1|news2|nf32
ちてき,ち,き,0,high,ichi1|news1|nf06
ずひよう,ず,う,0,high,ichi1|news2|nf26
まや,ま,や,0,high,gai1
かいこう,か,う,0,high,news1|nf12|nf20|nf22
そくばい,そ,い,0,high,news1|nf24
しおみ,し,み,0,high,news2|nf37|spec1
がんま,が,ま,0,high,gai1
じよゆう,じ,う,0,high,ichi1|news1|nf04
ひこうし,ひ,し,0,high,news1|nf17
へいじ,へ,じ,0,high,news1|nf20
どうるい,ど,い,0,high,ichi1|news2|nf47
むしよぞく,む,く,0,high,news1|nf04
そうおう,そ,う,0,high,ichi1|news1|nf18
とどく,と,く,0,high,ichi1
いちぎよう,い,う,0,high,news1|nf07
こうどく,こ,く,0,high,news1|nf17
ようしつ,よ,つ,0,high,ichi1|news2|nf47
ふしん,ふ,ん,0,high,ichi1|news1|nf03|nf04|nf10|nf21
しつきやく,し,く,0,high,news1|nf17
わぬ,わ,ぬ,0,high,news1|nf14
あんぷ,あ,ぷ,0,high,gai1|ichi1|news1|nf19
しゆちよう,し,う,0,high,ichi1|news1|nf02|nf07
しようりつ,し,つ,0,high,news1|nf17
しんから,し,ら,0,high,news1|nf08|spec1
ちかう,ち,う,0,high,ichi1|news2|nf34
でいいらあ,で,あ,0,high,gai1
もはん,も,ん,0,high,ichi1|news1|nf18
となると,と,と,0,high,spec1
そのほか,そ,か,0,high,ichi1|spec1
よろしい,よ,い,0,high,ichi1
つもり,つ,り,0,high,ichi1|news2|nf35
ねんじ,ね,じ,0,high,news1|nf09
ごう,ご,う,0,high,ichi1|news1|nf05|nf11|nf23
せきせつ,せ,つ,0,high,ichi1|news1|nf17
そふとどりんく,そ,く,0,high,gai1
さんかん,さ,ん,0,high,news1|nf12|nf23
それでいて,そ,て,0,high,spec1
りくうど,り,ど,0,high,gai1
ゆうほ,ゆ,ほ,0,high,news1|nf22
まよねえず,ま,ず,0,high,gai1|ichi1
さいくりんぐ,さ,ぐ,0,high,gai1
くらし,く,し,0,high,ichi1|news1|nf04
みようじ,み,じ,0,high,ichi1|news2|nf26
なん,な,ん,0,high,ichi1|news1|nf11
けいちゆう,け,う,0,high,news1|nf24
くにゆうど,く,ど,0,high,news1|nf09
にいと,に,と,0,high,spec1
ちかずく,ち,く,0,high,ichi1|news2|nf37|spec1
てんたい,て,い,0,high,ichi1|news1|nf14
ぼうくう,ぼ,う,0,high,news1|nf19
きおん,き,ん,0,high,ichi1|news1|nf05
じかんたい,じ,い,0,high,spec1
のぶ,の,ぶ,0,high,gai1
あふたあ,あ,あ,0,high,gai1
もんか,も,か,0,high,news1|nf24
ほじゆう,ほ,う,0,high,ichi1|news1|nf15
もしかして,も,て,0,high,spec1
せいさんせい,せ,い,0,high,news1|nf08
ともども,と,も,0,high,ichi1
さんまい,さ,い,0,high,news1|nf17
おつこ,お,こ,0,high,ichi1|news1|nf01
らいあびりていい,ら,い,0,high,gai1
ちらり,ち,り,0,high,spec1
こんてな,こ,な,0,high,gai1
さいじつ,さ,つ,0,high,ichi1
こんしゆうまつ,こ,つ,0,high,spec1
つめる,つ,る,0,high,ichi1
でいすぷれい,で,い,0,high,gai1
すきん,す,ん,0,high,gai1
りようけい,り,い,0,high,news1|nf17
さいぜん,さ,ん,0,high,news1|nf11
ほんとう,ほ,う,0,high,ichi1|news1|nf02|nf21
ふうん,ふ,ん,0,high,ichi1|news1|nf21
とりよう,と,う,0,high,news1|nf16
しつこういいん,し,ん,0,high,news1|nf10
のうり,の,り,0,high,news1|nf19
ようじんぶかい,よ,い,0,high,ichi1
はんぐりい,は,い,0,high,gai1
きけんせい,き,い,0,high,spec1
やぶれる,や,る,0,high,ichi1
ゆにいく,ゆ,く,0,high,gai1
でし,で,し,0,high,gai1|ichi1|news1|nf10
いつきに,い,に,0,high,ichi1
ぞうき,ぞ,き,0,high,news1|nf03
かお,か,お,0,high,ichi1|news1|nf01
しようじゆん,し,ん,0,high,news1|nf14
がつき,が,き,0,high,ichi1|news1|nf07|nf16
りそく,り,く,0,high,ichi1|news1|nf10
でゆお,で,お,0,high,gai1
ちゆうせん,ち,ん,0,high,ichi1|news1|nf07
きんむ,き,む,0,high,ichi1|news1|nf03
みやくはく,み,く,0,high,ichi1|news2|nf27
おかえし,お,し,0,high,news1|nf18
ゆうじん,ゆ,ん,0,high,ichi1|news1|nf02|nf17
すこしずつ,す,つ,0,high,spec1
ろくが,ろ,が,0,high,ichi1|news1|nf12
かんさ,か,さ,0,high,news1|nf09
かない,か,い,0,high,ichi1|news1|nf20
しゆうりようご,し,ご,0,high,news1|nf04
りつ,り,つ,0,high,ichi1
とうかく,と,く,0,high,news1|nf19|nf24
くりいんあつぷとりお,く,お,0,high,gai1
ぶらんち,ぶ,ち,0,high,gai1
さんかく,さ,く,0,high,ichi1|news1|nf13|nf17
ちきゆうおんだんか,ち,か,0,high,spec1
れいわ,れ,わ,0,high,spec1
けんみん,け,ん,0,high,news1|nf06
ばかりか,ば,か,0,high,spec1
ぜつぼう,ぜ,う,0,high,ichi1|news1|nf09
ねんご,ね,ご,0,high,spec1
さんしや,さ,や,0,high,news1|nf09
らつきい,ら,い,0,high,gai1
まざる,ま,る,0,high,ichi1|news2|nf40
ばいきやく,ば,く,0,high,news1|nf04
こうくう,こ,う,0,high,ichi1|news1|nf02
ぴりおど,ぴ,ど,0,high,gai1|ichi1
かくねんりよう,か,う,0,high,news1|nf07
よだれ,よ,れ,0,high,ichi1
ひとにぎり,ひ,り,0,high,ichi1|news1|nf24
あたる,あ,る,0,high,ichi1|news2|nf35
もちこむ,も,む,0,high,ichi1|news1|nf07
れんじゆう,れ,う,0,high,ichi1|news1|nf12
うぬぼれる,う,る,0,high,ichi1
けつとう,け,う,0,high,news1|nf14
もざんびいく,も,く,0,high,gai1
うずくまる,う,る,0,high,ichi1
しよつちゆう,し,う,0,high,ichi1
さあふいん,さ,ん,0,high,gai1
にしがた,に,た,0,high,news1|nf18
そよかぜ,そ,ぜ,0,high,ichi1|news2|nf37
えすぷり,え,り,0,high,gai1
はくがい,は,い,0,high,ichi1|news1|nf14
てんもん,て,ん,0,high,news1|nf15
つてことは,つ,は,0,high,spec1
へろいん,へ,ん,0,high,gai1
ひざし,ひ,し,0,high,ichi1|news1|nf14
りきし,り,し,0,high,news1|nf06
たつぴつ,た,つ,0,high,ichi1
ぽおち,ぽ,ち,0,high,gai1
まんしよん,ま,ん,0,high,gai1|ichi1
さきがけ,さ,け,0,high,news1|nf19
さいか,さ,か,0,high,news1|nf18
よこばい,よ,い,0,high,news1|nf09
こんせき,こ,き,0,high,news1|nf19
おとなつぽい,お,い,0,high,spec1
がんじよう,が,う,0,high,ichi1|news2|nf30
につぽう,に,う,0,high,news1|nf06
わるぐち,わ,ち,0,high,ichi1|news1|nf14|spec1
だんすほおる,だ,る,0,high,gai1
ないりく,な,く,0,high,ichi1|news1|nf12
じこ,じ,こ,0,high,ichi1|news1|nf01|nf02
ちえりい,ち,い,0,high,gai1
りせつしよん,り,ん,0,high,gai1
ふつき,ふ,き,0,high,ichi1|news1|nf04
ざいこ,ざ,こ,0,high,news1|nf05
つごもり,つ,り,0,high,news1|nf03
おおかみ,お,み,0,high,news1|nf19
えいが,え,が,0,high,ichi1|news1|nf01
ぐんかく,ぐ,く,0,high,ichi1|news1|nf20
わかさ,わ,さ,0,high,news1|nf08
ふはつ,ふ,つ,0,high,news1|nf15
しつくすないん,し,ん,0,high,gai1
すらいど,す,ど,0,high,gai1|ichi1
くれいじい,く,い,0,high,spec1
ひやりんぐ,ひ,ぐ,0,high,gai1
ふともも,ふ,も,0,high,spec1
むく,む,く,0,high,ichi1
かきごおり,か,り,0,high,spec1
たんくろおりい,た,い,0,high,gai1
むかい,む,い,0,high,ichi1|news1|nf08
いつぽう,い,う,0,high,ichi1|news1|nf01
きんぺん,き,ん,0,high,news1|nf23
しかない,し,い,0,high,spec1
いんでいあな,い,な,0,high,gai1
いちがいに,い,に,0,high,ichi1|news1|nf24
かいろう,か,う,0,high,news1|nf20
はれつ,は,つ,0,high,ichi1|news1|nf18
といあわせ,と,せ,0,high,news1|nf01
まるごと,ま,と,0,high,news1|nf22
こもの,こ,の,0,high,news1|nf16
ぽてんしやる,ぽ,る,0,high,gai1
さいしんにゆうす,さ,す,0,high,spec1
あずかりしよう,あ,う,0,high,news1|nf20
たんかあ,た,あ,0,high,gai1|ichi1
こくぜいちよう,こ,う,0,high,news1|nf09
あともどり,あ,り,0,high,ichi1|news2|nf25
りきゆうる,り,る,0,high,gai1
ころがる,こ,る,0,high,ichi1|news2|nf28
れんぞく,れ,く,0,high,ichi1|news1|nf01
とくい,と,い,0,high,ichi1|news1|nf05|nf11
かま,か,ま,0,high,ichi1|news1|nf15|nf19|nf23
あやつる,あ,る,0,high,ichi1|news2|nf35
がくせいじだい,が,い,0,high,spec1
ごうり,ご,り,0,high,ichi1|news1|nf11
こんにちてき,こ,き,0,high,news1|nf23
かんかく,か,く,0,high,ichi1|news1|nf03|nf04|nf11
しめる,し,る,0,high,ichi1|news1|news2|nf22|nf25|nf46|spec1
はんもんてん,は,ん,0,high,news1|nf11
げんごう,げ,う,0,high,ichi1|news2|nf39
かがくひりよう,か,う,0,high,news1|nf17
しやかいきよういく,し,く,0,high,news1|nf19
あつさ,あ,さ,0,high,ichi1|news1|nf08|nf09
いちらんひよう,い,う,0,high,news1|nf15
ちゆうさ,ち,さ,0,high,news1|nf23
ふれあ,ふ,あ,0,high,spec1
あげる,あ,る,0,high,ichi1|news2|nf42
いせい,い,い,0,high,ichi1|news1|nf16|nf20
えう,え,う,0,high,ichi1|news2|nf39
せかす,せ,す,0,high,ichi1
たんしゆく,た,く,0,high,ichi1|news1|nf07
くじ,く,じ,0,high,ichi1
りようがん,り,ん,0,high,news1|nf20
ぎよるい,ぎ,い,0,high,news1|nf20
しよにんきゆう,し,う,0,high,ichi1|news1|nf16
ほうきよう,ほ,う,0,high,spec1
げんぱつ,げ,つ,0,high,news1|nf03
たくち,た,ち,0,high,ichi1|news1|nf08
りんしよう,り,う,0,high,news1|nf06
へいほうきろめえとる,へ,る,0,high,news1|nf24
きねんび,き,び,0,high,ichi1|news1|nf07
おとうと,お,と,0,high,ichi1|news1|nf04
すいたい,す,い,0,high,news1|nf13
こつくぴつと,こ,と,0,high,gai1
べつさつ,べ,つ,0,high,news1|nf24
のみこむ,の,む,0,high,ichi1|news2|nf40
いらつしやる,い,る,0,high,ichi1
ひきつぎ,ひ,ぎ,0,high,ichi1|news1|nf22
ありとあらゆる,あ,る,0,high,spec1
ぶるぞん,ぶ,ん,0,high,gai1
ちし,ち,し,0,high,news1|nf21
そとで,そ,で,0,high,ichi1|news1|nf10
いんどしな,い,な,0,high,gai1
たあん,た,ん,0,high,gai1
しちしちにち,し,ち,0,high,news1|nf08
ねおなち,ね,ち,0,high,gai1
けつぎ,け,ぎ,0,high,ichi1|news1|nf01
ぺあ,ぺ,あ,0,high,gai1
つきさす,つ,す,0,high,ichi1|news2|nf40
なながつ,な,つ,0,high,news1|nf01|spec1
ふらいぱん,ふ,ん,0,high,gai1|ichi1
はんすう,は,う,0,high,ichi1|news1|nf04
ちゆうおう,ち,う,0,high,ichi1|news1|nf01|nf18
ほしがる,ほ,る,0,high,ichi1|news1|nf20
てつきよう,て,う,0,high,ichi1|news2|nf26
ひので,ひ,で,0,high,ichi1|news1|nf18
たいへいよう,た,う,0,high,news1|nf02
しんようきんこ,し,こ,0,high,news1|nf09
しんがぽおる,し,る,0,high,gai1
にゆうじやあじい,に,い,0,high,gai1
どくせい,ど,い,0,high,news1|nf13
らんどせる,ら,る,0,high,gai1
かいめい,か,い,0,high,news1|nf03
はなび,は,び,0,high,ichi1|news1|nf10
こすう,こ,う,0,high,news1|nf12
しるばあ,し,あ,0,high,gai1
てんじよう,て,う,0,high,ichi1|news1|nf07|nf23
えんそく,え,く,0,high,ichi1|news2|nf25
ゆにばあさる,ゆ,る,0,high,gai1
あくまでも,あ,も,0,high,spec1
いしつぶつ,い,つ,0,high,ichi1
けんとう,け,う,0,high,ichi1|news1|nf02|nf11|nf19
めんどうくさい,め,い,0,high,ichi1|spec1
おうて,お,て,0,high,news1|nf16
えんだか,え,か,0,high,ichi1|news1|nf02
しよたいめん,し,ん,0,high,news1|nf21
きわまる,き,る,0,high,ichi1|news2|nf45
うんてんし,う,し,0,high,ichi1
じつてい,じ,い,0,high,news1|nf16
いちにんまえ,い,え,0,high,ichi1|news1|nf16
にくたい,に,い,0,high,ichi1|news1|nf11
はくじん,は,ん,0,high,ichi1|news1|nf04
てておや,て,や,0,high,ichi1|news1|nf02
せいごう,せ,う,0,high,news1|nf12
ねんりよう,ね,う,0,high,ichi1|news1|nf03
として,と,て,0,high,spec1
かろい,か,い,0,high,ichi1|news2|nf34
むける,む,る,0,high,ichi1
てつや,て,や,0,high,ichi1|news1|nf11
ぜろつくす,ぜ,す,0,high,gai1
ぞうすい,ぞ,い,0,high,news1|nf22
ごふく,ご,く,0,high,news1|nf24
こうがくぶ,こ,ぶ,0,high,ichi1
はるやすみ,は,み,0,high,news1|nf24
めいゆう,め,う,0,high,news1|nf21|nf23
ぱすぽおと,ぱ,と,0,high,gai1|ichi1
しゆつばい,し,い,0,high,ichi1|news1|nf18
きたない,き,い,0,high,ichi1|news2|nf35
すがすがしい,す,い,0,high,ichi1
げつかん,げ,ん,0,high,ichi1|news1|nf08|nf10
ぞくしん,ぞ,ん,0,high,news1|nf22
がうん,が,ん,0,high,gai1
うまぐるま,う,ま,0,high,news1|nf20
あいだがら,あ,ら,0,high,ichi1
こつし,こ,し,0,high,news1|nf08
まんねんぴつ,ま,つ,0,high,ichi1|news1|nf20
がいかく,が,く,0,high,news1|nf11
ひやくえんしよつぷ,ひ,ぷ,0,high,spec1
あいろん,あ,ん,0,high,gai1|ichi1
あいけん,あ,ん,0,high,news1|nf17
ちけつと,ち,と,0,high,gai1|ichi1
さいどかあ,さ,あ,0,high,gai1
えいせい,え,い,0,high,ichi1|news1|nf02|nf06
きんしじこう,き,う,0,high,spec1
すぺる,す,る,0,high,gai1
けつしよう,け,う,0,high,ichi1|news1|nf02|nf13
ぼおいんぐ,ぼ,ぐ,0,high,gai1
とりくろろえちれん,と,ん,0,high,gai1
ひとりびとり,ひ,り,0,high,ichi1|news2|nf36
じんぶん,じ,ん,0,high,news1|nf18
へいこう,へ,う,0,high,ichi1|news1|news2|nf21|nf33
いちよう,い,う,0,high,ichi1|news1|nf13|nf17|nf24
ぽりえちれん,ぽ,ん,0,high,gai1
ちゆうき,ち,き,0,high,news1|nf06
かんこうすぽつと,か,と,0,high,spec1
ろうにやく,ろ,く,0,high,ichi1|news2|nf27|spec2
めるくまある,め,る,0,high,gai1
かんゆう,か,う,0,high,news1|nf13
まちはずれ,ま,れ,0,high,ichi1
きようてき,き,き,0,high,news1|nf20
ちそう,ち,う,0,high,news1|nf15
くれ,く,れ,0,high,ichi1|news1|nf06
あさい,あ,い,0,high,ichi1|news2|nf45
もあれ,も,れ,0,high,gai1
くずれ,く,れ,0,high,news1|nf12
べつにん,べ,ん,0,high,news1|nf15
じゆんかん,じ,ん,0,high,ichi1|news1|nf11
じゆんしよく,じ,く,0,high,ichi1
すいてい,す,い,0,high,ichi1|news1|nf05
さめ,さ,め,0,high,news2|nf38|spec1
であう,で,う,0,high,ichi1|news1|nf19
たちば,た,ば,0,high,ichi1|news1|nf01
きやんぷ,き,ぷ,0,high,gai1|ichi1
そつくり,そ,り,0,high,spec1
りよう,り,う,0,high,ichi1|news1|nf02|nf04|nf06|nf07|nf08|nf11|nf13|nf24|spec1
ねんがく,ね,く,0,high,news1|nf22
ではないか,で,か,0,high,spec1
くちごもる,く,る,0,high,ichi1
おもき,お,き,0,high,news1|nf22
それでは,そ,は,0,high,ichi1
さすが,さ,が,0,high,ichi1
おにいさん,お,ん,0,high,ichi1
じゆちゆう,じ,う,0,high,news1|nf04
ちゆうにん,ち,ん,0,high,ichi1|news1|nf21
ゆそう,ゆ,う,0,high,ichi1|news1|nf02
すたぶ,す,ぶ,0,high,gai1
てごろ,て,ろ,0,high,news1|nf18
しゆくだい,し,い,0,high,ichi1|news1|nf13
ぎよかいるい,ぎ,い,0,high,news1|nf16
ろうくみ,ろ,み,0,high,news1|nf03
よさん,よ,ん,0,high,ichi1|news1|nf01
げきへん,げ,ん,0,high,news1|nf12
まず,ま,ず,0,high,ichi1
めいあん,め,ん,0,high,ichi1|news1|news2|nf12|nf36
わふく,わ,く,0,high,ichi1|news1|nf18
とまどい,と,い,0,high,news1|nf09
わいあ,わ,あ,0,high,gai1
じゆうきゆう,じ,う,0,high,news1|nf01
こめでいあん,こ,ん,0,high,gai1
なきやいけない,な,い,0,high,spec1
へいよう,へ,う,0,high,news1|nf08
とれえど,と,ど,0,high,gai1
しり,し,り,0,high,ichi1|news1|nf20
じやくてん,じ,ん,0,high,ichi1|news1|nf11
らいぶはうす,ら,す,0,high,gai1
だいりてん,だ,ん,0,high,news1|nf07
へん,へ,ん,0,high,ichi1|news1|nf10|nf15|nf19
げつしよく,げ,く,0,high,ichi1|news2|nf39
ゆでん,ゆ,ん,0,high,ichi1|news1|nf08
たいぎめいぶん,た,ん,0,high,news1|nf15
あいのり,あ,り,0,high,news1|nf10
きようじゆ,き,ゆ,0,high,ichi1|news1|nf01|nf15
かしようひようか,か,か,0,high,news2|nf31|spec1
はあばあ,は,あ,0,high,gai1
きよういく,き,く,0,high,ichi1|news1|nf01
ひえる,ひ,る,0,high,ichi1|news1|nf24
あいだ,あ,だ,0,high,ichi1|news1|nf05
さえ,さ,え,0,high,spec1
くいき,く,き,0,high,ichi1|news1|nf06
はなしあい,は,い,0,high,ichi1|news1|nf03
いんふるえんざ,い,ざ,0,high,gai1|ichi1
ごぜんちゆう,ご,う,0,high,spec1
こにやつく,こ,く,0,high,gai1
おにおん,お,ん,0,high,gai1
ばつてん,ば,ん,0,high,ichi1
じゆうみん,じ,ん,0,high,ichi1|news1|nf01
とくせつ,と,つ,0,high,news1|nf16
すんごい,す,い,0,high,spec1
かいしやこうせいほう,か,う,0,high,news1|nf22
かつきよう,か,う,0,high,news1|nf19
じゆうにん,じ,ん,0,high,news1|nf15
にゆうよく,に,く,0,high,ichi1|news1|nf12
いつかく,い,く,0,high,news1|nf06
らでいかる,ら,る,0,high,gai1
そうしゆん,そ,ん,0,high,ichi1|news2|nf26
ゆうのう,ゆ,う,0,high,ichi1|news1|nf19
ゆうちよ,ゆ,よ,0,high,news1|nf09
でんおん,で,ん,0,high,ichi1|news1|nf11
つじかぜ,つ,ぜ,0,high,news1|nf14
おちば,お,ば,0,high,ichi1|news1|nf22
そびえる,そ,る,0,high,ichi1
しんご,し,ご,0,high,news1|nf23
えんやす,え,す,0,high,ichi1|news1|nf07
にゆうえん,に,ん,0,high,news1|nf17
てんじる,て,る,0,high,news1|nf12
ひとばんじゆう,ひ,う,0,high,ichi1
りくじようじえいたい,り,い,0,high,news1|nf09
たんきより,た,り,0,high,news1|nf13
ぬくもり,ぬ,り,0,high,ichi1
にがおえ,に,え,0,high,ichi1
しやせい,し,い,0,high,ichi1|news2|nf26|spec1
とりがあ,と,あ,0,high,gai1
ほるん,ほ,ん,0,high,gai1
しふと,し,と,0,high,gai1
ははおや,は,や,0,high,ichi1|news1|nf02
たがいに,た,に,0,high,ichi1|news1|nf05
さわん,さ,ん,0,high,news1|nf07
でこおだあ,で,あ,0,high,gai1
せつち,せ,ち,0,high,ichi1|news1|nf02
ここの,こ,の,0,high,ichi1|news1|nf01
ようしよう,よ,う,0,high,news1|nf20|nf23
たいきゆうせい,た,い,0,high,news1|nf24
ぽろ,ぽ,ろ,0,high,gai1
いはん,い,ん,0,high,ichi1|news1|nf01
おば,お,ば,0,high,ichi1|news1|news2|nf10|nf20|nf30
かんどう,か,う,0,high,ichi1|news1|nf06
はまべ,は,べ,0,high,ichi1|news1|nf21
りようこく,り,く,0,high,news1|nf01
しなん,し,ん,0,high,news1|nf19
ようもう,よ,う,0,high,ichi1|news2|nf27
いつせつ,い,つ,0,high,news1|nf14
もしかしたら,も,ら,0,high,ichi1
かんせいかん,か,ん,0,high,news1|nf22
しいて,し,て,0,high,ichi1
ぶれえかあ,ぶ,あ,0,high,gai1
ころぶ,こ,ぶ,0,high,ichi1|news2|nf35
はびこる,は,る,0,high,ichi1
わう,わ,う,0,high,gai1
からち,か,ち,0,high,gai1
まめ,ま,め,0,high,ichi1|news1|nf12
ざりがに,ざ,に,0,high,spec1
つく,つ,く,0,high,ichi1|spec1
どうり,ど,り,0,high,ichi1|news1|nf05|nf24
せいほうけい,せ,い,0,high,ichi1|news2|nf30
さげる,さ,る,0,high,ichi1|news1|nf07
ぷれいやあ,ぷ,あ,0,high,spec1
しがく,し,く,0,high,news1|nf14|nf21
せんそく,せ,く,0,high,ichi1
びしよう,び,う,0,high,ichi1|news1|nf17|nf20
ますたあ,ま,あ,0,high,gai1
せいすう,せ,う,0,high,ichi1
たち,た,ち,0,high,ichi1|news1|nf11
どくたあへり,ど,り,0,high,spec1
ぱんと,ぱ,と,0,high,gai1
いちじるしい,い,い,0,high,ichi1|news2|nf47
やきゆうぶ,や,ぶ,0,high,spec1
ゆうすい,ゆ,い,0,high,news2|nf38|spec1
ぱあぷる,ぱ,る,0,high,gai1
もうけ,も,け,0,high,ichi1|news2|nf37
しよつく,し,く,0,high,gai1|ichi1
りようたん,り,ん,0,high,ichi1|news1|nf23
おでかけ,お,け,0,high,spec1
ゆうもらす,ゆ,す,0,high,gai1
じさく,じ,く,0,high,news1|nf13
ゆうし,ゆ,し,0,high,news1|nf01|nf10
ぼんにん,ぼ,ん,0,high,ichi1|news2|nf27
くうろ,く,ろ,0,high,news1|nf15
しゆかんてき,し,き,0,high,ichi1|news2|nf32
せつかく,せ,く,0,high,ichi1
てんい,て,い,0,high,news1|nf21
めいぼ,め,ぼ,0,high,ichi1|news1|nf04
へいさつ,へ,つ,0,high,news1|nf09
すぱいらる,す,る,0,high,gai1
おぼえがき,お,き,0,high,news1|nf11
ぶぶん,ぶ,ん,0,high,ichi1|news1|nf01
なのりでる,な,る,0,high,news1|nf21
おうせん,お,ん,0,high,news1|nf23
そうたいてき,そ,き,0,high,ichi1|news1|nf13
ちゆうや,ち,や,0,high,ichi1|news1|nf17
でいれくたあ,で,あ,0,high,gai1
りんけえじ,り,じ,0,high,gai1
きゆうじん,き,ん,0,high,ichi1|news1|nf08
むうぶめんと,む,と,0,high,gai1
まずい,ま,い,0,high,ichi1
できるだけ,で,け,0,high,ichi1|news1|nf18
ぜんりやく,ぜ,く,0,high,ichi1
ぎようせいしよぶん,ぎ,ん,0,high,news1|nf13
つうろ,つ,ろ,0,high,ichi1|news1|nf13
なえ,な,え,0,high,ichi1|news1|nf09
だつきやく,だ,く,0,high,news1|nf14
きんし,き,し,0,high,ichi1|news1|news2|nf02|nf38
なんだ,な,だ,0,high,ichi1|news1|nf04|spec1
しやしんか,し,か,0,high,spec1
ひとさしゆび,ひ,び,0,high,ichi1
ずのう,ず,う,0,high,ichi1|news1|nf14
とうき,と,き,0,high,ichi1|news1|nf06|nf08|nf13|nf16
むよう,む,う,0,high,ichi1|news1|nf13
とつぱあ,と,あ,0,high,gai1
めんしき,め,き,0,high,news1|nf18
べびい,べ,い,0,high,gai1
せらあ,せ,あ,0,high,gai1
くちび,く,び,0,high,news1|nf16
もうしいれ,も,れ,0,high,news1|nf09
ほんこく,ほ,く,0,high,ichi1|news1|nf07
すかあと,す,と,0,high,gai1|ichi1
たいしやく,た,く,0,high,ichi1|news2|nf25
ほうちよう,ほ,う,0,high,ichi1|news1|nf10
はいぐうしや,は,や,0,high,ichi1|news1|nf10
すいつち,す,ち,0,high,gai1|ichi1
ふつとわあく,ふ,く,0,high,gai1
てんとう,て,う,0,high,news1|nf05|nf21
こうこうせい,こ,い,0,high,ichi1|news1|nf03
はくしよ,は,よ,0,high,ichi1|news1|nf04
あんもにあ,あ,あ,0,high,gai1
みにつける,み,る,0,high,spec1
こおり,こ,り,0,high,ichi1|news1|nf08|nf19
ふのう,ふ,う,0,high,ichi1|news1|nf14
いつつう,い,う,0,high,news1|nf19
せいうん,せ,ん,0,high,news1|nf23
みずぐち,み,ち,0,high,news1|nf22
ほん,ほ,ん,0,high,ichi1
ふうが,ふ,が,0,high,gai1
こごえ,こ,え,0,high,news1|nf24
むかあし,む,し,0,high,ichi1|news1|nf02
のろのろ,の,ろ,0,high,ichi1
へり,へ,り,0,high,gai1
のうえん,の,ん,0,high,news1|nf16
そこね,そ,ね,0,high,news1|nf24
きしや,き,や,0,high,ichi1|news1|news2|nf01|nf19|nf42|spec1
じえろんとくらしい,じ,い,0,high,gai1
かりいれ,か,れ,0,high,news1|nf10
あぶく,あ,く,0,high,ichi1|news1|nf13
しやかいほけん,し,ん,0,high,news1|nf12
めじろおし,め,し,0,high,news1|nf15
かなあ,か,あ,0,high,spec1
ぶんしん,ぶ,ん,0,high,news1|nf22
せんご,せ,ご,0,high,ichi1|news1|nf01
れいきん,れ,ん,0,high,ichi1|news2|nf33
てなんと,て,と,0,high,gai1
とうけい,と,い,0,high,ichi1|news1|nf01|nf04|nf21
ゆずりわたす,ゆ,す,0,high,news1|nf19
じやぱんかつぷ,じ,ぷ,0,high,gai1
ぶれいく,ぶ,く,0,high,gai1
かいすい,か,い,0,high,ichi1|news1|nf10
まつく,ま,く,0,high,gai1
いじめる,い,る,0,high,ichi1
ちやりていい,ち,い,0,high,gai1
えいぎようまん,え,ん,0,high,spec1
かかげる,か,る,0,high,ichi1|news1|nf07
じゆうごにち,じ,ち,0,high,spec1
けいけんち,け,ち,0,high,spec1
ありがち,あ,ち,0,high,spec1
しようこん,し,ん,0,high,news1|nf14
そうるい,そ,い,0,high,news1|nf16
せんぷう,せ,う,0,high,news1|nf14
いつさい,い,い,0,high,ichi1|news1|nf04
おおとばい,お,い,0,high,gai1|ichi1
にほんりようり,に,り,0,high,spec1
ていばん,て,ん,0,high,spec1
ちよお,ち,お,0,high,ichi1
こうはんせん,こ,ん,0,high,news1|nf14
きのは,き,は,0,high,news2|nf27|spec1
まりん,ま,ん,0,high,gai1
じゆうりよく,じ,く,0,high,ichi1|news1|nf12
くいちがい,く,い,0,high,ichi1|news1|nf12
よう,よ,う,0,high,ichi1|news1|news2|nf06|nf14|nf39
めかにつく,め,く,0,high,gai1
さわがしい,さ,い,0,high,ichi1|news2|nf47
とるこ,と,こ,0,high,gai1
しぶる,し,る,0,high,ichi1|news2|nf43
さほう,さ,う,0,high,news1|nf19
いんどねしあ,い,あ,0,high,gai1
こころがける,こ,る,0,high,ichi1|news2|nf40|spec1
それはさておき,そ,き,0,high,spec1
すていんがあ,す,あ,0,high,gai1
きんゆ,き,ゆ,0,high,news1|nf09
おもいあがる,お,る,0,high,ichi1|news2|nf42
くれんじんぐくりいむ,く,む,0,high,gai1
りさげ,り,げ,0,high,news1|nf05
しきいち,し,ち,0,high,spec1
ばいぶる,ば,る,0,high,gai1|ichi1
きんもつ,き,つ,0,high,ichi1|news1|nf23
ようこう,よ,う,0,high,ichi1|news1|nf07|nf12|nf22
めいがら,め,ら,0,high,news1|nf05
くい,く,い,0,high,ichi1|news1|news2|nf15|nf26|spec1
せいしんはくじやく,せ,く,0,high,news1|nf21
そしつ,そ,つ,0,high,ichi1|news1|nf16
だんぜつ,だ,つ,0,high,ichi1|news1|nf22
びいじいえむ,び,む,0,high,spec1
そんとく,そ,く,0,high,ichi1|news2|nf27
たくはい,た,い,0,high,news1|nf10
さつし,さ,し,0,high,gai1|news1|nf14
りす,り,す,0,high,gai1
たるむ,た,む,0,high,ichi1
かりる,か,る,0,high,ichi1|news1|nf13
たいしようりようほう,た,う,0,high,news1|nf24
ほせいよさん,ほ,ん,0,high,news1|nf05
しもはんき,し,き,0,high,news1|nf19
ぺしみすていつく,ぺ,く,0,high,gai1
つまずく,つ,く,0,high,ichi1
りくきよう,り,う,0,high,ichi1|news2|nf45
ふんぱつ,ふ,つ,0,high,ichi1
はくねつ,は,つ,0,high,ichi1|news2|nf25
とし,と,し,0,high,ichi1|news1|nf01|nf02
あん,あ,ん,0,high,ichi1|news1|nf19
けいけんしや,け,や,0,high,news1|nf05
つし,つ,し,0,high,ichi1|news1|nf04
にじゆうよつか,に,か,0,high,spec1
まるた,ま,た,0,high,news1|nf18
きよらか,き,か,0,high,ichi1|news2|nf34
かんきゆう,か,う,0,high,news1|nf15
じようずる,じ,る,0,high,ichi1
ちじよう,ち,う,0,high,ichi1|news1|nf03
げんぶん,げ,ん,0,high,news1|nf20
なつじかん,な,ん,0,high,news1|nf24
ほお,ほ,お,0,high,ichi1|news2|nf32
こきん,こ,ん,0,high,news1|nf16
ほおむるうむ,ほ,む,0,high,gai1
ぐらむ,ぐ,む,0,high,gai1|ichi1
いつてい,い,い,0,high,ichi1|news1|nf03
ろしあ,ろ,あ,0,high,spec1
いちど,い,ど,0,high,news1|nf03
しようがつきん,し,ん,0,high,ichi1|news1|nf12
あくしゆ,あ,ゆ,0,high,ichi1|news1|nf11
ほせい,ほ,い,0,high,ichi1|news1|nf12
しゆずつ,し,つ,0,high,ichi1|news1|nf03
がれえじ,が,じ,0,high,gai1|ichi1
れきし,れ,し,0,high,ichi1|news1|nf01
そいつ,そ,つ,0,high,ichi1
ぎかい,ぎ,い,0,high,ichi1|news1|nf01
けんちよ,け,よ,0,high,news1|nf10
さんりゆう,さ,う,0,high,ichi1|news2|nf26
きずつける,き,る,0,high,ichi1|news2|nf33|spec1
たいけい,た,い,0,high,ichi1|news1|news2|nf07|nf18|nf38
だいい,だ,い,0,high,news1|nf18
さんこつ,さ,つ,0,high,news1|nf21
やきゆう,や,う,0,high,ichi1|news1|nf01
しんぶんし,し,し,0,high,news1|nf12
くつだらねえ,く,え,0,high,ichi1
びやくい,び,い,0,high,ichi1|news1|nf23
しざい,し,い,0,high,news1|nf09
たりる,た,る,0,high,ichi1|news2|nf41
どくそう,ど,う,0,high,news1|nf13|nf21
うるおう,う,う,0,high,ichi1|news2|nf39
はさみうち,は,ち,0,high,news1|nf24
しめし,し,し,0,high,news1|nf14
ひとまわり,ひ,り,0,high,news1|nf20
があどれえる,が,る,0,high,gai1
あて,あ,て,0,high,ichi1|news1|nf01|nf15
ましん,ま,ん,0,high,gai1
たいかい,た,い,0,high,ichi1|news1|nf01
じゆうみんひよう,じ,う,0,high,news1|nf20
とつぐ,と,ぐ,0,high,ichi1|news2|nf43
ふかい,ふ,い,0,high,ichi1|news1|nf17|nf23
そうどう,そ,う,0,high,ichi1|news1|nf07
れじでんす,れ,す,0,high,gai1
もうしいれる,も,る,0,high,news1|nf22
さんにん,さ,ん,0,high,news1|nf01
ねむたい,ね,い,0,high,ichi1
ふあくす,ふ,す,0,high,gai1
はんさよう,は,う,0,high,ichi1|news2|nf42
じだん,じ,ん,0,high,news1|nf23
たのむ,た,む,0,high,ichi1|news1|nf08
ただちに,た,に,0,high,ichi1|news1|nf05
しゆうめい,し,い,0,high,news1|nf22
いずく,い,く,0,high,ichi1|news2|nf47
かいせん,か,ん,0,high,news1|nf02|nf07|nf10|nf23
かろちん,か,ん,0,high,gai1
ぜいがく,ぜ,く,0,high,news1|nf09
さまがわり,さ,り,0,high,news1|nf12
もんぜんばらい,も,い,0,high,news1|nf23
この,こ,の,0,high,ichi1|news1|nf01
えいり,え,り,0,high,ichi1|news1|nf14
どんなに,ど,に,0,high,ichi1
かい,か,い,0,high,ichi1|news1|news2|nf06|nf07|nf08|nf09|nf11|nf24|nf43|spec1
やすね,や,ね,0,high,news1|nf10
さばいばる,さ,る,0,high,gai1
じようじゆう,じ,う,0,high,news1|nf12
すりりんぐ,す,ぐ,0,high,gai1
しようきぼ,し,ぼ,0,high,news1|nf09
ふいくさあ,ふ,あ,0,high,gai1
まりふあな,ま,な,0,high,gai1
さいえん,さ,ん,0,high,news1|nf20|nf23
がぼつと,が,と,0,high,gai1
やや,や,や,0,high,ichi1
しきぶとん,し,ん,0,high,ichi1|news1|nf15
かどうりつ,か,つ,0,high,news1|nf19
あるかり,あ,り,0,high,gai1|ichi1
かいしやいん,か,ん,0,high,spec1
わくない,わ,い,0,high,news1|nf09
そぼろ,そ,ろ,0,high,spec1
ぽおかあ,ぽ,あ,0,high,gai1
はくぶつ,は,つ,0,high,news1|nf21
いとまがない,い,い,0,high,spec1
はたらきざかり,は,り,0,high,news1|nf21
じんせん,じ,ん,0,high,news1|nf09
せだい,せ,い,0,high,ichi1|news1|nf02
さうじ,さ,じ,0,high,gai1
らつか,ら,か,0,high,ichi1|news1|nf17
しれい,し,い,0,high,news1|nf10|nf17
せいれき,せ,き,0,high,ichi1|news1|nf15
ほけんしよ,ほ,よ,0,high,news1|nf12|spec1
らべる,ら,る,0,high,gai1
はんてい,は,い,0,high,ichi1|news1|nf05
きく,き,く,0,high,ichi1|news1|nf09|spec1
のうさんぶつ,の,つ,0,high,news1|nf06
たいようけい,た,い,0,high,news1|nf24
ぱあま,ぱ,ま,0,high,gai1
くよう,く,う,0,high,news1|nf18
ばあれすく,ば,く,0,high,gai1
しすぎる,し,る,0,high,spec1
ぽりしい,ぽ,い,0,high,gai1
まぜる,ま,る,0,high,ichi1|news2|nf38|nf47
むにん,む,ん,0,high,ichi1|news1|nf10
ぎぞう,ぎ,う,0,high,ichi1|news1|nf05
まく,ま,く,0,high,ichi1|news1|nf04|nf11
なだかい,な,い,0,high,ichi1|news1|nf22
もだんだんす,も,す,0,high,gai1
ぼんじん,ぼ,ん,0,high,ichi1|news2|nf27
びようしや,び,や,0,high,ichi1|news1|nf13
はあと,は,と,0,high,gai1
かじよう,か,う,0,high,ichi1|news1|nf08
だすう,だ,う,0,high,news1|nf10
ふりゆう,ふ,う,0,high,ichi1|news2|nf41
しやくめい,し,い,0,high,news1|nf13
おおはば,お,ば,0,high,ichi1|news1|nf01
おや,お,や,0,high,ichi1|news1|nf02
ぺどめえたあ,ぺ,あ,0,high,gai1
しよるだあばつぐ,し,ぐ,0,high,gai1
きようりよく,き,く,0,high,ichi1|news1|nf01|nf04
みうち,み,ち,0,high,ichi1|news1|nf11
しふおん,し,ん,0,high,gai1
きかす,き,す,0,high,ichi1|news1|nf04
いつか,い,か,0,high,ichi1|news1|nf04|nf19|spec1
ぜいひき,ぜ,き,0,high,news1|nf17
いらいら,い,ら,0,high,ichi1
いりこむ,い,む,0,high,news1|nf20
てんぐ,て,ぐ,0,high,news2|nf26|spec1
ふちよう,ふ,う,0,high,ichi1|news1|news2|nf09|nf42
むそう,む,う,0,high,ichi1|news2|nf32
でぱちか,で,か,0,high,spec1
もちかぶ,も,ぶ,0,high,news1|nf12
ならべる,な,る,0,high,ichi1
びざ,び,ざ,0,high,gai1|ichi1
じゆう,じ,う,0,high,ichi1|news1|nf01|nf03|nf06|nf14|spec1
しんじつ,し,つ,0,high,ichi1|news1|nf07
こおひいしよつぷ,こ,ぷ,0,high,spec1
せと,せ,と,0,high,news1|nf16
なつしんぐ,な,ぐ,0,high,gai1
けいばつ,け,つ,0,high,news1|nf20
けんちよう,け,う,0,high,ichi1|news1|nf10
だいがく,だ,く,0,high,ichi1|news1|nf01
ぷろやきゆう,ぷ,う,0,high,ichi1
ぐりいんすくうる,ぐ,る,0,high,gai1
こつじき,こ,き,0,high,ichi1|news2|nf37
ふりいたあ,ふ,あ,0,high,gai1
ほんしや,ほ,や,0,high,ichi1|news1|nf01
しんど,し,ど,0,high,ichi1|news1|nf14
いへん,い,ん,0,high,news1|nf12
さけび,さ,び,0,high,ichi1|news1|nf17
はなよめ,は,め,0,high,ichi1|news1|nf15
ふくり,ふ,り,0,high,news1|nf19
にひる,に,る,0,high,gai1
ためいき,た,き,0,high,ichi1|spec1
しゆつりよく,し,く,0,high,ichi1|news1|nf08
にぐん,に,ん,0,high,news1|nf15
こくし,こ,し,0,high,news1|nf17
せいめい,せ,い,0,high,ichi1|news1|news2|nf02|nf03|nf36
そし,そ,し,0,high,news1|nf07|nf17
さきがける,さ,る,0,high,news1|nf17
ぎほう,ぎ,う,0,high,news1|nf12
こおど,こ,ど,0,high,gai1|ichi1
きぎ,き,ぎ,0,high,news1|nf19
つうりんぐ,つ,ぐ,0,high,gai1
ちゆうおうしゆうけん,ち,ん,0,high,news1|nf14
ないめん,な,ん,0,high,ichi1|news1|nf13
むこ,む,こ,0,high,ichi1|news2|nf41
もちこみ,も,み,0,high,news1|nf15
しようどう,し,う,0,high,ichi1|news1|nf20|nf21
はぶく,は,く,0,high,ichi1
めずらしい,め,い,0,high,ichi1|news2|nf33
まだ,ま,だ,0,high,ichi1
しつぎよう,し,う,0,high,ichi1|news1|nf03
とらいあすろん,と,ん,0,high,gai1
がんもう,が,う,0,high,ichi1|news1|nf12
くだ,く,だ,0,high,ichi1
こんねんど,こ,ど,0,high,news1|nf03
びる,び,る,0,high,gai1|ichi1
みすたあ,み,あ,0,high,gai1
きしようだい,き,い,0,high,news1|nf24
ひとむかし,ひ,し,0,high,ichi1|news2|nf25
あめりかがつしゆうこく,あ,く,0,high,spec1
のやま,の,ま,0,high,news1|nf18
じゆせいらん,じ,ん,0,high,news1|nf13
はりだす,は,す,0,high,ichi1|news2|nf30
ひとちがい,ひ,い,0,high,ichi1|news2|nf44
しやつくり,し,り,0,high,ichi1
まれ,ま,れ,0,high,ichi1|news1|nf24
こうじよう,こ,う,0,high,ichi1|news1|nf01|nf03|nf16|nf24
びゆう,び,う,0,high,gai1
ちやれんじ,ち,じ,0,high,gai1
べねちあんぐらす,べ,す,0,high,gai1
はいごう,は,う,0,high,news2|nf27|spec1
てえぜ,て,ぜ,0,high,gai1
もりこむ,も,む,0,high,news1|nf04
じしつ,じ,つ,0,high,news1|nf14
すます,す,す,0,high,ichi1|news2|nf28
まれえしあ,ま,あ,0,high,gai1
つうしんはんばい,つ,い,0,high,news1|nf16
じす,じ,す,0,high,gai1|news1|nf11
ぜひぜひ,ぜ,ひ,0,high,spec1
すたんぷ,す,ぷ,0,high,gai1
しゆじく,し,く,0,high,news1|nf12
ぶるぶる,ぶ,る,0,high,ichi1
じゆうにがつ,じ,つ,0,high,news1|nf01|spec1
しと,し,と,0,high,news1|nf06|nf13
じようぞう,じ,う,0,high,news1|nf19
つかいわけ,つ,け,0,high,news1|nf23
ぐち,ぐ,ち,0,high,ichi1|news1|nf24
ちえこ,ち,こ,0,high,gai1
からめる,か,る,0,high,gai1
ちんじよう,ち,う,0,high,news1|nf10
だらく,だ,く,0,high,ichi1|news2|nf29
みつこう,み,う,0,high,news1|nf19
ここち,こ,ち,0,high,ichi1|news1|nf14
ちつぷ,ち,ぷ,0,high,gai1
がじえつと,が,と,0,high,gai1
じようだん,じ,ん,0,high,ichi1|news1|nf08
ふいにつしゆ,ふ,ゆ,0,high,gai1
ぶつける,ぶ,る,0,high,ichi1
こくりつ,こ,つ,0,high,ichi1|news1|nf02
べいぐん,べ,ん,0,high,spec1
まいくろ,ま,ろ,0,high,gai1
ぜんはん,ぜ,ん,0,high,ichi1|news1|nf02
いつぽうてき,い,き,0,high,news1|nf05
うつしだす,う,す,0,high,news1|nf15
つうさんしよう,つ,う,0,high,ichi1|news1|nf02|nf05
しよくれき,し,き,0,high,ichi1
さがく,さ,く,0,high,news1|nf12
こむぎこ,こ,こ,0,high,ichi1|news1|nf17
ぎぼ,ぎ,ぼ,0,high,ichi1|news1|nf17
たつち,た,ち,0,high,gai1|ichi1
みかいけつ,み,つ,0,high,news1|nf14
いやらしい,い,い,0,high,ichi1|spec1
いずむ,い,む,0,high,gai1
あくい,あ,い,0,high,ichi1|news2|nf27
ばあじん,ば,ん,0,high,gai1
としした,と,た,0,high,ichi1|news1|nf17
かほう,か,う,0,high,news1|nf09
もちまわり,も,り,0,high,news1|nf22
しなもん,し,ん,0,high,gai1
はなわ,は,わ,0,high,news1|nf22
こんなん,こ,ん,0,high,ichi1|news1|nf04
こうだん,こ,ん,0,high,ichi1|news1|nf07|nf16
じせい,じ,い,0,high,news1|nf17
はえる,は,る,0,high,ichi1|ichi2
しつれん,し,ん,0,high,ichi1|news2|nf35
ぴつく,ぴ,く,0,high,gai1
きんり,き,り,0,high,ichi1|news1|nf01
こうか,こ,か,0,high,ichi1|news1|news2|nf01|nf11|nf17|nf21|nf22|nf28
うりだし,う,し,0,high,news1|nf17
きゆうりよう,き,う,0,high,ichi1|news1|nf06|nf14
おおもり,お,り,0,high,ichi1|news2|nf46
げんまい,げ,い,0,high,news1|nf19
ととのつた,と,た,0,high,news1|nf08
りみつと,り,と,0,high,gai1
なえぎ,な,ぎ,0,high,news1|nf20
なげえ,な,え,0,high,ichi1|news1|nf15
もんごりずむ,も,む,0,high,gai1
ないそく,な,く,0,high,ichi1|news1|nf09
おおぷにんぐ,お,ぐ,0,high,gai1
はんぎやく,は,く,0,high,ichi1|news1|nf21
ぴんちひつたあ,ぴ,あ,0,high,gai1
むとうひよう,む,う,0,high,news1|nf13
かとりしずむ,か,む,0,high,gai1
しゆくぼ,し,ぼ,0,high,ichi1|news1|news2|nf20|nf30
うちこむ,う,む,0,high,ichi1|news1|nf21
せび,せ,び,0,high,ichi1|news2|nf35
れがあす,れ,す,0,high,gai1
すためん,す,ん,0,high,gai1
まいく,ま,く,0,high,gai1|ichi1
けんもん,け,ん,0,high,ichi1|news1|news2|nf11|nf28
ひゆ,ひ,ゆ,0,high,ichi1|news2|nf34
ですか,で,か,0,high,spec1
こうゆう,こ,う,0,high,news1|nf20|nf24|spec1
おととし,お,し,0,high,ichi1|news1|nf02
どける,ど,る,0,high,ichi1
ふげん,ふ,ん,0,high,news1|nf07
らんそう,ら,う,0,high,news1|nf23
まぐなむ,ま,む,0,high,gai1
むきゆう,む,う,0,high,ichi1|news1|nf21|nf24
そくど,そ,ど,0,high,ichi1|news1|nf07
がくそつ,が,つ,0,high,news1|nf16
なさる,な,る,0,high,ichi1
あらの,あ,の,0,high,ichi1|news2|nf25
しきゆう,し,う,0,high,ichi1|news1|news2|nf04|nf05|nf12|nf13|nf25
ぶつきよう,ぶ,う,0,high,ichi1|news1|nf05
こせい,こ,い,0,high,ichi1|news1|nf04
ぎじゆつしや,ぎ,や,0,high,news1|nf06
しやこく,し,く,0,high,news1|nf23
ちようしよう,ち,う,0,high,news1|nf17
ふりだし,ふ,し,0,high,news1|nf16
はあどろつく,は,く,0,high,gai1
そうですね,そ,ね,0,high,spec1
がいむしよう,が,う,0,high,ichi1|news1|nf01
すぱげつてい,す,い,0,high,spec1
みくろん,み,ん,0,high,gai1
せんたくき,せ,き,0,high,ichi1|news1|nf13
あめりか,あ,か,0,high,spec1
しかける,し,る,0,high,news1|nf24
おうじよ,お,よ,0,high,ichi1|news1|nf20
だいだい,だ,い,0,high,ichi1|news1|nf07
こんぺ,こ,ぺ,0,high,gai1
くりつく,く,く,0,high,gai1
あんもく,あ,く,0,high,ichi1|news1|nf19
きようむ,き,む,0,high,news1|nf21
しにたい,し,い,0,high,news1|nf24
じせき,じ,き,0,high,ichi1|news1|nf13|nf19
ひとあんしん,ひ,ん,0,high,news2|nf48|spec1
こうえきほうじん,こ,ん,0,high,news1|nf15
ものくろ,も,ろ,0,high,gai1
ぎよば,ぎ,ば,0,high,news1|nf22
おおずめ,お,め,0,high,news1|nf07
ぶんるい,ぶ,い,0,high,ichi1|news1|nf14
はこ,は,こ,0,high,ichi1|news1|nf09
もうら,も,ら,0,high,ichi1|news2|nf34
おなじみ,お,み,0,high,spec1
ちゆうごく,ち,く,0,high,news1|nf01
かかさん,か,ん,0,high,ichi1|news1|nf22
ふらつぷ,ふ,ぷ,0,high,gai1
そうむ,そ,む,0,high,news1|nf02
はじめて,は,て,0,high,ichi1|spec1
ういんどう,う,う,0,high,gai1|spec1
わすれもん,わ,ん,0,high,ichi1|news2|nf33
ちくさん,ち,ん,0,high,news1|nf15
そえる,そ,る,0,high,ichi1
せんぎよう,せ,う,0,high,news1|nf10
しようそ,し,そ,0,high,news1|nf14
めいれい,め,い,0,high,ichi1|news1|nf04
かぷらあ,か,あ,0,high,gai1
かいどう,か,う,0,high,ichi1|news1|nf13|nf15|nf17
かもしれない,か,い,0,high,ichi1
いつさつ,い,つ,0,high,spec1
しゆはん,し,ん,0,high,news1|nf21|nf24
でえたべえす,で,す,0,high,gai1
ゆうふく,ゆ,く,0,high,ichi1|news1|nf20
せいよう,せ,う,0,high,ichi1|news1|nf08|nf16
へいじよう,へ,う,0,high,ichi1|news1|nf05|nf15
けいい,け,い,0,high,ichi1|news1|nf04|nf12
しなやか,し,か,0,high,ichi1
だんじき,だ,き,0,high,news1|nf21
さかだな,さ,な,0,high,news1|nf22
ろここ,ろ,こ,0,high,gai1
むはい,む,い,0,high,news1|nf21
めざす,め,す,0,high,ichi1|news2|nf40
つぱなし,つ,し,0,high,spec1
とくいさき,と,き,0,high,news1|nf22
あびせる,あ,る,0,high,ichi1|news1|nf22
だいかぞく,だ,く,0,high,news1|nf24
わきみ,わ,み,0,high,ichi1
とつくに,と,に,0,high,ichi1
ふみた,ふ,た,0,high,ichi1|news1|nf05
あせすめんと,あ,と,0,high,gai1
まるちなしよなる,ま,る,0,high,gai1
なしとげる,な,る,0,high,ichi1|news2|nf31
じようじる,じ,る,0,high,ichi1|news2|nf36
しんじゆ,し,ゆ,0,high,ichi1|news1|nf16
かに,か,に,0,high,ichi1|news2|nf43
じやあく,じ,く,0,high,gai1
むかえる,む,る,0,high,ichi1|news1|nf24
うやむや,う,や,0,high,ichi1
まくあけ,ま,け,0,high,news1|nf14
よせる,よ,る,0,high,ichi1|news1|nf09
これ,こ,れ,0,high,ichi1
きつて,き,て,0,high,ichi1|news1|nf08
ぱそこん,ぱ,ん,0,high,gai1|ichi1
ちほうぜい,ち,い,0,high,news1|nf16
ちぶさ,ち,さ,0,high,news1|nf19
おもてどおり,お,り,0,high,ichi1|news2|nf37
たいよ,た,よ,0,high,news1|nf22
しゆうちゆう,し,う,0,high,ichi1|news1|nf03
ぜんにちせい,ぜ,い,0,high,news1|nf23
ふじさん,ふ,ん,0,high,news1|nf09
れんめい,れ,い,0,high,news1|nf02|nf19
ものらる,も,る,0,high,gai1
はつする,は,る,0,high,gai1|ichi1|news1|nf22
ここのえ,こ,え,0,high,news1|nf22
ちしきじん,ち,ん,0,high,news1|nf11
かるだもん,か,ん,0,high,gai1
さし,さ,し,0,high,news1|nf21
ばいきんぐ,ば,ぐ,0,high,gai1
もくたん,も,ん,0,high,news1|nf24
さいきん,さ,ん,0,high,ichi1|news1|nf01|nf11
えいよ,え,よ,0,high,news1|nf15
かしら,か,ら,0,high,ichi1|spec1
かきよく,か,く,0,high,news1|nf12
しらが,し,が,0,high,ichi1|news1|nf16
しやとる,し,る,0,high,gai1
おおなあ,お,あ,0,high,gai1
このため,こ,め,0,high,spec1
でいすく,で,く,0,high,gai1
びいふ,び,ふ,0,high,gai1
たいど,た,ど,0,high,ichi1|news1|nf02
しゆふ,し,ふ,0,high,ichi1|news1|nf02
じつだん,じ,ん,0,high,news1|nf16
かつどうか,か,か,0,high,news1|nf09
たおれ,た,れ,0,high,news1|nf22
しきよく,し,く,0,high,ichi1|news1|nf02
とおなめんと,と,と,0,high,gai1
ゆうき,ゆ,き,0,high,ichi1|news1|nf07
かがん,か,ん,0,high,ichi1|news1|nf21
いでんし,い,し,0,high,news1|nf04
てくのろじい,て,い,0,high,gai1|ichi1
せんせい,せ,い,0,high,ichi1|news1|nf02|nf06|nf16
どつち,ど,ち,0,high,ichi1
そうぞうしい,そ,い,0,high,ichi1|news2|nf38
げんじん,げ,ん,0,high,news1|nf16
ぴらふ,ぴ,ふ,0,high,gai1
はり,は,り,0,high,ichi1|news1|nf08|nf19
しるえつたあ,し,あ,0,high,gai1
ぎやら,ぎ,ら,0,high,gai1
りやく,り,く,0,high,ichi1|news1|nf02
すわりこみ,す,み,0,high,news1|nf23
ぷらずま,ぷ,ま,0,high,gai1
ほんかくてき,ほ,き,0,high,ichi1|news1|nf03
かんそ,か,そ,0,high,news1|nf09
げつこう,げ,う,0,high,ichi1|news2|nf25
もらる,も,る,0,high,gai1
おみつもり,お,り,0,high,spec1
せつしよう,せ,う,0,high,news1|nf05
まち,ま,ち,0,high,ichi1|news1|nf02|nf14
ぐんぶ,ぐ,ぶ,0,high,news1|nf05|nf21
でいすかばあ,で,あ,0,high,gai1
ひろうえん,ひ,ん,0,high,ichi1
あいちやく,あ,く,0,high,ichi1|news1|nf15
ほしゆう,ほ,う,0,high,news1|nf13
なま,な,ま,0,high,ichi1
つまみ,つ,み,0,high,spec1
しゆつぱんぶつ,し,つ,0,high,news1|nf14
しゆうえき,し,き,0,high,news1|nf04
ぼさん,ぼ,ん,0,high,ichi1|news1|nf16
ちじ,ち,じ,0,high,ichi1|news1|nf01
てれびばんぐみ,て,み,0,high,spec1
きりさげ,き,げ,0,high,news1|nf18
さうじあらびあ,さ,あ,0,high,gai1
あいしよう,あ,う,0,high,news1|nf10|nf15
けいりよう,け,う,0,high,news1|nf11|nf21
へなつち,へ,ち,0,high,ichi1|news1|nf19
なぬか,な,か,0,high,ichi1|spec1
ひとつ,ひ,つ,0,high,ichi1|news1|nf01
えんでいんぐ,え,ぐ,0,high,gai1
おおるまいてい,お,い,0,high,gai1
こおきんぐ,こ,ぐ,0,high,gai1
つぐのう,つ,う,0,high,ichi1|news2|nf32
ちよちく,ち,く,0,high,ichi1|news1|nf06
じよく,じ,く,0,high,ichi1|news1|nf12
けいそつ,け,つ,0,high,ichi1|news1|nf19
せつく,せ,く,0,high,ichi1|news2|nf36
いおり,い,り,0,high,news1|nf19
かいめん,か,ん,0,high,ichi1|news1|nf13
とくしゆ,と,ゆ,0,high,ichi1|news1|nf04
のりば,の,ば,0,high,ichi1|news2|nf33
ていしや,て,や,0,high,ichi1|news1|nf17
なんどでも,な,も,0,high,spec1
はいきよ,は,よ,0,high,spec1
さきざき,さ,き,0,high,news1|nf20
しゆうしふ,し,ふ,0,high,ichi1|news1|nf09
べすとせらあ,べ,あ,0,high,gai1
まる,ま,る,0,high,ichi1
ふしあわせ,ふ,せ,0,high,ichi1
はな,は,な,0,high,ichi1|news1|nf01|nf05|nf08
れつしや,れ,や,0,high,ichi1|news1|nf04
かいとり,か,り,0,high,news1|news2|nf10|nf27|spec1
ぐんぞく,ぐ,く,0,high,news1|nf18
こしゆう,こ,う,0,high,ichi1|news2|nf46
みにまむ,み,む,0,high,gai1
あくりる,あ,る,0,high,gai1
みあげる,み,る,0,high,ichi1|news2|nf36
もにたあ,も,あ,0,high,gai1
うつる,う,る,0,high,ichi1|news1|news2|nf17|nf28|nf38
ぬし,ぬ,し,0,high,ichi1
じつぞう,じ,う,0,high,news1|nf18
じゆんばん,じ,ん,0,high,ichi1|news1|nf11
おまけに,お,に,0,high,spec1
かんきようちよう,か,う,0,high,news1|nf03
しようとする,し,る,0,high,spec1
けいざいがく,け,く,0,high,spec1
といれつとぺえぱあ,と,あ,0,high,ichi1
ほんぎよう,ほ,う,0,high,news1|nf11
せんだつて,せ,て,0,high,ichi1|news2|nf27
かふえ,か,え,0,high,gai1
じしよく,じ,く,0,high,ichi1|news1|nf04
とくし,と,し,0,high,news1|nf06
ほおん,ほ,ん,0,high,gai1|ichi1|news1|nf24
ごえい,ご,い,0,high,news1|nf13
したてなげ,し,げ,0,high,news1|nf18
そうあん,そ,ん,0,high,news1|nf07
いわば,い,ば,0,high,ichi1|news1|nf01
てごわい,て,い,0,high,news1|nf24
せんかん,せ,ん,0,high,news1|nf22
あずかり,あ,り,0,high,news1|nf19
おとなしい,お,い,0,high,ichi1
たがい,た,い,0,high,ichi1|news1|nf04
けつてい,け,い,0,high,ichi1|news1|nf01
そつちよく,そ,く,0,high,ichi1|news1|nf05
もおつあると,も,と,0,high,gai1
ばんごう,ば,う,0,high,ichi1|news1|nf03
そつこお,そ,お,0,high,news1|nf16
でいなあ,で,あ,0,high,gai1
ということは,と,は,0,high,spec1
みてい,み,い,0,high,ichi1|news1|nf06
おちる,お,る,0,high,ichi1|news1|nf10
ひつけやく,ひ,く,0,high,news1|nf24
ぜんよう,ぜ,う,0,high,news1|nf09
したくちびる,し,る,0,high,ichi1
ていいん,て,ん,0,high,ichi1|news1|nf04|nf07
しつこい,し,い,0,high,ichi1
など,な,ど,0,high,spec1
おくそく,お,く,0,high,news1|nf11
かんじゆせい,か,い,0,high,ichi1|news1|nf21
わすれる,わ,る,0,high,ichi1
せんたくし,せ,し,0,high,news1|nf08
きんく,き,く,0,high,ichi1|news2|nf45
かねそなえる,か,る,0,high,news1|nf24
えき,え,き,0,high,ichi1|news1|nf05|nf14|nf19
いたずら,い,ら,0,high,ichi1
ぱあく,ぱ,く,0,high,gai1
しいずにんぐ,し,ぐ,0,high,gai1
にくらしい,に,い,0,high,ichi1
いまに,い,に,0,high,ichi1|news1|nf22
なかば,な,ば,0,high,ichi1|news1|nf07
みちのり,み,り,0,high,news1|nf15|nf24
はんかがい,は,い,0,high,news1|nf11
じやく,じ,く,0,high,ichi1
ぴる,ぴ,る,0,high,gai1
ううる,う,る,0,high,gai1|ichi1
しやんそん,し,ん,0,high,gai1|ichi1
しめつぽい,し,い,0,high,ichi1|news2|nf26
しだい,し,い,0,high,ichi1|news1|nf16
のんびり,の,り,0,high,ichi1
らじある,ら,る,0,high,gai1
すみずみ,す,み,0,high,news1|nf23
けむい,け,い,0,high,ichi1
よこぎる,よ,る,0,high,ichi1|news2|nf35
まちがえる,ま,る,0,high,ichi1|news2|nf31
いでん,い,ん,0,high,ichi1|news1|nf12
あんまり,あ,り,0,high,ichi1|news1|nf15
ぶうる,ぶ,る,0,high,gai1
とす,と,す,0,high,gai1
ふれんず,ふ,ず,0,high,gai1
やちよう,や,う,0,high,news1|nf09
ふじよ,ふ,よ,0,high,ichi1|news1|news2|nf18|nf36|nf37|spec1
めいちよ,め,よ,0,high,ichi1|news2|nf28
なく,な,く,0,high,ichi1
しほんか,し,か,0,high,ichi1|news2|nf32
ねつたい,ね,い,0,high,ichi1|news1|nf06
がくぎよう,が,う,0,high,news1|nf21
じえねれえしよん,じ,ん,0,high,gai1
しぐさ,し,さ,0,high,news1|nf19
ほうてき,ほ,き,0,high,ichi1|news1|nf04
らんどさつと,ら,と,0,high,gai1
めきめき,め,き,0,high,ichi1
かあれえす,か,す,0,high,gai1
むめんきよ,む,よ,0,high,news1|nf24
あらき,あ,き,0,high,news1|nf08
ぶんちゆう,ぶ,う,0,high,news1|nf24
ぼでいい,ぼ,い,0,high,gai1
ひとりで,ひ,で,0,high,ichi1
のおまあく,の,く,0,high,gai1
まいしゆう,ま,う,0,high,ichi1|news1|nf05
しゆうだん,し,ん,0,high,ichi1|news1|nf02
しようらい,し,い,0,high,ichi1|news1|nf01
ぎせいしや,ぎ,や,0,high,news1|nf04
ちかん,ち,ん,0,high,news2|nf29|spec1
とらつく,と,く,0,high,gai1|ichi1
せいき,せ,き,0,high,ichi1|news1|nf04|nf08
はくげき,は,き,0,high,news1|nf23
ぶれえき,ぶ,き,0,high,gai1|ichi1
どらすちつく,ど,く,0,high,gai1
ぴつちんぐ,ぴ,ぐ,0,high,gai1
しばる,し,る,0,high,ichi1|news1|nf12
どらいぶ,ど,ぶ,0,high,gai1|ichi1
ようし,よ,し,0,high,ichi1|news1|nf05|nf07|nf11|nf14|nf24
ひとりじめ,ひ,め,0,high,ichi1|news2|nf32
なんによ,な,よ,0,high,ichi1|news1|nf02
えすかれえたあ,え,あ,0,high,gai1|ichi1
たとえる,た,る,0,high,ichi1|news2|nf28
ごき,ご,き,0,high,news1|nf17
てきすと,て,と,0,high,gai1|ichi1
かんぱん,か,ん,0,high,ichi1|news1|nf24
さんかつけい,さ,い,0,high,ichi1|news1|nf20
じかく,じ,く,0,high,ichi1|news1|nf09
ろつかあ,ろ,あ,0,high,gai1|ichi1
ながいあいだ,な,だ,0,high,spec1
はいにん,は,ん,0,high,news1|nf07
かんこく,か,く,0,high,news1|nf01|nf04
とめる,と,る,0,high,ichi1|news2|nf34
おうてん,お,ん,0,high,news1|nf23
うねる,う,る,0,high,ichi1
そうてい,そ,い,0,high,ichi1|news1|nf14|nf17
かみわざ,か,ざ,0,high,ichi1
がいしゆつ,が,つ,0,high,ichi1|news1|nf10
えぴつく,え,く,0,high,gai1
こういしよう,こ,う,0,high,news1|nf08
りがいかんけい,り,い,0,high,news1|nf22
やくどう,や,う,0,high,news1|nf21
みずみずしい,み,い,0,high,ichi1
じやいあんと,じ,と,0,high,gai1
げきが,げ,が,0,high,news1|nf20
おかげさまで,お,で,0,high,ichi1|spec1
ろけ,ろ,け,0,high,gai1
ちほうぶんけん,ち,ん,0,high,news1|nf08
そのまま,そ,ま,0,high,ichi1
ていひよう,て,う,0,high,news1|nf11
ねだん,ね,ん,0,high,ichi1|news1|nf04
くろのすこおぷ,く,ぷ,0,high,gai1
げいじゆついん,げ,ん,0,high,news1|nf22
ちからもち,ち,ち,0,high,ichi1|news2|nf30
たしよう,た,う,0,high,ichi1|news1|nf07
れこおだあ,れ,あ,0,high,gai1
おいて,お,て,0,high,news1|nf09
こうしよ,こ,よ,0,high,news1|nf22
そんぼう,そ,う,0,high,news1|nf22
ひとくち,ひ,ち,0,high,ichi1|news1|nf15
いちりつ,い,つ,0,high,ichi1|news1|nf04|nf07
ありのまま,あ,ま,0,high,ichi1|news1|nf23
ぷらかあど,ぷ,ど,0,high,gai1
げいげき,げ,き,0,high,news1|nf16
がいけん,が,ん,0,high,ichi1|news1|nf15
けいこく,け,く,0,high,ichi1|news1|nf06|nf19
たにんごと,た,と,0,high,spec1
みなさま,み,ま,0,high,ichi1|news1|nf12
ずしき,ず,き,0,high,news1|nf13
けいえい,け,い,0,high,ichi1|news1|nf01
まつすぐ,ま,ぐ,0,high,ichi1
そん,そ,ん,0,high,ichi1|news1|nf03|nf05
がいし,が,し,0,high,news1|nf08
こおと,こ,と,0,high,gai1|ichi1
つうぞくてき,つ,き,0,high,ichi1|news2|nf45
すうこ,す,こ,0,high,news1|nf23
こころぼそい,こ,い,0,high,ichi1|news2|nf45
じゆうじつ,じ,つ,0,high,ichi1|news1|nf04
だいや,だ,や,0,high,gai1|ichi1
ほんめい,ほ,い,0,high,ichi1|news1|nf04|nf14
だいさ,だ,さ,0,high,news1|nf17
おもいつきり,お,り,0,high,spec1
にんじん,に,ん,0,high,ichi1
ふあいぶすたあ,ふ,あ,0,high,gai1
いつさんかたんそ,い,そ,0,high,news1|nf20
ふあくとりい,ふ,い,0,high,gai1
しお,し,お,0,high,ichi1|news1|nf06|nf07
けいやく,け,く,0,high,ichi1|news1|nf01
おちや,お,や,0,high,ichi1|news1|nf06
じんせいかん,じ,ん,0,high,news1|nf20
きれる,き,る,0,high,ichi1
かろはずみ,か,み,0,high,ichi1|news2|nf46
まつこう,ま,う,0,high,news1|nf12
おじやまします,お,す,0,high,spec1
とはいうものの,と,の,0,high,spec1
かつこく,か,く,0,high,ichi1
ぬけだす,ぬ,す,0,high,ichi1|news1|nf20
しすてむず,し,ず,0,high,gai1
けいこう,け,う,0,high,ichi1|news1|nf02
せんぞ,せ,ぞ,0,high,ichi1|news1|nf12
せおよぎ,せ,ぎ,0,high,news1|nf20
やしき,や,き,0,high,ichi1|news1|nf10
ういんかあ,う,あ,0,high,gai1
かんさん,か,ん,0,high,ichi1|news1|nf11|nf21
きんしゆ,き,ゆ,0,high,ichi1|news2|nf33
へどろ,へ,ろ,0,high,gai1
そまる,そ,る,0,high,ichi1|news2|nf36
おも,お,も,0,high,ichi1
うんこ,う,こ,0,high,spec1
たやすい,た,い,0,high,ichi1
うすぎ,う,ぎ,0,high,ichi1|news2|nf43
えんげき,え,き,0,high,ichi1|news1|nf04
ほんかくか,ほ,か,0,high,news1|nf06
ふどうさんや,ふ,や,0,high,ichi1
むれる,む,る,0,high,ichi1|news2|nf37
るうと,る,と,0,high,gai1
いみよう,い,う,0,high,news1|nf15
ぎだい,ぎ,い,0,high,ichi1|news1|nf06
きしよう,き,う,0,high,ichi1|news1|news2|nf06|nf16|nf24|nf28
ごくろおさま,ご,ま,0,high,ichi1|news2|nf30|spec1
へんかきゆう,へ,う,0,high,news1|nf08
がつそう,が,う,0,high,news1|nf24
かいこく,か,く,0,high,news1|nf22|nf23
かすば,か,ば,0,high,gai1
はやぶさ,は,さ,0,high,news1|nf24
ひきのばし,ひ,し,0,high,news1|nf19
だんとつ,だ,つ,0,high,spec1
せんこう,せ,う,0,high,ichi1|news1|nf03|nf05
まじしやん,ま,ん,0,high,gai1
こんだん,こ,ん,0,high,news1|nf03
こくほう,こ,う,0,high,ichi1|news1|nf15
げんたん,げ,ん,0,high,news1|nf09
そろえる,そ,る,0,high,ichi1
ねぶたい,ね,い,0,high,ichi1
あくにん,あ,ん,0,high,ichi1|news1|nf24
ぐるつと,ぐ,と,0,high,spec1
ますこつと,ま,と,0,high,gai1
えれくとりつく,え,く,0,high,gai1
さくせい,さ,い,0,high,ichi1|news1|news2|nf05|nf28
じつすう,じ,う,0,high,news1|nf21
おつぱい,お,い,0,high,spec1
けつして,け,て,0,high,ichi1|news1|nf03
とおやま,と,ま,0,high,news1|nf20
よきせぬ,よ,ぬ,0,high,spec1
ちこく,ち,く,0,high,ichi1|news2|nf25
きゆうぴつち,き,ち,0,high,news1|nf13
さんがつ,さ,つ,0,high,news1|nf01|spec1
そんみん,そ,ん,0,high,news1|nf15
くみたて,く,て,0,high,news1|nf12
げんぎ,げ,ぎ,0,high,news1|nf22
かすか,か,か,0,high,ichi1
ないといけません,な,ん,0,high,spec1
ぷりいつ,ぷ,つ,0,high,gai1
そのうちに,そ,に,0,high,spec1
らんかく,ら,く,0,high,ichi1|news1|nf21
ふりいはんど,ふ,ど,0,high,gai1
あいすほつけえ,あ,え,0,high,gai1
ころらど,こ,ど,0,high,gai1
ざんだか,ざ,か,0,high,ichi1|news1|nf06
ふろうしや,ふ,や,0,high,ichi1|news2|nf39
ていつしゆ,て,ゆ,0,high,gai1|ichi1
やすらぎ,や,ぎ,0,high,news1|nf18
いかにも,い,も,0,high,ichi1
とまどう,と,う,0,high,ichi1|news2|nf41
そせん,そ,ん,0,high,ichi1|news1|nf16
さんふらんしすこ,さ,こ,0,high,gai1
さらに,さ,に,0,high,ichi1|news1|nf18
いいん,い,ん,0,high,ichi1|news1|nf01|nf12
もうしこみ,も,み,0,high,ichi1|news1|nf04
どうし,ど,し,0,high,ichi1|news1|news2|nf01|nf03|nf07|nf33
とりのこす,と,す,0,high,news1|nf13
れべる,れ,る,0,high,gai1|ichi1
よん,よ,ん,0,high,ichi1|news1|nf01
くちきき,く,き,0,high,news1|nf24
しそく,し,く,0,high,news1|nf19
ああす,あ,す,0,high,gai1
げきてき,げ,き,0,high,ichi1|news1|nf10
むきりよく,む,く,0,high,news1|nf23
いんねん,い,ん,0,high,news1|nf17
ぞうさん,ぞ,ん,0,high,news1|nf12
うよく,う,く,0,high,ichi1|news1|nf04
かいぎようい,か,い,0,high,news1|nf16
たは,た,は,0,high,ichi1|news1|nf16|nf17
まんぐろおぶ,ま,ぶ,0,high,gai1
ほうしき,ほ,き,0,high,news1|nf02
いつしゆう,い,う,0,high,ichi1|news1|nf13
さいるい,さ,い,0,high,news1|nf20
がりれお,が,お,0,high,gai1
こさじ,こ,じ,0,high,news1|nf21
ひつしになつて,ひ,て,0,high,spec1
ひきがね,ひ,ね,0,high,ichi1|news1|nf09
ふあつしよ,ふ,よ,0,high,gai1
きのせい,き,い,0,high,spec1
きよか,き,か,0,high,ichi1|news1|nf03
けつ,け,つ,0,high,news1|nf17
あんぴ,あ,ぴ,0,high,ichi1|news1|nf19
しんりやく,し,く,0,high,ichi1|news1|nf05
ゆうむ,ゆ,む,0,high,ichi1|news1|nf07
ふせいみやく,ふ,く,0,high,news1|nf21
くれおそおと,く,と,0,high,gai1
てんおうせい,て,い,0,high,spec1
うまれそだつ,う,つ,0,high,spec1
こうみよう,こ,う,0,high,ichi1|news1|news2|nf15|nf20|nf30
まちどおしい,ま,い,0,high,ichi1|news2|nf30
ふあいあ,ふ,あ,0,high,gai1
やくしや,や,や,0,high,ichi1|news1|nf07|nf18
きんこ,き,こ,0,high,ichi1|news1|nf09|nf13|spec1
せつしよん,せ,ん,0,high,gai1
かさい,か,い,0,high,ichi1|news1|nf05|nf14
ぞくする,ぞ,る,0,high,ichi1|news1|nf11
ふぞく,ふ,く,0,high,ichi1|news1|nf05
ふろおりんぐ,ふ,ぐ,0,high,gai1
ちやんぴおん,ち,ん,0,high,gai1|ichi1
あい,あ,い,0,high,ichi1|news1|nf02|nf18
いく,い,く,0,high,ichi1
しゆうぎよう,し,う,0,high,ichi1|news1|nf05|nf10|nf15
とうせき,と,き,0,high,news1|nf21|nf22|nf24
むほう,む,う,0,high,ichi1|news2|nf25
かいびかえ,か,え,0,high,news1|nf23
べんけい,べ,い,0,high,news1|nf24
えどつこ,え,こ,0,high,news1|nf23
とんにく,と,く,0,high,ichi1|news1|nf17
ひようする,ひ,る,0,high,news1|nf21
とり,と,り,0,high,ichi1|news1|news2|nf04|nf14|nf32|spec1
そうしよく,そ,く,0,high,ichi1|news1|news2|nf11|nf32
たいりく,た,く,0,high,ichi1|news1|nf05
べんむかん,べ,ん,0,high,news1|nf09
ひざ,ひ,ざ,0,high,ichi1|news2|nf27
でんわ,で,わ,0,high,ichi1|news1|nf01
それなら,そ,ら,0,high,ichi1
もくようび,も,び,0,high,ichi1
まちやくば,ま,ば,0,high,news1|nf18
みなり,み,り,0,high,ichi1|news2|nf39
のびのび,の,び,0,high,ichi1|news1|nf23
につしつ,に,つ,0,high,ichi1|news2|nf44
むつかしい,む,い,0,high,ichi1|news1|nf07
がやがや,が,や,0,high,ichi1
らばあ,ら,あ,0,high,gai1
さいばんかん,さ,ん,0,high,news1|nf07
せいけん,せ,ん,0,high,ichi1|news1|nf01|nf20
じようほう,じ,う,0,high,ichi1|news1|nf01|nf11
じんいん,じ,ん,0,high,news1|nf05
はつぽうすちろおる,は,る,0,high,news1|nf20
たたかい,た,い,0,high,ichi1|news1|nf03
ふうじる,ふ,る,0,high,news1|nf21
もうどうけん,も,ん,0,high,news1|nf16
ほうにち,ほ,ち,0,high,news1|nf03
むがい,む,い,0,high,ichi1|news2|nf30
でりか,で,か,0,high,gai1
にほんし,に,し,0,high,spec1
しようこく,し,く,0,high,news1|nf12
ふりつかあ,ふ,あ,0,high,gai1
いえがら,い,ら,0,high,ichi1|news2|nf37
ぎんが,ぎ,が,0,high,ichi1|news1|nf14
ふれつしゆ,ふ,ゆ,0,high,gai1
さんけい,さ,い,0,high,news1|nf23
じえいかん,じ,ん,0,high,news1|nf08
まじる,ま,る,0,high,ichi1|news2|nf34
ゆかい,ゆ,い,0,high,ichi1|news1|nf19
ぞうぜい,ぞ,い,0,high,ichi1|news1|nf04
じゆうりよう,じ,う,0,high,ichi1|news1|nf07|nf10
さんぎようかい,さ,い,0,high,news1|nf06
ひそか,ひ,か,0,high,ichi1
てんけいてき,て,き,0,high,ichi1|news1|nf14
はいち,は,ち,0,high,ichi1|news1|nf08
ばいしよう,ば,う,0,high,ichi1|news1|nf03
かならず,か,ず,0,high,ichi1|news1|nf03
まにあわせる,ま,る,0,high,ichi1|news1|nf20
おやすみなさい,お,い,0,high,ichi1
げんそう,げ,う,0,high,ichi1|news1|nf09
けんせい,け,い,0,high,news1|nf16
いくぶん,い,ん,0,high,ichi1|news2|nf28
らんぷ,ら,ぷ,0,high,gai1
きよたい,き,い,0,high,news1|nf23
みかけ,み,け,0,high,ichi2|news2|nf25|spec1
いけ,い,け,0,high,ichi1|news1|nf05
りむ,り,む,0,high,gai1
ねつき,ね,き,0,high,ichi1|news1|nf09
ところで,と,で,0,high,ichi1
ないかくほうせいきよく,な,く,0,high,news1|nf14
にひやくとおか,に,か,0,high,news1|nf22
べびいかあ,べ,あ,0,high,gai1
しよろう,し,う,0,high,news1|nf24
ぷろんぷたあ,ぷ,あ,0,high,gai1
しげん,し,ん,0,high,ichi1|news1|nf03
さいてい,さ,い,0,high,ichi1|news1|nf03|nf11
ねすごす,ね,す,0,high,ichi1
むくわれる,む,る,0,high,news1|nf20
たてつずけ,た,け,0,high,ichi1|news2|nf25
すぽんじ,す,じ,0,high,gai1
はんとう,は,う,0,high,ichi1|news1|nf06
あやぶむ,あ,む,0,high,news1|nf15
てへらん,て,ん,0,high,gai1
つなわち,つ,ち,0,high,ichi1|news2|nf43
れいぷ,れ,ぷ,0,high,gai1
かんごし,か,し,0,high,spec1
ろんかく,ろ,く,0,high,news1|nf19
しつそく,し,く,0,high,news1|nf22
いみん,い,ん,0,high,ichi1|news1|nf06
のばなし,の,し,0,high,news1|nf19
べえじゆ,べ,ゆ,0,high,gai1
くりすますつりい,く,い,0,high,gai1
いつてん,い,ん,0,high,news1|nf10
さいと,さ,と,0,high,gai1
もざいく,も,く,0,high,gai1
ぱんあめりかにずむ,ぱ,む,0,high,gai1
くらしき,く,き,0,high,news1|nf13
もおたりぜえしよん,も,ん,0,high,gai1
しば,し,ば,0,high,news1|nf05|nf18
きゆうこく,き,く,0,high,news1|nf15
はりつける,は,る,0,high,spec1
ちよき,ち,き,0,high,spec1
きつさ,き,さ,0,high,news1|nf21
しんあい,し,い,0,high,ichi1|news2|nf31
しん,し,ん,0,high,gai1|ichi1|news1|nf01|nf15|nf21
きようげん,き,ん,0,high,news1|nf08
どうが,ど,が,0,high,news1|nf20
こおち,こ,ち,0,high,gai1|ichi1
そうかんかんけい,そ,い,0,high,news1|nf23
せいむじかん,せ,ん,0,high,news1|nf07
わり,わ,り,0,high,ichi1|news1|nf05
ごかん,ご,ん,0,high,news1|nf19
わかわかしい,わ,い,0,high,ichi1|news2|nf31
もよおす,も,す,0,high,ichi1|news1|nf17
りようて,り,て,0,high,ichi1|news1|nf08
しようち,し,ち,0,high,ichi1|news1|nf08|nf11
はんじ,は,じ,0,high,ichi1|news1|nf06
どくそうてき,ど,き,0,high,news1|nf22
ちよく,ち,く,0,high,ichi1|news2|nf36|spec1
ようま,よ,ま,0,high,ichi1|news2|nf32
しゆうちやく,し,く,0,high,ichi1|news1|nf22
やけ,や,け,0,high,ichi1
よたく,よ,く,0,high,news1|nf17
ごえんりよください,ご,い,0,high,spec1
とりぷる,と,る,0,high,gai1
なきがら,な,ら,0,high,ichi1
きようこうさいけつ,き,つ,0,high,news1|nf13
めだりすと,め,と,0,high,gai1
そうだんしよ,そ,よ,0,high,news1|nf15
しわ,し,わ,0,high,ichi1|news2|nf47
みつにゆうごく,み,く,0,high,ichi1|news1|nf22
じやむ,じ,む,0,high,gai1|ichi1
ひとごと,ひ,と,0,high,spec1
ほろぐらふい,ほ,い,0,high,gai1
おびる,お,る,0,high,news1|nf24
けた,け,た,0,high,ichi1|news2|nf44
このほか,こ,か,0,high,spec1
あじのもと,あ,と,0,high,news1|nf23
むつつり,む,り,0,high,ichi1
みきわめる,み,る,0,high,ichi1|news1|nf16
しゆ,し,ゆ,0,high,ichi1|news1|nf19
ねがお,ね,お,0,high,ichi1|news2|nf43
すいしん,す,ん,0,high,ichi1|news1|nf01|nf14
ぜらちん,ぜ,ん,0,high,gai1
なんべん,な,ん,0,high,ichi1
せいぎ,せ,ぎ,0,high,ichi1|news1|nf03
しゆくはく,し,く,0,high,ichi1|news1|nf06
おうじ,お,じ,0,high,ichi1|news1|nf08
しいりんぐ,し,ぐ,0,high,gai1
にわか,に,か,0,high,ichi1|spec2
おろす,お,す,0,high,ichi1|news2|nf36
しようへい,し,い,0,high,news1|nf18
きんむじかん,き,ん,0,high,spec1
ごさん,ご,ん,0,high,news1|nf14
もんく,も,く,0,high,ichi1|news1|nf08
やんきい,や,い,0,high,gai1
かみそり,か,り,0,high,ichi1
にじつせいき,に,き,0,high,news1|nf11
くちぶえ,く,え,0,high,ichi1|news2|nf34
えきでん,え,ん,0,high,news1|nf10
かみすり,か,り,0,high,ichi1
とうめん,と,ん,0,high,news1|nf02
すぽつとらいと,す,と,0,high,gai1
すぱつつ,す,つ,0,high,gai1
とらんじつと,と,と,0,high,gai1
ぜひとも,ぜ,も,0,high,ichi1
くわわる,く,る,0,high,ichi1|news1|nf21
さばく,さ,く,0,high,ichi1|news1|nf06
くつさく,く,く,0,high,news1|nf14
よこもじ,よ,じ,0,high,ichi1|news2|nf30
とれえらあ,と,あ,0,high,gai1
ばあたあ,ば,あ,0,high,gai1
そうぜん,そ,ん,0,high,news1|nf16
のおすかろらいな,の,な,0,high,gai1
しゆたいてき,し,き,0,high,news1|nf18
とばし,と,し,0,high,news1|nf09
こぺるにくす,こ,す,0,high,gai1
しようきよくてき,し,き,0,high,ichi1|news1|nf05
くらす,く,す,0,high,gai1|ichi1|news2|nf39
どそく,ど,く,0,high,ichi1|news2|nf47
ちやぷたあ,ち,あ,0,high,gai1
むち,む,ち,0,high,ichi1|news2|nf26
こうきしん,こ,ん,0,high,ichi1|news1|nf13
かぜ,か,ぜ,0,high,ichi1|news1|nf09
きようぶ,き,ぶ,0,high,news1|nf22
おそおい,お,い,0,high,ichi1|news1|nf18
すな,す,な,0,high,ichi1|news1|nf06
まじめ,ま,め,0,high,ichi1|news2|nf36|spec1
すま,す,ま,0,high,ichi1|news1|nf09
うどん,う,ん,0,high,ichi1
めんたりてい,め,い,0,high,spec1
ひじようぐち,ひ,ち,0,high,ichi1|news2|nf37
ゆうめし,ゆ,し,0,high,ichi1|news2|nf40
それで,そ,で,0,high,ichi1
とくしゆほうじん,と,ん,0,high,news1|nf12
みうごき,み,き,0,high,news1|nf21
ふくむ,ふ,む,0,high,ichi1|news2|nf28
しよき,し,き,0,high,ichi1|news1|nf01|nf06
あどりぶ,あ,ぶ,0,high,gai1
てきしゆつ,て,つ,0,high,news1|nf13|nf20
えきか,え,か,0,high,news1|nf19
ぼく,ぼ,く,0,high,ichi1|news1|nf07
せつけい,せ,い,0,high,ichi1|news1|nf03
ときより,と,り,0,high,ichi1|news1|nf10
ゆうする,ゆ,る,0,high,ichi1|news2|nf25
えをえがく,え,く,0,high,spec1
ぐつたり,ぐ,り,0,high,ichi1
さあかす,さ,す,0,high,gai1
しようだい,し,い,0,high,ichi1|news1|nf05
ちゆうきよう,ち,う,0,high,news1|nf12
こうたい,こ,い,0,high,ichi1|news1|nf03|nf05|nf13
おとこのひと,お,と,0,high,spec1
なんと,な,と,0,high,ichi1|news1|nf09
ねぶる,ね,る,0,high,ichi1|news2|nf39
ますたあど,ま,ど,0,high,gai1
きがえる,き,る,0,high,ichi1|news2|nf26
しとしと,し,と,0,high,ichi1
じはつてき,じ,き,0,high,ichi1|news1|nf14
ぺんしるべにあ,ぺ,あ,0,high,gai1
えじぷと,え,と,0,high,gai1
しやかいてき,し,き,0,high,news1|nf04
ちようはつ,ち,つ,0,high,news1|nf16
とうたつ,と,つ,0,high,ichi1|news1|nf14
かるちやあ,か,あ,0,high,gai1|ichi1
ろんせつ,ろ,つ,0,high,news1|nf11
ほるすたあ,ほ,あ,0,high,gai1
あつけ,あ,け,0,high,ichi1
りゆうどう,り,う,0,high,news1|nf07
じきゆう,じ,う,0,high,ichi1|news1|nf10|nf16|nf24
しゆがあ,し,あ,0,high,gai1
よおぐると,よ,と,0,high,gai1
しこうさくご,し,ご,0,high,ichi1|news1|nf16
もすくわ,も,わ,0,high,gai1
しゆくが,し,が,0,high,news1|nf11
たいは,た,は,0,high,news1|nf22
そこく,そ,く,0,high,news1|nf06
こゆび,こ,び,0,high,ichi1|news1|nf22
ごうかく,ご,く,0,high,ichi1|news1|nf05
はつてんとじようこく,は,く,0,high,ichi1
おおと,お,と,0,high,gai1
すろべにあ,す,あ,0,high,gai1
ふゆ,ふ,ゆ,0,high,ichi1|news1|nf03
りんじん,り,ん,0,high,ichi1|news1|nf15
あくてんこう,あ,う,0,high,news1|nf18
じかつ,じ,つ,0,high,ichi1|news2|nf43
すまない,す,い,0,high,ichi1
ぎようぎ,ぎ,ぎ,0,high,ichi1|news2|nf26
たちあい,た,い,0,high,news1|nf11|nf18|spec1
りびんぐ,り,ぐ,0,high,gai1
くらふと,く,と,0,high,gai1
ひふか,ひ,か,0,high,news1|nf23
かんく,か,く,0,high,news1|nf15
ざつきよ,ざ,よ,0,high,news1|nf24
しやかいじぎよう,し,う,0,high,news1|nf14
じんじや,じ,や,0,high,ichi1|news1|nf05
おいこむ,お,む,0,high,ichi1|news1|nf05
こしよお,こ,お,0,high,ichi1
じよつき,じ,き,0,high,gai1
こたい,こ,い,0,high,ichi1|news1|nf17|nf19
ちようでんどう,ち,う,0,high,news1|nf12|spec1
ふいる,ふ,る,0,high,gai1
ちりじようほうしすてむ,ち,む,0,high,spec1
きよくせつ,き,つ,0,high,news1|nf13
りようじかん,り,ん,0,high,ichi1|news1|nf18
じじ,じ,じ,0,high,ichi1|news1|nf01|nf09
こはく,こ,く,0,high,news2|nf39|spec1
ちやくしゆ,ち,ゆ,0,high,ichi1|news1|nf18
とぴつく,と,く,0,high,gai1
いまどき,い,き,0,high,news2|nf32|spec1
うちけし,う,し,0,high,ichi1|news2|nf39
よほど,よ,ど,0,high,ichi1
みち,み,ち,0,high,ichi1|news1|nf01|nf13|nf24
はいそ,は,そ,0,high,news1|nf16
だいこん,だ,ん,0,high,ichi1|news1|nf21
とうごく,と,く,0,high,news1|nf18
いひよう,い,う,0,high,news1|nf22
えんじる,え,る,0,high,ichi1|news2|nf29
けんせつ,け,つ,0,high,ichi1|news1|nf01
こんぽう,こ,う,0,high,spec1
たもつ,た,つ,0,high,ichi1|news1|nf16
ようしや,よ,や,0,high,ichi1|news1|nf20
くおおと,く,と,0,high,gai1
くがね,く,ね,0,high,ichi1
どちらも,ど,も,0,high,spec1
きゆろつと,き,と,0,high,gai1
ふべん,ふ,ん,0,high,ichi1|news1|nf22
いるみねえしよん,い,ん,0,high,gai1
ちゆうたあ,ち,あ,0,high,gai1
せいさん,せ,ん,0,high,ichi1|news1|news2|nf01|nf08|nf25|nf39
もおたあしよお,も,お,0,high,gai1
きよく,き,く,0,high,ichi1|news1|nf03|nf09
まるく,ま,く,0,high,gai1
わくがい,わ,い,0,high,news1|nf22
いぬ,い,ぬ,0,high,ichi1|news1|nf03|spec1
きりすと,き,と,0,high,gai1|ichi1
ぜんいき,ぜ,き,0,high,news1|nf08
ぷろれたりあ,ぷ,あ,0,high,gai1
むつ,む,つ,0,high,ichi1
けいじ,け,じ,0,high,ichi1|news1|nf04|nf13
ゆうがた,ゆ,た,0,high,ichi1|news1|nf07
しやかいせい,し,い,0,high,news1|nf21
ぞうきん,ぞ,ん,0,high,ichi1
ひこうしき,ひ,き,0,high,news1|nf05
しゆつこう,し,う,0,high,news1|nf10|nf22
こべつほうもん,こ,ん,0,high,news1|nf19
けんきよ,け,よ,0,high,ichi1|news1|nf13|nf14
じえらしい,じ,い,0,high,gai1
ばんざい,ば,い,0,high,ichi1|news1|nf19
おさまる,お,る,0,high,ichi1|news1|news2|nf22|nf46
じゆうしよ,じ,よ,0,high,ichi1|news1|nf03
じつりよく,じ,く,0,high,ichi1|news1|nf02
えいぞく,え,く,0,high,news1|nf22
えきさいと,え,と,0,high,gai1
いすらえる,い,る,0,high,gai1
むえき,む,き,0,high,ichi1|news2|nf41
まよい,ま,い,0,high,news1|nf14
ふよう,ふ,う,0,high,ichi1|news1|nf07|nf10|nf16
こんらん,こ,ん,0,high,ichi1|news1|nf02
ぺんだんと,ぺ,と,0,high,gai1
けんきゆうかん,け,ん,0,high,news1|nf22
ふえろおしつぷ,ふ,ぷ,0,high,gai1
どうかん,ど,ん,0,high,ichi1|news1|nf17
ふごうかく,ふ,く,0,high,ichi1|news1|nf15
ながもち,な,ち,0,high,ichi1|news1|nf22
いこい,い,い,0,high,ichi1|news1|nf24
とうにゆう,と,う,0,high,news1|news2|nf11|nf43|spec1
ふいるたあ,ふ,あ,0,high,gai1
めいめい,め,い,0,high,ichi1|news1|nf17
おめでとう,お,う,0,high,ichi1
ちしゆ,ち,ゆ,0,high,ichi1|news2|nf37
ほんもの,ほ,の,0,high,ichi1|news1|nf06
ごけん,ご,ん,0,high,news1|nf06
うえいと,う,と,0,high,spec1
ほげい,ほ,い,0,high,news1|nf06
ちゆうせい,ち,い,0,high,ichi1|news1|news2|nf10|nf17|nf27
ろおる,ろ,る,0,high,gai1
てくにつく,て,く,0,high,gai1|ichi1
だんじよう,だ,う,0,high,news1|nf17
とえい,と,い,0,high,news1|nf14
しくみ,し,み,0,high,ichi1|news1|nf03
むうでいい,む,い,0,high,gai1
ばしゆ,ば,ゆ,0,high,news1|nf23
けぶり,け,り,0,high,ichi1|news1|nf07
やきん,や,ん,0,high,news1|nf17
しようべん,し,ん,0,high,ichi1|news2|nf43
いおん,い,ん,0,high,gai1
しようげん,し,ん,0,high,news1|nf03
たいどう,た,う,0,high,news1|nf16
おちこむ,お,む,0,high,ichi1|news1|nf12
りゆうちじよう,り,う,0,high,news1|nf21
ぎやくふう,ぎ,う,0,high,news1|nf11
ひらひら,ひ,ら,0,high,ichi1
ばいたりてい,ば,い,0,high,gai1
みんしゆく,み,く,0,high,news1|nf20
しんぱい,し,い,0,high,ichi1|news1|nf04
ひろびろ,ひ,ろ,0,high,spec1
かいがいしゆつちよう,か,う,0,high,spec1
どもる,ど,る,0,high,ichi1
しや,し,や,0,high,ichi1|news1|nf05|nf09
かえりざき,か,き,0,high,news1|nf20
かいへいたい,か,い,0,high,news1|nf12
ひとあし,ひ,し,0,high,ichi1
でんりゆう,で,う,0,high,ichi1|news1|nf15
こおなりんぐ,こ,ぐ,0,high,gai1
じんぞう,じ,う,0,high,ichi1|news1|news2|nf13|nf35
たいき,た,き,0,high,ichi1|news1|nf05|nf13
もちかえり,も,り,0,high,news1|nf19
ひとりつこ,ひ,こ,0,high,news1|nf19
いつかん,い,ん,0,high,news1|nf04|nf15
おらあ,お,あ,0,high,ichi1|news1|nf12
だいほん,だ,ん,0,high,news1|nf11
しゆつらい,し,い,0,high,news1|nf09
おんらいん,お,ん,0,high,gai1
げつめん,げ,ん,0,high,news1|nf22
いけばな,い,な,0,high,ichi1|news2|nf25
あんけえと,あ,と,0,high,gai1|ichi1
だいしんさい,だ,い,0,high,news1|nf15
いちなん,い,ん,0,high,news1|nf15
きずかい,き,い,0,high,news1|nf24
てりとりい,て,い,0,high,gai1
こゆう,こ,う,0,high,ichi1|news1|nf09
ろうじんせい,ろ,い,0,high,news1|nf24
すいじようき,す,き,0,high,ichi1|news1|nf22
さすぺんしよん,さ,ん,0,high,gai1
ふちゆうい,ふ,い,0,high,ichi1|news2|nf28
おきな,お,な,0,high,news1|nf16
さいじよう,さ,う,0,high,ichi1|news1|nf07|nf13
ぱすけえす,ぱ,す,0,high,spec1
らあにんぐ,ら,ぐ,0,high,gai1
ねえさん,ね,ん,0,high,ichi1|news2|nf25
まえび,ま,び,0,high,news1|nf02
まつしろ,ま,ろ,0,high,ichi1|news1|nf15
けんぶん,け,ん,0,high,ichi1|news2|nf28
どくやく,ど,く,0,high,ichi1|news2|nf35
かんげき,か,き,0,high,ichi1|news1|nf12|nf24
しよくざい,し,い,0,high,spec1
じかに,じ,に,0,high,ichi1
わいろ,わ,ろ,0,high,ichi1|news2|nf36
ひごろ,ひ,ろ,0,high,ichi1|news1|nf08
わりと,わ,と,0,high,spec1
さいせいき,さ,き,0,high,news1|nf15
てつどう,て,う,0,high,ichi1|news1|nf03
そうほんざん,そ,ん,0,high,news1|nf17
ぱんだ,ぱ,だ,0,high,gai1|ichi1
うりこむ,う,む,0,high,ichi1|news2|nf40
みあわせる,み,る,0,high,ichi1|news2|nf31
おいたち,お,ち,0,high,ichi1|news1|nf22
さきごろ,さ,ろ,0,high,ichi1
じつきよう,じ,う,0,high,ichi1|news1|nf17
すいじゆん,す,ん,0,high,ichi1|news1|nf02
じよう,じ,う,0,high,ichi1|news1|nf10|nf16|nf23
べえこん,べ,ん,0,high,gai1
つかいみち,つ,ち,0,high,ichi1|news1|nf19
りま,り,ま,0,high,gai1
べきではない,べ,い,0,high,spec1
いきじ,い,じ,0,high,ichi1|news2|nf42
まんねり,ま,り,0,high,gai1
へんせい,へ,い,0,high,ichi1|news1|nf02
らんぐ,ら,ぐ,0,high,gai1
ぶとう,ぶ,う,0,high,ichi1|news1|nf16
いんでつくす,い,す,0,high,gai1
かたしき,か,き,0,high,news1|nf24
くうぽん,く,ん,0,high,gai1
しようばい,し,い,0,high,ichi1|news1|nf06
ねずみ,ね,み,0,high,ichi1|news2|nf37|spec1
まことに,ま,に,0,high,ichi1|news1|nf09
じゆうてんてき,じ,き,0,high,news1|nf16
せんすい,せ,い,0,high,news1|nf19
くちけんか,く,か,0,high,ichi1
せいかつひ,せ,ひ,0,high,spec1
うれすじらんきんぐ,う,ぐ,0,high,spec1
かうちぽてと,か,と,0,high,gai1
だれも,だ,も,0,high,spec1
といつても,と,も,0,high,spec1
としよしつ,と,つ,0,high,ichi1
こくどう,こ,う,0,high,ichi1|news1|nf07
たおれる,た,る,0,high,ichi1|news1|nf10
ぜいいん,ぜ,ん,0,high,ichi1|news1|nf02
こうく,こ,く,0,high,news1|nf21
はんばいいん,は,ん,0,high,spec1
ひようめん,ひ,ん,0,high,ichi1|news1|nf04
にき,に,き,0,high,news1|nf11
ねぼう,ね,う,0,high,ichi1
むしかく,む,く,0,high,news1|nf23
はんぐ,は,ぐ,0,high,gai1
じつかん,じ,ん,0,high,ichi1|news1|nf08
いちぐん,い,ん,0,high,news1|nf11
しない,し,い,0,high,ichi1|news1|nf01
ねこじた,ね,た,0,high,ichi1
ざつとう,ざ,う,0,high,ichi1|news2|nf26
るうれつと,る,と,0,high,gai1
ともあれ,と,れ,0,high,spec1
ていじせい,て,い,0,high,news1|nf18
こうそく,こ,く,0,high,ichi1|news1|nf06|nf08|nf10|spec1
ひよう,ひ,う,0,high,ichi1|news1|nf02|nf06|nf17|nf20
なる,な,る,0,high,ichi1|news1|news2|nf07|nf34|nf41
しおくり,し,り,0,high,ichi1|news1|nf24
たんきだいがく,た,く,0,high,ichi1|news1|nf23
ばちがい,ば,い,0,high,ichi1
せきじよう,せ,う,0,high,ichi1|news1|nf06
とく,と,く,0,high,ichi1|news1|nf12|spec1
ぞうしよく,ぞ,く,0,high,news1|nf07
いしきちようさ,い,さ,0,high,spec1
なにやら,な,ら,0,high,news1|nf22
おなか,お,か,0,high,ichi1
げつか,げ,か,0,high,news1|nf10
えすにつく,え,く,0,high,gai1
きてい,き,い,0,high,ichi1|news1|nf03|nf19|nf24
うん,う,ん,0,high,ichi1|news1|nf09|spec1
くし,く,し,0,high,ichi1|news1|news2|nf08|nf28
ひつしよう,ひ,う,0,high,news1|nf17
はばむ,は,む,0,high,ichi1|news1|nf13
どうじだい,ど,い,0,high,news1|nf16
へんか,へ,か,0,high,ichi1|news1|nf01
さがり,さ,り,0,high,ichi1|news2|nf25
そつか,そ,か,0,high,spec1
につぽん,に,ん,0,high,news2|nf25|spec1
そる,そ,る,0,high,ichi1
はさみ,は,み,0,high,ichi1
ぶんさん,ぶ,ん,0,high,ichi1|news1|nf11
びじゆつ,び,つ,0,high,ichi1|news1|nf02
てつたい,て,い,0,high,news1|nf02
そつこうじよ,そ,よ,0,high,news1|nf20
かぶつ,か,つ,0,high,ichi1|news1|nf06|nf09
げんりよう,げ,う,0,high,ichi1|news1|nf07|nf12
つめきり,つ,り,0,high,ichi1
こきやく,こ,く,0,high,ichi1|news1|nf04
ほむら,ほ,ら,0,high,ichi1|news1|nf11
せんこく,せ,く,0,high,ichi1|news1|nf14
けいぞく,け,く,0,high,ichi1|news1|nf03
せしうむ,せ,む,0,high,gai1
りようかい,り,い,0,high,ichi1|news1|nf07|nf13
とおん,と,ん,0,high,gai1
たいきよ,た,よ,0,high,news1|nf13
かれる,か,る,0,high,ichi1|news1|nf23
どおり,ど,り,0,high,ichi1|news1|nf05
しようかい,し,い,0,high,ichi1|news1|nf05|nf19|nf23
しよくもつ,し,つ,0,high,ichi1|news1|nf11
ちいふ,ち,ふ,0,high,gai1
あつめる,あ,る,0,high,ichi1|news1|nf07
どあい,ど,い,0,high,ichi1|news1|nf11
ぺんくらぶ,ぺ,ぶ,0,high,gai1
ひろまる,ひ,る,0,high,ichi1|news1|nf20
ふふく,ふ,く,0,high,ichi1|news1|nf10
ちじめる,ち,る,0,high,ichi1
えすてる,え,る,0,high,gai1
つかいずて,つ,て,0,high,ichi1|news1|nf17
かんでんち,か,ち,0,high,ichi1|news1|nf17
えいたんご,え,ご,0,high,spec1
ていきゆうび,て,び,0,high,ichi1|news2|nf39
たいげえむ,た,む,0,high,gai1
めいもん,め,ん,0,high,ichi1|news1|nf09
もおる,も,る,0,high,gai1
みねらる,み,る,0,high,gai1
めつか,め,か,0,high,gai1
びいだま,び,ま,0,high,spec1
ほうき,ほ,き,0,high,ichi1|news1|nf09|nf11
そとかべ,そ,べ,0,high,news1|nf13
せんたくもの,せ,の,0,high,spec1
しんぞうびよう,し,う,0,high,news1|nf12
ほこう,ほ,う,0,high,news1|nf10
こしよう,こ,う,0,high,ichi1|news1|nf05|nf16|nf20|spec1
とんかつ,と,つ,0,high,ichi1
えらい,え,い,0,high,ichi1|news2|nf36
まいなす,ま,す,0,high,gai1|ichi1
じゆうやく,じ,く,0,high,ichi1|news1|nf17
こきゆう,こ,う,0,high,ichi1|news1|nf05
たたかう,た,う,0,high,ichi1|news1|nf19
たいいくかん,た,ん,0,high,spec1
あんこく,あ,く,0,high,news1|nf20
いとなむ,い,む,0,high,ichi1|news1|nf20
げいりぶ,げ,ぶ,0,high,gai1
ぎいん,ぎ,ん,0,high,ichi1|news1|nf01|nf11
あかい,あ,い,0,high,ichi1|news1|nf15
ふひよう,ふ,う,0,high,news1|nf22
ぶりゆつせる,ぶ,る,0,high,gai1
したて,し,て,0,high,ichi1|news1|nf17
きゆうは,き,は,0,high,news1|nf20
でしべる,で,る,0,high,gai1
すりる,す,る,0,high,gai1|ichi1
けんしゆつ,け,つ,0,high,news1|nf17
げんき,げ,き,0,high,ichi1|news1|nf06
ぷれいりすと,ぷ,と,0,high,spec1
けつせん,け,ん,0,high,news1|nf11
りようりつ,り,つ,0,high,ichi1|news1|nf16
ちなみに,ち,に,0,high,spec1
るいじ,る,じ,0,high,ichi1|news1|nf14
せちがい,せ,い,0,high,news1|nf07
いじめ,い,め,0,high,ichi1|spec1
ぱれつと,ぱ,と,0,high,gai1
ぴあす,ぴ,す,0,high,gai1
もでるけえす,も,す,0,high,gai1
ばりあ,ば,あ,0,high,gai1
てんばい,て,い,0,high,news1|nf18
くらべ,く,べ,0,high,news1|nf13
すぽおく,す,く,0,high,gai1
ぶらぼお,ぶ,お,0,high,gai1
よぎない,よ,い,0,high,news1|nf08
べんめい,べ,い,0,high,ichi1|news1|nf19
ぼんねつと,ぼ,と,0,high,gai1
せんぱつ,せ,つ,0,high,news1|nf03
さする,さ,る,0,high,ichi1
こてさき,こ,き,0,high,news1|nf21
きやんばす,き,す,0,high,gai1
ふりこみ,ふ,み,0,high,news1|nf15|spec1
おととい,お,い,0,high,ichi1|news2|nf40
はかり,は,り,0,high,ichi1
うしろむき,う,き,0,high,ichi1|news1|nf21
うらめん,う,ん,0,high,news1|nf19
とつぷ,と,ぷ,0,high,gai1|ichi1
がい,が,い,0,high,gai1|ichi1|news1|nf17|spec1
おそい,お,い,0,high,ichi1|news1|nf18
りようじつ,り,つ,0,high,news1|nf04
たふ,た,ふ,0,high,gai1
にぶい,に,い,0,high,ichi1|news2|nf30
おにがみ,お,み,0,high,ichi1
きんきより,き,り,0,high,ichi1|news1|nf22
ぶかぶか,ぶ,か,0,high,ichi1
こうばいりよく,こ,く,0,high,news1|nf17
じゆねえぶ,じ,ぶ,0,high,gai1
こうちよう,こ,う,0,high,ichi1|news1|nf03|nf22
きわだつ,き,つ,0,high,ichi1|news1|nf20
どうもありがとう,ど,う,0,high,ichi1
でいすくろおじやあ,で,あ,0,high,gai1
まんねん,ま,ん,0,high,news1|nf21
あるじ,あ,じ,0,high,ichi1
とじようこく,と,く,0,high,news1|nf03
ふりつけ,ふ,け,0,high,news1|news2|nf19|nf37
りいち,り,ち,0,high,gai1
はんとし,は,し,0,high,ichi1|news1|nf04
ぜんせん,ぜ,ん,0,high,news1|nf08|nf20|nf23
おもてなし,お,し,0,high,spec1
いつたん,い,ん,0,high,ichi1|news1|nf11
しようこう,し,う,0,high,ichi1|news1|nf07|nf10|nf22|nf24
ひれつ,ひ,つ,0,high,ichi1|news2|nf25
みどるほおる,み,る,0,high,gai1
すいちよく,す,く,0,high,ichi1|news1|nf18
ゆうこく,ゆ,く,0,high,news1|nf22
じゆえりい,じ,い,0,high,gai1
さいしよ,さ,よ,0,high,ichi1|news1|nf01
ぺんき,ぺ,き,0,high,gai1|ichi1
のせる,の,る,0,high,ichi1|news1|nf11
しか,し,か,0,high,ichi1|news1|nf10|nf12|nf20|nf21|spec1
ねんりき,ね,き,0,high,ichi1
ねんさん,ね,ん,0,high,news1|nf11
えきちよう,え,う,0,high,ichi1|news2|nf32
くろけむり,く,り,0,high,news1|nf19
こま,こ,ま,0,high,gai1|ichi1|news1|nf07
えろす,え,す,0,high,gai1
こんぴゆうたあ,こ,あ,0,high,gai1|ichi1
うずうず,う,ず,0,high,ichi1
げか,げ,か,0,high,ichi1|news1|nf07
なかみ,な,み,0,high,ichi1|news1|nf04
よこしま,よ,ま,0,high,news1|nf17
ながさ,な,さ,0,high,ichi1|news1|nf07
しけんじよう,し,う,0,high,news1|nf17
みぎあし,み,し,0,high,spec1
こつかいぎいん,こ,ん,0,high,news1|nf02
とうふ,と,ふ,0,high,ichi1|news1|nf14
かあちえいす,か,す,0,high,gai1
じゆうぎよういん,じ,ん,0,high,ichi1|news1|nf03
さんだい,さ,い,0,high,news1|nf17
すぺしやりすと,す,と,0,high,gai1
ひかえしつ,ひ,つ,0,high,ichi1|news1|nf13
るうふ,る,ふ,0,high,gai1
えんぽう,え,う,0,high,ichi1|news2|nf27
いちばんて,い,て,0,high,news1|nf22
しよかい,し,い,0,high,news1|nf13
かいぎしつ,か,つ,0,high,news1|nf08
そおゆう,そ,う,0,high,spec1
ついちよう,つ,う,0,high,news1|nf11
だけつ,だ,つ,0,high,ichi1|news1|nf11
はつもうで,は,で,0,high,ichi2|spec1
ふけつ,ふ,つ,0,high,ichi1|news2|nf30
けんじゆう,け,う,0,high,news2|nf37|spec1
ぼすとん,ぼ,ん,0,high,gai1
どこ,ど,こ,0,high,ichi1|news2|nf47
きんしほう,き,う,0,high,news1|nf09
ぬま,ぬ,ま,0,high,ichi1|news1|nf10
ふへんてき,ふ,き,0,high,news1|nf15
えばる,え,る,0,high,ichi1|news2|nf45
こばむ,こ,む,0,high,ichi1|news2|nf31
れじすたんす,れ,す,0,high,gai1
しゆそく,し,く,0,high,ichi1|news1|nf09
むすぶ,む,ぶ,0,high,ichi1|news1|nf08
がいじゆ,が,ゆ,0,high,news1|nf23
よほう,よ,う,0,high,ichi1|news1|nf07|nf11
たにん,た,ん,0,high,ichi1|news1|nf05
きやんぺえん,き,ん,0,high,gai1
べるもつと,べ,と,0,high,gai1
こうこう,こ,う,0,high,ichi1|news1|nf01|nf12|nf13
きよくちよう,き,う,0,high,news1|nf02
しま,し,ま,0,high,ichi1|news1|news2|nf02|nf32
かりよく,か,く,0,high,ichi1|news1|nf12
だんがい,だ,い,0,high,news1|nf17
かくすう,か,う,0,high,ichi1|news2|nf47
かつしよく,か,く,0,high,news1|nf20
さいく,さ,く,0,high,ichi1|news1|nf14
せいかい,せ,い,0,high,ichi1|news1|nf01|nf16
ふうりよく,ふ,く,0,high,ichi1|news1|nf21
ほうふく,ほ,く,0,high,news1|nf07
とは,と,は,0,high,spec1
へつじ,へ,じ,0,high,gai1
こつかしけん,こ,ん,0,high,news1|nf16
しんどう,し,う,0,high,ichi1|news1|nf11|nf19|nf21
ほころびる,ほ,る,0,high,ichi1
かめ,か,め,0,high,ichi1|news1|nf11|spec1
くつし,く,し,0,high,news1|nf14
こんにちは,こ,は,0,high,ichi1
みごと,み,と,0,high,ichi1|news1|nf05
ろおぷ,ろ,ぷ,0,high,gai1|ichi1
しつてん,し,ん,0,high,news1|nf04
とらんぺつと,と,と,0,high,gai1
ゆでる,ゆ,る,0,high,ichi1
ざいだんほうじん,ざ,ん,0,high,news1|nf05
よりすぐり,よ,り,0,high,spec1
やくめ,や,め,0,high,ichi1|news1|nf10
とりこむ,と,む,0,high,ichi1|news1|nf21
ぐんぞう,ぐ,う,0,high,news1|nf20
はろお,は,お,0,high,gai1
ものたりない,も,い,0,high,ichi1|news2|nf28
まんぱわあ,ま,あ,0,high,gai1
すいさんぎよう,す,う,0,high,news1|nf22
ぶろぐ,ぶ,ぐ,0,high,gai1
いあん,い,ん,0,high,news1|nf03
とりけし,と,し,0,high,ichi1|news1|nf07
まぐねつと,ま,と,0,high,gai1
さあもん,さ,ん,0,high,gai1
だいどう,だ,う,0,high,news1|nf16|nf23
よじ,よ,じ,0,high,spec1
たあぼ,た,ぼ,0,high,gai1
さんぽ,さ,ぽ,0,high,ichi1|news1|nf10
ぱびりおん,ぱ,ん,0,high,gai1
さいけいこく,さ,く,0,high,news1|nf11
おいぬ,お,ぬ,0,high,news1|nf19
がいめん,が,ん,0,high,ichi1|news2|nf38
あたい,あ,い,0,high,ichi1|news1|nf07
るうていん,る,ん,0,high,gai1
もとも,も,も,0,high,ichi1|news1|nf01
きんき,き,き,0,high,news1|nf07
ばあべる,ば,る,0,high,gai1
むちつじよ,む,よ,0,high,news1|nf24
につぽんいち,に,ち,0,high,news1|nf06
ふれあう,ふ,う,0,high,ichi1|news2|nf43
かんたあた,か,た,0,high,gai1
のおと,の,と,0,high,gai1|ichi1
ちかつて,ち,て,0,high,news1|nf14
わいん,わ,ん,0,high,gai1|ichi1
きりしたん,き,ん,0,high,gai1
はしる,は,る,0,high,ichi1|news1|nf10
ふつしよく,ふ,く,0,high,news2|nf26|spec1
じようしゆう,じ,う,0,high,news1|nf24
はかりしれない,は,い,0,high,news1|nf18
いたむ,い,む,0,high,ichi1|news2|nf41|nf43|nf44
ごとし,ご,し,0,high,ichi1
くらんくいん,く,ん,0,high,gai1
りれきしよ,り,よ,0,high,ichi1|news1|nf21
ていはく,て,く,0,high,news1|nf22
ちよくぜん,ち,ん,0,high,ichi1|news1|nf02
わつと,わ,と,0,high,gai1|ichi1
ぴいく,ぴ,く,0,high,gai1|ichi1
かいしめる,か,る,0,high,ichi1|news1|nf20
ぞくへん,ぞ,ん,0,high,news1|nf18
どうこく,ど,く,0,high,news1|nf02
しらずしらず,し,ず,0,high,ichi1
すみません,す,ん,0,high,ichi1
だありん,だ,ん,0,high,gai1
たれんと,た,と,0,high,gai1|ichi1
ちようきより,ち,り,0,high,news1|nf07
しんぐるす,し,す,0,high,gai1
よこせん,よ,ん,0,high,news1|nf23
とうそう,と,う,0,high,ichi1|news1|nf04|nf15
あんに,あ,に,0,high,news1|nf13
かわいい,か,い,0,high,ichi1|news2|nf32
こんびにえんす,こ,す,0,high,gai1
やみ,や,み,0,high,ichi1|news1|nf13
きじゆん,き,ん,0,high,ichi1|news1|nf01
りんち,り,ち,0,high,gai1
ねんかい,ね,い,0,high,news1|nf20
ろうどうしよう,ろ,う,0,high,news1|nf05
てもち,て,ち,0,high,news1|nf14
いしずえ,い,え,0,high,news1|nf22
ごかく,ご,く,0,high,news1|nf13
つる,つ,る,0,high,ichi1|news1|news2|nf07|nf18|nf35
さんじかん,さ,ん,0,high,news1|nf12
ゆうだち,ゆ,ち,0,high,ichi1|news2|nf40
あるこおる,あ,る,0,high,gai1|ichi1
だんだん,だ,ん,0,high,ichi1|news2|nf38
ずし,ず,し,0,high,ichi1
げんせい,げ,い,0,high,news1|nf19
はたき,は,き,0,high,ichi1
すぴいかあ,す,あ,0,high,gai1|ichi1
きみ,き,み,0,high,ichi1|news1|nf08
ひつこむ,ひ,む,0,high,ichi1|news2|nf44
じやず,じ,ず,0,high,gai1|ichi1
せきしつ,せ,つ,0,high,news1|nf23
わいどしよお,わ,お,0,high,gai1
きんがん,き,ん,0,high,ichi1
きつくぼくしんぐ,き,ぐ,0,high,gai1
すぐれる,す,る,0,high,ichi1
むすたんぐ,む,ぐ,0,high,gai1
せんせえしよなる,せ,る,0,high,gai1
しいれる,し,る,0,high,ichi1|news2|nf28
せがたかい,せ,い,0,high,spec1
いんすう,い,う,0,high,news1|nf19
きんしゆく,き,く,0,high,news1|nf16
かくこく,か,く,0,high,ichi1
いちげつ,い,つ,0,high,spec1
ほうがい,ほ,い,0,high,ichi1|news2|nf30
ぎれい,ぎ,い,0,high,ichi1|news1|nf16
せいさい,せ,い,0,high,ichi1|news1|nf02|nf17
おぺら,お,ら,0,high,gai1
さんぶつ,さ,つ,0,high,ichi1|news1|nf13
すわる,す,る,0,high,ichi1|news2|nf25
ためし,た,し,0,high,ichi1|news1|nf24
ぶどう,ぶ,う,0,high,ichi1|news1|news2|nf11|nf46
がくいん,が,ん,0,high,news1|nf04
べる,べ,る,0,high,gai1|ichi1
ゆげ,ゆ,げ,0,high,ichi1|news2|nf33
ぶつぱん,ぶ,ん,0,high,spec1
かれん,か,ん,0,high,news2|nf40|spec1
ころん,こ,ん,0,high,gai1
たすく,た,く,0,high,gai1
じよおかあ,じ,あ,0,high,gai1
しんし,し,し,0,high,ichi1|news1|nf05|nf09|nf20|nf23
よめ,よ,め,0,high,ichi1|news1|nf09
しよせん,し,ん,0,high,news1|nf06|spec1
もおたあ,も,あ,0,high,gai1|ichi1
びか,び,か,0,high,ichi1|news2|nf29
でいりぐち,で,ち,0,high,ichi1|news1|nf18
さくひん,さ,ん,0,high,ichi1|news1|nf01
あざやか,あ,か,0,high,ichi1|news1|nf07
ほつし,ほ,し,0,high,news1|nf24
じつぎよう,じ,う,0,high,news1|nf09
ふらんちやいず,ふ,ず,0,high,gai1
なのです,な,す,0,high,spec1
ひがいしや,ひ,や,0,high,news1|nf04
あてな,あ,な,0,high,ichi1
かげのないかく,か,く,0,high,news1|nf14
えこのみい,え,い,0,high,gai1
てきしつ,て,つ,0,high,news1|nf11
かねる,か,る,0,high,ichi1|news1|nf23
せかいてき,せ,き,0,high,news1|nf04
かしこい,か,い,0,high,ichi1|news2|nf30
ぞおん,ぞ,ん,0,high,gai1
どぼく,ど,く,0,high,news1|nf07
しつれい,し,い,0,high,ichi1|news2|nf31
ねいき,ね,き,0,high,ichi1
すみここち,す,ち,0,high,news1|nf06
たいむ,た,む,0,high,gai1|ichi1
とう,と,う,0,high,ichi1|news1|nf02|nf07|nf12
そのうち,そ,ち,0,high,ichi1
ぎむ,ぎ,む,0,high,ichi1|news1|nf03
きこう,き,う,0,high,ichi1|news1|nf01|nf08|nf16|nf17|nf24
けねん,け,ん,0,high,ichi1|news1|nf02
けついん,け,ん,0,high,news1|nf16
くさ,く,さ,0,high,ichi1|news1|nf06
ので,の,で,0,high,spec1
じよえん,じ,ん,0,high,news1|nf21
こうふん,こ,ん,0,high,ichi1|news1|nf11
なぞ,な,ぞ,0,high,ichi1|news1|nf14
ぷれすせんたあ,ぷ,あ,0,high,gai1
けしいん,け,ん,0,high,ichi1|news1|nf07
まき,ま,き,0,high,news1|nf20|nf21
きよしつ,き,つ,0,high,news1|nf24
しやさつ,し,つ,0,high,news1|nf13
くうゆ,く,ゆ,0,high,news1|nf17
さらうんど,さ,ど,0,high,gai1
つら,つ,ら,0,high,ichi1|news1|nf02
めんせつ,め,つ,0,high,ichi1|news1|nf07
じつわ,じ,わ,0,high,ichi1|news2|nf29
ちようとうは,ち,は,0,high,news1|nf11
しんなあ,し,あ,0,high,gai1
かんけいしや,か,や,0,high,news1|nf01
かつそう,か,う,0,high,news1|nf08
ひつぴい,ひ,い,0,high,gai1
がすたあびん,が,ん,0,high,gai1
ふんじん,ふ,ん,0,high,news1|nf22
けえす,け,す,0,high,gai1|ichi1
むせん,む,ん,0,high,ichi1|news1|nf06
げんこう,げ,う,0,high,ichi1|news1|nf02|nf06
たいめん,た,ん,0,high,news1|nf14
うらかた,う,た,0,high,news1|nf17
かわいそう,か,う,0,high,ichi1|news1|nf23|spec1
ぱんこ,ぱ,こ,0,high,spec1
かいはつぶ,か,ぶ,0,high,news1|nf18
ますます,ま,す,0,high,ichi1
とつじよ,と,よ,0,high,ichi1|news2|nf27
だかい,だ,い,0,high,news1|nf06
ありがとうございます,あ,す,0,high,spec1
げんかい,げ,い,0,high,ichi1|news1|nf04
いつち,い,ち,0,high,ichi1|news1|nf04
しつかん,し,ん,0,high,news1|nf07
ふざいしやとうひよう,ふ,う,0,high,news1|nf24
かつこう,か,う,0,high,ichi1|news1|nf04|nf14
ねらい,ね,い,0,high,ichi1|news1|nf02
ぼおとぴいぷる,ぼ,る,0,high,gai1
すねえく,す,く,0,high,gai1
つぶ,つ,ぶ,0,high,ichi1|news1|nf10
じんこう,じ,う,0,high,ichi1|news1|nf01|nf05
のうそん,の,ん,0,high,ichi1|news1|nf04
げんすいばく,げ,く,0,high,news1|nf21
しせい,し,い,0,high,ichi1|news1|nf01|nf14|nf17
すくい,す,い,0,high,ichi1|news1|nf14
てんざい,て,い,0,high,news1|nf17
ぼんど,ぼ,ど,0,high,gai1
もよおし,も,し,0,high,ichi1|news1|nf11
がくしゆう,が,う,0,high,ichi1|news1|nf03
いちざ,い,ざ,0,high,news1|nf19
みにでいすく,み,く,0,high,gai1
なりきん,な,ん,0,high,news1|nf10
ちゆうい,ち,い,0,high,ichi1|news1|nf04|nf23
こうぎよ,こ,よ,0,high,news1|nf07
つまんない,つ,い,0,high,spec1
えんぶ,え,ぶ,0,high,news1|nf21
でめりつと,で,と,0,high,gai1
ろうどうとう,ろ,う,0,high,news1|nf05
りぷらい,り,い,0,high,gai1
へいおん,へ,ん,0,high,ichi1|news1|nf14
こまかい,こ,い,0,high,ichi1|news1|nf09
ひつじゆひん,ひ,ん,0,high,ichi1
でいすぷれえ,で,え,0,high,gai1
ならびかえる,な,る,0,high,spec1
むすこ,む,こ,0,high,ichi1|news1|nf03
はるあき,は,き,0,high,news1|nf12
たてがき,た,き,0,high,ichi1|news2|nf30
ねばりずよい,ね,い,0,high,news1|nf15
ふあいばあ,ふ,あ,0,high,gai1
やくにたつ,や,つ,0,high,ichi1|news1|nf23
でびゆう,で,う,0,high,gai1
じやぶ,じ,ぶ,0,high,gai1
こばるとぶるう,こ,う,0,high,gai1
あかしんごう,あ,う,0,high,news1|nf18
できるだけはやく,で,く,0,high,spec1
すぱい,す,い,0,high,gai1|ichi1
ていんぱに,て,に,0,high,gai1
いぶん,い,ん,0,high,news1|nf16
つやつや,つ,や,0,high,ichi1
ほおむ,ほ,む,0,high,gai1|ichi1
じむかん,じ,ん,0,high,news1|nf22
れいがい,れ,い,0,high,ichi1|news1|nf05|nf13
ばいしん,ば,ん,0,high,news1|nf11
むのう,む,う,0,high,ichi1|news2|nf30
よびな,よ,な,0,high,ichi1|news1|nf23
しも,し,も,0,high,ichi1|news2|nf25
ひけめ,ひ,め,0,high,ichi1|news2|nf47
つるつる,つ,る,0,high,ichi1
なんてん,な,ん,0,high,ichi1|news1|nf16
げんじ,げ,じ,0,high,news1|nf13
だて,だ,て,0,high,news1|nf11
たがやす,た,す,0,high,ichi1|news2|nf33
でまえ,で,え,0,high,ichi1|news1|nf20
ぶんきてん,ぶ,ん,0,high,news1|nf19
なんだか,な,か,0,high,ichi1|news1|nf19
しようが,し,が,0,high,spec1
ぎやくこうか,ぎ,か,0,high,ichi1|news1|nf21
ふるさと,ふ,と,0,high,ichi1|news1|nf06
しはいてき,し,き,0,high,news1|nf14
じようじ,じ,じ,0,high,news1|nf12
かけごえ,か,え,0,high,news1|nf15
ぎようしゆ,ぎ,ゆ,0,high,news1|nf06
りようど,り,ど,0,high,ichi1|news1|nf01
れんらく,れ,く,0,high,ichi1|news1|nf02
さいてき,さ,き,0,high,ichi1|news1|nf10
はいそう,は,う,0,high,news1|nf16
ええ,え,え,0,high,ichi1
ですので,で,で,0,high,spec1
にげきる,に,る,0,high,news1|nf24
ざいせき,ざ,き,0,high,ichi1|news1|nf20
ごむ,ご,む,0,high,gai1|ichi1
こんち,こ,ち,0,high,ichi1|news1|nf02
ひようじよう,ひ,う,0,high,ichi1|news1|nf02
そつと,そ,と,0,high,ichi1
ぶんがくしや,ぶ,や,0,high,ichi1|news1|nf15
つうしんもう,つ,う,0,high,news1|nf12
じみち,じ,ち,0,high,news1|nf11
ちちくび,ち,び,0,high,news2|nf42|spec1
ろんどん,ろ,ん,0,high,gai1
ゆるやか,ゆ,か,0,high,ichi1|news1|nf08
ゆうち,ゆ,ち,0,high,news1|nf09
せんもんがつこう,せ,う,0,high,news1|nf08
てろりすと,て,と,0,high,gai1
かようきよく,か,く,0,high,ichi1|news1|nf17
すいこむ,す,む,0,high,ichi1|news1|nf20
ほしようきん,ほ,ん,0,high,spec1
すわつぷ,す,ぷ,0,high,gai1
ちやつと,ち,と,0,high,gai1
なつ,な,つ,0,high,ichi1|news1|nf01
がすとあるばいたあ,が,あ,0,high,gai1
えだ,え,だ,0,high,ichi1|news1|nf05
がりばあ,が,あ,0,high,gai1
くり,く,り,0,high,ichi1|news1|nf18
とうの,と,の,0,high,news1|nf13
かきぞめ,か,め,0,high,ichi1
はくば,は,ば,0,high,news1|nf16
すかあれつと,す,と,0,high,gai1
おおけえ,お,え,0,high,gai1
なだ,な,だ,0,high,ichi1|news1|nf04|nf12
あしもと,あ,と,0,high,ichi1|news1|nf08
らんちよう,ら,う,0,high,news1|nf18
うるぐあい,う,い,0,high,gai1
かんばい,か,い,0,high,news1|nf17
いよいよ,い,よ,0,high,ichi1
かさいほけん,か,ん,0,high,news1|nf24
きとく,き,く,0,high,ichi1|news2|nf28
りようほう,り,う,0,high,ichi1|news1|nf07
ちよう,ち,う,0,high,ichi1|news1|news2|nf04|nf10|nf15|nf18|nf35
かざしも,か,も,0,high,ichi1|news2|nf31
よるごはん,よ,ん,0,high,spec1
じゆくちよう,じ,う,0,high,news1|nf18
くち,く,ち,0,high,ichi1|news1|nf02
ふであと,ふ,と,0,high,news1|nf23
てつぱい,て,い,0,high,news1|nf06
てんか,て,か,0,high,ichi1|news1|news2|nf12|nf25|nf30
いきちがい,い,い,0,high,ichi1|news2|nf31
ちゆうにち,ち,ち,0,high,news1|nf07|nf08
おしつける,お,る,0,high,ichi1|news2|nf25
さいん,さ,ん,0,high,gai1|ichi1
ながれこむ,な,む,0,high,news1|nf24
とつきゆう,と,う,0,high,ichi1|news1|nf10
しゆうどう,し,う,0,high,news1|nf23
いずれ,い,れ,0,high,ichi1
こね,こ,ね,0,high,gai1
たわむれる,た,る,0,high,ichi1
じゆんさ,じ,さ,0,high,ichi1|news1|nf09
こうこく,こ,く,0,high,ichi1|news1|nf02|nf19
みすてりい,み,い,0,high,gai1
ふところ,ふ,ろ,0,high,ichi1|news1|nf13
ずいひつ,ず,つ,0,high,ichi1|news1|nf18
ちよういん,ち,ん,0,high,ichi1|news1|nf04
しすう,し,う,0,high,news1|nf05
こうえんかい,こ,い,0,high,spec1
ゆうす,ゆ,す,0,high,gai1
よぶ,よ,ぶ,0,high,ichi1|news1|nf02
にがわらい,に,い,0,high,ichi1|news2|nf34
しやこ,し,こ,0,high,ichi1|news1|nf12
しりうす,し,す,0,high,gai1
ぶんがく,ぶ,く,0,high,ichi1|news1|nf02
ろじつく,ろ,く,0,high,gai1
くだらない,く,い,0,high,ichi1
きようかい,き,い,0,high,ichi1|news1|nf01|nf05|nf09
ぎんいろ,ぎ,ろ,0,high,news1|nf23
さくしゆん,さ,ん,0,high,news1|nf10
まがお,ま,お,0,high,news1|nf24
ふろく,ふ,く,0,high,ichi1|ichi2|news2|nf25
そうび,そ,び,0,high,ichi1|news1|news2|nf06|nf27
ひらまく,ひ,く,0,high,news1|nf20
こんぶ,こ,ぶ,0,high,ichi1|news2|nf28
いめい,い,い,0,high,news1|nf15
めのまえ,め,え,0,high,news1|nf07
ぐらんす,ぐ,す,0,high,gai1
だつぴ,だ,ぴ,0,high,news1|nf12
ゆきぐに,ゆ,に,0,high,news1|nf22
ばつぐ,ば,ぐ,0,high,gai1|ichi1
しじつ,し,つ,0,high,news1|nf22
かけつける,か,る,0,high,news1|nf20
りゆうじゆ,り,ゆ,0,high,gai1
までなら,ま,ら,0,high,spec1
ちよさくけん,ち,ん,0,high,news1|nf08
みようあさ,み,さ,0,high,ichi1|news2|nf47
あだぷたあ,あ,あ,0,high,gai1
てれめえたあ,て,あ,0,high,gai1
だいなあすくらぶ,だ,ぶ,0,high,gai1
ぷらす,ぷ,す,0,high,gai1|ichi1
ふしんにん,ふ,ん,0,high,news1|nf05
しゆうやく,し,く,0,high,news1|nf13
じゆうみんぜい,じ,い,0,high,news1|nf12
ひようけいさん,ひ,ん,0,high,spec1
しようおく,し,く,0,high,ichi1|news1|nf09
しくじる,し,る,0,high,ichi1
でらつくす,で,す,0,high,gai1
めいじつ,め,つ,0,high,news1|nf17
ひきさげ,ひ,げ,0,high,news1|nf03
りよういん,り,ん,0,high,news1|nf04
かがいしや,か,や,0,high,ichi1|news1|nf14
いわし,い,し,0,high,ichi1
そうちやく,そ,く,0,high,news1|nf23
みつりよう,み,う,0,high,news1|nf19
まつち,ま,ち,0,high,gai1|ichi1
いちれん,い,ん,0,high,news1|nf03
そおぷらんど,そ,ど,0,high,gai1
てんぼう,て,う,0,high,ichi1|news1|nf05
じつよう,じ,う,0,high,ichi1|news1|nf06
まぐち,ま,ち,0,high,news1|nf24
したしみ,し,み,0,high,ichi1|news1|nf16
たいわ,た,わ,0,high,ichi1|news1|nf02
ぐんぴよう,ぐ,う,0,high,news1|nf12
せみなあ,せ,あ,0,high,gai1
すえひろ,す,ろ,0,high,news1|nf22
はだし,は,し,0,high,ichi1
さむさ,さ,さ,0,high,ichi1|news1|nf10
おい,お,い,0,high,ichi1|news1|news2|nf13|nf39|spec1
がつくり,が,り,0,high,spec1
でんしや,で,や,0,high,ichi1|news1|nf04
たてよこ,た,こ,0,high,ichi1
おつけえ,お,え,0,high,spec1
ぼくしんぐ,ぼ,ぐ,0,high,gai1
きようちよう,き,う,0,high,ichi1|news1|news2|nf03|nf26
みあたる,み,る,0,high,news1|nf13
つばめ,つ,め,0,high,ichi1|news1|nf21|spec1
ほりかわ,ほ,わ,0,high,news1|nf23
よそ,よ,そ,0,high,ichi1|news1|nf01|spec1
かいにゆう,か,う,0,high,news1|nf03
こうにん,こ,ん,0,high,ichi1|news1|nf04
ぐんい,ぐ,い,0,high,news1|nf24
しええく,し,く,0,high,gai1
やくいん,や,ん,0,high,news1|nf02
まらそん,ま,ん,0,high,gai1|ichi1
ふたば,ふ,ば,0,high,news1|nf18
うちあける,う,る,0,high,ichi1|news2|nf42
みね,み,ね,0,high,ichi1|news1|nf13
おおきくなる,お,る,0,high,spec1
ろびい,ろ,い,0,high,gai1|ichi1
ぱぶりつく,ぱ,く,0,high,gai1
どつぐふあいと,ど,と,0,high,gai1
そのた,そ,た,0,high,ichi1|spec1
ぐりいんらんど,ぐ,ど,0,high,gai1
とうぼう,と,う,0,high,news1|nf15
たんせい,た,い,0,high,ichi1|news2|nf35|spec2
ぜんそくりよく,ぜ,く,0,high,ichi1|news2|nf47
えはがき,え,き,0,high,ichi1|news2|nf27|spec2
なのる,な,る,0,high,news1|nf22
かおなじみ,か,み,0,high,ichi1
おすみつき,お,き,0,high,spec1
しんちやく,し,く,0,high,spec1
ほすと,ほ,と,0,high,gai1
ぱんたぐらふ,ぱ,ふ,0,high,gai1
るいけい,る,い,0,high,news1|nf13
ろうじやく,ろ,く,0,high,ichi1|news2|nf27|spec2
いぎりす,い,す,0,high,spec1
きようてい,き,い,0,high,news1|nf01|nf24
どうりつ,ど,つ,0,high,news1|nf20
かへい,か,い,0,high,ichi1|news1|news2|nf19|nf27
こうむ,こ,む,0,high,ichi1|news1|nf11|nf20
ぴいなつつ,ぴ,つ,0,high,gai1
りようさん,り,ん,0,high,news1|nf16
ぶらぶら,ぶ,ら,0,high,ichi1
じやあなりずむ,じ,む,0,high,gai1|ichi1
つんどく,つ,く,0,high,news1|nf07
のど,の,ど,0,high,ichi1|news2|nf32
まつたり,ま,り,0,high,spec1
らすと,ら,と,0,high,gai1
じいさん,じ,ん,0,high,ichi1
すたいみい,す,い,0,high,gai1
きぶん,き,ん,0,high,ichi1|news1|nf03
あわい,あ,い,0,high,ichi1|news1|nf05
りがい,り,い,0,high,ichi1|news1|nf08
でいすくじよつきい,で,い,0,high,gai1
なり,な,り,0,high,news1|nf14|spec1
きよくせん,き,ん,0,high,ichi1|news1|nf19
あます,あ,す,0,high,ichi1|news2|nf36
たいぜい,た,い,0,high,ichi1|news1|nf04
たちあげる,た,る,0,high,spec1
ぼこく,ぼ,く,0,high,news1|nf10
とうるい,と,い,0,high,news1|nf11
りつけん,り,ん,0,high,news1|nf20
でこおだ,で,だ,0,high,gai1
はんでいきやつぷ,は,ぷ,0,high,gai1
ひつ,ひ,つ,0,high,ichi1|news1|nf09
おくたあぶ,お,ぶ,0,high,gai1
はつかあ,は,あ,0,high,gai1
には,に,は,0,high,spec1
かんけい,か,い,0,high,ichi1|news1|nf01
かいひ,か,ひ,0,high,ichi1|news1|nf07|nf08
どらいふらわあ,ど,あ,0,high,gai1
さんてい,さ,い,0,high,news1|nf12
じどうてき,じ,き,0,high,news1|nf08
いわい,い,い,0,high,ichi1|news1|nf08
きゆうちゆう,き,う,0,high,news1|nf15
こあびたしおん,こ,ん,0,high,gai1
うるとら,う,ら,0,high,gai1
あすきい,あ,い,0,high,gai1
こうめい,こ,い,0,high,ichi1|news1|news2|nf03|nf20|nf30
よとう,よ,う,0,high,ichi1|news1|nf01
のうどうてき,の,き,0,high,ichi1
いうまでもない,い,い,0,high,news1|nf23
すいがら,す,ら,0,high,ichi1|news1|nf17
ひんと,ひ,と,0,high,gai1|ichi1
ぺん,ぺ,ん,0,high,gai1|ichi1
にしても,に,も,0,high,spec1
せん,せ,ん,0,high,ichi1|news1|nf01|nf04|nf06|nf11|nf21
しだし,し,し,0,high,spec1
こくむだいじん,こ,ん,0,high,news2|nf25|spec1
こうきあつ,こ,つ,0,high,ichi1|news1|nf17
とるえん,と,ん,0,high,gai1
あにめ,あ,め,0,high,gai1
あとまわし,あ,し,0,high,ichi1|news1|nf22
といあわせる,と,る,0,high,ichi1|news1|nf16
けむり,け,り,0,high,ichi1|news1|nf07
とりあえず,と,ず,0,high,ichi1
みいていんぐ,み,ぐ,0,high,gai1|ichi1
ほくおう,ほ,う,0,high,news1|nf11
ひこうせん,ひ,ん,0,high,news1|nf24
やめる,や,る,0,high,ichi1|news2|nf38
おしいる,お,る,0,high,news1|nf16
こうかく,こ,く,0,high,news1|nf24
じやつじ,じ,じ,0,high,gai1
だいさんごく,だ,く,0,high,news1|nf14
きり,き,り,0,high,ichi1|news1|nf10|nf11|nf17
こなす,こ,す,0,high,ichi1|news2|nf37
すぐさま,す,ま,0,high,spec1
みみもと,み,と,0,high,ichi1|news2|nf36
さだめる,さ,る,0,high,ichi1|news1|nf15
じようじよう,じ,う,0,high,news1|nf04|nf13
かいか,か,か,0,high,news1|nf16
ふたなのか,ふ,か,0,high,news1|nf11
ぽおと,ぽ,と,0,high,gai1
たしか,た,か,0,high,ichi1|news1|nf02
まねる,ま,る,0,high,ichi1
よくも,よ,も,0,high,ichi1
むざん,む,ん,0,high,ichi1|news1|nf17
ういいくりい,う,い,0,high,gai1
にゆうたうん,に,ん,0,high,gai1
たちのき,た,き,0,high,news1|nf17
こうれいしや,こ,や,0,high,news1|nf03
はらいもどし,は,し,0,high,news1|nf20
えるさるばどる,え,る,0,high,gai1
こうしやさい,こ,い,0,high,news1|nf19
うでじから,う,ら,0,high,ichi1|news2|nf25
これくたあ,こ,あ,0,high,gai1
めいろ,め,ろ,0,high,ichi1|news1|nf23
はあどかばあ,は,あ,0,high,gai1
よこみち,よ,ち,0,high,ichi1|news2|nf37
まぐねしうむ,ま,む,0,high,gai1
なちずむ,な,む,0,high,gai1
ぼくたち,ぼ,ち,0,high,spec1
きようそうにゆうさつ,き,つ,0,high,spec1
おおかめ,お,め,0,high,news1|nf19
さきほど,さ,ど,0,high,ichi1|spec1
とろふいい,と,い,0,high,gai1
しりお,し,お,0,high,ichi1
けいみよう,け,う,0,high,news1|nf23
えさ,え,さ,0,high,ichi1|news2|nf25
けいろう,け,う,0,high,ichi1|news1|nf22
はんろん,は,ん,0,high,ichi1|news1|nf10
あべにゆう,あ,う,0,high,gai1
りんりつ,り,つ,0,high,news1|nf23
さかみち,さ,ち,0,high,news1|nf21
はいぞく,は,く,0,high,ichi1|news2|nf28
じつ,じ,つ,0,high,news1|nf04
ばすつああ,ば,あ,0,high,spec1
いきかえる,い,る,0,high,ichi1|news2|nf42
ちゆうし,ち,し,0,high,ichi1|news1|news2|nf03|nf33
かくとく,か,く,0,high,ichi1|news1|nf04
おろし,お,し,0,high,news1|nf09
せれくしよん,せ,ん,0,high,gai1
あいだじゆう,あ,う,0,high,news1|nf19
すえつこ,す,こ,0,high,ichi1|news2|nf25
りか,り,か,0,high,ichi1|news1|nf09
ろせんず,ろ,ず,0,high,spec1
もちろん,も,ん,0,high,ichi1
へんとう,へ,う,0,high,ichi1|news1|nf20
しんるい,し,い,0,high,ichi1|news1|nf08
しちらい,し,い,0,high,ichi1|news2|nf31
ぱんふ,ぱ,ふ,0,high,gai1
とりにく,と,く,0,high,news1|nf23
かくぎ,か,ぎ,0,high,news1|nf02
ぱつしんぐ,ぱ,ぐ,0,high,gai1
とまり,と,り,0,high,news1|nf22
のすたるじい,の,い,0,high,gai1
きより,き,り,0,high,ichi1|news1|nf03
ほうしようきん,ほ,ん,0,high,news1|nf23
ぱらぐらいだあ,ぱ,あ,0,high,gai1
さてい,さ,い,0,high,news1|nf17
じんえい,じ,い,0,high,ichi1|news1|nf03|nf22
りく,り,く,0,high,ichi1|news1|nf05
では,で,は,0,high,ichi1
さまざま,さ,ま,0,high,ichi1|news1|nf08
しゆうわい,し,い,0,high,news1|nf05
ちゆういぶかい,ち,い,0,high,ichi1
ことによる,こ,る,0,high,ichi1
ほしようにん,ほ,ん,0,high,ichi1|news1|nf20
せきにんしや,せ,や,0,high,news1|nf04
おどかす,お,す,0,high,ichi1|news1|nf18
じんるいがく,じ,く,0,high,news1|nf15
です,で,す,0,high,spec1
たてかえる,た,る,0,high,ichi1|news2|nf44
きよひけん,き,ん,0,high,news1|nf10
かねもうけ,か,け,0,high,ichi1
つうはん,つ,ん,0,high,news1|nf24
きんちよ,き,よ,0,high,news1|nf17
はぶらし,は,し,0,high,ichi1|news1|nf21
ぽんぽん,ぽ,ん,0,high,gai1
きほんりようきん,き,ん,0,high,spec1
とうこう,と,う,0,high,ichi1|news1|nf06|nf10|nf23
とても,と,も,0,high,ichi1
りこおだあ,り,あ,0,high,gai1
そうこ,そ,こ,0,high,ichi1|news1|nf07
さみせん,さ,ん,0,high,news1|nf14
ざいばつ,ざ,つ,0,high,ichi1|news1|nf11
しまる,し,る,0,high,ichi1|news2|nf42|nf45
ちよぞう,ち,う,0,high,news1|nf11
ふたご,ふ,ご,0,high,ichi1|news1|nf13
かな,か,な,0,high,ichi1|spec1
けつさい,け,い,0,high,news1|nf09|nf23
めとろぽりたん,め,ん,0,high,gai1
どらまあ,ど,あ,0,high,gai1
じゆうてん,じ,ん,0,high,ichi1|news1|nf04|spec1
おひる,お,る,0,high,news2|nf28|spec1
あんがい,あ,い,0,high,ichi1|news1|nf15
ひんこん,ひ,ん,0,high,ichi1|news1|nf07
すくりぷたあ,す,あ,0,high,gai1
ばがぼんど,ば,ど,0,high,gai1
おんす,お,す,0,high,gai1
はる,は,る,0,high,ichi1|news1|nf01|nf13
どるかい,ど,い,0,high,spec1
かいしやく,か,く,0,high,ichi1|news1|nf05
くろむ,く,む,0,high,gai1
ぶらいだる,ぶ,る,0,high,gai1
そうぞうてき,そ,き,0,high,news1|nf20
きんいつ,き,つ,0,high,ichi1|news1|nf19
どうじに,ど,に,0,high,spec1
けんりつ,け,つ,0,high,ichi1|news1|nf04|nf23
もよう,も,う,0,high,ichi1|news1|nf03
しんたく,し,く,0,high,news1|nf04
がくりよく,が,く,0,high,ichi1|news1|nf11
ぱふおおまんす,ぱ,す,0,high,gai1
ほぜん,ほ,ん,0,high,news1|nf03
りやくご,り,ご,0,high,ichi1|news2|nf32
いちがつ,い,つ,0,high,news1|nf01|spec1
りちうむ,り,む,0,high,gai1
かんじようてき,か,き,0,high,news1|nf18
さむけ,さ,け,0,high,news1|nf19
かくさ,か,さ,0,high,ichi1|news1|nf03
いそ,い,そ,0,high,news1|nf01|nf16|spec1
こうずい,こ,い,0,high,ichi1|news1|nf09
ほうすい,ほ,い,0,high,news1|nf19
もろうで,も,で,0,high,news1|nf22
はらいた,は,た,0,high,news1|nf19
うりだす,う,す,0,high,ichi1|news1|nf16
しどにい,し,い,0,high,gai1
ちゆうしようてき,ち,き,0,high,ichi1|news1|nf15
わかもの,わ,の,0,high,ichi1|news1|nf02
しやつ,し,つ,0,high,gai1|ichi1
めそじすと,め,と,0,high,gai1
はげ,は,げ,0,high,ichi1|spec1
もくぜん,も,ん,0,high,ichi1|news1|nf07
のぞましい,の,い,0,high,ichi1|news1|nf19
こんぱす,こ,す,0,high,gai1
いろどり,い,り,0,high,news1|nf23
きようつうご,き,ご,0,high,ichi1|news2|nf30
もおにんぐ,も,ぐ,0,high,gai1
ぎだゆう,ぎ,う,0,high,news1|nf18
しせいかつ,し,つ,0,high,news1|nf17
みとおし,み,し,0,high,ichi1|news1|nf01
はんどぼおる,は,る,0,high,gai1
かつこええ,か,え,0,high,spec1
きつくおふ,き,ふ,0,high,gai1
さきに,さ,に,0,high,ichi1|news1|nf04
ふあんど,ふ,ど,0,high,gai1
たいだ,た,だ,0,high,ichi1|news2|nf41
てんじん,て,ん,0,high,news1|nf18
おおもじ,お,じ,0,high,ichi1|news2|nf35
こうさん,こ,ん,0,high,ichi1|news1|news2|nf06|nf46
たつきゆう,た,う,0,high,news1|nf08
ぎねん,ぎ,ん,0,high,news1|nf12
およぶ,お,ぶ,0,high,ichi1|news1|nf09
としをとる,と,る,0,high,spec1
ほえる,ほ,る,0,high,ichi1
よびこう,よ,う,0,high,ichi1
ひじ,ひ,じ,0,high,ichi1
かくべつ,か,つ,0,high,ichi1|news1|nf19
ぶるぺん,ぶ,ん,0,high,gai1
ねんごう,ね,う,0,high,ichi1|news2|nf25
にゆうか,に,か,0,high,ichi1|news1|nf24
しきり,し,り,0,high,news1|nf16
ことぶき,こ,き,0,high,news1|nf06
たえまなく,た,く,0,high,ichi1
さんぴ,さ,ぴ,0,high,ichi1|news1|nf08
めん,め,ん,0,high,ichi1|news1|news2|nf15|nf28|spec1
すりつぱ,す,ぱ,0,high,gai1|ichi1
どうきゆうせい,ど,い,0,high,ichi1|news1|nf09
いるい,い,い,0,high,ichi1|news1|nf12
つうがく,つ,く,0,high,ichi1|news1|nf10
すたんす,す,す,0,high,gai1
ひとたび,ひ,び,0,high,news1|nf03
さくこん,さ,ん,0,high,news1|nf12
さしだしにん,さ,ん,0,high,news1|nf23
こうたいし,こ,し,0,high,news1|nf04
しゆしよう,し,う,0,high,ichi1|news1|news2|nf01|nf06|nf44|spec2
かいご,か,ご,0,high,news1|nf05
えつち,え,ち,0,high,gai1
ぱらりんぴつく,ぱ,く,0,high,gai1
さあせん,さ,ん,0,high,spec1
うめ,う,め,0,high,ichi1|news1|nf07
ちようしや,ち,や,0,high,news1|nf07|nf17
はたして,は,て,0,high,ichi1|news1|nf06
はかまいり,は,り,0,high,ichi1|news1|nf16
けいかい,け,い,0,high,ichi1|news1|nf03|nf17
はらいつぱい,は,い,0,high,ichi1
ぴつたり,ぴ,り,0,high,ichi1|spec1
おつしやる,お,る,0,high,ichi1
ほけんじよ,ほ,よ,0,high,news1|nf12|spec1
せいどく,せ,く,0,high,news1|nf10
あなたがた,あ,た,0,high,spec1
かるやか,か,か,0,high,news1|nf21
ろじ,ろ,じ,0,high,ichi1|news1|nf15
じぬし,じ,し,0,high,ichi1|news1|nf14
りようろん,り,ん,0,high,news1|nf14
すてえじ,す,じ,0,high,gai1|ichi1
ちやいな,ち,な,0,high,gai1
おまえ,お,え,0,high,ichi1|news1|nf22
ぶたい,ぶ,い,0,high,ichi1|news1|nf01|nf02
さいこうきゆう,さ,う,0,high,news1|nf20
しようぼうしよ,し,よ,0,high,ichi1
りとぐらふ,り,ふ,0,high,gai1
てもと,て,と,0,high,ichi1|news1|nf10
こくさいじん,こ,ん,0,high,news1|nf12
ぞろぞろ,ぞ,ろ,0,high,ichi1
あかり,あ,り,0,high,ichi1|news1|nf15|spec2
くろ,く,ろ,0,high,ichi1|news1|nf03
わあくしよつぷ,わ,ぷ,0,high,gai1
どうとく,ど,く,0,high,ichi1|news1|nf14
げんきよ,げ,よ,0,high,ichi1|news1|nf06
やすい,や,い,0,high,ichi1|news2|nf47
なかなおり,な,り,0,high,ichi1
さまらいず,さ,ず,0,high,gai1
にごる,に,る,0,high,ichi1|news2|nf28
すつきり,す,り,0,high,ichi1
いにんぐ,い,ぐ,0,high,gai1
すぴるりな,す,な,0,high,gai1
おきざり,お,り,0,high,news1|nf17
はたらく,は,く,0,high,ichi1
すふいんくす,す,す,0,high,gai1
たいじ,た,じ,0,high,ichi1|news1|nf11|nf20|nf23
りぴいたあ,り,あ,0,high,spec1
たまに,た,に,0,high,ichi1
みすごす,み,す,0,high,ichi1|news2|nf39
しようりやく,し,く,0,high,ichi1|news2|nf32
だろう,だ,う,0,high,spec1
のおさいど,の,ど,0,high,gai1
はこぶ,は,ぶ,0,high,ichi1|news1|nf06
しほんきん,し,ん,0,high,news1|nf12
みつゆ,み,ゆ,0,high,ichi1|news1|nf09
たじゆう,た,う,0,high,news1|nf17
ください,く,い,0,high,news1|nf13
かたくな,か,な,0,high,news1|nf20
そうぞうりよく,そ,く,0,high,news1|nf21|spec1
あいきよう,あ,う,0,high,spec1
かわええ,か,え,0,high,ichi1|news2|nf32
ばとんたつち,ば,ち,0,high,gai1
ぜんぱい,ぜ,い,0,high,news1|nf11
すうかげつ,す,つ,0,high,spec1
ふうりゆう,ふ,う,0,high,ichi1|news2|nf41
あばれる,あ,る,0,high,ichi1|news1|nf23
てんねん,て,ん,0,high,ichi1|news1|nf07
わかもん,わ,ん,0,high,ichi1|news1|nf02
せいりつ,せ,つ,0,high,ichi1|news1|nf02
すがた,す,た,0,high,ichi1|news1|nf01
へいねんなみ,へ,み,0,high,news1|nf17
はだ,は,だ,0,high,ichi1|news1|nf06
かんじとる,か,る,0,high,news1|nf20
らつかんてき,ら,き,0,high,ichi1|news1|nf12
しゆんき,し,き,0,high,news1|nf17
ほしよう,ほ,う,0,high,ichi1|news1|nf03
じりよく,じ,く,0,high,news1|nf10
りようとう,り,う,0,high,news1|nf02
はいとう,は,う,0,high,ichi1|news1|nf05
ぜんにほん,ぜ,ん,0,high,spec1
りすなあ,り,あ,0,high,gai1
ぶんめい,ぶ,い,0,high,ichi1|news1|nf05
さんきゆう,さ,う,0,high,gai1
ぱつしよん,ぱ,ん,0,high,gai1
たいむず,た,ず,0,high,gai1
まつくら,ま,ら,0,high,ichi1|news1|nf11
ばつそく,ば,く,0,high,ichi1|news1|nf08
とい,と,い,0,high,ichi1|news1|nf07
れんざ,れ,ざ,0,high,news1|nf17
さぎ,さ,ぎ,0,high,ichi1|news1|nf05
かせいふ,か,ふ,0,high,news1|nf19
うお,う,お,0,high,ichi1|ichi2|news1|nf03
にどと,に,と,0,high,spec1
あつち,あ,ち,0,high,ichi1
りけん,り,ん,0,high,news1|nf10
しずか,し,か,0,high,ichi1|news1|nf05
おつり,お,り,0,high,ichi1
びいる,び,る,0,high,gai1|ichi1
つくろう,つ,う,0,high,ichi1
たあげつと,た,と,0,high,gai1
あご,あ,ご,0,high,ichi1|news2|nf38
そうろん,そ,ん,0,high,ichi1|news1|nf15
みばらい,み,い,0,high,news1|nf13
ぷれえと,ぷ,と,0,high,gai1
ちちおや,ち,や,0,high,ichi1|news1|nf02
どうおん,ど,ん,0,high,ichi1
りくるうたあ,り,あ,0,high,gai1
まんじよう,ま,う,0,high,ichi1|news2|nf43
かいぶつ,か,つ,0,high,news1|nf20
いやけ,い,け,0,high,news1|nf15
ぎりしや,ぎ,や,0,high,spec1
まつくろ,ま,ろ,0,high,ichi1|spec1
ばかり,ば,り,0,high,spec1
わりきる,わ,る,0,high,ichi1|news2|nf40
ぎごく,ぎ,く,0,high,news1|nf17
けいたいでんわ,け,わ,0,high,spec1
きこえる,き,る,0,high,ichi1|news2|nf25
ろおん,ろ,ん,0,high,gai1|ichi1
じやいろすこおぷ,じ,ぷ,0,high,gai1
みほんいち,み,ち,0,high,news1|nf17
げんめん,げ,ん,0,high,news1|nf14
だまる,だ,る,0,high,ichi1|news1|nf09
ましようめん,ま,ん,0,high,news1|nf16
しんくろないず,し,ず,0,high,gai1
したい,し,い,0,high,ichi1|news1|nf06|spec1
ぜんめん,ぜ,ん,0,high,news1|nf02|nf06
わたくしじしん,わ,ん,0,high,spec1
ふるほん,ふ,ん,0,high,ichi1|news1|nf19
にじつさい,に,い,0,high,ichi1
ほうしやせい,ほ,い,0,high,news1|nf07
ばらえてい,ば,い,0,high,gai1
じゆうだい,じ,い,0,high,ichi1|news1|nf03|nf11|spec1
せんきよう,せ,う,0,high,news1|nf11|nf20
ばあじにあ,ば,あ,0,high,gai1
みなと,み,と,0,high,ichi1|news1|nf04
いちなか,い,か,0,high,news1|nf07
しよおと,し,と,0,high,gai1
よなか,よ,か,0,high,ichi1|news1|nf13
しよぱん,し,ん,0,high,gai1
でんぼ,で,ぼ,0,high,ichi2|spec1
よわい,よ,い,0,high,ichi1|news1|nf20|nf24
へるぱあ,へ,あ,0,high,gai1
よくちよう,よ,う,0,high,ichi1|news1|nf13
かいきよう,か,う,0,high,ichi1|news1|nf09
きあい,き,い,0,high,news1|nf12
けつぱく,け,く,0,high,ichi1|news1|nf22
した,し,た,0,high,ichi1|news1|nf11
ほそながい,ほ,い,0,high,ichi1|news2|nf35
おひとりさま,お,ま,0,high,spec1
けいかく,け,く,0,high,ichi1|news1|nf01
びえんなあれ,び,れ,0,high,gai1
てずくり,て,り,0,high,ichi1|news1|nf08
ようと,よ,と,0,high,ichi1|news1|nf09
みとめいん,み,ん,0,high,ichi1
こじいん,こ,ん,0,high,news1|nf22
そうごぎんこう,そ,う,0,high,news1|nf19
しぶ,し,ぶ,0,high,news1|nf03|nf10
べくとる,べ,る,0,high,gai1
こうにゆう,こ,う,0,high,ichi1|news1|nf02
たたき,た,き,0,high,spec1
あにめえしよん,あ,ん,0,high,gai1
ふらいきゆう,ふ,う,0,high,spec1
かんこうちよう,か,う,0,high,news1|nf18
さつ,さ,つ,0,high,ichi1|news2|nf46
ぶぞく,ぶ,く,0,high,news1|nf11
びんぼうにん,び,ん,0,high,ichi1
はなびら,は,ら,0,high,ichi1|news1|nf17
ゆうわ,ゆ,わ,0,high,news1|nf12
しゆつげき,し,き,0,high,news1|nf24
どのぐらい,ど,い,0,high,ichi1|spec1
よち,よ,ち,0,high,ichi1|news1|nf06|nf09
すいでん,す,ん,0,high,ichi1|news1|nf07
あにまる,あ,る,0,high,gai1
もうしあげる,も,る,0,high,ichi1|news1|nf17
ぜんしようせん,ぜ,ん,0,high,news1|nf16
ほうかい,ほ,い,0,high,ichi1|news1|nf02
おんじき,お,き,0,high,news1|nf06
こうらくち,こ,ち,0,high,news1|nf24
おまいり,お,り,0,high,ichi1|news2|nf36
さきやす,さ,す,0,high,news1|nf22
しやつきん,し,ん,0,high,ichi1|news1|nf05
ろおど,ろ,ど,0,high,gai1
べん,べ,ん,0,high,news1|nf10
ほるだあ,ほ,あ,0,high,gai1
るうじゆ,る,ゆ,0,high,gai1
ちようさ,ち,さ,0,high,ichi1|news1|nf01
こうこがく,こ,く,0,high,news1|nf10
ちかく,ち,く,0,high,ichi1|news2|nf27
すぺえしんぐ,す,ぐ,0,high,gai1
こんぱ,こ,ぱ,0,high,gai1
えつせいすと,え,と,0,high,gai1
よろい,よ,い,0,high,news2|nf34|spec1
のりおり,の,り,0,high,ichi1|news2|nf31
かわぎし,か,し,0,high,ichi1|news1|nf21
みくろ,み,ろ,0,high,gai1|ichi1
すうふん,す,ん,0,high,spec1
べついん,べ,ん,0,high,news1|nf16
きがかり,き,り,0,high,ichi1|news2|nf29|spec1
きやすたあ,き,あ,0,high,gai1
ぴいなつ,ぴ,つ,0,high,gai1
そうだんやく,そ,く,0,high,news1|nf06
あじと,あ,と,0,high,gai1
なちす,な,す,0,high,spec1
ほろこおすと,ほ,と,0,high,gai1
ぶうむ,ぶ,む,0,high,gai1|ichi1
だんな,だ,な,0,high,ichi1|news2|nf38
こうぼう,こ,う,0,high,news1|nf06|nf15
びんかん,び,ん,0,high,ichi1|news1|nf08
しゆうず,し,ず,0,high,gai1|ichi1
ということはない,と,い,0,high,spec1
いつさくじつ,い,つ,0,high,ichi1|news2|nf40
しきん,し,ん,0,high,ichi1|news1|nf01
もうしこみしよ,も,よ,0,high,spec1
そくりよう,そ,う,0,high,ichi1|news1|nf15
まどんな,ま,な,0,high,gai1
いつしよに,い,に,0,high,ichi1
うめたて,う,て,0,high,ichi1|news1|nf17
すべらか,す,か,0,high,ichi1|news1|nf20
ていぼう,て,う,0,high,ichi1|news1|nf15
かんしよう,か,う,0,high,ichi1|news1|nf09|nf12|nf19|nf24
ためん,た,ん,0,high,ichi1|news1|nf20
だんゆう,だ,う,0,high,news1|nf17
おうよう,お,う,0,high,ichi1|news1|nf09
もちなおす,も,す,0,high,ichi1|news2|nf33
きむずかしい,き,い,0,high,ichi1|news2|nf46
はらん,は,ん,0,high,ichi1|news1|nf09
こんぴれえしよん,こ,ん,0,high,spec1
ぞうえき,ぞ,き,0,high,news1|nf10
はつれい,は,い,0,high,news1|nf15
ぐんき,ぐ,き,0,high,news1|nf09
だいどころ,だ,ろ,0,high,ichi1|news1|nf07
きもち,き,ち,0,high,ichi1|news1|nf01
つりい,つ,い,0,high,gai1
ふいいるど,ふ,ど,0,high,gai1
かとう,か,う,0,high,ichi1|news1|nf18
ざつし,ざ,し,0,high,ichi1|news1|nf02
あまる,あ,る,0,high,ichi1|news1|nf16
わくわく,わ,く,0,high,ichi1|spec1
ぴいまん,ぴ,ん,0,high,gai1
めがね,め,ね,0,high,ichi1|news1|nf13|spec1
さえる,さ,る,0,high,ichi1
かいぼう,か,う,0,high,ichi1|news1|nf14
りいぐ,り,ぐ,0,high,gai1
つつしむ,つ,む,0,high,ichi1|ichi2|news2|nf47
ぎもんふ,ぎ,ふ,0,high,news1|nf24
しよおる,し,る,0,high,gai1
ぷらは,ぷ,は,0,high,gai1
ろんてん,ろ,ん,0,high,news1|nf14
いえい,い,い,0,high,news1|nf19
きゆうきよく,き,く,0,high,ichi1|news1|nf12
けえぷ,け,ぷ,0,high,gai1
ろけん,ろ,ん,0,high,ichi1|news2|nf37|spec2
おまもり,お,り,0,high,ichi1|news2|nf26
ぐらふ,ぐ,ふ,0,high,gai1|ichi1
ふいりぴん,ふ,ん,0,high,spec1
ことになる,こ,る,0,high,spec1
ばしよ,ば,よ,0,high,ichi1|news1|nf01
にくむ,に,む,0,high,ichi1|news2|nf43
さいしゆう,さ,う,0,high,ichi1|news1|nf01|nf24
すくえあ,す,あ,0,high,gai1
じゆにあ,じ,あ,0,high,gai1
とうごう,と,う,0,high,ichi1|news1|nf02
てまえ,て,え,0,high,ichi1|news1|nf08
まつは,ま,は,0,high,gai1
しようこうかいぎしよ,し,よ,0,high,news1|nf08
てんきん,て,ん,0,high,ichi1|news1|nf11
ためらう,た,う,0,high,ichi1
わが,わ,が,0,high,ichi1|news1|nf10
びじたあ,び,あ,0,high,gai1
きんぐ,き,ぐ,0,high,gai1
せいしん,せ,ん,0,high,ichi1|news1|nf02|nf17
つきずき,つ,き,0,high,news1|nf21
げんじつ,げ,つ,0,high,ichi1|news1|nf01
びゆうろお,び,お,0,high,gai1
でんしめえる,で,る,0,high,spec1
あいず,あ,ず,0,high,ichi1|news1|nf16
たいざいちゆう,た,う,0,high,spec1
ばめん,ば,ん,0,high,ichi1|news1|nf03
せばまる,せ,る,0,high,ichi1|news2|nf44
まんまん,ま,ん,0,high,news1|nf13
さつしん,さ,ん,0,high,news1|nf11
わがいえ,わ,え,0,high,ichi1|news1|nf12
はくじやく,は,く,0,high,ichi1|news2|nf45
れすきゆう,れ,う,0,high,gai1
せんぞく,せ,く,0,high,news1|nf15
ぴいぴんぐとむ,ぴ,む,0,high,gai1
めんきよ,め,よ,0,high,ichi1|news1|nf05
ねさがり,ね,り,0,high,ichi1|news1|nf18
ひとめ,ひ,め,0,high,ichi1|news1|nf18|nf19
とつこうたい,と,い,0,high,news1|nf18
つまらねえ,つ,え,0,high,ichi1
ばけがく,ば,く,0,high,ichi1|news1|nf04
われる,わ,る,0,high,ichi1
きにいる,き,る,0,high,ichi1|news2|nf42
じつたいちようさ,じ,さ,0,high,news1|nf08
たどる,た,る,0,high,ichi1
かたまる,か,る,0,high,ichi1|news2|nf40
したがつて,し,て,0,high,ichi1|news1|nf14
べんろん,べ,ん,0,high,ichi1|news1|nf15
すつと,す,と,0,high,ichi1
さか,さ,か,0,high,ichi1|news1|nf09
うま,う,ま,0,high,ichi1|news1|nf02|nf18
ちんぼつ,ち,つ,0,high,ichi1|news1|nf23
しやざい,し,い,0,high,ichi1|news1|nf06
しあたあ,し,あ,0,high,gai1
こんなに,こ,に,0,high,ichi1
おおばあ,お,あ,0,high,gai1
らつせる,ら,る,0,high,gai1
はめつ,は,つ,0,high,ichi1|news1|nf19
ひれ,ひ,れ,0,high,gai1
ふわたり,ふ,り,0,high,news1|nf19
ちやいろ,ち,ろ,0,high,ichi1|news1|nf15
どくだん,ど,ん,0,high,ichi1|news1|nf17
じつくり,じ,り,0,high,ichi1
すいよう,す,う,0,high,ichi1|news1|nf10
たま,た,ま,0,high,ichi1|news1|nf06|nf08
みぎがわ,み,わ,0,high,ichi1|news1|nf15
りよかん,り,ん,0,high,ichi1|news1|nf09
あどれす,あ,す,0,high,gai1
けが,け,が,0,high,ichi1
すべて,す,て,0,high,ichi1
ことなる,こ,る,0,high,ichi1|news2|nf42
ぶつし,ぶ,し,0,high,ichi1|news1|nf04
ふけん,ふ,ん,0,high,news1|nf16
りふじん,り,ん,0,high,news1|nf24
すりつぷ,す,ぷ,0,high,gai1|ichi1
よゆう,よ,う,0,high,ichi1|news1|nf03
ばいしゆんふ,ば,ふ,0,high,news1|nf22
しゆうあけ,し,け,0,high,news1|nf08
じようぶ,じ,ぶ,0,high,ichi1|news1|nf11|nf15
のうきよう,の,う,0,high,ichi1|news1|nf04
ひこう,ひ,う,0,high,ichi1|news1|nf04|nf16
さいまつ,さ,つ,0,high,ichi1|news2|nf26
ひかえる,ひ,る,0,high,ichi1|news1|nf06
いいや,い,や,0,high,spec1
ふとう,ふ,う,0,high,ichi1|news1|nf05
みずしらず,み,ず,0,high,ichi1|news2|nf35
けんかい,け,い,0,high,ichi1|news1|nf02
しばらく,し,く,0,high,ichi1
よふけ,よ,け,0,high,ichi1
もうしでる,も,る,0,high,ichi1|news2|nf34
とうろくしようひよう,と,う,0,high,spec1
ゆうちよぎんこう,ゆ,う,0,high,spec1
きやんぱあ,き,あ,0,high,gai1
しかいしや,し,や,0,high,news1|nf18
こんじよう,こ,う,0,high,ichi1|news1|nf18
すりむ,す,む,0,high,gai1
こごえる,こ,る,0,high,ichi1
はむすたあ,は,あ,0,high,gai1
うえる,う,る,0,high,ichi1|news1|news2|nf24|nf45
つつみ,つ,み,0,high,ichi1|news1|news2|nf10|nf26
ぐんたい,ぐ,い,0,high,ichi1|news1|nf06
ほのお,ほ,お,0,high,ichi1|news1|nf11
おきにいり,お,り,0,high,ichi1
せえるすまん,せ,ん,0,high,gai1|ichi1
みとこんどりあ,み,あ,0,high,gai1
べいか,べ,か,0,high,ichi1|news1|nf08
とうてん,と,ん,0,high,spec1
すぺんさあじやけつと,す,と,0,high,gai1
まきこむ,ま,む,0,high,ichi1|news1|nf07
えすてていつくさろん,え,ん,0,high,gai1
ぼやける,ぼ,る,0,high,ichi1
かんもん,か,ん,0,high,ichi1|news1|nf02|nf18
らいばる,ら,る,0,high,gai1
ほつけえ,ほ,え,0,high,gai1
きやぴたるげいん,き,ん,0,high,gai1
こんせい,こ,い,0,high,news1|nf21
ねんらい,ね,い,0,high,news1|nf11
そかく,そ,く,0,high,ichi1|news1|nf09
どろお,ど,お,0,high,gai1
かりきゆらむ,か,む,0,high,gai1
せいてつじよ,せ,よ,0,high,news1|nf15
かわつた,か,た,0,high,news1|nf02
ぼるてえじ,ぼ,じ,0,high,gai1
どれでも,ど,も,0,high,spec1
わいど,わ,ど,0,high,gai1
びんずめ,び,め,0,high,ichi1|news2|nf41
げい,げ,い,0,high,gai1|news1|nf05
おうぼ,お,ぼ,0,high,ichi1|news1|nf03
くろつく,く,く,0,high,gai1
かねつ,か,つ,0,high,news1|nf13|nf17
もうもく,も,く,0,high,news1|nf23
くぎる,く,る,0,high,ichi1|news2|nf45
かすぴかい,か,い,0,high,spec1
ちく,ち,く,0,high,news1|nf01
まぶしい,ま,い,0,high,ichi1
ごしつぷ,ご,ぷ,0,high,gai1
れじすたあ,れ,あ,0,high,gai1
のんすとつぷ,の,ぷ,0,high,gai1
きんせん,き,ん,0,high,ichi1|news1|nf06
ひどく,ひ,く,0,high,spec1
ごご,ご,ご,0,high,ichi1|news1|nf01
はいざら,は,ら,0,high,ichi1|news1|nf21
ちかごろ,ち,ろ,0,high,ichi1
くりいく,く,く,0,high,gai1
くさわら,く,ら,0,high,ichi1|news1|nf13
とこ,と,こ,0,high,ichi1|news1|nf04
ぜんれい,ぜ,い,0,high,ichi1|news1|nf09
わいしやつ,わ,つ,0,high,ichi1|spec1
あひる,あ,る,0,high,spec1
くりすます,く,す,0,high,gai1|ichi1
ほおえむ,ほ,む,0,high,ichi1
ろうにやくなんによ,ろ,よ,0,high,spec1
まどれえぬ,ま,ぬ,0,high,gai1
ちゆうえつ,ち,つ,0,high,news1|nf15
おやこ,お,こ,0,high,ichi1|news1|nf05|nf08
がんせき,が,き,0,high,news1|nf21
ふやす,ふ,す,0,high,ichi1|news2|nf26
ほうもつ,ほ,つ,0,high,ichi1|news1|nf17
ねんじゆうむきゆう,ね,う,0,high,spec1
おおくす,お,す,0,high,gai1
たいろん,た,ん,0,high,news1|nf16
だいかんげい,だ,い,0,high,spec1
いえもと,い,と,0,high,news1|nf19
しきんせき,し,き,0,high,news1|nf16
ましいん,ま,ん,0,high,gai1
えんじよこうさい,え,い,0,high,spec1
すそ,す,そ,0,high,ichi1|news2|nf34
しようがつ,し,つ,0,high,ichi1|news1|nf06
かくやす,か,す,0,high,news1|nf14
せんだい,せ,い,0,high,news1|nf18|spec1
つなわたり,つ,り,0,high,ichi1|news1|nf21
しかも,し,も,0,high,ichi1
たちとまる,た,る,0,high,ichi1|news2|nf38
はんしよく,は,く,0,high,ichi1|news1|nf10
ほんけん,ほ,ん,0,high,news1|nf07
ざつぼくりん,ざ,ん,0,high,news1|nf16
ないちんげえる,な,る,0,high,gai1
ぼうぶら,ぼ,ら,0,high,ichi1
めろどらま,め,ま,0,high,gai1
さぷらいやあ,さ,あ,0,high,gai1
たいせち,た,ち,0,high,ichi1|news1|nf02
しゆうひよう,し,う,0,high,news1|nf19
あきる,あ,る,0,high,ichi1|news2|nf26
たおる,た,る,0,high,gai1|ichi1
いつしつ,い,つ,0,high,news1|nf12
しんきよ,し,よ,0,high,news1|nf23
どろつぷ,ど,ぷ,0,high,gai1
かくかぞく,か,く,0,high,news1|nf17
かのう,か,う,0,high,ichi1|news1|nf01
しんじゆう,し,う,0,high,ichi1|news1|nf15
へいし,へ,し,0,high,ichi1|news1|nf03
いだく,い,く,0,high,ichi1
びしよぬれ,び,れ,0,high,ichi1
おくさん,お,ん,0,high,ichi1
じんい,じ,い,0,high,news1|nf23
ゆうれい,ゆ,い,0,high,ichi1|news1|nf16
ぼつちやん,ぼ,ん,0,high,ichi1|news2|nf33
れんかん,れ,ん,0,high,news1|nf24
しゆかん,し,ん,0,high,ichi1|news1|news2|nf14|nf18|nf28
かつぱ,か,ぱ,0,high,gai1
てんねんがす,て,す,0,high,news1|nf08
してん,し,ん,0,high,ichi1|news1|nf02|nf04
こんや,こ,や,0,high,ichi1|news1|news2|nf18|nf28|spec2
とうひよう,と,う,0,high,ichi1|news1|nf01
きやつしゆ,き,ゆ,0,high,gai1
ようろういん,よ,ん,0,high,ichi1
しよくせいかつ,し,つ,0,high,news1|nf09
むてき,む,き,0,high,news2|nf32|spec1
みりりつとる,み,る,0,high,gai1
かんちがい,か,い,0,high,ichi1|news2|nf27
きよこう,き,う,0,high,ichi1|news1|nf20
つうこう,つ,う,0,high,ichi1|news1|nf08
いくえい,い,い,0,high,news1|nf10
りゆうきゆう,り,う,0,high,spec1
いんでいぺんでんと,い,と,0,high,gai1
くうち,く,ち,0,high,ichi1
ほんぶ,ほ,ぶ,0,high,ichi1|news1|nf01
おおる,お,る,0,high,gai1
でるた,で,た,0,high,gai1
ふくすう,ふ,う,0,high,ichi1|news1|nf03
ちほうぎかい,ち,い,0,high,news1|nf13
かいん,か,ん,0,high,news1|nf03|nf20
もうじん,も,ん,0,high,news1|nf20
めいく,め,く,0,high,gai1
えみ,え,み,0,high,news1|nf10
よぶん,よ,ん,0,high,ichi1|news2|nf43
せいみつ,せ,つ,0,high,ichi1|news1|nf12
おもいやる,お,る,0,high,spec1
たのみ,た,み,0,high,ichi1|news1|nf12
うちわけ,う,け,0,high,news1|nf07
ばれえぼおる,ば,る,0,high,gai1|ichi1
いちごん,い,ん,0,high,ichi1|news1|nf07
いすらむきよう,い,う,0,high,ichi1
もじ,も,じ,0,high,ichi1|news1|nf03
かんぽうやく,か,く,0,high,ichi1|news1|nf18
どうせん,ど,ん,0,high,news1|nf18
ゆうじや,ゆ,や,0,high,news2|nf39|spec1
ほおむせきゆりてい,ほ,い,0,high,gai1
しし,し,し,0,high,ichi1|news1|nf01|nf04|nf11|nf13
ふああすと,ふ,と,0,high,gai1|ichi1
ぎやんぐ,ぎ,ぐ,0,high,gai1
しゆとく,し,く,0,high,ichi1|news1|nf05
あらい,あ,い,0,high,ichi1|news2|nf36|nf42
ぷれえん,ぷ,ん,0,high,gai1
げんぜい,げ,い,0,high,news1|nf02
さつじん,さ,ん,0,high,ichi1|news1|nf03
せいさんしや,せ,や,0,high,spec1
あしば,あ,ば,0,high,news1|nf13
けえじ,け,じ,0,high,gai1
みみざわり,み,り,0,high,ichi1|news2|nf43
なちゆらる,な,る,0,high,gai1
おろおろ,お,ろ,0,high,ichi1
かおす,か,す,0,high,gai1
りたいあ,り,あ,0,high,gai1
りつち,り,ち,0,high,gai1|news1|nf10
みどり,み,り,0,high,ichi1|news1|nf03
おおどぶる,お,る,0,high,gai1
あたたまる,あ,る,0,high,ichi1|news1|nf24
さでいすていつく,さ,く,0,high,gai1
ぐりつぷ,ぐ,ぷ,0,high,gai1
きようちゆう,き,う,0,high,news1|nf24
こころずよい,こ,い,0,high,ichi1|news2|nf39
けぶ,け,ぶ,0,high,ichi1|news1|nf07
がんぺき,が,き,0,high,news1|nf19
しようむ,し,む,0,high,news1|nf09
につかん,に,ん,0,high,ichi1|news1|nf04|nf14
につく,に,く,0,high,gai1
あくやく,あ,く,0,high,news1|nf19
よんせん,よ,ん,0,high,news1|nf06|spec1
おかね,お,ね,0,high,ichi1|news1|nf04
りようくう,り,う,0,high,ichi1|news1|nf16
ぜんしん,ぜ,ん,0,high,ichi1|news1|nf06|nf10
じむいん,じ,ん,0,high,ichi1|news1|nf20
ひつよう,ひ,う,0,high,ichi1|news1|nf01
とげる,と,る,0,high,ichi1|news2|nf25
なんばあぷれえと,な,と,0,high,gai1
しご,し,ご,0,high,news1|nf06|nf24
だが,だ,が,0,high,spec1
のり,の,り,0,high,ichi1|news1|news2|nf07|nf33|nf38
たいのう,た,う,0,high,ichi1|news1|nf18
ぶらんでえ,ぶ,え,0,high,gai1
はりけえん,は,ん,0,high,gai1
ひきおこす,ひ,す,0,high,ichi1|news2|nf26
びいちさんだる,び,る,0,high,spec1
じえい,じ,い,0,high,ichi1|news1|nf07|nf13
きいぷ,き,ぷ,0,high,gai1
かわぐち,か,ち,0,high,ichi1|news1|nf08|nf10
けいしき,け,き,0,high,ichi1|news1|nf05|nf24
ていらにい,て,い,0,high,gai1
めつき,め,き,0,high,ichi1|news2|nf44
うとうと,う,と,0,high,ichi1
どき,ど,き,0,high,news1|nf13
さはらさばく,さ,く,0,high,spec1
しゆうとう,し,う,0,high,news1|nf19
ぶつだん,ぶ,ん,0,high,news1|nf22
くれあちにんくりあらんす,く,す,0,high,gai1
ちゆうわ,ち,わ,0,high,ichi1|news2|nf29
まつきんとつしゆ,ま,ゆ,0,high,gai1
ぼうご,ぼ,ご,0,high,news1|nf07
つくよ,つ,よ,0,high,ichi1|news2|nf42
はなみず,は,ず,0,high,news2|nf32|spec1
らふまにのふ,ら,ふ,0,high,gai1
しんちゆう,し,う,0,high,ichi1
せそう,せ,う,0,high,ichi1|news1|nf15
ふなぬし,ふ,し,0,high,news1|nf24
ぽおたぶる,ぽ,る,0,high,gai1
せりあう,せ,う,0,high,news1|nf12
きゆうとう,き,う,0,high,news1|nf15
ていそ,て,そ,0,high,news1|nf08
ないき,な,き,0,high,news1|nf17
かてん,か,ん,0,high,news1|nf13
びんじよう,び,う,0,high,ichi1|news1|nf24
おぺれえたあ,お,あ,0,high,gai1
さべつ,さ,つ,0,high,ichi1|news1|nf03
びじん,び,ん,0,high,ichi1|news1|nf11|spec1
おとしあな,お,な,0,high,news1|nf19
くらうん,く,ん,0,high,gai1
しんきんかん,し,ん,0,high,news1|nf20
こうみんけん,こ,ん,0,high,news1|nf14
ちえつくいん,ち,ん,0,high,gai1
くろおずあつぷ,く,ぷ,0,high,gai1
めつせえじ,め,じ,0,high,gai1|ichi1
きずく,き,く,0,high,ichi1|news2|nf31|spec1
そうざい,そ,い,0,high,news2|nf25|spec1
ひようが,ひ,が,0,high,news1|nf19
ふみえ,ふ,え,0,high,news1|nf21
もほう,も,う,0,high,ichi1|news2|nf32
めいもく,め,く,0,high,ichi1|news1|nf05
きゆうぞう,き,う,0,high,ichi1|news1|nf08
こうらく,こ,く,0,high,ichi1|news1|nf20
ほこうしやてんごく,ほ,く,0,high,ichi1
しゆうぜん,し,ん,0,high,ichi1|news1|nf22
どういたしまして,ど,て,0,high,ichi1
こんたくとれんず,こ,ず,0,high,gai1
べんじよ,べ,よ,0,high,ichi1|news2|nf25
さしみ,さ,み,0,high,ichi1|news1|nf14
だいち,だ,ち,0,high,ichi1|news1|nf09|nf22
ねがわくは,ね,は,0,high,ichi1
やまかげ,や,げ,0,high,news1|nf24
ばんめ,ば,め,0,high,ichi1
ぽとふ,ぽ,ふ,0,high,gai1
しつぱいだん,し,ん,0,high,spec1
ぷれたぽるて,ぷ,て,0,high,gai1
ばくぜん,ば,ん,0,high,ichi1|news1|nf22
こんぼん,こ,ん,0,high,ichi1|news1|nf06
みもと,み,と,0,high,ichi1|news1|nf08
ふつうよきん,ふ,ん,0,high,news1|nf13
ちくしよう,ち,う,0,high,ichi1
にぎらす,に,す,0,high,news1|nf20
ぐらうんど,ぐ,ど,0,high,gai1|ichi1
まにあわせ,ま,せ,0,high,ichi1
れいこく,れ,く,0,high,ichi1|news2|nf26
とけい,と,い,0,high,ichi1|news1|nf07
そそぎこむ,そ,む,0,high,news1|nf19
ぷろぺら,ぷ,ら,0,high,gai1
ふしようじ,ふ,じ,0,high,news1|nf04
からし,か,し,0,high,ichi1
みんかんほうそう,み,う,0,high,news1|nf19
たいる,た,る,0,high,gai1
いとてき,い,き,0,high,news1|nf14
どうしても,ど,も,0,high,ichi1
のみかい,の,い,0,high,spec1
めく,め,く,0,high,ichi1
ふうじて,ふ,て,0,high,news1|nf17
かんわざ,か,ざ,0,high,ichi1
こくろん,こ,ん,0,high,news1|nf20
あすべすと,あ,と,0,high,gai1
ばつくぐらうんど,ば,ど,0,high,gai1
うけつぐ,う,ぐ,0,high,ichi1|news1|nf20
あいどく,あ,く,0,high,ichi1|news1|nf22
へいや,へ,や,0,high,ichi1|news1|nf09
