reading,start_char,end_char,priority_rank,priority_label,priority_tags
おんえあ,お,あ,0,high,gai1
たびさき,た,き,0,high,news1|nf22
じゆせい,じ,い,0,high,news1|news2|nf24|nf28
じつしつ,じ,つ,0,high,news1|nf03
そつい,そ,い,0,high,news1|nf22
びつしより,び,り,0,high,ichi1
かせいふ,か,ふ,0,high,news1|nf19
けむる,け,る,0,high,ichi1
うまれ,う,れ,0,high,ichi1
おうごん,お,ん,0,high,ichi1|news1|nf09
けんちくか,け,か,0,high,spec1
じゆうゆ,じ,ゆ,0,high,news1|nf20
こすもぽりたん,こ,ん,0,high,gai1
げんしゆう,げ,う,0,high,news1|nf09
くろしお,く,お,0,high,news1|nf22
むめ,む,め,0,high,ichi1|news1|nf07
らんかく,ら,く,0,high,ichi1|news1|nf21
あれほど,あ,ど,0,high,spec1
しんらい,し,い,0,high,ichi1|news1|nf03
おもかげ,お,げ,0,high,ichi1|news1|nf17
いしきてき,い,き,0,high,news1|nf17
さんぽう,さ,う,0,high,news1|nf23
じようぎ,じ,ぎ,0,high,ichi1|news2|nf36
げえむせんたあ,げ,あ,0,high,gai1
てわたす,て,す,0,high,news1|nf17
まきし,ま,し,0,high,gai1
おだいじに,お,に,0,high,spec1
にて,に,て,0,high,spec1
まいくろばす,ま,す,0,high,gai1
くたばる,く,る,0,high,ichi1
ほとけ,ほ,け,0,high,ichi1
べき,べ,き,0,high,spec1
じやまいか,じ,か,0,high,gai1
かんぱい,か,い,0,high,ichi1|news1|nf17|nf21
ふほう,ふ,う,0,high,ichi1|news1|nf05
かんしん,か,ん,0,high,ichi1|news1|nf01|nf10
そうしつ,そ,つ,0,high,ichi1|news1|nf14
しやかいしゆぎ,し,ぎ,0,high,news1|nf03
しるくろおど,し,ど,0,high,gai1
じよじよに,じ,に,0,high,news1|nf05
いぞんしよう,い,う,0,high,spec1
きやんぷ,き,ぷ,0,high,gai1|ichi1
にぎりずし,に,し,0,high,ichi1|news2|nf46
もちあい,も,い,0,high,news1|nf23
よるごはん,よ,ん,0,high,spec1
ぞうきばやし,ぞ,し,0,high,news1|nf16
りようしゆう,り,う,0,high,ichi1|news1|news2|nf17|nf32
はんど,は,ど,0,high,gai1
ふまん,ふ,ん,0,high,ichi1|news1|nf02
ふらわああれんじめんと,ふ,と,0,high,gai1
ながい,な,い,0,high,ichi1|news1|nf15
たらたら,た,ら,0,high,ichi1
らばあ,ら,あ,0,high,gai1
まちやくば,ま,ば,0,high,news1|nf18
ほし,ほ,し,0,high,ichi1|news1|nf05
めんどう,め,う,0,high,ichi1|news1|nf08
きもち,き,ち,0,high,ichi1|news1|nf01
めす,め,す,0,high,gai1|ichi1|news1|nf15
ひめ,ひ,め,0,high,news1|nf07
きやろる,き,る,0,high,gai1
あいじん,あ,ん,0,high,news1|nf13
かしら,か,ら,0,high,ichi1|spec1
ちゆうこしや,ち,や,0,high,news1|nf13
わかる,わ,る,0,high,ichi1|news2|nf39|spec1
せんもんがつこう,せ,う,0,high,news1|nf08
たんざにあ,た,あ,0,high,gai1
しよたいめん,し,ん,0,high,news1|nf21
たたむ,た,む,0,high,ichi1
ちやあたあ,ち,あ,0,high,gai1
がんそ,が,そ,0,high,news1|nf17
やくがら,や,ら,0,high,news1|nf19
ひとつ,ひ,つ,0,high,ichi1|news1|nf01
いつとき,い,き,0,high,ichi1|spec1
きゆうげき,き,き,0,high,ichi1|news1|nf05
もんたな,も,な,0,high,gai1
ぞんじる,ぞ,る,0,high,ichi1|news2|nf29
しゆとけん,し,ん,0,high,news1|nf03
まぐにちゆうど,ま,ど,0,high,gai1
せんえん,せ,ん,0,high,spec1
そんちよう,そ,う,0,high,ichi1|news1|nf08|nf11
あんてい,あ,い,0,high,ichi1|news1|nf02
のきなみ,の,み,0,high,ichi1|news2|nf31
ごい,ご,い,0,high,ichi1|news2|nf37
せんめい,せ,い,0,high,news1|nf05
じかよう,じ,う,0,high,news1|nf24
おおでいお,お,お,0,high,gai1
ぶい,ぶ,い,0,high,gai1|news1|nf21
かもしれません,か,ん,0,high,spec1
かくべち,か,ち,0,high,ichi1|news1|nf19
おとしもの,お,の,0,high,ichi1|news2|nf40|spec1
はこ,は,こ,0,high,ichi1|news1|nf09
てはじめ,て,め,0,high,news1|nf19
じゆうこう,じ,う,0,high,news1|nf17
はたあげ,は,げ,0,high,news1|nf15
だいじよおぶ,だ,ぶ,0,high,ichi1|news1|nf06
かんじよう,か,う,0,high,ichi1|news1|nf04|nf11|nf21
けんぶん,け,ん,0,high,ichi1|news2|nf28
きゆうきゆういりよう,き,う,0,high,spec1
ぶるうからあ,ぶ,あ,0,high,gai1
しよじやく,し,く,0,high,ichi1|news1|nf09
しさ,し,さ,0,high,ichi1|news1|nf18
ふつかつ,ふ,つ,0,high,ichi1|news1|nf04
ちきしよう,ち,う,0,high,ichi1
むきりよく,む,く,0,high,news1|nf23
ちじよう,ち,う,0,high,ichi1|news1|nf03
こいつら,こ,ら,0,high,spec1
くりええたあ,く,あ,0,high,gai1
へいこう,へ,う,0,high,ichi1|news1|news2|nf21|nf33
とうろく,と,く,0,high,ichi1|news1|nf03
らりい,ら,い,0,high,gai1
のぞましい,の,い,0,high,ichi1|news1|nf19
あきびと,あ,と,0,high,ichi1|news1|nf13
ろうし,ろ,し,0,high,news1|nf06
じゆうめん,じ,ん,0,high,ichi1
つくだ,つ,だ,0,high,news1|nf22
はさみうち,は,ち,0,high,news1|nf24
つばめ,つ,め,0,high,ichi1|news1|nf21|spec1
めんする,め,る,0,high,ichi1|news2|nf31
らくがき,ら,き,0,high,news1|nf22
ふうりゆう,ふ,う,0,high,ichi1|news2|nf41
しんまい,し,い,0,high,ichi1|news1|nf16
だいたん,だ,ん,0,high,ichi1|news1|nf06
こまかい,こ,い,0,high,ichi1|news1|nf09
しように,し,に,0,high,news1|nf10
こおすたあ,こ,あ,0,high,gai1
おおさじ,お,じ,0,high,news1|nf13
しええかあ,し,あ,0,high,gai1
えんかいしゆう,え,う,0,high,news1|nf24
かおく,か,く,0,high,ichi1|news1|nf11
どういたしまして,ど,て,0,high,ichi1
あいず,あ,ず,0,high,ichi1|news1|nf16
うけとり,う,り,0,high,ichi1|news1|nf14
あどれす,あ,す,0,high,gai1
せきさい,せ,い,0,high,news1|nf17
あいじよう,あ,う,0,high,ichi1|news1|nf09
でもたい,で,い,0,high,spec1
びいだま,び,ま,0,high,spec1
あゆ,あ,ゆ,0,high,news2|nf37|spec1
まんしよん,ま,ん,0,high,gai1|ichi1
つる,つ,る,0,high,ichi1|news1|news2|nf07|nf18|nf35
れいだい,れ,い,0,high,ichi1
じようずる,じ,る,0,high,ichi1
ふごうり,ふ,り,0,high,ichi1|news1|nf18
ふいいと,ふ,と,0,high,gai1
かこむ,か,む,0,high,ichi1|news1|nf07
にしても,に,も,0,high,spec1
とりにとろとるえん,と,ん,0,high,gai1
あきんど,あ,ど,0,high,ichi1|news1|nf13
こうこがく,こ,く,0,high,news1|nf10
ぜんそくりよく,ぜ,く,0,high,ichi1|news2|nf47
ぼさのば,ぼ,ば,0,high,gai1
りゆうこうか,り,か,0,high,ichi1|news2|nf28
さんるうふ,さ,ふ,0,high,gai1
やわらかい,や,い,0,high,ichi1|news1|nf20
せんきよう,せ,う,0,high,news1|nf11|nf20
そうさい,そ,い,0,high,ichi1|news1|news2|nf01|nf20|nf36
こころをこめて,こ,て,0,high,spec1
そうかん,そ,ん,0,high,ichi1|news1|news2|nf07|nf15|nf16|nf34
げつしよく,げ,く,0,high,ichi1|news2|nf39
おもいなおす,お,す,0,high,ichi1|news2|nf43
らみねえと,ら,と,0,high,gai1
ていかかく,て,く,0,high,news1|nf09
たいこう,た,う,0,high,ichi1|news1|nf04|nf06|nf21
じひよう,じ,う,0,high,news1|nf08
ぷろせす,ぷ,す,0,high,gai1
たてこむ,た,む,0,high,ichi1
そくてい,そ,い,0,high,ichi1|news1|nf08
けんこうほけん,け,ん,0,high,news1|nf11
てわけ,て,け,0,high,ichi1|news2|nf28
ですく,で,く,0,high,gai1
るねつさんす,る,す,0,high,gai1
たすけあい,た,い,0,high,news1|nf24
ひどい,ひ,い,0,high,ichi1
てのおる,て,る,0,high,gai1
げんだい,げ,い,0,high,ichi1|news1|nf02
はるか,は,か,0,high,ichi1|news2|nf39
するう,す,う,0,high,gai1
ぶんだん,ぶ,ん,0,high,news1|nf23
きらう,き,う,0,high,ichi1|news1|nf16
もうどうけん,も,ん,0,high,news1|nf16
ぼおからあ,ぼ,あ,0,high,gai1
たいきよ,た,よ,0,high,news1|nf13
こうりかかく,こ,く,0,high,news1|nf09
けんてい,け,い,0,high,ichi1|news1|nf07
ねんじゆう,ね,う,0,high,ichi1|news1|nf16
すじみち,す,ち,0,high,ichi1|news2|nf28
にほんけいざい,に,い,0,high,spec1
かいはつとじようこく,か,く,0,high,spec1
かこ,か,こ,0,high,ichi1|news1|nf01
ほうれい,ほ,い,0,high,ichi1|news1|nf12
はず,は,ず,0,high,ichi1|news2|nf42
ちがいない,ち,い,0,high,ichi1
たんさ,た,さ,0,high,news1|nf13
ぷるとにうむ,ぷ,む,0,high,gai1
がいこうかん,が,ん,0,high,news1|nf07
ひきもどす,ひ,す,0,high,ichi1|news2|nf44
ぜいほう,ぜ,う,0,high,news1|nf13
びすたかあ,び,あ,0,high,gai1
ぱあていい,ぱ,い,0,high,gai1|ichi1
ひつしよう,ひ,う,0,high,news1|nf17
すうぱあまん,す,ん,0,high,gai1
たかさ,た,さ,0,high,ichi1|news1|nf04
ぞうさん,ぞ,ん,0,high,news1|nf12
すうち,す,ち,0,high,ichi1|news1|nf05
みはなす,み,す,0,high,ichi1|news1|nf21
うけわたし,う,し,0,high,news1|nf21
るび,る,び,0,high,gai1
きんずる,き,る,0,high,ichi1|news2|nf33
くろうと,く,と,0,high,ichi1|news2|nf29
おふさいど,お,ど,0,high,gai1
ちかくへんどう,ち,う,0,high,news1|nf17
さめ,さ,め,0,high,news2|nf38|spec1
とつけん,と,ん,0,high,ichi1|news1|nf11
つど,つ,ど,0,high,news1|nf18
れきだい,れ,い,0,high,news1|nf07
ひようばん,ひ,ん,0,high,ichi1|news1|nf05
たいせい,た,い,0,high,ichi1|news1|nf01|nf03|nf19|nf20|nf22
ぶれえん,ぶ,ん,0,high,gai1
ぶれざあ,ぶ,あ,0,high,gai1
つけ,つ,け,0,high,ichi1
おおと,お,と,0,high,gai1
いりのい,い,い,0,high,gai1
ねぎ,ね,ぎ,0,high,ichi1
たかまり,た,り,0,high,news1|nf08
よろこばしい,よ,い,0,high,news1|nf19
さぐる,さ,る,0,high,ichi1|news2|nf39
ねつたい,ね,い,0,high,ichi1|news1|nf06
きゆうゆしよ,き,よ,0,high,ichi1
だりよく,だ,く,0,high,news1|nf13
ぱすぽおと,ぱ,と,0,high,gai1|ichi1
こうは,こ,は,0,high,news1|nf08
まつくら,ま,ら,0,high,ichi1|news1|nf11
れこおでいんぐ,れ,ぐ,0,high,gai1
しゆぞく,し,く,0,high,news2|nf40|spec1
あだびと,あ,と,0,high,ichi1|news1|nf05
あんがい,あ,い,0,high,ichi1|news1|nf15
おはこ,お,こ,0,high,news1|nf15
はじまり,は,り,0,high,ichi1|news1|nf07
だから,だ,ら,0,high,ichi1
ちちゆうかい,ち,い,0,high,news1|nf12
じんせいかん,じ,ん,0,high,news1|nf20
けつぎ,け,ぎ,0,high,ichi1|news1|nf01
へんじや,へ,や,0,high,news1|nf22
ていしゆつ,て,つ,0,high,ichi1|news1|nf03
ふうど,ふ,ど,0,high,gai1|news1|nf08
くうぐん,く,ん,0,high,ichi1|news1|nf05
たす,た,す,0,high,ichi1|news2|nf40
すとおんうおつしゆ,す,ゆ,0,high,gai1
ふりようひん,ふ,ん,0,high,spec1
すいてき,す,き,0,high,ichi1|news2|nf30
ひよつこ,ひ,こ,0,high,ichi1|news2|nf25
ある,あ,る,0,high,ichi1|news1|news2|nf05|nf23|nf37|spec1
かおる,か,る,0,high,ichi1|news2|nf33
ほんりゆう,ほ,う,0,high,news1|nf15
ばつそく,ば,く,0,high,ichi1|news1|nf08
ちようせつ,ち,つ,0,high,ichi1|news1|nf15
かてん,か,ん,0,high,news1|nf13
もうしこむ,も,む,0,high,ichi1|news2|nf39
かいばつ,か,つ,0,high,ichi1|news2|nf29
いすらむきよう,い,う,0,high,ichi1
かふ,か,ふ,0,high,ichi1|news2|nf44
あぐれつしぶ,あ,ぶ,0,high,gai1
おおよろこび,お,び,0,high,ichi1|news1|nf16
ごるふああ,ご,あ,0,high,gai1
わいろ,わ,ろ,0,high,ichi1|news2|nf36
しゆつぴん,し,ん,0,high,ichi1|news1|nf11
まで,ま,で,0,high,news2|nf46|spec1
ひざまずく,ひ,く,0,high,ichi1
みらあ,み,あ,0,high,gai1
かんばん,か,ん,0,high,ichi1|news1|nf05
あんてな,あ,な,0,high,gai1|ichi1
べつもんだい,べ,い,0,high,ichi1|news1|nf20
なんどでも,な,も,0,high,spec1
ふんしや,ふ,や,0,high,news1|nf23
かいぎよう,か,う,0,high,news1|nf11
おんらいん,お,ん,0,high,gai1
ふあいぶすたあ,ふ,あ,0,high,gai1
すきんしつぷ,す,ぷ,0,high,gai1
はるやすみ,は,み,0,high,news1|nf24
ぼつとう,ぼ,う,0,high,ichi1|news1|nf19
かたむく,か,く,0,high,ichi1
でんあつ,で,つ,0,high,ichi1|news1|nf23
ことごとく,こ,く,0,high,ichi1
そうたいてき,そ,き,0,high,ichi1|news1|nf13
がる,が,る,0,high,spec1
ずうずうしい,ず,い,0,high,ichi1
ぶらく,ぶ,く,0,high,news1|nf16
どれどれ,ど,れ,0,high,ichi1
てんしん,て,ん,0,high,news1|nf18
だは,だ,は,0,high,ichi1|news1|nf16
ゆるがす,ゆ,す,0,high,ichi1|news1|nf18
こきん,こ,ん,0,high,news1|nf16
きげんぜん,き,ん,0,high,news1|nf19
だんな,だ,な,0,high,ichi1|news2|nf38
はちじゆう,は,う,0,high,news1|nf04|spec1
げんそう,げ,う,0,high,ichi1|news1|nf09
やんがあじえねれえしよん,や,ん,0,high,gai1
だいかいてん,だ,ん,0,high,news1|nf14
ゆうち,ゆ,ち,0,high,news1|nf09
ふろつぴいでいすく,ふ,く,0,high,gai1
ぽつぷああと,ぽ,と,0,high,gai1
どうでもよい,ど,い,0,high,spec1
べつべつ,べ,つ,0,high,ichi1|news1|nf10
きねんび,き,び,0,high,ichi1|news1|nf07
やど,や,ど,0,high,ichi1|news1|nf07
こおふん,こ,ん,0,high,ichi1|news1|nf11
へんにゆう,へ,う,0,high,ichi1|news1|nf19
このあいだ,こ,だ,0,high,ichi1
よたり,よ,り,0,high,spec1
くつだらねえ,く,え,0,high,ichi1
けんり,け,り,0,high,ichi1|news1|nf02
にゆうとん,に,ん,0,high,gai1
たいおん,た,ん,0,high,ichi1|news1|nf14
むけい,む,い,0,high,ichi1|news2|nf28
げんきよう,げ,う,0,high,news1|nf17|nf19
べつしつ,べ,つ,0,high,news1|nf23
りだつ,り,つ,0,high,news1|nf06
わきやく,わ,く,0,high,ichi1|news2|nf34
ごくちゆう,ご,う,0,high,news1|nf15
さうじ,さ,じ,0,high,gai1
さんかしや,さ,や,0,high,news1|nf03
おとこたち,お,ち,0,high,spec1
ししよう,し,う,0,high,news1|nf07|nf09
おおもの,お,の,0,high,news1|nf07
かぶせる,か,る,0,high,ichi1
とうほく,と,く,0,high,news1|nf02
えんでん,え,ん,0,high,news1|nf24
こりあ,こ,あ,0,high,gai1
さんしやいん,さ,ん,0,high,gai1
たてつく,た,く,0,high,ichi1
よつかど,よ,ど,0,high,ichi1
ひきわたす,ひ,す,0,high,news1|nf20
じゆもく,じ,く,0,high,ichi1|news1|nf09
ここん,こ,ん,0,high,news1|nf16
めいど,め,ど,0,high,spec1
ふあんたすていつく,ふ,く,0,high,gai1
はつみつ,は,つ,0,high,ichi1
よき,よ,き,0,high,ichi1|news1|nf17|nf18
かんだんけい,か,い,0,high,ichi1
なんせい,な,い,0,high,ichi1|news1|nf06
いたす,い,す,0,high,ichi1|news1|nf24
ういんかあ,う,あ,0,high,gai1
なかでも,な,も,0,high,news1|nf06
よん,よ,ん,0,high,ichi1|news1|nf01
みようじ,み,じ,0,high,ichi1|news2|nf26
ずいひつ,ず,つ,0,high,ichi1|news1|nf18
しようげん,し,ん,0,high,news1|nf03
ばんこん,ば,ん,0,high,news1|nf22
ことがある,こ,る,0,high,spec1
かんりにん,か,ん,0,high,spec1
きおく,き,く,0,high,ichi1|news1|nf04
ようもう,よ,う,0,high,ichi1|news2|nf27
ふゆうじよん,ふ,ん,0,high,gai1
はなはだ,は,だ,0,high,ichi1|news2|nf31
くんよみ,く,み,0,high,ichi1
うつしだす,う,す,0,high,news1|nf15
すいぶん,す,ん,0,high,ichi1|news1|nf11
にん,に,ん,0,high,ichi1|news1|nf04|nf14
しようずみ,し,み,0,high,news1|nf10
ふつごう,ふ,う,0,high,ichi1|news2|nf27
きんり,き,り,0,high,ichi1|news1|nf01
わかもん,わ,ん,0,high,ichi1|news1|nf02
あれだけ,あ,け,0,high,spec1
よめい,よ,い,0,high,news1|nf23
いただきます,い,す,0,high,ichi1
もるひね,も,ね,0,high,gai1
そろばん,そ,ん,0,high,ichi1
はなはだしい,は,い,0,high,ichi1|news2|nf45
みかける,み,る,0,high,news2|nf35|spec1
すてんどぐらす,す,す,0,high,gai1
こうにんかいけいし,こ,し,0,high,news1|nf23
なずける,な,る,0,high,ichi1|news2|nf27
だいじん,だ,ん,0,high,ichi1|news1|nf03
ちよくえい,ち,い,0,high,news1|nf17
うるし,う,し,0,high,news1|nf19
いつぱんてき,い,き,0,high,news1|nf05
せちがい,せ,い,0,high,news1|nf07
まちずくり,ま,り,0,high,spec1
はんじよう,は,う,0,high,ichi1|news2|nf27
こま,こ,ま,0,high,gai1|ichi1|news1|nf07
じちけん,じ,ん,0,high,news1|nf15
はねむうん,は,ん,0,high,gai1
たまむしいろ,た,ろ,0,high,news1|nf19
ふりむく,ふ,く,0,high,ichi1
まちどおしい,ま,い,0,high,ichi1|news2|nf30
いんせき,い,き,0,high,news1|nf14
しんから,し,ら,0,high,news1|nf08|spec1
さんど,さ,ど,0,high,gai1|news1|nf13
じぎよう,じ,う,0,high,ichi1|news1|nf01|nf14
おちつく,お,く,0,high,ichi1|news2|nf36
りやくれき,り,き,0,high,news1|nf24
えんじ,え,じ,0,high,news1|nf15
こくさく,こ,く,0,high,news1|nf20
しえん,し,ん,0,high,ichi1|news1|nf01
ぎよおざ,ぎ,ざ,0,high,ichi1|news2|nf45
ふえあ,ふ,あ,0,high,gai1
ほむら,ほ,ら,0,high,ichi1|news1|nf11
みにすかあと,み,と,0,high,gai1
てんちよう,て,う,0,high,news1|nf10
けいざいてき,け,き,0,high,ichi1|news1|nf04
こわだか,こ,か,0,high,news1|nf17
しんぱい,し,い,0,high,ichi1|news1|nf04
しみゆれえしよん,し,ん,0,high,gai1
とまどう,と,う,0,high,ichi1|news2|nf41
とおきい,と,い,0,high,gai1
りぞおとほてる,り,る,0,high,gai1
ふしぎ,ふ,ぎ,0,high,ichi1|news1|nf13
げんじん,げ,ん,0,high,news1|nf16
まじわる,ま,る,0,high,ichi1|news2|nf31
ほじゆう,ほ,う,0,high,ichi1|news1|nf15
くさり,く,り,0,high,ichi1|news1|nf20
なんだい,な,い,0,high,news1|nf13
ほうもつ,ほ,つ,0,high,ichi1|news1|nf17
ほりよ,ほ,よ,0,high,ichi1|news1|nf06
みせす,み,す,0,high,gai1|ichi1
えんだて,え,て,0,high,news1|nf24
やきもち,や,ち,0,high,ichi1
はす,は,す,0,high,news1|nf11
おもて,お,て,0,high,ichi1|news1|nf06
ゆきぐに,ゆ,に,0,high,news1|nf22
つぎつぎに,つ,に,0,high,ichi1
すげえ,す,え,0,high,spec1
すたあたあ,す,あ,0,high,gai1
ながそで,な,で,0,high,ichi1
しやんはい,し,い,0,high,spec1
はがす,は,す,0,high,ichi1
かれんだあ,か,あ,0,high,gai1|ichi1
つまり,つ,り,0,high,ichi1|news2|nf31
へいきんてん,へ,ん,0,high,news1|nf24
べんきようちゆう,べ,う,0,high,spec1
ゆがむ,ゆ,む,0,high,ichi1
こゆう,こ,う,0,high,ichi1|news1|nf09
ぼおるど,ぼ,ど,0,high,gai1
わん,わ,ん,0,high,gai1|ichi1|news1|news2|nf03|nf34
ひとにぎり,ひ,り,0,high,ichi1|news1|nf24
こくち,こ,ち,0,high,news1|nf11
かたがわ,か,わ,0,high,ichi1|news1|nf23
のおさいど,の,ど,0,high,gai1
だいしぜん,だ,ん,0,high,news1|nf17
ていじせい,て,い,0,high,news1|nf18
ろうどうしよう,ろ,う,0,high,news1|nf05
そうおん,そ,ん,0,high,ichi1|news1|nf06
しおれる,し,る,0,high,ichi1
くりいく,く,く,0,high,gai1
らんばい,ら,い,0,high,news1|nf15
わりびき,わ,き,0,high,ichi1|news1|nf09
しゆつどう,し,う,0,high,news1|nf10
そうご,そ,ご,0,high,ichi1|news1|nf02
やごう,や,う,0,high,news1|nf18
おぺら,お,ら,0,high,gai1
ほんかく,ほ,く,0,high,news1|nf03
ちえつかあ,ち,あ,0,high,gai1
せいどく,せ,く,0,high,news1|nf10
かがくひりよう,か,う,0,high,news1|nf17
ごりようしようください,ご,い,0,high,spec1
かげつ,か,つ,0,high,ichi2|spec1
たくす,た,す,0,high,ichi1|news1|nf21
じゆれい,じ,い,0,high,news1|nf20
あしぶみ,あ,み,0,high,ichi1|news1|nf17
りいぐ,り,ぐ,0,high,gai1
こずかい,こ,い,0,high,ichi1|news1|nf13
わび,わ,び,0,high,ichi1
まぎれもない,ま,い,0,high,spec1
ひだりあし,ひ,し,0,high,spec1
ばんぜん,ば,ん,0,high,news1|nf10
ふごう,ふ,う,0,high,ichi1|news1|news2|nf20|nf35
けいたい,け,い,0,high,ichi1|news1|nf05|nf06
おくり,お,り,0,high,news1|nf08
あんき,あ,き,0,high,ichi1|news2|nf32
じようて,じ,て,0,high,ichi1|news1|nf12
だいこう,だ,う,0,high,ichi1|news1|nf04
かんもん,か,ん,0,high,ichi1|news1|nf02|nf18
りゆうと,り,と,0,high,gai1
そじよう,そ,う,0,high,news1|nf10
ちゆういほう,ち,う,0,high,news1|nf21
よわまる,よ,る,0,high,ichi1|news2|nf25
かなぐ,か,ぐ,0,high,news1|nf22
ふおおかす,ふ,す,0,high,gai1
せいうん,せ,ん,0,high,news1|nf23
だいしんさい,だ,い,0,high,news1|nf15
とりたて,と,て,0,high,news1|nf22
さわぎ,さ,ぎ,0,high,ichi1|news1|nf05
ういんく,う,く,0,high,gai1
きざむ,き,む,0,high,ichi1|news1|nf14
まぞ,ま,ぞ,0,high,gai1
どのぐらい,ど,い,0,high,ichi1|spec1
おどろく,お,く,0,high,ichi1
ゆうかい,ゆ,い,0,high,ichi1|news1|nf06
ていじ,て,じ,0,high,news1|nf10|nf15
げんりゆう,げ,う,0,high,news1|nf18
にじゆうよんにち,に,ち,0,high,spec1
はんげん,は,ん,0,high,ichi1|news1|nf19
しゆつらい,し,い,0,high,news1|nf09
ぱんや,ぱ,や,0,high,spec1
いきずまり,い,り,0,high,news1|nf16
じようげ,じ,げ,0,high,ichi1|news1|nf05
ごおぐる,ご,る,0,high,gai1
ちんあげ,ち,げ,0,high,news1|nf05
につしよく,に,く,0,high,ichi1|news1|nf22
へつどらいと,へ,と,0,high,gai1
ほれる,ほ,る,0,high,ichi1
きごころ,き,ろ,0,high,ichi1|news2|nf29
にく,に,く,0,high,ichi1|news1|nf05
なすび,な,び,0,high,ichi1
ちようしよく,ち,く,0,high,ichi1|news1|nf08
まにあわせる,ま,る,0,high,ichi1|news1|nf20
こんちえると,こ,と,0,high,gai1
こおちんぐ,こ,ぐ,0,high,spec1
たいへいようせんそう,た,う,0,high,news1|nf08
いちがいに,い,に,0,high,ichi1|news1|nf24
なしよなるちええん,な,ん,0,high,gai1
はいすい,は,い,0,high,ichi1|news1|nf09
そこ,そ,こ,0,high,ichi1|news1|nf04|spec1
ほんごく,ほ,く,0,high,ichi1|news1|nf07
はんせん,は,ん,0,high,ichi1|news1|nf09|nf20
しるし,し,し,0,high,ichi1|news1|nf07
くだる,く,る,0,high,ichi1|news1|nf17
せなか,せ,か,0,high,ichi1|news1|nf07
ぱんだ,ぱ,だ,0,high,gai1|ichi1
とおり,と,り,0,high,ichi1
ちくび,ち,び,0,high,news2|nf42|spec1
たいにん,た,ん,0,high,news1|nf10
こよい,こ,い,0,high,news2|nf46|spec1
ねつくれす,ね,す,0,high,gai1|ichi1
のびのび,の,び,0,high,ichi1|news1|nf23
くつじよく,く,く,0,high,news1|nf13
じつけんしつ,じ,つ,0,high,news1|nf18
なのめ,な,め,0,high,ichi1|news1|nf15
せれくしよん,せ,ん,0,high,gai1
かわし,か,し,0,high,ichi1|news1|nf03
にさいして,に,て,0,high,spec1
こちこち,こ,ち,0,high,ichi1
ほくとう,ほ,う,0,high,ichi1|news1|nf06
だんけつ,だ,つ,0,high,ichi1|news1|nf10
きやつぷ,き,ぷ,0,high,gai1
いばしよ,い,よ,0,high,news1|nf20
がくもん,が,ん,0,high,ichi1|news1|nf10
かんまつ,か,つ,0,high,news1|nf19
にゆうしよう,に,う,0,high,ichi1|news1|nf05
げきとつ,げ,つ,0,high,news1|nf21
ぼれろ,ぼ,ろ,0,high,gai1
しくじる,し,る,0,high,ichi1
における,に,る,0,high,spec1
ははこ,は,こ,0,high,news1|nf08
うまる,う,る,0,high,ichi1|news2|nf28
すむ,す,む,0,high,ichi1|news2|nf38|nf39|nf47
ぱつきんぐ,ぱ,ぐ,0,high,gai1
しばい,し,い,0,high,ichi1|news1|nf05
おみやげ,お,げ,0,high,ichi1
ねあげ,ね,げ,0,high,ichi1|news1|nf03
ばれえぼおる,ば,る,0,high,gai1|ichi1
ぼにゆう,ぼ,う,0,high,news1|nf16
はんたいせい,は,い,0,high,news1|nf12
さびしい,さ,い,0,high,ichi1|news2|nf33|spec1
こまあしやる,こ,る,0,high,gai1|ichi1
そめる,そ,る,0,high,ichi1|news2|nf27
へざあ,へ,あ,0,high,gai1
てんぐ,て,ぐ,0,high,news2|nf26|spec1
みだれ,み,れ,0,high,news1|nf09
こく,こ,く,0,high,news1|nf03|nf16|nf22
ごえい,ご,い,0,high,news1|nf13
りようば,り,ば,0,high,news1|nf22
はやさ,は,さ,0,high,ichi1|news1|nf12
こうぞう,こ,う,0,high,ichi1|news1|nf01
とうしや,と,や,0,high,ichi1|news1|news2|nf09|nf35
げかい,げ,い,0,high,news1|nf18
くるうじんぐ,く,ぐ,0,high,gai1
たつぴつ,た,つ,0,high,ichi1
あかでみいしよう,あ,う,0,high,spec1
いんち,い,ち,0,high,gai1
こんご,こ,ご,0,high,gai1|ichi1|news1|nf01
いつつ,い,つ,0,high,ichi1|news1|nf09
こんびに,こ,に,0,high,gai1
じようはつ,じ,つ,0,high,ichi1|news2|nf29
きつかけ,き,け,0,high,news1|nf03
いちいん,い,ん,0,high,ichi1|news1|nf07|nf09
ふらんくふると,ふ,と,0,high,gai1
はんそう,は,う,0,high,news1|nf21
たんき,た,き,0,high,ichi1|news1|news2|nf04|nf47
ぐりいん,ぐ,ん,0,high,gai1|ichi1
まよう,ま,う,0,high,ichi1|news2|nf25
とどめる,と,る,0,high,ichi1|news2|nf45
さいすたあと,さ,と,0,high,spec1
かしきり,か,り,0,high,ichi1|news2|nf40
それとも,そ,も,0,high,ichi1
へいあん,へ,ん,0,high,news1|nf09
おしいれ,お,れ,0,high,ichi1
かいとり,か,り,0,high,news1|news2|nf10|nf27|spec1
ありがとうございます,あ,す,0,high,spec1
えでいしよん,え,ん,0,high,gai1
ぼろぼろ,ぼ,ろ,0,high,ichi1|spec1
ぼうえき,ぼ,き,0,high,ichi1|news1|nf01|nf24
はんどう,は,う,0,high,ichi1|news1|nf11
らんだむ,ら,む,0,high,gai1
ぼおいんぐ,ぼ,ぐ,0,high,gai1
しよききよく,し,く,0,high,news1|nf13
まわる,ま,る,0,high,ichi1|news2|nf46|spec1
かいしじこく,か,く,0,high,spec1
もあれ,も,れ,0,high,gai1
しよつと,し,と,0,high,gai1
あおば,あ,ば,0,high,news1|nf13
ひらける,ひ,る,0,high,ichi1
せんとうき,せ,き,0,high,spec1
さんふおらいず,さ,ず,0,high,gai1
おらんだ,お,だ,0,high,spec1
かりよく,か,く,0,high,ichi1|news1|nf12
しちしちにち,し,ち,0,high,news1|nf08
おおとまちつく,お,く,0,high,gai1
かがやき,か,き,0,high,news1|nf14
よろこんで,よ,で,0,high,news1|nf05
とめがね,と,ね,0,high,news1|nf21
せるろいど,せ,ど,0,high,gai1
くうぜん,く,ん,0,high,news1|nf13
くるまいす,く,す,0,high,ichi1|news2|nf33
ぜつだい,ぜ,い,0,high,news1|nf18
だまる,だ,る,0,high,ichi1|news1|nf09
きやつち,き,ち,0,high,gai1
ちよつかつ,ち,つ,0,high,news1|nf16
さろん,さ,ん,0,high,gai1
けいほう,け,う,0,high,ichi1|news1|nf09|nf11
ざい,ざ,い,0,high,news1|nf13
いちたいいち,い,ち,0,high,news1|nf21|spec1
むなしい,む,い,0,high,ichi1|spec1
はんばあぐ,は,ぐ,0,high,gai1
あざける,あ,る,0,high,ichi1
しずおか,し,か,0,high,spec1
はんしやてき,は,き,0,high,ichi1|news2|nf41
むずかしい,む,い,0,high,ichi1|news1|nf07
せつやく,せ,く,0,high,ichi1|news1|nf12
さりい,さ,い,0,high,gai1
つまようじ,つ,じ,0,high,ichi1
じやすみん,じ,ん,0,high,gai1
きゆうゆじよ,き,よ,0,high,ichi1
こうみよう,こ,う,0,high,ichi1|news1|news2|nf15|nf20|nf30
しよくぶつえん,し,ん,0,high,ichi1|news1|nf17
まんりよう,ま,う,0,high,news1|nf10
こうえんかい,こ,い,0,high,spec1
はくば,は,ば,0,high,news1|nf16
くさのね,く,ね,0,high,news1|nf09
せいふく,せ,く,0,high,ichi1|news1|nf08|nf24
とういん,と,ん,0,high,news1|nf06
きんしよく,き,く,0,high,ichi1|news1|nf18
もるどば,も,ば,0,high,gai1
きゆうがく,き,く,0,high,ichi1|news2|nf36
ふうりよく,ふ,く,0,high,ichi1|news1|nf21
しつぷ,し,ぷ,0,high,gai1
そよかぜ,そ,ぜ,0,high,ichi1|news2|nf37
ほいくじよ,ほ,よ,0,high,ichi1|news1|nf11
こくぐん,こ,ん,0,high,news1|nf06
ぴんと,ぴ,と,0,high,gai1|ichi1
ふばらい,ふ,い,0,high,news1|nf24
しつないがく,し,く,0,high,news1|nf18
たなごころ,た,ろ,0,high,ichi1|news1|nf16
ぞう,ぞ,う,0,high,ichi1|news1|nf13
のうは,の,は,0,high,news1|nf20
しゆだん,し,ん,0,high,ichi1|news1|nf03
ふよう,ふ,う,0,high,ichi1|news1|nf07|nf10|nf16
しようそく,し,く,0,high,ichi1|news1|nf11
でもくらつと,で,と,0,high,gai1
どれい,ど,い,0,high,news1|nf15
ひだりて,ひ,て,0,high,ichi1|news1|nf10
でむぱ,で,ぱ,0,high,ichi1|news1|nf05
かいごう,か,う,0,high,ichi1|news1|nf02
こうちや,こ,や,0,high,ichi1|news1|nf13
せきしよく,せ,く,0,high,news1|nf24|spec1
おぺれつた,お,た,0,high,gai1
よせる,よ,る,0,high,ichi1|news1|nf09
おおきさ,お,さ,0,high,ichi1
みちくさ,み,さ,0,high,ichi1
ふんいき,ふ,き,0,high,ichi1|news1|nf03
しゆうがく,し,く,0,high,news1|nf14
だます,だ,す,0,high,ichi1
ききよう,き,う,0,high,ichi1|news2|nf25
いそぐ,い,ぐ,0,high,ichi1|news1|nf22
どうそう,ど,う,0,high,news1|nf22
きゆうは,き,は,0,high,news1|nf20
ようしよ,よ,よ,0,high,ichi1|news1|news2|nf15|nf36
げんぶつ,げ,つ,0,high,news1|nf11
とらんぷ,と,ぷ,0,high,gai1|ichi1
じんぶつ,じ,つ,0,high,ichi1|news1|nf02
さどる,さ,る,0,high,gai1
ぜんしよう,ぜ,う,0,high,news1|nf09
ひほけんしや,ひ,や,0,high,news1|nf23
げんこつ,げ,つ,0,high,ichi1
かんげんがくだん,か,ん,0,high,news1|nf22
ぴつきんぐ,ぴ,ぐ,0,high,gai1
まいこん,ま,ん,0,high,gai1
のみかい,の,い,0,high,spec1
ねお,ね,お,0,high,gai1
めぐりあう,め,う,0,high,ichi1|news1|nf21|spec1
つきあたる,つ,る,0,high,ichi1|news2|nf39
どらいやあ,ど,あ,0,high,gai1
えんかい,え,い,0,high,ichi1|news1|nf12|nf19
しんかぶ,し,ぶ,0,high,news1|nf15
でらつくす,で,す,0,high,gai1
へみ,へ,み,0,high,ichi1|news1|nf16
らいふる,ら,る,0,high,gai1
ふりゆう,ふ,う,0,high,ichi1|news2|nf41
おもし,お,し,0,high,news1|nf20
やかましい,や,い,0,high,ichi1
まだ,ま,だ,0,high,ichi1
めつた,め,た,0,high,ichi1|news2|nf46
しん,し,ん,0,high,gai1|ichi1|news1|nf01|nf15|nf21
とら,と,ら,0,high,ichi1|news1|nf06|nf14|spec1
びじねす,び,す,0,high,gai1|ichi1
ちん,ち,ん,0,high,news1|nf16
あずい,あ,い,0,high,ichi1|news2|nf34
すいげん,す,ん,0,high,news1|nf14
しびつく,し,く,0,high,gai1
あずける,あ,る,0,high,ichi1|news1|nf21
そそのかす,そ,す,0,high,ichi1
いつぽ,い,ぽ,0,high,news1|nf05
かんざん,か,ん,0,high,ichi1|news1|nf11
やすくにじんじや,や,や,0,high,spec1
かいめい,か,い,0,high,news1|nf03
はいる,は,る,0,high,ichi1|news2|nf25
はいひいる,は,る,0,high,gai1
けいかん,け,ん,0,high,ichi1|news1|nf05|nf10
みつと,み,と,0,high,gai1
せえる,せ,る,0,high,gai1
おひる,お,る,0,high,news2|nf28|spec1
おつ,お,つ,0,high,news1|nf22
それにしても,そ,も,0,high,spec1
ふるぼん,ふ,ん,0,high,ichi1|news1|nf19
がつき,が,き,0,high,ichi1|news1|nf07|nf16
しゆつせきしや,し,や,0,high,news1|nf08
かしわ,か,わ,0,high,news1|nf10
あしどり,あ,り,0,high,news1|nf14
かくしひきだし,か,し,0,high,news1|nf08
にほんぎんこう,に,う,0,high,news1|nf08
がいへき,が,き,0,high,news1|nf13
じようむいん,じ,ん,0,high,news1|nf17
とじようこく,と,く,0,high,news1|nf03
みおとす,み,す,0,high,ichi1|news2|nf40
おそるべき,お,き,0,high,ichi1
にどね,に,ね,0,high,spec1
こくみんとうひよう,こ,う,0,high,news1|nf03
ひすてりつく,ひ,く,0,high,gai1
つとめる,つ,る,0,high,ichi1|news1|nf06
さいばん,さ,ん,0,high,ichi1|news1|nf01
えんこつ,え,つ,0,high,ichi1|news1|nf10
といや,と,や,0,high,ichi1|news1|nf14
しよじよ,し,よ,0,high,ichi1|news1|nf19
にぶい,に,い,0,high,ichi1|news2|nf30
しご,し,ご,0,high,news1|nf06|nf24
いつたい,い,い,0,high,ichi1|news1|nf04|nf08
こねこ,こ,こ,0,high,news2|nf36|spec1
かんざす,か,す,0,high,gai1
そん,そ,ん,0,high,ichi1|news1|nf03|nf05
えいよ,え,よ,0,high,news1|nf15
うるおう,う,う,0,high,ichi1|news2|nf39
しんがい,し,い,0,high,news1|nf06|nf24
りありずむ,り,む,0,high,gai1
ればのん,れ,ん,0,high,gai1
どきどき,ど,き,0,high,ichi1|spec1
いしあたま,い,ま,0,high,ichi1
まあじん,ま,ん,0,high,gai1
じむ,じ,む,0,high,gai1|ichi1|news1|nf01
りつけん,り,ん,0,high,news1|nf20
じゆうたく,じ,く,0,high,ichi1|news1|nf01
せいたい,せ,い,0,high,ichi1|news1|nf09|nf11
どさ,ど,さ,0,high,news1|nf11
にゆうか,に,か,0,high,ichi1|news1|nf24
ごらん,ご,ん,0,high,news2|nf28|spec1
じつせい,じ,い,0,high,news1|nf11
こがね,こ,ね,0,high,ichi1
みせびらかす,み,す,0,high,ichi1|news2|nf35
みゆうじしやん,み,ん,0,high,gai1
ふきようわおん,ふ,ん,0,high,news1|nf16
あきれすけん,あ,ん,0,high,spec1
たべもの,た,の,0,high,ichi1|news1|nf08
くるしめる,く,る,0,high,ichi1|news1|nf17
ぷれすりりいす,ぷ,す,0,high,gai1
しよか,し,か,0,high,ichi1|news1|nf15|nf16
うちきり,う,り,0,high,news1|nf13
がつかい,が,い,0,high,ichi1|news1|nf04|nf17
かたげる,か,る,0,high,ichi1
ろんどん,ろ,ん,0,high,gai1
じやぶじやぶ,じ,ぶ,0,high,ichi1
ういいく,う,く,0,high,gai1
けんせつてき,け,き,0,high,news1|nf13
おしいる,お,る,0,high,news1|nf16
はなれる,は,る,0,high,ichi1|news1|nf05
ねんまつ,ね,つ,0,high,ichi1|news1|nf04
たばねる,た,る,0,high,ichi1|news2|nf40
むらさきいろ,む,ろ,0,high,news1|nf20
いぬ,い,ぬ,0,high,ichi1|news1|nf03|spec1
はなたば,は,ば,0,high,ichi1|news1|nf13
えこのみすと,え,と,0,high,gai1
むすう,む,う,0,high,ichi1|news1|nf12
とき,と,き,0,high,ichi1|news1|nf04
こうそう,こ,う,0,high,ichi1|news1|nf02|nf05|nf06
ほんしよ,ほ,よ,0,high,news1|nf08
ぞうしよう,ぞ,う,0,high,news1|nf02
かぷせる,か,る,0,high,gai1
みるうおおきい,み,い,0,high,gai1
かきよう,か,う,0,high,ichi1|news1|news2|nf15|nf40
はなしあう,は,う,0,high,ichi1|news1|nf11
じゆびりい,じ,い,0,high,gai1
けつちやく,け,く,0,high,news1|nf03
ふれる,ふ,る,0,high,ichi1
じようえん,じ,ん,0,high,ichi1|news1|nf07
むすめむこ,む,こ,0,high,news1|nf20
ちんちやく,ち,く,0,high,news1|nf23
せろん,せ,ん,0,high,ichi1|news1|nf02
ろう,ろ,う,0,high,news1|nf23
あんぐる,あ,る,0,high,gai1
ちゆうと,ち,と,0,high,ichi1|news1|nf11
ぞうしよ,ぞ,よ,0,high,news1|nf17
ぜいじやく,ぜ,く,0,high,news2|nf39|spec1
だいさ,だ,さ,0,high,news1|nf17
かたがた,か,た,0,high,ichi1|news1|nf07
めえく,め,く,0,high,gai1
いとめる,い,る,0,high,news1|nf22
たつた,た,た,0,high,ichi1
おさまり,お,り,0,high,news1|nf23
ふりいすたいる,ふ,る,0,high,gai1
にんち,に,ち,0,high,news1|nf14
せいび,せ,び,0,high,ichi1|news1|nf02
うずまる,う,る,0,high,ichi1|news2|nf28
りんり,り,り,0,high,ichi1|news1|nf03
ひのいり,ひ,り,0,high,ichi1
かいへいたい,か,い,0,high,news1|nf12
くる,く,る,0,high,ichi1|news1|nf16
たずねる,た,る,0,high,ichi1|news1|news2|nf06|nf27
むきめい,む,い,0,high,news1|nf23
とうばん,と,ん,0,high,ichi1|news1|nf08|nf21
おこす,お,す,0,high,ichi1|news1|news2|nf13|nf37
きめる,き,る,0,high,ichi1|news1|nf22
ひとびと,ひ,と,0,high,ichi1|news1|nf01
ひととき,ひ,き,0,high,ichi1|spec1
きつず,き,ず,0,high,spec1
ぼうけん,ぼ,ん,0,high,ichi1|news1|nf08
ばらまく,ば,く,0,high,ichi2|spec1
りようはし,り,し,0,high,ichi1|news1|nf23
そえん,そ,ん,0,high,ichi1|news2|nf25
まりふあな,ま,な,0,high,gai1
ふくしよう,ふ,う,0,high,news1|nf11
けなす,け,す,0,high,ichi1
しりお,し,お,0,high,ichi1
きゆうさい,き,い,0,high,ichi1|news1|nf04
どうほう,ど,う,0,high,news1|nf12
ふんき,ふ,き,0,high,news1|nf20
じようけい,じ,い,0,high,news1|nf17
りびじよん,り,ん,0,high,gai1
あらためる,あ,る,0,high,ichi1|news1|nf11
さいたく,さ,く,0,high,news1|nf07
びびつど,び,ど,0,high,gai1
はがね,は,ね,0,high,news1|nf15
てえらあ,て,あ,0,high,gai1
まるく,ま,く,0,high,gai1
まどらす,ま,す,0,high,gai1
しゆうき,し,き,0,high,ichi1|news1|nf15|nf17
こしよう,こ,う,0,high,ichi1|news1|nf05|nf16|nf20|spec1
そうどういん,そ,ん,0,high,news1|nf22
あいずち,あ,ち,0,high,ichi1|news2|nf36
おね,お,ね,0,high,news1|nf17
どたんば,ど,ば,0,high,news1|nf10
やきゆうぶ,や,ぶ,0,high,spec1
ひようが,ひ,が,0,high,news1|nf19
しゆうらく,し,く,0,high,ichi1|news1|nf12
くび,く,び,0,high,ichi1|news1|nf03
ぽかん,ぽ,ん,0,high,ichi1
たいまん,た,ん,0,high,news1|nf21
かため,か,め,0,high,news1|nf11
わすれもの,わ,の,0,high,ichi1|news2|nf33
じはつてき,じ,き,0,high,ichi1|news1|nf14
ぶあい,ぶ,い,0,high,ichi1|news2|nf35
たいきゆう,た,う,0,high,news1|nf12
のおぶる,の,る,0,high,gai1
らあげ,ら,げ,0,high,gai1
きたぐち,き,ち,0,high,news1|nf23
あじけない,あ,い,0,high,news2|nf36|spec1
ひよつとして,ひ,て,0,high,spec1
かばん,か,ん,0,high,ichi1
げいにん,げ,ん,0,high,news1|nf18
じゆうしよく,じ,く,0,high,news1|nf11
まあたらしい,ま,い,0,high,news1|nf24
ぎんざ,ぎ,ざ,0,high,news1|nf03
かんよ,か,よ,0,high,news1|nf05
にちじ,に,じ,0,high,ichi1|news1|nf10
たいじよう,た,う,0,high,news1|nf12
きようさんとう,き,う,0,high,news1|nf01
ていとうけん,て,ん,0,high,news1|nf20
かわり,か,り,0,high,ichi1|news1|nf03|nf06|nf18
どうしゆ,ど,ゆ,0,high,news1|nf12
すまい,す,い,0,high,ichi1|news1|nf03
しんこう,し,う,0,high,ichi1|news1|nf04|nf07|nf09|nf10|nf12|nf14
えんどう,え,う,0,high,news1|nf14
ひさしい,ひ,い,0,high,ichi1|news2|nf32
びようにん,び,ん,0,high,ichi1|news1|nf15
いつき,い,き,0,high,news1|nf03
きふ,き,ふ,0,high,ichi1|news1|nf04
みすてる,み,る,0,high,ichi1|news2|nf34
ぶらぼお,ぶ,お,0,high,gai1
かんぱにい,か,い,0,high,gai1
かくほ,か,ほ,0,high,ichi1|news1|nf02
ゆれる,ゆ,る,0,high,ichi1
これから,こ,ら,0,high,ichi1
せいめいりよく,せ,く,0,high,news1|nf22
そつぎようせい,そ,い,0,high,spec1
ばたふらい,ば,い,0,high,gai1
けんしゆう,け,う,0,high,news1|nf03
びいしき,び,き,0,high,news1|nf24
よくばり,よ,り,0,high,ichi1|news2|nf41
あらたまる,あ,る,0,high,ichi1|news2|nf43
だんりよく,だ,く,0,high,news1|nf10
せつきよく,せ,く,0,high,news1|nf03
とりゆふ,と,ふ,0,high,gai1
こくふく,こ,く,0,high,ichi1|news1|nf12
ぼさち,ぼ,ち,0,high,news1|nf20
しよじゆん,し,ん,0,high,news1|nf10
げすと,げ,と,0,high,gai1
だいかんげい,だ,い,0,high,spec1
すこしずつ,す,つ,0,high,spec1
ぺんぎん,ぺ,ん,0,high,gai1
こうしゆうにゆう,こ,う,0,high,spec1
めんどくさい,め,い,0,high,ichi1|spec1
ゆうこく,ゆ,く,0,high,news1|nf22
こむ,こ,む,0,high,gai1|ichi1|news2|nf46
つめたい,つ,い,0,high,ichi1|news2|nf28
おうごんじだい,お,い,0,high,news1|nf21
がいしゆつ,が,つ,0,high,ichi1|news1|nf10
ほんどう,ほ,う,0,high,news1|nf23
おだやか,お,か,0,high,ichi1|news1|nf10
おくる,お,る,0,high,ichi1|news1|nf05|nf06
ひつう,ひ,う,0,high,news1|nf22
たいかい,た,い,0,high,ichi1|news1|nf01
じよしゆ,じ,ゆ,0,high,ichi1|news1|nf06
しやかいしほん,し,ん,0,high,news1|nf09
おめい,お,い,0,high,news1|nf18
こいんろつかあ,こ,あ,0,high,gai1
のおべるしよう,の,う,0,high,ichi1
ししつ,し,つ,0,high,news1|nf15
おりじなりていい,お,い,0,high,gai1
かわらけ,か,け,0,high,news1|nf13
ちさい,ち,い,0,high,news1|nf02
たくち,た,ち,0,high,ichi1|news1|nf08
さかり,さ,り,0,high,ichi1|news1|nf09
あいことば,あ,ば,0,high,news1|nf16
こんとらばす,こ,す,0,high,gai1
てきする,て,る,0,high,ichi1|news2|nf35
ひみつ,ひ,つ,0,high,ichi1|news1|nf04
せきじつ,せ,つ,0,high,ichi1|news1|nf24
げんしゆ,げ,ゆ,0,high,ichi1|news1|news2|nf05|nf29
のうさんぶつ,の,つ,0,high,news1|nf06
ぎざぎざ,ぎ,ざ,0,high,ichi1
げんあん,げ,ん,0,high,news1|nf06
ともに,と,に,0,high,ichi1|news1|nf07
けんこく,け,く,0,high,news1|nf11
ばあさん,ば,ん,0,high,ichi1
あけ,あ,け,0,high,news1|nf12
にいず,に,ず,0,high,gai1
うりこむ,う,む,0,high,ichi1|news2|nf40
びどう,び,う,0,high,news1|nf19
かごん,か,ん,0,high,news1|nf19
よろしく,よ,く,0,high,ichi1
よぼうせつしゆ,よ,ゆ,0,high,news1|nf11
ぼんおどり,ぼ,り,0,high,ichi1|news2|nf27
うりあげきん,う,ん,0,high,news1|nf16
びようし,び,し,0,high,ichi1|news1|nf20|nf23
おもる,お,る,0,high,news1|nf17
けつしん,け,ん,0,high,ichi1|news1|nf16
ぞうだい,ぞ,い,0,high,ichi1|news1|nf08
てえまぱあく,て,く,0,high,gai1
じゆうよう,じ,う,0,high,ichi1|news1|nf01
しよほうせん,し,ん,0,high,news2|nf39|spec1
ようしようき,よ,き,0,high,spec1
ずしよ,ず,よ,0,high,ichi1|news1|nf09
さらに,さ,に,0,high,ichi1|news1|nf18
べつさつ,べ,つ,0,high,news1|nf24
りんこく,り,く,0,high,news1|nf09
でこおだあ,で,あ,0,high,gai1
えいかん,え,ん,0,high,news1|nf19
こせき,こ,き,0,high,ichi1|news1|nf10
めのまえ,め,え,0,high,news1|nf07
ながめ,な,め,0,high,ichi1|news1|news2|nf18|nf28
まち,ま,ち,0,high,ichi1|news1|nf02|nf14
いいぶん,い,ん,0,high,news1|nf11
きゆうよ,き,よ,0,high,ichi1|news1|nf05
ゆうちよぎんこう,ゆ,う,0,high,spec1
かくかぞく,か,く,0,high,news1|nf17
れすきゆう,れ,う,0,high,gai1
せつてん,せ,ん,0,high,news1|nf11
ないがい,な,い,0,high,news1|nf03
なしよなるりいぐ,な,ぐ,0,high,gai1
かろちん,か,ん,0,high,gai1
じゆうてんてき,じ,き,0,high,news1|nf16
ぷらんたあ,ぷ,あ,0,high,gai1
かめ,か,め,0,high,ichi1|news1|nf11|spec1
ひさい,ひ,い,0,high,news1|nf06
ども,ど,も,0,high,ichi1
くらやみ,く,み,0,high,ichi1
せいど,せ,ど,0,high,ichi1|news1|nf01|nf14
おくたあぶ,お,ぶ,0,high,gai1
くりけつと,く,と,0,high,gai1
なつ,な,つ,0,high,ichi1|news1|nf01
あずかり,あ,り,0,high,news1|nf19
おうだん,お,ん,0,high,ichi1|news1|nf10
かんわ,か,わ,0,high,ichi1|news1|nf02
めがほん,め,ん,0,high,gai1
いらすとれえたあ,い,あ,0,high,gai1
くるしむ,く,む,0,high,ichi1|news2|nf45
はいきゆう,は,う,0,high,news1|nf09|nf20
ていきゆう,て,う,0,high,news1|nf24
ぞうせつ,ぞ,つ,0,high,news1|nf12
ぐんぷく,ぐ,く,0,high,news1|nf21
こうへい,こ,い,0,high,ichi1|news1|nf10|nf20
ぶんけん,ぶ,ん,0,high,ichi1|news1|nf11|nf20
てさぐり,て,り,0,high,ichi1|news1|nf24
けいりよう,け,う,0,high,news1|nf11|nf21
しま,し,ま,0,high,ichi1|news1|news2|nf02|nf32
あつとゆうま,あ,ま,0,high,spec1
せいてつしよ,せ,よ,0,high,news1|nf15
とらんぺつと,と,と,0,high,gai1
ながねん,な,ん,0,high,ichi1|news1|nf04
げんどう,げ,う,0,high,ichi1|news1|nf09
こうかん,こ,ん,0,high,ichi1|news1|nf02|nf03|nf11|nf19
いかり,い,り,0,high,ichi1|news1|nf04
ぽりねしあ,ぽ,あ,0,high,gai1
にゆうようじ,に,じ,0,high,news1|nf15
げつとお,げ,お,0,high,gai1
ざつきよ,ざ,よ,0,high,news1|nf24
ばつは,ば,は,0,high,gai1
ふえれつと,ふ,と,0,high,gai1
わりびきさい,わ,い,0,high,news1|nf13
れいすい,れ,い,0,high,ichi1|news1|nf20
ぽつぷ,ぽ,ぷ,0,high,gai1
きゆうだん,き,ん,0,high,news1|nf04
さいしゆうてき,さ,き,0,high,news1|nf03
がらん,が,ん,0,high,ichi1
なごや,な,や,0,high,spec1
しげき,し,き,0,high,ichi1|news1|nf05
とみ,と,み,0,high,ichi1|news1|nf06
ごくろうさま,ご,ま,0,high,ichi1|news2|nf30|spec1
いしがみ,い,み,0,high,news1|nf14
ほおる,ほ,る,0,high,gai1|ichi1|spec1
えきでん,え,ん,0,high,news1|nf10
ぜんめんてき,ぜ,き,0,high,ichi1|news1|nf04
るさんちまん,る,ん,0,high,gai1
ばらえてい,ば,い,0,high,gai1
そんなに,そ,に,0,high,spec1
ぎじろく,ぎ,く,0,high,news1|nf15
みんしゆしゆぎ,み,ぎ,0,high,news1|nf03
あるいみで,あ,で,0,high,spec1
くだく,く,く,0,high,ichi1
とつきよ,と,よ,0,high,ichi1|news1|nf08
しかし,し,し,0,high,ichi1
どもる,ど,る,0,high,ichi1
こうそくどうろ,こ,ろ,0,high,ichi1|news1|nf06
いりぐち,い,ち,0,high,ichi1|news1|nf05
はみだす,は,す,0,high,ichi1
いしよ,い,よ,0,high,news1|nf15
えぐぜくていぶ,え,ぶ,0,high,gai1
しゆり,し,り,0,high,ichi1|news1|nf07
くちどめ,く,め,0,high,ichi1|news2|nf46
さいえんす,さ,す,0,high,gai1
あつしよう,あ,う,0,high,news1|nf14
かんかつ,か,つ,0,high,ichi1|news1|nf12
にくじき,に,き,0,high,ichi1|news2|nf26
につく,に,く,0,high,gai1
こうじよう,こ,う,0,high,ichi1|news1|nf01|nf03|nf16|nf24
はしりだす,は,す,0,high,news1|nf22
えれき,え,き,0,high,gai1
しよけん,し,ん,0,high,news1|nf15
うずまき,う,き,0,high,ichi1|news2|nf33
しつれいしました,し,た,0,high,spec1
ふくえき,ふ,き,0,high,news1|nf18
もりあがる,も,る,0,high,ichi1|news2|nf29
わたりどり,わ,り,0,high,news1|nf17
えんしよう,え,う,0,high,news1|nf19
おんけん,お,ん,0,high,ichi1|news1|nf09
むじ,む,じ,0,high,ichi1|news2|nf28
みまもる,み,る,0,high,ichi1|news2|nf40
りゆうよう,り,う,0,high,news1|nf18
せびろ,せ,ろ,0,high,ichi1|news1|nf12
たまに,た,に,0,high,ichi1
だくと,だ,と,0,high,gai1
みすい,み,い,0,high,ichi1|news1|nf07
はんとう,は,う,0,high,ichi1|news1|nf06
げきさく,げ,く,0,high,news1|nf13
なおる,な,る,0,high,ichi1|news2|nf26
ひと,ひ,と,0,high,ichi1|news1|nf05|spec1
たんぺん,た,ん,0,high,news1|nf13
こうちしよ,こ,よ,0,high,news1|nf11
でめりつと,で,と,0,high,gai1
ここのえ,こ,え,0,high,news1|nf22
じよく,じ,く,0,high,ichi1|news1|nf12
ぎようむ,ぎ,む,0,high,news1|nf02
へるめつと,へ,と,0,high,gai1
りむ,り,む,0,high,gai1
あつかい,あ,い,0,high,news1|nf04
りみてつど,り,ど,0,high,gai1
きよぎ,き,ぎ,0,high,news1|nf08
どらまあ,ど,あ,0,high,gai1
ごうじよう,ご,う,0,high,ichi1|news2|nf42
ひつし,ひ,し,0,high,ichi1|news1|nf05|spec2
しふく,し,く,0,high,news1|news2|nf20|nf29|spec1
むほう,む,う,0,high,ichi1|news2|nf25
げすい,げ,い,0,high,ichi1|news1|nf17
すぺしやる,す,る,0,high,gai1|ichi1
あざやか,あ,か,0,high,ichi1|news1|nf07
あんぴ,あ,ぴ,0,high,ichi1|news1|nf19
のうさぎよう,の,う,0,high,news1|nf18
ぷらぐ,ぷ,ぐ,0,high,gai1
これら,こ,ら,0,high,gai1|ichi1|spec1
きずな,き,な,0,high,news1|nf22
きんえん,き,ん,0,high,ichi1|news1|nf08
ふたおや,ふ,や,0,high,ichi1|news1|nf03
ますい,ま,い,0,high,ichi1|news1|nf16
くだける,く,る,0,high,ichi1
のつくだうん,の,ん,0,high,gai1
よくも,よ,も,0,high,ichi1
はんさむ,は,む,0,high,gai1|ichi1
てさげ,て,げ,0,high,news1|nf22
あつぶねえ,あ,え,0,high,ichi1|news2|nf39
さんじゆういちにち,さ,ち,0,high,spec1
もよう,も,う,0,high,ichi1|news1|nf03
ぴいち,ぴ,ち,0,high,gai1
あくとく,あ,く,0,high,news1|nf23
しどうしや,し,や,0,high,spec1
ていねん,て,ん,0,high,ichi1|news1|nf05
まいのりていい,ま,い,0,high,gai1
わたし,わ,し,0,high,ichi1|news1|nf01|nf21
かいじゆう,か,う,0,high,news1|nf19
ふえみにすと,ふ,と,0,high,gai1
たあげつと,た,と,0,high,gai1
めんみつ,め,つ,0,high,news1|nf18
いちれん,い,ん,0,high,news1|nf03
せつくす,せ,す,0,high,gai1|ichi1
ばくろ,ば,ろ,0,high,ichi1|news1|nf22
せんぷう,せ,う,0,high,news1|nf14
つうろ,つ,ろ,0,high,ichi1|news1|nf13
くろぎぬ,く,ぬ,0,high,news1|nf23
けつえきけんさ,け,さ,0,high,spec1
あいつら,あ,ら,0,high,spec1
くちばし,く,し,0,high,ichi1
じゆうんぶらいど,じ,ど,0,high,gai1
かんど,か,ど,0,high,news1|nf23
かりゆう,か,う,0,high,ichi1|news1|nf14|nf21
うすい,う,い,0,high,ichi1|news1|nf14|nf20
きようどう,き,う,0,high,ichi1|news1|nf01
しえぱあど,し,ど,0,high,gai1
ゆきどまり,ゆ,り,0,high,ichi1
ほほえむ,ほ,む,0,high,ichi1
しきし,し,し,0,high,news1|nf19
おかしな,お,な,0,high,ichi1
あした,あ,た,0,high,ichi1|news1|nf05
とりかえる,と,る,0,high,ichi1|news2|nf25
けつしゆう,け,う,0,high,news1|nf07
ちようぎかい,ち,い,0,high,news1|nf18
にほんご,に,ご,0,high,news1|nf02
さくもつ,さ,つ,0,high,ichi1|news1|nf15
きんみやく,き,く,0,high,news1|nf23
うらむ,う,む,0,high,ichi1|news2|nf47
がしよう,が,う,0,high,news1|nf23
すたんす,す,す,0,high,gai1
ぷらは,ぷ,は,0,high,gai1
げいじゆつか,げ,か,0,high,news1|nf11
すかあふ,す,ふ,0,high,gai1
ひとごろし,ひ,し,0,high,ichi1|news2|nf30
ちすい,ち,い,0,high,news1|nf21
はう,は,う,0,high,gai1|ichi1
いつごろ,い,ろ,0,high,ichi1|spec1
たんぽ,た,ぽ,0,high,ichi1|news1|nf04
おとこのひと,お,と,0,high,spec1
おおなあ,お,あ,0,high,gai1
まちがいない,ま,い,0,high,news1|nf13
はげむ,は,む,0,high,ichi1|news2|nf32
はげしい,は,い,0,high,ichi1|news1|nf22
りようくう,り,う,0,high,ichi1|news1|nf16
できるだけはやく,で,く,0,high,spec1
いつかげつ,い,つ,0,high,spec1
いちじよう,い,う,0,high,news1|nf24
はおり,は,り,0,high,ichi1|news2|nf32
ごうれい,ご,い,0,high,news1|nf24
びいふ,び,ふ,0,high,gai1
かつぐ,か,ぐ,0,high,ichi1|news2|nf39
かなう,か,う,0,high,ichi1
すぷりんくらあ,す,あ,0,high,gai1
つずく,つ,く,0,high,ichi1
ちゆうしや,ち,や,0,high,ichi1|news1|nf09|nf12
かいしやいん,か,ん,0,high,spec1
しゆどうけん,し,ん,0,high,news1|nf06
まいすう,ま,う,0,high,ichi1|news1|nf13
たんどく,た,く,0,high,news1|nf03
こおひいかつぷ,こ,ぷ,0,high,spec1
てちよう,て,う,0,high,ichi1|news1|nf09
しひ,し,ひ,0,high,ichi1|news2|nf28
かくめい,か,い,0,high,ichi1|news1|nf02
あんしよう,あ,う,0,high,news1|nf13
はあと,は,と,0,high,gai1
ぎもんてん,ぎ,ん,0,high,spec1
げんが,げ,が,0,high,news1|nf21
とうはつ,と,つ,0,high,news1|nf23
やりがい,や,い,0,high,spec1
しりよう,し,う,0,high,ichi1|news1|nf02|nf13|nf15|nf23
れとると,れ,と,0,high,gai1
さくせい,さ,い,0,high,ichi1|news1|news2|nf05|nf28
みなさま,み,ま,0,high,ichi1|news1|nf12
こきやくまんぞく,こ,く,0,high,spec1
しゆうへん,し,ん,0,high,ichi1|news1|nf01
くちげんか,く,か,0,high,ichi1
あちこち,あ,ち,0,high,ichi1
だいひよう,だ,う,0,high,ichi1|news1|nf01
ゆり,ゆ,り,0,high,news1|nf11
さうんど,さ,ど,0,high,gai1
せんすい,せ,い,0,high,news1|nf19
ぱるさあ,ぱ,あ,0,high,gai1
ねさげ,ね,げ,0,high,ichi1|news1|nf06
しよにんきゆう,し,う,0,high,ichi1|news1|nf16
しよるい,し,い,0,high,ichi1|news1|nf05
さんとら,さ,ら,0,high,gai1
せび,せ,び,0,high,ichi1|news2|nf35
らちもんだい,ら,い,0,high,spec1
ちんちん,ち,ん,0,high,spec1
かよう,か,う,0,high,ichi1|news1|nf15|nf18|nf20
しんぶんし,し,し,0,high,news1|nf12
むじよう,む,う,0,high,ichi1|news2|nf32
びすけつと,び,と,0,high,gai1|ichi1
しやてい,し,い,0,high,news1|nf12
ますめでいあ,ま,あ,0,high,gai1
のこり,の,り,0,high,ichi1|news1|nf03
しよこく,し,く,0,high,ichi1
ぱつと,ぱ,と,0,high,gai1|ichi1|spec1
たいざん,た,ん,0,high,news1|nf09
よちよきん,よ,ん,0,high,news1|nf11
よけい,よ,い,0,high,ichi1|news1|nf12
くらつかあ,く,あ,0,high,gai1
めとろぽりたん,め,ん,0,high,gai1
そうおう,そ,う,0,high,ichi1|news1|nf18
めいじ,め,じ,0,high,ichi1|news1|nf03|nf20
てきしゆつ,て,つ,0,high,news1|nf13|nf20
ほんだい,ほ,い,0,high,news2|nf41|spec1
しんろ,し,ろ,0,high,ichi1|news1|nf06
にのつぎ,に,ぎ,0,high,news1|nf24
だうんろおど,だ,ど,0,high,spec1
どひようぎわ,ど,わ,0,high,news1|nf17
みだす,み,す,0,high,ichi1|news2|nf44
みちびく,み,く,0,high,ichi1
ひえしよう,ひ,う,0,high,news2|nf35|spec1
ようふう,よ,う,0,high,ichi1|news2|nf25
かようび,か,び,0,high,ichi1|news1|nf17
とうと,と,と,0,high,news1|nf21
はいびじよん,は,ん,0,high,gai1
せいひ,せ,ひ,0,high,news1|nf10
さんかくけい,さ,い,0,high,ichi1|news1|nf20
ぶなん,ぶ,ん,0,high,ichi1|news1|nf15
たいつ,た,つ,0,high,gai1
はつ,は,つ,0,high,ichi1|news1|nf01|nf06
うりよう,う,う,0,high,news1|nf15
たいがいじゆせい,た,い,0,high,news1|nf16
まつくす,ま,す,0,high,gai1
かおまけ,か,け,0,high,news1|nf22
たいしや,た,や,0,high,news1|nf21|nf23
べた,べ,た,0,high,gai1
すなお,す,お,0,high,ichi1|news1|nf07
みちばた,み,た,0,high,ichi1|news1|nf20
おもいやる,お,る,0,high,spec1
せんしや,せ,や,0,high,ichi1|news1|nf06
やまい,や,い,0,high,ichi1
ぜんい,ぜ,い,0,high,ichi1|news1|nf11
はだし,は,し,0,high,ichi1
てんり,て,り,0,high,news1|nf11
きぞん,き,ん,0,high,news1|nf06
たくさん,た,ん,0,high,ichi1|news2|nf43
きつちやてん,き,ん,0,high,ichi1|news1|nf10
こうぶつ,こ,つ,0,high,ichi1|news1|nf19|nf20
しゆんじ,し,じ,0,high,news1|nf16
にんげんかんけい,に,い,0,high,news1|nf08
ばいばい,ば,い,0,high,ichi1|news1|nf03
ひがいしや,ひ,や,0,high,news1|nf04
ろうどうしや,ろ,や,0,high,ichi1|news1|nf02
すたいりすと,す,と,0,high,gai1
えれくとりつく,え,く,0,high,gai1
こおぽ,こ,ぽ,0,high,gai1
はやせ,は,せ,0,high,news1|nf24
おおぶん,お,ん,0,high,gai1
びようそく,び,く,0,high,news1|nf23
ふくぶ,ふ,ぶ,0,high,news1|nf17
そち,そ,ち,0,high,ichi1|news1|nf01
としあけ,と,け,0,high,news1|nf09
じようにん,じ,ん,0,high,news1|nf03
りようがわ,り,わ,0,high,ichi1|news1|nf14
きりさめ,き,め,0,high,ichi1|news2|nf46
ぼや,ぼ,や,0,high,ichi1
れんざ,れ,ざ,0,high,news1|nf17
にも,に,も,0,high,spec1
とびきり,と,り,0,high,ichi1
りようかい,り,い,0,high,ichi1|news1|nf07|nf13
ぱつちわあく,ぱ,く,0,high,gai1
みちすう,み,う,0,high,news1|nf20
しえふ,し,ふ,0,high,gai1
あとぴい,あ,い,0,high,gai1
まじうる,ま,る,0,high,news1|nf16
いそぎ,い,ぎ,0,high,news1|nf24
ようと,よ,と,0,high,ichi1|news1|nf09
という,と,う,0,high,spec1
げえむせつと,げ,と,0,high,gai1
みんく,み,く,0,high,gai1
きりん,き,ん,0,high,ichi1
みんな,み,な,0,high,ichi1|news1|nf05
けいゆう,け,う,0,high,ichi1|news1|nf07
ひとえ,ひ,え,0,high,ichi1
じかつ,じ,つ,0,high,ichi1|news2|nf43
くうりんぐおふ,く,ふ,0,high,gai1
にゆうよく,に,く,0,high,ichi1|news1|nf12
こおぷ,こ,ぷ,0,high,gai1
あくせい,あ,い,0,high,news1|nf21
みりおん,み,ん,0,high,gai1
とうろくしや,と,や,0,high,spec1
たちよみ,た,み,0,high,ichi1
ほつねつ,ほ,つ,0,high,ichi1|news1|nf20
めにゆう,め,う,0,high,gai1|ichi1
こくないりよこう,こ,う,0,high,spec1
ていいん,て,ん,0,high,ichi1|news1|nf04|nf07
えんしゆつか,え,か,0,high,news1|nf10
じしや,じ,や,0,high,news1|nf03
りやくだつ,り,つ,0,high,news1|nf16
むりやり,む,り,0,high,ichi1|news1|nf17|spec1
どうびよう,ど,う,0,high,news1|nf24
しゆうこう,し,う,0,high,news1|nf24
のうりつ,の,つ,0,high,ichi1|news1|nf18
れんず,れ,ず,0,high,gai1|ichi1
そおらあ,そ,あ,0,high,gai1
つうかん,つ,ん,0,high,news1|nf08|nf15
きまま,き,ま,0,high,ichi1
にんまえ,に,え,0,high,ichi1
きじ,き,じ,0,high,ichi1|news1|nf01|nf12
ふくとう,ふ,う,0,high,news1|nf18
しゆじい,し,い,0,high,news1|nf13
すいてい,す,い,0,high,ichi1|news1|nf05
さつし,さ,し,0,high,gai1|news1|nf14
ひかん,ひ,ん,0,high,ichi1|news1|nf08
ききゆう,き,う,0,high,news1|nf19|nf20
どうきよ,ど,よ,0,high,ichi1|news1|nf12
ぎやくふう,ぎ,う,0,high,news1|nf11
さいがい,さ,い,0,high,ichi1|news1|nf03
みがく,み,く,0,high,ichi1
さんぷ,さ,ぷ,0,high,news1|nf16
いきなり,い,り,0,high,ichi1|news2|nf37
れざあ,れ,あ,0,high,gai1
ぱあせんと,ぱ,と,0,high,gai1|ichi1
どきゆめんたりい,ど,い,0,high,gai1
かんじる,か,る,0,high,ichi1|news1|nf09
きようゆ,き,ゆ,0,high,ichi1|news1|nf04
きいん,き,ん,0,high,news1|nf13|nf17
ごとし,ご,し,0,high,ichi1
こうしゆうでんわ,こ,わ,0,high,news1|nf13
こうしんりよう,こ,う,0,high,news2|nf27|spec1
たからくじ,た,じ,0,high,ichi1|news1|nf12
ごくひ,ご,ひ,0,high,ichi1|news1|nf11
てつかい,て,い,0,high,ichi1|news1|nf07
げんじつてき,げ,き,0,high,spec1
みずから,み,ら,0,high,ichi1|news1|nf01
きぞく,き,く,0,high,ichi1|news1|nf12|nf13
げんち,げ,ち,0,high,ichi1|news1|nf01|nf23
ほぞん,ほ,ん,0,high,ichi1|news1|nf05
くわしい,く,い,0,high,ichi1|news1|nf07
なんとも,な,も,0,high,ichi1|news1|nf10
ちようとつきゆう,ち,う,0,high,ichi1|news2|nf45
けいしや,け,や,0,high,ichi1|news1|nf12
いいわけ,い,け,0,high,ichi1|news1|nf15
れいぷ,れ,ぷ,0,high,gai1
ふりんじ,ふ,じ,0,high,gai1
ぺんしよん,ぺ,ん,0,high,gai1
ごそう,ご,う,0,high,news1|nf24
じざい,じ,い,0,high,news1|nf12
あおやぎ,あ,ぎ,0,high,news1|nf19
みつしよん,み,ん,0,high,gai1
にちじよう,に,う,0,high,ichi1|news1|nf03
しゆくだい,し,い,0,high,ichi1|news1|nf13
きぎよう,き,う,0,high,ichi1|news1|nf01
ほつかい,ほ,い,0,high,news1|nf13
おもわず,お,ず,0,high,ichi1|news1|nf02
ふくつう,ふ,う,0,high,news1|nf19
まけ,ま,け,0,high,ichi1|news1|nf05
じゆうご,じ,ご,0,high,news1|nf01
ぶつしつてき,ぶ,き,0,high,news1|nf22
たのむ,た,む,0,high,ichi1|news1|nf08
ちゆうがく,ち,く,0,high,ichi1|news1|nf03
とんねる,と,る,0,high,gai1|ichi1
りたあんまつち,り,ち,0,high,gai1
おくら,お,ら,0,high,gai1
みぎがわ,み,わ,0,high,ichi1|news1|nf15
つくり,つ,り,0,high,ichi1|news1|nf06|nf20
りんしつ,り,つ,0,high,news1|nf24
きよくもく,き,く,0,high,news1|nf18
ひろまる,ひ,る,0,high,ichi1|news1|nf20
ぎたりすと,ぎ,と,0,high,gai1
ほす,ほ,す,0,high,ichi1|news1|nf20
よこせん,よ,ん,0,high,news1|nf23
りれき,り,き,0,high,ichi1|news2|nf40
ばんくうばあ,ば,あ,0,high,gai1
しやべつ,し,つ,0,high,ichi1|news1|nf03
ぷらす,ぷ,す,0,high,gai1|ichi1
じいん,じ,ん,0,high,gai1|ichi1|news1|nf08
ううる,う,る,0,high,gai1|ichi1
うでる,う,る,0,high,ichi1
がくしゆう,が,う,0,high,ichi1|news1|nf03
わぎゆう,わ,う,0,high,news1|nf22
みすてり,み,り,0,high,gai1
さいばい,さ,い,0,high,ichi1|news1|nf06
うえる,う,る,0,high,ichi1|news1|news2|nf24|nf45
がくせい,が,い,0,high,ichi1|news1|nf01
きたきゆうしゆう,き,う,0,high,spec1
つれ,つ,れ,0,high,ichi1|news1|nf17
にゆうぼう,に,う,0,high,ichi1|news1|nf10|nf19
ふさがる,ふ,る,0,high,ichi1
こくい,こ,い,0,high,news1|nf23
すえおき,す,き,0,high,ichi1|news1|nf11
らくえん,ら,ん,0,high,news1|nf19
れとりつく,れ,く,0,high,gai1
いこい,い,い,0,high,ichi1|news1|nf24
にがす,に,す,0,high,ichi1|news2|nf33
いんりよく,い,く,0,high,ichi1|news2|nf37
だつする,だ,る,0,high,news1|nf22
そうなると,そ,と,0,high,spec1
じつそう,じ,う,0,high,news1|nf22
じやあ,じ,あ,0,high,gai1|ichi1
めつたに,め,に,0,high,ichi1
かくへいき,か,き,0,high,ichi1|news1|nf02
でんせつ,で,つ,0,high,ichi1|news1|nf08
ほんすう,ほ,う,0,high,news1|nf17
きんがん,き,ん,0,high,ichi1
のる,の,る,0,high,ichi1|news1|nf21
ようぼう,よ,う,0,high,ichi1|news1|nf04
そうしき,そ,き,0,high,ichi1|news1|nf13
げきれい,げ,い,0,high,ichi1|news1|nf12
おつせえ,お,え,0,high,ichi1|news1|nf18
える,え,る,0,high,ichi1|news2|nf35
ふへい,ふ,い,0,high,ichi1|news2|nf29
つうしんはんばい,つ,い,0,high,news1|nf16
となると,と,と,0,high,spec1
ぴつく,ぴ,く,0,high,gai1
ふうしよ,ふ,よ,0,high,news1|nf17
かび,か,び,0,high,ichi1|spec1
へいめん,へ,ん,0,high,ichi1|news1|nf15
わか,わ,か,0,high,ichi1|news1|nf14
じゆえき,じ,き,0,high,news1|nf20
おふいしやる,お,る,0,high,gai1
きてい,き,い,0,high,ichi1|news1|nf03|nf19|nf24
せいせき,せ,き,0,high,ichi1|news1|nf03
はいきんぐ,は,ぐ,0,high,gai1|ichi1
かんばい,か,い,0,high,news1|nf17
そつこく,そ,く,0,high,news1|nf22
しあとる,し,る,0,high,gai1
えいご,え,ご,0,high,ichi1|news1|nf02
にたいする,に,る,0,high,spec1
なさけ,な,け,0,high,ichi1|news2|nf32
ぐんじん,ぐ,ん,0,high,ichi1|news1|nf05
ぼんど,ぼ,ど,0,high,gai1
こおでいねえと,こ,と,0,high,gai1
さすぺんしよん,さ,ん,0,high,gai1
ほしゆてき,ほ,き,0,high,news1|nf16
よそゆき,よ,き,0,high,ichi1
せきにんかん,せ,ん,0,high,news1|nf16
せきがいせん,せ,ん,0,high,news1|nf16
ふつかあ,ふ,あ,0,high,gai1
てれすきやん,て,ん,0,high,gai1
ひつけん,ひ,ん,0,high,spec1
がりやく,が,く,0,high,news2|nf47|spec1
けんせつしよう,け,う,0,high,news1|nf04
おばあちやん,お,ん,0,high,spec1
にどと,に,と,0,high,spec1
もおたあさいくる,も,る,0,high,gai1
だつたい,だ,い,0,high,ichi1|news1|nf07
ふいるだあすちよいす,ふ,す,0,high,gai1
ななそ,な,そ,0,high,news1|nf03|spec1
はんれい,は,い,0,high,ichi1|news1|nf15
てんらく,て,く,0,high,news1|nf13
にほんせいふ,に,ふ,0,high,spec1
すわひりご,す,ご,0,high,spec1
もつくあつぷ,も,ぷ,0,high,gai1
でんしめえる,で,る,0,high,spec1
しようりつ,し,つ,0,high,news1|nf17
いつしゆ,い,ゆ,0,high,ichi1|news1|nf05
つずける,つ,る,0,high,ichi1
しゆうもん,し,ん,0,high,news1|nf17
ふざける,ふ,る,0,high,ichi1
じぐざぐ,じ,ぐ,0,high,gai1
けんきゆうか,け,か,0,high,news1|nf09
きようぎじよう,き,う,0,high,spec1
ことし,こ,し,0,high,ichi1|news1|nf01
おじやまします,お,す,0,high,spec1
あわい,あ,い,0,high,ichi1|news1|nf05
さまよう,さ,う,0,high,ichi1
れしいぶ,れ,ぶ,0,high,gai1
ぐらい,ぐ,い,0,high,spec1
りまわり,り,り,0,high,news1|nf06
にゆうじいらんど,に,ど,0,high,spec1
たび,た,び,0,high,ichi1|news1|nf03
びようとう,び,う,0,high,news1|nf11
つやつや,つ,や,0,high,ichi1
きびしい,き,い,0,high,ichi1|news1|nf18
ねばつち,ね,ち,0,high,ichi1|news1|nf19
けつい,け,い,0,high,ichi1|news1|nf03
しあたあ,し,あ,0,high,gai1
じゆうたくがい,じ,い,0,high,news1|nf12
まつりごと,ま,と,0,high,news1|nf06
けつていてき,け,き,0,high,news1|nf07
ぜねらるまねえじやあ,ぜ,あ,0,high,gai1
てくすちや,て,や,0,high,gai1
わだい,わ,い,0,high,ichi1|news1|nf02
あわ,あ,わ,0,high,ichi1|news1|nf13
ひやくえんしよつぷ,ひ,ぷ,0,high,spec1
しやぶしやぶ,し,ぶ,0,high,spec1
ねんりん,ね,ん,0,high,ichi1|news2|nf26
いつきに,い,に,0,high,ichi1
まあ,ま,あ,0,high,ichi1|spec1
ぼうはてい,ぼ,い,0,high,news1|nf24
ぎていしよ,ぎ,よ,0,high,news1|nf14
げんえき,げ,き,0,high,ichi1|news1|nf05
くれ,く,れ,0,high,ichi1|news1|nf06
どくそう,ど,う,0,high,news1|nf13|nf21
かんじゆせい,か,い,0,high,ichi1|news1|nf21
おんど,お,ど,0,high,ichi1|news1|nf06|nf15
それでも,そ,も,0,high,ichi1
へいいん,へ,ん,0,high,news1|nf13
みり,み,り,0,high,gai1|ichi1
ばつぐ,ば,ぐ,0,high,gai1|ichi1
ぎようせいきかん,ぎ,ん,0,high,news1|nf15
がいどぶつく,が,く,0,high,gai1
かしわぎ,か,ぎ,0,high,news1|nf19
とのさま,と,ま,0,high,news1|nf22
おてあらい,お,い,0,high,ichi1
あいであ,あ,あ,0,high,gai1|ichi1
れいぼう,れ,う,0,high,ichi1|news1|nf12
げいげき,げ,き,0,high,news1|nf16
ともす,と,す,0,high,ichi1
ねいきつど,ね,ど,0,high,gai1
こうがくぶ,こ,ぶ,0,high,ichi1
じゆよ,じ,よ,0,high,ichi1|news1|nf21
ちやん,ち,ん,0,high,ichi1|news1|nf01
ちようへい,ち,い,0,high,ichi1|news1|nf14
えつきよう,え,う,0,high,news1|nf16
ふろん,ふ,ん,0,high,gai1
じんてき,じ,き,0,high,news1|nf06
そうじゆく,そ,く,0,high,ichi1|news2|nf44
むく,む,く,0,high,ichi1
ぎぞう,ぎ,う,0,high,ichi1|news1|nf05
しつれいします,し,す,0,high,spec1
ふんぱつ,ふ,つ,0,high,ichi1
こころがまえ,こ,え,0,high,news1|nf16
とうぎ,と,ぎ,0,high,ichi1|news1|nf06
なつぷざつく,な,く,0,high,gai1
みつかる,み,る,0,high,ichi1|news1|nf11
えつせいすと,え,と,0,high,gai1
ひつしゆ,ひ,ゆ,0,high,ichi1|news1|nf20
はずむ,は,む,0,high,ichi1|news2|nf25
きよてん,き,ん,0,high,news1|nf03
あらつぽい,あ,い,0,high,ichi1|news2|nf34
ふうちよう,ふ,う,0,high,news1|nf09
みにつける,み,る,0,high,spec1
しらんかお,し,お,0,high,news1|nf02
なでる,な,る,0,high,ichi1
たようか,た,か,0,high,news1|nf10
しゆんかん,し,ん,0,high,ichi1|news1|nf04
きたひがし,き,し,0,high,ichi1|news1|nf06
こじ,こ,じ,0,high,ichi1|news1|news2|nf06|nf27
とつじよ,と,よ,0,high,ichi1|news2|nf27
かしや,か,や,0,high,ichi1|news1|news2|nf23|nf27
かつよう,か,う,0,high,ichi1|news1|nf06
しよおとかつと,し,と,0,high,gai1
よあけ,よ,け,0,high,ichi1|news1|nf14
ほんぶ,ほ,ぶ,0,high,ichi1|news1|nf01
ひごうほう,ひ,う,0,high,news1|nf12
しろかみ,し,み,0,high,ichi1|news1|nf16
こすもす,こ,す,0,high,gai1
かんげき,か,き,0,high,ichi1|news1|nf12|nf24
こうそく,こ,く,0,high,ichi1|news1|nf06|nf08|nf10|spec1
べんぴ,べ,ぴ,0,high,news2|nf27|spec1
いつのまにか,い,か,0,high,ichi1|spec1
たこく,た,く,0,high,news1|nf07
みがら,み,ら,0,high,ichi1|news1|nf10
じきに,じ,に,0,high,ichi1
てへらん,て,ん,0,high,gai1
かうちぽてと,か,と,0,high,gai1
なぬか,な,か,0,high,ichi1|spec1
いえもと,い,と,0,high,news1|nf19
だれか,だ,か,0,high,ichi1|news2|nf28
こんや,こ,や,0,high,ichi1|news1|news2|nf18|nf28|spec2
さきやす,さ,す,0,high,news1|nf22
げんてん,げ,ん,0,high,ichi1|news1|news2|nf05|nf28
きようしんしよう,き,う,0,high,news1|nf23
すが,す,が,0,high,spec1
ねがお,ね,お,0,high,ichi1|news2|nf43
ひとりあるき,ひ,き,0,high,news1|nf16|spec1
ひたい,ひ,い,0,high,ichi1
ぎやら,ぎ,ら,0,high,gai1
あけがた,あ,た,0,high,ichi1|news1|nf24
さいねんしよう,さ,う,0,high,news1|nf14
ふくそう,ふ,う,0,high,ichi1|news1|nf09
くにくのさく,く,く,0,high,news1|nf19
おあしす,お,す,0,high,gai1
とくせい,と,い,0,high,news1|nf09|nf19
ききん,き,ん,0,high,ichi1|news1|news2|nf02|nf24|nf31
みさき,み,き,0,high,ichi1|news1|nf16
ほんぐこんぐ,ほ,ぐ,0,high,news1|nf02
ぐつど,ぐ,ど,0,high,gai1
とはかぎらない,と,い,0,high,spec1
せいりよう,せ,う,0,high,news1|nf19
びんぼうにん,び,ん,0,high,ichi1
したがう,し,う,0,high,ichi1|news2|nf46
りせ,り,せ,0,high,gai1
きど,き,ど,0,high,news1|nf23
ばあぼん,ば,ん,0,high,gai1
ろおてえしよん,ろ,ん,0,high,gai1
ずのう,ず,う,0,high,ichi1|news1|nf14
だぼく,だ,く,0,high,ichi1|news1|nf16
のです,の,す,0,high,spec1
ぼつき,ぼ,き,0,high,spec1
よつぱらう,よ,う,0,high,ichi1|news2|nf34
さらりい,さ,い,0,high,gai1
けいざいけんきゆうしよ,け,よ,0,high,news1|nf11
ぶたい,ぶ,い,0,high,ichi1|news1|nf01|nf02
ぱらぼら,ぱ,ら,0,high,gai1
おみせ,お,せ,0,high,spec1
ろおま,ろ,ま,0,high,spec1
てもと,て,と,0,high,ichi1|news1|nf10
およぼす,お,す,0,high,ichi1|news2|nf31
きりすときよう,き,う,0,high,ichi1
しんぜん,し,ん,0,high,ichi1|news1|nf09
ふなれ,ふ,れ,0,high,ichi1|news2|nf28
ふうじて,ふ,て,0,high,news1|nf17
ながらも,な,も,0,high,spec1
けいかく,け,く,0,high,ichi1|news1|nf01
すぽおく,す,く,0,high,gai1
しおくり,し,り,0,high,ichi1|news1|nf24
おおじ,お,じ,0,high,ichi1|news1|nf09
ゆうえんち,ゆ,ち,0,high,ichi1|news1|nf15
さいへん,さ,ん,0,high,news1|nf03
ちしきじん,ち,ん,0,high,news1|nf11
ぱある,ぱ,る,0,high,gai1
しんぴ,し,ぴ,0,high,ichi1|news1|nf20
たんのう,た,う,0,high,news1|nf16
りがくぶ,り,ぶ,0,high,ichi1
しこうさくご,し,ご,0,high,ichi1|news1|nf16
ほくぶ,ほ,ぶ,0,high,ichi1|news1|nf04
じようほう,じ,う,0,high,ichi1|news1|nf01|nf11
ことゆえ,こ,え,0,high,ichi1|news1|nf01
きやんどる,き,る,0,high,gai1
つきずえ,つ,え,0,high,ichi1|news1|nf15
らぶこめ,ら,め,0,high,gai1
もりつけ,も,け,0,high,spec1
のむ,の,む,0,high,ichi1|news2|nf35|nf40|spec1
つよめる,つ,る,0,high,ichi1|news1|nf09
こうこ,こ,こ,0,high,news1|nf16
そくせき,そ,き,0,high,ichi1|news1|nf10|nf23|spec1
さかしま,さ,ま,0,high,news1|nf21
かんりしよく,か,く,0,high,news1|nf07
らじうむ,ら,む,0,high,gai1
れきし,れ,し,0,high,ichi1|news1|nf01
いんとねえしよん,い,ん,0,high,gai2|ichi1
てん,て,ん,0,high,gai1|ichi1|news1|nf03|nf05|nf22
くりいんあつぷとりお,く,お,0,high,gai1
がいそく,が,く,0,high,ichi1|news1|nf11
どれくらい,ど,い,0,high,spec1
ありとあらゆる,あ,る,0,high,spec1
びぎなあ,び,あ,0,high,gai1
おいあげる,お,る,0,high,news1|nf19
きかいか,き,か,0,high,news1|nf22
ふどうひよう,ふ,う,0,high,news1|nf13
かいもどし,か,し,0,high,news1|nf18
そうごぎんこう,そ,う,0,high,news1|nf19
げさん,げ,ん,0,high,news1|nf19
まんぞく,ま,く,0,high,ichi1|news1|nf05
しよくよく,し,く,0,high,ichi1|news1|nf13
とらぶる,と,る,0,high,gai1|ichi1
にゆうさつ,に,つ,0,high,ichi1|news1|nf03
けんぎ,け,ぎ,0,high,news1|nf04|nf21|nf24
ちめい,ち,い,0,high,ichi1|news1|nf09|nf14
もうちよう,も,う,0,high,ichi1|news2|nf36
つう,つ,う,0,high,news1|nf21
まつち,ま,ち,0,high,gai1|ichi1
かおなじみ,か,み,0,high,ichi1
わいどしよお,わ,お,0,high,gai1
ぶんぴ,ぶ,ぴ,0,high,ichi1|news1|nf20
まんきつ,ま,つ,0,high,news1|nf20
なつさけない,な,い,0,high,ichi1|news2|nf45
まろぶ,ま,ぶ,0,high,ichi1|news2|nf35
かない,か,い,0,high,ichi1|news1|nf20
いれば,い,ば,0,high,ichi1|news2|nf26
ちゆうとはんぱ,ち,ぱ,0,high,news1|nf19
むうでいい,む,い,0,high,gai1
あばうと,あ,と,0,high,gai1
ちよつかく,ち,く,0,high,ichi1|news2|nf34
このほか,こ,か,0,high,spec1
しようぎよう,し,う,0,high,ichi1|news1|nf04
かげり,か,り,0,high,news1|nf20
みずうり,み,り,0,high,gai1
わりあい,わ,い,0,high,ichi1|news1|nf03
さんふじんか,さ,か,0,high,ichi1|news1|nf13
ねいびい,ね,い,0,high,spec1
あいそう,あ,う,0,high,ichi1|news1|nf22
けぶる,け,る,0,high,ichi1
ほせいよさん,ほ,ん,0,high,news1|nf05
さからう,さ,う,0,high,ichi1|news2|nf40
ほんたい,ほ,い,0,high,ichi1|news1|nf05|nf20
ずはん,ず,ん,0,high,news1|nf21
どいつ,ど,つ,0,high,spec1
すききらい,す,い,0,high,ichi1|news2|nf25
しつむ,し,む,0,high,news1|nf11
しんしよ,し,よ,0,high,news1|nf13|nf14
すたんど,す,ど,0,high,gai1|ichi1
はいそ,は,そ,0,high,news1|nf16
ぱんあめりかにずむ,ぱ,む,0,high,gai1
まがしら,ま,ら,0,high,news1|nf22
けれども,け,も,0,high,ichi1
きゆうか,き,か,0,high,ichi1|news1|nf05
あげる,あ,る,0,high,ichi1|news2|nf42
こうり,こ,り,0,high,ichi1|news1|nf14
ばんめ,ば,め,0,high,ichi1
よくとし,よ,し,0,high,ichi1|news1|nf05
にふだ,に,だ,0,high,ichi1
おくがい,お,い,0,high,ichi1|news1|nf12
まじよ,ま,よ,0,high,news1|nf22
せんちゆう,せ,う,0,high,news1|nf13
うけたまわる,う,る,0,high,ichi1|news2|nf35
がす,が,す,0,high,gai1|ichi1
わへい,わ,い,0,high,ichi1|news1|nf01
ちじまる,ち,る,0,high,ichi1|news2|nf46
ゆかい,ゆ,い,0,high,ichi1|news1|nf19
ねんご,ね,ご,0,high,spec1
れつせい,れ,い,0,high,news1|nf19
いたわる,い,る,0,high,ichi1
もみじ,も,じ,0,high,ichi1
しる,し,る,0,high,ichi1|news1|nf02|nf11
ちほうぜい,ち,い,0,high,news1|nf16
もつて,も,て,0,high,ichi1
ひざし,ひ,し,0,high,ichi1|news1|nf14
すうねんまえ,す,え,0,high,spec1
でりいと,で,と,0,high,gai1
ふくめん,ふ,ん,0,high,ichi1|news1|nf23
ほおえむ,ほ,む,0,high,ichi1
ふくち,ふ,ち,0,high,ichi1|news1|nf02
むすびつく,む,く,0,high,news1|nf23
しいるど,し,ど,0,high,gai1
けんきゆういん,け,ん,0,high,news1|nf07
ひかえしつ,ひ,つ,0,high,ichi1|news1|nf13
ぺえる,ぺ,る,0,high,gai1
いえろお,い,お,0,high,gai1
かろい,か,い,0,high,ichi1|news2|nf34
きゆうむ,き,む,0,high,news1|nf15
すとらいかあ,す,あ,0,high,gai1
ていせん,て,ん,0,high,news1|nf02
みんしゆう,み,う,0,high,ichi1|news1|nf07
けいざいきかくちよう,け,う,0,high,news1|nf07
じさん,じ,ん,0,high,ichi1|news1|nf16
のりかえ,の,え,0,high,ichi1|news1|nf20|spec1
ちよおきんぐ,ち,ぐ,0,high,gai1
いたく,い,く,0,high,news1|nf07
ににんまえ,に,え,0,high,ichi1
ろんじる,ろ,る,0,high,ichi1|news2|nf26
でいすぷれえ,で,え,0,high,gai1
たくはいびん,た,ん,0,high,spec1
おにごつこ,お,こ,0,high,spec1
ところ,と,ろ,0,high,ichi1
のに,の,に,0,high,spec1
りぶ,り,ぶ,0,high,gai1
しやあぷぺんしる,し,る,0,high,gai1|ichi1
こうけいき,こ,き,0,high,news1|nf21
なにわ,な,わ,0,high,news2|nf28|spec1
やまやま,や,ま,0,high,news1|nf19
けぶたい,け,い,0,high,ichi1
せいさんしや,せ,や,0,high,spec1
ぶじ,ぶ,じ,0,high,ichi1|news1|nf09
りきじ,り,じ,0,high,news1|nf06
ねんぴよう,ね,う,0,high,ichi1|news1|nf21
やすもの,や,の,0,high,news2|nf40|spec1
ぜねこん,ぜ,ん,0,high,gai1
こうざばんごう,こ,う,0,high,spec1
たんてい,た,い,0,high,news1|nf16
ほそながい,ほ,い,0,high,ichi1|news2|nf35
ごおるど,ご,ど,0,high,gai1
とうにゆう,と,う,0,high,news1|news2|nf11|nf43|spec1
ぜんあく,ぜ,く,0,high,ichi1|news2|nf30
しようじん,し,ん,0,high,ichi1|news1|nf07
こみつしよん,こ,ん,0,high,gai1
きしゆう,き,う,0,high,news1|nf21
くも,く,も,0,high,ichi1|news1|news2|nf06|nf37
けいひ,け,ひ,0,high,ichi1|news1|nf03
でざいなあ,で,あ,0,high,gai1
えいせい,え,い,0,high,ichi1|news1|nf02|nf06
ゆにおん,ゆ,ん,0,high,gai1
ばれる,ば,る,0,high,gai1|ichi1|spec1
きかい,き,い,0,high,ichi1|news1|nf02|nf03
りめん,り,ん,0,high,news1|nf19
にゆうこう,に,う,0,high,news1|nf20
さんぴ,さ,ぴ,0,high,ichi1|news1|nf08
すりらあ,す,あ,0,high,gai1
しはい,し,い,0,high,ichi1|news1|nf03|nf24
くじ,く,じ,0,high,ichi1
ちようしゆ,ち,ゆ,0,high,news1|nf04
みつど,み,ど,0,high,ichi1|news1|nf13
ぞんぶん,ぞ,ん,0,high,news1|nf18
ほうにち,ほ,ち,0,high,news1|nf03
こうほしや,こ,や,0,high,spec1
ぷれぜんてえしよん,ぷ,ん,0,high,gai1
ちから,ち,ら,0,high,ichi1
みはる,み,る,0,high,ichi1|news2|nf46
たこ,た,こ,0,high,ichi1|news1|nf18
せつき,せ,き,0,high,news1|nf14|nf18
さぽおと,さ,と,0,high,gai1
けして,け,て,0,high,ichi1|news1|nf03
ぷらいむれえと,ぷ,と,0,high,gai1
ものがたる,も,る,0,high,ichi1|news1|nf10
しようれい,し,い,0,high,ichi1|news1|nf08|nf14|nf19
げんかしようきやく,げ,く,0,high,news1|nf24
しば,し,ば,0,high,news1|nf05|nf18
てへん,て,ん,0,high,ichi1
みぐるしい,み,い,0,high,ichi1|news2|nf35
いつこだて,い,て,0,high,news1|nf14
ほしようつき,ほ,き,0,high,spec1
さきだつて,さ,て,0,high,spec1
どうぞ,ど,ぞ,0,high,ichi1
れんじやあ,れ,あ,0,high,gai1
つれる,つ,る,0,high,ichi1|news1|nf16
まとまる,ま,る,0,high,ichi1
しりうす,し,す,0,high,gai1
よくよう,よ,う,0,high,ichi1|news2|nf40
ていへん,て,ん,0,high,news1|nf19
きん,き,ん,0,high,ichi1|news1|nf11
ゆうゆう,ゆ,う,0,high,ichi1|news2|nf26
しらずしらず,し,ず,0,high,ichi1
とうむ,と,む,0,high,news1|nf15
おび,お,び,0,high,ichi1
なれる,な,る,0,high,ichi1|news2|nf43
きれつ,き,つ,0,high,news1|nf07
どうにもならない,ど,い,0,high,spec1
ざつか,ざ,か,0,high,news1|nf11
あふりか,あ,か,0,high,spec1
おいかぜ,お,ぜ,0,high,news1|nf09
すてご,す,ご,0,high,ichi1
にいさん,に,ん,0,high,ichi1|news2|nf25
ぱあふえくと,ぱ,と,0,high,gai1
せめんと,せ,と,0,high,gai1|ichi1
らいぶらりい,ら,い,0,high,gai1
ろうえい,ろ,い,0,high,spec1
くれえたあ,く,あ,0,high,gai1
きゆうかい,き,い,0,high,news1|nf13
れいとうこ,れ,こ,0,high,spec1
いりごみ,い,み,0,high,news1|nf20
このみ,こ,み,0,high,ichi1|news1|nf08|nf23
しええく,し,く,0,high,gai1
はなよめ,は,め,0,high,ichi1|news1|nf15
たいけん,た,ん,0,high,ichi1|news1|nf02
かつきてき,か,き,0,high,ichi1|news1|nf10
りよこう,り,う,0,high,ichi1|news1|nf02
ぼんさい,ぼ,い,0,high,news1|nf18
いがい,い,い,0,high,ichi1|news1|news2|nf04|nf26
ほうがよい,ほ,い,0,high,spec1
あんさつ,あ,つ,0,high,ichi1|news1|nf07
ゆしゆつ,ゆ,つ,0,high,ichi1|news1|nf01
れべる,れ,る,0,high,gai1|ichi1
だれにでも,だ,も,0,high,spec1
すすみ,す,み,0,high,news1|nf22
そのよう,そ,う,0,high,spec1
にがつ,に,つ,0,high,news1|nf01|spec1
うんえい,う,い,0,high,ichi1|news1|nf02
おうだんほどう,お,う,0,high,ichi1|news1|nf24
きようつうてん,き,ん,0,high,spec1
ぎしき,ぎ,き,0,high,ichi1|news1|nf09
はさみ,は,み,0,high,ichi1
きぶんてんかん,き,ん,0,high,spec1
かくかん,か,ん,0,high,ichi1|news1|nf11
ふいあんせ,ふ,せ,0,high,gai1
きゆうし,き,し,0,high,news1|nf19|nf23
せきにんをもつ,せ,つ,0,high,spec1
ゆるめる,ゆ,る,0,high,ichi1
すんぽう,す,う,0,high,ichi1|news1|nf22
どうぞう,ど,う,0,high,ichi1|news1|nf21
しゆのう,し,う,0,high,ichi1|news1|nf01
かわいそう,か,う,0,high,ichi1|news1|nf23|spec1
げじゆん,げ,ん,0,high,ichi1|news1|nf05
なのです,な,す,0,high,spec1
べえすあつぷ,べ,ぷ,0,high,gai1
えんご,え,ご,0,high,news1|nf08
ふるほん,ふ,ん,0,high,ichi1|news1|nf19
えをかく,え,く,0,high,spec1
にこちん,に,ん,0,high,gai1
りふと,り,と,0,high,gai1
ささやく,さ,く,0,high,ichi1
おしやれ,お,れ,0,high,ichi1|spec1
すたあ,す,あ,0,high,gai1|ichi1
えのぐ,え,ぐ,0,high,ichi1|news1|nf16
すそ,す,そ,0,high,ichi1|news2|nf34
しんりようじよ,し,よ,0,high,ichi1
ばむばむ,ば,む,0,high,gai1
きよくげん,き,ん,0,high,ichi1|news1|nf15
ようしや,よ,や,0,high,ichi1|news1|nf20
わつと,わ,と,0,high,gai1|ichi1
とろんと,と,と,0,high,gai1
たいめん,た,ん,0,high,news1|nf14
おもわれる,お,る,0,high,spec1
てすたあ,て,あ,0,high,gai1
すちゆわあです,す,す,0,high,gai1|ichi1
そしよう,そ,う,0,high,ichi1|news1|nf02
さんくちゆあり,さ,り,0,high,gai1
ぶじよく,ぶ,く,0,high,ichi1|news1|nf22
はんけつ,は,つ,0,high,ichi1|news1|nf01
にくたい,に,い,0,high,ichi1|news1|nf11
あみだ,あ,だ,0,high,news2|nf26|spec1
ありしひ,あ,ひ,0,high,news1|nf05
むちや,む,や,0,high,ichi1|news2|nf42
きつする,き,る,0,high,news1|nf18
がいえん,が,ん,0,high,news1|nf24
さいばんしよ,さ,よ,0,high,ichi1|news1|nf04
けんさくじようけん,け,ん,0,high,spec1
おうふく,お,く,0,high,ichi1|news1|nf06
げんかく,げ,く,0,high,ichi1|news1|news2|nf11|nf30
かなあ,か,あ,0,high,spec1
しぼり,し,り,0,high,news1|news2|nf19|nf25
びくとりい,び,い,0,high,gai1
ひつてき,ひ,き,0,high,ichi1|news1|nf10
ふおおく,ふ,く,0,high,gai1|ichi1
まくぎれ,ま,れ,0,high,news1|nf23
じよしこおせえ,じ,え,0,high,spec1
ありがたい,あ,い,0,high,ichi1|news2|nf40
したて,し,て,0,high,ichi1|news1|nf17
ほしゆう,ほ,う,0,high,news1|nf13
しずか,し,か,0,high,ichi1|news1|nf05
りようりつ,り,つ,0,high,ichi1|news1|nf16
じやつく,じ,く,0,high,gai1
きようと,き,と,0,high,news1|nf01|nf03
しよつき,し,き,0,high,ichi1|news1|nf12
あいぬ,あ,ぬ,0,high,gai1
ふる,ふ,る,0,high,gai1|ichi1|news2|nf27|nf42
びいる,び,る,0,high,gai1|ichi1
なじむ,な,む,0,high,spec1
ぎゆつと,ぎ,と,0,high,spec1
くよくよ,く,よ,0,high,ichi1
けいかくてき,け,き,0,high,news1|nf14
つくえ,つ,え,0,high,ichi1|news1|nf07
へどろ,へ,ろ,0,high,gai1
ぎよかいるい,ぎ,い,0,high,news1|nf16
すろばきあ,す,あ,0,high,gai1
こんいん,こ,ん,0,high,news1|nf13
すいそ,す,そ,0,high,ichi1|news1|nf11
かんよう,か,う,0,high,news1|nf16|nf21
しよくば,し,ば,0,high,ichi1|news1|nf03
じゆんずる,じ,る,0,high,news1|nf23
はりがね,は,ね,0,high,ichi1|news2|nf26
ふえる,ふ,る,0,high,ichi1|news1|nf21
おそい,お,い,0,high,ichi1|news1|nf18
まつさあじ,ま,じ,0,high,gai1
すみここち,す,ち,0,high,news1|nf06
しぎよう,し,う,0,high,ichi1|news1|nf05|nf06|nf20
たいしよう,た,う,0,high,ichi1|news1|news2|nf01|nf05|nf07|nf13|nf15|nf23|nf33
りゆうは,り,は,0,high,news1|nf21
こうくうがいしや,こ,や,0,high,spec1
しろぎぬ,し,ぬ,0,high,ichi1|news1|nf23
ぶつくめえかあ,ぶ,あ,0,high,gai1
ぺなるていい,ぺ,い,0,high,gai1
こてえじ,こ,じ,0,high,gai1
らいほう,ら,う,0,high,news1|nf23
ばあげんせえる,ば,る,0,high,gai1
ひがむ,ひ,む,0,high,ichi1
おかいどく,お,く,0,high,spec1
とうちよく,と,く,0,high,news1|nf24
だいあぐらむ,だ,む,0,high,gai1
てんけい,て,い,0,high,ichi1|news1|nf09
わあぷ,わ,ぷ,0,high,gai1
きもちいい,き,い,0,high,spec1|spec2
さいしゆ,さ,ゆ,0,high,ichi1|news1|nf15
なにごと,な,と,0,high,ichi1|news1|nf15
かんとう,か,う,0,high,news1|nf07|nf20|spec1
とりまく,と,く,0,high,ichi1
わんぴいす,わ,す,0,high,gai1|ichi1
さんぱい,さ,い,0,high,ichi1|news1|nf07|nf14
もうふ,も,ふ,0,high,ichi1|news1|nf13
うまれつき,う,き,0,high,ichi1|news2|nf32
こつとん,こ,ん,0,high,gai1|ichi1
ておくれ,て,れ,0,high,ichi1|news2|nf26
ふかみ,ふ,み,0,high,ichi1|news1|nf17
にゆうかんりよう,に,う,0,high,news1|nf20
かんこうちよう,か,う,0,high,news1|nf18
ちんぴら,ち,ら,0,high,spec1
じんぶんかがく,じ,く,0,high,ichi1|news2|nf29
だいひようさく,だ,く,0,high,news1|nf10
はんたあ,は,あ,0,high,gai1
ごみ,ご,み,0,high,ichi1|news2|nf36|spec1
ばふありん,ば,ん,0,high,gai1
まばたく,ま,く,0,high,ichi1
じよがい,じ,い,0,high,ichi1|news1|nf15
むねん,む,ん,0,high,news1|nf16
ふあみりい,ふ,い,0,high,gai1
いきさき,い,き,0,high,news1|nf18
しかた,し,た,0,high,ichi1|news1|nf04
しきちよう,し,う,0,high,news1|nf21
くるみ,く,み,0,high,spec1
じえねれえしよん,じ,ん,0,high,gai1
いためる,い,る,0,high,ichi1|news1|nf20|spec1
みがる,み,る,0,high,ichi1|news2|nf32
ゆず,ゆ,ず,0,high,news2|nf43|spec1
ずらり,ず,り,0,high,spec1
さいまつ,さ,つ,0,high,ichi1|news2|nf26
だいじえすと,だ,と,0,high,gai1
あらかると,あ,と,0,high,gai1
かくせい,か,い,0,high,news2|nf42|spec1
ふきそく,ふ,く,0,high,ichi1|news1|nf19
こうばい,こ,い,0,high,ichi1|news1|news2|nf17|nf46
きゆうたい,き,い,0,high,news1|nf21
あくにん,あ,ん,0,high,ichi1|news1|nf24
ぞつこう,ぞ,う,0,high,news1|nf18
いつもどうり,い,り,0,high,spec1
せんきよにん,せ,ん,0,high,news1|nf18
ぶおんな,ぶ,な,0,high,ichi1
こおどれす,こ,す,0,high,gai1
おうぎ,お,ぎ,0,high,news1|nf12
ぜく,ぜ,く,0,high,news1|nf24
ふとくい,ふ,い,0,high,ichi1|news2|nf35
すらつくす,す,す,0,high,gai1
じゆうはちばん,じ,ん,0,high,news1|nf15
かせんじき,か,き,0,high,news1|nf14
おいだす,お,す,0,high,ichi1|news1|nf22
たいのう,た,う,0,high,ichi1|news1|nf18
ふあいりんぐしすてむ,ふ,む,0,high,gai1
よういん,よ,ん,0,high,ichi1|news1|nf03|nf04
そおしやるわあかあ,そ,あ,0,high,gai1
かつこ,か,こ,0,high,ichi1|news1|nf04|nf17
しらが,し,が,0,high,ichi1|news1|nf16
あやふや,あ,や,0,high,ichi1
きよしよう,き,う,0,high,news1|nf15
なんなく,な,く,0,high,ichi1
ちんもく,ち,く,0,high,ichi1|news1|nf09
どおぴんぐ,ど,ぐ,0,high,gai1
かきことば,か,ば,0,high,ichi1
しよとう,し,う,0,high,news1|nf12|spec1
だの,だ,の,0,high,spec1
はじめて,は,て,0,high,ichi1|spec1
かんきようちよう,か,う,0,high,news1|nf03
しんげき,し,き,0,high,news1|nf15
たがい,た,い,0,high,ichi1|news1|nf04
もちあげる,も,る,0,high,news2|nf30|spec1
みまい,み,い,0,high,ichi1|news1|nf11
ちんぷんかんぷん,ち,ん,0,high,ichi1
えばる,え,る,0,high,ichi1|news2|nf45
ふあんきい,ふ,い,0,high,gai1
せいそくち,せ,ち,0,high,news1|nf15
おとつさん,お,ん,0,high,ichi1|news1|nf07
うつす,う,す,0,high,ichi1|news1|news2|nf13|nf24|nf37
いんりよう,い,う,0,high,news1|nf07
さわる,さ,る,0,high,ichi1|news2|nf36
ようじよう,よ,う,0,high,news1|nf19
ごりん,ご,ん,0,high,news1|nf01
こし,こ,し,0,high,ichi1|news1|nf04|nf16
そうい,そ,い,0,high,ichi1|news1|nf10|nf18|nf20
だいだ,だ,だ,0,high,news1|nf08
しぶずら,し,ら,0,high,ichi1
しゆみつとかめら,し,ら,0,high,gai1
いちや,い,や,0,high,news1|nf09
うしなう,う,う,0,high,ichi1|news1|nf06
ほのか,ほ,か,0,high,ichi1
ふうとう,ふ,う,0,high,ichi1|news1|nf11
しんりん,し,ん,0,high,ichi1|news1|nf04
さらさら,さ,ら,0,high,ichi1
かんしゆう,か,う,0,high,ichi1|news1|nf11|nf15
びるぼおど,び,ど,0,high,gai1
つぐない,つ,い,0,high,news1|nf14
じようこう,じ,う,0,high,news1|nf04|nf23|spec1
うえき,う,き,0,high,ichi1|news1|nf17
ぷれいぼおい,ぷ,い,0,high,gai1
こくどう,こ,う,0,high,ichi1|news1|nf07
まえがき,ま,き,0,high,ichi1
まうんど,ま,ど,0,high,gai1
ばあじん,ば,ん,0,high,gai1
がそおる,が,る,0,high,gai1
おき,お,き,0,high,ichi1|news1|nf16
ぺありんぐ,ぺ,ぐ,0,high,gai1
めぐむ,め,む,0,high,ichi1
はあどうえあ,は,あ,0,high,ichi1
ばつてん,ば,ん,0,high,ichi1
しんばし,し,し,0,high,news1|nf10
にいと,に,と,0,high,spec1
しようばつ,し,つ,0,high,ichi1
かくだい,か,い,0,high,ichi1|news1|nf01
おろしうり,お,り,0,high,ichi1|news1|nf11
ていくあうと,て,と,0,high,spec1
ばいきんぐ,ば,ぐ,0,high,gai1
りぷらい,り,い,0,high,gai1
がいじゆ,が,ゆ,0,high,news1|nf23
ぜんつぜん,ぜ,ん,0,high,ichi1|news1|nf16
ちほうぎかい,ち,い,0,high,news1|nf13
しつたい,し,い,0,high,news1|nf24
しゆたいてき,し,き,0,high,news1|nf18
ちようろう,ち,う,0,high,news1|nf09
ぷりん,ぷ,ん,0,high,gai1
りきむ,り,む,0,high,ichi1|news2|nf42
とりひきさき,と,き,0,high,spec1
がくう,が,う,0,high,ichi1|news1|nf07
うんゆ,う,ゆ,0,high,ichi1|news1|nf03
ぜんれい,ぜ,い,0,high,ichi1|news1|nf09
ぎせき,ぎ,き,0,high,news1|nf02
たとうう,た,う,0,high,spec1
しゆよう,し,う,0,high,ichi1|news1|news2|nf02|nf27|spec1
しわす,し,す,0,high,ichi1|news1|nf21
さんすう,さ,う,0,high,ichi1|news1|nf17
ねおなち,ね,ち,0,high,gai1
ひざ,ひ,ざ,0,high,ichi1|news2|nf27
ぬかす,ぬ,す,0,high,ichi1|news2|nf34
しんの,し,の,0,high,news1|nf06
きつさ,き,さ,0,high,news1|nf21
そろえる,そ,る,0,high,ichi1
くるくる,く,る,0,high,ichi1
りそく,り,く,0,high,ichi1|news1|nf10
まいぺえす,ま,す,0,high,gai1
うまぬし,う,し,0,high,news1|nf23
おりから,お,ら,0,high,news1|nf22
らいだあ,ら,あ,0,high,gai1
おでん,お,ん,0,high,spec1
げんどうりよく,げ,く,0,high,news1|nf09
たちばなし,た,し,0,high,ichi1|news2|nf28
ふけつ,ふ,つ,0,high,ichi1|news2|nf30
やくどう,や,う,0,high,news1|nf21
はやあい,は,い,0,high,ichi1|news1|news2|nf16|nf31
しんゆう,し,う,0,high,ichi1|news1|nf14
ひじよう,ひ,う,0,high,ichi1|news1|nf02
だりつ,だ,つ,0,high,news1|nf08
るびい,る,い,0,high,gai1
りゆうきゆう,り,う,0,high,spec1
むかんけい,む,い,0,high,ichi1|news1|nf15
ぜひとも,ぜ,も,0,high,ichi1
すぷれえ,す,え,0,high,gai1|ichi1
どじよう,ど,う,0,high,news1|nf08
たいようでんち,た,ち,0,high,news1|nf15
かるはずみ,か,み,0,high,ichi1|news2|nf46
ぎよみん,ぎ,ん,0,high,news1|nf14
じつぶつ,じ,つ,0,high,ichi1|news1|nf17
がんせき,が,き,0,high,news1|nf21
ひきあい,ひ,い,0,high,news1|nf15
ほとんど,ほ,ど,0,high,ichi1
ではまた,で,た,0,high,spec1
ちかてつ,ち,つ,0,high,ichi1|news1|nf05
すろべにあ,す,あ,0,high,gai1
とりのこす,と,す,0,high,news1|nf13
うつし,う,し,0,high,news1|nf24
ほえる,ほ,る,0,high,ichi1
しわ,し,わ,0,high,ichi1|news2|nf47
ばいてん,ば,ん,0,high,ichi1|news1|nf16
あぱあと,あ,と,0,high,gai1|ichi1
ようそ,よ,そ,0,high,ichi1|news1|nf04
あえて,あ,て,0,high,ichi1
すけつと,す,と,0,high,news2|nf25|spec1
かくねんりよう,か,う,0,high,news1|nf07
こんど,こ,ど,0,high,ichi1|news1|nf02
さいどびじねす,さ,す,0,high,gai1
かへい,か,い,0,high,ichi1|news1|news2|nf19|nf27
じんこうえいせい,じ,い,0,high,news1|nf16
かちこし,か,し,0,high,news1|nf08
こころみ,こ,み,0,high,ichi1|news1|nf04
こじま,こ,ま,0,high,news1|nf06
ねいちやあ,ね,あ,0,high,spec1
しよつぷ,し,ぷ,0,high,gai1
ふつうよきん,ふ,ん,0,high,news1|nf13
あがり,あ,り,0,high,ichi1|news1|nf08
かんれい,か,い,0,high,ichi1|news1|news2|nf11|nf29
あくせさりい,あ,い,0,high,gai1|ichi1
はくじよう,は,う,0,high,ichi1|news2|nf38
りよう,り,う,0,high,ichi1|news1|nf02|nf04|nf06|nf07|nf08|nf11|nf13|nf24|spec1
ふこく,ふ,く,0,high,news1|nf17
きよたい,き,い,0,high,news1|nf23
ごじゆう,ご,う,0,high,news1|nf01|spec1
さいはん,さ,ん,0,high,news1|nf17
いたずら,い,ら,0,high,ichi1
うちまく,う,く,0,high,ichi1|news1|nf22
びるといん,び,ん,0,high,gai1
ぞうし,ぞ,し,0,high,news1|nf11
さぱあ,さ,あ,0,high,gai1
いと,い,と,0,high,ichi1|news1|nf05|nf07
よりよく,よ,く,0,high,news1|nf17
ぼいこつと,ぼ,と,0,high,gai1
すぽおていい,す,い,0,high,gai1
こつし,こ,し,0,high,news1|nf08
れいきやく,れ,く,0,high,news1|nf08
らんく,ら,く,0,high,gai1
かえす,か,す,0,high,ichi1|news1|news2|nf18|nf20|nf45
わさび,わ,び,0,high,ichi1
わがまま,わ,ま,0,high,ichi1|spec1
なんてん,な,ん,0,high,ichi1|news1|nf16
きりさげ,き,げ,0,high,news1|nf18
きんみつ,き,つ,0,high,news1|nf07
ほおむぐらうんど,ほ,ど,0,high,gai1
ひらく,ひ,く,0,high,ichi1
ぷれい,ぷ,い,0,high,gai1
ほかに,ほ,に,0,high,ichi1
みずぐち,み,ち,0,high,news1|nf22
ゆうむ,ゆ,む,0,high,ichi1|news1|nf07
すぽおつかあ,す,あ,0,high,gai1
りつ,り,つ,0,high,ichi1
ばらんすしいと,ば,と,0,high,gai1
たいせいよう,た,う,0,high,news1|nf05
しんぴてき,し,き,0,high,news2|nf25|spec1
れんせん,れ,ん,0,high,news1|nf12
せつせん,せ,ん,0,high,news1|nf09
かんけい,か,い,0,high,ichi1|news1|nf01
えいようしつちよう,え,う,0,high,news1|nf19
しあさつて,し,て,0,high,ichi1
もりこむ,も,む,0,high,news1|nf04
しんかい,し,い,0,high,news1|nf20
こうきようりようきん,こ,ん,0,high,news1|nf11
ごご,ご,ご,0,high,ichi1|news1|nf01
こくみん,こ,ん,0,high,ichi1|news1|nf01
さんぶつ,さ,つ,0,high,ichi1|news1|nf13
ぶろんず,ぶ,ず,0,high,gai1
かこい,か,い,0,high,ichi1|news1|nf22
くうこう,く,う,0,high,ichi1|news1|nf01
よごれる,よ,る,0,high,ichi1|news2|nf27
しじようちようさ,し,さ,0,high,news1|nf22
ただよう,た,う,0,high,ichi1|news1|nf18
じゆうおう,じ,う,0,high,news1|nf15
すりむ,す,む,0,high,gai1
じらい,じ,い,0,high,news1|nf08
かていきようし,か,し,0,high,news1|nf17
だつしゆつ,だ,つ,0,high,ichi1|news1|nf07
にゆうめでいあ,に,あ,0,high,gai1
これくしよん,こ,ん,0,high,gai1
えい,え,い,0,high,ichi1|news1|nf08|nf17|spec1
ころしあむ,こ,む,0,high,gai1
ちらちら,ち,ら,0,high,ichi1
てんのうせい,て,い,0,high,news1|nf17|spec1
ぺいんくりにつく,ぺ,く,0,high,gai1
めいげん,め,ん,0,high,news1|nf17
けんすう,け,う,0,high,news1|nf06
けんりつ,け,つ,0,high,ichi1|news1|nf04|nf23
ぞろぞろ,ぞ,ろ,0,high,ichi1
ちやう,ち,う,0,high,spec1
くつしよん,く,ん,0,high,gai1
よこみち,よ,ち,0,high,ichi1|news2|nf37
ぜんにちせい,ぜ,い,0,high,news1|nf23
せいじようか,せ,か,0,high,news1|nf13
とれつかあ,と,あ,0,high,gai1
でんりよく,で,く,0,high,ichi1|news1|nf03
ぼうねんかい,ぼ,い,0,high,ichi1|news1|nf20
さがす,さ,す,0,high,ichi1|news1|nf16
にほんじゆう,に,う,0,high,spec1
けんむ,け,む,0,high,news1|nf20
なつかしむ,な,む,0,high,news1|nf24
すなつぷ,す,ぷ,0,high,gai1
あるいみでは,あ,は,0,high,spec1
いましめ,い,め,0,high,ichi1|news2|nf31
せこう,せ,う,0,high,ichi1|news1|nf06|nf14
とうえい,と,い,0,high,ichi1|news2|nf40
ふけん,ふ,ん,0,high,news1|nf16
ちゆうにん,ち,ん,0,high,ichi1|news1|nf21
せめて,せ,て,0,high,ichi1
こうひ,こ,ひ,0,high,news1|nf09|nf12
ふくだい,ふ,い,0,high,news1|nf17
きよくいん,き,ん,0,high,news1|nf15
うけもち,う,ち,0,high,ichi1|news2|nf39
どつと,ど,と,0,high,ichi1|spec1
きやくしつ,き,つ,0,high,ichi1|news1|nf14
よしわるし,よ,し,0,high,ichi1|spec1
ゆう,ゆ,う,0,high,gai1|ichi1|news1|news2|nf01|nf02|nf03|nf43|spec1
ちようえつ,ち,つ,0,high,ichi1|news2|nf40
くだす,く,す,0,high,ichi1|news2|nf39
こども,こ,も,0,high,ichi1|news1|nf01|spec1
じゆうくぼつくす,じ,す,0,high,gai1
げつさん,げ,ん,0,high,news1|nf18
りようよう,り,う,0,high,ichi1|news1|nf09
ながす,な,す,0,high,ichi1|news1|nf08
ぶういんぐ,ぶ,ぐ,0,high,gai1
かんのん,か,ん,0,high,news1|nf18
わき,わ,き,0,high,ichi1|news1|nf19
おぴにおんりいだあ,お,あ,0,high,gai1
じす,じ,す,0,high,gai1|news1|nf11
じれいしゆう,じ,う,0,high,spec1
やみ,や,み,0,high,ichi1|news1|nf13
ぽぷり,ぽ,り,0,high,gai1
ちようき,ち,き,0,high,ichi1|news1|nf02
きゆうしよく,き,く,0,high,ichi1|news1|nf06|nf13|nf18
おおの,お,の,0,high,news1|nf07
につき,に,き,0,high,ichi1|news1|nf07
だつて,だ,て,0,high,ichi1
しゆつげん,し,ん,0,high,ichi1|news1|nf11
ついずい,つ,い,0,high,news1|nf17
つけもの,つ,の,0,high,ichi1|news1|nf18
ぐあてまらきようわこく,ぐ,く,0,high,news1|nf01
じゆくちよう,じ,う,0,high,news1|nf18
ほつかいどう,ほ,う,0,high,news1|nf01
るいすい,る,い,0,high,ichi1|news2|nf37
しあん,し,ん,0,high,gai1|news1|nf12|nf19
にゆうしや,に,や,0,high,ichi1|news1|nf04
きゆうじよう,き,う,0,high,news1|nf04|nf18
すぷりんぐ,す,ぐ,0,high,gai1
ひとりごと,ひ,と,0,high,ichi1|news2|nf32|spec1
であい,で,い,0,high,news1|nf08|nf16
きよくめん,き,ん,0,high,news1|nf04
じんこう,じ,う,0,high,ichi1|news1|nf01|nf05
ふくらむ,ふ,む,0,high,ichi1|news1|nf18
にほん,に,ん,0,high,news2|nf25|spec1
ほそぼそ,ほ,そ,0,high,news1|nf22
すすめ,す,め,0,high,news1|nf13
こうしよう,こ,う,0,high,ichi1|news1|nf01|nf07|nf22
いぜんとして,い,て,0,high,news1|nf06
どくしや,ど,や,0,high,ichi1|news1|nf04
じゆんかい,じ,い,0,high,ichi1|news1|nf13
じゆうちん,じ,ん,0,high,news1|nf21
よわる,よ,る,0,high,ichi1|news2|nf43
かおをつぶす,か,す,0,high,spec1
さしず,さ,ず,0,high,ichi1|news2|nf25
けちやつぷ,け,ぷ,0,high,gai1
のびやか,の,か,0,high,ichi1|news2|nf32
ふへん,ふ,ん,0,high,ichi1|news1|nf14|nf19
せんたくし,せ,し,0,high,news1|nf08
やむ,や,む,0,high,ichi1|news2|nf26
たいりよく,た,く,0,high,ichi1|news1|nf05
なろおきやすていんぐ,な,ぐ,0,high,gai1
そとがわ,そ,わ,0,high,ichi1|news1|nf11
ちいふ,ち,ふ,0,high,gai1
あむ,あ,む,0,high,ichi1|news2|nf41
べたべた,べ,た,0,high,ichi1|spec1
うちゆうひこうし,う,し,0,high,news1|nf11
かきとめ,か,め,0,high,ichi1|news1|nf14
えいやく,え,く,0,high,news1|nf22
むしんけい,む,い,0,high,ichi1|news2|nf32
じつせき,じ,き,0,high,ichi1|news1|nf02
ばんぱあ,ば,あ,0,high,gai1
ふあいていんぐすぴりつと,ふ,と,0,high,gai1
にんじよう,に,う,0,high,ichi1|news1|nf13
ちゆうなあ,ち,あ,0,high,gai1
ちようかい,ち,い,0,high,news1|nf09
まりよく,ま,く,0,high,news2|nf32|spec1
げんきよ,げ,よ,0,high,ichi1|news1|nf06
いだい,い,い,0,high,ichi1|news1|nf07|nf09
けつだん,け,ん,0,high,ichi1|news1|nf03
ぶれんど,ぶ,ど,0,high,gai1
おろおろ,お,ろ,0,high,ichi1
ねんしよう,ね,う,0,high,ichi1|news1|nf13|nf19
すいいと,す,と,0,high,gai1
かるめら,か,ら,0,high,gai1
おまいり,お,り,0,high,ichi1|news2|nf36
せんいん,せ,ん,0,high,news1|nf17
ちようみん,ち,ん,0,high,news1|nf12
こくがく,こ,く,0,high,news1|nf13
かろうじて,か,て,0,high,news1|nf17
ころがす,こ,す,0,high,ichi1|news2|nf28
うかれる,う,る,0,high,ichi1
にんずう,に,う,0,high,ichi1|news1|nf06
じしゆてき,じ,き,0,high,ichi1|news1|nf09
らくせん,ら,ん,0,high,news1|nf14
ぶつきらぼう,ぶ,う,0,high,ichi1
かいぎ,か,ぎ,0,high,ichi1|news1|nf01|nf15
まぐま,ま,ま,0,high,gai1
ひとめ,ひ,め,0,high,ichi1|news1|nf18|nf19
たつて,た,て,0,high,spec1
にちや,に,や,0,high,news1|nf03
くうはく,く,く,0,high,ichi1|news1|nf07
しるばあ,し,あ,0,high,gai1
つうさんしよう,つ,う,0,high,ichi1|news1|nf02|nf05
きよう,き,う,0,high,ichi1|news1|news2|nf02|nf03|nf05|nf07|nf08|nf18|nf44
いつて,い,て,0,high,news1|nf14
ねんまく,ね,く,0,high,news1|nf21
せつかち,せ,ち,0,high,ichi1
ぼかす,ぼ,す,0,high,ichi1
しよいん,し,ん,0,high,news1|news2|nf08|nf23|nf33
にゆうじやあじい,に,い,0,high,gai1
はなわ,は,わ,0,high,news1|nf22
かいがいりよこう,か,う,0,high,spec1
だいじようぶ,だ,ぶ,0,high,ichi1|news1|nf06
おもわく,お,く,0,high,ichi1|news1|nf04
おとなしい,お,い,0,high,ichi1
やくがい,や,い,0,high,news1|nf20
でべろつぱあ,で,あ,0,high,gai1
のやま,の,ま,0,high,news1|nf18
げし,げ,し,0,high,ichi1|news2|nf37
けもの,け,の,0,high,ichi1|news1|nf14
ふおあぐら,ふ,ら,0,high,gai1
いきとどく,い,く,0,high,ichi1
むうる,む,る,0,high,gai1
でこれえしよん,で,ん,0,high,gai1
じやつき,じ,き,0,high,gai1
しやつきん,し,ん,0,high,ichi1|news1|nf05
ちゆうざい,ち,い,0,high,news1|nf07
ぞうお,ぞ,お,0,high,ichi1|news1|nf17
ぐんせい,ぐ,い,0,high,news1|nf15
めぬき,め,き,0,high,news1|nf22
よいん,よ,ん,0,high,news1|nf22
ああばん,あ,ん,0,high,gai1
ほんき,ほ,き,0,high,ichi1|news1|nf09
とらんきらいざあ,と,あ,0,high,gai1
せぼね,せ,ね,0,high,ichi1|news1|nf23
けいしよく,け,く,0,high,ichi1|news1|nf14
けつせき,け,き,0,high,ichi1|news1|nf10
りゆうこう,り,う,0,high,ichi1|news1|nf06
いちねんせい,い,い,0,high,news1|nf07
りんじようかん,り,ん,0,high,news1|nf20
ともしい,と,い,0,high,ichi1|news2|nf32
せつする,せ,る,0,high,ichi1|news1|nf10
こうおん,こ,ん,0,high,ichi1|news1|news2|nf11|nf27
けはい,け,い,0,high,ichi1|news1|nf06
てんし,て,し,0,high,news1|nf13
ふれんち,ふ,ち,0,high,gai1
たき,た,き,0,high,ichi1|news1|nf08|nf10|nf16
けんちくがく,け,く,0,high,news1|nf24
ごうほうてき,ご,き,0,high,news1|nf15
でりか,で,か,0,high,gai1
かわる,か,る,0,high,ichi1|news1|news2|nf03|nf30
ひつきようぐ,ひ,ぐ,0,high,ichi1
しゆつだい,し,い,0,high,ichi1|news1|nf19
ねんげつ,ね,つ,0,high,ichi1|news1|nf17
りはつ,り,つ,0,high,news1|nf21
よみ,よ,み,0,high,ichi1|news1|nf08
すぴるりな,す,な,0,high,gai1
なんしき,な,き,0,high,news1|nf16
ゆるやか,ゆ,か,0,high,ichi1|news1|nf08
るぽるたあじゆ,る,ゆ,0,high,gai1
ぜりい,ぜ,い,0,high,gai1
かんせい,か,い,0,high,ichi1|news1|nf02|nf04|nf08|nf11
ぱにつく,ぱ,く,0,high,gai1
きりかえる,き,る,0,high,news2|nf38|spec1
ちかめ,ち,め,0,high,ichi1
ああもんど,あ,ど,0,high,gai1
こうかいどう,こ,う,0,high,news1|nf13
いきどおり,い,り,0,high,news1|nf17
りようじ,り,じ,0,high,news1|nf19
ふあくたあ,ふ,あ,0,high,gai1
さけ,さ,け,0,high,ichi1|news1|news2|nf04|nf32|spec1
たいびよう,た,う,0,high,news1|nf15
じようり,じ,り,0,high,ichi1|news2|nf41
へいわ,へ,わ,0,high,ichi1|news1|nf01
しようきぼ,し,ぼ,0,high,news1|nf09
ぜいがく,ぜ,く,0,high,news1|nf09
だびんぐ,だ,ぐ,0,high,gai1
ふろりだ,ふ,だ,0,high,gai1
らいふ,ら,ふ,0,high,gai1
すうまん,す,ん,0,high,news1|nf10
はるばしよ,は,よ,0,high,news1|nf13
みんげい,み,い,0,high,news1|nf18
はいやあ,は,あ,0,high,gai1
したつぱら,し,ら,0,high,news1|nf17
ちよさくけん,ち,ん,0,high,news1|nf08
かんこくご,か,ご,0,high,spec1
ほゆう,ほ,う,0,high,news1|nf04
おば,お,ば,0,high,ichi1|news1|news2|nf10|nf20|nf30
むかしのまま,む,ま,0,high,spec1
しゆうせき,し,き,0,high,news1|nf11
くさばな,く,な,0,high,ichi1|news1|nf21
ふあいなるせつと,ふ,と,0,high,gai1
いただける,い,る,0,high,spec1
さんぱつ,さ,つ,0,high,ichi1|news1|news2|nf14|nf32
なす,な,す,0,high,ichi1
てつこつ,て,つ,0,high,ichi1|news1|nf10
こおらん,こ,ん,0,high,gai1
つか,つ,か,0,high,news1|nf05
いからせる,い,る,0,high,news1|nf20
いちばん,い,ん,0,high,ichi1|news1|nf01
だいひようてき,だ,き,0,high,news1|nf12
あつめる,あ,る,0,high,ichi1|news1|nf07
いんてぐれえしよん,い,ん,0,high,gai1
みんわ,み,わ,0,high,ichi1|news1|nf18
ふれんず,ふ,ず,0,high,gai1
わかつ,わ,つ,0,high,news1|nf13
ねつき,ね,き,0,high,ichi1|news1|nf09
こつこつ,こ,つ,0,high,ichi1|spec1
おんどく,お,く,0,high,ichi1
ゆうする,ゆ,る,0,high,ichi1|news2|nf25
ばあばあ,ば,あ,0,high,gai1
おかえりなさい,お,い,0,high,ichi1
じようたい,じ,い,0,high,ichi1|news1|nf01|nf21
ふゆうちやあ,ふ,あ,0,high,gai1
ぶも,ぶ,も,0,high,ichi1|news1|nf06
かわいいい,か,い,0,high,ichi1|news2|nf32
るみのおる,る,る,0,high,gai1
ねむけ,ね,け,0,high,ichi1|news2|nf29
すけえと,す,と,0,high,gai1|ichi1
じつこう,じ,う,0,high,ichi1|news1|nf03|nf08
まえび,ま,び,0,high,news1|nf02
りとう,り,う,0,high,news1|nf06|nf18
ぜんこう,ぜ,う,0,high,news1|nf17
しよぞう,し,う,0,high,news1|nf16
ひろうえん,ひ,ん,0,high,ichi1
ごきぶり,ご,り,0,high,spec1
とつくに,と,に,0,high,ichi1
とつしゆつ,と,つ,0,high,news1|nf20
てぶくろ,て,ろ,0,high,ichi1|news1|nf17
せらぴい,せ,い,0,high,spec1
おおもじ,お,じ,0,high,ichi1|news2|nf35
かくやすこうくうけん,か,ん,0,high,spec1
ていがく,て,く,0,high,ichi1|news1|news2|nf09|nf32
かたすみ,か,み,0,high,news1|nf15
へんきん,へ,ん,0,high,news2|nf39|spec1
えきまえ,え,え,0,high,ichi1|news1|nf06
きゆうしようがつ,き,つ,0,high,news1|nf24
のびる,の,る,0,high,ichi1|news2|nf26
めもちよう,め,う,0,high,spec1
かくぶそう,か,う,0,high,news1|nf18
いさご,い,ご,0,high,ichi1|news1|nf06
こつかこうむいん,こ,ん,0,high,news1|nf10
ああていすと,あ,と,0,high,gai1
せかいかん,せ,ん,0,high,news1|nf24
おしはらいほうほう,お,う,0,high,spec1
めろん,め,ん,0,high,gai1
うらなう,う,う,0,high,ichi1|news2|nf28
さきがける,さ,る,0,high,news1|nf17
よぼう,よ,う,0,high,ichi1|news1|nf04
ぷれたぽるて,ぷ,て,0,high,gai1
ひどく,ひ,く,0,high,spec1
ぷれすせんたあ,ぷ,あ,0,high,gai1
たじゆう,た,う,0,high,news1|nf17
かちかん,か,ん,0,high,news1|nf06
かんぜい,か,い,0,high,ichi1|news1|nf02
でんつうだい,で,い,0,high,news1|nf08
どりよく,ど,く,0,high,ichi1|news1|nf01
ひつかける,ひ,る,0,high,ichi1|news2|nf39
ぎだ,ぎ,だ,0,high,news1|nf15
げねつ,げ,つ,0,high,ichi1|news2|nf44
おうぞく,お,く,0,high,news1|nf22
うりこみ,う,み,0,high,news1|nf12
はあどかばあ,は,あ,0,high,gai1
そう,そ,う,0,high,ichi1|news1|news2|nf05|nf06|nf07|nf09|nf10|nf14|nf37|spec1
しようだい,し,い,0,high,ichi1|news1|nf05
にしぐち,に,ち,0,high,news1|nf12
ひきおこす,ひ,す,0,high,ichi1|news2|nf26
こうえきほうじん,こ,ん,0,high,news1|nf15
のりまわす,の,す,0,high,ichi1|news2|nf44
かいが,か,が,0,high,ichi1|news1|nf03
じゆうじろ,じ,ろ,0,high,ichi1|news2|nf36
いんどねしあ,い,あ,0,high,gai1
にあう,に,う,0,high,ichi1|news2|nf25
ののしる,の,る,0,high,ichi1
いずみ,い,み,0,high,ichi1|news1|nf06
しようめい,し,い,0,high,ichi1|news1|nf06|nf08
いちめん,い,ん,0,high,ichi1|news1|nf06
そふぼ,そ,ぼ,0,high,news1|nf15
どらごん,ど,ん,0,high,gai1
なな,な,な,0,high,ichi1|news1|nf01|spec1
つなわたり,つ,り,0,high,ichi1|news1|nf21
めんしよく,め,く,0,high,news1|nf16
ぎじよう,ぎ,う,0,high,news1|nf10
けつてん,け,ん,0,high,ichi1|news1|nf12
じぷしい,じ,い,0,high,gai1
てつぺん,て,ん,0,high,ichi1
すぎよう,す,う,0,high,ichi1
りんどう,り,う,0,high,news1|nf22
そうしゆつ,そ,つ,0,high,news1|nf13
じまん,じ,ん,0,high,ichi1|news1|nf10
つぼ,つ,ぼ,0,high,ichi1|news1|news2|nf10|nf20|spec1
ぽおたぶる,ぽ,る,0,high,gai1
きようさく,き,く,0,high,news1|nf13
むしよぞく,む,く,0,high,news1|nf04
よこぎる,よ,る,0,high,ichi1|news2|nf35
らつぴんぐ,ら,ぐ,0,high,gai1
してい,し,い,0,high,gai1|ichi1|news1|nf03|nf06|nf15|nf21
ぼんち,ぼ,ち,0,high,ichi1|news1|nf23
わいや,わ,や,0,high,gai1
ぷろれたりあ,ぷ,あ,0,high,gai1
おとしあな,お,な,0,high,news1|nf19
りいち,り,ち,0,high,gai1
ほうしやせい,ほ,い,0,high,news1|nf07
からだ,か,だ,0,high,ichi1|news1|nf02
じやぶ,じ,ぶ,0,high,gai1
ぷろでゆうさあ,ぷ,あ,0,high,gai1
ぎようせき,ぎ,き,0,high,ichi1|news1|nf03
どく,ど,く,0,high,ichi1|news1|nf10|spec1
こうじよりようぞく,こ,く,0,high,spec1
たいべつ,た,つ,0,high,ichi1|news1|nf18
じぶん,じ,ん,0,high,ichi1|news1|nf01
だいぎし,だ,し,0,high,ichi1|news1|nf11
こんでいしよん,こ,ん,0,high,gai1
しぼりこむ,し,む,0,high,spec1
こくごじてん,こ,ん,0,high,news1|nf24
なかなおり,な,り,0,high,ichi1
じやあじい,じ,い,0,high,gai1
えんりよ,え,よ,0,high,ichi1|news1|nf19
けんこうしよくひん,け,ん,0,high,news1|nf18
さむい,さ,い,0,high,ichi1|news2|nf40
いろいろあつて,い,て,0,high,spec1
のみもの,の,の,0,high,ichi1|news1|nf20
ほごしや,ほ,や,0,high,ichi1|news1|nf10
かおをだす,か,す,0,high,spec1
つばくろ,つ,ろ,0,high,ichi1|news1|nf21
ぶんぴつ,ぶ,つ,0,high,ichi1|news1|nf20
けしいん,け,ん,0,high,ichi1|news1|nf07
わずらう,わ,う,0,high,ichi1|news2|nf27
しゆつせい,し,い,0,high,ichi1|news1|nf06
しんせき,し,き,0,high,ichi1|news2|nf30
きやくせき,き,き,0,high,ichi1|news1|nf10
ぴらにあ,ぴ,あ,0,high,gai1
ひきゆう,ひ,う,0,high,news1|nf20
びら,び,ら,0,high,gai1|ichi1
ぶらんど,ぶ,ど,0,high,gai1
すがすがしい,す,い,0,high,ichi1
こぼれる,こ,る,0,high,ichi1
じよおく,じ,く,0,high,gai1
がいゆう,が,う,0,high,news1|nf11
しべりあ,し,あ,0,high,gai1
たはつ,た,つ,0,high,news1|nf16
さんるいしゆ,さ,ゆ,0,high,news1|nf21
しがいせん,し,ん,0,high,news1|nf12
かしこい,か,い,0,high,ichi1|news2|nf30
はつしん,は,ん,0,high,ichi1|news1|nf10
かすたむ,か,む,0,high,spec1
ぞく,ぞ,く,0,high,news1|nf11
やまめ,や,め,0,high,ichi1|news2|nf44
いんしようてき,い,き,0,high,news1|nf11
いのべえしよん,い,ん,0,high,gai1
それじや,そ,や,0,high,spec1
ほうめん,ほ,ん,0,high,ichi1|news1|nf06
いつてい,い,い,0,high,ichi1|news1|nf03
きかせる,き,る,0,high,news1|nf22
そうけん,そ,ん,0,high,news1|nf24
やくにん,や,ん,0,high,ichi1|news1|nf08
れあ,れ,あ,0,high,gai1
さいしき,さ,き,0,high,news1|nf23
はつでん,は,ん,0,high,ichi1|news1|nf05
きわだつ,き,つ,0,high,ichi1|news1|nf20
そびえと,そ,と,0,high,gai1
ほんかいぎ,ほ,ぎ,0,high,news1|nf02
こころよい,こ,い,0,high,ichi1|news1|nf22
ぶもん,ぶ,ん,0,high,ichi1|news1|nf01
とうかい,と,い,0,high,news1|nf02
うまれそだつ,う,つ,0,high,spec1
あのひと,あ,と,0,high,spec1
へいねん,へ,ん,0,high,ichi1|news1|nf08
ちゆうこう,ち,う,0,high,news1|nf16
わかば,わ,ば,0,high,news1|nf18
あて,あ,て,0,high,ichi1|news1|nf01|nf15
めか,め,か,0,high,gai1
じが,じ,が,0,high,ichi1|news1|nf23
もんこ,も,こ,0,high,news1|nf14
にようぼう,に,う,0,high,ichi1|news1|nf10
どうにゆう,ど,う,0,high,ichi1|news1|nf02
かみがた,か,た,0,high,news1|nf21|spec1
ていれい,て,い,0,high,news1|nf06
しゆちよう,し,う,0,high,ichi1|news1|nf02|nf07
せつな,せ,な,0,high,spec1
せんよう,せ,う,0,high,ichi1|news1|nf04
しよおとぱんつ,し,つ,0,high,gai1
どうらん,ど,ん,0,high,ichi1|news1|nf18
がいろ,が,ろ,0,high,news1|nf24
ましん,ま,ん,0,high,gai1
すな,す,な,0,high,ichi1|news1|nf06
ありがち,あ,ち,0,high,spec1
ちようそん,ち,ん,0,high,news1|nf12
しよせき,し,き,0,high,ichi1|news1|nf09
びよおき,び,き,0,high,ichi1|news1|nf02
せつてい,せ,い,0,high,ichi1|news1|nf04
やまと,や,と,0,high,news1|nf05
じようそう,じ,う,0,high,news1|nf17
はなや,は,や,0,high,spec1
さがる,さ,る,0,high,ichi1|news1|nf24
ふくしよく,ふ,く,0,high,ichi1|news1|nf20
かいめつ,か,つ,0,high,news1|nf13
すうひやく,す,く,0,high,news1|nf07
ちゆうふく,ち,く,0,high,news1|nf22
かいさつ,か,つ,0,high,ichi1|news1|nf13
ようえき,よ,き,0,high,news1|nf23
つうか,つ,か,0,high,ichi1|news1|nf02|nf06
ころいど,こ,ど,0,high,gai1
そうほう,そ,う,0,high,news1|nf02
りよひ,り,ひ,0,high,ichi1|news1|nf14
せきじよう,せ,う,0,high,ichi1|news1|nf06
ぱんむんじよむ,ぱ,む,0,high,news1|nf11
もつなべ,も,べ,0,high,spec1
がつぺいしよう,が,う,0,high,news1|nf23
とつぐ,と,ぐ,0,high,ichi1|news2|nf43
とらわれる,と,る,0,high,ichi1|news2|nf43
ととのえる,と,る,0,high,ichi1
なやます,な,す,0,high,news1|nf12
そうりつ,そ,つ,0,high,ichi1|news1|nf06
れつきよ,れ,よ,0,high,news1|nf17
ぐらふいつくす,ぐ,す,0,high,gai1
てんい,て,い,0,high,news1|nf21
きよくとう,き,う,0,high,news1|nf06
りいる,り,る,0,high,gai1
かと,か,と,0,high,news1|nf21|spec1
ぎせい,ぎ,い,0,high,ichi1|news1|nf05
やくわり,や,り,0,high,ichi1|news1|nf01
ありのまま,あ,ま,0,high,ichi1|news1|nf23
かあぺつと,か,と,0,high,gai1|ichi1
たにま,た,ま,0,high,news1|nf17
ひよこ,ひ,こ,0,high,ichi1|news2|nf25
しようがつきん,し,ん,0,high,ichi1|news1|nf12
おうしよう,お,う,0,high,news1|nf08
せけん,せ,ん,0,high,ichi1|news1|nf06
ぺだる,ぺ,る,0,high,gai1
なお,な,お,0,high,ichi1|news1|nf05
はじめまして,は,て,0,high,spec1
しすてむ,し,む,0,high,gai1|ichi1
あだぷたあ,あ,あ,0,high,gai1
ぼくめつ,ぼ,つ,0,high,ichi1|news1|nf18
きんじる,き,る,0,high,ichi1|news1|nf18
ぬるぬる,ぬ,る,0,high,ichi1|spec1
ちがい,ち,い,0,high,ichi1|news1|nf02
まじめ,ま,め,0,high,ichi1|news2|nf36|spec1
すいい,す,い,0,high,news1|nf08|nf13
はかない,は,い,0,high,ichi1
につぽんご,に,ご,0,high,news1|nf02
ねむたい,ね,い,0,high,ichi1
しつもん,し,ん,0,high,ichi1|news1|nf01
くりいなあ,く,あ,0,high,gai1
のうそん,の,ん,0,high,ichi1|news1|nf04
とつきゆう,と,う,0,high,ichi1|news1|nf10
みぞ,み,ぞ,0,high,ichi1|news1|nf09
あほう,あ,う,0,high,ichi1
さんきゆう,さ,う,0,high,gai1
つばさ,つ,さ,0,high,ichi1|news1|nf10
なんばあわん,な,ん,0,high,gai1
ちかい,ち,い,0,high,ichi1|news1|nf20|nf21
がくしや,が,や,0,high,ichi1|news1|nf03
おそれる,お,る,0,high,ichi1|news1|nf15
めえん,め,ん,0,high,gai1
おきあい,お,い,0,high,ichi1|news1|nf11
おつぱい,お,い,0,high,spec1
まあと,ま,と,0,high,gai1
きんむ,き,む,0,high,ichi1|news1|nf03
おりたたみ,お,み,0,high,ichi1|spec1
でんえん,で,ん,0,high,ichi1|news1|nf11
つぶす,つ,す,0,high,ichi1
いそんしよう,い,う,0,high,spec1
むすびつき,む,き,0,high,news1|nf18|spec1
どらいふらわあ,ど,あ,0,high,gai1
なら,な,ら,0,high,spec1
もおたあ,も,あ,0,high,gai1|ichi1
こうすれば,こ,ば,0,high,spec1
もみずむ,も,む,0,high,gai1
だいこくばしら,だ,ら,0,high,news1|nf20
すてえじ,す,じ,0,high,gai1|ichi1
ぽすと,ぽ,と,0,high,gai1|ichi1
れぷら,れ,ら,0,high,gai1
なんばあぷれえと,な,と,0,high,gai1
らべる,ら,る,0,high,gai1
しゆつこく,し,く,0,high,ichi1|news1|nf11
じよくん,じ,ん,0,high,news1|nf19
くずす,く,す,0,high,ichi1|news2|nf31
じゆうがつ,じ,つ,0,high,news1|nf01|spec1
でんわき,で,き,0,high,news1|nf13
いろけ,い,け,0,high,news1|nf20
さんじゆうはちどせん,さ,ん,0,high,news1|nf06|spec1
べえる,べ,る,0,high,gai1
うおん,う,ん,0,high,gai1
ふかめる,ふ,る,0,high,ichi1|news1|nf11
そつきん,そ,ん,0,high,news1|nf05
かつぱつ,か,つ,0,high,ichi1|news1|nf03
さいえん,さ,ん,0,high,news1|nf20|nf23
びわ,び,わ,0,high,news1|nf12
くろおん,く,ん,0,high,gai1
こおらす,こ,す,0,high,gai1
ぎせいしや,ぎ,や,0,high,news1|nf04
つぐのう,つ,う,0,high,ichi1|news2|nf32
といあわせ,と,せ,0,high,news1|nf01
ゆいいつ,ゆ,つ,0,high,ichi1|news1|nf03
きせいじじつ,き,つ,0,high,news1|nf19
かしゆ,か,ゆ,0,high,ichi1|news1|nf03
れげえ,れ,え,0,high,gai1
せつしゆ,せ,ゆ,0,high,news1|nf12|nf14
でいしよう,で,う,0,high,news1|nf12
むらさき,む,き,0,high,ichi1|news1|nf10
こすも,こ,も,0,high,gai1
ていけつ,て,つ,0,high,news1|nf06
ちえす,ち,す,0,high,gai1
すきやんだる,す,る,0,high,gai1
えいと,え,と,0,high,gai1
わざわい,わ,い,0,high,ichi1|news1|nf20
こうい,こ,い,0,high,ichi1|news1|nf02|nf10|nf21
じやくねん,じ,ん,0,high,ichi1|news1|nf17
せいねんだん,せ,ん,0,high,news1|nf23
ほうてい,ほ,い,0,high,ichi1|news1|nf04|nf11
しつけい,し,い,0,high,ichi1|news2|nf43
こおいう,こ,う,0,high,spec1
すかあと,す,と,0,high,gai1|ichi1
しよじ,し,じ,0,high,news1|nf10
ちゆうけい,ち,い,0,high,ichi1|news1|nf05
ゆうわく,ゆ,く,0,high,ichi1|news1|nf20
あなろぐ,あ,ぐ,0,high,gai1
きようりゆう,き,う,0,high,news1|nf08
かたずく,か,く,0,high,ichi1|news2|nf44
たちおうじよう,た,う,0,high,news1|nf17
けいれき,け,き,0,high,ichi1|news1|nf09
ごうまん,ご,ん,0,high,news2|nf35|spec1
しんぐ,し,ぐ,0,high,news1|nf18
かぶき,か,き,0,high,ichi1|news1|nf04
ふくごう,ふ,う,0,high,ichi1|news1|nf06
とうたつ,と,つ,0,high,ichi1|news1|nf14
くらい,く,い,0,high,ichi1|news2|nf42|spec1
ああいう,あ,う,0,high,spec1
いきもの,い,の,0,high,ichi1|news1|nf13
ほこり,ほ,り,0,high,ichi1|news1|nf07
きゆうと,き,と,0,high,gai1
このうち,こ,ち,0,high,spec1
せいろん,せ,ん,0,high,ichi1|news1|nf02|nf23
がんめん,が,ん,0,high,news1|nf19
あまえる,あ,る,0,high,ichi1|news2|nf37
はなみ,は,み,0,high,ichi1|news1|nf12
ちべつと,ち,と,0,high,gai1
かいだし,か,し,0,high,news1|nf24
こくりつげきじよう,こ,う,0,high,news1|nf13
はいぺえす,は,す,0,high,gai1
ぴんぽいんと,ぴ,と,0,high,gai1
ようがく,よ,く,0,high,news1|nf21
かつこく,か,く,0,high,ichi1
けいよう,け,う,0,high,news1|nf22
ていきゆうび,て,び,0,high,ichi1|news2|nf39
おそわる,お,る,0,high,ichi1|news2|nf42
ごうりてき,ご,き,0,high,ichi1|news1|nf10
にほんじん,に,ん,0,high,news1|nf01
げんご,げ,ご,0,high,ichi1|news1|nf06
ひび,ひ,び,0,high,ichi1|news1|nf04
こくぜいちよう,こ,う,0,high,news1|nf09
きゆうめい,き,い,0,high,ichi1|news1|nf07|nf12
たいせち,た,ち,0,high,ichi1|news1|nf02
おどり,お,り,0,high,ichi1|news1|nf08|nf13
すうええでん,す,ん,0,high,spec1
いべんと,い,と,0,high,gai1
まいあみ,ま,み,0,high,gai1
でんわばんごう,で,う,0,high,spec1
おおぷんせつと,お,と,0,high,gai1
しこみ,し,み,0,high,news1|nf22
どうきゆう,ど,う,0,high,news1|nf15
でないと,で,と,0,high,spec1
おおはば,お,ば,0,high,ichi1|news1|nf01
いちど,い,ど,0,high,news1|nf03
きはん,き,ん,0,high,ichi1|news1|nf14
こな,こ,な,0,high,ichi1|news1|nf13
はいぱあ,は,あ,0,high,gai1
こんぴれえしよん,こ,ん,0,high,spec1
らくたん,ら,ん,0,high,news1|nf22
うたあわせ,う,せ,0,high,news1|nf21
いしむろ,い,ろ,0,high,news1|nf23
うつとうしい,う,い,0,high,ichi1
じろん,じ,ん,0,high,news1|nf10
きようはん,き,ん,0,high,news1|nf15
むち,む,ち,0,high,ichi1|news2|nf26
すみずみ,す,み,0,high,news1|nf23
だつけ,だ,け,0,high,spec1
さきざき,さ,き,0,high,news1|nf20
げんかい,げ,い,0,high,ichi1|news1|nf04
せかんど,せ,ど,0,high,gai1
あじわう,あ,う,0,high,ichi1|news2|nf27
げつれい,げ,い,0,high,news1|nf13
あんもく,あ,く,0,high,ichi1|news1|nf19
なぜならば,な,ば,0,high,ichi1
かくい,か,い,0,high,ichi1|news2|nf33
さいごのぶたい,さ,い,0,high,spec1
げんこうはん,げ,ん,0,high,news1|nf08
ぼおい,ぼ,い,0,high,gai1|ichi1
おかわり,お,り,0,high,ichi1
めでいあ,め,あ,0,high,gai1|ichi1
むしあつい,む,い,0,high,ichi1|news2|nf37
こうかいちゆう,こ,う,0,high,spec1
えまき,え,き,0,high,news1|nf23
むける,む,る,0,high,ichi1
ちんじゆつ,ち,つ,0,high,news1|nf09
ねえみんぐ,ね,ぐ,0,high,gai1
こうしゆうえいせい,こ,い,0,high,news1|nf19
たしか,た,か,0,high,ichi1|news1|nf02
まやく,ま,く,0,high,ichi1|news1|nf04
ぐんびよう,ぐ,う,0,high,news1|nf12
ぱり,ぱ,り,0,high,gai1
せわ,せ,わ,0,high,ichi1|news1|nf05
なつばしよ,な,よ,0,high,news1|nf14
ぶらじやあ,ぶ,あ,0,high,gai1
ざいせき,ざ,き,0,high,ichi1|news1|nf20
ちようざ,ち,ざ,0,high,news1|nf17
とかす,と,す,0,high,ichi1|news2|nf25
でいすとおしよん,で,ん,0,high,gai1
きようてい,き,い,0,high,news1|nf01|nf24
もうす,も,す,0,high,ichi1|news1|nf21
そなえつける,そ,る,0,high,ichi1
まつしゆるうむ,ま,む,0,high,gai1
るいじあな,る,な,0,high,gai1
こんち,こ,ち,0,high,ichi1|news1|nf02
かんしよ,か,よ,0,high,ichi1|spec1
こうほ,こ,ほ,0,high,ichi1|news1|nf01
ぱあそなりていい,ぱ,い,0,high,gai1
めきしこ,め,こ,0,high,spec1
ふんしゆつ,ふ,つ,0,high,news1|nf17
でんぴよう,で,う,0,high,news1|nf18
せんぱく,せ,く,0,high,ichi1|news1|nf08
おとこ,お,こ,0,high,ichi1|news1|nf01
おかえし,お,し,0,high,news1|nf18
きはく,き,く,0,high,news1|nf14|nf15
はんしや,は,や,0,high,ichi1|news1|nf17
りつあん,り,ん,0,high,news1|nf13
はたけ,は,け,0,high,ichi1|news1|nf04
ばいしようきん,ば,ん,0,high,news1|nf19
じびき,じ,き,0,high,ichi1
たいやく,た,く,0,high,news1|nf20
ふれんど,ふ,ど,0,high,gai1
とおい,と,い,0,high,ichi1|news2|nf34
ぼぶすれえ,ぼ,え,0,high,gai1
あいご,あ,ご,0,high,news1|nf18
たちどまる,た,る,0,high,ichi1|news2|nf38
かいいれ,か,れ,0,high,news1|nf18
なふさ,な,さ,0,high,gai1
さんこう,さ,う,0,high,ichi1|news1|nf03
しりぞく,し,く,0,high,ichi1
じさく,じ,く,0,high,news1|nf13
はどめ,は,め,0,high,ichi1|news1|nf06
つけね,つ,ね,0,high,news1|nf20
はんだん,は,ん,0,high,ichi1|news1|nf01
よこで,よ,で,0,high,news1|nf18
ぜんじん,ぜ,ん,0,high,news1|nf10
しゆたる,し,る,0,high,news1|nf21
てくび,て,び,0,high,ichi1|news1|nf19
われら,わ,ら,0,high,news2|nf37|spec1
きがん,き,ん,0,high,ichi1|news1|nf22
じえらしい,じ,い,0,high,gai1
しようだく,し,く,0,high,ichi1|news1|nf12
ぜんいん,ぜ,ん,0,high,ichi1|news1|nf02
ほんとおに,ほ,に,0,high,ichi1
がくえん,が,ん,0,high,ichi1|news1|nf03
ごうどう,ご,う,0,high,ichi1|news1|nf03
かんげんがく,か,く,0,high,news1|nf23
まかす,ま,す,0,high,ichi1|news1|nf13
れくちやあ,れ,あ,0,high,gai1
こつとう,こ,う,0,high,news2|nf37|spec1
あるつはいまあ,あ,あ,0,high,gai1
くうどう,く,う,0,high,news1|nf11
のお,の,お,0,high,gai1
なおし,な,し,0,high,news1|nf12
えう,え,う,0,high,ichi1|news2|nf39
ばあちやる,ば,る,0,high,gai1
おせいぼ,お,ぼ,0,high,ichi1
としうえ,と,え,0,high,ichi1|news1|nf15
てうす,て,す,0,high,news1|nf24
みず,み,ず,0,high,gai1|ichi1|news1|nf01
ぐしよう,ぐ,う,0,high,news1|nf23
てぐさり,て,り,0,high,ichi1|news1|nf22
せいしよ,せ,よ,0,high,ichi1|news1|nf14
こらむにすと,こ,と,0,high,gai1
せいざ,せ,ざ,0,high,ichi1|news1|news2|nf24|nf37
れいかい,れ,い,0,high,news1|nf14
しつこうぶ,し,ぶ,0,high,news1|nf03
ぎやく,ぎ,く,0,high,ichi1|news1|nf10
どうよう,ど,う,0,high,ichi1|news1|nf02|nf11
につける,に,る,0,high,gai1
とうざい,と,い,0,high,ichi1|news1|nf03
じようじ,じ,じ,0,high,news1|nf12
がくさい,が,い,0,high,news1|nf23
ここちいい,こ,い,0,high,spec1
ひようじよう,ひ,う,0,high,ichi1|news1|nf02
すいめん,す,ん,0,high,ichi1|news1|nf06
はんぎやく,は,く,0,high,ichi1|news1|nf21
なんだかんだ,な,だ,0,high,spec1
ことがない,こ,い,0,high,spec1
ほつく,ほ,く,0,high,gai1
あんない,あ,い,0,high,ichi1|news1|nf07
かくてい,か,い,0,high,ichi1|news1|nf05
にほんいち,に,ち,0,high,news1|nf06
ひんしゆ,ひ,ゆ,0,high,ichi1|news1|nf08
にぎる,に,る,0,high,ichi1|news1|nf20
ひつすう,ひ,う,0,high,ichi1|news1|nf20
そくい,そ,い,0,high,news1|nf17
とりかえす,と,す,0,high,ichi1|news2|nf46
こころえ,こ,え,0,high,ichi1|news1|nf23
さくばん,さ,ん,0,high,ichi1|news2|nf43
なかよく,な,く,0,high,ichi1|news1|nf14
せたい,せ,い,0,high,ichi1|news1|nf05
まじゆつ,ま,つ,0,high,ichi1|news2|nf26
ぶちよう,ぶ,う,0,high,ichi1|news1|nf01
だし,だ,し,0,high,news1|nf19
すぺえしんぐ,す,ぐ,0,high,gai1
だんし,だ,し,0,high,ichi1|news1|nf01
がいとう,が,う,0,high,ichi1|news1|nf06|nf18
みそ,み,そ,0,high,ichi1|news1|news2|nf01|nf03|nf32|spec1
はまべ,は,べ,0,high,ichi1|news1|nf21
よこばい,よ,い,0,high,news1|nf09
じゆうに,じ,に,0,high,news1|nf01
りようぐん,り,ん,0,high,news1|nf18
あさがた,あ,た,0,high,news1|nf23
わかり,わ,り,0,high,news1|nf09
さつそく,さ,く,0,high,ichi1|news2|nf36
むりし,む,し,0,high,news1|nf21
てすと,て,と,0,high,gai1|ichi1
ぺんくらぶ,ぺ,ぶ,0,high,gai1
こうじつ,こ,つ,0,high,ichi1|news1|nf13
おおぷんかあ,お,あ,0,high,gai1
もうら,も,ら,0,high,ichi1|news2|nf34
だいぶん,だ,ん,0,high,ichi1|news1|nf11
いご,い,ご,0,high,ichi1|news1|nf06|nf09
ぞうり,ぞ,り,0,high,ichi1|news2|nf41
じむとうきよく,じ,く,0,high,news1|nf20
せきとり,せ,り,0,high,news1|nf15
おどかす,お,す,0,high,ichi1|news1|nf18
もほう,も,う,0,high,ichi1|news2|nf32
ごこく,ご,く,0,high,news1|nf15
ずつと,ず,と,0,high,ichi1
きよがく,き,く,0,high,news1|nf04
れんたい,れ,い,0,high,ichi1|news1|nf07|nf18
いとしい,い,い,0,high,ichi1|news1|nf14
あげ,あ,げ,0,high,news1|nf07|nf19
よきせぬ,よ,ぬ,0,high,spec1
じゆんすい,じ,い,0,high,ichi1|news1|nf09
さんかく,さ,く,0,high,ichi1|news1|nf13|nf17
じようひん,じ,ん,0,high,ichi1|news2|nf46
あのね,あ,ね,0,high,ichi1
あしすと,あ,と,0,high,gai1
ぷりんと,ぷ,と,0,high,gai1|ichi1
すうにん,す,ん,0,high,spec1
むざい,む,い,0,high,ichi1|news1|nf05
かご,か,ご,0,high,ichi1|news1|nf23|spec1
ほうりつじむしよ,ほ,よ,0,high,news1|nf20
くさわら,く,ら,0,high,ichi1|news1|nf13
さんぎよう,さ,う,0,high,ichi1|news1|nf01
はんき,は,き,0,high,news1|nf21|nf22
ゆうしよく,ゆ,く,0,high,ichi1|news1|nf06
あるこおる,あ,る,0,high,gai1|ichi1
げきげん,げ,ん,0,high,news1|nf21
あらわす,あ,す,0,high,ichi1|news2|nf36|nf46
あつつあつつ,あ,つ,0,high,spec1
しとる,し,る,0,high,ichi1|news2|nf46
あるばむ,あ,む,0,high,gai1|ichi1
ゆうりよくしや,ゆ,や,0,high,news1|nf16
へつど,へ,ど,0,high,gai1
すこつち,す,ち,0,high,gai1
ねつとわあく,ね,く,0,high,gai1|ichi1
じつけん,じ,ん,0,high,ichi1|news1|nf02|nf14
やくめ,や,め,0,high,ichi1|news1|nf10
さかだち,さ,ち,0,high,ichi1|news2|nf43
とぴつく,と,く,0,high,gai1
れんたかあ,れ,あ,0,high,gai1
えれきぎたあ,え,あ,0,high,gai1
うんどうかい,う,い,0,high,ichi1|news1|nf16
ぽりお,ぽ,お,0,high,gai1
いかがく,い,く,0,high,news1|nf24
りせい,り,い,0,high,ichi1|news1|nf17
ようきゆう,よ,う,0,high,ichi1|news1|nf01
すみやか,す,か,0,high,ichi1|news1|nf08
かじゆ,か,ゆ,0,high,news1|nf23
いり,い,り,0,high,news1|nf03
めいん,め,ん,0,high,spec1
このむ,こ,む,0,high,ichi1|news1|nf17
いたん,い,ん,0,high,ichi1|news1|nf22
うえむき,う,き,0,high,news1|nf20
われ,わ,れ,0,high,news1|nf14
どらつぐ,ど,ぐ,0,high,gai1
じゆんぎよう,じ,う,0,high,news1|nf16
いんとろ,い,ろ,0,high,gai1
なぐさめる,な,る,0,high,ichi1
いいや,い,や,0,high,spec1
くん,く,ん,0,high,ichi1|news1|nf21
どちら,ど,ら,0,high,ichi1
ええる,え,る,0,high,gai1
ぜんせい,ぜ,い,0,high,news1|nf13
ぽつと,ぽ,と,0,high,gai1|ichi1
ぶらんでえ,ぶ,え,0,high,gai1
ぎらぎら,ぎ,ら,0,high,ichi1|spec1
うねり,う,り,0,high,ichi1
ほうりつ,ほ,つ,0,high,ichi1|news1|nf02
えびす,え,す,0,high,news1|nf19
ぼおかる,ぼ,る,0,high,gai1
はちぶおんぷ,は,ぷ,0,high,news1|nf21
ちけん,ち,ん,0,high,news1|nf02|nf22
こんとら,こ,ら,0,high,gai1
そうだつ,そ,つ,0,high,news1|nf17
かつぱ,か,ぱ,0,high,gai1
えりあ,え,あ,0,high,gai1
はなしかける,は,る,0,high,ichi1|news2|nf34|spec1
こうしゆ,こ,ゆ,0,high,news1|nf10|nf21
かつら,か,ら,0,high,ichi1|news1|nf09
おじま,お,ま,0,high,news1|nf06
しよざいち,し,ち,0,high,news1|nf14
じつか,じ,か,0,high,ichi1|news1|nf07
えんか,え,か,0,high,news1|nf12|nf18
かがくぎじゆつ,か,つ,0,high,spec1
うけとめる,う,る,0,high,ichi1|news1|nf07
かんり,か,り,0,high,ichi1|news1|nf01|nf18
しやわせ,し,せ,0,high,ichi1|news1|nf09
るうる,る,る,0,high,gai1|ichi1
むちつじよ,む,よ,0,high,news1|nf24
ちよくせつ,ち,つ,0,high,ichi1|news1|nf02
だあく,だ,く,0,high,gai1
ぜつこう,ぜ,う,0,high,ichi1|news1|news2|nf08|nf47
もんぶ,も,ぶ,0,high,news1|nf09
ほつする,ほ,る,0,high,ichi1|news1|nf20
さふありらりい,さ,い,0,high,gai1
しよつちゆう,し,う,0,high,ichi1
しゆうろう,し,う,0,high,news1|nf09
びいすと,び,と,0,high,gai1
かしげる,か,る,0,high,ichi1
きんじつ,き,つ,0,high,ichi1
どれでも,ど,も,0,high,spec1
ぷれつしやあ,ぷ,あ,0,high,gai1
てれかんふあれんす,て,す,0,high,gai1
ふちじ,ふ,じ,0,high,news1|nf22
したび,し,び,0,high,news1|nf23
なつやすみ,な,み,0,high,ichi1|news1|nf05
かしきん,か,ん,0,high,news1|nf19
はつぴい,は,い,0,high,gai1
みずまし,み,し,0,high,ichi1|news1|nf16
あまえ,あ,え,0,high,news1|nf19
いつぽん,い,ん,0,high,news1|nf03
びよう,び,う,0,high,ichi1|news1|news2|nf12|nf33
かきね,か,ね,0,high,ichi1|news1|nf14
けんえつ,け,つ,0,high,ichi1|news1|nf14
しよつけん,し,ん,0,high,news1|nf19
てつだう,て,う,0,high,ichi1|news2|nf46
ひとさしゆび,ひ,び,0,high,ichi1
ぐう,ぐ,う,0,high,gai1|spec1
きどうたい,き,い,0,high,ichi1|news1|nf12
ふびようどう,ふ,う,0,high,ichi1|news1|nf16
のいろおぜ,の,ぜ,0,high,gai1|ichi1
たよりない,た,い,0,high,ichi1
むすび,む,び,0,high,ichi1|news1|nf11
がくい,が,い,0,high,ichi1|news1|nf24
こうさくきかい,こ,い,0,high,news1|nf18
がくそつ,が,つ,0,high,news1|nf16
たつとい,た,い,0,high,ichi1|news2|nf27
ぶぶんてき,ぶ,き,0,high,news1|nf14
ぶとう,ぶ,う,0,high,ichi1|news1|nf16
きやすたあ,き,あ,0,high,gai1
かなえる,か,る,0,high,ichi1
ないてい,な,い,0,high,news1|nf08
てがみ,て,み,0,high,ichi1|news1|nf03
とまる,と,る,0,high,ichi1|news1|news2|nf13|nf29|spec1
とりわけ,と,け,0,high,ichi1|news2|nf28
あつとうてき,あ,き,0,high,news1|nf04
ほりでえ,ほ,え,0,high,gai1
ざんてい,ざ,い,0,high,ichi1|news1|nf02
ばかんす,ば,す,0,high,gai1
たある,た,る,0,high,gai1
かがくしや,か,や,0,high,ichi1|news1|nf09
はいれつ,は,つ,0,high,ichi1|news1|nf19
あかんぼう,あ,う,0,high,ichi1|news1|nf14
てらす,て,す,0,high,gai1|ichi1|news2|nf31
とうがらし,と,し,0,high,ichi1|news2|nf45
らびおり,ら,り,0,high,gai1
さえあれば,さ,ば,0,high,spec1
けいれつ,け,つ,0,high,ichi1|news1|nf05
ないぶ,な,ぶ,0,high,ichi1|news1|nf02
につこり,に,り,0,high,spec1
きよくせん,き,ん,0,high,ichi1|news1|nf19
はままつ,は,つ,0,high,spec1
なんなのか,な,か,0,high,spec1
おんな,お,な,0,high,ichi1|news1|nf02
じやすと,じ,と,0,high,gai1
しゆう,し,う,0,high,ichi1|news1|nf01|nf04|nf05|nf14|nf15|nf19
めいげつ,め,つ,0,high,ichi1|news2|nf42|nf45
なんしよく,な,く,0,high,news1|nf07
くつきい,く,い,0,high,gai1|ichi1
えほん,え,ん,0,high,ichi1|news1|nf08
びきに,び,に,0,high,gai1
けいやくしよ,け,よ,0,high,spec1
さいぶん,さ,ん,0,high,news1|nf19
まんいん,ま,ん,0,high,ichi1|news1|nf09
あゆみ,あ,み,0,high,news1|nf11
ぶうむ,ぶ,む,0,high,gai1|ichi1
でんげんけえぶる,で,る,0,high,spec1
あいすくりいむ,あ,む,0,high,gai1|ichi1
うながす,う,す,0,high,ichi1|news2|nf27
けんじ,け,じ,0,high,ichi1|news1|nf04|nf10
せいぞろい,せ,い,0,high,spec1
べありんぐ,べ,ぐ,0,high,gai1
しよぶん,し,ん,0,high,ichi1|news1|nf02
ふうじる,ふ,る,0,high,news1|nf21
ひこうしき,ひ,き,0,high,news1|nf05
ごじゆうさんつぎ,ご,ぎ,0,high,news1|nf08
とつおう,と,う,0,high,ichi1|news2|nf44
むよう,む,う,0,high,ichi1|news1|nf13
あはれ,あ,れ,0,high,ichi1|news2|nf34
のおすかろらいな,の,な,0,high,gai1
じゆきゆう,じ,う,0,high,news1|nf07|nf12
かせい,か,い,0,high,ichi1|news1|nf15|nf16|nf21
みえがくれ,み,れ,0,high,news1|nf15
とらいある,と,る,0,high,gai1
さしつかえる,さ,る,0,high,ichi1|news2|nf35
ざいこ,ざ,こ,0,high,news1|nf05
へいじよう,へ,う,0,high,ichi1|news1|nf05|nf15
へんかく,へ,く,0,high,news1|nf05
はんきよう,は,う,0,high,ichi1|news1|nf07|nf21
じゆぎようさんかん,じ,ん,0,high,spec1
らつち,ら,ち,0,high,gai1|spec1
たちよる,た,る,0,high,ichi1|news1|nf23
しんく,し,く,0,high,gai1
へびいすもおかあ,へ,あ,0,high,gai1
はしら,は,ら,0,high,ichi1|news1|nf02
じへいしよう,じ,う,0,high,news1|nf22
しへい,し,い,0,high,ichi1|news1|nf10
こうくうじえいたい,こ,い,0,high,news1|nf13
しよしき,し,き,0,high,news2|nf27|spec1
ないかくふ,な,ふ,0,high,spec1
しせつ,し,つ,0,high,ichi1|news1|nf01|nf11|nf16
はろういん,は,ん,0,high,spec1
とまと,と,と,0,high,gai1|ichi1
けわい,け,い,0,high,ichi1|news1|nf05
げんすいばく,げ,く,0,high,news1|nf21
やすらぎ,や,ぎ,0,high,news1|nf18
がいかん,が,ん,0,high,ichi1|news1|nf14
ねうち,ね,ち,0,high,ichi1|news2|nf26
やきん,や,ん,0,high,news1|nf17
ふいるたあ,ふ,あ,0,high,gai1
はえる,は,る,0,high,ichi1|ichi2
きもちよい,き,い,0,high,spec1|spec2
かつすい,か,い,0,high,news1|nf15
じつかん,じ,ん,0,high,ichi1|news1|nf08
かちこす,か,す,0,high,news1|nf20
きじゆんほう,き,う,0,high,news1|nf23
たもちあい,た,い,0,high,news1|nf23
かざむき,か,き,0,high,ichi1|news1|nf19
うけいれる,う,る,0,high,ichi1|news1|nf08
うそ,う,そ,0,high,ichi1|news1|nf22|spec1
きようえい,き,い,0,high,news1|nf14|nf15
げんせい,げ,い,0,high,news1|nf19
いなさく,い,く,0,high,news1|nf10
ていぼう,て,う,0,high,ichi1|news1|nf15
かまう,か,う,0,high,ichi1|news1|nf14
がいさん,が,ん,0,high,news1|nf07
きくばり,き,り,0,high,ichi1|news1|nf14
ろうさく,ろ,く,0,high,news1|nf22
れいか,れ,か,0,high,ichi1|news1|news2|nf10|nf43
むくち,む,ち,0,high,ichi1|news2|nf26
せいしよくしや,せ,や,0,high,news1|nf23
うちけす,う,す,0,high,ichi1|news2|nf29
くすぐる,く,る,0,high,ichi1
りゆうちじよう,り,う,0,high,news1|nf21
まつか,ま,か,0,high,ichi1|news1|nf13
ろこつ,ろ,つ,0,high,ichi1|news1|nf13
せいとうせいじ,せ,じ,0,high,news1|nf20
じそく,じ,く,0,high,ichi1|news1|nf07
けんき,け,き,0,high,news1|nf15
うでどけい,う,い,0,high,ichi1|news1|nf14
つかう,つ,う,0,high,ichi1|news1|nf02
こんどる,こ,る,0,high,gai1
そんけい,そ,い,0,high,ichi1|news1|nf17
よくねん,よ,ん,0,high,ichi1|news1|nf05
おとなになる,お,る,0,high,spec1
こすぷれ,こ,れ,0,high,spec1
ながれ,な,れ,0,high,ichi1|news1|nf02
ひつじ,ひ,じ,0,high,ichi1|news1|nf11|spec1
ようなきがする,よ,る,0,high,spec1
しゆつしん,し,ん,0,high,ichi1|news1|nf01
せんしよく,せ,く,0,high,ichi1|news1|nf20
しよえん,し,ん,0,high,news1|nf10
こうれい,こ,い,0,high,ichi1|news1|nf03|nf09
おおきい,お,い,0,high,ichi1|news1|nf07
ようい,よ,い,0,high,ichi1|news1|nf05
つうりすと,つ,と,0,high,gai1
さしひき,さ,き,0,high,ichi1|news1|nf17
つぼみ,つ,み,0,high,ichi1|news2|nf36
やりきれない,や,い,0,high,ichi1
どうけん,ど,ん,0,high,news1|nf02
りがいかんけい,り,い,0,high,news1|nf22
ほうじる,ほ,る,0,high,ichi1|news1|nf22
ぴんせつと,ぴ,と,0,high,gai1
じつさい,じ,い,0,high,ichi1|news1|nf02
おとうさん,お,ん,0,high,ichi1|news1|nf07
だかい,だ,い,0,high,news1|nf06
みなみぐち,み,ち,0,high,news1|nf21
こんしゆうまあ,こ,あ,0,high,gai1
ざせつ,ざ,つ,0,high,news1|nf14
かのうせいがたかい,か,い,0,high,spec1
だんく,だ,く,0,high,gai1
ものろおぐ,も,ぐ,0,high,gai1
ふりん,ふ,ん,0,high,news1|nf18
ぶつぱん,ぶ,ん,0,high,spec1
しいりんぐ,し,ぐ,0,high,gai1
ちのう,ち,う,0,high,ichi1|news1|nf19
じゆんえき,じ,き,0,high,news1|nf19
ぱずる,ぱ,る,0,high,gai1
ちようこく,ち,く,0,high,ichi1|news1|nf06
そうらん,そ,ん,0,high,news1|nf16
もうてん,も,ん,0,high,ichi1|news2|nf28
みかえり,み,り,0,high,news1|nf08
しぎ,し,ぎ,0,high,news1|nf05
りくろ,り,ろ,0,high,news1|nf18
けいえいしや,け,や,0,high,news1|nf03
りんじゆう,り,う,0,high,ichi1|news2|nf36
ゆうえすええ,ゆ,え,0,high,spec1
ちどり,ち,り,0,high,news1|nf24
るいじ,る,じ,0,high,ichi1|news1|nf14
ほうぶる,ほ,る,0,high,ichi1|news2|nf26
しゆつしよ,し,よ,0,high,news1|nf19
ふせる,ふ,る,0,high,ichi1
のたびに,の,に,0,high,spec1
ぼんじん,ぼ,ん,0,high,ichi1|news2|nf27
こくえん,こ,ん,0,high,news1|nf19
しちゆええしよん,し,ん,0,high,gai1
ひだりがわ,ひ,わ,0,high,ichi1|news1|nf14
まえすとろ,ま,ろ,0,high,gai1
えこのみい,え,い,0,high,gai1
しようさつし,し,し,0,high,news1|nf17
しようすう,し,う,0,high,ichi1|news1|nf03
こうたい,こ,い,0,high,ichi1|news1|nf03|nf05|nf13
あみもの,あ,の,0,high,ichi1|news2|nf27
がいしよく,が,く,0,high,ichi1|news1|nf10
かいし,か,し,0,high,ichi1|news1|nf02
みつしつ,み,つ,0,high,news1|nf12
うんてんめんきよ,う,よ,0,high,spec1
せいえん,せ,ん,0,high,news1|nf12
ためん,た,ん,0,high,ichi1|news1|nf20
きごう,き,う,0,high,ichi1|news1|nf14
きようれつ,き,つ,0,high,ichi1|news1|nf07
きようとう,き,う,0,high,news1|nf11|nf15
あいてむ,あ,む,0,high,gai1
ひとごみ,ひ,み,0,high,ichi2|news2|nf32|spec1
ぶろおち,ぶ,ち,0,high,gai1
しやつとあうと,し,と,0,high,gai1
どくじ,ど,じ,0,high,ichi1|news1|nf02
えすてる,え,る,0,high,gai1
おもいおこす,お,す,0,high,news1|nf22
きようこのごろ,き,ろ,0,high,spec1
ばり,ば,り,0,high,news1|nf09|nf13
ゆうしや,ゆ,や,0,high,news2|nf39|spec1
ろんせん,ろ,ん,0,high,news1|nf09
ゆういぎ,ゆ,ぎ,0,high,ichi1|news1|nf16
ふへんてき,ふ,き,0,high,news1|nf15
ひまがない,ひ,い,0,high,spec1
しつてのとおり,し,り,0,high,spec1
わかめ,わ,め,0,high,ichi1
はつくつ,は,つ,0,high,ichi1|news1|nf08
ぼおいふれんど,ぼ,ど,0,high,gai1|ichi1
のうきん,の,ん,0,high,news1|nf23
ぜんたい,ぜ,い,0,high,ichi1|news1|nf01
ていひよう,て,う,0,high,news1|nf11
じようだん,じ,ん,0,high,ichi1|news1|nf08
ぽおる,ぽ,る,0,high,gai1
しゆうどういん,し,ん,0,high,news1|nf21
あやつる,あ,る,0,high,ichi1|news2|nf35
しやけ,し,け,0,high,news2|nf32|spec1
むつちや,む,や,0,high,ichi1|news2|nf42
とこ,と,こ,0,high,ichi1|news1|nf04
ぐれえと,ぐ,と,0,high,gai1
どくさい,ど,い,0,high,ichi1|news1|nf06
ほおむたあみなる,ほ,る,0,high,gai1
ふかのう,ふ,う,0,high,ichi1|news1|nf07
だが,だ,が,0,high,spec1
すきゆうば,す,ば,0,high,gai1
なんとゆう,な,う,0,high,spec1
えろす,え,す,0,high,gai1
ふうじや,ふ,や,0,high,ichi1|news1|nf09
だいぶ,だ,ぶ,0,high,ichi1|news1|nf11
ねつとう,ね,う,0,high,ichi1|news1|nf22
ひりつ,ひ,つ,0,high,ichi1|news1|nf03
くりすちやん,く,ん,0,high,gai1
こうえき,こ,き,0,high,news1|nf12|nf17
くぎ,く,ぎ,0,high,ichi1|news1|news2|nf21|nf36
もはや,も,や,0,high,ichi1
もくげき,も,き,0,high,ichi1|news1|nf09
ほうちゆう,ほ,う,0,high,news1|nf04
せつど,せ,ど,0,high,news1|nf16
せいぜん,せ,ん,0,high,ichi1|news1|nf10
きれい,き,い,0,high,ichi1|spec1
たすう,た,う,0,high,ichi1|news1|nf02
ゆきとどく,ゆ,く,0,high,ichi1
ひきつる,ひ,る,0,high,ichi1
ととのう,と,う,0,high,ichi1|news2|nf28
せんげん,せ,ん,0,high,ichi1|news1|nf01
だとう,だ,う,0,high,ichi1|news1|news2|nf12|nf40
そとかべ,そ,べ,0,high,news1|nf13
ねつれつ,ね,つ,0,high,ichi1|news1|nf17
せんべつ,せ,つ,0,high,news1|nf15
ほるもん,ほ,ん,0,high,gai1
ひえる,ひ,る,0,high,ichi1|news1|nf24
わたしたち,わ,ち,0,high,ichi1|news2|nf39|spec1
むぎ,む,ぎ,0,high,ichi1|news1|nf11
けいみよう,け,う,0,high,news1|nf23
きのむくままに,き,に,0,high,spec1
かくあげ,か,げ,0,high,news1|nf24
すえる,す,る,0,high,ichi1|news1|nf19
こうきようほうそう,こ,う,0,high,news1|nf24
まどわす,ま,す,0,high,ichi1|news1|nf24
いんく,い,く,0,high,gai1|ichi1
せつかい,せ,い,0,high,news1|nf23
しやがい,し,い,0,high,news1|nf16
れつど,れ,ど,0,high,gai1
はつぴいえんど,は,ど,0,high,gai1
しらかば,し,ば,0,high,news1|nf24
くどい,く,い,0,high,ichi1
せつちやく,せ,く,0,high,news1|nf18
ほつきよく,ほ,く,0,high,ichi1|news1|nf19
かきなおす,か,す,0,high,ichi1|news2|nf42
くれぐれも,く,も,0,high,ichi1
ゆみ,ゆ,み,0,high,ichi1|news1|nf14
とりしまりほう,と,う,0,high,news1|nf10
まし,ま,し,0,high,ichi1|news1|nf14
わけ,わ,け,0,high,ichi1|news1|nf01|nf05|nf22
よな,よ,な,0,high,spec1
もりあげる,も,る,0,high,ichi1|news2|nf25
しようひん,し,ん,0,high,ichi1|news1|nf01|nf17|nf22
ぽおず,ぽ,ず,0,high,gai1
はやす,は,す,0,high,ichi1|news2|nf47
せつていかのう,せ,う,0,high,spec1
まるまる,ま,る,0,high,ichi1|news2|nf38
そんぱい,そ,い,0,high,news1|nf23
くない,く,い,0,high,news1|nf04
むすぶ,む,ぶ,0,high,ichi1|news1|nf08
はんかん,は,ん,0,high,ichi1|news1|nf17
こがら,こ,ら,0,high,news1|nf12
なぽれおん,な,ん,0,high,gai1
きび,き,び,0,high,ichi1|news1|nf08
とうさい,と,い,0,high,news1|nf11|nf20
せつげん,せ,ん,0,high,news1|nf15
おりおり,お,り,0,high,news1|nf24
こむすび,こ,び,0,high,news1|nf16
とばす,と,す,0,high,ichi1|news2|nf26
おうきゆう,お,う,0,high,news1|nf15|nf17
におう,に,う,0,high,ichi1
せんぞく,せ,く,0,high,news1|nf15
ひるまえ,ひ,え,0,high,ichi1|news1|nf19
くろつぽい,く,い,0,high,news1|nf21
いらいら,い,ら,0,high,ichi1
しゆかん,し,ん,0,high,ichi1|news1|news2|nf14|nf18|nf28
ぎぼ,ぎ,ぼ,0,high,ichi1|news1|nf17
みうける,み,る,0,high,news1|nf23
おなじみ,お,み,0,high,spec1
しんそう,し,う,0,high,ichi1|news1|nf05|nf22
ちようぼ,ち,ぼ,0,high,news1|nf13
しおにすと,し,と,0,high,gai1
ぼつわな,ぼ,な,0,high,gai1
けんけつ,け,つ,0,high,ichi1|news1|nf16
えんじよ,え,よ,0,high,ichi1|news1|nf01
かんたあた,か,た,0,high,gai1
かせぎ,か,ぎ,0,high,news1|nf10|nf11
ぞうすい,ぞ,い,0,high,news1|nf22
とどく,と,く,0,high,ichi1
ねつせん,ね,ん,0,high,news1|nf11
おやこ,お,こ,0,high,ichi1|news1|nf05|nf08
ろおぷうえい,ろ,い,0,high,spec1
みくろん,み,ん,0,high,gai1
ほちようき,ほ,き,0,high,news1|nf23
でんしぶひん,で,ん,0,high,spec1
つらぬく,つ,く,0,high,ichi1
きんろうしや,き,や,0,high,news1|nf12
さあびすえりあ,さ,あ,0,high,gai1
ところで,と,で,0,high,ichi1
おもてなし,お,し,0,high,spec1
さかずき,さ,き,0,high,ichi1|news1|nf23
ぐるぐる,ぐ,る,0,high,ichi1
ぶつそう,ぶ,う,0,high,ichi1|news2|nf29
まぶた,ま,た,0,high,ichi1|news2|nf44
どうりつ,ど,つ,0,high,news1|nf20
かどみうむ,か,む,0,high,gai1
ろうそ,ろ,そ,0,high,news1|nf03
たもつ,た,つ,0,high,ichi1|news1|nf16
けんがい,け,い,0,high,news1|nf19
まねえ,ま,え,0,high,gai1|ichi1
やきいも,や,も,0,high,ichi1
ろんそう,ろ,う,0,high,ichi1|news1|nf05
まつり,ま,り,0,high,ichi1|news1|nf06
ふたしか,ふ,か,0,high,ichi1|news2|nf33
しりあ,し,あ,0,high,gai1
かいめん,か,ん,0,high,ichi1|news1|nf13
いましめる,い,る,0,high,ichi1|news2|nf36
さいけつ,さ,つ,0,high,ichi1|news1|nf04|nf16
ぺるう,ぺ,う,0,high,gai1
えきさいていんぐ,え,ぐ,0,high,gai1
なかば,な,ば,0,high,ichi1|news1|nf07
かつせん,か,ん,0,high,news1|nf08
くれない,く,い,0,high,ichi1|news1|nf09
こうめい,こ,い,0,high,ichi1|news1|news2|nf03|nf20|nf30
しゆ,し,ゆ,0,high,ichi1|news1|nf19
ほちよう,ほ,う,0,high,ichi1|news1|nf09
さくがら,さ,ら,0,high,news1|nf23
あなどる,あ,る,0,high,ichi1
けえぷ,け,ぷ,0,high,gai1
もす,も,す,0,high,ichi1|ichi2|news2|nf45
きゆれえたあ,き,あ,0,high,gai1
わらいごえ,わ,え,0,high,ichi1|news1|nf24
かうぼおい,か,い,0,high,gai1
とらんくす,と,す,0,high,gai1
こうほう,こ,う,0,high,ichi1|news1|nf03|nf08|nf15|nf22|nf24
てきとお,て,お,0,high,ichi1|news1|nf06
のりもの,の,の,0,high,ichi1|news1|nf19
びいばあ,び,あ,0,high,gai1
めいぎ,め,ぎ,0,high,ichi1|news1|nf05
こうば,こ,ば,0,high,ichi1|news1|nf01
ほうむ,ほ,む,0,high,ichi1|news1|nf08
あきかん,あ,ん,0,high,news1|nf13
ちえつ,ち,つ,0,high,gai1
はんどうたい,は,い,0,high,ichi1|news1|nf04
ほくりく,ほ,く,0,high,news1|nf08
ごおるでんあわあ,ご,あ,0,high,gai1
やつてくる,や,る,0,high,ichi1
ぶつり,ぶ,り,0,high,ichi1|news1|nf09
ようは,よ,は,0,high,news1|nf16
てんち,て,ち,0,high,news1|nf17
えつふえるとう,え,う,0,high,spec1
ぶおけ,ぶ,け,0,high,ichi1
きようそうりよく,き,く,0,high,spec1
はく,は,く,0,high,ichi1|news1|nf01|nf02|spec1
おわり,お,り,0,high,ichi1|news1|nf05
しのぶ,し,ぶ,0,high,ichi1|news2|nf33|nf38|spec1
ふくむ,ふ,む,0,high,ichi1|news2|nf28
しゆんぶん,し,ん,0,high,ichi1|news2|nf36
ふれあ,ふ,あ,0,high,spec1
ろおりんぐ,ろ,ぐ,0,high,gai1
のうはう,の,う,0,high,gai1
へとへと,へ,と,0,high,ichi1
れいねん,れ,ん,0,high,ichi1|news1|nf05
ひきのばす,ひ,す,0,high,ichi1|news2|nf48
こぴいき,こ,き,0,high,spec1
くりいん,く,ん,0,high,gai1
しよんべん,し,ん,0,high,ichi1|news2|nf43
げんか,げ,か,0,high,news1|nf18
ぜんぱん,ぜ,ん,0,high,ichi1|news1|nf02|nf07
ちほうじちたい,ち,い,0,high,news1|nf06
みさお,み,お,0,high,news1|nf14
ねとまり,ね,り,0,high,news1|nf24
ふつしき,ふ,き,0,high,news2|nf26|spec1
れいとうしよくひん,れ,ん,0,high,spec1
くみあわせ,く,せ,0,high,ichi1
ばつぐん,ば,ん,0,high,ichi1|news1|nf11
めえとる,め,る,0,high,gai1|ichi1
なびく,な,く,0,high,ichi1
やしゆ,や,ゆ,0,high,news1|nf15
でしようか,で,か,0,high,spec1
あなうめ,あ,め,0,high,news1|nf16
りさいくる,り,る,0,high,gai1
おうりつ,お,つ,0,high,news1|nf21
ろくな,ろ,な,0,high,ichi1
もうしこみしよ,も,よ,0,high,spec1
じようえつ,じ,つ,0,high,news1|nf12
でいれくとり,で,り,0,high,gai1
りようてき,り,き,0,high,news1|nf14
なんぴと,な,と,0,high,news1|nf07
ばすたあ,ば,あ,0,high,gai1
ちくり,ち,り,0,high,spec1
ええじえんと,え,と,0,high,gai1
うるとら,う,ら,0,high,gai1
げつめん,げ,ん,0,high,news1|nf22
とくべつかかく,と,く,0,high,spec1
いちわり,い,り,0,high,spec1
とつぷう,と,う,0,high,news1|nf24
ひあ,ひ,あ,0,high,gai1
おおるどがあど,お,ど,0,high,gai1
ふいつしゆ,ふ,ゆ,0,high,gai1
はだぎぬ,は,ぬ,0,high,ichi1|news2|nf33
てじな,て,な,0,high,ichi1|news2|nf28
びあがあでん,び,ん,0,high,gai1
ずうむ,ず,む,0,high,gai1
がくない,が,い,0,high,news1|nf13
ゆき,ゆ,き,0,high,ichi1|news1|nf03|nf12
こしらえる,こ,る,0,high,ichi1
くろおく,く,く,0,high,gai1
どくとりん,ど,ん,0,high,gai1
しゆうわい,し,い,0,high,news1|nf05
めしあ,め,あ,0,high,gai1
ここむ,こ,む,0,high,gai1
りしよく,り,く,0,high,news1|nf23
しゆうようじよ,し,よ,0,high,news1|nf08
うごき,う,き,0,high,ichi1|news1|nf01
てつずき,て,き,0,high,ichi1|news1|nf02
ぼす,ぼ,す,0,high,gai1
ひとりでに,ひ,に,0,high,ichi1
ていりゆうしよ,て,よ,0,high,ichi1|news2|nf38
くうちよう,く,う,0,high,news1|nf17
せらみつく,せ,く,0,high,gai1
しよき,し,き,0,high,ichi1|news1|nf01|nf06
ほうてき,ほ,き,0,high,ichi1|news1|nf04
まにあう,ま,う,0,high,ichi1|news1|nf20
なんにんか,な,か,0,high,spec1
のつとり,の,り,0,high,news1|nf20
きき,き,き,0,high,ichi1|news1|nf01|nf03
おいわい,お,い,0,high,ichi1
かんぬし,か,し,0,high,ichi1|news2|nf38
わんせぐ,わ,ぐ,0,high,spec1
ふえあうえい,ふ,い,0,high,spec1
ぱぱ,ぱ,ぱ,0,high,gai1|ichi1
ぽかぽか,ぽ,か,0,high,ichi1
きんぎよ,き,よ,0,high,ichi1|news1|nf19
あじい,あ,い,0,high,ichi1|news2|nf34
てく,て,く,0,high,gai1
ないふ,な,ふ,0,high,gai1|ichi1
りこおる,り,る,0,high,gai1
しつぽ,し,ぽ,0,high,ichi1
どちらかというと,ど,と,0,high,spec1
ざいりよう,ざ,う,0,high,ichi1|news1|nf03
がたがた,が,た,0,high,ichi1|spec1
こみつくす,こ,す,0,high,gai1
りすぼん,り,ん,0,high,gai1
なければなりません,な,ん,0,high,spec1
つぐ,つ,ぐ,0,high,ichi1|news1|nf16|nf24
ちえん,ち,ん,0,high,news1|nf17
れいわ,れ,わ,0,high,spec1
むす,む,す,0,high,ichi1|news1|nf22
りゆうせい,り,い,0,high,news1|nf23
じんぎすかん,じ,ん,0,high,spec1
こうひんしつ,こ,つ,0,high,news1|nf19
あつたりめえ,あ,え,0,high,ichi1|news1|nf06
げきど,げ,ど,0,high,news1|nf23
くうしや,く,や,0,high,ichi1|news2|nf40
みじんぎり,み,り,0,high,spec1
だんめん,だ,ん,0,high,news1|nf18
にい,に,い,0,high,gai1
いんちよう,い,う,0,high,news1|nf05
しりつ,し,つ,0,high,ichi1|news1|nf03|nf04
げいのう,げ,う,0,high,ichi1|news1|nf05
るぽ,る,ぽ,0,high,gai1
おぴにおん,お,ん,0,high,gai1
にえる,に,る,0,high,ichi1
しなん,し,ん,0,high,news1|nf19
らふ,ら,ふ,0,high,gai1
こんわ,こ,わ,0,high,news1|nf16
びようしよう,び,う,0,high,news1|nf14
えすとにあ,え,あ,0,high,gai1
すまつしゆ,す,ゆ,0,high,gai1
めやす,め,す,0,high,ichi1|news1|nf08
しげん,し,ん,0,high,ichi1|news1|nf03
ろんぐせらあ,ろ,あ,0,high,gai1
ふくすう,ふ,う,0,high,ichi1|news1|nf03
ろびい,ろ,い,0,high,gai1|ichi1
わんこ,わ,こ,0,high,spec1
ぜんはんせん,ぜ,ん,0,high,news1|nf16
むがい,む,い,0,high,ichi1|news2|nf30
たんぽぽ,た,ぽ,0,high,spec1
きやくしよく,き,く,0,high,ichi1|news2|nf25
せいきよく,せ,く,0,high,ichi1|news1|nf03
こあめ,こ,め,0,high,ichi1|news1|nf19
ついている,つ,る,0,high,spec1
ちやつく,ち,く,0,high,gai1|ichi1
ひやけ,ひ,け,0,high,ichi1|news1|nf21
なつがい,な,い,0,high,ichi1|news1|nf15
さんじかん,さ,ん,0,high,news1|nf12
ほわいとにんぐ,ほ,ぐ,0,high,spec1
ちゆうえつ,ち,つ,0,high,news1|nf15
かいうん,か,ん,0,high,news1|nf14
かつきよう,か,う,0,high,news1|nf19
にゆうし,に,し,0,high,ichi1|news1|nf04
いじ,い,じ,0,high,ichi1|news1|nf01|nf11|nf14
しちせき,し,き,0,high,ichi1|news1|nf22
せんたつき,せ,き,0,high,ichi1|news1|nf13
さんでいえご,さ,ご,0,high,gai1
ろおそく,ろ,く,0,high,ichi1
それで,そ,で,0,high,ichi1
わいやれす,わ,す,0,high,gai1
ひるま,ひ,ま,0,high,ichi1|news1|nf08
こぞう,こ,う,0,high,news1|nf23
ひようぎいん,ひ,ん,0,high,news1|nf13
しやちよう,し,う,0,high,ichi1|news1|nf01
しようしん,し,ん,0,high,ichi1|news1|nf07
のりきる,の,る,0,high,news2|nf28|spec1
ふつきゆう,ふ,う,0,high,news1|nf09
かぶつ,か,つ,0,high,ichi1|news1|nf06|nf09
しゆだい,し,い,0,high,ichi1|news1|nf10
ほろぐらふい,ほ,い,0,high,gai1
にゆうしよ,に,よ,0,high,news1|nf12
でばん,で,ん,0,high,news1|nf10
きよぜつはんのう,き,う,0,high,news1|nf18
さんすくりつと,さ,と,0,high,gai1
じば,じ,ば,0,high,news1|nf22
かつじ,か,じ,0,high,ichi1|news1|nf10
すのおぼおと,す,と,0,high,gai1
かんでんち,か,ち,0,high,ichi1|news1|nf17
そぼく,そ,く,0,high,ichi1|news1|nf11
ほようしよ,ほ,よ,0,high,ichi1
ぱらぱら,ぱ,ら,0,high,spec1
くつつける,く,る,0,high,ichi1
こむぎ,こ,ぎ,0,high,ichi1|news1|nf12
べびい,べ,い,0,high,gai1
しようか,し,か,0,high,ichi1|news1|nf12|nf13|nf21
うちあわせ,う,せ,0,high,ichi1
どうしよくぶつ,ど,つ,0,high,news1|nf11
れとろ,れ,ろ,0,high,gai1
はつれい,は,い,0,high,news1|nf15
はあぶ,は,ぶ,0,high,gai1
どうしつ,ど,つ,0,high,news1|nf19
ぱいぷ,ぱ,ぷ,0,high,gai1|ichi1
はかる,は,る,0,high,ichi1|news1|nf12|nf23
ねぼける,ね,る,0,high,ichi1
くみかえ,く,え,0,high,news1|nf17
どんか,ど,か,0,high,news1|nf16
だいやる,だ,る,0,high,gai1|ichi1
にじゆうごにち,に,ち,0,high,spec1
れつてる,れ,る,0,high,gai1
しかも,し,も,0,high,ichi1
いしけつてい,い,い,0,high,news1|nf12
えこ,え,こ,0,high,spec1
いつぱんじん,い,ん,0,high,spec1
ずいしよ,ず,よ,0,high,news1|nf14
むり,む,り,0,high,ichi1|news1|nf05
くおりてい,く,い,0,high,gai1
けつせんとうひよう,け,う,0,high,news1|nf13
ひま,ひ,ま,0,high,ichi1|news1|nf14
とうしよく,と,く,0,high,ichi1
ちよくせん,ち,ん,0,high,ichi1|news1|nf12
めいりよう,め,う,0,high,ichi1|news2|nf39
てきぎ,て,ぎ,0,high,ichi1|news2|nf34
いじめ,い,め,0,high,ichi1|spec1
いつぴき,い,き,0,high,spec1
そうせつ,そ,つ,0,high,news1|nf04
しやあまん,し,ん,0,high,gai1
しやそう,し,う,0,high,news1|nf10
あすぶ,あ,ぶ,0,high,ichi1|news2|nf25
どうじつ,ど,つ,0,high,news1|nf01
ぐたい,ぐ,い,0,high,news1|nf03
ふあいたあ,ふ,あ,0,high,gai1
がいぶ,が,ぶ,0,high,ichi1|news1|nf06
おもてどおり,お,り,0,high,ichi1|news2|nf37
おおがね,お,ね,0,high,ichi1|news1|nf14
ことり,こ,り,0,high,ichi1|news1|nf18
えんじにあ,え,あ,0,high,gai1
ふむ,ふ,む,0,high,ichi1|news1|nf19
きよだい,き,い,0,high,ichi1|news1|nf04
びじゆつてん,び,ん,0,high,news1|nf16
おおがかり,お,り,0,high,news1|nf20
でみ,で,み,0,high,gai1
すみ,す,み,0,high,ichi1|news1|nf09|nf13
とんがらし,と,し,0,high,ichi1|news2|nf45
らんけい,ら,い,0,high,ichi1|news2|nf44|spec2
もういちど,も,ど,0,high,spec1
しつしん,し,ん,0,high,news2|nf45|spec1
えんだん,え,ん,0,high,ichi1|news1|news2|nf19|nf31
たくいつ,た,つ,0,high,ichi1|news2|nf45
ごおかあと,ご,と,0,high,gai1
あつというま,あ,ま,0,high,spec1
ちちはは,ち,は,0,high,ichi1|news1|nf06
ひとつひとつ,ひ,つ,0,high,news1|nf19
すくない,す,い,0,high,ichi1|news1|nf16
まんいんでんしや,ま,や,0,high,spec1
ばくちく,ば,く,0,high,news1|nf23
だい,だ,い,0,high,ichi1|news1|nf01|nf14|spec1
しゆわん,し,ん,0,high,news1|nf09
かみはんき,か,き,0,high,news1|nf09
じんこうこきゆう,じ,う,0,high,news1|nf17
だあめ,だ,め,0,high,ichi1|news1|nf24
くぐる,く,る,0,high,ichi1|news2|nf40
せきぜん,せ,ん,0,high,ichi1
つよさ,つ,さ,0,high,ichi1|news1|nf04
じどうか,じ,か,0,high,spec1
ますたあ,ま,あ,0,high,gai1
ろうじやく,ろ,く,0,high,ichi1|news2|nf27|spec2
もろうで,も,で,0,high,news1|nf22
しやかいほけんちよう,し,う,0,high,news1|nf22
みに,み,に,0,high,gai1|ichi1
ぐずぐず,ぐ,ず,0,high,ichi1
おうぼしや,お,や,0,high,spec1
みんしやとう,み,う,0,high,news1|nf02
きようだい,き,い,0,high,ichi1|news1|nf05|nf08|nf16
わずらわしい,わ,い,0,high,ichi1|news2|nf43
つえ,つ,え,0,high,ichi1|news2|nf28
ひそう,ひ,う,0,high,news1|nf23
けつしよう,け,う,0,high,ichi1|news1|nf02|nf13
れふと,れ,と,0,high,gai1
ときおり,と,り,0,high,ichi1|news1|nf10
れがつた,れ,た,0,high,gai1
はろん,は,ん,0,high,gai1
じえろんとくらしい,じ,い,0,high,gai1
あんふえあ,あ,あ,0,high,gai1
れたす,れ,す,0,high,gai1
ねんがん,ね,ん,0,high,ichi1|news1|nf10
はやめる,は,る,0,high,ichi1|news1|nf10
とらえる,と,る,0,high,ichi1|news2|nf27|nf46|spec1
いそがしい,い,い,0,high,ichi1|news1|nf18
うまくいく,う,く,0,high,spec1
すく,す,く,0,high,ichi1
けわしい,け,い,0,high,ichi1|news2|nf31
もうひ,も,ひ,0,high,ichi1|news1|nf14
だいりにん,だ,ん,0,high,spec1
みりよくてき,み,き,0,high,spec1
るくす,る,す,0,high,gai1
せみころん,せ,ん,0,high,gai1
くんじ,く,じ,0,high,news1|nf23
ほうほう,ほ,う,0,high,ichi1|news1|nf01
がある,が,る,0,high,gai1
こつかい,こ,い,0,high,ichi1|news1|nf01|nf12
へがす,へ,す,0,high,ichi1
ほおむしつく,ほ,く,0,high,gai1
さすぺんす,さ,す,0,high,gai1
さとがえり,さ,り,0,high,news1|nf16
すばらしい,す,い,0,high,ichi1|news1|nf16
こんせんさす,こ,す,0,high,gai1
しゆうぜん,し,ん,0,high,ichi1|news1|nf22
せいさい,せ,い,0,high,ichi1|news1|nf02|nf17
につしよう,に,う,0,high,news1|nf19
ぶれえかあ,ぶ,あ,0,high,gai1
えころじい,え,い,0,high,gai1
ゆさぶり,ゆ,り,0,high,news1|nf15
やまかじ,や,じ,0,high,news1|nf22
でえたべえす,で,す,0,high,gai1
とか,と,か,0,high,spec1
わりだか,わ,か,0,high,news1|nf12
ほくせい,ほ,い,0,high,ichi1|news1|nf09
まかせる,ま,る,0,high,ichi1
どうも,ど,も,0,high,ichi1
こうこう,こ,う,0,high,ichi1|news1|nf01|nf12|nf13
ぶんしよ,ぶ,よ,0,high,ichi1|news1|nf02
きようふう,き,う,0,high,ichi1|news1|nf10
うとうと,う,と,0,high,ichi1
おきもの,お,の,0,high,ichi1|news2|nf27
みつこう,み,う,0,high,news1|nf19
ひようぎ,ひ,ぎ,0,high,news1|nf03
るうと,る,と,0,high,gai1
りゆうどう,り,う,0,high,news1|nf07
せいむ,せ,む,0,high,news1|nf10
おつくすふおおど,お,ど,0,high,gai1
ていしゆ,て,ゆ,0,high,ichi1|news1|nf16
ぱれすちな,ぱ,な,0,high,gai1
じゆりつ,じ,つ,0,high,news1|nf04
びしん,び,ん,0,high,news1|nf17
しよくじゆ,し,ゆ,0,high,news1|nf14
とぼける,と,る,0,high,ichi1
しようしよ,し,よ,0,high,ichi1|news1|nf08
えいぶんがく,え,く,0,high,news1|nf22
きゆうびよう,き,う,0,high,ichi1|news2|nf26
せいれつ,せ,つ,0,high,ichi1|news2|nf33
げる,げ,る,0,high,gai1
えんそうば,え,ば,0,high,news1|nf07
おうざ,お,ざ,0,high,news1|nf08
なごりおしい,な,い,0,high,ichi1
きばつ,き,つ,0,high,news1|nf24
はらいもどす,は,す,0,high,ichi1|news2|nf47
せいぞん,せ,ん,0,high,ichi1|news1|nf07
ひんど,ひ,ど,0,high,news1|nf14
ばんぐみ,ば,み,0,high,ichi1|news1|nf01
れんこう,れ,う,0,high,news1|nf11
ぼつらく,ぼ,く,0,high,ichi1|news2|nf31
しぜんこうえん,し,ん,0,high,spec1
ひいる,ひ,る,0,high,gai1
はんどぼおる,は,る,0,high,gai1
そんする,そ,る,0,high,ichi1
ほんしよく,ほ,く,0,high,news1|nf22
ねんせい,ね,い,0,high,news1|nf02
ばあじにあ,ば,あ,0,high,gai1
ぷうる,ぷ,る,0,high,gai1|ichi1
せぎん,せ,ん,0,high,news1|nf13
ふなぬし,ふ,し,0,high,news1|nf24
くら,く,ら,0,high,ichi1|news1|nf10
すぺんさあじやけつと,す,と,0,high,gai1
えいだん,え,ん,0,high,news1|nf14
あねつたい,あ,い,0,high,news2|nf28|spec1
こみつく,こ,く,0,high,gai1
りくうど,り,ど,0,high,gai1
なちゆらる,な,る,0,high,gai1
とうしゆ,と,ゆ,0,high,news1|nf01|nf02
じゆうよつか,じ,か,0,high,spec1
こぎ,こ,ぎ,0,high,news1|nf08
てきおう,て,う,0,high,ichi1|news1|nf12
ほんだな,ほ,な,0,high,ichi1|news1|news2|nf05|nf27
しよちよう,し,う,0,high,news1|nf03|nf19
ぼうがい,ぼ,い,0,high,ichi1|news1|nf07
ぎよるい,ぎ,い,0,high,news1|nf20
かいちよう,か,う,0,high,ichi1|news1|nf01|nf19
おおく,お,く,0,high,gai1|spec1
ごおじやす,ご,す,0,high,gai1
あくい,あ,い,0,high,ichi1|news2|nf27
こうがく,こ,く,0,high,ichi1|news1|nf06|nf09|nf19
まあくしいと,ま,と,0,high,gai1
とうらい,と,い,0,high,ichi1|news1|nf10
どうや,ど,や,0,high,news1|nf09
ふうかく,ふ,く,0,high,news1|nf18
くうぺ,く,ぺ,0,high,gai1
こうや,こ,や,0,high,ichi1|news2|nf25|nf28|spec2
ひくい,ひ,い,0,high,ichi1|news1|nf14
いちぶ,い,ぶ,0,high,ichi1|news1|nf01|nf15
どそく,ど,く,0,high,ichi1|news2|nf47
ざちよう,ざ,う,0,high,news1|nf04
のち,の,ち,0,high,ichi1
えど,え,ど,0,high,news1|nf03
せいし,せ,し,0,high,ichi1|news1|news2|nf12|nf13|nf17|nf33
かしん,か,ん,0,high,ichi1
しえりい,し,い,0,high,gai1
よこがお,よ,お,0,high,ichi1|news2|nf25
だんかい,だ,い,0,high,ichi1|news1|nf01|nf14
ちかずける,ち,る,0,high,ichi1|news2|nf40|spec1
ふあじい,ふ,い,0,high,gai1
べいぐん,べ,ん,0,high,spec1
ぎねん,ぎ,ん,0,high,news1|nf12
げんたん,げ,ん,0,high,news1|nf09
たなん,た,ん,0,high,news1|nf18
てんしよん,て,ん,0,high,gai1
よろめく,よ,く,0,high,ichi1
ひとあじちがう,ひ,う,0,high,spec1
たいぼう,た,う,0,high,ichi1|news1|nf13
あこおでいおん,あ,ん,0,high,gai1
きのどく,き,く,0,high,ichi1|news2|nf28
すつごおい,す,い,0,high,ichi1
みぶり,み,り,0,high,ichi1|news2|nf40
れず,れ,ず,0,high,gai1
ばるかんらばあ,ば,あ,0,high,gai1
ぼいじやあ,ぼ,あ,0,high,gai1
まじり,ま,り,0,high,news1|nf23
しゆけい,し,い,0,high,news1|nf22
かくじ,か,じ,0,high,ichi1|news1|nf16
ふかしん,ふ,ん,0,high,news1|nf15
さむらい,さ,い,0,high,ichi1|news1|nf14|nf18
めいずる,め,る,0,high,ichi1|news2|nf34
しようらいぞう,し,う,0,high,news1|nf19
こうせいねんきん,こ,ん,0,high,news1|nf08
ぷろぱあ,ぷ,あ,0,high,gai1
おいこむ,お,む,0,high,ichi1|news1|nf05
うしろすがた,う,た,0,high,news1|nf24
きよしゆつ,き,つ,0,high,news1|nf07
いみ,い,み,0,high,ichi1|news1|nf01
めく,め,く,0,high,ichi1
おとしより,お,り,0,high,spec1
たくはい,た,い,0,high,news1|nf10
むしよけ,む,け,0,high,spec1
ああち,あ,ち,0,high,gai1
ぜつさん,ぜ,ん,0,high,news2|nf33|spec1
しようそくすじ,し,じ,0,high,news1|nf10
かていない,か,い,0,high,news1|nf17
ふりこみ,ふ,み,0,high,news1|nf15|spec1
けんげん,け,ん,0,high,ichi1|news1|nf03
だろう,だ,う,0,high,spec1
ひつとう,ひ,う,0,high,news1|nf07
かるしうむ,か,む,0,high,gai1
ひるすぎ,ひ,ぎ,0,high,ichi1|news1|nf17
きやんべら,き,ら,0,high,gai1
こわがる,こ,る,0,high,ichi1|news2|nf33
によしよう,に,う,0,high,ichi1|news1|nf01
りちやくりく,り,く,0,high,news1|nf17
さんぶさく,さ,く,0,high,news1|nf22
みかん,み,ん,0,high,ichi1
ひようろん,ひ,ん,0,high,ichi1|news1|nf08
によじつ,に,つ,0,high,news1|nf19
げりら,げ,ら,0,high,gai1
ほんこく,ほ,く,0,high,ichi1|news1|nf07
わるもの,わ,の,0,high,ichi1|news2|nf25
くちぶり,く,り,0,high,news1|nf18
ろうふ,ろ,ふ,0,high,news1|nf23
ちゆうねん,ち,ん,0,high,ichi1|news1|nf08
きぶつ,き,つ,0,high,news1|nf23
すつぽり,す,り,0,high,spec1
あんず,あ,ず,0,high,news1|nf24
ざつだん,ざ,ん,0,high,ichi1|news1|nf20
よろしい,よ,い,0,high,ichi1
といれ,と,れ,0,high,gai1|ichi1
につか,に,か,0,high,ichi1|news1|nf20
せきさん,せ,ん,0,high,news1|nf23
ぴいぷる,ぴ,る,0,high,gai1
ゆきき,ゆ,き,0,high,ichi1|news2|nf33|spec1
そんぞく,そ,く,0,high,news1|nf08
けつせい,け,い,0,high,ichi1|news1|nf03
てんかぶつ,て,つ,0,high,news1|nf21
ぶろつく,ぶ,く,0,high,gai1
ころも,こ,も,0,high,news1|nf10
ごけん,ご,ん,0,high,news1|nf06
らでいかる,ら,る,0,high,gai1
おろし,お,し,0,high,news1|nf09
すぱありんぐ,す,ぐ,0,high,gai1
ちようおんぱ,ち,ぱ,0,high,news1|nf18
こぶんしよ,こ,よ,0,high,news1|nf19
はへん,は,ん,0,high,ichi1|news1|nf12
そうべつ,そ,つ,0,high,ichi1|news2|nf28
せいけん,せ,ん,0,high,ichi1|news1|nf01|nf20
きはい,き,い,0,high,ichi1|news1|nf06
ちえちえん,ち,ん,0,high,gai1
いこく,い,く,0,high,news1|nf16
ようするに,よ,に,0,high,ichi1|news1|nf12
すとつきんぐ,す,ぐ,0,high,gai1
おうちやく,お,く,0,high,ichi1
つるつる,つ,る,0,high,ichi1
めんつ,め,つ,0,high,ichi1
かんてん,か,ん,0,high,news1|nf05
もちもの,も,の,0,high,ichi1|news2|nf27
あんぷ,あ,ぷ,0,high,gai1|ichi1|news1|nf19
じんけんようご,じ,ご,0,high,spec1
さいしゆう,さ,う,0,high,ichi1|news1|nf01|nf24
とれえす,と,す,0,high,gai1
やがく,や,く,0,high,ichi1|news2|nf46
だんねつ,だ,つ,0,high,news1|nf18
にち,に,ち,0,high,spec1
だれも,だ,も,0,high,spec1
ほんの,ほ,の,0,high,ichi1|news1|nf07
こくむだいじん,こ,ん,0,high,news2|nf25|spec1
そうぞくぜい,そ,い,0,high,news1|nf10
せいきゆう,せ,う,0,high,ichi1|news1|nf03|nf06|nf17
ふつか,ふ,か,0,high,ichi1|spec1
おいめ,お,め,0,high,news1|nf14
しかえいせいし,し,し,0,high,spec1
くつし,く,し,0,high,news1|nf14
じようど,じ,ど,0,high,news1|nf24
へんしゆうしや,へ,や,0,high,news1|nf09
すとろおく,す,く,0,high,gai1
ここ,こ,こ,0,high,ichi1|news1|nf01|nf07
かぶる,か,る,0,high,ichi1|news2|nf46
やちよ,や,よ,0,high,news1|nf22
しんきんかん,し,ん,0,high,news1|nf20
まかろに,ま,に,0,high,gai1
あいとう,あ,う,0,high,news1|nf18
かぎよう,か,う,0,high,news1|nf19
ほうあん,ほ,ん,0,high,news1|nf01
まこころ,ま,ろ,0,high,ichi1|news2|nf32
べびいしつたあ,べ,あ,0,high,gai1
ふつとう,ふ,う,0,high,ichi1|news1|nf18
もて,も,て,0,high,ichi1|spec1
はいぶりつど,は,ど,0,high,gai1
ばたあ,ば,あ,0,high,gai1|ichi1
まふらあ,ま,あ,0,high,gai1|ichi1
もちあじ,も,じ,0,high,news1|nf08
いでん,い,ん,0,high,ichi1|news1|nf12
ままさん,ま,ん,0,high,spec1
としよ,と,よ,0,high,ichi1|news1|nf09
ぜんりよう,ぜ,う,0,high,news1|nf21
みずくさい,み,い,0,high,ichi1
まつたく,ま,く,0,high,ichi1
かいじよ,か,よ,0,high,ichi1|news1|nf03|nf18
すぱん,す,ん,0,high,gai1
うたごえ,う,え,0,high,ichi1|news1|nf16
ばいおてくのろじい,ば,い,0,high,gai1
わいるど,わ,ど,0,high,gai1
かわ,か,わ,0,high,ichi1|news1|nf03|nf08|nf09|nf10
ふりいまあけつと,ふ,と,0,high,gai1
はらいもどし,は,し,0,high,news1|nf20
たか,た,か,0,high,news1|nf11|nf12
まるち,ま,ち,0,high,gai1
ふたり,ふ,り,0,high,ichi1|news1|nf01
ほそう,ほ,う,0,high,ichi1|news1|nf21
らんなあ,ら,あ,0,high,gai1
ざいがい,ざ,い,0,high,news1|nf14
ちやくせき,ち,き,0,high,ichi1|news2|nf45
ございます,ご,す,0,high,spec1
さんぼん,さ,ん,0,high,news1|nf12
ぜんじつ,ぜ,つ,0,high,news1|nf02
ながばなし,な,し,0,high,ichi1
むさく,む,く,0,high,news1|nf21
ちやんと,ち,と,0,high,ichi1
しつけ,し,け,0,high,ichi1|news1|nf19
ああゆう,あ,う,0,high,spec1
おもいこむ,お,む,0,high,ichi1|news2|nf47
しんしゆん,し,ん,0,high,news1|nf16
だらしない,だ,い,0,high,ichi1
のりこえる,の,る,0,high,ichi1|news1|nf17
とうじしや,と,や,0,high,ichi1|news1|nf05
じむてき,じ,き,0,high,news1|nf23
ふああすと,ふ,と,0,high,gai1|ichi1
せいしきめいしよう,せ,う,0,high,spec1
いよう,い,う,0,high,news1|nf15
がいあつ,が,つ,0,high,news1|nf14
みんえいか,み,か,0,high,news1|nf18
おつけえ,お,え,0,high,spec1
ぱりいぐ,ぱ,ぐ,0,high,spec1
もんぶかがくしよう,も,う,0,high,spec1
ざつそう,ざ,う,0,high,ichi1|news1|nf17
だいや,だ,や,0,high,gai1|ichi1
さいこうきゆう,さ,う,0,high,news1|nf20
かたろぐ,か,ぐ,0,high,gai1|ichi1
ねばりずよい,ね,い,0,high,news1|nf15
あたえる,あ,る,0,high,ichi1|news2|nf28
まえもつて,ま,て,0,high,ichi1|news2|nf29
ちかずく,ち,く,0,high,ichi1|news2|nf37|spec1
でし,で,し,0,high,gai1|ichi1|news1|nf10
ごじゆうおん,ご,ん,0,high,ichi1|news2|nf26
にしがわ,に,わ,0,high,news1|nf02
どうあげ,ど,げ,0,high,ichi1|news1|nf24
ください,く,い,0,high,news1|nf13
ぎひ,ぎ,ひ,0,high,news1|nf09
めろでい,め,い,0,high,spec1
なびげえたあ,な,あ,0,high,gai1
せんむ,せ,む,0,high,ichi1|news1|nf02
ぴいす,ぴ,す,0,high,gai1
さかや,さ,や,0,high,ichi1|news1|nf22
とくし,と,し,0,high,news1|nf06
しいく,し,く,0,high,gai1|ichi1|news1|nf08
ぽろ,ぽ,ろ,0,high,gai1
りゆうおう,り,う,0,high,news1|nf15
ぐんこくしゆぎ,ぐ,ぎ,0,high,ichi1|news1|nf16
みつしゆう,み,う,0,high,ichi1|news1|nf17
すいがら,す,ら,0,high,ichi1|news1|nf17
そうどう,そ,う,0,high,ichi1|news1|nf07
いくせい,い,い,0,high,news1|nf05
せいめい,せ,い,0,high,ichi1|news1|news2|nf02|nf03|nf36
ぞうはつ,ぞ,つ,0,high,news1|nf24
ふあるす,ふ,す,0,high,gai1
りがく,り,く,0,high,ichi1|news1|nf11
じぶんで,じ,で,0,high,spec1
かちよう,か,う,0,high,ichi1|news1|news2|nf02|nf17|nf42
こおり,こ,り,0,high,ichi1|news1|nf08|nf19
だてん,だ,ん,0,high,news1|nf08
いしそつう,い,う,0,high,spec1
とん,と,ん,0,high,ichi1
ふつこう,ふ,う,0,high,news1|nf04
みす,み,す,0,high,gai1|ichi1
みたす,み,す,0,high,ichi1|news1|nf11
まくあけ,ま,け,0,high,news1|nf14
どうしや,ど,や,0,high,news1|nf01
ふにん,ふ,ん,0,high,ichi1|news1|nf09|nf15
せいごう,せ,う,0,high,news1|nf12
しだん,し,ん,0,high,news1|nf10
せんじや,せ,や,0,high,news1|nf10
とうげ,と,げ,0,high,ichi1|news1|nf13
こどものころ,こ,ろ,0,high,spec1
こうとうがつこう,こ,う,0,high,ichi1|news1|nf15
どつじぼおる,ど,る,0,high,gai1
べんかい,べ,い,0,high,ichi1|news1|nf21
めいめい,め,い,0,high,ichi1|news1|nf17
おごる,お,る,0,high,ichi1
しんかんせん,し,ん,0,high,ichi1|news1|nf03
しやかいめん,し,ん,0,high,news1|nf04
げきせん,げ,ん,0,high,news1|nf09
ううん,う,ん,0,high,spec1
ずしき,ず,き,0,high,news1|nf13
てにはいる,て,る,0,high,spec1
ていばん,て,ん,0,high,spec1
ちようじやく,ち,く,0,high,news1|nf21
ごにち,ご,ち,0,high,ichi1|news1|nf17|spec1
ゆびさす,ゆ,す,0,high,ichi1
ずかい,ず,い,0,high,news2|nf36|spec1
とくとく,と,く,0,high,spec1
おいしやさん,お,ん,0,high,ichi1
かくす,か,す,0,high,ichi1|news1|nf12
ひなん,ひ,ん,0,high,ichi1|news1|nf05|nf06
れんけつ,れ,つ,0,high,news1|nf17
ばちがい,ば,い,0,high,ichi1
ふえりい,ふ,い,0,high,gai1
しよしゆつ,し,つ,0,high,news1|nf13
ろてんぶろ,ろ,ろ,0,high,spec1
しいずにんぐ,し,ぐ,0,high,gai1
かんがえる,か,る,0,high,ichi1|news1|nf10
りゆうがくせい,り,い,0,high,ichi1|news1|nf05
かんれき,か,き,0,high,news1|nf17
きたえる,き,る,0,high,ichi1|news2|nf27
のりこし,の,し,0,high,ichi1
とりあえず,と,ず,0,high,ichi1
いつもとおり,い,り,0,high,spec1
ける,け,る,0,high,ichi1
どれだけ,ど,け,0,high,spec1
せいきよういく,せ,く,0,high,news1|nf17
したまち,し,ち,0,high,ichi1|news1|nf10
みるく,み,く,0,high,gai1|ichi1
せいあつ,せ,つ,0,high,news1|nf15
すけえぷごおと,す,と,0,high,gai1
ふおと,ふ,と,0,high,gai1
あてさき,あ,き,0,high,ichi1
ぷれぜんと,ぷ,と,0,high,gai1|ichi1
ながあい,な,い,0,high,ichi1|news1|nf15
くうそう,く,う,0,high,ichi1|news1|nf23
けつてい,け,い,0,high,ichi1|news1|nf01
こうぞく,こ,く,0,high,news1|nf11|nf17
どうもありがとう,ど,う,0,high,ichi1
とどうふけん,と,ん,0,high,news1|nf03
ようこう,よ,う,0,high,ichi1|news1|nf07|nf12|nf22
いつしようけんめい,い,い,0,high,ichi1|news1|nf06
みささぎ,み,ぎ,0,high,news1|nf11
いちぐん,い,ん,0,high,news1|nf11
がぼつと,が,と,0,high,gai1
しにん,し,ん,0,high,ichi1|news2|nf45
てんねんおんせん,て,ん,0,high,spec1
ぎんがみ,ぎ,み,0,high,ichi1
こうよう,こ,う,0,high,ichi1|news1|nf14|nf16
あらわれる,あ,る,0,high,ichi1|news1|nf24
ちゆうもく,ち,く,0,high,ichi1|news1|nf03
さいこ,さ,こ,0,high,news1|nf12
かしだす,か,す,0,high,ichi1|news2|nf35
かなしい,か,い,0,high,ichi1|news2|nf35
ちよつと,ち,と,0,high,ichi1
さらだ,さ,だ,0,high,gai1|ichi1
のうりよく,の,く,0,high,ichi1|news1|nf02
きじゆつ,き,つ,0,high,ichi1|news1|nf07
ちようしよう,ち,う,0,high,news1|nf17
そだい,そ,い,0,high,ichi1|news2|nf28
ぶつくまあく,ぶ,く,0,high,spec1
きようよ,き,よ,0,high,news1|nf05
そりすと,そ,と,0,high,gai1
じようず,じ,ず,0,high,ichi1|news1|nf12
するどい,す,い,0,high,ichi1|news1|nf11
ふくげん,ふ,ん,0,high,news1|nf14
おおだあ,お,あ,0,high,gai1
ぜいりつ,ぜ,つ,0,high,news1|nf04
がんねん,が,ん,0,high,news1|nf09
きようそうきよく,き,く,0,high,news1|nf11
すんばらしい,す,い,0,high,ichi1|news1|nf16
はつこう,は,う,0,high,ichi1|news1|nf02|nf09|nf17|nf22
ねんこうじよれつ,ね,つ,0,high,news1|nf20
はつしや,は,や,0,high,ichi1|news1|news2|nf08|nf25
たいま,た,ま,0,high,news1|nf10
ぽるの,ぽ,の,0,high,gai1
はんはん,は,ん,0,high,news1|nf18
とりこみ,と,み,0,high,news1|nf18
ふだん,ふ,ん,0,high,ichi1|news1|nf07|nf24
のたんびに,の,に,0,high,spec1
わがみ,わ,み,0,high,news1|nf12
さらす,さ,す,0,high,ichi1
べいか,べ,か,0,high,ichi1|news1|nf08
あんちやん,あ,ん,0,high,news1|nf24
しみん,し,ん,0,high,ichi1|news1|nf01
とくだい,と,い,0,high,news1|nf22
しやかいうんどう,し,う,0,high,news1|nf24
おうしよく,お,く,0,high,ichi1|news1|nf11
こうがくねん,こ,ん,0,high,news1|nf19
かじよう,か,う,0,high,ichi1|news1|nf08
つうりんぐ,つ,ぐ,0,high,gai1
ばくしよう,ば,う,0,high,news1|nf24
りんく,り,く,0,high,gai1
いちじんぶつ,い,つ,0,high,news1|nf24
にじゆうくにち,に,ち,0,high,spec1
さじ,さ,じ,0,high,ichi1|news2|nf43
しゆつしんち,し,ち,0,high,spec1
おこらせる,お,る,0,high,news1|nf20
かわるがわる,か,る,0,high,ichi1
がんばる,が,る,0,high,ichi1|news1|nf23
しやかいじぎよう,し,う,0,high,news1|nf14
てんこう,て,う,0,high,ichi1|news1|nf08|nf20
にじゆうににち,に,ち,0,high,spec1
れんたるびでお,れ,お,0,high,gai1
どこか,ど,か,0,high,ichi1
おたんじようび,お,び,0,high,spec1
あさひ,あ,ひ,0,high,ichi1|news1|nf05
ぞうげん,ぞ,ん,0,high,ichi1|news1|nf17
るうつ,る,つ,0,high,gai1
くつきり,く,り,0,high,spec1
ぐろ,ぐ,ろ,0,high,gai1
りいふれつと,り,と,0,high,gai1
かずかず,か,ず,0,high,news1|nf07
きゆうらい,き,い,0,high,news1|nf17
みしん,み,ん,0,high,gai1|ichi1
ふくし,ふ,し,0,high,ichi1|news1|nf02
かくとう,か,う,0,high,ichi1|news1|nf17|nf18
がらす,が,す,0,high,gai1|ichi1
ほんし,ほ,し,0,high,news1|nf09
かりる,か,る,0,high,ichi1|news1|nf13
きゆうでん,き,ん,0,high,news1|nf08
かるがる,か,る,0,high,news1|nf21
ぎろん,ぎ,ん,0,high,ichi1|news1|nf02
わあく,わ,く,0,high,gai1
にんてい,に,い,0,high,news1|nf04
せんゆう,せ,う,0,high,news1|nf20
くらつち,く,ち,0,high,gai1
ごうりゆう,ご,う,0,high,news2|nf27|spec1
にんそう,に,う,0,high,ichi1|news2|nf31
はしご,は,ご,0,high,ichi1
ききて,き,て,0,high,ichi1|news1|nf10
いつぽう,い,う,0,high,ichi1|news1|nf01
ばすと,ば,と,0,high,gai1
みりたりいるつく,み,く,0,high,gai1
こうそつ,こ,つ,0,high,news1|nf11
きたいかん,き,ん,0,high,news1|nf11
きかえる,き,る,0,high,ichi1|news2|nf26
まくうち,ま,ち,0,high,news1|nf13
かおみしり,か,り,0,high,news1|nf22
おうぎよう,お,う,0,high,news1|nf23
みことのり,み,り,0,high,ichi1|news2|nf36|spec1
みはり,み,り,0,high,news1|nf22
へんじゆう,へ,う,0,high,news1|nf14
ぞうえき,ぞ,き,0,high,news1|nf10
かろう,か,う,0,high,ichi1|news1|nf10
しかご,し,ご,0,high,gai1
せんけつ,せ,つ,0,high,ichi1|news1|nf13
ひようりゆう,ひ,う,0,high,news1|nf17
てれつくす,て,す,0,high,gai1
てる,て,る,0,high,ichi1|news2|nf31
のぼせる,の,る,0,high,ichi1
あすふあると,あ,と,0,high,gai1|ichi1
みぎあし,み,し,0,high,spec1
きつくおふ,き,ふ,0,high,gai1
ちよすい,ち,い,0,high,news1|nf19
びぼう,び,う,0,high,news2|nf45|spec1
ていりつ,て,つ,0,high,news1|nf18
こんかい,こ,い,0,high,ichi1|news1|nf01
すてき,す,き,0,high,ichi1|news1|nf15
べると,べ,と,0,high,gai1|ichi1
ほけんきん,ほ,ん,0,high,news1|nf08
かはんしん,か,ん,0,high,ichi1|news1|nf15
すとりいと,す,と,0,high,gai1
とうなん,と,ん,0,high,ichi1|news1|nf03|nf13
あくりる,あ,る,0,high,gai1
ぼおん,ぼ,ん,0,high,gai1
くしやくしや,く,や,0,high,ichi1
じゆうくにち,じ,ち,0,high,spec1
こらあじゆ,こ,ゆ,0,high,gai1
どくせん,ど,ん,0,high,ichi1|news1|nf06
さいた,さ,た,0,high,news1|nf04
すぴいでいい,す,い,0,high,gai1
れんちゆう,れ,う,0,high,ichi1|news1|nf12
ろおぷ,ろ,ぷ,0,high,gai1|ichi1
へいき,へ,き,0,high,ichi1|news1|news2|nf03|nf30
なんにも,な,も,0,high,news1|nf22
しすたあ,し,あ,0,high,gai1
ぱつしよん,ぱ,ん,0,high,gai1
にしどいつ,に,つ,0,high,news1|nf18
ふくせい,ふ,い,0,high,news1|nf19
ごほうび,ご,び,0,high,spec1
じつめい,じ,い,0,high,ichi1|news1|nf13
いやけ,い,け,0,high,news1|nf15
しゆるいほうふ,し,ふ,0,high,spec1
がつきよく,が,く,0,high,news1|nf20
けいぞくてき,け,き,0,high,news1|nf14
ざんしよ,ざ,よ,0,high,ichi1|news1|nf23
めんめん,め,ん,0,high,news1|nf21
たくましい,た,い,0,high,ichi1
なにら,な,ら,0,high,ichi1|news1|nf11
ふうしゆう,ふ,う,0,high,news1|nf21
じぶ,じ,ぶ,0,high,gai1
たけ,た,け,0,high,ichi1|news1|news2|nf04|nf08|nf18|nf47
こや,こ,や,0,high,ichi1|news1|nf09
きをつける,き,る,0,high,ichi1|spec1
そくばい,そ,い,0,high,news1|nf24
こうはんせん,こ,ん,0,high,news1|nf14
はかい,は,い,0,high,ichi1|news1|nf03
ふおおくぼおる,ふ,る,0,high,gai1
わりこみ,わ,み,0,high,news1|nf22
ていきようしや,て,や,0,high,news1|nf10
うかぶ,う,ぶ,0,high,ichi1|news2|nf30
おおるらうんど,お,ど,0,high,gai1
たいこ,た,こ,0,high,ichi1|news1|nf11
じだい,じ,い,0,high,ichi1|news1|nf01|nf17
しようかく,し,く,0,high,news1|nf08
めろどらま,め,ま,0,high,gai1
そうでん,そ,ん,0,high,news1|nf11|nf19
まえぶれ,ま,れ,0,high,ichi1|news2|nf35
ひきのばし,ひ,し,0,high,news1|nf19
ちゆうけん,ち,ん,0,high,ichi1|news1|nf04
ろうか,ろ,か,0,high,ichi1|news1|nf10|nf15
ゆうしきしや,ゆ,や,0,high,news1|nf10
あすきい,あ,い,0,high,gai1
あつみ,あ,み,0,high,news1|nf13
くちぶえ,く,え,0,high,ichi1|news2|nf34
とうぐう,と,う,0,high,news1|nf16
みのまわり,み,り,0,high,ichi1|news1|nf14
せりあう,せ,う,0,high,news1|nf12
ねんぴ,ね,ぴ,0,high,ichi1|news1|nf15
まねきん,ま,ん,0,high,gai1
これすてろおる,こ,る,0,high,gai1
せいぶつがく,せ,く,0,high,news1|nf12
けんない,け,い,0,high,news1|nf03|nf17
しよくもつ,し,つ,0,high,ichi1|news1|nf11
わりあてる,わ,る,0,high,ichi1|news2|nf41
いお,い,お,0,high,news1|nf19
じはんき,じ,き,0,high,spec1
さん,さ,ん,0,high,ichi1|news1|nf01|nf11|nf24
じめん,じ,ん,0,high,ichi1|news1|nf11
かれる,か,る,0,high,ichi1|news1|nf23
とれんでいい,と,い,0,high,gai1
いしがき,い,き,0,high,news1|nf13
きずかい,き,い,0,high,news1|nf24
いくつ,い,つ,0,high,ichi1|news1|nf16
きいすてえしよん,き,ん,0,high,gai1
だつさんしん,だ,ん,0,high,news1|nf12
ひかり,ひ,り,0,high,ichi1|news1|nf01
れじすたあ,れ,あ,0,high,gai1
ますたあど,ま,ど,0,high,gai1
おのずから,お,ら,0,high,ichi1
めえと,め,と,0,high,gai1
くさる,く,る,0,high,ichi1|news2|nf36
かいなん,か,ん,0,high,news1|nf17
たいわん,た,ん,0,high,news1|nf01
ぐんじゆ,ぐ,ゆ,0,high,ichi1|news1|nf11|nf14
よこめ,よ,め,0,high,news1|nf18
じようみやく,じ,く,0,high,news1|nf20
くちさき,く,き,0,high,ichi1|news1|nf23
きんぱく,き,く,0,high,ichi1|news1|nf12
さんてい,さ,い,0,high,news1|nf12
ごりら,ご,ら,0,high,gai1
よくちよう,よ,う,0,high,ichi1|news1|nf13
しよつく,し,く,0,high,gai1|ichi1
ししゆつ,し,つ,0,high,ichi1|news1|nf04
げんさんち,げ,ち,0,high,news1|nf23
しようらいてき,し,き,0,high,spec1
さかだな,さ,な,0,high,news1|nf22
やすうり,や,り,0,high,ichi1|news1|nf11
でんおん,で,ん,0,high,ichi1|news1|nf11
そうき,そ,き,0,high,ichi1|news1|nf02
ぜんぜん,ぜ,ん,0,high,ichi1|news1|nf16
つぶれる,つ,る,0,high,ichi1
えんげい,え,い,0,high,ichi1|news1|nf13|nf15
こうばしい,こ,い,0,high,ichi1
ちようか,ち,か,0,high,ichi1|news1|nf13
ふうけい,ふ,い,0,high,ichi1|news1|nf04
とりかた,と,た,0,high,spec1
じゆこう,じ,う,0,high,news1|nf08
いんぐらんど,い,ど,0,high,gai1
しゆもく,し,く,0,high,ichi1|news1|nf06
ざいむ,ざ,む,0,high,news1|nf05
さんやく,さ,く,0,high,news1|nf05
れしいばあ,れ,あ,0,high,gai1
につかん,に,ん,0,high,ichi1|news1|nf04|nf14
なり,な,り,0,high,news1|nf14|spec1
あり,あ,り,0,high,ichi1|news2|nf38
かがん,か,ん,0,high,ichi1|news1|nf21
くわえる,く,る,0,high,ichi1|news1|nf24
もんぞう,も,う,0,high,ichi1|news1|nf05
きより,き,り,0,high,ichi1|news1|nf03
いな,い,な,0,high,ichi1
ふりよう,ふ,う,0,high,ichi1|news1|nf06
まるめる,ま,る,0,high,ichi1|news2|nf41
ごぞんじ,ご,じ,0,high,ichi1|news1|nf13|spec1
おんながた,お,た,0,high,news1|nf20
つきひ,つ,ひ,0,high,ichi1|news2|nf25
ごうほう,ご,う,0,high,ichi1|news1|nf10
へなつち,へ,ち,0,high,ichi1|news1|nf19
そつぎよう,そ,う,0,high,ichi1|news1|nf03
なやむ,な,む,0,high,ichi1|news1|nf18
ときはかねなり,と,り,0,high,spec1
たいひ,た,ひ,0,high,ichi1|news1|news2|nf19|nf27|nf28|spec1
おくらす,お,す,0,high,ichi1
たんきより,た,り,0,high,news1|nf13
いつけん,い,ん,0,high,ichi1|news1|nf13|nf19|spec1
あかるい,あ,い,0,high,ichi1|news1|nf09
みんじ,み,じ,0,high,news1|nf08
きんもつ,き,つ,0,high,ichi1|news1|nf23
じゆうににち,じ,ち,0,high,spec1
かいけん,か,ん,0,high,ichi1|news1|nf01|nf07
ふつとぼおる,ふ,る,0,high,gai1
ちしま,ち,ま,0,high,news1|nf17
さくこん,さ,ん,0,high,news1|nf12
ざり,ざ,り,0,high,news1|nf19
さんざん,さ,ん,0,high,ichi1|news2|nf30
ひつ,ひ,つ,0,high,ichi1|news1|nf09
りようごく,り,く,0,high,news1|nf01
せきざい,せ,い,0,high,news1|nf21
じんどう,じ,う,0,high,news1|nf06
みのり,み,り,0,high,news1|nf20
かえん,か,ん,0,high,news1|nf12
ねらう,ね,う,0,high,ichi1|news1|nf13
ひつかかる,ひ,る,0,high,ichi1|news2|nf34|spec1
いきうめ,い,め,0,high,news1|nf23
たずさえる,た,る,0,high,ichi1|news2|nf36
めいんすとりいと,め,と,0,high,spec1
れおたあど,れ,ど,0,high,gai1
らけつと,ら,と,0,high,gai1|ichi1
こんくりいと,こ,と,0,high,gai1|ichi1
すこしも,す,も,0,high,ichi1
ほおまあ,ほ,あ,0,high,gai1
ざんびあ,ざ,あ,0,high,gai1
えいぞく,え,く,0,high,news1|nf22
ぎしよう,ぎ,う,0,high,news1|nf20
さいりよう,さ,う,0,high,news1|nf10|nf16
はらん,は,ん,0,high,ichi1|news1|nf09
わけじやない,わ,い,0,high,spec1
すぱいす,す,す,0,high,gai1
しんけい,し,い,0,high,ichi1|news1|nf05
なふだ,な,だ,0,high,ichi1|news2|nf28
みいだす,み,す,0,high,ichi1
まねえさぷらい,ま,い,0,high,gai1
ちまた,ち,た,0,high,news2|nf35|spec1
ぎじ,ぎ,じ,0,high,news1|nf19|nf20
しゆつがん,し,ん,0,high,ichi1|news1|nf13
ぼうご,ぼ,ご,0,high,news1|nf07
けつまつ,け,つ,0,high,ichi1|news1|nf16
まんねん,ま,ん,0,high,news1|nf21
そむく,そ,く,0,high,ichi1
ろおす,ろ,す,0,high,gai1
だいず,だ,ず,0,high,ichi1|news1|nf13
りきてん,り,ん,0,high,news1|nf16
おびえる,お,る,0,high,spec1
わすれもん,わ,ん,0,high,ichi1|news2|nf33
ろうさい,ろ,い,0,high,news1|nf11
げきが,げ,が,0,high,news1|nf20
とんよく,と,く,0,high,ichi1
すずしい,す,い,0,high,ichi1|news2|nf30
あやしむ,あ,む,0,high,ichi1|news2|nf47
こつき,こ,き,0,high,ichi1|news1|nf08
ぶつくれつと,ぶ,と,0,high,gai1
うんちん,う,ん,0,high,ichi1|news1|nf06
じゆうじ,じ,じ,0,high,ichi1|news1|nf08|nf14
かいしめる,か,る,0,high,ichi1|news1|nf20
けんちよ,け,よ,0,high,news1|nf10
たもくてき,た,き,0,high,news1|nf15
ぶつかる,ぶ,る,0,high,ichi1
すいじゆん,す,ん,0,high,ichi1|news1|nf02
しゆがあ,し,あ,0,high,gai1
じつわ,じ,わ,0,high,ichi1|news2|nf29
ふきだまり,ふ,り,0,high,ichi1
こくぶんじ,こ,じ,0,high,news1|nf19
だてらに,だ,に,0,high,spec1
こくさいか,こ,か,0,high,ichi1|news1|nf06
さべつ,さ,つ,0,high,ichi1|news1|nf03
そしきてき,そ,き,0,high,news1|nf11
ほんのり,ほ,り,0,high,spec1
ゆきちがい,ゆ,い,0,high,ichi1|news2|nf31
ひなんみん,ひ,ん,0,high,news1|nf07
ぽり,ぽ,り,0,high,gai1
くすり,く,り,0,high,ichi1|news1|nf04
とんがる,と,る,0,high,ichi1
きゆうじつ,き,つ,0,high,ichi1|news1|nf05
からあど,か,ど,0,high,gai1
まく,ま,く,0,high,ichi1|news1|nf04|nf11
さえき,さ,き,0,high,news1|nf07
きようわこく,き,く,0,high,ichi1
はいし,は,し,0,high,ichi1|news1|nf03
ふいぎゆあ,ふ,あ,0,high,gai1
でんとう,で,う,0,high,ichi1|news1|nf02|nf24
じんみん,じ,ん,0,high,ichi1|news1|nf02
おりじなる,お,る,0,high,gai1
ぱたあん,ぱ,ん,0,high,gai1|ichi1
ひきとり,ひ,り,0,high,news1|nf19
あとかたずけ,あ,け,0,high,ichi1|news2|nf26
とりつ,と,つ,0,high,ichi1|news1|nf07
ますく,ま,く,0,high,gai1|ichi1
えんじよう,え,う,0,high,news1|nf17
がいかく,が,く,0,high,news1|nf11
たいようけい,た,い,0,high,news1|nf24
だつりゆう,だ,う,0,high,news1|nf24
どうさつ,ど,つ,0,high,ichi1|news2|nf27
ふんかん,ふ,ん,0,high,spec1
みせかけ,み,け,0,high,ichi1
もうしでる,も,る,0,high,ichi1|news2|nf34
せいれい,せ,い,0,high,news1|nf06
ふたがる,ふ,る,0,high,ichi1
ちけい,ち,い,0,high,ichi1|news1|nf14
とりきめ,と,め,0,high,ichi1|news1|nf12
めだま,め,ま,0,high,ichi1|news1|nf06
でいてえる,で,る,0,high,gai1
ぎが,ぎ,が,0,high,gai1
おやすみ,お,み,0,high,ichi1
はつが,は,が,0,high,ichi1|news2|nf30
そうぎ,そ,ぎ,0,high,ichi1|news1|nf01|nf21
がいしよう,が,う,0,high,ichi1|news1|nf01|nf18
おおばあらん,お,ん,0,high,gai1
むきず,む,ず,0,high,news1|nf24
どうにん,ど,ん,0,high,news1|nf12
ひこうじよう,ひ,う,0,high,ichi1|news1|nf14
かあちえいす,か,す,0,high,gai1
しゆつちよう,し,う,0,high,ichi1|news1|nf07
ふおおる,ふ,る,0,high,gai1
ちよ,ち,よ,0,high,news1|nf07|nf11
しいくれつとさあびす,し,す,0,high,gai1
それ,そ,れ,0,high,ichi1
むこう,む,う,0,high,ichi1|news1|nf07|nf15
よおが,よ,が,0,high,gai1
において,に,て,0,high,spec1
ぶぞく,ぶ,く,0,high,news1|nf11
うちゆうかん,う,ん,0,high,news1|nf10
まぎれる,ま,る,0,high,ichi1|news2|nf38
きりあめ,き,め,0,high,ichi1|news2|nf46
どしどし,ど,し,0,high,ichi1
まにふえすと,ま,と,0,high,gai1
ほうちこく,ほ,く,0,high,news1|nf24
ほどなく,ほ,く,0,high,ichi1
かぞいろは,か,は,0,high,ichi1|news1|nf06
ぴあじえ,ぴ,え,0,high,gai1
こころずよい,こ,い,0,high,ichi1|news2|nf39
せいせん,せ,ん,0,high,news1|nf15|nf16
つまずく,つ,く,0,high,ichi1
ねがえり,ね,り,0,high,ichi1|news2|nf36
そおいう,そ,う,0,high,spec1
えいがかん,え,ん,0,high,ichi1|news1|nf09
こきゆう,こ,う,0,high,ichi1|news1|nf05
しやさつ,し,つ,0,high,news1|nf13
ばめん,ば,ん,0,high,ichi1|news1|nf03
おとずれ,お,れ,0,high,news1|nf16
ひつくい,ひ,い,0,high,ichi1|news1|nf14
かきこむ,か,む,0,high,news1|nf20
みすてりあす,み,す,0,high,gai1
そばむぎ,そ,ぎ,0,high,ichi1|news2|nf43
つかいかた,つ,た,0,high,news1|nf08
ちぎる,ち,る,0,high,ichi1
じゆうる,じ,る,0,high,gai1
ろうひ,ろ,ひ,0,high,ichi1|news1|nf22
よりあつまる,よ,る,0,high,ichi1
おもで,お,で,0,high,ichi1|news1|nf07
むてき,む,き,0,high,news2|nf32|spec1
えいこう,え,う,0,high,ichi1|news1|nf14
たいみんぐ,た,ぐ,0,high,gai1|ichi1
たいこく,た,く,0,high,ichi1|news1|nf02
しれいぶ,し,ぶ,0,high,news1|nf07
でしべる,で,る,0,high,gai1
こらむ,こ,む,0,high,gai1
まぼろし,ま,し,0,high,ichi1|news1|nf10
かきとる,か,る,0,high,ichi1
そくざに,そ,に,0,high,spec1
こごえる,こ,る,0,high,ichi1
げんしかく,げ,く,0,high,news1|nf23
ようつう,よ,う,0,high,news1|nf11
ゆうかしようけん,ゆ,ん,0,high,news1|nf07
じてん,じ,ん,0,high,ichi1|news1|nf03|nf10|nf12|nf23
ともなう,と,う,0,high,ichi1|news2|nf41
わしよく,わ,く,0,high,ichi1|news1|nf19
ひつきしけん,ひ,ん,0,high,ichi1
ばんそう,ば,う,0,high,news1|nf15
にくらしい,に,い,0,high,ichi1
しゆうじやく,し,く,0,high,ichi1|news1|nf22
さいけん,さ,ん,0,high,ichi1|news1|nf03|nf06
けんか,け,か,0,high,ichi1|news1|news2|nf17|nf23|nf37|spec1
きぼ,き,ぼ,0,high,ichi1|news1|nf01
もうまく,も,く,0,high,news1|nf20
によつて,に,て,0,high,spec1
とうろくしようひよう,と,う,0,high,spec1
せんて,せ,て,0,high,news1|nf12
ぴらふ,ぴ,ふ,0,high,gai1
もくよう,も,う,0,high,ichi1|news1|nf11
べねふいつと,べ,と,0,high,gai1
あんうん,あ,ん,0,high,news1|nf20
らすと,ら,と,0,high,gai1
ましろ,ま,ろ,0,high,ichi1|news1|nf15
ぜつこうちよう,ぜ,う,0,high,spec1
がんこ,が,こ,0,high,ichi1|news1|nf15
しようけん,し,ん,0,high,ichi1|news1|nf01
ひいりんぐ,ひ,ぐ,0,high,spec1
せいりゆう,せ,う,0,high,news1|nf22
ひつしや,ひ,や,0,high,ichi1|news1|nf11
かだい,か,い,0,high,ichi1|news1|nf01|nf13|nf24
なんねん,な,ん,0,high,spec1
いいえ,い,え,0,high,ichi1|news1|nf10
だつえ,だ,え,0,high,ichi1|news2|nf46
ようそう,よ,う,0,high,ichi1|news1|nf07
みやんまあ,み,あ,0,high,gai1
たびかず,た,ず,0,high,news1|nf22
ふそく,ふ,く,0,high,ichi1|news1|nf02
ていりよう,て,う,0,high,news1|nf22
ふおあ,ふ,あ,0,high,gai1
はつこい,は,い,0,high,ichi1|news2|nf27
しゆうきよう,し,う,0,high,ichi1|news1|nf02
ながさき,な,き,0,high,spec1
みみ,み,み,0,high,ichi1|news1|nf03
けん,け,ん,0,high,ichi1|news1|nf04|nf10|nf16|nf17
たたき,た,き,0,high,spec1
さくずけめんせき,さ,き,0,high,news1|nf23
きわめて,き,て,0,high,ichi1
かのう,か,う,0,high,ichi1|news1|nf01
にゆうしゆ,に,ゆ,0,high,ichi1|news1|nf12
ぐれえ,ぐ,え,0,high,gai1
りやくす,り,す,0,high,ichi1
もんぜんばらい,も,い,0,high,news1|nf23
ほころびる,ほ,る,0,high,ichi1
よごす,よ,す,0,high,ichi1|news2|nf40
しよどう,し,う,0,high,ichi1|news1|nf07
とうけつ,と,つ,0,high,ichi1|news1|nf05
しゆりよう,し,う,0,high,news1|nf15|nf24
げんしつ,げ,つ,0,high,news1|nf23
ずれ,ず,れ,0,high,spec1
ごくろおさま,ご,ま,0,high,ichi1|news2|nf30|spec1
さら,さ,ら,0,high,ichi1|news1|nf10
しゆつぴ,し,ぴ,0,high,news1|nf13
うい,う,い,0,high,ichi1|news1|nf01
こめぐら,こ,ら,0,high,news1|nf23
でつどひいと,で,と,0,high,gai1
げきへん,げ,ん,0,high,news1|nf12
えいこく,え,く,0,high,spec1
あららげる,あ,る,0,high,news1|nf23
めたりつく,め,く,0,high,gai1
ひるこ,ひ,こ,0,high,news1|nf19
きんだい,き,い,0,high,ichi1|news1|nf03
くろ,く,ろ,0,high,ichi1|news1|nf03
もちだし,も,し,0,high,news1|nf19
ぐんかん,ぐ,ん,0,high,ichi1|news1|nf19
かりすま,か,ま,0,high,gai1
おくびようもの,お,の,0,high,spec1
こたえ,こ,え,0,high,ichi1|news1|nf04
ふたご,ふ,ご,0,high,ichi1|news1|nf13
こうせいのう,こ,う,0,high,news1|nf14
もちかぶ,も,ぶ,0,high,news1|nf12
なのりでる,な,る,0,high,news1|nf21
まね,ま,ね,0,high,ichi1|news2|nf42
さゆう,さ,う,0,high,ichi1|news1|nf06
ぷろぽおず,ぷ,ず,0,high,gai1|ichi1
ばりええしよん,ば,ん,0,high,gai1
いけめん,い,ん,0,high,spec1
きよひ,き,ひ,0,high,ichi1|news1|nf03
さくねんらい,さ,い,0,high,news1|nf14
らめ,ら,め,0,high,gai1
けつゆうびよう,け,う,0,high,news1|nf13
へんせい,へ,い,0,high,ichi1|news1|nf02
つつく,つ,く,0,high,ichi1
ここち,こ,ち,0,high,ichi1|news1|nf14
とくしつ,と,つ,0,high,ichi1|news1|nf18|nf22
こうぞうぶつ,こ,つ,0,high,spec1
とりしらべ,と,べ,0,high,ichi1|news1|nf08
ぷらもでる,ぷ,る,0,high,gai1
おおとろつく,お,く,0,high,gai1
しいそおげえむ,し,む,0,high,gai1
ついり,つ,り,0,high,ichi1|news2|nf27
わあるどかつぷ,わ,ぷ,0,high,gai1
じようえい,じ,い,0,high,ichi1|news1|nf07
つかい,つ,い,0,high,ichi1|news1|nf09
らいぶはうす,ら,す,0,high,gai1
ひてつきんぞく,ひ,く,0,high,news1|nf22
ぱなま,ぱ,ま,0,high,gai1
そうあん,そ,ん,0,high,news1|nf07
りきりよう,り,う,0,high,news1|nf12
なさけぶかい,な,い,0,high,ichi1
すねえく,す,く,0,high,gai1
すからしつぷ,す,ぷ,0,high,gai1
かんがえかた,か,た,0,high,news1|nf02
にんい,に,い,0,high,ichi1|news1|nf08
いぶにんぐ,い,ぐ,0,high,gai1
ぶたにく,ぶ,く,0,high,ichi1|news1|nf17
ほうしよう,ほ,う,0,high,news1|nf05
べんしよう,べ,う,0,high,ichi1|news2|nf43
こおと,こ,と,0,high,gai1|ichi1
らいたあ,ら,あ,0,high,gai1|ichi1
とりいれる,と,る,0,high,ichi1
おせん,お,ん,0,high,ichi1|news1|nf03
すりりんぐ,す,ぐ,0,high,gai1
ふおおど,ふ,ど,0,high,gai1
あれんじ,あ,じ,0,high,gai1
ぱす,ぱ,す,0,high,gai1
すてえとめんと,す,と,0,high,gai1
いれぶん,い,ん,0,high,gai1
ふあつくす,ふ,す,0,high,ichi1
ちしゆ,ち,ゆ,0,high,ichi1|news2|nf37
ばらんす,ば,す,0,high,gai1|ichi1
もうもく,も,く,0,high,news1|nf23
ぷらいど,ぷ,ど,0,high,gai1|ichi1
せえふていいどらいぶ,せ,ぶ,0,high,gai1
えれくとろにくす,え,す,0,high,gai1
ようじんぼう,よ,う,0,high,news1|nf23
しせき,し,き,0,high,news1|nf19
すけえたあ,す,あ,0,high,gai1
いやくひん,い,ん,0,high,ichi1|news1|nf05
もちかえる,も,る,0,high,news1|nf19
とんぼ,と,ぼ,0,high,ichi1
おうせい,お,い,0,high,news2|nf41|spec1
こうぼう,こ,う,0,high,news1|nf06|nf15
かえつて,か,て,0,high,ichi1
かんげい,か,い,0,high,ichi1|news1|nf04
ふまえる,ふ,る,0,high,news1|nf05
のんど,の,ど,0,high,ichi1|news2|nf32
ざんねん,ざ,ん,0,high,ichi1|news1|nf03
さとう,さ,う,0,high,ichi1|news1|nf08
べつと,べ,と,0,high,news2|nf29|spec1
しゆうは,し,は,0,high,news1|nf20
めいしゆ,め,ゆ,0,high,news1|nf18|nf24
しんぐる,し,る,0,high,gai1|ichi1
びれつじ,び,じ,0,high,gai1
やちん,や,ん,0,high,ichi1|news1|nf07
よこて,よ,て,0,high,news1|nf18
ちゆうしん,ち,ん,0,high,ichi1|news1|nf01|nf16
あめふと,あ,と,0,high,gai1
なる,な,る,0,high,ichi1|news1|news2|nf07|nf34|nf41
わりこむ,わ,む,0,high,ichi1|news2|nf40
おぷしよん,お,ん,0,high,gai1
ろけ,ろ,け,0,high,gai1
しゆうさい,し,い,0,high,ichi1|news2|nf33
なかつぎ,な,ぎ,0,high,ichi1|news1|nf14
ほんとに,ほ,に,0,high,ichi1
よか,よ,か,0,high,ichi1|news1|nf10
こうみんとう,こ,う,0,high,news1|nf07
とりはからい,と,い,0,high,news1|nf21
たおる,た,る,0,high,gai1|ichi1
ちよつき,ち,き,0,high,gai1
なごり,な,り,0,high,ichi1|news1|nf15|nf19
けんこう,け,う,0,high,ichi1|news1|nf02
なまえ,な,え,0,high,ichi1|news1|nf02
せんこう,せ,う,0,high,ichi1|news1|nf03|nf05
しよもつ,し,つ,0,high,ichi1|news1|nf14
れじ,れ,じ,0,high,gai1
ふみ,ふ,み,0,high,news1|nf06
るうふ,る,ふ,0,high,gai1
ふりいだむ,ふ,む,0,high,gai1
うけおう,う,う,0,high,news1|nf17
いきかえる,い,る,0,high,ichi1|news2|nf42
うらやましい,う,い,0,high,ichi1
ありさま,あ,ま,0,high,ichi1|news1|nf23
あつたけえ,あ,え,0,high,ichi1|news1|nf21
ひらび,ひ,び,0,high,ichi1|news1|nf09
いやほん,い,ん,0,high,gai1
しやつかん,し,ん,0,high,news1|nf09
じんしや,じ,や,0,high,ichi1|news1|nf05
だきよう,だ,う,0,high,ichi1|news1|nf03
かねがない,か,い,0,high,spec1
かぞいろ,か,ろ,0,high,ichi1|news1|nf06
しんしようひん,し,ん,0,high,spec1
ふあんど,ふ,ど,0,high,gai1
ほぜん,ほ,ん,0,high,news1|nf03
かぎる,か,る,0,high,ichi1|news1|nf05
くちこみ,く,み,0,high,news1|nf20
ろうがん,ろ,ん,0,high,ichi1
ほんけん,ほ,ん,0,high,news1|nf07
ぐりる,ぐ,る,0,high,gai1
だいにんぐ,だ,ぐ,0,high,gai1
なさそう,な,う,0,high,spec1
くろあちあ,く,あ,0,high,gai1
たなあげ,た,げ,0,high,news1|nf14
そつか,そ,か,0,high,spec1
さぶい,さ,い,0,high,ichi1|news2|nf40
そいつ,そ,つ,0,high,ichi1
としん,と,ん,0,high,ichi1|news1|nf05
くつだらない,く,い,0,high,ichi1
ひようざん,ひ,ん,0,high,ichi1|news1|nf18
でんぽ,で,ぽ,0,high,ichi2|spec1
おぼれる,お,る,0,high,ichi1
げんりよう,げ,う,0,high,ichi1|news1|nf07|nf12
ここのつ,こ,つ,0,high,ichi1|news1|nf21
よろず,よ,ず,0,high,ichi1
ぴりおど,ぴ,ど,0,high,gai1|ichi1
どぶ,ど,ぶ,0,high,ichi1|spec1
さんしや,さ,や,0,high,news1|nf09
ばんにん,ば,ん,0,high,ichi1
ひなまつり,ひ,り,0,high,ichi2|spec1
きんねん,き,ん,0,high,news1|nf06
がんぼう,が,う,0,high,ichi1|news1|nf12
ひぼう,ひ,う,0,high,news2|nf38|spec1
はなむこ,は,こ,0,high,ichi1|news2|nf31
ひきこもり,ひ,り,0,high,spec1
せいべつ,せ,つ,0,high,ichi1|news1|nf09
めんぜい,め,い,0,high,ichi1|news1|nf16
えんぴつ,え,つ,0,high,ichi1|news1|nf12
ぜんぱい,ぜ,い,0,high,news1|nf11
せんもん,せ,ん,0,high,ichi1|news1|nf02
ばつくす,ば,す,0,high,gai1
おんなのこ,お,こ,0,high,ichi1|news1|nf06
ばするうむ,ば,む,0,high,gai1
しりいず,し,ず,0,high,gai1|ichi1
やずくり,や,り,0,high,spec1
しつこうゆうよ,し,よ,0,high,news1|nf09
ぶそう,ぶ,う,0,high,ichi1|news1|nf02
しようぐん,し,ん,0,high,ichi1|news1|nf06
くつう,く,う,0,high,ichi1|news1|nf11
きんゆうちよう,き,う,0,high,spec1
らいふわあく,ら,く,0,high,gai1
はうじんぐ,は,ぐ,0,high,gai1
ようが,よ,が,0,high,ichi1|news1|nf11
そさえてい,そ,い,0,high,gai1
じようようかんじ,じ,じ,0,high,ichi1
ふそうおう,ふ,う,0,high,ichi1|news2|nf43
ゆだや,ゆ,や,0,high,gai1
じようこく,じ,く,0,high,news1|nf10
れいえん,れ,ん,0,high,news1|nf19
なげこむ,な,む,0,high,news1|nf21
けるん,け,ん,0,high,gai1
おりあい,お,い,0,high,news1|nf18
にちじようせいかつ,に,つ,0,high,spec1
くびす,く,す,0,high,ichi1
かわぞい,か,い,0,high,news1|nf18
うらとおり,う,り,0,high,ichi1|news2|nf31
うつわもの,う,の,0,high,news1|nf23
ひあたり,ひ,り,0,high,ichi1|news2|nf25
しつらい,し,い,0,high,ichi1|news2|nf31
あろまてらぴい,あ,い,0,high,spec1
きやんでい,き,い,0,high,spec1
なにしろ,な,ろ,0,high,ichi1|news1|nf24
ちえあまん,ち,ん,0,high,gai1
とりのぞく,と,く,0,high,ichi1
よびみず,よ,ず,0,high,news1|nf23
えいじ,え,じ,0,high,news1|nf14
かんち,か,ち,0,high,news1|nf22|nf24
なんて,な,て,0,high,ichi1|news2|nf34|spec1
もおげえじ,も,じ,0,high,gai1
あだかも,あ,も,0,high,ichi1
ねすと,ね,と,0,high,gai1
どうじ,ど,じ,0,high,ichi1|news1|nf01
かるばどす,か,す,0,high,gai1
もだにずむ,も,む,0,high,gai1
じんるいがく,じ,く,0,high,news1|nf15
ちようてん,ち,ん,0,high,ichi1|news1|nf08
いんすう,い,う,0,high,news1|nf19
かでん,か,ん,0,high,news1|nf05
にわたつて,に,て,0,high,spec1
りよかつき,り,き,0,high,ichi1|news1|nf13
こんざつ,こ,つ,0,high,ichi1|news1|nf11
うけとりにん,う,ん,0,high,news1|nf24
ひらまく,ひ,く,0,high,news1|nf20
ぶんしよう,ぶ,う,0,high,ichi1|news1|nf05|nf07
ふくけん,ふ,ん,0,high,news1|nf09
みくらべる,み,る,0,high,ichi1|news2|nf45
じどうはんばいき,じ,き,0,high,news1|nf16
ふくり,ふ,り,0,high,news1|nf19
しつど,し,ど,0,high,ichi1|news1|nf15
すと,す,と,0,high,gai1|ichi1
かいてき,か,き,0,high,news1|nf09
いとこ,い,こ,0,high,ichi1|spec1
はぐくむ,は,む,0,high,ichi1
ゆういつ,ゆ,つ,0,high,ichi1|news1|nf03
しようかき,し,き,0,high,ichi1|news1|nf23
さける,さ,る,0,high,ichi1
しじん,し,ん,0,high,ichi1|news1|nf06
めつせえじ,め,じ,0,high,gai1|ichi1
しきてん,し,ん,0,high,news1|nf06
こんばん,こ,ん,0,high,ichi1|news2|nf29
れでいい,れ,い,0,high,gai1
ちりようほう,ち,う,0,high,spec1
いしや,い,や,0,high,ichi1|news1|nf06|nf11
があでん,が,ん,0,high,gai1
ぼくそう,ぼ,う,0,high,news1|nf24
じゆうあつ,じ,つ,0,high,news1|nf13
ちようふ,ち,ふ,0,high,spec1
あなたがた,あ,た,0,high,spec1
しゆぜいきよく,し,く,0,high,news1|nf17
はつてん,は,ん,0,high,ichi1|news1|nf02
はいざら,は,ら,0,high,ichi1|news1|nf21
もしもし,も,し,0,high,ichi1
きぬ,き,ぬ,0,high,ichi1|news1|nf12
せん,せ,ん,0,high,ichi1|news1|nf01|nf04|nf06|nf11|nf21
りよつか,り,か,0,high,news1|nf15
さげる,さ,る,0,high,ichi1|news1|nf07
ぼくさあ,ぼ,あ,0,high,gai1
わくぐみ,わ,み,0,high,news1|nf03
さあびすぎよう,さ,う,0,high,spec1
ふれあい,ふ,い,0,high,ichi1|news1|nf16
にわとり,に,り,0,high,ichi1|news1|nf14
のぞむ,の,む,0,high,ichi1|news1|news2|nf12|nf36
けいざいふうさ,け,さ,0,high,news1|nf18
てつきよ,て,よ,0,high,news1|nf07
へんぞう,へ,う,0,high,news1|nf18
なき,な,き,0,high,news1|nf21
ふおあまん,ふ,ん,0,high,gai1
ふろつく,ふ,く,0,high,gai1
さわ,さ,わ,0,high,news1|nf07
ゆびわ,ゆ,わ,0,high,ichi1|news1|nf14
あと,あ,と,0,high,ichi1|news1|nf01|nf03
ほよう,ほ,う,0,high,news1|nf14
いちやく,い,く,0,high,news1|nf12
につぽんじゆう,に,う,0,high,spec1
なんせんす,な,す,0,high,gai1
きつい,き,い,0,high,ichi1
ほうび,ほ,び,0,high,ichi1|news2|nf41
うえるかむ,う,む,0,high,gai1|spec1
ないじよう,な,う,0,high,news1|nf21
ぼうきやく,ぼ,く,0,high,ichi1|news2|nf43
だめ,だ,め,0,high,ichi1|news1|nf24
こうぶんしよ,こ,よ,0,high,news1|nf12
すりいさいず,す,ず,0,high,gai1
たたずむ,た,む,0,high,ichi1
こんしゆう,こ,う,0,high,ichi1|news1|nf05|nf06
ひじようしき,ひ,き,0,high,ichi1|news2|nf32
つみかさね,つ,ね,0,high,news1|nf14
てえぜ,て,ぜ,0,high,gai1
かくしや,か,や,0,high,ichi1|news2|nf33
きよねん,き,ん,0,high,ichi1|news1|nf10
ぜつみよう,ぜ,う,0,high,news1|nf15
いおん,い,ん,0,high,gai1
じゆんど,じ,ど,0,high,news1|nf24
やもめ,や,め,0,high,ichi1|news2|nf44
にかんして,に,て,0,high,spec1
みほん,み,ん,0,high,ichi1|news1|nf20
ほんもん,ほ,ん,0,high,ichi1|news1|nf08
しゆやく,し,く,0,high,ichi1|news1|nf05
いにしえ,い,え,0,high,news1|nf14
ばつくぼおん,ば,ん,0,high,gai1
ぼおるぺん,ぼ,ん,0,high,gai1|ichi1
ほそい,ほ,い,0,high,ichi1|news1|nf16
かるやか,か,か,0,high,news1|nf21
とおし,と,し,0,high,news1|nf14
おべんとう,お,う,0,high,spec1
べつそう,べ,う,0,high,ichi1|news1|nf08
おれんじいろ,お,ろ,0,high,spec1
いろ,い,ろ,0,high,ichi1|news1|nf02
すいしようかんきよう,す,う,0,high,spec1
できだか,で,か,0,high,news1|nf06
ほうらく,ほ,く,0,high,news1|nf21
せんにゆうかん,せ,ん,0,high,ichi1|news1|nf23
そして,そ,て,0,high,ichi1
ちようし,ち,し,0,high,ichi1|news1|nf05|nf20
きたあいるらんど,き,ど,0,high,news1|nf17
もうすつかり,も,り,0,high,spec1
とも,と,も,0,high,ichi1|news1|nf04|nf19|nf20|spec1
きようはく,き,く,0,high,ichi1|news1|nf09
から,か,ら,0,high,ichi1|news1|nf03|nf13|spec1
てんまんぐう,て,う,0,high,spec1
えいたんご,え,ご,0,high,spec1
じゆうたい,じ,い,0,high,ichi1|news1|nf09|nf12
そうざい,そ,い,0,high,news2|nf25|spec1
ひそむ,ひ,む,0,high,ichi1|news1|nf19
じほう,じ,う,0,high,ichi1|news2|nf27
ちかよせる,ち,る,0,high,ichi1
みいと,み,と,0,high,gai1
はだぎ,は,ぎ,0,high,ichi1|news2|nf33
ちかどう,ち,う,0,high,ichi1|news1|nf24
ちやあみんぐ,ち,ぐ,0,high,gai1
そふあ,そ,あ,0,high,gai1
しんがく,し,く,0,high,ichi1|news1|nf06|nf21
へき,へ,き,0,high,ichi1|news1|nf02|nf23
りてん,り,ん,0,high,news1|nf12
ようじ,よ,じ,0,high,ichi1|news1|news2|nf07|nf25
ざいせいとうゆうし,ざ,し,0,high,news1|nf14
なま,な,ま,0,high,ichi1
おつしやる,お,る,0,high,ichi1
しきんせき,し,き,0,high,news1|nf16
あわてる,あ,る,0,high,ichi1|news1|nf17
なまぐさい,な,い,0,high,ichi1|news2|nf39
ちようじかん,ち,ん,0,high,news1|nf08
じつしつてき,じ,き,0,high,news1|nf04
しゆじゆつ,し,つ,0,high,ichi1|news1|nf03
まわり,ま,り,0,high,ichi1|news1|nf05
なつき,な,き,0,high,ichi1|news1|nf13
だんそう,だ,う,0,high,news1|nf13
ついしん,つ,ん,0,high,ichi1
じはつ,じ,つ,0,high,news1|nf19
きかん,き,ん,0,high,ichi1|news1|news2|nf01|nf07|nf15|nf21|nf31
だんじよ,だ,よ,0,high,ichi1|news1|nf02
しえいちかてつ,し,つ,0,high,spec1
しよとく,し,く,0,high,ichi1|news1|nf02
くらいあんと,く,と,0,high,gai1
もだん,も,ん,0,high,gai1|ichi1
びがく,び,く,0,high,news1|nf18
えんまん,え,ん,0,high,ichi1|news1|nf16
せいとう,せ,う,0,high,ichi1|news1|nf01|nf06|nf18
だけ,だ,け,0,high,news1|nf18|spec1
りきがく,り,く,0,high,news1|nf20
しんぶん,し,ん,0,high,ichi1|news1|nf01
しようわ,し,わ,0,high,ichi1|news1|nf04
がりうむ,が,む,0,high,gai1
きらく,き,く,0,high,ichi1|news1|nf13
てんもん,て,ん,0,high,news1|nf15
ちほうこうむいん,ち,ん,0,high,news1|nf15
べびいふうど,べ,ど,0,high,spec1
まわし,ま,し,0,high,news1|nf12
ひんしつ,ひ,つ,0,high,ichi1|news1|nf07
あつこう,あ,う,0,high,ichi1
しんがた,し,た,0,high,news1|nf07
しよう,し,う,0,high,ichi1|news1|news2|nf02|nf03|nf04|nf06|nf07|nf09|nf11|nf14|nf16|nf36|nf37|spec1
かもく,か,く,0,high,ichi1|news1|nf09
きつずびじねす,き,す,0,high,gai1
はついく,は,く,0,high,ichi1|news1|nf23
よみもの,よ,の,0,high,news1|nf22
きいまん,き,ん,0,high,gai1
やく,や,く,0,high,ichi1|news1|news2|nf04|nf14|nf34
かんぶくろ,か,ろ,0,high,news1|nf17
ぶんげい,ぶ,い,0,high,ichi1|news1|nf06
ちゆうもん,ち,ん,0,high,ichi1|news1|nf04
としより,と,り,0,high,ichi1|news1|nf04
りつきやく,り,く,0,high,ichi1|news1|nf23
らいど,ら,ど,0,high,gai1
まんねんふで,ま,で,0,high,ichi1|news1|nf20
あしもと,あ,と,0,high,ichi1|news1|nf08
しんぽじうむ,し,む,0,high,gai1|ichi1
ないん,な,ん,0,high,gai1
たくしい,た,い,0,high,gai1|ichi1
ろおたりい,ろ,い,0,high,gai1
おんりい,お,い,0,high,gai1
しゆくじ,し,じ,0,high,news1|nf21
ふせいみやく,ふ,く,0,high,news1|nf21
くせえ,く,え,0,high,ichi1
はいゆう,は,う,0,high,ichi1|news1|nf03
ぶらんこ,ぶ,こ,0,high,ichi1|spec1
ほあん,ほ,ん,0,high,ichi1|news1|nf05
かつと,か,と,0,high,gai1|ichi1
しんきゆう,し,う,0,high,news1|news2|nf11|nf28|spec1
ぎやんぶる,ぎ,る,0,high,gai1
まぎらわしい,ま,い,0,high,ichi1|news2|nf44
こんげつ,こ,つ,0,high,ichi1|news1|nf01
けんびきよう,け,う,0,high,ichi1|news1|nf19
ごおる,ご,る,0,high,gai1|ichi1
ちゆうどく,ち,く,0,high,ichi1|news1|nf11
すやすや,す,や,0,high,ichi1
こくじよう,こ,う,0,high,news1|nf24
しゆにゆう,し,う,0,high,ichi1|news1|nf01
かいけいし,か,し,0,high,news2|nf38|spec1
くろう,く,う,0,high,ichi1|news1|nf06
いちだ,い,だ,0,high,news1|nf18
はええ,は,え,0,high,ichi1|news1|news2|nf16|nf31
れいあうと,れ,と,0,high,gai1
かいなか,か,か,0,high,spec1
ちよくご,ち,ご,0,high,ichi1|news1|nf02
そんがいほけん,そ,ん,0,high,news1|nf13
まいげつ,ま,つ,0,high,ichi1|news1|nf05
はくしよ,は,よ,0,high,ichi1|news1|nf04
おおでいしよん,お,ん,0,high,gai1
むうん,む,ん,0,high,gai1
あくていぶ,あ,ぶ,0,high,gai1
もくてきち,も,ち,0,high,ichi1|news1|nf16
ういすきい,う,い,0,high,gai1|ichi1
くろおずあつぷ,く,ぷ,0,high,gai1
しんど,し,ど,0,high,ichi1|news1|nf14
みじめ,み,め,0,high,ichi1|news2|nf35
あずけいれる,あ,る,0,high,news1|nf13
めんたるへるす,め,す,0,high,gai1
おおくち,お,ち,0,high,news1|nf06
くないちよう,く,う,0,high,news1|nf07
じようしき,じ,き,0,high,ichi1|news1|nf05
もおびるはうす,も,す,0,high,gai1
さんゆこく,さ,く,0,high,news1|nf13
いわい,い,い,0,high,ichi1|news1|nf08
せいいつぱい,せ,い,0,high,ichi1
きねしおろじい,き,い,0,high,gai1
れりいふ,れ,ふ,0,high,gai1
せんそう,せ,う,0,high,ichi1|news1|nf01
よのなか,よ,か,0,high,ichi1|news1|nf06
よじよう,よ,う,0,high,news1|nf17
いつたん,い,ん,0,high,ichi1|news1|nf11
つぎ,つ,ぎ,0,high,ichi1
たんなる,た,る,0,high,ichi1|news1|nf06
いれい,い,い,0,high,news1|nf04|nf10
じようきよう,じ,う,0,high,ichi1|news1|nf01|nf18
おうち,お,ち,0,high,news1|nf23|spec1
だん,だ,ん,0,high,ichi1|news1|nf07|nf13|nf17
はえ,は,え,0,high,ichi1|spec1
じゆんばん,じ,ん,0,high,ichi1|news1|nf11
とつぜん,と,ん,0,high,ichi1|news1|nf07
こうくうけん,こ,ん,0,high,ichi1
うちあける,う,る,0,high,ichi1|news2|nf42
しやかいふくし,し,し,0,high,news1|nf07
ぜんこくてき,ぜ,き,0,high,spec1
けしき,け,き,0,high,ichi1|news1|nf14
まがる,ま,る,0,high,ichi1|news2|nf28
らいす,ら,す,0,high,gai1
だんあつ,だ,つ,0,high,ichi1|news1|nf09
きんし,き,し,0,high,ichi1|news1|news2|nf02|nf38
とうひようじよ,と,よ,0,high,news1|nf09
まるつきり,ま,り,0,high,ichi1
ひきはなす,ひ,す,0,high,ichi1|news2|nf32
こおるど,こ,ど,0,high,gai1
るいせき,る,き,0,high,news1|nf10
せきどう,せ,う,0,high,ichi1|news1|nf18
ねんど,ね,ど,0,high,ichi1|news1|nf03|nf19
すえつこ,す,こ,0,high,ichi1|news2|nf25
むかい,む,い,0,high,ichi1|news1|nf08
でんそう,で,う,0,high,news1|nf19
きぎようか,き,か,0,high,news1|nf15
れいぞう,れ,う,0,high,ichi1|news2|nf30
じゆけん,じ,ん,0,high,ichi1|news1|nf02
かいつけ,か,け,0,high,news1|nf13
ちよくせつぜい,ち,い,0,high,news1|nf21
かんく,か,く,0,high,news1|nf15
まちあいしつ,ま,つ,0,high,ichi1
かごうぶつ,か,つ,0,high,news1|nf17
いちごん,い,ん,0,high,ichi1|news1|nf07
きかんげんてい,き,い,0,high,spec1
ひとよ,ひ,よ,0,high,news1|nf09
らんち,ら,ち,0,high,gai1|ichi1
きみがよ,き,よ,0,high,news1|nf11
あしばや,あ,や,0,high,news1|nf22
ぬすむ,ぬ,む,0,high,ichi1|news1|nf09
でじたる,で,る,0,high,gai1
ようにん,よ,ん,0,high,news1|nf06
たんねん,た,ん,0,high,news1|nf14
らく,ら,く,0,high,ichi1|news1|nf13
きようみ,き,み,0,high,ichi1|news1|nf04
しはいてき,し,き,0,high,news1|nf14
めりつと,め,と,0,high,gai1
めだる,め,る,0,high,gai1
どうせい,ど,い,0,high,ichi1|news1|news2|nf20|nf24|nf40
せんたくき,せ,き,0,high,ichi1|news1|nf13
しんじつ,し,つ,0,high,ichi1|news1|nf07
もうい,も,い,0,high,news1|nf21
じやんきい,じ,い,0,high,gai1
ぎちよう,ぎ,う,0,high,ichi1|news1|nf01
うめ,う,め,0,high,ichi1|news1|nf07
うんどうぶそく,う,く,0,high,spec1
すとれえと,す,と,0,high,gai1
ざいばつ,ざ,つ,0,high,ichi1|news1|nf11
しんりよく,し,く,0,high,news1|nf22
しんじる,し,る,0,high,ichi1|news2|nf38
ざれる,ざ,る,0,high,ichi1
いまにも,い,も,0,high,ichi1
きとう,き,う,0,high,news1|nf23
かわぎし,か,し,0,high,ichi1|news1|nf21
のり,の,り,0,high,ichi1|news1|news2|nf07|nf33|nf38
ぱどつく,ぱ,く,0,high,gai1
りつぱ,り,ぱ,0,high,ichi1|news1|nf06
おいこす,お,す,0,high,ichi1|news2|nf42
ぶらつく,ぶ,く,0,high,gai1
やすめる,や,る,0,high,ichi1
はずみ,は,み,0,high,news1|nf10
わかて,わ,て,0,high,news1|nf02
がつぺい,が,い,0,high,ichi1|news1|nf03
あるきまわる,あ,る,0,high,news1|nf16
まいご,ま,ご,0,high,ichi1|news2|nf30
てがき,て,き,0,high,news1|nf17
あつ,あ,つ,0,high,spec1
ごきようりよく,ご,く,0,high,spec1
ちよめい,ち,い,0,high,ichi1|news1|nf10
しつさく,し,く,0,high,news1|nf10
びんぼお,び,お,0,high,ichi1|news1|nf18
そんみん,そ,ん,0,high,news1|nf15
からい,か,い,0,high,ichi1|news1|news2|nf24|nf47
ああ,あ,あ,0,high,spec1
せすじ,せ,じ,0,high,news1|nf18
たまたま,た,ま,0,high,ichi1
ひいた,ひ,た,0,high,gai1
けんめい,け,い,0,high,ichi1|news1|nf05|nf14
とめどなく,と,く,0,high,ichi1
じめじめ,じ,め,0,high,ichi1
てなおし,て,し,0,high,news1|nf19
ちやいにいず,ち,ず,0,high,gai1
おとす,お,す,0,high,ichi1|news1|nf17
とれえにんぐ,と,ぐ,0,high,gai1|ichi1
けいようし,け,し,0,high,ichi1|news2|nf28
えすてていつく,え,く,0,high,gai1
はかた,は,た,0,high,spec1
よける,よ,る,0,high,ichi1
ろまんす,ろ,す,0,high,gai1
べにや,べ,や,0,high,gai1
しやあべつと,し,と,0,high,gai1
はんばあがあ,は,あ,0,high,gai1|ichi1
てきたい,て,い,0,high,ichi1|news1|nf14
すし,す,し,0,high,ichi1|news2|nf35
あらき,あ,き,0,high,news1|nf08
いいなり,い,り,0,high,ichi1|news2|nf25
さつき,さ,き,0,high,ichi1
れつとう,れ,う,0,high,ichi1|news1|nf06
ぷれみあむ,ぷ,む,0,high,gai1
しいて,し,て,0,high,ichi1
きんきより,き,り,0,high,ichi1|news1|nf22
ちよつきゆう,ち,う,0,high,news1|nf07
ほうろう,ほ,う,0,high,news1|nf20
ちゆうとう,ち,う,0,high,news1|nf02|nf20
じつぎようか,じ,か,0,high,news1|nf11
ないいぶ,な,ぶ,0,high,gai1
とんでもない,と,い,0,high,ichi1
きゆうきよく,き,く,0,high,ichi1|news1|nf12
かいりゆう,か,う,0,high,ichi1|news2|nf28
しわぶき,し,き,0,high,ichi1|news2|nf40
まえがみ,ま,み,0,high,news2|nf40|spec1
ぬる,ぬ,る,0,high,ichi1|news2|nf27
あとむ,あ,む,0,high,gai1
おんたい,お,い,0,high,ichi1|news2|nf25
やつき,や,き,0,high,news1|nf13
きようりつ,き,つ,0,high,news1|nf21
のつかあ,の,あ,0,high,gai1
げんしゆく,げ,く,0,high,news1|nf16
じよりゆう,じ,う,0,high,news1|nf11
まざりんぐ,ま,ぐ,0,high,gai1
おりえんてえりんぐ,お,ぐ,0,high,gai1
やりなおす,や,す,0,high,ichi1
せいしんか,せ,か,0,high,news1|nf20
りつたい,り,い,0,high,ichi1|news1|nf08
おおる,お,る,0,high,gai1
によう,に,う,0,high,news1|nf13
あせすめんと,あ,と,0,high,gai1
ありえない,あ,い,0,high,spec1
はいやく,は,く,0,high,news1|nf22
かけつこ,か,こ,0,high,spec1
すうぱあぼうる,す,る,0,high,gai1
といれつとぺえぱあ,と,あ,0,high,ichi1
まんにん,ま,ん,0,high,ichi1
きやすと,き,と,0,high,gai1
ほおむどらま,ほ,ま,0,high,gai1
なわ,な,わ,0,high,ichi1|news1|nf21
へんけん,へ,ん,0,high,ichi1|news1|nf10
じやんぷ,じ,ぷ,0,high,gai1|ichi1
かてい,か,い,0,high,ichi1|news1|news2|nf01|nf03|nf10|nf29
しようちよう,し,う,0,high,ichi1|news1|nf03|nf06
かえりざき,か,き,0,high,news1|nf20
せきしつ,せ,つ,0,high,news1|nf23
ふくさよう,ふ,う,0,high,ichi1|news1|nf06
あいろん,あ,ん,0,high,gai1|ichi1
たんちよう,た,う,0,high,ichi1|news1|nf15|nf22
ちようかく,ち,く,0,high,ichi1|news1|nf17
はなびたいかい,は,い,0,high,spec1
しらせる,し,る,0,high,ichi1
こうか,こ,か,0,high,ichi1|news1|news2|nf01|nf11|nf17|nf21|nf22|nf28
かんげん,か,ん,0,high,ichi1|news1|nf09
まちどうしい,ま,い,0,high,ichi1|news2|nf30
らふまにのふ,ら,ふ,0,high,gai1
わいわい,わ,い,0,high,ichi1
こうぎよ,こ,よ,0,high,news1|nf07
ちてき,ち,き,0,high,ichi1|news1|nf06
たぬき,た,き,0,high,news2|nf33|spec1
わら,わ,ら,0,high,ichi1
えんたあていんめんと,え,と,0,high,gai1
たきぎ,た,ぎ,0,high,news1|nf21
とろふいい,と,い,0,high,gai1
やくか,や,か,0,high,news1|nf19
ひがん,ひ,ん,0,high,ichi1|news1|nf11|nf24
つかる,つ,る,0,high,ichi2|news2|nf41|spec1
よそいき,よ,き,0,high,ichi1
みがき,み,き,0,high,news1|nf15
てじよう,て,う,0,high,ichi1|news1|nf22
あくせす,あ,す,0,high,gai1
とざす,と,す,0,high,news1|nf14
ごろ,ご,ろ,0,high,ichi1|spec1
いいかえる,い,る,0,high,ichi1|news2|nf30
かお,か,お,0,high,ichi1|news1|nf01
にゆうきん,に,ん,0,high,ichi1|news1|nf18
こめ,こ,め,0,high,ichi1
もちろん,も,ん,0,high,ichi1
ろおず,ろ,ず,0,high,gai1
やぎよう,や,う,0,high,news2|nf26|spec1
れつすん,れ,ん,0,high,gai1
よぎない,よ,い,0,high,news1|nf08
しぶんしよ,し,よ,0,high,news1|nf14
ぼれい,ぼ,い,0,high,spec1
ひあい,ひ,い,0,high,news1|nf21
じつざい,じ,い,0,high,ichi1|news1|nf22
しゆと,し,と,0,high,ichi1|news1|nf02
そろ,そ,ろ,0,high,gai1
そらす,そ,す,0,high,ichi1
まぐれ,ま,れ,0,high,ichi1|news2|nf34
にくわえて,に,て,0,high,spec1
ゆにほおむ,ゆ,む,0,high,gai1
へいたい,へ,い,0,high,ichi1|news1|nf14
じようきやく,じ,く,0,high,ichi1|news1|nf04
ぼうと,ぼ,と,0,high,news1|nf24
たにあい,た,い,0,high,news1|nf17
しゆんき,し,き,0,high,news1|nf17
うち,う,ち,0,high,ichi1|news1|nf08
さんらん,さ,ん,0,high,news1|nf12
ろうどうとう,ろ,う,0,high,news1|nf05
ものごと,も,と,0,high,ichi1|news1|nf13
きやぶれたあ,き,あ,0,high,gai1
そあん,そ,ん,0,high,news1|nf14
きしつ,き,つ,0,high,ichi1|news1|nf16
きようかん,き,ん,0,high,ichi1|news1|nf10|nf14
はかまいり,は,り,0,high,ichi1|news1|nf16
じよきん,じ,ん,0,high,spec1
ねんねん,ね,ん,0,high,ichi1|news1|nf06
だいいつせい,だ,い,0,high,news1|nf13
ごむ,ご,む,0,high,gai1|ichi1
こおどれすほん,こ,ん,0,high,gai1
けんかい,け,い,0,high,ichi1|news1|nf02
ますます,ま,す,0,high,ichi1
しきみ,し,み,0,high,ichi1|news2|nf33
かんりゆう,か,う,0,high,news1|nf19
かむ,か,む,0,high,gai1|ichi1|spec1
ふかんぜん,ふ,ん,0,high,ichi1|news1|nf21
えちご,え,ご,0,high,news1|nf17
こうてい,こ,い,0,high,ichi1|news1|nf05|nf10|nf11|nf13|nf17|nf21|nf22|nf24
とはいうものの,と,の,0,high,spec1
りゆう,り,う,0,high,ichi1|news1|nf01|nf04|nf10
ほする,ほ,る,0,high,news1|nf03
かんずめ,か,め,0,high,ichi1|news1|nf14
ぐち,ぐ,ち,0,high,ichi1|news1|nf24
てれぐらふ,て,ふ,0,high,gai1
しようほう,し,う,0,high,news1|nf06|nf15
しりんだあ,し,あ,0,high,gai1
どいつご,ど,ご,0,high,spec1
せつたい,せ,い,0,high,ichi1|news1|nf10
じようどしんしゆう,じ,う,0,high,news1|nf23
くつせつ,く,つ,0,high,ichi1|news2|nf33
べねちあんぐらす,べ,す,0,high,gai1
ぺん,ぺ,ん,0,high,gai1|ichi1
ばいしゆん,ば,ん,0,high,ichi1|news1|nf11
こえ,こ,え,0,high,ichi1|news1|nf01|nf17
にじゆうろくにち,に,ち,0,high,spec1
ふうしや,ふ,や,0,high,ichi1
かとりつく,か,く,0,high,gai1|ichi1
みもと,み,と,0,high,ichi1|news1|nf08
とんだ,と,だ,0,high,ichi1
きりる,き,る,0,high,gai1
はつぱ,は,ぱ,0,high,ichi1|news2|nf34
しやくち,し,ち,0,high,news1|nf11
してんちよう,し,う,0,high,news1|nf05
なび,な,び,0,high,gai1
かあふえりい,か,い,0,high,gai1
てろ,て,ろ,0,high,gai1
いあわせる,い,る,0,high,news1|nf22
しめし,し,し,0,high,news1|nf14
きよだく,き,く,0,high,news1|nf13
くうゆ,く,ゆ,0,high,news1|nf17
おめが,お,が,0,high,gai1
ぶんかいさん,ぶ,ん,0,high,news1|nf17
こつきよう,こ,う,0,high,ichi1|news1|nf02
なんどきでも,な,も,0,high,ichi1
えじぷと,え,と,0,high,gai1
くらし,く,し,0,high,ichi1|news1|nf04
げんじてん,げ,ん,0,high,news1|nf08
ばつさい,ば,い,0,high,news1|nf10
きようちよ,き,よ,0,high,news1|nf19
へいりよく,へ,く,0,high,news1|nf09
それから,そ,ら,0,high,ichi1
りこしゆぎ,り,ぎ,0,high,ichi1|news2|nf40
とんにく,と,く,0,high,ichi1|news1|nf17
じつせん,じ,ん,0,high,ichi1|news1|nf07|nf12
てじゆん,て,ん,0,high,ichi1|news1|nf09
よじ,よ,じ,0,high,spec1
じゆんねん,じ,ん,0,high,ichi1
わけではない,わ,い,0,high,spec1
けんきゆうけつか,け,か,0,high,spec1
いんさつ,い,つ,0,high,ichi1|news1|nf06
じんちゆう,じ,う,0,high,news1|nf20
ためらう,た,う,0,high,ichi1
あんこく,あ,く,0,high,news1|nf20
あんぽ,あ,ぽ,0,high,news1|nf01
しゆうかく,し,く,0,high,ichi1|news1|nf07
ぱろでいい,ぱ,い,0,high,gai1
あさいちばん,あ,ん,0,high,spec1
ふさ,ふ,さ,0,high,ichi1|news1|nf07
えんがわ,え,わ,0,high,ichi1|news2|nf32
きやらくたあ,き,あ,0,high,gai1
はばひろい,は,い,0,high,ichi1|news1|nf08
いりゆうじよん,い,ん,0,high,gai1
かあぼん,か,ん,0,high,gai1
たきだし,た,し,0,high,ichi1|news2|nf40|spec1
ずいいち,ず,ち,0,high,news1|nf21
ふせつ,ふ,つ,0,high,news1|nf20
かいい,か,い,0,high,ichi1
とつぱ,と,ぱ,0,high,ichi1|news1|nf06
よみあげる,よ,る,0,high,news1|nf24
ぎつしり,ぎ,り,0,high,ichi1
はちみつ,は,つ,0,high,ichi1
ようぎ,よ,ぎ,0,high,news1|nf02
あんせん,あ,ん,0,high,ichi1|news1|nf01
すたんだあど,す,ど,0,high,gai1
かすてら,か,ら,0,high,gai1
おいたち,お,ち,0,high,ichi1|news1|nf22
るうていん,る,ん,0,high,gai1
あらわれ,あ,れ,0,high,ichi1|news1|news2|nf08|nf41
ぽけつとさいず,ぽ,ず,0,high,gai1
はんげき,は,き,0,high,ichi1|news1|nf07
かがくぶつしつ,か,つ,0,high,spec1
ならす,な,す,0,high,ichi1|news2|nf35|nf37
あまのかわ,あ,わ,0,high,ichi1
しよういん,し,ん,0,high,news1|nf17
あわれ,あ,れ,0,high,ichi1|news2|nf34
すぷうん,す,ん,0,high,gai1|ichi1
にしがた,に,た,0,high,news1|nf18
こつくす,こ,す,0,high,gai1
ねぼう,ね,う,0,high,ichi1
ばつきん,ば,ん,0,high,ichi1|news1|nf05
おみこし,お,し,0,high,ichi1
ぶつきよう,ぶ,う,0,high,ichi1|news1|nf05
しんちやく,し,く,0,high,spec1
まめちしき,ま,き,0,high,spec1
あらい,あ,い,0,high,ichi1|news2|nf36|nf42
まつたん,ま,ん,0,high,ichi1|news1|nf12
しようすういけん,し,ん,0,high,news1|nf17
ちきゆうじよう,ち,う,0,high,news1|nf14
せいてき,せ,き,0,high,ichi1|news1|nf11|nf24
くすぐつたい,く,い,0,high,ichi1
きすう,き,う,0,high,ichi1|news2|nf37
なだかい,な,い,0,high,ichi1|news1|nf22
すうつけえす,す,す,0,high,gai1
はいしん,は,ん,0,high,news1|nf14|nf23
にせもん,に,ん,0,high,ichi1|news1|nf24
そうごこうりゆう,そ,う,0,high,spec1
じつきよう,じ,う,0,high,ichi1|news1|nf17
ろさんぜるす,ろ,す,0,high,gai1
きようばい,き,い,0,high,news1|nf13
まんがいつ,ま,つ,0,high,news1|nf22
ほうか,ほ,か,0,high,ichi1|news1|nf09|nf23
しゆうかん,し,ん,0,high,ichi1|news1|nf04|nf06|nf12
ごおるらいん,ご,ん,0,high,gai1
あきや,あ,や,0,high,news1|nf24
こくぼう,こ,う,0,high,ichi1|news1|nf02
こん,こ,ん,0,high,ichi1|news1|nf11
おふろ,お,ろ,0,high,spec1
せつがい,せ,い,0,high,news1|nf07
そうした,そ,た,0,high,spec1
ちぶさ,ち,さ,0,high,news1|nf19
さんでえ,さ,え,0,high,gai1
りくじようじえいたい,り,い,0,high,news1|nf09
えんど,え,ど,0,high,gai1
ふあんだめんたるず,ふ,ず,0,high,gai1
こせきとうほん,こ,ん,0,high,spec1
はながみ,は,み,0,high,ichi1
にんき,に,き,0,high,ichi1|news1|nf01|nf03
ひとしな,ひ,な,0,high,news1|nf20
ねかす,ね,す,0,high,ichi1|news2|nf47
びじゆつ,び,つ,0,high,ichi1|news1|nf02
なかなか,な,か,0,high,ichi1|spec1
しようじ,し,じ,0,high,ichi1|news1|news2|nf09|nf10|nf17|nf25
かき,か,き,0,high,ichi1|news1|news2|nf12|nf13|nf16|nf17|nf32|spec1
はじ,は,じ,0,high,ichi1|news1|nf05|nf12
ちゆうしよう,ち,う,0,high,ichi1|news1|nf07|nf15|nf19
ゆうかん,ゆ,ん,0,high,ichi1|news1|news2|nf08|nf27
ぱすかる,ぱ,る,0,high,gai1
さまがわり,さ,り,0,high,news1|nf12
まんつうまん,ま,ん,0,high,gai1
みのう,み,う,0,high,ichi1|news2|nf37
ぎやつきよう,ぎ,う,0,high,ichi1|news2|nf25
わりびく,わ,く,0,high,ichi1
だいべん,だ,ん,0,high,ichi1|news2|nf26
すべき,す,き,0,high,spec1
だつそう,だ,う,0,high,ichi1|news1|nf23
めるくまある,め,る,0,high,gai1
だいがくしんがく,だ,く,0,high,spec1
てあし,て,し,0,high,ichi1|news1|nf09
ふくちじ,ふ,じ,0,high,news1|nf08
がくいん,が,ん,0,high,news1|nf04
せおう,せ,う,0,high,ichi1|news2|nf37
ばつくぐらうんど,ば,ど,0,high,gai1
かんがい,か,い,0,high,ichi1|news1|news2|nf15|nf42
わかいころ,わ,ろ,0,high,spec1
もとくろす,も,す,0,high,gai1
みなと,み,と,0,high,ichi1|news1|nf04
じゆんさ,じ,さ,0,high,ichi1|news1|nf09
しやとる,し,る,0,high,gai1
からあこおでいねえたあ,か,あ,0,high,gai1
しよくりん,し,ん,0,high,news1|nf13
ぷりんせす,ぷ,す,0,high,gai1
まちあわせばしよ,ま,よ,0,high,spec1
ひしよ,ひ,よ,0,high,ichi1|news1|news2|nf02|nf27
うけとる,う,る,0,high,ichi1|news1|nf12
かつこええ,か,え,0,high,spec1
さぷらいず,さ,ず,0,high,spec1
かくだん,か,ん,0,high,news1|nf14
きよういくてき,き,き,0,high,news1|nf23
わがくに,わ,に,0,high,ichi1|news1|nf05|spec1
まや,ま,や,0,high,gai1
たいじゆう,た,う,0,high,ichi1|news1|nf05
かくてる,か,る,0,high,gai1
いちぞく,い,く,0,high,news1|nf11
ししん,し,ん,0,high,news1|nf06
ゆかた,ゆ,た,0,high,ichi1|news1|nf17
しよざい,し,い,0,high,news1|nf10
てつきん,て,ん,0,high,ichi1|news1|nf11
せいやく,せ,く,0,high,ichi1|news1|nf07|nf10|nf22|nf24
まつぷ,ま,ぷ,0,high,gai1
つぶやく,つ,く,0,high,ichi1
よりみち,よ,ち,0,high,ichi1|news2|nf47
みすまつち,み,ち,0,high,gai1
いつだつ,い,つ,0,high,news1|nf23
よふかし,よ,し,0,high,ichi1|news2|nf43
ごもん,ご,ん,0,high,news1|nf11
じゆけい,じ,い,0,high,news1|nf18
うん,う,ん,0,high,ichi1|news1|nf09|spec1
しようべん,し,ん,0,high,ichi1|news2|nf43
ぷらんなあ,ぷ,あ,0,high,gai1
こくばん,こ,ん,0,high,ichi1|news1|nf20
ぜいこみ,ぜ,み,0,high,news1|nf21
つよい,つ,い,0,high,ichi1|news1|nf18
とりつぷ,と,ぷ,0,high,gai1
ぴんぴん,ぴ,ん,0,high,ichi1
はかりしれない,は,い,0,high,news1|nf18
もつぱら,も,ら,0,high,ichi1|news2|nf27
こがた,こ,た,0,high,ichi1|news1|nf05
らんどまあく,ら,く,0,high,gai1
りす,り,す,0,high,gai1
こんてすと,こ,と,0,high,gai1|ichi1
こくえ,こ,え,0,high,news1|nf23
おおやしろ,お,ろ,0,high,news1|nf23
があぜ,が,ぜ,0,high,gai1
こうはん,こ,ん,0,high,ichi1|news1|nf02|nf03|nf09|nf17|nf24
はて,は,て,0,high,news1|nf15
ぎようせいしよぶん,ぎ,ん,0,high,news1|nf13
てつこく,て,く,0,high,news1|nf18
くれじつと,く,と,0,high,gai1
じゆんけつしよう,じ,う,0,high,news1|nf05
こころざし,こ,し,0,high,ichi1|news1|nf03
しやちゆう,し,う,0,high,news1|nf17
えきぞちつく,え,く,0,high,gai1
ざんりゆう,ざ,う,0,high,news1|nf05
しよねん,し,ん,0,high,news1|nf19
へいれつ,へ,つ,0,high,ichi1|news2|nf27
しゆうふく,し,く,0,high,news1|nf07
ふあらうえい,ふ,い,0,high,gai1
しよくはつ,し,つ,0,high,news1|nf18
ぜんかい,ぜ,い,0,high,ichi1|news1|nf02|nf08
へきめん,へ,ん,0,high,news1|nf17
あぶく,あ,く,0,high,ichi1|news1|nf13
いきがい,い,い,0,high,ichi1|news1|nf09|spec1
りよううで,り,で,0,high,news1|nf22
ふしようじ,ふ,じ,0,high,news1|nf04
すこあ,す,あ,0,high,gai1
ゆきわたる,ゆ,る,0,high,ichi1|news2|nf38
まりんば,ま,ば,0,high,gai1
とびおりる,と,る,0,high,ichi1|news2|nf28
とおたる,と,る,0,high,gai1
ちゆうし,ち,し,0,high,ichi1|news1|news2|nf03|nf33
なしよなる,な,る,0,high,gai1
さかな,さ,な,0,high,ichi1|ichi2|news1|nf03
だんいん,だ,ん,0,high,news1|nf12
とつこうたい,と,い,0,high,news1|nf18
しんしようしや,し,や,0,high,news1|nf14
きようせい,き,い,0,high,ichi1|news1|nf03|nf11|nf22
くいんてつと,く,と,0,high,gai1
ふつう,ふ,う,0,high,ichi1|news1|nf02|nf19
あとしまつ,あ,つ,0,high,ichi1|news1|nf20
かんし,か,し,0,high,ichi1|news1|nf02
ちゆうしようてき,ち,き,0,high,ichi1|news1|nf15
さししめす,さ,す,0,high,news1|nf16
せつく,せ,く,0,high,ichi1|news2|nf36
もどし,も,し,0,high,news1|nf11
ちよきん,ち,ん,0,high,ichi1|news1|nf04
ぎぎ,ぎ,ぎ,0,high,news1|nf21
ぜひぜひ,ぜ,ひ,0,high,spec1
がいけん,が,ん,0,high,ichi1|news1|nf15
たおれる,た,る,0,high,ichi1|news1|nf10
でたらめ,で,め,0,high,ichi1
かぜ,か,ぜ,0,high,ichi1|news1|nf09
やつら,や,ら,0,high,spec1
こんしん,こ,ん,0,high,news1|nf16
ふりこ,ふ,こ,0,high,news1|nf23
こうしや,こ,や,0,high,ichi1|news1|nf07|nf08|nf10|nf22
にぎりしめる,に,る,0,high,ichi1|news2|nf41
びんぎ,び,ぎ,0,high,ichi1|news1|nf11
あきない,あ,い,0,high,news1|nf16
なめる,な,る,0,high,ichi1
のるま,の,ま,0,high,spec1
ずし,ず,し,0,high,ichi1
すとつぷ,す,ぷ,0,high,gai1|ichi1
じつぞう,じ,う,0,high,news1|nf18
かいたく,か,く,0,high,ichi1|news1|nf11
ぐるり,ぐ,り,0,high,ichi1|news1|nf16
がいろじゆ,が,ゆ,0,high,news1|nf22
ていすと,て,と,0,high,spec1
はりきる,は,る,0,high,ichi1|news2|nf40
ろお,ろ,お,0,high,gai1
けんえき,け,き,0,high,news1|nf18|nf23
ごうかく,ご,く,0,high,ichi1|news1|nf05
こみゆにけえしよん,こ,ん,0,high,gai1|ichi1
きびしさ,き,さ,0,high,news1|nf08
ぎむ,ぎ,む,0,high,ichi1|news1|nf03
てつ,て,つ,0,high,ichi1|news1|nf04
ふあすとふうど,ふ,ど,0,high,gai1
かぞく,か,く,0,high,ichi1|news1|nf01
ういるす,う,す,0,high,gai1|ichi1
ぱらそる,ぱ,る,0,high,gai1
まつは,ま,は,0,high,gai1
じゆんじ,じ,じ,0,high,news1|nf08
きたぐに,き,に,0,high,news1|nf23
じこ,じ,こ,0,high,ichi1|news1|nf01|nf02
ゆうちよ,ゆ,よ,0,high,news1|nf09
あつつあつ,あ,つ,0,high,spec1
ねこ,ね,こ,0,high,ichi1|news1|nf07
むかあし,む,し,0,high,ichi1|news1|nf02
いいまわし,い,し,0,high,ichi1|news1|nf17
てがかり,て,り,0,high,ichi1|news1|nf12|spec1
しきよく,し,く,0,high,ichi1|news1|nf02
じみ,じ,み,0,high,ichi1|news1|nf09
さきおくり,さ,り,0,high,news1|nf06
ふれあう,ふ,う,0,high,ichi1|news2|nf43
はんせい,は,い,0,high,ichi1|news1|nf04|nf16
どよめく,ど,く,0,high,ichi1
よめ,よ,め,0,high,ichi1|news1|nf09
こうせいせき,こ,き,0,high,news1|nf17
たいしゆう,た,う,0,high,ichi1|news1|nf05
せんぱん,せ,ん,0,high,news1|nf16
ひより,ひ,り,0,high,ichi1|news2|nf30
たいまあ,た,あ,0,high,gai1
しようへい,し,い,0,high,news1|nf18
だいだいてき,だ,き,0,high,news1|nf16
ふらすとれえしよん,ふ,ん,0,high,gai1
きざ,き,ざ,0,high,ichi1
あつぷ,あ,ぷ,0,high,gai1|ichi1
したがえる,し,る,0,high,ichi1
かせき,か,き,0,high,ichi1|news1|nf08
はつびよう,は,う,0,high,ichi1|news1|nf15
げんそく,げ,く,0,high,ichi1|news1|nf01|nf07
てだて,て,て,0,high,news1|nf21
かいちゆう,か,う,0,high,news1|nf13
じんざい,じ,い,0,high,ichi1|news1|nf04
しきり,し,り,0,high,news1|nf16
はたす,は,す,0,high,ichi1|news2|nf29
ひんぷ,ひ,ぷ,0,high,ichi1|news1|nf14
だんじて,だ,て,0,high,ichi1|news1|nf22
おかえり,お,り,0,high,ichi1
でにいる,で,る,0,high,gai1
きゆうきよ,き,よ,0,high,ichi1|news1|nf07
ちる,ち,る,0,high,ichi1|news2|nf27
ぐあい,ぐ,い,0,high,ichi1|news1|nf07
ぱいなつぷる,ぱ,る,0,high,gai1|ichi1
しかけ,し,け,0,high,news1|nf08
きつね,き,ね,0,high,ichi1|news1|nf23
おうちよう,お,う,0,high,news1|nf14
おんす,お,す,0,high,gai1
なつとく,な,く,0,high,ichi1|news1|nf09
めしゆうど,め,ど,0,high,news1|nf20
おうぼう,お,う,0,high,news1|nf22
ばぐだつど,ば,ど,0,high,gai1
てんのう,て,う,0,high,ichi1|news1|nf02
おぼえ,お,え,0,high,ichi1|news1|nf16
あいどる,あ,る,0,high,gai1|ichi1
えんじん,え,ん,0,high,gai1|ichi1
しやく,し,く,0,high,news1|nf24
くりすますつりい,く,い,0,high,gai1
がそりんすたんど,が,ど,0,high,gai1|ichi1
つかむ,つ,む,0,high,ichi1
よふけ,よ,け,0,high,ichi1
しねま,し,ま,0,high,gai1
それん,そ,ん,0,high,spec1
きようけん,き,ん,0,high,news1|nf14
ほうきよう,ほ,う,0,high,spec1
けんせつ,け,つ,0,high,ichi1|news1|nf01
いどこ,い,こ,0,high,ichi1|news2|nf47
こもる,こ,る,0,high,ichi1
たわむれる,た,る,0,high,ichi1
だつきやく,だ,く,0,high,news1|nf14
もてる,も,る,0,high,ichi1
しかたない,し,い,0,high,spec1
さんどう,さ,う,0,high,news1|nf15|nf18|nf20
びようしや,び,や,0,high,ichi1|news1|nf13
ぎえんきん,ぎ,ん,0,high,news1|nf21
ぶんき,ぶ,き,0,high,ichi1|news2|nf39
ふくざつ,ふ,つ,0,high,ichi1|news1|nf03
ゆうざあ,ゆ,あ,0,high,gai1
ゆうあい,ゆ,い,0,high,news1|nf13
ちゆうりゆう,ち,う,0,high,ichi1|news1|nf07|nf17
しほんきん,し,ん,0,high,news1|nf12
いろどる,い,る,0,high,news1|nf21
こにちわ,こ,わ,0,high,ichi1
でたんと,で,と,0,high,gai1
たいおう,た,う,0,high,ichi1|news1|nf01
かいもん,か,ん,0,high,ichi1|news1|nf06
もぎ,も,ぎ,0,high,news1|nf16
きようわとう,き,う,0,high,news1|nf05
せいぞう,せ,う,0,high,ichi1|news1|nf02
おんなじ,お,じ,0,high,ichi1|news2|nf33
わご,わ,ご,0,high,ichi1
こうくうき,こ,き,0,high,ichi1|news1|nf03
いめえじ,い,じ,0,high,gai1|ichi1
ぼくじよう,ぼ,う,0,high,ichi1|news1|nf11
なんど,な,ど,0,high,ichi1|news1|nf03
めつきり,め,り,0,high,ichi1
ぼおかりすと,ぼ,と,0,high,gai1
ぺしみすていつく,ぺ,く,0,high,gai1
それに,そ,に,0,high,ichi1
みなみひがし,み,し,0,high,ichi1|news1|nf09
せいたん,せ,ん,0,high,ichi1|news1|nf13
ねえむ,ね,む,0,high,gai1|ichi1
おおかめ,お,め,0,high,news1|nf19
どなりこむ,ど,む,0,high,news1|nf23
かそく,か,く,0,high,ichi1|news1|nf09
おぺれえたあ,お,あ,0,high,gai1
けいか,け,か,0,high,ichi1|news1|nf05
ぼんねつと,ぼ,と,0,high,gai1
がつち,が,ち,0,high,news1|nf12
がくしき,が,き,0,high,news1|nf12
さしだす,さ,す,0,high,ichi1|news2|nf34
かんねん,か,ん,0,high,ichi1|news1|nf17
びいと,び,と,0,high,gai1
ようけん,よ,ん,0,high,ichi1|news1|news2|nf09|nf31
へんじ,へ,じ,0,high,ichi1|news1|nf08
えれべえたあ,え,あ,0,high,gai1|ichi1
めいさく,め,く,0,high,ichi1|news1|nf10
きしよう,き,う,0,high,ichi1|news1|news2|nf06|nf16|nf24|nf28
こていしさん,こ,ん,0,high,news1|nf12
きにいり,き,り,0,high,news1|nf23
わんりよく,わ,く,0,high,ichi1|news2|nf25
もうしこみ,も,み,0,high,ichi1|news1|nf04
じすい,じ,い,0,high,ichi1|news2|nf35
たようせい,た,い,0,high,spec1
べんろん,べ,ん,0,high,ichi1|news1|nf15
もつこう,も,う,0,high,news1|nf22
しんせつ,し,つ,0,high,ichi1|news1|nf06|nf15
わあすと,わ,と,0,high,gai1
にほんしき,に,き,0,high,news1|nf23
どうすう,ど,う,0,high,news1|nf14
ひやくはちじゆうど,ひ,ど,0,high,news1|nf10
それでは,そ,は,0,high,ichi1
あいしよう,あ,う,0,high,news1|nf10|nf15
いんたあん,い,ん,0,high,gai1
こうあんいいんかい,こ,い,0,high,news1|nf15
ひととせ,ひ,せ,0,high,spec1
こまか,こ,か,0,high,news1|nf13
もちいふ,も,ふ,0,high,gai1
あにまる,あ,る,0,high,gai1
あかでみつく,あ,く,0,high,gai1
いんばあたあ,い,あ,0,high,gai1
きんよくてき,き,き,0,high,ichi1
ぞうけい,ぞ,い,0,high,news1|nf10
るんげ,る,げ,0,high,gai1
おつり,お,り,0,high,ichi1
すたつふ,す,ふ,0,high,gai1|ichi1
あみのさん,あ,ん,0,high,spec1
たいさく,た,く,0,high,ichi1|news1|nf01|nf10
にゆうろ,に,ろ,0,high,gai1
ではないか,で,か,0,high,spec1
かろらいな,か,な,0,high,gai1
けんぜん,け,ん,0,high,ichi1|news1|nf06
てんじ,て,じ,0,high,ichi1|news1|nf05|nf10
ひかく,ひ,く,0,high,ichi1|news1|nf05|nf19
えらぶ,え,ぶ,0,high,ichi1|news1|nf02
きびん,き,ん,0,high,ichi1|news1|nf24
えぽつく,え,く,0,high,gai1
さんのぜ,さ,ぜ,0,high,gai1
おうしゆう,お,う,0,high,news1|nf01|nf16|nf18
あか,あ,か,0,high,ichi1|news1|nf06|spec1
ちよこ,ち,こ,0,high,gai1
がくれき,が,き,0,high,ichi1|news1|nf09
がいど,が,ど,0,high,gai1|ichi1
おおぐち,お,ち,0,high,news1|nf06
てくてく,て,く,0,high,ichi1
てぬぐい,て,い,0,high,ichi1|news2|nf34|spec1
そつこお,そ,お,0,high,news1|nf16
なおざり,な,り,0,high,ichi1
すいへい,す,い,0,high,ichi1|news1|nf15
しろうと,し,と,0,high,ichi1|news1|nf09
きずみ,き,み,0,high,news1|nf24
さいぜん,さ,ん,0,high,news1|nf11
かみぶくろ,か,ろ,0,high,news1|nf17
れんとげん,れ,ん,0,high,gai1|ichi1
かしようひようか,か,か,0,high,news2|nf31|spec1
れびゆう,れ,う,0,high,gai1
はいじよ,は,よ,0,high,ichi1|news1|nf07
さあもん,さ,ん,0,high,gai1
ちえつく,ち,く,0,high,gai1
ばいりんがる,ば,る,0,high,gai1
まわりみち,ま,ち,0,high,ichi1|news2|nf35
ほろびる,ほ,る,0,high,ichi1|news2|nf32
いちよく,い,く,0,high,news1|nf19
つな,つ,な,0,high,gai1|ichi1|news1|nf11
せいじはん,せ,ん,0,high,news1|nf11
ごしつく,ご,く,0,high,gai1
ぱらだいす,ぱ,す,0,high,gai1
こくたい,こ,い,0,high,news1|nf03|nf09
どうみやくこうか,ど,か,0,high,news1|nf20
ちやくもく,ち,く,0,high,news1|nf12
おぞん,お,ん,0,high,gai1
しざい,し,い,0,high,news1|nf09
なまり,な,り,0,high,ichi1|news1|nf13
とせい,と,い,0,high,news1|nf13
じみち,じ,ち,0,high,news1|nf11
ねむり,ね,り,0,high,ichi1|news1|nf16
ひまつぶし,ひ,し,0,high,ichi1|spec1
ぶにん,ぶ,ん,0,high,ichi1|news1|nf02|nf10
つみ,つ,み,0,high,ichi1|news1|nf05
えつと,え,と,0,high,spec1
こそ,こ,そ,0,high,spec1
べれえ,べ,え,0,high,gai1
かしよう,か,う,0,high,news1|nf07|nf16
みかた,み,た,0,high,ichi1|news1|nf01|nf09
きろわつと,き,と,0,high,gai1
おおだな,お,な,0,high,news1|nf18
うろつく,う,く,0,high,ichi1
おせちりようり,お,り,0,high,ichi1|spec1
さいだい,さ,い,0,high,ichi1|news1|nf01
きようわ,き,わ,0,high,news1|nf03|nf11
すべて,す,て,0,high,ichi1
がんにち,が,ち,0,high,ichi1|news1|nf08
つき,つ,き,0,high,ichi1|news1|nf07|nf13
びんかん,び,ん,0,high,ichi1|news1|nf08
ゆうやけ,ゆ,け,0,high,ichi1|news2|nf29
あだると,あ,と,0,high,gai1
みつやく,み,く,0,high,news1|nf21
しひよう,し,う,0,high,news1|nf05
れき,れ,き,0,high,ichi1|news1|nf13|spec1
くりすますかあど,く,ど,0,high,gai1
だいじよぶ,だ,ぶ,0,high,ichi1|news1|nf06
きやんばす,き,す,0,high,gai1
めちやめちや,め,や,0,high,ichi1
ようしやなく,よ,く,0,high,spec1
くもゆき,く,き,0,high,news1|nf21
わだ,わ,だ,0,high,ichi1|news1|nf02
ふか,ふ,か,0,high,ichi1|news1|nf12|nf18|nf21
みかく,み,く,0,high,ichi1|news1|nf16
もうだ,も,だ,0,high,news1|nf24
ちゆうだん,ち,ん,0,high,ichi1|news1|nf11
しやしよう,し,う,0,high,ichi1|news1|nf17
えくあどる,え,る,0,high,gai1
しやかいがく,し,く,0,high,news1|nf11
おるぐ,お,ぐ,0,high,gai1
しこう,し,う,0,high,ichi1|news1|news2|nf04|nf06|nf08|nf14|nf21|nf38|spec1
たべあるき,た,き,0,high,news2|nf45|spec1
ほしぞら,ほ,ら,0,high,news1|nf22
しつぱいだん,し,ん,0,high,spec1
おんりよう,お,う,0,high,news2|nf26|spec1
ていり,て,り,0,high,news1|nf16
ぎむずけ,ぎ,け,0,high,news1|nf24
にしき,に,き,0,high,news1|nf04
あとまわし,あ,し,0,high,ichi1|news1|nf22
こまる,こ,る,0,high,ichi1|news2|nf30
さらうんど,さ,ど,0,high,gai1
じようせつ,じ,つ,0,high,news1|nf11
うきうき,う,き,0,high,ichi1
ぜんめん,ぜ,ん,0,high,news1|nf02|nf06
やしん,や,ん,0,high,ichi1|news1|nf14
しまつ,し,つ,0,high,ichi1|news1|nf15
りんぐ,り,ぐ,0,high,gai1
すえひろ,す,ろ,0,high,news1|nf22
ごぶ,ご,ぶ,0,high,ichi1|news1|nf07
かんふる,か,る,0,high,gai1
けんもん,け,ん,0,high,ichi1|news1|news2|nf11|nf28
ひとたち,ひ,ち,0,high,spec1
にばん,に,ん,0,high,news1|nf10
ゆうどく,ゆ,く,0,high,ichi1|news1|nf20
くく,く,く,0,high,news1|nf10
きんだいてき,き,き,0,high,news1|nf18
はつちやく,は,く,0,high,ichi1|news1|nf12
ねんかん,ね,ん,0,high,ichi1|news1|nf01|nf24
げんがく,げ,く,0,high,news1|nf10|nf15
ぶりいじんぐ,ぶ,ぐ,0,high,gai1
ひきあげる,ひ,る,0,high,ichi1|news1|nf15
しりんじ,し,じ,0,high,gai1
くうぼ,く,ぼ,0,high,news1|nf12
があるふれんど,が,ど,0,high,ichi1
いたむ,い,む,0,high,ichi1|news2|nf41|nf43|nf44
りすく,り,く,0,high,gai1
かいかく,か,く,0,high,ichi1|news1|nf01
どせい,ど,い,0,high,news2|nf33|spec1
げいん,げ,ん,0,high,gai1
こうせん,こ,ん,0,high,ichi1|news1|nf05|nf14|nf16|nf17
だせん,だ,ん,0,high,news1|nf03
がつつぽおず,が,ず,0,high,gai1
けんけい,け,い,0,high,news1|nf02
くらす,く,す,0,high,gai1|ichi1|news2|nf39
かろがろ,か,ろ,0,high,news1|nf21
むりよく,む,く,0,high,ichi1|news1|nf20
とうめん,と,ん,0,high,news1|nf02
さんちゆうる,さ,る,0,high,gai1
せんご,せ,ご,0,high,ichi1|news1|nf01
あいだじゆう,あ,う,0,high,news1|nf19
ぐるうぷほおむ,ぐ,む,0,high,spec1
じまく,じ,く,0,high,news1|nf16
いちりゆう,い,う,0,high,ichi1|news1|nf07
りすと,り,と,0,high,gai1|ichi1
しつぱい,し,い,0,high,ichi1|news1|nf04
あらぶ,あ,ぶ,0,high,gai1
じようしよ,じ,よ,0,high,ichi1|news1|nf14
もでるがん,も,ん,0,high,gai1
ごく,ご,く,0,high,ichi1|news1|nf14
きまえ,き,え,0,high,ichi1|news2|nf36
さいさん,さ,ん,0,high,ichi1|news1|nf07|nf08
まえばらい,ま,い,0,high,ichi1|news1|nf23
いちもん,い,ん,0,high,news1|nf18|nf19|nf21
つぎこむ,つ,む,0,high,news1|nf19
おかず,お,ず,0,high,ichi2|spec1
こつくぴつと,こ,と,0,high,gai1
ちよくぞく,ち,く,0,high,news1|nf17
まんがか,ま,か,0,high,news1|nf10
おおずめ,お,め,0,high,news1|nf07
しゆうちやくえき,し,き,0,high,ichi1|news2|nf32
しゆひつ,し,つ,0,high,news1|nf22
そつぎようしき,そ,き,0,high,spec1
ひとごと,ひ,と,0,high,spec1
しやふと,し,と,0,high,gai1
ずいいん,ず,ん,0,high,news1|nf20
じき,じ,き,0,high,ichi1|news1|nf01|nf03|nf04|nf07|nf12|nf23
でるた,で,た,0,high,gai1
だんすほおる,だ,る,0,high,gai1
およぶ,お,ぶ,0,high,ichi1|news1|nf09
こいしい,こ,い,0,high,ichi1|news2|nf36
せんく,せ,く,0,high,news1|nf14
きようさんしゆぎ,き,ぎ,0,high,ichi1|news1|nf07
ゆうれか,ゆ,か,0,high,gai1
げつしや,げ,や,0,high,ichi1|news2|nf32
へんぼう,へ,う,0,high,ichi1|news2|nf29
あんに,あ,に,0,high,news1|nf13
しゆん,し,ん,0,high,spec1
けいそう,け,う,0,high,news1|nf18
ぽんぷ,ぽ,ぷ,0,high,gai1
いげ,い,げ,0,high,ichi1|news1|nf04
じやぐち,じ,ち,0,high,ichi1|news1|nf24
こどもたち,こ,ち,0,high,spec1
かきごおり,か,り,0,high,spec1
りめいく,り,く,0,high,gai1
こくにん,こ,ん,0,high,news1|nf09
かざかみ,か,み,0,high,ichi1|news2|nf29
しもはんき,し,き,0,high,news1|nf19
へいそく,へ,く,0,high,news2|nf27|spec1
みいていんぐ,み,ぐ,0,high,gai1|ichi1
こうすい,こ,い,0,high,ichi1|news1|news2|nf16|nf34
どのくらい,ど,い,0,high,ichi1|spec1
そうごうてき,そ,き,0,high,news1|nf07
こんぱにおん,こ,ん,0,high,gai1
ぎふと,ぎ,と,0,high,gai1
それでいて,そ,て,0,high,spec1
たぶ,た,ぶ,0,high,spec1
じやない,じ,い,0,high,spec1
くろい,く,い,0,high,ichi1|news1|nf18
きゆうぎ,き,ぎ,0,high,news1|nf20
つきあたり,つ,り,0,high,ichi1
だけつ,だ,つ,0,high,ichi1|news1|nf11
はうす,は,す,0,high,gai1|ichi1
ちゆうおう,ち,う,0,high,ichi1|news1|nf01|nf18
ひく,ひ,く,0,high,ichi1
しやつ,し,つ,0,high,gai1|ichi1
ぼると,ぼ,と,0,high,spec1
ぴり,ぴ,り,0,high,gai1
なさい,な,い,0,high,spec1
くろいろ,く,ろ,0,high,news1|nf23
せかす,せ,す,0,high,ichi1
じかく,じ,く,0,high,ichi1|news1|nf09
わふく,わ,く,0,high,ichi1|news1|nf18
かさねあわせ,か,せ,0,high,news1|nf18
ものすんごい,も,い,0,high,ichi1
ふしめ,ふ,め,0,high,news1|nf09
ひくめる,ひ,る,0,high,news1|nf07
ぶうめらん,ぶ,ん,0,high,gai1
つかいわけ,つ,け,0,high,news1|nf23
うらがえし,う,し,0,high,ichi1|news1|nf19
にがわらい,に,い,0,high,ichi1|news2|nf34
あかまつ,あ,つ,0,high,news1|nf08
こういしよう,こ,う,0,high,news1|nf08
かたわら,か,ら,0,high,news1|nf14
てつする,て,る,0,high,ichi1|news1|nf16
うなぎ,う,ぎ,0,high,ichi1
いやがる,い,る,0,high,ichi1|news2|nf42
くりだしばしご,く,ご,0,high,news1|nf24
とうにん,と,ん,0,high,ichi1|news1|nf20
ちらばる,ち,る,0,high,ichi1|news2|nf43
でれげえしよん,で,ん,0,high,gai1
もつとも,も,も,0,high,ichi1|news1|nf01
すとろお,す,お,0,high,gai1
でんとうぶんか,で,か,0,high,spec1
ところが,と,が,0,high,ichi1
ほこうしやてんごく,ほ,く,0,high,ichi1
ばあ,ば,あ,0,high,gai1
ふもう,ふ,う,0,high,ichi1|news2|nf26
まずしい,ま,い,0,high,ichi1|news1|nf18
そうぜん,そ,ん,0,high,news1|nf16
ゆたか,ゆ,か,0,high,ichi1|news1|nf02
しばしば,し,ば,0,high,ichi1
めもりい,め,い,0,high,gai1
りじ,り,じ,0,high,ichi1|news1|nf01
ふひよう,ふ,う,0,high,news1|nf22
はいほん,は,ん,0,high,news1|nf22
ぞうご,ぞ,ご,0,high,news1|nf22
ないといけません,な,ん,0,high,spec1
いでんし,い,し,0,high,news1|nf04
ねた,ね,た,0,high,spec1
くまなく,く,く,0,high,ichi1
せいじん,せ,ん,0,high,ichi1|news1|nf07
ちり,ち,り,0,high,gai1|ichi1|news1|nf10
そうだい,そ,い,0,high,news1|nf12
せいぶん,せ,ん,0,high,ichi1|news1|nf07
すのお,す,お,0,high,gai1
など,な,ど,0,high,spec1
みんい,み,い,0,high,news1|nf10
はれつ,は,つ,0,high,ichi1|news1|nf18
ぽしびりてい,ぽ,い,0,high,gai1
そなた,そ,た,0,high,gai1
しゆうさん,し,ん,0,high,news1|nf22
けいじどうしや,け,や,0,high,news1|nf13
ぱんぷす,ぱ,す,0,high,gai1
きめだま,き,ま,0,high,news1|nf23
らんど,ら,ど,0,high,gai1
こるく,こ,く,0,high,gai1
すうこ,す,こ,0,high,news1|nf23
おうじよう,お,う,0,high,ichi1|news2|nf42
もくひよう,も,う,0,high,ichi1|news1|nf01
しようきよ,し,よ,0,high,news2|nf30|spec1
もがく,も,く,0,high,ichi1
しゆつこう,し,う,0,high,news1|nf10|nf22
べんちやあ,べ,あ,0,high,gai1
へりこぷたあ,へ,あ,0,high,gai1|ichi1
ちえんじ,ち,じ,0,high,gai1|ichi1
せぞん,せ,ん,0,high,gai1
はれ,は,れ,0,high,ichi1|news1|nf15
げつけい,げ,い,0,high,news1|nf20
かねんぶつ,か,つ,0,high,ichi1|news2|nf45
めいはく,め,く,0,high,ichi1|news1|nf10
ちゆうおうしゆうけん,ち,ん,0,high,news1|nf14
さふあいあ,さ,あ,0,high,gai1
しやかいきよういく,し,く,0,high,news1|nf19
しよかん,し,ん,0,high,news1|nf06|nf12
いこおる,い,る,0,high,gai1
しない,し,い,0,high,ichi1|news1|nf01
わかもの,わ,の,0,high,ichi1|news1|nf02
ちよつこう,ち,う,0,high,news1|nf19
きずあと,き,と,0,high,news1|nf14
おちあう,お,う,0,high,ichi1
しないのではないか,し,か,0,high,spec1
けしよう,け,う,0,high,ichi1|news1|nf05
おぞんほおる,お,る,0,high,gai1
どくりつこく,ど,く,0,high,news1|nf05
のうどう,の,う,0,high,news1|nf24
ばつくはんど,ば,ど,0,high,gai1
つく,つ,く,0,high,ichi1|spec1
しあげ,し,げ,0,high,ichi1|news1|nf12
さんかつけい,さ,い,0,high,ichi1|news1|nf20
かつやく,か,く,0,high,ichi1|news1|nf04
あつての,あ,の,0,high,spec1
ついてくる,つ,る,0,high,spec1
ねんだい,ね,い,0,high,ichi1|news1|nf07
あかす,あ,す,0,high,ichi1|news2|nf43
ぬき,ぬ,き,0,high,news1|nf05
ろんぶん,ろ,ん,0,high,ichi1|news1|nf04
ほつと,ほ,と,0,high,spec1
ぐんぶ,ぐ,ぶ,0,high,news1|nf05|nf21
だみい,だ,い,0,high,gai1
きんさく,き,く,0,high,news1|nf24
しゆうとめ,し,め,0,high,ichi1|news1|nf16
こうざん,こ,ん,0,high,ichi1|news1|nf11|nf12
ひようでん,ひ,ん,0,high,news1|nf18|nf22
じゆうたくち,じ,ち,0,high,ichi1|news1|nf08
はたき,は,き,0,high,ichi1
みならう,み,う,0,high,ichi1|news2|nf47
せんちめえとる,せ,る,0,high,ichi1
ぐんぺい,ぐ,い,0,high,news1|nf12
まえだおし,ま,し,0,high,news1|nf09
げるまん,げ,ん,0,high,gai1
たいだ,た,だ,0,high,ichi1|news2|nf41
ぐうすう,ぐ,う,0,high,ichi1|news2|nf33
はいうえい,は,い,0,high,gai1|ichi1
かんどう,か,う,0,high,ichi1|news1|nf06
しゆつたい,し,い,0,high,news1|nf09
とけこむ,と,む,0,high,ichi1|news2|nf47
けんぞう,け,う,0,high,news1|nf18
せつきよくてき,せ,き,0,high,ichi1|news1|nf01
こうちよう,こ,う,0,high,ichi1|news1|nf03|nf22
こうだい,こ,い,0,high,ichi1|news1|nf03|nf09
じもと,じ,と,0,high,ichi1|news1|nf01
だいとし,だ,し,0,high,spec1
にじゆうきゆうにち,に,ち,0,high,spec1
さんそん,さ,ん,0,high,news1|nf10
ちかう,ち,う,0,high,ichi1|news2|nf34
かんしんじ,か,じ,0,high,news1|nf13
かかく,か,く,0,high,ichi1|news1|nf01
かんようく,か,く,0,high,ichi1|news2|nf47
とおる,と,る,0,high,gai1|ichi1|news1|nf14
みさ,み,さ,0,high,gai1
そうむきよく,そ,く,0,high,news1|nf20
こういん,こ,ん,0,high,news1|nf11|nf18
まちぶせ,ま,せ,0,high,ichi1|news2|nf45
しんせいひん,し,ん,0,high,spec1
かむり,か,り,0,high,ichi1|news1|nf06
ねかせる,ね,る,0,high,ichi1|news2|nf40
ふきそ,ふ,そ,0,high,news1|nf14
いきさかん,い,ん,0,high,news1|nf24
こんぽんてき,こ,き,0,high,news1|nf10
せれなあど,せ,ど,0,high,gai1
ようにする,よ,る,0,high,spec1
かいか,か,か,0,high,news1|nf16
ぽてんしやる,ぽ,る,0,high,gai1
いけない,い,い,0,high,ichi1
ぎじゆつてき,ぎ,き,0,high,news1|nf08
せだん,せ,ん,0,high,gai1
ぶつさん,ぶ,ん,0,high,news1|nf16
えんぜつ,え,つ,0,high,ichi1|news1|nf02
べつ,べ,つ,0,high,ichi1
あつかましい,あ,い,0,high,ichi1
ほんみよう,ほ,う,0,high,ichi1|news1|nf04
つかいずて,つ,て,0,high,ichi1|news1|nf17
くさ,く,さ,0,high,ichi1|news1|nf06
しんでん,し,ん,0,high,news1|nf18|nf22
ひだりうえ,ひ,え,0,high,spec1
いか,い,か,0,high,ichi1|ichi2|news1|nf04|nf08
もり,も,り,0,high,ichi1|news1|nf02|nf08
しようそこ,し,こ,0,high,ichi1|news1|nf11
つとめて,つ,て,0,high,ichi1
くばりもの,く,の,0,high,news1|nf17
せいけい,せ,い,0,high,ichi1|news1|nf08|nf18
きゆうしんりよく,き,く,0,high,news1|nf11
ふらいほいいる,ふ,る,0,high,gai1
ていおん,て,ん,0,high,ichi1|news1|news2|nf14|nf26
かがやく,か,く,0,high,ichi1
うごかす,う,す,0,high,ichi1|news1|nf18
ついか,つ,か,0,high,ichi1|news1|nf03
どんぐり,ど,り,0,high,spec1
ぞうげ,ぞ,げ,0,high,news1|nf21
きかんしや,き,や,0,high,ichi1|news1|nf20
しゆつえん,し,ん,0,high,ichi1|news1|nf03
とおすたあ,と,あ,0,high,gai1
あなうんさあ,あ,あ,0,high,gai1|ichi1
としても,と,も,0,high,spec1
とりつぐ,と,ぐ,0,high,ichi1|news2|nf42
びよういん,び,ん,0,high,ichi1|news1|news2|nf01|nf25
みつばい,み,い,0,high,ichi1|news1|nf15
だんせい,だ,い,0,high,ichi1|news1|nf01
しんくたんく,し,く,0,high,gai1
いつけ,い,け,0,high,ichi1|news1|nf04
どうぼう,ど,う,0,high,news1|nf12
となりあわせ,と,せ,0,high,ichi1|news2|nf44
でんばあ,で,あ,0,high,gai1
つつむ,つ,む,0,high,ichi1|news1|nf06
もちいえ,も,え,0,high,news1|nf15
むよく,む,く,0,high,ichi1|news2|nf28
ながや,な,や,0,high,news1|nf23
さいじつ,さ,つ,0,high,ichi1
ぺい,ぺ,い,0,high,gai1
しようひしや,し,や,0,high,ichi1|news1|nf02
じようけんつき,じ,き,0,high,news1|nf09
どて,ど,て,0,high,ichi1|news1|nf22
かたがき,か,き,0,high,ichi1|news1|nf10
けんじせい,け,い,0,high,news1|nf18
ぎんこう,ぎ,う,0,high,ichi1|news1|nf01
りやく,り,く,0,high,ichi1|news1|nf02
つむ,つ,む,0,high,ichi1|news1|nf16
ほうもん,ほ,ん,0,high,ichi1|news1|nf01
れこおだあ,れ,あ,0,high,gai1
りつぷさあびす,り,す,0,high,gai1
ちじめる,ち,る,0,high,ichi1
しようじゆん,し,ん,0,high,news1|nf14
きゆうゆ,き,ゆ,0,high,news1|nf18
うめたて,う,て,0,high,ichi1|news1|nf17
けいきちよう,け,う,0,high,news1|nf07
すいちよく,す,く,0,high,ichi1|news1|nf18
はじめ,は,め,0,high,ichi1|news1|nf17
すたいる,す,る,0,high,gai1|ichi1
じやくてん,じ,ん,0,high,ichi1|news1|nf11
ていこう,て,う,0,high,ichi1|news1|nf03
ぶんぎよう,ぶ,う,0,high,ichi1|news1|nf18
わが,わ,が,0,high,ichi1|news1|nf10
かあれえす,か,す,0,high,gai1
じようば,じ,ば,0,high,news1|nf20
てつていてき,て,き,0,high,ichi1
ころな,こ,な,0,high,spec1
しよほ,し,ほ,0,high,ichi1|news1|nf22
くんれん,く,ん,0,high,ichi1|news1|nf03
とうおう,と,う,0,high,ichi1|news1|nf03
しはつ,し,つ,0,high,ichi1|news1|nf18
ひとごころ,ひ,ろ,0,high,news1|nf18
うつたえ,う,え,0,high,ichi1|news1|nf05
めべり,め,り,0,high,news1|nf18
ふれえばあ,ふ,あ,0,high,gai1
ちゆういぶかい,ち,い,0,high,ichi1
まにゆある,ま,る,0,high,gai1
かぞえる,か,る,0,high,ichi1|news1|nf17
きずぐち,き,ち,0,high,news1|nf24
こちら,こ,ら,0,high,ichi1
だついしよ,だ,よ,0,high,ichi1
にさんかたんそ,に,そ,0,high,spec1
ぐりいんらんど,ぐ,ど,0,high,gai1
はくじん,は,ん,0,high,ichi1|news1|nf04
のんばんく,の,く,0,high,gai1
ぐりつぷ,ぐ,ぷ,0,high,gai1
ぷらぐまていずむ,ぷ,む,0,high,gai1
しゆうてん,し,ん,0,high,ichi1|news1|nf24
いちがつ,い,つ,0,high,news1|nf01|spec1
ほんじつ,ほ,つ,0,high,ichi1|news1|nf15
せえらあふく,せ,く,0,high,spec1
くかく,く,く,0,high,ichi1|news1|nf12
もうがつこう,も,う,0,high,news1|nf23
さつかく,さ,く,0,high,ichi1|news1|nf19
よそういじよう,よ,う,0,high,spec1
りんや,り,や,0,high,news1|nf24
せめ,せ,め,0,high,news1|nf05
ぷらんと,ぷ,と,0,high,gai1
こうき,こ,き,0,high,ichi1|news1|nf06|nf07
ぷろもおしよん,ぷ,ん,0,high,gai1
おじようさん,お,ん,0,high,ichi1|news1|nf21
かさん,か,ん,0,high,news1|nf16
さんぷる,さ,る,0,high,gai1
くつろぐ,く,ぐ,0,high,ichi1
せいようじん,せ,ん,0,high,ichi1|news2|nf32
じんもく,じ,く,0,high,ichi1|news1|nf18
さんじよ,さ,よ,0,high,news1|nf19
かわばた,か,た,0,high,news1|nf14
くがつ,く,つ,0,high,news1|nf01|spec1
きようつうご,き,ご,0,high,ichi1|news2|nf30
ばんごう,ば,う,0,high,ichi1|news1|nf03
くばる,く,る,0,high,ichi1|news1|nf14
もんせき,も,き,0,high,news1|nf22
ひとまえ,ひ,え,0,high,ichi1|news1|nf21
さくてい,さ,い,0,high,news1|nf04
げんし,げ,し,0,high,ichi1|news1|nf13|nf18
りにあもおたあかあ,り,あ,0,high,gai1
そくせんりよく,そ,く,0,high,news1|nf23
のんれん,の,ん,0,high,ichi1
なみびあ,な,あ,0,high,gai1
きよぜつ,き,つ,0,high,ichi1|news2|nf32
すずむ,す,む,0,high,ichi1
あす,あ,す,0,high,ichi1|news1|nf05
のうどうてき,の,き,0,high,ichi1
あいだ,あ,だ,0,high,ichi1|news1|nf05
しゆうる,し,る,0,high,gai1
しゆうまつ,し,つ,0,high,ichi1|news1|nf06|nf18
せつけい,せ,い,0,high,ichi1|news1|nf03
どうとく,ど,く,0,high,ichi1|news1|nf14
しゆうばん,し,ん,0,high,news1|nf05
しようへき,し,き,0,high,news1|nf10
べついん,べ,ん,0,high,news1|nf16
しんだい,し,い,0,high,ichi1|news1|nf09|nf24
はいとう,は,う,0,high,ichi1|news1|nf05
しよせん,し,ん,0,high,news1|nf06|spec1
みぜん,み,ん,0,high,ichi1|news1|nf16
だむ,だ,む,0,high,gai1|ichi1
まくした,ま,た,0,high,news1|nf15
あべつく,あ,く,0,high,gai2|ichi1
けんきゆうしつ,け,つ,0,high,news1|nf08
きわまる,き,る,0,high,ichi1|news2|nf45
そくせい,そ,い,0,high,ichi1
やうち,や,ち,0,high,ichi1|news1|nf20
あたりやく,あ,く,0,high,news1|nf24
ものおき,も,き,0,high,ichi1|news1|nf24
とくはいん,と,ん,0,high,news1|nf07
すかつしゆ,す,ゆ,0,high,gai1
しげる,し,る,0,high,ichi1|news2|nf41
たんだい,た,い,0,high,ichi1|news1|nf05
りにゆうある,り,る,0,high,gai1
たんけんたい,た,い,0,high,spec1
こさめ,こ,め,0,high,ichi1|news1|nf19
そとみ,そ,み,0,high,ichi1|news1|nf15
ごうきん,ご,ん,0,high,news1|nf17
いきわたる,い,る,0,high,ichi1|news2|nf38
ゆさぶる,ゆ,る,0,high,news1|nf23
くにびと,く,と,0,high,news1|nf09
れんらく,れ,く,0,high,ichi1|news1|nf02
おどる,お,る,0,high,ichi1
あいてかた,あ,た,0,high,news1|nf17
あくていびてい,あ,い,0,high,gai1
ちようえき,ち,き,0,high,ichi1|news1|nf04
ずきずき,ず,き,0,high,ichi1
ひとむかし,ひ,し,0,high,ichi1|news2|nf25
ことがら,こ,ら,0,high,ichi1|news1|nf15
かざん,か,ん,0,high,ichi1|news1|nf04
ちらかる,ち,る,0,high,ichi1|news2|nf46
れいがい,れ,い,0,high,ichi1|news1|nf05|nf13
まつとれす,ま,す,0,high,gai1
ざいらい,ざ,い,0,high,news1|nf12
にじゆうさんにち,に,ち,0,high,spec1
ほんと,ほ,と,0,high,ichi1|news1|nf02
みんぽう,み,う,0,high,ichi1|news1|nf05|nf10
あぷり,あ,り,0,high,gai1
どうじん,ど,ん,0,high,news1|nf12
こうみんかん,こ,ん,0,high,ichi1|news1|nf13
いごこち,い,ち,0,high,news1|nf24
おもいあがる,お,る,0,high,ichi1|news2|nf42
はんおう,は,う,0,high,ichi1|news1|nf03
さいく,さ,く,0,high,ichi1|news1|nf14
おもいあたる,お,る,0,high,ichi1
いれもの,い,の,0,high,ichi1|news2|nf41
かかげる,か,る,0,high,ichi1|news1|nf07
ぐれころおまんすたいる,ぐ,る,0,high,gai1
かるてる,か,る,0,high,gai1
だいえつと,だ,と,0,high,gai1
こくしよく,こ,く,0,high,news1|nf23
いまだ,い,だ,0,high,ichi1
ふろお,ふ,お,0,high,gai1
めん,め,ん,0,high,ichi1|news1|news2|nf15|nf28|spec1
ひとさま,ひ,ま,0,high,news2|nf38|spec1
どようび,ど,び,0,high,ichi1
かんえん,か,ん,0,high,news1|nf09
おがわ,お,わ,0,high,ichi1|news1|nf06
ふうふ,ふ,ふ,0,high,ichi1|news1|nf02
がらすばり,が,り,0,high,spec1
たんかあ,た,あ,0,high,gai1|ichi1
ごうはん,ご,ん,0,high,ichi1|news1|nf24
せんたく,せ,く,0,high,ichi1|news1|nf03|nf09
まうす,ま,す,0,high,gai1
ぜんしや,ぜ,や,0,high,ichi1|news1|nf13
せいつう,せ,う,0,high,ichi1|news1|nf21
かんごく,か,く,0,high,news1|nf17
きまぐれ,き,れ,0,high,ichi1|news2|nf31
いじわる,い,る,0,high,ichi1|news2|nf37
うちゆうくうかん,う,ん,0,high,news1|nf18
ぬめり,ぬ,り,0,high,news1|nf14
のりおくれる,の,る,0,high,ichi1|news2|nf47
まだしも,ま,も,0,high,spec1
ああく,あ,く,0,high,gai1
あとりえ,あ,え,0,high,gai1
かつこいい,か,い,0,high,spec1
ゆにばあしああど,ゆ,ど,0,high,gai1
まさつ,ま,つ,0,high,ichi1|news1|nf04
きんしん,き,ん,0,high,ichi1|news1|news2|nf19|nf28
しみゆれえたあ,し,あ,0,high,gai1
きあつ,き,つ,0,high,ichi1|news1|nf10
きげん,き,ん,0,high,ichi1|news1|news2|nf03|nf14|nf16|nf32
たんてき,た,き,0,high,ichi1|news1|nf16
しぜんかがく,し,く,0,high,ichi1|news1|nf19
すき,す,き,0,high,ichi1|news2|nf43
ぽたぽた,ぽ,た,0,high,ichi1|spec1
みりばある,み,る,0,high,gai1
そうごう,そ,う,0,high,ichi1|news1|nf01
めいゆう,め,う,0,high,news1|nf21|nf23
にじゆうよにち,に,ち,0,high,spec1
はあどる,は,る,0,high,gai1
いん,い,ん,0,high,gai1|ichi1|spec1
えるさるばどる,え,る,0,high,gai1
まんもす,ま,す,0,high,gai1
くらあく,く,く,0,high,gai1
めえかあ,め,あ,0,high,gai1|ichi1
せいじゆく,せ,く,0,high,ichi1|news1|nf13
きゆうじん,き,ん,0,high,ichi1|news1|nf08
すぴいかあ,す,あ,0,high,gai1|ichi1
あがつたり,あ,り,0,high,news1|nf02
ゆでん,ゆ,ん,0,high,ichi1|news1|nf08
からぐるま,か,ま,0,high,ichi1|news2|nf40
すいでん,す,ん,0,high,ichi1|news1|nf07
なえぎ,な,ぎ,0,high,news1|nf20
しやげき,し,き,0,high,news1|nf13
ひとみしり,ひ,り,0,high,ichi1|news2|nf43
ちゆうか,ち,か,0,high,ichi1|news1|nf08
あいきよう,あ,う,0,high,spec1
ばんと,ば,と,0,high,gai1
ぞうせん,ぞ,ん,0,high,ichi1|news1|nf08
がんばり,が,り,0,high,news1|nf16
ゆうぐう,ゆ,う,0,high,news1|nf08
せんれい,せ,い,0,high,ichi1|news1|nf18
るうぶる,る,る,0,high,gai1
たいにち,た,ち,0,high,ichi1|news1|nf03
きいろ,き,ろ,0,high,ichi1|news1|nf11
げんじゆうしよ,げ,よ,0,high,ichi1|news2|nf26
もらとりあむ,も,む,0,high,gai1
ぱあせぷとろん,ぱ,ん,0,high,gai1
うけざら,う,ら,0,high,news1|nf10
しようず,し,ず,0,high,ichi1|news1|nf24
とうあ,と,あ,0,high,news1|nf13
めんばあ,め,あ,0,high,gai1|ichi1
なしとげる,な,る,0,high,ichi1|news2|nf31
ひばな,ひ,な,0,high,ichi1|news1|nf17
りんしよう,り,う,0,high,news1|nf06
いんだすとりある,い,る,0,high,gai1
やぐ,や,ぐ,0,high,ichi1
とるこ,と,こ,0,high,gai1
ないろん,な,ん,0,high,gai1|ichi1
とすると,と,と,0,high,spec1
ほんじようし,ほ,し,0,high,news1|nf21
あいて,あ,て,0,high,ichi1|news1|nf01
たてる,た,る,0,high,ichi1
かちかち,か,ち,0,high,ichi1
こうにゆう,こ,う,0,high,ichi1|news1|nf02
さくし,さ,し,0,high,news1|nf12
かいりよう,か,う,0,high,ichi1|news1|nf08
ふえんしんぐ,ふ,ぐ,0,high,gai1
えび,え,び,0,high,ichi1|news2|nf27|nf46|spec1
あいまい,あ,い,0,high,ichi1|news2|nf35
すぴん,す,ん,0,high,gai1
すとおりい,す,い,0,high,gai1
ろけはん,ろ,ん,0,high,gai1
きもちわるい,き,い,0,high,spec1
ぶろつかあ,ぶ,あ,0,high,gai1
かつかい,か,い,0,high,news1|nf21
ろむ,ろ,む,0,high,gai1
そもそも,そ,も,0,high,ichi1|news2|nf25
うむ,う,む,0,high,ichi1|news1|news2|nf07|nf30
あつせん,あ,ん,0,high,ichi1|news2|nf41
のりだす,の,す,0,high,ichi1|news2|nf40
ちよう,ち,う,0,high,ichi1|news1|news2|nf04|nf10|nf15|nf18|nf35
けんざい,け,い,0,high,news1|nf17|nf18
ちよくせつせんきよ,ち,よ,0,high,news1|nf16
おもいやり,お,り,0,high,ichi1|news1|nf12
どうてい,ど,い,0,high,news1|nf15|nf24
べつにん,べ,ん,0,high,news1|nf15
ないとくらぶ,な,ぶ,0,high,gai1
ぴけ,ぴ,け,0,high,gai1
かいてい,か,い,0,high,ichi1|news1|nf06|nf09|nf18
ぎじゆつしや,ぎ,や,0,high,news1|nf06
なさけない,な,い,0,high,ichi1|news2|nf45
はつぶたい,は,い,0,high,news1|nf18
いつてん,い,ん,0,high,news1|nf10
だしん,だ,ん,0,high,news1|nf14
ゆうぜい,ゆ,い,0,high,news1|nf10
こらい,こ,い,0,high,news1|nf23
じやけつと,じ,と,0,high,gai1
じいさん,じ,ん,0,high,ichi1
ひふ,ひ,ふ,0,high,ichi1|news1|nf08
べん,べ,ん,0,high,news1|nf10
しようぼうしや,し,や,0,high,ichi1
おせち,お,ち,0,high,spec1
ひのまる,ひ,る,0,high,ichi1|news1|nf08
ぶんすう,ぶ,う,0,high,ichi1
けんきん,け,ん,0,high,news1|nf01
みみざわり,み,り,0,high,ichi1|news2|nf43
りようゆう,り,う,0,high,news1|nf11
さつちゆうざい,さ,い,0,high,news1|nf16
のうさくもつ,の,つ,0,high,news1|nf16
いひよう,い,う,0,high,news1|nf22
おしきる,お,る,0,high,news1|nf21
こぐち,こ,ち,0,high,news1|nf10
あしおと,あ,と,0,high,ichi1|news1|nf22
こごえ,こ,え,0,high,news1|nf24
へるにあ,へ,あ,0,high,gai1
げんぎ,げ,ぎ,0,high,news1|nf22
まさる,ま,る,0,high,ichi1|news1|nf03
らいとばん,ら,ん,0,high,gai1
ぼうくう,ぼ,う,0,high,news1|nf19
てれびじよん,て,ん,0,high,gai1
ひのめ,ひ,め,0,high,news1|nf23
しんぼりすと,し,と,0,high,gai1
くりえいていぶ,く,ぶ,0,high,spec1
いんぷらんと,い,と,0,high,spec1
なかまいり,な,り,0,high,news1|nf20
りばうんど,り,ど,0,high,gai1
せいきよう,せ,う,0,high,news1|nf08|nf16|nf17
しあがり,し,り,0,high,news1|nf14
ぱどる,ぱ,る,0,high,gai1
ごようてい,ご,い,0,high,news1|nf23
じた,じ,た,0,high,news1|nf23
まちがい,ま,い,0,high,ichi1|news1|nf07
ろくおんてえぷ,ろ,ぷ,0,high,ichi1|news1|nf24
ぱねりすと,ぱ,と,0,high,gai1
りすとら,り,ら,0,high,gai1
なつとう,な,う,0,high,ichi1|news1|nf14
だいちよう,だ,う,0,high,news1|nf15|nf18
らんにんぐ,ら,ぐ,0,high,gai1|ichi1
ふるほんや,ふ,や,0,high,spec1
ろんきよ,ろ,よ,0,high,news1|nf20
かんばす,か,す,0,high,gai1
ちよくし,ち,し,0,high,ichi1|news2|nf36
さつぱり,さ,り,0,high,ichi1
くれえこおと,く,と,0,high,gai1
しよくたく,し,く,0,high,ichi1|news1|nf10|nf16
はんすと,は,と,0,high,gai1
どうるい,ど,い,0,high,ichi1|news2|nf47
あくしよん,あ,ん,0,high,gai1
かけこみ,か,み,0,high,news1|nf18
びじゆつかん,び,ん,0,high,ichi1|news1|nf03
じえつとき,じ,き,0,high,ichi1
たから,た,ら,0,high,ichi1|news1|nf05
めがみ,め,み,0,high,news1|nf17
くのう,く,う,0,high,ichi1|news1|nf10|nf22
ばんたむきゆう,ば,う,0,high,spec1
こたつ,こ,つ,0,high,ichi1
しりあい,し,い,0,high,ichi1|news1|nf09
しゆたい,し,い,0,high,ichi1|news1|nf04
ちゆうぶ,ち,ぶ,0,high,gai1|news1|nf06
らち,ら,ち,0,high,spec1
かえんびん,か,ん,0,high,news1|nf18
たに,た,に,0,high,ichi1|news1|nf03
ふかかい,ふ,い,0,high,ichi1|news2|nf39
おくそく,お,く,0,high,news1|nf11
ちくさん,ち,ん,0,high,news1|nf15
えいゆう,え,う,0,high,ichi1|news1|nf07
しやかいとう,し,う,0,high,news1|nf01
ろおれる,ろ,る,0,high,gai1
かんそ,か,そ,0,high,news1|nf09
じようれい,じ,い,0,high,ichi1|news1|nf06
すぺしやりすと,す,と,0,high,gai1
あんしんかん,あ,ん,0,high,news1|nf16
だけど,だ,ど,0,high,spec1
こんとろおらあ,こ,あ,0,high,gai1
てんじん,て,ん,0,high,news1|nf18
しよくいん,し,ん,0,high,ichi1|news1|nf01
みみより,み,り,0,high,ichi1|spec1
よやくちゆうもん,よ,ん,0,high,spec1
かくご,か,ご,0,high,ichi1|news1|nf07
そくど,そ,ど,0,high,ichi1|news1|nf07
ろくがつ,ろ,つ,0,high,news1|nf01|spec1
どれぐらい,ど,い,0,high,spec1
どうきよう,ど,う,0,high,news1|nf23
れきしてき,れ,き,0,high,ichi1|news1|nf05
だんち,だ,ち,0,high,ichi1|news1|nf08
きらす,き,す,0,high,news1|nf11
てんが,て,が,0,high,ichi1|news1|nf04|nf12
えんたあぷらいず,え,ず,0,high,gai1
くわだてる,く,る,0,high,ichi1|news2|nf41
ないか,な,か,0,high,ichi1|news1|nf11
うやまう,う,う,0,high,ichi1
ぐだぐだ,ぐ,だ,0,high,spec1
かいしよう,か,う,0,high,ichi1|news1|nf04|nf23
さし,さ,し,0,high,news1|nf21
ばろつく,ば,く,0,high,gai1
にじ,に,じ,0,high,ichi1|news1|nf06|nf17
けんとう,け,う,0,high,ichi1|news1|nf02|nf11|nf19
なんびやく,な,く,0,high,ichi1|news1|nf18
ゆうりよ,ゆ,よ,0,high,news1|nf13
にゆうたうん,に,ん,0,high,gai1
けいそく,け,く,0,high,news1|nf18
ふろうしや,ふ,や,0,high,ichi1|news2|nf39
もたらす,も,す,0,high,ichi1
ひので,ひ,で,0,high,ichi1|news1|nf18
あつしゆく,あ,く,0,high,ichi1|news1|nf11
なんとなく,な,く,0,high,ichi1
せんぼつ,せ,つ,0,high,news1|nf12
けつれつ,け,つ,0,high,news1|nf09
おすい,お,い,0,high,news1|nf24
ひきぬく,ひ,く,0,high,ichi1
ぜんぽう,ぜ,う,0,high,ichi1|news1|nf15
えんかく,え,く,0,high,news1|nf15
めとろのおむ,め,む,0,high,gai1
あにき,あ,き,0,high,news1|nf24
なにか,な,か,0,high,ichi1|news1|nf03|spec1
けつこんしき,け,き,0,high,news1|nf07
かずすくない,か,い,0,high,spec1
おはようございます,お,す,0,high,spec1
けいしよう,け,う,0,high,ichi1|news1|nf06|nf09|nf15
ぐらんす,ぐ,す,0,high,gai1
てんらんかい,て,い,0,high,ichi1|news1|nf08
しようえねるぎい,し,い,0,high,news1|nf18
ふせい,ふ,い,0,high,ichi1|news1|nf04
まちあわせ,ま,せ,0,high,ichi1|news2|nf30
たびだつ,た,つ,0,high,ichi1|news1|nf24
ぼでい,ぼ,い,0,high,gai1
こうじ,こ,じ,0,high,ichi1|news1|nf02|nf08|nf13|nf24
めいさい,め,い,0,high,ichi1|news1|nf20
なければいけない,な,い,0,high,spec1
さんねん,さ,ん,0,high,spec1
まいかい,ま,い,0,high,news1|nf08
ふるう,ふ,う,0,high,ichi1|news2|nf34
すかいらいん,す,ん,0,high,gai1
ひやりんぐ,ひ,ぐ,0,high,gai1
きらきら,き,ら,0,high,ichi1|spec1
もすくわ,も,わ,0,high,gai1
たいりく,た,く,0,high,ichi1|news1|nf05
ひようろんか,ひ,か,0,high,news1|nf04
れつとうかん,れ,ん,0,high,ichi1|news2|nf33
ぎりぎり,ぎ,り,0,high,ichi1
たのしみ,た,み,0,high,ichi1|news1|nf04
いんふるえんざ,い,ざ,0,high,gai1|ichi1
たいむましん,た,ん,0,high,gai1
てなんと,て,と,0,high,gai1
けいこ,け,こ,0,high,ichi1|news2|nf28
つるぎ,つ,ぎ,0,high,news1|nf10
ぶつく,ぶ,く,0,high,gai1
りはびりてえしよん,り,ん,0,high,gai1
えもじ,え,じ,0,high,spec1
めえた,め,た,0,high,gai1
れぱあとりい,れ,い,0,high,gai1
かでんつ,か,つ,0,high,gai1
おおぼえ,お,え,0,high,gai1
ばいしゆう,ば,う,0,high,ichi1|news1|nf05
ういじん,う,ん,0,high,news1|nf16
たいきよく,た,く,0,high,news1|nf08|nf23
びようぶ,び,ぶ,0,high,news1|nf20
さかのぼる,さ,る,0,high,ichi1
くれい,く,い,0,high,gai1
らてんご,ら,ご,0,high,spec1
まがお,ま,お,0,high,news1|nf24
えれがんと,え,と,0,high,gai1
いわし,い,し,0,high,ichi1
ぽけつとまねえ,ぽ,え,0,high,gai1
にせ,に,せ,0,high,ichi1|news1|nf12
うごく,う,く,0,high,ichi1
ふんまつ,ふ,つ,0,high,ichi1|news1|nf18
えんそうかい,え,い,0,high,spec1
ぺえす,ぺ,す,0,high,gai1|ichi1
じれい,じ,い,0,high,news1|nf08|nf20
とりまとめる,と,る,0,high,news1|nf12
だんねん,だ,ん,0,high,ichi1|news1|nf09
ぷれいやあ,ぷ,あ,0,high,spec1
すくうたあ,す,あ,0,high,gai1
ぱあきんぐ,ぱ,ぐ,0,high,gai1
かち,か,ち,0,high,ichi1|news1|nf03|nf04
ぜい,ぜ,い,0,high,spec1
とうとい,と,い,0,high,ichi1|news2|nf27
むつつ,む,つ,0,high,ichi1
じどうてき,じ,き,0,high,news1|nf08
ぎわく,ぎ,く,0,high,news1|nf02
すえに,す,に,0,high,spec1
ふえ,ふ,え,0,high,ichi1|news1|nf12
しおみ,し,み,0,high,news2|nf37|spec1
がいこう,が,う,0,high,ichi1|news1|nf01
りようし,り,し,0,high,ichi1|news1|nf04|nf14
しゆくふく,し,く,0,high,ichi1|news1|nf19
けいざいせいちようりつ,け,つ,0,high,news1|nf12
げんり,げ,り,0,high,ichi1|news1|nf04
きりよく,き,く,0,high,ichi1|news1|nf13
ほきゆう,ほ,う,0,high,ichi1|news1|nf09
ぱんていい,ぱ,い,0,high,gai1|ichi1
ちえあ,ち,あ,0,high,gai1
ふようい,ふ,い,0,high,news1|nf22
あいこく,あ,く,0,high,news1|nf10
うんどう,う,う,0,high,ichi1|news1|nf01
きんしゆく,き,く,0,high,news1|nf16
ふみえ,ふ,え,0,high,news1|nf21
おおあきない,お,い,0,high,news1|nf16
もちだす,も,す,0,high,news1|nf23
しゆうふう,し,う,0,high,ichi1|news2|nf29
みんと,み,と,0,high,gai1
こしかけ,こ,け,0,high,ichi1|news2|nf37
しゆつとう,し,う,0,high,news1|nf13
しやくや,し,や,0,high,news1|nf16
くう,く,う,0,high,ichi1|news2|nf33|spec1
りようしつ,り,つ,0,high,news1|nf14
かくだいきんこう,か,う,0,high,news1|nf19
みいら,み,ら,0,high,gai1
のうぎよう,の,う,0,high,ichi1|news1|nf01
だつせん,だ,ん,0,high,ichi1|news2|nf34
どうおん,ど,ん,0,high,ichi1
ぽるとがる,ぽ,る,0,high,spec1
ばれりいな,ば,な,0,high,gai1
ざつぼくりん,ざ,ん,0,high,news1|nf16
はねる,は,る,0,high,ichi1|news2|nf40
くうろ,く,ろ,0,high,news1|nf15
いのち,い,ち,0,high,ichi1|news1|nf04
かるき,か,き,0,high,gai1
りぴいと,り,と,0,high,spec1
じゆみよう,じ,う,0,high,ichi1|news1|nf09
うえぶ,う,ぶ,0,high,gai1
たいとう,た,う,0,high,ichi1|news1|nf10|nf11
いも,い,も,0,high,ichi1|news2|nf32
ひしひし,ひ,し,0,high,ichi1
ばるせろな,ば,な,0,high,gai1
ぐらふ,ぐ,ふ,0,high,gai1|ichi1
しよくじ,し,じ,0,high,ichi1|news1|nf03
えりまき,え,き,0,high,ichi1
きしん,き,ん,0,high,ichi1
がすぼんべ,が,べ,0,high,gai1
ぶどう,ぶ,う,0,high,ichi1|news1|news2|nf11|nf46
かんじ,か,じ,0,high,ichi1|news1|nf01|nf02|nf07|nf22
きざし,き,し,0,high,ichi1|news1|nf06
もくと,も,と,0,high,ichi1
どるふいんきつく,ど,く,0,high,gai1
こくほう,こ,う,0,high,ichi1|news1|nf15
せいしんはくじやく,せ,く,0,high,news1|nf21
きのせい,き,い,0,high,spec1
せんしゆけん,せ,ん,0,high,news1|nf01
ただす,た,す,0,high,ichi1|news2|nf46
かぞくけいかく,か,く,0,high,news1|nf12
いちまいいわ,い,わ,0,high,news1|nf17
しらじ,し,じ,0,high,news1|nf23
くらしき,く,き,0,high,news1|nf13
みとどける,み,る,0,high,ichi1|news2|nf41
れすと,れ,と,0,high,gai1
きつさてん,き,ん,0,high,ichi1|news1|nf10
こくおう,こ,う,0,high,news1|nf05
むだ,む,だ,0,high,ichi1|news1|nf15
たちのき,た,き,0,high,news1|nf17
らばとりい,ら,い,0,high,gai1
そこで,そ,で,0,high,ichi1
あらかじめ,あ,め,0,high,ichi1
かいせい,か,い,0,high,ichi1|news1|nf01|nf18|nf22
ゆらぎ,ゆ,ぎ,0,high,spec1
たんく,た,く,0,high,gai1
にゆうこくかんりきよく,に,く,0,high,news1|nf15
しえい,し,い,0,high,news1|nf13
よくせい,よ,い,0,high,ichi1|news1|nf04
すとおる,す,る,0,high,gai1
あめりかじん,あ,ん,0,high,spec1
ばつてりい,ば,い,0,high,gai1
いりこむ,い,む,0,high,news1|nf20
しようきやく,し,く,0,high,news1|nf11|nf14
どち,ど,ち,0,high,ichi1|news1|nf01
かんと,か,と,0,high,gai1
こんごう,こ,う,0,high,news1|nf11
いちぶぶん,い,ん,0,high,ichi1|news1|nf24
である,で,る,0,high,spec1
いちぎよう,い,う,0,high,news1|nf07
みずしらず,み,ず,0,high,ichi1|news2|nf35
ぜんめつ,ぜ,つ,0,high,ichi1|news2|nf35
こんさるたんと,こ,と,0,high,gai1
ぱらりんぴつく,ぱ,く,0,high,gai1
じんせい,じ,い,0,high,ichi1|news1|nf02
せいかつ,せ,つ,0,high,ichi1|news1|nf01
きんよう,き,う,0,high,ichi1|news1|nf08
つうじ,つ,じ,0,high,news1|nf10
めしうど,め,ど,0,high,news1|nf20
やすもん,や,ん,0,high,news2|nf40|spec1
しんきよ,し,よ,0,high,news1|nf23
げき,げ,き,0,high,ichi1|news1|nf03
だいしよう,だ,う,0,high,ichi1|news1|nf12|nf13|nf15
かんくきしようだい,か,い,0,high,news1|nf17
それほど,そ,ど,0,high,ichi1|spec1
けつして,け,て,0,high,ichi1|news1|nf03
せいじんびよう,せ,う,0,high,news1|nf12
まいど,ま,ど,0,high,ichi1|news2|nf33
すもう,す,う,0,high,ichi1|news1|nf03
いつでも,い,も,0,high,ichi1
りべん,り,ん,0,high,news1|nf18
せんぴ,せ,ぴ,0,high,news1|nf15
ほうもんしや,ほ,や,0,high,spec1
てれび,て,び,0,high,gai1|ichi1
やたい,や,い,0,high,news1|nf14
ちゆうかりようり,ち,り,0,high,spec1
たいしよく,た,く,0,high,ichi1|news1|nf04
どらい,ど,い,0,high,gai1|ichi1
きゆうこく,き,く,0,high,news1|nf15
おたがいに,お,に,0,high,spec1
かるちやあ,か,あ,0,high,gai1|ichi1
どうやら,ど,ら,0,high,ichi1
せんどう,せ,う,0,high,news1|nf18|nf20
げんゆ,げ,ゆ,0,high,ichi1|news1|nf03
さんふらんしすこ,さ,こ,0,high,gai1
めいしよう,め,う,0,high,ichi1|news1|nf06
ちやくち,ち,ち,0,high,news1|nf22
ふしんにん,ふ,ん,0,high,news1|nf05
がらすど,が,ど,0,high,ichi1
れいじよう,れ,う,0,high,ichi1|news1|news2|nf21|nf30
ぱんたぐらふ,ぱ,ふ,0,high,gai1
となれば,と,ば,0,high,spec1
はたらく,は,く,0,high,ichi1
そうちやく,そ,く,0,high,news1|nf23
きようど,き,ど,0,high,news1|nf09|nf14
おもてむき,お,き,0,high,news1|nf12
てれくら,て,ら,0,high,gai1
がつきゆう,が,う,0,high,news1|nf10
たえる,た,る,0,high,ichi1|news1|news2|nf11|nf41
しよんぼり,し,り,0,high,ichi1
ゆうげき,ゆ,き,0,high,news1|nf18
くり,く,り,0,high,ichi1|news1|nf18
きようぶ,き,ぶ,0,high,news1|nf22
あに,あ,に,0,high,ichi1|news1|nf05
こんどう,こ,う,0,high,ichi1|news2|nf26
しゆとして,し,て,0,high,ichi1|news1|nf13
へあけあ,へ,あ,0,high,gai1
いずく,い,く,0,high,ichi1|news2|nf47
てい,て,い,0,high,ichi1|news1|nf04
おふれこ,お,こ,0,high,gai1
とつぷすたあ,と,あ,0,high,gai1
なかま,な,ま,0,high,ichi1|news1|nf02
かくれる,か,る,0,high,ichi1
えね,え,ね,0,high,gai1
ぼくし,ぼ,し,0,high,news1|nf13
たいじん,た,ん,0,high,news1|nf07
ちようせんはんとう,ち,う,0,high,news1|nf04
にじゆつせいき,に,き,0,high,news1|nf11
あかり,あ,り,0,high,ichi1|news1|nf15|spec2
じさつ,じ,つ,0,high,ichi1|news1|nf06
きようさん,き,ん,0,high,news1|nf04|nf08
かんごし,か,し,0,high,spec1
ほうじん,ほ,ん,0,high,ichi1|news1|nf02|nf07
ひつぜん,ひ,ん,0,high,ichi1|news1|nf19
あたし,あ,し,0,high,spec1
かいすう,か,う,0,high,ichi1|news1|nf05
こんなん,こ,ん,0,high,ichi1|news1|nf04
きぞう,き,う,0,high,ichi1|news1|nf21
どうとう,ど,う,0,high,ichi1|news1|nf02|nf17
へんきよう,へ,う,0,high,news1|nf22
そうゆう,そ,う,0,high,spec1
せいしつ,せ,つ,0,high,ichi1|news1|nf10
ごおるでんたいむ,ご,む,0,high,gai1
しぎかい,し,い,0,high,news1|nf08
しあわせ,し,せ,0,high,ichi1|news1|nf09
そくほう,そ,う,0,high,news1|nf06
とりい,と,い,0,high,ichi1|news1|nf20
ぱあかつしよん,ぱ,ん,0,high,gai1
ふらんすりようり,ふ,り,0,high,spec1
さんかんば,さ,ば,0,high,news1|nf24
はくらんかい,は,い,0,high,ichi1|news1|nf12
あつぱあ,あ,あ,0,high,gai1
きめら,き,ら,0,high,gai1
あおやなぎ,あ,ぎ,0,high,news1|nf19
もと,も,と,0,high,ichi1|news1|nf05|nf07
したう,し,う,0,high,ichi1|news2|nf28
どうれつ,ど,つ,0,high,ichi1|news2|nf27
しんきん,し,ん,0,high,news1|nf09|nf10
くらんくいん,く,ん,0,high,gai1
まつさき,ま,き,0,high,ichi1|news1|nf14
ものがたり,も,り,0,high,ichi1|news1|nf03
しんげん,し,ん,0,high,news1|nf06
じつよう,じ,う,0,high,ichi1|news1|nf06
ひかんてき,ひ,き,0,high,ichi1
かつかん,か,ん,0,high,ichi1|news1|nf11
せともの,せ,の,0,high,ichi1
しんみよう,し,う,0,high,news1|nf22
ほようじよ,ほ,よ,0,high,ichi1
そうそう,そ,う,0,high,news1|nf06|nf17
だいこん,だ,ん,0,high,ichi1|news1|nf21
しんり,し,り,0,high,ichi1|news1|nf04|nf09|nf10
なにびと,な,と,0,high,news1|nf07
ぶた,ぶ,た,0,high,ichi1|news1|nf13
なめらか,な,か,0,high,ichi1|news1|nf20
みはらい,み,い,0,high,news1|nf13
じゆぎようりよう,じ,う,0,high,news1|nf13
かくしゆ,か,ゆ,0,high,ichi1
うんが,う,が,0,high,ichi1|news1|nf16
みおろす,み,す,0,high,ichi1|news2|nf42
ぺりかん,ぺ,ん,0,high,gai1
ろうじんふくし,ろ,し,0,high,spec1
よくあるしつもん,よ,ん,0,high,spec1
まちかまえる,ま,る,0,high,ichi1|news1|nf21
たがく,た,く,0,high,news1|nf06
なのだ,な,だ,0,high,spec1
そのうちに,そ,に,0,high,spec1
どだい,ど,い,0,high,ichi1|news1|nf11
かんぶり,か,り,0,high,ichi1|news1|nf06
かがみ,か,み,0,high,ichi1|news1|nf06
でなければならない,で,い,0,high,spec1
みなげ,み,げ,0,high,ichi1
ふぼ,ふ,ぼ,0,high,ichi1|news1|nf06
はんで,は,で,0,high,gai1
じしゆう,じ,う,0,high,ichi1|news2|nf37
すりつぷ,す,ぷ,0,high,gai1|ichi1
せいさく,せ,く,0,high,ichi1|news1|nf01|nf03|nf04
はんにん,は,ん,0,high,ichi1|news1|nf05
おんし,お,し,0,high,news1|nf17
さいせん,さ,ん,0,high,news1|nf08
たいわ,た,わ,0,high,ichi1|news1|nf02
ばくふ,ば,ふ,0,high,news1|nf15
げいのうじん,げ,ん,0,high,ichi1
ふらいぱん,ふ,ん,0,high,gai1|ichi1
ぐんかく,ぐ,く,0,high,ichi1|news1|nf20
おそろしい,お,い,0,high,ichi1|news1|nf20
いえい,い,い,0,high,news1|nf19
ぜんぶ,ぜ,ぶ,0,high,ichi1|news1|nf03|nf22
のうさくぶつ,の,つ,0,high,news1|nf16
じじつ,じ,つ,0,high,ichi1|news1|nf01
しゆし,し,し,0,high,ichi1|news1|nf04|nf10
もどす,も,す,0,high,ichi1|news1|nf23
たいはい,た,い,0,high,ichi1|news1|news2|nf18|nf27
ぱせり,ぱ,り,0,high,gai1
いやおい,い,い,0,high,news1|nf10
おだく,お,く,0,high,news1|nf18
だしや,だ,や,0,high,news1|nf04
きよくせつ,き,つ,0,high,news1|nf13
こうさく,こ,く,0,high,ichi1|news1|nf04|nf15
まざる,ま,る,0,high,ichi1|news2|nf40
ういんたあ,う,あ,0,high,gai1
もじ,も,じ,0,high,ichi1|news1|nf03
がくぶ,が,ぶ,0,high,ichi1|news1|nf02
かれき,か,き,0,high,ichi1|news2|nf38
じゆしようしき,じ,き,0,high,news1|nf10
りよかん,り,ん,0,high,ichi1|news1|nf09
たは,た,は,0,high,ichi1|news1|nf16|nf17
こうち,こ,ち,0,high,ichi1|news1|nf10|nf15
きようかつ,き,つ,0,high,news1|nf11
いたつて,い,て,0,high,news1|nf07
たぶろいど,た,ど,0,high,gai1
おつねん,お,ん,0,high,news1|nf16
ふりかえ,ふ,え,0,high,news1|nf13
にいがた,に,た,0,high,spec1
げい,げ,い,0,high,gai1|news1|nf05
にじむ,に,む,0,high,ichi1
すいよう,す,う,0,high,ichi1|news1|nf10
せいじ,せ,じ,0,high,ichi1|news1|nf01
ぬくもり,ぬ,り,0,high,ichi1
しんだん,し,ん,0,high,ichi1|news1|nf05
せんぜん,せ,ん,0,high,ichi1|news1|nf05
こうろ,こ,ろ,0,high,ichi1|news1|nf12|nf19
こくそ,こ,そ,0,high,ichi1|news1|nf11
くちごたえ,く,え,0,high,ichi1
まずい,ま,い,0,high,ichi1
さしみ,さ,み,0,high,ichi1|news1|nf14
きゆうけいじかん,き,ん,0,high,spec1
たんけん,た,ん,0,high,ichi1|news1|nf12
ざいさん,ざ,ん,0,high,ichi1|news1|nf04
ぱらどつくす,ぱ,す,0,high,gai1
さんだあばあど,さ,ど,0,high,gai1
こおう,こ,う,0,high,news1|nf14
けんしよう,け,う,0,high,ichi1|news1|nf06|nf09|nf14|nf20
しやか,し,か,0,high,ichi1|news1|nf20
ゆるす,ゆ,す,0,high,ichi1|news1|nf04
こんばんは,こ,は,0,high,ichi1
しつせき,し,き,0,high,news1|nf15
やがい,や,い,0,high,ichi1|news1|nf10
じゆうだい,じ,い,0,high,ichi1|news1|nf03|nf11|spec1
あどべんちやあ,あ,あ,0,high,gai1
かきゆう,か,う,0,high,news1|nf20
そうちよう,そ,う,0,high,ichi1|news1|nf02|nf05
きおん,き,ん,0,high,ichi1|news1|nf05
あしくび,あ,び,0,high,ichi1|news1|nf15
しちや,し,や,0,high,ichi1|news2|nf26
さいけいこく,さ,く,0,high,news1|nf11
かんさい,か,い,0,high,news1|nf02|nf20
すのおぼおど,す,ど,0,high,spec1
じゆんじゆんに,じ,に,0,high,ichi1
にしにほん,に,ん,0,high,news1|nf06
ほうべい,ほ,い,0,high,news1|nf06
だれでも,だ,も,0,high,spec1
ふんえん,ふ,ん,0,high,news1|nf21
ひとすじ,ひ,じ,0,high,news1|nf12
うんそう,う,う,0,high,ichi1|news1|nf08
べるもつと,べ,と,0,high,gai1
しぞく,し,く,0,high,ichi1|news1|nf18
てんきよほう,て,う,0,high,ichi1
しようがくきん,し,ん,0,high,ichi1|news1|nf12
しようわくせい,し,い,0,high,news1|nf23
ようび,よ,び,0,high,ichi1|news1|nf04
だんじよう,だ,う,0,high,news1|nf17
せめる,せ,る,0,high,ichi1|news1|news2|nf09|nf45
まんねり,ま,り,0,high,gai1
ちゆうせい,ち,い,0,high,ichi1|news1|news2|nf10|nf17|nf27
おとうと,お,と,0,high,ichi1|news1|nf04
すぴりつと,す,と,0,high,gai1
いつしんに,い,に,0,high,ichi1
いれかえ,い,え,0,high,news1|nf16
せんべい,せ,い,0,high,ichi1
あき,あ,き,0,high,ichi1|news1|news2|nf01|nf13|nf32
だんとう,だ,う,0,high,news1|nf12|nf16
さんまい,さ,い,0,high,news1|nf17
ぱねる,ぱ,る,0,high,gai1
しらびと,し,と,0,high,ichi1|news1|nf09
あくるひ,あ,ひ,0,high,ichi1|spec1
ゆうび,ゆ,び,0,high,news1|nf20
わいあ,わ,あ,0,high,gai1
まるがり,ま,り,0,high,news1|nf14
ぐれえぞおん,ぐ,ん,0,high,gai1
なつば,な,ば,0,high,news1|nf13
いなずま,い,ま,0,high,ichi1|news2|nf26
れんぐす,れ,す,0,high,gai1
こふん,こ,ん,0,high,news1|nf09
ぱあぷる,ぱ,る,0,high,gai1
ばいく,ば,く,0,high,gai1|ichi1
とくいさき,と,き,0,high,news1|nf22
ひきうける,ひ,る,0,high,ichi1|news2|nf38
くうふく,く,く,0,high,ichi1|news2|nf27
れいがいてき,れ,き,0,high,news1|nf16
きゆうぎよう,き,う,0,high,ichi1|news1|nf07
はいいん,は,ん,0,high,news1|nf14
ばんいつ,ば,つ,0,high,ichi1|news1|nf16
かようきよく,か,く,0,high,ichi1|news1|nf17
きようたい,き,い,0,high,spec1
たいよう,た,う,0,high,ichi1|news1|nf04|nf10
こんたくと,こ,と,0,high,gai1
かうんせらあ,か,あ,0,high,gai1
ほおむせきゆりてい,ほ,い,0,high,gai1
おんがえし,お,し,0,high,ichi1|news1|nf19
まつきてき,ま,き,0,high,ichi1
すいじ,す,じ,0,high,ichi1|news2|nf27
としおとこ,と,こ,0,high,news1|nf22
きずかれ,き,れ,0,high,spec1
ちよしよ,ち,よ,0,high,ichi1|news1|nf04
ばか,ば,か,0,high,ichi1|news2|nf45|spec1
もとずく,も,く,0,high,ichi1|news2|nf33
しようにびよう,し,う,0,high,news1|nf24
さつい,さ,い,0,high,news1|nf23
うりだす,う,す,0,high,ichi1|news1|nf16
ごうひ,ご,ひ,0,high,news1|nf16
いきじ,い,じ,0,high,ichi1|news2|nf42
こうりよう,こ,う,0,high,news1|nf09
じようぶ,じ,ぶ,0,high,ichi1|news1|nf11|nf15
れいんぼおふいつしゆ,れ,ゆ,0,high,gai1
こころざす,こ,す,0,high,ichi1|news2|nf36
たいせん,た,ん,0,high,ichi1|news1|nf04|nf07|nf18
やわらげる,や,る,0,high,ichi1|news2|nf34
ばからしい,ば,い,0,high,ichi1
えすてえと,え,と,0,high,gai1
わりきる,わ,る,0,high,ichi1|news2|nf40
ごちそう,ご,う,0,high,ichi1
たつけえ,た,え,0,high,ichi1|news1|nf08
しんりようしよ,し,よ,0,high,ichi1
しおあじ,し,じ,0,high,news2|nf37|spec1
すぽおつ,す,つ,0,high,gai1|ichi1
おもいきつて,お,て,0,high,ichi1|news1|nf05
るうず,る,ず,0,high,gai1
りんぐさいど,り,ど,0,high,gai1
ひこうせん,ひ,ん,0,high,news1|nf24
にゆうよおかあ,に,あ,0,high,gai1
ちかよる,ち,る,0,high,ichi1|news2|nf38
しようさん,し,ん,0,high,news1|nf23|spec2
ろじよう,ろ,う,0,high,ichi1|news1|nf05
ひかくてき,ひ,き,0,high,ichi1|news2|nf38
どらつぐすとあ,ど,あ,0,high,spec1
せんてい,せ,い,0,high,ichi1|news1|nf08
につけい,に,い,0,high,news1|nf05
しやとるばす,し,す,0,high,gai1
なんこう,な,う,0,high,ichi1|news1|nf10
のぼる,の,る,0,high,ichi1|news1|nf16
すいしつ,す,つ,0,high,news1|nf08
つどい,つ,い,0,high,news1|nf12
こうせき,こ,き,0,high,news1|nf09
しよきかん,し,ん,0,high,news1|nf19
ぷらずま,ぷ,ま,0,high,gai1
たいせつ,た,つ,0,high,ichi1|news1|nf02|nf17
でいくしよなり,で,り,0,high,gai1
りきゆう,り,う,0,high,news1|nf23
せいたく,せ,く,0,high,news1|nf12
にじゆうよつか,に,か,0,high,spec1
ばす,ば,す,0,high,gai1|ichi1
そつう,そ,う,0,high,news1|nf18
こにいで,こ,で,0,high,gai1
でいいぜる,で,る,0,high,gai1
ばどみんとん,ば,ん,0,high,gai1
とうひよう,と,う,0,high,ichi1|news1|nf01
ひげ,ひ,げ,0,high,ichi1
しえいく,し,く,0,high,gai1
おのれ,お,れ,0,high,news1|nf10
げんさく,げ,く,0,high,ichi1|news1|nf06
きゆうすい,き,い,0,high,news1|nf12
れいおふ,れ,ふ,0,high,gai1
けいさつちよう,け,う,0,high,news1|nf04
でる,で,る,0,high,ichi1|news1|nf12
みどりいろ,み,ろ,0,high,ichi1|news1|nf14
あおむけ,あ,け,0,high,ichi1|news2|nf34
かがいしや,か,や,0,high,ichi1|news1|nf14
じゆえりい,じ,い,0,high,gai1
どるかい,ど,い,0,high,spec1
かたほう,か,う,0,high,ichi1|news1|nf16
ぷろふいいるがぞう,ぷ,う,0,high,spec1
たいよ,た,よ,0,high,news1|nf22
につぽんはつ,に,つ,0,high,spec1
ちようじゆう,ち,う,0,high,news1|nf19
そうたい,そ,い,0,high,ichi1|news1|news2|nf13|nf43|spec1
はいふ,は,ふ,0,high,ichi1|news1|nf12
ぼけ,ぼ,け,0,high,ichi1
けつこう,け,う,0,high,ichi1|news1|nf08
せんたあ,せ,あ,0,high,gai1|ichi1
めんじよ,め,よ,0,high,news1|nf13
さいんいり,さ,り,0,high,spec1
ふえろおしつぷ,ふ,ぷ,0,high,gai1
りん,り,ん,0,high,ichi1|news1|nf09|nf13
あきうど,あ,ど,0,high,ichi1|news1|nf13
あらあらしい,あ,い,0,high,ichi1|news2|nf43
ぼうはんかめら,ぼ,ら,0,high,spec1
なんら,な,ら,0,high,ichi1|news1|nf11
えんだか,え,か,0,high,ichi1|news1|nf02
かたりくち,か,ち,0,high,news1|nf18
はいてく,は,く,0,high,gai1
しつき,し,き,0,high,ichi1|news1|nf19
そうてい,そ,い,0,high,ichi1|news1|nf14|nf17
しろばい,し,い,0,high,ichi1|news2|nf36
ぶんぽう,ぶ,う,0,high,ichi1|news1|nf22
れつ,れ,つ,0,high,ichi1|news1|nf08
おまわりさん,お,ん,0,high,ichi1|news2|nf40
びんご,び,ご,0,high,gai1
のおこめんと,の,と,0,high,gai1
ぬく,ぬ,く,0,high,ichi1
よくげつ,よ,つ,0,high,news1|nf22
きようふ,き,ふ,0,high,ichi1|news1|nf06
ほうがく,ほ,く,0,high,ichi1|news1|news2|nf06|nf16|nf27
にこにこ,に,こ,0,high,ichi1|spec1
うすまる,う,る,0,high,ichi1|news2|nf36
うつど,う,ど,0,high,gai1
よろこび,よ,び,0,high,ichi1|news1|nf04
げんこうようし,げ,し,0,high,ichi1|news1|nf12
ひようてき,ひ,き,0,high,news1|nf11
ゆきすぎ,ゆ,ぎ,0,high,ichi1|news1|nf14
どちらも,ど,も,0,high,spec1
せいまい,せ,い,0,high,news1|nf19
あなうんす,あ,す,0,high,gai1
るり,る,り,0,high,news2|nf36|spec1
ねんきん,ね,ん,0,high,news1|nf02
ぐらんどぴあの,ぐ,の,0,high,gai1
えんやす,え,す,0,high,ichi1|news1|nf07
てすとけえす,て,す,0,high,gai1
じゆぎようちゆう,じ,う,0,high,spec1
ひしや,ひ,や,0,high,news1|nf19
くらぶ,く,ぶ,0,high,gai1|ichi1|news1|nf09
げんじゆう,げ,う,0,high,ichi1|news1|nf09
かたり,か,り,0,high,news1|nf12
しようどく,し,く,0,high,ichi1|news1|nf19
びようしつ,び,つ,0,high,ichi1|news1|nf13
しゆうろく,し,く,0,high,news1|nf10
にじゆうななにち,に,ち,0,high,spec1
かくまく,か,く,0,high,news1|nf24
すくりゆう,す,う,0,high,gai1
ふあんてい,ふ,い,0,high,ichi1|news1|nf05
こつこ,こ,こ,0,high,news1|nf11
そおぷ,そ,ぷ,0,high,gai1
ちやあはん,ち,ん,0,high,gai1
ほどこす,ほ,す,0,high,ichi1|news1|nf22
ちようしや,ち,や,0,high,news1|nf07|nf17
はびこる,は,る,0,high,ichi1
ずらす,ず,す,0,high,ichi1
こうしき,こ,き,0,high,ichi1|news1|nf02|nf24
かたさ,か,さ,0,high,ichi1|news1|nf23
いんし,い,し,0,high,ichi1|news1|nf16|nf19
はま,は,ま,0,high,ichi1|news1|nf05
すりつぱ,す,ぱ,0,high,gai1|ichi1
ばあれすく,ば,く,0,high,gai1
ろぐ,ろ,ぐ,0,high,gai1
しようさ,し,さ,0,high,news1|nf15|nf20
けつさいほうほう,け,う,0,high,spec1
さど,さ,ど,0,high,gai1
なかみ,な,み,0,high,ichi1|news1|nf04
つうじる,つ,る,0,high,ichi1|news2|nf45
とぼしい,と,い,0,high,ichi1|news2|nf32
ゆだねる,ゆ,る,0,high,ichi1
つれてゆく,つ,く,0,high,ichi1|spec1
おしこむ,お,む,0,high,news1|nf24
かいにん,か,ん,0,high,news1|nf07
きんぞく,き,く,0,high,ichi1|news1|nf04|nf23
ろご,ろ,ご,0,high,gai1
われわれ,わ,れ,0,high,ichi1|news1|nf02
さんじ,さ,じ,0,high,news1|nf05|nf13|nf16|nf22|nf23
かとりしずむ,か,む,0,high,gai1
ぽんど,ぽ,ど,0,high,gai1
きが,き,が,0,high,ichi1|news1|nf09
りようしや,り,や,0,high,ichi1|news1|nf04|nf05
たて,た,て,0,high,ichi1|news1|nf08|nf11
たりる,た,る,0,high,ichi1|news2|nf41
ちたん,ち,ん,0,high,gai1
だいなまいと,だ,と,0,high,gai1|ichi1
ざるをえない,ざ,い,0,high,spec1
について,に,て,0,high,spec1
ふるうつ,ふ,つ,0,high,gai1|ichi1
あすぱらがす,あ,す,0,high,gai1
どくたあへり,ど,り,0,high,spec1
でいなあ,で,あ,0,high,gai1
よそく,よ,く,0,high,news1|nf04
ひとじち,ひ,ち,0,high,ichi1|news1|nf07
のうど,の,ど,0,high,news1|nf07
せきめん,せ,ん,0,high,ichi1
にんめい,に,い,0,high,ichi1|news1|nf10
ばいしん,ば,ん,0,high,news1|nf11
おれい,お,い,0,high,ichi1|news2|nf37
そうしん,そ,ん,0,high,ichi1|news1|nf18|spec1
あめ,あ,め,0,high,ichi1|news1|news2|nf02|nf44
ずるずる,ず,る,0,high,ichi1
かかえ,か,え,0,high,news1|nf23
がりれお,が,お,0,high,gai1
そぜい,そ,い,0,high,news1|nf19
じゆうようぶんかざい,じ,い,0,high,news1|nf21
もうしぶんない,も,い,0,high,ichi1
ねいき,ね,き,0,high,ichi1
はば,は,ば,0,high,ichi1|news1|nf02
かんじや,か,や,0,high,ichi1|news1|nf01
ごかい,ご,い,0,high,ichi1|news1|nf07
ちゆうき,ち,き,0,high,news1|nf06
くさい,く,い,0,high,ichi1
しようきん,し,ん,0,high,ichi1|news1|nf04
でゆえつと,で,と,0,high,gai1
ぱふおおまんす,ぱ,す,0,high,gai1
ぼける,ぼ,る,0,high,ichi1
こてさき,こ,き,0,high,news1|nf21
きいろい,き,い,0,high,ichi1|news2|nf41
あつつい,あ,い,0,high,ichi1|news1|news2|nf14|nf34
こはん,こ,ん,0,high,news1|nf16
ちゆうりつぷ,ち,ぷ,0,high,gai1|ichi1
ぶぎよう,ぶ,う,0,high,news1|nf20
ふらいと,ふ,と,0,high,gai1
えんせん,え,ん,0,high,ichi1|news1|nf16
こうばいりよく,こ,く,0,high,news1|nf17
とち,と,ち,0,high,ichi1|news1|nf01
ぎようれつ,ぎ,つ,0,high,ichi1|news1|nf11
でにむ,で,む,0,high,gai1
せつせと,せ,と,0,high,spec1
いし,い,し,0,high,ichi1|news1|nf02|nf14
たいぷらいたあ,た,あ,0,high,gai1|ichi1
ぎよこう,ぎ,う,0,high,news1|nf17
こげる,こ,る,0,high,ichi1|news2|nf25
じやくしや,じ,や,0,high,news1|nf12
らんぷ,ら,ぷ,0,high,gai1
ひめん,ひ,ん,0,high,news1|nf22
のうにゆう,の,う,0,high,ichi1|news1|nf12
ともばたらき,と,き,0,high,ichi1|news1|nf13
のこす,の,す,0,high,ichi1|news1|nf04
こうし,こ,し,0,high,ichi1|news1|nf03|nf08|nf13|nf14|nf15|nf20|nf24
ずじよう,ず,う,0,high,news1|nf18
こくさいじん,こ,ん,0,high,news1|nf12
じようにんいいんかい,じ,い,0,high,news1|nf20
いさん,い,ん,0,high,ichi1|news1|nf07
ろうどううんどう,ろ,う,0,high,news1|nf18
べえとおぶえん,べ,ん,0,high,gai1
みちる,み,る,0,high,ichi1|news2|nf26
ゆうれい,ゆ,い,0,high,ichi1|news1|nf16
かいぐん,か,ん,0,high,ichi1|news1|nf04
はなばなしい,は,い,0,high,ichi1|news2|nf30
ゆでる,ゆ,る,0,high,ichi1
はなつ,は,つ,0,high,ichi1|news1|nf21
りよこうがいしや,り,や,0,high,spec1
せんたりんぐ,せ,ぐ,0,high,gai1
してん,し,ん,0,high,ichi1|news1|nf02|nf04
ふかまる,ふ,る,0,high,ichi1|news1|nf16
ひがい,ひ,い,0,high,ichi1|news1|nf02
ぴつち,ぴ,ち,0,high,gai1
しゆさ,し,さ,0,high,news1|nf20
きかく,き,く,0,high,ichi1|news1|nf02|nf08
とりがあ,と,あ,0,high,gai1
せいとうぼうえい,せ,い,0,high,news1|nf23
めいぶつ,め,つ,0,high,ichi1|news1|nf12
げきどう,げ,う,0,high,ichi1|news1|nf10
おつかけ,お,け,0,high,spec1
めらにん,め,ん,0,high,gai1
ぴかぴか,ぴ,か,0,high,ichi1|spec1
おいぬく,お,く,0,high,ichi1
へこむ,へ,む,0,high,ichi1
むしよう,む,う,0,high,news1|nf07
でんぱ,で,ぱ,0,high,ichi1|news1|nf05
かいどう,か,う,0,high,ichi1|news1|nf13|nf15|nf17
りようしよう,り,う,0,high,ichi1|news1|nf04
しゆうにん,し,ん,0,high,ichi1|news1|nf02
ひぐち,ひ,ち,0,high,news1|nf12
しんこん,し,ん,0,high,ichi1|news1|nf14
あいだがら,あ,ら,0,high,ichi1
えつねん,え,ん,0,high,news1|nf16
どうじに,ど,に,0,high,spec1
ねごと,ね,と,0,high,ichi1
こんすたんと,こ,と,0,high,gai1
かんけつ,か,つ,0,high,news1|nf18|nf21
そつくり,そ,り,0,high,spec1
れえざあでいすく,れ,く,0,high,gai1
すきやん,す,ん,0,high,gai1
かんせいかん,か,ん,0,high,news1|nf22
うつむく,う,く,0,high,ichi1
しつと,し,と,0,high,ichi1|news2|nf26
かくこく,か,く,0,high,ichi1
やきそば,や,ば,0,high,ichi1|news2|nf31
となり,と,り,0,high,ichi1|news1|nf04
すぱいく,す,く,0,high,gai1
じよおう,じ,う,0,high,ichi1|news1|nf06
ぐつたり,ぐ,り,0,high,ichi1
ぶつける,ぶ,る,0,high,ichi1
ころん,こ,ん,0,high,gai1
きんとう,き,う,0,high,ichi1|news1|nf10
よんじゆう,よ,う,0,high,news1|nf01|spec1
かなわない,か,い,0,high,ichi1
ちよくめん,ち,ん,0,high,news1|nf05
どうしても,ど,も,0,high,ichi1
ししよ,し,よ,0,high,news1|nf21
どんかん,ど,ん,0,high,ichi1|news2|nf30
さま,さ,ま,0,high,ichi1
そくたつ,そ,つ,0,high,ichi1|news2|nf37
すらいど,す,ど,0,high,gai1|ichi1
みなみあふりか,み,か,0,high,news1|nf06
じやぱん,じ,ん,0,high,gai1|ichi1
いたい,い,い,0,high,ichi1|news1|nf03|nf16
からぶり,か,り,0,high,news1|nf18
させつ,さ,つ,0,high,news2|nf47|spec1
りねん,り,ん,0,high,ichi1|news1|nf03
せんだい,せ,い,0,high,news1|nf18|spec1
まんぱわあ,ま,あ,0,high,gai1
そおぷらんど,そ,ど,0,high,gai1
かざり,か,り,0,high,ichi1|news1|nf11
たいくつ,た,つ,0,high,ichi1|news2|nf40
つぶ,つ,ぶ,0,high,ichi1|news1|nf10
ておち,て,ち,0,high,ichi1|news2|nf45
ちかずき,ち,き,0,high,news1|nf15
しじ,し,じ,0,high,ichi1|news1|nf01|nf04|nf14
よびかけ,よ,け,0,high,ichi1|news1|nf07|nf11
はいじやつく,は,く,0,high,gai1
どうり,ど,り,0,high,ichi1|news1|nf05|nf24
いつぱん,い,ん,0,high,ichi1|news1|nf01
しまう,し,う,0,high,ichi1
ほぞ,ほ,ぞ,0,high,ichi1
げんかん,げ,ん,0,high,ichi1|news1|nf05
きこう,き,う,0,high,ichi1|news1|nf01|nf08|nf16|nf17|nf24
さくげん,さ,ん,0,high,ichi1|news1|nf01
ものずき,も,き,0,high,ichi1|news2|nf45
あい,あ,い,0,high,ichi1|news1|nf02|nf18
こていひ,こ,ひ,0,high,news1|nf24
げつよう,げ,う,0,high,ichi1|news1|nf10
にじゆうしちにち,に,ち,0,high,spec1
わろ,わ,ろ,0,high,news1|nf14
ぽじていぶ,ぽ,ぶ,0,high,gai1
いんふおめえしよん,い,ん,0,high,gai1
つうがく,つ,く,0,high,ichi1|news1|nf10
おらとりお,お,お,0,high,gai1
おかいけい,お,い,0,high,spec1
なしよなりずむ,な,む,0,high,gai1
こうしよく,こ,く,0,high,ichi1|news1|nf09|nf11
おふろおど,お,ど,0,high,gai1
ふしん,ふ,ん,0,high,ichi1|news1|nf03|nf04|nf10|nf21
にぎり,に,り,0,high,news1|nf22
さまらいず,さ,ず,0,high,gai1
じしつ,じ,つ,0,high,news1|nf14
じやあなりずむ,じ,む,0,high,gai1|ichi1
しうと,し,と,0,high,ichi1|news2|nf36
おみあげ,お,げ,0,high,ichi1
かげ,か,げ,0,high,ichi1|news1|nf04
あみど,あ,ど,0,high,news2|nf32|spec1
てんばい,て,い,0,high,news1|nf18
つきあい,つ,い,0,high,ichi1|news1|nf06
まつぷたつ,ま,つ,0,high,news1|nf21
くらいまつくす,く,す,0,high,gai1
みつくす,み,す,0,high,gai1|ichi1
ぶよう,ぶ,う,0,high,news1|nf06
ぐらす,ぐ,す,0,high,gai1|ichi1
いまひとつ,い,つ,0,high,news1|nf17
のろい,の,い,0,high,ichi1
もくぜん,も,ん,0,high,ichi1|news1|nf07
じゆうでん,じ,ん,0,high,news1|nf16
なちす,な,す,0,high,spec1
うで,う,で,0,high,ichi1|news1|nf05
しゆうちやく,し,く,0,high,ichi1|news1|nf22
しめん,し,ん,0,high,ichi1|news1|nf08
なわばり,な,り,0,high,ichi1|news1|nf17
おしぼり,お,り,0,high,ichi1
ろぼつと,ろ,と,0,high,gai1|ichi1
はんそで,は,で,0,high,ichi1
よこたわる,よ,る,0,high,ichi1|news2|nf42
やめる,や,る,0,high,ichi1|news2|nf38
せんけん,せ,ん,0,high,news1|nf14|nf20
おくりもの,お,の,0,high,ichi1|news1|nf14|spec1
いんしよく,い,く,0,high,news1|nf06
はずれる,は,る,0,high,ichi1|news1|nf24
よゆう,よ,う,0,high,ichi1|news1|nf03
たんちよ,た,よ,0,high,news1|nf22
じゆうとう,じ,う,0,high,news1|nf23
よわみ,よ,み,0,high,ichi1|news1|nf20
しいれ,し,れ,0,high,ichi1|news1|nf12
おくさま,お,ま,0,high,ichi1|news2|nf25
けんせい,け,い,0,high,news1|nf16
さらりいまん,さ,ん,0,high,gai1|ichi1
のろま,の,ま,0,high,ichi1
ふああむ,ふ,む,0,high,gai1
だいにじせかいたいせん,だ,ん,0,high,news1|nf10
きんぴん,き,ん,0,high,news1|nf22
あたまきん,あ,ん,0,high,news2|nf32|spec1
さんびやく,さ,く,0,high,news1|nf03|spec1
れんだ,れ,だ,0,high,news1|nf08
しつもんをする,し,る,0,high,spec1
めんきよしよう,め,う,0,high,ichi1
ていやく,て,く,0,high,news1|nf11
おやすみなさい,お,い,0,high,ichi1
ついやす,つ,す,0,high,ichi1|news2|nf32
きゆうに,き,に,0,high,spec1
むめい,む,い,0,high,ichi1|news1|nf14
まよねえず,ま,ず,0,high,gai1|ichi1
めいかい,め,い,0,high,news1|nf11
しようじよ,し,よ,0,high,ichi1|news1|nf04
ぬすみ,ぬ,み,0,high,news1|nf18
あどれなりん,あ,ん,0,high,gai1
きようりよく,き,く,0,high,ichi1|news1|nf01|nf04
げれんで,げ,で,0,high,gai1
れい,れ,い,0,high,ichi1|news1|news2|nf02|nf05|nf10|nf13|nf37|spec1
くなん,く,ん,0,high,news1|nf15
さんじゆう,さ,う,0,high,news1|nf01|spec1
はみがき,は,き,0,high,ichi1|news1|nf24
かいじつ,か,つ,0,high,news1|nf03
もえる,も,る,0,high,ichi1|news1|nf16|spec1
ないと,な,と,0,high,gai1
はつそく,は,く,0,high,ichi1|news1|nf03
ものすつごい,も,い,0,high,ichi1
いにん,い,ん,0,high,ichi1|news1|nf22
さんだる,さ,る,0,high,gai1
いしひようじ,い,じ,0,high,news1|nf12
ふうぶつし,ふ,し,0,high,news1|nf22
めいろ,め,ろ,0,high,ichi1|news1|nf23
まいる,ま,る,0,high,gai1|ichi1|news2|nf35
せい,せ,い,0,high,ichi1|news1|nf03|nf04|nf05|nf06|nf07|nf09
つつしむ,つ,む,0,high,ichi1|ichi2|news2|nf47
じかい,じ,い,0,high,ichi1|news1|nf06
うんてんし,う,し,0,high,ichi1
ただい,た,い,0,high,ichi1|news1|nf12
とうきゆう,と,う,0,high,news1|nf04
げんめん,げ,ん,0,high,news1|nf14
ひろびろ,ひ,ろ,0,high,spec1
すいせん,す,ん,0,high,ichi1|news1|news2|nf02|nf28
きりくち,き,ち,0,high,news1|nf20
ふなびん,ふ,ん,0,high,ichi1|news2|nf35
おおげさ,お,さ,0,high,ichi1|news1|nf20|spec1
ねいる,ね,る,0,high,spec1
ぶつりがく,ぶ,く,0,high,news1|nf09
へあ,へ,あ,0,high,gai1
ぶんたい,ぶ,い,0,high,ichi1|news1|nf19
やこう,や,う,0,high,news2|nf26|spec1
かいきよう,か,う,0,high,ichi1|news1|nf09
さんけい,さ,い,0,high,news1|nf23
てくにつく,て,く,0,high,gai1|ichi1
はあばあ,は,あ,0,high,gai1
とみいがん,と,ん,0,high,gai1
したがき,し,き,0,high,ichi1|news2|nf37
なんにち,な,ち,0,high,spec1
こうぶん,こ,ん,0,high,news1|nf18
うんぬん,う,ん,0,high,spec1
すぴいち,す,ち,0,high,gai1|ichi1
そくする,そ,る,0,high,news1|nf15
にがお,に,お,0,high,news1|nf08
ふちやく,ふ,く,0,high,ichi1|news2|nf32
ならぶ,な,ぶ,0,high,ichi1|news2|nf29
おおきな,お,な,0,high,news1|nf04
によつてことなる,に,る,0,high,spec1
るうむ,る,む,0,high,gai1|ichi1
しかい,し,い,0,high,ichi1|news1|nf08|nf15|nf19
ゆつくり,ゆ,り,0,high,ichi1
みにこみ,み,み,0,high,gai1
くに,く,に,0,high,ichi1|news1|nf01|nf21
かわいい,か,い,0,high,ichi1|news2|nf32
とうやく,と,く,0,high,news1|nf22
こうりつてき,こ,き,0,high,news1|nf11
にじゆつさい,に,い,0,high,ichi1
だらす,だ,す,0,high,gai1
みんぞくしゆぎ,み,ぎ,0,high,news1|nf07
でんてつ,で,つ,0,high,news1|nf08
にんげんどつく,に,く,0,high,news1|nf24
あるみにうむ,あ,む,0,high,gai1|ichi1
とくする,と,る,0,high,ichi1
しんこく,し,く,0,high,ichi1|news1|nf02|nf05
やよい,や,い,0,high,news1|nf10
ぐたいてき,ぐ,き,0,high,ichi1|news1|nf01
おぺれえしよん,お,ん,0,high,gai1
かまあばんど,か,ど,0,high,gai1
おわる,お,る,0,high,ichi1|news1|nf11
あかんぼ,あ,ぼ,0,high,ichi1|news1|nf14
にゆうこく,に,く,0,high,ichi1|news1|nf07
たいあん,た,ん,0,high,news1|nf15
いつたりきたり,い,り,0,high,spec1
びばあく,び,く,0,high,gai1
くりつく,く,く,0,high,gai1
おおそどつくす,お,す,0,high,gai1
まだむ,ま,む,0,high,gai1
ほうぼう,ほ,う,0,high,ichi1
としよしつ,と,つ,0,high,ichi1
にじゆうにち,に,ち,0,high,ichi1|spec1
にんげん,に,ん,0,high,ichi1|news1|nf01
ますげえむ,ま,む,0,high,gai1
かいしん,か,ん,0,high,ichi1|news1|nf13|nf15
けいさつ,け,つ,0,high,ichi1|news1|nf01
まざこん,ま,ん,0,high,gai1
こめでいい,こ,い,0,high,gai1
じゆくち,じ,ち,0,high,news1|nf18
すうじ,す,じ,0,high,ichi1|news1|nf02|nf13
いちだんらく,い,く,0,high,ichi1|news1|nf13
あじあじん,あ,ん,0,high,spec1
せつりつ,せ,つ,0,high,ichi1|news1|nf03
こうてつ,こ,つ,0,high,news1|nf14
まがりかど,ま,ど,0,high,ichi1|news1|nf18
こくみんてき,こ,き,0,high,news1|nf10
せんたくもの,せ,の,0,high,spec1
ぞうよ,ぞ,よ,0,high,ichi1|news1|nf19
ぎるど,ぎ,ど,0,high,gai1
きゆうしん,き,ん,0,high,news1|nf08|nf22
むめんきよ,む,よ,0,high,news1|nf24
それる,そ,る,0,high,ichi1
ほつきよくけん,ほ,ん,0,high,news1|nf21
ばつく,ば,く,0,high,gai1|ichi1
びいち,び,ち,0,high,gai1|ichi1
ぼこう,ぼ,う,0,high,news1|nf13
しかいしや,し,や,0,high,news1|nf18
はつあん,は,ん,0,high,news1|nf19
りぽおたあ,り,あ,0,high,gai1
まくらめ,ま,め,0,high,gai1
きんきゆうじたいせんげん,き,ん,0,high,spec1
せいめいほけん,せ,ん,0,high,news1|nf08
ほりゆう,ほ,う,0,high,ichi1|news1|nf14
いきどまり,い,り,0,high,ichi1
かなりあ,か,あ,0,high,gai1
しやざい,し,い,0,high,ichi1|news1|nf06
ああちすと,あ,と,0,high,gai1
とびかう,と,う,0,high,news1|nf23
こい,こ,い,0,high,ichi1|news1|news2|nf06|nf17|nf30|nf32
もんてかるろ,も,ろ,0,high,gai1
ほんい,ほ,い,0,high,news1|nf09
げつまつ,げ,つ,0,high,ichi1|news1|nf15
ふたいてん,ふ,ん,0,high,news1|nf17
ざいじゆう,ざ,う,0,high,news1|nf04
いちじよ,い,よ,0,high,news1|nf22
きよえいしん,き,ん,0,high,ichi1
いけん,い,ん,0,high,ichi1|news1|nf01|nf05
わかい,わ,い,0,high,ichi1|news1|news2|nf03|nf30
むしゆうせい,む,い,0,high,spec1
ひきわけ,ひ,け,0,high,ichi1|news1|nf12
どなあ,ど,あ,0,high,gai1
ほおむすてい,ほ,い,0,high,gai1
すいおん,す,ん,0,high,news1|nf15
しやれ,し,れ,0,high,ichi1|news2|nf43
うきよえ,う,え,0,high,news1|nf16
どろぼう,ど,う,0,high,ichi1|news1|nf15
みはらし,み,し,0,high,ichi1|news2|nf40
なんにん,な,ん,0,high,spec1
ほうれんそう,ほ,う,0,high,ichi1
しゆつげき,し,き,0,high,news1|nf24
ほんね,ほ,ね,0,high,ichi1|news1|nf05
ぱあぷれえ,ぱ,え,0,high,gai1
うずくまる,う,る,0,high,ichi1
ほうけんてき,ほ,き,0,high,ichi1|news2|nf37
らつきいぞおん,ら,ん,0,high,gai1
かかる,か,る,0,high,ichi1|news2|nf47
ていめい,て,い,0,high,news1|nf03
でかた,で,た,0,high,news1|nf09
そうり,そ,り,0,high,ichi1|news1|nf02
なんもん,な,ん,0,high,ichi1|news1|nf09
はくせん,は,ん,0,high,ichi1|news2|nf36
すもおかあ,す,あ,0,high,gai1
なくす,な,す,0,high,ichi1
おおあたり,お,り,0,high,news1|nf24
でびすかつぷ,で,ぷ,0,high,gai1
とは,と,は,0,high,spec1
ああちえりい,あ,い,0,high,gai1
くいき,く,き,0,high,ichi1|news1|nf06
それぞれ,そ,れ,0,high,ichi1
つもる,つ,る,0,high,ichi1|news2|nf35
おにおん,お,ん,0,high,gai1
ほつといて,ほ,て,0,high,spec1
こんてい,こ,い,0,high,news1|nf10
がくし,が,し,0,high,news1|nf19
ちんあつ,ち,つ,0,high,news1|nf18
ふりいええじえんと,ふ,と,0,high,gai1
こんだくたあ,こ,あ,0,high,gai1
ぼうぶら,ぼ,ら,0,high,ichi1
ぼうえい,ぼ,い,0,high,ichi1|news1|nf01
しんごう,し,う,0,high,ichi1|news1|nf06
べるぎい,べ,い,0,high,spec1
ぽりいぷ,ぽ,ぷ,0,high,gai1
ねんぽう,ね,う,0,high,news1|nf09
おや,お,や,0,high,ichi1|news1|nf02
ぶんじよう,ぶ,う,0,high,news1|nf11|nf22
さけるい,さ,い,0,high,news1|nf15
らいしゆう,ら,う,0,high,ichi1|news1|nf06
しゆくふ,し,ふ,0,high,ichi1|news1|nf16|nf23
ぜんしゆう,ぜ,う,0,high,ichi1|news1|nf11|nf16
じようせい,じ,い,0,high,ichi1|news1|nf01|nf15
ろけつとだん,ろ,ん,0,high,spec1
みずべ,み,べ,0,high,news1|nf20
ようち,よ,ち,0,high,ichi1|news1|news2|nf06|nf32
しゆうかんし,し,し,0,high,ichi1
ちいずけえき,ち,き,0,high,gai1
そこう,そ,う,0,high,news1|nf20
まんげつ,ま,つ,0,high,ichi1|news2|nf26
はで,は,で,0,high,ichi1|news1|nf08
けえおお,け,お,0,high,gai1
みばらい,み,い,0,high,news1|nf13
たてつずけ,た,け,0,high,ichi1|news2|nf25
ぶつぶつ,ぶ,つ,0,high,ichi1
とうない,と,い,0,high,news1|nf02|nf22
ようちえん,よ,ん,0,high,ichi1|news1|nf07
きようしつ,き,つ,0,high,ichi1|news1|nf03
さいげつ,さ,つ,0,high,ichi1|news1|nf13
ひようする,ひ,る,0,high,news1|nf21
めいふく,め,く,0,high,spec1
ほんど,ほ,ど,0,high,news1|nf11
げんど,げ,ど,0,high,ichi1|news1|nf07
いんふれ,い,れ,0,high,gai1|ichi1
すてるす,す,す,0,high,gai1
もでるけえす,も,す,0,high,gai1
りさん,り,ん,0,high,news1|nf21
にちようひん,に,ん,0,high,ichi1|news1|nf20
ぜせい,ぜ,い,0,high,ichi1|news1|nf03
こめんてえたあ,こ,あ,0,high,gai1
がいむしよう,が,う,0,high,ichi1|news1|nf01
びいか,び,か,0,high,gai1
すかんく,す,く,0,high,gai1
とろ,と,ろ,0,high,news1|nf22|spec1
ぷろふいいる,ぷ,る,0,high,gai1
ぱとりおていずむ,ぱ,む,0,high,gai1
てごたえ,て,え,0,high,ichi1
ふくせん,ふ,ん,0,high,news1|nf22
けいかい,け,い,0,high,ichi1|news1|nf03|nf17
ゆうけんしや,ゆ,や,0,high,ichi1|news1|nf03
かかと,か,と,0,high,ichi1
おととし,お,し,0,high,ichi1|news1|nf02
うちようてん,う,ん,0,high,ichi1|news2|nf37
じようじゆう,じ,う,0,high,news1|nf12
ちいきしやかい,ち,い,0,high,news1|nf11
いいようがない,い,い,0,high,spec1
げつぷ,げ,ぷ,0,high,ichi1
とくい,と,い,0,high,ichi1|news1|nf05|nf11
あれるぎい,あ,い,0,high,gai1|ichi1
こうせいぶつしつ,こ,つ,0,high,news1|nf13
ほうたい,ほ,い,0,high,ichi1|news2|nf26
かんりやく,か,く,0,high,news1|nf22
ちくしよう,ち,う,0,high,ichi1
むきげん,む,ん,0,high,ichi1|news1|nf14
そなえ,そ,え,0,high,news1|nf15
めいきよく,め,く,0,high,news1|nf15
ひきざん,ひ,ん,0,high,ichi1
にゆうごく,に,く,0,high,ichi1|news1|nf07
なんというか,な,か,0,high,spec1
おろか,お,か,0,high,ichi1|news2|nf25
じじよう,じ,う,0,high,ichi1|news1|nf01|nf18|nf22
かおつき,か,き,0,high,ichi1|news2|nf32|spec1
しく,し,く,0,high,ichi1
かあん,か,ん,0,high,gai1
れんが,れ,が,0,high,ichi1|spec1
かんぷう,か,う,0,high,news1|nf07
おすみつき,お,き,0,high,spec1
ひんけつ,ひ,つ,0,high,ichi1|news1|nf20
くうちゆう,く,う,0,high,ichi1|news1|nf07
あうと,あ,と,0,high,gai1|ichi1
きんぐ,き,ぐ,0,high,gai1
けんきゆう,け,う,0,high,ichi1|news1|nf01
にゆうがく,に,く,0,high,ichi1|news1|nf04
こうたく,こ,く,0,high,news1|nf19
つつぱる,つ,る,0,high,ichi1|news2|nf33
うりあげ,う,げ,0,high,ichi1|news1|nf03|spec1
しいつ,し,つ,0,high,gai1|ichi1
そうりよう,そ,う,0,high,news1|nf08|nf15
かあねえしよん,か,ん,0,high,gai1|ichi1
むせきにん,む,ん,0,high,ichi1|news1|nf12
ぼうおん,ぼ,ん,0,high,ichi1|news1|nf21
ぴんちひつたあ,ぴ,あ,0,high,gai1
ぜいかん,ぜ,ん,0,high,ichi1|news1|nf11
おなら,お,ら,0,high,ichi1
ふるす,ふ,す,0,high,news1|nf22
にひやくはつか,に,か,0,high,news1|nf17
まごまご,ま,ご,0,high,ichi1
ぜんやさい,ぜ,い,0,high,news2|nf27|spec1
せいじりよく,せ,く,0,high,news1|nf15
もぐ,も,ぐ,0,high,ichi1
はつげん,は,ん,0,high,ichi1|news1|nf01
ぜんべい,ぜ,い,0,high,news1|nf04
うてん,う,ん,0,high,ichi1|news1|nf22
しやつくり,し,り,0,high,ichi1
みみつく,み,く,0,high,gai1
ふいいりんぐ,ふ,ぐ,0,high,gai1
いそいそ,い,そ,0,high,ichi1
はつうり,は,り,0,high,spec1
いちいち,い,ち,0,high,ichi1|news1|nf10
なかじま,な,ま,0,high,news1|nf05
かるがりい,か,い,0,high,gai1
たんぼ,た,ぼ,0,high,ichi2|spec1
さがしもの,さ,の,0,high,spec1
ばるぶ,ば,ぶ,0,high,gai1
うみのおや,う,や,0,high,news1|nf19
すにいかあ,す,あ,0,high,gai1
ぎたあ,ぎ,あ,0,high,gai1|ichi1
ほうしん,ほ,ん,0,high,ichi1|news1|nf01
いつしよに,い,に,0,high,ichi1
ざぜん,ざ,ん,0,high,ichi1|news2|nf30
いつもどおり,い,り,0,high,spec1
おめでとう,お,う,0,high,ichi1
みかい,み,い,0,high,ichi1|news2|nf39
とがる,と,る,0,high,ichi1
むくわれる,む,る,0,high,news1|nf20
しんけいしつ,し,つ,0,high,news1|nf15
やや,や,や,0,high,ichi1
つきそい,つ,い,0,high,ichi1|news1|nf19
がいちゆう,が,う,0,high,ichi1|news1|nf20
ぱあじ,ぱ,じ,0,high,gai1
しろい,し,い,0,high,ichi1|news1|nf16
どうい,ど,い,0,high,ichi1|news1|nf06
さつかあ,さ,あ,0,high,gai1|ichi1
ねんかい,ね,い,0,high,news1|nf20
ぶろぐ,ぶ,ぐ,0,high,gai1
やすあがり,や,り,0,high,news1|nf21
ばつ,ば,つ,0,high,ichi1
じやま,じ,ま,0,high,ichi1|news1|nf14
れんめい,れ,い,0,high,news1|nf02|nf19
あん,あ,ん,0,high,ichi1|news1|nf19
しばふ,し,ふ,0,high,ichi1|news1|nf14
けつさく,け,く,0,high,ichi1|news1|nf13
めいもん,め,ん,0,high,ichi1|news1|nf09
かんこおひい,か,い,0,high,spec1
ちゆうごくじん,ち,ん,0,high,news1|nf04
きやびん,き,ん,0,high,gai1
まさに,ま,に,0,high,ichi1|news2|nf45
わたくしりつ,わ,つ,0,high,ichi1|news1|nf03
だろうか,だ,か,0,high,spec1
ついじ,つ,じ,0,high,news1|nf08
りやくしき,り,き,0,high,news1|nf13
ふんがい,ふ,い,0,high,ichi1|news1|nf22
うろこ,う,こ,0,high,news2|nf36|spec1
いのる,い,る,0,high,ichi1|news2|nf46
まるみ,ま,み,0,high,ichi1|news1|nf24
くりにつく,く,く,0,high,gai1
ふひつよう,ふ,う,0,high,ichi1|news1|nf15
ぜんよう,ぜ,う,0,high,news1|nf09
ちほうぎようせい,ち,い,0,high,news1|nf22
つなわち,つ,ち,0,high,ichi1|news2|nf43
およそ,お,そ,0,high,ichi1
けつとう,け,う,0,high,news1|nf14
たいいくかん,た,ん,0,high,spec1
ぷろじえくたあ,ぷ,あ,0,high,gai1
ぎぶあつぷ,ぎ,ぷ,0,high,gai1
いちれい,い,い,0,high,news1|nf14
であし,で,し,0,high,news1|nf12
みせる,み,る,0,high,ichi1|news2|nf35
へんとう,へ,う,0,high,ichi1|news1|nf20
るいけい,る,い,0,high,news1|nf13
にんしよう,に,う,0,high,news1|nf15
しんふおにい,し,い,0,high,gai1
けつさい,け,い,0,high,news1|nf09|nf23
こすと,こ,と,0,high,gai1
はんべい,は,い,0,high,news1|nf14
しつこい,し,い,0,high,ichi1
すいしよう,す,う,0,high,news1|nf19
こしかける,こ,る,0,high,ichi1|news2|nf35
よかつたら,よ,ら,0,high,news1|nf08
くうしゆう,く,う,0,high,news1|nf10
しぼうりつ,し,つ,0,high,news1|nf12
なんかん,な,ん,0,high,ichi1|news1|nf14
にゆうねん,に,ん,0,high,ichi1|news1|nf20
じゆうけいてい,じ,い,0,high,ichi1
すぎる,す,る,0,high,ichi1|news2|nf34
がか,が,か,0,high,ichi1|news1|nf05
うちわけ,う,け,0,high,news1|nf07
ふうぞく,ふ,く,0,high,ichi1|news1|nf10
あいてどる,あ,る,0,high,news1|nf11
めざましどけい,め,い,0,high,ichi1|news2|nf34
わたくしたち,わ,ち,0,high,ichi1|news2|nf39|spec1
さいなん,さ,ん,0,high,ichi1|news2|nf27
ちようたん,ち,ん,0,high,news1|nf08
ふいるはあもにい,ふ,い,0,high,gai1
ばくだい,ば,い,0,high,ichi1
たのみ,た,み,0,high,ichi1|news1|nf12
まとめる,ま,る,0,high,ichi1
あてな,あ,な,0,high,ichi1
らいん,ら,ん,0,high,gai1
かいきん,か,ん,0,high,news1|nf08
ぼくちく,ぼ,く,0,high,ichi1|news2|nf31
きさい,き,い,0,high,news1|nf08|nf22
そそつかしい,そ,い,0,high,ichi1
じんめい,じ,い,0,high,ichi1|news1|nf15|nf21
なんぴようよう,な,う,0,high,news1|nf20
にとつて,に,て,0,high,spec1
てつこう,て,う,0,high,news1|nf04|nf23
てんない,て,い,0,high,news1|nf09
しんはつばい,し,い,0,high,spec1
かかえる,か,る,0,high,ichi1|news1|nf08
くすりゆび,く,び,0,high,ichi1|news2|nf38
しぐれ,し,れ,0,high,ichi1|news2|nf33
ろびんぐ,ろ,ぐ,0,high,gai1
すばやい,す,い,0,high,ichi1|news1|nf13
げんざい,げ,い,0,high,ichi1|news1|nf01
かたずける,か,る,0,high,ichi1|news2|nf37
おもちや,お,や,0,high,ichi1|news1|nf22
てんじよう,て,う,0,high,ichi1|news1|nf07|nf23
くどう,く,う,0,high,news1|nf11
きたない,き,い,0,high,ichi1|news2|nf35
だあす,だ,す,0,high,gai1|ichi1
じよきようじゆ,じ,ゆ,0,high,ichi1|news1|nf04
じんしん,じ,ん,0,high,news1|nf18
よくい,よ,い,0,high,ichi1|news1|nf17
ぷれえやあ,ぷ,あ,0,high,gai1
かばう,か,う,0,high,ichi1
かおあわせ,か,せ,0,high,news1|nf16
しはん,し,ん,0,high,ichi1|news1|nf11|nf22
みなみ,み,み,0,high,ichi1|news1|nf01
があでいあん,が,ん,0,high,gai1
とほう,と,う,0,high,news1|nf17
かろおら,か,ら,0,high,gai1
ちんか,ち,か,0,high,news1|nf18
しんさ,し,さ,0,high,news1|nf02
とおやま,と,ま,0,high,news1|nf20
まじつく,ま,く,0,high,gai1
ごげん,ご,ん,0,high,ichi1|news1|nf23
しゆくえき,し,き,0,high,news1|nf16
ふろつぴい,ふ,い,0,high,gai1
ありよう,あ,う,0,high,ichi1|news1|nf23
さかて,さ,て,0,high,news1|nf19
うらぐち,う,ち,0,high,ichi1|news1|nf24
ごうう,ご,う,0,high,news1|nf17
かん,か,ん,0,high,ichi1|news1|nf03|nf06|nf08|nf12|nf13|nf20|spec1
まいく,ま,く,0,high,gai1|ichi1
めどれえ,め,え,0,high,gai1
ましいん,ま,ん,0,high,gai1
けいばじよう,け,う,0,high,news1|nf11
しんよ,し,よ,0,high,ichi1|news2|nf42|spec2
あゆむ,あ,む,0,high,ichi1|news2|nf46
にゆうふえいす,に,す,0,high,gai1
わりだす,わ,す,0,high,ichi1|news1|nf20
しようてんがい,し,い,0,high,spec1
めいぼく,め,く,0,high,ichi1|news1|nf16
ぶちきれ,ぶ,れ,0,high,spec1
ふいりぴん,ふ,ん,0,high,spec1
いちにちじゆう,い,う,0,high,ichi1
しめつけ,し,け,0,high,news1|nf20
りくるうと,り,と,0,high,gai1
みやげ,み,げ,0,high,ichi1|news1|nf11
あすりいと,あ,と,0,high,gai1
こうさ,こ,さ,0,high,ichi1|news2|nf31
こじんてき,こ,き,0,high,news1|nf06
へんぴん,へ,ん,0,high,news2|nf29|spec1
ふらん,ふ,ん,0,high,gai1
そうげん,そ,ん,0,high,ichi1|news1|nf13
こうらい,こ,い,0,high,news1|nf19
こころいき,こ,き,0,high,news1|nf22
ぼうさい,ぼ,い,0,high,ichi1|news1|nf06
きゆうくつ,き,つ,0,high,ichi1|news1|nf22
かこう,か,う,0,high,ichi1|news1|news2|nf05|nf08|nf10|nf14|nf40
せいちよう,せ,う,0,high,ichi1|news1|nf01|nf17|nf18
かいぶつ,か,つ,0,high,news1|nf20
かいいん,か,ん,0,high,ichi1|news1|nf01
げきだん,げ,ん,0,high,news1|nf05
ちじ,ち,じ,0,high,ichi1|news1|nf01
ぷろもおと,ぷ,と,0,high,gai1
こみつと,こ,と,0,high,gai1
わしき,わ,き,0,high,ichi1
びようり,び,り,0,high,news1|nf14
せんいき,せ,き,0,high,news1|nf22
こうさい,こ,い,0,high,ichi1|news1|nf04|nf11|nf17
しようひぜい,し,い,0,high,news1|nf02
もんよう,も,う,0,high,news1|news2|nf21|nf38
はやぶさ,は,さ,0,high,news1|nf24
あおぐ,あ,ぐ,0,high,ichi1|news2|nf30
ひとまず,ひ,ず,0,high,ichi1
てりいぬ,て,ぬ,0,high,gai1
ぼおだあ,ぼ,あ,0,high,gai1
みにまむ,み,む,0,high,gai1
こんび,こ,び,0,high,gai1
じゆんじよう,じ,う,0,high,ichi1|news2|nf34
りれきしよ,り,よ,0,high,ichi1|news1|nf21
てんのうへいか,て,か,0,high,news1|nf06
いえがら,い,ら,0,high,ichi1|news2|nf37
びつと,び,と,0,high,gai1
へでいんぐ,へ,ぐ,0,high,gai1
じんつう,じ,う,0,high,news1|nf23
めい,め,い,0,high,ichi1|news2|nf39
にいちやん,に,ん,0,high,news1|nf24
けいだい,け,い,0,high,ichi1|news1|nf13
ばぬし,ば,し,0,high,news1|nf23
こうこうせい,こ,い,0,high,ichi1|news1|nf03
うらずける,う,る,0,high,news2|nf46|spec1
はくないしよう,は,う,0,high,news1|nf21
はんさよう,は,う,0,high,ichi1|news2|nf42
つうしん,つ,ん,0,high,ichi1|news1|nf01
すう,す,う,0,high,ichi1|news2|nf34
ていき,て,き,0,high,ichi1|news1|nf03|nf13
きちんと,き,と,0,high,ichi1
いちねんじゆう,い,う,0,high,ichi1
きやんぱあ,き,あ,0,high,gai1
はもの,は,の,0,high,news1|nf11
げんざいりよう,げ,う,0,high,news1|nf15
くくる,く,る,0,high,ichi1
てんしゆつ,て,つ,0,high,news1|nf21
ひこうかい,ひ,い,0,high,news1|nf09
さんたくろおす,さ,す,0,high,gai1
つながる,つ,る,0,high,ichi1
おでこ,お,こ,0,high,ichi1
ねんれいそう,ね,う,0,high,news1|nf16
あまぐ,あ,ぐ,0,high,ichi1|news2|nf46
とうかく,と,く,0,high,news1|nf19|nf24
ちからもち,ち,ち,0,high,ichi1|news2|nf30
もめる,も,る,0,high,ichi1
いきない,い,い,0,high,news1|nf08
くちけんか,く,か,0,high,ichi1
おかしや,お,や,0,high,spec1
かいとう,か,う,0,high,ichi1|news1|nf02|nf08|nf16
しゆうぶん,し,ん,0,high,ichi1
むにん,む,ん,0,high,ichi1|news1|nf10
こんにちわ,こ,わ,0,high,ichi1
たえず,た,ず,0,high,ichi1
かんさやく,か,く,0,high,news1|nf09
じこくひよう,じ,う,0,high,news2|nf28|spec1
すたん,す,ん,0,high,gai1
すわつぷ,す,ぷ,0,high,gai1
にごう,に,う,0,high,news1|nf22
がつか,が,か,0,high,ichi1|news1|nf06
どつきんほう,ど,う,0,high,news1|nf08
こころ,こ,ろ,0,high,ichi1
みち,み,ち,0,high,ichi1|news1|nf01|nf13|nf24
ぎふ,ぎ,ふ,0,high,ichi1|news1|nf05|nf12
もけい,も,い,0,high,ichi1|news1|nf11
かんぜん,か,ん,0,high,ichi1|news1|nf04
ようがん,よ,ん,0,high,news1|nf08
ろまん,ろ,ん,0,high,gai1
ちゆうしやじよう,ち,う,0,high,ichi1|news1|nf05
ゆにつと,ゆ,と,0,high,gai1
かりきゆらむ,か,む,0,high,gai1
きようか,き,か,0,high,ichi1|news1|nf01|nf11
よんほん,よ,ん,0,high,news1|nf17
げんに,げ,に,0,high,ichi1|news1|nf12
なか,な,か,0,high,ichi1|news1|nf07
かさい,か,い,0,high,ichi1|news1|nf05|nf14
すうふん,す,ん,0,high,spec1
しみいず,し,ず,0,high,gai1
れんらくさき,れ,き,0,high,spec1
へだてる,へ,る,0,high,ichi1|news1|nf21
じゆうなん,じ,ん,0,high,ichi1|news1|nf04
そうかいや,そ,や,0,high,news1|nf06
だんさあ,だ,あ,0,high,gai1
がしん,が,ん,0,high,ichi1|news1|nf22
とびだし,と,し,0,high,news1|nf12
ぴあす,ぴ,す,0,high,gai1
じよれつ,じ,つ,0,high,news1|nf17
かいひ,か,ひ,0,high,ichi1|news1|nf07|nf08
だいこうひよう,だ,う,0,high,spec1
しつぎよう,し,う,0,high,ichi1|news1|nf03
はなぞの,は,の,0,high,news1|nf12
とうかん,と,ん,0,high,spec1
はなす,は,す,0,high,ichi1|news1|news2|nf21|nf30|nf45
ひやくとおばん,ひ,ん,0,high,spec1
そつぎようご,そ,ご,0,high,spec1
ひる,ひ,る,0,high,ichi1|news1|nf04
はんよう,は,う,0,high,news1|nf24
あんぎや,あ,や,0,high,news1|nf22
せんせき,せ,き,0,high,news1|nf17|nf21
こんぴゆうたあ,こ,あ,0,high,gai1|ichi1
じまえ,じ,え,0,high,news1|nf11
おととい,お,い,0,high,ichi1|news2|nf40
おとこまえ,お,え,0,high,ichi1|news1|nf23
すかうと,す,と,0,high,gai1
よそうがい,よ,い,0,high,news1|nf11
とちよう,と,う,0,high,ichi1|news1|nf11
おつそおい,お,い,0,high,ichi1|news1|nf18
かいがん,か,ん,0,high,ichi1|news1|nf05
ふたつ,ふ,つ,0,high,ichi1|news1|nf02
ちゆうぶる,ち,る,0,high,ichi1|news1|nf11
けつね,け,ね,0,high,ichi1|news1|nf23
みやくらく,み,く,0,high,ichi1|news2|nf30
のこらず,の,ず,0,high,ichi1|news1|nf18
こくどちよう,こ,う,0,high,news1|nf08
せし,せ,し,0,high,ichi1
てびきしよ,て,よ,0,high,news1|nf22
すてえたす,す,す,0,high,gai1
びそく,び,く,0,high,news1|nf23
いくたび,い,び,0,high,ichi1
こおるどげえむ,こ,む,0,high,gai1
たくらみ,た,み,0,high,ichi1
しりあう,し,う,0,high,ichi1|news1|nf16
きじん,き,ん,0,high,ichi1
いかん,い,ん,0,high,ichi1|news1|nf06|nf15
だついじよ,だ,よ,0,high,ichi1
かた,か,た,0,high,ichi1|news1|nf03|nf05|nf24
るい,る,い,0,high,ichi1|news1|nf18
ていさつ,て,つ,0,high,ichi1|news1|nf12
じようれん,じ,ん,0,high,news1|nf12
とうびよう,と,う,0,high,news1|nf16
くち,く,ち,0,high,ichi1|news1|nf02
こてんてき,こ,き,0,high,news1|nf23
あるかり,あ,り,0,high,gai1|ichi1
おちど,お,ど,0,high,news1|nf21
かんこく,か,く,0,high,news1|nf01|nf04
わりあいに,わ,に,0,high,ichi1
きねんひ,き,ひ,0,high,news1|nf15
せつとう,せ,う,0,high,news1|nf10
ともかく,と,く,0,high,ichi1
びりびり,び,り,0,high,ichi1|spec1
ていか,て,か,0,high,ichi1|news1|nf03|nf10
なごやか,な,か,0,high,ichi1|news2|nf26
なにぶん,な,ん,0,high,ichi1|news2|nf40
しゆうひよう,し,う,0,high,news1|nf19
たかくてき,た,き,0,high,news1|nf13
ふてきとう,ふ,う,0,high,news1|nf22
ぽたあじゆ,ぽ,ゆ,0,high,gai1
れいさい,れ,い,0,high,news1|nf18
ぞい,ぞ,い,0,high,ichi1|news1|nf07
はつかん,は,ん,0,high,news1|news2|nf23|nf35|spec1
いくどうおん,い,ん,0,high,news1|nf23
ひようじゆん,ひ,ん,0,high,ichi1|news1|nf04
としをとる,と,る,0,high,spec1
ひじように,ひ,に,0,high,ichi1
せんぎよ,せ,よ,0,high,news1|nf23
すていたす,す,す,0,high,gai1
びようじやく,び,く,0,high,ichi1|news1|nf24
ちくせき,ち,き,0,high,ichi1|news1|nf12
さき,さ,き,0,high,ichi1|news1|nf10|nf22
せがむ,せ,む,0,high,ichi1
きゆうり,き,り,0,high,ichi1
つくよ,つ,よ,0,high,ichi1|news2|nf42
かつぷる,か,る,0,high,gai1|ichi1
そうぞうしい,そ,い,0,high,ichi1|news2|nf38
みなまたびよう,み,う,0,high,news1|nf07
なれ,な,れ,0,high,ichi1|news1|nf20
かど,か,ど,0,high,ichi1|news1|nf06|nf11
おじいさん,お,ん,0,high,ichi1
ふくへい,ふ,い,0,high,news1|nf23
しかない,し,い,0,high,spec1
ていしよく,て,く,0,high,ichi1|news1|nf14|nf22
しゆうあけ,し,け,0,high,news1|nf08
たいぐう,た,う,0,high,ichi1|news1|nf06
ていきびん,て,ん,0,high,news1|nf24
いんよう,い,う,0,high,ichi1|news1|nf17
すいさんちよう,す,う,0,high,news1|nf14
きぼう,き,う,0,high,ichi1|news1|nf02
せんちめんたる,せ,る,0,high,gai1
ぱるぷ,ぱ,ぷ,0,high,gai1
きつえん,き,ん,0,high,ichi1|news1|nf07
しゆうとく,し,く,0,high,ichi1|news1|news2|nf21|nf39
どろどろ,ど,ろ,0,high,ichi1|spec1
じやあなる,じ,る,0,high,gai1
あんどろいど,あ,ど,0,high,gai1
はつか,は,か,0,high,ichi1|news1|nf23|spec1
じよげん,じ,ん,0,high,ichi1|news1|nf12
ぼうふうう,ぼ,う,0,high,ichi1|news2|nf32
いつせん,い,ん,0,high,news1|nf07|nf16|nf23|spec1
あまだれ,あ,れ,0,high,ichi1
させる,さ,る,0,high,spec1
しよくしゆ,し,ゆ,0,high,news1|nf11
りゆうしゆつ,り,つ,0,high,news1|nf06
かある,か,る,0,high,gai1
もちまえ,も,え,0,high,news1|nf15
かんきゆう,か,う,0,high,news1|nf15
きやぷてん,き,ん,0,high,gai1
になると,に,と,0,high,spec1
ひるごはん,ひ,ん,0,high,spec1
かいかん,か,ん,0,high,news1|nf02|nf15|nf20
やくす,や,す,0,high,ichi1|news2|nf32
にほんがくじゆつかいぎ,に,ぎ,0,high,news1|nf21
とらんしいばあ,と,あ,0,high,gai1
ちいき,ち,き,0,high,ichi1|news1|nf01
そつと,そ,と,0,high,ichi1
のける,の,る,0,high,ichi1
くわ,く,わ,0,high,news1|nf20
こうさつ,こ,つ,0,high,news1|nf21
ないほう,な,う,0,high,news1|nf24
ぼうだん,ぼ,ん,0,high,news1|nf23
ほわいと,ほ,と,0,high,gai1
あくしでんと,あ,と,0,high,gai1
だげき,だ,き,0,high,ichi1|news1|nf03
きぶん,き,ん,0,high,ichi1|news1|nf03
くき,く,き,0,high,ichi1|news1|nf14
ゆうわ,ゆ,わ,0,high,news1|nf12
はんこう,は,う,0,high,ichi1|news1|news2|nf04|nf26
いじめる,い,る,0,high,ichi1
ごしよ,ご,よ,0,high,news1|nf15
とくひつ,と,つ,0,high,news1|nf23
くにぐに,く,に,0,high,ichi1|news1|nf07
くうきい,く,い,0,high,gai1
れんさ,れ,さ,0,high,news1|nf17
みはか,み,か,0,high,news1|nf11
でえた,で,た,0,high,gai1|ichi1
ほんがん,ほ,ん,0,high,news1|nf11
うえでいんぐどれす,う,す,0,high,gai1|spec1
たんじゆう,た,う,0,high,news1|nf16
じやんけん,じ,ん,0,high,spec1
よくぼう,よ,う,0,high,ichi1|news1|nf14
うまれる,う,る,0,high,ichi1
くろすわあど,く,ど,0,high,gai1
よりわける,よ,る,0,high,ichi1
あくま,あ,ま,0,high,ichi1|news1|nf10
そうきん,そ,ん,0,high,ichi1|news1|nf10
てきど,て,ど,0,high,ichi1|news1|nf19
しんろう,し,う,0,high,news1|nf22
うおつちんぐ,う,ぐ,0,high,spec1
せいか,せ,か,0,high,ichi1|news1|news2|nf02|nf16|nf17|nf21|nf25
おじぎ,お,ぎ,0,high,ichi1|news2|nf39
ちやねりんぐ,ち,ぐ,0,high,gai1
じかんたい,じ,い,0,high,spec1
ゆだやきよう,ゆ,う,0,high,spec1
でんばた,で,た,0,high,ichi1|news1|nf16
ろでお,ろ,お,0,high,gai1
がじえつと,が,と,0,high,gai1
ふおおみゆらかあ,ふ,あ,0,high,gai1
のうこう,の,う,0,high,ichi1|news1|nf11|nf21
りくじよう,り,う,0,high,ichi1|news1|nf05
しいずん,し,ん,0,high,gai1|ichi1
ごにん,ご,ん,0,high,news1|nf21
かいかい,か,い,0,high,ichi1|news1|nf04
ぼくら,ぼ,ら,0,high,spec1
ふほんい,ふ,い,0,high,ichi1|news1|nf16
ふぜい,ふ,い,0,high,news1|nf20
やばい,や,い,0,high,spec1
むせん,む,ん,0,high,ichi1|news1|nf06
ばあすと,ば,と,0,high,gai1
むかむか,む,か,0,high,ichi1
けんあん,け,ん,0,high,news1|nf06
うらぎりもの,う,の,0,high,news1|nf24
ちんきん,ち,ん,0,high,ichi1|news1|nf04
たい,た,い,0,high,gai1|ichi1|news1|news2|nf04|nf09|nf30|spec1
にゆうせき,に,き,0,high,ichi1|news2|nf39
かんそく,か,く,0,high,ichi1|news1|nf02
きんようび,き,び,0,high,ichi1
ありばい,あ,い,0,high,gai1|ichi1
りくぐん,り,ん,0,high,ichi1|news1|nf06
しばらく,し,く,0,high,ichi1
もんくなし,も,し,0,high,spec1
そうきゆう,そ,う,0,high,news1|nf04|nf15
じつは,じ,は,0,high,ichi1|news1|nf03
てんごく,て,く,0,high,ichi1|news1|nf10
どらまちつく,ど,く,0,high,gai1
ろうれい,ろ,い,0,high,news1|nf14
かんぽうやく,か,く,0,high,ichi1|news1|nf18
ほんこう,ほ,う,0,high,news2|nf25|spec1
きふく,き,く,0,high,news1|nf20
ふわたり,ふ,り,0,high,news1|nf19
しちようそん,し,ん,0,high,news1|nf04
きた,き,た,0,high,ichi1|news1|nf01
こんだん,こ,ん,0,high,news1|nf03
ごすぺる,ご,る,0,high,gai1
わらびい,わ,い,0,high,gai1
らぼ,ら,ぼ,0,high,gai1
ひとで,ひ,で,0,high,ichi1|news1|nf17
ふかくじつ,ふ,つ,0,high,news1|nf20
りきつど,り,ど,0,high,gai1
はあどろつく,は,く,0,high,gai1
かくさん,か,ん,0,high,news1|nf04|nf20
かりに,か,に,0,high,ichi1|news1|nf05
しやせん,し,ん,0,high,news1|nf16
ちようじ,ち,じ,0,high,ichi1|news1|nf02|nf24
もともと,も,と,0,high,ichi1|news2|nf33
ふた,ふ,た,0,high,ichi1|news1|news2|nf01|nf30
ゆうびんきよく,ゆ,く,0,high,ichi1|news1|nf07
べんご,べ,ご,0,high,ichi1|news1|nf05
せいじよう,せ,う,0,high,ichi1|news1|nf02|nf14|nf24
こぺるにくす,こ,す,0,high,gai1
さおとめ,さ,め,0,high,news1|nf13
どらすちつく,ど,く,0,high,gai1
しにあ,し,あ,0,high,gai1
ぼち,ぼ,ち,0,high,ichi1|news1|nf08
しよくひ,し,ひ,0,high,ichi1|news1|nf17
かわら,か,ら,0,high,ichi1|news1|nf09|nf12
いしき,い,き,0,high,ichi1|news1|nf02
けんきゆうかん,け,ん,0,high,news1|nf22
てんじかい,て,い,0,high,news1|nf13
しようとつ,し,つ,0,high,ichi1|news1|nf04
しろきぬ,し,ぬ,0,high,ichi1|news1|nf23
もくぞう,も,う,0,high,ichi1|news1|nf06
じつしゆう,じ,う,0,high,ichi1|news1|nf11
そとずけ,そ,け,0,high,spec1
へいさつ,へ,つ,0,high,news1|nf09
ごおるいん,ご,ん,0,high,gai1
ようしよく,よ,く,0,high,ichi1|news1|nf11|nf18|nf24
えいきゆう,え,う,0,high,ichi1|news1|nf11
からて,か,て,0,high,ichi1|news1|nf20
かるてつと,か,と,0,high,gai1
かゆい,か,い,0,high,ichi1
でなければ,で,ば,0,high,spec1
めぞそぷらの,め,の,0,high,gai1
こくさい,こ,い,0,high,ichi1|news1|nf01|nf03
わかれめ,わ,め,0,high,news1|nf24
ぶんきてん,ぶ,ん,0,high,news1|nf19
さいよう,さ,う,0,high,ichi1|news1|nf02
えりすぐり,え,り,0,high,spec1
あるぷす,あ,す,0,high,gai1
さいか,さ,か,0,high,news1|nf18
まひ,ま,ひ,0,high,ichi1|news2|nf47
てかず,て,ず,0,high,ichi1|news2|nf30
こうきん,こ,ん,0,high,news1|nf20|nf22|nf24
どりんく,ど,く,0,high,gai1
まらそん,ま,ん,0,high,gai1|ichi1
ことに,こ,に,0,high,ichi1
べてらん,べ,ん,0,high,gai1|ichi1
ぼうりよくだん,ぼ,ん,0,high,news1|nf02
いえあるじ,い,じ,0,high,ichi1|news1|nf20
えいようし,え,し,0,high,news1|nf16
いとてき,い,き,0,high,news1|nf14
ちつとも,ち,も,0,high,ichi1
たいきゆうせい,た,い,0,high,news1|nf24
ぶんぱい,ぶ,い,0,high,ichi1|news1|nf10
はむすたあ,は,あ,0,high,gai1
ゆうそう,ゆ,う,0,high,ichi1|news1|nf12
じよじよう,じ,う,0,high,news1|nf22
ぷんぷん,ぷ,ん,0,high,ichi1
しゆうず,し,ず,0,high,gai1|ichi1
あそび,あ,び,0,high,ichi1|news1|nf04
ひだりうで,ひ,で,0,high,news1|nf07
ばいきん,ば,ん,0,high,ichi1
じつすう,じ,う,0,high,news1|nf21
かくじゆう,か,う,0,high,news1|nf08
もるたる,も,る,0,high,gai1
ちよくせつてき,ち,き,0,high,news1|nf14
とくしゆ,と,ゆ,0,high,ichi1|news1|nf04
しんえい,し,い,0,high,news1|nf10|nf16
とうらく,と,く,0,high,news1|nf21
こんぷれつくす,こ,す,0,high,gai1|ichi1
びつぐいべんと,び,と,0,high,gai1
ぜんてい,ぜ,い,0,high,ichi1|news1|nf02
ぶたいうら,ぶ,ら,0,high,news1|nf14
ぽおとれえと,ぽ,と,0,high,spec1
むな,む,な,0,high,ichi1|news1|nf02
びせいぶつ,び,つ,0,high,news1|nf14
あお,あ,お,0,high,ichi1|news1|nf03
ぴらみつど,ぴ,ど,0,high,gai1
やくしや,や,や,0,high,ichi1|news1|nf07|nf18
はしわたし,は,し,0,high,news1|nf16
てきれい,て,い,0,high,news1|nf24
ふえいく,ふ,く,0,high,gai1
ふろんと,ふ,と,0,high,gai1|ichi1
みぎて,み,て,0,high,ichi1|news1|nf08
なくてはいけない,な,い,0,high,spec1
すつごい,す,い,0,high,spec1
ねんいり,ね,り,0,high,ichi1|news2|nf28
かなめ,か,め,0,high,ichi1|news1|nf14
このへん,こ,ん,0,high,spec1
きつちん,き,ん,0,high,gai1|ichi1
のなか,の,か,0,high,news1|nf14
こうねつひ,こ,ひ,0,high,ichi1|news2|nf32
うえした,う,た,0,high,ichi1
すきやなあ,す,あ,0,high,gai1
ななめ,な,め,0,high,ichi1|news1|nf15
かに,か,に,0,high,ichi1|news2|nf43
こうつうきかん,こ,ん,0,high,news1|nf17
れんたる,れ,る,0,high,gai1|ichi1
かぎ,か,ぎ,0,high,ichi1|news1|nf18
しよくどう,し,う,0,high,ichi1|news1|nf08|nf16
あつと,あ,と,0,high,gai1
すまあと,す,と,0,high,gai1|ichi1
くそ,く,そ,0,high,spec1
たんじよう,た,う,0,high,ichi1|news1|nf03
しんりてき,し,き,0,high,spec1
わたり,わ,り,0,high,news1|nf18
とうしん,と,ん,0,high,ichi1|news1|nf03|nf11|nf21
ぶんみん,ぶ,ん,0,high,news1|nf06
にゆうとう,に,う,0,high,news1|nf22
まあまあ,ま,あ,0,high,ichi1
どうぎ,ど,ぎ,0,high,news1|nf12|nf18
あがる,あ,る,0,high,ichi1|news1|nf13
はつそう,は,う,0,high,ichi1|news1|nf04|nf24
もりすだんす,も,す,0,high,gai1
しずく,し,く,0,high,ichi1|news2|nf41
ふおつくすとろつと,ふ,と,0,high,gai1
ほりかわ,ほ,わ,0,high,news1|nf23
ねつい,ね,い,0,high,ichi1|news1|nf09
みれん,み,ん,0,high,ichi1|news1|nf23
ないじつ,な,つ,0,high,news1|nf22
あおじろい,あ,い,0,high,ichi1|news2|nf40
まろい,ま,い,0,high,ichi1|news1|nf19
しよてん,し,ん,0,high,ichi1|news1|nf04
よびこう,よ,う,0,high,ichi1
こんか,こ,か,0,high,news1|nf07
うけつぐ,う,ぐ,0,high,ichi1|news1|nf20
ききめ,き,め,0,high,ichi1|news1|nf21
だめえじ,だ,じ,0,high,gai1
のうじよう,の,う,0,high,ichi1|news1|nf10
ちやくちやく,ち,く,0,high,ichi1|news2|nf43
してつ,し,つ,0,high,ichi1|news1|nf09
きようめい,き,い,0,high,news1|nf24
てきごう,て,う,0,high,news1|nf18
しゆくが,し,が,0,high,news1|nf11
びぼうじん,び,ん,0,high,news1|nf22
やりとり,や,り,0,high,ichi1
じだん,じ,ん,0,high,news1|nf23
まちうける,ま,る,0,high,ichi1|news1|nf19
ふんわり,ふ,り,0,high,spec1
にゆうえん,に,ん,0,high,news1|nf17
いまいち,い,ち,0,high,spec1
めいしん,め,ん,0,high,ichi1|news2|nf37
いくさ,い,さ,0,high,news1|nf14
ぶつりゆう,ぶ,う,0,high,news1|nf11
じゆうにん,じ,ん,0,high,news1|nf15
しえすた,し,た,0,high,gai1
よつとはあばあ,よ,あ,0,high,gai1
おんしらず,お,ず,0,high,ichi1
みよう,み,う,0,high,ichi1|news1|nf07
めいと,め,と,0,high,spec1
そつち,そ,ち,0,high,ichi1
しようび,し,び,0,high,ichi1|news2|nf27
かわせ,か,せ,0,high,ichi1|news1|nf03
ねさがり,ね,り,0,high,ichi1|news1|nf18
ゆきすぎる,ゆ,る,0,high,news1|nf18
さるばるさん,さ,ん,0,high,gai1
はずれ,は,れ,0,high,ichi1|news1|nf20
あじつけ,あ,け,0,high,news1|nf19
うれすじ,う,じ,0,high,spec1
そつせん,そ,ん,0,high,ichi1|news2|nf41
かばあ,か,あ,0,high,gai1|ichi1
ぷらざ,ぷ,ざ,0,high,gai1
しんきよく,し,く,0,high,news1|nf18
じようけん,じ,ん,0,high,ichi1|news1|nf01
ぱすた,ぱ,た,0,high,gai1
たより,た,り,0,high,ichi1|news1|nf07|nf13
おとろえる,お,る,0,high,ichi1|news2|nf26
ゆうじん,ゆ,ん,0,high,ichi1|news1|nf02|nf17
いすらむ,い,む,0,high,gai1
ひな,ひ,な,0,high,ichi1
しよおとすてい,し,い,0,high,gai1
はいらいと,は,と,0,high,gai1
まぜあわす,ま,す,0,high,news1|nf18
はなみず,は,ず,0,high,news2|nf32|spec1
そうしゆん,そ,ん,0,high,ichi1|news2|nf26
ということはない,と,い,0,high,spec1
やる,や,る,0,high,ichi1
さいろ,さ,ろ,0,high,gai1
はじく,は,く,0,high,ichi1
とりえ,と,え,0,high,ichi1
たましずめ,た,め,0,high,news1|nf21
そだち,そ,ち,0,high,ichi1|news1|nf13
すえ,す,え,0,high,ichi1|news1|nf04
かいまく,か,く,0,high,ichi1|news1|nf03
べいはん,べ,ん,0,high,news1|nf23
ちひよう,ち,う,0,high,news1|nf14
たいいん,た,ん,0,high,ichi1|news1|nf04|nf12
ちやあじ,ち,じ,0,high,gai1
さあば,さ,ば,0,high,gai1
かかり,か,り,0,high,ichi1|news1|nf10
こうすると,こ,と,0,high,spec1
じじ,じ,じ,0,high,ichi1|news1|nf01|nf09
けついん,け,ん,0,high,news1|nf16
ひんもく,ひ,く,0,high,news1|nf08
ないせい,な,い,0,high,news1|nf05
あらいあげる,あ,る,0,high,news1|nf15
こうりよく,こ,く,0,high,ichi1|news1|nf13|nf21
じようない,じ,い,0,high,news1|nf13|nf21
しはらいほうほう,し,う,0,high,spec1
さとご,さ,ご,0,high,news1|nf15
ぎやつぷ,ぎ,ぷ,0,high,gai1
まよい,ま,い,0,high,news1|nf14
もんじよ,も,よ,0,high,ichi1|news1|nf02
へんこう,へ,う,0,high,ichi1|news1|nf03
がいろん,が,ん,0,high,ichi1|news2|nf39
おおう,お,う,0,high,ichi1|news1|nf11
ひといちばい,ひ,い,0,high,news1|nf19
かぶしきがいしや,か,や,0,high,news1|nf09
てもち,て,ち,0,high,news1|nf14
すろおがん,す,ん,0,high,gai1
まるめこむ,ま,む,0,high,ichi1
なんきよく,な,く,0,high,ichi1|news1|nf09|nf20
つうじよう,つ,う,0,high,ichi1|news1|nf02
へろいん,へ,ん,0,high,gai1
そろそろ,そ,ろ,0,high,ichi1
しゆつか,し,か,0,high,ichi1|news1|nf06|nf12
さつまいも,さ,も,0,high,ichi1|spec1
がつ,が,つ,0,high,spec1
おいる,お,る,0,high,gai1|ichi1|news2|nf38
もくざい,も,い,0,high,ichi1|news1|nf07
たいざいちゆう,た,う,0,high,spec1
いちぎ,い,ぎ,0,high,news1|nf20
かがくてき,か,き,0,high,spec1
あたまうち,あ,ち,0,high,news1|nf17
つうねん,つ,ん,0,high,news1|nf18|nf22
といれつと,と,と,0,high,gai1
のろのろ,の,ろ,0,high,ichi1
きようよう,き,う,0,high,ichi1|news1|nf08|nf21
うらめ,う,め,0,high,news1|nf15
げや,げ,や,0,high,news1|nf19
そまむぎ,そ,ぎ,0,high,ichi1|news2|nf43
くじよう,く,う,0,high,ichi1|news1|nf07
とじよう,と,う,0,high,ichi1|news1|nf15
ごじよ,ご,よ,0,high,news1|nf24
かんきようもんだい,か,い,0,high,spec1
ぐるつと,ぐ,と,0,high,spec1
まどれえぬ,ま,ぬ,0,high,gai1
ばざある,ば,る,0,high,gai1
なぐる,な,る,0,high,ichi1|news1|nf11
かいきよく,か,く,0,high,news1|nf16
ぞうわい,ぞ,い,0,high,news1|nf06
さいだいげん,さ,ん,0,high,ichi1|news1|nf06
ぺきん,ぺ,ん,0,high,news1|nf01
れいたん,れ,ん,0,high,ichi1|news1|nf23
とこう,と,う,0,high,news1|nf10
るつく,る,く,0,high,gai1
だがしや,だ,や,0,high,spec1
いきごみ,い,み,0,high,news1|nf10
かねつ,か,つ,0,high,news1|nf13|nf17
ぱとかあ,ぱ,あ,0,high,gai1|ichi1
ふとる,ふ,る,0,high,ichi1|news2|nf45
かんぶん,か,ん,0,high,ichi1|news2|nf29
なちゆらりすと,な,と,0,high,gai1
かいよう,か,う,0,high,ichi1|news1|nf05
ぶらすばんど,ぶ,ど,0,high,gai1
しやくしよ,し,よ,0,high,ichi1|news1|nf10
てんてん,て,ん,0,high,news1|nf15
おおるないと,お,と,0,high,gai1
ざりがに,ざ,に,0,high,spec1
かまくら,か,ら,0,high,spec1
めじやあ,め,あ,0,high,gai1
のうがく,の,く,0,high,news1|nf09
おうと,お,と,0,high,news2|nf44|spec1
かのうせい,か,い,0,high,news1|nf01
しつれい,し,い,0,high,ichi1|news2|nf31
とれんちこおと,と,と,0,high,gai1
どろお,ど,お,0,high,gai1
きよひけん,き,ん,0,high,news1|nf10
ちきゆうおんだんか,ち,か,0,high,spec1
かざぐすり,か,り,0,high,ichi1|news2|nf36
れいぶん,れ,ん,0,high,ichi1|news2|nf40
じゆくれん,じ,ん,0,high,news1|nf22
いしぶみ,い,み,0,high,news1|nf09
あくてんこう,あ,う,0,high,news1|nf18
びたみん,び,ん,0,high,gai1|ichi1
じようすう,じ,う,0,high,news1|nf02
えいぶん,え,ん,0,high,ichi1|news1|nf11
かいふく,か,く,0,high,ichi1|news1|nf01
おおとくちゆうる,お,る,0,high,gai1
ふつご,ふ,ご,0,high,news1|nf16
おうこう,お,う,0,high,news1|nf23
とうし,と,し,0,high,ichi1|news1|nf01|nf13|nf23
のえる,の,る,0,high,gai1
しやこうてき,し,き,0,high,ichi1
はんすう,は,う,0,high,ichi1|news1|nf04
なかがい,な,い,0,high,ichi1|news2|nf47
えんずる,え,る,0,high,ichi1|news1|nf22
さいしんじようほう,さ,う,0,high,spec1
どくがく,ど,く,0,high,ichi1|news2|nf25
げのむ,げ,む,0,high,gai1
べろ,べ,ろ,0,high,spec1
おつそい,お,い,0,high,ichi1|news1|nf18
ぼうえいちよう,ぼ,う,0,high,news1|nf03
おうたい,お,い,0,high,ichi1|news1|nf14
たいない,た,い,0,high,news1|nf08
たえまなく,た,く,0,high,ichi1
じゆうてん,じ,ん,0,high,ichi1|news1|nf04|spec1
しばる,し,る,0,high,ichi1|news1|nf12
ついてゆく,つ,く,0,high,spec1
もでむ,も,む,0,high,gai1
ろす,ろ,す,0,high,gai1
ちへいせん,ち,ん,0,high,ichi1|news2|nf25
でんきゆう,で,う,0,high,ichi1|news1|nf21
ちしつ,ち,つ,0,high,ichi1|news1|nf17
いまさら,い,ら,0,high,ichi1
はんざつ,は,つ,0,high,news1|nf23
りようたん,り,ん,0,high,ichi1|news1|nf23
けいせき,け,き,0,high,news1|nf16
きようどうくみあい,き,い,0,high,news1|news2|nf09|nf47
けいえん,け,ん,0,high,ichi1|news1|nf19
かいむ,か,む,0,high,news1|nf16
わつくす,わ,す,0,high,gai1
そうち,そ,ち,0,high,ichi1|news1|nf02
いちにん,い,ん,0,high,ichi1|news1|nf02|nf13|nf16|spec1
せんぬき,せ,き,0,high,ichi1
はつさん,は,ん,0,high,ichi1|news2|nf36
あんだ,あ,だ,0,high,news1|nf04
えんざん,え,ん,0,high,news1|nf20|nf21
ぼおなす,ぼ,す,0,high,gai1|ichi1
かたがわり,か,り,0,high,ichi1|news1|nf20
おまけに,お,に,0,high,spec1
きようこうさいけつ,き,つ,0,high,news1|nf13
このため,こ,め,0,high,spec1
いざかや,い,や,0,high,ichi1|news1|nf16
こくこく,こ,く,0,high,news1|nf21
たんび,た,び,0,high,ichi1
たかね,た,ね,0,high,ichi1|news1|news2|nf08|nf27
させん,さ,ん,0,high,ichi1|news2|nf43
みきわめる,み,る,0,high,ichi1|news1|nf16
はんとし,は,し,0,high,ichi1|news1|nf04
たんしよ,た,よ,0,high,ichi1|news1|news2|nf22|nf27
めざましい,め,い,0,high,ichi1|news2|nf39
はんろん,は,ん,0,high,ichi1|news1|nf10
たぐぼおと,た,と,0,high,gai1
せんきよせん,せ,ん,0,high,news1|nf06
ばしよ,ば,よ,0,high,ichi1|news1|nf01
くろまく,く,く,0,high,news1|nf23
ちじれる,ち,る,0,high,ichi1
このごろ,こ,ろ,0,high,ichi1
こうかい,こ,い,0,high,ichi1|news1|news2|nf02|nf09|nf15|nf16|nf27
きわた,き,た,0,high,ichi1|news1|nf22
あつたまる,あ,る,0,high,ichi1|news1|nf24
さぎ,さ,ぎ,0,high,ichi1|news1|nf05
せんもんか,せ,か,0,high,ichi1|news1|nf02
きびす,き,す,0,high,ichi1
よみかき,よ,き,0,high,ichi1|news1|nf24
しようそ,し,そ,0,high,news1|nf14
だか,だ,か,0,high,gai1|news1|nf12
はやくち,は,ち,0,high,ichi1|news1|nf22
ほうおう,ほ,う,0,high,news1|nf19
ふおおす,ふ,す,0,high,gai1
ながら,な,ら,0,high,spec1
うみだす,う,す,0,high,ichi1|news1|nf21
ろけえしよん,ろ,ん,0,high,gai1
にるいだ,に,だ,0,high,news1|nf04
こうぜん,こ,ん,0,high,ichi1|news1|nf17
はんどる,は,る,0,high,gai1|ichi1
ようじんぶかい,よ,い,0,high,ichi1
しゆつちようじよ,し,よ,0,high,news1|nf18
あおぞら,あ,ら,0,high,ichi1|news1|nf12
ろおたあ,ろ,あ,0,high,gai1
めきしこわん,め,ん,0,high,spec1
ほうどうじん,ほ,ん,0,high,news1|nf05
かこみ,か,み,0,high,news1|nf18
こうたいこう,こ,う,0,high,news1|nf22
ざんだか,ざ,か,0,high,ichi1|news1|nf06
いきごむ,い,む,0,high,news1|nf17
へいよう,へ,う,0,high,news1|nf08
まにきゆあ,ま,あ,0,high,gai1
ひろめる,ひ,る,0,high,ichi1|news2|nf31
あおうめ,あ,め,0,high,news1|nf18
じようきようほうこく,じ,く,0,high,spec1
くうええと,く,と,0,high,gai1
さいるい,さ,い,0,high,news1|nf20
りんりてき,り,き,0,high,news1|nf24
でりけえと,で,と,0,high,gai1
こんせい,こ,い,0,high,news1|nf21
がくと,が,と,0,high,news1|nf16
みようふく,み,く,0,high,spec1
ぐつず,ぐ,ず,0,high,gai1
さんかん,さ,ん,0,high,news1|nf12|nf23
ざんしん,ざ,ん,0,high,news2|nf29|spec1
うもう,う,う,0,high,news1|nf21
もうしいれ,も,れ,0,high,news1|nf09
ろんかく,ろ,く,0,high,news1|nf19
けつこんあいて,け,て,0,high,spec1
えいぎよう,え,う,0,high,ichi1|news1|nf02
かよわい,か,い,0,high,ichi1
ほうげん,ほ,ん,0,high,ichi1|news1|nf14
ぼくしんぐ,ぼ,ぐ,0,high,gai1
かつえる,か,る,0,high,ichi1|news1|nf24
すいばく,す,く,0,high,ichi1|news1|nf23
しはんき,し,き,0,high,news1|nf08
はんけい,は,い,0,high,ichi1|news1|nf13
ちゆうどう,ち,う,0,high,ichi1|news1|nf07
おく,お,く,0,high,ichi1|news1|news2|nf07|nf44
どんぶり,ど,り,0,high,ichi1|news1|nf17
すぷりつと,す,と,0,high,gai1
てておや,て,や,0,high,ichi1|news1|nf02
おもてだつ,お,つ,0,high,news1|nf19
ぶんちゆう,ぶ,う,0,high,news1|nf24
ぼん,ぼ,ん,0,high,gai1|ichi1|news1|nf08
ひとだかり,ひ,り,0,high,ichi1|news2|nf27
だいいち,だ,ち,0,high,ichi1
ぞくする,ぞ,る,0,high,ichi1|news1|nf11
おしえ,お,え,0,high,ichi1|news1|nf12
しもき,し,き,0,high,news1|nf11
どうじる,ど,る,0,high,ichi1|news2|nf33
ひようめい,ひ,い,0,high,news1|nf03
ぶか,ぶ,か,0,high,ichi1|news1|nf09
てんさ,て,さ,0,high,news1|nf16
そくりよう,そ,う,0,high,ichi1|news1|nf15
えんてん,え,ん,0,high,news1|nf23
わかわかしい,わ,い,0,high,ichi1|news2|nf31
たうん,た,ん,0,high,gai1|ichi1
きゆうきゆうばこ,き,こ,0,high,spec1
せいがん,せ,ん,0,high,ichi1|news1|nf17
こんぷれつさあ,こ,あ,0,high,gai1
けす,け,す,0,high,ichi1|news2|nf27
せいぶつ,せ,つ,0,high,ichi1|news1|nf04
へつだあ,へ,あ,0,high,gai1
しそん,し,ん,0,high,ichi1|news1|nf11
みじかうた,み,た,0,high,ichi1|news1|nf07
ぬるい,ぬ,い,0,high,ichi1
ちよくぜん,ち,ん,0,high,ichi1|news1|nf02
まいほおむ,ま,む,0,high,gai1
はしゆつしよ,は,よ,0,high,ichi1|news1|nf14
かざとおし,か,し,0,high,news1|nf19
ずさん,ず,ん,0,high,ichi1
おうてん,お,ん,0,high,news1|nf23
くうる,く,る,0,high,gai1
せんだく,せ,く,0,high,ichi1|news1|nf03|nf09
がつかいし,が,し,0,high,spec1
ぶらし,ぶ,し,0,high,gai1|ichi1
どおなつ,ど,つ,0,high,gai1|ichi1
こんぱす,こ,す,0,high,gai1
きんちよう,き,う,0,high,ichi1|news1|nf03
きようつう,き,う,0,high,ichi1|news1|nf02
どなたでも,ど,も,0,high,spec1
せいず,せ,ず,0,high,ichi1
はだ,は,だ,0,high,ichi1|news1|nf06
でつど,で,ど,0,high,gai1
せいりつ,せ,つ,0,high,ichi1|news1|nf02
じかんぎれ,じ,れ,0,high,news1|nf20
かためる,か,る,0,high,ichi1|news1|nf09
じようきん,じ,ん,0,high,news1|nf17
こかくまんぞく,こ,く,0,high,spec1
たかまる,た,る,0,high,ichi1|news1|nf08
しゆちゆう,し,う,0,high,news1|nf18
ばぶる,ば,る,0,high,gai1
ささい,さ,い,0,high,spec1
びす,び,す,0,high,gai1
たいむせえる,た,る,0,high,spec1
ばあべきゆう,ば,う,0,high,gai1
ぱあま,ぱ,ま,0,high,gai1
べすとてん,べ,ん,0,high,gai1
ふいらでるふいあ,ふ,あ,0,high,gai1
うわぎ,う,ぎ,0,high,ichi1|news1|nf17
みおくり,み,り,0,high,ichi1|news1|nf08
でんち,で,ち,0,high,ichi1|news1|nf11
ふりまわす,ふ,す,0,high,news1|nf15
てばなし,て,し,0,high,news1|nf17
よとう,よ,う,0,high,ichi1|news1|nf01
なななのか,な,か,0,high,news1|nf08
なだめる,な,る,0,high,ichi1
ていきこうどく,て,く,0,high,spec1
ぺんねえむ,ぺ,む,0,high,gai1
かんあん,か,ん,0,high,news1|nf17
でございます,で,す,0,high,spec1
にゆうしよく,に,く,0,high,news1|nf08
ていきよきん,て,ん,0,high,news1|nf10
てはい,て,い,0,high,ichi1|news1|nf17
きかんじゆう,き,う,0,high,news1|nf17
けんしん,け,ん,0,high,news1|nf10|nf20
しせん,し,ん,0,high,news1|nf06|nf07|spec1
ぺんち,ぺ,ち,0,high,ichi1
じんえい,じ,い,0,high,ichi1|news1|nf03|nf22
こうぶ,こ,ぶ,0,high,news1|nf12
きやりあ,き,あ,0,high,gai1
りもこん,り,ん,0,high,gai1|ichi1
ひつじゆひん,ひ,ん,0,high,ichi1
たいぎ,た,ぎ,0,high,news1|nf20
すとれす,す,す,0,high,gai1|ichi1
つうこう,つ,う,0,high,ichi1|news1|nf08
あゆみより,あ,り,0,high,news1|nf13
なんべい,な,い,0,high,news1|nf07
かりぶかい,か,い,0,high,spec1
わびる,わ,る,0,high,ichi1
りくるうたあ,り,あ,0,high,gai1
やとう,や,う,0,high,ichi1|news1|nf01|nf24
ぱぱさん,ぱ,ん,0,high,spec1
ほも,ほ,も,0,high,gai1
ごはん,ご,ん,0,high,ichi1|news2|nf47
むうす,む,す,0,high,gai1
くちなわ,く,わ,0,high,ichi1|news1|nf16
さらいねん,さ,ん,0,high,ichi1|news2|nf26
えんめつ,え,つ,0,high,news1|nf19
けんさ,け,さ,0,high,ichi1|news1|nf02
こういき,こ,き,0,high,news1|nf11
さいしん,さ,ん,0,high,news1|nf05|nf12|nf21
さんなん,さ,ん,0,high,news1|nf12
ものわかれ,も,れ,0,high,news1|nf18
こうたいし,こ,し,0,high,news1|nf04
あたりめえ,あ,え,0,high,ichi1|news1|nf06
ていしや,て,や,0,high,ichi1|news1|nf17
いわゆる,い,る,0,high,ichi1
くにつち,く,ち,0,high,ichi1|news1|nf06
せいえい,せ,い,0,high,news1|nf21
じゆうき,じ,き,0,high,news1|nf19
あにさん,あ,ん,0,high,ichi1|news2|nf25
ひらたい,ひ,い,0,high,ichi1|news2|nf41
たそがれ,た,れ,0,high,ichi1|news2|nf34
にんぷ,に,ぷ,0,high,news1|nf15
こうあん,こ,ん,0,high,news1|nf08
こきよう,こ,う,0,high,ichi1
てま,て,ま,0,high,ichi1|news1|nf10
ゆうから,ゆ,ら,0,high,gai1
あたたまる,あ,る,0,high,ichi1|news1|nf24
はくぶつかん,は,ん,0,high,ichi1|news1|nf04
はいご,は,ご,0,high,news1|nf07
いつしつ,い,つ,0,high,news1|nf12
そうほんざん,そ,ん,0,high,news1|nf17
うんどうば,う,ば,0,high,ichi1|news2|nf26
そくばく,そ,く,0,high,ichi1|news2|nf33
すとおかあ,す,あ,0,high,spec1
ばけん,ば,ん,0,high,news1|nf14
いぎよう,い,う,0,high,news1|nf22
ていきよう,て,う,0,high,ichi1|news1|nf03
よち,よ,ち,0,high,ichi1|news1|nf06|nf09
とらつく,と,く,0,high,gai1|ichi1
たとえば,た,ば,0,high,ichi1|news1|nf02
しかく,し,く,0,high,ichi1|news1|news2|nf03|nf09|nf31
ふりい,ふ,い,0,high,gai1
あさ,あ,さ,0,high,ichi1|news1|nf08|nf09
きがい,き,い,0,high,news1|nf21|nf22
いがくぶ,い,ぶ,0,high,spec1
すぺえすしやとる,す,る,0,high,gai1
かいて,か,て,0,high,ichi1|news1|nf15
なつかしい,な,い,0,high,ichi1|news1|nf24
じつくり,じ,り,0,high,ichi1
おいおい,お,い,0,high,spec1
けんりよく,け,く,0,high,ichi1|news1|nf02
ひつぱる,ひ,る,0,high,ichi1|news1|nf19
ないそく,な,く,0,high,ichi1|news1|nf09
かせぐ,か,ぐ,0,high,ichi1|news2|nf42
ひきつける,ひ,る,0,high,ichi1|news2|nf46|spec1
でいんぎい,で,い,0,high,gai1
よびひ,よ,ひ,0,high,news1|nf23
もしも,も,も,0,high,ichi1|spec1
てつぱい,て,い,0,high,news1|nf06
みりりつとる,み,る,0,high,gai1
いなか,い,か,0,high,ichi1|news1|nf09
ぜんねん,ぜ,ん,0,high,ichi1|news1|nf01
かるた,か,た,0,high,ichi1
わかす,わ,す,0,high,ichi1|news1|nf23
おおだあめいど,お,ど,0,high,gai1
ててはは,て,は,0,high,ichi1|news1|nf06
ぱうだあ,ぱ,あ,0,high,gai1
いつぺん,い,ん,0,high,news1|nf09
だぶる,だ,る,0,high,gai1|ichi1
くりすます,く,す,0,high,gai1|ichi1
わんぱく,わ,く,0,high,ichi1
むいしき,む,き,0,high,ichi1|news1|nf17
たすける,た,る,0,high,ichi1|news1|nf20
がくや,が,や,0,high,news1|nf21
ためいき,た,き,0,high,ichi1|spec1
まま,ま,ま,0,high,gai1|ichi1
こはば,こ,ば,0,high,news1|nf24
かくちようし,か,し,0,high,spec1
のびりつ,の,つ,0,high,news1|nf05
しちようりつ,し,つ,0,high,news1|nf05
あくよう,あ,う,0,high,ichi1|news2|nf42
さみせん,さ,ん,0,high,news1|nf14
こんぽ,こ,ぽ,0,high,gai1
しんさつ,し,つ,0,high,ichi1|news1|nf13
ゆしゆつにゆう,ゆ,う,0,high,news1|nf11
ろけつと,ろ,と,0,high,gai1|ichi1
かぜとおし,か,し,0,high,news1|nf19
ほうかつ,ほ,つ,0,high,news1|nf03
とうぶ,と,ぶ,0,high,ichi1|news1|nf06|nf11
つごもり,つ,り,0,high,news1|nf03
ていたい,て,い,0,high,ichi1|news1|nf10|nf23
ぴすとん,ぴ,ん,0,high,gai1
ふいつと,ふ,と,0,high,gai1
ごう,ご,う,0,high,ichi1|news1|nf05|nf11|nf23
らあど,ら,ど,0,high,gai1
ひてい,ひ,い,0,high,ichi1|news1|nf05
ちりがみ,ち,み,0,high,ichi1
はめ,は,め,0,high,news1|nf22
ぱれえど,ぱ,ど,0,high,gai1
かたみ,か,み,0,high,ichi1|news2|nf35
しゆさい,し,い,0,high,ichi1|news1|nf02|nf11
せんれつ,せ,つ,0,high,news1|nf20|nf21
かじ,か,じ,0,high,ichi1|news1|nf06|nf10|nf22
どうにか,ど,か,0,high,ichi1
へんこうとどけ,へ,け,0,high,spec1
わあど,わ,ど,0,high,gai1
ちゆうにゆう,ち,う,0,high,news1|nf24
けつかく,け,く,0,high,ichi1|news1|nf10
みこん,み,ん,0,high,ichi1|news1|nf13
みせば,み,ば,0,high,news1|nf23
げんこう,げ,う,0,high,ichi1|news1|nf02|nf06
でいいらあ,で,あ,0,high,gai1
はなしかた,は,た,0,high,news2|nf25|spec1
あやうい,あ,い,0,high,ichi1|news1|nf14
くんし,く,し,0,high,news1|nf22
かどう,か,う,0,high,news1|nf12
ひにひに,ひ,に,0,high,ichi1|news2|nf28
ぶんるい,ぶ,い,0,high,ichi1|news1|nf14
しゆうせい,し,い,0,high,ichi1|news1|nf02|nf21
ぐろおばりずむ,ぐ,む,0,high,gai1
えきべん,え,ん,0,high,ichi1|news1|nf22
にき,に,き,0,high,news1|nf11
しいくれつと,し,と,0,high,gai1
かもつ,か,つ,0,high,ichi1|news1|nf06
さよなら,さ,ら,0,high,ichi1
おおら,お,ら,0,high,gai1
ぜいりし,ぜ,し,0,high,news1|nf17
ぼやける,ぼ,る,0,high,ichi1
しやしん,し,ん,0,high,ichi1|news1|nf01
くわわる,く,る,0,high,ichi1|news1|nf21
べえす,べ,す,0,high,gai1
がんたん,が,ん,0,high,ichi1
そと,そ,と,0,high,ichi1|news1|nf02
そふとどりんく,そ,く,0,high,gai1
こころがける,こ,る,0,high,ichi1|news2|nf40|spec1
としがす,と,す,0,high,ichi1
こくはつ,こ,つ,0,high,news1|nf06
あたいする,あ,る,0,high,ichi1|news2|nf29
はんしよく,は,く,0,high,ichi1|news1|nf10
こおひいしよつぷ,こ,ぷ,0,high,spec1
ほくおう,ほ,う,0,high,news1|nf11
たちぎえ,た,え,0,high,news1|nf24
くいちがう,く,う,0,high,ichi1|news2|nf37
えいせいてき,え,き,0,high,ichi1|news2|nf42
ぬのじ,ぬ,じ,0,high,news1|nf22
とらいあすろん,と,ん,0,high,gai1
すうがく,す,く,0,high,ichi1|news1|nf09
ぜんいき,ぜ,き,0,high,news1|nf08
ようか,よ,か,0,high,ichi1|spec1
まなざし,ま,し,0,high,ichi1
ぷろぐらむ,ぷ,む,0,high,gai1|ichi1
さめる,さ,る,0,high,ichi1|news2|nf29|nf41
りくかい,り,い,0,high,news1|nf19
にんにく,に,く,0,high,spec1
うわむき,う,き,0,high,news1|nf20
たちのく,た,く,0,high,ichi1
ねまわし,ね,し,0,high,ichi1|news1|nf11
げつこう,げ,う,0,high,ichi1|news2|nf25
があどまん,が,ん,0,high,gai1
しんき,し,き,0,high,ichi1|news1|nf05
つきさす,つ,す,0,high,ichi1|news2|nf40
たいう,た,う,0,high,ichi1|news1|nf11
まねる,ま,る,0,high,ichi1
いぎ,い,ぎ,0,high,ichi1|news1|nf04|nf10
さする,さ,る,0,high,ichi1
くちびる,く,る,0,high,ichi1|news1|nf13
ゆうり,ゆ,り,0,high,ichi1|news1|nf04
ひつつく,ひ,く,0,high,ichi1
あわれむ,あ,む,0,high,ichi1
じぐそおぱずる,じ,る,0,high,gai1
かしつちし,か,し,0,high,news1|nf14
ならびに,な,に,0,high,ichi1|news1|nf15
みつちやく,み,く,0,high,news1|nf17
げんどがく,げ,く,0,high,news1|nf10
ふあんく,ふ,く,0,high,gai1
へんしや,へ,や,0,high,news1|nf22
きんきゆう,き,う,0,high,ichi1|news1|nf02
てにいれる,て,る,0,high,spec1
ぶらちすらば,ぶ,ば,0,high,gai1
ゆうらん,ゆ,ん,0,high,news1|nf24
あじと,あ,と,0,high,gai1
はいしや,は,や,0,high,ichi1|news1|news2|nf15|nf32
だいがく,だ,く,0,high,ichi1|news1|nf01
しんびよう,し,う,0,high,news1|nf22
よみかた,よ,た,0,high,ichi1|news1|nf20
おんぱれえど,お,ど,0,high,gai1
きたかぜ,き,ぜ,0,high,ichi1|news2|nf25
さいそく,さ,く,0,high,ichi1|news2|nf33
たかく,た,く,0,high,ichi1|news1|nf03
てつくす,て,す,0,high,gai1
ふいいるどわあく,ふ,く,0,high,gai1
うなる,う,る,0,high,ichi1
ねえちやあ,ね,あ,0,high,gai1
えんじよい,え,い,0,high,gai1
まつしろ,ま,ろ,0,high,ichi1|news1|nf15
ふおおむ,ふ,む,0,high,gai1
きば,き,ば,0,high,news1|nf15|nf24
なんぷん,な,ん,0,high,spec1
として,と,て,0,high,spec1
しゆしゆつ,し,つ,0,high,ichi1|news1|nf01
きんりよく,き,く,0,high,news1|nf17
むせいふ,む,ふ,0,high,news1|nf23
きずきあげる,き,る,0,high,news1|nf20
あまみず,あ,ず,0,high,news1|nf14
ろつく,ろ,く,0,high,gai1|ichi1
さあち,さ,ち,0,high,gai1
にゆうがくしけん,に,ん,0,high,spec1
まけこし,ま,し,0,high,news1|nf24
りべらりすと,り,と,0,high,gai1
ひやつかてん,ひ,ん,0,high,ichi1|news1|nf03
なりたつ,な,つ,0,high,ichi1|news1|nf15
こおんすたあち,こ,ち,0,high,gai1
かける,か,る,0,high,ichi1|news1|news2|nf14|nf20|nf23|nf41
でんげん,で,ん,0,high,ichi1|news1|nf11
ふたん,ふ,ん,0,high,ichi1|news1|nf02
よみにくい,よ,い,0,high,spec1
たわむれ,た,れ,0,high,ichi1|news2|nf44
ちやねる,ち,る,0,high,gai1
きも,き,も,0,high,ichi1|news1|nf04|nf11
きようほ,き,ほ,0,high,news1|nf23
にるい,に,い,0,high,news1|nf04
いやらしい,い,い,0,high,ichi1|spec1
あたためる,あ,る,0,high,ichi1
ぐるめ,ぐ,め,0,high,gai1
もにたりんぐ,も,ぐ,0,high,gai1
すいみんぐくらぶ,す,ぶ,0,high,gai1
ながれこむ,な,む,0,high,news1|nf24
おせつかい,お,い,0,high,ichi1
しゆじんこう,し,う,0,high,news1|nf05
とけい,と,い,0,high,ichi1|news1|nf07
びんぼう,び,う,0,high,ichi1|news1|nf18
べえすきやんぷ,べ,ぷ,0,high,gai1
なんじ,な,じ,0,high,spec1
ふじさん,ふ,ん,0,high,news1|nf09
ゆうげん,ゆ,ん,0,high,ichi1|news1|nf21
ねつかちいふ,ね,ふ,0,high,gai1
こもじ,こ,じ,0,high,ichi1|news2|nf45
きがえ,き,え,0,high,ichi1|news2|nf25
あう,あ,う,0,high,ichi1|news1|news2|nf08|nf26|nf34
ちやや,ち,や,0,high,news1|nf20
ゆにふおおむ,ゆ,む,0,high,gai1
えつせえ,え,え,0,high,gai1
のおと,の,と,0,high,gai1|ichi1
すぐに,す,に,0,high,spec1
ちかごろ,ち,ろ,0,high,ichi1
もよおし,も,し,0,high,ichi1|news1|nf11
たんさん,た,ん,0,high,ichi1|news1|news2|nf20|nf26
ゆうご,ゆ,ご,0,high,gai1
ふりいらんす,ふ,す,0,high,gai1
それより,そ,り,0,high,spec1
あきぐち,あ,ち,0,high,news1|nf21
ここちよい,こ,い,0,high,spec1
りようぎし,り,し,0,high,news1|nf20
かみくず,か,ず,0,high,ichi1
はんたい,は,い,0,high,ichi1|news1|nf01
とうじよう,と,う,0,high,ichi1|news1|nf05|nf14
はんが,は,が,0,high,ichi1|news1|nf11
いた,い,た,0,high,ichi1|news1|nf08
こうもく,こ,く,0,high,ichi1|news1|nf04
いきかた,い,た,0,high,ichi1
しゆうきゆう,し,う,0,high,ichi1|news1|nf09
だつすい,だ,い,0,high,ichi1|news1|nf23
どくそうてき,ど,き,0,high,news1|nf22
しけい,し,い,0,high,ichi1|news1|nf05
しんずる,し,る,0,high,ichi1|news2|nf30
よこしま,よ,ま,0,high,news1|nf17
ひかえめ,ひ,め,0,high,spec1
とすれば,と,ば,0,high,spec1
かぜをひく,か,く,0,high,spec1
きご,き,ご,0,high,ichi1|news1|nf19
ふあつしよ,ふ,よ,0,high,gai1
ほうちよう,ほ,う,0,high,ichi1|news1|nf10
わくわく,わ,く,0,high,ichi1|spec1
もてない,も,い,0,high,spec1
ひさしぶり,ひ,り,0,high,ichi1|news1|nf07
せんばつ,せ,つ,0,high,news1|nf06
きげき,き,き,0,high,ichi1|news1|nf10
いど,い,ど,0,high,ichi1|news1|news2|nf09|nf30
しし,し,し,0,high,ichi1|news1|nf01|nf04|nf11|nf13
もてなす,も,す,0,high,ichi1
もうけ,も,け,0,high,ichi1|news2|nf37
こけい,こ,い,0,high,ichi1|news1|nf24
うたがわしい,う,い,0,high,ichi1|news1|nf21
ころんぶすでえ,こ,え,0,high,gai1
うすぐらい,う,い,0,high,ichi1|news1|nf24
つつい,つ,い,0,high,news1|nf14
ほしゆ,ほ,ゆ,0,high,ichi1|news1|nf02|nf07
ござ,ご,ざ,0,high,ichi1
えいすうじ,え,じ,0,high,spec1
よつたり,よ,り,0,high,spec1
せかいいち,せ,ち,0,high,news1|nf08
にわり,に,り,0,high,spec1
はいいろ,は,ろ,0,high,ichi1|news1|nf13
ひつせき,ひ,き,0,high,news1|nf23
けいご,け,ご,0,high,ichi1|news1|news2|nf12|nf27
こみつしよなあ,こ,あ,0,high,gai1
ごるじゆ,ご,ゆ,0,high,gai1
おむれつ,お,つ,0,high,gai1
びゆつふえ,び,え,0,high,gai1
しんにち,し,ち,0,high,ichi1|news1|nf23
とうぞく,と,く,0,high,news1|nf23
みねそた,み,た,0,high,gai1
こみゆにてい,こ,い,0,high,gai1
べつかん,べ,ん,0,high,news1|nf16
そうりだいじん,そ,ん,0,high,ichi1|news1|nf09
ねがう,ね,う,0,high,ichi1|news2|nf31
あさゆう,あ,う,0,high,news1|nf21
れんきゆう,れ,う,0,high,ichi1|news1|nf07
やまて,や,て,0,high,news1|nf11
なぞなぞ,な,ぞ,0,high,ichi1
かるい,か,い,0,high,ichi1|news2|nf34
あくまでも,あ,も,0,high,spec1
いつちやく,い,く,0,high,news1|nf23
ほんねん,ほ,ん,0,high,ichi1|news1|nf20
やんきい,や,い,0,high,gai1
ぶらいんど,ぶ,ど,0,high,gai1
とうどり,と,り,0,high,news1|nf05
しより,し,り,0,high,ichi1|news1|nf02
じよういん,じ,ん,0,high,news1|nf03|nf08
やしき,や,き,0,high,ichi1|news1|nf10
のうみん,の,ん,0,high,ichi1|news1|nf04
すれえと,す,と,0,high,gai1
さほう,さ,う,0,high,news1|nf19
きようい,き,い,0,high,news1|nf05|nf14
でんしん,で,ん,0,high,news1|nf23
ねむる,ね,る,0,high,ichi1|news2|nf39
けんぼう,け,う,0,high,ichi1|news1|nf01
まなこ,ま,こ,0,high,ichi1
おうさま,お,ま,0,high,ichi1|news1|nf15
しい,し,い,0,high,news1|nf13
ぐらいこ,ぐ,こ,0,high,gai1
あどばいざあ,あ,あ,0,high,gai1
じゆうこうぎよう,じ,う,0,high,ichi1|news2|nf29
らま,ら,ま,0,high,gai1
おしまい,お,い,0,high,ichi1
ついてる,つ,る,0,high,spec1
たんでん,た,ん,0,high,news1|nf24
ぷらんくとん,ぷ,ん,0,high,gai1
さば,さ,ば,0,high,spec1
げんしよ,げ,よ,0,high,ichi1|news2|nf33
はんざい,は,い,0,high,ichi1|news1|nf03
かろはずみ,か,み,0,high,ichi1|news2|nf46
まつとうする,ま,る,0,high,news1|nf20
おきやくさま,お,ま,0,high,spec1
かぶと,か,と,0,high,news1|nf15
うちゆうかいはつ,う,つ,0,high,news1|nf14
えどつこ,え,こ,0,high,news1|nf23
ぶきみ,ぶ,み,0,high,ichi1|news1|nf14
ぶていつく,ぶ,く,0,high,gai1
だんぜん,だ,ん,0,high,ichi1|news1|nf19
むうぶめんと,む,と,0,high,gai1
へりぽおと,へ,と,0,high,gai1
おくびよう,お,う,0,high,ichi1
はつもうで,は,で,0,high,ichi2|spec1
じつ,じ,つ,0,high,news1|nf04
きいる,き,る,0,high,gai1
よこはま,よ,ま,0,high,spec1
とどめなく,と,く,0,high,ichi1
せおよぎ,せ,ぎ,0,high,news1|nf20
かえり,か,り,0,high,ichi1|news1|nf07
かけあし,か,し,0,high,ichi1|news2|nf30
ふじゆん,ふ,ん,0,high,ichi1|news1|news2|nf21|nf43
へつどこおち,へ,ち,0,high,gai1
さくいん,さ,ん,0,high,ichi1|news1|nf20
ええす,え,す,0,high,gai1
けじめ,け,め,0,high,ichi1
やといぬし,や,し,0,high,ichi1|news2|nf37
ふなか,ふ,か,0,high,news1|nf24
なにより,な,り,0,high,ichi1|news1|nf06
じつれい,じ,い,0,high,ichi1|news1|nf14
まえがり,ま,り,0,high,ichi1
ちゆうこ,ち,こ,0,high,ichi1|news1|nf11
もうける,も,る,0,high,ichi1|news2|nf42
がんがん,が,ん,0,high,ichi1
しようち,し,ち,0,high,ichi1|news1|nf08|nf11
すいぞくかん,す,ん,0,high,ichi1|news1|nf14
ひめる,ひ,る,0,high,ichi1|news2|nf32
ゆにゆう,ゆ,う,0,high,ichi1|news1|nf01
しんぴん,し,ん,0,high,news1|nf15
さきいき,さ,き,0,high,news1|nf08
しんがいねん,し,ん,0,high,spec1
げえじ,げ,じ,0,high,gai1
かわあい,か,い,0,high,ichi1|news2|nf32
なんぼくもんだい,な,い,0,high,news1|nf17
ねんりき,ね,き,0,high,ichi1
しようきよく,し,く,0,high,news1|nf12
りよくしよく,り,く,0,high,ichi1|news1|nf14
とつぷれす,と,す,0,high,gai1
ぴん,ぴ,ん,0,high,gai1|ichi1
りよういん,り,ん,0,high,news1|nf04
ぐんよう,ぐ,う,0,high,news1|nf10
こぶし,こ,し,0,high,news1|nf13
かいせき,か,き,0,high,news1|nf10
まわす,ま,す,0,high,ichi1|news1|nf15
しさく,し,く,0,high,news1|nf06|nf15
あいこう,あ,う,0,high,news1|nf10
けんきゆうじよ,け,よ,0,high,news1|nf01
ひがわり,ひ,り,0,high,ichi1
はか,は,か,0,high,ichi1|news1|nf06
かちようきん,か,ん,0,high,news1|nf14
かんせつてき,か,き,0,high,news1|nf12
くやしい,く,い,0,high,ichi1|news2|nf27
いんど,い,ど,0,high,spec1
かんせつぜい,か,い,0,high,news1|nf13
さるさ,さ,さ,0,high,gai1
こつこく,こ,く,0,high,news1|nf21
ひらおよぎ,ひ,ぎ,0,high,news1|nf16
うみべ,う,べ,0,high,ichi1|news1|nf18
まえおき,ま,き,0,high,ichi1|news2|nf43
しりこおん,し,ん,0,high,gai1
わんぼつくすかあ,わ,あ,0,high,gai1
しよくひんてんかぶつ,し,つ,0,high,news1|nf20
みあたる,み,る,0,high,news1|nf13
きようこ,き,こ,0,high,news1|nf13
かいじ,か,じ,0,high,news1|nf06
かるだもん,か,ん,0,high,gai1
がつそう,が,う,0,high,news1|nf24
せんもんてき,せ,き,0,high,news1|nf14
さんいん,さ,ん,0,high,news1|nf01|nf24
こうとうきよういく,こ,く,0,high,spec1
おおば,お,ば,0,high,ichi1|news1|nf10
ひんい,ひ,い,0,high,news1|nf24
たんまつ,た,つ,0,high,news1|nf12
ざいがいこうかん,ざ,ん,0,high,news1|nf20
ぶんみやく,ぶ,く,0,high,ichi1|news1|nf20
しゆつにゆう,し,う,0,high,news1|nf21
ざわめく,ざ,く,0,high,ichi1
だうん,だ,ん,0,high,gai1|ichi1
ぱぶ,ぱ,ぶ,0,high,gai1
つかさどる,つ,る,0,high,spec1
さいこうほう,さ,う,0,high,news1|nf15
じようちよ,じ,よ,0,high,ichi1|news1|nf14
なこうど,な,ど,0,high,ichi1|news1|nf21
ぶおおかりすと,ぶ,と,0,high,gai1
けんさつかん,け,ん,0,high,news1|nf11
はいきよ,は,よ,0,high,spec1
かおす,か,す,0,high,gai1
むうど,む,ど,0,high,gai1|ichi1
げんけい,げ,い,0,high,news1|nf16|nf19
きようさい,き,い,0,high,news1|nf09|nf12
ぎやろつぴんぐいんふれ,ぎ,れ,0,high,gai1
だいたすう,だ,う,0,high,ichi1|news1|nf12
こうせつ,こ,つ,0,high,news1|nf21|nf23
もつとお,も,お,0,high,gai1
しほうさいばん,し,ん,0,high,news1|nf23
めいじん,め,ん,0,high,ichi1|news1|nf04
ふおすたあちやいるど,ふ,ど,0,high,gai1
まにあつく,ま,く,0,high,gai1
うおおるがい,う,い,0,high,spec1
だんどう,だ,う,0,high,news1|nf11
しゆなつぷす,し,す,0,high,gai1
れつしや,れ,や,0,high,ichi1|news1|nf04
おもしろ,お,ろ,0,high,news1|nf11
さんりん,さ,ん,0,high,ichi1|news1|nf12|nf23
わんまん,わ,ん,0,high,gai1
うんざり,う,り,0,high,spec1
しゆうぎ,し,ぎ,0,high,news1|nf24
かびん,か,ん,0,high,ichi1|news1|news2|nf21|nf27
いれいさい,い,い,0,high,news1|nf20
にずくり,に,り,0,high,ichi1|news2|nf42
ひようこう,ひ,う,0,high,news1|nf09
じはく,じ,く,0,high,ichi1|news1|nf11
ちゆうしゆつ,ち,つ,0,high,news1|nf17
こんびにえんす,こ,す,0,high,gai1
そうさかん,そ,ん,0,high,spec1
いじよう,い,う,0,high,ichi1|news1|nf05|nf11|nf12|nf20
きんしほう,き,う,0,high,news1|nf09
ぷれとりあ,ぷ,あ,0,high,gai1
つくりあげる,つ,る,0,high,ichi1|news2|nf33
かえりみち,か,ち,0,high,news2|nf28|spec1
おもいきる,お,る,0,high,ichi1|news2|nf38
につし,に,し,0,high,ichi1|news1|nf21
がんしよ,が,よ,0,high,ichi1|news1|nf19
かきとり,か,り,0,high,ichi1
ようやく,よ,く,0,high,ichi1|news2|nf28
ねつと,ね,と,0,high,gai1
つめ,つ,め,0,high,ichi1|news1|nf23
まつしよう,ま,う,0,high,ichi1|news2|nf30
うりもの,う,の,0,high,ichi1|news1|nf08
かそ,か,そ,0,high,ichi1|news1|nf01|nf09
じち,じ,ち,0,high,ichi1|news1|nf02|nf04
しよゆうけん,し,ん,0,high,news1|nf09
のずえ,の,え,0,high,news1|nf23
みどころ,み,ろ,0,high,ichi1|news1|nf14
てんしゆ,て,ゆ,0,high,news1|nf11
ぜんけん,ぜ,ん,0,high,news1|nf15
そなわる,そ,る,0,high,ichi1|news1|nf22
ふみきる,ふ,る,0,high,ichi1|news2|nf38
まどぐち,ま,ち,0,high,ichi1|news1|nf04
むらおさ,む,さ,0,high,news1|nf11
てつぺい,て,い,0,high,ichi1
べえしつく,べ,く,0,high,gai1
しゆうはすう,し,う,0,high,news1|nf13
かいしよ,か,よ,0,high,ichi1|news2|nf37
しゆつせき,し,き,0,high,ichi1|news1|nf03
かんいほけん,か,ん,0,high,news1|nf21
のんふいくしよん,の,ん,0,high,gai1|ichi1
みゆうじかる,み,る,0,high,gai1
でむかえる,で,る,0,high,news1|nf16
はあどでいすく,は,く,0,high,gai1
そのうえ,そ,え,0,high,ichi1
ねんじ,ね,じ,0,high,news1|nf09
りゆういき,り,き,0,high,news1|nf10
にゆうすそおす,に,す,0,high,gai1
けんばん,け,ん,0,high,news2|nf44|spec1
ひさん,ひ,ん,0,high,ichi1|news1|nf10
すくりぷたあ,す,あ,0,high,gai1
いいすと,い,と,0,high,gai1
しよ,し,よ,0,high,ichi1
じようしゆ,じ,ゆ,0,high,ichi1|news1|nf12
ふじんか,ふ,か,0,high,news1|nf23
しゆしよう,し,う,0,high,ichi1|news1|news2|nf01|nf06|nf44|spec2
げんしりよく,げ,く,0,high,ichi1|news1|nf02
はいりよ,は,よ,0,high,ichi1|news1|nf04
うかべる,う,る,0,high,ichi1|news1|nf19
じゆうど,じ,ど,0,high,news1|nf15
かいすうけん,か,ん,0,high,ichi1|news2|nf26
けべつく,け,く,0,high,gai1
せみ,せ,み,0,high,ichi1|news2|nf35
でえげえむ,で,む,0,high,gai1
かぜぐすり,か,り,0,high,ichi1|news2|nf36
ちゆうしんぶ,ち,ぶ,0,high,spec1
どけんや,ど,や,0,high,news1|nf22
ふつりあい,ふ,い,0,high,news2|nf46|spec1
しそく,し,く,0,high,news1|nf19
すこおる,す,る,0,high,gai1
ふいふていいふいふていい,ふ,い,0,high,gai1
からし,か,し,0,high,ichi1
ふきこむ,ふ,む,0,high,ichi1|news2|nf39
すくえあ,す,あ,0,high,gai1
じゆうらい,じ,い,0,high,ichi1|news1|nf01
たおす,た,す,0,high,ichi1|news1|nf22
たちいりきんし,た,し,0,high,ichi1
いんたあなしよなる,い,る,0,high,gai1
すくい,す,い,0,high,ichi1|news1|nf14
たるい,た,い,0,high,ichi1
ちらつと,ち,と,0,high,spec1
ひこく,ひ,く,0,high,ichi1|news1|nf01
すいどう,す,う,0,high,ichi1|news1|nf06
ことばずかい,こ,い,0,high,ichi1|news1|nf23
つまみ,つ,み,0,high,spec1
しびあ,し,あ,0,high,gai1
えいず,え,ず,0,high,gai1|ichi1
たいしやく,た,く,0,high,ichi1|news2|nf25
ぐろおばる,ぐ,る,0,high,gai1
ぶいん,ぶ,ん,0,high,news1|nf07
ほんとお,ほ,お,0,high,ichi1|news1|nf02
のうえん,の,ん,0,high,news1|nf16
れぎゆらあ,れ,あ,0,high,gai1|ichi1
げつようび,げ,び,0,high,ichi1
くみん,く,ん,0,high,news1|nf10
たいする,た,る,0,high,ichi1|news2|nf33
へた,へ,た,0,high,ichi1|news1|nf15
しゆうよう,し,う,0,high,ichi1|news1|nf08|nf17
はいにち,は,ち,0,high,ichi1
しいでいいぷれえやあ,し,あ,0,high,spec1
やくしん,や,ん,0,high,news1|nf11
せんすいかん,せ,ん,0,high,ichi1|news1|nf10
ぴあにすと,ぴ,と,0,high,gai1
ああむ,あ,む,0,high,gai1
さつしん,さ,ん,0,high,news1|nf11
あんまり,あ,り,0,high,ichi1|news1|nf15
おもむき,お,き,0,high,ichi1|news1|nf15
みおぼえ,み,え,0,high,ichi1
あいりす,あ,す,0,high,gai1
おきあがる,お,る,0,high,ichi1|news2|nf47
むりよくかん,む,ん,0,high,spec1
ゆにいく,ゆ,く,0,high,gai1
むとうひよう,む,う,0,high,news1|nf13
てんげ,て,げ,0,high,ichi1|news1|nf12
さきかた,さ,た,0,high,news1|nf23
すうぷ,す,ぷ,0,high,gai1|ichi1
へいこうせん,へ,ん,0,high,news1|nf13
きじつ,き,つ,0,high,ichi1|news1|nf09
こうはい,こ,い,0,high,ichi1|news1|nf08|nf17
でぼんき,で,き,0,high,spec1
もうこう,も,う,0,high,news1|nf15
てだすけ,て,け,0,high,news1|nf15
べる,べ,る,0,high,gai1|ichi1
まんぱい,ま,い,0,high,news1|nf21
ぴいまん,ぴ,ん,0,high,gai1
がつこう,が,う,0,high,ichi1|news1|nf01
りべらりずむ,り,む,0,high,gai1
じどうしや,じ,や,0,high,ichi1|news1|nf01
はんどばつぐ,は,ぐ,0,high,gai1|ichi1
どりる,ど,る,0,high,gai1|ichi1
にげだす,に,す,0,high,ichi1|news2|nf29
ぽぴゆらあ,ぽ,あ,0,high,gai1
かんびよう,か,う,0,high,ichi1|news1|nf22
もんぱり,も,り,0,high,gai1
じやむ,じ,む,0,high,gai1|ichi1
よさん,よ,ん,0,high,ichi1|news1|nf01
そうか,そ,か,0,high,ichi1|news1|nf21|spec1
むしかく,む,く,0,high,news1|nf23
えんみ,え,み,0,high,news2|nf37|spec1
きよくち,き,ち,0,high,news1|nf19
せんげつ,せ,つ,0,high,ichi1|news1|nf02
きんせん,き,ん,0,high,ichi1|news1|nf06
つきぬける,つ,る,0,high,ichi1
しようじよう,し,う,0,high,ichi1|news1|nf04|nf10|nf17|nf24
くま,く,ま,0,high,ichi1|news1|nf13|spec1
どうぶつえん,ど,ん,0,high,ichi1|news1|nf07
にんどう,に,う,0,high,news1|nf06
かざい,か,い,0,high,news1|nf23
よそおう,よ,う,0,high,ichi1|news1|nf21
とうごく,と,く,0,high,news1|nf18
みしがん,み,ん,0,high,gai1
おもたい,お,い,0,high,ichi1
じゆうたん,じ,ん,0,high,ichi1
じしよ,じ,よ,0,high,ichi1|news1|nf10
しようじゆう,し,う,0,high,news1|nf12
せんりよく,せ,く,0,high,news1|nf06
いんでいあん,い,ん,0,high,gai1
さいせい,さ,い,0,high,ichi1|news1|nf04
りこうがくぶ,り,ぶ,0,high,news1|nf19
しゆうそく,し,く,0,high,news1|nf17
やくそく,や,く,0,high,ichi1|news1|nf05
ずうつと,ず,と,0,high,spec1
でしよう,で,う,0,high,spec1
とそう,と,う,0,high,news1|nf12
たとえ,た,え,0,high,ichi1|news2|nf28
さて,さ,て,0,high,ichi1
えいが,え,が,0,high,ichi1|news1|nf01
きとく,き,く,0,high,ichi1|news2|nf28
けいげん,け,ん,0,high,news1|nf09
ふくしや,ふ,や,0,high,ichi1|news2|nf28
ちゆうりやく,ち,く,0,high,news1|nf23
しおみず,し,ず,0,high,ichi1|news2|nf27
じたい,じ,い,0,high,ichi1|news1|nf01|nf11
かいはつしや,か,や,0,high,spec1
こつかいぎじどう,こ,う,0,high,news1|nf23
むじゆうりよう,む,う,0,high,news1|nf17
もれる,も,る,0,high,ichi1
ふらいんぐ,ふ,ぐ,0,high,gai1
じようと,じ,と,0,high,news1|nf06
ひとや,ひ,や,0,high,news1|nf09
くせん,く,ん,0,high,news1|nf10
せかいいさん,せ,ん,0,high,spec1
しやあぷ,し,ぷ,0,high,gai1
けいはく,け,く,0,high,ichi1|news2|nf33
うみ,う,み,0,high,ichi1|news1|nf02|nf11
やまがた,や,た,0,high,news1|nf05
あんそろじい,あ,い,0,high,gai1
じえいたい,じ,い,0,high,ichi1|news1|nf01
れすりんぐ,れ,ぐ,0,high,gai1
もすく,も,く,0,high,gai1
りよくちや,り,や,0,high,news1|nf24
おなかのこ,お,こ,0,high,spec1
いちよう,い,う,0,high,ichi1|news1|nf13|nf17|nf24
ばぷてすと,ば,と,0,high,gai1
ふあんたじい,ふ,い,0,high,gai1
せかい,せ,い,0,high,ichi1|news1|nf01
りゆうじゆ,り,ゆ,0,high,gai1
でもない,で,い,0,high,spec1
めんきよ,め,よ,0,high,ichi1|news1|nf05
りつたあかあ,り,あ,0,high,gai1
げきじよう,げ,う,0,high,ichi1|news1|nf02
うりきれる,う,る,0,high,ichi1
しろぼし,し,し,0,high,news1|nf13
はつちよう,は,う,0,high,news1|nf22
ちよくげき,ち,き,0,high,ichi1|news1|nf15
らんじえりい,ら,い,0,high,gai1
たいは,た,は,0,high,news1|nf22
くりえいたあ,く,あ,0,high,spec1
ゆうごすらびあ,ゆ,あ,0,high,gai1
はつきり,は,り,0,high,ichi1|spec1
ばいりつ,ば,つ,0,high,ichi1|news1|nf10
ならう,な,う,0,high,ichi1|news2|nf38|nf42
ちつじよ,ち,よ,0,high,ichi1|news1|nf03
かつえじに,か,に,0,high,ichi1
けがわ,け,わ,0,high,ichi1|news1|nf14
らいせんす,ら,す,0,high,gai1
おい,お,い,0,high,ichi1|news1|news2|nf13|nf39|spec1
あんていいく,あ,く,0,high,gai1
ぱさぱさ,ぱ,さ,0,high,gai1
かぜあな,か,な,0,high,news1|nf19
やすらぐ,や,ぐ,0,high,news1|nf18
えさ,え,さ,0,high,ichi1|news2|nf25
はげ,は,げ,0,high,ichi1|spec1
しゆじく,し,く,0,high,news1|nf12
ぱすわあど,ぱ,ど,0,high,gai1
とりくち,と,ち,0,high,news1|nf19
てにす,て,す,0,high,gai1|ichi1
かきこみ,か,み,0,high,news1|nf23
かつこういい,か,い,0,high,spec1
うちそと,う,と,0,high,news1|nf03
ぎやる,ぎ,る,0,high,gai1
はんかち,は,ち,0,high,gai1|ichi1
そうだんやく,そ,く,0,high,news1|nf06
とうせい,と,い,0,high,ichi1|news1|nf08|nf18
さくずけ,さ,け,0,high,news1|nf20
がくせいじだい,が,い,0,high,spec1
ついとう,つ,う,0,high,ichi1|news1|nf07
しゆべつ,し,つ,0,high,news1|nf24
いちおう,い,う,0,high,ichi1|news1|nf09
あんた,あ,た,0,high,spec1
ちようしよ,ち,よ,0,high,ichi1|news1|nf06|nf15
みちすじ,み,じ,0,high,news1|nf09
へんよう,へ,う,0,high,ichi1|news1|nf19
わかれる,わ,る,0,high,ichi1|news1|nf10|nf23
ばね,ば,ね,0,high,ichi1
しゆうでん,し,ん,0,high,ichi1|news2|nf29
たいべい,た,い,0,high,news1|nf05
えいのう,え,う,0,high,news1|nf21
じんたい,じ,い,0,high,ichi1|news1|nf10
つうぴいす,つ,す,0,high,gai1
きんりん,き,ん,0,high,news1|nf08
かつたあ,か,あ,0,high,gai1
ええじえんしい,え,い,0,high,gai1
すきいやあ,す,あ,0,high,gai1
ないしよ,な,よ,0,high,ichi1
はいく,は,く,0,high,gai1|ichi1|news1|nf05
じりき,じ,き,0,high,news1|nf10|nf21
ろんぐほおる,ろ,る,0,high,gai1
きかがく,き,く,0,high,news1|nf24
なんみん,な,ん,0,high,ichi1|news1|nf02
ろくに,ろ,に,0,high,ichi1
たいむず,た,ず,0,high,gai1
おちこむ,お,む,0,high,ichi1|news1|nf12
りゆうにん,り,ん,0,high,news1|nf14
みそこなう,み,う,0,high,ichi1
ふろすと,ふ,と,0,high,gai1
さしひかえる,さ,る,0,high,news1|nf23
このなか,こ,か,0,high,spec1
じこう,じ,う,0,high,ichi1|news1|nf05|nf12
うたう,う,う,0,high,ichi1|news1|nf15
ぎよぎよう,ぎ,う,0,high,ichi1|news1|nf05
まだまだ,ま,だ,0,high,spec1
おぼえる,お,る,0,high,ichi1|news2|nf26
ねんしゆう,ね,う,0,high,ichi1|news1|nf07
さんせい,さ,い,0,high,ichi1|news1|nf02|nf08|nf17
こりる,こ,る,0,high,ichi1|news2|nf39
えろ,え,ろ,0,high,gai1
ぼせい,ぼ,い,0,high,news1|nf21
せんてんてき,せ,き,0,high,ichi1|news2|nf39
ぎやらりい,ぎ,い,0,high,gai1
せいかく,せ,く,0,high,ichi1|news1|nf03|nf21
もおしよん,も,ん,0,high,gai1
れえん,れ,ん,0,high,gai1
どつち,ど,ち,0,high,ichi1
うらない,う,い,0,high,ichi1|news1|nf17
だきゆう,だ,う,0,high,news1|nf08
すたみな,す,な,0,high,gai1
なつしんぐ,な,ぐ,0,high,gai1
まちあい,ま,い,0,high,news1|nf21
さつきよくか,さ,か,0,high,spec1
さんちよう,さ,う,0,high,news1|nf11
でんちゆう,で,う,0,high,ichi1|news1|nf20
ものたりない,も,い,0,high,ichi1|news2|nf28
かしらもじ,か,じ,0,high,news1|nf18
さこく,さ,く,0,high,ichi1|news1|nf20
しゆけいきよく,し,く,0,high,news1|nf16
ひやす,ひ,す,0,high,ichi1|news1|nf24
しろと,し,と,0,high,ichi1|news1|nf09
ゆうしよう,ゆ,う,0,high,ichi1|news1|nf01|nf20
さいのう,さ,う,0,high,ichi1|news1|nf08
ねどこ,ね,こ,0,high,ichi1|news2|nf32
もんぜん,も,ん,0,high,news1|nf19
あいでいあ,あ,あ,0,high,gai1
りようほう,り,う,0,high,ichi1|news1|nf07
ほつこく,ほ,く,0,high,news1|nf23
かげぐち,か,ち,0,high,news1|nf24
てんざい,て,い,0,high,news1|nf17
ららばい,ら,い,0,high,gai1
につぽん,に,ん,0,high,news2|nf25|spec1
ぐらまあ,ぐ,あ,0,high,gai1
さいこうけん,さ,ん,0,high,news1|nf21
おしやべり,お,り,0,high,ichi1
じつむ,じ,む,0,high,news1|nf05
いしよう,い,う,0,high,ichi1|news1|nf07
ればあ,れ,あ,0,high,gai1
いんすたんと,い,と,0,high,gai1|ichi1
ちえろ,ち,ろ,0,high,gai1
はいたい,は,い,0,high,news1|nf15
しゆうねん,し,ん,0,high,ichi1|news1|nf02|nf11
だうんたうん,だ,ん,0,high,gai1
べに,べ,に,0,high,ichi1|news1|nf09
ちゆうい,ち,い,0,high,ichi1|news1|nf04|nf23
こんちゆう,こ,う,0,high,ichi1|news1|nf10
しちやく,し,く,0,high,spec1
ふせん,ふ,ん,0,high,news1|nf21
えいりあん,え,ん,0,high,gai1
せいと,せ,と,0,high,ichi1|news1|nf02
かいと,か,と,0,high,gai1
こうみん,こ,ん,0,high,news1|nf03
ちしまれつとう,ち,う,0,high,news1|nf24
はん,は,ん,0,high,ichi1|news1|nf03|nf10|nf13|nf15|nf18
らんよう,ら,う,0,high,ichi1|news1|nf11
はつどう,は,う,0,high,news1|nf09
えすかれえたあ,え,あ,0,high,gai1|ichi1
ころす,こ,す,0,high,ichi1|news1|nf06
むきゆう,む,う,0,high,ichi1|news1|nf21|nf24
じでんしや,じ,や,0,high,ichi1|news1|nf04
きようみしんしん,き,ん,0,high,news2|nf34|spec1
のおまあく,の,く,0,high,gai1
まいとし,ま,し,0,high,ichi1|news1|nf03
ひようじ,ひ,じ,0,high,news1|nf04
すぷりんたあ,す,あ,0,high,gai1
こうりよ,こ,よ,0,high,ichi1|news1|nf12
ちようてい,ち,い,0,high,ichi1|news1|nf06
みつにゆうごく,み,く,0,high,ichi1|news1|nf22
りくえすと,り,と,0,high,gai1|ichi1
せいしよく,せ,く,0,high,news1|news2|nf16|nf25|spec1
ふなおさ,ふ,さ,0,high,ichi1|news1|nf08
ゆうめい,ゆ,い,0,high,ichi1|news1|nf03
はかどる,は,る,0,high,ichi1
せいそう,せ,う,0,high,ichi1|news1|news2|nf09|nf14|nf32
してき,し,き,0,high,ichi1|news1|nf04|nf07
くいさがる,く,る,0,high,ichi1|news2|nf28
どうじだい,ど,い,0,high,news1|nf16
いきちがい,い,い,0,high,ichi1|news2|nf31
ぼさん,ぼ,ん,0,high,ichi1|news1|nf16
にゆうかく,に,く,0,high,news1|nf11
こくれん,こ,ん,0,high,ichi1|news1|nf01
えこお,え,お,0,high,gai1
いいかえす,い,す,0,high,ichi1|news2|nf47
にあつては,に,は,0,high,spec1
ほのめかす,ほ,す,0,high,ichi1
まちかねる,ま,る,0,high,ichi1
きんちよ,き,よ,0,high,news1|nf17
くつ,く,つ,0,high,ichi1|news1|nf06
むじようけん,む,ん,0,high,ichi1|news1|nf12
あめりかん,あ,ん,0,high,gai1
まつさいちゆう,ま,う,0,high,ichi1|news1|nf19
まぐろ,ま,ろ,0,high,ichi1|spec1
そうろん,そ,ん,0,high,ichi1|news1|nf15
でまんど,で,ど,0,high,gai1
ごうりか,ご,か,0,high,ichi1|news1|nf06
めつき,め,き,0,high,ichi1|news2|nf44
ぐらびあ,ぐ,あ,0,high,gai1
みほんいち,み,ち,0,high,news1|nf17
せかいじゆう,せ,う,0,high,spec1
けいさつしよ,け,よ,0,high,news1|nf14
ふかけつ,ふ,つ,0,high,ichi1|news1|nf07
しんじち,し,ち,0,high,ichi1|news1|nf07
ばうさいど,ば,ど,0,high,gai1
かんちよう,か,う,0,high,ichi1|news1|nf05|nf09|nf21
ぱあかあ,ぱ,あ,0,high,gai1
ひようり,ひ,り,0,high,ichi1|news1|nf19
こばむ,こ,む,0,high,ichi1|news2|nf31
いせい,い,い,0,high,ichi1|news1|nf16|nf20
さなか,さ,か,0,high,ichi1|news2|nf42
とうもろこし,と,し,0,high,ichi1
くらしかる,く,る,0,high,gai1
とうししんたく,と,く,0,high,news1|nf13
のこつたぶん,の,ん,0,high,news1|nf02
くらつしゆ,く,ゆ,0,high,gai1
ようじん,よ,ん,0,high,ichi1|news1|news2|nf09|nf28
つういん,つ,ん,0,high,news1|nf19
ちけつと,ち,と,0,high,gai1|ichi1
あふれる,あ,る,0,high,ichi1
てとらくろろえちれん,て,ん,0,high,gai1
ふしや,ふ,や,0,high,ichi1
おぶじえ,お,え,0,high,gai1
ほけんしよ,ほ,よ,0,high,news1|nf12|spec1
はくさい,は,い,0,high,ichi1|news2|nf30
こうど,こ,ど,0,high,ichi1|news1|nf06
げいめい,げ,い,0,high,news1|nf19
しやありんぐ,し,ぐ,0,high,gai1
はんこ,は,こ,0,high,ichi1
がいし,が,し,0,high,news1|nf08
わな,わ,な,0,high,ichi1|news2|nf42
なげく,な,く,0,high,ichi1
さそう,さ,う,0,high,ichi1|news1|nf10
ふぞく,ふ,く,0,high,ichi1|news1|nf05
いちがん,い,ん,0,high,news1|nf19
かりいれきん,か,ん,0,high,news1|nf08
れつかあ,れ,あ,0,high,gai1
じやくたい,じ,い,0,high,news1|nf13
とまほおく,と,く,0,high,gai1
ふゆやすみ,ふ,み,0,high,ichi1|news2|nf29
らぶそんぐ,ら,ぐ,0,high,gai1
べすとせらあ,べ,あ,0,high,gai1
みどるきゆう,み,う,0,high,spec1
こする,こ,る,0,high,ichi1
かくりつ,か,つ,0,high,ichi1|news1|nf04|nf10
ねざす,ね,す,0,high,news1|news2|nf18|nf27
すね,す,ね,0,high,ichi1
きわめる,き,る,0,high,ichi1|news2|nf30
こうふく,こ,く,0,high,ichi1|news1|nf11|nf19
ゆび,ゆ,び,0,high,ichi1|news1|nf06
こしよ,こ,よ,0,high,news1|nf12
ふい,ふ,い,0,high,ichi1|news2|nf26
じようしゆう,じ,う,0,high,news1|nf24
さいちゆう,さ,う,0,high,ichi1|news2|nf42
どなた,ど,た,0,high,ichi1
ふれえむ,ふ,む,0,high,gai1
ゆうよ,ゆ,よ,0,high,ichi1|news1|nf09
ぶんめい,ぶ,い,0,high,ichi1|news1|nf05
ふおおると,ふ,と,0,high,gai1
さんどぺえぱあ,さ,あ,0,high,gai1
るああ,る,あ,0,high,gai1
すといつく,す,く,0,high,gai1
さつきよく,さ,く,0,high,ichi1|news1|nf04
ばつする,ば,る,0,high,ichi1|news2|nf25
しんぎ,し,ぎ,0,high,ichi1|news1|nf01|nf16|nf20
けんさつ,け,つ,0,high,ichi1|news1|nf02
まあけつと,ま,と,0,high,gai1|ichi1
あつたかい,あ,い,0,high,ichi1|news1|nf21
ぴんく,ぴ,く,0,high,gai1|ichi1
ということは,と,は,0,high,spec1
しんせいじん,し,ん,0,high,spec1
こんす,こ,す,0,high,news1|nf14
じようねつ,じ,つ,0,high,ichi1|news1|nf08
でもある,で,る,0,high,spec1
ぼおど,ぼ,ど,0,high,gai1
かなずかい,か,い,0,high,ichi1
ばるうん,ば,ん,0,high,gai1
なげる,な,る,0,high,ichi1|news2|nf44
るねさんす,る,す,0,high,gai1
いしかい,い,い,0,high,news1|nf12
ひれい,ひ,い,0,high,ichi1|news1|nf02
さしこむ,さ,む,0,high,news2|nf43|spec1
うんち,う,ち,0,high,spec1
おのぼれ,お,れ,0,high,ichi1
こんじき,こ,き,0,high,ichi1|news1|nf18
しびりあんこんとろおる,し,る,0,high,gai1
しゆく,し,く,0,high,news1|nf24
つよまる,つ,る,0,high,ichi1|news2|nf44
もち,も,ち,0,high,ichi1|news1|nf07|nf19
ばいおりん,ば,ん,0,high,gai1|ichi1
てんさく,て,く,0,high,ichi1|news2|nf34
はんらく,は,く,0,high,news1|nf24
さんしゆ,さ,ゆ,0,high,news1|nf19
すかる,す,る,0,high,gai1
りえき,り,き,0,high,ichi1|news1|nf02
にしたがつて,に,て,0,high,spec1
ぶたん,ぶ,ん,0,high,gai1
みちのり,み,り,0,high,news1|nf15|nf24
よぶ,よ,ぶ,0,high,ichi1|news1|nf02
げひん,げ,ん,0,high,ichi1|news2|nf33
ふてい,ふ,い,0,high,news1|nf12
けんちく,け,く,0,high,ichi1|news1|nf03
めえでえ,め,え,0,high,gai1
どうどう,ど,う,0,high,ichi1|news1|nf11
じげん,じ,ん,0,high,ichi1|news1|nf10|nf12
ろうしよう,ろ,う,0,high,news1|nf08
けえさつ,け,つ,0,high,ichi1|news1|nf01
けいはん,け,ん,0,high,spec1
もるもつと,も,と,0,high,gai1
もでる,も,る,0,high,gai1|ichi1
あずかりしよ,あ,よ,0,high,ichi1
けいけんち,け,ち,0,high,spec1
どりい,ど,い,0,high,gai1
しゆせん,し,ん,0,high,news1|nf16
きにち,き,ち,0,high,ichi1|news1|nf09
しすぎる,し,る,0,high,spec1
かんつおおね,か,ね,0,high,gai1
ぎゆうほ,ぎ,ほ,0,high,news1|nf10
ふり,ふ,り,0,high,ichi1|news1|nf08|nf13
しんぶんしや,し,や,0,high,ichi1|news1|nf05
ろおすと,ろ,と,0,high,gai1
じゆぎよう,じ,う,0,high,ichi1|news1|nf03
しようぼう,し,う,0,high,ichi1|news1|nf06
まるごと,ま,と,0,high,news1|nf22
かあ,か,あ,0,high,gai1
おおぜい,お,い,0,high,ichi1|news1|nf04
らうどすぴいかあ,ら,あ,0,high,gai1
よきん,よ,ん,0,high,ichi1|news1|nf03
うるぐあい,う,い,0,high,gai1
じえつと,じ,と,0,high,gai1
しめる,し,る,0,high,ichi1|news1|news2|nf22|nf25|nf46|spec1
さんじげん,さ,ん,0,high,news2|nf27|spec1
いんえん,い,ん,0,high,ichi1|news1|nf17|nf20
もつか,も,か,0,high,ichi1
はいぎよう,は,う,0,high,news1|nf22
きほん,き,ん,0,high,ichi1|news1|nf01
かいやく,か,く,0,high,ichi1|news1|nf12
ぺえすめえかあ,ぺ,あ,0,high,gai1
らつぷ,ら,ぷ,0,high,gai1
てくにかる,て,る,0,high,gai1
たからもの,た,の,0,high,ichi1|news1|nf17
きらびやか,き,か,0,high,ichi1
どつちも,ど,も,0,high,spec1
ていいしやつ,て,つ,0,high,spec1
はさま,は,ま,0,high,news2|nf33|spec1
いちばんて,い,て,0,high,news1|nf22
でいふえんす,で,す,0,high,gai1
ほおむぺえじ,ほ,じ,0,high,gai1
もやす,も,す,0,high,ichi1|ichi2|news2|nf45
さあばあ,さ,あ,0,high,gai1
きず,き,ず,0,high,ichi1|news1|nf05
しえいぷあつぷ,し,ぷ,0,high,gai1
かいぞく,か,く,0,high,news1|nf23
つくばる,つ,る,0,high,ichi1
みらあじゆ,み,ゆ,0,high,gai1
くいこむ,く,む,0,high,ichi1|news1|nf23
どうぎてきせきにん,ど,ん,0,high,news1|nf17
ろうれん,ろ,ん,0,high,news1|nf08
ひとくち,ひ,ち,0,high,ichi1|news1|nf15
こうきしん,こ,ん,0,high,ichi1|news1|nf13
くんしよう,く,う,0,high,news1|nf13
しやんでりあ,し,あ,0,high,gai1
せくはら,せ,ら,0,high,gai1
せいいく,せ,く,0,high,news1|nf17
たいがん,た,ん,0,high,news1|nf13
はいごう,は,う,0,high,news2|nf27|spec1
おてすうですが,お,が,0,high,spec1
かんぼうちようかん,か,ん,0,high,news1|nf02
ひばく,ひ,く,0,high,news1|nf06
はじめに,は,に,0,high,ichi1|spec1
せつかく,せ,く,0,high,ichi1
だんぺん,だ,ん,0,high,ichi1|news1|nf20
あらの,あ,の,0,high,ichi1|news2|nf25
ぼんにん,ぼ,ん,0,high,ichi1|news2|nf27
ひありんぐ,ひ,ぐ,0,high,spec1
おさん,お,ん,0,high,news1|nf22
こうこん,こ,ん,0,high,ichi1|news2|nf34
かけざん,か,ん,0,high,ichi1
かつかんてき,か,き,0,high,ichi1|news1|nf10
こくせいちようさ,こ,さ,0,high,news1|nf14
ねんぱい,ね,い,0,high,ichi1|news1|nf12
えいぎようじかん,え,ん,0,high,spec1
あかしんごう,あ,う,0,high,news1|nf18
かする,か,る,0,high,news1|nf14|nf24
いつつう,い,う,0,high,news1|nf19
みまう,み,う,0,high,ichi1|news1|nf08
ひだり,ひ,り,0,high,ichi1|news1|nf01
めんたりてい,め,い,0,high,spec1
だいなみずむ,だ,む,0,high,gai1
ぽおたあ,ぽ,あ,0,high,gai1
ひんこん,ひ,ん,0,high,ichi1|news1|nf07
ぎよえん,ぎ,ん,0,high,news1|nf19
にたいして,に,て,0,high,spec1
なのり,な,り,0,high,news1|nf11
いずれ,い,れ,0,high,ichi1
もん,も,ん,0,high,ichi1|news1|nf03|nf09|nf23
みせさき,み,き,0,high,news1|nf23
ちゆうがつこう,ち,う,0,high,ichi1|news1|nf04
つまらせる,つ,る,0,high,news1|nf18
よつきゆう,よ,う,0,high,ichi1|news1|nf13
こつぷ,こ,ぷ,0,high,gai1|ichi1
はえぬき,は,き,0,high,news1|nf20
こまかいこと,こ,と,0,high,spec1
ねんちゆう,ね,う,0,high,ichi1|news1|nf16
りようこく,り,く,0,high,news1|nf01
とつぱあ,と,あ,0,high,gai1
とうゆうし,と,し,0,high,news1|nf22
しやべる,し,る,0,high,gai1|ichi1
ぶしよ,ぶ,よ,0,high,news1|nf18
あやまる,あ,る,0,high,ichi1|news2|nf32|nf41
ひきかえ,ひ,え,0,high,ichi1|news1|nf11
たてがき,た,き,0,high,ichi1|news2|nf30
かも,か,も,0,high,news1|nf12|spec1
さくひん,さ,ん,0,high,ichi1|news1|nf01
くじゆう,く,う,0,high,news1|nf06|nf19|nf22|spec1
しよだい,し,い,0,high,news1|nf06
ほかにも,ほ,も,0,high,spec1
だんがい,だ,い,0,high,news1|nf17
はたじるし,は,し,0,high,news1|nf14
ちゆうじよう,ち,う,0,high,news1|nf20
ちからずよい,ち,い,0,high,ichi1|news1|nf14
たる,た,る,0,high,ichi1|news1|news2|nf23|nf25|spec1
ちぐはぐ,ち,ぐ,0,high,ichi1
わめく,わ,く,0,high,ichi1
ちいむわあく,ち,く,0,high,gai1
じゆうしちにち,じ,ち,0,high,spec1
こうようじゆ,こ,ゆ,0,high,news1|nf24
げいじゆついん,げ,ん,0,high,news1|nf22
はぎ,は,ぎ,0,high,ichi1|news1|nf17
せつしよく,せ,く,0,high,ichi1|news1|nf05
いいきる,い,る,0,high,news1|nf21
かみすり,か,り,0,high,ichi1
こうてき,こ,き,0,high,news1|nf03
ふなばし,ふ,し,0,high,news1|nf11
なかにわ,な,わ,0,high,ichi1|news1|nf17
くろじ,く,じ,0,high,ichi1|news1|nf02
ないじ,な,じ,0,high,news1|nf18
えんめい,え,い,0,high,news1|nf14
しか,し,か,0,high,ichi1|news1|nf10|nf12|nf20|nf21|spec1
ぜつちよう,ぜ,う,0,high,news1|nf21
どのへん,ど,ん,0,high,ichi1
ほいくしよ,ほ,よ,0,high,ichi1|news1|nf11
へいか,へ,か,0,high,news1|nf04
ぶんか,ぶ,か,0,high,ichi1|news1|nf01|nf18|nf20
だいいちにんしや,だ,や,0,high,news1|nf10
めちやくちや,め,や,0,high,ichi1
ふろあ,ふ,あ,0,high,gai1
おおゆき,お,き,0,high,ichi1|news1|nf17
びにいる,び,る,0,high,gai1|ichi1
きよじゆう,き,う,0,high,ichi1|news1|nf06
どうさ,ど,さ,0,high,ichi1|news1|nf12
きんき,き,き,0,high,news1|nf07
しれいかん,し,ん,0,high,news1|nf03
くず,く,ず,0,high,ichi1|news1|nf24
ぎよせん,ぎ,ん,0,high,ichi1|news1|nf06
はたらかせる,は,る,0,high,news1|nf19
ふだ,ふ,だ,0,high,ichi1|news1|nf05
じぱんぐ,じ,ぐ,0,high,gai1
がくしよう,が,う,0,high,news1|nf22
ぴつくあつぷさあびす,ぴ,す,0,high,gai1
あんぐら,あ,ら,0,high,gai1
だんごう,だ,う,0,high,news1|nf05
むかんしん,む,ん,0,high,ichi1|news1|nf16
たいとく,た,く,0,high,ichi1|news2|nf30
びようめい,び,い,0,high,news1|nf15
うわき,う,き,0,high,ichi1|news1|nf24
めいだい,め,い,0,high,news1|nf17
おつさん,お,ん,0,high,spec1
けいと,け,と,0,high,ichi1|news2|nf26
そんしつ,そ,つ,0,high,ichi1|news1|nf03
がつこうめい,が,い,0,high,spec1
なりきん,な,ん,0,high,news1|nf10
しんじん,し,ん,0,high,ichi1|news1|nf02|nf10
ほかく,ほ,く,0,high,news1|nf12|nf16
らてん,ら,ん,0,high,gai1
きようゆう,き,う,0,high,ichi1|news1|nf15
わごん,わ,ん,0,high,gai1
ごおさいん,ご,ん,0,high,gai1
おとずれる,お,る,0,high,ichi1|news2|nf42
こうろう,こ,う,0,high,news1|nf10
ぜいむしよ,ぜ,よ,0,high,ichi1|news1|nf15
じゆうりよう,じ,う,0,high,ichi1|news1|nf07|nf10
あたくし,あ,し,0,high,spec1
ざいもく,ざ,く,0,high,ichi1|news1|nf21
てろつぷ,て,ぷ,0,high,gai1
あこがれ,あ,れ,0,high,ichi1|news2|nf43
のうし,の,し,0,high,ichi1|news1|nf03
げらく,げ,く,0,high,news1|nf05
こくもつ,こ,つ,0,high,ichi1|news1|nf11
その,そ,の,0,high,ichi1|news1|nf09|spec1
とうろん,と,ん,0,high,ichi1|news1|nf05
だいぎ,だ,ぎ,0,high,news1|nf04
はかま,は,ま,0,high,ichi1|news2|nf32
わぎ,わ,ぎ,0,high,news1|nf23
かきかた,か,た,0,high,ichi1|news1|nf21
けが,け,が,0,high,ichi1
えんそ,え,そ,0,high,news1|nf13
ぷれじでんと,ぷ,と,0,high,gai1
みずどり,み,り,0,high,news1|nf18
すきとおる,す,る,0,high,ichi1|news2|nf37
すいはんき,す,き,0,high,news1|nf23
ぼおとぴいぷる,ぼ,る,0,high,gai1
ちく,ち,く,0,high,news1|nf01
ぱるちざん,ぱ,ん,0,high,gai1
かおいろ,か,ろ,0,high,ichi1|news1|nf16
けいゆ,け,ゆ,0,high,ichi1|news1|nf07|nf15
よみがえる,よ,る,0,high,ichi1|news2|nf44|spec1
さしもどす,さ,す,0,high,news1|nf24
おせわになる,お,る,0,high,spec1
かみのけ,か,け,0,high,ichi1|news1|nf19
ぼうかん,ぼ,ん,0,high,ichi1|news2|nf30
ぱれす,ぱ,す,0,high,gai1
よくしつ,よ,つ,0,high,ichi1|news1|nf15
ちゆうかん,ち,ん,0,high,ichi1|news1|nf02|nf08
ひきよう,ひ,う,0,high,ichi1|news2|nf46
うんきゆう,う,う,0,high,ichi1|news2|nf29
ついて,つ,て,0,high,news1|nf10
じはあど,じ,ど,0,high,gai1
こうもん,こ,ん,0,high,news1|nf20
けいば,け,ば,0,high,ichi1|news1|nf05
すつぱい,す,い,0,high,ichi1|news2|nf46
ねんしよ,ね,よ,0,high,news1|nf13|nf20
こうしん,こ,ん,0,high,ichi1|news1|nf07|nf11|nf17|nf18
つりあう,つ,う,0,high,ichi1
くらべ,く,べ,0,high,news1|nf13
うたがう,う,う,0,high,ichi1|news1|nf14
おきば,お,ば,0,high,news1|nf19
がいじん,が,ん,0,high,ichi1|news1|nf18
でんきよく,で,く,0,high,news1|nf24
みせ,み,せ,0,high,ichi1
せいゆじよ,せ,よ,0,high,news1|nf17
さいしんえい,さ,い,0,high,spec1
さばく,さ,く,0,high,ichi1|news1|nf06
こつかいぎいん,こ,ん,0,high,news1|nf02
じんこつ,じ,つ,0,high,news1|nf19
けんきよ,け,よ,0,high,ichi1|news1|nf13|nf14
おうぼ,お,ぼ,0,high,ichi1|news1|nf03
たにんごと,た,と,0,high,spec1
げえと,げ,と,0,high,gai1
ざつし,ざ,し,0,high,ichi1|news1|nf02
しえるたあ,し,あ,0,high,gai1
そで,そ,で,0,high,ichi1|news2|nf25
でしいり,で,り,0,high,ichi1|news2|nf41
みんしゆてき,み,き,0,high,news1|nf09
はしりたかとび,は,び,0,high,news1|nf24
おどりこ,お,こ,0,high,news1|nf24
ながあめ,な,め,0,high,news1|nf18
そうして,そ,て,0,high,ichi1
てびき,て,き,0,high,ichi1|news1|nf24
どとう,ど,う,0,high,news2|nf45|spec1
おいしい,お,い,0,high,ichi1
かね,か,ね,0,high,ichi1|news1|nf12|spec1
はんけん,は,ん,0,high,news1|nf23
きしようよほうし,き,し,0,high,spec1
ろじ,ろ,じ,0,high,ichi1|news1|nf15
かつき,か,き,0,high,ichi1|news1|nf12
じゆくご,じ,ご,0,high,ichi1|news2|nf29
じか,じ,か,0,high,news1|nf09|nf14
かんか,か,か,0,high,ichi1|news1|nf23
らいきやく,ら,く,0,high,ichi1|news1|nf19
こうきようがくだん,こ,ん,0,high,news1|nf14
だいし,だ,し,0,high,news1|nf20
たいい,た,い,0,high,news1|nf18
きんぼし,き,し,0,high,news1|nf17
ないじえりあ,な,あ,0,high,gai1
いきさつ,い,つ,0,high,news1|nf04
しやい,し,い,0,high,gai1|news1|nf22
ほうこく,ほ,く,0,high,ichi1|news1|nf01
すり,す,り,0,high,ichi1|news1|nf07
ていえん,て,ん,0,high,ichi1|news1|nf12
おかあさん,お,ん,0,high,ichi1|news1|nf05
くみ,く,み,0,high,news1|nf06|nf21
まいなあ,ま,あ,0,high,gai1
しやれる,し,る,0,high,ichi1
きんゆうしじよう,き,う,0,high,news1|nf12
みようみようごにち,み,ち,0,high,ichi1
えをえがく,え,く,0,high,spec1
ぼおく,ぼ,く,0,high,gai1
ふきん,ふ,ん,0,high,ichi1|news1|nf03
れえす,れ,す,0,high,gai1
つきずき,つ,き,0,high,news1|nf21
いのしし,い,し,0,high,news1|nf11
ほくふう,ほ,う,0,high,ichi1|news2|nf25
ぐらんぷり,ぐ,り,0,high,gai1
じつぎ,じ,ぎ,0,high,news1|nf19
わしつ,わ,つ,0,high,ichi1|news1|nf19
せいてつじよ,せ,よ,0,high,news1|nf15
できあがり,で,り,0,high,ichi1|news1|nf22
もにたあ,も,あ,0,high,gai1
かじん,か,ん,0,high,news1|nf09|nf24
たかせ,た,せ,0,high,news1|nf22
こおる,こ,る,0,high,gai1|ichi1|news2|nf32
いつと,い,と,0,high,gai1
ななつ,な,つ,0,high,ichi1|news1|nf13
あけくれ,あ,れ,0,high,news1|nf23
かいじようほあんちよう,か,う,0,high,news1|nf14
めんえき,め,き,0,high,news1|nf07
すじ,す,じ,0,high,ichi1|news1|nf01
りんじん,り,ん,0,high,ichi1|news1|nf15
かんしよう,か,う,0,high,ichi1|news1|nf09|nf12|nf19|nf24
そつきゆう,そ,う,0,high,news1|nf05
おうい,お,い,0,high,news1|nf18
じゆうみん,じ,ん,0,high,ichi1|news1|nf01
こんぐろまあちやんと,こ,と,0,high,gai1
はじる,は,る,0,high,ichi1|news2|nf37
いあん,い,ん,0,high,news1|nf03
ひぐれ,ひ,れ,0,high,ichi1|news2|nf36
かたより,か,り,0,high,news1|nf23
もくたん,も,ん,0,high,news1|nf24
ぼうりんぐ,ぼ,ぐ,0,high,spec1
ふいるむ,ふ,む,0,high,gai1|ichi1
しまぐに,し,に,0,high,news1|nf18
こうふん,こ,ん,0,high,ichi1|news1|nf11
しまつた,し,た,0,high,ichi1
ぱあれん,ぱ,ん,0,high,gai1
くらいしす,く,す,0,high,gai1
えんえん,え,ん,0,high,news2|nf31|spec1
とる,と,る,0,high,ichi1|news1|news2|nf06|nf22|nf26|nf37|nf38|spec1
こくみんそうせいさん,こ,ん,0,high,news1|nf08
よどむ,よ,む,0,high,ichi1
ろおん,ろ,ん,0,high,gai1|ichi1
ぜんぶん,ぜ,ん,0,high,news1|nf12|nf14
ていつしゆ,て,ゆ,0,high,gai1|ichi1
なんびと,な,と,0,high,news1|nf07
ぽにいてえる,ぽ,る,0,high,gai1
さつきん,さ,ん,0,high,news1|nf17
ひらめく,ひ,く,0,high,ichi1
こもんじよ,こ,よ,0,high,news1|nf19
しずめる,し,る,0,high,ichi1|news2|nf45|spec2
しゆほう,し,う,0,high,news1|nf04|nf16
さしえ,さ,え,0,high,news1|nf18
りりいす,り,す,0,high,gai1
くふ,く,ふ,0,high,ichi1|news1|nf06
よおろつぱ,よ,ぱ,0,high,gai1
むよか,む,か,0,high,ichi1|spec1
ぼつご,ぼ,ご,0,high,news1|nf13
びでおてえぷ,び,ぷ,0,high,gai1|ichi1
うすぎ,う,ぎ,0,high,ichi1|news2|nf43
しゆぞう,し,う,0,high,news1|nf17
へいし,へ,し,0,high,ichi1|news1|nf03
れいふく,れ,く,0,high,ichi1|news2|nf34
とうかつ,と,つ,0,high,news1|nf18
おさめる,お,る,0,high,ichi1|news1|news2|nf21|nf44|nf46
こんぽん,こ,ん,0,high,ichi1|news1|nf06
てつがく,て,く,0,high,ichi1|news1|nf05
かとりつくきようかい,か,い,0,high,spec1
といえば,と,ば,0,high,spec1
しんねん,し,ん,0,high,ichi1|news1|nf09
かきよく,か,く,0,high,news1|nf12
うえつと,う,と,0,high,gai1
はんにち,は,ち,0,high,ichi1|news1|nf17
たいはん,た,ん,0,high,ichi1|news1|nf03
あみ,あ,み,0,high,ichi1|news1|nf10
へもぐろびん,へ,ん,0,high,gai1
だありん,だ,ん,0,high,gai1
ふきんこう,ふ,う,0,high,news1|nf08
はかせ,は,せ,0,high,ichi1|news1|nf04
ほう,ほ,う,0,high,ichi1|news1|nf12|nf18
さいあい,さ,い,0,high,news2|nf31|spec1
かな,か,な,0,high,ichi1|spec1
えがく,え,く,0,high,ichi1
やくにたたない,や,い,0,high,news1|nf23
ごうせん,ご,ん,0,high,news1|nf19
ほんらん,ほ,ん,0,high,news1|nf11
けいしちよう,け,う,0,high,ichi1|news1|nf02
とうろくばんごう,と,う,0,high,spec1
ざいだんほうじん,ざ,ん,0,high,news1|nf05
とうじようじんぶつ,と,つ,0,high,spec1
さいず,さ,ず,0,high,gai1|ichi1
こんねんど,こ,ど,0,high,news1|nf03
えと,え,と,0,high,spec1
がいやしゆ,が,ゆ,0,high,news1|nf10
かれい,か,い,0,high,ichi1|news1|nf13
せいほうけい,せ,い,0,high,ichi1|news2|nf30
しゆうし,し,し,0,high,ichi1|news1|nf03|nf09|nf21
のだ,の,だ,0,high,spec1
かやく,か,く,0,high,ichi1|news1|nf15
くるうず,く,ず,0,high,gai1
ごふく,ご,く,0,high,news1|nf24
しゆつそう,し,う,0,high,news1|nf18
りぽおと,り,と,0,high,gai1|ichi1
たてかえる,た,る,0,high,ichi1|news2|nf44
ぽすたあ,ぽ,あ,0,high,gai1|ichi1
ぼんべ,ぼ,べ,0,high,gai1
かみそり,か,り,0,high,ichi1
きようくん,き,ん,0,high,ichi1|news1|nf07
だんがん,だ,ん,0,high,news1|nf20
はいき,は,き,0,high,news1|nf03|nf14
せつもん,せ,ん,0,high,news1|nf13
しみんけん,し,ん,0,high,news1|nf14
うちあわせる,う,る,0,high,ichi1
うめぼし,う,し,0,high,ichi1|news2|nf28
あいすこおひい,あ,い,0,high,ichi1
おも,お,も,0,high,ichi1
つれてくる,つ,る,0,high,ichi1|spec1
ばいやあ,ば,あ,0,high,gai1
そつくす,そ,す,0,high,gai1
らす,ら,す,0,high,gai1
せつぞく,せ,く,0,high,ichi1|news1|nf15
りれえ,り,え,0,high,gai1
せずに,せ,に,0,high,spec1
とうすい,と,い,0,high,ichi1|news2|nf37
うんこう,う,う,0,high,ichi1|news1|nf09|nf13
こうゆう,こ,う,0,high,news1|nf20|nf24|spec1
すとあ,す,あ,0,high,gai1
れんよう,れ,う,0,high,news1|nf10
またたく,ま,く,0,high,ichi1
とつて,と,て,0,high,ichi1|news1|nf02
しようこうぐん,し,ん,0,high,news1|nf12
えんぎ,え,ぎ,0,high,ichi1|news1|nf05|nf20
こくぜい,こ,い,0,high,ichi1|news1|nf11
かぶか,か,か,0,high,news1|nf02
でしよ,で,よ,0,high,spec1
くにざかい,く,い,0,high,ichi1|news1|nf02
あるかでいあ,あ,あ,0,high,gai1
こおゆう,こ,う,0,high,spec1
かいけつ,か,つ,0,high,ichi1|news1|nf01
ざんぎよう,ざ,う,0,high,ichi1|news1|nf08
すいか,す,か,0,high,ichi1|spec1
でむく,で,く,0,high,news1|nf22
いけ,い,け,0,high,ichi1|news1|nf05
すいちよう,す,う,0,high,news1|nf18
べんり,べ,り,0,high,ichi1|news1|nf06
おおさわぎ,お,ぎ,0,high,ichi1|news1|nf12
さくご,さ,ご,0,high,ichi1|news2|nf38
えらあ,え,あ,0,high,gai1
おてんき,お,き,0,high,spec1
よなか,よ,か,0,high,ichi1|news1|nf13
にじゆういちにち,に,ち,0,high,spec1
にくい,に,い,0,high,ichi1|news2|nf28
おうしつ,お,つ,0,high,news1|nf13
つずき,つ,き,0,high,ichi1|news1|nf09
ばいよう,ば,う,0,high,news1|nf19
ふあんくらぶ,ふ,ぶ,0,high,gai1
こめる,こ,る,0,high,ichi1
にど,に,ど,0,high,news1|nf05
どうげつ,ど,つ,0,high,news1|nf03
ぼし,ぼ,し,0,high,news1|nf08
おおいそぎ,お,ぎ,0,high,ichi1
ばすけつとぼおる,ば,る,0,high,gai1|ichi1
てきとう,て,う,0,high,ichi1|news1|nf06
はめつ,は,つ,0,high,ichi1|news1|nf19
まうんてん,ま,ん,0,high,gai1
けいこうとう,け,う,0,high,ichi1|news2|nf25
とういつかん,と,ん,0,high,spec1
はあく,は,く,0,high,news1|nf13
ぐんい,ぐ,い,0,high,news1|nf24
はいそう,は,う,0,high,news1|nf16
あつさり,あ,り,0,high,ichi1
まいむ,ま,む,0,high,gai1
とたん,と,ん,0,high,gai1|ichi1|news2|nf26
なげえ,な,え,0,high,ichi1|news1|nf15
ぼお,ぼ,お,0,high,gai1
とどけで,と,で,0,high,news1|nf06
ほへい,ほ,い,0,high,news1|nf15
あめえば,あ,ば,0,high,gai1
ぶるぺん,ぶ,ん,0,high,gai1
きりかえ,き,え,0,high,news1|nf11
ねんごう,ね,う,0,high,ichi1|news2|nf25
めいよ,め,よ,0,high,ichi1|news1|nf02
いきすぎ,い,ぎ,0,high,ichi1|news1|nf14
こぞ,こ,ぞ,0,high,ichi1|news1|nf10
つてことは,つ,は,0,high,spec1
うりだし,う,し,0,high,news1|nf17
がつしよう,が,う,0,high,ichi1|news1|nf10
あきかぜ,あ,ぜ,0,high,ichi1|news2|nf29
けつぼう,け,う,0,high,ichi1|news2|nf29
くたかけ,く,け,0,high,ichi1|news1|nf14
ぶるじよあ,ぶ,あ,0,high,gai1
ししきゆう,し,う,0,high,news1|nf16
すりる,す,る,0,high,gai1|ichi1
ともえ,と,え,0,high,news1|nf18
ぶあいおりにすと,ぶ,と,0,high,spec1
いつぴよう,い,う,0,high,news1|nf07
ねつべん,ね,ん,0,high,news1|nf24
にゆうもん,に,ん,0,high,ichi1|news1|nf10
せつじよく,せ,く,0,high,news1|nf13
ひつこす,ひ,す,0,high,ichi1|news1|nf18
ちようにく,ち,く,0,high,news1|nf23
てずくり,て,り,0,high,ichi1|news1|nf08
じやあなりすと,じ,と,0,high,gai1|ichi1
なく,な,く,0,high,ichi1
じいんず,じ,ず,0,high,gai1
あつさ,あ,さ,0,high,ichi1|news1|nf08|nf09
ゆりかご,ゆ,ご,0,high,ichi1
ちきん,ち,ん,0,high,gai1|ichi1
らおす,ら,す,0,high,gai1
じかに,じ,に,0,high,ichi1
せんしんこく,せ,く,0,high,ichi1|news1|nf02
こかく,こ,く,0,high,ichi1|news1|nf04
しようせつか,し,か,0,high,news1|nf17
ぎりしや,ぎ,や,0,high,spec1
じよせい,じ,い,0,high,ichi1|news1|nf01|nf04
こつけん,こ,ん,0,high,news1|nf20
ふるぎ,ふ,ぎ,0,high,news1|nf20
ざわざわ,ざ,わ,0,high,ichi1
いめい,い,い,0,high,news1|nf15
おんしつ,お,つ,0,high,ichi1|news1|nf13|nf17
きちつと,き,と,0,high,spec1
じようじる,じ,る,0,high,ichi1|news2|nf36
ぎよそん,ぎ,ん,0,high,ichi1|news1|nf21
もし,も,し,0,high,ichi1
てんもんがく,て,く,0,high,news1|nf16
しやぼんだま,し,ま,0,high,spec1
あつかん,あ,ん,0,high,news1|nf22
しゆうちゆう,し,う,0,high,ichi1|news1|nf03
めいが,め,が,0,high,news1|nf16
べんさい,べ,い,0,high,ichi1|news2|nf34
しなりおらいたあ,し,あ,0,high,gai1
ちがう,ち,う,0,high,ichi1|news2|nf27
ひようほん,ひ,ん,0,high,ichi1|news1|nf19
ゆいしよ,ゆ,よ,0,high,ichi1|news1|nf23
だいぜんてい,だ,い,0,high,ichi1|news1|nf17
くれあちにんくりあらんす,く,す,0,high,gai1
おさない,お,い,0,high,ichi1|news2|nf44
ちよこれえと,ち,と,0,high,gai1|ichi1
まるちなしよなる,ま,る,0,high,gai1
すます,す,す,0,high,ichi1|news2|nf28
ずつ,ず,つ,0,high,spec1
しやかいほしよう,し,う,0,high,news1|nf09
ゆうろ,ゆ,ろ,0,high,gai1
きりすと,き,と,0,high,gai1|ichi1
ちえつくあうと,ち,と,0,high,gai1
かいおうせい,か,い,0,high,spec1
すくらむ,す,む,0,high,gai1
ああす,あ,す,0,high,gai1
とれえなあ,と,あ,0,high,gai1
しくらめん,し,ん,0,high,gai1
みとめいん,み,ん,0,high,ichi1
となる,と,る,0,high,spec1
すろつと,す,と,0,high,gai1
きぎ,き,ぎ,0,high,news1|nf19
はいじん,は,ん,0,high,news1|nf12
さくせす,さ,す,0,high,gai1
すつかり,す,り,0,high,ichi1
じようぶん,じ,ん,0,high,news1|nf13
みつける,み,る,0,high,ichi1|news2|nf37
かいさい,か,い,0,high,ichi1|news1|nf02
せんり,せ,り,0,high,news1|nf12
おくゆき,お,き,0,high,ichi1|news1|nf12
ひめい,ひ,い,0,high,ichi1|news1|nf11
こにやつく,こ,く,0,high,gai1
からふる,か,る,0,high,gai1
きしようちよう,き,う,0,high,news1|nf05
りつこく,り,く,0,high,news1|nf16
そんとく,そ,く,0,high,ichi1|news2|nf27
へびい,へ,い,0,high,gai1
ぽりえちれん,ぽ,ん,0,high,gai1
てきはつ,て,つ,0,high,ichi1|news1|nf07
ちやうか,ち,か,0,high,spec1
しんどろおむ,し,む,0,high,gai1
じしやく,じ,く,0,high,ichi1|news1|nf19
いつそう,い,う,0,high,ichi1|news1|nf03|nf13
なるべく,な,く,0,high,ichi1
かんりしや,か,や,0,high,spec1
しやわあ,し,あ,0,high,gai1|ichi1
さだめる,さ,る,0,high,ichi1|news1|nf15
ぼつしゆう,ぼ,う,0,high,news1|nf23
でいすかつしよん,で,ん,0,high,gai1
みんえい,み,い,0,high,news1|nf05
にがて,に,て,0,high,ichi1|news1|nf08
おむつ,お,つ,0,high,spec1
じゆんかん,じ,ん,0,high,ichi1|news1|nf11
ふろば,ふ,ば,0,high,ichi1
ころがる,こ,る,0,high,ichi1|news2|nf28
こがらし,こ,し,0,high,ichi1|news2|nf37
まんぞくかん,ま,ん,0,high,spec1
ばいしよう,ば,う,0,high,ichi1|news1|nf03
どうせいあい,ど,い,0,high,news1|nf11
ぶれい,ぶ,い,0,high,ichi1|news2|nf35
もぎしけん,も,ん,0,high,ichi1
あいしゆう,あ,う,0,high,news2|nf27|spec1
まないた,ま,た,0,high,ichi1
けんちくぶつ,け,つ,0,high,spec1
ぐんだん,ぐ,ん,0,high,news1|nf17
