reading,start_char,end_char,priority_rank,priority_label,priority_tags
くま,く,ま,0,high,ichi1|news1|nf13|spec1
きぞく,き,く,0,high,ichi1|news1|nf12|nf13
いど,い,ど,0,high,ichi1|news1|news2|nf09|nf30
らちもんだい,ら,い,0,high,spec1
けいご,け,ご,0,high,ichi1|news1|news2|nf12|nf27
じゆうる,じ,る,0,high,gai1
なことば,な,ば,0,high,ichi1|news2|nf38
どうけん,ど,ん,0,high,news1|nf02
しよじゆん,し,ん,0,high,news1|nf10
てもち,て,ち,0,high,news1|nf14
きゆうしき,き,き,0,high,ichi1|news1|nf24
じゆんじよう,じ,う,0,high,ichi1|news2|nf34
ぞうはん,ぞ,ん,0,high,news1|nf09
じちたい,じ,い,0,high,news1|nf02
ちぢみ,ち,み,0,high,ichi1|news2|nf31
がり,が,り,0,high,news1|nf15
ちよくえい,ち,い,0,high,news1|nf17
おうべい,お,い,0,high,ichi1
せきじよう,せ,う,0,high,ichi1|news1|nf06
つれ,つ,れ,0,high,ichi1|news1|nf17
よわむし,よ,し,0,high,ichi1|news2|nf47
ばつぐん,ば,ん,0,high,ichi1|news1|nf11
ふかのう,ふ,う,0,high,ichi1|news1|nf07
ざいげん,ざ,ん,0,high,news1|nf03
じせき,じ,き,0,high,ichi1|news1|nf13|nf19
ののしる,の,る,0,high,ichi1
いつしよ,い,よ,0,high,ichi1|news1|nf02
てんきよ,て,よ,0,high,ichi1|news1|nf23
しようし,し,し,0,high,ichi1|news1|nf15|nf17
またぐ,ま,ぐ,0,high,ichi1
しゆりゆう,し,う,0,high,news1|nf05
せいじてき,せ,き,0,high,news1|nf03
いちたいいち,い,ち,0,high,news1|nf21|spec1
ちゆうとん,ち,ん,0,high,news1|nf13
わがいえ,わ,え,0,high,ichi1|news1|nf12
にいさん,に,ん,0,high,ichi1|news2|nf25
はらいこむ,は,む,0,high,ichi1|news2|nf41
ぱつきんぐ,ぱ,ぐ,0,high,gai1
こんだん,こ,ん,0,high,news1|nf03
はざま,は,ま,0,high,news2|nf33|spec1
なかよし,な,し,0,high,ichi1|news1|nf24
でべろつぱあ,で,あ,0,high,gai1
さいちゆう,さ,う,0,high,ichi1|news2|nf42
ないじ,な,じ,0,high,news1|nf18
ならない,な,い,0,high,spec1
めいじん,め,ん,0,high,ichi1|news1|nf04
こごえ,こ,え,0,high,news1|nf24
いん,い,ん,0,high,gai1|ichi1|spec1
ごじゆうおん,ご,ん,0,high,ichi1|news2|nf26
れすきゆう,れ,う,0,high,gai1
けつきよく,け,く,0,high,ichi1|news1|nf02
らす,ら,す,0,high,gai1
けんみん,け,ん,0,high,news1|nf06
にちや,に,や,0,high,news1|nf03
けんすう,け,う,0,high,news1|nf06
くれる,く,る,0,high,ichi1|news1|nf12
しゆうち,し,ち,0,high,news1|nf11
るぽ,る,ぽ,0,high,gai1
まねき,ま,き,0,high,news1|nf12
ようぐ,よ,ぐ,0,high,ichi1|news1|nf12
ぽんぷ,ぽ,ぷ,0,high,gai1
しえすた,し,た,0,high,gai1
くるうず,く,ず,0,high,gai1
さんみやく,さ,く,0,high,ichi1|news1|nf17
しんさく,し,く,0,high,news1|nf05
づき,づ,き,0,high,news1|nf13
すらろおむ,す,む,0,high,gai1
ずいしよ,ず,よ,0,high,news1|nf14
かみ,か,み,0,high,ichi1|news1|nf03|nf06|nf15
みみより,み,り,0,high,ichi1|spec1
さあばあ,さ,あ,0,high,gai1
がくちよう,が,う,0,high,ichi1|news1|nf06
ばいしゆんふ,ば,ふ,0,high,news1|nf22
たんすう,た,う,0,high,ichi1
にんまえ,に,え,0,high,ichi1
おおどおり,お,り,0,high,ichi1|news1|nf21
やまみち,や,ち,0,high,news1|nf18
いちらんひよう,い,う,0,high,news1|nf15
しいと,し,と,0,high,gai1|ichi1|news2|nf36
あとらす,あ,す,0,high,spec1
どうじよう,ど,う,0,high,ichi1|news1|news2|nf10|nf15|nf19|nf44
いしかい,い,い,0,high,news1|nf12
ちかう,ち,う,0,high,ichi1|news2|nf34
あまど,あ,ど,0,high,ichi1|news2|nf35
こうけん,こ,ん,0,high,news1|nf02|nf16|nf21
げんご,げ,ご,0,high,ichi1|news1|nf06
せいき,せ,き,0,high,ichi1|news1|nf04|nf08
ちえつくいん,ち,ん,0,high,gai1
こういき,こ,き,0,high,news1|nf11
すらいでいんぐ,す,ぐ,0,high,gai1
ゆうげき,ゆ,き,0,high,news1|nf18
せいじ,せ,じ,0,high,ichi1|news1|nf01
かんぽう,か,う,0,high,news1|nf21|nf23
ぎよかいるい,ぎ,い,0,high,news1|nf16
ふえあ,ふ,あ,0,high,gai1
おちこむ,お,む,0,high,ichi1|news1|nf12
つけくわえる,つ,る,0,high,ichi1|news2|nf44
まるがた,ま,た,0,high,ichi1|news1|nf13
そなわる,そ,る,0,high,ichi1|news1|nf22
もさど,も,ど,0,high,gai1
めとりつく,め,く,0,high,gai1
しよしき,し,き,0,high,news2|nf27|spec1
べんご,べ,ご,0,high,ichi1|news1|nf05
めぐろ,め,ろ,0,high,spec1
しないのではないか,し,か,0,high,spec1
えすかれえたあ,え,あ,0,high,gai1|ichi1
せんりよう,せ,う,0,high,ichi1|news1|nf04|nf22
めかた,め,た,0,high,ichi1
かけら,か,ら,0,high,ichi1
ついせき,つ,き,0,high,ichi1|news1|nf12
おおぼえ,お,え,0,high,gai1
いくじ,い,じ,0,high,ichi1|news1|news2|nf05|nf42
さこく,さ,く,0,high,ichi1|news1|nf20
うんざり,う,り,0,high,spec1
きよひ,き,ひ,0,high,ichi1|news1|nf03
うえむき,う,き,0,high,news1|nf20
けして,け,て,0,high,ichi1|news1|nf03
ちあ,ち,あ,0,high,gai1
ひらがな,ひ,な,0,high,ichi1|news2|nf36
ふだ,ふ,だ,0,high,ichi1|news1|nf05
せいめい,せ,い,0,high,ichi1|news1|news2|nf02|nf03|nf36
さなか,さ,か,0,high,ichi1|news2|nf42
ぞうせい,ぞ,い,0,high,news1|nf11
よこせん,よ,ん,0,high,news1|nf23
せつてん,せ,ん,0,high,news1|nf11
かんさ,か,さ,0,high,news1|nf09
きそく,き,く,0,high,ichi1|news1|nf06
きやんぷ,き,ぷ,0,high,gai1|ichi1
きつぱり,き,り,0,high,ichi1
ぎやつきよう,ぎ,う,0,high,ichi1|news2|nf25
ぱらしゆうと,ぱ,と,0,high,gai1
れすとらん,れ,ん,0,high,gai1|ichi1
みんぺい,み,い,0,high,news1|nf12
まつる,ま,る,0,high,ichi1|news2|nf43|spec1
もちいる,も,る,0,high,ichi1|news1|nf22
こころがけ,こ,け,0,high,ichi1|news2|nf38|nf42|spec2
うちき,う,き,0,high,ichi1|news2|nf47
はあどろつく,は,く,0,high,gai1
ぜんしん,ぜ,ん,0,high,ichi1|news1|nf06|nf10
あだな,あ,な,0,high,ichi1|ichi2|spec1
ていしよく,て,く,0,high,ichi1|news1|nf14|nf22
ぬれる,ぬ,る,0,high,ichi1|news2|nf41
えいたい,え,い,0,high,news1|nf24
きぬ,き,ぬ,0,high,ichi1|news1|nf12
そんぼう,そ,う,0,high,news1|nf22
たてもの,た,の,0,high,ichi1|news1|nf03
もんぱり,も,り,0,high,gai1
たいろん,た,ん,0,high,news1|nf16
ころなか,こ,か,0,high,spec1
めんたりてい,め,い,0,high,spec1
によつてことなる,に,る,0,high,spec1
じつせき,じ,き,0,high,ichi1|news1|nf02
うちあわせ,う,せ,0,high,ichi1
きやらめる,き,る,0,high,gai1
うけとり,う,り,0,high,ichi1|news1|nf14
とくしゆう,と,う,0,high,ichi1|news1|nf06
ていきようしや,て,や,0,high,news1|nf10
ざいもく,ざ,く,0,high,ichi1|news1|nf21
ほんぶん,ほ,ん,0,high,ichi1|news1|nf08
みゆんへん,み,ん,0,high,gai1
ゆだん,ゆ,ん,0,high,ichi1|news1|nf22
つうだつ,つ,つ,0,high,ichi1|news1|nf07
じゆうきよ,じ,よ,0,high,ichi1|news1|nf08
じんしや,じ,や,0,high,ichi1|news1|nf05
のれん,の,ん,0,high,ichi1
したで,し,で,0,high,ichi1
みとめる,み,る,0,high,ichi1|news2|nf36
はいりこむ,は,む,0,high,news1|nf20
なれなれしい,な,い,0,high,ichi1
だしん,だ,ん,0,high,news1|nf14
いちはやく,い,く,0,high,spec1
かいびかえ,か,え,0,high,news1|nf23
いしがみ,い,み,0,high,news1|nf14
かせんじき,か,き,0,high,news1|nf14
でんてつ,で,つ,0,high,news1|nf08
げしゆく,げ,く,0,high,ichi1|news1|nf17
こうにん,こ,ん,0,high,ichi1|news1|nf04
とれんちこおと,と,と,0,high,gai1
ふきゆう,ふ,う,0,high,ichi1|news1|nf03
ばらえてい,ば,い,0,high,gai1
ねつとわあく,ね,く,0,high,gai1|ichi1
せんと,せ,と,0,high,gai1|news1|nf24
ゆうきぶつ,ゆ,つ,0,high,ichi1|news1|nf22
ぽつと,ぽ,と,0,high,gai1|ichi1
ちりし,ち,し,0,high,ichi1
につぽんご,に,ご,0,high,news1|nf02
もうしわけありません,も,ん,0,high,ichi1
かんそく,か,く,0,high,ichi1|news1|nf02
ひんかく,ひ,く,0,high,ichi1|news1|nf19|nf21
まこころ,ま,ろ,0,high,ichi1|news2|nf32
さろん,さ,ん,0,high,gai1
かあどげえむ,か,む,0,high,spec1
ほうき,ほ,き,0,high,ichi1|news1|nf09|nf11
ぱらぐらいだあ,ぱ,あ,0,high,gai1
いいや,い,や,0,high,spec1
とざす,と,す,0,high,news1|nf14
いこおる,い,る,0,high,gai1
うみだす,う,す,0,high,ichi1|news1|nf21
しよくぎよう,し,う,0,high,ichi1|news1|nf03
えつせい,え,い,0,high,gai1|ichi1
ゆるやか,ゆ,か,0,high,ichi1|news1|nf08
ばいおりん,ば,ん,0,high,gai1|ichi1
くじよう,く,う,0,high,ichi1|news1|nf07
ぎつしり,ぎ,り,0,high,ichi1
かくりよう,か,う,0,high,ichi1|news1|nf01
じはあど,じ,ど,0,high,gai1
ぼおいすかうと,ぼ,と,0,high,gai1
たましい,た,い,0,high,ichi1|news1|nf08
ひとまわり,ひ,り,0,high,news1|nf20
おでこ,お,こ,0,high,ichi1
うえでいんぐどれす,う,す,0,high,gai1|spec1
びか,び,か,0,high,ichi1|news2|nf29
じどうてき,じ,き,0,high,news1|nf08
そうじよう,そ,う,0,high,news1|nf21
かくぶんれつ,か,つ,0,high,news1|nf19
じよしこうせい,じ,い,0,high,spec1
じつくり,じ,り,0,high,ichi1
こうにち,こ,ち,0,high,news1|nf19
しびりあんこんとろおる,し,る,0,high,gai1
ただいま,た,ま,0,high,ichi1
かあとりつじ,か,じ,0,high,gai1
けんしん,け,ん,0,high,news1|nf10|nf20
さい,さ,い,0,high,ichi1|news1|nf06|nf16|nf17|nf23
ぐんじん,ぐ,ん,0,high,ichi1|news1|nf05
ふれつくす,ふ,す,0,high,gai1
ふあいんぷれえ,ふ,え,0,high,gai1
えいず,え,ず,0,high,gai1|ichi1
またせる,ま,る,0,high,news1|nf18
れいがいてき,れ,き,0,high,news1|nf16
すげえ,す,え,0,high,spec1
びぼう,び,う,0,high,news2|nf45|spec1
かいりゆう,か,う,0,high,ichi1|news2|nf28
よぎなく,よ,く,0,high,news1|nf08
ちる,ち,る,0,high,ichi1|news2|nf27
きよこう,き,う,0,high,ichi1|news1|nf20
すぽおく,す,く,0,high,gai1
じよがつこう,じ,う,0,high,news1|nf24
できるだけはやく,で,く,0,high,spec1
すじみち,す,ち,0,high,ichi1|news2|nf28
ほんらん,ほ,ん,0,high,news1|nf11
しよくえん,し,ん,0,high,news1|nf19
いわう,い,う,0,high,ichi1|news1|nf24
もらす,も,す,0,high,ichi1|news2|nf28
ぷうる,ぷ,る,0,high,gai1|ichi1
ふりいぱす,ふ,す,0,high,gai1
せつぼう,せ,う,0,high,news1|nf24
むつちや,む,や,0,high,ichi1|news2|nf42
ここちよい,こ,い,0,high,spec1
でおくれる,で,る,0,high,news1|nf20
じつぶつ,じ,つ,0,high,ichi1|news1|nf17
ぼち,ぼ,ち,0,high,ichi1|news1|nf08
いきとどく,い,く,0,high,ichi1
びしよびしよ,び,よ,0,high,ichi1
はんらく,は,く,0,high,news1|nf24
あじけない,あ,い,0,high,news2|nf36|spec1
なろおきやすていんぐ,な,ぐ,0,high,gai1
ぽてと,ぽ,と,0,high,gai1
ちやくりく,ち,く,0,high,ichi1|news1|nf08
あわてる,あ,る,0,high,ichi1|news1|nf17
しゆつし,し,し,0,high,news1|nf06
かくかぞく,か,く,0,high,news1|nf17
かうぼおい,か,い,0,high,gai1
りぷらい,り,い,0,high,gai1
ゆまり,ゆ,り,0,high,news1|nf13
ちゆうじよう,ち,う,0,high,news1|nf20
いしがけ,い,け,0,high,news1|nf13
あんかあ,あ,あ,0,high,gai1
けつさい,け,い,0,high,news1|nf09|nf23
ちんぼつ,ち,つ,0,high,ichi1|news1|nf23
かんこうちよう,か,う,0,high,news1|nf18
るぽるたあじゆ,る,ゆ,0,high,gai1
あおむけ,あ,け,0,high,ichi1|news2|nf34
しゆうじつ,し,つ,0,high,news1|nf05
たのむ,た,む,0,high,ichi1|news1|nf08
さんぼん,さ,ん,0,high,news1|nf12
あるいみでは,あ,は,0,high,spec1
みはらし,み,し,0,high,ichi1|news2|nf40
じゆうじつ,じ,つ,0,high,ichi1|news1|nf04
みいと,み,と,0,high,gai1
ぱわあ,ぱ,あ,0,high,gai1
ひつけん,ひ,ん,0,high,spec1
りら,り,ら,0,high,gai1
れず,れ,ず,0,high,gai1
どろ,ど,ろ,0,high,ichi1|news1|nf10
えいせい,え,い,0,high,ichi1|news1|nf02|nf06
ふたつめ,ふ,め,0,high,news1|nf18
ひとがら,ひ,ら,0,high,ichi1|news1|nf09
さいげつ,さ,つ,0,high,ichi1|news1|nf13
かんとん,か,ん,0,high,news1|nf19
なんとう,な,う,0,high,ichi1|news1|nf09
じよきようじゆ,じ,ゆ,0,high,ichi1|news1|nf04
しぼりこむ,し,む,0,high,spec1
ねいき,ね,き,0,high,ichi1
ぶんじよう,ぶ,う,0,high,news1|nf11|nf22
こんばん,こ,ん,0,high,ichi1|news2|nf29
ろつくんろおる,ろ,る,0,high,gai1
でる,で,る,0,high,ichi1|news1|nf12
ぐりる,ぐ,る,0,high,gai1
まいる,ま,る,0,high,gai1|ichi1|news2|nf35
うちきり,う,り,0,high,news1|nf13
どくせい,ど,い,0,high,news1|nf13
しんばし,し,し,0,high,news1|nf10
ていきよきん,て,ん,0,high,news1|nf10
こおる,こ,る,0,high,gai1|ichi1|news2|nf32
ずうずうしい,ず,い,0,high,ichi1
おおとばい,お,い,0,high,gai1|ichi1
つるす,つ,す,0,high,ichi1
はんげん,は,ん,0,high,ichi1|news1|nf19
にるいしゆ,に,ゆ,0,high,news1|nf21
こつち,こ,ち,0,high,ichi1
りいふれつと,り,と,0,high,gai1
ぞうきばやし,ぞ,し,0,high,news1|nf16
めもり,め,り,0,high,ichi1|news2|nf34
くん,く,ん,0,high,ichi1|news1|nf21
しようそく,し,く,0,high,ichi1|news1|nf11
こんぴゆうた,こ,た,0,high,gai1|ichi1
ここむ,こ,む,0,high,gai1
あめ,あ,め,0,high,ichi1|news1|news2|nf02|nf44
どろおいんぐ,ど,ぐ,0,high,gai1
はたち,は,ち,0,high,ichi1
つめきり,つ,り,0,high,ichi1
ろくが,ろ,が,0,high,ichi1|news1|nf12
まばら,ま,ら,0,high,ichi1
いすらむきよう,い,う,0,high,ichi1
さいだいげん,さ,ん,0,high,ichi1|news1|nf06
とぶ,と,ぶ,0,high,ichi1|news1|nf21
たいせい,た,い,0,high,ichi1|news1|nf01|nf03|nf19|nf20|nf22
れざあ,れ,あ,0,high,gai1
はんかん,は,ん,0,high,ichi1|news1|nf17
おつしやる,お,る,0,high,ichi1
うりこむ,う,む,0,high,ichi1|news2|nf40
ぼうちよう,ぼ,う,0,high,ichi1|news1|nf12
こうがくぶ,こ,ぶ,0,high,ichi1
まもなく,ま,く,0,high,ichi1|news1|nf05
けんい,け,い,0,high,ichi1|news1|nf06
きせいちゆう,き,う,0,high,news1|nf21
かいそく,か,く,0,high,ichi1|news1|nf19
うちゆうひこうし,う,し,0,high,news1|nf11
しずむ,し,む,0,high,ichi1|news2|nf41
ほおむすてい,ほ,い,0,high,gai1
たいう,た,う,0,high,ichi1|news1|nf11
さんじゆういちにち,さ,ち,0,high,spec1
きんえん,き,ん,0,high,ichi1|news1|nf08
きうり,き,り,0,high,ichi1
うでぢから,う,ら,0,high,ichi1|news2|nf25
つうれい,つ,い,0,high,news1|nf18
はくぼ,は,ぼ,0,high,ichi1|news1|news2|nf20|nf30
さすぺんす,さ,す,0,high,gai1
ひとり,ひ,り,0,high,ichi1|news1|nf02|nf16|spec1
もくてきち,も,ち,0,high,ichi1|news1|nf16
はがす,は,す,0,high,ichi1
しやか,し,か,0,high,ichi1|news1|nf20
びでおてえぷ,び,ぷ,0,high,gai1|ichi1
せつとう,せ,う,0,high,news1|nf10
じようしん,じ,ん,0,high,ichi1|news1|nf12
ふこう,ふ,う,0,high,ichi1|news1|nf08
じつけい,じ,い,0,high,news1|nf11|nf23
そうむぶ,そ,ぶ,0,high,news1|nf11
みつくす,み,す,0,high,gai1|ichi1
じんじや,じ,や,0,high,ichi1|news1|nf05
ふりいはんど,ふ,ど,0,high,gai1
ようま,よ,ま,0,high,ichi1|news2|nf32
かぜあな,か,な,0,high,news1|nf19
ろけつとだん,ろ,ん,0,high,spec1
あの,あ,の,0,high,spec1
つかいずて,つ,て,0,high,ichi1|news1|nf17
そこなう,そ,う,0,high,ichi1|news1|nf16
こくむちようかん,こ,ん,0,high,news1|nf04
じよしこおせえ,じ,え,0,high,spec1
ふつかつ,ふ,つ,0,high,ichi1|news1|nf04
へびいすもおかあ,へ,あ,0,high,gai1
ひきわたす,ひ,す,0,high,news1|nf20
ようしや,よ,や,0,high,ichi1|news1|nf20
にゆうたうん,に,ん,0,high,gai1
あつせん,あ,ん,0,high,ichi1|news2|nf41
あいことば,あ,ば,0,high,news1|nf16
げんすいばく,げ,く,0,high,news1|nf21
ふああむ,ふ,む,0,high,gai1
がつこうほうじん,が,ん,0,high,news1|nf18
いんてりあ,い,あ,0,high,gai1|ichi1
どうさ,ど,さ,0,high,ichi1|news1|nf12
ふろしき,ふ,き,0,high,ichi1
さいしゆ,さ,ゆ,0,high,ichi1|news1|nf15
きよえいしん,き,ん,0,high,ichi1
わすれもん,わ,ん,0,high,ichi1|news2|nf33
にんどう,に,う,0,high,news1|nf06
ぺえじ,ぺ,じ,0,high,gai1|ichi1
なべ,な,べ,0,high,ichi1|news1|nf11
けんちよ,け,よ,0,high,news1|nf10
ばらばら,ば,ら,0,high,ichi1
ぷらいばしい,ぷ,い,0,high,gai1
いめい,い,い,0,high,news1|nf15
ひてい,ひ,い,0,high,ichi1|news1|nf05
あらた,あ,た,0,high,ichi1|news1|nf01|nf18
そうるい,そ,い,0,high,news1|nf16
こがね,こ,ね,0,high,ichi1
としおとこ,と,こ,0,high,news1|nf22
ふちゆうい,ふ,い,0,high,ichi1|news2|nf28
ひかえる,ひ,る,0,high,ichi1|news1|nf06
おてあらい,お,い,0,high,ichi1
さけび,さ,び,0,high,ichi1|news1|nf17
であう,で,う,0,high,ichi1|news1|nf19
ききて,き,て,0,high,ichi1|news1|nf10
そくじつ,そ,つ,0,high,news1|nf08
ぽるか,ぽ,か,0,high,gai1
けつ,け,つ,0,high,news1|nf17
あるぱいん,あ,ん,0,high,gai1
まぬけ,ま,け,0,high,ichi1
こくろん,こ,ん,0,high,news1|nf20
もるひね,も,ね,0,high,gai1
でるた,で,た,0,high,gai1
おもてむき,お,き,0,high,news1|nf12
しかい,し,い,0,high,ichi1|news1|nf08|nf15|nf19
こうきゆう,こ,う,0,high,ichi1|news1|nf04|nf12|nf23
ていきけん,て,ん,0,high,ichi1|news1|nf19
きようえい,き,い,0,high,news1|nf14|nf15
えあこん,え,ん,0,high,gai1|ichi1
たつかあい,た,い,0,high,ichi1|news1|nf08
とまと,と,と,0,high,gai1|ichi1
しちようりつ,し,つ,0,high,news1|nf05
あすべすと,あ,と,0,high,gai1
ふたえ,ふ,え,0,high,ichi1|news1|nf06
たいじゆう,た,う,0,high,ichi1|news1|nf05
わかり,わ,り,0,high,news1|nf09
せいそくち,せ,ち,0,high,news1|nf15
ただよう,た,う,0,high,ichi1|news1|nf18
ばくしよう,ば,う,0,high,news1|nf24
かたりくち,か,ち,0,high,news1|nf18
ぶる,ぶ,る,0,high,gai1|ichi1
きれめ,き,め,0,high,news1|nf19
かいはつ,か,つ,0,high,ichi1|news1|nf01
すたんふおおど,す,ど,0,high,gai1
たんさん,た,ん,0,high,ichi1|news1|news2|nf20|nf26
かいけん,か,ん,0,high,ichi1|news1|nf01|nf07
しんくう,し,う,0,high,news1|nf19
もちぬし,も,し,0,high,ichi1|news1|nf11
おまけ,お,け,0,high,ichi1
ろんてん,ろ,ん,0,high,news1|nf14
おくじよう,お,う,0,high,ichi1|news1|nf10
しようずる,し,る,0,high,ichi1
いやいや,い,や,0,high,ichi1
おあしす,お,す,0,high,gai1
いか,い,か,0,high,ichi1|ichi2|news1|nf04|nf08
てつ,て,つ,0,high,ichi1|news1|nf04
よける,よ,る,0,high,ichi1
じようせい,じ,い,0,high,ichi1|news1|nf01|nf15
しろうと,し,と,0,high,ichi1|news1|nf09
しゆにゆう,し,う,0,high,ichi1|news1|nf01
ゆうむ,ゆ,む,0,high,ichi1|news1|nf07
きんだいてき,き,き,0,high,news1|nf18
じゆうしゆぎ,じ,ぎ,0,high,news1|nf13
ばがぼんど,ば,ど,0,high,gai1
あすきい,あ,い,0,high,gai1
ねぼう,ね,う,0,high,ichi1
ふなばし,ふ,し,0,high,news1|nf11
こうべ,こ,べ,0,high,spec1
おかげさまで,お,で,0,high,ichi1|spec1
おんがつか,お,か,0,high,spec1
ひつと,ひ,と,0,high,gai1|ichi1
いくど,い,ど,0,high,ichi1
じはん,じ,ん,0,high,news1|nf01|nf12
だんいん,だ,ん,0,high,news1|nf12
かんきようほご,か,ご,0,high,spec1
いただける,い,る,0,high,spec1
なんだかだ,な,だ,0,high,spec1
じさく,じ,く,0,high,news1|nf13
とらんじつと,と,と,0,high,gai1
げんがく,げ,く,0,high,news1|nf10|nf15
ちゆうもく,ち,く,0,high,ichi1|news1|nf03
どれ,ど,れ,0,high,ichi1
たる,た,る,0,high,ichi1|news1|news2|nf23|nf25|spec1
ありそう,あ,う,0,high,spec1
こんばあたあ,こ,あ,0,high,gai1
ふさく,ふ,く,0,high,ichi1|news1|nf15
だれでも,だ,も,0,high,spec1
かいどう,か,う,0,high,ichi1|news1|nf13|nf15|nf17
きこえる,き,る,0,high,ichi1|news2|nf25
はり,は,り,0,high,ichi1|news1|nf08|nf19
くうばく,く,く,0,high,news1|nf04
せんもんてき,せ,き,0,high,news1|nf14
しりつ,し,つ,0,high,ichi1|news1|nf03|nf04
ちゆうや,ち,や,0,high,ichi1|news1|nf17
たくち,た,ち,0,high,ichi1|news1|nf08
もちまわり,も,り,0,high,news1|nf22
よこて,よ,て,0,high,news1|nf18
ろんきよ,ろ,よ,0,high,news1|nf20
しようすう,し,う,0,high,ichi1|news1|nf03
ごくろうさま,ご,ま,0,high,ichi1|news2|nf30|spec1
じりよく,じ,く,0,high,news1|nf10
ぼかす,ぼ,す,0,high,ichi1
わびる,わ,る,0,high,ichi1
おさまる,お,る,0,high,ichi1|news1|news2|nf22|nf46
ごしよ,ご,よ,0,high,news1|nf15
けむり,け,り,0,high,ichi1|news1|nf07
きようきやく,き,く,0,high,news1|nf23
かげ,か,げ,0,high,ichi1|news1|nf04
やつぱり,や,り,0,high,ichi1
だんこ,だ,こ,0,high,news1|nf11
こうちや,こ,や,0,high,ichi1|news1|nf13
きつちやてん,き,ん,0,high,ichi1|news1|nf10
らすとすぱあと,ら,と,0,high,gai1
ゆうじん,ゆ,ん,0,high,ichi1|news1|nf02|nf17
ほつきよく,ほ,く,0,high,ichi1|news1|nf19
おしい,お,い,0,high,ichi1|news2|nf39
なあさりい,な,い,0,high,gai1
せつし,せ,し,0,high,ichi1
どうしつ,ど,つ,0,high,news1|nf19
ししようしや,し,や,0,high,news1|nf09
くぎる,く,る,0,high,ichi1|news2|nf45
しらびと,し,と,0,high,ichi1|news1|nf09
ですので,で,で,0,high,spec1
うたがわしい,う,い,0,high,ichi1|news1|nf21
ろけつと,ろ,と,0,high,gai1|ichi1
みすまつち,み,ち,0,high,gai1
ろうじよ,ろ,よ,0,high,news1|nf22
うちあわせる,う,る,0,high,ichi1
かねもち,か,ち,0,high,ichi1|news1|nf09
めいど,め,ど,0,high,spec1
ますげえむ,ま,む,0,high,gai1
はなしあい,は,い,0,high,ichi1|news1|nf03
だす,だ,す,0,high,ichi1|news1|nf03
たちとまる,た,る,0,high,ichi1|news2|nf38
ありとあらゆる,あ,る,0,high,spec1
ばつぽんてき,ば,き,0,high,news1|nf05
ほじよ,ほ,よ,0,high,ichi1|news1|nf03
しゆうがくりよこう,し,う,0,high,ichi1|news1|nf14
あたりまえ,あ,え,0,high,ichi1|news1|nf06
かんそ,か,そ,0,high,news1|nf09
てごたえ,て,え,0,high,ichi1
かりる,か,る,0,high,ichi1|news1|nf13
れとろ,れ,ろ,0,high,gai1
ついしん,つ,ん,0,high,ichi1
じゆういち,じ,ち,0,high,news1|nf01
たつけえ,た,え,0,high,ichi1|news1|nf08
ふいいと,ふ,と,0,high,gai1
くずれ,く,れ,0,high,news1|nf12
おじぎ,お,ぎ,0,high,ichi1|news2|nf39
えいかん,え,ん,0,high,news1|nf19
ぬるい,ぬ,い,0,high,ichi1
こうひよう,こ,う,0,high,ichi1|news1|nf05|nf11
しようたい,し,い,0,high,ichi1|news1|nf05|nf15
でむかえる,で,る,0,high,news1|nf16
りすく,り,く,0,high,gai1
ふれああ,ふ,あ,0,high,gai1
なんとか,な,か,0,high,ichi1|news1|nf05
うえつと,う,と,0,high,gai1
かわええ,か,え,0,high,ichi1|news2|nf32
じこくひよう,じ,う,0,high,news2|nf28|spec1
ひがしかた,ひ,た,0,high,news1|nf12
わいん,わ,ん,0,high,gai1|ichi1
うま,う,ま,0,high,ichi1|news1|nf02|nf18
ねむい,ね,い,0,high,ichi1|news2|nf30
しさん,し,ん,0,high,ichi1|news1|nf02|nf07
にかけて,に,て,0,high,spec1
やきにく,や,く,0,high,ichi1|news1|nf21
しよくりよう,し,う,0,high,ichi1|news1|nf04
のおひつとのおらんげえむ,の,む,0,high,gai1
ほんたい,ほ,い,0,high,ichi1|news1|nf05|nf20
じかんたい,じ,い,0,high,spec1
かいどく,か,く,0,high,news1|nf24|spec1
せいしようねん,せ,ん,0,high,news1|nf07
きりくち,き,ち,0,high,news1|nf20
かきかた,か,た,0,high,ichi1|news1|nf21
きみよう,き,う,0,high,ichi1|news1|nf09
じじつじよう,じ,う,0,high,news1|nf02
のうきん,の,ん,0,high,news1|nf23
かくれる,か,る,0,high,ichi1
やしん,や,ん,0,high,ichi1|news1|nf14
もおびるはうす,も,す,0,high,gai1
ねびき,ね,き,0,high,ichi1|news1|nf13
ねんりき,ね,き,0,high,ichi1
ぶりすべん,ぶ,ん,0,high,gai1
かど,か,ど,0,high,ichi1|news1|nf06|nf11
おおむぎ,お,ぎ,0,high,ichi1|news2|nf31
つかいかた,つ,た,0,high,news1|nf08
いもうと,い,と,0,high,ichi1|news1|nf06
ぶかい,ぶ,い,0,high,news1|nf03
はいりぐち,は,ち,0,high,ichi1|news1|nf05
おてすうですが,お,が,0,high,spec1
はま,は,ま,0,high,ichi1|news1|nf05
きばく,き,く,0,high,news1|nf16
だんちよう,だ,う,0,high,news1|nf04
がいよう,が,う,0,high,news1|nf11|nf22
てえぴんぐ,て,ぐ,0,high,gai1
ではいり,で,り,0,high,ichi1|news1|nf13
おん,お,ん,0,high,gai1|ichi1|news1|nf01|nf18
ちいき,ち,き,0,high,ichi1|news1|nf01
すうつ,す,つ,0,high,gai1|ichi1
せいなん,せ,ん,0,high,news1|nf23
かろうじて,か,て,0,high,news1|nf17
あかまつ,あ,つ,0,high,news1|nf08
とつぐ,と,ぐ,0,high,ichi1|news2|nf43
くさり,く,り,0,high,ichi1|news1|nf20
にゆうとん,に,ん,0,high,gai1
まあ,ま,あ,0,high,ichi1|spec1
ちちゆ,ち,ゆ,0,high,ichi1|news2|nf37
かぜい,か,い,0,high,ichi1|news1|nf03
まとめ,ま,め,0,high,ichi1
ちゆうふく,ち,く,0,high,news1|nf22
ふうん,ふ,ん,0,high,ichi1|news1|nf21
けいきちよう,け,う,0,high,news1|nf07
たみ,た,み,0,high,news1|nf01
おくりこむ,お,む,0,high,news1|nf23
じむきよく,じ,く,0,high,news1|nf01
つけね,つ,ね,0,high,news1|nf20
かいめい,か,い,0,high,news1|nf03
つうぴいす,つ,す,0,high,gai1
くさわら,く,ら,0,high,ichi1|news1|nf13
ばむばむ,ば,む,0,high,gai1
しんにち,し,ち,0,high,ichi1|news1|nf23
がすたあびん,が,ん,0,high,gai1
ゆうもあ,ゆ,あ,0,high,gai1|ichi1
すてつかあ,す,あ,0,high,gai1
しよくにん,し,ん,0,high,ichi1|news1|nf09
ぎあ,ぎ,あ,0,high,gai1
ごじよ,ご,よ,0,high,news1|nf24
るみのおる,る,る,0,high,gai1
ふであと,ふ,と,0,high,news1|nf23
ぼうせん,ぼ,ん,0,high,ichi1|news1|nf22
がいしん,が,ん,0,high,news1|nf10
ぜいびき,ぜ,き,0,high,news1|nf17
たいあつぷ,た,ぷ,0,high,gai1
けんじよう,け,う,0,high,news1|nf24
きうい,き,い,0,high,gai1
しかし,し,し,0,high,ichi1
げんさん,げ,ん,0,high,news1|nf12|nf18
じようちよ,じ,よ,0,high,ichi1|news1|nf14
みぎうえ,み,え,0,high,spec1
れつせい,れ,い,0,high,news1|nf19
しまる,し,る,0,high,ichi1|news2|nf42|nf45
ろかびりい,ろ,い,0,high,gai1
かいせつ,か,つ,0,high,ichi1|news1|nf04|nf06
めいろ,め,ろ,0,high,ichi1|news1|nf23
ずるずる,ず,る,0,high,ichi1
ぜつみよう,ぜ,う,0,high,news1|nf15
とみ,と,み,0,high,ichi1|news1|nf06
てんかぶつ,て,つ,0,high,news1|nf21
かんちがい,か,い,0,high,ichi1|news2|nf27
きと,き,と,0,high,news1|nf18
けむ,け,む,0,high,ichi1|news1|nf07
ないき,な,き,0,high,news1|nf17
ぼんど,ぼ,ど,0,high,gai1
しやつきん,し,ん,0,high,ichi1|news1|nf05
れいふく,れ,く,0,high,ichi1|news2|nf34
かと,か,と,0,high,news1|nf21|spec1
ほんかいぎ,ほ,ぎ,0,high,news1|nf02
ほうしやせん,ほ,ん,0,high,news1|nf07
ふおすたあちやいるど,ふ,ど,0,high,gai1
りゆうおう,り,う,0,high,news1|nf15
はず,は,ず,0,high,ichi1|news2|nf42
ちやどう,ち,う,0,high,ichi1|news1|nf19
しゆうのう,し,う,0,high,news1|nf15
ぐうぜん,ぐ,ん,0,high,ichi1|news1|nf14
はしや,は,や,0,high,news1|nf14
はなしあう,は,う,0,high,ichi1|news1|nf11
こんど,こ,ど,0,high,ichi1|news1|nf02
ちよくぞく,ち,く,0,high,news1|nf17
くらべる,く,る,0,high,ichi1|news1|nf02
きんむ,き,む,0,high,ichi1|news1|nf03
みばえ,み,え,0,high,ichi1
ていえん,て,ん,0,high,ichi1|news1|nf12
しずか,し,か,0,high,ichi1|news1|nf05
だいきん,だ,ん,0,high,ichi1|news1|nf05
ひつぜんてき,ひ,き,0,high,ichi1|news1|nf17
こんぱくと,こ,と,0,high,gai1
そうてん,そ,ん,0,high,news1|nf05
ほくそく,ほ,く,0,high,news1|nf08
ちつそ,ち,そ,0,high,news1|nf10
それ,そ,れ,0,high,ichi1
まいつき,ま,き,0,high,ichi1|news1|nf05
かようび,か,び,0,high,ichi1|news1|nf17
かわいいい,か,い,0,high,ichi1|news2|nf32
おさめる,お,る,0,high,ichi1|news1|news2|nf21|nf44|nf46
ひいた,ひ,た,0,high,gai1
ちようてん,ち,ん,0,high,ichi1|news1|nf08
むしん,む,ん,0,high,ichi1|news2|nf34
じちけん,じ,ん,0,high,news1|nf15
みすてりい,み,い,0,high,gai1
へいじつ,へ,つ,0,high,ichi1|news1|nf09
こうおん,こ,ん,0,high,ichi1|news1|news2|nf11|nf27
ひがいしや,ひ,や,0,high,news1|nf04
しよつき,し,き,0,high,ichi1|news1|nf12
こうかん,こ,ん,0,high,ichi1|news1|nf02|nf03|nf11|nf19
まぜる,ま,る,0,high,ichi1|news2|nf38|nf47
すべて,す,て,0,high,ichi1
わきやく,わ,く,0,high,ichi1|news2|nf34
あさはん,あ,ん,0,high,ichi1
おりる,お,る,0,high,ichi1|news1|nf10
しじつ,し,つ,0,high,news1|nf22
ていきゆう,て,う,0,high,news1|nf24
もすく,も,く,0,high,gai1
しだい,し,い,0,high,ichi1|news1|nf16
たおれ,た,れ,0,high,news1|nf22
つけ,つ,け,0,high,ichi1
しつれいします,し,す,0,high,spec1
あぐら,あ,ら,0,high,ichi1
ぱんふ,ぱ,ふ,0,high,gai1
ぜねすと,ぜ,と,0,high,gai1
びざ,び,ざ,0,high,gai1|ichi1
ふえんしんぐ,ふ,ぐ,0,high,gai1
きようそう,き,う,0,high,ichi1|news1|nf02|nf13
かんきん,か,ん,0,high,ichi1|news1|nf13|nf20
ぷれりゆうど,ぷ,ど,0,high,gai1
おさなじみ,お,み,0,high,ichi1|news2|nf27
しんりよう,し,う,0,high,ichi1|news1|nf05
ふたりとも,ふ,も,0,high,spec1
とうひようしよ,と,よ,0,high,news1|nf09
まだむ,ま,む,0,high,gai1
せんめんき,せ,き,0,high,ichi1|news2|nf40
かいはつしや,か,や,0,high,spec1
すれば,す,ば,0,high,spec1
ふおおる,ふ,る,0,high,gai1
ねくたい,ね,い,0,high,gai1|ichi1
せきどう,せ,う,0,high,ichi1|news1|nf18
ぬうぼお,ぬ,お,0,high,gai1
どそく,ど,く,0,high,ichi1|news2|nf47
あとぴい,あ,い,0,high,gai1
だつそう,だ,う,0,high,ichi1|news1|nf23
していいえあたあみなる,し,る,0,high,gai1
ぱごだ,ぱ,だ,0,high,gai1
のりきる,の,る,0,high,news2|nf28|spec1
ふくさよう,ふ,う,0,high,ichi1|news1|nf06
いわかん,い,ん,0,high,news1|nf12
わふく,わ,く,0,high,ichi1|news1|nf18
ばあたあ,ば,あ,0,high,gai1
きんき,き,き,0,high,news1|nf07
しれいぶ,し,ぶ,0,high,news1|nf07
かりいれ,か,れ,0,high,news1|nf10
ちようしゆ,ち,ゆ,0,high,news1|nf04
さめ,さ,め,0,high,news2|nf38|spec1
ぎやくたい,ぎ,い,0,high,news1|nf12
うすぐらい,う,い,0,high,ichi1|news1|nf24
さむさ,さ,さ,0,high,ichi1|news1|nf10
ぞうし,ぞ,し,0,high,news1|nf11
みちすう,み,う,0,high,news1|nf20
なりたつ,な,つ,0,high,ichi1|news1|nf15
しみゆれえしよん,し,ん,0,high,gai1
びようしよう,び,う,0,high,news1|nf14
たれ,た,れ,0,high,news2|nf38|spec1
ほけんじよ,ほ,よ,0,high,news1|nf12|spec1
みかん,み,ん,0,high,ichi1
そうねん,そ,ん,0,high,news1|nf24
にまい,に,い,0,high,news1|nf10
ちりじようほうしすてむ,ち,む,0,high,spec1
ぱどつく,ぱ,く,0,high,gai1
ねぼける,ね,る,0,high,ichi1
おもしろ,お,ろ,0,high,news1|nf11
めつきり,め,り,0,high,ichi1
おおあきない,お,い,0,high,news1|nf16
めたぼりつく,め,く,0,high,spec1
まつたん,ま,ん,0,high,ichi1|news1|nf12
ぶべつ,ぶ,つ,0,high,ichi1
ひるこ,ひ,こ,0,high,news1|nf19
ぼおるぺん,ぼ,ん,0,high,gai1|ichi1
あれこれ,あ,れ,0,high,ichi1
だうんたうん,だ,ん,0,high,gai1
めざましどけい,め,い,0,high,ichi1|news2|nf34
たびだつ,た,つ,0,high,ichi1|news1|nf24
しええばあ,し,あ,0,high,gai1
くるしめる,く,る,0,high,ichi1|news1|nf17
ざいらい,ざ,い,0,high,news1|nf12
ひなた,ひ,た,0,high,ichi1|news1|nf19
きよじゆう,き,う,0,high,ichi1|news1|nf06
たんねん,た,ん,0,high,news1|nf14
そこいれ,そ,れ,0,high,news1|nf13
どうり,ど,り,0,high,ichi1|news1|nf05|nf24
あたまうち,あ,ち,0,high,news1|nf17
すいげん,す,ん,0,high,news1|nf14
はく,は,く,0,high,ichi1|news1|nf01|nf02|spec1
どうでもよい,ど,い,0,high,spec1
たいしかん,た,ん,0,high,ichi1|news1|nf03
ぐんしゆう,ぐ,う,0,high,ichi1|news1|nf14
えぷろん,え,ん,0,high,gai1
こぞう,こ,う,0,high,news1|nf23
ぼし,ぼ,し,0,high,news1|nf08
とじこもる,と,る,0,high,ichi1|news2|nf30
きりすと,き,と,0,high,gai1|ichi1
かえる,か,る,0,high,ichi1|news1|news2|nf24|nf33|nf34|nf37|nf42|spec1
じゆんさ,じ,さ,0,high,ichi1|news1|nf09
さつかく,さ,く,0,high,ichi1|news1|nf19
かさいりゆう,か,う,0,high,news1|nf07
へいこう,へ,う,0,high,ichi1|news1|news2|nf21|nf33
ひらち,ひ,ち,0,high,news1|nf21
しんよう,し,う,0,high,ichi1|news1|nf03
しんみよう,し,う,0,high,news1|nf22
しぼり,し,り,0,high,news1|news2|nf19|nf25
しめ,し,め,0,high,news1|nf23
べんかい,べ,い,0,high,ichi1|news1|nf21
もんぶかがくしよう,も,う,0,high,spec1
むろん,む,ん,0,high,ichi1|news1|nf24
しこうさくご,し,ご,0,high,ichi1|news1|nf16
たいせん,た,ん,0,high,ichi1|news1|nf04|nf07|nf18
えきか,え,か,0,high,news1|nf19
かれら,か,ら,0,high,ichi1|news1|nf02
ぺんしよん,ぺ,ん,0,high,gai1
やりすごす,や,す,0,high,ichi1
しゆうごう,し,う,0,high,ichi1|news1|nf09
じよく,じ,く,0,high,ichi1|news1|nf12
さは,さ,は,0,high,news1|nf07
ぶんぴ,ぶ,ぴ,0,high,ichi1|news1|nf20
じつすう,じ,う,0,high,news1|nf21
まちまち,ま,ち,0,high,ichi1
しろつぷ,し,ぷ,0,high,gai1
ふつとぼおる,ふ,る,0,high,gai1
もよおす,も,す,0,high,ichi1|news1|nf17
ようび,よ,び,0,high,ichi1|news1|nf04
すとおりい,す,い,0,high,gai1
こあら,こ,ら,0,high,gai1
かちこす,か,す,0,high,news1|nf20
ぶんぐ,ぶ,ぐ,0,high,news1|nf21
はんげき,は,き,0,high,ichi1|news1|nf07
ろうどうじようけん,ろ,ん,0,high,news1|nf12
かいけつさく,か,く,0,high,spec1
れつしや,れ,や,0,high,ichi1|news1|nf04
つかまえる,つ,る,0,high,ichi1|news2|nf35
じやあ,じ,あ,0,high,gai1|ichi1
こつぷ,こ,ぷ,0,high,gai1|ichi1
あいぬ,あ,ぬ,0,high,gai1
おおだい,お,い,0,high,news1|nf10
かわさき,か,き,0,high,spec1
はんれい,は,い,0,high,ichi1|news1|nf15
しよるい,し,い,0,high,ichi1|news1|nf05
まいなす,ま,す,0,high,gai1|ichi1
ふりいだむ,ふ,む,0,high,gai1
しくらめん,し,ん,0,high,gai1
ぴつくあつぷさあびす,ぴ,す,0,high,gai1
どにち,ど,ち,0,high,spec1
しやみんとう,し,う,0,high,news1|nf21
れんたかあ,れ,あ,0,high,gai1
のうしゆく,の,く,0,high,ichi1|news1|nf12
はいゆう,は,う,0,high,ichi1|news1|nf03
てきしつ,て,つ,0,high,news1|nf11
いきる,い,る,0,high,ichi1|news1|nf04
でいすかつしよん,で,ん,0,high,gai1
ぽりまあ,ぽ,あ,0,high,gai1
たいぼう,た,う,0,high,ichi1|news1|nf13
みつか,み,か,0,high,ichi1|spec1
じむ,じ,む,0,high,gai1|ichi1|news1|nf01
さしかかる,さ,る,0,high,ichi1|news2|nf39
ふじん,ふ,ん,0,high,ichi1|news1|nf02|nf04|nf15
しようこうぐん,し,ん,0,high,news1|nf12
ばあちやる,ば,る,0,high,gai1
ちかずく,ち,く,0,high,ichi1|news2|nf37|spec1
せんよう,せ,う,0,high,ichi1|news1|nf04
ますたあど,ま,ど,0,high,gai1
じゆんじ,じ,じ,0,high,news1|nf08
ほしゆとう,ほ,う,0,high,news1|nf07
につくねえむ,に,む,0,high,gai1
しゆほう,し,う,0,high,news1|nf04|nf16
しよおとぱんつ,し,つ,0,high,gai1
あらかると,あ,と,0,high,gai1
どうどう,ど,う,0,high,ichi1|news1|nf11
じゆうてん,じ,ん,0,high,ichi1|news1|nf04|spec1
かげき,か,き,0,high,news1|nf05|nf09
かんれい,か,い,0,high,ichi1|news1|news2|nf11|nf29
ちほうぶんけん,ち,ん,0,high,news1|nf08
いつさくじつ,い,つ,0,high,ichi1|news2|nf40
じこう,じ,う,0,high,ichi1|news1|nf05|nf12
ちじよう,ち,う,0,high,ichi1|news1|nf03
かかす,か,す,0,high,news1|nf06
せいゆじよ,せ,よ,0,high,news1|nf17
きようりよく,き,く,0,high,ichi1|news1|nf01|nf04
くちかず,く,ず,0,high,ichi1|news2|nf27
じつ,じ,つ,0,high,news1|nf04
はんじよう,は,う,0,high,ichi1|news2|nf27
ろんかく,ろ,く,0,high,news1|nf19
めんどくさい,め,い,0,high,ichi1|spec1
ほんき,ほ,き,0,high,ichi1|news1|nf09
あおる,あ,る,0,high,ichi1
ちえこすろばきあ,ち,あ,0,high,gai1
さかだち,さ,ち,0,high,ichi1|news2|nf43
あてさき,あ,き,0,high,ichi1
がつかいし,が,し,0,high,spec1
すまあと,す,と,0,high,gai1|ichi1
しゆう,し,う,0,high,ichi1|news1|nf01|nf04|nf05|nf14|nf15|nf19
しつそく,し,く,0,high,news1|nf22
しきしや,し,や,0,high,news1|nf10|nf17
せんごく,せ,く,0,high,news1|nf14
にじゆうさんにち,に,ち,0,high,spec1
あいずち,あ,ち,0,high,ichi1|news2|nf36
びくとりあ,び,あ,0,high,gai1
かいぶつ,か,つ,0,high,news1|nf20
たおる,た,る,0,high,gai1|ichi1
いかり,い,り,0,high,ichi1|news1|nf04
おおく,お,く,0,high,gai1|spec1
こんちえると,こ,と,0,high,gai1
ねんがく,ね,く,0,high,news1|nf22
こうしゆうでんわ,こ,わ,0,high,news1|nf13
かなめ,か,め,0,high,ichi1|news1|nf14
ひやくとおばん,ひ,ん,0,high,spec1
おうしつ,お,つ,0,high,news1|nf13
しようかいしや,し,や,0,high,spec1
むちゆう,む,う,0,high,ichi1|news2|nf34
はんのう,は,う,0,high,ichi1|news1|nf03
ちゆうなんべい,ち,い,0,high,news1|nf07
せえる,せ,る,0,high,gai1
ぺるう,ぺ,う,0,high,gai1
めるへん,め,ん,0,high,gai1
はがれる,は,る,0,high,spec1
まつき,ま,き,0,high,ichi1|news1|nf06
こんいん,こ,ん,0,high,news1|nf13
べいぐん,べ,ん,0,high,spec1
のぞむ,の,む,0,high,ichi1|news1|news2|nf12|nf36
じゆうたい,じ,い,0,high,ichi1|news1|nf09|nf12
へんきよう,へ,う,0,high,news1|nf22
おいこみ,お,み,0,high,news1|nf21
あららげる,あ,る,0,high,news1|nf23
ししん,し,ん,0,high,news1|nf06
せばめる,せ,る,0,high,ichi1|news2|nf42
もろつこ,も,こ,0,high,gai1
にじむ,に,む,0,high,ichi1
こじん,こ,ん,0,high,ichi1|news1|nf01|nf07
あずかる,あ,る,0,high,ichi1|news1|nf23
かごう,か,う,0,high,ichi1
あらわれる,あ,る,0,high,ichi1|news1|nf24
のびる,の,る,0,high,ichi1|news2|nf26
しようがいしや,し,や,0,high,news1|nf03
ごうまん,ご,ん,0,high,news2|nf35|spec1
ばしや,ば,や,0,high,news1|nf20
ぶりたにあ,ぶ,あ,0,high,gai1
かしま,か,ま,0,high,ichi1
らんぐ,ら,ぐ,0,high,gai1
まなざし,ま,し,0,high,ichi1
めいしゆ,め,ゆ,0,high,news1|nf18|nf24
きびしさ,き,さ,0,high,news1|nf08
にしにほん,に,ん,0,high,news1|nf06
あらあと,あ,と,0,high,spec1
かおいろ,か,ろ,0,high,ichi1|news1|nf16
かんきようちよう,か,う,0,high,news1|nf03
だんぼおる,だ,る,0,high,news1|nf11|spec1
とうかい,と,い,0,high,news1|nf02
ぷりんた,ぷ,た,0,high,gai1
ぎろちん,ぎ,ん,0,high,gai1
たようか,た,か,0,high,news1|nf10
よそ,よ,そ,0,high,ichi1|news1|nf01|spec1
ぎせい,ぎ,い,0,high,ichi1|news1|nf05
あくやく,あ,く,0,high,news1|nf19
うらがえし,う,し,0,high,ichi1|news1|nf19
あるく,あ,く,0,high,ichi1
いんちき,い,き,0,high,ichi1
ざんだか,ざ,か,0,high,ichi1|news1|nf06
とういん,と,ん,0,high,news1|nf06
せんしや,せ,や,0,high,ichi1|news1|nf06
ばつぐ,ば,ぐ,0,high,gai1|ichi1
せいとん,せ,ん,0,high,ichi1
どんよく,ど,く,0,high,ichi1
ざりがに,ざ,に,0,high,spec1
かようきよく,か,く,0,high,ichi1|news1|nf17
ひいたあ,ひ,あ,0,high,gai1
まじつく,ま,く,0,high,gai1
すくなからず,す,ず,0,high,ichi1|news1|nf16
にゆうじいらんど,に,ど,0,high,spec1
じゆしん,じ,ん,0,high,ichi1|news1|nf08|nf21
はつでんしよ,は,よ,0,high,ichi1|news1|nf06
しらじ,し,じ,0,high,news1|nf23
うかがう,う,う,0,high,ichi1|news2|nf45
みりよくてき,み,き,0,high,spec1
ふくつう,ふ,う,0,high,news1|nf19
どきよう,ど,う,0,high,news1|nf18
ぼつしゆう,ぼ,う,0,high,news1|nf23
ぼうそう,ぼ,う,0,high,news1|news2|nf12|nf27|spec1
しやんはい,し,い,0,high,spec1
さつこん,さ,ん,0,high,news1|nf12
おいかける,お,る,0,high,ichi2|spec1
せつき,せ,き,0,high,news1|nf14|nf18
かんがえてみれば,か,ば,0,high,spec1
きやびん,き,ん,0,high,gai1
ないしん,な,ん,0,high,ichi1|news1|nf12|nf15
ぷれいがある,ぷ,る,0,high,gai1
たんこう,た,う,0,high,news1|nf10
ぎよえん,ぎ,ん,0,high,news1|nf19
だいぶん,だ,ん,0,high,ichi1|news1|nf11
ぎゆうどん,ぎ,ん,0,high,spec1
ごみばこ,ご,こ,0,high,spec1
ああち,あ,ち,0,high,gai1
たいわん,た,ん,0,high,news1|nf01
いつのまにか,い,か,0,high,ichi1|spec1
いけん,い,ん,0,high,ichi1|news1|nf01|nf05
ふしぜん,ふ,ん,0,high,ichi1|news1|nf11
ていこう,て,う,0,high,ichi1|news1|nf03
ふろん,ふ,ん,0,high,gai1
みんしゆく,み,く,0,high,news1|nf20
せきとり,せ,り,0,high,news1|nf15
さからう,さ,う,0,high,ichi1|news2|nf40
じなん,じ,ん,0,high,ichi1|news2|nf34
たんだい,た,い,0,high,ichi1|news1|nf05
どうおん,ど,ん,0,high,ichi1
ききんぞく,き,く,0,high,news1|nf14
やすめる,や,る,0,high,ichi1
じようすう,じ,う,0,high,news1|nf02
たんに,た,に,0,high,ichi1|news1|nf06
だがしや,だ,や,0,high,spec1
ねんご,ね,ご,0,high,spec1
くらい,く,い,0,high,ichi1|news2|nf42|spec1
いきさかん,い,ん,0,high,news1|nf24
ぎせき,ぎ,き,0,high,news1|nf02
いそんしよう,い,う,0,high,spec1
ここのつ,こ,つ,0,high,ichi1|news1|nf21
とうぐう,と,う,0,high,news1|nf16
きざい,き,い,0,high,news1|nf12|nf23
とうげい,と,い,0,high,news1|nf11
にせい,に,い,0,high,news1|nf08
ぼうだい,ぼ,い,0,high,ichi1|news1|nf06
にたいする,に,る,0,high,spec1
ぎようしや,ぎ,や,0,high,ichi1|news1|nf01
そうりふ,そ,ふ,0,high,news1|nf08
ほとけ,ほ,け,0,high,ichi1
しぎかい,し,い,0,high,news1|nf08
しんから,し,ら,0,high,news1|nf08|spec1
こく,こ,く,0,high,news1|nf03|nf16|nf22
あずかりしよう,あ,う,0,high,news1|nf20
ながれる,な,る,0,high,ichi1|news2|nf47
いたく,い,く,0,high,news1|nf07
ぜん,ぜ,ん,0,high,ichi1|news1|nf05|nf17|nf18
すうまん,す,ん,0,high,news1|nf10
ふくめる,ふ,る,0,high,ichi1
かりに,か,に,0,high,ichi1|news1|nf05
しようとつ,し,つ,0,high,ichi1|news1|nf04
ふりだし,ふ,し,0,high,news1|nf16
ふごうかく,ふ,く,0,high,ichi1|news1|nf15
もらとりあむ,も,む,0,high,gai1
たいえき,た,き,0,high,news1|nf18
しぐれ,し,れ,0,high,ichi1|news2|nf33
でなおし,で,し,0,high,news1|nf13
やすい,や,い,0,high,ichi1|news2|nf47
うちそと,う,と,0,high,news1|nf03
めいしん,め,ん,0,high,ichi1|news2|nf37
ふりいまあけつと,ふ,と,0,high,gai1
こつかい,こ,い,0,high,ichi1|news1|nf01|nf12
かいこく,か,く,0,high,news1|nf22|nf23
わらい,わ,い,0,high,ichi1|news1|nf04
ぜんてい,ぜ,い,0,high,ichi1|news1|nf02
ふろあ,ふ,あ,0,high,gai1
しようゆう,し,う,0,high,ichi1|news2|nf31
いえろお,い,お,0,high,gai1
きれい,き,い,0,high,ichi1|spec1
まうんと,ま,と,0,high,gai1
しるく,し,く,0,high,gai1
おそい,お,い,0,high,ichi1|news1|nf18
ぴかそ,ぴ,そ,0,high,gai1
ようする,よ,る,0,high,ichi1|news1|nf10|nf15
きみたち,き,ち,0,high,spec1
はろげん,は,ん,0,high,gai1
こうすれば,こ,ば,0,high,spec1
みみ,み,み,0,high,ichi1|news1|nf03
にほんしき,に,き,0,high,news1|nf23
ゆうがた,ゆ,た,0,high,ichi1|news1|nf07
よくい,よ,い,0,high,ichi1|news1|nf17
ほかく,ほ,く,0,high,news1|nf12|nf16
さいく,さ,く,0,high,ichi1|news1|nf14
えんげい,え,い,0,high,ichi1|news1|nf13|nf15
かるがる,か,る,0,high,news1|nf21
おみこし,お,し,0,high,ichi1
りつたい,り,い,0,high,ichi1|news1|nf08
ふきそく,ふ,く,0,high,ichi1|news1|nf19
さいけんとう,さ,う,0,high,news1|nf11
すいがい,す,い,0,high,ichi1|news1|nf14
かりぶかい,か,い,0,high,spec1
つうしん,つ,ん,0,high,ichi1|news1|nf01
ふらすこ,ふ,こ,0,high,gai1
すたんぷ,す,ぷ,0,high,gai1
ぼおからあ,ぼ,あ,0,high,gai1
あゆみよる,あ,る,0,high,ichi1|news2|nf28
ふりこむ,ふ,む,0,high,news1|nf18
しちやく,し,く,0,high,spec1
しいく,し,く,0,high,gai1|ichi1|news1|nf08
いけめん,い,ん,0,high,spec1
うちわ,う,わ,0,high,ichi1|news1|nf22
こうほう,こ,う,0,high,ichi1|news1|nf03|nf08|nf15|nf22|nf24
うわぎ,う,ぎ,0,high,ichi1|news1|nf17
くし,く,し,0,high,ichi1|news1|news2|nf08|nf28
だいがく,だ,く,0,high,ichi1|news1|nf01
しゆつちよう,し,う,0,high,ichi1|news1|nf07
なだかい,な,い,0,high,ichi1|news1|nf22
がしがし,が,し,0,high,spec1
あんき,あ,き,0,high,ichi1|news2|nf32
にがおえ,に,え,0,high,ichi1
とじようこく,と,く,0,high,news1|nf03
やぶれる,や,る,0,high,ichi1
かつりよく,か,く,0,high,ichi1|news1|nf08
せかいぎんこう,せ,う,0,high,news1|nf10
てんけん,て,ん,0,high,ichi1|news1|nf07
おひさしぶり,お,り,0,high,spec1
にゆあんす,に,す,0,high,gai1|ichi1
うらがわ,う,わ,0,high,news1|nf11
りゆうちじよう,り,う,0,high,news1|nf21
とない,と,い,0,high,ichi1|news1|nf01
ろぐ,ろ,ぐ,0,high,gai1
あいすこおひい,あ,い,0,high,ichi1
はへん,は,ん,0,high,ichi1|news1|nf12
ふれあう,ふ,う,0,high,ichi1|news2|nf43
じゆつご,じ,ご,0,high,ichi1|news1|nf23
れんとげん,れ,ん,0,high,gai1|ichi1
つくりあげる,つ,る,0,high,ichi1|news2|nf33
たぶう,た,う,0,high,gai1
がく,が,く,0,high,ichi1|news1|nf03|nf12
えをえがく,え,く,0,high,spec1
じようりく,じ,く,0,high,ichi1|news1|nf08
もうひ,も,ひ,0,high,ichi1|news1|nf14
まつは,ま,は,0,high,gai1
きようだん,き,ん,0,high,news1|nf18|nf19
せすじ,せ,じ,0,high,news1|nf18
しいん,し,ん,0,high,gai1|news1|nf08
すもつぐ,す,ぐ,0,high,gai1|ichi1
ていり,て,り,0,high,news1|nf16
わんまん,わ,ん,0,high,gai1
きも,き,も,0,high,ichi1|news1|nf04|nf11
ひとまく,ひ,く,0,high,news1|nf13
はあれむ,は,む,0,high,gai1
にゆうじやあじい,に,い,0,high,gai1
はいぶりつど,は,ど,0,high,gai1
ざつぼくりん,ざ,ん,0,high,news1|nf16
とりもどす,と,す,0,high,ichi1|news2|nf38
きわまる,き,る,0,high,ichi1|news2|nf45
ひようめい,ひ,い,0,high,news1|nf03
はずれる,は,る,0,high,ichi1|news1|nf24
だいやる,だ,る,0,high,gai1|ichi1
しゆつこう,し,う,0,high,news1|nf10|nf22
きじゆつ,き,つ,0,high,ichi1|news1|nf07
さくづけ,さ,け,0,high,news1|nf20
うわつちようし,う,し,0,high,news1|nf05
ひがしきた,ひ,た,0,high,news1|nf02
じつきよう,じ,う,0,high,ichi1|news1|nf17
はちまん,は,ん,0,high,news1|nf14
ちゆうぶ,ち,ぶ,0,high,gai1|news1|nf06
うえぶさいと,う,と,0,high,spec1
どうきよく,ど,く,0,high,news1|nf09
ろけん,ろ,ん,0,high,ichi1|news2|nf37|spec2
おおばあひいと,お,と,0,high,gai1
はんそく,は,く,0,high,ichi1|news1|nf15|spec1
まいんど,ま,ど,0,high,gai1
げきとつ,げ,つ,0,high,news1|nf21
ろうどううんどう,ろ,う,0,high,news1|nf18
しようわくせい,し,い,0,high,news1|nf23
あいさつ,あ,つ,0,high,ichi1|news1|nf24
ふきでもの,ふ,の,0,high,ichi1
しようあく,し,く,0,high,news1|nf20
うりもの,う,の,0,high,ichi1|news1|nf08
ろうさい,ろ,い,0,high,news1|nf11
ろうひ,ろ,ひ,0,high,ichi1|news1|nf22
ほうかつ,ほ,つ,0,high,news1|nf03
ちかぢか,ち,か,0,high,news1|nf22
ふどうひよう,ふ,う,0,high,news1|nf13
たいぜい,た,い,0,high,ichi1|news1|nf04
なんにも,な,も,0,high,news1|nf22
しようぎよう,し,う,0,high,ichi1|news1|nf04
せつじつ,せ,つ,0,high,ichi1|news1|nf12
ちよう,ち,う,0,high,ichi1|news1|news2|nf04|nf10|nf15|nf18|nf35
おおちやあど,お,ど,0,high,gai1
ぬし,ぬ,し,0,high,ichi1
こうぶん,こ,ん,0,high,news1|nf18
だげき,だ,き,0,high,ichi1|news1|nf03
させつ,さ,つ,0,high,news2|nf47|spec1
ぶなん,ぶ,ん,0,high,ichi1|news1|nf15
あんび,あ,び,0,high,ichi1|news1|nf19
りゆうし,り,し,0,high,news1|nf11
もの,も,の,0,high,gai1|ichi1|spec1
しゆるいほうふ,し,ふ,0,high,spec1
がさがさ,が,さ,0,high,ichi1
えきいん,え,ん,0,high,ichi1|news1|nf18
かんきゆう,か,う,0,high,news1|nf15
うでまえ,う,え,0,high,ichi1|news1|nf21
ぼうすい,ぼ,い,0,high,ichi1|news1|nf21
ぐんせい,ぐ,い,0,high,news1|nf15
くつした,く,た,0,high,ichi1|news1|nf19
かんてん,か,ん,0,high,news1|nf05
わあすと,わ,と,0,high,gai1
てすり,て,り,0,high,ichi1|news1|nf21
だけど,だ,ど,0,high,spec1
そなえつける,そ,る,0,high,ichi1
はついく,は,く,0,high,ichi1|news1|nf23
どおむ,ど,む,0,high,gai1
ぶあい,ぶ,い,0,high,ichi1|news2|nf35
とうたつ,と,つ,0,high,ichi1|news1|nf14
かぼちや,か,や,0,high,ichi1
とはいうものの,と,の,0,high,spec1
うらむ,う,む,0,high,ichi1|news2|nf47
いつもとおり,い,り,0,high,spec1
まかせる,ま,る,0,high,ichi1
かるしうむ,か,む,0,high,gai1
ばすく,ば,く,0,high,gai1
ああもんど,あ,ど,0,high,gai1
ごおるでんういいく,ご,く,0,high,gai1|ichi1
ばあすと,ば,と,0,high,gai1
こむ,こ,む,0,high,gai1|ichi1|news2|nf46
つつみ,つ,み,0,high,ichi1|news1|news2|nf10|nf26
つらい,つ,い,0,high,ichi1
ちようちよう,ち,う,0,high,ichi1|news1|nf06|nf21|nf24
みかける,み,る,0,high,news2|nf35|spec1
ゆうりよくしや,ゆ,や,0,high,news1|nf16
しゆぎ,し,ぎ,0,high,ichi1|news1|nf02
あれる,あ,る,0,high,ichi1|news1|nf21
ひぐち,ひ,ち,0,high,news1|nf12
むぼう,む,う,0,high,ichi1|news1|nf22
ちゆうきよう,ち,う,0,high,news1|nf12
せんもんがつこう,せ,う,0,high,news1|nf08
だんてい,だ,い,0,high,ichi1|news1|nf22
こみゆにけ,こ,け,0,high,gai1
さえぎる,さ,る,0,high,ichi1|news2|nf37
こんどる,こ,る,0,high,gai1
ひようぎいん,ひ,ん,0,high,news1|nf13
うそつき,う,き,0,high,ichi1
そうげい,そ,い,0,high,news1|nf21
むしかく,む,く,0,high,news1|nf23
にんじん,に,ん,0,high,ichi1
ぐらし,ぐ,し,0,high,ichi1|news1|nf04
こめでい,こ,い,0,high,spec1
かむばつく,か,く,0,high,gai1
じゆうたく,じ,く,0,high,ichi1|news1|nf01
いつも,い,も,0,high,ichi1
とくし,と,し,0,high,news1|nf06
そうほう,そ,う,0,high,news1|nf02
げえじ,げ,じ,0,high,gai1
だんりよく,だ,く,0,high,news1|nf10
ああばん,あ,ん,0,high,gai1
しゆく,し,く,0,high,news1|nf24
ただちに,た,に,0,high,ichi1|news1|nf05
せんきよにん,せ,ん,0,high,news1|nf18
したうけ,し,け,0,high,news1|nf13
しよくしゆ,し,ゆ,0,high,news1|nf11
かとりつく,か,く,0,high,gai1|ichi1
むこ,む,こ,0,high,ichi1|news2|nf41
るねさんす,る,す,0,high,gai1
もおたりぜえしよん,も,ん,0,high,gai1
かんじや,か,や,0,high,ichi1|news1|nf01
かおり,か,り,0,high,ichi1|news1|nf06
じよぎんぐ,じ,ぐ,0,high,gai1|ichi1
ないない,な,い,0,high,news1|nf22
こんわく,こ,く,0,high,ichi1|news1|nf19
あつぱあ,あ,あ,0,high,gai1
ぞんざい,ぞ,い,0,high,ichi1
てん,て,ん,0,high,gai1|ichi1|news1|nf03|nf05|nf22
ひとや,ひ,や,0,high,news1|nf09
そうおん,そ,ん,0,high,ichi1|news1|nf06
ふおおみゆらかあ,ふ,あ,0,high,gai1
すく,す,く,0,high,ichi1
とおざかる,と,る,0,high,ichi1|news2|nf31
てえぷ,て,ぷ,0,high,gai1|ichi1
せかいかくち,せ,ち,0,high,spec1
ふわふわ,ふ,わ,0,high,ichi1|spec1
ますめでいあ,ま,あ,0,high,gai1
くきよう,く,う,0,high,news1|nf11
ぜいたく,ぜ,く,0,high,ichi1|news2|nf43
みきさあ,み,あ,0,high,gai1
ごくちゆう,ご,う,0,high,news1|nf15
だけつ,だ,つ,0,high,ichi1|news1|nf11
たあぼ,た,ぼ,0,high,gai1
りようしゆう,り,う,0,high,ichi1|news1|news2|nf17|nf32
れんけいぷれえ,れ,え,0,high,news1|nf20
はつぽう,は,う,0,high,news1|nf09|nf21
げんめん,げ,ん,0,high,news1|nf14
えつちんぐ,え,ぐ,0,high,gai1
ちようちよ,ち,よ,0,high,ichi1|news1|nf24
じゆう,じ,う,0,high,ichi1|news1|nf01|nf03|nf06|nf14|spec1
しらが,し,が,0,high,ichi1|news1|nf16
よぞら,よ,ら,0,high,ichi1|news1|nf17
ごにち,ご,ち,0,high,ichi1|news1|nf17|spec1
またがる,ま,る,0,high,ichi1|spec1
ほうにん,ほ,ん,0,high,ichi1|news2|nf44
ふてい,ふ,い,0,high,news1|nf12
ぐんぴよう,ぐ,う,0,high,news1|nf12
かしらもじ,か,じ,0,high,news1|nf18
もつなべ,も,べ,0,high,spec1
あなうんさあ,あ,あ,0,high,gai1|ichi1
はなざかり,は,り,0,high,news1|nf23
ごうけん,ご,ん,0,high,news1|nf07
やけど,や,ど,0,high,ichi1|news2|nf33
はいたしゆぎ,は,ぎ,0,high,ichi1
ごうう,ご,う,0,high,news1|nf17
しえる,し,る,0,high,gai1
いな,い,な,0,high,ichi1
のうりん,の,ん,0,high,ichi1|news1|nf07
ふしよう,ふ,う,0,high,ichi1|news1|nf12|nf21
ふあんとむ,ふ,む,0,high,gai1
まえもつて,ま,て,0,high,ichi1|news2|nf29
ぼうこう,ぼ,う,0,high,news1|nf07
かんこうきやく,か,く,0,high,spec1
つど,つ,ど,0,high,news1|nf18
がんめん,が,ん,0,high,news1|nf19
むしよく,む,く,0,high,ichi1|news1|news2|nf04|nf32
とみいがん,と,ん,0,high,gai1
そうかい,そ,い,0,high,ichi1|news1|news2|nf01|nf06|nf39|spec1
みにすかあと,み,と,0,high,gai1
ほるだあ,ほ,あ,0,high,gai1
きよすく,き,く,0,high,gai1
いちるい,い,い,0,high,news1|nf07
えんみよう,え,う,0,high,news1|nf14
よしゆう,よ,う,0,high,ichi1|news2|nf36
てつぱん,て,ん,0,high,news1|nf18
せんせん,せ,ん,0,high,news1|nf04|nf23
ほうぼう,ほ,う,0,high,ichi1
すもう,す,う,0,high,ichi1|news1|nf03
けつじよ,け,よ,0,high,ichi1|news1|nf14
ちんか,ち,か,0,high,news1|nf18
すりらあ,す,あ,0,high,gai1
ことごとく,こ,く,0,high,ichi1
くよう,く,う,0,high,news1|nf18
るうていん,る,ん,0,high,gai1
ばいたりてい,ば,い,0,high,gai1
ひので,ひ,で,0,high,ichi1|news1|nf18
きれつ,き,つ,0,high,news1|nf07
なぐる,な,る,0,high,ichi1|news1|nf11
げんか,げ,か,0,high,news1|nf18
ひとすじ,ひ,じ,0,high,news1|nf12
うりあげ,う,げ,0,high,ichi1|news1|nf03|spec1
とりかえる,と,る,0,high,ichi1|news2|nf25
はいれつ,は,つ,0,high,ichi1|news1|nf19
げつじ,げ,じ,0,high,ichi1|news2|nf42
すがすがしい,す,い,0,high,ichi1
はながた,は,た,0,high,news1|nf17
がそりん,が,ん,0,high,gai1|ichi1
こおどれすほん,こ,ん,0,high,gai1
しつむ,し,む,0,high,news1|nf11
たつぴつ,た,つ,0,high,ichi1
こくせい,こ,い,0,high,news1|nf04|nf20
ねむけ,ね,け,0,high,ichi1|news2|nf29
そおゆう,そ,う,0,high,spec1
いがくぶ,い,ぶ,0,high,spec1
にようぼう,に,う,0,high,ichi1|news1|nf10
しようがくきん,し,ん,0,high,ichi1|news1|nf12
きまつ,き,つ,0,high,ichi1|news1|nf21
だらだら,だ,ら,0,high,ichi1|spec1
ぎしき,ぎ,き,0,high,ichi1|news1|nf09
えれくとろにくす,え,す,0,high,gai1
まつたく,ま,く,0,high,ichi1
ぶとう,ぶ,う,0,high,ichi1|news1|nf16
でえたばんく,で,く,0,high,gai1
ぐらんぷり,ぐ,り,0,high,gai1
きゆうきゆういりよう,き,う,0,high,spec1
かくじ,か,じ,0,high,ichi1|news1|nf16
ろうえい,ろ,い,0,high,spec1
れんめい,れ,い,0,high,news1|nf02|nf19
ねえみんぐ,ね,ぐ,0,high,gai1
きんいつ,き,つ,0,high,ichi1|news1|nf19
いしゆく,い,く,0,high,news2|nf18|spec1
しようぐん,し,ん,0,high,ichi1|news1|nf06
ふいりぴん,ふ,ん,0,high,spec1
たかさ,た,さ,0,high,ichi1|news1|nf04
こんやく,こ,く,0,high,ichi1|news1|nf11
ぺなんと,ぺ,と,0,high,gai1
せんもん,せ,ん,0,high,ichi1|news1|nf02
こん,こ,ん,0,high,ichi1|news1|nf11
りゆうせい,り,い,0,high,news1|nf23
うお,う,お,0,high,ichi1|ichi2|news1|nf03
すこおかあ,す,あ,0,high,gai1
みんぞくしゆぎ,み,ぎ,0,high,news1|nf07
ろびい,ろ,い,0,high,gai1|ichi1
いくにち,い,ち,0,high,ichi1
げつか,げ,か,0,high,news1|nf10
じゆうろく,じ,く,0,high,news1|nf11
ふりいたあ,ふ,あ,0,high,gai1
そうぜい,そ,い,0,high,news1|nf14
ひゆ,ひ,ゆ,0,high,ichi1|news2|nf34
せけん,せ,ん,0,high,ichi1|news1|nf06
うちこみ,う,み,0,high,news1|nf20
おもんずる,お,る,0,high,ichi1
こくもつ,こ,つ,0,high,ichi1|news1|nf11
ぷろれす,ぷ,す,0,high,gai1
だせん,だ,ん,0,high,news1|nf03
おうとう,お,う,0,high,ichi1|news1|nf13
いつそう,い,う,0,high,ichi1|news1|nf03|nf13
りそうてき,り,き,0,high,news1|nf15
ちようしや,ち,や,0,high,news1|nf07|nf17
ほしようつき,ほ,き,0,high,spec1
うらもん,う,ん,0,high,ichi1
めいかく,め,く,0,high,ichi1|news1|nf02
まいかあ,ま,あ,0,high,gai1
とうりやく,と,く,0,high,news1|nf17
たいむりい,た,い,0,high,gai1
たん,た,ん,0,high,gai1|ichi1|news1|nf04|nf08|nf11
つきはじめ,つ,め,0,high,ichi1|news2|nf47
にいがた,に,た,0,high,spec1
じそく,じ,く,0,high,ichi1|news1|nf07
じゆうめん,じ,ん,0,high,ichi1
こういしよう,こ,う,0,high,news1|nf08
よそおい,よ,い,0,high,news1|nf19
でいりい,で,い,0,high,gai1
のりもの,の,の,0,high,ichi1|news1|nf19
はきもの,は,の,0,high,ichi1|news2|nf31
ひきとめる,ひ,る,0,high,ichi1
だんじよう,だ,う,0,high,news1|nf17
すいぞくかん,す,ん,0,high,ichi1|news1|nf14
いつけ,い,け,0,high,ichi1|news1|nf04
せいする,せ,る,0,high,news1|nf13
しやせつ,し,つ,0,high,ichi1|news1|nf11
ろせんず,ろ,ず,0,high,spec1
けいけん,け,ん,0,high,ichi1|news1|nf02
のすたるじい,の,い,0,high,gai1
おどす,お,す,0,high,ichi1|news1|nf21
こんごう,こ,う,0,high,news1|nf11
たな,た,な,0,high,ichi1|news1|nf11
ざつきよ,ざ,よ,0,high,news1|nf24
じごく,じ,く,0,high,ichi1|news1|nf08
てつや,て,や,0,high,ichi1|news1|nf11
きもちよい,き,い,0,high,spec1|spec2
こくえい,こ,い,0,high,ichi1|news1|nf03
ぼでいい,ぼ,い,0,high,gai1
がある,が,る,0,high,gai1
へんしゆう,へ,う,0,high,ichi1|news1|nf02
じゆうろくにち,じ,ち,0,high,spec1
ぱたあん,ぱ,ん,0,high,gai1|ichi1
こくぼう,こ,う,0,high,ichi1|news1|nf02
りくじよう,り,う,0,high,ichi1|news1|nf05
やくひん,や,ん,0,high,ichi1|news1|nf10
さあびす,さ,す,0,high,gai1|ichi1
へび,へ,び,0,high,ichi1|news1|nf16
ぶんべつ,ぶ,つ,0,high,ichi1|news1|nf15
まつち,ま,ち,0,high,gai1|ichi1
へんにゆう,へ,う,0,high,ichi1|news1|nf19
めたん,め,ん,0,high,gai1
はあもにい,は,い,0,high,gai1
おつかけ,お,け,0,high,spec1
もちあげる,も,る,0,high,news2|nf30|spec1
たいくつ,た,つ,0,high,ichi1|news2|nf40
だついしよ,だ,よ,0,high,ichi1
てんねんおんせん,て,ん,0,high,spec1
そんげん,そ,ん,0,high,news1|nf09
におう,に,う,0,high,ichi1
ちよういん,ち,ん,0,high,ichi1|news1|nf04
どのぐらい,ど,い,0,high,ichi1|spec1
さつくす,さ,す,0,high,gai1
りこう,り,う,0,high,ichi1|news1|news2|nf12|nf17|nf42
とつさに,と,に,0,high,ichi1
じんそく,じ,く,0,high,news1|nf12
かじ,か,じ,0,high,ichi1|news1|nf06|nf10|nf22
おみつもり,お,り,0,high,spec1
たなん,た,ん,0,high,news1|nf18
しゆちよう,し,う,0,high,ichi1|news1|nf02|nf07
かちようきん,か,ん,0,high,news1|nf14
こじ,こ,じ,0,high,ichi1|news1|news2|nf06|nf27
くにがら,く,ら,0,high,news1|nf24
れべる,れ,る,0,high,gai1|ichi1
ろうくみ,ろ,み,0,high,news1|nf03
さしだす,さ,す,0,high,ichi1|news2|nf34
けんぎ,け,ぎ,0,high,news1|nf04|nf21|nf24
ひづけ,ひ,け,0,high,ichi1|news1|nf08
へきが,へ,が,0,high,news1|nf12
ふせつ,ふ,つ,0,high,news1|nf20
しゆけん,し,ん,0,high,ichi1|news1|nf04
なんでも,な,も,0,high,ichi1|news1|nf07
なんも,な,も,0,high,news1|nf03
こうちしよ,こ,よ,0,high,news1|nf11
じつか,じ,か,0,high,ichi1|news1|nf07
じやんる,じ,る,0,high,gai1
はつどう,は,う,0,high,news1|nf09
ていじ,て,じ,0,high,news1|nf10|nf15
かけざん,か,ん,0,high,ichi1
ぱあぷる,ぱ,る,0,high,gai1
しゆじく,し,く,0,high,news1|nf12
しきゆう,し,う,0,high,ichi1|news1|news2|nf04|nf05|nf12|nf13|nf25
ぐうすう,ぐ,う,0,high,ichi1|news2|nf33
そうごぎんこう,そ,う,0,high,news1|nf19
わしんとん,わ,ん,0,high,gai1
どくりつ,ど,つ,0,high,ichi1|news1|nf02
おすい,お,い,0,high,news1|nf24
ろうじんほおむ,ろ,む,0,high,news1|nf07
きよういん,き,ん,0,high,ichi1|news1|nf06
りもおと,り,と,0,high,gai1
でんしめえる,で,る,0,high,spec1
とらぶる,と,る,0,high,gai1|ichi1
しえあ,し,あ,0,high,gai1
ろんじる,ろ,る,0,high,ichi1|news2|nf26
しちようしや,し,や,0,high,news1|nf06
もちだす,も,す,0,high,news1|nf23
わあるど,わ,ど,0,high,gai1
しようごう,し,う,0,high,news1|nf19
じやつき,じ,き,0,high,gai1
さむらい,さ,い,0,high,ichi1|news1|nf14|nf18
しよはん,し,ん,0,high,news1|nf18
とうめん,と,ん,0,high,news1|nf02
ぎやら,ぎ,ら,0,high,gai1
ごげん,ご,ん,0,high,ichi1|news1|nf23
こぼす,こ,す,0,high,ichi1
じい,じ,い,0,high,ichi1|news1|nf09
れいきん,れ,ん,0,high,ichi1|news2|nf33
ちくり,ち,り,0,high,spec1
にげる,に,る,0,high,ichi1|news1|nf15
かてえてる,か,る,0,high,gai1
けんせつしよう,け,う,0,high,news1|nf04
ふおと,ふ,と,0,high,gai1
みつしゆう,み,う,0,high,ichi1|news1|nf17
じゆんに,じ,に,0,high,news1|nf18
ほしようにん,ほ,ん,0,high,ichi1|news1|nf20
いつか,い,か,0,high,ichi1|news1|nf04|nf19|spec1
じだいさくご,じ,ご,0,high,news1|nf24
はいあん,は,ん,0,high,news1|nf05
かひ,か,ひ,0,high,news1|nf17
かつこよい,か,い,0,high,spec1
ちゆうしよう,ち,う,0,high,ichi1|news1|nf07|nf15|nf19
ほてる,ほ,る,0,high,gai1|ichi1
じぱんぐ,じ,ぐ,0,high,gai1
すてんどぐらす,す,す,0,high,gai1
おしいれ,お,れ,0,high,ichi1
でざいん,で,ん,0,high,gai1|ichi1
ぱらそる,ぱ,る,0,high,gai1
こたい,こ,い,0,high,ichi1|news1|nf17|nf19
すいさんぶつ,す,つ,0,high,news1|nf19
ぶじよく,ぶ,く,0,high,ichi1|news1|nf22
めぐまれる,め,る,0,high,ichi1
ねばねば,ね,ば,0,high,ichi1
けんちくか,け,か,0,high,spec1
わける,わ,る,0,high,ichi1|news1|nf05
わしき,わ,き,0,high,ichi1
たつぷり,た,り,0,high,ichi1
ていきびん,て,ん,0,high,news1|nf24
まちかど,ま,ど,0,high,ichi1|news1|nf14
おむつ,お,つ,0,high,spec1
しきぶとん,し,ん,0,high,ichi1|news1|nf15
いちじよう,い,う,0,high,news1|nf24
ざつそう,ざ,う,0,high,ichi1|news1|nf17
あんない,あ,い,0,high,ichi1|news1|nf07
しきい,し,い,0,high,ichi1|news2|nf33
つまこ,つ,こ,0,high,ichi1|news1|nf16
ほめる,ほ,る,0,high,ichi1|news2|nf39
だいとうりよう,だ,う,0,high,ichi1|news1|nf01
ちゆうがく,ち,く,0,high,ichi1|news1|nf03
けいにく,け,く,0,high,news1|nf23
ぶうむ,ぶ,む,0,high,gai1|ichi1
まねえ,ま,え,0,high,gai1|ichi1
ねだる,ね,る,0,high,ichi1
しんぶんきじ,し,じ,0,high,news1|nf18
しんえい,し,い,0,high,news1|nf10|nf16
いちいん,い,ん,0,high,ichi1|news1|nf07|nf09
われわれ,わ,れ,0,high,ichi1|news1|nf02
じんかく,じ,く,0,high,ichi1|news1|nf10
ほつとらいん,ほ,ん,0,high,gai1
さんぼ,さ,ぼ,0,high,gai1
しよお,し,お,0,high,gai1
たすう,た,う,0,high,ichi1|news1|nf02
なまける,な,る,0,high,ichi1
ていらにい,て,い,0,high,gai1
しいずにんぐ,し,ぐ,0,high,gai1
せんえんさつ,せ,つ,0,high,spec1
よせ,よ,せ,0,high,news1|nf12|nf18
ひつよう,ひ,う,0,high,ichi1|news1|nf01
そそぐ,そ,ぐ,0,high,ichi1|news1|nf18
あきかん,あ,ん,0,high,news1|nf13
くるうじんぐ,く,ぐ,0,high,gai1
げんこく,げ,く,0,high,ichi1|news1|nf03
つね,つ,ね,0,high,news1|nf05
えくすとら,え,ら,0,high,spec1
じんどう,じ,う,0,high,news1|nf06
ゆうろ,ゆ,ろ,0,high,gai1
みどるほおる,み,る,0,high,gai1
ばとんたつち,ば,ち,0,high,gai1
おうたい,お,い,0,high,ichi1|news1|nf14
しほうさいばん,し,ん,0,high,news1|nf23
きせつ,き,つ,0,high,ichi1|news1|nf04
みはか,み,か,0,high,news1|nf11
すいしよう,す,う,0,high,news1|nf19
けつい,け,い,0,high,ichi1|news1|nf03
ななそ,な,そ,0,high,news1|nf03|spec1
かたみち,か,ち,0,high,ichi1|news1|nf19
たいぷ,た,ぷ,0,high,gai1|ichi1
こすう,こ,う,0,high,news1|nf12
ゆせい,ゆ,い,0,high,news1|nf14
ゆうせい,ゆ,い,0,high,ichi1|news1|nf05|nf11
らてつくす,ら,す,0,high,gai1
こんな,こ,な,0,high,ichi1
まるち,ま,ち,0,high,gai1
あんぴ,あ,ぴ,0,high,ichi1|news1|nf19
かしだす,か,す,0,high,ichi1|news2|nf35
にじゆうよじかんせい,に,い,0,high,news1|nf08
ぷれはぶ,ぷ,ぶ,0,high,gai1
どうろ,ど,ろ,0,high,ichi1|news1|nf02
むさべつ,む,つ,0,high,news1|nf13
にこむ,に,む,0,high,ichi1|news2|nf33
じゆんこう,じ,う,0,high,news1|nf20
ねいびい,ね,い,0,high,spec1
くりかえし,く,し,0,high,news1|nf08
こんちよう,こ,う,0,high,ichi1|news1|nf19
ふしんにん,ふ,ん,0,high,news1|nf05
いわま,い,ま,0,high,news1|nf15
かわし,か,し,0,high,ichi1|news1|nf03
でんげん,で,ん,0,high,ichi1|news1|nf11
じゆしんき,じ,き,0,high,news1|nf17
ちゆうしん,ち,ん,0,high,ichi1|news1|nf01|nf16
ひきこもり,ひ,り,0,high,spec1
びじよん,び,ん,0,high,gai1
べえす,べ,す,0,high,gai1
さいしゆつ,さ,つ,0,high,news1|nf06
ねぶそく,ね,く,0,high,news2|nf36|spec1
かんねん,か,ん,0,high,ichi1|news1|nf17
すいいと,す,と,0,high,gai1
ぜんでら,ぜ,ら,0,high,news1|nf22
ぷらんと,ぷ,と,0,high,gai1
びようめい,び,い,0,high,news1|nf15
つめる,つ,る,0,high,ichi1
せん,せ,ん,0,high,ichi1|news1|nf01|nf04|nf06|nf11|nf21
ちか,ち,か,0,high,ichi1|news1|nf03
そうかつ,そ,つ,0,high,news1|nf06
ひとこと,ひ,と,0,high,ichi1|news1|nf07
ざつか,ざ,か,0,high,news1|nf11
ていし,て,し,0,high,ichi1|news1|nf02|nf10
ちやぺる,ち,る,0,high,gai1
こらあじゆ,こ,ゆ,0,high,gai1
しまい,し,い,0,high,ichi1|news1|nf08
しゆうせん,し,ん,0,high,ichi1|news1|nf05
ばつくぐらうんど,ば,ど,0,high,gai1
ぜんかい,ぜ,い,0,high,ichi1|news1|nf02|nf08
そふとうえあ,そ,あ,0,high,gai1
きあい,き,い,0,high,news1|nf12
くつつける,く,る,0,high,ichi1
げばりすた,げ,た,0,high,gai1
ぜんぱんせん,ぜ,ん,0,high,news1|nf16
せんばい,せ,い,0,high,news1|nf24
しよくよう,し,う,0,high,news1|nf11
てつこう,て,う,0,high,news1|nf04|nf23
みおとす,み,す,0,high,ichi1|news2|nf40
とくしよく,と,く,0,high,ichi1|news1|nf07
まがる,ま,る,0,high,ichi1|news2|nf28
なかま,な,ま,0,high,ichi1|news1|nf02
ぱいぷ,ぱ,ぷ,0,high,gai1|ichi1
どつぐふうど,ど,ど,0,high,spec1
じやぶ,じ,ぶ,0,high,gai1
のずえ,の,え,0,high,news1|nf23
はつみつ,は,つ,0,high,ichi1
やくしよ,や,よ,0,high,ichi1|news1|nf06
さくげん,さ,ん,0,high,ichi1|news1|nf01
けいけんしや,け,や,0,high,news1|nf05
いんすう,い,う,0,high,news1|nf19
かぜとおし,か,し,0,high,news1|nf19
なすび,な,び,0,high,ichi1
けんけい,け,い,0,high,news1|nf02
ふにんき,ふ,き,0,high,news1|nf21
かつぱ,か,ぱ,0,high,gai1
ゔおおかりすと,ゔ,と,0,high,gai1
さいだい,さ,い,0,high,ichi1|news1|nf01
くさはら,く,ら,0,high,ichi1|news1|nf13
じみ,じ,み,0,high,ichi1|news1|nf09
いらいら,い,ら,0,high,ichi1
ににん,に,ん,0,high,ichi1|news1|nf01
じよういん,じ,ん,0,high,news1|nf03|nf08
ころころ,こ,ろ,0,high,ichi1
こういしつ,こ,つ,0,high,ichi1|news2|nf37
いんしよくてん,い,ん,0,high,ichi1
はつと,は,と,0,high,ichi1
らぼ,ら,ぼ,0,high,gai1
そんみん,そ,ん,0,high,news1|nf15
でいみぬえんど,で,ど,0,high,gai1
いいん,い,ん,0,high,ichi1|news1|nf01|nf12
すがお,す,お,0,high,ichi1|news1|nf12
しけいしゆう,し,う,0,high,news1|nf16
ふん,ふ,ん,0,high,spec1
はろん,は,ん,0,high,gai1
へくたある,へ,る,0,high,gai1
しんぼりすと,し,と,0,high,gai1
りある,り,る,0,high,gai1
くたばる,く,る,0,high,ichi1
こんふいぎゆれえしよん,こ,ん,0,high,gai1
かつ,か,つ,0,high,gai1|ichi1|news2|nf28|spec1
ちてき,ち,き,0,high,ichi1|news1|nf06
けんかい,け,い,0,high,ichi1|news1|nf02
べえじゆ,べ,ゆ,0,high,gai1
くろと,く,と,0,high,ichi1|news2|nf29
はんこ,は,こ,0,high,ichi1
まんねん,ま,ん,0,high,news1|nf21
おふしいずん,お,ん,0,high,gai1
りぽおと,り,と,0,high,gai1|ichi1
ちようみりよう,ち,う,0,high,ichi1|news1|nf19
ぱあかあ,ぱ,あ,0,high,gai1
いんしゆ,い,ゆ,0,high,news1|nf16
じんけん,じ,ん,0,high,ichi1|news1|nf02
せともの,せ,の,0,high,ichi1
がち,が,ち,0,high,ichi1
さいがい,さ,い,0,high,ichi1|news1|nf03
びつぐ,び,ぐ,0,high,gai1
せちがい,せ,い,0,high,news1|nf07
こおていんぐ,こ,ぐ,0,high,gai1
たがやす,た,す,0,high,ichi1|news2|nf33
いきおい,い,い,0,high,ichi1|news1|nf03
なごろ,な,ろ,0,high,news1|nf15
こけら,こ,ら,0,high,news2|nf36|spec1
さんさく,さ,く,0,high,news1|nf23
かわるがわる,か,る,0,high,ichi1
やそ,や,そ,0,high,news1|nf04|spec1
せつと,せ,と,0,high,gai1|ichi1
ほうしゆう,ほ,う,0,high,ichi1|news1|nf05
だんすい,だ,い,0,high,ichi1|news1|nf22
しやふと,し,と,0,high,gai1
おとつさん,お,ん,0,high,ichi1|news1|nf07
ごしつく,ご,く,0,high,gai1
いけばな,い,な,0,high,ichi1|news2|nf25
しよゆう,し,う,0,high,ichi1|news1|nf05
めきしこ,め,こ,0,high,spec1
げんしち,げ,ち,0,high,news1|nf23
たいげえむ,た,む,0,high,gai1
ちやん,ち,ん,0,high,ichi1|news1|nf01
しようさ,し,さ,0,high,news1|nf15|nf20
りよかくき,り,き,0,high,ichi1|news1|nf13
じつたいちようさ,じ,さ,0,high,news1|nf08
ひとりじめ,ひ,め,0,high,ichi1|news2|nf32
にせもん,に,ん,0,high,ichi1|news1|nf24
たいむ,た,む,0,high,gai1|ichi1
りようほうほう,り,う,0,high,spec1
うつむく,う,く,0,high,ichi1
ちようかん,ち,ん,0,high,ichi1|news1|nf01|nf07
たいら,た,ら,0,high,ichi1
しちらい,し,い,0,high,ichi1|news2|nf31
きがね,き,ね,0,high,ichi1|news2|nf35
のうどう,の,う,0,high,news1|nf24
はずむ,は,む,0,high,ichi1|news2|nf25
ちどり,ち,り,0,high,news1|nf24
もとき,も,き,0,high,news1|nf23
ほお,ほ,お,0,high,ichi1|news2|nf32
くりいれ,く,れ,0,high,news1|nf24|spec1
ぽかぽか,ぽ,か,0,high,ichi1
ぜいきん,ぜ,ん,0,high,ichi1|news1|nf05
りきゆう,り,う,0,high,news1|nf23
りくうど,り,ど,0,high,gai1
ぼすとん,ぼ,ん,0,high,gai1
じえいたい,じ,い,0,high,ichi1|news1|nf01
とらふ,と,ふ,0,high,gai1
おもいなおす,お,す,0,high,ichi1|news2|nf43
ぜいりし,ぜ,し,0,high,news1|nf17
こみかる,こ,る,0,high,gai1
こころづよい,こ,い,0,high,ichi1|news2|nf39
めとろ,め,ろ,0,high,gai1
きび,き,び,0,high,ichi1|news1|nf08
さんど,さ,ど,0,high,gai1|news1|nf13
かじよう,か,う,0,high,ichi1|news1|nf08
いしきてき,い,き,0,high,news1|nf17
いつぽうてき,い,き,0,high,news1|nf05
どうせん,ど,ん,0,high,news1|nf18
ぼつとう,ぼ,う,0,high,ichi1|news1|nf19
ろつど,ろ,ど,0,high,gai1
のりこむ,の,む,0,high,ichi1|news2|nf45
こくしよく,こ,く,0,high,news1|nf23
じやない,じ,い,0,high,spec1
ちりがみ,ち,み,0,high,ichi1
ほおん,ほ,ん,0,high,gai1|ichi1|news1|nf24
えくあどる,え,る,0,high,gai1
くりいんひつと,く,と,0,high,gai1
ちえこ,ち,こ,0,high,gai1
ふえいす,ふ,す,0,high,gai1
りふれつしゆ,り,ゆ,0,high,gai1
ふじようり,ふ,り,0,high,ichi1|news2|nf28
しりこおん,し,ん,0,high,gai1
くわだてる,く,る,0,high,ichi1|news2|nf41
ふほう,ふ,う,0,high,ichi1|news1|nf05
ほすてる,ほ,る,0,high,gai1
しいど,し,ど,0,high,gai1
かくど,か,ど,0,high,ichi1|news1|nf09
さつぱり,さ,り,0,high,ichi1
かいはつぶ,か,ぶ,0,high,news1|nf18
そうですね,そ,ね,0,high,spec1
だれにでも,だ,も,0,high,spec1
よせせき,よ,き,0,high,news1|nf18
こうつう,こ,う,0,high,ichi1|news1|nf02
さんとら,さ,ら,0,high,gai1
ゆうち,ゆ,ち,0,high,news1|nf09
かたる,か,る,0,high,gai1|ichi1|news1|nf09
おもう,お,う,0,high,ichi1|news1|nf02
みちのり,み,り,0,high,news1|nf15|nf24
すぺくとる,す,る,0,high,gai1
きとう,き,う,0,high,news1|nf23
どおく,ど,く,0,high,gai1
えんどれす,え,す,0,high,gai1
むちつじよ,む,よ,0,high,news1|nf24
いれば,い,ば,0,high,ichi1|news2|nf26
てんめつ,て,つ,0,high,ichi1|news2|nf33
おぺれえしよん,お,ん,0,high,gai1
きいわあど,き,ど,0,high,gai1
おおじだい,お,い,0,high,news1|nf24
くりいんあつぷとりお,く,お,0,high,gai1
めつせえじ,め,じ,0,high,gai1|ichi1
いんどしな,い,な,0,high,gai1
あるいは,あ,は,0,high,ichi1
けんあん,け,ん,0,high,news1|nf06
きゆうきよく,き,く,0,high,ichi1|news1|nf12
ちよつと,ち,と,0,high,ichi1
かんたい,か,い,0,high,news1|nf08
てさげ,て,げ,0,high,news1|nf22
たぶ,た,ぶ,0,high,spec1
くぎ,く,ぎ,0,high,ichi1|news1|news2|nf21|nf36
りようしき,り,き,0,high,news1|nf14
のりこえる,の,る,0,high,ichi1|news1|nf17
いまごろ,い,ろ,0,high,ichi1
しかく,し,く,0,high,ichi1|news1|news2|nf03|nf09|nf31
かきあげる,か,る,0,high,news1|nf24
すいりよく,す,く,0,high,ichi1|news1|nf19
いぜん,い,ん,0,high,ichi1|news1|nf03|nf04
じつたい,じ,い,0,high,ichi1|news1|nf02|nf12
ぐらいだあ,ぐ,あ,0,high,gai1
にくむ,に,む,0,high,ichi1|news2|nf43
ぷろじえくたあ,ぷ,あ,0,high,gai1
ちかよる,ち,る,0,high,ichi1|news2|nf38
にせる,に,る,0,high,ichi1|news2|nf38
ふこく,ふ,く,0,high,news1|nf17
りようし,り,し,0,high,ichi1|news1|nf04|nf14
ぎし,ぎ,し,0,high,ichi1|news1|nf10
せいじよう,せ,う,0,high,ichi1|news1|nf02|nf14|nf24
ふえあぷれえ,ふ,え,0,high,gai1
きようつうご,き,ご,0,high,ichi1|news2|nf30
うよく,う,く,0,high,ichi1|news1|nf04
べたべた,べ,た,0,high,ichi1|spec1
きようぎ,き,ぎ,0,high,ichi1|news1|nf01|nf02
おふさいど,お,ど,0,high,gai1
なびげえたあ,な,あ,0,high,gai1
せいしよ,せ,よ,0,high,ichi1|news1|nf14
すうりよう,す,う,0,high,ichi1|news1|nf07
ゆうひ,ゆ,ひ,0,high,ichi1|news1|nf24
ふつうよきん,ふ,ん,0,high,news1|nf13
ようちえん,よ,ん,0,high,ichi1|news1|nf07
しゆけい,し,い,0,high,news1|nf22
まじゆつ,ま,つ,0,high,ichi1|news2|nf26
ざんしん,ざ,ん,0,high,news2|nf29|spec1
ちらばる,ち,る,0,high,ichi1|news2|nf43
ほんじつ,ほ,つ,0,high,ichi1|news1|nf15
すたいる,す,る,0,high,gai1|ichi1
ちしゆ,ち,ゆ,0,high,ichi1|news2|nf37
びくたあ,び,あ,0,high,gai1
みね,み,ね,0,high,ichi1|news1|nf13
ぶろぐ,ぶ,ぐ,0,high,gai1
めぞそぷらの,め,の,0,high,gai1
ぜんいん,ぜ,ん,0,high,ichi1|news1|nf02
おい,お,い,0,high,ichi1|news1|news2|nf13|nf39|spec1
すといつく,す,く,0,high,gai1
たかなみ,た,み,0,high,news1|nf22
どつと,ど,と,0,high,ichi1|spec1
がいせんしや,が,や,0,high,news1|nf14
きようしゆく,き,く,0,high,ichi1|news2|nf25
おぷしよん,お,ん,0,high,gai1
しんしゆん,し,ん,0,high,news1|nf16
すたあ,す,あ,0,high,gai1|ichi1
じやあじい,じ,い,0,high,gai1
ぼらんていあ,ぼ,あ,0,high,gai1
ぬめり,ぬ,り,0,high,news1|nf14
わあきんぐ,わ,ぐ,0,high,gai1
ふうが,ふ,が,0,high,gai1
くない,く,い,0,high,news1|nf04
やすもん,や,ん,0,high,news2|nf40|spec1
わき,わ,き,0,high,ichi1|news1|nf19
よび,よ,び,0,high,ichi1|news1|nf04
かきことば,か,ば,0,high,ichi1
しぐなる,し,る,0,high,gai1
せかんど,せ,ど,0,high,gai1
だいいち,だ,ち,0,high,ichi1
もうしよ,も,よ,0,high,news1|nf10
いきどおり,い,り,0,high,news1|nf17
そのなか,そ,か,0,high,spec1
すいか,す,か,0,high,ichi1|spec1
いとめる,い,る,0,high,news1|nf22
さばいばる,さ,る,0,high,gai1
てつだう,て,う,0,high,ichi1|news2|nf46
ゆうぼく,ゆ,く,0,high,news1|nf19
ぐあてまら,ぐ,ら,0,high,gai1
まいあみ,ま,み,0,high,gai1
くにゆうど,く,ど,0,high,news1|nf09
くうこう,く,う,0,high,ichi1|news1|nf01
ひつきようぐ,ひ,ぐ,0,high,ichi1
けんぜん,け,ん,0,high,ichi1|news1|nf06
こうはんい,こ,い,0,high,news1|nf24
こうがい,こ,い,0,high,ichi1|news1|nf04
えんまん,え,ん,0,high,ichi1|news1|nf16
すなつく,す,く,0,high,gai1
さいんいり,さ,り,0,high,spec1
りつたあかあ,り,あ,0,high,gai1
ぼうえいしせつちよう,ぼ,う,0,high,news1|nf22
うらはら,う,ら,0,high,news1|nf12
ぼおと,ぼ,と,0,high,gai1|ichi1
しんきよく,し,く,0,high,news1|nf18
さかり,さ,り,0,high,ichi1|news1|nf09
かいきゆう,か,う,0,high,ichi1|news1|nf07
にゆうがくしけん,に,ん,0,high,spec1
ばん,ば,ん,0,high,gai1|ichi1|news1|nf07|nf13|nf21|spec1
ごうぎ,ご,ぎ,0,high,news1|nf23
もおにんぐ,も,ぐ,0,high,gai1
ぴんちひつたあ,ぴ,あ,0,high,gai1
めいげつ,め,つ,0,high,ichi1|news2|nf42|nf45
けいひ,け,ひ,0,high,ichi1|news1|nf03
にちじ,に,じ,0,high,ichi1|news1|nf10
じつげん,じ,ん,0,high,ichi1|news1|nf02
ぎそう,ぎ,う,0,high,ichi1|news1|nf20
たくわえる,た,る,0,high,ichi1|news2|nf36
じゆういちがつ,じ,つ,0,high,news1|nf01|spec1
へんこうとどけ,へ,け,0,high,spec1
めろん,め,ん,0,high,gai1
ぜんだいみもん,ぜ,ん,0,high,news1|nf17
とうち,と,ち,0,high,ichi1|news1|nf04|nf06
ゆうぜい,ゆ,い,0,high,news1|nf10
うけとりにん,う,ん,0,high,news1|nf24
があどまん,が,ん,0,high,gai1
はれる,は,る,0,high,ichi1|news2|nf26
ひろめく,ひ,く,0,high,ichi1
ほんしや,ほ,や,0,high,ichi1|news1|nf01
かいじゆう,か,う,0,high,news1|nf19
さしつかえる,さ,る,0,high,ichi1|news2|nf35
おぺ,お,ぺ,0,high,gai1
くちび,く,び,0,high,news1|nf16
ういじえつと,う,と,0,high,gai1
くらふと,く,と,0,high,gai1
さつたば,さ,ば,0,high,news1|nf24
きいほるだあ,き,あ,0,high,gai1
きんずる,き,る,0,high,ichi1|news2|nf33
ねつかちいふ,ね,ふ,0,high,gai1
ろつかあ,ろ,あ,0,high,gai1|ichi1
ほつく,ほ,く,0,high,gai1
まつしよう,ま,う,0,high,ichi1|news2|nf30
げすい,げ,い,0,high,ichi1|news1|nf17
おつり,お,り,0,high,ichi1
せいそう,せ,う,0,high,ichi1|news1|news2|nf09|nf14|nf32
めいさい,め,い,0,high,ichi1|news1|nf20
むにん,む,ん,0,high,ichi1|news1|nf10
すうぱあまあけつと,す,と,0,high,ichi1
ちしまれつとう,ち,う,0,high,news1|nf24
たいざいちゆう,た,う,0,high,spec1
ちいさいころ,ち,ろ,0,high,spec1
がくげい,が,い,0,high,news1|nf07
どつちも,ど,も,0,high,spec1
ぎらぎら,ぎ,ら,0,high,ichi1|spec1
せきゆりていい,せ,い,0,high,gai1
ぐうる,ぐ,る,0,high,gai1
しきぶ,し,ぶ,0,high,news1|nf24
だんぞく,だ,く,0,high,news1|nf11
ばくちく,ば,く,0,high,news1|nf23
ながめる,な,る,0,high,ichi1|news1|nf21
はろういいん,は,ん,0,high,gai1
いのち,い,ち,0,high,ichi1|news1|nf04
じようだん,じ,ん,0,high,ichi1|news1|nf08
とろんぼおん,と,ん,0,high,gai1
こんばいん,こ,ん,0,high,gai1
えつじ,え,じ,0,high,gai1
ちゆうじつ,ち,つ,0,high,ichi1|news1|nf11
じえいぎよう,じ,う,0,high,ichi1
ゆくえ,ゆ,え,0,high,ichi1|news1|nf02
せぞん,せ,ん,0,high,gai1
どうしても,ど,も,0,high,ichi1
ましろ,ま,ろ,0,high,ichi1|news1|nf15
へり,へ,り,0,high,gai1
いぶにんぐ,い,ぐ,0,high,gai1
ろしあ,ろ,あ,0,high,spec1
せんきよ,せ,よ,0,high,ichi1|news1|nf01|nf21
ぷろぽおざる,ぷ,る,0,high,gai1
しつぎよう,し,う,0,high,ichi1|news1|nf03
よこたわる,よ,る,0,high,ichi1|news2|nf42
ぱい,ぱ,い,0,high,gai1
こおらん,こ,ん,0,high,gai1
ひがしぐち,ひ,ち,0,high,news1|nf18
くだける,く,る,0,high,ichi1
あさめし,あ,し,0,high,ichi1
かせつ,か,つ,0,high,ichi1|news1|nf13
さいと,さ,と,0,high,gai1
ようそう,よ,う,0,high,ichi1|news1|nf07
なび,な,び,0,high,gai1
ゆうまでもない,ゆ,い,0,high,news1|nf23
どん,ど,ん,0,high,ichi1|news1|nf17
ちいきしやかい,ち,い,0,high,news1|nf11
なり,な,り,0,high,news1|nf14|spec1
ゆかい,ゆ,い,0,high,ichi1|news1|nf19
きゆうぞう,き,う,0,high,ichi1|news1|nf08
さつぷ,さ,ぷ,0,high,news1|nf16
えこのみすと,え,と,0,high,gai1
ならす,な,す,0,high,ichi1|news2|nf35|nf37
ごんどら,ご,ら,0,high,gai1
かんぜん,か,ん,0,high,ichi1|news1|nf04
しんきよ,し,よ,0,high,news1|nf23
ふらふら,ふ,ら,0,high,ichi1
ゆにいく,ゆ,く,0,high,gai1
りまわり,り,り,0,high,news1|nf06
そまる,そ,る,0,high,ichi1|news2|nf36
こつとん,こ,ん,0,high,gai1|ichi1
たんぼ,た,ぼ,0,high,ichi2|spec1
こうりよ,こ,よ,0,high,ichi1|news1|nf12
とれんでいい,と,い,0,high,gai1
るうちん,る,ん,0,high,gai1
ひつどく,ひ,く,0,high,ichi1
じか,じ,か,0,high,news1|nf09|nf14
あなた,あ,た,0,high,ichi1|news2|nf28
ほうあん,ほ,ん,0,high,news1|nf01
かいあげ,か,げ,0,high,news1|nf16
かれんだあ,か,あ,0,high,gai1|ichi1
はつやい,は,い,0,high,ichi1|news1|news2|nf16|nf31
ぜいこみ,ぜ,み,0,high,news1|nf21
さびる,さ,る,0,high,ichi1
つり,つ,り,0,high,ichi1|news1|nf09
あらの,あ,の,0,high,ichi1|news2|nf25
げねつ,げ,つ,0,high,ichi1|news2|nf44
かんじる,か,る,0,high,ichi1|news1|nf09
として,と,て,0,high,spec1
どらいぶ,ど,ぶ,0,high,gai1|ichi1
ずん,ず,ん,0,high,ichi1|news1|nf06
のぶ,の,ぶ,0,high,gai1
かかり,か,り,0,high,ichi1|news1|nf10
あいそう,あ,う,0,high,ichi1|news1|nf22
のいろおぜ,の,ぜ,0,high,gai1|ichi1
げいいん,げ,ん,0,high,ichi1|news1|nf01
つうぞくてき,つ,き,0,high,ichi1|news2|nf45
あくとく,あ,く,0,high,news1|nf23
でしよう,で,う,0,high,spec1
ざれる,ざ,る,0,high,ichi1
きんがん,き,ん,0,high,ichi1
しんこく,し,く,0,high,ichi1|news1|nf02|nf05
こらむ,こ,む,0,high,gai1
ぞうえき,ぞ,き,0,high,news1|nf10
さしず,さ,ず,0,high,ichi1|news2|nf25
はいうえい,は,い,0,high,gai1|ichi1
けいこうとう,け,う,0,high,ichi1|news2|nf25
うけわたし,う,し,0,high,news1|nf21
わるくち,わ,ち,0,high,ichi1|news1|nf14|spec1
ずきずき,ず,き,0,high,ichi1
こうあん,こ,ん,0,high,news1|nf08
じようじる,じ,る,0,high,ichi1|news2|nf36
しよたいめん,し,ん,0,high,news1|nf21
みんしやとう,み,う,0,high,news1|nf02
いへん,い,ん,0,high,news1|nf12
かんかつ,か,つ,0,high,ichi1|news1|nf12
くらぶかつどう,く,う,0,high,spec1
じぎよう,じ,う,0,high,ichi1|news1|nf01|nf14
めもりい,め,い,0,high,gai1
たいべい,た,い,0,high,news1|nf05
しんこう,し,う,0,high,ichi1|news1|nf04|nf07|nf09|nf10|nf12|nf14
きが,き,が,0,high,ichi1|news1|nf09
かれい,か,い,0,high,ichi1|news1|nf13
かぜぐすり,か,り,0,high,ichi1|news2|nf36
しゆけいきよく,し,く,0,high,news1|nf16
どうせい,ど,い,0,high,ichi1|news1|news2|nf20|nf24|nf40
おしもんどう,お,う,0,high,ichi1|news2|nf40
ぱつど,ぱ,ど,0,high,gai1
あめりかじん,あ,ん,0,high,spec1
つきあたり,つ,り,0,high,ichi1
えきぞちつく,え,く,0,high,gai1
すえ,す,え,0,high,ichi1|news1|nf04
かたがわ,か,わ,0,high,ichi1|news1|nf23
ふおおくぼおる,ふ,る,0,high,gai1
まちがいない,ま,い,0,high,news1|nf13
とろ,と,ろ,0,high,news1|nf22|spec1
いんふるえんざ,い,ざ,0,high,gai1|ichi1
てんい,て,い,0,high,news1|nf21
こていひ,こ,ひ,0,high,news1|nf24
ふいいだ,ふ,だ,0,high,gai1
ほつぺた,ほ,た,0,high,ichi1
つか,つ,か,0,high,news1|nf05
せいあつ,せ,つ,0,high,news1|nf15
わぬ,わ,ぬ,0,high,news1|nf14
りつ,り,つ,0,high,ichi1
しようさん,し,ん,0,high,news1|nf23|spec2
はくがく,は,く,0,high,ichi1
しほんしゆぎ,し,ぎ,0,high,ichi1|news1|nf08
のうち,の,ち,0,high,ichi1|news1|nf07
とうろん,と,ん,0,high,ichi1|news1|nf05
きゆうちよう,き,う,0,high,news1|nf22
おんけい,お,い,0,high,ichi1|news1|nf09
ばつくん,ば,ん,0,high,ichi1|news1|nf11
さんせき,さ,き,0,high,ichi1|news2|nf25
しめつぽい,し,い,0,high,ichi1|news2|nf26
じゆうあつ,じ,つ,0,high,news1|nf13
さんきよう,さ,う,0,high,ichi1|news1|nf22
ほらあ,ほ,あ,0,high,gai1
そうじき,そ,き,0,high,ichi1|news1|nf21
すぴいどうえい,す,い,0,high,spec1
うらがね,う,ね,0,high,news1|nf11
いさん,い,ん,0,high,ichi1|news1|nf07
まつく,ま,く,0,high,gai1
もどる,も,る,0,high,ichi1|news2|nf44
ぷらぐ,ぷ,ぐ,0,high,gai1
ばらんすしいと,ば,と,0,high,gai1
しはつ,し,つ,0,high,ichi1|news1|nf18
もうしこむ,も,む,0,high,ichi1|news2|nf39
さようなら,さ,ら,0,high,ichi1
いそう,い,う,0,high,news1|nf15
ぽりす,ぽ,す,0,high,gai1
てくのろじい,て,い,0,high,gai1|ichi1
ちようぼ,ち,ぼ,0,high,news1|nf13
ほりでえ,ほ,え,0,high,gai1
きらあ,き,あ,0,high,gai1
ちぶさ,ち,さ,0,high,news1|nf19
りいだあしつぷ,り,ぷ,0,high,gai1
おく,お,く,0,high,ichi1|news1|news2|nf07|nf44
せいご,せ,ご,0,high,news1|nf11
めつちやくちや,め,や,0,high,ichi1
によると,に,と,0,high,spec1
しめし,し,し,0,high,news1|nf14
とりえ,と,え,0,high,ichi1
まんのう,ま,う,0,high,ichi1|news1|nf15
いつきよ,い,よ,0,high,news1|nf06
どうが,ど,が,0,high,news1|nf20
さらいねん,さ,ん,0,high,ichi1|news2|nf26
うるとら,う,ら,0,high,gai1
ふそく,ふ,く,0,high,ichi1|news1|nf02
てつしゆう,て,う,0,high,news1|nf11
すききらい,す,い,0,high,ichi1|news2|nf25
たすける,た,る,0,high,ichi1|news1|nf20
ちよめい,ち,い,0,high,ichi1|news1|nf10
ぜいしゆう,ぜ,う,0,high,news1|nf05
くろじ,く,じ,0,high,ichi1|news1|nf02
かれつじ,か,じ,0,high,gai1
じようえい,じ,い,0,high,ichi1|news1|nf07
つうこう,つ,う,0,high,ichi1|news1|nf08
しゆくでん,し,ん,0,high,ichi1|news2|nf27
ひきはなす,ひ,す,0,high,ichi1|news2|nf32
とりくろろえちれん,と,ん,0,high,gai1
えいがかん,え,ん,0,high,ichi1|news1|nf09
なんじ,な,じ,0,high,spec1
ちやれんじ,ち,じ,0,high,gai1
こげる,こ,る,0,high,ichi1|news2|nf25
ふける,ふ,る,0,high,ichi1|news2|nf47
てがた,て,た,0,high,ichi1|news1|nf10
たいいん,た,ん,0,high,ichi1|news1|nf04|nf12
はんばあがあ,は,あ,0,high,gai1|ichi1
しよつきんぐ,し,ぐ,0,high,gai1
いらつしやいませ,い,せ,0,high,ichi1
だあれ,だ,れ,0,high,ichi1|news1|nf13
たらす,た,す,0,high,ichi1|news2|nf36
みすてる,み,る,0,high,ichi1|news2|nf34
そしきてき,そ,き,0,high,news1|nf11
そんななか,そ,か,0,high,spec1
ぜねこん,ぜ,ん,0,high,gai1
わり,わ,り,0,high,ichi1|news1|nf05
あるいみで,あ,で,0,high,spec1
かえんびん,か,ん,0,high,news1|nf18
たてよこ,た,こ,0,high,ichi1
いわい,い,い,0,high,ichi1|news1|nf08
ごうべん,ご,ん,0,high,news1|nf05
だいじ,だ,じ,0,high,ichi1|news1|nf08|nf22
しばふ,し,ふ,0,high,ichi1|news1|nf14
べつもんだい,べ,い,0,high,ichi1|news1|nf20
こうげき,こ,き,0,high,ichi1|news1|nf01
かいつけ,か,け,0,high,news1|nf13
はらいた,は,た,0,high,news1|nf19
かいじつ,か,つ,0,high,news1|nf03
かもしれん,か,ん,0,high,spec1
になう,に,う,0,high,ichi1|news2|nf41
じようせつ,じ,つ,0,high,news1|nf11
すなどけい,す,い,0,high,spec1
めつせ,め,せ,0,high,gai1
うえぶぺえじ,う,じ,0,high,spec1
まいるど,ま,ど,0,high,gai1
ばける,ば,る,0,high,ichi1|news2|nf32
みりよう,み,う,0,high,news1|nf18
ちようき,ち,き,0,high,ichi1|news1|nf02
からかう,か,う,0,high,ichi1
かきぞめ,か,め,0,high,ichi1
こつじき,こ,き,0,high,ichi1|news2|nf37
みうしなう,み,う,0,high,ichi1|news2|nf46
たこやき,た,き,0,high,spec1
だいぎ,だ,ぎ,0,high,news1|nf04
くりけつと,く,と,0,high,gai1
こうちようかい,こ,い,0,high,news1|nf06
けんせい,け,い,0,high,news1|nf16
おとしあな,お,な,0,high,news1|nf19
こうようじゆ,こ,ゆ,0,high,news1|nf24
こきやく,こ,く,0,high,ichi1|news1|nf04
いんよう,い,う,0,high,ichi1|news1|nf17
まつとうする,ま,る,0,high,news1|nf20
ものごころ,も,ろ,0,high,news1|nf23
けんこく,け,く,0,high,news1|nf11
れんぱつ,れ,つ,0,high,news1|nf24
いんてり,い,り,0,high,gai1|ichi1
まらそん,ま,ん,0,high,gai1|ichi1
へいねん,へ,ん,0,high,ichi1|news1|nf08
といや,と,や,0,high,ichi1|news1|nf14
くび,く,び,0,high,ichi1|news1|nf03
くれえたあ,く,あ,0,high,gai1
ばんのう,ば,う,0,high,ichi1|news1|nf15
げんが,げ,が,0,high,news1|nf21
よる,よ,る,0,high,ichi1|news1|news2|nf02|nf45
いりよう,い,う,0,high,ichi1|news1|nf01|nf08
さいえん,さ,ん,0,high,news1|nf20|nf23
たんい,た,い,0,high,ichi1|news1|nf03
あすふあると,あ,と,0,high,gai1|ichi1
のく,の,く,0,high,ichi1|spec1
ばり,ば,り,0,high,news1|nf09|nf13
こそだて,こ,て,0,high,spec1
おぴにおん,お,ん,0,high,gai1
ゆうれい,ゆ,い,0,high,ichi1|news1|nf16
みんげい,み,い,0,high,news1|nf18
ふれえむ,ふ,む,0,high,gai1
てきほう,て,う,0,high,news1|nf15
きじく,き,く,0,high,news1|nf16
ううん,う,ん,0,high,spec1
しんぶん,し,ん,0,high,ichi1|news1|nf01
あてる,あ,る,0,high,ichi1|news1|nf10|nf24
ごつどふああざあ,ご,あ,0,high,gai1
したしむ,し,む,0,high,ichi1|news1|nf12
ぷれみあむ,ぷ,む,0,high,gai1
じだん,じ,ん,0,high,news1|nf23
どろお,ど,お,0,high,gai1
いたみ,い,み,0,high,ichi1|news1|news2|nf05|nf27
いすらえる,い,る,0,high,gai1
ざんそん,ざ,ん,0,high,news1|nf24
れんたる,れ,る,0,high,gai1|ichi1
ほる,ほ,る,0,high,ichi1|news1|news2|nf06|nf27|nf35
しゆさ,し,さ,0,high,news1|nf20
ぷろでゆうす,ぷ,す,0,high,gai1
やくす,や,す,0,high,ichi1|news2|nf32
こおいう,こ,う,0,high,spec1
めざめる,め,る,0,high,ichi1|news2|nf33
しんかい,し,い,0,high,news1|nf20
いとこ,い,こ,0,high,ichi1|spec1
みさお,み,お,0,high,news1|nf14
せいぜい,せ,い,0,high,ichi1
かお,か,お,0,high,ichi1|news1|nf01
さんじゆう,さ,う,0,high,news1|nf01|spec1
こんばあと,こ,と,0,high,gai1
よむ,よ,む,0,high,ichi1|news1|news2|nf12|nf35
おたわ,お,わ,0,high,gai1
べいこく,べ,く,0,high,news1|nf01|nf14
いちがん,い,ん,0,high,news1|nf19
うずまき,う,き,0,high,ichi1|news2|nf33
じゆもく,じ,く,0,high,ichi1|news1|nf09
わろ,わ,ろ,0,high,news1|nf14
なつさけない,な,い,0,high,ichi1|news2|nf45
おおづめ,お,め,0,high,news1|nf07
らとびあ,ら,あ,0,high,gai1
だめ,だ,め,0,high,ichi1|news1|nf24
うごかす,う,す,0,high,ichi1|news1|nf18
ねどこ,ね,こ,0,high,ichi1|news2|nf32
こくど,こ,ど,0,high,ichi1|news1|nf06
かめらまん,か,ん,0,high,gai1|ichi1
おぎ,お,ぎ,0,high,news1|nf20
うく,う,く,0,high,ichi1
でなければ,で,ば,0,high,spec1
としうえ,と,え,0,high,ichi1|news1|nf15
すでに,す,に,0,high,ichi1|news1|nf04
だより,だ,り,0,high,ichi1|news1|nf13
そぼ,そ,ぼ,0,high,ichi1|news1|nf10
きらい,き,い,0,high,ichi1|news1|nf08|nf11
ねこ,ね,こ,0,high,ichi1|news1|nf07
うえぶ,う,ぶ,0,high,gai1
はくがい,は,い,0,high,ichi1|news1|nf14
かつて,か,て,0,high,ichi1|news1|nf15
でんき,で,き,0,high,ichi1|news1|nf02|nf05|nf12|nf14
ぱるさあ,ぱ,あ,0,high,gai1
にせ,に,せ,0,high,ichi1|news1|nf12
こおすたあ,こ,あ,0,high,gai1
よそうがい,よ,い,0,high,news1|nf11
ひようじよう,ひ,う,0,high,ichi1|news1|nf02
しよういん,し,ん,0,high,news1|nf17
しつき,し,き,0,high,ichi1|news1|nf19
ふじちやく,ふ,く,0,high,ichi1|news2|nf44
おりえんたる,お,る,0,high,gai1
はんせい,は,い,0,high,ichi1|news1|nf04|nf16
きたかぜ,き,ぜ,0,high,ichi1|news2|nf25
とくしよ,と,よ,0,high,ichi1|news1|nf05
たはつ,た,つ,0,high,news1|nf16
ようしゆ,よ,ゆ,0,high,ichi1|news1|nf22
ぐりいくらぶ,ぐ,ぶ,0,high,gai1
はくぶつ,は,つ,0,high,news1|nf21
ごおるど,ご,ど,0,high,gai1
たいまあ,た,あ,0,high,gai1
こうしよく,こ,く,0,high,ichi1|news1|nf09|nf11
のうりよく,の,く,0,high,ichi1|news1|nf02
つゆあけ,つ,け,0,high,ichi1|news1|nf18
せきさん,せ,ん,0,high,news1|nf23
ちようじゆ,ち,ゆ,0,high,news1|nf08
みなり,み,り,0,high,ichi1|news2|nf39
ちようるい,ち,い,0,high,news1|nf15
とむ,と,む,0,high,ichi1|news2|nf26
かんもん,か,ん,0,high,ichi1|news1|nf02|nf18
ここ,こ,こ,0,high,ichi1|news1|nf01|nf07
ていしゆつ,て,つ,0,high,ichi1|news1|nf03
しはす,し,す,0,high,ichi1|news1|nf21
びやくえ,び,え,0,high,ichi1|news1|nf23
くき,く,き,0,high,ichi1|news1|nf14
すろつと,す,と,0,high,gai1
きようあく,き,く,0,high,news1|nf16
えんめい,え,い,0,high,news1|nf14
さとう,さ,う,0,high,ichi1|news1|nf08
りつきやく,り,く,0,high,ichi1|news1|nf23
ながもち,な,ち,0,high,ichi1|news1|nf22
さまよう,さ,う,0,high,ichi1
にくがん,に,ん,0,high,ichi1|news2|nf27
ききめ,き,め,0,high,ichi1|news1|nf21
とばし,と,し,0,high,news1|nf09
かいさい,か,い,0,high,ichi1|news1|nf02
やきもち,や,ち,0,high,ichi1
ひとりむすめ,ひ,め,0,high,news1|nf19
うらぎり,う,り,0,high,news1|nf20
ふようい,ふ,い,0,high,news1|nf22
げつがく,げ,く,0,high,news1|nf09
びんぼお,び,お,0,high,ichi1|news1|nf18
なるほど,な,ど,0,high,ichi1|spec1
まぞ,ま,ぞ,0,high,gai1
はらう,は,う,0,high,ichi1|news1|nf21
ちいさい,ち,い,0,high,ichi1|news1|nf24
とおか,と,か,0,high,ichi1|spec1
かめ,か,め,0,high,ichi1|news1|nf11|spec1
じゆり,じ,り,0,high,news1|nf23
じゆうくにち,じ,ち,0,high,spec1
とめる,と,る,0,high,ichi1|news2|nf34
そうとう,そ,う,0,high,ichi1|news1|nf03|nf10|nf23
しようせつか,し,か,0,high,news1|nf17
かぷせる,か,る,0,high,gai1
ゆうごう,ゆ,う,0,high,news1|nf19
きずつく,き,く,0,high,ichi2|news2|nf39|spec1
じゆうしまい,じ,い,0,high,spec1
ふろおずんふうど,ふ,ど,0,high,gai1
けい,け,い,0,high,ichi1|news1|nf03|nf06|nf07|nf11|nf16
みきり,み,り,0,high,news1|nf20
むりよう,む,う,0,high,ichi1|news1|nf02|nf19
ふあくす,ふ,す,0,high,gai1
ちゆうちよ,ち,よ,0,high,news2|nf43|spec1
きようわせい,き,い,0,high,news1|nf21
ばたばた,ば,た,0,high,gai1
しお,し,お,0,high,ichi1|news1|nf06|nf07
ずしよかん,ず,ん,0,high,ichi1|news1|nf05
てんねんきねんぶつ,て,つ,0,high,news1|nf14
おくち,お,ち,0,high,news1|nf23
せんどう,せ,う,0,high,news1|nf18|nf20
ちべつと,ち,と,0,high,gai1
かくへいき,か,き,0,high,ichi1|news1|nf02
しやかいふつき,し,き,0,high,news1|nf20
あつけ,あ,け,0,high,ichi1
りさいたる,り,る,0,high,gai1
ちえろ,ち,ろ,0,high,gai1
このため,こ,め,0,high,spec1
けべつく,け,く,0,high,gai1
しんしつ,し,つ,0,high,ichi1|news1|nf14
ぎだ,ぎ,だ,0,high,news1|nf15
おもてうら,お,ら,0,high,ichi1|news1|nf19
やむ,や,む,0,high,ichi1|news2|nf26
さんけん,さ,ん,0,high,news1|nf18
まんき,ま,き,0,high,news1|nf13
げすと,げ,と,0,high,gai1
ごうとう,ご,う,0,high,ichi1|news1|nf05
ゆらぐ,ゆ,ぐ,0,high,ichi1|news1|nf20
かざとおし,か,し,0,high,news1|nf19
じゆんちよう,じ,う,0,high,ichi1|news1|nf04
まつくら,ま,ら,0,high,ichi1|news1|nf11
おどる,お,る,0,high,ichi1
てびき,て,き,0,high,ichi1|news1|nf24
かくずけ,か,け,0,high,news1|nf18
にちぼつ,に,つ,0,high,news1|nf19
とつしん,と,ん,0,high,news1|nf20
やり,や,り,0,high,news1|nf23
さらうんど,さ,ど,0,high,gai1
こうろう,こ,う,0,high,news1|nf10
たんせい,た,い,0,high,ichi1|news2|nf35|spec2
じんばぶえ,じ,え,0,high,gai1
いつせいに,い,に,0,high,ichi1
しぼむ,し,む,0,high,ichi1
ぐつたり,ぐ,り,0,high,ichi1
たちなおる,た,る,0,high,ichi1|news2|nf35
りんり,り,り,0,high,ichi1|news1|nf03
おんたい,お,い,0,high,ichi1|news2|nf25
てさぐり,て,り,0,high,ichi1|news1|nf24
あかい,あ,い,0,high,ichi1|news1|nf15
ちゆうはい,ち,い,0,high,spec1
じやがいも,じ,も,0,high,ichi1
ちらし,ち,し,0,high,ichi1|news2|nf43|spec1
すら,す,ら,0,high,spec1
ぶつかあ,ぶ,あ,0,high,gai1
だじゆん,だ,ん,0,high,news1|nf23
せいきよう,せ,う,0,high,news1|nf08|nf16|nf17
まい,ま,い,0,high,gai1|ichi1|news1|news2|nf06|nf47|spec1
ですく,で,く,0,high,gai1
ぎよそん,ぎ,ん,0,high,ichi1|news1|nf21
につさん,に,ん,0,high,news1|nf07
がらすど,が,ど,0,high,ichi1
ぐりいんぴいす,ぐ,す,0,high,gai1
ろうどうとう,ろ,う,0,high,news1|nf05
へいぼん,へ,ん,0,high,ichi1|news2|nf29
おおしやん,お,ん,0,high,gai1
ふさぐ,ふ,ぐ,0,high,ichi1
ゆうびんきよく,ゆ,く,0,high,ichi1|news1|nf07
しゆん,し,ん,0,high,spec1
かくべち,か,ち,0,high,ichi1|news1|nf19
くろまく,く,く,0,high,news1|nf23
しさく,し,く,0,high,news1|nf06|nf15
もんどう,も,う,0,high,ichi1|news1|nf20
だりよく,だ,く,0,high,news1|nf13
さつい,さ,い,0,high,news1|nf23
ひんぱん,ひ,ん,0,high,ichi1|news1|nf09
ひとつ,ひ,つ,0,high,ichi1|news1|nf01
つもる,つ,る,0,high,ichi1|news2|nf35
ばあげんせえる,ば,る,0,high,gai1
かんち,か,ち,0,high,news1|nf22|nf24
がやがや,が,や,0,high,ichi1
こうざ,こ,ざ,0,high,news1|nf04|nf05
くりええたあ,く,あ,0,high,gai1
ふるす,ふ,す,0,high,news1|nf22
ばぐだつど,ば,ど,0,high,gai1
すくうる,す,る,0,high,gai1|ichi1
まきば,ま,ば,0,high,ichi1|news1|nf11
ぱあとたいまあ,ぱ,あ,0,high,gai1
こうふく,こ,く,0,high,ichi1|news1|nf11|nf19
せんち,せ,ち,0,high,gai1|ichi1|news1|nf20
こくし,こ,し,0,high,news1|nf17
はつかあ,は,あ,0,high,gai1
こや,こ,や,0,high,ichi1|news1|nf09
くないちよう,く,う,0,high,news1|nf07
もくたん,も,ん,0,high,news1|nf24
てりとりい,て,い,0,high,gai1
よかつたら,よ,ら,0,high,news1|nf08
ふむ,ふ,む,0,high,ichi1|news1|nf19
ぼくちく,ぼ,く,0,high,ichi1|news2|nf31
がんぺき,が,き,0,high,news1|nf19
ぱすた,ぱ,た,0,high,gai1
さし,さ,し,0,high,news1|nf21
りゆうこう,り,う,0,high,ichi1|news1|nf06
えんぎりよく,え,く,0,high,spec1
らくさ,ら,さ,0,high,news1|nf12
せいみつ,せ,つ,0,high,ichi1|news1|nf12
じようしき,じ,き,0,high,ichi1|news1|nf05
はいつ,は,つ,0,high,gai1
じよい,じ,い,0,high,gai1
くるみ,く,み,0,high,spec1
えりすぐり,え,り,0,high,spec1
そうい,そ,い,0,high,ichi1|news1|nf10|nf18|nf20
つまらせる,つ,る,0,high,news1|nf18
げかい,げ,い,0,high,news1|nf18
せんだく,せ,く,0,high,ichi1|news1|nf03|nf09
かんさい,か,い,0,high,news1|nf02|nf20
かき,か,き,0,high,ichi1|news1|news2|nf12|nf13|nf16|nf17|nf32|spec1
きがん,き,ん,0,high,ichi1|news1|nf22
ものれえる,も,る,0,high,gai1
だんすほおる,だ,る,0,high,gai1
いちぶ,い,ぶ,0,high,ichi1|news1|nf01|nf15
てせい,て,い,0,high,news1|nf24
けいこう,け,う,0,high,ichi1|news1|nf02
おせあにあ,お,あ,0,high,gai1
まつしようめん,ま,ん,0,high,news1|nf16
さあど,さ,ど,0,high,gai1
まとまる,ま,る,0,high,ichi1
やりなおし,や,し,0,high,ichi1
だいかん,だ,ん,0,high,news1|nf24
さんぎいん,さ,ん,0,high,ichi1|news1|nf06
ほおむいん,ほ,ん,0,high,gai1
じれんま,じ,ま,0,high,gai1
ひだり,ひ,り,0,high,ichi1|news1|nf01
だいしよう,だ,う,0,high,ichi1|news1|nf12|nf13|nf15
きわめて,き,て,0,high,ichi1
じゆんかん,じ,ん,0,high,ichi1|news1|nf11
たおれる,た,る,0,high,ichi1|news1|nf10
たてふだ,た,だ,0,high,ichi1|news2|nf47
へいおん,へ,ん,0,high,ichi1|news1|nf14
ゆらい,ゆ,い,0,high,ichi1|news1|nf15
おうじよう,お,う,0,high,ichi1|news2|nf42
りす,り,す,0,high,gai1
すぱむ,す,む,0,high,spec1
ぶんこ,ぶ,こ,0,high,ichi1|news1|nf05
いすたんぶうる,い,る,0,high,gai1
らち,ら,ち,0,high,spec1
しゆつしん,し,ん,0,high,ichi1|news1|nf01
かすたまあ,か,あ,0,high,spec1
くもゆき,く,き,0,high,news1|nf21
とつぷう,と,う,0,high,news1|nf24
はやね,は,ね,0,high,ichi1|news2|nf45
けいぶ,け,ぶ,0,high,news1|nf14
たいしよう,た,う,0,high,ichi1|news1|news2|nf01|nf05|nf07|nf13|nf15|nf23|nf33
きんしよく,き,く,0,high,ichi1|news1|nf18
くつつく,く,く,0,high,ichi1
ういんく,う,く,0,high,gai1
とほう,と,う,0,high,news1|nf17
いしぶみ,い,み,0,high,news1|nf09
にくせい,に,い,0,high,news1|nf22
しろぼし,し,し,0,high,news1|nf13
きよしよう,き,う,0,high,news1|nf15
れんじ,れ,じ,0,high,gai1
てつてい,て,い,0,high,ichi1|news1|nf03
なあばす,な,す,0,high,gai1
そうにゆう,そ,う,0,high,ichi1|news2|nf29
こつずい,こ,い,0,high,news1|nf06
かわらけ,か,け,0,high,news1|nf13
どうぞ,ど,ぞ,0,high,ichi1
いそがしい,い,い,0,high,ichi1|news1|nf18
らぶこめ,ら,め,0,high,gai1
まんにん,ま,ん,0,high,ichi1
ぶらんこ,ぶ,こ,0,high,ichi1|spec1
しゆうきよう,し,う,0,high,ichi1|news1|nf02
ばつ,ば,つ,0,high,ichi1
あいてかた,あ,た,0,high,news1|nf17
おんなし,お,し,0,high,ichi1|news2|nf33
はないき,は,き,0,high,news1|nf23
らいはる,ら,る,0,high,news1|nf05
りくろ,り,ろ,0,high,news1|nf18
しきし,し,し,0,high,news1|nf19
ちゆうせいし,ち,し,0,high,news1|nf20
くうらあ,く,あ,0,high,gai1|ichi1
あかじ,あ,じ,0,high,ichi1|news1|nf02
あしすたんと,あ,と,0,high,gai1
さしあげる,さ,る,0,high,ichi1|news2|nf32
ぎじゆつ,ぎ,つ,0,high,ichi1|news1|nf01
あせ,あ,せ,0,high,ichi1|news1|nf05
なにごと,な,と,0,high,ichi1|news1|nf15
ふかまる,ふ,る,0,high,ichi1|news1|nf16
かんぶん,か,ん,0,high,ichi1|news2|nf29
ぱとりおていずむ,ぱ,む,0,high,gai1
げんざい,げ,い,0,high,ichi1|news1|nf01
ぬいめ,ぬ,め,0,high,ichi1|news2|nf38|spec2
すこおぷ,す,ぷ,0,high,gai1
びいんず,び,ず,0,high,spec1
すし,す,し,0,high,ichi1|news2|nf35
きよろきよろ,き,ろ,0,high,ichi1|spec1
わげ,わ,げ,0,high,ichi1|news1|nf03
ふいる,ふ,る,0,high,gai1
くうてん,く,ん,0,high,news1|nf19
うねる,う,る,0,high,ichi1
しゆうえき,し,き,0,high,news1|nf04
さいしき,さ,き,0,high,news1|nf23
はらいつぱい,は,い,0,high,ichi1
たとえば,た,ば,0,high,ichi1|news1|nf02
よろよろ,よ,ろ,0,high,ichi1
きやんぱす,き,す,0,high,gai1|ichi1
ぶんぼ,ぶ,ぼ,0,high,ichi1|news2|nf40
てくにつく,て,く,0,high,gai1|ichi1
そおぷ,そ,ぷ,0,high,gai1
ぷろぐらむ,ぷ,む,0,high,gai1|ichi1
いくら,い,ら,0,high,gai1|ichi1|news2|nf37
ひとむかし,ひ,し,0,high,ichi1|news2|nf25
にしても,に,も,0,high,spec1
しゆうとく,し,く,0,high,ichi1|news1|news2|nf21|nf39
めさき,め,き,0,high,news1|nf14
じんえい,じ,い,0,high,ichi1|news1|nf03|nf22
りゆういき,り,き,0,high,news1|nf10
いいじい,い,い,0,high,gai1
ふるさと,ふ,と,0,high,ichi1|news1|nf06
ほいく,ほ,く,0,high,news1|nf05
からぐるま,か,ま,0,high,ichi1|news2|nf40
こくゆう,こ,う,0,high,ichi1|news1|nf11
ねり,ね,り,0,high,news1|nf17
ろう,ろ,う,0,high,news1|nf23
しま,し,ま,0,high,ichi1|news1|news2|nf02|nf32
しろい,し,い,0,high,ichi1|news1|nf16
ちやつと,ち,と,0,high,gai1
はだか,は,か,0,high,ichi1|news1|nf09
くいちがい,く,い,0,high,ichi1|news1|nf12
しゆうは,し,は,0,high,news1|nf20
にゆうはんぷしやあ,に,あ,0,high,gai1
ふでがしら,ふ,ら,0,high,news1|nf07
みだれる,み,る,0,high,ichi1|news1|nf18
えいじ,え,じ,0,high,news1|nf14
こつし,こ,し,0,high,news1|nf08
どもる,ど,る,0,high,ichi1
まじか,ま,か,0,high,ichi1|news1|nf10
せんとう,せ,う,0,high,ichi1|news1|nf02|nf04|nf18
ひきがね,ひ,ね,0,high,ichi1|news1|nf09
しぶつら,し,ら,0,high,ichi1
じゆうだい,じ,い,0,high,ichi1|news1|nf03|nf11|spec1
つまむ,つ,む,0,high,ichi1|news2|nf31
そうり,そ,り,0,high,ichi1|news1|nf02
おおるないと,お,と,0,high,gai1
れげえ,れ,え,0,high,gai1
たつて,た,て,0,high,spec1
ごうせん,ご,ん,0,high,news1|nf19
せんか,せ,か,0,high,news1|nf10
ずいじ,ず,じ,0,high,news1|nf14
みつりん,み,ん,0,high,news1|nf23
くずれる,く,る,0,high,ichi1|news1|nf08
がぞう,が,う,0,high,ichi1|news1|nf07
ひごうほう,ひ,う,0,high,news1|nf12
かくちよう,か,う,0,high,ichi1|news1|nf11
どうきよう,ど,う,0,high,news1|nf23
なく,な,く,0,high,ichi1
だいいつせん,だ,ん,0,high,news1|nf12
ですが,で,が,0,high,spec1
なじむ,な,む,0,high,spec1
たにがわ,た,わ,0,high,news1|nf07
まにら,ま,ら,0,high,gai1
こうちく,こ,く,0,high,news1|nf04
かおす,か,す,0,high,gai1
しやたい,し,い,0,high,news1|nf13|spec1
さいしんじようほう,さ,う,0,high,spec1
ふあいばあ,ふ,あ,0,high,gai1
ろんり,ろ,り,0,high,ichi1|news1|nf05
なんて,な,て,0,high,ichi1|news2|nf34|spec1
わらいごえ,わ,え,0,high,ichi1|news1|nf24
こうほしや,こ,や,0,high,spec1
いりごみ,い,み,0,high,news1|nf20
はこ,は,こ,0,high,ichi1|news1|nf09
によつて,に,て,0,high,spec1
ちようおんぱ,ち,ぱ,0,high,news1|nf18
いそ,い,そ,0,high,news1|nf01|nf16|spec1
すすむ,す,む,0,high,ichi1|news1|nf24
くびす,く,す,0,high,ichi1
はげまし,は,し,0,high,news1|nf12
わりざん,わ,ん,0,high,ichi1
だんだん,だ,ん,0,high,ichi1|news2|nf38
まあと,ま,と,0,high,gai1
ほんぎよう,ほ,う,0,high,news1|nf11
けいぞくてき,け,き,0,high,news1|nf14
ひんしゆ,ひ,ゆ,0,high,ichi1|news1|nf08
ないめん,な,ん,0,high,ichi1|news1|nf13
しゆうぶん,し,ん,0,high,ichi1
ぶれい,ぶ,い,0,high,ichi1|news2|nf35
へがす,へ,す,0,high,ichi1
わりこみ,わ,み,0,high,news1|nf22
もていいふ,も,ふ,0,high,gai1
みじけえ,み,え,0,high,ichi1|news2|nf25
しんぜん,し,ん,0,high,ichi1|news1|nf09
いくたび,い,び,0,high,ichi1
しようこく,し,く,0,high,news1|nf12
こころぼそい,こ,い,0,high,ichi1|news2|nf45
てがら,て,ら,0,high,ichi1|news2|nf29
せんちやく,せ,く,0,high,ichi1|news1|nf12
えいようがく,え,く,0,high,news1|nf24
はいすくうる,は,る,0,high,gai1
つぶやく,つ,く,0,high,ichi1
ちようもん,ち,ん,0,high,news1|nf16|nf23
けえそんこうほう,け,う,0,high,spec1
ぷんぷん,ぷ,ん,0,high,ichi1
ぱあらあ,ぱ,あ,0,high,gai1
かたまる,か,る,0,high,ichi1|news2|nf40
ぶりつじ,ぶ,じ,0,high,gai1
ぼこう,ぼ,う,0,high,news1|nf13
になると,に,と,0,high,spec1
うんこ,う,こ,0,high,spec1
のすたるじあ,の,あ,0,high,gai1
たんぺん,た,ん,0,high,news1|nf13
こめんと,こ,と,0,high,gai1
おはいお,お,お,0,high,gai1
ばいく,ば,く,0,high,gai1|ichi1
さいこうきゆう,さ,う,0,high,news1|nf20
がいしよう,が,う,0,high,ichi1|news1|nf01|nf18
つつこむ,つ,む,0,high,ichi1|news2|nf31
とだえる,と,る,0,high,ichi1|news2|nf26
おうざ,お,ざ,0,high,news1|nf08
さんくすぎびんぐでえ,さ,え,0,high,gai1
だいがくせい,だ,い,0,high,ichi1
なんというか,な,か,0,high,spec1
まだたく,ま,く,0,high,ichi1
おしやれ,お,れ,0,high,ichi1|spec1
こうゆう,こ,う,0,high,news1|nf20|nf24|spec1
よい,よ,い,0,high,ichi1|news1|nf08|nf17
りめいく,り,く,0,high,gai1
にゆう,に,う,0,high,gai1
むさく,む,く,0,high,news1|nf21
げんかい,げ,い,0,high,ichi1|news1|nf04
こうげい,こ,い,0,high,ichi1|news1|nf08
ぼおく,ぼ,く,0,high,gai1
もうす,も,す,0,high,ichi1|news1|nf21
ぽつぷす,ぽ,す,0,high,gai1
わたくしたち,わ,ち,0,high,ichi1|news2|nf39|spec1
くじびき,く,き,0,high,ichi1|spec1
ちらかる,ち,る,0,high,ichi1|news2|nf46
げんすい,げ,い,0,high,news1|nf18
げんや,げ,や,0,high,news1|nf20
きゆうじつ,き,つ,0,high,ichi1|news1|nf05
やつき,や,き,0,high,news1|nf13
はなたば,は,ば,0,high,ichi1|news1|nf13
むしば,む,ば,0,high,ichi1|news1|nf17
さくねんらい,さ,い,0,high,news1|nf14
せいえん,せ,ん,0,high,news1|nf12
かいだん,か,ん,0,high,ichi1|news1|nf01|nf07|nf20
あつさ,あ,さ,0,high,ichi1|news1|nf08|nf09
いつぱつ,い,つ,0,high,news1|nf07
げんえき,げ,き,0,high,ichi1|news1|nf05
もくと,も,と,0,high,ichi1
べつ,べ,つ,0,high,ichi1
りようとう,り,う,0,high,news1|nf02
そうだい,そ,い,0,high,news1|nf12
いまに,い,に,0,high,ichi1|news1|nf22
ぱにつく,ぱ,く,0,high,gai1
でんごん,で,ん,0,high,ichi1|news1|nf17
ふるい,ふ,い,0,high,ichi1|news1|nf16
ふで,ふ,で,0,high,ichi1|news1|nf09
だけ,だ,け,0,high,news1|nf18|spec1
りむじん,り,ん,0,high,gai1
つぼみ,つ,み,0,high,ichi1|news2|nf36
いちなん,い,ん,0,high,news1|nf15
おうきゆう,お,う,0,high,news1|nf15|nf17
たかまり,た,り,0,high,news1|nf08
われ,わ,れ,0,high,news1|nf14
やまい,や,い,0,high,ichi1
しよぼう,し,う,0,high,news1|nf08
ころにい,こ,い,0,high,gai1
しすてむ,し,む,0,high,gai1|ichi1
しゆつしよう,し,う,0,high,ichi1|news1|nf06
あけ,あ,け,0,high,news1|nf12
なんか,な,か,0,high,ichi1|news1|nf03|nf21|spec1
ひきどき,ひ,き,0,high,news1|nf17
たいつ,た,つ,0,high,gai1
ちんぷ,ち,ぷ,0,high,ichi1|news2|nf34
はつこう,は,う,0,high,ichi1|news1|nf02|nf09|nf17|nf22
ろうか,ろ,か,0,high,ichi1|news1|nf10|nf15
のうぜい,の,い,0,high,ichi1|news1|nf08
へるぱあ,へ,あ,0,high,gai1
いちじつ,い,つ,0,high,ichi1|spec1
ことによる,こ,る,0,high,ichi1
まどわす,ま,す,0,high,ichi1|news1|nf24
ぱんつ,ぱ,つ,0,high,gai1|ichi1
おおいそぎ,お,ぎ,0,high,ichi1
きたぐに,き,に,0,high,news1|nf23
へいまく,へ,く,0,high,news1|nf16
がし,が,し,0,high,ichi1|news1|nf22
とりこわし,と,し,0,high,news1|nf24
ていちよう,て,う,0,high,news1|news2|nf13|nf30|spec1
ぐあい,ぐ,い,0,high,ichi1|news1|nf07
つう,つ,う,0,high,news1|nf21
ちようせん,ち,ん,0,high,ichi1|news1|nf02|nf03
かしや,か,や,0,high,ichi1|news1|news2|nf23|nf27
せいぶつ,せ,つ,0,high,ichi1|news1|nf04
こうひ,こ,ひ,0,high,news1|nf09|nf12
つくり,つ,り,0,high,ichi1|news1|nf06|nf20
そこう,そ,う,0,high,news1|nf20
まるみ,ま,み,0,high,ichi1|news1|nf24
ここあ,こ,あ,0,high,gai1
みりりつとる,み,る,0,high,gai1
じつさい,じ,い,0,high,ichi1|news1|nf02
やわらげる,や,る,0,high,ichi1|news2|nf34
さんふおらいず,さ,ず,0,high,gai1
なんぴと,な,と,0,high,news1|nf07
ほんとお,ほ,お,0,high,ichi1|news1|nf02
おいしい,お,い,0,high,ichi1
とりつぷ,と,ぷ,0,high,gai1
じようちゆう,じ,う,0,high,news1|nf22
つばくら,つ,ら,0,high,ichi1|news1|nf21
りざあぶ,り,ぶ,0,high,gai1
えり,え,り,0,high,ichi1|news1|nf17
なき,な,き,0,high,news1|nf21
じぐざぐ,じ,ぐ,0,high,gai1
やきとり,や,り,0,high,ichi1|news2|nf27
すとつく,す,く,0,high,gai1
みやく,み,く,0,high,ichi1|news1|nf20
べたあ,べ,あ,0,high,gai1
せいしよう,せ,う,0,high,news1|nf23
えきでん,え,ん,0,high,news1|nf10
きようさい,き,い,0,high,news1|nf09|nf12
かわく,か,く,0,high,ichi1
さんこう,さ,う,0,high,ichi1|news1|nf03
ちほうこうむいん,ち,ん,0,high,news1|nf15
てんし,て,し,0,high,news1|nf13
おおとまちつく,お,く,0,high,gai1
ごうけい,ご,い,0,high,ichi1|news1|nf03
いちおく,い,く,0,high,news1|nf03
どのくらい,ど,い,0,high,ichi1|spec1
あつとゆうま,あ,ま,0,high,spec1
れくちやあ,れ,あ,0,high,gai1
ろうねん,ろ,ん,0,high,news1|nf16
えいよう,え,う,0,high,ichi1|news1|nf06
めざまし,め,し,0,high,ichi1|news2|nf38
おなかのこ,お,こ,0,high,spec1
ゆきわたる,ゆ,る,0,high,ichi1|news2|nf38
こころよい,こ,い,0,high,ichi1|news1|nf22
かんぱい,か,い,0,high,ichi1|news1|nf17|nf21
じゆきよう,じ,う,0,high,news1|nf22
かわあい,か,い,0,high,ichi1|news2|nf32
ねつとう,ね,う,0,high,ichi1|news1|nf22
ちやんぴおん,ち,ん,0,high,gai1|ichi1
ぷらす,ぷ,す,0,high,gai1|ichi1
きよぜつ,き,つ,0,high,ichi1|news2|nf32
きゆうし,き,し,0,high,news1|nf19|nf23
おつこ,お,こ,0,high,ichi1|news1|nf01
ちぢめる,ち,る,0,high,ichi1
おば,お,ば,0,high,ichi1|news1|news2|nf10|nf20|nf30
むかんしん,む,ん,0,high,ichi1|news1|nf16
きたあいるらんど,き,ど,0,high,news1|nf17
えめらるど,え,ど,0,high,gai1
やりくり,や,り,0,high,ichi1
ろおぷうえい,ろ,い,0,high,spec1
はて,は,て,0,high,news1|nf15
ちばん,ち,ん,0,high,news1|nf06
みじゆく,み,く,0,high,ichi1|news1|nf18
けえすわあかあ,け,あ,0,high,gai1
じようこう,じ,う,0,high,news1|nf04|nf23|spec1
やつ,や,つ,0,high,ichi1|news1|nf20
ちいむわあく,ち,く,0,high,gai1
でんち,で,ち,0,high,ichi1|news1|nf11
なびく,な,く,0,high,ichi1
しゆうねん,し,ん,0,high,ichi1|news1|nf02|nf11
なんぷん,な,ん,0,high,spec1
ながあめ,な,め,0,high,news1|nf18
こはば,こ,ば,0,high,news1|nf24
けつえき,け,き,0,high,ichi1|news1|nf05
ことがある,こ,る,0,high,spec1
どきゆめんたりい,ど,い,0,high,gai1
こみつしよん,こ,ん,0,high,gai1
こうさい,こ,い,0,high,ichi1|news1|nf04|nf11|nf17
びくびく,び,く,0,high,ichi1
ぴいす,ぴ,す,0,high,gai1
さくしゆん,さ,ん,0,high,news1|nf10
わんぼつくすかあ,わ,あ,0,high,gai1
めが,め,が,0,high,gai1
まなぶ,ま,ぶ,0,high,ichi1|news2|nf25
あつたりめえ,あ,え,0,high,ichi1|news1|nf06
ぱんち,ぱ,ち,0,high,gai1
しゆみつとかめら,し,ら,0,high,gai1
かいおうせい,か,い,0,high,spec1
おしこむ,お,む,0,high,news1|nf24
ぼうはん,ぼ,ん,0,high,news1|nf11
うちようてん,う,ん,0,high,ichi1|news2|nf37
こんぽ,こ,ぽ,0,high,gai1
しようゆ,し,ゆ,0,high,ichi1|news2|nf31
だんしんぐ,だ,ぐ,0,high,gai1
えあばつぐ,え,ぐ,0,high,gai1
にいちやん,に,ん,0,high,news1|nf24
しようしよう,し,う,0,high,ichi1|news1|nf15|nf21
がつと,が,と,0,high,gai1
ぼつき,ぼ,き,0,high,spec1
それでは,そ,は,0,high,ichi1
こううん,こ,ん,0,high,ichi1|news1|nf18
かわら,か,ら,0,high,ichi1|news1|nf09|nf12
もくげき,も,き,0,high,ichi1|news1|nf09
とうじ,と,じ,0,high,ichi1|news1|nf01|nf04|nf13
ほうぶん,ほ,ん,0,high,news1|nf23
へや,へ,や,0,high,ichi1|news1|nf02
につと,に,と,0,high,gai1
こうせいせき,こ,き,0,high,news1|nf17
くちくかん,く,ん,0,high,news1|nf24
まにふえすと,ま,と,0,high,gai1
かがやかしい,か,い,0,high,ichi1|news1|nf18
しやかいきよういく,し,く,0,high,news1|nf19
あたたまる,あ,る,0,high,ichi1|news1|nf24
とぼける,と,る,0,high,ichi1
こうくうけん,こ,ん,0,high,ichi1
さあふいん,さ,ん,0,high,gai1
れじすたあ,れ,あ,0,high,gai1
しゆうきゆう,し,う,0,high,ichi1|news1|nf09
きしようよほうし,き,し,0,high,spec1
さまたげ,さ,げ,0,high,news1|nf21
ぎよせん,ぎ,ん,0,high,ichi1|news1|nf06
さんかしや,さ,や,0,high,news1|nf03
される,さ,る,0,high,spec1
そうぞく,そ,く,0,high,ichi1|news1|nf10
おふいす,お,す,0,high,gai1
ぬうど,ぬ,ど,0,high,gai1
ぱあま,ぱ,ま,0,high,gai1
きびしい,き,い,0,high,ichi1|news1|nf18
はいやく,は,く,0,high,news1|nf22
ふくみ,ふ,み,0,high,news1|nf06
はつけつきゆう,は,う,0,high,news1|nf18
むしよう,む,う,0,high,news1|nf07
ままさん,ま,ん,0,high,spec1
おうごんじだい,お,い,0,high,news1|nf21
くりすたる,く,る,0,high,gai1
けんそん,け,ん,0,high,ichi1
かんざす,か,す,0,high,gai1
こうさいひ,こ,ひ,0,high,news1|nf12
ふりまわす,ふ,す,0,high,news1|nf15
べえとおゔえん,べ,ん,0,high,gai1
ほんるい,ほ,い,0,high,news1|nf14
ごきようりよく,ご,く,0,high,spec1
ふえろもん,ふ,ん,0,high,gai1
にゆうぼう,に,う,0,high,ichi1|news1|nf10|nf19
しやくしよ,し,よ,0,high,ichi1|news1|nf10
ゆうゆう,ゆ,う,0,high,ichi1|news2|nf26
ひつこむ,ひ,む,0,high,ichi1|news2|nf44
いれぶん,い,ん,0,high,gai1
いぎ,い,ぎ,0,high,ichi1|news1|nf04|nf10
くりいなあ,く,あ,0,high,gai1
せらみつく,せ,く,0,high,gai1
おばあちやん,お,ん,0,high,spec1
けいしん,け,ん,0,high,news1|nf22
とくやく,と,く,0,high,news1|nf17
しようじゆう,し,う,0,high,news1|nf12
ひだりつかわ,ひ,わ,0,high,ichi1|news1|nf14
わさび,わ,び,0,high,ichi1
そうぞうりよく,そ,く,0,high,news1|nf21|spec1
にしみなみ,に,み,0,high,news1|nf23
せみなあ,せ,あ,0,high,gai1
たちさる,た,る,0,high,ichi1|news2|nf47
ききよう,き,う,0,high,ichi1|news2|nf25
りようじつ,り,つ,0,high,news1|nf04
ゆるがす,ゆ,す,0,high,ichi1|news1|nf18
しゆしゆつ,し,つ,0,high,ichi1|news1|nf01
しゆうい,し,い,0,high,ichi1|news1|nf03
べんさい,べ,い,0,high,ichi1|news2|nf34
あつりよく,あ,く,0,high,ichi1|news1|nf03
ろおど,ろ,ど,0,high,gai1
そうがく,そ,く,0,high,news1|nf02
きやぷしよん,き,ん,0,high,gai1
せいりよく,せ,く,0,high,ichi1|news1|nf01|nf22
すとらいぷ,す,ぷ,0,high,gai1
ていせん,て,ん,0,high,news1|nf02
げつない,げ,い,0,high,news1|nf17
ひきしめる,ひ,る,0,high,ichi1|ichi2|news2|nf29
じゆんぎよう,じ,う,0,high,news1|nf16
しんがつき,し,き,0,high,ichi1
くだく,く,く,0,high,ichi1
おりえんと,お,と,0,high,gai1
なさけ,な,け,0,high,ichi1|news2|nf32
なげく,な,く,0,high,ichi1
まあかあ,ま,あ,0,high,gai1
けんき,け,き,0,high,news1|nf15
げんじよう,げ,う,0,high,ichi1|news1|nf01|nf02|nf09
そうしゆつ,そ,つ,0,high,news1|nf13
なげこむ,な,む,0,high,news1|nf21
くむ,く,む,0,high,ichi1|news1|nf16
ちゆうえつ,ち,つ,0,high,news1|nf15
ちゆうりつぷ,ち,ぷ,0,high,gai1|ichi1
いつかく,い,く,0,high,news1|nf06
こうりてん,こ,ん,0,high,ichi1|news1|nf09
にひる,に,る,0,high,gai1
えんかつ,え,つ,0,high,ichi1|news1|nf10
つけもの,つ,の,0,high,ichi1|news1|nf18
きんだい,き,い,0,high,ichi1|news1|nf03
なんばあぷれえと,な,と,0,high,gai1
さえあれば,さ,ば,0,high,spec1
のき,の,き,0,high,ichi1|news1|nf17
つうる,つ,る,0,high,gai1
ばけん,ば,ん,0,high,news1|nf14
のたんびに,の,に,0,high,spec1
かかわらず,か,ず,0,high,spec1
こつこ,こ,こ,0,high,news1|nf11
らま,ら,ま,0,high,gai1
へこむ,へ,む,0,high,ichi1
あやつる,あ,る,0,high,ichi1|news2|nf35
きゆうらい,き,い,0,high,news1|nf17
いちにちぢゆう,い,う,0,high,ichi1
せつがい,せ,い,0,high,news1|nf07
てんらんかい,て,い,0,high,ichi1|news1|nf08
どれでも,ど,も,0,high,spec1
やしき,や,き,0,high,ichi1|news1|nf10
でき,で,き,0,high,spec1
だんたい,だ,い,0,high,ichi1|news1|nf01
ねまわし,ね,し,0,high,ichi1|news1|nf11
こらある,こ,る,0,high,gai1
まいばん,ま,ん,0,high,ichi1|news1|nf18
しようめい,し,い,0,high,ichi1|news1|nf06|nf08
まごまご,ま,ご,0,high,ichi1
おおやけ,お,け,0,high,ichi1
にて,に,て,0,high,spec1
ゆうべん,ゆ,ん,0,high,news1|nf20
てにいれる,て,る,0,high,spec1
かつぷ,か,ぷ,0,high,gai1|ichi1
らいど,ら,ど,0,high,gai1
かつえじに,か,に,0,high,ichi1
といあわせる,と,る,0,high,ichi1|news1|nf16
いんたあねつと,い,と,0,high,spec1
ぐうはつ,ぐ,つ,0,high,news1|nf23
あつしゆく,あ,く,0,high,ichi1|news1|nf11
かつてきまま,か,ま,0,high,spec1
じやけつと,じ,と,0,high,gai1
うた,う,た,0,high,ichi1|news1|nf02|nf16
よつかど,よ,ど,0,high,ichi1
しつしん,し,ん,0,high,news2|nf45|spec1
どうぞう,ど,う,0,high,ichi1|news1|nf21
だんせい,だ,い,0,high,ichi1|news1|nf01
たいする,た,る,0,high,ichi1|news2|nf33
おらとりお,お,お,0,high,gai1
なこうど,な,ど,0,high,ichi1|news1|nf21
たび,た,び,0,high,ichi1|news1|nf03
から,か,ら,0,high,ichi1|news1|nf03|nf13|spec1
どうきよ,ど,よ,0,high,ichi1|news1|nf12
かていない,か,い,0,high,news1|nf17
ぼさのば,ぼ,ば,0,high,gai1
かつそう,か,う,0,high,news1|nf08
かんわ,か,わ,0,high,ichi1|news1|nf02
ひゆうまにずむ,ひ,む,0,high,gai1
おおまか,お,か,0,high,ichi1|news2|nf29
うんよう,う,う,0,high,ichi1|news1|nf03
としをとる,と,る,0,high,spec1
ろうれい,ろ,い,0,high,news1|nf14
せとぎわ,せ,わ,0,high,news1|nf18
うつ,う,つ,0,high,ichi1|news1|news2|nf06|nf12|nf43|spec1
みそこなう,み,う,0,high,ichi1
ちゆうかく,ち,く,0,high,ichi1|news1|nf06
とらんきらいざあ,と,あ,0,high,gai1
りいと,り,と,0,high,gai1
ふりつぷふろつぷ,ふ,ぷ,0,high,gai1
じぞく,じ,く,0,high,ichi1|news1|nf08
ぶり,ぶ,り,0,high,ichi1
ざんぎよう,ざ,う,0,high,ichi1|news1|nf08
ほがらか,ほ,か,0,high,ichi1
わらんと,わ,と,0,high,gai1
わかわかしい,わ,い,0,high,ichi1|news2|nf31
なだ,な,だ,0,high,ichi1|news1|nf04|nf12
こりる,こ,る,0,high,ichi1|news2|nf39
きぞん,き,ん,0,high,news1|nf06
まかす,ま,す,0,high,ichi1|news1|nf13
いんねん,い,ん,0,high,news1|nf17
けんきん,け,ん,0,high,news1|nf01
やごう,や,う,0,high,news1|nf18
いんでいあん,い,ん,0,high,gai1
ぼくら,ぼ,ら,0,high,spec1
あくじ,あ,じ,0,high,ichi1|news2|nf32
くろすかんとりい,く,い,0,high,gai1
みな,み,な,0,high,ichi1|news1|nf05
ひやけ,ひ,け,0,high,ichi1|news1|nf21
おふくろ,お,ろ,0,high,ichi1
ぱらぼら,ぱ,ら,0,high,gai1
ざるをえない,ざ,い,0,high,spec1
へいき,へ,き,0,high,ichi1|news1|news2|nf03|nf30
もでいすと,も,と,0,high,gai1
よういく,よ,く,0,high,news1|nf18
ぎだゆう,ぎ,う,0,high,news1|nf18
ここぬか,こ,か,0,high,ichi1|spec1
むらさきいろ,む,ろ,0,high,news1|nf20
じゆせいらん,じ,ん,0,high,news1|nf13
ほいくえん,ほ,ん,0,high,ichi1
よみとり,よ,り,0,high,news1|nf23
おおぜき,お,き,0,high,news1|nf05
まいく,ま,く,0,high,gai1|ichi1
ととかるちよ,と,よ,0,high,gai1
ひようげん,ひ,ん,0,high,ichi1|news1|nf02
たいにち,た,ち,0,high,ichi1|news1|nf03
てじゆん,て,ん,0,high,ichi1|news1|nf09
ほうちよう,ほ,う,0,high,ichi1|news1|nf10
めいゆう,め,う,0,high,news1|nf21|nf23
たんてい,た,い,0,high,news1|nf16
くりすますつりい,く,い,0,high,gai1
かくかん,か,ん,0,high,ichi1|news1|nf11
くつし,く,し,0,high,news1|nf14
ちいさな,ち,な,0,high,spec1
しんたいしようがいしや,し,や,0,high,news1|nf15
ぎじゆつりよく,ぎ,く,0,high,spec1
あかり,あ,り,0,high,ichi1|news1|nf15|spec2
けんせつ,け,つ,0,high,ichi1|news1|nf01
のなか,の,か,0,high,news1|nf14
ていい,て,い,0,high,gai1
ちやあたあ,ち,あ,0,high,gai1
さんこうしよ,さ,よ,0,high,ichi1
あいず,あ,ず,0,high,ichi1|news1|nf16
いちず,い,ず,0,high,news1|nf12
そうげん,そ,ん,0,high,ichi1|news1|nf13
あんふえあ,あ,あ,0,high,gai1
かあど,か,ど,0,high,gai1|ichi1
おびただしい,お,い,0,high,ichi1
おもいきる,お,る,0,high,ichi1|news2|nf38
きづな,き,な,0,high,news1|nf22
べんじよ,べ,よ,0,high,ichi1|news2|nf25
もより,も,り,0,high,news1|nf20
しげき,し,き,0,high,ichi1|news1|nf05
ろんがい,ろ,い,0,high,news1|nf24
しつこう,し,う,0,high,ichi1|news1|nf05
かいざん,か,ん,0,high,spec1
でんとう,で,う,0,high,ichi1|news1|nf02|nf24
ける,け,る,0,high,ichi1
ほどなく,ほ,く,0,high,ichi1
たいきゆう,た,う,0,high,news1|nf12
おし,お,し,0,high,news1|nf08
はいきんぐ,は,ぐ,0,high,gai1|ichi1
ひだりがわ,ひ,わ,0,high,ichi1|news1|nf14
こうごう,こ,う,0,high,ichi1|news1|nf05
せきがいせん,せ,ん,0,high,news1|nf16
かんりしよく,か,く,0,high,news1|nf07
まあじん,ま,ん,0,high,gai1
ひんじ,ひ,じ,0,high,gai1
たに,た,に,0,high,ichi1|news1|nf03
まいのりていい,ま,い,0,high,gai1
みゆうじあむ,み,む,0,high,gai1
ぎぶあつぷ,ぎ,ぷ,0,high,gai1
わりに,わ,に,0,high,ichi1|news2|nf35
ひようろんか,ひ,か,0,high,news1|nf04
ぼう,ぼ,う,0,high,ichi1|news1|nf05|spec1
らく,ら,く,0,high,ichi1|news1|nf13
じや,じ,や,0,high,ichi1|news1|nf16|spec1
いた,い,た,0,high,ichi1|news1|nf08
にほんりようり,に,り,0,high,spec1
ふろんていあ,ふ,あ,0,high,gai1
めるくまある,め,る,0,high,gai1
しぜんかんきよう,し,う,0,high,spec1
いてん,い,ん,0,high,ichi1|news1|nf04
だつしゆつ,だ,つ,0,high,ichi1|news1|nf07
てんすう,て,う,0,high,ichi1|news1|nf10
けんちくし,け,し,0,high,news1|nf23
こうとうがつこう,こ,う,0,high,ichi1|news1|nf15
じようずる,じ,る,0,high,ichi1
りにあもおたあかあ,り,あ,0,high,gai1
とりしまりやく,と,く,0,high,ichi1|news1|nf03
すかうと,す,と,0,high,gai1
るいすい,る,い,0,high,ichi1|news2|nf37
おおきい,お,い,0,high,ichi1|news1|nf07
ああく,あ,く,0,high,gai1
せんじようざい,せ,い,0,high,spec1
あだぷたあ,あ,あ,0,high,gai1
いきぎれ,い,れ,0,high,ichi1|news2|nf35
しんがいねん,し,ん,0,high,spec1
こくえ,こ,え,0,high,news1|nf23
しゆずつ,し,つ,0,high,ichi1|news1|nf03
れいはい,れ,い,0,high,news1|nf15
のろま,の,ま,0,high,ichi1
かんぬし,か,し,0,high,ichi1|news2|nf38
しらは,し,は,0,high,news1|nf23
げんさんち,げ,ち,0,high,news1|nf23
めんたるへるす,め,す,0,high,gai1
じよじよに,じ,に,0,high,news1|nf05
りようあし,り,し,0,high,news1|nf15
ふきげん,ふ,ん,0,high,ichi1|news2|nf26
はなばなしい,は,い,0,high,ichi1|news2|nf30
かんゆう,か,う,0,high,news1|nf13
みんしゆてき,み,き,0,high,news1|nf09
てつたい,て,い,0,high,news1|nf02
いや,い,や,0,high,ichi1|news1|nf07|spec1
めがみ,め,み,0,high,news1|nf17
しようきやく,し,く,0,high,news1|nf11|nf14
とかく,と,く,0,high,ichi1
せんざい,せ,い,0,high,ichi1|news1|nf08|nf11
どじ,ど,じ,0,high,ichi1|news1|nf01
りんりてき,り,き,0,high,news1|nf24
いとなみ,い,み,0,high,news1|nf19
おとこ,お,こ,0,high,ichi1|news1|nf01
とりぷる,と,る,0,high,gai1
わいど,わ,ど,0,high,gai1
べた,べ,た,0,high,gai1
みつゆ,み,ゆ,0,high,ichi1|news1|nf09
じゆうしん,じ,ん,0,high,ichi1|news1|nf20
さんい,さ,い,0,high,news1|nf20
おんなのひと,お,と,0,high,spec1
ぱらぼらあんてな,ぱ,な,0,high,gai1
つうれつ,つ,つ,0,high,ichi1|news1|nf16
うさぎ,う,ぎ,0,high,ichi1|news2|nf32
せつもん,せ,ん,0,high,news1|nf13
しよくじ,し,じ,0,high,ichi1|news1|nf03
ねつと,ね,と,0,high,gai1
けいよう,け,う,0,high,news1|nf22
いんりようすい,い,い,0,high,ichi1
とらんく,と,く,0,high,gai1
てんが,て,が,0,high,ichi1|news1|nf04|nf12
ぐるうぷほおむ,ぐ,む,0,high,spec1
まんぼ,ま,ぼ,0,high,gai1
だろう,だ,う,0,high,spec1
ちゆうき,ち,き,0,high,news1|nf06
にくたい,に,い,0,high,ichi1|news1|nf11
いばる,い,る,0,high,ichi1|news2|nf45
すてれおたいぷ,す,ぷ,0,high,gai1
じたく,じ,く,0,high,ichi1|news1|nf01
ほうにち,ほ,ち,0,high,news1|nf03
あんち,あ,ち,0,high,gai1
そんがいほけん,そ,ん,0,high,news1|nf13
あきかぜ,あ,ぜ,0,high,ichi1|news2|nf29
みちくさ,み,さ,0,high,ichi1
あわあ,あ,あ,0,high,gai1
まくる,ま,る,0,high,ichi1
しやしん,し,ん,0,high,ichi1|news1|nf01
はがき,は,き,0,high,ichi1|spec1
へだて,へ,て,0,high,news1|nf21
なんもん,な,ん,0,high,ichi1|news1|nf09
おらんだ,お,だ,0,high,spec1
やすもの,や,の,0,high,news2|nf40|spec1
きめる,き,る,0,high,ichi1|news1|nf22
にんじゆ,に,ゆ,0,high,ichi1|news1|nf06
まかなう,ま,う,0,high,ichi1|news2|nf27
えいきよう,え,う,0,high,ichi1|news1|nf01
ないん,な,ん,0,high,gai1
たいおん,た,ん,0,high,ichi1|news1|nf14
あたいする,あ,る,0,high,ichi1|news2|nf29
よとう,よ,う,0,high,ichi1|news1|nf01
きやつぷ,き,ぷ,0,high,gai1
ばしゆ,ば,ゆ,0,high,news1|nf23
こうとうきよういく,こ,く,0,high,spec1
かとれや,か,や,0,high,gai1
ふおおると,ふ,と,0,high,gai1
たち,た,ち,0,high,ichi1|news1|nf11
ごれんらく,ご,く,0,high,spec1
こえ,こ,え,0,high,ichi1|news1|nf01|nf17
しだいに,し,に,0,high,ichi1|news1|nf06
もりすだんす,も,す,0,high,gai1
とりまとめる,と,る,0,high,news1|nf12
ほぜん,ほ,ん,0,high,news1|nf03
きゆうてい,き,い,0,high,news1|nf19
ひはん,ひ,ん,0,high,ichi1|news1|nf01
えいが,え,が,0,high,ichi1|news1|nf01
せまる,せ,る,0,high,ichi1|news1|nf03
がろん,が,ん,0,high,gai1
めつた,め,た,0,high,ichi1|news2|nf46
ぜろつくす,ぜ,す,0,high,gai1
そつちよく,そ,く,0,high,ichi1|news1|nf05
くにびと,く,と,0,high,news1|nf09
くりえいていぶ,く,ぶ,0,high,spec1
やんきい,や,い,0,high,gai1
ばんぜん,ば,ん,0,high,news1|nf10
ぷれすくらぶ,ぷ,ぶ,0,high,gai1
ものいい,も,い,0,high,news1|nf22
しゆつぱんしや,し,や,0,high,ichi1|news1|nf05
へいさ,へ,さ,0,high,ichi1|news1|nf05
すみやか,す,か,0,high,ichi1|news1|nf08
くたくた,く,た,0,high,ichi1
かいい,か,い,0,high,ichi1
こうえきほうじん,こ,ん,0,high,news1|nf15
よそおう,よ,う,0,high,ichi1|news1|nf21
げじゆん,げ,ん,0,high,ichi1|news1|nf05
いつさくねん,い,ん,0,high,ichi1|news1|nf02
いたわる,い,る,0,high,ichi1
もすぐりいん,も,ん,0,high,gai1
てきはつ,て,つ,0,high,ichi1|news1|nf07
あやふや,あ,や,0,high,ichi1
ゆさい,ゆ,い,0,high,news1|nf16
おくそく,お,く,0,high,news1|nf11
ほうちゆう,ほ,う,0,high,news1|nf04
やせい,や,い,0,high,ichi1|news1|news2|nf06|nf30
ああちえりい,あ,い,0,high,gai1
あばれる,あ,る,0,high,ichi1|news1|nf23
じようじゆう,じ,う,0,high,news1|nf12
にんにく,に,く,0,high,spec1
しんり,し,り,0,high,ichi1|news1|nf04|nf09|nf10
もちこむ,も,む,0,high,ichi1|news1|nf07
もんごりずむ,も,む,0,high,gai1
すけえと,す,と,0,high,gai1|ichi1
けいと,け,と,0,high,ichi1|news2|nf26
えいせいてき,え,き,0,high,ichi1|news2|nf42
さよう,さ,う,0,high,ichi1|news1|nf09
あくりる,あ,る,0,high,gai1
くつだらねえ,く,え,0,high,ichi1
ふかかい,ふ,い,0,high,ichi1|news2|nf39
はんさよう,は,う,0,high,ichi1|news2|nf42
かもめ,か,め,0,high,spec1
あとがき,あ,き,0,high,ichi1|news2|nf46
あやしむ,あ,む,0,high,ichi1|news2|nf47
じこく,じ,く,0,high,ichi1|news1|nf06|nf09
ゆさぶり,ゆ,り,0,high,news1|nf15
もんだい,も,い,0,high,ichi1|news1|nf01
がつしり,が,り,0,high,ichi1
ちり,ち,り,0,high,gai1|ichi1|news1|nf10
すえつこ,す,こ,0,high,ichi1|news2|nf25
ぐんぷく,ぐ,く,0,high,news1|nf21
ていねい,て,い,0,high,ichi1|news1|nf09
きまり,き,り,0,high,ichi1|news1|nf24
なう,な,う,0,high,gai1
すなわち,す,ち,0,high,ichi1|news2|nf43
にんき,に,き,0,high,ichi1|news1|nf01|nf03
もみずむ,も,む,0,high,gai1
もんよう,も,う,0,high,news1|news2|nf21|nf38
めしあがる,め,る,0,high,ichi1|news2|nf45
りくるうたあ,り,あ,0,high,gai1
はなぞの,は,の,0,high,news1|nf12
かせん,か,ん,0,high,ichi1|news1|nf07|nf22
びようよみ,び,み,0,high,ichi1|news1|nf21
とうほう,と,う,0,high,news1|nf12|nf20|nf22
えりあ,え,あ,0,high,gai1
たんしよ,た,よ,0,high,ichi1|news1|news2|nf22|nf27
ふりよう,ふ,う,0,high,ichi1|news1|nf06
てく,て,く,0,high,gai1
てんこく,て,く,0,high,ichi1|news1|nf10
ゆうし,ゆ,し,0,high,news1|nf01|nf10
けつそく,け,く,0,high,news1|nf07
とろい,と,い,0,high,gai1
しゆのうぶ,し,ぶ,0,high,news1|nf23
うちゆう,う,う,0,high,ichi1|news1|nf02
ほんし,ほ,し,0,high,news1|nf09
ななつ,な,つ,0,high,ichi1|news1|nf13
せいかん,せ,ん,0,high,news1|nf23|nf24
せかいかん,せ,ん,0,high,news1|nf24
くらいまつくす,く,す,0,high,gai1
どれくらい,ど,い,0,high,spec1
じゆうやく,じ,く,0,high,ichi1|news1|nf17
ちえあ,ち,あ,0,high,gai1
ばたあ,ば,あ,0,high,gai1|ichi1
あんい,あ,い,0,high,ichi1|news1|nf07
ほうじる,ほ,る,0,high,ichi1|news1|nf22
じゆうふく,じ,く,0,high,ichi1|news1|nf18
とつこうやく,と,く,0,high,news1|nf20
しも,し,も,0,high,ichi1|news2|nf25
ほんど,ほ,ど,0,high,news1|nf11
さいしようげん,さ,ん,0,high,ichi1|news1|nf08
せいこう,せ,う,0,high,ichi1|news1|nf03|nf12|nf19|nf22|nf24
ねたむ,ね,む,0,high,ichi1
ちゆうげん,ち,ん,0,high,news1|nf06|nf14
げんたい,げ,い,0,high,news1|nf22
あぷろおち,あ,ち,0,high,gai1
げんきゆう,げ,う,0,high,news1|nf11|nf18
ちよくれつ,ち,つ,0,high,ichi1|news2|nf38
みずいろ,み,ろ,0,high,ichi1|news2|nf28
なんびやく,な,く,0,high,ichi1|news1|nf18
のおさいど,の,ど,0,high,gai1
じゆうぶん,じ,ん,0,high,ichi1|news1|nf02|spec1
じさ,じ,さ,0,high,ichi1|news1|nf14
びゆうていふる,び,る,0,high,gai1
こうみんけん,こ,ん,0,high,news1|nf14
もつぱら,も,ら,0,high,ichi1|news2|nf27
かるがりい,か,い,0,high,gai1
かぶか,か,か,0,high,news1|nf02
きふく,き,く,0,high,news1|nf20
しりこん,し,ん,0,high,gai1
ごうい,ご,い,0,high,ichi1|news1|nf01
くつせつ,く,つ,0,high,ichi1|news2|nf33
うずめる,う,る,0,high,ichi1
よろん,よ,ん,0,high,ichi1|news1|nf02
あえん,あ,ん,0,high,news1|nf23
りよこう,り,う,0,high,ichi1|news1|nf02
きんいろ,き,ろ,0,high,ichi1|news1|nf18
つかう,つ,う,0,high,ichi1|news1|nf02
あらいもの,あ,の,0,high,ichi1|news2|nf45
ひじ,ひ,じ,0,high,ichi1
ためん,た,ん,0,high,ichi1|news1|nf20
にゆうこく,に,く,0,high,ichi1|news1|nf07
いからせる,い,る,0,high,news1|nf20
せんす,せ,す,0,high,gai1|ichi1|news2|nf26
なかにわ,な,わ,0,high,ichi1|news1|nf17
きんびようぶ,き,ぶ,0,high,news1|nf19
こんやくしや,こ,や,0,high,news1|nf20
うんどうじよう,う,う,0,high,ichi1|news2|nf26
でんせんびよう,で,う,0,high,news1|nf16
べすと,べ,と,0,high,gai1|ichi1
かみなり,か,り,0,high,ichi1|news1|nf11
こてえじ,こ,じ,0,high,gai1
ばいぱす,ば,す,0,high,gai1
てんいん,て,ん,0,high,ichi1|news1|nf07
ちんちん,ち,ん,0,high,spec1
とつこうたい,と,い,0,high,news1|nf18
きげん,き,ん,0,high,ichi1|news1|news2|nf03|nf14|nf16|nf32
じんぶつ,じ,つ,0,high,ichi1|news1|nf02
ひつぴい,ひ,い,0,high,gai1
のおまあく,の,く,0,high,gai1
のろい,の,い,0,high,ichi1
なみ,な,み,0,high,ichi1|news1|nf04|nf12
ひつぱる,ひ,る,0,high,ichi1|news1|nf19
ていいばつく,て,く,0,high,spec1
ていけい,て,い,0,high,ichi1|news1|nf06|nf22
きゆうとう,き,う,0,high,news1|nf15
さんよう,さ,う,0,high,news1|nf13
だんわ,だ,わ,0,high,ichi1|news1|nf07
ねとまり,ね,り,0,high,news1|nf24
あいどく,あ,く,0,high,ichi1|news1|nf22
きはん,き,ん,0,high,ichi1|news1|nf14
かたよる,か,る,0,high,ichi1|news2|nf34
せいしよくしや,せ,や,0,high,news1|nf23
かさなる,か,る,0,high,ichi1|news2|nf45
だんかい,だ,い,0,high,ichi1|news1|nf01|nf14
うずまる,う,る,0,high,ichi1|news2|nf28
りゆうこうか,り,か,0,high,ichi1|news2|nf28
ながら,な,ら,0,high,spec1
ばくふ,ば,ふ,0,high,news1|nf15
ゆきとどく,ゆ,く,0,high,ichi1
によじつ,に,つ,0,high,news1|nf19
たとうう,た,う,0,high,spec1
このかん,こ,ん,0,high,ichi1
いやく,い,く,0,high,news1|nf21
いちりよう,い,う,0,high,news1|nf22
らいだあ,ら,あ,0,high,gai1
のりこし,の,し,0,high,ichi1
みどる,み,る,0,high,gai1
けいじばん,け,ん,0,high,ichi1
まゆ,ま,ゆ,0,high,ichi1|news1|nf22
きとくけん,き,ん,0,high,news1|nf16
しやべつ,し,つ,0,high,ichi1|news1|nf03
りはびりてえしよん,り,ん,0,high,gai1
ついとつ,つ,つ,0,high,ichi1|news2|nf28
しゆうず,し,ず,0,high,gai1|ichi1
さだか,さ,か,0,high,news1|nf20
ゆうえんち,ゆ,ち,0,high,ichi1|news1|nf15
けわしい,け,い,0,high,ichi1|news2|nf31
みつど,み,ど,0,high,ichi1|news1|nf13
とばす,と,す,0,high,ichi1|news2|nf26
ひつしになつて,ひ,て,0,high,spec1
えつせえ,え,え,0,high,gai1
こうのう,こ,う,0,high,news1|nf22
べつじん,べ,ん,0,high,news1|nf15
くちどめ,く,め,0,high,ichi1|news2|nf46
がめん,が,ん,0,high,ichi1|news1|nf04
そんりつ,そ,つ,0,high,news1|nf24
ぎようせいしよぶん,ぎ,ん,0,high,news1|nf13
らんどせる,ら,る,0,high,gai1
いちにんまえ,い,え,0,high,ichi1|news1|nf16
かいなか,か,か,0,high,spec1
にじゆうななにち,に,ち,0,high,spec1
ぴつちやあ,ぴ,あ,0,high,gai1
くろぼし,く,し,0,high,news1|nf16
うらおもて,う,て,0,high,ichi1|news2|nf27
がぼつと,が,と,0,high,gai1
きよがく,き,く,0,high,news1|nf04
さほう,さ,う,0,high,news1|nf19
はいふ,は,ふ,0,high,ichi1|news1|nf12
はいらいと,は,と,0,high,gai1
れんらく,れ,く,0,high,ichi1|news1|nf02
みつりよう,み,う,0,high,news1|nf19
はきげ,は,げ,0,high,news1|nf17
はんじ,は,じ,0,high,ichi1|news1|nf06
まぎらわしい,ま,い,0,high,ichi1|news2|nf44
ゆく,ゆ,く,0,high,ichi1
とうにん,と,ん,0,high,ichi1|news1|nf20
かねあい,か,い,0,high,news1|nf23
かがくぎじゆつ,か,つ,0,high,spec1
かどう,か,う,0,high,news1|nf12
しよちゆうみまい,し,い,0,high,ichi1
せかいじゆう,せ,う,0,high,spec1
はやあい,は,い,0,high,ichi1|news1|news2|nf16|nf31
ふくしよう,ふ,う,0,high,news1|nf11
がりばあ,が,あ,0,high,gai1
ちがいない,ち,い,0,high,ichi1
おそれ,お,れ,0,high,ichi1|news1|nf02
かみくず,か,ず,0,high,ichi1
てりいぬ,て,ぬ,0,high,gai1
げんしよく,げ,く,0,high,news1|nf03
きゆうへん,き,ん,0,high,ichi1|news2|nf26
すぱいす,す,す,0,high,gai1
きぶん,き,ん,0,high,ichi1|news1|nf03
よつとはあばあ,よ,あ,0,high,gai1
てなんと,て,と,0,high,gai1
こんぜつ,こ,つ,0,high,news1|nf17
へんさち,へ,ち,0,high,ichi1|news1|nf07
あくしでんと,あ,と,0,high,gai1
ふりこ,ふ,こ,0,high,news1|nf23
たちいりきんし,た,し,0,high,ichi1
のきなみ,の,み,0,high,ichi1|news2|nf31
しんぺん,し,ん,0,high,news1|nf18
ぶひん,ぶ,ん,0,high,ichi1|news1|nf03
ぽおたぶる,ぽ,る,0,high,gai1
かいちよう,か,う,0,high,ichi1|news1|nf01|nf19
ふりかえ,ふ,え,0,high,news1|nf13
くも,く,も,0,high,ichi1|news1|news2|nf06|nf37
よあけ,よ,け,0,high,ichi1|news1|nf14
まぐねつと,ま,と,0,high,gai1
もんぶしよう,も,う,0,high,ichi1|news1|nf03
しんぴ,し,ぴ,0,high,ichi1|news1|nf20
ぜんよう,ぜ,う,0,high,news1|nf09
きおく,き,く,0,high,ichi1|news1|nf04
すいそう,す,う,0,high,news1|nf13
はるやすみ,は,み,0,high,news1|nf24
こうむいん,こ,ん,0,high,ichi1|news1|nf05
はいそ,は,そ,0,high,news1|nf16
すうかげつ,す,つ,0,high,spec1
かいしやく,か,く,0,high,ichi1|news1|nf05
はぐ,は,ぐ,0,high,ichi1
みしん,み,ん,0,high,gai1|ichi1
たいようけい,た,い,0,high,news1|nf24
くろうと,く,と,0,high,ichi1|news2|nf29
とりたて,と,て,0,high,news1|nf22
きもの,き,の,0,high,ichi1|news1|nf09
くうぼ,く,ぼ,0,high,news1|nf12
わたしじしん,わ,ん,0,high,spec1
ひんめい,ひ,い,0,high,ichi1|news2|nf25
ふきようわおん,ふ,ん,0,high,news1|nf16
みため,み,め,0,high,ichi1
こんくうる,こ,る,0,high,gai1|ichi1
ぜんぼう,ぜ,う,0,high,news2|nf36|spec1
ぱのらま,ぱ,ま,0,high,gai1
さいにゆう,さ,う,0,high,news1|nf09
げんけい,げ,い,0,high,news1|nf16|nf19
わけ,わ,け,0,high,ichi1|news1|nf01|nf05|nf22
きり,き,り,0,high,ichi1|news1|nf10|nf11|nf17
みなと,み,と,0,high,ichi1|news1|nf04
てきさす,て,す,0,high,gai1
ようち,よ,ち,0,high,ichi1|news1|news2|nf06|nf32
そうもく,そ,く,0,high,ichi1|news1|nf24
おわり,お,り,0,high,ichi1|news1|nf05
うらぐち,う,ち,0,high,ichi1|news1|nf24
げつぷ,げ,ぷ,0,high,ichi1
しみる,し,る,0,high,ichi1|news2|nf40
けつぼう,け,う,0,high,ichi1|news2|nf29
もつとも,も,も,0,high,ichi1|news1|nf01
くろい,く,い,0,high,ichi1|news1|nf18
てはい,て,い,0,high,ichi1|news1|nf17
みまい,み,い,0,high,ichi1|news1|nf11
くうち,く,ち,0,high,ichi1
いずこ,い,こ,0,high,ichi1|news2|nf47
しゆふ,し,ふ,0,high,ichi1|news1|nf02
いちまい,い,い,0,high,news1|nf06
ぶんがくしや,ぶ,や,0,high,ichi1|news1|nf15
りようくう,り,う,0,high,ichi1|news1|nf16
どろつぷ,ど,ぷ,0,high,gai1
きやぴたるげいん,き,ん,0,high,gai1
つれていく,つ,く,0,high,ichi1|spec1
れえん,れ,ん,0,high,gai1
なまり,な,り,0,high,ichi1|news1|nf13
ついちよう,つ,う,0,high,news1|nf11
にごる,に,る,0,high,ichi1|news2|nf28
うちあげ,う,げ,0,high,news1|nf06
しようりよく,し,く,0,high,news1|nf15
ときほぐす,と,す,0,high,news1|nf13
ほゆう,ほ,う,0,high,news1|nf04
でいくしよなり,で,り,0,high,gai1
さま,さ,ま,0,high,ichi1
はへい,は,い,0,high,news1|nf08
さあちらいと,さ,と,0,high,gai1
やはり,や,り,0,high,ichi1
ごうほう,ご,う,0,high,ichi1|news1|nf10
かぶつ,か,つ,0,high,ichi1|news1|nf06|nf09
せいはんたい,せ,い,0,high,news1|nf20
のはら,の,ら,0,high,ichi1|news1|nf24
えいよ,え,よ,0,high,news1|nf15
ぱせり,ぱ,り,0,high,gai1
こいする,こ,る,0,high,ichi1|news2|nf36
うたう,う,う,0,high,ichi1|news1|nf15
かね,か,ね,0,high,ichi1|news1|nf12|spec1
うちこむ,う,む,0,high,ichi1|news1|nf21
きようちよう,き,う,0,high,ichi1|news1|news2|nf03|nf26
たくえつ,た,つ,0,high,news1|nf23
あんこおる,あ,る,0,high,gai1
せんど,せ,ど,0,high,news1|nf19
くらやみ,く,み,0,high,ichi1
ひんきやく,ひ,く,0,high,ichi1|news1|nf21
せいしんはくじやく,せ,く,0,high,news1|nf21
わあど,わ,ど,0,high,gai1
ぺんち,ぺ,ち,0,high,ichi1
かんこんそうさい,か,い,0,high,ichi1|news1|nf21
ろうじやくだんじよ,ろ,よ,0,high,spec1
きつい,き,い,0,high,ichi1
けんしき,け,き,0,high,news1|nf17
かないろ,か,ろ,0,high,ichi1|news1|nf18
いずれか,い,か,0,high,spec1
おでん,お,ん,0,high,spec1
まなつ,ま,つ,0,high,ichi1|news1|nf14
までなら,ま,ら,0,high,spec1
りせい,り,い,0,high,ichi1|news1|nf17
らあげ,ら,げ,0,high,gai1
もくひよう,も,う,0,high,ichi1|news1|nf01
ざいや,ざ,や,0,high,news1|nf20
かいしよ,か,よ,0,high,ichi1|news2|nf37
やや,や,や,0,high,ichi1
からて,か,て,0,high,ichi1|news1|nf20
きかんしや,き,や,0,high,ichi1|news1|nf20
あきれる,あ,る,0,high,ichi1
はつぴい,は,い,0,high,gai1
うりあげだか,う,か,0,high,news1|nf04
あたかも,あ,も,0,high,ichi1
すこつち,す,ち,0,high,gai1
はいむ,は,む,0,high,gai1
ひしひし,ひ,し,0,high,ichi1
しごとはじめ,し,め,0,high,spec1
しいそおげえむ,し,む,0,high,gai1
はらはら,は,ら,0,high,gai1|ichi1
せいねんだん,せ,ん,0,high,news1|nf23
てきよう,て,う,0,high,ichi1|news1|nf04
ぺにしりん,ぺ,ん,0,high,gai1
けつかん,け,ん,0,high,ichi1|news1|nf06|nf10
すぐ,す,ぐ,0,high,ichi1
ぱとろおる,ぱ,る,0,high,gai1
はぶらし,は,し,0,high,ichi1|news1|nf21
じよそう,じ,う,0,high,news1|nf21
けんどう,け,う,0,high,ichi1|news1|nf11|nf17
あどりぶ,あ,ぶ,0,high,gai1
くがつ,く,つ,0,high,news1|nf01|spec1
そうだん,そ,ん,0,high,ichi1|news1|nf02
てのひら,て,ら,0,high,ichi1|news1|nf16
ふとつぱら,ふ,ら,0,high,news1|nf18
るり,る,り,0,high,news2|nf36|spec1
しようがく,し,く,0,high,news1|nf05|nf16|nf17|nf23
ふつとわあく,ふ,く,0,high,gai1
ぎこう,ぎ,う,0,high,news1|nf21
そとみ,そ,み,0,high,ichi1|news1|nf15
びつぐばん,び,ん,0,high,gai1
きじ,き,じ,0,high,ichi1|news1|nf01|nf12
きしん,き,ん,0,high,ichi1
けみよう,け,う,0,high,news1|nf14
べつめい,べ,い,0,high,ichi1|news1|nf19
ほくせい,ほ,い,0,high,ichi1|news1|nf09
かんげい,か,い,0,high,ichi1|news1|nf04
もにゆめんと,も,と,0,high,gai1
いきごみ,い,み,0,high,news1|nf10
きんみつ,き,つ,0,high,news1|nf07
ひんし,ひ,し,0,high,ichi1
じゆんび,じ,び,0,high,ichi1|news1|nf02
はきよく,は,く,0,high,ichi1|news1|nf19
じゆちゆう,じ,う,0,high,news1|nf04
ぞうご,ぞ,ご,0,high,news1|nf22
しずけさ,し,さ,0,high,news1|nf21
ぷつしゆ,ぷ,ゆ,0,high,gai1
つうたつ,つ,つ,0,high,ichi1|news1|nf07
つうじ,つ,じ,0,high,news1|nf10
あんらくし,あ,し,0,high,news1|nf14
ぺきん,ぺ,ん,0,high,news1|nf01
ぐりいんふいい,ぐ,い,0,high,gai1
しゆりよく,し,く,0,high,news1|nf04
はいにち,は,ち,0,high,ichi1
ふともも,ふ,も,0,high,spec1
うつる,う,る,0,high,ichi1|news1|news2|nf17|nf28|nf38
ぎようざ,ぎ,ざ,0,high,ichi1|news2|nf45
りようごく,り,く,0,high,news1|nf01
えどじだい,え,い,0,high,spec1
ついたち,つ,ち,0,high,ichi1|spec1
てれびばんぐみ,て,み,0,high,spec1
ゆにほおむ,ゆ,む,0,high,gai1
なお,な,お,0,high,ichi1|news1|nf05
ひとりで,ひ,で,0,high,ichi1
はこぶ,は,ぶ,0,high,ichi1|news1|nf06
ひつかける,ひ,る,0,high,ichi1|news2|nf39
さくや,さ,や,0,high,ichi1|news1|nf21
じれい,じ,い,0,high,news1|nf08|nf20
きみ,き,み,0,high,ichi1|news1|nf08
かんか,か,か,0,high,ichi1|news1|nf23
しやかいうんどう,し,う,0,high,news1|nf24
ぶていつく,ぶ,く,0,high,gai1
しよてい,し,い,0,high,news1|nf12
こうり,こ,り,0,high,ichi1|news1|nf14
りようさん,り,ん,0,high,news1|nf16
じゆうじろ,じ,ろ,0,high,ichi1|news2|nf36
もちいえ,も,え,0,high,news1|nf15
けえす,け,す,0,high,gai1|ichi1
たんぽ,た,ぽ,0,high,ichi1|news1|nf04
まるめこむ,ま,む,0,high,ichi1
につめる,に,る,0,high,ichi1|news2|nf46
ねつく,ね,く,0,high,gai1|ichi1
きようみ,き,み,0,high,ichi1|news1|nf04
らつか,ら,か,0,high,ichi1|news1|nf17
みせば,み,ば,0,high,news1|nf23
あいとう,あ,う,0,high,news1|nf18
しぬ,し,ぬ,0,high,ichi1|news2|nf46
かざしも,か,も,0,high,ichi1|news2|nf31
てんらく,て,く,0,high,news1|nf13
さど,さ,ど,0,high,gai1
どうじる,ど,る,0,high,ichi1|news2|nf33
すうぱあちええん,す,ん,0,high,gai1
こうせいのう,こ,う,0,high,news1|nf14
ひようか,ひ,か,0,high,ichi1|news1|nf02
ゆきどまり,ゆ,り,0,high,ichi1
ぱあとたいむ,ぱ,む,0,high,gai1
しゆのう,し,う,0,high,ichi1|news1|nf01
あまえ,あ,え,0,high,news1|nf19
ふかしん,ふ,ん,0,high,news1|nf15
はあばあ,は,あ,0,high,gai1
てうす,て,す,0,high,news1|nf24
ばいばい,ば,い,0,high,ichi1|news1|nf03
ようてん,よ,ん,0,high,ichi1|news2|nf26
ふうりん,ふ,ん,0,high,ichi1|news2|nf34
てつどう,て,う,0,high,ichi1|news1|nf03
まんいち,ま,ち,0,high,ichi1|news1|nf16
すいぶん,す,ん,0,high,ichi1|news1|nf11
いつつう,い,う,0,high,news1|nf19
げしゆたぽ,げ,ぽ,0,high,gai1
はやく,は,く,0,high,ichi1
げや,げ,や,0,high,news1|nf19
いんせんていぶ,い,ぶ,0,high,gai1
ほんとに,ほ,に,0,high,ichi1
けいざいがく,け,く,0,high,spec1
たいや,た,や,0,high,gai1|ichi1
ようもう,よ,う,0,high,ichi1|news2|nf27
はやおき,は,き,0,high,ichi1|news2|nf32
ずらす,ず,す,0,high,ichi1
ぐい,ぐ,い,0,high,spec1
しゆみ,し,み,0,high,ichi1|news1|nf05
とういつかん,と,ん,0,high,spec1
じしよく,じ,く,0,high,ichi1|news1|nf04
いちおう,い,う,0,high,ichi1|news1|nf09
はてしない,は,い,0,high,ichi1|news2|nf33
せんにん,せ,ん,0,high,news1|nf14|nf18
くつせえ,く,え,0,high,ichi1
じえつと,じ,と,0,high,gai1
ほいくじよ,ほ,よ,0,high,ichi1|news1|nf11
しにたい,し,い,0,high,news1|nf24
ちゆうごく,ち,く,0,high,news1|nf01
みばらい,み,い,0,high,news1|nf13
むさぼる,む,る,0,high,ichi1
りようりん,り,ん,0,high,news1|nf21
でりいと,で,と,0,high,gai1
かいちゆう,か,う,0,high,news1|nf13
こころから,こ,ら,0,high,news1|nf08|spec1
ぷらいむれえと,ぷ,と,0,high,gai1
かいけつ,か,つ,0,high,ichi1|news1|nf01
せそう,せ,う,0,high,ichi1|news1|nf15
どう,ど,う,0,high,ichi1|news1|news2|nf05|nf06|nf18|nf19|nf32
こはく,こ,く,0,high,news2|nf39|spec1
ろんぎ,ろ,ぎ,0,high,news1|nf01
せんべい,せ,い,0,high,ichi1
とうほく,と,く,0,high,news1|nf02
もうふ,も,ふ,0,high,ichi1|news1|nf13
ながい,な,い,0,high,ichi1|news1|nf15
じばん,じ,ん,0,high,news1|nf06
こどもたち,こ,ち,0,high,spec1
にじゆつさい,に,い,0,high,ichi1
かたち,か,ち,0,high,ichi1|news1|nf01
ていすいじゆん,て,ん,0,high,news1|nf13
しやあぷぺんしる,し,る,0,high,gai1|ichi1
せんかん,せ,ん,0,high,news1|nf22
おもたい,お,い,0,high,ichi1
こぎつて,こ,て,0,high,ichi1|news1|nf10
じじつむこん,じ,ん,0,high,news1|nf18
じゆりつ,じ,つ,0,high,news1|nf04
びあがあでん,び,ん,0,high,gai1
とうじる,と,る,0,high,ichi1|news1|nf19
おおぷんせつと,お,と,0,high,gai1
とりしまりほう,と,う,0,high,news1|nf10
だが,だ,が,0,high,spec1
ということは,と,は,0,high,spec1
あしすと,あ,と,0,high,gai1
るああ,る,あ,0,high,gai1
はじしらず,は,ず,0,high,ichi1
ばらあど,ば,ど,0,high,gai1
おまいり,お,り,0,high,ichi1|news2|nf36
ほつと,ほ,と,0,high,spec1
せんせい,せ,い,0,high,ichi1|news1|nf02|nf06|nf16
かとき,か,き,0,high,ichi1|news1|nf17
しつない,し,い,0,high,ichi1|news1|nf05
さいせいき,さ,き,0,high,news1|nf15
かくじつけん,か,ん,0,high,news1|nf07
はいぐうしや,は,や,0,high,ichi1|news1|nf10
ぬの,ぬ,の,0,high,ichi1|news1|nf06
どなりこむ,ど,む,0,high,news1|nf23
ぬうべる,ぬ,る,0,high,gai1
さんじゆうにち,さ,ち,0,high,spec1
はつちようせん,は,ん,0,high,spec1
ばつくねつと,ば,と,0,high,gai1
ばすたあ,ば,あ,0,high,gai1
がいねん,が,ん,0,high,ichi1|news1|nf07
ちようじや,ち,や,0,high,news1|nf17
ぐたいてき,ぐ,き,0,high,ichi1|news1|nf01
ちちゆう,ち,う,0,high,ichi1|news1|news2|nf14|nf37
かいぞう,か,う,0,high,ichi1|news1|nf04
おしだし,お,し,0,high,news1|nf13
ようえき,よ,き,0,high,news1|nf23
しよめん,し,ん,0,high,news1|nf13
きつど,き,ど,0,high,gai1
しゆうちやくえき,し,き,0,high,ichi1|news2|nf32
まいご,ま,ご,0,high,ichi1|news2|nf30
そこ,そ,こ,0,high,ichi1|news1|nf04|spec1
かいがいりよこう,か,う,0,high,spec1
じようおう,じ,う,0,high,ichi1|news1|nf06
ぽけつとべる,ぽ,る,0,high,gai1
せばんごう,せ,う,0,high,news1|nf14
せいせん,せ,ん,0,high,news1|nf15|nf16
かしだし,か,し,0,high,ichi1|news1|nf08|spec1
でんぴよう,で,う,0,high,news1|nf18
すかあれつと,す,と,0,high,gai1
だいみよう,だ,う,0,high,news1|nf15
みまもる,み,る,0,high,ichi1|news2|nf40
なぽれおん,な,ん,0,high,gai1
しゆうるれありずむ,し,む,0,high,gai1
うりあげきん,う,ん,0,high,news1|nf16
たき,た,き,0,high,ichi1|news1|nf08|nf10|nf16
けわい,け,い,0,high,ichi1|news1|nf05
にゆうか,に,か,0,high,ichi1|news1|nf24
せきしよく,せ,く,0,high,news1|nf24|spec1
ぐりいんすくうる,ぐ,る,0,high,gai1
じゆうよつか,じ,か,0,high,spec1
らいしゆう,ら,う,0,high,ichi1|news1|nf06
かおつき,か,き,0,high,ichi1|news2|nf32|spec1
がつち,が,ち,0,high,news1|nf12
ごまかす,ご,す,0,high,ichi1
よべ,よ,べ,0,high,news1|nf18
かいなん,か,ん,0,high,news1|nf17
しりあす,し,す,0,high,gai1
せんぬき,せ,き,0,high,ichi1
てつだい,て,い,0,high,ichi1|news1|nf12
あく,あ,く,0,high,ichi1|news1|nf05|spec1
ふたがる,ふ,る,0,high,ichi1
おとなしい,お,い,0,high,ichi1
ろんちよう,ろ,う,0,high,news1|nf13
じゆうんぶらいど,じ,ど,0,high,gai1
かてん,か,ん,0,high,news1|nf13
すうぱあすたあ,す,あ,0,high,gai1
たいいくかん,た,ん,0,high,spec1
かう,か,う,0,high,ichi1|news1|news2|nf10|nf26
わくせい,わ,い,0,high,news1|nf13
とくせん,と,ん,0,high,news1|nf20
たたずむ,た,む,0,high,ichi1
まつぷ,ま,ぷ,0,high,gai1
まきぞえ,ま,え,0,high,ichi1|news2|nf25
てんのうへいか,て,か,0,high,news1|nf06
ついげき,つ,き,0,high,news1|nf20
よこめ,よ,め,0,high,news1|nf18
こうき,こ,き,0,high,ichi1|news1|nf06|nf07
いつしゆうねん,い,ん,0,high,news1|nf17
じはく,じ,く,0,high,ichi1|news1|nf11
かたな,か,な,0,high,ichi1|news1|nf12
かんしゆう,か,う,0,high,ichi1|news1|nf11|nf15
たてる,た,る,0,high,ichi1
しあわせ,し,せ,0,high,ichi1|news1|nf09
とり,と,り,0,high,ichi1|news1|news2|nf04|nf14|nf32|spec1
はじさらし,は,し,0,high,ichi1
すやすや,す,や,0,high,ichi1
ちよつか,ち,か,0,high,news1|nf15
ないふ,な,ふ,0,high,gai1|ichi1
ぺつさりい,ぺ,い,0,high,gai1
あじと,あ,と,0,high,gai1
さかな,さ,な,0,high,ichi1|ichi2|news1|nf03
けぶ,け,ぶ,0,high,ichi1|news1|nf07
しようきん,し,ん,0,high,ichi1|news1|nf04
かんがるう,か,う,0,high,gai1
だいやく,だ,く,0,high,news1|nf21
ざらざら,ざ,ら,0,high,ichi1|spec1
じゆうようせい,じ,い,0,high,spec1
ぎじよう,ぎ,う,0,high,news1|nf10
わあぷろ,わ,ろ,0,high,gai1|ichi1
ちゆうしよく,ち,く,0,high,ichi1|news1|nf05
かおぶれ,か,れ,0,high,ichi1|news1|news2|nf10|nf34
いみよう,い,う,0,high,news1|nf15
でんし,で,し,0,high,ichi1|news1|nf04
ふち,ふ,ち,0,high,ichi1|news1|nf05|nf16
けいしや,け,や,0,high,ichi1|news1|nf12
じまく,じ,く,0,high,news1|nf16
ほうしやせい,ほ,い,0,high,news1|nf07
はしりはばとび,は,び,0,high,news1|nf17
あたま,あ,ま,0,high,ichi1
おとろえる,お,る,0,high,ichi1|news2|nf26
ちゆういぶかい,ち,い,0,high,ichi1
とうどり,と,り,0,high,news1|nf05
ほうしようきん,ほ,ん,0,high,news1|nf23
ぴりおど,ぴ,ど,0,high,gai1|ichi1
ひあい,ひ,い,0,high,news1|nf21
くちよう,く,う,0,high,news1|nf08
かつぷりんぐしゆがあ,か,あ,0,high,gai1
では,で,は,0,high,ichi1
かえりみる,か,る,0,high,ichi1|news2|nf42|nf47
きはく,き,く,0,high,news1|nf14|nf15
ひとで,ひ,で,0,high,ichi1|news1|nf17
ふどうさんや,ふ,や,0,high,ichi1
いちぶぶん,い,ん,0,high,ichi1|news1|nf24
さんだあばあど,さ,ど,0,high,gai1
こんぶ,こ,ぶ,0,high,ichi1|news2|nf28
まちがい,ま,い,0,high,ichi1|news1|nf07
そうたいてき,そ,き,0,high,ichi1|news1|nf13
がろう,が,う,0,high,news1|nf09
ゆきづまり,ゆ,り,0,high,news1|nf16
すうぱあばいざあ,す,あ,0,high,gai1
かもしれない,か,い,0,high,ichi1
きゆうゆじよ,き,よ,0,high,ichi1
りいす,り,す,0,high,gai1
けいえい,け,い,0,high,ichi1|news1|nf01
いきのこり,い,り,0,high,news1|nf09
へいわ,へ,わ,0,high,ichi1|news1|nf01
ぱつしよん,ぱ,ん,0,high,gai1
むえん,む,ん,0,high,ichi1|news1|nf08
きようじゆつ,き,つ,0,high,news1|nf06
くすぐつたい,く,い,0,high,ichi1
くりつ,く,つ,0,high,news1|nf09
かさい,か,い,0,high,ichi1|news1|nf05|nf14
しりうす,し,す,0,high,gai1
どんぐり,ど,り,0,high,spec1
ひやくえんしよつぷ,ひ,ぷ,0,high,spec1
じようきやく,じ,く,0,high,ichi1|news1|nf04
にしがわ,に,わ,0,high,news1|nf02
ごうせいせんざい,ご,い,0,high,news1|nf22
すいつち,す,ち,0,high,gai1|ichi1
あじつけ,あ,け,0,high,news1|nf19
しゆつこく,し,く,0,high,ichi1|news1|nf11
ちかどう,ち,う,0,high,ichi1|news1|nf24
しようばい,し,い,0,high,ichi1|news1|nf06
りきし,り,し,0,high,news1|nf06
はんかち,は,ち,0,high,gai1|ichi1
げんたん,げ,ん,0,high,news1|nf09
しりお,し,お,0,high,ichi1
おかす,お,す,0,high,ichi1|news1|news2|nf17|nf31|nf34
ごうはん,ご,ん,0,high,ichi1|news1|nf24
こべつほうもん,こ,ん,0,high,news1|nf19
かべ,か,べ,0,high,ichi1|news1|nf02
しよかん,し,ん,0,high,news1|nf06|nf12
ぜんぱい,ぜ,い,0,high,news1|nf11
けいざいてき,け,き,0,high,ichi1|news1|nf04
つづき,つ,き,0,high,ichi1|news1|nf09
ろうすい,ろ,い,0,high,news1|nf10
もはん,も,ん,0,high,ichi1|news1|nf18
くにうど,く,ど,0,high,news1|nf09
にんげんかんけい,に,い,0,high,news1|nf08
えきべん,え,ん,0,high,ichi1|news1|nf22
てつきよ,て,よ,0,high,news1|nf07
たしかめる,た,る,0,high,ichi1|news1|nf20
まつとう,ま,う,0,high,spec1
めたりつく,め,く,0,high,gai1
はらつぱ,は,ぱ,0,high,ichi1|news2|nf32
そうべつ,そ,つ,0,high,ichi1|news2|nf28
かんげん,か,ん,0,high,ichi1|news1|nf09
ゆおう,ゆ,う,0,high,news1|nf11
じつだん,じ,ん,0,high,news1|nf16
まちあいしつ,ま,つ,0,high,ichi1
まどれえぬ,ま,ぬ,0,high,gai1
ふかい,ふ,い,0,high,ichi1|news1|nf17|nf23
ひようさつ,ひ,つ,0,high,ichi1|news2|nf37
おにぎり,お,り,0,high,ichi1
ふあんたじい,ふ,い,0,high,gai1
りばうんど,り,ど,0,high,gai1
わかもの,わ,の,0,high,ichi1|news1|nf02
せいじゆく,せ,く,0,high,ichi1|news1|nf13
どだい,ど,い,0,high,ichi1|news1|nf11
たんじゆう,た,う,0,high,news1|nf16
しんしや,し,や,0,high,news1|nf08
さつまいも,さ,も,0,high,ichi1|spec1
えばあ,え,あ,0,high,gai1
ところどころ,と,ろ,0,high,ichi1|news2|nf32
しい,し,い,0,high,news1|nf13
あて,あ,て,0,high,ichi1|news1|nf01|nf15
せんり,せ,り,0,high,news1|nf12
しんし,し,し,0,high,ichi1|news1|nf05|nf09|nf20|nf23
ひとごころ,ひ,ろ,0,high,news1|nf18
ひやつかじてん,ひ,ん,0,high,ichi1|news1|nf22
でんちゆう,で,う,0,high,ichi1|news1|nf20
はつさん,は,ん,0,high,ichi1|news2|nf36
かんちよう,か,う,0,high,ichi1|news1|nf05|nf09|nf21
ねんじゆう,ね,う,0,high,ichi1|news1|nf16
すりる,す,る,0,high,gai1|ichi1
あろまてらぴい,あ,い,0,high,spec1
いちなか,い,か,0,high,news1|nf07
はあどかばあ,は,あ,0,high,gai1
じんい,じ,い,0,high,news1|nf23
とちようちよう,と,う,0,high,spec1
はいびすかす,は,す,0,high,gai1
もしかしたら,も,ら,0,high,ichi1
りせつしよん,り,ん,0,high,gai1
とうやく,と,く,0,high,news1|nf22
けいゆう,け,う,0,high,ichi1|news1|nf07
もす,も,す,0,high,ichi1|ichi2|news2|nf45
ろけ,ろ,け,0,high,gai1
かなしみ,か,み,0,high,ichi1|news1|nf07
けんにん,け,ん,0,high,news1|nf22
たがいちがい,た,い,0,high,ichi1
にやあ,に,あ,0,high,spec1
いちぢるしい,い,い,0,high,ichi1|news2|nf47
ぽりいぷ,ぽ,ぷ,0,high,gai1
たのしみ,た,み,0,high,ichi1|news1|nf04
ずじよう,ず,う,0,high,news1|nf18
いらすとれえたあ,い,あ,0,high,gai1
みうける,み,る,0,high,news1|nf23
こんびにえんす,こ,す,0,high,gai1
とりけし,と,し,0,high,ichi1|news1|nf07
ぐらすふあいばあ,ぐ,あ,0,high,gai1
どうはん,ど,ん,0,high,ichi1|news1|nf23
おまえ,お,え,0,high,ichi1|news1|nf22
ゆうやけ,ゆ,け,0,high,ichi1|news2|nf29
じゆうゆ,じ,ゆ,0,high,news1|nf20
しつせき,し,き,0,high,news1|nf15
みんい,み,い,0,high,news1|nf10
なにびと,な,と,0,high,news1|nf07
へき,へ,き,0,high,ichi1|news1|nf02|nf23
おどかす,お,す,0,high,ichi1|news1|nf18
どうじつ,ど,つ,0,high,news1|nf01
じゆうみん,じ,ん,0,high,ichi1|news1|nf01
はんぐ,は,ぐ,0,high,gai1
しいむれす,し,す,0,high,gai1
すきん,す,ん,0,high,gai1
じにん,じ,ん,0,high,ichi1|news1|nf02|nf18
ひかんてき,ひ,き,0,high,ichi1
げんぎ,げ,ぎ,0,high,news1|nf22
けんきゆうかん,け,ん,0,high,news1|nf22
わりびきさい,わ,い,0,high,news1|nf13
せんえん,せ,ん,0,high,spec1
なかゆび,な,び,0,high,ichi1|news2|nf33
せがむ,せ,む,0,high,ichi1
よきん,よ,ん,0,high,ichi1|news1|nf03
やよい,や,い,0,high,news1|nf10
たいした,た,た,0,high,ichi1
へくと,へ,と,0,high,gai1
ようふく,よ,く,0,high,ichi1|news1|nf11
しほう,し,う,0,high,ichi1|news1|nf04|nf11
きぎ,き,ぎ,0,high,news1|nf19
ひとりびとり,ひ,り,0,high,ichi1|news2|nf36
ひへい,ひ,い,0,high,news1|nf22
さみつと,さ,と,0,high,gai1
らいぶらりい,ら,い,0,high,gai1
むせきにん,む,ん,0,high,ichi1|news1|nf12
ここちいい,こ,い,0,high,spec1
えんしゆつ,え,つ,0,high,ichi1|news1|nf03
いいぶん,い,ん,0,high,news1|nf11
なんべい,な,い,0,high,news1|nf07
じやく,じ,く,0,high,ichi1
りはびり,り,り,0,high,gai1
つよき,つ,き,0,high,ichi1|news1|nf06
あきびと,あ,と,0,high,ichi1|news1|nf13
ごと,ご,と,0,high,ichi1
よびかける,よ,る,0,high,ichi1|news1|nf16|spec1
つぐ,つ,ぐ,0,high,ichi1|news1|nf16|nf24
あじ,あ,じ,0,high,ichi1|news1|nf03
なつがい,な,い,0,high,ichi1|news1|nf15
はんそう,は,う,0,high,news1|nf21
すごい,す,い,0,high,ichi1|spec1
ちめいしよう,ち,う,0,high,news1|nf23
すいじやく,す,く,0,high,news1|nf24
たわあ,た,あ,0,high,gai1|ichi1
ごおるでん,ご,ん,0,high,gai1
そふとぼおる,そ,る,0,high,gai1
だけれども,だ,も,0,high,spec1
こばるとぶるう,こ,う,0,high,gai1
うらめん,う,ん,0,high,news1|nf19
こころみ,こ,み,0,high,ichi1|news1|nf04
くいいん,く,ん,0,high,gai1
いつて,い,て,0,high,news1|nf14
べえしつく,べ,く,0,high,gai1
しゆつたい,し,い,0,high,news1|nf09
とくべつかかく,と,く,0,high,spec1
とりくむ,と,む,0,high,ichi1|news2|nf37
ええ,え,え,0,high,ichi1
けいしよう,け,う,0,high,ichi1|news1|nf06|nf09|nf15
こうつうもう,こ,う,0,high,news1|nf23
あいつら,あ,ら,0,high,spec1
しな,し,な,0,high,ichi1
えりまき,え,き,0,high,ichi1
ぎもんてん,ぎ,ん,0,high,spec1
くかん,く,ん,0,high,ichi1|news1|nf07
とだな,と,な,0,high,ichi1|news2|nf39
すとらいく,す,く,0,high,gai1
じやす,じ,す,0,high,gai1
ありがとうございます,あ,す,0,high,spec1
ぼつらく,ぼ,く,0,high,ichi1|news2|nf31
じようけんつき,じ,き,0,high,news1|nf09
ちようせき,ち,き,0,high,news1|nf21
ないらん,な,ん,0,high,news1|nf20
あらゆる,あ,る,0,high,ichi1
どうぎてきせきにん,ど,ん,0,high,news1|nf17
じようえん,じ,ん,0,high,ichi1|news1|nf07
てきおう,て,う,0,high,ichi1|news1|nf12
じんじいどう,じ,う,0,high,news1|nf22
きのむくままに,き,に,0,high,spec1
すうええでん,す,ん,0,high,spec1
じゆうがた,じ,た,0,high,news1|nf12
ざぶとん,ざ,ん,0,high,ichi1|news2|nf27
とおく,と,く,0,high,gai1|ichi1
じはんき,じ,き,0,high,spec1
ふあん,ふ,ん,0,high,gai1|ichi1|news1|nf02
べえすあつぷ,べ,ぷ,0,high,gai1
てつこく,て,く,0,high,news1|nf18
てつくす,て,す,0,high,gai1
きんぴん,き,ん,0,high,news1|nf22
えちご,え,ご,0,high,news1|nf17
みんぽう,み,う,0,high,ichi1|news1|nf05|nf10
てんかん,て,ん,0,high,news1|nf02
くらいむすとおりい,く,い,0,high,gai1
おんなじ,お,じ,0,high,ichi1|news2|nf33
ぴいまん,ぴ,ん,0,high,gai1
のぼせる,の,る,0,high,ichi1
としよ,と,よ,0,high,ichi1|news1|nf09
ていでん,て,ん,0,high,ichi1|news1|nf12
きんろう,き,う,0,high,ichi1|news1|nf10
おがわ,お,わ,0,high,ichi1|news1|nf06
きようかん,き,ん,0,high,ichi1|news1|nf10|nf14
やぐ,や,ぐ,0,high,ichi1
ゔあんぱいあ,ゔ,あ,0,high,gai1
ぐんかん,ぐ,ん,0,high,ichi1|news1|nf19
ひようぎ,ひ,ぎ,0,high,news1|nf03
さんやく,さ,く,0,high,news1|nf05
ほんもん,ほ,ん,0,high,ichi1|news1|nf08
はんが,は,が,0,high,ichi1|news1|nf11
ああいう,あ,う,0,high,spec1
とたんに,と,に,0,high,spec1
にごす,に,す,0,high,ichi1|news2|nf29
ぷりんたあ,ぷ,あ,0,high,spec1
ねんせい,ね,い,0,high,news1|nf02
くれじつとかあど,く,ど,0,high,gai1
ひこうじよう,ひ,う,0,high,ichi1|news1|nf14
かいすうけん,か,ん,0,high,ichi1|news2|nf26
くうほう,く,う,0,high,news1|nf21
ぎしん,ぎ,ん,0,high,news1|nf23
とらんじすた,と,た,0,high,gai1
みぶん,み,ん,0,high,ichi1|news1|nf09
さんかつけい,さ,い,0,high,ichi1|news1|nf20
おくら,お,ら,0,high,gai1
あくしつ,あ,つ,0,high,ichi1|news1|nf09
うかぶ,う,ぶ,0,high,ichi1|news2|nf30
はいほん,は,ん,0,high,news1|nf22
かんぜい,か,い,0,high,ichi1|news1|nf02
しゆうない,し,い,0,high,news1|nf19
てれこむ,て,む,0,high,gai1
ろんりてき,ろ,き,0,high,ichi1|news1|nf21
どたんば,ど,ば,0,high,news1|nf10
のうど,の,ど,0,high,news1|nf07
つみたてきん,つ,ん,0,high,news1|nf15
りゆうがくせい,り,い,0,high,ichi1|news1|nf05
でいすかうんと,で,と,0,high,gai1
さいばん,さ,ん,0,high,ichi1|news1|nf01
ないかくかんぼう,な,う,0,high,news1|nf18
ほす,ほ,す,0,high,ichi1|news1|nf20
そのへん,そ,ん,0,high,spec1
あご,あ,ご,0,high,ichi1|news2|nf38
なしよなるちええん,な,ん,0,high,gai1
うえ,う,え,0,high,ichi1|news1|nf14
あつつあつ,あ,つ,0,high,spec1
しゆせき,し,き,0,high,news1|nf02|nf08
りんせつ,り,つ,0,high,news1|nf12
かれ,か,れ,0,high,ichi1
せつぱん,せ,ん,0,high,news1|nf23
けんもん,け,ん,0,high,ichi1|news1|news2|nf11|nf28
いけません,い,ん,0,high,ichi1
うぶだし,う,し,0,high,news1|nf13
せいふく,せ,く,0,high,ichi1|news1|nf08|nf24
かいにん,か,ん,0,high,news1|nf07
しんろ,し,ろ,0,high,ichi1|news1|nf06
えいき,え,き,0,high,ichi1
ききがき,き,き,0,high,news1|nf19
とびおりる,と,る,0,high,ichi1|news2|nf28
じつじよう,じ,う,0,high,ichi1|news1|nf04
しらせ,し,せ,0,high,ichi1
たきがわ,た,わ,0,high,news1|nf22
ごぶさた,ご,た,0,high,ichi1|spec1
みなみにし,み,し,0,high,ichi1|news1|nf06
こくぜ,こ,ぜ,0,high,news1|nf22
だいすき,だ,き,0,high,ichi1|news1|nf08
いたがらす,い,す,0,high,news1|nf23
すきい,す,い,0,high,gai1|ichi1
ぶんど,ぶ,ど,0,high,gai1
ぜいりつ,ぜ,つ,0,high,news1|nf04
つよまる,つ,る,0,high,ichi1|news2|nf44
うすい,う,い,0,high,ichi1|news1|nf14|nf20
いちげんか,い,か,0,high,news1|nf16
じようしや,じ,や,0,high,ichi1|news1|nf15
でいなあ,で,あ,0,high,gai1
へぶらいずむ,へ,む,0,high,gai1
ねびえ,ね,え,0,high,ichi1
やく,や,く,0,high,ichi1|news1|news2|nf04|nf14|nf34
きんり,き,り,0,high,ichi1|news1|nf01
しぼうりつ,し,つ,0,high,news1|nf12
てんと,て,と,0,high,gai1|ichi1
よこ,よ,こ,0,high,ichi1|news1|nf03
ぼくや,ぼ,や,0,high,news1|nf13
こみつく,こ,く,0,high,gai1
ざいりよう,ざ,う,0,high,ichi1|news1|nf03
だらけ,だ,け,0,high,ichi1
てれびじよん,て,ん,0,high,gai1
まいすう,ま,う,0,high,ichi1|news1|nf13
りゆうにゆう,り,う,0,high,news1|nf10
ひつしよう,ひ,う,0,high,news1|nf17
ゆうじよう,ゆ,う,0,high,ichi1|news1|nf10
あじわう,あ,う,0,high,ichi1|news2|nf27
むしよけ,む,け,0,high,spec1
ひとつき,ひ,き,0,high,spec1
どの,ど,の,0,high,ichi1|news1|nf05|nf08
しんがあ,し,あ,0,high,gai1
ほるん,ほ,ん,0,high,gai1
りゆうほ,り,ほ,0,high,news1|nf16
ぞうきん,ぞ,ん,0,high,ichi1
りんどう,り,う,0,high,news1|nf22
しいとべると,し,と,0,high,spec1
にらむ,に,む,0,high,ichi1
おとしだま,お,ま,0,high,ichi1|news1|nf19
あゆみより,あ,り,0,high,news1|nf13
ぷりんせす,ぷ,す,0,high,gai1
にじつさい,に,い,0,high,ichi1
むすめ,む,め,0,high,ichi1|news1|nf02
いちりつ,い,つ,0,high,ichi1|news1|nf04|nf07
じゆうしよう,じ,う,0,high,ichi1|news1|nf07|nf13
くらしつくおんがく,く,く,0,high,spec1
そおいんぐせつと,そ,と,0,high,gai1
ぜんきよく,ぜ,く,0,high,news1|nf21
けれども,け,も,0,high,ichi1
たいこう,た,う,0,high,ichi1|news1|nf04|nf06|nf21
しやせい,し,い,0,high,ichi1|news2|nf26|spec1
しええかあ,し,あ,0,high,gai1
でぱあと,で,と,0,high,gai1|ichi1
きんべん,き,ん,0,high,ichi1|news1|nf20
おはこ,お,こ,0,high,news1|nf15
きりぬき,き,き,0,high,news1|nf23
しゆうと,し,と,0,high,gai1|ichi1|news1|news2|nf13|nf16|nf36
きようぎじよう,き,う,0,high,spec1
かんぼつ,か,つ,0,high,news1|nf21
ぶろつかあ,ぶ,あ,0,high,gai1
さざんくろす,さ,す,0,high,gai1
こうばい,こ,い,0,high,ichi1|news1|news2|nf17|nf46
せいどう,せ,う,0,high,news1|nf18|nf20
えきすぱあと,え,と,0,high,gai1
ちよさく,ち,く,0,high,news1|nf09
しんでん,し,ん,0,high,news1|nf18|nf22
かかる,か,る,0,high,ichi1|news2|nf47
みつちやく,み,く,0,high,news1|nf17
きやんぷいん,き,ん,0,high,gai1
ちゆうおう,ち,う,0,high,ichi1|news1|nf01|nf18
れえよん,れ,ん,0,high,gai1
じりき,じ,き,0,high,news1|nf10|nf21
からめる,か,る,0,high,gai1
おのれ,お,れ,0,high,news1|nf10
へるすくらぶ,へ,ぶ,0,high,gai1
する,す,る,0,high,ichi1|news2|nf36
ぜんこう,ぜ,う,0,high,news1|nf17
はつか,は,か,0,high,ichi1|news1|nf23|spec1
とくてん,と,ん,0,high,news1|nf03|nf19
みずいらず,み,ず,0,high,ichi1|news2|nf38
よだん,よ,ん,0,high,ichi1|news1|news2|nf10|nf46
すけつちぶつく,す,く,0,high,gai1
たんこうぼん,た,ん,0,high,ichi1|news1|nf13
きようきゆう,き,う,0,high,ichi1|news1|nf03
なつくる,な,る,0,high,gai1
どうか,ど,か,0,high,ichi1|news2|nf29|spec1
おにがみ,お,み,0,high,ichi1
かんきようもんだい,か,い,0,high,spec1
まつと,ま,と,0,high,gai1
りめん,り,ん,0,high,news1|nf19
しゆつぱんぶつ,し,つ,0,high,news1|nf14
ひがた,ひ,た,0,high,news1|nf15
じゆらるみん,じ,ん,0,high,gai1
じんこうえいせい,じ,い,0,high,news1|nf16
だんく,だ,く,0,high,gai1
ばたん,ば,ん,0,high,spec1
さらりい,さ,い,0,high,gai1
まどぐち,ま,ち,0,high,ichi1|news1|nf04
めまい,め,い,0,high,ichi1
しよおる,し,る,0,high,gai1
ちせい,ち,い,0,high,ichi1|news1|nf18
おおがね,お,ね,0,high,ichi1|news1|nf14
へんきやく,へ,く,0,high,ichi1|news2|nf25
ゆれる,ゆ,る,0,high,ichi1
ちよしよ,ち,よ,0,high,ichi1|news1|nf04
げんど,げ,ど,0,high,ichi1|news1|nf07
さいてい,さ,い,0,high,ichi1|news1|nf03|nf11
とうさい,と,い,0,high,news1|nf11|nf20
ぱれす,ぱ,す,0,high,gai1
こうざい,こ,い,0,high,news1|nf15
げんじゆうしよ,げ,よ,0,high,ichi1|news2|nf26
さうな,さ,な,0,high,gai1
かわいらしい,か,い,0,high,ichi1
えいぶん,え,ん,0,high,ichi1|news1|nf11
すらすら,す,ら,0,high,ichi1|spec1
たくはいびん,た,ん,0,high,spec1
ろうさく,ろ,く,0,high,news1|nf22
たちのく,た,く,0,high,ichi1
まぐにちゆうど,ま,ど,0,high,gai1
きやんぴんぐかあ,き,あ,0,high,gai1
ほほ,ほ,ほ,0,high,ichi1|news2|nf32
こうじよりようぞく,こ,く,0,high,spec1
きずつける,き,る,0,high,ichi1|news2|nf33|spec1
いぶん,い,ん,0,high,news1|nf16
そくたつびん,そ,ん,0,high,ichi1
ぴいく,ぴ,く,0,high,gai1|ichi1
ふあうる,ふ,る,0,high,gai1
のり,の,り,0,high,ichi1|news1|news2|nf07|nf33|nf38
いえ,い,え,0,high,ichi1
じよじよう,じ,う,0,high,news1|nf22
るうきい,る,い,0,high,gai1
むかあし,む,し,0,high,ichi1|news1|nf02
いただき,い,き,0,high,news1|nf18
どりい,ど,い,0,high,gai1
たんきゆう,た,う,0,high,ichi1|news1|news2|nf24|nf26
てれびげえむ,て,む,0,high,gai1
はたらきざかり,は,り,0,high,news1|nf21
とうゆうし,と,し,0,high,news1|nf22
さぎよう,さ,う,0,high,ichi1|news1|nf01
どらまちつく,ど,く,0,high,gai1
ざいむ,ざ,む,0,high,news1|nf05
むすびつく,む,く,0,high,news1|nf23
はくしゆ,は,ゆ,0,high,ichi1|news1|nf06
やづくり,や,り,0,high,spec1
あらい,あ,い,0,high,ichi1|news2|nf36|nf42
しゆやく,し,く,0,high,ichi1|news1|nf05
なごや,な,や,0,high,spec1
せんしんこく,せ,く,0,high,ichi1|news1|nf02
じようしゆ,じ,ゆ,0,high,ichi1|news1|nf12
しやわあ,し,あ,0,high,gai1|ichi1
うりこみ,う,み,0,high,news1|nf12
かんてい,か,い,0,high,ichi1|news1|nf02|nf07|nf15
すのおぼおと,す,と,0,high,gai1
うえる,う,る,0,high,ichi1|news1|news2|nf24|nf45
ぼくしんぐ,ぼ,ぐ,0,high,gai1
かさいほけん,か,ん,0,high,news1|nf24
しよおつ,し,つ,0,high,gai1
かんしや,か,や,0,high,ichi1|news1|nf08
あらわす,あ,す,0,high,ichi1|news2|nf36|nf46
ようするに,よ,に,0,high,ichi1|news1|nf12
ひとりあるき,ひ,き,0,high,news1|nf16|spec1
ぶんみやく,ぶ,く,0,high,ichi1|news1|nf20
じゆんし,じ,し,0,high,news1|nf16
きよくたん,き,ん,0,high,ichi1|news1|nf06
ないる,な,る,0,high,gai1
おふろおど,お,ど,0,high,gai1
めもりあるほおる,め,る,0,high,gai1
こうねつ,こ,つ,0,high,ichi1|news1|nf20
かざぐすり,か,り,0,high,ichi1|news2|nf36
わふう,わ,う,0,high,ichi1|news1|nf14
がいじん,が,ん,0,high,ichi1|news1|nf18
かなあみ,か,み,0,high,news1|nf22
じえらしい,じ,い,0,high,gai1
うは,う,は,0,high,news1|nf07
てなあ,て,あ,0,high,gai1
つるぎ,つ,ぎ,0,high,news1|nf10
あたい,あ,い,0,high,ichi1|news1|nf07
きしかいせい,き,い,0,high,news1|nf22
ぞくぞく,ぞ,く,0,high,ichi1|news1|nf08|spec1
でんぽ,で,ぽ,0,high,ichi2|spec1
らんばい,ら,い,0,high,news1|nf15
ふれえばあ,ふ,あ,0,high,gai1
とくゆう,と,う,0,high,ichi1|news1|nf09
しゆうる,し,る,0,high,gai1
くなん,く,ん,0,high,news1|nf15
だつさんしん,だ,ん,0,high,news1|nf12
くうぐん,く,ん,0,high,ichi1|news1|nf05
ふあじい,ふ,い,0,high,gai1
しやりよう,し,う,0,high,ichi1|news1|nf04|spec2
めりい,め,い,0,high,gai1
やくめ,や,め,0,high,ichi1|news1|nf10
きかせる,き,る,0,high,news1|nf22
けんぶつにん,け,ん,0,high,ichi1|news2|nf30
みのう,み,う,0,high,ichi1|news2|nf37
せしゆう,せ,う,0,high,news1|nf20
しよくせいかつ,し,つ,0,high,news1|nf09
あいこう,あ,う,0,high,news1|nf10
ひより,ひ,り,0,high,ichi1|news2|nf30
ひつくりがえる,ひ,る,0,high,ichi2|spec1
りよかつき,り,き,0,high,ichi1|news1|nf13
さつし,さ,し,0,high,gai1|news1|nf14
ふすま,ふ,ま,0,high,ichi1|news2|nf37
ちゆうさ,ち,さ,0,high,news1|nf23
おつかれさま,お,ま,0,high,spec1
さんどぺえぱあ,さ,あ,0,high,gai1
えもじ,え,じ,0,high,spec1
ちきゆうじよう,ち,う,0,high,news1|nf14
いきちがい,い,い,0,high,ichi1|news2|nf31
はかる,は,る,0,high,ichi1|news1|nf12|nf23
ぷらずま,ぷ,ま,0,high,gai1
しおあじ,し,じ,0,high,news2|nf37|spec1
あおいろ,あ,ろ,0,high,news2|nf25|spec1
てだて,て,て,0,high,news1|nf21
せいじりよく,せ,く,0,high,news1|nf15
おもい,お,い,0,high,ichi1|news1|news2|nf02|nf25
びようじやく,び,く,0,high,ichi1|news1|nf24
らいん,ら,ん,0,high,gai1
じんこうてき,じ,き,0,high,news1|nf18
ないし,な,し,0,high,ichi1|news1|nf18
まごころ,ま,ろ,0,high,ichi1|news2|nf32
つうや,つ,や,0,high,ichi1|news1|nf19
まあち,ま,ち,0,high,gai1
かていきようし,か,し,0,high,news1|nf17
めんじよ,め,よ,0,high,news1|nf13
げし,げ,し,0,high,ichi1|news2|nf37
にほんだて,に,て,0,high,news1|nf17
ぱていお,ぱ,お,0,high,gai1
まらかす,ま,す,0,high,gai1
あいすくりいむ,あ,む,0,high,gai1|ichi1
おごる,お,る,0,high,ichi1
はんどぼおる,は,る,0,high,gai1
べん,べ,ん,0,high,news1|nf10
しようしよ,し,よ,0,high,ichi1|news1|nf08
おうひ,お,ひ,0,high,news1|nf23
でもたい,で,い,0,high,spec1
ふああすと,ふ,と,0,high,gai1|ichi1
えきしよう,え,う,0,high,news1|nf10
そうかん,そ,ん,0,high,ichi1|news1|news2|nf07|nf15|nf16|nf34
かんふる,か,る,0,high,gai1
ちきゆう,ち,う,0,high,ichi1|news1|nf01
ぱあていい,ぱ,い,0,high,gai1|ichi1
こんぺていしよん,こ,ん,0,high,gai1
おそれる,お,る,0,high,ichi1|news1|nf15
あど,あ,ど,0,high,gai1
たべもの,た,の,0,high,ichi1|news1|nf08
せんきよせん,せ,ん,0,high,news1|nf06
にちべい,に,い,0,high,ichi1|news1|nf01
おしろい,お,い,0,high,ichi1
ぶつそう,ぶ,う,0,high,ichi1|news2|nf29
しゆうにゆう,し,う,0,high,ichi1|news1|nf02
ぷりずむ,ぷ,む,0,high,gai1
どうでもいい,ど,い,0,high,spec1
のび,の,び,0,high,ichi1|news1|nf03
くわいあ,く,あ,0,high,gai1
きがかり,き,り,0,high,ichi1|news2|nf29|spec1
がんにち,が,ち,0,high,ichi1|news1|nf08
くよくよ,く,よ,0,high,ichi1
ひとあじちがう,ひ,う,0,high,spec1
やくざい,や,い,0,high,news1|nf14
ぼうさん,ぼ,ん,0,high,ichi1|news1|nf21
りきさく,り,く,0,high,news1|nf19
どうそうかい,ど,い,0,high,ichi1|news1|nf16
にわり,に,り,0,high,spec1
てがる,て,る,0,high,ichi1|news1|nf09
しようひ,し,ひ,0,high,ichi1|news1|nf02
そつい,そ,い,0,high,news1|nf22
とるく,と,く,0,high,gai1
むくわれる,む,る,0,high,news1|nf20
じゆじゆ,じ,ゆ,0,high,news1|nf09
ばんごう,ば,う,0,high,ichi1|news1|nf03
ちしつ,ち,つ,0,high,ichi1|news1|nf17
べい,べ,い,0,high,spec1
あいだ,あ,だ,0,high,ichi1|news1|nf05
こしよお,こ,お,0,high,ichi1
えんちよう,え,う,0,high,ichi1|news1|nf02|nf14
ちようみん,ち,ん,0,high,news1|nf12
がいしや,が,や,0,high,ichi1|news1|nf20
じつしつてき,じ,き,0,high,news1|nf04
しかえいせいし,し,し,0,high,spec1
こうきよう,こ,う,0,high,ichi1|news1|nf02|nf16
ぱらだいす,ぱ,す,0,high,gai1
にゆうしや,に,や,0,high,ichi1|news1|nf04
わんぴいす,わ,す,0,high,gai1|ichi1
じゆうかさんぜい,じ,い,0,high,news1|nf22
みかづき,み,き,0,high,ichi1|news2|nf35
うきよえ,う,え,0,high,news1|nf16
のむ,の,む,0,high,ichi1|news2|nf35|nf40|spec1
あつち,あ,ち,0,high,ichi1
ぶるせら,ぶ,ら,0,high,gai1
おなじく,お,く,0,high,news1|nf20
ゆえに,ゆ,に,0,high,ichi1|news2|nf29
したてる,し,る,0,high,ichi1|news2|nf46
らぶそんぐ,ら,ぐ,0,high,gai1
しつと,し,と,0,high,ichi1|news2|nf26
きはい,き,い,0,high,ichi1|news1|nf06
ねす,ね,す,0,high,gai1
ひきさげ,ひ,げ,0,high,news1|nf03
このほか,こ,か,0,high,spec1
おいる,お,る,0,high,gai1|ichi1|news2|nf38
すんばらしい,す,い,0,high,ichi1|news1|nf16
そうどういん,そ,ん,0,high,news1|nf22
いつぱく,い,く,0,high,news1|nf23
つうしよう,つ,う,0,high,news1|nf04|nf09
しゆつせき,し,き,0,high,ichi1|news1|nf03
しやがい,し,い,0,high,news1|nf16
そおぷらんど,そ,ど,0,high,gai1
おだいじに,お,に,0,high,spec1
せんめん,せ,ん,0,high,ichi1|news2|nf28
また,ま,た,0,high,ichi1|news1|news2|nf19|nf25
あんしんかん,あ,ん,0,high,news1|nf16
ふらんすご,ふ,ご,0,high,spec1
しはんき,し,き,0,high,news1|nf08
ふほんい,ふ,い,0,high,ichi1|news1|nf16
こづかい,こ,い,0,high,ichi1|news1|nf13
ついきゆう,つ,う,0,high,ichi1|news1|news2|nf05|nf14|nf40
いなづま,い,ま,0,high,ichi1|news2|nf26
ざぜん,ざ,ん,0,high,ichi1|news2|nf30
さつしよう,さ,う,0,high,news1|nf17
じゆうみんひよう,じ,う,0,high,news1|nf20
さんりよう,さ,う,0,high,news1|nf17
きえい,き,い,0,high,news1|nf24
しよいん,し,ん,0,high,news1|news2|nf08|nf23|nf33
あつぶねえ,あ,え,0,high,ichi1|news2|nf39
けちやつぷ,け,ぷ,0,high,gai1
ぼうさい,ぼ,い,0,high,ichi1|news1|nf06
ちやぷたあ,ち,あ,0,high,gai1
たんじようび,た,び,0,high,ichi1
びす,び,す,0,high,gai1
さいそく,さ,く,0,high,ichi1|news2|nf33
すうねんまえ,す,え,0,high,spec1
さふあいあ,さ,あ,0,high,gai1
ろおりんぐ,ろ,ぐ,0,high,gai1
よろこび,よ,び,0,high,ichi1|news1|nf04
へいし,へ,し,0,high,ichi1|news1|nf03
ばるせろな,ば,な,0,high,gai1
おこさま,お,ま,0,high,spec1|spec2
はるさき,は,き,0,high,news1|nf18
どらむ,ど,む,0,high,gai1
あいちやく,あ,く,0,high,ichi1|news1|nf15
にしやたくいつ,に,つ,0,high,news1|nf24
そろそろ,そ,ろ,0,high,ichi1
いれい,い,い,0,high,news1|nf04|nf10
えんみ,え,み,0,high,news2|nf37|spec1
こぴいらいと,こ,と,0,high,spec1
ふあいたあ,ふ,あ,0,high,gai1
なんい,な,い,0,high,ichi1|news2|nf29
けんこうしんだん,け,ん,0,high,spec1
ごかい,ご,い,0,high,ichi1|news1|nf07
りいどおふまん,り,ん,0,high,gai1
ぱさぱさ,ぱ,さ,0,high,gai1
くんよみ,く,み,0,high,ichi1
しばりくび,し,び,0,high,news1|nf21
いつてらつしやい,い,い,0,high,spec1
ちゆうぶる,ち,る,0,high,ichi1|news1|nf11
はくらんかい,は,い,0,high,ichi1|news1|nf12
せいほうけい,せ,い,0,high,ichi1|news2|nf30
どらまあ,ど,あ,0,high,gai1
ふのう,ふ,う,0,high,ichi1|news1|nf14
へいしや,へ,や,0,high,news1|nf21|spec1
れえと,れ,と,0,high,gai1
こうち,こ,ち,0,high,ichi1|news1|nf10|nf15
のぞみ,の,み,0,high,ichi1|news1|nf10
しゆつぱん,し,ん,0,high,ichi1|news1|nf03
ねあがり,ね,り,0,high,ichi1|news1|nf12
りねえむ,り,む,0,high,gai1
ゆうじや,ゆ,や,0,high,news2|nf39|spec1
うてん,う,ん,0,high,ichi1|news1|nf22
ほうち,ほ,ち,0,high,ichi1|news1|nf19
ふいくしよん,ふ,ん,0,high,gai1|ichi1
かちまけ,か,け,0,high,news1|nf23
とうじようじんぶつ,と,つ,0,high,spec1
ぐりいんらんど,ぐ,ど,0,high,gai1
ぎけつ,ぎ,つ,0,high,ichi1|news1|nf09
ひにん,ひ,ん,0,high,ichi1|news1|nf12|nf22
ぐつず,ぐ,ず,0,high,gai1
とおすと,と,と,0,high,gai1|ichi1
だとう,だ,う,0,high,ichi1|news1|news2|nf12|nf40
ちよくせつぜい,ち,い,0,high,news1|nf21
しゆうがく,し,く,0,high,news1|nf14
つくす,つ,す,0,high,ichi1|news2|nf28
やきん,や,ん,0,high,news1|nf17
とくめい,と,い,0,high,ichi1|news1|nf14
なんびよう,な,う,0,high,news1|nf12
けんこうほけん,け,ん,0,high,news1|nf11
びきに,び,に,0,high,gai1
つぎのように,つ,に,0,high,spec1
でんばあ,で,あ,0,high,gai1
しようれい,し,い,0,high,ichi1|news1|nf08|nf14|nf19
りくるうと,り,と,0,high,gai1
りようがわ,り,わ,0,high,ichi1|news1|nf14
ことば,こ,ば,0,high,ichi1|news1|nf01
すとれえと,す,と,0,high,gai1
けんばん,け,ん,0,high,news2|nf44|spec1
かんこう,か,う,0,high,ichi1|news1|nf02|nf07|nf08|nf23|nf24
かんだい,か,い,0,high,ichi1|news1|nf22
みんわ,み,わ,0,high,ichi1|news1|nf18
こくいつこくと,こ,と,0,high,ichi1
うどん,う,ん,0,high,ichi1
じんこつ,じ,つ,0,high,news1|nf19
あだると,あ,と,0,high,gai1
ぎようかく,ぎ,く,0,high,news1|nf06
きにち,き,ち,0,high,ichi1|news1|nf09
うめぼし,う,し,0,high,ichi1|news2|nf28
なにか,な,か,0,high,ichi1|news1|nf03|spec1
ひきずる,ひ,る,0,high,ichi1|news1|nf18
きつず,き,ず,0,high,spec1
なぐさめる,な,る,0,high,ichi1
こねこ,こ,こ,0,high,news2|nf36|spec1
きまる,き,る,0,high,ichi1|news1|nf14
おかね,お,ね,0,high,ichi1|news1|nf04
がいかくだんたい,が,い,0,high,news1|nf15
たたみ,た,み,0,high,ichi1|news1|nf12
めぐりあう,め,う,0,high,ichi1|news1|nf21|spec1
さおとめ,さ,め,0,high,news1|nf13
すいろ,す,ろ,0,high,news1|nf16
ぶるがりあ,ぶ,あ,0,high,gai1
いいえ,い,え,0,high,ichi1|news1|nf10
きぐ,き,ぐ,0,high,ichi1|news1|nf11|nf17
はいご,は,ご,0,high,news1|nf07
ゆげ,ゆ,げ,0,high,ichi1|news2|nf33
はつそく,は,く,0,high,ichi1|news1|nf03
いちぞく,い,く,0,high,news1|nf11
くいちがう,く,う,0,high,ichi1|news2|nf37
ちよき,ち,き,0,high,spec1
ふそうおう,ふ,う,0,high,ichi1|news2|nf43
しようにん,し,ん,0,high,ichi1|news1|news2|nf02|nf13|nf29
にとつて,に,て,0,high,spec1
ほうしき,ほ,き,0,high,news1|nf02
かふえ,か,え,0,high,gai1
ほとんど,ほ,ど,0,high,ichi1
ないまく,な,く,0,high,ichi1|news1|nf22
とうかつ,と,つ,0,high,news1|nf18
いちねんせい,い,い,0,high,news1|nf07
かるめら,か,ら,0,high,gai1
うけおい,う,い,0,high,news1|news2|nf21|nf45
わいや,わ,や,0,high,gai1
りんぐ,り,ぐ,0,high,gai1
わしよく,わ,く,0,high,ichi1|news1|nf19
なんで,な,で,0,high,ichi1|news1|nf15
くろあちあ,く,あ,0,high,gai1
せんじゆつ,せ,つ,0,high,news1|nf04
さとがえり,さ,り,0,high,news1|nf16
あめりかん,あ,ん,0,high,gai1
すぱい,す,い,0,high,gai1|ichi1
つぽい,つ,い,0,high,spec1
でんそう,で,う,0,high,news1|nf19
ひとえ,ひ,え,0,high,ichi1
すくりぷたあ,す,あ,0,high,gai1
へりんぼおん,へ,ん,0,high,gai1
びようとう,び,う,0,high,news1|nf11
きようしんしよう,き,う,0,high,news1|nf23
すくらんぶる,す,る,0,high,gai1
さつちゆうざい,さ,い,0,high,news1|nf16
まとも,ま,も,0,high,ichi2|spec1
きやんぺえん,き,ん,0,high,gai1
こうかてき,こ,き,0,high,news1|nf07
ちいず,ち,ず,0,high,gai1|ichi1
おおくら,お,ら,0,high,ichi1|news1|nf05
やんがあじえねれえしよん,や,ん,0,high,gai1
しとろん,し,ん,0,high,gai1
すぷりんぐ,す,ぐ,0,high,gai1
おおてきぎよう,お,う,0,high,spec1
ちよつかつ,ち,つ,0,high,news1|nf16
けんむ,け,む,0,high,news1|nf20
とうじき,と,き,0,high,news1|nf21
おなか,お,か,0,high,ichi1
ようになる,よ,る,0,high,spec1
がくい,が,い,0,high,ichi1|news1|nf24
どぼく,ど,く,0,high,news1|nf07
きようぼう,き,う,0,high,news1|nf15
しみんしやかい,し,い,0,high,news1|nf24
ふりいず,ふ,ず,0,high,gai1
ほちようき,ほ,き,0,high,news1|nf23
さんじよう,さ,う,0,high,news1|nf21
がいろん,が,ん,0,high,ichi1|news2|nf39
ひようばん,ひ,ん,0,high,ichi1|news1|nf05
ばりうむ,ば,む,0,high,gai1
あいてどる,あ,る,0,high,news1|nf11
きよしつ,き,つ,0,high,news1|nf24
ぱわああつぷ,ぱ,ぷ,0,high,gai1
にゆうしつ,に,つ,0,high,ichi1|news2|nf44
よさ,よ,さ,0,high,news1|nf08
じやあく,じ,く,0,high,gai1
きんようび,き,び,0,high,ichi1
きおすく,き,く,0,high,gai1
ごきぶり,ご,り,0,high,spec1
しろと,し,と,0,high,ichi1|news1|nf09
のみかい,の,い,0,high,spec1
れいか,れ,か,0,high,ichi1|news1|news2|nf10|nf43
けんがく,け,く,0,high,ichi1|news1|nf08
よてい,よ,い,0,high,ichi1|news1|nf01
みにばつふあ,み,あ,0,high,gai1
さいたん,さ,ん,0,high,news1|nf17
ふなで,ふ,で,0,high,news1|nf16
えらい,え,い,0,high,ichi1|news2|nf36
はなみ,は,み,0,high,ichi1|news1|nf12
きば,き,ば,0,high,news1|nf15|nf24
はつゆき,は,き,0,high,ichi1|news2|nf37
まもり,ま,り,0,high,news1|nf06
したね,し,ね,0,high,news1|nf22
ふつぶん,ふ,ん,0,high,news1|nf21
とつきよちよう,と,う,0,high,news1|nf24
ちかしつ,ち,つ,0,high,news1|nf22
きねしおろじい,き,い,0,high,gai1
たてまえ,た,え,0,high,ichi1|news1|nf10
さいほう,さ,う,0,high,ichi1|news1|news2|nf04|nf18|nf34
むつ,む,つ,0,high,ichi1
ぎねん,ぎ,ん,0,high,news1|nf12
こうじよ,こ,よ,0,high,news1|nf07
いつぱ,い,ぱ,0,high,news1|nf22
たかる,た,る,0,high,ichi1
あい,あ,い,0,high,ichi1|news1|nf02|nf18
じよしこう,じ,う,0,high,spec1
きゆうけい,き,い,0,high,ichi1|news1|nf08
しざい,し,い,0,high,news1|nf09
へいきんてん,へ,ん,0,high,news1|nf24
えんじにあ,え,あ,0,high,gai1
すぽんさあ,す,あ,0,high,gai1
りよくち,り,ち,0,high,news1|nf13
くんれん,く,ん,0,high,ichi1|news1|nf03
にくらしい,に,い,0,high,ichi1
めいぶんか,め,か,0,high,news1|nf21
やね,や,ね,0,high,ichi1|news1|nf06
ちゆうおうしゆうけん,ち,ん,0,high,news1|nf14
ひぎしや,ひ,や,0,high,news1|nf17
めいにち,め,ち,0,high,ichi1|news1|nf20
ひしよ,ひ,よ,0,high,ichi1|news1|news2|nf02|nf27
るいせき,る,き,0,high,news1|nf10
しゆわ,し,わ,0,high,news1|nf14
ざいにん,ざ,ん,0,high,news1|nf10
とりはずす,と,す,0,high,ichi1|news2|nf39
ろくじゆう,ろ,う,0,high,news1|nf02|spec1
ようじんぶかい,よ,い,0,high,ichi1
まるた,ま,た,0,high,news1|nf18
しよしんしや,し,や,0,high,news1|nf13
がつかり,が,り,0,high,ichi1|spec1
せいしんしようがい,せ,い,0,high,news1|nf18
がか,が,か,0,high,ichi1|news1|nf05
かんずる,か,る,0,high,ichi1|news2|nf27
くうふく,く,く,0,high,ichi1|news2|nf27
ふおおかす,ふ,す,0,high,gai1
りか,り,か,0,high,ichi1|news1|nf09
なげだす,な,す,0,high,news1|nf23
かしきん,か,ん,0,high,news1|nf19
さまあ,さ,あ,0,high,gai1
だの,だ,の,0,high,spec1
ふりえき,ふ,き,0,high,ichi1|news1|nf21
わる,わ,る,0,high,ichi1|news2|nf26
ぷろもおしよん,ぷ,ん,0,high,gai1
ようこう,よ,う,0,high,ichi1|news1|nf07|nf12|nf22
かんごふ,か,ふ,0,high,ichi1|news1|nf04
ちゆうたい,ち,い,0,high,ichi1|news1|nf10|nf24
ふかぶん,ふ,ん,0,high,news1|nf12
せいのう,せ,う,0,high,ichi1|news1|nf08
てんじ,て,じ,0,high,ichi1|news1|nf05|nf10
たにま,た,ま,0,high,news1|nf17
あいづち,あ,ち,0,high,ichi1|news2|nf36
ゆうご,ゆ,ご,0,high,gai1
うれしい,う,い,0,high,ichi1
めぬき,め,き,0,high,news1|nf22
みつこう,み,う,0,high,news1|nf19
しつかく,し,く,0,high,ichi1|news1|nf17
まざこん,ま,ん,0,high,gai1
けつえきけんさ,け,さ,0,high,spec1
ふぼ,ふ,ぼ,0,high,ichi1|news1|nf06
しようひんけん,し,ん,0,high,news1|nf20
おどおど,お,ど,0,high,ichi1
あんてい,あ,い,0,high,ichi1|news1|nf02
ささやか,さ,か,0,high,ichi1|news2|nf29
かけひき,か,き,0,high,news1|nf09
くちぶえ,く,え,0,high,ichi1|news2|nf34
かいしやいん,か,ん,0,high,spec1
そうご,そ,ご,0,high,ichi1|news1|nf02
いちれん,い,ん,0,high,news1|nf03
いんし,い,し,0,high,ichi1|news1|nf16|nf19
のうさくもつ,の,つ,0,high,news1|nf16
わるもの,わ,の,0,high,ichi1|news2|nf25
しひよう,し,う,0,high,news1|nf05
ぎようしゆく,ぎ,く,0,high,news1|nf19
そつこうじよ,そ,よ,0,high,news1|nf20
しおにすと,し,と,0,high,gai1
ときおり,と,り,0,high,ichi1|news1|nf10
るいけい,る,い,0,high,news1|nf13
ぶたにく,ぶ,く,0,high,ichi1|news1|nf17
ききやく,き,く,0,high,ichi1|news1|nf16
あかでみい,あ,い,0,high,gai1
ざしき,ざ,き,0,high,ichi1|news1|nf21
くちぐち,く,ち,0,high,news1|nf17
よのなか,よ,か,0,high,ichi1|news1|nf06
すねえく,す,く,0,high,gai1
つばき,つ,き,0,high,ichi1|news1|news2|nf11|nf42
そくざに,そ,に,0,high,spec1
つみかさね,つ,ね,0,high,news1|nf14
さあびすええす,さ,す,0,high,gai1
せんさあ,せ,あ,0,high,gai1
こにやつく,こ,く,0,high,gai1
ぶんたん,ぶ,ん,0,high,ichi1|news1|nf07
かかりかん,か,ん,0,high,news1|nf16
ちからもち,ち,ち,0,high,ichi1|news2|nf30
うえすと,う,と,0,high,gai1|ichi1
めうえ,め,え,0,high,ichi1|news2|nf33
いとなむ,い,む,0,high,ichi1|news1|nf20
のこす,の,す,0,high,ichi1|news1|nf04
もみじ,も,じ,0,high,ichi1
どうこく,ど,く,0,high,news1|nf02
みことのり,み,り,0,high,ichi1|news2|nf36|spec1
ねあげ,ね,げ,0,high,ichi1|news1|nf03
どちらでもない,ど,い,0,high,spec1
ずし,ず,し,0,high,ichi1
おす,お,す,0,high,ichi1|news1|nf01|nf08|nf21|spec1
ごおるでんあわあ,ご,あ,0,high,gai1
すいいき,す,き,0,high,news1|nf15
こちよう,こ,う,0,high,ichi1|news2|nf30
ないか,な,か,0,high,ichi1|news1|nf11
ようしようき,よ,き,0,high,spec1
めだりすと,め,と,0,high,gai1
けんち,け,ち,0,high,ichi1|news1|nf14
しようへい,し,い,0,high,news1|nf18
さだまる,さ,る,0,high,ichi1|news1|nf23
あふりか,あ,か,0,high,spec1
あう,あ,う,0,high,ichi1|news1|news2|nf08|nf26|nf34
よち,よ,ち,0,high,ichi1|news1|nf06|nf09
のるま,の,ま,0,high,spec1
せんこう,せ,う,0,high,ichi1|news1|nf03|nf05
かんめい,か,い,0,high,ichi1|news1|nf19
おもてなし,お,し,0,high,spec1
おだく,お,く,0,high,news1|nf18
たしか,た,か,0,high,ichi1|news1|nf02
そくじ,そ,じ,0,high,news1|nf06
すかんく,す,く,0,high,gai1
あこおでいおん,あ,ん,0,high,gai1
しゆじゆ,し,ゆ,0,high,ichi1|news1|nf17
こふん,こ,ん,0,high,news1|nf09
はんしん,は,ん,0,high,ichi1|news1|nf03|nf23
とおす,と,す,0,high,ichi1|news1|spec1
ひがわり,ひ,り,0,high,ichi1
ぶつりがく,ぶ,く,0,high,news1|nf09
わく,わ,く,0,high,ichi1|news1|nf04
けずりぶし,け,し,0,high,news1|nf17
ゆり,ゆ,り,0,high,news1|nf11
かきとる,か,る,0,high,ichi1
こぶし,こ,し,0,high,news1|nf13
れえしんぐかあ,れ,あ,0,high,gai1
からし,か,し,0,high,ichi1
がしん,が,ん,0,high,ichi1|news1|nf22
ぼおつと,ぼ,と,0,high,spec1
もめん,も,ん,0,high,ichi1|news1|nf22
うらぎりもの,う,の,0,high,news1|nf24
じえねれえしよん,じ,ん,0,high,gai1
よろこばしい,よ,い,0,high,news1|nf19
なつば,な,ば,0,high,news1|nf13
まぼしい,ま,い,0,high,ichi1
ふあいなる,ふ,る,0,high,gai1
みもと,み,と,0,high,ichi1|news1|nf08
ぼうめい,ぼ,い,0,high,ichi1|news1|nf07
あのひと,あ,と,0,high,spec1
かる,か,る,0,high,ichi1|news1|nf18
けいもう,け,う,0,high,ichi1|news2|nf29
さぶたいとる,さ,る,0,high,gai1
まるちめでいあ,ま,あ,0,high,gai1
やがく,や,く,0,high,ichi1|news2|nf46
げえと,げ,と,0,high,gai1
りすなあ,り,あ,0,high,gai1
はぎ,は,ぎ,0,high,ichi1|news1|nf17
となり,と,り,0,high,ichi1|news1|nf04
ひがい,ひ,い,0,high,ichi1|news1|nf02
けいそつ,け,つ,0,high,ichi1|news1|nf19
ちち,ち,ち,0,high,ichi1|news1|nf01|nf09|nf23
そうだつ,そ,つ,0,high,news1|nf17
なおさら,な,ら,0,high,ichi1
げいのう,げ,う,0,high,ichi1|news1|nf05
やつと,や,と,0,high,ichi1
そうそう,そ,う,0,high,news1|nf06|nf17
てにすこおと,て,と,0,high,gai1
たさい,た,い,0,high,news1|nf06
かざんばい,か,い,0,high,news1|nf14
まちうける,ま,る,0,high,ichi1|news1|nf19
もうしわけない,も,い,0,high,ichi1|news2|nf37
らつぷ,ら,ぷ,0,high,gai1
かのうにする,か,る,0,high,spec1
にじゆうくにち,に,ち,0,high,spec1
ぶうす,ぶ,す,0,high,gai1
うたげ,う,げ,0,high,news1|nf09
まんいん,ま,ん,0,high,ichi1|news1|nf09
ひようけつ,ひ,つ,0,high,news1|nf15|nf18
ないじよう,な,う,0,high,news1|nf21
おおもり,お,り,0,high,ichi1|news2|nf46
ねまき,ね,き,0,high,ichi1|news2|nf42
ぐらでえしよん,ぐ,ん,0,high,gai1
どくとく,ど,く,0,high,ichi1|ichi2|news1|nf05
たは,た,は,0,high,ichi1|news1|nf16|nf17
かがくぶつしつ,か,つ,0,high,spec1
のおまる,の,る,0,high,gai1
けつえん,け,ん,0,high,ichi1|news1|nf17
しすたあ,し,あ,0,high,gai1
たいし,た,し,0,high,ichi1|news1|nf02|nf22
すいはんき,す,き,0,high,news1|nf23
かてごり,か,り,0,high,spec1
ちんしや,ち,や,0,high,news1|nf23
さいしよ,さ,よ,0,high,ichi1|news1|nf01
ねつ,ね,つ,0,high,ichi1|news1|nf05
けんじようしや,け,や,0,high,news1|nf18
あかしんごう,あ,う,0,high,news1|nf18
きしやかいけん,き,ん,0,high,spec1
あむ,あ,む,0,high,ichi1|news2|nf41
あつためる,あ,る,0,high,ichi1
にじゆうしちにち,に,ち,0,high,spec1
くにつち,く,ち,0,high,ichi1|news1|nf06
しつぱい,し,い,0,high,ichi1|news1|nf04
けいろ,け,ろ,0,high,news1|nf12
あすぱらがす,あ,す,0,high,gai1
きよひけん,き,ん,0,high,news1|nf10
あまのかわ,あ,わ,0,high,ichi1
ひなん,ひ,ん,0,high,ichi1|news1|nf05|nf06
そうなん,そ,ん,0,high,ichi1|news1|nf15
こんてな,こ,な,0,high,gai1
べつみよう,べ,う,0,high,ichi1|news1|nf19
くちべに,く,に,0,high,ichi1|news1|nf16
しよほうせん,し,ん,0,high,news2|nf39|spec1
うり,う,り,0,high,news1|nf06
おかいどく,お,く,0,high,spec1
ぜつぼう,ぜ,う,0,high,ichi1|news1|nf09
ぜんそく,ぜ,く,0,high,news2|nf34|spec1
れりいふ,れ,ふ,0,high,gai1
げり,げ,り,0,high,ichi1|news1|nf15
ぼんじん,ぼ,ん,0,high,ichi1|news2|nf27
れんたい,れ,い,0,high,ichi1|news1|nf07|nf18
おおの,お,の,0,high,news1|nf07
かくぎ,か,ぎ,0,high,news1|nf02
げんそ,げ,そ,0,high,ichi1|news2|nf25
ようれい,よ,い,0,high,ichi1|news2|nf30
しんぐるす,し,す,0,high,gai1
たいむすたんぷ,た,ぷ,0,high,gai1
さんそう,さ,う,0,high,news1|nf14
にゆうきよ,に,よ,0,high,news1|nf08
ほこうしやてんごく,ほ,く,0,high,ichi1
あんせい,あ,い,0,high,ichi1|news2|nf28
じけい,じ,い,0,high,news1|nf19
ねんざ,ね,ざ,0,high,ichi1
ひんど,ひ,ど,0,high,news1|nf14
あんだあ,あ,あ,0,high,gai1
ふんべつ,ふ,つ,0,high,ichi1
そり,そ,り,0,high,ichi1
よも,よ,も,0,high,ichi1|news1|nf11
ほねぬき,ほ,き,0,high,news1|nf18
かんこおひい,か,い,0,high,spec1
はいじん,は,ん,0,high,news1|nf12
くさき,く,き,0,high,ichi1|news1|nf24
むやみに,む,に,0,high,ichi1
ひかくてき,ひ,き,0,high,ichi1|news2|nf38
せんしゆけん,せ,ん,0,high,news1|nf01
くれあちにんくりあらんす,く,す,0,high,gai1
しよくりん,し,ん,0,high,news1|nf13
たいしようてき,た,き,0,high,news1|nf07
できあがり,で,り,0,high,ichi1|news1|nf22
ぞつこう,ぞ,う,0,high,news1|nf18
もしも,も,も,0,high,ichi1|spec1
こうせいぶつしつ,こ,つ,0,high,news1|nf13
みおくり,み,り,0,high,ichi1|news1|nf08
じすう,じ,う,0,high,news1|nf23
はやせ,は,せ,0,high,news1|nf24
りつかい,り,い,0,high,news1|nf19
こうふ,こ,ふ,0,high,ichi1|news1|nf06|nf24
ひきだし,ひ,し,0,high,ichi1|news1|nf11
じゆんかつゆ,じ,ゆ,0,high,news1|nf23
すわりこみ,す,み,0,high,news1|nf23
みりよく,み,く,0,high,ichi1|news1|nf03
いつたい,い,い,0,high,ichi1|news1|nf04|nf08
すたあと,す,と,0,high,gai1|ichi1
やまのぼり,や,り,0,high,ichi1|news2|nf25
さきごろ,さ,ろ,0,high,ichi1
きど,き,ど,0,high,news1|nf23
ねんのため,ね,め,0,high,spec1
そくい,そ,い,0,high,news1|nf17
きかいか,き,か,0,high,news1|nf22
こいぬ,こ,ぬ,0,high,spec1
ふいあんせ,ふ,せ,0,high,gai1
ぐりんぴいす,ぐ,す,0,high,gai1
じむかん,じ,ん,0,high,news1|nf22
ほるもん,ほ,ん,0,high,gai1
さんそん,さ,ん,0,high,news1|nf10
ぎようじ,ぎ,じ,0,high,ichi1|news1|nf05|nf19
びいと,び,と,0,high,gai1
どんなに,ど,に,0,high,ichi1
にゆうじよう,に,う,0,high,ichi1|news1|nf04
ゆにせふ,ゆ,ふ,0,high,gai1
いんてりじえんす,い,す,0,high,gai1
きよらか,き,か,0,high,ichi1|news2|nf34
あし,あ,し,0,high,ichi1|news1|nf01|nf10
こうずる,こ,る,0,high,news1|nf17
まことに,ま,に,0,high,ichi1|news1|nf09
いわやま,い,ま,0,high,news1|nf22
よりも,よ,も,0,high,spec1
ちようそん,ち,ん,0,high,news1|nf12
どうげつ,ど,つ,0,high,news1|nf03
どうかん,ど,ん,0,high,ichi1|news1|nf17
みそしる,み,る,0,high,ichi1
にゆうし,に,し,0,high,ichi1|news1|nf04
さくばん,さ,ん,0,high,ichi1|news2|nf43
うけとめる,う,る,0,high,ichi1|news1|nf07
りようりや,り,や,0,high,news1|nf10
ばつてりい,ば,い,0,high,gai1
そろばん,そ,ん,0,high,ichi1
ぜんめつ,ぜ,つ,0,high,ichi1|news2|nf35
ちゆうこう,ち,う,0,high,news1|nf16
いろは,い,は,0,high,ichi1
ひとりでに,ひ,に,0,high,ichi1
かろおら,か,ら,0,high,gai1
どき,ど,き,0,high,news1|nf13
いち,い,ち,0,high,ichi1|news1|news2|nf04|nf33
そしつ,そ,つ,0,high,ichi1|news1|nf16
しおだ,し,だ,0,high,news1|nf24
ううまん,う,ん,0,high,gai1
おんながた,お,た,0,high,news1|nf20
いままで,い,で,0,high,ichi1|news1|nf08
あつ,あ,つ,0,high,spec1
せいぞう,せ,う,0,high,ichi1|news1|nf02
ひばく,ひ,く,0,high,news1|nf06
かんしんじ,か,じ,0,high,news1|nf13
ぶらいだる,ぶ,る,0,high,gai1
にい,に,い,0,high,gai1
さよなら,さ,ら,0,high,ichi1
あくせさりい,あ,い,0,high,gai1|ichi1
りりつ,り,つ,0,high,ichi1|news1|nf10
まぶた,ま,た,0,high,ichi1|news2|nf44
せつない,せ,い,0,high,ichi1
てんけい,て,い,0,high,ichi1|news1|nf09
にゆうとう,に,う,0,high,news1|nf22
こんしゆう,こ,う,0,high,ichi1|news1|nf05|nf06
なでる,な,る,0,high,ichi1
あおじろい,あ,い,0,high,ichi1|news2|nf40
ぶつぱん,ぶ,ん,0,high,spec1
だつたら,だ,ら,0,high,spec1
しゆそく,し,く,0,high,ichi1|news1|nf09
ふらいぱん,ふ,ん,0,high,gai1|ichi1
はこび,は,び,0,high,news1|nf08
はしり,は,り,0,high,news1|nf09
くろのすこおぷ,く,ぷ,0,high,gai1
きようかい,き,い,0,high,ichi1|news1|nf01|nf05|nf09
きゆうじゆう,き,う,0,high,news1|nf06|spec1
かがやき,か,き,0,high,news1|nf14
しゆじゆつ,し,つ,0,high,ichi1|news1|nf03
ぷりてい,ぷ,い,0,high,gai1
だくぼく,だ,く,0,high,ichi1|news2|nf44
はいびじよん,は,ん,0,high,gai1
こうざん,こ,ん,0,high,ichi1|news1|nf11|nf12
ちたん,ち,ん,0,high,gai1
わつぺん,わ,ん,0,high,gai1
もたれる,も,る,0,high,ichi1
さきがける,さ,る,0,high,news1|nf17
しんじや,し,や,0,high,ichi1|news1|nf11
たいはん,た,ん,0,high,ichi1|news1|nf03
りんか,り,か,0,high,ichi1|news1|nf19
ふいるはあもにい,ふ,い,0,high,gai1
ぶるうばあど,ぶ,ど,0,high,gai1
いちじてき,い,き,0,high,news1|nf07
かんまつ,か,つ,0,high,news1|nf19
むらびと,む,と,0,high,news1|nf13
ふりいらんさあ,ふ,あ,0,high,gai1
たいさく,た,く,0,high,ichi1|news1|nf01|nf10
がつくり,が,り,0,high,spec1
にげ,に,げ,0,high,news1|nf17
むね,む,ね,0,high,ichi1|news1|nf02|nf08|nf16
にひやくはつか,に,か,0,high,news1|nf17
こくない,こ,い,0,high,ichi1|news1|nf01
ほご,ほ,ご,0,high,ichi1|news1|nf01
こつた,こ,た,0,high,news1|nf21
すとろお,す,お,0,high,gai1
はじく,は,く,0,high,ichi1
あらかじめ,あ,め,0,high,ichi1
ほんしよく,ほ,く,0,high,news1|nf22
しようおく,し,く,0,high,ichi1|news1|nf09
すたんす,す,す,0,high,gai1
りとる,り,る,0,high,gai1
あつさり,あ,り,0,high,ichi1
かい,か,い,0,high,ichi1|news1|news2|nf06|nf07|nf08|nf09|nf11|nf24|nf43|spec1
くらん,く,ん,0,high,gai1
よろず,よ,ず,0,high,ichi1
こうくうがいしや,こ,や,0,high,spec1
きやりい,き,い,0,high,gai1
あどれなりん,あ,ん,0,high,gai1
みようじ,み,じ,0,high,ichi1|news2|nf26
でこおだあ,で,あ,0,high,gai1
ちよ,ち,よ,0,high,news1|nf07|nf11
おいぬ,お,ぬ,0,high,news1|nf19
いしむろ,い,ろ,0,high,news1|nf23
なごむ,な,む,0,high,ichi1|news2|nf42
ちゆうなあ,ち,あ,0,high,gai1
じゆうせき,じ,き,0,high,news1|nf24
はいた,は,た,0,high,news1|nf20
にしき,に,き,0,high,news1|nf04
りよつか,り,か,0,high,news1|nf15
のおこめんと,の,と,0,high,gai1
やまめ,や,め,0,high,ichi1|news2|nf44
ぐんぶ,ぐ,ぶ,0,high,news1|nf05|nf21
まぐま,ま,ま,0,high,gai1
たくしい,た,い,0,high,gai1|ichi1
おしえご,お,ご,0,high,news1|nf14
りゆうつう,り,う,0,high,ichi1|news1|nf03
こおと,こ,と,0,high,gai1|ichi1
とつき,と,き,0,high,news1|nf24
ゆうよ,ゆ,よ,0,high,ichi1|news1|nf09
ぶつりゆう,ぶ,う,0,high,news1|nf11
かくべつ,か,つ,0,high,ichi1|news1|nf19
ろうしよう,ろ,う,0,high,news1|nf08
らいあびりていい,ら,い,0,high,gai1
けんげん,け,ん,0,high,ichi1|news1|nf03
ぎみ,ぎ,み,0,high,spec1
じようしゆう,じ,う,0,high,news1|nf24
まけこし,ま,し,0,high,news1|nf24
そば,そ,ば,0,high,ichi1|news1|news2|nf03|nf43
ろうじんふくし,ろ,し,0,high,spec1
ごし,ご,し,0,high,news1|nf13
こうかいちゆう,こ,う,0,high,spec1
りようり,り,り,0,high,ichi1|news1|nf02
いろいろあつて,い,て,0,high,spec1
はんかがい,は,い,0,high,news1|nf11
えう,え,う,0,high,ichi1|news2|nf39
うりだし,う,し,0,high,news1|nf17
すごす,す,す,0,high,ichi1|news2|nf31
まくろ,ま,ろ,0,high,gai1|ichi1
ぶつたい,ぶ,い,0,high,ichi1|news1|nf15
しわぶき,し,き,0,high,ichi1|news2|nf40
はくじん,は,ん,0,high,ichi1|news1|nf04
すとろおく,す,く,0,high,gai1
ばりかん,ば,ん,0,high,gai1
かしつけ,か,け,0,high,news1|nf08
おもで,お,で,0,high,ichi1|news1|nf07
ぎごく,ぎ,く,0,high,news1|nf17
べえた,べ,た,0,high,gai1
わび,わ,び,0,high,ichi1
まにあ,ま,あ,0,high,gai1
りゆうよう,り,う,0,high,news1|nf18
さえ,さ,え,0,high,spec1
どるかい,ど,い,0,high,spec1
ないこう,な,う,0,high,ichi1|news2|nf34
へんちよう,へ,う,0,high,news1|nf14
どひようぎわ,ど,わ,0,high,news1|nf17
しみじみ,し,み,0,high,spec1
つれさる,つ,る,0,high,news1|nf24
いきかた,い,た,0,high,ichi1
ぼうらく,ぼ,く,0,high,ichi1|news1|nf12
てきせつ,て,つ,0,high,ichi1|news1|nf04
へんけん,へ,ん,0,high,ichi1|news1|nf10
じえすちやあ,じ,あ,0,high,gai1
じゆしようしき,じ,き,0,high,news1|nf10
はくさい,は,い,0,high,ichi1|news2|nf30
さまがわり,さ,り,0,high,news1|nf12
りようしん,り,ん,0,high,ichi1|news1|nf03|nf14
ころがる,こ,る,0,high,ichi1|news2|nf28
ぴいぷるずきやぴたりずむ,ぴ,む,0,high,gai1
ぬくもり,ぬ,り,0,high,ichi1
いつもどおり,い,り,0,high,spec1
びじゆある,び,る,0,high,gai1
よかん,よ,ん,0,high,ichi1|news1|nf15
ゆりあ,ゆ,あ,0,high,gai1
こな,こ,な,0,high,ichi1|news1|nf13
めえたあ,め,あ,0,high,gai1|ichi1
ふあしずむ,ふ,む,0,high,gai1
よくあるごしつもん,よ,ん,0,high,spec1
しごとちゆう,し,う,0,high,spec1
もてない,も,い,0,high,spec1
やこう,や,う,0,high,news2|nf26|spec1
いにしえ,い,え,0,high,news1|nf14
かとう,か,う,0,high,ichi1|news1|nf18
あめがふる,あ,る,0,high,spec1
ふくち,ふ,ち,0,high,ichi1|news1|nf02
それらしい,そ,い,0,high,spec1
