reading,start_char,end_char,priority_rank,priority_label,priority_tags
しのぶ,し,ぶ,0,high,ichi1|news2|nf33|nf38|spec1
うええぶ,う,ぶ,0,high,gai1
ほんぽう,ほ,う,0,high,news1|nf20
いつもとおり,い,り,0,high,spec1
あつか,あ,か,0,high,ichi1|news1|nf04
おい,お,い,0,high,ichi1|news1|news2|nf13|nf39|spec1
ぴざ,ぴ,ざ,0,high,gai1
しつこうゆうよ,し,よ,0,high,news1|nf09
へみ,へ,み,0,high,ichi1|news1|nf16
ぶんしよ,ぶ,よ,0,high,ichi1|news1|nf02
ひてつきんぞく,ひ,く,0,high,news1|nf22
はいだつ,は,つ,0,high,ichi1|news1|nf11
にくい,に,い,0,high,ichi1|news2|nf28
みとめる,み,る,0,high,ichi1|news2|nf36
じらい,じ,い,0,high,news1|nf08
まえまえ,ま,え,0,high,news1|nf14
ほどける,ほ,る,0,high,ichi1
てきせい,て,い,0,high,ichi1|news1|nf05|nf23
しきそ,し,そ,0,high,news1|nf22
おうぎがた,お,た,0,high,ichi1|news2|nf45|spec2
にがわらい,に,い,0,high,ichi1|news2|nf34
はるあき,は,き,0,high,news1|nf12
がくれき,が,き,0,high,ichi1|news1|nf09
しまね,し,ね,0,high,news1|nf11
くみあい,く,い,0,high,ichi1|news1|nf02
えんけい,え,い,0,high,ichi1|news1|nf13
とおす,と,す,0,high,ichi1|news1|spec1
しゆよう,し,う,0,high,ichi1|news1|news2|nf02|nf27|spec1
ちやねる,ち,る,0,high,gai1
ききゆう,き,う,0,high,news1|nf19|nf20
せんよう,せ,う,0,high,ichi1|news1|nf04
うまる,う,る,0,high,ichi1|news2|nf28
いちにん,い,ん,0,high,ichi1|news1|nf02|nf13|nf16|spec1
おつかける,お,る,0,high,news1|nf06
ぜんちよう,ぜ,う,0,high,news1|nf17|nf18
はしら,は,ら,0,high,ichi1|news1|nf02
ちよつかつ,ち,つ,0,high,news1|nf16
なら,な,ら,0,high,spec1
ふくめる,ふ,る,0,high,ichi1
こうきようほうそう,こ,う,0,high,news1|nf24
なりゆき,な,き,0,high,ichi1|news1|nf15
そばむぎ,そ,ぎ,0,high,ichi1|news2|nf43
こうりよ,こ,よ,0,high,ichi1|news1|nf12
おおぼえ,お,え,0,high,gai1
れすと,れ,と,0,high,gai1
かくかん,か,ん,0,high,ichi1|news1|nf11
しようち,し,ち,0,high,ichi1|news1|nf08|nf11
ひき,ひ,き,0,high,ichi1|news1|nf04
あねさん,あ,ん,0,high,ichi1|news2|nf25
まぜあわす,ま,す,0,high,news1|nf18
こうがく,こ,く,0,high,ichi1|news1|nf06|nf09|nf19
すいけい,す,い,0,high,news1|nf10|nf19
あともどり,あ,り,0,high,ichi1|news2|nf25
せしゆう,せ,う,0,high,news1|nf20
たたずむ,た,む,0,high,ichi1
つかのま,つ,ま,0,high,ichi1|spec1
ふにん,ふ,ん,0,high,ichi1|news1|nf09|nf15
しいくれつとさあびす,し,す,0,high,gai1
えつふえるとう,え,う,0,high,spec1
つぎつぎ,つ,ぎ,0,high,news1|nf04
まつとうする,ま,る,0,high,news1|nf20
めいよ,め,よ,0,high,ichi1|news1|nf02
なのりでる,な,る,0,high,news1|nf21
はきよく,は,く,0,high,ichi1|news1|nf19
かばう,か,う,0,high,ichi1
けえすすたでい,け,い,0,high,gai1
りよかくき,り,き,0,high,ichi1|news1|nf13
すぺえすしやとる,す,る,0,high,gai1
たぬき,た,き,0,high,news2|nf33|spec1
るうふ,る,ふ,0,high,gai1
てつくす,て,す,0,high,gai1
たいこく,た,く,0,high,ichi1|news1|nf02
びびつど,び,ど,0,high,gai1
へるめつと,へ,と,0,high,gai1
そうたいてき,そ,き,0,high,ichi1|news1|nf13
びようし,び,し,0,high,ichi1|news1|nf20|nf23
ながらく,な,く,0,high,ichi1|news2|nf31
じゆんきん,じ,ん,0,high,news1|nf23
かとき,か,き,0,high,ichi1|news1|nf17
おごそか,お,か,0,high,ichi1|news2|nf46
ふまん,ふ,ん,0,high,ichi1|news1|nf02
ずうむ,ず,む,0,high,gai1
ゆきすぎる,ゆ,る,0,high,news1|nf18
りびんぐ,り,ぐ,0,high,gai1
じつぎ,じ,ぎ,0,high,news1|nf19
ないがい,な,い,0,high,news1|nf03
すとりいかあ,す,あ,0,high,gai1
こんぶりお,こ,お,0,high,gai1
たいてい,た,い,0,high,ichi1|news1|nf24
かたらう,か,う,0,high,news1|nf09
おんしらず,お,ず,0,high,ichi1
あゆむ,あ,む,0,high,ichi1|news2|nf46
ていがく,て,く,0,high,ichi1|news1|news2|nf09|nf32
とりまとめる,と,る,0,high,news1|nf12
こくいつこく,こ,く,0,high,ichi1|news2|nf41
なおさら,な,ら,0,high,ichi1
すぽおくすまん,す,ん,0,high,gai1
ちよう,ち,う,0,high,ichi1|news1|news2|nf04|nf10|nf15|nf18|nf35
こうずる,こ,る,0,high,news1|nf17
はくらんかい,は,い,0,high,ichi1|news1|nf12
ゆだねる,ゆ,る,0,high,ichi1
ききやく,き,く,0,high,ichi1|news1|nf16
もざいく,も,く,0,high,gai1
きめ,き,め,0,high,news1|nf18
とうるう,と,う,0,high,gai1
そくせい,そ,い,0,high,ichi1
しゆくはく,し,く,0,high,ichi1|news1|nf06
きいまん,き,ん,0,high,gai1
あらそう,あ,う,0,high,ichi1|news1|nf11
よほど,よ,ど,0,high,ichi1
にんじよう,に,う,0,high,ichi1|news1|nf13
せいしよ,せ,よ,0,high,ichi1|news1|nf14
ほんだな,ほ,な,0,high,ichi1|news1|news2|nf05|nf27
しゆつじん,し,ん,0,high,news1|nf17
がくどう,が,う,0,high,news1|nf16
けいれき,け,き,0,high,ichi1|news1|nf09
むなしい,む,い,0,high,ichi1|spec1
ぽりいぷ,ぽ,ぷ,0,high,gai1
ひとごころ,ひ,ろ,0,high,news1|nf18
むけいぶんかざい,む,い,0,high,news1|nf23
せいげん,せ,ん,0,high,ichi1|news1|nf03
すうかい,す,い,0,high,spec1
ふんとう,ふ,う,0,high,news1|nf22
らい,ら,い,0,high,ichi1|news1|nf05
たいさ,た,さ,0,high,news1|nf09|nf17
とうぐう,と,う,0,high,news1|nf16
えつくすせん,え,ん,0,high,spec1
そおぷ,そ,ぷ,0,high,gai1
えくすぺりえんす,え,す,0,high,spec1
るいけい,る,い,0,high,news1|nf13
はだいろ,は,ろ,0,high,ichi1|news2|nf41
そうげい,そ,い,0,high,news1|nf21
すこあ,す,あ,0,high,gai1
ぷるうくぼおげん,ぷ,ん,0,high,gai1
なぎさ,な,さ,0,high,ichi1|news1|nf22
かまえる,か,る,0,high,ichi1
じゆうしよ,じ,よ,0,high,ichi1|news1|nf03
ぴんく,ぴ,く,0,high,gai1|ichi1
せんぼつ,せ,つ,0,high,news1|nf12
ああと,あ,と,0,high,gai1
しんぼる,し,る,0,high,gai1|ichi1
きようぎじよう,き,う,0,high,spec1
がくぎよう,が,う,0,high,news1|nf21
りいる,り,る,0,high,gai1
ぱのらま,ぱ,ま,0,high,gai1
こうかく,こ,く,0,high,news1|nf24
うたごえ,う,え,0,high,ichi1|news1|nf16
ごるふああ,ご,あ,0,high,gai1
さんるいだ,さ,だ,0,high,news1|nf09
はこぶ,は,ぶ,0,high,ichi1|news1|nf06
こぐ,こ,ぐ,0,high,ichi1
くりだしはしご,く,ご,0,high,news1|nf24
しこう,し,う,0,high,ichi1|news1|news2|nf04|nf06|nf08|nf14|nf21|nf38|spec1
ほちようき,ほ,き,0,high,news1|nf23
ねんが,ね,が,0,high,ichi1|news1|nf22
しやげき,し,き,0,high,news1|nf13
じゆうど,じ,ど,0,high,news1|nf15
ゆるめる,ゆ,る,0,high,ichi1
まなざし,ま,し,0,high,ichi1
てれび,て,び,0,high,gai1|ichi1
きゆうでん,き,ん,0,high,news1|nf08
えんかつ,え,つ,0,high,ichi1|news1|nf10
わるがしこい,わ,い,0,high,ichi1
そなえつける,そ,る,0,high,ichi1
むちつじよ,む,よ,0,high,news1|nf24
くうええと,く,と,0,high,gai1
さくしゆ,さ,ゆ,0,high,ichi1|news2|nf34
きやつかん,き,ん,0,high,ichi1|news1|nf11
かちかち,か,ち,0,high,ichi1
じゆんれい,じ,い,0,high,news1|nf19
ふあいなる,ふ,る,0,high,gai1
ふちん,ふ,ん,0,high,news1|nf24
いやらしい,い,い,0,high,ichi1|spec1
きやべつ,き,つ,0,high,gai1|ichi1
つめ,つ,め,0,high,ichi1|news1|nf23
かぷらあ,か,あ,0,high,gai1
かちゆう,か,う,0,high,news1|nf18
またせる,ま,る,0,high,news1|nf18
ふりいすたいる,ふ,る,0,high,gai1
ひきどき,ひ,き,0,high,news1|nf17
じんもく,じ,く,0,high,ichi1|news1|nf18
ごかん,ご,ん,0,high,news1|nf19
えんそく,え,く,0,high,ichi1|news2|nf25
うしろすがた,う,た,0,high,news1|nf24
ぎじよう,ぎ,う,0,high,news1|nf10
まにふえすと,ま,と,0,high,gai1
ぷろだくしよん,ぷ,ん,0,high,gai1
すもつぐ,す,ぐ,0,high,gai1|ichi1
げん,げ,ん,0,high,news1|nf06
はつくつ,は,つ,0,high,ichi1|news1|nf08
じせき,じ,き,0,high,ichi1|news1|nf13|nf19
かたわら,か,ら,0,high,news1|nf14
けつべつ,け,つ,0,high,news1|nf13
ぎだい,ぎ,い,0,high,ichi1|news1|nf06
ほね,ほ,ね,0,high,ichi1|news1|nf04
ごにん,ご,ん,0,high,news1|nf21
こつぷ,こ,ぷ,0,high,gai1|ichi1
ばうさいど,ば,ど,0,high,gai1
みなみぐち,み,ち,0,high,news1|nf21
しつぱいだん,し,ん,0,high,spec1
そうだい,そ,い,0,high,news1|nf12
むしぱん,む,ん,0,high,spec1
ぜいむ,ぜ,む,0,high,news1|nf09
ひあい,ひ,い,0,high,news1|nf21
かいか,か,か,0,high,news1|nf16
せんきよせん,せ,ん,0,high,news1|nf06
めきしこわん,め,ん,0,high,spec1
かつかい,か,い,0,high,news1|nf21
さんばし,さ,し,0,high,ichi1|news1|nf22
あかでみい,あ,い,0,high,gai1
かあぼん,か,ん,0,high,gai1
わりだす,わ,す,0,high,ichi1|news1|nf20
きせき,き,き,0,high,ichi1|news1|nf10|nf13
じりつ,じ,つ,0,high,news1|nf06|nf20
かんさつ,か,つ,0,high,ichi1|news1|nf08|nf15
しのぐ,し,ぐ,0,high,ichi1
めいしよ,め,よ,0,high,ichi1|news1|nf11
うずまき,う,き,0,high,ichi1|news2|nf33
むらさきいろ,む,ろ,0,high,news1|nf20
すりる,す,る,0,high,gai1|ichi1
どくやく,ど,く,0,high,ichi1|news2|nf35
こけい,こ,い,0,high,ichi1|news1|nf24
ぴつと,ぴ,と,0,high,gai1
かたほう,か,う,0,high,ichi1|news1|nf16
ぱあてい,ぱ,い,0,high,gai1
きほんりようきん,き,ん,0,high,spec1
ほくとう,ほ,う,0,high,ichi1|news1|nf06
まんてん,ま,ん,0,high,ichi1|news1|nf11
たあげつと,た,と,0,high,gai1
ちやく,ち,く,0,high,ichi1|news1|nf07|nf12
りばいばる,り,る,0,high,gai1
たいへいよう,た,う,0,high,news1|nf02
しんくろ,し,ろ,0,high,gai1
あじさい,あ,い,0,high,spec1
とうもろこし,と,し,0,high,ichi1
ひびく,ひ,く,0,high,ichi1
すむうず,す,ず,0,high,gai1|ichi1
こうかいどう,こ,う,0,high,news1|nf13
じようよう,じ,う,0,high,ichi1|news1|nf16
しがいせん,し,ん,0,high,news1|nf12
しちようそん,し,ん,0,high,news1|nf04
ちやや,ち,や,0,high,news1|nf20
こんにちわ,こ,わ,0,high,ichi1
きしよう,き,う,0,high,ichi1|news1|news2|nf06|nf16|nf24|nf28
ふんだ,ふ,だ,0,high,ichi1|news1|nf05
しやれ,し,れ,0,high,ichi1|news2|nf43
さあくる,さ,る,0,high,gai1|ichi1
とおり,と,り,0,high,ichi1
こよう,こ,う,0,high,ichi1|news1|nf02
かれい,か,い,0,high,ichi1|news1|nf13
しやかいじん,し,ん,0,high,ichi1|news1|nf05
しはいにん,し,ん,0,high,news1|nf13
おとうと,お,と,0,high,ichi1|news1|nf04
もおど,も,ど,0,high,gai1
ぜんれい,ぜ,い,0,high,ichi1|news1|nf09
こんばん,こ,ん,0,high,ichi1|news2|nf29
かれんだあ,か,あ,0,high,gai1|ichi1
ゆるやか,ゆ,か,0,high,ichi1|news1|nf08
えきちよう,え,う,0,high,ichi1|news2|nf32
おと,お,と,0,high,ichi1|news1|nf02
めつたに,め,に,0,high,ichi1
すぴりつと,す,と,0,high,gai1
まねえ,ま,え,0,high,gai1|ichi1
きゆうきゆうばこ,き,こ,0,high,spec1
おおどおり,お,り,0,high,ichi1|news1|nf21
しなん,し,ん,0,high,news1|nf19
さよなら,さ,ら,0,high,ichi1
しやがい,し,い,0,high,news1|nf16
しゆみつとかめら,し,ら,0,high,gai1
あたらしい,あ,い,0,high,ichi1|news1|nf08
あんぴ,あ,ぴ,0,high,ichi1|news1|nf19
こそこそ,こ,そ,0,high,ichi1
ていりゆう,て,う,0,high,news1|nf16
かぜ,か,ぜ,0,high,ichi1|news1|nf09
たぶう,た,う,0,high,gai1
かたくな,か,な,0,high,news1|nf20
いそいそ,い,そ,0,high,ichi1
おしえる,お,る,0,high,ichi1|news2|nf38
ぎよつと,ぎ,と,0,high,ichi1
なちずむ,な,む,0,high,gai1
じえつと,じ,と,0,high,gai1
すべて,す,て,0,high,ichi1
いきよい,い,い,0,high,ichi1|news1|nf03
なかゆび,な,び,0,high,ichi1|news2|nf33
あせる,あ,る,0,high,ichi1|news2|nf42
ほお,ほ,お,0,high,ichi1|news2|nf32
とうなん,と,ん,0,high,ichi1|news1|nf03|nf13
がけ,が,け,0,high,ichi1|news2|nf32
とうはつ,と,つ,0,high,news1|nf23
おくりがな,お,な,0,high,ichi1
ぺんぎん,ぺ,ん,0,high,gai1
どち,ど,ち,0,high,ichi1|news1|nf01
なのか,な,か,0,high,ichi1|spec1
かんじ,か,じ,0,high,ichi1|news1|nf01|nf02|nf07|nf22
わあくすてえしよん,わ,ん,0,high,gai1
ひとだんらく,ひ,く,0,high,ichi1|news1|nf13
ぐんぶ,ぐ,ぶ,0,high,news1|nf05|nf21
つね,つ,ね,0,high,news1|nf05
まんげつ,ま,つ,0,high,ichi1|news2|nf26
ぷらかあど,ぷ,ど,0,high,gai1
につくねえむ,に,む,0,high,gai1
りそく,り,く,0,high,ichi1|news1|nf10
すうかげつ,す,つ,0,high,spec1
たいだ,た,だ,0,high,ichi1|news2|nf41
てきする,て,る,0,high,ichi1|news2|nf35
ぐい,ぐ,い,0,high,spec1
まえがり,ま,り,0,high,ichi1
ばいしよう,ば,う,0,high,ichi1|news1|nf03
きざし,き,し,0,high,ichi1|news1|nf06
はんどう,は,う,0,high,ichi1|news1|nf11
きようどうたい,き,い,0,high,news1|nf02
ろうさく,ろ,く,0,high,news1|nf22
ひとりでに,ひ,に,0,high,ichi1
たけ,た,け,0,high,ichi1|news1|news2|nf04|nf08|nf18|nf47
やんぐ,や,ぐ,0,high,gai1
なにとぞ,な,ぞ,0,high,ichi1|spec1
にじゆうににち,に,ち,0,high,spec1
じようもん,じ,ん,0,high,news1|nf11
いちごん,い,ん,0,high,ichi1|news1|nf07
みゆうず,み,ず,0,high,spec1
すうぱあ,す,あ,0,high,gai1|ichi1
かぐ,か,ぐ,0,high,ichi1|news1|nf08
がそりんすたんど,が,ど,0,high,gai1|ichi1
てんねんきねんぶつ,て,つ,0,high,news1|nf14
なげ,な,げ,0,high,news1|nf13
かいすう,か,う,0,high,ichi1|news1|nf05
じけつ,じ,つ,0,high,news1|nf23
しわす,し,す,0,high,ichi1|news1|nf21
むせいぶつ,む,つ,0,high,ichi1
りんかく,り,く,0,high,ichi1|news1|nf18
くら,く,ら,0,high,ichi1|news1|nf10
こほん,こ,ん,0,high,ichi1|news1|nf19
けつしようてん,け,ん,0,high,news1|nf13
じめじめ,じ,め,0,high,ichi1
ばかりか,ば,か,0,high,spec1
ぽおと,ぽ,と,0,high,gai1
さえぎる,さ,る,0,high,ichi1|news2|nf37
りけん,り,ん,0,high,news1|nf10
ろうにん,ろ,ん,0,high,ichi1|news1|nf15
さどる,さ,る,0,high,gai1
くりひろげる,く,る,0,high,news2|nf25|spec1
まんぞくかん,ま,ん,0,high,spec1
しようしや,し,や,0,high,ichi1|news1|nf04|nf09|nf14|nf15|nf22
げいげき,げ,き,0,high,news1|nf16
いぞんしよう,い,う,0,high,spec1
じつし,じ,し,0,high,ichi1|news1|nf01|nf24
につし,に,し,0,high,ichi1|news1|nf21
ほおむぐらうんど,ほ,ど,0,high,gai1
かくれる,か,る,0,high,ichi1
たつじん,た,ん,0,high,news1|nf23
おじいさん,お,ん,0,high,ichi1
めいふく,め,く,0,high,spec1
わからずや,わ,や,0,high,ichi1|news2|nf39
きよくとう,き,う,0,high,news1|nf06
じようしよう,じ,う,0,high,ichi1|news1|nf02
りいと,り,と,0,high,gai1
きたぐに,き,に,0,high,news1|nf23
ぼお,ぼ,お,0,high,gai1
えいめい,え,い,0,high,news1|nf21
なわばり,な,り,0,high,ichi1|news1|nf17
りべらりずむ,り,む,0,high,gai1
ほすぴす,ほ,す,0,high,gai1
うちあげ,う,げ,0,high,news1|nf06
ころがす,こ,す,0,high,ichi1|news2|nf28
ぜらちん,ぜ,ん,0,high,gai1
まちどおしい,ま,い,0,high,ichi1|news2|nf30
せいきよういく,せ,く,0,high,news1|nf17
そあん,そ,ん,0,high,news1|nf14
がいあつ,が,つ,0,high,news1|nf14
せいとうせいじ,せ,じ,0,high,news1|nf20
きやぷてん,き,ん,0,high,gai1
そこね,そ,ね,0,high,news1|nf24
みず,み,ず,0,high,gai1|ichi1|news1|nf01
でんそう,で,う,0,high,news1|nf19
わかもの,わ,の,0,high,ichi1|news1|nf02
うんこう,う,う,0,high,ichi1|news1|nf09|nf13
あき,あ,き,0,high,ichi1|news1|news2|nf01|nf13|nf32
ぎぷす,ぎ,す,0,high,gai1
がくちよう,が,う,0,high,ichi1|news1|nf06
せいじか,せ,か,0,high,ichi1|news1|nf01
どよめく,ど,く,0,high,ichi1
ちかずく,ち,く,0,high,ichi1|news2|nf37|spec1
まぐれ,ま,れ,0,high,ichi1|news2|nf34
こんぱす,こ,す,0,high,gai1
きつさてん,き,ん,0,high,ichi1|news1|nf10
じんせい,じ,い,0,high,ichi1|news1|nf02
かないろ,か,ろ,0,high,ichi1|news1|nf18
まわり,ま,り,0,high,ichi1|news1|nf05
ふち,ふ,ち,0,high,ichi1|news1|nf05|nf16
すうぱあぼうる,す,る,0,high,gai1
こうてい,こ,い,0,high,ichi1|news1|nf05|nf10|nf11|nf13|nf17|nf21|nf22|nf24
いきどまり,い,り,0,high,ichi1
しあん,し,ん,0,high,gai1|news1|nf12|nf19
あてはまる,あ,る,0,high,ichi1
じすう,じ,う,0,high,news1|nf23
がらす,が,す,0,high,gai1|ichi1
きれ,き,れ,0,high,ichi1
ゆちやく,ゆ,く,0,high,ichi1|news1|nf07
こんどう,こ,う,0,high,ichi1|news2|nf26
しゆうじつ,し,つ,0,high,news1|nf05
まないた,ま,た,0,high,ichi1
しゆくしや,し,や,0,high,news1|nf07
そんぱい,そ,い,0,high,news1|nf23
きんがしんねん,き,ん,0,high,ichi1
ぐあい,ぐ,い,0,high,ichi1|news1|nf07
さつし,さ,し,0,high,gai1|news1|nf14
よわめる,よ,る,0,high,ichi1|news2|nf26
かいもどし,か,し,0,high,news1|nf18
けつしや,け,や,0,high,news1|nf19
ぶつりゆう,ぶ,う,0,high,news1|nf11
りんぐ,り,ぐ,0,high,gai1
こうじちゆう,こ,う,0,high,spec1
やすらか,や,か,0,high,news1|nf23
ぶあんぱいあ,ぶ,あ,0,high,gai1
せえる,せ,る,0,high,gai1
げんに,げ,に,0,high,ichi1|news1|nf12
はつかく,は,く,0,high,ichi1|news1|nf10
まうんど,ま,ど,0,high,gai1
しゆうさん,し,ん,0,high,news1|nf22
しゆうくりいむ,し,む,0,high,gai1
ぱるぷ,ぱ,ぷ,0,high,gai1
なんべん,な,ん,0,high,ichi1
あるばいと,あ,と,0,high,gai1|ichi1
しんがあそんぐらいたあ,し,あ,0,high,gai1
りようてき,り,き,0,high,news1|nf14
どきよう,ど,う,0,high,news1|nf18
ゆうじよう,ゆ,う,0,high,ichi1|news1|nf10
つりあう,つ,う,0,high,ichi1
きやりい,き,い,0,high,gai1
さいぜんれつ,さ,つ,0,high,news1|nf21
はや,は,や,0,high,news1|nf13
でざいなあ,で,あ,0,high,gai1
おんだん,お,ん,0,high,ichi1|news1|nf06
こうぼ,こ,ぼ,0,high,news1|nf08
とうきゆう,と,う,0,high,news1|nf04
はんで,は,で,0,high,gai1
いあわせる,い,る,0,high,news1|nf22
つずく,つ,く,0,high,ichi1
ようてん,よ,ん,0,high,ichi1|news2|nf26
いしきてき,い,き,0,high,news1|nf17
およそ,お,そ,0,high,ichi1
みつめる,み,る,0,high,ichi1|news1|nf12
しいるど,し,ど,0,high,gai1
しやつくり,し,り,0,high,ichi1
しゆうし,し,し,0,high,ichi1|news1|nf03|nf09|nf21
でおくれる,で,る,0,high,news1|nf20
にち,に,ち,0,high,spec1
けえたい,け,い,0,high,ichi1|news1|nf06
あじのもと,あ,と,0,high,news1|nf23
つかねる,つ,る,0,high,ichi1|news2|nf40
しまぐに,し,に,0,high,news1|nf18
こきゆう,こ,う,0,high,ichi1|news1|nf05
うえ,う,え,0,high,ichi1|news1|nf14
おやがいしや,お,や,0,high,news1|nf11
みりよう,み,う,0,high,news1|nf18
こいん,こ,ん,0,high,gai1|ichi1
ひれつ,ひ,つ,0,high,ichi1|news2|nf25
あるふあべつと,あ,と,0,high,gai1|ichi1
たんさ,た,さ,0,high,news1|nf13
れえく,れ,く,0,high,gai1
がめん,が,ん,0,high,ichi1|news1|nf04
ぷろぐらむ,ぷ,む,0,high,gai1|ichi1
しやあくすきん,し,ん,0,high,gai1
じやのめ,じ,め,0,high,news1|nf14
りやくだつ,り,つ,0,high,news1|nf16
くたびれる,く,る,0,high,ichi1
しゆふ,し,ふ,0,high,ichi1|news1|nf02
うまれそだつ,う,つ,0,high,spec1
ぶおおかりすと,ぶ,と,0,high,gai1
げんしよく,げ,く,0,high,news1|nf03
くべつ,く,つ,0,high,ichi1|news1|nf10
くさわら,く,ら,0,high,ichi1|news1|nf13
そうぎ,そ,ぎ,0,high,ichi1|news1|nf01|nf21
りいだあ,り,あ,0,high,gai1
じんみんせんせん,じ,ん,0,high,news1|nf19
すけえていんぐ,す,ぐ,0,high,gai1
うえあ,う,あ,0,high,gai1|spec1
ふうせん,ふ,ん,0,high,ichi1|news1|nf14
けえさつ,け,つ,0,high,ichi1|news1|nf01
おおあたり,お,り,0,high,news1|nf24
かげん,か,ん,0,high,ichi1|news1|nf16|nf19|nf20
こうちや,こ,や,0,high,ichi1|news1|nf13
けいはつ,け,つ,0,high,news1|nf14
あめりかん,あ,ん,0,high,gai1
じどう,じ,う,0,high,ichi1|news1|nf03|nf04
ほうい,ほ,い,0,high,ichi1|news1|news2|nf11|nf25
あきれすけん,あ,ん,0,high,spec1
みようばん,み,ん,0,high,ichi1
うけおう,う,う,0,high,news1|nf17
くろすわあど,く,ど,0,high,gai1
わかりにくい,わ,い,0,high,spec1
けいやく,け,く,0,high,ichi1|news1|nf01
みくだす,み,す,0,high,news2|nf44|spec1
とつぱあ,と,あ,0,high,gai1
ほんとお,ほ,お,0,high,ichi1|news1|nf02
ぶつぎ,ぶ,ぎ,0,high,news1|nf20
てなおし,て,し,0,high,news1|nf19
につき,に,き,0,high,ichi1|news1|nf07
はば,は,ば,0,high,ichi1|news1|nf02
むうでいい,む,い,0,high,gai1
ひろば,ひ,ば,0,high,ichi1|news1|nf05
ひるね,ひ,ね,0,high,ichi1|news1|nf22
はやびけ,は,け,0,high,ichi1
たべあるき,た,き,0,high,news2|nf45|spec1
だいにじせかいたいせん,だ,ん,0,high,news1|nf10
こくさん,こ,ん,0,high,ichi1|news1|nf05
でんたつ,で,つ,0,high,ichi1|news1|nf13
ないまく,な,く,0,high,ichi1|news1|nf22
とりしまり,と,り,0,high,ichi1|news1|nf08
たしか,た,か,0,high,ichi1|news1|nf02
きんきよう,き,う,0,high,news1|nf24
みくらべる,み,る,0,high,ichi1|news2|nf45
もつなべ,も,べ,0,high,spec1
きようと,き,と,0,high,news1|nf01|nf03
ちんしや,ち,や,0,high,news1|nf23
むそ,む,そ,0,high,news1|nf02|spec1
つのる,つ,る,0,high,ichi1|news1|nf11
ろつかあ,ろ,あ,0,high,gai1|ichi1
でいすぷれえ,で,え,0,high,gai1
きぶん,き,ん,0,high,ichi1|news1|nf03
ねんまく,ね,く,0,high,news1|nf21
ねざす,ね,す,0,high,news1|news2|nf18|nf27
わがくに,わ,に,0,high,ichi1|news1|nf05|spec1
こくど,こ,ど,0,high,ichi1|news1|nf06
ぺんたごん,ぺ,ん,0,high,gai1
ようじん,よ,ん,0,high,ichi1|news1|news2|nf09|nf28
ねさげ,ね,げ,0,high,ichi1|news1|nf06
てんばい,て,い,0,high,news1|nf18
こうち,こ,ち,0,high,ichi1|news1|nf10|nf15
しようよ,し,よ,0,high,news1|nf18
なりに,な,に,0,high,spec1
やきとり,や,り,0,high,ichi1|news2|nf27
ひにく,ひ,く,0,high,ichi1|news1|nf14
にじゆうよじかんせい,に,い,0,high,news1|nf08
こうみんけん,こ,ん,0,high,news1|nf14
ふあんくらぶ,ふ,ぶ,0,high,gai1
みんしゆとう,み,う,0,high,news1|nf02
ちえん,ち,ん,0,high,news1|nf17
こおくすくりゆう,こ,う,0,high,gai1
ごういん,ご,ん,0,high,ichi1|news1|nf08
ろおしよん,ろ,ん,0,high,gai1
だいざい,だ,い,0,high,news1|nf09
そだい,そ,い,0,high,ichi1|news2|nf28
これ,こ,れ,0,high,ichi1
ほつといてくれ,ほ,れ,0,high,spec1
りゆうがく,り,く,0,high,ichi1|news1|nf05
ちる,ち,る,0,high,ichi1|news2|nf27
つばくらめ,つ,め,0,high,ichi1|news1|nf21
とりくち,と,ち,0,high,news1|nf19
れいぎ,れ,ぎ,0,high,ichi1|news1|nf16
つきさす,つ,す,0,high,ichi1|news2|nf40
きぐ,き,ぐ,0,high,ichi1|news1|nf11|nf17
にあう,に,う,0,high,ichi1|news2|nf25
じえらしい,じ,い,0,high,gai1
たいわ,た,わ,0,high,ichi1|news1|nf02
らびおり,ら,り,0,high,gai1
だいりにん,だ,ん,0,high,spec1
はつぽうすちろおる,は,る,0,high,news1|nf20
ちよおく,ち,く,0,high,gai1|ichi1
しようう,し,う,0,high,ichi1|news1|nf19
さんしよう,さ,う,0,high,ichi1|news1|nf08
さつたば,さ,ば,0,high,news1|nf24
ぶた,ぶ,た,0,high,ichi1|news1|nf13
はいそう,は,う,0,high,news1|nf16
ぎりしや,ぎ,や,0,high,spec1
ころんぶすでえ,こ,え,0,high,gai1
べんご,べ,ご,0,high,ichi1|news1|nf05
ちゆうにん,ち,ん,0,high,ichi1|news1|nf21
ねつべん,ね,ん,0,high,news1|nf24
せいとう,せ,う,0,high,ichi1|news1|nf01|nf06|nf18
こぞ,こ,ぞ,0,high,ichi1|news1|nf10
おうちよう,お,う,0,high,news1|nf14
ぎよう,ぎ,う,0,high,ichi1|news1|nf01|nf08
でえた,で,た,0,high,gai1|ichi1
みようごにち,み,ち,0,high,ichi1
みちくさ,み,さ,0,high,ichi1
えんじよい,え,い,0,high,gai1
なやむ,な,む,0,high,ichi1|news1|nf18
ぜんよう,ぜ,う,0,high,news1|nf09
らつち,ら,ち,0,high,gai1|spec1
うたがわしい,う,い,0,high,ichi1|news1|nf21
のりき,の,き,0,high,ichi1|news1|nf24
たいにち,た,ち,0,high,ichi1|news1|nf03
さんぼ,さ,ぼ,0,high,gai1
いちよう,い,う,0,high,ichi1|news1|nf13|nf17|nf24
うえすたん,う,ん,0,high,gai1
そくたつびん,そ,ん,0,high,ichi1
よくよう,よ,う,0,high,ichi1|news2|nf40
ういんぐ,う,ぐ,0,high,gai1
はんらん,は,ん,0,high,ichi1|news1|news2|nf09|nf38
でめりつと,で,と,0,high,gai1
くんしよう,く,う,0,high,news1|nf13
まつとう,ま,う,0,high,spec1
しえあ,し,あ,0,high,gai1
ちようちよう,ち,う,0,high,ichi1|news1|nf06|nf21|nf24
せいむ,せ,む,0,high,news1|nf10
れべる,れ,る,0,high,gai1|ichi1
さあぶ,さ,ぶ,0,high,gai1
げんゆう,げ,う,0,high,news1|nf20
きつね,き,ね,0,high,ichi1|news1|nf23
けいじどうしや,け,や,0,high,news1|nf13
どしどし,ど,し,0,high,ichi1
てがる,て,る,0,high,ichi1|news1|nf09
たいじゆう,た,う,0,high,ichi1|news1|nf05
おいしい,お,い,0,high,ichi1
しゆけん,し,ん,0,high,ichi1|news1|nf04
しんわ,し,わ,0,high,ichi1|news1|nf08
いかが,い,が,0,high,spec1
こうきん,こ,ん,0,high,news1|nf20|nf22|nf24
とりひき,と,き,0,high,ichi1|news1|nf01|spec1
ぎぶあつぷ,ぎ,ぷ,0,high,gai1
いない,い,い,0,high,ichi1|news1|nf02
くちかず,く,ず,0,high,ichi1|news2|nf27
こうはつ,こ,つ,0,high,news1|nf19
しやこく,し,く,0,high,news1|nf23
ふりいらんさあ,ふ,あ,0,high,gai1
だんすい,だ,い,0,high,ichi1|news1|nf22
さくもつ,さ,つ,0,high,ichi1|news1|nf15
かんしよう,か,う,0,high,ichi1|news1|nf09|nf12|nf19|nf24
はいざい,は,い,0,high,news1|nf24
ほうべい,ほ,い,0,high,news1|nf06
だつすい,だ,い,0,high,ichi1|news1|nf23
こくせい,こ,い,0,high,news1|nf04|nf20
すり,す,り,0,high,ichi1|news1|nf07
がくい,が,い,0,high,ichi1|news1|nf24
ずいひつ,ず,つ,0,high,ichi1|news1|nf18
さんだあばあど,さ,ど,0,high,gai1
だいだい,だ,い,0,high,ichi1|news1|nf07
れしいと,れ,と,0,high,gai1|ichi1
なにら,な,ら,0,high,ichi1|news1|nf11
はくじん,は,ん,0,high,ichi1|news1|nf04
ざいがく,ざ,く,0,high,ichi1|news1|nf09
りしよく,り,く,0,high,news1|nf23
だいえつと,だ,と,0,high,gai1
ぱわあすてありんぐ,ぱ,ぐ,0,high,gai1
さおとめ,さ,め,0,high,news1|nf13
こあ,こ,あ,0,high,gai1
はいぎよう,は,う,0,high,news1|nf22
ふらいほいいる,ふ,る,0,high,gai1
たじゆう,た,う,0,high,news1|nf17
びいふ,び,ふ,0,high,gai1
きようごうたしや,き,や,0,high,spec1
はんたいがわ,は,わ,0,high,spec1
じゆうしちにち,じ,ち,0,high,spec1
こおなりんぐ,こ,ぐ,0,high,gai1
ふくしよく,ふ,く,0,high,ichi1|news1|nf20
ららばい,ら,い,0,high,gai1
らふまにのふ,ら,ふ,0,high,gai1
とうびよう,と,う,0,high,news1|nf16
ぶんべつ,ぶ,つ,0,high,ichi1|news1|nf15
けいれつ,け,つ,0,high,ichi1|news1|nf05
しゆび,し,び,0,high,ichi1|news1|nf04
しんゆう,し,う,0,high,ichi1|news1|nf14
さきざき,さ,き,0,high,news1|nf20
みじかい,み,い,0,high,ichi1|news2|nf25
がくし,が,し,0,high,news1|nf19
ぼつしゆう,ぼ,う,0,high,news1|nf23
にくしん,に,ん,0,high,ichi1|news1|nf09
しめし,し,し,0,high,news1|nf14
それら,そ,ら,0,high,spec1
ということはない,と,い,0,high,spec1
さく,さ,く,0,high,ichi1|news1|nf07|nf13|spec1
さふあり,さ,り,0,high,gai1
ひよこ,ひ,こ,0,high,ichi1|news2|nf25
もちかぶ,も,ぶ,0,high,news1|nf12
ふうじや,ふ,や,0,high,ichi1|news1|nf09
ちあがある,ち,る,0,high,gai1
いつてきます,い,す,0,high,spec1
あたり,あ,り,0,high,ichi1|news1|nf07|nf20
ろびいすと,ろ,と,0,high,gai1
てほん,て,ん,0,high,ichi1|news1|nf13
にわり,に,り,0,high,spec1
せつしよく,せ,く,0,high,ichi1|news1|nf05
しゆつぱんぶつ,し,つ,0,high,news1|nf14
ろうじん,ろ,ん,0,high,ichi1|news1|nf02
あかし,あ,し,0,high,news1|nf19
うもう,う,う,0,high,news1|nf21
たこやき,た,き,0,high,spec1
あつためる,あ,る,0,high,ichi1
かんがえかた,か,た,0,high,news1|nf02
ちへいせん,ち,ん,0,high,ichi1|news2|nf25
ひかえ,ひ,え,0,high,news1|nf13
やりがい,や,い,0,high,spec1
あつての,あ,の,0,high,spec1
おれ,お,れ,0,high,ichi1|news1|nf12
れんじつ,れ,つ,0,high,ichi1|news1|nf05
ないといけない,な,い,0,high,spec1
ためいき,た,き,0,high,ichi1|spec1
しだいに,し,に,0,high,ichi1|news1|nf06
ないかく,な,く,0,high,ichi1|news1|nf01|nf10
ぼんやり,ぼ,り,0,high,ichi1
けんじせい,け,い,0,high,news1|nf18
なにわ,な,わ,0,high,news2|nf28|spec1
はて,は,て,0,high,news1|nf15
ちいずけえき,ち,き,0,high,gai1
まぐなむ,ま,む,0,high,gai1
おうじる,お,る,0,high,ichi1|news1|nf06
きど,き,ど,0,high,news1|nf23
ふえあ,ふ,あ,0,high,gai1
きようてき,き,き,0,high,news1|nf20
そさえてい,そ,い,0,high,gai1
てぎわ,て,わ,0,high,ichi1|news1|nf19
おもいつきり,お,り,0,high,spec1
あらなみ,あ,み,0,high,news1|nf21
しずか,し,か,0,high,ichi1|news1|nf05
ていひよう,て,う,0,high,news1|nf11
ちゆ,ち,ゆ,0,high,news1|nf24
しつち,し,ち,0,high,news1|nf09
じく,じ,く,0,high,ichi1|news1|nf03
じつせん,じ,ん,0,high,ichi1|news1|nf07|nf12
ちようだ,ち,だ,0,high,news1|nf10
まどぐち,ま,ち,0,high,ichi1|news1|nf04
ちたい,ち,い,0,high,ichi1|news1|nf04
ように,よ,に,0,high,spec1
たなん,た,ん,0,high,news1|nf18
ないじえりあ,な,あ,0,high,gai1
おじようさん,お,ん,0,high,ichi1|news1|nf21
まいく,ま,く,0,high,gai1|ichi1
たくはいびん,た,ん,0,high,spec1
ゆうろ,ゆ,ろ,0,high,gai1
せかい,せ,い,0,high,ichi1|news1|nf01
おおばあ,お,あ,0,high,gai1
あなどる,あ,る,0,high,ichi1
せだん,せ,ん,0,high,gai1
あとらくしよん,あ,ん,0,high,gai1
よなか,よ,か,0,high,ichi1|news1|nf13
かどう,か,う,0,high,news1|nf12
まで,ま,で,0,high,news2|nf46|spec1
もうふ,も,ふ,0,high,ichi1|news1|nf13
によつて,に,て,0,high,spec1
くくる,く,る,0,high,ichi1
せんぎよ,せ,よ,0,high,news1|nf23
くに,く,に,0,high,ichi1|news1|nf01|nf21
たぐぼおと,た,と,0,high,gai1
くずす,く,す,0,high,ichi1|news2|nf31
てい,て,い,0,high,ichi1|news1|nf04
ちようろう,ち,う,0,high,news1|nf09
ふかひ,ふ,ひ,0,high,ichi1|news1|nf17
ひんめい,ひ,い,0,high,ichi1|news2|nf25
しんやく,し,く,0,high,news1|nf15
あじい,あ,い,0,high,ichi1|news2|nf34
うらむ,う,む,0,high,ichi1|news2|nf47
みやくはく,み,く,0,high,ichi1|news2|nf27
じようけい,じ,い,0,high,news1|nf17
げんざい,げ,い,0,high,ichi1|news1|nf01
まんねんぴつ,ま,つ,0,high,ichi1|news1|nf20
すらつく,す,く,0,high,gai1
ぼるてえじ,ぼ,じ,0,high,gai1
つたら,つ,ら,0,high,spec1
ほんどう,ほ,う,0,high,news1|nf23
しだん,し,ん,0,high,news1|nf10
じようずる,じ,る,0,high,ichi1
ぱわふる,ぱ,る,0,high,gai1
あずい,あ,い,0,high,ichi1|news2|nf34
もくと,も,と,0,high,ichi1
かいすうけん,か,ん,0,high,ichi1|news2|nf26
でべろつぱあ,で,あ,0,high,gai1
わりこむ,わ,む,0,high,ichi1|news2|nf40
きやつしゆ,き,ゆ,0,high,gai1
まくる,ま,る,0,high,ichi1
けんえき,け,き,0,high,news1|nf18|nf23
くないちよう,く,う,0,high,news1|nf07
けん,け,ん,0,high,ichi1|news1|nf04|nf10|nf16|nf17
ひいき,ひ,き,0,high,ichi1
おぶざあば,お,ば,0,high,gai1
みんえいか,み,か,0,high,news1|nf18
なかなおり,な,り,0,high,ichi1
よこぎる,よ,る,0,high,ichi1|news2|nf35
たき,た,き,0,high,ichi1|news1|nf08|nf10|nf16
しじよう,し,う,0,high,ichi1|news1|nf01|nf02|nf11|nf21
ぞうきばやし,ぞ,し,0,high,news1|nf16
らじうむ,ら,む,0,high,gai1
ちりし,ち,し,0,high,ichi1
ちよくせつぜい,ち,い,0,high,news1|nf21
ぐんぞく,ぐ,く,0,high,news1|nf18
こういしつ,こ,つ,0,high,ichi1|news2|nf37
かたかな,か,な,0,high,ichi1|news2|nf32
がろう,が,う,0,high,news1|nf09
さんゆこく,さ,く,0,high,news1|nf13
たつとい,た,い,0,high,ichi1|news2|nf27
げんだんかい,げ,い,0,high,news1|nf11
おしいり,お,り,0,high,news1|nf16
ふくとう,ふ,う,0,high,news1|nf18
ぽてと,ぽ,と,0,high,gai1
たいざいちゆう,た,う,0,high,spec1
むかえ,む,え,0,high,ichi1|news1|nf13
たくらむ,た,む,0,high,ichi1
じゆうごにち,じ,ち,0,high,spec1
れんとげん,れ,ん,0,high,gai1|ichi1
かきゆう,か,う,0,high,news1|nf20
しよぞう,し,う,0,high,news1|nf16
いわやま,い,ま,0,high,news1|nf22
りくろ,り,ろ,0,high,news1|nf18
ぎぎ,ぎ,ぎ,0,high,news1|nf21
べんごにん,べ,ん,0,high,news1|nf13
みなさん,み,ん,0,high,ichi1|news1|nf06
はごたえ,は,え,0,high,news2|nf41|spec1
よさ,よ,さ,0,high,news1|nf08
ひざし,ひ,し,0,high,ichi1|news1|nf14
わいわい,わ,い,0,high,ichi1
ちゆうどう,ち,う,0,high,ichi1|news1|nf07
ふみん,ふ,ん,0,high,ichi1|news1|nf23
くらんくいん,く,ん,0,high,gai1
いす,い,す,0,high,ichi1|news1|nf22
たま,た,ま,0,high,ichi1|news1|nf06|nf08
すてご,す,ご,0,high,ichi1
しきい,し,い,0,high,ichi1|news2|nf33
あつみ,あ,み,0,high,news1|nf13
えつとう,え,う,0,high,news1|nf22
につぽんじゆう,に,う,0,high,spec1
そうもく,そ,く,0,high,ichi1|news1|nf24
くし,く,し,0,high,ichi1|news1|news2|nf08|nf28
せいけつ,せ,つ,0,high,ichi1|news1|nf12
かご,か,ご,0,high,ichi1|news1|nf23|spec1
せいじようか,せ,か,0,high,news1|nf13
こうこ,こ,こ,0,high,news1|nf16
ふつこく,ふ,く,0,high,news1|nf23
くろあちあ,く,あ,0,high,gai1
おつかけ,お,け,0,high,spec1
びいず,び,ず,0,high,gai1
にせい,に,い,0,high,news1|nf08
たいが,た,が,0,high,ichi1|news1|nf11
うらずけ,う,け,0,high,news1|nf10
ちゆうもく,ち,く,0,high,ichi1|news1|nf03
くりええたあ,く,あ,0,high,gai1
めくる,め,る,0,high,ichi1
とうばん,と,ん,0,high,ichi1|news1|nf08|nf21
あんかあ,あ,あ,0,high,gai1
ゆうもらす,ゆ,す,0,high,gai1
だんごう,だ,う,0,high,news1|nf05
へるすくらぶ,へ,ぶ,0,high,gai1
みすごす,み,す,0,high,ichi1|news2|nf39
みりよくてき,み,き,0,high,spec1
びくとりい,び,い,0,high,gai1
そんぼう,そ,う,0,high,news1|nf22
すぴいどうえい,す,い,0,high,spec1
こしらえる,こ,る,0,high,ichi1
しゆうとう,し,う,0,high,news1|nf19
うちだす,う,す,0,high,news1|nf11
きようさんしゆぎ,き,ぎ,0,high,ichi1|news1|nf07
しゆうき,し,き,0,high,ichi1|news1|nf15|nf17
はやさ,は,さ,0,high,ichi1|news1|nf12
はずす,は,す,0,high,ichi1|news1|nf14
ふるほんや,ふ,や,0,high,spec1
あくま,あ,ま,0,high,ichi1|news1|nf10
おうさま,お,ま,0,high,ichi1|news1|nf15
くりえいたあ,く,あ,0,high,spec1
じひ,じ,ひ,0,high,ichi1|news1|news2|nf16|nf28
おりじなりていい,お,い,0,high,gai1
ひつう,ひ,う,0,high,news1|nf22
ひらび,ひ,び,0,high,ichi1|news1|nf09
さんぴ,さ,ぴ,0,high,ichi1|news1|nf08
しきち,し,ち,0,high,ichi1|news1|nf06
ぼこおだあ,ぼ,あ,0,high,gai1
おぶざあばあ,お,あ,0,high,gai1
すとろお,す,お,0,high,gai1
ひへい,ひ,い,0,high,news1|nf22
しようむ,し,む,0,high,news1|nf09
しようさ,し,さ,0,high,news1|nf15|nf20
ぼくら,ぼ,ら,0,high,spec1
こくし,こ,し,0,high,news1|nf17
いんてりじえんと,い,と,0,high,gai1
いんふれ,い,れ,0,high,gai1|ichi1
はんばあぐ,は,ぐ,0,high,gai1
さんぴん,さ,ん,0,high,news1|nf16
あるぱいん,あ,ん,0,high,gai1
りつたあかあ,り,あ,0,high,gai1
ちほうぜい,ち,い,0,high,news1|nf16
いきすぎ,い,ぎ,0,high,ichi1|news1|nf14
ろうくみ,ろ,み,0,high,news1|nf03
ゆず,ゆ,ず,0,high,news2|nf43|spec1
だえんけい,だ,い,0,high,ichi1
ばくしよう,ば,う,0,high,news1|nf24
どき,ど,き,0,high,news1|nf13
らてんあめりか,ら,か,0,high,gai1
りゆうきゆう,り,う,0,high,spec1
むうど,む,ど,0,high,gai1|ichi1
かれき,か,き,0,high,ichi1|news2|nf38
ばらんすしいと,ば,と,0,high,gai1
けんちく,け,く,0,high,ichi1|news1|nf03
なんも,な,も,0,high,news1|nf03
うれしい,う,い,0,high,ichi1
あるふあ,あ,あ,0,high,gai1
いいなり,い,り,0,high,ichi1|news2|nf25
きつど,き,ど,0,high,gai1
なだかい,な,い,0,high,ichi1|news1|nf22
くれぐれも,く,も,0,high,ichi1
ほうすい,ほ,い,0,high,news1|nf19
ちゆうなあ,ち,あ,0,high,gai1
ひきはなす,ひ,す,0,high,ichi1|news2|nf32
じどうしや,じ,や,0,high,ichi1|news1|nf01
かんりゆう,か,う,0,high,news1|nf19
しよくりようちよう,し,う,0,high,news1|nf10
わび,わ,び,0,high,ichi1
けいとう,け,う,0,high,ichi1|news1|nf08|nf10
へりんぼおん,へ,ん,0,high,gai1
ぜつたいに,ぜ,に,0,high,ichi1
げきてき,げ,き,0,high,ichi1|news1|nf10
こうない,こ,い,0,high,news1|nf10|nf13|nf22
ふさがる,ふ,る,0,high,ichi1
ぶうる,ぶ,る,0,high,gai1
ろうどうしや,ろ,や,0,high,ichi1|news1|nf02
にゆうまく,に,く,0,high,news1|nf21
ふろうしや,ふ,や,0,high,ichi1|news2|nf39
おおきくなる,お,る,0,high,spec1
ひやす,ひ,す,0,high,ichi1|news1|nf24
ぶんかかい,ぶ,い,0,high,news1|nf09
じよい,じ,い,0,high,gai1
でなければならない,で,い,0,high,spec1
いいかえる,い,る,0,high,ichi1|news2|nf30
ねんれい,ね,い,0,high,ichi1|news1|nf02
だんじき,だ,き,0,high,news1|nf21
じきゆう,じ,う,0,high,ichi1|news1|nf10|nf16|nf24
げんしよ,げ,よ,0,high,ichi1|news2|nf33
はたあげ,は,げ,0,high,news1|nf15
くるしめる,く,る,0,high,ichi1|news1|nf17
はなやか,は,か,0,high,ichi1|news1|nf09
わあぷろ,わ,ろ,0,high,gai1|ichi1
のりこす,の,す,0,high,ichi1
いけめん,い,ん,0,high,spec1
へな,へ,な,0,high,ichi1|news1|nf19
しやぼんだま,し,ま,0,high,spec1
よも,よ,も,0,high,ichi1|news1|nf11
ひとで,ひ,で,0,high,ichi1|news1|nf17
めいしん,め,ん,0,high,ichi1|news2|nf37
めいぶんか,め,か,0,high,news1|nf21
しすたあ,し,あ,0,high,gai1
のりかえ,の,え,0,high,ichi1|news1|nf20|spec1
はんぱ,は,ぱ,0,high,ichi1|news1|nf16
だんぞく,だ,く,0,high,news1|nf11
かんがえ,か,え,0,high,ichi1|news1|nf01
かぜむき,か,き,0,high,ichi1|news1|nf19
むきゆう,む,う,0,high,ichi1|news1|nf21|nf24
かがくてき,か,き,0,high,spec1
ばろめえたあ,ば,あ,0,high,gai1
ちようせん,ち,ん,0,high,ichi1|news1|nf02|nf03
のみねえと,の,と,0,high,gai1
おてんき,お,き,0,high,spec1
とらべらあずちえつく,と,く,0,high,gai1
ぐるぐる,ぐ,る,0,high,ichi1
いけ,い,け,0,high,ichi1|news1|nf05
はいきよ,は,よ,0,high,spec1
かいめん,か,ん,0,high,ichi1|news1|nf13
しりうす,し,す,0,high,gai1
いわかん,い,ん,0,high,news1|nf12
けわい,け,い,0,high,ichi1|news1|nf05
ひとみしり,ひ,り,0,high,ichi1|news2|nf43
せんそう,せ,う,0,high,ichi1|news1|nf01
かきね,か,ね,0,high,ichi1|news1|nf14
かきこむ,か,む,0,high,news1|nf20
こそだて,こ,て,0,high,spec1
ちやんねる,ち,る,0,high,gai1|ichi1
ういんたあ,う,あ,0,high,gai1
はつそく,は,く,0,high,ichi1|news1|nf03
めつちやくちや,め,や,0,high,ichi1
きやりあ,き,あ,0,high,gai1
けんぶつにん,け,ん,0,high,ichi1|news2|nf30
さしあげる,さ,る,0,high,ichi1|news2|nf32
ばんと,ば,と,0,high,gai1
でいれくとり,で,り,0,high,gai1
しよしゆつ,し,つ,0,high,news1|nf13
ぼうりよくだん,ぼ,ん,0,high,news1|nf02
きようこ,き,こ,0,high,news1|nf13
ぽおず,ぽ,ず,0,high,gai1
さつえい,さ,い,0,high,ichi1|news1|nf03
うわつちようし,う,し,0,high,news1|nf05
おき,お,き,0,high,ichi1|news1|nf16
どらつぐ,ど,ぐ,0,high,gai1
そうか,そ,か,0,high,ichi1|news1|nf21|spec1
ひてい,ひ,い,0,high,ichi1|news1|nf05
うんきゆう,う,う,0,high,ichi1|news2|nf29
ぼおど,ぼ,ど,0,high,gai1
もおぜる,も,る,0,high,gai1
しんこう,し,う,0,high,ichi1|news1|nf04|nf07|nf09|nf10|nf12|nf14
ぐんたい,ぐ,い,0,high,ichi1|news1|nf06
ふるぼん,ふ,ん,0,high,ichi1|news1|nf19
こがた,こ,た,0,high,ichi1|news1|nf05
かんしや,か,や,0,high,ichi1|news1|nf08
はじめに,は,に,0,high,ichi1|spec1
びりよう,び,う,0,high,news1|nf21
さて,さ,て,0,high,ichi1
つきずき,つ,き,0,high,news1|nf21
ほんい,ほ,い,0,high,news1|nf09
きかざる,き,る,0,high,ichi1|news2|nf29
きやすたあ,き,あ,0,high,gai1
こうしんりよう,こ,う,0,high,news2|nf27|spec1
もくせい,も,い,0,high,news1|nf13
しゆそく,し,く,0,high,ichi1|news1|nf09
せいえい,せ,い,0,high,news1|nf21
とうあん,と,ん,0,high,ichi1|news1|nf17
しよ,し,よ,0,high,ichi1
つみたて,つ,て,0,high,ichi1|news2|nf27|spec1
ひととし,ひ,し,0,high,spec1
いきごみ,い,み,0,high,news1|nf10
せいのう,せ,う,0,high,ichi1|news1|nf08
よくとし,よ,し,0,high,ichi1|news1|nf05
ふたなのか,ふ,か,0,high,news1|nf11
どおまあういんどお,ど,お,0,high,gai1
としをとる,と,る,0,high,spec1
はいとう,は,う,0,high,ichi1|news1|nf05
ぬま,ぬ,ま,0,high,ichi1|news1|nf10
しんぱい,し,い,0,high,ichi1|news1|nf04
こおどれす,こ,す,0,high,gai1
すうじつ,す,つ,0,high,news1|nf08
もじ,も,じ,0,high,ichi1|news1|nf03
なげる,な,る,0,high,ichi1|news2|nf44
かんご,か,ご,0,high,ichi1|news1|news2|nf05|nf37
じゆどうてき,じ,き,0,high,ichi1
ぷろだくと,ぷ,と,0,high,gai1
しんずる,し,る,0,high,ichi1|news2|nf30
ばん,ば,ん,0,high,gai1|ichi1|news1|nf07|nf13|nf21|spec1
わいろ,わ,ろ,0,high,ichi1|news2|nf36
そちら,そ,ら,0,high,ichi1
みらい,み,い,0,high,ichi1|news1|nf04
かんし,か,し,0,high,ichi1|news1|nf02
ひとまず,ひ,ず,0,high,ichi1
たつとぶ,た,ぶ,0,high,ichi1
みずいらず,み,ず,0,high,ichi1|news2|nf38
るう,る,う,0,high,gai1
じゆうらい,じ,い,0,high,ichi1|news1|nf01
かむり,か,り,0,high,ichi1|news1|nf06
ちゆうしゆつ,ち,つ,0,high,news1|nf17
みんく,み,く,0,high,gai1
けむ,け,む,0,high,ichi1|news1|nf07
とうふ,と,ふ,0,high,ichi1|news1|nf14
どうきゆうせい,ど,い,0,high,ichi1|news1|nf09
あんじゆう,あ,う,0,high,news2|nf37|spec1
しみる,し,る,0,high,ichi1|news2|nf40
しぐれ,し,れ,0,high,ichi1|news2|nf33
ほんめい,ほ,い,0,high,ichi1|news1|nf04|nf14
しつてん,し,ん,0,high,news1|nf04
きずぐち,き,ち,0,high,news1|nf24
もおたあ,も,あ,0,high,gai1|ichi1
ばすけつとぼおる,ば,る,0,high,gai1|ichi1
おろしうりぶつか,お,か,0,high,news1|nf17
てんじ,て,じ,0,high,ichi1|news1|nf05|nf10
まいほおむ,ま,む,0,high,gai1
かんきようもんだい,か,い,0,high,spec1
たに,た,に,0,high,ichi1|news1|nf03
えんざん,え,ん,0,high,news1|nf20|nf21
しじ,し,じ,0,high,ichi1|news1|nf01|nf04|nf14
ほいくしよ,ほ,よ,0,high,ichi1|news1|nf11
かいりよう,か,う,0,high,ichi1|news1|nf08
ながびく,な,く,0,high,ichi1|news2|nf32
きようしや,き,や,0,high,news2|nf29|spec1
こんじつ,こ,つ,0,high,ichi1|news1|nf02
りきじ,り,じ,0,high,news1|nf06
はいぺえす,は,す,0,high,gai1
こころよい,こ,い,0,high,ichi1|news1|nf22
えつねん,え,ん,0,high,news1|nf16
ひきだし,ひ,し,0,high,ichi1|news1|nf11
しゆぷれひこおる,し,る,0,high,gai1
げんしろ,げ,ろ,0,high,news1|nf06
めす,め,す,0,high,gai1|ichi1|news1|nf15
はなばなしい,は,い,0,high,ichi1|news2|nf30
ぶんぽう,ぶ,う,0,high,ichi1|news1|nf22
ふうとう,ふ,う,0,high,ichi1|news1|nf11
にじゆういちにち,に,ち,0,high,spec1
おうぶん,お,ん,0,high,news1|nf18
みらあじゆ,み,ゆ,0,high,gai1
ぶんかつ,ぶ,つ,0,high,ichi1|news1|nf06
りつこく,り,く,0,high,news1|nf16
ていきようしや,て,や,0,high,news1|nf10
ひかくてき,ひ,き,0,high,ichi1|news2|nf38
よつか,よ,か,0,high,ichi1|spec1
うい,う,い,0,high,ichi1|news1|nf01
おつそおい,お,い,0,high,ichi1|news1|nf18
てつ,て,つ,0,high,ichi1|news1|nf04
ほんかん,ほ,ん,0,high,news1|nf14
おも,お,も,0,high,ichi1
さんとら,さ,ら,0,high,gai1
とたん,と,ん,0,high,gai1|ichi1|news2|nf26
ぴいなつ,ぴ,つ,0,high,gai1
ぼしゆう,ぼ,う,0,high,ichi1|news1|nf04
かうぼおい,か,い,0,high,gai1
ふんわり,ふ,り,0,high,spec1
ゆうち,ゆ,ち,0,high,news1|nf09
てれかんふあれんす,て,す,0,high,gai1
ばなな,ば,な,0,high,gai1|ichi1
どくとりん,ど,ん,0,high,gai1
ぐらむ,ぐ,む,0,high,gai1|ichi1
ほんるい,ほ,い,0,high,news1|nf14
こくない,こ,い,0,high,ichi1|news1|nf01
めぬき,め,き,0,high,news1|nf22
ほうどう,ほ,う,0,high,ichi1|news1|nf01
ひつき,ひ,き,0,high,ichi1|news1|nf18
さむらい,さ,い,0,high,ichi1|news1|nf14|nf18
こけ,こ,け,0,high,news2|nf36|nf47|spec1
さつ,さ,つ,0,high,ichi1|news2|nf46
まあまあ,ま,あ,0,high,ichi1
えすぷり,え,り,0,high,gai1
はいれつ,は,つ,0,high,ichi1|news1|nf19
でんとうぶんか,で,か,0,high,spec1
けんどう,け,う,0,high,ichi1|news1|nf11|nf17
せんじ,せ,じ,0,high,news1|nf07
ほんとおに,ほ,に,0,high,ichi1
ぜつく,ぜ,く,0,high,news1|nf24
かみそり,か,り,0,high,ichi1
たえまなく,た,く,0,high,ichi1
かちこす,か,す,0,high,news1|nf20
ふくろ,ふ,ろ,0,high,ichi1|news1|nf08
よわい,よ,い,0,high,ichi1|news1|nf20|nf24
ぬる,ぬ,る,0,high,ichi1|news2|nf27
おそおい,お,い,0,high,ichi1|news1|nf18
かくさ,か,さ,0,high,ichi1|news1|nf03
しこうさくご,し,ご,0,high,ichi1|news1|nf16
じじよう,じ,う,0,high,ichi1|news1|nf01|nf18|nf22
はいく,は,く,0,high,gai1|ichi1|news1|nf05
みにこみ,み,み,0,high,gai1
つよき,つ,き,0,high,ichi1|news1|nf06
ひようき,ひ,き,0,high,ichi1|news1|nf12
しりよく,し,く,0,high,ichi1|news1|nf14
とうちよう,と,う,0,high,news1|nf13|nf16
はんぶん,は,ん,0,high,ichi1|news1|nf02
しゆうさい,し,い,0,high,ichi1|news2|nf33
れぷら,れ,ら,0,high,gai1
みいら,み,ら,0,high,gai1
のき,の,き,0,high,ichi1|news1|nf17
ないよう,な,う,0,high,ichi1|news1|nf01
ほんきよ,ほ,よ,0,high,news1|nf07
かかわらず,か,ず,0,high,spec1
ふもん,ふ,ん,0,high,news1|nf22
ちゆうにち,ち,ち,0,high,news1|nf07|nf08
ひんしつ,ひ,つ,0,high,ichi1|news1|nf07
どくさい,ど,い,0,high,ichi1|news1|nf06
じよめい,じ,い,0,high,news1|nf12
へいわ,へ,わ,0,high,ichi1|news1|nf01
まじうる,ま,る,0,high,news1|nf16
そつち,そ,ち,0,high,ichi1
だつたら,だ,ら,0,high,spec1
さあびすえりあ,さ,あ,0,high,gai1
ながす,な,す,0,high,ichi1|news1|nf08
ぐらうんど,ぐ,ど,0,high,gai1|ichi1
どうしつ,ど,つ,0,high,news1|nf19
すいぎん,す,ん,0,high,news1|nf13
りみてつど,り,ど,0,high,gai1
かごむ,か,む,0,high,ichi1|news1|nf07
しようじゆう,し,う,0,high,news1|nf12
ひつしや,ひ,や,0,high,ichi1|news1|nf11
ふああむ,ふ,む,0,high,gai1
くじびき,く,き,0,high,ichi1|spec1
わらい,わ,い,0,high,ichi1|news1|nf04
みなり,み,り,0,high,ichi1|news2|nf39
きせいじじつ,き,つ,0,high,news1|nf19
つうねん,つ,ん,0,high,news1|nf18|nf22
ゆきぐに,ゆ,に,0,high,news1|nf22
よあけ,よ,け,0,high,ichi1|news1|nf14
たいいくかん,た,ん,0,high,spec1
しきりに,し,に,0,high,ichi1
からあ,か,あ,0,high,gai1|ichi1|spec1
こころざす,こ,す,0,high,ichi1|news2|nf36
ちゆうさ,ち,さ,0,high,news1|nf23
けんてい,け,い,0,high,ichi1|news1|nf07
ていつしゆぺえぱあ,て,あ,0,high,gai1
しゆつしや,し,や,0,high,news2|nf32|spec1
ぷるとにうむ,ぷ,む,0,high,gai1
まかろに,ま,に,0,high,gai1
とうりやく,と,く,0,high,news1|nf17
たいせいよう,た,う,0,high,news1|nf05
すいようび,す,び,0,high,ichi1
いんたあなしよなる,い,る,0,high,gai1
ねんちやく,ね,く,0,high,ichi1|news2|nf39
ぼおだあらいん,ぼ,ん,0,high,gai1
ふる,ふ,る,0,high,gai1|ichi1|news2|nf27|nf42
なかよく,な,く,0,high,ichi1|news1|nf14
しんぶん,し,ん,0,high,ichi1|news1|nf01
ふりいきつく,ふ,く,0,high,gai1
れきぜん,れ,ん,0,high,news1|nf23
りやくご,り,ご,0,high,ichi1|news2|nf32
じゆびりい,じ,い,0,high,gai1
ほけんじよ,ほ,よ,0,high,news1|nf12|spec1
のるま,の,ま,0,high,spec1
でむく,で,く,0,high,news1|nf22
わりだか,わ,か,0,high,news1|nf12
しゆちよう,し,う,0,high,ichi1|news1|nf02|nf07
まみえ,ま,え,0,high,ichi1|news1|nf22
てつきり,て,り,0,high,ichi1
ぶれえか,ぶ,か,0,high,gai1
そうしゆつ,そ,つ,0,high,news1|nf13
しゆだん,し,ん,0,high,ichi1|news1|nf03
ふおおく,ふ,く,0,high,gai1|ichi1
いとしい,い,い,0,high,ichi1|news1|nf14
ぼれい,ぼ,い,0,high,spec1
こうてき,こ,き,0,high,news1|nf03
たちよみ,た,み,0,high,ichi1
ゆずる,ゆ,る,0,high,ichi1|news2|nf39
さてらいと,さ,と,0,high,gai1
のうど,の,ど,0,high,news1|nf07
じよういん,じ,ん,0,high,news1|nf03|nf08
すいりよく,す,く,0,high,ichi1|news1|nf19
すてえき,す,き,0,high,gai1
げり,げ,り,0,high,ichi1|news1|nf15
さいしんえい,さ,い,0,high,spec1
すてろいど,す,ど,0,high,gai1
らいあびりていい,ら,い,0,high,gai1
したう,し,う,0,high,ichi1|news2|nf28
にゆうきよ,に,よ,0,high,news1|nf08
まちあい,ま,い,0,high,news1|nf21
ぎゆうぎゆう,ぎ,う,0,high,ichi1
かたろぐ,か,ぐ,0,high,gai1|ichi1
かいろう,か,う,0,high,news1|nf20
ききんぞく,き,く,0,high,news1|nf14
かるがる,か,る,0,high,news1|nf21
あてはめる,あ,る,0,high,ichi1
ごりん,ご,ん,0,high,news1|nf01
いちれい,い,い,0,high,news1|nf14
おれる,お,る,0,high,ichi1
ていきよう,て,う,0,high,ichi1|news1|nf03
ぱらどつくす,ぱ,す,0,high,gai1
さつがい,さ,い,0,high,news1|nf07
とりきめ,と,め,0,high,ichi1|news1|nf12
きずく,き,く,0,high,ichi1|news2|nf31|spec1
しるくろおど,し,ど,0,high,gai1
めいちよ,め,よ,0,high,ichi1|news2|nf28
さんぜん,さ,ん,0,high,news1|nf03|spec1
せんたつき,せ,き,0,high,ichi1|news1|nf13
えあろびくす,え,す,0,high,gai1
しゆうけつ,し,つ,0,high,news1|nf03
まどれえぬ,ま,ぬ,0,high,gai1
せきはん,せ,ん,0,high,ichi1|news2|nf33
しらせ,し,せ,0,high,ichi1
つうしんはんばい,つ,い,0,high,news1|nf16
とめがね,と,ね,0,high,news1|nf21
ごうれい,ご,い,0,high,news1|nf24
だか,だ,か,0,high,gai1|news1|nf12
そのよう,そ,う,0,high,spec1
いるみねえしよん,い,ん,0,high,gai1
しりあ,し,あ,0,high,gai1
おせいぼ,お,ぼ,0,high,ichi1
るうていん,る,ん,0,high,gai1
どうりよう,ど,う,0,high,news1|nf05
せんぱつ,せ,つ,0,high,news1|nf03
にがおえ,に,え,0,high,ichi1
はちまき,は,き,0,high,ichi1|news2|nf29
ぜいきん,ぜ,ん,0,high,ichi1|news1|nf05
によつてことなる,に,る,0,high,spec1
なんでも,な,も,0,high,ichi1|news1|nf07
しようがく,し,く,0,high,news1|nf05|nf16|nf17|nf23
かりな,か,な,0,high,news1|nf14
つうや,つ,や,0,high,ichi1|news1|nf19
なんねん,な,ん,0,high,spec1
ぼうげつ,ぼ,つ,0,high,news1|nf11
ふせい,ふ,い,0,high,ichi1|news1|nf04
ぎだ,ぎ,だ,0,high,news1|nf15
こあら,こ,ら,0,high,gai1
ぼうえいちよう,ぼ,う,0,high,news1|nf03
なくなる,な,る,0,high,ichi1
ばあじん,ば,ん,0,high,gai1
じよげん,じ,ん,0,high,ichi1|news1|nf12
もくぞう,も,う,0,high,ichi1|news1|nf06
ほのめかす,ほ,す,0,high,ichi1
めいじつ,め,つ,0,high,news1|nf17
ばんち,ば,ち,0,high,ichi1|news2|nf41
けいにく,け,く,0,high,news1|nf23
しようさつし,し,し,0,high,news1|nf17
へるつ,へ,つ,0,high,gai1
てぬぐい,て,い,0,high,ichi1|news2|nf34|spec1
だいぶん,だ,ん,0,high,ichi1|news1|nf11
しえいく,し,く,0,high,gai1
うがい,う,い,0,high,ichi1
ずひよう,ず,う,0,high,ichi1|news2|nf26
ふりよう,ふ,う,0,high,ichi1|news1|nf06
いつそ,い,そ,0,high,ichi1
どみの,ど,の,0,high,gai1
うらめん,う,ん,0,high,news1|nf19
みおくり,み,り,0,high,ichi1|news1|nf08
とりかえす,と,す,0,high,ichi1|news2|nf46
ふらすこ,ふ,こ,0,high,gai1
ちんぷんかんぷん,ち,ん,0,high,ichi1
げんちよう,げ,う,0,high,ichi1|news1|nf09
ぱとろおる,ぱ,る,0,high,gai1
うりば,う,ば,0,high,ichi1|news1|nf06
めえる,め,る,0,high,gai1
じやつき,じ,き,0,high,gai1
こんだくたあ,こ,あ,0,high,gai1
ひようろん,ひ,ん,0,high,ichi1|news1|nf08
ふみきる,ふ,る,0,high,ichi1|news2|nf38
うどん,う,ん,0,high,ichi1
こくがく,こ,く,0,high,news1|nf13
ふじよ,ふ,よ,0,high,ichi1|news1|news2|nf18|nf36|nf37|spec1
しんぴ,し,ぴ,0,high,ichi1|news1|nf20
あかんぼ,あ,ぼ,0,high,ichi1|news1|nf14
ふあんど,ふ,ど,0,high,gai1
たまねぎ,た,ぎ,0,high,ichi1|spec2
いつこ,い,こ,0,high,news1|nf11
ではないか,で,か,0,high,spec1
けい,け,い,0,high,ichi1|news1|nf03|nf06|nf07|nf11|nf16
もくじ,も,じ,0,high,ichi1|news2|nf30
おこす,お,す,0,high,ichi1|news1|news2|nf13|nf37
きらす,き,す,0,high,news1|nf11
りんやちよう,り,う,0,high,news1|nf17
ざんそん,ざ,ん,0,high,news1|nf24
ほうしやのう,ほ,う,0,high,ichi1|news1|nf07
すくりぷたあ,す,あ,0,high,gai1
しんぜん,し,ん,0,high,ichi1|news1|nf09
ちやあたあ,ち,あ,0,high,gai1
たいこ,た,こ,0,high,ichi1|news1|nf11
ゆうすい,ゆ,い,0,high,news2|nf38|spec1
ぶんらく,ぶ,く,0,high,news1|nf14
おおきい,お,い,0,high,ichi1|news1|nf07
はなつ,は,つ,0,high,ichi1|news1|nf21
かいつう,か,う,0,high,news1|nf14
いつき,い,き,0,high,news1|nf03
こすもす,こ,す,0,high,gai1
すうぱあばいざあ,す,あ,0,high,gai1
まるち,ま,ち,0,high,gai1
すとらいぷ,す,ぷ,0,high,gai1
しんじる,し,る,0,high,ichi1|news2|nf38
うねる,う,る,0,high,ichi1
ゆうこうかつよう,ゆ,う,0,high,spec1
ちゆうぜん,ち,ん,0,high,news1|nf08
うなずく,う,く,0,high,ichi1
ぎやくてんがち,ぎ,ち,0,high,news1|nf10
しんぴん,し,ん,0,high,news1|nf15
きりあめ,き,め,0,high,ichi1|news2|nf46
すらすら,す,ら,0,high,ichi1|spec1
なごり,な,り,0,high,ichi1|news1|nf15|nf19
じゆうる,じ,る,0,high,gai1
しくらめん,し,ん,0,high,gai1
おさない,お,い,0,high,ichi1|news2|nf44
こくえん,こ,ん,0,high,news1|nf19
とらつく,と,く,0,high,gai1|ichi1
そうけん,そ,ん,0,high,news1|nf24
くるむ,く,む,0,high,ichi1
つきはじめ,つ,め,0,high,ichi1|news2|nf47
べんろん,べ,ん,0,high,ichi1|news1|nf15
だいとし,だ,し,0,high,spec1
こべつほうもん,こ,ん,0,high,news1|nf19
もにゆめんと,も,と,0,high,gai1
しばふ,し,ふ,0,high,ichi1|news1|nf14
かいがんせん,か,ん,0,high,news1|nf19
いつもどおり,い,り,0,high,spec1
すみごこち,す,ち,0,high,news1|nf06
けいざい,け,い,0,high,ichi1|news1|nf01
はげます,は,す,0,high,ichi1|news1|nf18
どろ,ど,ろ,0,high,ichi1|news1|nf10
あしからず,あ,ず,0,high,ichi1
ながさき,な,き,0,high,spec1
がいむしよう,が,う,0,high,ichi1|news1|nf01
まるちめでいあ,ま,あ,0,high,gai1
じちけん,じ,ん,0,high,news1|nf15
こうこうせい,こ,い,0,high,ichi1|news1|nf03
かると,か,と,0,high,gai1
きつと,き,と,0,high,gai1|ichi1
ことごとく,こ,く,0,high,ichi1
しいと,し,と,0,high,gai1|ichi1|news2|nf36
ほりよ,ほ,よ,0,high,ichi1|news1|nf06
かつしよく,か,く,0,high,news1|nf20
ねんきん,ね,ん,0,high,news1|nf02
すいぶん,す,ん,0,high,ichi1|news1|nf11
おんれい,お,い,0,high,ichi1|news2|nf37
ぶれえき,ぶ,き,0,high,gai1|ichi1
おんしつ,お,つ,0,high,ichi1|news1|nf13|nf17
にるいだ,に,だ,0,high,news1|nf04
こうすいりよう,こ,う,0,high,news1|nf18
はんぎやく,は,く,0,high,ichi1|news1|nf21
ひろいもの,ひ,の,0,high,news1|nf13
せしうむ,せ,む,0,high,gai1
とりわけ,と,け,0,high,ichi1|news2|nf28
げんどうりよく,げ,く,0,high,news1|nf09
しやこう,し,う,0,high,ichi1|news1|nf24
じゆうみん,じ,ん,0,high,ichi1|news1|nf01
ちくび,ち,び,0,high,news2|nf42|spec1
もうしあわせ,も,せ,0,high,news1|nf15
ささつ,さ,つ,0,high,news1|nf02
みつ,み,つ,0,high,ichi1|news1|nf03|nf24
さこく,さ,く,0,high,ichi1|news1|nf20
しやつとあうと,し,と,0,high,gai1
いど,い,ど,0,high,ichi1|news1|news2|nf09|nf30
みいていんぐ,み,ぐ,0,high,gai1|ichi1
のきなみ,の,み,0,high,ichi1|news2|nf31
ぜんりん,ぜ,ん,0,high,news1|nf21
でんつうだい,で,い,0,high,news1|nf08
せんどう,せ,う,0,high,news1|nf18|nf20
まれえしあ,ま,あ,0,high,gai1
けんげん,け,ん,0,high,ichi1|news1|nf03
てくにかる,て,る,0,high,gai1
がいしゆつ,が,つ,0,high,ichi1|news1|nf10
りようさん,り,ん,0,high,news1|nf16
わあるどしりいず,わ,ず,0,high,gai1
さんさく,さ,く,0,high,news1|nf23
やすまる,や,る,0,high,news1|nf20
ときはかねなり,と,り,0,high,spec1
たなばた,た,た,0,high,ichi1|news1|nf22
くういき,く,き,0,high,news1|nf13
こくぜい,こ,い,0,high,ichi1|news1|nf11
けんむ,け,む,0,high,news1|nf20
あいてがた,あ,た,0,high,news1|nf17
びようしつ,び,つ,0,high,ichi1|news1|nf13
つぶやく,つ,く,0,high,ichi1
しんぐるす,し,す,0,high,gai1
さつとう,さ,う,0,high,ichi1|news2|nf36
ぎようかく,ぎ,く,0,high,news1|nf06
えくぼ,え,ぼ,0,high,ichi1
しざい,し,い,0,high,news1|nf09
そだてる,そ,る,0,high,ichi1
あいて,あ,て,0,high,ichi1|news1|nf01
しいえむ,し,む,0,high,spec1
おいあげる,お,る,0,high,news1|nf19
ずうつと,ず,と,0,high,spec1
ほおむどらま,ほ,ま,0,high,gai1
さは,さ,は,0,high,news1|nf07
るうじゆ,る,ゆ,0,high,gai1
たとうう,た,う,0,high,spec1
きようりゆう,き,う,0,high,news1|nf08
じえのさいど,じ,ど,0,high,gai1
きやつとうおおく,き,く,0,high,gai1
とらいある,と,る,0,high,gai1
ないぞう,な,う,0,high,ichi1|news1|nf13|nf15
はめ,は,め,0,high,news1|nf22
ろおす,ろ,す,0,high,gai1
ぱれす,ぱ,す,0,high,gai1
てれこむ,て,む,0,high,gai1
せいぶつ,せ,つ,0,high,ichi1|news1|nf04
たんいつ,た,つ,0,high,ichi1|news1|nf10
りにゆうある,り,る,0,high,gai1
じざい,じ,い,0,high,news1|nf12
ぴいぴんぐとむ,ぴ,む,0,high,gai1
だいち,だ,ち,0,high,ichi1|news1|nf09|nf22
さいぜん,さ,ん,0,high,news1|nf11
ととのえる,と,る,0,high,ichi1
まくあけ,ま,け,0,high,news1|nf14
さきだつて,さ,て,0,high,spec1
つなわち,つ,ち,0,high,ichi1|news2|nf43
むきげん,む,ん,0,high,ichi1|news1|nf14
めじやあ,め,あ,0,high,gai1
なんともいえない,な,い,0,high,spec1
だいせいこう,だ,う,0,high,spec1
でぱちか,で,か,0,high,spec1
くちけんか,く,か,0,high,ichi1
びんぎ,び,ぎ,0,high,ichi1|news1|nf11
なみた,な,た,0,high,ichi1|news1|nf04
にじゆうはちにち,に,ち,0,high,spec1
とんとん,と,ん,0,high,ichi1
おんりよう,お,う,0,high,news2|nf26|spec1
だいだいてき,だ,き,0,high,news1|nf16
じぎよう,じ,う,0,high,ichi1|news1|nf01|nf14
それぞれ,そ,れ,0,high,ichi1
じゆうしまい,じ,い,0,high,spec1
なとりうむ,な,む,0,high,gai1
ねんげつ,ね,つ,0,high,ichi1|news1|nf17
まとめる,ま,る,0,high,ichi1
こうらく,こ,く,0,high,ichi1|news1|nf20
ぱびりおん,ぱ,ん,0,high,gai1
では,で,は,0,high,ichi1
はくげき,は,き,0,high,news1|nf23
もおつあると,も,と,0,high,gai1
うば,う,ば,0,high,ichi1|news1|nf10
みんかん,み,ん,0,high,ichi1|news1|nf01
さらりいまん,さ,ん,0,high,gai1|ichi1
はんたあ,は,あ,0,high,gai1
かていきようし,か,し,0,high,news1|nf17
りようじ,り,じ,0,high,news1|nf19
かわいらしい,か,い,0,high,ichi1
こうり,こ,り,0,high,ichi1|news1|nf14
くらうん,く,ん,0,high,gai1
さくぶん,さ,ん,0,high,ichi1|news1|nf09
でみ,で,み,0,high,gai1
ひきわたし,ひ,し,0,high,news1|nf10
いろんな,い,な,0,high,ichi1
おくそく,お,く,0,high,news1|nf11
じええあある,じ,る,0,high,spec1
しんはつばい,し,い,0,high,spec1
こけら,こ,ら,0,high,news2|nf36|spec1
こんふいぎゆれえしよん,こ,ん,0,high,gai1
おんどけい,お,い,0,high,spec1
はんしよく,は,く,0,high,ichi1|news1|nf10
ぐらし,ぐ,し,0,high,ichi1|news1|nf04
とちよう,と,う,0,high,ichi1|news1|nf11
ぷらん,ぷ,ん,0,high,gai1|ichi1
ほう,ほ,う,0,high,ichi1|news1|nf12|nf18
いろいろあつて,い,て,0,high,spec1
しんくたんく,し,く,0,high,gai1
ねらう,ね,う,0,high,ichi1|news1|nf13
えいず,え,ず,0,high,gai1|ichi1
ふくらむ,ふ,む,0,high,ichi1|news1|nf18
しいあは,し,は,0,high,spec1
となり,と,り,0,high,ichi1|news1|nf04
れいはい,れ,い,0,high,news1|nf15
となると,と,と,0,high,spec1
すうこ,す,こ,0,high,news1|nf23
じゆんど,じ,ど,0,high,news1|nf24
とうてん,と,ん,0,high,spec1
たいめん,た,ん,0,high,news1|nf14
てがみ,て,み,0,high,ichi1|news1|nf03
きようたい,き,い,0,high,spec1
ぺんさき,ぺ,き,0,high,spec1
わかめ,わ,め,0,high,ichi1
やたら,や,ら,0,high,ichi1
へくたある,へ,る,0,high,gai1
ほんこう,ほ,う,0,high,news2|nf25|spec1
すきま,す,ま,0,high,ichi1|news2|nf45
しんかい,し,い,0,high,news1|nf20
そうりふ,そ,ふ,0,high,news1|nf08
おのずから,お,ら,0,high,ichi1
しようみきげん,し,ん,0,high,spec1
そうりよう,そ,う,0,high,news1|nf08|nf15
ええ,え,え,0,high,ichi1
はいすくうる,は,る,0,high,gai1
はか,は,か,0,high,ichi1|news1|nf06
ここ,こ,こ,0,high,ichi1|news1|nf01|nf07
ひととき,ひ,き,0,high,ichi1|spec1
きりがない,き,い,0,high,spec1
なまける,な,る,0,high,ichi1
きがい,き,い,0,high,news1|nf21|nf22
あくやく,あ,く,0,high,news1|nf19
できるだけ,で,け,0,high,ichi1|news1|nf18
ぶつさん,ぶ,ん,0,high,news1|nf16
ていじせい,て,い,0,high,news1|nf18
りようようしよ,り,よ,0,high,ichi1
ふうん,ふ,ん,0,high,ichi1|news1|nf21
らいにち,ら,ち,0,high,ichi1|news1|nf03
すぽおていい,す,い,0,high,gai1
しよゆうしや,し,や,0,high,spec1
つるつる,つ,る,0,high,ichi1
くつう,く,う,0,high,ichi1|news1|nf11
つうち,つ,ち,0,high,ichi1|news1|nf07
けそう,け,う,0,high,ichi1|news1|nf05
じようぶん,じ,ん,0,high,news1|nf13
つみたてきん,つ,ん,0,high,news1|nf15
にがお,に,お,0,high,news1|nf08
びゆうろお,び,お,0,high,gai1
じんけんひ,じ,ひ,0,high,news1|nf07
のうさぎよう,の,う,0,high,news1|nf18
いでん,い,ん,0,high,ichi1|news1|nf12
いもうと,い,と,0,high,ichi1|news1|nf06
ちようしよく,ち,く,0,high,ichi1|news1|nf08
せんろ,せ,ろ,0,high,ichi1|news1|nf10
ひしよ,ひ,よ,0,high,ichi1|news1|news2|nf02|nf27
さとおや,さ,や,0,high,news1|nf21
ばれえ,ば,え,0,high,gai1|ichi1
とびだし,と,し,0,high,news1|nf12
げんしゆく,げ,く,0,high,news1|nf16
えんじよ,え,よ,0,high,ichi1|news1|nf01
くずれる,く,る,0,high,ichi1|news1|nf08
いんとろ,い,ろ,0,high,gai1
ちようしゆう,ち,う,0,high,ichi1|news1|nf09|nf12
であし,で,し,0,high,news1|nf12
ようこそ,よ,そ,0,high,ichi1
けいし,け,し,0,high,ichi1|news1|nf13|nf17
げんろん,げ,ん,0,high,ichi1|news1|nf08
だいがくせい,だ,い,0,high,ichi1
つずり,つ,り,0,high,ichi1|news1|nf23
おわび,お,び,0,high,spec1
あなろぐ,あ,ぐ,0,high,gai1
いさく,い,く,0,high,news1|nf22
ひふか,ひ,か,0,high,news1|nf23
ゆばり,ゆ,り,0,high,news1|nf13
よおが,よ,が,0,high,gai1
しなぎれ,し,れ,0,high,ichi1|news2|nf25
ほおまあ,ほ,あ,0,high,gai1
ぞうしよく,ぞ,く,0,high,news1|nf07
としおとこ,と,こ,0,high,news1|nf22
ろんてん,ろ,ん,0,high,news1|nf14
なめらか,な,か,0,high,ichi1|news1|nf20
かなう,か,う,0,high,ichi1
どらいぶ,ど,ぶ,0,high,gai1|ichi1
よくりゆう,よ,う,0,high,news1|nf08
こまかいこと,こ,と,0,high,spec1
あんき,あ,き,0,high,ichi1|news2|nf32
しやかいか,し,か,0,high,news1|nf17
もるひね,も,ね,0,high,gai1
みゆうじあむ,み,む,0,high,gai1
まいなあ,ま,あ,0,high,gai1
めか,め,か,0,high,gai1
としつき,と,き,0,high,ichi1|news1|nf17
そつぎようせい,そ,い,0,high,spec1
どうきよく,ど,く,0,high,news1|nf09
ちようしや,ち,や,0,high,news1|nf07|nf17
ろうじやく,ろ,く,0,high,ichi1|news2|nf27|spec2
ぶつくめえかあ,ぶ,あ,0,high,gai1
しのにむ,し,む,0,high,gai1
あくるひ,あ,ひ,0,high,ichi1|spec1
きようらん,き,ん,0,high,news1|nf23
いいだす,い,す,0,high,ichi1|news2|nf47
ぱとかあ,ぱ,あ,0,high,gai1|ichi1
むのう,む,う,0,high,ichi1|news2|nf30
じつり,じ,り,0,high,news1|nf22
すたいる,す,る,0,high,gai1|ichi1
せつていんぐ,せ,ぐ,0,high,gai1
ふろんと,ふ,と,0,high,gai1|ichi1
わたり,わ,り,0,high,news1|nf18
ぐりいんすくうる,ぐ,る,0,high,gai1
きんきゆうじたいせんげん,き,ん,0,high,spec1
そくざに,そ,に,0,high,spec1
そうだんしよ,そ,よ,0,high,news1|nf15
こんさあと,こ,と,0,high,gai1|ichi1
うけとり,う,り,0,high,ichi1|news1|nf14
ろこつ,ろ,つ,0,high,ichi1|news1|nf13
にんげんかんけい,に,い,0,high,news1|nf08
ぎふと,ぎ,と,0,high,gai1
だんさあ,だ,あ,0,high,gai1
ああち,あ,ち,0,high,gai1
ひとばんじゆう,ひ,う,0,high,ichi1
ほど,ほ,ど,0,high,ichi1|news2|nf27
あつとゆうま,あ,ま,0,high,spec1
けいちゆう,け,う,0,high,news1|nf24
こんびに,こ,に,0,high,gai1
とうきよく,と,く,0,high,ichi1|news1|nf01
みんしゆてき,み,き,0,high,news1|nf09
ふひつよう,ふ,う,0,high,ichi1|news1|nf15
まつじつ,ま,つ,0,high,ichi1|news1|nf24
どろどろ,ど,ろ,0,high,ichi1|spec1
ひそう,ひ,う,0,high,news1|nf23
かがん,か,ん,0,high,ichi1|news1|nf21
すぱげつてい,す,い,0,high,spec1
ざいだんほうじん,ざ,ん,0,high,news1|nf05
やまごや,や,や,0,high,news1|nf18
らいきやく,ら,く,0,high,ichi1|news1|nf19
ようりつ,よ,つ,0,high,news1|nf05
ぷれぜんてえしよん,ぷ,ん,0,high,gai1
ふうぶつし,ふ,し,0,high,news1|nf22
ふくへい,ふ,い,0,high,news1|nf23
へび,へ,び,0,high,ichi1|news1|nf16
むしよぞく,む,く,0,high,news1|nf04
らいせんす,ら,す,0,high,gai1
らいしゆう,ら,う,0,high,ichi1|news1|nf06
でんりよく,で,く,0,high,ichi1|news1|nf03
くらいしす,く,す,0,high,gai1
つみ,つ,み,0,high,ichi1|news1|nf05
さしよう,さ,う,0,high,news1|nf14
あらすじ,あ,じ,0,high,ichi1|news2|nf46
てんしゆつ,て,つ,0,high,news1|nf21
ぼおだあ,ぼ,あ,0,high,gai1
ぱぱさん,ぱ,ん,0,high,spec1
こらある,こ,る,0,high,gai1
しようかく,し,く,0,high,news1|nf08
せいきゆうしよ,せ,よ,0,high,spec1
くおおと,く,と,0,high,gai1
かうんせらあ,か,あ,0,high,gai1
おうぼう,お,う,0,high,news1|nf22
むうん,む,ん,0,high,gai1
じようえん,じ,ん,0,high,ichi1|news1|nf07
かごん,か,ん,0,high,news1|nf19
けつぼう,け,う,0,high,ichi1|news2|nf29
いんずう,い,う,0,high,news1|nf19
ほうせい,ほ,い,0,high,news1|nf06|nf24
きゆうしゆう,き,う,0,high,ichi1|news1|nf05|nf10
よつと,よ,と,0,high,gai1|ichi1
まつたく,ま,く,0,high,ichi1
きんろう,き,う,0,high,ichi1|news1|nf10
ちゆうとはんぱ,ち,ぱ,0,high,news1|nf19
あかつき,あ,き,0,high,news1|nf12
こぼす,こ,す,0,high,ichi1
ふいるはあもにい,ふ,い,0,high,gai1
さんこつ,さ,つ,0,high,news1|nf21
きんにく,き,く,0,high,ichi1|news1|nf08
はらつぱ,は,ぱ,0,high,ichi1|news2|nf32
ばふありん,ば,ん,0,high,gai1
じむじかん,じ,ん,0,high,news1|nf03
かんごく,か,く,0,high,news1|nf17
はんにん,は,ん,0,high,ichi1|news1|nf05
ぶらじる,ぶ,る,0,high,spec1
たふ,た,ふ,0,high,gai1
すらいど,す,ど,0,high,gai1|ichi1
こつき,こ,き,0,high,ichi1|news1|nf08
ひんぱつ,ひ,つ,0,high,ichi1|news2|nf34
おかえりなさい,お,い,0,high,ichi1
しびりあんこんとろおる,し,る,0,high,gai1
ねんじ,ね,じ,0,high,news1|nf09
さらいしゆう,さ,う,0,high,ichi1
じき,じ,き,0,high,ichi1|news1|nf01|nf03|nf04|nf07|nf12|nf23
ふいよるど,ふ,ど,0,high,gai1
みんち,み,ち,0,high,gai1
こうすると,こ,と,0,high,spec1
ならば,な,ば,0,high,spec1
ぜつちよう,ぜ,う,0,high,news1|nf21
そえる,そ,る,0,high,ichi1
らん,ら,ん,0,high,gai1|ichi1|news1|nf06|spec1
おいたち,お,ち,0,high,ichi1|news1|nf22
きんがん,き,ん,0,high,ichi1
じだいさくご,じ,ご,0,high,news1|nf24
じゆうようし,じ,し,0,high,news2|nf43|spec1
おまけ,お,け,0,high,ichi1
どうしても,ど,も,0,high,ichi1
みぶんしようめいしよ,み,よ,0,high,news1|nf22
どろお,ど,お,0,high,gai1
はちがつ,は,つ,0,high,news1|nf01|spec1
じつざい,じ,い,0,high,ichi1|news1|nf22
けいゆう,け,う,0,high,ichi1|news1|nf07
りようゆう,り,う,0,high,news1|nf11
しらずしらず,し,ず,0,high,ichi1
のうさくもつ,の,つ,0,high,news1|nf16
にあつては,に,は,0,high,spec1
ちやくち,ち,ち,0,high,news1|nf22
うろうろ,う,ろ,0,high,ichi1
こおひいしよつぷ,こ,ぷ,0,high,spec1
しやかいじぎよう,し,う,0,high,news1|nf14
がんにち,が,ち,0,high,ichi1|news1|nf08
ぼおるぺん,ぼ,ん,0,high,gai1|ichi1
かるしうむ,か,む,0,high,gai1
ようきゆう,よ,う,0,high,ichi1|news1|nf01
きりよく,き,く,0,high,ichi1|news1|nf13
しこめ,し,め,0,high,ichi1
ふあつしよんしよお,ふ,お,0,high,gai1
こつけい,こ,い,0,high,ichi1|news2|nf35
ふじよう,ふ,う,0,high,news1|nf14
やしき,や,き,0,high,ichi1|news1|nf10
へいせつ,へ,つ,0,high,news1|nf24
うつたえ,う,え,0,high,ichi1|news1|nf05
かきことば,か,ば,0,high,ichi1
たんしんふにん,た,ん,0,high,spec1
たいしつ,た,つ,0,high,ichi1|news1|nf04
ぶんご,ぶ,ご,0,high,ichi1|news2|nf34
きごころ,き,ろ,0,high,ichi1|news2|nf29
じつけんしつ,じ,つ,0,high,news1|nf18
けいりよう,け,う,0,high,news1|nf11|nf21
てごろ,て,ろ,0,high,news1|nf18
つら,つ,ら,0,high,ichi1|news1|nf02
かねもち,か,ち,0,high,ichi1|news1|nf09
じゆんろ,じ,ろ,0,high,ichi1
つまようじ,つ,じ,0,high,ichi1
おじやまします,お,す,0,high,spec1
ともに,と,に,0,high,ichi1|news1|nf07
たば,た,ば,0,high,ichi1|news1|nf18
くぎる,く,る,0,high,ichi1|news2|nf45
しえすた,し,た,0,high,gai1
ゆううつ,ゆ,つ,0,high,ichi1
せいたい,せ,い,0,high,ichi1|news1|nf09|nf11
もうしあげる,も,る,0,high,ichi1|news1|nf17
げんざいりよう,げ,う,0,high,news1|nf15
したび,し,び,0,high,news1|nf23
こくないりよこう,こ,う,0,high,spec1
まいかい,ま,い,0,high,news1|nf08
ぱあく,ぱ,く,0,high,gai1
はつしん,は,ん,0,high,ichi1|news1|nf10
こうすい,こ,い,0,high,ichi1|news1|news2|nf16|nf34
にりゆう,に,う,0,high,ichi1|news2|nf33
ははこ,は,こ,0,high,news1|nf08
おいぬく,お,く,0,high,ichi1
しない,し,い,0,high,ichi1|news1|nf01
たんびに,た,に,0,high,spec1
じゆう,じ,う,0,high,ichi1|news1|nf01|nf03|nf06|nf14|spec1
とまと,と,と,0,high,gai1|ichi1
こたつ,こ,つ,0,high,ichi1
かくめい,か,い,0,high,ichi1|news1|nf02
えどつこ,え,こ,0,high,news1|nf23
よみかた,よ,た,0,high,ichi1|news1|nf20
けんぞう,け,う,0,high,news1|nf18
まえもつて,ま,て,0,high,ichi1|news2|nf29
だんわ,だ,わ,0,high,ichi1|news1|nf07
きようこのごろ,き,ろ,0,high,spec1
らいかく,ら,く,0,high,ichi1|news1|nf19
くつした,く,た,0,high,ichi1|news1|nf19
にゆうせき,に,き,0,high,ichi1|news2|nf39
ぷんぷん,ぷ,ん,0,high,ichi1
ばけがく,ば,く,0,high,ichi1|news1|nf04
おみやげ,お,げ,0,high,ichi1
ぱいなつぷる,ぱ,る,0,high,gai1|ichi1
うけみ,う,み,0,high,ichi1|news1|nf14
でんりゆう,で,う,0,high,ichi1|news1|nf15
しいつ,し,つ,0,high,gai1|ichi1
ちよくせつてき,ち,き,0,high,news1|nf14
こくひ,こ,ひ,0,high,ichi1|news1|nf20
かなあみ,か,み,0,high,news1|nf22
ばいよう,ば,う,0,high,news1|nf19
とん,と,ん,0,high,ichi1
しおれる,し,る,0,high,ichi1
せんし,せ,し,0,high,ichi1|news1|nf16|nf19
とうあ,と,あ,0,high,news1|nf13
ひつくりかえる,ひ,る,0,high,ichi2|spec1
じゆうたくち,じ,ち,0,high,ichi1|news1|nf08
ぱあれん,ぱ,ん,0,high,gai1
むすこ,む,こ,0,high,ichi1|news1|nf03
はびこる,は,る,0,high,ichi1
ずつと,ず,と,0,high,ichi1
すきやき,す,き,0,high,ichi1
すきい,す,い,0,high,gai1|ichi1
はしりだす,は,す,0,high,news1|nf22
きようけん,き,ん,0,high,news1|nf14
このへん,こ,ん,0,high,spec1
へろいん,へ,ん,0,high,gai1
にゆうよおかあ,に,あ,0,high,gai1
えんちよう,え,う,0,high,ichi1|news1|nf02|nf14
だびんぐ,だ,ぐ,0,high,gai1
しとしと,し,と,0,high,ichi1
どらすちつく,ど,く,0,high,gai1
ぷらんくとん,ぷ,ん,0,high,gai1
おおけえ,お,え,0,high,gai1
ごれんらく,ご,く,0,high,spec1
えきでん,え,ん,0,high,news1|nf10
すきんしつぷ,す,ぷ,0,high,gai1
きようぎ,き,ぎ,0,high,ichi1|news1|nf01|nf02
はあく,は,く,0,high,news1|nf13
かおす,か,す,0,high,gai1
なくてはいけない,な,い,0,high,spec1
やわらか,や,か,0,high,ichi1|news1|nf21
たがやす,た,す,0,high,ichi1|news2|nf33
しんぶんしや,し,や,0,high,ichi1|news1|nf05
おおるらうんど,お,ど,0,high,gai1
いばる,い,る,0,high,ichi1|news2|nf45
ていし,て,し,0,high,ichi1|news1|nf02|nf10
うけたまわる,う,る,0,high,ichi1|news2|nf35
おりえんたりずむ,お,む,0,high,gai1
すいす,す,す,0,high,spec1
かんぱ,か,ぱ,0,high,gai1|ichi1|news2|nf30
じよきよ,じ,よ,0,high,news1|nf09
ぱどる,ぱ,る,0,high,gai1
にゆうせいひん,に,ん,0,high,news1|nf16
よにん,よ,ん,0,high,news1|nf17|spec1
くうせき,く,き,0,high,news1|nf12
ぱあす,ぱ,す,0,high,gai1
ふくそう,ふ,う,0,high,ichi1|news1|nf09
しようけん,し,ん,0,high,ichi1|news1|nf01
ぎようざ,ぎ,ざ,0,high,ichi1|news2|nf45
ふえ,ふ,え,0,high,ichi1|news1|nf12
びじたあ,び,あ,0,high,gai1
よびかける,よ,る,0,high,ichi1|news1|nf16|spec1
けつさい,け,い,0,high,news1|nf09|nf23
せいへん,せ,ん,0,high,news1|nf10
こくみんせい,こ,い,0,high,news1|nf22
かつぱつ,か,つ,0,high,ichi1|news1|nf03
きどうたい,き,い,0,high,ichi1|news1|nf12
たいきよく,た,く,0,high,news1|nf08|nf23
みつもり,み,り,0,high,ichi1|news1|nf17
いれる,い,る,0,high,ichi1
ふいんき,ふ,き,0,high,ichi1|news1|nf03
でこおだ,で,だ,0,high,gai1
くつじよく,く,く,0,high,news1|nf13
すいり,す,り,0,high,ichi1|news1|nf18|nf23
うやむや,う,や,0,high,ichi1
げんじゆう,げ,う,0,high,ichi1|news1|nf09
すろばきあ,す,あ,0,high,gai1
かんじようてき,か,き,0,high,news1|nf18
まいあさ,ま,さ,0,high,ichi1|news1|nf11
ぐんとう,ぐ,う,0,high,news1|nf24
きんぎよ,き,よ,0,high,ichi1|news1|nf19
だいなみつく,だ,く,0,high,gai1
ろうどう,ろ,う,0,high,ichi1|news1|nf01
てにはいる,て,る,0,high,spec1
とつぷばつたあ,と,あ,0,high,gai1
けんこうしよくひん,け,ん,0,high,news1|nf18
げいじゆつ,げ,つ,0,high,ichi1|news1|nf02
いろは,い,は,0,high,ichi1
いつのまにか,い,か,0,high,ichi1|spec1
じんちゆう,じ,う,0,high,news1|nf20
しげき,し,き,0,high,ichi1|news1|nf05
だんじ,だ,じ,0,high,news1|nf13
じつ,じ,つ,0,high,news1|nf04
むえき,む,き,0,high,ichi1|news2|nf41
せんきよけん,せ,ん,0,high,news1|nf13
えれくとろにくす,え,す,0,high,gai1
てきごう,て,う,0,high,news1|nf18
きざむ,き,む,0,high,ichi1|news1|nf14
つじつま,つ,ま,0,high,ichi1
ほうけんてき,ほ,き,0,high,ichi1|news2|nf37
ばらまく,ば,く,0,high,ichi2|spec1
かもしれん,か,ん,0,high,spec1
しええかあ,し,あ,0,high,gai1
ほうぶる,ほ,る,0,high,ichi1|news2|nf26
ひきとり,ひ,り,0,high,news1|nf19
はつあん,は,ん,0,high,news1|nf19
かんぜん,か,ん,0,high,ichi1|news1|nf04
よやくちゆうもん,よ,ん,0,high,spec1
いつせつ,い,つ,0,high,news1|nf14
したじき,し,き,0,high,ichi1|news1|nf15
ぱるさあ,ぱ,あ,0,high,gai1
なにげない,な,い,0,high,news1|nf24
しんじん,し,ん,0,high,ichi1|news1|nf02|nf10
いけばな,い,な,0,high,ichi1|news2|nf25
ねつい,ね,い,0,high,ichi1|news1|nf09
ちしまれつとう,ち,う,0,high,news1|nf24
せいなん,せ,ん,0,high,news1|nf23
へきめん,へ,ん,0,high,news1|nf17
ゆうせんてき,ゆ,き,0,high,news1|nf17
てんけん,て,ん,0,high,ichi1|news1|nf07
とつぷすたあ,と,あ,0,high,gai1
さそう,さ,う,0,high,ichi1|news1|nf10
かわつた,か,た,0,high,news1|nf02
こうばしい,こ,い,0,high,ichi1
ちゆうじつ,ち,つ,0,high,ichi1|news1|nf11
せおよぎ,せ,ぎ,0,high,news1|nf20
なんだい,な,い,0,high,news1|nf13
はいていいん,は,ん,0,high,gai1
しよにんきゆう,し,う,0,high,ichi1|news1|nf16
かぶしき,か,き,0,high,ichi1|news1|nf01
さあふいん,さ,ん,0,high,gai1
どぶ,ど,ぶ,0,high,ichi1|spec1
ちゆうせん,ち,ん,0,high,ichi1|news1|nf07
へいかい,へ,い,0,high,ichi1|news1|nf11
さんや,さ,や,0,high,news1|nf17
おぺれえたあ,お,あ,0,high,gai1
もさど,も,ど,0,high,gai1
ひぶん,ひ,ん,0,high,news1|nf20
こりる,こ,る,0,high,ichi1|news2|nf39
だんぷかあ,だ,あ,0,high,gai1
れいかい,れ,い,0,high,news1|nf14
こうらくち,こ,ち,0,high,news1|nf24
かこむ,か,む,0,high,ichi1|news1|nf07
すりらあ,す,あ,0,high,gai1
かちこし,か,し,0,high,news1|nf08
あおむけ,あ,け,0,high,ichi1|news2|nf34
もうれつ,も,つ,0,high,ichi1|news1|nf12
ごご,ご,ご,0,high,ichi1|news1|nf01
すぽつとらいと,す,と,0,high,gai1
さいはつ,さ,つ,0,high,news1|nf07
あけくれ,あ,れ,0,high,news1|nf23
へあ,へ,あ,0,high,gai1
ちやねりんぐ,ち,ぐ,0,high,gai1
いつぽう,い,う,0,high,ichi1|news1|nf01
もうしわけ,も,け,0,high,ichi1|news1|nf21
よぎなく,よ,く,0,high,news1|nf08
おもいで,お,で,0,high,ichi1|news1|nf06
きよういくしや,き,や,0,high,news1|nf24
じやむ,じ,む,0,high,gai1|ichi1
みゆんへん,み,ん,0,high,gai1
そば,そ,ば,0,high,ichi1|news1|news2|nf03|nf43
とくに,と,に,0,high,ichi1|news1|nf01
みあたらない,み,い,0,high,news1|nf13
こつくぴつと,こ,と,0,high,gai1
いつか,い,か,0,high,ichi1|news1|nf04|nf19|spec1
いるか,い,か,0,high,spec1
かもしれない,か,い,0,high,ichi1
ゆずう,ゆ,う,0,high,ichi1|news1|nf18
かつぐ,か,ぐ,0,high,ichi1|news2|nf39
こんらん,こ,ん,0,high,ichi1|news1|nf02
かめれおん,か,ん,0,high,gai1
えんご,え,ご,0,high,news1|nf08
いすらむきよう,い,う,0,high,ichi1
あらて,あ,て,0,high,news1|nf23
じゆうかさんぜい,じ,い,0,high,news1|nf22
にくむ,に,む,0,high,ichi1|news2|nf43
しようじる,し,る,0,high,ichi1|news2|nf34
むしかく,む,く,0,high,news1|nf23
えきすぷれす,え,す,0,high,gai1
くつがえす,く,す,0,high,news1|nf16
はつこう,は,う,0,high,ichi1|news1|nf02|nf09|nf17|nf22
てきい,て,い,0,high,news1|nf24
なく,な,く,0,high,ichi1
あくと,あ,と,0,high,ichi1
いきすぎる,い,る,0,high,news1|nf18
そのへん,そ,ん,0,high,spec1
もんぞう,も,う,0,high,ichi1|news1|nf05
しよざいち,し,ち,0,high,news1|nf14
きがつく,き,く,0,high,spec1
ひかげ,ひ,げ,0,high,ichi1|news1|nf23
めざす,め,す,0,high,ichi1|news2|nf40
じかつ,じ,つ,0,high,ichi1|news2|nf43
かあそる,か,る,0,high,gai1
おはようございます,お,す,0,high,spec1
ういじん,う,ん,0,high,news1|nf16
ひらく,ひ,く,0,high,ichi1
したがつて,し,て,0,high,ichi1|news1|nf14
だんたい,だ,い,0,high,ichi1|news1|nf01
ばくちく,ば,く,0,high,news1|nf23
つきる,つ,る,0,high,ichi1|news2|nf35
おりごまあ,お,あ,0,high,gai1
じゆしんき,じ,き,0,high,news1|nf17
いちざ,い,ざ,0,high,news1|nf19
かりふおるにあ,か,あ,0,high,gai1
だんこう,だ,う,0,high,news1|nf05|nf14
おさえ,お,え,0,high,news1|nf04
かなしい,か,い,0,high,ichi1|news2|nf35
すうぱあまん,す,ん,0,high,gai1
ことができる,こ,る,0,high,spec1
がんせき,が,き,0,high,news1|nf21
あくしゆ,あ,ゆ,0,high,ichi1|news1|nf11
しんごう,し,う,0,high,ichi1|news1|nf06
あんせい,あ,い,0,high,ichi1|news2|nf28
よこもじ,よ,じ,0,high,ichi1|news2|nf30
したじ,し,じ,0,high,news1|nf17
やくしん,や,ん,0,high,news1|nf11
がくせいじだい,が,い,0,high,spec1
でんわ,で,わ,0,high,ichi1|news1|nf01
ないといけません,な,ん,0,high,spec1
くろおる,く,る,0,high,gai1
あしすと,あ,と,0,high,gai1
ほうそく,ほ,く,0,high,ichi1|news1|nf15
つくす,つ,す,0,high,ichi1|news2|nf28
そおせえじ,そ,じ,0,high,gai1
ていはく,て,く,0,high,news1|nf22
うばう,う,う,0,high,ichi1|news1|nf05
すれば,す,ば,0,high,spec1
げんこつ,げ,つ,0,high,ichi1
いん,い,ん,0,high,gai1|ichi1|spec1
がんそ,が,そ,0,high,news1|nf17
はがね,は,ね,0,high,news1|nf15
びじゆつかん,び,ん,0,high,ichi1|news1|nf03
ぱらりんぴつく,ぱ,く,0,high,gai1
りつたいてき,り,き,0,high,news1|nf22
ちゆう,ち,う,0,high,ichi1|news1|nf11|nf12|spec1
ぞんじ,ぞ,じ,0,high,spec1
びじねすらいく,び,く,0,high,gai1
おんなのひと,お,と,0,high,spec1
ばつくあつぷ,ば,ぷ,0,high,gai1
らぶそんぐ,ら,ぐ,0,high,gai1
あほう,あ,う,0,high,ichi1
しようゆう,し,う,0,high,ichi1|news2|nf31
しもはんしん,し,ん,0,high,ichi1|news1|nf15
おはこ,お,こ,0,high,news1|nf15
かんたん,か,ん,0,high,ichi1|news1|news2|nf02|nf36
せつちゆう,せ,う,0,high,ichi1|news1|nf23
あて,あ,て,0,high,ichi1|news1|nf01|nf15
へつどこおち,へ,ち,0,high,gai1
ぽおとれえと,ぽ,と,0,high,spec1
さます,さ,す,0,high,ichi1|news2|nf43
せんい,せ,い,0,high,ichi1|news1|nf05
がんねん,が,ん,0,high,news1|nf09
へいか,へ,か,0,high,news1|nf04
たいみんぐ,た,ぐ,0,high,gai1|ichi1
おくりさき,お,き,0,high,news1|nf20
ぶつぴん,ぶ,ん,0,high,news1|nf16
のうりよく,の,く,0,high,ichi1|news1|nf02
くふう,く,う,0,high,ichi1|news1|nf05
たんどく,た,く,0,high,news1|nf03
めしあがる,め,る,0,high,ichi1|news2|nf45
だんだん,だ,ん,0,high,ichi1|news2|nf38
わんるうむまんしよん,わ,ん,0,high,gai1
げた,げ,た,0,high,ichi1|news2|nf30
すいこう,す,う,0,high,ichi1|news1|nf14
おんじき,お,き,0,high,news1|nf06
おんぞん,お,ん,0,high,news1|nf22
あい,あ,い,0,high,ichi1|news1|nf02|nf18
しまつ,し,つ,0,high,ichi1|news1|nf15
いまひとつ,い,つ,0,high,news1|nf17
としあけ,と,け,0,high,news1|nf09
きざ,き,ざ,0,high,ichi1
くりいなあ,く,あ,0,high,gai1
みりばある,み,る,0,high,gai1
はもの,は,の,0,high,news1|nf11
にひる,に,る,0,high,gai1
すいどう,す,う,0,high,ichi1|news1|nf06
しちせき,し,き,0,high,ichi1|news1|nf22
ぐんよう,ぐ,う,0,high,news1|nf10
いんどあ,い,あ,0,high,gai1
げんり,げ,り,0,high,ichi1|news1|nf04
しんぷう,し,う,0,high,news1|nf19
もちいえ,も,え,0,high,news1|nf15
だれでも,だ,も,0,high,spec1
のりかえる,の,る,0,high,ichi1|news1|nf23
けんめい,け,い,0,high,ichi1|news1|nf05|nf14
みさ,み,さ,0,high,gai1
くらんく,く,く,0,high,gai1
しやんていい,し,い,0,high,gai1
せいねん,せ,ん,0,high,ichi1|news1|nf03|nf18
ねんがじよう,ね,う,0,high,ichi1|news1|nf14
ひきつる,ひ,る,0,high,ichi1
だの,だ,の,0,high,spec1
たいりよう,た,う,0,high,ichi1|news1|nf03
いんでいあな,い,な,0,high,gai1
かわあい,か,い,0,high,ichi1|news2|nf32
そうさ,そ,さ,0,high,ichi1|news1|nf01|nf04
そまる,そ,る,0,high,ichi1|news2|nf36
せんしよく,せ,く,0,high,ichi1|news1|nf20
だんがん,だ,ん,0,high,news1|nf20
いみ,い,み,0,high,ichi1|news1|nf01
せび,せ,び,0,high,ichi1|news2|nf35
ゆる,ゆ,る,0,high,ichi1|news1|nf11|nf19
ほくりく,ほ,く,0,high,news1|nf08
しようきん,し,ん,0,high,ichi1|news1|nf04
ぜんてい,ぜ,い,0,high,ichi1|news1|nf02
やわらかい,や,い,0,high,ichi1|news1|nf20
じゆうたくがい,じ,い,0,high,news1|nf12
ゆにばあさる,ゆ,る,0,high,gai1
きんぺん,き,ん,0,high,news1|nf23
まつる,ま,る,0,high,ichi1|news2|nf43|spec1
しぼりこむ,し,む,0,high,spec1
みうごき,み,き,0,high,news1|nf21
きようぶ,き,ぶ,0,high,news1|nf22
きようばい,き,い,0,high,news1|nf13
ぱん,ぱ,ん,0,high,gai1|ichi1
るうと,る,と,0,high,gai1
しごと,し,と,0,high,ichi1|news1|nf01
きちよう,き,う,0,high,ichi1|news1|nf04|nf05|nf10|nf24
われら,わ,ら,0,high,news2|nf37|spec1
なかつぎ,な,ぎ,0,high,ichi1|news1|nf14
えどじだい,え,い,0,high,spec1
へいぼん,へ,ん,0,high,ichi1|news2|nf29
せいしん,せ,ん,0,high,ichi1|news1|nf02|nf17
ごにち,ご,ち,0,high,ichi1|news1|nf17|spec1
がしん,が,ん,0,high,ichi1|news1|nf22
ひとまく,ひ,く,0,high,news1|nf13
きやんぴんぐかあ,き,あ,0,high,gai1
らつしゆあわあ,ら,あ,0,high,gai1|ichi1
おんけい,お,い,0,high,ichi1|news1|nf09
せんきよ,せ,よ,0,high,ichi1|news1|nf01|nf21
みらくる,み,る,0,high,gai1
ぼうらく,ぼ,く,0,high,ichi1|news1|nf12
ふへん,ふ,ん,0,high,ichi1|news1|nf14|nf19
ぎんいろ,ぎ,ろ,0,high,news1|nf23
せすじ,せ,じ,0,high,news1|nf18
かつぷる,か,る,0,high,gai1|ichi1
ふかい,ふ,い,0,high,ichi1|news1|nf17|nf23
とざん,と,ん,0,high,ichi1|news1|nf06
たちばなし,た,し,0,high,ichi1|news2|nf28
こうしやさい,こ,い,0,high,news1|nf19
てはじめ,て,め,0,high,news1|nf19
とぎ,と,ぎ,0,high,news1|nf05
せいじつ,せ,つ,0,high,ichi1|news1|nf10
ぼける,ぼ,る,0,high,ichi1
くるうじんぐ,く,ぐ,0,high,gai1
つむ,つ,む,0,high,ichi1|news1|nf16
さとう,さ,う,0,high,ichi1|news1|nf08
めんどくさい,め,い,0,high,ichi1|spec1
けいけんち,け,ち,0,high,spec1
むこう,む,う,0,high,ichi1|news1|nf07|nf15
なまなましい,な,い,0,high,news1|nf20
のばす,の,す,0,high,ichi1|news2|nf42
とうろん,と,ん,0,high,ichi1|news1|nf05
ころん,こ,ん,0,high,gai1
うしなう,う,う,0,high,ichi1|news1|nf06
ゆき,ゆ,き,0,high,ichi1|news1|nf03|nf12
りようし,り,し,0,high,ichi1|news1|nf04|nf14
があでん,が,ん,0,high,gai1
すたん,す,ん,0,high,gai1
かぐら,か,ら,0,high,news1|nf13
みずべ,み,べ,0,high,news1|nf20
せがたかい,せ,い,0,high,spec1
ちゆうこしや,ち,や,0,high,news1|nf13
ぴつたり,ぴ,り,0,high,ichi1|spec1
こういしよう,こ,う,0,high,news1|nf08
おれんじいろ,お,ろ,0,high,spec1
さきがける,さ,る,0,high,news1|nf17
こおどれすほん,こ,ん,0,high,gai1
のろま,の,ま,0,high,ichi1
なつかしい,な,い,0,high,ichi1|news1|nf24
だんす,だ,す,0,high,gai1|ichi1
いつぴよう,い,う,0,high,news1|nf07
えい,え,い,0,high,ichi1|news1|nf08|nf17|spec1
とろ,と,ろ,0,high,news1|nf22|spec1
ちようしん,ち,ん,0,high,news1|nf14
くふ,く,ふ,0,high,ichi1|news1|nf06
かんがえなおす,か,す,0,high,spec1
きげんぜん,き,ん,0,high,news1|nf19
こくゆう,こ,う,0,high,ichi1|news1|nf11
ふくしや,ふ,や,0,high,ichi1|news2|nf28
ふたり,ふ,り,0,high,ichi1|news1|nf01
うりこむ,う,む,0,high,ichi1|news2|nf40
ねつとぷれえ,ね,え,0,high,gai1
じようじやく,じ,く,0,high,news1|nf21
そばや,そ,や,0,high,ichi1
ふそうおう,ふ,う,0,high,ichi1|news2|nf43
もらとりあむ,も,む,0,high,gai1
みいだす,み,す,0,high,ichi1
だいず,だ,ず,0,high,ichi1|news1|nf13
れんらく,れ,く,0,high,ichi1|news1|nf02
だついしよ,だ,よ,0,high,ichi1
こめんと,こ,と,0,high,gai1
せろん,せ,ん,0,high,ichi1|news1|nf02
しゆうるれありずむ,し,む,0,high,gai1
よせせき,よ,き,0,high,news1|nf18
ぶおんな,ぶ,な,0,high,ichi1
どようび,ど,び,0,high,ichi1
くどくど,く,ど,0,high,ichi1
しゆうねん,し,ん,0,high,ichi1|news1|nf02|nf11
ろここ,ろ,こ,0,high,gai1
なんじゆう,な,う,0,high,ichi1|news1|nf12
さんみやく,さ,く,0,high,ichi1|news1|nf17
こうふ,こ,ふ,0,high,ichi1|news1|nf06|nf24
ぐうぜん,ぐ,ん,0,high,ichi1|news1|nf14
てきさす,て,す,0,high,gai1
もちこみ,も,み,0,high,news1|nf15
てわたす,て,す,0,high,news1|nf17
おうだん,お,ん,0,high,ichi1|news1|nf10
かいちゆう,か,う,0,high,news1|nf13
ふあらうえい,ふ,い,0,high,gai1
あおる,あ,る,0,high,ichi1
すこしずつ,す,つ,0,high,spec1
よくあつ,よ,つ,0,high,ichi1|news1|nf14
きゆうち,き,ち,0,high,news1|nf14
へや,へ,や,0,high,ichi1|news1|nf02
いただける,い,る,0,high,spec1
りんか,り,か,0,high,ichi1|news1|nf19
だし,だ,し,0,high,news1|nf19
ひやあせ,ひ,せ,0,high,ichi1|news2|nf26
あわ,あ,わ,0,high,ichi1|news1|nf13
にぎりずし,に,し,0,high,ichi1|news2|nf46
ちゆうがく,ち,く,0,high,ichi1|news1|nf03
うちゆうひこうし,う,し,0,high,news1|nf11
ばんり,ば,り,0,high,news1|nf15
とんねる,と,る,0,high,gai1|ichi1
ふきでもの,ふ,の,0,high,ichi1
ぼくしんぐ,ぼ,ぐ,0,high,gai1
ちじめる,ち,る,0,high,ichi1
たすけあい,た,い,0,high,news1|nf24
よろしくおねがいします,よ,す,0,high,spec1
ぎたりすと,ぎ,と,0,high,gai1
がれき,が,き,0,high,news2|nf47|spec1
ぜねこん,ぜ,ん,0,high,gai1
しめん,し,ん,0,high,ichi1|news1|nf08
はいにち,は,ち,0,high,ichi1
しきじよう,し,う,0,high,news1|nf19
かしら,か,ら,0,high,ichi1|spec1
あこがれ,あ,れ,0,high,ichi1|news2|nf43
ぽつぷ,ぽ,ぷ,0,high,gai1
ぶるぺん,ぶ,ん,0,high,gai1
りよこうけん,り,ん,0,high,spec1
だいたすう,だ,う,0,high,ichi1|news1|nf12
たつきゆう,た,う,0,high,news1|nf08
えんじ,え,じ,0,high,news1|nf15
てきれい,て,い,0,high,news1|nf24
とりかえる,と,る,0,high,ichi1|news2|nf25
あおぐ,あ,ぐ,0,high,ichi1|news2|nf30
れいとう,れ,う,0,high,ichi1|news1|nf10
ぴり,ぴ,り,0,high,gai1
ごうり,ご,り,0,high,ichi1|news1|nf11
ほんかくてき,ほ,き,0,high,ichi1|news1|nf03
ございます,ご,す,0,high,spec1
ふおおくぼおる,ふ,る,0,high,gai1
ひつきようぐ,ひ,ぐ,0,high,ichi1
せいしき,せ,き,0,high,ichi1|news1|nf02
うちまく,う,く,0,high,ichi1|news1|nf22
しゆこう,し,う,0,high,news1|nf14
つまらねえ,つ,え,0,high,ichi1
ながれこむ,な,む,0,high,news1|nf24
わんぴいす,わ,す,0,high,gai1|ichi1
えなめる,え,る,0,high,gai1
まどらす,ま,す,0,high,gai1
かくねんりよう,か,う,0,high,news1|nf07
りじ,り,じ,0,high,ichi1|news1|nf01
とうしゆ,と,ゆ,0,high,news1|nf01|nf02
そこう,そ,う,0,high,news1|nf20
ぎやら,ぎ,ら,0,high,gai1
ぶつけん,ぶ,ん,0,high,news1|nf09
しゆつしんち,し,ち,0,high,spec1
ちようとつきゆう,ち,う,0,high,ichi1|news2|nf45
あと,あ,と,0,high,ichi1|news1|nf01|nf03
ことぶき,こ,き,0,high,news1|nf06
さぷらいやあ,さ,あ,0,high,gai1
のみもの,の,の,0,high,ichi1|news1|nf20
ばあみんがむ,ば,む,0,high,gai1
ほかに,ほ,に,0,high,ichi1
ばいしゆんふ,ば,ふ,0,high,news1|nf22
はんどばつぐ,は,ぐ,0,high,gai1|ichi1
みつしつ,み,つ,0,high,news1|nf12
ひきこもり,ひ,り,0,high,spec1
きやつちふれえず,き,ず,0,high,gai1
きおん,き,ん,0,high,ichi1|news1|nf05
やがく,や,く,0,high,ichi1|news2|nf46
よそうがい,よ,い,0,high,news1|nf11
はいぞく,は,く,0,high,ichi1|news2|nf28
ほうぶん,ほ,ん,0,high,news1|nf23
おうらい,お,い,0,high,news1|nf13
だいしゆうごう,だ,う,0,high,spec1
よりわける,よ,る,0,high,ichi1
にのつぎ,に,ぎ,0,high,news1|nf24
ふおおると,ふ,と,0,high,gai1
さはらさばく,さ,く,0,high,spec1
のうは,の,は,0,high,news1|nf20
さかり,さ,り,0,high,ichi1|news1|nf09
よふかし,よ,し,0,high,ichi1|news2|nf43
めいくあつぷ,め,ぷ,0,high,spec1
たんぽぽ,た,ぽ,0,high,spec1
きよ,き,よ,0,high,news1|nf21
どじ,ど,じ,0,high,ichi1|news1|nf01
あきびと,あ,と,0,high,ichi1|news1|nf13
らんどせる,ら,る,0,high,gai1
だいひようさく,だ,く,0,high,news1|nf10
なければなりません,な,ん,0,high,spec1
こんたくと,こ,と,0,high,gai1
きようはく,き,く,0,high,ichi1|news1|nf09
かばん,か,ん,0,high,ichi1
からふる,か,る,0,high,gai1
にがみ,に,み,0,high,ichi1
せいざ,せ,ざ,0,high,ichi1|news1|news2|nf24|nf37
みやくらく,み,く,0,high,ichi1|news2|nf30
ざんびあ,ざ,あ,0,high,gai1
もんだい,も,い,0,high,ichi1|news1|nf01
ぐんびよう,ぐ,う,0,high,news1|nf12
こくばん,こ,ん,0,high,ichi1|news1|nf20
じご,じ,ご,0,high,news1|nf12
げんごう,げ,う,0,high,ichi1|news2|nf39
ないん,な,ん,0,high,gai1
とうじつ,と,つ,0,high,ichi1|news1|nf05
ひましに,ひ,に,0,high,ichi1|news1|nf20
しゆつがん,し,ん,0,high,ichi1|news1|nf13
どくそう,ど,う,0,high,news1|nf13|nf21
きようふう,き,う,0,high,ichi1|news1|nf10
はあばあ,は,あ,0,high,gai1
しようへき,し,き,0,high,news1|nf10
しよちゆうみまい,し,い,0,high,ichi1
ざんだか,ざ,か,0,high,ichi1|news1|nf06
ひとあじちがう,ひ,う,0,high,spec1
どうそう,ど,う,0,high,news1|nf22
きれあじ,き,じ,0,high,news1|nf19
むつちや,む,や,0,high,ichi1|news2|nf42
たいせい,た,い,0,high,ichi1|news1|nf01|nf03|nf19|nf20|nf22
けつせんとうひよう,け,う,0,high,news1|nf13
ねんとう,ね,う,0,high,ichi1|news1|nf06|nf18
しんにち,し,ち,0,high,ichi1|news1|nf23
えるさるばどる,え,る,0,high,gai1
くりすますつりい,く,い,0,high,gai1
あめがふる,あ,る,0,high,spec1
ばらあど,ば,ど,0,high,gai1
さかば,さ,ば,0,high,news1|nf21
いなさく,い,く,0,high,news1|nf10
どうせき,ど,き,0,high,news1|nf07
ほわいとからあ,ほ,あ,0,high,gai1
しゆうろく,し,く,0,high,news1|nf10
じゆうめん,じ,ん,0,high,ichi1
しまる,し,る,0,high,ichi1|news2|nf42|nf45
けど,け,ど,0,high,spec1
ほつぷ,ほ,ぷ,0,high,gai1
にわき,に,き,0,high,news1|nf19
ちいき,ち,き,0,high,ichi1|news1|nf01
へいじよう,へ,う,0,high,ichi1|news1|nf05|nf15
さきやす,さ,す,0,high,news1|nf22
ばらいろ,ば,ろ,0,high,ichi1|spec1
しいりんぐ,し,ぐ,0,high,gai1
からかう,か,う,0,high,ichi1
くうぐん,く,ん,0,high,ichi1|news1|nf05
こんなに,こ,に,0,high,ichi1
やめる,や,る,0,high,ichi1|news2|nf38
つながる,つ,る,0,high,ichi1
こうご,こ,ご,0,high,ichi1|news1|news2|nf14|nf28
つて,つ,て,0,high,spec1
じゆうようぶんかざい,じ,い,0,high,news1|nf21
ぜつだい,ぜ,い,0,high,news1|nf18
くいつく,く,く,0,high,gai1
なななのか,な,か,0,high,news1|nf08
こうう,こ,う,0,high,news1|nf17
とつじよ,と,よ,0,high,ichi1|news2|nf27
かくしん,か,ん,0,high,ichi1|news1|nf05|nf11|nf12
ゆきどまり,ゆ,り,0,high,ichi1
いただく,い,く,0,high,ichi1
みさお,み,お,0,high,news1|nf14
ひなた,ひ,た,0,high,ichi1|news1|nf19
ないき,な,き,0,high,news1|nf17
あしすたんと,あ,と,0,high,gai1
かとりつくきようかい,か,い,0,high,spec1
にくげん,に,ん,0,high,ichi1|news2|nf27
こんばんは,こ,は,0,high,ichi1
こうかい,こ,い,0,high,ichi1|news1|news2|nf02|nf09|nf15|nf16|nf27
こんしゆん,こ,ん,0,high,news1|nf03
なすび,な,び,0,high,ichi1
すし,す,し,0,high,ichi1|news2|nf35
めえでえ,め,え,0,high,gai1
きりぬき,き,き,0,high,news1|nf23
えこのみい,え,い,0,high,gai1
かんきよう,か,う,0,high,ichi1|news1|nf01
おりんぴつく,お,く,0,high,gai1|ichi1
ぼく,ぼ,く,0,high,ichi1|news1|nf07
じゆんぎよう,じ,う,0,high,news1|nf16
けつぎ,け,ぎ,0,high,ichi1|news1|nf01
せんせえしよなる,せ,る,0,high,gai1
てがた,て,た,0,high,ichi1|news1|nf10
ばあさん,ば,ん,0,high,ichi1
ぎしん,ぎ,ん,0,high,news1|nf23
まるごと,ま,と,0,high,news1|nf22
へいてん,へ,ん,0,high,ichi1|news1|nf20
こうしゆう,こ,う,0,high,ichi1|news1|nf09|nf16|nf18
おしやれ,お,れ,0,high,ichi1|spec1
てえま,て,ま,0,high,gai1|ichi1
うちゆうくうかん,う,ん,0,high,news1|nf18
にだい,に,い,0,high,news1|nf17
ぼんじん,ぼ,ん,0,high,ichi1|news2|nf27
ゆうしや,ゆ,や,0,high,news2|nf39|spec1
にんずう,に,う,0,high,ichi1|news1|nf06
どんよう,ど,う,0,high,news1|nf18
はげみ,は,み,0,high,news1|nf15
あわてる,あ,る,0,high,ichi1|news1|nf17
ただし,た,し,0,high,ichi1
きりしたん,き,ん,0,high,gai1
おたがいに,お,に,0,high,spec1
まんぱい,ま,い,0,high,news1|nf21
じゆんこう,じ,う,0,high,news1|nf20
かいしめ,か,め,0,high,news1|nf12
ずき,ず,き,0,high,news1|nf13
あせ,あ,せ,0,high,ichi1|news1|nf05
りいど,り,ど,0,high,gai1|ichi1
よういん,よ,ん,0,high,ichi1|news1|nf03|nf04
おおなあ,お,あ,0,high,gai1
あばうと,あ,と,0,high,gai1
どあ,ど,あ,0,high,gai1|ichi1
こうい,こ,い,0,high,ichi1|news1|nf02|nf10|nf21
きゆうふ,き,ふ,0,high,news1|nf09
たさい,た,い,0,high,news1|nf06
せんぷう,せ,う,0,high,news1|nf14
ぼでい,ぼ,い,0,high,gai1
しゆけい,し,い,0,high,news1|nf22
べい,べ,い,0,high,spec1
くやしなき,く,き,0,high,news1|nf10
がいねん,が,ん,0,high,ichi1|news1|nf07
ぶるうばあど,ぶ,ど,0,high,gai1
かじゆう,か,う,0,high,news1|nf17|nf19
きゆうけいじかん,き,ん,0,high,spec1
あるこおる,あ,る,0,high,gai1|ichi1
はつぴいえんど,は,ど,0,high,gai1
こうぶ,こ,ぶ,0,high,news1|nf12
あまい,あ,い,0,high,ichi1|news1|nf19
しゆべつ,し,つ,0,high,news1|nf24
くるす,く,す,0,high,gai1
おわる,お,る,0,high,ichi1|news1|nf11
すぱん,す,ん,0,high,gai1
てんぷら,て,ら,0,high,ichi1
かせぐ,か,ぐ,0,high,ichi1|news2|nf42
くれえぷ,く,ぷ,0,high,gai1
いいぐる,い,る,0,high,gai1
うみ,う,み,0,high,ichi1|news1|nf02|nf11
ぎやくこうか,ぎ,か,0,high,ichi1|news1|nf21
しやしんさつえい,し,い,0,high,spec1
つかう,つ,う,0,high,ichi1|news1|nf02
まじえる,ま,る,0,high,news1|nf16
せんぴ,せ,ぴ,0,high,news1|nf15
きぎ,き,ぎ,0,high,news1|nf19
たいむせえる,た,る,0,high,spec1
ちきゆうじよう,ち,う,0,high,news1|nf14
ありさま,あ,ま,0,high,ichi1|news1|nf23
みぎがわ,み,わ,0,high,ichi1|news1|nf15
みぎうえ,み,え,0,high,spec1
かようきよく,か,く,0,high,ichi1|news1|nf17
すうまん,す,ん,0,high,news1|nf10
うじな,う,な,0,high,ichi1|news1|nf03
つなひき,つ,き,0,high,news1|nf12
ゆのみ,ゆ,み,0,high,ichi1|spec1
くおりてい,く,い,0,high,gai1
ちゆうそつ,ち,つ,0,high,news1|nf24
とつこうたい,と,い,0,high,news1|nf18
でんぱた,で,た,0,high,ichi1|news1|nf16
ぶりいじんぐ,ぶ,ぐ,0,high,gai1
しびつく,し,く,0,high,gai1
かたさ,か,さ,0,high,ichi1|news1|nf23
すいじよう,す,う,0,high,news1|nf12
できごと,で,と,0,high,ichi1|news1|nf06
かえりみる,か,る,0,high,ichi1|news2|nf42|nf47
しんしゆつ,し,つ,0,high,ichi1|news1|nf02
れんぐす,れ,す,0,high,gai1
へんしゆう,へ,う,0,high,ichi1|news1|nf02
ひすてりい,ひ,い,0,high,gai1
きまま,き,ま,0,high,ichi1
しんせき,し,き,0,high,ichi1|news2|nf30
しじゆうそう,し,う,0,high,news1|nf16
しようさい,し,い,0,high,ichi1|news1|nf09
どうさ,ど,さ,0,high,ichi1|news1|nf12
すぺしやる,す,る,0,high,gai1|ichi1
つばくら,つ,ら,0,high,ichi1|news1|nf21
たちさる,た,る,0,high,ichi1|news2|nf47
つれる,つ,る,0,high,ichi1|news1|nf16
ばつくねつと,ば,と,0,high,gai1
しようさん,し,ん,0,high,news1|nf23|spec2
せいきまつ,せ,つ,0,high,news1|nf13
ねんごう,ね,う,0,high,ichi1|news2|nf25
ろでお,ろ,お,0,high,gai1
れいじ,れ,じ,0,high,news1|nf05
がくふ,が,ふ,0,high,ichi1|news1|nf16
ふれあい,ふ,い,0,high,ichi1|news1|nf16
ほんじや,ほ,や,0,high,ichi1|news1|nf01
こんせんさす,こ,す,0,high,gai1
もんだいない,も,い,0,high,spec1
めんじよ,め,よ,0,high,news1|nf13
ひようけつ,ひ,つ,0,high,news1|nf15|nf18
ぶんつう,ぶ,う,0,high,ichi1|news2|nf25
あみもの,あ,の,0,high,ichi1|news2|nf27
どせき,ど,き,0,high,news1|nf13
もつこう,も,う,0,high,news1|nf22
ろおすと,ろ,と,0,high,gai1
しほんきん,し,ん,0,high,news1|nf12
たいあん,た,ん,0,high,news1|nf15
ないせん,な,ん,0,high,news1|nf03|nf10
たて,た,て,0,high,ichi1|news1|nf08|nf11
さんたくろおす,さ,す,0,high,gai1
おおとめえしよん,お,ん,0,high,gai1|ichi1
しぼう,し,う,0,high,ichi1|news1|nf04|nf10
だいなみずむ,だ,む,0,high,gai1
にちよう,に,う,0,high,ichi1|news1|nf05
けつかく,け,く,0,high,ichi1|news1|nf10
うんそう,う,う,0,high,ichi1|news1|nf08
なん,な,ん,0,high,ichi1|news1|nf11
ていらにい,て,い,0,high,gai1
そうごうてき,そ,き,0,high,news1|nf07
しゆうじやく,し,く,0,high,ichi1|news1|nf22
ばんめ,ば,め,0,high,ichi1
ちんもく,ち,く,0,high,ichi1|news1|nf09
ただしい,た,い,0,high,ichi1|news1|nf24
すてつき,す,き,0,high,gai1
てろ,て,ろ,0,high,gai1
たいかん,た,ん,0,high,news1|nf19
によおう,に,う,0,high,ichi1|news1|nf06
じゆうきゆう,じ,う,0,high,news1|nf01
ささい,さ,い,0,high,spec1
じようず,じ,ず,0,high,ichi1|news1|nf12
かねて,か,て,0,high,ichi1|spec1
いみよう,い,う,0,high,news1|nf15
つかる,つ,る,0,high,ichi2|news2|nf41|spec1
けつじよ,け,よ,0,high,ichi1|news1|nf14
ふくけん,ふ,ん,0,high,news1|nf09
ちふす,ち,す,0,high,gai1
べすとてん,べ,ん,0,high,gai1
みんしゆう,み,う,0,high,ichi1|news1|nf07
いえぬし,い,し,0,high,ichi1|news1|nf20
しようし,し,し,0,high,ichi1|news1|nf15|nf17
ふあしりてい,ふ,い,0,high,gai1
にゆうめきしこ,に,こ,0,high,gai1
おやがた,お,た,0,high,news1|nf06
こんじよう,こ,う,0,high,ichi1|news1|nf18
まつきてき,ま,き,0,high,ichi1
くわえる,く,る,0,high,ichi1|news1|nf24
すぐさま,す,ま,0,high,spec1
きたない,き,い,0,high,ichi1|news2|nf35
にほんご,に,ご,0,high,news1|nf02
いれいさい,い,い,0,high,news1|nf20
しやこ,し,こ,0,high,ichi1|news1|nf12
ととかるちよ,と,よ,0,high,gai1
ばれる,ば,る,0,high,gai1|ichi1|spec1
だいがくいん,だ,ん,0,high,ichi1|news1|nf04
かいぐん,か,ん,0,high,ichi1|news1|nf04
うそ,う,そ,0,high,ichi1|news1|nf22|spec1
ひんと,ひ,と,0,high,gai1|ichi1
むりよくかん,む,ん,0,high,spec1
きのは,き,は,0,high,news2|nf27|spec1
ばけもの,ば,の,0,high,ichi1|news2|nf42
しるえつと,し,と,0,high,gai1
はしご,は,ご,0,high,ichi1
ぼおと,ぼ,と,0,high,gai1|ichi1
しよくば,し,ば,0,high,ichi1|news1|nf03
おきる,お,る,0,high,ichi1|news2|nf31
りようほうほう,り,う,0,high,spec1
しゆりよう,し,う,0,high,news1|nf15|nf24
おうこう,お,う,0,high,news1|nf23
にほんがくじゆつかいぎ,に,ぎ,0,high,news1|nf21
いみふめい,い,い,0,high,spec1
ねくたい,ね,い,0,high,gai1|ichi1
ほんばこ,ほ,こ,0,high,ichi1
どうじだい,ど,い,0,high,news1|nf16
ぺつと,ぺ,と,0,high,gai1
かなわない,か,い,0,high,ichi1
こがね,こ,ね,0,high,ichi1
りいだあしつぷ,り,ぷ,0,high,gai1
うろつく,う,く,0,high,ichi1
さお,さ,お,0,high,ichi1|news2|nf30|nf44
たちのき,た,き,0,high,news1|nf17
はらはら,は,ら,0,high,gai1|ichi1
いちじるしい,い,い,0,high,ichi1|news2|nf47
ろさんぜるす,ろ,す,0,high,gai1
じえんだあ,じ,あ,0,high,gai1
ささげる,さ,る,0,high,ichi1|news2|nf44
せんもんてん,せ,ん,0,high,news1|nf11
きんぴん,き,ん,0,high,news1|nf22
さんだい,さ,い,0,high,news1|nf17
りよくか,り,か,0,high,news1|nf15
きよくめん,き,ん,0,high,news1|nf04
ひつぱる,ひ,る,0,high,ichi1|news1|nf19
れぎゆらあ,れ,あ,0,high,gai1|ichi1
じよりゆう,じ,う,0,high,news1|nf11
けつき,け,き,0,high,news1|nf13
じむ,じ,む,0,high,gai1|ichi1|news1|nf01
ほうかつ,ほ,つ,0,high,news1|nf03
いつきゆう,い,う,0,high,news1|nf15
ぐりる,ぐ,る,0,high,gai1
こんご,こ,ご,0,high,gai1|ichi1|news1|nf01
ねぶり,ね,り,0,high,ichi1|news1|nf16
どるかい,ど,い,0,high,spec1
いそ,い,そ,0,high,news1|nf01|nf16|spec1
じんせいかん,じ,ん,0,high,news1|nf20
しあさつて,し,て,0,high,ichi1
ほろこおすと,ほ,と,0,high,gai1
こくぼう,こ,う,0,high,ichi1|news1|nf02
みまう,み,う,0,high,ichi1|news1|nf08
みばえ,み,え,0,high,ichi1
たにんごと,た,と,0,high,spec1
でたんと,で,と,0,high,gai1
ほんぶ,ほ,ぶ,0,high,ichi1|news1|nf01
はいきんぐ,は,ぐ,0,high,gai1|ichi1
しもん,し,ん,0,high,ichi1|news1|nf04|nf13
じさん,じ,ん,0,high,ichi1|news1|nf16
なんべい,な,い,0,high,news1|nf07
かつぱ,か,ぱ,0,high,gai1
くりいむ,く,む,0,high,gai1|ichi1
てん,て,ん,0,high,gai1|ichi1|news1|nf03|nf05|nf22
あんに,あ,に,0,high,news1|nf13
めいもく,め,く,0,high,ichi1|news1|nf05
げんしち,げ,ち,0,high,news1|nf23
ろうどうくみあい,ろ,い,0,high,news1|nf06
おくたあぶ,お,ぶ,0,high,gai1
かどうりつ,か,つ,0,high,news1|nf19
あど,あ,ど,0,high,gai1
くりあげ,く,げ,0,high,news1|nf12
ぎやんぶる,ぎ,る,0,high,gai1
なりたつ,な,つ,0,high,ichi1|news1|nf15
じにん,じ,ん,0,high,ichi1|news1|nf02|nf18
ろおどしよお,ろ,お,0,high,gai1
ふおおまつと,ふ,と,0,high,gai1
きよくせつ,き,つ,0,high,news1|nf13
ゆでん,ゆ,ん,0,high,ichi1|news1|nf08
しはらいほうほう,し,う,0,high,spec1
やむ,や,む,0,high,ichi1|news2|nf26
てんぷ,て,ぷ,0,high,ichi1|news2|nf25|spec1
よせん,よ,ん,0,high,ichi1|news1|nf02
かくぎ,か,ぎ,0,high,news1|nf02
みちすじ,み,じ,0,high,news1|nf09
とびおりる,と,る,0,high,ichi1|news2|nf28
くうぽん,く,ん,0,high,gai1
ないふ,な,ふ,0,high,gai1|ichi1
かんりしよく,か,く,0,high,news1|nf07
さいん,さ,ん,0,high,gai1|ichi1
てきせつ,て,つ,0,high,ichi1|news1|nf04
ねあがり,ね,り,0,high,ichi1|news1|nf12
いらして,い,て,0,high,spec1
くらあく,く,く,0,high,gai1
せばまる,せ,る,0,high,ichi1|news2|nf44
りゆうちよう,り,う,0,high,ichi1
こつかい,こ,い,0,high,ichi1|news1|nf01|nf12
にくたいてき,に,き,0,high,news1|nf16
おやふこう,お,う,0,high,ichi1
ひよつとしたら,ひ,ら,0,high,spec1
いちめん,い,ん,0,high,ichi1|news1|nf06
そつう,そ,う,0,high,news1|nf18
はむかう,は,う,0,high,ichi1
のたんびに,の,に,0,high,spec1
くにつち,く,ち,0,high,ichi1|news1|nf06
じやあなりすと,じ,と,0,high,gai1|ichi1
ほわいと,ほ,と,0,high,gai1
ふであと,ふ,と,0,high,news1|nf23
ぱす,ぱ,す,0,high,gai1
くん,く,ん,0,high,ichi1|news1|nf21
ぶなん,ぶ,ん,0,high,ichi1|news1|nf15
すぱありんぐ,す,ぐ,0,high,gai1
もる,も,る,0,high,ichi1|news1|nf19
かしだす,か,す,0,high,ichi1|news2|nf35
ふあいたあ,ふ,あ,0,high,gai1
ぐるめ,ぐ,め,0,high,gai1
くきよう,く,う,0,high,news1|nf11
まる,ま,る,0,high,ichi1
べねふいつと,べ,と,0,high,gai1
ろつかあるうむ,ろ,む,0,high,gai1
こうりつてき,こ,き,0,high,news1|nf11
そうゆう,そ,う,0,high,spec1
かくやく,か,く,0,high,news1|nf18
かえす,か,す,0,high,ichi1|news1|news2|nf18|nf20|nf45
げんかい,げ,い,0,high,ichi1|news1|nf04
ひがいしや,ひ,や,0,high,news1|nf04
ぶんめん,ぶ,ん,0,high,news1|nf20
せつきよく,せ,く,0,high,news1|nf03
てきほう,て,う,0,high,news1|nf15
ないる,な,る,0,high,gai1
ふんえん,ふ,ん,0,high,news1|nf21
よじん,よ,ん,0,high,news1|nf17
きすう,き,う,0,high,ichi1|news2|nf37
けんぽう,け,う,0,high,ichi1|news1|nf01
じんぎすかん,じ,ん,0,high,spec1
じゆうろくにち,じ,ち,0,high,spec1
びすけつと,び,と,0,high,gai1|ichi1
そくせき,そ,き,0,high,ichi1|news1|nf10|nf23|spec1
かつき,か,き,0,high,ichi1|news1|nf12
けして,け,て,0,high,ichi1|news1|nf03
そうさい,そ,い,0,high,ichi1|news1|news2|nf01|nf20|nf36
はんだん,は,ん,0,high,ichi1|news1|nf01
きてん,き,ん,0,high,news1|nf16
はいりこむ,は,む,0,high,news1|nf20
しばる,し,る,0,high,ichi1|news1|nf12
ともども,と,も,0,high,ichi1
はなしあう,は,う,0,high,ichi1|news1|nf11
どうぎ,ど,ぎ,0,high,news1|nf12|nf18
せつてん,せ,ん,0,high,news1|nf11
しめい,し,い,0,high,ichi1|news1|nf03|nf07
くつきんぐ,く,ぐ,0,high,gai1
こうぶん,こ,ん,0,high,news1|nf18
いつせき,い,き,0,high,news1|nf16
そこねる,そ,る,0,high,ichi1|news2|nf45
かんちよう,か,う,0,high,ichi1|news1|nf05|nf09|nf21
あだびと,あ,と,0,high,ichi1|news1|nf05
はもん,は,ん,0,high,news1|nf07
むせいふ,む,ふ,0,high,news1|nf23
ふえみにすと,ふ,と,0,high,gai1
うらやましい,う,い,0,high,ichi1
げつない,げ,い,0,high,news1|nf17
こきやく,こ,く,0,high,ichi1|news1|nf04
みたす,み,す,0,high,ichi1|news1|nf11
かくぶんれつ,か,つ,0,high,news1|nf19
なおし,な,し,0,high,news1|nf12
まんと,ま,と,0,high,gai1
ぬく,ぬ,く,0,high,ichi1
ながや,な,や,0,high,news1|nf23
なんとも,な,も,0,high,ichi1|news1|nf10
がんばり,が,り,0,high,news1|nf16
おこる,お,る,0,high,ichi1|news1|nf15|nf20
こうよう,こ,う,0,high,ichi1|news1|nf14|nf16
よおぐると,よ,と,0,high,gai1
あきや,あ,や,0,high,news1|nf24
えいがかん,え,ん,0,high,ichi1|news1|nf09
ぎぞう,ぎ,う,0,high,ichi1|news1|nf05
おしやべり,お,り,0,high,ichi1
りえき,り,き,0,high,ichi1|news1|nf02
さんしゆつ,さ,つ,0,high,news1|nf22
こみかる,こ,る,0,high,gai1
はんがく,は,く,0,high,news1|nf10
ぼくそう,ぼ,う,0,high,news1|nf24
あくしでんと,あ,と,0,high,gai1
すいさん,す,ん,0,high,ichi1|news1|nf08
むめ,む,め,0,high,ichi1|news1|nf07
さあち,さ,ち,0,high,gai1
しんばん,し,ん,0,high,ichi1|news1|nf05
とうこう,と,う,0,high,ichi1|news1|nf06|nf10|nf23
らぶこめ,ら,め,0,high,gai1
いちねんじゆう,い,う,0,high,ichi1
おととい,お,い,0,high,ichi1|news2|nf40
つるす,つ,す,0,high,ichi1
れんけい,れ,い,0,high,news1|nf05
あとがき,あ,き,0,high,ichi1|news2|nf46
やつつ,や,つ,0,high,ichi1
こうぎよう,こ,う,0,high,ichi1|news1|nf02|nf11|nf15|nf16
えいたんご,え,ご,0,high,spec1
みつにゆうごく,み,く,0,high,ichi1|news1|nf22
ふろすと,ふ,と,0,high,gai1
でございます,で,す,0,high,spec1
みあい,み,い,0,high,ichi1|news1|nf18
うしろだて,う,て,0,high,news1|nf18
せめ,せ,め,0,high,news1|nf05
ぎせき,ぎ,き,0,high,news1|nf02
にゆうじやあじい,に,い,0,high,gai1
しがつ,し,つ,0,high,news1|nf01|spec1
ばたん,ば,ん,0,high,spec1
とうとい,と,い,0,high,ichi1|news2|nf27
たえる,た,る,0,high,ichi1|news1|news2|nf11|nf41
どろぼう,ど,う,0,high,ichi1|news1|nf15
でふおるめ,で,め,0,high,gai1
うせつ,う,つ,0,high,news2|nf40|spec1
てんけい,て,い,0,high,ichi1|news1|nf09
りようしん,り,ん,0,high,ichi1|news1|nf03|nf14
ぺえじ,ぺ,じ,0,high,gai1|ichi1
こかくまんぞく,こ,く,0,high,spec1
ひらち,ひ,ち,0,high,news1|nf21
てんない,て,い,0,high,news1|nf09
せんりゆう,せ,う,0,high,news1|nf13
ぬすむ,ぬ,む,0,high,ichi1|news1|nf09
せきしつ,せ,つ,0,high,news1|nf23
はあどかばあ,は,あ,0,high,gai1
いんど,い,ど,0,high,spec1
ほうがく,ほ,く,0,high,ichi1|news1|news2|nf06|nf16|nf27
るうきい,る,い,0,high,gai1
ほころびる,ほ,る,0,high,ichi1
けいしちよう,け,う,0,high,ichi1|news1|nf02
しゆずつ,し,つ,0,high,ichi1|news1|nf03
ひようしよう,ひ,う,0,high,ichi1|news1|nf05
なのだ,な,だ,0,high,spec1
がくそつ,が,つ,0,high,news1|nf16
げんそく,げ,く,0,high,ichi1|news1|nf01|nf07
へいがい,へ,い,0,high,ichi1|news1|nf08
てつせい,て,い,0,high,news1|nf16
じゆんし,じ,し,0,high,news1|nf16
れたあ,れ,あ,0,high,gai1
かくす,か,す,0,high,ichi1|news1|nf12
おば,お,ば,0,high,ichi1|news1|news2|nf10|nf20|nf30
ぷうたろお,ぷ,お,0,high,spec1
たちのく,た,く,0,high,ichi1
めえく,め,く,0,high,gai1
おぼえ,お,え,0,high,ichi1|news1|nf16
ぶらんど,ぶ,ど,0,high,gai1
らいてん,ら,ん,0,high,news1|nf24
ぼうおん,ぼ,ん,0,high,ichi1|news1|nf21
こきざみ,こ,み,0,high,news1|nf20
めいさい,め,い,0,high,ichi1|news1|nf20
しうとめ,し,め,0,high,ichi1|news1|nf16
ぶろつかあ,ぶ,あ,0,high,gai1
ほどなく,ほ,く,0,high,ichi1
かわいいい,か,い,0,high,ichi1|news2|nf32
ひさい,ひ,い,0,high,news1|nf06
きくばり,き,り,0,high,ichi1|news1|nf14
しようとつ,し,つ,0,high,ichi1|news1|nf04
みだす,み,す,0,high,ichi1|news2|nf44
へんじゆう,へ,う,0,high,news1|nf14
ちひよう,ち,う,0,high,news1|nf14
かたまる,か,る,0,high,ichi1|news2|nf40
すいちゆう,す,う,0,high,ichi1|news1|nf12
しびれる,し,る,0,high,ichi1
あねつたい,あ,い,0,high,news2|nf28|spec1
しゆうは,し,は,0,high,news1|nf20
さんか,さ,か,0,high,ichi1|news1|news2|nf01|nf05|nf09|nf21|nf23|nf28
ふりつ,ふ,つ,0,high,ichi1|news1|nf11
ふおあぼおる,ふ,る,0,high,gai1
ひけつ,ひ,つ,0,high,ichi1|news1|news2|nf13|nf42
えがく,え,く,0,high,ichi1
ろうどく,ろ,く,0,high,ichi1|news1|nf12
ちようるい,ち,い,0,high,news1|nf15
しゆうひよう,し,う,0,high,news1|nf19
まんせき,ま,き,0,high,news1|nf19
しんみよう,し,う,0,high,news1|nf22
こしゆう,こ,う,0,high,ichi1|news2|nf46
つつみこむ,つ,む,0,high,spec1
ばんこん,ば,ん,0,high,news1|nf22
へいそく,へ,く,0,high,news2|nf27|spec1
みいる,み,る,0,high,gai1|news1|nf23
むだん,む,ん,0,high,ichi1|news1|nf11
ぎじゆつ,ぎ,つ,0,high,ichi1|news1|nf01
ちやいろ,ち,ろ,0,high,ichi1|news1|nf15
ばあれすく,ば,く,0,high,gai1
しようしよ,し,よ,0,high,ichi1|news1|nf08
ないとくらぶ,な,ぶ,0,high,gai1
しゆうち,し,ち,0,high,news1|nf11
ちゆうざい,ち,い,0,high,news1|nf07
じゆきよう,じ,う,0,high,news1|nf22
ちゆうさい,ち,い,0,high,ichi1|news1|nf16
しよく,し,く,0,high,news1|nf06|nf07|nf09
がんがん,が,ん,0,high,ichi1
ちようちよ,ち,よ,0,high,ichi1|news1|nf24
ほうほうろん,ほ,ん,0,high,news1|nf19
もちこす,も,す,0,high,news1|nf12
はつこい,は,い,0,high,ichi1|news2|nf27
めたのおる,め,る,0,high,gai1
しようがい,し,い,0,high,ichi1|news1|nf02|nf05|nf10|nf17
じゆしようしき,じ,き,0,high,news1|nf10
うつわ,う,わ,0,high,ichi1|news1|nf11
よい,よ,い,0,high,ichi1|news1|nf08|nf17
きけんせい,き,い,0,high,spec1
じびよう,じ,う,0,high,news1|nf18
けいざいかい,け,い,0,high,news1|nf06
とらんく,と,く,0,high,gai1
あなうんす,あ,す,0,high,gai1
こばるとぶるう,こ,う,0,high,gai1
ふろつく,ふ,く,0,high,gai1
かいぜん,か,ん,0,high,ichi1|news1|nf02
しゆつとう,し,う,0,high,news1|nf13
せえるす,せ,す,0,high,gai1
まるたあぜ,ま,ぜ,0,high,gai1
くさり,く,り,0,high,ichi1|news1|nf20
ものごと,も,と,0,high,ichi1|news1|nf13
はしゆ,は,ゆ,0,high,ichi1|news1|nf02
わりざん,わ,ん,0,high,ichi1
ひきあげ,ひ,げ,0,high,news1|nf03
ひきさげる,ひ,る,0,high,ichi1|news1|nf15
しゆうちやくえき,し,き,0,high,ichi1|news2|nf32
てぐち,て,ち,0,high,news1|nf09
たよる,た,る,0,high,ichi1|news1|nf19
まんとる,ま,る,0,high,gai1
いきどおり,い,り,0,high,news1|nf17
ぶんぱい,ぶ,い,0,high,ichi1|news1|nf10
ほんや,ほ,や,0,high,ichi1|news1|nf17
ひととせ,ひ,せ,0,high,spec1
りもおと,り,と,0,high,gai1
すてつかあ,す,あ,0,high,gai1
こしよお,こ,お,0,high,ichi1
じはんき,じ,き,0,high,spec1
あんがい,あ,い,0,high,ichi1|news1|nf15
しろばい,し,い,0,high,ichi1|news2|nf36
かいいき,か,き,0,high,news1|nf08
かつぎ,か,ぎ,0,high,news1|nf23
にわかに,に,に,0,high,ichi1|spec2
しようあく,し,く,0,high,news1|nf20
いえいえ,い,え,0,high,ichi1
くすぐつたい,く,い,0,high,ichi1
ゆうえんち,ゆ,ち,0,high,ichi1|news1|nf15
ねじ,ね,じ,0,high,spec1
ちやくしゆ,ち,ゆ,0,high,ichi1|news1|nf18
さびしい,さ,い,0,high,ichi1|news2|nf33|spec1
しろうま,し,ま,0,high,news1|nf16
きれえい,き,い,0,high,ichi1
ふり,ふ,り,0,high,ichi1|news1|nf08|nf13
さんじゆう,さ,う,0,high,news1|nf01|spec1
すぺしやりすと,す,と,0,high,gai1
こむすび,こ,び,0,high,news1|nf16
たいいん,た,ん,0,high,ichi1|news1|nf04|nf12
したね,し,ね,0,high,news1|nf22
せいい,せ,い,0,high,ichi1|news1|nf10
やぼう,や,う,0,high,news1|nf23
やつら,や,ら,0,high,spec1
ひとむかし,ひ,し,0,high,ichi1|news2|nf25
しようにびよう,し,う,0,high,news1|nf24
せんめん,せ,ん,0,high,ichi1|news2|nf28
しようりつ,し,つ,0,high,news1|nf17
ぶていつく,ぶ,く,0,high,gai1
ぎやつぷ,ぎ,ぷ,0,high,gai1
じまく,じ,く,0,high,news1|nf16
じきに,じ,に,0,high,ichi1
ぷらんと,ぷ,と,0,high,gai1
ねす,ね,す,0,high,gai1
せきわけ,せ,け,0,high,news1|nf12
おつかい,お,い,0,high,news2|nf36|spec1
ものがたり,も,り,0,high,ichi1|news1|nf03
さつい,さ,い,0,high,news1|nf23
ゆうしよく,ゆ,く,0,high,ichi1|news1|nf06
ちらり,ち,り,0,high,spec1
こくせいちようさ,こ,さ,0,high,news1|nf14
ほる,ほ,る,0,high,ichi1|news1|news2|nf06|nf27|nf35
へんけい,へ,い,0,high,ichi1|news1|nf15
みみより,み,り,0,high,ichi1|spec1
かま,か,ま,0,high,ichi1|news1|nf15|nf19|nf23
けいそつ,け,つ,0,high,ichi1|news1|nf19
りよけん,り,ん,0,high,ichi1|news1|nf13
かがやく,か,く,0,high,ichi1
そうだ,そ,だ,0,high,spec1
なんにんか,な,か,0,high,spec1
やしなう,や,う,0,high,ichi1|news2|nf39
もちずき,も,き,0,high,news1|nf11
えいち,え,ち,0,high,news1|nf22
このなか,こ,か,0,high,spec1
しゆつば,し,ば,0,high,news1|nf03
けんばん,け,ん,0,high,news2|nf44|spec1
ぶらんち,ぶ,ち,0,high,gai1
ぺいんくりにつく,ぺ,く,0,high,gai1
すちゆわあです,す,す,0,high,gai1|ichi1
おまい,お,い,0,high,ichi1
ちゆうしようきぎよう,ち,う,0,high,news1|nf04
きつて,き,て,0,high,ichi1|news1|nf08
ぼつらく,ぼ,く,0,high,ichi1|news2|nf31
ぼこう,ぼ,う,0,high,news1|nf13
しんげき,し,き,0,high,news1|nf15
どなりこむ,ど,む,0,high,news1|nf23
ほけんふ,ほ,ふ,0,high,news1|nf15
きようざい,き,い,0,high,news1|nf08
じぷしい,じ,い,0,high,gai1
けいそう,け,う,0,high,news1|nf18
ちゆうおうしゆうけん,ち,ん,0,high,news1|nf14
ぽおたぶる,ぽ,る,0,high,gai1
おちつく,お,く,0,high,ichi1|news2|nf36
かんみん,か,ん,0,high,news1|nf10
はんすと,は,と,0,high,gai1
せこう,せ,う,0,high,ichi1|news1|nf06|nf14
へいごう,へ,う,0,high,news1|nf12
さんかい,さ,い,0,high,news1|nf16|spec1
きもちわるい,き,い,0,high,spec1
あかるい,あ,い,0,high,ichi1|news1|nf09
ぱれつと,ぱ,と,0,high,gai1
らんち,ら,ち,0,high,gai1|ichi1
ちやあち,ち,ち,0,high,gai1
くわばら,く,ら,0,high,news1|nf16
とう,と,う,0,high,ichi1|news1|nf02|nf07|nf12
はぶく,は,く,0,high,ichi1
ちらす,ち,す,0,high,ichi1|news2|nf47
しさく,し,く,0,high,news1|nf06|nf15
けいしん,け,ん,0,high,news1|nf22
ようしき,よ,き,0,high,ichi1|news1|news2|nf09|nf33
よびこう,よ,う,0,high,ichi1
じよしこうせい,じ,い,0,high,spec1
しやしゆ,し,ゆ,0,high,news1|nf09
かるてる,か,る,0,high,gai1
ぷれい,ぷ,い,0,high,gai1
なえ,な,え,0,high,ichi1|news1|nf09
いやき,い,き,0,high,news1|nf15
どうにん,ど,ん,0,high,news1|nf12
ぶろおち,ぶ,ち,0,high,gai1
おふれこ,お,こ,0,high,gai1
しゆつど,し,ど,0,high,news1|nf18
りく,り,く,0,high,ichi1|news1|nf05
じげん,じ,ん,0,high,ichi1|news1|nf10|nf12
そうでん,そ,ん,0,high,news1|nf11|nf19
たいむ,た,む,0,high,gai1|ichi1
じだいげき,じ,き,0,high,news1|nf10
ふちよう,ふ,う,0,high,ichi1|news1|news2|nf09|nf42
たいしや,た,や,0,high,news1|nf21|nf23
きゆうけい,き,い,0,high,ichi1|news1|nf08
ろくが,ろ,が,0,high,ichi1|news1|nf12
がつちり,が,り,0,high,ichi1
まいげつ,ま,つ,0,high,ichi1|news1|nf05
がつしようだん,が,ん,0,high,news1|nf13
しはす,し,す,0,high,ichi1|news1|nf21
ほんとう,ほ,う,0,high,ichi1|news1|nf02|nf21
ばれえぼおる,ば,る,0,high,gai1|ichi1
ゆいつ,ゆ,つ,0,high,ichi1|news1|nf03
らんなあ,ら,あ,0,high,gai1
なつとく,な,く,0,high,ichi1|news1|nf09
こうとうがつこう,こ,う,0,high,ichi1|news1|nf15
じてん,じ,ん,0,high,ichi1|news1|nf03|nf10|nf12|nf23
はね,は,ね,0,high,ichi1|news1|nf18
だいしや,だ,や,0,high,news1|nf24
すりつと,す,と,0,high,gai1
ちよくせつせんきよ,ち,よ,0,high,news1|nf16
びか,び,か,0,high,ichi1|news2|nf29
にん,に,ん,0,high,ichi1|news1|nf04|nf14
まあち,ま,ち,0,high,gai1
ぼうぎよ,ぼ,よ,0,high,ichi1|news1|nf07
せんぞく,せ,く,0,high,news1|nf15
わがまま,わ,ま,0,high,ichi1|spec1
すていたす,す,す,0,high,gai1
はりがみ,は,み,0,high,news1|nf20
くちばし,く,し,0,high,ichi1
がりやく,が,く,0,high,news2|nf47|spec1
そつぎようご,そ,ご,0,high,spec1
さいくる,さ,る,0,high,gai1
ざんしん,ざ,ん,0,high,news2|nf29|spec1
ほくぶ,ほ,ぶ,0,high,ichi1|news1|nf04
おりあい,お,い,0,high,news1|nf18
すうりよう,す,う,0,high,ichi1|news1|nf07
ぷろもおたあ,ぷ,あ,0,high,gai1
そんげん,そ,ん,0,high,news1|nf09
かざあたり,か,り,0,high,news1|nf16
だみい,だ,い,0,high,gai1
へびいすもおかあ,へ,あ,0,high,gai1
ゆるがす,ゆ,す,0,high,ichi1|news1|nf18
じやあ,じ,あ,0,high,gai1|ichi1
じゆごん,じ,ん,0,high,spec1
ていぎ,て,ぎ,0,high,ichi1|news1|nf09
せきぐん,せ,ん,0,high,news1|nf14
まりいな,ま,な,0,high,gai1
うらない,う,い,0,high,ichi1|news1|nf17
じやんけん,じ,ん,0,high,spec1
きゆうしよく,き,く,0,high,ichi1|news1|nf06|nf13|nf18
しんし,し,し,0,high,ichi1|news1|nf05|nf09|nf20|nf23
つかまる,つ,る,0,high,ichi1|news2|nf44
ぼおとぴいぷる,ぼ,る,0,high,gai1
しようかき,し,き,0,high,ichi1|news1|nf23
ふつ,ふ,つ,0,high,spec1
りようり,り,り,0,high,ichi1|news1|nf02
はつゆめ,は,め,0,high,ichi1|news2|nf46
たいむりい,た,い,0,high,gai1
かいよう,か,う,0,high,ichi1|news1|nf05
なしとげる,な,る,0,high,ichi1|news2|nf31
かいこく,か,く,0,high,news1|nf22|nf23
いちにちじゆう,い,う,0,high,ichi1
おやつ,お,つ,0,high,ichi1
いじわる,い,る,0,high,ichi1|news2|nf37
それで,そ,で,0,high,ichi1
じゆうみんぜい,じ,い,0,high,news1|nf12
あとしまつ,あ,つ,0,high,ichi1|news1|nf20
しゆうかんし,し,し,0,high,ichi1
けが,け,が,0,high,ichi1
やさい,や,い,0,high,ichi1|news1|nf03
かみがた,か,た,0,high,news1|nf21|spec1
ぎしよう,ぎ,う,0,high,news1|nf20
ぱきすたん,ぱ,ん,0,high,gai1
きいる,き,る,0,high,gai1
わだ,わ,だ,0,high,ichi1|news1|nf02
でもない,で,い,0,high,spec1
そうせんきよ,そ,よ,0,high,news1|nf01
とこう,と,う,0,high,news1|nf10
おさえる,お,る,0,high,ichi1|news1|nf04|nf08
やきゆうぶ,や,ぶ,0,high,spec1
ふらんすりようり,ふ,り,0,high,spec1
おうせい,お,い,0,high,news2|nf41|spec1
せつとくりよく,せ,く,0,high,spec1
めかにつく,め,く,0,high,gai1
ろおぷ,ろ,ぷ,0,high,gai1|ichi1
だいひようてき,だ,き,0,high,news1|nf12
ろせんず,ろ,ず,0,high,spec1
めろん,め,ん,0,high,gai1
きめだま,き,ま,0,high,news1|nf23
ぐらまあ,ぐ,あ,0,high,gai1
こうがい,こ,い,0,high,ichi1|news1|nf04
にんげん,に,ん,0,high,ichi1|news1|nf01
じんこう,じ,う,0,high,ichi1|news1|nf01|nf05
ぱつけえじ,ぱ,じ,0,high,gai1
せいりがく,せ,く,0,high,news1|nf19
はいかん,は,ん,0,high,news1|nf16
ぱんたぐらふ,ぱ,ふ,0,high,gai1
かあぺつと,か,と,0,high,gai1|ichi1
あくしゆう,あ,う,0,high,news1|nf22
じゆらるみん,じ,ん,0,high,gai1
しようがいしや,し,や,0,high,news1|nf03
はつぴい,は,い,0,high,gai1
じつくり,じ,り,0,high,ichi1
どうふう,ど,う,0,high,ichi1|news2|nf25
なんてん,な,ん,0,high,ichi1|news1|nf16
あんけん,あ,ん,0,high,news1|nf11
おおら,お,ら,0,high,gai1
ほこり,ほ,り,0,high,ichi1|news1|nf07
ぷり,ぷ,り,0,high,gai1
まいこん,ま,ん,0,high,gai1
とりいれる,と,る,0,high,ichi1
ひろがり,ひ,り,0,high,news1|nf07
しゆくが,し,が,0,high,news1|nf11
ねんせい,ね,い,0,high,news1|nf02
きえる,き,る,0,high,ichi1|news2|nf39
ゆうぜい,ゆ,い,0,high,news1|nf10
げきど,げ,ど,0,high,news1|nf23
ほうちこく,ほ,く,0,high,news1|nf24
はやばや,は,や,0,high,ichi1
たんにん,た,ん,0,high,ichi1|news1|nf10
ほぶね,ほ,ね,0,high,news1|nf20
おもてだつ,お,つ,0,high,news1|nf19
ろぶ,ろ,ぶ,0,high,gai1
もしくは,も,は,0,high,ichi1
たちあい,た,い,0,high,news1|nf11|nf18|spec1
さあかす,さ,す,0,high,gai1
かけざん,か,ん,0,high,ichi1
かこみ,か,み,0,high,news1|nf18
よき,よ,き,0,high,ichi1|news1|nf17|nf18
ししよばこ,し,こ,0,high,news1|nf19
えんみ,え,み,0,high,news2|nf37|spec1
わかれる,わ,る,0,high,ichi1|news1|nf10|nf23
しゆしよう,し,う,0,high,ichi1|news1|news2|nf01|nf06|nf44|spec2
まこと,ま,と,0,high,ichi1
あつさり,あ,り,0,high,ichi1
あつぎ,あ,ぎ,0,high,ichi1
へもぐろびん,へ,ん,0,high,gai1
ひとじち,ひ,ち,0,high,ichi1|news1|nf07
いつせん,い,ん,0,high,news1|nf07|nf16|nf23|spec1
そうしき,そ,き,0,high,ichi1|news1|nf13
ふてきせつ,ふ,つ,0,high,spec1
みんよう,み,う,0,high,ichi1|news1|nf12
らせん,ら,ん,0,high,ichi1|news2|nf38
ばあい,ば,い,0,high,ichi1|news1|nf09
さいきよう,さ,う,0,high,ichi1|news1|nf11
あたる,あ,る,0,high,ichi1|news2|nf35
かしま,か,ま,0,high,ichi1
えいり,え,り,0,high,ichi1|news1|nf14
ぎのう,ぎ,う,0,high,ichi1|news1|nf09
もつとお,も,お,0,high,gai1
よりすぐり,よ,り,0,high,spec1
ゆとり,ゆ,り,0,high,ichi1
おすみつき,お,き,0,high,spec1
りくじようじえいたい,り,い,0,high,news1|nf09
かと,か,と,0,high,news1|nf21|spec1
わごむ,わ,む,0,high,ichi1|news2|nf44
しよつと,し,と,0,high,gai1
のびやか,の,か,0,high,ichi1|news2|nf32
ふぶき,ふ,き,0,high,ichi1|news1|nf19
みにつける,み,る,0,high,spec1
こぴぺ,こ,ぺ,0,high,spec1
とくてん,と,ん,0,high,news1|nf03|nf19
おんす,お,す,0,high,gai1
つよまる,つ,る,0,high,ichi1|news2|nf44
やつき,や,き,0,high,news1|nf13
ていれい,て,い,0,high,news1|nf06
おふいしやる,お,る,0,high,gai1
ふりむく,ふ,く,0,high,ichi1
しろくろ,し,ろ,0,high,news1|nf18
じひつ,じ,つ,0,high,news1|nf21
どろおいんぐ,ど,ぐ,0,high,gai1
しやちゆう,し,う,0,high,news1|nf17
ぼすとん,ぼ,ん,0,high,gai1
ろうかく,ろ,く,0,high,news1|nf23
えれき,え,き,0,high,gai1
ぬう,ぬ,う,0,high,ichi1|news2|nf29
つとめて,つ,て,0,high,ichi1
ひとたび,ひ,び,0,high,news1|nf03
にひやく,に,く,0,high,news1|nf02|spec1
あげ,あ,げ,0,high,news1|nf07|nf19
しいでいいぷれいやあ,し,あ,0,high,spec1
のお,の,お,0,high,gai1
べえすきやんぷ,べ,ぷ,0,high,gai1
りやくしき,り,き,0,high,news1|nf13
えんそうば,え,ば,0,high,news1|nf07
また,ま,た,0,high,ichi1|news1|news2|nf19|nf25
やくどう,や,う,0,high,news1|nf21
ひはんてき,ひ,き,0,high,news1|nf08
きより,き,り,0,high,ichi1|news1|nf03
ねぶる,ね,る,0,high,ichi1|news2|nf39
あがり,あ,り,0,high,ichi1|news1|nf08
ていとうけん,て,ん,0,high,news1|nf20
まいむ,ま,む,0,high,gai1
はたき,は,き,0,high,ichi1
いましめ,い,め,0,high,ichi1|news2|nf31
どつぐふうど,ど,ど,0,high,spec1
ひやくえんしよつぷ,ひ,ぷ,0,high,spec1
じみん,じ,ん,0,high,news1|nf01
うりよう,う,う,0,high,news1|nf15
れつしや,れ,や,0,high,ichi1|news1|nf04
つけもの,つ,の,0,high,ichi1|news1|nf18
すいがい,す,い,0,high,ichi1|news1|nf14
それはさておき,そ,き,0,high,spec1
こうせいろうどうしよう,こ,う,0,high,spec1
かんりよう,か,う,0,high,ichi1|news1|nf02|nf15
どん,ど,ん,0,high,ichi1|news1|nf17
りゆうし,り,し,0,high,news1|nf11
らんぷ,ら,ぷ,0,high,gai1
いつと,い,と,0,high,gai1
にんしん,に,ん,0,high,ichi1|news1|nf07
ゆうらん,ゆ,ん,0,high,news1|nf24
けえぷ,け,ぷ,0,high,gai1
めいぼ,め,ぼ,0,high,ichi1|news1|nf04
ごうりゆう,ご,う,0,high,news2|nf27|spec1
ざいしつ,ざ,つ,0,high,news1|nf17
ふせぐ,ふ,ぐ,0,high,ichi1|news2|nf25
さいしき,さ,き,0,high,news1|nf23
なにそつ,な,つ,0,high,ichi1|spec1
げりら,げ,ら,0,high,gai1
いくつか,い,か,0,high,spec1
へんぴん,へ,ん,0,high,news2|nf29|spec1
ふもう,ふ,う,0,high,ichi1|news2|nf26
ばくりよう,ば,う,0,high,news1|nf17
はやし,は,し,0,high,ichi1|news1|nf02
へる,へ,る,0,high,gai1|ichi1|news1|nf14|nf20
ういんたあすぽおつ,う,つ,0,high,gai1
てつこつ,て,つ,0,high,ichi1|news1|nf10
じゆぎようさんかん,じ,ん,0,high,spec1
もう,も,う,0,high,ichi1
じようおう,じ,う,0,high,ichi1|news1|nf06
けつか,け,か,0,high,ichi1|news1|nf01
かなり,か,り,0,high,ichi1
やつ,や,つ,0,high,ichi1|news1|nf20
れいがい,れ,い,0,high,ichi1|news1|nf05|nf13
こくそ,こ,そ,0,high,ichi1|news1|nf11
あらい,あ,い,0,high,ichi1|news2|nf36|nf42
かいせき,か,き,0,high,news1|nf10
もんきい,も,い,0,high,gai1
そぼく,そ,く,0,high,ichi1|news1|nf11
いつぷう,い,う,0,high,ichi1|news2|nf31
はいたい,は,い,0,high,news1|nf15
ばあれる,ば,る,0,high,gai1
じゆんじ,じ,じ,0,high,news1|nf08
ようけん,よ,ん,0,high,ichi1|news1|news2|nf09|nf31
さしひかえる,さ,る,0,high,news1|nf23
めがね,め,ね,0,high,ichi1|news1|nf13|spec1
そしよく,そ,く,0,high,ichi1|news1|nf01
ぞうきよう,ぞ,う,0,high,news1|nf09
どうしよくぶつ,ど,つ,0,high,news1|nf11
じゆんかん,じ,ん,0,high,ichi1|news1|nf11
ふりまわす,ふ,す,0,high,news1|nf15
まばたく,ま,く,0,high,ichi1
だいこう,だ,う,0,high,ichi1|news1|nf04
よびかけ,よ,け,0,high,ichi1|news1|nf07|nf11
そる,そ,る,0,high,ichi1
わいあ,わ,あ,0,high,gai1
じんばぶえ,じ,え,0,high,gai1
かがみ,か,み,0,high,ichi1|news1|nf06
みれにあむ,み,む,0,high,gai1
あきらめる,あ,る,0,high,ichi1
じゆうくにち,じ,ち,0,high,spec1
からむ,か,む,0,high,ichi1|news2|nf31
じもと,じ,と,0,high,ichi1|news1|nf01
かれん,か,ん,0,high,news2|nf40|spec1
れぷりか,れ,か,0,high,gai1
じんしゆ,じ,ゆ,0,high,ichi1|news1|nf05
けとば,け,ば,0,high,ichi1|news1|nf01
えいようがく,え,く,0,high,news1|nf24
かじよう,か,う,0,high,ichi1|news1|nf08
ひくい,ひ,い,0,high,ichi1|news1|nf14
さあば,さ,ば,0,high,gai1
いんさつ,い,つ,0,high,ichi1|news1|nf06
うよく,う,く,0,high,ichi1|news1|nf04
しいど,し,ど,0,high,gai1
あたりまえ,あ,え,0,high,ichi1|news1|nf06
につすう,に,う,0,high,ichi1|news1|nf10
じずめ,じ,め,0,high,news1|nf15
たいしよく,た,く,0,high,ichi1|news1|nf04
くいこむ,く,む,0,high,ichi1|news1|nf23
きばん,き,ん,0,high,ichi1|news1|nf03
まふ,ま,ふ,0,high,news1|nf08
しはつ,し,つ,0,high,ichi1|news1|nf18
たんくろおりい,た,い,0,high,gai1
かんきようほご,か,ご,0,high,spec1
へぶらいずむ,へ,む,0,high,gai1
れんちゆう,れ,う,0,high,ichi1|news1|nf12
ぼうえんきよう,ぼ,う,0,high,ichi1|news1|nf13
あさつて,あ,て,0,high,ichi1
ちじむ,ち,む,0,high,ichi1|news2|nf31
おらあ,お,あ,0,high,ichi1|news1|nf12
ぼれえ,ぼ,え,0,high,gai1
おもる,お,る,0,high,news1|nf17
きよひ,き,ひ,0,high,ichi1|news1|nf03
にゆうす,に,す,0,high,gai1|ichi1
かんり,か,り,0,high,ichi1|news1|nf01|nf18
ふれあ,ふ,あ,0,high,spec1
じつは,じ,は,0,high,ichi1|news1|nf03
にんめい,に,い,0,high,ichi1|news1|nf10
ねむい,ね,い,0,high,ichi1|news2|nf30
おおすじ,お,じ,0,high,news1|nf09
ついてる,つ,る,0,high,spec1
ざわめく,ざ,く,0,high,ichi1
こどうぐ,こ,ぐ,0,high,news1|nf20
いちわり,い,り,0,high,spec1
よくせい,よ,い,0,high,ichi1|news1|nf04
ねんじゆう,ね,う,0,high,ichi1|news1|nf16
ゆりあ,ゆ,あ,0,high,gai1
いちなか,い,か,0,high,news1|nf07
すると,す,と,0,high,ichi1
のうきん,の,ん,0,high,news1|nf23
あんど,あ,ど,0,high,gai1
はいしん,は,ん,0,high,news1|nf14|nf23
うわのせ,う,せ,0,high,news1|nf16
えんきよく,え,く,0,high,ichi1
ちようりゆう,ち,う,0,high,news1|nf10
わたりどり,わ,り,0,high,news1|nf17
どうして,ど,て,0,high,ichi1
けんぼう,け,う,0,high,ichi1|news1|nf01
せめる,せ,る,0,high,ichi1|news1|news2|nf09|nf45
ておくれ,て,れ,0,high,ichi1|news2|nf26
おそい,お,い,0,high,ichi1|news1|nf18
ぎかい,ぎ,い,0,high,ichi1|news1|nf01
にちようび,に,び,0,high,ichi1
あいぎよう,あ,う,0,high,spec1
にしがわ,に,わ,0,high,news1|nf02
きようきやく,き,く,0,high,news1|nf23
はずかしい,は,い,0,high,ichi1|news2|nf28
きよしよう,き,う,0,high,news1|nf15
かぎよう,か,う,0,high,news1|nf19
さんせい,さ,い,0,high,ichi1|news1|nf02|nf08|nf17
かいばつ,か,つ,0,high,ichi1|news2|nf29
もてなす,も,す,0,high,ichi1
ぶい,ぶ,い,0,high,gai1|news1|nf21
きとくけん,き,ん,0,high,news1|nf16
どこ,ど,こ,0,high,ichi1|news2|nf47
おうよう,お,う,0,high,ichi1|news1|nf09
そうざい,そ,い,0,high,news2|nf25|spec1
いきさつ,い,つ,0,high,news1|nf04
あんさつ,あ,つ,0,high,ichi1|news1|nf07
くらべ,く,べ,0,high,news1|nf13
やきもち,や,ち,0,high,ichi1
おぺれえしよん,お,ん,0,high,gai1
ほこう,ほ,う,0,high,news1|nf10
みんえい,み,い,0,high,news1|nf05
おおるないと,お,と,0,high,gai1
ふかしん,ふ,ん,0,high,news1|nf15
こうようじゆ,こ,ゆ,0,high,news1|nf24
とだえる,と,る,0,high,ichi1|news2|nf26
やまかじ,や,じ,0,high,news1|nf22
あずけいれる,あ,る,0,high,news1|nf13
ふしようじ,ふ,じ,0,high,news1|nf04
れこおでいんぐ,れ,ぐ,0,high,gai1
さんしやいん,さ,ん,0,high,gai1
ちようかく,ち,く,0,high,ichi1|news1|nf17
とりくむ,と,む,0,high,ichi1|news2|nf37
さぷらい,さ,い,0,high,gai1
もうまく,も,く,0,high,news1|nf20
あたためる,あ,る,0,high,ichi1
すじみち,す,ち,0,high,ichi1|news2|nf28
しようちゆうがくせい,し,い,0,high,spec1
はちうえ,は,え,0,high,news1|nf24
すいし,す,し,0,high,news1|nf17
すらんぷ,す,ぷ,0,high,gai1
たいきゆう,た,う,0,high,news1|nf12
かれんしい,か,い,0,high,gai1
ます,ま,す,0,high,gai1|ichi1|news2|nf47
べねちあんぐらす,べ,す,0,high,gai1
じばん,じ,ん,0,high,news1|nf06
ふしあわせ,ふ,せ,0,high,ichi1
ふいるむ,ふ,む,0,high,gai1|ichi1
あつまる,あ,る,0,high,ichi1|news1|nf20
ちかよせる,ち,る,0,high,ichi1
もうしたて,も,て,0,high,news1|nf09
かいなか,か,か,0,high,spec1
あるいみでは,あ,は,0,high,spec1
そんざい,そ,い,0,high,ichi1|news1|nf02
ほくたん,ほ,ん,0,high,news1|nf21
わしんとん,わ,ん,0,high,gai1
すぽおく,す,く,0,high,gai1
ほつきよくけん,ほ,ん,0,high,news1|nf21
ひようする,ひ,る,0,high,news1|nf21
ひまらや,ひ,や,0,high,gai1
じちたい,じ,い,0,high,news1|nf02
びたみん,び,ん,0,high,gai1|ichi1
いんえん,い,ん,0,high,ichi1|news1|nf17|nf20
ぐろてすく,ぐ,く,0,high,gai1
ぷれみあむ,ぷ,む,0,high,gai1
しき,し,き,0,high,ichi1|news1|news2|nf03|nf10|nf14|nf33
すにいかあ,す,あ,0,high,gai1
みたり,み,り,0,high,news1|nf01
せばんごう,せ,う,0,high,news1|nf14
おんがえし,お,し,0,high,ichi1|news1|nf19
しゆうしよく,し,く,0,high,ichi1|news1|nf03
かいかく,か,く,0,high,ichi1|news1|nf01
ねぎ,ね,ぎ,0,high,ichi1
きんしゆ,き,ゆ,0,high,ichi1|news2|nf33
せつく,せ,く,0,high,ichi1|news2|nf36
きねんひ,き,ひ,0,high,news1|nf15
うらぐち,う,ち,0,high,ichi1|news1|nf24
おぼうさん,お,ん,0,high,ichi1
かおり,か,り,0,high,ichi1|news1|nf06
ふおおかす,ふ,す,0,high,gai1
うらがえす,う,す,0,high,ichi1|news2|nf36
おもうぞんぶん,お,ん,0,high,ichi1|news2|nf37
しも,し,も,0,high,ichi1|news2|nf25
だいじん,だ,ん,0,high,ichi1|news1|nf03
すいりよう,す,う,0,high,ichi1|news1|nf19
ないやしゆ,な,ゆ,0,high,news1|nf10
かいき,か,き,0,high,ichi1|news1|news2|nf04|nf14|nf20|nf34
げんきよ,げ,よ,0,high,ichi1|news1|nf06
きゆうか,き,か,0,high,ichi1|news1|nf05
ひつつく,ひ,く,0,high,ichi1
こうさくいん,こ,ん,0,high,news1|nf19
えりいと,え,と,0,high,gai1
きようかつ,き,つ,0,high,news1|nf11
れぽおと,れ,と,0,high,gai1|ichi1
うえいと,う,と,0,high,spec1
ほんのり,ほ,り,0,high,spec1
ちかつて,ち,て,0,high,news1|nf14
しやみせん,し,ん,0,high,news1|nf14
とぼける,と,る,0,high,ichi1
しぼる,し,る,0,high,ichi1|news1|nf12
けつしん,け,ん,0,high,ichi1|news1|nf16
かくじつけん,か,ん,0,high,news1|nf07
くらしき,く,き,0,high,news1|nf13
しゆつぴ,し,ぴ,0,high,news1|nf13
ぶつ,ぶ,つ,0,high,ichi1
たいい,た,い,0,high,news1|nf18
なるほど,な,ど,0,high,ichi1|spec1
うえるかむ,う,む,0,high,gai1|spec1
さいか,さ,か,0,high,news1|nf18
だいこ,だ,こ,0,high,ichi1|news1|nf21
わずか,わ,か,0,high,ichi1
とそう,と,う,0,high,news1|nf12
かぶか,か,か,0,high,news1|nf02
でぽじつと,で,と,0,high,gai1
こんぴゆうた,こ,た,0,high,gai1|ichi1
げんまい,げ,い,0,high,news1|nf19
えんどれす,え,す,0,high,gai1
てきぎ,て,ぎ,0,high,ichi1|news2|nf34
かつとう,か,う,0,high,ichi1|news1|nf14|nf18
うたあわせ,う,せ,0,high,news1|nf21
はつでんき,は,き,0,high,news1|nf19
みたい,み,い,0,high,spec1
ぶんすう,ぶ,う,0,high,ichi1
わいどしよお,わ,お,0,high,gai1
ひつこし,ひ,し,0,high,ichi1|news1|nf12
しよくりよう,し,う,0,high,ichi1|news1|nf04
さふありらりい,さ,い,0,high,gai1
しようへい,し,い,0,high,news1|nf18
はなざかり,は,り,0,high,news1|nf23
しようゆ,し,ゆ,0,high,ichi1|news2|nf31
とらわれる,と,る,0,high,ichi1|news2|nf43
とうらい,と,い,0,high,ichi1|news1|nf10
せんすいかん,せ,ん,0,high,ichi1|news1|nf10
ちくり,ち,り,0,high,spec1
さいへん,さ,ん,0,high,news1|nf03
げいりぶ,げ,ぶ,0,high,gai1
なれえたあ,な,あ,0,high,gai1
せつする,せ,る,0,high,ichi1|news1|nf10
まわりみち,ま,ち,0,high,ichi1|news2|nf35
どらいやあ,ど,あ,0,high,gai1
につしよう,に,う,0,high,news1|nf19
おてあげ,お,げ,0,high,news1|nf22
あたたかい,あ,い,0,high,ichi1|news1|nf21
だらしない,だ,い,0,high,ichi1
けつね,け,ね,0,high,ichi1|news1|nf23
ふさわしい,ふ,い,0,high,ichi1
いくせい,い,い,0,high,news1|nf05
すとおむ,す,む,0,high,gai1
ちゆうこう,ち,う,0,high,news1|nf16
らんじえりい,ら,い,0,high,gai1
かくりつ,か,つ,0,high,ichi1|news1|nf04|nf10
しじつ,し,つ,0,high,news1|nf22
びざ,び,ざ,0,high,gai1|ichi1
おばけ,お,け,0,high,ichi2|news1|nf23
かめらまん,か,ん,0,high,gai1|ichi1
むう,む,う,0,high,ichi1|news1|nf01
せんめんじよ,せ,よ,0,high,ichi1|news2|nf28
でないと,で,と,0,high,spec1
ふりよ,ふ,よ,0,high,ichi1|news2|nf29
こおら,こ,ら,0,high,gai1|ichi1
おんえあ,お,あ,0,high,gai1
みようあさ,み,さ,0,high,ichi1|news2|nf47
かいぎ,か,ぎ,0,high,ichi1|news1|nf01|nf15
げんじ,げ,じ,0,high,news1|nf13
せいてん,せ,ん,0,high,ichi1|news1|nf22
むくち,む,ち,0,high,ichi1|news2|nf26
につこうよく,に,く,0,high,ichi1|news2|nf34
うちこみ,う,み,0,high,news1|nf20
あつけ,あ,け,0,high,ichi1
つきよ,つ,よ,0,high,ichi1|news2|nf42
いずみ,い,み,0,high,ichi1|news1|nf06
いためる,い,る,0,high,ichi1|news1|nf20|spec1
ほるん,ほ,ん,0,high,gai1
ちほうこうきようだんたい,ち,い,0,high,news1|nf15
こんたくとれんず,こ,ず,0,high,gai1
とわいらいと,と,と,0,high,gai1
あららげる,あ,る,0,high,news1|nf23
うなる,う,る,0,high,ichi1
うちあげる,う,る,0,high,ichi1|news2|nf28
ぼう,ぼ,う,0,high,ichi1|news1|nf05|spec1
ばけん,ば,ん,0,high,news1|nf14
ばりうむ,ば,む,0,high,gai1
じやあじい,じ,い,0,high,gai1
きむずかしい,き,い,0,high,ichi1|news2|nf46
けんさく,け,く,0,high,news1|nf15
あいりす,あ,す,0,high,gai1
うけつけちゆう,う,う,0,high,spec1
あふたぬうん,あ,ん,0,high,gai1
ひでえ,ひ,え,0,high,ichi1
せんべい,せ,い,0,high,ichi1
がら,が,ら,0,high,ichi1|news1|nf07
ししや,し,や,0,high,ichi1|news1|nf03|nf08|nf19|nf21
うちきる,う,る,0,high,news1|nf17
ゆうびん,ゆ,ん,0,high,ichi1|news1|nf04
はつばい,は,い,0,high,ichi1|news1|nf03
いつこう,い,う,0,high,ichi1|news1|nf23
あんぷ,あ,ぷ,0,high,gai1|ichi1|news1|nf19
ひいりんぐ,ひ,ぐ,0,high,spec1
のびなやむ,の,む,0,high,news1|nf18
ひろさ,ひ,さ,0,high,ichi1|news1|nf08
どれどれ,ど,れ,0,high,ichi1
はくげきほう,は,う,0,high,news1|nf24
とりそろえる,と,る,0,high,spec1
ぷろんぷたあ,ぷ,あ,0,high,gai1
こぺるにくす,こ,す,0,high,gai1
ひきつずき,ひ,き,0,high,ichi1|news1|nf09
ふえでれえしよん,ふ,ん,0,high,gai1
ねんすう,ね,う,0,high,news1|nf13
でんぽう,で,う,0,high,ichi1|news1|nf14
かんがるう,か,う,0,high,gai1
かいはつしや,か,や,0,high,spec1
がいけん,が,ん,0,high,ichi1|news1|nf15
すいぞくかん,す,ん,0,high,ichi1|news1|nf14
みがる,み,る,0,high,ichi1|news2|nf32
じゆうにぶん,じ,ん,0,high,news1|nf18
れいえん,れ,ん,0,high,news1|nf19
のれん,の,ん,0,high,ichi1
ほんの,ほ,の,0,high,ichi1|news1|nf07
こくしよく,こ,く,0,high,news1|nf23
すきやんだる,す,る,0,high,gai1
えらぶ,え,ぶ,0,high,ichi1|news1|nf02
きろわつと,き,と,0,high,gai1
ごりら,ご,ら,0,high,gai1
ぎけつ,ぎ,つ,0,high,ichi1|news1|nf09
うんてんめんきよ,う,よ,0,high,spec1
いつぱんてき,い,き,0,high,news1|nf05
のべ,の,べ,0,high,ichi1|news2|nf28
やずくり,や,り,0,high,spec1
もりつけ,も,け,0,high,spec1
よこめ,よ,め,0,high,news1|nf18
れんきゆう,れ,う,0,high,ichi1|news1|nf07
ずきずき,ず,き,0,high,ichi1
かなだ,か,だ,0,high,spec1
ばある,ば,る,0,high,gai1
うすめる,う,る,0,high,ichi1|news2|nf34
だきゆう,だ,う,0,high,news1|nf08
がつ,が,つ,0,high,spec1
さがしまわる,さ,る,0,high,ichi1|news2|nf18
せいき,せ,き,0,high,ichi1|news1|nf04|nf08
さとがえり,さ,り,0,high,news1|nf16
ひつじゆひん,ひ,ん,0,high,ichi1
ひようめい,ひ,い,0,high,news1|nf03
やくぶつ,や,つ,0,high,news1|nf09
とくだん,と,ん,0,high,news1|nf23
ひきつける,ひ,る,0,high,ichi1|news2|nf46|spec1
といれ,と,れ,0,high,gai1|ichi1
ひようさつ,ひ,つ,0,high,ichi1|news2|nf37
ましようか,ま,か,0,high,spec1
ねつきよう,ね,う,0,high,news1|nf15
さししめす,さ,す,0,high,news1|nf16
どのぐらい,ど,い,0,high,ichi1|spec1
ぽりお,ぽ,お,0,high,gai1
おこずかい,お,い,0,high,spec1
じようしやけん,じ,ん,0,high,ichi1|news2|nf28
そくし,そ,し,0,high,ichi1|news2|nf36
きわめて,き,て,0,high,ichi1
いんしようずける,い,る,0,high,news1|nf24
つきあたる,つ,る,0,high,ichi1|news2|nf39
きんせき,き,き,0,high,news1|nf19
ねぎる,ね,る,0,high,ichi1|news2|nf47
しつぱい,し,い,0,high,ichi1|news1|nf04
さいじつ,さ,つ,0,high,ichi1
かせつとてえぷ,か,ぷ,0,high,ichi1
へつじ,へ,じ,0,high,gai1
ほんぶん,ほ,ん,0,high,ichi1|news1|nf08
ぼおい,ぼ,い,0,high,gai1|ichi1
ごかく,ご,く,0,high,news1|nf13
せんもんか,せ,か,0,high,ichi1|news1|nf02
しつせき,し,き,0,high,news1|nf15
かう,か,う,0,high,ichi1|news1|news2|nf10|nf26
なければならない,な,い,0,high,spec1
ろおどれえす,ろ,す,0,high,gai1
ふみた,ふ,た,0,high,ichi1|news1|nf05
どうぜん,ど,ん,0,high,news1|nf24
よみがえる,よ,る,0,high,ichi1|news2|nf44|spec1
きそう,き,う,0,high,ichi1|news1|news2|nf14|nf21|nf35
そうぞう,そ,う,0,high,ichi1|news1|nf07
まやく,ま,く,0,high,ichi1|news1|nf04
あまぐ,あ,ぐ,0,high,ichi1|news2|nf46
いんふら,い,ら,0,high,gai1
おしこむ,お,む,0,high,news1|nf24
ねんだい,ね,い,0,high,ichi1|news1|nf07
もうこう,も,う,0,high,news1|nf15
しないのではないか,し,か,0,high,spec1
ききよう,き,う,0,high,ichi1|news2|nf25
じゆりい,じ,い,0,high,gai1
がくわり,が,り,0,high,ichi1
こうざん,こ,ん,0,high,ichi1|news1|nf11|nf12
ねぼう,ね,う,0,high,ichi1
ほこうしやてんごく,ほ,く,0,high,ichi1
ふだん,ふ,ん,0,high,ichi1|news1|nf07|nf24
どくがく,ど,く,0,high,ichi1|news2|nf25
もおたあさいくる,も,る,0,high,gai1
らつきい,ら,い,0,high,gai1
はつ,は,つ,0,high,ichi1|news1|nf01|nf06
てんきよほう,て,う,0,high,ichi1
じゆきゆう,じ,う,0,high,news1|nf07|nf12
えんせい,え,い,0,high,news1|nf10
せいかつひ,せ,ひ,0,high,spec1
うらぎる,う,る,0,high,ichi1|news1|nf15
わりと,わ,と,0,high,spec1
まえむき,ま,き,0,high,ichi1|news1|nf05
しろと,し,と,0,high,ichi1|news1|nf09
けんぎ,け,ぎ,0,high,news1|nf04|nf21|nf24
みうち,み,ち,0,high,ichi1|news1|nf11
さべつ,さ,つ,0,high,ichi1|news1|nf03
どうげつ,ど,つ,0,high,news1|nf03
しんたい,し,い,0,high,ichi1|news1|nf09|nf15
みすぷりんと,み,と,0,high,ichi1
はんはん,は,ん,0,high,news1|nf18
てんし,て,し,0,high,news1|nf13
ごえんりよください,ご,い,0,high,spec1
みにまむ,み,む,0,high,gai1
へつど,へ,ど,0,high,gai1
にいちやん,に,ん,0,high,news1|nf24
まにあつく,ま,く,0,high,gai1
もでるけえす,も,す,0,high,gai1
しはい,し,い,0,high,ichi1|news1|nf03|nf24
なだれ,な,れ,0,high,ichi1|news1|nf20
せいしんてき,せ,き,0,high,news1|nf06
じよおう,じ,う,0,high,ichi1|news1|nf06
ふうりよく,ふ,く,0,high,ichi1|news1|nf21
ふだんぎ,ふ,ぎ,0,high,ichi1|news1|nf20
とんや,と,や,0,high,ichi1|news1|nf14
くく,く,く,0,high,news1|nf10
かりうむ,か,む,0,high,gai1
とうえい,と,い,0,high,ichi1|news2|nf40
らいだあ,ら,あ,0,high,gai1
うめぼし,う,し,0,high,ichi1|news2|nf28
はそん,は,ん,0,high,ichi1|news1|nf20
とんがらし,と,し,0,high,ichi1|news2|nf45
しやみんとう,し,う,0,high,news1|nf21
ふいふていいふいふていい,ふ,い,0,high,gai1
びよおき,び,き,0,high,ichi1|news1|nf02
かげり,か,り,0,high,news1|nf20
れつど,れ,ど,0,high,gai1
かいが,か,が,0,high,ichi1|news1|nf03
とくしよ,と,よ,0,high,ichi1|news1|nf05
れいきん,れ,ん,0,high,ichi1|news2|nf33
ちめいしよう,ち,う,0,high,news1|nf23
じゆうぐん,じ,ん,0,high,news1|nf05
ずじよう,ず,う,0,high,news1|nf18
ぎだゆう,ぎ,う,0,high,news1|nf18
はいらんど,は,ど,0,high,gai1
いくさ,い,さ,0,high,news1|nf14
はくぼ,は,ぼ,0,high,ichi1|news1|news2|nf20|nf30
こうねつひ,こ,ひ,0,high,ichi1|news2|nf32
ばつと,ば,と,0,high,gai1|ichi1
きにち,き,ち,0,high,ichi1|news1|nf09
けいじようりえき,け,き,0,high,news1|nf05
きかす,き,す,0,high,ichi1|news1|nf04
さばく,さ,く,0,high,ichi1|news1|nf06
しゆみ,し,み,0,high,ichi1|news1|nf05
どうでもいい,ど,い,0,high,spec1
いき,い,き,0,high,ichi1|news1|nf05|nf11|nf12|nf13|nf17|nf22
じようみやく,じ,く,0,high,news1|nf20
おにごつこ,お,こ,0,high,spec1
すき,す,き,0,high,ichi1|news2|nf43
ふろしき,ふ,き,0,high,ichi1
かな,か,な,0,high,ichi1|spec1
こすちゆうむ,こ,む,0,high,gai1
ぎようしゆ,ぎ,ゆ,0,high,news1|nf06
たのむ,た,む,0,high,ichi1|news1|nf08
あいご,あ,ご,0,high,news1|nf18
つらぬく,つ,く,0,high,ichi1
ちようじよ,ち,よ,0,high,ichi1|news1|nf04
やきそば,や,ば,0,high,ichi1|news2|nf31
しゆうふく,し,く,0,high,news1|nf07
どうじよう,ど,う,0,high,ichi1|news1|news2|nf10|nf15|nf19|nf44
どろぬま,ど,ま,0,high,news1|nf12
ぺきん,ぺ,ん,0,high,news1|nf01
くにくのさく,く,く,0,high,news1|nf19
まあけつと,ま,と,0,high,gai1|ichi1
ぜつたいてき,ぜ,き,0,high,news1|nf19
いちたいいち,い,ち,0,high,news1|nf21|spec1
りこおる,り,る,0,high,gai1
むよう,む,う,0,high,ichi1|news1|nf13
さばいばる,さ,る,0,high,gai1
しんきゆう,し,う,0,high,news1|news2|nf11|nf28|spec1
つういん,つ,ん,0,high,news1|nf19
かつどうか,か,か,0,high,news1|nf09
たつて,た,て,0,high,spec1
ばりけえど,ば,ど,0,high,gai1
ひさしい,ひ,い,0,high,ichi1|news2|nf32
かいしじこく,か,く,0,high,spec1
こね,こ,ね,0,high,gai1
あらう,あ,う,0,high,ichi1|news1|nf23
したうけ,し,け,0,high,news1|nf13
のたびに,の,に,0,high,spec1
ひよつとすると,ひ,と,0,high,spec1
えんかい,え,い,0,high,ichi1|news1|nf12|nf19
きうん,き,ん,0,high,news1|nf07
せいねんがつぴ,せ,ぴ,0,high,ichi1|news1|nf21
ないか,な,か,0,high,ichi1|news1|nf11
たんしよ,た,よ,0,high,ichi1|news1|news2|nf22|nf27
だけど,だ,ど,0,high,spec1
かいひ,か,ひ,0,high,ichi1|news1|nf07|nf08
りんこく,り,く,0,high,news1|nf09
どりぶる,ど,る,0,high,gai1
もくてき,も,き,0,high,ichi1|news1|nf01
はず,は,ず,0,high,ichi1|news2|nf42
たちよる,た,る,0,high,ichi1|news1|nf23
ふうし,ふ,し,0,high,ichi1|news1|nf16
すうじかん,す,ん,0,high,spec1
だいめいし,だ,し,0,high,ichi1|news1|nf17
ばるせろな,ば,な,0,high,gai1
けんけい,け,い,0,high,news1|nf02
かもく,か,く,0,high,ichi1|news1|nf09
なだ,な,だ,0,high,ichi1|news1|nf04|nf12
さつか,さ,か,0,high,ichi1|news1|nf02
ぼうきやく,ぼ,く,0,high,ichi1|news2|nf43
じようでん,じ,ん,0,high,news1|nf07
じゆうおう,じ,う,0,high,news1|nf15
はなし,は,し,0,high,ichi1|news1|nf01
けんさつかん,け,ん,0,high,news1|nf11
はなたば,は,ば,0,high,ichi1|news1|nf13
ざいもく,ざ,く,0,high,ichi1|news1|nf21
そんぞく,そ,く,0,high,news1|nf08
さいろ,さ,ろ,0,high,gai1
じゆんえき,じ,き,0,high,news1|nf19
ねおなち,ね,ち,0,high,gai1
てごたえ,て,え,0,high,ichi1
びすたかあ,び,あ,0,high,gai1
そつこう,そ,う,0,high,news1|nf16|nf20
ごがん,ご,ん,0,high,news1|nf19
すこおる,す,る,0,high,gai1
しゆつじよう,し,う,0,high,ichi1|news1|nf02
くいいんずいんぐりつしゆ,く,ゆ,0,high,gai1
せかいぎんこう,せ,う,0,high,news1|nf10
ばすつああ,ば,あ,0,high,spec1
こまる,こ,る,0,high,ichi1|news2|nf30
げんきん,げ,ん,0,high,ichi1|news1|nf03
めもりあるほおる,め,る,0,high,gai1
こいぬ,こ,ぬ,0,high,spec1
うえき,う,き,0,high,ichi1|news1|nf17
かんこう,か,う,0,high,ichi1|news1|nf02|nf07|nf08|nf23|nf24
ぷらいむたいむ,ぷ,む,0,high,gai1
はじさらし,は,し,0,high,ichi1
ひようしき,ひ,き,0,high,ichi1|news1|nf15
きにゆう,き,う,0,high,ichi1|news1|nf15
むじようけん,む,ん,0,high,ichi1|news1|nf12
はえぬき,は,き,0,high,news1|nf20
でんこう,で,う,0,high,news1|nf21
きつさ,き,さ,0,high,news1|nf21
はままつ,は,つ,0,high,spec1
ちちゆ,ち,ゆ,0,high,ichi1|news2|nf37
よやとう,よ,う,0,high,news1|nf02
ちりじようほうしすてむ,ち,む,0,high,spec1
はやる,は,る,0,high,ichi1
よごす,よ,す,0,high,ichi1|news2|nf40
ようにする,よ,る,0,high,spec1
どくせい,ど,い,0,high,news1|nf13
いちねんかん,い,ん,0,high,spec1
らちもんだい,ら,い,0,high,spec1
ぶんじよう,ぶ,う,0,high,news1|nf11|nf22
しようそく,し,く,0,high,ichi1|news1|nf11
とちがら,と,ら,0,high,news1|nf21
きつちやてん,き,ん,0,high,ichi1|news1|nf10
かんせん,か,ん,0,high,ichi1|news1|nf03|nf12|nf13
まかだむ,ま,む,0,high,gai1
さつじんじけん,さ,ん,0,high,spec1
きこん,き,ん,0,high,news1|nf16
ふたしか,ふ,か,0,high,ichi1|news2|nf33
かくう,か,う,0,high,ichi1|news1|nf07
しいん,し,ん,0,high,gai1|news1|nf08
てぎわよく,て,く,0,high,ichi1
あつかん,あ,ん,0,high,news1|nf22
ゆうごすらびあ,ゆ,あ,0,high,gai1
こうばいりよく,こ,く,0,high,news1|nf17
それじや,そ,や,0,high,spec1
しべりあ,し,あ,0,high,gai1
ともす,と,す,0,high,ichi1
なつば,な,ば,0,high,news1|nf13
すぴいかあ,す,あ,0,high,gai1|ichi1
ほんき,ほ,き,0,high,ichi1|news1|nf09
かんくきしようだい,か,い,0,high,news1|nf17
けいせい,け,い,0,high,ichi1|news1|nf05|nf18
しそん,し,ん,0,high,ichi1|news1|nf11
こくむだいじん,こ,ん,0,high,news2|nf25|spec1
ほようしよ,ほ,よ,0,high,ichi1
いちりよう,い,う,0,high,news1|nf22
ぱぱいや,ぱ,や,0,high,spec1
ことし,こ,し,0,high,ichi1|news1|nf01
すとらいき,す,き,0,high,gai1|ichi1
ぎわく,ぎ,く,0,high,news1|nf02
はかり,は,り,0,high,ichi1
いあん,い,ん,0,high,news1|nf03
りようよう,り,う,0,high,ichi1|news1|nf09
そら,そ,ら,0,high,ichi1
しいたけ,し,け,0,high,spec1
かんかく,か,く,0,high,ichi1|news1|nf03|nf04|nf11
しんりてき,し,き,0,high,spec1
むな,む,な,0,high,ichi1|news1|nf02
けいひ,け,ひ,0,high,ichi1|news1|nf03
えりすぐり,え,り,0,high,spec1
いんちき,い,き,0,high,ichi1
ひじように,ひ,に,0,high,ichi1
いんすたんと,い,と,0,high,gai1|ichi1
ほつとらいん,ほ,ん,0,high,gai1
めいもん,め,ん,0,high,ichi1|news1|nf09
ふつけん,ふ,ん,0,high,news1|nf09
とおち,と,ち,0,high,gai1
しゆさ,し,さ,0,high,news1|nf20
とどけで,と,で,0,high,news1|nf06
ふんばる,ふ,る,0,high,ichi1|news1|nf23
なりきん,な,ん,0,high,news1|nf10
うすい,う,い,0,high,ichi1|news1|nf14|nf20
うちうち,う,ち,0,high,news1|nf22
ちすい,ち,い,0,high,news1|nf21
めいん,め,ん,0,high,spec1
ようせい,よ,い,0,high,ichi1|news1|nf02|nf07|nf22
さうんど,さ,ど,0,high,gai1
みそこなう,み,う,0,high,ichi1
しるく,し,く,0,high,gai1
しゆつし,し,し,0,high,news1|nf06
むかんしん,む,ん,0,high,ichi1|news1|nf16
でんきせいひん,で,ん,0,high,news1|nf21
みせびらかす,み,す,0,high,ichi1|news2|nf35
むじゆうりよう,む,う,0,high,news1|nf17
にんにく,に,く,0,high,spec1
しよちよう,し,う,0,high,news1|nf03|nf19
あんしよう,あ,う,0,high,news1|nf13
げんこうはん,げ,ん,0,high,news1|nf08
だす,だ,す,0,high,ichi1|news1|nf03
あぷろおち,あ,ち,0,high,gai1
こくりつはくぶつかん,こ,ん,0,high,news1|nf21
きゆうじつ,き,つ,0,high,ichi1|news1|nf05
あんぐる,あ,る,0,high,gai1
たどる,た,る,0,high,ichi1
そりすと,そ,と,0,high,gai1
めいせい,め,い,0,high,ichi1|news1|nf22
くさい,く,い,0,high,ichi1
うちけす,う,す,0,high,ichi1|news2|nf29
ろんぐ,ろ,ぐ,0,high,gai1
のんばんく,の,く,0,high,gai1
じようけん,じ,ん,0,high,ichi1|news1|nf01
しよにち,し,ち,0,high,ichi1|news1|nf04
たてよこ,た,こ,0,high,ichi1
はかい,は,い,0,high,ichi1|news1|nf03
きぶつ,き,つ,0,high,news1|nf23
みつくす,み,す,0,high,gai1|ichi1
とれえなあ,と,あ,0,high,gai1
のえる,の,る,0,high,gai1
めんえき,め,き,0,high,news1|nf07
ぎよぎよう,ぎ,う,0,high,ichi1|news1|nf05
えんしゆつ,え,つ,0,high,ichi1|news1|nf03
じんえい,じ,い,0,high,ichi1|news1|nf03|nf22
すいしようかんきよう,す,う,0,high,spec1
たわあ,た,あ,0,high,gai1|ichi1
しやんはい,し,い,0,high,spec1
ふきんこう,ふ,う,0,high,news1|nf08
つかいずて,つ,て,0,high,ichi1|news1|nf17
はんが,は,が,0,high,ichi1|news1|nf11
てれびばんぐみ,て,み,0,high,spec1
ざれる,ざ,る,0,high,ichi1
ちゆうにゆう,ち,う,0,high,news1|nf24
ぞうに,ぞ,に,0,high,ichi1|news2|nf39
ぽるとがる,ぽ,る,0,high,spec1
まつか,ま,か,0,high,ichi1|news1|nf13
かいいれ,か,れ,0,high,news1|nf18
きげん,き,ん,0,high,ichi1|news1|news2|nf03|nf14|nf16|nf32
しようげき,し,き,0,high,ichi1|news1|nf05
きじゆん,き,ん,0,high,ichi1|news1|nf01
いたく,い,く,0,high,news1|nf07
しゆつばい,し,い,0,high,ichi1|news1|nf18
れき,れ,き,0,high,ichi1|news1|nf13|spec1
ぐらでえしよん,ぐ,ん,0,high,gai1
ろうじやくだんじよ,ろ,よ,0,high,spec1
きれい,き,い,0,high,ichi1|spec1
かんきゆう,か,う,0,high,news1|nf15
ていりようきん,て,ん,0,high,spec1
しゆうしん,し,ん,0,high,news1|nf09|nf18
おおずもう,お,う,0,high,news1|nf06
ろしん,ろ,ん,0,high,news1|nf15
さんるいしゆ,さ,ゆ,0,high,news1|nf21
かんゆう,か,う,0,high,news1|nf13
しえぱあど,し,ど,0,high,gai1
かいがい,か,い,0,high,ichi1|news1|nf01
にもの,に,の,0,high,news1|nf21
いただき,い,き,0,high,news1|nf18
おぺ,お,ぺ,0,high,gai1
かんぶり,か,り,0,high,ichi1|news1|nf06
ぞうしん,ぞ,ん,0,high,news1|nf15
まきば,ま,ば,0,high,ichi1|news1|nf11
とうぜん,と,ん,0,high,ichi1|news1|nf03
えんとつ,え,つ,0,high,ichi1|news1|nf24
もみじ,も,じ,0,high,ichi1
むせいげん,む,ん,0,high,ichi1|news1|nf19
ものとおん,も,ん,0,high,gai1
おんしよう,お,う,0,high,news1|nf13
ぼうこう,ぼ,う,0,high,news1|nf07
ぐらんす,ぐ,す,0,high,gai1
ひじゆう,ひ,う,0,high,news1|nf11
しゆうてん,し,ん,0,high,ichi1|news1|nf24
こうすいじゆん,こ,ん,0,high,news1|nf12
がつかい,が,い,0,high,ichi1|news1|nf04|nf17
げきとつ,げ,つ,0,high,news1|nf21
せんぞ,せ,ぞ,0,high,ichi1|news1|nf12
いきさき,い,き,0,high,news1|nf18
べどういん,べ,ん,0,high,gai1
けいばい,け,い,0,high,news1|nf13
かいへい,か,い,0,high,news1|nf22
そもそも,そ,も,0,high,ichi1|news2|nf25
けいと,け,と,0,high,ichi1|news2|nf26
おいかける,お,る,0,high,ichi2|spec1
ざいせいなん,ざ,ん,0,high,news1|nf18
かんあん,か,ん,0,high,news1|nf17
いまにも,い,も,0,high,ichi1
いつまでも,い,も,0,high,ichi1
ろうどうじようけん,ろ,ん,0,high,news1|nf12
そくほう,そ,う,0,high,news1|nf06
かなずかい,か,い,0,high,ichi1
こみゆにけ,こ,け,0,high,gai1
しんぞく,し,く,0,high,ichi1|news1|nf10
べついん,べ,ん,0,high,news1|nf16
がんぼう,が,う,0,high,ichi1|news1|nf12
じれい,じ,い,0,high,news1|nf08|nf20
おとうさん,お,ん,0,high,ichi1|news1|nf07
ためし,た,し,0,high,ichi1|news1|nf24
おさきに,お,に,0,high,spec1
とまどう,と,う,0,high,ichi1|news2|nf41
たしつ,た,つ,0,high,ichi1|news2|nf37
たちばな,た,な,0,high,news1|nf19
おとな,お,な,0,high,ichi1|news1|nf03
しぶつら,し,ら,0,high,ichi1
だんぼおる,だ,る,0,high,news1|nf11|spec1
はくりよく,は,く,0,high,ichi1|news1|nf08
ほんこく,ほ,く,0,high,ichi1|news1|nf07
いくぶん,い,ん,0,high,ichi1|news2|nf28
えでいたあ,え,あ,0,high,gai1
ちようそん,ち,ん,0,high,news1|nf12
ぎせいしや,ぎ,や,0,high,news1|nf04
たわむれる,た,る,0,high,ichi1
しようじん,し,ん,0,high,ichi1|news1|nf07
ばんくうばあ,ば,あ,0,high,gai1
ひかり,ひ,り,0,high,ichi1|news1|nf01
にほんが,に,が,0,high,news1|nf14
いろどり,い,り,0,high,news1|nf23
てんげ,て,げ,0,high,ichi1|news1|nf12
いいね,い,ね,0,high,spec1
とまどい,と,い,0,high,news1|nf09
ちこく,ち,く,0,high,ichi1|news2|nf25
いしばし,い,し,0,high,news1|nf10
とりぷる,と,る,0,high,gai1
ふうみ,ふ,み,0,high,news1|nf17
りようない,り,い,0,high,news1|nf10
けつせい,け,い,0,high,ichi1|news1|nf03
ふろおりんぐ,ふ,ぐ,0,high,gai1
ぎたあ,ぎ,あ,0,high,gai1|ichi1
はげむ,は,む,0,high,ichi1|news2|nf32
もどし,も,し,0,high,news1|nf11
ざいりよう,ざ,う,0,high,ichi1|news1|nf03
きゆうげき,き,き,0,high,ichi1|news1|nf05
おにがみ,お,み,0,high,ichi1
せいてい,せ,い,0,high,ichi1|news1|nf04
きゆうすい,き,い,0,high,news1|nf12
うらぎりもの,う,の,0,high,news1|nf24
めんたりていい,め,い,0,high,gai1
てもち,て,ち,0,high,news1|nf14
こうばい,こ,い,0,high,ichi1|news1|news2|nf17|nf46
かびん,か,ん,0,high,ichi1|news1|news2|nf21|nf27
やまのぼり,や,り,0,high,ichi1|news2|nf25
いらつしやい,い,い,0,high,spec1
ななそ,な,そ,0,high,news1|nf03|spec1
りようくう,り,う,0,high,ichi1|news1|nf16
いつごろ,い,ろ,0,high,ichi1|spec1
ぽとふ,ぽ,ふ,0,high,gai1
はなしあい,は,い,0,high,ichi1|news1|nf03
めだる,め,る,0,high,gai1
さまあ,さ,あ,0,high,gai1
なにより,な,り,0,high,ichi1|news1|nf06
しようひ,し,ひ,0,high,ichi1|news1|nf02
ようぼう,よ,う,0,high,ichi1|news1|nf04
じゆうだん,じ,ん,0,high,news1|nf11|nf24
ようすをみる,よ,る,0,high,spec1
しんどろおむ,し,む,0,high,gai1
まきじやく,ま,く,0,high,ichi1
さんかんば,さ,ば,0,high,news1|nf24
しぜんこうえん,し,ん,0,high,spec1
へいねんなみ,へ,み,0,high,news1|nf17
まわる,ま,る,0,high,ichi1|news2|nf46|spec1
おおばあひいと,お,と,0,high,gai1
こころまち,こ,ち,0,high,news1|nf20
おおて,お,て,0,high,ichi1|news1|nf01
ずいしよ,ず,よ,0,high,news1|nf14
じでん,じ,ん,0,high,news1|nf14
ぶるせら,ぶ,ら,0,high,gai1
いつぽうつうこう,い,う,0,high,news1|nf24
すうにん,す,ん,0,high,spec1
やばい,や,い,0,high,spec1
なるべく,な,く,0,high,ichi1
くらぶかつどう,く,う,0,high,spec1
ほうよう,ほ,う,0,high,news1|nf18
とおたる,と,る,0,high,gai1
ばらつく,ば,く,0,high,gai1
せんちよう,せ,う,0,high,ichi1|news1|nf08
げんかく,げ,く,0,high,ichi1|news1|news2|nf11|nf30
ずのう,ず,う,0,high,ichi1|news1|nf14
くりえいていぶ,く,ぶ,0,high,spec1
ほうもん,ほ,ん,0,high,ichi1|news1|nf01
くろおん,く,ん,0,high,gai1
ひんもく,ひ,く,0,high,news1|nf08
ほんね,ほ,ね,0,high,ichi1|news1|nf05
しちらい,し,い,0,high,ichi1|news2|nf31
いんしゆりん,い,ん,0,high,gai1
そのうえ,そ,え,0,high,ichi1
ゆうとうせい,ゆ,い,0,high,ichi1|news1|nf18
ばぬし,ば,し,0,high,news1|nf23
おおでいお,お,お,0,high,gai1
こくさいじん,こ,ん,0,high,news1|nf12
ざいがいこうかん,ざ,ん,0,high,news1|nf20
みずぎ,み,ぎ,0,high,ichi1|news1|nf14
ばいう,ば,う,0,high,ichi1|news1|nf13
みんぽう,み,う,0,high,ichi1|news1|nf05|nf10
ぼおからあ,ぼ,あ,0,high,gai1
すつぽり,す,り,0,high,spec1
はどめ,は,め,0,high,ichi1|news1|nf06
こうとう,こ,う,0,high,ichi1|news1|nf06|nf07|nf08|nf12
どさ,ど,さ,0,high,news1|nf11
そうなん,そ,ん,0,high,ichi1|news1|nf15
ひなん,ひ,ん,0,high,ichi1|news1|nf05|nf06
じゆういちがつ,じ,つ,0,high,news1|nf01|spec1
ちようへい,ち,い,0,high,ichi1|news1|nf14
ゆずりわたす,ゆ,す,0,high,news1|nf19
しとる,し,る,0,high,ichi1|news2|nf46
なつじかん,な,ん,0,high,news1|nf24
ようせき,よ,き,0,high,ichi1|news1|nf17
よふけ,よ,け,0,high,ichi1
たにがわ,た,わ,0,high,news1|nf07
なふさ,な,さ,0,high,gai1
しつもんをする,し,る,0,high,spec1
しけいしゆう,し,う,0,high,news1|nf16
ぶぶんてき,ぶ,き,0,high,news1|nf14
えくすぷれす,え,す,0,high,gai1
がむ,が,む,0,high,gai1
ますます,ま,す,0,high,ichi1
ごしゆじん,ご,ん,0,high,ichi1
しやない,し,い,0,high,ichi1|news1|nf04|nf08
じつてい,じ,い,0,high,news1|nf16
どうせん,ど,ん,0,high,news1|nf18
だいどころ,だ,ろ,0,high,ichi1|news1|nf07
しよくひ,し,ひ,0,high,ichi1|news1|nf17
じつか,じ,か,0,high,ichi1|news1|nf07
がいじん,が,ん,0,high,ichi1|news1|nf18
じしゆ,じ,ゆ,0,high,ichi1|news1|news2|nf03|nf26
じゆうななにち,じ,ち,0,high,spec1
りみつと,り,と,0,high,gai1
わんこ,わ,こ,0,high,spec1
さいむ,さ,む,0,high,news1|nf03
ゆうのう,ゆ,う,0,high,ichi1|news1|nf19
ほうれい,ほ,い,0,high,ichi1|news1|nf12
じゆみよう,じ,う,0,high,ichi1|news1|nf09
きんゆうちよう,き,う,0,high,spec1
めんふいす,め,す,0,high,gai1
さいんかい,さ,い,0,high,spec1
ついげき,つ,き,0,high,news1|nf20
つくろう,つ,う,0,high,ichi1
けいようし,け,し,0,high,ichi1|news2|nf28
ぶんか,ぶ,か,0,high,ichi1|news1|nf01|nf18|nf20
くいさがる,く,る,0,high,ichi1|news2|nf28
すとつくほるむ,す,む,0,high,gai1
たいる,た,る,0,high,gai1
てきよう,て,う,0,high,ichi1|news1|nf04
せんしや,せ,や,0,high,ichi1|news1|nf06
おふ,お,ふ,0,high,gai1
だてん,だ,ん,0,high,news1|nf08
つらなる,つ,る,0,high,ichi1|news2|nf40
かる,か,る,0,high,ichi1|news1|nf18
すかあふ,す,ふ,0,high,gai1
えんない,え,い,0,high,news1|nf20
なごろ,な,ろ,0,high,news1|nf15
ばつくん,ば,ん,0,high,ichi1|news1|nf11
おおいそぎ,お,ぎ,0,high,ichi1
ところを,と,を,0,high,spec1
かおまけ,か,け,0,high,news1|nf22
かあと,か,と,0,high,gai1
ぺい,ぺ,い,0,high,gai1
かんせいかん,か,ん,0,high,news1|nf22
てんきよ,て,よ,0,high,ichi1|news1|nf23
えんじにありんぐ,え,ぐ,0,high,gai1
のど,の,ど,0,high,ichi1|news2|nf32
こういん,こ,ん,0,high,news1|nf11|nf18
ここち,こ,ち,0,high,ichi1|news1|nf14
かんずめ,か,め,0,high,ichi1|news1|nf14
だらけ,だ,け,0,high,ichi1
たちまち,た,ち,0,high,ichi1
てきじ,て,じ,0,high,news1|nf04
しし,し,し,0,high,ichi1|news1|nf01|nf04|nf11|nf13
たるい,た,い,0,high,ichi1
ふようい,ふ,い,0,high,news1|nf22
ゆきき,ゆ,き,0,high,ichi1|news2|nf33|spec1
あらためて,あ,て,0,high,ichi1|news2|nf25
しんじや,し,や,0,high,ichi1|news1|nf11
かんりにん,か,ん,0,high,spec1
めしうど,め,ど,0,high,news1|nf20
よどむ,よ,む,0,high,ichi1
るいじ,る,じ,0,high,ichi1|news1|nf14
ぽえむ,ぽ,む,0,high,gai1
とうがらし,と,し,0,high,ichi1|news2|nf45
りねえむ,り,む,0,high,gai1
さする,さ,る,0,high,ichi1
ろじよう,ろ,う,0,high,ichi1|news1|nf05
くじよう,く,う,0,high,ichi1|news1|nf07
なんら,な,ら,0,high,ichi1|news1|nf11
りよかく,り,く,0,high,ichi1|news1|nf08
せえらあふく,せ,く,0,high,spec1
てんじん,て,ん,0,high,news1|nf18
きゆうそく,き,く,0,high,ichi1|news1|nf03|nf23
ばたふらい,ば,い,0,high,gai1
せつちやく,せ,く,0,high,news1|nf18
しゆもく,し,く,0,high,ichi1|news1|nf06
くかく,く,く,0,high,ichi1|news1|nf12
ためす,た,す,0,high,ichi1|news1|nf18
べいるうと,べ,と,0,high,gai1
きずみ,き,み,0,high,news1|nf24
とおか,と,か,0,high,ichi1|spec1
くにゆうど,く,ど,0,high,news1|nf09
とうない,と,い,0,high,news1|nf02|nf22
でもんすとれえしよん,で,ん,0,high,gai1
ずかい,ず,い,0,high,news2|nf36|spec1
ではまた,で,た,0,high,spec1
ふりかえ,ふ,え,0,high,news1|nf13
ばするうむ,ば,む,0,high,gai1
ながれる,な,る,0,high,ichi1|news2|nf47
しりあう,し,う,0,high,ichi1|news1|nf16
とうとぶ,と,ぶ,0,high,ichi1
かこう,か,う,0,high,ichi1|news1|news2|nf05|nf08|nf10|nf14|nf40
たぼう,た,う,0,high,ichi1|news1|nf21
げひん,げ,ん,0,high,ichi1|news2|nf33
たすう,た,う,0,high,ichi1|news1|nf02
みんじゆ,み,ゆ,0,high,news1|nf14
へんじよう,へ,う,0,high,ichi1|news1|nf16
しいむれす,し,す,0,high,gai1
ごさん,ご,ん,0,high,news1|nf14
ばつくはんど,ば,ど,0,high,gai1
ちようぼ,ち,ぼ,0,high,news1|nf13
せれくしよん,せ,ん,0,high,gai1
みんぞくじけつ,み,つ,0,high,news1|nf17
いつぽうてき,い,き,0,high,news1|nf05
いつつ,い,つ,0,high,ichi1|news1|nf09
ちようだい,ち,い,0,high,ichi1|news2|nf25|nf45
てんのう,て,う,0,high,ichi1|news1|nf02
めろでいい,め,い,0,high,gai1|ichi1
さいよう,さ,う,0,high,ichi1|news1|nf02
れんよう,れ,う,0,high,news1|nf10
ぐらふいつくす,ぐ,す,0,high,gai1
しゆうがくりよこう,し,う,0,high,ichi1|news1|nf14
こすぷれ,こ,れ,0,high,spec1
あせすめんと,あ,と,0,high,gai1
あきうど,あ,ど,0,high,ichi1|news1|nf13
わしよく,わ,く,0,high,ichi1|news1|nf19
ばいきん,ば,ん,0,high,ichi1
そうねん,そ,ん,0,high,news1|nf24
ぶつぞう,ぶ,う,0,high,ichi1|news1|nf17
しぎ,し,ぎ,0,high,news1|nf05
こうきよ,こ,よ,0,high,news1|nf07
こさん,こ,ん,0,high,news1|nf22
るいせき,る,き,0,high,news1|nf10
がつこうめい,が,い,0,high,spec1
せえぶ,せ,ぶ,0,high,gai1
はんさよう,は,う,0,high,ichi1|news2|nf42
にほんだて,に,て,0,high,news1|nf17
らくがき,ら,き,0,high,news1|nf22
ほうむ,ほ,む,0,high,ichi1|news1|nf08
でんきよく,で,く,0,high,news1|nf24
しよるい,し,い,0,high,ichi1|news1|nf05
ちえつく,ち,く,0,high,gai1
こうば,こ,ば,0,high,ichi1|news1|nf01
しようせんきよく,し,く,0,high,news1|nf02
ちんぴら,ち,ら,0,high,spec1
もくろく,も,く,0,high,ichi1|news1|nf17
せんそく,せ,く,0,high,ichi1
はつさん,は,ん,0,high,ichi1|news2|nf36
ましいん,ま,ん,0,high,gai1
つりい,つ,い,0,high,gai1
しい,し,い,0,high,news1|nf13
さまたげる,さ,る,0,high,ichi1|news2|nf39
ふいるだあすちよいす,ふ,す,0,high,gai1
どつぐふあいと,ど,と,0,high,gai1
ちゆうとう,ち,う,0,high,news1|nf02|nf20
いそぎ,い,ぎ,0,high,news1|nf24
たんじゆう,た,う,0,high,news1|nf16
たいじん,た,ん,0,high,news1|nf07
あぶく,あ,く,0,high,ichi1|news1|nf13
わける,わ,る,0,high,ichi1|news1|nf05
たんすう,た,う,0,high,ichi1
ふれああ,ふ,あ,0,high,gai1
さからう,さ,う,0,high,ichi1|news2|nf40
けいじばん,け,ん,0,high,ichi1
いれい,い,い,0,high,news1|nf04|nf10
ちかう,ち,う,0,high,ichi1|news2|nf34
ていれ,て,れ,0,high,ichi1|news1|nf13
ちじまる,ち,る,0,high,ichi1|news2|nf46
たそがれ,た,れ,0,high,ichi1|news2|nf34
なんせい,な,い,0,high,ichi1|news1|nf06
でさえ,で,え,0,high,spec1
しめきり,し,り,0,high,ichi1|news1|nf06
にほんし,に,し,0,high,spec1
とんだ,と,だ,0,high,ichi1
こんばんわ,こ,わ,0,high,ichi1
そうじしよく,そ,く,0,high,news1|nf08
ざいじゆう,ざ,う,0,high,news1|nf04
どうしや,ど,や,0,high,news1|nf01
ほんりよう,ほ,う,0,high,news1|nf19
ちよびと,ち,と,0,high,spec1
ぼうはてい,ぼ,い,0,high,news1|nf24
かたがわり,か,り,0,high,ichi1|news1|nf20
きみたち,き,ち,0,high,spec1
ほつぺた,ほ,た,0,high,ichi1
かてい,か,い,0,high,ichi1|news1|news2|nf01|nf03|nf10|nf29
いつたいいち,い,ち,0,high,news1|nf21|spec1
れんとう,れ,う,0,high,news1|nf17
わくない,わ,い,0,high,news1|nf09
こんとらばす,こ,す,0,high,gai1
おおくす,お,す,0,high,gai1
いしぶみ,い,み,0,high,news1|nf09
てき,て,き,0,high,gai1|ichi1|news1|nf05
げんだいしやかい,げ,い,0,high,spec1
しゆつこく,し,く,0,high,ichi1|news1|nf11
とくべつかかく,と,く,0,high,spec1
なると,な,と,0,high,news1|nf22
たつた,た,た,0,high,ichi1
りゆうどう,り,う,0,high,news1|nf07
ほうちよう,ほ,う,0,high,ichi1|news1|nf10
あいどる,あ,る,0,high,gai1|ichi1
だけつ,だ,つ,0,high,ichi1|news1|nf11
こうぼう,こ,う,0,high,news1|nf06|nf15
すすみ,す,み,0,high,news1|nf22
てすり,て,り,0,high,ichi1|news1|nf21
おおぷんかあ,お,あ,0,high,gai1
そんぎかい,そ,い,0,high,news1|nf19
だせき,だ,き,0,high,news1|nf05
さうじ,さ,じ,0,high,gai1
はいじやつく,は,く,0,high,gai1
さらう,さ,う,0,high,ichi1
せきとり,せ,り,0,high,news1|nf15
ふかのう,ふ,う,0,high,ichi1|news1|nf07
ためらう,た,う,0,high,ichi1
そふあ,そ,あ,0,high,gai1
つうさんしよう,つ,う,0,high,ichi1|news1|nf02|nf05
すたんふおおど,す,ど,0,high,gai1
くうはく,く,く,0,high,ichi1|news1|nf07
ほうおう,ほ,う,0,high,news1|nf19
せいじんびよう,せ,う,0,high,news1|nf12
ばくは,ば,は,0,high,news1|nf09
いそん,い,ん,0,high,news1|nf06
いつたりきたり,い,り,0,high,spec1
ならす,な,す,0,high,ichi1|news2|nf35|nf37
まちうける,ま,る,0,high,ichi1|news1|nf19
きぞく,き,く,0,high,ichi1|news1|nf12|nf13
ちかてつ,ち,つ,0,high,ichi1|news1|nf05
ちゆうか,ち,か,0,high,ichi1|news1|nf08
あらいもん,あ,ん,0,high,ichi1|news2|nf45
そうかがつかい,そ,い,0,high,news1|nf09
どうし,ど,し,0,high,ichi1|news1|news2|nf01|nf03|nf07|nf33
えこのみすと,え,と,0,high,gai1
ゆつくり,ゆ,り,0,high,ichi1
ふじんか,ふ,か,0,high,news1|nf23
すぎる,す,る,0,high,ichi1|news2|nf34
じゆんじよ,じ,よ,0,high,ichi1|news1|nf20
たようか,た,か,0,high,news1|nf10
みとめ,み,め,0,high,ichi1|news1|nf24
くれ,く,れ,0,high,ichi1|news1|nf06
まきこむ,ま,む,0,high,ichi1|news1|nf07
くろすかんとりい,く,い,0,high,gai1
まず,ま,ず,0,high,ichi1
がすますく,が,く,0,high,gai1
がいむ,が,む,0,high,ichi1|news1|nf03
かんがえてみれば,か,ば,0,high,spec1
びようめい,び,い,0,high,news1|nf15
てのおる,て,る,0,high,gai1
じゆり,じ,り,0,high,news1|nf23
ぼぎい,ぼ,い,0,high,gai1
そのうちに,そ,に,0,high,spec1
きんけん,き,ん,0,high,news1|nf08
しがい,し,い,0,high,ichi1|news1|nf10|nf19
まんがか,ま,か,0,high,news1|nf10
ぶれいく,ぶ,く,0,high,gai1
じんめい,じ,い,0,high,ichi1|news1|nf15|nf21
よろん,よ,ん,0,high,ichi1|news1|nf02
らいとばん,ら,ん,0,high,gai1
かさかさ,か,さ,0,high,ichi1
こんげつ,こ,つ,0,high,ichi1|news1|nf01
へんかきゆう,へ,う,0,high,news1|nf08
ひだりて,ひ,て,0,high,ichi1|news1|nf10
とにかく,と,く,0,high,ichi1
ゆぎん,ゆ,ん,0,high,news1|nf17
けんしき,け,き,0,high,news1|nf17
ほうき,ほ,き,0,high,ichi1|news1|nf09|nf11
そんがいほけん,そ,ん,0,high,news1|nf13
ねむり,ね,り,0,high,ichi1|news1|nf16
きゆうめい,き,い,0,high,ichi1|news1|nf07|nf12
みかける,み,る,0,high,news2|nf35|spec1
ほとけ,ほ,け,0,high,ichi1
じへん,じ,ん,0,high,news1|nf23
みこん,み,ん,0,high,ichi1|news1|nf13
のみみず,の,ず,0,high,ichi1|news1|nf24
すみずみ,す,み,0,high,news1|nf23
ふきげん,ふ,ん,0,high,ichi1|news2|nf26
でいれくたあ,で,あ,0,high,gai1
しれいぶ,し,ぶ,0,high,news1|nf07
いしゆく,い,く,0,high,news2|nf18|spec1
けいざいけんきゆうしよ,け,よ,0,high,news1|nf11
ぜんはんせん,ぜ,ん,0,high,news1|nf16
かたがわ,か,わ,0,high,ichi1|news1|nf23
しゆつそう,し,う,0,high,news1|nf18
こうのう,こ,う,0,high,news1|nf22
まるめる,ま,る,0,high,ichi1|news2|nf41
すてつぷ,す,ぷ,0,high,gai1
ひよう,ひ,う,0,high,ichi1|news1|nf02|nf06|nf17|nf20
ちんちん,ち,ん,0,high,spec1
ひゆ,ひ,ゆ,0,high,ichi1|news2|nf34
えんもく,え,く,0,high,news1|nf13
ぜねらるまねえじやあ,ぜ,あ,0,high,gai1
さよく,さ,く,0,high,ichi1|news1|nf05
おどる,お,る,0,high,ichi1
てんてき,て,き,0,high,news1|nf16
すぽんじけえき,す,き,0,high,gai1
みいはあ,み,あ,0,high,spec1
けんざい,け,い,0,high,news1|nf17|nf18
かいおうせい,か,い,0,high,spec1
ふえあぷれえ,ふ,え,0,high,gai1
らくえん,ら,ん,0,high,news1|nf19
りさげ,り,げ,0,high,news1|nf05
いんでいあん,い,ん,0,high,gai1
ごはん,ご,ん,0,high,ichi1|news2|nf47
じゆうだい,じ,い,0,high,ichi1|news1|nf03|nf11|spec1
みなも,み,も,0,high,ichi1|news1|nf06
あんてい,あ,い,0,high,ichi1|news1|nf02
ひつけん,ひ,ん,0,high,spec1
さんこう,さ,う,0,high,ichi1|news1|nf03
しな,し,な,0,high,ichi1
ひようだい,ひ,い,0,high,news1|news2|nf17|nf47|spec1
ぼおかりすと,ぼ,と,0,high,gai1
わあるど,わ,ど,0,high,gai1
かかと,か,と,0,high,ichi1
ぎふ,ぎ,ふ,0,high,ichi1|news1|nf05|nf12
いでおろぎい,い,い,0,high,gai1|ichi1
おつかれさま,お,ま,0,high,spec1
はなはだしい,は,い,0,high,ichi1|news2|nf45
やまと,や,と,0,high,news1|nf05
ちりようほう,ち,う,0,high,spec1
うまぬし,う,し,0,high,news1|nf23
せんえんさつ,せ,つ,0,high,spec1
ぱあせんと,ぱ,と,0,high,gai1|ichi1
れんぞく,れ,く,0,high,ichi1|news1|nf01
くろじ,く,じ,0,high,ichi1|news1|nf02
すいえい,す,い,0,high,ichi1|news1|nf07
しようねんば,し,ば,0,high,news1|nf11
ものおき,も,き,0,high,ichi1|news1|nf24
しよおとぱんつ,し,つ,0,high,gai1
いちげつ,い,つ,0,high,spec1
すんばらしい,す,い,0,high,ichi1|news1|nf16
ふえりい,ふ,い,0,high,gai1
ぱせり,ぱ,り,0,high,gai1
やくいん,や,ん,0,high,news1|nf02
ろくな,ろ,な,0,high,ichi1
ぱぶ,ぱ,ぶ,0,high,gai1
きつかけ,き,け,0,high,news1|nf03
だいさ,だ,さ,0,high,news1|nf17
ぶんり,ぶ,り,0,high,ichi1|news1|nf04
まちなみ,ま,み,0,high,ichi1|news1|nf17
おおてきぎよう,お,う,0,high,spec1
かくほ,か,ほ,0,high,ichi1|news1|nf02
えんそ,え,そ,0,high,news1|nf13
しんぶんし,し,し,0,high,news1|nf12
じゆうそく,じ,く,0,high,news1|nf23
あんな,あ,な,0,high,ichi1
ちかよる,ち,る,0,high,ichi1|news2|nf38
たすかる,た,る,0,high,ichi1|news2|nf36
ふろりだ,ふ,だ,0,high,gai1
だあす,だ,す,0,high,gai1|ichi1
えすてさろん,え,ん,0,high,spec1
いねむり,い,り,0,high,ichi1|news2|nf26
ひろいずむ,ひ,む,0,high,gai1
くもる,く,る,0,high,ichi1|news2|nf43
てんいん,て,ん,0,high,ichi1|news1|nf07
きよてん,き,ん,0,high,news1|nf03
よぶん,よ,ん,0,high,ichi1|news2|nf43
でつき,で,き,0,high,gai1
ひとずま,ひ,ま,0,high,news1|nf21
そうちよう,そ,う,0,high,ichi1|news1|nf02|nf05
かいぞう,か,う,0,high,ichi1|news1|nf04
そつちよく,そ,く,0,high,ichi1|news1|nf05
ふまえる,ふ,る,0,high,news1|nf05
いつしようけんめい,い,い,0,high,ichi1|news1|nf06
ぜんかい,ぜ,い,0,high,ichi1|news1|nf02|nf08
おうしつ,お,つ,0,high,news1|nf13
うわぎ,う,ぎ,0,high,ichi1|news1|nf17
くみかえ,く,え,0,high,news1|nf17
きようそ,き,そ,0,high,news1|nf20
せんさい,せ,い,0,high,ichi1|news1|nf14|nf20
かぶ,か,ぶ,0,high,gai1|ichi1|news1|nf03|nf12
ぱあと,ぱ,と,0,high,gai1|ichi1
ぺなんと,ぺ,と,0,high,gai1
げきせん,げ,ん,0,high,news1|nf09
れえさあ,れ,あ,0,high,gai1
つれていく,つ,く,0,high,ichi1|spec1
こめぐら,こ,ら,0,high,news1|nf23
かたる,か,る,0,high,gai1|ichi1|news1|nf09
ほんせき,ほ,き,0,high,news1|nf24
おかわり,お,り,0,high,ichi1
ばりあ,ば,あ,0,high,gai1
じやぶ,じ,ぶ,0,high,gai1
むろん,む,ん,0,high,ichi1|news1|nf24
りよつか,り,か,0,high,news1|nf15
きつい,き,い,0,high,ichi1
ざんりゆう,ざ,う,0,high,news1|nf05
たんとう,た,う,0,high,ichi1|news1|nf02
はは,は,は,0,high,ichi1|news1|nf01|nf17
たすける,た,る,0,high,ichi1|news1|nf20
うんどうば,う,ば,0,high,ichi1|news2|nf26
りつぽう,り,う,0,high,ichi1|news1|nf04
ねつしん,ね,ん,0,high,ichi1|news1|nf05
へんぼう,へ,う,0,high,ichi1|news2|nf29
ほいく,ほ,く,0,high,news1|nf05
しきし,し,し,0,high,news1|nf19
はたらきざかり,は,り,0,high,news1|nf21
とちようちよう,と,う,0,high,spec1
はやく,は,く,0,high,ichi1
せんりつ,せ,つ,0,high,ichi1|news1|nf19
あぶない,あ,い,0,high,ichi1|news2|nf39
たる,た,る,0,high,ichi1|news1|news2|nf23|nf25|spec1
るつく,る,く,0,high,gai1
こがいしや,こ,や,0,high,news1|nf04
さびる,さ,る,0,high,ichi1
そうば,そ,ば,0,high,ichi1|news1|nf03
おさまる,お,る,0,high,ichi1|news1|news2|nf22|nf46
そつくり,そ,り,0,high,spec1
かんかつ,か,つ,0,high,ichi1|news1|nf12
じどうてき,じ,き,0,high,news1|nf08
しやんでりあ,し,あ,0,high,gai1
おおぎ,お,ぎ,0,high,news1|nf12
くらいむすとおりい,く,い,0,high,gai1
こうしえん,こ,ん,0,high,spec1
こいつら,こ,ら,0,high,spec1
しよくじゆ,し,ゆ,0,high,news1|nf14
きたく,き,く,0,high,ichi1|news1|nf10
ほおみんぐ,ほ,ぐ,0,high,gai1
いちや,い,や,0,high,news1|nf09
そふとどりんく,そ,く,0,high,gai1
かいせん,か,ん,0,high,news1|nf02|nf07|nf10|nf23
しりんだあ,し,あ,0,high,gai1
ばくふ,ば,ふ,0,high,news1|nf15
まねじやあ,ま,あ,0,high,gai1
りんしよう,り,う,0,high,news1|nf06
じぐそおぱずる,じ,る,0,high,gai1
たくわえる,た,る,0,high,ichi1|news2|nf36
にちにち,に,ち,0,high,ichi1|news1|nf04
すえる,す,る,0,high,ichi1|news1|nf19
びゆうていふる,び,る,0,high,gai1
かんむり,か,り,0,high,ichi1|news1|nf06
くれんざあ,く,あ,0,high,gai1
ふやす,ふ,す,0,high,ichi1|news2|nf26
さいしよ,さ,よ,0,high,ichi1|news1|nf01
ごうりか,ご,か,0,high,ichi1|news1|nf06
ぬすみ,ぬ,み,0,high,news1|nf18
あんそろじい,あ,い,0,high,gai1
ふみえ,ふ,え,0,high,news1|nf21
じようちゆう,じ,う,0,high,news1|nf22
かざしも,か,も,0,high,ichi1|news2|nf31
そんけい,そ,い,0,high,ichi1|news1|nf17
ふぼ,ふ,ぼ,0,high,ichi1|news1|nf06
はいれぐ,は,ぐ,0,high,gai1
しまじま,し,ま,0,high,news1|nf20
がつか,が,か,0,high,ichi1|news1|nf06
とびこみ,と,み,0,high,news1|nf18
よぎなくされる,よ,る,0,high,spec1
じぎようしよ,じ,よ,0,high,news1|nf09
ありいな,あ,な,0,high,gai1
まねえじやあ,ま,あ,0,high,ichi1
ぎが,ぎ,が,0,high,gai1
はんのう,は,う,0,high,ichi1|news1|nf03
くつたく,く,く,0,high,news1|nf21
ほしようにん,ほ,ん,0,high,ichi1|news1|nf20
はなびたいかい,は,い,0,high,spec1
はくば,は,ば,0,high,news1|nf16
しようりやく,し,く,0,high,ichi1|news2|nf32
わかわかしい,わ,い,0,high,ichi1|news2|nf31
なんしき,な,き,0,high,news1|nf16
ゆうがた,ゆ,た,0,high,ichi1|news1|nf07
しよもつ,し,つ,0,high,ichi1|news1|nf14
りたあん,り,ん,0,high,gai1
ばくげき,ば,き,0,high,ichi1|news1|nf06
たんざにあ,た,あ,0,high,gai1
めが,め,が,0,high,gai1
おく,お,く,0,high,ichi1|news1|news2|nf07|nf44
にゆうせん,に,ん,0,high,ichi1|news1|nf08
あそぶ,あ,ぶ,0,high,ichi1|news2|nf25
あくせす,あ,す,0,high,gai1
じゆうせん,じ,ん,0,high,news1|nf23
しきよく,し,く,0,high,ichi1|news1|nf02
せいじゆく,せ,く,0,high,ichi1|news1|nf13
りよだん,り,ん,0,high,news1|nf22
えいようそ,え,そ,0,high,news1|nf24
たから,た,ら,0,high,ichi1|news1|nf05
よけい,よ,い,0,high,ichi1|news1|nf12
れんたる,れ,る,0,high,gai1|ichi1
すうねん,す,ん,0,high,spec1
あちこち,あ,ち,0,high,ichi1
へいさつ,へ,つ,0,high,news1|nf09
つかいすて,つ,て,0,high,ichi1|news1|nf17
まぐにちゆうど,ま,ど,0,high,gai1
ばあげん,ば,ん,0,high,gai1|ichi1
すわる,す,る,0,high,ichi1|news2|nf25
ぎやくふう,ぎ,う,0,high,news1|nf11
ぱとりおていずむ,ぱ,む,0,high,gai1
そそのかす,そ,す,0,high,ichi1
うちあわせ,う,せ,0,high,ichi1
がくしや,が,や,0,high,ichi1|news1|nf03
はくはつ,は,つ,0,high,ichi1|news1|nf16
りようきん,り,ん,0,high,ichi1|news1|nf02
じえいあある,じ,る,0,high,spec1
こんとらすと,こ,と,0,high,gai1
おもいえがく,お,く,0,high,spec1
じつせき,じ,き,0,high,ichi1|news1|nf02
やくか,や,か,0,high,news1|nf19
ぜんにちせい,ぜ,い,0,high,news1|nf23
へんじや,へ,や,0,high,news1|nf22
めんせき,め,き,0,high,ichi1|news1|nf04|nf21
にくはく,に,く,0,high,news1|nf24
みちる,み,る,0,high,ichi1|news2|nf26
したく,し,く,0,high,ichi1|news1|nf15
あらわれ,あ,れ,0,high,ichi1|news1|news2|nf08|nf41
よしあし,よ,し,0,high,ichi1|spec1
はじめて,は,て,0,high,ichi1|spec1
はあどぼいるど,は,ど,0,high,gai1
どりんく,ど,く,0,high,gai1
とり,と,り,0,high,ichi1|news1|news2|nf04|nf14|nf32|spec1
じだん,じ,ん,0,high,news1|nf23
かりしよぶん,か,ん,0,high,news1|nf15
くいき,く,き,0,high,ichi1|news1|nf06
ここら,こ,ら,0,high,spec1
びくたあ,び,あ,0,high,gai1
ある,あ,る,0,high,ichi1|news1|news2|nf05|nf23|nf37|spec1
しきさい,し,い,0,high,ichi1|news1|nf06
ひとみ,ひ,み,0,high,ichi1|news1|nf18
びようそく,び,く,0,high,news1|nf23
おろしうり,お,り,0,high,ichi1|news1|nf11
だいがくしんがく,だ,く,0,high,spec1
りゆうどうてき,り,き,0,high,news1|nf12
むやみに,む,に,0,high,ichi1
りこん,り,ん,0,high,ichi1|news1|nf06
つえ,つ,え,0,high,ichi1|news2|nf28
すぴるりな,す,な,0,high,gai1
びふう,び,う,0,high,ichi1|news2|nf37
はあと,は,と,0,high,gai1
たつせい,た,い,0,high,ichi1|news1|nf05
てつがく,て,く,0,high,ichi1|news1|nf05
たいまあ,た,あ,0,high,gai1
ものの,も,の,0,high,spec1
そうしや,そ,や,0,high,news1|nf05|nf12
あさがお,あ,お,0,high,ichi1|news2|nf26
しよくむ,し,む,0,high,ichi1|news1|nf07
おつぱい,お,い,0,high,spec1
みとどける,み,る,0,high,ichi1|news2|nf41
みなみにし,み,し,0,high,ichi1|news1|nf06
さまらいず,さ,ず,0,high,gai1
じゆぎようちゆう,じ,う,0,high,spec1
げんせい,げ,い,0,high,news1|nf19
なさそう,な,う,0,high,spec1
らくごか,ら,か,0,high,news1|nf17
いんよう,い,う,0,high,ichi1|news1|nf17
たいへいようせんそう,た,う,0,high,news1|nf08
いんふおめえしよん,い,ん,0,high,gai1
ういるす,う,す,0,high,gai1|ichi1
てんきん,て,ん,0,high,ichi1|news1|nf11
ほぞん,ほ,ん,0,high,ichi1|news1|nf05
はんしゆ,は,ゆ,0,high,news1|nf23
やつかい,や,い,0,high,ichi1|news1|nf23
もつと,も,と,0,high,ichi1
ふくちよう,ふ,う,0,high,news1|nf16
りすく,り,く,0,high,gai1
さくねんど,さ,ど,0,high,news1|nf07
はだ,は,だ,0,high,ichi1|news1|nf06
えぐぜくていぶ,え,ぶ,0,high,gai1
がつかり,が,り,0,high,ichi1|spec1
すきゆうば,す,ば,0,high,gai1
みどりいろ,み,ろ,0,high,ichi1|news1|nf14
ぶべつ,ぶ,つ,0,high,ichi1
しゆうせき,し,き,0,high,news1|nf11
げいにん,げ,ん,0,high,news1|nf18
にゆうこくかんりきよく,に,く,0,high,news1|nf15
くいいん,く,ん,0,high,gai1
よいん,よ,ん,0,high,news1|nf22
りゆうおう,り,う,0,high,news1|nf15
かくべち,か,ち,0,high,ichi1|news1|nf19
さんそ,さ,そ,0,high,ichi1|news1|nf08
ふうしや,ふ,や,0,high,ichi1
いしけつてい,い,い,0,high,news1|nf12
こうじよ,こ,よ,0,high,news1|nf07
うえつと,う,と,0,high,gai1
しゆのう,し,う,0,high,ichi1|news1|nf01
ぼさん,ぼ,ん,0,high,ichi1|news1|nf16
には,に,は,0,high,spec1
ろうきゆう,ろ,う,0,high,news1|nf11
きほんてき,き,き,0,high,news1|nf03
かくだい,か,い,0,high,ichi1|news1|nf01
あつたりめえ,あ,え,0,high,ichi1|news1|nf06
めつせえじ,め,じ,0,high,gai1|ichi1
こうせいしよう,こ,う,0,high,news1|nf02
なしには,な,は,0,high,spec1
かくいつ,か,つ,0,high,news1|nf16
にほんぜんこく,に,く,0,high,spec1
はじめる,は,る,0,high,ichi1|news1|nf17
しんりがく,し,く,0,high,news1|nf11
ちようばつ,ち,つ,0,high,news1|nf19
ちゆうさんかいきゆう,ち,う,0,high,ichi1|news2|nf25
さいしんけんきゆう,さ,う,0,high,spec1
いんぐらんど,い,ど,0,high,gai1
おすい,お,い,0,high,news1|nf24
のうし,の,し,0,high,ichi1|news1|nf03
いそんしよう,い,う,0,high,spec1
けんみん,け,ん,0,high,news1|nf06
きしや,き,や,0,high,ichi1|news1|news2|nf01|nf19|nf42|spec1
きつず,き,ず,0,high,spec1
けいふ,け,ふ,0,high,news1|nf22
けいこく,け,く,0,high,ichi1|news1|nf06|nf19
ぷらいむれえと,ぷ,と,0,high,gai1
えんき,え,き,0,high,ichi1|news1|nf06|nf23
つくずく,つ,く,0,high,ichi1|news1|nf16
あいこう,あ,う,0,high,news1|nf10
こうせい,こ,い,0,high,ichi1|news1|nf03|nf05|nf07|nf08|nf14|nf16|nf24
うんぱん,う,ん,0,high,ichi1|news1|nf11
どくそうてき,ど,き,0,high,news1|nf22
おかし,お,し,0,high,ichi1
ひきしまる,ひ,る,0,high,ichi1|news2|nf33
とくせい,と,い,0,high,news1|nf09|nf19
ぼすにあ,ぼ,あ,0,high,gai1
ごらく,ご,く,0,high,ichi1|news1|nf09
ぶんこう,ぶ,う,0,high,news1|nf21
きらびやか,き,か,0,high,ichi1
あいしやどう,あ,う,0,high,spec1
なぽれおん,な,ん,0,high,gai1
さくしや,さ,や,0,high,ichi1|news1|nf06
まちはずれ,ま,れ,0,high,ichi1
しらかば,し,ば,0,high,news1|nf24
めいあん,め,ん,0,high,ichi1|news1|news2|nf12|nf36
はつぱ,は,ぱ,0,high,ichi1|news2|nf34
きやつこう,き,う,0,high,news1|nf11
ぞうはつ,ぞ,つ,0,high,news1|nf24
こうりてん,こ,ん,0,high,ichi1|news1|nf09
じぞく,じ,く,0,high,ichi1|news1|nf08
ほうたい,ほ,い,0,high,ichi1|news2|nf26
ぶしよう,ぶ,う,0,high,ichi1|news1|news2|nf22|nf45
ればあ,れ,あ,0,high,gai1
ほつそく,ほ,く,0,high,ichi1|news1|nf03
くいちがい,く,い,0,high,ichi1|news1|nf12
しんりようじよ,し,よ,0,high,ichi1
いんが,い,が,0,high,news1|nf13
りんり,り,り,0,high,ichi1|news1|nf03
きまつて,き,て,0,high,news1|nf01
しゆうろう,し,う,0,high,news1|nf09
とらんす,と,す,0,high,gai1
せんてい,せ,い,0,high,ichi1|news1|nf08
それほど,そ,ど,0,high,ichi1|spec1
せいごう,せ,う,0,high,news1|nf12
かいしよ,か,よ,0,high,ichi1|news2|nf37
けんちくがく,け,く,0,high,news1|nf24
ひな,ひ,な,0,high,ichi1
わりびき,わ,き,0,high,ichi1|news1|nf09
のんあるこおる,の,る,0,high,spec1
らんそう,ら,う,0,high,news1|nf23
ふおあまん,ふ,ん,0,high,gai1
かせぎ,か,ぎ,0,high,news1|nf10|nf11
はばつ,は,つ,0,high,ichi1|news1|nf02
ばんぜん,ば,ん,0,high,news1|nf10
ゆきちがい,ゆ,い,0,high,ichi1|news2|nf31
くやくしよ,く,よ,0,high,ichi1|news1|nf14
たいけい,た,い,0,high,ichi1|news1|news2|nf07|nf18|nf38
まにあわせる,ま,る,0,high,ichi1|news1|nf20
わりばし,わ,し,0,high,ichi1|news2|nf36
ちようり,ち,り,0,high,ichi1|news1|nf08
きけん,き,ん,0,high,ichi1|news1|nf02|nf09
とゆう,と,う,0,high,spec1
くうこう,く,う,0,high,ichi1|news1|nf01
ぐつど,ぐ,ど,0,high,gai1
ぶれい,ぶ,い,0,high,ichi1|news2|nf35
じやくねん,じ,ん,0,high,ichi1|news1|nf17
ぬき,ぬ,き,0,high,news1|nf05
どちら,ど,ら,0,high,ichi1
こもの,こ,の,0,high,news1|nf16
びる,び,る,0,high,gai1|ichi1
ほうじん,ほ,ん,0,high,ichi1|news1|nf02|nf07
じかん,じ,ん,0,high,ichi1|news1|nf01|nf02
じやぱんかつぷ,じ,ぷ,0,high,gai1
しやとるばす,し,す,0,high,gai1
ひようめん,ひ,ん,0,high,ichi1|news1|nf04
えんかいしゆう,え,う,0,high,news1|nf24
ほうしよう,ほ,う,0,high,news1|nf05
だいとうりよう,だ,う,0,high,ichi1|news1|nf01
とざす,と,す,0,high,news1|nf14
しりゆう,し,う,0,high,news1|nf24
ぐらんど,ぐ,ど,0,high,gai1
ぜみなある,ぜ,る,0,high,gai1
はなしごえ,は,え,0,high,ichi1|news2|nf37
のんれん,の,ん,0,high,ichi1
がくせつ,が,つ,0,high,ichi1|news1|nf20
いちがいに,い,に,0,high,ichi1|news1|nf24
くみ,く,み,0,high,news1|nf06|nf21
どうしたの,ど,の,0,high,spec1
ほりかわ,ほ,わ,0,high,news1|nf23
ちけい,ち,い,0,high,ichi1|news1|nf14
べつめい,べ,い,0,high,ichi1|news1|nf19
はやい,は,い,0,high,ichi1|news1|news2|nf16|nf31
こくむしよう,こ,う,0,high,news1|nf06
せいけい,せ,い,0,high,ichi1|news1|nf08|nf18
じゆうしち,じ,ち,0,high,news1|nf01
あのよ,あ,よ,0,high,ichi1
ぶんぷ,ぶ,ぷ,0,high,ichi1|news1|nf13
はげまし,は,し,0,high,news1|nf12
ついで,つ,で,0,high,ichi1|news1|news2|nf19|nf39
しようこうかいぎしよ,し,よ,0,high,news1|nf08
くみん,く,ん,0,high,news1|nf10
かくせいざい,か,い,0,high,ichi1|news1|nf08
なび,な,び,0,high,gai1
ゆうやけ,ゆ,け,0,high,ichi1|news2|nf29
いんしようてき,い,き,0,high,news1|nf11
ひい,ひ,い,0,high,spec1
あつあつ,あ,つ,0,high,spec1
わきみ,わ,み,0,high,ichi1
だいどこ,だ,こ,0,high,ichi1|news1|nf07
ふうぞく,ふ,く,0,high,ichi1|news1|nf10
めぐむ,め,む,0,high,ichi1
すこあぼおど,す,ど,0,high,gai1
めんたる,め,る,0,high,gai1
はねる,は,る,0,high,ichi1|news2|nf40
れじすたんす,れ,す,0,high,gai1
いぜん,い,ん,0,high,ichi1|news1|nf03|nf04
こうぶんしよ,こ,よ,0,high,news1|nf12
はがれる,は,る,0,high,spec1
どる,ど,る,0,high,gai1|ichi1
こんねん,こ,ん,0,high,ichi1|news1|nf01
ぞうか,ぞ,か,0,high,ichi1|news1|nf02
するう,す,う,0,high,gai1
あつぶねえ,あ,え,0,high,ichi1|news2|nf39
とうと,と,と,0,high,news1|nf21
ろうじんふくし,ろ,し,0,high,spec1
だじゆん,だ,ん,0,high,news1|nf23
ちようせき,ち,き,0,high,news1|nf21
はかく,は,く,0,high,news1|nf22
もうがつこう,も,う,0,high,news1|nf23
このあいだ,こ,だ,0,high,ichi1
まじり,ま,り,0,high,news1|nf23
しよくもつ,し,つ,0,high,ichi1|news1|nf11
ぐんじ,ぐ,じ,0,high,ichi1|news1|nf01
けいど,け,ど,0,high,ichi1|news2|nf46
みくろ,み,ろ,0,high,gai1|ichi1
れいぞう,れ,う,0,high,ichi1|news2|nf30
かつどう,か,う,0,high,ichi1|news1|nf01
いちず,い,ず,0,high,news1|nf12
とつしん,と,ん,0,high,news1|nf20
もんたあじゆ,も,ゆ,0,high,gai1
たいしよう,た,う,0,high,ichi1|news1|news2|nf01|nf05|nf07|nf13|nf15|nf23|nf33
ぜんしようせん,ぜ,ん,0,high,news1|nf16
ちゆうえつ,ち,つ,0,high,news1|nf15
みえ,み,え,0,high,ichi1|news1|nf20
きどう,き,う,0,high,ichi1|news1|news2|nf05|nf08|nf43|spec1
てすう,て,う,0,high,ichi1|news2|nf30
はんけつ,は,つ,0,high,ichi1|news1|nf01
ゆるす,ゆ,す,0,high,ichi1|news1|nf04
しぶや,し,や,0,high,spec1
さばんな,さ,な,0,high,gai1
けしいん,け,ん,0,high,ichi1|news1|nf07
はんべい,は,い,0,high,news1|nf14
みこむ,み,む,0,high,news1|nf08
これで,こ,で,0,high,spec1
ながめ,な,め,0,high,ichi1|news1|news2|nf18|nf28
じつせい,じ,い,0,high,news1|nf11
わく,わ,く,0,high,ichi1|news1|nf04
ちやどう,ち,う,0,high,ichi1|news1|nf19
せんきようし,せ,し,0,high,news1|nf24
かみつ,か,つ,0,high,news1|nf16
ひつすう,ひ,う,0,high,ichi1|news1|nf20
ぜんがく,ぜ,く,0,high,news1|nf07|nf24
ぴかそ,ぴ,そ,0,high,gai1
はるばしよ,は,よ,0,high,news1|nf13
すげ,す,げ,0,high,spec1
よやく,よ,く,0,high,ichi1|news1|nf06
どうぞ,ど,ぞ,0,high,ichi1
しゆうじよ,し,よ,0,high,ichi1
こつじき,こ,き,0,high,ichi1|news2|nf37
ともあれ,と,れ,0,high,spec1
あん,あ,ん,0,high,ichi1|news1|nf19
こぴいらいと,こ,と,0,high,spec1
えんせん,え,ん,0,high,ichi1|news1|nf16
むね,む,ね,0,high,ichi1|news1|nf02|nf08|nf16
わいるど,わ,ど,0,high,gai1
へいりよく,へ,く,0,high,news1|nf09
きご,き,ご,0,high,ichi1|news1|nf19
かんようく,か,く,0,high,ichi1|news2|nf47
てがき,て,き,0,high,news1|nf17
せえるすまん,せ,ん,0,high,gai1|ichi1
とりこむ,と,む,0,high,ichi1|news1|nf21
ほうぼう,ほ,う,0,high,ichi1
きんえん,き,ん,0,high,ichi1|news1|nf08
りよくち,り,ち,0,high,news1|nf13
めえとる,め,る,0,high,gai1|ichi1
ちいさい,ち,い,0,high,ichi1|news1|nf24
はりきる,は,る,0,high,ichi1|news2|nf40
しんしよ,し,よ,0,high,news1|nf13|nf14
そうべつかい,そ,い,0,high,ichi1
いとこ,い,こ,0,high,ichi1|spec1
じんぶん,じ,ん,0,high,news1|nf18
てさげ,て,げ,0,high,news1|nf22
とりたて,と,て,0,high,news1|nf22
のみ,の,み,0,high,spec1
にゆうがくしけん,に,ん,0,high,spec1
じゆりつ,じ,つ,0,high,news1|nf04
ぶにん,ぶ,ん,0,high,ichi1|news1|nf02|nf10
どうどう,ど,う,0,high,ichi1|news1|nf11
かもめ,か,め,0,high,spec1
こうそくど,こ,ど,0,high,news1|nf23
かあすと,か,と,0,high,gai1
せんごく,せ,く,0,high,news1|nf14
こくひん,こ,ん,0,high,news1|nf15
らんでいんぐ,ら,ぐ,0,high,gai1
すぐ,す,ぐ,0,high,ichi1
さみつと,さ,と,0,high,gai1
ぶんきてん,ぶ,ん,0,high,news1|nf19
いかす,い,す,0,high,ichi1|news1|nf12
めいろう,め,う,0,high,ichi1|news1|nf16
つうしよう,つ,う,0,high,news1|nf04|nf09
しかくい,し,い,0,high,ichi1|news2|nf26
あらためる,あ,る,0,high,ichi1|news1|nf11
どうしゆ,ど,ゆ,0,high,news1|nf12
ばくおん,ば,ん,0,high,news1|nf24
そつぎよう,そ,う,0,high,ichi1|news1|nf03
ふへんてき,ふ,き,0,high,news1|nf15
いれぶん,い,ん,0,high,gai1
いつさい,い,い,0,high,ichi1|news1|nf04
けんおかん,け,ん,0,high,spec1
おどす,お,す,0,high,ichi1|news1|nf21
りそうてき,り,き,0,high,news1|nf15
せおりい,せ,い,0,high,gai1
あんこく,あ,く,0,high,news1|nf20
そおしやるわあかあ,そ,あ,0,high,gai1
まつくろ,ま,ろ,0,high,ichi1|spec1
まんいんでんしや,ま,や,0,high,spec1
ぼおかる,ぼ,る,0,high,gai1
ぼうせん,ぼ,ん,0,high,ichi1|news1|nf22
しゆうとめ,し,め,0,high,ichi1|news1|nf16
やくざいし,や,し,0,high,news1|nf18
ぎよるい,ぎ,い,0,high,news1|nf20
しえありんぐ,し,ぐ,0,high,gai1
おれい,お,い,0,high,ichi1|news2|nf37
がいしん,が,ん,0,high,news1|nf10
たちどまる,た,る,0,high,ichi1|news2|nf38
むける,む,る,0,high,ichi1
ぶんきよう,ぶ,う,0,high,news1|nf17
そとぐに,そ,に,0,high,ichi1|news1|nf01
へいまく,へ,く,0,high,news1|nf16
やたい,や,い,0,high,news1|nf14
ぷろでゆうす,ぷ,す,0,high,gai1
それらしい,そ,い,0,high,spec1
かんじん,か,ん,0,high,ichi1|news1|nf07
しりんじ,し,じ,0,high,gai1
さぎようかんきよう,さ,う,0,high,spec1
くさわけ,く,け,0,high,news1|nf15
かでんつ,か,つ,0,high,gai1
びんご,び,ご,0,high,gai1
こんぺ,こ,ぺ,0,high,gai1
しゆうかん,し,ん,0,high,ichi1|news1|nf04|nf06|nf12
きよぜつはんのう,き,う,0,high,news1|nf18
にじゆうよつか,に,か,0,high,spec1
こじき,こ,き,0,high,ichi1|news2|nf37
めいうん,め,ん,0,high,news1|nf15
いつしよ,い,よ,0,high,ichi1|news1|nf02
ほんごく,ほ,く,0,high,ichi1|news1|nf07
つかさどる,つ,る,0,high,spec1
じよいんと,じ,と,0,high,gai1
はぐくむ,は,む,0,high,ichi1
おう,お,う,0,high,ichi1|news1|nf04|nf05|nf08|nf13|nf16
かいじようじえいたい,か,い,0,high,news1|nf11
わざわい,わ,い,0,high,ichi1|news1|nf20
そふ,そ,ふ,0,high,ichi1|news1|nf09
あたたまる,あ,る,0,high,ichi1|news1|nf24
さしかかる,さ,る,0,high,ichi1|news2|nf39
まとまる,ま,る,0,high,ichi1
まさつ,ま,つ,0,high,ichi1|news1|nf04
せつど,せ,ど,0,high,news1|nf16
たいりつ,た,つ,0,high,ichi1|news1|nf02
かんわ,か,わ,0,high,ichi1|news1|nf02
せいしようねん,せ,ん,0,high,news1|nf07
どりよく,ど,く,0,high,ichi1|news1|nf01
ゆうこう,ゆ,う,0,high,ichi1|news1|nf02|nf03
じんい,じ,い,0,high,news1|nf23
じびき,じ,き,0,high,ichi1
あくせんと,あ,と,0,high,gai1|ichi1
ちよちく,ち,く,0,high,ichi1|news1|nf06
うく,う,く,0,high,ichi1
めえた,め,た,0,high,gai1
だんじよ,だ,よ,0,high,ichi1|news1|nf02
やりとり,や,り,0,high,ichi1
おおぞら,お,ら,0,high,news1|nf19
しようひんけん,し,ん,0,high,news1|nf20
みはり,み,り,0,high,news1|nf22
じようせい,じ,い,0,high,ichi1|news1|nf01|nf15
しきてん,し,ん,0,high,news1|nf06
じよばん,じ,ん,0,high,news1|nf08
ほんちようし,ほ,し,0,high,news1|nf21
あつつい,あ,い,0,high,ichi1|news1|news2|nf14|nf34
よるごはん,よ,ん,0,high,spec1
ねうち,ね,ち,0,high,ichi1|news2|nf26
なんぜん,な,ん,0,high,ichi1|news1|nf22
さんせん,さ,ん,0,high,news1|nf13|nf15|nf19
ぐりんぴいす,ぐ,す,0,high,gai1
かいはつとじようこく,か,く,0,high,spec1
ふかめる,ふ,る,0,high,ichi1|news1|nf11
びあ,び,あ,0,high,gai1
たいどう,た,う,0,high,news1|nf16
はくしや,は,や,0,high,news1|nf07
そおす,そ,す,0,high,gai1|ichi1
けんやく,け,く,0,high,ichi1|news2|nf35
ごうりよく,ご,く,0,high,news1|nf21
くうちゆう,く,う,0,high,ichi1|news1|nf07
まろい,ま,い,0,high,ichi1|news1|nf19
ならう,な,う,0,high,ichi1|news2|nf38|nf42
とうどり,と,り,0,high,news1|nf05
かちゆうしや,か,や,0,high,gai1
むすたんぐ,む,ぐ,0,high,gai1
こにやつく,こ,く,0,high,gai1
まてりある,ま,る,0,high,gai1
ぱあらあ,ぱ,あ,0,high,gai1
いいかげん,い,ん,0,high,ichi1
ばつさい,ば,い,0,high,news1|nf10
じゆんしよく,じ,く,0,high,ichi1
どきどき,ど,き,0,high,ichi1|spec1
けえぶる,け,る,0,high,gai1
しかない,し,い,0,high,spec1
おうだんほどう,お,う,0,high,ichi1|news1|nf24
のる,の,る,0,high,ichi1|news1|nf21
だんせい,だ,い,0,high,ichi1|news1|nf01
ともばたらき,と,き,0,high,ichi1|news1|nf13
つかむ,つ,む,0,high,ichi1
おもわず,お,ず,0,high,ichi1|news1|nf02
ていきよきん,て,ん,0,high,news1|nf10
せらぴい,せ,い,0,high,spec1
べつにん,べ,ん,0,high,news1|nf15
すかつしゆ,す,ゆ,0,high,gai1
そうらん,そ,ん,0,high,news1|nf16
おやすみなさい,お,い,0,high,ichi1
ゆでる,ゆ,る,0,high,ichi1
うちきり,う,り,0,high,news1|nf13
そしよう,そ,う,0,high,ichi1|news1|nf02
ほつけえ,ほ,え,0,high,gai1
ひきおこす,ひ,す,0,high,ichi1|news2|nf26
ささ,さ,さ,0,high,news1|nf19
つなわたり,つ,り,0,high,ichi1|news1|nf21
につぽんじん,に,ん,0,high,news1|nf01
もんぴ,も,ぴ,0,high,news1|nf24
りよかつき,り,き,0,high,ichi1|news1|nf13
さまたげ,さ,げ,0,high,news1|nf21
だいやる,だ,る,0,high,gai1|ichi1
こうさい,こ,い,0,high,ichi1|news1|nf04|nf11|nf17
ゆうしゆう,ゆ,う,0,high,ichi1|news1|nf05
しふおん,し,ん,0,high,gai1
じゆうがた,じ,た,0,high,news1|nf12
おいしやさん,お,ん,0,high,ichi1
しみんけん,し,ん,0,high,news1|nf14
ひのいり,ひ,り,0,high,ichi1
めんどうくさい,め,い,0,high,ichi1|spec1
たんまつき,た,き,0,high,news1|nf20
とおし,と,し,0,high,news1|nf14
はんていんぐ,は,ぐ,0,high,gai1
にこにこ,に,こ,0,high,ichi1|spec1
しなもの,し,の,0,high,ichi1|news1|nf14
しぜんかい,し,い,0,high,news1|nf17
はむすたあ,は,あ,0,high,gai1
ほおむへるぱあ,ほ,あ,0,high,gai1
らんす,ら,す,0,high,gai1
しんさく,し,く,0,high,news1|nf05
けいせき,け,き,0,high,news1|nf16
しゆうこう,し,う,0,high,news1|nf24
ふくらます,ふ,す,0,high,news1|nf18
かつたあ,か,あ,0,high,gai1
におう,に,う,0,high,ichi1
ぐんかん,ぐ,ん,0,high,ichi1|news1|nf19
りよひ,り,ひ,0,high,ichi1|news1|nf14
ちゆういほう,ち,う,0,high,news1|nf21
せいてつ,せ,つ,0,high,ichi1|news1|nf16
かふん,か,ん,0,high,news1|nf14
ひようけいさん,ひ,ん,0,high,spec1
けいゆ,け,ゆ,0,high,ichi1|news1|nf07|nf15
しろうと,し,と,0,high,ichi1|news1|nf09
ふたりとも,ふ,も,0,high,spec1
なぜか,な,か,0,high,ichi1
ていかかく,て,く,0,high,news1|nf09
かんぽうやく,か,く,0,high,ichi1|news1|nf18
ればのん,れ,ん,0,high,gai1
けいぶ,け,ぶ,0,high,news1|nf14
しやじ,し,じ,0,high,ichi1|news2|nf43
こうそ,こ,そ,0,high,ichi1|news1|nf07|nf13|nf23
びどう,び,う,0,high,news1|nf19
りようあし,り,し,0,high,news1|nf15
またがる,ま,る,0,high,ichi1|spec1
えんだか,え,か,0,high,ichi1|news1|nf02
げいしや,げ,や,0,high,news1|nf19
ゆうえつかん,ゆ,ん,0,high,ichi1|news2|nf36
ふるさと,ふ,と,0,high,ichi1|news1|nf06
わりびく,わ,く,0,high,ichi1
べえこん,べ,ん,0,high,gai1
じよつき,じ,き,0,high,gai1
ちよぞう,ち,う,0,high,news1|nf11
とれえど,と,ど,0,high,gai1
ぷらんにんぐ,ぷ,ぐ,0,high,gai1
びいちさんだる,び,る,0,high,spec1
きゆうせいしゆ,き,ゆ,0,high,news1|nf24
ぼつくす,ぼ,す,0,high,gai1
ふえる,ふ,る,0,high,ichi1|news1|nf21
さんじゆうはちどせん,さ,ん,0,high,news1|nf06|spec1
あんばらんす,あ,す,0,high,gai1
すたぶ,す,ぶ,0,high,gai1
なまぐさい,な,い,0,high,ichi1|news2|nf39
といえば,と,ば,0,high,spec1
すいそ,す,そ,0,high,ichi1|news1|nf11
きしん,き,ん,0,high,ichi1
すませる,す,る,0,high,ichi1
べつ,べ,つ,0,high,ichi1
じんどうしゆぎ,じ,ぎ,0,high,ichi1|news2|nf32
いと,い,と,0,high,ichi1|news1|nf05|nf07
ばらばら,ば,ら,0,high,ichi1
せんこく,せ,く,0,high,ichi1|news1|nf14
しゆうさく,し,く,0,high,news1|nf18
ぜい,ぜ,い,0,high,spec1
ひきわけ,ひ,け,0,high,ichi1|news1|nf12
りはつ,り,つ,0,high,news1|nf21
ぞい,ぞ,い,0,high,ichi1|news1|nf07
こらい,こ,い,0,high,news1|nf23
いつぺんとう,い,う,0,high,news1|nf15
でしよう,で,う,0,high,spec1
やまい,や,い,0,high,ichi1
じゆんかい,じ,い,0,high,ichi1|news1|nf13
かぜい,か,い,0,high,ichi1|news1|nf03
しいくれつと,し,と,0,high,gai1
ぜんやさい,ぜ,い,0,high,news2|nf27|spec1
きゆうせん,き,ん,0,high,news1|nf12
このましい,こ,い,0,high,ichi1|news1|nf11
しゆつるい,し,い,0,high,news1|nf24
じんくす,じ,す,0,high,gai1
すいさいが,す,が,0,high,news1|nf23
そうこう,そ,う,0,high,news1|nf06|nf11|nf22|nf24
ほうする,ほ,る,0,high,news1|nf03
ぺんき,ぺ,き,0,high,gai1|ichi1
けむたい,け,い,0,high,ichi1
ほかん,ほ,ん,0,high,ichi1|news1|nf10|nf15
あいつぐ,あ,ぐ,0,high,news1|nf08
せんたく,せ,く,0,high,ichi1|news1|nf03|nf09
みなさま,み,ま,0,high,ichi1|news1|nf12
みみざわり,み,り,0,high,ichi1|news2|nf43
ぞおん,ぞ,ん,0,high,gai1
ぽけつとべる,ぽ,る,0,high,gai1
