reading,start_char,end_char,priority_rank,priority_label,priority_tags
しはらい,し,い,0,high,ichi1|news1|nf03|spec1
てぎわ,て,わ,0,high,ichi1|news1|nf19
それはさておき,そ,き,0,high,spec1
そふああ,そ,あ,0,high,ichi1
かいさつ,か,つ,0,high,ichi1|news1|nf13
しよくどう,し,う,0,high,ichi1|news1|nf08|nf16
いちねんかん,い,ん,0,high,spec1
いちぎ,い,ぎ,0,high,news1|nf20
かわせ,か,せ,0,high,ichi1|news1|nf03
ないがい,な,い,0,high,news1|nf03
せんもんか,せ,か,0,high,ichi1|news1|nf02
にもかかわらず,に,ず,0,high,ichi1|spec1
まゆ,ま,ゆ,0,high,ichi1|news1|nf22
いつちやく,い,く,0,high,news1|nf23
りようあし,り,し,0,high,news1|nf15
けんじよう,け,う,0,high,news1|nf24
ふかけつ,ふ,つ,0,high,ichi1|news1|nf07
めんえき,め,き,0,high,news1|nf07
はじまり,は,り,0,high,ichi1|news1|nf07
かさい,か,い,0,high,ichi1|news1|nf05|nf14
がすたあびん,が,ん,0,high,gai1
すのお,す,お,0,high,gai1
かくげつ,か,つ,0,high,news1|nf23
しゆうめい,し,い,0,high,news1|nf22
あまやどり,あ,り,0,high,ichi1
りいく,り,く,0,high,gai1
さこく,さ,く,0,high,ichi1|news1|nf20
それでいて,そ,て,0,high,spec1
しよみん,し,ん,0,high,ichi1|news1|nf05
ゆうあい,ゆ,い,0,high,news1|nf13
むかしのまま,む,ま,0,high,spec1
よめい,よ,い,0,high,news1|nf23
こつきよう,こ,う,0,high,ichi1|news1|nf02
みどり,み,り,0,high,ichi1|news1|nf03
ふごうり,ふ,り,0,high,ichi1|news1|nf18
くつした,く,た,0,high,ichi1|news1|nf19
さんじゆう,さ,う,0,high,news1|nf01|spec1
まいなす,ま,す,0,high,gai1|ichi1
ゆうじよう,ゆ,う,0,high,ichi1|news1|nf10
ひび,ひ,び,0,high,ichi1|news1|nf04
まかろに,ま,に,0,high,gai1
はんらく,は,く,0,high,news1|nf24
おそわる,お,る,0,high,ichi1|news2|nf42
でなければならない,で,い,0,high,spec1
いちがつ,い,つ,0,high,news1|nf01|spec1
じじつじよう,じ,う,0,high,news1|nf02
たいる,た,る,0,high,gai1
むく,む,く,0,high,ichi1
ひんけつ,ひ,つ,0,high,ichi1|news1|nf20
さんぱい,さ,い,0,high,ichi1|news1|nf07|nf14
しよくばい,し,い,0,high,news1|nf22
らぼ,ら,ぼ,0,high,gai1
せえたあ,せ,あ,0,high,gai1|ichi1
そこね,そ,ね,0,high,news1|nf24
いな,い,な,0,high,ichi1
ろおらあ,ろ,あ,0,high,gai1
おぞん,お,ん,0,high,gai1
ほしようきん,ほ,ん,0,high,spec1
りつきやく,り,く,0,high,ichi1|news1|nf23
ちようほう,ち,う,0,high,ichi1|news2|nf38
かつぷりんぐしゆがあ,か,あ,0,high,gai1
たやすい,た,い,0,high,ichi1
まりいん,ま,ん,0,high,gai1
はで,は,で,0,high,ichi1|news1|nf08
かんぱん,か,ん,0,high,ichi1|news1|nf24
たびさき,た,き,0,high,news1|nf22
うずまき,う,き,0,high,ichi1|news2|nf33
れしいばあ,れ,あ,0,high,gai1
さんぽ,さ,ぽ,0,high,ichi1|news1|nf10
いいかえる,い,る,0,high,ichi1|news2|nf30
つどい,つ,い,0,high,news1|nf12
のおまあく,の,く,0,high,gai1
めつた,め,た,0,high,ichi1|news2|nf46
おろしうりぶつか,お,か,0,high,news1|nf17
きまつて,き,て,0,high,news1|nf01
ぼんにん,ぼ,ん,0,high,ichi1|news2|nf27
ちようなん,ち,ん,0,high,ichi1|news1|nf01
しんど,し,ど,0,high,ichi1|news1|nf14
なんぴと,な,と,0,high,news1|nf07
しゆうにゆう,し,う,0,high,ichi1|news1|nf02
じゆうい,じ,い,0,high,news1|nf13
あいしゆう,あ,う,0,high,news2|nf27|spec1
さふあいあ,さ,あ,0,high,gai1
えんじよう,え,う,0,high,news1|nf17
わるぐち,わ,ち,0,high,ichi1|news1|nf14|spec1
どりい,ど,い,0,high,gai1
はごたえ,は,え,0,high,news2|nf41|spec1
ぶつさん,ぶ,ん,0,high,news1|nf16
かいひ,か,ひ,0,high,ichi1|news1|nf07|nf08
にゆうす,に,す,0,high,gai1|ichi1
もつとも,も,も,0,high,ichi1|news1|nf01
ぐたいか,ぐ,か,0,high,news1|nf11
ないき,な,き,0,high,news1|nf17
たいむ,た,む,0,high,gai1|ichi1
ぱきすたん,ぱ,ん,0,high,gai1
ちたい,ち,い,0,high,ichi1|news1|nf04
ゆうき,ゆ,き,0,high,ichi1|news1|nf07
ちかどう,ち,う,0,high,ichi1|news1|nf24
やすもの,や,の,0,high,news2|nf40|spec1
でざあと,で,と,0,high,gai1|ichi1
がんま,が,ま,0,high,gai1
のろま,の,ま,0,high,ichi1
くみかえ,く,え,0,high,news1|nf17
しやつきん,し,ん,0,high,ichi1|news1|nf05
ゆうりよく,ゆ,く,0,high,ichi1|news1|nf02
ねつする,ね,る,0,high,ichi1|news2|nf26
こまか,こ,か,0,high,news1|nf13
しんせいかつ,し,つ,0,high,spec1
どうか,ど,か,0,high,ichi1|news2|nf29|spec1
つつく,つ,く,0,high,ichi1
べんじよ,べ,よ,0,high,ichi1|news2|nf25
おもみ,お,み,0,high,ichi1|news1|nf08
てんもんだい,て,い,0,high,news1|nf16
かけつける,か,る,0,high,news1|nf20
ぱあす,ぱ,す,0,high,gai1
みにちゆあ,み,あ,0,high,gai1
すきやんだらす,す,す,0,high,gai1
じやむ,じ,む,0,high,gai1|ichi1
よくせい,よ,い,0,high,ichi1|news1|nf04
いやがらせ,い,せ,0,high,news1|nf15
にゆうねん,に,ん,0,high,ichi1|news1|nf20
さいけん,さ,ん,0,high,ichi1|news1|nf03|nf06
おまけに,お,に,0,high,spec1
にゆうたうん,に,ん,0,high,gai1
けんぞうぶつ,け,つ,0,high,news1|nf12
ちらつと,ち,と,0,high,spec1
おつねん,お,ん,0,high,news1|nf16
かめらまん,か,ん,0,high,gai1|ichi1
ろんがい,ろ,い,0,high,news1|nf24
とれえど,と,ど,0,high,gai1
あたいする,あ,る,0,high,ichi1|news2|nf29
ごご,ご,ご,0,high,ichi1|news1|nf01
がくりよく,が,く,0,high,ichi1|news1|nf11
たもつ,た,つ,0,high,ichi1|news1|nf16
みどるほおる,み,る,0,high,gai1
りんじゆう,り,う,0,high,ichi1|news2|nf36
うらめ,う,め,0,high,news1|nf15
いつになく,い,く,0,high,spec1
かかと,か,と,0,high,ichi1
むうでいい,む,い,0,high,gai1
ごおじやす,ご,す,0,high,gai1
しんちやく,し,く,0,high,spec1
いにん,い,ん,0,high,ichi1|news1|nf22
ひとびと,ひ,と,0,high,ichi1|news1|nf01
かんわざ,か,ざ,0,high,ichi1
ふらつぐ,ふ,ぐ,0,high,gai1
じようしよう,じ,う,0,high,ichi1|news1|nf02
ねばりずよい,ね,い,0,high,news1|nf15
りよひ,り,ひ,0,high,ichi1|news1|nf14
かため,か,め,0,high,news1|nf11
ぱつど,ぱ,ど,0,high,gai1
いんどねしあ,い,あ,0,high,gai1
はくば,は,ば,0,high,news1|nf16
つりあい,つ,い,0,high,ichi1
ふあいと,ふ,と,0,high,gai1
さくりやく,さ,く,0,high,ichi1|news2|nf32
けんちくぶつ,け,つ,0,high,spec1
ばちがい,ば,い,0,high,ichi1
のうたん,の,ん,0,high,news1|nf22
こくし,こ,し,0,high,news1|nf17
かくり,か,り,0,high,news1|nf11
てんたい,て,い,0,high,ichi1|news1|nf14
しんまい,し,い,0,high,ichi1|news1|nf16
ぜいじやく,ぜ,く,0,high,news2|nf39|spec1
ほんしや,ほ,や,0,high,ichi1|news1|nf01
しようねん,し,ん,0,high,ichi1|news1|nf02
きやくしや,き,や,0,high,ichi1|news2|nf33
かあぼん,か,ん,0,high,gai1
みくだす,み,す,0,high,news2|nf44|spec1
そうすれば,そ,ば,0,high,spec1
けつゆうびよう,け,う,0,high,news1|nf13
ろうねん,ろ,ん,0,high,news1|nf16
えつち,え,ち,0,high,gai1
そうぞうりよく,そ,く,0,high,news1|nf21|spec1
らんりつ,ら,つ,0,high,news1|nf15
すなどる,す,る,0,high,ichi1
もつとお,も,お,0,high,gai1
かたい,か,い,0,high,ichi1|news2|nf29|nf33|nf46
ばつく,ば,く,0,high,gai1|ichi1
えめらるど,え,ど,0,high,gai1
にちべい,に,い,0,high,ichi1|news1|nf01
しゆうえき,し,き,0,high,news1|nf04
りよかつき,り,き,0,high,ichi1|news1|nf13
はんばい,は,い,0,high,ichi1|news1|nf01
けんきよ,け,よ,0,high,ichi1|news1|nf13|nf14
しんき,し,き,0,high,ichi1|news1|nf05
ざいりよう,ざ,う,0,high,ichi1|news1|nf03
うりば,う,ば,0,high,ichi1|news1|nf06
そうごう,そ,う,0,high,ichi1|news1|nf01
くりいなあ,く,あ,0,high,gai1
ちかん,ち,ん,0,high,news2|nf29|spec1
つぎはぎ,つ,ぎ,0,high,ichi1
あいすほつけえ,あ,え,0,high,gai1
かそ,か,そ,0,high,ichi1|news1|nf01|nf09
りきせつ,り,つ,0,high,news1|nf10
しよかい,し,い,0,high,news1|nf13
ほうれんそう,ほ,う,0,high,ichi1
ゆうえすええ,ゆ,え,0,high,spec1
りつけん,り,ん,0,high,news1|nf20
よび,よ,び,0,high,ichi1|news1|nf04
りんやちよう,り,う,0,high,news1|nf17
おてあらい,お,い,0,high,ichi1
りよこう,り,う,0,high,ichi1|news1|nf02
おおぶん,お,ん,0,high,gai1
めやす,め,す,0,high,ichi1|news1|nf08
いんとねえしよん,い,ん,0,high,gai2|ichi1
せいしんしようがい,せ,い,0,high,news1|nf18
ひとりでに,ひ,に,0,high,ichi1
ばいお,ば,お,0,high,gai1
じむかん,じ,ん,0,high,news1|nf22
ふくしゆう,ふ,う,0,high,ichi1|news2|nf29|nf37
はあど,は,ど,0,high,gai1|ichi1
かぞくけいかく,か,く,0,high,news1|nf12
かがく,か,く,0,high,ichi1|news1|nf02|nf04
ゆきどまり,ゆ,り,0,high,ichi1
ぞおん,ぞ,ん,0,high,gai1
けだもの,け,の,0,high,ichi1|news1|nf14
ばいきやく,ば,く,0,high,news1|nf04
こうだん,こ,ん,0,high,ichi1|news1|nf07|nf16
りきゆうる,り,る,0,high,gai1
しゆうしん,し,ん,0,high,news1|nf09|nf18
ひつせき,ひ,き,0,high,news1|nf23
じつぞう,じ,う,0,high,news1|nf18
にほんぎんこう,に,う,0,high,news1|nf08
あつたかい,あ,い,0,high,ichi1|news1|nf21
ぷろつぷじえつと,ぷ,と,0,high,gai1
がつきよく,が,く,0,high,news1|nf20
えいず,え,ず,0,high,gai1|ichi1
しにん,し,ん,0,high,ichi1|news2|nf45
いそ,い,そ,0,high,news1|nf01|nf16|spec1
しゆうない,し,い,0,high,news1|nf19
みくろ,み,ろ,0,high,gai1|ichi1
きようこ,き,こ,0,high,news1|nf13
にも,に,も,0,high,spec1
ひやつかじてん,ひ,ん,0,high,ichi1|news1|nf22
ひかえる,ひ,る,0,high,ichi1|news1|nf06
けぶ,け,ぶ,0,high,ichi1|news1|nf07
こうむいん,こ,ん,0,high,ichi1|news1|nf05
すとつぷ,す,ぷ,0,high,gai1|ichi1
ていりつ,て,つ,0,high,news1|nf18
しるし,し,し,0,high,ichi1|news1|nf07
きやんどる,き,る,0,high,gai1
さすぺんしよん,さ,ん,0,high,gai1
いずこ,い,こ,0,high,ichi1|news2|nf47
おこのみやき,お,き,0,high,spec1
てぎわよく,て,く,0,high,ichi1
おおきくなる,お,る,0,high,spec1
あやしむ,あ,む,0,high,ichi1|news2|nf47
せいれき,せ,き,0,high,ichi1|news1|nf15
みらあ,み,あ,0,high,gai1
ちようしん,ち,ん,0,high,news1|nf14
どうれつ,ど,つ,0,high,ichi1|news2|nf27
ごしつぷ,ご,ぷ,0,high,gai1
しあん,し,ん,0,high,gai1|news1|nf12|nf19
かねがない,か,い,0,high,spec1
おれんじいろ,お,ろ,0,high,spec1
はやぶさ,は,さ,0,high,news1|nf24
しらべる,し,る,0,high,ichi1|news2|nf42
つばくろ,つ,ろ,0,high,ichi1|news1|nf21
ばくしよう,ば,う,0,high,news1|nf24
ぴつち,ぴ,ち,0,high,gai1
せんきようんどう,せ,う,0,high,news1|nf09
ほうむる,ほ,る,0,high,ichi1|news2|nf26
つきる,つ,る,0,high,ichi1|news2|nf35
くらし,く,し,0,high,ichi1|news1|nf04
ぬぐ,ぬ,ぐ,0,high,ichi1|news2|nf44
どうろ,ど,ろ,0,high,ichi1|news1|nf02
あおたがい,あ,い,0,high,news1|nf23
あいてがた,あ,た,0,high,news1|nf17
のおたつち,の,ち,0,high,gai1
にんげんてき,に,き,0,high,news1|nf14
げつか,げ,か,0,high,news1|nf10
りずむ,り,む,0,high,gai1|ichi1
ろうじやくだんじよ,ろ,よ,0,high,spec1
うつる,う,る,0,high,ichi1|news1|news2|nf17|nf28|nf38
おうえん,お,ん,0,high,ichi1|news1|nf03
りようがん,り,ん,0,high,news1|nf20
はんろん,は,ん,0,high,ichi1|news1|nf10
ていひよう,て,う,0,high,news1|nf11
ゆうぼう,ゆ,う,0,high,ichi1|news1|nf12
くうてん,く,ん,0,high,news1|nf19
こみつく,こ,く,0,high,gai1
だいきらい,だ,い,0,high,ichi1|news2|nf26
そふ,そ,ふ,0,high,ichi1|news1|nf09
どんなに,ど,に,0,high,ichi1
ぺんたごん,ぺ,ん,0,high,gai1
だんぴんぐ,だ,ぐ,0,high,gai1
みに,み,に,0,high,gai1|ichi1
つうぴいす,つ,す,0,high,gai1
せきしつ,せ,つ,0,high,news1|nf23
とえい,と,い,0,high,news1|nf14
せきとり,せ,り,0,high,news1|nf15
ふんわり,ふ,り,0,high,spec1
ぽろ,ぽ,ろ,0,high,gai1
とつぐ,と,ぐ,0,high,ichi1|news2|nf43
うらとおり,う,り,0,high,ichi1|news2|nf31
いちにんまえ,い,え,0,high,ichi1|news1|nf16
じようよう,じ,う,0,high,ichi1|news1|nf16
すうかげつ,す,つ,0,high,spec1
まとめ,ま,め,0,high,ichi1
かいとり,か,り,0,high,news1|news2|nf10|nf27|spec1
くるくる,く,る,0,high,ichi1
あめりかがつしゆうこく,あ,く,0,high,spec1
きんちよ,き,よ,0,high,news1|nf17
かんぞう,か,う,0,high,ichi1|news1|nf06
かつきよう,か,う,0,high,news1|nf19
かに,か,に,0,high,ichi1|news2|nf43
によると,に,と,0,high,spec1
みたり,み,り,0,high,news1|nf01
げんじつ,げ,つ,0,high,ichi1|news1|nf01
せんもんい,せ,い,0,high,news1|nf15
でんきゆう,で,う,0,high,ichi1|news1|nf21
ねんらい,ね,い,0,high,news1|nf11
にゆうこくかんりきよく,に,く,0,high,news1|nf15
さいげん,さ,ん,0,high,ichi1|news1|nf12|nf23
ふえる,ふ,る,0,high,ichi1|news1|nf21
おうい,お,い,0,high,news1|nf18
ないめん,な,ん,0,high,ichi1|news1|nf13
ねじ,ね,じ,0,high,spec1
さんけい,さ,い,0,high,news1|nf23
かがやく,か,く,0,high,ichi1
わき,わ,き,0,high,ichi1|news1|nf19
すわりこみ,す,み,0,high,news1|nf23
すまつしゆ,す,ゆ,0,high,gai1
らとびあ,ら,あ,0,high,gai1
しよくよう,し,う,0,high,news1|nf11
なげだす,な,す,0,high,news1|nf23
ぱれす,ぱ,す,0,high,gai1
かぐら,か,ら,0,high,news1|nf13
ちよくれつ,ち,つ,0,high,ichi1|news2|nf38
いぎりす,い,す,0,high,spec1
おいわい,お,い,0,high,ichi1
ととのう,と,う,0,high,ichi1|news2|nf28
あぶない,あ,い,0,high,ichi1|news2|nf39
ぱそこん,ぱ,ん,0,high,gai1|ichi1
ぐんかん,ぐ,ん,0,high,ichi1|news1|nf19
きようぎ,き,ぎ,0,high,ichi1|news1|nf01|nf02
さいよう,さ,う,0,high,ichi1|news1|nf02
ぶんつう,ぶ,う,0,high,ichi1|news2|nf25
しやい,し,い,0,high,gai1|news1|nf22
ばあげんせえる,ば,る,0,high,gai1
よける,よ,る,0,high,ichi1
ばすけつとぼおる,ば,る,0,high,gai1|ichi1
かみそり,か,り,0,high,ichi1
さしひかえる,さ,る,0,high,news1|nf23
おもやく,お,く,0,high,ichi1|news1|nf17
さしだす,さ,す,0,high,ichi1|news2|nf34
さうじあらびあ,さ,あ,0,high,gai1
てずくり,て,り,0,high,ichi1|news1|nf08
あいきよう,あ,う,0,high,spec1
ふあんとむ,ふ,む,0,high,gai1
たいりつ,た,つ,0,high,ichi1|news1|nf02
よそく,よ,く,0,high,news1|nf04
むつ,む,つ,0,high,ichi1
にゆう,に,う,0,high,gai1
すぱいす,す,す,0,high,gai1
じすとろふいい,じ,い,0,high,gai1
におい,に,い,0,high,ichi1|ichi2|news2|nf29
つもり,つ,り,0,high,ichi1|news2|nf35
ひいる,ひ,る,0,high,gai1
べろ,べ,ろ,0,high,spec1
せいうん,せ,ん,0,high,news1|nf23
えう,え,う,0,high,ichi1|news2|nf39
あんばい,あ,い,0,high,ichi1
せいれい,せ,い,0,high,news1|nf06
ききやく,き,く,0,high,ichi1|news1|nf16
ずひよう,ず,う,0,high,ichi1|news2|nf26
べえすきやんぷ,べ,ぷ,0,high,gai1
ふいつていんぐ,ふ,ぐ,0,high,gai1
いとぐち,い,ち,0,high,news1|nf12
すまあと,す,と,0,high,gai1|ichi1
びえんなあれ,び,れ,0,high,gai1
かちかち,か,ち,0,high,ichi1
たいしよ,た,よ,0,high,ichi1|news1|nf10
ふれんど,ふ,ど,0,high,gai1
いおり,い,り,0,high,news1|nf19
りえき,り,き,0,high,ichi1|news1|nf02
ぜんこう,ぜ,う,0,high,news1|nf17
ぶれえき,ぶ,き,0,high,gai1|ichi1
らんど,ら,ど,0,high,gai1
さらに,さ,に,0,high,ichi1|news1|nf18
きぞう,き,う,0,high,ichi1|news1|nf21
さつきん,さ,ん,0,high,news1|nf17
ふゆ,ふ,ゆ,0,high,ichi1|news1|nf03
ぜいひき,ぜ,き,0,high,news1|nf17
ぱあく,ぱ,く,0,high,gai1
いんばあたあ,い,あ,0,high,gai1
しずまる,し,る,0,high,ichi1|news2|nf35
ぷり,ぷ,り,0,high,gai1
たんく,た,く,0,high,gai1
ことわらず,こ,ず,0,high,news1|nf10
ほおむせきゆりてい,ほ,い,0,high,gai1
いたむ,い,む,0,high,ichi1|news2|nf41|nf43|nf44
ろくに,ろ,に,0,high,ichi1
みとめ,み,め,0,high,ichi1|news1|nf24
たいやく,た,く,0,high,news1|nf20
かふえてりあ,か,あ,0,high,gai1
しんさく,し,く,0,high,news1|nf05
ぜんたいしゆぎ,ぜ,ぎ,0,high,news1|nf19
さまよう,さ,う,0,high,ichi1
がわ,が,わ,0,high,ichi1|news1|nf03|nf10
かさかさ,か,さ,0,high,ichi1
さん,さ,ん,0,high,ichi1|news1|nf01|nf11|nf24
あご,あ,ご,0,high,ichi1|news2|nf38
すぽんじ,す,じ,0,high,gai1
そだてる,そ,る,0,high,ichi1
ほんぶ,ほ,ぶ,0,high,ichi1|news1|nf01
しやかいもんだい,し,い,0,high,news1|nf09
きいろい,き,い,0,high,ichi1|news2|nf41
のり,の,り,0,high,ichi1|news1|news2|nf07|nf33|nf38
じゆうみん,じ,ん,0,high,ichi1|news1|nf01
みほんいち,み,ち,0,high,news1|nf17
かど,か,ど,0,high,ichi1|news1|nf06|nf11
けいさん,け,ん,0,high,ichi1|news1|nf04
くずす,く,す,0,high,ichi1|news2|nf31
しようとする,し,る,0,high,spec1
とちよう,と,う,0,high,ichi1|news1|nf11
もほう,も,う,0,high,ichi1|news2|nf32
へんちよう,へ,う,0,high,news1|nf14
とどまる,と,る,0,high,ichi1
ついに,つ,に,0,high,ichi1
はつでんしよ,は,よ,0,high,ichi1|news1|nf06
じしやく,じ,く,0,high,ichi1|news1|nf19
いばり,い,り,0,high,news1|nf13
じんよう,じ,う,0,high,news1|nf21
れいぎ,れ,ぎ,0,high,ichi1|news1|nf16
じやつかん,じ,ん,0,high,ichi1|news1|nf08
げんしち,げ,ち,0,high,news1|nf23
しゆくん,し,ん,0,high,news1|nf16
せんたあ,せ,あ,0,high,gai1|ichi1
ぶんけい,ぶ,い,0,high,ichi1
かんり,か,り,0,high,ichi1|news1|nf01|nf18
みつにゆうごく,み,く,0,high,ichi1|news1|nf22
せいじゆく,せ,く,0,high,ichi1|news1|nf13
とちようちよう,と,う,0,high,spec1
ひぶん,ひ,ん,0,high,news1|nf20
つつみ,つ,み,0,high,ichi1|news1|news2|nf10|nf26
ぱぱさん,ぱ,ん,0,high,spec1
きれえい,き,い,0,high,ichi1
せいぶつ,せ,つ,0,high,ichi1|news1|nf04
ひつしになつて,ひ,て,0,high,spec1
ほりでい,ほ,い,0,high,gai1
ふうじや,ふ,や,0,high,ichi1|news1|nf09
なかにわ,な,わ,0,high,ichi1|news1|nf17
ふおろお,ふ,お,0,high,gai1
なきやいけない,な,い,0,high,spec1
とろんぼおん,と,ん,0,high,gai1
かつそう,か,う,0,high,news1|nf08
いさましい,い,い,0,high,ichi1|news2|nf45
はま,は,ま,0,high,ichi1|news1|nf05
あおぞら,あ,ら,0,high,ichi1|news1|nf12
じゆうだん,じ,ん,0,high,news1|nf11|nf24
ばいきん,ば,ん,0,high,ichi1
ぜみ,ぜ,み,0,high,gai1
ひようが,ひ,が,0,high,news1|nf19
しようしや,し,や,0,high,ichi1|news1|nf04|nf09|nf14|nf15|nf22
こほん,こ,ん,0,high,ichi1|news1|nf19
しゆんそく,し,く,0,high,news1|nf18
かおす,か,す,0,high,gai1
たいてい,た,い,0,high,ichi1|news1|nf24
だろう,だ,う,0,high,spec1
ならびに,な,に,0,high,ichi1|news1|nf15
じつだん,じ,ん,0,high,news1|nf16
めす,め,す,0,high,gai1|ichi1|news1|nf15
のなか,の,か,0,high,news1|nf14
えんぜつ,え,つ,0,high,ichi1|news1|nf02
とりい,と,い,0,high,ichi1|news1|nf20
けんしゆつ,け,つ,0,high,news1|nf17
ばあちやん,ば,ん,0,high,spec1
やけあと,や,と,0,high,news1|nf15
おわび,お,び,0,high,spec1
ここむ,こ,む,0,high,gai1
みようふく,み,く,0,high,spec1
ことし,こ,し,0,high,ichi1|news1|nf01
れきしてき,れ,き,0,high,ichi1|news1|nf05
げつまつ,げ,つ,0,high,ichi1|news1|nf15
けんせい,け,い,0,high,news1|nf16
ぶあいおりん,ぶ,ん,0,high,gai1
けつしゆう,け,う,0,high,news1|nf07
たいだん,た,ん,0,high,ichi1|news1|nf12|nf24
くれじつとかあど,く,ど,0,high,gai1
せと,せ,と,0,high,news1|nf16
かいむ,か,む,0,high,news1|nf16
りようしん,り,ん,0,high,ichi1|news1|nf03|nf14
とらべらあずちえつく,と,く,0,high,gai1
しこく,し,く,0,high,spec1
かねつ,か,つ,0,high,news1|nf13|nf17
なにも,な,も,0,high,news1|nf03
きゆうかい,き,い,0,high,news1|nf13
きんもつ,き,つ,0,high,ichi1|news1|nf23
ろうひ,ろ,ひ,0,high,ichi1|news1|nf22
ぼろぼろ,ぼ,ろ,0,high,ichi1|spec1
おんこう,お,う,0,high,news1|nf24
げんえき,げ,き,0,high,ichi1|news1|nf05
すぽおく,す,く,0,high,gai1
せきめん,せ,ん,0,high,ichi1
あしぶみ,あ,み,0,high,ichi1|news1|nf17
たとえる,た,る,0,high,ichi1|news2|nf28
みこみ,み,み,0,high,ichi1|news1|nf03
たてなおす,た,す,0,high,ichi1|news2|nf39
しどう,し,う,0,high,ichi1|news1|news2|nf01|nf16|nf25|spec1
しほんか,し,か,0,high,ichi1|news2|nf32
ぞうすい,ぞ,い,0,high,news1|nf22
かぞいろ,か,ろ,0,high,ichi1|news1|nf06
ににんさんきやく,に,く,0,high,news1|nf16
そつぎようご,そ,ご,0,high,spec1
ふいよるど,ふ,ど,0,high,gai1
せきにんしや,せ,や,0,high,news1|nf04
あらかると,あ,と,0,high,gai1
うけつけちゆう,う,う,0,high,spec1
くりかえす,く,す,0,high,ichi1|news1|nf09
ちゆうなあ,ち,あ,0,high,gai1
つるす,つ,す,0,high,ichi1
さいしんにゆうす,さ,す,0,high,spec1
じまく,じ,く,0,high,news1|nf16
たうえ,た,え,0,high,ichi1|news1|nf17
くり,く,り,0,high,ichi1|news1|nf18
ふりこみ,ふ,み,0,high,news1|nf15|spec1
まるい,ま,い,0,high,ichi1|news1|nf19
しそん,し,ん,0,high,ichi1|news1|nf11
のすたるじい,の,い,0,high,gai1
せんぱく,せ,く,0,high,ichi1|news1|nf08
あたい,あ,い,0,high,ichi1|news1|nf07
たくま,た,ま,0,high,news1|nf23
おおつぶ,お,ぶ,0,high,spec1
よろしく,よ,く,0,high,ichi1
だいたい,だ,い,0,high,ichi1|news1|nf08|nf10|nf13
りはん,り,ん,0,high,news1|nf21
ほきゆう,ほ,う,0,high,ichi1|news1|nf09
だんこ,だ,こ,0,high,news1|nf11
ぱんふ,ぱ,ふ,0,high,gai1
うえき,う,き,0,high,ichi1|news1|nf17
ちゆうし,ち,し,0,high,ichi1|news1|news2|nf03|nf33
しようこう,し,う,0,high,ichi1|news1|nf07|nf10|nf22|nf24
こんごう,こ,う,0,high,news1|nf11
さどんです,さ,す,0,high,gai1
びよう,び,う,0,high,ichi1|news1|news2|nf12|nf33
あらあらしい,あ,い,0,high,ichi1|news2|nf43
とだえる,と,る,0,high,ichi1|news2|nf26
つね,つ,ね,0,high,news1|nf05
あるごりずむ,あ,む,0,high,gai1
おしい,お,い,0,high,ichi1|news2|nf39
おおぷんかあ,お,あ,0,high,gai1
ぜつこうちよう,ぜ,う,0,high,spec1
たんだい,た,い,0,high,ichi1|news1|nf05
やくまわり,や,り,0,high,news1|nf24
かまくら,か,ら,0,high,spec1
もぎ,も,ぎ,0,high,news1|nf16
じようり,じ,り,0,high,ichi1|news2|nf41
こんくりいと,こ,と,0,high,gai1|ichi1
しちや,し,や,0,high,ichi1|news2|nf26
ぷれりゆうど,ぷ,ど,0,high,gai1
くりおおる,く,る,0,high,gai1
くおおと,く,と,0,high,gai1
しぼり,し,り,0,high,news1|news2|nf19|nf25
とうない,と,い,0,high,news1|nf02|nf22
しゆかんてき,し,き,0,high,ichi1|news2|nf32
こかく,こ,く,0,high,ichi1|news1|nf04
てんじる,て,る,0,high,news1|nf12
しようりやく,し,く,0,high,ichi1|news2|nf32
ふうしゆう,ふ,う,0,high,news1|nf21
しよつけん,し,ん,0,high,news1|nf19
つじつま,つ,ま,0,high,ichi1
かつえじに,か,に,0,high,ichi1
おもうぞんぶん,お,ん,0,high,ichi1|news2|nf37
ふらんちやいず,ふ,ず,0,high,gai1
こくりよく,こ,く,0,high,ichi1|news1|nf20
びちく,び,く,0,high,news1|nf09
はんが,は,が,0,high,ichi1|news1|nf11
いちおく,い,く,0,high,news1|nf03
へるぱあ,へ,あ,0,high,gai1
しようそ,し,そ,0,high,news1|nf14
そうりつ,そ,つ,0,high,ichi1|news1|nf06
あなうめ,あ,め,0,high,news1|nf16
しんかぶ,し,ぶ,0,high,news1|nf15
どち,ど,ち,0,high,ichi1|news1|nf01
けんがい,け,い,0,high,news1|nf19
じみんとう,じ,う,0,high,news1|nf01
けた,け,た,0,high,ichi1|news2|nf44
としん,と,ん,0,high,ichi1|news1|nf05
おにおん,お,ん,0,high,gai1
きにいり,き,り,0,high,news1|nf23
はいぞく,は,く,0,high,ichi1|news2|nf28
しきじよう,し,う,0,high,news1|nf19
けつこんあいて,け,て,0,high,spec1
しろうま,し,ま,0,high,news1|nf16
もけい,も,い,0,high,ichi1|news1|nf11
うえいとれす,う,す,0,high,spec1
だいしぜん,だ,ん,0,high,news1|nf17
わりびきさい,わ,い,0,high,news1|nf13
しきぶとん,し,ん,0,high,ichi1|news1|nf15
ひきもどす,ひ,す,0,high,ichi1|news2|nf44
れおたあど,れ,ど,0,high,gai1
ちらし,ち,し,0,high,ichi1|news2|nf43|spec1
しんふぜん,し,ん,0,high,news1|nf03
こつかしけん,こ,ん,0,high,news1|nf16
ぞうしゆう,ぞ,う,0,high,news1|nf10
ふじようり,ふ,り,0,high,ichi1|news2|nf28
みくろん,み,ん,0,high,gai1
まつこう,ま,う,0,high,news1|nf12
ぺにしりん,ぺ,ん,0,high,gai1
きめつける,き,る,0,high,ichi1|news2|nf27
ひち,ひ,ち,0,high,ichi1|news1|nf01|spec1
ほんかくてき,ほ,き,0,high,ichi1|news1|nf03
いらつしやる,い,る,0,high,ichi1
とはいうものの,と,の,0,high,spec1
にがみ,に,み,0,high,ichi1
とぶ,と,ぶ,0,high,ichi1|news1|nf21
かせつと,か,と,0,high,gai1|ichi1
ぶろんず,ぶ,ず,0,high,gai1
ほおむいん,ほ,ん,0,high,gai1
はこび,は,び,0,high,news1|nf08
ちようか,ち,か,0,high,ichi1|news1|nf13
よろこばしい,よ,い,0,high,news1|nf19
ふあいばあ,ふ,あ,0,high,gai1
さいしん,さ,ん,0,high,news1|nf05|nf12|nf21
こわだか,こ,か,0,high,news1|nf17
ゆうれい,ゆ,い,0,high,ichi1|news1|nf16
じゆぞう,じ,う,0,high,news1|nf21
さとる,さ,る,0,high,ichi1|news2|nf47
ぽおとふおりお,ぽ,お,0,high,gai1
よせ,よ,せ,0,high,news1|nf12|nf18
あい,あ,い,0,high,ichi1|news1|nf02|nf18
しご,し,ご,0,high,news1|nf06|nf24
じんどうてき,じ,き,0,high,ichi1|news1|nf10
あきや,あ,や,0,high,news1|nf24
しみじみ,し,み,0,high,spec1
ねいきつど,ね,ど,0,high,gai1
たいぼう,た,う,0,high,ichi1|news1|nf13
はもの,は,の,0,high,news1|nf11
こんや,こ,や,0,high,ichi1|news1|news2|nf18|nf28|spec2
にんち,に,ち,0,high,news1|nf14
かせいふ,か,ふ,0,high,news1|nf19
こくぜ,こ,ぜ,0,high,news1|nf22
ぜんぶ,ぜ,ぶ,0,high,ichi1|news1|nf03|nf22
しらじ,し,じ,0,high,news1|nf23
ふかまる,ふ,る,0,high,ichi1|news1|nf16
ひようばん,ひ,ん,0,high,ichi1|news1|nf05
せつきよくてき,せ,き,0,high,ichi1|news1|nf01
びようぶ,び,ぶ,0,high,news1|nf20
ばんずけ,ば,け,0,high,news1|nf11
ふりつかあ,ふ,あ,0,high,gai1
ええていいえむ,え,む,0,high,spec1
いぜんとして,い,て,0,high,news1|nf06
たいち,た,ち,0,high,news1|nf21
しようがい,し,い,0,high,ichi1|news1|nf02|nf05|nf10|nf17
びでお,び,お,0,high,gai1|ichi1
むぼう,む,う,0,high,ichi1|news1|nf22
おひる,お,る,0,high,news2|nf28|spec1
ふあいぶすたあ,ふ,あ,0,high,gai1
はあぷ,は,ぷ,0,high,gai1
げんこく,げ,く,0,high,ichi1|news1|nf03
まんぱわあ,ま,あ,0,high,gai1
つかいみち,つ,ち,0,high,ichi1|news1|nf19
しゆうよう,し,う,0,high,ichi1|news1|nf08|nf17
かみつく,か,く,0,high,ichi1
まんぐろおぶ,ま,ぶ,0,high,gai1
きもちわるい,き,い,0,high,spec1
むくいる,む,る,0,high,ichi1|news2|nf31
ごにち,ご,ち,0,high,ichi1|news1|nf17|spec1
くさばな,く,な,0,high,ichi1|news1|nf21
かも,か,も,0,high,news1|nf12|spec1
ひるすぎ,ひ,ぎ,0,high,ichi1|news1|nf17
じてん,じ,ん,0,high,ichi1|news1|nf03|nf10|nf12|nf23
じんじや,じ,や,0,high,ichi1|news1|nf05
さんぎよう,さ,う,0,high,ichi1|news1|nf01
だんすほおる,だ,る,0,high,gai1
うとうと,う,と,0,high,ichi1
うんこ,う,こ,0,high,spec1
りがくぶ,り,ぶ,0,high,ichi1
こやく,こ,く,0,high,news1|nf21
きりかえる,き,る,0,high,news2|nf38|spec1
かんねん,か,ん,0,high,ichi1|news1|nf17
せんす,せ,す,0,high,gai1|ichi1|news2|nf26
こうしゆうえいせい,こ,い,0,high,news1|nf19
いんち,い,ち,0,high,gai1
ほすてる,ほ,る,0,high,gai1
めんたるへるす,め,す,0,high,gai1
こく,こ,く,0,high,news1|nf03|nf16|nf22
せばめる,せ,る,0,high,ichi1|news2|nf42
しやせつ,し,つ,0,high,ichi1|news1|nf11
れんこう,れ,う,0,high,news1|nf11
あくまでも,あ,も,0,high,spec1
ぶらちすらば,ぶ,ば,0,high,gai1
ひらひら,ひ,ら,0,high,ichi1
ふあつしよんしよお,ふ,お,0,high,gai1
なおさら,な,ら,0,high,ichi1
でらつくす,で,す,0,high,gai1
もくてきち,も,ち,0,high,ichi1|news1|nf16
ちみつ,ち,つ,0,high,news2|nf35|spec1
こわす,こ,す,0,high,ichi1|news1|nf19
ちなみに,ち,に,0,high,spec1
じゆうぐん,じ,ん,0,high,news1|nf05
ならぶ,な,ぶ,0,high,ichi1|news2|nf29
べるふあすと,べ,と,0,high,gai1
ちりよう,ち,う,0,high,ichi1|news1|nf02
しようあく,し,く,0,high,news1|nf20
おらあ,お,あ,0,high,ichi1|news1|nf12
いしきちようさ,い,さ,0,high,spec1
ていきゆうび,て,び,0,high,ichi1|news2|nf39
ふくむ,ふ,む,0,high,ichi1|news2|nf28
いくせい,い,い,0,high,news1|nf05
しゆうはすう,し,う,0,high,news1|nf13
とりしらべ,と,べ,0,high,ichi1|news1|nf08
したく,し,く,0,high,ichi1|news1|nf15
べんむかん,べ,ん,0,high,news1|nf09
まんねり,ま,り,0,high,gai1
こくぶんじ,こ,じ,0,high,news1|nf19
おどろき,お,き,0,high,ichi1|news1|nf09
もんだいてん,も,ん,0,high,news1|nf04
なめる,な,る,0,high,ichi1
ちよびつと,ち,と,0,high,spec1
ひようだい,ひ,い,0,high,news1|news2|nf17|nf47|spec1
ほうにち,ほ,ち,0,high,news1|nf03
さいてき,さ,き,0,high,ichi1|news1|nf10
きようゆう,き,う,0,high,ichi1|news1|nf15
ちつぷ,ち,ぷ,0,high,gai1
じゆうし,じ,し,0,high,ichi1|news1|nf01|nf04
ちゆうはい,ち,い,0,high,spec1
あおむけ,あ,け,0,high,ichi1|news2|nf34
さいあく,さ,く,0,high,ichi1|news1|nf05
これ,こ,れ,0,high,ichi1
かれえらいす,か,す,0,high,gai1|ichi1
なみだ,な,だ,0,high,ichi1|news1|nf04
すたあ,す,あ,0,high,gai1|ichi1
ごういん,ご,ん,0,high,ichi1|news1|nf08
すきん,す,ん,0,high,gai1
えすてさろん,え,ん,0,high,spec1
のおひつとのおらんげえむ,の,む,0,high,gai1
ゆうごう,ゆ,う,0,high,news1|nf19
えぴそおど,え,ど,0,high,gai1
ふたなのか,ふ,か,0,high,news1|nf11
ぶおけ,ぶ,け,0,high,ichi1
まみえ,ま,え,0,high,ichi1|news1|nf22
まんじよう,ま,う,0,high,ichi1|news2|nf43
じもん,じ,ん,0,high,ichi1|news2|nf30
はつせい,は,い,0,high,ichi1|news1|nf03|nf23
どしどし,ど,し,0,high,ichi1
あきる,あ,る,0,high,ichi1|news2|nf26
すたんがん,す,ん,0,high,gai1
わぎり,わ,り,0,high,news1|nf22
るいしん,る,ん,0,high,news1|nf21
わつぺん,わ,ん,0,high,gai1
じえろんとくらしい,じ,い,0,high,gai1
ばんち,ば,ち,0,high,ichi1|news2|nf41
ひきあい,ひ,い,0,high,news1|nf15
じつけんしつ,じ,つ,0,high,news1|nf18
こくいつこくと,こ,と,0,high,ichi1
かじゆある,か,る,0,high,gai1
にんぷ,に,ぷ,0,high,news1|nf15
ぶつく,ぶ,く,0,high,gai1
ばんごう,ば,う,0,high,ichi1|news1|nf03
につく,に,く,0,high,gai1
きよすく,き,く,0,high,gai1
すいでん,す,ん,0,high,ichi1|news1|nf07
くい,く,い,0,high,ichi1|news1|news2|nf15|nf26|spec1
めぞそぷらの,め,の,0,high,gai1
たいが,た,が,0,high,ichi1|news1|nf11
はるやすみ,は,み,0,high,news1|nf24
れんそう,れ,う,0,high,ichi1|news2|nf28
にほんぜんこく,に,く,0,high,spec1
はんい,は,い,0,high,ichi1|news1|nf03
むこ,む,こ,0,high,ichi1|news2|nf41
ゆか,ゆ,か,0,high,ichi1
ずいひつ,ず,つ,0,high,ichi1|news1|nf18
ちゆうがく,ち,く,0,high,ichi1|news1|nf03
げつきゆう,げ,う,0,high,ichi1|news1|nf13
つまこ,つ,こ,0,high,ichi1|news1|nf16
けえじ,け,じ,0,high,gai1
うんてんし,う,し,0,high,ichi1
ごりら,ご,ら,0,high,gai1
もていいふ,も,ふ,0,high,gai1
たいむましん,た,ん,0,high,gai1
ふたば,ふ,ば,0,high,news1|nf18
とりえ,と,え,0,high,ichi1
こおらす,こ,す,0,high,gai1
てぐさり,て,り,0,high,ichi1|news1|nf22
わくせい,わ,い,0,high,news1|nf13
じやぶ,じ,ぶ,0,high,gai1
ちやん,ち,ん,0,high,ichi1|news1|nf01
うらはら,う,ら,0,high,news1|nf12
びやくい,び,い,0,high,ichi1|news1|nf23
おうぎよう,お,う,0,high,news1|nf23
こいつ,こ,つ,0,high,spec1
なしとげる,な,る,0,high,ichi1|news2|nf31
そうどう,そ,う,0,high,ichi1|news1|nf07
はいじやつく,は,く,0,high,gai1
ええじえんと,え,と,0,high,gai1
じゆうにぶん,じ,ん,0,high,news1|nf18
のおぶる,の,る,0,high,gai1
けんどう,け,う,0,high,ichi1|news1|nf11|nf17
ねあげ,ね,げ,0,high,ichi1|news1|nf03
まろん,ま,ん,0,high,gai1
せいたん,せ,ん,0,high,ichi1|news1|nf13
ごうべん,ご,ん,0,high,news1|nf05
てつぺん,て,ん,0,high,ichi1
りはあさる,り,る,0,high,gai1
こうてい,こ,い,0,high,ichi1|news1|nf05|nf10|nf11|nf13|nf17|nf21|nf22|nf24
さまざま,さ,ま,0,high,ichi1|news1|nf08
けんばん,け,ん,0,high,news2|nf44|spec1
すがる,す,る,0,high,ichi1
ぱつしんぐ,ぱ,ぐ,0,high,gai1
かすば,か,ば,0,high,gai1
そまる,そ,る,0,high,ichi1|news2|nf36
すぺしやる,す,る,0,high,gai1|ichi1
だありん,だ,ん,0,high,gai1
むじよう,む,う,0,high,ichi1|news2|nf32
でびゆう,で,う,0,high,gai1
ふちゆうい,ふ,い,0,high,ichi1|news2|nf28
てきこく,て,く,0,high,news1|nf18
しやかいか,し,か,0,high,news1|nf17
ろうどうきじゆんほう,ろ,う,0,high,news1|nf16
まんとる,ま,る,0,high,gai1
ならない,な,い,0,high,spec1
あつぎ,あ,ぎ,0,high,ichi1
すとろんちうむ,す,む,0,high,gai1
しんぼる,し,る,0,high,gai1|ichi1
はつきり,は,り,0,high,ichi1|spec1
いにしえ,い,え,0,high,news1|nf14
すぷれえ,す,え,0,high,gai1|ichi1
おくる,お,る,0,high,ichi1|news1|nf05|nf06
はやくち,は,ち,0,high,ichi1|news1|nf22
きかく,き,く,0,high,ichi1|news1|nf02|nf08
きよらか,き,か,0,high,ichi1|news2|nf34
そおらあ,そ,あ,0,high,gai1
なつやすみ,な,み,0,high,ichi1|news1|nf05
がいしよく,が,く,0,high,ichi1|news1|nf10
みあたらない,み,い,0,high,news1|nf13
きよだく,き,く,0,high,news1|nf13
まえぶれ,ま,れ,0,high,ichi1|news2|nf35
ようになる,よ,る,0,high,spec1
さあふいん,さ,ん,0,high,gai1
まちかねる,ま,る,0,high,ichi1
ふとくい,ふ,い,0,high,ichi1|news2|nf35
めるしい,め,い,0,high,gai1
じゆうてん,じ,ん,0,high,ichi1|news1|nf04|spec1
はなぞの,は,の,0,high,news1|nf12
がいやしゆ,が,ゆ,0,high,news1|nf10
よくちよう,よ,う,0,high,ichi1|news1|nf13
きやでいい,き,い,0,high,gai1
りゆうおう,り,う,0,high,news1|nf15
えつねん,え,ん,0,high,news1|nf16
りんり,り,り,0,high,ichi1|news1|nf03
ぺんき,ぺ,き,0,high,gai1|ichi1
ざんるい,ざ,い,0,high,news1|nf22
くうかん,く,ん,0,high,ichi1|news1|nf04
でいすく,で,く,0,high,gai1
べつべつ,べ,つ,0,high,ichi1|news1|nf10
ふざける,ふ,る,0,high,ichi1
ふおおると,ふ,と,0,high,gai1
みはる,み,る,0,high,ichi1|news2|nf46
すいちゆう,す,う,0,high,ichi1|news1|nf12
おおぶね,お,ね,0,high,news1|nf18
じゆうおく,じ,く,0,high,news1|nf06
なちゆらりすと,な,と,0,high,gai1
うり,う,り,0,high,news1|nf06
たかくてき,た,き,0,high,news1|nf13
にゆうろ,に,ろ,0,high,gai1
ぶんがくしや,ぶ,や,0,high,ichi1|news1|nf15
じゆつ,じ,つ,0,high,news1|nf24
さいし,さ,し,0,high,ichi1|news1|nf16
そうしつ,そ,つ,0,high,ichi1|news1|nf14
どのよう,ど,う,0,high,spec1
ほんぎよう,ほ,う,0,high,news1|nf11
がいき,が,き,0,high,ichi1|news2|nf27
ばるぶ,ば,ぶ,0,high,gai1
せかす,せ,す,0,high,ichi1
ていか,て,か,0,high,ichi1|news1|nf03|nf10
こうそう,こ,う,0,high,ichi1|news1|nf02|nf05|nf06
わしよく,わ,く,0,high,ichi1|news1|nf19
げんどう,げ,う,0,high,ichi1|news1|nf09
ちようじよ,ち,よ,0,high,ichi1|news1|nf04
うみのおや,う,や,0,high,news1|nf19
たつた,た,た,0,high,ichi1
けちやつぷ,け,ぷ,0,high,gai1
てんねん,て,ん,0,high,ichi1|news1|nf07
すこあ,す,あ,0,high,gai1
だんぷかあ,だ,あ,0,high,gai1
しぼうしや,し,や,0,high,news1|nf16
こんちねんたる,こ,る,0,high,gai1
そつこう,そ,う,0,high,news1|nf16|nf20
らじある,ら,る,0,high,gai1
ふごう,ふ,う,0,high,ichi1|news1|news2|nf20|nf35
ぶんじよ,ぶ,よ,0,high,ichi1|news1|nf02
みんえい,み,い,0,high,news1|nf05
あんに,あ,に,0,high,news1|nf13
おそれ,お,れ,0,high,ichi1|news1|nf02
さきだつて,さ,て,0,high,spec1
りやくしき,り,き,0,high,news1|nf13
ここん,こ,ん,0,high,news1|nf16
くういき,く,き,0,high,news1|nf13
たんじよう,た,う,0,high,ichi1|news1|nf03
せいさんせい,せ,い,0,high,news1|nf08
てんぐ,て,ぐ,0,high,news2|nf26|spec1
なおし,な,し,0,high,news1|nf12
つうがく,つ,く,0,high,ichi1|news1|nf10
こうちようかい,こ,い,0,high,news1|nf06
たいろん,た,ん,0,high,news1|nf16
ぴる,ぴ,る,0,high,gai1
ほうしん,ほ,ん,0,high,ichi1|news1|nf01
ふでがしら,ふ,ら,0,high,news1|nf07
ふさい,ふ,い,0,high,ichi1|news1|nf04|nf07
じんこうこきゆう,じ,う,0,high,news1|nf17
ぶつだん,ぶ,ん,0,high,news1|nf22
ゆうちよ,ゆ,よ,0,high,news1|nf09
りよだん,り,ん,0,high,news1|nf22
あえん,あ,ん,0,high,news1|nf23
よりみち,よ,ち,0,high,ichi1|news2|nf47
にゆうじ,に,じ,0,high,ichi1|news1|nf15
かつどう,か,う,0,high,ichi1|news1|nf01
あるぱいん,あ,ん,0,high,gai1
いんたあん,い,ん,0,high,gai1
ぎよそん,ぎ,ん,0,high,ichi1|news1|nf21
しえいちかてつ,し,つ,0,high,spec1
ああむ,あ,む,0,high,gai1
およぐ,お,ぐ,0,high,ichi1|news1|nf20
ぼんさい,ぼ,い,0,high,news1|nf18
しゆうせき,し,き,0,high,news1|nf11
かてん,か,ん,0,high,news1|nf13
そばや,そ,や,0,high,ichi1
めがみ,め,み,0,high,news1|nf17
げつや,げ,や,0,high,ichi1|news2|nf42
ひれ,ひ,れ,0,high,gai1
はんつき,は,き,0,high,ichi1|news1|nf16
なう,な,う,0,high,gai1
みね,み,ね,0,high,ichi1|news1|nf13
わいあ,わ,あ,0,high,gai1
いぞんしよう,い,う,0,high,spec1
びつくり,び,り,0,high,spec1
べつと,べ,と,0,high,news2|nf29|spec1
べいはん,べ,ん,0,high,news1|nf23
きよくたん,き,ん,0,high,ichi1|news1|nf06
しゆずつ,し,つ,0,high,ichi1|news1|nf03
げつかん,げ,ん,0,high,ichi1|news1|nf08|nf10
のはら,の,ら,0,high,ichi1|news1|nf24
せんしん,せ,ん,0,high,news1|nf04
らあど,ら,ど,0,high,gai1
わあど,わ,ど,0,high,gai1
じんぶん,じ,ん,0,high,news1|nf18
えつじ,え,じ,0,high,gai1
しも,し,も,0,high,ichi1|news2|nf25
はんげん,は,ん,0,high,ichi1|news1|nf19
あん,あ,ん,0,high,ichi1|news1|nf19
でばいす,で,す,0,high,gai1
せるふ,せ,ふ,0,high,gai1
けいちゆう,け,う,0,high,news1|nf24
したね,し,ね,0,high,news1|nf22
えいり,え,り,0,high,ichi1|news1|nf14
どう,ど,う,0,high,ichi1|news1|news2|nf05|nf06|nf18|nf19|nf32
ちよつきゆう,ち,う,0,high,news1|nf07
がし,が,し,0,high,ichi1|news1|nf22
げんぜい,げ,い,0,high,news1|nf02
つぎこむ,つ,む,0,high,news1|nf19
ぜねすと,ぜ,と,0,high,gai1
ぼく,ぼ,く,0,high,ichi1|news1|nf07
なかつぎ,な,ぎ,0,high,ichi1|news1|nf14
いえぬし,い,し,0,high,ichi1|news1|nf20
いつさい,い,い,0,high,ichi1|news1|nf04
ひとごころ,ひ,ろ,0,high,news1|nf18
まんきつ,ま,つ,0,high,news1|nf20
りふと,り,と,0,high,gai1
べえた,べ,た,0,high,gai1
すこつち,す,ち,0,high,gai1
ろうどううんどう,ろ,う,0,high,news1|nf18
えんど,え,ど,0,high,gai1
やりくり,や,り,0,high,ichi1
さあもん,さ,ん,0,high,gai1
にじつさい,に,い,0,high,ichi1
れえだあ,れ,あ,0,high,gai1
じやがあ,じ,あ,0,high,gai1
てにす,て,す,0,high,gai1|ichi1
やきゆう,や,う,0,high,ichi1|news1|nf01
くるす,く,す,0,high,gai1
ちえつくあうと,ち,と,0,high,gai1
あいてどる,あ,る,0,high,news1|nf11
ごうきん,ご,ん,0,high,news1|nf17
あつぱあ,あ,あ,0,high,gai1
ひきこもり,ひ,り,0,high,spec1
たいい,た,い,0,high,news1|nf18
ものすんごい,も,い,0,high,ichi1
そとみ,そ,み,0,high,ichi1|news1|nf15
いや,い,や,0,high,ichi1|news1|nf07|spec1
ふれあう,ふ,う,0,high,ichi1|news2|nf43
たたずむ,た,む,0,high,ichi1
おかげさまで,お,で,0,high,ichi1|spec1
ほどける,ほ,る,0,high,ichi1
なきがら,な,ら,0,high,ichi1
ことなる,こ,る,0,high,ichi1|news2|nf42
ぶんがく,ぶ,く,0,high,ichi1|news1|nf02
きらう,き,う,0,high,ichi1|news1|nf16
じだいさくご,じ,ご,0,high,news1|nf24
みだす,み,す,0,high,ichi1|news2|nf44
えじぷと,え,と,0,high,gai1
わり,わ,り,0,high,ichi1|news1|nf05
じやつじ,じ,じ,0,high,gai1
どろぼお,ど,お,0,high,ichi1|news1|nf15
かぶしき,か,き,0,high,ichi1|news1|nf01
せいめい,せ,い,0,high,ichi1|news1|news2|nf02|nf03|nf36
えすかれえたあ,え,あ,0,high,gai1|ichi1
おんどく,お,く,0,high,ichi1
だつかい,だ,い,0,high,news1|nf15
こうさん,こ,ん,0,high,ichi1|news1|news2|nf06|nf46
はんてい,は,い,0,high,ichi1|news1|nf05
とんや,と,や,0,high,ichi1|news1|nf14
おもいおこす,お,す,0,high,news1|nf22
あしもと,あ,と,0,high,ichi1|news1|nf08
きがる,き,る,0,high,ichi1|news1|nf10
いんさつ,い,つ,0,high,ichi1|news1|nf06
にさいして,に,て,0,high,spec1
こんぴゆうた,こ,た,0,high,gai1|ichi1
きやめる,き,る,0,high,gai1
ぐらんぷり,ぐ,り,0,high,gai1
とりつぐ,と,ぐ,0,high,ichi1|news2|nf42
かえん,か,ん,0,high,news1|nf12
がくぶ,が,ぶ,0,high,ichi1|news1|nf02
しばしば,し,ば,0,high,ichi1
きんぞく,き,く,0,high,ichi1|news1|nf04|nf23
ぷつしゆ,ぷ,ゆ,0,high,gai1
とくしゆほうじん,と,ん,0,high,news1|nf12
あいつら,あ,ら,0,high,spec1
やくか,や,か,0,high,news1|nf19
ぐんばい,ぐ,い,0,high,news1|nf17
といあわせる,と,る,0,high,ichi1|news1|nf16
いとこ,い,こ,0,high,ichi1|spec1
よわめる,よ,る,0,high,ichi1|news2|nf26
はやあい,は,い,0,high,ichi1|news1|news2|nf16|nf31
ほしようつき,ほ,き,0,high,spec1
ぷらす,ぷ,す,0,high,gai1|ichi1
ちんぷんかんぷん,ち,ん,0,high,ichi1
かろりい,か,い,0,high,gai1|ichi1
とうろくしや,と,や,0,high,spec1
がそりんすたんど,が,ど,0,high,gai1|ichi1
かくかん,か,ん,0,high,ichi1|news1|nf11
ねすごす,ね,す,0,high,ichi1
すかる,す,る,0,high,gai1
ぼうげつ,ぼ,つ,0,high,news1|nf11
きんぎよ,き,よ,0,high,ichi1|news1|nf19
てつこつ,て,つ,0,high,ichi1|news1|nf10
そうきゆう,そ,う,0,high,news1|nf04|nf15
ぼおるど,ぼ,ど,0,high,gai1
ちゆうさんかいきゆう,ち,う,0,high,ichi1|news2|nf25
ぎやらりい,ぎ,い,0,high,gai1
ちやあるすとん,ち,ん,0,high,gai1
かれんだあ,か,あ,0,high,gai1|ichi1
じゆきよう,じ,う,0,high,news1|nf22
ふかい,ふ,い,0,high,ichi1|news1|nf17|nf23
ふろおりんぐ,ふ,ぐ,0,high,gai1
ぎいんうんえいいいんかい,ぎ,い,0,high,news1|nf17
じつきよう,じ,う,0,high,ichi1|news1|nf17
はさま,は,ま,0,high,news2|nf33|spec1
でかた,で,た,0,high,news1|nf09
ひよつとすると,ひ,と,0,high,spec1
ともだち,と,ち,0,high,ichi1|news1|nf05|spec1
おけ,お,け,0,high,gai1|ichi1|news2|nf33
ちてき,ち,き,0,high,ichi1|news1|nf06
はくぶつ,は,つ,0,high,news1|nf21
でゆうていいふりい,で,い,0,high,gai1
すとらいぷ,す,ぷ,0,high,gai1
とかく,と,く,0,high,ichi1
のうりつ,の,つ,0,high,ichi1|news1|nf18
ひやくしよう,ひ,う,0,high,ichi1|news1|nf24
かいすいよくじよう,か,う,0,high,news1|nf20
かいそく,か,く,0,high,ichi1|news1|nf19
えんかく,え,く,0,high,news1|nf15
しよどう,し,う,0,high,ichi1|news1|nf07
くに,く,に,0,high,ichi1|news1|nf01|nf21
のるま,の,ま,0,high,spec1
たどる,た,る,0,high,ichi1
きりる,き,る,0,high,gai1
それら,そ,ら,0,high,spec1
つまみ,つ,み,0,high,spec1
ぱねる,ぱ,る,0,high,gai1
はんけつ,は,つ,0,high,ichi1|news1|nf01
だいこくばしら,だ,ら,0,high,news1|nf20
こにちは,こ,は,0,high,ichi1
げつしや,げ,や,0,high,ichi1|news2|nf32
ゆうめい,ゆ,い,0,high,ichi1|news1|nf03
ろんぴよう,ろ,う,0,high,news1|nf15
ねらい,ね,い,0,high,ichi1|news1|nf02
めもりある,め,る,0,high,gai1
ゆうどく,ゆ,く,0,high,ichi1|news1|nf20
たんけん,た,ん,0,high,ichi1|news1|nf12
じやくてん,じ,ん,0,high,ichi1|news1|nf11
じりつ,じ,つ,0,high,news1|nf06|nf20
でんしめえる,で,る,0,high,spec1
こうふん,こ,ん,0,high,ichi1|news1|nf11
ごうかく,ご,く,0,high,ichi1|news1|nf05
けいど,け,ど,0,high,ichi1|news2|nf46
ふこく,ふ,く,0,high,news1|nf17
はなびたいかい,は,い,0,high,spec1
えんばん,え,ん,0,high,ichi1|news1|nf22
もちいふ,も,ふ,0,high,gai1
ついずい,つ,い,0,high,news1|nf17
おおるどがあど,お,ど,0,high,gai1
とりしまる,と,る,0,high,ichi1|news2|nf38
くさはら,く,ら,0,high,ichi1|news1|nf13
けんとう,け,う,0,high,ichi1|news1|nf02|nf11|nf19
いつぴき,い,き,0,high,spec1
きゆうくつ,き,つ,0,high,ichi1|news1|nf22
かいいき,か,き,0,high,news1|nf08
じゆうたくち,じ,ち,0,high,ichi1|news1|nf08
むうぶめんと,む,と,0,high,gai1
せんねん,せ,ん,0,high,ichi1|news2|nf35
ぎちよう,ぎ,う,0,high,ichi1|news1|nf01
くどう,く,う,0,high,news1|nf11
しつれい,し,い,0,high,ichi1|news2|nf31
ほくふう,ほ,う,0,high,ichi1|news2|nf25
よりすぐり,よ,り,0,high,spec1
つう,つ,う,0,high,news1|nf21
びようそく,び,く,0,high,news1|nf23
うちけし,う,し,0,high,ichi1|news2|nf39
りぽおたあ,り,あ,0,high,gai1
はじる,は,る,0,high,ichi1|news2|nf37
そつぎよう,そ,う,0,high,ichi1|news1|nf03
よんほん,よ,ん,0,high,news1|nf17
べえこん,べ,ん,0,high,gai1
さくら,さ,ら,0,high,ichi1|news1|nf04|spec1
がか,が,か,0,high,ichi1|news1|nf05
げんしゆ,げ,ゆ,0,high,ichi1|news1|news2|nf05|nf29
どくそう,ど,う,0,high,news1|nf13|nf21
とうこう,と,う,0,high,ichi1|news1|nf06|nf10|nf23
しんきんかん,し,ん,0,high,news1|nf20
ていしよく,て,く,0,high,ichi1|news1|nf14|nf22
ぐうすう,ぐ,う,0,high,ichi1|news2|nf33
ぎんいろ,ぎ,ろ,0,high,news1|nf23
ふなはし,ふ,し,0,high,news1|nf11
さいんいり,さ,り,0,high,spec1
がくぎよう,が,う,0,high,news1|nf21
とうにゆう,と,う,0,high,news1|news2|nf11|nf43|spec1
へざあ,へ,あ,0,high,gai1
うれすじらんきんぐ,う,ぐ,0,high,spec1
ひようしき,ひ,き,0,high,ichi1|news1|nf15
しゆうげき,し,き,0,high,ichi1|news1|nf08
たれる,た,る,0,high,ichi1|news2|nf38
いまにも,い,も,0,high,ichi1
どれでも,ど,も,0,high,spec1
こんてな,こ,な,0,high,gai1
せきせつ,せ,つ,0,high,ichi1|news1|nf17
からふる,か,る,0,high,gai1
りようし,り,し,0,high,ichi1|news1|nf04|nf14
ざんだか,ざ,か,0,high,ichi1|news1|nf06
かしや,か,や,0,high,ichi1|news1|news2|nf23|nf27
こおど,こ,ど,0,high,gai1|ichi1
さぽおと,さ,と,0,high,gai1
もてなし,も,し,0,high,ichi1
ぽりいぷ,ぽ,ぷ,0,high,gai1
もりつけ,も,け,0,high,spec1
こうかく,こ,く,0,high,news1|nf24
たんてき,た,き,0,high,ichi1|news1|nf16
こうはんせん,こ,ん,0,high,news1|nf14
じはつてき,じ,き,0,high,ichi1|news1|nf14
じゆうじ,じ,じ,0,high,ichi1|news1|nf08|nf14
まつくら,ま,ら,0,high,ichi1|news1|nf11
つかさどる,つ,る,0,high,spec1
じゆうだい,じ,い,0,high,ichi1|news1|nf03|nf11|spec1
ぎれい,ぎ,い,0,high,ichi1|news1|nf16
えすてる,え,る,0,high,gai1
とりのぞく,と,く,0,high,ichi1
まらそん,ま,ん,0,high,gai1|ichi1
おまけ,お,け,0,high,ichi1
とりひき,と,き,0,high,ichi1|news1|nf01|spec1
げいのう,げ,う,0,high,ichi1|news1|nf05
とつぷにゆうす,と,す,0,high,gai1
ばんこん,ば,ん,0,high,news1|nf22
しれいかん,し,ん,0,high,news1|nf03
ようすい,よ,い,0,high,news1|nf15
つまり,つ,り,0,high,ichi1|news2|nf31
だれでも,だ,も,0,high,spec1
ざしき,ざ,き,0,high,ichi1|news1|nf21
はつどう,は,う,0,high,news1|nf09
さいくる,さ,る,0,high,gai1
くらんく,く,く,0,high,gai1
はつかあ,は,あ,0,high,gai1
かずかず,か,ず,0,high,news1|nf07
びいる,び,る,0,high,gai1|ichi1
あまど,あ,ど,0,high,ichi1|news2|nf35
ほうしゆう,ほ,う,0,high,ichi1|news1|nf05
ぼさち,ぼ,ち,0,high,news1|nf20
しようへい,し,い,0,high,news1|nf18
おき,お,き,0,high,ichi1|news1|nf16
しずか,し,か,0,high,ichi1|news1|nf05
やぐ,や,ぐ,0,high,ichi1
よびこう,よ,う,0,high,ichi1
ちゆういほう,ち,う,0,high,news1|nf21
すんごい,す,い,0,high,spec1
つし,つ,し,0,high,ichi1|news1|nf04
はいあん,は,ん,0,high,news1|nf05
おおぷんせん,お,ん,0,high,spec1
せいふ,せ,ふ,0,high,ichi1|news1|nf01
ずざん,ず,ん,0,high,ichi1
よこで,よ,で,0,high,news1|nf18
もろうで,も,で,0,high,news1|nf22
ぼやぼや,ぼ,や,0,high,ichi1|spec1
むえき,む,き,0,high,ichi1|news2|nf41
うりだす,う,す,0,high,ichi1|news1|nf16
かんけい,か,い,0,high,ichi1|news1|nf01
めきしこわん,め,ん,0,high,spec1
おおかみ,お,み,0,high,news1|nf19
ふりだし,ふ,し,0,high,news1|nf16
じんこうえいせい,じ,い,0,high,news1|nf16
くちび,く,び,0,high,news1|nf16
かくさん,か,ん,0,high,news1|nf04|nf20
ぶつける,ぶ,る,0,high,ichi1
りくじようじえいたい,り,い,0,high,news1|nf09
りたいあ,り,あ,0,high,gai1
けつきよく,け,く,0,high,ichi1|news1|nf02
しやつかん,し,ん,0,high,news1|nf09
ほんじつ,ほ,つ,0,high,ichi1|news1|nf15
らいてん,ら,ん,0,high,news1|nf24
しんりやく,し,く,0,high,ichi1|news1|nf05
えあばつぐ,え,ぐ,0,high,gai1
けんちよう,け,う,0,high,ichi1|news1|nf10
ようけん,よ,ん,0,high,ichi1|news1|news2|nf09|nf31
あざやか,あ,か,0,high,ichi1|news1|nf07
はるあき,は,き,0,high,news1|nf12
あたまうち,あ,ち,0,high,news1|nf17
ぷるうくぼおげん,ぷ,ん,0,high,gai1
くろおん,く,ん,0,high,gai1
びか,び,か,0,high,ichi1|news2|nf29
しな,し,な,0,high,ichi1
じゆうがつ,じ,つ,0,high,news1|nf01|spec1
ひる,ひ,る,0,high,ichi1|news1|nf04
はんめん,は,ん,0,high,ichi1|news1|nf05
そんかい,そ,い,0,high,news1|nf22
じむきよく,じ,く,0,high,news1|nf01
せいきよく,せ,く,0,high,ichi1|news1|nf03
ていねん,て,ん,0,high,ichi1|news1|nf05
たいしゆう,た,う,0,high,ichi1|news1|nf05
にがつ,に,つ,0,high,news1|nf01|spec1
いるみねえしよん,い,ん,0,high,gai1
くうはく,く,く,0,high,ichi1|news1|nf07
せんしゆつ,せ,つ,0,high,ichi1|news1|nf05
きめら,き,ら,0,high,gai1
あいけん,あ,ん,0,high,news1|nf17
しようしよ,し,よ,0,high,ichi1|news1|nf08
おまいり,お,り,0,high,ichi1|news2|nf36
いつかつ,い,つ,0,high,news1|nf08
きこえる,き,る,0,high,ichi1|news2|nf25
きようどうたい,き,い,0,high,news1|nf02
ふいいと,ふ,と,0,high,gai1
りんす,り,す,0,high,gai1
えんじえる,え,る,0,high,spec1
はくさい,は,い,0,high,ichi1|news2|nf30
ぎよかいるい,ぎ,い,0,high,news1|nf16
じいぷ,じ,ぷ,0,high,gai1
べんろん,べ,ん,0,high,ichi1|news1|nf15
ちよしや,ち,や,0,high,ichi1|news1|nf03
ひやけどめ,ひ,め,0,high,spec1
はかりしれない,は,い,0,high,news1|nf18
あんふえあ,あ,あ,0,high,gai1
はいぱあ,は,あ,0,high,gai1
ほうしよう,ほ,う,0,high,news1|nf05
かわええ,か,え,0,high,ichi1|news2|nf32
かんぶ,か,ぶ,0,high,ichi1|news1|nf01
あいろん,あ,ん,0,high,gai1|ichi1
おれんじ,お,じ,0,high,gai1|ichi1
あきかぜ,あ,ぜ,0,high,ichi1|news2|nf29
たちあい,た,い,0,high,news1|nf11|nf18|spec1
ふおおくそんぐ,ふ,ぐ,0,high,gai1
ひきつぐ,ひ,ぐ,0,high,ichi1|news1|nf19
つかいずて,つ,て,0,high,ichi1|news1|nf17
みみ,み,み,0,high,ichi1|news1|nf03
かたしき,か,き,0,high,news1|nf24
だいえつと,だ,と,0,high,gai1
いつせつ,い,つ,0,high,news1|nf14
みんぞく,み,く,0,high,ichi1|news1|nf01
やわらかい,や,い,0,high,ichi1|news1|nf20
しゆつだい,し,い,0,high,ichi1|news1|nf19
ふおおす,ふ,す,0,high,gai1
もんこ,も,こ,0,high,news1|nf14
じようきようほうこく,じ,く,0,high,spec1
どおく,ど,く,0,high,gai1
しんりよう,し,う,0,high,ichi1|news1|nf05
こうごう,こ,う,0,high,ichi1|news1|nf05
せいよう,せ,う,0,high,ichi1|news1|nf08|nf16
しよめん,し,ん,0,high,news1|nf13
はいび,は,び,0,high,news1|nf10
さいらい,さ,い,0,high,news1|nf16
いあわせる,い,る,0,high,news1|nf22
あくろばつと,あ,と,0,high,gai1
りこしゆぎ,り,ぎ,0,high,ichi1|news2|nf40
がぶがぶ,が,ぶ,0,high,ichi1
あんこおる,あ,る,0,high,gai1
あちら,あ,ら,0,high,ichi1|news2|nf28
かつぱ,か,ぱ,0,high,gai1
つつ,つ,つ,0,high,ichi1|news1|nf18|spec1
さくし,さ,し,0,high,news1|nf12
へつじ,へ,じ,0,high,gai1
へき,へ,き,0,high,ichi1|news1|nf02|nf23
あれだけ,あ,け,0,high,spec1
どうきゆうせい,ど,い,0,high,ichi1|news1|nf09
ころがす,こ,す,0,high,ichi1|news2|nf28
ほうかい,ほ,い,0,high,ichi1|news1|nf02
けいけんほうふ,け,ふ,0,high,spec1
われわれ,わ,れ,0,high,ichi1|news1|nf02
につしよう,に,う,0,high,news1|nf19
たいき,た,き,0,high,ichi1|news1|nf05|nf13
のうきん,の,ん,0,high,news1|nf23
ぐらんどぴあの,ぐ,の,0,high,gai1
まずしい,ま,い,0,high,ichi1|news1|nf18
めざまし,め,し,0,high,ichi1|news2|nf38
かぎりない,か,い,0,high,news1|nf16
ひれい,ひ,い,0,high,ichi1|news1|nf02
すまい,す,い,0,high,ichi1|news1|nf03
ぼおからあ,ぼ,あ,0,high,gai1
しやたく,し,く,0,high,news1|nf15
せなか,せ,か,0,high,ichi1|news1|nf07
せぼね,せ,ね,0,high,ichi1|news1|nf23
はれ,は,れ,0,high,ichi1|news1|nf15
ないない,な,い,0,high,news1|nf22
きゆうじよ,き,よ,0,high,ichi1|news1|nf09
ぶんこう,ぶ,う,0,high,news1|nf21
せいしき,せ,き,0,high,ichi1|news1|nf02
めしあがる,め,る,0,high,ichi1|news2|nf45
ひだい,ひ,い,0,high,news1|nf15
おこさま,お,ま,0,high,spec1|spec2
ひえしよう,ひ,う,0,high,news2|nf35|spec1
おつかれさま,お,ま,0,high,spec1
かつせん,か,ん,0,high,news1|nf08
しないのではないか,し,か,0,high,spec1
はりきる,は,る,0,high,ichi1|news2|nf40
みずどり,み,り,0,high,news1|nf18
じつぎようか,じ,か,0,high,news1|nf11
ことができる,こ,る,0,high,spec1
げんさんち,げ,ち,0,high,news1|nf23
ずのう,ず,う,0,high,ichi1|news1|nf14
しようが,し,が,0,high,spec1
じんぐう,じ,う,0,high,news1|nf07
いちねんじゆう,い,う,0,high,ichi1
つかれる,つ,る,0,high,ichi1|news2|nf29
かけつこ,か,こ,0,high,spec1
りけん,り,ん,0,high,news1|nf10
まもる,ま,る,0,high,ichi1|news1|nf09
たたき,た,き,0,high,spec1
くにくのさく,く,く,0,high,news1|nf19
おくびようもの,お,の,0,high,spec1
ないりく,な,く,0,high,ichi1|news1|nf12
うやむや,う,や,0,high,ichi1
ぬうぼお,ぬ,お,0,high,gai1
すれすれ,す,れ,0,high,ichi1
じゆうこう,じ,う,0,high,news1|nf17
しゆたい,し,い,0,high,ichi1|news1|nf04
おおと,お,と,0,high,gai1
しかない,し,い,0,high,spec1
しゆつこく,し,く,0,high,ichi1|news1|nf11
ざいこ,ざ,こ,0,high,news1|nf05
そうせんきよ,そ,よ,0,high,news1|nf01
はやめる,は,る,0,high,ichi1|news1|nf10
いかがく,い,く,0,high,news1|nf24
おおぐち,お,ち,0,high,news1|nf06
めがしら,め,ら,0,high,news1|nf22
たいわ,た,わ,0,high,ichi1|news1|nf02
れんきんじゆつし,れ,し,0,high,spec1
すいしん,す,ん,0,high,ichi1|news1|nf01|nf14
ぐんぺい,ぐ,い,0,high,news1|nf12
れつか,れ,か,0,high,news1|nf21
うんどうば,う,ば,0,high,ichi1|news2|nf26
てれめえたあ,て,あ,0,high,gai1
とうひようしよ,と,よ,0,high,news1|nf09
うごき,う,き,0,high,ichi1|news1|nf01
りいる,り,る,0,high,gai1
みじかうた,み,た,0,high,ichi1|news1|nf07
ちんじよう,ち,う,0,high,news1|nf10
すぺくたくる,す,る,0,high,gai1
しゆうやく,し,く,0,high,news1|nf13
こうあつ,こ,つ,0,high,news1|nf17
ちかずく,ち,く,0,high,ichi1|news2|nf37|spec1
きむずかしい,き,い,0,high,ichi1|news2|nf46
あくりる,あ,る,0,high,gai1
ぎようぎ,ぎ,ぎ,0,high,ichi1|news2|nf26
さいご,さ,ご,0,high,ichi1|news1|nf01|nf16
にげだす,に,す,0,high,ichi1|news2|nf29
でいすくろおじやあ,で,あ,0,high,gai1
ほちようき,ほ,き,0,high,news1|nf23
にげあし,に,し,0,high,ichi1
かんか,か,か,0,high,ichi1|news1|nf23
ちゆうせいし,ち,し,0,high,news1|nf20
いつぽうつうこう,い,う,0,high,news1|nf24
はつげんけん,は,ん,0,high,news1|nf20
つまずく,つ,く,0,high,ichi1
げんだいしやかい,げ,い,0,high,spec1
そのよう,そ,う,0,high,spec1
ちきゆうじよう,ち,う,0,high,news1|nf14
てあて,て,て,0,high,ichi1|news1|nf07
たじゆう,た,う,0,high,news1|nf17
らくごか,ら,か,0,high,news1|nf17
はつてん,は,ん,0,high,ichi1|news1|nf02
えろす,え,す,0,high,gai1
かきなおす,か,す,0,high,ichi1|news2|nf42
べいか,べ,か,0,high,ichi1|news1|nf08
ふろつぴい,ふ,い,0,high,gai1
いちりつ,い,つ,0,high,ichi1|news1|nf04|nf07
どきゆめんと,ど,と,0,high,gai1|ichi1
ぺこぺこ,ぺ,こ,0,high,ichi1
とりきめ,と,め,0,high,ichi1|news1|nf12
せいむじかん,せ,ん,0,high,news1|nf07
あんず,あ,ず,0,high,news1|nf24
しゆつじよう,し,う,0,high,ichi1|news1|nf02
さび,さ,び,0,high,ichi1|news2|nf46
しさ,し,さ,0,high,ichi1|news1|nf18
かみしばい,か,い,0,high,news1|nf21
きむち,き,ち,0,high,gai1
しよくもつ,し,つ,0,high,ichi1|news1|nf11
ひがた,ひ,た,0,high,news1|nf15
せいぶつがく,せ,く,0,high,news1|nf12
りやくす,り,す,0,high,ichi1
そしきてき,そ,き,0,high,news1|nf11
なきがお,な,お,0,high,ichi1
ぶろいらあ,ぶ,あ,0,high,gai1
はろういいん,は,ん,0,high,gai1
はさみ,は,み,0,high,ichi1
とうちよう,と,う,0,high,news1|nf13|nf16
ちようせんはんとう,ち,う,0,high,news1|nf04
がいよう,が,う,0,high,news1|nf11|nf22
にのつぎ,に,ぎ,0,high,news1|nf24
だいどうみやく,だ,く,0,high,news1|nf21
まつじつ,ま,つ,0,high,ichi1|news1|nf24
あたし,あ,し,0,high,spec1
よろこび,よ,び,0,high,ichi1|news1|nf04
いおん,い,ん,0,high,gai1
みせかけ,み,け,0,high,ichi1
まにあわせる,ま,る,0,high,ichi1|news1|nf20
ながそで,な,で,0,high,ichi1
たあん,た,ん,0,high,gai1
そつと,そ,と,0,high,ichi1
くりえいたあ,く,あ,0,high,spec1
けいじ,け,じ,0,high,ichi1|news1|nf04|nf13
じゆうてんてき,じ,き,0,high,news1|nf16
じえい,じ,い,0,high,ichi1|news1|nf07|nf13
あるばいと,あ,と,0,high,gai1|ichi1
しぼうりつ,し,つ,0,high,news1|nf12
きやくあし,き,し,0,high,news1|nf20
すぱむ,す,む,0,high,spec1
ごえい,ご,い,0,high,news1|nf13
どきよう,ど,う,0,high,news1|nf18
がいらいご,が,ご,0,high,ichi1|news2|nf25
ふんしゆつ,ふ,つ,0,high,news1|nf17
ことにする,こ,る,0,high,spec1
はぐるま,は,ま,0,high,ichi1|news1|nf18
つああ,つ,あ,0,high,gai1
ねだん,ね,ん,0,high,ichi1|news1|nf04
うんどう,う,う,0,high,ichi1|news1|nf01
しんでん,し,ん,0,high,news1|nf18|nf22
おろしうり,お,り,0,high,ichi1|news1|nf11
ひとりごと,ひ,と,0,high,ichi1|news2|nf32|spec1
ちんちやく,ち,く,0,high,news1|nf23
はしる,は,る,0,high,ichi1|news1|nf10
はしご,は,ご,0,high,ichi1
もうしこみ,も,み,0,high,ichi1|news1|nf04
いつもどおり,い,り,0,high,spec1
むちや,む,や,0,high,ichi1|news2|nf42
おとこのこ,お,こ,0,high,ichi1|news1|nf07
じだん,じ,ん,0,high,news1|nf23
たいど,た,ど,0,high,ichi1|news1|nf02
それにしても,そ,も,0,high,spec1
ふいふていいふいふていい,ふ,い,0,high,gai1
あにめえしよん,あ,ん,0,high,gai1
よびな,よ,な,0,high,ichi1|news1|nf23
かいはつぶ,か,ぶ,0,high,news1|nf18
あのね,あ,ね,0,high,ichi1
にこにこ,に,こ,0,high,ichi1|spec1
きじゆんほう,き,う,0,high,news1|nf23
ちやくち,ち,ち,0,high,news1|nf22
へんとう,へ,う,0,high,ichi1|news1|nf20
いうまでもない,い,い,0,high,news1|nf23
かいらく,か,く,0,high,ichi1|news1|nf24
らじかせ,ら,せ,0,high,gai1
ふるぎ,ふ,ぎ,0,high,news1|nf20
ぼうか,ぼ,か,0,high,ichi1|news1|nf17
かすたまあ,か,あ,0,high,spec1
つまらねえ,つ,え,0,high,ichi1
つぐない,つ,い,0,high,news1|nf14
えす,え,す,0,high,gai1
しゆつか,し,か,0,high,ichi1|news1|nf06|nf12
いきさかん,い,ん,0,high,news1|nf24
しいつ,し,つ,0,high,gai1|ichi1
けんぼう,け,う,0,high,ichi1|news1|nf01
じゆんかつゆ,じ,ゆ,0,high,news1|nf23
ほうきよう,ほ,う,0,high,spec1
ぜんしよう,ぜ,う,0,high,news1|nf09
ぜんいき,ぜ,き,0,high,news1|nf08
じゆうしよ,じ,よ,0,high,ichi1|news1|nf03
はんする,は,る,0,high,ichi1|news1|nf24
きようりよく,き,く,0,high,ichi1|news1|nf01|nf04
いつしよに,い,に,0,high,ichi1
ねあがり,ね,り,0,high,ichi1|news1|nf12
さいげつ,さ,つ,0,high,ichi1|news1|nf13
せんむ,せ,む,0,high,ichi1|news1|nf02
しぶつら,し,ら,0,high,ichi1
ひがみ,ひ,み,0,high,ichi1
なのだ,な,だ,0,high,spec1
しぶ,し,ぶ,0,high,news1|nf03|nf10
じたく,じ,く,0,high,ichi1|news1|nf01
くれい,く,い,0,high,gai1
くうぜん,く,ん,0,high,news1|nf13
さくぶん,さ,ん,0,high,ichi1|news1|nf09
こんぷれつさあ,こ,あ,0,high,gai1
かんまつ,か,つ,0,high,news1|nf19
ぐあてまら,ぐ,ら,0,high,gai1
みどりいろ,み,ろ,0,high,ichi1|news1|nf14
ちゆうさ,ち,さ,0,high,news1|nf23
むげん,む,ん,0,high,ichi1|news1|nf14
じやんくしよん,じ,ん,0,high,gai1
よそゆき,よ,き,0,high,ichi1
なかみ,な,み,0,high,ichi1|news1|nf04
しんみよう,し,う,0,high,news1|nf22
せろはんてえぷ,せ,ぷ,0,high,gai1
じゆうみんひよう,じ,う,0,high,news1|nf20
さんきよう,さ,う,0,high,ichi1|news1|nf22
へるす,へ,す,0,high,gai1
ひな,ひ,な,0,high,ichi1
すぷりんと,す,と,0,high,gai1
しぶや,し,や,0,high,spec1
かんぽうやく,か,く,0,high,ichi1|news1|nf18
こうしよ,こ,よ,0,high,news1|nf22
しゆたる,し,る,0,high,news1|nf21
のうきよう,の,う,0,high,ichi1|news1|nf04
へろいん,へ,ん,0,high,gai1
だいみよう,だ,う,0,high,news1|nf15
さえぎる,さ,る,0,high,ichi1|news2|nf37
どうふう,ど,う,0,high,ichi1|news2|nf25
じゆぎようさんかん,じ,ん,0,high,spec1
こんぱくと,こ,と,0,high,gai1
せいほうけい,せ,い,0,high,ichi1|news2|nf30
ありえない,あ,い,0,high,spec1
りようさん,り,ん,0,high,news1|nf16
ゆまり,ゆ,り,0,high,news1|nf13
はんね,は,ね,0,high,news1|nf21
しみゆれえたあ,し,あ,0,high,gai1
ありあ,あ,あ,0,high,gai1
さとご,さ,ご,0,high,news1|nf15
ふつとわあく,ふ,く,0,high,gai1
ぜんご,ぜ,ご,0,high,ichi1|news1|nf06
きんし,き,し,0,high,ichi1|news1|news2|nf02|nf38
にゆうじいらんど,に,ど,0,high,spec1
えれくとりつく,え,く,0,high,gai1
すずめ,す,め,0,high,ichi1|news1|nf10
げめん,げ,ん,0,high,ichi1|news2|nf38
あつみ,あ,み,0,high,news1|nf13
かいしやいん,か,ん,0,high,spec1
ろつくううる,ろ,る,0,high,gai1
きつちん,き,ん,0,high,gai1|ichi1
すかうと,す,と,0,high,gai1
きやくほん,き,ん,0,high,ichi1|news1|nf05
おんよみ,お,み,0,high,ichi1
おもわず,お,ず,0,high,ichi1|news1|nf02
ねんがん,ね,ん,0,high,ichi1|news1|nf10
かいどう,か,う,0,high,ichi1|news1|nf13|nf15|nf17
ねんいり,ね,り,0,high,ichi1|news2|nf28
しゆうぎいん,し,ん,0,high,ichi1|news1|nf10
いちだい,い,い,0,high,news1|nf14|nf18|spec1
ようふく,よ,く,0,high,ichi1|news1|nf11
はいでん,は,ん,0,high,news1|nf24
よごれ,よ,れ,0,high,ichi1|news1|nf09
そう,そ,う,0,high,ichi1|news1|news2|nf05|nf06|nf07|nf09|nf10|nf14|nf37|spec1
よびひ,よ,ひ,0,high,news1|nf23
ひきわたし,ひ,し,0,high,news1|nf10
そんがいほけん,そ,ん,0,high,news1|nf13
しようはい,し,い,0,high,ichi1|news1|nf10|nf23
しもはんき,し,き,0,high,news1|nf19
ねさげ,ね,げ,0,high,ichi1|news1|nf06
ほんとう,ほ,う,0,high,ichi1|news1|nf02|nf21
ほうけんしゆぎ,ほ,ぎ,0,high,ichi1
かるがる,か,る,0,high,news1|nf21
むそう,む,う,0,high,ichi1|news2|nf32
ふえみにすと,ふ,と,0,high,gai1
ぞうしよ,ぞ,よ,0,high,news1|nf17
だいがく,だ,く,0,high,ichi1|news1|nf01
いんすとらくたあ,い,あ,0,high,gai1
せぴあ,せ,あ,0,high,gai1
つきそい,つ,い,0,high,ichi1|news1|nf19
どつちも,ど,も,0,high,spec1
こんさるたんと,こ,と,0,high,gai1
てつきり,て,り,0,high,ichi1
じんそく,じ,く,0,high,news1|nf12
ごくろおさま,ご,ま,0,high,ichi1|news2|nf30|spec1
おせじ,お,じ,0,high,ichi1|news2|nf32
さでいすていつく,さ,く,0,high,gai1
かんご,か,ご,0,high,ichi1|news1|news2|nf05|nf37
じゆうにがつ,じ,つ,0,high,news1|nf01|spec1
したてる,し,る,0,high,ichi1|news2|nf46
がさがさ,が,さ,0,high,ichi1
むごん,む,ん,0,high,ichi1|news1|nf11
ぷれとりあ,ぷ,あ,0,high,gai1
ゆうちよぎんこう,ゆ,う,0,high,spec1
かんきようほご,か,ご,0,high,spec1
ふれつしゆ,ふ,ゆ,0,high,gai1
すらろおむ,す,む,0,high,gai1
こいする,こ,る,0,high,ichi1|news2|nf36
りあくしよん,り,ん,0,high,gai1
しゆしゆつ,し,つ,0,high,ichi1|news1|nf01
たんでん,た,ん,0,high,news1|nf24
ふあうる,ふ,る,0,high,gai1
ゆうもあ,ゆ,あ,0,high,gai1|ichi1
きゆうきゆういりよう,き,う,0,high,spec1
かいけつさく,か,く,0,high,spec1
くにゆうど,く,ど,0,high,news1|nf09
ぴくちやあ,ぴ,あ,0,high,gai1
すといつく,す,く,0,high,gai1
ろんしや,ろ,や,0,high,news1|nf10
おかえり,お,り,0,high,ichi1
せいかつひ,せ,ひ,0,high,spec1
おわりね,お,ね,0,high,news1|nf04
しんりがく,し,く,0,high,news1|nf11
きゆうゆじよ,き,よ,0,high,ichi1
ちようふ,ち,ふ,0,high,spec1
ききん,き,ん,0,high,ichi1|news1|news2|nf02|nf24|nf31
しかた,し,た,0,high,ichi1|news1|nf04
ほしぞら,ほ,ら,0,high,news1|nf22
いたるところ,い,ろ,0,high,ichi1|news2|nf31
あらす,あ,す,0,high,ichi1|news1|nf22
ふおおめえしよん,ふ,ん,0,high,gai1
へんきやく,へ,く,0,high,ichi1|news2|nf25
せいとうせいじ,せ,じ,0,high,news1|nf20
けんおかん,け,ん,0,high,spec1
いつまでも,い,も,0,high,ichi1
つうこうどめ,つ,め,0,high,ichi1|news1|nf17
びいふ,び,ふ,0,high,gai1
どうも,ど,も,0,high,ichi1
てがる,て,る,0,high,ichi1|news1|nf09
いけめん,い,ん,0,high,spec1
ぜんど,ぜ,ど,0,high,news1|nf08
えいが,え,が,0,high,ichi1|news1|nf01
ぶれすれつと,ぶ,と,0,high,gai1
ようしゆ,よ,ゆ,0,high,ichi1|news1|nf22
ものらる,も,る,0,high,gai1
こんぼん,こ,ん,0,high,ichi1|news1|nf06
しせき,し,き,0,high,news1|nf19
どおむ,ど,む,0,high,gai1
しつしん,し,ん,0,high,news2|nf45|spec1
こうはく,こ,く,0,high,ichi1|news1|nf12
こくはつ,こ,つ,0,high,news1|nf06
こんとろおる,こ,る,0,high,gai1
みき,み,き,0,high,ichi1|news1|nf07
ゆうせい,ゆ,い,0,high,ichi1|news1|nf05|nf11
そんなに,そ,に,0,high,spec1
へつだあ,へ,あ,0,high,gai1
すとりつぱあ,す,あ,0,high,gai1
がつかり,が,り,0,high,ichi1|spec1
くんしゆ,く,ゆ,0,high,news1|nf18
ろうどうしや,ろ,や,0,high,ichi1|news1|nf02
みつか,み,か,0,high,ichi1|spec1
とくしつ,と,つ,0,high,ichi1|news1|nf18|nf22
はいる,は,る,0,high,ichi1|news2|nf25
まつさなか,ま,か,0,high,ichi1|news1|nf19
そこじから,そ,ら,0,high,news1|nf20
だいいち,だ,ち,0,high,ichi1
みわく,み,く,0,high,ichi1|news2|nf35
きそう,き,う,0,high,ichi1|news1|news2|nf14|nf21|nf35
よびかける,よ,る,0,high,ichi1|news1|nf16|spec1
はいざら,は,ら,0,high,ichi1|news1|nf21
じゆうしちにち,じ,ち,0,high,spec1
ぜんぶん,ぜ,ん,0,high,news1|nf12|nf14
わしんとん,わ,ん,0,high,gai1
こうねつ,こ,つ,0,high,ichi1|news1|nf20
そうし,そ,し,0,high,ichi1|news1|nf13|nf20
ちゆうどく,ち,く,0,high,ichi1|news1|nf11
わふく,わ,く,0,high,ichi1|news1|nf18
まつちぷれえ,ま,え,0,high,gai1
やもめ,や,め,0,high,ichi1|news2|nf44
きようつうご,き,ご,0,high,ichi1|news2|nf30
りねん,り,ん,0,high,ichi1|news1|nf03
とうはつ,と,つ,0,high,news1|nf23
ぴつと,ぴ,と,0,high,gai1
だむ,だ,む,0,high,gai1|ichi1
ひつちやく,ひ,く,0,high,ichi1|news1|nf12
きかいか,き,か,0,high,news1|nf22
てれる,て,る,0,high,ichi1
しゆつえん,し,ん,0,high,ichi1|news1|nf03
せいひ,せ,ひ,0,high,news1|nf10
ぶれえん,ぶ,ん,0,high,gai1
あんぜんほしよう,あ,う,0,high,news1|nf02
わいるど,わ,ど,0,high,gai1
いまや,い,や,0,high,news1|nf06
けぶたい,け,い,0,high,ichi1
やんきい,や,い,0,high,gai1
たびに,た,に,0,high,spec1
こうえき,こ,き,0,high,news1|nf12|nf17
ひので,ひ,で,0,high,ichi1|news1|nf18
りじ,り,じ,0,high,ichi1|news1|nf01
すくう,す,う,0,high,ichi1|news1|nf15
のがれる,の,る,0,high,ichi1|news1|nf22
ざるをえない,ざ,い,0,high,spec1
くち,く,ち,0,high,ichi1|news1|nf02
ひがい,ひ,い,0,high,ichi1|news1|nf02
ひじゆう,ひ,う,0,high,news1|nf11
まんすりい,ま,い,0,high,gai1
かつじ,か,じ,0,high,ichi1|news1|nf10
かいいれ,か,れ,0,high,news1|nf18
がれえじ,が,じ,0,high,gai1|ichi1
ちじまる,ち,る,0,high,ichi1|news2|nf46
ちようれい,ち,い,0,high,ichi1|news2|nf32
しよききよく,し,く,0,high,news1|nf13
しんぼく,し,く,0,high,ichi1
こちこち,こ,ち,0,high,ichi1
があどれえる,が,る,0,high,gai1
かいすい,か,い,0,high,ichi1|news1|nf10
ちる,ち,る,0,high,ichi1|news2|nf27
なんばあわん,な,ん,0,high,gai1
ちやあと,ち,と,0,high,gai1
けむり,け,り,0,high,ichi1|news1|nf07
むせん,む,ん,0,high,ichi1|news1|nf06
そんな,そ,な,0,high,ichi1
みんしゆこく,み,く,0,high,news1|nf24
ふつかつ,ふ,つ,0,high,ichi1|news1|nf04
かんげき,か,き,0,high,ichi1|news1|nf12|nf24
あゆ,あ,ゆ,0,high,news2|nf37|spec1
だいさ,だ,さ,0,high,news1|nf17
へつどほん,へ,ん,0,high,gai1
ろつかあ,ろ,あ,0,high,gai1|ichi1
りこおだあ,り,あ,0,high,gai1
きよえいしん,き,ん,0,high,ichi1
そびえと,そ,と,0,high,gai1
もちあげる,も,る,0,high,news2|nf30|spec1
がり,が,り,0,high,news1|nf15
ばとんたつち,ば,ち,0,high,gai1
かいじよ,か,よ,0,high,ichi1|news1|nf03|nf18
ひきさく,ひ,く,0,high,ichi1
ぶぎよう,ぶ,う,0,high,news1|nf20
ふくけん,ふ,ん,0,high,news1|nf09
むがい,む,い,0,high,ichi1|news2|nf30
しゆうろう,し,う,0,high,news1|nf09
かわし,か,し,0,high,ichi1|news1|nf03
ちようじゆう,ち,う,0,high,news1|nf19
ほん,ほ,ん,0,high,ichi1
さか,さ,か,0,high,ichi1|news1|nf09
じじよ,じ,よ,0,high,ichi1|news1|nf12
きろわつと,き,と,0,high,gai1
ぶんれつ,ぶ,つ,0,high,ichi1|news1|nf04
きよくせん,き,ん,0,high,ichi1|news1|nf19
しなめ,し,め,0,high,news1|nf08
どりいむ,ど,む,0,high,gai1
わけがない,わ,い,0,high,spec1
えつと,え,と,0,high,spec1
こな,こ,な,0,high,ichi1|news1|nf13
はつしや,は,や,0,high,ichi1|news1|news2|nf08|nf25
さうんど,さ,ど,0,high,gai1
さむさ,さ,さ,0,high,ichi1|news1|nf10
かだん,か,ん,0,high,ichi1|news2|nf26
けいれき,け,き,0,high,ichi1|news1|nf09
かるちやあしよつく,か,く,0,high,gai1
せきはん,せ,ん,0,high,ichi1|news2|nf33
せしゆう,せ,う,0,high,news1|nf20
ふりいたあ,ふ,あ,0,high,gai1
やく,や,く,0,high,ichi1|news1|news2|nf04|nf14|nf34
みせいねんしや,み,や,0,high,spec1
えきでん,え,ん,0,high,news1|nf10
ないかくほうせいきよく,な,く,0,high,news1|nf14
いんでいぺんでんと,い,と,0,high,gai1
はつちようせん,は,ん,0,high,spec1
れいぞう,れ,う,0,high,ichi1|news2|nf30
なずらえる,な,る,0,high,ichi1
みみざわり,み,り,0,high,ichi1|news2|nf43
だんねん,だ,ん,0,high,ichi1|news1|nf09
るうず,る,ず,0,high,gai1
ことによる,こ,る,0,high,ichi1
うでる,う,る,0,high,ichi1
ぼうきよ,ぼ,よ,0,high,news1|nf20
てんぺら,て,ら,0,high,gai1
けいべつ,け,つ,0,high,ichi1|news2|nf45
せんせえしよなる,せ,る,0,high,gai1
がい,が,い,0,high,gai1|ichi1|news1|nf17|spec1
ひとむかし,ひ,し,0,high,ichi1|news2|nf25
へいせい,へ,い,0,high,ichi1|news1|nf05|nf23
のうそん,の,ん,0,high,ichi1|news1|nf04
にくせい,に,い,0,high,news1|nf22
しぶる,し,る,0,high,ichi1|news2|nf43
もうまく,も,く,0,high,news1|nf20
しんちゆう,し,う,0,high,ichi1
ぶんべつ,ぶ,つ,0,high,ichi1|news1|nf15
かんれん,か,ん,0,high,ichi1|news1|nf01
こつずい,こ,い,0,high,news1|nf06
としぶ,と,ぶ,0,high,spec1
しつそく,し,く,0,high,news1|nf22
かんきゆう,か,う,0,high,news1|nf15
しせいかつ,し,つ,0,high,news1|nf17
ほんいんぼう,ほ,う,0,high,news1|nf06
まき,ま,き,0,high,news1|nf20|nf21
しよくえん,し,ん,0,high,news1|nf19
かおをだす,か,す,0,high,spec1
みつちやく,み,く,0,high,news1|nf17
せくたあ,せ,あ,0,high,gai1
えあこん,え,ん,0,high,gai1|ichi1
くちぶり,く,り,0,high,news1|nf18
きやんぷいん,き,ん,0,high,gai1
かいしやく,か,く,0,high,ichi1|news1|nf05
こうたいし,こ,し,0,high,news1|nf04
ながさき,な,き,0,high,spec1
まんざい,ま,い,0,high,news1|nf18
かおだち,か,ち,0,high,ichi1|news2|nf30
きつくおふ,き,ふ,0,high,gai1
ゆうげん,ゆ,ん,0,high,ichi1|news1|nf21
いりこむ,い,む,0,high,news1|nf20
しようちゆう,し,う,0,high,ichi1|news2|nf29
ぐう,ぐ,う,0,high,gai1|spec1
かすむ,か,む,0,high,ichi1
ぼくし,ぼ,し,0,high,news1|nf13
きゆうだん,き,ん,0,high,news1|nf04
にげみち,に,ち,0,high,ichi1|news2|nf35
ろうふ,ろ,ふ,0,high,news1|nf23
めえた,め,た,0,high,gai1
かいきん,か,ん,0,high,news1|nf08
うらめん,う,ん,0,high,news1|nf19
ますこつと,ま,と,0,high,gai1
しよえん,し,ん,0,high,news1|nf10
りれき,り,き,0,high,ichi1|news2|nf40
しゆうたいせい,し,い,0,high,news1|nf18
すくりいん,す,ん,0,high,gai1
ごれんらく,ご,く,0,high,spec1
かつかん,か,ん,0,high,ichi1|news1|nf11
くたびれる,く,る,0,high,ichi1
ごぜんちゆう,ご,う,0,high,spec1
ついている,つ,る,0,high,spec1
ふらいきゆう,ふ,う,0,high,spec1
ぺらぺら,ぺ,ら,0,high,ichi1
しめつぽい,し,い,0,high,ichi1|news2|nf26
さかて,さ,て,0,high,news1|nf19
こくえい,こ,い,0,high,ichi1|news1|nf03
ざいじゆう,ざ,う,0,high,news1|nf04
へくと,へ,と,0,high,gai1
うおおるがい,う,い,0,high,spec1
えぐぜくていぶ,え,ぶ,0,high,gai1
さがしもの,さ,の,0,high,spec1
なえ,な,え,0,high,ichi1|news1|nf09
しゆんぶん,し,ん,0,high,ichi1|news2|nf36
えちけつと,え,と,0,high,gai1|ichi1
ぼお,ぼ,お,0,high,gai1
こうがくねん,こ,ん,0,high,news1|nf19
むつつり,む,り,0,high,ichi1
けんけつ,け,つ,0,high,ichi1|news1|nf16
げんぶつ,げ,つ,0,high,news1|nf11
あんちやん,あ,ん,0,high,news1|nf24
りくえすと,り,と,0,high,gai1|ichi1
いつきに,い,に,0,high,ichi1
えんぶん,え,ん,0,high,ichi1|news1|nf15
おうじよ,お,よ,0,high,ichi1|news1|nf20
せいぎよ,せ,よ,0,high,ichi1|news1|nf09
ながや,な,や,0,high,news1|nf23
だんげん,だ,ん,0,high,news1|nf10
かたまる,か,る,0,high,ichi1|news2|nf40
しよくれき,し,き,0,high,ichi1
むすびつく,む,く,0,high,news1|nf23
しよくたく,し,く,0,high,ichi1|news1|nf10|nf16
ぞうげん,ぞ,ん,0,high,ichi1|news1|nf17
とるこ,と,こ,0,high,gai1
いぶん,い,ん,0,high,news1|nf16
ひようろんか,ひ,か,0,high,news1|nf04
ついせき,つ,き,0,high,ichi1|news1|nf12
おねえさん,お,ん,0,high,ichi1
おりもの,お,の,0,high,ichi1|news1|nf18
いぞく,い,く,0,high,news1|nf03
つずり,つ,り,0,high,ichi1|news1|nf23
しゆじく,し,く,0,high,news1|nf12
しゆび,し,び,0,high,ichi1|news1|nf04
たいま,た,ま,0,high,news1|nf10
こうえい,こ,い,0,high,ichi1|news1|nf12|nf14
げんりよう,げ,う,0,high,ichi1|news1|nf07|nf12
はずれる,は,る,0,high,ichi1|news1|nf24
ほうがい,ほ,い,0,high,ichi1|news2|nf30
おうさま,お,ま,0,high,ichi1|news1|nf15
わたしたち,わ,ち,0,high,ichi1|news2|nf39|spec1
ようし,よ,し,0,high,ichi1|news1|nf05|nf07|nf11|nf14|nf24
だいほん,だ,ん,0,high,news1|nf11
にさんかたんそ,に,そ,0,high,spec1
けんじゆう,け,う,0,high,news2|nf37|spec1
まで,ま,で,0,high,news2|nf46|spec1
ざいべい,ざ,い,0,high,news1|nf18
くらくしよん,く,ん,0,high,gai1
せいいく,せ,く,0,high,news1|nf17
たんじゆん,た,ん,0,high,ichi1|news1|nf04
すいき,す,き,0,high,news1|nf23
しゆつがん,し,ん,0,high,ichi1|news1|nf13
うる,う,る,0,high,ichi1|news1|news2|nf08|nf25
かんじとる,か,る,0,high,news1|nf20
かんりしや,か,や,0,high,spec1
きよくりよく,き,く,0,high,news1|nf22
ほおみんぐ,ほ,ぐ,0,high,gai1
けいと,け,と,0,high,ichi1|news2|nf26
ぷろだくと,ぷ,と,0,high,gai1
じぷしい,じ,い,0,high,gai1
ちゆうこ,ち,こ,0,high,ichi1|news1|nf11
よろず,よ,ず,0,high,ichi1
せいせん,せ,ん,0,high,news1|nf15|nf16
はたじるし,は,し,0,high,news1|nf14
けんぜん,け,ん,0,high,ichi1|news1|nf06
しんげん,し,ん,0,high,news1|nf06
ほがらか,ほ,か,0,high,ichi1
すきんけあ,す,あ,0,high,gai1
へんこう,へ,う,0,high,ichi1|news1|nf03
ひようご,ひ,ご,0,high,ichi1|news1|nf20
につかあず,に,ず,0,high,gai1
ぷれいぼおい,ぷ,い,0,high,gai1
びみよお,び,お,0,high,ichi1|news1|nf03
かいげんれい,か,い,0,high,news1|nf24
てえま,て,ま,0,high,gai1|ichi1
しよとくぜい,し,い,0,high,news1|nf03
かぜい,か,い,0,high,ichi1|news1|nf03
おりごまあ,お,あ,0,high,gai1
やくば,や,ば,0,high,ichi1|news1|nf16
ちじ,ち,じ,0,high,ichi1|news1|nf01
まけこし,ま,し,0,high,news1|nf24
だいしんさい,だ,い,0,high,news1|nf15
ほんねん,ほ,ん,0,high,ichi1|news1|nf20
くちぐせ,く,せ,0,high,ichi1|news1|nf20
にゆうふえいす,に,す,0,high,gai1
ひだり,ひ,り,0,high,ichi1|news1|nf01
ちえるのぶいり,ち,り,0,high,gai1
ぷれえやあ,ぷ,あ,0,high,gai1
ぷらいど,ぷ,ど,0,high,gai1|ichi1
てんもん,て,ん,0,high,news1|nf15
めつぼう,め,う,0,high,ichi1|news2|nf26
おどろくほど,お,ど,0,high,spec1
でみ,で,み,0,high,gai1
ふねんぶつ,ふ,つ,0,high,ichi1
きようそうきよく,き,く,0,high,news1|nf11
しんずい,し,い,0,high,ichi1|news2|nf25
だいぜんてい,だ,い,0,high,ichi1|news1|nf17
ぎじゆつてき,ぎ,き,0,high,news1|nf08
こしよう,こ,う,0,high,ichi1|news1|nf05|nf16|nf20|spec1
きりかえ,き,え,0,high,news1|nf11
まつ,ま,つ,0,high,ichi1|news1|nf04|nf18
れえる,れ,る,0,high,gai1
ざい,ざ,い,0,high,news1|nf13
けいようし,け,し,0,high,ichi1|news2|nf28
ふあくしみり,ふ,り,0,high,gai1
ろけつと,ろ,と,0,high,gai1|ichi1
どせき,ど,き,0,high,news1|nf13
やくそく,や,く,0,high,ichi1|news1|nf05
しようじき,し,き,0,high,ichi1|news1|nf07
みだれ,み,れ,0,high,news1|nf09
つまようじ,つ,じ,0,high,ichi1
みしがん,み,ん,0,high,gai1
つぶ,つ,ぶ,0,high,ichi1|news1|nf10
しかいしや,し,や,0,high,news1|nf18
ぶらぼお,ぶ,お,0,high,gai1
しんごう,し,う,0,high,ichi1|news1|nf06
ゆつくり,ゆ,り,0,high,ichi1
ゆうご,ゆ,ご,0,high,gai1
てもち,て,ち,0,high,news1|nf14
ゆるめる,ゆ,る,0,high,ichi1
ぼおど,ぼ,ど,0,high,gai1
ろいやる,ろ,る,0,high,gai1
そし,そ,し,0,high,news1|nf07|nf17
たつち,た,ち,0,high,gai1|ichi1
さんぷ,さ,ぷ,0,high,news1|nf16
おろしうりしじよう,お,う,0,high,news1|nf22
てんぽらりい,て,い,0,high,gai1
どうそう,ど,う,0,high,news1|nf22
せつする,せ,る,0,high,ichi1|news1|nf10
はいぎよう,は,う,0,high,news1|nf22
へいほうきろめえとる,へ,る,0,high,news1|nf24
かりすま,か,ま,0,high,gai1
みつ,み,つ,0,high,ichi1|news1|nf03|nf24
げいりぶ,げ,ぶ,0,high,gai1
かたずく,か,く,0,high,ichi1|news2|nf44
なつとく,な,く,0,high,ichi1|news1|nf09
ちやく,ち,く,0,high,ichi1|news1|nf07|nf12
せんたくき,せ,き,0,high,ichi1|news1|nf13
てんいん,て,ん,0,high,ichi1|news1|nf07
まあ,ま,あ,0,high,ichi1|spec1
もじ,も,じ,0,high,ichi1|news1|nf03
さんかしや,さ,や,0,high,news1|nf03
ななじゆう,な,う,0,high,news1|nf03|spec1
ふたいてん,ふ,ん,0,high,news1|nf17
けえさつ,け,つ,0,high,ichi1|news1|nf01
でんわ,で,わ,0,high,ichi1|news1|nf01
だいかいてん,だ,ん,0,high,news1|nf14
くりつぷ,く,ぷ,0,high,gai1
おしいる,お,る,0,high,news1|nf16
たまる,た,る,0,high,ichi1
じようりゆう,じ,う,0,high,ichi1|news1|nf11
くつせつ,く,つ,0,high,ichi1|news2|nf33
ほんだな,ほ,な,0,high,ichi1|news1|news2|nf05|nf27
はえる,は,る,0,high,ichi1|ichi2
じようはんしん,じ,ん,0,high,ichi1|news1|nf17
せんたりんぐ,せ,ぐ,0,high,gai1
もどす,も,す,0,high,ichi1|news1|nf23
はあどとつぷ,は,ぷ,0,high,gai1
ちよつぴり,ち,り,0,high,ichi1
まつぷたつ,ま,つ,0,high,news1|nf21
えいようしつちよう,え,う,0,high,news1|nf19
つなわたり,つ,り,0,high,ichi1|news1|nf21
らんきんぐ,ら,ぐ,0,high,gai1
ぎようしゆ,ぎ,ゆ,0,high,news1|nf06
いかが,い,が,0,high,spec1
あかじ,あ,じ,0,high,ichi1|news1|nf02
こおひい,こ,い,0,high,gai1|ichi1
しわ,し,わ,0,high,ichi1|news2|nf47
とけい,と,い,0,high,ichi1|news1|nf07
かくめい,か,い,0,high,ichi1|news1|nf02
かるしうむ,か,む,0,high,gai1
きゆうしゆつ,き,つ,0,high,news1|nf10
じえのさいど,じ,ど,0,high,gai1
ぶるぞん,ぶ,ん,0,high,gai1
もおつあると,も,と,0,high,gai1
びいちさんだる,び,る,0,high,spec1
かくじゆう,か,う,0,high,news1|nf08
このなか,こ,か,0,high,spec1
まほう,ま,う,0,high,ichi1|news1|nf20
らいふる,ら,る,0,high,gai1
ひるごはん,ひ,ん,0,high,spec1
にて,に,て,0,high,spec1
せおりい,せ,い,0,high,gai1
のき,の,き,0,high,ichi1|news1|nf17
ふうりよく,ふ,く,0,high,ichi1|news1|nf21
れんさく,れ,く,0,high,news1|nf21
いらつしやいませ,い,せ,0,high,ichi1
おやぶん,お,ん,0,high,news1|nf19
こんなに,こ,に,0,high,ichi1
やすみ,や,み,0,high,ichi1|news1|nf05
ねんない,ね,い,0,high,news1|nf03
さめ,さ,め,0,high,news2|nf38|spec1
いぬ,い,ぬ,0,high,ichi1|news1|nf03|spec1
つぽい,つ,い,0,high,spec1
でいれくとり,で,り,0,high,gai1
ええじえんしい,え,い,0,high,gai1
すとらいかあ,す,あ,0,high,gai1
にゆうかい,に,い,0,high,spec1
しいれる,し,る,0,high,ichi1|news2|nf28
うまる,う,る,0,high,ichi1|news2|nf28
もうしあわせ,も,せ,0,high,news1|nf15
じゆういちにち,じ,ち,0,high,spec1
ひがしがた,ひ,た,0,high,news1|nf12
おも,お,も,0,high,ichi1
そのた,そ,た,0,high,ichi1|spec1
ねばり,ね,り,0,high,ichi1|news1|nf09
ふせぐ,ふ,ぐ,0,high,ichi1|news2|nf25
あう,あ,う,0,high,ichi1|news1|news2|nf08|nf26|nf34
はいけい,は,い,0,high,ichi1|news1|news2|nf01|nf41
ぼうふう,ぼ,う,0,high,news1|nf17
しやくじん,し,ん,0,high,news1|nf14
しんちく,し,く,0,high,ichi1|news1|nf10
せいする,せ,る,0,high,news1|nf13
もんどう,も,う,0,high,ichi1|news1|nf20
きねんび,き,び,0,high,ichi1|news1|nf07
てえぶる,て,る,0,high,gai1|ichi1
とりしまりやく,と,く,0,high,ichi1|news1|nf03
げきど,げ,ど,0,high,news1|nf23
めいじん,め,ん,0,high,ichi1|news1|nf04
しよひよう,し,う,0,high,news1|nf09
じかい,じ,い,0,high,ichi1|news1|nf06
たはたけ,た,け,0,high,ichi1|news1|nf16
かいきよう,か,う,0,high,ichi1|news1|nf09
ごおすと,ご,と,0,high,gai1
すぱあと,す,と,0,high,gai1
ちいさな,ち,な,0,high,spec1
かとう,か,う,0,high,ichi1|news1|nf18
なる,な,る,0,high,ichi1|news1|news2|nf07|nf34|nf41
すう,す,う,0,high,ichi1|news2|nf34
はて,は,て,0,high,news1|nf15
らんだむ,ら,む,0,high,gai1
すろおぷ,す,ぷ,0,high,gai1
おやすみ,お,み,0,high,ichi1
さくじよ,さ,よ,0,high,ichi1|news1|nf16
さつきよくか,さ,か,0,high,spec1
ぺえじ,ぺ,じ,0,high,gai1|ichi1
どこまでも,ど,も,0,high,spec1
ばつくぐらうんど,ば,ど,0,high,gai1
げんだい,げ,い,0,high,ichi1|news1|nf02
ちしつ,ち,つ,0,high,ichi1|news1|nf17
でにむ,で,む,0,high,gai1
でいり,で,り,0,high,ichi1|news1|nf13
まきこむ,ま,む,0,high,ichi1|news1|nf07
しいくれつとさあびす,し,す,0,high,gai1
せいやく,せ,く,0,high,ichi1|news1|nf07|nf10|nf22|nf24
こんてすと,こ,と,0,high,gai1|ichi1
かいいん,か,ん,0,high,ichi1|news1|nf01
おいうち,お,ち,0,high,news1|nf16
おちる,お,る,0,high,ichi1|news1|nf10
じでん,じ,ん,0,high,news1|nf14
すかいらいん,す,ん,0,high,gai1
えがお,え,お,0,high,ichi1|news1|nf04
ぎほう,ぎ,う,0,high,news1|nf12
めいもん,め,ん,0,high,ichi1|news1|nf09
ちえんじ,ち,じ,0,high,gai1|ichi1
かいぞう,か,う,0,high,ichi1|news1|nf04
そうたい,そ,い,0,high,ichi1|news1|news2|nf13|nf43|spec1
げりら,げ,ら,0,high,gai1
かいじようほあんちよう,か,う,0,high,news1|nf14
ここの,こ,の,0,high,ichi1|news1|nf01
たてがき,た,き,0,high,ichi1|news2|nf30
ほごしや,ほ,や,0,high,ichi1|news1|nf10
ようろういん,よ,ん,0,high,ichi1
おんしつ,お,つ,0,high,ichi1|news1|nf13|nf17
ぎゆうにゆう,ぎ,う,0,high,ichi1|news1|nf08
けんびきよう,け,う,0,high,ichi1|news1|nf19
ぱらりんぴつく,ぱ,く,0,high,gai1
きつず,き,ず,0,high,spec1
いいかげんにしろ,い,ろ,0,high,spec1
れんぐす,れ,す,0,high,gai1
かき,か,き,0,high,ichi1|news1|news2|nf12|nf13|nf16|nf17|nf32|spec1
もちろん,も,ん,0,high,ichi1
ろおかる,ろ,る,0,high,gai1
さいか,さ,か,0,high,news1|nf18
せえらあふく,せ,く,0,high,spec1
じやないか,じ,か,0,high,spec1
こがい,こ,い,0,high,news1|nf21
なさる,な,る,0,high,ichi1
じやんぱあ,じ,あ,0,high,gai1
だいかんげい,だ,い,0,high,spec1
ごちそうさま,ご,ま,0,high,ichi1|spec1
みれん,み,ん,0,high,ichi1|news1|nf23
しやくめい,し,い,0,high,news1|nf13
けいざいせいちようりつ,け,つ,0,high,news1|nf12
いそいそ,い,そ,0,high,ichi1
のみみず,の,ず,0,high,ichi1|news1|nf24
じようそう,じ,う,0,high,news1|nf17
けつえきがた,け,た,0,high,news1|nf17
うつびよう,う,う,0,high,spec1
げらく,げ,く,0,high,news1|nf05
ちし,ち,し,0,high,news1|nf21
しようゆ,し,ゆ,0,high,ichi1|news2|nf31
ぴりぴり,ぴ,り,0,high,ichi1
せかいじゆう,せ,う,0,high,spec1
あかしんごう,あ,う,0,high,news1|nf18
こうか,こ,か,0,high,ichi1|news1|news2|nf01|nf11|nf17|nf21|nf22|nf28
けいざいてき,け,き,0,high,ichi1|news1|nf04
きえる,き,る,0,high,ichi1|news2|nf39
いとてき,い,き,0,high,news1|nf14
おなら,お,ら,0,high,ichi1
うたあわせ,う,せ,0,high,news1|nf21
わさび,わ,び,0,high,ichi1
きんじる,き,る,0,high,ichi1|news1|nf18
にゆうようじ,に,じ,0,high,news1|nf15
ふじよう,ふ,う,0,high,news1|nf14
まいく,ま,く,0,high,gai1|ichi1
かむ,か,む,0,high,gai1|ichi1|spec1
とりくろろえちれん,と,ん,0,high,gai1
おもいつき,お,き,0,high,ichi1|spec1
にほんしゆ,に,ゆ,0,high,ichi1|news1|nf11
はんえい,は,い,0,high,ichi1|news1|nf06|nf13
かんだい,か,い,0,high,ichi1|news1|nf22
いぶつ,い,つ,0,high,news1|nf18|nf21
きようげん,き,ん,0,high,news1|nf08
よごれる,よ,る,0,high,ichi1|news2|nf27
あやまつて,あ,て,0,high,news1|nf07
える,え,る,0,high,ichi1|news2|nf35
しやけ,し,け,0,high,news2|nf32|spec1
りゆうは,り,は,0,high,news1|nf21
そうほう,そ,う,0,high,news1|nf02
べるぎい,べ,い,0,high,spec1
ふんぱつ,ふ,つ,0,high,ichi1
しちしちにち,し,ち,0,high,news1|nf08
おおすじ,お,じ,0,high,news1|nf09
こおなりんぐ,こ,ぐ,0,high,gai1
ていえん,て,ん,0,high,ichi1|news1|nf12
じらい,じ,い,0,high,news1|nf08
しよほうせん,し,ん,0,high,news2|nf39|spec1
きじ,き,じ,0,high,ichi1|news1|nf01|nf12
のつとる,の,る,0,high,ichi1|news2|nf30
えんき,え,き,0,high,ichi1|news1|nf06|nf23
てくにしやん,て,ん,0,high,gai1
いえ,い,え,0,high,ichi1
ろうにん,ろ,ん,0,high,ichi1|news1|nf15
ひよつとして,ひ,て,0,high,spec1
ちつそ,ち,そ,0,high,news1|nf10
かいふく,か,く,0,high,ichi1|news1|nf01
つなぐ,つ,ぐ,0,high,ichi1
せいしよう,せ,う,0,high,news1|nf23
こくいつこく,こ,く,0,high,ichi1|news2|nf41
すてれおたいぷ,す,ぷ,0,high,gai1
ごかい,ご,い,0,high,ichi1|news1|nf07
つばめ,つ,め,0,high,ichi1|news1|nf21|spec1
ゆいごん,ゆ,ん,0,high,ichi1|news1|nf15
につかん,に,ん,0,high,ichi1|news1|nf04|nf14
あくせい,あ,い,0,high,news1|nf21
まつきんとつしゆ,ま,ゆ,0,high,gai1
ふりゆう,ふ,う,0,high,ichi1|news2|nf41
りんしつ,り,つ,0,high,news1|nf24
せんたくもん,せ,ん,0,high,spec1
はんにん,は,ん,0,high,ichi1|news1|nf05
うわずみ,う,み,0,high,news1|nf13
ばか,ば,か,0,high,ichi1|news2|nf45|spec1
ぐろ,ぐ,ろ,0,high,gai1
ふにんき,ふ,き,0,high,news1|nf21
ていさつ,て,つ,0,high,ichi1|news1|nf12
どんか,ど,か,0,high,news1|nf16
ねくたい,ね,い,0,high,gai1|ichi1
ほつく,ほ,く,0,high,gai1
ゆにつと,ゆ,と,0,high,gai1
はいれぐ,は,ぐ,0,high,gai1
おりえんてえりんぐ,お,ぐ,0,high,gai1
こいん,こ,ん,0,high,gai1|ichi1
しけんてき,し,き,0,high,news1|nf18
おやばか,お,か,0,high,spec1
じゆきゆう,じ,う,0,high,news1|nf07|nf12
じぜん,じ,ん,0,high,ichi1|news1|nf03|nf23
きつする,き,る,0,high,news1|nf18
まねじやあ,ま,あ,0,high,gai1
ぴらにあ,ぴ,あ,0,high,gai1
ちゆうけい,ち,い,0,high,ichi1|news1|nf05
ひらき,ひ,き,0,high,news1|nf08
だいよう,だ,う,0,high,ichi1|news1|nf20
あいのり,あ,り,0,high,news1|nf10
あじあじん,あ,ん,0,high,spec1
くぶん,く,ん,0,high,ichi1|news1|nf12
ひつちはいく,ひ,く,0,high,gai1
ごさ,ご,さ,0,high,ichi1|news1|nf21
せんか,せ,か,0,high,news1|nf10
えいよ,え,よ,0,high,news1|nf15
ちようさ,ち,さ,0,high,ichi1|news1|nf01
わかり,わ,り,0,high,news1|nf09
とめどなく,と,く,0,high,ichi1
おかあさん,お,ん,0,high,ichi1|news1|nf05
かくてい,か,い,0,high,ichi1|news1|nf05
はた,は,た,0,high,ichi1|news1|nf04|nf18|spec1
こめぐら,こ,ら,0,high,news1|nf23
ほうこうおんち,ほ,ち,0,high,spec1
しよくせいかつ,し,つ,0,high,news1|nf09
かいりゆう,か,う,0,high,ichi1|news2|nf28
ひとまず,ひ,ず,0,high,ichi1
なま,な,ま,0,high,ichi1
はちがつ,は,つ,0,high,news1|nf01|spec1
こうぎ,こ,ぎ,0,high,ichi1|news1|nf04|nf08
しぶい,し,い,0,high,ichi1|news2|nf42
きやくま,き,ま,0,high,ichi1
ぎしよう,ぎ,う,0,high,news1|nf20
きようばい,き,い,0,high,news1|nf13
げんそう,げ,う,0,high,ichi1|news1|nf09
きわまる,き,る,0,high,ichi1|news2|nf45
もんぶかがくしよう,も,う,0,high,spec1
かわす,か,す,0,high,ichi1|news1|nf14
いよいよ,い,よ,0,high,ichi1
かきとめ,か,め,0,high,ichi1|news1|nf14
うでじから,う,ら,0,high,ichi1|news2|nf25
ちゆうごく,ち,く,0,high,news1|nf01
ぎようしや,ぎ,や,0,high,ichi1|news1|nf01
ぎねん,ぎ,ん,0,high,news1|nf12
きゆうせいちよう,き,う,0,high,news1|nf16
うんぱん,う,ん,0,high,ichi1|news1|nf11
こだい,こ,い,0,high,ichi1|news1|nf06
ばいあすろん,ば,ん,0,high,gai1
そつこうじよ,そ,よ,0,high,news1|nf20
さくてい,さ,い,0,high,news1|nf04
めくる,め,る,0,high,ichi1
にほん,に,ん,0,high,news2|nf25|spec1
ししよばこ,し,こ,0,high,news1|nf19
まくろ,ま,ろ,0,high,gai1|ichi1
じゆんれい,じ,い,0,high,news1|nf19
けいざいかい,け,い,0,high,news1|nf06
そびえる,そ,る,0,high,ichi1
さびる,さ,る,0,high,ichi1
しやかいせい,し,い,0,high,news1|nf21
えさ,え,さ,0,high,ichi1|news2|nf25
じこ,じ,こ,0,high,ichi1|news1|nf01|nf02
きそん,き,ん,0,high,news1|news2|nf06|nf38|spec1
あんしんかん,あ,ん,0,high,news1|nf16
きんしゆ,き,ゆ,0,high,ichi1|news2|nf33
ぷらんなあ,ぷ,あ,0,high,gai1
ほほえむ,ほ,む,0,high,ichi1
みんしゆ,み,ゆ,0,high,ichi1|news1|nf01
ふじ,ふ,じ,0,high,news1|nf07
わかさ,わ,さ,0,high,news1|nf08
きんむじかん,き,ん,0,high,spec1
らんぼう,ら,う,0,high,ichi1|news1|nf18
こんぱす,こ,す,0,high,gai1
かおあわせ,か,せ,0,high,news1|nf16
むきぶつ,む,つ,0,high,ichi1
きぶん,き,ん,0,high,ichi1|news1|nf03
ひたす,ひ,す,0,high,ichi1|news2|nf41
ぼおいすかうと,ぼ,と,0,high,gai1
かぶる,か,る,0,high,ichi1|news2|nf46
ぞうき,ぞ,き,0,high,news1|nf03
ばうむくうへん,ば,ん,0,high,gai1
てんきよ,て,よ,0,high,ichi1|news1|nf23
こうぼ,こ,ぼ,0,high,news1|nf08
さつそく,さ,く,0,high,ichi1|news2|nf36
べいじん,べ,ん,0,high,news1|nf16
しようどう,し,う,0,high,ichi1|news1|nf20|nf21
こうや,こ,や,0,high,ichi1|news2|nf25|nf28|spec2
ていせい,て,い,0,high,ichi1|news1|nf12|nf22
いどうへいきん,い,ん,0,high,spec1
とく,と,く,0,high,ichi1|news1|nf12|spec1
みたところ,み,ろ,0,high,spec1
はつち,は,ち,0,high,gai1
すわつぷ,す,ぷ,0,high,gai1
みるみる,み,る,0,high,ichi1
ものさし,も,し,0,high,ichi1|news1|nf20
ついとう,つ,う,0,high,ichi1|news1|nf07
ふう,ふ,う,0,high,ichi1|news1|nf01|nf15|spec1
あいたい,あ,い,0,high,news1|nf14
そひん,そ,ん,0,high,spec1
むなぎ,む,ぎ,0,high,ichi1
ぱつけえじ,ぱ,じ,0,high,gai1
がいしゆつ,が,つ,0,high,ichi1|news1|nf10
さわん,さ,ん,0,high,news1|nf07
やぼう,や,う,0,high,news1|nf23
こうろ,こ,ろ,0,high,ichi1|news1|nf12|nf19
ておくれ,て,れ,0,high,ichi1|news2|nf26
りせい,り,い,0,high,ichi1|news1|nf17
あにめ,あ,め,0,high,gai1
とおん,と,ん,0,high,gai1
おきざり,お,り,0,high,news1|nf17
おぶざあばあ,お,あ,0,high,gai1
すいじゆん,す,ん,0,high,ichi1|news1|nf02
こうちよう,こ,う,0,high,ichi1|news1|nf03|nf22
みなみひがし,み,し,0,high,ichi1|news1|nf09
きげんぜん,き,ん,0,high,news1|nf19
いくつ,い,つ,0,high,ichi1|news1|nf16
みはり,み,り,0,high,news1|nf22
ちようちよ,ち,よ,0,high,ichi1|news1|nf24
かりいれきん,か,ん,0,high,news1|nf08
あくしつ,あ,つ,0,high,ichi1|news1|nf09
なだ,な,だ,0,high,ichi1|news1|nf04|nf12
はみだす,は,す,0,high,ichi1
ぶんぐ,ぶ,ぐ,0,high,news1|nf21
もしゆ,も,ゆ,0,high,news1|nf01
しんすい,し,い,0,high,news1|nf19
けいばつ,け,つ,0,high,news1|nf20
まなぶ,ま,ぶ,0,high,ichi1|news2|nf25
ちちくび,ち,び,0,high,news2|nf42|spec1
せんじよう,せ,う,0,high,ichi1|news1|nf09|nf13
うけとめる,う,る,0,high,ichi1|news1|nf07
のこる,の,る,0,high,ichi1|news1|nf18
よどむ,よ,む,0,high,ichi1
みささぎ,み,ぎ,0,high,news1|nf11
いつぺんに,い,に,0,high,ichi1
ひととせ,ひ,せ,0,high,spec1
しぬ,し,ぬ,0,high,ichi1|news2|nf46
つうしんはんばい,つ,い,0,high,news1|nf16
しよ,し,よ,0,high,ichi1
どうるい,ど,い,0,high,ichi1|news2|nf47
でんどう,で,う,0,high,news1|nf15|nf18|nf19
ざいばつ,ざ,つ,0,high,ichi1|news1|nf11
えいやく,え,く,0,high,news1|nf22
かんばつ,か,つ,0,high,news1|nf24
くちくかん,く,ん,0,high,news1|nf24
かろう,か,う,0,high,ichi1|news1|nf10
される,さ,る,0,high,spec1
びんじよう,び,う,0,high,ichi1|news1|nf24
ささやく,さ,く,0,high,ichi1
たいふう,た,う,0,high,ichi1|news1|nf04
さつじん,さ,ん,0,high,ichi1|news1|nf03
つける,つ,る,0,high,ichi1|news1|nf14
ておち,て,ち,0,high,ichi1|news2|nf45
あきいえ,あ,え,0,high,news1|nf24
こつとう,こ,う,0,high,news2|nf37|spec1
ねすと,ね,と,0,high,gai1
こうむ,こ,む,0,high,ichi1|news1|nf11|nf20
ころもがえ,こ,え,0,high,news1|nf14
すうにん,す,ん,0,high,spec1
ぐずぐず,ぐ,ず,0,high,ichi1
ぎもん,ぎ,ん,0,high,ichi1|news1|nf02
おふさいど,お,ど,0,high,gai1
ほろぐらふい,ほ,い,0,high,gai1
えんかい,え,い,0,high,ichi1|news1|nf12|nf19
じやあく,じ,く,0,high,gai1
すうじ,す,じ,0,high,ichi1|news1|nf02|nf13
ちゆうしやじよう,ち,う,0,high,ichi1|news1|nf05
こおり,こ,り,0,high,ichi1|news1|nf08|nf19
なのめ,な,め,0,high,ichi1|news1|nf15
おうしよく,お,く,0,high,ichi1|news1|nf11
にくげん,に,ん,0,high,ichi1|news2|nf27
あずかりしよう,あ,う,0,high,news1|nf20
かんそ,か,そ,0,high,news1|nf09
ものずき,も,き,0,high,ichi1|news2|nf45
せんすい,せ,い,0,high,news1|nf19
あやつる,あ,る,0,high,ichi1|news2|nf35
おとなしい,お,い,0,high,ichi1
しとやか,し,か,0,high,ichi1
さまたげ,さ,げ,0,high,news1|nf21
ろうえい,ろ,い,0,high,spec1
じやあなる,じ,る,0,high,gai1
かぶしきがいしや,か,や,0,high,news1|nf09
ちやくしゆ,ち,ゆ,0,high,ichi1|news1|nf18
ぽじしよん,ぽ,ん,0,high,gai1
きゆうしよ,き,よ,0,high,ichi1|news2|nf40
ようもう,よ,う,0,high,ichi1|news2|nf27
ふあすなあ,ふ,あ,0,high,gai1|ichi1
まいかあ,ま,あ,0,high,gai1
とぼす,と,す,0,high,ichi1
えいめい,え,い,0,high,news1|nf21
まうんど,ま,ど,0,high,gai1
じよいんと,じ,と,0,high,gai1
かおつき,か,き,0,high,ichi1|news2|nf32|spec1
だいがえ,だ,え,0,high,ichi1|news1|nf08
こつこく,こ,く,0,high,news1|nf21
そぼろ,そ,ろ,0,high,spec1
おしだし,お,し,0,high,news1|nf13
いちばんうえ,い,え,0,high,spec1
こみつしよん,こ,ん,0,high,gai1
れんたるびでお,れ,お,0,high,gai1
さえ,さ,え,0,high,spec1
きほんりようきん,き,ん,0,high,spec1
ふりいだむ,ふ,む,0,high,gai1
ぼにゆう,ぼ,う,0,high,news1|nf16
ではない,で,い,0,high,spec1
たらたら,た,ら,0,high,ichi1
きしよう,き,う,0,high,ichi1|news1|news2|nf06|nf16|nf24|nf28
ぼうえき,ぼ,き,0,high,ichi1|news1|nf01|nf24
ぷろろおぐ,ぷ,ぐ,0,high,gai1
しよもつ,し,つ,0,high,ichi1|news1|nf14
ぞうきん,ぞ,ん,0,high,ichi1
だらしない,だ,い,0,high,ichi1
どるふいんきつく,ど,く,0,high,gai1
ろうどうじようけん,ろ,ん,0,high,news1|nf12
いんでいあな,い,な,0,high,gai1
かぷせる,か,る,0,high,gai1
きりしたん,き,ん,0,high,gai1
ひれつ,ひ,つ,0,high,ichi1|news2|nf25
すがすがしい,す,い,0,high,ichi1
けいたいでんわ,け,わ,0,high,spec1
ゆうきゆう,ゆ,う,0,high,news1|nf15
きつく,き,く,0,high,gai1
じゆうさん,じ,ん,0,high,news1|nf01
うわくちびる,う,る,0,high,ichi1
しやつくり,し,り,0,high,ichi1
うきよえ,う,え,0,high,news1|nf16
ふきつ,ふ,つ,0,high,ichi1|news2|nf31
いいなり,い,り,0,high,ichi1|news2|nf25
きよういくしや,き,や,0,high,news1|nf24
おくさま,お,ま,0,high,ichi1|news2|nf25
はんはん,は,ん,0,high,news1|nf18
しゆけいきよく,し,く,0,high,news1|nf16
のやま,の,ま,0,high,news1|nf18
ちゆうとう,ち,う,0,high,news1|nf02|nf20
くどい,く,い,0,high,ichi1
つかねる,つ,る,0,high,ichi1|news2|nf40
れいすい,れ,い,0,high,ichi1|news1|nf20
とらわれる,と,る,0,high,ichi1|news2|nf43
うりこむ,う,む,0,high,ichi1|news2|nf40
しやあまん,し,ん,0,high,gai1
やくにたつ,や,つ,0,high,ichi1|news1|nf23
ぺどめえたあ,ぺ,あ,0,high,gai1
いぶ,い,ぶ,0,high,gai1
まきし,ま,し,0,high,gai1
りようがえ,り,え,0,high,ichi1|news1|nf19
ぴんぽん,ぴ,ん,0,high,gai1|ichi1
ろふと,ろ,と,0,high,gai1
まぎれる,ま,る,0,high,ichi1|news2|nf38
せいたく,せ,く,0,high,news1|nf12
がつきゆう,が,う,0,high,news1|nf10
びす,び,す,0,high,gai1
かいおうせい,か,い,0,high,spec1
もおげえじ,も,じ,0,high,gai1
ひきよう,ひ,う,0,high,ichi1|news2|nf46
ふうん,ふ,ん,0,high,ichi1|news1|nf21
ことわり,こ,り,0,high,news1|nf21
やつあたり,や,り,0,high,ichi1|news2|nf36
せかいぎんこう,せ,う,0,high,news1|nf10
おすかあ,お,あ,0,high,gai1
ここく,こ,く,0,high,news1|nf22
せつしよく,せ,く,0,high,ichi1|news1|nf05
はいきぶつ,は,つ,0,high,spec1
きつと,き,と,0,high,gai1|ichi1
ひろうえん,ひ,ん,0,high,ichi1
じゆらるみん,じ,ん,0,high,gai1
ほしようにん,ほ,ん,0,high,ichi1|news1|nf20
こんげん,こ,ん,0,high,news1|nf12
らつぴんぐ,ら,ぐ,0,high,gai1
げんこうようし,げ,し,0,high,ichi1|news1|nf12
かならず,か,ず,0,high,ichi1|news1|nf03
ちやれんじ,ち,じ,0,high,gai1
ひきわたす,ひ,す,0,high,news1|nf20
ばくはつ,ば,つ,0,high,ichi1|news1|nf04
ほこう,ほ,う,0,high,news1|nf10
いじよう,い,う,0,high,ichi1|news1|nf05|nf11|nf12|nf20
はちよう,は,う,0,high,ichi1|news1|nf23
どつと,ど,と,0,high,ichi1|spec1
あらいもの,あ,の,0,high,ichi1|news2|nf45
りようてい,り,い,0,high,news1|nf09
ちやあじ,ち,じ,0,high,gai1
くちかず,く,ず,0,high,ichi1|news2|nf27
いう,い,う,0,high,ichi1|news1|nf01
だいきん,だ,ん,0,high,ichi1|news1|nf05
ぞうはん,ぞ,ん,0,high,news1|nf09
あべにゆう,あ,う,0,high,gai1
ぴつく,ぴ,く,0,high,gai1
こしかける,こ,る,0,high,ichi1|news2|nf35
ひかえしつ,ひ,つ,0,high,ichi1|news1|nf13
こくみんとうひよう,こ,う,0,high,news1|nf03
しゆぜいきよく,し,く,0,high,news1|nf17
たんくろおりい,た,い,0,high,gai1
のんき,の,き,0,high,ichi1
まじえる,ま,る,0,high,news1|nf16
とぐ,と,ぐ,0,high,ichi1|news2|nf42
みぶり,み,り,0,high,ichi1|news2|nf40
まえ,ま,え,0,high,ichi1
まるちめでいあ,ま,あ,0,high,gai1
うてん,う,ん,0,high,ichi1|news1|nf22
ひきかえす,ひ,す,0,high,ichi1|news2|nf42
すいみんぐくらぶ,す,ぶ,0,high,gai1
まふいあ,ま,あ,0,high,gai1
もつていく,も,く,0,high,ichi1|spec1
たいせん,た,ん,0,high,ichi1|news1|nf04|nf07|nf18
せいりよう,せ,う,0,high,news1|nf19
ひとちがい,ひ,い,0,high,ichi1|news2|nf44
ぜいがく,ぜ,く,0,high,news1|nf09
すくえあ,す,あ,0,high,gai1
ちじめる,ち,る,0,high,ichi1
ししよ,し,よ,0,high,news1|nf21
ほお,ほ,お,0,high,ichi1|news2|nf32
ざつだん,ざ,ん,0,high,ichi1|news1|nf20
さんくすぎびんぐでえ,さ,え,0,high,gai1
ごかく,ご,く,0,high,news1|nf13
さがしまわる,さ,る,0,high,ichi1|news2|nf18
はしり,は,り,0,high,news1|nf09
かいごう,か,う,0,high,ichi1|news1|nf02
ちようはつ,ち,つ,0,high,news1|nf16
しこみ,し,み,0,high,news1|nf22
べんごし,べ,し,0,high,ichi1|news1|nf02
らくご,ら,ご,0,high,ichi1|news1|nf11
かきごおり,か,り,0,high,spec1
しつち,し,ち,0,high,news1|nf09
てれこむ,て,む,0,high,gai1
そうき,そ,き,0,high,ichi1|news1|nf02
しよしんしや,し,や,0,high,news1|nf13
じようぶん,じ,ん,0,high,news1|nf13
じつざい,じ,い,0,high,ichi1|news1|nf22
こんこおす,こ,す,0,high,gai1
ちようぎかい,ち,い,0,high,news1|nf18
ふたがる,ふ,る,0,high,ichi1
いお,い,お,0,high,news1|nf19
ただす,た,す,0,high,ichi1|news2|nf46
ままさん,ま,ん,0,high,spec1
はもん,は,ん,0,high,news1|nf07
がいむしよう,が,う,0,high,ichi1|news1|nf01
しゆうがく,し,く,0,high,news1|nf14
ぶろおかあ,ぶ,あ,0,high,gai1
すいじやく,す,く,0,high,news1|nf24
しようげん,し,ん,0,high,news1|nf03
おば,お,ば,0,high,ichi1|news1|news2|nf10|nf20|nf30
しそう,し,う,0,high,ichi1|news1|nf03
ためん,た,ん,0,high,ichi1|news1|nf20
もんきい,も,い,0,high,gai1
ですく,で,く,0,high,gai1
みたす,み,す,0,high,ichi1|news1|nf11
ここちよい,こ,い,0,high,spec1
ついちよう,つ,う,0,high,news1|nf11
こんいん,こ,ん,0,high,news1|nf13
のえる,の,る,0,high,gai1
かりよく,か,く,0,high,ichi1|news1|nf12
ううん,う,ん,0,high,spec1
しさつ,し,つ,0,high,ichi1|news1|nf06
ちよさく,ち,く,0,high,news1|nf09
そうご,そ,ご,0,high,ichi1|news1|nf02
ころも,こ,も,0,high,news1|nf10
けいじどうしや,け,や,0,high,news1|nf13
きよたい,き,い,0,high,news1|nf23
ばあすでえ,ば,え,0,high,gai1
しようきよ,し,よ,0,high,news2|nf30|spec1
りようこう,り,う,0,high,ichi1|news1|nf10
にひる,に,る,0,high,gai1
しゆくふく,し,く,0,high,ichi1|news1|nf19
さそく,さ,く,0,high,ichi1|news1|nf14|spec1
らおす,ら,す,0,high,gai1
なれなれしい,な,い,0,high,ichi1
てんじかい,て,い,0,high,news1|nf13
まあち,ま,ち,0,high,gai1
みずうみ,み,み,0,high,ichi1|news1|nf08
じいさん,じ,ん,0,high,ichi1
しんりようしよ,し,よ,0,high,ichi1
むしよく,む,く,0,high,ichi1|news1|news2|nf04|nf32
さく,さ,く,0,high,ichi1|news1|nf07|nf13|spec1
きゆうきゆうばこ,き,こ,0,high,spec1
どひよう,ど,う,0,high,news1|nf06
どよう,ど,う,0,high,ichi1|news1|nf04
せつかく,せ,く,0,high,ichi1
かつきてき,か,き,0,high,ichi1|news1|nf10
たいぜい,た,い,0,high,ichi1|news1|nf04
すいへい,す,い,0,high,ichi1|news1|nf15
とんだ,と,だ,0,high,ichi1
しんようきんこ,し,こ,0,high,news1|nf09
ほうむしよう,ほ,う,0,high,news1|nf06
めいうん,め,ん,0,high,news1|nf15
ちようきより,ち,り,0,high,news1|nf07
おんがく,お,く,0,high,ichi1|news1|nf01
ていきこうどく,て,く,0,high,spec1
だんだん,だ,ん,0,high,ichi1|news2|nf38
とりよう,と,う,0,high,news1|nf16
まいご,ま,ご,0,high,ichi1|news2|nf30
おつと,お,と,0,high,ichi1|news1|nf01|spec1
いちじ,い,じ,0,high,ichi1|news1|nf01|nf21
かんどう,か,う,0,high,ichi1|news1|nf06
さいぜんせん,さ,ん,0,high,news1|nf12
ねんじゆう,ね,う,0,high,ichi1|news1|nf16
えれき,え,き,0,high,gai1
たち,た,ち,0,high,ichi1|news1|nf11
はなび,は,び,0,high,ichi1|news1|nf10
びる,び,る,0,high,gai1|ichi1
ねんがく,ね,く,0,high,news1|nf22
そば,そ,ば,0,high,ichi1|news1|news2|nf03|nf43
かんてん,か,ん,0,high,news1|nf05
こうさてん,こ,ん,0,high,ichi1|news1|nf11
くみちよう,く,う,0,high,news1|nf08
あたる,あ,る,0,high,ichi1|news2|nf35
かんごふ,か,ふ,0,high,ichi1|news1|nf04
ぐんびよう,ぐ,う,0,high,news1|nf12
あきぐち,あ,ち,0,high,news1|nf21
おおかた,お,た,0,high,ichi1|news1|nf12
なにそつ,な,つ,0,high,ichi1|spec1
たのしみ,た,み,0,high,ichi1|news1|nf04
へがす,へ,す,0,high,ichi1
めいよ,め,よ,0,high,ichi1|news1|nf02
れえしんぐかあ,れ,あ,0,high,gai1
ぞろぞろ,ぞ,ろ,0,high,ichi1
のぼる,の,る,0,high,ichi1|news1|nf16
すけつと,す,と,0,high,news2|nf25|spec1
たいぴすと,た,と,0,high,gai1
しだん,し,ん,0,high,news1|nf10
じゆしんき,じ,き,0,high,news1|nf17
すいいと,す,と,0,high,gai1
ぷれいりすと,ぷ,と,0,high,spec1
してんちよう,し,う,0,high,news1|nf05
りゆうこう,り,う,0,high,ichi1|news1|nf06
せんぞ,せ,ぞ,0,high,ichi1|news1|nf12
ふらいぱん,ふ,ん,0,high,gai1|ichi1
ぎようせい,ぎ,い,0,high,ichi1|news1|nf01
すつかり,す,り,0,high,ichi1
さくしゆ,さ,ゆ,0,high,ichi1|news2|nf34
げきれい,げ,い,0,high,ichi1|news1|nf12
まかなう,ま,う,0,high,ichi1|news2|nf27
ひそか,ひ,か,0,high,ichi1
せんだつて,せ,て,0,high,ichi1|news2|nf27
かたまり,か,り,0,high,ichi1|news1|news2|nf11|nf27
かあでいがん,か,ん,0,high,gai1
てんばい,て,い,0,high,news1|nf18
ふらわああれんじめんと,ふ,と,0,high,gai1
まいあみ,ま,み,0,high,gai1
ぱとろん,ぱ,ん,0,high,gai1
しゆんき,し,き,0,high,news1|nf17
ひんし,ひ,し,0,high,ichi1
くらす,く,す,0,high,gai1|ichi1|news2|nf39
おつこ,お,こ,0,high,ichi1|news1|nf01
どうじだい,ど,い,0,high,news1|nf16
おるごおる,お,る,0,high,gai1
ごりようしようください,ご,い,0,high,spec1
ちやわん,ち,ん,0,high,ichi1|news1|nf21|spec1
じゆうかさんぜい,じ,い,0,high,news1|nf22
うわつちようし,う,し,0,high,news1|nf05
にくたいてき,に,き,0,high,news1|nf16
ふさわしい,ふ,い,0,high,ichi1
おおく,お,く,0,high,gai1|spec1
びきに,び,に,0,high,gai1
むふう,む,う,0,high,ichi1|news1|nf23
もたれる,も,る,0,high,ichi1
すぽおつまん,す,ん,0,high,gai1
むかう,む,う,0,high,ichi1|news1|nf23
おうて,お,て,0,high,news1|nf16
むくみ,む,み,0,high,spec1
たいけん,た,ん,0,high,ichi1|news1|nf02
しやかいほけん,し,ん,0,high,news1|nf12
ぞうきよう,ぞ,う,0,high,news1|nf09
こころえ,こ,え,0,high,ichi1|news1|nf23
しくみ,し,み,0,high,ichi1|news1|nf03
ごうまん,ご,ん,0,high,news2|nf35|spec1
ねんりよう,ね,う,0,high,ichi1|news1|nf03
あんしん,あ,ん,0,high,ichi1|news1|nf05
じやかるた,じ,た,0,high,gai1
とりかた,と,た,0,high,spec1
さべつ,さ,つ,0,high,ichi1|news1|nf03
たいぷ,た,ぷ,0,high,gai1|ichi1
しかい,し,い,0,high,ichi1|news1|nf08|nf15|nf19
ふあくとりい,ふ,い,0,high,gai1
とくばい,と,い,0,high,ichi1|news2|nf27
ちらり,ち,り,0,high,spec1
てんやく,て,く,0,high,news1|nf23
せんりよう,せ,う,0,high,ichi1|news1|nf04|nf22
むり,む,り,0,high,ichi1|news1|nf05
かくしや,か,や,0,high,ichi1|news2|nf33
なにやら,な,ら,0,high,news1|nf22
くるしい,く,い,0,high,ichi1|news1|nf18
かあれえす,か,す,0,high,gai1
たいりく,た,く,0,high,ichi1|news1|nf05
かよい,か,い,0,high,news1|nf13
ぴらみつど,ぴ,ど,0,high,gai1
ずさん,ず,ん,0,high,ichi1
そうだんやく,そ,く,0,high,news1|nf06
おぺれつた,お,た,0,high,gai1
こうもく,こ,く,0,high,ichi1|news1|nf04
こんて,こ,て,0,high,gai1
ろうじんせい,ろ,い,0,high,news1|nf24
かかげる,か,る,0,high,ichi1|news1|nf07
しんきよ,し,よ,0,high,news1|nf23
りんりてき,り,き,0,high,news1|nf24
あいて,あ,て,0,high,ichi1|news1|nf01
ごみ,ご,み,0,high,ichi1|news2|nf36|spec1
ふうかく,ふ,く,0,high,news1|nf18
にげる,に,る,0,high,ichi1|news1|nf15
ぶんかかい,ぶ,い,0,high,news1|nf09
まず,ま,ず,0,high,ichi1
ばいやあ,ば,あ,0,high,gai1
すたんす,す,す,0,high,gai1
ましんがん,ま,ん,0,high,gai1
いくにち,い,ち,0,high,ichi1
うけみ,う,み,0,high,ichi1|news1|nf14
さんりよう,さ,う,0,high,news1|nf17
まま,ま,ま,0,high,gai1|ichi1
まど,ま,ど,0,high,ichi1|news1|nf04
がくしや,が,や,0,high,ichi1|news1|nf03
しゆうじよ,し,よ,0,high,ichi1
ぜいむしよ,ぜ,よ,0,high,ichi1|news1|nf15
せんりやく,せ,く,0,high,news1|nf02
ゆにおん,ゆ,ん,0,high,gai1
みりりつとる,み,る,0,high,gai1
かどみうむ,か,む,0,high,gai1
まねきん,ま,ん,0,high,gai1
とうふ,と,ふ,0,high,ichi1|news1|nf14
さうな,さ,な,0,high,gai1
いんたあねつと,い,と,0,high,spec1
こしかけ,こ,け,0,high,ichi1|news2|nf37
ふたん,ふ,ん,0,high,ichi1|news1|nf02
めろでい,め,い,0,high,spec1
ぼおいんぐ,ぼ,ぐ,0,high,gai1
まいぞう,ま,う,0,high,news1|nf14
ずかん,ず,ん,0,high,news1|nf17
きねしおろじい,き,い,0,high,gai1
ぼける,ぼ,る,0,high,ichi1
ちゆうすう,ち,う,0,high,news1|nf09
ひでえ,ひ,え,0,high,ichi1
ふらめんこ,ふ,こ,0,high,gai1
すぺしやりすと,す,と,0,high,gai1
じようどしんしゆう,じ,う,0,high,news1|nf23
ていぼう,て,う,0,high,ichi1|news1|nf15
いささか,い,か,0,high,ichi1
どうせい,ど,い,0,high,ichi1|news1|news2|nf20|nf24|nf40
そして,そ,て,0,high,ichi1
のれん,の,ん,0,high,ichi1
じようしき,じ,き,0,high,ichi1|news1|nf05
ふえろおしつぷ,ふ,ぷ,0,high,gai1
はやまる,は,る,0,high,ichi1|news2|nf36
はあどる,は,る,0,high,gai1
てんぷら,て,ら,0,high,ichi1
あしからず,あ,ず,0,high,ichi1
しようさい,し,い,0,high,ichi1|news1|nf09
よくりゆう,よ,う,0,high,news1|nf08
こおぷ,こ,ぷ,0,high,gai1
こころいき,こ,き,0,high,news1|nf22
ひげ,ひ,げ,0,high,ichi1
とうなん,と,ん,0,high,ichi1|news1|nf03|nf13
ゆにばあす,ゆ,す,0,high,gai1
らくだい,ら,い,0,high,ichi1|news2|nf39
はぶく,は,く,0,high,ichi1
ろつど,ろ,ど,0,high,gai1
みつくす,み,す,0,high,gai1|ichi1
あいつぐ,あ,ぐ,0,high,news1|nf08
とおやま,と,ま,0,high,news1|nf20
のう,の,う,0,high,ichi1|news1|nf03|nf05
しようかいしや,し,や,0,high,spec1
きんべん,き,ん,0,high,ichi1|news1|nf20
おおみず,お,ず,0,high,ichi1|news2|nf37
こうとうきよういく,こ,く,0,high,spec1
よやく,よ,く,0,high,ichi1|news1|nf06
せつじつ,せ,つ,0,high,ichi1|news1|nf12
しやしよう,し,う,0,high,ichi1|news1|nf17
にゆうしゆ,に,ゆ,0,high,ichi1|news1|nf12
こうぎよ,こ,よ,0,high,news1|nf07
だいやく,だ,く,0,high,news1|nf21
あがつたり,あ,り,0,high,news1|nf02
はあどぼいるど,は,ど,0,high,gai1
るいじ,る,じ,0,high,ichi1|news1|nf14
すたいりんぐ,す,ぐ,0,high,gai1
うがい,う,い,0,high,ichi1
ぷろじえくたあ,ぷ,あ,0,high,gai1
とりいれる,と,る,0,high,ichi1
めんみつ,め,つ,0,high,news1|nf18
どくがす,ど,す,0,high,news1|nf19
こんだくたあ,こ,あ,0,high,gai1
もくげき,も,き,0,high,ichi1|news1|nf09
きゆうらい,き,い,0,high,news1|nf17
ぴあにすと,ぴ,と,0,high,gai1
もらう,も,う,0,high,ichi1|news2|nf42
こくさいじん,こ,ん,0,high,news1|nf12
ふべん,ふ,ん,0,high,ichi1|news1|nf22
ごがん,ご,ん,0,high,news1|nf19
ぜんい,ぜ,い,0,high,ichi1|news1|nf11
きしようだい,き,い,0,high,news1|nf24
まよう,ま,う,0,high,ichi1|news2|nf25
ふどうさん,ふ,ん,0,high,ichi1|news1|nf02
はくねつ,は,つ,0,high,ichi1|news2|nf25
むしよう,む,う,0,high,news1|nf07
やくしや,や,や,0,high,ichi1|news1|nf07|nf18
しつぼう,し,う,0,high,ichi1|news1|nf11
なぜなら,な,ら,0,high,ichi1
ねんまつ,ね,つ,0,high,ichi1|news1|nf04
ばあれすく,ば,く,0,high,gai1
えんそうば,え,ば,0,high,news1|nf07
しやとお,し,お,0,high,gai1
たいいくかん,た,ん,0,high,spec1
かむる,か,る,0,high,ichi1|news2|nf46
じやんきい,じ,い,0,high,gai1
ゆきすぎる,ゆ,る,0,high,news1|nf18
こうみよう,こ,う,0,high,ichi1|news1|news2|nf15|nf20|nf30
へいよう,へ,う,0,high,news1|nf08
ひこうせん,ひ,ん,0,high,news1|nf24
ぼうはてい,ぼ,い,0,high,news1|nf24
いしつぶつ,い,つ,0,high,ichi1
つうりんぐ,つ,ぐ,0,high,gai1
しぐれ,し,れ,0,high,ichi1|news2|nf33
ねえむ,ね,む,0,high,gai1|ichi1
そのうちに,そ,に,0,high,spec1
ひとめ,ひ,め,0,high,ichi1|news1|nf18|nf19
たがいに,た,に,0,high,ichi1|news1|nf05
ざぶとん,ざ,ん,0,high,ichi1|news2|nf27
じんみやく,じ,く,0,high,news1|nf10
ほんもの,ほ,の,0,high,ichi1|news1|nf06
とくべつかかく,と,く,0,high,spec1
いやけ,い,け,0,high,news1|nf15
がんらい,が,い,0,high,ichi1|news1|nf18
てつきよう,て,う,0,high,ichi1|news2|nf26
ぷらんくとん,ぷ,ん,0,high,gai1
なんとか,な,か,0,high,ichi1|news1|nf05
りせつしよん,り,ん,0,high,gai1
すうぱあ,す,あ,0,high,gai1|ichi1
ひといちばい,ひ,い,0,high,news1|nf19
たすうけつ,た,つ,0,high,news1|nf18
たいむすたんぷ,た,ぷ,0,high,gai1
あんぐる,あ,る,0,high,gai1
しんりてき,し,き,0,high,spec1
にがい,に,い,0,high,ichi1|news1|nf11
にわき,に,き,0,high,news1|nf19
いつか,い,か,0,high,ichi1|news1|nf04|nf19|spec1
なちす,な,す,0,high,spec1
みんしやとう,み,う,0,high,news1|nf02
くんしよう,く,う,0,high,news1|nf13
びしよびしよ,び,よ,0,high,ichi1
ゆさぶる,ゆ,る,0,high,news1|nf23
こと,こ,と,0,high,ichi1|news1|nf05|nf06|nf08|nf14
ずいいつ,ず,つ,0,high,news1|nf21
とうさい,と,い,0,high,news1|nf11|nf20
しんぶん,し,ん,0,high,ichi1|news1|nf01
せびろ,せ,ろ,0,high,ichi1|news1|nf12
あなどる,あ,る,0,high,ichi1
ふりがな,ふ,な,0,high,ichi1
あんな,あ,な,0,high,ichi1
じようほう,じ,う,0,high,ichi1|news1|nf01|nf11
ちから,ち,ら,0,high,ichi1
こすう,こ,う,0,high,news1|nf12
いりよく,い,く,0,high,news1|nf09
かねあい,か,い,0,high,news1|nf23
ここのえ,こ,え,0,high,news1|nf22
ぜんせん,ぜ,ん,0,high,news1|nf08|nf20|nf23
ぱとりおていずむ,ぱ,む,0,high,gai1
ばつぐ,ば,ぐ,0,high,gai1|ichi1
せんご,せ,ご,0,high,ichi1|news1|nf01
そつくり,そ,り,0,high,spec1
やきとり,や,り,0,high,ichi1|news2|nf27
きしや,き,や,0,high,ichi1|news1|news2|nf01|nf19|nf42|spec1
ながうた,な,た,0,high,news1|nf24
めきめき,め,き,0,high,ichi1
げんみつ,げ,つ,0,high,ichi1|news1|nf13
びしよう,び,う,0,high,ichi1|news1|nf17|nf20
てすとけえす,て,す,0,high,gai1
ふあいなるせつと,ふ,と,0,high,gai1
ぎせいしや,ぎ,や,0,high,news1|nf04
ぎふ,ぎ,ふ,0,high,ichi1|news1|nf05|nf12
ふみきる,ふ,る,0,high,ichi1|news2|nf38
しつと,し,と,0,high,ichi1|news2|nf26
あんけん,あ,ん,0,high,news1|nf11
れいぷ,れ,ぷ,0,high,gai1
とうせき,と,き,0,high,news1|nf21|nf22|nf24
わあくしよつぷ,わ,ぷ,0,high,gai1
ぐんぶ,ぐ,ぶ,0,high,news1|nf05|nf21
あばれる,あ,る,0,high,ichi1|news1|nf23
さきかた,さ,た,0,high,news1|nf23
こうじよう,こ,う,0,high,ichi1|news1|nf01|nf03|nf16|nf24
だんぼおる,だ,る,0,high,news1|nf11|spec1
にしぐち,に,ち,0,high,news1|nf12
しんてん,し,ん,0,high,news1|nf03
わらいごえ,わ,え,0,high,ichi1|news1|nf24
かほう,か,う,0,high,news1|nf09
とうとぶ,と,ぶ,0,high,ichi1
りやくだつ,り,つ,0,high,news1|nf16
でつど,で,ど,0,high,gai1
こくぜいちよう,こ,う,0,high,news1|nf09
たいしよく,た,く,0,high,ichi1|news1|nf04
きやつつあい,き,い,0,high,gai1
さんや,さ,や,0,high,news1|nf17
いつてい,い,い,0,high,ichi1|news1|nf03
どんどん,ど,ん,0,high,ichi1
れべる,れ,る,0,high,gai1|ichi1
いがむ,い,む,0,high,ichi1
なえぎ,な,ぎ,0,high,news1|nf20
ぺんち,ぺ,ち,0,high,ichi1
がいろ,が,ろ,0,high,news1|nf24
ういんどう,う,う,0,high,gai1|spec1
りんけえじ,り,じ,0,high,gai1
いまに,い,に,0,high,ichi1|news1|nf22
べえじゆ,べ,ゆ,0,high,gai1
じんいん,じ,ん,0,high,news1|nf05
つうりすと,つ,と,0,high,gai1
はきもの,は,の,0,high,ichi1|news2|nf31
さくげん,さ,ん,0,high,ichi1|news1|nf01
ぷろでゆうす,ぷ,す,0,high,gai1
ひすてりつく,ひ,く,0,high,gai1
きやらめる,き,る,0,high,gai1
ひばり,ひ,り,0,high,ichi1
きやんぴんぐ,き,ぐ,0,high,gai1
らじうむ,ら,む,0,high,gai1
みなさま,み,ま,0,high,ichi1|news1|nf12
ずうむ,ず,む,0,high,gai1
たあげつと,た,と,0,high,gai1
きんねん,き,ん,0,high,news1|nf06
ぐんよう,ぐ,う,0,high,news1|nf10
しいりんぐ,し,ぐ,0,high,gai1
じようやく,じ,く,0,high,ichi1|news1|nf01
きのせい,き,い,0,high,spec1
けわい,け,い,0,high,ichi1|news1|nf05
たべる,た,る,0,high,ichi1|news2|nf25
えんてん,え,ん,0,high,news1|nf23
ほんのう,ほ,う,0,high,ichi1|news1|nf17
ゆうほ,ゆ,ほ,0,high,news1|nf22
きぞん,き,ん,0,high,news1|nf06
おふれこ,お,こ,0,high,gai1
きつちやてん,き,ん,0,high,ichi1|news1|nf10
みつりよう,み,う,0,high,news1|nf19
しようだん,し,ん,0,high,ichi1|news1|nf12
にあう,に,う,0,high,ichi1|news2|nf25
らいす,ら,す,0,high,gai1
ひしひし,ひ,し,0,high,ichi1
ろじあな,ろ,な,0,high,gai1
けんこう,け,う,0,high,ichi1|news1|nf02
じゆせいらん,じ,ん,0,high,news1|nf13
むりし,む,し,0,high,news1|nf21
うんきゆう,う,う,0,high,ichi1|news2|nf29
できるだけ,で,け,0,high,ichi1|news1|nf18
だいたすう,だ,う,0,high,ichi1|news1|nf12
かいそ,か,そ,0,high,news1|nf20
ちりじようほうしすてむ,ち,む,0,high,spec1
こくろん,こ,ん,0,high,news1|nf20
あそび,あ,び,0,high,ichi1|news1|nf04
ひとすじ,ひ,じ,0,high,news1|nf12
しつこい,し,い,0,high,ichi1
ほいいる,ほ,る,0,high,gai1
あめ,あ,め,0,high,ichi1|news1|news2|nf02|nf44
いくか,い,か,0,high,ichi1
ほくせい,ほ,い,0,high,ichi1|news1|nf09
けんさく,け,く,0,high,news1|nf15
ようしよく,よ,く,0,high,ichi1|news1|nf11|nf18|nf24
じようもん,じ,ん,0,high,news1|nf11
じやぐち,じ,ち,0,high,ichi1|news1|nf24
じゆり,じ,り,0,high,news1|nf23
すいつち,す,ち,0,high,gai1|ichi1
ごうとう,ご,う,0,high,ichi1|news1|nf05
こくべつ,こ,つ,0,high,news1|nf01
じようけんつき,じ,き,0,high,news1|nf09
ふしぎ,ふ,ぎ,0,high,ichi1|news1|nf13
せつぞく,せ,く,0,high,ichi1|news1|nf15
へいそく,へ,く,0,high,news2|nf27|spec1
くぎる,く,る,0,high,ichi1|news2|nf45
じゆうはち,じ,ち,0,high,news1|nf01
きほん,き,ん,0,high,ichi1|news1|nf01
せんしよう,せ,う,0,high,news1|nf19|nf22
おもむき,お,き,0,high,ichi1|news1|nf15
そんえき,そ,き,0,high,ichi1|news1|nf16
ふじよぼうこう,ふ,う,0,high,news1|nf18
ひどく,ひ,く,0,high,spec1
しゆうず,し,ず,0,high,gai1|ichi1
きようこうさいけつ,き,つ,0,high,news1|nf13
どうぎ,ど,ぎ,0,high,news1|nf12|nf18
じつと,じ,と,0,high,ichi1
おのれ,お,れ,0,high,news1|nf10
ぼぎい,ぼ,い,0,high,gai1
おもいとどまる,お,る,0,high,ichi1
けんぞう,け,う,0,high,news1|nf18
てきせい,て,い,0,high,ichi1|news1|nf05|nf23
てびきしよ,て,よ,0,high,news1|nf22
たいはいてき,た,き,0,high,ichi1
しようさ,し,さ,0,high,news1|nf15|nf20
ようにする,よ,る,0,high,spec1
めいかく,め,く,0,high,ichi1|news1|nf02
すたんだあど,す,ど,0,high,gai1
かあどげえむ,か,む,0,high,spec1
けいかい,け,い,0,high,ichi1|news1|nf03|nf17
おぺら,お,ら,0,high,gai1
まげる,ま,る,0,high,ichi1|news2|nf35
かこ,か,こ,0,high,ichi1|news1|nf01
ことにより,こ,り,0,high,spec1
いつしゆうかん,い,ん,0,high,news1|nf05
とれえなあ,と,あ,0,high,gai1
くなん,く,ん,0,high,news1|nf15
あぶら,あ,ら,0,high,ichi1|news1|nf04|nf15
せんれい,せ,い,0,high,ichi1|news1|nf18
おしぼり,お,り,0,high,ichi1
かんい,か,い,0,high,ichi1|news1|nf10
ふろつく,ふ,く,0,high,gai1
しんかん,し,ん,0,high,ichi1|news1|nf19
あめりか,あ,か,0,high,spec1
きけんせい,き,い,0,high,spec1
ぜいこみ,ぜ,み,0,high,news1|nf21
そり,そ,り,0,high,ichi1
ぼおだあらいん,ぼ,ん,0,high,gai1
ほこうしや,ほ,や,0,high,ichi1
こくどう,こ,う,0,high,ichi1|news1|nf07
せえぶ,せ,ぶ,0,high,gai1
おわり,お,り,0,high,ichi1|news1|nf05
ぷりいつ,ぷ,つ,0,high,gai1
こんじつ,こ,つ,0,high,ichi1|news1|nf02
もうしで,も,で,0,high,news1|nf11
すてろいど,す,ど,0,high,gai1
きようちよう,き,う,0,high,ichi1|news1|news2|nf03|nf26
えつせんす,え,す,0,high,gai1
こくみん,こ,ん,0,high,ichi1|news1|nf01
ないまく,な,く,0,high,ichi1|news1|nf22
とうひようじよ,と,よ,0,high,news1|nf09
ぺるう,ぺ,う,0,high,gai1
ゆびわ,ゆ,わ,0,high,ichi1|news1|nf14
へり,へ,り,0,high,gai1
ゆうせいしよう,ゆ,う,0,high,news1|nf04
そむく,そ,く,0,high,ichi1
のうさん,の,ん,0,high,news1|nf22
はんこ,は,こ,0,high,ichi1
ぶりき,ぶ,き,0,high,gai1
こころぼそい,こ,い,0,high,ichi1|news2|nf45
まんいん,ま,ん,0,high,ichi1|news1|nf09
かつこく,か,く,0,high,ichi1
しどうしや,し,や,0,high,spec1
ふあんてい,ふ,い,0,high,ichi1|news1|nf05
すつきり,す,り,0,high,ichi1
しよとう,し,う,0,high,news1|nf12|spec1
やり,や,り,0,high,news1|nf23
ぷろだくしよん,ぷ,ん,0,high,gai1
ざいさん,ざ,ん,0,high,ichi1|news1|nf04
ないたあ,な,あ,0,high,gai1
かんせつ,か,つ,0,high,ichi1|news1|nf12|nf13
けつぱく,け,く,0,high,ichi1|news1|nf22
じつよう,じ,う,0,high,ichi1|news1|nf06
うれえる,う,る,0,high,ichi1|news2|nf36
しようさつし,し,し,0,high,news1|nf17
ほおまあ,ほ,あ,0,high,gai1
ぶんだん,ぶ,ん,0,high,news1|nf23
ちがう,ち,う,0,high,ichi1|news2|nf27
はこぶ,は,ぶ,0,high,ichi1|news1|nf06
うめ,う,め,0,high,ichi1|news1|nf07
ばくりよう,ば,う,0,high,news1|nf17
しかく,し,く,0,high,ichi1|news1|news2|nf03|nf09|nf31
おのぼれ,お,れ,0,high,ichi1
おもいがけない,お,い,0,high,ichi1|news2|nf46
していいえあたあみなる,し,る,0,high,gai1
でつどひいと,で,と,0,high,gai1
にほんじん,に,ん,0,high,news1|nf01
いすたんぶうる,い,る,0,high,gai1
ぼおだあ,ぼ,あ,0,high,gai1
ほうしやせん,ほ,ん,0,high,news1|nf07
ぶりいじんぐ,ぶ,ぐ,0,high,gai1
りようほう,り,う,0,high,ichi1|news1|nf07
いりごみ,い,み,0,high,news1|nf20
あみゆうずめんと,あ,と,0,high,gai1
おにぎり,お,り,0,high,ichi1
しりうす,し,す,0,high,gai1
ふらすとれえしよん,ふ,ん,0,high,gai1
しつこうゆうよ,し,よ,0,high,news1|nf09
せんろ,せ,ろ,0,high,ichi1|news1|nf10
ちよくせつせんきよ,ち,よ,0,high,news1|nf16
よわね,よ,ね,0,high,ichi1|news2|nf28
かげ,か,げ,0,high,ichi1|news1|nf04
はんぎやく,は,く,0,high,ichi1|news1|nf21
あるじ,あ,じ,0,high,ichi1
とりくち,と,ち,0,high,news1|nf19
ひろめく,ひ,く,0,high,ichi1
さうじ,さ,じ,0,high,gai1
らいほう,ら,う,0,high,news1|nf23
こくみんけんこうほけん,こ,ん,0,high,news1|nf21
よきせぬ,よ,ぬ,0,high,spec1
でいいぜる,で,る,0,high,gai1
まつたん,ま,ん,0,high,ichi1|news1|nf12
いただく,い,く,0,high,ichi1
みおくる,み,る,0,high,ichi1|news1|nf08
いちるい,い,い,0,high,news1|nf07
いやき,い,き,0,high,news1|nf15
かくち,か,ち,0,high,ichi1
おちこむ,お,む,0,high,ichi1|news1|nf12
むてき,む,き,0,high,news2|nf32|spec1
おんりい,お,い,0,high,gai1
めいしよ,め,よ,0,high,ichi1|news1|nf11
とつて,と,て,0,high,ichi1|news1|nf02
ぴえろ,ぴ,ろ,0,high,gai1
こうばん,こ,ん,0,high,ichi1|news1|nf17|nf18|nf21
ぜいかん,ぜ,ん,0,high,ichi1|news1|nf11
なんにん,な,ん,0,high,spec1
ねがい,ね,い,0,high,ichi1|news1|nf05
もりあげる,も,る,0,high,ichi1|news2|nf25
かげぐち,か,ち,0,high,news1|nf24
おやこ,お,こ,0,high,ichi1|news1|nf05|nf08
いま,い,ま,0,high,ichi1|news1|nf07|nf12
たいとる,た,る,0,high,gai1
いちなか,い,か,0,high,news1|nf07
すえつこ,す,こ,0,high,ichi1|news2|nf25
ろう,ろ,う,0,high,news1|nf23
ぶるねつと,ぶ,と,0,high,gai1
そしつ,そ,つ,0,high,ichi1|news1|nf16
それで,そ,で,0,high,ichi1
ぐらむ,ぐ,む,0,high,gai1|ichi1
まご,ま,ご,0,high,ichi1|news1|nf05
てつだう,て,う,0,high,ichi1|news2|nf46
ふらんすご,ふ,ご,0,high,spec1
へきが,へ,が,0,high,news1|nf12
げるまん,げ,ん,0,high,gai1
にかんして,に,て,0,high,spec1
があぜ,が,ぜ,0,high,gai1
せんばつ,せ,つ,0,high,news1|nf06
ごおるきいぱあ,ご,あ,0,high,gai1
れふと,れ,と,0,high,gai1
ぎやくしゆう,ぎ,う,0,high,news1|nf22
とうじ,と,じ,0,high,ichi1|news1|nf01|nf04|nf13
うすまる,う,る,0,high,ichi1|news2|nf36
あなりすと,あ,と,0,high,gai1
ぷろせつさあ,ぷ,あ,0,high,gai1
さんこうまでに,さ,に,0,high,spec1
きふく,き,く,0,high,news1|nf20
いたずら,い,ら,0,high,ichi1
くすぐる,く,る,0,high,ichi1
くしゆう,く,う,0,high,news1|nf13
おじぎ,お,ぎ,0,high,ichi1|news2|nf39
うちこむ,う,む,0,high,ichi1|news1|nf21
いわい,い,い,0,high,ichi1|news1|nf08
ほうせき,ほ,き,0,high,ichi1|news1|nf11
ふいいるどわあく,ふ,く,0,high,gai1
つつむ,つ,む,0,high,ichi1|news1|nf06
いんねん,い,ん,0,high,news1|nf17
ぷれえと,ぷ,と,0,high,gai1
どうにもならない,ど,い,0,high,spec1
くつろぐ,く,ぐ,0,high,ichi1
むきりよく,む,く,0,high,news1|nf23
じゆうはちにち,じ,ち,0,high,spec1
なんべん,な,ん,0,high,ichi1
おくりだし,お,し,0,high,news1|nf24
みはつぴよう,み,う,0,high,news1|nf15
にゆうりよく,に,く,0,high,ichi1|news1|nf14
ひとや,ひ,や,0,high,news1|nf09
いきかた,い,た,0,high,ichi1
かお,か,お,0,high,ichi1|news1|nf01
なつぷざつく,な,く,0,high,gai1
はつちゆう,は,う,0,high,news1|nf06
ふちよう,ふ,う,0,high,ichi1|news1|news2|nf09|nf42
すなつち,す,ち,0,high,gai1
おかねもち,お,ち,0,high,spec1
ぎぶあつぷ,ぎ,ぷ,0,high,gai1
ころにい,こ,い,0,high,gai1
なんてん,な,ん,0,high,ichi1|news1|nf16
あさはか,あ,か,0,high,ichi1
のいず,の,ず,0,high,gai1
がまん,が,ん,0,high,ichi1|news1|nf14
おうひ,お,ひ,0,high,news1|nf23
しゆつしよう,し,う,0,high,ichi1|news1|nf06
とらつく,と,く,0,high,gai1|ichi1
だます,だ,す,0,high,ichi1
すぎる,す,る,0,high,ichi1|news2|nf34
にいと,に,と,0,high,spec1
あともどり,あ,り,0,high,ichi1|news2|nf25
くしやくしや,く,や,0,high,ichi1
りゆうにん,り,ん,0,high,news1|nf14
はれつ,は,つ,0,high,ichi1|news1|nf18
だいじよおぶ,だ,ぶ,0,high,ichi1|news1|nf06
ふくろ,ふ,ろ,0,high,ichi1|news1|nf08
ちゆうや,ち,や,0,high,ichi1|news1|nf17
よてい,よ,い,0,high,ichi1|news1|nf01
ふあいりんぐしすてむ,ふ,む,0,high,gai1
はらいた,は,た,0,high,news1|nf19
しようじゆん,し,ん,0,high,news1|nf14
ばいてん,ば,ん,0,high,ichi1|news1|nf16
もめる,も,る,0,high,ichi1
そなた,そ,た,0,high,gai1
どつく,ど,く,0,high,gai1
ふんすい,ふ,い,0,high,ichi1|news2|nf27
ほご,ほ,ご,0,high,ichi1|news1|nf01
おてあげ,お,げ,0,high,news1|nf22
ついてゆく,つ,く,0,high,spec1
ぞうに,ぞ,に,0,high,ichi1|news2|nf39
ぶぶん,ぶ,ん,0,high,ichi1|news1|nf01
へいじよう,へ,う,0,high,ichi1|news1|nf05|nf15
ごじゆうさんつぎ,ご,ぎ,0,high,news1|nf08
めど,め,ど,0,high,ichi1
ひろまる,ひ,る,0,high,ichi1|news1|nf20
そうざい,そ,い,0,high,news2|nf25|spec1
わりあて,わ,て,0,high,ichi1|news1|nf14
ねむる,ね,る,0,high,ichi1|news2|nf39
くるう,く,う,0,high,gai1|ichi1|news2|nf29
てんしよん,て,ん,0,high,gai1
せつち,せ,ち,0,high,ichi1|news1|nf02
かんゆう,か,う,0,high,news1|nf13
でえと,で,と,0,high,gai1|ichi1
えいじ,え,じ,0,high,news1|nf14
れいんこおと,れ,と,0,high,ichi1
だいだいいろ,だ,ろ,0,high,ichi1
あんぜん,あ,ん,0,high,ichi1|news1|nf01
ぞうせい,ぞ,い,0,high,news1|nf11
ぞうがく,ぞ,く,0,high,news1|nf10
ぐんぴよう,ぐ,う,0,high,news1|nf12
おろし,お,し,0,high,news1|nf09
ぬらす,ぬ,す,0,high,ichi1
わがみ,わ,み,0,high,news1|nf12
それなら,そ,ら,0,high,ichi1
ぴいぷる,ぴ,る,0,high,gai1
まちはずれ,ま,れ,0,high,ichi1
おんらいん,お,ん,0,high,gai1
まぼろし,ま,し,0,high,ichi1|news1|nf10
えしやく,え,く,0,high,ichi1|news2|nf43
あつというまに,あ,に,0,high,spec1
かねそなえる,か,る,0,high,news1|nf24
おせわになる,お,る,0,high,spec1
のうえん,の,ん,0,high,news1|nf16
ちやりていい,ち,い,0,high,gai1
ざんぱい,ざ,い,0,high,ichi1|news1|nf14
ぱんたぐらふ,ぱ,ふ,0,high,gai1
じやのめ,じ,め,0,high,news1|nf14
あいどく,あ,く,0,high,ichi1|news1|nf22
がれき,が,き,0,high,news2|nf47|spec1
ちゆうきよう,ち,う,0,high,news1|nf12
かんする,か,る,0,high,ichi1|news2|nf38
こすちゆうむ,こ,む,0,high,gai1
りゆつくさつく,り,く,0,high,gai1
ちよくえい,ち,い,0,high,news1|nf17
ひんじ,ひ,じ,0,high,gai1
ころぶ,こ,ぶ,0,high,ichi1|news2|nf35
にほんだて,に,て,0,high,news1|nf17
さかだな,さ,な,0,high,news1|nf22
こうえん,こ,ん,0,high,ichi1|news1|nf02|nf03
かきよく,か,く,0,high,news1|nf12
れつきよ,れ,よ,0,high,news1|nf17
しゆつせい,し,い,0,high,ichi1|news1|nf06
おちあう,お,う,0,high,ichi1
さいじつ,さ,つ,0,high,ichi1
みうごき,み,き,0,high,news1|nf21
きがかり,き,り,0,high,ichi1|news2|nf29|spec1
あらためて,あ,て,0,high,ichi1|news2|nf25
ぱて,ぱ,て,0,high,gai1
きゆうぎ,き,ぎ,0,high,news1|nf20
ろうどうしよう,ろ,う,0,high,news1|nf05
かりいれ,か,れ,0,high,news1|nf10
うすぎ,う,ぎ,0,high,ichi1|news2|nf43
あつての,あ,の,0,high,spec1
ほどなく,ほ,く,0,high,ichi1
べすとせらあ,べ,あ,0,high,gai1
ゆうずど,ゆ,ど,0,high,spec1
ぼいこつと,ぼ,と,0,high,gai1
れじでんす,れ,す,0,high,gai1
かんばい,か,い,0,high,news1|nf17
ねたむ,ね,む,0,high,ichi1
むち,む,ち,0,high,ichi1|news2|nf26
がいこう,が,う,0,high,ichi1|news1|nf01
こうさくいん,こ,ん,0,high,news1|nf19
びんぎ,び,ぎ,0,high,ichi1|news1|nf11
にぎやか,に,か,0,high,ichi1
ひめい,ひ,い,0,high,ichi1|news1|nf11
まえすとろ,ま,ろ,0,high,gai1
ええる,え,る,0,high,gai1
きようかん,き,ん,0,high,ichi1|news1|nf10|nf14
はいそ,は,そ,0,high,news1|nf16
かしら,か,ら,0,high,ichi1|spec1
えね,え,ね,0,high,gai1
がくいん,が,ん,0,high,news1|nf04
ざつおん,ざ,ん,0,high,ichi1|news1|nf20
おくびよう,お,う,0,high,ichi1
さいたく,さ,く,0,high,news1|nf07
にゆうせん,に,ん,0,high,ichi1|news1|nf08
とりゆふ,と,ふ,0,high,gai1
だいどころ,だ,ろ,0,high,ichi1|news1|nf07
ろおる,ろ,る,0,high,gai1
しか,し,か,0,high,ichi1|news1|nf10|nf12|nf20|nf21|spec1
ぴいなつつ,ぴ,つ,0,high,gai1
わきみ,わ,み,0,high,ichi1
いく,い,く,0,high,ichi1
かいしよう,か,う,0,high,ichi1|news1|nf04|nf23
わいわい,わ,い,0,high,ichi1
たいどう,た,う,0,high,news1|nf16
いじ,い,じ,0,high,ichi1|news1|nf01|nf11|nf14
なさけぶかい,な,い,0,high,ichi1
ずれ,ず,れ,0,high,spec1
しげき,し,き,0,high,ichi1|news1|nf05
くろじ,く,じ,0,high,ichi1|news1|nf02
がいじゆ,が,ゆ,0,high,news1|nf23
やわらげる,や,る,0,high,ichi1|news2|nf34
さぶまりん,さ,ん,0,high,gai1
たんざにあ,た,あ,0,high,gai1
など,な,ど,0,high,spec1
ばあべる,ば,る,0,high,gai1
しつぽ,し,ぽ,0,high,ichi1
もるひね,も,ね,0,high,gai1
ふやす,ふ,す,0,high,ichi1|news2|nf26
じゆくれん,じ,ん,0,high,news1|nf22
ししやごにゆう,し,う,0,high,ichi1|news2|nf45
さいくりんぐ,さ,ぐ,0,high,gai1
かしきん,か,ん,0,high,news1|nf19
すいさん,す,ん,0,high,ichi1|news1|nf08
ろんてん,ろ,ん,0,high,news1|nf14
とめがね,と,ね,0,high,news1|nf21
ねんりつ,ね,つ,0,high,news1|nf11
いそん,い,ん,0,high,news1|nf06
ぱずる,ぱ,る,0,high,gai1
いちばん,い,ん,0,high,ichi1|news1|nf01
かいかく,か,く,0,high,ichi1|news1|nf01
ふりつけ,ふ,け,0,high,news1|news2|nf19|nf37
かわぞい,か,い,0,high,news1|nf18
こくりつ,こ,つ,0,high,ichi1|news1|nf02
じんかく,じ,く,0,high,ichi1|news1|nf10
えんげき,え,き,0,high,ichi1|news1|nf04
あひる,あ,る,0,high,spec1
おしつける,お,る,0,high,ichi1|news2|nf25
せすじ,せ,じ,0,high,news1|nf18
ひようけいさん,ひ,ん,0,high,spec1
てんかぶつ,て,つ,0,high,news1|nf21
なんによ,な,よ,0,high,ichi1|news1|nf02
えんだん,え,ん,0,high,ichi1|news1|news2|nf19|nf31
さげる,さ,る,0,high,ichi1|news1|nf07
とりけす,と,す,0,high,ichi1|news1|nf23
だつこ,だ,こ,0,high,ichi1
ないせい,な,い,0,high,news1|nf05
すぱん,す,ん,0,high,gai1
ていきよう,て,う,0,high,ichi1|news1|nf03
ときどき,と,き,0,high,ichi1|news1|nf07
くみたて,く,て,0,high,news1|nf12
しやさつ,し,つ,0,high,news1|nf13
けんもん,け,ん,0,high,ichi1|news1|news2|nf11|nf28
りくろ,り,ろ,0,high,news1|nf18
ちようど,ち,ど,0,high,ichi1
まつり,ま,り,0,high,ichi1|news1|nf06
おりじなる,お,る,0,high,gai1
ゆうしや,ゆ,や,0,high,news2|nf39|spec1
はつでんき,は,き,0,high,news1|nf19
どうとく,ど,く,0,high,ichi1|news1|nf14
けいだい,け,い,0,high,ichi1|news1|nf13
ゆにばあしああど,ゆ,ど,0,high,gai1
どうせ,ど,せ,0,high,ichi1
しつきやく,し,く,0,high,news1|nf17
でないと,で,と,0,high,spec1
かあそる,か,る,0,high,gai1
はまべ,は,べ,0,high,ichi1|news1|nf21
どそく,ど,く,0,high,ichi1|news2|nf47
しと,し,と,0,high,news1|nf06|nf13
ぴつちんぐ,ぴ,ぐ,0,high,gai1
いきる,い,る,0,high,ichi1|news1|nf04
ゆげ,ゆ,げ,0,high,ichi1|news2|nf33
のるでいつく,の,く,0,high,gai1
すいい,す,い,0,high,news1|nf08|nf13
ほつし,ほ,し,0,high,news1|nf24
きよか,き,か,0,high,ichi1|news1|nf03
しゆ,し,ゆ,0,high,ichi1|news1|nf19
ああきてくちや,あ,や,0,high,gai1
だの,だ,の,0,high,spec1
ふくざつさ,ふ,さ,0,high,news1|nf23
べいこく,べ,く,0,high,news1|nf01|nf14
くふ,く,ふ,0,high,ichi1|news1|nf06
せんもんてき,せ,き,0,high,news1|nf14
しよくん,し,ん,0,high,ichi1|news1|nf16
じはつ,じ,つ,0,high,news1|nf19
ぺなんと,ぺ,と,0,high,gai1
ああす,あ,す,0,high,gai1
さつ,さ,つ,0,high,ichi1|news2|nf46
ふせき,ふ,き,0,high,news1|nf14
ちゆうもん,ち,ん,0,high,ichi1|news1|nf04
てつきん,て,ん,0,high,ichi1|news1|nf11
しいあは,し,は,0,high,spec1
おおもじ,お,じ,0,high,ichi1|news2|nf35
そうですね,そ,ね,0,high,spec1
じゆこう,じ,う,0,high,news1|nf08
あげ,あ,げ,0,high,news1|nf07|nf19
ぷらかあど,ぷ,ど,0,high,gai1
しゆうへん,し,ん,0,high,ichi1|news1|nf01
しえん,し,ん,0,high,ichi1|news1|nf01
いちぞく,い,く,0,high,news1|nf11
れがつた,れ,た,0,high,gai1
ぼでいこん,ぼ,ん,0,high,gai1
そうちよう,そ,う,0,high,ichi1|news1|nf02|nf05
へどろ,へ,ろ,0,high,gai1
こんだん,こ,ん,0,high,news1|nf03
ぞくしん,ぞ,ん,0,high,news1|nf22
すいし,す,し,0,high,news1|nf17
みそ,み,そ,0,high,ichi1|news1|news2|nf01|nf03|nf32|spec1
しきり,し,り,0,high,news1|nf16
しきそ,し,そ,0,high,news1|nf22
ういんぐ,う,ぐ,0,high,gai1
ちひよう,ち,う,0,high,news1|nf14
ぎようこ,ぎ,こ,0,high,news1|nf24
どうげつ,ど,つ,0,high,news1|nf03
へりんぼおん,へ,ん,0,high,gai1
すすめ,す,め,0,high,news1|nf13
けいぞく,け,く,0,high,ichi1|news1|nf03
ひつかける,ひ,る,0,high,ichi1|news2|nf39
ぐりいんすくうる,ぐ,る,0,high,gai1
みんよう,み,う,0,high,ichi1|news1|nf12
べえしつく,べ,く,0,high,gai1
ということは,と,は,0,high,spec1
はつけつきゆう,は,う,0,high,news1|nf18
じんけん,じ,ん,0,high,ichi1|news1|nf02
せちがい,せ,い,0,high,news1|nf07
いつきうち,い,ち,0,high,news1|nf15
つら,つ,ら,0,high,ichi1|news1|nf02
しんぷる,し,る,0,high,gai1
よじ,よ,じ,0,high,spec1
はたき,は,き,0,high,ichi1
よわむし,よ,し,0,high,ichi1|news2|nf47
とくそう,と,う,0,high,news1|nf03
たわむれ,た,れ,0,high,ichi1|news2|nf44
かいぎようい,か,い,0,high,news1|nf16
ねむい,ね,い,0,high,ichi1|news2|nf30
さるうん,さ,ん,0,high,gai1
しやかいしゆぎ,し,ぎ,0,high,news1|nf03
えいたんご,え,ご,0,high,spec1
しぐさ,し,さ,0,high,news1|nf19
けんがく,け,く,0,high,ichi1|news1|nf08
なかば,な,ば,0,high,ichi1|news1|nf07
ひとみしり,ひ,り,0,high,ichi1|news2|nf43
せんたくもの,せ,の,0,high,spec1
そうぞうしい,そ,い,0,high,ichi1|news2|nf38
ていりよう,て,う,0,high,news1|nf22
はなれる,は,る,0,high,ichi1|news1|nf05
じん,じ,ん,0,high,gai1|ichi1|news1|nf04
しようひ,し,ひ,0,high,ichi1|news1|nf02
ぱつていんぐ,ぱ,ぐ,0,high,gai1
しよくのう,し,う,0,high,news1|nf21
そくりよう,そ,う,0,high,ichi1|news1|nf15
てんとう,て,う,0,high,news1|nf05|nf21
がしよう,が,う,0,high,news1|nf23
いんだすとりある,い,る,0,high,gai1
さうすぽお,さ,お,0,high,gai1
くだりざか,く,か,0,high,news1|nf23
はらいつぱい,は,い,0,high,ichi1
ぎやつぷ,ぎ,ぷ,0,high,gai1
いじめる,い,る,0,high,ichi1
がんしよ,が,よ,0,high,ichi1|news1|nf19
ふたり,ふ,り,0,high,ichi1|news1|nf01
ろうせつ,ろ,つ,0,high,spec1
だせき,だ,き,0,high,news1|nf05
めんだん,め,ん,0,high,ichi1|news1|nf23
よるごはん,よ,ん,0,high,spec1
ものたりない,も,い,0,high,ichi1|news2|nf28
こなす,こ,す,0,high,ichi1|news2|nf37
めとりつく,め,く,0,high,gai1
べると,べ,と,0,high,gai1|ichi1
かいすう,か,う,0,high,ichi1|news1|nf05
ろじよう,ろ,う,0,high,ichi1|news1|nf05
けど,け,ど,0,high,spec1
あどれす,あ,す,0,high,gai1
ぶない,ぶ,い,0,high,news1|nf09
ほんき,ほ,き,0,high,ichi1|news1|nf09
たいくつ,た,つ,0,high,ichi1|news2|nf40
はいぶん,は,ん,0,high,ichi1|news1|nf04
わんちやん,わ,ん,0,high,spec1
だす,だ,す,0,high,ichi1|news1|nf03
べるまあく,べ,く,0,high,gai1
けつき,け,き,0,high,news1|nf13
ぐんじ,ぐ,じ,0,high,ichi1|news1|nf01
じつかん,じ,ん,0,high,ichi1|news1|nf08
ぜんりやく,ぜ,く,0,high,ichi1
けついん,け,ん,0,high,news1|nf16
いくら,い,ら,0,high,gai1|ichi1|news2|nf37
ばあい,ば,い,0,high,ichi1|news1|nf09
なやます,な,す,0,high,news1|nf12
うらがね,う,ね,0,high,news1|nf11
ひへい,ひ,い,0,high,news1|nf22
てれびじよん,て,ん,0,high,gai1
かけいぼ,か,ぼ,0,high,news1|nf20
にあつては,に,は,0,high,spec1
ふける,ふ,る,0,high,ichi1|news2|nf47
きゆうりよう,き,う,0,high,ichi1|news1|nf06|nf14
きせん,き,ん,0,high,ichi1|news2|nf30
あしおと,あ,と,0,high,ichi1|news1|nf22
さずける,さ,る,0,high,ichi1|news2|nf38
どこにも,ど,も,0,high,spec1
こどもたち,こ,ち,0,high,spec1
ちほうこうきようだんたい,ち,い,0,high,news1|nf15
すてえき,す,き,0,high,gai1
おきな,お,な,0,high,news1|nf16
らいあびりていい,ら,い,0,high,gai1
らんぐ,ら,ぐ,0,high,gai1
かいしん,か,ん,0,high,ichi1|news1|nf13|nf15
まいぺえす,ま,す,0,high,gai1
おせつかい,お,い,0,high,ichi1
ありふれた,あ,た,0,high,ichi1
れふえりい,れ,い,0,high,gai1
らでいかる,ら,る,0,high,gai1
きやつちやあ,き,あ,0,high,gai1
あべつく,あ,く,0,high,gai2|ichi1
よこもじ,よ,じ,0,high,ichi1|news2|nf30
えらぶ,え,ぶ,0,high,ichi1|news1|nf02
しえりい,し,い,0,high,gai1
いつしつ,い,つ,0,high,news1|nf12
むしや,む,や,0,high,news1|nf21
つれる,つ,る,0,high,ichi1|news1|nf16
のりもの,の,の,0,high,ichi1|news1|nf19
むせいふ,む,ふ,0,high,news1|nf23
とくひつ,と,つ,0,high,news1|nf23
こごえ,こ,え,0,high,news1|nf24
ぜつこう,ぜ,う,0,high,ichi1|news1|news2|nf08|nf47
あお,あ,お,0,high,ichi1|news1|nf03
りゆうにゆう,り,う,0,high,news1|nf10
ほんのすこし,ほ,し,0,high,spec1
たくいつ,た,つ,0,high,ichi1|news2|nf45
いがく,い,く,0,high,ichi1|news1|nf02
せいけいげか,せ,か,0,high,news1|nf22
のぞましい,の,い,0,high,ichi1|news1|nf19
うわのせ,う,せ,0,high,news1|nf16
つよめる,つ,る,0,high,ichi1|news1|nf09
しんしようひん,し,ん,0,high,spec1
くりよ,く,よ,0,high,news1|nf12
しようおく,し,く,0,high,ichi1|news1|nf09
こううん,こ,ん,0,high,ichi1|news1|nf18
りようろん,り,ん,0,high,news1|nf14
きちつと,き,と,0,high,spec1
とりかかる,と,る,0,high,ichi1|news2|nf43
さんらん,さ,ん,0,high,news1|nf12
じへいしよう,じ,う,0,high,news1|nf22
にがおえ,に,え,0,high,ichi1
こんでんさ,こ,さ,0,high,gai1
じゆにあ,じ,あ,0,high,gai1
まじしやん,ま,ん,0,high,gai1
じつしよう,じ,う,0,high,news1|nf16
しひよう,し,う,0,high,news1|nf05
ぶろおち,ぶ,ち,0,high,gai1
まつと,ま,と,0,high,gai1
ぼうし,ぼ,し,0,high,ichi1|news1|nf02|nf09
よこて,よ,て,0,high,news1|nf18
つかいわけ,つ,け,0,high,news1|nf23
べんめい,べ,い,0,high,ichi1|news1|nf19
ぐりいんらんど,ぐ,ど,0,high,gai1
くちごもる,く,る,0,high,ichi1
たいみんぐ,た,ぐ,0,high,gai1|ichi1
しんぱい,し,い,0,high,ichi1|news1|nf04
すぽおていい,す,い,0,high,gai1
じようせつ,じ,つ,0,high,news1|nf11
くさい,く,い,0,high,ichi1
てきたい,て,い,0,high,ichi1|news1|nf14
かんばす,か,す,0,high,gai1
むちやくちや,む,や,0,high,ichi1
しんく,し,く,0,high,gai1
おやすみなさい,お,い,0,high,ichi1
かぐ,か,ぐ,0,high,ichi1|news1|nf08
むなしい,む,い,0,high,ichi1|spec1
くどくど,く,ど,0,high,ichi1
まちがいない,ま,い,0,high,news1|nf13
なくちやいけない,な,い,0,high,spec1
へもぐろびん,へ,ん,0,high,gai1
ねがお,ね,お,0,high,ichi1|news2|nf43
そうしん,そ,ん,0,high,ichi1|news1|nf18|spec1
ちがいない,ち,い,0,high,ichi1
しり,し,り,0,high,ichi1|news1|nf20
がつぺい,が,い,0,high,ichi1|news1|nf03
くもゆき,く,き,0,high,news1|nf21
はくえ,は,え,0,high,ichi1|news1|nf23
べる,べ,る,0,high,gai1|ichi1
つれてくる,つ,る,0,high,ichi1|spec1
しつぱいだん,し,ん,0,high,spec1
とくめい,と,い,0,high,ichi1|news1|nf14
みなみ,み,み,0,high,ichi1|news1|nf01
ぜつたいに,ぜ,に,0,high,ichi1
そうべつ,そ,つ,0,high,ichi1|news2|nf28
ういんど,う,ど,0,high,gai1
にずくり,に,り,0,high,ichi1|news2|nf42
とりこむ,と,む,0,high,ichi1|news1|nf21
やつと,や,と,0,high,ichi1
ですので,で,で,0,high,spec1
らくさつ,ら,つ,0,high,ichi1|news1|nf12
だんぺん,だ,ん,0,high,ichi1|news1|nf20
れえざあでいすく,れ,く,0,high,gai1
せいてつじよ,せ,よ,0,high,news1|nf15
ひきかえ,ひ,え,0,high,ichi1|news1|nf11
さみしい,さ,い,0,high,ichi1|news2|nf33|spec1
へんけん,へ,ん,0,high,ichi1|news1|nf10
とうき,と,き,0,high,ichi1|news1|nf06|nf08|nf13|nf16
でりいと,で,と,0,high,gai1
たきぎ,た,ぎ,0,high,news1|nf21
へいごう,へ,う,0,high,news1|nf12
ひとたび,ひ,び,0,high,news1|nf03
しようぼうちよう,し,う,0,high,news1|nf22
せろてえぷ,せ,ぷ,0,high,ichi1
あらて,あ,て,0,high,news1|nf23
がいしん,が,ん,0,high,news1|nf10
しめる,し,る,0,high,ichi1|news1|news2|nf22|nf25|nf46|spec1
めたりつく,め,く,0,high,gai1
でんばあ,で,あ,0,high,gai1
いしつ,い,つ,0,high,news1|nf11
れんさい,れ,い,0,high,news1|nf07
わざと,わ,と,0,high,ichi1
ろくじゆう,ろ,う,0,high,news1|nf02|spec1
してい,し,い,0,high,gai1|ichi1|news1|nf03|nf06|nf15|nf21
わあく,わ,く,0,high,gai1
おやじ,お,じ,0,high,news2|nf25|spec1
きやりい,き,い,0,high,gai1
にるい,に,い,0,high,news1|nf04
もりあがる,も,る,0,high,ichi1|news2|nf29
れつせい,れ,い,0,high,news1|nf19
ゆでん,ゆ,ん,0,high,ichi1|news1|nf08
りめいく,り,く,0,high,gai1
どくやく,ど,く,0,high,ichi1|news2|nf35
のつとり,の,り,0,high,news1|nf20
ちやつと,ち,と,0,high,gai1
じゆなん,じ,ん,0,high,news1|nf19
ことてん,こ,ん,0,high,news1|nf12
のびやか,の,か,0,high,ichi1|news2|nf32
ちえいん,ち,ん,0,high,gai1
こしよお,こ,お,0,high,ichi1
しいとべると,し,と,0,high,spec1
うつど,う,ど,0,high,gai1
みなり,み,り,0,high,ichi1|news2|nf39
じようれん,じ,ん,0,high,news1|nf12
たるい,た,い,0,high,ichi1
すつごい,す,い,0,high,spec1
そうりよく,そ,く,0,high,news1|nf18
ちい,ち,い,0,high,ichi1|news1|nf03
えんまん,え,ん,0,high,ichi1|news1|nf16
じかんたい,じ,い,0,high,spec1
うけとり,う,り,0,high,ichi1|news1|nf14
すうこ,す,こ,0,high,news1|nf23
くらいまつくす,く,す,0,high,gai1
ぱすてる,ぱ,る,0,high,gai1
きたない,き,い,0,high,ichi1|news2|nf35
まじり,ま,り,0,high,news1|nf23
かち,か,ち,0,high,ichi1|news1|nf03|nf04
しようきよくてき,し,き,0,high,ichi1|news1|nf05
こがらし,こ,し,0,high,ichi1|news2|nf37
いじめ,い,め,0,high,ichi1|spec1
まねじめんと,ま,と,0,high,gai1
なぐる,な,る,0,high,ichi1|news1|nf11
らんちよう,ら,う,0,high,news1|nf18
ろんそう,ろ,う,0,high,ichi1|news1|nf05
けいりよう,け,う,0,high,news1|nf11|nf21
せいじてき,せ,き,0,high,news1|nf03
にちじ,に,じ,0,high,ichi1|news1|nf10
たいめん,た,ん,0,high,news1|nf14
ろす,ろ,す,0,high,gai1
きまま,き,ま,0,high,ichi1
ひがしにし,ひ,し,0,high,ichi1|news1|nf03
もうひ,も,ひ,0,high,ichi1|news1|nf14
かいてん,か,ん,0,high,ichi1|news1|nf07|nf13
きく,き,く,0,high,ichi1|news1|nf09|spec1
よじようはん,よ,ん,0,high,news1|nf24
しんかんせん,し,ん,0,high,ichi1|news1|nf03
みりよくてき,み,き,0,high,spec1
せいとう,せ,う,0,high,ichi1|news1|nf01|nf06|nf18
えれきぎたあ,え,あ,0,high,gai1
ばあてん,ば,ん,0,high,gai1
はやく,は,く,0,high,ichi1
さわぎ,さ,ぎ,0,high,ichi1|news1|nf05
げいいん,げ,ん,0,high,ichi1|news1|nf01
しれいぶ,し,ぶ,0,high,news1|nf07
しのぶ,し,ぶ,0,high,ichi1|news2|nf33|nf38|spec1
ほりゆう,ほ,う,0,high,ichi1|news1|nf14
しちゆええしよん,し,ん,0,high,gai1
びようじよう,び,う,0,high,ichi1|news1|nf11
げんしろ,げ,ろ,0,high,news1|nf06
はたち,は,ち,0,high,ichi1
しんじち,し,ち,0,high,ichi1|news1|nf07
した,し,た,0,high,ichi1|news1|nf11
よそ,よ,そ,0,high,ichi1|news1|nf01|spec1
ぺい,ぺ,い,0,high,gai1
こおち,こ,ち,0,high,gai1|ichi1
たりる,た,る,0,high,ichi1|news2|nf41
ぴいぴんぐとむ,ぴ,む,0,high,gai1
くれ,く,れ,0,high,ichi1|news1|nf06
さかだち,さ,ち,0,high,ichi1|news2|nf43
ちほうぶんけん,ち,ん,0,high,news1|nf08
かしらもじ,か,じ,0,high,news1|nf18
ぶうけ,ぶ,け,0,high,gai1
けんさつちよう,け,う,0,high,news1|nf15
まとまる,ま,る,0,high,ichi1
めいかい,め,い,0,high,news1|nf11
ぺんだんと,ぺ,と,0,high,gai1
むさく,む,く,0,high,news1|nf21
ぐんぞく,ぐ,く,0,high,news1|nf18
なんぽう,な,う,0,high,news1|nf12
すいえい,す,い,0,high,ichi1|news1|nf07
しゆうこう,し,う,0,high,news1|nf24
ふらんく,ふ,く,0,high,gai1
ふうせん,ふ,ん,0,high,ichi1|news1|nf14
まくうち,ま,ち,0,high,news1|nf13
びじゆある,び,る,0,high,gai1
おふいしやる,お,る,0,high,gai1
かん,か,ん,0,high,ichi1|news1|nf03|nf06|nf08|nf12|nf13|nf20|spec1
しりお,し,お,0,high,ichi1
げんじよう,げ,う,0,high,ichi1|news1|nf01|nf02|nf09
ろうさく,ろ,く,0,high,news1|nf22
おんぞん,お,ん,0,high,news1|nf22
やまみち,や,ち,0,high,news1|nf18
じゆうよつか,じ,か,0,high,spec1
けいけん,け,ん,0,high,ichi1|news1|nf02
からあ,か,あ,0,high,gai1|ichi1|spec1
ちしゆ,ち,ゆ,0,high,ichi1|news2|nf37
しすう,し,う,0,high,news1|nf05
ぎらぎら,ぎ,ら,0,high,ichi1|spec1
ろおぷ,ろ,ぷ,0,high,gai1|ichi1
ながす,な,す,0,high,ichi1|news1|nf08
ていすう,て,う,0,high,news1|nf02
こうがくしきもじにんしき,こ,き,0,high,spec1
こんぶ,こ,ぶ,0,high,ichi1|news2|nf28
こがね,こ,ね,0,high,ichi1
ちやぷたあ,ち,あ,0,high,gai1
れんしよう,れ,う,0,high,news1|nf03
ねあんでるたある,ね,る,0,high,gai1
そうかん,そ,ん,0,high,ichi1|news1|news2|nf07|nf15|nf16|nf34
まめちしき,ま,き,0,high,spec1
ばあたあ,ば,あ,0,high,gai1
びくとりあ,び,あ,0,high,gai1
じぶんじしん,じ,ん,0,high,news1|nf09
べおぐらあど,べ,ど,0,high,gai1
いえずくり,い,り,0,high,spec1
そくど,そ,ど,0,high,ichi1|news1|nf07
いちげき,い,き,0,high,news2|nf26|spec1
げさん,げ,ん,0,high,news1|nf19
そえる,そ,る,0,high,ichi1
みかずき,み,き,0,high,ichi1|news2|nf35
ひま,ひ,ま,0,high,ichi1|news1|nf14
でんしん,で,ん,0,high,news1|nf23
えいじゆう,え,う,0,high,news1|nf10
くうこう,く,う,0,high,ichi1|news1|nf01
あつい,あ,い,0,high,ichi1|news1|news2|nf14|nf29|nf34
とし,と,し,0,high,ichi1|news1|nf01|nf02
くりいんあつぷとりお,く,お,0,high,gai1
しゆたいてき,し,き,0,high,news1|nf18
えんやす,え,す,0,high,ichi1|news1|nf07
たちあげる,た,る,0,high,spec1
そくし,そ,し,0,high,ichi1|news2|nf36
はやぐち,は,ち,0,high,ichi1|news1|nf22
いきのこり,い,り,0,high,news1|nf09
だか,だ,か,0,high,gai1|news1|nf12
そうしよく,そ,く,0,high,ichi1|news1|news2|nf11|nf32
やくす,や,す,0,high,ichi1|news2|nf32
ゆうし,ゆ,し,0,high,news1|nf01|nf10
とらふいつく,と,く,0,high,gai1
おこたる,お,る,0,high,ichi1|news2|nf29
ちのう,ち,う,0,high,ichi1|news1|nf19
けいご,け,ご,0,high,ichi1|news1|news2|nf12|nf27
ちじよう,ち,う,0,high,ichi1|news1|nf03
しきち,し,ち,0,high,ichi1|news1|nf06
はつけん,は,ん,0,high,ichi1|news1|nf04
あつさ,あ,さ,0,high,ichi1|news1|nf08|nf09
けいしちよう,け,う,0,high,ichi1|news1|nf02
がやがや,が,や,0,high,ichi1
ちゆうかい,ち,い,0,high,ichi1|news1|nf05
びさい,び,い,0,high,news1|nf21
めいと,め,と,0,high,spec1
たあぼ,た,ぼ,0,high,gai1
まじうる,ま,る,0,high,news1|nf16
そんぞく,そ,く,0,high,news1|nf08
やりきれない,や,い,0,high,ichi1
こゆう,こ,う,0,high,ichi1|news1|nf09
らつきいぞおん,ら,ん,0,high,gai1
きにち,き,ち,0,high,ichi1|news1|nf09
にじつせいき,に,き,0,high,news1|nf11
ちよつけい,ち,い,0,high,ichi1|news1|nf11|nf18
うは,う,は,0,high,news1|nf07
てつや,て,や,0,high,ichi1|news1|nf11
とくい,と,い,0,high,ichi1|news1|nf05|nf11
ぎぶつ,ぎ,つ,0,high,ichi1|news1|nf24
もでる,も,る,0,high,gai1|ichi1
まんどりん,ま,ん,0,high,gai1
ほうちよう,ほ,う,0,high,ichi1|news1|nf10
はいりよ,は,よ,0,high,ichi1|news1|nf04
きしん,き,ん,0,high,ichi1
がくめん,が,ん,0,high,news1|nf08
ぶうる,ぶ,る,0,high,gai1
かあてん,か,ん,0,high,gai1|ichi1
ねおなち,ね,ち,0,high,gai1
にじゆうろくにち,に,ち,0,high,spec1
ばつくすくりいん,ば,ん,0,high,gai1
びいち,び,ち,0,high,gai1|ichi1
きたく,き,く,0,high,ichi1|news1|nf10
ぼおいふれんど,ぼ,ど,0,high,gai1|ichi1
へいねん,へ,ん,0,high,ichi1|news1|nf08
しんがつき,し,き,0,high,ichi1
ばつぐん,ば,ん,0,high,ichi1|news1|nf11
しぎかい,し,い,0,high,news1|nf08
げんそく,げ,く,0,high,ichi1|news1|nf01|nf07
おどかす,お,す,0,high,ichi1|news1|nf18
じよつき,じ,き,0,high,gai1
みずけ,み,け,0,high,news1|nf23
はくし,は,し,0,high,ichi1|news1|nf08
いちぎよう,い,う,0,high,news1|nf07
みんしゆう,み,う,0,high,ichi1|news1|nf07
ぐらす,ぐ,す,0,high,gai1|ichi1
きんようび,き,び,0,high,ichi1
すうぱあまん,す,ん,0,high,gai1
ふりよ,ふ,よ,0,high,ichi1|news2|nf29
にせる,に,る,0,high,ichi1|news2|nf38
ぴん,ぴ,ん,0,high,gai1|ichi1
だいいつぽ,だ,ぽ,0,high,news1|nf07
ないといけない,な,い,0,high,spec1
おうぞく,お,く,0,high,news1|nf22
しがい,し,い,0,high,ichi1|news1|nf10|nf19
ねぞう,ね,う,0,high,ichi1
かたわら,か,ら,0,high,news1|nf14
みせいねん,み,ん,0,high,ichi1|news1|nf15
ゆうそう,ゆ,う,0,high,ichi1|news1|nf12
しよおる,し,る,0,high,gai1
そうむぶ,そ,ぶ,0,high,news1|nf11
ほぼ,ほ,ぼ,0,high,ichi1|news1|nf15|nf16
ぶそう,ぶ,う,0,high,ichi1|news1|nf02
すてんどぐらす,す,す,0,high,gai1
けがわ,け,わ,0,high,ichi1|news1|nf14
ごうりてき,ご,き,0,high,ichi1|news1|nf10
はんじ,は,じ,0,high,ichi1|news1|nf06
ろんかく,ろ,く,0,high,news1|nf19
ねつい,ね,い,0,high,ichi1|news1|nf09
かかす,か,す,0,high,news1|nf06
きんみやく,き,く,0,high,news1|nf23
しよき,し,き,0,high,ichi1|news1|nf01|nf06
ひようめん,ひ,ん,0,high,ichi1|news1|nf04
たぐぼおと,た,と,0,high,gai1
どうこく,ど,く,0,high,news1|nf02
とうぶん,と,ん,0,high,ichi1|news1|news2|nf06|nf33
とらいある,と,る,0,high,gai1
ととのえる,と,る,0,high,ichi1
なつがい,な,い,0,high,ichi1|news1|nf15
もしかして,も,て,0,high,spec1
どうかん,ど,ん,0,high,ichi1|news1|nf17
ねばねば,ね,ば,0,high,ichi1
きかす,き,す,0,high,ichi1|news1|nf04
ぎじゆつしや,ぎ,や,0,high,news1|nf06
ぽおたぶる,ぽ,る,0,high,gai1
さいしゆうてき,さ,き,0,high,news1|nf03
わたくしりつ,わ,つ,0,high,ichi1|news1|nf03
しよせき,し,き,0,high,ichi1|news1|nf09
ふはつ,ふ,つ,0,high,news1|nf15
あんしよう,あ,う,0,high,news1|nf13
あずき,あ,き,0,high,ichi1|news1|nf24
なんだか,な,か,0,high,ichi1|news1|nf19
ほくぶ,ほ,ぶ,0,high,ichi1|news1|nf04
げんぎ,げ,ぎ,0,high,news1|nf22
せいきまつ,せ,つ,0,high,news1|nf13
ひのめ,ひ,め,0,high,news1|nf23
はいりぐち,は,ち,0,high,ichi1|news1|nf05
になると,に,と,0,high,spec1
いいあらわす,い,す,0,high,ichi1
いりゆうじよん,い,ん,0,high,gai1
きみつ,き,つ,0,high,news1|nf12
ふりよう,ふ,う,0,high,ichi1|news1|nf06
ちゆうか,ち,か,0,high,ichi1|news1|nf08
ごうひ,ご,ひ,0,high,news1|nf16
ひとりで,ひ,で,0,high,ichi1
そくばく,そ,く,0,high,ichi1|news2|nf33
あつち,あ,ち,0,high,ichi1
れいきん,れ,ん,0,high,ichi1|news2|nf33
ぶつてき,ぶ,き,0,high,news1|nf22
りぞおと,り,と,0,high,gai1
ほんかいぎ,ほ,ぎ,0,high,news1|nf02
ねぎ,ね,ぎ,0,high,ichi1
ふおわあど,ふ,ど,0,high,gai1
ゆそう,ゆ,う,0,high,ichi1|news1|nf02
とみ,と,み,0,high,ichi1|news1|nf06
まんと,ま,と,0,high,gai1
ばむばむ,ば,む,0,high,gai1
なだめる,な,る,0,high,ichi1
さふあり,さ,り,0,high,gai1
にぐん,に,ん,0,high,news1|nf15
さんこつ,さ,つ,0,high,news1|nf21
うそつき,う,き,0,high,ichi1
しんぐ,し,ぐ,0,high,news1|nf18
れんたい,れ,い,0,high,ichi1|news1|nf07|nf18
みじん,み,ん,0,high,spec1
じやいあんと,じ,と,0,high,gai1
しゆぎよう,し,う,0,high,ichi1|news1|nf05|nf15
りつぽうふ,り,ふ,0,high,news1|nf21
うえる,う,る,0,high,ichi1|news1|news2|nf24|nf45
まだまだ,ま,だ,0,high,spec1
れんず,れ,ず,0,high,gai1|ichi1
でんちゆう,で,う,0,high,ichi1|news1|nf20
おろそか,お,か,0,high,ichi1
そつか,そ,か,0,high,spec1
つくりあげる,つ,る,0,high,ichi1|news2|nf33
つきあたる,つ,る,0,high,ichi1|news2|nf39
きやらくたあ,き,あ,0,high,gai1
ゆうべん,ゆ,ん,0,high,news1|nf20
ぼうりよく,ぼ,く,0,high,ichi1|news1|nf04
ひつけん,ひ,ん,0,high,spec1
ぶんぽう,ぶ,う,0,high,ichi1|news1|nf22
げえむ,げ,む,0,high,gai1|ichi1
すたあと,す,と,0,high,gai1|ichi1
ふち,ふ,ち,0,high,ichi1|news1|nf05|nf16
おみこし,お,し,0,high,ichi1
はびこる,は,る,0,high,ichi1
ぶんめん,ぶ,ん,0,high,news1|nf20
ぜいほう,ぜ,う,0,high,news1|nf13
のうり,の,り,0,high,news1|nf19
なぜか,な,か,0,high,ichi1
あたりめえ,あ,え,0,high,ichi1|news1|nf06
くちげんか,く,か,0,high,ichi1
ゆうごすらびあ,ゆ,あ,0,high,gai1
いちらんひよう,い,う,0,high,news1|nf15
ぱあそなる,ぱ,る,0,high,gai1
しゆうし,し,し,0,high,ichi1|news1|nf03|nf09|nf21
いばしよ,い,よ,0,high,news1|nf20
じようじ,じ,じ,0,high,news1|nf12
ゆうだい,ゆ,い,0,high,ichi1|news1|nf23
たいりよう,た,う,0,high,ichi1|news1|nf03
かばん,か,ん,0,high,ichi1
ふぞく,ふ,く,0,high,ichi1|news1|nf05
いつつ,い,つ,0,high,ichi1|news1|nf09
しゆうりようご,し,ご,0,high,news1|nf04
まつく,ま,く,0,high,gai1
しようちゆうがくせい,し,い,0,high,spec1
せいぶん,せ,ん,0,high,ichi1|news1|nf07
べえす,べ,す,0,high,gai1
ささえる,さ,る,0,high,ichi1
おおきさ,お,さ,0,high,ichi1
へりうむ,へ,む,0,high,gai1
きじく,き,く,0,high,news1|nf16
まんかい,ま,い,0,high,news1|nf18
ふみた,ふ,た,0,high,ichi1|news1|nf05
たちなおり,た,り,0,high,news1|nf22
しりんじ,し,じ,0,high,gai1
じしゆ,じ,ゆ,0,high,ichi1|news1|news2|nf03|nf26
まれえしあ,ま,あ,0,high,gai1
ここちいい,こ,い,0,high,spec1
ころなういるす,こ,す,0,high,spec1
はあどでいすく,は,く,0,high,gai1
ひきしめる,ひ,る,0,high,ichi1|ichi2|news2|nf29
せいじはん,せ,ん,0,high,news1|nf11
いじん,い,ん,0,high,ichi1|news2|nf32
るうむ,る,む,0,high,gai1|ichi1
ふるほん,ふ,ん,0,high,ichi1|news1|nf19
りやくご,り,ご,0,high,ichi1|news2|nf32
きちようひん,き,ん,0,high,ichi1|news2|nf27
ひようさつ,ひ,つ,0,high,ichi1|news2|nf37
かもつ,か,つ,0,high,ichi1|news1|nf06
おくゆき,お,き,0,high,ichi1|news1|nf12
ぽつぷああと,ぽ,と,0,high,gai1
いちぐん,い,ん,0,high,news1|nf11
きようわせい,き,い,0,high,news1|nf21
うりあげきん,う,ん,0,high,news1|nf16
おびえる,お,る,0,high,spec1
じゆんじゆんに,じ,に,0,high,ichi1
によおう,に,う,0,high,ichi1|news1|nf06
いつしゆうねん,い,ん,0,high,news1|nf17
のりきる,の,る,0,high,news2|nf28|spec1
ちようしよ,ち,よ,0,high,ichi1|news1|nf06|nf15
おにがみ,お,み,0,high,ichi1
さんとら,さ,ら,0,high,gai1
ごうばん,ご,ん,0,high,ichi1|news1|nf24
けつしよう,け,う,0,high,ichi1|news1|nf02|nf13
ほうもつ,ほ,つ,0,high,ichi1|news1|nf17
じす,じ,す,0,high,gai1|news1|nf11
ざり,ざ,り,0,high,news1|nf19
あのよ,あ,よ,0,high,ichi1
げねつ,げ,つ,0,high,ichi1|news2|nf44
ろんぐせらあ,ろ,あ,0,high,gai1
さいこうきゆう,さ,う,0,high,news1|nf20
なんで,な,で,0,high,ichi1|news1|nf15
こきん,こ,ん,0,high,news1|nf16
ろうかく,ろ,く,0,high,news1|nf23
さいなん,さ,ん,0,high,ichi1|news2|nf27
いちにちじゆう,い,う,0,high,ichi1
ぶんしん,ぶ,ん,0,high,news1|nf22
らふと,ら,と,0,high,gai1
あだぷたあ,あ,あ,0,high,gai1
ひじ,ひ,じ,0,high,ichi1
おくれる,お,る,0,high,ichi1|news2|nf47
みり,み,り,0,high,gai1|ichi1
かつぱつ,か,つ,0,high,ichi1|news1|nf03
かりに,か,に,0,high,ichi1|news1|nf05
やま,や,ま,0,high,ichi1|news1|nf02
とうるい,と,い,0,high,news1|nf11
よろよろ,よ,ろ,0,high,ichi1
へんしん,へ,ん,0,high,ichi1|news1|nf13|nf17
しやいん,し,ん,0,high,ichi1|news1|nf02
じゆどうてき,じ,き,0,high,ichi1
おいて,お,て,0,high,news1|nf09
つけこむ,つ,む,0,high,ichi1|news2|nf47
ふとりじし,ふ,し,0,high,news1|nf21
きやすていんぐ,き,ぐ,0,high,gai1
まにあつく,ま,く,0,high,gai1
ちばん,ち,ん,0,high,news1|nf06
かいへいたい,か,い,0,high,news1|nf12
ひまがない,ひ,い,0,high,spec1
しらかんば,し,ば,0,high,news1|nf24
どうじに,ど,に,0,high,spec1
じようえい,じ,い,0,high,ichi1|news1|nf07
せいじやく,せ,く,0,high,ichi1|news2|nf27
えんか,え,か,0,high,news1|nf12|nf18
しよくりようひん,し,ん,0,high,news1|nf09
あんみん,あ,ん,0,high,news2|nf42|spec1
はつあん,は,ん,0,high,news1|nf19
ろおしよん,ろ,ん,0,high,gai1
ばんぐみ,ば,み,0,high,ichi1|news1|nf01
きやんぷ,き,ぷ,0,high,gai1|ichi1
こんびにえんす,こ,す,0,high,gai1
ねえる,ね,る,0,high,spec1
ぱちぱち,ぱ,ち,0,high,ichi1|spec1
いちめん,い,ん,0,high,ichi1|news1|nf06
れんだ,れ,だ,0,high,news1|nf08
ばしゆ,ば,ゆ,0,high,news1|nf23
もちまえ,も,え,0,high,news1|nf15
さうすかろらいな,さ,な,0,high,gai1
さそう,さ,う,0,high,ichi1|news1|nf10
そうきちりよう,そ,う,0,high,spec1
かみすり,か,り,0,high,ichi1
すぴいでいい,す,い,0,high,gai1
こまごま,こ,ま,0,high,spec1
やくどう,や,う,0,high,news1|nf21
しゆうろく,し,く,0,high,news1|nf10
にじゆうよつか,に,か,0,high,spec1
でいりい,で,い,0,high,gai1
うええるず,う,ず,0,high,gai1
じゆんこう,じ,う,0,high,news1|nf20
たんこう,た,う,0,high,news1|nf10
じかつ,じ,つ,0,high,ichi1|news2|nf43
もうてん,も,ん,0,high,ichi1|news2|nf28
めんどう,め,う,0,high,ichi1|news1|nf08
さばく,さ,く,0,high,ichi1|news1|nf06
こうしゆ,こ,ゆ,0,high,news1|nf10|nf21
どらごん,ど,ん,0,high,gai1
かおく,か,く,0,high,ichi1|news1|nf11
そつこく,そ,く,0,high,news1|nf22
ふくめる,ふ,る,0,high,ichi1
はいむ,は,む,0,high,gai1
わくわく,わ,く,0,high,ichi1|spec1
ぞくする,ぞ,る,0,high,ichi1|news1|nf11
かなう,か,う,0,high,ichi1
だびんぐ,だ,ぐ,0,high,gai1
みみもと,み,と,0,high,ichi1|news2|nf36
はげ,は,げ,0,high,ichi1|spec1
ふえにつくす,ふ,す,0,high,gai1
わな,わ,な,0,high,ichi1|news2|nf42
ぎようじ,ぎ,じ,0,high,ichi1|news1|nf05|nf19
そしよう,そ,う,0,high,ichi1|news1|nf02
しやかいきよういく,し,く,0,high,news1|nf19
へんよう,へ,う,0,high,ichi1|news1|nf19
よきん,よ,ん,0,high,ichi1|news1|nf03
ああ,あ,あ,0,high,spec1
ぽけつと,ぽ,と,0,high,gai1|ichi1
きとく,き,く,0,high,ichi1|news2|nf28
なんい,な,い,0,high,ichi1|news2|nf29
せろん,せ,ん,0,high,ichi1|news1|nf02
おぼえがき,お,き,0,high,news1|nf11
みならい,み,い,0,high,ichi1|news2|nf33
はじく,は,く,0,high,ichi1
こくぐん,こ,ん,0,high,news1|nf06
はたらく,は,く,0,high,ichi1
くれんざあ,く,あ,0,high,gai1
けつさく,け,く,0,high,ichi1|news1|nf13
まりん,ま,ん,0,high,gai1
ちぎる,ち,る,0,high,ichi1
にんにく,に,く,0,high,spec1
ちゆうさい,ち,い,0,high,ichi1|news1|nf16
みつゆ,み,ゆ,0,high,ichi1|news1|nf09
べんさい,べ,い,0,high,ichi1|news2|nf34
らくえん,ら,ん,0,high,news1|nf19
かえりみち,か,ち,0,high,news2|nf28|spec1
さる,さ,る,0,high,ichi1|news1|news2|nf14|nf24|nf29|spec1
あいこん,あ,ん,0,high,spec1
きゆうそく,き,く,0,high,ichi1|news1|nf03|nf23
ひんしつ,ひ,つ,0,high,ichi1|news1|nf07
こんぱ,こ,ぱ,0,high,gai1
どらむすこ,ど,こ,0,high,spec1
きのこ,き,こ,0,high,ichi1|news2|nf47
とり,と,り,0,high,ichi1|news1|news2|nf04|nf14|nf32|spec1
たてよこ,た,こ,0,high,ichi1
がいらい,が,い,0,high,news1|nf11
にゆうえん,に,ん,0,high,news1|nf17
こうきよ,こ,よ,0,high,news1|nf07
しんぶんしや,し,や,0,high,ichi1|news1|nf05
まにきゆあ,ま,あ,0,high,gai1
ひつじゆん,ひ,ん,0,high,ichi1
したくちびる,し,る,0,high,ichi1
へんかん,へ,ん,0,high,ichi1|news1|nf03|nf20
ひこうしき,ひ,き,0,high,news1|nf05
てつぱい,て,い,0,high,news1|nf06
ばくおん,ば,ん,0,high,news1|nf24
ひざ,ひ,ざ,0,high,ichi1|news2|nf27
ぶつりてき,ぶ,き,0,high,spec1
そうだんじよ,そ,よ,0,high,news1|nf15
あんかあ,あ,あ,0,high,gai1
たぶう,た,う,0,high,gai1
ひざまずく,ひ,く,0,high,ichi1
すいへん,す,ん,0,high,news1|nf20
とくだん,と,ん,0,high,news1|nf23
なかがい,な,い,0,high,ichi1|news2|nf47
たいかい,た,い,0,high,ichi1|news1|nf01
だいちよう,だ,う,0,high,news1|nf15|nf18
くらべ,く,べ,0,high,news1|nf13
きんむ,き,む,0,high,ichi1|news1|nf03
しやかいふつき,し,き,0,high,news1|nf20
まねる,ま,る,0,high,ichi1
きりすと,き,と,0,high,gai1|ichi1
しようめい,し,い,0,high,ichi1|news1|nf06|nf08
ざつきよ,ざ,よ,0,high,news1|nf24
たいおんけい,た,い,0,high,ichi1|news2|nf37
えどつこ,え,こ,0,high,news1|nf23
とまと,と,と,0,high,gai1|ichi1
さんどう,さ,う,0,high,news1|nf15|nf18|nf20
はんで,は,で,0,high,gai1
れいんぼおふいつしゆ,れ,ゆ,0,high,gai1
しんたい,し,い,0,high,ichi1|news1|nf09|nf15
せんじつ,せ,つ,0,high,ichi1|news1|nf06
なれえたあ,な,あ,0,high,gai1
めたのおる,め,る,0,high,gai1
かでん,か,ん,0,high,news1|nf05
えんしゆう,え,う,0,high,ichi1|news1|nf06
ぶい,ぶ,い,0,high,gai1|news1|nf21
かれんしい,か,い,0,high,gai1
やまがた,や,た,0,high,news1|nf05
さいぶ,さ,ぶ,0,high,news1|nf12
しようこく,し,く,0,high,news1|nf12
きりさげ,き,げ,0,high,news1|nf18
いままで,い,で,0,high,ichi1|news1|nf08
りようきん,り,ん,0,high,ichi1|news1|nf02
せいじようか,せ,か,0,high,news1|nf13
てつぺい,て,い,0,high,ichi1
ろんずる,ろ,る,0,high,ichi1|news2|nf27
ひといき,ひ,き,0,high,news2|nf25|spec1
そしき,そ,き,0,high,ichi1|news1|nf01
なえる,な,る,0,high,spec1
せくしい,せ,い,0,high,gai1
なかま,な,ま,0,high,ichi1|news1|nf02
しゆうとう,し,う,0,high,news1|nf19
みようごにち,み,ち,0,high,ichi1
ほうがく,ほ,く,0,high,ichi1|news1|news2|nf06|nf16|nf27
りよこうしや,り,や,0,high,spec1
むうらん,む,ん,0,high,gai1
みのしろきんようきゆう,み,う,0,high,news1|nf11
くらいあんと,く,と,0,high,gai1
いけ,い,け,0,high,ichi1|news1|nf05
くろと,く,と,0,high,ichi1|news2|nf29
どんぐり,ど,り,0,high,spec1
じゆうそく,じ,く,0,high,news1|nf23
ぱんこ,ぱ,こ,0,high,spec1
いぎ,い,ぎ,0,high,ichi1|news1|nf04|nf10
はいにん,は,ん,0,high,news1|nf07
がくもん,が,ん,0,high,ichi1|news1|nf10
さんふらんしすこ,さ,こ,0,high,gai1
せんじん,せ,ん,0,high,news1|nf21|nf24
めたぼりつく,め,く,0,high,spec1
こんぱにおん,こ,ん,0,high,gai1
えいのう,え,う,0,high,news1|nf21
こん,こ,ん,0,high,ichi1|news1|nf11
はんしん,は,ん,0,high,ichi1|news1|nf03|nf23
えれがんと,え,と,0,high,gai1
くりいく,く,く,0,high,gai1
ねかせる,ね,る,0,high,ichi1|news2|nf40
くらべる,く,る,0,high,ichi1|news1|nf02
これくたあ,こ,あ,0,high,gai1
くわいあ,く,あ,0,high,gai1
たいにん,た,ん,0,high,news1|nf10
けつぎ,け,ぎ,0,high,ichi1|news1|nf01
まにゆある,ま,る,0,high,gai1
ぺすと,ぺ,と,0,high,gai1
よくじよう,よ,う,0,high,news1|nf21
あくしでんと,あ,と,0,high,gai1
ぶるせら,ぶ,ら,0,high,gai1
がくひ,が,ひ,0,high,ichi1|news1|nf17
しようわくせい,し,い,0,high,news1|nf23
いずく,い,く,0,high,ichi1|news2|nf47
なぞ,な,ぞ,0,high,ichi1|news1|nf14
のむ,の,む,0,high,ichi1|news2|nf35|nf40|spec1
うぶだし,う,し,0,high,news1|nf13
でれげえしよん,で,ん,0,high,gai1
ひみつ,ひ,つ,0,high,ichi1|news1|nf04
そぼく,そ,く,0,high,ichi1|news1|nf11
おんな,お,な,0,high,ichi1|news1|nf02
げんば,げ,ば,0,high,ichi1|news1|nf01
りようはし,り,し,0,high,ichi1|news1|nf23
たよりない,た,い,0,high,ichi1
むしよぞく,む,く,0,high,news1|nf04
あかつき,あ,き,0,high,news1|nf12
きねんひ,き,ひ,0,high,news1|nf15
つい,つ,い,0,high,ichi1
ぎやろつぴんぐいんふれ,ぎ,れ,0,high,gai1
くにびと,く,と,0,high,news1|nf09
くりのべ,く,べ,0,high,news1|nf15
ひんと,ひ,と,0,high,gai1|ichi1
きんがく,き,く,0,high,ichi1|news1|nf03
でんばた,で,た,0,high,ichi1|news1|nf16
きんじよ,き,よ,0,high,ichi1|news1|nf06
のびる,の,る,0,high,ichi1|news2|nf26
りはびり,り,り,0,high,gai1
すぺえしんぐ,す,ぐ,0,high,gai1
みつともない,み,い,0,high,ichi1
ぶりたにあ,ぶ,あ,0,high,gai1
ひきうける,ひ,る,0,high,ichi1|news2|nf38
さあちらいと,さ,と,0,high,gai1
やぶれる,や,る,0,high,ichi1
ぐるうぷほおむ,ぐ,む,0,high,spec1
なかよし,な,し,0,high,ichi1|news1|nf24
あいしよう,あ,う,0,high,news1|nf10|nf15
だんじよう,だ,う,0,high,news1|nf17
にじゆうはちにち,に,ち,0,high,spec1
かくだんとう,か,う,0,high,news1|nf12
ぞうか,ぞ,か,0,high,ichi1|news1|nf02
すでに,す,に,0,high,ichi1|news1|nf04
まどれえぬ,ま,ぬ,0,high,gai1
げんり,げ,り,0,high,ichi1|news1|nf04
じつたいちようさ,じ,さ,0,high,news1|nf08
みかん,み,ん,0,high,ichi1
けはい,け,い,0,high,ichi1|news1|nf06
てきせつ,て,つ,0,high,ichi1|news1|nf04
かんしよう,か,う,0,high,ichi1|news1|nf09|nf12|nf19|nf24
あおざめる,あ,る,0,high,ichi1|news2|nf27
ふかのう,ふ,う,0,high,ichi1|news1|nf07
ぎろちん,ぎ,ん,0,high,gai1
ちよくぜん,ち,ん,0,high,ichi1|news1|nf02
はらいもどす,は,す,0,high,ichi1|news2|nf47
とらふ,と,ふ,0,high,gai1
しよけい,し,い,0,high,ichi1|news1|nf15
ほおえむ,ほ,む,0,high,ichi1
そんみん,そ,ん,0,high,news1|nf15
しゆんとう,し,う,0,high,news1|nf05
かんぜん,か,ん,0,high,ichi1|news1|nf04
でんし,で,し,0,high,ichi1|news1|nf04
とりかえす,と,す,0,high,ichi1|news2|nf46
きり,き,り,0,high,ichi1|news1|nf10|nf11|nf17
かかえ,か,え,0,high,news1|nf23
しゆかん,し,ん,0,high,ichi1|news1|news2|nf14|nf18|nf28
ふあんだめんたるず,ふ,ず,0,high,gai1
ゆうぼく,ゆ,く,0,high,news1|nf19
すそ,す,そ,0,high,ichi1|news2|nf34
しつこういいん,し,ん,0,high,news1|nf10
さはらさばく,さ,く,0,high,spec1
しろぎぬ,し,ぬ,0,high,ichi1|news1|nf23
なんともいえない,な,い,0,high,spec1
きやんぴんぐかあ,き,あ,0,high,gai1
いちえん,い,ん,0,high,ichi1|news1|nf10
ずきずき,ず,き,0,high,ichi1
のうし,の,し,0,high,ichi1|news1|nf03
たり,た,り,0,high,spec1
りべらる,り,る,0,high,gai1
まかす,ま,す,0,high,ichi1|news1|nf13
さとおや,さ,や,0,high,news1|nf21
かくねんりよう,か,う,0,high,news1|nf07
たんさん,た,ん,0,high,ichi1|news1|news2|nf20|nf26
かんそう,か,う,0,high,ichi1|news1|nf04|nf12|nf22
さいせん,さ,ん,0,high,news1|nf08
しゆうごう,し,う,0,high,ichi1|news1|nf09
いぎよう,い,う,0,high,news1|nf22
ゆらい,ゆ,い,0,high,ichi1|news1|nf15
よん,よ,ん,0,high,ichi1|news1|nf01
もざんびいく,も,く,0,high,gai1
さいんかい,さ,い,0,high,spec1
じむいん,じ,ん,0,high,ichi1|news1|nf20
のだ,の,だ,0,high,spec1
かまえる,か,る,0,high,ichi1
でしいり,で,り,0,high,ichi1|news2|nf41
こんばいん,こ,ん,0,high,gai1
うむ,う,む,0,high,ichi1|news1|news2|nf07|nf30
だいしゆうごう,だ,う,0,high,spec1
りびんぐ,り,ぐ,0,high,gai1
ほんじようし,ほ,し,0,high,news1|nf21
めつしゆ,め,ゆ,0,high,gai1
みぞ,み,ぞ,0,high,ichi1|news1|nf09
ふぶき,ふ,き,0,high,ichi1|news1|nf19
かいしよく,か,く,0,high,ichi1|news1|nf13|nf21
ぎよこう,ぎ,う,0,high,news1|nf17
すけえる,す,る,0,high,gai1
せしうむ,せ,む,0,high,gai1
きごう,き,う,0,high,ichi1|news1|nf14
ぷれぜんてえしよん,ぷ,ん,0,high,gai1
ないん,な,ん,0,high,gai1
しようりよく,し,く,0,high,news1|nf15
ふしんにん,ふ,ん,0,high,news1|nf05
みつかる,み,る,0,high,ichi1|news1|nf11
てんぷく,て,く,0,high,ichi1|news1|nf17
あき,あ,き,0,high,ichi1|news1|news2|nf01|nf13|nf32
やうち,や,ち,0,high,ichi1|news1|nf20
びざ,び,ざ,0,high,gai1|ichi1
めいせい,め,い,0,high,ichi1|news1|nf22
はつたいめん,は,ん,0,high,news1|nf21
つきなみ,つ,み,0,high,ichi1|news2|nf42
ありがち,あ,ち,0,high,spec1
うまれそだつ,う,つ,0,high,spec1
ふれんどりい,ふ,い,0,high,spec1
もんたな,も,な,0,high,gai1
がつき,が,き,0,high,ichi1|news1|nf07|nf16
かゆ,か,ゆ,0,high,news1|nf24
のつくだうん,の,ん,0,high,gai1
かいはつしや,か,や,0,high,spec1
きようさい,き,い,0,high,news1|nf09|nf12
いこおる,い,る,0,high,gai1
いちじんぶつ,い,つ,0,high,news1|nf24
しにあ,し,あ,0,high,gai1
おもいやり,お,り,0,high,ichi1|news1|nf12
しゆつとう,し,う,0,high,news1|nf13
へなつち,へ,ち,0,high,ichi1|news1|nf19
ゆだねる,ゆ,る,0,high,ichi1
ぎようかく,ぎ,く,0,high,news1|nf06
ぼうちよう,ぼ,う,0,high,ichi1|news1|nf12
まるごと,ま,と,0,high,news1|nf22
けんちよ,け,よ,0,high,news1|nf10
じやつき,じ,き,0,high,gai1
ばりかん,ば,ん,0,high,gai1
あわい,あ,い,0,high,ichi1|news1|nf05
まんしよん,ま,ん,0,high,gai1|ichi1
きようさく,き,く,0,high,news1|nf13
えぷろん,え,ん,0,high,gai1
ぼおつと,ぼ,と,0,high,spec1
はあばあ,は,あ,0,high,gai1
かんりしよく,か,く,0,high,news1|nf07
よぶ,よ,ぶ,0,high,ichi1|news1|nf02
まつしろ,ま,ろ,0,high,ichi1|news1|nf15
かんこうちよう,か,う,0,high,news1|nf18
ひどり,ひ,り,0,high,news1|nf10
あらわれる,あ,る,0,high,ichi1|news1|nf24
ひつてき,ひ,き,0,high,ichi1|news1|nf10
あしすたんと,あ,と,0,high,gai1
ねん,ね,ん,0,high,news1|nf06|spec1
かねる,か,る,0,high,ichi1|news1|nf23
にわり,に,り,0,high,spec1
ちよくし,ち,し,0,high,ichi1|news2|nf36
うらぎりもの,う,の,0,high,news1|nf24
じゆうりよう,じ,う,0,high,ichi1|news1|nf07|nf10
そうかがつかい,そ,い,0,high,news1|nf09
きゆうじゆう,き,う,0,high,news1|nf06|spec1
ぷれすりりいす,ぷ,す,0,high,gai1
いそいで,い,で,0,high,news1|nf06
ねとぼける,ね,る,0,high,ichi1
ぽけつとまねえ,ぽ,え,0,high,gai1
かわせそうば,か,ば,0,high,news1|nf10
ほんきよ,ほ,よ,0,high,news1|nf07
ほけんじよ,ほ,よ,0,high,news1|nf12|spec1
でんとうぶんか,で,か,0,high,spec1
けいろう,け,う,0,high,ichi1|news1|nf22
こせいてき,こ,き,0,high,spec1
もとも,も,も,0,high,ichi1|news1|nf01
たより,た,り,0,high,ichi1|news1|nf07|nf13
これから,こ,ら,0,high,ichi1
つゆあけ,つ,け,0,high,ichi1|news1|nf18
てんのうへいか,て,か,0,high,news1|nf06
ねまき,ね,き,0,high,ichi1|news2|nf42
ぴりおど,ぴ,ど,0,high,gai1|ichi1
なん,な,ん,0,high,ichi1|news1|nf11
ひつくりかえる,ひ,る,0,high,ichi2|spec1
いふく,い,く,0,high,ichi1|news1|nf13
わいどしよお,わ,お,0,high,gai1
ふけつ,ふ,つ,0,high,ichi1|news2|nf30
けが,け,が,0,high,ichi1
きよくげん,き,ん,0,high,ichi1|news1|nf15
そんぎかい,そ,い,0,high,news1|nf19
こんじよう,こ,う,0,high,ichi1|news1|nf18
きゆうい,き,い,0,high,news1|nf12
びいだま,び,ま,0,high,spec1
しようひしや,し,や,0,high,ichi1|news1|nf02
ごこく,ご,く,0,high,news1|nf15
しゆくが,し,が,0,high,news1|nf11
としよしつ,と,つ,0,high,ichi1
さいせいき,さ,き,0,high,news1|nf15
やきもち,や,ち,0,high,ichi1
おぺれえしよん,お,ん,0,high,gai1
さんぶつ,さ,つ,0,high,ichi1|news1|nf13
すちゆわあです,す,す,0,high,gai1|ichi1
じんこう,じ,う,0,high,ichi1|news1|nf01|nf05
すきい,す,い,0,high,gai1|ichi1
げきてき,げ,き,0,high,ichi1|news1|nf10
かてごりい,か,い,0,high,gai1
ないといけません,な,ん,0,high,spec1
りいち,り,ち,0,high,gai1
げんだいてき,げ,き,0,high,news1|nf18
えるさるばどる,え,る,0,high,gai1
かみのけ,か,け,0,high,ichi1|news1|nf19
みぎした,み,た,0,high,spec1
もうけ,も,け,0,high,ichi1|news2|nf37
よやくちゆうもん,よ,ん,0,high,spec1
きゆうちゆう,き,う,0,high,news1|nf15
とおたる,と,る,0,high,gai1
ぽりまあ,ぽ,あ,0,high,gai1
いいぶん,い,ん,0,high,news1|nf11
へんじゆう,へ,う,0,high,news1|nf14
しよいん,し,ん,0,high,news1|news2|nf08|nf23|nf33
さいまつ,さ,つ,0,high,ichi1|news2|nf26
ばぬし,ば,し,0,high,news1|nf23
みじかめ,み,め,0,high,news2|nf36|spec1
がいこく,が,く,0,high,ichi1|news1|nf01
まなこ,ま,こ,0,high,ichi1
すけつち,す,ち,0,high,gai1
しよろう,し,う,0,high,news1|nf24
あいすくりいむ,あ,む,0,high,gai1|ichi1
たいまあ,た,あ,0,high,gai1
ぐらんす,ぐ,す,0,high,gai1
のばなし,の,し,0,high,news1|nf19
じこかんり,じ,り,0,high,spec1
にぎらす,に,す,0,high,news1|nf20
じかく,じ,く,0,high,ichi1|news1|nf09
いろどる,い,る,0,high,news1|nf21
くばりもの,く,の,0,high,news1|nf17
せつそく,せ,く,0,high,news1|nf21
かぶせる,か,る,0,high,ichi1
ほさ,ほ,さ,0,high,ichi1|news1|nf06
やまのぼり,や,り,0,high,ichi1|news2|nf25
ほつとらいん,ほ,ん,0,high,gai1
めどれえ,め,え,0,high,gai1
やるき,や,き,0,high,spec1
ことになる,こ,る,0,high,spec1
みにつける,み,る,0,high,spec1
りく,り,く,0,high,ichi1|news1|nf05
とうちよく,と,く,0,high,news1|nf24
ぐうぞう,ぐ,う,0,high,ichi1|news2|nf37
あせすめんと,あ,と,0,high,gai1
してん,し,ん,0,high,ichi1|news1|nf02|nf04
ばつさい,ば,い,0,high,news1|nf10
とらつど,と,ど,0,high,gai1
かみつ,か,つ,0,high,news1|nf16
ふとう,ふ,う,0,high,ichi1|news1|nf05
べん,べ,ん,0,high,news1|nf10
てつぼう,て,う,0,high,ichi1|news1|nf21
ぶんぴ,ぶ,ぴ,0,high,ichi1|news1|nf20
いしぶみ,い,み,0,high,news1|nf09
いんせき,い,き,0,high,news1|nf14
ふらいほいいる,ふ,る,0,high,gai1
ほうが,ほ,が,0,high,news1|news2|nf23|nf41|spec1
きさい,き,い,0,high,news1|nf08|nf22
かいめん,か,ん,0,high,ichi1|news1|nf13
いつしゆう,い,う,0,high,ichi1|news1|nf13
あらの,あ,の,0,high,ichi1|news2|nf25
ぐりいんふいい,ぐ,い,0,high,gai1
とまほおく,と,く,0,high,gai1
おいこす,お,す,0,high,ichi1|news2|nf42
よくばり,よ,り,0,high,ichi1|news2|nf41
しゆうち,し,ち,0,high,news1|nf11
ないこう,な,う,0,high,ichi1|news2|nf34
えきさいと,え,と,0,high,gai1
おうねん,お,ん,0,high,news1|nf19
すうせん,す,ん,0,high,news2|nf33|spec1
げや,げ,や,0,high,news1|nf19
はやせ,は,せ,0,high,news1|nf24
ひらきなおる,ひ,る,0,high,news1|nf24
しかも,し,も,0,high,ichi1
みめい,み,い,0,high,ichi1|news1|nf03
せおう,せ,う,0,high,ichi1|news2|nf37
ざつぼくりん,ざ,ん,0,high,news1|nf16
しみいず,し,ず,0,high,gai1
この,こ,の,0,high,ichi1|news1|nf01
みつこう,み,う,0,high,news1|nf19
しんじゆ,し,ゆ,0,high,ichi1|news1|nf16
いてん,い,ん,0,high,ichi1|news1|nf04
まつさき,ま,き,0,high,ichi1|news1|nf14
うまぐるま,う,ま,0,high,news1|nf20
ぷろもおしよん,ぷ,ん,0,high,gai1
せいたい,せ,い,0,high,ichi1|news1|nf09|nf11
じんぎすかん,じ,ん,0,high,spec1
だいひようてき,だ,き,0,high,news1|nf12
かさいりゆう,か,う,0,high,news1|nf07
すぴいち,す,ち,0,high,gai1|ichi1
さいわいです,さ,す,0,high,spec1
つぎのように,つ,に,0,high,spec1
しなやか,し,か,0,high,ichi1
たいくかん,た,ん,0,high,spec1
きゆうぞう,き,う,0,high,ichi1|news1|nf08
ていきけん,て,ん,0,high,ichi1|news1|nf19
ぱい,ぱ,い,0,high,gai1
ごうりゆう,ご,う,0,high,news2|nf27|spec1
ていきよきん,て,ん,0,high,news1|nf10
いすらむ,い,む,0,high,gai1
しんぞうびよう,し,う,0,high,news1|nf12
うるし,う,し,0,high,news1|nf19
あんばらんす,あ,す,0,high,gai1
くらつしゆ,く,ゆ,0,high,gai1
じつすう,じ,う,0,high,news1|nf21
ようちゆうい,よ,い,0,high,ichi1
そせん,そ,ん,0,high,ichi1|news1|nf16
きんよう,き,う,0,high,ichi1|news1|nf08
てれびばんぐみ,て,み,0,high,spec1
おぎなう,お,う,0,high,ichi1|news2|nf43
ざいしつ,ざ,つ,0,high,news1|nf17
じめじめ,じ,め,0,high,ichi1
あやぶむ,あ,む,0,high,news1|nf15
せつき,せ,き,0,high,news1|nf14|nf18
あんぴ,あ,ぴ,0,high,ichi1|news1|nf19
はつちよう,は,う,0,high,news1|nf22
あじのもと,あ,と,0,high,news1|nf23
です,で,す,0,high,spec1
ものくろ,も,ろ,0,high,gai1
でぽじつと,で,と,0,high,gai1
あだびと,あ,と,0,high,ichi1|news1|nf05
ばんく,ば,く,0,high,gai1
りさいたる,り,る,0,high,gai1
とまどい,と,い,0,high,news1|nf09
しやくほう,し,う,0,high,ichi1|news1|nf09
つまむ,つ,む,0,high,ichi1|news2|nf31
きようしゆう,き,う,0,high,ichi1|news1|nf16|nf21
つめきり,つ,り,0,high,ichi1
ふおおまつと,ふ,と,0,high,gai1
ちようそん,ち,ん,0,high,news1|nf12
ちけい,ち,い,0,high,ichi1|news1|nf14
つのる,つ,る,0,high,ichi1|news1|nf11
ぼれい,ぼ,い,0,high,spec1
きようさんとう,き,う,0,high,news1|nf01
はやね,は,ね,0,high,ichi1|news2|nf45
みちびく,み,く,0,high,ichi1
つらねる,つ,る,0,high,ichi1|news2|nf25
じようすう,じ,う,0,high,news1|nf02
さかのぼる,さ,る,0,high,ichi1
よおぐると,よ,と,0,high,gai1
おかず,お,ず,0,high,ichi2|spec1
ねんねん,ね,ん,0,high,ichi1|news1|nf06
ぎこちない,ぎ,い,0,high,ichi1
てりとりい,て,い,0,high,gai1
ごまかす,ご,す,0,high,ichi1
ゆうどう,ゆ,う,0,high,ichi1|news1|nf08
いりようひん,い,ん,0,high,spec1
いのしし,い,し,0,high,news1|nf11
さんのぜ,さ,ぜ,0,high,gai1
おうせつ,お,つ,0,high,ichi1|news1|nf14
いのべえしよん,い,ん,0,high,gai1
こつか,こ,か,0,high,ichi1|news1|nf01|nf13
いつちよう,い,う,0,high,news1|nf22
てくび,て,び,0,high,ichi1|news1|nf19
ざんてい,ざ,い,0,high,ichi1|news1|nf02
からぐるま,か,ま,0,high,ichi1|news2|nf40
ろうふうふ,ろ,ふ,0,high,news1|nf23
どういたしまして,ど,て,0,high,ichi1
らいん,ら,ん,0,high,gai1
まかだむ,ま,む,0,high,gai1
せいしようねん,せ,ん,0,high,news1|nf07
かしつちし,か,し,0,high,news1|nf14
おんなのひと,お,と,0,high,spec1
ごうれい,ご,い,0,high,news1|nf24
すきやなあ,す,あ,0,high,gai1
はなつ,は,つ,0,high,ichi1|news1|nf21
ひつぴい,ひ,い,0,high,gai1
きえい,き,い,0,high,news1|nf24
しじつ,し,つ,0,high,news1|nf22
そくしん,そ,ん,0,high,ichi1|news1|nf03
せいけつ,せ,つ,0,high,ichi1|news1|nf12
たいおん,た,ん,0,high,ichi1|news1|nf14
しじよ,し,よ,0,high,news1|nf23
ねがわくは,ね,は,0,high,ichi1
はんど,は,ど,0,high,gai1
じゆんとう,じ,う,0,high,news1|nf11
りくうど,り,ど,0,high,gai1
あんこ,あ,こ,0,high,ichi1|spec1
てのおる,て,る,0,high,gai1
しごと,し,と,0,high,ichi1|news1|nf01
こくむちようかん,こ,ん,0,high,news1|nf04
きよこう,き,う,0,high,ichi1|news1|nf20
たちのき,た,き,0,high,news1|nf17
せんぼつ,せ,つ,0,high,news1|nf12
てれほん,て,ん,0,high,gai1
こうねつひ,こ,ひ,0,high,ichi1|news2|nf32
さんるうふ,さ,ふ,0,high,gai1
あんもく,あ,く,0,high,ichi1|news1|nf19
くりすます,く,す,0,high,gai1|ichi1
ちかてつ,ち,つ,0,high,ichi1|news1|nf05
しがいち,し,ち,0,high,news1|nf12
きようそ,き,そ,0,high,news1|nf20
ぷれいがある,ぷ,る,0,high,gai1
ぼおなす,ぼ,す,0,high,gai1|ichi1
ふわたり,ふ,り,0,high,news1|nf19
ばいと,ば,と,0,high,gai1|ichi1
たいしやく,た,く,0,high,ichi1|news2|nf25
まつち,ま,ち,0,high,gai1|ichi1
ぱんや,ぱ,や,0,high,spec1
じようしん,じ,ん,0,high,ichi1|news1|nf12
くれえん,く,ん,0,high,gai1
つれさる,つ,る,0,high,news1|nf24
やちよう,や,う,0,high,news1|nf09
けえき,け,き,0,high,gai1|ichi1
ぶんかつ,ぶ,つ,0,high,ichi1|news1|nf06
ほうべい,ほ,い,0,high,news1|nf06
でいいらあ,で,あ,0,high,gai1
ずしよ,ず,よ,0,high,ichi1|news1|nf09
なんびと,な,と,0,high,news1|nf07
ききよう,き,う,0,high,ichi1|news2|nf25
まわり,ま,り,0,high,ichi1|news1|nf05
ゆおう,ゆ,う,0,high,news1|nf11
ごそう,ご,う,0,high,news1|nf24
ずし,ず,し,0,high,ichi1
ばれる,ば,る,0,high,gai1|ichi1|spec1
じよそう,じ,う,0,high,news1|nf21
ぐんたい,ぐ,い,0,high,ichi1|news1|nf06
がくさい,が,い,0,high,news1|nf23
はいつ,は,つ,0,high,gai1
りべらりすと,り,と,0,high,gai1
せび,せ,び,0,high,ichi1|news2|nf35
たちさる,た,る,0,high,ichi1|news2|nf47
すいちよく,す,く,0,high,ichi1|news1|nf18
うえぶぺえじ,う,じ,0,high,spec1
はおり,は,り,0,high,ichi1|news2|nf32
でんおん,で,ん,0,high,ichi1|news1|nf11
すもおかあ,す,あ,0,high,gai1
はらつぱ,は,ぱ,0,high,ichi1|news2|nf32
いいや,い,や,0,high,spec1
れしいぶ,れ,ぶ,0,high,gai1
しるばあ,し,あ,0,high,gai1
ときおり,と,り,0,high,ichi1|news1|nf10
ぱんだ,ぱ,だ,0,high,gai1|ichi1
なかなおり,な,り,0,high,ichi1
へんか,へ,か,0,high,ichi1|news1|nf01
ぶつか,ぶ,か,0,high,ichi1|news1|nf03
めだる,め,る,0,high,gai1
りびじよん,り,ん,0,high,gai1
ことぶき,こ,き,0,high,news1|nf06
ひかず,ひ,ず,0,high,ichi1|news1|nf10
あじと,あ,と,0,high,gai1
てきよう,て,う,0,high,ichi1|news1|nf04
どき,ど,き,0,high,news1|nf13
しよたいめん,し,ん,0,high,news1|nf21
ほろこおすと,ほ,と,0,high,gai1
せんりつ,せ,つ,0,high,ichi1|news1|nf19
ないこうてき,な,き,0,high,ichi1
りきし,り,し,0,high,news1|nf06
やける,や,る,0,high,ichi1
すみごこち,す,ち,0,high,news1|nf06
おうよう,お,う,0,high,ichi1|news1|nf09
でこれえしよん,で,ん,0,high,gai1
すじがき,す,き,0,high,news1|nf20
ふうしや,ふ,や,0,high,ichi1
おびる,お,る,0,high,news1|nf24
ぶつし,ぶ,し,0,high,ichi1|news1|nf04
ちよお,ち,お,0,high,ichi1
もんぜんばらい,も,い,0,high,news1|nf23
ばあじん,ば,ん,0,high,gai1
せつしよん,せ,ん,0,high,gai1
まじつく,ま,く,0,high,gai1
しつそ,し,そ,0,high,ichi1|news2|nf42
ぽりねしあ,ぽ,あ,0,high,gai1
かじゆう,か,う,0,high,news1|nf17|nf19
ぶうめらん,ぶ,ん,0,high,gai1
そうちやく,そ,く,0,high,news1|nf23
いばる,い,る,0,high,ichi1|news2|nf45
ぶぞく,ぶ,く,0,high,news1|nf11
じゆく,じ,く,0,high,ichi1|news1|nf03
さいさん,さ,ん,0,high,ichi1|news1|nf07|nf08
さんがつ,さ,つ,0,high,news1|nf01|spec1
にぎりずし,に,し,0,high,ichi1|news2|nf46
しんて,し,て,0,high,news1|nf23
みこ,み,こ,0,high,news2|nf36|spec1
くるしむ,く,む,0,high,ichi1|news2|nf45
みつどないと,み,と,0,high,gai1
こんなん,こ,ん,0,high,ichi1|news1|nf04
とくさく,と,く,0,high,news1|nf15
せきじよう,せ,う,0,high,ichi1|news1|nf06
しゆはん,し,ん,0,high,news1|nf21|nf24
てんさく,て,く,0,high,ichi1|news2|nf34
しつ,し,つ,0,high,ichi1|news1|nf04
いつきよく,い,く,0,high,news1|nf19|nf24
さんぶさく,さ,く,0,high,news1|nf22
あきんど,あ,ど,0,high,ichi1|news1|nf13
ようすをみる,よ,る,0,high,spec1
あこがれる,あ,る,0,high,ichi1
ふくらます,ふ,す,0,high,news1|nf18
ぼんやり,ぼ,り,0,high,ichi1
べつさつ,べ,つ,0,high,news1|nf24
かようきよく,か,く,0,high,ichi1|news1|nf17
ちきゆうおんだんか,ち,か,0,high,spec1
ふふく,ふ,く,0,high,ichi1|news1|nf10
びいじいえむ,び,む,0,high,spec1
からめる,か,る,0,high,gai1
しんご,し,ご,0,high,news1|nf23
ほおむすてい,ほ,い,0,high,gai1
けんむ,け,む,0,high,news1|nf20
つうじ,つ,じ,0,high,news1|nf10
なくてはならない,な,い,0,high,spec1
きようごう,き,う,0,high,news1|nf09|nf19
であります,で,す,0,high,spec1
ごうか,ご,か,0,high,ichi1|news1|nf08
かんせい,か,い,0,high,ichi1|news1|nf02|nf04|nf08|nf11
てきれいき,て,き,0,high,ichi1
ひとまく,ひ,く,0,high,news1|nf13
そおゆう,そ,う,0,high,spec1
ぜねこん,ぜ,ん,0,high,gai1
さみせん,さ,ん,0,high,news1|nf14
つの,つ,の,0,high,ichi1
いにんぐ,い,ぐ,0,high,gai1
しんぺん,し,ん,0,high,news1|nf18
おさなじみ,お,み,0,high,ichi1|news2|nf27
あてはまる,あ,る,0,high,ichi1
じじつむこん,じ,ん,0,high,news1|nf18
かんきようもんだい,か,い,0,high,spec1
えきしよう,え,う,0,high,news1|nf10
まるく,ま,く,0,high,gai1
よくあるしつもん,よ,ん,0,high,spec1
てれつくす,て,す,0,high,gai1
かかりいん,か,ん,0,high,news1|nf16
せえるす,せ,す,0,high,gai1
てんり,て,り,0,high,news1|nf11
もくと,も,と,0,high,ichi1
あずけいれる,あ,る,0,high,news1|nf13
あわれむ,あ,む,0,high,ichi1
とおか,と,か,0,high,ichi1|spec1
ぽつと,ぽ,と,0,high,gai1|ichi1
ひとりむすこ,ひ,こ,0,high,news1|nf21
ぶりすべん,ぶ,ん,0,high,gai1
ぶていつく,ぶ,く,0,high,gai1
いびき,い,き,0,high,ichi1
ざつし,ざ,し,0,high,ichi1|news1|nf02
きよひけん,き,ん,0,high,news1|nf10
こうわ,こ,わ,0,high,ichi1|news1|nf20
れんざ,れ,ざ,0,high,news1|nf17
あゆむ,あ,む,0,high,ichi1|news2|nf46
すりむ,す,む,0,high,gai1
よわまる,よ,る,0,high,ichi1|news2|nf25
かふえ,か,え,0,high,gai1
めいめい,め,い,0,high,ichi1|news1|nf17
みぎうで,み,で,0,high,news1|nf11
まして,ま,て,0,high,ichi1
なんにんか,な,か,0,high,spec1
まいくろ,ま,ろ,0,high,gai1
くう,く,う,0,high,ichi1|news2|nf33|spec1
おおやしろ,お,ろ,0,high,news1|nf23
こがた,こ,た,0,high,ichi1|news1|nf05
わんぼつくすかあ,わ,あ,0,high,gai1
からかう,か,う,0,high,ichi1
さつえい,さ,い,0,high,ichi1|news1|nf03
あこがれのまと,あ,と,0,high,spec1
ひやす,ひ,す,0,high,ichi1|news1|nf24
くかく,く,く,0,high,ichi1|news1|nf12
めのまえ,め,え,0,high,news1|nf07
すがた,す,た,0,high,ichi1|news1|nf01
いれずみ,い,み,0,high,news1|nf21
さきいき,さ,き,0,high,news1|nf08
あつこう,あ,う,0,high,ichi1
あした,あ,た,0,high,ichi1|news1|nf05
こうりよう,こ,う,0,high,news1|nf09
もる,も,る,0,high,ichi1|news1|nf19
えぽつく,え,く,0,high,gai1
ぼうご,ぼ,ご,0,high,news1|nf07
すたいみい,す,い,0,high,gai1
うんそう,う,う,0,high,ichi1|news1|nf08
れぽおと,れ,と,0,high,gai1|ichi1
じこしほん,じ,ん,0,high,news1|nf11
ましようか,ま,か,0,high,spec1
ぶるじよあ,ぶ,あ,0,high,gai1
りようない,り,い,0,high,news1|nf10
しんなあ,し,あ,0,high,gai1
だいなし,だ,し,0,high,ichi1|news2|nf27
ぬくもり,ぬ,り,0,high,ichi1
たいようでんち,た,ち,0,high,news1|nf15
いえろお,い,お,0,high,gai1
おおるまいてい,お,い,0,high,gai1
だんごう,だ,う,0,high,news1|nf05
あろお,あ,お,0,high,gai1
ふきだす,ふ,す,0,high,ichi1|news1|nf24
ねいろ,ね,ろ,0,high,ichi1|news1|nf15
ひようぎ,ひ,ぎ,0,high,news1|nf03
いんりようすい,い,い,0,high,ichi1
がいしや,が,や,0,high,ichi1|news1|nf20
みちばた,み,た,0,high,ichi1|news1|nf20
おいこむ,お,む,0,high,ichi1|news1|nf05
そくせい,そ,い,0,high,ichi1
さあせん,さ,ん,0,high,spec1
かんがい,か,い,0,high,ichi1|news1|news2|nf15|nf42
かがん,か,ん,0,high,ichi1|news1|nf21
こうりゆう,こ,う,0,high,ichi1|news1|nf01
せいねんがつぴ,せ,ぴ,0,high,ichi1|news1|nf21
じゆうきゆう,じ,う,0,high,news1|nf01
なさけない,な,い,0,high,ichi1|news2|nf45
こめんと,こ,と,0,high,gai1
ろうれい,ろ,い,0,high,news1|nf14
おこる,お,る,0,high,ichi1|news1|nf15|nf20
おしうり,お,り,0,high,ichi1|news2|nf47
なちゆらる,な,る,0,high,gai1
びりびり,び,り,0,high,ichi1|spec1
ねいき,ね,き,0,high,ichi1
はずむ,は,む,0,high,ichi1|news2|nf25
ぜい,ぜ,い,0,high,spec1
じゆうりよく,じ,く,0,high,ichi1|news1|nf12
ゆびさす,ゆ,す,0,high,ichi1
はいとう,は,う,0,high,ichi1|news1|nf05
あいだ,あ,だ,0,high,ichi1|news1|nf05
べくたあ,べ,あ,0,high,gai1
ほすぴす,ほ,す,0,high,gai1
にんじゆ,に,ゆ,0,high,ichi1|news1|nf06
せいてん,せ,ん,0,high,ichi1|news1|nf22
おんなじ,お,じ,0,high,ichi1|news2|nf33
すためん,す,ん,0,high,gai1
しんじや,し,や,0,high,ichi1|news1|nf11
なになのか,な,か,0,high,spec1
しじん,し,ん,0,high,ichi1|news1|nf06
ふおあ,ふ,あ,0,high,gai1
だあめ,だ,め,0,high,ichi1|news1|nf24
ぱんぷす,ぱ,す,0,high,gai1
りらつくす,り,す,0,high,gai1
ぷらいむれえと,ぷ,と,0,high,gai1
じようずる,じ,る,0,high,ichi1
としよかん,と,ん,0,high,ichi1|news1|nf05
かしようひようか,か,か,0,high,news2|nf31|spec1
ふあしすと,ふ,と,0,high,gai1
ちかずき,ち,き,0,high,news1|nf15
しゆうかく,し,く,0,high,ichi1|news1|nf07
りけい,り,い,0,high,ichi1
しわす,し,す,0,high,ichi1|news1|nf21
すぱありんぐ,す,ぐ,0,high,gai1
ほけんしよ,ほ,よ,0,high,news1|nf12|spec1
につめる,に,る,0,high,ichi1|news2|nf46
めじろ,め,ろ,0,high,news1|nf13
さいと,さ,と,0,high,gai1
にほんしき,に,き,0,high,news1|nf23
まえだおし,ま,し,0,high,news1|nf09
かんぱい,か,い,0,high,ichi1|news1|nf17|nf21
なまえ,な,え,0,high,ichi1|news1|nf02
してつ,し,つ,0,high,ichi1|news1|nf09
つぎつぎ,つ,ぎ,0,high,news1|nf04
ひゆうまにずむ,ひ,む,0,high,gai1
たいく,た,く,0,high,ichi1|news1|nf03
こま,こ,ま,0,high,gai1|ichi1|news1|nf07
ぽりえちれん,ぽ,ん,0,high,gai1
ので,の,で,0,high,spec1
ぞうぜい,ぞ,い,0,high,ichi1|news1|nf04
おおぷんせつと,お,と,0,high,gai1
ゆういつ,ゆ,つ,0,high,ichi1|news1|nf03
あたたまる,あ,る,0,high,ichi1|news1|nf24
ぴつたり,ぴ,り,0,high,ichi1|spec1
えこのみすと,え,と,0,high,gai1
けえぷ,け,ぷ,0,high,gai1
ひましに,ひ,に,0,high,ichi1|news1|nf20
かきあげる,か,る,0,high,news1|nf24
ろしん,ろ,ん,0,high,news1|nf15
へいき,へ,き,0,high,ichi1|news1|news2|nf03|nf30
ざいせき,ざ,き,0,high,ichi1|news1|nf20
しようこん,し,ん,0,high,news1|nf14
さあびすぎよう,さ,う,0,high,spec1
まつたり,ま,り,0,high,spec1
しようぼうしよ,し,よ,0,high,ichi1
ぱらぐらいだあ,ぱ,あ,0,high,gai1
ちえあまん,ち,ん,0,high,gai1
ください,く,い,0,high,news1|nf13
はいれべる,は,る,0,high,gai1
おうぎ,お,ぎ,0,high,news1|nf12
ぷろもおと,ぷ,と,0,high,gai1
ぼんち,ぼ,ち,0,high,ichi1|news1|nf23
たんよく,た,く,0,high,ichi1
こうこう,こ,う,0,high,ichi1|news1|nf01|nf12|nf13
すちいむ,す,む,0,high,gai1
ふくみ,ふ,み,0,high,news1|nf06
やくわり,や,り,0,high,ichi1|news1|nf01
じえらしい,じ,い,0,high,gai1
とりかえる,と,る,0,high,ichi1|news2|nf25
きようくん,き,ん,0,high,ichi1|news1|nf07
さいけつ,さ,つ,0,high,ichi1|news1|nf04|nf16
ゆうえんち,ゆ,ち,0,high,ichi1|news1|nf15
おちば,お,ば,0,high,ichi1|news1|nf22
ひとりびとり,ひ,り,0,high,ichi1|news2|nf36
いんたあ,い,あ,0,high,gai1
しようとつ,し,つ,0,high,ichi1|news1|nf04
のうどうてき,の,き,0,high,ichi1
まつは,ま,は,0,high,gai1
やくがい,や,い,0,high,news1|nf20
はくしゆ,は,ゆ,0,high,ichi1|news1|nf06
のろのろ,の,ろ,0,high,ichi1
たいばつ,た,つ,0,high,news1|nf12
どくだん,ど,ん,0,high,ichi1|news1|nf17
じく,じ,く,0,high,ichi1|news1|nf03
おつり,お,り,0,high,ichi1
だいじよぶ,だ,ぶ,0,high,ichi1|news1|nf06
すたあとらいん,す,ん,0,high,gai1
ちよう,ち,う,0,high,ichi1|news1|news2|nf04|nf10|nf15|nf18|nf35
そしな,そ,な,0,high,spec1
しつないがく,し,く,0,high,news1|nf18
ごうせいせんざい,ご,い,0,high,news1|nf22
だんらく,だ,く,0,high,ichi1
みやげ,み,げ,0,high,ichi1|news1|nf11
こきゆう,こ,う,0,high,ichi1|news1|nf05
しゆうき,し,き,0,high,ichi1|news1|nf15|nf17
じんじ,じ,じ,0,high,ichi1|news1|nf02
すかあれつと,す,と,0,high,gai1
しんじけえと,し,と,0,high,gai1
でおくれる,で,る,0,high,news1|nf20
もんだい,も,い,0,high,ichi1|news1|nf01
ながら,な,ら,0,high,spec1
はながみ,は,み,0,high,ichi1
こもじ,こ,じ,0,high,ichi1|news2|nf45
ふうじて,ふ,て,0,high,news1|nf17
ぱぶりつく,ぱ,く,0,high,gai1
めかにつく,め,く,0,high,gai1
めろどらま,め,ま,0,high,gai1
ぱすかる,ぱ,る,0,high,gai1
かわく,か,く,0,high,ichi1
しやくしよ,し,よ,0,high,ichi1|news1|nf10
しえる,し,る,0,high,gai1
だんじて,だ,て,0,high,ichi1|news1|nf22
せいすう,せ,う,0,high,ichi1
えあめえる,え,る,0,high,ichi1
ちよく,ち,く,0,high,ichi1|news2|nf36|spec1
しんえい,し,い,0,high,news1|nf10|nf16
じやすと,じ,と,0,high,gai1
ぜいせい,ぜ,い,0,high,news1|nf02
ぎやくてん,ぎ,ん,0,high,news1|nf03
なんきよく,な,く,0,high,ichi1|news1|nf09|nf20
とおる,と,る,0,high,gai1|ichi1|news1|nf14
えくすぺりえんす,え,す,0,high,spec1
せだい,せ,い,0,high,ichi1|news1|nf02
ふしあわせ,ふ,せ,0,high,ichi1
させる,さ,る,0,high,spec1
このましい,こ,い,0,high,ichi1|news1|nf11
ぶあんぱいあ,ぶ,あ,0,high,gai1
でんぴよう,で,う,0,high,news1|nf18
さいどかあ,さ,あ,0,high,gai1
かけざん,か,ん,0,high,ichi1
くつさく,く,く,0,high,news1|nf14
せいどう,せ,う,0,high,news1|nf18|nf20
あびせる,あ,る,0,high,ichi1|news1|nf22
じゆうこうぎよう,じ,う,0,high,ichi1|news2|nf29
まんせい,ま,い,0,high,ichi1|news1|nf10
らんどりい,ら,い,0,high,gai1
やぶる,や,る,0,high,ichi1|news1|nf14
とのさま,と,ま,0,high,news1|nf22
ほうこう,ほ,う,0,high,ichi1|news1|nf01|nf23
ときには,と,は,0,high,ichi1
かいか,か,か,0,high,news1|nf16
ぶおんな,ぶ,な,0,high,ichi1
みずとり,み,り,0,high,news1|nf18
せきぜん,せ,ん,0,high,ichi1
しりよく,し,く,0,high,ichi1|news1|nf14
すくうる,す,る,0,high,gai1|ichi1
れんごう,れ,う,0,high,ichi1|news1|nf01
たんらく,た,く,0,high,news1|nf21
どくせん,ど,ん,0,high,ichi1|news1|nf06
かつぐ,か,ぐ,0,high,ichi1|news2|nf39
たちいり,た,り,0,high,news1|nf07
ほうし,ほ,し,0,high,ichi1|news1|nf10|nf24
ほげい,ほ,い,0,high,news1|nf06
これら,こ,ら,0,high,gai1|ichi1|spec1
かくさ,か,さ,0,high,ichi1|news1|nf03
はあどかばあ,は,あ,0,high,gai1
りいふれつと,り,と,0,high,gai1
とうひよう,と,う,0,high,ichi1|news1|nf01
にち,に,ち,0,high,spec1
みずから,み,ら,0,high,ichi1|news1|nf01
ぼうがい,ぼ,い,0,high,ichi1|news1|nf07
としごろ,と,ろ,0,high,ichi1
おつぱい,お,い,0,high,spec1
かいがんせん,か,ん,0,high,news1|nf19
ふかひ,ふ,ひ,0,high,ichi1|news1|nf17
みずくさい,み,い,0,high,ichi1
まらりあ,ま,あ,0,high,gai1
たいや,た,や,0,high,gai1|ichi1
ひようか,ひ,か,0,high,ichi1|news1|nf02
つかる,つ,る,0,high,ichi2|news2|nf41|spec1
さつぽろ,さ,ろ,0,high,spec1
ばいおてくのろじい,ば,い,0,high,gai1
どろお,ど,お,0,high,gai1
くつだらねえ,く,え,0,high,ichi1
かうちぽてと,か,と,0,high,gai1
ふたい,ふ,い,0,high,news1|nf17
せつやく,せ,く,0,high,ichi1|news1|nf12
ちちゆうかい,ち,い,0,high,news1|nf12
さんじゆういちにち,さ,ち,0,high,spec1
けいかく,け,く,0,high,ichi1|news1|nf01
おとこのひと,お,と,0,high,spec1
いなずま,い,ま,0,high,ichi1|news2|nf26
とおち,と,ち,0,high,gai1
たいいん,た,ん,0,high,ichi1|news1|nf04|nf12
りぷらい,り,い,0,high,gai1
いさん,い,ん,0,high,ichi1|news1|nf07
てんか,て,か,0,high,ichi1|news1|news2|nf12|nf25|nf30
けいこ,け,こ,0,high,ichi1|news2|nf28
せい,せ,い,0,high,ichi1|news1|nf03|nf04|nf05|nf06|nf07|nf09
でりか,で,か,0,high,gai1
れえざあ,れ,あ,0,high,gai1
せいざ,せ,ざ,0,high,ichi1|news1|news2|nf24|nf37
かちぼし,か,し,0,high,news1|nf15
おうこう,お,う,0,high,news1|nf23
きりん,き,ん,0,high,ichi1
とうろくしようひよう,と,う,0,high,spec1
せいがく,せ,く,0,high,news1|nf12
いろどり,い,り,0,high,news1|nf23
すべらか,す,か,0,high,ichi1|news1|nf20
えねるぎつしゆ,え,ゆ,0,high,gai1
もおる,も,る,0,high,gai1
ぎつしり,ぎ,り,0,high,ichi1
みちすう,み,う,0,high,news1|nf20
ほしよう,ほ,う,0,high,ichi1|news1|nf03
ぱらぼらあんてな,ぱ,な,0,high,gai1
いつせい,い,い,0,high,news1|nf04|nf16
えつせいすと,え,と,0,high,gai1
ついん,つ,ん,0,high,gai1
よせあつめ,よ,め,0,high,ichi1|news2|nf34
にかいだて,に,て,0,high,news1|nf07
かげつ,か,つ,0,high,ichi2|spec1
うつくしい,う,い,0,high,ichi1|news1|nf08
にほんし,に,し,0,high,spec1
すじみち,す,ち,0,high,ichi1|news2|nf28
けんせつしよう,け,う,0,high,news1|nf04
きこう,き,う,0,high,ichi1|news1|nf01|nf08|nf16|nf17|nf24
すうおくねん,す,ん,0,high,news1|nf15
にゆうしよ,に,よ,0,high,news1|nf12
びじよ,び,よ,0,high,ichi1|news1|nf15
さくそふおん,さ,ん,0,high,gai1
まぎわ,ま,わ,0,high,ichi1|news1|nf15
ないぞう,な,う,0,high,ichi1|news1|nf13|nf15
せみころん,せ,ん,0,high,gai1
どうぎよう,ど,う,0,high,news1|nf16
きんきよう,き,う,0,high,news1|nf24
こうひよう,こ,う,0,high,ichi1|news1|nf05|nf11
ゆうぐれ,ゆ,れ,0,high,ichi1|news1|nf21
ほうりつじむしよ,ほ,よ,0,high,news1|nf20
しんふおにい,し,い,0,high,gai1
ちやくりく,ち,く,0,high,ichi1|news1|nf08
かんしんじ,か,じ,0,high,news1|nf13
くじゆう,く,う,0,high,news1|nf06|nf19|nf22|spec1
かざあたり,か,り,0,high,news1|nf16
かてえてる,か,る,0,high,gai1
きようち,き,ち,0,high,news1|nf17
くたかけ,く,け,0,high,ichi1|news1|nf14
かこみ,か,み,0,high,news1|nf18
ぼこく,ぼ,く,0,high,news1|nf10
さけびごえ,さ,え,0,high,news1|nf24
でんわき,で,き,0,high,news1|nf13
へた,へ,た,0,high,ichi1|news1|nf15
みせさき,み,き,0,high,news1|nf23
たびだつ,た,つ,0,high,ichi1|news1|nf24
べありんぐ,べ,ぐ,0,high,gai1
ちゆうこく,ち,く,0,high,ichi1|news1|news2|nf01|nf26
ぞういん,ぞ,ん,0,high,news1|nf14
わかち,わ,ち,0,high,news1|nf13
しんよう,し,う,0,high,ichi1|news1|nf03
でもんすとれえしよん,で,ん,0,high,gai1
しんどう,し,う,0,high,ichi1|news1|nf11|nf19|nf21
ふいくさあ,ふ,あ,0,high,gai1
あだな,あ,な,0,high,ichi1|ichi2|spec1
たまらない,た,い,0,high,ichi1
ぐらまあ,ぐ,あ,0,high,gai1
かげき,か,き,0,high,news1|nf05|nf09
さんじゆうにち,さ,ち,0,high,spec1
はいぺえす,は,す,0,high,gai1
てんきん,て,ん,0,high,ichi1|news1|nf11
ふあくたあ,ふ,あ,0,high,gai1
がりばあ,が,あ,0,high,gai1
みえ,み,え,0,high,ichi1|news1|nf20
へりこぷたあ,へ,あ,0,high,gai1|ichi1
にんげんかんけい,に,い,0,high,news1|nf08
れす,れ,す,0,high,gai1
だいにんぐ,だ,ぐ,0,high,gai1
やくいん,や,ん,0,high,news1|nf02
