matchup,first_agent,second_agent,match_id,dict_size,random_seed,winner,loss_reason,turn,player,agent,required_start_char,edge_index,start_id,end_id,edge_count_before,edge_count_after,previous_word,word,start_char,end_char,next_required_start_char,elapsed_time_sec,timed_out,score,effective_depth,next_depth,adaptive_depth,pruned_count,nodes_searched,leaf_evaluations,completed_root_moves,cutoff_count,pruned_move_count,beam_pruned_move_count,null_window_search_count,research_count,beam_widths_used,evaluated_moves,chain_so_far
greedy vs alpha_beta,greedy,alpha_beta,D20000_seed0_greedy_vs_alpha_beta_0,20000,0,second,ended_with_n,1,first,greedy,ANY,35,0,35,1,0,,,あ,ぬ,ぬ,1.000164,True,-508.2713636363636,,,,,,,,,,,,,,589,あ→ぬ
greedy vs alpha_beta,greedy,alpha_beta,D20000_seed0_greedy_vs_alpha_beta_0,20000,0,second,ended_with_n,2,second,alpha_beta,ぬ,2443,35,63,4,3,,,ぬ,る,る,1.000019,True,-834.8322058823529,4,3,True,0,34,30,0,0,0,0,0,0,{},0,あ→ぬ -> ぬ→る
greedy vs alpha_beta,greedy,alpha_beta,D20000_seed0_greedy_vs_alpha_beta_0,20000,0,second,ended_with_n,3,first,greedy,る,4347,63,63,3,2,,,る,る,る,0.014295,False,-814.4372727272727,,,,,,,,,,,,,,20,あ→ぬ -> ぬ→る -> る→る
greedy vs alpha_beta,greedy,alpha_beta,D20000_seed0_greedy_vs_alpha_beta_0,20000,0,second,ended_with_n,4,second,alpha_beta,る,4347,63,63,2,1,,,る,る,る,1.000012,True,-796.084375,3,2,True,36,36,31,0,2,36,0,0,0,{},0,あ→ぬ -> ぬ→る -> る→る -> る→る
greedy vs alpha_beta,greedy,alpha_beta,D20000_seed0_greedy_vs_alpha_beta_0,20000,0,second,ended_with_n,5,first,greedy,る,4347,63,63,1,0,,,る,る,る,0.014225,False,-751.1374193548387,,,,,,,,,,,,,,20,あ→ぬ -> ぬ→る -> る→る -> る→る -> る→る
greedy vs alpha_beta,greedy,alpha_beta,D20000_seed0_greedy_vs_alpha_beta_0,20000,0,second,ended_with_n,6,second,alpha_beta,る,4336,63,52,1,0,,,る,ぽ,ぽ,1.000011,True,-1931.7662195121952,2,1,True,0,34,32,1,0,0,0,0,0,{},1,あ→ぬ -> ぬ→る -> る→る -> る→る -> る→る -> る→ぽ
greedy vs alpha_beta,greedy,alpha_beta,D20000_seed0_greedy_vs_alpha_beta_0,20000,0,second,ended_with_n,7,first,greedy,ぽ,3556,52,20,2,1,,,ぽ,ず,ず,0.014383,False,-621.1830434782609,,,,,,,,,,,,,,21,あ→ぬ -> ぬ→る -> る→る -> る→る -> る→る -> る→ぽ -> ぽ→ず
greedy vs alpha_beta,greedy,alpha_beta,D20000_seed0_greedy_vs_alpha_beta_0,20000,0,second,ended_with_n,8,second,alpha_beta,ず,1380,20,20,1,0,,,ず,ず,ず,0.464186,False,3121.8080078125,1,1,True,0,13,13,14,0,0,0,0,0,{},14,あ→ぬ -> ぬ→る -> る→る -> る→る -> る→る -> る→ぽ -> ぽ→ず -> ず→ず
greedy vs alpha_beta,greedy,alpha_beta,D20000_seed0_greedy_vs_alpha_beta_0,20000,0,second,ended_with_n,9,first,greedy,ず,1415,20,55,1,0,,,ず,む,む,0.009768,False,-3121.8080078125,,,,,,,,,,,,,,13,あ→ぬ -> ぬ→る -> る→る -> る→る -> る→る -> る→ぽ -> ぽ→ず -> ず→ず -> ず→む
greedy vs alpha_beta,greedy,alpha_beta,D20000_seed0_greedy_vs_alpha_beta_0,20000,0,second,ended_with_n,10,second,alpha_beta,む,3760,55,20,1,0,,,む,ず,ず,1.000006,True,3149.6325735294117,1,1,True,0,31,31,30,0,0,0,0,0,{},30,あ→ぬ -> ぬ→る -> る→る -> る→る -> る→る -> る→ぽ -> ぽ→ず -> ず→ず -> ず→む -> む→ず
greedy vs alpha_beta,greedy,alpha_beta,D20000_seed0_greedy_vs_alpha_beta_0,20000,0,second,ended_with_n,11,first,greedy,ず,1421,20,61,1,0,,,ず,ら,ら,0.009051,False,-3149.6325735294117,,,,,,,,,,,,,,12,あ→ぬ -> ぬ→る -> る→る -> る→る -> る→る -> る→ぽ -> ぽ→ず -> ず→ず -> ず→む -> む→ず -> ず→ら
greedy vs alpha_beta,greedy,alpha_beta,D20000_seed0_greedy_vs_alpha_beta_0,20000,0,second,ended_with_n,12,second,alpha_beta,ら,4211,61,63,7,6,,,ら,る,る,1.000008,True,1939.9216463414634,1,1,True,0,29,29,28,0,0,0,0,0,{},28,あ→ぬ -> ぬ→る -> る→る -> る→る -> る→る -> る→ぽ -> ぽ→ず -> ず→ず -> ず→む -> む→ず -> ず→ら -> ら→る
greedy vs alpha_beta,greedy,alpha_beta,D20000_seed0_greedy_vs_alpha_beta_0,20000,0,second,ended_with_n,13,first,greedy,る,4330,63,46,1,0,,,る,ぷ,ぷ,0.013609,False,-1939.9216463414634,,,,,,,,,,,,,,18,あ→ぬ -> ぬ→る -> る→る -> る→る -> る→る -> る→ぽ -> ぽ→ず -> ず→ず -> ず→む -> む→ず -> ず→ら -> ら→る -> る→ぷ
greedy vs alpha_beta,greedy,alpha_beta,D20000_seed0_greedy_vs_alpha_beta_0,20000,0,second,ended_with_n,14,second,alpha_beta,ぷ,3148,46,20,1,0,,,ぷ,ず,ず,0.941342,False,3446.776,1,1,True,0,27,27,28,0,0,0,0,0,{},28,あ→ぬ -> ぬ→る -> る→る -> る→る -> る→る -> る→ぽ -> ぽ→ず -> ず→ず -> ず→む -> む→ず -> ず→ら -> ら→る -> る→ぷ -> ぷ→ず
greedy vs alpha_beta,greedy,alpha_beta,D20000_seed0_greedy_vs_alpha_beta_0,20000,0,second,ended_with_n,15,first,greedy,ず,1424,20,64,1,0,,,ず,れ,れ,0.008486,False,-3446.776,,,,,,,,,,,,,,11,あ→ぬ -> ぬ→る -> る→る -> る→る -> る→る -> る→ぽ -> ぽ→ず -> ず→ず -> ず→む -> む→ず -> ず→ら -> ら→る -> る→ぷ -> ぷ→ず -> ず→れ
greedy vs alpha_beta,greedy,alpha_beta,D20000_seed0_greedy_vs_alpha_beta_0,20000,0,second,ended_with_n,16,second,alpha_beta,れ,4372,64,20,2,1,,,れ,ず,ず,1.000008,True,3990.0054375,1,1,True,0,31,31,30,0,0,0,0,0,{},30,あ→ぬ -> ぬ→る -> る→る -> る→る -> る→る -> る→ぽ -> ぽ→ず -> ず→ず -> ず→む -> む→ず -> ず→ら -> ら→る -> る→ぷ -> ぷ→ず -> ず→れ -> れ→ず
greedy vs alpha_beta,greedy,alpha_beta,D20000_seed0_greedy_vs_alpha_beta_0,20000,0,second,ended_with_n,17,first,greedy,ず,1366,20,6,1,0,,,ず,が,が,0.007995,False,-3990.0054375,,,,,,,,,,,,,,10,あ→ぬ -> ぬ→る -> る→る -> る→る -> る→る -> る→ぽ -> ぽ→ず -> ず→ず -> ず→む -> む→ず -> ず→ら -> ら→る -> る→ぷ -> ぷ→ず -> ず→れ -> れ→ず -> ず→が
greedy vs alpha_beta,greedy,alpha_beta,D20000_seed0_greedy_vs_alpha_beta_0,20000,0,second,ended_with_n,18,second,alpha_beta,が,428,6,20,1,0,,,が,ず,ず,1.000009,True,4264.924216216216,1,1,True,0,30,30,29,0,0,0,0,0,{},29,あ→ぬ -> ぬ→る -> る→る -> る→る -> る→る -> る→ぽ -> ぽ→ず -> ず→ず -> ず→む -> む→ず -> ず→ら -> ら→る -> る→ぷ -> ぷ→ず -> ず→れ -> れ→ず -> ず→が -> が→ず
greedy vs alpha_beta,greedy,alpha_beta,D20000_seed0_greedy_vs_alpha_beta_0,20000,0,second,ended_with_n,19,first,greedy,ず,1388,20,28,2,1,,,ず,つ,つ,0.007296,False,-4264.924216216216,,,,,,,,,,,,,,9,あ→ぬ -> ぬ→る -> る→る -> る→る -> る→る -> る→ぽ -> ぽ→ず -> ず→ず -> ず→む -> む→ず -> ず→ら -> ら→る -> る→ぷ -> ぷ→ず -> ず→れ -> れ→ず -> ず→が -> が→ず -> ず→つ
greedy vs alpha_beta,greedy,alpha_beta,D20000_seed0_greedy_vs_alpha_beta_0,20000,0,second,ended_with_n,20,second,alpha_beta,つ,1967,28,63,2,1,,,つ,る,る,1.000007,True,2495.824090909091,1,1,True,0,32,32,31,0,0,0,0,0,{},31,あ→ぬ -> ぬ→る -> る→る -> る→る -> る→る -> る→ぽ -> ぽ→ず -> ず→ず -> ず→む -> む→ず -> ず→ら -> ら→る -> る→ぷ -> ぷ→ず -> ず→れ -> れ→ず -> ず→が -> が→ず -> ず→つ -> つ→る
greedy vs alpha_beta,greedy,alpha_beta,D20000_seed0_greedy_vs_alpha_beta_0,20000,0,second,ended_with_n,21,first,greedy,る,4326,63,42,1,0,,,る,び,び,0.013113,False,-2495.824090909091,,,,,,,,,,,,,,17,あ→ぬ -> ぬ→る -> る→る -> る→る -> る→る -> る→ぽ -> ぽ→ず -> ず→ず -> ず→む -> む→ず -> ず→ら -> ら→る -> る→ぷ -> ぷ→ず -> ず→れ -> れ→ず -> ず→が -> が→ず -> ず→つ -> つ→る -> る→び
greedy vs alpha_beta,greedy,alpha_beta,D20000_seed0_greedy_vs_alpha_beta_0,20000,0,second,ended_with_n,22,second,alpha_beta,び,2876,42,20,2,1,,,び,ず,ず,1.000014,True,4247.4296467391305,1,1,True,0,31,31,30,0,0,0,0,0,{},30,あ→ぬ -> ぬ→る -> る→る -> る→る -> る→る -> る→ぽ -> ぽ→ず -> ず→ず -> ず→む -> む→ず -> ず→ら -> ら→る -> る→ぷ -> ぷ→ず -> ず→れ -> れ→ず -> ず→が -> が→ず -> ず→つ -> つ→る -> る→び -> び→ず
greedy vs alpha_beta,greedy,alpha_beta,D20000_seed0_greedy_vs_alpha_beta_0,20000,0,second,ended_with_n,23,first,greedy,ず,1388,20,28,1,0,,,ず,つ,つ,0.007279,False,-4247.4296467391305,,,,,,,,,,,,,,9,あ→ぬ -> ぬ→る -> る→る -> る→る -> る→る -> る→ぽ -> ぽ→ず -> ず→ず -> ず→む -> む→ず -> ず→ら -> ら→る -> る→ぷ -> ぷ→ず -> ず→れ -> れ→ず -> ず→が -> が→ず -> ず→つ -> つ→る -> る→び -> び→ず -> ず→つ
greedy vs alpha_beta,greedy,alpha_beta,D20000_seed0_greedy_vs_alpha_beta_0,20000,0,second,ended_with_n,24,second,alpha_beta,つ,1967,28,63,1,0,,,つ,る,る,1.000007,True,3081.5994881889765,1,1,True,0,32,32,31,0,0,0,0,0,{},31,あ→ぬ -> ぬ→る -> る→る -> る→る -> る→る -> る→ぽ -> ぽ→ず -> ず→ず -> ず→む -> む→ず -> ず→ら -> ら→る -> る→ぷ -> ぷ→ず -> ず→れ -> れ→ず -> ず→が -> が→ず -> ず→つ -> つ→る -> る→び -> び→ず -> ず→つ -> つ→る
greedy vs alpha_beta,greedy,alpha_beta,D20000_seed0_greedy_vs_alpha_beta_0,20000,0,second,ended_with_n,25,first,greedy,る,4339,63,55,1,0,,,る,む,む,0.01241,False,-3081.5994881889765,,,,,,,,,,,,,,16,あ→ぬ -> ぬ→る -> る→る -> る→る -> る→る -> る→ぽ -> ぽ→ず -> ず→ず -> ず→む -> む→ず -> ず→ら -> ら→る -> る→ぷ -> ぷ→ず -> ず→れ -> れ→ず -> ず→が -> が→ず -> ず→つ -> つ→る -> る→び -> び→ず -> ず→つ -> つ→る -> る→む
greedy vs alpha_beta,greedy,alpha_beta,D20000_seed0_greedy_vs_alpha_beta_0,20000,0,second,ended_with_n,26,second,alpha_beta,む,3803,55,63,1,0,,,む,る,る,1.000008,True,3788.1771656050955,1,1,True,0,31,31,30,0,0,0,0,0,{},30,あ→ぬ -> ぬ→る -> る→る -> る→る -> る→る -> る→ぽ -> ぽ→ず -> ず→ず -> ず→む -> む→ず -> ず→ら -> ら→る -> る→ぷ -> ぷ→ず -> ず→れ -> れ→ず -> ず→が -> が→ず -> ず→つ -> つ→る -> る→び -> び→ず -> ず→つ -> つ→る -> る→む -> む→る
greedy vs alpha_beta,greedy,alpha_beta,D20000_seed0_greedy_vs_alpha_beta_0,20000,0,second,ended_with_n,27,first,greedy,る,4296,63,12,1,0,,,る,げ,げ,0.011678,False,-3788.1771656050955,,,,,,,,,,,,,,15,あ→ぬ -> ぬ→る -> る→る -> る→る -> る→る -> る→ぽ -> ぽ→ず -> ず→ず -> ず→む -> む→ず -> ず→ら -> ら→る -> る→ぷ -> ぷ→ず -> ず→れ -> れ→ず -> ず→が -> が→ず -> ず→つ -> つ→る -> る→び -> び→ず -> ず→つ -> つ→る -> る→む -> む→る -> る→げ
greedy vs alpha_beta,greedy,alpha_beta,D20000_seed0_greedy_vs_alpha_beta_0,20000,0,second,ended_with_n,28,second,alpha_beta,げ,879,12,63,2,1,,,げ,る,る,1.00001,True,3989.6204941860465,1,1,True,0,31,31,30,0,0,0,0,0,{},30,あ→ぬ -> ぬ→る -> る→る -> る→る -> る→る -> る→ぽ -> ぽ→ず -> ず→ず -> ず→む -> む→ず -> ず→ら -> ら→る -> る→ぷ -> ぷ→ず -> ず→れ -> れ→ず -> ず→が -> が→ず -> ず→つ -> つ→る -> る→び -> び→ず -> ず→つ -> つ→る -> る→む -> む→る -> る→げ -> げ→る
greedy vs alpha_beta,greedy,alpha_beta,D20000_seed0_greedy_vs_alpha_beta_0,20000,0,second,ended_with_n,29,first,greedy,る,4343,63,59,2,1,,,る,ゆ,ゆ,0.011033,False,-3989.6204941860465,,,,,,,,,,,,,,14,あ→ぬ -> ぬ→る -> る→る -> る→る -> る→る -> る→ぽ -> ぽ→ず -> ず→ず -> ず→む -> む→ず -> ず→ら -> ら→る -> る→ぷ -> ぷ→ず -> ず→れ -> れ→ず -> ず→が -> が→ず -> ず→つ -> つ→る -> る→び -> び→ず -> ず→つ -> つ→る -> る→む -> む→る -> る→げ -> げ→る -> る→ゆ
greedy vs alpha_beta,greedy,alpha_beta,D20000_seed0_greedy_vs_alpha_beta_0,20000,0,second,ended_with_n,30,second,alpha_beta,ゆ,4032,59,20,1,0,,,ゆ,ず,ず,1.000007,True,5324.506188340807,1,1,True,0,32,32,31,0,0,0,0,0,{},31,あ→ぬ -> ぬ→る -> る→る -> る→る -> る→る -> る→ぽ -> ぽ→ず -> ず→ず -> ず→む -> む→ず -> ず→ら -> ら→る -> る→ぷ -> ぷ→ず -> ず→れ -> れ→ず -> ず→が -> が→ず -> ず→つ -> つ→る -> る→び -> び→ず -> ず→つ -> つ→る -> る→む -> む→る -> る→げ -> げ→る -> る→ゆ -> ゆ→ず
greedy vs alpha_beta,greedy,alpha_beta,D20000_seed0_greedy_vs_alpha_beta_0,20000,0,second,ended_with_n,31,first,greedy,ず,1420,20,60,2,1,,,ず,よ,よ,0.006303,False,-5324.506188340807,,,,,,,,,,,,,,8,あ→ぬ -> ぬ→る -> る→る -> る→る -> る→る -> る→ぽ -> ぽ→ず -> ず→ず -> ず→む -> む→ず -> ず→ら -> ら→る -> る→ぷ -> ぷ→ず -> ず→れ -> れ→ず -> ず→が -> が→ず -> ず→つ -> つ→る -> る→び -> び→ず -> ず→つ -> つ→る -> る→む -> む→る -> る→げ -> げ→る -> る→ゆ -> ゆ→ず -> ず→よ
greedy vs alpha_beta,greedy,alpha_beta,D20000_seed0_greedy_vs_alpha_beta_0,20000,0,second,ended_with_n,32,second,alpha_beta,よ,4100,60,20,2,1,,,よ,ず,ず,1.000005,True,5307.000135135135,1,1,True,0,33,33,32,0,0,0,0,0,{},32,あ→ぬ -> ぬ→る -> る→る -> る→る -> る→る -> る→ぽ -> ぽ→ず -> ず→ず -> ず→む -> む→ず -> ず→ら -> ら→る -> る→ぷ -> ぷ→ず -> ず→れ -> れ→ず -> ず→が -> が→ず -> ず→つ -> つ→る -> る→び -> び→ず -> ず→つ -> つ→る -> る→む -> む→る -> る→げ -> げ→る -> る→ゆ -> ゆ→ず -> ず→よ -> よ→ず
greedy vs alpha_beta,greedy,alpha_beta,D20000_seed0_greedy_vs_alpha_beta_0,20000,0,second,ended_with_n,33,first,greedy,ず,1420,20,60,1,0,,,ず,よ,よ,0.006292,False,-5307.000135135135,,,,,,,,,,,,,,8,あ→ぬ -> ぬ→る -> る→る -> る→る -> る→る -> る→ぽ -> ぽ→ず -> ず→ず -> ず→む -> む→ず -> ず→ら -> ら→る -> る→ぷ -> ぷ→ず -> ず→れ -> れ→ず -> ず→が -> が→ず -> ず→つ -> つ→る -> る→び -> び→ず -> ず→つ -> つ→る -> る→む -> む→る -> る→げ -> げ→る -> る→ゆ -> ゆ→ず -> ず→よ -> よ→ず -> ず→よ
greedy vs alpha_beta,greedy,alpha_beta,D20000_seed0_greedy_vs_alpha_beta_0,20000,0,second,ended_with_n,34,second,alpha_beta,よ,4100,60,20,1,0,,,よ,ず,ず,1.000006,True,5970.302727272728,1,1,True,0,34,34,33,0,0,0,0,0,{},33,あ→ぬ -> ぬ→る -> る→る -> る→る -> る→る -> る→ぽ -> ぽ→ず -> ず→ず -> ず→む -> む→ず -> ず→ら -> ら→る -> る→ぷ -> ぷ→ず -> ず→れ -> れ→ず -> ず→が -> が→ず -> ず→つ -> つ→る -> る→び -> び→ず -> ず→つ -> つ→る -> る→む -> む→る -> る→げ -> げ→る -> る→ゆ -> ゆ→ず -> ず→よ -> よ→ず -> ず→よ -> よ→ず
greedy vs alpha_beta,greedy,alpha_beta,D20000_seed0_greedy_vs_alpha_beta_0,20000,0,second,ended_with_n,35,first,greedy,ず,1362,20,2,6,5,,,ず,う,う,0.005524,False,-5970.302727272728,,,,,,,,,,,,,,7,あ→ぬ -> ぬ→る -> る→る -> る→る -> る→る -> る→ぽ -> ぽ→ず -> ず→ず -> ず→む -> む→ず -> ず→ら -> ら→る -> る→ぷ -> ぷ→ず -> ず→れ -> れ→ず -> ず→が -> が→ず -> ず→つ -> つ→る -> る→び -> び→ず -> ず→つ -> つ→る -> る→む -> む→る -> る→げ -> げ→る -> る→ゆ -> ゆ→ず -> ず→よ -> よ→ず -> ず→よ -> よ→ず -> ず→う
greedy vs alpha_beta,greedy,alpha_beta,D20000_seed0_greedy_vs_alpha_beta_0,20000,0,second,ended_with_n,36,second,alpha_beta,う,156,2,20,2,1,,,う,ず,ず,1.000006,True,5950.735513307985,1,1,True,0,34,34,33,0,0,0,0,0,{},33,あ→ぬ -> ぬ→る -> る→る -> る→る -> る→る -> る→ぽ -> ぽ→ず -> ず→ず -> ず→む -> む→ず -> ず→ら -> ら→る -> る→ぷ -> ぷ→ず -> ず→れ -> れ→ず -> ず→が -> が→ず -> ず→つ -> つ→る -> る→び -> び→ず -> ず→つ -> つ→る -> る→む -> む→る -> る→げ -> げ→る -> る→ゆ -> ゆ→ず -> ず→よ -> よ→ず -> ず→よ -> よ→ず -> ず→う -> う→ず
greedy vs alpha_beta,greedy,alpha_beta,D20000_seed0_greedy_vs_alpha_beta_0,20000,0,second,ended_with_n,37,first,greedy,ず,1362,20,2,5,4,,,ず,う,う,0.005439,False,-5950.735513307985,,,,,,,,,,,,,,7,あ→ぬ -> ぬ→る -> る→る -> る→る -> る→る -> る→ぽ -> ぽ→ず -> ず→ず -> ず→む -> む→ず -> ず→ら -> ら→る -> る→ぷ -> ぷ→ず -> ず→れ -> れ→ず -> ず→が -> が→ず -> ず→つ -> つ→る -> る→び -> び→ず -> ず→つ -> つ→る -> る→む -> む→る -> る→げ -> げ→る -> る→ゆ -> ゆ→ず -> ず→よ -> よ→ず -> ず→よ -> よ→ず -> ず→う -> う→ず -> ず→う
greedy vs alpha_beta,greedy,alpha_beta,D20000_seed0_greedy_vs_alpha_beta_0,20000,0,second,ended_with_n,38,second,alpha_beta,う,156,2,20,1,0,,,う,ず,ず,1.000007,True,5898.081965648855,1,1,True,0,34,34,33,0,0,0,0,0,{},33,あ→ぬ -> ぬ→る -> る→る -> る→る -> る→る -> る→ぽ -> ぽ→ず -> ず→ず -> ず→む -> む→ず -> ず→ら -> ら→る -> る→ぷ -> ぷ→ず -> ず→れ -> れ→ず -> ず→が -> が→ず -> ず→つ -> つ→る -> る→び -> び→ず -> ず→つ -> つ→る -> る→む -> む→る -> る→げ -> げ→る -> る→ゆ -> ゆ→ず -> ず→よ -> よ→ず -> ず→よ -> よ→ず -> ず→う -> う→ず -> ず→う -> う→ず
greedy vs alpha_beta,greedy,alpha_beta,D20000_seed0_greedy_vs_alpha_beta_0,20000,0,second,ended_with_n,39,first,greedy,ず,1362,20,2,4,3,,,ず,う,う,0.005463,False,-5898.081965648855,,,,,,,,,,,,,,7,あ→ぬ -> ぬ→る -> る→る -> る→る -> る→る -> る→ぽ -> ぽ→ず -> ず→ず -> ず→む -> む→ず -> ず→ら -> ら→る -> る→ぷ -> ぷ→ず -> ず→れ -> れ→ず -> ず→が -> が→ず -> ず→つ -> つ→る -> る→び -> び→ず -> ず→つ -> つ→る -> る→む -> む→る -> る→げ -> げ→る -> る→ゆ -> ゆ→ず -> ず→よ -> よ→ず -> ず→よ -> よ→ず -> ず→う -> う→ず -> ず→う -> う→ず -> ず→う
greedy vs alpha_beta,greedy,alpha_beta,D20000_seed0_greedy_vs_alpha_beta_0,20000,0,second,ended_with_n,40,second,alpha_beta,う,199,2,63,3,2,,,う,る,る,1.000008,True,3944.1915789473683,1,1,True,0,33,33,32,0,0,0,0,0,{},32,あ→ぬ -> ぬ→る -> る→る -> る→る -> る→る -> る→ぽ -> ぽ→ず -> ず→ず -> ず→む -> む→ず -> ず→ら -> ら→る -> る→ぷ -> ぷ→ず -> ず→れ -> れ→ず -> ず→が -> が→ず -> ず→つ -> つ→る -> る→び -> び→ず -> ず→つ -> つ→る -> る→む -> む→る -> る→げ -> げ→る -> る→ゆ -> ゆ→ず -> ず→よ -> よ→ず -> ず→よ -> よ→ず -> ず→う -> う→ず -> ず→う -> う→ず -> ず→う -> う→る
greedy vs alpha_beta,greedy,alpha_beta,D20000_seed0_greedy_vs_alpha_beta_0,20000,0,second,ended_with_n,41,first,greedy,る,4343,63,59,1,0,,,る,ゆ,ゆ,0.010974,False,-3944.1915789473683,,,,,,,,,,,,,,14,あ→ぬ -> ぬ→る -> る→る -> る→る -> る→る -> る→ぽ -> ぽ→ず -> ず→ず -> ず→む -> む→ず -> ず→ら -> ら→る -> る→ぷ -> ぷ→ず -> ず→れ -> れ→ず -> ず→が -> が→ず -> ず→つ -> つ→る -> る→び -> び→ず -> ず→つ -> つ→る -> る→む -> む→る -> る→げ -> げ→る -> る→ゆ -> ゆ→ず -> ず→よ -> よ→ず -> ず→よ -> よ→ず -> ず→う -> う→ず -> ず→う -> う→ず -> ず→う -> う→る -> る→ゆ
greedy vs alpha_beta,greedy,alpha_beta,D20000_seed0_greedy_vs_alpha_beta_0,20000,0,second,ended_with_n,42,second,alpha_beta,ゆ,4075,59,63,3,2,,,ゆ,る,る,1.000008,True,4148.006229508197,1,1,True,0,31,31,30,0,0,0,0,0,{},30,あ→ぬ -> ぬ→る -> る→る -> る→る -> る→る -> る→ぽ -> ぽ→ず -> ず→ず -> ず→む -> む→ず -> ず→ら -> ら→る -> る→ぷ -> ぷ→ず -> ず→れ -> れ→ず -> ず→が -> が→ず -> ず→つ -> つ→る -> る→び -> び→ず -> ず→つ -> つ→る -> る→む -> む→る -> る→げ -> げ→る -> る→ゆ -> ゆ→ず -> ず→よ -> よ→ず -> ず→よ -> よ→ず -> ず→う -> う→ず -> ず→う -> う→ず -> ず→う -> う→る -> る→ゆ -> ゆ→る
greedy vs alpha_beta,greedy,alpha_beta,D20000_seed0_greedy_vs_alpha_beta_0,20000,0,second,ended_with_n,43,first,greedy,る,4312,63,28,1,0,,,る,つ,つ,0.010306,False,-4148.006229508197,,,,,,,,,,,,,,13,あ→ぬ -> ぬ→る -> る→る -> る→る -> る→る -> る→ぽ -> ぽ→ず -> ず→ず -> ず→む -> む→ず -> ず→ら -> ら→る -> る→ぷ -> ぷ→ず -> ず→れ -> れ→ず -> ず→が -> が→ず -> ず→つ -> つ→る -> る→び -> び→ず -> ず→つ -> つ→る -> る→む -> む→る -> る→げ -> げ→る -> る→ゆ -> ゆ→ず -> ず→よ -> よ→ず -> ず→よ -> よ→ず -> ず→う -> う→ず -> ず→う -> う→ず -> ず→う -> う→る -> る→ゆ -> ゆ→る -> る→つ
greedy vs alpha_beta,greedy,alpha_beta,D20000_seed0_greedy_vs_alpha_beta_0,20000,0,second,ended_with_n,44,second,alpha_beta,つ,1959,28,55,1,0,,,つ,む,む,1.000006,True,2250.7609677419355,1,1,True,0,32,32,31,0,0,0,0,0,{},31,あ→ぬ -> ぬ→る -> る→る -> る→る -> る→る -> る→ぽ -> ぽ→ず -> ず→ず -> ず→む -> む→ず -> ず→ら -> ら→る -> る→ぷ -> ぷ→ず -> ず→れ -> れ→ず -> ず→が -> が→ず -> ず→つ -> つ→る -> る→び -> び→ず -> ず→つ -> つ→る -> る→む -> む→る -> る→げ -> げ→る -> る→ゆ -> ゆ→ず -> ず→よ -> よ→ず -> ず→よ -> よ→ず -> ず→う -> う→ず -> ず→う -> う→ず -> ず→う -> う→る -> る→ゆ -> ゆ→る -> る→つ -> つ→む
greedy vs alpha_beta,greedy,alpha_beta,D20000_seed0_greedy_vs_alpha_beta_0,20000,0,second,ended_with_n,45,first,greedy,む,3750,55,10,1,0,,,む,ぐ,ぐ,0.028377,False,-2250.7609677419355,,,,,,,,,,,,,,38,あ→ぬ -> ぬ→る -> る→る -> る→る -> る→る -> る→ぽ -> ぽ→ず -> ず→ず -> ず→む -> む→ず -> ず→ら -> ら→る -> る→ぷ -> ぷ→ず -> ず→れ -> れ→ず -> ず→が -> が→ず -> ず→つ -> つ→る -> る→び -> び→ず -> ず→つ -> つ→る -> る→む -> む→る -> る→げ -> げ→る -> る→ゆ -> ゆ→ず -> ず→よ -> よ→ず -> ず→よ -> よ→ず -> ず→う -> う→ず -> ず→う -> う→ず -> ず→う -> う→る -> る→ゆ -> ゆ→る -> る→つ -> つ→む -> む→ぐ
greedy vs alpha_beta,greedy,alpha_beta,D20000_seed0_greedy_vs_alpha_beta_0,20000,0,second,ended_with_n,46,second,alpha_beta,ぐ,700,10,20,1,0,,,ぐ,ず,ず,1.000009,True,5883.347241379311,1,1,True,0,31,31,30,0,0,0,0,0,{},30,あ→ぬ -> ぬ→る -> る→る -> る→る -> る→る -> る→ぽ -> ぽ→ず -> ず→ず -> ず→む -> む→ず -> ず→ら -> ら→る -> る→ぷ -> ぷ→ず -> ず→れ -> れ→ず -> ず→が -> が→ず -> ず→つ -> つ→る -> る→び -> び→ず -> ず→つ -> つ→る -> る→む -> む→る -> る→げ -> げ→る -> る→ゆ -> ゆ→ず -> ず→よ -> よ→ず -> ず→よ -> よ→ず -> ず→う -> う→ず -> ず→う -> う→ず -> ず→う -> う→る -> る→ゆ -> ゆ→る -> る→つ -> つ→む -> む→ぐ -> ぐ→ず
greedy vs alpha_beta,greedy,alpha_beta,D20000_seed0_greedy_vs_alpha_beta_0,20000,0,second,ended_with_n,47,first,greedy,ず,1362,20,2,3,2,,,ず,う,う,0.005469,False,-5883.347241379311,,,,,,,,,,,,,,7,あ→ぬ -> ぬ→る -> る→る -> る→る -> る→る -> る→ぽ -> ぽ→ず -> ず→ず -> ず→む -> む→ず -> ず→ら -> ら→る -> る→ぷ -> ぷ→ず -> ず→れ -> れ→ず -> ず→が -> が→ず -> ず→つ -> つ→る -> る→び -> び→ず -> ず→つ -> つ→る -> る→む -> む→る -> る→げ -> げ→る -> る→ゆ -> ゆ→ず -> ず→よ -> よ→ず -> ず→よ -> よ→ず -> ず→う -> う→ず -> ず→う -> う→ず -> ず→う -> う→る -> る→ゆ -> ゆ→る -> る→つ -> つ→む -> む→ぐ -> ぐ→ず -> ず→う
greedy vs alpha_beta,greedy,alpha_beta,D20000_seed0_greedy_vs_alpha_beta_0,20000,0,second,ended_with_n,48,second,alpha_beta,う,199,2,63,2,1,,,う,る,る,1.000005,True,5740.36806,1,1,True,0,34,34,33,0,0,0,0,0,{},33,あ→ぬ -> ぬ→る -> る→る -> る→る -> る→る -> る→ぽ -> ぽ→ず -> ず→ず -> ず→む -> む→ず -> ず→ら -> ら→る -> る→ぷ -> ぷ→ず -> ず→れ -> れ→ず -> ず→が -> が→ず -> ず→つ -> つ→る -> る→び -> び→ず -> ず→つ -> つ→る -> る→む -> む→る -> る→げ -> げ→る -> る→ゆ -> ゆ→ず -> ず→よ -> よ→ず -> ず→よ -> よ→ず -> ず→う -> う→ず -> ず→う -> う→ず -> ず→う -> う→る -> る→ゆ -> ゆ→る -> る→つ -> つ→む -> む→ぐ -> ぐ→ず -> ず→う -> う→る
greedy vs alpha_beta,greedy,alpha_beta,D20000_seed0_greedy_vs_alpha_beta_0,20000,0,second,ended_with_n,49,first,greedy,る,4317,63,33,1,0,,,る,な,な,0.009437,False,-5740.36806,,,,,,,,,,,,,,12,あ→ぬ -> ぬ→る -> る→る -> る→る -> る→る -> る→ぽ -> ぽ→ず -> ず→ず -> ず→む -> む→ず -> ず→ら -> ら→る -> る→ぷ -> ぷ→ず -> ず→れ -> れ→ず -> ず→が -> が→ず -> ず→つ -> つ→る -> る→び -> び→ず -> ず→つ -> つ→る -> る→む -> む→る -> る→げ -> げ→る -> る→ゆ -> ゆ→ず -> ず→よ -> よ→ず -> ず→よ -> よ→ず -> ず→う -> う→ず -> ず→う -> う→ず -> ず→う -> う→る -> る→ゆ -> ゆ→る -> る→つ -> つ→む -> む→ぐ -> ぐ→ず -> ず→う -> う→る -> る→な
greedy vs alpha_beta,greedy,alpha_beta,D20000_seed0_greedy_vs_alpha_beta_0,20000,0,second,ended_with_n,50,second,alpha_beta,な,2307,33,63,5,4,,,な,る,る,1.000008,True,5866.488115384615,1,1,True,0,35,35,34,0,0,0,0,0,{},34,あ→ぬ -> ぬ→る -> る→る -> る→る -> る→る -> る→ぽ -> ぽ→ず -> ず→ず -> ず→む -> む→ず -> ず→ら -> ら→る -> る→ぷ -> ぷ→ず -> ず→れ -> れ→ず -> ず→が -> が→ず -> ず→つ -> つ→る -> る→び -> び→ず -> ず→つ -> つ→る -> る→む -> む→る -> る→げ -> げ→る -> る→ゆ -> ゆ→ず -> ず→よ -> よ→ず -> ず→よ -> よ→ず -> ず→う -> う→ず -> ず→う -> う→ず -> ず→う -> う→る -> る→ゆ -> ゆ→る -> る→つ -> つ→む -> む→ぐ -> ぐ→ず -> ず→う -> う→る -> る→な -> な→る
greedy vs alpha_beta,greedy,alpha_beta,D20000_seed0_greedy_vs_alpha_beta_0,20000,0,second,ended_with_n,51,first,greedy,る,4286,63,2,3,2,,,る,う,う,0.008695,False,-5866.488115384615,,,,,,,,,,,,,,11,あ→ぬ -> ぬ→る -> る→る -> る→る -> る→る -> る→ぽ -> ぽ→ず -> ず→ず -> ず→む -> む→ず -> ず→ら -> ら→る -> る→ぷ -> ぷ→ず -> ず→れ -> れ→ず -> ず→が -> が→ず -> ず→つ -> つ→る -> る→び -> び→ず -> ず→つ -> つ→る -> る→む -> む→る -> る→げ -> げ→る -> る→ゆ -> ゆ→ず -> ず→よ -> よ→ず -> ず→よ -> よ→ず -> ず→う -> う→ず -> ず→う -> う→ず -> ず→う -> う→る -> る→ゆ -> ゆ→る -> る→つ -> つ→む -> む→ぐ -> ぐ→ず -> ず→う -> う→る -> る→な -> な→る -> る→う
greedy vs alpha_beta,greedy,alpha_beta,D20000_seed0_greedy_vs_alpha_beta_0,20000,0,second,ended_with_n,52,second,alpha_beta,う,199,2,63,1,0,,,う,る,る,1.000007,True,5821.639054054054,1,1,True,0,33,33,32,0,0,0,0,0,{},32,あ→ぬ -> ぬ→る -> る→る -> る→る -> る→る -> る→ぽ -> ぽ→ず -> ず→ず -> ず→む -> む→ず -> ず→ら -> ら→る -> る→ぷ -> ぷ→ず -> ず→れ -> れ→ず -> ず→が -> が→ず -> ず→つ -> つ→る -> る→び -> び→ず -> ず→つ -> つ→る -> る→む -> む→る -> る→げ -> げ→る -> る→ゆ -> ゆ→ず -> ず→よ -> よ→ず -> ず→よ -> よ→ず -> ず→う -> う→ず -> ず→う -> う→ず -> ず→う -> う→る -> る→ゆ -> ゆ→る -> る→つ -> つ→む -> む→ぐ -> ぐ→ず -> ず→う -> う→る -> る→な -> な→る -> る→う -> う→る
greedy vs alpha_beta,greedy,alpha_beta,D20000_seed0_greedy_vs_alpha_beta_0,20000,0,second,ended_with_n,53,first,greedy,る,4286,63,2,2,1,,,る,う,う,0.008666,False,-5821.639054054054,,,,,,,,,,,,,,11,あ→ぬ -> ぬ→る -> る→る -> る→る -> る→る -> る→ぽ -> ぽ→ず -> ず→ず -> ず→む -> む→ず -> ず→ら -> ら→る -> る→ぷ -> ぷ→ず -> ず→れ -> れ→ず -> ず→が -> が→ず -> ず→つ -> つ→る -> る→び -> び→ず -> ず→つ -> つ→る -> る→む -> む→る -> る→げ -> げ→る -> る→ゆ -> ゆ→ず -> ず→よ -> よ→ず -> ず→よ -> よ→ず -> ず→う -> う→ず -> ず→う -> う→ず -> ず→う -> う→る -> る→ゆ -> ゆ→る -> る→つ -> つ→む -> む→ぐ -> ぐ→ず -> ず→う -> う→る -> る→な -> な→る -> る→う -> う→る -> る→う
greedy vs alpha_beta,greedy,alpha_beta,D20000_seed0_greedy_vs_alpha_beta_0,20000,0,second,ended_with_n,54,second,alpha_beta,う,191,2,55,2,1,,,う,む,む,1.000009,True,2473.596224489796,1,1,True,0,33,33,32,0,0,0,0,0,{},32,あ→ぬ -> ぬ→る -> る→る -> る→る -> る→る -> る→ぽ -> ぽ→ず -> ず→ず -> ず→む -> む→ず -> ず→ら -> ら→る -> る→ぷ -> ぷ→ず -> ず→れ -> れ→ず -> ず→が -> が→ず -> ず→つ -> つ→る -> る→び -> び→ず -> ず→つ -> つ→る -> る→む -> む→る -> る→げ -> げ→る -> る→ゆ -> ゆ→ず -> ず→よ -> よ→ず -> ず→よ -> よ→ず -> ず→う -> う→ず -> ず→う -> う→ず -> ず→う -> う→る -> る→ゆ -> ゆ→る -> る→つ -> つ→む -> む→ぐ -> ぐ→ず -> ず→う -> う→る -> る→な -> な→る -> る→う -> う→る -> る→う -> う→む
greedy vs alpha_beta,greedy,alpha_beta,D20000_seed0_greedy_vs_alpha_beta_0,20000,0,second,ended_with_n,55,first,greedy,む,3762,55,22,1,0,,,む,ぜ,ぜ,0.027826,False,-2473.596224489796,,,,,,,,,,,,,,37,あ→ぬ -> ぬ→る -> る→る -> る→る -> る→る -> る→ぽ -> ぽ→ず -> ず→ず -> ず→む -> む→ず -> ず→ら -> ら→る -> る→ぷ -> ぷ→ず -> ず→れ -> れ→ず -> ず→が -> が→ず -> ず→つ -> つ→る -> る→び -> び→ず -> ず→つ -> つ→る -> る→む -> む→る -> る→げ -> げ→る -> る→ゆ -> ゆ→ず -> ず→よ -> よ→ず -> ず→よ -> よ→ず -> ず→う -> う→ず -> ず→う -> う→ず -> ず→う -> う→る -> る→ゆ -> ゆ→る -> る→つ -> つ→む -> む→ぐ -> ぐ→ず -> ず→う -> う→る -> る→な -> な→る -> る→う -> う→る -> る→う -> う→む -> む→ぜ
greedy vs alpha_beta,greedy,alpha_beta,D20000_seed0_greedy_vs_alpha_beta_0,20000,0,second,ended_with_n,56,second,alpha_beta,ぜ,1559,22,63,1,0,,,ぜ,る,る,0.962647,False,5801.542558139535,1,1,True,0,28,28,29,0,0,0,0,0,{},29,あ→ぬ -> ぬ→る -> る→る -> る→る -> る→る -> る→ぽ -> ぽ→ず -> ず→ず -> ず→む -> む→ず -> ず→ら -> ら→る -> る→ぷ -> ぷ→ず -> ず→れ -> れ→ず -> ず→が -> が→ず -> ず→つ -> つ→る -> る→び -> び→ず -> ず→つ -> つ→る -> る→む -> む→る -> る→げ -> げ→る -> る→ゆ -> ゆ→ず -> ず→よ -> よ→ず -> ず→よ -> よ→ず -> ず→う -> う→ず -> ず→う -> う→ず -> ず→う -> う→る -> る→ゆ -> ゆ→る -> る→つ -> つ→む -> む→ぐ -> ぐ→ず -> ず→う -> う→る -> る→な -> な→る -> る→う -> う→る -> る→う -> う→む -> む→ぜ -> ぜ→る
greedy vs alpha_beta,greedy,alpha_beta,D20000_seed0_greedy_vs_alpha_beta_0,20000,0,second,ended_with_n,57,first,greedy,る,4286,63,2,1,0,,,る,う,う,0.008633,False,-5801.542558139535,,,,,,,,,,,,,,11,あ→ぬ -> ぬ→る -> る→る -> る→る -> る→る -> る→ぽ -> ぽ→ず -> ず→ず -> ず→む -> む→ず -> ず→ら -> ら→る -> る→ぷ -> ぷ→ず -> ず→れ -> れ→ず -> ず→が -> が→ず -> ず→つ -> つ→る -> る→び -> び→ず -> ず→つ -> つ→る -> る→む -> む→る -> る→げ -> げ→る -> る→ゆ -> ゆ→ず -> ず→よ -> よ→ず -> ず→よ -> よ→ず -> ず→う -> う→ず -> ず→う -> う→ず -> ず→う -> う→る -> る→ゆ -> ゆ→る -> る→つ -> つ→む -> む→ぐ -> ぐ→ず -> ず→う -> う→る -> る→な -> な→る -> る→う -> う→る -> る→う -> う→む -> む→ぜ -> ぜ→る -> る→う
greedy vs alpha_beta,greedy,alpha_beta,D20000_seed0_greedy_vs_alpha_beta_0,20000,0,second,ended_with_n,58,second,alpha_beta,う,191,2,55,1,0,,,う,む,む,1.000008,True,2484.263163265306,1,1,True,0,33,33,32,0,0,0,0,0,{},32,あ→ぬ -> ぬ→る -> る→る -> る→る -> る→る -> る→ぽ -> ぽ→ず -> ず→ず -> ず→む -> む→ず -> ず→ら -> ら→る -> る→ぷ -> ぷ→ず -> ず→れ -> れ→ず -> ず→が -> が→ず -> ず→つ -> つ→る -> る→び -> び→ず -> ず→つ -> つ→る -> る→む -> む→る -> る→げ -> げ→る -> る→ゆ -> ゆ→ず -> ず→よ -> よ→ず -> ず→よ -> よ→ず -> ず→う -> う→ず -> ず→う -> う→ず -> ず→う -> う→る -> る→ゆ -> ゆ→る -> る→つ -> つ→む -> む→ぐ -> ぐ→ず -> ず→う -> う→る -> る→な -> な→る -> る→う -> う→る -> る→う -> う→む -> む→ぜ -> ぜ→る -> る→う -> う→む
greedy vs alpha_beta,greedy,alpha_beta,D20000_seed0_greedy_vs_alpha_beta_0,20000,0,second,ended_with_n,59,first,greedy,む,3782,55,42,1,0,,,む,び,び,0.027309,False,-2484.263163265306,,,,,,,,,,,,,,36,あ→ぬ -> ぬ→る -> る→る -> る→る -> る→る -> る→ぽ -> ぽ→ず -> ず→ず -> ず→む -> む→ず -> ず→ら -> ら→る -> る→ぷ -> ぷ→ず -> ず→れ -> れ→ず -> ず→が -> が→ず -> ず→つ -> つ→る -> る→び -> び→ず -> ず→つ -> つ→る -> る→む -> む→る -> る→げ -> げ→る -> る→ゆ -> ゆ→ず -> ず→よ -> よ→ず -> ず→よ -> よ→ず -> ず→う -> う→ず -> ず→う -> う→ず -> ず→う -> う→る -> る→ゆ -> ゆ→る -> る→つ -> つ→む -> む→ぐ -> ぐ→ず -> ず→う -> う→る -> る→な -> な→る -> る→う -> う→る -> る→う -> う→む -> む→ぜ -> ぜ→る -> る→う -> う→む -> む→び
greedy vs alpha_beta,greedy,alpha_beta,D20000_seed0_greedy_vs_alpha_beta_0,20000,0,second,ended_with_n,60,second,alpha_beta,び,2919,42,63,5,4,,,び,る,る,1.000006,True,6683.999345637584,1,1,True,0,32,32,31,0,0,0,0,0,{},31,あ→ぬ -> ぬ→る -> る→る -> る→る -> る→る -> る→ぽ -> ぽ→ず -> ず→ず -> ず→む -> む→ず -> ず→ら -> ら→る -> る→ぷ -> ぷ→ず -> ず→れ -> れ→ず -> ず→が -> が→ず -> ず→つ -> つ→る -> る→び -> び→ず -> ず→つ -> つ→る -> る→む -> む→る -> る→げ -> げ→る -> る→ゆ -> ゆ→ず -> ず→よ -> よ→ず -> ず→よ -> よ→ず -> ず→う -> う→ず -> ず→う -> う→ず -> ず→う -> う→る -> る→ゆ -> ゆ→る -> る→つ -> つ→む -> む→ぐ -> ぐ→ず -> ず→う -> う→る -> る→な -> な→る -> る→う -> う→る -> る→う -> う→む -> む→ぜ -> ぜ→る -> る→う -> う→む -> む→び -> び→る
greedy vs alpha_beta,greedy,alpha_beta,D20000_seed0_greedy_vs_alpha_beta_0,20000,0,second,ended_with_n,61,first,greedy,る,4293,63,9,1,0,,,る,く,く,0.007782,False,-6683.999345637584,,,,,,,,,,,,,,10,あ→ぬ -> ぬ→る -> る→る -> る→る -> る→る -> る→ぽ -> ぽ→ず -> ず→ず -> ず→む -> む→ず -> ず→ら -> ら→る -> る→ぷ -> ぷ→ず -> ず→れ -> れ→ず -> ず→が -> が→ず -> ず→つ -> つ→る -> る→び -> び→ず -> ず→つ -> つ→る -> る→む -> む→る -> る→げ -> げ→る -> る→ゆ -> ゆ→ず -> ず→よ -> よ→ず -> ず→よ -> よ→ず -> ず→う -> う→ず -> ず→う -> う→ず -> ず→う -> う→る -> る→ゆ -> ゆ→る -> る→つ -> つ→む -> む→ぐ -> ぐ→ず -> ず→う -> う→る -> る→な -> な→る -> る→う -> う→る -> る→う -> う→む -> む→ぜ -> ぜ→る -> る→う -> う→む -> む→び -> び→る -> る→く
greedy vs alpha_beta,greedy,alpha_beta,D20000_seed0_greedy_vs_alpha_beta_0,20000,0,second,ended_with_n,62,second,alpha_beta,く,675,9,63,8,7,,,く,る,る,1.000009,True,6878.8858892617445,1,1,True,0,35,35,34,0,0,0,0,0,{},34,あ→ぬ -> ぬ→る -> る→る -> る→る -> る→る -> る→ぽ -> ぽ→ず -> ず→ず -> ず→む -> む→ず -> ず→ら -> ら→る -> る→ぷ -> ぷ→ず -> ず→れ -> れ→ず -> ず→が -> が→ず -> ず→つ -> つ→る -> る→び -> び→ず -> ず→つ -> つ→る -> る→む -> む→る -> る→げ -> げ→る -> る→ゆ -> ゆ→ず -> ず→よ -> よ→ず -> ず→よ -> よ→ず -> ず→う -> う→ず -> ず→う -> う→ず -> ず→う -> う→る -> る→ゆ -> ゆ→る -> る→つ -> つ→む -> む→ぐ -> ぐ→ず -> ず→う -> う→る -> る→な -> な→る -> る→う -> う→る -> る→う -> う→む -> む→ぜ -> ぜ→る -> る→う -> う→む -> む→び -> び→る -> る→く -> く→る
greedy vs alpha_beta,greedy,alpha_beta,D20000_seed0_greedy_vs_alpha_beta_0,20000,0,second,ended_with_n,63,first,greedy,る,4346,63,62,1,0,,,る,り,り,0.00686,False,-6878.8858892617445,,,,,,,,,,,,,,9,あ→ぬ -> ぬ→る -> る→る -> る→る -> る→る -> る→ぽ -> ぽ→ず -> ず→ず -> ず→む -> む→ず -> ず→ら -> ら→る -> る→ぷ -> ぷ→ず -> ず→れ -> れ→ず -> ず→が -> が→ず -> ず→つ -> つ→る -> る→び -> び→ず -> ず→つ -> つ→る -> る→む -> む→る -> る→げ -> げ→る -> る→ゆ -> ゆ→ず -> ず→よ -> よ→ず -> ず→よ -> よ→ず -> ず→う -> う→ず -> ず→う -> う→ず -> ず→う -> う→る -> る→ゆ -> ゆ→る -> る→つ -> つ→む -> む→ぐ -> ぐ→ず -> ず→う -> う→る -> る→な -> な→る -> る→う -> う→る -> る→う -> う→む -> む→ぜ -> ぜ→る -> る→う -> う→む -> む→び -> び→る -> る→く -> く→る -> る→り
greedy vs alpha_beta,greedy,alpha_beta,D20000_seed0_greedy_vs_alpha_beta_0,20000,0,second,ended_with_n,64,second,alpha_beta,り,4279,62,63,14,13,,,り,る,る,1.000006,True,8054.4825418994415,1,1,True,0,33,33,32,0,0,0,0,0,{},32,あ→ぬ -> ぬ→る -> る→る -> る→る -> る→る -> る→ぽ -> ぽ→ず -> ず→ず -> ず→む -> む→ず -> ず→ら -> ら→る -> る→ぷ -> ぷ→ず -> ず→れ -> れ→ず -> ず→が -> が→ず -> ず→つ -> つ→る -> る→び -> び→ず -> ず→つ -> つ→る -> る→む -> む→る -> る→げ -> げ→る -> る→ゆ -> ゆ→ず -> ず→よ -> よ→ず -> ず→よ -> よ→ず -> ず→う -> う→ず -> ず→う -> う→ず -> ず→う -> う→る -> る→ゆ -> ゆ→る -> る→つ -> つ→む -> む→ぐ -> ぐ→ず -> ず→う -> う→る -> る→な -> な→る -> る→う -> う→る -> る→う -> う→む -> む→ぜ -> ぜ→る -> る→う -> う→む -> む→び -> び→る -> る→く -> く→る -> る→り -> り→る
greedy vs alpha_beta,greedy,alpha_beta,D20000_seed0_greedy_vs_alpha_beta_0,20000,0,second,ended_with_n,65,first,greedy,る,4303,63,19,6,5,,,る,す,す,0.006201,False,-8054.4825418994415,,,,,,,,,,,,,,8,あ→ぬ -> ぬ→る -> る→る -> る→る -> る→る -> る→ぽ -> ぽ→ず -> ず→ず -> ず→む -> む→ず -> ず→ら -> ら→る -> る→ぷ -> ぷ→ず -> ず→れ -> れ→ず -> ず→が -> が→ず -> ず→つ -> つ→る -> る→び -> び→ず -> ず→つ -> つ→る -> る→む -> む→る -> る→げ -> げ→る -> る→ゆ -> ゆ→ず -> ず→よ -> よ→ず -> ず→よ -> よ→ず -> ず→う -> う→ず -> ず→う -> う→ず -> ず→う -> う→る -> る→ゆ -> ゆ→る -> る→つ -> つ→む -> む→ぐ -> ぐ→ず -> ず→う -> う→る -> る→な -> な→る -> る→う -> う→る -> る→う -> う→む -> む→ぜ -> ぜ→る -> る→う -> う→む -> む→び -> び→る -> る→く -> く→る -> る→り -> り→る -> る→す
greedy vs alpha_beta,greedy,alpha_beta,D20000_seed0_greedy_vs_alpha_beta_0,20000,0,second,ended_with_n,66,second,alpha_beta,す,1355,19,63,21,20,,,す,る,る,1.000006,True,8034.379957983193,1,1,True,0,34,34,33,0,0,0,0,0,{},33,あ→ぬ -> ぬ→る -> る→る -> る→る -> る→る -> る→ぽ -> ぽ→ず -> ず→ず -> ず→む -> む→ず -> ず→ら -> ら→る -> る→ぷ -> ぷ→ず -> ず→れ -> れ→ず -> ず→が -> が→ず -> ず→つ -> つ→る -> る→び -> び→ず -> ず→つ -> つ→る -> る→む -> む→る -> る→げ -> げ→る -> る→ゆ -> ゆ→ず -> ず→よ -> よ→ず -> ず→よ -> よ→ず -> ず→う -> う→ず -> ず→う -> う→ず -> ず→う -> う→る -> る→ゆ -> ゆ→る -> る→つ -> つ→む -> む→ぐ -> ぐ→ず -> ず→う -> う→る -> る→な -> な→る -> る→う -> う→る -> る→う -> う→む -> む→ぜ -> ぜ→る -> る→う -> う→む -> む→び -> び→る -> る→く -> く→る -> る→り -> り→る -> る→す -> す→る
greedy vs alpha_beta,greedy,alpha_beta,D20000_seed0_greedy_vs_alpha_beta_0,20000,0,second,ended_with_n,67,first,greedy,る,4303,63,19,5,4,,,る,す,す,0.006218,False,-8034.379957983193,,,,,,,,,,,,,,8,あ→ぬ -> ぬ→る -> る→る -> る→る -> る→る -> る→ぽ -> ぽ→ず -> ず→ず -> ず→む -> む→ず -> ず→ら -> ら→る -> る→ぷ -> ぷ→ず -> ず→れ -> れ→ず -> ず→が -> が→ず -> ず→つ -> つ→る -> る→び -> び→ず -> ず→つ -> つ→る -> る→む -> む→る -> る→げ -> げ→る -> る→ゆ -> ゆ→ず -> ず→よ -> よ→ず -> ず→よ -> よ→ず -> ず→う -> う→ず -> ず→う -> う→ず -> ず→う -> う→る -> る→ゆ -> ゆ→る -> る→つ -> つ→む -> む→ぐ -> ぐ→ず -> ず→う -> う→る -> る→な -> な→る -> る→う -> う→る -> る→う -> う→む -> む→ぜ -> ぜ→る -> る→う -> う→む -> む→び -> び→る -> る→く -> く→る -> る→り -> り→る -> る→す -> す→る -> る→す
greedy vs alpha_beta,greedy,alpha_beta,D20000_seed0_greedy_vs_alpha_beta_0,20000,0,second,ended_with_n,68,second,alpha_beta,す,1355,19,63,20,19,,,す,る,る,1.000008,True,8014.276292134831,1,1,True,0,34,34,33,0,0,0,0,0,{},33,あ→ぬ -> ぬ→る -> る→る -> る→る -> る→る -> る→ぽ -> ぽ→ず -> ず→ず -> ず→む -> む→ず -> ず→ら -> ら→る -> る→ぷ -> ぷ→ず -> ず→れ -> れ→ず -> ず→が -> が→ず -> ず→つ -> つ→る -> る→び -> び→ず -> ず→つ -> つ→る -> る→む -> む→る -> る→げ -> げ→る -> る→ゆ -> ゆ→ず -> ず→よ -> よ→ず -> ず→よ -> よ→ず -> ず→う -> う→ず -> ず→う -> う→ず -> ず→う -> う→る -> る→ゆ -> ゆ→る -> る→つ -> つ→む -> む→ぐ -> ぐ→ず -> ず→う -> う→る -> る→な -> な→る -> る→う -> う→る -> る→う -> う→む -> む→ぜ -> ぜ→る -> る→う -> う→む -> む→び -> び→る -> る→く -> く→る -> る→り -> り→る -> る→す -> す→る -> る→す -> す→る
greedy vs alpha_beta,greedy,alpha_beta,D20000_seed0_greedy_vs_alpha_beta_0,20000,0,second,ended_with_n,69,first,greedy,る,4303,63,19,4,3,,,る,す,す,0.006243,False,-8014.276292134831,,,,,,,,,,,,,,8,あ→ぬ -> ぬ→る -> る→る -> る→る -> る→る -> る→ぽ -> ぽ→ず -> ず→ず -> ず→む -> む→ず -> ず→ら -> ら→る -> る→ぷ -> ぷ→ず -> ず→れ -> れ→ず -> ず→が -> が→ず -> ず→つ -> つ→る -> る→び -> び→ず -> ず→つ -> つ→る -> る→む -> む→る -> る→げ -> げ→る -> る→ゆ -> ゆ→ず -> ず→よ -> よ→ず -> ず→よ -> よ→ず -> ず→う -> う→ず -> ず→う -> う→ず -> ず→う -> う→る -> る→ゆ -> ゆ→る -> る→つ -> つ→む -> む→ぐ -> ぐ→ず -> ず→う -> う→る -> る→な -> な→る -> る→う -> う→る -> る→う -> う→む -> む→ぜ -> ぜ→る -> る→う -> う→む -> む→び -> び→る -> る→く -> く→る -> る→り -> り→る -> る→す -> す→る -> る→す -> す→る -> る→す
greedy vs alpha_beta,greedy,alpha_beta,D20000_seed0_greedy_vs_alpha_beta_0,20000,0,second,ended_with_n,70,second,alpha_beta,す,1355,19,63,19,18,,,す,る,る,1.000007,True,7994.171535211268,1,1,True,0,34,34,33,0,0,0,0,0,{},33,あ→ぬ -> ぬ→る -> る→る -> る→る -> る→る -> る→ぽ -> ぽ→ず -> ず→ず -> ず→む -> む→ず -> ず→ら -> ら→る -> る→ぷ -> ぷ→ず -> ず→れ -> れ→ず -> ず→が -> が→ず -> ず→つ -> つ→る -> る→び -> び→ず -> ず→つ -> つ→る -> る→む -> む→る -> る→げ -> げ→る -> る→ゆ -> ゆ→ず -> ず→よ -> よ→ず -> ず→よ -> よ→ず -> ず→う -> う→ず -> ず→う -> う→ず -> ず→う -> う→る -> る→ゆ -> ゆ→る -> る→つ -> つ→む -> む→ぐ -> ぐ→ず -> ず→う -> う→る -> る→な -> な→る -> る→う -> う→る -> る→う -> う→む -> む→ぜ -> ぜ→る -> る→う -> う→む -> む→び -> び→る -> る→く -> く→る -> る→り -> り→る -> る→す -> す→る -> る→す -> す→る -> る→す -> す→る
greedy vs alpha_beta,greedy,alpha_beta,D20000_seed0_greedy_vs_alpha_beta_0,20000,0,second,ended_with_n,71,first,greedy,る,4303,63,19,3,2,,,る,す,す,0.006241,False,-7994.171535211268,,,,,,,,,,,,,,8,あ→ぬ -> ぬ→る -> る→る -> る→る -> る→る -> る→ぽ -> ぽ→ず -> ず→ず -> ず→む -> む→ず -> ず→ら -> ら→る -> る→ぷ -> ぷ→ず -> ず→れ -> れ→ず -> ず→が -> が→ず -> ず→つ -> つ→る -> る→び -> び→ず -> ず→つ -> つ→る -> る→む -> む→る -> る→げ -> げ→る -> る→ゆ -> ゆ→ず -> ず→よ -> よ→ず -> ず→よ -> よ→ず -> ず→う -> う→ず -> ず→う -> う→ず -> ず→う -> う→る -> る→ゆ -> ゆ→る -> る→つ -> つ→む -> む→ぐ -> ぐ→ず -> ず→う -> う→る -> る→な -> な→る -> る→う -> う→る -> る→う -> う→む -> む→ぜ -> ぜ→る -> る→う -> う→む -> む→び -> び→る -> る→く -> く→る -> る→り -> り→る -> る→す -> す→る -> る→す -> す→る -> る→す -> す→る -> る→す
greedy vs alpha_beta,greedy,alpha_beta,D20000_seed0_greedy_vs_alpha_beta_0,20000,0,second,ended_with_n,72,second,alpha_beta,す,1355,19,63,18,17,,,す,る,る,1.000007,True,7974.065677966102,1,1,True,0,34,34,33,0,0,0,0,0,{},33,あ→ぬ -> ぬ→る -> る→る -> る→る -> る→る -> る→ぽ -> ぽ→ず -> ず→ず -> ず→む -> む→ず -> ず→ら -> ら→る -> る→ぷ -> ぷ→ず -> ず→れ -> れ→ず -> ず→が -> が→ず -> ず→つ -> つ→る -> る→び -> び→ず -> ず→つ -> つ→る -> る→む -> む→る -> る→げ -> げ→る -> る→ゆ -> ゆ→ず -> ず→よ -> よ→ず -> ず→よ -> よ→ず -> ず→う -> う→ず -> ず→う -> う→ず -> ず→う -> う→る -> る→ゆ -> ゆ→る -> る→つ -> つ→む -> む→ぐ -> ぐ→ず -> ず→う -> う→る -> る→な -> な→る -> る→う -> う→る -> る→う -> う→む -> む→ぜ -> ぜ→る -> る→う -> う→む -> む→び -> び→る -> る→く -> く→る -> る→り -> り→る -> る→す -> す→る -> る→す -> す→る -> る→す -> す→る -> る→す -> す→る
greedy vs alpha_beta,greedy,alpha_beta,D20000_seed0_greedy_vs_alpha_beta_0,20000,0,second,ended_with_n,73,first,greedy,る,4303,63,19,2,1,,,る,す,す,0.00621,False,-7974.065677966102,,,,,,,,,,,,,,8,あ→ぬ -> ぬ→る -> る→る -> る→る -> る→る -> る→ぽ -> ぽ→ず -> ず→ず -> ず→む -> む→ず -> ず→ら -> ら→る -> る→ぷ -> ぷ→ず -> ず→れ -> れ→ず -> ず→が -> が→ず -> ず→つ -> つ→る -> る→び -> び→ず -> ず→つ -> つ→る -> る→む -> む→る -> る→げ -> げ→る -> る→ゆ -> ゆ→ず -> ず→よ -> よ→ず -> ず→よ -> よ→ず -> ず→う -> う→ず -> ず→う -> う→ず -> ず→う -> う→る -> る→ゆ -> ゆ→る -> る→つ -> つ→む -> む→ぐ -> ぐ→ず -> ず→う -> う→る -> る→な -> な→る -> る→う -> う→る -> る→う -> う→む -> む→ぜ -> ぜ→る -> る→う -> う→む -> む→び -> び→る -> る→く -> く→る -> る→り -> り→る -> る→す -> す→る -> る→す -> す→る -> る→す -> す→る -> る→す -> す→る -> る→す
greedy vs alpha_beta,greedy,alpha_beta,D20000_seed0_greedy_vs_alpha_beta_0,20000,0,second,ended_with_n,74,second,alpha_beta,す,1355,19,63,17,16,,,す,る,る,1.000006,True,7953.972988668555,1,1,True,0,34,34,33,0,0,0,0,0,{},33,あ→ぬ -> ぬ→る -> る→る -> る→る -> る→る -> る→ぽ -> ぽ→ず -> ず→ず -> ず→む -> む→ず -> ず→ら -> ら→る -> る→ぷ -> ぷ→ず -> ず→れ -> れ→ず -> ず→が -> が→ず -> ず→つ -> つ→る -> る→び -> び→ず -> ず→つ -> つ→る -> る→む -> む→る -> る→げ -> げ→る -> る→ゆ -> ゆ→ず -> ず→よ -> よ→ず -> ず→よ -> よ→ず -> ず→う -> う→ず -> ず→う -> う→ず -> ず→う -> う→る -> る→ゆ -> ゆ→る -> る→つ -> つ→む -> む→ぐ -> ぐ→ず -> ず→う -> う→る -> る→な -> な→る -> る→う -> う→る -> る→う -> う→む -> む→ぜ -> ぜ→る -> る→う -> う→む -> む→び -> び→る -> る→く -> く→る -> る→り -> り→る -> る→す -> す→る -> る→す -> す→る -> る→す -> す→る -> る→す -> す→る -> る→す -> す→る
greedy vs alpha_beta,greedy,alpha_beta,D20000_seed0_greedy_vs_alpha_beta_0,20000,0,second,ended_with_n,75,first,greedy,る,4303,63,19,1,0,,,る,す,す,0.006245,False,-7953.972988668555,,,,,,,,,,,,,,8,あ→ぬ -> ぬ→る -> る→る -> る→る -> る→る -> る→ぽ -> ぽ→ず -> ず→ず -> ず→む -> む→ず -> ず→ら -> ら→る -> る→ぷ -> ぷ→ず -> ず→れ -> れ→ず -> ず→が -> が→ず -> ず→つ -> つ→る -> る→び -> び→ず -> ず→つ -> つ→る -> る→む -> む→る -> る→げ -> げ→る -> る→ゆ -> ゆ→ず -> ず→よ -> よ→ず -> ず→よ -> よ→ず -> ず→う -> う→ず -> ず→う -> う→ず -> ず→う -> う→る -> る→ゆ -> ゆ→る -> る→つ -> つ→む -> む→ぐ -> ぐ→ず -> ず→う -> う→る -> る→な -> な→る -> る→う -> う→る -> る→う -> う→む -> む→ぜ -> ぜ→る -> る→う -> う→む -> む→び -> び→る -> る→く -> く→る -> る→り -> り→る -> る→す -> す→る -> る→す -> す→る -> る→す -> す→る -> る→す -> す→る -> る→す -> す→る -> る→す
greedy vs alpha_beta,greedy,alpha_beta,D20000_seed0_greedy_vs_alpha_beta_0,20000,0,second,ended_with_n,76,second,alpha_beta,す,1355,19,63,16,15,,,す,る,る,1.000011,True,8338.749864864865,1,1,True,0,34,34,33,0,0,0,0,0,{},33,あ→ぬ -> ぬ→る -> る→る -> る→る -> る→る -> る→ぽ -> ぽ→ず -> ず→ず -> ず→む -> む→ず -> ず→ら -> ら→る -> る→ぷ -> ぷ→ず -> ず→れ -> れ→ず -> ず→が -> が→ず -> ず→つ -> つ→る -> る→び -> び→ず -> ず→つ -> つ→る -> る→む -> む→る -> る→げ -> げ→る -> る→ゆ -> ゆ→ず -> ず→よ -> よ→ず -> ず→よ -> よ→ず -> ず→う -> う→ず -> ず→う -> う→ず -> ず→う -> う→る -> る→ゆ -> ゆ→る -> る→つ -> つ→む -> む→ぐ -> ぐ→ず -> ず→う -> う→る -> る→な -> な→る -> る→う -> う→る -> る→う -> う→む -> む→ぜ -> ぜ→る -> る→う -> う→む -> む→び -> び→る -> る→く -> く→る -> る→り -> り→る -> る→す -> す→る -> る→す -> す→る -> る→す -> す→る -> る→す -> す→る -> る→す -> す→る -> る→す -> す→る
greedy vs alpha_beta,greedy,alpha_beta,D20000_seed0_greedy_vs_alpha_beta_0,20000,0,second,ended_with_n,77,first,greedy,る,4315,63,31,2,1,,,る,と,と,0.005451,False,-8338.749864864865,,,,,,,,,,,,,,7,あ→ぬ -> ぬ→る -> る→る -> る→る -> る→る -> る→ぽ -> ぽ→ず -> ず→ず -> ず→む -> む→ず -> ず→ら -> ら→る -> る→ぷ -> ぷ→ず -> ず→れ -> れ→ず -> ず→が -> が→ず -> ず→つ -> つ→る -> る→び -> び→ず -> ず→つ -> つ→る -> る→む -> む→る -> る→げ -> げ→る -> る→ゆ -> ゆ→ず -> ず→よ -> よ→ず -> ず→よ -> よ→ず -> ず→う -> う→ず -> ず→う -> う→ず -> ず→う -> う→る -> る→ゆ -> ゆ→る -> る→つ -> つ→む -> む→ぐ -> ぐ→ず -> ず→う -> う→る -> る→な -> な→る -> る→う -> う→る -> る→う -> う→む -> む→ぜ -> ぜ→る -> る→う -> う→む -> む→び -> び→る -> る→く -> く→る -> る→り -> り→る -> る→す -> す→る -> る→す -> す→る -> る→す -> す→る -> る→す -> す→る -> る→す -> す→る -> る→す -> す→る -> る→と
greedy vs alpha_beta,greedy,alpha_beta,D20000_seed0_greedy_vs_alpha_beta_0,20000,0,second,ended_with_n,78,second,alpha_beta,と,2171,31,63,10,9,,,と,る,る,1.000006,True,8236.46256097561,1,1,True,0,34,34,33,0,0,0,0,0,{},33,あ→ぬ -> ぬ→る -> る→る -> る→る -> る→る -> る→ぽ -> ぽ→ず -> ず→ず -> ず→む -> む→ず -> ず→ら -> ら→る -> る→ぷ -> ぷ→ず -> ず→れ -> れ→ず -> ず→が -> が→ず -> ず→つ -> つ→る -> る→び -> び→ず -> ず→つ -> つ→る -> る→む -> む→る -> る→げ -> げ→る -> る→ゆ -> ゆ→ず -> ず→よ -> よ→ず -> ず→よ -> よ→ず -> ず→う -> う→ず -> ず→う -> う→ず -> ず→う -> う→る -> る→ゆ -> ゆ→る -> る→つ -> つ→む -> む→ぐ -> ぐ→ず -> ず→う -> う→る -> る→な -> な→る -> る→う -> う→る -> る→う -> う→む -> む→ぜ -> ぜ→る -> る→う -> う→む -> む→び -> び→る -> る→く -> く→る -> る→り -> り→る -> る→す -> す→る -> る→す -> す→る -> る→す -> す→る -> る→す -> す→る -> る→す -> す→る -> る→す -> す→る -> る→と -> と→る
greedy vs alpha_beta,greedy,alpha_beta,D20000_seed0_greedy_vs_alpha_beta_0,20000,0,second,ended_with_n,79,first,greedy,る,4315,63,31,1,0,,,る,と,と,0.00544,False,-8236.46256097561,,,,,,,,,,,,,,7,あ→ぬ -> ぬ→る -> る→る -> る→る -> る→る -> る→ぽ -> ぽ→ず -> ず→ず -> ず→む -> む→ず -> ず→ら -> ら→る -> る→ぷ -> ぷ→ず -> ず→れ -> れ→ず -> ず→が -> が→ず -> ず→つ -> つ→る -> る→び -> び→ず -> ず→つ -> つ→る -> る→む -> む→る -> る→げ -> げ→る -> る→ゆ -> ゆ→ず -> ず→よ -> よ→ず -> ず→よ -> よ→ず -> ず→う -> う→ず -> ず→う -> う→ず -> ず→う -> う→る -> る→ゆ -> ゆ→る -> る→つ -> つ→む -> む→ぐ -> ぐ→ず -> ず→う -> う→る -> る→な -> な→る -> る→う -> う→る -> る→う -> う→む -> む→ぜ -> ぜ→る -> る→う -> う→む -> む→び -> び→る -> る→く -> く→る -> る→り -> り→る -> る→す -> す→る -> る→す -> す→る -> る→す -> す→る -> る→す -> す→る -> る→す -> す→る -> る→す -> す→る -> る→と -> と→る -> る→と
greedy vs alpha_beta,greedy,alpha_beta,D20000_seed0_greedy_vs_alpha_beta_0,20000,0,second,ended_with_n,80,second,alpha_beta,と,2171,31,63,9,8,,,と,る,る,1.000007,True,11001.575457317073,1,1,True,0,34,34,33,0,0,0,0,0,{},33,あ→ぬ -> ぬ→る -> る→る -> る→る -> る→る -> る→ぽ -> ぽ→ず -> ず→ず -> ず→む -> む→ず -> ず→ら -> ら→る -> る→ぷ -> ぷ→ず -> ず→れ -> れ→ず -> ず→が -> が→ず -> ず→つ -> つ→る -> る→び -> び→ず -> ず→つ -> つ→る -> る→む -> む→る -> る→げ -> げ→る -> る→ゆ -> ゆ→ず -> ず→よ -> よ→ず -> ず→よ -> よ→ず -> ず→う -> う→ず -> ず→う -> う→ず -> ず→う -> う→る -> る→ゆ -> ゆ→る -> る→つ -> つ→む -> む→ぐ -> ぐ→ず -> ず→う -> う→る -> る→な -> な→る -> る→う -> う→る -> る→う -> う→む -> む→ぜ -> ぜ→る -> る→う -> う→む -> む→び -> び→る -> る→く -> く→る -> る→り -> り→る -> る→す -> す→る -> る→す -> す→る -> る→す -> す→る -> る→す -> す→る -> る→す -> す→る -> る→す -> す→る -> る→と -> と→る -> る→と -> と→る
greedy vs alpha_beta,greedy,alpha_beta,D20000_seed0_greedy_vs_alpha_beta_0,20000,0,second,ended_with_n,81,first,greedy,る,4328,63,44,1,0,,,る,ふ,ふ,0.004554,False,-11001.575457317073,,,,,,,,,,,,,,6,あ→ぬ -> ぬ→る -> る→る -> る→る -> る→る -> る→ぽ -> ぽ→ず -> ず→ず -> ず→む -> む→ず -> ず→ら -> ら→る -> る→ぷ -> ぷ→ず -> ず→れ -> れ→ず -> ず→が -> が→ず -> ず→つ -> つ→る -> る→び -> び→ず -> ず→つ -> つ→る -> る→む -> む→る -> る→げ -> げ→る -> る→ゆ -> ゆ→ず -> ず→よ -> よ→ず -> ず→よ -> よ→ず -> ず→う -> う→ず -> ず→う -> う→ず -> ず→う -> う→る -> る→ゆ -> ゆ→る -> る→つ -> つ→む -> む→ぐ -> ぐ→ず -> ず→う -> う→る -> る→な -> な→る -> る→う -> う→る -> る→う -> う→む -> む→ぜ -> ぜ→る -> る→う -> う→む -> む→び -> び→る -> る→く -> く→る -> る→り -> り→る -> る→す -> す→る -> る→す -> す→る -> る→す -> す→る -> る→す -> す→る -> る→す -> す→る -> る→す -> す→る -> る→と -> と→る -> る→と -> と→る -> る→ふ
greedy vs alpha_beta,greedy,alpha_beta,D20000_seed0_greedy_vs_alpha_beta_0,20000,0,second,ended_with_n,82,second,alpha_beta,ふ,3055,44,63,15,14,,,ふ,る,る,1.000006,True,11103.132183794467,1,1,True,0,34,34,33,0,0,0,0,0,{},33,あ→ぬ -> ぬ→る -> る→る -> る→る -> る→る -> る→ぽ -> ぽ→ず -> ず→ず -> ず→む -> む→ず -> ず→ら -> ら→る -> る→ぷ -> ぷ→ず -> ず→れ -> れ→ず -> ず→が -> が→ず -> ず→つ -> つ→る -> る→び -> び→ず -> ず→つ -> つ→る -> る→む -> む→る -> る→げ -> げ→る -> る→ゆ -> ゆ→ず -> ず→よ -> よ→ず -> ず→よ -> よ→ず -> ず→う -> う→ず -> ず→う -> う→ず -> ず→う -> う→る -> る→ゆ -> ゆ→る -> る→つ -> つ→む -> む→ぐ -> ぐ→ず -> ず→う -> う→る -> る→な -> な→る -> る→う -> う→る -> る→う -> う→む -> む→ぜ -> ぜ→る -> る→う -> う→む -> む→び -> び→る -> る→く -> く→る -> る→り -> り→る -> る→す -> す→る -> る→す -> す→る -> る→す -> す→る -> る→す -> す→る -> る→す -> す→る -> る→す -> す→る -> る→と -> と→る -> る→と -> と→る -> る→ふ -> ふ→る
greedy vs alpha_beta,greedy,alpha_beta,D20000_seed0_greedy_vs_alpha_beta_0,20000,0,second,ended_with_n,83,first,greedy,る,4284,63,0,1,0,,,る,あ,あ,0.00369,False,-11103.132183794467,,,,,,,,,,,,,,5,あ→ぬ -> ぬ→る -> る→る -> る→る -> る→る -> る→ぽ -> ぽ→ず -> ず→ず -> ず→む -> む→ず -> ず→ら -> ら→る -> る→ぷ -> ぷ→ず -> ず→れ -> れ→ず -> ず→が -> が→ず -> ず→つ -> つ→る -> る→び -> び→ず -> ず→つ -> つ→る -> る→む -> む→る -> る→げ -> げ→る -> る→ゆ -> ゆ→ず -> ず→よ -> よ→ず -> ず→よ -> よ→ず -> ず→う -> う→ず -> ず→う -> う→ず -> ず→う -> う→る -> る→ゆ -> ゆ→る -> る→つ -> つ→む -> む→ぐ -> ぐ→ず -> ず→う -> う→る -> る→な -> な→る -> る→う -> う→る -> る→う -> う→む -> む→ぜ -> ぜ→る -> る→う -> う→む -> む→び -> び→る -> る→く -> く→る -> る→り -> り→る -> る→す -> す→る -> る→す -> す→る -> る→す -> す→る -> る→す -> す→る -> る→す -> す→る -> る→す -> す→る -> る→と -> と→る -> る→と -> と→る -> る→ふ -> ふ→る -> る→あ
greedy vs alpha_beta,greedy,alpha_beta,D20000_seed0_greedy_vs_alpha_beta_0,20000,0,second,ended_with_n,84,second,alpha_beta,あ,63,0,63,14,13,,,あ,る,る,1.000007,True,11179.7622587269,1,1,True,0,37,37,36,0,0,0,0,0,{},36,あ→ぬ -> ぬ→る -> る→る -> る→る -> る→る -> る→ぽ -> ぽ→ず -> ず→ず -> ず→む -> む→ず -> ず→ら -> ら→る -> る→ぷ -> ぷ→ず -> ず→れ -> れ→ず -> ず→が -> が→ず -> ず→つ -> つ→る -> る→び -> び→ず -> ず→つ -> つ→る -> る→む -> む→る -> る→げ -> げ→る -> る→ゆ -> ゆ→ず -> ず→よ -> よ→ず -> ず→よ -> よ→ず -> ず→う -> う→ず -> ず→う -> う→ず -> ず→う -> う→る -> る→ゆ -> ゆ→る -> る→つ -> つ→む -> む→ぐ -> ぐ→ず -> ず→う -> う→る -> る→な -> な→る -> る→う -> う→る -> る→う -> う→む -> む→ぜ -> ぜ→る -> る→う -> う→む -> む→び -> び→る -> る→く -> く→る -> る→り -> り→る -> る→す -> す→る -> る→す -> す→る -> る→す -> す→る -> る→す -> す→る -> る→す -> す→る -> る→す -> す→る -> る→と -> と→る -> る→と -> と→る -> る→ふ -> ふ→る -> る→あ -> あ→る
greedy vs alpha_beta,greedy,alpha_beta,D20000_seed0_greedy_vs_alpha_beta_0,20000,0,second,ended_with_n,85,first,greedy,る,4285,63,1,5,4,,,る,い,い,0.002781,False,-11179.7622587269,,,,,,,,,,,,,,4,あ→ぬ -> ぬ→る -> る→る -> る→る -> る→る -> る→ぽ -> ぽ→ず -> ず→ず -> ず→む -> む→ず -> ず→ら -> ら→る -> る→ぷ -> ぷ→ず -> ず→れ -> れ→ず -> ず→が -> が→ず -> ず→つ -> つ→る -> る→び -> び→ず -> ず→つ -> つ→る -> る→む -> む→る -> る→げ -> げ→る -> る→ゆ -> ゆ→ず -> ず→よ -> よ→ず -> ず→よ -> よ→ず -> ず→う -> う→ず -> ず→う -> う→ず -> ず→う -> う→る -> る→ゆ -> ゆ→る -> る→つ -> つ→む -> む→ぐ -> ぐ→ず -> ず→う -> う→る -> る→な -> な→る -> る→う -> う→る -> る→う -> う→む -> む→ぜ -> ぜ→る -> る→う -> う→む -> む→び -> び→る -> る→く -> く→る -> る→り -> り→る -> る→す -> す→る -> る→す -> す→る -> る→す -> す→る -> る→す -> す→る -> る→す -> す→る -> る→す -> す→る -> る→と -> と→る -> る→と -> と→る -> る→ふ -> ふ→る -> る→あ -> あ→る -> る→い
greedy vs alpha_beta,greedy,alpha_beta,D20000_seed0_greedy_vs_alpha_beta_0,20000,0,second,ended_with_n,86,second,alpha_beta,い,131,1,63,7,6,,,い,る,る,1.000006,True,11160.97762345679,1,1,True,0,38,38,37,0,0,0,0,0,{},37,あ→ぬ -> ぬ→る -> る→る -> る→る -> る→る -> る→ぽ -> ぽ→ず -> ず→ず -> ず→む -> む→ず -> ず→ら -> ら→る -> る→ぷ -> ぷ→ず -> ず→れ -> れ→ず -> ず→が -> が→ず -> ず→つ -> つ→る -> る→び -> び→ず -> ず→つ -> つ→る -> る→む -> む→る -> る→げ -> げ→る -> る→ゆ -> ゆ→ず -> ず→よ -> よ→ず -> ず→よ -> よ→ず -> ず→う -> う→ず -> ず→う -> う→ず -> ず→う -> う→る -> る→ゆ -> ゆ→る -> る→つ -> つ→む -> む→ぐ -> ぐ→ず -> ず→う -> う→る -> る→な -> な→る -> る→う -> う→る -> る→う -> う→む -> む→ぜ -> ぜ→る -> る→う -> う→む -> む→び -> び→る -> る→く -> く→る -> る→り -> り→る -> る→す -> す→る -> る→す -> す→る -> る→す -> す→る -> る→す -> す→る -> る→す -> す→る -> る→す -> す→る -> る→と -> と→る -> る→と -> と→る -> る→ふ -> ふ→る -> る→あ -> あ→る -> る→い -> い→る
greedy vs alpha_beta,greedy,alpha_beta,D20000_seed0_greedy_vs_alpha_beta_0,20000,0,second,ended_with_n,87,first,greedy,る,4285,63,1,4,3,,,る,い,い,0.002758,False,-11160.97762345679,,,,,,,,,,,,,,4,あ→ぬ -> ぬ→る -> る→る -> る→る -> る→る -> る→ぽ -> ぽ→ず -> ず→ず -> ず→む -> む→ず -> ず→ら -> ら→る -> る→ぷ -> ぷ→ず -> ず→れ -> れ→ず -> ず→が -> が→ず -> ず→つ -> つ→る -> る→び -> び→ず -> ず→つ -> つ→る -> る→む -> む→る -> る→げ -> げ→る -> る→ゆ -> ゆ→ず -> ず→よ -> よ→ず -> ず→よ -> よ→ず -> ず→う -> う→ず -> ず→う -> う→ず -> ず→う -> う→る -> る→ゆ -> ゆ→る -> る→つ -> つ→む -> む→ぐ -> ぐ→ず -> ず→う -> う→る -> る→な -> な→る -> る→う -> う→る -> る→う -> う→む -> む→ぜ -> ぜ→る -> る→う -> う→む -> む→び -> び→る -> る→く -> く→る -> る→り -> り→る -> る→す -> す→る -> る→す -> す→る -> る→す -> す→る -> る→す -> す→る -> る→す -> す→る -> る→す -> す→る -> る→と -> と→る -> る→と -> と→る -> る→ふ -> ふ→る -> る→あ -> あ→る -> る→い -> い→る -> る→い
greedy vs alpha_beta,greedy,alpha_beta,D20000_seed0_greedy_vs_alpha_beta_0,20000,0,second,ended_with_n,88,second,alpha_beta,い,131,1,63,6,5,,,い,る,る,1.000011,True,10978.508824742268,1,1,True,0,37,37,36,0,0,0,0,0,{},36,あ→ぬ -> ぬ→る -> る→る -> る→る -> る→る -> る→ぽ -> ぽ→ず -> ず→ず -> ず→む -> む→ず -> ず→ら -> ら→る -> る→ぷ -> ぷ→ず -> ず→れ -> れ→ず -> ず→が -> が→ず -> ず→つ -> つ→る -> る→び -> び→ず -> ず→つ -> つ→る -> る→む -> む→る -> る→げ -> げ→る -> る→ゆ -> ゆ→ず -> ず→よ -> よ→ず -> ず→よ -> よ→ず -> ず→う -> う→ず -> ず→う -> う→ず -> ず→う -> う→る -> る→ゆ -> ゆ→る -> る→つ -> つ→む -> む→ぐ -> ぐ→ず -> ず→う -> う→る -> る→な -> な→る -> る→う -> う→る -> る→う -> う→む -> む→ぜ -> ぜ→る -> る→う -> う→む -> む→び -> び→る -> る→く -> く→る -> る→り -> り→る -> る→す -> す→る -> る→す -> す→る -> る→す -> す→る -> る→す -> す→る -> る→す -> す→る -> る→す -> す→る -> る→と -> と→る -> る→と -> と→る -> る→ふ -> ふ→る -> る→あ -> あ→る -> る→い -> い→る -> る→い -> い→る
greedy vs alpha_beta,greedy,alpha_beta,D20000_seed0_greedy_vs_alpha_beta_0,20000,0,second,ended_with_n,89,first,greedy,る,4285,63,1,3,2,,,る,い,い,0.002759,False,-10978.508824742268,,,,,,,,,,,,,,4,あ→ぬ -> ぬ→る -> る→る -> る→る -> る→る -> る→ぽ -> ぽ→ず -> ず→ず -> ず→む -> む→ず -> ず→ら -> ら→る -> る→ぷ -> ぷ→ず -> ず→れ -> れ→ず -> ず→が -> が→ず -> ず→つ -> つ→る -> る→び -> び→ず -> ず→つ -> つ→る -> る→む -> む→る -> る→げ -> げ→る -> る→ゆ -> ゆ→ず -> ず→よ -> よ→ず -> ず→よ -> よ→ず -> ず→う -> う→ず -> ず→う -> う→ず -> ず→う -> う→る -> る→ゆ -> ゆ→る -> る→つ -> つ→む -> む→ぐ -> ぐ→ず -> ず→う -> う→る -> る→な -> な→る -> る→う -> う→る -> る→う -> う→む -> む→ぜ -> ぜ→る -> る→う -> う→む -> む→び -> び→る -> る→く -> く→る -> る→り -> り→る -> る→す -> す→る -> る→す -> す→る -> る→す -> す→る -> る→す -> す→る -> る→す -> す→る -> る→す -> す→る -> る→と -> と→る -> る→と -> と→る -> る→ふ -> ふ→る -> る→あ -> あ→る -> る→い -> い→る -> る→い -> い→る -> る→い
greedy vs alpha_beta,greedy,alpha_beta,D20000_seed0_greedy_vs_alpha_beta_0,20000,0,second,ended_with_n,90,second,alpha_beta,い,131,1,63,5,4,,,い,る,る,1.000006,True,10961.279338842975,1,1,True,0,37,37,36,0,0,0,0,0,{},36,あ→ぬ -> ぬ→る -> る→る -> る→る -> る→る -> る→ぽ -> ぽ→ず -> ず→ず -> ず→む -> む→ず -> ず→ら -> ら→る -> る→ぷ -> ぷ→ず -> ず→れ -> れ→ず -> ず→が -> が→ず -> ず→つ -> つ→る -> る→び -> び→ず -> ず→つ -> つ→る -> る→む -> む→る -> る→げ -> げ→る -> る→ゆ -> ゆ→ず -> ず→よ -> よ→ず -> ず→よ -> よ→ず -> ず→う -> う→ず -> ず→う -> う→ず -> ず→う -> う→る -> る→ゆ -> ゆ→る -> る→つ -> つ→む -> む→ぐ -> ぐ→ず -> ず→う -> う→る -> る→な -> な→る -> る→う -> う→る -> る→う -> う→む -> む→ぜ -> ぜ→る -> る→う -> う→む -> む→び -> び→る -> る→く -> く→る -> る→り -> り→る -> る→す -> す→る -> る→す -> す→る -> る→す -> す→る -> る→す -> す→る -> る→す -> す→る -> る→す -> す→る -> る→と -> と→る -> る→と -> と→る -> る→ふ -> ふ→る -> る→あ -> あ→る -> る→い -> い→る -> る→い -> い→る -> る→い -> い→る
greedy vs alpha_beta,greedy,alpha_beta,D20000_seed0_greedy_vs_alpha_beta_0,20000,0,second,ended_with_n,91,first,greedy,る,4285,63,1,2,1,,,る,い,い,0.002765,False,-10961.279338842975,,,,,,,,,,,,,,4,あ→ぬ -> ぬ→る -> る→る -> る→る -> る→る -> る→ぽ -> ぽ→ず -> ず→ず -> ず→む -> む→ず -> ず→ら -> ら→る -> る→ぷ -> ぷ→ず -> ず→れ -> れ→ず -> ず→が -> が→ず -> ず→つ -> つ→る -> る→び -> び→ず -> ず→つ -> つ→る -> る→む -> む→る -> る→げ -> げ→る -> る→ゆ -> ゆ→ず -> ず→よ -> よ→ず -> ず→よ -> よ→ず -> ず→う -> う→ず -> ず→う -> う→ず -> ず→う -> う→る -> る→ゆ -> ゆ→る -> る→つ -> つ→む -> む→ぐ -> ぐ→ず -> ず→う -> う→る -> る→な -> な→る -> る→う -> う→る -> る→う -> う→む -> む→ぜ -> ぜ→る -> る→う -> う→む -> む→び -> び→る -> る→く -> く→る -> る→り -> り→る -> る→す -> す→る -> る→す -> す→る -> る→す -> す→る -> る→す -> す→る -> る→す -> す→る -> る→す -> す→る -> る→と -> と→る -> る→と -> と→る -> る→ふ -> ふ→る -> る→あ -> あ→る -> る→い -> い→る -> る→い -> い→る -> る→い -> い→る -> る→い
greedy vs alpha_beta,greedy,alpha_beta,D20000_seed0_greedy_vs_alpha_beta_0,20000,0,second,ended_with_n,92,second,alpha_beta,い,131,1,63,4,3,,,い,る,る,1.000008,True,10955.256521739131,1,1,True,0,38,38,37,0,0,0,0,0,{},37,あ→ぬ -> ぬ→る -> る→る -> る→る -> る→る -> る→ぽ -> ぽ→ず -> ず→ず -> ず→む -> む→ず -> ず→ら -> ら→る -> る→ぷ -> ぷ→ず -> ず→れ -> れ→ず -> ず→が -> が→ず -> ず→つ -> つ→る -> る→び -> び→ず -> ず→つ -> つ→る -> る→む -> む→る -> る→げ -> げ→る -> る→ゆ -> ゆ→ず -> ず→よ -> よ→ず -> ず→よ -> よ→ず -> ず→う -> う→ず -> ず→う -> う→ず -> ず→う -> う→る -> る→ゆ -> ゆ→る -> る→つ -> つ→む -> む→ぐ -> ぐ→ず -> ず→う -> う→る -> る→な -> な→る -> る→う -> う→る -> る→う -> う→む -> む→ぜ -> ぜ→る -> る→う -> う→む -> む→び -> び→る -> る→く -> く→る -> る→り -> り→る -> る→す -> す→る -> る→す -> す→る -> る→す -> す→る -> る→す -> す→る -> る→す -> す→る -> る→す -> す→る -> る→と -> と→る -> る→と -> と→る -> る→ふ -> ふ→る -> る→あ -> あ→る -> る→い -> い→る -> る→い -> い→る -> る→い -> い→る -> る→い -> い→る
greedy vs alpha_beta,greedy,alpha_beta,D20000_seed0_greedy_vs_alpha_beta_0,20000,0,second,ended_with_n,93,first,greedy,る,4285,63,1,1,0,,,る,い,い,0.002772,False,-10955.256521739131,,,,,,,,,,,,,,4,あ→ぬ -> ぬ→る -> る→る -> る→る -> る→る -> る→ぽ -> ぽ→ず -> ず→ず -> ず→む -> む→ず -> ず→ら -> ら→る -> る→ぷ -> ぷ→ず -> ず→れ -> れ→ず -> ず→が -> が→ず -> ず→つ -> つ→る -> る→び -> び→ず -> ず→つ -> つ→る -> る→む -> む→る -> る→げ -> げ→る -> る→ゆ -> ゆ→ず -> ず→よ -> よ→ず -> ず→よ -> よ→ず -> ず→う -> う→ず -> ず→う -> う→ず -> ず→う -> う→る -> る→ゆ -> ゆ→る -> る→つ -> つ→む -> む→ぐ -> ぐ→ず -> ず→う -> う→る -> る→な -> な→る -> る→う -> う→る -> る→う -> う→む -> む→ぜ -> ぜ→る -> る→う -> う→む -> む→び -> び→る -> る→く -> く→る -> る→り -> り→る -> る→す -> す→る -> る→す -> す→る -> る→す -> す→る -> る→す -> す→る -> る→す -> す→る -> る→す -> す→る -> る→と -> と→る -> る→と -> と→る -> る→ふ -> ふ→る -> る→あ -> あ→る -> る→い -> い→る -> る→い -> い→る -> る→い -> い→る -> る→い -> い→る -> る→い
greedy vs alpha_beta,greedy,alpha_beta,D20000_seed0_greedy_vs_alpha_beta_0,20000,0,second,ended_with_n,94,second,alpha_beta,い,131,1,63,3,2,,,い,る,る,1.000008,True,12941.279568965518,1,1,True,0,38,38,37,0,0,0,0,0,{},37,あ→ぬ -> ぬ→る -> る→る -> る→る -> る→る -> る→ぽ -> ぽ→ず -> ず→ず -> ず→む -> む→ず -> ず→ら -> ら→る -> る→ぷ -> ぷ→ず -> ず→れ -> れ→ず -> ず→が -> が→ず -> ず→つ -> つ→る -> る→び -> び→ず -> ず→つ -> つ→る -> る→む -> む→る -> る→げ -> げ→る -> る→ゆ -> ゆ→ず -> ず→よ -> よ→ず -> ず→よ -> よ→ず -> ず→う -> う→ず -> ず→う -> う→ず -> ず→う -> う→る -> る→ゆ -> ゆ→る -> る→つ -> つ→む -> む→ぐ -> ぐ→ず -> ず→う -> う→る -> る→な -> な→る -> る→う -> う→る -> る→う -> う→む -> む→ぜ -> ぜ→る -> る→う -> う→む -> む→び -> び→る -> る→く -> く→る -> る→り -> り→る -> る→す -> す→る -> る→す -> す→る -> る→す -> す→る -> る→す -> す→る -> る→す -> す→る -> る→す -> す→る -> る→と -> と→る -> る→と -> と→る -> る→ふ -> ふ→る -> る→あ -> あ→る -> る→い -> い→る -> る→い -> い→る -> る→い -> い→る -> る→い -> い→る -> る→い -> い→る
greedy vs alpha_beta,greedy,alpha_beta,D20000_seed0_greedy_vs_alpha_beta_0,20000,0,second,ended_with_n,95,first,greedy,る,4291,63,7,1,0,,,る,き,き,0.001824,False,-12941.279568965518,,,,,,,,,,,,,,3,あ→ぬ -> ぬ→る -> る→る -> る→る -> る→る -> る→ぽ -> ぽ→ず -> ず→ず -> ず→む -> む→ず -> ず→ら -> ら→る -> る→ぷ -> ぷ→ず -> ず→れ -> れ→ず -> ず→が -> が→ず -> ず→つ -> つ→る -> る→び -> び→ず -> ず→つ -> つ→る -> る→む -> む→る -> る→げ -> げ→る -> る→ゆ -> ゆ→ず -> ず→よ -> よ→ず -> ず→よ -> よ→ず -> ず→う -> う→ず -> ず→う -> う→ず -> ず→う -> う→る -> る→ゆ -> ゆ→る -> る→つ -> つ→む -> む→ぐ -> ぐ→ず -> ず→う -> う→る -> る→な -> な→る -> る→う -> う→る -> る→う -> う→む -> む→ぜ -> ぜ→る -> る→う -> う→む -> む→び -> び→る -> る→く -> く→る -> る→り -> り→る -> る→す -> す→る -> る→す -> す→る -> る→す -> す→る -> る→す -> す→る -> る→す -> す→る -> る→す -> す→る -> る→と -> と→る -> る→と -> と→る -> る→ふ -> ふ→る -> る→あ -> あ→る -> る→い -> い→る -> る→い -> い→る -> る→い -> い→る -> る→い -> い→る -> る→い -> い→る -> る→き
greedy vs alpha_beta,greedy,alpha_beta,D20000_seed0_greedy_vs_alpha_beta_0,20000,0,second,ended_with_n,96,second,alpha_beta,き,539,7,63,12,11,,,き,る,る,1.000011,True,13101.07923076923,1,1,True,0,36,36,35,0,0,0,0,0,{},35,あ→ぬ -> ぬ→る -> る→る -> る→る -> る→る -> る→ぽ -> ぽ→ず -> ず→ず -> ず→む -> む→ず -> ず→ら -> ら→る -> る→ぷ -> ぷ→ず -> ず→れ -> れ→ず -> ず→が -> が→ず -> ず→つ -> つ→る -> る→び -> び→ず -> ず→つ -> つ→る -> る→む -> む→る -> る→げ -> げ→る -> る→ゆ -> ゆ→ず -> ず→よ -> よ→ず -> ず→よ -> よ→ず -> ず→う -> う→ず -> ず→う -> う→ず -> ず→う -> う→る -> る→ゆ -> ゆ→る -> る→つ -> つ→む -> む→ぐ -> ぐ→ず -> ず→う -> う→る -> る→な -> な→る -> る→う -> う→る -> る→う -> う→む -> む→ぜ -> ぜ→る -> る→う -> う→む -> む→び -> び→る -> る→く -> く→る -> る→り -> り→る -> る→す -> す→る -> る→す -> す→る -> る→す -> す→る -> る→す -> す→る -> る→す -> す→る -> る→す -> す→る -> る→と -> と→る -> る→と -> と→る -> る→ふ -> ふ→る -> る→あ -> あ→る -> る→い -> い→る -> る→い -> い→る -> る→い -> い→る -> る→い -> い→る -> る→い -> い→る -> る→き -> き→る
greedy vs alpha_beta,greedy,alpha_beta,D20000_seed0_greedy_vs_alpha_beta_0,20000,0,second,ended_with_n,97,first,greedy,る,4302,63,18,1,0,,,る,じ,じ,0.000889,False,-13101.07923076923,,,,,,,,,,,,,,2,あ→ぬ -> ぬ→る -> る→る -> る→る -> る→る -> る→ぽ -> ぽ→ず -> ず→ず -> ず→む -> む→ず -> ず→ら -> ら→る -> る→ぷ -> ぷ→ず -> ず→れ -> れ→ず -> ず→が -> が→ず -> ず→つ -> つ→る -> る→び -> び→ず -> ず→つ -> つ→る -> る→む -> む→る -> る→げ -> げ→る -> る→ゆ -> ゆ→ず -> ず→よ -> よ→ず -> ず→よ -> よ→ず -> ず→う -> う→ず -> ず→う -> う→ず -> ず→う -> う→る -> る→ゆ -> ゆ→る -> る→つ -> つ→む -> む→ぐ -> ぐ→ず -> ず→う -> う→る -> る→な -> な→る -> る→う -> う→る -> る→う -> う→む -> む→ぜ -> ぜ→る -> る→う -> う→む -> む→び -> び→る -> る→く -> く→る -> る→り -> り→る -> る→す -> す→る -> る→す -> す→る -> る→す -> す→る -> る→す -> す→る -> る→す -> す→る -> る→す -> す→る -> る→と -> と→る -> る→と -> と→る -> る→ふ -> ふ→る -> る→あ -> あ→る -> る→い -> い→る -> る→い -> い→る -> る→い -> い→る -> る→い -> い→る -> る→い -> い→る -> る→き -> き→る -> る→じ
greedy vs alpha_beta,greedy,alpha_beta,D20000_seed0_greedy_vs_alpha_beta_0,20000,0,second,ended_with_n,98,second,alpha_beta,じ,1287,18,63,7,6,,,じ,る,る,1.000006,True,999999.0,1,1,True,0,35,35,34,0,0,0,0,0,{},34,あ→ぬ -> ぬ→る -> る→る -> る→る -> る→る -> る→ぽ -> ぽ→ず -> ず→ず -> ず→む -> む→ず -> ず→ら -> ら→る -> る→ぷ -> ぷ→ず -> ず→れ -> れ→ず -> ず→が -> が→ず -> ず→つ -> つ→る -> る→び -> び→ず -> ず→つ -> つ→る -> る→む -> む→る -> る→げ -> げ→る -> る→ゆ -> ゆ→ず -> ず→よ -> よ→ず -> ず→よ -> よ→ず -> ず→う -> う→ず -> ず→う -> う→ず -> ず→う -> う→る -> る→ゆ -> ゆ→る -> る→つ -> つ→む -> む→ぐ -> ぐ→ず -> ず→う -> う→る -> る→な -> な→る -> る→う -> う→る -> る→う -> う→む -> む→ぜ -> ぜ→る -> る→う -> う→む -> む→び -> び→る -> る→く -> く→る -> る→り -> り→る -> る→す -> す→る -> る→す -> す→る -> る→す -> す→る -> る→す -> す→る -> る→す -> す→る -> る→す -> す→る -> る→と -> と→る -> る→と -> と→る -> る→ふ -> ふ→る -> る→あ -> あ→る -> る→い -> い→る -> る→い -> い→る -> る→い -> い→る -> る→い -> い→る -> る→い -> い→る -> る→き -> き→る -> る→じ -> じ→る
greedy vs alpha_beta,greedy,alpha_beta,D20000_seed0_greedy_vs_alpha_beta_0,20000,0,second,ended_with_n,99,first,greedy,る,4351,63,67,7,6,,,る,ん,,4e-06,False,-1000000.0,,,,,,,,,,,,,,1,あ→ぬ -> ぬ→る -> る→る -> る→る -> る→る -> る→ぽ -> ぽ→ず -> ず→ず -> ず→む -> む→ず -> ず→ら -> ら→る -> る→ぷ -> ぷ→ず -> ず→れ -> れ→ず -> ず→が -> が→ず -> ず→つ -> つ→る -> る→び -> び→ず -> ず→つ -> つ→る -> る→む -> む→る -> る→げ -> げ→る -> る→ゆ -> ゆ→ず -> ず→よ -> よ→ず -> ず→よ -> よ→ず -> ず→う -> う→ず -> ず→う -> う→ず -> ず→う -> う→る -> る→ゆ -> ゆ→る -> る→つ -> つ→む -> む→ぐ -> ぐ→ず -> ず→う -> う→る -> る→な -> な→る -> る→う -> う→る -> る→う -> う→む -> む→ぜ -> ぜ→る -> る→う -> う→む -> む→び -> び→る -> る→く -> く→る -> る→り -> り→る -> る→す -> す→る -> る→す -> す→る -> る→す -> す→る -> る→す -> す→る -> る→す -> す→る -> る→す -> す→る -> る→と -> と→る -> る→と -> と→る -> る→ふ -> ふ→る -> る→あ -> あ→る -> る→い -> い→る -> る→い -> い→る -> る→い -> い→る -> る→い -> い→る -> る→い -> い→る -> る→き -> き→る -> る→じ -> じ→る -> る→ん
greedy vs beam_negamax,greedy,beam_negamax,D20000_seed0_greedy_vs_beam_negamax_0,20000,0,second,ended_with_n,1,first,greedy,ANY,35,0,35,1,0,,,あ,ぬ,ぬ,1.000158,True,-508.2713636363636,,,,,,,,,,,,,,616,あ→ぬ
greedy vs beam_negamax,greedy,beam_negamax,D20000_seed0_greedy_vs_beam_negamax_0,20000,0,second,ended_with_n,2,second,beam_negamax,ぬ,2443,35,63,4,3,,,ぬ,る,る,1.000017,True,-834.8322058823529,5,4,True,0,54,39,0,0,0,273,0,0,"{""0"": 24, ""1"": 12, ""2"": 6, ""3"": 4, ""4"": 4}",0,あ→ぬ -> ぬ→る
greedy vs beam_negamax,greedy,beam_negamax,D20000_seed0_greedy_vs_beam_negamax_0,20000,0,second,ended_with_n,3,first,greedy,る,4347,63,63,3,2,,,る,る,る,0.014054,False,-814.4372727272727,,,,,,,,,,,,,,20,あ→ぬ -> ぬ→る -> る→る
greedy vs beam_negamax,greedy,beam_negamax,D20000_seed0_greedy_vs_beam_negamax_0,20000,0,second,ended_with_n,4,second,beam_negamax,る,4347,63,63,2,1,,,る,る,る,1.000017,True,-796.084375,4,3,True,0,54,40,0,0,0,295,0,0,"{""0"": 24, ""1"": 12, ""2"": 6, ""3"": 4}",0,あ→ぬ -> ぬ→る -> る→る -> る→る
greedy vs beam_negamax,greedy,beam_negamax,D20000_seed0_greedy_vs_beam_negamax_0,20000,0,second,ended_with_n,5,first,greedy,る,4347,63,63,1,0,,,る,る,る,0.013963,False,-751.1374193548387,,,,,,,,,,,,,,20,あ→ぬ -> ぬ→る -> る→る -> る→る -> る→る
greedy vs beam_negamax,greedy,beam_negamax,D20000_seed0_greedy_vs_beam_negamax_0,20000,0,second,ended_with_n,6,second,beam_negamax,る,4336,63,52,1,0,,,る,ぽ,ぽ,1.000012,True,-1106.0972340425533,3,2,True,0,46,38,0,0,0,175,0,0,"{""0"": 24, ""1"": 12, ""2"": 6}",0,あ→ぬ -> ぬ→る -> る→る -> る→る -> る→る -> る→ぽ
greedy vs beam_negamax,greedy,beam_negamax,D20000_seed0_greedy_vs_beam_negamax_0,20000,0,second,ended_with_n,7,first,greedy,ぽ,3556,52,20,2,1,,,ぽ,ず,ず,0.014245,False,-621.1830434782609,,,,,,,,,,,,,,21,あ→ぬ -> ぬ→る -> る→る -> る→る -> る→る -> る→ぽ -> ぽ→ず
greedy vs beam_negamax,greedy,beam_negamax,D20000_seed0_greedy_vs_beam_negamax_0,20000,0,second,ended_with_n,8,second,beam_negamax,ず,1380,20,20,1,0,,,ず,ず,ず,1.000009,True,-684.2860000000001,2,1,True,0,35,32,2,0,0,49,0,0,"{""0"": 24, ""1"": 12}",2,あ→ぬ -> ぬ→る -> る→る -> る→る -> る→る -> る→ぽ -> ぽ→ず -> ず→ず
greedy vs beam_negamax,greedy,beam_negamax,D20000_seed0_greedy_vs_beam_negamax_0,20000,0,second,ended_with_n,9,first,greedy,ず,1415,20,55,1,0,,,ず,む,む,0.009697,False,-3121.8080078125,,,,,,,,,,,,,,13,あ→ぬ -> ぬ→る -> る→る -> る→る -> る→る -> る→ぽ -> ぽ→ず -> ず→ず -> ず→む
greedy vs beam_negamax,greedy,beam_negamax,D20000_seed0_greedy_vs_beam_negamax_0,20000,0,second,ended_with_n,10,second,beam_negamax,む,3760,55,20,1,0,,,む,ず,ず,0.745387,False,3149.6325735294117,1,1,True,0,24,24,24,0,0,16,0,0,"{""0"": 24}",24,あ→ぬ -> ぬ→る -> る→る -> る→る -> る→る -> る→ぽ -> ぽ→ず -> ず→ず -> ず→む -> む→ず
greedy vs beam_negamax,greedy,beam_negamax,D20000_seed0_greedy_vs_beam_negamax_0,20000,0,second,ended_with_n,11,first,greedy,ず,1421,20,61,1,0,,,ず,ら,ら,0.008953,False,-3149.6325735294117,,,,,,,,,,,,,,12,あ→ぬ -> ぬ→る -> る→る -> る→る -> る→る -> る→ぽ -> ぽ→ず -> ず→ず -> ず→む -> む→ず -> ず→ら
greedy vs beam_negamax,greedy,beam_negamax,D20000_seed0_greedy_vs_beam_negamax_0,20000,0,second,ended_with_n,12,second,beam_negamax,ら,4211,61,63,7,6,,,ら,る,る,0.795869,False,1939.9216463414634,1,1,True,0,24,24,24,0,0,8,0,0,"{""0"": 24}",24,あ→ぬ -> ぬ→る -> る→る -> る→る -> る→る -> る→ぽ -> ぽ→ず -> ず→ず -> ず→む -> む→ず -> ず→ら -> ら→る
greedy vs beam_negamax,greedy,beam_negamax,D20000_seed0_greedy_vs_beam_negamax_0,20000,0,second,ended_with_n,13,first,greedy,る,4330,63,46,1,0,,,る,ぷ,ぷ,0.013559,False,-1939.9216463414634,,,,,,,,,,,,,,18,あ→ぬ -> ぬ→る -> る→る -> る→る -> る→る -> る→ぽ -> ぽ→ず -> ず→ず -> ず→む -> む→ず -> ず→ら -> ら→る -> る→ぷ
greedy vs beam_negamax,greedy,beam_negamax,D20000_seed0_greedy_vs_beam_negamax_0,20000,0,second,ended_with_n,14,second,beam_negamax,ぷ,3148,46,20,1,0,,,ぷ,ず,ず,0.792979,False,3446.776,1,2,True,0,24,24,24,0,0,4,0,0,"{""0"": 24}",24,あ→ぬ -> ぬ→る -> る→る -> る→る -> る→る -> る→ぽ -> ぽ→ず -> ず→ず -> ず→む -> む→ず -> ず→ら -> ら→る -> る→ぷ -> ぷ→ず
greedy vs beam_negamax,greedy,beam_negamax,D20000_seed0_greedy_vs_beam_negamax_0,20000,0,second,ended_with_n,15,first,greedy,ず,1424,20,64,1,0,,,ず,れ,れ,0.008371,False,-3446.776,,,,,,,,,,,,,,11,あ→ぬ -> ぬ→る -> る→る -> る→る -> る→る -> る→ぽ -> ぽ→ず -> ず→ず -> ず→む -> む→ず -> ず→ら -> ら→る -> る→ぷ -> ぷ→ず -> ず→れ
greedy vs beam_negamax,greedy,beam_negamax,D20000_seed0_greedy_vs_beam_negamax_0,20000,0,second,ended_with_n,16,second,beam_negamax,れ,4415,64,63,5,4,,,れ,る,る,1.000015,True,-604.2451785714286,2,1,True,0,30,27,2,0,0,26,0,0,"{""0"": 24, ""1"": 12}",2,あ→ぬ -> ぬ→る -> る→る -> る→る -> る→る -> る→ぽ -> ぽ→ず -> ず→ず -> ず→む -> む→ず -> ず→ら -> ら→る -> る→ぷ -> ぷ→ず -> ず→れ -> れ→る
greedy vs beam_negamax,greedy,beam_negamax,D20000_seed0_greedy_vs_beam_negamax_0,20000,0,second,ended_with_n,17,first,greedy,る,4326,63,42,1,0,,,る,び,び,0.01289,False,-2492.5113636363635,,,,,,,,,,,,,,17,あ→ぬ -> ぬ→る -> る→る -> る→る -> る→る -> る→ぽ -> ぽ→ず -> ず→ず -> ず→む -> む→ず -> ず→ら -> ら→る -> る→ぷ -> ぷ→ず -> ず→れ -> れ→る -> る→び
greedy vs beam_negamax,greedy,beam_negamax,D20000_seed0_greedy_vs_beam_negamax_0,20000,0,second,ended_with_n,18,second,beam_negamax,び,2876,42,20,2,1,,,び,ず,ず,0.730523,False,3990.0155625,1,1,True,0,24,24,24,0,0,13,0,0,"{""0"": 24}",24,あ→ぬ -> ぬ→る -> る→る -> る→る -> る→る -> る→ぽ -> ぽ→ず -> ず→ず -> ず→む -> む→ず -> ず→ら -> ら→る -> る→ぷ -> ぷ→ず -> ず→れ -> れ→る -> る→び -> び→ず
greedy vs beam_negamax,greedy,beam_negamax,D20000_seed0_greedy_vs_beam_negamax_0,20000,0,second,ended_with_n,19,first,greedy,ず,1366,20,6,1,0,,,ず,が,が,0.007795,False,-3990.0155625,,,,,,,,,,,,,,10,あ→ぬ -> ぬ→る -> る→る -> る→る -> る→る -> る→ぽ -> ぽ→ず -> ず→ず -> ず→む -> む→ず -> ず→ら -> ら→る -> る→ぷ -> ぷ→ず -> ず→れ -> れ→る -> る→び -> び→ず -> ず→が
greedy vs beam_negamax,greedy,beam_negamax,D20000_seed0_greedy_vs_beam_negamax_0,20000,0,second,ended_with_n,20,second,beam_negamax,が,428,6,20,1,0,,,が,ず,ず,0.738462,False,4267.629567567567,1,1,True,0,24,24,24,0,0,16,0,0,"{""0"": 24}",24,あ→ぬ -> ぬ→る -> る→る -> る→る -> る→る -> る→ぽ -> ぽ→ず -> ず→ず -> ず→む -> む→ず -> ず→ら -> ら→る -> る→ぷ -> ぷ→ず -> ず→れ -> れ→る -> る→び -> び→ず -> ず→が -> が→ず
greedy vs beam_negamax,greedy,beam_negamax,D20000_seed0_greedy_vs_beam_negamax_0,20000,0,second,ended_with_n,21,first,greedy,ず,1388,20,28,2,1,,,ず,つ,つ,0.00716,False,-4267.629567567567,,,,,,,,,,,,,,9,あ→ぬ -> ぬ→る -> る→る -> る→る -> る→る -> る→ぽ -> ぽ→ず -> ず→ず -> ず→む -> む→ず -> ず→ら -> ら→る -> る→ぷ -> ぷ→ず -> ず→れ -> れ→る -> る→び -> び→ず -> ず→が -> が→ず -> ず→つ
greedy vs beam_negamax,greedy,beam_negamax,D20000_seed0_greedy_vs_beam_negamax_0,20000,0,second,ended_with_n,22,second,beam_negamax,つ,1967,28,63,2,1,,,つ,る,る,0.71186,False,3081.580354330709,1,2,True,0,24,24,24,0,0,25,0,0,"{""0"": 24}",24,あ→ぬ -> ぬ→る -> る→る -> る→る -> る→る -> る→ぽ -> ぽ→ず -> ず→ず -> ず→む -> む→ず -> ず→ら -> ら→る -> る→ぷ -> ぷ→ず -> ず→れ -> れ→る -> る→び -> び→ず -> ず→が -> が→ず -> ず→つ -> つ→る
greedy vs beam_negamax,greedy,beam_negamax,D20000_seed0_greedy_vs_beam_negamax_0,20000,0,second,ended_with_n,23,first,greedy,る,4339,63,55,1,0,,,る,む,む,0.012185,False,-3081.580354330709,,,,,,,,,,,,,,16,あ→ぬ -> ぬ→る -> る→る -> る→る -> る→る -> る→ぽ -> ぽ→ず -> ず→ず -> ず→む -> む→ず -> ず→ら -> ら→る -> る→ぷ -> ぷ→ず -> ず→れ -> れ→る -> る→び -> び→ず -> ず→が -> が→ず -> ず→つ -> つ→る -> る→む
greedy vs beam_negamax,greedy,beam_negamax,D20000_seed0_greedy_vs_beam_negamax_0,20000,0,second,ended_with_n,24,second,beam_negamax,む,3803,55,63,1,0,,,む,る,る,1.000013,True,-513.7925,2,1,True,0,35,32,2,0,0,58,0,0,"{""0"": 24, ""1"": 12}",2,あ→ぬ -> ぬ→る -> る→る -> る→る -> る→る -> る→ぽ -> ぽ→ず -> ず→ず -> ず→む -> む→ず -> ず→ら -> ら→る -> る→ぷ -> ぷ→ず -> ず→れ -> れ→る -> る→び -> び→ず -> ず→が -> が→ず -> ず→つ -> つ→る -> る→む -> む→る
greedy vs beam_negamax,greedy,beam_negamax,D20000_seed0_greedy_vs_beam_negamax_0,20000,0,second,ended_with_n,25,first,greedy,る,4296,63,12,1,0,,,る,げ,げ,0.011635,False,-3788.146210191083,,,,,,,,,,,,,,15,あ→ぬ -> ぬ→る -> る→る -> る→る -> る→る -> る→ぽ -> ぽ→ず -> ず→ず -> ず→む -> む→ず -> ず→ら -> ら→る -> る→ぷ -> ぷ→ず -> ず→れ -> れ→る -> る→び -> び→ず -> ず→が -> が→ず -> ず→つ -> つ→る -> る→む -> む→る -> る→げ
greedy vs beam_negamax,greedy,beam_negamax,D20000_seed0_greedy_vs_beam_negamax_0,20000,0,second,ended_with_n,26,second,beam_negamax,げ,879,12,63,2,1,,,げ,る,る,0.744118,False,3986.8875290697674,1,1,True,0,24,24,24,0,0,10,0,0,"{""0"": 24}",24,あ→ぬ -> ぬ→る -> る→る -> る→る -> る→る -> る→ぽ -> ぽ→ず -> ず→ず -> ず→む -> む→ず -> ず→ら -> ら→る -> る→ぷ -> ぷ→ず -> ず→れ -> れ→る -> る→び -> び→ず -> ず→が -> が→ず -> ず→つ -> つ→る -> る→む -> む→る -> る→げ -> げ→る
greedy vs beam_negamax,greedy,beam_negamax,D20000_seed0_greedy_vs_beam_negamax_0,20000,0,second,ended_with_n,27,first,greedy,る,4343,63,59,2,1,,,る,ゆ,ゆ,0.011031,False,-3986.8875290697674,,,,,,,,,,,,,,14,あ→ぬ -> ぬ→る -> る→る -> る→る -> る→る -> る→ぽ -> ぽ→ず -> ず→ず -> ず→む -> む→ず -> ず→ら -> ら→る -> る→ぷ -> ぷ→ず -> ず→れ -> れ→る -> る→び -> び→ず -> ず→が -> が→ず -> ず→つ -> つ→る -> る→む -> む→る -> る→げ -> げ→る -> る→ゆ
greedy vs beam_negamax,greedy,beam_negamax,D20000_seed0_greedy_vs_beam_negamax_0,20000,0,second,ended_with_n,28,second,beam_negamax,ゆ,4032,59,20,1,0,,,ゆ,ず,ず,0.756104,False,4253.439429347826,1,1,True,0,24,24,24,0,0,19,0,0,"{""0"": 24}",24,あ→ぬ -> ぬ→る -> る→る -> る→る -> る→る -> る→ぽ -> ぽ→ず -> ず→ず -> ず→む -> む→ず -> ず→ら -> ら→る -> る→ぷ -> ぷ→ず -> ず→れ -> れ→る -> る→び -> び→ず -> ず→が -> が→ず -> ず→つ -> つ→る -> る→む -> む→る -> る→げ -> げ→る -> る→ゆ -> ゆ→ず
greedy vs beam_negamax,greedy,beam_negamax,D20000_seed0_greedy_vs_beam_negamax_0,20000,0,second,ended_with_n,29,first,greedy,ず,1388,20,28,1,0,,,ず,つ,つ,0.007429,False,-4253.439429347826,,,,,,,,,,,,,,9,あ→ぬ -> ぬ→る -> る→る -> る→る -> る→る -> る→ぽ -> ぽ→ず -> ず→ず -> ず→む -> む→ず -> ず→ら -> ら→る -> る→ぷ -> ぷ→ず -> ず→れ -> れ→る -> る→び -> び→ず -> ず→が -> が→ず -> ず→つ -> つ→る -> る→む -> む→る -> る→げ -> げ→る -> る→ゆ -> ゆ→ず -> ず→つ
greedy vs beam_negamax,greedy,beam_negamax,D20000_seed0_greedy_vs_beam_negamax_0,20000,0,second,ended_with_n,30,second,beam_negamax,つ,1967,28,63,1,0,,,つ,る,る,0.760019,False,3944.0847368421055,1,2,True,0,24,24,24,0,0,25,0,0,"{""0"": 24}",24,あ→ぬ -> ぬ→る -> る→る -> る→る -> る→る -> る→ぽ -> ぽ→ず -> ず→ず -> ず→む -> む→ず -> ず→ら -> ら→る -> る→ぷ -> ぷ→ず -> ず→れ -> れ→る -> る→び -> び→ず -> ず→が -> が→ず -> ず→つ -> つ→る -> る→む -> む→る -> る→げ -> げ→る -> る→ゆ -> ゆ→ず -> ず→つ -> つ→る
greedy vs beam_negamax,greedy,beam_negamax,D20000_seed0_greedy_vs_beam_negamax_0,20000,0,second,ended_with_n,31,first,greedy,る,4343,63,59,1,0,,,る,ゆ,ゆ,0.011488,False,-3944.0847368421055,,,,,,,,,,,,,,14,あ→ぬ -> ぬ→る -> る→る -> る→る -> る→る -> る→ぽ -> ぽ→ず -> ず→ず -> ず→む -> む→ず -> ず→ら -> ら→る -> る→ぷ -> ぷ→ず -> ず→れ -> れ→る -> る→び -> び→ず -> ず→が -> が→ず -> ず→つ -> つ→る -> る→む -> む→る -> る→げ -> げ→る -> る→ゆ -> ゆ→ず -> ず→つ -> つ→る -> る→ゆ
greedy vs beam_negamax,greedy,beam_negamax,D20000_seed0_greedy_vs_beam_negamax_0,20000,0,second,ended_with_n,32,second,beam_negamax,ゆ,4075,59,63,3,2,,,ゆ,る,る,1.000016,True,-2245.535161290323,2,1,True,0,34,31,2,0,0,64,0,0,"{""0"": 24, ""1"": 12}",2,あ→ぬ -> ぬ→る -> る→る -> る→る -> る→る -> る→ぽ -> ぽ→ず -> ず→ず -> ず→む -> む→ず -> ず→ら -> ら→る -> る→ぷ -> ぷ→ず -> ず→れ -> れ→る -> る→び -> び→ず -> ず→が -> が→ず -> ず→つ -> つ→る -> る→む -> む→る -> る→げ -> げ→る -> る→ゆ -> ゆ→ず -> ず→つ -> つ→る -> る→ゆ -> ゆ→る
greedy vs beam_negamax,greedy,beam_negamax,D20000_seed0_greedy_vs_beam_negamax_0,20000,0,second,ended_with_n,33,first,greedy,る,4312,63,28,1,0,,,る,つ,つ,0.010456,False,-4147.9432786885245,,,,,,,,,,,,,,13,あ→ぬ -> ぬ→る -> る→る -> る→る -> る→る -> る→ぽ -> ぽ→ず -> ず→ず -> ず→む -> む→ず -> ず→ら -> ら→る -> る→ぷ -> ぷ→ず -> ず→れ -> れ→る -> る→び -> び→ず -> ず→が -> が→ず -> ず→つ -> つ→る -> る→む -> む→る -> る→げ -> げ→る -> る→ゆ -> ゆ→ず -> ず→つ -> つ→る -> る→ゆ -> ゆ→る -> る→つ
greedy vs beam_negamax,greedy,beam_negamax,D20000_seed0_greedy_vs_beam_negamax_0,20000,0,second,ended_with_n,34,second,beam_negamax,つ,1959,28,55,1,0,,,つ,む,む,0.824216,False,2245.5593548387096,1,1,True,0,24,24,24,0,0,24,0,0,"{""0"": 24}",24,あ→ぬ -> ぬ→る -> る→る -> る→る -> る→る -> る→ぽ -> ぽ→ず -> ず→ず -> ず→む -> む→ず -> ず→ら -> ら→る -> る→ぷ -> ぷ→ず -> ず→れ -> れ→る -> る→び -> び→ず -> ず→が -> が→ず -> ず→つ -> つ→る -> る→む -> む→る -> る→げ -> げ→る -> る→ゆ -> ゆ→ず -> ず→つ -> つ→る -> る→ゆ -> ゆ→る -> る→つ -> つ→む
greedy vs beam_negamax,greedy,beam_negamax,D20000_seed0_greedy_vs_beam_negamax_0,20000,0,second,ended_with_n,35,first,greedy,む,3750,55,10,1,0,,,む,ぐ,ぐ,0.029146,False,-2245.5593548387096,,,,,,,,,,,,,,38,あ→ぬ -> ぬ→る -> る→る -> る→る -> る→る -> る→ぽ -> ぽ→ず -> ず→ず -> ず→む -> む→ず -> ず→ら -> ら→る -> る→ぷ -> ぷ→ず -> ず→れ -> れ→る -> る→び -> び→ず -> ず→が -> が→ず -> ず→つ -> つ→る -> る→む -> む→る -> る→げ -> げ→る -> る→ゆ -> ゆ→ず -> ず→つ -> つ→る -> る→ゆ -> ゆ→る -> る→つ -> つ→む -> む→ぐ
greedy vs beam_negamax,greedy,beam_negamax,D20000_seed0_greedy_vs_beam_negamax_0,20000,0,second,ended_with_n,36,second,beam_negamax,ぐ,743,10,63,4,3,,,ぐ,る,る,0.7507,False,5734.59426,1,1,True,0,24,24,24,0,0,11,0,0,"{""0"": 24}",24,あ→ぬ -> ぬ→る -> る→る -> る→る -> る→る -> る→ぽ -> ぽ→ず -> ず→ず -> ず→む -> む→ず -> ず→ら -> ら→る -> る→ぷ -> ぷ→ず -> ず→れ -> れ→る -> る→び -> び→ず -> ず→が -> が→ず -> ず→つ -> つ→る -> る→む -> む→る -> る→げ -> げ→る -> る→ゆ -> ゆ→ず -> ず→つ -> つ→る -> る→ゆ -> ゆ→る -> る→つ -> つ→む -> む→ぐ -> ぐ→る
greedy vs beam_negamax,greedy,beam_negamax,D20000_seed0_greedy_vs_beam_negamax_0,20000,0,second,ended_with_n,37,first,greedy,る,4317,63,33,1,0,,,る,な,な,0.009654,False,-5734.59426,,,,,,,,,,,,,,12,あ→ぬ -> ぬ→る -> る→る -> る→る -> る→る -> る→ぽ -> ぽ→ず -> ず→ず -> ず→む -> む→ず -> ず→ら -> ら→る -> る→ぷ -> ぷ→ず -> ず→れ -> れ→る -> る→び -> び→ず -> ず→が -> が→ず -> ず→つ -> つ→る -> る→む -> む→る -> る→げ -> げ→る -> る→ゆ -> ゆ→ず -> ず→つ -> つ→る -> る→ゆ -> ゆ→る -> る→つ -> つ→む -> む→ぐ -> ぐ→る -> る→な
greedy vs beam_negamax,greedy,beam_negamax,D20000_seed0_greedy_vs_beam_negamax_0,20000,0,second,ended_with_n,38,second,beam_negamax,な,2307,33,63,5,4,,,な,る,る,0.657482,False,5966.424715909091,1,2,True,0,24,24,24,0,0,29,0,0,"{""0"": 24}",24,あ→ぬ -> ぬ→る -> る→る -> る→る -> る→る -> る→ぽ -> ぽ→ず -> ず→ず -> ず→む -> む→ず -> ず→ら -> ら→る -> る→ぷ -> ぷ→ず -> ず→れ -> れ→る -> る→び -> び→ず -> ず→が -> が→ず -> ず→つ -> つ→る -> る→む -> む→る -> る→げ -> げ→る -> る→ゆ -> ゆ→ず -> ず→つ -> つ→る -> る→ゆ -> ゆ→る -> る→つ -> つ→む -> む→ぐ -> ぐ→る -> る→な -> な→る
greedy vs beam_negamax,greedy,beam_negamax,D20000_seed0_greedy_vs_beam_negamax_0,20000,0,second,ended_with_n,39,first,greedy,る,4286,63,2,3,2,,,る,う,う,0.008875,False,-5966.424715909091,,,,,,,,,,,,,,11,あ→ぬ -> ぬ→る -> る→る -> る→る -> る→る -> る→ぽ -> ぽ→ず -> ず→ず -> ず→む -> む→ず -> ず→ら -> ら→る -> る→ぷ -> ぷ→ず -> ず→れ -> れ→る -> る→び -> び→ず -> ず→が -> が→ず -> ず→つ -> つ→る -> る→む -> む→る -> る→げ -> げ→る -> る→ゆ -> ゆ→ず -> ず→つ -> つ→る -> る→ゆ -> ゆ→る -> る→つ -> つ→む -> む→ぐ -> ぐ→る -> る→な -> な→る -> る→う
greedy vs beam_negamax,greedy,beam_negamax,D20000_seed0_greedy_vs_beam_negamax_0,20000,0,second,ended_with_n,40,second,beam_negamax,う,156,2,20,2,1,,,う,ず,ず,1.000011,True,-188.71300000000002,2,1,True,0,28,25,2,0,0,37,0,0,"{""0"": 24, ""1"": 12}",2,あ→ぬ -> ぬ→る -> る→る -> る→る -> る→る -> る→ぽ -> ぽ→ず -> ず→ず -> ず→む -> む→ず -> ず→ら -> ら→る -> る→ぷ -> ぷ→ず -> ず→れ -> れ→る -> る→び -> び→ず -> ず→が -> が→ず -> ず→つ -> つ→る -> る→む -> む→る -> る→げ -> げ→る -> る→ゆ -> ゆ→ず -> ず→つ -> つ→る -> る→ゆ -> ゆ→る -> る→つ -> つ→む -> む→ぐ -> ぐ→る -> る→な -> な→る -> る→う -> う→ず
greedy vs beam_negamax,greedy,beam_negamax,D20000_seed0_greedy_vs_beam_negamax_0,20000,0,second,ended_with_n,41,first,greedy,ず,1420,20,60,2,1,,,ず,よ,よ,0.006393,False,-5324.547556053812,,,,,,,,,,,,,,8,あ→ぬ -> ぬ→る -> る→る -> る→る -> る→る -> る→ぽ -> ぽ→ず -> ず→ず -> ず→む -> む→ず -> ず→ら -> ら→る -> る→ぷ -> ぷ→ず -> ず→れ -> れ→る -> る→び -> び→ず -> ず→が -> が→ず -> ず→つ -> つ→る -> る→む -> む→る -> る→げ -> げ→る -> る→ゆ -> ゆ→ず -> ず→つ -> つ→る -> る→ゆ -> ゆ→る -> る→つ -> つ→む -> む→ぐ -> ぐ→る -> る→な -> な→る -> る→う -> う→ず -> ず→よ
greedy vs beam_negamax,greedy,beam_negamax,D20000_seed0_greedy_vs_beam_negamax_0,20000,0,second,ended_with_n,42,second,beam_negamax,よ,4143,60,63,1,0,,,よ,る,る,0.676303,False,5946.8623764258555,1,1,True,0,24,24,24,0,0,29,0,0,"{""0"": 24}",24,あ→ぬ -> ぬ→る -> る→る -> る→る -> る→る -> る→ぽ -> ぽ→ず -> ず→ず -> ず→む -> む→ず -> ず→ら -> ら→る -> る→ぷ -> ぷ→ず -> ず→れ -> れ→る -> る→び -> び→ず -> ず→が -> が→ず -> ず→つ -> つ→る -> る→む -> む→る -> る→げ -> げ→る -> る→ゆ -> ゆ→ず -> ず→つ -> つ→る -> る→ゆ -> ゆ→る -> る→つ -> つ→む -> む→ぐ -> ぐ→る -> る→な -> な→る -> る→う -> う→ず -> ず→よ -> よ→る
greedy vs beam_negamax,greedy,beam_negamax,D20000_seed0_greedy_vs_beam_negamax_0,20000,0,second,ended_with_n,43,first,greedy,る,4286,63,2,2,1,,,る,う,う,0.008876,False,-5946.8623764258555,,,,,,,,,,,,,,11,あ→ぬ -> ぬ→る -> る→る -> る→る -> る→る -> る→ぽ -> ぽ→ず -> ず→ず -> ず→む -> む→ず -> ず→ら -> ら→る -> る→ぷ -> ぷ→ず -> ず→れ -> れ→る -> る→び -> び→ず -> ず→が -> が→ず -> ず→つ -> つ→る -> る→む -> む→る -> る→げ -> げ→る -> る→ゆ -> ゆ→ず -> ず→つ -> つ→る -> る→ゆ -> ゆ→る -> る→つ -> つ→む -> む→ぐ -> ぐ→る -> る→な -> な→る -> る→う -> う→ず -> ず→よ -> よ→る -> る→う
greedy vs beam_negamax,greedy,beam_negamax,D20000_seed0_greedy_vs_beam_negamax_0,20000,0,second,ended_with_n,44,second,beam_negamax,う,199,2,63,3,2,,,う,る,る,0.667626,False,5926.7039503816795,1,1,True,0,24,24,24,0,0,32,0,0,"{""0"": 24}",24,あ→ぬ -> ぬ→る -> る→る -> る→る -> る→る -> る→ぽ -> ぽ→ず -> ず→ず -> ず→む -> む→ず -> ず→ら -> ら→る -> る→ぷ -> ぷ→ず -> ず→れ -> れ→る -> る→び -> び→ず -> ず→が -> が→ず -> ず→つ -> つ→る -> る→む -> む→る -> る→げ -> げ→る -> る→ゆ -> ゆ→ず -> ず→つ -> つ→る -> る→ゆ -> ゆ→る -> る→つ -> つ→む -> む→ぐ -> ぐ→る -> る→な -> な→る -> る→う -> う→ず -> ず→よ -> よ→る -> る→う -> う→る
greedy vs beam_negamax,greedy,beam_negamax,D20000_seed0_greedy_vs_beam_negamax_0,20000,0,second,ended_with_n,45,first,greedy,る,4286,63,2,1,0,,,る,う,う,0.008793,False,-5926.7039503816795,,,,,,,,,,,,,,11,あ→ぬ -> ぬ→る -> る→る -> る→る -> る→る -> る→ぽ -> ぽ→ず -> ず→ず -> ず→む -> む→ず -> ず→ら -> ら→る -> る→ぷ -> ぷ→ず -> ず→れ -> れ→る -> る→び -> び→ず -> ず→が -> が→ず -> ず→つ -> つ→る -> る→む -> む→る -> る→げ -> げ→る -> る→ゆ -> ゆ→ず -> ず→つ -> つ→る -> る→ゆ -> ゆ→る -> る→つ -> つ→む -> む→ぐ -> ぐ→る -> る→な -> な→る -> る→う -> う→ず -> ず→よ -> よ→る -> る→う -> う→る -> る→う
greedy vs beam_negamax,greedy,beam_negamax,D20000_seed0_greedy_vs_beam_negamax_0,20000,0,second,ended_with_n,46,second,beam_negamax,う,199,2,63,2,1,,,う,る,る,0.65975,False,6678.746677852349,1,2,True,0,24,24,24,0,0,32,0,0,"{""0"": 24}",24,あ→ぬ -> ぬ→る -> る→る -> る→る -> る→る -> る→ぽ -> ぽ→ず -> ず→ず -> ず→む -> む→ず -> ず→ら -> ら→る -> る→ぷ -> ぷ→ず -> ず→れ -> れ→る -> る→び -> び→ず -> ず→が -> が→ず -> ず→つ -> つ→る -> る→む -> む→る -> る→げ -> げ→る -> る→ゆ -> ゆ→ず -> ず→つ -> つ→る -> る→ゆ -> ゆ→る -> る→つ -> つ→む -> む→ぐ -> ぐ→る -> る→な -> な→る -> る→う -> う→ず -> ず→よ -> よ→る -> る→う -> う→る -> る→う -> う→る
greedy vs beam_negamax,greedy,beam_negamax,D20000_seed0_greedy_vs_beam_negamax_0,20000,0,second,ended_with_n,47,first,greedy,る,4293,63,9,1,0,,,る,く,く,0.00789,False,-6678.746677852349,,,,,,,,,,,,,,10,あ→ぬ -> ぬ→る -> る→る -> る→る -> る→る -> る→ぽ -> ぽ→ず -> ず→ず -> ず→む -> む→ず -> ず→ら -> ら→る -> る→ぷ -> ぷ→ず -> ず→れ -> れ→る -> る→び -> び→ず -> ず→が -> が→ず -> ず→つ -> つ→る -> る→む -> む→る -> る→げ -> げ→る -> る→ゆ -> ゆ→ず -> ず→つ -> つ→る -> る→ゆ -> ゆ→る -> る→つ -> つ→む -> む→ぐ -> ぐ→る -> る→な -> な→る -> る→う -> う→ず -> ず→よ -> よ→る -> る→う -> う→る -> る→う -> う→る -> る→く
greedy vs beam_negamax,greedy,beam_negamax,D20000_seed0_greedy_vs_beam_negamax_0,20000,0,second,ended_with_n,48,second,beam_negamax,く,675,9,63,8,7,,,く,る,る,1.000009,True,-165.9244117647059,2,1,True,0,29,26,2,0,0,36,0,0,"{""0"": 24, ""1"": 12}",2,あ→ぬ -> ぬ→る -> る→る -> る→る -> る→る -> る→ぽ -> ぽ→ず -> ず→ず -> ず→む -> む→ず -> ず→ら -> ら→る -> る→ぷ -> ぷ→ず -> ず→れ -> れ→る -> る→び -> び→ず -> ず→が -> が→ず -> ず→つ -> つ→る -> る→む -> む→る -> る→げ -> げ→る -> る→ゆ -> ゆ→ず -> ず→つ -> つ→る -> る→ゆ -> ゆ→る -> る→つ -> つ→む -> む→ぐ -> ぐ→る -> る→な -> な→る -> る→う -> う→ず -> ず→よ -> よ→る -> る→う -> う→る -> る→う -> う→る -> る→く -> く→る
greedy vs beam_negamax,greedy,beam_negamax,D20000_seed0_greedy_vs_beam_negamax_0,20000,0,second,ended_with_n,49,first,greedy,る,4346,63,62,1,0,,,る,り,り,0.006983,False,-6878.628724832215,,,,,,,,,,,,,,9,あ→ぬ -> ぬ→る -> る→る -> る→る -> る→る -> る→ぽ -> ぽ→ず -> ず→ず -> ず→む -> む→ず -> ず→ら -> ら→る -> る→ぷ -> ぷ→ず -> ず→れ -> れ→る -> る→び -> び→ず -> ず→が -> が→ず -> ず→つ -> つ→る -> る→む -> む→る -> る→げ -> げ→る -> る→ゆ -> ゆ→ず -> ず→つ -> つ→る -> る→ゆ -> ゆ→る -> る→つ -> つ→む -> む→ぐ -> ぐ→る -> る→な -> な→る -> る→う -> う→ず -> ず→よ -> よ→る -> る→う -> う→る -> る→う -> う→る -> る→く -> く→る -> る→り
greedy vs beam_negamax,greedy,beam_negamax,D20000_seed0_greedy_vs_beam_negamax_0,20000,0,second,ended_with_n,50,second,beam_negamax,り,4279,62,63,14,13,,,り,る,る,0.70879,False,8049.252444134078,1,1,True,0,24,24,24,0,0,18,0,0,"{""0"": 24}",24,あ→ぬ -> ぬ→る -> る→る -> る→る -> る→る -> る→ぽ -> ぽ→ず -> ず→ず -> ず→む -> む→ず -> ず→ら -> ら→る -> る→ぷ -> ぷ→ず -> ず→れ -> れ→る -> る→び -> び→ず -> ず→が -> が→ず -> ず→つ -> つ→る -> る→む -> む→る -> る→げ -> げ→る -> る→ゆ -> ゆ→ず -> ず→つ -> つ→る -> る→ゆ -> ゆ→る -> る→つ -> つ→む -> む→ぐ -> ぐ→る -> る→な -> な→る -> る→う -> う→ず -> ず→よ -> よ→る -> る→う -> う→る -> る→う -> う→る -> る→く -> く→る -> る→り -> り→る
greedy vs beam_negamax,greedy,beam_negamax,D20000_seed0_greedy_vs_beam_negamax_0,20000,0,second,ended_with_n,51,first,greedy,る,4303,63,19,6,5,,,る,す,す,0.006311,False,-8049.252444134078,,,,,,,,,,,,,,8,あ→ぬ -> ぬ→る -> る→る -> る→る -> る→る -> る→ぽ -> ぽ→ず -> ず→ず -> ず→む -> む→ず -> ず→ら -> ら→る -> る→ぷ -> ぷ→ず -> ず→れ -> れ→る -> る→び -> び→ず -> ず→が -> が→ず -> ず→つ -> つ→る -> る→む -> む→る -> る→げ -> げ→る -> る→ゆ -> ゆ→ず -> ず→つ -> つ→る -> る→ゆ -> ゆ→る -> る→つ -> つ→む -> む→ぐ -> ぐ→る -> る→な -> な→る -> る→う -> う→ず -> ず→よ -> よ→る -> る→う -> う→る -> る→う -> う→る -> る→く -> く→る -> る→り -> り→る -> る→す
greedy vs beam_negamax,greedy,beam_negamax,D20000_seed0_greedy_vs_beam_negamax_0,20000,0,second,ended_with_n,52,second,beam_negamax,す,1355,19,63,21,20,,,す,る,る,0.696058,False,8029.14949579832,1,1,True,0,24,24,24,0,0,28,0,0,"{""0"": 24}",24,あ→ぬ -> ぬ→る -> る→る -> る→る -> る→る -> る→ぽ -> ぽ→ず -> ず→ず -> ず→む -> む→ず -> ず→ら -> ら→る -> る→ぷ -> ぷ→ず -> ず→れ -> れ→る -> る→び -> び→ず -> ず→が -> が→ず -> ず→つ -> つ→る -> る→む -> む→る -> る→げ -> げ→る -> る→ゆ -> ゆ→ず -> ず→つ -> つ→る -> る→ゆ -> ゆ→る -> る→つ -> つ→む -> む→ぐ -> ぐ→る -> る→な -> な→る -> る→う -> う→ず -> ず→よ -> よ→る -> る→う -> う→る -> る→う -> う→る -> る→く -> く→る -> る→り -> り→る -> る→す -> す→る
greedy vs beam_negamax,greedy,beam_negamax,D20000_seed0_greedy_vs_beam_negamax_0,20000,0,second,ended_with_n,53,first,greedy,る,4303,63,19,5,4,,,る,す,す,0.006563,False,-8029.14949579832,,,,,,,,,,,,,,8,あ→ぬ -> ぬ→る -> る→る -> る→る -> る→る -> る→ぽ -> ぽ→ず -> ず→ず -> ず→む -> む→ず -> ず→ら -> ら→る -> る→ぷ -> ぷ→ず -> ず→れ -> れ→る -> る→び -> び→ず -> ず→が -> が→ず -> ず→つ -> つ→る -> る→む -> む→る -> る→げ -> げ→る -> る→ゆ -> ゆ→ず -> ず→つ -> つ→る -> る→ゆ -> ゆ→る -> る→つ -> つ→む -> む→ぐ -> ぐ→る -> る→な -> な→る -> る→う -> う→ず -> ず→よ -> よ→る -> る→う -> う→る -> る→う -> う→る -> る→く -> く→る -> る→り -> り→る -> る→す -> す→る -> る→す
greedy vs beam_negamax,greedy,beam_negamax,D20000_seed0_greedy_vs_beam_negamax_0,20000,0,second,ended_with_n,54,second,beam_negamax,す,1355,19,63,20,19,,,す,る,る,0.671251,False,8009.645463483146,1,2,True,0,24,24,24,0,0,28,0,0,"{""0"": 24}",24,あ→ぬ -> ぬ→る -> る→る -> る→る -> る→る -> る→ぽ -> ぽ→ず -> ず→ず -> ず→む -> む→ず -> ず→ら -> ら→る -> る→ぷ -> ぷ→ず -> ず→れ -> れ→る -> る→び -> び→ず -> ず→が -> が→ず -> ず→つ -> つ→る -> る→む -> む→る -> る→げ -> げ→る -> る→ゆ -> ゆ→ず -> ず→つ -> つ→る -> る→ゆ -> ゆ→る -> る→つ -> つ→む -> む→ぐ -> ぐ→る -> る→な -> な→る -> る→う -> う→ず -> ず→よ -> よ→る -> る→う -> う→る -> る→う -> う→る -> る→く -> く→る -> る→り -> り→る -> る→す -> す→る -> る→す -> す→る
greedy vs beam_negamax,greedy,beam_negamax,D20000_seed0_greedy_vs_beam_negamax_0,20000,0,second,ended_with_n,55,first,greedy,る,4303,63,19,4,3,,,る,す,す,0.006366,False,-8009.645463483146,,,,,,,,,,,,,,8,あ→ぬ -> ぬ→る -> る→る -> る→る -> る→る -> る→ぽ -> ぽ→ず -> ず→ず -> ず→む -> む→ず -> ず→ら -> ら→る -> る→ぷ -> ぷ→ず -> ず→れ -> れ→る -> る→び -> び→ず -> ず→が -> が→ず -> ず→つ -> つ→る -> る→む -> む→る -> る→げ -> げ→る -> る→ゆ -> ゆ→ず -> ず→つ -> つ→る -> る→ゆ -> ゆ→る -> る→つ -> つ→む -> む→ぐ -> ぐ→る -> る→な -> な→る -> る→う -> う→ず -> ず→よ -> よ→る -> る→う -> う→る -> る→う -> う→る -> る→く -> く→る -> る→り -> り→る -> る→す -> す→る -> る→す -> す→る -> る→す
greedy vs beam_negamax,greedy,beam_negamax,D20000_seed0_greedy_vs_beam_negamax_0,20000,0,second,ended_with_n,56,second,beam_negamax,す,1355,19,63,19,18,,,す,る,る,1.00001,True,-17.85499999999996,2,1,True,0,32,28,3,0,0,66,0,0,"{""0"": 24, ""1"": 12}",3,あ→ぬ -> ぬ→る -> る→る -> る→る -> る→る -> る→ぽ -> ぽ→ず -> ず→ず -> ず→む -> む→ず -> ず→ら -> ら→る -> る→ぷ -> ぷ→ず -> ず→れ -> れ→る -> る→び -> び→ず -> ず→が -> が→ず -> ず→つ -> つ→る -> る→む -> む→る -> る→げ -> げ→る -> る→ゆ -> ゆ→ず -> ず→つ -> つ→る -> る→ゆ -> ゆ→る -> る→つ -> つ→む -> む→ぐ -> ぐ→る -> る→な -> な→る -> る→う -> う→ず -> ず→よ -> よ→る -> る→う -> う→る -> る→う -> う→る -> る→く -> く→る -> る→り -> り→る -> る→す -> す→る -> る→す -> す→る -> る→す -> す→る
greedy vs beam_negamax,greedy,beam_negamax,D20000_seed0_greedy_vs_beam_negamax_0,20000,0,second,ended_with_n,57,first,greedy,る,4303,63,19,3,2,,,る,す,す,0.006297,False,-7990.140338028169,,,,,,,,,,,,,,8,あ→ぬ -> ぬ→る -> る→る -> る→る -> る→る -> る→ぽ -> ぽ→ず -> ず→ず -> ず→む -> む→ず -> ず→ら -> ら→る -> る→ぷ -> ぷ→ず -> ず→れ -> れ→る -> る→び -> び→ず -> ず→が -> が→ず -> ず→つ -> つ→る -> る→む -> む→る -> る→げ -> げ→る -> る→ゆ -> ゆ→ず -> ず→つ -> つ→る -> る→ゆ -> ゆ→る -> る→つ -> つ→む -> む→ぐ -> ぐ→る -> る→な -> な→る -> る→う -> う→ず -> ず→よ -> よ→る -> る→う -> う→る -> る→う -> う→る -> る→く -> く→る -> る→り -> り→る -> る→す -> す→る -> る→す -> す→る -> る→す -> す→る -> る→す
greedy vs beam_negamax,greedy,beam_negamax,D20000_seed0_greedy_vs_beam_negamax_0,20000,0,second,ended_with_n,58,second,beam_negamax,す,1355,19,63,18,17,,,す,る,る,0.651903,False,7970.634110169492,1,1,True,0,24,24,24,0,0,28,0,0,"{""0"": 24}",24,あ→ぬ -> ぬ→る -> る→る -> る→る -> る→る -> る→ぽ -> ぽ→ず -> ず→ず -> ず→む -> む→ず -> ず→ら -> ら→る -> る→ぷ -> ぷ→ず -> ず→れ -> れ→る -> る→び -> び→ず -> ず→が -> が→ず -> ず→つ -> つ→る -> る→む -> む→る -> る→げ -> げ→る -> る→ゆ -> ゆ→ず -> ず→つ -> つ→る -> る→ゆ -> ゆ→る -> る→つ -> つ→む -> む→ぐ -> ぐ→る -> る→な -> な→る -> る→う -> う→ず -> ず→よ -> よ→る -> る→う -> う→る -> る→う -> う→る -> る→く -> く→る -> る→り -> り→る -> る→す -> す→る -> る→す -> す→る -> る→す -> す→る -> る→す -> す→る
greedy vs beam_negamax,greedy,beam_negamax,D20000_seed0_greedy_vs_beam_negamax_0,20000,0,second,ended_with_n,59,first,greedy,る,4303,63,19,2,1,,,る,す,す,0.006236,False,-7970.634110169492,,,,,,,,,,,,,,8,あ→ぬ -> ぬ→る -> る→る -> る→る -> る→る -> る→ぽ -> ぽ→ず -> ず→ず -> ず→む -> む→ず -> ず→ら -> ら→る -> る→ぷ -> ぷ→ず -> ず→れ -> れ→る -> る→び -> び→ず -> ず→が -> が→ず -> ず→つ -> つ→る -> る→む -> む→る -> る→げ -> げ→る -> る→ゆ -> ゆ→ず -> ず→つ -> つ→る -> る→ゆ -> ゆ→る -> る→つ -> つ→む -> む→ぐ -> ぐ→る -> る→な -> な→る -> る→う -> う→ず -> ず→よ -> よ→る -> る→う -> う→る -> る→う -> う→る -> る→く -> く→る -> る→り -> り→る -> る→す -> す→る -> る→す -> す→る -> る→す -> す→る -> る→す -> す→る -> る→す
greedy vs beam_negamax,greedy,beam_negamax,D20000_seed0_greedy_vs_beam_negamax_0,20000,0,second,ended_with_n,60,second,beam_negamax,す,1355,19,63,17,16,,,す,る,る,0.650281,False,7953.24104815864,1,1,True,0,24,24,24,0,0,28,0,0,"{""0"": 24}",24,あ→ぬ -> ぬ→る -> る→る -> る→る -> る→る -> る→ぽ -> ぽ→ず -> ず→ず -> ず→む -> む→ず -> ず→ら -> ら→る -> る→ぷ -> ぷ→ず -> ず→れ -> れ→る -> る→び -> び→ず -> ず→が -> が→ず -> ず→つ -> つ→る -> る→む -> む→る -> る→げ -> げ→る -> る→ゆ -> ゆ→ず -> ず→つ -> つ→る -> る→ゆ -> ゆ→る -> る→つ -> つ→む -> む→ぐ -> ぐ→る -> る→な -> な→る -> る→う -> う→ず -> ず→よ -> よ→る -> る→う -> う→る -> る→う -> う→る -> る→く -> く→る -> る→り -> り→る -> る→す -> す→る -> る→す -> す→る -> る→す -> す→る -> る→す -> す→る -> る→す -> す→る
greedy vs beam_negamax,greedy,beam_negamax,D20000_seed0_greedy_vs_beam_negamax_0,20000,0,second,ended_with_n,61,first,greedy,る,4303,63,19,1,0,,,る,す,す,0.006272,False,-7953.24104815864,,,,,,,,,,,,,,8,あ→ぬ -> ぬ→る -> る→る -> る→る -> る→る -> る→ぽ -> ぽ→ず -> ず→ず -> ず→む -> む→ず -> ず→ら -> ら→る -> る→ぷ -> ぷ→ず -> ず→れ -> れ→る -> る→び -> び→ず -> ず→が -> が→ず -> ず→つ -> つ→る -> る→む -> む→る -> る→げ -> げ→る -> る→ゆ -> ゆ→ず -> ず→つ -> つ→る -> る→ゆ -> ゆ→る -> る→つ -> つ→む -> む→ぐ -> ぐ→る -> る→な -> な→る -> る→う -> う→ず -> ず→よ -> よ→る -> る→う -> う→る -> る→う -> う→る -> る→く -> く→る -> る→り -> り→る -> る→す -> す→る -> る→す -> す→る -> る→す -> す→る -> る→す -> す→る -> る→す -> す→る -> る→す
greedy vs beam_negamax,greedy,beam_negamax,D20000_seed0_greedy_vs_beam_negamax_0,20000,0,second,ended_with_n,62,second,beam_negamax,す,1355,19,63,16,15,,,す,る,る,0.645537,False,8338.57314864865,1,2,True,0,24,24,24,0,0,28,0,0,"{""0"": 24}",24,あ→ぬ -> ぬ→る -> る→る -> る→る -> る→る -> る→ぽ -> ぽ→ず -> ず→ず -> ず→む -> む→ず -> ず→ら -> ら→る -> る→ぷ -> ぷ→ず -> ず→れ -> れ→る -> る→び -> び→ず -> ず→が -> が→ず -> ず→つ -> つ→る -> る→む -> む→る -> る→げ -> げ→る -> る→ゆ -> ゆ→ず -> ず→つ -> つ→る -> る→ゆ -> ゆ→る -> る→つ -> つ→む -> む→ぐ -> ぐ→る -> る→な -> な→る -> る→う -> う→ず -> ず→よ -> よ→る -> る→う -> う→る -> る→う -> う→る -> る→く -> く→る -> る→り -> り→る -> る→す -> す→る -> る→す -> す→る -> る→す -> す→る -> る→す -> す→る -> る→す -> す→る -> る→す -> す→る
greedy vs beam_negamax,greedy,beam_negamax,D20000_seed0_greedy_vs_beam_negamax_0,20000,0,second,ended_with_n,63,first,greedy,る,4315,63,31,2,1,,,る,と,と,0.005378,False,-8338.57314864865,,,,,,,,,,,,,,7,あ→ぬ -> ぬ→る -> る→る -> る→る -> る→る -> る→ぽ -> ぽ→ず -> ず→ず -> ず→む -> む→ず -> ず→ら -> ら→る -> る→ぷ -> ぷ→ず -> ず→れ -> れ→る -> る→び -> び→ず -> ず→が -> が→ず -> ず→つ -> つ→る -> る→む -> む→る -> る→げ -> げ→る -> る→ゆ -> ゆ→ず -> ず→つ -> つ→る -> る→ゆ -> ゆ→る -> る→つ -> つ→む -> む→ぐ -> ぐ→る -> る→な -> な→る -> る→う -> う→ず -> ず→よ -> よ→る -> る→う -> う→る -> る→う -> う→る -> る→く -> く→る -> る→り -> り→る -> る→す -> す→る -> る→す -> す→る -> る→す -> す→る -> る→す -> す→る -> る→す -> す→る -> る→す -> す→る -> る→と
greedy vs beam_negamax,greedy,beam_negamax,D20000_seed0_greedy_vs_beam_negamax_0,20000,0,second,ended_with_n,64,second,beam_negamax,と,2171,31,63,10,9,,,と,る,る,1.00001,True,89.195,2,1,True,0,33,30,2,0,0,53,0,0,"{""0"": 24, ""1"": 12}",2,あ→ぬ -> ぬ→る -> る→る -> る→る -> る→る -> る→ぽ -> ぽ→ず -> ず→ず -> ず→む -> む→ず -> ず→ら -> ら→る -> る→ぷ -> ぷ→ず -> ず→れ -> れ→る -> る→び -> び→ず -> ず→が -> が→ず -> ず→つ -> つ→る -> る→む -> む→る -> る→げ -> げ→る -> る→ゆ -> ゆ→ず -> ず→つ -> つ→る -> る→ゆ -> ゆ→る -> る→つ -> つ→む -> む→ぐ -> ぐ→る -> る→な -> な→る -> る→う -> う→ず -> ず→よ -> よ→る -> る→う -> う→る -> る→う -> う→る -> る→く -> く→る -> る→り -> り→る -> る→す -> す→る -> る→す -> す→る -> る→す -> す→る -> る→す -> す→る -> る→す -> す→る -> る→す -> す→る -> る→と -> と→る
greedy vs beam_negamax,greedy,beam_negamax,D20000_seed0_greedy_vs_beam_negamax_0,20000,0,second,ended_with_n,65,first,greedy,る,4315,63,31,1,0,,,る,と,と,0.005405,False,-8236.049105691058,,,,,,,,,,,,,,7,あ→ぬ -> ぬ→る -> る→る -> る→る -> る→る -> る→ぽ -> ぽ→ず -> ず→ず -> ず→む -> む→ず -> ず→ら -> ら→る -> る→ぷ -> ぷ→ず -> ず→れ -> れ→る -> る→び -> び→ず -> ず→が -> が→ず -> ず→つ -> つ→る -> る→む -> む→る -> る→げ -> げ→る -> る→ゆ -> ゆ→ず -> ず→つ -> つ→る -> る→ゆ -> ゆ→る -> る→つ -> つ→む -> む→ぐ -> ぐ→る -> る→な -> な→る -> る→う -> う→ず -> ず→よ -> よ→る -> る→う -> う→る -> る→う -> う→る -> る→く -> く→る -> る→り -> り→る -> る→す -> す→る -> る→す -> す→る -> る→す -> す→る -> る→す -> す→る -> る→す -> す→る -> る→す -> す→る -> る→と -> と→る -> る→と
greedy vs beam_negamax,greedy,beam_negamax,D20000_seed0_greedy_vs_beam_negamax_0,20000,0,second,ended_with_n,66,second,beam_negamax,と,2171,31,63,9,8,,,と,る,る,0.654187,False,11001.074573170732,1,1,True,0,24,24,24,0,0,30,0,0,"{""0"": 24}",24,あ→ぬ -> ぬ→る -> る→る -> る→る -> る→る -> る→ぽ -> ぽ→ず -> ず→ず -> ず→む -> む→ず -> ず→ら -> ら→る -> る→ぷ -> ぷ→ず -> ず→れ -> れ→る -> る→び -> び→ず -> ず→が -> が→ず -> ず→つ -> つ→る -> る→む -> む→る -> る→げ -> げ→る -> る→ゆ -> ゆ→ず -> ず→つ -> つ→る -> る→ゆ -> ゆ→る -> る→つ -> つ→む -> む→ぐ -> ぐ→る -> る→な -> な→る -> る→う -> う→ず -> ず→よ -> よ→る -> る→う -> う→る -> る→う -> う→る -> る→く -> く→る -> る→り -> り→る -> る→す -> す→る -> る→す -> す→る -> る→す -> す→る -> る→す -> す→る -> る→す -> す→る -> る→す -> す→る -> る→と -> と→る -> る→と -> と→る
greedy vs beam_negamax,greedy,beam_negamax,D20000_seed0_greedy_vs_beam_negamax_0,20000,0,second,ended_with_n,67,first,greedy,る,4328,63,44,1,0,,,る,ふ,ふ,0.00457,False,-11001.074573170732,,,,,,,,,,,,,,6,あ→ぬ -> ぬ→る -> る→る -> る→る -> る→る -> る→ぽ -> ぽ→ず -> ず→ず -> ず→む -> む→ず -> ず→ら -> ら→る -> る→ぷ -> ぷ→ず -> ず→れ -> れ→る -> る→び -> び→ず -> ず→が -> が→ず -> ず→つ -> つ→る -> る→む -> む→る -> る→げ -> げ→る -> る→ゆ -> ゆ→ず -> ず→つ -> つ→る -> る→ゆ -> ゆ→る -> る→つ -> つ→む -> む→ぐ -> ぐ→る -> る→な -> な→る -> る→う -> う→ず -> ず→よ -> よ→る -> る→う -> う→る -> る→う -> う→る -> る→く -> く→る -> る→り -> り→る -> る→す -> す→る -> る→す -> す→る -> る→す -> す→る -> る→す -> す→る -> る→す -> す→る -> る→す -> す→る -> る→と -> と→る -> る→と -> と→る -> る→ふ
greedy vs beam_negamax,greedy,beam_negamax,D20000_seed0_greedy_vs_beam_negamax_0,20000,0,second,ended_with_n,68,second,beam_negamax,ふ,3055,44,63,15,14,,,ふ,る,る,0.670835,False,11102.82486166008,1,1,True,0,24,24,24,0,0,30,0,0,"{""0"": 24}",24,あ→ぬ -> ぬ→る -> る→る -> る→る -> る→る -> る→ぽ -> ぽ→ず -> ず→ず -> ず→む -> む→ず -> ず→ら -> ら→る -> る→ぷ -> ぷ→ず -> ず→れ -> れ→る -> る→び -> び→ず -> ず→が -> が→ず -> ず→つ -> つ→る -> る→む -> む→る -> る→げ -> げ→る -> る→ゆ -> ゆ→ず -> ず→つ -> つ→る -> る→ゆ -> ゆ→る -> る→つ -> つ→む -> む→ぐ -> ぐ→る -> る→な -> な→る -> る→う -> う→ず -> ず→よ -> よ→る -> る→う -> う→る -> る→う -> う→る -> る→く -> く→る -> る→り -> り→る -> る→す -> す→る -> る→す -> す→る -> る→す -> す→る -> る→す -> す→る -> る→す -> す→る -> る→す -> す→る -> る→と -> と→る -> る→と -> と→る -> る→ふ -> ふ→る
greedy vs beam_negamax,greedy,beam_negamax,D20000_seed0_greedy_vs_beam_negamax_0,20000,0,second,ended_with_n,69,first,greedy,る,4284,63,0,1,0,,,る,あ,あ,0.003737,False,-11102.82486166008,,,,,,,,,,,,,,5,あ→ぬ -> ぬ→る -> る→る -> る→る -> る→る -> る→ぽ -> ぽ→ず -> ず→ず -> ず→む -> む→ず -> ず→ら -> ら→る -> る→ぷ -> ぷ→ず -> ず→れ -> れ→る -> る→び -> び→ず -> ず→が -> が→ず -> ず→つ -> つ→る -> る→む -> む→る -> る→げ -> げ→る -> る→ゆ -> ゆ→ず -> ず→つ -> つ→る -> る→ゆ -> ゆ→る -> る→つ -> つ→む -> む→ぐ -> ぐ→る -> る→な -> な→る -> る→う -> う→ず -> ず→よ -> よ→る -> る→う -> う→る -> る→う -> う→る -> る→く -> く→る -> る→り -> り→る -> る→す -> す→る -> る→す -> す→る -> る→す -> す→る -> る→す -> す→る -> る→す -> す→る -> る→す -> す→る -> る→と -> と→る -> る→と -> と→る -> る→ふ -> ふ→る -> る→あ
greedy vs beam_negamax,greedy,beam_negamax,D20000_seed0_greedy_vs_beam_negamax_0,20000,0,second,ended_with_n,70,second,beam_negamax,あ,63,0,63,14,13,,,あ,る,る,0.587265,False,11179.351529774127,1,2,True,0,24,24,24,0,0,36,0,0,"{""0"": 24}",24,あ→ぬ -> ぬ→る -> る→る -> る→る -> る→る -> る→ぽ -> ぽ→ず -> ず→ず -> ず→む -> む→ず -> ず→ら -> ら→る -> る→ぷ -> ぷ→ず -> ず→れ -> れ→る -> る→び -> び→ず -> ず→が -> が→ず -> ず→つ -> つ→る -> る→む -> む→る -> る→げ -> げ→る -> る→ゆ -> ゆ→ず -> ず→つ -> つ→る -> る→ゆ -> ゆ→る -> る→つ -> つ→む -> む→ぐ -> ぐ→る -> る→な -> な→る -> る→う -> う→ず -> ず→よ -> よ→る -> る→う -> う→る -> る→う -> う→る -> る→く -> く→る -> る→り -> り→る -> る→す -> す→る -> る→す -> す→る -> る→す -> す→る -> る→す -> す→る -> る→す -> す→る -> る→す -> す→る -> る→と -> と→る -> る→と -> と→る -> る→ふ -> ふ→る -> る→あ -> あ→る
greedy vs beam_negamax,greedy,beam_negamax,D20000_seed0_greedy_vs_beam_negamax_0,20000,0,second,ended_with_n,71,first,greedy,る,4285,63,1,5,4,,,る,い,い,0.00274,False,-11179.351529774127,,,,,,,,,,,,,,4,あ→ぬ -> ぬ→る -> る→る -> る→る -> る→る -> る→ぽ -> ぽ→ず -> ず→ず -> ず→む -> む→ず -> ず→ら -> ら→る -> る→ぷ -> ぷ→ず -> ず→れ -> れ→る -> る→び -> び→ず -> ず→が -> が→ず -> ず→つ -> つ→る -> る→む -> む→る -> る→げ -> げ→る -> る→ゆ -> ゆ→ず -> ず→つ -> つ→る -> る→ゆ -> ゆ→る -> る→つ -> つ→む -> む→ぐ -> ぐ→る -> る→な -> な→る -> る→う -> う→ず -> ず→よ -> よ→る -> る→う -> う→る -> る→う -> う→る -> る→く -> く→る -> る→り -> り→る -> る→す -> す→る -> る→す -> す→る -> る→す -> す→る -> る→す -> す→る -> る→す -> す→る -> る→す -> す→る -> る→と -> と→る -> る→と -> と→る -> る→ふ -> ふ→る -> る→あ -> あ→る -> る→い
greedy vs beam_negamax,greedy,beam_negamax,D20000_seed0_greedy_vs_beam_negamax_0,20000,0,second,ended_with_n,72,second,beam_negamax,い,131,1,63,7,6,,,い,る,る,1.000012,True,288.345,2,1,True,0,32,28,3,0,0,47,0,0,"{""0"": 24, ""1"": 12}",3,あ→ぬ -> ぬ→る -> る→る -> る→る -> る→る -> る→ぽ -> ぽ→ず -> ず→ず -> ず→む -> む→ず -> ず→ら -> ら→る -> る→ぷ -> ぷ→ず -> ず→れ -> れ→る -> る→び -> び→ず -> ず→が -> が→ず -> ず→つ -> つ→る -> る→む -> む→る -> る→げ -> げ→る -> る→ゆ -> ゆ→ず -> ず→つ -> つ→る -> る→ゆ -> ゆ→る -> る→つ -> つ→む -> む→ぐ -> ぐ→る -> る→な -> な→る -> る→う -> う→ず -> ず→よ -> よ→る -> る→う -> う→る -> る→う -> う→る -> る→く -> く→る -> る→り -> り→る -> る→す -> す→る -> る→す -> す→る -> る→す -> す→る -> る→す -> す→る -> る→す -> す→る -> る→す -> す→る -> る→と -> と→る -> る→と -> と→る -> る→ふ -> ふ→る -> る→あ -> あ→る -> る→い -> い→る
greedy vs beam_negamax,greedy,beam_negamax,D20000_seed0_greedy_vs_beam_negamax_0,20000,0,second,ended_with_n,73,first,greedy,る,4285,63,1,4,3,,,る,い,い,0.002741,False,-11160.566049382716,,,,,,,,,,,,,,4,あ→ぬ -> ぬ→る -> る→る -> る→る -> る→る -> る→ぽ -> ぽ→ず -> ず→ず -> ず→む -> む→ず -> ず→ら -> ら→る -> る→ぷ -> ぷ→ず -> ず→れ -> れ→る -> る→び -> び→ず -> ず→が -> が→ず -> ず→つ -> つ→る -> る→む -> む→る -> る→げ -> げ→る -> る→ゆ -> ゆ→ず -> ず→つ -> つ→る -> る→ゆ -> ゆ→る -> る→つ -> つ→む -> む→ぐ -> ぐ→る -> る→な -> な→る -> る→う -> う→ず -> ず→よ -> よ→る -> る→う -> う→る -> る→う -> う→る -> る→く -> く→る -> る→り -> り→る -> る→す -> す→る -> る→す -> す→る -> る→す -> す→る -> る→す -> す→る -> る→す -> す→る -> る→す -> す→る -> る→と -> と→る -> る→と -> と→る -> る→ふ -> ふ→る -> る→あ -> あ→る -> る→い -> い→る -> る→い
greedy vs beam_negamax,greedy,beam_negamax,D20000_seed0_greedy_vs_beam_negamax_0,20000,0,second,ended_with_n,74,second,beam_negamax,い,131,1,63,6,5,,,い,る,る,0.5688,False,10977.566144329898,1,1,True,0,24,24,24,0,0,38,0,0,"{""0"": 24}",24,あ→ぬ -> ぬ→る -> る→る -> る→る -> る→る -> る→ぽ -> ぽ→ず -> ず→ず -> ず→む -> む→ず -> ず→ら -> ら→る -> る→ぷ -> ぷ→ず -> ず→れ -> れ→る -> る→び -> び→ず -> ず→が -> が→ず -> ず→つ -> つ→る -> る→む -> む→る -> る→げ -> げ→る -> る→ゆ -> ゆ→ず -> ず→つ -> つ→る -> る→ゆ -> ゆ→る -> る→つ -> つ→む -> む→ぐ -> ぐ→る -> る→な -> な→る -> る→う -> う→ず -> ず→よ -> よ→る -> る→う -> う→る -> る→う -> う→る -> る→く -> く→る -> る→り -> り→る -> る→す -> す→る -> る→す -> す→る -> る→す -> す→る -> る→す -> す→る -> る→す -> す→る -> る→す -> す→る -> る→と -> と→る -> る→と -> と→る -> る→ふ -> ふ→る -> る→あ -> あ→る -> る→い -> い→る -> る→い -> い→る
greedy vs beam_negamax,greedy,beam_negamax,D20000_seed0_greedy_vs_beam_negamax_0,20000,0,second,ended_with_n,75,first,greedy,る,4285,63,1,3,2,,,る,い,い,0.002794,False,-10977.566144329898,,,,,,,,,,,,,,4,あ→ぬ -> ぬ→る -> る→る -> る→る -> る→る -> る→ぽ -> ぽ→ず -> ず→ず -> ず→む -> む→ず -> ず→ら -> ら→る -> る→ぷ -> ぷ→ず -> ず→れ -> れ→る -> る→び -> び→ず -> ず→が -> が→ず -> ず→つ -> つ→る -> る→む -> む→る -> る→げ -> げ→る -> る→ゆ -> ゆ→ず -> ず→つ -> つ→る -> る→ゆ -> ゆ→る -> る→つ -> つ→む -> む→ぐ -> ぐ→る -> る→な -> な→る -> る→う -> う→ず -> ず→よ -> よ→る -> る→う -> う→る -> る→う -> う→る -> る→く -> く→る -> る→り -> り→る -> る→す -> す→る -> る→す -> す→る -> る→す -> す→る -> る→す -> す→る -> る→す -> す→る -> る→す -> す→る -> る→と -> と→る -> る→と -> と→る -> る→ふ -> ふ→る -> る→あ -> あ→る -> る→い -> い→る -> る→い -> い→る -> る→い
greedy vs beam_negamax,greedy,beam_negamax,D20000_seed0_greedy_vs_beam_negamax_0,20000,0,second,ended_with_n,76,second,beam_negamax,い,131,1,63,5,4,,,い,る,る,0.572742,False,10960.334710743802,1,1,True,0,24,24,24,0,0,38,0,0,"{""0"": 24}",24,あ→ぬ -> ぬ→る -> る→る -> る→る -> る→る -> る→ぽ -> ぽ→ず -> ず→ず -> ず→む -> む→ず -> ず→ら -> ら→る -> る→ぷ -> ぷ→ず -> ず→れ -> れ→る -> る→び -> び→ず -> ず→が -> が→ず -> ず→つ -> つ→る -> る→む -> む→る -> る→げ -> げ→る -> る→ゆ -> ゆ→ず -> ず→つ -> つ→る -> る→ゆ -> ゆ→る -> る→つ -> つ→む -> む→ぐ -> ぐ→る -> る→な -> な→る -> る→う -> う→ず -> ず→よ -> よ→る -> る→う -> う→る -> る→う -> う→る -> る→く -> く→る -> る→り -> り→る -> る→す -> す→る -> る→す -> す→る -> る→す -> す→る -> る→す -> す→る -> る→す -> す→る -> る→す -> す→る -> る→と -> と→る -> る→と -> と→る -> る→ふ -> ふ→る -> る→あ -> あ→る -> る→い -> い→る -> る→い -> い→る -> る→い -> い→る
greedy vs beam_negamax,greedy,beam_negamax,D20000_seed0_greedy_vs_beam_negamax_0,20000,0,second,ended_with_n,77,first,greedy,る,4285,63,1,2,1,,,る,い,い,0.00276,False,-10960.334710743802,,,,,,,,,,,,,,4,あ→ぬ -> ぬ→る -> る→る -> る→る -> る→る -> る→ぽ -> ぽ→ず -> ず→ず -> ず→む -> む→ず -> ず→ら -> ら→る -> る→ぷ -> ぷ→ず -> ず→れ -> れ→る -> る→び -> び→ず -> ず→が -> が→ず -> ず→つ -> つ→る -> る→む -> む→る -> る→げ -> げ→る -> る→ゆ -> ゆ→ず -> ず→つ -> つ→る -> る→ゆ -> ゆ→る -> る→つ -> つ→む -> む→ぐ -> ぐ→る -> る→な -> な→る -> る→う -> う→ず -> ず→よ -> よ→る -> る→う -> う→る -> る→う -> う→る -> る→く -> く→る -> る→り -> り→る -> る→す -> す→る -> る→す -> す→る -> る→す -> す→る -> る→す -> す→る -> る→す -> す→る -> る→す -> す→る -> る→と -> と→る -> る→と -> と→る -> る→ふ -> ふ→る -> る→あ -> あ→る -> る→い -> い→る -> る→い -> い→る -> る→い -> い→る -> る→い
greedy vs beam_negamax,greedy,beam_negamax,D20000_seed0_greedy_vs_beam_negamax_0,20000,0,second,ended_with_n,78,second,beam_negamax,い,131,1,63,4,3,,,い,る,る,0.570264,False,10954.309937888198,1,2,True,0,24,24,24,0,0,38,0,0,"{""0"": 24}",24,あ→ぬ -> ぬ→る -> る→る -> る→る -> る→る -> る→ぽ -> ぽ→ず -> ず→ず -> ず→む -> む→ず -> ず→ら -> ら→る -> る→ぷ -> ぷ→ず -> ず→れ -> れ→る -> る→び -> び→ず -> ず→が -> が→ず -> ず→つ -> つ→る -> る→む -> む→る -> る→げ -> げ→る -> る→ゆ -> ゆ→ず -> ず→つ -> つ→る -> る→ゆ -> ゆ→る -> る→つ -> つ→む -> む→ぐ -> ぐ→る -> る→な -> な→る -> る→う -> う→ず -> ず→よ -> よ→る -> る→う -> う→る -> る→う -> う→る -> る→く -> く→る -> る→り -> り→る -> る→す -> す→る -> る→す -> す→る -> る→す -> す→る -> る→す -> す→る -> る→す -> す→る -> る→す -> す→る -> る→と -> と→る -> る→と -> と→る -> る→ふ -> ふ→る -> る→あ -> あ→る -> る→い -> い→る -> る→い -> い→る -> る→い -> い→る -> る→い -> い→る
greedy vs beam_negamax,greedy,beam_negamax,D20000_seed0_greedy_vs_beam_negamax_0,20000,0,second,ended_with_n,79,first,greedy,る,4285,63,1,1,0,,,る,い,い,0.002762,False,-10954.309937888198,,,,,,,,,,,,,,4,あ→ぬ -> ぬ→る -> る→る -> る→る -> る→る -> る→ぽ -> ぽ→ず -> ず→ず -> ず→む -> む→ず -> ず→ら -> ら→る -> る→ぷ -> ぷ→ず -> ず→れ -> れ→る -> る→び -> び→ず -> ず→が -> が→ず -> ず→つ -> つ→る -> る→む -> む→る -> る→げ -> げ→る -> る→ゆ -> ゆ→ず -> ず→つ -> つ→る -> る→ゆ -> ゆ→る -> る→つ -> つ→む -> む→ぐ -> ぐ→る -> る→な -> な→る -> る→う -> う→ず -> ず→よ -> よ→る -> る→う -> う→る -> る→う -> う→る -> る→く -> く→る -> る→り -> り→る -> る→す -> す→る -> る→す -> す→る -> る→す -> す→る -> る→す -> す→る -> る→す -> す→る -> る→す -> す→る -> る→と -> と→る -> る→と -> と→る -> る→ふ -> ふ→る -> る→あ -> あ→る -> る→い -> い→る -> る→い -> い→る -> る→い -> い→る -> る→い -> い→る -> る→い
greedy vs beam_negamax,greedy,beam_negamax,D20000_seed0_greedy_vs_beam_negamax_0,20000,0,second,ended_with_n,80,second,beam_negamax,い,131,1,63,3,2,,,い,る,る,1.00001,True,437.55999999999995,2,1,True,0,32,28,3,0,0,47,0,0,"{""0"": 24, ""1"": 12}",3,あ→ぬ -> ぬ→る -> る→る -> る→る -> る→る -> る→ぽ -> ぽ→ず -> ず→ず -> ず→む -> む→ず -> ず→ら -> ら→る -> る→ぷ -> ぷ→ず -> ず→れ -> れ→る -> る→び -> び→ず -> ず→が -> が→ず -> ず→つ -> つ→る -> る→む -> む→る -> る→げ -> げ→る -> る→ゆ -> ゆ→ず -> ず→つ -> つ→る -> る→ゆ -> ゆ→る -> る→つ -> つ→む -> む→ぐ -> ぐ→る -> る→な -> な→る -> る→う -> う→ず -> ず→よ -> よ→る -> る→う -> う→る -> る→う -> う→る -> る→く -> く→る -> る→り -> り→る -> る→す -> す→る -> る→す -> す→る -> る→す -> す→る -> る→す -> す→る -> る→す -> す→る -> る→す -> す→る -> る→と -> と→る -> る→と -> と→る -> る→ふ -> ふ→る -> る→あ -> あ→る -> る→い -> い→る -> る→い -> い→る -> る→い -> い→る -> る→い -> い→る -> る→い -> い→る
greedy vs beam_negamax,greedy,beam_negamax,D20000_seed0_greedy_vs_beam_negamax_0,20000,0,second,ended_with_n,81,first,greedy,る,4291,63,7,1,0,,,る,き,き,0.001835,False,-12938.83948275862,,,,,,,,,,,,,,3,あ→ぬ -> ぬ→る -> る→る -> る→る -> る→る -> る→ぽ -> ぽ→ず -> ず→ず -> ず→む -> む→ず -> ず→ら -> ら→る -> る→ぷ -> ぷ→ず -> ず→れ -> れ→る -> る→び -> び→ず -> ず→が -> が→ず -> ず→つ -> つ→る -> る→む -> む→る -> る→げ -> げ→る -> る→ゆ -> ゆ→ず -> ず→つ -> つ→る -> る→ゆ -> ゆ→る -> る→つ -> つ→む -> む→ぐ -> ぐ→る -> る→な -> な→る -> る→う -> う→ず -> ず→よ -> よ→る -> る→う -> う→る -> る→う -> う→る -> る→く -> く→る -> る→り -> り→る -> る→す -> す→る -> る→す -> す→る -> る→す -> す→る -> る→す -> す→る -> る→す -> す→る -> る→す -> す→る -> る→と -> と→る -> る→と -> と→る -> る→ふ -> ふ→る -> る→あ -> あ→る -> る→い -> い→る -> る→い -> い→る -> る→い -> い→る -> る→い -> い→る -> る→い -> い→る -> る→き
greedy vs beam_negamax,greedy,beam_negamax,D20000_seed0_greedy_vs_beam_negamax_0,20000,0,second,ended_with_n,82,second,beam_negamax,き,539,7,63,12,11,,,き,る,る,0.605197,False,13098.073846153846,1,1,True,0,24,24,24,0,0,35,0,0,"{""0"": 24}",24,あ→ぬ -> ぬ→る -> る→る -> る→る -> る→る -> る→ぽ -> ぽ→ず -> ず→ず -> ず→む -> む→ず -> ず→ら -> ら→る -> る→ぷ -> ぷ→ず -> ず→れ -> れ→る -> る→び -> び→ず -> ず→が -> が→ず -> ず→つ -> つ→る -> る→む -> む→る -> る→げ -> げ→る -> る→ゆ -> ゆ→ず -> ず→つ -> つ→る -> る→ゆ -> ゆ→る -> る→つ -> つ→む -> む→ぐ -> ぐ→る -> る→な -> な→る -> る→う -> う→ず -> ず→よ -> よ→る -> る→う -> う→る -> る→う -> う→る -> る→く -> く→る -> る→り -> り→る -> る→す -> す→る -> る→す -> す→る -> る→す -> す→る -> る→す -> す→る -> る→す -> す→る -> る→す -> す→る -> る→と -> と→る -> る→と -> と→る -> る→ふ -> ふ→る -> る→あ -> あ→る -> る→い -> い→る -> る→い -> い→る -> る→い -> い→る -> る→い -> い→る -> る→い -> い→る -> る→き -> き→る
greedy vs beam_negamax,greedy,beam_negamax,D20000_seed0_greedy_vs_beam_negamax_0,20000,0,second,ended_with_n,83,first,greedy,る,4302,63,18,1,0,,,る,じ,じ,0.000882,False,-13098.073846153846,,,,,,,,,,,,,,2,あ→ぬ -> ぬ→る -> る→る -> る→る -> る→る -> る→ぽ -> ぽ→ず -> ず→ず -> ず→む -> む→ず -> ず→ら -> ら→る -> る→ぷ -> ぷ→ず -> ず→れ -> れ→る -> る→び -> び→ず -> ず→が -> が→ず -> ず→つ -> つ→る -> る→む -> む→る -> る→げ -> げ→る -> る→ゆ -> ゆ→ず -> ず→つ -> つ→る -> る→ゆ -> ゆ→る -> る→つ -> つ→む -> む→ぐ -> ぐ→る -> る→な -> な→る -> る→う -> う→ず -> ず→よ -> よ→る -> る→う -> う→る -> る→う -> う→る -> る→く -> く→る -> る→り -> り→る -> る→す -> す→る -> る→す -> す→る -> る→す -> す→る -> る→す -> す→る -> る→す -> す→る -> る→す -> す→る -> る→と -> と→る -> る→と -> と→る -> る→ふ -> ふ→る -> る→あ -> あ→る -> る→い -> い→る -> る→い -> い→る -> る→い -> い→る -> る→い -> い→る -> る→い -> い→る -> る→き -> き→る -> る→じ
greedy vs beam_negamax,greedy,beam_negamax,D20000_seed0_greedy_vs_beam_negamax_0,20000,0,second,ended_with_n,84,second,beam_negamax,じ,1287,18,63,7,6,,,じ,る,る,0.631422,False,999999.0,1,1,True,0,24,24,24,0,0,31,0,0,"{""0"": 24}",24,あ→ぬ -> ぬ→る -> る→る -> る→る -> る→る -> る→ぽ -> ぽ→ず -> ず→ず -> ず→む -> む→ず -> ず→ら -> ら→る -> る→ぷ -> ぷ→ず -> ず→れ -> れ→る -> る→び -> び→ず -> ず→が -> が→ず -> ず→つ -> つ→る -> る→む -> む→る -> る→げ -> げ→る -> る→ゆ -> ゆ→ず -> ず→つ -> つ→る -> る→ゆ -> ゆ→る -> る→つ -> つ→む -> む→ぐ -> ぐ→る -> る→な -> な→る -> る→う -> う→ず -> ず→よ -> よ→る -> る→う -> う→る -> る→う -> う→る -> る→く -> く→る -> る→り -> り→る -> る→す -> す→る -> る→す -> す→る -> る→す -> す→る -> る→す -> す→る -> る→す -> す→る -> る→す -> す→る -> る→と -> と→る -> る→と -> と→る -> る→ふ -> ふ→る -> る→あ -> あ→る -> る→い -> い→る -> る→い -> い→る -> る→い -> い→る -> る→い -> い→る -> る→い -> い→る -> る→き -> き→る -> る→じ -> じ→る
greedy vs beam_negamax,greedy,beam_negamax,D20000_seed0_greedy_vs_beam_negamax_0,20000,0,second,ended_with_n,85,first,greedy,る,4351,63,67,7,6,,,る,ん,,5e-06,False,-1000000.0,,,,,,,,,,,,,,1,あ→ぬ -> ぬ→る -> る→る -> る→る -> る→る -> る→ぽ -> ぽ→ず -> ず→ず -> ず→む -> む→ず -> ず→ら -> ら→る -> る→ぷ -> ぷ→ず -> ず→れ -> れ→る -> る→び -> び→ず -> ず→が -> が→ず -> ず→つ -> つ→る -> る→む -> む→る -> る→げ -> げ→る -> る→ゆ -> ゆ→ず -> ず→つ -> つ→る -> る→ゆ -> ゆ→る -> る→つ -> つ→む -> む→ぐ -> ぐ→る -> る→な -> な→る -> る→う -> う→ず -> ず→よ -> よ→る -> る→う -> う→る -> る→う -> う→る -> る→く -> く→る -> る→り -> り→る -> る→す -> す→る -> る→す -> す→る -> る→す -> す→る -> る→す -> す→る -> る→す -> す→る -> る→す -> す→る -> る→と -> と→る -> る→と -> と→る -> る→ふ -> ふ→る -> る→あ -> あ→る -> る→い -> い→る -> る→い -> い→る -> る→い -> い→る -> る→い -> い→る -> る→い -> い→る -> る→き -> き→る -> る→じ -> じ→る -> る→ん
greedy vs aggressive_pvs,greedy,aggressive_pvs,D20000_seed0_greedy_vs_aggressive_pvs_0,20000,0,second,ended_with_n,1,first,greedy,ANY,35,0,35,1,0,,,あ,ぬ,ぬ,1.00015,True,-508.2713636363636,,,,,,,,,,,,,,619,あ→ぬ
greedy vs aggressive_pvs,greedy,aggressive_pvs,D20000_seed0_greedy_vs_aggressive_pvs_0,20000,0,second,ended_with_n,2,second,aggressive_pvs,ぬ,2443,35,63,4,3,,,ぬ,る,る,1.000022,True,-834.8322058823529,5,4,True,0,35,30,0,0,0,0,24,5,{},0,あ→ぬ -> ぬ→る
greedy vs aggressive_pvs,greedy,aggressive_pvs,D20000_seed0_greedy_vs_aggressive_pvs_0,20000,0,second,ended_with_n,3,first,greedy,る,4347,63,63,3,2,,,る,る,る,0.014064,False,-814.4372727272727,,,,,,,,,,,,,,20,あ→ぬ -> ぬ→る -> る→る
greedy vs aggressive_pvs,greedy,aggressive_pvs,D20000_seed0_greedy_vs_aggressive_pvs_0,20000,0,second,ended_with_n,4,second,aggressive_pvs,る,4347,63,63,2,1,,,る,る,る,1.000016,True,-796.084375,4,3,True,0,36,32,0,0,0,0,30,1,{},0,あ→ぬ -> ぬ→る -> る→る -> る→る
greedy vs aggressive_pvs,greedy,aggressive_pvs,D20000_seed0_greedy_vs_aggressive_pvs_0,20000,0,second,ended_with_n,5,first,greedy,る,4347,63,63,1,0,,,る,る,る,0.014327,False,-751.1374193548387,,,,,,,,,,,,,,20,あ→ぬ -> ぬ→る -> る→る -> る→る -> る→る
greedy vs aggressive_pvs,greedy,aggressive_pvs,D20000_seed0_greedy_vs_aggressive_pvs_0,20000,0,second,ended_with_n,6,second,aggressive_pvs,る,4336,63,52,1,0,,,る,ぽ,ぽ,1.000012,True,-1106.0972340425533,3,2,True,0,31,28,0,0,0,0,27,0,{},0,あ→ぬ -> ぬ→る -> る→る -> る→る -> る→る -> る→ぽ
greedy vs aggressive_pvs,greedy,aggressive_pvs,D20000_seed0_greedy_vs_aggressive_pvs_0,20000,0,second,ended_with_n,7,first,greedy,ぽ,3556,52,20,2,1,,,ぽ,ず,ず,0.014065,False,-621.1830434782609,,,,,,,,,,,,,,21,あ→ぬ -> ぬ→る -> る→る -> る→る -> る→る -> る→ぽ -> ぽ→ず
greedy vs aggressive_pvs,greedy,aggressive_pvs,D20000_seed0_greedy_vs_aggressive_pvs_0,20000,0,second,ended_with_n,8,second,aggressive_pvs,ず,1380,20,20,1,0,,,ず,ず,ず,1.000009,True,-684.2860000000001,2,1,True,398,39,28,10,9,398,0,26,2,{},10,あ→ぬ -> ぬ→る -> る→る -> る→る -> る→る -> る→ぽ -> ぽ→ず -> ず→ず
greedy vs aggressive_pvs,greedy,aggressive_pvs,D20000_seed0_greedy_vs_aggressive_pvs_0,20000,0,second,ended_with_n,9,first,greedy,ず,1415,20,55,1,0,,,ず,む,む,0.009565,False,-3121.8080078125,,,,,,,,,,,,,,13,あ→ぬ -> ぬ→る -> る→る -> る→る -> る→る -> る→ぽ -> ぽ→ず -> ず→ず -> ず→む
greedy vs aggressive_pvs,greedy,aggressive_pvs,D20000_seed0_greedy_vs_aggressive_pvs_0,20000,0,second,ended_with_n,10,second,aggressive_pvs,む,3760,55,20,1,0,,,む,ず,ず,1.000006,True,3149.6325735294117,1,1,True,0,32,32,31,0,0,0,31,0,{},31,あ→ぬ -> ぬ→る -> る→る -> る→る -> る→る -> る→ぽ -> ぽ→ず -> ず→ず -> ず→む -> む→ず
greedy vs aggressive_pvs,greedy,aggressive_pvs,D20000_seed0_greedy_vs_aggressive_pvs_0,20000,0,second,ended_with_n,11,first,greedy,ず,1421,20,61,1,0,,,ず,ら,ら,0.008919,False,-3149.6325735294117,,,,,,,,,,,,,,12,あ→ぬ -> ぬ→る -> る→る -> る→る -> る→る -> る→ぽ -> ぽ→ず -> ず→ず -> ず→む -> む→ず -> ず→ら
greedy vs aggressive_pvs,greedy,aggressive_pvs,D20000_seed0_greedy_vs_aggressive_pvs_0,20000,0,second,ended_with_n,12,second,aggressive_pvs,ら,4211,61,63,7,6,,,ら,る,る,1.000009,True,1939.9216463414634,1,1,True,0,29,29,28,0,0,0,28,0,{},28,あ→ぬ -> ぬ→る -> る→る -> る→る -> る→る -> る→ぽ -> ぽ→ず -> ず→ず -> ず→む -> む→ず -> ず→ら -> ら→る
greedy vs aggressive_pvs,greedy,aggressive_pvs,D20000_seed0_greedy_vs_aggressive_pvs_0,20000,0,second,ended_with_n,13,first,greedy,る,4330,63,46,1,0,,,る,ぷ,ぷ,0.013223,False,-1939.9216463414634,,,,,,,,,,,,,,18,あ→ぬ -> ぬ→る -> る→る -> る→る -> る→る -> る→ぽ -> ぽ→ず -> ず→ず -> ず→む -> む→ず -> ず→ら -> ら→る -> る→ぷ
greedy vs aggressive_pvs,greedy,aggressive_pvs,D20000_seed0_greedy_vs_aggressive_pvs_0,20000,0,second,ended_with_n,14,second,aggressive_pvs,ぷ,3148,46,20,1,0,,,ぷ,ず,ず,0.920607,False,3446.776,1,1,True,0,27,27,28,0,0,0,26,0,{},28,あ→ぬ -> ぬ→る -> る→る -> る→る -> る→る -> る→ぽ -> ぽ→ず -> ず→ず -> ず→む -> む→ず -> ず→ら -> ら→る -> る→ぷ -> ぷ→ず
greedy vs aggressive_pvs,greedy,aggressive_pvs,D20000_seed0_greedy_vs_aggressive_pvs_0,20000,0,second,ended_with_n,15,first,greedy,ず,1424,20,64,1,0,,,ず,れ,れ,0.008385,False,-3446.776,,,,,,,,,,,,,,11,あ→ぬ -> ぬ→る -> る→る -> る→る -> る→る -> る→ぽ -> ぽ→ず -> ず→ず -> ず→む -> む→ず -> ず→ら -> ら→る -> る→ぷ -> ぷ→ず -> ず→れ
greedy vs aggressive_pvs,greedy,aggressive_pvs,D20000_seed0_greedy_vs_aggressive_pvs_0,20000,0,second,ended_with_n,16,second,aggressive_pvs,れ,4372,64,20,2,1,,,れ,ず,ず,1.00001,True,3990.0054375,1,1,True,0,31,31,30,0,0,0,30,0,{},30,あ→ぬ -> ぬ→る -> る→る -> る→る -> る→る -> る→ぽ -> ぽ→ず -> ず→ず -> ず→む -> む→ず -> ず→ら -> ら→る -> る→ぷ -> ぷ→ず -> ず→れ -> れ→ず
greedy vs aggressive_pvs,greedy,aggressive_pvs,D20000_seed0_greedy_vs_aggressive_pvs_0,20000,0,second,ended_with_n,17,first,greedy,ず,1366,20,6,1,0,,,ず,が,が,0.007934,False,-3990.0054375,,,,,,,,,,,,,,10,あ→ぬ -> ぬ→る -> る→る -> る→る -> る→る -> る→ぽ -> ぽ→ず -> ず→ず -> ず→む -> む→ず -> ず→ら -> ら→る -> る→ぷ -> ぷ→ず -> ず→れ -> れ→ず -> ず→が
greedy vs aggressive_pvs,greedy,aggressive_pvs,D20000_seed0_greedy_vs_aggressive_pvs_0,20000,0,second,ended_with_n,18,second,aggressive_pvs,が,428,6,20,1,0,,,が,ず,ず,1.000009,True,4264.924216216216,1,1,True,0,31,31,30,0,0,0,30,0,{},30,あ→ぬ -> ぬ→る -> る→る -> る→る -> る→る -> る→ぽ -> ぽ→ず -> ず→ず -> ず→む -> む→ず -> ず→ら -> ら→る -> る→ぷ -> ぷ→ず -> ず→れ -> れ→ず -> ず→が -> が→ず
greedy vs aggressive_pvs,greedy,aggressive_pvs,D20000_seed0_greedy_vs_aggressive_pvs_0,20000,0,second,ended_with_n,19,first,greedy,ず,1388,20,28,2,1,,,ず,つ,つ,0.00705,False,-4264.924216216216,,,,,,,,,,,,,,9,あ→ぬ -> ぬ→る -> る→る -> る→る -> る→る -> る→ぽ -> ぽ→ず -> ず→ず -> ず→む -> む→ず -> ず→ら -> ら→る -> る→ぷ -> ぷ→ず -> ず→れ -> れ→ず -> ず→が -> が→ず -> ず→つ
greedy vs aggressive_pvs,greedy,aggressive_pvs,D20000_seed0_greedy_vs_aggressive_pvs_0,20000,0,second,ended_with_n,20,second,aggressive_pvs,つ,1967,28,63,2,1,,,つ,る,る,1.00001,True,2495.824090909091,1,1,True,0,32,32,31,0,0,0,31,0,{},31,あ→ぬ -> ぬ→る -> る→る -> る→る -> る→る -> る→ぽ -> ぽ→ず -> ず→ず -> ず→む -> む→ず -> ず→ら -> ら→る -> る→ぷ -> ぷ→ず -> ず→れ -> れ→ず -> ず→が -> が→ず -> ず→つ -> つ→る
greedy vs aggressive_pvs,greedy,aggressive_pvs,D20000_seed0_greedy_vs_aggressive_pvs_0,20000,0,second,ended_with_n,21,first,greedy,る,4326,63,42,1,0,,,る,び,び,0.012789,False,-2495.824090909091,,,,,,,,,,,,,,17,あ→ぬ -> ぬ→る -> る→る -> る→る -> る→る -> る→ぽ -> ぽ→ず -> ず→ず -> ず→む -> む→ず -> ず→ら -> ら→る -> る→ぷ -> ぷ→ず -> ず→れ -> れ→ず -> ず→が -> が→ず -> ず→つ -> つ→る -> る→び
greedy vs aggressive_pvs,greedy,aggressive_pvs,D20000_seed0_greedy_vs_aggressive_pvs_0,20000,0,second,ended_with_n,22,second,aggressive_pvs,び,2876,42,20,2,1,,,び,ず,ず,1.00001,True,4247.4296467391305,1,1,True,0,30,30,29,0,0,0,29,0,{},29,あ→ぬ -> ぬ→る -> る→る -> る→る -> る→る -> る→ぽ -> ぽ→ず -> ず→ず -> ず→む -> む→ず -> ず→ら -> ら→る -> る→ぷ -> ぷ→ず -> ず→れ -> れ→ず -> ず→が -> が→ず -> ず→つ -> つ→る -> る→び -> び→ず
greedy vs aggressive_pvs,greedy,aggressive_pvs,D20000_seed0_greedy_vs_aggressive_pvs_0,20000,0,second,ended_with_n,23,first,greedy,ず,1388,20,28,1,0,,,ず,つ,つ,0.007091,False,-4247.4296467391305,,,,,,,,,,,,,,9,あ→ぬ -> ぬ→る -> る→る -> る→る -> る→る -> る→ぽ -> ぽ→ず -> ず→ず -> ず→む -> む→ず -> ず→ら -> ら→る -> る→ぷ -> ぷ→ず -> ず→れ -> れ→ず -> ず→が -> が→ず -> ず→つ -> つ→る -> る→び -> び→ず -> ず→つ
greedy vs aggressive_pvs,greedy,aggressive_pvs,D20000_seed0_greedy_vs_aggressive_pvs_0,20000,0,second,ended_with_n,24,second,aggressive_pvs,つ,1967,28,63,1,0,,,つ,る,る,1.00001,True,3081.5994881889765,1,1,True,0,32,32,31,0,0,0,31,0,{},31,あ→ぬ -> ぬ→る -> る→る -> る→る -> る→る -> る→ぽ -> ぽ→ず -> ず→ず -> ず→む -> む→ず -> ず→ら -> ら→る -> る→ぷ -> ぷ→ず -> ず→れ -> れ→ず -> ず→が -> が→ず -> ず→つ -> つ→る -> る→び -> び→ず -> ず→つ -> つ→る
greedy vs aggressive_pvs,greedy,aggressive_pvs,D20000_seed0_greedy_vs_aggressive_pvs_0,20000,0,second,ended_with_n,25,first,greedy,る,4339,63,55,1,0,,,る,む,む,0.012239,False,-3081.5994881889765,,,,,,,,,,,,,,16,あ→ぬ -> ぬ→る -> る→る -> る→る -> る→る -> る→ぽ -> ぽ→ず -> ず→ず -> ず→む -> む→ず -> ず→ら -> ら→る -> る→ぷ -> ぷ→ず -> ず→れ -> れ→ず -> ず→が -> が→ず -> ず→つ -> つ→る -> る→び -> び→ず -> ず→つ -> つ→る -> る→む
greedy vs aggressive_pvs,greedy,aggressive_pvs,D20000_seed0_greedy_vs_aggressive_pvs_0,20000,0,second,ended_with_n,26,second,aggressive_pvs,む,3803,55,63,1,0,,,む,る,る,1.00001,True,3788.1771656050955,1,1,True,0,31,31,30,0,0,0,30,0,{},30,あ→ぬ -> ぬ→る -> る→る -> る→る -> る→る -> る→ぽ -> ぽ→ず -> ず→ず -> ず→む -> む→ず -> ず→ら -> ら→る -> る→ぷ -> ぷ→ず -> ず→れ -> れ→ず -> ず→が -> が→ず -> ず→つ -> つ→る -> る→び -> び→ず -> ず→つ -> つ→る -> る→む -> む→る
greedy vs aggressive_pvs,greedy,aggressive_pvs,D20000_seed0_greedy_vs_aggressive_pvs_0,20000,0,second,ended_with_n,27,first,greedy,る,4296,63,12,1,0,,,る,げ,げ,0.011649,False,-3788.1771656050955,,,,,,,,,,,,,,15,あ→ぬ -> ぬ→る -> る→る -> る→る -> る→る -> る→ぽ -> ぽ→ず -> ず→ず -> ず→む -> む→ず -> ず→ら -> ら→る -> る→ぷ -> ぷ→ず -> ず→れ -> れ→ず -> ず→が -> が→ず -> ず→つ -> つ→る -> る→び -> び→ず -> ず→つ -> つ→る -> る→む -> む→る -> る→げ
greedy vs aggressive_pvs,greedy,aggressive_pvs,D20000_seed0_greedy_vs_aggressive_pvs_0,20000,0,second,ended_with_n,28,second,aggressive_pvs,げ,879,12,63,2,1,,,げ,る,る,1.000008,True,3989.6204941860465,1,1,True,0,31,31,30,0,0,0,30,0,{},30,あ→ぬ -> ぬ→る -> る→る -> る→る -> る→る -> る→ぽ -> ぽ→ず -> ず→ず -> ず→む -> む→ず -> ず→ら -> ら→る -> る→ぷ -> ぷ→ず -> ず→れ -> れ→ず -> ず→が -> が→ず -> ず→つ -> つ→る -> る→び -> び→ず -> ず→つ -> つ→る -> る→む -> む→る -> る→げ -> げ→る
greedy vs aggressive_pvs,greedy,aggressive_pvs,D20000_seed0_greedy_vs_aggressive_pvs_0,20000,0,second,ended_with_n,29,first,greedy,る,4343,63,59,2,1,,,る,ゆ,ゆ,0.011069,False,-3989.6204941860465,,,,,,,,,,,,,,14,あ→ぬ -> ぬ→る -> る→る -> る→る -> る→る -> る→ぽ -> ぽ→ず -> ず→ず -> ず→む -> む→ず -> ず→ら -> ら→る -> る→ぷ -> ぷ→ず -> ず→れ -> れ→ず -> ず→が -> が→ず -> ず→つ -> つ→る -> る→び -> び→ず -> ず→つ -> つ→る -> る→む -> む→る -> る→げ -> げ→る -> る→ゆ
greedy vs aggressive_pvs,greedy,aggressive_pvs,D20000_seed0_greedy_vs_aggressive_pvs_0,20000,0,second,ended_with_n,30,second,aggressive_pvs,ゆ,4032,59,20,1,0,,,ゆ,ず,ず,1.000008,True,5324.506188340807,1,1,True,0,32,32,31,0,0,0,31,0,{},31,あ→ぬ -> ぬ→る -> る→る -> る→る -> る→る -> る→ぽ -> ぽ→ず -> ず→ず -> ず→む -> む→ず -> ず→ら -> ら→る -> る→ぷ -> ぷ→ず -> ず→れ -> れ→ず -> ず→が -> が→ず -> ず→つ -> つ→る -> る→び -> び→ず -> ず→つ -> つ→る -> る→む -> む→る -> る→げ -> げ→る -> る→ゆ -> ゆ→ず
greedy vs aggressive_pvs,greedy,aggressive_pvs,D20000_seed0_greedy_vs_aggressive_pvs_0,20000,0,second,ended_with_n,31,first,greedy,ず,1420,20,60,2,1,,,ず,よ,よ,0.006343,False,-5324.506188340807,,,,,,,,,,,,,,8,あ→ぬ -> ぬ→る -> る→る -> る→る -> る→る -> る→ぽ -> ぽ→ず -> ず→ず -> ず→む -> む→ず -> ず→ら -> ら→る -> る→ぷ -> ぷ→ず -> ず→れ -> れ→ず -> ず→が -> が→ず -> ず→つ -> つ→る -> る→び -> び→ず -> ず→つ -> つ→る -> る→む -> む→る -> る→げ -> げ→る -> る→ゆ -> ゆ→ず -> ず→よ
greedy vs aggressive_pvs,greedy,aggressive_pvs,D20000_seed0_greedy_vs_aggressive_pvs_0,20000,0,second,ended_with_n,32,second,aggressive_pvs,よ,4100,60,20,2,1,,,よ,ず,ず,1.000005,True,5307.000135135135,1,1,True,0,34,34,33,0,0,0,33,0,{},33,あ→ぬ -> ぬ→る -> る→る -> る→る -> る→る -> る→ぽ -> ぽ→ず -> ず→ず -> ず→む -> む→ず -> ず→ら -> ら→る -> る→ぷ -> ぷ→ず -> ず→れ -> れ→ず -> ず→が -> が→ず -> ず→つ -> つ→る -> る→び -> び→ず -> ず→つ -> つ→る -> る→む -> む→る -> る→げ -> げ→る -> る→ゆ -> ゆ→ず -> ず→よ -> よ→ず
greedy vs aggressive_pvs,greedy,aggressive_pvs,D20000_seed0_greedy_vs_aggressive_pvs_0,20000,0,second,ended_with_n,33,first,greedy,ず,1420,20,60,1,0,,,ず,よ,よ,0.006283,False,-5307.000135135135,,,,,,,,,,,,,,8,あ→ぬ -> ぬ→る -> る→る -> る→る -> る→る -> る→ぽ -> ぽ→ず -> ず→ず -> ず→む -> む→ず -> ず→ら -> ら→る -> る→ぷ -> ぷ→ず -> ず→れ -> れ→ず -> ず→が -> が→ず -> ず→つ -> つ→る -> る→び -> び→ず -> ず→つ -> つ→る -> る→む -> む→る -> る→げ -> げ→る -> る→ゆ -> ゆ→ず -> ず→よ -> よ→ず -> ず→よ
greedy vs aggressive_pvs,greedy,aggressive_pvs,D20000_seed0_greedy_vs_aggressive_pvs_0,20000,0,second,ended_with_n,34,second,aggressive_pvs,よ,4100,60,20,1,0,,,よ,ず,ず,1.000008,True,5970.302727272728,1,1,True,0,34,34,33,0,0,0,33,0,{},33,あ→ぬ -> ぬ→る -> る→る -> る→る -> る→る -> る→ぽ -> ぽ→ず -> ず→ず -> ず→む -> む→ず -> ず→ら -> ら→る -> る→ぷ -> ぷ→ず -> ず→れ -> れ→ず -> ず→が -> が→ず -> ず→つ -> つ→る -> る→び -> び→ず -> ず→つ -> つ→る -> る→む -> む→る -> る→げ -> げ→る -> る→ゆ -> ゆ→ず -> ず→よ -> よ→ず -> ず→よ -> よ→ず
greedy vs aggressive_pvs,greedy,aggressive_pvs,D20000_seed0_greedy_vs_aggressive_pvs_0,20000,0,second,ended_with_n,35,first,greedy,ず,1362,20,2,6,5,,,ず,う,う,0.005411,False,-5970.302727272728,,,,,,,,,,,,,,7,あ→ぬ -> ぬ→る -> る→る -> る→る -> る→る -> る→ぽ -> ぽ→ず -> ず→ず -> ず→む -> む→ず -> ず→ら -> ら→る -> る→ぷ -> ぷ→ず -> ず→れ -> れ→ず -> ず→が -> が→ず -> ず→つ -> つ→る -> る→び -> び→ず -> ず→つ -> つ→る -> る→む -> む→る -> る→げ -> げ→る -> る→ゆ -> ゆ→ず -> ず→よ -> よ→ず -> ず→よ -> よ→ず -> ず→う
greedy vs aggressive_pvs,greedy,aggressive_pvs,D20000_seed0_greedy_vs_aggressive_pvs_0,20000,0,second,ended_with_n,36,second,aggressive_pvs,う,156,2,20,2,1,,,う,ず,ず,1.000009,True,5950.735513307985,1,1,True,0,34,34,33,0,0,0,33,0,{},33,あ→ぬ -> ぬ→る -> る→る -> る→る -> る→る -> る→ぽ -> ぽ→ず -> ず→ず -> ず→む -> む→ず -> ず→ら -> ら→る -> る→ぷ -> ぷ→ず -> ず→れ -> れ→ず -> ず→が -> が→ず -> ず→つ -> つ→る -> る→び -> び→ず -> ず→つ -> つ→る -> る→む -> む→る -> る→げ -> げ→る -> る→ゆ -> ゆ→ず -> ず→よ -> よ→ず -> ず→よ -> よ→ず -> ず→う -> う→ず
greedy vs aggressive_pvs,greedy,aggressive_pvs,D20000_seed0_greedy_vs_aggressive_pvs_0,20000,0,second,ended_with_n,37,first,greedy,ず,1362,20,2,5,4,,,ず,う,う,0.005405,False,-5950.735513307985,,,,,,,,,,,,,,7,あ→ぬ -> ぬ→る -> る→る -> る→る -> る→る -> る→ぽ -> ぽ→ず -> ず→ず -> ず→む -> む→ず -> ず→ら -> ら→る -> る→ぷ -> ぷ→ず -> ず→れ -> れ→ず -> ず→が -> が→ず -> ず→つ -> つ→る -> る→び -> び→ず -> ず→つ -> つ→る -> る→む -> む→る -> る→げ -> げ→る -> る→ゆ -> ゆ→ず -> ず→よ -> よ→ず -> ず→よ -> よ→ず -> ず→う -> う→ず -> ず→う
greedy vs aggressive_pvs,greedy,aggressive_pvs,D20000_seed0_greedy_vs_aggressive_pvs_0,20000,0,second,ended_with_n,38,second,aggressive_pvs,う,156,2,20,1,0,,,う,ず,ず,1.000008,True,5898.081965648855,1,1,True,0,34,34,33,0,0,0,33,0,{},33,あ→ぬ -> ぬ→る -> る→る -> る→る -> る→る -> る→ぽ -> ぽ→ず -> ず→ず -> ず→む -> む→ず -> ず→ら -> ら→る -> る→ぷ -> ぷ→ず -> ず→れ -> れ→ず -> ず→が -> が→ず -> ず→つ -> つ→る -> る→び -> び→ず -> ず→つ -> つ→る -> る→む -> む→る -> る→げ -> げ→る -> る→ゆ -> ゆ→ず -> ず→よ -> よ→ず -> ず→よ -> よ→ず -> ず→う -> う→ず -> ず→う -> う→ず
greedy vs aggressive_pvs,greedy,aggressive_pvs,D20000_seed0_greedy_vs_aggressive_pvs_0,20000,0,second,ended_with_n,39,first,greedy,ず,1362,20,2,4,3,,,ず,う,う,0.005418,False,-5898.081965648855,,,,,,,,,,,,,,7,あ→ぬ -> ぬ→る -> る→る -> る→る -> る→る -> る→ぽ -> ぽ→ず -> ず→ず -> ず→む -> む→ず -> ず→ら -> ら→る -> る→ぷ -> ぷ→ず -> ず→れ -> れ→ず -> ず→が -> が→ず -> ず→つ -> つ→る -> る→び -> び→ず -> ず→つ -> つ→る -> る→む -> む→る -> る→げ -> げ→る -> る→ゆ -> ゆ→ず -> ず→よ -> よ→ず -> ず→よ -> よ→ず -> ず→う -> う→ず -> ず→う -> う→ず -> ず→う
greedy vs aggressive_pvs,greedy,aggressive_pvs,D20000_seed0_greedy_vs_aggressive_pvs_0,20000,0,second,ended_with_n,40,second,aggressive_pvs,う,199,2,63,3,2,,,う,る,る,1.000006,True,3944.1915789473683,1,1,True,0,34,34,32,0,0,0,32,1,{},32,あ→ぬ -> ぬ→る -> る→る -> る→る -> る→る -> る→ぽ -> ぽ→ず -> ず→ず -> ず→む -> む→ず -> ず→ら -> ら→る -> る→ぷ -> ぷ→ず -> ず→れ -> れ→ず -> ず→が -> が→ず -> ず→つ -> つ→る -> る→び -> び→ず -> ず→つ -> つ→る -> る→む -> む→る -> る→げ -> げ→る -> る→ゆ -> ゆ→ず -> ず→よ -> よ→ず -> ず→よ -> よ→ず -> ず→う -> う→ず -> ず→う -> う→ず -> ず→う -> う→る
greedy vs aggressive_pvs,greedy,aggressive_pvs,D20000_seed0_greedy_vs_aggressive_pvs_0,20000,0,second,ended_with_n,41,first,greedy,る,4343,63,59,1,0,,,る,ゆ,ゆ,0.010975,False,-3944.1915789473683,,,,,,,,,,,,,,14,あ→ぬ -> ぬ→る -> る→る -> る→る -> る→る -> る→ぽ -> ぽ→ず -> ず→ず -> ず→む -> む→ず -> ず→ら -> ら→る -> る→ぷ -> ぷ→ず -> ず→れ -> れ→ず -> ず→が -> が→ず -> ず→つ -> つ→る -> る→び -> び→ず -> ず→つ -> つ→る -> る→む -> む→る -> る→げ -> げ→る -> る→ゆ -> ゆ→ず -> ず→よ -> よ→ず -> ず→よ -> よ→ず -> ず→う -> う→ず -> ず→う -> う→ず -> ず→う -> う→る -> る→ゆ
greedy vs aggressive_pvs,greedy,aggressive_pvs,D20000_seed0_greedy_vs_aggressive_pvs_0,20000,0,second,ended_with_n,42,second,aggressive_pvs,ゆ,4075,59,63,3,2,,,ゆ,る,る,1.000009,True,4148.006229508197,1,1,True,0,31,31,30,0,0,0,30,0,{},30,あ→ぬ -> ぬ→る -> る→る -> る→る -> る→る -> る→ぽ -> ぽ→ず -> ず→ず -> ず→む -> む→ず -> ず→ら -> ら→る -> る→ぷ -> ぷ→ず -> ず→れ -> れ→ず -> ず→が -> が→ず -> ず→つ -> つ→る -> る→び -> び→ず -> ず→つ -> つ→る -> る→む -> む→る -> る→げ -> げ→る -> る→ゆ -> ゆ→ず -> ず→よ -> よ→ず -> ず→よ -> よ→ず -> ず→う -> う→ず -> ず→う -> う→ず -> ず→う -> う→る -> る→ゆ -> ゆ→る
greedy vs aggressive_pvs,greedy,aggressive_pvs,D20000_seed0_greedy_vs_aggressive_pvs_0,20000,0,second,ended_with_n,43,first,greedy,る,4312,63,28,1,0,,,る,つ,つ,0.01033,False,-4148.006229508197,,,,,,,,,,,,,,13,あ→ぬ -> ぬ→る -> る→る -> る→る -> る→る -> る→ぽ -> ぽ→ず -> ず→ず -> ず→む -> む→ず -> ず→ら -> ら→る -> る→ぷ -> ぷ→ず -> ず→れ -> れ→ず -> ず→が -> が→ず -> ず→つ -> つ→る -> る→び -> び→ず -> ず→つ -> つ→る -> る→む -> む→る -> る→げ -> げ→る -> る→ゆ -> ゆ→ず -> ず→よ -> よ→ず -> ず→よ -> よ→ず -> ず→う -> う→ず -> ず→う -> う→ず -> ず→う -> う→る -> る→ゆ -> ゆ→る -> る→つ
greedy vs aggressive_pvs,greedy,aggressive_pvs,D20000_seed0_greedy_vs_aggressive_pvs_0,20000,0,second,ended_with_n,44,second,aggressive_pvs,つ,1959,28,55,1,0,,,つ,む,む,1.000006,True,2250.7609677419355,1,1,True,0,33,33,30,0,0,0,30,2,{},30,あ→ぬ -> ぬ→る -> る→る -> る→る -> る→る -> る→ぽ -> ぽ→ず -> ず→ず -> ず→む -> む→ず -> ず→ら -> ら→る -> る→ぷ -> ぷ→ず -> ず→れ -> れ→ず -> ず→が -> が→ず -> ず→つ -> つ→る -> る→び -> び→ず -> ず→つ -> つ→る -> る→む -> む→る -> る→げ -> げ→る -> る→ゆ -> ゆ→ず -> ず→よ -> よ→ず -> ず→よ -> よ→ず -> ず→う -> う→ず -> ず→う -> う→ず -> ず→う -> う→る -> る→ゆ -> ゆ→る -> る→つ -> つ→む
greedy vs aggressive_pvs,greedy,aggressive_pvs,D20000_seed0_greedy_vs_aggressive_pvs_0,20000,0,second,ended_with_n,45,first,greedy,む,3750,55,10,1,0,,,む,ぐ,ぐ,0.028493,False,-2250.7609677419355,,,,,,,,,,,,,,38,あ→ぬ -> ぬ→る -> る→る -> る→る -> る→る -> る→ぽ -> ぽ→ず -> ず→ず -> ず→む -> む→ず -> ず→ら -> ら→る -> る→ぷ -> ぷ→ず -> ず→れ -> れ→ず -> ず→が -> が→ず -> ず→つ -> つ→る -> る→び -> び→ず -> ず→つ -> つ→る -> る→む -> む→る -> る→げ -> げ→る -> る→ゆ -> ゆ→ず -> ず→よ -> よ→ず -> ず→よ -> よ→ず -> ず→う -> う→ず -> ず→う -> う→ず -> ず→う -> う→る -> る→ゆ -> ゆ→る -> る→つ -> つ→む -> む→ぐ
greedy vs aggressive_pvs,greedy,aggressive_pvs,D20000_seed0_greedy_vs_aggressive_pvs_0,20000,0,second,ended_with_n,46,second,aggressive_pvs,ぐ,700,10,20,1,0,,,ぐ,ず,ず,1.000007,True,5883.347241379311,1,1,True,0,31,31,30,0,0,0,30,0,{},30,あ→ぬ -> ぬ→る -> る→る -> る→る -> る→る -> る→ぽ -> ぽ→ず -> ず→ず -> ず→む -> む→ず -> ず→ら -> ら→る -> る→ぷ -> ぷ→ず -> ず→れ -> れ→ず -> ず→が -> が→ず -> ず→つ -> つ→る -> る→び -> び→ず -> ず→つ -> つ→る -> る→む -> む→る -> る→げ -> げ→る -> る→ゆ -> ゆ→ず -> ず→よ -> よ→ず -> ず→よ -> よ→ず -> ず→う -> う→ず -> ず→う -> う→ず -> ず→う -> う→る -> る→ゆ -> ゆ→る -> る→つ -> つ→む -> む→ぐ -> ぐ→ず
greedy vs aggressive_pvs,greedy,aggressive_pvs,D20000_seed0_greedy_vs_aggressive_pvs_0,20000,0,second,ended_with_n,47,first,greedy,ず,1362,20,2,3,2,,,ず,う,う,0.005403,False,-5883.347241379311,,,,,,,,,,,,,,7,あ→ぬ -> ぬ→る -> る→る -> る→る -> る→る -> る→ぽ -> ぽ→ず -> ず→ず -> ず→む -> む→ず -> ず→ら -> ら→る -> る→ぷ -> ぷ→ず -> ず→れ -> れ→ず -> ず→が -> が→ず -> ず→つ -> つ→る -> る→び -> び→ず -> ず→つ -> つ→る -> る→む -> む→る -> る→げ -> げ→る -> る→ゆ -> ゆ→ず -> ず→よ -> よ→ず -> ず→よ -> よ→ず -> ず→う -> う→ず -> ず→う -> う→ず -> ず→う -> う→る -> る→ゆ -> ゆ→る -> る→つ -> つ→む -> む→ぐ -> ぐ→ず -> ず→う
greedy vs aggressive_pvs,greedy,aggressive_pvs,D20000_seed0_greedy_vs_aggressive_pvs_0,20000,0,second,ended_with_n,48,second,aggressive_pvs,う,199,2,63,2,1,,,う,る,る,1.000006,True,5740.36806,1,1,True,0,34,34,32,0,0,0,32,1,{},32,あ→ぬ -> ぬ→る -> る→る -> る→る -> る→る -> る→ぽ -> ぽ→ず -> ず→ず -> ず→む -> む→ず -> ず→ら -> ら→る -> る→ぷ -> ぷ→ず -> ず→れ -> れ→ず -> ず→が -> が→ず -> ず→つ -> つ→る -> る→び -> び→ず -> ず→つ -> つ→る -> る→む -> む→る -> る→げ -> げ→る -> る→ゆ -> ゆ→ず -> ず→よ -> よ→ず -> ず→よ -> よ→ず -> ず→う -> う→ず -> ず→う -> う→ず -> ず→う -> う→る -> る→ゆ -> ゆ→る -> る→つ -> つ→む -> む→ぐ -> ぐ→ず -> ず→う -> う→る
greedy vs aggressive_pvs,greedy,aggressive_pvs,D20000_seed0_greedy_vs_aggressive_pvs_0,20000,0,second,ended_with_n,49,first,greedy,る,4317,63,33,1,0,,,る,な,な,0.009418,False,-5740.36806,,,,,,,,,,,,,,12,あ→ぬ -> ぬ→る -> る→る -> る→る -> る→る -> る→ぽ -> ぽ→ず -> ず→ず -> ず→む -> む→ず -> ず→ら -> ら→る -> る→ぷ -> ぷ→ず -> ず→れ -> れ→ず -> ず→が -> が→ず -> ず→つ -> つ→る -> る→び -> び→ず -> ず→つ -> つ→る -> る→む -> む→る -> る→げ -> げ→る -> る→ゆ -> ゆ→ず -> ず→よ -> よ→ず -> ず→よ -> よ→ず -> ず→う -> う→ず -> ず→う -> う→ず -> ず→う -> う→る -> る→ゆ -> ゆ→る -> る→つ -> つ→む -> む→ぐ -> ぐ→ず -> ず→う -> う→る -> る→な
greedy vs aggressive_pvs,greedy,aggressive_pvs,D20000_seed0_greedy_vs_aggressive_pvs_0,20000,0,second,ended_with_n,50,second,aggressive_pvs,な,2307,33,63,5,4,,,な,る,る,1.000009,True,5866.488115384615,1,1,True,0,36,36,34,0,0,0,34,1,{},34,あ→ぬ -> ぬ→る -> る→る -> る→る -> る→る -> る→ぽ -> ぽ→ず -> ず→ず -> ず→む -> む→ず -> ず→ら -> ら→る -> る→ぷ -> ぷ→ず -> ず→れ -> れ→ず -> ず→が -> が→ず -> ず→つ -> つ→る -> る→び -> び→ず -> ず→つ -> つ→る -> る→む -> む→る -> る→げ -> げ→る -> る→ゆ -> ゆ→ず -> ず→よ -> よ→ず -> ず→よ -> よ→ず -> ず→う -> う→ず -> ず→う -> う→ず -> ず→う -> う→る -> る→ゆ -> ゆ→る -> る→つ -> つ→む -> む→ぐ -> ぐ→ず -> ず→う -> う→る -> る→な -> な→る
greedy vs aggressive_pvs,greedy,aggressive_pvs,D20000_seed0_greedy_vs_aggressive_pvs_0,20000,0,second,ended_with_n,51,first,greedy,る,4286,63,2,3,2,,,る,う,う,0.008634,False,-5866.488115384615,,,,,,,,,,,,,,11,あ→ぬ -> ぬ→る -> る→る -> る→る -> る→る -> る→ぽ -> ぽ→ず -> ず→ず -> ず→む -> む→ず -> ず→ら -> ら→る -> る→ぷ -> ぷ→ず -> ず→れ -> れ→ず -> ず→が -> が→ず -> ず→つ -> つ→る -> る→び -> び→ず -> ず→つ -> つ→る -> る→む -> む→る -> る→げ -> げ→る -> る→ゆ -> ゆ→ず -> ず→よ -> よ→ず -> ず→よ -> よ→ず -> ず→う -> う→ず -> ず→う -> う→ず -> ず→う -> う→る -> る→ゆ -> ゆ→る -> る→つ -> つ→む -> む→ぐ -> ぐ→ず -> ず→う -> う→る -> る→な -> な→る -> る→う
greedy vs aggressive_pvs,greedy,aggressive_pvs,D20000_seed0_greedy_vs_aggressive_pvs_0,20000,0,second,ended_with_n,52,second,aggressive_pvs,う,199,2,63,1,0,,,う,る,る,1.000006,True,5821.639054054054,1,1,True,0,34,34,33,0,0,0,33,0,{},33,あ→ぬ -> ぬ→る -> る→る -> る→る -> る→る -> る→ぽ -> ぽ→ず -> ず→ず -> ず→む -> む→ず -> ず→ら -> ら→る -> る→ぷ -> ぷ→ず -> ず→れ -> れ→ず -> ず→が -> が→ず -> ず→つ -> つ→る -> る→び -> び→ず -> ず→つ -> つ→る -> る→む -> む→る -> る→げ -> げ→る -> る→ゆ -> ゆ→ず -> ず→よ -> よ→ず -> ず→よ -> よ→ず -> ず→う -> う→ず -> ず→う -> う→ず -> ず→う -> う→る -> る→ゆ -> ゆ→る -> る→つ -> つ→む -> む→ぐ -> ぐ→ず -> ず→う -> う→る -> る→な -> な→る -> る→う -> う→る
greedy vs aggressive_pvs,greedy,aggressive_pvs,D20000_seed0_greedy_vs_aggressive_pvs_0,20000,0,second,ended_with_n,53,first,greedy,る,4286,63,2,2,1,,,る,う,う,0.008602,False,-5821.639054054054,,,,,,,,,,,,,,11,あ→ぬ -> ぬ→る -> る→る -> る→る -> る→る -> る→ぽ -> ぽ→ず -> ず→ず -> ず→む -> む→ず -> ず→ら -> ら→る -> る→ぷ -> ぷ→ず -> ず→れ -> れ→ず -> ず→が -> が→ず -> ず→つ -> つ→る -> る→び -> び→ず -> ず→つ -> つ→る -> る→む -> む→る -> る→げ -> げ→る -> る→ゆ -> ゆ→ず -> ず→よ -> よ→ず -> ず→よ -> よ→ず -> ず→う -> う→ず -> ず→う -> う→ず -> ず→う -> う→る -> る→ゆ -> ゆ→る -> る→つ -> つ→む -> む→ぐ -> ぐ→ず -> ず→う -> う→る -> る→な -> な→る -> る→う -> う→る -> る→う
greedy vs aggressive_pvs,greedy,aggressive_pvs,D20000_seed0_greedy_vs_aggressive_pvs_0,20000,0,second,ended_with_n,54,second,aggressive_pvs,う,191,2,55,2,1,,,う,む,む,1.000013,True,2473.596224489796,1,1,True,0,33,33,31,0,0,0,31,1,{},31,あ→ぬ -> ぬ→る -> る→る -> る→る -> る→る -> る→ぽ -> ぽ→ず -> ず→ず -> ず→む -> む→ず -> ず→ら -> ら→る -> る→ぷ -> ぷ→ず -> ず→れ -> れ→ず -> ず→が -> が→ず -> ず→つ -> つ→る -> る→び -> び→ず -> ず→つ -> つ→る -> る→む -> む→る -> る→げ -> げ→る -> る→ゆ -> ゆ→ず -> ず→よ -> よ→ず -> ず→よ -> よ→ず -> ず→う -> う→ず -> ず→う -> う→ず -> ず→う -> う→る -> る→ゆ -> ゆ→る -> る→つ -> つ→む -> む→ぐ -> ぐ→ず -> ず→う -> う→る -> る→な -> な→る -> る→う -> う→る -> る→う -> う→む
greedy vs aggressive_pvs,greedy,aggressive_pvs,D20000_seed0_greedy_vs_aggressive_pvs_0,20000,0,second,ended_with_n,55,first,greedy,む,3762,55,22,1,0,,,む,ぜ,ぜ,0.027705,False,-2473.596224489796,,,,,,,,,,,,,,37,あ→ぬ -> ぬ→る -> る→る -> る→る -> る→る -> る→ぽ -> ぽ→ず -> ず→ず -> ず→む -> む→ず -> ず→ら -> ら→る -> る→ぷ -> ぷ→ず -> ず→れ -> れ→ず -> ず→が -> が→ず -> ず→つ -> つ→る -> る→び -> び→ず -> ず→つ -> つ→る -> る→む -> む→る -> る→げ -> げ→る -> る→ゆ -> ゆ→ず -> ず→よ -> よ→ず -> ず→よ -> よ→ず -> ず→う -> う→ず -> ず→う -> う→ず -> ず→う -> う→る -> る→ゆ -> ゆ→る -> る→つ -> つ→む -> む→ぐ -> ぐ→ず -> ず→う -> う→る -> る→な -> な→る -> る→う -> う→る -> る→う -> う→む -> む→ぜ
greedy vs aggressive_pvs,greedy,aggressive_pvs,D20000_seed0_greedy_vs_aggressive_pvs_0,20000,0,second,ended_with_n,56,second,aggressive_pvs,ぜ,1559,22,63,1,0,,,ぜ,る,る,0.96008,False,5801.542558139535,1,1,True,0,28,28,29,0,0,0,27,0,{},29,あ→ぬ -> ぬ→る -> る→る -> る→る -> る→る -> る→ぽ -> ぽ→ず -> ず→ず -> ず→む -> む→ず -> ず→ら -> ら→る -> る→ぷ -> ぷ→ず -> ず→れ -> れ→ず -> ず→が -> が→ず -> ず→つ -> つ→る -> る→び -> び→ず -> ず→つ -> つ→る -> る→む -> む→る -> る→げ -> げ→る -> る→ゆ -> ゆ→ず -> ず→よ -> よ→ず -> ず→よ -> よ→ず -> ず→う -> う→ず -> ず→う -> う→ず -> ず→う -> う→る -> る→ゆ -> ゆ→る -> る→つ -> つ→む -> む→ぐ -> ぐ→ず -> ず→う -> う→る -> る→な -> な→る -> る→う -> う→る -> る→う -> う→む -> む→ぜ -> ぜ→る
greedy vs aggressive_pvs,greedy,aggressive_pvs,D20000_seed0_greedy_vs_aggressive_pvs_0,20000,0,second,ended_with_n,57,first,greedy,る,4286,63,2,1,0,,,る,う,う,0.00864,False,-5801.542558139535,,,,,,,,,,,,,,11,あ→ぬ -> ぬ→る -> る→る -> る→る -> る→る -> る→ぽ -> ぽ→ず -> ず→ず -> ず→む -> む→ず -> ず→ら -> ら→る -> る→ぷ -> ぷ→ず -> ず→れ -> れ→ず -> ず→が -> が→ず -> ず→つ -> つ→る -> る→び -> び→ず -> ず→つ -> つ→る -> る→む -> む→る -> る→げ -> げ→る -> る→ゆ -> ゆ→ず -> ず→よ -> よ→ず -> ず→よ -> よ→ず -> ず→う -> う→ず -> ず→う -> う→ず -> ず→う -> う→る -> る→ゆ -> ゆ→る -> る→つ -> つ→む -> む→ぐ -> ぐ→ず -> ず→う -> う→る -> る→な -> な→る -> る→う -> う→る -> る→う -> う→む -> む→ぜ -> ぜ→る -> る→う
greedy vs aggressive_pvs,greedy,aggressive_pvs,D20000_seed0_greedy_vs_aggressive_pvs_0,20000,0,second,ended_with_n,58,second,aggressive_pvs,う,191,2,55,1,0,,,う,む,む,1.000008,True,2484.263163265306,1,1,True,0,32,32,30,0,0,0,30,1,{},30,あ→ぬ -> ぬ→る -> る→る -> る→る -> る→る -> る→ぽ -> ぽ→ず -> ず→ず -> ず→む -> む→ず -> ず→ら -> ら→る -> る→ぷ -> ぷ→ず -> ず→れ -> れ→ず -> ず→が -> が→ず -> ず→つ -> つ→る -> る→び -> び→ず -> ず→つ -> つ→る -> る→む -> む→る -> る→げ -> げ→る -> る→ゆ -> ゆ→ず -> ず→よ -> よ→ず -> ず→よ -> よ→ず -> ず→う -> う→ず -> ず→う -> う→ず -> ず→う -> う→る -> る→ゆ -> ゆ→る -> る→つ -> つ→む -> む→ぐ -> ぐ→ず -> ず→う -> う→る -> る→な -> な→る -> る→う -> う→る -> る→う -> う→む -> む→ぜ -> ぜ→る -> る→う -> う→む
greedy vs aggressive_pvs,greedy,aggressive_pvs,D20000_seed0_greedy_vs_aggressive_pvs_0,20000,0,second,ended_with_n,59,first,greedy,む,3782,55,42,1,0,,,む,び,び,0.02729,False,-2484.263163265306,,,,,,,,,,,,,,36,あ→ぬ -> ぬ→る -> る→る -> る→る -> る→る -> る→ぽ -> ぽ→ず -> ず→ず -> ず→む -> む→ず -> ず→ら -> ら→る -> る→ぷ -> ぷ→ず -> ず→れ -> れ→ず -> ず→が -> が→ず -> ず→つ -> つ→る -> る→び -> び→ず -> ず→つ -> つ→る -> る→む -> む→る -> る→げ -> げ→る -> る→ゆ -> ゆ→ず -> ず→よ -> よ→ず -> ず→よ -> よ→ず -> ず→う -> う→ず -> ず→う -> う→ず -> ず→う -> う→る -> る→ゆ -> ゆ→る -> る→つ -> つ→む -> む→ぐ -> ぐ→ず -> ず→う -> う→る -> る→な -> な→る -> る→う -> う→る -> る→う -> う→む -> む→ぜ -> ぜ→る -> る→う -> う→む -> む→び
greedy vs aggressive_pvs,greedy,aggressive_pvs,D20000_seed0_greedy_vs_aggressive_pvs_0,20000,0,second,ended_with_n,60,second,aggressive_pvs,び,2919,42,63,5,4,,,び,る,る,1.000009,True,6683.999345637584,1,1,True,0,33,33,31,0,0,0,31,1,{},31,あ→ぬ -> ぬ→る -> る→る -> る→る -> る→る -> る→ぽ -> ぽ→ず -> ず→ず -> ず→む -> む→ず -> ず→ら -> ら→る -> る→ぷ -> ぷ→ず -> ず→れ -> れ→ず -> ず→が -> が→ず -> ず→つ -> つ→る -> る→び -> び→ず -> ず→つ -> つ→る -> る→む -> む→る -> る→げ -> げ→る -> る→ゆ -> ゆ→ず -> ず→よ -> よ→ず -> ず→よ -> よ→ず -> ず→う -> う→ず -> ず→う -> う→ず -> ず→う -> う→る -> る→ゆ -> ゆ→る -> る→つ -> つ→む -> む→ぐ -> ぐ→ず -> ず→う -> う→る -> る→な -> な→る -> る→う -> う→る -> る→う -> う→む -> む→ぜ -> ぜ→る -> る→う -> う→む -> む→び -> び→る
greedy vs aggressive_pvs,greedy,aggressive_pvs,D20000_seed0_greedy_vs_aggressive_pvs_0,20000,0,second,ended_with_n,61,first,greedy,る,4293,63,9,1,0,,,る,く,く,0.007818,False,-6683.999345637584,,,,,,,,,,,,,,10,あ→ぬ -> ぬ→る -> る→る -> る→る -> る→る -> る→ぽ -> ぽ→ず -> ず→ず -> ず→む -> む→ず -> ず→ら -> ら→る -> る→ぷ -> ぷ→ず -> ず→れ -> れ→ず -> ず→が -> が→ず -> ず→つ -> つ→る -> る→び -> び→ず -> ず→つ -> つ→る -> る→む -> む→る -> る→げ -> げ→る -> る→ゆ -> ゆ→ず -> ず→よ -> よ→ず -> ず→よ -> よ→ず -> ず→う -> う→ず -> ず→う -> う→ず -> ず→う -> う→る -> る→ゆ -> ゆ→る -> る→つ -> つ→む -> む→ぐ -> ぐ→ず -> ず→う -> う→る -> る→な -> な→る -> る→う -> う→る -> る→う -> う→む -> む→ぜ -> ぜ→る -> る→う -> う→む -> む→び -> び→る -> る→く
greedy vs aggressive_pvs,greedy,aggressive_pvs,D20000_seed0_greedy_vs_aggressive_pvs_0,20000,0,second,ended_with_n,62,second,aggressive_pvs,く,675,9,63,8,7,,,く,る,る,1.000009,True,6878.8858892617445,1,1,True,0,36,36,34,0,0,0,34,1,{},34,あ→ぬ -> ぬ→る -> る→る -> る→る -> る→る -> る→ぽ -> ぽ→ず -> ず→ず -> ず→む -> む→ず -> ず→ら -> ら→る -> る→ぷ -> ぷ→ず -> ず→れ -> れ→ず -> ず→が -> が→ず -> ず→つ -> つ→る -> る→び -> び→ず -> ず→つ -> つ→る -> る→む -> む→る -> る→げ -> げ→る -> る→ゆ -> ゆ→ず -> ず→よ -> よ→ず -> ず→よ -> よ→ず -> ず→う -> う→ず -> ず→う -> う→ず -> ず→う -> う→る -> る→ゆ -> ゆ→る -> る→つ -> つ→む -> む→ぐ -> ぐ→ず -> ず→う -> う→る -> る→な -> な→る -> る→う -> う→る -> る→う -> う→む -> む→ぜ -> ぜ→る -> る→う -> う→む -> む→び -> び→る -> る→く -> く→る
greedy vs aggressive_pvs,greedy,aggressive_pvs,D20000_seed0_greedy_vs_aggressive_pvs_0,20000,0,second,ended_with_n,63,first,greedy,る,4346,63,62,1,0,,,る,り,り,0.006925,False,-6878.8858892617445,,,,,,,,,,,,,,9,あ→ぬ -> ぬ→る -> る→る -> る→る -> る→る -> る→ぽ -> ぽ→ず -> ず→ず -> ず→む -> む→ず -> ず→ら -> ら→る -> る→ぷ -> ぷ→ず -> ず→れ -> れ→ず -> ず→が -> が→ず -> ず→つ -> つ→る -> る→び -> び→ず -> ず→つ -> つ→る -> る→む -> む→る -> る→げ -> げ→る -> る→ゆ -> ゆ→ず -> ず→よ -> よ→ず -> ず→よ -> よ→ず -> ず→う -> う→ず -> ず→う -> う→ず -> ず→う -> う→る -> る→ゆ -> ゆ→る -> る→つ -> つ→む -> む→ぐ -> ぐ→ず -> ず→う -> う→る -> る→な -> な→る -> る→う -> う→る -> る→う -> う→む -> む→ぜ -> ぜ→る -> る→う -> う→む -> む→び -> び→る -> る→く -> く→る -> る→り
greedy vs aggressive_pvs,greedy,aggressive_pvs,D20000_seed0_greedy_vs_aggressive_pvs_0,20000,0,second,ended_with_n,64,second,aggressive_pvs,り,4279,62,63,14,13,,,り,る,る,1.000006,True,8054.4825418994415,1,1,True,0,33,33,32,0,0,0,32,0,{},32,あ→ぬ -> ぬ→る -> る→る -> る→る -> る→る -> る→ぽ -> ぽ→ず -> ず→ず -> ず→む -> む→ず -> ず→ら -> ら→る -> る→ぷ -> ぷ→ず -> ず→れ -> れ→ず -> ず→が -> が→ず -> ず→つ -> つ→る -> る→び -> び→ず -> ず→つ -> つ→る -> る→む -> む→る -> る→げ -> げ→る -> る→ゆ -> ゆ→ず -> ず→よ -> よ→ず -> ず→よ -> よ→ず -> ず→う -> う→ず -> ず→う -> う→ず -> ず→う -> う→る -> る→ゆ -> ゆ→る -> る→つ -> つ→む -> む→ぐ -> ぐ→ず -> ず→う -> う→る -> る→な -> な→る -> る→う -> う→る -> る→う -> う→む -> む→ぜ -> ぜ→る -> る→う -> う→む -> む→び -> び→る -> る→く -> く→る -> る→り -> り→る
greedy vs aggressive_pvs,greedy,aggressive_pvs,D20000_seed0_greedy_vs_aggressive_pvs_0,20000,0,second,ended_with_n,65,first,greedy,る,4303,63,19,6,5,,,る,す,す,0.006196,False,-8054.4825418994415,,,,,,,,,,,,,,8,あ→ぬ -> ぬ→る -> る→る -> る→る -> る→る -> る→ぽ -> ぽ→ず -> ず→ず -> ず→む -> む→ず -> ず→ら -> ら→る -> る→ぷ -> ぷ→ず -> ず→れ -> れ→ず -> ず→が -> が→ず -> ず→つ -> つ→る -> る→び -> び→ず -> ず→つ -> つ→る -> る→む -> む→る -> る→げ -> げ→る -> る→ゆ -> ゆ→ず -> ず→よ -> よ→ず -> ず→よ -> よ→ず -> ず→う -> う→ず -> ず→う -> う→ず -> ず→う -> う→る -> る→ゆ -> ゆ→る -> る→つ -> つ→む -> む→ぐ -> ぐ→ず -> ず→う -> う→る -> る→な -> な→る -> る→う -> う→る -> る→う -> う→む -> む→ぜ -> ぜ→る -> る→う -> う→む -> む→び -> び→る -> る→く -> く→る -> る→り -> り→る -> る→す
greedy vs aggressive_pvs,greedy,aggressive_pvs,D20000_seed0_greedy_vs_aggressive_pvs_0,20000,0,second,ended_with_n,66,second,aggressive_pvs,す,1355,19,63,21,20,,,す,る,る,1.000008,True,8034.379957983193,1,1,True,0,35,35,33,0,0,0,33,1,{},33,あ→ぬ -> ぬ→る -> る→る -> る→る -> る→る -> る→ぽ -> ぽ→ず -> ず→ず -> ず→む -> む→ず -> ず→ら -> ら→る -> る→ぷ -> ぷ→ず -> ず→れ -> れ→ず -> ず→が -> が→ず -> ず→つ -> つ→る -> る→び -> び→ず -> ず→つ -> つ→る -> る→む -> む→る -> る→げ -> げ→る -> る→ゆ -> ゆ→ず -> ず→よ -> よ→ず -> ず→よ -> よ→ず -> ず→う -> う→ず -> ず→う -> う→ず -> ず→う -> う→る -> る→ゆ -> ゆ→る -> る→つ -> つ→む -> む→ぐ -> ぐ→ず -> ず→う -> う→る -> る→な -> な→る -> る→う -> う→る -> る→う -> う→む -> む→ぜ -> ぜ→る -> る→う -> う→む -> む→び -> び→る -> る→く -> く→る -> る→り -> り→る -> る→す -> す→る
greedy vs aggressive_pvs,greedy,aggressive_pvs,D20000_seed0_greedy_vs_aggressive_pvs_0,20000,0,second,ended_with_n,67,first,greedy,る,4303,63,19,5,4,,,る,す,す,0.006271,False,-8034.379957983193,,,,,,,,,,,,,,8,あ→ぬ -> ぬ→る -> る→る -> る→る -> る→る -> る→ぽ -> ぽ→ず -> ず→ず -> ず→む -> む→ず -> ず→ら -> ら→る -> る→ぷ -> ぷ→ず -> ず→れ -> れ→ず -> ず→が -> が→ず -> ず→つ -> つ→る -> る→び -> び→ず -> ず→つ -> つ→る -> る→む -> む→る -> る→げ -> げ→る -> る→ゆ -> ゆ→ず -> ず→よ -> よ→ず -> ず→よ -> よ→ず -> ず→う -> う→ず -> ず→う -> う→ず -> ず→う -> う→る -> る→ゆ -> ゆ→る -> る→つ -> つ→む -> む→ぐ -> ぐ→ず -> ず→う -> う→る -> る→な -> な→る -> る→う -> う→る -> る→う -> う→む -> む→ぜ -> ぜ→る -> る→う -> う→む -> む→び -> び→る -> る→く -> く→る -> る→り -> り→る -> る→す -> す→る -> る→す
greedy vs aggressive_pvs,greedy,aggressive_pvs,D20000_seed0_greedy_vs_aggressive_pvs_0,20000,0,second,ended_with_n,68,second,aggressive_pvs,す,1355,19,63,20,19,,,す,る,る,1.000009,True,8014.276292134831,1,1,True,0,35,35,33,0,0,0,33,1,{},33,あ→ぬ -> ぬ→る -> る→る -> る→る -> る→る -> る→ぽ -> ぽ→ず -> ず→ず -> ず→む -> む→ず -> ず→ら -> ら→る -> る→ぷ -> ぷ→ず -> ず→れ -> れ→ず -> ず→が -> が→ず -> ず→つ -> つ→る -> る→び -> び→ず -> ず→つ -> つ→る -> る→む -> む→る -> る→げ -> げ→る -> る→ゆ -> ゆ→ず -> ず→よ -> よ→ず -> ず→よ -> よ→ず -> ず→う -> う→ず -> ず→う -> う→ず -> ず→う -> う→る -> る→ゆ -> ゆ→る -> る→つ -> つ→む -> む→ぐ -> ぐ→ず -> ず→う -> う→る -> る→な -> な→る -> る→う -> う→る -> る→う -> う→む -> む→ぜ -> ぜ→る -> る→う -> う→む -> む→び -> び→る -> る→く -> く→る -> る→り -> り→る -> る→す -> す→る -> る→す -> す→る
greedy vs aggressive_pvs,greedy,aggressive_pvs,D20000_seed0_greedy_vs_aggressive_pvs_0,20000,0,second,ended_with_n,69,first,greedy,る,4303,63,19,4,3,,,る,す,す,0.006272,False,-8014.276292134831,,,,,,,,,,,,,,8,あ→ぬ -> ぬ→る -> る→る -> る→る -> る→る -> る→ぽ -> ぽ→ず -> ず→ず -> ず→む -> む→ず -> ず→ら -> ら→る -> る→ぷ -> ぷ→ず -> ず→れ -> れ→ず -> ず→が -> が→ず -> ず→つ -> つ→る -> る→び -> び→ず -> ず→つ -> つ→る -> る→む -> む→る -> る→げ -> げ→る -> る→ゆ -> ゆ→ず -> ず→よ -> よ→ず -> ず→よ -> よ→ず -> ず→う -> う→ず -> ず→う -> う→ず -> ず→う -> う→る -> る→ゆ -> ゆ→る -> る→つ -> つ→む -> む→ぐ -> ぐ→ず -> ず→う -> う→る -> る→な -> な→る -> る→う -> う→る -> る→う -> う→む -> む→ぜ -> ぜ→る -> る→う -> う→む -> む→び -> び→る -> る→く -> く→る -> る→り -> り→る -> る→す -> す→る -> る→す -> す→る -> る→す
greedy vs aggressive_pvs,greedy,aggressive_pvs,D20000_seed0_greedy_vs_aggressive_pvs_0,20000,0,second,ended_with_n,70,second,aggressive_pvs,す,1355,19,63,19,18,,,す,る,る,1.000005,True,7994.171535211268,1,1,True,0,35,35,33,0,0,0,33,1,{},33,あ→ぬ -> ぬ→る -> る→る -> る→る -> る→る -> る→ぽ -> ぽ→ず -> ず→ず -> ず→む -> む→ず -> ず→ら -> ら→る -> る→ぷ -> ぷ→ず -> ず→れ -> れ→ず -> ず→が -> が→ず -> ず→つ -> つ→る -> る→び -> び→ず -> ず→つ -> つ→る -> る→む -> む→る -> る→げ -> げ→る -> る→ゆ -> ゆ→ず -> ず→よ -> よ→ず -> ず→よ -> よ→ず -> ず→う -> う→ず -> ず→う -> う→ず -> ず→う -> う→る -> る→ゆ -> ゆ→る -> る→つ -> つ→む -> む→ぐ -> ぐ→ず -> ず→う -> う→る -> る→な -> な→る -> る→う -> う→る -> る→う -> う→む -> む→ぜ -> ぜ→る -> る→う -> う→む -> む→び -> び→る -> る→く -> く→る -> る→り -> り→る -> る→す -> す→る -> る→す -> す→る -> る→す -> す→る
greedy vs aggressive_pvs,greedy,aggressive_pvs,D20000_seed0_greedy_vs_aggressive_pvs_0,20000,0,second,ended_with_n,71,first,greedy,る,4303,63,19,3,2,,,る,す,す,0.006205,False,-7994.171535211268,,,,,,,,,,,,,,8,あ→ぬ -> ぬ→る -> る→る -> る→る -> る→る -> る→ぽ -> ぽ→ず -> ず→ず -> ず→む -> む→ず -> ず→ら -> ら→る -> る→ぷ -> ぷ→ず -> ず→れ -> れ→ず -> ず→が -> が→ず -> ず→つ -> つ→る -> る→び -> び→ず -> ず→つ -> つ→る -> る→む -> む→る -> る→げ -> げ→る -> る→ゆ -> ゆ→ず -> ず→よ -> よ→ず -> ず→よ -> よ→ず -> ず→う -> う→ず -> ず→う -> う→ず -> ず→う -> う→る -> る→ゆ -> ゆ→る -> る→つ -> つ→む -> む→ぐ -> ぐ→ず -> ず→う -> う→る -> る→な -> な→る -> る→う -> う→る -> る→う -> う→む -> む→ぜ -> ぜ→る -> る→う -> う→む -> む→び -> び→る -> る→く -> く→る -> る→り -> り→る -> る→す -> す→る -> る→す -> す→る -> る→す -> す→る -> る→す
greedy vs aggressive_pvs,greedy,aggressive_pvs,D20000_seed0_greedy_vs_aggressive_pvs_0,20000,0,second,ended_with_n,72,second,aggressive_pvs,す,1355,19,63,18,17,,,す,る,る,1.000013,True,7974.065677966102,1,1,True,0,35,35,33,0,0,0,33,1,{},33,あ→ぬ -> ぬ→る -> る→る -> る→る -> る→る -> る→ぽ -> ぽ→ず -> ず→ず -> ず→む -> む→ず -> ず→ら -> ら→る -> る→ぷ -> ぷ→ず -> ず→れ -> れ→ず -> ず→が -> が→ず -> ず→つ -> つ→る -> る→び -> び→ず -> ず→つ -> つ→る -> る→む -> む→る -> る→げ -> げ→る -> る→ゆ -> ゆ→ず -> ず→よ -> よ→ず -> ず→よ -> よ→ず -> ず→う -> う→ず -> ず→う -> う→ず -> ず→う -> う→る -> る→ゆ -> ゆ→る -> る→つ -> つ→む -> む→ぐ -> ぐ→ず -> ず→う -> う→る -> る→な -> な→る -> る→う -> う→る -> る→う -> う→む -> む→ぜ -> ぜ→る -> る→う -> う→む -> む→び -> び→る -> る→く -> く→る -> る→り -> り→る -> る→す -> す→る -> る→す -> す→る -> る→す -> す→る -> る→す -> す→る
greedy vs aggressive_pvs,greedy,aggressive_pvs,D20000_seed0_greedy_vs_aggressive_pvs_0,20000,0,second,ended_with_n,73,first,greedy,る,4303,63,19,2,1,,,る,す,す,0.006198,False,-7974.065677966102,,,,,,,,,,,,,,8,あ→ぬ -> ぬ→る -> る→る -> る→る -> る→る -> る→ぽ -> ぽ→ず -> ず→ず -> ず→む -> む→ず -> ず→ら -> ら→る -> る→ぷ -> ぷ→ず -> ず→れ -> れ→ず -> ず→が -> が→ず -> ず→つ -> つ→る -> る→び -> び→ず -> ず→つ -> つ→る -> る→む -> む→る -> る→げ -> げ→る -> る→ゆ -> ゆ→ず -> ず→よ -> よ→ず -> ず→よ -> よ→ず -> ず→う -> う→ず -> ず→う -> う→ず -> ず→う -> う→る -> る→ゆ -> ゆ→る -> る→つ -> つ→む -> む→ぐ -> ぐ→ず -> ず→う -> う→る -> る→な -> な→る -> る→う -> う→る -> る→う -> う→む -> む→ぜ -> ぜ→る -> る→う -> う→む -> む→び -> び→る -> る→く -> く→る -> る→り -> り→る -> る→す -> す→る -> る→す -> す→る -> る→す -> す→る -> る→す -> す→る -> る→す
greedy vs aggressive_pvs,greedy,aggressive_pvs,D20000_seed0_greedy_vs_aggressive_pvs_0,20000,0,second,ended_with_n,74,second,aggressive_pvs,す,1355,19,63,17,16,,,す,る,る,1.000006,True,7953.972988668555,1,1,True,0,36,36,34,0,0,0,34,1,{},34,あ→ぬ -> ぬ→る -> る→る -> る→る -> る→る -> る→ぽ -> ぽ→ず -> ず→ず -> ず→む -> む→ず -> ず→ら -> ら→る -> る→ぷ -> ぷ→ず -> ず→れ -> れ→ず -> ず→が -> が→ず -> ず→つ -> つ→る -> る→び -> び→ず -> ず→つ -> つ→る -> る→む -> む→る -> る→げ -> げ→る -> る→ゆ -> ゆ→ず -> ず→よ -> よ→ず -> ず→よ -> よ→ず -> ず→う -> う→ず -> ず→う -> う→ず -> ず→う -> う→る -> る→ゆ -> ゆ→る -> る→つ -> つ→む -> む→ぐ -> ぐ→ず -> ず→う -> う→る -> る→な -> な→る -> る→う -> う→る -> る→う -> う→む -> む→ぜ -> ぜ→る -> る→う -> う→む -> む→び -> び→る -> る→く -> く→る -> る→り -> り→る -> る→す -> す→る -> る→す -> す→る -> る→す -> す→る -> る→す -> す→る -> る→す -> す→る
greedy vs aggressive_pvs,greedy,aggressive_pvs,D20000_seed0_greedy_vs_aggressive_pvs_0,20000,0,second,ended_with_n,75,first,greedy,る,4303,63,19,1,0,,,る,す,す,0.006211,False,-7953.972988668555,,,,,,,,,,,,,,8,あ→ぬ -> ぬ→る -> る→る -> る→る -> る→る -> る→ぽ -> ぽ→ず -> ず→ず -> ず→む -> む→ず -> ず→ら -> ら→る -> る→ぷ -> ぷ→ず -> ず→れ -> れ→ず -> ず→が -> が→ず -> ず→つ -> つ→る -> る→び -> び→ず -> ず→つ -> つ→る -> る→む -> む→る -> る→げ -> げ→る -> る→ゆ -> ゆ→ず -> ず→よ -> よ→ず -> ず→よ -> よ→ず -> ず→う -> う→ず -> ず→う -> う→ず -> ず→う -> う→る -> る→ゆ -> ゆ→る -> る→つ -> つ→む -> む→ぐ -> ぐ→ず -> ず→う -> う→る -> る→な -> な→る -> る→う -> う→る -> る→う -> う→む -> む→ぜ -> ぜ→る -> る→う -> う→む -> む→び -> び→る -> る→く -> く→る -> る→り -> り→る -> る→す -> す→る -> る→す -> す→る -> る→す -> す→る -> る→す -> す→る -> る→す -> す→る -> る→す
greedy vs aggressive_pvs,greedy,aggressive_pvs,D20000_seed0_greedy_vs_aggressive_pvs_0,20000,0,second,ended_with_n,76,second,aggressive_pvs,す,1355,19,63,16,15,,,す,る,る,1.000012,True,8338.749864864865,1,1,True,0,35,35,34,0,0,0,34,0,{},34,あ→ぬ -> ぬ→る -> る→る -> る→る -> る→る -> る→ぽ -> ぽ→ず -> ず→ず -> ず→む -> む→ず -> ず→ら -> ら→る -> る→ぷ -> ぷ→ず -> ず→れ -> れ→ず -> ず→が -> が→ず -> ず→つ -> つ→る -> る→び -> び→ず -> ず→つ -> つ→る -> る→む -> む→る -> る→げ -> げ→る -> る→ゆ -> ゆ→ず -> ず→よ -> よ→ず -> ず→よ -> よ→ず -> ず→う -> う→ず -> ず→う -> う→ず -> ず→う -> う→る -> る→ゆ -> ゆ→る -> る→つ -> つ→む -> む→ぐ -> ぐ→ず -> ず→う -> う→る -> る→な -> な→る -> る→う -> う→る -> る→う -> う→む -> む→ぜ -> ぜ→る -> る→う -> う→む -> む→び -> び→る -> る→く -> く→る -> る→り -> り→る -> る→す -> す→る -> る→す -> す→る -> る→す -> す→る -> る→す -> す→る -> る→す -> す→る -> る→す -> す→る
greedy vs aggressive_pvs,greedy,aggressive_pvs,D20000_seed0_greedy_vs_aggressive_pvs_0,20000,0,second,ended_with_n,77,first,greedy,る,4315,63,31,2,1,,,る,と,と,0.005401,False,-8338.749864864865,,,,,,,,,,,,,,7,あ→ぬ -> ぬ→る -> る→る -> る→る -> る→る -> る→ぽ -> ぽ→ず -> ず→ず -> ず→む -> む→ず -> ず→ら -> ら→る -> る→ぷ -> ぷ→ず -> ず→れ -> れ→ず -> ず→が -> が→ず -> ず→つ -> つ→る -> る→び -> び→ず -> ず→つ -> つ→る -> る→む -> む→る -> る→げ -> げ→る -> る→ゆ -> ゆ→ず -> ず→よ -> よ→ず -> ず→よ -> よ→ず -> ず→う -> う→ず -> ず→う -> う→ず -> ず→う -> う→る -> る→ゆ -> ゆ→る -> る→つ -> つ→む -> む→ぐ -> ぐ→ず -> ず→う -> う→る -> る→な -> な→る -> る→う -> う→る -> る→う -> う→む -> む→ぜ -> ぜ→る -> る→う -> う→む -> む→び -> び→る -> る→く -> く→る -> る→り -> り→る -> る→す -> す→る -> る→す -> す→る -> る→す -> す→る -> る→す -> す→る -> る→す -> す→る -> る→す -> す→る -> る→と
greedy vs aggressive_pvs,greedy,aggressive_pvs,D20000_seed0_greedy_vs_aggressive_pvs_0,20000,0,second,ended_with_n,78,second,aggressive_pvs,と,2171,31,63,10,9,,,と,る,る,1.000008,True,8236.46256097561,1,1,True,0,34,34,33,0,0,0,33,0,{},33,あ→ぬ -> ぬ→る -> る→る -> る→る -> る→る -> る→ぽ -> ぽ→ず -> ず→ず -> ず→む -> む→ず -> ず→ら -> ら→る -> る→ぷ -> ぷ→ず -> ず→れ -> れ→ず -> ず→が -> が→ず -> ず→つ -> つ→る -> る→び -> び→ず -> ず→つ -> つ→る -> る→む -> む→る -> る→げ -> げ→る -> る→ゆ -> ゆ→ず -> ず→よ -> よ→ず -> ず→よ -> よ→ず -> ず→う -> う→ず -> ず→う -> う→ず -> ず→う -> う→る -> る→ゆ -> ゆ→る -> る→つ -> つ→む -> む→ぐ -> ぐ→ず -> ず→う -> う→る -> る→な -> な→る -> る→う -> う→る -> る→う -> う→む -> む→ぜ -> ぜ→る -> る→う -> う→む -> む→び -> び→る -> る→く -> く→る -> る→り -> り→る -> る→す -> す→る -> る→す -> す→る -> る→す -> す→る -> る→す -> す→る -> る→す -> す→る -> る→す -> す→る -> る→と -> と→る
greedy vs aggressive_pvs,greedy,aggressive_pvs,D20000_seed0_greedy_vs_aggressive_pvs_0,20000,0,second,ended_with_n,79,first,greedy,る,4315,63,31,1,0,,,る,と,と,0.005384,False,-8236.46256097561,,,,,,,,,,,,,,7,あ→ぬ -> ぬ→る -> る→る -> る→る -> る→る -> る→ぽ -> ぽ→ず -> ず→ず -> ず→む -> む→ず -> ず→ら -> ら→る -> る→ぷ -> ぷ→ず -> ず→れ -> れ→ず -> ず→が -> が→ず -> ず→つ -> つ→る -> る→び -> び→ず -> ず→つ -> つ→る -> る→む -> む→る -> る→げ -> げ→る -> る→ゆ -> ゆ→ず -> ず→よ -> よ→ず -> ず→よ -> よ→ず -> ず→う -> う→ず -> ず→う -> う→ず -> ず→う -> う→る -> る→ゆ -> ゆ→る -> る→つ -> つ→む -> む→ぐ -> ぐ→ず -> ず→う -> う→る -> る→な -> な→る -> る→う -> う→る -> る→う -> う→む -> む→ぜ -> ぜ→る -> る→う -> う→む -> む→び -> び→る -> る→く -> く→る -> る→り -> り→る -> る→す -> す→る -> る→す -> す→る -> る→す -> す→る -> る→す -> す→る -> る→す -> す→る -> る→す -> す→る -> る→と -> と→る -> る→と
greedy vs aggressive_pvs,greedy,aggressive_pvs,D20000_seed0_greedy_vs_aggressive_pvs_0,20000,0,second,ended_with_n,80,second,aggressive_pvs,と,2171,31,63,9,8,,,と,る,る,1.000007,True,11001.575457317073,1,1,True,0,34,34,33,0,0,0,33,0,{},33,あ→ぬ -> ぬ→る -> る→る -> る→る -> る→る -> る→ぽ -> ぽ→ず -> ず→ず -> ず→む -> む→ず -> ず→ら -> ら→る -> る→ぷ -> ぷ→ず -> ず→れ -> れ→ず -> ず→が -> が→ず -> ず→つ -> つ→る -> る→び -> び→ず -> ず→つ -> つ→る -> る→む -> む→る -> る→げ -> げ→る -> る→ゆ -> ゆ→ず -> ず→よ -> よ→ず -> ず→よ -> よ→ず -> ず→う -> う→ず -> ず→う -> う→ず -> ず→う -> う→る -> る→ゆ -> ゆ→る -> る→つ -> つ→む -> む→ぐ -> ぐ→ず -> ず→う -> う→る -> る→な -> な→る -> る→う -> う→る -> る→う -> う→む -> む→ぜ -> ぜ→る -> る→う -> う→む -> む→び -> び→る -> る→く -> く→る -> る→り -> り→る -> る→す -> す→る -> る→す -> す→る -> る→す -> す→る -> る→す -> す→る -> る→す -> す→る -> る→す -> す→る -> る→と -> と→る -> る→と -> と→る
greedy vs aggressive_pvs,greedy,aggressive_pvs,D20000_seed0_greedy_vs_aggressive_pvs_0,20000,0,second,ended_with_n,81,first,greedy,る,4328,63,44,1,0,,,る,ふ,ふ,0.004517,False,-11001.575457317073,,,,,,,,,,,,,,6,あ→ぬ -> ぬ→る -> る→る -> る→る -> る→る -> る→ぽ -> ぽ→ず -> ず→ず -> ず→む -> む→ず -> ず→ら -> ら→る -> る→ぷ -> ぷ→ず -> ず→れ -> れ→ず -> ず→が -> が→ず -> ず→つ -> つ→る -> る→び -> び→ず -> ず→つ -> つ→る -> る→む -> む→る -> る→げ -> げ→る -> る→ゆ -> ゆ→ず -> ず→よ -> よ→ず -> ず→よ -> よ→ず -> ず→う -> う→ず -> ず→う -> う→ず -> ず→う -> う→る -> る→ゆ -> ゆ→る -> る→つ -> つ→む -> む→ぐ -> ぐ→ず -> ず→う -> う→る -> る→な -> な→る -> る→う -> う→る -> る→う -> う→む -> む→ぜ -> ぜ→る -> る→う -> う→む -> む→び -> び→る -> る→く -> く→る -> る→り -> り→る -> る→す -> す→る -> る→す -> す→る -> る→す -> す→る -> る→す -> す→る -> る→す -> す→る -> る→す -> す→る -> る→と -> と→る -> る→と -> と→る -> る→ふ
greedy vs aggressive_pvs,greedy,aggressive_pvs,D20000_seed0_greedy_vs_aggressive_pvs_0,20000,0,second,ended_with_n,82,second,aggressive_pvs,ふ,3055,44,63,15,14,,,ふ,る,る,1.000006,True,11103.132183794467,1,1,True,0,34,34,33,0,0,0,33,0,{},33,あ→ぬ -> ぬ→る -> る→る -> る→る -> る→る -> る→ぽ -> ぽ→ず -> ず→ず -> ず→む -> む→ず -> ず→ら -> ら→る -> る→ぷ -> ぷ→ず -> ず→れ -> れ→ず -> ず→が -> が→ず -> ず→つ -> つ→る -> る→び -> び→ず -> ず→つ -> つ→る -> る→む -> む→る -> る→げ -> げ→る -> る→ゆ -> ゆ→ず -> ず→よ -> よ→ず -> ず→よ -> よ→ず -> ず→う -> う→ず -> ず→う -> う→ず -> ず→う -> う→る -> る→ゆ -> ゆ→る -> る→つ -> つ→む -> む→ぐ -> ぐ→ず -> ず→う -> う→る -> る→な -> な→る -> る→う -> う→る -> る→う -> う→む -> む→ぜ -> ぜ→る -> る→う -> う→む -> む→び -> び→る -> る→く -> く→る -> る→り -> り→る -> る→す -> す→る -> る→す -> す→る -> る→す -> す→る -> る→す -> す→る -> る→す -> す→る -> る→す -> す→る -> る→と -> と→る -> る→と -> と→る -> る→ふ -> ふ→る
greedy vs aggressive_pvs,greedy,aggressive_pvs,D20000_seed0_greedy_vs_aggressive_pvs_0,20000,0,second,ended_with_n,83,first,greedy,る,4284,63,0,1,0,,,る,あ,あ,0.003649,False,-11103.132183794467,,,,,,,,,,,,,,5,あ→ぬ -> ぬ→る -> る→る -> る→る -> る→る -> る→ぽ -> ぽ→ず -> ず→ず -> ず→む -> む→ず -> ず→ら -> ら→る -> る→ぷ -> ぷ→ず -> ず→れ -> れ→ず -> ず→が -> が→ず -> ず→つ -> つ→る -> る→び -> び→ず -> ず→つ -> つ→る -> る→む -> む→る -> る→げ -> げ→る -> る→ゆ -> ゆ→ず -> ず→よ -> よ→ず -> ず→よ -> よ→ず -> ず→う -> う→ず -> ず→う -> う→ず -> ず→う -> う→る -> る→ゆ -> ゆ→る -> る→つ -> つ→む -> む→ぐ -> ぐ→ず -> ず→う -> う→る -> る→な -> な→る -> る→う -> う→る -> る→う -> う→む -> む→ぜ -> ぜ→る -> る→う -> う→む -> む→び -> び→る -> る→く -> く→る -> る→り -> り→る -> る→す -> す→る -> る→す -> す→る -> る→す -> す→る -> る→す -> す→る -> る→す -> す→る -> る→す -> す→る -> る→と -> と→る -> る→と -> と→る -> る→ふ -> ふ→る -> る→あ
greedy vs aggressive_pvs,greedy,aggressive_pvs,D20000_seed0_greedy_vs_aggressive_pvs_0,20000,0,second,ended_with_n,84,second,aggressive_pvs,あ,63,0,63,14,13,,,あ,る,る,1.000008,True,11179.7622587269,1,1,True,0,37,37,36,0,0,0,36,0,{},36,あ→ぬ -> ぬ→る -> る→る -> る→る -> る→る -> る→ぽ -> ぽ→ず -> ず→ず -> ず→む -> む→ず -> ず→ら -> ら→る -> る→ぷ -> ぷ→ず -> ず→れ -> れ→ず -> ず→が -> が→ず -> ず→つ -> つ→る -> る→び -> び→ず -> ず→つ -> つ→る -> る→む -> む→る -> る→げ -> げ→る -> る→ゆ -> ゆ→ず -> ず→よ -> よ→ず -> ず→よ -> よ→ず -> ず→う -> う→ず -> ず→う -> う→ず -> ず→う -> う→る -> る→ゆ -> ゆ→る -> る→つ -> つ→む -> む→ぐ -> ぐ→ず -> ず→う -> う→る -> る→な -> な→る -> る→う -> う→る -> る→う -> う→む -> む→ぜ -> ぜ→る -> る→う -> う→む -> む→び -> び→る -> る→く -> く→る -> る→り -> り→る -> る→す -> す→る -> る→す -> す→る -> る→す -> す→る -> る→す -> す→る -> る→す -> す→る -> る→す -> す→る -> る→と -> と→る -> る→と -> と→る -> る→ふ -> ふ→る -> る→あ -> あ→る
greedy vs aggressive_pvs,greedy,aggressive_pvs,D20000_seed0_greedy_vs_aggressive_pvs_0,20000,0,second,ended_with_n,85,first,greedy,る,4285,63,1,5,4,,,る,い,い,0.002756,False,-11179.7622587269,,,,,,,,,,,,,,4,あ→ぬ -> ぬ→る -> る→る -> る→る -> る→る -> る→ぽ -> ぽ→ず -> ず→ず -> ず→む -> む→ず -> ず→ら -> ら→る -> る→ぷ -> ぷ→ず -> ず→れ -> れ→ず -> ず→が -> が→ず -> ず→つ -> つ→る -> る→び -> び→ず -> ず→つ -> つ→る -> る→む -> む→る -> る→げ -> げ→る -> る→ゆ -> ゆ→ず -> ず→よ -> よ→ず -> ず→よ -> よ→ず -> ず→う -> う→ず -> ず→う -> う→ず -> ず→う -> う→る -> る→ゆ -> ゆ→る -> る→つ -> つ→む -> む→ぐ -> ぐ→ず -> ず→う -> う→る -> る→な -> な→る -> る→う -> う→る -> る→う -> う→む -> む→ぜ -> ぜ→る -> る→う -> う→む -> む→び -> び→る -> る→く -> く→る -> る→り -> り→る -> る→す -> す→る -> る→す -> す→る -> る→す -> す→る -> る→す -> す→る -> る→す -> す→る -> る→す -> す→る -> る→と -> と→る -> る→と -> と→る -> る→ふ -> ふ→る -> る→あ -> あ→る -> る→い
greedy vs aggressive_pvs,greedy,aggressive_pvs,D20000_seed0_greedy_vs_aggressive_pvs_0,20000,0,second,ended_with_n,86,second,aggressive_pvs,い,131,1,63,7,6,,,い,る,る,1.000005,True,11160.97762345679,1,1,True,0,38,38,37,0,0,0,37,0,{},37,あ→ぬ -> ぬ→る -> る→る -> る→る -> る→る -> る→ぽ -> ぽ→ず -> ず→ず -> ず→む -> む→ず -> ず→ら -> ら→る -> る→ぷ -> ぷ→ず -> ず→れ -> れ→ず -> ず→が -> が→ず -> ず→つ -> つ→る -> る→び -> び→ず -> ず→つ -> つ→る -> る→む -> む→る -> る→げ -> げ→る -> る→ゆ -> ゆ→ず -> ず→よ -> よ→ず -> ず→よ -> よ→ず -> ず→う -> う→ず -> ず→う -> う→ず -> ず→う -> う→る -> る→ゆ -> ゆ→る -> る→つ -> つ→む -> む→ぐ -> ぐ→ず -> ず→う -> う→る -> る→な -> な→る -> る→う -> う→る -> る→う -> う→む -> む→ぜ -> ぜ→る -> る→う -> う→む -> む→び -> び→る -> る→く -> く→る -> る→り -> り→る -> る→す -> す→る -> る→す -> す→る -> る→す -> す→る -> る→す -> す→る -> る→す -> す→る -> る→す -> す→る -> る→と -> と→る -> る→と -> と→る -> る→ふ -> ふ→る -> る→あ -> あ→る -> る→い -> い→る
greedy vs aggressive_pvs,greedy,aggressive_pvs,D20000_seed0_greedy_vs_aggressive_pvs_0,20000,0,second,ended_with_n,87,first,greedy,る,4285,63,1,4,3,,,る,い,い,0.00274,False,-11160.97762345679,,,,,,,,,,,,,,4,あ→ぬ -> ぬ→る -> る→る -> る→る -> る→る -> る→ぽ -> ぽ→ず -> ず→ず -> ず→む -> む→ず -> ず→ら -> ら→る -> る→ぷ -> ぷ→ず -> ず→れ -> れ→ず -> ず→が -> が→ず -> ず→つ -> つ→る -> る→び -> び→ず -> ず→つ -> つ→る -> る→む -> む→る -> る→げ -> げ→る -> る→ゆ -> ゆ→ず -> ず→よ -> よ→ず -> ず→よ -> よ→ず -> ず→う -> う→ず -> ず→う -> う→ず -> ず→う -> う→る -> る→ゆ -> ゆ→る -> る→つ -> つ→む -> む→ぐ -> ぐ→ず -> ず→う -> う→る -> る→な -> な→る -> る→う -> う→る -> る→う -> う→む -> む→ぜ -> ぜ→る -> る→う -> う→む -> む→び -> び→る -> る→く -> く→る -> る→り -> り→る -> る→す -> す→る -> る→す -> す→る -> る→す -> す→る -> る→す -> す→る -> る→す -> す→る -> る→す -> す→る -> る→と -> と→る -> る→と -> と→る -> る→ふ -> ふ→る -> る→あ -> あ→る -> る→い -> い→る -> る→い
greedy vs aggressive_pvs,greedy,aggressive_pvs,D20000_seed0_greedy_vs_aggressive_pvs_0,20000,0,second,ended_with_n,88,second,aggressive_pvs,い,131,1,63,6,5,,,い,る,る,1.000008,True,10978.508824742268,1,1,True,0,38,38,37,0,0,0,37,0,{},37,あ→ぬ -> ぬ→る -> る→る -> る→る -> る→る -> る→ぽ -> ぽ→ず -> ず→ず -> ず→む -> む→ず -> ず→ら -> ら→る -> る→ぷ -> ぷ→ず -> ず→れ -> れ→ず -> ず→が -> が→ず -> ず→つ -> つ→る -> る→び -> び→ず -> ず→つ -> つ→る -> る→む -> む→る -> る→げ -> げ→る -> る→ゆ -> ゆ→ず -> ず→よ -> よ→ず -> ず→よ -> よ→ず -> ず→う -> う→ず -> ず→う -> う→ず -> ず→う -> う→る -> る→ゆ -> ゆ→る -> る→つ -> つ→む -> む→ぐ -> ぐ→ず -> ず→う -> う→る -> る→な -> な→る -> る→う -> う→る -> る→う -> う→む -> む→ぜ -> ぜ→る -> る→う -> う→む -> む→び -> び→る -> る→く -> く→る -> る→り -> り→る -> る→す -> す→る -> る→す -> す→る -> る→す -> す→る -> る→す -> す→る -> る→す -> す→る -> る→す -> す→る -> る→と -> と→る -> る→と -> と→る -> る→ふ -> ふ→る -> る→あ -> あ→る -> る→い -> い→る -> る→い -> い→る
greedy vs aggressive_pvs,greedy,aggressive_pvs,D20000_seed0_greedy_vs_aggressive_pvs_0,20000,0,second,ended_with_n,89,first,greedy,る,4285,63,1,3,2,,,る,い,い,0.002773,False,-10978.508824742268,,,,,,,,,,,,,,4,あ→ぬ -> ぬ→る -> る→る -> る→る -> る→る -> る→ぽ -> ぽ→ず -> ず→ず -> ず→む -> む→ず -> ず→ら -> ら→る -> る→ぷ -> ぷ→ず -> ず→れ -> れ→ず -> ず→が -> が→ず -> ず→つ -> つ→る -> る→び -> び→ず -> ず→つ -> つ→る -> る→む -> む→る -> る→げ -> げ→る -> る→ゆ -> ゆ→ず -> ず→よ -> よ→ず -> ず→よ -> よ→ず -> ず→う -> う→ず -> ず→う -> う→ず -> ず→う -> う→る -> る→ゆ -> ゆ→る -> る→つ -> つ→む -> む→ぐ -> ぐ→ず -> ず→う -> う→る -> る→な -> な→る -> る→う -> う→る -> る→う -> う→む -> む→ぜ -> ぜ→る -> る→う -> う→む -> む→び -> び→る -> る→く -> く→る -> る→り -> り→る -> る→す -> す→る -> る→す -> す→る -> る→す -> す→る -> る→す -> す→る -> る→す -> す→る -> る→す -> す→る -> る→と -> と→る -> る→と -> と→る -> る→ふ -> ふ→る -> る→あ -> あ→る -> る→い -> い→る -> る→い -> い→る -> る→い
greedy vs aggressive_pvs,greedy,aggressive_pvs,D20000_seed0_greedy_vs_aggressive_pvs_0,20000,0,second,ended_with_n,90,second,aggressive_pvs,い,131,1,63,5,4,,,い,る,る,1.000009,True,10961.279338842975,1,1,True,0,38,38,37,0,0,0,37,0,{},37,あ→ぬ -> ぬ→る -> る→る -> る→る -> る→る -> る→ぽ -> ぽ→ず -> ず→ず -> ず→む -> む→ず -> ず→ら -> ら→る -> る→ぷ -> ぷ→ず -> ず→れ -> れ→ず -> ず→が -> が→ず -> ず→つ -> つ→る -> る→び -> び→ず -> ず→つ -> つ→る -> る→む -> む→る -> る→げ -> げ→る -> る→ゆ -> ゆ→ず -> ず→よ -> よ→ず -> ず→よ -> よ→ず -> ず→う -> う→ず -> ず→う -> う→ず -> ず→う -> う→る -> る→ゆ -> ゆ→る -> る→つ -> つ→む -> む→ぐ -> ぐ→ず -> ず→う -> う→る -> る→な -> な→る -> る→う -> う→る -> る→う -> う→む -> む→ぜ -> ぜ→る -> る→う -> う→む -> む→び -> び→る -> る→く -> く→る -> る→り -> り→る -> る→す -> す→る -> る→す -> す→る -> る→す -> す→る -> る→す -> す→る -> る→す -> す→る -> る→す -> す→る -> る→と -> と→る -> る→と -> と→る -> る→ふ -> ふ→る -> る→あ -> あ→る -> る→い -> い→る -> る→い -> い→る -> る→い -> い→る
greedy vs aggressive_pvs,greedy,aggressive_pvs,D20000_seed0_greedy_vs_aggressive_pvs_0,20000,0,second,ended_with_n,91,first,greedy,る,4285,63,1,2,1,,,る,い,い,0.002727,False,-10961.279338842975,,,,,,,,,,,,,,4,あ→ぬ -> ぬ→る -> る→る -> る→る -> る→る -> る→ぽ -> ぽ→ず -> ず→ず -> ず→む -> む→ず -> ず→ら -> ら→る -> る→ぷ -> ぷ→ず -> ず→れ -> れ→ず -> ず→が -> が→ず -> ず→つ -> つ→る -> る→び -> び→ず -> ず→つ -> つ→る -> る→む -> む→る -> る→げ -> げ→る -> る→ゆ -> ゆ→ず -> ず→よ -> よ→ず -> ず→よ -> よ→ず -> ず→う -> う→ず -> ず→う -> う→ず -> ず→う -> う→る -> る→ゆ -> ゆ→る -> る→つ -> つ→む -> む→ぐ -> ぐ→ず -> ず→う -> う→る -> る→な -> な→る -> る→う -> う→る -> る→う -> う→む -> む→ぜ -> ぜ→る -> る→う -> う→む -> む→び -> び→る -> る→く -> く→る -> る→り -> り→る -> る→す -> す→る -> る→す -> す→る -> る→す -> す→る -> る→す -> す→る -> る→す -> す→る -> る→す -> す→る -> る→と -> と→る -> る→と -> と→る -> る→ふ -> ふ→る -> る→あ -> あ→る -> る→い -> い→る -> る→い -> い→る -> る→い -> い→る -> る→い
greedy vs aggressive_pvs,greedy,aggressive_pvs,D20000_seed0_greedy_vs_aggressive_pvs_0,20000,0,second,ended_with_n,92,second,aggressive_pvs,い,131,1,63,4,3,,,い,る,る,1.000008,True,10955.256521739131,1,1,True,0,38,38,37,0,0,0,37,0,{},37,あ→ぬ -> ぬ→る -> る→る -> る→る -> る→る -> る→ぽ -> ぽ→ず -> ず→ず -> ず→む -> む→ず -> ず→ら -> ら→る -> る→ぷ -> ぷ→ず -> ず→れ -> れ→ず -> ず→が -> が→ず -> ず→つ -> つ→る -> る→び -> び→ず -> ず→つ -> つ→る -> る→む -> む→る -> る→げ -> げ→る -> る→ゆ -> ゆ→ず -> ず→よ -> よ→ず -> ず→よ -> よ→ず -> ず→う -> う→ず -> ず→う -> う→ず -> ず→う -> う→る -> る→ゆ -> ゆ→る -> る→つ -> つ→む -> む→ぐ -> ぐ→ず -> ず→う -> う→る -> る→な -> な→る -> る→う -> う→る -> る→う -> う→む -> む→ぜ -> ぜ→る -> る→う -> う→む -> む→び -> び→る -> る→く -> く→る -> る→り -> り→る -> る→す -> す→る -> る→す -> す→る -> る→す -> す→る -> る→す -> す→る -> る→す -> す→る -> る→す -> す→る -> る→と -> と→る -> る→と -> と→る -> る→ふ -> ふ→る -> る→あ -> あ→る -> る→い -> い→る -> る→い -> い→る -> る→い -> い→る -> る→い -> い→る
greedy vs aggressive_pvs,greedy,aggressive_pvs,D20000_seed0_greedy_vs_aggressive_pvs_0,20000,0,second,ended_with_n,93,first,greedy,る,4285,63,1,1,0,,,る,い,い,0.002728,False,-10955.256521739131,,,,,,,,,,,,,,4,あ→ぬ -> ぬ→る -> る→る -> る→る -> る→る -> る→ぽ -> ぽ→ず -> ず→ず -> ず→む -> む→ず -> ず→ら -> ら→る -> る→ぷ -> ぷ→ず -> ず→れ -> れ→ず -> ず→が -> が→ず -> ず→つ -> つ→る -> る→び -> び→ず -> ず→つ -> つ→る -> る→む -> む→る -> る→げ -> げ→る -> る→ゆ -> ゆ→ず -> ず→よ -> よ→ず -> ず→よ -> よ→ず -> ず→う -> う→ず -> ず→う -> う→ず -> ず→う -> う→る -> る→ゆ -> ゆ→る -> る→つ -> つ→む -> む→ぐ -> ぐ→ず -> ず→う -> う→る -> る→な -> な→る -> る→う -> う→る -> る→う -> う→む -> む→ぜ -> ぜ→る -> る→う -> う→む -> む→び -> び→る -> る→く -> く→る -> る→り -> り→る -> る→す -> す→る -> る→す -> す→る -> る→す -> す→る -> る→す -> す→る -> る→す -> す→る -> る→す -> す→る -> る→と -> と→る -> る→と -> と→る -> る→ふ -> ふ→る -> る→あ -> あ→る -> る→い -> い→る -> る→い -> い→る -> る→い -> い→る -> る→い -> い→る -> る→い
greedy vs aggressive_pvs,greedy,aggressive_pvs,D20000_seed0_greedy_vs_aggressive_pvs_0,20000,0,second,ended_with_n,94,second,aggressive_pvs,い,131,1,63,3,2,,,い,る,る,1.000008,True,12941.279568965518,1,1,True,0,37,37,36,0,0,0,36,0,{},36,あ→ぬ -> ぬ→る -> る→る -> る→る -> る→る -> る→ぽ -> ぽ→ず -> ず→ず -> ず→む -> む→ず -> ず→ら -> ら→る -> る→ぷ -> ぷ→ず -> ず→れ -> れ→ず -> ず→が -> が→ず -> ず→つ -> つ→る -> る→び -> び→ず -> ず→つ -> つ→る -> る→む -> む→る -> る→げ -> げ→る -> る→ゆ -> ゆ→ず -> ず→よ -> よ→ず -> ず→よ -> よ→ず -> ず→う -> う→ず -> ず→う -> う→ず -> ず→う -> う→る -> る→ゆ -> ゆ→る -> る→つ -> つ→む -> む→ぐ -> ぐ→ず -> ず→う -> う→る -> る→な -> な→る -> る→う -> う→る -> る→う -> う→む -> む→ぜ -> ぜ→る -> る→う -> う→む -> む→び -> び→る -> る→く -> く→る -> る→り -> り→る -> る→す -> す→る -> る→す -> す→る -> る→す -> す→る -> る→す -> す→る -> る→す -> す→る -> る→す -> す→る -> る→と -> と→る -> る→と -> と→る -> る→ふ -> ふ→る -> る→あ -> あ→る -> る→い -> い→る -> る→い -> い→る -> る→い -> い→る -> る→い -> い→る -> る→い -> い→る
greedy vs aggressive_pvs,greedy,aggressive_pvs,D20000_seed0_greedy_vs_aggressive_pvs_0,20000,0,second,ended_with_n,95,first,greedy,る,4291,63,7,1,0,,,る,き,き,0.001792,False,-12941.279568965518,,,,,,,,,,,,,,3,あ→ぬ -> ぬ→る -> る→る -> る→る -> る→る -> る→ぽ -> ぽ→ず -> ず→ず -> ず→む -> む→ず -> ず→ら -> ら→る -> る→ぷ -> ぷ→ず -> ず→れ -> れ→ず -> ず→が -> が→ず -> ず→つ -> つ→る -> る→び -> び→ず -> ず→つ -> つ→る -> る→む -> む→る -> る→げ -> げ→る -> る→ゆ -> ゆ→ず -> ず→よ -> よ→ず -> ず→よ -> よ→ず -> ず→う -> う→ず -> ず→う -> う→ず -> ず→う -> う→る -> る→ゆ -> ゆ→る -> る→つ -> つ→む -> む→ぐ -> ぐ→ず -> ず→う -> う→る -> る→な -> な→る -> る→う -> う→る -> る→う -> う→む -> む→ぜ -> ぜ→る -> る→う -> う→む -> む→び -> び→る -> る→く -> く→る -> る→り -> り→る -> る→す -> す→る -> る→す -> す→る -> る→す -> す→る -> る→す -> す→る -> る→す -> す→る -> る→す -> す→る -> る→と -> と→る -> る→と -> と→る -> る→ふ -> ふ→る -> る→あ -> あ→る -> る→い -> い→る -> る→い -> い→る -> る→い -> い→る -> る→い -> い→る -> る→い -> い→る -> る→き
greedy vs aggressive_pvs,greedy,aggressive_pvs,D20000_seed0_greedy_vs_aggressive_pvs_0,20000,0,second,ended_with_n,96,second,aggressive_pvs,き,539,7,63,12,11,,,き,る,る,1.000009,True,13101.07923076923,1,1,True,0,36,36,35,0,0,0,35,0,{},35,あ→ぬ -> ぬ→る -> る→る -> る→る -> る→る -> る→ぽ -> ぽ→ず -> ず→ず -> ず→む -> む→ず -> ず→ら -> ら→る -> る→ぷ -> ぷ→ず -> ず→れ -> れ→ず -> ず→が -> が→ず -> ず→つ -> つ→る -> る→び -> び→ず -> ず→つ -> つ→る -> る→む -> む→る -> る→げ -> げ→る -> る→ゆ -> ゆ→ず -> ず→よ -> よ→ず -> ず→よ -> よ→ず -> ず→う -> う→ず -> ず→う -> う→ず -> ず→う -> う→る -> る→ゆ -> ゆ→る -> る→つ -> つ→む -> む→ぐ -> ぐ→ず -> ず→う -> う→る -> る→な -> な→る -> る→う -> う→る -> る→う -> う→む -> む→ぜ -> ぜ→る -> る→う -> う→む -> む→び -> び→る -> る→く -> く→る -> る→り -> り→る -> る→す -> す→る -> る→す -> す→る -> る→す -> す→る -> る→す -> す→る -> る→す -> す→る -> る→す -> す→る -> る→と -> と→る -> る→と -> と→る -> る→ふ -> ふ→る -> る→あ -> あ→る -> る→い -> い→る -> る→い -> い→る -> る→い -> い→る -> る→い -> い→る -> る→い -> い→る -> る→き -> き→る
greedy vs aggressive_pvs,greedy,aggressive_pvs,D20000_seed0_greedy_vs_aggressive_pvs_0,20000,0,second,ended_with_n,97,first,greedy,る,4302,63,18,1,0,,,る,じ,じ,0.00088,False,-13101.07923076923,,,,,,,,,,,,,,2,あ→ぬ -> ぬ→る -> る→る -> る→る -> る→る -> る→ぽ -> ぽ→ず -> ず→ず -> ず→む -> む→ず -> ず→ら -> ら→る -> る→ぷ -> ぷ→ず -> ず→れ -> れ→ず -> ず→が -> が→ず -> ず→つ -> つ→る -> る→び -> び→ず -> ず→つ -> つ→る -> る→む -> む→る -> る→げ -> げ→る -> る→ゆ -> ゆ→ず -> ず→よ -> よ→ず -> ず→よ -> よ→ず -> ず→う -> う→ず -> ず→う -> う→ず -> ず→う -> う→る -> る→ゆ -> ゆ→る -> る→つ -> つ→む -> む→ぐ -> ぐ→ず -> ず→う -> う→る -> る→な -> な→る -> る→う -> う→る -> る→う -> う→む -> む→ぜ -> ぜ→る -> る→う -> う→む -> む→び -> び→る -> る→く -> く→る -> る→り -> り→る -> る→す -> す→る -> る→す -> す→る -> る→す -> す→る -> る→す -> す→る -> る→す -> す→る -> る→す -> す→る -> る→と -> と→る -> る→と -> と→る -> る→ふ -> ふ→る -> る→あ -> あ→る -> る→い -> い→る -> る→い -> い→る -> る→い -> い→る -> る→い -> い→る -> る→い -> い→る -> る→き -> き→る -> る→じ
greedy vs aggressive_pvs,greedy,aggressive_pvs,D20000_seed0_greedy_vs_aggressive_pvs_0,20000,0,second,ended_with_n,98,second,aggressive_pvs,じ,1287,18,63,7,6,,,じ,る,る,1.000006,True,999999.0,1,1,True,0,35,35,34,0,0,0,34,0,{},34,あ→ぬ -> ぬ→る -> る→る -> る→る -> る→る -> る→ぽ -> ぽ→ず -> ず→ず -> ず→む -> む→ず -> ず→ら -> ら→る -> る→ぷ -> ぷ→ず -> ず→れ -> れ→ず -> ず→が -> が→ず -> ず→つ -> つ→る -> る→び -> び→ず -> ず→つ -> つ→る -> る→む -> む→る -> る→げ -> げ→る -> る→ゆ -> ゆ→ず -> ず→よ -> よ→ず -> ず→よ -> よ→ず -> ず→う -> う→ず -> ず→う -> う→ず -> ず→う -> う→る -> る→ゆ -> ゆ→る -> る→つ -> つ→む -> む→ぐ -> ぐ→ず -> ず→う -> う→る -> る→な -> な→る -> る→う -> う→る -> る→う -> う→む -> む→ぜ -> ぜ→る -> る→う -> う→む -> む→び -> び→る -> る→く -> く→る -> る→り -> り→る -> る→す -> す→る -> る→す -> す→る -> る→す -> す→る -> る→す -> す→る -> る→す -> す→る -> る→す -> す→る -> る→と -> と→る -> る→と -> と→る -> る→ふ -> ふ→る -> る→あ -> あ→る -> る→い -> い→る -> る→い -> い→る -> る→い -> い→る -> る→い -> い→る -> る→い -> い→る -> る→き -> き→る -> る→じ -> じ→る
greedy vs aggressive_pvs,greedy,aggressive_pvs,D20000_seed0_greedy_vs_aggressive_pvs_0,20000,0,second,ended_with_n,99,first,greedy,る,4351,63,67,7,6,,,る,ん,,4e-06,False,-1000000.0,,,,,,,,,,,,,,1,あ→ぬ -> ぬ→る -> る→る -> る→る -> る→る -> る→ぽ -> ぽ→ず -> ず→ず -> ず→む -> む→ず -> ず→ら -> ら→る -> る→ぷ -> ぷ→ず -> ず→れ -> れ→ず -> ず→が -> が→ず -> ず→つ -> つ→る -> る→び -> び→ず -> ず→つ -> つ→る -> る→む -> む→る -> る→げ -> げ→る -> る→ゆ -> ゆ→ず -> ず→よ -> よ→ず -> ず→よ -> よ→ず -> ず→う -> う→ず -> ず→う -> う→ず -> ず→う -> う→る -> る→ゆ -> ゆ→る -> る→つ -> つ→む -> む→ぐ -> ぐ→ず -> ず→う -> う→る -> る→な -> な→る -> る→う -> う→る -> る→う -> う→む -> む→ぜ -> ぜ→る -> る→う -> う→む -> む→び -> び→る -> る→く -> く→る -> る→り -> り→る -> る→す -> す→る -> る→す -> す→る -> る→す -> す→る -> る→す -> す→る -> る→す -> す→る -> る→す -> す→る -> る→と -> と→る -> る→と -> と→る -> る→ふ -> ふ→る -> る→あ -> あ→る -> る→い -> い→る -> る→い -> い→る -> る→い -> い→る -> る→い -> い→る -> る→い -> い→る -> る→き -> き→る -> る→じ -> じ→る -> る→ん
alpha_beta vs greedy,alpha_beta,greedy,D20000_seed0_alpha_beta_vs_greedy_0,20000,0,first,ended_with_n,1,first,alpha_beta,ANY,35,0,35,1,0,,,あ,ぬ,ぬ,1.000174,True,-508.2713636363636,4,3,True,0,0,0,0,0,0,0,0,0,{},0,あ→ぬ
alpha_beta vs greedy,alpha_beta,greedy,D20000_seed0_alpha_beta_vs_greedy_0,20000,0,first,ended_with_n,2,second,greedy,ぬ,2443,35,63,4,3,,,ぬ,る,る,0.01398,False,-834.8322058823529,,,,,,,,,,,,,,17,あ→ぬ -> ぬ→る
alpha_beta vs greedy,alpha_beta,greedy,D20000_seed0_alpha_beta_vs_greedy_0,20000,0,first,ended_with_n,3,first,alpha_beta,る,4347,63,63,3,2,,,る,る,る,1.000015,True,-814.4372727272727,3,2,True,0,34,31,0,0,0,0,0,0,{},0,あ→ぬ -> ぬ→る -> る→る
alpha_beta vs greedy,alpha_beta,greedy,D20000_seed0_alpha_beta_vs_greedy_0,20000,0,first,ended_with_n,4,second,greedy,る,4347,63,63,2,1,,,る,る,る,0.0141,False,-796.084375,,,,,,,,,,,,,,20,あ→ぬ -> ぬ→る -> る→る -> る→る
alpha_beta vs greedy,alpha_beta,greedy,D20000_seed0_alpha_beta_vs_greedy_0,20000,0,first,ended_with_n,5,first,alpha_beta,る,4347,63,63,1,0,,,る,る,る,1.000014,True,-731.3015,2,1,True,0,33,31,1,0,0,0,0,0,{},1,あ→ぬ -> ぬ→る -> る→る -> る→る -> る→る
alpha_beta vs greedy,alpha_beta,greedy,D20000_seed0_alpha_beta_vs_greedy_0,20000,0,first,ended_with_n,6,second,greedy,る,4336,63,52,1,0,,,る,ぽ,ぽ,0.014047,False,-1106.0972340425533,,,,,,,,,,,,,,19,あ→ぬ -> ぬ→る -> る→る -> る→る -> る→る -> る→ぽ
alpha_beta vs greedy,alpha_beta,greedy,D20000_seed0_alpha_beta_vs_greedy_0,20000,0,first,ended_with_n,7,first,alpha_beta,ぽ,3599,52,63,6,5,,,ぽ,る,る,0.657407,False,1931.7662195121952,1,1,True,0,20,20,21,0,0,0,0,0,{},21,あ→ぬ -> ぬ→る -> る→る -> る→る -> る→る -> る→ぽ -> ぽ→る
alpha_beta vs greedy,alpha_beta,greedy,D20000_seed0_alpha_beta_vs_greedy_0,20000,0,first,ended_with_n,8,second,greedy,る,4330,63,46,1,0,,,る,ぷ,ぷ,0.013463,False,-1931.7662195121952,,,,,,,,,,,,,,18,あ→ぬ -> ぬ→る -> る→る -> る→る -> る→る -> る→ぽ -> ぽ→る -> る→ぷ
alpha_beta vs greedy,alpha_beta,greedy,D20000_seed0_alpha_beta_vs_greedy_0,20000,0,first,ended_with_n,9,first,alpha_beta,ぷ,3191,46,63,7,6,,,ぷ,る,る,0.92943,False,2481.663636363636,1,1,True,0,27,27,28,0,0,0,0,0,{},28,あ→ぬ -> ぬ→る -> る→る -> る→る -> る→る -> る→ぽ -> ぽ→る -> る→ぷ -> ぷ→る
alpha_beta vs greedy,alpha_beta,greedy,D20000_seed0_alpha_beta_vs_greedy_0,20000,0,first,ended_with_n,10,second,greedy,る,4326,63,42,1,0,,,る,び,び,0.012991,False,-2481.663636363636,,,,,,,,,,,,,,17,あ→ぬ -> ぬ→る -> る→る -> る→る -> る→る -> る→ぽ -> ぽ→る -> る→ぷ -> ぷ→る -> る→び
alpha_beta vs greedy,alpha_beta,greedy,D20000_seed0_alpha_beta_vs_greedy_0,20000,0,first,ended_with_n,11,first,alpha_beta,び,2919,42,63,5,4,,,び,る,る,1.000014,True,3116.411875,1,1,True,0,31,31,30,0,0,0,0,0,{},30,あ→ぬ -> ぬ→る -> る→る -> る→る -> る→る -> る→ぽ -> ぽ→る -> る→ぷ -> ぷ→る -> る→び -> び→る
alpha_beta vs greedy,alpha_beta,greedy,D20000_seed0_alpha_beta_vs_greedy_0,20000,0,first,ended_with_n,12,second,greedy,る,4339,63,55,1,0,,,る,む,む,0.012511,False,-3116.411875,,,,,,,,,,,,,,16,あ→ぬ -> ぬ→る -> る→る -> る→る -> る→る -> る→ぽ -> ぽ→る -> る→ぷ -> ぷ→る -> る→び -> び→る -> る→む
alpha_beta vs greedy,alpha_beta,greedy,D20000_seed0_alpha_beta_vs_greedy_0,20000,0,first,ended_with_n,13,first,alpha_beta,む,3803,55,63,1,0,,,む,る,る,1.000006,True,3788.123853503185,1,1,True,0,32,32,31,0,0,0,0,0,{},31,あ→ぬ -> ぬ→る -> る→る -> る→る -> る→る -> る→ぽ -> ぽ→る -> る→ぷ -> ぷ→る -> る→び -> び→る -> る→む -> む→る
alpha_beta vs greedy,alpha_beta,greedy,D20000_seed0_alpha_beta_vs_greedy_0,20000,0,first,ended_with_n,14,second,greedy,る,4296,63,12,1,0,,,る,げ,げ,0.011622,False,-3788.123853503185,,,,,,,,,,,,,,15,あ→ぬ -> ぬ→る -> る→る -> る→る -> る→る -> る→ぽ -> ぽ→る -> る→ぷ -> ぷ→る -> る→び -> び→る -> る→む -> む→る -> る→げ
alpha_beta vs greedy,alpha_beta,greedy,D20000_seed0_alpha_beta_vs_greedy_0,20000,0,first,ended_with_n,15,first,alpha_beta,げ,879,12,63,2,1,,,げ,る,る,1.000011,True,3972.757965116279,1,1,True,0,30,30,29,0,0,0,0,0,{},29,あ→ぬ -> ぬ→る -> る→る -> る→る -> る→る -> る→ぽ -> ぽ→る -> る→ぷ -> ぷ→る -> る→び -> び→る -> る→む -> む→る -> る→げ -> げ→る
alpha_beta vs greedy,alpha_beta,greedy,D20000_seed0_alpha_beta_vs_greedy_0,20000,0,first,ended_with_n,16,second,greedy,る,4343,63,59,2,1,,,る,ゆ,ゆ,0.011149,False,-3972.757965116279,,,,,,,,,,,,,,14,あ→ぬ -> ぬ→る -> る→る -> る→る -> る→る -> る→ぽ -> ぽ→る -> る→ぷ -> ぷ→る -> る→び -> び→る -> る→む -> む→る -> る→げ -> げ→る -> る→ゆ
alpha_beta vs greedy,alpha_beta,greedy,D20000_seed0_alpha_beta_vs_greedy_0,20000,0,first,ended_with_n,17,first,alpha_beta,ゆ,4075,59,63,3,2,,,ゆ,る,る,1.000009,True,3954.0334210526316,1,1,True,0,31,31,30,0,0,0,0,0,{},30,あ→ぬ -> ぬ→る -> る→る -> る→る -> る→る -> る→ぽ -> ぽ→る -> る→ぷ -> ぷ→る -> る→び -> び→る -> る→む -> む→る -> る→げ -> げ→る -> る→ゆ -> ゆ→る
alpha_beta vs greedy,alpha_beta,greedy,D20000_seed0_alpha_beta_vs_greedy_0,20000,0,first,ended_with_n,18,second,greedy,る,4343,63,59,1,0,,,る,ゆ,ゆ,0.011047,False,-3954.0334210526316,,,,,,,,,,,,,,14,あ→ぬ -> ぬ→る -> る→る -> る→る -> る→る -> る→ぽ -> ぽ→る -> る→ぷ -> ぷ→る -> る→び -> び→る -> る→む -> む→る -> る→げ -> げ→る -> る→ゆ -> ゆ→る -> る→ゆ
alpha_beta vs greedy,alpha_beta,greedy,D20000_seed0_alpha_beta_vs_greedy_0,20000,0,first,ended_with_n,19,first,alpha_beta,ゆ,4075,59,63,2,1,,,ゆ,る,る,1.000011,True,4279.046594594594,1,1,True,0,30,30,29,0,0,0,0,0,{},29,あ→ぬ -> ぬ→る -> る→る -> る→る -> る→る -> る→ぽ -> ぽ→る -> る→ぷ -> ぷ→る -> る→び -> び→る -> る→む -> む→る -> る→げ -> げ→る -> る→ゆ -> ゆ→る -> る→ゆ -> ゆ→る
alpha_beta vs greedy,alpha_beta,greedy,D20000_seed0_alpha_beta_vs_greedy_0,20000,0,first,ended_with_n,20,second,greedy,る,4312,63,28,1,0,,,る,つ,つ,0.010599,False,-4279.046594594594,,,,,,,,,,,,,,13,あ→ぬ -> ぬ→る -> る→る -> る→る -> る→る -> る→ぽ -> ぽ→る -> る→ぷ -> ぷ→る -> る→び -> び→る -> る→む -> む→る -> る→げ -> げ→る -> る→ゆ -> ゆ→る -> る→ゆ -> ゆ→る -> る→つ
alpha_beta vs greedy,alpha_beta,greedy,D20000_seed0_alpha_beta_vs_greedy_0,20000,0,first,ended_with_n,21,first,alpha_beta,つ,1967,28,63,2,1,,,つ,る,る,1.000008,True,5724.63666,1,1,True,0,31,31,30,0,0,0,0,0,{},30,あ→ぬ -> ぬ→る -> る→る -> る→る -> る→る -> る→ぽ -> ぽ→る -> る→ぷ -> ぷ→る -> る→び -> び→る -> る→む -> む→る -> る→げ -> げ→る -> る→ゆ -> ゆ→る -> る→ゆ -> ゆ→る -> る→つ -> つ→る
alpha_beta vs greedy,alpha_beta,greedy,D20000_seed0_alpha_beta_vs_greedy_0,20000,0,first,ended_with_n,22,second,greedy,る,4317,63,33,1,0,,,る,な,な,0.009638,False,-5724.63666,,,,,,,,,,,,,,12,あ→ぬ -> ぬ→る -> る→る -> る→る -> る→る -> る→ぽ -> ぽ→る -> る→ぷ -> ぷ→る -> る→び -> び→る -> る→む -> む→る -> る→げ -> げ→る -> る→ゆ -> ゆ→る -> る→ゆ -> ゆ→る -> る→つ -> つ→る -> る→な
alpha_beta vs greedy,alpha_beta,greedy,D20000_seed0_alpha_beta_vs_greedy_0,20000,0,first,ended_with_n,23,first,alpha_beta,な,2307,33,63,5,4,,,な,る,る,1.00001,True,5957.074261363637,1,1,True,0,33,33,32,0,0,0,0,0,{},32,あ→ぬ -> ぬ→る -> る→る -> る→る -> る→る -> る→ぽ -> ぽ→る -> る→ぷ -> ぷ→る -> る→び -> び→る -> る→む -> む→る -> る→げ -> げ→る -> る→ゆ -> ゆ→る -> る→ゆ -> ゆ→る -> る→つ -> つ→る -> る→な -> な→る
alpha_beta vs greedy,alpha_beta,greedy,D20000_seed0_alpha_beta_vs_greedy_0,20000,0,first,ended_with_n,24,second,greedy,る,4286,63,2,3,2,,,る,う,う,0.008773,False,-5957.074261363637,,,,,,,,,,,,,,11,あ→ぬ -> ぬ→る -> る→る -> る→る -> る→る -> る→ぽ -> ぽ→る -> る→ぷ -> ぷ→る -> る→び -> び→る -> る→む -> む→る -> る→げ -> げ→る -> る→ゆ -> ゆ→る -> る→ゆ -> ゆ→る -> る→つ -> つ→る -> る→な -> な→る -> る→う
alpha_beta vs greedy,alpha_beta,greedy,D20000_seed0_alpha_beta_vs_greedy_0,20000,0,first,ended_with_n,25,first,alpha_beta,う,199,2,63,3,2,,,う,る,る,1.000008,True,5937.514809885932,1,1,True,0,33,33,32,0,0,0,0,0,{},32,あ→ぬ -> ぬ→る -> る→る -> る→る -> る→る -> る→ぽ -> ぽ→る -> る→ぷ -> ぷ→る -> る→び -> び→る -> る→む -> む→る -> る→げ -> げ→る -> る→ゆ -> ゆ→る -> る→ゆ -> ゆ→る -> る→つ -> つ→る -> る→な -> な→る -> る→う -> う→る
alpha_beta vs greedy,alpha_beta,greedy,D20000_seed0_alpha_beta_vs_greedy_0,20000,0,first,ended_with_n,26,second,greedy,る,4286,63,2,2,1,,,る,う,う,0.008705,False,-5937.514809885932,,,,,,,,,,,,,,11,あ→ぬ -> ぬ→る -> る→る -> る→る -> る→る -> る→ぽ -> ぽ→る -> る→ぷ -> ぷ→る -> る→び -> び→る -> る→む -> む→る -> る→げ -> げ→る -> る→ゆ -> ゆ→る -> る→ゆ -> ゆ→る -> る→つ -> つ→る -> る→な -> な→る -> る→う -> う→る -> る→う
alpha_beta vs greedy,alpha_beta,greedy,D20000_seed0_alpha_beta_vs_greedy_0,20000,0,first,ended_with_n,27,first,alpha_beta,う,199,2,63,2,1,,,う,る,る,1.000009,True,5920.05465648855,1,1,True,0,34,34,33,0,0,0,0,0,{},33,あ→ぬ -> ぬ→る -> る→る -> る→る -> る→る -> る→ぽ -> ぽ→る -> る→ぷ -> ぷ→る -> る→び -> び→る -> る→む -> む→る -> る→げ -> げ→る -> る→ゆ -> ゆ→る -> る→ゆ -> ゆ→る -> る→つ -> つ→る -> る→な -> な→る -> る→う -> う→る -> る→う -> う→る
alpha_beta vs greedy,alpha_beta,greedy,D20000_seed0_alpha_beta_vs_greedy_0,20000,0,first,ended_with_n,28,second,greedy,る,4286,63,2,1,0,,,る,う,う,0.008711,False,-5920.05465648855,,,,,,,,,,,,,,11,あ→ぬ -> ぬ→る -> る→る -> る→る -> る→る -> る→ぽ -> ぽ→る -> る→ぷ -> ぷ→る -> る→び -> び→る -> る→む -> む→る -> る→げ -> げ→る -> る→ゆ -> ゆ→る -> る→ゆ -> ゆ→る -> る→つ -> つ→る -> る→な -> な→る -> る→う -> う→る -> る→う -> う→る -> る→う
alpha_beta vs greedy,alpha_beta,greedy,D20000_seed0_alpha_beta_vs_greedy_0,20000,0,first,ended_with_n,29,first,alpha_beta,う,199,2,63,1,0,,,う,る,る,1.000009,True,6674.784161073825,1,1,True,0,33,33,32,0,0,0,0,0,{},32,あ→ぬ -> ぬ→る -> る→る -> る→る -> る→る -> る→ぽ -> ぽ→る -> る→ぷ -> ぷ→る -> る→び -> び→る -> る→む -> む→る -> る→げ -> げ→る -> る→ゆ -> ゆ→る -> る→ゆ -> ゆ→る -> る→つ -> つ→る -> る→な -> な→る -> る→う -> う→る -> る→う -> う→る -> る→う -> う→る
alpha_beta vs greedy,alpha_beta,greedy,D20000_seed0_alpha_beta_vs_greedy_0,20000,0,first,ended_with_n,30,second,greedy,る,4293,63,9,1,0,,,る,く,く,0.007896,False,-6674.784161073825,,,,,,,,,,,,,,10,あ→ぬ -> ぬ→る -> る→る -> る→る -> る→る -> る→ぽ -> ぽ→る -> る→ぷ -> ぷ→る -> る→び -> び→る -> る→む -> む→る -> る→げ -> げ→る -> る→ゆ -> ゆ→る -> る→ゆ -> ゆ→る -> る→つ -> つ→る -> る→な -> な→る -> る→う -> う→る -> る→う -> う→る -> る→う -> う→る -> る→く
alpha_beta vs greedy,alpha_beta,greedy,D20000_seed0_alpha_beta_vs_greedy_0,20000,0,first,ended_with_n,31,first,alpha_beta,く,675,9,63,8,7,,,く,る,る,1.000017,True,6878.606979865772,1,1,True,0,34,34,33,0,0,0,0,0,{},33,あ→ぬ -> ぬ→る -> る→る -> る→る -> る→る -> る→ぽ -> ぽ→る -> る→ぷ -> ぷ→る -> る→び -> び→る -> る→む -> む→る -> る→げ -> げ→る -> る→ゆ -> ゆ→る -> る→ゆ -> ゆ→る -> る→つ -> つ→る -> る→な -> な→る -> る→う -> う→る -> る→う -> う→る -> る→う -> う→る -> る→く -> く→る
alpha_beta vs greedy,alpha_beta,greedy,D20000_seed0_alpha_beta_vs_greedy_0,20000,0,first,ended_with_n,32,second,greedy,る,4346,63,62,1,0,,,る,り,り,0.007,False,-6878.606979865772,,,,,,,,,,,,,,9,あ→ぬ -> ぬ→る -> る→る -> る→る -> る→る -> る→ぽ -> ぽ→る -> る→ぷ -> ぷ→る -> る→び -> び→る -> る→む -> む→る -> る→げ -> げ→る -> る→ゆ -> ゆ→る -> る→ゆ -> ゆ→る -> る→つ -> つ→る -> る→な -> な→る -> る→う -> う→る -> る→う -> う→る -> る→う -> う→る -> る→く -> く→る -> る→り
alpha_beta vs greedy,alpha_beta,greedy,D20000_seed0_alpha_beta_vs_greedy_0,20000,0,first,ended_with_n,33,first,alpha_beta,り,4279,62,63,14,13,,,り,る,る,1.000009,True,8048.577905027933,1,1,True,0,32,32,31,0,0,0,0,0,{},31,あ→ぬ -> ぬ→る -> る→る -> る→る -> る→る -> る→ぽ -> ぽ→る -> る→ぷ -> ぷ→る -> る→び -> び→る -> る→む -> む→る -> る→げ -> げ→る -> る→ゆ -> ゆ→る -> る→ゆ -> ゆ→る -> る→つ -> つ→る -> る→な -> な→る -> る→う -> う→る -> る→う -> う→る -> る→う -> う→る -> る→く -> く→る -> る→り -> り→る
alpha_beta vs greedy,alpha_beta,greedy,D20000_seed0_alpha_beta_vs_greedy_0,20000,0,first,ended_with_n,34,second,greedy,る,4303,63,19,6,5,,,る,す,す,0.00633,False,-8048.577905027933,,,,,,,,,,,,,,8,あ→ぬ -> ぬ→る -> る→る -> る→る -> る→る -> る→ぽ -> ぽ→る -> る→ぷ -> ぷ→る -> る→び -> び→る -> る→む -> む→る -> る→げ -> げ→る -> る→ゆ -> ゆ→る -> る→ゆ -> ゆ→る -> る→つ -> つ→る -> る→な -> な→る -> る→う -> う→る -> る→う -> う→る -> る→う -> う→る -> る→く -> く→る -> る→り -> り→る -> る→す
alpha_beta vs greedy,alpha_beta,greedy,D20000_seed0_alpha_beta_vs_greedy_0,20000,0,first,ended_with_n,35,first,alpha_beta,す,1355,19,63,21,20,,,す,る,る,1.000008,True,8029.07474789916,1,1,True,0,34,34,33,0,0,0,0,0,{},33,あ→ぬ -> ぬ→る -> る→る -> る→る -> る→る -> る→ぽ -> ぽ→る -> る→ぷ -> ぷ→る -> る→び -> び→る -> る→む -> む→る -> る→げ -> げ→る -> る→ゆ -> ゆ→る -> る→ゆ -> ゆ→る -> る→つ -> つ→る -> る→な -> な→る -> る→う -> う→る -> る→う -> う→る -> る→う -> う→る -> る→く -> く→る -> る→り -> り→る -> る→す -> す→る
alpha_beta vs greedy,alpha_beta,greedy,D20000_seed0_alpha_beta_vs_greedy_0,20000,0,first,ended_with_n,36,second,greedy,る,4303,63,19,5,4,,,る,す,す,0.006322,False,-8029.07474789916,,,,,,,,,,,,,,8,あ→ぬ -> ぬ→る -> る→る -> る→る -> る→る -> る→ぽ -> ぽ→る -> る→ぷ -> ぷ→る -> る→び -> び→る -> る→む -> む→る -> る→げ -> げ→る -> る→ゆ -> ゆ→る -> る→ゆ -> ゆ→る -> る→つ -> つ→る -> る→な -> な→る -> る→う -> う→る -> る→う -> う→る -> る→う -> う→る -> る→く -> く→る -> る→り -> り→る -> る→す -> す→る -> る→す
alpha_beta vs greedy,alpha_beta,greedy,D20000_seed0_alpha_beta_vs_greedy_0,20000,0,first,ended_with_n,37,first,alpha_beta,す,1355,19,63,20,19,,,す,る,る,1.000012,True,8009.570505617978,1,1,True,0,34,34,33,0,0,0,0,0,{},33,あ→ぬ -> ぬ→る -> る→る -> る→る -> る→る -> る→ぽ -> ぽ→る -> る→ぷ -> ぷ→る -> る→び -> び→る -> る→む -> む→る -> る→げ -> げ→る -> る→ゆ -> ゆ→る -> る→ゆ -> ゆ→る -> る→つ -> つ→る -> る→な -> な→る -> る→う -> う→る -> る→う -> う→る -> る→う -> う→る -> る→く -> く→る -> る→り -> り→る -> る→す -> す→る -> る→す -> す→る
alpha_beta vs greedy,alpha_beta,greedy,D20000_seed0_alpha_beta_vs_greedy_0,20000,0,first,ended_with_n,38,second,greedy,る,4303,63,19,4,3,,,る,す,す,0.006327,False,-8009.570505617978,,,,,,,,,,,,,,8,あ→ぬ -> ぬ→る -> る→る -> る→る -> る→る -> る→ぽ -> ぽ→る -> る→ぷ -> ぷ→る -> る→び -> び→る -> る→む -> む→る -> る→げ -> げ→る -> る→ゆ -> ゆ→る -> る→ゆ -> ゆ→る -> る→つ -> つ→る -> る→な -> な→る -> る→う -> う→る -> る→う -> う→る -> る→う -> う→る -> る→く -> く→る -> る→り -> り→る -> る→す -> す→る -> る→す -> す→る -> る→す
alpha_beta vs greedy,alpha_beta,greedy,D20000_seed0_alpha_beta_vs_greedy_0,20000,0,first,ended_with_n,39,first,alpha_beta,す,1355,19,63,19,18,,,す,る,る,1.000012,True,7990.065169014085,1,1,True,0,33,33,32,0,0,0,0,0,{},32,あ→ぬ -> ぬ→る -> る→る -> る→る -> る→る -> る→ぽ -> ぽ→る -> る→ぷ -> ぷ→る -> る→び -> び→る -> る→む -> む→る -> る→げ -> げ→る -> る→ゆ -> ゆ→る -> る→ゆ -> ゆ→る -> る→つ -> つ→る -> る→な -> な→る -> る→う -> う→る -> る→う -> う→る -> る→う -> う→る -> る→く -> く→る -> る→り -> り→る -> る→す -> す→る -> る→す -> す→る -> る→す -> す→る
alpha_beta vs greedy,alpha_beta,greedy,D20000_seed0_alpha_beta_vs_greedy_0,20000,0,first,ended_with_n,40,second,greedy,る,4303,63,19,3,2,,,る,す,す,0.006286,False,-7990.065169014085,,,,,,,,,,,,,,8,あ→ぬ -> ぬ→る -> る→る -> る→る -> る→る -> る→ぽ -> ぽ→る -> る→ぷ -> ぷ→る -> る→び -> び→る -> る→む -> む→る -> る→げ -> げ→る -> る→ゆ -> ゆ→る -> る→ゆ -> ゆ→る -> る→つ -> つ→る -> る→な -> な→る -> る→う -> う→る -> る→う -> う→る -> る→う -> う→る -> る→く -> く→る -> る→り -> り→る -> る→す -> す→る -> る→す -> す→る -> る→す -> す→る -> る→す
alpha_beta vs greedy,alpha_beta,greedy,D20000_seed0_alpha_beta_vs_greedy_0,20000,0,first,ended_with_n,41,first,alpha_beta,す,1355,19,63,18,17,,,す,る,る,1.000008,True,7970.558728813559,1,1,True,0,34,34,33,0,0,0,0,0,{},33,あ→ぬ -> ぬ→る -> る→る -> る→る -> る→る -> る→ぽ -> ぽ→る -> る→ぷ -> ぷ→る -> る→び -> び→る -> る→む -> む→る -> る→げ -> げ→る -> る→ゆ -> ゆ→る -> る→ゆ -> ゆ→る -> る→つ -> つ→る -> る→な -> な→る -> る→う -> う→る -> る→う -> う→る -> る→う -> う→る -> る→く -> く→る -> る→り -> り→る -> る→す -> す→る -> る→す -> す→る -> る→す -> す→る -> る→す -> す→る
alpha_beta vs greedy,alpha_beta,greedy,D20000_seed0_alpha_beta_vs_greedy_0,20000,0,first,ended_with_n,42,second,greedy,る,4303,63,19,2,1,,,る,す,す,0.006289,False,-7970.558728813559,,,,,,,,,,,,,,8,あ→ぬ -> ぬ→る -> る→る -> る→る -> る→る -> る→ぽ -> ぽ→る -> る→ぷ -> ぷ→る -> る→び -> び→る -> る→む -> む→る -> る→げ -> げ→る -> る→ゆ -> ゆ→る -> る→ゆ -> ゆ→る -> る→つ -> つ→る -> る→な -> な→る -> る→う -> う→る -> る→う -> う→る -> る→う -> う→る -> る→く -> く→る -> る→り -> り→る -> る→す -> す→る -> る→す -> す→る -> る→す -> す→る -> る→す -> す→る -> る→す
alpha_beta vs greedy,alpha_beta,greedy,D20000_seed0_alpha_beta_vs_greedy_0,20000,0,first,ended_with_n,43,first,alpha_beta,す,1355,19,63,17,16,,,す,る,る,1.000009,True,7953.16545325779,1,1,True,0,34,34,33,0,0,0,0,0,{},33,あ→ぬ -> ぬ→る -> る→る -> る→る -> る→る -> る→ぽ -> ぽ→る -> る→ぷ -> ぷ→る -> る→び -> び→る -> る→む -> む→る -> る→げ -> げ→る -> る→ゆ -> ゆ→る -> る→ゆ -> ゆ→る -> る→つ -> つ→る -> る→な -> な→る -> る→う -> う→る -> る→う -> う→る -> る→う -> う→る -> る→く -> く→る -> る→り -> り→る -> る→す -> す→る -> る→す -> す→る -> る→す -> す→る -> る→す -> す→る -> る→す -> す→る
alpha_beta vs greedy,alpha_beta,greedy,D20000_seed0_alpha_beta_vs_greedy_0,20000,0,first,ended_with_n,44,second,greedy,る,4303,63,19,1,0,,,る,す,す,0.006348,False,-7953.16545325779,,,,,,,,,,,,,,8,あ→ぬ -> ぬ→る -> る→る -> る→る -> る→る -> る→ぽ -> ぽ→る -> る→ぷ -> ぷ→る -> る→び -> び→る -> る→む -> む→る -> る→げ -> げ→る -> る→ゆ -> ゆ→る -> る→ゆ -> ゆ→る -> る→つ -> つ→る -> る→な -> な→る -> る→う -> う→る -> る→う -> う→る -> る→う -> う→る -> る→く -> く→る -> る→り -> り→る -> る→す -> す→る -> る→す -> す→る -> る→す -> す→る -> る→す -> す→る -> る→す -> す→る -> る→す
alpha_beta vs greedy,alpha_beta,greedy,D20000_seed0_alpha_beta_vs_greedy_0,20000,0,first,ended_with_n,45,first,alpha_beta,す,1355,19,63,16,15,,,す,る,る,1.000009,True,8338.547486486486,1,1,True,0,33,33,32,0,0,0,0,0,{},32,あ→ぬ -> ぬ→る -> る→る -> る→る -> る→る -> る→ぽ -> ぽ→る -> る→ぷ -> ぷ→る -> る→び -> び→る -> る→む -> む→る -> る→げ -> げ→る -> る→ゆ -> ゆ→る -> る→ゆ -> ゆ→る -> る→つ -> つ→る -> る→な -> な→る -> る→う -> う→る -> る→う -> う→る -> る→う -> う→る -> る→く -> く→る -> る→り -> り→る -> る→す -> す→る -> る→す -> す→る -> る→す -> す→る -> る→す -> す→る -> る→す -> す→る -> る→す -> す→る
alpha_beta vs greedy,alpha_beta,greedy,D20000_seed0_alpha_beta_vs_greedy_0,20000,0,first,ended_with_n,46,second,greedy,る,4315,63,31,2,1,,,る,と,と,0.005486,False,-8338.547486486486,,,,,,,,,,,,,,7,あ→ぬ -> ぬ→る -> る→る -> る→る -> る→る -> る→ぽ -> ぽ→る -> る→ぷ -> ぷ→る -> る→び -> び→る -> る→む -> む→る -> る→げ -> げ→る -> る→ゆ -> ゆ→る -> る→ゆ -> ゆ→る -> る→つ -> つ→る -> る→な -> な→る -> る→う -> う→る -> る→う -> う→る -> る→う -> う→る -> る→く -> く→る -> る→り -> り→る -> る→す -> す→る -> る→す -> す→る -> る→す -> す→る -> る→す -> す→る -> る→す -> す→る -> る→す -> す→る -> る→と
alpha_beta vs greedy,alpha_beta,greedy,D20000_seed0_alpha_beta_vs_greedy_0,20000,0,first,ended_with_n,47,first,alpha_beta,と,2171,31,63,10,9,,,と,る,る,1.000009,True,8235.98906504065,1,1,True,0,33,33,32,0,0,0,0,0,{},32,あ→ぬ -> ぬ→る -> る→る -> る→る -> る→る -> る→ぽ -> ぽ→る -> る→ぷ -> ぷ→る -> る→び -> び→る -> る→む -> む→る -> る→げ -> げ→る -> る→ゆ -> ゆ→る -> る→ゆ -> ゆ→る -> る→つ -> つ→る -> る→な -> な→る -> る→う -> う→る -> る→う -> う→る -> る→う -> う→る -> る→く -> く→る -> る→り -> り→る -> る→す -> す→る -> る→す -> す→る -> る→す -> す→る -> る→す -> す→る -> る→す -> す→る -> る→す -> す→る -> る→と -> と→る
alpha_beta vs greedy,alpha_beta,greedy,D20000_seed0_alpha_beta_vs_greedy_0,20000,0,first,ended_with_n,48,second,greedy,る,4315,63,31,1,0,,,る,と,と,0.005447,False,-8235.98906504065,,,,,,,,,,,,,,7,あ→ぬ -> ぬ→る -> る→る -> る→る -> る→る -> る→ぽ -> ぽ→る -> る→ぷ -> ぷ→る -> る→び -> び→る -> る→む -> む→る -> る→げ -> げ→る -> る→ゆ -> ゆ→る -> る→ゆ -> ゆ→る -> る→つ -> つ→る -> る→な -> な→る -> る→う -> う→る -> る→う -> う→る -> る→う -> う→る -> る→く -> く→る -> る→り -> り→る -> る→す -> す→る -> る→す -> す→る -> る→す -> す→る -> る→す -> す→る -> る→す -> す→る -> る→す -> す→る -> る→と -> と→る -> る→と
alpha_beta vs greedy,alpha_beta,greedy,D20000_seed0_alpha_beta_vs_greedy_0,20000,0,first,ended_with_n,49,first,alpha_beta,と,2171,31,63,9,8,,,と,る,る,1.000008,True,11000.93393292683,1,1,True,0,33,33,32,0,0,0,0,0,{},32,あ→ぬ -> ぬ→る -> る→る -> る→る -> る→る -> る→ぽ -> ぽ→る -> る→ぷ -> ぷ→る -> る→び -> び→る -> る→む -> む→る -> る→げ -> げ→る -> る→ゆ -> ゆ→る -> る→ゆ -> ゆ→る -> る→つ -> つ→る -> る→な -> な→る -> る→う -> う→る -> る→う -> う→る -> る→う -> う→る -> る→く -> く→る -> る→り -> り→る -> る→す -> す→る -> る→す -> す→る -> る→す -> す→る -> る→す -> す→る -> る→す -> す→る -> る→す -> す→る -> る→と -> と→る -> る→と -> と→る
alpha_beta vs greedy,alpha_beta,greedy,D20000_seed0_alpha_beta_vs_greedy_0,20000,0,first,ended_with_n,50,second,greedy,る,4328,63,44,1,0,,,る,ふ,ふ,0.004587,False,-11000.93393292683,,,,,,,,,,,,,,6,あ→ぬ -> ぬ→る -> る→る -> る→る -> る→る -> る→ぽ -> ぽ→る -> る→ぷ -> ぷ→る -> る→び -> び→る -> る→む -> む→る -> る→げ -> げ→る -> る→ゆ -> ゆ→る -> る→ゆ -> ゆ→る -> る→つ -> つ→る -> る→な -> な→る -> る→う -> う→る -> る→う -> う→る -> る→う -> う→る -> る→く -> く→る -> る→り -> り→る -> る→す -> す→る -> る→す -> す→る -> る→す -> す→る -> る→す -> す→る -> る→す -> す→る -> る→す -> す→る -> る→と -> と→る -> る→と -> と→る -> る→ふ
alpha_beta vs greedy,alpha_beta,greedy,D20000_seed0_alpha_beta_vs_greedy_0,20000,0,first,ended_with_n,51,first,alpha_beta,ふ,3055,44,63,15,14,,,ふ,る,る,1.000006,True,11102.740820158102,1,1,True,0,33,33,32,0,0,0,0,0,{},32,あ→ぬ -> ぬ→る -> る→る -> る→る -> る→る -> る→ぽ -> ぽ→る -> る→ぷ -> ぷ→る -> る→び -> び→る -> る→む -> む→る -> る→げ -> げ→る -> る→ゆ -> ゆ→る -> る→ゆ -> ゆ→る -> る→つ -> つ→る -> る→な -> な→る -> る→う -> う→る -> る→う -> う→る -> る→う -> う→る -> る→く -> く→る -> る→り -> り→る -> る→す -> す→る -> る→す -> す→る -> る→す -> す→る -> る→す -> す→る -> る→す -> す→る -> る→す -> す→る -> る→と -> と→る -> る→と -> と→る -> る→ふ -> ふ→る
alpha_beta vs greedy,alpha_beta,greedy,D20000_seed0_alpha_beta_vs_greedy_0,20000,0,first,ended_with_n,52,second,greedy,る,4284,63,0,1,0,,,る,あ,あ,0.003697,False,-11102.740820158102,,,,,,,,,,,,,,5,あ→ぬ -> ぬ→る -> る→る -> る→る -> る→る -> る→ぽ -> ぽ→る -> る→ぷ -> ぷ→る -> る→び -> び→る -> る→む -> む→る -> る→げ -> げ→る -> る→ゆ -> ゆ→る -> る→ゆ -> ゆ→る -> る→つ -> つ→る -> る→な -> な→る -> る→う -> う→る -> る→う -> う→る -> る→う -> う→る -> る→く -> く→る -> る→り -> り→る -> る→す -> す→る -> る→す -> す→る -> る→す -> す→る -> る→す -> す→る -> る→す -> す→る -> る→す -> す→る -> る→と -> と→る -> る→と -> と→る -> る→ふ -> ふ→る -> る→あ
alpha_beta vs greedy,alpha_beta,greedy,D20000_seed0_alpha_beta_vs_greedy_0,20000,0,first,ended_with_n,53,first,alpha_beta,あ,63,0,63,14,13,,,あ,る,る,1.000008,True,11179.268737166325,1,1,True,0,36,36,35,0,0,0,0,0,{},35,あ→ぬ -> ぬ→る -> る→る -> る→る -> る→る -> る→ぽ -> ぽ→る -> る→ぷ -> ぷ→る -> る→び -> び→る -> る→む -> む→る -> る→げ -> げ→る -> る→ゆ -> ゆ→る -> る→ゆ -> ゆ→る -> る→つ -> つ→る -> る→な -> な→る -> る→う -> う→る -> る→う -> う→る -> る→う -> う→る -> る→く -> く→る -> る→り -> り→る -> る→す -> す→る -> る→す -> す→る -> る→す -> す→る -> る→す -> す→る -> る→す -> す→る -> る→す -> す→る -> る→と -> と→る -> る→と -> と→る -> る→ふ -> ふ→る -> る→あ -> あ→る
alpha_beta vs greedy,alpha_beta,greedy,D20000_seed0_alpha_beta_vs_greedy_0,20000,0,first,ended_with_n,54,second,greedy,る,4285,63,1,5,4,,,る,い,い,0.002756,False,-11179.268737166325,,,,,,,,,,,,,,4,あ→ぬ -> ぬ→る -> る→る -> る→る -> る→る -> る→ぽ -> ぽ→る -> る→ぷ -> ぷ→る -> る→び -> び→る -> る→む -> む→る -> る→げ -> げ→る -> る→ゆ -> ゆ→る -> る→ゆ -> ゆ→る -> る→つ -> つ→る -> る→な -> な→る -> る→う -> う→る -> る→う -> う→る -> る→う -> う→る -> る→く -> く→る -> る→り -> り→る -> る→す -> す→る -> る→す -> す→る -> る→す -> す→る -> る→す -> す→る -> る→す -> す→る -> る→す -> す→る -> る→と -> と→る -> る→と -> と→る -> る→ふ -> ふ→る -> る→あ -> あ→る -> る→い
alpha_beta vs greedy,alpha_beta,greedy,D20000_seed0_alpha_beta_vs_greedy_0,20000,0,first,ended_with_n,55,first,alpha_beta,い,131,1,63,7,6,,,い,る,る,1.000009,True,11160.483086419754,1,1,True,0,37,37,36,0,0,0,0,0,{},36,あ→ぬ -> ぬ→る -> る→る -> る→る -> る→る -> る→ぽ -> ぽ→る -> る→ぷ -> ぷ→る -> る→び -> び→る -> る→む -> む→る -> る→げ -> げ→る -> る→ゆ -> ゆ→る -> る→ゆ -> ゆ→る -> る→つ -> つ→る -> る→な -> な→る -> る→う -> う→る -> る→う -> う→る -> る→う -> う→る -> る→く -> く→る -> る→り -> り→る -> る→す -> す→る -> る→す -> す→る -> る→す -> す→る -> る→す -> す→る -> る→す -> す→る -> る→す -> す→る -> る→と -> と→る -> る→と -> と→る -> る→ふ -> ふ→る -> る→あ -> あ→る -> る→い -> い→る
alpha_beta vs greedy,alpha_beta,greedy,D20000_seed0_alpha_beta_vs_greedy_0,20000,0,first,ended_with_n,56,second,greedy,る,4285,63,1,4,3,,,る,い,い,0.002813,False,-11160.483086419754,,,,,,,,,,,,,,4,あ→ぬ -> ぬ→る -> る→る -> る→る -> る→る -> る→ぽ -> ぽ→る -> る→ぷ -> ぷ→る -> る→び -> び→る -> る→む -> む→る -> る→げ -> げ→る -> る→ゆ -> ゆ→る -> る→ゆ -> ゆ→る -> る→つ -> つ→る -> る→な -> な→る -> る→う -> う→る -> る→う -> う→る -> る→う -> う→る -> る→く -> く→る -> る→り -> り→る -> る→す -> す→る -> る→す -> す→る -> る→す -> す→る -> る→す -> す→る -> る→す -> す→る -> る→す -> す→る -> る→と -> と→る -> る→と -> と→る -> る→ふ -> ふ→る -> る→あ -> あ→る -> る→い -> い→る -> る→い
alpha_beta vs greedy,alpha_beta,greedy,D20000_seed0_alpha_beta_vs_greedy_0,20000,0,first,ended_with_n,57,first,alpha_beta,い,131,1,63,6,5,,,い,る,る,1.000009,True,10977.37612371134,1,1,True,0,37,37,36,0,0,0,0,0,{},36,あ→ぬ -> ぬ→る -> る→る -> る→る -> る→る -> る→ぽ -> ぽ→る -> る→ぷ -> ぷ→る -> る→び -> び→る -> る→む -> む→る -> る→げ -> げ→る -> る→ゆ -> ゆ→る -> る→ゆ -> ゆ→る -> る→つ -> つ→る -> る→な -> な→る -> る→う -> う→る -> る→う -> う→る -> る→う -> う→る -> る→く -> く→る -> る→り -> り→る -> る→す -> す→る -> る→す -> す→る -> る→す -> す→る -> る→す -> す→る -> る→す -> す→る -> る→す -> す→る -> る→と -> と→る -> る→と -> と→る -> る→ふ -> ふ→る -> る→あ -> あ→る -> る→い -> い→る -> る→い -> い→る
alpha_beta vs greedy,alpha_beta,greedy,D20000_seed0_alpha_beta_vs_greedy_0,20000,0,first,ended_with_n,58,second,greedy,る,4285,63,1,3,2,,,る,い,い,0.00277,False,-10977.37612371134,,,,,,,,,,,,,,4,あ→ぬ -> ぬ→る -> る→る -> る→る -> る→る -> る→ぽ -> ぽ→る -> る→ぷ -> ぷ→る -> る→び -> び→る -> る→む -> む→る -> る→げ -> げ→る -> る→ゆ -> ゆ→る -> る→ゆ -> ゆ→る -> る→つ -> つ→る -> る→な -> な→る -> る→う -> う→る -> る→う -> う→る -> る→う -> う→る -> る→く -> く→る -> る→り -> り→る -> る→す -> す→る -> る→す -> す→る -> る→す -> す→る -> る→す -> す→る -> る→す -> す→る -> る→す -> す→る -> る→と -> と→る -> る→と -> と→る -> る→ふ -> ふ→る -> る→あ -> あ→る -> る→い -> い→る -> る→い -> い→る -> る→い
alpha_beta vs greedy,alpha_beta,greedy,D20000_seed0_alpha_beta_vs_greedy_0,20000,0,first,ended_with_n,59,first,alpha_beta,い,131,1,63,5,4,,,い,る,る,1.000009,True,10960.144297520661,1,1,True,0,37,37,36,0,0,0,0,0,{},36,あ→ぬ -> ぬ→る -> る→る -> る→る -> る→る -> る→ぽ -> ぽ→る -> る→ぷ -> ぷ→る -> る→び -> び→る -> る→む -> む→る -> る→げ -> げ→る -> る→ゆ -> ゆ→る -> る→ゆ -> ゆ→る -> る→つ -> つ→る -> る→な -> な→る -> る→う -> う→る -> る→う -> う→る -> る→う -> う→る -> る→く -> く→る -> る→り -> り→る -> る→す -> す→る -> る→す -> す→る -> る→す -> す→る -> る→す -> す→る -> る→す -> す→る -> る→す -> す→る -> る→と -> と→る -> る→と -> と→る -> る→ふ -> ふ→る -> る→あ -> あ→る -> る→い -> い→る -> る→い -> い→る -> る→い -> い→る
alpha_beta vs greedy,alpha_beta,greedy,D20000_seed0_alpha_beta_vs_greedy_0,20000,0,first,ended_with_n,60,second,greedy,る,4285,63,1,2,1,,,る,い,い,0.002775,False,-10960.144297520661,,,,,,,,,,,,,,4,あ→ぬ -> ぬ→る -> る→る -> る→る -> る→る -> る→ぽ -> ぽ→る -> る→ぷ -> ぷ→る -> る→び -> び→る -> る→む -> む→る -> る→げ -> げ→る -> る→ゆ -> ゆ→る -> る→ゆ -> ゆ→る -> る→つ -> つ→る -> る→な -> な→る -> る→う -> う→る -> る→う -> う→る -> る→う -> う→る -> る→く -> く→る -> る→り -> り→る -> る→す -> す→る -> る→す -> す→る -> る→す -> す→る -> る→す -> す→る -> る→す -> す→る -> る→す -> す→る -> る→と -> と→る -> る→と -> と→る -> る→ふ -> ふ→る -> る→あ -> あ→る -> る→い -> い→る -> る→い -> い→る -> る→い -> い→る -> る→い
alpha_beta vs greedy,alpha_beta,greedy,D20000_seed0_alpha_beta_vs_greedy_0,20000,0,first,ended_with_n,61,first,alpha_beta,い,131,1,63,4,3,,,い,る,る,1.000009,True,10954.119130434783,1,1,True,0,37,37,36,0,0,0,0,0,{},36,あ→ぬ -> ぬ→る -> る→る -> る→る -> る→る -> る→ぽ -> ぽ→る -> る→ぷ -> ぷ→る -> る→び -> び→る -> る→む -> む→る -> る→げ -> げ→る -> る→ゆ -> ゆ→る -> る→ゆ -> ゆ→る -> る→つ -> つ→る -> る→な -> な→る -> る→う -> う→る -> る→う -> う→る -> る→う -> う→る -> る→く -> く→る -> る→り -> り→る -> る→す -> す→る -> る→す -> す→る -> る→す -> す→る -> る→す -> す→る -> る→す -> す→る -> る→す -> す→る -> る→と -> と→る -> る→と -> と→る -> る→ふ -> ふ→る -> る→あ -> あ→る -> る→い -> い→る -> る→い -> い→る -> る→い -> い→る -> る→い -> い→る
alpha_beta vs greedy,alpha_beta,greedy,D20000_seed0_alpha_beta_vs_greedy_0,20000,0,first,ended_with_n,62,second,greedy,る,4285,63,1,1,0,,,る,い,い,0.002778,False,-10954.119130434783,,,,,,,,,,,,,,4,あ→ぬ -> ぬ→る -> る→る -> る→る -> る→る -> る→ぽ -> ぽ→る -> る→ぷ -> ぷ→る -> る→び -> び→る -> る→む -> む→る -> る→げ -> げ→る -> る→ゆ -> ゆ→る -> る→ゆ -> ゆ→る -> る→つ -> つ→る -> る→な -> な→る -> る→う -> う→る -> る→う -> う→る -> る→う -> う→る -> る→く -> く→る -> る→り -> り→る -> る→す -> す→る -> る→す -> す→る -> る→す -> す→る -> る→す -> す→る -> る→す -> す→る -> る→す -> す→る -> る→と -> と→る -> る→と -> と→る -> る→ふ -> ふ→る -> る→あ -> あ→る -> る→い -> い→る -> る→い -> い→る -> る→い -> い→る -> る→い -> い→る -> る→い
alpha_beta vs greedy,alpha_beta,greedy,D20000_seed0_alpha_beta_vs_greedy_0,20000,0,first,ended_with_n,63,first,alpha_beta,い,131,1,63,3,2,,,い,る,る,1.000009,True,12938.342931034484,1,1,True,0,37,37,36,0,0,0,0,0,{},36,あ→ぬ -> ぬ→る -> る→る -> る→る -> る→る -> る→ぽ -> ぽ→る -> る→ぷ -> ぷ→る -> る→び -> び→る -> る→む -> む→る -> る→げ -> げ→る -> る→ゆ -> ゆ→る -> る→ゆ -> ゆ→る -> る→つ -> つ→る -> る→な -> な→る -> る→う -> う→る -> る→う -> う→る -> る→う -> う→る -> る→く -> く→る -> る→り -> り→る -> る→す -> す→る -> る→す -> す→る -> る→す -> す→る -> る→す -> す→る -> る→す -> す→る -> る→す -> す→る -> る→と -> と→る -> る→と -> と→る -> る→ふ -> ふ→る -> る→あ -> あ→る -> る→い -> い→る -> る→い -> い→る -> る→い -> い→る -> る→い -> い→る -> る→い -> い→る
alpha_beta vs greedy,alpha_beta,greedy,D20000_seed0_alpha_beta_vs_greedy_0,20000,0,first,ended_with_n,64,second,greedy,る,4291,63,7,1,0,,,る,き,き,0.001805,False,-12938.342931034484,,,,,,,,,,,,,,3,あ→ぬ -> ぬ→る -> る→る -> る→る -> る→る -> る→ぽ -> ぽ→る -> る→ぷ -> ぷ→る -> る→び -> び→る -> る→む -> む→る -> る→げ -> げ→る -> る→ゆ -> ゆ→る -> る→ゆ -> ゆ→る -> る→つ -> つ→る -> る→な -> な→る -> る→う -> う→る -> る→う -> う→る -> る→う -> う→る -> る→く -> く→る -> る→り -> り→る -> る→す -> す→る -> る→す -> す→る -> る→す -> す→る -> る→す -> す→る -> る→す -> す→る -> る→す -> す→る -> る→と -> と→る -> る→と -> と→る -> る→ふ -> ふ→る -> る→あ -> あ→る -> る→い -> い→る -> る→い -> い→る -> る→い -> い→る -> る→い -> い→る -> る→い -> い→る -> る→き
alpha_beta vs greedy,alpha_beta,greedy,D20000_seed0_alpha_beta_vs_greedy_0,20000,0,first,ended_with_n,65,first,alpha_beta,き,539,7,63,12,11,,,き,る,る,1.000008,True,13097.741538461538,1,1,True,0,35,35,34,0,0,0,0,0,{},34,あ→ぬ -> ぬ→る -> る→る -> る→る -> る→る -> る→ぽ -> ぽ→る -> る→ぷ -> ぷ→る -> る→び -> び→る -> る→む -> む→る -> る→げ -> げ→る -> る→ゆ -> ゆ→る -> る→ゆ -> ゆ→る -> る→つ -> つ→る -> る→な -> な→る -> る→う -> う→る -> る→う -> う→る -> る→う -> う→る -> る→く -> く→る -> る→り -> り→る -> る→す -> す→る -> る→す -> す→る -> る→す -> す→る -> る→す -> す→る -> る→す -> す→る -> る→す -> す→る -> る→と -> と→る -> る→と -> と→る -> る→ふ -> ふ→る -> る→あ -> あ→る -> る→い -> い→る -> る→い -> い→る -> る→い -> い→る -> る→い -> い→る -> る→い -> い→る -> る→き -> き→る
alpha_beta vs greedy,alpha_beta,greedy,D20000_seed0_alpha_beta_vs_greedy_0,20000,0,first,ended_with_n,66,second,greedy,る,4302,63,18,1,0,,,る,じ,じ,0.000884,False,-13097.741538461538,,,,,,,,,,,,,,2,あ→ぬ -> ぬ→る -> る→る -> る→る -> る→る -> る→ぽ -> ぽ→る -> る→ぷ -> ぷ→る -> る→び -> び→る -> る→む -> む→る -> る→げ -> げ→る -> る→ゆ -> ゆ→る -> る→ゆ -> ゆ→る -> る→つ -> つ→る -> る→な -> な→る -> る→う -> う→る -> る→う -> う→る -> る→う -> う→る -> る→く -> く→る -> る→り -> り→る -> る→す -> す→る -> る→す -> す→る -> る→す -> す→る -> る→す -> す→る -> る→す -> す→る -> る→す -> す→る -> る→と -> と→る -> る→と -> と→る -> る→ふ -> ふ→る -> る→あ -> あ→る -> る→い -> い→る -> る→い -> い→る -> る→い -> い→る -> る→い -> い→る -> る→い -> い→る -> る→き -> き→る -> る→じ
alpha_beta vs greedy,alpha_beta,greedy,D20000_seed0_alpha_beta_vs_greedy_0,20000,0,first,ended_with_n,67,first,alpha_beta,じ,1287,18,63,7,6,,,じ,る,る,1.000009,True,999999.0,1,1,True,0,34,34,33,0,0,0,0,0,{},33,あ→ぬ -> ぬ→る -> る→る -> る→る -> る→る -> る→ぽ -> ぽ→る -> る→ぷ -> ぷ→る -> る→び -> び→る -> る→む -> む→る -> る→げ -> げ→る -> る→ゆ -> ゆ→る -> る→ゆ -> ゆ→る -> る→つ -> つ→る -> る→な -> な→る -> る→う -> う→る -> る→う -> う→る -> る→う -> う→る -> る→く -> く→る -> る→り -> り→る -> る→す -> す→る -> る→す -> す→る -> る→す -> す→る -> る→す -> す→る -> る→す -> す→る -> る→す -> す→る -> る→と -> と→る -> る→と -> と→る -> る→ふ -> ふ→る -> る→あ -> あ→る -> る→い -> い→る -> る→い -> い→る -> る→い -> い→る -> る→い -> い→る -> る→い -> い→る -> る→き -> き→る -> る→じ -> じ→る
alpha_beta vs greedy,alpha_beta,greedy,D20000_seed0_alpha_beta_vs_greedy_0,20000,0,first,ended_with_n,68,second,greedy,る,4351,63,67,7,6,,,る,ん,,5e-06,False,-1000000.0,,,,,,,,,,,,,,1,あ→ぬ -> ぬ→る -> る→る -> る→る -> る→る -> る→ぽ -> ぽ→る -> る→ぷ -> ぷ→る -> る→び -> び→る -> る→む -> む→る -> る→げ -> げ→る -> る→ゆ -> ゆ→る -> る→ゆ -> ゆ→る -> る→つ -> つ→る -> る→な -> な→る -> る→う -> う→る -> る→う -> う→る -> る→う -> う→る -> る→く -> く→る -> る→り -> り→る -> る→す -> す→る -> る→す -> す→る -> る→す -> す→る -> る→す -> す→る -> る→す -> す→る -> る→す -> す→る -> る→と -> と→る -> る→と -> と→る -> る→ふ -> ふ→る -> る→あ -> あ→る -> る→い -> い→る -> る→い -> い→る -> る→い -> い→る -> る→い -> い→る -> る→い -> い→る -> る→き -> き→る -> る→じ -> じ→る -> る→ん
alpha_beta vs beam_negamax,alpha_beta,beam_negamax,D20000_seed0_alpha_beta_vs_beam_negamax_0,20000,0,first,ended_with_n,1,first,alpha_beta,ANY,35,0,35,1,0,,,あ,ぬ,ぬ,1.000173,True,-508.2713636363636,4,3,True,0,0,0,0,0,0,0,0,0,{},0,あ→ぬ
alpha_beta vs beam_negamax,alpha_beta,beam_negamax,D20000_seed0_alpha_beta_vs_beam_negamax_0,20000,0,first,ended_with_n,2,second,beam_negamax,ぬ,2443,35,63,4,3,,,ぬ,る,る,1.000015,True,-834.8322058823529,5,4,True,0,54,39,0,0,0,273,0,0,"{""0"": 24, ""1"": 12, ""2"": 6, ""3"": 4, ""4"": 4}",0,あ→ぬ -> ぬ→る
alpha_beta vs beam_negamax,alpha_beta,beam_negamax,D20000_seed0_alpha_beta_vs_beam_negamax_0,20000,0,first,ended_with_n,3,first,alpha_beta,る,4347,63,63,3,2,,,る,る,る,1.000013,True,-814.4372727272727,3,2,True,0,34,31,0,0,0,0,0,0,{},0,あ→ぬ -> ぬ→る -> る→る
alpha_beta vs beam_negamax,alpha_beta,beam_negamax,D20000_seed0_alpha_beta_vs_beam_negamax_0,20000,0,first,ended_with_n,4,second,beam_negamax,る,4347,63,63,2,1,,,る,る,る,1.000015,True,-796.084375,4,3,True,0,53,40,0,0,0,295,0,0,"{""0"": 24, ""1"": 12, ""2"": 6, ""3"": 4}",0,あ→ぬ -> ぬ→る -> る→る -> る→る
alpha_beta vs beam_negamax,alpha_beta,beam_negamax,D20000_seed0_alpha_beta_vs_beam_negamax_0,20000,0,first,ended_with_n,5,first,alpha_beta,る,4347,63,63,1,0,,,る,る,る,1.000012,True,-731.3015,2,1,True,0,33,31,1,0,0,0,0,0,{},1,あ→ぬ -> ぬ→る -> る→る -> る→る -> る→る
alpha_beta vs beam_negamax,alpha_beta,beam_negamax,D20000_seed0_alpha_beta_vs_beam_negamax_0,20000,0,first,ended_with_n,6,second,beam_negamax,る,4336,63,52,1,0,,,る,ぽ,ぽ,1.000013,True,-1106.0972340425533,3,2,True,0,46,38,0,0,0,175,0,0,"{""0"": 24, ""1"": 12, ""2"": 6}",0,あ→ぬ -> ぬ→る -> る→る -> る→る -> る→る -> る→ぽ
alpha_beta vs beam_negamax,alpha_beta,beam_negamax,D20000_seed0_alpha_beta_vs_beam_negamax_0,20000,0,first,ended_with_n,7,first,alpha_beta,ぽ,3599,52,63,6,5,,,ぽ,る,る,0.653201,False,1931.7662195121952,1,1,True,0,20,20,21,0,0,0,0,0,{},21,あ→ぬ -> ぬ→る -> る→る -> る→る -> る→る -> る→ぽ -> ぽ→る
alpha_beta vs beam_negamax,alpha_beta,beam_negamax,D20000_seed0_alpha_beta_vs_beam_negamax_0,20000,0,first,ended_with_n,8,second,beam_negamax,る,4326,63,42,1,0,,,る,び,び,1.000011,True,-1931.8007926829268,2,1,True,0,41,37,3,0,0,91,0,0,"{""0"": 24, ""1"": 12}",3,あ→ぬ -> ぬ→る -> る→る -> る→る -> る→る -> る→ぽ -> ぽ→る -> る→び
alpha_beta vs beam_negamax,alpha_beta,beam_negamax,D20000_seed0_alpha_beta_vs_beam_negamax_0,20000,0,first,ended_with_n,9,first,alpha_beta,び,2919,42,63,5,4,,,び,る,る,1.000013,True,1931.8007926829268,1,1,True,0,31,31,30,0,0,0,0,0,{},30,あ→ぬ -> ぬ→る -> る→る -> る→る -> る→る -> る→ぽ -> ぽ→る -> る→び -> び→る
alpha_beta vs beam_negamax,alpha_beta,beam_negamax,D20000_seed0_alpha_beta_vs_beam_negamax_0,20000,0,first,ended_with_n,10,second,beam_negamax,る,4315,63,31,2,1,,,る,と,と,0.591706,False,633.4866071428571,1,1,True,0,16,16,17,0,0,0,0,0,"{""0"": 24}",17,あ→ぬ -> ぬ→る -> る→る -> る→る -> る→る -> る→ぽ -> ぽ→る -> る→び -> び→る -> る→と
alpha_beta vs beam_negamax,alpha_beta,beam_negamax,D20000_seed0_alpha_beta_vs_beam_negamax_0,20000,0,first,ended_with_n,11,first,alpha_beta,と,2171,31,63,10,9,,,と,る,る,1.000009,True,1931.822743902439,1,1,True,0,33,33,32,0,0,0,0,0,{},32,あ→ぬ -> ぬ→る -> る→る -> る→る -> る→る -> る→ぽ -> ぽ→る -> る→び -> び→る -> る→と -> と→る
alpha_beta vs beam_negamax,alpha_beta,beam_negamax,D20000_seed0_alpha_beta_vs_beam_negamax_0,20000,0,first,ended_with_n,12,second,beam_negamax,る,4303,63,19,6,5,,,る,す,す,0.593315,False,613.5466666666666,1,1,True,0,16,16,17,0,0,0,0,0,"{""0"": 24}",17,あ→ぬ -> ぬ→る -> る→る -> る→る -> る→る -> る→ぽ -> ぽ→る -> る→び -> び→る -> る→と -> と→る -> る→す
alpha_beta vs beam_negamax,alpha_beta,beam_negamax,D20000_seed0_alpha_beta_vs_beam_negamax_0,20000,0,first,ended_with_n,13,first,alpha_beta,す,1355,19,63,21,20,,,す,る,る,1.00001,True,1931.8403048780488,1,1,True,0,33,33,32,0,0,0,0,0,{},32,あ→ぬ -> ぬ→る -> る→る -> る→る -> る→る -> る→ぽ -> ぽ→る -> る→び -> び→る -> る→と -> と→る -> る→す -> す→る
alpha_beta vs beam_negamax,alpha_beta,beam_negamax,D20000_seed0_alpha_beta_vs_beam_negamax_0,20000,0,first,ended_with_n,14,second,beam_negamax,る,4303,63,19,5,4,,,る,す,す,0.593737,False,593.6044230769231,1,2,True,0,16,16,17,0,0,0,0,0,"{""0"": 24}",17,あ→ぬ -> ぬ→る -> る→る -> る→る -> る→る -> る→ぽ -> ぽ→る -> る→び -> び→る -> る→と -> と→る -> る→す -> す→る -> る→す
alpha_beta vs beam_negamax,alpha_beta,beam_negamax,D20000_seed0_alpha_beta_vs_beam_negamax_0,20000,0,first,ended_with_n,15,first,alpha_beta,す,1355,19,63,20,19,,,す,る,る,1.000007,True,1931.8578658536585,1,1,True,0,33,33,32,0,0,0,0,0,{},32,あ→ぬ -> ぬ→る -> る→る -> る→る -> る→る -> る→ぽ -> ぽ→る -> る→び -> び→る -> る→と -> と→る -> る→す -> す→る -> る→す -> す→る
alpha_beta vs beam_negamax,alpha_beta,beam_negamax,D20000_seed0_alpha_beta_vs_beam_negamax_0,20000,0,first,ended_with_n,16,second,beam_negamax,る,4339,63,55,1,0,,,る,む,む,1.000018,True,-1931.9319512195123,2,1,True,0,38,35,2,0,0,66,0,0,"{""0"": 24, ""1"": 12}",2,あ→ぬ -> ぬ→る -> る→る -> る→る -> る→る -> る→ぽ -> ぽ→る -> る→び -> び→る -> る→と -> と→る -> る→す -> す→る -> る→す -> す→る -> る→む
alpha_beta vs beam_negamax,alpha_beta,beam_negamax,D20000_seed0_alpha_beta_vs_beam_negamax_0,20000,0,first,ended_with_n,17,first,alpha_beta,む,3803,55,63,1,0,,,む,る,る,1.000018,True,1931.9319512195123,1,1,True,0,28,28,27,0,0,0,0,0,{},27,あ→ぬ -> ぬ→る -> る→る -> る→る -> る→る -> る→ぽ -> ぽ→る -> る→び -> び→る -> る→と -> と→る -> る→す -> す→る -> る→す -> す→る -> る→む -> む→る
alpha_beta vs beam_negamax,alpha_beta,beam_negamax,D20000_seed0_alpha_beta_vs_beam_negamax_0,20000,0,first,ended_with_n,18,second,beam_negamax,る,4303,63,19,4,3,,,る,す,す,0.600824,False,542.6956250000001,1,1,True,0,15,15,16,0,0,0,0,0,"{""0"": 24}",16,あ→ぬ -> ぬ→る -> る→る -> る→る -> る→る -> る→ぽ -> ぽ→る -> る→び -> び→る -> る→と -> と→る -> る→す -> す→る -> る→す -> す→る -> る→む -> む→る -> る→す
alpha_beta vs beam_negamax,alpha_beta,beam_negamax,D20000_seed0_alpha_beta_vs_beam_negamax_0,20000,0,first,ended_with_n,19,first,alpha_beta,す,1355,19,63,19,18,,,す,る,る,1.00001,True,1931.949512195122,1,1,True,0,33,33,32,0,0,0,0,0,{},32,あ→ぬ -> ぬ→る -> る→る -> る→る -> る→る -> る→ぽ -> ぽ→る -> る→び -> び→る -> る→と -> と→る -> る→す -> す→る -> る→す -> す→る -> る→む -> む→る -> る→す -> す→る
alpha_beta vs beam_negamax,alpha_beta,beam_negamax,D20000_seed0_alpha_beta_vs_beam_negamax_0,20000,0,first,ended_with_n,20,second,beam_negamax,る,4303,63,19,3,2,,,る,す,す,0.568467,False,522.7082608695653,1,1,True,0,15,15,16,0,0,0,0,0,"{""0"": 24}",16,あ→ぬ -> ぬ→る -> る→る -> る→る -> る→る -> る→ぽ -> ぽ→る -> る→び -> び→る -> る→と -> と→る -> る→す -> す→る -> る→す -> す→る -> る→む -> む→る -> る→す -> す→る -> る→す
alpha_beta vs beam_negamax,alpha_beta,beam_negamax,D20000_seed0_alpha_beta_vs_beam_negamax_0,20000,0,first,ended_with_n,21,first,alpha_beta,す,1355,19,63,18,17,,,す,る,る,1.000017,True,1931.9670731707317,1,1,True,0,33,33,32,0,0,0,0,0,{},32,あ→ぬ -> ぬ→る -> る→る -> る→る -> る→る -> る→ぽ -> ぽ→る -> る→び -> び→る -> る→と -> と→る -> る→す -> す→る -> る→す -> す→る -> る→む -> む→る -> る→す -> す→る -> る→す -> す→る
alpha_beta vs beam_negamax,alpha_beta,beam_negamax,D20000_seed0_alpha_beta_vs_beam_negamax_0,20000,0,first,ended_with_n,22,second,beam_negamax,る,4303,63,19,2,1,,,る,す,す,0.58507,False,502.7138636363636,1,2,True,0,15,15,16,0,0,0,0,0,"{""0"": 24}",16,あ→ぬ -> ぬ→る -> る→る -> る→る -> る→る -> る→ぽ -> ぽ→る -> る→び -> び→る -> る→と -> と→る -> る→す -> す→る -> る→す -> す→る -> る→む -> む→る -> る→す -> す→る -> る→す -> す→る -> る→す
alpha_beta vs beam_negamax,alpha_beta,beam_negamax,D20000_seed0_alpha_beta_vs_beam_negamax_0,20000,0,first,ended_with_n,23,first,alpha_beta,す,1355,19,63,17,16,,,す,る,る,1.000019,True,1931.9846341463415,1,1,True,0,32,32,31,0,0,0,0,0,{},31,あ→ぬ -> ぬ→る -> る→る -> る→る -> る→る -> る→ぽ -> ぽ→る -> る→び -> び→る -> る→と -> と→る -> る→す -> す→る -> る→す -> す→る -> る→む -> む→る -> る→す -> す→る -> る→す -> す→る -> る→す -> す→る
alpha_beta vs beam_negamax,alpha_beta,beam_negamax,D20000_seed0_alpha_beta_vs_beam_negamax_0,20000,0,first,ended_with_n,24,second,beam_negamax,る,4296,63,12,1,0,,,る,げ,げ,1.000087,True,-1933.8192073170733,2,1,True,0,38,35,2,0,0,69,0,0,"{""0"": 24, ""1"": 12}",2,あ→ぬ -> ぬ→る -> る→る -> る→る -> る→る -> る→ぽ -> ぽ→る -> る→び -> び→る -> る→と -> と→る -> る→す -> す→る -> る→す -> す→る -> る→む -> む→る -> る→す -> す→る -> る→す -> す→る -> る→す -> す→る -> る→げ
alpha_beta vs beam_negamax,alpha_beta,beam_negamax,D20000_seed0_alpha_beta_vs_beam_negamax_0,20000,0,first,ended_with_n,25,first,alpha_beta,げ,879,12,63,2,1,,,げ,る,る,1.000014,True,1933.8192073170733,1,1,True,0,30,30,29,0,0,0,0,0,{},29,あ→ぬ -> ぬ→る -> る→る -> る→る -> る→る -> る→ぽ -> ぽ→る -> る→び -> び→る -> る→と -> と→る -> る→す -> す→る -> る→す -> す→る -> る→む -> む→る -> る→す -> す→る -> る→す -> す→る -> る→す -> す→る -> る→げ -> げ→る
alpha_beta vs beam_negamax,alpha_beta,beam_negamax,D20000_seed0_alpha_beta_vs_beam_negamax_0,20000,0,first,ended_with_n,26,second,beam_negamax,る,4285,63,1,5,4,,,る,い,い,0.549628,False,452.32175,1,1,True,0,14,14,15,0,0,0,0,0,"{""0"": 24}",15,あ→ぬ -> ぬ→る -> る→る -> る→る -> る→る -> る→ぽ -> ぽ→る -> る→び -> び→る -> る→と -> と→る -> る→す -> す→る -> る→す -> す→る -> る→む -> む→る -> る→す -> す→る -> る→す -> す→る -> る→す -> す→る -> る→げ -> げ→る -> る→い
alpha_beta vs beam_negamax,alpha_beta,beam_negamax,D20000_seed0_alpha_beta_vs_beam_negamax_0,20000,0,first,ended_with_n,27,first,alpha_beta,い,131,1,63,7,6,,,い,る,る,1.000009,True,1934.4301829268293,1,1,True,0,36,36,35,0,0,0,0,0,{},35,あ→ぬ -> ぬ→る -> る→る -> る→る -> る→る -> る→ぽ -> ぽ→る -> る→び -> び→る -> る→と -> と→る -> る→す -> す→る -> る→す -> す→る -> る→む -> む→る -> る→す -> す→る -> る→す -> す→る -> る→す -> す→る -> る→げ -> げ→る -> る→い -> い→る
alpha_beta vs beam_negamax,alpha_beta,beam_negamax,D20000_seed0_alpha_beta_vs_beam_negamax_0,20000,0,first,ended_with_n,28,second,beam_negamax,る,4285,63,1,4,3,,,る,い,い,0.534876,False,433.10842105263157,1,1,True,0,14,14,15,0,0,0,0,0,"{""0"": 24}",15,あ→ぬ -> ぬ→る -> る→る -> る→る -> る→る -> る→ぽ -> ぽ→る -> る→び -> び→る -> る→と -> と→る -> る→す -> す→る -> る→す -> す→る -> る→む -> む→る -> る→す -> す→る -> る→す -> す→る -> る→す -> す→る -> る→げ -> げ→る -> る→い -> い→る -> る→い
alpha_beta vs beam_negamax,alpha_beta,beam_negamax,D20000_seed0_alpha_beta_vs_beam_negamax_0,20000,0,first,ended_with_n,29,first,alpha_beta,い,131,1,63,6,5,,,い,る,る,1.000009,True,1935.0411585365853,1,1,True,0,37,37,36,0,0,0,0,0,{},36,あ→ぬ -> ぬ→る -> る→る -> る→る -> る→る -> る→ぽ -> ぽ→る -> る→び -> び→る -> る→と -> と→る -> る→す -> す→る -> る→す -> す→る -> る→む -> む→る -> る→す -> す→る -> る→す -> す→る -> る→す -> す→る -> る→げ -> げ→る -> る→い -> い→る -> る→い -> い→る
alpha_beta vs beam_negamax,alpha_beta,beam_negamax,D20000_seed0_alpha_beta_vs_beam_negamax_0,20000,0,first,ended_with_n,30,second,beam_negamax,る,4285,63,1,3,2,,,る,い,い,0.531451,False,413.97249999999997,1,2,True,0,14,14,15,0,0,0,0,0,"{""0"": 24}",15,あ→ぬ -> ぬ→る -> る→る -> る→る -> る→る -> る→ぽ -> ぽ→る -> る→び -> び→る -> る→と -> と→る -> る→す -> す→る -> る→す -> す→る -> る→む -> む→る -> る→す -> す→る -> る→す -> す→る -> る→す -> す→る -> る→げ -> げ→る -> る→い -> い→る -> る→い -> い→る -> る→い
alpha_beta vs beam_negamax,alpha_beta,beam_negamax,D20000_seed0_alpha_beta_vs_beam_negamax_0,20000,0,first,ended_with_n,31,first,alpha_beta,い,131,1,63,5,4,,,い,る,る,1.000016,True,1935.6521341463415,1,1,True,0,37,37,36,0,0,0,0,0,{},36,あ→ぬ -> ぬ→る -> る→る -> る→る -> る→る -> る→ぽ -> ぽ→る -> る→び -> び→る -> る→と -> と→る -> る→す -> す→る -> る→す -> す→る -> る→む -> む→る -> る→す -> す→る -> る→す -> す→る -> る→す -> す→る -> る→げ -> げ→る -> る→い -> い→る -> る→い -> い→る -> る→い -> い→る
alpha_beta vs beam_negamax,alpha_beta,beam_negamax,D20000_seed0_alpha_beta_vs_beam_negamax_0,20000,0,first,ended_with_n,32,second,beam_negamax,る,4343,63,59,2,1,,,る,ゆ,ゆ,1.000009,True,-1936.2609146341463,2,1,True,0,39,36,2,0,0,84,0,0,"{""0"": 24, ""1"": 12}",2,あ→ぬ -> ぬ→る -> る→る -> る→る -> る→る -> る→ぽ -> ぽ→る -> る→び -> び→る -> る→と -> と→る -> る→す -> す→る -> る→す -> す→る -> る→む -> む→る -> る→す -> す→る -> る→す -> す→る -> る→す -> す→る -> る→げ -> げ→る -> る→い -> い→る -> る→い -> い→る -> る→い -> い→る -> る→ゆ
alpha_beta vs beam_negamax,alpha_beta,beam_negamax,D20000_seed0_alpha_beta_vs_beam_negamax_0,20000,0,first,ended_with_n,33,first,alpha_beta,ゆ,4075,59,63,3,2,,,ゆ,る,る,1.000013,True,1936.2609146341463,1,1,True,0,32,32,31,0,0,0,0,0,{},31,あ→ぬ -> ぬ→る -> る→る -> る→る -> る→る -> る→ぽ -> ぽ→る -> る→び -> び→る -> る→と -> と→る -> る→す -> す→る -> る→す -> す→る -> る→む -> む→る -> る→す -> す→る -> る→す -> す→る -> る→す -> す→る -> る→げ -> げ→る -> る→い -> い→る -> る→い -> い→る -> る→い -> い→る -> る→ゆ -> ゆ→る
alpha_beta vs beam_negamax,alpha_beta,beam_negamax,D20000_seed0_alpha_beta_vs_beam_negamax_0,20000,0,first,ended_with_n,34,second,beam_negamax,る,4285,63,1,2,1,,,る,い,い,0.538411,False,373.87312499999996,1,1,True,0,14,14,15,0,0,0,0,0,"{""0"": 24}",15,あ→ぬ -> ぬ→る -> る→る -> る→る -> る→る -> る→ぽ -> ぽ→る -> る→び -> び→る -> る→と -> と→る -> る→す -> す→る -> る→す -> す→る -> る→む -> む→る -> る→す -> す→る -> る→す -> す→る -> る→す -> す→る -> る→げ -> げ→る -> る→い -> い→る -> る→い -> い→る -> る→い -> い→る -> る→ゆ -> ゆ→る -> る→い
alpha_beta vs beam_negamax,alpha_beta,beam_negamax,D20000_seed0_alpha_beta_vs_beam_negamax_0,20000,0,first,ended_with_n,35,first,alpha_beta,い,131,1,63,4,3,,,い,る,る,1.000009,True,1936.8718902439025,1,1,True,0,37,37,36,0,0,0,0,0,{},36,あ→ぬ -> ぬ→る -> る→る -> る→る -> る→る -> る→ぽ -> ぽ→る -> る→び -> び→る -> る→と -> と→る -> る→す -> す→る -> る→す -> す→る -> る→む -> む→る -> る→す -> す→る -> る→す -> す→る -> る→す -> す→る -> る→げ -> げ→る -> る→い -> い→る -> る→い -> い→る -> る→い -> い→る -> る→ゆ -> ゆ→る -> る→い -> い→る
alpha_beta vs beam_negamax,alpha_beta,beam_negamax,D20000_seed0_alpha_beta_vs_beam_negamax_0,20000,0,first,ended_with_n,36,second,beam_negamax,る,4286,63,2,3,2,,,る,う,う,0.539385,False,353.509,1,1,True,0,14,14,15,0,0,0,0,0,"{""0"": 24}",15,あ→ぬ -> ぬ→る -> る→る -> る→る -> る→る -> る→ぽ -> ぽ→る -> る→び -> び→る -> る→と -> と→る -> る→す -> す→る -> る→す -> す→る -> る→む -> む→る -> る→す -> す→る -> る→す -> す→る -> る→す -> す→る -> る→げ -> げ→る -> る→い -> い→る -> る→い -> い→る -> る→い -> い→る -> る→ゆ -> ゆ→る -> る→い -> い→る -> る→う
alpha_beta vs beam_negamax,alpha_beta,beam_negamax,D20000_seed0_alpha_beta_vs_beam_negamax_0,20000,0,first,ended_with_n,37,first,alpha_beta,う,199,2,63,3,2,,,う,る,る,1.000007,True,1937.481768292683,1,1,True,0,34,34,33,0,0,0,0,0,{},33,あ→ぬ -> ぬ→る -> る→る -> る→る -> る→る -> る→ぽ -> ぽ→る -> る→び -> び→る -> る→と -> と→る -> る→す -> す→る -> る→す -> す→る -> る→む -> む→る -> る→す -> す→る -> る→す -> す→る -> る→す -> す→る -> る→げ -> げ→る -> る→い -> い→る -> る→い -> い→る -> る→い -> い→る -> る→ゆ -> ゆ→る -> る→い -> い→る -> る→う -> う→る
alpha_beta vs beam_negamax,alpha_beta,beam_negamax,D20000_seed0_alpha_beta_vs_beam_negamax_0,20000,0,first,ended_with_n,38,second,beam_negamax,る,4286,63,2,2,1,,,る,う,う,0.541868,False,333.08000000000004,1,2,True,0,14,14,15,0,0,0,0,0,"{""0"": 24}",15,あ→ぬ -> ぬ→る -> る→る -> る→る -> る→る -> る→ぽ -> ぽ→る -> る→び -> び→る -> る→と -> と→る -> る→す -> す→る -> る→す -> す→る -> る→む -> む→る -> る→す -> す→る -> る→す -> す→る -> る→す -> す→る -> る→げ -> げ→る -> る→い -> い→る -> る→い -> い→る -> る→い -> い→る -> る→ゆ -> ゆ→る -> る→い -> い→る -> る→う -> う→る -> る→う
alpha_beta vs beam_negamax,alpha_beta,beam_negamax,D20000_seed0_alpha_beta_vs_beam_negamax_0,20000,0,first,ended_with_n,39,first,alpha_beta,う,199,2,63,2,1,,,う,る,る,1.000008,True,1938.0916463414635,1,1,True,0,34,34,33,0,0,0,0,0,{},33,あ→ぬ -> ぬ→る -> る→る -> る→る -> る→る -> る→ぽ -> ぽ→る -> る→び -> び→る -> る→と -> と→る -> る→す -> す→る -> る→す -> す→る -> る→む -> む→る -> る→す -> す→る -> る→す -> す→る -> る→す -> す→る -> る→げ -> げ→る -> る→い -> い→る -> る→い -> い→る -> る→い -> い→る -> る→ゆ -> ゆ→る -> る→い -> い→る -> る→う -> う→る -> る→う -> う→る
alpha_beta vs beam_negamax,alpha_beta,beam_negamax,D20000_seed0_alpha_beta_vs_beam_negamax_0,20000,0,first,ended_with_n,40,second,beam_negamax,る,4343,63,59,1,0,,,る,ゆ,ゆ,1.000013,True,-1940.8273170731707,2,1,True,0,39,36,2,0,0,84,0,0,"{""0"": 24, ""1"": 12}",2,あ→ぬ -> ぬ→る -> る→る -> る→る -> る→る -> る→ぽ -> ぽ→る -> る→び -> び→る -> る→と -> と→る -> る→す -> す→る -> る→す -> す→る -> る→む -> む→る -> る→す -> す→る -> る→す -> す→る -> る→す -> す→る -> る→げ -> げ→る -> る→い -> い→る -> る→い -> い→る -> る→い -> い→る -> る→ゆ -> ゆ→る -> る→い -> い→る -> る→う -> う→る -> る→う -> う→る -> る→ゆ
alpha_beta vs beam_negamax,alpha_beta,beam_negamax,D20000_seed0_alpha_beta_vs_beam_negamax_0,20000,0,first,ended_with_n,41,first,alpha_beta,ゆ,4075,59,63,2,1,,,ゆ,る,る,1.000008,True,1940.8273170731707,1,1,True,0,31,31,30,0,0,0,0,0,{},30,あ→ぬ -> ぬ→る -> る→る -> る→る -> る→る -> る→ぽ -> ぽ→る -> る→び -> び→る -> る→と -> と→る -> る→す -> す→る -> る→す -> す→る -> る→む -> む→る -> る→す -> す→る -> る→す -> す→る -> る→す -> す→る -> る→げ -> げ→る -> る→い -> い→る -> る→い -> い→る -> る→い -> い→る -> る→ゆ -> ゆ→る -> る→い -> い→る -> る→う -> う→る -> る→う -> う→る -> る→ゆ -> ゆ→る
alpha_beta vs beam_negamax,alpha_beta,beam_negamax,D20000_seed0_alpha_beta_vs_beam_negamax_0,20000,0,first,ended_with_n,42,second,beam_negamax,る,4291,63,7,1,0,,,る,き,き,0.504913,False,273.4175,1,1,True,0,13,13,14,0,0,0,0,0,"{""0"": 24}",14,あ→ぬ -> ぬ→る -> る→る -> る→る -> る→る -> る→ぽ -> ぽ→る -> る→び -> び→る -> る→と -> と→る -> る→す -> す→る -> る→す -> す→る -> る→む -> む→る -> る→す -> す→る -> る→す -> す→る -> る→す -> す→る -> る→げ -> げ→る -> る→い -> い→る -> る→い -> い→る -> る→い -> い→る -> る→ゆ -> ゆ→る -> る→い -> い→る -> る→う -> う→る -> る→う -> う→る -> る→ゆ -> ゆ→る -> る→き
alpha_beta vs beam_negamax,alpha_beta,beam_negamax,D20000_seed0_alpha_beta_vs_beam_negamax_0,20000,0,first,ended_with_n,43,first,alpha_beta,き,539,7,63,12,11,,,き,る,る,1.00001,True,1943.5618902439026,1,1,True,0,35,35,34,0,0,0,0,0,{},34,あ→ぬ -> ぬ→る -> る→る -> る→る -> る→る -> る→ぽ -> ぽ→る -> る→び -> び→る -> る→と -> と→る -> る→す -> す→る -> る→す -> す→る -> る→む -> む→る -> る→す -> す→る -> る→す -> す→る -> る→す -> す→る -> る→げ -> げ→る -> る→い -> い→る -> る→い -> い→る -> る→い -> い→る -> る→ゆ -> ゆ→る -> る→い -> い→る -> る→う -> う→る -> る→う -> う→る -> る→ゆ -> ゆ→る -> る→き -> き→る
alpha_beta vs beam_negamax,alpha_beta,beam_negamax,D20000_seed0_alpha_beta_vs_beam_negamax_0,20000,0,first,ended_with_n,44,second,beam_negamax,る,4302,63,18,1,0,,,る,じ,じ,0.461416,False,245.4609090909091,1,1,True,0,12,12,13,0,0,0,0,0,"{""0"": 24}",13,あ→ぬ -> ぬ→る -> る→る -> る→る -> る→る -> る→ぽ -> ぽ→る -> る→び -> び→る -> る→と -> と→る -> る→す -> す→る -> る→す -> す→る -> る→む -> む→る -> る→す -> す→る -> る→す -> す→る -> る→す -> す→る -> る→げ -> げ→る -> る→い -> い→る -> る→い -> い→る -> る→い -> い→る -> る→ゆ -> ゆ→る -> る→い -> い→る -> る→う -> う→る -> る→う -> う→る -> る→ゆ -> ゆ→る -> る→き -> き→る -> る→じ
alpha_beta vs beam_negamax,alpha_beta,beam_negamax,D20000_seed0_alpha_beta_vs_beam_negamax_0,20000,0,first,ended_with_n,45,first,alpha_beta,じ,1287,18,63,7,6,,,じ,る,る,1.000007,True,1946.2964634146342,1,1,True,0,34,34,33,0,0,0,0,0,{},33,あ→ぬ -> ぬ→る -> る→る -> る→る -> る→る -> る→ぽ -> ぽ→る -> る→び -> び→る -> る→と -> と→る -> る→す -> す→る -> る→す -> す→る -> る→む -> む→る -> る→す -> す→る -> る→す -> す→る -> る→す -> す→る -> る→げ -> げ→る -> る→い -> い→る -> る→い -> い→る -> る→い -> い→る -> る→ゆ -> ゆ→る -> る→い -> い→る -> る→う -> う→る -> る→う -> う→る -> る→ゆ -> ゆ→る -> る→き -> き→る -> る→じ -> じ→る
alpha_beta vs beam_negamax,alpha_beta,beam_negamax,D20000_seed0_alpha_beta_vs_beam_negamax_0,20000,0,first,ended_with_n,46,second,beam_negamax,る,4284,63,0,1,0,,,る,あ,あ,0.422831,False,217.3595,1,2,True,0,11,11,12,0,0,0,0,0,"{""0"": 24}",12,あ→ぬ -> ぬ→る -> る→る -> る→る -> る→る -> る→ぽ -> ぽ→る -> る→び -> び→る -> る→と -> と→る -> る→す -> す→る -> る→す -> す→る -> る→む -> む→る -> る→す -> す→る -> る→す -> す→る -> る→す -> す→る -> る→げ -> げ→る -> る→い -> い→る -> る→い -> い→る -> る→い -> い→る -> る→ゆ -> ゆ→る -> る→い -> い→る -> る→う -> う→る -> る→う -> う→る -> る→ゆ -> ゆ→る -> る→き -> き→る -> る→じ -> じ→る -> る→あ
alpha_beta vs beam_negamax,alpha_beta,beam_negamax,D20000_seed0_alpha_beta_vs_beam_negamax_0,20000,0,first,ended_with_n,47,first,alpha_beta,あ,63,0,63,14,13,,,あ,る,る,1.000008,True,1861.7775000000001,1,1,True,0,36,36,35,0,0,0,0,0,{},35,あ→ぬ -> ぬ→る -> る→る -> る→る -> る→る -> る→ぽ -> ぽ→る -> る→び -> び→る -> る→と -> と→る -> る→す -> す→る -> る→す -> す→る -> る→む -> む→る -> る→す -> す→る -> る→す -> す→る -> る→す -> す→る -> る→げ -> げ→る -> る→い -> い→る -> る→い -> い→る -> る→い -> い→る -> る→ゆ -> ゆ→る -> る→い -> い→る -> る→う -> う→る -> る→う -> う→る -> る→ゆ -> ゆ→る -> る→き -> き→る -> る→じ -> じ→る -> る→あ -> あ→る
alpha_beta vs beam_negamax,alpha_beta,beam_negamax,D20000_seed0_alpha_beta_vs_beam_negamax_0,20000,0,first,ended_with_n,48,second,beam_negamax,る,4312,63,28,1,0,,,る,つ,つ,1.000009,True,-1868.1607317073172,2,1,True,0,41,37,3,0,0,138,0,0,"{""0"": 24, ""1"": 12}",3,あ→ぬ -> ぬ→る -> る→る -> る→る -> る→る -> る→ぽ -> ぽ→る -> る→び -> び→る -> る→と -> と→る -> る→す -> す→る -> る→す -> す→る -> る→む -> む→る -> る→す -> す→る -> る→す -> す→る -> る→す -> す→る -> る→げ -> げ→る -> る→い -> い→る -> る→い -> い→る -> る→い -> い→る -> る→ゆ -> ゆ→る -> る→い -> い→る -> る→う -> う→る -> る→う -> う→る -> る→ゆ -> ゆ→る -> る→き -> き→る -> る→じ -> じ→る -> る→あ -> あ→る -> る→つ
alpha_beta vs beam_negamax,alpha_beta,beam_negamax,D20000_seed0_alpha_beta_vs_beam_negamax_0,20000,0,first,ended_with_n,49,first,alpha_beta,つ,1967,28,63,2,1,,,つ,る,る,1.000008,True,1868.1607317073172,1,1,True,0,33,33,32,0,0,0,0,0,{},32,あ→ぬ -> ぬ→る -> る→る -> る→る -> る→る -> る→ぽ -> ぽ→る -> る→び -> び→る -> る→と -> と→る -> る→す -> す→る -> る→す -> す→る -> る→む -> む→る -> る→す -> す→る -> る→す -> す→る -> る→す -> す→る -> る→げ -> げ→る -> る→い -> い→る -> る→い -> い→る -> る→い -> い→る -> る→ゆ -> ゆ→る -> る→い -> い→る -> る→う -> う→る -> る→う -> う→る -> る→ゆ -> ゆ→る -> る→き -> き→る -> る→じ -> じ→る -> る→あ -> あ→る -> る→つ -> つ→る
alpha_beta vs beam_negamax,alpha_beta,beam_negamax,D20000_seed0_alpha_beta_vs_beam_negamax_0,20000,0,first,ended_with_n,50,second,beam_negamax,る,4285,63,1,1,0,,,る,い,い,0.335994,False,158.35625000000002,1,1,True,0,9,9,10,0,0,0,0,0,"{""0"": 24}",10,あ→ぬ -> ぬ→る -> る→る -> る→る -> る→る -> る→ぽ -> ぽ→る -> る→び -> び→る -> る→と -> と→る -> る→す -> す→る -> る→す -> す→る -> る→む -> む→る -> る→す -> す→る -> る→す -> す→る -> る→す -> す→る -> る→げ -> げ→る -> る→い -> い→る -> る→い -> い→る -> る→い -> い→る -> る→ゆ -> ゆ→る -> る→い -> い→る -> る→う -> う→る -> る→う -> う→る -> る→ゆ -> ゆ→る -> る→き -> き→る -> る→じ -> じ→る -> る→あ -> あ→る -> る→つ -> つ→る -> る→い
alpha_beta vs beam_negamax,alpha_beta,beam_negamax,D20000_seed0_alpha_beta_vs_beam_negamax_0,20000,0,first,ended_with_n,51,first,alpha_beta,い,131,1,63,3,2,,,い,る,る,1.000006,True,1874.5490853658537,1,1,True,0,37,37,36,0,0,0,0,0,{},36,あ→ぬ -> ぬ→る -> る→る -> る→る -> る→る -> る→ぽ -> ぽ→る -> る→び -> び→る -> る→と -> と→る -> る→す -> す→る -> る→す -> す→る -> る→む -> む→る -> る→す -> す→る -> る→す -> す→る -> る→す -> す→る -> る→げ -> げ→る -> る→い -> い→る -> る→い -> い→る -> る→い -> い→る -> る→ゆ -> ゆ→る -> る→い -> い→る -> る→う -> う→る -> る→う -> う→る -> る→ゆ -> ゆ→る -> る→き -> き→る -> る→じ -> じ→る -> る→あ -> あ→る -> る→つ -> つ→る -> る→い -> い→る
alpha_beta vs beam_negamax,alpha_beta,beam_negamax,D20000_seed0_alpha_beta_vs_beam_negamax_0,20000,0,first,ended_with_n,52,second,beam_negamax,る,4328,63,44,1,0,,,る,ふ,ふ,0.292287,False,131.03214285714287,1,1,True,0,8,8,9,0,0,0,0,0,"{""0"": 24}",9,あ→ぬ -> ぬ→る -> る→る -> る→る -> る→る -> る→ぽ -> ぽ→る -> る→び -> び→る -> る→と -> と→る -> る→す -> す→る -> る→す -> す→る -> る→む -> む→る -> る→す -> す→る -> る→す -> す→る -> る→す -> す→る -> る→げ -> げ→る -> る→い -> い→る -> る→い -> い→る -> る→い -> い→る -> る→ゆ -> ゆ→る -> る→い -> い→る -> る→う -> う→る -> る→う -> う→る -> る→ゆ -> ゆ→る -> る→き -> き→る -> る→じ -> じ→る -> る→あ -> あ→る -> る→つ -> つ→る -> る→い -> い→る -> る→ふ
alpha_beta vs beam_negamax,alpha_beta,beam_negamax,D20000_seed0_alpha_beta_vs_beam_negamax_0,20000,0,first,ended_with_n,53,first,alpha_beta,ふ,3055,44,63,15,14,,,ふ,る,る,1.000008,True,1880.9323170731707,1,1,True,0,33,33,32,0,0,0,0,0,{},32,あ→ぬ -> ぬ→る -> る→る -> る→る -> る→る -> る→ぽ -> ぽ→る -> る→び -> び→る -> る→と -> と→る -> る→す -> す→る -> る→す -> す→る -> る→む -> む→る -> る→す -> す→る -> る→す -> す→る -> る→す -> す→る -> る→げ -> げ→る -> る→い -> い→る -> る→い -> い→る -> る→い -> い→る -> る→ゆ -> ゆ→る -> る→い -> い→る -> る→う -> う→る -> る→う -> う→る -> る→ゆ -> ゆ→る -> る→き -> き→る -> る→じ -> じ→る -> る→あ -> あ→る -> る→つ -> つ→る -> る→い -> い→る -> る→ふ -> ふ→る
alpha_beta vs beam_negamax,alpha_beta,beam_negamax,D20000_seed0_alpha_beta_vs_beam_negamax_0,20000,0,first,ended_with_n,54,second,beam_negamax,る,4315,63,31,1,0,,,る,と,と,0.253881,False,102.75500000000002,1,2,True,0,7,7,8,0,0,0,0,0,"{""0"": 24}",8,あ→ぬ -> ぬ→る -> る→る -> る→る -> る→る -> る→ぽ -> ぽ→る -> る→び -> び→る -> る→と -> と→る -> る→す -> す→る -> る→す -> す→る -> る→む -> む→る -> る→す -> す→る -> る→す -> す→る -> る→す -> す→る -> る→げ -> げ→る -> る→い -> い→る -> る→い -> い→る -> る→い -> い→る -> る→ゆ -> ゆ→る -> る→い -> い→る -> る→う -> う→る -> る→う -> う→る -> る→ゆ -> ゆ→る -> る→き -> き→る -> る→じ -> じ→る -> る→あ -> あ→る -> る→つ -> つ→る -> る→い -> い→る -> る→ふ -> ふ→る -> る→と
alpha_beta vs beam_negamax,alpha_beta,beam_negamax,D20000_seed0_alpha_beta_vs_beam_negamax_0,20000,0,first,ended_with_n,55,first,alpha_beta,と,2171,31,63,9,8,,,と,る,る,1.000008,True,1887.346280487805,1,1,True,0,33,33,32,0,0,0,0,0,{},32,あ→ぬ -> ぬ→る -> る→る -> る→る -> る→る -> る→ぽ -> ぽ→る -> る→び -> び→る -> る→と -> と→る -> る→す -> す→る -> る→す -> す→る -> る→む -> む→る -> る→す -> す→る -> る→す -> す→る -> る→す -> す→る -> る→げ -> げ→る -> る→い -> い→る -> る→い -> い→る -> る→い -> い→る -> る→ゆ -> ゆ→る -> る→い -> い→る -> る→う -> う→る -> る→う -> う→る -> る→ゆ -> ゆ→る -> る→き -> き→る -> る→じ -> じ→る -> る→あ -> あ→る -> る→つ -> つ→る -> る→い -> い→る -> る→ふ -> ふ→る -> る→と -> と→る
alpha_beta vs beam_negamax,alpha_beta,beam_negamax,D20000_seed0_alpha_beta_vs_beam_negamax_0,20000,0,first,ended_with_n,56,second,beam_negamax,る,4286,63,2,1,0,,,る,う,う,1.000008,True,-1738.5,2,1,True,0,45,41,3,0,0,144,0,0,"{""0"": 24, ""1"": 12}",3,あ→ぬ -> ぬ→る -> る→る -> る→る -> る→る -> る→ぽ -> ぽ→る -> る→び -> び→る -> る→と -> と→る -> る→す -> す→る -> る→す -> す→る -> る→む -> む→る -> る→す -> す→る -> る→す -> す→る -> る→す -> す→る -> る→げ -> げ→る -> る→い -> い→る -> る→い -> い→る -> る→い -> い→る -> る→ゆ -> ゆ→る -> る→い -> い→る -> る→う -> う→る -> る→う -> う→る -> る→ゆ -> ゆ→る -> る→き -> き→る -> る→じ -> じ→る -> る→あ -> あ→る -> る→つ -> つ→る -> る→い -> い→る -> る→ふ -> ふ→る -> る→と -> と→る -> る→う
alpha_beta vs beam_negamax,alpha_beta,beam_negamax,D20000_seed0_alpha_beta_vs_beam_negamax_0,20000,0,first,ended_with_n,57,first,alpha_beta,う,199,2,63,1,0,,,う,る,る,1.00001,True,1738.5,1,1,True,0,34,34,33,0,0,0,0,0,{},33,あ→ぬ -> ぬ→る -> る→る -> る→る -> る→る -> る→ぽ -> ぽ→る -> る→び -> び→る -> る→と -> と→る -> る→す -> す→る -> る→す -> す→る -> る→む -> む→る -> る→す -> す→る -> る→す -> す→る -> る→す -> す→る -> る→げ -> げ→る -> る→い -> い→る -> る→い -> い→る -> る→い -> い→る -> る→ゆ -> ゆ→る -> る→い -> い→る -> る→う -> う→る -> る→う -> う→る -> る→ゆ -> ゆ→る -> る→き -> き→る -> る→じ -> じ→る -> る→あ -> あ→る -> る→つ -> つ→る -> る→い -> い→る -> る→ふ -> ふ→る -> る→と -> と→る -> る→う -> う→る
alpha_beta vs beam_negamax,alpha_beta,beam_negamax,D20000_seed0_alpha_beta_vs_beam_negamax_0,20000,0,first,ended_with_n,58,second,beam_negamax,る,4303,63,19,1,0,,,る,す,す,0.168879,False,46.01750000000001,1,1,True,0,5,5,6,0,0,0,0,0,"{""0"": 24}",6,あ→ぬ -> ぬ→る -> る→る -> る→る -> る→る -> る→ぽ -> ぽ→る -> る→び -> び→る -> る→と -> と→る -> る→す -> す→る -> る→す -> す→る -> る→む -> む→る -> る→す -> す→る -> る→す -> す→る -> る→す -> す→る -> る→げ -> げ→る -> る→い -> い→る -> る→い -> い→る -> る→い -> い→る -> る→ゆ -> ゆ→る -> る→い -> い→る -> る→う -> う→る -> る→う -> う→る -> る→ゆ -> ゆ→る -> る→き -> き→る -> る→じ -> じ→る -> る→あ -> あ→る -> る→つ -> つ→る -> る→い -> い→る -> る→ふ -> ふ→る -> る→と -> と→る -> る→う -> う→る -> る→す
alpha_beta vs beam_negamax,alpha_beta,beam_negamax,D20000_seed0_alpha_beta_vs_beam_negamax_0,20000,0,first,ended_with_n,59,first,alpha_beta,す,1355,19,63,16,15,,,す,る,る,1.000007,True,1753.1370731707316,1,1,True,0,34,34,33,0,0,0,0,0,{},33,あ→ぬ -> ぬ→る -> る→る -> る→る -> る→る -> る→ぽ -> ぽ→る -> る→び -> び→る -> る→と -> と→る -> る→す -> す→る -> る→す -> す→る -> る→む -> む→る -> る→す -> す→る -> る→す -> す→る -> る→す -> す→る -> る→げ -> げ→る -> る→い -> い→る -> る→い -> い→る -> る→い -> い→る -> る→ゆ -> ゆ→る -> る→い -> い→る -> る→う -> う→る -> る→う -> う→る -> る→ゆ -> ゆ→る -> る→き -> き→る -> る→じ -> じ→る -> る→あ -> あ→る -> る→つ -> つ→る -> る→い -> い→る -> る→ふ -> ふ→る -> る→と -> と→る -> る→う -> う→る -> る→す -> す→る
alpha_beta vs beam_negamax,alpha_beta,beam_negamax,D20000_seed0_alpha_beta_vs_beam_negamax_0,20000,0,first,ended_with_n,60,second,beam_negamax,る,4293,63,9,1,0,,,る,く,く,0.12947,False,19.099999999999994,1,1,True,0,4,4,5,0,0,0,0,0,"{""0"": 24}",5,あ→ぬ -> ぬ→る -> る→る -> る→る -> る→る -> る→ぽ -> ぽ→る -> る→び -> び→る -> る→と -> と→る -> る→す -> す→る -> る→す -> す→る -> る→む -> む→る -> る→す -> す→る -> る→す -> す→る -> る→す -> す→る -> る→げ -> げ→る -> る→い -> い→る -> る→い -> い→る -> る→い -> い→る -> る→ゆ -> ゆ→る -> る→い -> い→る -> る→う -> う→る -> る→う -> う→る -> る→ゆ -> ゆ→る -> る→き -> き→る -> る→じ -> じ→る -> る→あ -> あ→る -> る→つ -> つ→る -> る→い -> い→る -> る→ふ -> ふ→る -> る→と -> と→る -> る→う -> う→る -> る→す -> す→る -> る→く
alpha_beta vs beam_negamax,alpha_beta,beam_negamax,D20000_seed0_alpha_beta_vs_beam_negamax_0,20000,0,first,ended_with_n,61,first,alpha_beta,く,675,9,63,8,7,,,く,る,る,1.000008,True,1767.7273170731708,1,1,True,0,35,35,34,0,0,0,0,0,{},34,あ→ぬ -> ぬ→る -> る→る -> る→る -> る→る -> る→ぽ -> ぽ→る -> る→び -> び→る -> る→と -> と→る -> る→す -> す→る -> る→す -> す→る -> る→む -> む→る -> る→す -> す→る -> る→す -> す→る -> る→す -> す→る -> る→げ -> げ→る -> る→い -> い→る -> る→い -> い→る -> る→い -> い→る -> る→ゆ -> ゆ→る -> る→い -> い→る -> る→う -> う→る -> る→う -> う→る -> る→ゆ -> ゆ→る -> る→き -> き→る -> る→じ -> じ→る -> る→あ -> あ→る -> る→つ -> つ→る -> る→い -> い→る -> る→ふ -> ふ→る -> る→と -> と→る -> る→う -> う→る -> る→す -> す→る -> る→く -> く→る
alpha_beta vs beam_negamax,alpha_beta,beam_negamax,D20000_seed0_alpha_beta_vs_beam_negamax_0,20000,0,first,ended_with_n,62,second,beam_negamax,る,4346,63,62,1,0,,,る,り,り,0.089089,False,-6.782499999999999,1,2,True,0,3,3,4,0,0,0,0,0,"{""0"": 24}",4,あ→ぬ -> ぬ→る -> る→る -> る→る -> る→る -> る→ぽ -> ぽ→る -> る→び -> び→る -> る→と -> と→る -> る→す -> す→る -> る→す -> す→る -> る→む -> む→る -> る→す -> す→る -> る→す -> す→る -> る→す -> す→る -> る→げ -> げ→る -> る→い -> い→る -> る→い -> い→る -> る→い -> い→る -> る→ゆ -> ゆ→る -> る→い -> い→る -> る→う -> う→る -> る→う -> う→る -> る→ゆ -> ゆ→る -> る→き -> き→る -> る→じ -> じ→る -> る→あ -> あ→る -> る→つ -> つ→る -> る→い -> い→る -> る→ふ -> ふ→る -> る→と -> と→る -> る→う -> う→る -> る→す -> す→る -> る→く -> く→る -> る→り
alpha_beta vs beam_negamax,alpha_beta,beam_negamax,D20000_seed0_alpha_beta_vs_beam_negamax_0,20000,0,first,ended_with_n,63,first,alpha_beta,り,4274,62,58,6,5,,,り,や,や,1.000007,True,1605.8936567164178,1,1,True,0,33,33,32,0,0,0,0,0,{},32,あ→ぬ -> ぬ→る -> る→る -> る→る -> る→る -> る→ぽ -> ぽ→る -> る→び -> び→る -> る→と -> と→る -> る→す -> す→る -> る→す -> す→る -> る→む -> む→る -> る→す -> す→る -> る→す -> す→る -> る→す -> す→る -> る→げ -> げ→る -> る→い -> い→る -> る→い -> い→る -> る→い -> い→る -> る→ゆ -> ゆ→る -> る→い -> い→る -> る→う -> う→る -> る→う -> う→る -> る→ゆ -> ゆ→る -> る→き -> き→る -> る→じ -> じ→る -> る→あ -> あ→る -> る→つ -> つ→る -> る→い -> い→る -> る→ふ -> ふ→る -> る→と -> と→る -> る→う -> う→る -> る→す -> す→る -> る→く -> く→る -> る→り -> り→や
alpha_beta vs beam_negamax,alpha_beta,beam_negamax,D20000_seed0_alpha_beta_vs_beam_negamax_0,20000,0,first,ended_with_n,64,second,beam_negamax,や,3954,58,10,2,1,,,や,ぐ,ぐ,1.00001,True,-1579.1908536585365,2,1,True,0,39,36,2,0,0,69,0,0,"{""0"": 24, ""1"": 12}",2,あ→ぬ -> ぬ→る -> る→る -> る→る -> る→る -> る→ぽ -> ぽ→る -> る→び -> び→る -> る→と -> と→る -> る→す -> す→る -> る→す -> す→る -> る→む -> む→る -> る→す -> す→る -> る→す -> す→る -> る→す -> す→る -> る→げ -> げ→る -> る→い -> い→る -> る→い -> い→る -> る→い -> い→る -> る→ゆ -> ゆ→る -> る→い -> い→る -> る→う -> う→る -> る→う -> う→る -> る→ゆ -> ゆ→る -> る→き -> き→る -> る→じ -> じ→る -> る→あ -> あ→る -> る→つ -> つ→る -> る→い -> い→る -> る→ふ -> ふ→る -> る→と -> と→る -> る→う -> う→る -> る→す -> す→る -> る→く -> く→る -> る→り -> り→や -> や→ぐ
alpha_beta vs beam_negamax,alpha_beta,beam_negamax,D20000_seed0_alpha_beta_vs_beam_negamax_0,20000,0,first,ended_with_n,65,first,alpha_beta,ぐ,743,10,63,4,3,,,ぐ,る,る,1.000006,True,1579.1908536585365,1,1,True,0,31,31,30,0,0,0,0,0,{},30,あ→ぬ -> ぬ→る -> る→る -> る→る -> る→る -> る→ぽ -> ぽ→る -> る→び -> び→る -> る→と -> と→る -> る→す -> す→る -> る→す -> す→る -> る→む -> む→る -> る→す -> す→る -> る→す -> す→る -> る→す -> す→る -> る→げ -> げ→る -> る→い -> い→る -> る→い -> い→る -> る→い -> い→る -> る→ゆ -> ゆ→る -> る→い -> い→る -> る→う -> う→る -> る→う -> う→る -> る→ゆ -> ゆ→る -> る→き -> き→る -> る→じ -> じ→る -> る→あ -> あ→る -> る→つ -> つ→る -> る→い -> い→る -> る→ふ -> ふ→る -> る→と -> と→る -> る→う -> う→る -> る→す -> す→る -> る→く -> く→る -> る→り -> り→や -> や→ぐ -> ぐ→る
alpha_beta vs beam_negamax,alpha_beta,beam_negamax,D20000_seed0_alpha_beta_vs_beam_negamax_0,20000,0,first,ended_with_n,66,second,beam_negamax,る,4317,63,33,1,0,,,る,な,な,0.058284,False,-25.284999999999997,1,1,True,0,2,2,3,0,0,0,0,0,"{""0"": 24}",3,あ→ぬ -> ぬ→る -> る→る -> る→る -> る→る -> る→ぽ -> ぽ→る -> る→び -> び→る -> る→と -> と→る -> る→す -> す→る -> る→す -> す→る -> る→む -> む→る -> る→す -> す→る -> る→す -> す→る -> る→す -> す→る -> る→げ -> げ→る -> る→い -> い→る -> る→い -> い→る -> る→い -> い→る -> る→ゆ -> ゆ→る -> る→い -> い→る -> る→う -> う→る -> る→う -> う→る -> る→ゆ -> ゆ→る -> る→き -> き→る -> る→じ -> じ→る -> る→あ -> あ→る -> る→つ -> つ→る -> る→い -> い→る -> る→ふ -> ふ→る -> る→と -> と→る -> る→う -> う→る -> る→す -> す→る -> る→く -> く→る -> る→り -> り→や -> や→ぐ -> ぐ→る -> る→な
alpha_beta vs beam_negamax,alpha_beta,beam_negamax,D20000_seed0_alpha_beta_vs_beam_negamax_0,20000,0,first,ended_with_n,67,first,alpha_beta,な,2268,33,24,2,1,,,な,ぞ,ぞ,1.000009,True,2875.281875,1,1,True,0,35,35,34,0,0,0,0,0,{},34,あ→ぬ -> ぬ→る -> る→る -> る→る -> る→る -> る→ぽ -> ぽ→る -> る→び -> び→る -> る→と -> と→る -> る→す -> す→る -> る→す -> す→る -> る→む -> む→る -> る→す -> す→る -> る→す -> す→る -> る→す -> す→る -> る→げ -> げ→る -> る→い -> い→る -> る→い -> い→る -> る→い -> い→る -> る→ゆ -> ゆ→る -> る→い -> い→る -> る→う -> う→る -> る→う -> う→る -> る→ゆ -> ゆ→る -> る→き -> き→る -> る→じ -> じ→る -> る→あ -> あ→る -> る→つ -> つ→る -> る→い -> い→る -> る→ふ -> ふ→る -> る→と -> と→る -> る→う -> う→る -> る→す -> す→る -> る→く -> く→る -> る→り -> り→や -> や→ぐ -> ぐ→る -> る→な -> な→ぞ
alpha_beta vs beam_negamax,alpha_beta,beam_negamax,D20000_seed0_alpha_beta_vs_beam_negamax_0,20000,0,first,ended_with_n,68,second,beam_negamax,ぞ,1634,24,2,8,7,,,ぞ,う,う,0.623592,False,545.6578571428571,1,1,True,0,16,16,17,0,0,0,0,0,"{""0"": 24}",17,あ→ぬ -> ぬ→る -> る→る -> る→る -> る→る -> る→ぽ -> ぽ→る -> る→び -> び→る -> る→と -> と→る -> る→す -> す→る -> る→す -> す→る -> る→む -> む→る -> る→す -> す→る -> る→す -> す→る -> る→す -> す→る -> る→げ -> げ→る -> る→い -> い→る -> る→い -> い→る -> る→い -> い→る -> る→ゆ -> ゆ→る -> る→い -> い→る -> る→う -> う→る -> る→う -> う→る -> る→ゆ -> ゆ→る -> る→き -> き→る -> る→じ -> じ→る -> る→あ -> あ→る -> る→つ -> つ→る -> る→い -> い→る -> る→ふ -> ふ→る -> る→と -> と→る -> る→う -> う→る -> る→す -> す→る -> る→く -> く→る -> る→り -> り→や -> や→ぐ -> ぐ→る -> る→な -> な→ぞ -> ぞ→う
alpha_beta vs beam_negamax,alpha_beta,beam_negamax,D20000_seed0_alpha_beta_vs_beam_negamax_0,20000,0,first,ended_with_n,69,first,alpha_beta,う,194,2,58,3,2,,,う,や,や,1.000009,True,1605.9164925373134,1,1,True,0,33,33,32,0,0,0,0,0,{},32,あ→ぬ -> ぬ→る -> る→る -> る→る -> る→る -> る→ぽ -> ぽ→る -> る→び -> び→る -> る→と -> と→る -> る→す -> す→る -> る→す -> す→る -> る→む -> む→る -> る→す -> す→る -> る→す -> す→る -> る→す -> す→る -> る→げ -> げ→る -> る→い -> い→る -> る→い -> い→る -> る→い -> い→る -> る→ゆ -> ゆ→る -> る→い -> い→る -> る→う -> う→る -> る→う -> う→る -> る→ゆ -> ゆ→る -> る→き -> き→る -> る→じ -> じ→る -> る→あ -> あ→る -> る→つ -> つ→る -> る→い -> い→る -> る→ふ -> ふ→る -> る→と -> と→る -> る→う -> う→る -> る→す -> す→る -> る→く -> く→る -> る→り -> り→や -> や→ぐ -> ぐ→る -> る→な -> な→ぞ -> ぞ→う -> う→や
alpha_beta vs beam_negamax,alpha_beta,beam_negamax,D20000_seed0_alpha_beta_vs_beam_negamax_0,20000,0,first,ended_with_n,70,second,beam_negamax,や,4002,58,58,7,6,,,や,や,や,0.757266,False,1605.9178358208956,1,2,True,0,24,24,24,0,0,15,0,0,"{""0"": 24}",24,あ→ぬ -> ぬ→る -> る→る -> る→る -> る→る -> る→ぽ -> ぽ→る -> る→び -> び→る -> る→と -> と→る -> る→す -> す→る -> る→す -> す→る -> る→む -> む→る -> る→す -> す→る -> る→す -> す→る -> る→す -> す→る -> る→げ -> げ→る -> る→い -> い→る -> る→い -> い→る -> る→い -> い→る -> る→ゆ -> ゆ→る -> る→い -> い→る -> る→う -> う→る -> る→う -> う→る -> る→ゆ -> ゆ→る -> る→き -> き→る -> る→じ -> じ→る -> る→あ -> あ→る -> る→つ -> つ→る -> る→い -> い→る -> る→ふ -> ふ→る -> る→と -> と→る -> る→う -> う→る -> る→す -> す→る -> る→く -> く→る -> る→り -> り→や -> や→ぐ -> ぐ→る -> る→な -> な→ぞ -> ぞ→う -> う→や -> や→や
alpha_beta vs beam_negamax,alpha_beta,beam_negamax,D20000_seed0_alpha_beta_vs_beam_negamax_0,20000,0,first,ended_with_n,71,first,alpha_beta,や,4002,58,58,6,5,,,や,や,や,1.000007,True,1605.9191791044775,1,1,True,0,31,31,30,0,0,0,0,0,{},30,あ→ぬ -> ぬ→る -> る→る -> る→る -> る→る -> る→ぽ -> ぽ→る -> る→び -> び→る -> る→と -> と→る -> る→す -> す→る -> る→す -> す→る -> る→む -> む→る -> る→す -> す→る -> る→す -> す→る -> る→す -> す→る -> る→げ -> げ→る -> る→い -> い→る -> る→い -> い→る -> る→い -> い→る -> る→ゆ -> ゆ→る -> る→い -> い→る -> る→う -> う→る -> る→う -> う→る -> る→ゆ -> ゆ→る -> る→き -> き→る -> る→じ -> じ→る -> る→あ -> あ→る -> る→つ -> つ→る -> る→い -> い→る -> る→ふ -> ふ→る -> る→と -> と→る -> る→う -> う→る -> る→す -> す→る -> る→く -> く→る -> る→り -> り→や -> や→ぐ -> ぐ→る -> る→な -> な→ぞ -> ぞ→う -> う→や -> や→や -> や→や
alpha_beta vs beam_negamax,alpha_beta,beam_negamax,D20000_seed0_alpha_beta_vs_beam_negamax_0,20000,0,first,ended_with_n,72,second,beam_negamax,や,3954,58,10,1,0,,,や,ぐ,ぐ,1.000011,True,-1606.6024390243902,2,1,True,0,39,36,2,0,0,69,0,0,"{""0"": 24, ""1"": 12}",2,あ→ぬ -> ぬ→る -> る→る -> る→る -> る→る -> る→ぽ -> ぽ→る -> る→び -> び→る -> る→と -> と→る -> る→す -> す→る -> る→す -> す→る -> る→む -> む→る -> る→す -> す→る -> る→す -> す→る -> る→す -> す→る -> る→げ -> げ→る -> る→い -> い→る -> る→い -> い→る -> る→い -> い→る -> る→ゆ -> ゆ→る -> る→い -> い→る -> る→う -> う→る -> る→う -> う→る -> る→ゆ -> ゆ→る -> る→き -> き→る -> る→じ -> じ→る -> る→あ -> あ→る -> る→つ -> つ→る -> る→い -> い→る -> る→ふ -> ふ→る -> る→と -> と→る -> る→う -> う→る -> る→す -> す→る -> る→く -> く→る -> る→り -> り→や -> や→ぐ -> ぐ→る -> る→な -> な→ぞ -> ぞ→う -> う→や -> や→や -> や→や -> や→ぐ
alpha_beta vs beam_negamax,alpha_beta,beam_negamax,D20000_seed0_alpha_beta_vs_beam_negamax_0,20000,0,first,ended_with_n,73,first,alpha_beta,ぐ,743,10,63,3,2,,,ぐ,る,る,1.000011,True,1606.6024390243902,1,1,True,0,31,31,30,0,0,0,0,0,{},30,あ→ぬ -> ぬ→る -> る→る -> る→る -> る→る -> る→ぽ -> ぽ→る -> る→び -> び→る -> る→と -> と→る -> る→す -> す→る -> る→す -> す→る -> る→む -> む→る -> る→す -> す→る -> る→す -> す→る -> る→す -> す→る -> る→げ -> げ→る -> る→い -> い→る -> る→い -> い→る -> る→い -> い→る -> る→ゆ -> ゆ→る -> る→い -> い→る -> る→う -> う→る -> る→う -> う→る -> る→ゆ -> ゆ→る -> る→き -> き→る -> る→じ -> じ→る -> る→あ -> あ→る -> る→つ -> つ→る -> る→い -> い→る -> る→ふ -> ふ→る -> る→と -> と→る -> る→う -> う→る -> る→す -> す→る -> る→く -> く→る -> る→り -> り→や -> や→ぐ -> ぐ→る -> る→な -> な→ぞ -> ぞ→う -> う→や -> や→や -> や→や -> や→ぐ -> ぐ→る
alpha_beta vs beam_negamax,alpha_beta,beam_negamax,D20000_seed0_alpha_beta_vs_beam_negamax_0,20000,0,first,ended_with_n,74,second,beam_negamax,る,4330,63,46,1,0,,,る,ぷ,ぷ,0.020642,False,-999998.0,1,1,True,0,1,1,2,0,0,0,0,0,"{""0"": 24}",2,あ→ぬ -> ぬ→る -> る→る -> る→る -> る→る -> る→ぽ -> ぽ→る -> る→び -> び→る -> る→と -> と→る -> る→す -> す→る -> る→す -> す→る -> る→む -> む→る -> る→す -> す→る -> る→す -> す→る -> る→す -> す→る -> る→げ -> げ→る -> る→い -> い→る -> る→い -> い→る -> る→い -> い→る -> る→ゆ -> ゆ→る -> る→い -> い→る -> る→う -> う→る -> る→う -> う→る -> る→ゆ -> ゆ→る -> る→き -> き→る -> る→じ -> じ→る -> る→あ -> あ→る -> る→つ -> つ→る -> る→い -> い→る -> る→ふ -> ふ→る -> る→と -> と→る -> る→う -> う→る -> る→す -> す→る -> る→く -> く→る -> る→り -> り→や -> や→ぐ -> ぐ→る -> る→な -> な→ぞ -> ぞ→う -> う→や -> や→や -> や→や -> や→ぐ -> ぐ→る -> る→ぷ
alpha_beta vs beam_negamax,alpha_beta,beam_negamax,D20000_seed0_alpha_beta_vs_beam_negamax_0,20000,0,first,ended_with_n,75,first,alpha_beta,ぷ,3191,46,63,7,6,,,ぷ,る,る,0.896381,False,999999.0,1,1,True,0,27,27,28,0,0,0,0,0,{},28,あ→ぬ -> ぬ→る -> る→る -> る→る -> る→る -> る→ぽ -> ぽ→る -> る→び -> び→る -> る→と -> と→る -> る→す -> す→る -> る→す -> す→る -> る→む -> む→る -> る→す -> す→る -> る→す -> す→る -> る→す -> す→る -> る→げ -> げ→る -> る→い -> い→る -> る→い -> い→る -> る→い -> い→る -> る→ゆ -> ゆ→る -> る→い -> い→る -> る→う -> う→る -> る→う -> う→る -> る→ゆ -> ゆ→る -> る→き -> き→る -> る→じ -> じ→る -> る→あ -> あ→る -> る→つ -> つ→る -> る→い -> い→る -> る→ふ -> ふ→る -> る→と -> と→る -> る→う -> う→る -> る→す -> す→る -> る→く -> く→る -> る→り -> り→や -> や→ぐ -> ぐ→る -> る→な -> な→ぞ -> ぞ→う -> う→や -> や→や -> や→や -> や→ぐ -> ぐ→る -> る→ぷ -> ぷ→る
alpha_beta vs beam_negamax,alpha_beta,beam_negamax,D20000_seed0_alpha_beta_vs_beam_negamax_0,20000,0,first,ended_with_n,76,second,beam_negamax,る,4351,63,67,7,6,,,る,ん,,1e-05,False,-1000000.0,1,1,True,0,0,0,1,0,0,0,0,0,"{""0"": 24}",1,あ→ぬ -> ぬ→る -> る→る -> る→る -> る→る -> る→ぽ -> ぽ→る -> る→び -> び→る -> る→と -> と→る -> る→す -> す→る -> る→す -> す→る -> る→む -> む→る -> る→す -> す→る -> る→す -> す→る -> る→す -> す→る -> る→げ -> げ→る -> る→い -> い→る -> る→い -> い→る -> る→い -> い→る -> る→ゆ -> ゆ→る -> る→い -> い→る -> る→う -> う→る -> る→う -> う→る -> る→ゆ -> ゆ→る -> る→き -> き→る -> る→じ -> じ→る -> る→あ -> あ→る -> る→つ -> つ→る -> る→い -> い→る -> る→ふ -> ふ→る -> る→と -> と→る -> る→う -> う→る -> る→す -> す→る -> る→く -> く→る -> る→り -> り→や -> や→ぐ -> ぐ→る -> る→な -> な→ぞ -> ぞ→う -> う→や -> や→や -> や→や -> や→ぐ -> ぐ→る -> る→ぷ -> ぷ→る -> る→ん
alpha_beta vs aggressive_pvs,alpha_beta,aggressive_pvs,D20000_seed0_alpha_beta_vs_aggressive_pvs_0,20000,0,first,ended_with_n,1,first,alpha_beta,ANY,35,0,35,1,0,,,あ,ぬ,ぬ,1.000164,True,-508.2713636363636,4,3,True,0,0,0,0,0,0,0,0,0,{},0,あ→ぬ
alpha_beta vs aggressive_pvs,alpha_beta,aggressive_pvs,D20000_seed0_alpha_beta_vs_aggressive_pvs_0,20000,0,first,ended_with_n,2,second,aggressive_pvs,ぬ,2443,35,63,4,3,,,ぬ,る,る,1.000017,True,-834.8322058823529,5,4,True,0,35,30,0,0,0,0,24,5,{},0,あ→ぬ -> ぬ→る
alpha_beta vs aggressive_pvs,alpha_beta,aggressive_pvs,D20000_seed0_alpha_beta_vs_aggressive_pvs_0,20000,0,first,ended_with_n,3,first,alpha_beta,る,4347,63,63,3,2,,,る,る,る,1.000012,True,-814.4372727272727,3,2,True,0,34,31,0,0,0,0,0,0,{},0,あ→ぬ -> ぬ→る -> る→る
alpha_beta vs aggressive_pvs,alpha_beta,aggressive_pvs,D20000_seed0_alpha_beta_vs_aggressive_pvs_0,20000,0,first,ended_with_n,4,second,aggressive_pvs,る,4347,63,63,2,1,,,る,る,る,1.000023,True,-796.084375,4,3,True,0,36,32,0,0,0,0,30,1,{},0,あ→ぬ -> ぬ→る -> る→る -> る→る
alpha_beta vs aggressive_pvs,alpha_beta,aggressive_pvs,D20000_seed0_alpha_beta_vs_aggressive_pvs_0,20000,0,first,ended_with_n,5,first,alpha_beta,る,4347,63,63,1,0,,,る,る,る,1.000009,True,-731.3015,2,1,True,0,33,31,1,0,0,0,0,0,{},1,あ→ぬ -> ぬ→る -> る→る -> る→る -> る→る
alpha_beta vs aggressive_pvs,alpha_beta,aggressive_pvs,D20000_seed0_alpha_beta_vs_aggressive_pvs_0,20000,0,first,ended_with_n,6,second,aggressive_pvs,る,4336,63,52,1,0,,,る,ぽ,ぽ,1.000017,True,-1106.0972340425533,3,2,True,0,31,28,0,0,0,0,27,0,{},0,あ→ぬ -> ぬ→る -> る→る -> る→る -> る→る -> る→ぽ
alpha_beta vs aggressive_pvs,alpha_beta,aggressive_pvs,D20000_seed0_alpha_beta_vs_aggressive_pvs_0,20000,0,first,ended_with_n,7,first,alpha_beta,ぽ,3599,52,63,6,5,,,ぽ,る,る,0.653264,False,1931.7662195121952,1,1,True,0,20,20,21,0,0,0,0,0,{},21,あ→ぬ -> ぬ→る -> る→る -> る→る -> る→る -> る→ぽ -> ぽ→る
alpha_beta vs aggressive_pvs,alpha_beta,aggressive_pvs,D20000_seed0_alpha_beta_vs_aggressive_pvs_0,20000,0,first,ended_with_n,8,second,aggressive_pvs,る,4330,63,46,1,0,,,る,ぷ,ぷ,1.000019,True,-2481.663636363636,2,1,True,0,30,28,1,0,0,0,27,1,{},1,あ→ぬ -> ぬ→る -> る→る -> る→る -> る→る -> る→ぽ -> ぽ→る -> る→ぷ
alpha_beta vs aggressive_pvs,alpha_beta,aggressive_pvs,D20000_seed0_alpha_beta_vs_aggressive_pvs_0,20000,0,first,ended_with_n,9,first,alpha_beta,ぷ,3191,46,63,7,6,,,ぷ,る,る,0.94269,False,2481.663636363636,1,1,True,0,27,27,28,0,0,0,0,0,{},28,あ→ぬ -> ぬ→る -> る→る -> る→る -> る→る -> る→ぽ -> ぽ→る -> る→ぷ -> ぷ→る
alpha_beta vs aggressive_pvs,alpha_beta,aggressive_pvs,D20000_seed0_alpha_beta_vs_aggressive_pvs_0,20000,0,first,ended_with_n,10,second,aggressive_pvs,る,4315,63,31,2,1,,,る,と,と,0.76835,False,604.2307142857143,1,1,True,0,21,21,17,0,0,0,15,5,{},17,あ→ぬ -> ぬ→る -> る→る -> る→る -> る→る -> る→ぽ -> ぽ→る -> る→ぷ -> ぷ→る -> る→と
alpha_beta vs aggressive_pvs,alpha_beta,aggressive_pvs,D20000_seed0_alpha_beta_vs_aggressive_pvs_0,20000,0,first,ended_with_n,11,first,alpha_beta,と,2171,31,63,10,9,,,と,る,る,1.000008,True,2481.672727272727,1,1,True,0,33,33,32,0,0,0,0,0,{},32,あ→ぬ -> ぬ→る -> る→る -> る→る -> る→る -> る→ぽ -> ぽ→る -> る→ぷ -> ぷ→る -> る→と -> と→る
alpha_beta vs aggressive_pvs,alpha_beta,aggressive_pvs,D20000_seed0_alpha_beta_vs_aggressive_pvs_0,20000,0,first,ended_with_n,12,second,aggressive_pvs,る,4303,63,19,6,5,,,る,す,す,0.735081,False,584.285,1,1,True,0,20,20,17,0,0,0,15,4,{},17,あ→ぬ -> ぬ→る -> る→る -> る→る -> る→る -> る→ぽ -> ぽ→る -> る→ぷ -> ぷ→る -> る→と -> と→る -> る→す
alpha_beta vs aggressive_pvs,alpha_beta,aggressive_pvs,D20000_seed0_alpha_beta_vs_aggressive_pvs_0,20000,0,first,ended_with_n,13,first,alpha_beta,す,1355,19,63,21,20,,,す,る,る,1.000012,True,2481.679090909091,1,1,True,0,33,33,32,0,0,0,0,0,{},32,あ→ぬ -> ぬ→る -> る→る -> る→る -> る→る -> る→ぽ -> ぽ→る -> る→ぷ -> ぷ→る -> る→と -> と→る -> る→す -> す→る
alpha_beta vs aggressive_pvs,alpha_beta,aggressive_pvs,D20000_seed0_alpha_beta_vs_aggressive_pvs_0,20000,0,first,ended_with_n,14,second,aggressive_pvs,る,4303,63,19,5,4,,,る,す,す,0.725224,False,564.3365384615385,1,2,True,0,20,20,17,0,0,0,15,4,{},17,あ→ぬ -> ぬ→る -> る→る -> る→る -> る→る -> る→ぽ -> ぽ→る -> る→ぷ -> ぷ→る -> る→と -> と→る -> る→す -> す→る -> る→す
alpha_beta vs aggressive_pvs,alpha_beta,aggressive_pvs,D20000_seed0_alpha_beta_vs_aggressive_pvs_0,20000,0,first,ended_with_n,15,first,alpha_beta,す,1355,19,63,20,19,,,す,る,る,1.00001,True,2481.6854545454544,1,1,True,0,33,33,32,0,0,0,0,0,{},32,あ→ぬ -> ぬ→る -> る→る -> る→る -> る→る -> る→ぽ -> ぽ→る -> る→ぷ -> ぷ→る -> る→と -> と→る -> る→す -> す→る -> る→す -> す→る
alpha_beta vs aggressive_pvs,alpha_beta,aggressive_pvs,D20000_seed0_alpha_beta_vs_aggressive_pvs_0,20000,0,first,ended_with_n,16,second,aggressive_pvs,る,4326,63,42,1,0,,,る,び,び,1.000013,True,-2481.6854545454544,2,1,True,0,33,32,0,0,0,0,30,1,{},0,あ→ぬ -> ぬ→る -> る→る -> る→る -> る→る -> る→ぽ -> ぽ→る -> る→ぷ -> ぷ→る -> る→と -> と→る -> る→す -> す→る -> る→す -> す→る -> る→び
alpha_beta vs aggressive_pvs,alpha_beta,aggressive_pvs,D20000_seed0_alpha_beta_vs_aggressive_pvs_0,20000,0,first,ended_with_n,17,first,alpha_beta,び,2919,42,63,5,4,,,び,る,る,1.000006,True,3116.418203125,1,1,True,0,31,31,30,0,0,0,0,0,{},30,あ→ぬ -> ぬ→る -> る→る -> る→る -> る→る -> る→ぽ -> ぽ→る -> る→ぷ -> ぷ→る -> る→と -> と→る -> る→す -> す→る -> る→す -> す→る -> る→び -> び→る
alpha_beta vs aggressive_pvs,alpha_beta,aggressive_pvs,D20000_seed0_alpha_beta_vs_aggressive_pvs_0,20000,0,first,ended_with_n,18,second,aggressive_pvs,る,4285,63,1,5,4,,,る,い,い,0.752245,False,490.191875,1,1,True,0,20,20,16,0,0,0,14,5,{},16,あ→ぬ -> ぬ→る -> る→る -> る→る -> る→る -> る→ぽ -> ぽ→る -> る→ぷ -> ぷ→る -> る→と -> と→る -> る→す -> す→る -> る→す -> す→る -> る→び -> び→る -> る→い
alpha_beta vs aggressive_pvs,alpha_beta,aggressive_pvs,D20000_seed0_alpha_beta_vs_aggressive_pvs_0,20000,0,first,ended_with_n,19,first,alpha_beta,い,131,1,63,7,6,,,い,る,る,1.000012,True,3116.4315625,1,1,True,0,37,37,36,0,0,0,0,0,{},36,あ→ぬ -> ぬ→る -> る→る -> る→る -> る→る -> る→ぽ -> ぽ→る -> る→ぷ -> ぷ→る -> る→と -> と→る -> る→す -> す→る -> る→す -> す→る -> る→び -> び→る -> る→い -> い→る
alpha_beta vs aggressive_pvs,alpha_beta,aggressive_pvs,D20000_seed0_alpha_beta_vs_aggressive_pvs_0,20000,0,first,ended_with_n,20,second,aggressive_pvs,る,4285,63,1,4,3,,,る,い,い,0.760525,False,470.8708695652174,1,1,True,0,20,20,16,0,0,0,14,5,{},16,あ→ぬ -> ぬ→る -> る→る -> る→る -> る→る -> る→ぽ -> ぽ→る -> る→ぷ -> ぷ→る -> る→と -> と→る -> る→す -> す→る -> る→す -> す→る -> る→び -> び→る -> る→い -> い→る -> る→い
alpha_beta vs aggressive_pvs,alpha_beta,aggressive_pvs,D20000_seed0_alpha_beta_vs_aggressive_pvs_0,20000,0,first,ended_with_n,21,first,alpha_beta,い,131,1,63,6,5,,,い,る,る,1.000019,True,3116.444921875,1,1,True,0,36,36,35,0,0,0,0,0,{},35,あ→ぬ -> ぬ→る -> る→る -> る→る -> る→る -> る→ぽ -> ぽ→る -> る→ぷ -> ぷ→る -> る→と -> と→る -> る→す -> す→る -> る→す -> す→る -> る→び -> び→る -> る→い -> い→る -> る→い -> い→る
alpha_beta vs aggressive_pvs,alpha_beta,aggressive_pvs,D20000_seed0_alpha_beta_vs_aggressive_pvs_0,20000,0,first,ended_with_n,22,second,aggressive_pvs,る,4285,63,1,3,2,,,る,い,い,0.748196,False,451.60340909090905,1,2,True,0,20,20,16,0,0,0,14,5,{},16,あ→ぬ -> ぬ→る -> る→る -> る→る -> る→る -> る→ぽ -> ぽ→る -> る→ぷ -> ぷ→る -> る→と -> と→る -> る→す -> す→る -> る→す -> す→る -> る→び -> び→る -> る→い -> い→る -> る→い -> い→る -> る→い
alpha_beta vs aggressive_pvs,alpha_beta,aggressive_pvs,D20000_seed0_alpha_beta_vs_aggressive_pvs_0,20000,0,first,ended_with_n,23,first,alpha_beta,い,131,1,63,5,4,,,い,る,る,1.000009,True,3116.45828125,1,1,True,0,36,36,35,0,0,0,0,0,{},35,あ→ぬ -> ぬ→る -> る→る -> る→る -> る→る -> る→ぽ -> ぽ→る -> る→ぷ -> ぷ→る -> る→と -> と→る -> る→す -> す→る -> る→す -> す→る -> る→び -> び→る -> る→い -> い→る -> る→い -> い→る -> る→い -> い→る
alpha_beta vs aggressive_pvs,alpha_beta,aggressive_pvs,D20000_seed0_alpha_beta_vs_aggressive_pvs_0,20000,0,first,ended_with_n,24,second,aggressive_pvs,る,4339,63,55,1,0,,,る,む,む,1.000015,True,-3116.45828125,2,1,True,0,32,31,0,0,0,0,30,0,{},0,あ→ぬ -> ぬ→る -> る→る -> る→る -> る→る -> る→ぽ -> ぽ→る -> る→ぷ -> ぷ→る -> る→と -> と→る -> る→す -> す→る -> る→す -> す→る -> る→び -> び→る -> る→い -> い→る -> る→い -> い→る -> る→い -> い→る -> る→む
alpha_beta vs aggressive_pvs,alpha_beta,aggressive_pvs,D20000_seed0_alpha_beta_vs_aggressive_pvs_0,20000,0,first,ended_with_n,25,first,alpha_beta,む,3803,55,63,1,0,,,む,る,る,1.000008,True,3791.7788853503184,1,1,True,0,31,31,30,0,0,0,0,0,{},30,あ→ぬ -> ぬ→る -> る→る -> る→る -> る→る -> る→ぽ -> ぽ→る -> る→ぷ -> ぷ→る -> る→と -> と→る -> る→す -> す→る -> る→す -> す→る -> る→び -> び→る -> る→い -> い→る -> る→い -> い→る -> る→い -> い→る -> る→む -> む→る
alpha_beta vs aggressive_pvs,alpha_beta,aggressive_pvs,D20000_seed0_alpha_beta_vs_aggressive_pvs_0,20000,0,first,ended_with_n,26,second,aggressive_pvs,る,4285,63,1,2,1,,,る,い,い,0.756921,False,396.51725,1,1,True,0,18,18,15,0,0,0,13,4,{},15,あ→ぬ -> ぬ→る -> る→る -> る→る -> る→る -> る→ぽ -> ぽ→る -> る→ぷ -> ぷ→る -> る→と -> と→る -> る→す -> す→る -> る→す -> す→る -> る→び -> び→る -> る→い -> い→る -> る→い -> い→る -> る→い -> い→る -> る→む -> む→る -> る→い
alpha_beta vs aggressive_pvs,alpha_beta,aggressive_pvs,D20000_seed0_alpha_beta_vs_aggressive_pvs_0,20000,0,first,ended_with_n,27,first,alpha_beta,い,131,1,63,4,3,,,い,る,る,1.000008,True,3792.39550955414,1,1,True,0,36,36,35,0,0,0,0,0,{},35,あ→ぬ -> ぬ→る -> る→る -> る→る -> る→る -> る→ぽ -> ぽ→る -> る→ぷ -> ぷ→る -> る→と -> と→る -> る→す -> す→る -> る→す -> す→る -> る→び -> び→る -> る→い -> い→る -> る→い -> い→る -> る→い -> い→る -> る→む -> む→る -> る→い -> い→る
alpha_beta vs aggressive_pvs,alpha_beta,aggressive_pvs,D20000_seed0_alpha_beta_vs_aggressive_pvs_0,20000,0,first,ended_with_n,28,second,aggressive_pvs,る,4303,63,19,4,3,,,る,す,す,0.656127,False,376.6168421052632,1,1,True,0,17,17,15,0,0,0,13,3,{},15,あ→ぬ -> ぬ→る -> る→る -> る→る -> る→る -> る→ぽ -> ぽ→る -> る→ぷ -> ぷ→る -> る→と -> と→る -> る→す -> す→る -> る→す -> す→る -> る→び -> び→る -> る→い -> い→る -> る→い -> い→る -> る→い -> い→る -> る→む -> む→る -> る→い -> い→る -> る→す
alpha_beta vs aggressive_pvs,alpha_beta,aggressive_pvs,D20000_seed0_alpha_beta_vs_aggressive_pvs_0,20000,0,first,ended_with_n,29,first,alpha_beta,す,1355,19,63,19,18,,,す,る,る,1.000012,True,3792.9966560509556,1,1,True,0,34,34,33,0,0,0,0,0,{},33,あ→ぬ -> ぬ→る -> る→る -> る→る -> る→る -> る→ぽ -> ぽ→る -> る→ぷ -> ぷ→る -> る→と -> と→る -> る→す -> す→る -> る→す -> す→る -> る→び -> び→る -> る→い -> い→る -> る→い -> い→る -> る→い -> い→る -> る→む -> む→る -> る→い -> い→る -> る→す -> す→る
alpha_beta vs aggressive_pvs,alpha_beta,aggressive_pvs,D20000_seed0_alpha_beta_vs_aggressive_pvs_0,20000,0,first,ended_with_n,30,second,aggressive_pvs,る,4303,63,19,3,2,,,る,す,す,0.657505,False,356.7175,1,2,True,0,17,17,15,0,0,0,13,3,{},15,あ→ぬ -> ぬ→る -> る→る -> る→る -> る→る -> る→ぽ -> ぽ→る -> る→ぷ -> ぷ→る -> る→と -> と→る -> る→す -> す→る -> る→す -> す→る -> る→び -> び→る -> る→い -> い→る -> る→い -> い→る -> る→い -> い→る -> る→む -> む→る -> る→い -> い→る -> る→す -> す→る -> る→す
alpha_beta vs aggressive_pvs,alpha_beta,aggressive_pvs,D20000_seed0_alpha_beta_vs_aggressive_pvs_0,20000,0,first,ended_with_n,31,first,alpha_beta,す,1355,19,63,18,17,,,す,る,る,1.000008,True,3793.5978025477707,1,1,True,0,33,33,32,0,0,0,0,0,{},32,あ→ぬ -> ぬ→る -> る→る -> る→る -> る→る -> る→ぽ -> ぽ→る -> る→ぷ -> ぷ→る -> る→と -> と→る -> る→す -> す→る -> る→す -> す→る -> る→び -> び→る -> る→い -> い→る -> る→い -> い→る -> る→い -> い→る -> る→む -> む→る -> る→い -> い→る -> る→す -> す→る -> る→す -> す→る
alpha_beta vs aggressive_pvs,alpha_beta,aggressive_pvs,D20000_seed0_alpha_beta_vs_aggressive_pvs_0,20000,0,first,ended_with_n,32,second,aggressive_pvs,る,4296,63,12,1,0,,,る,げ,げ,1.000016,True,-3793.5978025477707,2,1,True,0,31,30,0,0,0,0,29,0,{},0,あ→ぬ -> ぬ→る -> る→る -> る→る -> る→る -> る→ぽ -> ぽ→る -> る→ぷ -> ぷ→る -> る→と -> と→る -> る→す -> す→る -> る→す -> す→る -> る→び -> び→る -> る→い -> い→る -> る→い -> い→る -> る→い -> い→る -> る→む -> む→る -> る→い -> い→る -> る→す -> す→る -> る→す -> す→る -> る→げ
alpha_beta vs aggressive_pvs,alpha_beta,aggressive_pvs,D20000_seed0_alpha_beta_vs_aggressive_pvs_0,20000,0,first,ended_with_n,33,first,alpha_beta,げ,879,12,63,2,1,,,げ,る,る,1.000008,True,3977.0207558139537,1,1,True,0,30,30,29,0,0,0,0,0,{},29,あ→ぬ -> ぬ→る -> る→る -> る→る -> る→る -> る→ぽ -> ぽ→る -> る→ぷ -> ぷ→る -> る→と -> と→る -> る→す -> す→る -> る→す -> す→る -> る→び -> び→る -> る→い -> い→る -> る→い -> い→る -> る→い -> い→る -> る→む -> む→る -> る→い -> い→る -> る→す -> す→る -> る→す -> す→る -> る→げ -> げ→る
alpha_beta vs aggressive_pvs,alpha_beta,aggressive_pvs,D20000_seed0_alpha_beta_vs_aggressive_pvs_0,20000,0,first,ended_with_n,34,second,aggressive_pvs,る,4303,63,19,2,1,,,る,す,す,0.59442,False,277.5659375,1,1,True,0,15,15,14,0,0,0,12,2,{},14,あ→ぬ -> ぬ→る -> る→る -> る→る -> る→る -> る→ぽ -> ぽ→る -> る→ぷ -> ぷ→る -> る→と -> と→る -> る→す -> す→る -> る→す -> す→る -> る→び -> び→る -> る→い -> い→る -> る→い -> い→る -> る→い -> い→る -> る→む -> む→る -> る→い -> い→る -> る→す -> す→る -> る→す -> す→る -> る→げ -> げ→る -> る→す
alpha_beta vs aggressive_pvs,alpha_beta,aggressive_pvs,D20000_seed0_alpha_beta_vs_aggressive_pvs_0,20000,0,first,ended_with_n,35,first,alpha_beta,す,1355,19,63,17,16,,,す,る,る,1.000007,True,3977.623372093023,1,1,True,0,34,34,33,0,0,0,0,0,{},33,あ→ぬ -> ぬ→る -> る→る -> る→る -> る→る -> る→ぽ -> ぽ→る -> る→ぷ -> ぷ→る -> る→と -> と→る -> る→す -> す→る -> る→す -> す→る -> る→び -> び→る -> る→い -> い→る -> る→い -> い→る -> る→い -> い→る -> る→む -> む→る -> る→い -> い→る -> る→す -> す→る -> る→す -> す→る -> る→げ -> げ→る -> る→す -> す→る
alpha_beta vs aggressive_pvs,alpha_beta,aggressive_pvs,D20000_seed0_alpha_beta_vs_aggressive_pvs_0,20000,0,first,ended_with_n,36,second,aggressive_pvs,る,4286,63,2,3,2,,,る,う,う,0.556867,False,257.148,1,1,True,0,14,14,14,0,0,0,12,1,{},14,あ→ぬ -> ぬ→る -> る→る -> る→る -> る→る -> る→ぽ -> ぽ→る -> る→ぷ -> ぷ→る -> る→と -> と→る -> る→す -> す→る -> る→す -> す→る -> る→び -> び→る -> る→い -> い→る -> る→い -> い→る -> る→い -> い→る -> る→む -> む→る -> る→い -> い→る -> る→す -> す→る -> る→す -> す→る -> る→げ -> げ→る -> る→す -> す→る -> る→う
alpha_beta vs aggressive_pvs,alpha_beta,aggressive_pvs,D20000_seed0_alpha_beta_vs_aggressive_pvs_0,20000,0,first,ended_with_n,37,first,alpha_beta,う,199,2,63,3,2,,,う,る,る,1.000008,True,3978.239069767442,1,1,True,0,34,34,33,0,0,0,0,0,{},33,あ→ぬ -> ぬ→る -> る→る -> る→る -> る→る -> る→ぽ -> ぽ→る -> る→ぷ -> ぷ→る -> る→と -> と→る -> る→す -> す→る -> る→す -> す→る -> る→び -> び→る -> る→い -> い→る -> る→い -> い→る -> る→い -> い→る -> る→む -> む→る -> る→い -> い→る -> る→す -> す→る -> る→す -> す→る -> る→げ -> げ→る -> る→す -> す→る -> る→う -> う→る
alpha_beta vs aggressive_pvs,alpha_beta,aggressive_pvs,D20000_seed0_alpha_beta_vs_aggressive_pvs_0,20000,0,first,ended_with_n,38,second,aggressive_pvs,る,4286,63,2,2,1,,,る,う,う,0.557137,False,236.6575,1,2,True,0,14,14,14,0,0,0,12,1,{},14,あ→ぬ -> ぬ→る -> る→る -> る→る -> る→る -> る→ぽ -> ぽ→る -> る→ぷ -> ぷ→る -> る→と -> と→る -> る→す -> す→る -> る→す -> す→る -> る→び -> び→る -> る→い -> い→る -> る→い -> い→る -> る→い -> い→る -> る→む -> む→る -> る→い -> い→る -> る→す -> す→る -> る→す -> す→る -> る→げ -> げ→る -> る→す -> す→る -> る→う -> う→る -> る→う
alpha_beta vs aggressive_pvs,alpha_beta,aggressive_pvs,D20000_seed0_alpha_beta_vs_aggressive_pvs_0,20000,0,first,ended_with_n,39,first,alpha_beta,う,199,2,63,2,1,,,う,る,る,1.000007,True,3978.8547674418605,1,1,True,0,34,34,33,0,0,0,0,0,{},33,あ→ぬ -> ぬ→る -> る→る -> る→る -> る→る -> る→ぽ -> ぽ→る -> る→ぷ -> ぷ→る -> る→と -> と→る -> る→す -> す→る -> る→す -> す→る -> る→び -> び→る -> る→い -> い→る -> る→い -> い→る -> る→い -> い→る -> る→む -> む→る -> る→い -> い→る -> る→す -> す→る -> る→す -> す→る -> る→げ -> げ→る -> る→す -> す→る -> る→う -> う→る -> る→う -> う→る
alpha_beta vs aggressive_pvs,alpha_beta,aggressive_pvs,D20000_seed0_alpha_beta_vs_aggressive_pvs_0,20000,0,first,ended_with_n,40,second,aggressive_pvs,る,4343,63,59,2,1,,,る,ゆ,ゆ,1.000013,True,-3978.8547674418605,2,1,True,0,32,31,0,0,0,0,30,0,{},0,あ→ぬ -> ぬ→る -> る→る -> る→る -> る→る -> る→ぽ -> ぽ→る -> る→ぷ -> ぷ→る -> る→と -> と→る -> る→す -> す→る -> る→す -> す→る -> る→び -> び→る -> る→い -> い→る -> る→い -> い→る -> る→い -> い→る -> る→む -> む→る -> る→い -> い→る -> る→す -> す→る -> る→す -> す→る -> る→げ -> げ→る -> る→す -> す→る -> る→う -> う→る -> る→う -> う→る -> る→ゆ
alpha_beta vs aggressive_pvs,alpha_beta,aggressive_pvs,D20000_seed0_alpha_beta_vs_aggressive_pvs_0,20000,0,first,ended_with_n,41,first,alpha_beta,ゆ,4075,59,63,3,2,,,ゆ,る,る,1.000008,True,3961.3244736842107,1,1,True,0,31,31,30,0,0,0,0,0,{},30,あ→ぬ -> ぬ→る -> る→る -> る→る -> る→る -> る→ぽ -> ぽ→る -> る→ぷ -> ぷ→る -> る→と -> と→る -> る→す -> す→る -> る→す -> す→る -> る→び -> び→る -> る→い -> い→る -> る→い -> い→る -> る→い -> い→る -> る→む -> む→る -> る→い -> い→る -> る→す -> す→る -> る→す -> す→る -> る→げ -> げ→る -> る→す -> す→る -> る→う -> う→る -> る→う -> う→る -> る→ゆ -> ゆ→る
alpha_beta vs aggressive_pvs,alpha_beta,aggressive_pvs,D20000_seed0_alpha_beta_vs_aggressive_pvs_0,20000,0,first,ended_with_n,42,second,aggressive_pvs,る,4291,63,7,1,0,,,る,き,き,0.910905,False,187.45625,1,1,True,0,23,23,14,0,0,0,12,10,{},14,あ→ぬ -> ぬ→る -> る→る -> る→る -> る→る -> る→ぽ -> ぽ→る -> る→ぷ -> ぷ→る -> る→と -> と→る -> る→す -> す→る -> る→す -> す→る -> る→び -> び→る -> る→い -> い→る -> る→い -> い→る -> る→い -> い→る -> る→む -> む→る -> る→い -> い→る -> る→す -> す→る -> る→す -> す→る -> る→げ -> げ→る -> る→す -> す→る -> る→う -> う→る -> る→う -> う→る -> る→ゆ -> ゆ→る -> る→き
alpha_beta vs aggressive_pvs,alpha_beta,aggressive_pvs,D20000_seed0_alpha_beta_vs_aggressive_pvs_0,20000,0,first,ended_with_n,43,first,alpha_beta,き,539,7,63,12,11,,,き,る,る,1.000008,True,3964.035,1,1,True,0,35,35,34,0,0,0,0,0,{},34,あ→ぬ -> ぬ→る -> る→る -> る→る -> る→る -> る→ぽ -> ぽ→る -> る→ぷ -> ぷ→る -> る→と -> と→る -> る→す -> す→る -> る→す -> す→る -> る→び -> び→る -> る→い -> い→る -> る→い -> い→る -> る→い -> い→る -> る→む -> む→る -> る→い -> い→る -> る→す -> す→る -> る→す -> す→る -> る→げ -> げ→る -> る→す -> す→る -> る→う -> う→る -> る→う -> う→る -> る→ゆ -> ゆ→る -> る→き -> き→る
alpha_beta vs aggressive_pvs,alpha_beta,aggressive_pvs,D20000_seed0_alpha_beta_vs_aggressive_pvs_0,20000,0,first,ended_with_n,44,second,aggressive_pvs,る,4302,63,18,1,0,,,る,じ,じ,0.86857,False,159.40318181818185,1,1,True,0,22,22,13,0,0,0,11,10,{},13,あ→ぬ -> ぬ→る -> る→る -> る→る -> る→る -> る→ぽ -> ぽ→る -> る→ぷ -> ぷ→る -> る→と -> と→る -> る→す -> す→る -> る→す -> す→る -> る→び -> び→る -> る→い -> い→る -> る→い -> い→る -> る→い -> い→る -> る→む -> む→る -> る→い -> い→る -> る→す -> す→る -> る→す -> す→る -> る→げ -> げ→る -> る→す -> す→る -> る→う -> う→る -> る→う -> う→る -> る→ゆ -> ゆ→る -> る→き -> き→る -> る→じ
alpha_beta vs aggressive_pvs,alpha_beta,aggressive_pvs,D20000_seed0_alpha_beta_vs_aggressive_pvs_0,20000,0,first,ended_with_n,45,first,alpha_beta,じ,1287,18,63,7,6,,,じ,る,る,1.000008,True,3966.740263157895,1,1,True,0,34,34,33,0,0,0,0,0,{},33,あ→ぬ -> ぬ→る -> る→る -> る→る -> る→る -> る→ぽ -> ぽ→る -> る→ぷ -> ぷ→る -> る→と -> と→る -> る→す -> す→る -> る→す -> す→る -> る→び -> び→る -> る→い -> い→る -> る→い -> い→る -> る→い -> い→る -> る→む -> む→る -> る→い -> い→る -> る→す -> す→る -> る→す -> す→る -> る→げ -> げ→る -> る→す -> す→る -> る→う -> う→る -> る→う -> う→る -> る→ゆ -> ゆ→る -> る→き -> き→る -> る→じ -> じ→る
alpha_beta vs aggressive_pvs,alpha_beta,aggressive_pvs,D20000_seed0_alpha_beta_vs_aggressive_pvs_0,20000,0,first,ended_with_n,46,second,aggressive_pvs,る,4284,63,0,1,0,,,る,あ,あ,0.784132,False,131.186,1,2,True,0,20,20,12,0,0,0,10,9,{},12,あ→ぬ -> ぬ→る -> る→る -> る→る -> る→る -> る→ぽ -> ぽ→る -> る→ぷ -> ぷ→る -> る→と -> と→る -> る→す -> す→る -> る→す -> す→る -> る→び -> び→る -> る→い -> い→る -> る→い -> い→る -> る→い -> い→る -> る→む -> む→る -> る→い -> い→る -> る→す -> す→る -> る→す -> す→る -> る→げ -> げ→る -> る→す -> す→る -> る→う -> う→る -> る→う -> う→る -> る→ゆ -> ゆ→る -> る→き -> き→る -> る→じ -> じ→る -> る→あ
alpha_beta vs aggressive_pvs,alpha_beta,aggressive_pvs,D20000_seed0_alpha_beta_vs_aggressive_pvs_0,20000,0,first,ended_with_n,47,first,alpha_beta,あ,63,0,63,14,13,,,あ,る,る,1.000009,True,3876.0444736842105,1,1,True,0,36,36,35,0,0,0,0,0,{},35,あ→ぬ -> ぬ→る -> る→る -> る→る -> る→る -> る→ぽ -> ぽ→る -> る→ぷ -> ぷ→る -> る→と -> と→る -> る→す -> す→る -> る→す -> す→る -> る→び -> び→る -> る→い -> い→る -> る→い -> い→る -> る→い -> い→る -> る→む -> む→る -> る→い -> い→る -> る→す -> す→る -> る→す -> す→る -> る→げ -> げ→る -> る→す -> す→る -> る→う -> う→る -> る→う -> う→る -> る→ゆ -> ゆ→る -> る→き -> き→る -> る→じ -> じ→る -> る→あ -> あ→る
alpha_beta vs aggressive_pvs,alpha_beta,aggressive_pvs,D20000_seed0_alpha_beta_vs_aggressive_pvs_0,20000,0,first,ended_with_n,48,second,aggressive_pvs,る,4343,63,59,1,0,,,る,ゆ,ゆ,1.00001,True,-3876.0444736842105,2,1,True,0,32,31,0,0,0,0,30,0,{},0,あ→ぬ -> ぬ→る -> る→る -> る→る -> る→る -> る→ぽ -> ぽ→る -> る→ぷ -> ぷ→る -> る→と -> と→る -> る→す -> す→る -> る→す -> す→る -> る→び -> び→る -> る→い -> い→る -> る→い -> い→る -> る→い -> い→る -> る→む -> む→る -> る→い -> い→る -> る→す -> す→る -> る→す -> す→る -> る→げ -> げ→る -> る→す -> す→る -> る→う -> う→る -> る→う -> う→る -> る→ゆ -> ゆ→る -> る→き -> き→る -> る→じ -> じ→る -> る→あ -> あ→る -> る→ゆ
alpha_beta vs aggressive_pvs,alpha_beta,aggressive_pvs,D20000_seed0_alpha_beta_vs_aggressive_pvs_0,20000,0,first,ended_with_n,49,first,alpha_beta,ゆ,4075,59,63,2,1,,,ゆ,る,る,1.000009,True,4206.3372972972975,1,1,True,0,32,32,31,0,0,0,0,0,{},31,あ→ぬ -> ぬ→る -> る→る -> る→る -> る→る -> る→ぽ -> ぽ→る -> る→ぷ -> ぷ→る -> る→と -> と→る -> る→す -> す→る -> る→す -> す→る -> る→び -> び→る -> る→い -> い→る -> る→い -> い→る -> る→い -> い→る -> る→む -> む→る -> る→い -> い→る -> る→す -> す→る -> る→す -> す→る -> る→げ -> げ→る -> る→す -> す→る -> る→う -> う→る -> る→う -> う→る -> る→ゆ -> ゆ→る -> る→き -> き→る -> る→じ -> じ→る -> る→あ -> あ→る -> る→ゆ -> ゆ→る
alpha_beta vs aggressive_pvs,alpha_beta,aggressive_pvs,D20000_seed0_alpha_beta_vs_aggressive_pvs_0,20000,0,first,ended_with_n,50,second,aggressive_pvs,る,4285,63,1,1,0,,,る,い,い,0.634159,False,50.47062500000004,1,1,True,0,16,16,10,0,0,0,8,7,{},10,あ→ぬ -> ぬ→る -> る→る -> る→る -> る→る -> る→ぽ -> ぽ→る -> る→ぷ -> ぷ→る -> る→と -> と→る -> る→す -> す→る -> る→す -> す→る -> る→び -> び→る -> る→い -> い→る -> る→い -> い→る -> る→い -> い→る -> る→む -> む→る -> る→い -> い→る -> る→す -> す→る -> る→す -> す→る -> る→げ -> げ→る -> る→す -> す→る -> る→う -> う→る -> る→う -> う→る -> る→ゆ -> ゆ→る -> る→き -> き→る -> る→じ -> じ→る -> る→あ -> あ→る -> る→ゆ -> ゆ→る -> る→い
alpha_beta vs aggressive_pvs,alpha_beta,aggressive_pvs,D20000_seed0_alpha_beta_vs_aggressive_pvs_0,20000,0,first,ended_with_n,51,first,alpha_beta,い,131,1,63,3,2,,,い,る,る,1.000007,True,4212.664540540541,1,1,True,0,37,37,36,0,0,0,0,0,{},36,あ→ぬ -> ぬ→る -> る→る -> る→る -> る→る -> る→ぽ -> ぽ→る -> る→ぷ -> ぷ→る -> る→と -> と→る -> る→す -> す→る -> る→す -> す→る -> る→び -> び→る -> る→い -> い→る -> る→い -> い→る -> る→い -> い→る -> る→む -> む→る -> る→い -> い→る -> る→す -> す→る -> る→す -> す→る -> る→げ -> げ→る -> る→す -> す→る -> る→う -> う→る -> る→う -> う→る -> る→ゆ -> ゆ→る -> る→き -> き→る -> る→じ -> じ→る -> る→あ -> あ→る -> る→ゆ -> ゆ→る -> る→い -> い→る
alpha_beta vs aggressive_pvs,alpha_beta,aggressive_pvs,D20000_seed0_alpha_beta_vs_aggressive_pvs_0,20000,0,first,ended_with_n,52,second,aggressive_pvs,る,4328,63,44,1,0,,,る,ふ,ふ,0.542659,False,22.862857142857166,1,1,True,0,14,14,9,0,0,0,7,6,{},9,あ→ぬ -> ぬ→る -> る→る -> る→る -> る→る -> る→ぽ -> ぽ→る -> る→ぷ -> ぷ→る -> る→と -> と→る -> る→す -> す→る -> る→す -> す→る -> る→び -> び→る -> る→い -> い→る -> る→い -> い→る -> る→い -> い→る -> る→む -> む→る -> る→い -> い→る -> る→す -> す→る -> る→す -> す→る -> る→げ -> げ→る -> る→す -> す→る -> る→う -> う→る -> る→う -> う→る -> る→ゆ -> ゆ→る -> る→き -> き→る -> る→じ -> じ→る -> る→あ -> あ→る -> る→ゆ -> ゆ→る -> る→い -> い→る -> る→ふ
alpha_beta vs aggressive_pvs,alpha_beta,aggressive_pvs,D20000_seed0_alpha_beta_vs_aggressive_pvs_0,20000,0,first,ended_with_n,53,first,alpha_beta,ふ,3055,44,63,15,14,,,ふ,る,る,1.000006,True,4218.9758918918915,1,1,True,0,33,33,32,0,0,0,0,0,{},32,あ→ぬ -> ぬ→る -> る→る -> る→る -> る→る -> る→ぽ -> ぽ→る -> る→ぷ -> ぷ→る -> る→と -> と→る -> る→す -> す→る -> る→す -> す→る -> る→び -> び→る -> る→い -> い→る -> る→い -> い→る -> る→い -> い→る -> る→む -> む→る -> る→い -> い→る -> る→す -> す→る -> る→す -> す→る -> る→げ -> げ→る -> る→す -> す→る -> る→う -> う→る -> る→う -> う→る -> る→ゆ -> ゆ→る -> る→き -> き→る -> る→じ -> じ→る -> る→あ -> あ→る -> る→ゆ -> ゆ→る -> る→い -> い→る -> る→ふ -> ふ→る
alpha_beta vs aggressive_pvs,alpha_beta,aggressive_pvs,D20000_seed0_alpha_beta_vs_aggressive_pvs_0,20000,0,first,ended_with_n,54,second,aggressive_pvs,る,4315,63,31,1,0,,,る,と,と,0.462497,False,-5.79249999999999,1,2,True,0,12,12,8,0,0,0,6,5,{},8,あ→ぬ -> ぬ→る -> る→る -> る→る -> る→る -> る→ぽ -> ぽ→る -> る→ぷ -> ぷ→る -> る→と -> と→る -> る→す -> す→る -> る→す -> す→る -> る→び -> び→る -> る→い -> い→る -> る→い -> い→る -> る→い -> い→る -> る→む -> む→る -> る→い -> い→る -> る→す -> す→る -> る→す -> す→る -> る→げ -> げ→る -> る→す -> す→る -> る→う -> う→る -> る→う -> う→る -> る→ゆ -> ゆ→る -> る→き -> き→る -> る→じ -> じ→る -> る→あ -> あ→る -> る→ゆ -> ゆ→る -> る→い -> い→る -> る→ふ -> ふ→る -> る→と
alpha_beta vs aggressive_pvs,alpha_beta,aggressive_pvs,D20000_seed0_alpha_beta_vs_aggressive_pvs_0,20000,0,first,ended_with_n,55,first,alpha_beta,と,2171,31,63,9,8,,,と,る,る,1.000009,True,4225.288378378378,1,1,True,0,34,34,33,0,0,0,0,0,{},33,あ→ぬ -> ぬ→る -> る→る -> る→る -> る→る -> る→ぽ -> ぽ→る -> る→ぷ -> ぷ→る -> る→と -> と→る -> る→す -> す→る -> る→す -> す→る -> る→び -> び→る -> る→い -> い→る -> る→い -> い→る -> る→い -> い→る -> る→む -> む→る -> る→い -> い→る -> る→す -> す→る -> る→す -> す→る -> る→げ -> げ→る -> る→す -> す→る -> る→う -> う→る -> る→う -> う→る -> る→ゆ -> ゆ→る -> る→き -> き→る -> る→じ -> じ→る -> る→あ -> あ→る -> る→ゆ -> ゆ→る -> る→い -> い→る -> る→ふ -> ふ→る -> る→と -> と→る
alpha_beta vs aggressive_pvs,alpha_beta,aggressive_pvs,D20000_seed0_alpha_beta_vs_aggressive_pvs_0,20000,0,first,ended_with_n,56,second,aggressive_pvs,る,4312,63,28,1,0,,,る,つ,つ,1.000009,True,-4225.288378378378,2,1,True,0,34,33,0,0,0,0,32,0,{},0,あ→ぬ -> ぬ→る -> る→る -> る→る -> る→る -> る→ぽ -> ぽ→る -> る→ぷ -> ぷ→る -> る→と -> と→る -> る→す -> す→る -> る→す -> す→る -> る→び -> び→る -> る→い -> い→る -> る→い -> い→る -> る→い -> い→る -> る→む -> む→る -> る→い -> い→る -> る→す -> す→る -> る→す -> す→る -> る→げ -> げ→る -> る→す -> す→る -> る→う -> う→る -> る→う -> う→る -> る→ゆ -> ゆ→る -> る→き -> き→る -> る→じ -> じ→る -> る→あ -> あ→る -> る→ゆ -> ゆ→る -> る→い -> い→る -> る→ふ -> ふ→る -> る→と -> と→る -> る→つ
alpha_beta vs aggressive_pvs,alpha_beta,aggressive_pvs,D20000_seed0_alpha_beta_vs_aggressive_pvs_0,20000,0,first,ended_with_n,57,first,alpha_beta,つ,1967,28,63,2,1,,,つ,る,る,1.000008,True,5501.99616,1,1,True,0,33,33,32,0,0,0,0,0,{},32,あ→ぬ -> ぬ→る -> る→る -> る→る -> る→る -> る→ぽ -> ぽ→る -> る→ぷ -> ぷ→る -> る→と -> と→る -> る→す -> す→る -> る→す -> す→る -> る→び -> び→る -> る→い -> い→る -> る→い -> い→る -> る→い -> い→る -> る→む -> む→る -> る→い -> い→る -> る→す -> す→る -> る→す -> す→る -> る→げ -> げ→る -> る→す -> す→る -> る→う -> う→る -> る→う -> う→る -> る→ゆ -> ゆ→る -> る→き -> き→る -> る→じ -> じ→る -> る→あ -> あ→る -> る→ゆ -> ゆ→る -> る→い -> い→る -> る→ふ -> ふ→る -> る→と -> と→る -> る→つ -> つ→る
alpha_beta vs aggressive_pvs,alpha_beta,aggressive_pvs,D20000_seed0_alpha_beta_vs_aggressive_pvs_0,20000,0,first,ended_with_n,58,second,aggressive_pvs,る,4303,63,19,1,0,,,る,す,す,0.307034,False,-113.53749999999997,1,1,True,0,8,8,6,0,0,0,4,3,{},6,あ→ぬ -> ぬ→る -> る→る -> る→る -> る→る -> る→ぽ -> ぽ→る -> る→ぷ -> ぷ→る -> る→と -> と→る -> る→す -> す→る -> る→す -> す→る -> る→び -> び→る -> る→い -> い→る -> る→い -> い→る -> る→い -> い→る -> る→む -> む→る -> る→い -> い→る -> る→す -> す→る -> る→す -> す→る -> る→げ -> げ→る -> る→す -> す→る -> る→う -> う→る -> る→う -> う→る -> る→ゆ -> ゆ→る -> る→き -> き→る -> る→じ -> じ→る -> る→あ -> あ→る -> る→ゆ -> ゆ→る -> る→い -> い→る -> る→ふ -> ふ→る -> る→と -> と→る -> る→つ -> つ→る -> る→す
alpha_beta vs aggressive_pvs,alpha_beta,aggressive_pvs,D20000_seed0_alpha_beta_vs_aggressive_pvs_0,20000,0,first,ended_with_n,59,first,alpha_beta,す,1355,19,63,16,15,,,す,る,る,1.000007,True,5516.44896,1,1,True,0,34,34,33,0,0,0,0,0,{},33,あ→ぬ -> ぬ→る -> る→る -> る→る -> る→る -> る→ぽ -> ぽ→る -> る→ぷ -> ぷ→る -> る→と -> と→る -> る→す -> す→る -> る→す -> す→る -> る→び -> び→る -> る→い -> い→る -> る→い -> い→る -> る→い -> い→る -> る→む -> む→る -> る→い -> い→る -> る→す -> す→る -> る→す -> す→る -> る→げ -> げ→る -> る→す -> す→る -> る→う -> う→る -> る→う -> う→る -> る→ゆ -> ゆ→る -> る→き -> き→る -> る→じ -> じ→る -> る→あ -> あ→る -> る→ゆ -> ゆ→る -> る→い -> い→る -> る→ふ -> ふ→る -> る→と -> と→る -> る→つ -> つ→る -> る→す -> す→る
alpha_beta vs aggressive_pvs,alpha_beta,aggressive_pvs,D20000_seed0_alpha_beta_vs_aggressive_pvs_0,20000,0,first,ended_with_n,60,second,aggressive_pvs,る,4293,63,9,1,0,,,る,く,く,0.231521,False,-142.53999999999996,1,1,True,0,6,6,5,0,0,0,3,2,{},5,あ→ぬ -> ぬ→る -> る→る -> る→る -> る→る -> る→ぽ -> ぽ→る -> る→ぷ -> ぷ→る -> る→と -> と→る -> る→す -> す→る -> る→す -> す→る -> る→び -> び→る -> る→い -> い→る -> る→い -> い→る -> る→い -> い→る -> る→む -> む→る -> る→い -> い→る -> る→す -> す→る -> る→す -> す→る -> る→げ -> げ→る -> る→す -> す→る -> る→う -> う→る -> る→う -> う→る -> る→ゆ -> ゆ→る -> る→き -> き→る -> る→じ -> じ→る -> る→あ -> あ→る -> る→ゆ -> ゆ→る -> る→い -> い→る -> る→ふ -> ふ→る -> る→と -> と→る -> る→つ -> つ→る -> る→す -> す→る -> る→く
alpha_beta vs aggressive_pvs,alpha_beta,aggressive_pvs,D20000_seed0_alpha_beta_vs_aggressive_pvs_0,20000,0,first,ended_with_n,61,first,alpha_beta,く,675,9,63,8,7,,,く,る,る,1.000008,True,5530.92288,1,1,True,0,35,35,34,0,0,0,0,0,{},34,あ→ぬ -> ぬ→る -> る→る -> る→る -> る→る -> る→ぽ -> ぽ→る -> る→ぷ -> ぷ→る -> る→と -> と→る -> る→す -> す→る -> る→す -> す→る -> る→び -> び→る -> る→い -> い→る -> る→い -> い→る -> る→い -> い→る -> る→む -> む→る -> る→い -> い→る -> る→す -> す→る -> る→す -> す→る -> る→げ -> げ→る -> る→す -> す→る -> る→う -> う→る -> る→う -> う→る -> る→ゆ -> ゆ→る -> る→き -> き→る -> る→じ -> じ→る -> る→あ -> あ→る -> る→ゆ -> ゆ→る -> る→い -> い→る -> る→ふ -> ふ→る -> る→と -> と→る -> る→つ -> つ→る -> る→す -> す→る -> る→く -> く→る
alpha_beta vs aggressive_pvs,alpha_beta,aggressive_pvs,D20000_seed0_alpha_beta_vs_aggressive_pvs_0,20000,0,first,ended_with_n,62,second,aggressive_pvs,る,4286,63,2,1,0,,,る,う,う,0.150547,False,-172.0075,1,2,True,0,4,4,4,0,0,0,2,1,{},4,あ→ぬ -> ぬ→る -> る→る -> る→る -> る→る -> る→ぽ -> ぽ→る -> る→ぷ -> ぷ→る -> る→と -> と→る -> る→す -> す→る -> る→す -> す→る -> る→び -> び→る -> る→い -> い→る -> る→い -> い→る -> る→い -> い→る -> る→む -> む→る -> る→い -> い→る -> る→す -> す→る -> る→す -> す→る -> る→げ -> げ→る -> る→す -> す→る -> る→う -> う→る -> る→う -> う→る -> る→ゆ -> ゆ→る -> る→き -> き→る -> る→じ -> じ→る -> る→あ -> あ→る -> る→ゆ -> ゆ→る -> る→い -> い→る -> る→ふ -> ふ→る -> る→と -> と→る -> る→つ -> つ→る -> る→す -> す→る -> る→く -> く→る -> る→う
alpha_beta vs aggressive_pvs,alpha_beta,aggressive_pvs,D20000_seed0_alpha_beta_vs_aggressive_pvs_0,20000,0,first,ended_with_n,63,first,alpha_beta,う,199,2,63,1,0,,,う,る,る,1.000009,True,5318.5266,1,1,True,0,35,35,34,0,0,0,0,0,{},34,あ→ぬ -> ぬ→る -> る→る -> る→る -> る→る -> る→ぽ -> ぽ→る -> る→ぷ -> ぷ→る -> る→と -> と→る -> る→す -> す→る -> る→す -> す→る -> る→び -> び→る -> る→い -> い→る -> る→い -> い→る -> る→い -> い→る -> る→む -> む→る -> る→い -> い→る -> る→す -> す→る -> る→す -> す→る -> る→げ -> げ→る -> る→す -> す→る -> る→う -> う→る -> る→う -> う→る -> る→ゆ -> ゆ→る -> る→き -> き→る -> る→じ -> じ→る -> る→あ -> あ→る -> る→ゆ -> ゆ→る -> る→い -> い→る -> る→ふ -> ふ→る -> る→と -> と→る -> る→つ -> つ→る -> る→す -> す→る -> る→く -> く→る -> る→う -> う→る
alpha_beta vs aggressive_pvs,alpha_beta,aggressive_pvs,D20000_seed0_alpha_beta_vs_aggressive_pvs_0,20000,0,first,ended_with_n,64,second,aggressive_pvs,る,4317,63,33,1,0,,,る,な,な,1.000015,True,-5318.5266,2,1,True,0,36,35,0,0,0,0,34,0,{},0,あ→ぬ -> ぬ→る -> る→る -> る→る -> る→る -> る→ぽ -> ぽ→る -> る→ぷ -> ぷ→る -> る→と -> と→る -> る→す -> す→る -> る→す -> す→る -> る→び -> び→る -> る→い -> い→る -> る→い -> い→る -> る→い -> い→る -> る→む -> む→る -> る→い -> い→る -> る→す -> す→る -> る→す -> す→る -> る→げ -> げ→る -> る→す -> す→る -> る→う -> う→る -> る→う -> う→る -> る→ゆ -> ゆ→る -> る→き -> き→る -> る→じ -> じ→る -> る→あ -> あ→る -> る→ゆ -> ゆ→る -> る→い -> い→る -> る→ふ -> ふ→る -> る→と -> と→る -> る→つ -> つ→る -> る→す -> す→る -> る→く -> く→る -> る→う -> う→る -> る→な
alpha_beta vs aggressive_pvs,alpha_beta,aggressive_pvs,D20000_seed0_alpha_beta_vs_aggressive_pvs_0,20000,0,first,ended_with_n,65,first,alpha_beta,な,2307,33,63,5,4,,,な,る,る,1.000009,True,6492.085570469799,1,1,True,0,35,35,34,0,0,0,0,0,{},34,あ→ぬ -> ぬ→る -> る→る -> る→る -> る→る -> る→ぽ -> ぽ→る -> る→ぷ -> ぷ→る -> る→と -> と→る -> る→す -> す→る -> る→す -> す→る -> る→び -> び→る -> る→い -> い→る -> る→い -> い→る -> る→い -> い→る -> る→む -> む→る -> る→い -> い→る -> る→す -> す→る -> る→す -> す→る -> る→げ -> げ→る -> る→す -> す→る -> る→う -> う→る -> る→う -> う→る -> る→ゆ -> ゆ→る -> る→き -> き→る -> る→じ -> じ→る -> る→あ -> あ→る -> る→ゆ -> ゆ→る -> る→い -> い→る -> る→ふ -> ふ→る -> る→と -> と→る -> る→つ -> つ→る -> る→す -> す→る -> る→く -> く→る -> る→う -> う→る -> る→な -> な→る
alpha_beta vs aggressive_pvs,alpha_beta,aggressive_pvs,D20000_seed0_alpha_beta_vs_aggressive_pvs_0,20000,0,first,ended_with_n,66,second,aggressive_pvs,る,4346,63,62,1,0,,,る,り,り,0.030439,False,-999998.0,1,1,True,0,1,1,2,0,0,0,0,0,{},2,あ→ぬ -> ぬ→る -> る→る -> る→る -> る→る -> る→ぽ -> ぽ→る -> る→ぷ -> ぷ→る -> る→と -> と→る -> る→す -> す→る -> る→す -> す→る -> る→び -> び→る -> る→い -> い→る -> る→い -> い→る -> る→い -> い→る -> る→む -> む→る -> る→い -> い→る -> る→す -> す→る -> る→す -> す→る -> る→げ -> げ→る -> る→す -> す→る -> る→う -> う→る -> る→う -> う→る -> る→ゆ -> ゆ→る -> る→き -> き→る -> る→じ -> じ→る -> る→あ -> あ→る -> る→ゆ -> ゆ→る -> る→い -> い→る -> る→ふ -> ふ→る -> る→と -> と→る -> る→つ -> つ→る -> る→す -> す→る -> る→く -> く→る -> る→う -> う→る -> る→な -> な→る -> る→り
alpha_beta vs aggressive_pvs,alpha_beta,aggressive_pvs,D20000_seed0_alpha_beta_vs_aggressive_pvs_0,20000,0,first,ended_with_n,67,first,alpha_beta,り,4279,62,63,14,13,,,り,る,る,1.000009,True,999999.0,1,1,True,0,33,33,32,0,0,0,0,0,{},32,あ→ぬ -> ぬ→る -> る→る -> る→る -> る→る -> る→ぽ -> ぽ→る -> る→ぷ -> ぷ→る -> る→と -> と→る -> る→す -> す→る -> る→す -> す→る -> る→び -> び→る -> る→い -> い→る -> る→い -> い→る -> る→い -> い→る -> る→む -> む→る -> る→い -> い→る -> る→す -> す→る -> る→す -> す→る -> る→げ -> げ→る -> る→す -> す→る -> る→う -> う→る -> る→う -> う→る -> る→ゆ -> ゆ→る -> る→き -> き→る -> る→じ -> じ→る -> る→あ -> あ→る -> る→ゆ -> ゆ→る -> る→い -> い→る -> る→ふ -> ふ→る -> る→と -> と→る -> る→つ -> つ→る -> る→す -> す→る -> る→く -> く→る -> る→う -> う→る -> る→な -> な→る -> る→り -> り→る
alpha_beta vs aggressive_pvs,alpha_beta,aggressive_pvs,D20000_seed0_alpha_beta_vs_aggressive_pvs_0,20000,0,first,ended_with_n,68,second,aggressive_pvs,る,4351,63,67,7,6,,,る,ん,,9e-06,False,-1000000.0,1,1,True,0,0,0,1,0,0,0,0,0,{},1,あ→ぬ -> ぬ→る -> る→る -> る→る -> る→る -> る→ぽ -> ぽ→る -> る→ぷ -> ぷ→る -> る→と -> と→る -> る→す -> す→る -> る→す -> す→る -> る→び -> び→る -> る→い -> い→る -> る→い -> い→る -> る→い -> い→る -> る→む -> む→る -> る→い -> い→る -> る→す -> す→る -> る→す -> す→る -> る→げ -> げ→る -> る→す -> す→る -> る→う -> う→る -> る→う -> う→る -> る→ゆ -> ゆ→る -> る→き -> き→る -> る→じ -> じ→る -> る→あ -> あ→る -> る→ゆ -> ゆ→る -> る→い -> い→る -> る→ふ -> ふ→る -> る→と -> と→る -> る→つ -> つ→る -> る→す -> す→る -> る→く -> く→る -> る→う -> う→る -> る→な -> な→る -> る→り -> り→る -> る→ん
beam_negamax vs greedy,beam_negamax,greedy,D20000_seed0_beam_negamax_vs_greedy_0,20000,0,first,ended_with_n,1,first,beam_negamax,ANY,35,0,35,1,0,,,あ,ぬ,ぬ,1.000152,True,-508.2713636363636,5,4,True,0,0,0,0,0,0,589,0,0,"{""0"": 24}",0,あ→ぬ
beam_negamax vs greedy,beam_negamax,greedy,D20000_seed0_beam_negamax_vs_greedy_0,20000,0,first,ended_with_n,2,second,greedy,ぬ,2443,35,63,4,3,,,ぬ,る,る,0.013838,False,-834.8322058823529,,,,,,,,,,,,,,17,あ→ぬ -> ぬ→る
beam_negamax vs greedy,beam_negamax,greedy,D20000_seed0_beam_negamax_vs_greedy_0,20000,0,first,ended_with_n,3,first,beam_negamax,る,4347,63,63,3,2,,,る,る,る,1.000014,True,-814.4372727272727,4,3,True,0,53,40,0,0,0,272,0,0,"{""0"": 24, ""1"": 12, ""2"": 6, ""3"": 4}",0,あ→ぬ -> ぬ→る -> る→る
beam_negamax vs greedy,beam_negamax,greedy,D20000_seed0_beam_negamax_vs_greedy_0,20000,0,first,ended_with_n,4,second,greedy,る,4347,63,63,2,1,,,る,る,る,0.0141,False,-796.084375,,,,,,,,,,,,,,20,あ→ぬ -> ぬ→る -> る→る -> る→る
beam_negamax vs greedy,beam_negamax,greedy,D20000_seed0_beam_negamax_vs_greedy_0,20000,0,first,ended_with_n,5,first,beam_negamax,る,4347,63,63,1,0,,,る,る,る,1.000013,True,-751.1374193548387,3,2,True,0,46,38,0,0,0,217,0,0,"{""0"": 24, ""1"": 12, ""2"": 6}",0,あ→ぬ -> ぬ→る -> る→る -> る→る -> る→る
beam_negamax vs greedy,beam_negamax,greedy,D20000_seed0_beam_negamax_vs_greedy_0,20000,0,first,ended_with_n,6,second,greedy,る,4336,63,52,1,0,,,る,ぽ,ぽ,0.013875,False,-1106.0972340425533,,,,,,,,,,,,,,19,あ→ぬ -> ぬ→る -> る→る -> る→る -> る→る -> る→ぽ
beam_negamax vs greedy,beam_negamax,greedy,D20000_seed0_beam_negamax_vs_greedy_0,20000,0,first,ended_with_n,7,first,beam_negamax,ぽ,3599,52,63,6,5,,,ぽ,る,る,1.000014,True,-664.4129310344828,2,1,True,0,34,31,2,0,0,24,0,0,"{""0"": 24, ""1"": 12}",2,あ→ぬ -> ぬ→る -> る→る -> る→る -> る→る -> る→ぽ -> ぽ→る
beam_negamax vs greedy,beam_negamax,greedy,D20000_seed0_beam_negamax_vs_greedy_0,20000,0,first,ended_with_n,8,second,greedy,る,4330,63,46,1,0,,,る,ぷ,ぷ,0.013498,False,-1931.7662195121952,,,,,,,,,,,,,,18,あ→ぬ -> ぬ→る -> る→る -> る→る -> る→る -> る→ぽ -> ぽ→る -> る→ぷ
beam_negamax vs greedy,beam_negamax,greedy,D20000_seed0_beam_negamax_vs_greedy_0,20000,0,first,ended_with_n,9,first,beam_negamax,ぷ,3191,46,63,7,6,,,ぷ,る,る,0.803436,False,2481.663636363636,1,1,True,0,24,24,24,0,0,4,0,0,"{""0"": 24}",24,あ→ぬ -> ぬ→る -> る→る -> る→る -> る→る -> る→ぽ -> ぽ→る -> る→ぷ -> ぷ→る
beam_negamax vs greedy,beam_negamax,greedy,D20000_seed0_beam_negamax_vs_greedy_0,20000,0,first,ended_with_n,10,second,greedy,る,4326,63,42,1,0,,,る,び,び,0.013424,False,-2481.663636363636,,,,,,,,,,,,,,17,あ→ぬ -> ぬ→る -> る→る -> る→る -> る→る -> る→ぽ -> ぽ→る -> る→ぷ -> ぷ→る -> る→び
beam_negamax vs greedy,beam_negamax,greedy,D20000_seed0_beam_negamax_vs_greedy_0,20000,0,first,ended_with_n,11,first,beam_negamax,び,2919,42,63,5,4,,,び,る,る,0.74303,False,3116.411875,1,1,True,0,24,24,24,0,0,13,0,0,"{""0"": 24}",24,あ→ぬ -> ぬ→る -> る→る -> る→る -> る→る -> る→ぽ -> ぽ→る -> る→ぷ -> ぷ→る -> る→び -> び→る
beam_negamax vs greedy,beam_negamax,greedy,D20000_seed0_beam_negamax_vs_greedy_0,20000,0,first,ended_with_n,12,second,greedy,る,4339,63,55,1,0,,,る,む,む,0.012611,False,-3116.411875,,,,,,,,,,,,,,16,あ→ぬ -> ぬ→る -> る→る -> る→る -> る→る -> る→ぽ -> ぽ→る -> る→ぷ -> ぷ→る -> る→び -> び→る -> る→む
beam_negamax vs greedy,beam_negamax,greedy,D20000_seed0_beam_negamax_vs_greedy_0,20000,0,first,ended_with_n,13,first,beam_negamax,む,3803,55,63,1,0,,,む,る,る,0.751238,False,3788.123853503185,1,2,True,0,24,24,24,0,0,16,0,0,"{""0"": 24}",24,あ→ぬ -> ぬ→る -> る→る -> る→る -> る→る -> る→ぽ -> ぽ→る -> る→ぷ -> ぷ→る -> る→び -> び→る -> る→む -> む→る
beam_negamax vs greedy,beam_negamax,greedy,D20000_seed0_beam_negamax_vs_greedy_0,20000,0,first,ended_with_n,14,second,greedy,る,4296,63,12,1,0,,,る,げ,げ,0.011713,False,-3788.123853503185,,,,,,,,,,,,,,15,あ→ぬ -> ぬ→る -> る→る -> る→る -> る→る -> る→ぽ -> ぽ→る -> る→ぷ -> ぷ→る -> る→び -> び→る -> る→む -> む→る -> る→げ
beam_negamax vs greedy,beam_negamax,greedy,D20000_seed0_beam_negamax_vs_greedy_0,20000,0,first,ended_with_n,15,first,beam_negamax,げ,879,12,63,2,1,,,げ,る,る,1.000013,True,-455.4344,2,1,True,0,35,32,2,0,0,37,0,0,"{""0"": 24, ""1"": 12}",2,あ→ぬ -> ぬ→る -> る→る -> る→る -> る→る -> る→ぽ -> ぽ→る -> る→ぷ -> ぷ→る -> る→び -> び→る -> る→む -> む→る -> る→げ -> げ→る
beam_negamax vs greedy,beam_negamax,greedy,D20000_seed0_beam_negamax_vs_greedy_0,20000,0,first,ended_with_n,16,second,greedy,る,4343,63,59,2,1,,,る,ゆ,ゆ,0.011238,False,-3972.757965116279,,,,,,,,,,,,,,14,あ→ぬ -> ぬ→る -> る→る -> る→る -> る→る -> る→ぽ -> ぽ→る -> る→ぷ -> ぷ→る -> る→び -> び→る -> る→む -> む→る -> る→げ -> げ→る -> る→ゆ
beam_negamax vs greedy,beam_negamax,greedy,D20000_seed0_beam_negamax_vs_greedy_0,20000,0,first,ended_with_n,17,first,beam_negamax,ゆ,4075,59,63,3,2,,,ゆ,る,る,0.739471,False,3954.0334210526316,1,1,True,0,24,24,24,0,0,19,0,0,"{""0"": 24}",24,あ→ぬ -> ぬ→る -> る→る -> る→る -> る→る -> る→ぽ -> ぽ→る -> る→ぷ -> ぷ→る -> る→び -> び→る -> る→む -> む→る -> る→げ -> げ→る -> る→ゆ -> ゆ→る
beam_negamax vs greedy,beam_negamax,greedy,D20000_seed0_beam_negamax_vs_greedy_0,20000,0,first,ended_with_n,18,second,greedy,る,4343,63,59,1,0,,,る,ゆ,ゆ,0.01135,False,-3954.0334210526316,,,,,,,,,,,,,,14,あ→ぬ -> ぬ→る -> る→る -> る→る -> る→る -> る→ぽ -> ぽ→る -> る→ぷ -> ぷ→る -> る→び -> び→る -> る→む -> む→る -> る→げ -> げ→る -> る→ゆ -> ゆ→る -> る→ゆ
beam_negamax vs greedy,beam_negamax,greedy,D20000_seed0_beam_negamax_vs_greedy_0,20000,0,first,ended_with_n,19,first,beam_negamax,ゆ,4075,59,63,2,1,,,ゆ,る,る,0.742808,False,4279.046594594594,1,1,True,0,24,24,24,0,0,19,0,0,"{""0"": 24}",24,あ→ぬ -> ぬ→る -> る→る -> る→る -> る→る -> る→ぽ -> ぽ→る -> る→ぷ -> ぷ→る -> る→び -> び→る -> る→む -> む→る -> る→げ -> げ→る -> る→ゆ -> ゆ→る -> る→ゆ -> ゆ→る
beam_negamax vs greedy,beam_negamax,greedy,D20000_seed0_beam_negamax_vs_greedy_0,20000,0,first,ended_with_n,20,second,greedy,る,4312,63,28,1,0,,,る,つ,つ,0.010492,False,-4279.046594594594,,,,,,,,,,,,,,13,あ→ぬ -> ぬ→る -> る→る -> る→る -> る→る -> る→ぽ -> ぽ→る -> る→ぷ -> ぷ→る -> る→び -> び→る -> る→む -> む→る -> る→げ -> げ→る -> る→ゆ -> ゆ→る -> る→ゆ -> ゆ→る -> る→つ
beam_negamax vs greedy,beam_negamax,greedy,D20000_seed0_beam_negamax_vs_greedy_0,20000,0,first,ended_with_n,21,first,beam_negamax,つ,1967,28,63,2,1,,,つ,る,る,0.719777,False,5724.63666,1,2,True,0,24,24,24,0,0,25,0,0,"{""0"": 24}",24,あ→ぬ -> ぬ→る -> る→る -> る→る -> る→る -> る→ぽ -> ぽ→る -> る→ぷ -> ぷ→る -> る→び -> び→る -> る→む -> む→る -> る→げ -> げ→る -> る→ゆ -> ゆ→る -> る→ゆ -> ゆ→る -> る→つ -> つ→る
beam_negamax vs greedy,beam_negamax,greedy,D20000_seed0_beam_negamax_vs_greedy_0,20000,0,first,ended_with_n,22,second,greedy,る,4317,63,33,1,0,,,る,な,な,0.009717,False,-5724.63666,,,,,,,,,,,,,,12,あ→ぬ -> ぬ→る -> る→る -> る→る -> る→る -> る→ぽ -> ぽ→る -> る→ぷ -> ぷ→る -> る→び -> び→る -> る→む -> む→る -> る→げ -> げ→る -> る→ゆ -> ゆ→る -> る→ゆ -> ゆ→る -> る→つ -> つ→る -> る→な
beam_negamax vs greedy,beam_negamax,greedy,D20000_seed0_beam_negamax_vs_greedy_0,20000,0,first,ended_with_n,23,first,beam_negamax,な,2307,33,63,5,4,,,な,る,る,1.000009,True,-268.5728571428572,2,1,True,0,29,26,2,0,0,36,0,0,"{""0"": 24, ""1"": 12}",2,あ→ぬ -> ぬ→る -> る→る -> る→る -> る→る -> る→ぽ -> ぽ→る -> る→ぷ -> ぷ→る -> る→び -> び→る -> る→む -> む→る -> る→げ -> げ→る -> る→ゆ -> ゆ→る -> る→ゆ -> ゆ→る -> る→つ -> つ→る -> る→な -> な→る
beam_negamax vs greedy,beam_negamax,greedy,D20000_seed0_beam_negamax_vs_greedy_0,20000,0,first,ended_with_n,24,second,greedy,る,4286,63,2,3,2,,,る,う,う,0.008802,False,-5957.074261363637,,,,,,,,,,,,,,11,あ→ぬ -> ぬ→る -> る→る -> る→る -> る→る -> る→ぽ -> ぽ→る -> る→ぷ -> ぷ→る -> る→び -> び→る -> る→む -> む→る -> る→げ -> げ→る -> る→ゆ -> ゆ→る -> る→ゆ -> ゆ→る -> る→つ -> つ→る -> る→な -> な→る -> る→う
beam_negamax vs greedy,beam_negamax,greedy,D20000_seed0_beam_negamax_vs_greedy_0,20000,0,first,ended_with_n,25,first,beam_negamax,う,199,2,63,3,2,,,う,る,る,0.668312,False,5937.514809885932,1,1,True,0,24,24,24,0,0,32,0,0,"{""0"": 24}",24,あ→ぬ -> ぬ→る -> る→る -> る→る -> る→る -> る→ぽ -> ぽ→る -> る→ぷ -> ぷ→る -> る→び -> び→る -> る→む -> む→る -> る→げ -> げ→る -> る→ゆ -> ゆ→る -> る→ゆ -> ゆ→る -> る→つ -> つ→る -> る→な -> な→る -> る→う -> う→る
beam_negamax vs greedy,beam_negamax,greedy,D20000_seed0_beam_negamax_vs_greedy_0,20000,0,first,ended_with_n,26,second,greedy,る,4286,63,2,2,1,,,る,う,う,0.008776,False,-5937.514809885932,,,,,,,,,,,,,,11,あ→ぬ -> ぬ→る -> る→る -> る→る -> る→る -> る→ぽ -> ぽ→る -> る→ぷ -> ぷ→る -> る→び -> び→る -> る→む -> む→る -> る→げ -> げ→る -> る→ゆ -> ゆ→る -> る→ゆ -> ゆ→る -> る→つ -> つ→る -> る→な -> な→る -> る→う -> う→る -> る→う
beam_negamax vs greedy,beam_negamax,greedy,D20000_seed0_beam_negamax_vs_greedy_0,20000,0,first,ended_with_n,27,first,beam_negamax,う,199,2,63,2,1,,,う,る,る,0.668009,False,5920.05465648855,1,1,True,0,24,24,24,0,0,32,0,0,"{""0"": 24}",24,あ→ぬ -> ぬ→る -> る→る -> る→る -> る→る -> る→ぽ -> ぽ→る -> る→ぷ -> ぷ→る -> る→び -> び→る -> る→む -> む→る -> る→げ -> げ→る -> る→ゆ -> ゆ→る -> る→ゆ -> ゆ→る -> る→つ -> つ→る -> る→な -> な→る -> る→う -> う→る -> る→う -> う→る
beam_negamax vs greedy,beam_negamax,greedy,D20000_seed0_beam_negamax_vs_greedy_0,20000,0,first,ended_with_n,28,second,greedy,る,4286,63,2,1,0,,,る,う,う,0.008718,False,-5920.05465648855,,,,,,,,,,,,,,11,あ→ぬ -> ぬ→る -> る→る -> る→る -> る→る -> る→ぽ -> ぽ→る -> る→ぷ -> ぷ→る -> る→び -> び→る -> る→む -> む→る -> る→げ -> げ→る -> る→ゆ -> ゆ→る -> る→ゆ -> ゆ→る -> る→つ -> つ→る -> る→な -> な→る -> る→う -> う→る -> る→う -> う→る -> る→う
beam_negamax vs greedy,beam_negamax,greedy,D20000_seed0_beam_negamax_vs_greedy_0,20000,0,first,ended_with_n,29,first,beam_negamax,う,199,2,63,1,0,,,う,る,る,0.669732,False,6674.784161073825,1,2,True,0,24,24,24,0,0,32,0,0,"{""0"": 24}",24,あ→ぬ -> ぬ→る -> る→る -> る→る -> る→る -> る→ぽ -> ぽ→る -> る→ぷ -> ぷ→る -> る→び -> び→る -> る→む -> む→る -> る→げ -> げ→る -> る→ゆ -> ゆ→る -> る→ゆ -> ゆ→る -> る→つ -> つ→る -> る→な -> な→る -> る→う -> う→る -> る→う -> う→る -> る→う -> う→る
beam_negamax vs greedy,beam_negamax,greedy,D20000_seed0_beam_negamax_vs_greedy_0,20000,0,first,ended_with_n,30,second,greedy,る,4293,63,9,1,0,,,る,く,く,0.007869,False,-6674.784161073825,,,,,,,,,,,,,,10,あ→ぬ -> ぬ→る -> る→る -> る→る -> る→る -> る→ぽ -> ぽ→る -> る→ぷ -> ぷ→る -> る→び -> び→る -> る→む -> む→る -> る→げ -> げ→る -> る→ゆ -> ゆ→る -> る→ゆ -> ゆ→る -> る→つ -> つ→る -> る→な -> な→る -> る→う -> う→る -> る→う -> う→る -> る→う -> う→る -> る→く
beam_negamax vs greedy,beam_negamax,greedy,D20000_seed0_beam_negamax_vs_greedy_0,20000,0,first,ended_with_n,31,first,beam_negamax,く,675,9,63,8,7,,,く,る,る,1.000009,True,-165.9244117647059,2,1,True,0,31,28,2,0,0,38,0,0,"{""0"": 24, ""1"": 12}",2,あ→ぬ -> ぬ→る -> る→る -> る→る -> る→る -> る→ぽ -> ぽ→る -> る→ぷ -> ぷ→る -> る→び -> び→る -> る→む -> む→る -> る→げ -> げ→る -> る→ゆ -> ゆ→る -> る→ゆ -> ゆ→る -> る→つ -> つ→る -> る→な -> な→る -> る→う -> う→る -> る→う -> う→る -> る→う -> う→る -> る→く -> く→る
beam_negamax vs greedy,beam_negamax,greedy,D20000_seed0_beam_negamax_vs_greedy_0,20000,0,first,ended_with_n,32,second,greedy,る,4346,63,62,1,0,,,る,り,り,0.006969,False,-6878.606979865772,,,,,,,,,,,,,,9,あ→ぬ -> ぬ→る -> る→る -> る→る -> る→る -> る→ぽ -> ぽ→る -> る→ぷ -> ぷ→る -> る→び -> び→る -> る→む -> む→る -> る→げ -> げ→る -> る→ゆ -> ゆ→る -> る→ゆ -> ゆ→る -> る→つ -> つ→る -> る→な -> な→る -> る→う -> う→る -> る→う -> う→る -> る→う -> う→る -> る→く -> く→る -> る→り
beam_negamax vs greedy,beam_negamax,greedy,D20000_seed0_beam_negamax_vs_greedy_0,20000,0,first,ended_with_n,33,first,beam_negamax,り,4279,62,63,14,13,,,り,る,る,0.706867,False,8048.577905027933,1,1,True,0,24,24,24,0,0,18,0,0,"{""0"": 24}",24,あ→ぬ -> ぬ→る -> る→る -> る→る -> る→る -> る→ぽ -> ぽ→る -> る→ぷ -> ぷ→る -> る→び -> び→る -> る→む -> む→る -> る→げ -> げ→る -> る→ゆ -> ゆ→る -> る→ゆ -> ゆ→る -> る→つ -> つ→る -> る→な -> な→る -> る→う -> う→る -> る→う -> う→る -> る→う -> う→る -> る→く -> く→る -> る→り -> り→る
beam_negamax vs greedy,beam_negamax,greedy,D20000_seed0_beam_negamax_vs_greedy_0,20000,0,first,ended_with_n,34,second,greedy,る,4303,63,19,6,5,,,る,す,す,0.006365,False,-8048.577905027933,,,,,,,,,,,,,,8,あ→ぬ -> ぬ→る -> る→る -> る→る -> る→る -> る→ぽ -> ぽ→る -> る→ぷ -> ぷ→る -> る→び -> び→る -> る→む -> む→る -> る→げ -> げ→る -> る→ゆ -> ゆ→る -> る→ゆ -> ゆ→る -> る→つ -> つ→る -> る→な -> な→る -> る→う -> う→る -> る→う -> う→る -> る→う -> う→る -> る→く -> く→る -> る→り -> り→る -> る→す
beam_negamax vs greedy,beam_negamax,greedy,D20000_seed0_beam_negamax_vs_greedy_0,20000,0,first,ended_with_n,35,first,beam_negamax,す,1355,19,63,21,20,,,す,る,る,0.671731,False,8029.07474789916,1,1,True,0,24,24,24,0,0,28,0,0,"{""0"": 24}",24,あ→ぬ -> ぬ→る -> る→る -> る→る -> る→る -> る→ぽ -> ぽ→る -> る→ぷ -> ぷ→る -> る→び -> び→る -> る→む -> む→る -> る→げ -> げ→る -> る→ゆ -> ゆ→る -> る→ゆ -> ゆ→る -> る→つ -> つ→る -> る→な -> な→る -> る→う -> う→る -> る→う -> う→る -> る→う -> う→る -> る→く -> く→る -> る→り -> り→る -> る→す -> す→る
beam_negamax vs greedy,beam_negamax,greedy,D20000_seed0_beam_negamax_vs_greedy_0,20000,0,first,ended_with_n,36,second,greedy,る,4303,63,19,5,4,,,る,す,す,0.006318,False,-8029.07474789916,,,,,,,,,,,,,,8,あ→ぬ -> ぬ→る -> る→る -> る→る -> る→る -> る→ぽ -> ぽ→る -> る→ぷ -> ぷ→る -> る→び -> び→る -> る→む -> む→る -> る→げ -> げ→る -> る→ゆ -> ゆ→る -> る→ゆ -> ゆ→る -> る→つ -> つ→る -> る→な -> な→る -> る→う -> う→る -> る→う -> う→る -> る→う -> う→る -> る→く -> く→る -> る→り -> り→る -> る→す -> す→る -> る→す
beam_negamax vs greedy,beam_negamax,greedy,D20000_seed0_beam_negamax_vs_greedy_0,20000,0,first,ended_with_n,37,first,beam_negamax,す,1355,19,63,20,19,,,す,る,る,0.667793,False,8009.570505617978,1,2,True,0,24,24,24,0,0,28,0,0,"{""0"": 24}",24,あ→ぬ -> ぬ→る -> る→る -> る→る -> る→る -> る→ぽ -> ぽ→る -> る→ぷ -> ぷ→る -> る→び -> び→る -> る→む -> む→る -> る→げ -> げ→る -> る→ゆ -> ゆ→る -> る→ゆ -> ゆ→る -> る→つ -> つ→る -> る→な -> な→る -> る→う -> う→る -> る→う -> う→る -> る→う -> う→る -> る→く -> く→る -> る→り -> り→る -> る→す -> す→る -> る→す -> す→る
beam_negamax vs greedy,beam_negamax,greedy,D20000_seed0_beam_negamax_vs_greedy_0,20000,0,first,ended_with_n,38,second,greedy,る,4303,63,19,4,3,,,る,す,す,0.006294,False,-8009.570505617978,,,,,,,,,,,,,,8,あ→ぬ -> ぬ→る -> る→る -> る→る -> る→る -> る→ぽ -> ぽ→る -> る→ぷ -> ぷ→る -> る→び -> び→る -> る→む -> む→る -> る→げ -> げ→る -> る→ゆ -> ゆ→る -> る→ゆ -> ゆ→る -> る→つ -> つ→る -> る→な -> な→る -> る→う -> う→る -> る→う -> う→る -> る→う -> う→る -> る→く -> く→る -> る→り -> り→る -> る→す -> す→る -> る→す -> す→る -> る→す
beam_negamax vs greedy,beam_negamax,greedy,D20000_seed0_beam_negamax_vs_greedy_0,20000,0,first,ended_with_n,39,first,beam_negamax,す,1355,19,63,19,18,,,す,る,る,1.000009,True,-17.85499999999996,2,1,True,0,33,30,2,0,0,46,0,0,"{""0"": 24, ""1"": 12}",2,あ→ぬ -> ぬ→る -> る→る -> る→る -> る→る -> る→ぽ -> ぽ→る -> る→ぷ -> ぷ→る -> る→び -> び→る -> る→む -> む→る -> る→げ -> げ→る -> る→ゆ -> ゆ→る -> る→ゆ -> ゆ→る -> る→つ -> つ→る -> る→な -> な→る -> る→う -> う→る -> る→う -> う→る -> る→う -> う→る -> る→く -> く→る -> る→り -> り→る -> る→す -> す→る -> る→す -> す→る -> る→す -> す→る
beam_negamax vs greedy,beam_negamax,greedy,D20000_seed0_beam_negamax_vs_greedy_0,20000,0,first,ended_with_n,40,second,greedy,る,4303,63,19,3,2,,,る,す,す,0.006364,False,-7990.065169014085,,,,,,,,,,,,,,8,あ→ぬ -> ぬ→る -> る→る -> る→る -> る→る -> る→ぽ -> ぽ→る -> る→ぷ -> ぷ→る -> る→び -> び→る -> る→む -> む→る -> る→げ -> げ→る -> る→ゆ -> ゆ→る -> る→ゆ -> ゆ→る -> る→つ -> つ→る -> る→な -> な→る -> る→う -> う→る -> る→う -> う→る -> る→う -> う→る -> る→く -> く→る -> る→り -> り→る -> る→す -> す→る -> る→す -> す→る -> る→す -> す→る -> る→す
beam_negamax vs greedy,beam_negamax,greedy,D20000_seed0_beam_negamax_vs_greedy_0,20000,0,first,ended_with_n,41,first,beam_negamax,す,1355,19,63,18,17,,,す,る,る,0.668545,False,7970.558728813559,1,1,True,0,24,24,24,0,0,28,0,0,"{""0"": 24}",24,あ→ぬ -> ぬ→る -> る→る -> る→る -> る→る -> る→ぽ -> ぽ→る -> る→ぷ -> ぷ→る -> る→び -> び→る -> る→む -> む→る -> る→げ -> げ→る -> る→ゆ -> ゆ→る -> る→ゆ -> ゆ→る -> る→つ -> つ→る -> る→な -> な→る -> る→う -> う→る -> る→う -> う→る -> る→う -> う→る -> る→く -> く→る -> る→り -> り→る -> る→す -> す→る -> る→す -> す→る -> る→す -> す→る -> る→す -> す→る
beam_negamax vs greedy,beam_negamax,greedy,D20000_seed0_beam_negamax_vs_greedy_0,20000,0,first,ended_with_n,42,second,greedy,る,4303,63,19,2,1,,,る,す,す,0.006279,False,-7970.558728813559,,,,,,,,,,,,,,8,あ→ぬ -> ぬ→る -> る→る -> る→る -> る→る -> る→ぽ -> ぽ→る -> る→ぷ -> ぷ→る -> る→び -> び→る -> る→む -> む→る -> る→げ -> げ→る -> る→ゆ -> ゆ→る -> る→ゆ -> ゆ→る -> る→つ -> つ→る -> る→な -> な→る -> る→う -> う→る -> る→う -> う→る -> る→う -> う→る -> る→く -> く→る -> る→り -> り→る -> る→す -> す→る -> る→す -> す→る -> る→す -> す→る -> る→す -> す→る -> る→す
beam_negamax vs greedy,beam_negamax,greedy,D20000_seed0_beam_negamax_vs_greedy_0,20000,0,first,ended_with_n,43,first,beam_negamax,す,1355,19,63,17,16,,,す,る,る,0.672924,False,7953.16545325779,1,1,True,0,24,24,24,0,0,28,0,0,"{""0"": 24}",24,あ→ぬ -> ぬ→る -> る→る -> る→る -> る→る -> る→ぽ -> ぽ→る -> る→ぷ -> ぷ→る -> る→び -> び→る -> る→む -> む→る -> る→げ -> げ→る -> る→ゆ -> ゆ→る -> る→ゆ -> ゆ→る -> る→つ -> つ→る -> る→な -> な→る -> る→う -> う→る -> る→う -> う→る -> る→う -> う→る -> る→く -> く→る -> る→り -> り→る -> る→す -> す→る -> る→す -> す→る -> る→す -> す→る -> る→す -> す→る -> る→す -> す→る
beam_negamax vs greedy,beam_negamax,greedy,D20000_seed0_beam_negamax_vs_greedy_0,20000,0,first,ended_with_n,44,second,greedy,る,4303,63,19,1,0,,,る,す,す,0.006366,False,-7953.16545325779,,,,,,,,,,,,,,8,あ→ぬ -> ぬ→る -> る→る -> る→る -> る→る -> る→ぽ -> ぽ→る -> る→ぷ -> ぷ→る -> る→び -> び→る -> る→む -> む→る -> る→げ -> げ→る -> る→ゆ -> ゆ→る -> る→ゆ -> ゆ→る -> る→つ -> つ→る -> る→な -> な→る -> る→う -> う→る -> る→う -> う→る -> る→う -> う→る -> る→く -> く→る -> る→り -> り→る -> る→す -> す→る -> る→す -> す→る -> る→す -> す→る -> る→す -> す→る -> る→す -> す→る -> る→す
beam_negamax vs greedy,beam_negamax,greedy,D20000_seed0_beam_negamax_vs_greedy_0,20000,0,first,ended_with_n,45,first,beam_negamax,す,1355,19,63,16,15,,,す,る,る,0.67223,False,8338.547486486486,1,2,True,0,24,24,24,0,0,28,0,0,"{""0"": 24}",24,あ→ぬ -> ぬ→る -> る→る -> る→る -> る→る -> る→ぽ -> ぽ→る -> る→ぷ -> ぷ→る -> る→び -> び→る -> る→む -> む→る -> る→げ -> げ→る -> る→ゆ -> ゆ→る -> る→ゆ -> ゆ→る -> る→つ -> つ→る -> る→な -> な→る -> る→う -> う→る -> る→う -> う→る -> る→う -> う→る -> る→く -> く→る -> る→り -> り→る -> る→す -> す→る -> る→す -> す→る -> る→す -> す→る -> る→す -> す→る -> る→す -> す→る -> る→す -> す→る
beam_negamax vs greedy,beam_negamax,greedy,D20000_seed0_beam_negamax_vs_greedy_0,20000,0,first,ended_with_n,46,second,greedy,る,4315,63,31,2,1,,,る,と,と,0.005524,False,-8338.547486486486,,,,,,,,,,,,,,7,あ→ぬ -> ぬ→る -> る→る -> る→る -> る→る -> る→ぽ -> ぽ→る -> る→ぷ -> ぷ→る -> る→び -> び→る -> る→む -> む→る -> る→げ -> げ→る -> る→ゆ -> ゆ→る -> る→ゆ -> ゆ→る -> る→つ -> つ→る -> る→な -> な→る -> る→う -> う→る -> る→う -> う→る -> る→う -> う→る -> る→く -> く→る -> る→り -> り→る -> る→す -> す→る -> る→す -> す→る -> る→す -> す→る -> る→す -> す→る -> る→す -> す→る -> る→す -> す→る -> る→と
beam_negamax vs greedy,beam_negamax,greedy,D20000_seed0_beam_negamax_vs_greedy_0,20000,0,first,ended_with_n,47,first,beam_negamax,と,2171,31,63,10,9,,,と,る,る,1.000012,True,89.195,2,1,True,0,33,30,2,0,0,54,0,0,"{""0"": 24, ""1"": 12}",2,あ→ぬ -> ぬ→る -> る→る -> る→る -> る→る -> る→ぽ -> ぽ→る -> る→ぷ -> ぷ→る -> る→び -> び→る -> る→む -> む→る -> る→げ -> げ→る -> る→ゆ -> ゆ→る -> る→ゆ -> ゆ→る -> る→つ -> つ→る -> る→な -> な→る -> る→う -> う→る -> る→う -> う→る -> る→う -> う→る -> る→く -> く→る -> る→り -> り→る -> る→す -> す→る -> る→す -> す→る -> る→す -> す→る -> る→す -> す→る -> る→す -> す→る -> る→す -> す→る -> る→と -> と→る
beam_negamax vs greedy,beam_negamax,greedy,D20000_seed0_beam_negamax_vs_greedy_0,20000,0,first,ended_with_n,48,second,greedy,る,4315,63,31,1,0,,,る,と,と,0.005476,False,-8235.98906504065,,,,,,,,,,,,,,7,あ→ぬ -> ぬ→る -> る→る -> る→る -> る→る -> る→ぽ -> ぽ→る -> る→ぷ -> ぷ→る -> る→び -> び→る -> る→む -> む→る -> る→げ -> げ→る -> る→ゆ -> ゆ→る -> る→ゆ -> ゆ→る -> る→つ -> つ→る -> る→な -> な→る -> る→う -> う→る -> る→う -> う→る -> る→う -> う→る -> る→く -> く→る -> る→り -> り→る -> る→す -> す→る -> る→す -> す→る -> る→す -> す→る -> る→す -> す→る -> る→す -> す→る -> る→す -> す→る -> る→と -> と→る -> る→と
beam_negamax vs greedy,beam_negamax,greedy,D20000_seed0_beam_negamax_vs_greedy_0,20000,0,first,ended_with_n,49,first,beam_negamax,と,2171,31,63,9,8,,,と,る,る,0.676512,False,11000.93393292683,1,1,True,0,24,24,24,0,0,30,0,0,"{""0"": 24}",24,あ→ぬ -> ぬ→る -> る→る -> る→る -> る→る -> る→ぽ -> ぽ→る -> る→ぷ -> ぷ→る -> る→び -> び→る -> る→む -> む→る -> る→げ -> げ→る -> る→ゆ -> ゆ→る -> る→ゆ -> ゆ→る -> る→つ -> つ→る -> る→な -> な→る -> る→う -> う→る -> る→う -> う→る -> る→う -> う→る -> る→く -> く→る -> る→り -> り→る -> る→す -> す→る -> る→す -> す→る -> る→す -> す→る -> る→す -> す→る -> る→す -> す→る -> る→す -> す→る -> る→と -> と→る -> る→と -> と→る
beam_negamax vs greedy,beam_negamax,greedy,D20000_seed0_beam_negamax_vs_greedy_0,20000,0,first,ended_with_n,50,second,greedy,る,4328,63,44,1,0,,,る,ふ,ふ,0.00469,False,-11000.93393292683,,,,,,,,,,,,,,6,あ→ぬ -> ぬ→る -> る→る -> る→る -> る→る -> る→ぽ -> ぽ→る -> る→ぷ -> ぷ→る -> る→び -> び→る -> る→む -> む→る -> る→げ -> げ→る -> る→ゆ -> ゆ→る -> る→ゆ -> ゆ→る -> る→つ -> つ→る -> る→な -> な→る -> る→う -> う→る -> る→う -> う→る -> る→う -> う→る -> る→く -> く→る -> る→り -> り→る -> る→す -> す→る -> る→す -> す→る -> る→す -> す→る -> る→す -> す→る -> る→す -> す→る -> る→す -> す→る -> る→と -> と→る -> る→と -> と→る -> る→ふ
beam_negamax vs greedy,beam_negamax,greedy,D20000_seed0_beam_negamax_vs_greedy_0,20000,0,first,ended_with_n,51,first,beam_negamax,ふ,3055,44,63,15,14,,,ふ,る,る,0.694822,False,11102.740820158102,1,1,True,0,24,24,24,0,0,30,0,0,"{""0"": 24}",24,あ→ぬ -> ぬ→る -> る→る -> る→る -> る→る -> る→ぽ -> ぽ→る -> る→ぷ -> ぷ→る -> る→び -> び→る -> る→む -> む→る -> る→げ -> げ→る -> る→ゆ -> ゆ→る -> る→ゆ -> ゆ→る -> る→つ -> つ→る -> る→な -> な→る -> る→う -> う→る -> る→う -> う→る -> る→う -> う→る -> る→く -> く→る -> る→り -> り→る -> る→す -> す→る -> る→す -> す→る -> る→す -> す→る -> る→す -> す→る -> る→す -> す→る -> る→す -> す→る -> る→と -> と→る -> る→と -> と→る -> る→ふ -> ふ→る
beam_negamax vs greedy,beam_negamax,greedy,D20000_seed0_beam_negamax_vs_greedy_0,20000,0,first,ended_with_n,52,second,greedy,る,4284,63,0,1,0,,,る,あ,あ,0.003795,False,-11102.740820158102,,,,,,,,,,,,,,5,あ→ぬ -> ぬ→る -> る→る -> る→る -> る→る -> る→ぽ -> ぽ→る -> る→ぷ -> ぷ→る -> る→び -> び→る -> る→む -> む→る -> る→げ -> げ→る -> る→ゆ -> ゆ→る -> る→ゆ -> ゆ→る -> る→つ -> つ→る -> る→な -> な→る -> る→う -> う→る -> る→う -> う→る -> る→う -> う→る -> る→く -> く→る -> る→り -> り→る -> る→す -> す→る -> る→す -> す→る -> る→す -> す→る -> る→す -> す→る -> る→す -> す→る -> る→す -> す→る -> る→と -> と→る -> る→と -> と→る -> る→ふ -> ふ→る -> る→あ
beam_negamax vs greedy,beam_negamax,greedy,D20000_seed0_beam_negamax_vs_greedy_0,20000,0,first,ended_with_n,53,first,beam_negamax,あ,63,0,63,14,13,,,あ,る,る,0.606093,False,11179.268737166325,1,2,True,0,24,24,24,0,0,36,0,0,"{""0"": 24}",24,あ→ぬ -> ぬ→る -> る→る -> る→る -> る→る -> る→ぽ -> ぽ→る -> る→ぷ -> ぷ→る -> る→び -> び→る -> る→む -> む→る -> る→げ -> げ→る -> る→ゆ -> ゆ→る -> る→ゆ -> ゆ→る -> る→つ -> つ→る -> る→な -> な→る -> る→う -> う→る -> る→う -> う→る -> る→う -> う→る -> る→く -> く→る -> る→り -> り→る -> る→す -> す→る -> る→す -> す→る -> る→す -> す→る -> る→す -> す→る -> る→す -> す→る -> る→す -> す→る -> る→と -> と→る -> る→と -> と→る -> る→ふ -> ふ→る -> る→あ -> あ→る
beam_negamax vs greedy,beam_negamax,greedy,D20000_seed0_beam_negamax_vs_greedy_0,20000,0,first,ended_with_n,54,second,greedy,る,4285,63,1,5,4,,,る,い,い,0.002802,False,-11179.268737166325,,,,,,,,,,,,,,4,あ→ぬ -> ぬ→る -> る→る -> る→る -> る→る -> る→ぽ -> ぽ→る -> る→ぷ -> ぷ→る -> る→び -> び→る -> る→む -> む→る -> る→げ -> げ→る -> る→ゆ -> ゆ→る -> る→ゆ -> ゆ→る -> る→つ -> つ→る -> る→な -> な→る -> る→う -> う→る -> る→う -> う→る -> る→う -> う→る -> る→く -> く→る -> る→り -> り→る -> る→す -> す→る -> る→す -> す→る -> る→す -> す→る -> る→す -> す→る -> る→す -> す→る -> る→す -> す→る -> る→と -> と→る -> る→と -> と→る -> る→ふ -> ふ→る -> る→あ -> あ→る -> る→い
beam_negamax vs greedy,beam_negamax,greedy,D20000_seed0_beam_negamax_vs_greedy_0,20000,0,first,ended_with_n,55,first,beam_negamax,い,131,1,63,7,6,,,い,る,る,1.000014,True,288.345,2,1,True,0,33,29,3,0,0,49,0,0,"{""0"": 24, ""1"": 12}",3,あ→ぬ -> ぬ→る -> る→る -> る→る -> る→る -> る→ぽ -> ぽ→る -> る→ぷ -> ぷ→る -> る→び -> び→る -> る→む -> む→る -> る→げ -> げ→る -> る→ゆ -> ゆ→る -> る→ゆ -> ゆ→る -> る→つ -> つ→る -> る→な -> な→る -> る→う -> う→る -> る→う -> う→る -> る→う -> う→る -> る→く -> く→る -> る→り -> り→る -> る→す -> す→る -> る→す -> す→る -> る→す -> す→る -> る→す -> す→る -> る→す -> す→る -> る→す -> す→る -> る→と -> と→る -> る→と -> と→る -> る→ふ -> ふ→る -> る→あ -> あ→る -> る→い -> い→る
beam_negamax vs greedy,beam_negamax,greedy,D20000_seed0_beam_negamax_vs_greedy_0,20000,0,first,ended_with_n,56,second,greedy,る,4285,63,1,4,3,,,る,い,い,0.002786,False,-11160.483086419754,,,,,,,,,,,,,,4,あ→ぬ -> ぬ→る -> る→る -> る→る -> る→る -> る→ぽ -> ぽ→る -> る→ぷ -> ぷ→る -> る→び -> び→る -> る→む -> む→る -> る→げ -> げ→る -> る→ゆ -> ゆ→る -> る→ゆ -> ゆ→る -> る→つ -> つ→る -> る→な -> な→る -> る→う -> う→る -> る→う -> う→る -> る→う -> う→る -> る→く -> く→る -> る→り -> り→る -> る→す -> す→る -> る→す -> す→る -> る→す -> す→る -> る→す -> す→る -> る→す -> す→る -> る→す -> す→る -> る→と -> と→る -> る→と -> と→る -> る→ふ -> ふ→る -> る→あ -> あ→る -> る→い -> い→る -> る→い
beam_negamax vs greedy,beam_negamax,greedy,D20000_seed0_beam_negamax_vs_greedy_0,20000,0,first,ended_with_n,57,first,beam_negamax,い,131,1,63,6,5,,,い,る,る,0.584545,False,10977.37612371134,1,1,True,0,24,24,24,0,0,38,0,0,"{""0"": 24}",24,あ→ぬ -> ぬ→る -> る→る -> る→る -> る→る -> る→ぽ -> ぽ→る -> る→ぷ -> ぷ→る -> る→び -> び→る -> る→む -> む→る -> る→げ -> げ→る -> る→ゆ -> ゆ→る -> る→ゆ -> ゆ→る -> る→つ -> つ→る -> る→な -> な→る -> る→う -> う→る -> る→う -> う→る -> る→う -> う→る -> る→く -> く→る -> る→り -> り→る -> る→す -> す→る -> る→す -> す→る -> る→す -> す→る -> る→す -> す→る -> る→す -> す→る -> る→す -> す→る -> る→と -> と→る -> る→と -> と→る -> る→ふ -> ふ→る -> る→あ -> あ→る -> る→い -> い→る -> る→い -> い→る
beam_negamax vs greedy,beam_negamax,greedy,D20000_seed0_beam_negamax_vs_greedy_0,20000,0,first,ended_with_n,58,second,greedy,る,4285,63,1,3,2,,,る,い,い,0.002777,False,-10977.37612371134,,,,,,,,,,,,,,4,あ→ぬ -> ぬ→る -> る→る -> る→る -> る→る -> る→ぽ -> ぽ→る -> る→ぷ -> ぷ→る -> る→び -> び→る -> る→む -> む→る -> る→げ -> げ→る -> る→ゆ -> ゆ→る -> る→ゆ -> ゆ→る -> る→つ -> つ→る -> る→な -> な→る -> る→う -> う→る -> る→う -> う→る -> る→う -> う→る -> る→く -> く→る -> る→り -> り→る -> る→す -> す→る -> る→す -> す→る -> る→す -> す→る -> る→す -> す→る -> る→す -> す→る -> る→す -> す→る -> る→と -> と→る -> る→と -> と→る -> る→ふ -> ふ→る -> る→あ -> あ→る -> る→い -> い→る -> る→い -> い→る -> る→い
beam_negamax vs greedy,beam_negamax,greedy,D20000_seed0_beam_negamax_vs_greedy_0,20000,0,first,ended_with_n,59,first,beam_negamax,い,131,1,63,5,4,,,い,る,る,0.583278,False,10960.144297520661,1,1,True,0,24,24,24,0,0,38,0,0,"{""0"": 24}",24,あ→ぬ -> ぬ→る -> る→る -> る→る -> る→る -> る→ぽ -> ぽ→る -> る→ぷ -> ぷ→る -> る→び -> び→る -> る→む -> む→る -> る→げ -> げ→る -> る→ゆ -> ゆ→る -> る→ゆ -> ゆ→る -> る→つ -> つ→る -> る→な -> な→る -> る→う -> う→る -> る→う -> う→る -> る→う -> う→る -> る→く -> く→る -> る→り -> り→る -> る→す -> す→る -> る→す -> す→る -> る→す -> す→る -> る→す -> す→る -> る→す -> す→る -> る→す -> す→る -> る→と -> と→る -> る→と -> と→る -> る→ふ -> ふ→る -> る→あ -> あ→る -> る→い -> い→る -> る→い -> い→る -> る→い -> い→る
beam_negamax vs greedy,beam_negamax,greedy,D20000_seed0_beam_negamax_vs_greedy_0,20000,0,first,ended_with_n,60,second,greedy,る,4285,63,1,2,1,,,る,い,い,0.002827,False,-10960.144297520661,,,,,,,,,,,,,,4,あ→ぬ -> ぬ→る -> る→る -> る→る -> る→る -> る→ぽ -> ぽ→る -> る→ぷ -> ぷ→る -> る→び -> び→る -> る→む -> む→る -> る→げ -> げ→る -> る→ゆ -> ゆ→る -> る→ゆ -> ゆ→る -> る→つ -> つ→る -> る→な -> な→る -> る→う -> う→る -> る→う -> う→る -> る→う -> う→る -> る→く -> く→る -> る→り -> り→る -> る→す -> す→る -> る→す -> す→る -> る→す -> す→る -> る→す -> す→る -> る→す -> す→る -> る→す -> す→る -> る→と -> と→る -> る→と -> と→る -> る→ふ -> ふ→る -> る→あ -> あ→る -> る→い -> い→る -> る→い -> い→る -> る→い -> い→る -> る→い
beam_negamax vs greedy,beam_negamax,greedy,D20000_seed0_beam_negamax_vs_greedy_0,20000,0,first,ended_with_n,61,first,beam_negamax,い,131,1,63,4,3,,,い,る,る,0.593835,False,10954.119130434783,1,2,True,0,24,24,24,0,0,38,0,0,"{""0"": 24}",24,あ→ぬ -> ぬ→る -> る→る -> る→る -> る→る -> る→ぽ -> ぽ→る -> る→ぷ -> ぷ→る -> る→び -> び→る -> る→む -> む→る -> る→げ -> げ→る -> る→ゆ -> ゆ→る -> る→ゆ -> ゆ→る -> る→つ -> つ→る -> る→な -> な→る -> る→う -> う→る -> る→う -> う→る -> る→う -> う→る -> る→く -> く→る -> る→り -> り→る -> る→す -> す→る -> る→す -> す→る -> る→す -> す→る -> る→す -> す→る -> る→す -> す→る -> る→す -> す→る -> る→と -> と→る -> る→と -> と→る -> る→ふ -> ふ→る -> る→あ -> あ→る -> る→い -> い→る -> る→い -> い→る -> る→い -> い→る -> る→い -> い→る
beam_negamax vs greedy,beam_negamax,greedy,D20000_seed0_beam_negamax_vs_greedy_0,20000,0,first,ended_with_n,62,second,greedy,る,4285,63,1,1,0,,,る,い,い,0.002801,False,-10954.119130434783,,,,,,,,,,,,,,4,あ→ぬ -> ぬ→る -> る→る -> る→る -> る→る -> る→ぽ -> ぽ→る -> る→ぷ -> ぷ→る -> る→び -> び→る -> る→む -> む→る -> る→げ -> げ→る -> る→ゆ -> ゆ→る -> る→ゆ -> ゆ→る -> る→つ -> つ→る -> る→な -> な→る -> る→う -> う→る -> る→う -> う→る -> る→う -> う→る -> る→く -> く→る -> る→り -> り→る -> る→す -> す→る -> る→す -> す→る -> る→す -> す→る -> る→す -> す→る -> る→す -> す→る -> る→す -> す→る -> る→と -> と→る -> る→と -> と→る -> る→ふ -> ふ→る -> る→あ -> あ→る -> る→い -> い→る -> る→い -> い→る -> る→い -> い→る -> る→い -> い→る -> る→い
beam_negamax vs greedy,beam_negamax,greedy,D20000_seed0_beam_negamax_vs_greedy_0,20000,0,first,ended_with_n,63,first,beam_negamax,い,131,1,63,3,2,,,い,る,る,1.000013,True,437.55999999999995,2,1,True,0,34,30,3,0,0,49,0,0,"{""0"": 24, ""1"": 12}",3,あ→ぬ -> ぬ→る -> る→る -> る→る -> る→る -> る→ぽ -> ぽ→る -> る→ぷ -> ぷ→る -> る→び -> び→る -> る→む -> む→る -> る→げ -> げ→る -> る→ゆ -> ゆ→る -> る→ゆ -> ゆ→る -> る→つ -> つ→る -> る→な -> な→る -> る→う -> う→る -> る→う -> う→る -> る→う -> う→る -> る→く -> く→る -> る→り -> り→る -> る→す -> す→る -> る→す -> す→る -> る→す -> す→る -> る→す -> す→る -> る→す -> す→る -> る→す -> す→る -> る→と -> と→る -> る→と -> と→る -> る→ふ -> ふ→る -> る→あ -> あ→る -> る→い -> い→る -> る→い -> い→る -> る→い -> い→る -> る→い -> い→る -> る→い -> い→る
beam_negamax vs greedy,beam_negamax,greedy,D20000_seed0_beam_negamax_vs_greedy_0,20000,0,first,ended_with_n,64,second,greedy,る,4291,63,7,1,0,,,る,き,き,0.001817,False,-12938.342931034484,,,,,,,,,,,,,,3,あ→ぬ -> ぬ→る -> る→る -> る→る -> る→る -> る→ぽ -> ぽ→る -> る→ぷ -> ぷ→る -> る→び -> び→る -> る→む -> む→る -> る→げ -> げ→る -> る→ゆ -> ゆ→る -> る→ゆ -> ゆ→る -> る→つ -> つ→る -> る→な -> な→る -> る→う -> う→る -> る→う -> う→る -> る→う -> う→る -> る→く -> く→る -> る→り -> り→る -> る→す -> す→る -> る→す -> す→る -> る→す -> す→る -> る→す -> す→る -> る→す -> す→る -> る→す -> す→る -> る→と -> と→る -> る→と -> と→る -> る→ふ -> ふ→る -> る→あ -> あ→る -> る→い -> い→る -> る→い -> い→る -> る→い -> い→る -> る→い -> い→る -> る→い -> い→る -> る→き
beam_negamax vs greedy,beam_negamax,greedy,D20000_seed0_beam_negamax_vs_greedy_0,20000,0,first,ended_with_n,65,first,beam_negamax,き,539,7,63,12,11,,,き,る,る,0.619227,False,13097.741538461538,1,1,True,0,24,24,24,0,0,35,0,0,"{""0"": 24}",24,あ→ぬ -> ぬ→る -> る→る -> る→る -> る→る -> る→ぽ -> ぽ→る -> る→ぷ -> ぷ→る -> る→び -> び→る -> る→む -> む→る -> る→げ -> げ→る -> る→ゆ -> ゆ→る -> る→ゆ -> ゆ→る -> る→つ -> つ→る -> る→な -> な→る -> る→う -> う→る -> る→う -> う→る -> る→う -> う→る -> る→く -> く→る -> る→り -> り→る -> る→す -> す→る -> る→す -> す→る -> る→す -> す→る -> る→す -> す→る -> る→す -> す→る -> る→す -> す→る -> る→と -> と→る -> る→と -> と→る -> る→ふ -> ふ→る -> る→あ -> あ→る -> る→い -> い→る -> る→い -> い→る -> る→い -> い→る -> る→い -> い→る -> る→い -> い→る -> る→き -> き→る
beam_negamax vs greedy,beam_negamax,greedy,D20000_seed0_beam_negamax_vs_greedy_0,20000,0,first,ended_with_n,66,second,greedy,る,4302,63,18,1,0,,,る,じ,じ,0.000892,False,-13097.741538461538,,,,,,,,,,,,,,2,あ→ぬ -> ぬ→る -> る→る -> る→る -> る→る -> る→ぽ -> ぽ→る -> る→ぷ -> ぷ→る -> る→び -> び→る -> る→む -> む→る -> る→げ -> げ→る -> る→ゆ -> ゆ→る -> る→ゆ -> ゆ→る -> る→つ -> つ→る -> る→な -> な→る -> る→う -> う→る -> る→う -> う→る -> る→う -> う→る -> る→く -> く→る -> る→り -> り→る -> る→す -> す→る -> る→す -> す→る -> る→す -> す→る -> る→す -> す→る -> る→す -> す→る -> る→す -> す→る -> る→と -> と→る -> る→と -> と→る -> る→ふ -> ふ→る -> る→あ -> あ→る -> る→い -> い→る -> る→い -> い→る -> る→い -> い→る -> る→い -> い→る -> る→い -> い→る -> る→き -> き→る -> る→じ
beam_negamax vs greedy,beam_negamax,greedy,D20000_seed0_beam_negamax_vs_greedy_0,20000,0,first,ended_with_n,67,first,beam_negamax,じ,1287,18,63,7,6,,,じ,る,る,0.652267,False,999999.0,1,1,True,0,24,24,24,0,0,31,0,0,"{""0"": 24}",24,あ→ぬ -> ぬ→る -> る→る -> る→る -> る→る -> る→ぽ -> ぽ→る -> る→ぷ -> ぷ→る -> る→び -> び→る -> る→む -> む→る -> る→げ -> げ→る -> る→ゆ -> ゆ→る -> る→ゆ -> ゆ→る -> る→つ -> つ→る -> る→な -> な→る -> る→う -> う→る -> る→う -> う→る -> る→う -> う→る -> る→く -> く→る -> る→り -> り→る -> る→す -> す→る -> る→す -> す→る -> る→す -> す→る -> る→す -> す→る -> る→す -> す→る -> る→す -> す→る -> る→と -> と→る -> る→と -> と→る -> る→ふ -> ふ→る -> る→あ -> あ→る -> る→い -> い→る -> る→い -> い→る -> る→い -> い→る -> る→い -> い→る -> る→い -> い→る -> る→き -> き→る -> る→じ -> じ→る
beam_negamax vs greedy,beam_negamax,greedy,D20000_seed0_beam_negamax_vs_greedy_0,20000,0,first,ended_with_n,68,second,greedy,る,4351,63,67,7,6,,,る,ん,,5e-06,False,-1000000.0,,,,,,,,,,,,,,1,あ→ぬ -> ぬ→る -> る→る -> る→る -> る→る -> る→ぽ -> ぽ→る -> る→ぷ -> ぷ→る -> る→び -> び→る -> る→む -> む→る -> る→げ -> げ→る -> る→ゆ -> ゆ→る -> る→ゆ -> ゆ→る -> る→つ -> つ→る -> る→な -> な→る -> る→う -> う→る -> る→う -> う→る -> る→う -> う→る -> る→く -> く→る -> る→り -> り→る -> る→す -> す→る -> る→す -> す→る -> る→す -> す→る -> る→す -> す→る -> る→す -> す→る -> る→す -> す→る -> る→と -> と→る -> る→と -> と→る -> る→ふ -> ふ→る -> る→あ -> あ→る -> る→い -> い→る -> る→い -> い→る -> る→い -> い→る -> る→い -> い→る -> る→い -> い→る -> る→き -> き→る -> る→じ -> じ→る -> る→ん
beam_negamax vs alpha_beta,beam_negamax,alpha_beta,D20000_seed0_beam_negamax_vs_alpha_beta_0,20000,0,first,ended_with_n,1,first,beam_negamax,ANY,35,0,35,1,0,,,あ,ぬ,ぬ,1.00017,True,-508.2713636363636,5,4,True,0,0,0,0,0,0,586,0,0,"{""0"": 24}",0,あ→ぬ
beam_negamax vs alpha_beta,beam_negamax,alpha_beta,D20000_seed0_beam_negamax_vs_alpha_beta_0,20000,0,first,ended_with_n,2,second,alpha_beta,ぬ,2443,35,63,4,3,,,ぬ,る,る,1.000015,True,-834.8322058823529,4,3,True,0,34,30,0,0,0,0,0,0,{},0,あ→ぬ -> ぬ→る
beam_negamax vs alpha_beta,beam_negamax,alpha_beta,D20000_seed0_beam_negamax_vs_alpha_beta_0,20000,0,first,ended_with_n,3,first,beam_negamax,る,4347,63,63,3,2,,,る,る,る,1.000017,True,-814.4372727272727,4,3,True,0,53,40,0,0,0,272,0,0,"{""0"": 24, ""1"": 12, ""2"": 6, ""3"": 4}",0,あ→ぬ -> ぬ→る -> る→る
beam_negamax vs alpha_beta,beam_negamax,alpha_beta,D20000_seed0_beam_negamax_vs_alpha_beta_0,20000,0,first,ended_with_n,4,second,alpha_beta,る,4347,63,63,2,1,,,る,る,る,1.000014,True,-796.084375,3,2,True,11,35,31,0,1,11,0,0,0,{},0,あ→ぬ -> ぬ→る -> る→る -> る→る
beam_negamax vs alpha_beta,beam_negamax,alpha_beta,D20000_seed0_beam_negamax_vs_alpha_beta_0,20000,0,first,ended_with_n,5,first,beam_negamax,る,4347,63,63,1,0,,,る,る,る,1.000015,True,-751.1374193548387,3,2,True,0,46,38,0,0,0,217,0,0,"{""0"": 24, ""1"": 12, ""2"": 6}",0,あ→ぬ -> ぬ→る -> る→る -> る→る -> る→る
beam_negamax vs alpha_beta,beam_negamax,alpha_beta,D20000_seed0_beam_negamax_vs_alpha_beta_0,20000,0,first,ended_with_n,6,second,alpha_beta,る,4336,63,52,1,0,,,る,ぽ,ぽ,1.000016,True,-1931.7662195121952,2,1,True,0,34,32,1,0,0,0,0,0,{},1,あ→ぬ -> ぬ→る -> る→る -> る→る -> る→る -> る→ぽ
beam_negamax vs alpha_beta,beam_negamax,alpha_beta,D20000_seed0_beam_negamax_vs_alpha_beta_0,20000,0,first,ended_with_n,7,first,beam_negamax,ぽ,3599,52,63,6,5,,,ぽ,る,る,1.000011,True,-664.4129310344828,2,1,True,0,34,31,2,0,0,24,0,0,"{""0"": 24, ""1"": 12}",2,あ→ぬ -> ぬ→る -> る→る -> る→る -> る→る -> る→ぽ -> ぽ→る
beam_negamax vs alpha_beta,beam_negamax,alpha_beta,D20000_seed0_beam_negamax_vs_alpha_beta_0,20000,0,first,ended_with_n,8,second,alpha_beta,る,4315,63,31,2,1,,,る,と,と,0.626294,False,664.4129310344828,1,1,True,0,17,17,18,0,0,0,0,0,{},18,あ→ぬ -> ぬ→る -> る→る -> る→る -> る→る -> る→ぽ -> ぽ→る -> る→と
beam_negamax vs alpha_beta,beam_negamax,alpha_beta,D20000_seed0_beam_negamax_vs_alpha_beta_0,20000,0,first,ended_with_n,9,first,beam_negamax,と,2171,31,63,10,9,,,と,る,る,0.695904,False,1931.7881707317074,1,1,True,0,24,24,24,0,0,30,0,0,"{""0"": 24}",24,あ→ぬ -> ぬ→る -> る→る -> る→る -> る→る -> る→ぽ -> ぽ→る -> る→と -> と→る
beam_negamax vs alpha_beta,beam_negamax,alpha_beta,D20000_seed0_beam_negamax_vs_alpha_beta_0,20000,0,first,ended_with_n,10,second,alpha_beta,る,4315,63,31,1,0,,,る,と,と,0.626917,False,634.5457142857143,1,1,True,0,17,17,18,0,0,0,0,0,{},18,あ→ぬ -> ぬ→る -> る→る -> る→る -> る→る -> る→ぽ -> ぽ→る -> る→と -> と→る -> る→と
beam_negamax vs alpha_beta,beam_negamax,alpha_beta,D20000_seed0_beam_negamax_vs_alpha_beta_0,20000,0,first,ended_with_n,11,first,beam_negamax,と,2171,31,63,9,8,,,と,る,る,0.696395,False,1931.837012195122,1,1,True,0,24,24,24,0,0,30,0,0,"{""0"": 24}",24,あ→ぬ -> ぬ→る -> る→る -> る→る -> る→る -> る→ぽ -> ぽ→る -> る→と -> と→る -> る→と -> と→る
beam_negamax vs alpha_beta,beam_negamax,alpha_beta,D20000_seed0_beam_negamax_vs_alpha_beta_0,20000,0,first,ended_with_n,12,second,alpha_beta,る,4303,63,19,6,5,,,る,す,す,0.583699,False,614.645,1,2,True,0,16,16,17,0,0,0,0,0,{},17,あ→ぬ -> ぬ→る -> る→る -> る→る -> る→る -> る→ぽ -> ぽ→る -> る→と -> と→る -> る→と -> と→る -> る→す
beam_negamax vs alpha_beta,beam_negamax,alpha_beta,D20000_seed0_beam_negamax_vs_alpha_beta_0,20000,0,first,ended_with_n,13,first,beam_negamax,す,1355,19,63,21,20,,,す,る,る,0.682008,False,1931.8545731707318,1,2,True,0,24,24,24,0,0,28,0,0,"{""0"": 24}",24,あ→ぬ -> ぬ→る -> る→る -> る→る -> る→る -> る→ぽ -> ぽ→る -> る→と -> と→る -> る→と -> と→る -> る→す -> す→る
beam_negamax vs alpha_beta,beam_negamax,alpha_beta,D20000_seed0_beam_negamax_vs_alpha_beta_0,20000,0,first,ended_with_n,14,second,alpha_beta,る,4330,63,46,1,0,,,る,ぷ,ぷ,1.000009,True,-2481.704090909091,2,1,True,0,32,30,1,0,0,0,0,0,{},1,あ→ぬ -> ぬ→る -> る→る -> る→る -> る→る -> る→ぽ -> ぽ→る -> る→と -> と→る -> る→と -> と→る -> る→す -> す→る -> る→ぷ
beam_negamax vs alpha_beta,beam_negamax,alpha_beta,D20000_seed0_beam_negamax_vs_alpha_beta_0,20000,0,first,ended_with_n,15,first,beam_negamax,ぷ,3191,46,63,7,6,,,ぷ,る,る,1.000009,True,-534.4462,2,1,True,0,32,29,2,0,0,18,0,0,"{""0"": 24, ""1"": 12}",2,あ→ぬ -> ぬ→る -> る→る -> る→る -> る→る -> る→ぽ -> ぽ→る -> る→と -> と→る -> る→と -> と→る -> る→す -> す→る -> る→ぷ -> ぷ→る
beam_negamax vs alpha_beta,beam_negamax,alpha_beta,D20000_seed0_beam_negamax_vs_alpha_beta_0,20000,0,first,ended_with_n,16,second,alpha_beta,る,4303,63,19,5,4,,,る,す,す,0.561813,False,534.4462,1,1,True,0,15,15,16,0,0,0,0,0,{},16,あ→ぬ -> ぬ→る -> る→る -> る→る -> る→る -> る→ぽ -> ぽ→る -> る→と -> と→る -> る→と -> と→る -> る→す -> す→る -> る→ぷ -> ぷ→る -> る→す
beam_negamax vs alpha_beta,beam_negamax,alpha_beta,D20000_seed0_beam_negamax_vs_alpha_beta_0,20000,0,first,ended_with_n,17,first,beam_negamax,す,1355,19,63,20,19,,,す,る,る,0.677862,False,2481.7104545454545,1,1,True,0,24,24,24,0,0,28,0,0,"{""0"": 24}",24,あ→ぬ -> ぬ→る -> る→る -> る→る -> る→る -> る→ぽ -> ぽ→る -> る→と -> と→る -> る→と -> と→る -> る→す -> す→る -> る→ぷ -> ぷ→る -> る→す -> す→る
beam_negamax vs alpha_beta,beam_negamax,alpha_beta,D20000_seed0_beam_negamax_vs_alpha_beta_0,20000,0,first,ended_with_n,18,second,alpha_beta,る,4303,63,19,4,3,,,る,す,す,0.56369,False,514.50125,1,1,True,0,15,15,16,0,0,0,0,0,{},16,あ→ぬ -> ぬ→る -> る→る -> る→る -> る→る -> る→ぽ -> ぽ→る -> る→と -> と→る -> る→と -> と→る -> る→す -> す→る -> る→ぷ -> ぷ→る -> る→す -> す→る -> る→す
beam_negamax vs alpha_beta,beam_negamax,alpha_beta,D20000_seed0_beam_negamax_vs_alpha_beta_0,20000,0,first,ended_with_n,19,first,beam_negamax,す,1355,19,63,19,18,,,す,る,る,0.677861,False,2481.7168181818183,1,1,True,0,24,24,24,0,0,28,0,0,"{""0"": 24}",24,あ→ぬ -> ぬ→る -> る→る -> る→る -> る→る -> る→ぽ -> ぽ→る -> る→と -> と→る -> る→と -> と→る -> る→す -> す→る -> る→ぷ -> ぷ→る -> る→す -> す→る -> る→す -> す→る
beam_negamax vs alpha_beta,beam_negamax,alpha_beta,D20000_seed0_beam_negamax_vs_alpha_beta_0,20000,0,first,ended_with_n,20,second,alpha_beta,る,4285,63,1,5,4,,,る,い,い,0.566808,False,495.2145652173913,1,2,True,0,15,15,16,0,0,0,0,0,{},16,あ→ぬ -> ぬ→る -> る→る -> る→る -> る→る -> る→ぽ -> ぽ→る -> る→と -> と→る -> る→と -> と→る -> る→す -> す→る -> る→ぷ -> ぷ→る -> る→す -> す→る -> る→す -> す→る -> る→い
beam_negamax vs alpha_beta,beam_negamax,alpha_beta,D20000_seed0_beam_negamax_vs_alpha_beta_0,20000,0,first,ended_with_n,21,first,beam_negamax,い,131,1,63,7,6,,,い,る,る,0.607495,False,2481.7277272727274,1,2,True,0,24,24,24,0,0,38,0,0,"{""0"": 24}",24,あ→ぬ -> ぬ→る -> る→る -> る→る -> る→る -> る→ぽ -> ぽ→る -> る→と -> と→る -> る→と -> と→る -> る→す -> す→る -> る→ぷ -> ぷ→る -> る→す -> す→る -> る→す -> す→る -> る→い -> い→る
beam_negamax vs alpha_beta,beam_negamax,alpha_beta,D20000_seed0_beam_negamax_vs_alpha_beta_0,20000,0,first,ended_with_n,22,second,alpha_beta,る,4326,63,42,1,0,,,る,び,び,1.000012,True,-2481.7277272727274,2,1,True,0,31,30,0,0,0,0,0,0,{},0,あ→ぬ -> ぬ→る -> る→る -> る→る -> る→る -> る→ぽ -> ぽ→る -> る→と -> と→る -> る→と -> と→る -> る→す -> す→る -> る→ぷ -> ぷ→る -> る→す -> す→る -> る→す -> す→る -> る→い -> い→る -> る→び
beam_negamax vs alpha_beta,beam_negamax,alpha_beta,D20000_seed0_beam_negamax_vs_alpha_beta_0,20000,0,first,ended_with_n,23,first,beam_negamax,び,2919,42,63,5,4,,,び,る,る,1.000012,True,-421.08142857142855,2,1,True,0,31,28,2,0,0,26,0,0,"{""0"": 24, ""1"": 12}",2,あ→ぬ -> ぬ→る -> る→る -> る→る -> る→る -> る→ぽ -> ぽ→る -> る→と -> と→る -> る→と -> と→る -> る→す -> す→る -> る→ぷ -> ぷ→る -> る→す -> す→る -> る→す -> す→る -> る→い -> い→る -> る→び -> び→る
beam_negamax vs alpha_beta,beam_negamax,alpha_beta,D20000_seed0_beam_negamax_vs_alpha_beta_0,20000,0,first,ended_with_n,24,second,alpha_beta,る,4285,63,1,4,3,,,る,い,い,0.538459,False,421.08142857142855,1,1,True,0,14,14,15,0,0,0,0,0,{},15,あ→ぬ -> ぬ→る -> る→る -> る→る -> る→る -> る→ぽ -> ぽ→る -> る→と -> と→る -> る→と -> と→る -> る→す -> す→る -> る→ぷ -> ぷ→る -> る→す -> す→る -> る→す -> す→る -> る→い -> い→る -> る→び -> び→る -> る→い
beam_negamax vs alpha_beta,beam_negamax,alpha_beta,D20000_seed0_beam_negamax_vs_alpha_beta_0,20000,0,first,ended_with_n,25,first,beam_negamax,い,131,1,63,6,5,,,い,る,る,0.605163,False,3118.2523046875,1,1,True,0,24,24,24,0,0,38,0,0,"{""0"": 24}",24,あ→ぬ -> ぬ→る -> る→る -> る→る -> る→る -> る→ぽ -> ぽ→る -> る→と -> と→る -> る→と -> と→る -> る→す -> す→る -> る→ぷ -> ぷ→る -> る→す -> す→る -> る→す -> す→る -> る→い -> い→る -> る→び -> び→る -> る→い -> い→る
beam_negamax vs alpha_beta,beam_negamax,alpha_beta,D20000_seed0_beam_negamax_vs_alpha_beta_0,20000,0,first,ended_with_n,26,second,alpha_beta,る,4285,63,1,3,2,,,る,い,い,0.536988,False,401.89775000000003,1,1,True,0,14,14,15,0,0,0,0,0,{},15,あ→ぬ -> ぬ→る -> る→る -> る→る -> る→る -> る→ぽ -> ぽ→る -> る→と -> と→る -> る→と -> と→る -> る→す -> す→る -> る→ぷ -> ぷ→る -> る→す -> す→る -> る→す -> す→る -> る→い -> い→る -> る→び -> び→る -> る→い -> い→る -> る→い
beam_negamax vs alpha_beta,beam_negamax,alpha_beta,D20000_seed0_beam_negamax_vs_alpha_beta_0,20000,0,first,ended_with_n,27,first,beam_negamax,い,131,1,63,5,4,,,い,る,る,0.599752,False,3118.8656640625,1,1,True,0,24,24,24,0,0,38,0,0,"{""0"": 24}",24,あ→ぬ -> ぬ→る -> る→る -> る→る -> る→る -> る→ぽ -> ぽ→る -> る→と -> と→る -> る→と -> と→る -> る→す -> す→る -> る→ぷ -> ぷ→る -> る→す -> す→る -> る→す -> す→る -> る→い -> い→る -> る→び -> び→る -> る→い -> い→る -> る→い -> い→る
beam_negamax vs alpha_beta,beam_negamax,alpha_beta,D20000_seed0_beam_negamax_vs_alpha_beta_0,20000,0,first,ended_with_n,28,second,alpha_beta,る,4285,63,1,2,1,,,る,い,い,0.537821,False,382.7905263157895,1,2,True,0,14,14,15,0,0,0,0,0,{},15,あ→ぬ -> ぬ→る -> る→る -> る→る -> る→る -> る→ぽ -> ぽ→る -> る→と -> と→る -> る→と -> と→る -> る→す -> す→る -> る→ぷ -> ぷ→る -> る→す -> す→る -> る→す -> す→る -> る→い -> い→る -> る→び -> び→る -> る→い -> い→る -> る→い -> い→る -> る→い
beam_negamax vs alpha_beta,beam_negamax,alpha_beta,D20000_seed0_beam_negamax_vs_alpha_beta_0,20000,0,first,ended_with_n,29,first,beam_negamax,い,131,1,63,4,3,,,い,る,る,0.604513,False,3119.4790234375,1,2,True,0,24,24,24,0,0,38,0,0,"{""0"": 24}",24,あ→ぬ -> ぬ→る -> る→る -> る→る -> る→る -> る→ぽ -> ぽ→る -> る→と -> と→る -> る→と -> と→る -> る→す -> す→る -> る→ぷ -> ぷ→る -> る→す -> す→る -> る→す -> す→る -> る→い -> い→る -> る→び -> び→る -> る→い -> い→る -> る→い -> い→る -> る→い -> い→る
beam_negamax vs alpha_beta,beam_negamax,alpha_beta,D20000_seed0_beam_negamax_vs_alpha_beta_0,20000,0,first,ended_with_n,30,second,alpha_beta,る,4339,63,55,1,0,,,る,む,む,1.000018,True,-3119.4790234375,2,1,True,0,32,31,0,0,0,0,0,0,{},0,あ→ぬ -> ぬ→る -> る→る -> る→る -> る→る -> る→ぽ -> ぽ→る -> る→と -> と→る -> る→と -> と→る -> る→す -> す→る -> る→ぷ -> ぷ→る -> る→す -> す→る -> る→す -> す→る -> る→い -> い→る -> る→び -> び→る -> る→い -> い→る -> る→い -> い→る -> る→い -> い→る -> る→む
beam_negamax vs alpha_beta,beam_negamax,alpha_beta,D20000_seed0_beam_negamax_vs_alpha_beta_0,20000,0,first,ended_with_n,31,first,beam_negamax,む,3803,55,63,1,0,,,む,る,る,1.000014,True,-326.9305882352942,2,1,True,0,31,28,2,0,0,43,0,0,"{""0"": 24, ""1"": 12}",2,あ→ぬ -> ぬ→る -> る→る -> る→る -> る→る -> る→ぽ -> ぽ→る -> る→と -> と→る -> る→と -> と→る -> る→す -> す→る -> る→ぷ -> ぷ→る -> る→す -> す→る -> る→す -> す→る -> る→い -> い→る -> る→び -> び→る -> る→い -> い→る -> る→い -> い→る -> る→い -> い→る -> る→む -> む→る
beam_negamax vs alpha_beta,beam_negamax,alpha_beta,D20000_seed0_beam_negamax_vs_alpha_beta_0,20000,0,first,ended_with_n,32,second,alpha_beta,る,4303,63,19,3,2,,,る,す,す,0.505556,False,326.9305882352942,1,1,True,0,13,13,14,0,0,0,0,0,{},14,あ→ぬ -> ぬ→る -> る→る -> る→る -> る→る -> る→ぽ -> ぽ→る -> る→と -> と→る -> る→と -> と→る -> る→す -> す→る -> る→ぷ -> ぷ→る -> る→す -> す→る -> る→す -> す→る -> る→い -> い→る -> る→び -> び→る -> る→い -> い→る -> る→い -> い→る -> る→い -> い→る -> る→む -> む→る -> る→す
beam_negamax vs alpha_beta,beam_negamax,alpha_beta,D20000_seed0_beam_negamax_vs_alpha_beta_0,20000,0,first,ended_with_n,33,first,beam_negamax,す,1355,19,63,18,17,,,す,る,る,0.679675,False,3796.3046815286625,1,1,True,0,24,24,24,0,0,28,0,0,"{""0"": 24}",24,あ→ぬ -> ぬ→る -> る→る -> る→る -> る→る -> る→ぽ -> ぽ→る -> る→と -> と→る -> る→と -> と→る -> る→す -> す→る -> る→ぷ -> ぷ→る -> る→す -> す→る -> る→す -> す→る -> る→い -> い→る -> る→び -> び→る -> る→い -> い→る -> る→い -> い→る -> る→い -> い→る -> る→む -> む→る -> る→す -> す→る
beam_negamax vs alpha_beta,beam_negamax,alpha_beta,D20000_seed0_beam_negamax_vs_alpha_beta_0,20000,0,first,ended_with_n,34,second,alpha_beta,る,4303,63,19,2,1,,,る,す,す,0.502999,False,307.05218750000006,1,1,True,0,13,13,14,0,0,0,0,0,{},14,あ→ぬ -> ぬ→る -> る→る -> る→る -> る→る -> る→ぽ -> ぽ→る -> る→と -> と→る -> る→と -> と→る -> る→す -> す→る -> る→ぷ -> ぷ→る -> る→す -> す→る -> る→す -> す→る -> る→い -> い→る -> る→び -> び→る -> る→い -> い→る -> る→い -> い→る -> る→い -> い→る -> る→む -> む→る -> る→す -> す→る -> る→す
beam_negamax vs alpha_beta,beam_negamax,alpha_beta,D20000_seed0_beam_negamax_vs_alpha_beta_0,20000,0,first,ended_with_n,35,first,beam_negamax,す,1355,19,63,17,16,,,す,る,る,0.676155,False,3796.9058280254776,1,1,True,0,24,24,24,0,0,28,0,0,"{""0"": 24}",24,あ→ぬ -> ぬ→る -> る→る -> る→る -> る→る -> る→ぽ -> ぽ→る -> る→と -> と→る -> る→と -> と→る -> る→す -> す→る -> る→ぷ -> ぷ→る -> る→す -> す→る -> る→す -> す→る -> る→い -> い→る -> る→び -> び→る -> る→い -> い→る -> る→い -> い→る -> る→い -> い→る -> る→む -> む→る -> る→す -> す→る -> る→す -> す→る
beam_negamax vs alpha_beta,beam_negamax,alpha_beta,D20000_seed0_beam_negamax_vs_alpha_beta_0,20000,0,first,ended_with_n,36,second,alpha_beta,る,4286,63,2,3,2,,,る,う,う,0.502089,False,286.74,1,2,True,0,13,13,14,0,0,0,0,0,{},14,あ→ぬ -> ぬ→る -> る→る -> る→る -> る→る -> る→ぽ -> ぽ→る -> る→と -> と→る -> る→と -> と→る -> る→す -> す→る -> る→ぷ -> ぷ→る -> る→す -> す→る -> る→す -> す→る -> る→い -> い→る -> る→び -> び→る -> る→い -> い→る -> る→い -> い→る -> る→い -> い→る -> る→む -> む→る -> る→す -> す→る -> る→す -> す→る -> る→う
beam_negamax vs alpha_beta,beam_negamax,alpha_beta,D20000_seed0_beam_negamax_vs_alpha_beta_0,20000,0,first,ended_with_n,37,first,beam_negamax,う,199,2,63,3,2,,,う,る,る,0.684146,False,3797.5253184713374,1,2,True,0,24,24,24,0,0,32,0,0,"{""0"": 24}",24,あ→ぬ -> ぬ→る -> る→る -> る→る -> る→る -> る→ぽ -> ぽ→る -> る→と -> と→る -> る→と -> と→る -> る→す -> す→る -> る→ぷ -> ぷ→る -> る→す -> す→る -> る→す -> す→る -> る→い -> い→る -> る→び -> び→る -> る→い -> い→る -> る→い -> い→る -> る→い -> い→る -> る→む -> む→る -> る→す -> す→る -> る→す -> す→る -> る→う -> う→る
beam_negamax vs alpha_beta,beam_negamax,alpha_beta,D20000_seed0_beam_negamax_vs_alpha_beta_0,20000,0,first,ended_with_n,38,second,alpha_beta,る,4296,63,12,1,0,,,る,げ,げ,1.000012,True,-3797.5253184713374,2,1,True,0,31,30,0,0,0,0,0,0,{},0,あ→ぬ -> ぬ→る -> る→る -> る→る -> る→る -> る→ぽ -> ぽ→る -> る→と -> と→る -> る→と -> と→る -> る→す -> す→る -> る→ぷ -> ぷ→る -> る→す -> す→る -> る→す -> す→る -> る→い -> い→る -> る→び -> び→る -> る→い -> い→る -> る→い -> い→る -> る→い -> い→る -> る→む -> む→る -> る→す -> す→る -> る→す -> す→る -> る→う -> う→る -> る→げ
beam_negamax vs alpha_beta,beam_negamax,alpha_beta,D20000_seed0_beam_negamax_vs_alpha_beta_0,20000,0,first,ended_with_n,39,first,beam_negamax,げ,879,12,63,2,1,,,げ,る,る,1.000009,True,-206.77,2,1,True,0,35,32,2,0,0,36,0,0,"{""0"": 24, ""1"": 12}",2,あ→ぬ -> ぬ→る -> る→る -> る→る -> る→る -> る→ぽ -> ぽ→る -> る→と -> と→る -> る→と -> と→る -> る→す -> す→る -> る→ぷ -> ぷ→る -> る→す -> す→る -> る→す -> す→る -> る→い -> い→る -> る→び -> び→る -> る→い -> い→る -> る→い -> い→る -> る→い -> い→る -> る→む -> む→る -> る→す -> す→る -> る→す -> す→る -> る→う -> う→る -> る→げ -> げ→る
beam_negamax vs alpha_beta,beam_negamax,alpha_beta,D20000_seed0_beam_negamax_vs_alpha_beta_0,20000,0,first,ended_with_n,40,second,alpha_beta,る,4286,63,2,2,1,,,る,う,う,0.476391,False,206.77,1,1,True,0,12,12,13,0,0,0,0,0,{},13,あ→ぬ -> ぬ→る -> る→る -> る→る -> る→る -> る→ぽ -> ぽ→る -> る→と -> と→る -> る→と -> と→る -> る→す -> す→る -> る→ぷ -> ぷ→る -> る→す -> す→る -> る→す -> す→る -> る→い -> い→る -> る→び -> び→る -> る→い -> い→る -> る→い -> い→る -> る→い -> い→る -> る→む -> む→る -> る→す -> す→る -> る→す -> す→る -> る→う -> う→る -> る→げ -> げ→る -> る→う
beam_negamax vs alpha_beta,beam_negamax,alpha_beta,D20000_seed0_beam_negamax_vs_alpha_beta_0,20000,0,first,ended_with_n,41,first,beam_negamax,う,199,2,63,2,1,,,う,る,る,0.680683,False,3981.562354651163,1,1,True,0,24,24,24,0,0,32,0,0,"{""0"": 24}",24,あ→ぬ -> ぬ→る -> る→る -> る→る -> る→る -> る→ぽ -> ぽ→る -> る→と -> と→る -> る→と -> と→る -> る→す -> す→る -> る→ぷ -> ぷ→る -> る→す -> す→る -> る→す -> す→る -> る→い -> い→る -> る→び -> び→る -> る→い -> い→る -> る→い -> い→る -> る→い -> い→る -> る→む -> む→る -> る→す -> す→る -> る→す -> す→る -> る→う -> う→る -> る→げ -> げ→る -> る→う -> う→る
beam_negamax vs alpha_beta,beam_negamax,alpha_beta,D20000_seed0_beam_negamax_vs_alpha_beta_0,20000,0,first,ended_with_n,42,second,alpha_beta,る,4343,63,59,2,1,,,る,ゆ,ゆ,0.479112,False,185.7425,1,1,True,0,12,12,13,0,0,0,0,0,{},13,あ→ぬ -> ぬ→る -> る→る -> る→る -> る→る -> る→ぽ -> ぽ→る -> る→と -> と→る -> る→と -> と→る -> る→す -> す→る -> る→ぷ -> ぷ→る -> る→す -> す→る -> る→す -> す→る -> る→い -> い→る -> る→び -> び→る -> る→い -> い→る -> る→い -> い→る -> る→い -> い→る -> る→む -> む→る -> る→す -> す→る -> る→す -> す→る -> る→う -> う→る -> る→げ -> げ→る -> る→う -> う→る -> る→ゆ
beam_negamax vs alpha_beta,beam_negamax,alpha_beta,D20000_seed0_beam_negamax_vs_alpha_beta_0,20000,0,first,ended_with_n,43,first,beam_negamax,ゆ,4075,59,63,3,2,,,ゆ,る,る,0.735927,False,3964.029736842105,1,1,True,0,24,24,24,0,0,19,0,0,"{""0"": 24}",24,あ→ぬ -> ぬ→る -> る→る -> る→る -> る→る -> る→ぽ -> ぽ→る -> る→と -> と→る -> る→と -> と→る -> る→す -> す→る -> る→ぷ -> ぷ→る -> る→す -> す→る -> る→す -> す→る -> る→い -> い→る -> る→び -> び→る -> る→い -> い→る -> る→い -> い→る -> る→い -> い→る -> る→む -> む→る -> る→す -> す→る -> る→す -> す→る -> る→う -> う→る -> る→げ -> げ→る -> る→う -> う→る -> る→ゆ -> ゆ→る
beam_negamax vs alpha_beta,beam_negamax,alpha_beta,D20000_seed0_beam_negamax_vs_alpha_beta_0,20000,0,first,ended_with_n,44,second,alpha_beta,る,4291,63,7,1,0,,,る,き,き,0.478254,False,157.60727272727274,1,2,True,0,12,12,13,0,0,0,0,0,{},13,あ→ぬ -> ぬ→る -> る→る -> る→る -> る→る -> る→ぽ -> ぽ→る -> る→と -> と→る -> る→と -> と→る -> る→す -> す→る -> る→ぷ -> ぷ→る -> る→す -> す→る -> る→す -> す→る -> る→い -> い→る -> る→び -> び→る -> る→い -> い→る -> る→い -> い→る -> る→い -> い→る -> る→む -> む→る -> る→す -> す→る -> る→す -> す→る -> る→う -> う→る -> る→げ -> げ→る -> る→う -> う→る -> る→ゆ -> ゆ→る -> る→き
beam_negamax vs alpha_beta,beam_negamax,alpha_beta,D20000_seed0_beam_negamax_vs_alpha_beta_0,20000,0,first,ended_with_n,45,first,beam_negamax,き,539,7,63,12,11,,,き,る,る,0.634488,False,3966.740263157895,1,2,True,0,24,24,24,0,0,35,0,0,"{""0"": 24}",24,あ→ぬ -> ぬ→る -> る→る -> る→る -> る→る -> る→ぽ -> ぽ→る -> る→と -> と→る -> る→と -> と→る -> る→す -> す→る -> る→ぷ -> ぷ→る -> る→す -> す→る -> る→す -> す→る -> る→い -> い→る -> る→び -> び→る -> る→い -> い→る -> る→い -> い→る -> る→い -> い→る -> る→む -> む→る -> る→す -> す→る -> る→す -> す→る -> る→う -> う→る -> る→げ -> げ→る -> る→う -> う→る -> る→ゆ -> ゆ→る -> る→き -> き→る
beam_negamax vs alpha_beta,beam_negamax,alpha_beta,D20000_seed0_beam_negamax_vs_alpha_beta_0,20000,0,first,ended_with_n,46,second,alpha_beta,る,4343,63,59,1,0,,,る,ゆ,ゆ,1.000012,True,-3966.740263157895,2,1,True,0,32,31,0,0,0,0,0,0,{},0,あ→ぬ -> ぬ→る -> る→る -> る→る -> る→る -> る→ぽ -> ぽ→る -> る→と -> と→る -> る→と -> と→る -> る→す -> す→る -> る→ぷ -> ぷ→る -> る→す -> す→る -> る→す -> す→る -> る→い -> い→る -> る→び -> び→る -> る→い -> い→る -> る→い -> い→る -> る→い -> い→る -> る→む -> む→る -> る→す -> す→る -> る→す -> す→る -> る→う -> う→る -> る→げ -> げ→る -> る→う -> う→る -> る→ゆ -> ゆ→る -> る→き -> き→る -> る→ゆ
beam_negamax vs alpha_beta,beam_negamax,alpha_beta,D20000_seed0_beam_negamax_vs_alpha_beta_0,20000,0,first,ended_with_n,47,first,beam_negamax,ゆ,4075,59,63,2,1,,,ゆ,る,る,1.000008,True,-76.84000000000003,2,1,True,0,32,29,2,0,0,41,0,0,"{""0"": 24, ""1"": 12}",2,あ→ぬ -> ぬ→る -> る→る -> る→る -> る→る -> る→ぽ -> ぽ→る -> る→と -> と→る -> る→と -> と→る -> る→す -> す→る -> る→ぷ -> ぷ→る -> る→す -> す→る -> る→す -> す→る -> る→い -> い→る -> る→び -> び→る -> る→い -> い→る -> る→い -> い→る -> る→い -> い→る -> る→む -> む→る -> る→す -> す→る -> る→す -> す→る -> る→う -> う→る -> る→げ -> げ→る -> る→う -> う→る -> る→ゆ -> ゆ→る -> る→き -> き→る -> る→ゆ -> ゆ→る
beam_negamax vs alpha_beta,beam_negamax,alpha_beta,D20000_seed0_beam_negamax_vs_alpha_beta_0,20000,0,first,ended_with_n,48,second,alpha_beta,る,4302,63,18,1,0,,,る,じ,じ,0.399622,False,76.84000000000003,1,1,True,0,10,10,11,0,0,0,0,0,{},11,あ→ぬ -> ぬ→る -> る→る -> る→る -> る→る -> る→ぽ -> ぽ→る -> る→と -> と→る -> る→と -> と→る -> る→す -> す→る -> る→ぷ -> ぷ→る -> る→す -> す→る -> る→す -> す→る -> る→い -> い→る -> る→び -> び→る -> る→い -> い→る -> る→い -> い→る -> る→い -> い→る -> る→む -> む→る -> る→す -> す→る -> る→す -> す→る -> る→う -> う→る -> る→げ -> げ→る -> る→う -> う→る -> る→ゆ -> ゆ→る -> る→き -> き→る -> る→ゆ -> ゆ→る -> る→じ
beam_negamax vs alpha_beta,beam_negamax,alpha_beta,D20000_seed0_beam_negamax_vs_alpha_beta_0,20000,0,first,ended_with_n,49,first,beam_negamax,じ,1287,18,63,7,6,,,じ,る,る,0.673961,False,4206.3384324324325,1,1,True,0,24,24,24,0,0,31,0,0,"{""0"": 24}",24,あ→ぬ -> ぬ→る -> る→る -> る→る -> る→る -> る→ぽ -> ぽ→る -> る→と -> と→る -> る→と -> と→る -> る→す -> す→る -> る→ぷ -> ぷ→る -> る→す -> す→る -> る→す -> す→る -> る→い -> い→る -> る→び -> び→る -> る→い -> い→る -> る→い -> い→る -> る→い -> い→る -> る→む -> む→る -> る→す -> す→る -> る→す -> す→る -> る→う -> う→る -> る→げ -> げ→る -> る→う -> う→る -> る→ゆ -> ゆ→る -> る→き -> き→る -> る→ゆ -> ゆ→る -> る→じ -> じ→る
beam_negamax vs alpha_beta,beam_negamax,alpha_beta,D20000_seed0_beam_negamax_vs_alpha_beta_0,20000,0,first,ended_with_n,50,second,alpha_beta,る,4284,63,0,1,0,,,る,あ,あ,0.363202,False,48.873125000000016,1,1,True,0,9,9,10,0,0,0,0,0,{},10,あ→ぬ -> ぬ→る -> る→る -> る→る -> る→る -> る→ぽ -> ぽ→る -> る→と -> と→る -> る→と -> と→る -> る→す -> す→る -> る→ぷ -> ぷ→る -> る→す -> す→る -> る→す -> す→る -> る→い -> い→る -> る→び -> び→る -> る→い -> い→る -> る→い -> い→る -> る→い -> い→る -> る→む -> む→る -> る→す -> す→る -> る→す -> す→る -> る→う -> う→る -> る→げ -> げ→る -> る→う -> う→る -> る→ゆ -> ゆ→る -> る→き -> き→る -> る→ゆ -> ゆ→る -> る→じ -> じ→る -> る→あ
beam_negamax vs alpha_beta,beam_negamax,alpha_beta,D20000_seed0_beam_negamax_vs_alpha_beta_0,20000,0,first,ended_with_n,51,first,beam_negamax,あ,63,0,63,14,13,,,あ,る,る,0.623358,False,4212.649783783784,1,1,True,0,24,24,24,0,0,36,0,0,"{""0"": 24}",24,あ→ぬ -> ぬ→る -> る→る -> る→る -> る→る -> る→ぽ -> ぽ→る -> る→と -> と→る -> る→と -> と→る -> る→す -> す→る -> る→ぷ -> ぷ→る -> る→す -> す→る -> る→す -> す→る -> る→い -> い→る -> る→び -> び→る -> る→い -> い→る -> る→い -> い→る -> る→い -> い→る -> る→む -> む→る -> る→す -> す→る -> る→す -> す→る -> る→う -> う→る -> る→げ -> げ→る -> る→う -> う→る -> る→ゆ -> ゆ→る -> る→き -> き→る -> る→ゆ -> ゆ→る -> る→じ -> じ→る -> る→あ -> あ→る
beam_negamax vs alpha_beta,beam_negamax,alpha_beta,D20000_seed0_beam_negamax_vs_alpha_beta_0,20000,0,first,ended_with_n,52,second,alpha_beta,る,4285,63,1,1,0,,,る,い,い,0.318237,False,21.28142857142859,1,2,True,0,8,8,9,0,0,0,0,0,{},9,あ→ぬ -> ぬ→る -> る→る -> る→る -> る→る -> る→ぽ -> ぽ→る -> る→と -> と→る -> る→と -> と→る -> る→す -> す→る -> る→ぷ -> ぷ→る -> る→す -> す→る -> る→す -> す→る -> る→い -> い→る -> る→び -> び→る -> る→い -> い→る -> る→い -> い→る -> る→い -> い→る -> る→む -> む→る -> る→す -> す→る -> る→す -> す→る -> る→う -> う→る -> る→げ -> げ→る -> る→う -> う→る -> る→ゆ -> ゆ→る -> る→き -> き→る -> る→ゆ -> ゆ→る -> る→じ -> じ→る -> る→あ -> あ→る -> る→い
beam_negamax vs alpha_beta,beam_negamax,alpha_beta,D20000_seed0_beam_negamax_vs_alpha_beta_0,20000,0,first,ended_with_n,53,first,beam_negamax,い,131,1,63,3,2,,,い,る,る,0.600141,False,4218.977027027027,1,2,True,0,24,24,24,0,0,38,0,0,"{""0"": 24}",24,あ→ぬ -> ぬ→る -> る→る -> る→る -> る→る -> る→ぽ -> ぽ→る -> る→と -> と→る -> る→と -> と→る -> る→す -> す→る -> る→ぷ -> ぷ→る -> る→す -> す→る -> る→す -> す→る -> る→い -> い→る -> る→び -> び→る -> る→い -> い→る -> る→い -> い→る -> る→い -> い→る -> る→む -> む→る -> る→す -> す→る -> る→す -> す→る -> る→う -> う→る -> る→げ -> げ→る -> る→う -> う→る -> る→ゆ -> ゆ→る -> る→き -> き→る -> る→ゆ -> ゆ→る -> る→じ -> じ→る -> る→あ -> あ→る -> る→い -> い→る
beam_negamax vs alpha_beta,beam_negamax,alpha_beta,D20000_seed0_beam_negamax_vs_alpha_beta_0,20000,0,first,ended_with_n,54,second,alpha_beta,る,4312,63,28,1,0,,,る,つ,つ,1.000017,True,-4218.977027027027,2,1,True,0,33,32,0,0,0,0,0,0,{},0,あ→ぬ -> ぬ→る -> る→る -> る→る -> る→る -> る→ぽ -> ぽ→る -> る→と -> と→る -> る→と -> と→る -> る→す -> す→る -> る→ぷ -> ぷ→る -> る→す -> す→る -> る→す -> す→る -> る→い -> い→る -> る→び -> び→る -> る→い -> い→る -> る→い -> い→る -> る→い -> い→る -> る→む -> む→る -> る→す -> す→る -> る→す -> す→る -> る→う -> う→る -> る→げ -> げ→る -> る→う -> う→る -> る→ゆ -> ゆ→る -> る→き -> き→る -> る→ゆ -> ゆ→る -> る→じ -> じ→る -> る→あ -> あ→る -> る→い -> い→る -> る→つ
beam_negamax vs alpha_beta,beam_negamax,alpha_beta,D20000_seed0_beam_negamax_vs_alpha_beta_0,20000,0,first,ended_with_n,55,first,beam_negamax,つ,1967,28,63,2,1,,,つ,る,る,1.000012,True,84.93699999999995,2,1,True,0,39,35,3,0,0,90,0,0,"{""0"": 24, ""1"": 12}",3,あ→ぬ -> ぬ→る -> る→る -> る→る -> る→る -> る→ぽ -> ぽ→る -> る→と -> と→る -> る→と -> と→る -> る→す -> す→る -> る→ぷ -> ぷ→る -> る→す -> す→る -> る→す -> す→る -> る→い -> い→る -> る→び -> び→る -> る→い -> い→る -> る→い -> い→る -> る→い -> い→る -> る→む -> む→る -> る→す -> す→る -> る→す -> す→る -> る→う -> う→る -> る→げ -> げ→る -> る→う -> う→る -> る→ゆ -> ゆ→る -> る→き -> き→る -> る→ゆ -> ゆ→る -> る→じ -> じ→る -> る→あ -> あ→る -> る→い -> い→る -> る→つ -> つ→る
beam_negamax vs alpha_beta,beam_negamax,alpha_beta,D20000_seed0_beam_negamax_vs_alpha_beta_0,20000,0,first,ended_with_n,56,second,alpha_beta,る,4328,63,44,1,0,,,る,ふ,ふ,0.236539,False,-84.93699999999995,1,1,True,0,6,6,7,0,0,0,0,0,{},7,あ→ぬ -> ぬ→る -> る→る -> る→る -> る→る -> る→ぽ -> ぽ→る -> る→と -> と→る -> る→と -> と→る -> る→す -> す→る -> る→ぷ -> ぷ→る -> る→す -> す→る -> る→す -> す→る -> る→い -> い→る -> る→び -> び→る -> る→い -> い→る -> る→い -> い→る -> る→い -> い→る -> る→む -> む→る -> る→す -> す→る -> る→す -> す→る -> る→う -> う→る -> る→げ -> げ→る -> る→う -> う→る -> る→ゆ -> ゆ→る -> る→き -> き→る -> る→ゆ -> ゆ→る -> る→じ -> じ→る -> る→あ -> あ→る -> る→い -> い→る -> る→つ -> つ→る -> る→ふ
beam_negamax vs alpha_beta,beam_negamax,alpha_beta,D20000_seed0_beam_negamax_vs_alpha_beta_0,20000,0,first,ended_with_n,57,first,beam_negamax,ふ,3055,44,63,15,14,,,ふ,る,る,0.700291,False,5501.99616,1,1,True,0,24,24,24,0,0,30,0,0,"{""0"": 24}",24,あ→ぬ -> ぬ→る -> る→る -> る→る -> る→る -> る→ぽ -> ぽ→る -> る→と -> と→る -> る→と -> と→る -> る→す -> す→る -> る→ぷ -> ぷ→る -> る→す -> す→る -> る→す -> す→る -> る→い -> い→る -> る→び -> び→る -> る→い -> い→る -> る→い -> い→る -> る→い -> い→る -> る→む -> む→る -> る→す -> す→る -> る→す -> す→る -> る→う -> う→る -> る→げ -> げ→る -> る→う -> う→る -> る→ゆ -> ゆ→る -> る→き -> き→る -> る→ゆ -> ゆ→る -> る→じ -> じ→る -> る→あ -> あ→る -> る→い -> い→る -> る→つ -> つ→る -> る→ふ -> ふ→る
beam_negamax vs alpha_beta,beam_negamax,alpha_beta,D20000_seed0_beam_negamax_vs_alpha_beta_0,20000,0,first,ended_with_n,58,second,alpha_beta,る,4303,63,19,1,0,,,る,す,す,0.193332,False,-113.53749999999997,1,1,True,0,5,5,6,0,0,0,0,0,{},6,あ→ぬ -> ぬ→る -> る→る -> る→る -> る→る -> る→ぽ -> ぽ→る -> る→と -> と→る -> る→と -> と→る -> る→す -> す→る -> る→ぷ -> ぷ→る -> る→す -> す→る -> る→す -> す→る -> る→い -> い→る -> る→び -> び→る -> る→い -> い→る -> る→い -> い→る -> る→い -> い→る -> る→む -> む→る -> る→す -> す→る -> る→す -> す→る -> る→う -> う→る -> る→げ -> げ→る -> る→う -> う→る -> る→ゆ -> ゆ→る -> る→き -> き→る -> る→ゆ -> ゆ→る -> る→じ -> じ→る -> る→あ -> あ→る -> る→い -> い→る -> る→つ -> つ→る -> る→ふ -> ふ→る -> る→す
beam_negamax vs alpha_beta,beam_negamax,alpha_beta,D20000_seed0_beam_negamax_vs_alpha_beta_0,20000,0,first,ended_with_n,59,first,beam_negamax,す,1355,19,63,16,15,,,す,る,る,0.669215,False,5516.44896,1,1,True,0,24,24,24,0,0,28,0,0,"{""0"": 24}",24,あ→ぬ -> ぬ→る -> る→る -> る→る -> る→る -> る→ぽ -> ぽ→る -> る→と -> と→る -> る→と -> と→る -> る→す -> す→る -> る→ぷ -> ぷ→る -> る→す -> す→る -> る→す -> す→る -> る→い -> い→る -> る→び -> び→る -> る→い -> い→る -> る→い -> い→る -> る→い -> い→る -> る→む -> む→る -> る→す -> す→る -> る→す -> す→る -> る→う -> う→る -> る→げ -> げ→る -> る→う -> う→る -> る→ゆ -> ゆ→る -> る→き -> き→る -> る→ゆ -> ゆ→る -> る→じ -> じ→る -> る→あ -> あ→る -> る→い -> い→る -> る→つ -> つ→る -> る→ふ -> ふ→る -> る→す -> す→る
beam_negamax vs alpha_beta,beam_negamax,alpha_beta,D20000_seed0_beam_negamax_vs_alpha_beta_0,20000,0,first,ended_with_n,60,second,alpha_beta,る,4293,63,9,1,0,,,る,く,く,0.155439,False,-142.53999999999996,1,2,True,0,4,4,5,0,0,0,0,0,{},5,あ→ぬ -> ぬ→る -> る→る -> る→る -> る→る -> る→ぽ -> ぽ→る -> る→と -> と→る -> る→と -> と→る -> る→す -> す→る -> る→ぷ -> ぷ→る -> る→す -> す→る -> る→す -> す→る -> る→い -> い→る -> る→び -> び→る -> る→い -> い→る -> る→い -> い→る -> る→い -> い→る -> る→む -> む→る -> る→す -> す→る -> る→す -> す→る -> る→う -> う→る -> る→げ -> げ→る -> る→う -> う→る -> る→ゆ -> ゆ→る -> る→き -> き→る -> る→ゆ -> ゆ→る -> る→じ -> じ→る -> る→あ -> あ→る -> る→い -> い→る -> る→つ -> つ→る -> る→ふ -> ふ→る -> る→す -> す→る -> る→く
beam_negamax vs alpha_beta,beam_negamax,alpha_beta,D20000_seed0_beam_negamax_vs_alpha_beta_0,20000,0,first,ended_with_n,61,first,beam_negamax,く,675,9,63,8,7,,,く,る,る,0.653706,False,5530.92288,1,2,True,0,24,24,24,0,0,31,0,0,"{""0"": 24}",24,あ→ぬ -> ぬ→る -> る→る -> る→る -> る→る -> る→ぽ -> ぽ→る -> る→と -> と→る -> る→と -> と→る -> る→す -> す→る -> る→ぷ -> ぷ→る -> る→す -> す→る -> る→す -> す→る -> る→い -> い→る -> る→び -> び→る -> る→い -> い→る -> る→い -> い→る -> る→い -> い→る -> る→む -> む→る -> る→す -> す→る -> る→す -> す→る -> る→う -> う→る -> る→げ -> げ→る -> る→う -> う→る -> る→ゆ -> ゆ→る -> る→き -> き→る -> る→ゆ -> ゆ→る -> る→じ -> じ→る -> る→あ -> あ→る -> る→い -> い→る -> る→つ -> つ→る -> る→ふ -> ふ→る -> る→す -> す→る -> る→く -> く→る
beam_negamax vs alpha_beta,beam_negamax,alpha_beta,D20000_seed0_beam_negamax_vs_alpha_beta_0,20000,0,first,ended_with_n,62,second,alpha_beta,る,4317,63,33,1,0,,,る,な,な,1.000012,True,-5530.92288,2,1,True,0,35,34,0,0,0,0,0,0,{},0,あ→ぬ -> ぬ→る -> る→る -> る→る -> る→る -> る→ぽ -> ぽ→る -> る→と -> と→る -> る→と -> と→る -> る→す -> す→る -> る→ぷ -> ぷ→る -> る→す -> す→る -> る→す -> す→る -> る→い -> い→る -> る→び -> び→る -> る→い -> い→る -> る→い -> い→る -> る→い -> い→る -> る→む -> む→る -> る→す -> す→る -> る→す -> す→る -> る→う -> う→る -> る→げ -> げ→る -> る→う -> う→る -> る→ゆ -> ゆ→る -> る→き -> き→る -> る→ゆ -> ゆ→る -> る→じ -> じ→る -> る→あ -> あ→る -> る→い -> い→る -> る→つ -> つ→る -> る→ふ -> ふ→る -> る→す -> す→る -> る→く -> く→る -> る→な
beam_negamax vs alpha_beta,beam_negamax,alpha_beta,D20000_seed0_beam_negamax_vs_alpha_beta_0,20000,0,first,ended_with_n,63,first,beam_negamax,な,2307,33,63,5,4,,,な,る,る,1.000009,True,208.135,2,1,True,0,30,26,3,0,0,36,0,0,"{""0"": 24, ""1"": 12}",3,あ→ぬ -> ぬ→る -> る→る -> る→る -> る→る -> る→ぽ -> ぽ→る -> る→と -> と→る -> る→と -> と→る -> る→す -> す→る -> る→ぷ -> ぷ→る -> る→す -> す→る -> る→す -> す→る -> る→い -> い→る -> る→び -> び→る -> る→い -> い→る -> る→い -> い→る -> る→い -> い→る -> る→む -> む→る -> る→す -> す→る -> る→す -> す→る -> る→う -> う→る -> る→げ -> げ→る -> る→う -> う→る -> る→ゆ -> ゆ→る -> る→き -> き→る -> る→ゆ -> ゆ→る -> る→じ -> じ→る -> る→あ -> あ→る -> る→い -> い→る -> る→つ -> つ→る -> る→ふ -> ふ→る -> る→す -> す→る -> る→く -> く→る -> る→な -> な→る
beam_negamax vs alpha_beta,beam_negamax,alpha_beta,D20000_seed0_beam_negamax_vs_alpha_beta_0,20000,0,first,ended_with_n,64,second,alpha_beta,る,4286,63,2,1,0,,,る,う,う,0.074289,False,-208.135,1,1,True,0,2,2,3,0,0,0,0,0,{},3,あ→ぬ -> ぬ→る -> る→る -> る→る -> る→る -> る→ぽ -> ぽ→る -> る→と -> と→る -> る→と -> と→る -> る→す -> す→る -> る→ぷ -> ぷ→る -> る→す -> す→る -> る→す -> す→る -> る→い -> い→る -> る→び -> び→る -> る→い -> い→る -> る→い -> い→る -> る→い -> い→る -> る→む -> む→る -> る→す -> す→る -> る→す -> す→る -> る→う -> う→る -> る→げ -> げ→る -> る→う -> う→る -> る→ゆ -> ゆ→る -> る→き -> き→る -> る→ゆ -> ゆ→る -> る→じ -> じ→る -> る→あ -> あ→る -> る→い -> い→る -> る→つ -> つ→る -> る→ふ -> ふ→る -> る→す -> す→る -> る→く -> く→る -> る→な -> な→る -> る→う
beam_negamax vs alpha_beta,beam_negamax,alpha_beta,D20000_seed0_beam_negamax_vs_alpha_beta_0,20000,0,first,ended_with_n,65,first,beam_negamax,う,199,2,63,1,0,,,う,る,る,0.664118,False,6492.085570469799,1,1,True,0,24,24,24,0,0,32,0,0,"{""0"": 24}",24,あ→ぬ -> ぬ→る -> る→る -> る→る -> る→る -> る→ぽ -> ぽ→る -> る→と -> と→る -> る→と -> と→る -> る→す -> す→る -> る→ぷ -> ぷ→る -> る→す -> す→る -> る→す -> す→る -> る→い -> い→る -> る→び -> び→る -> る→い -> い→る -> る→い -> い→る -> る→い -> い→る -> る→む -> む→る -> る→す -> す→る -> る→す -> す→る -> る→う -> う→る -> る→げ -> げ→る -> る→う -> う→る -> る→ゆ -> ゆ→る -> る→き -> き→る -> る→ゆ -> ゆ→る -> る→じ -> じ→る -> る→あ -> あ→る -> る→い -> い→る -> る→つ -> つ→る -> る→ふ -> ふ→る -> る→す -> す→る -> る→く -> く→る -> る→な -> な→る -> る→う -> う→る
beam_negamax vs alpha_beta,beam_negamax,alpha_beta,D20000_seed0_beam_negamax_vs_alpha_beta_0,20000,0,first,ended_with_n,66,second,alpha_beta,る,4346,63,62,1,0,,,る,り,り,0.031293,False,-999998.0,1,1,True,0,1,1,2,0,0,0,0,0,{},2,あ→ぬ -> ぬ→る -> る→る -> る→る -> る→る -> る→ぽ -> ぽ→る -> る→と -> と→る -> る→と -> と→る -> る→す -> す→る -> る→ぷ -> ぷ→る -> る→す -> す→る -> る→す -> す→る -> る→い -> い→る -> る→び -> び→る -> る→い -> い→る -> る→い -> い→る -> る→い -> い→る -> る→む -> む→る -> る→す -> す→る -> る→す -> す→る -> る→う -> う→る -> る→げ -> げ→る -> る→う -> う→る -> る→ゆ -> ゆ→る -> る→き -> き→る -> る→ゆ -> ゆ→る -> る→じ -> じ→る -> る→あ -> あ→る -> る→い -> い→る -> る→つ -> つ→る -> る→ふ -> ふ→る -> る→す -> す→る -> る→く -> く→る -> る→な -> な→る -> る→う -> う→る -> る→り
beam_negamax vs alpha_beta,beam_negamax,alpha_beta,D20000_seed0_beam_negamax_vs_alpha_beta_0,20000,0,first,ended_with_n,67,first,beam_negamax,り,4279,62,63,14,13,,,り,る,る,0.714223,False,999999.0,1,1,True,0,24,24,24,0,0,18,0,0,"{""0"": 24}",24,あ→ぬ -> ぬ→る -> る→る -> る→る -> る→る -> る→ぽ -> ぽ→る -> る→と -> と→る -> る→と -> と→る -> る→す -> す→る -> る→ぷ -> ぷ→る -> る→す -> す→る -> る→す -> す→る -> る→い -> い→る -> る→び -> び→る -> る→い -> い→る -> る→い -> い→る -> る→い -> い→る -> る→む -> む→る -> る→す -> す→る -> る→す -> す→る -> る→う -> う→る -> る→げ -> げ→る -> る→う -> う→る -> る→ゆ -> ゆ→る -> る→き -> き→る -> る→ゆ -> ゆ→る -> る→じ -> じ→る -> る→あ -> あ→る -> る→い -> い→る -> る→つ -> つ→る -> る→ふ -> ふ→る -> る→す -> す→る -> る→く -> く→る -> る→な -> な→る -> る→う -> う→る -> る→り -> り→る
beam_negamax vs alpha_beta,beam_negamax,alpha_beta,D20000_seed0_beam_negamax_vs_alpha_beta_0,20000,0,first,ended_with_n,68,second,alpha_beta,る,4351,63,67,7,6,,,る,ん,,1e-05,False,-1000000.0,1,2,True,0,0,0,1,0,0,0,0,0,{},1,あ→ぬ -> ぬ→る -> る→る -> る→る -> る→る -> る→ぽ -> ぽ→る -> る→と -> と→る -> る→と -> と→る -> る→す -> す→る -> る→ぷ -> ぷ→る -> る→す -> す→る -> る→す -> す→る -> る→い -> い→る -> る→び -> び→る -> る→い -> い→る -> る→い -> い→る -> る→い -> い→る -> る→む -> む→る -> る→す -> す→る -> る→す -> す→る -> る→う -> う→る -> る→げ -> げ→る -> る→う -> う→る -> る→ゆ -> ゆ→る -> る→き -> き→る -> る→ゆ -> ゆ→る -> る→じ -> じ→る -> る→あ -> あ→る -> る→い -> い→る -> る→つ -> つ→る -> る→ふ -> ふ→る -> る→す -> す→る -> る→く -> く→る -> る→な -> な→る -> る→う -> う→る -> る→り -> り→る -> る→ん
beam_negamax vs aggressive_pvs,beam_negamax,aggressive_pvs,D20000_seed0_beam_negamax_vs_aggressive_pvs_0,20000,0,first,ended_with_n,1,first,beam_negamax,ANY,35,0,35,1,0,,,あ,ぬ,ぬ,1.00015,True,-508.2713636363636,5,4,True,0,0,0,0,0,0,577,0,0,"{""0"": 24}",0,あ→ぬ
beam_negamax vs aggressive_pvs,beam_negamax,aggressive_pvs,D20000_seed0_beam_negamax_vs_aggressive_pvs_0,20000,0,first,ended_with_n,2,second,aggressive_pvs,ぬ,2443,35,63,4,3,,,ぬ,る,る,1.000018,True,-834.8322058823529,5,4,True,0,33,28,0,0,0,0,22,5,{},0,あ→ぬ -> ぬ→る
beam_negamax vs aggressive_pvs,beam_negamax,aggressive_pvs,D20000_seed0_beam_negamax_vs_aggressive_pvs_0,20000,0,first,ended_with_n,3,first,beam_negamax,る,4347,63,63,3,2,,,る,る,る,1.000019,True,-814.4372727272727,4,3,True,0,53,40,0,0,0,272,0,0,"{""0"": 24, ""1"": 12, ""2"": 6, ""3"": 4}",0,あ→ぬ -> ぬ→る -> る→る
beam_negamax vs aggressive_pvs,beam_negamax,aggressive_pvs,D20000_seed0_beam_negamax_vs_aggressive_pvs_0,20000,0,first,ended_with_n,4,second,aggressive_pvs,る,4347,63,63,2,1,,,る,る,る,1.000016,True,-796.084375,4,3,True,0,36,32,0,0,0,0,30,1,{},0,あ→ぬ -> ぬ→る -> る→る -> る→る
beam_negamax vs aggressive_pvs,beam_negamax,aggressive_pvs,D20000_seed0_beam_negamax_vs_aggressive_pvs_0,20000,0,first,ended_with_n,5,first,beam_negamax,る,4347,63,63,1,0,,,る,る,る,1.000012,True,-751.1374193548387,3,2,True,0,46,38,0,0,0,217,0,0,"{""0"": 24, ""1"": 12, ""2"": 6}",0,あ→ぬ -> ぬ→る -> る→る -> る→る -> る→る
beam_negamax vs aggressive_pvs,beam_negamax,aggressive_pvs,D20000_seed0_beam_negamax_vs_aggressive_pvs_0,20000,0,first,ended_with_n,6,second,aggressive_pvs,る,4336,63,52,1,0,,,る,ぽ,ぽ,1.000014,True,-1106.0972340425533,3,2,True,0,30,27,0,0,0,0,26,0,{},0,あ→ぬ -> ぬ→る -> る→る -> る→る -> る→る -> る→ぽ
beam_negamax vs aggressive_pvs,beam_negamax,aggressive_pvs,D20000_seed0_beam_negamax_vs_aggressive_pvs_0,20000,0,first,ended_with_n,7,first,beam_negamax,ぽ,3599,52,63,6,5,,,ぽ,る,る,1.000009,True,-664.4129310344828,2,1,True,0,34,31,2,0,0,24,0,0,"{""0"": 24, ""1"": 12}",2,あ→ぬ -> ぬ→る -> る→る -> る→る -> る→る -> る→ぽ -> ぽ→る
beam_negamax vs aggressive_pvs,beam_negamax,aggressive_pvs,D20000_seed0_beam_negamax_vs_aggressive_pvs_0,20000,0,first,ended_with_n,8,second,aggressive_pvs,る,4330,63,46,1,0,,,る,ぷ,ぷ,1.000012,True,-2481.663636363636,2,1,True,0,31,29,1,0,0,0,27,1,{},1,あ→ぬ -> ぬ→る -> る→る -> る→る -> る→る -> る→ぽ -> ぽ→る -> る→ぷ
beam_negamax vs aggressive_pvs,beam_negamax,aggressive_pvs,D20000_seed0_beam_negamax_vs_aggressive_pvs_0,20000,0,first,ended_with_n,9,first,beam_negamax,ぷ,3191,46,63,7,6,,,ぷ,る,る,0.813055,False,2481.663636363636,1,1,True,0,24,24,24,0,0,4,0,0,"{""0"": 24}",24,あ→ぬ -> ぬ→る -> る→る -> る→る -> る→る -> る→ぽ -> ぽ→る -> る→ぷ -> ぷ→る
beam_negamax vs aggressive_pvs,beam_negamax,aggressive_pvs,D20000_seed0_beam_negamax_vs_aggressive_pvs_0,20000,0,first,ended_with_n,10,second,aggressive_pvs,る,4315,63,31,2,1,,,る,と,と,0.797581,False,604.2307142857143,1,1,True,0,21,21,17,0,0,0,15,5,{},17,あ→ぬ -> ぬ→る -> る→る -> る→る -> る→る -> る→ぽ -> ぽ→る -> る→ぷ -> ぷ→る -> る→と
beam_negamax vs aggressive_pvs,beam_negamax,aggressive_pvs,D20000_seed0_beam_negamax_vs_aggressive_pvs_0,20000,0,first,ended_with_n,11,first,beam_negamax,と,2171,31,63,10,9,,,と,る,る,0.709087,False,2481.672727272727,1,1,True,0,24,24,24,0,0,30,0,0,"{""0"": 24}",24,あ→ぬ -> ぬ→る -> る→る -> る→る -> る→る -> る→ぽ -> ぽ→る -> る→ぷ -> ぷ→る -> る→と -> と→る
beam_negamax vs aggressive_pvs,beam_negamax,aggressive_pvs,D20000_seed0_beam_negamax_vs_aggressive_pvs_0,20000,0,first,ended_with_n,12,second,aggressive_pvs,る,4303,63,19,6,5,,,る,す,す,0.742781,False,584.285,1,1,True,0,20,20,17,0,0,0,15,4,{},17,あ→ぬ -> ぬ→る -> る→る -> る→る -> る→る -> る→ぽ -> ぽ→る -> る→ぷ -> ぷ→る -> る→と -> と→る -> る→す
beam_negamax vs aggressive_pvs,beam_negamax,aggressive_pvs,D20000_seed0_beam_negamax_vs_aggressive_pvs_0,20000,0,first,ended_with_n,13,first,beam_negamax,す,1355,19,63,21,20,,,す,る,る,0.6895,False,2481.679090909091,1,2,True,0,24,24,24,0,0,28,0,0,"{""0"": 24}",24,あ→ぬ -> ぬ→る -> る→る -> る→る -> る→る -> る→ぽ -> ぽ→る -> る→ぷ -> ぷ→る -> る→と -> と→る -> る→す -> す→る
beam_negamax vs aggressive_pvs,beam_negamax,aggressive_pvs,D20000_seed0_beam_negamax_vs_aggressive_pvs_0,20000,0,first,ended_with_n,14,second,aggressive_pvs,る,4303,63,19,5,4,,,る,す,す,0.743437,False,564.3365384615385,1,2,True,0,20,20,17,0,0,0,15,4,{},17,あ→ぬ -> ぬ→る -> る→る -> る→る -> る→る -> る→ぽ -> ぽ→る -> る→ぷ -> ぷ→る -> る→と -> と→る -> る→す -> す→る -> る→す
beam_negamax vs aggressive_pvs,beam_negamax,aggressive_pvs,D20000_seed0_beam_negamax_vs_aggressive_pvs_0,20000,0,first,ended_with_n,15,first,beam_negamax,す,1355,19,63,20,19,,,す,る,る,1.000011,True,-544.385,2,1,True,0,32,29,2,0,0,51,0,0,"{""0"": 24, ""1"": 12}",2,あ→ぬ -> ぬ→る -> る→る -> る→る -> る→る -> る→ぽ -> ぽ→る -> る→ぷ -> ぷ→る -> る→と -> と→る -> る→す -> す→る -> る→す -> す→る
beam_negamax vs aggressive_pvs,beam_negamax,aggressive_pvs,D20000_seed0_beam_negamax_vs_aggressive_pvs_0,20000,0,first,ended_with_n,16,second,aggressive_pvs,る,4326,63,42,1,0,,,る,び,び,1.000012,True,-2481.6854545454544,2,1,True,0,32,31,0,0,0,0,29,1,{},0,あ→ぬ -> ぬ→る -> る→る -> る→る -> る→る -> る→ぽ -> ぽ→る -> る→ぷ -> ぷ→る -> る→と -> と→る -> る→す -> す→る -> る→す -> す→る -> る→び
beam_negamax vs aggressive_pvs,beam_negamax,aggressive_pvs,D20000_seed0_beam_negamax_vs_aggressive_pvs_0,20000,0,first,ended_with_n,17,first,beam_negamax,び,2919,42,63,5,4,,,び,る,る,0.756256,False,3116.418203125,1,1,True,0,24,24,24,0,0,13,0,0,"{""0"": 24}",24,あ→ぬ -> ぬ→る -> る→る -> る→る -> る→る -> る→ぽ -> ぽ→る -> る→ぷ -> ぷ→る -> る→と -> と→る -> る→す -> す→る -> る→す -> す→る -> る→び -> び→る
beam_negamax vs aggressive_pvs,beam_negamax,aggressive_pvs,D20000_seed0_beam_negamax_vs_aggressive_pvs_0,20000,0,first,ended_with_n,18,second,aggressive_pvs,る,4285,63,1,5,4,,,る,い,い,0.769885,False,490.191875,1,1,True,0,20,20,16,0,0,0,14,5,{},16,あ→ぬ -> ぬ→る -> る→る -> る→る -> る→る -> る→ぽ -> ぽ→る -> る→ぷ -> ぷ→る -> る→と -> と→る -> る→す -> す→る -> る→す -> す→る -> る→び -> び→る -> る→い
beam_negamax vs aggressive_pvs,beam_negamax,aggressive_pvs,D20000_seed0_beam_negamax_vs_aggressive_pvs_0,20000,0,first,ended_with_n,19,first,beam_negamax,い,131,1,63,7,6,,,い,る,る,0.613653,False,3116.4315625,1,1,True,0,24,24,24,0,0,38,0,0,"{""0"": 24}",24,あ→ぬ -> ぬ→る -> る→る -> る→る -> る→る -> る→ぽ -> ぽ→る -> る→ぷ -> ぷ→る -> る→と -> と→る -> る→す -> す→る -> る→す -> す→る -> る→び -> び→る -> る→い -> い→る
beam_negamax vs aggressive_pvs,beam_negamax,aggressive_pvs,D20000_seed0_beam_negamax_vs_aggressive_pvs_0,20000,0,first,ended_with_n,20,second,aggressive_pvs,る,4285,63,1,4,3,,,る,い,い,0.769599,False,470.8708695652174,1,1,True,0,20,20,16,0,0,0,14,5,{},16,あ→ぬ -> ぬ→る -> る→る -> る→る -> る→る -> る→ぽ -> ぽ→る -> る→ぷ -> ぷ→る -> る→と -> と→る -> る→す -> す→る -> る→す -> す→る -> る→び -> び→る -> る→い -> い→る -> る→い
beam_negamax vs aggressive_pvs,beam_negamax,aggressive_pvs,D20000_seed0_beam_negamax_vs_aggressive_pvs_0,20000,0,first,ended_with_n,21,first,beam_negamax,い,131,1,63,6,5,,,い,る,る,0.610747,False,3116.444921875,1,2,True,0,24,24,24,0,0,38,0,0,"{""0"": 24}",24,あ→ぬ -> ぬ→る -> る→る -> る→る -> る→る -> る→ぽ -> ぽ→る -> る→ぷ -> ぷ→る -> る→と -> と→る -> る→す -> す→る -> る→す -> す→る -> る→び -> び→る -> る→い -> い→る -> る→い -> い→る
beam_negamax vs aggressive_pvs,beam_negamax,aggressive_pvs,D20000_seed0_beam_negamax_vs_aggressive_pvs_0,20000,0,first,ended_with_n,22,second,aggressive_pvs,る,4285,63,1,3,2,,,る,い,い,0.760057,False,451.60340909090905,1,2,True,0,20,20,16,0,0,0,14,5,{},16,あ→ぬ -> ぬ→る -> る→る -> る→る -> る→る -> る→ぽ -> ぽ→る -> る→ぷ -> ぷ→る -> る→と -> と→る -> る→す -> す→る -> る→す -> す→る -> る→び -> び→る -> る→い -> い→る -> る→い -> い→る -> る→い
beam_negamax vs aggressive_pvs,beam_negamax,aggressive_pvs,D20000_seed0_beam_negamax_vs_aggressive_pvs_0,20000,0,first,ended_with_n,23,first,beam_negamax,い,131,1,63,5,4,,,い,る,る,1.000009,True,-431.7071428571429,2,1,True,0,31,28,2,0,0,49,0,0,"{""0"": 24, ""1"": 12}",2,あ→ぬ -> ぬ→る -> る→る -> る→る -> る→る -> る→ぽ -> ぽ→る -> る→ぷ -> ぷ→る -> る→と -> と→る -> る→す -> す→る -> る→す -> す→る -> る→び -> び→る -> る→い -> い→る -> る→い -> い→る -> る→い -> い→る
beam_negamax vs aggressive_pvs,beam_negamax,aggressive_pvs,D20000_seed0_beam_negamax_vs_aggressive_pvs_0,20000,0,first,ended_with_n,24,second,aggressive_pvs,る,4339,63,55,1,0,,,る,む,む,1.000016,True,-3116.45828125,2,1,True,0,32,31,0,0,0,0,30,0,{},0,あ→ぬ -> ぬ→る -> る→る -> る→る -> る→る -> る→ぽ -> ぽ→る -> る→ぷ -> ぷ→る -> る→と -> と→る -> る→す -> す→る -> る→す -> す→る -> る→び -> び→る -> る→い -> い→る -> る→い -> い→る -> る→い -> い→る -> る→む
beam_negamax vs aggressive_pvs,beam_negamax,aggressive_pvs,D20000_seed0_beam_negamax_vs_aggressive_pvs_0,20000,0,first,ended_with_n,25,first,beam_negamax,む,3803,55,63,1,0,,,む,る,る,0.769022,False,3791.7788853503184,1,1,True,0,24,24,24,0,0,16,0,0,"{""0"": 24}",24,あ→ぬ -> ぬ→る -> る→る -> る→る -> る→る -> る→ぽ -> ぽ→る -> る→ぷ -> ぷ→る -> る→と -> と→る -> る→す -> す→る -> る→す -> す→る -> る→び -> び→る -> る→い -> い→る -> る→い -> い→る -> る→い -> い→る -> る→む -> む→る
beam_negamax vs aggressive_pvs,beam_negamax,aggressive_pvs,D20000_seed0_beam_negamax_vs_aggressive_pvs_0,20000,0,first,ended_with_n,26,second,aggressive_pvs,る,4285,63,1,2,1,,,る,い,い,0.701553,False,396.51725,1,1,True,0,18,18,15,0,0,0,13,4,{},15,あ→ぬ -> ぬ→る -> る→る -> る→る -> る→る -> る→ぽ -> ぽ→る -> る→ぷ -> ぷ→る -> る→と -> と→る -> る→す -> す→る -> る→す -> す→る -> る→び -> び→る -> る→い -> い→る -> る→い -> い→る -> る→い -> い→る -> る→む -> む→る -> る→い
beam_negamax vs aggressive_pvs,beam_negamax,aggressive_pvs,D20000_seed0_beam_negamax_vs_aggressive_pvs_0,20000,0,first,ended_with_n,27,first,beam_negamax,い,131,1,63,4,3,,,い,る,る,0.597894,False,3792.39550955414,1,1,True,0,24,24,24,0,0,38,0,0,"{""0"": 24}",24,あ→ぬ -> ぬ→る -> る→る -> る→る -> る→る -> る→ぽ -> ぽ→る -> る→ぷ -> ぷ→る -> る→と -> と→る -> る→す -> す→る -> る→す -> す→る -> る→び -> び→る -> る→い -> い→る -> る→い -> い→る -> る→い -> い→る -> る→む -> む→る -> る→い -> い→る
beam_negamax vs aggressive_pvs,beam_negamax,aggressive_pvs,D20000_seed0_beam_negamax_vs_aggressive_pvs_0,20000,0,first,ended_with_n,28,second,aggressive_pvs,る,4303,63,19,4,3,,,る,す,す,0.657167,False,376.6168421052632,1,1,True,0,17,17,15,0,0,0,13,3,{},15,あ→ぬ -> ぬ→る -> る→る -> る→る -> る→る -> る→ぽ -> ぽ→る -> る→ぷ -> ぷ→る -> る→と -> と→る -> る→す -> す→る -> る→す -> す→る -> る→び -> び→る -> る→い -> い→る -> る→い -> い→る -> る→い -> い→る -> る→む -> む→る -> る→い -> い→る -> る→す
beam_negamax vs aggressive_pvs,beam_negamax,aggressive_pvs,D20000_seed0_beam_negamax_vs_aggressive_pvs_0,20000,0,first,ended_with_n,29,first,beam_negamax,す,1355,19,63,19,18,,,す,る,る,0.676031,False,3792.9966560509556,1,2,True,0,24,24,24,0,0,28,0,0,"{""0"": 24}",24,あ→ぬ -> ぬ→る -> る→る -> る→る -> る→る -> る→ぽ -> ぽ→る -> る→ぷ -> ぷ→る -> る→と -> と→る -> る→す -> す→る -> る→す -> す→る -> る→び -> び→る -> る→い -> い→る -> る→い -> い→る -> る→い -> い→る -> る→む -> む→る -> る→い -> い→る -> る→す -> す→る
beam_negamax vs aggressive_pvs,beam_negamax,aggressive_pvs,D20000_seed0_beam_negamax_vs_aggressive_pvs_0,20000,0,first,ended_with_n,30,second,aggressive_pvs,る,4303,63,19,3,2,,,る,す,す,0.658887,False,356.7175,1,2,True,0,17,17,15,0,0,0,13,3,{},15,あ→ぬ -> ぬ→る -> る→る -> る→る -> る→る -> る→ぽ -> ぽ→る -> る→ぷ -> ぷ→る -> る→と -> と→る -> る→す -> す→る -> る→す -> す→る -> る→び -> び→る -> る→い -> い→る -> る→い -> い→る -> る→い -> い→る -> る→む -> む→る -> る→い -> い→る -> る→す -> す→る -> る→す
beam_negamax vs aggressive_pvs,beam_negamax,aggressive_pvs,D20000_seed0_beam_negamax_vs_aggressive_pvs_0,20000,0,first,ended_with_n,31,first,beam_negamax,す,1355,19,63,18,17,,,す,る,る,1.000009,True,-336.8194117647059,2,1,True,0,32,29,2,0,0,49,0,0,"{""0"": 24, ""1"": 12}",2,あ→ぬ -> ぬ→る -> る→る -> る→る -> る→る -> る→ぽ -> ぽ→る -> る→ぷ -> ぷ→る -> る→と -> と→る -> る→す -> す→る -> る→す -> す→る -> る→び -> び→る -> る→い -> い→る -> る→い -> い→る -> る→い -> い→る -> る→む -> む→る -> る→い -> い→る -> る→す -> す→る -> る→す -> す→る
beam_negamax vs aggressive_pvs,beam_negamax,aggressive_pvs,D20000_seed0_beam_negamax_vs_aggressive_pvs_0,20000,0,first,ended_with_n,32,second,aggressive_pvs,る,4296,63,12,1,0,,,る,げ,げ,1.00001,True,-3793.5978025477707,2,1,True,0,31,30,0,0,0,0,29,0,{},0,あ→ぬ -> ぬ→る -> る→る -> る→る -> る→る -> る→ぽ -> ぽ→る -> る→ぷ -> ぷ→る -> る→と -> と→る -> る→す -> す→る -> る→す -> す→る -> る→び -> び→る -> る→い -> い→る -> る→い -> い→る -> る→い -> い→る -> る→む -> む→る -> る→い -> い→る -> る→す -> す→る -> る→す -> す→る -> る→げ
beam_negamax vs aggressive_pvs,beam_negamax,aggressive_pvs,D20000_seed0_beam_negamax_vs_aggressive_pvs_0,20000,0,first,ended_with_n,33,first,beam_negamax,げ,879,12,63,2,1,,,げ,る,る,0.759956,False,3977.0207558139537,1,1,True,0,24,24,24,0,0,10,0,0,"{""0"": 24}",24,あ→ぬ -> ぬ→る -> る→る -> る→る -> る→る -> る→ぽ -> ぽ→る -> る→ぷ -> ぷ→る -> る→と -> と→る -> る→す -> す→る -> る→す -> す→る -> る→び -> び→る -> る→い -> い→る -> る→い -> い→る -> る→い -> い→る -> る→む -> む→る -> る→い -> い→る -> る→す -> す→る -> る→す -> す→る -> る→げ -> げ→る
beam_negamax vs aggressive_pvs,beam_negamax,aggressive_pvs,D20000_seed0_beam_negamax_vs_aggressive_pvs_0,20000,0,first,ended_with_n,34,second,aggressive_pvs,る,4303,63,19,2,1,,,る,す,す,0.60094,False,277.5659375,1,1,True,0,15,15,14,0,0,0,12,2,{},14,あ→ぬ -> ぬ→る -> る→る -> る→る -> る→る -> る→ぽ -> ぽ→る -> る→ぷ -> ぷ→る -> る→と -> と→る -> る→す -> す→る -> る→す -> す→る -> る→び -> び→る -> る→い -> い→る -> る→い -> い→る -> る→い -> い→る -> る→む -> む→る -> る→い -> い→る -> る→す -> す→る -> る→す -> す→る -> る→げ -> げ→る -> る→す
beam_negamax vs aggressive_pvs,beam_negamax,aggressive_pvs,D20000_seed0_beam_negamax_vs_aggressive_pvs_0,20000,0,first,ended_with_n,35,first,beam_negamax,す,1355,19,63,17,16,,,す,る,る,0.67753,False,3977.623372093023,1,1,True,0,24,24,24,0,0,28,0,0,"{""0"": 24}",24,あ→ぬ -> ぬ→る -> る→る -> る→る -> る→る -> る→ぽ -> ぽ→る -> る→ぷ -> ぷ→る -> る→と -> と→る -> る→す -> す→る -> る→す -> す→る -> る→び -> び→る -> る→い -> い→る -> る→い -> い→る -> る→い -> い→る -> る→む -> む→る -> る→い -> い→る -> る→す -> す→る -> る→す -> す→る -> る→げ -> げ→る -> る→す -> す→る
beam_negamax vs aggressive_pvs,beam_negamax,aggressive_pvs,D20000_seed0_beam_negamax_vs_aggressive_pvs_0,20000,0,first,ended_with_n,36,second,aggressive_pvs,る,4286,63,2,3,2,,,る,う,う,0.559867,False,257.148,1,1,True,0,14,14,14,0,0,0,12,1,{},14,あ→ぬ -> ぬ→る -> る→る -> る→る -> る→る -> る→ぽ -> ぽ→る -> る→ぷ -> ぷ→る -> る→と -> と→る -> る→す -> す→る -> る→す -> す→る -> る→び -> び→る -> る→い -> い→る -> る→い -> い→る -> る→い -> い→る -> る→む -> む→る -> る→い -> い→る -> る→す -> す→る -> る→す -> す→る -> る→げ -> げ→る -> る→す -> す→る -> る→う
beam_negamax vs aggressive_pvs,beam_negamax,aggressive_pvs,D20000_seed0_beam_negamax_vs_aggressive_pvs_0,20000,0,first,ended_with_n,37,first,beam_negamax,う,199,2,63,3,2,,,う,る,る,0.678047,False,3978.239069767442,1,2,True,0,24,24,24,0,0,32,0,0,"{""0"": 24}",24,あ→ぬ -> ぬ→る -> る→る -> る→る -> る→る -> る→ぽ -> ぽ→る -> る→ぷ -> ぷ→る -> る→と -> と→る -> る→す -> す→る -> る→す -> す→る -> る→び -> び→る -> る→い -> い→る -> る→い -> い→る -> る→い -> い→る -> る→む -> む→る -> る→い -> い→る -> る→す -> す→る -> る→す -> す→る -> る→げ -> げ→る -> る→す -> す→る -> る→う -> う→る
beam_negamax vs aggressive_pvs,beam_negamax,aggressive_pvs,D20000_seed0_beam_negamax_vs_aggressive_pvs_0,20000,0,first,ended_with_n,38,second,aggressive_pvs,る,4286,63,2,2,1,,,る,う,う,0.562238,False,236.6575,1,2,True,0,14,14,14,0,0,0,12,1,{},14,あ→ぬ -> ぬ→る -> る→る -> る→る -> る→る -> る→ぽ -> ぽ→る -> る→ぷ -> ぷ→る -> る→と -> と→る -> る→す -> す→る -> る→す -> す→る -> る→び -> び→る -> る→い -> い→る -> る→い -> い→る -> る→い -> い→る -> る→む -> む→る -> る→い -> い→る -> る→す -> す→る -> る→す -> す→る -> る→げ -> げ→る -> る→す -> す→る -> る→う -> う→る -> る→う
beam_negamax vs aggressive_pvs,beam_negamax,aggressive_pvs,D20000_seed0_beam_negamax_vs_aggressive_pvs_0,20000,0,first,ended_with_n,39,first,beam_negamax,う,199,2,63,2,1,,,う,る,る,1.00001,True,-215.74653846153845,2,1,True,0,31,28,2,0,0,41,0,0,"{""0"": 24, ""1"": 12}",2,あ→ぬ -> ぬ→る -> る→る -> る→る -> る→る -> る→ぽ -> ぽ→る -> る→ぷ -> ぷ→る -> る→と -> と→る -> る→す -> す→る -> る→す -> す→る -> る→び -> び→る -> る→い -> い→る -> る→い -> い→る -> る→い -> い→る -> る→む -> む→る -> る→い -> い→る -> る→す -> す→る -> る→す -> す→る -> る→げ -> げ→る -> る→す -> す→る -> る→う -> う→る -> る→う -> う→る
beam_negamax vs aggressive_pvs,beam_negamax,aggressive_pvs,D20000_seed0_beam_negamax_vs_aggressive_pvs_0,20000,0,first,ended_with_n,40,second,aggressive_pvs,る,4343,63,59,2,1,,,る,ゆ,ゆ,1.000011,True,-3978.8547674418605,2,1,True,0,32,31,0,0,0,0,30,0,{},0,あ→ぬ -> ぬ→る -> る→る -> る→る -> る→る -> る→ぽ -> ぽ→る -> る→ぷ -> ぷ→る -> る→と -> と→る -> る→す -> す→る -> る→す -> す→る -> る→び -> び→る -> る→い -> い→る -> る→い -> い→る -> る→い -> い→る -> る→む -> む→る -> る→い -> い→る -> る→す -> す→る -> る→す -> す→る -> る→げ -> げ→る -> る→す -> す→る -> る→う -> う→る -> る→う -> う→る -> る→ゆ
beam_negamax vs aggressive_pvs,beam_negamax,aggressive_pvs,D20000_seed0_beam_negamax_vs_aggressive_pvs_0,20000,0,first,ended_with_n,41,first,beam_negamax,ゆ,4075,59,63,3,2,,,ゆ,る,る,0.740253,False,3961.3244736842107,1,1,True,0,24,24,24,0,0,19,0,0,"{""0"": 24}",24,あ→ぬ -> ぬ→る -> る→る -> る→る -> る→る -> る→ぽ -> ぽ→る -> る→ぷ -> ぷ→る -> る→と -> と→る -> る→す -> す→る -> る→す -> す→る -> る→び -> び→る -> る→い -> い→る -> る→い -> い→る -> る→い -> い→る -> る→む -> む→る -> る→い -> い→る -> る→す -> す→る -> る→す -> す→る -> る→げ -> げ→る -> る→す -> す→る -> る→う -> う→る -> る→う -> う→る -> る→ゆ -> ゆ→る
beam_negamax vs aggressive_pvs,beam_negamax,aggressive_pvs,D20000_seed0_beam_negamax_vs_aggressive_pvs_0,20000,0,first,ended_with_n,42,second,aggressive_pvs,る,4291,63,7,1,0,,,る,き,き,0.92975,False,187.45625,1,1,True,0,23,23,14,0,0,0,12,10,{},14,あ→ぬ -> ぬ→る -> る→る -> る→る -> る→る -> る→ぽ -> ぽ→る -> る→ぷ -> ぷ→る -> る→と -> と→る -> る→す -> す→る -> る→す -> す→る -> る→び -> び→る -> る→い -> い→る -> る→い -> い→る -> る→い -> い→る -> る→む -> む→る -> る→い -> い→る -> る→す -> す→る -> る→す -> す→る -> る→げ -> げ→る -> る→す -> す→る -> る→う -> う→る -> る→う -> う→る -> る→ゆ -> ゆ→る -> る→き
beam_negamax vs aggressive_pvs,beam_negamax,aggressive_pvs,D20000_seed0_beam_negamax_vs_aggressive_pvs_0,20000,0,first,ended_with_n,43,first,beam_negamax,き,539,7,63,12,11,,,き,る,る,0.635584,False,3964.035,1,1,True,0,24,24,24,0,0,35,0,0,"{""0"": 24}",24,あ→ぬ -> ぬ→る -> る→る -> る→る -> る→る -> る→ぽ -> ぽ→る -> る→ぷ -> ぷ→る -> る→と -> と→る -> る→す -> す→る -> る→す -> す→る -> る→び -> び→る -> る→い -> い→る -> る→い -> い→る -> る→い -> い→る -> る→む -> む→る -> る→い -> い→る -> る→す -> す→る -> る→す -> す→る -> る→げ -> げ→る -> る→す -> す→る -> る→う -> う→る -> る→う -> う→る -> る→ゆ -> ゆ→る -> る→き -> き→る
beam_negamax vs aggressive_pvs,beam_negamax,aggressive_pvs,D20000_seed0_beam_negamax_vs_aggressive_pvs_0,20000,0,first,ended_with_n,44,second,aggressive_pvs,る,4302,63,18,1,0,,,る,じ,じ,0.875639,False,159.40318181818185,1,1,True,0,22,22,13,0,0,0,11,10,{},13,あ→ぬ -> ぬ→る -> る→る -> る→る -> る→る -> る→ぽ -> ぽ→る -> る→ぷ -> ぷ→る -> る→と -> と→る -> る→す -> す→る -> る→す -> す→る -> る→び -> び→る -> る→い -> い→る -> る→い -> い→る -> る→い -> い→る -> る→む -> む→る -> る→い -> い→る -> る→す -> す→る -> る→す -> す→る -> る→げ -> げ→る -> る→す -> す→る -> る→う -> う→る -> る→う -> う→る -> る→ゆ -> ゆ→る -> る→き -> き→る -> る→じ
beam_negamax vs aggressive_pvs,beam_negamax,aggressive_pvs,D20000_seed0_beam_negamax_vs_aggressive_pvs_0,20000,0,first,ended_with_n,45,first,beam_negamax,じ,1287,18,63,7,6,,,じ,る,る,0.664604,False,3966.740263157895,1,2,True,0,24,24,24,0,0,31,0,0,"{""0"": 24}",24,あ→ぬ -> ぬ→る -> る→る -> る→る -> る→る -> る→ぽ -> ぽ→る -> る→ぷ -> ぷ→る -> る→と -> と→る -> る→す -> す→る -> る→す -> す→る -> る→び -> び→る -> る→い -> い→る -> る→い -> い→る -> る→い -> い→る -> る→む -> む→る -> る→い -> い→る -> る→す -> す→る -> る→す -> す→る -> る→げ -> げ→る -> る→す -> す→る -> る→う -> う→る -> る→う -> う→る -> る→ゆ -> ゆ→る -> る→き -> き→る -> る→じ -> じ→る
beam_negamax vs aggressive_pvs,beam_negamax,aggressive_pvs,D20000_seed0_beam_negamax_vs_aggressive_pvs_0,20000,0,first,ended_with_n,46,second,aggressive_pvs,る,4284,63,0,1,0,,,る,あ,あ,0.810442,False,131.186,1,2,True,0,20,20,12,0,0,0,10,9,{},12,あ→ぬ -> ぬ→る -> る→る -> る→る -> る→る -> る→ぽ -> ぽ→る -> る→ぷ -> ぷ→る -> る→と -> と→る -> る→す -> す→る -> る→す -> す→る -> る→び -> び→る -> る→い -> い→る -> る→い -> い→る -> る→い -> い→る -> る→む -> む→る -> る→い -> い→る -> る→す -> す→る -> る→す -> す→る -> る→げ -> げ→る -> る→す -> す→る -> る→う -> う→る -> る→う -> う→る -> る→ゆ -> ゆ→る -> る→き -> き→る -> る→じ -> じ→る -> る→あ
beam_negamax vs aggressive_pvs,beam_negamax,aggressive_pvs,D20000_seed0_beam_negamax_vs_aggressive_pvs_0,20000,0,first,ended_with_n,47,first,beam_negamax,あ,63,0,63,14,13,,,あ,る,る,1.00001,True,-103.20500000000001,2,1,True,0,32,29,2,0,0,45,0,0,"{""0"": 24, ""1"": 12}",2,あ→ぬ -> ぬ→る -> る→る -> る→る -> る→る -> る→ぽ -> ぽ→る -> る→ぷ -> ぷ→る -> る→と -> と→る -> る→す -> す→る -> る→す -> す→る -> る→び -> び→る -> る→い -> い→る -> る→い -> い→る -> る→い -> い→る -> る→む -> む→る -> る→い -> い→る -> る→す -> す→る -> る→す -> す→る -> る→げ -> げ→る -> る→す -> す→る -> る→う -> う→る -> る→う -> う→る -> る→ゆ -> ゆ→る -> る→き -> き→る -> る→じ -> じ→る -> る→あ -> あ→る
beam_negamax vs aggressive_pvs,beam_negamax,aggressive_pvs,D20000_seed0_beam_negamax_vs_aggressive_pvs_0,20000,0,first,ended_with_n,48,second,aggressive_pvs,る,4343,63,59,1,0,,,る,ゆ,ゆ,1.000013,True,-3876.0444736842105,2,1,True,0,32,31,0,0,0,0,30,0,{},0,あ→ぬ -> ぬ→る -> る→る -> る→る -> る→る -> る→ぽ -> ぽ→る -> る→ぷ -> ぷ→る -> る→と -> と→る -> る→す -> す→る -> る→す -> す→る -> る→び -> び→る -> る→い -> い→る -> る→い -> い→る -> る→い -> い→る -> る→む -> む→る -> る→い -> い→る -> る→す -> す→る -> る→す -> す→る -> る→げ -> げ→る -> る→す -> す→る -> る→う -> う→る -> る→う -> う→る -> る→ゆ -> ゆ→る -> る→き -> き→る -> る→じ -> じ→る -> る→あ -> あ→る -> る→ゆ
beam_negamax vs aggressive_pvs,beam_negamax,aggressive_pvs,D20000_seed0_beam_negamax_vs_aggressive_pvs_0,20000,0,first,ended_with_n,49,first,beam_negamax,ゆ,4075,59,63,2,1,,,ゆ,る,る,0.738399,False,4206.3372972972975,1,1,True,0,24,24,24,0,0,19,0,0,"{""0"": 24}",24,あ→ぬ -> ぬ→る -> る→る -> る→る -> る→る -> る→ぽ -> ぽ→る -> る→ぷ -> ぷ→る -> る→と -> と→る -> る→す -> す→る -> る→す -> す→る -> る→び -> び→る -> る→い -> い→る -> る→い -> い→る -> る→い -> い→る -> る→む -> む→る -> る→い -> い→る -> る→す -> す→る -> る→す -> す→る -> る→げ -> げ→る -> る→す -> す→る -> る→う -> う→る -> る→う -> う→る -> る→ゆ -> ゆ→る -> る→き -> き→る -> る→じ -> じ→る -> る→あ -> あ→る -> る→ゆ -> ゆ→る
beam_negamax vs aggressive_pvs,beam_negamax,aggressive_pvs,D20000_seed0_beam_negamax_vs_aggressive_pvs_0,20000,0,first,ended_with_n,50,second,aggressive_pvs,る,4285,63,1,1,0,,,る,い,い,0.638987,False,50.47062500000004,1,1,True,0,16,16,10,0,0,0,8,7,{},10,あ→ぬ -> ぬ→る -> る→る -> る→る -> る→る -> る→ぽ -> ぽ→る -> る→ぷ -> ぷ→る -> る→と -> と→る -> る→す -> す→る -> る→す -> す→る -> る→び -> び→る -> る→い -> い→る -> る→い -> い→る -> る→い -> い→る -> る→む -> む→る -> る→い -> い→る -> る→す -> す→る -> る→す -> す→る -> る→げ -> げ→る -> る→す -> す→る -> る→う -> う→る -> る→う -> う→る -> る→ゆ -> ゆ→る -> る→き -> き→る -> る→じ -> じ→る -> る→あ -> あ→る -> る→ゆ -> ゆ→る -> る→い
beam_negamax vs aggressive_pvs,beam_negamax,aggressive_pvs,D20000_seed0_beam_negamax_vs_aggressive_pvs_0,20000,0,first,ended_with_n,51,first,beam_negamax,い,131,1,63,3,2,,,い,る,る,0.593343,False,4212.664540540541,1,1,True,0,24,24,24,0,0,38,0,0,"{""0"": 24}",24,あ→ぬ -> ぬ→る -> る→る -> る→る -> る→る -> る→ぽ -> ぽ→る -> る→ぷ -> ぷ→る -> る→と -> と→る -> る→す -> す→る -> る→す -> す→る -> る→び -> び→る -> る→い -> い→る -> る→い -> い→る -> る→い -> い→る -> る→む -> む→る -> る→い -> い→る -> る→す -> す→る -> る→す -> す→る -> る→げ -> げ→る -> る→す -> す→る -> る→う -> う→る -> る→う -> う→る -> る→ゆ -> ゆ→る -> る→き -> き→る -> る→じ -> じ→る -> る→あ -> あ→る -> る→ゆ -> ゆ→る -> る→い -> い→る
beam_negamax vs aggressive_pvs,beam_negamax,aggressive_pvs,D20000_seed0_beam_negamax_vs_aggressive_pvs_0,20000,0,first,ended_with_n,52,second,aggressive_pvs,る,4328,63,44,1,0,,,る,ふ,ふ,0.548991,False,22.862857142857166,1,1,True,0,14,14,9,0,0,0,7,6,{},9,あ→ぬ -> ぬ→る -> る→る -> る→る -> る→る -> る→ぽ -> ぽ→る -> る→ぷ -> ぷ→る -> る→と -> と→る -> る→す -> す→る -> る→す -> す→る -> る→び -> び→る -> る→い -> い→る -> る→い -> い→る -> る→い -> い→る -> る→む -> む→る -> る→い -> い→る -> る→す -> す→る -> る→す -> す→る -> る→げ -> げ→る -> る→す -> す→る -> る→う -> う→る -> る→う -> う→る -> る→ゆ -> ゆ→る -> る→き -> き→る -> る→じ -> じ→る -> る→あ -> あ→る -> る→ゆ -> ゆ→る -> る→い -> い→る -> る→ふ
beam_negamax vs aggressive_pvs,beam_negamax,aggressive_pvs,D20000_seed0_beam_negamax_vs_aggressive_pvs_0,20000,0,first,ended_with_n,53,first,beam_negamax,ふ,3055,44,63,15,14,,,ふ,る,る,0.687423,False,4218.9758918918915,1,2,True,0,24,24,24,0,0,30,0,0,"{""0"": 24}",24,あ→ぬ -> ぬ→る -> る→る -> る→る -> る→る -> る→ぽ -> ぽ→る -> る→ぷ -> ぷ→る -> る→と -> と→る -> る→す -> す→る -> る→す -> す→る -> る→び -> び→る -> る→い -> い→る -> る→い -> い→る -> る→い -> い→る -> る→む -> む→る -> る→い -> い→る -> る→す -> す→る -> る→す -> す→る -> る→げ -> げ→る -> る→す -> す→る -> る→う -> う→る -> る→う -> う→る -> る→ゆ -> ゆ→る -> る→き -> き→る -> る→じ -> じ→る -> る→あ -> あ→る -> る→ゆ -> ゆ→る -> る→い -> い→る -> る→ふ -> ふ→る
beam_negamax vs aggressive_pvs,beam_negamax,aggressive_pvs,D20000_seed0_beam_negamax_vs_aggressive_pvs_0,20000,0,first,ended_with_n,54,second,aggressive_pvs,る,4315,63,31,1,0,,,る,と,と,0.465981,False,-5.79249999999999,1,2,True,0,12,12,8,0,0,0,6,5,{},8,あ→ぬ -> ぬ→る -> る→る -> る→る -> る→る -> る→ぽ -> ぽ→る -> る→ぷ -> ぷ→る -> る→と -> と→る -> る→す -> す→る -> る→す -> す→る -> る→び -> び→る -> る→い -> い→る -> る→い -> い→る -> る→い -> い→る -> る→む -> む→る -> る→い -> い→る -> る→す -> す→る -> る→す -> す→る -> る→げ -> げ→る -> る→す -> す→る -> る→う -> う→る -> る→う -> う→る -> る→ゆ -> ゆ→る -> る→き -> き→る -> る→じ -> じ→る -> る→あ -> あ→る -> る→ゆ -> ゆ→る -> る→い -> い→る -> る→ふ -> ふ→る -> る→と
beam_negamax vs aggressive_pvs,beam_negamax,aggressive_pvs,D20000_seed0_beam_negamax_vs_aggressive_pvs_0,20000,0,first,ended_with_n,55,first,beam_negamax,と,2171,31,63,9,8,,,と,る,る,1.000009,True,34.32400000000001,2,1,True,0,33,30,2,0,0,54,0,0,"{""0"": 24, ""1"": 12}",2,あ→ぬ -> ぬ→る -> る→る -> る→る -> る→る -> る→ぽ -> ぽ→る -> る→ぷ -> ぷ→る -> る→と -> と→る -> る→す -> す→る -> る→す -> す→る -> る→び -> び→る -> る→い -> い→る -> る→い -> い→る -> る→い -> い→る -> る→む -> む→る -> る→い -> い→る -> る→す -> す→る -> る→す -> す→る -> る→げ -> げ→る -> る→す -> す→る -> る→う -> う→る -> る→う -> う→る -> る→ゆ -> ゆ→る -> る→き -> き→る -> る→じ -> じ→る -> る→あ -> あ→る -> る→ゆ -> ゆ→る -> る→い -> い→る -> る→ふ -> ふ→る -> る→と -> と→る
beam_negamax vs aggressive_pvs,beam_negamax,aggressive_pvs,D20000_seed0_beam_negamax_vs_aggressive_pvs_0,20000,0,first,ended_with_n,56,second,aggressive_pvs,る,4312,63,28,1,0,,,る,つ,つ,1.000011,True,-4225.288378378378,2,1,True,0,34,33,0,0,0,0,32,0,{},0,あ→ぬ -> ぬ→る -> る→る -> る→る -> る→る -> る→ぽ -> ぽ→る -> る→ぷ -> ぷ→る -> る→と -> と→る -> る→す -> す→る -> る→す -> す→る -> る→び -> び→る -> る→い -> い→る -> る→い -> い→る -> る→い -> い→る -> る→む -> む→る -> る→い -> い→る -> る→す -> す→る -> る→す -> す→る -> る→げ -> げ→る -> る→す -> す→る -> る→う -> う→る -> る→う -> う→る -> る→ゆ -> ゆ→る -> る→き -> き→る -> る→じ -> じ→る -> る→あ -> あ→る -> る→ゆ -> ゆ→る -> る→い -> い→る -> る→ふ -> ふ→る -> る→と -> と→る -> る→つ
beam_negamax vs aggressive_pvs,beam_negamax,aggressive_pvs,D20000_seed0_beam_negamax_vs_aggressive_pvs_0,20000,0,first,ended_with_n,57,first,beam_negamax,つ,1967,28,63,2,1,,,つ,る,る,0.705646,False,5501.99616,1,1,True,0,24,24,24,0,0,25,0,0,"{""0"": 24}",24,あ→ぬ -> ぬ→る -> る→る -> る→る -> る→る -> る→ぽ -> ぽ→る -> る→ぷ -> ぷ→る -> る→と -> と→る -> る→す -> す→る -> る→す -> す→る -> る→び -> び→る -> る→い -> い→る -> る→い -> い→る -> る→い -> い→る -> る→む -> む→る -> る→い -> い→る -> る→す -> す→る -> る→す -> す→る -> る→げ -> げ→る -> る→す -> す→る -> る→う -> う→る -> る→う -> う→る -> る→ゆ -> ゆ→る -> る→き -> き→る -> る→じ -> じ→る -> る→あ -> あ→る -> る→ゆ -> ゆ→る -> る→い -> い→る -> る→ふ -> ふ→る -> る→と -> と→る -> る→つ -> つ→る
beam_negamax vs aggressive_pvs,beam_negamax,aggressive_pvs,D20000_seed0_beam_negamax_vs_aggressive_pvs_0,20000,0,first,ended_with_n,58,second,aggressive_pvs,る,4303,63,19,1,0,,,る,す,す,0.310874,False,-113.53749999999997,1,1,True,0,8,8,6,0,0,0,4,3,{},6,あ→ぬ -> ぬ→る -> る→る -> る→る -> る→る -> る→ぽ -> ぽ→る -> る→ぷ -> ぷ→る -> る→と -> と→る -> る→す -> す→る -> る→す -> す→る -> る→び -> び→る -> る→い -> い→る -> る→い -> い→る -> る→い -> い→る -> る→む -> む→る -> る→い -> い→る -> る→す -> す→る -> る→す -> す→る -> る→げ -> げ→る -> る→す -> す→る -> る→う -> う→る -> る→う -> う→る -> る→ゆ -> ゆ→る -> る→き -> き→る -> る→じ -> じ→る -> る→あ -> あ→る -> る→ゆ -> ゆ→る -> る→い -> い→る -> る→ふ -> ふ→る -> る→と -> と→る -> る→つ -> つ→る -> る→す
beam_negamax vs aggressive_pvs,beam_negamax,aggressive_pvs,D20000_seed0_beam_negamax_vs_aggressive_pvs_0,20000,0,first,ended_with_n,59,first,beam_negamax,す,1355,19,63,16,15,,,す,る,る,0.66353,False,5516.44896,1,1,True,0,24,24,24,0,0,28,0,0,"{""0"": 24}",24,あ→ぬ -> ぬ→る -> る→る -> る→る -> る→る -> る→ぽ -> ぽ→る -> る→ぷ -> ぷ→る -> る→と -> と→る -> る→す -> す→る -> る→す -> す→る -> る→び -> び→る -> る→い -> い→る -> る→い -> い→る -> る→い -> い→る -> る→む -> む→る -> る→い -> い→る -> る→す -> す→る -> る→す -> す→る -> る→げ -> げ→る -> る→す -> す→る -> る→う -> う→る -> る→う -> う→る -> る→ゆ -> ゆ→る -> る→き -> き→る -> る→じ -> じ→る -> る→あ -> あ→る -> る→ゆ -> ゆ→る -> る→い -> い→る -> る→ふ -> ふ→る -> る→と -> と→る -> る→つ -> つ→る -> る→す -> す→る
beam_negamax vs aggressive_pvs,beam_negamax,aggressive_pvs,D20000_seed0_beam_negamax_vs_aggressive_pvs_0,20000,0,first,ended_with_n,60,second,aggressive_pvs,る,4293,63,9,1,0,,,る,く,く,0.232633,False,-142.53999999999996,1,1,True,0,6,6,5,0,0,0,3,2,{},5,あ→ぬ -> ぬ→る -> る→る -> る→る -> る→る -> る→ぽ -> ぽ→る -> る→ぷ -> ぷ→る -> る→と -> と→る -> る→す -> す→る -> る→す -> す→る -> る→び -> び→る -> る→い -> い→る -> る→い -> い→る -> る→い -> い→る -> る→む -> む→る -> る→い -> い→る -> る→す -> す→る -> る→す -> す→る -> る→げ -> げ→る -> る→す -> す→る -> る→う -> う→る -> る→う -> う→る -> る→ゆ -> ゆ→る -> る→き -> き→る -> る→じ -> じ→る -> る→あ -> あ→る -> る→ゆ -> ゆ→る -> る→い -> い→る -> る→ふ -> ふ→る -> る→と -> と→る -> る→つ -> つ→る -> る→す -> す→る -> る→く
beam_negamax vs aggressive_pvs,beam_negamax,aggressive_pvs,D20000_seed0_beam_negamax_vs_aggressive_pvs_0,20000,0,first,ended_with_n,61,first,beam_negamax,く,675,9,63,8,7,,,く,る,る,0.638272,False,5530.92288,1,2,True,0,24,24,24,0,0,31,0,0,"{""0"": 24}",24,あ→ぬ -> ぬ→る -> る→る -> る→る -> る→る -> る→ぽ -> ぽ→る -> る→ぷ -> ぷ→る -> る→と -> と→る -> る→す -> す→る -> る→す -> す→る -> る→び -> び→る -> る→い -> い→る -> る→い -> い→る -> る→い -> い→る -> る→む -> む→る -> る→い -> い→る -> る→す -> す→る -> る→す -> す→る -> る→げ -> げ→る -> る→す -> す→る -> る→う -> う→る -> る→う -> う→る -> る→ゆ -> ゆ→る -> る→き -> き→る -> る→じ -> じ→る -> る→あ -> あ→る -> る→ゆ -> ゆ→る -> る→い -> い→る -> る→ふ -> ふ→る -> る→と -> と→る -> る→つ -> つ→る -> る→す -> す→る -> る→く -> く→る
beam_negamax vs aggressive_pvs,beam_negamax,aggressive_pvs,D20000_seed0_beam_negamax_vs_aggressive_pvs_0,20000,0,first,ended_with_n,62,second,aggressive_pvs,る,4286,63,2,1,0,,,る,う,う,0.152864,False,-172.0075,1,2,True,0,4,4,4,0,0,0,2,1,{},4,あ→ぬ -> ぬ→る -> る→る -> る→る -> る→る -> る→ぽ -> ぽ→る -> る→ぷ -> ぷ→る -> る→と -> と→る -> る→す -> す→る -> る→す -> す→る -> る→び -> び→る -> る→い -> い→る -> る→い -> い→る -> る→い -> い→る -> る→む -> む→る -> る→い -> い→る -> る→す -> す→る -> る→す -> す→る -> る→げ -> げ→る -> る→す -> す→る -> る→う -> う→る -> る→う -> う→る -> る→ゆ -> ゆ→る -> る→き -> き→る -> る→じ -> じ→る -> る→あ -> あ→る -> る→ゆ -> ゆ→る -> る→い -> い→る -> る→ふ -> ふ→る -> る→と -> と→る -> る→つ -> つ→る -> る→す -> す→る -> る→く -> く→る -> る→う
beam_negamax vs aggressive_pvs,beam_negamax,aggressive_pvs,D20000_seed0_beam_negamax_vs_aggressive_pvs_0,20000,0,first,ended_with_n,63,first,beam_negamax,う,199,2,63,1,0,,,う,る,る,1.00001,True,201.57999999999998,2,1,True,0,35,31,3,0,0,59,0,0,"{""0"": 24, ""1"": 12}",3,あ→ぬ -> ぬ→る -> る→る -> る→る -> る→る -> る→ぽ -> ぽ→る -> る→ぷ -> ぷ→る -> る→と -> と→る -> る→す -> す→る -> る→す -> す→る -> る→び -> び→る -> る→い -> い→る -> る→い -> い→る -> る→い -> い→る -> る→む -> む→る -> る→い -> い→る -> る→す -> す→る -> る→す -> す→る -> る→げ -> げ→る -> る→す -> す→る -> る→う -> う→る -> る→う -> う→る -> る→ゆ -> ゆ→る -> る→き -> き→る -> る→じ -> じ→る -> る→あ -> あ→る -> る→ゆ -> ゆ→る -> る→い -> い→る -> る→ふ -> ふ→る -> る→と -> と→る -> る→つ -> つ→る -> る→す -> す→る -> る→く -> く→る -> る→う -> う→る
beam_negamax vs aggressive_pvs,beam_negamax,aggressive_pvs,D20000_seed0_beam_negamax_vs_aggressive_pvs_0,20000,0,first,ended_with_n,64,second,aggressive_pvs,る,4317,63,33,1,0,,,る,な,な,1.000009,True,-5318.5266,2,1,True,0,36,35,0,0,0,0,34,0,{},0,あ→ぬ -> ぬ→る -> る→る -> る→る -> る→る -> る→ぽ -> ぽ→る -> る→ぷ -> ぷ→る -> る→と -> と→る -> る→す -> す→る -> る→す -> す→る -> る→び -> び→る -> る→い -> い→る -> る→い -> い→る -> る→い -> い→る -> る→む -> む→る -> る→い -> い→る -> る→す -> す→る -> る→す -> す→る -> る→げ -> げ→る -> る→す -> す→る -> る→う -> う→る -> る→う -> う→る -> る→ゆ -> ゆ→る -> る→き -> き→る -> る→じ -> じ→る -> る→あ -> あ→る -> る→ゆ -> ゆ→る -> る→い -> い→る -> る→ふ -> ふ→る -> る→と -> と→る -> る→つ -> つ→る -> る→す -> す→る -> る→く -> く→る -> る→う -> う→る -> る→な
beam_negamax vs aggressive_pvs,beam_negamax,aggressive_pvs,D20000_seed0_beam_negamax_vs_aggressive_pvs_0,20000,0,first,ended_with_n,65,first,beam_negamax,な,2307,33,63,5,4,,,な,る,る,0.6308,False,6492.085570469799,1,1,True,0,24,24,24,0,0,29,0,0,"{""0"": 24}",24,あ→ぬ -> ぬ→る -> る→る -> る→る -> る→る -> る→ぽ -> ぽ→る -> る→ぷ -> ぷ→る -> る→と -> と→る -> る→す -> す→る -> る→す -> す→る -> る→び -> び→る -> る→い -> い→る -> る→い -> い→る -> る→い -> い→る -> る→む -> む→る -> る→い -> い→る -> る→す -> す→る -> る→す -> す→る -> る→げ -> げ→る -> る→す -> す→る -> る→う -> う→る -> る→う -> う→る -> る→ゆ -> ゆ→る -> る→き -> き→る -> る→じ -> じ→る -> る→あ -> あ→る -> る→ゆ -> ゆ→る -> る→い -> い→る -> る→ふ -> ふ→る -> る→と -> と→る -> る→つ -> つ→る -> る→す -> す→る -> る→く -> く→る -> る→う -> う→る -> る→な -> な→る
beam_negamax vs aggressive_pvs,beam_negamax,aggressive_pvs,D20000_seed0_beam_negamax_vs_aggressive_pvs_0,20000,0,first,ended_with_n,66,second,aggressive_pvs,る,4346,63,62,1,0,,,る,り,り,0.030996,False,-999998.0,1,1,True,0,1,1,2,0,0,0,0,0,{},2,あ→ぬ -> ぬ→る -> る→る -> る→る -> る→る -> る→ぽ -> ぽ→る -> る→ぷ -> ぷ→る -> る→と -> と→る -> る→す -> す→る -> る→す -> す→る -> る→び -> び→る -> る→い -> い→る -> る→い -> い→る -> る→い -> い→る -> る→む -> む→る -> る→い -> い→る -> る→す -> す→る -> る→す -> す→る -> る→げ -> げ→る -> る→す -> す→る -> る→う -> う→る -> る→う -> う→る -> る→ゆ -> ゆ→る -> る→き -> き→る -> る→じ -> じ→る -> る→あ -> あ→る -> る→ゆ -> ゆ→る -> る→い -> い→る -> る→ふ -> ふ→る -> る→と -> と→る -> る→つ -> つ→る -> る→す -> す→る -> る→く -> く→る -> る→う -> う→る -> る→な -> な→る -> る→り
beam_negamax vs aggressive_pvs,beam_negamax,aggressive_pvs,D20000_seed0_beam_negamax_vs_aggressive_pvs_0,20000,0,first,ended_with_n,67,first,beam_negamax,り,4279,62,63,14,13,,,り,る,る,0.696245,False,999999.0,1,1,True,0,24,24,24,0,0,18,0,0,"{""0"": 24}",24,あ→ぬ -> ぬ→る -> る→る -> る→る -> る→る -> る→ぽ -> ぽ→る -> る→ぷ -> ぷ→る -> る→と -> と→る -> る→す -> す→る -> る→す -> す→る -> る→び -> び→る -> る→い -> い→る -> る→い -> い→る -> る→い -> い→る -> る→む -> む→る -> る→い -> い→る -> る→す -> す→る -> る→す -> す→る -> る→げ -> げ→る -> る→す -> す→る -> る→う -> う→る -> る→う -> う→る -> る→ゆ -> ゆ→る -> る→き -> き→る -> る→じ -> じ→る -> る→あ -> あ→る -> る→ゆ -> ゆ→る -> る→い -> い→る -> る→ふ -> ふ→る -> る→と -> と→る -> る→つ -> つ→る -> る→す -> す→る -> る→く -> く→る -> る→う -> う→る -> る→な -> な→る -> る→り -> り→る
beam_negamax vs aggressive_pvs,beam_negamax,aggressive_pvs,D20000_seed0_beam_negamax_vs_aggressive_pvs_0,20000,0,first,ended_with_n,68,second,aggressive_pvs,る,4351,63,67,7,6,,,る,ん,,7e-06,False,-1000000.0,1,1,True,0,0,0,1,0,0,0,0,0,{},1,あ→ぬ -> ぬ→る -> る→る -> る→る -> る→る -> る→ぽ -> ぽ→る -> る→ぷ -> ぷ→る -> る→と -> と→る -> る→す -> す→る -> る→す -> す→る -> る→び -> び→る -> る→い -> い→る -> る→い -> い→る -> る→い -> い→る -> る→む -> む→る -> る→い -> い→る -> る→す -> す→る -> る→す -> す→る -> る→げ -> げ→る -> る→す -> す→る -> る→う -> う→る -> る→う -> う→る -> る→ゆ -> ゆ→る -> る→き -> き→る -> る→じ -> じ→る -> る→あ -> あ→る -> る→ゆ -> ゆ→る -> る→い -> い→る -> る→ふ -> ふ→る -> る→と -> と→る -> る→つ -> つ→る -> る→す -> す→る -> る→く -> く→る -> る→う -> う→る -> る→な -> な→る -> る→り -> り→る -> る→ん
aggressive_pvs vs greedy,aggressive_pvs,greedy,D20000_seed0_aggressive_pvs_vs_greedy_0,20000,0,first,ended_with_n,1,first,aggressive_pvs,ANY,35,0,35,1,0,,,あ,ぬ,ぬ,1.000242,True,-508.2713636363636,5,4,True,0,0,0,0,0,0,0,0,0,{},0,あ→ぬ
aggressive_pvs vs greedy,aggressive_pvs,greedy,D20000_seed0_aggressive_pvs_vs_greedy_0,20000,0,first,ended_with_n,2,second,greedy,ぬ,2443,35,63,4,3,,,ぬ,る,る,0.013689,False,-834.8322058823529,,,,,,,,,,,,,,17,あ→ぬ -> ぬ→る
aggressive_pvs vs greedy,aggressive_pvs,greedy,D20000_seed0_aggressive_pvs_vs_greedy_0,20000,0,first,ended_with_n,3,first,aggressive_pvs,る,4347,63,63,3,2,,,る,る,る,1.000014,True,-814.4372727272727,4,3,True,0,34,30,0,0,0,0,24,5,{},0,あ→ぬ -> ぬ→る -> る→る
aggressive_pvs vs greedy,aggressive_pvs,greedy,D20000_seed0_aggressive_pvs_vs_greedy_0,20000,0,first,ended_with_n,4,second,greedy,る,4347,63,63,2,1,,,る,る,る,0.014054,False,-796.084375,,,,,,,,,,,,,,20,あ→ぬ -> ぬ→る -> る→る -> る→る
aggressive_pvs vs greedy,aggressive_pvs,greedy,D20000_seed0_aggressive_pvs_vs_greedy_0,20000,0,first,ended_with_n,5,first,aggressive_pvs,る,4347,63,63,1,0,,,る,る,る,1.000019,True,-751.1374193548387,3,2,True,0,36,33,0,0,0,0,31,1,{},0,あ→ぬ -> ぬ→る -> る→る -> る→る -> る→る
aggressive_pvs vs greedy,aggressive_pvs,greedy,D20000_seed0_aggressive_pvs_vs_greedy_0,20000,0,first,ended_with_n,6,second,greedy,る,4336,63,52,1,0,,,る,ぽ,ぽ,0.014093,False,-1106.0972340425533,,,,,,,,,,,,,,19,あ→ぬ -> ぬ→る -> る→る -> る→る -> る→る -> る→ぽ
aggressive_pvs vs greedy,aggressive_pvs,greedy,D20000_seed0_aggressive_pvs_vs_greedy_0,20000,0,first,ended_with_n,7,first,aggressive_pvs,ぽ,3556,52,20,2,1,,,ぽ,ず,ず,1.000016,True,-3121.8080078125,2,1,True,0,30,28,1,0,0,0,27,0,{},1,あ→ぬ -> ぬ→る -> る→る -> る→る -> る→る -> る→ぽ -> ぽ→ず
aggressive_pvs vs greedy,aggressive_pvs,greedy,D20000_seed0_aggressive_pvs_vs_greedy_0,20000,0,first,ended_with_n,8,second,greedy,ず,1380,20,20,1,0,,,ず,ず,ず,0.009737,False,-481.1259090909091,,,,,,,,,,,,,,14,あ→ぬ -> ぬ→る -> る→る -> る→る -> る→る -> る→ぽ -> ぽ→ず -> ず→ず
aggressive_pvs vs greedy,aggressive_pvs,greedy,D20000_seed0_aggressive_pvs_vs_greedy_0,20000,0,first,ended_with_n,9,first,aggressive_pvs,ず,1388,20,28,2,1,,,ず,つ,つ,0.508875,False,684.2860000000001,1,1,True,0,14,14,13,0,0,0,11,2,{},13,あ→ぬ -> ぬ→る -> る→る -> る→る -> る→る -> る→ぽ -> ぽ→ず -> ず→ず -> ず→つ
aggressive_pvs vs greedy,aggressive_pvs,greedy,D20000_seed0_aggressive_pvs_vs_greedy_0,20000,0,first,ended_with_n,10,second,greedy,つ,1967,28,63,2,1,,,つ,る,る,0.036952,False,-684.2860000000001,,,,,,,,,,,,,,49,あ→ぬ -> ぬ→る -> る→る -> る→る -> る→る -> る→ぽ -> ぽ→ず -> ず→ず -> ず→つ -> つ→る
aggressive_pvs vs greedy,aggressive_pvs,greedy,D20000_seed0_aggressive_pvs_vs_greedy_0,20000,0,first,ended_with_n,11,first,aggressive_pvs,る,4315,63,31,2,1,,,る,と,と,0.78782,False,664.4160344827586,1,1,True,0,22,22,18,0,0,0,16,5,{},18,あ→ぬ -> ぬ→る -> る→る -> る→る -> る→る -> る→ぽ -> ぽ→ず -> ず→ず -> ず→つ -> つ→る -> る→と
aggressive_pvs vs greedy,aggressive_pvs,greedy,D20000_seed0_aggressive_pvs_vs_greedy_0,20000,0,first,ended_with_n,12,second,greedy,と,2171,31,63,10,9,,,と,る,る,0.041529,False,-664.4160344827586,,,,,,,,,,,,,,54,あ→ぬ -> ぬ→る -> る→る -> る→る -> る→る -> る→ぽ -> ぽ→ず -> ず→ず -> ず→つ -> つ→る -> る→と -> と→る
aggressive_pvs vs greedy,aggressive_pvs,greedy,D20000_seed0_aggressive_pvs_vs_greedy_0,20000,0,first,ended_with_n,13,first,aggressive_pvs,る,4315,63,31,1,0,,,る,と,と,0.785057,False,634.5489285714286,1,2,True,0,22,22,18,0,0,0,16,5,{},18,あ→ぬ -> ぬ→る -> る→る -> る→る -> る→る -> る→ぽ -> ぽ→ず -> ず→ず -> ず→つ -> つ→る -> る→と -> と→る -> る→と
aggressive_pvs vs greedy,aggressive_pvs,greedy,D20000_seed0_aggressive_pvs_vs_greedy_0,20000,0,first,ended_with_n,14,second,greedy,と,2171,31,63,9,8,,,と,る,る,0.040545,False,-634.5489285714286,,,,,,,,,,,,,,54,あ→ぬ -> ぬ→る -> る→る -> る→る -> る→る -> る→ぽ -> ぽ→ず -> ず→ず -> ず→つ -> つ→る -> る→と -> と→る -> る→と -> と→る
aggressive_pvs vs greedy,aggressive_pvs,greedy,D20000_seed0_aggressive_pvs_vs_greedy_0,20000,0,first,ended_with_n,15,first,aggressive_pvs,る,4330,63,46,1,0,,,る,ぷ,ぷ,1.000008,True,-3122.4255859375,2,1,True,36,31,28,2,1,36,0,28,0,{},2,あ→ぬ -> ぬ→る -> る→る -> る→る -> る→る -> る→ぽ -> ぽ→ず -> ず→ず -> ず→つ -> つ→る -> る→と -> と→る -> る→と -> と→る -> る→ぷ
aggressive_pvs vs greedy,aggressive_pvs,greedy,D20000_seed0_aggressive_pvs_vs_greedy_0,20000,0,first,ended_with_n,16,second,greedy,ぷ,3148,46,20,1,0,,,ぷ,ず,ず,0.019817,False,-460.4442857142857,,,,,,,,,,,,,,28,あ→ぬ -> ぬ→る -> る→る -> る→る -> る→る -> る→ぽ -> ぽ→ず -> ず→ず -> ず→つ -> つ→る -> る→と -> と→る -> る→と -> と→る -> る→ぷ -> ぷ→ず
aggressive_pvs vs greedy,aggressive_pvs,greedy,D20000_seed0_aggressive_pvs_vs_greedy_0,20000,0,first,ended_with_n,17,first,aggressive_pvs,ず,1388,20,28,1,0,,,ず,つ,つ,0.504903,False,574.3466666666667,1,1,True,0,14,14,13,0,0,0,11,2,{},13,あ→ぬ -> ぬ→る -> る→る -> る→る -> る→る -> る→ぽ -> ぽ→ず -> ず→ず -> ず→つ -> つ→る -> る→と -> と→る -> る→と -> と→る -> る→ぷ -> ぷ→ず -> ず→つ
aggressive_pvs vs greedy,aggressive_pvs,greedy,D20000_seed0_aggressive_pvs_vs_greedy_0,20000,0,first,ended_with_n,18,second,greedy,つ,1967,28,63,1,0,,,つ,る,る,0.036202,False,-574.3466666666667,,,,,,,,,,,,,,49,あ→ぬ -> ぬ→る -> る→る -> る→る -> る→る -> る→ぽ -> ぽ→ず -> ず→ず -> ず→つ -> つ→る -> る→と -> と→る -> る→と -> と→る -> る→ぷ -> ぷ→ず -> ず→つ -> つ→る
aggressive_pvs vs greedy,aggressive_pvs,greedy,D20000_seed0_aggressive_pvs_vs_greedy_0,20000,0,first,ended_with_n,19,first,aggressive_pvs,る,4312,63,28,1,0,,,る,つ,つ,0.646408,False,2234.62,1,1,True,0,18,18,16,0,0,0,14,3,{},16,あ→ぬ -> ぬ→る -> る→る -> る→る -> る→る -> る→ぽ -> ぽ→ず -> ず→ず -> ず→つ -> つ→る -> る→と -> と→る -> る→と -> と→る -> る→ぷ -> ぷ→ず -> ず→つ -> つ→る -> る→つ
aggressive_pvs vs greedy,aggressive_pvs,greedy,D20000_seed0_aggressive_pvs_vs_greedy_0,20000,0,first,ended_with_n,20,second,greedy,つ,1914,28,10,2,1,,,つ,ぐ,ぐ,0.036203,False,-2234.62,,,,,,,,,,,,,,48,あ→ぬ -> ぬ→る -> る→る -> る→る -> る→る -> る→ぽ -> ぽ→ず -> ず→ず -> ず→つ -> つ→る -> る→と -> と→る -> る→と -> と→る -> る→ぷ -> ぷ→ず -> ず→つ -> つ→る -> る→つ -> つ→ぐ
aggressive_pvs vs greedy,aggressive_pvs,greedy,D20000_seed0_aggressive_pvs_vs_greedy_0,20000,0,first,ended_with_n,21,first,aggressive_pvs,ぐ,700,10,20,1,0,,,ぐ,ず,ず,1.000011,True,3125.15828125,1,1,True,0,31,31,30,0,0,0,30,0,{},30,あ→ぬ -> ぬ→る -> る→る -> る→る -> る→る -> る→ぽ -> ぽ→ず -> ず→ず -> ず→つ -> つ→る -> る→と -> と→る -> る→と -> と→る -> る→ぷ -> ぷ→ず -> ず→つ -> つ→る -> る→つ -> つ→ぐ -> ぐ→ず
aggressive_pvs vs greedy,aggressive_pvs,greedy,D20000_seed0_aggressive_pvs_vs_greedy_0,20000,0,first,ended_with_n,22,second,greedy,ず,1415,20,55,1,0,,,ず,む,む,0.008679,False,-3125.15828125,,,,,,,,,,,,,,12,あ→ぬ -> ぬ→る -> る→る -> る→る -> る→る -> る→ぽ -> ぽ→ず -> ず→ず -> ず→つ -> つ→る -> る→と -> と→る -> る→と -> と→る -> る→ぷ -> ぷ→ず -> ず→つ -> つ→る -> る→つ -> つ→ぐ -> ぐ→ず -> ず→む
aggressive_pvs vs greedy,aggressive_pvs,greedy,D20000_seed0_aggressive_pvs_vs_greedy_0,20000,0,first,ended_with_n,23,first,aggressive_pvs,む,3760,55,20,1,0,,,む,ず,ず,1.000007,True,3158.471875,1,1,True,0,32,32,31,0,0,0,31,0,{},31,あ→ぬ -> ぬ→る -> る→る -> る→る -> る→る -> る→ぽ -> ぽ→ず -> ず→ず -> ず→つ -> つ→る -> る→と -> と→る -> る→と -> と→る -> る→ぷ -> ぷ→ず -> ず→つ -> つ→る -> る→つ -> つ→ぐ -> ぐ→ず -> ず→む -> む→ず
aggressive_pvs vs greedy,aggressive_pvs,greedy,D20000_seed0_aggressive_pvs_vs_greedy_0,20000,0,first,ended_with_n,24,second,greedy,ず,1421,20,61,1,0,,,ず,ら,ら,0.008096,False,-3158.471875,,,,,,,,,,,,,,11,あ→ぬ -> ぬ→る -> る→る -> る→る -> る→る -> る→ぽ -> ぽ→ず -> ず→ず -> ず→つ -> つ→る -> る→と -> と→る -> る→と -> と→る -> る→ぷ -> ぷ→ず -> ず→つ -> つ→る -> る→つ -> つ→ぐ -> ぐ→ず -> ず→む -> む→ず -> ず→ら
aggressive_pvs vs greedy,aggressive_pvs,greedy,D20000_seed0_aggressive_pvs_vs_greedy_0,20000,0,first,ended_with_n,25,first,aggressive_pvs,ら,4211,61,63,7,6,,,ら,る,る,1.000012,True,2493.1877272727274,1,1,True,0,30,30,29,0,0,0,29,0,{},29,あ→ぬ -> ぬ→る -> る→る -> る→る -> る→る -> る→ぽ -> ぽ→ず -> ず→ず -> ず→つ -> つ→る -> る→と -> と→る -> る→と -> と→る -> る→ぷ -> ぷ→ず -> ず→つ -> つ→る -> る→つ -> つ→ぐ -> ぐ→ず -> ず→む -> む→ず -> ず→ら -> ら→る
aggressive_pvs vs greedy,aggressive_pvs,greedy,D20000_seed0_aggressive_pvs_vs_greedy_0,20000,0,first,ended_with_n,26,second,greedy,る,4326,63,42,1,0,,,る,び,び,0.011176,False,-2493.1877272727274,,,,,,,,,,,,,,15,あ→ぬ -> ぬ→る -> る→る -> る→る -> る→る -> る→ぽ -> ぽ→ず -> ず→ず -> ず→つ -> つ→る -> る→と -> と→る -> る→と -> と→る -> る→ぷ -> ぷ→ず -> ず→つ -> つ→る -> る→つ -> つ→ぐ -> ぐ→ず -> ず→む -> む→ず -> ず→ら -> ら→る -> る→び
aggressive_pvs vs greedy,aggressive_pvs,greedy,D20000_seed0_aggressive_pvs_vs_greedy_0,20000,0,first,ended_with_n,27,first,aggressive_pvs,び,2876,42,20,2,1,,,び,ず,ず,1.000011,True,3450.1743793103446,1,1,True,0,31,31,30,0,0,0,30,0,{},30,あ→ぬ -> ぬ→る -> る→る -> る→る -> る→る -> る→ぽ -> ぽ→ず -> ず→ず -> ず→つ -> つ→る -> る→と -> と→る -> る→と -> と→る -> る→ぷ -> ぷ→ず -> ず→つ -> つ→る -> る→つ -> つ→ぐ -> ぐ→ず -> ず→む -> む→ず -> ず→ら -> ら→る -> る→び -> び→ず
aggressive_pvs vs greedy,aggressive_pvs,greedy,D20000_seed0_aggressive_pvs_vs_greedy_0,20000,0,first,ended_with_n,28,second,greedy,ず,1424,20,64,1,0,,,ず,れ,れ,0.007598,False,-3450.1743793103446,,,,,,,,,,,,,,10,あ→ぬ -> ぬ→る -> る→る -> る→る -> る→る -> る→ぽ -> ぽ→ず -> ず→ず -> ず→つ -> つ→る -> る→と -> と→る -> る→と -> と→る -> る→ぷ -> ぷ→ず -> ず→つ -> つ→る -> る→つ -> つ→ぐ -> ぐ→ず -> ず→む -> む→ず -> ず→ら -> ら→る -> る→び -> び→ず -> ず→れ
aggressive_pvs vs greedy,aggressive_pvs,greedy,D20000_seed0_aggressive_pvs_vs_greedy_0,20000,0,first,ended_with_n,29,first,aggressive_pvs,れ,4372,64,20,2,1,,,れ,ず,ず,1.000008,True,3993.38221875,1,1,True,0,31,31,30,0,0,0,30,0,{},30,あ→ぬ -> ぬ→る -> る→る -> る→る -> る→る -> る→ぽ -> ぽ→ず -> ず→ず -> ず→つ -> つ→る -> る→と -> と→る -> る→と -> と→る -> る→ぷ -> ぷ→ず -> ず→つ -> つ→る -> る→つ -> つ→ぐ -> ぐ→ず -> ず→む -> む→ず -> ず→ら -> ら→る -> る→び -> び→ず -> ず→れ -> れ→ず
aggressive_pvs vs greedy,aggressive_pvs,greedy,D20000_seed0_aggressive_pvs_vs_greedy_0,20000,0,first,ended_with_n,30,second,greedy,ず,1366,20,6,1,0,,,ず,が,が,0.006943,False,-3993.38221875,,,,,,,,,,,,,,9,あ→ぬ -> ぬ→る -> る→る -> る→る -> る→る -> る→ぽ -> ぽ→ず -> ず→ず -> ず→つ -> つ→る -> る→と -> と→る -> る→と -> と→る -> る→ぷ -> ぷ→ず -> ず→つ -> つ→る -> る→つ -> つ→ぐ -> ぐ→ず -> ず→む -> む→ず -> ず→ら -> ら→る -> る→び -> び→ず -> ず→れ -> れ→ず -> ず→が
aggressive_pvs vs greedy,aggressive_pvs,greedy,D20000_seed0_aggressive_pvs_vs_greedy_0,20000,0,first,ended_with_n,31,first,aggressive_pvs,が,428,6,20,1,0,,,が,ず,ず,1.000013,True,5324.511233183856,1,1,True,0,31,31,30,0,0,0,30,0,{},30,あ→ぬ -> ぬ→る -> る→る -> る→る -> る→る -> る→ぽ -> ぽ→ず -> ず→ず -> ず→つ -> つ→る -> る→と -> と→る -> る→と -> と→る -> る→ぷ -> ぷ→ず -> ず→つ -> つ→る -> る→つ -> つ→ぐ -> ぐ→ず -> ず→む -> む→ず -> ず→ら -> ら→る -> る→び -> び→ず -> ず→れ -> れ→ず -> ず→が -> が→ず
aggressive_pvs vs greedy,aggressive_pvs,greedy,D20000_seed0_aggressive_pvs_vs_greedy_0,20000,0,first,ended_with_n,32,second,greedy,ず,1420,20,60,2,1,,,ず,よ,よ,0.006373,False,-5324.511233183856,,,,,,,,,,,,,,8,あ→ぬ -> ぬ→る -> る→る -> る→る -> る→る -> る→ぽ -> ぽ→ず -> ず→ず -> ず→つ -> つ→る -> る→と -> と→る -> る→と -> と→る -> る→ぷ -> ぷ→ず -> ず→つ -> つ→る -> る→つ -> つ→ぐ -> ぐ→ず -> ず→む -> む→ず -> ず→ら -> ら→る -> る→び -> び→ず -> ず→れ -> れ→ず -> ず→が -> が→ず -> ず→よ
aggressive_pvs vs greedy,aggressive_pvs,greedy,D20000_seed0_aggressive_pvs_vs_greedy_0,20000,0,first,ended_with_n,33,first,aggressive_pvs,よ,4100,60,20,2,1,,,よ,ず,ず,1.000007,True,5307.005202702702,1,1,True,0,33,33,32,0,0,0,32,0,{},32,あ→ぬ -> ぬ→る -> る→る -> る→る -> る→る -> る→ぽ -> ぽ→ず -> ず→ず -> ず→つ -> つ→る -> る→と -> と→る -> る→と -> と→る -> る→ぷ -> ぷ→ず -> ず→つ -> つ→る -> る→つ -> つ→ぐ -> ぐ→ず -> ず→む -> む→ず -> ず→ら -> ら→る -> る→び -> び→ず -> ず→れ -> れ→ず -> ず→が -> が→ず -> ず→よ -> よ→ず
aggressive_pvs vs greedy,aggressive_pvs,greedy,D20000_seed0_aggressive_pvs_vs_greedy_0,20000,0,first,ended_with_n,34,second,greedy,ず,1420,20,60,1,0,,,ず,よ,よ,0.006448,False,-5307.005202702702,,,,,,,,,,,,,,8,あ→ぬ -> ぬ→る -> る→る -> る→る -> る→る -> る→ぽ -> ぽ→ず -> ず→ず -> ず→つ -> つ→る -> る→と -> と→る -> る→と -> と→る -> る→ぷ -> ぷ→ず -> ず→つ -> つ→る -> る→つ -> つ→ぐ -> ぐ→ず -> ず→む -> む→ず -> ず→ら -> ら→る -> る→び -> び→ず -> ず→れ -> れ→ず -> ず→が -> が→ず -> ず→よ -> よ→ず -> ず→よ
aggressive_pvs vs greedy,aggressive_pvs,greedy,D20000_seed0_aggressive_pvs_vs_greedy_0,20000,0,first,ended_with_n,35,first,aggressive_pvs,よ,4100,60,20,1,0,,,よ,ず,ず,1.00001,True,5970.3075,1,1,True,0,33,33,32,0,0,0,32,0,{},32,あ→ぬ -> ぬ→る -> る→る -> る→る -> る→る -> る→ぽ -> ぽ→ず -> ず→ず -> ず→つ -> つ→る -> る→と -> と→る -> る→と -> と→る -> る→ぷ -> ぷ→ず -> ず→つ -> つ→る -> る→つ -> つ→ぐ -> ぐ→ず -> ず→む -> む→ず -> ず→ら -> ら→る -> る→び -> び→ず -> ず→れ -> れ→ず -> ず→が -> が→ず -> ず→よ -> よ→ず -> ず→よ -> よ→ず
aggressive_pvs vs greedy,aggressive_pvs,greedy,D20000_seed0_aggressive_pvs_vs_greedy_0,20000,0,first,ended_with_n,36,second,greedy,ず,1362,20,2,6,5,,,ず,う,う,0.005413,False,-5970.3075,,,,,,,,,,,,,,7,あ→ぬ -> ぬ→る -> る→る -> る→る -> る→る -> る→ぽ -> ぽ→ず -> ず→ず -> ず→つ -> つ→る -> る→と -> と→る -> る→と -> と→る -> る→ぷ -> ぷ→ず -> ず→つ -> つ→る -> る→つ -> つ→ぐ -> ぐ→ず -> ず→む -> む→ず -> ず→ら -> ら→る -> る→び -> び→ず -> ず→れ -> れ→ず -> ず→が -> が→ず -> ず→よ -> よ→ず -> ず→よ -> よ→ず -> ず→う
aggressive_pvs vs greedy,aggressive_pvs,greedy,D20000_seed0_aggressive_pvs_vs_greedy_0,20000,0,first,ended_with_n,37,first,aggressive_pvs,う,156,2,20,2,1,,,う,ず,ず,1.000007,True,5950.740304182509,1,1,True,0,34,34,33,0,0,0,33,0,{},33,あ→ぬ -> ぬ→る -> る→る -> る→る -> る→る -> る→ぽ -> ぽ→ず -> ず→ず -> ず→つ -> つ→る -> る→と -> と→る -> る→と -> と→る -> る→ぷ -> ぷ→ず -> ず→つ -> つ→る -> る→つ -> つ→ぐ -> ぐ→ず -> ず→む -> む→ず -> ず→ら -> ら→る -> る→び -> び→ず -> ず→れ -> れ→ず -> ず→が -> が→ず -> ず→よ -> よ→ず -> ず→よ -> よ→ず -> ず→う -> う→ず
aggressive_pvs vs greedy,aggressive_pvs,greedy,D20000_seed0_aggressive_pvs_vs_greedy_0,20000,0,first,ended_with_n,38,second,greedy,ず,1362,20,2,5,4,,,ず,う,う,0.005422,False,-5950.740304182509,,,,,,,,,,,,,,7,あ→ぬ -> ぬ→る -> る→る -> る→る -> る→る -> る→ぽ -> ぽ→ず -> ず→ず -> ず→つ -> つ→る -> る→と -> と→る -> る→と -> と→る -> る→ぷ -> ぷ→ず -> ず→つ -> つ→る -> る→つ -> つ→ぐ -> ぐ→ず -> ず→む -> む→ず -> ず→ら -> ら→る -> る→び -> び→ず -> ず→れ -> れ→ず -> ず→が -> が→ず -> ず→よ -> よ→ず -> ず→よ -> よ→ず -> ず→う -> う→ず -> ず→う
aggressive_pvs vs greedy,aggressive_pvs,greedy,D20000_seed0_aggressive_pvs_vs_greedy_0,20000,0,first,ended_with_n,39,first,aggressive_pvs,う,156,2,20,1,0,,,う,ず,ず,1.000006,True,5898.0867748091605,1,1,True,0,34,34,33,0,0,0,33,0,{},33,あ→ぬ -> ぬ→る -> る→る -> る→る -> る→る -> る→ぽ -> ぽ→ず -> ず→ず -> ず→つ -> つ→る -> る→と -> と→る -> る→と -> と→る -> る→ぷ -> ぷ→ず -> ず→つ -> つ→る -> る→つ -> つ→ぐ -> ぐ→ず -> ず→む -> む→ず -> ず→ら -> ら→る -> る→び -> び→ず -> ず→れ -> れ→ず -> ず→が -> が→ず -> ず→よ -> よ→ず -> ず→よ -> よ→ず -> ず→う -> う→ず -> ず→う -> う→ず
aggressive_pvs vs greedy,aggressive_pvs,greedy,D20000_seed0_aggressive_pvs_vs_greedy_0,20000,0,first,ended_with_n,40,second,greedy,ず,1362,20,2,4,3,,,ず,う,う,0.005476,False,-5898.0867748091605,,,,,,,,,,,,,,7,あ→ぬ -> ぬ→る -> る→る -> る→る -> る→る -> る→ぽ -> ぽ→ず -> ず→ず -> ず→つ -> つ→る -> る→と -> と→る -> る→と -> と→る -> る→ぷ -> ぷ→ず -> ず→つ -> つ→る -> る→つ -> つ→ぐ -> ぐ→ず -> ず→む -> む→ず -> ず→ら -> ら→る -> る→び -> び→ず -> ず→れ -> れ→ず -> ず→が -> が→ず -> ず→よ -> よ→ず -> ず→よ -> よ→ず -> ず→う -> う→ず -> ず→う -> う→ず -> ず→う
aggressive_pvs vs greedy,aggressive_pvs,greedy,D20000_seed0_aggressive_pvs_vs_greedy_0,20000,0,first,ended_with_n,41,first,aggressive_pvs,う,199,2,63,3,2,,,う,る,る,1.000009,True,3087.7196062992125,1,1,True,0,34,34,32,0,0,0,32,1,{},32,あ→ぬ -> ぬ→る -> る→る -> る→る -> る→る -> る→ぽ -> ぽ→ず -> ず→ず -> ず→つ -> つ→る -> る→と -> と→る -> る→と -> と→る -> る→ぷ -> ぷ→ず -> ず→つ -> つ→る -> る→つ -> つ→ぐ -> ぐ→ず -> ず→む -> む→ず -> ず→ら -> ら→る -> る→び -> び→ず -> ず→れ -> れ→ず -> ず→が -> が→ず -> ず→よ -> よ→ず -> ず→よ -> よ→ず -> ず→う -> う→ず -> ず→う -> う→ず -> ず→う -> う→る
aggressive_pvs vs greedy,aggressive_pvs,greedy,D20000_seed0_aggressive_pvs_vs_greedy_0,20000,0,first,ended_with_n,42,second,greedy,る,4339,63,55,1,0,,,る,む,む,0.01051,False,-3087.7196062992125,,,,,,,,,,,,,,14,あ→ぬ -> ぬ→る -> る→る -> る→る -> る→る -> る→ぽ -> ぽ→ず -> ず→ず -> ず→つ -> つ→る -> る→と -> と→る -> る→と -> と→る -> る→ぷ -> ぷ→ず -> ず→つ -> つ→る -> る→つ -> つ→ぐ -> ぐ→ず -> ず→む -> む→ず -> ず→ら -> ら→る -> る→び -> び→ず -> ず→れ -> れ→ず -> ず→が -> が→ず -> ず→よ -> よ→ず -> ず→よ -> よ→ず -> ず→う -> う→ず -> ず→う -> う→ず -> ず→う -> う→る -> る→む
aggressive_pvs vs greedy,aggressive_pvs,greedy,D20000_seed0_aggressive_pvs_vs_greedy_0,20000,0,first,ended_with_n,43,first,aggressive_pvs,む,3803,55,63,1,0,,,む,る,る,1.000006,True,3794.330796178344,1,1,True,0,31,31,30,0,0,0,30,0,{},30,あ→ぬ -> ぬ→る -> る→る -> る→る -> る→る -> る→ぽ -> ぽ→ず -> ず→ず -> ず→つ -> つ→る -> る→と -> と→る -> る→と -> と→る -> る→ぷ -> ぷ→ず -> ず→つ -> つ→る -> る→つ -> つ→ぐ -> ぐ→ず -> ず→む -> む→ず -> ず→ら -> ら→る -> る→び -> び→ず -> ず→れ -> れ→ず -> ず→が -> が→ず -> ず→よ -> よ→ず -> ず→よ -> よ→ず -> ず→う -> う→ず -> ず→う -> う→ず -> ず→う -> う→る -> る→む -> む→る
aggressive_pvs vs greedy,aggressive_pvs,greedy,D20000_seed0_aggressive_pvs_vs_greedy_0,20000,0,first,ended_with_n,44,second,greedy,る,4296,63,12,1,0,,,る,げ,げ,0.009904,False,-3794.330796178344,,,,,,,,,,,,,,13,あ→ぬ -> ぬ→る -> る→る -> る→る -> る→る -> る→ぽ -> ぽ→ず -> ず→ず -> ず→つ -> つ→る -> る→と -> と→る -> る→と -> と→る -> る→ぷ -> ぷ→ず -> ず→つ -> つ→る -> る→つ -> つ→ぐ -> ぐ→ず -> ず→む -> む→ず -> ず→ら -> ら→る -> る→び -> び→ず -> ず→れ -> れ→ず -> ず→が -> が→ず -> ず→よ -> よ→ず -> ず→よ -> よ→ず -> ず→う -> う→ず -> ず→う -> う→ず -> ず→う -> う→る -> る→む -> む→る -> る→げ
aggressive_pvs vs greedy,aggressive_pvs,greedy,D20000_seed0_aggressive_pvs_vs_greedy_0,20000,0,first,ended_with_n,45,first,aggressive_pvs,げ,879,12,63,2,1,,,げ,る,る,1.000008,True,3994.854709302326,1,1,True,0,31,31,30,0,0,0,30,0,{},30,あ→ぬ -> ぬ→る -> る→る -> る→る -> る→る -> る→ぽ -> ぽ→ず -> ず→ず -> ず→つ -> つ→る -> る→と -> と→る -> る→と -> と→る -> る→ぷ -> ぷ→ず -> ず→つ -> つ→る -> る→つ -> つ→ぐ -> ぐ→ず -> ず→む -> む→ず -> ず→ら -> ら→る -> る→び -> び→ず -> ず→れ -> れ→ず -> ず→が -> が→ず -> ず→よ -> よ→ず -> ず→よ -> よ→ず -> ず→う -> う→ず -> ず→う -> う→ず -> ず→う -> う→る -> る→む -> む→る -> る→げ -> げ→る
aggressive_pvs vs greedy,aggressive_pvs,greedy,D20000_seed0_aggressive_pvs_vs_greedy_0,20000,0,first,ended_with_n,46,second,greedy,る,4343,63,59,2,1,,,る,ゆ,ゆ,0.009531,False,-3994.854709302326,,,,,,,,,,,,,,12,あ→ぬ -> ぬ→る -> る→る -> る→る -> る→る -> る→ぽ -> ぽ→ず -> ず→ず -> ず→つ -> つ→る -> る→と -> と→る -> る→と -> と→る -> る→ぷ -> ぷ→ず -> ず→つ -> つ→る -> る→つ -> つ→ぐ -> ぐ→ず -> ず→む -> む→ず -> ず→ら -> ら→る -> る→び -> び→ず -> ず→れ -> れ→ず -> ず→が -> が→ず -> ず→よ -> よ→ず -> ず→よ -> よ→ず -> ず→う -> う→ず -> ず→う -> う→ず -> ず→う -> う→る -> る→む -> む→る -> る→げ -> げ→る -> る→ゆ
aggressive_pvs vs greedy,aggressive_pvs,greedy,D20000_seed0_aggressive_pvs_vs_greedy_0,20000,0,first,ended_with_n,47,first,aggressive_pvs,ゆ,4032,59,20,1,0,,,ゆ,ず,ず,1.000008,True,5883.945344827586,1,1,True,0,31,31,30,0,0,0,30,0,{},30,あ→ぬ -> ぬ→る -> る→る -> る→る -> る→る -> る→ぽ -> ぽ→ず -> ず→ず -> ず→つ -> つ→る -> る→と -> と→る -> る→と -> と→る -> る→ぷ -> ぷ→ず -> ず→つ -> つ→る -> る→つ -> つ→ぐ -> ぐ→ず -> ず→む -> む→ず -> ず→ら -> ら→る -> る→び -> び→ず -> ず→れ -> れ→ず -> ず→が -> が→ず -> ず→よ -> よ→ず -> ず→よ -> よ→ず -> ず→う -> う→ず -> ず→う -> う→ず -> ず→う -> う→る -> る→む -> む→る -> る→げ -> げ→る -> る→ゆ -> ゆ→ず
aggressive_pvs vs greedy,aggressive_pvs,greedy,D20000_seed0_aggressive_pvs_vs_greedy_0,20000,0,first,ended_with_n,48,second,greedy,ず,1362,20,2,3,2,,,ず,う,う,0.005423,False,-5883.945344827586,,,,,,,,,,,,,,7,あ→ぬ -> ぬ→る -> る→る -> る→る -> る→る -> る→ぽ -> ぽ→ず -> ず→ず -> ず→つ -> つ→る -> る→と -> と→る -> る→と -> と→る -> る→ぷ -> ぷ→ず -> ず→つ -> つ→る -> る→つ -> つ→ぐ -> ぐ→ず -> ず→む -> む→ず -> ず→ら -> ら→る -> る→び -> び→ず -> ず→れ -> れ→ず -> ず→が -> が→ず -> ず→よ -> よ→ず -> ず→よ -> よ→ず -> ず→う -> う→ず -> ず→う -> う→ず -> ず→う -> う→る -> る→む -> む→る -> る→げ -> げ→る -> る→ゆ -> ゆ→ず -> ず→う
aggressive_pvs vs greedy,aggressive_pvs,greedy,D20000_seed0_aggressive_pvs_vs_greedy_0,20000,0,first,ended_with_n,49,first,aggressive_pvs,う,199,2,63,2,1,,,う,る,る,1.00001,True,3950.2294736842105,1,1,True,0,34,34,32,0,0,0,32,1,{},32,あ→ぬ -> ぬ→る -> る→る -> る→る -> る→る -> る→ぽ -> ぽ→ず -> ず→ず -> ず→つ -> つ→る -> る→と -> と→る -> る→と -> と→る -> る→ぷ -> ぷ→ず -> ず→つ -> つ→る -> る→つ -> つ→ぐ -> ぐ→ず -> ず→む -> む→ず -> ず→ら -> ら→る -> る→び -> び→ず -> ず→れ -> れ→ず -> ず→が -> が→ず -> ず→よ -> よ→ず -> ず→よ -> よ→ず -> ず→う -> う→ず -> ず→う -> う→ず -> ず→う -> う→る -> る→む -> む→る -> る→げ -> げ→る -> る→ゆ -> ゆ→ず -> ず→う -> う→る
aggressive_pvs vs greedy,aggressive_pvs,greedy,D20000_seed0_aggressive_pvs_vs_greedy_0,20000,0,first,ended_with_n,50,second,greedy,る,4343,63,59,1,0,,,る,ゆ,ゆ,0.009656,False,-3950.2294736842105,,,,,,,,,,,,,,12,あ→ぬ -> ぬ→る -> る→る -> る→る -> る→る -> る→ぽ -> ぽ→ず -> ず→ず -> ず→つ -> つ→る -> る→と -> と→る -> る→と -> と→る -> る→ぷ -> ぷ→ず -> ず→つ -> つ→る -> る→つ -> つ→ぐ -> ぐ→ず -> ず→む -> む→ず -> ず→ら -> ら→る -> る→び -> び→ず -> ず→れ -> れ→ず -> ず→が -> が→ず -> ず→よ -> よ→ず -> ず→よ -> よ→ず -> ず→う -> う→ず -> ず→う -> う→ず -> ず→う -> う→る -> る→む -> む→る -> る→げ -> げ→る -> る→ゆ -> ゆ→ず -> ず→う -> う→る -> る→ゆ
aggressive_pvs vs greedy,aggressive_pvs,greedy,D20000_seed0_aggressive_pvs_vs_greedy_0,20000,0,first,ended_with_n,51,first,aggressive_pvs,ゆ,4075,59,63,3,2,,,ゆ,る,る,1.000008,True,5740.36806,1,1,True,0,31,31,30,0,0,0,30,0,{},30,あ→ぬ -> ぬ→る -> る→る -> る→る -> る→る -> る→ぽ -> ぽ→ず -> ず→ず -> ず→つ -> つ→る -> る→と -> と→る -> る→と -> と→る -> る→ぷ -> ぷ→ず -> ず→つ -> つ→る -> る→つ -> つ→ぐ -> ぐ→ず -> ず→む -> む→ず -> ず→ら -> ら→る -> る→び -> び→ず -> ず→れ -> れ→ず -> ず→が -> が→ず -> ず→よ -> よ→ず -> ず→よ -> よ→ず -> ず→う -> う→ず -> ず→う -> う→ず -> ず→う -> う→る -> る→む -> む→る -> る→げ -> げ→る -> る→ゆ -> ゆ→ず -> ず→う -> う→る -> る→ゆ -> ゆ→る
aggressive_pvs vs greedy,aggressive_pvs,greedy,D20000_seed0_aggressive_pvs_vs_greedy_0,20000,0,first,ended_with_n,52,second,greedy,る,4317,63,33,1,0,,,る,な,な,0.00868,False,-5740.36806,,,,,,,,,,,,,,11,あ→ぬ -> ぬ→る -> る→る -> る→る -> る→る -> る→ぽ -> ぽ→ず -> ず→ず -> ず→つ -> つ→る -> る→と -> と→る -> る→と -> と→る -> る→ぷ -> ぷ→ず -> ず→つ -> つ→る -> る→つ -> つ→ぐ -> ぐ→ず -> ず→む -> む→ず -> ず→ら -> ら→る -> る→び -> び→ず -> ず→れ -> れ→ず -> ず→が -> が→ず -> ず→よ -> よ→ず -> ず→よ -> よ→ず -> ず→う -> う→ず -> ず→う -> う→ず -> ず→う -> う→る -> る→む -> む→る -> る→げ -> げ→る -> る→ゆ -> ゆ→ず -> ず→う -> う→る -> る→ゆ -> ゆ→る -> る→な
aggressive_pvs vs greedy,aggressive_pvs,greedy,D20000_seed0_aggressive_pvs_vs_greedy_0,20000,0,first,ended_with_n,53,first,aggressive_pvs,な,2307,33,63,5,4,,,な,る,る,1.000007,True,5869.788461538462,1,1,True,0,35,35,33,0,0,0,33,1,{},33,あ→ぬ -> ぬ→る -> る→る -> る→る -> る→る -> る→ぽ -> ぽ→ず -> ず→ず -> ず→つ -> つ→る -> る→と -> と→る -> る→と -> と→る -> る→ぷ -> ぷ→ず -> ず→つ -> つ→る -> る→つ -> つ→ぐ -> ぐ→ず -> ず→む -> む→ず -> ず→ら -> ら→る -> る→び -> び→ず -> ず→れ -> れ→ず -> ず→が -> が→ず -> ず→よ -> よ→ず -> ず→よ -> よ→ず -> ず→う -> う→ず -> ず→う -> う→ず -> ず→う -> う→る -> る→む -> む→る -> る→げ -> げ→る -> る→ゆ -> ゆ→ず -> ず→う -> う→る -> る→ゆ -> ゆ→る -> る→な -> な→る
aggressive_pvs vs greedy,aggressive_pvs,greedy,D20000_seed0_aggressive_pvs_vs_greedy_0,20000,0,first,ended_with_n,54,second,greedy,る,4286,63,2,3,2,,,る,う,う,0.007897,False,-5869.788461538462,,,,,,,,,,,,,,10,あ→ぬ -> ぬ→る -> る→る -> る→る -> る→る -> る→ぽ -> ぽ→ず -> ず→ず -> ず→つ -> つ→る -> る→と -> と→る -> る→と -> と→る -> る→ぷ -> ぷ→ず -> ず→つ -> つ→る -> る→つ -> つ→ぐ -> ぐ→ず -> ず→む -> む→ず -> ず→ら -> ら→る -> る→び -> び→ず -> ず→れ -> れ→ず -> ず→が -> が→ず -> ず→よ -> よ→ず -> ず→よ -> よ→ず -> ず→う -> う→ず -> ず→う -> う→ず -> ず→う -> う→る -> る→む -> む→る -> る→げ -> げ→る -> る→ゆ -> ゆ→ず -> ず→う -> う→る -> る→ゆ -> ゆ→る -> る→な -> な→る -> る→う
aggressive_pvs vs greedy,aggressive_pvs,greedy,D20000_seed0_aggressive_pvs_vs_greedy_0,20000,0,first,ended_with_n,55,first,aggressive_pvs,う,199,2,63,1,0,,,う,る,る,1.000007,True,5821.637490347491,1,1,True,0,34,34,33,0,0,0,33,0,{},33,あ→ぬ -> ぬ→る -> る→る -> る→る -> る→る -> る→ぽ -> ぽ→ず -> ず→ず -> ず→つ -> つ→る -> る→と -> と→る -> る→と -> と→る -> る→ぷ -> ぷ→ず -> ず→つ -> つ→る -> る→つ -> つ→ぐ -> ぐ→ず -> ず→む -> む→ず -> ず→ら -> ら→る -> る→び -> び→ず -> ず→れ -> れ→ず -> ず→が -> が→ず -> ず→よ -> よ→ず -> ず→よ -> よ→ず -> ず→う -> う→ず -> ず→う -> う→ず -> ず→う -> う→る -> る→む -> む→る -> る→げ -> げ→る -> る→ゆ -> ゆ→ず -> ず→う -> う→る -> る→ゆ -> ゆ→る -> る→な -> な→る -> る→う -> う→る
aggressive_pvs vs greedy,aggressive_pvs,greedy,D20000_seed0_aggressive_pvs_vs_greedy_0,20000,0,first,ended_with_n,56,second,greedy,る,4286,63,2,2,1,,,る,う,う,0.007785,False,-5821.637490347491,,,,,,,,,,,,,,10,あ→ぬ -> ぬ→る -> る→る -> る→る -> る→る -> る→ぽ -> ぽ→ず -> ず→ず -> ず→つ -> つ→る -> る→と -> と→る -> る→と -> と→る -> る→ぷ -> ぷ→ず -> ず→つ -> つ→る -> る→つ -> つ→ぐ -> ぐ→ず -> ず→む -> む→ず -> ず→ら -> ら→る -> る→び -> び→ず -> ず→れ -> れ→ず -> ず→が -> が→ず -> ず→よ -> よ→ず -> ず→よ -> よ→ず -> ず→う -> う→ず -> ず→う -> う→ず -> ず→う -> う→る -> る→む -> む→る -> る→げ -> げ→る -> る→ゆ -> ゆ→ず -> ず→う -> う→る -> る→ゆ -> ゆ→る -> る→な -> な→る -> る→う -> う→る -> る→う
aggressive_pvs vs greedy,aggressive_pvs,greedy,D20000_seed0_aggressive_pvs_vs_greedy_0,20000,0,first,ended_with_n,57,first,aggressive_pvs,う,191,2,55,2,1,,,う,む,む,1.000009,True,2209.9446739130435,1,1,True,0,33,33,31,0,0,0,31,1,{},31,あ→ぬ -> ぬ→る -> る→る -> る→る -> る→る -> る→ぽ -> ぽ→ず -> ず→ず -> ず→つ -> つ→る -> る→と -> と→る -> る→と -> と→る -> る→ぷ -> ぷ→ず -> ず→つ -> つ→る -> る→つ -> つ→ぐ -> ぐ→ず -> ず→む -> む→ず -> ず→ら -> ら→る -> る→び -> び→ず -> ず→れ -> れ→ず -> ず→が -> が→ず -> ず→よ -> よ→ず -> ず→よ -> よ→ず -> ず→う -> う→ず -> ず→う -> う→ず -> ず→う -> う→る -> る→む -> む→る -> る→げ -> げ→る -> る→ゆ -> ゆ→ず -> ず→う -> う→る -> る→ゆ -> ゆ→る -> る→な -> な→る -> る→う -> う→る -> る→う -> う→む
aggressive_pvs vs greedy,aggressive_pvs,greedy,D20000_seed0_aggressive_pvs_vs_greedy_0,20000,0,first,ended_with_n,58,second,greedy,む,3750,55,10,1,0,,,む,ぐ,ぐ,0.028899,False,-2209.9446739130435,,,,,,,,,,,,,,38,あ→ぬ -> ぬ→る -> る→る -> る→る -> る→る -> る→ぽ -> ぽ→ず -> ず→ず -> ず→つ -> つ→る -> る→と -> と→る -> る→と -> と→る -> る→ぷ -> ぷ→ず -> ず→つ -> つ→る -> る→つ -> つ→ぐ -> ぐ→ず -> ず→む -> む→ず -> ず→ら -> ら→る -> る→び -> び→ず -> ず→れ -> れ→ず -> ず→が -> が→ず -> ず→よ -> よ→ず -> ず→よ -> よ→ず -> ず→う -> う→ず -> ず→う -> う→ず -> ず→う -> う→る -> る→む -> む→る -> る→げ -> げ→る -> る→ゆ -> ゆ→ず -> ず→う -> う→る -> る→ゆ -> ゆ→る -> る→な -> な→る -> る→う -> う→る -> る→う -> う→む -> む→ぐ
aggressive_pvs vs greedy,aggressive_pvs,greedy,D20000_seed0_aggressive_pvs_vs_greedy_0,20000,0,first,ended_with_n,59,first,aggressive_pvs,ぐ,743,10,63,4,3,,,ぐ,る,る,1.00001,True,5801.543604651163,1,1,True,0,30,30,29,0,0,0,29,0,{},29,あ→ぬ -> ぬ→る -> る→る -> る→る -> る→る -> る→ぽ -> ぽ→ず -> ず→ず -> ず→つ -> つ→る -> る→と -> と→る -> る→と -> と→る -> る→ぷ -> ぷ→ず -> ず→つ -> つ→る -> る→つ -> つ→ぐ -> ぐ→ず -> ず→む -> む→ず -> ず→ら -> ら→る -> る→び -> び→ず -> ず→れ -> れ→ず -> ず→が -> が→ず -> ず→よ -> よ→ず -> ず→よ -> よ→ず -> ず→う -> う→ず -> ず→う -> う→ず -> ず→う -> う→る -> る→む -> む→る -> る→げ -> げ→る -> る→ゆ -> ゆ→ず -> ず→う -> う→る -> る→ゆ -> ゆ→る -> る→な -> な→る -> る→う -> う→る -> る→う -> う→む -> む→ぐ -> ぐ→る
aggressive_pvs vs greedy,aggressive_pvs,greedy,D20000_seed0_aggressive_pvs_vs_greedy_0,20000,0,first,ended_with_n,60,second,greedy,る,4286,63,2,1,0,,,る,う,う,0.007949,False,-5801.543604651163,,,,,,,,,,,,,,10,あ→ぬ -> ぬ→る -> る→る -> る→る -> る→る -> る→ぽ -> ぽ→ず -> ず→ず -> ず→つ -> つ→る -> る→と -> と→る -> る→と -> と→る -> る→ぷ -> ぷ→ず -> ず→つ -> つ→る -> る→つ -> つ→ぐ -> ぐ→ず -> ず→む -> む→ず -> ず→ら -> ら→る -> る→び -> び→ず -> ず→れ -> れ→ず -> ず→が -> が→ず -> ず→よ -> よ→ず -> ず→よ -> よ→ず -> ず→う -> う→ず -> ず→う -> う→ず -> ず→う -> う→る -> る→む -> む→る -> る→げ -> げ→る -> る→ゆ -> ゆ→ず -> ず→う -> う→る -> る→ゆ -> ゆ→る -> る→な -> な→る -> る→う -> う→る -> る→う -> う→む -> む→ぐ -> ぐ→る -> る→う
aggressive_pvs vs greedy,aggressive_pvs,greedy,D20000_seed0_aggressive_pvs_vs_greedy_0,20000,0,first,ended_with_n,61,first,aggressive_pvs,う,191,2,55,1,0,,,う,む,む,1.000008,True,2479.676581632653,1,1,True,0,33,33,31,0,0,0,31,1,{},31,あ→ぬ -> ぬ→る -> る→る -> る→る -> る→る -> る→ぽ -> ぽ→ず -> ず→ず -> ず→つ -> つ→る -> る→と -> と→る -> る→と -> と→る -> る→ぷ -> ぷ→ず -> ず→つ -> つ→る -> る→つ -> つ→ぐ -> ぐ→ず -> ず→む -> む→ず -> ず→ら -> ら→る -> る→び -> び→ず -> ず→れ -> れ→ず -> ず→が -> が→ず -> ず→よ -> よ→ず -> ず→よ -> よ→ず -> ず→う -> う→ず -> ず→う -> う→ず -> ず→う -> う→る -> る→む -> む→る -> る→げ -> げ→る -> る→ゆ -> ゆ→ず -> ず→う -> う→る -> る→ゆ -> ゆ→る -> る→な -> な→る -> る→う -> う→る -> る→う -> う→む -> む→ぐ -> ぐ→る -> る→う -> う→む
aggressive_pvs vs greedy,aggressive_pvs,greedy,D20000_seed0_aggressive_pvs_vs_greedy_0,20000,0,first,ended_with_n,62,second,greedy,む,3762,55,22,1,0,,,む,ぜ,ぜ,0.028454,False,-2479.676581632653,,,,,,,,,,,,,,37,あ→ぬ -> ぬ→る -> る→る -> る→る -> る→る -> る→ぽ -> ぽ→ず -> ず→ず -> ず→つ -> つ→る -> る→と -> と→る -> る→と -> と→る -> る→ぷ -> ぷ→ず -> ず→つ -> つ→る -> る→つ -> つ→ぐ -> ぐ→ず -> ず→む -> む→ず -> ず→ら -> ら→る -> る→び -> び→ず -> ず→れ -> れ→ず -> ず→が -> が→ず -> ず→よ -> よ→ず -> ず→よ -> よ→ず -> ず→う -> う→ず -> ず→う -> う→ず -> ず→う -> う→る -> る→む -> む→る -> る→げ -> げ→る -> る→ゆ -> ゆ→ず -> ず→う -> う→る -> る→ゆ -> ゆ→る -> る→な -> な→る -> る→う -> う→る -> る→う -> う→む -> む→ぐ -> ぐ→る -> る→う -> う→む -> む→ぜ
aggressive_pvs vs greedy,aggressive_pvs,greedy,D20000_seed0_aggressive_pvs_vs_greedy_0,20000,0,first,ended_with_n,63,first,aggressive_pvs,ぜ,1559,22,63,1,0,,,ぜ,る,る,0.970835,False,6684.009765100671,1,1,True,0,28,28,29,0,0,0,27,0,{},29,あ→ぬ -> ぬ→る -> る→る -> る→る -> る→る -> る→ぽ -> ぽ→ず -> ず→ず -> ず→つ -> つ→る -> る→と -> と→る -> る→と -> と→る -> る→ぷ -> ぷ→ず -> ず→つ -> つ→る -> る→つ -> つ→ぐ -> ぐ→ず -> ず→む -> む→ず -> ず→ら -> ら→る -> る→び -> び→ず -> ず→れ -> れ→ず -> ず→が -> が→ず -> ず→よ -> よ→ず -> ず→よ -> よ→ず -> ず→う -> う→ず -> ず→う -> う→ず -> ず→う -> う→る -> る→む -> む→る -> る→げ -> げ→る -> る→ゆ -> ゆ→ず -> ず→う -> う→る -> る→ゆ -> ゆ→る -> る→な -> な→る -> る→う -> う→る -> る→う -> う→む -> む→ぐ -> ぐ→る -> る→う -> う→む -> む→ぜ -> ぜ→る
aggressive_pvs vs greedy,aggressive_pvs,greedy,D20000_seed0_aggressive_pvs_vs_greedy_0,20000,0,first,ended_with_n,64,second,greedy,る,4293,63,9,1,0,,,る,く,く,0.007081,False,-6684.009765100671,,,,,,,,,,,,,,9,あ→ぬ -> ぬ→る -> る→る -> る→る -> る→る -> る→ぽ -> ぽ→ず -> ず→ず -> ず→つ -> つ→る -> る→と -> と→る -> る→と -> と→る -> る→ぷ -> ぷ→ず -> ず→つ -> つ→る -> る→つ -> つ→ぐ -> ぐ→ず -> ず→む -> む→ず -> ず→ら -> ら→る -> る→び -> び→ず -> ず→れ -> れ→ず -> ず→が -> が→ず -> ず→よ -> よ→ず -> ず→よ -> よ→ず -> ず→う -> う→ず -> ず→う -> う→ず -> ず→う -> う→る -> る→む -> む→る -> る→げ -> げ→る -> る→ゆ -> ゆ→ず -> ず→う -> う→る -> る→ゆ -> ゆ→る -> る→な -> な→る -> る→う -> う→る -> る→う -> う→む -> む→ぐ -> ぐ→る -> る→う -> う→む -> む→ぜ -> ぜ→る -> る→く
aggressive_pvs vs greedy,aggressive_pvs,greedy,D20000_seed0_aggressive_pvs_vs_greedy_0,20000,0,first,ended_with_n,65,first,aggressive_pvs,く,675,9,63,8,7,,,く,る,る,1.000011,True,6882.192382550335,1,1,True,0,35,35,33,0,0,0,33,1,{},33,あ→ぬ -> ぬ→る -> る→る -> る→る -> る→る -> る→ぽ -> ぽ→ず -> ず→ず -> ず→つ -> つ→る -> る→と -> と→る -> る→と -> と→る -> る→ぷ -> ぷ→ず -> ず→つ -> つ→る -> る→つ -> つ→ぐ -> ぐ→ず -> ず→む -> む→ず -> ず→ら -> ら→る -> る→び -> び→ず -> ず→れ -> れ→ず -> ず→が -> が→ず -> ず→よ -> よ→ず -> ず→よ -> よ→ず -> ず→う -> う→ず -> ず→う -> う→ず -> ず→う -> う→る -> る→む -> む→る -> る→げ -> げ→る -> る→ゆ -> ゆ→ず -> ず→う -> う→る -> る→ゆ -> ゆ→る -> る→な -> な→る -> る→う -> う→る -> る→う -> う→む -> む→ぐ -> ぐ→る -> る→う -> う→む -> む→ぜ -> ぜ→る -> る→く -> く→る
aggressive_pvs vs greedy,aggressive_pvs,greedy,D20000_seed0_aggressive_pvs_vs_greedy_0,20000,0,first,ended_with_n,66,second,greedy,る,4346,63,62,1,0,,,る,り,り,0.006249,False,-6882.192382550335,,,,,,,,,,,,,,8,あ→ぬ -> ぬ→る -> る→る -> る→る -> る→る -> る→ぽ -> ぽ→ず -> ず→ず -> ず→つ -> つ→る -> る→と -> と→る -> る→と -> と→る -> る→ぷ -> ぷ→ず -> ず→つ -> つ→る -> る→つ -> つ→ぐ -> ぐ→ず -> ず→む -> む→ず -> ず→ら -> ら→る -> る→び -> び→ず -> ず→れ -> れ→ず -> ず→が -> が→ず -> ず→よ -> よ→ず -> ず→よ -> よ→ず -> ず→う -> う→ず -> ず→う -> う→ず -> ず→う -> う→る -> る→む -> む→る -> る→げ -> げ→る -> る→ゆ -> ゆ→ず -> ず→う -> う→る -> る→ゆ -> ゆ→る -> る→な -> な→る -> る→う -> う→る -> る→う -> う→む -> む→ぐ -> ぐ→る -> る→う -> う→む -> む→ぜ -> ぜ→る -> る→く -> く→る -> る→り
aggressive_pvs vs greedy,aggressive_pvs,greedy,D20000_seed0_aggressive_pvs_vs_greedy_0,20000,0,first,ended_with_n,67,first,aggressive_pvs,り,4279,62,63,14,13,,,り,る,る,1.000007,True,8054.506927374302,1,1,True,0,32,32,31,0,0,0,31,0,{},31,あ→ぬ -> ぬ→る -> る→る -> る→る -> る→る -> る→ぽ -> ぽ→ず -> ず→ず -> ず→つ -> つ→る -> る→と -> と→る -> る→と -> と→る -> る→ぷ -> ぷ→ず -> ず→つ -> つ→る -> る→つ -> つ→ぐ -> ぐ→ず -> ず→む -> む→ず -> ず→ら -> ら→る -> る→び -> び→ず -> ず→れ -> れ→ず -> ず→が -> が→ず -> ず→よ -> よ→ず -> ず→よ -> よ→ず -> ず→う -> う→ず -> ず→う -> う→ず -> ず→う -> う→る -> る→む -> む→る -> る→げ -> げ→る -> る→ゆ -> ゆ→ず -> ず→う -> う→る -> る→ゆ -> ゆ→る -> る→な -> な→る -> る→う -> う→る -> る→う -> う→む -> む→ぐ -> ぐ→る -> る→う -> う→む -> む→ぜ -> ぜ→る -> る→く -> く→る -> る→り -> り→る
aggressive_pvs vs greedy,aggressive_pvs,greedy,D20000_seed0_aggressive_pvs_vs_greedy_0,20000,0,first,ended_with_n,68,second,greedy,る,4303,63,19,6,5,,,る,す,す,0.005474,False,-8054.506927374302,,,,,,,,,,,,,,7,あ→ぬ -> ぬ→る -> る→る -> る→る -> る→る -> る→ぽ -> ぽ→ず -> ず→ず -> ず→つ -> つ→る -> る→と -> と→る -> る→と -> と→る -> る→ぷ -> ぷ→ず -> ず→つ -> つ→る -> る→つ -> つ→ぐ -> ぐ→ず -> ず→む -> む→ず -> ず→ら -> ら→る -> る→び -> び→ず -> ず→れ -> れ→ず -> ず→が -> が→ず -> ず→よ -> よ→ず -> ず→よ -> よ→ず -> ず→う -> う→ず -> ず→う -> う→ず -> ず→う -> う→る -> る→む -> む→る -> る→げ -> げ→る -> る→ゆ -> ゆ→ず -> ず→う -> う→る -> る→ゆ -> ゆ→る -> る→な -> な→る -> る→う -> う→る -> る→う -> う→む -> む→ぐ -> ぐ→る -> る→う -> う→む -> む→ぜ -> ぜ→る -> る→く -> く→る -> る→り -> り→る -> る→す
aggressive_pvs vs greedy,aggressive_pvs,greedy,D20000_seed0_aggressive_pvs_vs_greedy_0,20000,0,first,ended_with_n,69,first,aggressive_pvs,す,1355,19,63,21,20,,,す,る,る,1.000012,True,8034.403025210084,1,1,True,0,35,35,33,0,0,0,33,1,{},33,あ→ぬ -> ぬ→る -> る→る -> る→る -> る→る -> る→ぽ -> ぽ→ず -> ず→ず -> ず→つ -> つ→る -> る→と -> と→る -> る→と -> と→る -> る→ぷ -> ぷ→ず -> ず→つ -> つ→る -> る→つ -> つ→ぐ -> ぐ→ず -> ず→む -> む→ず -> ず→ら -> ら→る -> る→び -> び→ず -> ず→れ -> れ→ず -> ず→が -> が→ず -> ず→よ -> よ→ず -> ず→よ -> よ→ず -> ず→う -> う→ず -> ず→う -> う→ず -> ず→う -> う→る -> る→む -> む→る -> る→げ -> げ→る -> る→ゆ -> ゆ→ず -> ず→う -> う→る -> る→ゆ -> ゆ→る -> る→な -> な→る -> る→う -> う→る -> る→う -> う→む -> む→ぐ -> ぐ→る -> る→う -> う→む -> む→ぜ -> ぜ→る -> る→く -> く→る -> る→り -> り→る -> る→す -> す→る
aggressive_pvs vs greedy,aggressive_pvs,greedy,D20000_seed0_aggressive_pvs_vs_greedy_0,20000,0,first,ended_with_n,70,second,greedy,る,4303,63,19,5,4,,,る,す,す,0.005423,False,-8034.403025210084,,,,,,,,,,,,,,7,あ→ぬ -> ぬ→る -> る→る -> る→る -> る→る -> る→ぽ -> ぽ→ず -> ず→ず -> ず→つ -> つ→る -> る→と -> と→る -> る→と -> と→る -> る→ぷ -> ぷ→ず -> ず→つ -> つ→る -> る→つ -> つ→ぐ -> ぐ→ず -> ず→む -> む→ず -> ず→ら -> ら→る -> る→び -> び→ず -> ず→れ -> れ→ず -> ず→が -> が→ず -> ず→よ -> よ→ず -> ず→よ -> よ→ず -> ず→う -> う→ず -> ず→う -> う→ず -> ず→う -> う→る -> る→む -> む→る -> る→げ -> げ→る -> る→ゆ -> ゆ→ず -> ず→う -> う→る -> る→ゆ -> ゆ→る -> る→な -> な→る -> る→う -> う→る -> る→う -> う→む -> む→ぐ -> ぐ→る -> る→う -> う→む -> む→ぜ -> ぜ→る -> る→く -> く→る -> る→り -> り→る -> る→す -> す→る -> る→す
aggressive_pvs vs greedy,aggressive_pvs,greedy,D20000_seed0_aggressive_pvs_vs_greedy_0,20000,0,first,ended_with_n,71,first,aggressive_pvs,す,1355,19,63,20,19,,,す,る,る,1.000012,True,8014.298033707865,1,1,True,0,35,35,33,0,0,0,33,1,{},33,あ→ぬ -> ぬ→る -> る→る -> る→る -> る→る -> る→ぽ -> ぽ→ず -> ず→ず -> ず→つ -> つ→る -> る→と -> と→る -> る→と -> と→る -> る→ぷ -> ぷ→ず -> ず→つ -> つ→る -> る→つ -> つ→ぐ -> ぐ→ず -> ず→む -> む→ず -> ず→ら -> ら→る -> る→び -> び→ず -> ず→れ -> れ→ず -> ず→が -> が→ず -> ず→よ -> よ→ず -> ず→よ -> よ→ず -> ず→う -> う→ず -> ず→う -> う→ず -> ず→う -> う→る -> る→む -> む→る -> る→げ -> げ→る -> る→ゆ -> ゆ→ず -> ず→う -> う→る -> る→ゆ -> ゆ→る -> る→な -> な→る -> る→う -> う→る -> る→う -> う→む -> む→ぐ -> ぐ→る -> る→う -> う→む -> む→ぜ -> ぜ→る -> る→く -> く→る -> る→り -> り→る -> る→す -> す→る -> る→す -> す→る
aggressive_pvs vs greedy,aggressive_pvs,greedy,D20000_seed0_aggressive_pvs_vs_greedy_0,20000,0,first,ended_with_n,72,second,greedy,る,4303,63,19,4,3,,,る,す,す,0.005481,False,-8014.298033707865,,,,,,,,,,,,,,7,あ→ぬ -> ぬ→る -> る→る -> る→る -> る→る -> る→ぽ -> ぽ→ず -> ず→ず -> ず→つ -> つ→る -> る→と -> と→る -> る→と -> と→る -> る→ぷ -> ぷ→ず -> ず→つ -> つ→る -> る→つ -> つ→ぐ -> ぐ→ず -> ず→む -> む→ず -> ず→ら -> ら→る -> る→び -> び→ず -> ず→れ -> れ→ず -> ず→が -> が→ず -> ず→よ -> よ→ず -> ず→よ -> よ→ず -> ず→う -> う→ず -> ず→う -> う→ず -> ず→う -> う→る -> る→む -> む→る -> る→げ -> げ→る -> る→ゆ -> ゆ→ず -> ず→う -> う→る -> る→ゆ -> ゆ→る -> る→な -> な→る -> る→う -> う→る -> る→う -> う→む -> む→ぐ -> ぐ→る -> る→う -> う→む -> む→ぜ -> ぜ→る -> る→く -> く→る -> る→り -> り→る -> る→す -> す→る -> る→す -> す→る -> る→す
aggressive_pvs vs greedy,aggressive_pvs,greedy,D20000_seed0_aggressive_pvs_vs_greedy_0,20000,0,first,ended_with_n,73,first,aggressive_pvs,す,1355,19,63,19,18,,,す,る,る,1.000014,True,7994.191943661972,1,1,True,0,34,34,33,0,0,0,33,0,{},33,あ→ぬ -> ぬ→る -> る→る -> る→る -> る→る -> る→ぽ -> ぽ→ず -> ず→ず -> ず→つ -> つ→る -> る→と -> と→る -> る→と -> と→る -> る→ぷ -> ぷ→ず -> ず→つ -> つ→る -> る→つ -> つ→ぐ -> ぐ→ず -> ず→む -> む→ず -> ず→ら -> ら→る -> る→び -> び→ず -> ず→れ -> れ→ず -> ず→が -> が→ず -> ず→よ -> よ→ず -> ず→よ -> よ→ず -> ず→う -> う→ず -> ず→う -> う→ず -> ず→う -> う→る -> る→む -> む→る -> る→げ -> げ→る -> る→ゆ -> ゆ→ず -> ず→う -> う→る -> る→ゆ -> ゆ→る -> る→な -> な→る -> る→う -> う→る -> る→う -> う→む -> む→ぐ -> ぐ→る -> る→う -> う→む -> む→ぜ -> ぜ→る -> る→く -> く→る -> る→り -> り→る -> る→す -> す→る -> る→す -> す→る -> る→す -> す→る
aggressive_pvs vs greedy,aggressive_pvs,greedy,D20000_seed0_aggressive_pvs_vs_greedy_0,20000,0,first,ended_with_n,74,second,greedy,る,4303,63,19,3,2,,,る,す,す,0.005435,False,-7994.191943661972,,,,,,,,,,,,,,7,あ→ぬ -> ぬ→る -> る→る -> る→る -> る→る -> る→ぽ -> ぽ→ず -> ず→ず -> ず→つ -> つ→る -> る→と -> と→る -> る→と -> と→る -> る→ぷ -> ぷ→ず -> ず→つ -> つ→る -> る→つ -> つ→ぐ -> ぐ→ず -> ず→む -> む→ず -> ず→ら -> ら→る -> る→び -> び→ず -> ず→れ -> れ→ず -> ず→が -> が→ず -> ず→よ -> よ→ず -> ず→よ -> よ→ず -> ず→う -> う→ず -> ず→う -> う→ず -> ず→う -> う→る -> る→む -> む→る -> る→げ -> げ→る -> る→ゆ -> ゆ→ず -> ず→う -> う→る -> る→ゆ -> ゆ→る -> る→な -> な→る -> る→う -> う→る -> る→う -> う→む -> む→ぐ -> ぐ→る -> る→う -> う→む -> む→ぜ -> ぜ→る -> る→く -> く→る -> る→り -> り→る -> る→す -> す→る -> る→す -> す→る -> る→す -> す→る -> る→す
aggressive_pvs vs greedy,aggressive_pvs,greedy,D20000_seed0_aggressive_pvs_vs_greedy_0,20000,0,first,ended_with_n,75,first,aggressive_pvs,す,1355,19,63,18,17,,,す,る,る,1.000007,True,7974.0847457627115,1,1,True,0,34,34,33,0,0,0,33,0,{},33,あ→ぬ -> ぬ→る -> る→る -> る→る -> る→る -> る→ぽ -> ぽ→ず -> ず→ず -> ず→つ -> つ→る -> る→と -> と→る -> る→と -> と→る -> る→ぷ -> ぷ→ず -> ず→つ -> つ→る -> る→つ -> つ→ぐ -> ぐ→ず -> ず→む -> む→ず -> ず→ら -> ら→る -> る→び -> び→ず -> ず→れ -> れ→ず -> ず→が -> が→ず -> ず→よ -> よ→ず -> ず→よ -> よ→ず -> ず→う -> う→ず -> ず→う -> う→ず -> ず→う -> う→る -> る→む -> む→る -> る→げ -> げ→る -> る→ゆ -> ゆ→ず -> ず→う -> う→る -> る→ゆ -> ゆ→る -> る→な -> な→る -> る→う -> う→る -> る→う -> う→む -> む→ぐ -> ぐ→る -> る→う -> う→む -> む→ぜ -> ぜ→る -> る→く -> く→る -> る→り -> り→る -> る→す -> す→る -> る→す -> す→る -> る→す -> す→る -> る→す -> す→る
aggressive_pvs vs greedy,aggressive_pvs,greedy,D20000_seed0_aggressive_pvs_vs_greedy_0,20000,0,first,ended_with_n,76,second,greedy,る,4303,63,19,2,1,,,る,す,す,0.005499,False,-7974.0847457627115,,,,,,,,,,,,,,7,あ→ぬ -> ぬ→る -> る→る -> る→る -> る→る -> る→ぽ -> ぽ→ず -> ず→ず -> ず→つ -> つ→る -> る→と -> と→る -> る→と -> と→る -> る→ぷ -> ぷ→ず -> ず→つ -> つ→る -> る→つ -> つ→ぐ -> ぐ→ず -> ず→む -> む→ず -> ず→ら -> ら→る -> る→び -> び→ず -> ず→れ -> れ→ず -> ず→が -> が→ず -> ず→よ -> よ→ず -> ず→よ -> よ→ず -> ず→う -> う→ず -> ず→う -> う→ず -> ず→う -> う→る -> る→む -> む→る -> る→げ -> げ→る -> る→ゆ -> ゆ→ず -> ず→う -> う→る -> る→ゆ -> ゆ→る -> る→な -> な→る -> る→う -> う→る -> る→う -> う→む -> む→ぐ -> ぐ→る -> る→う -> う→む -> む→ぜ -> ぜ→る -> る→く -> く→る -> る→り -> り→る -> る→す -> す→る -> る→す -> す→る -> る→す -> す→る -> る→す -> す→る -> る→す
aggressive_pvs vs greedy,aggressive_pvs,greedy,D20000_seed0_aggressive_pvs_vs_greedy_0,20000,0,first,ended_with_n,77,first,aggressive_pvs,す,1355,19,63,17,16,,,す,る,る,1.000009,True,7876.944985835694,1,1,True,0,34,34,33,0,0,0,33,0,{},33,あ→ぬ -> ぬ→る -> る→る -> る→る -> る→る -> る→ぽ -> ぽ→ず -> ず→ず -> ず→つ -> つ→る -> る→と -> と→る -> る→と -> と→る -> る→ぷ -> ぷ→ず -> ず→つ -> つ→る -> る→つ -> つ→ぐ -> ぐ→ず -> ず→む -> む→ず -> ず→ら -> ら→る -> る→び -> び→ず -> ず→れ -> れ→ず -> ず→が -> が→ず -> ず→よ -> よ→ず -> ず→よ -> よ→ず -> ず→う -> う→ず -> ず→う -> う→ず -> ず→う -> う→る -> る→む -> む→る -> る→げ -> げ→る -> る→ゆ -> ゆ→ず -> ず→う -> う→る -> る→ゆ -> ゆ→る -> る→な -> な→る -> る→う -> う→る -> る→う -> う→む -> む→ぐ -> ぐ→る -> る→う -> う→む -> む→ぜ -> ぜ→る -> る→く -> く→る -> る→り -> り→る -> る→す -> す→る -> る→す -> す→る -> る→す -> す→る -> る→す -> す→る -> る→す -> す→る
aggressive_pvs vs greedy,aggressive_pvs,greedy,D20000_seed0_aggressive_pvs_vs_greedy_0,20000,0,first,ended_with_n,78,second,greedy,る,4303,63,19,1,0,,,る,す,す,0.00543,False,-7876.944985835694,,,,,,,,,,,,,,7,あ→ぬ -> ぬ→る -> る→る -> る→る -> る→る -> る→ぽ -> ぽ→ず -> ず→ず -> ず→つ -> つ→る -> る→と -> と→る -> る→と -> と→る -> る→ぷ -> ぷ→ず -> ず→つ -> つ→る -> る→つ -> つ→ぐ -> ぐ→ず -> ず→む -> む→ず -> ず→ら -> ら→る -> る→び -> び→ず -> ず→れ -> れ→ず -> ず→が -> が→ず -> ず→よ -> よ→ず -> ず→よ -> よ→ず -> ず→う -> う→ず -> ず→う -> う→ず -> ず→う -> う→る -> る→む -> む→る -> る→げ -> げ→る -> る→ゆ -> ゆ→ず -> ず→う -> う→る -> る→ゆ -> ゆ→る -> る→な -> な→る -> る→う -> う→る -> る→う -> う→む -> む→ぐ -> ぐ→る -> る→う -> う→む -> む→ぜ -> ぜ→る -> る→く -> く→る -> る→り -> り→る -> る→す -> す→る -> る→す -> す→る -> る→す -> す→る -> る→す -> す→る -> る→す -> す→る -> る→す
aggressive_pvs vs greedy,aggressive_pvs,greedy,D20000_seed0_aggressive_pvs_vs_greedy_0,20000,0,first,ended_with_n,79,first,aggressive_pvs,す,1355,19,63,16,15,,,す,る,る,1.000007,True,11001.514634146342,1,1,True,0,34,34,33,0,0,0,33,0,{},33,あ→ぬ -> ぬ→る -> る→る -> る→る -> る→る -> る→ぽ -> ぽ→ず -> ず→ず -> ず→つ -> つ→る -> る→と -> と→る -> る→と -> と→る -> る→ぷ -> ぷ→ず -> ず→つ -> つ→る -> る→つ -> つ→ぐ -> ぐ→ず -> ず→む -> む→ず -> ず→ら -> ら→る -> る→び -> び→ず -> ず→れ -> れ→ず -> ず→が -> が→ず -> ず→よ -> よ→ず -> ず→よ -> よ→ず -> ず→う -> う→ず -> ず→う -> う→ず -> ず→う -> う→る -> る→む -> む→る -> る→げ -> げ→る -> る→ゆ -> ゆ→ず -> ず→う -> う→る -> る→ゆ -> ゆ→る -> る→な -> な→る -> る→う -> う→る -> る→う -> う→む -> む→ぐ -> ぐ→る -> る→う -> う→む -> む→ぜ -> ぜ→る -> る→く -> く→る -> る→り -> り→る -> る→す -> す→る -> る→す -> す→る -> る→す -> す→る -> る→す -> す→る -> る→す -> す→る -> る→す -> す→る
aggressive_pvs vs greedy,aggressive_pvs,greedy,D20000_seed0_aggressive_pvs_vs_greedy_0,20000,0,first,ended_with_n,80,second,greedy,る,4328,63,44,1,0,,,る,ふ,ふ,0.004604,False,-11001.514634146342,,,,,,,,,,,,,,6,あ→ぬ -> ぬ→る -> る→る -> る→る -> る→る -> る→ぽ -> ぽ→ず -> ず→ず -> ず→つ -> つ→る -> る→と -> と→る -> る→と -> と→る -> る→ぷ -> ぷ→ず -> ず→つ -> つ→る -> る→つ -> つ→ぐ -> ぐ→ず -> ず→む -> む→ず -> ず→ら -> ら→る -> る→び -> び→ず -> ず→れ -> れ→ず -> ず→が -> が→ず -> ず→よ -> よ→ず -> ず→よ -> よ→ず -> ず→う -> う→ず -> ず→う -> う→ず -> ず→う -> う→る -> る→む -> む→る -> る→げ -> げ→る -> る→ゆ -> ゆ→ず -> ず→う -> う→る -> る→ゆ -> ゆ→る -> る→な -> な→る -> る→う -> う→る -> る→う -> う→む -> む→ぐ -> ぐ→る -> る→う -> う→む -> む→ぜ -> ぜ→る -> る→く -> く→る -> る→り -> り→る -> る→す -> す→る -> る→す -> す→る -> る→す -> す→る -> る→す -> す→る -> る→す -> す→る -> る→す -> す→る -> る→ふ
aggressive_pvs vs greedy,aggressive_pvs,greedy,D20000_seed0_aggressive_pvs_vs_greedy_0,20000,0,first,ended_with_n,81,first,aggressive_pvs,ふ,3055,44,63,15,14,,,ふ,る,る,1.000009,True,11103.095247035573,1,1,True,0,33,33,32,0,0,0,32,0,{},32,あ→ぬ -> ぬ→る -> る→る -> る→る -> る→る -> る→ぽ -> ぽ→ず -> ず→ず -> ず→つ -> つ→る -> る→と -> と→る -> る→と -> と→る -> る→ぷ -> ぷ→ず -> ず→つ -> つ→る -> る→つ -> つ→ぐ -> ぐ→ず -> ず→む -> む→ず -> ず→ら -> ら→る -> る→び -> び→ず -> ず→れ -> れ→ず -> ず→が -> が→ず -> ず→よ -> よ→ず -> ず→よ -> よ→ず -> ず→う -> う→ず -> ず→う -> う→ず -> ず→う -> う→る -> る→む -> む→る -> る→げ -> げ→る -> る→ゆ -> ゆ→ず -> ず→う -> う→る -> る→ゆ -> ゆ→る -> る→な -> な→る -> る→う -> う→る -> る→う -> う→む -> む→ぐ -> ぐ→る -> る→う -> う→む -> む→ぜ -> ぜ→る -> る→く -> く→る -> る→り -> り→る -> る→す -> す→る -> る→す -> す→る -> る→す -> す→る -> る→す -> す→る -> る→す -> す→る -> る→す -> す→る -> る→ふ -> ふ→る
aggressive_pvs vs greedy,aggressive_pvs,greedy,D20000_seed0_aggressive_pvs_vs_greedy_0,20000,0,first,ended_with_n,82,second,greedy,る,4284,63,0,1,0,,,る,あ,あ,0.003744,False,-11103.095247035573,,,,,,,,,,,,,,5,あ→ぬ -> ぬ→る -> る→る -> る→る -> る→る -> る→ぽ -> ぽ→ず -> ず→ず -> ず→つ -> つ→る -> る→と -> と→る -> る→と -> と→る -> る→ぷ -> ぷ→ず -> ず→つ -> つ→る -> る→つ -> つ→ぐ -> ぐ→ず -> ず→む -> む→ず -> ず→ら -> ら→る -> る→び -> び→ず -> ず→れ -> れ→ず -> ず→が -> が→ず -> ず→よ -> よ→ず -> ず→よ -> よ→ず -> ず→う -> う→ず -> ず→う -> う→ず -> ず→う -> う→る -> る→む -> む→る -> る→げ -> げ→る -> る→ゆ -> ゆ→ず -> ず→う -> う→る -> る→ゆ -> ゆ→る -> る→な -> な→る -> る→う -> う→る -> る→う -> う→む -> む→ぐ -> ぐ→る -> る→う -> う→む -> む→ぜ -> ぜ→る -> る→く -> く→る -> る→り -> り→る -> る→す -> す→る -> る→す -> す→る -> る→す -> す→る -> る→す -> す→る -> る→す -> す→る -> る→す -> す→る -> る→ふ -> ふ→る -> る→あ
aggressive_pvs vs greedy,aggressive_pvs,greedy,D20000_seed0_aggressive_pvs_vs_greedy_0,20000,0,first,ended_with_n,83,first,aggressive_pvs,あ,63,0,63,14,13,,,あ,る,る,1.000007,True,11179.71202258727,1,1,True,0,36,36,35,0,0,0,35,0,{},35,あ→ぬ -> ぬ→る -> る→る -> る→る -> る→る -> る→ぽ -> ぽ→ず -> ず→ず -> ず→つ -> つ→る -> る→と -> と→る -> る→と -> と→る -> る→ぷ -> ぷ→ず -> ず→つ -> つ→る -> る→つ -> つ→ぐ -> ぐ→ず -> ず→む -> む→ず -> ず→ら -> ら→る -> る→び -> び→ず -> ず→れ -> れ→ず -> ず→が -> が→ず -> ず→よ -> よ→ず -> ず→よ -> よ→ず -> ず→う -> う→ず -> ず→う -> う→ず -> ず→う -> う→る -> る→む -> む→る -> る→げ -> げ→る -> る→ゆ -> ゆ→ず -> ず→う -> う→る -> る→ゆ -> ゆ→る -> る→な -> な→る -> る→う -> う→る -> る→う -> う→む -> む→ぐ -> ぐ→る -> る→う -> う→む -> む→ぜ -> ぜ→る -> る→く -> く→る -> る→り -> り→る -> る→す -> す→る -> る→す -> す→る -> る→す -> す→る -> る→す -> す→る -> る→す -> す→る -> る→す -> す→る -> る→ふ -> ふ→る -> る→あ -> あ→る
aggressive_pvs vs greedy,aggressive_pvs,greedy,D20000_seed0_aggressive_pvs_vs_greedy_0,20000,0,first,ended_with_n,84,second,greedy,る,4285,63,1,5,4,,,る,い,い,0.002795,False,-11179.71202258727,,,,,,,,,,,,,,4,あ→ぬ -> ぬ→る -> る→る -> る→る -> る→る -> る→ぽ -> ぽ→ず -> ず→ず -> ず→つ -> つ→る -> る→と -> と→る -> る→と -> と→る -> る→ぷ -> ぷ→ず -> ず→つ -> つ→る -> る→つ -> つ→ぐ -> ぐ→ず -> ず→む -> む→ず -> ず→ら -> ら→る -> る→び -> び→ず -> ず→れ -> れ→ず -> ず→が -> が→ず -> ず→よ -> よ→ず -> ず→よ -> よ→ず -> ず→う -> う→ず -> ず→う -> う→ず -> ず→う -> う→る -> る→む -> む→る -> る→げ -> げ→る -> る→ゆ -> ゆ→ず -> ず→う -> う→る -> る→ゆ -> ゆ→る -> る→な -> な→る -> る→う -> う→る -> る→う -> う→む -> む→ぐ -> ぐ→る -> る→う -> う→む -> む→ぜ -> ぜ→る -> る→く -> く→る -> る→り -> り→る -> る→す -> す→る -> る→す -> す→る -> る→す -> す→る -> る→す -> す→る -> る→す -> す→る -> る→す -> す→る -> る→ふ -> ふ→る -> る→あ -> あ→る -> る→い
aggressive_pvs vs greedy,aggressive_pvs,greedy,D20000_seed0_aggressive_pvs_vs_greedy_0,20000,0,first,ended_with_n,85,first,aggressive_pvs,い,131,1,63,7,6,,,い,る,る,1.000006,True,11160.927283950617,1,1,True,0,37,37,36,0,0,0,36,0,{},36,あ→ぬ -> ぬ→る -> る→る -> る→る -> る→る -> る→ぽ -> ぽ→ず -> ず→ず -> ず→つ -> つ→る -> る→と -> と→る -> る→と -> と→る -> る→ぷ -> ぷ→ず -> ず→つ -> つ→る -> る→つ -> つ→ぐ -> ぐ→ず -> ず→む -> む→ず -> ず→ら -> ら→る -> る→び -> び→ず -> ず→れ -> れ→ず -> ず→が -> が→ず -> ず→よ -> よ→ず -> ず→よ -> よ→ず -> ず→う -> う→ず -> ず→う -> う→ず -> ず→う -> う→る -> る→む -> む→る -> る→げ -> げ→る -> る→ゆ -> ゆ→ず -> ず→う -> う→る -> る→ゆ -> ゆ→る -> る→な -> な→る -> る→う -> う→る -> る→う -> う→む -> む→ぐ -> ぐ→る -> る→う -> う→む -> む→ぜ -> ぜ→る -> る→く -> く→る -> る→り -> り→る -> る→す -> す→る -> る→す -> す→る -> る→す -> す→る -> る→す -> す→る -> る→す -> す→る -> る→す -> す→る -> る→ふ -> ふ→る -> る→あ -> あ→る -> る→い -> い→る
aggressive_pvs vs greedy,aggressive_pvs,greedy,D20000_seed0_aggressive_pvs_vs_greedy_0,20000,0,first,ended_with_n,86,second,greedy,る,4285,63,1,4,3,,,る,い,い,0.002778,False,-11160.927283950617,,,,,,,,,,,,,,4,あ→ぬ -> ぬ→る -> る→る -> る→る -> る→る -> る→ぽ -> ぽ→ず -> ず→ず -> ず→つ -> つ→る -> る→と -> と→る -> る→と -> と→る -> る→ぷ -> ぷ→ず -> ず→つ -> つ→る -> る→つ -> つ→ぐ -> ぐ→ず -> ず→む -> む→ず -> ず→ら -> ら→る -> る→び -> び→ず -> ず→れ -> れ→ず -> ず→が -> が→ず -> ず→よ -> よ→ず -> ず→よ -> よ→ず -> ず→う -> う→ず -> ず→う -> う→ず -> ず→う -> う→る -> る→む -> む→る -> る→げ -> げ→る -> る→ゆ -> ゆ→ず -> ず→う -> う→る -> る→ゆ -> ゆ→る -> る→な -> な→る -> る→う -> う→る -> る→う -> う→む -> む→ぐ -> ぐ→る -> る→う -> う→む -> む→ぜ -> ぜ→る -> る→く -> く→る -> る→り -> り→る -> る→す -> す→る -> る→す -> す→る -> る→す -> す→る -> る→す -> す→る -> る→す -> す→る -> る→す -> す→る -> る→ふ -> ふ→る -> る→あ -> あ→る -> る→い -> い→る -> る→い
aggressive_pvs vs greedy,aggressive_pvs,greedy,D20000_seed0_aggressive_pvs_vs_greedy_0,20000,0,first,ended_with_n,87,first,aggressive_pvs,い,131,1,63,6,5,,,い,る,る,1.000008,True,10978.393525773196,1,1,True,0,37,37,36,0,0,0,36,0,{},36,あ→ぬ -> ぬ→る -> る→る -> る→る -> る→る -> る→ぽ -> ぽ→ず -> ず→ず -> ず→つ -> つ→る -> る→と -> と→る -> る→と -> と→る -> る→ぷ -> ぷ→ず -> ず→つ -> つ→る -> る→つ -> つ→ぐ -> ぐ→ず -> ず→む -> む→ず -> ず→ら -> ら→る -> る→び -> び→ず -> ず→れ -> れ→ず -> ず→が -> が→ず -> ず→よ -> よ→ず -> ず→よ -> よ→ず -> ず→う -> う→ず -> ず→う -> う→ず -> ず→う -> う→る -> る→む -> む→る -> る→げ -> げ→る -> る→ゆ -> ゆ→ず -> ず→う -> う→る -> る→ゆ -> ゆ→る -> る→な -> な→る -> る→う -> う→る -> る→う -> う→む -> む→ぐ -> ぐ→る -> る→う -> う→む -> む→ぜ -> ぜ→る -> る→く -> く→る -> る→り -> り→る -> る→す -> す→る -> る→す -> す→る -> る→す -> す→る -> る→す -> す→る -> る→す -> す→る -> る→す -> す→る -> る→ふ -> ふ→る -> る→あ -> あ→る -> る→い -> い→る -> る→い -> い→る
aggressive_pvs vs greedy,aggressive_pvs,greedy,D20000_seed0_aggressive_pvs_vs_greedy_0,20000,0,first,ended_with_n,88,second,greedy,る,4285,63,1,3,2,,,る,い,い,0.002827,False,-10978.393525773196,,,,,,,,,,,,,,4,あ→ぬ -> ぬ→る -> る→る -> る→る -> る→る -> る→ぽ -> ぽ→ず -> ず→ず -> ず→つ -> つ→る -> る→と -> と→る -> る→と -> と→る -> る→ぷ -> ぷ→ず -> ず→つ -> つ→る -> る→つ -> つ→ぐ -> ぐ→ず -> ず→む -> む→ず -> ず→ら -> ら→る -> る→び -> び→ず -> ず→れ -> れ→ず -> ず→が -> が→ず -> ず→よ -> よ→ず -> ず→よ -> よ→ず -> ず→う -> う→ず -> ず→う -> う→ず -> ず→う -> う→る -> る→む -> む→る -> る→げ -> げ→る -> る→ゆ -> ゆ→ず -> ず→う -> う→る -> る→ゆ -> ゆ→る -> る→な -> な→る -> る→う -> う→る -> る→う -> う→む -> む→ぐ -> ぐ→る -> る→う -> う→む -> む→ぜ -> ぜ→る -> る→く -> く→る -> る→り -> り→る -> る→す -> す→る -> る→す -> す→る -> る→す -> す→る -> る→す -> す→る -> る→す -> す→る -> る→す -> す→る -> る→ふ -> ふ→る -> る→あ -> あ→る -> る→い -> い→る -> る→い -> い→る -> る→い
aggressive_pvs vs greedy,aggressive_pvs,greedy,D20000_seed0_aggressive_pvs_vs_greedy_0,20000,0,first,ended_with_n,89,first,aggressive_pvs,い,131,1,63,5,4,,,い,る,る,1.000008,True,10961.163801652892,1,1,True,0,37,37,36,0,0,0,36,0,{},36,あ→ぬ -> ぬ→る -> る→る -> る→る -> る→る -> る→ぽ -> ぽ→ず -> ず→ず -> ず→つ -> つ→る -> る→と -> と→る -> る→と -> と→る -> る→ぷ -> ぷ→ず -> ず→つ -> つ→る -> る→つ -> つ→ぐ -> ぐ→ず -> ず→む -> む→ず -> ず→ら -> ら→る -> る→び -> び→ず -> ず→れ -> れ→ず -> ず→が -> が→ず -> ず→よ -> よ→ず -> ず→よ -> よ→ず -> ず→う -> う→ず -> ず→う -> う→ず -> ず→う -> う→る -> る→む -> む→る -> る→げ -> げ→る -> る→ゆ -> ゆ→ず -> ず→う -> う→る -> る→ゆ -> ゆ→る -> る→な -> な→る -> る→う -> う→る -> る→う -> う→む -> む→ぐ -> ぐ→る -> る→う -> う→む -> む→ぜ -> ぜ→る -> る→く -> く→る -> る→り -> り→る -> る→す -> す→る -> る→す -> す→る -> る→す -> す→る -> る→す -> す→る -> る→す -> す→る -> る→す -> す→る -> る→ふ -> ふ→る -> る→あ -> あ→る -> る→い -> い→る -> る→い -> い→る -> る→い -> い→る
aggressive_pvs vs greedy,aggressive_pvs,greedy,D20000_seed0_aggressive_pvs_vs_greedy_0,20000,0,first,ended_with_n,90,second,greedy,る,4285,63,1,2,1,,,る,い,い,0.002786,False,-10961.163801652892,,,,,,,,,,,,,,4,あ→ぬ -> ぬ→る -> る→る -> る→る -> る→る -> る→ぽ -> ぽ→ず -> ず→ず -> ず→つ -> つ→る -> る→と -> と→る -> る→と -> と→る -> る→ぷ -> ぷ→ず -> ず→つ -> つ→る -> る→つ -> つ→ぐ -> ぐ→ず -> ず→む -> む→ず -> ず→ら -> ら→る -> る→び -> び→ず -> ず→れ -> れ→ず -> ず→が -> が→ず -> ず→よ -> よ→ず -> ず→よ -> よ→ず -> ず→う -> う→ず -> ず→う -> う→ず -> ず→う -> う→る -> る→む -> む→る -> る→げ -> げ→る -> る→ゆ -> ゆ→ず -> ず→う -> う→る -> る→ゆ -> ゆ→る -> る→な -> な→る -> る→う -> う→る -> る→う -> う→む -> む→ぐ -> ぐ→る -> る→う -> う→む -> む→ぜ -> ぜ→る -> る→く -> く→る -> る→り -> り→る -> る→す -> す→る -> る→す -> す→る -> る→す -> す→る -> る→す -> す→る -> る→す -> す→る -> る→す -> す→る -> る→ふ -> ふ→る -> る→あ -> あ→る -> る→い -> い→る -> る→い -> い→る -> る→い -> い→る -> る→い
aggressive_pvs vs greedy,aggressive_pvs,greedy,D20000_seed0_aggressive_pvs_vs_greedy_0,20000,0,first,ended_with_n,91,first,aggressive_pvs,い,131,1,63,4,3,,,い,る,る,1.000008,True,10955.140745341614,1,1,True,0,37,37,36,0,0,0,36,0,{},36,あ→ぬ -> ぬ→る -> る→る -> る→る -> る→る -> る→ぽ -> ぽ→ず -> ず→ず -> ず→つ -> つ→る -> る→と -> と→る -> る→と -> と→る -> る→ぷ -> ぷ→ず -> ず→つ -> つ→る -> る→つ -> つ→ぐ -> ぐ→ず -> ず→む -> む→ず -> ず→ら -> ら→る -> る→び -> び→ず -> ず→れ -> れ→ず -> ず→が -> が→ず -> ず→よ -> よ→ず -> ず→よ -> よ→ず -> ず→う -> う→ず -> ず→う -> う→ず -> ず→う -> う→る -> る→む -> む→る -> る→げ -> げ→る -> る→ゆ -> ゆ→ず -> ず→う -> う→る -> る→ゆ -> ゆ→る -> る→な -> な→る -> る→う -> う→る -> る→う -> う→む -> む→ぐ -> ぐ→る -> る→う -> う→む -> む→ぜ -> ぜ→る -> る→く -> く→る -> る→り -> り→る -> る→す -> す→る -> る→す -> す→る -> る→す -> す→る -> る→す -> す→る -> る→す -> す→る -> る→す -> す→る -> る→ふ -> ふ→る -> る→あ -> あ→る -> る→い -> い→る -> る→い -> い→る -> る→い -> い→る -> る→い -> い→る
aggressive_pvs vs greedy,aggressive_pvs,greedy,D20000_seed0_aggressive_pvs_vs_greedy_0,20000,0,first,ended_with_n,92,second,greedy,る,4285,63,1,1,0,,,る,い,い,0.002789,False,-10955.140745341614,,,,,,,,,,,,,,4,あ→ぬ -> ぬ→る -> る→る -> る→る -> る→る -> る→ぽ -> ぽ→ず -> ず→ず -> ず→つ -> つ→る -> る→と -> と→る -> る→と -> と→る -> る→ぷ -> ぷ→ず -> ず→つ -> つ→る -> る→つ -> つ→ぐ -> ぐ→ず -> ず→む -> む→ず -> ず→ら -> ら→る -> る→び -> び→ず -> ず→れ -> れ→ず -> ず→が -> が→ず -> ず→よ -> よ→ず -> ず→よ -> よ→ず -> ず→う -> う→ず -> ず→う -> う→ず -> ず→う -> う→る -> る→む -> む→る -> る→げ -> げ→る -> る→ゆ -> ゆ→ず -> ず→う -> う→る -> る→ゆ -> ゆ→る -> る→な -> な→る -> る→う -> う→る -> る→う -> う→む -> む→ぐ -> ぐ→る -> る→う -> う→む -> む→ぜ -> ぜ→る -> る→く -> く→る -> る→り -> り→る -> る→す -> す→る -> る→す -> す→る -> る→す -> す→る -> る→す -> す→る -> る→す -> す→る -> る→す -> す→る -> る→ふ -> ふ→る -> る→あ -> あ→る -> る→い -> い→る -> る→い -> い→る -> る→い -> い→る -> る→い -> い→る -> る→い
aggressive_pvs vs greedy,aggressive_pvs,greedy,D20000_seed0_aggressive_pvs_vs_greedy_0,20000,0,first,ended_with_n,93,first,aggressive_pvs,い,131,1,63,3,2,,,い,る,る,1.000012,True,12941.011120689654,1,1,True,0,37,37,36,0,0,0,36,0,{},36,あ→ぬ -> ぬ→る -> る→る -> る→る -> る→る -> る→ぽ -> ぽ→ず -> ず→ず -> ず→つ -> つ→る -> る→と -> と→る -> る→と -> と→る -> る→ぷ -> ぷ→ず -> ず→つ -> つ→る -> る→つ -> つ→ぐ -> ぐ→ず -> ず→む -> む→ず -> ず→ら -> ら→る -> る→び -> び→ず -> ず→れ -> れ→ず -> ず→が -> が→ず -> ず→よ -> よ→ず -> ず→よ -> よ→ず -> ず→う -> う→ず -> ず→う -> う→ず -> ず→う -> う→る -> る→む -> む→る -> る→げ -> げ→る -> る→ゆ -> ゆ→ず -> ず→う -> う→る -> る→ゆ -> ゆ→る -> る→な -> な→る -> る→う -> う→る -> る→う -> う→む -> む→ぐ -> ぐ→る -> る→う -> う→む -> む→ぜ -> ぜ→る -> る→く -> く→る -> る→り -> り→る -> る→す -> す→る -> る→す -> す→る -> る→す -> す→る -> る→す -> す→る -> る→す -> す→る -> る→す -> す→る -> る→ふ -> ふ→る -> る→あ -> あ→る -> る→い -> い→る -> る→い -> い→る -> る→い -> い→る -> る→い -> い→る -> る→い -> い→る
aggressive_pvs vs greedy,aggressive_pvs,greedy,D20000_seed0_aggressive_pvs_vs_greedy_0,20000,0,first,ended_with_n,94,second,greedy,る,4291,63,7,1,0,,,る,き,き,0.001818,False,-12941.011120689654,,,,,,,,,,,,,,3,あ→ぬ -> ぬ→る -> る→る -> る→る -> る→る -> る→ぽ -> ぽ→ず -> ず→ず -> ず→つ -> つ→る -> る→と -> と→る -> る→と -> と→る -> る→ぷ -> ぷ→ず -> ず→つ -> つ→る -> る→つ -> つ→ぐ -> ぐ→ず -> ず→む -> む→ず -> ず→ら -> ら→る -> る→び -> び→ず -> ず→れ -> れ→ず -> ず→が -> が→ず -> ず→よ -> よ→ず -> ず→よ -> よ→ず -> ず→う -> う→ず -> ず→う -> う→ず -> ず→う -> う→る -> る→む -> む→る -> る→げ -> げ→る -> る→ゆ -> ゆ→ず -> ず→う -> う→る -> る→ゆ -> ゆ→る -> る→な -> な→る -> る→う -> う→る -> る→う -> う→む -> む→ぐ -> ぐ→る -> る→う -> う→む -> む→ぜ -> ぜ→る -> る→く -> く→る -> る→り -> り→る -> る→す -> す→る -> る→す -> す→る -> る→す -> す→る -> る→す -> す→る -> る→す -> す→る -> る→す -> す→る -> る→ふ -> ふ→る -> る→あ -> あ→る -> る→い -> い→る -> る→い -> い→る -> る→い -> い→る -> る→い -> い→る -> る→い -> い→る -> る→き
aggressive_pvs vs greedy,aggressive_pvs,greedy,D20000_seed0_aggressive_pvs_vs_greedy_0,20000,0,first,ended_with_n,95,first,aggressive_pvs,き,539,7,63,12,11,,,き,る,る,1.000008,True,13100.837692307692,1,1,True,0,36,36,35,0,0,0,35,0,{},35,あ→ぬ -> ぬ→る -> る→る -> る→る -> る→る -> る→ぽ -> ぽ→ず -> ず→ず -> ず→つ -> つ→る -> る→と -> と→る -> る→と -> と→る -> る→ぷ -> ぷ→ず -> ず→つ -> つ→る -> る→つ -> つ→ぐ -> ぐ→ず -> ず→む -> む→ず -> ず→ら -> ら→る -> る→び -> び→ず -> ず→れ -> れ→ず -> ず→が -> が→ず -> ず→よ -> よ→ず -> ず→よ -> よ→ず -> ず→う -> う→ず -> ず→う -> う→ず -> ず→う -> う→る -> る→む -> む→る -> る→げ -> げ→る -> る→ゆ -> ゆ→ず -> ず→う -> う→る -> る→ゆ -> ゆ→る -> る→な -> な→る -> る→う -> う→る -> る→う -> う→む -> む→ぐ -> ぐ→る -> る→う -> う→む -> む→ぜ -> ぜ→る -> る→く -> く→る -> る→り -> り→る -> る→す -> す→る -> る→す -> す→る -> る→す -> す→る -> る→す -> す→る -> る→す -> す→る -> る→す -> す→る -> る→ふ -> ふ→る -> る→あ -> あ→る -> る→い -> い→る -> る→い -> い→る -> る→い -> い→る -> る→い -> い→る -> る→い -> い→る -> る→き -> き→る
aggressive_pvs vs greedy,aggressive_pvs,greedy,D20000_seed0_aggressive_pvs_vs_greedy_0,20000,0,first,ended_with_n,96,second,greedy,る,4302,63,18,1,0,,,る,じ,じ,0.000902,False,-13100.837692307692,,,,,,,,,,,,,,2,あ→ぬ -> ぬ→る -> る→る -> る→る -> る→る -> る→ぽ -> ぽ→ず -> ず→ず -> ず→つ -> つ→る -> る→と -> と→る -> る→と -> と→る -> る→ぷ -> ぷ→ず -> ず→つ -> つ→る -> る→つ -> つ→ぐ -> ぐ→ず -> ず→む -> む→ず -> ず→ら -> ら→る -> る→び -> び→ず -> ず→れ -> れ→ず -> ず→が -> が→ず -> ず→よ -> よ→ず -> ず→よ -> よ→ず -> ず→う -> う→ず -> ず→う -> う→ず -> ず→う -> う→る -> る→む -> む→る -> る→げ -> げ→る -> る→ゆ -> ゆ→ず -> ず→う -> う→る -> る→ゆ -> ゆ→る -> る→な -> な→る -> る→う -> う→る -> る→う -> う→む -> む→ぐ -> ぐ→る -> る→う -> う→む -> む→ぜ -> ぜ→る -> る→く -> く→る -> る→り -> り→る -> る→す -> す→る -> る→す -> す→る -> る→す -> す→る -> る→す -> す→る -> る→す -> す→る -> る→す -> す→る -> る→ふ -> ふ→る -> る→あ -> あ→る -> る→い -> い→る -> る→い -> い→る -> る→い -> い→る -> る→い -> い→る -> る→い -> い→る -> る→き -> き→る -> る→じ
aggressive_pvs vs greedy,aggressive_pvs,greedy,D20000_seed0_aggressive_pvs_vs_greedy_0,20000,0,first,ended_with_n,97,first,aggressive_pvs,じ,1287,18,63,7,6,,,じ,る,る,1.000007,True,999999.0,1,1,True,0,34,34,33,0,0,0,33,0,{},33,あ→ぬ -> ぬ→る -> る→る -> る→る -> る→る -> る→ぽ -> ぽ→ず -> ず→ず -> ず→つ -> つ→る -> る→と -> と→る -> る→と -> と→る -> る→ぷ -> ぷ→ず -> ず→つ -> つ→る -> る→つ -> つ→ぐ -> ぐ→ず -> ず→む -> む→ず -> ず→ら -> ら→る -> る→び -> び→ず -> ず→れ -> れ→ず -> ず→が -> が→ず -> ず→よ -> よ→ず -> ず→よ -> よ→ず -> ず→う -> う→ず -> ず→う -> う→ず -> ず→う -> う→る -> る→む -> む→る -> る→げ -> げ→る -> る→ゆ -> ゆ→ず -> ず→う -> う→る -> る→ゆ -> ゆ→る -> る→な -> な→る -> る→う -> う→る -> る→う -> う→む -> む→ぐ -> ぐ→る -> る→う -> う→む -> む→ぜ -> ぜ→る -> る→く -> く→る -> る→り -> り→る -> る→す -> す→る -> る→す -> す→る -> る→す -> す→る -> る→す -> す→る -> る→す -> す→る -> る→す -> す→る -> る→ふ -> ふ→る -> る→あ -> あ→る -> る→い -> い→る -> る→い -> い→る -> る→い -> い→る -> る→い -> い→る -> る→い -> い→る -> る→き -> き→る -> る→じ -> じ→る
aggressive_pvs vs greedy,aggressive_pvs,greedy,D20000_seed0_aggressive_pvs_vs_greedy_0,20000,0,first,ended_with_n,98,second,greedy,る,4351,63,67,7,6,,,る,ん,,4e-06,False,-1000000.0,,,,,,,,,,,,,,1,あ→ぬ -> ぬ→る -> る→る -> る→る -> る→る -> る→ぽ -> ぽ→ず -> ず→ず -> ず→つ -> つ→る -> る→と -> と→る -> る→と -> と→る -> る→ぷ -> ぷ→ず -> ず→つ -> つ→る -> る→つ -> つ→ぐ -> ぐ→ず -> ず→む -> む→ず -> ず→ら -> ら→る -> る→び -> び→ず -> ず→れ -> れ→ず -> ず→が -> が→ず -> ず→よ -> よ→ず -> ず→よ -> よ→ず -> ず→う -> う→ず -> ず→う -> う→ず -> ず→う -> う→る -> る→む -> む→る -> る→げ -> げ→る -> る→ゆ -> ゆ→ず -> ず→う -> う→る -> る→ゆ -> ゆ→る -> る→な -> な→る -> る→う -> う→る -> る→う -> う→む -> む→ぐ -> ぐ→る -> る→う -> う→む -> む→ぜ -> ぜ→る -> る→く -> く→る -> る→り -> り→る -> る→す -> す→る -> る→す -> す→る -> る→す -> す→る -> る→す -> す→る -> る→す -> す→る -> る→す -> す→る -> る→ふ -> ふ→る -> る→あ -> あ→る -> る→い -> い→る -> る→い -> い→る -> る→い -> い→る -> る→い -> い→る -> る→い -> い→る -> る→き -> き→る -> る→じ -> じ→る -> る→ん
aggressive_pvs vs alpha_beta,aggressive_pvs,alpha_beta,D20000_seed0_aggressive_pvs_vs_alpha_beta_0,20000,0,draw,match_timeout,1,first,aggressive_pvs,ANY,35,0,35,1,0,,,あ,ぬ,ぬ,1.000165,True,-508.2713636363636,5,4,True,0,0,0,0,0,0,0,0,0,{},0,あ→ぬ
aggressive_pvs vs alpha_beta,aggressive_pvs,alpha_beta,D20000_seed0_aggressive_pvs_vs_alpha_beta_0,20000,0,draw,match_timeout,2,second,alpha_beta,ぬ,2443,35,63,4,3,,,ぬ,る,る,1.000017,True,-834.8322058823529,4,3,True,0,34,30,0,0,0,0,0,0,{},0,あ→ぬ -> ぬ→る
aggressive_pvs vs alpha_beta,aggressive_pvs,alpha_beta,D20000_seed0_aggressive_pvs_vs_alpha_beta_0,20000,0,draw,match_timeout,3,first,aggressive_pvs,る,4347,63,63,3,2,,,る,る,る,1.000013,True,-814.4372727272727,4,3,True,0,34,30,0,0,0,0,24,5,{},0,あ→ぬ -> ぬ→る -> る→る
aggressive_pvs vs alpha_beta,aggressive_pvs,alpha_beta,D20000_seed0_aggressive_pvs_vs_alpha_beta_0,20000,0,draw,match_timeout,4,second,alpha_beta,る,4347,63,63,2,1,,,る,る,る,1.00001,True,-796.084375,3,2,True,36,36,31,0,2,36,0,0,0,{},0,あ→ぬ -> ぬ→る -> る→る -> る→る
aggressive_pvs vs alpha_beta,aggressive_pvs,alpha_beta,D20000_seed0_aggressive_pvs_vs_alpha_beta_0,20000,0,draw,match_timeout,5,first,aggressive_pvs,る,4347,63,63,1,0,,,る,る,る,1.000016,True,-751.1374193548387,3,2,True,0,35,32,0,0,0,0,30,1,{},0,あ→ぬ -> ぬ→る -> る→る -> る→る -> る→る
aggressive_pvs vs alpha_beta,aggressive_pvs,alpha_beta,D20000_seed0_aggressive_pvs_vs_alpha_beta_0,20000,0,draw,match_timeout,6,second,alpha_beta,る,4336,63,52,1,0,,,る,ぽ,ぽ,1.000011,True,-1931.7662195121952,2,1,True,0,34,32,1,0,0,0,0,0,{},1,あ→ぬ -> ぬ→る -> る→る -> る→る -> る→る -> る→ぽ
aggressive_pvs vs alpha_beta,aggressive_pvs,alpha_beta,D20000_seed0_aggressive_pvs_vs_alpha_beta_0,20000,0,draw,match_timeout,7,first,aggressive_pvs,ぽ,3556,52,20,2,1,,,ぽ,ず,ず,1.000013,True,-3121.8080078125,2,1,True,0,30,28,1,0,0,0,27,0,{},1,あ→ぬ -> ぬ→る -> る→る -> る→る -> る→る -> る→ぽ -> ぽ→ず
aggressive_pvs vs alpha_beta,aggressive_pvs,alpha_beta,D20000_seed0_aggressive_pvs_vs_alpha_beta_0,20000,0,draw,match_timeout,8,second,alpha_beta,ず,1380,20,20,1,0,,,ず,ず,ず,0.463072,False,3121.8080078125,1,1,True,0,13,13,14,0,0,0,0,0,{},14,あ→ぬ -> ぬ→る -> る→る -> る→る -> る→る -> る→ぽ -> ぽ→ず -> ず→ず
aggressive_pvs vs alpha_beta,aggressive_pvs,alpha_beta,D20000_seed0_aggressive_pvs_vs_alpha_beta_0,20000,0,draw,match_timeout,9,first,aggressive_pvs,ず,1388,20,28,2,1,,,ず,つ,つ,0.5175,False,684.2860000000001,1,1,True,0,14,14,13,0,0,0,11,2,{},13,あ→ぬ -> ぬ→る -> る→る -> る→る -> る→る -> る→ぽ -> ぽ→ず -> ず→ず -> ず→つ
aggressive_pvs vs alpha_beta,aggressive_pvs,alpha_beta,D20000_seed0_aggressive_pvs_vs_alpha_beta_0,20000,0,draw,match_timeout,10,second,alpha_beta,つ,1967,28,63,2,1,,,つ,る,る,1.00001,True,1935.0733536585367,1,1,True,0,32,32,31,0,0,0,0,0,{},31,あ→ぬ -> ぬ→る -> る→る -> る→る -> る→る -> る→ぽ -> ぽ→ず -> ず→ず -> ず→つ -> つ→る
aggressive_pvs vs alpha_beta,aggressive_pvs,alpha_beta,D20000_seed0_aggressive_pvs_vs_alpha_beta_0,20000,0,draw,match_timeout,11,first,aggressive_pvs,る,4315,63,31,2,1,,,る,と,と,0.803412,False,664.4160344827586,1,1,True,0,22,22,18,0,0,0,16,5,{},18,あ→ぬ -> ぬ→る -> る→る -> る→る -> る→る -> る→ぽ -> ぽ→ず -> ず→ず -> ず→つ -> つ→る -> る→と
aggressive_pvs vs alpha_beta,aggressive_pvs,alpha_beta,D20000_seed0_aggressive_pvs_vs_alpha_beta_0,20000,0,draw,match_timeout,12,second,alpha_beta,と,2171,31,63,10,9,,,と,る,る,1.000009,True,1935.0953048780489,1,1,True,0,32,32,31,0,0,0,0,0,{},31,あ→ぬ -> ぬ→る -> る→る -> る→る -> る→る -> る→ぽ -> ぽ→ず -> ず→ず -> ず→つ -> つ→る -> る→と -> と→る
aggressive_pvs vs alpha_beta,aggressive_pvs,alpha_beta,D20000_seed0_aggressive_pvs_vs_alpha_beta_0,20000,0,draw,match_timeout,13,first,aggressive_pvs,る,4315,63,31,1,0,,,る,と,と,0.797106,False,634.5489285714286,1,2,True,0,22,22,18,0,0,0,16,5,{},18,あ→ぬ -> ぬ→る -> る→る -> る→る -> る→る -> る→ぽ -> ぽ→ず -> ず→ず -> ず→つ -> つ→る -> る→と -> と→る -> る→と
aggressive_pvs vs alpha_beta,aggressive_pvs,alpha_beta,D20000_seed0_aggressive_pvs_vs_alpha_beta_0,20000,0,draw,match_timeout,14,second,alpha_beta,と,2171,31,63,9,8,,,と,る,る,1.000008,True,1935.1441463414635,1,1,True,0,33,33,32,0,0,0,0,0,{},32,あ→ぬ -> ぬ→る -> る→る -> る→る -> る→る -> る→ぽ -> ぽ→ず -> ず→ず -> ず→つ -> つ→る -> る→と -> と→る -> る→と -> と→る
aggressive_pvs vs alpha_beta,aggressive_pvs,alpha_beta,D20000_seed0_aggressive_pvs_vs_alpha_beta_0,20000,0,draw,match_timeout,15,first,aggressive_pvs,る,4330,63,46,1,0,,,る,ぷ,ぷ,1.000012,True,-3122.4255859375,2,1,True,36,31,28,2,1,36,0,28,0,{},2,あ→ぬ -> ぬ→る -> る→る -> る→る -> る→る -> る→ぽ -> ぽ→ず -> ず→ず -> ず→つ -> つ→る -> る→と -> と→る -> る→と -> と→る -> る→ぷ
aggressive_pvs vs alpha_beta,aggressive_pvs,alpha_beta,D20000_seed0_aggressive_pvs_vs_alpha_beta_0,20000,0,draw,match_timeout,16,second,alpha_beta,ぷ,3148,46,20,1,0,,,ぷ,ず,ず,0.93416,False,3122.4255859375,1,1,True,0,27,27,28,0,0,0,0,0,{},28,あ→ぬ -> ぬ→る -> る→る -> る→る -> る→る -> る→ぽ -> ぽ→ず -> ず→ず -> ず→つ -> つ→る -> る→と -> と→る -> る→と -> と→る -> る→ぷ -> ぷ→ず
aggressive_pvs vs alpha_beta,aggressive_pvs,alpha_beta,D20000_seed0_aggressive_pvs_vs_alpha_beta_0,20000,0,draw,match_timeout,17,first,aggressive_pvs,ず,1388,20,28,1,0,,,ず,つ,つ,0.511974,False,574.3466666666667,1,1,True,0,14,14,13,0,0,0,11,2,{},13,あ→ぬ -> ぬ→る -> る→る -> る→る -> る→る -> る→ぽ -> ぽ→ず -> ず→ず -> ず→つ -> つ→る -> る→と -> と→る -> る→と -> と→る -> る→ぷ -> ぷ→ず -> ず→つ
aggressive_pvs vs alpha_beta,aggressive_pvs,alpha_beta,D20000_seed0_aggressive_pvs_vs_alpha_beta_0,20000,0,draw,match_timeout,18,second,alpha_beta,つ,1967,28,63,1,0,,,つ,る,る,1.000009,True,2487.734090909091,1,1,True,0,32,32,31,0,0,0,0,0,{},31,あ→ぬ -> ぬ→る -> る→る -> る→る -> る→る -> る→ぽ -> ぽ→ず -> ず→ず -> ず→つ -> つ→る -> る→と -> と→る -> る→と -> と→る -> る→ぷ -> ぷ→ず -> ず→つ -> つ→る
aggressive_pvs vs alpha_beta,aggressive_pvs,alpha_beta,D20000_seed0_aggressive_pvs_vs_alpha_beta_0,20000,0,draw,match_timeout,19,first,aggressive_pvs,る,4312,63,28,1,0,,,る,つ,つ,0.652671,False,2234.62,1,1,True,0,18,18,16,0,0,0,14,3,{},16,あ→ぬ -> ぬ→る -> る→る -> る→る -> る→る -> る→ぽ -> ぽ→ず -> ず→ず -> ず→つ -> つ→る -> る→と -> と→る -> る→と -> と→る -> る→ぷ -> ぷ→ず -> ず→つ -> つ→る -> る→つ
aggressive_pvs vs alpha_beta,aggressive_pvs,alpha_beta,D20000_seed0_aggressive_pvs_vs_alpha_beta_0,20000,0,draw,match_timeout,20,second,alpha_beta,つ,1932,28,28,6,5,,,つ,つ,つ,1.000009,True,2234.621935483871,1,1,True,0,31,31,30,0,0,0,0,0,{},30,あ→ぬ -> ぬ→る -> る→る -> る→る -> る→る -> る→ぽ -> ぽ→ず -> ず→ず -> ず→つ -> つ→る -> る→と -> と→る -> る→と -> と→る -> る→ぷ -> ぷ→ず -> ず→つ -> つ→る -> る→つ -> つ→つ
aggressive_pvs vs alpha_beta,aggressive_pvs,alpha_beta,D20000_seed0_aggressive_pvs_vs_alpha_beta_0,20000,0,draw,match_timeout,21,first,aggressive_pvs,つ,1932,28,28,5,4,,,つ,つ,つ,1.000007,True,2234.623870967742,1,1,True,0,32,32,28,0,0,0,28,3,{},28,あ→ぬ -> ぬ→る -> る→る -> る→る -> る→る -> る→ぽ -> ぽ→ず -> ず→ず -> ず→つ -> つ→る -> る→と -> と→る -> る→と -> と→る -> る→ぷ -> ぷ→ず -> ず→つ -> つ→る -> る→つ -> つ→つ -> つ→つ
aggressive_pvs vs alpha_beta,aggressive_pvs,alpha_beta,D20000_seed0_aggressive_pvs_vs_alpha_beta_0,20000,0,draw,match_timeout,22,second,alpha_beta,つ,1932,28,28,4,3,,,つ,つ,つ,1.00001,True,2234.625806451613,1,1,True,0,31,31,30,0,0,0,0,0,{},30,あ→ぬ -> ぬ→る -> る→る -> る→る -> る→る -> る→ぽ -> ぽ→ず -> ず→ず -> ず→つ -> つ→る -> る→と -> と→る -> る→と -> と→る -> る→ぷ -> ぷ→ず -> ず→つ -> つ→る -> る→つ -> つ→つ -> つ→つ -> つ→つ
aggressive_pvs vs alpha_beta,aggressive_pvs,alpha_beta,D20000_seed0_aggressive_pvs_vs_alpha_beta_0,20000,0,draw,match_timeout,23,first,aggressive_pvs,つ,1932,28,28,3,2,,,つ,つ,つ,1.000008,True,2234.6277419354838,1,1,True,0,32,32,28,0,0,0,28,3,{},28,あ→ぬ -> ぬ→る -> る→る -> る→る -> る→る -> る→ぽ -> ぽ→ず -> ず→ず -> ず→つ -> つ→る -> る→と -> と→る -> る→と -> と→る -> る→ぷ -> ぷ→ず -> ず→つ -> つ→る -> る→つ -> つ→つ -> つ→つ -> つ→つ -> つ→つ
aggressive_pvs vs alpha_beta,aggressive_pvs,alpha_beta,D20000_seed0_aggressive_pvs_vs_alpha_beta_0,20000,0,draw,match_timeout,24,second,alpha_beta,つ,1932,28,28,2,1,,,つ,つ,つ,1.000009,True,2234.6296774193547,1,1,True,0,32,32,31,0,0,0,0,0,{},31,あ→ぬ -> ぬ→る -> る→る -> る→る -> る→る -> る→ぽ -> ぽ→ず -> ず→ず -> ず→つ -> つ→る -> る→と -> と→る -> る→と -> と→る -> る→ぷ -> ぷ→ず -> ず→つ -> つ→る -> る→つ -> つ→つ -> つ→つ -> つ→つ -> つ→つ -> つ→つ
aggressive_pvs vs alpha_beta,aggressive_pvs,alpha_beta,D20000_seed0_aggressive_pvs_vs_alpha_beta_0,20000,0,draw,match_timeout,25,first,aggressive_pvs,つ,1932,28,28,1,0,,,つ,つ,つ,1.00001,True,2234.6383870967743,1,1,True,0,32,32,28,0,0,0,28,3,{},28,あ→ぬ -> ぬ→る -> る→る -> る→る -> る→る -> る→ぽ -> ぽ→ず -> ず→ず -> ず→つ -> つ→る -> る→と -> と→る -> る→と -> と→る -> る→ぷ -> ぷ→ず -> ず→つ -> つ→る -> る→つ -> つ→つ -> つ→つ -> つ→つ -> つ→つ -> つ→つ -> つ→つ
aggressive_pvs vs alpha_beta,aggressive_pvs,alpha_beta,D20000_seed0_aggressive_pvs_vs_alpha_beta_0,20000,0,draw,match_timeout,26,second,alpha_beta,つ,1962,28,58,3,2,,,つ,や,や,1.000008,True,1605.7257462686566,1,1,True,0,31,31,30,0,0,0,0,0,{},30,あ→ぬ -> ぬ→る -> る→る -> る→る -> る→る -> る→ぽ -> ぽ→ず -> ず→ず -> ず→つ -> つ→る -> る→と -> と→る -> る→と -> と→る -> る→ぷ -> ぷ→ず -> ず→つ -> つ→る -> る→つ -> つ→つ -> つ→つ -> つ→つ -> つ→つ -> つ→つ -> つ→つ -> つ→や
aggressive_pvs vs alpha_beta,aggressive_pvs,alpha_beta,D20000_seed0_aggressive_pvs_vs_alpha_beta_0,20000,0,draw,match_timeout,27,first,aggressive_pvs,や,3972,58,28,3,2,,,や,つ,つ,1.000009,True,2234.6403225806453,1,1,True,0,31,31,28,0,0,0,28,2,{},28,あ→ぬ -> ぬ→る -> る→る -> る→る -> る→る -> る→ぽ -> ぽ→ず -> ず→ず -> ず→つ -> つ→る -> る→と -> と→る -> る→と -> と→る -> る→ぷ -> ぷ→ず -> ず→つ -> つ→る -> る→つ -> つ→つ -> つ→つ -> つ→つ -> つ→つ -> つ→つ -> つ→つ -> つ→や -> や→つ
aggressive_pvs vs alpha_beta,aggressive_pvs,alpha_beta,D20000_seed0_aggressive_pvs_vs_alpha_beta_0,20000,0,draw,match_timeout,28,second,alpha_beta,つ,1962,28,58,2,1,,,つ,や,や,1.000007,True,1605.7338059701492,1,1,True,0,31,31,30,0,0,0,0,0,{},30,あ→ぬ -> ぬ→る -> る→る -> る→る -> る→る -> る→ぽ -> ぽ→ず -> ず→ず -> ず→つ -> つ→る -> る→と -> と→る -> る→と -> と→る -> る→ぷ -> ぷ→ず -> ず→つ -> つ→る -> る→つ -> つ→つ -> つ→つ -> つ→つ -> つ→つ -> つ→つ -> つ→つ -> つ→や -> や→つ -> つ→や
aggressive_pvs vs alpha_beta,aggressive_pvs,alpha_beta,D20000_seed0_aggressive_pvs_vs_alpha_beta_0,20000,0,draw,match_timeout,29,first,aggressive_pvs,や,3972,58,28,2,1,,,や,つ,つ,1.000009,True,2234.642258064516,1,1,True,0,31,31,28,0,0,0,28,2,{},28,あ→ぬ -> ぬ→る -> る→る -> る→る -> る→る -> る→ぽ -> ぽ→ず -> ず→ず -> ず→つ -> つ→る -> る→と -> と→る -> る→と -> と→る -> る→ぷ -> ぷ→ず -> ず→つ -> つ→る -> る→つ -> つ→つ -> つ→つ -> つ→つ -> つ→つ -> つ→つ -> つ→つ -> つ→や -> や→つ -> つ→や -> や→つ
aggressive_pvs vs alpha_beta,aggressive_pvs,alpha_beta,D20000_seed0_aggressive_pvs_vs_alpha_beta_0,20000,0,draw,match_timeout,30,second,alpha_beta,つ,1962,28,58,1,0,,,つ,や,や,1.000009,True,1605.7653731343285,1,1,True,0,32,32,31,0,0,0,0,0,{},31,あ→ぬ -> ぬ→る -> る→る -> る→る -> る→る -> る→ぽ -> ぽ→ず -> ず→ず -> ず→つ -> つ→る -> る→と -> と→る -> る→と -> と→る -> る→ぷ -> ぷ→ず -> ず→つ -> つ→る -> る→つ -> つ→つ -> つ→つ -> つ→つ -> つ→つ -> つ→つ -> つ→つ -> つ→や -> や→つ -> つ→や -> や→つ -> つ→や
aggressive_pvs vs alpha_beta,aggressive_pvs,alpha_beta,D20000_seed0_aggressive_pvs_vs_alpha_beta_0,20000,0,draw,match_timeout,31,first,aggressive_pvs,や,3972,58,28,1,0,,,や,つ,つ,1.000009,True,2234.6509677419353,1,1,True,0,31,31,28,0,0,0,28,2,{},28,あ→ぬ -> ぬ→る -> る→る -> る→る -> る→る -> る→ぽ -> ぽ→ず -> ず→ず -> ず→つ -> つ→る -> る→と -> と→る -> る→と -> と→る -> る→ぷ -> ぷ→ず -> ず→つ -> つ→る -> る→つ -> つ→つ -> つ→つ -> つ→つ -> つ→つ -> つ→つ -> つ→つ -> つ→や -> や→つ -> つ→や -> や→つ -> つ→や -> や→つ
aggressive_pvs vs alpha_beta,aggressive_pvs,alpha_beta,D20000_seed0_aggressive_pvs_vs_alpha_beta_0,20000,0,draw,match_timeout,32,second,alpha_beta,つ,1916,28,12,1,0,,,つ,げ,げ,1.000009,True,543.7394230769231,1,1,True,0,31,31,30,0,0,0,0,0,{},30,あ→ぬ -> ぬ→る -> る→る -> る→る -> る→る -> る→ぽ -> ぽ→ず -> ず→ず -> ず→つ -> つ→る -> る→と -> と→る -> る→と -> と→る -> る→ぷ -> ぷ→ず -> ず→つ -> つ→る -> る→つ -> つ→つ -> つ→つ -> つ→つ -> つ→つ -> つ→つ -> つ→つ -> つ→や -> や→つ -> つ→や -> や→つ -> つ→や -> や→つ -> つ→げ
aggressive_pvs vs alpha_beta,aggressive_pvs,alpha_beta,D20000_seed0_aggressive_pvs_vs_alpha_beta_0,20000,0,draw,match_timeout,33,first,aggressive_pvs,げ,879,12,63,2,1,,,げ,る,る,1.000007,True,2487.816363636364,1,1,True,0,31,31,30,0,0,0,30,0,{},30,あ→ぬ -> ぬ→る -> る→る -> る→る -> る→る -> る→ぽ -> ぽ→ず -> ず→ず -> ず→つ -> つ→る -> る→と -> と→る -> る→と -> と→る -> る→ぷ -> ぷ→ず -> ず→つ -> つ→る -> る→つ -> つ→つ -> つ→つ -> つ→つ -> つ→つ -> つ→つ -> つ→つ -> つ→や -> や→つ -> つ→や -> や→つ -> つ→や -> や→つ -> つ→げ -> げ→る
aggressive_pvs vs alpha_beta,aggressive_pvs,alpha_beta,D20000_seed0_aggressive_pvs_vs_alpha_beta_0,20000,0,draw,match_timeout,34,second,alpha_beta,る,4346,63,62,1,0,,,る,り,り,0.517492,False,513.4184,1,1,True,0,14,14,15,0,0,0,0,0,{},15,あ→ぬ -> ぬ→る -> る→る -> る→る -> る→る -> る→ぽ -> ぽ→ず -> ず→ず -> ず→つ -> つ→る -> る→と -> と→る -> る→と -> と→る -> る→ぷ -> ぷ→ず -> ず→つ -> つ→る -> る→つ -> つ→つ -> つ→つ -> つ→つ -> つ→つ -> つ→つ -> つ→つ -> つ→や -> や→つ -> つ→や -> や→つ -> つ→や -> や→つ -> つ→げ -> げ→る -> る→り
aggressive_pvs vs alpha_beta,aggressive_pvs,alpha_beta,D20000_seed0_aggressive_pvs_vs_alpha_beta_0,20000,0,draw,match_timeout,35,first,aggressive_pvs,り,4279,62,63,14,13,,,り,る,る,1.000007,True,2487.837727272727,1,1,True,0,32,32,31,0,0,0,31,0,{},31,あ→ぬ -> ぬ→る -> る→る -> る→る -> る→る -> る→ぽ -> ぽ→ず -> ず→ず -> ず→つ -> つ→る -> る→と -> と→る -> る→と -> と→る -> る→ぷ -> ぷ→ず -> ず→つ -> つ→る -> る→つ -> つ→つ -> つ→つ -> つ→つ -> つ→つ -> つ→つ -> つ→つ -> つ→や -> や→つ -> つ→や -> や→つ -> つ→や -> や→つ -> つ→げ -> げ→る -> る→り -> り→る
aggressive_pvs vs alpha_beta,aggressive_pvs,alpha_beta,D20000_seed0_aggressive_pvs_vs_alpha_beta_0,20000,0,draw,match_timeout,36,second,alpha_beta,る,4296,63,12,1,0,,,る,げ,げ,0.486122,False,482.433125,1,1,True,0,13,13,14,0,0,0,0,0,{},14,あ→ぬ -> ぬ→る -> る→る -> る→る -> る→る -> る→ぽ -> ぽ→ず -> ず→ず -> ず→つ -> つ→る -> る→と -> と→る -> る→と -> と→る -> る→ぷ -> ぷ→ず -> ず→つ -> つ→る -> る→つ -> つ→つ -> つ→つ -> つ→つ -> つ→つ -> つ→つ -> つ→つ -> つ→や -> や→つ -> つ→や -> や→つ -> つ→や -> や→つ -> つ→げ -> げ→る -> る→り -> り→る -> る→げ
aggressive_pvs vs alpha_beta,aggressive_pvs,alpha_beta,D20000_seed0_aggressive_pvs_vs_alpha_beta_0,20000,0,draw,match_timeout,37,first,aggressive_pvs,げ,879,12,63,1,0,,,げ,る,る,1.000008,True,2487.858181818182,1,1,True,0,31,31,30,0,0,0,30,0,{},30,あ→ぬ -> ぬ→る -> る→る -> る→る -> る→る -> る→ぽ -> ぽ→ず -> ず→ず -> ず→つ -> つ→る -> る→と -> と→る -> る→と -> と→る -> る→ぷ -> ぷ→ず -> ず→つ -> つ→る -> る→つ -> つ→つ -> つ→つ -> つ→つ -> つ→つ -> つ→つ -> つ→つ -> つ→や -> や→つ -> つ→や -> や→つ -> つ→や -> や→つ -> つ→げ -> げ→る -> る→り -> り→る -> る→げ -> げ→る
aggressive_pvs vs alpha_beta,aggressive_pvs,alpha_beta,D20000_seed0_aggressive_pvs_vs_alpha_beta_0,20000,0,draw,match_timeout,38,second,alpha_beta,る,4286,63,2,3,2,,,る,う,う,0.460405,False,429.7125,1,2,True,0,12,12,13,0,0,0,0,0,{},13,あ→ぬ -> ぬ→る -> る→る -> る→る -> る→る -> る→ぽ -> ぽ→ず -> ず→ず -> ず→つ -> つ→る -> る→と -> と→る -> る→と -> と→る -> る→ぷ -> ぷ→ず -> ず→つ -> つ→る -> る→つ -> つ→つ -> つ→つ -> つ→つ -> つ→つ -> つ→つ -> つ→つ -> つ→や -> や→つ -> つ→や -> や→つ -> つ→や -> や→つ -> つ→げ -> げ→る -> る→り -> り→る -> る→げ -> げ→る -> る→う
aggressive_pvs vs alpha_beta,aggressive_pvs,alpha_beta,D20000_seed0_aggressive_pvs_vs_alpha_beta_0,20000,0,draw,match_timeout,39,first,aggressive_pvs,う,156,2,20,2,1,,,う,ず,ず,1.000009,True,3125.282734375,1,1,True,0,35,35,33,0,0,0,33,1,{},33,あ→ぬ -> ぬ→る -> る→る -> る→る -> る→る -> る→ぽ -> ぽ→ず -> ず→ず -> ず→つ -> つ→る -> る→と -> と→る -> る→と -> と→る -> る→ぷ -> ぷ→ず -> ず→つ -> つ→る -> る→つ -> つ→つ -> つ→つ -> つ→つ -> つ→つ -> つ→つ -> つ→つ -> つ→や -> や→つ -> つ→や -> や→つ -> つ→や -> や→つ -> つ→げ -> げ→る -> る→り -> り→る -> る→げ -> げ→る -> る→う -> う→ず
aggressive_pvs vs alpha_beta,aggressive_pvs,alpha_beta,D20000_seed0_aggressive_pvs_vs_alpha_beta_0,20000,0,draw,match_timeout,40,second,alpha_beta,ず,1415,20,55,1,0,,,ず,む,む,1.000009,True,-3125.282734375,2,1,True,0,33,32,0,0,0,0,0,0,{},0,あ→ぬ -> ぬ→る -> る→る -> る→る -> る→る -> る→ぽ -> ぽ→ず -> ず→ず -> ず→つ -> つ→る -> る→と -> と→る -> る→と -> と→る -> る→ぷ -> ぷ→ず -> ず→つ -> つ→る -> る→つ -> つ→つ -> つ→つ -> つ→つ -> つ→つ -> つ→つ -> つ→つ -> つ→や -> や→つ -> つ→や -> や→つ -> つ→や -> や→つ -> つ→げ -> げ→る -> る→り -> り→る -> る→げ -> げ→る -> る→う -> う→ず -> ず→む
aggressive_pvs vs alpha_beta,aggressive_pvs,alpha_beta,D20000_seed0_aggressive_pvs_vs_alpha_beta_0,20000,0,draw,match_timeout,41,first,aggressive_pvs,む,3760,55,20,1,0,,,む,ず,ず,1.000007,True,3164.6032352941174,1,1,True,0,32,32,31,0,0,0,31,0,{},31,あ→ぬ -> ぬ→る -> る→る -> る→る -> る→る -> る→ぽ -> ぽ→ず -> ず→ず -> ず→つ -> つ→る -> る→と -> と→る -> る→と -> と→る -> る→ぷ -> ぷ→ず -> ず→つ -> つ→る -> る→つ -> つ→つ -> つ→つ -> つ→つ -> つ→つ -> つ→つ -> つ→つ -> つ→や -> や→つ -> つ→や -> や→つ -> つ→や -> や→つ -> つ→げ -> げ→る -> る→り -> り→る -> る→げ -> げ→る -> る→う -> う→ず -> ず→む -> む→ず
aggressive_pvs vs alpha_beta,aggressive_pvs,alpha_beta,D20000_seed0_aggressive_pvs_vs_alpha_beta_0,20000,0,draw,match_timeout,42,second,alpha_beta,ず,1421,20,61,1,0,,,ず,ら,ら,0.372834,False,462.11152173913047,1,1,True,0,10,10,11,0,0,0,0,0,{},11,あ→ぬ -> ぬ→る -> る→る -> る→る -> る→る -> る→ぽ -> ぽ→ず -> ず→ず -> ず→つ -> つ→る -> る→と -> と→る -> る→と -> と→る -> る→ぷ -> ぷ→ず -> ず→つ -> つ→る -> る→つ -> つ→つ -> つ→つ -> つ→つ -> つ→つ -> つ→つ -> つ→つ -> つ→や -> や→つ -> つ→や -> や→つ -> つ→や -> や→つ -> つ→げ -> げ→る -> る→り -> り→る -> る→げ -> げ→る -> る→う -> う→ず -> ず→む -> む→ず -> ず→ら
aggressive_pvs vs alpha_beta,aggressive_pvs,alpha_beta,D20000_seed0_aggressive_pvs_vs_alpha_beta_0,20000,0,draw,match_timeout,43,first,aggressive_pvs,ら,4211,61,63,7,6,,,ら,る,る,1.000013,True,2493.302727272727,1,1,True,0,30,30,29,0,0,0,29,0,{},29,あ→ぬ -> ぬ→る -> る→る -> る→る -> る→る -> る→ぽ -> ぽ→ず -> ず→ず -> ず→つ -> つ→る -> る→と -> と→る -> る→と -> と→る -> る→ぷ -> ぷ→ず -> ず→つ -> つ→る -> る→つ -> つ→つ -> つ→つ -> つ→つ -> つ→つ -> つ→つ -> つ→つ -> つ→や -> や→つ -> つ→や -> や→つ -> つ→や -> や→つ -> つ→げ -> げ→る -> る→り -> り→る -> る→げ -> げ→る -> る→う -> う→ず -> ず→む -> む→ず -> ず→ら -> ら→る
aggressive_pvs vs alpha_beta,aggressive_pvs,alpha_beta,D20000_seed0_aggressive_pvs_vs_alpha_beta_0,20000,0,draw,match_timeout,44,second,alpha_beta,る,4339,63,55,1,0,,,る,む,む,0.46135,False,430.9302272727273,1,1,True,0,12,12,13,0,0,0,0,0,{},13,あ→ぬ -> ぬ→る -> る→る -> る→る -> る→る -> る→ぽ -> ぽ→ず -> ず→ず -> ず→つ -> つ→る -> る→と -> と→る -> る→と -> と→る -> る→ぷ -> ぷ→ず -> ず→つ -> つ→る -> る→つ -> つ→つ -> つ→つ -> つ→つ -> つ→つ -> つ→つ -> つ→つ -> つ→や -> や→つ -> つ→や -> や→つ -> つ→や -> や→つ -> つ→げ -> げ→る -> る→り -> り→る -> る→げ -> げ→る -> る→う -> う→ず -> ず→む -> む→ず -> ず→ら -> ら→る -> る→む
aggressive_pvs vs alpha_beta,aggressive_pvs,alpha_beta,D20000_seed0_aggressive_pvs_vs_alpha_beta_0,20000,0,draw,match_timeout,45,first,aggressive_pvs,む,3803,55,63,1,0,,,む,る,る,1.000011,True,2493.3313636363637,1,1,True,0,31,31,30,0,0,0,30,0,{},30,あ→ぬ -> ぬ→る -> る→る -> る→る -> る→る -> る→ぽ -> ぽ→ず -> ず→ず -> ず→つ -> つ→る -> る→と -> と→る -> る→と -> と→る -> る→ぷ -> ぷ→ず -> ず→つ -> つ→る -> る→つ -> つ→つ -> つ→つ -> つ→つ -> つ→つ -> つ→つ -> つ→つ -> つ→や -> や→つ -> つ→や -> や→つ -> つ→や -> や→つ -> つ→げ -> げ→る -> る→り -> り→る -> る→げ -> げ→る -> る→う -> う→ず -> ず→む -> む→ず -> ず→ら -> ら→る -> る→む -> む→る
aggressive_pvs vs alpha_beta,aggressive_pvs,alpha_beta,D20000_seed0_aggressive_pvs_vs_alpha_beta_0,20000,0,draw,match_timeout,46,second,alpha_beta,る,4286,63,2,2,1,,,る,う,う,0.428423,False,351.20500000000004,1,2,True,0,11,11,12,0,0,0,0,0,{},12,あ→ぬ -> ぬ→る -> る→る -> る→る -> る→る -> る→ぽ -> ぽ→ず -> ず→ず -> ず→つ -> つ→る -> る→と -> と→る -> る→と -> と→る -> る→ぷ -> ぷ→ず -> ず→つ -> つ→る -> る→つ -> つ→つ -> つ→つ -> つ→つ -> つ→つ -> つ→つ -> つ→つ -> つ→や -> や→つ -> つ→や -> や→つ -> つ→や -> や→つ -> つ→げ -> げ→る -> る→り -> り→る -> る→げ -> げ→る -> る→う -> う→ず -> ず→む -> む→ず -> ず→ら -> ら→る -> る→む -> む→る -> る→う
aggressive_pvs vs alpha_beta,aggressive_pvs,alpha_beta,D20000_seed0_aggressive_pvs_vs_alpha_beta_0,20000,0,draw,match_timeout,47,first,aggressive_pvs,う,156,2,20,1,0,,,う,ず,ず,1.000008,True,3450.37424137931,1,1,True,0,34,34,33,0,0,0,33,0,{},33,あ→ぬ -> ぬ→る -> る→る -> る→る -> る→る -> る→ぽ -> ぽ→ず -> ず→ず -> ず→つ -> つ→る -> る→と -> と→る -> る→と -> と→る -> る→ぷ -> ぷ→ず -> ず→つ -> つ→る -> る→つ -> つ→つ -> つ→つ -> つ→つ -> つ→つ -> つ→つ -> つ→つ -> つ→や -> や→つ -> つ→や -> や→つ -> つ→や -> や→つ -> つ→げ -> げ→る -> る→り -> り→る -> る→げ -> げ→る -> る→う -> う→ず -> ず→む -> む→ず -> ず→ら -> ら→る -> る→む -> む→る -> る→う -> う→ず
aggressive_pvs vs alpha_beta,aggressive_pvs,alpha_beta,D20000_seed0_aggressive_pvs_vs_alpha_beta_0,20000,0,draw,match_timeout,48,second,alpha_beta,ず,1424,20,64,1,0,,,ず,れ,れ,1.000009,True,-3450.37424137931,2,1,True,0,33,32,0,0,0,0,0,0,{},0,あ→ぬ -> ぬ→る -> る→る -> る→る -> る→る -> る→ぽ -> ぽ→ず -> ず→ず -> ず→つ -> つ→る -> る→と -> と→る -> る→と -> と→る -> る→ぷ -> ぷ→ず -> ず→つ -> つ→る -> る→つ -> つ→つ -> つ→つ -> つ→つ -> つ→つ -> つ→つ -> つ→つ -> つ→や -> や→つ -> つ→や -> や→つ -> つ→や -> や→つ -> つ→げ -> げ→る -> る→り -> り→る -> る→げ -> げ→る -> る→う -> う→ず -> ず→む -> む→ず -> ず→ら -> ら→る -> る→む -> む→る -> る→う -> う→ず -> ず→れ
aggressive_pvs vs alpha_beta,aggressive_pvs,alpha_beta,D20000_seed0_aggressive_pvs_vs_alpha_beta_0,20000,0,draw,match_timeout,49,first,aggressive_pvs,れ,4372,64,20,2,1,,,れ,ず,ず,1.00001,True,3993.63309375,1,1,True,0,32,32,31,0,0,0,31,0,{},31,あ→ぬ -> ぬ→る -> る→る -> る→る -> る→る -> る→ぽ -> ぽ→ず -> ず→ず -> ず→つ -> つ→る -> る→と -> と→る -> る→と -> と→る -> る→ぷ -> ぷ→ず -> ず→つ -> つ→る -> る→つ -> つ→つ -> つ→つ -> つ→つ -> つ→つ -> つ→つ -> つ→つ -> つ→や -> や→つ -> つ→や -> や→つ -> つ→や -> や→つ -> つ→げ -> げ→る -> る→り -> り→る -> る→げ -> げ→る -> る→う -> う→ず -> ず→む -> む→ず -> ず→ら -> ら→る -> る→む -> む→る -> る→う -> う→ず -> ず→れ -> れ→ず
aggressive_pvs vs alpha_beta,aggressive_pvs,alpha_beta,D20000_seed0_aggressive_pvs_vs_alpha_beta_0,20000,0,draw,match_timeout,50,second,alpha_beta,ず,1362,20,2,6,5,,,ず,う,う,0.324608,False,410.49785714285713,1,1,True,0,8,8,9,0,0,0,0,0,{},9,あ→ぬ -> ぬ→る -> る→る -> る→る -> る→る -> る→ぽ -> ぽ→ず -> ず→ず -> ず→つ -> つ→る -> る→と -> と→る -> る→と -> と→る -> る→ぷ -> ぷ→ず -> ず→つ -> つ→る -> る→つ -> つ→つ -> つ→つ -> つ→つ -> つ→つ -> つ→つ -> つ→つ -> つ→や -> や→つ -> つ→や -> や→つ -> つ→や -> や→つ -> つ→げ -> げ→る -> る→り -> り→る -> る→げ -> げ→る -> る→う -> う→ず -> ず→む -> む→ず -> ず→ら -> ら→る -> る→む -> む→る -> る→う -> う→ず -> ず→れ -> れ→ず -> ず→う
aggressive_pvs vs alpha_beta,aggressive_pvs,alpha_beta,D20000_seed0_aggressive_pvs_vs_alpha_beta_0,20000,0,draw,match_timeout,51,first,aggressive_pvs,う,199,2,63,3,2,,,う,る,る,1.000009,True,2496.7227272727273,1,1,True,0,34,34,32,0,0,0,32,1,{},32,あ→ぬ -> ぬ→る -> る→る -> る→る -> る→る -> る→ぽ -> ぽ→ず -> ず→ず -> ず→つ -> つ→る -> る→と -> と→る -> る→と -> と→る -> る→ぷ -> ぷ→ず -> ず→つ -> つ→る -> る→つ -> つ→つ -> つ→つ -> つ→つ -> つ→つ -> つ→つ -> つ→つ -> つ→や -> や→つ -> つ→や -> や→つ -> つ→や -> や→つ -> つ→げ -> げ→る -> る→り -> り→る -> る→げ -> げ→る -> る→う -> う→ず -> ず→む -> む→ず -> ず→ら -> ら→る -> る→む -> む→る -> る→う -> う→ず -> ず→れ -> れ→ず -> ず→う -> う→る
aggressive_pvs vs alpha_beta,aggressive_pvs,alpha_beta,D20000_seed0_aggressive_pvs_vs_alpha_beta_0,20000,0,draw,match_timeout,52,second,alpha_beta,る,4286,63,2,1,0,,,る,う,う,0.433078,False,379.97275,1,1,True,0,11,11,12,0,0,0,0,0,{},12,あ→ぬ -> ぬ→る -> る→る -> る→る -> る→る -> る→ぽ -> ぽ→ず -> ず→ず -> ず→つ -> つ→る -> る→と -> と→る -> る→と -> と→る -> る→ぷ -> ぷ→ず -> ず→つ -> つ→る -> る→つ -> つ→つ -> つ→つ -> つ→つ -> つ→つ -> つ→つ -> つ→つ -> つ→や -> や→つ -> つ→や -> や→つ -> つ→や -> や→つ -> つ→げ -> げ→る -> る→り -> り→る -> る→げ -> げ→る -> る→う -> う→ず -> ず→む -> む→ず -> ず→ら -> ら→る -> る→む -> む→る -> る→う -> う→ず -> ず→れ -> れ→ず -> ず→う -> う→る -> る→う
aggressive_pvs vs alpha_beta,aggressive_pvs,alpha_beta,D20000_seed0_aggressive_pvs_vs_alpha_beta_0,20000,0,draw,match_timeout,53,first,aggressive_pvs,う,199,2,63,2,1,,,う,る,る,1.000007,True,2496.7568181818183,1,1,True,0,34,34,33,0,0,0,33,0,{},33,あ→ぬ -> ぬ→る -> る→る -> る→る -> る→る -> る→ぽ -> ぽ→ず -> ず→ず -> ず→つ -> つ→る -> る→と -> と→る -> る→と -> と→る -> る→ぷ -> ぷ→ず -> ず→つ -> つ→る -> る→つ -> つ→つ -> つ→つ -> つ→つ -> つ→つ -> つ→つ -> つ→つ -> つ→や -> や→つ -> つ→や -> や→つ -> つ→や -> や→つ -> つ→げ -> げ→る -> る→り -> り→る -> る→げ -> げ→る -> る→う -> う→ず -> ず→む -> む→ず -> ず→ら -> ら→る -> る→む -> む→る -> る→う -> う→ず -> ず→れ -> れ→ず -> ず→う -> う→る -> る→う -> う→る
aggressive_pvs vs alpha_beta,aggressive_pvs,alpha_beta,D20000_seed0_aggressive_pvs_vs_alpha_beta_0,20000,0,draw,match_timeout,54,second,alpha_beta,る,4285,63,1,5,4,,,る,い,い,0.386593,False,283.759375,1,2,True,0,10,10,11,0,0,0,0,0,{},11,あ→ぬ -> ぬ→る -> る→る -> る→る -> る→る -> る→ぽ -> ぽ→ず -> ず→ず -> ず→つ -> つ→る -> る→と -> と→る -> る→と -> と→る -> る→ぷ -> ぷ→ず -> ず→つ -> つ→る -> る→つ -> つ→つ -> つ→つ -> つ→つ -> つ→つ -> つ→つ -> つ→つ -> つ→や -> や→つ -> つ→や -> や→つ -> つ→や -> や→つ -> つ→げ -> げ→る -> る→り -> り→る -> る→げ -> げ→る -> る→う -> う→ず -> ず→む -> む→ず -> ず→ら -> ら→る -> る→む -> む→る -> る→う -> う→ず -> ず→れ -> れ→ず -> ず→う -> う→る -> る→う -> う→る -> る→い
aggressive_pvs vs alpha_beta,aggressive_pvs,alpha_beta,D20000_seed0_aggressive_pvs_vs_alpha_beta_0,20000,0,draw,match_timeout,55,first,aggressive_pvs,い,88,1,20,2,1,,,い,ず,ず,1.000009,True,3994.28653125,1,1,True,0,37,37,36,0,0,0,36,0,{},36,あ→ぬ -> ぬ→る -> る→る -> る→る -> る→る -> る→ぽ -> ぽ→ず -> ず→ず -> ず→つ -> つ→る -> る→と -> と→る -> る→と -> と→る -> る→ぷ -> ぷ→ず -> ず→つ -> つ→る -> る→つ -> つ→つ -> つ→つ -> つ→つ -> つ→つ -> つ→つ -> つ→つ -> つ→や -> や→つ -> つ→や -> や→つ -> つ→や -> や→つ -> つ→げ -> げ→る -> る→り -> り→る -> る→げ -> げ→る -> る→う -> う→ず -> ず→む -> む→ず -> ず→ら -> ら→る -> る→む -> む→る -> る→う -> う→ず -> ず→れ -> れ→ず -> ず→う -> う→る -> る→う -> う→る -> る→い -> い→ず
aggressive_pvs vs alpha_beta,aggressive_pvs,alpha_beta,D20000_seed0_aggressive_pvs_vs_alpha_beta_0,20000,0,draw,match_timeout,56,second,alpha_beta,ず,1366,20,6,1,0,,,ず,が,が,1.000009,True,-3994.28653125,2,1,True,0,32,31,0,0,0,0,0,0,{},0,あ→ぬ -> ぬ→る -> る→る -> る→る -> る→る -> る→ぽ -> ぽ→ず -> ず→ず -> ず→つ -> つ→る -> る→と -> と→る -> る→と -> と→る -> る→ぷ -> ぷ→ず -> ず→つ -> つ→る -> る→つ -> つ→つ -> つ→つ -> つ→つ -> つ→つ -> つ→つ -> つ→つ -> つ→や -> や→つ -> つ→や -> や→つ -> つ→や -> や→つ -> つ→げ -> げ→る -> る→り -> り→る -> る→げ -> げ→る -> る→う -> う→ず -> ず→む -> む→ず -> ず→ら -> ら→る -> る→む -> む→る -> る→う -> う→ず -> ず→れ -> れ→ず -> ず→う -> う→る -> る→う -> う→る -> る→い -> い→ず -> ず→が
aggressive_pvs vs alpha_beta,aggressive_pvs,alpha_beta,D20000_seed0_aggressive_pvs_vs_alpha_beta_0,20000,0,draw,match_timeout,57,first,aggressive_pvs,が,428,6,20,1,0,,,が,ず,ず,1.000008,True,5325.330986547086,1,1,True,0,32,32,31,0,0,0,31,0,{},31,あ→ぬ -> ぬ→る -> る→る -> る→る -> る→る -> る→ぽ -> ぽ→ず -> ず→ず -> ず→つ -> つ→る -> る→と -> と→る -> る→と -> と→る -> る→ぷ -> ぷ→ず -> ず→つ -> つ→る -> る→つ -> つ→つ -> つ→つ -> つ→つ -> つ→つ -> つ→つ -> つ→つ -> つ→や -> や→つ -> つ→や -> や→つ -> つ→や -> や→つ -> つ→げ -> げ→る -> る→り -> り→る -> る→げ -> げ→る -> る→う -> う→ず -> ず→む -> む→ず -> ず→ら -> ら→る -> る→む -> む→る -> る→う -> う→ず -> ず→れ -> れ→ず -> ず→う -> う→る -> る→う -> う→る -> る→い -> い→ず -> ず→が -> が→ず
aggressive_pvs vs alpha_beta,aggressive_pvs,alpha_beta,D20000_seed0_aggressive_pvs_vs_alpha_beta_0,20000,0,draw,match_timeout,58,second,alpha_beta,ず,1362,20,2,5,4,,,ず,う,う,0.290151,False,360.59789473684214,1,1,True,0,7,7,8,0,0,0,0,0,{},8,あ→ぬ -> ぬ→る -> る→る -> る→る -> る→る -> る→ぽ -> ぽ→ず -> ず→ず -> ず→つ -> つ→る -> る→と -> と→る -> る→と -> と→る -> る→ぷ -> ぷ→ず -> ず→つ -> つ→る -> る→つ -> つ→つ -> つ→つ -> つ→つ -> つ→つ -> つ→つ -> つ→つ -> つ→や -> や→つ -> つ→や -> や→つ -> つ→や -> や→つ -> つ→げ -> げ→る -> る→り -> り→る -> る→げ -> げ→る -> る→う -> う→ず -> ず→む -> む→ず -> ず→ら -> ら→る -> る→む -> む→る -> る→う -> う→ず -> ず→れ -> れ→ず -> ず→う -> う→る -> る→う -> う→る -> る→い -> い→ず -> ず→が -> が→ず -> ず→う
aggressive_pvs vs alpha_beta,aggressive_pvs,alpha_beta,D20000_seed0_aggressive_pvs_vs_alpha_beta_0,20000,0,draw,match_timeout,59,first,aggressive_pvs,う,199,2,63,1,0,,,う,る,る,1.000014,True,2500.139090909091,1,1,True,0,34,34,33,0,0,0,33,0,{},33,あ→ぬ -> ぬ→る -> る→る -> る→る -> る→る -> る→ぽ -> ぽ→ず -> ず→ず -> ず→つ -> つ→る -> る→と -> と→る -> る→と -> と→る -> る→ぷ -> ぷ→ず -> ず→つ -> つ→る -> る→つ -> つ→つ -> つ→つ -> つ→つ -> つ→つ -> つ→つ -> つ→つ -> つ→や -> や→つ -> つ→や -> や→つ -> つ→や -> や→つ -> つ→げ -> げ→る -> る→り -> り→る -> る→げ -> げ→る -> る→う -> う→ず -> ず→む -> む→ず -> ず→ら -> ら→る -> る→む -> む→る -> る→う -> う→ず -> ず→れ -> れ→ず -> ず→う -> う→る -> る→う -> う→る -> る→い -> い→ず -> ず→が -> が→ず -> ず→う -> う→る
aggressive_pvs vs alpha_beta,aggressive_pvs,alpha_beta,D20000_seed0_aggressive_pvs_vs_alpha_beta_0,20000,0,draw,match_timeout,60,second,alpha_beta,る,4285,63,1,4,3,,,る,い,い,0.390062,False,166.1482142857143,1,1,True,0,10,10,11,0,0,0,0,0,{},11,あ→ぬ -> ぬ→る -> る→る -> る→る -> る→る -> る→ぽ -> ぽ→ず -> ず→ず -> ず→つ -> つ→る -> る→と -> と→る -> る→と -> と→る -> る→ぷ -> ぷ→ず -> ず→つ -> つ→る -> る→つ -> つ→つ -> つ→つ -> つ→つ -> つ→つ -> つ→つ -> つ→つ -> つ→や -> や→つ -> つ→や -> や→つ -> つ→や -> や→つ -> つ→げ -> げ→る -> る→り -> り→る -> る→げ -> げ→る -> る→う -> う→ず -> ず→む -> む→ず -> ず→ら -> ら→る -> る→む -> む→る -> る→う -> う→ず -> ず→れ -> れ→ず -> ず→う -> う→る -> る→う -> う→る -> る→い -> い→ず -> ず→が -> が→ず -> ず→う -> う→る -> る→い
aggressive_pvs vs alpha_beta,aggressive_pvs,alpha_beta,D20000_seed0_aggressive_pvs_vs_alpha_beta_0,20000,0,draw,match_timeout,61,first,aggressive_pvs,い,88,1,20,1,0,,,い,ず,ず,1.000009,True,5326.046614349776,1,1,True,0,37,37,36,0,0,0,36,0,{},36,あ→ぬ -> ぬ→る -> る→る -> る→る -> る→る -> る→ぽ -> ぽ→ず -> ず→ず -> ず→つ -> つ→る -> る→と -> と→る -> る→と -> と→る -> る→ぷ -> ぷ→ず -> ず→つ -> つ→る -> る→つ -> つ→つ -> つ→つ -> つ→つ -> つ→つ -> つ→つ -> つ→つ -> つ→や -> や→つ -> つ→や -> や→つ -> つ→や -> や→つ -> つ→げ -> げ→る -> る→り -> り→る -> る→げ -> げ→る -> る→う -> う→ず -> ず→む -> む→ず -> ず→ら -> ら→る -> る→む -> む→る -> る→う -> う→ず -> ず→れ -> れ→ず -> ず→う -> う→る -> る→う -> う→る -> る→い -> い→ず -> ず→が -> が→ず -> ず→う -> う→る -> る→い -> い→ず
aggressive_pvs vs alpha_beta,aggressive_pvs,alpha_beta,D20000_seed0_aggressive_pvs_vs_alpha_beta_0,20000,0,draw,match_timeout,62,second,alpha_beta,ず,1362,20,2,4,3,,,ず,う,う,0.292496,False,515.9664285714285,1,2,True,0,7,7,8,0,0,0,0,0,{},8,あ→ぬ -> ぬ→る -> る→る -> る→る -> る→る -> る→ぽ -> ぽ→ず -> ず→ず -> ず→つ -> つ→る -> る→と -> と→る -> る→と -> と→る -> る→ぷ -> ぷ→ず -> ず→つ -> つ→る -> る→つ -> つ→つ -> つ→つ -> つ→つ -> つ→つ -> つ→つ -> つ→つ -> つ→や -> や→つ -> つ→や -> や→つ -> つ→や -> や→つ -> つ→げ -> げ→る -> る→り -> り→る -> る→げ -> げ→る -> る→う -> う→ず -> ず→む -> む→ず -> ず→ら -> ら→る -> る→む -> む→る -> る→う -> う→ず -> ず→れ -> れ→ず -> ず→う -> う→る -> る→う -> う→る -> る→い -> い→ず -> ず→が -> が→ず -> ず→う -> う→る -> る→い -> い→ず -> ず→う
aggressive_pvs vs alpha_beta,aggressive_pvs,alpha_beta,D20000_seed0_aggressive_pvs_vs_alpha_beta_0,20000,0,draw,match_timeout,63,first,aggressive_pvs,う,191,2,55,2,1,,,う,む,む,1.000008,True,2247.6583870967743,1,1,True,0,33,33,31,0,0,0,31,1,{},31,あ→ぬ -> ぬ→る -> る→る -> る→る -> る→る -> る→ぽ -> ぽ→ず -> ず→ず -> ず→つ -> つ→る -> る→と -> と→る -> る→と -> と→る -> る→ぷ -> ぷ→ず -> ず→つ -> つ→る -> る→つ -> つ→つ -> つ→つ -> つ→つ -> つ→つ -> つ→つ -> つ→つ -> つ→や -> や→つ -> つ→や -> や→つ -> つ→や -> や→つ -> つ→げ -> げ→る -> る→り -> り→る -> る→げ -> げ→る -> る→う -> う→ず -> ず→む -> む→ず -> ず→ら -> ら→る -> る→む -> む→る -> る→う -> う→ず -> ず→れ -> れ→ず -> ず→う -> う→る -> る→う -> う→る -> る→い -> い→ず -> ず→が -> が→ず -> ず→う -> う→る -> る→い -> い→ず -> ず→う -> う→む
aggressive_pvs vs alpha_beta,aggressive_pvs,alpha_beta,D20000_seed0_aggressive_pvs_vs_alpha_beta_0,20000,0,draw,match_timeout,64,second,alpha_beta,む,3750,55,10,1,0,,,む,ぐ,ぐ,1.000013,True,-2247.6583870967743,2,1,True,0,32,31,0,0,0,0,0,0,{},0,あ→ぬ -> ぬ→る -> る→る -> る→る -> る→る -> る→ぽ -> ぽ→ず -> ず→ず -> ず→つ -> つ→る -> る→と -> と→る -> る→と -> と→る -> る→ぷ -> ぷ→ず -> ず→つ -> つ→る -> る→つ -> つ→つ -> つ→つ -> つ→つ -> つ→つ -> つ→つ -> つ→つ -> つ→や -> や→つ -> つ→や -> や→つ -> つ→や -> や→つ -> つ→げ -> げ→る -> る→り -> り→る -> る→げ -> げ→る -> る→う -> う→ず -> ず→む -> む→ず -> ず→ら -> ら→る -> る→む -> む→る -> る→う -> う→ず -> ず→れ -> れ→ず -> ず→う -> う→る -> る→う -> う→る -> る→い -> い→ず -> ず→が -> が→ず -> ず→う -> う→る -> る→い -> い→ず -> ず→う -> う→む -> む→ぐ
aggressive_pvs vs alpha_beta,aggressive_pvs,alpha_beta,D20000_seed0_aggressive_pvs_vs_alpha_beta_0,20000,0,draw,match_timeout,65,first,aggressive_pvs,ぐ,700,10,20,1,0,,,ぐ,ず,ず,1.000011,True,5326.664170403587,1,1,True,0,31,31,30,0,0,0,30,0,{},30,あ→ぬ -> ぬ→る -> る→る -> る→る -> る→る -> る→ぽ -> ぽ→ず -> ず→ず -> ず→つ -> つ→る -> る→と -> と→る -> る→と -> と→る -> る→ぷ -> ぷ→ず -> ず→つ -> つ→る -> る→つ -> つ→つ -> つ→つ -> つ→つ -> つ→つ -> つ→つ -> つ→つ -> つ→や -> や→つ -> つ→や -> や→つ -> つ→や -> や→つ -> つ→げ -> げ→る -> る→り -> り→る -> る→げ -> げ→る -> る→う -> う→ず -> ず→む -> む→ず -> ず→ら -> ら→る -> る→む -> む→る -> る→う -> う→ず -> ず→れ -> れ→ず -> ず→う -> う→る -> る→う -> う→る -> る→い -> い→ず -> ず→が -> が→ず -> ず→う -> う→る -> る→い -> い→ず -> ず→う -> う→む -> む→ぐ -> ぐ→ず
aggressive_pvs vs alpha_beta,aggressive_pvs,alpha_beta,D20000_seed0_aggressive_pvs_vs_alpha_beta_0,20000,0,draw,match_timeout,66,second,alpha_beta,ず,1362,20,2,3,2,,,ず,う,う,0.290653,False,515.9707142857143,1,1,True,0,7,7,8,0,0,0,0,0,{},8,あ→ぬ -> ぬ→る -> る→る -> る→る -> る→る -> る→ぽ -> ぽ→ず -> ず→ず -> ず→つ -> つ→る -> る→と -> と→る -> る→と -> と→る -> る→ぷ -> ぷ→ず -> ず→つ -> つ→る -> る→つ -> つ→つ -> つ→つ -> つ→つ -> つ→つ -> つ→つ -> つ→つ -> つ→や -> や→つ -> つ→や -> や→つ -> つ→や -> や→つ -> つ→げ -> げ→る -> る→り -> り→る -> る→げ -> げ→る -> る→う -> う→ず -> ず→む -> む→ず -> ず→ら -> ら→る -> る→む -> む→る -> る→う -> う→ず -> ず→れ -> れ→ず -> ず→う -> う→る -> る→う -> う→る -> る→い -> い→ず -> ず→が -> が→ず -> ず→う -> う→る -> る→い -> い→ず -> ず→う -> う→む -> む→ぐ -> ぐ→ず -> ず→う
aggressive_pvs vs alpha_beta,aggressive_pvs,alpha_beta,D20000_seed0_aggressive_pvs_vs_alpha_beta_0,20000,0,draw,match_timeout,67,first,aggressive_pvs,う,191,2,55,1,0,,,う,む,む,1.000006,True,2475.094693877551,1,1,True,0,33,33,31,0,0,0,31,1,{},31,あ→ぬ -> ぬ→る -> る→る -> る→る -> る→る -> る→ぽ -> ぽ→ず -> ず→ず -> ず→つ -> つ→る -> る→と -> と→る -> る→と -> と→る -> る→ぷ -> ぷ→ず -> ず→つ -> つ→る -> る→つ -> つ→つ -> つ→つ -> つ→つ -> つ→つ -> つ→つ -> つ→つ -> つ→や -> や→つ -> つ→や -> や→つ -> つ→や -> や→つ -> つ→げ -> げ→る -> る→り -> り→る -> る→げ -> げ→る -> る→う -> う→ず -> ず→む -> む→ず -> ず→ら -> ら→る -> る→む -> む→る -> る→う -> う→ず -> ず→れ -> れ→ず -> ず→う -> う→る -> る→う -> う→る -> る→い -> い→ず -> ず→が -> が→ず -> ず→う -> う→る -> る→い -> い→ず -> ず→う -> う→む -> む→ぐ -> ぐ→ず -> ず→う -> う→む
aggressive_pvs vs alpha_beta,aggressive_pvs,alpha_beta,D20000_seed0_aggressive_pvs_vs_alpha_beta_0,20000,0,draw,match_timeout,68,second,alpha_beta,む,3768,55,28,6,5,,,む,つ,つ,1.00001,True,2207.9860326086955,1,1,True,0,30,30,29,0,0,0,0,0,{},29,あ→ぬ -> ぬ→る -> る→る -> る→る -> る→る -> る→ぽ -> ぽ→ず -> ず→ず -> ず→つ -> つ→る -> る→と -> と→る -> る→と -> と→る -> る→ぷ -> ぷ→ず -> ず→つ -> つ→る -> る→つ -> つ→つ -> つ→つ -> つ→つ -> つ→つ -> つ→つ -> つ→つ -> つ→や -> や→つ -> つ→や -> や→つ -> つ→や -> や→つ -> つ→げ -> げ→る -> る→り -> り→る -> る→げ -> げ→る -> る→う -> う→ず -> ず→む -> む→ず -> ず→ら -> ら→る -> る→む -> む→る -> る→う -> う→ず -> ず→れ -> れ→ず -> ず→う -> う→る -> る→う -> う→る -> る→い -> い→ず -> ず→が -> が→ず -> ず→う -> う→る -> る→い -> い→ず -> ず→う -> う→む -> む→ぐ -> ぐ→ず -> ず→う -> う→む -> む→つ
aggressive_pvs vs alpha_beta,aggressive_pvs,alpha_beta,D20000_seed0_aggressive_pvs_vs_alpha_beta_0,20000,0,draw,match_timeout,69,first,aggressive_pvs,つ,1959,28,55,1,0,,,つ,む,む,1.000007,True,2475.1204081632654,1,1,True,0,32,32,30,0,0,0,30,1,{},30,あ→ぬ -> ぬ→る -> る→る -> る→る -> る→る -> る→ぽ -> ぽ→ず -> ず→ず -> ず→つ -> つ→る -> る→と -> と→る -> る→と -> と→る -> る→ぷ -> ぷ→ず -> ず→つ -> つ→る -> る→つ -> つ→つ -> つ→つ -> つ→つ -> つ→つ -> つ→つ -> つ→つ -> つ→や -> や→つ -> つ→や -> や→つ -> つ→や -> や→つ -> つ→げ -> げ→る -> る→り -> り→る -> る→げ -> げ→る -> る→う -> う→ず -> ず→む -> む→ず -> ず→ら -> ら→る -> る→む -> む→る -> る→う -> う→ず -> ず→れ -> れ→ず -> ず→う -> う→る -> る→う -> う→る -> る→い -> い→ず -> ず→が -> が→ず -> ず→う -> う→る -> る→い -> い→ず -> ず→う -> う→む -> む→ぐ -> ぐ→ず -> ず→う -> う→む -> む→つ -> つ→む
aggressive_pvs vs alpha_beta,aggressive_pvs,alpha_beta,D20000_seed0_aggressive_pvs_vs_alpha_beta_0,20000,0,draw,match_timeout,70,second,alpha_beta,む,3768,55,28,5,4,,,む,つ,つ,1.000009,True,2207.99875,1,1,True,0,30,30,29,0,0,0,0,0,{},29,あ→ぬ -> ぬ→る -> る→る -> る→る -> る→る -> る→ぽ -> ぽ→ず -> ず→ず -> ず→つ -> つ→る -> る→と -> と→る -> る→と -> と→る -> る→ぷ -> ぷ→ず -> ず→つ -> つ→る -> る→つ -> つ→つ -> つ→つ -> つ→つ -> つ→つ -> つ→つ -> つ→つ -> つ→や -> や→つ -> つ→や -> や→つ -> つ→や -> や→つ -> つ→げ -> げ→る -> る→り -> り→る -> る→げ -> げ→る -> る→う -> う→ず -> ず→む -> む→ず -> ず→ら -> ら→る -> る→む -> む→る -> る→う -> う→ず -> ず→れ -> れ→ず -> ず→う -> う→る -> る→う -> う→る -> る→い -> い→ず -> ず→が -> が→ず -> ず→う -> う→る -> る→い -> い→ず -> ず→う -> う→む -> む→ぐ -> ぐ→ず -> ず→う -> う→む -> む→つ -> つ→む -> む→つ
aggressive_pvs vs alpha_beta,aggressive_pvs,alpha_beta,D20000_seed0_aggressive_pvs_vs_alpha_beta_0,20000,0,draw,match_timeout,71,first,aggressive_pvs,つ,1906,28,2,18,17,,,つ,う,う,1.000007,True,515.99,1,1,True,0,31,31,29,0,0,0,29,1,{},29,あ→ぬ -> ぬ→る -> る→る -> る→る -> る→る -> る→ぽ -> ぽ→ず -> ず→ず -> ず→つ -> つ→る -> る→と -> と→る -> る→と -> と→る -> る→ぷ -> ぷ→ず -> ず→つ -> つ→る -> る→つ -> つ→つ -> つ→つ -> つ→つ -> つ→つ -> つ→つ -> つ→つ -> つ→や -> や→つ -> つ→や -> や→つ -> つ→や -> や→つ -> つ→げ -> げ→る -> る→り -> り→る -> る→げ -> げ→る -> る→う -> う→ず -> ず→む -> む→ず -> ず→ら -> ら→る -> る→む -> む→る -> る→う -> う→ず -> ず→れ -> れ→ず -> ず→う -> う→る -> る→う -> う→る -> る→い -> い→ず -> ず→が -> が→ず -> ず→う -> う→る -> る→い -> い→ず -> ず→う -> う→む -> む→ぐ -> ぐ→ず -> ず→う -> う→む -> む→つ -> つ→む -> む→つ -> つ→う
aggressive_pvs vs alpha_beta,aggressive_pvs,alpha_beta,D20000_seed0_aggressive_pvs_vs_alpha_beta_0,20000,0,draw,match_timeout,72,second,alpha_beta,う,164,2,28,5,4,,,う,つ,つ,1.000011,True,2208.014402173913,1,1,True,0,33,33,32,0,0,0,0,0,{},32,あ→ぬ -> ぬ→る -> る→る -> る→る -> る→る -> る→ぽ -> ぽ→ず -> ず→ず -> ず→つ -> つ→る -> る→と -> と→る -> る→と -> と→る -> る→ぷ -> ぷ→ず -> ず→つ -> つ→る -> る→つ -> つ→つ -> つ→つ -> つ→つ -> つ→つ -> つ→つ -> つ→つ -> つ→や -> や→つ -> つ→や -> や→つ -> つ→や -> や→つ -> つ→げ -> げ→る -> る→り -> り→る -> る→げ -> げ→る -> る→う -> う→ず -> ず→む -> む→ず -> ず→ら -> ら→る -> る→む -> む→る -> る→う -> う→ず -> ず→れ -> れ→ず -> ず→う -> う→る -> る→う -> う→る -> る→い -> い→ず -> ず→が -> が→ず -> ず→う -> う→る -> る→い -> い→ず -> ず→う -> う→む -> む→ぐ -> ぐ→ず -> ず→う -> う→む -> む→つ -> つ→む -> む→つ -> つ→う -> う→つ
aggressive_pvs vs alpha_beta,aggressive_pvs,alpha_beta,D20000_seed0_aggressive_pvs_vs_alpha_beta_0,20000,0,draw,match_timeout,73,first,aggressive_pvs,つ,1906,28,2,17,16,,,つ,う,う,1.00001,True,515.9942857142858,1,1,True,0,31,31,29,0,0,0,29,1,{},29,あ→ぬ -> ぬ→る -> る→る -> る→る -> る→る -> る→ぽ -> ぽ→ず -> ず→ず -> ず→つ -> つ→る -> る→と -> と→る -> る→と -> と→る -> る→ぷ -> ぷ→ず -> ず→つ -> つ→る -> る→つ -> つ→つ -> つ→つ -> つ→つ -> つ→つ -> つ→つ -> つ→つ -> つ→や -> や→つ -> つ→や -> や→つ -> つ→や -> や→つ -> つ→げ -> げ→る -> る→り -> り→る -> る→げ -> げ→る -> る→う -> う→ず -> ず→む -> む→ず -> ず→ら -> ら→る -> る→む -> む→る -> る→う -> う→ず -> ず→れ -> れ→ず -> ず→う -> う→る -> る→う -> う→る -> る→い -> い→ず -> ず→が -> が→ず -> ず→う -> う→る -> る→い -> い→ず -> ず→う -> う→む -> む→ぐ -> ぐ→ず -> ず→う -> う→む -> む→つ -> つ→む -> む→つ -> つ→う -> う→つ -> つ→う
aggressive_pvs vs alpha_beta,aggressive_pvs,alpha_beta,D20000_seed0_aggressive_pvs_vs_alpha_beta_0,20000,0,draw,match_timeout,74,second,alpha_beta,う,164,2,28,4,3,,,う,つ,つ,1.000008,True,2208.030054347826,1,1,True,0,33,33,32,0,0,0,0,0,{},32,あ→ぬ -> ぬ→る -> る→る -> る→る -> る→る -> る→ぽ -> ぽ→ず -> ず→ず -> ず→つ -> つ→る -> る→と -> と→る -> る→と -> と→る -> る→ぷ -> ぷ→ず -> ず→つ -> つ→る -> る→つ -> つ→つ -> つ→つ -> つ→つ -> つ→つ -> つ→つ -> つ→つ -> つ→や -> や→つ -> つ→や -> や→つ -> つ→や -> や→つ -> つ→げ -> げ→る -> る→り -> り→る -> る→げ -> げ→る -> る→う -> う→ず -> ず→む -> む→ず -> ず→ら -> ら→る -> る→む -> む→る -> る→う -> う→ず -> ず→れ -> れ→ず -> ず→う -> う→る -> る→う -> う→る -> る→い -> い→ず -> ず→が -> が→ず -> ず→う -> う→る -> る→い -> い→ず -> ず→う -> う→む -> む→ぐ -> ぐ→ず -> ず→う -> う→む -> む→つ -> つ→む -> む→つ -> つ→う -> う→つ -> つ→う -> う→つ
aggressive_pvs vs alpha_beta,aggressive_pvs,alpha_beta,D20000_seed0_aggressive_pvs_vs_alpha_beta_0,20000,0,draw,match_timeout,75,first,aggressive_pvs,つ,1906,28,2,16,15,,,つ,う,う,1.00001,True,515.9985714285714,1,1,True,0,31,31,29,0,0,0,29,1,{},29,あ→ぬ -> ぬ→る -> る→る -> る→る -> る→る -> る→ぽ -> ぽ→ず -> ず→ず -> ず→つ -> つ→る -> る→と -> と→る -> る→と -> と→る -> る→ぷ -> ぷ→ず -> ず→つ -> つ→る -> る→つ -> つ→つ -> つ→つ -> つ→つ -> つ→つ -> つ→つ -> つ→つ -> つ→や -> や→つ -> つ→や -> や→つ -> つ→や -> や→つ -> つ→げ -> げ→る -> る→り -> り→る -> る→げ -> げ→る -> る→う -> う→ず -> ず→む -> む→ず -> ず→ら -> ら→る -> る→む -> む→る -> る→う -> う→ず -> ず→れ -> れ→ず -> ず→う -> う→る -> る→う -> う→る -> る→い -> い→ず -> ず→が -> が→ず -> ず→う -> う→る -> る→い -> い→ず -> ず→う -> う→む -> む→ぐ -> ぐ→ず -> ず→う -> う→む -> む→つ -> つ→む -> む→つ -> つ→う -> う→つ -> つ→う -> う→つ -> つ→う
aggressive_pvs vs alpha_beta,aggressive_pvs,alpha_beta,D20000_seed0_aggressive_pvs_vs_alpha_beta_0,20000,0,draw,match_timeout,76,second,alpha_beta,う,164,2,28,3,2,,,う,つ,つ,1.000009,True,2208.0457065217392,1,1,True,0,33,33,32,0,0,0,0,0,{},32,あ→ぬ -> ぬ→る -> る→る -> る→る -> る→る -> る→ぽ -> ぽ→ず -> ず→ず -> ず→つ -> つ→る -> る→と -> と→る -> る→と -> と→る -> る→ぷ -> ぷ→ず -> ず→つ -> つ→る -> る→つ -> つ→つ -> つ→つ -> つ→つ -> つ→つ -> つ→つ -> つ→つ -> つ→や -> や→つ -> つ→や -> や→つ -> つ→や -> や→つ -> つ→げ -> げ→る -> る→り -> り→る -> る→げ -> げ→る -> る→う -> う→ず -> ず→む -> む→ず -> ず→ら -> ら→る -> る→む -> む→る -> る→う -> う→ず -> ず→れ -> れ→ず -> ず→う -> う→る -> る→う -> う→る -> る→い -> い→ず -> ず→が -> が→ず -> ず→う -> う→る -> る→い -> い→ず -> ず→う -> う→む -> む→ぐ -> ぐ→ず -> ず→う -> う→む -> む→つ -> つ→む -> む→つ -> つ→う -> う→つ -> つ→う -> う→つ -> つ→う -> う→つ
aggressive_pvs vs alpha_beta,aggressive_pvs,alpha_beta,D20000_seed0_aggressive_pvs_vs_alpha_beta_0,20000,0,draw,match_timeout,77,first,aggressive_pvs,つ,1906,28,2,15,14,,,つ,う,う,1.000008,True,516.0028571428571,1,1,True,0,31,31,29,0,0,0,29,1,{},29,あ→ぬ -> ぬ→る -> る→る -> る→る -> る→る -> る→ぽ -> ぽ→ず -> ず→ず -> ず→つ -> つ→る -> る→と -> と→る -> る→と -> と→る -> る→ぷ -> ぷ→ず -> ず→つ -> つ→る -> る→つ -> つ→つ -> つ→つ -> つ→つ -> つ→つ -> つ→つ -> つ→つ -> つ→や -> や→つ -> つ→や -> や→つ -> つ→や -> や→つ -> つ→げ -> げ→る -> る→り -> り→る -> る→げ -> げ→る -> る→う -> う→ず -> ず→む -> む→ず -> ず→ら -> ら→る -> る→む -> む→る -> る→う -> う→ず -> ず→れ -> れ→ず -> ず→う -> う→る -> る→う -> う→る -> る→い -> い→ず -> ず→が -> が→ず -> ず→う -> う→る -> る→い -> い→ず -> ず→う -> う→む -> む→ぐ -> ぐ→ず -> ず→う -> う→む -> む→つ -> つ→む -> む→つ -> つ→う -> う→つ -> つ→う -> う→つ -> つ→う -> う→つ -> つ→う
aggressive_pvs vs alpha_beta,aggressive_pvs,alpha_beta,D20000_seed0_aggressive_pvs_vs_alpha_beta_0,20000,0,draw,match_timeout,78,second,alpha_beta,う,164,2,28,2,1,,,う,つ,つ,1.00001,True,2208.061358695652,1,1,True,0,31,31,30,0,0,0,0,0,{},30,あ→ぬ -> ぬ→る -> る→る -> る→る -> る→る -> る→ぽ -> ぽ→ず -> ず→ず -> ず→つ -> つ→る -> る→と -> と→る -> る→と -> と→る -> る→ぷ -> ぷ→ず -> ず→つ -> つ→る -> る→つ -> つ→つ -> つ→つ -> つ→つ -> つ→つ -> つ→つ -> つ→つ -> つ→や -> や→つ -> つ→や -> や→つ -> つ→や -> や→つ -> つ→げ -> げ→る -> る→り -> り→る -> る→げ -> げ→る -> る→う -> う→ず -> ず→む -> む→ず -> ず→ら -> ら→る -> る→む -> む→る -> る→う -> う→ず -> ず→れ -> れ→ず -> ず→う -> う→る -> る→う -> う→る -> る→い -> い→ず -> ず→が -> が→ず -> ず→う -> う→る -> る→い -> い→ず -> ず→う -> う→む -> む→ぐ -> ぐ→ず -> ず→う -> う→む -> む→つ -> つ→む -> む→つ -> つ→う -> う→つ -> つ→う -> う→つ -> つ→う -> う→つ -> つ→う -> う→つ
aggressive_pvs vs alpha_beta,aggressive_pvs,alpha_beta,D20000_seed0_aggressive_pvs_vs_alpha_beta_0,20000,0,draw,match_timeout,79,first,aggressive_pvs,つ,1906,28,2,14,13,,,つ,う,う,1.000009,True,516.0071428571429,1,1,True,0,30,30,28,0,0,0,28,1,{},28,あ→ぬ -> ぬ→る -> る→る -> る→る -> る→る -> る→ぽ -> ぽ→ず -> ず→ず -> ず→つ -> つ→る -> る→と -> と→る -> る→と -> と→る -> る→ぷ -> ぷ→ず -> ず→つ -> つ→る -> る→つ -> つ→つ -> つ→つ -> つ→つ -> つ→つ -> つ→つ -> つ→つ -> つ→や -> や→つ -> つ→や -> や→つ -> つ→や -> や→つ -> つ→げ -> げ→る -> る→り -> り→る -> る→げ -> げ→る -> る→う -> う→ず -> ず→む -> む→ず -> ず→ら -> ら→る -> る→む -> む→る -> る→う -> う→ず -> ず→れ -> れ→ず -> ず→う -> う→る -> る→う -> う→る -> る→い -> い→ず -> ず→が -> が→ず -> ず→う -> う→る -> る→い -> い→ず -> ず→う -> う→む -> む→ぐ -> ぐ→ず -> ず→う -> う→む -> む→つ -> つ→む -> む→つ -> つ→う -> う→つ -> つ→う -> う→つ -> つ→う -> う→つ -> つ→う -> う→つ -> つ→う
aggressive_pvs vs alpha_beta,aggressive_pvs,alpha_beta,D20000_seed0_aggressive_pvs_vs_alpha_beta_0,20000,0,draw,match_timeout,80,second,alpha_beta,う,164,2,28,1,0,,,う,つ,つ,1.00004,True,2208.124945652174,1,1,True,0,32,32,31,0,0,0,0,0,{},31,あ→ぬ -> ぬ→る -> る→る -> る→る -> る→る -> る→ぽ -> ぽ→ず -> ず→ず -> ず→つ -> つ→る -> る→と -> と→る -> る→と -> と→る -> る→ぷ -> ぷ→ず -> ず→つ -> つ→る -> る→つ -> つ→つ -> つ→つ -> つ→つ -> つ→つ -> つ→つ -> つ→つ -> つ→や -> や→つ -> つ→や -> や→つ -> つ→や -> や→つ -> つ→げ -> げ→る -> る→り -> り→る -> る→げ -> げ→る -> る→う -> う→ず -> ず→む -> む→ず -> ず→ら -> ら→る -> る→む -> む→る -> る→う -> う→ず -> ず→れ -> れ→ず -> ず→う -> う→る -> る→う -> う→る -> る→い -> い→ず -> ず→が -> が→ず -> ず→う -> う→る -> る→い -> い→ず -> ず→う -> う→む -> む→ぐ -> ぐ→ず -> ず→う -> う→む -> む→つ -> つ→む -> む→つ -> つ→う -> う→つ -> つ→う -> う→つ -> つ→う -> う→つ -> つ→う -> う→つ -> つ→う -> う→つ
aggressive_pvs vs alpha_beta,aggressive_pvs,alpha_beta,D20000_seed0_aggressive_pvs_vs_alpha_beta_0,20000,0,draw,match_timeout,81,first,aggressive_pvs,つ,1906,28,2,13,12,,,つ,う,う,1.00001,True,516.0264285714286,1,1,True,0,31,31,29,0,0,0,29,1,{},29,あ→ぬ -> ぬ→る -> る→る -> る→る -> る→る -> る→ぽ -> ぽ→ず -> ず→ず -> ず→つ -> つ→る -> る→と -> と→る -> る→と -> と→る -> る→ぷ -> ぷ→ず -> ず→つ -> つ→る -> る→つ -> つ→つ -> つ→つ -> つ→つ -> つ→つ -> つ→つ -> つ→つ -> つ→や -> や→つ -> つ→や -> や→つ -> つ→や -> や→つ -> つ→げ -> げ→る -> る→り -> り→る -> る→げ -> げ→る -> る→う -> う→ず -> ず→む -> む→ず -> ず→ら -> ら→る -> る→む -> む→る -> る→う -> う→ず -> ず→れ -> れ→ず -> ず→う -> う→る -> る→う -> う→る -> る→い -> い→ず -> ず→が -> が→ず -> ず→う -> う→る -> る→い -> い→ず -> ず→う -> う→む -> む→ぐ -> ぐ→ず -> ず→う -> う→む -> む→つ -> つ→む -> む→つ -> つ→う -> う→つ -> つ→う -> う→つ -> つ→う -> う→つ -> つ→う -> う→つ -> つ→う -> う→つ -> つ→う
aggressive_pvs vs alpha_beta,aggressive_pvs,alpha_beta,D20000_seed0_aggressive_pvs_vs_alpha_beta_0,20000,0,draw,match_timeout,82,second,alpha_beta,う,194,2,58,3,2,,,う,や,や,1.000014,True,1606.6062686567163,1,1,True,0,33,33,32,0,0,0,0,0,{},32,あ→ぬ -> ぬ→る -> る→る -> る→る -> る→る -> る→ぽ -> ぽ→ず -> ず→ず -> ず→つ -> つ→る -> る→と -> と→る -> る→と -> と→る -> る→ぷ -> ぷ→ず -> ず→つ -> つ→る -> る→つ -> つ→つ -> つ→つ -> つ→つ -> つ→つ -> つ→つ -> つ→つ -> つ→や -> や→つ -> つ→や -> や→つ -> つ→や -> や→つ -> つ→げ -> げ→る -> る→り -> り→る -> る→げ -> げ→る -> る→う -> う→ず -> ず→む -> む→ず -> ず→ら -> ら→る -> る→む -> む→る -> る→う -> う→ず -> ず→れ -> れ→ず -> ず→う -> う→る -> る→う -> う→る -> る→い -> い→ず -> ず→が -> が→ず -> ず→う -> う→る -> る→い -> い→ず -> ず→う -> う→む -> む→ぐ -> ぐ→ず -> ず→う -> う→む -> む→つ -> つ→む -> む→つ -> つ→う -> う→つ -> つ→う -> う→つ -> つ→う -> う→つ -> つ→う -> う→つ -> つ→う -> う→つ -> つ→う -> う→や
aggressive_pvs vs alpha_beta,aggressive_pvs,alpha_beta,D20000_seed0_aggressive_pvs_vs_alpha_beta_0,20000,0,draw,match_timeout,83,first,aggressive_pvs,や,3999,58,55,1,0,,,や,む,む,1.000008,True,2475.35,1,1,True,0,31,31,29,0,0,0,29,1,{},29,あ→ぬ -> ぬ→る -> る→る -> る→る -> る→る -> る→ぽ -> ぽ→ず -> ず→ず -> ず→つ -> つ→る -> る→と -> と→る -> る→と -> と→る -> る→ぷ -> ぷ→ず -> ず→つ -> つ→る -> る→つ -> つ→つ -> つ→つ -> つ→つ -> つ→つ -> つ→つ -> つ→つ -> つ→や -> や→つ -> つ→や -> や→つ -> つ→や -> や→つ -> つ→げ -> げ→る -> る→り -> り→る -> る→げ -> げ→る -> る→う -> う→ず -> ず→む -> む→ず -> ず→ら -> ら→る -> る→む -> む→る -> る→う -> う→ず -> ず→れ -> れ→ず -> ず→う -> う→る -> る→う -> う→る -> る→い -> い→ず -> ず→が -> が→ず -> ず→う -> う→る -> る→い -> い→ず -> ず→う -> う→む -> む→ぐ -> ぐ→ず -> ず→う -> う→む -> む→つ -> つ→む -> む→つ -> つ→う -> う→つ -> つ→う -> う→つ -> つ→う -> う→つ -> つ→う -> う→つ -> つ→う -> う→つ -> つ→う -> う→や -> や→む
aggressive_pvs vs alpha_beta,aggressive_pvs,alpha_beta,D20000_seed0_aggressive_pvs_vs_alpha_beta_0,20000,0,draw,match_timeout,84,second,alpha_beta,む,3768,55,28,4,3,,,む,つ,つ,1.000022,True,2208.1445108695652,1,1,True,0,30,30,29,0,0,0,0,0,{},29,あ→ぬ -> ぬ→る -> る→る -> る→る -> る→る -> る→ぽ -> ぽ→ず -> ず→ず -> ず→つ -> つ→る -> る→と -> と→る -> る→と -> と→る -> る→ぷ -> ぷ→ず -> ず→つ -> つ→る -> る→つ -> つ→つ -> つ→つ -> つ→つ -> つ→つ -> つ→つ -> つ→つ -> つ→や -> や→つ -> つ→や -> や→つ -> つ→や -> や→つ -> つ→げ -> げ→る -> る→り -> り→る -> る→げ -> げ→る -> る→う -> う→ず -> ず→む -> む→ず -> ず→ら -> ら→る -> る→む -> む→る -> る→う -> う→ず -> ず→れ -> れ→ず -> ず→う -> う→る -> る→う -> う→る -> る→い -> い→ず -> ず→が -> が→ず -> ず→う -> う→る -> る→い -> い→ず -> ず→う -> う→む -> む→ぐ -> ぐ→ず -> ず→う -> う→む -> む→つ -> つ→む -> む→つ -> つ→う -> う→つ -> つ→う -> う→つ -> つ→う -> う→つ -> つ→う -> う→つ -> つ→う -> う→つ -> つ→う -> う→や -> や→む -> む→つ
aggressive_pvs vs alpha_beta,aggressive_pvs,alpha_beta,D20000_seed0_aggressive_pvs_vs_alpha_beta_0,20000,0,draw,match_timeout,85,first,aggressive_pvs,つ,1906,28,2,12,11,,,つ,う,う,1.000013,True,516.0307142857143,1,1,True,0,31,31,29,0,0,0,29,1,{},29,あ→ぬ -> ぬ→る -> る→る -> る→る -> る→る -> る→ぽ -> ぽ→ず -> ず→ず -> ず→つ -> つ→る -> る→と -> と→る -> る→と -> と→る -> る→ぷ -> ぷ→ず -> ず→つ -> つ→る -> る→つ -> つ→つ -> つ→つ -> つ→つ -> つ→つ -> つ→つ -> つ→つ -> つ→や -> や→つ -> つ→や -> や→つ -> つ→や -> や→つ -> つ→げ -> げ→る -> る→り -> り→る -> る→げ -> げ→る -> る→う -> う→ず -> ず→む -> む→ず -> ず→ら -> ら→る -> る→む -> む→る -> る→う -> う→ず -> ず→れ -> れ→ず -> ず→う -> う→る -> る→う -> う→る -> る→い -> い→ず -> ず→が -> が→ず -> ず→う -> う→る -> る→い -> い→ず -> ず→う -> う→む -> む→ぐ -> ぐ→ず -> ず→う -> う→む -> む→つ -> つ→む -> む→つ -> つ→う -> う→つ -> つ→う -> う→つ -> つ→う -> う→つ -> つ→う -> う→つ -> つ→う -> う→つ -> つ→う -> う→や -> や→む -> む→つ -> つ→う
aggressive_pvs vs alpha_beta,aggressive_pvs,alpha_beta,D20000_seed0_aggressive_pvs_vs_alpha_beta_0,20000,0,draw,match_timeout,86,second,alpha_beta,う,194,2,58,2,1,,,う,や,や,1.000008,True,1606.6432089552238,1,1,True,0,32,32,31,0,0,0,0,0,{},31,あ→ぬ -> ぬ→る -> る→る -> る→る -> る→る -> る→ぽ -> ぽ→ず -> ず→ず -> ず→つ -> つ→る -> る→と -> と→る -> る→と -> と→る -> る→ぷ -> ぷ→ず -> ず→つ -> つ→る -> る→つ -> つ→つ -> つ→つ -> つ→つ -> つ→つ -> つ→つ -> つ→つ -> つ→や -> や→つ -> つ→や -> や→つ -> つ→や -> や→つ -> つ→げ -> げ→る -> る→り -> り→る -> る→げ -> げ→る -> る→う -> う→ず -> ず→む -> む→ず -> ず→ら -> ら→る -> る→む -> む→る -> る→う -> う→ず -> ず→れ -> れ→ず -> ず→う -> う→る -> る→う -> う→る -> る→い -> い→ず -> ず→が -> が→ず -> ず→う -> う→る -> る→い -> い→ず -> ず→う -> う→む -> む→ぐ -> ぐ→ず -> ず→う -> う→む -> む→つ -> つ→む -> む→つ -> つ→う -> う→つ -> つ→う -> う→つ -> つ→う -> う→つ -> つ→う -> う→つ -> つ→う -> う→つ -> つ→う -> う→や -> や→む -> む→つ -> つ→う -> う→や
aggressive_pvs vs alpha_beta,aggressive_pvs,alpha_beta,D20000_seed0_aggressive_pvs_vs_alpha_beta_0,20000,0,draw,match_timeout,87,first,aggressive_pvs,や,4002,58,58,7,6,,,や,や,や,1.000012,True,1606.644552238806,1,1,True,0,31,31,29,0,0,0,29,1,{},29,あ→ぬ -> ぬ→る -> る→る -> る→る -> る→る -> る→ぽ -> ぽ→ず -> ず→ず -> ず→つ -> つ→る -> る→と -> と→る -> る→と -> と→る -> る→ぷ -> ぷ→ず -> ず→つ -> つ→る -> る→つ -> つ→つ -> つ→つ -> つ→つ -> つ→つ -> つ→つ -> つ→つ -> つ→や -> や→つ -> つ→や -> や→つ -> つ→や -> や→つ -> つ→げ -> げ→る -> る→り -> り→る -> る→げ -> げ→る -> る→う -> う→ず -> ず→む -> む→ず -> ず→ら -> ら→る -> る→む -> む→る -> る→う -> う→ず -> ず→れ -> れ→ず -> ず→う -> う→る -> る→う -> う→る -> る→い -> い→ず -> ず→が -> が→ず -> ず→う -> う→る -> る→い -> い→ず -> ず→う -> う→む -> む→ぐ -> ぐ→ず -> ず→う -> う→む -> む→つ -> つ→む -> む→つ -> つ→う -> う→つ -> つ→う -> う→つ -> つ→う -> う→つ -> つ→う -> う→つ -> つ→う -> う→つ -> つ→う -> う→や -> や→む -> む→つ -> つ→う -> う→や -> や→や
aggressive_pvs vs alpha_beta,aggressive_pvs,alpha_beta,D20000_seed0_aggressive_pvs_vs_alpha_beta_0,20000,0,draw,match_timeout,88,second,alpha_beta,や,4002,58,58,6,5,,,や,や,や,1.00001,True,1606.645895522388,1,1,True,0,31,31,30,0,0,0,0,0,{},30,あ→ぬ -> ぬ→る -> る→る -> る→る -> る→る -> る→ぽ -> ぽ→ず -> ず→ず -> ず→つ -> つ→る -> る→と -> と→る -> る→と -> と→る -> る→ぷ -> ぷ→ず -> ず→つ -> つ→る -> る→つ -> つ→つ -> つ→つ -> つ→つ -> つ→つ -> つ→つ -> つ→つ -> つ→や -> や→つ -> つ→や -> や→つ -> つ→や -> や→つ -> つ→げ -> げ→る -> る→り -> り→る -> る→げ -> げ→る -> る→う -> う→ず -> ず→む -> む→ず -> ず→ら -> ら→る -> る→む -> む→る -> る→う -> う→ず -> ず→れ -> れ→ず -> ず→う -> う→る -> る→う -> う→る -> る→い -> い→ず -> ず→が -> が→ず -> ず→う -> う→る -> る→い -> い→ず -> ず→う -> う→む -> む→ぐ -> ぐ→ず -> ず→う -> う→む -> む→つ -> つ→む -> む→つ -> つ→う -> う→つ -> つ→う -> う→つ -> つ→う -> う→つ -> つ→う -> う→つ -> つ→う -> う→つ -> つ→う -> う→や -> や→む -> む→つ -> つ→う -> う→や -> や→や -> や→や
aggressive_pvs vs alpha_beta,aggressive_pvs,alpha_beta,D20000_seed0_aggressive_pvs_vs_alpha_beta_0,20000,0,draw,match_timeout,89,first,aggressive_pvs,や,4002,58,58,5,4,,,や,や,や,1.00001,True,1606.6472388059701,1,1,True,0,31,31,29,0,0,0,29,1,{},29,あ→ぬ -> ぬ→る -> る→る -> る→る -> る→る -> る→ぽ -> ぽ→ず -> ず→ず -> ず→つ -> つ→る -> る→と -> と→る -> る→と -> と→る -> る→ぷ -> ぷ→ず -> ず→つ -> つ→る -> る→つ -> つ→つ -> つ→つ -> つ→つ -> つ→つ -> つ→つ -> つ→つ -> つ→や -> や→つ -> つ→や -> や→つ -> つ→や -> や→つ -> つ→げ -> げ→る -> る→り -> り→る -> る→げ -> げ→る -> る→う -> う→ず -> ず→む -> む→ず -> ず→ら -> ら→る -> る→む -> む→る -> る→う -> う→ず -> ず→れ -> れ→ず -> ず→う -> う→る -> る→う -> う→る -> る→い -> い→ず -> ず→が -> が→ず -> ず→う -> う→る -> る→い -> い→ず -> ず→う -> う→む -> む→ぐ -> ぐ→ず -> ず→う -> う→む -> む→つ -> つ→む -> む→つ -> つ→う -> う→つ -> つ→う -> う→つ -> つ→う -> う→つ -> つ→う -> う→つ -> つ→う -> う→つ -> つ→う -> う→や -> や→む -> む→つ -> つ→う -> う→や -> や→や -> や→や -> や→や
aggressive_pvs vs alpha_beta,aggressive_pvs,alpha_beta,D20000_seed0_aggressive_pvs_vs_alpha_beta_0,20000,0,draw,match_timeout,90,second,alpha_beta,や,4002,58,58,4,3,,,や,や,や,1.000007,True,1606.6485820895523,1,1,True,0,31,31,30,0,0,0,0,0,{},30,あ→ぬ -> ぬ→る -> る→る -> る→る -> る→る -> る→ぽ -> ぽ→ず -> ず→ず -> ず→つ -> つ→る -> る→と -> と→る -> る→と -> と→る -> る→ぷ -> ぷ→ず -> ず→つ -> つ→る -> る→つ -> つ→つ -> つ→つ -> つ→つ -> つ→つ -> つ→つ -> つ→つ -> つ→や -> や→つ -> つ→や -> や→つ -> つ→や -> や→つ -> つ→げ -> げ→る -> る→り -> り→る -> る→げ -> げ→る -> る→う -> う→ず -> ず→む -> む→ず -> ず→ら -> ら→る -> る→む -> む→る -> る→う -> う→ず -> ず→れ -> れ→ず -> ず→う -> う→る -> る→う -> う→る -> る→い -> い→ず -> ず→が -> が→ず -> ず→う -> う→る -> る→い -> い→ず -> ず→う -> う→む -> む→ぐ -> ぐ→ず -> ず→う -> う→む -> む→つ -> つ→む -> む→つ -> つ→う -> う→つ -> つ→う -> う→つ -> つ→う -> う→つ -> つ→う -> う→つ -> つ→う -> う→つ -> つ→う -> う→や -> や→む -> む→つ -> つ→う -> う→や -> や→や -> や→や -> や→や -> や→や
aggressive_pvs vs alpha_beta,aggressive_pvs,alpha_beta,D20000_seed0_aggressive_pvs_vs_alpha_beta_0,20000,0,draw,match_timeout,91,first,aggressive_pvs,や,4002,58,58,3,2,,,や,や,や,1.000005,True,1606.6499253731342,1,1,True,0,31,31,29,0,0,0,29,1,{},29,あ→ぬ -> ぬ→る -> る→る -> る→る -> る→る -> る→ぽ -> ぽ→ず -> ず→ず -> ず→つ -> つ→る -> る→と -> と→る -> る→と -> と→る -> る→ぷ -> ぷ→ず -> ず→つ -> つ→る -> る→つ -> つ→つ -> つ→つ -> つ→つ -> つ→つ -> つ→つ -> つ→つ -> つ→や -> や→つ -> つ→や -> や→つ -> つ→や -> や→つ -> つ→げ -> げ→る -> る→り -> り→る -> る→げ -> げ→る -> る→う -> う→ず -> ず→む -> む→ず -> ず→ら -> ら→る -> る→む -> む→る -> る→う -> う→ず -> ず→れ -> れ→ず -> ず→う -> う→る -> る→う -> う→る -> る→い -> い→ず -> ず→が -> が→ず -> ず→う -> う→る -> る→い -> い→ず -> ず→う -> う→む -> む→ぐ -> ぐ→ず -> ず→う -> う→む -> む→つ -> つ→む -> む→つ -> つ→う -> う→つ -> つ→う -> う→つ -> つ→う -> う→つ -> つ→う -> う→つ -> つ→う -> う→つ -> つ→う -> う→や -> や→む -> む→つ -> つ→う -> う→や -> や→や -> や→や -> や→や -> や→や -> や→や
aggressive_pvs vs alpha_beta,aggressive_pvs,alpha_beta,D20000_seed0_aggressive_pvs_vs_alpha_beta_0,20000,0,draw,match_timeout,92,second,alpha_beta,や,4002,58,58,2,1,,,や,や,や,1.000008,True,1606.6512686567164,1,1,True,0,31,31,30,0,0,0,0,0,{},30,あ→ぬ -> ぬ→る -> る→る -> る→る -> る→る -> る→ぽ -> ぽ→ず -> ず→ず -> ず→つ -> つ→る -> る→と -> と→る -> る→と -> と→る -> る→ぷ -> ぷ→ず -> ず→つ -> つ→る -> る→つ -> つ→つ -> つ→つ -> つ→つ -> つ→つ -> つ→つ -> つ→つ -> つ→や -> や→つ -> つ→や -> や→つ -> つ→や -> や→つ -> つ→げ -> げ→る -> る→り -> り→る -> る→げ -> げ→る -> る→う -> う→ず -> ず→む -> む→ず -> ず→ら -> ら→る -> る→む -> む→る -> る→う -> う→ず -> ず→れ -> れ→ず -> ず→う -> う→る -> る→う -> う→る -> る→い -> い→ず -> ず→が -> が→ず -> ず→う -> う→る -> る→い -> い→ず -> ず→う -> う→む -> む→ぐ -> ぐ→ず -> ず→う -> う→む -> む→つ -> つ→む -> む→つ -> つ→う -> う→つ -> つ→う -> う→つ -> つ→う -> う→つ -> つ→う -> う→つ -> つ→う -> う→つ -> つ→う -> う→や -> や→む -> む→つ -> つ→う -> う→や -> や→や -> や→や -> や→や -> や→や -> や→や -> や→や
aggressive_pvs vs alpha_beta,aggressive_pvs,alpha_beta,D20000_seed0_aggressive_pvs_vs_alpha_beta_0,20000,0,draw,match_timeout,93,first,aggressive_pvs,や,4002,58,58,1,0,,,や,や,や,1.000007,True,1606.6573134328357,1,1,True,0,31,31,29,0,0,0,29,1,{},29,あ→ぬ -> ぬ→る -> る→る -> る→る -> る→る -> る→ぽ -> ぽ→ず -> ず→ず -> ず→つ -> つ→る -> る→と -> と→る -> る→と -> と→る -> る→ぷ -> ぷ→ず -> ず→つ -> つ→る -> る→つ -> つ→つ -> つ→つ -> つ→つ -> つ→つ -> つ→つ -> つ→つ -> つ→や -> や→つ -> つ→や -> や→つ -> つ→や -> や→つ -> つ→げ -> げ→る -> る→り -> り→る -> る→げ -> げ→る -> る→う -> う→ず -> ず→む -> む→ず -> ず→ら -> ら→る -> る→む -> む→る -> る→う -> う→ず -> ず→れ -> れ→ず -> ず→う -> う→る -> る→う -> う→る -> る→い -> い→ず -> ず→が -> が→ず -> ず→う -> う→る -> る→い -> い→ず -> ず→う -> う→む -> む→ぐ -> ぐ→ず -> ず→う -> う→む -> む→つ -> つ→む -> む→つ -> つ→う -> う→つ -> つ→う -> う→つ -> つ→う -> う→つ -> つ→う -> う→つ -> つ→う -> う→つ -> つ→う -> う→や -> や→む -> む→つ -> つ→う -> う→や -> や→や -> や→や -> や→や -> や→や -> や→や -> や→や -> や→や
aggressive_pvs vs alpha_beta,aggressive_pvs,alpha_beta,D20000_seed0_aggressive_pvs_vs_alpha_beta_0,20000,0,draw,match_timeout,94,second,alpha_beta,や,3956,58,12,1,0,,,や,げ,げ,1.000012,True,1105.1782608695653,1,1,True,0,31,31,30,0,0,0,0,0,{},30,あ→ぬ -> ぬ→る -> る→る -> る→る -> る→る -> る→ぽ -> ぽ→ず -> ず→ず -> ず→つ -> つ→る -> る→と -> と→る -> る→と -> と→る -> る→ぷ -> ぷ→ず -> ず→つ -> つ→る -> る→つ -> つ→つ -> つ→つ -> つ→つ -> つ→つ -> つ→つ -> つ→つ -> つ→や -> や→つ -> つ→や -> や→つ -> つ→や -> や→つ -> つ→げ -> げ→る -> る→り -> り→る -> る→げ -> げ→る -> る→う -> う→ず -> ず→む -> む→ず -> ず→ら -> ら→る -> る→む -> む→る -> る→う -> う→ず -> ず→れ -> れ→ず -> ず→う -> う→る -> る→う -> う→る -> る→い -> い→ず -> ず→が -> が→ず -> ず→う -> う→る -> る→い -> い→ず -> ず→う -> う→む -> む→ぐ -> ぐ→ず -> ず→う -> う→む -> む→つ -> つ→む -> む→つ -> つ→う -> う→つ -> つ→う -> う→つ -> つ→う -> う→つ -> つ→う -> う→つ -> つ→う -> う→つ -> つ→う -> う→や -> や→む -> む→つ -> つ→う -> う→や -> や→や -> や→や -> や→や -> や→や -> や→や -> や→や -> や→や -> や→げ
aggressive_pvs vs alpha_beta,aggressive_pvs,alpha_beta,D20000_seed0_aggressive_pvs_vs_alpha_beta_0,20000,0,draw,match_timeout,95,first,aggressive_pvs,げ,871,12,55,2,1,,,げ,む,む,1.000011,True,2475.4179591836737,1,1,True,0,31,31,27,0,0,0,27,3,{},27,あ→ぬ -> ぬ→る -> る→る -> る→る -> る→る -> る→ぽ -> ぽ→ず -> ず→ず -> ず→つ -> つ→る -> る→と -> と→る -> る→と -> と→る -> る→ぷ -> ぷ→ず -> ず→つ -> つ→る -> る→つ -> つ→つ -> つ→つ -> つ→つ -> つ→つ -> つ→つ -> つ→つ -> つ→や -> や→つ -> つ→や -> や→つ -> つ→や -> や→つ -> つ→げ -> げ→る -> る→り -> り→る -> る→げ -> げ→る -> る→う -> う→ず -> ず→む -> む→ず -> ず→ら -> ら→る -> る→む -> む→る -> る→う -> う→ず -> ず→れ -> れ→ず -> ず→う -> う→る -> る→う -> う→る -> る→い -> い→ず -> ず→が -> が→ず -> ず→う -> う→る -> る→い -> い→ず -> ず→う -> う→む -> む→ぐ -> ぐ→ず -> ず→う -> う→む -> む→つ -> つ→む -> む→つ -> つ→う -> う→つ -> つ→う -> う→つ -> つ→う -> う→つ -> つ→う -> う→つ -> つ→う -> う→つ -> つ→う -> う→や -> や→む -> む→つ -> つ→う -> う→や -> や→や -> や→や -> や→や -> や→や -> や→や -> や→や -> や→や -> や→げ -> げ→む
aggressive_pvs vs alpha_beta,aggressive_pvs,alpha_beta,D20000_seed0_aggressive_pvs_vs_alpha_beta_0,20000,0,draw,match_timeout,96,second,alpha_beta,む,3768,55,28,3,2,,,む,つ,つ,1.000008,True,2208.1640760869564,1,1,True,0,30,30,29,0,0,0,0,0,{},29,あ→ぬ -> ぬ→る -> る→る -> る→る -> る→る -> る→ぽ -> ぽ→ず -> ず→ず -> ず→つ -> つ→る -> る→と -> と→る -> る→と -> と→る -> る→ぷ -> ぷ→ず -> ず→つ -> つ→る -> る→つ -> つ→つ -> つ→つ -> つ→つ -> つ→つ -> つ→つ -> つ→つ -> つ→や -> や→つ -> つ→や -> や→つ -> つ→や -> や→つ -> つ→げ -> げ→る -> る→り -> り→る -> る→げ -> げ→る -> る→う -> う→ず -> ず→む -> む→ず -> ず→ら -> ら→る -> る→む -> む→る -> る→う -> う→ず -> ず→れ -> れ→ず -> ず→う -> う→る -> る→う -> う→る -> る→い -> い→ず -> ず→が -> が→ず -> ず→う -> う→る -> る→い -> い→ず -> ず→う -> う→む -> む→ぐ -> ぐ→ず -> ず→う -> う→む -> む→つ -> つ→む -> む→つ -> つ→う -> う→つ -> つ→う -> う→つ -> つ→う -> う→つ -> つ→う -> う→つ -> つ→う -> う→つ -> つ→う -> う→や -> や→む -> む→つ -> つ→う -> う→や -> や→や -> や→や -> や→や -> や→や -> や→や -> や→や -> や→や -> や→げ -> げ→む -> む→つ
aggressive_pvs vs alpha_beta,aggressive_pvs,alpha_beta,D20000_seed0_aggressive_pvs_vs_alpha_beta_0,20000,0,draw,match_timeout,97,first,aggressive_pvs,つ,1906,28,2,11,10,,,つ,う,う,1.000007,True,516.0392857142857,1,1,True,0,31,31,29,0,0,0,29,1,{},29,あ→ぬ -> ぬ→る -> る→る -> る→る -> る→る -> る→ぽ -> ぽ→ず -> ず→ず -> ず→つ -> つ→る -> る→と -> と→る -> る→と -> と→る -> る→ぷ -> ぷ→ず -> ず→つ -> つ→る -> る→つ -> つ→つ -> つ→つ -> つ→つ -> つ→つ -> つ→つ -> つ→つ -> つ→や -> や→つ -> つ→や -> や→つ -> つ→や -> や→つ -> つ→げ -> げ→る -> る→り -> り→る -> る→げ -> げ→る -> る→う -> う→ず -> ず→む -> む→ず -> ず→ら -> ら→る -> る→む -> む→る -> る→う -> う→ず -> ず→れ -> れ→ず -> ず→う -> う→る -> る→う -> う→る -> る→い -> い→ず -> ず→が -> が→ず -> ず→う -> う→る -> る→い -> い→ず -> ず→う -> う→む -> む→ぐ -> ぐ→ず -> ず→う -> う→む -> む→つ -> つ→む -> む→つ -> つ→う -> う→つ -> つ→う -> う→つ -> つ→う -> う→つ -> つ→う -> う→つ -> つ→う -> う→つ -> つ→う -> う→や -> や→む -> む→つ -> つ→う -> う→や -> や→や -> や→や -> や→や -> や→や -> や→や -> や→や -> や→や -> や→げ -> げ→む -> む→つ -> つ→う
aggressive_pvs vs alpha_beta,aggressive_pvs,alpha_beta,D20000_seed0_aggressive_pvs_vs_alpha_beta_0,20000,0,draw,match_timeout,98,second,alpha_beta,う,194,2,58,1,0,,,う,や,や,1.000008,True,1606.7708208955223,1,1,True,0,33,33,32,0,0,0,0,0,{},32,あ→ぬ -> ぬ→る -> る→る -> る→る -> る→る -> る→ぽ -> ぽ→ず -> ず→ず -> ず→つ -> つ→る -> る→と -> と→る -> る→と -> と→る -> る→ぷ -> ぷ→ず -> ず→つ -> つ→る -> る→つ -> つ→つ -> つ→つ -> つ→つ -> つ→つ -> つ→つ -> つ→つ -> つ→や -> や→つ -> つ→や -> や→つ -> つ→や -> や→つ -> つ→げ -> げ→る -> る→り -> り→る -> る→げ -> げ→る -> る→う -> う→ず -> ず→む -> む→ず -> ず→ら -> ら→る -> る→む -> む→る -> る→う -> う→ず -> ず→れ -> れ→ず -> ず→う -> う→る -> る→う -> う→る -> る→い -> い→ず -> ず→が -> が→ず -> ず→う -> う→る -> る→い -> い→ず -> ず→う -> う→む -> む→ぐ -> ぐ→ず -> ず→う -> う→む -> む→つ -> つ→む -> む→つ -> つ→う -> う→つ -> つ→う -> う→つ -> つ→う -> う→つ -> つ→う -> う→つ -> つ→う -> う→つ -> つ→う -> う→や -> や→む -> む→つ -> つ→う -> う→や -> や→や -> や→や -> や→や -> や→や -> や→や -> や→や -> や→や -> や→げ -> げ→む -> む→つ -> つ→う -> う→や
aggressive_pvs vs alpha_beta,aggressive_pvs,alpha_beta,D20000_seed0_aggressive_pvs_vs_alpha_beta_0,20000,0,draw,match_timeout,99,first,aggressive_pvs,や,3960,58,16,1,0,,,や,ざ,ざ,1.000005,True,976.229512195122,1,1,True,0,30,30,29,0,0,0,29,0,{},29,あ→ぬ -> ぬ→る -> る→る -> る→る -> る→る -> る→ぽ -> ぽ→ず -> ず→ず -> ず→つ -> つ→る -> る→と -> と→る -> る→と -> と→る -> る→ぷ -> ぷ→ず -> ず→つ -> つ→る -> る→つ -> つ→つ -> つ→つ -> つ→つ -> つ→つ -> つ→つ -> つ→つ -> つ→や -> や→つ -> つ→や -> や→つ -> つ→や -> や→つ -> つ→げ -> げ→る -> る→り -> り→る -> る→げ -> げ→る -> る→う -> う→ず -> ず→む -> む→ず -> ず→ら -> ら→る -> る→む -> む→る -> る→う -> う→ず -> ず→れ -> れ→ず -> ず→う -> う→る -> る→う -> う→る -> る→い -> い→ず -> ず→が -> が→ず -> ず→う -> う→る -> る→い -> い→ず -> ず→う -> う→む -> む→ぐ -> ぐ→ず -> ず→う -> う→む -> む→つ -> つ→む -> む→つ -> つ→う -> う→つ -> つ→う -> う→つ -> つ→う -> う→つ -> つ→う -> う→つ -> つ→う -> う→つ -> つ→う -> う→や -> や→む -> む→つ -> つ→う -> う→や -> や→や -> や→や -> や→や -> や→や -> や→や -> や→や -> や→や -> や→げ -> げ→む -> む→つ -> つ→う -> う→や -> や→ざ
aggressive_pvs vs alpha_beta,aggressive_pvs,alpha_beta,D20000_seed0_aggressive_pvs_vs_alpha_beta_0,20000,0,draw,match_timeout,100,second,alpha_beta,ざ,1143,16,55,2,1,,,ざ,む,む,0.702736,False,2475.5244897959183,1,1,True,0,19,19,20,0,0,0,0,0,{},20,あ→ぬ -> ぬ→る -> る→る -> る→る -> る→る -> る→ぽ -> ぽ→ず -> ず→ず -> ず→つ -> つ→る -> る→と -> と→る -> る→と -> と→る -> る→ぷ -> ぷ→ず -> ず→つ -> つ→る -> る→つ -> つ→つ -> つ→つ -> つ→つ -> つ→つ -> つ→つ -> つ→つ -> つ→や -> や→つ -> つ→や -> や→つ -> つ→や -> や→つ -> つ→げ -> げ→る -> る→り -> り→る -> る→げ -> げ→る -> る→う -> う→ず -> ず→む -> む→ず -> ず→ら -> ら→る -> る→む -> む→る -> る→う -> う→ず -> ず→れ -> れ→ず -> ず→う -> う→る -> る→う -> う→る -> る→い -> い→ず -> ず→が -> が→ず -> ず→う -> う→る -> る→い -> い→ず -> ず→う -> う→む -> む→ぐ -> ぐ→ず -> ず→う -> う→む -> む→つ -> つ→む -> む→つ -> つ→う -> う→つ -> つ→う -> う→つ -> つ→う -> う→つ -> つ→う -> う→つ -> つ→う -> う→つ -> つ→う -> う→や -> や→む -> む→つ -> つ→う -> う→や -> や→や -> や→や -> や→や -> や→や -> や→や -> や→や -> や→や -> や→げ -> げ→む -> む→つ -> つ→う -> う→や -> や→ざ -> ざ→む
aggressive_pvs vs alpha_beta,aggressive_pvs,alpha_beta,D20000_seed0_aggressive_pvs_vs_alpha_beta_0,20000,0,draw,match_timeout,101,first,aggressive_pvs,む,3768,55,28,2,1,,,む,つ,つ,1.000009,True,2208.2315760869565,1,1,True,0,31,31,28,0,0,0,28,2,{},28,あ→ぬ -> ぬ→る -> る→る -> る→る -> る→る -> る→ぽ -> ぽ→ず -> ず→ず -> ず→つ -> つ→る -> る→と -> と→る -> る→と -> と→る -> る→ぷ -> ぷ→ず -> ず→つ -> つ→る -> る→つ -> つ→つ -> つ→つ -> つ→つ -> つ→つ -> つ→つ -> つ→つ -> つ→や -> や→つ -> つ→や -> や→つ -> つ→や -> や→つ -> つ→げ -> げ→る -> る→り -> り→る -> る→げ -> げ→る -> る→う -> う→ず -> ず→む -> む→ず -> ず→ら -> ら→る -> る→む -> む→る -> る→う -> う→ず -> ず→れ -> れ→ず -> ず→う -> う→る -> る→う -> う→る -> る→い -> い→ず -> ず→が -> が→ず -> ず→う -> う→る -> る→い -> い→ず -> ず→う -> う→む -> む→ぐ -> ぐ→ず -> ず→う -> う→む -> む→つ -> つ→む -> む→つ -> つ→う -> う→つ -> つ→う -> う→つ -> つ→う -> う→つ -> つ→う -> う→つ -> つ→う -> う→つ -> つ→う -> う→や -> や→む -> む→つ -> つ→う -> う→や -> や→や -> や→や -> や→や -> や→や -> や→や -> や→や -> や→や -> や→げ -> げ→む -> む→つ -> つ→う -> う→や -> や→ざ -> ざ→む -> む→つ
aggressive_pvs vs alpha_beta,aggressive_pvs,alpha_beta,D20000_seed0_aggressive_pvs_vs_alpha_beta_0,20000,0,draw,match_timeout,102,second,alpha_beta,つ,1906,28,2,10,9,,,つ,う,う,1.000013,True,516.0585714285714,1,1,True,0,31,31,30,0,0,0,0,0,{},30,あ→ぬ -> ぬ→る -> る→る -> る→る -> る→る -> る→ぽ -> ぽ→ず -> ず→ず -> ず→つ -> つ→る -> る→と -> と→る -> る→と -> と→る -> る→ぷ -> ぷ→ず -> ず→つ -> つ→る -> る→つ -> つ→つ -> つ→つ -> つ→つ -> つ→つ -> つ→つ -> つ→つ -> つ→や -> や→つ -> つ→や -> や→つ -> つ→や -> や→つ -> つ→げ -> げ→る -> る→り -> り→る -> る→げ -> げ→る -> る→う -> う→ず -> ず→む -> む→ず -> ず→ら -> ら→る -> る→む -> む→る -> る→う -> う→ず -> ず→れ -> れ→ず -> ず→う -> う→る -> る→う -> う→る -> る→い -> い→ず -> ず→が -> が→ず -> ず→う -> う→る -> る→い -> い→ず -> ず→う -> う→む -> む→ぐ -> ぐ→ず -> ず→う -> う→む -> む→つ -> つ→む -> む→つ -> つ→う -> う→つ -> つ→う -> う→つ -> つ→う -> う→つ -> つ→う -> う→つ -> つ→う -> う→つ -> つ→う -> う→や -> や→む -> む→つ -> つ→う -> う→や -> や→や -> や→や -> や→や -> や→や -> や→や -> や→や -> や→や -> や→げ -> げ→む -> む→つ -> つ→う -> う→や -> や→ざ -> ざ→む -> む→つ -> つ→う
aggressive_pvs vs alpha_beta,aggressive_pvs,alpha_beta,D20000_seed0_aggressive_pvs_vs_alpha_beta_0,20000,0,draw,match_timeout,103,first,aggressive_pvs,う,148,2,12,4,3,,,う,げ,げ,1.000007,True,1105.1821739130435,1,1,True,0,33,33,31,0,0,0,31,1,{},31,あ→ぬ -> ぬ→る -> る→る -> る→る -> る→る -> る→ぽ -> ぽ→ず -> ず→ず -> ず→つ -> つ→る -> る→と -> と→る -> る→と -> と→る -> る→ぷ -> ぷ→ず -> ず→つ -> つ→る -> る→つ -> つ→つ -> つ→つ -> つ→つ -> つ→つ -> つ→つ -> つ→つ -> つ→や -> や→つ -> つ→や -> や→つ -> つ→や -> や→つ -> つ→げ -> げ→る -> る→り -> り→る -> る→げ -> げ→る -> る→う -> う→ず -> ず→む -> む→ず -> ず→ら -> ら→る -> る→む -> む→る -> る→う -> う→ず -> ず→れ -> れ→ず -> ず→う -> う→る -> る→う -> う→る -> る→い -> い→ず -> ず→が -> が→ず -> ず→う -> う→る -> る→い -> い→ず -> ず→う -> う→む -> む→ぐ -> ぐ→ず -> ず→う -> う→む -> む→つ -> つ→む -> む→つ -> つ→う -> う→つ -> つ→う -> う→つ -> つ→う -> う→つ -> つ→う -> う→つ -> つ→う -> う→つ -> つ→う -> う→や -> や→む -> む→つ -> つ→う -> う→や -> や→や -> や→や -> や→や -> や→や -> や→や -> や→や -> や→や -> や→げ -> げ→む -> む→つ -> つ→う -> う→や -> や→ざ -> ざ→む -> む→つ -> つ→う -> う→げ
aggressive_pvs vs alpha_beta,aggressive_pvs,alpha_beta,D20000_seed0_aggressive_pvs_vs_alpha_beta_0,20000,0,draw,match_timeout,104,second,alpha_beta,げ,871,12,55,1,0,,,げ,む,む,1.000011,True,2475.554336734694,1,1,True,0,31,31,30,0,0,0,0,0,{},30,あ→ぬ -> ぬ→る -> る→る -> る→る -> る→る -> る→ぽ -> ぽ→ず -> ず→ず -> ず→つ -> つ→る -> る→と -> と→る -> る→と -> と→る -> る→ぷ -> ぷ→ず -> ず→つ -> つ→る -> る→つ -> つ→つ -> つ→つ -> つ→つ -> つ→つ -> つ→つ -> つ→つ -> つ→や -> や→つ -> つ→や -> や→つ -> つ→や -> や→つ -> つ→げ -> げ→る -> る→り -> り→る -> る→げ -> げ→る -> る→う -> う→ず -> ず→む -> む→ず -> ず→ら -> ら→る -> る→む -> む→る -> る→う -> う→ず -> ず→れ -> れ→ず -> ず→う -> う→る -> る→う -> う→る -> る→い -> い→ず -> ず→が -> が→ず -> ず→う -> う→る -> る→い -> い→ず -> ず→う -> う→む -> む→ぐ -> ぐ→ず -> ず→う -> う→む -> む→つ -> つ→む -> む→つ -> つ→う -> う→つ -> つ→う -> う→つ -> つ→う -> う→つ -> つ→う -> う→つ -> つ→う -> う→つ -> つ→う -> う→や -> や→む -> む→つ -> つ→う -> う→や -> や→や -> や→や -> や→や -> や→や -> や→や -> や→や -> や→や -> や→げ -> げ→む -> む→つ -> つ→う -> う→や -> や→ざ -> ざ→む -> む→つ -> つ→う -> う→げ -> げ→む
aggressive_pvs vs alpha_beta,aggressive_pvs,alpha_beta,D20000_seed0_aggressive_pvs_vs_alpha_beta_0,20000,0,draw,match_timeout,105,first,aggressive_pvs,む,3768,55,28,1,0,,,む,つ,つ,1.000008,True,2208.264836956522,1,1,True,0,31,31,28,0,0,0,28,2,{},28,あ→ぬ -> ぬ→る -> る→る -> る→る -> る→る -> る→ぽ -> ぽ→ず -> ず→ず -> ず→つ -> つ→る -> る→と -> と→る -> る→と -> と→る -> る→ぷ -> ぷ→ず -> ず→つ -> つ→る -> る→つ -> つ→つ -> つ→つ -> つ→つ -> つ→つ -> つ→つ -> つ→つ -> つ→や -> や→つ -> つ→や -> や→つ -> つ→や -> や→つ -> つ→げ -> げ→る -> る→り -> り→る -> る→げ -> げ→る -> る→う -> う→ず -> ず→む -> む→ず -> ず→ら -> ら→る -> る→む -> む→る -> る→う -> う→ず -> ず→れ -> れ→ず -> ず→う -> う→る -> る→う -> う→る -> る→い -> い→ず -> ず→が -> が→ず -> ず→う -> う→る -> る→い -> い→ず -> ず→う -> う→む -> む→ぐ -> ぐ→ず -> ず→う -> う→む -> む→つ -> つ→む -> む→つ -> つ→う -> う→つ -> つ→う -> う→つ -> つ→う -> う→つ -> つ→う -> う→つ -> つ→う -> う→つ -> つ→う -> う→や -> や→む -> む→つ -> つ→う -> う→や -> や→や -> や→や -> や→や -> や→や -> や→や -> や→や -> や→や -> や→げ -> げ→む -> む→つ -> つ→う -> う→や -> や→ざ -> ざ→む -> む→つ -> つ→う -> う→げ -> げ→む -> む→つ
aggressive_pvs vs alpha_beta,aggressive_pvs,alpha_beta,D20000_seed0_aggressive_pvs_vs_alpha_beta_0,20000,0,draw,match_timeout,106,second,alpha_beta,つ,1906,28,2,9,8,,,つ,う,う,1.000008,True,516.0821428571428,1,1,True,0,31,31,30,0,0,0,0,0,{},30,あ→ぬ -> ぬ→る -> る→る -> る→る -> る→る -> る→ぽ -> ぽ→ず -> ず→ず -> ず→つ -> つ→る -> る→と -> と→る -> る→と -> と→る -> る→ぷ -> ぷ→ず -> ず→つ -> つ→る -> る→つ -> つ→つ -> つ→つ -> つ→つ -> つ→つ -> つ→つ -> つ→つ -> つ→や -> や→つ -> つ→や -> や→つ -> つ→や -> や→つ -> つ→げ -> げ→る -> る→り -> り→る -> る→げ -> げ→る -> る→う -> う→ず -> ず→む -> む→ず -> ず→ら -> ら→る -> る→む -> む→る -> る→う -> う→ず -> ず→れ -> れ→ず -> ず→う -> う→る -> る→う -> う→る -> る→い -> い→ず -> ず→が -> が→ず -> ず→う -> う→る -> る→い -> い→ず -> ず→う -> う→む -> む→ぐ -> ぐ→ず -> ず→う -> う→む -> む→つ -> つ→む -> む→つ -> つ→う -> う→つ -> つ→う -> う→つ -> つ→う -> う→つ -> つ→う -> う→つ -> つ→う -> う→つ -> つ→う -> う→や -> や→む -> む→つ -> つ→う -> う→や -> や→や -> や→や -> や→や -> や→や -> や→や -> や→や -> や→や -> や→げ -> げ→む -> む→つ -> つ→う -> う→や -> や→ざ -> ざ→む -> む→つ -> つ→う -> う→げ -> げ→む -> む→つ -> つ→う
aggressive_pvs vs alpha_beta,aggressive_pvs,alpha_beta,D20000_seed0_aggressive_pvs_vs_alpha_beta_0,20000,0,draw,match_timeout,107,first,aggressive_pvs,う,148,2,12,3,2,,,う,げ,げ,1.000009,True,1105.1909782608695,1,1,True,0,33,33,31,0,0,0,31,1,{},31,あ→ぬ -> ぬ→る -> る→る -> る→る -> る→る -> る→ぽ -> ぽ→ず -> ず→ず -> ず→つ -> つ→る -> る→と -> と→る -> る→と -> と→る -> る→ぷ -> ぷ→ず -> ず→つ -> つ→る -> る→つ -> つ→つ -> つ→つ -> つ→つ -> つ→つ -> つ→つ -> つ→つ -> つ→や -> や→つ -> つ→や -> や→つ -> つ→や -> や→つ -> つ→げ -> げ→る -> る→り -> り→る -> る→げ -> げ→る -> る→う -> う→ず -> ず→む -> む→ず -> ず→ら -> ら→る -> る→む -> む→る -> る→う -> う→ず -> ず→れ -> れ→ず -> ず→う -> う→る -> る→う -> う→る -> る→い -> い→ず -> ず→が -> が→ず -> ず→う -> う→る -> る→い -> い→ず -> ず→う -> う→む -> む→ぐ -> ぐ→ず -> ず→う -> う→む -> む→つ -> つ→む -> む→つ -> つ→う -> う→つ -> つ→う -> う→つ -> つ→う -> う→つ -> つ→う -> う→つ -> つ→う -> う→つ -> つ→う -> う→や -> や→む -> む→つ -> つ→う -> う→や -> や→や -> や→や -> や→や -> や→や -> や→や -> や→や -> や→や -> や→げ -> げ→む -> む→つ -> つ→う -> う→や -> や→ざ -> ざ→む -> む→つ -> つ→う -> う→げ -> げ→む -> む→つ -> つ→う -> う→げ
aggressive_pvs vs alpha_beta,aggressive_pvs,alpha_beta,D20000_seed0_aggressive_pvs_vs_alpha_beta_0,20000,0,draw,match_timeout,108,second,alpha_beta,げ,844,12,28,12,11,,,げ,つ,つ,1.000007,True,2208.280489130435,1,1,True,0,30,30,29,0,0,0,0,0,{},29,あ→ぬ -> ぬ→る -> る→る -> る→る -> る→る -> る→ぽ -> ぽ→ず -> ず→ず -> ず→つ -> つ→る -> る→と -> と→る -> る→と -> と→る -> る→ぷ -> ぷ→ず -> ず→つ -> つ→る -> る→つ -> つ→つ -> つ→つ -> つ→つ -> つ→つ -> つ→つ -> つ→つ -> つ→や -> や→つ -> つ→や -> や→つ -> つ→や -> や→つ -> つ→げ -> げ→る -> る→り -> り→る -> る→げ -> げ→る -> る→う -> う→ず -> ず→む -> む→ず -> ず→ら -> ら→る -> る→む -> む→る -> る→う -> う→ず -> ず→れ -> れ→ず -> ず→う -> う→る -> る→う -> う→る -> る→い -> い→ず -> ず→が -> が→ず -> ず→う -> う→る -> る→い -> い→ず -> ず→う -> う→む -> む→ぐ -> ぐ→ず -> ず→う -> う→む -> む→つ -> つ→む -> む→つ -> つ→う -> う→つ -> つ→う -> う→つ -> つ→う -> う→つ -> つ→う -> う→つ -> つ→う -> う→つ -> つ→う -> う→や -> や→む -> む→つ -> つ→う -> う→や -> や→や -> や→や -> や→や -> や→や -> や→や -> や→や -> や→や -> や→げ -> げ→む -> む→つ -> つ→う -> う→や -> や→ざ -> ざ→む -> む→つ -> つ→う -> う→げ -> げ→む -> む→つ -> つ→う -> う→げ -> げ→つ
aggressive_pvs vs alpha_beta,aggressive_pvs,alpha_beta,D20000_seed0_aggressive_pvs_vs_alpha_beta_0,20000,0,draw,match_timeout,109,first,aggressive_pvs,つ,1906,28,2,8,7,,,つ,う,う,1.00001,True,516.0907142857143,1,1,True,0,31,31,29,0,0,0,29,1,{},29,あ→ぬ -> ぬ→る -> る→る -> る→る -> る→る -> る→ぽ -> ぽ→ず -> ず→ず -> ず→つ -> つ→る -> る→と -> と→る -> る→と -> と→る -> る→ぷ -> ぷ→ず -> ず→つ -> つ→る -> る→つ -> つ→つ -> つ→つ -> つ→つ -> つ→つ -> つ→つ -> つ→つ -> つ→や -> や→つ -> つ→や -> や→つ -> つ→や -> や→つ -> つ→げ -> げ→る -> る→り -> り→る -> る→げ -> げ→る -> る→う -> う→ず -> ず→む -> む→ず -> ず→ら -> ら→る -> る→む -> む→る -> る→う -> う→ず -> ず→れ -> れ→ず -> ず→う -> う→る -> る→う -> う→る -> る→い -> い→ず -> ず→が -> が→ず -> ず→う -> う→る -> る→い -> い→ず -> ず→う -> う→む -> む→ぐ -> ぐ→ず -> ず→う -> う→む -> む→つ -> つ→む -> む→つ -> つ→う -> う→つ -> つ→う -> う→つ -> つ→う -> う→つ -> つ→う -> う→つ -> つ→う -> う→つ -> つ→う -> う→や -> や→む -> む→つ -> つ→う -> う→や -> や→や -> や→や -> や→や -> や→や -> や→や -> や→や -> や→や -> や→げ -> げ→む -> む→つ -> つ→う -> う→や -> や→ざ -> ざ→む -> む→つ -> つ→う -> う→げ -> げ→む -> む→つ -> つ→う -> う→げ -> げ→つ -> つ→う
aggressive_pvs vs alpha_beta,aggressive_pvs,alpha_beta,D20000_seed0_aggressive_pvs_vs_alpha_beta_0,20000,0,draw,match_timeout,110,second,alpha_beta,う,148,2,12,2,1,,,う,げ,げ,1.000008,True,1105.1909782608695,1,1,True,0,33,33,32,0,0,0,0,0,{},32,あ→ぬ -> ぬ→る -> る→る -> る→る -> る→る -> る→ぽ -> ぽ→ず -> ず→ず -> ず→つ -> つ→る -> る→と -> と→る -> る→と -> と→る -> る→ぷ -> ぷ→ず -> ず→つ -> つ→る -> る→つ -> つ→つ -> つ→つ -> つ→つ -> つ→つ -> つ→つ -> つ→つ -> つ→や -> や→つ -> つ→や -> や→つ -> つ→や -> や→つ -> つ→げ -> げ→る -> る→り -> り→る -> る→げ -> げ→る -> る→う -> う→ず -> ず→む -> む→ず -> ず→ら -> ら→る -> る→む -> む→る -> る→う -> う→ず -> ず→れ -> れ→ず -> ず→う -> う→る -> る→う -> う→る -> る→い -> い→ず -> ず→が -> が→ず -> ず→う -> う→る -> る→い -> い→ず -> ず→う -> う→む -> む→ぐ -> ぐ→ず -> ず→う -> う→む -> む→つ -> つ→む -> む→つ -> つ→う -> う→つ -> つ→う -> う→つ -> つ→う -> う→つ -> つ→う -> う→つ -> つ→う -> う→つ -> つ→う -> う→や -> や→む -> む→つ -> つ→う -> う→や -> や→や -> や→や -> や→や -> や→や -> や→や -> や→や -> や→や -> や→げ -> げ→む -> む→つ -> つ→う -> う→や -> や→ざ -> ざ→む -> む→つ -> つ→う -> う→げ -> げ→む -> む→つ -> つ→う -> う→げ -> げ→つ -> つ→う -> う→げ
aggressive_pvs vs alpha_beta,aggressive_pvs,alpha_beta,D20000_seed0_aggressive_pvs_vs_alpha_beta_0,20000,0,draw,match_timeout,111,first,aggressive_pvs,げ,844,12,28,11,10,,,げ,つ,つ,1.000012,True,2208.2961413043477,1,1,True,0,31,31,27,0,0,0,27,3,{},27,あ→ぬ -> ぬ→る -> る→る -> る→る -> る→る -> る→ぽ -> ぽ→ず -> ず→ず -> ず→つ -> つ→る -> る→と -> と→る -> る→と -> と→る -> る→ぷ -> ぷ→ず -> ず→つ -> つ→る -> る→つ -> つ→つ -> つ→つ -> つ→つ -> つ→つ -> つ→つ -> つ→つ -> つ→や -> や→つ -> つ→や -> や→つ -> つ→や -> や→つ -> つ→げ -> げ→る -> る→り -> り→る -> る→げ -> げ→る -> る→う -> う→ず -> ず→む -> む→ず -> ず→ら -> ら→る -> る→む -> む→る -> る→う -> う→ず -> ず→れ -> れ→ず -> ず→う -> う→る -> る→う -> う→る -> る→い -> い→ず -> ず→が -> が→ず -> ず→う -> う→る -> る→い -> い→ず -> ず→う -> う→む -> む→ぐ -> ぐ→ず -> ず→う -> う→む -> む→つ -> つ→む -> む→つ -> つ→う -> う→つ -> つ→う -> う→つ -> つ→う -> う→つ -> つ→う -> う→つ -> つ→う -> う→つ -> つ→う -> う→や -> や→む -> む→つ -> つ→う -> う→や -> や→や -> や→や -> や→や -> や→や -> や→や -> や→や -> や→や -> や→げ -> げ→む -> む→つ -> つ→う -> う→や -> や→ざ -> ざ→む -> む→つ -> つ→う -> う→げ -> げ→む -> む→つ -> つ→う -> う→げ -> げ→つ -> つ→う -> う→げ -> げ→つ
aggressive_pvs vs alpha_beta,aggressive_pvs,alpha_beta,D20000_seed0_aggressive_pvs_vs_alpha_beta_0,20000,0,draw,match_timeout,112,second,alpha_beta,つ,1906,28,2,7,6,,,つ,う,う,1.000014,True,516.0992857142858,1,1,True,0,31,31,30,0,0,0,0,0,{},30,あ→ぬ -> ぬ→る -> る→る -> る→る -> る→る -> る→ぽ -> ぽ→ず -> ず→ず -> ず→つ -> つ→る -> る→と -> と→る -> る→と -> と→る -> る→ぷ -> ぷ→ず -> ず→つ -> つ→る -> る→つ -> つ→つ -> つ→つ -> つ→つ -> つ→つ -> つ→つ -> つ→つ -> つ→や -> や→つ -> つ→や -> や→つ -> つ→や -> や→つ -> つ→げ -> げ→る -> る→り -> り→る -> る→げ -> げ→る -> る→う -> う→ず -> ず→む -> む→ず -> ず→ら -> ら→る -> る→む -> む→る -> る→う -> う→ず -> ず→れ -> れ→ず -> ず→う -> う→る -> る→う -> う→る -> る→い -> い→ず -> ず→が -> が→ず -> ず→う -> う→る -> る→い -> い→ず -> ず→う -> う→む -> む→ぐ -> ぐ→ず -> ず→う -> う→む -> む→つ -> つ→む -> む→つ -> つ→う -> う→つ -> つ→う -> う→つ -> つ→う -> う→つ -> つ→う -> う→つ -> つ→う -> う→つ -> つ→う -> う→や -> や→む -> む→つ -> つ→う -> う→や -> や→や -> や→や -> や→や -> や→や -> や→や -> や→や -> や→や -> や→げ -> げ→む -> む→つ -> つ→う -> う→や -> や→ざ -> ざ→む -> む→つ -> つ→う -> う→げ -> げ→む -> む→つ -> つ→う -> う→げ -> げ→つ -> つ→う -> う→げ -> げ→つ -> つ→う
aggressive_pvs vs alpha_beta,aggressive_pvs,alpha_beta,D20000_seed0_aggressive_pvs_vs_alpha_beta_0,20000,0,draw,match_timeout,113,first,aggressive_pvs,う,148,2,12,1,0,,,う,げ,げ,1.00001,True,1105.1909782608695,1,1,True,0,33,33,31,0,0,0,31,1,{},31,あ→ぬ -> ぬ→る -> る→る -> る→る -> る→る -> る→ぽ -> ぽ→ず -> ず→ず -> ず→つ -> つ→る -> る→と -> と→る -> る→と -> と→る -> る→ぷ -> ぷ→ず -> ず→つ -> つ→る -> る→つ -> つ→つ -> つ→つ -> つ→つ -> つ→つ -> つ→つ -> つ→つ -> つ→や -> や→つ -> つ→や -> や→つ -> つ→や -> や→つ -> つ→げ -> げ→る -> る→り -> り→る -> る→げ -> げ→る -> る→う -> う→ず -> ず→む -> む→ず -> ず→ら -> ら→る -> る→む -> む→る -> る→う -> う→ず -> ず→れ -> れ→ず -> ず→う -> う→る -> る→う -> う→る -> る→い -> い→ず -> ず→が -> が→ず -> ず→う -> う→る -> る→い -> い→ず -> ず→う -> う→む -> む→ぐ -> ぐ→ず -> ず→う -> う→む -> む→つ -> つ→む -> む→つ -> つ→う -> う→つ -> つ→う -> う→つ -> つ→う -> う→つ -> つ→う -> う→つ -> つ→う -> う→つ -> つ→う -> う→や -> や→む -> む→つ -> つ→う -> う→や -> や→や -> や→や -> や→や -> や→や -> や→や -> や→や -> や→や -> や→げ -> げ→む -> む→つ -> つ→う -> う→や -> や→ざ -> ざ→む -> む→つ -> つ→う -> う→げ -> げ→む -> む→つ -> つ→う -> う→げ -> げ→つ -> つ→う -> う→げ -> げ→つ -> つ→う -> う→げ
aggressive_pvs vs alpha_beta,aggressive_pvs,alpha_beta,D20000_seed0_aggressive_pvs_vs_alpha_beta_0,20000,0,draw,match_timeout,114,second,alpha_beta,げ,844,12,28,10,9,,,げ,つ,つ,1.000007,True,2208.3597282608694,1,1,True,0,30,30,29,0,0,0,0,0,{},29,あ→ぬ -> ぬ→る -> る→る -> る→る -> る→る -> る→ぽ -> ぽ→ず -> ず→ず -> ず→つ -> つ→る -> る→と -> と→る -> る→と -> と→る -> る→ぷ -> ぷ→ず -> ず→つ -> つ→る -> る→つ -> つ→つ -> つ→つ -> つ→つ -> つ→つ -> つ→つ -> つ→つ -> つ→や -> や→つ -> つ→や -> や→つ -> つ→や -> や→つ -> つ→げ -> げ→る -> る→り -> り→る -> る→げ -> げ→る -> る→う -> う→ず -> ず→む -> む→ず -> ず→ら -> ら→る -> る→む -> む→る -> る→う -> う→ず -> ず→れ -> れ→ず -> ず→う -> う→る -> る→う -> う→る -> る→い -> い→ず -> ず→が -> が→ず -> ず→う -> う→る -> る→い -> い→ず -> ず→う -> う→む -> む→ぐ -> ぐ→ず -> ず→う -> う→む -> む→つ -> つ→む -> む→つ -> つ→う -> う→つ -> つ→う -> う→つ -> つ→う -> う→つ -> つ→う -> う→つ -> つ→う -> う→つ -> つ→う -> う→や -> や→む -> む→つ -> つ→う -> う→や -> や→や -> や→や -> や→や -> や→や -> や→や -> や→や -> や→や -> や→げ -> げ→む -> む→つ -> つ→う -> う→や -> や→ざ -> ざ→む -> む→つ -> つ→う -> う→げ -> げ→む -> む→つ -> つ→う -> う→げ -> げ→つ -> つ→う -> う→げ -> げ→つ -> つ→う -> う→げ -> げ→つ
aggressive_pvs vs alpha_beta,aggressive_pvs,alpha_beta,D20000_seed0_aggressive_pvs_vs_alpha_beta_0,20000,0,draw,match_timeout,115,first,aggressive_pvs,つ,1906,28,2,6,5,,,つ,う,う,1.000008,True,516.1228571428571,1,1,True,0,32,32,30,0,0,0,30,1,{},30,あ→ぬ -> ぬ→る -> る→る -> る→る -> る→る -> る→ぽ -> ぽ→ず -> ず→ず -> ず→つ -> つ→る -> る→と -> と→る -> る→と -> と→る -> る→ぷ -> ぷ→ず -> ず→つ -> つ→る -> る→つ -> つ→つ -> つ→つ -> つ→つ -> つ→つ -> つ→つ -> つ→つ -> つ→や -> や→つ -> つ→や -> や→つ -> つ→や -> や→つ -> つ→げ -> げ→る -> る→り -> り→る -> る→げ -> げ→る -> る→う -> う→ず -> ず→む -> む→ず -> ず→ら -> ら→る -> る→む -> む→る -> る→う -> う→ず -> ず→れ -> れ→ず -> ず→う -> う→る -> る→う -> う→る -> る→い -> い→ず -> ず→が -> が→ず -> ず→う -> う→る -> る→い -> い→ず -> ず→う -> う→む -> む→ぐ -> ぐ→ず -> ず→う -> う→む -> む→つ -> つ→む -> む→つ -> つ→う -> う→つ -> つ→う -> う→つ -> つ→う -> う→つ -> つ→う -> う→つ -> つ→う -> う→つ -> つ→う -> う→や -> や→む -> む→つ -> つ→う -> う→や -> や→や -> や→や -> や→や -> や→や -> や→や -> や→や -> や→や -> や→げ -> げ→む -> む→つ -> つ→う -> う→や -> や→ざ -> ざ→む -> む→つ -> つ→う -> う→げ -> げ→む -> む→つ -> つ→う -> う→げ -> げ→つ -> つ→う -> う→げ -> げ→つ -> つ→う -> う→げ -> げ→つ -> つ→う
aggressive_pvs vs alpha_beta,aggressive_pvs,alpha_beta,D20000_seed0_aggressive_pvs_vs_alpha_beta_0,20000,0,draw,match_timeout,116,second,alpha_beta,う,138,2,2,13,12,,,う,う,う,1.000011,True,516.1271428571429,1,1,True,0,33,33,32,0,0,0,0,0,{},32,あ→ぬ -> ぬ→る -> る→る -> る→る -> る→る -> る→ぽ -> ぽ→ず -> ず→ず -> ず→つ -> つ→る -> る→と -> と→る -> る→と -> と→る -> る→ぷ -> ぷ→ず -> ず→つ -> つ→る -> る→つ -> つ→つ -> つ→つ -> つ→つ -> つ→つ -> つ→つ -> つ→つ -> つ→や -> や→つ -> つ→や -> や→つ -> つ→や -> や→つ -> つ→げ -> げ→る -> る→り -> り→る -> る→げ -> げ→る -> る→う -> う→ず -> ず→む -> む→ず -> ず→ら -> ら→る -> る→む -> む→る -> る→う -> う→ず -> ず→れ -> れ→ず -> ず→う -> う→る -> る→う -> う→る -> る→い -> い→ず -> ず→が -> が→ず -> ず→う -> う→る -> る→い -> い→ず -> ず→う -> う→む -> む→ぐ -> ぐ→ず -> ず→う -> う→む -> む→つ -> つ→む -> む→つ -> つ→う -> う→つ -> つ→う -> う→つ -> つ→う -> う→つ -> つ→う -> う→つ -> つ→う -> う→つ -> つ→う -> う→や -> や→む -> む→つ -> つ→う -> う→や -> や→や -> や→や -> や→や -> や→や -> や→や -> や→や -> や→や -> や→げ -> げ→む -> む→つ -> つ→う -> う→や -> や→ざ -> ざ→む -> む→つ -> つ→う -> う→げ -> げ→む -> む→つ -> つ→う -> う→げ -> げ→つ -> つ→う -> う→げ -> げ→つ -> つ→う -> う→げ -> げ→つ -> つ→う -> う→う
aggressive_pvs vs alpha_beta,aggressive_pvs,alpha_beta,D20000_seed0_aggressive_pvs_vs_alpha_beta_0,20000,0,draw,match_timeout,117,first,aggressive_pvs,う,138,2,2,12,11,,,う,う,う,1.000009,True,516.1314285714286,1,1,True,0,32,32,30,0,0,0,30,1,{},30,あ→ぬ -> ぬ→る -> る→る -> る→る -> る→る -> る→ぽ -> ぽ→ず -> ず→ず -> ず→つ -> つ→る -> る→と -> と→る -> る→と -> と→る -> る→ぷ -> ぷ→ず -> ず→つ -> つ→る -> る→つ -> つ→つ -> つ→つ -> つ→つ -> つ→つ -> つ→つ -> つ→つ -> つ→や -> や→つ -> つ→や -> や→つ -> つ→や -> や→つ -> つ→げ -> げ→る -> る→り -> り→る -> る→げ -> げ→る -> る→う -> う→ず -> ず→む -> む→ず -> ず→ら -> ら→る -> る→む -> む→る -> る→う -> う→ず -> ず→れ -> れ→ず -> ず→う -> う→る -> る→う -> う→る -> る→い -> い→ず -> ず→が -> が→ず -> ず→う -> う→る -> る→い -> い→ず -> ず→う -> う→む -> む→ぐ -> ぐ→ず -> ず→う -> う→む -> む→つ -> つ→む -> む→つ -> つ→う -> う→つ -> つ→う -> う→つ -> つ→う -> う→つ -> つ→う -> う→つ -> つ→う -> う→つ -> つ→う -> う→や -> や→む -> む→つ -> つ→う -> う→や -> や→や -> や→や -> や→や -> や→や -> や→や -> や→や -> や→や -> や→げ -> げ→む -> む→つ -> つ→う -> う→や -> や→ざ -> ざ→む -> む→つ -> つ→う -> う→げ -> げ→む -> む→つ -> つ→う -> う→げ -> げ→つ -> つ→う -> う→げ -> げ→つ -> つ→う -> う→げ -> げ→つ -> つ→う -> う→う -> う→う
aggressive_pvs vs alpha_beta,aggressive_pvs,alpha_beta,D20000_seed0_aggressive_pvs_vs_alpha_beta_0,20000,0,draw,match_timeout,118,second,alpha_beta,う,138,2,2,11,10,,,う,う,う,1.000008,True,516.1357142857142,1,1,True,0,33,33,32,0,0,0,0,0,{},32,あ→ぬ -> ぬ→る -> る→る -> る→る -> る→る -> る→ぽ -> ぽ→ず -> ず→ず -> ず→つ -> つ→る -> る→と -> と→る -> る→と -> と→る -> る→ぷ -> ぷ→ず -> ず→つ -> つ→る -> る→つ -> つ→つ -> つ→つ -> つ→つ -> つ→つ -> つ→つ -> つ→つ -> つ→や -> や→つ -> つ→や -> や→つ -> つ→や -> や→つ -> つ→げ -> げ→る -> る→り -> り→る -> る→げ -> げ→る -> る→う -> う→ず -> ず→む -> む→ず -> ず→ら -> ら→る -> る→む -> む→る -> る→う -> う→ず -> ず→れ -> れ→ず -> ず→う -> う→る -> る→う -> う→る -> る→い -> い→ず -> ず→が -> が→ず -> ず→う -> う→る -> る→い -> い→ず -> ず→う -> う→む -> む→ぐ -> ぐ→ず -> ず→う -> う→む -> む→つ -> つ→む -> む→つ -> つ→う -> う→つ -> つ→う -> う→つ -> つ→う -> う→つ -> つ→う -> う→つ -> つ→う -> う→つ -> つ→う -> う→や -> や→む -> む→つ -> つ→う -> う→や -> や→や -> や→や -> や→や -> や→や -> や→や -> や→や -> や→や -> や→げ -> げ→む -> む→つ -> つ→う -> う→や -> や→ざ -> ざ→む -> む→つ -> つ→う -> う→げ -> げ→む -> む→つ -> つ→う -> う→げ -> げ→つ -> つ→う -> う→げ -> げ→つ -> つ→う -> う→げ -> げ→つ -> つ→う -> う→う -> う→う -> う→う
aggressive_pvs vs alpha_beta,aggressive_pvs,alpha_beta,D20000_seed0_aggressive_pvs_vs_alpha_beta_0,20000,0,draw,match_timeout,119,first,aggressive_pvs,う,138,2,2,10,9,,,う,う,う,1.000011,True,516.14,1,1,True,0,32,32,30,0,0,0,30,1,{},30,あ→ぬ -> ぬ→る -> る→る -> る→る -> る→る -> る→ぽ -> ぽ→ず -> ず→ず -> ず→つ -> つ→る -> る→と -> と→る -> る→と -> と→る -> る→ぷ -> ぷ→ず -> ず→つ -> つ→る -> る→つ -> つ→つ -> つ→つ -> つ→つ -> つ→つ -> つ→つ -> つ→つ -> つ→や -> や→つ -> つ→や -> や→つ -> つ→や -> や→つ -> つ→げ -> げ→る -> る→り -> り→る -> る→げ -> げ→る -> る→う -> う→ず -> ず→む -> む→ず -> ず→ら -> ら→る -> る→む -> む→る -> る→う -> う→ず -> ず→れ -> れ→ず -> ず→う -> う→る -> る→う -> う→る -> る→い -> い→ず -> ず→が -> が→ず -> ず→う -> う→る -> る→い -> い→ず -> ず→う -> う→む -> む→ぐ -> ぐ→ず -> ず→う -> う→む -> む→つ -> つ→む -> む→つ -> つ→う -> う→つ -> つ→う -> う→つ -> つ→う -> う→つ -> つ→う -> う→つ -> つ→う -> う→つ -> つ→う -> う→や -> や→む -> む→つ -> つ→う -> う→や -> や→や -> や→や -> や→や -> や→や -> や→や -> や→や -> や→や -> や→げ -> げ→む -> む→つ -> つ→う -> う→や -> や→ざ -> ざ→む -> む→つ -> つ→う -> う→げ -> げ→む -> む→つ -> つ→う -> う→げ -> げ→つ -> つ→う -> う→げ -> げ→つ -> つ→う -> う→げ -> げ→つ -> つ→う -> う→う -> う→う -> う→う -> う→う
aggressive_pvs vs alpha_beta,aggressive_pvs,alpha_beta,D20000_seed0_aggressive_pvs_vs_alpha_beta_0,20000,0,draw,match_timeout,120,second,alpha_beta,う,138,2,2,9,8,,,う,う,う,1.000009,True,516.1442857142857,1,1,True,0,33,33,32,0,0,0,0,0,{},32,あ→ぬ -> ぬ→る -> る→る -> る→る -> る→る -> る→ぽ -> ぽ→ず -> ず→ず -> ず→つ -> つ→る -> る→と -> と→る -> る→と -> と→る -> る→ぷ -> ぷ→ず -> ず→つ -> つ→る -> る→つ -> つ→つ -> つ→つ -> つ→つ -> つ→つ -> つ→つ -> つ→つ -> つ→や -> や→つ -> つ→や -> や→つ -> つ→や -> や→つ -> つ→げ -> げ→る -> る→り -> り→る -> る→げ -> げ→る -> る→う -> う→ず -> ず→む -> む→ず -> ず→ら -> ら→る -> る→む -> む→る -> る→う -> う→ず -> ず→れ -> れ→ず -> ず→う -> う→る -> る→う -> う→る -> る→い -> い→ず -> ず→が -> が→ず -> ず→う -> う→る -> る→い -> い→ず -> ず→う -> う→む -> む→ぐ -> ぐ→ず -> ず→う -> う→む -> む→つ -> つ→む -> む→つ -> つ→う -> う→つ -> つ→う -> う→つ -> つ→う -> う→つ -> つ→う -> う→つ -> つ→う -> う→つ -> つ→う -> う→や -> や→む -> む→つ -> つ→う -> う→や -> や→や -> や→や -> や→や -> や→や -> や→や -> や→や -> や→や -> や→げ -> げ→む -> む→つ -> つ→う -> う→や -> や→ざ -> ざ→む -> む→つ -> つ→う -> う→げ -> げ→む -> む→つ -> つ→う -> う→げ -> げ→つ -> つ→う -> う→げ -> げ→つ -> つ→う -> う→げ -> げ→つ -> つ→う -> う→う -> う→う -> う→う -> う→う -> う→う
aggressive_pvs vs alpha_beta,aggressive_pvs,alpha_beta,D20000_seed0_aggressive_pvs_vs_alpha_beta_0,20000,0,draw,match_timeout,121,first,aggressive_pvs,う,138,2,2,8,7,,,う,う,う,1.000009,True,516.1485714285715,1,1,True,0,33,33,31,0,0,0,31,1,{},31,あ→ぬ -> ぬ→る -> る→る -> る→る -> る→る -> る→ぽ -> ぽ→ず -> ず→ず -> ず→つ -> つ→る -> る→と -> と→る -> る→と -> と→る -> る→ぷ -> ぷ→ず -> ず→つ -> つ→る -> る→つ -> つ→つ -> つ→つ -> つ→つ -> つ→つ -> つ→つ -> つ→つ -> つ→や -> や→つ -> つ→や -> や→つ -> つ→や -> や→つ -> つ→げ -> げ→る -> る→り -> り→る -> る→げ -> げ→る -> る→う -> う→ず -> ず→む -> む→ず -> ず→ら -> ら→る -> る→む -> む→る -> る→う -> う→ず -> ず→れ -> れ→ず -> ず→う -> う→る -> る→う -> う→る -> る→い -> い→ず -> ず→が -> が→ず -> ず→う -> う→る -> る→い -> い→ず -> ず→う -> う→む -> む→ぐ -> ぐ→ず -> ず→う -> う→む -> む→つ -> つ→む -> む→つ -> つ→う -> う→つ -> つ→う -> う→つ -> つ→う -> う→つ -> つ→う -> う→つ -> つ→う -> う→つ -> つ→う -> う→や -> や→む -> む→つ -> つ→う -> う→や -> や→や -> や→や -> や→や -> や→や -> や→や -> や→や -> や→や -> や→げ -> げ→む -> む→つ -> つ→う -> う→や -> や→ざ -> ざ→む -> む→つ -> つ→う -> う→げ -> げ→む -> む→つ -> つ→う -> う→げ -> げ→つ -> つ→う -> う→げ -> げ→つ -> つ→う -> う→げ -> げ→つ -> つ→う -> う→う -> う→う -> う→う -> う→う -> う→う -> う→う
aggressive_pvs vs alpha_beta,aggressive_pvs,alpha_beta,D20000_seed0_aggressive_pvs_vs_alpha_beta_0,20000,0,draw,match_timeout,122,second,alpha_beta,う,138,2,2,7,6,,,う,う,う,1.000012,True,516.1528571428571,1,1,True,0,33,33,32,0,0,0,0,0,{},32,あ→ぬ -> ぬ→る -> る→る -> る→る -> る→る -> る→ぽ -> ぽ→ず -> ず→ず -> ず→つ -> つ→る -> る→と -> と→る -> る→と -> と→る -> る→ぷ -> ぷ→ず -> ず→つ -> つ→る -> る→つ -> つ→つ -> つ→つ -> つ→つ -> つ→つ -> つ→つ -> つ→つ -> つ→や -> や→つ -> つ→や -> や→つ -> つ→や -> や→つ -> つ→げ -> げ→る -> る→り -> り→る -> る→げ -> げ→る -> る→う -> う→ず -> ず→む -> む→ず -> ず→ら -> ら→る -> る→む -> む→る -> る→う -> う→ず -> ず→れ -> れ→ず -> ず→う -> う→る -> る→う -> う→る -> る→い -> い→ず -> ず→が -> が→ず -> ず→う -> う→る -> る→い -> い→ず -> ず→う -> う→む -> む→ぐ -> ぐ→ず -> ず→う -> う→む -> む→つ -> つ→む -> む→つ -> つ→う -> う→つ -> つ→う -> う→つ -> つ→う -> う→つ -> つ→う -> う→つ -> つ→う -> う→つ -> つ→う -> う→や -> や→む -> む→つ -> つ→う -> う→や -> や→や -> や→や -> や→や -> や→や -> や→や -> や→や -> や→や -> や→げ -> げ→む -> む→つ -> つ→う -> う→や -> や→ざ -> ざ→む -> む→つ -> つ→う -> う→げ -> げ→む -> む→つ -> つ→う -> う→げ -> げ→つ -> つ→う -> う→げ -> げ→つ -> つ→う -> う→げ -> げ→つ -> つ→う -> う→う -> う→う -> う→う -> う→う -> う→う -> う→う -> う→う
aggressive_pvs vs alpha_beta,aggressive_pvs,alpha_beta,D20000_seed0_aggressive_pvs_vs_alpha_beta_0,20000,0,draw,match_timeout,123,first,aggressive_pvs,う,138,2,2,6,5,,,う,う,う,1.000012,True,516.1571428571428,1,1,True,0,33,33,31,0,0,0,31,1,{},31,あ→ぬ -> ぬ→る -> る→る -> る→る -> る→る -> る→ぽ -> ぽ→ず -> ず→ず -> ず→つ -> つ→る -> る→と -> と→る -> る→と -> と→る -> る→ぷ -> ぷ→ず -> ず→つ -> つ→る -> る→つ -> つ→つ -> つ→つ -> つ→つ -> つ→つ -> つ→つ -> つ→つ -> つ→や -> や→つ -> つ→や -> や→つ -> つ→や -> や→つ -> つ→げ -> げ→る -> る→り -> り→る -> る→げ -> げ→る -> る→う -> う→ず -> ず→む -> む→ず -> ず→ら -> ら→る -> る→む -> む→る -> る→う -> う→ず -> ず→れ -> れ→ず -> ず→う -> う→る -> る→う -> う→る -> る→い -> い→ず -> ず→が -> が→ず -> ず→う -> う→る -> る→い -> い→ず -> ず→う -> う→む -> む→ぐ -> ぐ→ず -> ず→う -> う→む -> む→つ -> つ→む -> む→つ -> つ→う -> う→つ -> つ→う -> う→つ -> つ→う -> う→つ -> つ→う -> う→つ -> つ→う -> う→つ -> つ→う -> う→や -> や→む -> む→つ -> つ→う -> う→や -> や→や -> や→や -> や→や -> や→や -> や→や -> や→や -> や→や -> や→げ -> げ→む -> む→つ -> つ→う -> う→や -> や→ざ -> ざ→む -> む→つ -> つ→う -> う→げ -> げ→む -> む→つ -> つ→う -> う→げ -> げ→つ -> つ→う -> う→げ -> げ→つ -> つ→う -> う→げ -> げ→つ -> つ→う -> う→う -> う→う -> う→う -> う→う -> う→う -> う→う -> う→う -> う→う
aggressive_pvs vs alpha_beta,aggressive_pvs,alpha_beta,D20000_seed0_aggressive_pvs_vs_alpha_beta_0,20000,0,draw,match_timeout,124,second,alpha_beta,う,138,2,2,5,4,,,う,う,う,1.00001,True,516.1614285714286,1,1,True,0,33,33,32,0,0,0,0,0,{},32,あ→ぬ -> ぬ→る -> る→る -> る→る -> る→る -> る→ぽ -> ぽ→ず -> ず→ず -> ず→つ -> つ→る -> る→と -> と→る -> る→と -> と→る -> る→ぷ -> ぷ→ず -> ず→つ -> つ→る -> る→つ -> つ→つ -> つ→つ -> つ→つ -> つ→つ -> つ→つ -> つ→つ -> つ→や -> や→つ -> つ→や -> や→つ -> つ→や -> や→つ -> つ→げ -> げ→る -> る→り -> り→る -> る→げ -> げ→る -> る→う -> う→ず -> ず→む -> む→ず -> ず→ら -> ら→る -> る→む -> む→る -> る→う -> う→ず -> ず→れ -> れ→ず -> ず→う -> う→る -> る→う -> う→る -> る→い -> い→ず -> ず→が -> が→ず -> ず→う -> う→る -> る→い -> い→ず -> ず→う -> う→む -> む→ぐ -> ぐ→ず -> ず→う -> う→む -> む→つ -> つ→む -> む→つ -> つ→う -> う→つ -> つ→う -> う→つ -> つ→う -> う→つ -> つ→う -> う→つ -> つ→う -> う→つ -> つ→う -> う→や -> や→む -> む→つ -> つ→う -> う→や -> や→や -> や→や -> や→や -> や→や -> や→や -> や→や -> や→や -> や→げ -> げ→む -> む→つ -> つ→う -> う→や -> や→ざ -> ざ→む -> む→つ -> つ→う -> う→げ -> げ→む -> む→つ -> つ→う -> う→げ -> げ→つ -> つ→う -> う→げ -> げ→つ -> つ→う -> う→げ -> げ→つ -> つ→う -> う→う -> う→う -> う→う -> う→う -> う→う -> う→う -> う→う -> う→う -> う→う
aggressive_pvs vs alpha_beta,aggressive_pvs,alpha_beta,D20000_seed0_aggressive_pvs_vs_alpha_beta_0,20000,0,draw,match_timeout,125,first,aggressive_pvs,う,138,2,2,4,3,,,う,う,う,1.000013,True,516.1657142857143,1,1,True,0,32,32,30,0,0,0,30,1,{},30,あ→ぬ -> ぬ→る -> る→る -> る→る -> る→る -> る→ぽ -> ぽ→ず -> ず→ず -> ず→つ -> つ→る -> る→と -> と→る -> る→と -> と→る -> る→ぷ -> ぷ→ず -> ず→つ -> つ→る -> る→つ -> つ→つ -> つ→つ -> つ→つ -> つ→つ -> つ→つ -> つ→つ -> つ→や -> や→つ -> つ→や -> や→つ -> つ→や -> や→つ -> つ→げ -> げ→る -> る→り -> り→る -> る→げ -> げ→る -> る→う -> う→ず -> ず→む -> む→ず -> ず→ら -> ら→る -> る→む -> む→る -> る→う -> う→ず -> ず→れ -> れ→ず -> ず→う -> う→る -> る→う -> う→る -> る→い -> い→ず -> ず→が -> が→ず -> ず→う -> う→る -> る→い -> い→ず -> ず→う -> う→む -> む→ぐ -> ぐ→ず -> ず→う -> う→む -> む→つ -> つ→む -> む→つ -> つ→う -> う→つ -> つ→う -> う→つ -> つ→う -> う→つ -> つ→う -> う→つ -> つ→う -> う→つ -> つ→う -> う→や -> や→む -> む→つ -> つ→う -> う→や -> や→や -> や→や -> や→や -> や→や -> や→や -> や→や -> や→や -> や→げ -> げ→む -> む→つ -> つ→う -> う→や -> や→ざ -> ざ→む -> む→つ -> つ→う -> う→げ -> げ→む -> む→つ -> つ→う -> う→げ -> げ→つ -> つ→う -> う→げ -> げ→つ -> つ→う -> う→げ -> げ→つ -> つ→う -> う→う -> う→う -> う→う -> う→う -> う→う -> う→う -> う→う -> う→う -> う→う -> う→う
aggressive_pvs vs alpha_beta,aggressive_pvs,alpha_beta,D20000_seed0_aggressive_pvs_vs_alpha_beta_0,20000,0,draw,match_timeout,126,second,alpha_beta,う,138,2,2,3,2,,,う,う,う,1.000008,True,516.17,1,1,True,0,33,33,32,0,0,0,0,0,{},32,あ→ぬ -> ぬ→る -> る→る -> る→る -> る→る -> る→ぽ -> ぽ→ず -> ず→ず -> ず→つ -> つ→る -> る→と -> と→る -> る→と -> と→る -> る→ぷ -> ぷ→ず -> ず→つ -> つ→る -> る→つ -> つ→つ -> つ→つ -> つ→つ -> つ→つ -> つ→つ -> つ→つ -> つ→や -> や→つ -> つ→や -> や→つ -> つ→や -> や→つ -> つ→げ -> げ→る -> る→り -> り→る -> る→げ -> げ→る -> る→う -> う→ず -> ず→む -> む→ず -> ず→ら -> ら→る -> る→む -> む→る -> る→う -> う→ず -> ず→れ -> れ→ず -> ず→う -> う→る -> る→う -> う→る -> る→い -> い→ず -> ず→が -> が→ず -> ず→う -> う→る -> る→い -> い→ず -> ず→う -> う→む -> む→ぐ -> ぐ→ず -> ず→う -> う→む -> む→つ -> つ→む -> む→つ -> つ→う -> う→つ -> つ→う -> う→つ -> つ→う -> う→つ -> つ→う -> う→つ -> つ→う -> う→つ -> つ→う -> う→や -> や→む -> む→つ -> つ→う -> う→や -> や→や -> や→や -> や→や -> や→や -> や→や -> や→や -> や→や -> や→げ -> げ→む -> む→つ -> つ→う -> う→や -> や→ざ -> ざ→む -> む→つ -> つ→う -> う→げ -> げ→む -> む→つ -> つ→う -> う→げ -> げ→つ -> つ→う -> う→げ -> げ→つ -> つ→う -> う→げ -> げ→つ -> つ→う -> う→う -> う→う -> う→う -> う→う -> う→う -> う→う -> う→う -> う→う -> う→う -> う→う -> う→う
aggressive_pvs vs alpha_beta,aggressive_pvs,alpha_beta,D20000_seed0_aggressive_pvs_vs_alpha_beta_0,20000,0,draw,match_timeout,127,first,aggressive_pvs,う,138,2,2,2,1,,,う,う,う,1.000007,True,516.1742857142857,1,1,True,0,33,33,31,0,0,0,31,1,{},31,あ→ぬ -> ぬ→る -> る→る -> る→る -> る→る -> る→ぽ -> ぽ→ず -> ず→ず -> ず→つ -> つ→る -> る→と -> と→る -> る→と -> と→る -> る→ぷ -> ぷ→ず -> ず→つ -> つ→る -> る→つ -> つ→つ -> つ→つ -> つ→つ -> つ→つ -> つ→つ -> つ→つ -> つ→や -> や→つ -> つ→や -> や→つ -> つ→や -> や→つ -> つ→げ -> げ→る -> る→り -> り→る -> る→げ -> げ→る -> る→う -> う→ず -> ず→む -> む→ず -> ず→ら -> ら→る -> る→む -> む→る -> る→う -> う→ず -> ず→れ -> れ→ず -> ず→う -> う→る -> る→う -> う→る -> る→い -> い→ず -> ず→が -> が→ず -> ず→う -> う→る -> る→い -> い→ず -> ず→う -> う→む -> む→ぐ -> ぐ→ず -> ず→う -> う→む -> む→つ -> つ→む -> む→つ -> つ→う -> う→つ -> つ→う -> う→つ -> つ→う -> う→つ -> つ→う -> う→つ -> つ→う -> う→つ -> つ→う -> う→や -> や→む -> む→つ -> つ→う -> う→や -> や→や -> や→や -> や→や -> や→や -> や→や -> や→や -> や→や -> や→げ -> げ→む -> む→つ -> つ→う -> う→や -> や→ざ -> ざ→む -> む→つ -> つ→う -> う→げ -> げ→む -> む→つ -> つ→う -> う→げ -> げ→つ -> つ→う -> う→げ -> げ→つ -> つ→う -> う→げ -> げ→つ -> つ→う -> う→う -> う→う -> う→う -> う→う -> う→う -> う→う -> う→う -> う→う -> う→う -> う→う -> う→う -> う→う
aggressive_pvs vs alpha_beta,aggressive_pvs,alpha_beta,D20000_seed0_aggressive_pvs_vs_alpha_beta_0,20000,0,draw,match_timeout,128,second,alpha_beta,う,138,2,2,1,0,,,う,う,う,1.000011,True,516.1935714285714,1,1,True,0,33,33,32,0,0,0,0,0,{},32,あ→ぬ -> ぬ→る -> る→る -> る→る -> る→る -> る→ぽ -> ぽ→ず -> ず→ず -> ず→つ -> つ→る -> る→と -> と→る -> る→と -> と→る -> る→ぷ -> ぷ→ず -> ず→つ -> つ→る -> る→つ -> つ→つ -> つ→つ -> つ→つ -> つ→つ -> つ→つ -> つ→つ -> つ→や -> や→つ -> つ→や -> や→つ -> つ→や -> や→つ -> つ→げ -> げ→る -> る→り -> り→る -> る→げ -> げ→る -> る→う -> う→ず -> ず→む -> む→ず -> ず→ら -> ら→る -> る→む -> む→る -> る→う -> う→ず -> ず→れ -> れ→ず -> ず→う -> う→る -> る→う -> う→る -> る→い -> い→ず -> ず→が -> が→ず -> ず→う -> う→る -> る→い -> い→ず -> ず→う -> う→む -> む→ぐ -> ぐ→ず -> ず→う -> う→む -> む→つ -> つ→む -> む→つ -> つ→う -> う→つ -> つ→う -> う→つ -> つ→う -> う→つ -> つ→う -> う→つ -> つ→う -> う→つ -> つ→う -> う→や -> や→む -> む→つ -> つ→う -> う→や -> や→や -> や→や -> や→や -> や→や -> や→や -> や→や -> や→や -> や→げ -> げ→む -> む→つ -> つ→う -> う→や -> や→ざ -> ざ→む -> む→つ -> つ→う -> う→げ -> げ→む -> む→つ -> つ→う -> う→げ -> げ→つ -> つ→う -> う→げ -> げ→つ -> つ→う -> う→げ -> げ→つ -> つ→う -> う→う -> う→う -> う→う -> う→う -> う→う -> う→う -> う→う -> う→う -> う→う -> う→う -> う→う -> う→う -> う→う
aggressive_pvs vs alpha_beta,aggressive_pvs,alpha_beta,D20000_seed0_aggressive_pvs_vs_alpha_beta_0,20000,0,draw,match_timeout,129,first,aggressive_pvs,う,171,2,35,1,0,,,う,ぬ,ぬ,1.000008,True,341.33500000000004,1,1,True,0,33,33,32,0,0,0,32,0,{},32,あ→ぬ -> ぬ→る -> る→る -> る→る -> る→る -> る→ぽ -> ぽ→ず -> ず→ず -> ず→つ -> つ→る -> る→と -> と→る -> る→と -> と→る -> る→ぷ -> ぷ→ず -> ず→つ -> つ→る -> る→つ -> つ→つ -> つ→つ -> つ→つ -> つ→つ -> つ→つ -> つ→つ -> つ→や -> や→つ -> つ→や -> や→つ -> つ→や -> や→つ -> つ→げ -> げ→る -> る→り -> り→る -> る→げ -> げ→る -> る→う -> う→ず -> ず→む -> む→ず -> ず→ら -> ら→る -> る→む -> む→る -> る→う -> う→ず -> ず→れ -> れ→ず -> ず→う -> う→る -> る→う -> う→る -> る→い -> い→ず -> ず→が -> が→ず -> ず→う -> う→る -> る→い -> い→ず -> ず→う -> う→む -> む→ぐ -> ぐ→ず -> ず→う -> う→む -> む→つ -> つ→む -> む→つ -> つ→う -> う→つ -> つ→う -> う→つ -> つ→う -> う→つ -> つ→う -> う→つ -> つ→う -> う→つ -> つ→う -> う→や -> や→む -> む→つ -> つ→う -> う→や -> や→や -> や→や -> や→や -> や→や -> や→や -> や→や -> や→や -> や→げ -> げ→む -> む→つ -> つ→う -> う→や -> や→ざ -> ざ→む -> む→つ -> つ→う -> う→げ -> げ→む -> む→つ -> つ→う -> う→げ -> げ→つ -> つ→う -> う→げ -> げ→つ -> つ→う -> う→げ -> げ→つ -> つ→う -> う→う -> う→う -> う→う -> う→う -> う→う -> う→う -> う→う -> う→う -> う→う -> う→う -> う→う -> う→う -> う→う -> う→ぬ
aggressive_pvs vs alpha_beta,aggressive_pvs,alpha_beta,D20000_seed0_aggressive_pvs_vs_alpha_beta_0,20000,0,draw,match_timeout,130,second,alpha_beta,ぬ,2443,35,63,3,2,,,ぬ,る,る,0.594295,False,2502.144090909091,1,1,True,0,17,17,17,0,0,0,0,0,{},17,あ→ぬ -> ぬ→る -> る→る -> る→る -> る→る -> る→ぽ -> ぽ→ず -> ず→ず -> ず→つ -> つ→る -> る→と -> と→る -> る→と -> と→る -> る→ぷ -> ぷ→ず -> ず→つ -> つ→る -> る→つ -> つ→つ -> つ→つ -> つ→つ -> つ→つ -> つ→つ -> つ→つ -> つ→や -> や→つ -> つ→や -> や→つ -> つ→や -> や→つ -> つ→げ -> げ→る -> る→り -> り→る -> る→げ -> げ→る -> る→う -> う→ず -> ず→む -> む→ず -> ず→ら -> ら→る -> る→む -> む→る -> る→う -> う→ず -> ず→れ -> れ→ず -> ず→う -> う→る -> る→う -> う→る -> る→い -> い→ず -> ず→が -> が→ず -> ず→う -> う→る -> る→い -> い→ず -> ず→う -> う→む -> む→ぐ -> ぐ→ず -> ず→う -> う→む -> む→つ -> つ→む -> む→つ -> つ→う -> う→つ -> つ→う -> う→つ -> つ→う -> う→つ -> つ→う -> う→つ -> つ→う -> う→つ -> つ→う -> う→や -> や→む -> む→つ -> つ→う -> う→や -> や→や -> や→や -> や→や -> や→や -> や→や -> や→や -> や→や -> や→げ -> げ→む -> む→つ -> つ→う -> う→や -> や→ざ -> ざ→む -> む→つ -> つ→う -> う→げ -> げ→む -> む→つ -> つ→う -> う→げ -> げ→つ -> つ→う -> う→げ -> げ→つ -> つ→う -> う→げ -> げ→つ -> つ→う -> う→う -> う→う -> う→う -> う→う -> う→う -> う→う -> う→う -> う→う -> う→う -> う→う -> う→う -> う→う -> う→う -> う→ぬ -> ぬ→る
aggressive_pvs vs alpha_beta,aggressive_pvs,alpha_beta,D20000_seed0_aggressive_pvs_vs_alpha_beta_0,20000,0,draw,match_timeout,131,first,aggressive_pvs,る,4285,63,1,3,2,,,る,い,い,0.466792,False,322.07411764705887,1,1,True,0,12,12,11,0,0,0,9,2,{},11,あ→ぬ -> ぬ→る -> る→る -> る→る -> る→る -> る→ぽ -> ぽ→ず -> ず→ず -> ず→つ -> つ→る -> る→と -> と→る -> る→と -> と→る -> る→ぷ -> ぷ→ず -> ず→つ -> つ→る -> る→つ -> つ→つ -> つ→つ -> つ→つ -> つ→つ -> つ→つ -> つ→つ -> つ→や -> や→つ -> つ→や -> や→つ -> つ→や -> や→つ -> つ→げ -> げ→る -> る→り -> り→る -> る→げ -> げ→る -> る→う -> う→ず -> ず→む -> む→ず -> ず→ら -> ら→る -> る→む -> む→る -> る→う -> う→ず -> ず→れ -> れ→ず -> ず→う -> う→る -> る→う -> う→る -> る→い -> い→ず -> ず→が -> が→ず -> ず→う -> う→る -> る→い -> い→ず -> ず→う -> う→む -> む→ぐ -> ぐ→ず -> ず→う -> う→む -> む→つ -> つ→む -> む→つ -> つ→う -> う→つ -> つ→う -> う→つ -> つ→う -> う→つ -> つ→う -> う→つ -> つ→う -> う→つ -> つ→う -> う→や -> や→む -> む→つ -> つ→う -> う→や -> や→や -> や→や -> や→や -> や→や -> や→や -> や→や -> や→や -> や→げ -> げ→む -> む→つ -> つ→う -> う→や -> や→ざ -> ざ→む -> む→つ -> つ→う -> う→げ -> げ→む -> む→つ -> つ→う -> う→げ -> げ→つ -> つ→う -> う→げ -> げ→つ -> つ→う -> う→げ -> げ→つ -> つ→う -> う→う -> う→う -> う→う -> う→う -> う→う -> う→う -> う→う -> う→う -> う→う -> う→う -> う→う -> う→う -> う→う -> う→ぬ -> ぬ→る -> る→い
aggressive_pvs vs alpha_beta,aggressive_pvs,alpha_beta,D20000_seed0_aggressive_pvs_vs_alpha_beta_0,20000,0,draw,match_timeout,132,second,alpha_beta,い,131,1,63,7,6,,,い,る,る,1.00001,True,2502.155,1,1,True,0,37,37,36,0,0,0,0,0,{},36,あ→ぬ -> ぬ→る -> る→る -> る→る -> る→る -> る→ぽ -> ぽ→ず -> ず→ず -> ず→つ -> つ→る -> る→と -> と→る -> る→と -> と→る -> る→ぷ -> ぷ→ず -> ず→つ -> つ→る -> る→つ -> つ→つ -> つ→つ -> つ→つ -> つ→つ -> つ→つ -> つ→つ -> つ→や -> や→つ -> つ→や -> や→つ -> つ→や -> や→つ -> つ→げ -> げ→る -> る→り -> り→る -> る→げ -> げ→る -> る→う -> う→ず -> ず→む -> む→ず -> ず→ら -> ら→る -> る→む -> む→る -> る→う -> う→ず -> ず→れ -> れ→ず -> ず→う -> う→る -> る→う -> う→る -> る→い -> い→ず -> ず→が -> が→ず -> ず→う -> う→る -> る→い -> い→ず -> ず→う -> う→む -> む→ぐ -> ぐ→ず -> ず→う -> う→む -> む→つ -> つ→む -> む→つ -> つ→う -> う→つ -> つ→う -> う→つ -> つ→う -> う→つ -> つ→う -> う→つ -> つ→う -> う→つ -> つ→う -> う→や -> や→む -> む→つ -> つ→う -> う→や -> や→や -> や→や -> や→や -> や→や -> や→や -> や→や -> や→や -> や→げ -> げ→む -> む→つ -> つ→う -> う→や -> や→ざ -> ざ→む -> む→つ -> つ→う -> う→げ -> げ→む -> む→つ -> つ→う -> う→げ -> げ→つ -> つ→う -> う→げ -> げ→つ -> つ→う -> う→げ -> げ→つ -> つ→う -> う→う -> う→う -> う→う -> う→う -> う→う -> う→う -> う→う -> う→う -> う→う -> う→う -> う→う -> う→う -> う→う -> う→ぬ -> ぬ→る -> る→い -> い→る
aggressive_pvs vs beam_negamax,aggressive_pvs,beam_negamax,D20000_seed0_aggressive_pvs_vs_beam_negamax_0,20000,0,second,ended_with_n,1,first,aggressive_pvs,ANY,35,0,35,1,0,,,あ,ぬ,ぬ,1.000166,True,-508.2713636363636,5,4,True,0,0,0,0,0,0,0,0,0,{},0,あ→ぬ
aggressive_pvs vs beam_negamax,aggressive_pvs,beam_negamax,D20000_seed0_aggressive_pvs_vs_beam_negamax_0,20000,0,second,ended_with_n,2,second,beam_negamax,ぬ,2443,35,63,4,3,,,ぬ,る,る,1.000016,True,-834.8322058823529,5,4,True,0,54,39,0,0,0,273,0,0,"{""0"": 24, ""1"": 12, ""2"": 6, ""3"": 4, ""4"": 4}",0,あ→ぬ -> ぬ→る
aggressive_pvs vs beam_negamax,aggressive_pvs,beam_negamax,D20000_seed0_aggressive_pvs_vs_beam_negamax_0,20000,0,second,ended_with_n,3,first,aggressive_pvs,る,4347,63,63,3,2,,,る,る,る,1.000019,True,-814.4372727272727,4,3,True,0,34,30,0,0,0,0,24,5,{},0,あ→ぬ -> ぬ→る -> る→る
aggressive_pvs vs beam_negamax,aggressive_pvs,beam_negamax,D20000_seed0_aggressive_pvs_vs_beam_negamax_0,20000,0,second,ended_with_n,4,second,beam_negamax,る,4347,63,63,2,1,,,る,る,る,1.000017,True,-796.084375,4,3,True,0,54,40,0,0,0,295,0,0,"{""0"": 24, ""1"": 12, ""2"": 6, ""3"": 4}",0,あ→ぬ -> ぬ→る -> る→る -> る→る
aggressive_pvs vs beam_negamax,aggressive_pvs,beam_negamax,D20000_seed0_aggressive_pvs_vs_beam_negamax_0,20000,0,second,ended_with_n,5,first,aggressive_pvs,る,4347,63,63,1,0,,,る,る,る,1.000013,True,-751.1374193548387,3,2,True,0,36,33,0,0,0,0,31,1,{},0,あ→ぬ -> ぬ→る -> る→る -> る→る -> る→る
aggressive_pvs vs beam_negamax,aggressive_pvs,beam_negamax,D20000_seed0_aggressive_pvs_vs_beam_negamax_0,20000,0,second,ended_with_n,6,second,beam_negamax,る,4336,63,52,1,0,,,る,ぽ,ぽ,1.000014,True,-1106.0972340425533,3,2,True,0,46,38,0,0,0,175,0,0,"{""0"": 24, ""1"": 12, ""2"": 6}",0,あ→ぬ -> ぬ→る -> る→る -> る→る -> る→る -> る→ぽ
aggressive_pvs vs beam_negamax,aggressive_pvs,beam_negamax,D20000_seed0_aggressive_pvs_vs_beam_negamax_0,20000,0,second,ended_with_n,7,first,aggressive_pvs,ぽ,3556,52,20,2,1,,,ぽ,ず,ず,1.000014,True,-3121.8080078125,2,1,True,0,30,28,1,0,0,0,27,0,{},1,あ→ぬ -> ぬ→る -> る→る -> る→る -> る→る -> る→ぽ -> ぽ→ず
aggressive_pvs vs beam_negamax,aggressive_pvs,beam_negamax,D20000_seed0_aggressive_pvs_vs_beam_negamax_0,20000,0,second,ended_with_n,8,second,beam_negamax,ず,1380,20,20,1,0,,,ず,ず,ず,1.00001,True,-684.2860000000001,2,1,True,0,36,33,2,0,0,49,0,0,"{""0"": 24, ""1"": 12}",2,あ→ぬ -> ぬ→る -> る→る -> る→る -> る→る -> る→ぽ -> ぽ→ず -> ず→ず
aggressive_pvs vs beam_negamax,aggressive_pvs,beam_negamax,D20000_seed0_aggressive_pvs_vs_beam_negamax_0,20000,0,second,ended_with_n,9,first,aggressive_pvs,ず,1388,20,28,2,1,,,ず,つ,つ,0.503717,False,684.2860000000001,1,1,True,0,14,14,13,0,0,0,11,2,{},13,あ→ぬ -> ぬ→る -> る→る -> る→る -> る→る -> る→ぽ -> ぽ→ず -> ず→ず -> ず→つ
aggressive_pvs vs beam_negamax,aggressive_pvs,beam_negamax,D20000_seed0_aggressive_pvs_vs_beam_negamax_0,20000,0,second,ended_with_n,10,second,beam_negamax,つ,1967,28,63,2,1,,,つ,る,る,0.716318,False,1935.0733536585367,1,1,True,0,24,24,24,0,0,25,0,0,"{""0"": 24}",24,あ→ぬ -> ぬ→る -> る→る -> る→る -> る→る -> る→ぽ -> ぽ→ず -> ず→ず -> ず→つ -> つ→る
aggressive_pvs vs beam_negamax,aggressive_pvs,beam_negamax,D20000_seed0_aggressive_pvs_vs_beam_negamax_0,20000,0,second,ended_with_n,11,first,aggressive_pvs,る,4315,63,31,2,1,,,る,と,と,0.778967,False,664.4160344827586,1,1,True,0,22,22,18,0,0,0,16,5,{},18,あ→ぬ -> ぬ→る -> る→る -> る→る -> る→る -> る→ぽ -> ぽ→ず -> ず→ず -> ず→つ -> つ→る -> る→と
aggressive_pvs vs beam_negamax,aggressive_pvs,beam_negamax,D20000_seed0_aggressive_pvs_vs_beam_negamax_0,20000,0,second,ended_with_n,12,second,beam_negamax,と,2171,31,63,10,9,,,と,る,る,0.679476,False,1935.0953048780489,1,1,True,0,24,24,24,0,0,30,0,0,"{""0"": 24}",24,あ→ぬ -> ぬ→る -> る→る -> る→る -> る→る -> る→ぽ -> ぽ→ず -> ず→ず -> ず→つ -> つ→る -> る→と -> と→る
aggressive_pvs vs beam_negamax,aggressive_pvs,beam_negamax,D20000_seed0_aggressive_pvs_vs_beam_negamax_0,20000,0,second,ended_with_n,13,first,aggressive_pvs,る,4315,63,31,1,0,,,る,と,と,0.778258,False,634.5489285714286,1,2,True,0,22,22,18,0,0,0,16,5,{},18,あ→ぬ -> ぬ→る -> る→る -> る→る -> る→る -> る→ぽ -> ぽ→ず -> ず→ず -> ず→つ -> つ→る -> る→と -> と→る -> る→と
aggressive_pvs vs beam_negamax,aggressive_pvs,beam_negamax,D20000_seed0_aggressive_pvs_vs_beam_negamax_0,20000,0,second,ended_with_n,14,second,beam_negamax,と,2171,31,63,9,8,,,と,る,る,0.681556,False,1935.1441463414635,1,2,True,0,24,24,24,0,0,30,0,0,"{""0"": 24}",24,あ→ぬ -> ぬ→る -> る→る -> る→る -> る→る -> る→ぽ -> ぽ→ず -> ず→ず -> ず→つ -> つ→る -> る→と -> と→る -> る→と -> と→る
aggressive_pvs vs beam_negamax,aggressive_pvs,beam_negamax,D20000_seed0_aggressive_pvs_vs_beam_negamax_0,20000,0,second,ended_with_n,15,first,aggressive_pvs,る,4330,63,46,1,0,,,る,ぷ,ぷ,1.000012,True,-3122.4255859375,2,1,True,36,31,28,2,1,36,0,28,0,{},2,あ→ぬ -> ぬ→る -> る→る -> る→る -> る→る -> る→ぽ -> ぽ→ず -> ず→ず -> ず→つ -> つ→る -> る→と -> と→る -> る→と -> と→る -> る→ぷ
aggressive_pvs vs beam_negamax,aggressive_pvs,beam_negamax,D20000_seed0_aggressive_pvs_vs_beam_negamax_0,20000,0,second,ended_with_n,16,second,beam_negamax,ぷ,3191,46,63,7,6,,,ぷ,る,る,1.000008,True,-544.0457692307692,2,1,True,0,31,28,2,0,0,17,0,0,"{""0"": 24, ""1"": 12}",2,あ→ぬ -> ぬ→る -> る→る -> る→る -> る→る -> る→ぽ -> ぽ→ず -> ず→ず -> ず→つ -> つ→る -> る→と -> と→る -> る→と -> と→る -> る→ぷ -> ぷ→る
aggressive_pvs vs beam_negamax,aggressive_pvs,beam_negamax,D20000_seed0_aggressive_pvs_vs_beam_negamax_0,20000,0,second,ended_with_n,17,first,aggressive_pvs,る,4346,63,62,1,0,,,る,り,り,0.674935,False,544.0457692307692,1,1,True,0,19,19,16,0,0,0,14,4,{},16,あ→ぬ -> ぬ→る -> る→る -> る→る -> る→る -> る→ぽ -> ぽ→ず -> ず→ず -> ず→つ -> つ→る -> る→と -> と→る -> る→と -> と→る -> る→ぷ -> ぷ→る -> る→り
aggressive_pvs vs beam_negamax,aggressive_pvs,beam_negamax,D20000_seed0_aggressive_pvs_vs_beam_negamax_0,20000,0,second,ended_with_n,18,second,beam_negamax,り,4279,62,63,14,13,,,り,る,る,0.713836,False,2485.0318181818184,1,1,True,0,24,24,24,0,0,18,0,0,"{""0"": 24}",24,あ→ぬ -> ぬ→る -> る→る -> る→る -> る→る -> る→ぽ -> ぽ→ず -> ず→ず -> ず→つ -> つ→る -> る→と -> と→る -> る→と -> と→る -> る→ぷ -> ぷ→る -> る→り -> り→る
aggressive_pvs vs beam_negamax,aggressive_pvs,beam_negamax,D20000_seed0_aggressive_pvs_vs_beam_negamax_0,20000,0,second,ended_with_n,19,first,aggressive_pvs,る,4312,63,28,1,0,,,る,つ,つ,0.617625,False,513.4148,1,1,True,0,17,17,15,0,0,0,13,3,{},15,あ→ぬ -> ぬ→る -> る→る -> る→る -> る→る -> る→ぽ -> ぽ→ず -> ず→ず -> ず→つ -> つ→る -> る→と -> と→る -> る→と -> と→る -> る→ぷ -> ぷ→る -> る→り -> り→る -> る→つ
aggressive_pvs vs beam_negamax,aggressive_pvs,beam_negamax,D20000_seed0_aggressive_pvs_vs_beam_negamax_0,20000,0,second,ended_with_n,20,second,beam_negamax,つ,1967,28,63,1,0,,,つ,る,る,0.7084,False,2485.0645454545456,1,1,True,0,24,24,24,0,0,25,0,0,"{""0"": 24}",24,あ→ぬ -> ぬ→る -> る→る -> る→る -> る→る -> る→ぽ -> ぽ→ず -> ず→ず -> ず→つ -> つ→る -> る→と -> と→る -> る→と -> と→る -> る→ぷ -> ぷ→る -> る→り -> り→る -> る→つ -> つ→る
aggressive_pvs vs beam_negamax,aggressive_pvs,beam_negamax,D20000_seed0_aggressive_pvs_vs_beam_negamax_0,20000,0,second,ended_with_n,21,first,aggressive_pvs,る,4296,63,12,1,0,,,る,げ,げ,0.536897,False,482.433125,1,2,True,0,15,15,14,0,0,0,12,2,{},14,あ→ぬ -> ぬ→る -> る→る -> る→る -> る→る -> る→ぽ -> ぽ→ず -> ず→ず -> ず→つ -> つ→る -> る→と -> と→る -> る→と -> と→る -> る→ぷ -> ぷ→る -> る→り -> り→る -> る→つ -> つ→る -> る→げ
aggressive_pvs vs beam_negamax,aggressive_pvs,beam_negamax,D20000_seed0_aggressive_pvs_vs_beam_negamax_0,20000,0,second,ended_with_n,22,second,beam_negamax,げ,879,12,63,2,1,,,げ,る,る,0.743778,False,2485.985,1,2,True,0,24,24,24,0,0,10,0,0,"{""0"": 24}",24,あ→ぬ -> ぬ→る -> る→る -> る→る -> る→る -> る→ぽ -> ぽ→ず -> ず→ず -> ず→つ -> つ→る -> る→と -> と→る -> る→と -> と→る -> る→ぷ -> ぷ→る -> る→り -> り→る -> る→つ -> つ→る -> る→げ -> げ→る
aggressive_pvs vs beam_negamax,aggressive_pvs,beam_negamax,D20000_seed0_aggressive_pvs_vs_beam_negamax_0,20000,0,second,ended_with_n,23,first,aggressive_pvs,る,4326,63,42,1,0,,,る,び,び,1.000013,True,-2485.985,2,1,True,0,32,31,0,0,0,0,30,0,{},0,あ→ぬ -> ぬ→る -> る→る -> る→る -> る→る -> る→ぽ -> ぽ→ず -> ず→ず -> ず→つ -> つ→る -> る→と -> と→る -> る→と -> と→る -> る→ぷ -> ぷ→る -> る→り -> り→る -> る→つ -> つ→る -> る→げ -> げ→る -> る→び
aggressive_pvs vs beam_negamax,aggressive_pvs,beam_negamax,D20000_seed0_aggressive_pvs_vs_beam_negamax_0,20000,0,second,ended_with_n,24,second,beam_negamax,び,2919,42,63,5,4,,,び,る,る,1.000013,True,-408.07500000000005,2,1,True,0,30,27,2,0,0,22,0,0,"{""0"": 24, ""1"": 12}",2,あ→ぬ -> ぬ→る -> る→る -> る→る -> る→る -> る→ぽ -> ぽ→ず -> ず→ず -> ず→つ -> つ→る -> る→と -> と→る -> る→と -> と→る -> る→ぷ -> ぷ→る -> る→り -> り→る -> る→つ -> つ→る -> る→げ -> げ→る -> る→び -> び→る
aggressive_pvs vs beam_negamax,aggressive_pvs,beam_negamax,D20000_seed0_aggressive_pvs_vs_beam_negamax_0,20000,0,second,ended_with_n,25,first,aggressive_pvs,る,4285,63,1,5,4,,,る,い,い,0.586727,False,408.07500000000005,1,1,True,0,15,15,12,0,0,0,10,4,{},12,あ→ぬ -> ぬ→る -> る→る -> る→る -> る→る -> る→ぽ -> ぽ→ず -> ず→ず -> ず→つ -> つ→る -> る→と -> と→る -> る→と -> と→る -> る→ぷ -> ぷ→る -> る→り -> り→る -> る→つ -> つ→る -> る→げ -> げ→る -> る→び -> び→る -> る→い
aggressive_pvs vs beam_negamax,aggressive_pvs,beam_negamax,D20000_seed0_aggressive_pvs_vs_beam_negamax_0,20000,0,second,ended_with_n,26,second,beam_negamax,い,131,1,63,7,6,,,い,る,る,0.588336,False,3123.9726953125,1,1,True,0,24,24,24,0,0,38,0,0,"{""0"": 24}",24,あ→ぬ -> ぬ→る -> る→る -> る→る -> る→る -> る→ぽ -> ぽ→ず -> ず→ず -> ず→つ -> つ→る -> る→と -> と→る -> る→と -> と→る -> る→ぷ -> ぷ→る -> る→り -> り→る -> る→つ -> つ→る -> る→げ -> げ→る -> る→び -> び→る -> る→い -> い→る
aggressive_pvs vs beam_negamax,aggressive_pvs,beam_negamax,D20000_seed0_aggressive_pvs_vs_beam_negamax_0,20000,0,second,ended_with_n,27,first,aggressive_pvs,る,4285,63,1,4,3,,,る,い,い,0.588089,False,388.71785714285716,1,1,True,0,15,15,12,0,0,0,10,4,{},12,あ→ぬ -> ぬ→る -> る→る -> る→る -> る→る -> る→ぽ -> ぽ→ず -> ず→ず -> ず→つ -> つ→る -> る→と -> と→る -> る→と -> と→る -> る→ぷ -> ぷ→る -> る→り -> り→る -> る→つ -> つ→る -> る→げ -> げ→る -> る→び -> び→る -> る→い -> い→る -> る→い
aggressive_pvs vs beam_negamax,aggressive_pvs,beam_negamax,D20000_seed0_aggressive_pvs_vs_beam_negamax_0,20000,0,second,ended_with_n,28,second,beam_negamax,い,131,1,63,6,5,,,い,る,る,0.593978,False,3124.5860546875,1,1,True,0,24,24,24,0,0,38,0,0,"{""0"": 24}",24,あ→ぬ -> ぬ→る -> る→る -> る→る -> る→る -> る→ぽ -> ぽ→ず -> ず→ず -> ず→つ -> つ→る -> る→と -> と→る -> る→と -> と→る -> る→ぷ -> ぷ→る -> る→り -> り→る -> る→つ -> つ→る -> る→げ -> げ→る -> る→び -> び→る -> る→い -> い→る -> る→い -> い→る
aggressive_pvs vs beam_negamax,aggressive_pvs,beam_negamax,D20000_seed0_aggressive_pvs_vs_beam_negamax_0,20000,0,second,ended_with_n,29,first,aggressive_pvs,る,4285,63,1,3,2,,,る,い,い,0.586688,False,369.41600000000005,1,2,True,0,15,15,12,0,0,0,10,4,{},12,あ→ぬ -> ぬ→る -> る→る -> る→る -> る→る -> る→ぽ -> ぽ→ず -> ず→ず -> ず→つ -> つ→る -> る→と -> と→る -> る→と -> と→る -> る→ぷ -> ぷ→る -> る→り -> り→る -> る→つ -> つ→る -> る→げ -> げ→る -> る→び -> び→る -> る→い -> い→る -> る→い -> い→る -> る→い
aggressive_pvs vs beam_negamax,aggressive_pvs,beam_negamax,D20000_seed0_aggressive_pvs_vs_beam_negamax_0,20000,0,second,ended_with_n,30,second,beam_negamax,い,131,1,63,5,4,,,い,る,る,0.591913,False,3125.1994140625,1,2,True,0,24,24,24,0,0,38,0,0,"{""0"": 24}",24,あ→ぬ -> ぬ→る -> る→る -> る→る -> る→る -> る→ぽ -> ぽ→ず -> ず→ず -> ず→つ -> つ→る -> る→と -> と→る -> る→と -> と→る -> る→ぷ -> ぷ→る -> る→り -> り→る -> る→つ -> つ→る -> る→げ -> げ→る -> る→び -> び→る -> る→い -> い→る -> る→い -> い→る -> る→い -> い→る
aggressive_pvs vs beam_negamax,aggressive_pvs,beam_negamax,D20000_seed0_aggressive_pvs_vs_beam_negamax_0,20000,0,second,ended_with_n,31,first,aggressive_pvs,る,4339,63,55,1,0,,,る,む,む,1.000016,True,-3125.1994140625,2,1,True,0,33,32,0,0,0,0,31,0,{},0,あ→ぬ -> ぬ→る -> る→る -> る→る -> る→る -> る→ぽ -> ぽ→ず -> ず→ず -> ず→つ -> つ→る -> る→と -> と→る -> る→と -> と→る -> る→ぷ -> ぷ→る -> る→り -> り→る -> る→つ -> つ→る -> る→げ -> げ→る -> る→び -> び→る -> る→い -> い→る -> る→い -> い→る -> る→い -> い→る -> る→む
aggressive_pvs vs beam_negamax,aggressive_pvs,beam_negamax,D20000_seed0_aggressive_pvs_vs_beam_negamax_0,20000,0,second,ended_with_n,32,second,beam_negamax,む,3803,55,63,1,0,,,む,る,る,1.000008,True,-286.15500000000003,2,1,True,0,31,28,2,0,0,40,0,0,"{""0"": 24, ""1"": 12}",2,あ→ぬ -> ぬ→る -> る→る -> る→る -> る→る -> る→ぽ -> ぽ→ず -> ず→ず -> ず→つ -> つ→る -> る→と -> と→る -> る→と -> と→る -> る→ぷ -> ぷ→る -> る→り -> り→る -> る→つ -> つ→る -> る→げ -> げ→る -> る→び -> び→る -> る→い -> い→る -> る→い -> い→る -> る→い -> い→る -> る→む -> む→る
aggressive_pvs vs beam_negamax,aggressive_pvs,beam_negamax,D20000_seed0_aggressive_pvs_vs_beam_negamax_0,20000,0,second,ended_with_n,33,first,aggressive_pvs,る,4285,63,1,2,1,,,る,い,い,0.527702,False,286.15500000000003,1,1,True,0,13,13,11,0,0,0,9,3,{},11,あ→ぬ -> ぬ→る -> る→る -> る→る -> る→る -> る→ぽ -> ぽ→ず -> ず→ず -> ず→つ -> つ→る -> る→と -> と→る -> る→と -> と→る -> る→ぷ -> ぷ→る -> る→り -> り→る -> る→つ -> つ→る -> る→げ -> げ→る -> る→び -> び→る -> る→い -> い→る -> る→い -> い→る -> る→い -> い→る -> る→む -> む→る -> る→い
aggressive_pvs vs beam_negamax,aggressive_pvs,beam_negamax,D20000_seed0_aggressive_pvs_vs_beam_negamax_0,20000,0,second,ended_with_n,34,second,beam_negamax,い,131,1,63,4,3,,,い,る,る,0.588096,False,3982.7780523255815,1,1,True,0,24,24,24,0,0,38,0,0,"{""0"": 24}",24,あ→ぬ -> ぬ→る -> る→る -> る→る -> る→る -> る→ぽ -> ぽ→ず -> ず→ず -> ず→つ -> つ→る -> る→と -> と→る -> る→と -> と→る -> る→ぷ -> ぷ→る -> る→り -> り→る -> る→つ -> つ→る -> る→げ -> げ→る -> る→び -> び→る -> る→い -> い→る -> る→い -> い→る -> る→い -> い→る -> る→む -> む→る -> る→い -> い→る
aggressive_pvs vs beam_negamax,aggressive_pvs,beam_negamax,D20000_seed0_aggressive_pvs_vs_beam_negamax_0,20000,0,second,ended_with_n,35,first,aggressive_pvs,る,4303,63,19,6,5,,,る,す,す,0.481255,False,266.1426470588235,1,1,True,0,12,12,11,0,0,0,9,2,{},11,あ→ぬ -> ぬ→る -> る→る -> る→る -> る→る -> る→ぽ -> ぽ→ず -> ず→ず -> ず→つ -> つ→る -> る→と -> と→る -> る→と -> と→る -> る→ぷ -> ぷ→る -> る→り -> り→る -> る→つ -> つ→る -> る→げ -> げ→る -> る→び -> び→る -> る→い -> い→る -> る→い -> い→る -> る→い -> い→る -> る→む -> む→る -> る→い -> い→る -> る→す
aggressive_pvs vs beam_negamax,aggressive_pvs,beam_negamax,D20000_seed0_aggressive_pvs_vs_beam_negamax_0,20000,0,second,ended_with_n,36,second,beam_negamax,す,1355,19,63,21,20,,,す,る,る,0.666965,False,3983.380668604651,1,1,True,0,24,24,24,0,0,28,0,0,"{""0"": 24}",24,あ→ぬ -> ぬ→る -> る→る -> る→る -> る→る -> る→ぽ -> ぽ→ず -> ず→ず -> ず→つ -> つ→る -> る→と -> と→る -> る→と -> と→る -> る→ぷ -> ぷ→る -> る→り -> り→る -> る→つ -> つ→る -> る→げ -> げ→る -> る→び -> び→る -> る→い -> い→る -> る→い -> い→る -> る→い -> い→る -> る→む -> む→る -> る→い -> い→る -> る→す -> す→る
aggressive_pvs vs beam_negamax,aggressive_pvs,beam_negamax,D20000_seed0_aggressive_pvs_vs_beam_negamax_0,20000,0,second,ended_with_n,37,first,aggressive_pvs,る,4303,63,19,5,4,,,る,す,す,0.491247,False,246.1175,1,2,True,0,12,12,11,0,0,0,9,2,{},11,あ→ぬ -> ぬ→る -> る→る -> る→る -> る→る -> る→ぽ -> ぽ→ず -> ず→ず -> ず→つ -> つ→る -> る→と -> と→る -> る→と -> と→る -> る→ぷ -> ぷ→る -> る→り -> り→る -> る→つ -> つ→る -> る→げ -> げ→る -> る→び -> び→る -> る→い -> い→る -> る→い -> い→る -> る→い -> い→る -> る→む -> む→る -> る→い -> い→る -> る→す -> す→る -> る→す
aggressive_pvs vs beam_negamax,aggressive_pvs,beam_negamax,D20000_seed0_aggressive_pvs_vs_beam_negamax_0,20000,0,second,ended_with_n,38,second,beam_negamax,す,1355,19,63,20,19,,,す,る,る,0.667306,False,3983.983284883721,1,2,True,0,24,24,24,0,0,28,0,0,"{""0"": 24}",24,あ→ぬ -> ぬ→る -> る→る -> る→る -> る→る -> る→ぽ -> ぽ→ず -> ず→ず -> ず→つ -> つ→る -> る→と -> と→る -> る→と -> と→る -> る→ぷ -> ぷ→る -> る→り -> り→る -> る→つ -> つ→る -> る→げ -> げ→る -> る→び -> び→る -> る→い -> い→る -> る→い -> い→る -> る→い -> い→る -> る→む -> む→る -> る→い -> い→る -> る→す -> す→る -> る→す -> す→る
aggressive_pvs vs beam_negamax,aggressive_pvs,beam_negamax,D20000_seed0_aggressive_pvs_vs_beam_negamax_0,20000,0,second,ended_with_n,39,first,aggressive_pvs,る,4343,63,59,2,1,,,る,ゆ,ゆ,1.000018,True,-3983.983284883721,2,1,True,0,32,31,0,0,0,0,30,0,{},0,あ→ぬ -> ぬ→る -> る→る -> る→る -> る→る -> る→ぽ -> ぽ→ず -> ず→ず -> ず→つ -> つ→る -> る→と -> と→る -> る→と -> と→る -> る→ぷ -> ぷ→る -> る→り -> り→る -> る→つ -> つ→る -> る→げ -> げ→る -> る→び -> び→る -> る→い -> い→る -> る→い -> い→る -> る→い -> い→る -> る→む -> む→る -> る→い -> い→る -> る→す -> す→る -> る→す -> す→る -> る→ゆ
aggressive_pvs vs beam_negamax,aggressive_pvs,beam_negamax,D20000_seed0_aggressive_pvs_vs_beam_negamax_0,20000,0,second,ended_with_n,40,second,beam_negamax,ゆ,4075,59,63,3,2,,,ゆ,る,る,1.000011,True,-205.23250000000002,2,1,True,0,30,27,2,0,0,40,0,0,"{""0"": 24, ""1"": 12}",2,あ→ぬ -> ぬ→る -> る→る -> る→る -> る→る -> る→ぽ -> ぽ→ず -> ず→ず -> ず→つ -> つ→る -> る→と -> と→る -> る→と -> と→る -> る→ぷ -> ぷ→る -> る→り -> り→る -> る→つ -> つ→る -> る→げ -> げ→る -> る→び -> び→る -> る→い -> い→る -> る→い -> い→る -> る→い -> い→る -> る→む -> む→る -> る→い -> い→る -> る→す -> す→る -> る→す -> す→る -> る→ゆ -> ゆ→る
aggressive_pvs vs beam_negamax,aggressive_pvs,beam_negamax,D20000_seed0_aggressive_pvs_vs_beam_negamax_0,20000,0,second,ended_with_n,41,first,aggressive_pvs,る,4303,63,19,4,3,,,る,す,す,0.522259,False,205.23250000000002,1,1,True,0,13,13,11,0,0,0,9,3,{},11,あ→ぬ -> ぬ→る -> る→る -> る→る -> る→る -> る→ぽ -> ぽ→ず -> ず→ず -> ず→つ -> つ→る -> る→と -> と→る -> る→と -> と→る -> る→ぷ -> ぷ→る -> る→り -> り→る -> る→つ -> つ→る -> る→げ -> げ→る -> る→び -> び→る -> る→い -> い→る -> る→い -> い→る -> る→い -> い→る -> る→む -> む→る -> る→い -> い→る -> る→す -> す→る -> る→す -> す→る -> る→ゆ -> ゆ→る -> る→す
aggressive_pvs vs beam_negamax,aggressive_pvs,beam_negamax,D20000_seed0_aggressive_pvs_vs_beam_negamax_0,20000,0,second,ended_with_n,42,second,beam_negamax,す,1355,19,63,19,18,,,す,る,る,0.667316,False,3967.0507894736843,1,1,True,0,24,24,24,0,0,28,0,0,"{""0"": 24}",24,あ→ぬ -> ぬ→る -> る→る -> る→る -> る→る -> る→ぽ -> ぽ→ず -> ず→ず -> ず→つ -> つ→る -> る→と -> と→る -> る→と -> と→る -> る→ぷ -> ぷ→る -> る→り -> り→る -> る→つ -> つ→る -> る→げ -> げ→る -> る→び -> び→る -> る→い -> い→る -> る→い -> い→る -> る→い -> い→る -> る→む -> む→る -> る→い -> い→る -> る→す -> す→る -> る→す -> す→る -> る→ゆ -> ゆ→る -> る→す -> す→る
aggressive_pvs vs beam_negamax,aggressive_pvs,beam_negamax,D20000_seed0_aggressive_pvs_vs_beam_negamax_0,20000,0,second,ended_with_n,43,first,aggressive_pvs,る,4303,63,19,3,2,,,る,す,す,0.522624,False,185.0576923076923,1,1,True,0,13,13,11,0,0,0,9,3,{},11,あ→ぬ -> ぬ→る -> る→る -> る→る -> る→る -> る→ぽ -> ぽ→ず -> ず→ず -> ず→つ -> つ→る -> る→と -> と→る -> る→と -> と→る -> る→ぷ -> ぷ→る -> る→り -> り→る -> る→つ -> つ→る -> る→げ -> げ→る -> る→び -> び→る -> る→い -> い→る -> る→い -> い→る -> る→い -> い→る -> る→む -> む→る -> る→い -> い→る -> る→す -> す→る -> る→す -> す→る -> る→ゆ -> ゆ→る -> る→す -> す→る -> る→す
aggressive_pvs vs beam_negamax,aggressive_pvs,beam_negamax,D20000_seed0_aggressive_pvs_vs_beam_negamax_0,20000,0,second,ended_with_n,44,second,beam_negamax,す,1355,19,63,18,17,,,す,る,る,0.672878,False,3967.652894736842,1,1,True,0,24,24,24,0,0,28,0,0,"{""0"": 24}",24,あ→ぬ -> ぬ→る -> る→る -> る→る -> る→る -> る→ぽ -> ぽ→ず -> ず→ず -> ず→つ -> つ→る -> る→と -> と→る -> る→と -> と→る -> る→ぷ -> ぷ→る -> る→り -> り→る -> る→つ -> つ→る -> る→げ -> げ→る -> る→び -> び→る -> る→い -> い→る -> る→い -> い→る -> る→い -> い→る -> る→む -> む→る -> る→い -> い→る -> る→す -> す→る -> る→す -> す→る -> る→ゆ -> ゆ→る -> る→す -> す→る -> る→す -> す→る
aggressive_pvs vs beam_negamax,aggressive_pvs,beam_negamax,D20000_seed0_aggressive_pvs_vs_beam_negamax_0,20000,0,second,ended_with_n,45,first,aggressive_pvs,る,4303,63,19,2,1,,,る,す,す,0.531301,False,164.83875,1,2,True,0,13,13,11,0,0,0,9,3,{},11,あ→ぬ -> ぬ→る -> る→る -> る→る -> る→る -> る→ぽ -> ぽ→ず -> ず→ず -> ず→つ -> つ→る -> る→と -> と→る -> る→と -> と→る -> る→ぷ -> ぷ→る -> る→り -> り→る -> る→つ -> つ→る -> る→げ -> げ→る -> る→び -> び→る -> る→い -> い→る -> る→い -> い→る -> る→い -> い→る -> る→む -> む→る -> る→い -> い→る -> る→す -> す→る -> る→す -> す→る -> る→ゆ -> ゆ→る -> る→す -> す→る -> る→す -> す→る -> る→す
aggressive_pvs vs beam_negamax,aggressive_pvs,beam_negamax,D20000_seed0_aggressive_pvs_vs_beam_negamax_0,20000,0,second,ended_with_n,46,second,beam_negamax,す,1355,19,63,17,16,,,す,る,る,0.665955,False,3968.255,1,2,True,0,24,24,24,0,0,28,0,0,"{""0"": 24}",24,あ→ぬ -> ぬ→る -> る→る -> る→る -> る→る -> る→ぽ -> ぽ→ず -> ず→ず -> ず→つ -> つ→る -> る→と -> と→る -> る→と -> と→る -> る→ぷ -> ぷ→る -> る→り -> り→る -> る→つ -> つ→る -> る→げ -> げ→る -> る→び -> び→る -> る→い -> い→る -> る→い -> い→る -> る→い -> い→る -> る→む -> む→る -> る→い -> い→る -> る→す -> す→る -> る→す -> す→る -> る→ゆ -> ゆ→る -> る→す -> す→る -> る→す -> す→る -> る→す -> す→る
aggressive_pvs vs beam_negamax,aggressive_pvs,beam_negamax,D20000_seed0_aggressive_pvs_vs_beam_negamax_0,20000,0,second,ended_with_n,47,first,aggressive_pvs,る,4343,63,59,1,0,,,る,ゆ,ゆ,1.000012,True,-3968.255,2,1,True,0,33,32,0,0,0,0,31,0,{},0,あ→ぬ -> ぬ→る -> る→る -> る→る -> る→る -> る→ぽ -> ぽ→ず -> ず→ず -> ず→つ -> つ→る -> る→と -> と→る -> る→と -> と→る -> る→ぷ -> ぷ→る -> る→り -> り→る -> る→つ -> つ→る -> る→げ -> げ→る -> る→び -> び→る -> る→い -> い→る -> る→い -> い→る -> る→い -> い→る -> る→む -> む→る -> る→い -> い→る -> る→す -> す→る -> る→す -> す→る -> る→ゆ -> ゆ→る -> る→す -> す→る -> る→す -> す→る -> る→す -> す→る -> る→ゆ
aggressive_pvs vs beam_negamax,aggressive_pvs,beam_negamax,D20000_seed0_aggressive_pvs_vs_beam_negamax_0,20000,0,second,ended_with_n,48,second,beam_negamax,ゆ,4075,59,63,2,1,,,ゆ,る,る,1.000022,True,-43.254999999999995,2,1,True,0,30,27,2,0,0,40,0,0,"{""0"": 24, ""1"": 12}",2,あ→ぬ -> ぬ→る -> る→る -> る→る -> る→る -> る→ぽ -> ぽ→ず -> ず→ず -> ず→つ -> つ→る -> る→と -> と→る -> る→と -> と→る -> る→ぷ -> ぷ→る -> る→り -> り→る -> る→つ -> つ→る -> る→げ -> げ→る -> る→び -> び→る -> る→い -> い→る -> る→い -> い→る -> る→い -> い→る -> る→む -> む→る -> る→い -> い→る -> る→す -> す→る -> る→す -> す→る -> る→ゆ -> ゆ→る -> る→す -> す→る -> る→す -> す→る -> る→す -> す→る -> る→ゆ -> ゆ→る
aggressive_pvs vs beam_negamax,aggressive_pvs,beam_negamax,D20000_seed0_aggressive_pvs_vs_beam_negamax_0,20000,0,second,ended_with_n,49,first,aggressive_pvs,る,4286,63,2,3,2,,,る,う,う,0.424778,False,43.254999999999995,1,1,True,0,10,10,10,0,0,0,8,1,{},10,あ→ぬ -> ぬ→る -> る→る -> る→る -> る→る -> る→ぽ -> ぽ→ず -> ず→ず -> ず→つ -> つ→る -> る→と -> と→る -> る→と -> と→る -> る→ぷ -> ぷ→る -> る→り -> り→る -> る→つ -> つ→る -> る→げ -> げ→る -> る→び -> び→る -> る→い -> い→る -> る→い -> い→る -> る→い -> い→る -> る→む -> む→る -> る→い -> い→る -> る→す -> す→る -> る→す -> す→る -> る→ゆ -> ゆ→る -> る→す -> す→る -> る→す -> す→る -> る→す -> す→る -> る→ゆ -> ゆ→る -> る→う
aggressive_pvs vs beam_negamax,aggressive_pvs,beam_negamax,D20000_seed0_aggressive_pvs_vs_beam_negamax_0,20000,0,second,ended_with_n,50,second,beam_negamax,う,199,2,63,3,2,,,う,る,る,0.666818,False,5645.74846,1,1,True,0,24,24,24,0,0,32,0,0,"{""0"": 24}",24,あ→ぬ -> ぬ→る -> る→る -> る→る -> る→る -> る→ぽ -> ぽ→ず -> ず→ず -> ず→つ -> つ→る -> る→と -> と→る -> る→と -> と→る -> る→ぷ -> ぷ→る -> る→り -> り→る -> る→つ -> つ→る -> る→げ -> げ→る -> る→び -> び→る -> る→い -> い→る -> る→い -> い→る -> る→い -> い→る -> る→む -> む→る -> る→い -> い→る -> る→す -> す→る -> る→す -> す→る -> る→ゆ -> ゆ→る -> る→す -> す→る -> る→す -> す→る -> る→す -> す→る -> る→ゆ -> ゆ→る -> る→う -> う→る
aggressive_pvs vs beam_negamax,aggressive_pvs,beam_negamax,D20000_seed0_aggressive_pvs_vs_beam_negamax_0,20000,0,second,ended_with_n,51,first,aggressive_pvs,る,4286,63,2,2,1,,,る,う,う,0.415131,False,21.814999999999998,1,1,True,0,10,10,10,0,0,0,8,1,{},10,あ→ぬ -> ぬ→る -> る→る -> る→る -> る→る -> る→ぽ -> ぽ→ず -> ず→ず -> ず→つ -> つ→る -> る→と -> と→る -> る→と -> と→る -> る→ぷ -> ぷ→る -> る→り -> り→る -> る→つ -> つ→る -> る→げ -> げ→る -> る→び -> び→る -> る→い -> い→る -> る→い -> い→る -> る→い -> い→る -> る→む -> む→る -> る→い -> い→る -> る→す -> す→る -> る→す -> す→る -> る→ゆ -> ゆ→る -> る→す -> す→る -> る→す -> す→る -> る→す -> す→る -> る→ゆ -> ゆ→る -> る→う -> う→る -> る→う
aggressive_pvs vs beam_negamax,aggressive_pvs,beam_negamax,D20000_seed0_aggressive_pvs_vs_beam_negamax_0,20000,0,second,ended_with_n,52,second,beam_negamax,う,199,2,63,2,1,,,う,る,る,0.65973,False,5647.1703,1,1,True,0,24,24,24,0,0,32,0,0,"{""0"": 24}",24,あ→ぬ -> ぬ→る -> る→る -> る→る -> る→る -> る→ぽ -> ぽ→ず -> ず→ず -> ず→つ -> つ→る -> る→と -> と→る -> る→と -> と→る -> る→ぷ -> ぷ→る -> る→り -> り→る -> る→つ -> つ→る -> る→げ -> げ→る -> る→び -> び→る -> る→い -> い→る -> る→い -> い→る -> る→い -> い→る -> る→む -> む→る -> る→い -> い→る -> る→す -> す→る -> る→す -> す→る -> る→ゆ -> ゆ→る -> る→す -> す→る -> る→す -> す→る -> る→す -> す→る -> る→ゆ -> ゆ→る -> る→う -> う→る -> る→う -> う→る
aggressive_pvs vs beam_negamax,aggressive_pvs,beam_negamax,D20000_seed0_aggressive_pvs_vs_beam_negamax_0,20000,0,second,ended_with_n,53,first,aggressive_pvs,る,4291,63,7,1,0,,,る,き,き,0.663082,False,-6.311874999999986,1,2,True,0,16,16,10,0,0,0,8,7,{},10,あ→ぬ -> ぬ→る -> る→る -> る→る -> る→る -> る→ぽ -> ぽ→ず -> ず→ず -> ず→つ -> つ→る -> る→と -> と→る -> る→と -> と→る -> る→ぷ -> ぷ→る -> る→り -> り→る -> る→つ -> つ→る -> る→げ -> げ→る -> る→び -> び→る -> る→い -> い→る -> る→い -> い→る -> る→い -> い→る -> る→む -> む→る -> る→い -> い→る -> る→す -> す→る -> る→す -> す→る -> る→ゆ -> ゆ→る -> る→す -> す→る -> る→す -> す→る -> る→す -> す→る -> る→ゆ -> ゆ→る -> る→う -> う→る -> る→う -> う→る -> る→き
aggressive_pvs vs beam_negamax,aggressive_pvs,beam_negamax,D20000_seed0_aggressive_pvs_vs_beam_negamax_0,20000,0,second,ended_with_n,54,second,beam_negamax,き,539,7,63,12,11,,,き,る,る,0.629181,False,5653.49928,1,2,True,0,24,24,24,0,0,35,0,0,"{""0"": 24}",24,あ→ぬ -> ぬ→る -> る→る -> る→る -> る→る -> る→ぽ -> ぽ→ず -> ず→ず -> ず→つ -> つ→る -> る→と -> と→る -> る→と -> と→る -> る→ぷ -> ぷ→る -> る→り -> り→る -> る→つ -> つ→る -> る→げ -> げ→る -> る→び -> び→る -> る→い -> い→る -> る→い -> い→る -> る→い -> い→る -> る→む -> む→る -> る→い -> い→る -> る→す -> す→る -> る→す -> す→る -> る→ゆ -> ゆ→る -> る→す -> す→る -> る→す -> す→る -> る→す -> す→る -> る→ゆ -> ゆ→る -> る→う -> う→る -> る→う -> う→る -> る→き -> き→る
aggressive_pvs vs beam_negamax,aggressive_pvs,beam_negamax,D20000_seed0_aggressive_pvs_vs_beam_negamax_0,20000,0,second,ended_with_n,55,first,aggressive_pvs,る,4317,63,33,1,0,,,る,な,な,1.000013,True,-5653.49928,2,1,True,0,35,34,0,0,0,0,33,0,{},0,あ→ぬ -> ぬ→る -> る→る -> る→る -> る→る -> る→ぽ -> ぽ→ず -> ず→ず -> ず→つ -> つ→る -> る→と -> と→る -> る→と -> と→る -> る→ぷ -> ぷ→る -> る→り -> り→る -> る→つ -> つ→る -> る→げ -> げ→る -> る→び -> び→る -> る→い -> い→る -> る→い -> い→る -> る→い -> い→る -> る→む -> む→る -> る→い -> い→る -> る→す -> す→る -> る→す -> す→る -> る→ゆ -> ゆ→る -> る→す -> す→る -> る→す -> す→る -> る→す -> す→る -> る→ゆ -> ゆ→る -> る→う -> う→る -> る→う -> う→る -> る→き -> き→る -> る→な
aggressive_pvs vs beam_negamax,aggressive_pvs,beam_negamax,D20000_seed0_aggressive_pvs_vs_beam_negamax_0,20000,0,second,ended_with_n,56,second,beam_negamax,な,2307,33,63,5,4,,,な,る,る,1.00001,True,79.59249999999997,2,1,True,0,28,25,2,0,0,35,0,0,"{""0"": 24, ""1"": 12}",2,あ→ぬ -> ぬ→る -> る→る -> る→る -> る→る -> る→ぽ -> ぽ→ず -> ず→ず -> ず→つ -> つ→る -> る→と -> と→る -> る→と -> と→る -> る→ぷ -> ぷ→る -> る→り -> り→る -> る→つ -> つ→る -> る→げ -> げ→る -> る→び -> び→る -> る→い -> い→る -> る→い -> い→る -> る→い -> い→る -> る→む -> む→る -> る→い -> い→る -> る→す -> す→る -> る→す -> す→る -> る→ゆ -> ゆ→る -> る→す -> す→る -> る→す -> す→る -> る→す -> す→る -> る→ゆ -> ゆ→る -> る→う -> う→る -> る→う -> う→る -> る→き -> き→る -> る→な -> な→る
aggressive_pvs vs beam_negamax,aggressive_pvs,beam_negamax,D20000_seed0_aggressive_pvs_vs_beam_negamax_0,20000,0,second,ended_with_n,57,first,aggressive_pvs,る,4302,63,18,1,0,,,る,じ,じ,0.543067,False,-79.59249999999997,1,1,True,0,13,13,8,0,0,0,6,6,{},8,あ→ぬ -> ぬ→る -> る→る -> る→る -> る→る -> る→ぽ -> ぽ→ず -> ず→ず -> ず→つ -> つ→る -> る→と -> と→る -> る→と -> と→る -> る→ぷ -> ぷ→る -> る→り -> り→る -> る→つ -> つ→る -> る→げ -> げ→る -> る→び -> び→る -> る→い -> い→る -> る→い -> い→る -> る→い -> い→る -> る→む -> む→る -> る→い -> い→る -> る→す -> す→る -> る→す -> す→る -> る→ゆ -> ゆ→る -> る→す -> す→る -> る→す -> す→る -> る→す -> す→る -> る→ゆ -> ゆ→る -> る→う -> う→る -> る→う -> う→る -> る→き -> き→る -> る→な -> な→る -> る→じ
aggressive_pvs vs beam_negamax,aggressive_pvs,beam_negamax,D20000_seed0_aggressive_pvs_vs_beam_negamax_0,20000,0,second,ended_with_n,58,second,beam_negamax,じ,1287,18,63,7,6,,,じ,る,る,0.655801,False,5854.186164122138,1,1,True,0,24,24,24,0,0,31,0,0,"{""0"": 24}",24,あ→ぬ -> ぬ→る -> る→る -> る→る -> る→る -> る→ぽ -> ぽ→ず -> ず→ず -> ず→つ -> つ→る -> る→と -> と→る -> る→と -> と→る -> る→ぷ -> ぷ→る -> る→り -> り→る -> る→つ -> つ→る -> る→げ -> げ→る -> る→び -> び→る -> る→い -> い→る -> る→い -> い→る -> る→い -> い→る -> る→む -> む→る -> る→い -> い→る -> る→す -> す→る -> る→す -> す→る -> る→ゆ -> ゆ→る -> る→す -> す→る -> る→す -> す→る -> る→す -> す→る -> る→ゆ -> ゆ→る -> る→う -> う→る -> る→う -> う→る -> る→き -> き→る -> る→な -> な→る -> る→じ -> じ→る
aggressive_pvs vs beam_negamax,aggressive_pvs,beam_negamax,D20000_seed0_aggressive_pvs_vs_beam_negamax_0,20000,0,second,ended_with_n,59,first,aggressive_pvs,る,4284,63,0,1,0,,,る,あ,あ,0.451799,False,-107.44599999999997,1,1,True,0,11,11,7,0,0,0,5,5,{},7,あ→ぬ -> ぬ→る -> る→る -> る→る -> る→る -> る→ぽ -> ぽ→ず -> ず→ず -> ず→つ -> つ→る -> る→と -> と→る -> る→と -> と→る -> る→ぷ -> ぷ→る -> る→り -> り→る -> る→つ -> つ→る -> る→げ -> げ→る -> る→び -> び→る -> る→い -> い→る -> る→い -> い→る -> る→い -> い→る -> る→む -> む→る -> る→い -> い→る -> る→す -> す→る -> る→す -> す→る -> る→ゆ -> ゆ→る -> る→す -> す→る -> る→す -> す→る -> る→す -> す→る -> る→ゆ -> ゆ→る -> る→う -> う→る -> る→う -> う→る -> る→き -> き→る -> る→な -> な→る -> る→じ -> じ→る -> る→あ
aggressive_pvs vs beam_negamax,aggressive_pvs,beam_negamax,D20000_seed0_aggressive_pvs_vs_beam_negamax_0,20000,0,second,ended_with_n,60,second,beam_negamax,あ,63,0,63,14,13,,,あ,る,る,0.607864,False,5682.414351145038,1,1,True,0,24,24,24,0,0,36,0,0,"{""0"": 24}",24,あ→ぬ -> ぬ→る -> る→る -> る→る -> る→る -> る→ぽ -> ぽ→ず -> ず→ず -> ず→つ -> つ→る -> る→と -> と→る -> る→と -> と→る -> る→ぷ -> ぷ→る -> る→り -> り→る -> る→つ -> つ→る -> る→げ -> げ→る -> る→び -> び→る -> る→い -> い→る -> る→い -> い→る -> る→い -> い→る -> る→む -> む→る -> る→い -> い→る -> る→す -> す→る -> る→す -> す→る -> る→ゆ -> ゆ→る -> る→す -> す→る -> る→す -> す→る -> る→す -> す→る -> る→ゆ -> ゆ→る -> る→う -> う→る -> る→う -> う→る -> る→き -> き→る -> る→な -> な→る -> る→じ -> じ→る -> る→あ -> あ→る
aggressive_pvs vs beam_negamax,aggressive_pvs,beam_negamax,D20000_seed0_aggressive_pvs_vs_beam_negamax_0,20000,0,second,ended_with_n,61,first,aggressive_pvs,る,4285,63,1,1,0,,,る,い,い,0.368403,False,-134.58624999999995,1,2,True,0,9,9,6,0,0,0,4,4,{},6,あ→ぬ -> ぬ→る -> る→る -> る→る -> る→る -> る→ぽ -> ぽ→ず -> ず→ず -> ず→つ -> つ→る -> る→と -> と→る -> る→と -> と→る -> る→ぷ -> ぷ→る -> る→り -> り→る -> る→つ -> つ→る -> る→げ -> げ→る -> る→び -> び→る -> る→い -> い→る -> る→い -> い→る -> る→い -> い→る -> る→む -> む→る -> る→い -> い→る -> る→す -> す→る -> る→す -> す→る -> る→ゆ -> ゆ→る -> る→す -> す→る -> る→す -> す→る -> る→す -> す→る -> る→ゆ -> ゆ→る -> る→う -> う→る -> る→う -> う→る -> る→き -> き→る -> る→な -> な→る -> る→じ -> じ→る -> る→あ -> あ→る -> る→い
aggressive_pvs vs beam_negamax,aggressive_pvs,beam_negamax,D20000_seed0_aggressive_pvs_vs_beam_negamax_0,20000,0,second,ended_with_n,62,second,beam_negamax,い,131,1,63,3,2,,,い,る,る,0.589689,False,5696.868396946565,1,2,True,0,24,24,24,0,0,38,0,0,"{""0"": 24}",24,あ→ぬ -> ぬ→る -> る→る -> る→る -> る→る -> る→ぽ -> ぽ→ず -> ず→ず -> ず→つ -> つ→る -> る→と -> と→る -> る→と -> と→る -> る→ぷ -> ぷ→る -> る→り -> り→る -> る→つ -> つ→る -> る→げ -> げ→る -> る→び -> び→る -> る→い -> い→る -> る→い -> い→る -> る→い -> い→る -> る→む -> む→る -> る→い -> い→る -> る→す -> す→る -> る→す -> す→る -> る→ゆ -> ゆ→る -> る→す -> す→る -> る→す -> す→る -> る→す -> す→る -> る→ゆ -> ゆ→る -> る→う -> う→る -> る→う -> う→る -> る→き -> き→る -> る→な -> な→る -> る→じ -> じ→る -> る→あ -> あ→る -> る→い -> い→る
aggressive_pvs vs beam_negamax,aggressive_pvs,beam_negamax,D20000_seed0_aggressive_pvs_vs_beam_negamax_0,20000,0,second,ended_with_n,63,first,aggressive_pvs,る,4286,63,2,1,0,,,る,う,う,1.000018,True,-5696.868396946565,2,1,True,0,34,33,0,0,0,0,32,0,{},0,あ→ぬ -> ぬ→る -> る→る -> る→る -> る→る -> る→ぽ -> ぽ→ず -> ず→ず -> ず→つ -> つ→る -> る→と -> と→る -> る→と -> と→る -> る→ぷ -> ぷ→る -> る→り -> り→る -> る→つ -> つ→る -> る→げ -> げ→る -> る→び -> び→る -> る→い -> い→る -> る→い -> い→る -> る→い -> い→る -> る→む -> む→る -> る→い -> い→る -> る→す -> す→る -> る→す -> す→る -> る→ゆ -> ゆ→る -> る→す -> す→る -> る→す -> す→る -> る→す -> す→る -> る→ゆ -> ゆ→る -> る→う -> う→る -> る→う -> う→る -> る→き -> き→る -> る→な -> な→る -> る→じ -> じ→る -> る→あ -> あ→る -> る→い -> い→る -> る→う
aggressive_pvs vs beam_negamax,aggressive_pvs,beam_negamax,D20000_seed0_aggressive_pvs_vs_beam_negamax_0,20000,0,second,ended_with_n,64,second,beam_negamax,う,199,2,63,1,0,,,う,る,る,1.000009,True,211.53250000000003,2,1,True,0,31,27,3,0,0,38,0,0,"{""0"": 24, ""1"": 12}",3,あ→ぬ -> ぬ→る -> る→る -> る→る -> る→る -> る→ぽ -> ぽ→ず -> ず→ず -> ず→つ -> つ→る -> る→と -> と→る -> る→と -> と→る -> る→ぷ -> ぷ→る -> る→り -> り→る -> る→つ -> つ→る -> る→げ -> げ→る -> る→び -> び→る -> る→い -> い→る -> る→い -> い→る -> る→い -> い→る -> る→む -> む→る -> る→い -> い→る -> る→す -> す→る -> る→す -> す→る -> る→ゆ -> ゆ→る -> る→す -> す→る -> る→す -> す→る -> る→す -> す→る -> る→ゆ -> ゆ→る -> る→う -> う→る -> る→う -> う→る -> る→き -> き→る -> る→な -> な→る -> る→じ -> じ→る -> る→あ -> あ→る -> る→い -> い→る -> る→う -> う→る
aggressive_pvs vs beam_negamax,aggressive_pvs,beam_negamax,D20000_seed0_aggressive_pvs_vs_beam_negamax_0,20000,0,second,ended_with_n,65,first,aggressive_pvs,る,4328,63,44,1,0,,,る,ふ,ふ,0.195316,False,-211.53250000000003,1,1,True,0,5,5,4,0,0,0,2,2,{},4,あ→ぬ -> ぬ→る -> る→る -> る→る -> る→る -> る→ぽ -> ぽ→ず -> ず→ず -> ず→つ -> つ→る -> る→と -> と→る -> る→と -> と→る -> る→ぷ -> ぷ→る -> る→り -> り→る -> る→つ -> つ→る -> る→げ -> げ→る -> る→び -> び→る -> る→い -> い→る -> る→い -> い→る -> る→い -> い→る -> る→む -> む→る -> る→い -> い→る -> る→す -> す→る -> る→す -> す→る -> る→ゆ -> ゆ→る -> る→す -> す→る -> る→す -> す→る -> る→す -> す→る -> る→ゆ -> ゆ→る -> る→う -> う→る -> る→う -> う→る -> る→き -> き→る -> る→な -> な→る -> る→じ -> じ→る -> る→あ -> あ→る -> る→い -> い→る -> る→う -> う→る -> る→ふ
aggressive_pvs vs beam_negamax,aggressive_pvs,beam_negamax,D20000_seed0_aggressive_pvs_vs_beam_negamax_0,20000,0,second,ended_with_n,66,second,beam_negamax,ふ,3055,44,63,15,14,,,ふ,る,る,0.678021,False,6275.75033557047,1,1,True,0,24,24,24,0,0,30,0,0,"{""0"": 24}",24,あ→ぬ -> ぬ→る -> る→る -> る→る -> る→る -> る→ぽ -> ぽ→ず -> ず→ず -> ず→つ -> つ→る -> る→と -> と→る -> る→と -> と→る -> る→ぷ -> ぷ→る -> る→り -> り→る -> る→つ -> つ→る -> る→げ -> げ→る -> る→び -> び→る -> る→い -> い→る -> る→い -> い→る -> る→い -> い→る -> る→む -> む→る -> る→い -> い→る -> る→す -> す→る -> る→す -> す→る -> る→ゆ -> ゆ→る -> る→す -> す→る -> る→す -> す→る -> る→す -> す→る -> る→ゆ -> ゆ→る -> る→う -> う→る -> る→う -> う→る -> る→き -> き→る -> る→な -> な→る -> る→じ -> じ→る -> る→あ -> あ→る -> る→い -> い→る -> る→う -> う→る -> る→ふ -> ふ→る
aggressive_pvs vs beam_negamax,aggressive_pvs,beam_negamax,D20000_seed0_aggressive_pvs_vs_beam_negamax_0,20000,0,second,ended_with_n,67,first,aggressive_pvs,る,4303,63,19,1,0,,,る,す,す,0.11706,False,-239.52999999999997,1,1,True,0,3,3,3,0,0,0,1,1,{},3,あ→ぬ -> ぬ→る -> る→る -> る→る -> る→る -> る→ぽ -> ぽ→ず -> ず→ず -> ず→つ -> つ→る -> る→と -> と→る -> る→と -> と→る -> る→ぷ -> ぷ→る -> る→り -> り→る -> る→つ -> つ→る -> る→げ -> げ→る -> る→び -> び→る -> る→い -> い→る -> る→い -> い→る -> る→い -> い→る -> る→む -> む→る -> る→い -> い→る -> る→す -> す→る -> る→す -> す→る -> る→ゆ -> ゆ→る -> る→す -> す→る -> る→す -> す→る -> る→す -> す→る -> る→ゆ -> ゆ→る -> る→う -> う→る -> る→う -> う→る -> る→き -> き→る -> る→な -> な→る -> る→じ -> じ→る -> る→あ -> あ→る -> る→い -> い→る -> る→う -> う→る -> る→ふ -> ふ→る -> る→す
aggressive_pvs vs beam_negamax,aggressive_pvs,beam_negamax,D20000_seed0_aggressive_pvs_vs_beam_negamax_0,20000,0,second,ended_with_n,68,second,beam_negamax,す,1355,19,63,16,15,,,す,る,る,0.658122,False,6302.886241610739,1,1,True,0,24,24,24,0,0,28,0,0,"{""0"": 24}",24,あ→ぬ -> ぬ→る -> る→る -> る→る -> る→る -> る→ぽ -> ぽ→ず -> ず→ず -> ず→つ -> つ→る -> る→と -> と→る -> る→と -> と→る -> る→ぷ -> ぷ→る -> る→り -> り→る -> る→つ -> つ→る -> る→げ -> げ→る -> る→び -> び→る -> る→い -> い→る -> る→い -> い→る -> る→い -> い→る -> る→む -> む→る -> る→い -> い→る -> る→す -> す→る -> る→す -> す→る -> る→ゆ -> ゆ→る -> る→す -> す→る -> る→す -> す→る -> る→す -> す→る -> る→ゆ -> ゆ→る -> る→う -> う→る -> る→う -> う→る -> る→き -> き→る -> る→な -> な→る -> る→じ -> じ→る -> る→あ -> あ→る -> る→い -> い→る -> る→う -> う→る -> る→ふ -> ふ→る -> る→す -> す→る
aggressive_pvs vs beam_negamax,aggressive_pvs,beam_negamax,D20000_seed0_aggressive_pvs_vs_beam_negamax_0,20000,0,second,ended_with_n,69,first,aggressive_pvs,る,4293,63,9,1,0,,,る,く,く,0.040923,False,-999998.0,1,2,True,0,1,1,2,0,0,0,0,0,{},2,あ→ぬ -> ぬ→る -> る→る -> る→る -> る→る -> る→ぽ -> ぽ→ず -> ず→ず -> ず→つ -> つ→る -> る→と -> と→る -> る→と -> と→る -> る→ぷ -> ぷ→る -> る→り -> り→る -> る→つ -> つ→る -> る→げ -> げ→る -> る→び -> び→る -> る→い -> い→る -> る→い -> い→る -> る→い -> い→る -> る→む -> む→る -> る→い -> い→る -> る→す -> す→る -> る→す -> す→る -> る→ゆ -> ゆ→る -> る→す -> す→る -> る→す -> す→る -> る→す -> す→る -> る→ゆ -> ゆ→る -> る→う -> う→る -> る→う -> う→る -> る→き -> き→る -> る→な -> な→る -> る→じ -> じ→る -> る→あ -> あ→る -> る→い -> い→る -> る→う -> う→る -> る→ふ -> ふ→る -> る→す -> す→る -> る→く
aggressive_pvs vs beam_negamax,aggressive_pvs,beam_negamax,D20000_seed0_aggressive_pvs_vs_beam_negamax_0,20000,0,second,ended_with_n,70,second,beam_negamax,く,675,9,63,8,7,,,く,る,る,0.63274,False,999999.0,1,2,True,0,24,24,24,0,0,31,0,0,"{""0"": 24}",24,あ→ぬ -> ぬ→る -> る→る -> る→る -> る→る -> る→ぽ -> ぽ→ず -> ず→ず -> ず→つ -> つ→る -> る→と -> と→る -> る→と -> と→る -> る→ぷ -> ぷ→る -> る→り -> り→る -> る→つ -> つ→る -> る→げ -> げ→る -> る→び -> び→る -> る→い -> い→る -> る→い -> い→る -> る→い -> い→る -> る→む -> む→る -> る→い -> い→る -> る→す -> す→る -> る→す -> す→る -> る→ゆ -> ゆ→る -> る→す -> す→る -> る→す -> す→る -> る→す -> す→る -> る→ゆ -> ゆ→る -> る→う -> う→る -> る→う -> う→る -> る→き -> き→る -> る→な -> な→る -> る→じ -> じ→る -> る→あ -> あ→る -> る→い -> い→る -> る→う -> う→る -> る→ふ -> ふ→る -> る→す -> す→る -> る→く -> く→る
aggressive_pvs vs beam_negamax,aggressive_pvs,beam_negamax,D20000_seed0_aggressive_pvs_vs_beam_negamax_0,20000,0,second,ended_with_n,71,first,aggressive_pvs,る,4351,63,67,7,6,,,る,ん,,8e-06,False,-1000000.0,2,2,True,0,0,0,1,0,0,0,0,0,{},1,あ→ぬ -> ぬ→る -> る→る -> る→る -> る→る -> る→ぽ -> ぽ→ず -> ず→ず -> ず→つ -> つ→る -> る→と -> と→る -> る→と -> と→る -> る→ぷ -> ぷ→る -> る→り -> り→る -> る→つ -> つ→る -> る→げ -> げ→る -> る→び -> び→る -> る→い -> い→る -> る→い -> い→る -> る→い -> い→る -> る→む -> む→る -> る→い -> い→る -> る→す -> す→る -> る→す -> す→る -> る→ゆ -> ゆ→る -> る→す -> す→る -> る→す -> す→る -> る→す -> す→る -> る→ゆ -> ゆ→る -> る→う -> う→る -> る→う -> う→る -> る→き -> き→る -> る→な -> な→る -> る→じ -> じ→る -> る→あ -> あ→る -> る→い -> い→る -> る→う -> う→る -> る→ふ -> ふ→る -> る→す -> す→る -> る→く -> く→る -> る→ん
