matchup,first_agent,second_agent,match_id,dict_size,random_seed,winner,loss_reason,turn,player,agent,required_start_char,previous_word,word,start_char,end_char,next_required_start_char,elapsed_time_sec,timed_out,score,effective_depth,next_depth,adaptive_depth,pruned_count,evaluated_moves,chain_so_far
random vs greedy,random,greedy,D1000_seed0_random_vs_greedy_0,1000,0,second,no_legal_move,1,first,random,ANY,,ないない,な,い,い,4.9e-05,False,0.0,,,,,,ないない
random vs greedy,random,greedy,D1000_seed0_random_vs_greedy_0,1000,0,second,no_legal_move,2,second,greedy,い,ないない,いくら,い,ら,ら,4.5e-05,False,-23.0,,,,,29,ないない -> いくら
random vs greedy,random,greedy,D1000_seed0_random_vs_greedy_0,1000,0,second,no_legal_move,3,first,random,ら,いくら,らんぐ,ら,ぐ,ぐ,2e-06,False,0.0,,,,,,ないない -> いくら -> らんぐ
random vs greedy,random,greedy,D1000_seed0_random_vs_greedy_0,1000,0,second,no_legal_move,4,second,greedy,ぐ,らんぐ,ぐるうぷほおむ,ぐ,む,む,5e-06,False,-150.5,,,,,4,ないない -> いくら -> らんぐ -> ぐるうぷほおむ
random vs greedy,random,greedy,D1000_seed0_random_vs_greedy_0,1000,0,second,no_legal_move,5,first,random,む,ぐるうぷほおむ,むね,む,ね,ね,1e-06,False,0.0,,,,,,ないない -> いくら -> らんぐ -> ぐるうぷほおむ -> むね
random vs greedy,random,greedy,D1000_seed0_random_vs_greedy_0,1000,0,second,no_legal_move,6,second,greedy,ね,むね,ねぼける,ね,る,る,2.1e-05,False,-92.0,,,,,10,ないない -> いくら -> らんぐ -> ぐるうぷほおむ -> むね -> ねぼける
random vs greedy,random,greedy,D1000_seed0_random_vs_greedy_0,1000,0,second,no_legal_move,7,first,random,る,ねぼける,るり,る,り,り,1e-06,False,0.0,,,,,,ないない -> いくら -> らんぐ -> ぐるうぷほおむ -> むね -> ねぼける -> るり
random vs greedy,random,greedy,D1000_seed0_random_vs_greedy_0,1000,0,second,no_legal_move,8,second,greedy,り,るり,りふれつしゆ,り,ゆ,ゆ,2.5e-05,False,-138.0,,,,,16,ないない -> いくら -> らんぐ -> ぐるうぷほおむ -> むね -> ねぼける -> るり -> りふれつしゆ
random vs greedy,random,greedy,D1000_seed0_random_vs_greedy_0,1000,0,second,no_legal_move,9,first,random,ゆ,りふれつしゆ,ゆうぜい,ゆ,い,い,1e-06,False,0.0,,,,,,ないない -> いくら -> らんぐ -> ぐるうぷほおむ -> むね -> ねぼける -> るり -> りふれつしゆ -> ゆうぜい
random vs greedy,random,greedy,D1000_seed0_random_vs_greedy_0,1000,0,second,no_legal_move,10,second,greedy,い,ゆうぜい,いらいら,い,ら,ら,3.8e-05,False,1000000.0,,,,,28,ないない -> いくら -> らんぐ -> ぐるうぷほおむ -> むね -> ねぼける -> るり -> りふれつしゆ -> ゆうぜい -> いらいら
random vs minimax,random,minimax,D1000_seed0_random_vs_minimax_0,1000,0,second,no_legal_move,1,first,random,ANY,,ないない,な,い,い,4.9e-05,False,0.0,,,,,,ないない
random vs minimax,random,minimax,D1000_seed0_random_vs_minimax_0,1000,0,second,no_legal_move,2,second,minimax,い,ないない,いくたび,い,び,び,0.092772,False,114.0,3,3,True,,20,ないない -> いくたび
random vs minimax,random,minimax,D1000_seed0_random_vs_minimax_0,1000,0,second,no_legal_move,3,first,random,び,いくたび,びくびく,び,く,く,3e-06,False,0.0,,,,,,ないない -> いくたび -> びくびく
random vs minimax,random,minimax,D1000_seed0_random_vs_minimax_0,1000,0,second,no_legal_move,4,second,minimax,く,びくびく,くちび,く,び,び,0.087046,False,114.0,3,3,True,,19,ないない -> いくたび -> びくびく -> くちび
random vs minimax,random,minimax,D1000_seed0_random_vs_minimax_0,1000,0,second,no_legal_move,5,first,random,び,くちび,びくとりあ,び,あ,あ,4e-06,False,0.0,,,,,,ないない -> いくたび -> びくびく -> くちび -> びくとりあ
random vs minimax,random,minimax,D1000_seed0_random_vs_minimax_0,1000,0,second,no_legal_move,6,second,minimax,あ,びくとりあ,あいず,あ,ず,ず,0.108506,False,73.5,3,3,True,,20,ないない -> いくたび -> びくびく -> くちび -> びくとりあ -> あいず
random vs minimax,random,minimax,D1000_seed0_random_vs_minimax_0,1000,0,second,no_legal_move,7,first,random,ず,あいず,ずいじ,ず,じ,じ,3e-06,False,0.0,,,,,,ないない -> いくたび -> びくびく -> くちび -> びくとりあ -> あいず -> ずいじ
random vs minimax,random,minimax,D1000_seed0_random_vs_minimax_0,1000,0,second,no_legal_move,8,second,minimax,じ,ずいじ,じゆつご,じ,ご,ご,0.122655,False,46.0,3,3,True,,20,ないない -> いくたび -> びくびく -> くちび -> びくとりあ -> あいず -> ずいじ -> じゆつご
random vs minimax,random,minimax,D1000_seed0_random_vs_minimax_0,1000,0,second,no_legal_move,9,first,random,ご,じゆつご,ごぶさた,ご,た,た,2e-06,False,0.0,,,,,,ないない -> いくたび -> びくびく -> くちび -> びくとりあ -> あいず -> ずいじ -> じゆつご -> ごぶさた
random vs minimax,random,minimax,D1000_seed0_random_vs_minimax_0,1000,0,second,no_legal_move,10,second,minimax,た,ごぶさた,たんだい,た,い,い,0.086659,False,46.0,3,3,True,,19,ないない -> いくたび -> びくびく -> くちび -> びくとりあ -> あいず -> ずいじ -> じゆつご -> ごぶさた -> たんだい
random vs minimax,random,minimax,D1000_seed0_random_vs_minimax_0,1000,0,second,no_legal_move,11,first,random,い,たんだい,いしがけ,い,け,け,5e-06,False,0.0,,,,,,ないない -> いくたび -> びくびく -> くちび -> びくとりあ -> あいず -> ずいじ -> じゆつご -> ごぶさた -> たんだい -> いしがけ
random vs minimax,random,minimax,D1000_seed0_random_vs_minimax_0,1000,0,second,no_legal_move,12,second,minimax,け,いしがけ,けいけんしや,け,や,や,0.083574,False,46.0,3,3,True,,19,ないない -> いくたび -> びくびく -> くちび -> びくとりあ -> あいず -> ずいじ -> じゆつご -> ごぶさた -> たんだい -> いしがけ -> けいけんしや
random vs minimax,random,minimax,D1000_seed0_random_vs_minimax_0,1000,0,second,no_legal_move,13,first,random,や,けいけんしや,やごう,や,う,う,2e-06,False,0.0,,,,,,ないない -> いくたび -> びくびく -> くちび -> びくとりあ -> あいず -> ずいじ -> じゆつご -> ごぶさた -> たんだい -> いしがけ -> けいけんしや -> やごう
random vs minimax,random,minimax,D1000_seed0_random_vs_minimax_0,1000,0,second,no_legal_move,14,second,minimax,う,やごう,うちこむ,う,む,む,0.109339,False,114.0,3,3,True,,20,ないない -> いくたび -> びくびく -> くちび -> びくとりあ -> あいず -> ずいじ -> じゆつご -> ごぶさた -> たんだい -> いしがけ -> けいけんしや -> やごう -> うちこむ
random vs minimax,random,minimax,D1000_seed0_random_vs_minimax_0,1000,0,second,no_legal_move,15,first,random,む,うちこむ,むさく,む,く,く,2e-06,False,0.0,,,,,,ないない -> いくたび -> びくびく -> くちび -> びくとりあ -> あいず -> ずいじ -> じゆつご -> ごぶさた -> たんだい -> いしがけ -> けいけんしや -> やごう -> うちこむ -> むさく
random vs minimax,random,minimax,D1000_seed0_random_vs_minimax_0,1000,0,second,no_legal_move,16,second,minimax,く,むさく,くむ,く,む,む,0.087102,False,114.0,3,3,True,,18,ないない -> いくたび -> びくびく -> くちび -> びくとりあ -> あいず -> ずいじ -> じゆつご -> ごぶさた -> たんだい -> いしがけ -> けいけんしや -> やごう -> うちこむ -> むさく -> くむ
random vs minimax,random,minimax,D1000_seed0_random_vs_minimax_0,1000,0,second,no_legal_move,17,first,random,む,くむ,むぼう,む,う,う,2e-06,False,0.0,,,,,,ないない -> いくたび -> びくびく -> くちび -> びくとりあ -> あいず -> ずいじ -> じゆつご -> ごぶさた -> たんだい -> いしがけ -> けいけんしや -> やごう -> うちこむ -> むさく -> くむ -> むぼう
random vs minimax,random,minimax,D1000_seed0_random_vs_minimax_0,1000,0,second,no_legal_move,18,second,minimax,う,むぼう,うたげ,う,げ,げ,0.111686,False,73.5,3,3,True,,20,ないない -> いくたび -> びくびく -> くちび -> びくとりあ -> あいず -> ずいじ -> じゆつご -> ごぶさた -> たんだい -> いしがけ -> けいけんしや -> やごう -> うちこむ -> むさく -> くむ -> むぼう -> うたげ
random vs minimax,random,minimax,D1000_seed0_random_vs_minimax_0,1000,0,second,no_legal_move,19,first,random,げ,うたげ,げかい,げ,い,い,2e-06,False,0.0,,,,,,ないない -> いくたび -> びくびく -> くちび -> びくとりあ -> あいず -> ずいじ -> じゆつご -> ごぶさた -> たんだい -> いしがけ -> けいけんしや -> やごう -> うちこむ -> むさく -> くむ -> むぼう -> うたげ -> げかい
random vs minimax,random,minimax,D1000_seed0_random_vs_minimax_0,1000,0,second,no_legal_move,20,second,minimax,い,げかい,いくら,い,ら,ら,0.105201,False,62.0,3,3,True,,20,ないない -> いくたび -> びくびく -> くちび -> びくとりあ -> あいず -> ずいじ -> じゆつご -> ごぶさた -> たんだい -> いしがけ -> けいけんしや -> やごう -> うちこむ -> むさく -> くむ -> むぼう -> うたげ -> げかい -> いくら
random vs minimax,random,minimax,D1000_seed0_random_vs_minimax_0,1000,0,second,no_legal_move,21,first,random,ら,いくら,らんぐ,ら,ぐ,ぐ,2e-06,False,0.0,,,,,,ないない -> いくたび -> びくびく -> くちび -> びくとりあ -> あいず -> ずいじ -> じゆつご -> ごぶさた -> たんだい -> いしがけ -> けいけんしや -> やごう -> うちこむ -> むさく -> くむ -> むぼう -> うたげ -> げかい -> いくら -> らんぐ
random vs minimax,random,minimax,D1000_seed0_random_vs_minimax_0,1000,0,second,no_legal_move,22,second,minimax,ぐ,らんぐ,ぐるうぷほおむ,ぐ,む,む,0.009683,False,114.0,3,3,True,,4,ないない -> いくたび -> びくびく -> くちび -> びくとりあ -> あいず -> ずいじ -> じゆつご -> ごぶさた -> たんだい -> いしがけ -> けいけんしや -> やごう -> うちこむ -> むさく -> くむ -> むぼう -> うたげ -> げかい -> いくら -> らんぐ -> ぐるうぷほおむ
random vs minimax,random,minimax,D1000_seed0_random_vs_minimax_0,1000,0,second,no_legal_move,23,first,random,む,ぐるうぷほおむ,むくわれる,む,る,る,1e-06,False,0.0,,,,,,ないない -> いくたび -> びくびく -> くちび -> びくとりあ -> あいず -> ずいじ -> じゆつご -> ごぶさた -> たんだい -> いしがけ -> けいけんしや -> やごう -> うちこむ -> むさく -> くむ -> むぼう -> うたげ -> げかい -> いくら -> らんぐ -> ぐるうぷほおむ -> むくわれる
random vs minimax,random,minimax,D1000_seed0_random_vs_minimax_0,1000,0,second,no_legal_move,24,second,minimax,る,むくわれる,るり,る,り,り,0.008982,False,22.0,3,3,True,,4,ないない -> いくたび -> びくびく -> くちび -> びくとりあ -> あいず -> ずいじ -> じゆつご -> ごぶさた -> たんだい -> いしがけ -> けいけんしや -> やごう -> うちこむ -> むさく -> くむ -> むぼう -> うたげ -> げかい -> いくら -> らんぐ -> ぐるうぷほおむ -> むくわれる -> るり
random vs minimax,random,minimax,D1000_seed0_random_vs_minimax_0,1000,0,second,no_legal_move,25,first,random,り,るり,りきゆう,り,う,う,2e-06,False,0.0,,,,,,ないない -> いくたび -> びくびく -> くちび -> びくとりあ -> あいず -> ずいじ -> じゆつご -> ごぶさた -> たんだい -> いしがけ -> けいけんしや -> やごう -> うちこむ -> むさく -> くむ -> むぼう -> うたげ -> げかい -> いくら -> らんぐ -> ぐるうぷほおむ -> むくわれる -> るり -> りきゆう
random vs minimax,random,minimax,D1000_seed0_random_vs_minimax_0,1000,0,second,no_legal_move,26,second,minimax,う,りきゆう,うく,う,く,く,0.071316,False,28.0,3,3,True,,20,ないない -> いくたび -> びくびく -> くちび -> びくとりあ -> あいず -> ずいじ -> じゆつご -> ごぶさた -> たんだい -> いしがけ -> けいけんしや -> やごう -> うちこむ -> むさく -> くむ -> むぼう -> うたげ -> げかい -> いくら -> らんぐ -> ぐるうぷほおむ -> むくわれる -> るり -> りきゆう -> うく
random vs minimax,random,minimax,D1000_seed0_random_vs_minimax_0,1000,0,second,no_legal_move,27,first,random,く,うく,くうふく,く,く,く,3e-06,False,0.0,,,,,,ないない -> いくたび -> びくびく -> くちび -> びくとりあ -> あいず -> ずいじ -> じゆつご -> ごぶさた -> たんだい -> いしがけ -> けいけんしや -> やごう -> うちこむ -> むさく -> くむ -> むぼう -> うたげ -> げかい -> いくら -> らんぐ -> ぐるうぷほおむ -> むくわれる -> るり -> りきゆう -> うく -> くうふく
random vs minimax,random,minimax,D1000_seed0_random_vs_minimax_0,1000,0,second,no_legal_move,28,second,minimax,く,くうふく,くよう,く,う,う,0.063564,False,23.0,3,3,True,,16,ないない -> いくたび -> びくびく -> くちび -> びくとりあ -> あいず -> ずいじ -> じゆつご -> ごぶさた -> たんだい -> いしがけ -> けいけんしや -> やごう -> うちこむ -> むさく -> くむ -> むぼう -> うたげ -> げかい -> いくら -> らんぐ -> ぐるうぷほおむ -> むくわれる -> るり -> りきゆう -> うく -> くうふく -> くよう
random vs minimax,random,minimax,D1000_seed0_random_vs_minimax_0,1000,0,second,no_legal_move,29,first,random,う,くよう,うつる,う,る,る,5e-06,False,0.0,,,,,,ないない -> いくたび -> びくびく -> くちび -> びくとりあ -> あいず -> ずいじ -> じゆつご -> ごぶさた -> たんだい -> いしがけ -> けいけんしや -> やごう -> うちこむ -> むさく -> くむ -> むぼう -> うたげ -> げかい -> いくら -> らんぐ -> ぐるうぷほおむ -> むくわれる -> るり -> りきゆう -> うく -> くうふく -> くよう -> うつる
random vs minimax,random,minimax,D1000_seed0_random_vs_minimax_0,1000,0,second,no_legal_move,30,second,minimax,る,うつる,るみのおる,る,る,る,0.001702,False,159.5,3,3,True,,3,ないない -> いくたび -> びくびく -> くちび -> びくとりあ -> あいず -> ずいじ -> じゆつご -> ごぶさた -> たんだい -> いしがけ -> けいけんしや -> やごう -> うちこむ -> むさく -> くむ -> むぼう -> うたげ -> げかい -> いくら -> らんぐ -> ぐるうぷほおむ -> むくわれる -> るり -> りきゆう -> うく -> くうふく -> くよう -> うつる -> るみのおる
random vs minimax,random,minimax,D1000_seed0_random_vs_minimax_0,1000,0,second,no_legal_move,31,first,random,る,るみのおる,るぽるたあじゆ,る,ゆ,ゆ,1e-06,False,0.0,,,,,,ないない -> いくたび -> びくびく -> くちび -> びくとりあ -> あいず -> ずいじ -> じゆつご -> ごぶさた -> たんだい -> いしがけ -> けいけんしや -> やごう -> うちこむ -> むさく -> くむ -> むぼう -> うたげ -> げかい -> いくら -> らんぐ -> ぐるうぷほおむ -> むくわれる -> るり -> りきゆう -> うく -> くうふく -> くよう -> うつる -> るみのおる -> るぽるたあじゆ
random vs minimax,random,minimax,D1000_seed0_random_vs_minimax_0,1000,0,second,no_legal_move,32,second,minimax,ゆ,るぽるたあじゆ,ゆらぐ,ゆ,ぐ,ぐ,0.004535,False,537.5,3,3,True,,6,ないない -> いくたび -> びくびく -> くちび -> びくとりあ -> あいず -> ずいじ -> じゆつご -> ごぶさた -> たんだい -> いしがけ -> けいけんしや -> やごう -> うちこむ -> むさく -> くむ -> むぼう -> うたげ -> げかい -> いくら -> らんぐ -> ぐるうぷほおむ -> むくわれる -> るり -> りきゆう -> うく -> くうふく -> くよう -> うつる -> るみのおる -> るぽるたあじゆ -> ゆらぐ
random vs minimax,random,minimax,D1000_seed0_random_vs_minimax_0,1000,0,second,no_legal_move,33,first,random,ぐ,ゆらぐ,ぐんぶ,ぐ,ぶ,ぶ,1e-06,False,0.0,,,,,,ないない -> いくたび -> びくびく -> くちび -> びくとりあ -> あいず -> ずいじ -> じゆつご -> ごぶさた -> たんだい -> いしがけ -> けいけんしや -> やごう -> うちこむ -> むさく -> くむ -> むぼう -> うたげ -> げかい -> いくら -> らんぐ -> ぐるうぷほおむ -> むくわれる -> るり -> りきゆう -> うく -> くうふく -> くよう -> うつる -> るみのおる -> るぽるたあじゆ -> ゆらぐ -> ぐんぶ
random vs minimax,random,minimax,D1000_seed0_random_vs_minimax_0,1000,0,second,no_legal_move,34,second,minimax,ぶ,ぐんぶ,ぶんぴ,ぶ,ぴ,ぴ,0.001408,False,537.5,3,3,True,,8,ないない -> いくたび -> びくびく -> くちび -> びくとりあ -> あいず -> ずいじ -> じゆつご -> ごぶさた -> たんだい -> いしがけ -> けいけんしや -> やごう -> うちこむ -> むさく -> くむ -> むぼう -> うたげ -> げかい -> いくら -> らんぐ -> ぐるうぷほおむ -> むくわれる -> るり -> りきゆう -> うく -> くうふく -> くよう -> うつる -> るみのおる -> るぽるたあじゆ -> ゆらぐ -> ぐんぶ -> ぶんぴ
random vs minimax,random,minimax,D1000_seed0_random_vs_minimax_0,1000,0,second,no_legal_move,35,first,random,ぴ,ぶんぴ,ぴんちひつたあ,ぴ,あ,あ,1e-06,False,0.0,,,,,,ないない -> いくたび -> びくびく -> くちび -> びくとりあ -> あいず -> ずいじ -> じゆつご -> ごぶさた -> たんだい -> いしがけ -> けいけんしや -> やごう -> うちこむ -> むさく -> くむ -> むぼう -> うたげ -> げかい -> いくら -> らんぐ -> ぐるうぷほおむ -> むくわれる -> るり -> りきゆう -> うく -> くうふく -> くよう -> うつる -> るみのおる -> るぽるたあじゆ -> ゆらぐ -> ぐんぶ -> ぶんぴ -> ぴんちひつたあ
random vs minimax,random,minimax,D1000_seed0_random_vs_minimax_0,1000,0,second,no_legal_move,36,second,minimax,あ,ぴんちひつたあ,あつためる,あ,る,る,0.019529,False,1000000.0,3,3,True,,20,ないない -> いくたび -> びくびく -> くちび -> びくとりあ -> あいず -> ずいじ -> じゆつご -> ごぶさた -> たんだい -> いしがけ -> けいけんしや -> やごう -> うちこむ -> むさく -> くむ -> むぼう -> うたげ -> げかい -> いくら -> らんぐ -> ぐるうぷほおむ -> むくわれる -> るり -> りきゆう -> うく -> くうふく -> くよう -> うつる -> るみのおる -> るぽるたあじゆ -> ゆらぐ -> ぐんぶ -> ぶんぴ -> ぴんちひつたあ -> あつためる
random vs minimax,random,minimax,D1000_seed0_random_vs_minimax_0,1000,0,second,no_legal_move,37,first,random,る,あつためる,るうきい,る,い,い,1e-06,False,0.0,,,,,,ないない -> いくたび -> びくびく -> くちび -> びくとりあ -> あいず -> ずいじ -> じゆつご -> ごぶさた -> たんだい -> いしがけ -> けいけんしや -> やごう -> うちこむ -> むさく -> くむ -> むぼう -> うたげ -> げかい -> いくら -> らんぐ -> ぐるうぷほおむ -> むくわれる -> るり -> りきゆう -> うく -> くうふく -> くよう -> うつる -> るみのおる -> るぽるたあじゆ -> ゆらぐ -> ぐんぶ -> ぶんぴ -> ぴんちひつたあ -> あつためる -> るうきい
random vs minimax,random,minimax,D1000_seed0_random_vs_minimax_0,1000,0,second,no_legal_move,38,second,minimax,い,るうきい,いらいら,い,ら,ら,0.002351,False,1000000.0,3,3,True,,20,ないない -> いくたび -> びくびく -> くちび -> びくとりあ -> あいず -> ずいじ -> じゆつご -> ごぶさた -> たんだい -> いしがけ -> けいけんしや -> やごう -> うちこむ -> むさく -> くむ -> むぼう -> うたげ -> げかい -> いくら -> らんぐ -> ぐるうぷほおむ -> むくわれる -> るり -> りきゆう -> うく -> くうふく -> くよう -> うつる -> るみのおる -> るぽるたあじゆ -> ゆらぐ -> ぐんぶ -> ぶんぴ -> ぴんちひつたあ -> あつためる -> るうきい -> いらいら
random vs monte_carlo,random,monte_carlo,D1000_seed0_random_vs_monte_carlo_0,1000,0,second,no_legal_move,1,first,random,ANY,,ないない,な,い,い,5.1e-05,False,0.0,,,,,,ないない
random vs monte_carlo,random,monte_carlo,D1000_seed0_random_vs_monte_carlo_0,1000,0,second,no_legal_move,2,second,monte_carlo,い,ないない,いくら,い,ら,ら,0.013646,False,0.7,,,,,,ないない -> いくら
random vs monte_carlo,random,monte_carlo,D1000_seed0_random_vs_monte_carlo_0,1000,0,second,no_legal_move,3,first,random,ら,いくら,らんぐ,ら,ぐ,ぐ,1e-06,False,0.0,,,,,,ないない -> いくら -> らんぐ
random vs monte_carlo,random,monte_carlo,D1000_seed0_random_vs_monte_carlo_0,1000,0,second,no_legal_move,4,second,monte_carlo,ぐ,らんぐ,ぐるうぷほおむ,ぐ,む,む,0.001667,False,0.7,,,,,,ないない -> いくら -> らんぐ -> ぐるうぷほおむ
random vs monte_carlo,random,monte_carlo,D1000_seed0_random_vs_monte_carlo_0,1000,0,second,no_legal_move,5,first,random,む,ぐるうぷほおむ,むね,む,ね,ね,1e-06,False,0.0,,,,,,ないない -> いくら -> らんぐ -> ぐるうぷほおむ -> むね
random vs monte_carlo,random,monte_carlo,D1000_seed0_random_vs_monte_carlo_0,1000,0,second,no_legal_move,6,second,monte_carlo,ね,むね,ねばねば,ね,ば,ば,0.005303,False,0.6,,,,,,ないない -> いくら -> らんぐ -> ぐるうぷほおむ -> むね -> ねばねば
random vs monte_carlo,random,monte_carlo,D1000_seed0_random_vs_monte_carlo_0,1000,0,second,no_legal_move,7,first,random,ば,ねばねば,ばらあど,ば,ど,ど,1e-06,False,0.0,,,,,,ないない -> いくら -> らんぐ -> ぐるうぷほおむ -> むね -> ねばねば -> ばらあど
random vs monte_carlo,random,monte_carlo,D1000_seed0_random_vs_monte_carlo_0,1000,0,second,no_legal_move,8,second,monte_carlo,ど,ばらあど,どうじつ,ど,つ,つ,0.008911,False,0.8,,,,,,ないない -> いくら -> らんぐ -> ぐるうぷほおむ -> むね -> ねばねば -> ばらあど -> どうじつ
random vs monte_carlo,random,monte_carlo,D1000_seed0_random_vs_monte_carlo_0,1000,0,second,no_legal_move,9,first,random,つ,どうじつ,つもる,つ,る,る,1e-06,False,0.0,,,,,,ないない -> いくら -> らんぐ -> ぐるうぷほおむ -> むね -> ねばねば -> ばらあど -> どうじつ -> つもる
random vs monte_carlo,random,monte_carlo,D1000_seed0_random_vs_monte_carlo_0,1000,0,second,no_legal_move,10,second,monte_carlo,る,つもる,るり,る,り,り,0.001637,False,0.6,,,,,,ないない -> いくら -> らんぐ -> ぐるうぷほおむ -> むね -> ねばねば -> ばらあど -> どうじつ -> つもる -> るり
random vs monte_carlo,random,monte_carlo,D1000_seed0_random_vs_monte_carlo_0,1000,0,second,no_legal_move,11,first,random,り,るり,りくるうと,り,と,と,1e-06,False,0.0,,,,,,ないない -> いくら -> らんぐ -> ぐるうぷほおむ -> むね -> ねばねば -> ばらあど -> どうじつ -> つもる -> るり -> りくるうと
random vs monte_carlo,random,monte_carlo,D1000_seed0_random_vs_monte_carlo_0,1000,0,second,no_legal_move,12,second,monte_carlo,と,りくるうと,とうりやく,と,く,く,0.007337,False,0.7,,,,,,ないない -> いくら -> らんぐ -> ぐるうぷほおむ -> むね -> ねばねば -> ばらあど -> どうじつ -> つもる -> るり -> りくるうと -> とうりやく
random vs monte_carlo,random,monte_carlo,D1000_seed0_random_vs_monte_carlo_0,1000,0,second,no_legal_move,13,first,random,く,とうりやく,くらべる,く,る,る,2e-06,False,0.0,,,,,,ないない -> いくら -> らんぐ -> ぐるうぷほおむ -> むね -> ねばねば -> ばらあど -> どうじつ -> つもる -> るり -> りくるうと -> とうりやく -> くらべる
random vs monte_carlo,random,monte_carlo,D1000_seed0_random_vs_monte_carlo_0,1000,0,second,no_legal_move,14,second,monte_carlo,る,くらべる,るうきい,る,い,い,0.001196,False,0.6,,,,,,ないない -> いくら -> らんぐ -> ぐるうぷほおむ -> むね -> ねばねば -> ばらあど -> どうじつ -> つもる -> るり -> りくるうと -> とうりやく -> くらべる -> るうきい
random vs monte_carlo,random,monte_carlo,D1000_seed0_random_vs_monte_carlo_0,1000,0,second,no_legal_move,15,first,random,い,るうきい,いしがけ,い,け,け,2e-06,False,0.0,,,,,,ないない -> いくら -> らんぐ -> ぐるうぷほおむ -> むね -> ねばねば -> ばらあど -> どうじつ -> つもる -> るり -> りくるうと -> とうりやく -> くらべる -> るうきい -> いしがけ
random vs monte_carlo,random,monte_carlo,D1000_seed0_random_vs_monte_carlo_0,1000,0,second,no_legal_move,16,second,monte_carlo,け,いしがけ,けいそつ,け,つ,つ,0.004242,False,0.6,,,,,,ないない -> いくら -> らんぐ -> ぐるうぷほおむ -> むね -> ねばねば -> ばらあど -> どうじつ -> つもる -> るり -> りくるうと -> とうりやく -> くらべる -> るうきい -> いしがけ -> けいそつ
random vs monte_carlo,random,monte_carlo,D1000_seed0_random_vs_monte_carlo_0,1000,0,second,no_legal_move,17,first,random,つ,けいそつ,つゆあけ,つ,け,け,2e-06,False,0.0,,,,,,ないない -> いくら -> らんぐ -> ぐるうぷほおむ -> むね -> ねばねば -> ばらあど -> どうじつ -> つもる -> るり -> りくるうと -> とうりやく -> くらべる -> るうきい -> いしがけ -> けいそつ -> つゆあけ
random vs monte_carlo,random,monte_carlo,D1000_seed0_random_vs_monte_carlo_0,1000,0,second,no_legal_move,18,second,monte_carlo,け,つゆあけ,けつ,け,つ,つ,0.004585,False,0.8,,,,,,ないない -> いくら -> らんぐ -> ぐるうぷほおむ -> むね -> ねばねば -> ばらあど -> どうじつ -> つもる -> るり -> りくるうと -> とうりやく -> くらべる -> るうきい -> いしがけ -> けいそつ -> つゆあけ -> けつ
random vs monte_carlo,random,monte_carlo,D1000_seed0_random_vs_monte_carlo_0,1000,0,second,no_legal_move,19,first,random,つ,けつ,ついとつ,つ,つ,つ,1e-06,False,0.0,,,,,,ないない -> いくら -> らんぐ -> ぐるうぷほおむ -> むね -> ねばねば -> ばらあど -> どうじつ -> つもる -> るり -> りくるうと -> とうりやく -> くらべる -> るうきい -> いしがけ -> けいそつ -> つゆあけ -> けつ -> ついとつ
random vs monte_carlo,random,monte_carlo,D1000_seed0_random_vs_monte_carlo_0,1000,0,second,no_legal_move,20,second,monte_carlo,つ,ついとつ,つど,つ,ど,ど,0.00259,False,0.8,,,,,,ないない -> いくら -> らんぐ -> ぐるうぷほおむ -> むね -> ねばねば -> ばらあど -> どうじつ -> つもる -> るり -> りくるうと -> とうりやく -> くらべる -> るうきい -> いしがけ -> けいそつ -> つゆあけ -> けつ -> ついとつ -> つど
random vs monte_carlo,random,monte_carlo,D1000_seed0_random_vs_monte_carlo_0,1000,0,second,no_legal_move,21,first,random,ど,つど,どじ,ど,じ,じ,1e-06,False,0.0,,,,,,ないない -> いくら -> らんぐ -> ぐるうぷほおむ -> むね -> ねばねば -> ばらあど -> どうじつ -> つもる -> るり -> りくるうと -> とうりやく -> くらべる -> るうきい -> いしがけ -> けいそつ -> つゆあけ -> けつ -> ついとつ -> つど -> どじ
random vs monte_carlo,random,monte_carlo,D1000_seed0_random_vs_monte_carlo_0,1000,0,second,no_legal_move,22,second,monte_carlo,じ,どじ,じゆういちがつ,じ,つ,つ,0.006147,False,0.8,,,,,,ないない -> いくら -> らんぐ -> ぐるうぷほおむ -> むね -> ねばねば -> ばらあど -> どうじつ -> つもる -> るり -> りくるうと -> とうりやく -> くらべる -> るうきい -> いしがけ -> けいそつ -> つゆあけ -> けつ -> ついとつ -> つど -> どじ -> じゆういちがつ
random vs monte_carlo,random,monte_carlo,D1000_seed0_random_vs_monte_carlo_0,1000,0,second,no_legal_move,23,first,random,つ,じゆういちがつ,つけもの,つ,の,の,1e-06,False,0.0,,,,,,ないない -> いくら -> らんぐ -> ぐるうぷほおむ -> むね -> ねばねば -> ばらあど -> どうじつ -> つもる -> るり -> りくるうと -> とうりやく -> くらべる -> るうきい -> いしがけ -> けいそつ -> つゆあけ -> けつ -> ついとつ -> つど -> どじ -> じゆういちがつ -> つけもの
random vs monte_carlo,random,monte_carlo,D1000_seed0_random_vs_monte_carlo_0,1000,0,second,no_legal_move,24,second,monte_carlo,の,つけもの,のぼせる,の,る,る,0.002819,False,0.7,,,,,,ないない -> いくら -> らんぐ -> ぐるうぷほおむ -> むね -> ねばねば -> ばらあど -> どうじつ -> つもる -> るり -> りくるうと -> とうりやく -> くらべる -> るうきい -> いしがけ -> けいそつ -> つゆあけ -> けつ -> ついとつ -> つど -> どじ -> じゆういちがつ -> つけもの -> のぼせる
random vs monte_carlo,random,monte_carlo,D1000_seed0_random_vs_monte_carlo_0,1000,0,second,no_legal_move,25,first,random,る,のぼせる,るみのおる,る,る,る,1e-06,False,0.0,,,,,,ないない -> いくら -> らんぐ -> ぐるうぷほおむ -> むね -> ねばねば -> ばらあど -> どうじつ -> つもる -> るり -> りくるうと -> とうりやく -> くらべる -> るうきい -> いしがけ -> けいそつ -> つゆあけ -> けつ -> ついとつ -> つど -> どじ -> じゆういちがつ -> つけもの -> のぼせる -> るみのおる
random vs monte_carlo,random,monte_carlo,D1000_seed0_random_vs_monte_carlo_0,1000,0,second,no_legal_move,26,second,monte_carlo,る,るみのおる,るぽるたあじゆ,る,ゆ,ゆ,0.000214,False,0.4,,,,,,ないない -> いくら -> らんぐ -> ぐるうぷほおむ -> むね -> ねばねば -> ばらあど -> どうじつ -> つもる -> るり -> りくるうと -> とうりやく -> くらべる -> るうきい -> いしがけ -> けいそつ -> つゆあけ -> けつ -> ついとつ -> つど -> どじ -> じゆういちがつ -> つけもの -> のぼせる -> るみのおる -> るぽるたあじゆ
random vs monte_carlo,random,monte_carlo,D1000_seed0_random_vs_monte_carlo_0,1000,0,second,no_legal_move,27,first,random,ゆ,るぽるたあじゆ,ゆうぜい,ゆ,い,い,1e-06,False,0.0,,,,,,ないない -> いくら -> らんぐ -> ぐるうぷほおむ -> むね -> ねばねば -> ばらあど -> どうじつ -> つもる -> るり -> りくるうと -> とうりやく -> くらべる -> るうきい -> いしがけ -> けいそつ -> つゆあけ -> けつ -> ついとつ -> つど -> どじ -> じゆういちがつ -> つけもの -> のぼせる -> るみのおる -> るぽるたあじゆ -> ゆうぜい
random vs monte_carlo,random,monte_carlo,D1000_seed0_random_vs_monte_carlo_0,1000,0,second,no_legal_move,28,second,monte_carlo,い,ゆうぜい,いらいら,い,ら,ら,0.003024,False,1.0,,,,,,ないない -> いくら -> らんぐ -> ぐるうぷほおむ -> むね -> ねばねば -> ばらあど -> どうじつ -> つもる -> るり -> りくるうと -> とうりやく -> くらべる -> るうきい -> いしがけ -> けいそつ -> つゆあけ -> けつ -> ついとつ -> つど -> どじ -> じゆういちがつ -> つけもの -> のぼせる -> るみのおる -> るぽるたあじゆ -> ゆうぜい -> いらいら
random vs alpha_beta,random,alpha_beta,D1000_seed0_random_vs_alpha_beta_0,1000,0,second,no_legal_move,1,first,random,ANY,,ないない,な,い,い,5.6e-05,False,0.0,,,,,,ないない
random vs alpha_beta,random,alpha_beta,D1000_seed0_random_vs_alpha_beta_0,1000,0,second,no_legal_move,2,second,alpha_beta,い,ないない,いくら,い,ら,ら,0.006951,False,-37.0,4,4,True,160,20,ないない -> いくら
random vs alpha_beta,random,alpha_beta,D1000_seed0_random_vs_alpha_beta_0,1000,0,second,no_legal_move,3,first,random,ら,いくら,らんぐ,ら,ぐ,ぐ,2e-06,False,0.0,,,,,,ないない -> いくら -> らんぐ
random vs alpha_beta,random,alpha_beta,D1000_seed0_random_vs_alpha_beta_0,1000,0,second,no_legal_move,4,second,alpha_beta,ぐ,らんぐ,ぐるうぷほおむ,ぐ,む,む,0.002465,False,-37.0,4,4,True,23,4,ないない -> いくら -> らんぐ -> ぐるうぷほおむ
random vs alpha_beta,random,alpha_beta,D1000_seed0_random_vs_alpha_beta_0,1000,0,second,no_legal_move,5,first,random,む,ぐるうぷほおむ,むね,む,ね,ね,2e-06,False,0.0,,,,,,ないない -> いくら -> らんぐ -> ぐるうぷほおむ -> むね
random vs alpha_beta,random,alpha_beta,D1000_seed0_random_vs_alpha_beta_0,1000,0,second,no_legal_move,6,second,alpha_beta,ね,むね,ねぼける,ね,る,る,0.003837,False,-22.0,4,4,True,67,10,ないない -> いくら -> らんぐ -> ぐるうぷほおむ -> むね -> ねぼける
random vs alpha_beta,random,alpha_beta,D1000_seed0_random_vs_alpha_beta_0,1000,0,second,no_legal_move,7,first,random,る,ねぼける,るり,る,り,り,1e-06,False,0.0,,,,,,ないない -> いくら -> らんぐ -> ぐるうぷほおむ -> むね -> ねぼける -> るり
random vs alpha_beta,random,alpha_beta,D1000_seed0_random_vs_alpha_beta_0,1000,0,second,no_legal_move,8,second,alpha_beta,り,るり,りいだあしつぷ,り,ぷ,ぷ,0.005763,False,-22.0,4,4,True,101,16,ないない -> いくら -> らんぐ -> ぐるうぷほおむ -> むね -> ねぼける -> るり -> りいだあしつぷ
random vs alpha_beta,random,alpha_beta,D1000_seed0_random_vs_alpha_beta_0,1000,0,second,no_legal_move,9,first,random,ぷ,りいだあしつぷ,ぷうる,ぷ,る,る,1e-06,False,0.0,,,,,,ないない -> いくら -> らんぐ -> ぐるうぷほおむ -> むね -> ねぼける -> るり -> りいだあしつぷ -> ぷうる
random vs alpha_beta,random,alpha_beta,D1000_seed0_random_vs_alpha_beta_0,1000,0,second,no_legal_move,10,second,alpha_beta,る,ぷうる,るみのおる,る,る,る,0.000404,False,31.0,4,4,True,10,3,ないない -> いくら -> らんぐ -> ぐるうぷほおむ -> むね -> ねぼける -> るり -> りいだあしつぷ -> ぷうる -> るみのおる
random vs alpha_beta,random,alpha_beta,D1000_seed0_random_vs_alpha_beta_0,1000,0,second,no_legal_move,11,first,random,る,るみのおる,るぽるたあじゆ,る,ゆ,ゆ,1e-06,False,0.0,,,,,,ないない -> いくら -> らんぐ -> ぐるうぷほおむ -> むね -> ねぼける -> るり -> りいだあしつぷ -> ぷうる -> るみのおる -> るぽるたあじゆ
random vs alpha_beta,random,alpha_beta,D1000_seed0_random_vs_alpha_beta_0,1000,0,second,no_legal_move,12,second,alpha_beta,ゆ,るぽるたあじゆ,ゆらぐ,ゆ,ぐ,ぐ,0.001073,False,221.0,4,4,True,22,6,ないない -> いくら -> らんぐ -> ぐるうぷほおむ -> むね -> ねぼける -> るり -> りいだあしつぷ -> ぷうる -> るみのおる -> るぽるたあじゆ -> ゆらぐ
random vs alpha_beta,random,alpha_beta,D1000_seed0_random_vs_alpha_beta_0,1000,0,second,no_legal_move,13,first,random,ぐ,ゆらぐ,ぐんぷく,ぐ,く,く,1e-06,False,0.0,,,,,,ないない -> いくら -> らんぐ -> ぐるうぷほおむ -> むね -> ねぼける -> るり -> りいだあしつぷ -> ぷうる -> るみのおる -> るぽるたあじゆ -> ゆらぐ -> ぐんぷく
random vs alpha_beta,random,alpha_beta,D1000_seed0_random_vs_alpha_beta_0,1000,0,second,no_legal_move,14,second,alpha_beta,く,ぐんぷく,くらべる,く,る,る,0.001283,False,1000000.0,4,4,True,45,19,ないない -> いくら -> らんぐ -> ぐるうぷほおむ -> むね -> ねぼける -> るり -> りいだあしつぷ -> ぷうる -> るみのおる -> るぽるたあじゆ -> ゆらぐ -> ぐんぷく -> くらべる
random vs alpha_beta,random,alpha_beta,D1000_seed0_random_vs_alpha_beta_0,1000,0,second,no_legal_move,15,first,random,る,くらべる,るうきい,る,い,い,1e-06,False,0.0,,,,,,ないない -> いくら -> らんぐ -> ぐるうぷほおむ -> むね -> ねぼける -> るり -> りいだあしつぷ -> ぷうる -> るみのおる -> るぽるたあじゆ -> ゆらぐ -> ぐんぷく -> くらべる -> るうきい
random vs alpha_beta,random,alpha_beta,D1000_seed0_random_vs_alpha_beta_0,1000,0,second,no_legal_move,16,second,alpha_beta,い,るうきい,いらいら,い,ら,ら,0.000834,False,1000000.0,4,4,True,29,20,ないない -> いくら -> らんぐ -> ぐるうぷほおむ -> むね -> ねぼける -> るり -> りいだあしつぷ -> ぷうる -> るみのおる -> るぽるたあじゆ -> ゆらぐ -> ぐんぷく -> くらべる -> るうきい -> いらいら
greedy vs random,greedy,random,D1000_seed0_greedy_vs_random_0,1000,0,first,no_legal_move,1,first,greedy,ANY,,ぜんでら,ぜ,ら,ら,0.001348,False,-23.0,,,,,1000,ぜんでら
greedy vs random,greedy,random,D1000_seed0_greedy_vs_random_0,1000,0,first,no_legal_move,2,second,random,ら,ぜんでら,らんぐ,ら,ぐ,ぐ,2e-06,False,0.0,,,,,,ぜんでら -> らんぐ
greedy vs random,greedy,random,D1000_seed0_greedy_vs_random_0,1000,0,first,no_legal_move,3,first,greedy,ぐ,らんぐ,ぐるうぷほおむ,ぐ,む,む,5e-06,False,-150.5,,,,,4,ぜんでら -> らんぐ -> ぐるうぷほおむ
greedy vs random,greedy,random,D1000_seed0_greedy_vs_random_0,1000,0,first,no_legal_move,4,second,random,む,ぐるうぷほおむ,むりよう,む,う,う,1e-06,False,0.0,,,,,,ぜんでら -> らんぐ -> ぐるうぷほおむ -> むりよう
greedy vs random,greedy,random,D1000_seed0_greedy_vs_random_0,1000,0,first,no_legal_move,5,first,greedy,う,むりよう,うけとめる,う,る,る,3.5e-05,False,-92.0,,,,,25,ぜんでら -> らんぐ -> ぐるうぷほおむ -> むりよう -> うけとめる
greedy vs random,greedy,random,D1000_seed0_greedy_vs_random_0,1000,0,first,no_legal_move,6,second,random,る,うけとめる,るり,る,り,り,1e-06,False,0.0,,,,,,ぜんでら -> らんぐ -> ぐるうぷほおむ -> むりよう -> うけとめる -> るり
greedy vs random,greedy,random,D1000_seed0_greedy_vs_random_0,1000,0,first,no_legal_move,7,first,greedy,り,るり,りふれつしゆ,り,ゆ,ゆ,2.6e-05,False,-138.0,,,,,16,ぜんでら -> らんぐ -> ぐるうぷほおむ -> むりよう -> うけとめる -> るり -> りふれつしゆ
greedy vs random,greedy,random,D1000_seed0_greedy_vs_random_0,1000,0,first,no_legal_move,8,second,random,ゆ,りふれつしゆ,ゆくえ,ゆ,え,え,1e-06,False,0.0,,,,,,ぜんでら -> らんぐ -> ぐるうぷほおむ -> むりよう -> うけとめる -> るり -> りふれつしゆ -> ゆくえ
greedy vs random,greedy,random,D1000_seed0_greedy_vs_random_0,1000,0,first,no_legal_move,9,first,greedy,え,ゆくえ,えつせえ,え,え,え,1.9e-05,False,-196.5,,,,,10,ぜんでら -> らんぐ -> ぐるうぷほおむ -> むりよう -> うけとめる -> るり -> りふれつしゆ -> ゆくえ -> えつせえ
greedy vs random,greedy,random,D1000_seed0_greedy_vs_random_0,1000,0,first,no_legal_move,10,second,random,え,えつせえ,えんしゆつ,え,つ,つ,1e-06,False,0.0,,,,,,ぜんでら -> らんぐ -> ぐるうぷほおむ -> むりよう -> うけとめる -> るり -> りふれつしゆ -> ゆくえ -> えつせえ -> えんしゆつ
greedy vs random,greedy,random,D1000_seed0_greedy_vs_random_0,1000,0,first,no_legal_move,11,first,greedy,つ,えんしゆつ,つもる,つ,る,る,1.9e-05,False,-69.0,,,,,12,ぜんでら -> らんぐ -> ぐるうぷほおむ -> むりよう -> うけとめる -> るり -> りふれつしゆ -> ゆくえ -> えつせえ -> えんしゆつ -> つもる
greedy vs random,greedy,random,D1000_seed0_greedy_vs_random_0,1000,0,first,no_legal_move,12,second,random,る,つもる,るぽるたあじゆ,る,ゆ,ゆ,1e-06,False,0.0,,,,,,ぜんでら -> らんぐ -> ぐるうぷほおむ -> むりよう -> うけとめる -> るり -> りふれつしゆ -> ゆくえ -> えつせえ -> えんしゆつ -> つもる -> るぽるたあじゆ
greedy vs random,greedy,random,D1000_seed0_greedy_vs_random_0,1000,0,first,no_legal_move,13,first,greedy,ゆ,るぽるたあじゆ,ゆらぐ,ゆ,ぐ,ぐ,9e-06,False,-58.5,,,,,5,ぜんでら -> らんぐ -> ぐるうぷほおむ -> むりよう -> うけとめる -> るり -> りふれつしゆ -> ゆくえ -> えつせえ -> えんしゆつ -> つもる -> るぽるたあじゆ -> ゆらぐ
greedy vs random,greedy,random,D1000_seed0_greedy_vs_random_0,1000,0,first,no_legal_move,14,second,random,ぐ,ゆらぐ,ぐんぷく,ぐ,く,く,1e-06,False,0.0,,,,,,ぜんでら -> らんぐ -> ぐるうぷほおむ -> むりよう -> うけとめる -> るり -> りふれつしゆ -> ゆくえ -> えつせえ -> えんしゆつ -> つもる -> るぽるたあじゆ -> ゆらぐ -> ぐんぷく
greedy vs random,greedy,random,D1000_seed0_greedy_vs_random_0,1000,0,first,no_legal_move,15,first,greedy,く,ぐんぷく,くれる,く,る,る,3e-05,False,-46.0,,,,,19,ぜんでら -> らんぐ -> ぐるうぷほおむ -> むりよう -> うけとめる -> るり -> りふれつしゆ -> ゆくえ -> えつせえ -> えんしゆつ -> つもる -> るぽるたあじゆ -> ゆらぐ -> ぐんぷく -> くれる
greedy vs random,greedy,random,D1000_seed0_greedy_vs_random_0,1000,0,first,no_legal_move,16,second,random,る,くれる,るうきい,る,い,い,1e-06,False,0.0,,,,,,ぜんでら -> らんぐ -> ぐるうぷほおむ -> むりよう -> うけとめる -> るり -> りふれつしゆ -> ゆくえ -> えつせえ -> えんしゆつ -> つもる -> るぽるたあじゆ -> ゆらぐ -> ぐんぷく -> くれる -> るうきい
greedy vs random,greedy,random,D1000_seed0_greedy_vs_random_0,1000,0,first,no_legal_move,17,first,greedy,い,るうきい,いくら,い,ら,ら,4.1e-05,False,1000000.0,,,,,29,ぜんでら -> らんぐ -> ぐるうぷほおむ -> むりよう -> うけとめる -> るり -> りふれつしゆ -> ゆくえ -> えつせえ -> えんしゆつ -> つもる -> るぽるたあじゆ -> ゆらぐ -> ぐんぷく -> くれる -> るうきい -> いくら
greedy vs minimax,greedy,minimax,D1000_seed0_greedy_vs_minimax_0,1000,0,second,no_legal_move,1,first,greedy,ANY,,ぜんでら,ぜ,ら,ら,0.00133,False,-23.0,,,,,1000,ぜんでら
greedy vs minimax,greedy,minimax,D1000_seed0_greedy_vs_minimax_0,1000,0,second,no_legal_move,2,second,minimax,ら,ぜんでら,らんぐ,ら,ぐ,ぐ,0.000885,False,37.0,3,3,True,,1,ぜんでら -> らんぐ
greedy vs minimax,greedy,minimax,D1000_seed0_greedy_vs_minimax_0,1000,0,second,no_legal_move,3,first,greedy,ぐ,らんぐ,ぐるうぷほおむ,ぐ,む,む,5e-06,False,-150.5,,,,,4,ぜんでら -> らんぐ -> ぐるうぷほおむ
greedy vs minimax,greedy,minimax,D1000_seed0_greedy_vs_minimax_0,1000,0,second,no_legal_move,4,second,minimax,む,ぐるうぷほおむ,むね,む,ね,ね,0.032046,False,37.0,3,3,True,,7,ぜんでら -> らんぐ -> ぐるうぷほおむ -> むね
greedy vs minimax,greedy,minimax,D1000_seed0_greedy_vs_minimax_0,1000,0,second,no_legal_move,5,first,greedy,ね,むね,ねぼける,ね,る,る,2.1e-05,False,-92.0,,,,,10,ぜんでら -> らんぐ -> ぐるうぷほおむ -> むね -> ねぼける
greedy vs minimax,greedy,minimax,D1000_seed0_greedy_vs_minimax_0,1000,0,second,no_legal_move,6,second,minimax,る,ねぼける,るり,る,り,り,0.008615,False,22.0,3,3,True,,4,ぜんでら -> らんぐ -> ぐるうぷほおむ -> むね -> ねぼける -> るり
greedy vs minimax,greedy,minimax,D1000_seed0_greedy_vs_minimax_0,1000,0,second,no_legal_move,7,first,greedy,り,るり,りふれつしゆ,り,ゆ,ゆ,2.6e-05,False,-138.0,,,,,16,ぜんでら -> らんぐ -> ぐるうぷほおむ -> むね -> ねぼける -> るり -> りふれつしゆ
greedy vs minimax,greedy,minimax,D1000_seed0_greedy_vs_minimax_0,1000,0,second,no_legal_move,8,second,minimax,ゆ,りふれつしゆ,ゆらぐ,ゆ,ぐ,ぐ,0.016246,False,126.5,3,3,True,,6,ぜんでら -> らんぐ -> ぐるうぷほおむ -> むね -> ねぼける -> るり -> りふれつしゆ -> ゆらぐ
greedy vs minimax,greedy,minimax,D1000_seed0_greedy_vs_minimax_0,1000,0,second,no_legal_move,9,first,greedy,ぐ,ゆらぐ,ぐんぶ,ぐ,ぶ,ぶ,4e-06,False,-173.5,,,,,3,ぜんでら -> らんぐ -> ぐるうぷほおむ -> むね -> ねぼける -> るり -> りふれつしゆ -> ゆらぐ -> ぐんぶ
greedy vs minimax,greedy,minimax,D1000_seed0_greedy_vs_minimax_0,1000,0,second,no_legal_move,10,second,minimax,ぶ,ぐんぶ,ぶんぴ,ぶ,ぴ,ぴ,0.02696,False,298.0,3,3,True,,8,ぜんでら -> らんぐ -> ぐるうぷほおむ -> むね -> ねぼける -> るり -> りふれつしゆ -> ゆらぐ -> ぐんぶ -> ぶんぴ
greedy vs minimax,greedy,minimax,D1000_seed0_greedy_vs_minimax_0,1000,0,second,no_legal_move,11,first,greedy,ぴ,ぶんぴ,ぴんちひつたあ,ぴ,あ,あ,4e-06,False,-738.0,,,,,1,ぜんでら -> らんぐ -> ぐるうぷほおむ -> むね -> ねぼける -> るり -> りふれつしゆ -> ゆらぐ -> ぐんぶ -> ぶんぴ -> ぴんちひつたあ
greedy vs minimax,greedy,minimax,D1000_seed0_greedy_vs_minimax_0,1000,0,second,no_legal_move,12,second,minimax,あ,ぴんちひつたあ,あいず,あ,ず,ず,0.092869,False,410.0,3,3,True,,20,ぜんでら -> らんぐ -> ぐるうぷほおむ -> むね -> ねぼける -> るり -> りふれつしゆ -> ゆらぐ -> ぐんぶ -> ぶんぴ -> ぴんちひつたあ -> あいず
greedy vs minimax,greedy,minimax,D1000_seed0_greedy_vs_minimax_0,1000,0,second,no_legal_move,13,first,greedy,ず,あいず,ずらす,ず,す,す,8e-06,False,-322.0,,,,,3,ぜんでら -> らんぐ -> ぐるうぷほおむ -> むね -> ねぼける -> るり -> りふれつしゆ -> ゆらぐ -> ぐんぶ -> ぶんぴ -> ぴんちひつたあ -> あいず -> ずらす
greedy vs minimax,greedy,minimax,D1000_seed0_greedy_vs_minimax_0,1000,0,second,no_legal_move,14,second,minimax,す,ずらす,すらすら,す,ら,ら,0.033856,False,1000000.0,3,3,True,,14,ぜんでら -> らんぐ -> ぐるうぷほおむ -> むね -> ねぼける -> るり -> りふれつしゆ -> ゆらぐ -> ぐんぶ -> ぶんぴ -> ぴんちひつたあ -> あいず -> ずらす -> すらすら
greedy vs monte_carlo,greedy,monte_carlo,D1000_seed0_greedy_vs_monte_carlo_0,1000,0,first,no_legal_move,1,first,greedy,ANY,,ぜんでら,ぜ,ら,ら,0.001304,False,-23.0,,,,,1000,ぜんでら
greedy vs monte_carlo,greedy,monte_carlo,D1000_seed0_greedy_vs_monte_carlo_0,1000,0,first,no_legal_move,2,second,monte_carlo,ら,ぜんでら,らんぐ,ら,ぐ,ぐ,0.000527,False,0.3,,,,,,ぜんでら -> らんぐ
greedy vs monte_carlo,greedy,monte_carlo,D1000_seed0_greedy_vs_monte_carlo_0,1000,0,first,no_legal_move,3,first,greedy,ぐ,らんぐ,ぐるうぷほおむ,ぐ,む,む,5e-06,False,-150.5,,,,,4,ぜんでら -> らんぐ -> ぐるうぷほおむ
greedy vs monte_carlo,greedy,monte_carlo,D1000_seed0_greedy_vs_monte_carlo_0,1000,0,first,no_legal_move,4,second,monte_carlo,む,ぐるうぷほおむ,むね,む,ね,ね,0.002938,False,0.7,,,,,,ぜんでら -> らんぐ -> ぐるうぷほおむ -> むね
greedy vs monte_carlo,greedy,monte_carlo,D1000_seed0_greedy_vs_monte_carlo_0,1000,0,first,no_legal_move,5,first,greedy,ね,むね,ねぼける,ね,る,る,2e-05,False,-92.0,,,,,10,ぜんでら -> らんぐ -> ぐるうぷほおむ -> むね -> ねぼける
greedy vs monte_carlo,greedy,monte_carlo,D1000_seed0_greedy_vs_monte_carlo_0,1000,0,first,no_legal_move,6,second,monte_carlo,る,ねぼける,るうきい,る,い,い,0.001765,False,0.7,,,,,,ぜんでら -> らんぐ -> ぐるうぷほおむ -> むね -> ねぼける -> るうきい
greedy vs monte_carlo,greedy,monte_carlo,D1000_seed0_greedy_vs_monte_carlo_0,1000,0,first,no_legal_move,7,first,greedy,い,るうきい,いくら,い,ら,ら,4.2e-05,False,1000000.0,,,,,29,ぜんでら -> らんぐ -> ぐるうぷほおむ -> むね -> ねぼける -> るうきい -> いくら
greedy vs alpha_beta,greedy,alpha_beta,D1000_seed0_greedy_vs_alpha_beta_0,1000,0,second,no_legal_move,1,first,greedy,ANY,,ぜんでら,ぜ,ら,ら,0.001283,False,-23.0,,,,,1000,ぜんでら
greedy vs alpha_beta,greedy,alpha_beta,D1000_seed0_greedy_vs_alpha_beta_0,1000,0,second,no_legal_move,2,second,alpha_beta,ら,ぜんでら,らんぐ,ら,ぐ,ぐ,0.00069,False,-114.0,4,4,True,7,1,ぜんでら -> らんぐ
greedy vs alpha_beta,greedy,alpha_beta,D1000_seed0_greedy_vs_alpha_beta_0,1000,0,second,no_legal_move,3,first,greedy,ぐ,らんぐ,ぐるうぷほおむ,ぐ,む,む,5e-06,False,-150.5,,,,,4,ぜんでら -> らんぐ -> ぐるうぷほおむ
greedy vs alpha_beta,greedy,alpha_beta,D1000_seed0_greedy_vs_alpha_beta_0,1000,0,second,no_legal_move,4,second,alpha_beta,む,ぐるうぷほおむ,むくわれる,む,る,る,0.003658,False,-22.0,4,4,True,57,7,ぜんでら -> らんぐ -> ぐるうぷほおむ -> むくわれる
greedy vs alpha_beta,greedy,alpha_beta,D1000_seed0_greedy_vs_alpha_beta_0,1000,0,second,no_legal_move,5,first,greedy,る,むくわれる,るみのおる,る,る,る,8e-06,False,-69.0,,,,,4,ぜんでら -> らんぐ -> ぐるうぷほおむ -> むくわれる -> るみのおる
greedy vs alpha_beta,greedy,alpha_beta,D1000_seed0_greedy_vs_alpha_beta_0,1000,0,second,no_legal_move,6,second,alpha_beta,る,るみのおる,るり,る,り,り,0.003032,False,-10.5,4,4,True,29,3,ぜんでら -> らんぐ -> ぐるうぷほおむ -> むくわれる -> るみのおる -> るり
greedy vs alpha_beta,greedy,alpha_beta,D1000_seed0_greedy_vs_alpha_beta_0,1000,0,second,no_legal_move,7,first,greedy,り,るり,りふれつしゆ,り,ゆ,ゆ,2.5e-05,False,-138.0,,,,,16,ぜんでら -> らんぐ -> ぐるうぷほおむ -> むくわれる -> るみのおる -> るり -> りふれつしゆ
greedy vs alpha_beta,greedy,alpha_beta,D1000_seed0_greedy_vs_alpha_beta_0,1000,0,second,no_legal_move,8,second,alpha_beta,ゆ,りふれつしゆ,ゆらぐ,ゆ,ぐ,ぐ,0.00196,False,34.0,4,4,True,37,6,ぜんでら -> らんぐ -> ぐるうぷほおむ -> むくわれる -> るみのおる -> るり -> りふれつしゆ -> ゆらぐ
greedy vs alpha_beta,greedy,alpha_beta,D1000_seed0_greedy_vs_alpha_beta_0,1000,0,second,no_legal_move,9,first,greedy,ぐ,ゆらぐ,ぐんぶ,ぐ,ぶ,ぶ,4e-06,False,-173.5,,,,,3,ぜんでら -> らんぐ -> ぐるうぷほおむ -> むくわれる -> るみのおる -> るり -> りふれつしゆ -> ゆらぐ -> ぐんぶ
greedy vs alpha_beta,greedy,alpha_beta,D1000_seed0_greedy_vs_alpha_beta_0,1000,0,second,no_legal_move,10,second,alpha_beta,ぶ,ぐんぶ,ぶんぴ,ぶ,ぴ,ぴ,0.001983,False,160.5,4,4,True,48,8,ぜんでら -> らんぐ -> ぐるうぷほおむ -> むくわれる -> るみのおる -> るり -> りふれつしゆ -> ゆらぐ -> ぐんぶ -> ぶんぴ
greedy vs alpha_beta,greedy,alpha_beta,D1000_seed0_greedy_vs_alpha_beta_0,1000,0,second,no_legal_move,11,first,greedy,ぴ,ぶんぴ,ぴんちひつたあ,ぴ,あ,あ,3e-06,False,-738.0,,,,,1,ぜんでら -> らんぐ -> ぐるうぷほおむ -> むくわれる -> るみのおる -> るり -> りふれつしゆ -> ゆらぐ -> ぐんぶ -> ぶんぴ -> ぴんちひつたあ
greedy vs alpha_beta,greedy,alpha_beta,D1000_seed0_greedy_vs_alpha_beta_0,1000,0,second,no_legal_move,12,second,alpha_beta,あ,ぴんちひつたあ,あいず,あ,ず,ず,0.004957,False,86.0,4,4,True,102,20,ぜんでら -> らんぐ -> ぐるうぷほおむ -> むくわれる -> るみのおる -> るり -> りふれつしゆ -> ゆらぐ -> ぐんぶ -> ぶんぴ -> ぴんちひつたあ -> あいず
greedy vs alpha_beta,greedy,alpha_beta,D1000_seed0_greedy_vs_alpha_beta_0,1000,0,second,no_legal_move,13,first,greedy,ず,あいず,ずらす,ず,す,す,7e-06,False,-322.0,,,,,3,ぜんでら -> らんぐ -> ぐるうぷほおむ -> むくわれる -> るみのおる -> るり -> りふれつしゆ -> ゆらぐ -> ぐんぶ -> ぶんぴ -> ぴんちひつたあ -> あいず -> ずらす
greedy vs alpha_beta,greedy,alpha_beta,D1000_seed0_greedy_vs_alpha_beta_0,1000,0,second,no_legal_move,14,second,alpha_beta,す,ずらす,すらすら,す,ら,ら,0.000755,False,1000000.0,4,4,True,33,14,ぜんでら -> らんぐ -> ぐるうぷほおむ -> むくわれる -> るみのおる -> るり -> りふれつしゆ -> ゆらぐ -> ぐんぶ -> ぶんぴ -> ぴんちひつたあ -> あいず -> ずらす -> すらすら
minimax vs random,minimax,random,D1000_seed0_minimax_vs_random_0,1000,0,first,no_legal_move,1,first,minimax,ANY,,ぶんぴ,ぶ,ぴ,ぴ,0.013333,False,298.0,3,3,True,,20,ぶんぴ
minimax vs random,minimax,random,D1000_seed0_minimax_vs_random_0,1000,0,first,no_legal_move,2,second,random,ぴ,ぶんぴ,ぴんちひつたあ,ぴ,あ,あ,3e-06,False,0.0,,,,,,ぶんぴ -> ぴんちひつたあ
minimax vs random,minimax,random,D1000_seed0_minimax_vs_random_0,1000,0,first,no_legal_move,3,first,minimax,あ,ぴんちひつたあ,あいず,あ,ず,ず,0.108616,False,73.5,3,3,True,,20,ぶんぴ -> ぴんちひつたあ -> あいず
minimax vs random,minimax,random,D1000_seed0_minimax_vs_random_0,1000,0,first,no_legal_move,4,second,random,ず,あいず,ずうずうしい,ず,い,い,3e-06,False,0.0,,,,,,ぶんぴ -> ぴんちひつたあ -> あいず -> ずうずうしい
minimax vs random,minimax,random,D1000_seed0_minimax_vs_random_0,1000,0,first,no_legal_move,5,first,minimax,い,ずうずうしい,いくたび,い,び,び,0.096149,False,114.0,3,3,True,,20,ぶんぴ -> ぴんちひつたあ -> あいず -> ずうずうしい -> いくたび
minimax vs random,minimax,random,D1000_seed0_minimax_vs_random_0,1000,0,first,no_legal_move,6,second,random,び,いくたび,びくとりあ,び,あ,あ,3e-06,False,0.0,,,,,,ぶんぴ -> ぴんちひつたあ -> あいず -> ずうずうしい -> いくたび -> びくとりあ
minimax vs random,minimax,random,D1000_seed0_minimax_vs_random_0,1000,0,first,no_legal_move,7,first,minimax,あ,びくとりあ,あれこれ,あ,れ,れ,0.114052,False,73.5,3,3,True,,20,ぶんぴ -> ぴんちひつたあ -> あいず -> ずうずうしい -> いくたび -> びくとりあ -> あれこれ
minimax vs random,minimax,random,D1000_seed0_minimax_vs_random_0,1000,0,first,no_legal_move,8,second,random,れ,あれこれ,れんたい,れ,い,い,3e-06,False,0.0,,,,,,ぶんぴ -> ぴんちひつたあ -> あいず -> ずうずうしい -> いくたび -> びくとりあ -> あれこれ -> れんたい
minimax vs random,minimax,random,D1000_seed0_minimax_vs_random_0,1000,0,first,no_legal_move,9,first,minimax,い,れんたい,いくら,い,ら,ら,0.102334,False,46.0,3,3,True,,20,ぶんぴ -> ぴんちひつたあ -> あいず -> ずうずうしい -> いくたび -> びくとりあ -> あれこれ -> れんたい -> いくら
minimax vs random,minimax,random,D1000_seed0_minimax_vs_random_0,1000,0,first,no_legal_move,10,second,random,ら,いくら,らんぐ,ら,ぐ,ぐ,2e-06,False,0.0,,,,,,ぶんぴ -> ぴんちひつたあ -> あいず -> ずうずうしい -> いくたび -> びくとりあ -> あれこれ -> れんたい -> いくら -> らんぐ
minimax vs random,minimax,random,D1000_seed0_minimax_vs_random_0,1000,0,first,no_legal_move,11,first,minimax,ぐ,らんぐ,ぐるうぷほおむ,ぐ,む,む,0.01089,False,114.0,3,3,True,,4,ぶんぴ -> ぴんちひつたあ -> あいず -> ずうずうしい -> いくたび -> びくとりあ -> あれこれ -> れんたい -> いくら -> らんぐ -> ぐるうぷほおむ
minimax vs random,minimax,random,D1000_seed0_minimax_vs_random_0,1000,0,first,no_legal_move,12,second,random,む,ぐるうぷほおむ,むくわれる,む,る,る,2e-06,False,0.0,,,,,,ぶんぴ -> ぴんちひつたあ -> あいず -> ずうずうしい -> いくたび -> びくとりあ -> あれこれ -> れんたい -> いくら -> らんぐ -> ぐるうぷほおむ -> むくわれる
minimax vs random,minimax,random,D1000_seed0_minimax_vs_random_0,1000,0,first,no_legal_move,13,first,minimax,る,むくわれる,るり,る,り,り,0.008722,False,22.0,3,3,True,,4,ぶんぴ -> ぴんちひつたあ -> あいず -> ずうずうしい -> いくたび -> びくとりあ -> あれこれ -> れんたい -> いくら -> らんぐ -> ぐるうぷほおむ -> むくわれる -> るり
minimax vs random,minimax,random,D1000_seed0_minimax_vs_random_0,1000,0,first,no_legal_move,14,second,random,り,るり,りくるうと,り,と,と,2e-06,False,0.0,,,,,,ぶんぴ -> ぴんちひつたあ -> あいず -> ずうずうしい -> いくたび -> びくとりあ -> あれこれ -> れんたい -> いくら -> らんぐ -> ぐるうぷほおむ -> むくわれる -> るり -> りくるうと
minimax vs random,minimax,random,D1000_seed0_minimax_vs_random_0,1000,0,first,no_legal_move,15,first,minimax,と,りくるうと,とつぐ,と,ぐ,ぐ,0.082805,False,192.0,3,3,True,,19,ぶんぴ -> ぴんちひつたあ -> あいず -> ずうずうしい -> いくたび -> びくとりあ -> あれこれ -> れんたい -> いくら -> らんぐ -> ぐるうぷほおむ -> むくわれる -> るり -> りくるうと -> とつぐ
minimax vs random,minimax,random,D1000_seed0_minimax_vs_random_0,1000,0,first,no_legal_move,16,second,random,ぐ,とつぐ,ぐんぷく,ぐ,く,く,2e-06,False,0.0,,,,,,ぶんぴ -> ぴんちひつたあ -> あいず -> ずうずうしい -> いくたび -> びくとりあ -> あれこれ -> れんたい -> いくら -> らんぐ -> ぐるうぷほおむ -> むくわれる -> るり -> りくるうと -> とつぐ -> ぐんぷく
minimax vs random,minimax,random,D1000_seed0_minimax_vs_random_0,1000,0,first,no_legal_move,17,first,minimax,く,ぐんぷく,くむ,く,む,む,0.073094,False,126.5,3,3,True,,19,ぶんぴ -> ぴんちひつたあ -> あいず -> ずうずうしい -> いくたび -> びくとりあ -> あれこれ -> れんたい -> いくら -> らんぐ -> ぐるうぷほおむ -> むくわれる -> るり -> りくるうと -> とつぐ -> ぐんぷく -> くむ
minimax vs random,minimax,random,D1000_seed0_minimax_vs_random_0,1000,0,first,no_legal_move,18,second,random,む,くむ,むね,む,ね,ね,2e-06,False,0.0,,,,,,ぶんぴ -> ぴんちひつたあ -> あいず -> ずうずうしい -> いくたび -> びくとりあ -> あれこれ -> れんたい -> いくら -> らんぐ -> ぐるうぷほおむ -> むくわれる -> るり -> りくるうと -> とつぐ -> ぐんぷく -> くむ -> むね
minimax vs random,minimax,random,D1000_seed0_minimax_vs_random_0,1000,0,first,no_legal_move,19,first,minimax,ね,むね,ねばねば,ね,ば,ば,0.045306,False,28.0,3,3,True,,10,ぶんぴ -> ぴんちひつたあ -> あいず -> ずうずうしい -> いくたび -> びくとりあ -> あれこれ -> れんたい -> いくら -> らんぐ -> ぐるうぷほおむ -> むくわれる -> るり -> りくるうと -> とつぐ -> ぐんぷく -> くむ -> むね -> ねばねば
minimax vs random,minimax,random,D1000_seed0_minimax_vs_random_0,1000,0,first,no_legal_move,20,second,random,ば,ねばねば,ばくふ,ば,ふ,ふ,2e-06,False,0.0,,,,,,ぶんぴ -> ぴんちひつたあ -> あいず -> ずうずうしい -> いくたび -> びくとりあ -> あれこれ -> れんたい -> いくら -> らんぐ -> ぐるうぷほおむ -> むくわれる -> るり -> りくるうと -> とつぐ -> ぐんぷく -> くむ -> むね -> ねばねば -> ばくふ
minimax vs random,minimax,random,D1000_seed0_minimax_vs_random_0,1000,0,first,no_legal_move,21,first,minimax,ふ,ばくふ,ふらふら,ふ,ら,ら,0.062514,False,1000000.0,3,3,True,,20,ぶんぴ -> ぴんちひつたあ -> あいず -> ずうずうしい -> いくたび -> びくとりあ -> あれこれ -> れんたい -> いくら -> らんぐ -> ぐるうぷほおむ -> むくわれる -> るり -> りくるうと -> とつぐ -> ぐんぷく -> くむ -> むね -> ねばねば -> ばくふ -> ふらふら
minimax vs greedy,minimax,greedy,D1000_seed0_minimax_vs_greedy_0,1000,0,first,no_legal_move,1,first,minimax,ANY,,ぶんぴ,ぶ,ぴ,ぴ,0.013576,False,298.0,3,3,True,,20,ぶんぴ
minimax vs greedy,minimax,greedy,D1000_seed0_minimax_vs_greedy_0,1000,0,first,no_legal_move,2,second,greedy,ぴ,ぶんぴ,ぴんちひつたあ,ぴ,あ,あ,5e-06,False,-738.0,,,,,1,ぶんぴ -> ぴんちひつたあ
minimax vs greedy,minimax,greedy,D1000_seed0_minimax_vs_greedy_0,1000,0,first,no_legal_move,3,first,minimax,あ,ぴんちひつたあ,あいず,あ,ず,ず,0.10977,False,73.5,3,3,True,,20,ぶんぴ -> ぴんちひつたあ -> あいず
minimax vs greedy,minimax,greedy,D1000_seed0_minimax_vs_greedy_0,1000,0,first,no_legal_move,4,second,greedy,ず,あいず,ずらす,ず,す,す,9e-06,False,-322.0,,,,,3,ぶんぴ -> ぴんちひつたあ -> あいず -> ずらす
minimax vs greedy,minimax,greedy,D1000_seed0_minimax_vs_greedy_0,1000,0,first,no_legal_move,5,first,minimax,す,ずらす,すすむ,す,む,む,0.061849,False,114.0,3,3,True,,14,ぶんぴ -> ぴんちひつたあ -> あいず -> ずらす -> すすむ
minimax vs greedy,minimax,greedy,D1000_seed0_minimax_vs_greedy_0,1000,0,first,no_legal_move,6,second,greedy,む,すすむ,むくわれる,む,る,る,1.1e-05,False,-92.0,,,,,7,ぶんぴ -> ぴんちひつたあ -> あいず -> ずらす -> すすむ -> むくわれる
minimax vs greedy,minimax,greedy,D1000_seed0_minimax_vs_greedy_0,1000,0,first,no_legal_move,7,first,minimax,る,むくわれる,るぽるたあじゆ,る,ゆ,ゆ,0.01713,False,73.5,3,3,True,,4,ぶんぴ -> ぴんちひつたあ -> あいず -> ずらす -> すすむ -> むくわれる -> るぽるたあじゆ
minimax vs greedy,minimax,greedy,D1000_seed0_minimax_vs_greedy_0,1000,0,first,no_legal_move,8,second,greedy,ゆ,るぽるたあじゆ,ゆらぐ,ゆ,ぐ,ぐ,1.1e-05,False,-81.5,,,,,6,ぶんぴ -> ぴんちひつたあ -> あいず -> ずらす -> すすむ -> むくわれる -> るぽるたあじゆ -> ゆらぐ
minimax vs greedy,minimax,greedy,D1000_seed0_minimax_vs_greedy_0,1000,0,first,no_legal_move,9,first,minimax,ぐ,ゆらぐ,ぐんぶ,ぐ,ぶ,ぶ,0.011263,False,179.5,3,3,True,,4,ぶんぴ -> ぴんちひつたあ -> あいず -> ずらす -> すすむ -> むくわれる -> るぽるたあじゆ -> ゆらぐ -> ぐんぶ
minimax vs greedy,minimax,greedy,D1000_seed0_minimax_vs_greedy_0,1000,0,first,no_legal_move,10,second,greedy,ぶ,ぐんぶ,ぶんぐ,ぶ,ぐ,ぐ,1.2e-05,False,-58.5,,,,,7,ぶんぴ -> ぴんちひつたあ -> あいず -> ずらす -> すすむ -> むくわれる -> るぽるたあじゆ -> ゆらぐ -> ぐんぶ -> ぶんぐ
minimax vs greedy,minimax,greedy,D1000_seed0_minimax_vs_greedy_0,1000,0,first,no_legal_move,11,first,minimax,ぐ,ぶんぐ,ぐるうぷほおむ,ぐ,む,む,0.008826,False,126.5,3,3,True,,3,ぶんぴ -> ぴんちひつたあ -> あいず -> ずらす -> すすむ -> むくわれる -> るぽるたあじゆ -> ゆらぐ -> ぐんぶ -> ぶんぐ -> ぐるうぷほおむ
minimax vs greedy,minimax,greedy,D1000_seed0_minimax_vs_greedy_0,1000,0,first,no_legal_move,12,second,greedy,む,ぐるうぷほおむ,むね,む,ね,ね,1e-05,False,-230.0,,,,,6,ぶんぴ -> ぴんちひつたあ -> あいず -> ずらす -> すすむ -> むくわれる -> るぽるたあじゆ -> ゆらぐ -> ぐんぶ -> ぶんぐ -> ぐるうぷほおむ -> むね
minimax vs greedy,minimax,greedy,D1000_seed0_minimax_vs_greedy_0,1000,0,first,no_legal_move,13,first,minimax,ね,むね,ねばねば,ね,ば,ば,0.062551,False,341.5,3,3,True,,10,ぶんぴ -> ぴんちひつたあ -> あいず -> ずらす -> すすむ -> むくわれる -> るぽるたあじゆ -> ゆらぐ -> ぐんぶ -> ぶんぐ -> ぐるうぷほおむ -> むね -> ねばねば
minimax vs greedy,minimax,greedy,D1000_seed0_minimax_vs_greedy_0,1000,0,first,no_legal_move,14,second,greedy,ば,ねばねば,ばあちやる,ば,る,る,1.8e-05,False,-69.0,,,,,10,ぶんぴ -> ぴんちひつたあ -> あいず -> ずらす -> すすむ -> むくわれる -> るぽるたあじゆ -> ゆらぐ -> ぐんぶ -> ぶんぐ -> ぐるうぷほおむ -> むね -> ねばねば -> ばあちやる
minimax vs greedy,minimax,greedy,D1000_seed0_minimax_vs_greedy_0,1000,0,first,no_legal_move,15,first,minimax,る,ばあちやる,るみのおる,る,る,る,0.016396,False,179.5,3,3,True,,3,ぶんぴ -> ぴんちひつたあ -> あいず -> ずらす -> すすむ -> むくわれる -> るぽるたあじゆ -> ゆらぐ -> ぐんぶ -> ぶんぐ -> ぐるうぷほおむ -> むね -> ねばねば -> ばあちやる -> るみのおる
minimax vs greedy,minimax,greedy,D1000_seed0_minimax_vs_greedy_0,1000,0,first,no_legal_move,16,second,greedy,る,るみのおる,るり,る,り,り,8e-06,False,-357.5,,,,,2,ぶんぴ -> ぴんちひつたあ -> あいず -> ずらす -> すすむ -> むくわれる -> るぽるたあじゆ -> ゆらぐ -> ぐんぶ -> ぶんぐ -> ぐるうぷほおむ -> むね -> ねばねば -> ばあちやる -> るみのおる -> るり
minimax vs greedy,minimax,greedy,D1000_seed0_minimax_vs_greedy_0,1000,0,first,no_legal_move,17,first,minimax,り,るり,りふれつしゆ,り,ゆ,ゆ,0.106566,False,214.0,3,3,True,,16,ぶんぴ -> ぴんちひつたあ -> あいず -> ずらす -> すすむ -> むくわれる -> るぽるたあじゆ -> ゆらぐ -> ぐんぶ -> ぶんぐ -> ぐるうぷほおむ -> むね -> ねばねば -> ばあちやる -> るみのおる -> るり -> りふれつしゆ
minimax vs greedy,minimax,greedy,D1000_seed0_minimax_vs_greedy_0,1000,0,first,no_legal_move,18,second,greedy,ゆ,りふれつしゆ,ゆくえ,ゆ,え,え,1.2e-05,False,-219.5,,,,,5,ぶんぴ -> ぴんちひつたあ -> あいず -> ずらす -> すすむ -> むくわれる -> るぽるたあじゆ -> ゆらぐ -> ぐんぶ -> ぶんぐ -> ぐるうぷほおむ -> むね -> ねばねば -> ばあちやる -> るみのおる -> るり -> りふれつしゆ -> ゆくえ
minimax vs greedy,minimax,greedy,D1000_seed0_minimax_vs_greedy_0,1000,0,first,no_legal_move,19,first,minimax,え,ゆくえ,えつせえ,え,え,え,0.062673,False,384.0,3,3,True,,10,ぶんぴ -> ぴんちひつたあ -> あいず -> ずらす -> すすむ -> むくわれる -> るぽるたあじゆ -> ゆらぐ -> ぐんぶ -> ぶんぐ -> ぐるうぷほおむ -> むね -> ねばねば -> ばあちやる -> るみのおる -> るり -> りふれつしゆ -> ゆくえ -> えつせえ
minimax vs greedy,minimax,greedy,D1000_seed0_minimax_vs_greedy_0,1000,0,first,no_legal_move,20,second,greedy,え,えつせえ,えんしゆつ,え,つ,つ,1.9e-05,False,-276.0,,,,,9,ぶんぴ -> ぴんちひつたあ -> あいず -> ずらす -> すすむ -> むくわれる -> るぽるたあじゆ -> ゆらぐ -> ぐんぶ -> ぶんぐ -> ぐるうぷほおむ -> むね -> ねばねば -> ばあちやる -> るみのおる -> るり -> りふれつしゆ -> ゆくえ -> えつせえ -> えんしゆつ
minimax vs greedy,minimax,greedy,D1000_seed0_minimax_vs_greedy_0,1000,0,first,no_legal_move,21,first,minimax,つ,えんしゆつ,つもる,つ,る,る,0.063517,False,384.0,3,3,True,,12,ぶんぴ -> ぴんちひつたあ -> あいず -> ずらす -> すすむ -> むくわれる -> るぽるたあじゆ -> ゆらぐ -> ぐんぶ -> ぶんぐ -> ぐるうぷほおむ -> むね -> ねばねば -> ばあちやる -> るみのおる -> るり -> りふれつしゆ -> ゆくえ -> えつせえ -> えんしゆつ -> つもる
minimax vs greedy,minimax,greedy,D1000_seed0_minimax_vs_greedy_0,1000,0,first,no_legal_move,22,second,greedy,る,つもる,るうきい,る,い,い,4e-06,False,-614.5,,,,,1,ぶんぴ -> ぴんちひつたあ -> あいず -> ずらす -> すすむ -> むくわれる -> るぽるたあじゆ -> ゆらぐ -> ぐんぶ -> ぶんぐ -> ぐるうぷほおむ -> むね -> ねばねば -> ばあちやる -> るみのおる -> るり -> りふれつしゆ -> ゆくえ -> えつせえ -> えんしゆつ -> つもる -> るうきい
minimax vs greedy,minimax,greedy,D1000_seed0_minimax_vs_greedy_0,1000,0,first,no_legal_move,23,first,minimax,い,るうきい,いんせんていぶ,い,ぶ,ぶ,0.01955,False,384.0,3,3,True,,20,ぶんぴ -> ぴんちひつたあ -> あいず -> ずらす -> すすむ -> むくわれる -> るぽるたあじゆ -> ゆらぐ -> ぐんぶ -> ぶんぐ -> ぐるうぷほおむ -> むね -> ねばねば -> ばあちやる -> るみのおる -> るり -> りふれつしゆ -> ゆくえ -> えつせえ -> えんしゆつ -> つもる -> るうきい -> いんせんていぶ
minimax vs greedy,minimax,greedy,D1000_seed0_minimax_vs_greedy_0,1000,0,first,no_legal_move,24,second,greedy,ぶ,いんせんていぶ,ぶるうばあど,ぶ,ど,ど,1.1e-05,False,-393.0,,,,,6,ぶんぴ -> ぴんちひつたあ -> あいず -> ずらす -> すすむ -> むくわれる -> るぽるたあじゆ -> ゆらぐ -> ぐんぶ -> ぶんぐ -> ぐるうぷほおむ -> むね -> ねばねば -> ばあちやる -> るみのおる -> るり -> りふれつしゆ -> ゆくえ -> えつせえ -> えんしゆつ -> つもる -> るうきい -> いんせんていぶ -> ぶるうばあど
minimax vs greedy,minimax,greedy,D1000_seed0_minimax_vs_greedy_0,1000,0,first,no_legal_move,25,first,minimax,ど,ぶるうばあど,どうじる,ど,る,る,0.014248,False,1000000.0,3,3,True,,18,ぶんぴ -> ぴんちひつたあ -> あいず -> ずらす -> すすむ -> むくわれる -> るぽるたあじゆ -> ゆらぐ -> ぐんぶ -> ぶんぐ -> ぐるうぷほおむ -> むね -> ねばねば -> ばあちやる -> るみのおる -> るり -> りふれつしゆ -> ゆくえ -> えつせえ -> えんしゆつ -> つもる -> るうきい -> いんせんていぶ -> ぶるうばあど -> どうじる
minimax vs monte_carlo,minimax,monte_carlo,D1000_seed0_minimax_vs_monte_carlo_0,1000,0,first,no_legal_move,1,first,minimax,ANY,,ぶんぴ,ぶ,ぴ,ぴ,0.013133,False,298.0,3,3,True,,20,ぶんぴ
minimax vs monte_carlo,minimax,monte_carlo,D1000_seed0_minimax_vs_monte_carlo_0,1000,0,first,no_legal_move,2,second,monte_carlo,ぴ,ぶんぴ,ぴんちひつたあ,ぴ,あ,あ,0.000584,False,0.7,,,,,,ぶんぴ -> ぴんちひつたあ
minimax vs monte_carlo,minimax,monte_carlo,D1000_seed0_minimax_vs_monte_carlo_0,1000,0,first,no_legal_move,3,first,minimax,あ,ぴんちひつたあ,あいず,あ,ず,ず,0.108593,False,73.5,3,3,True,,20,ぶんぴ -> ぴんちひつたあ -> あいず
minimax vs monte_carlo,minimax,monte_carlo,D1000_seed0_minimax_vs_monte_carlo_0,1000,0,first,no_legal_move,4,second,monte_carlo,ず,あいず,ずうずうしい,ず,い,い,0.001763,False,0.5,,,,,,ぶんぴ -> ぴんちひつたあ -> あいず -> ずうずうしい
minimax vs monte_carlo,minimax,monte_carlo,D1000_seed0_minimax_vs_monte_carlo_0,1000,0,first,no_legal_move,5,first,minimax,い,ずうずうしい,いくたび,い,び,び,0.095921,False,114.0,3,3,True,,20,ぶんぴ -> ぴんちひつたあ -> あいず -> ずうずうしい -> いくたび
minimax vs monte_carlo,minimax,monte_carlo,D1000_seed0_minimax_vs_monte_carlo_0,1000,0,first,no_legal_move,6,second,monte_carlo,び,いくたび,びくびく,び,く,く,0.0019,False,0.6,,,,,,ぶんぴ -> ぴんちひつたあ -> あいず -> ずうずうしい -> いくたび -> びくびく
minimax vs monte_carlo,minimax,monte_carlo,D1000_seed0_minimax_vs_monte_carlo_0,1000,0,first,no_legal_move,7,first,minimax,く,びくびく,くちび,く,び,び,0.08576,False,114.0,3,3,True,,19,ぶんぴ -> ぴんちひつたあ -> あいず -> ずうずうしい -> いくたび -> びくびく -> くちび
minimax vs monte_carlo,minimax,monte_carlo,D1000_seed0_minimax_vs_monte_carlo_0,1000,0,first,no_legal_move,8,second,monte_carlo,び,くちび,びじゆある,び,る,る,0.001379,False,0.5,,,,,,ぶんぴ -> ぴんちひつたあ -> あいず -> ずうずうしい -> いくたび -> びくびく -> くちび -> びじゆある
minimax vs monte_carlo,minimax,monte_carlo,D1000_seed0_minimax_vs_monte_carlo_0,1000,0,first,no_legal_move,9,first,minimax,る,びじゆある,るみのおる,る,る,る,0.018068,False,33.5,3,3,True,,4,ぶんぴ -> ぴんちひつたあ -> あいず -> ずうずうしい -> いくたび -> びくびく -> くちび -> びじゆある -> るみのおる
minimax vs monte_carlo,minimax,monte_carlo,D1000_seed0_minimax_vs_monte_carlo_0,1000,0,first,no_legal_move,10,second,monte_carlo,る,るみのおる,るぽるたあじゆ,る,ゆ,ゆ,0.001941,False,0.8,,,,,,ぶんぴ -> ぴんちひつたあ -> あいず -> ずうずうしい -> いくたび -> びくびく -> くちび -> びじゆある -> るみのおる -> るぽるたあじゆ
minimax vs monte_carlo,minimax,monte_carlo,D1000_seed0_minimax_vs_monte_carlo_0,1000,0,first,no_legal_move,11,first,minimax,ゆ,るぽるたあじゆ,ゆらぐ,ゆ,ぐ,ぐ,0.032031,False,136.5,3,3,True,,6,ぶんぴ -> ぴんちひつたあ -> あいず -> ずうずうしい -> いくたび -> びくびく -> くちび -> びじゆある -> るみのおる -> るぽるたあじゆ -> ゆらぐ
minimax vs monte_carlo,minimax,monte_carlo,D1000_seed0_minimax_vs_monte_carlo_0,1000,0,first,no_legal_move,12,second,monte_carlo,ぐ,ゆらぐ,ぐんぷく,ぐ,く,く,0.001504,False,0.7,,,,,,ぶんぴ -> ぴんちひつたあ -> あいず -> ずうずうしい -> いくたび -> びくびく -> くちび -> びじゆある -> るみのおる -> るぽるたあじゆ -> ゆらぐ -> ぐんぷく
minimax vs monte_carlo,minimax,monte_carlo,D1000_seed0_minimax_vs_monte_carlo_0,1000,0,first,no_legal_move,13,first,minimax,く,ぐんぷく,くらべる,く,る,る,0.085849,False,179.5,3,3,True,,18,ぶんぴ -> ぴんちひつたあ -> あいず -> ずうずうしい -> いくたび -> びくびく -> くちび -> びじゆある -> るみのおる -> るぽるたあじゆ -> ゆらぐ -> ぐんぷく -> くらべる
minimax vs monte_carlo,minimax,monte_carlo,D1000_seed0_minimax_vs_monte_carlo_0,1000,0,first,no_legal_move,14,second,monte_carlo,る,くらべる,るり,る,り,り,0.000726,False,0.5,,,,,,ぶんぴ -> ぴんちひつたあ -> あいず -> ずうずうしい -> いくたび -> びくびく -> くちび -> びじゆある -> るみのおる -> るぽるたあじゆ -> ゆらぐ -> ぐんぷく -> くらべる -> るり
minimax vs monte_carlo,minimax,monte_carlo,D1000_seed0_minimax_vs_monte_carlo_0,1000,0,first,no_legal_move,15,first,minimax,り,るり,りふれつしゆ,り,ゆ,ゆ,0.099846,False,187.5,3,3,True,,16,ぶんぴ -> ぴんちひつたあ -> あいず -> ずうずうしい -> いくたび -> びくびく -> くちび -> びじゆある -> るみのおる -> るぽるたあじゆ -> ゆらぐ -> ぐんぷく -> くらべる -> るり -> りふれつしゆ
minimax vs monte_carlo,minimax,monte_carlo,D1000_seed0_minimax_vs_monte_carlo_0,1000,0,first,no_legal_move,16,second,monte_carlo,ゆ,りふれつしゆ,ゆうぼく,ゆ,く,く,0.002063,False,0.5,,,,,,ぶんぴ -> ぴんちひつたあ -> あいず -> ずうずうしい -> いくたび -> びくびく -> くちび -> びじゆある -> るみのおる -> るぽるたあじゆ -> ゆらぐ -> ぐんぷく -> くらべる -> るり -> りふれつしゆ -> ゆうぼく
minimax vs monte_carlo,minimax,monte_carlo,D1000_seed0_minimax_vs_monte_carlo_0,1000,0,first,no_legal_move,17,first,minimax,く,ゆうぼく,くるしめる,く,る,る,0.083262,False,187.5,3,3,True,,17,ぶんぴ -> ぴんちひつたあ -> あいず -> ずうずうしい -> いくたび -> びくびく -> くちび -> びじゆある -> るみのおる -> るぽるたあじゆ -> ゆらぐ -> ぐんぷく -> くらべる -> るり -> りふれつしゆ -> ゆうぼく -> くるしめる
minimax vs monte_carlo,minimax,monte_carlo,D1000_seed0_minimax_vs_monte_carlo_0,1000,0,first,no_legal_move,18,second,monte_carlo,る,くるしめる,るうきい,る,い,い,0.000297,False,0.4,,,,,,ぶんぴ -> ぴんちひつたあ -> あいず -> ずうずうしい -> いくたび -> びくびく -> くちび -> びじゆある -> るみのおる -> るぽるたあじゆ -> ゆらぐ -> ぐんぷく -> くらべる -> るり -> りふれつしゆ -> ゆうぼく -> くるしめる -> るうきい
minimax vs monte_carlo,minimax,monte_carlo,D1000_seed0_minimax_vs_monte_carlo_0,1000,0,first,no_legal_move,19,first,minimax,い,るうきい,いんせんていぶ,い,ぶ,ぶ,0.013309,False,187.5,3,3,True,,20,ぶんぴ -> ぴんちひつたあ -> あいず -> ずうずうしい -> いくたび -> びくびく -> くちび -> びじゆある -> るみのおる -> るぽるたあじゆ -> ゆらぐ -> ぐんぷく -> くらべる -> るり -> りふれつしゆ -> ゆうぼく -> くるしめる -> るうきい -> いんせんていぶ
minimax vs monte_carlo,minimax,monte_carlo,D1000_seed0_minimax_vs_monte_carlo_0,1000,0,first,no_legal_move,20,second,monte_carlo,ぶ,いんせんていぶ,ぶんみやく,ぶ,く,く,0.001583,False,0.9,,,,,,ぶんぴ -> ぴんちひつたあ -> あいず -> ずうずうしい -> いくたび -> びくびく -> くちび -> びじゆある -> るみのおる -> るぽるたあじゆ -> ゆらぐ -> ぐんぷく -> くらべる -> るり -> りふれつしゆ -> ゆうぼく -> くるしめる -> るうきい -> いんせんていぶ -> ぶんみやく
minimax vs monte_carlo,minimax,monte_carlo,D1000_seed0_minimax_vs_monte_carlo_0,1000,0,first,no_legal_move,21,first,minimax,く,ぶんみやく,くれる,く,る,る,0.00343,False,1000000.0,3,3,True,,16,ぶんぴ -> ぴんちひつたあ -> あいず -> ずうずうしい -> いくたび -> びくびく -> くちび -> びじゆある -> るみのおる -> るぽるたあじゆ -> ゆらぐ -> ぐんぷく -> くらべる -> るり -> りふれつしゆ -> ゆうぼく -> くるしめる -> るうきい -> いんせんていぶ -> ぶんみやく -> くれる
minimax vs alpha_beta,minimax,alpha_beta,D1000_seed0_minimax_vs_alpha_beta_0,1000,0,second,no_legal_move,1,first,minimax,ANY,,ぶんぴ,ぶ,ぴ,ぴ,0.013072,False,298.0,3,3,True,,20,ぶんぴ
minimax vs alpha_beta,minimax,alpha_beta,D1000_seed0_minimax_vs_alpha_beta_0,1000,0,second,no_legal_move,2,second,alpha_beta,ぴ,ぶんぴ,ぴんちひつたあ,ぴ,あ,あ,0.005995,False,-73.5,4,4,True,28,1,ぶんぴ -> ぴんちひつたあ
minimax vs alpha_beta,minimax,alpha_beta,D1000_seed0_minimax_vs_alpha_beta_0,1000,0,second,no_legal_move,3,first,minimax,あ,ぴんちひつたあ,あいず,あ,ず,ず,0.110476,False,73.5,3,3,True,,20,ぶんぴ -> ぴんちひつたあ -> あいず
minimax vs alpha_beta,minimax,alpha_beta,D1000_seed0_minimax_vs_alpha_beta_0,1000,0,second,no_legal_move,4,second,alpha_beta,ず,あいず,ずいじ,ず,じ,じ,0.007531,False,-46.0,4,4,True,71,3,ぶんぴ -> ぴんちひつたあ -> あいず -> ずいじ
minimax vs alpha_beta,minimax,alpha_beta,D1000_seed0_minimax_vs_alpha_beta_0,1000,0,second,no_legal_move,5,first,minimax,じ,ずいじ,じゆつご,じ,ご,ご,0.124707,False,46.0,3,3,True,,20,ぶんぴ -> ぴんちひつたあ -> あいず -> ずいじ -> じゆつご
minimax vs alpha_beta,minimax,alpha_beta,D1000_seed0_minimax_vs_alpha_beta_0,1000,0,second,no_legal_move,6,second,alpha_beta,ご,じゆつご,ごんどら,ご,ら,ら,0.001929,False,-37.0,4,4,True,41,10,ぶんぴ -> ぴんちひつたあ -> あいず -> ずいじ -> じゆつご -> ごんどら
minimax vs alpha_beta,minimax,alpha_beta,D1000_seed0_minimax_vs_alpha_beta_0,1000,0,second,no_legal_move,7,first,minimax,ら,ごんどら,らんぐ,ら,ぐ,ぐ,0.000855,False,37.0,3,3,True,,1,ぶんぴ -> ぴんちひつたあ -> あいず -> ずいじ -> じゆつご -> ごんどら -> らんぐ
minimax vs alpha_beta,minimax,alpha_beta,D1000_seed0_minimax_vs_alpha_beta_0,1000,0,second,no_legal_move,8,second,alpha_beta,ぐ,らんぐ,ぐるうぷほおむ,ぐ,む,む,0.002187,False,-37.0,4,4,True,24,4,ぶんぴ -> ぴんちひつたあ -> あいず -> ずいじ -> じゆつご -> ごんどら -> らんぐ -> ぐるうぷほおむ
minimax vs alpha_beta,minimax,alpha_beta,D1000_seed0_minimax_vs_alpha_beta_0,1000,0,second,no_legal_move,9,first,minimax,む,ぐるうぷほおむ,むね,む,ね,ね,0.031221,False,37.0,3,3,True,,7,ぶんぴ -> ぴんちひつたあ -> あいず -> ずいじ -> じゆつご -> ごんどら -> らんぐ -> ぐるうぷほおむ -> むね
minimax vs alpha_beta,minimax,alpha_beta,D1000_seed0_minimax_vs_alpha_beta_0,1000,0,second,no_legal_move,10,second,alpha_beta,ね,むね,ねぼける,ね,る,る,0.003724,False,-22.0,4,4,True,65,10,ぶんぴ -> ぴんちひつたあ -> あいず -> ずいじ -> じゆつご -> ごんどら -> らんぐ -> ぐるうぷほおむ -> むね -> ねぼける
minimax vs alpha_beta,minimax,alpha_beta,D1000_seed0_minimax_vs_alpha_beta_0,1000,0,second,no_legal_move,11,first,minimax,る,ねぼける,るり,る,り,り,0.008736,False,22.0,3,3,True,,4,ぶんぴ -> ぴんちひつたあ -> あいず -> ずいじ -> じゆつご -> ごんどら -> らんぐ -> ぐるうぷほおむ -> むね -> ねぼける -> るり
minimax vs alpha_beta,minimax,alpha_beta,D1000_seed0_minimax_vs_alpha_beta_0,1000,0,second,no_legal_move,12,second,alpha_beta,り,るり,りいだあしつぷ,り,ぷ,ぷ,0.005981,False,-22.0,4,4,True,101,16,ぶんぴ -> ぴんちひつたあ -> あいず -> ずいじ -> じゆつご -> ごんどら -> らんぐ -> ぐるうぷほおむ -> むね -> ねぼける -> るり -> りいだあしつぷ
minimax vs alpha_beta,minimax,alpha_beta,D1000_seed0_minimax_vs_alpha_beta_0,1000,0,second,no_legal_move,13,first,minimax,ぷ,りいだあしつぷ,ぷりんた,ぷ,た,た,0.013796,False,22.0,3,3,True,,7,ぶんぴ -> ぴんちひつたあ -> あいず -> ずいじ -> じゆつご -> ごんどら -> らんぐ -> ぐるうぷほおむ -> むね -> ねぼける -> るり -> りいだあしつぷ -> ぷりんた
minimax vs alpha_beta,minimax,alpha_beta,D1000_seed0_minimax_vs_alpha_beta_0,1000,0,second,no_legal_move,14,second,alpha_beta,た,ぷりんた,たいあつぷ,た,ぷ,ぷ,0.002722,False,-10.5,4,4,True,62,19,ぶんぴ -> ぴんちひつたあ -> あいず -> ずいじ -> じゆつご -> ごんどら -> らんぐ -> ぐるうぷほおむ -> むね -> ねぼける -> るり -> りいだあしつぷ -> ぷりんた -> たいあつぷ
minimax vs alpha_beta,minimax,alpha_beta,D1000_seed0_minimax_vs_alpha_beta_0,1000,0,second,no_legal_move,15,first,minimax,ぷ,たいあつぷ,ぷうる,ぷ,る,る,0.009435,False,10.5,3,3,True,,6,ぶんぴ -> ぴんちひつたあ -> あいず -> ずいじ -> じゆつご -> ごんどら -> らんぐ -> ぐるうぷほおむ -> むね -> ねぼける -> るり -> りいだあしつぷ -> ぷりんた -> たいあつぷ -> ぷうる
minimax vs alpha_beta,minimax,alpha_beta,D1000_seed0_minimax_vs_alpha_beta_0,1000,0,second,no_legal_move,16,second,alpha_beta,る,ぷうる,るみのおる,る,る,る,0.000417,False,10.5,4,4,True,10,3,ぶんぴ -> ぴんちひつたあ -> あいず -> ずいじ -> じゆつご -> ごんどら -> らんぐ -> ぐるうぷほおむ -> むね -> ねぼける -> るり -> りいだあしつぷ -> ぷりんた -> たいあつぷ -> ぷうる -> るみのおる
minimax vs alpha_beta,minimax,alpha_beta,D1000_seed0_minimax_vs_alpha_beta_0,1000,0,second,no_legal_move,17,first,minimax,る,るみのおる,るぽるたあじゆ,る,ゆ,ゆ,0.001576,False,-10.5,3,3,True,,2,ぶんぴ -> ぴんちひつたあ -> あいず -> ずいじ -> じゆつご -> ごんどら -> らんぐ -> ぐるうぷほおむ -> むね -> ねぼける -> るり -> りいだあしつぷ -> ぷりんた -> たいあつぷ -> ぷうる -> るみのおる -> るぽるたあじゆ
minimax vs alpha_beta,minimax,alpha_beta,D1000_seed0_minimax_vs_alpha_beta_0,1000,0,second,no_legal_move,18,second,alpha_beta,ゆ,るぽるたあじゆ,ゆらぐ,ゆ,ぐ,ぐ,0.001046,False,109.0,4,4,True,21,6,ぶんぴ -> ぴんちひつたあ -> あいず -> ずいじ -> じゆつご -> ごんどら -> らんぐ -> ぐるうぷほおむ -> むね -> ねぼける -> るり -> りいだあしつぷ -> ぷりんた -> たいあつぷ -> ぷうる -> るみのおる -> るぽるたあじゆ -> ゆらぐ
minimax vs alpha_beta,minimax,alpha_beta,D1000_seed0_minimax_vs_alpha_beta_0,1000,0,second,no_legal_move,19,first,minimax,ぐ,ゆらぐ,ぐんぶ,ぐ,ぶ,ぶ,0.002375,False,-109.0,3,3,True,,3,ぶんぴ -> ぴんちひつたあ -> あいず -> ずいじ -> じゆつご -> ごんどら -> らんぐ -> ぐるうぷほおむ -> むね -> ねぼける -> るり -> りいだあしつぷ -> ぷりんた -> たいあつぷ -> ぷうる -> るみのおる -> るぽるたあじゆ -> ゆらぐ -> ぐんぶ
minimax vs alpha_beta,minimax,alpha_beta,D1000_seed0_minimax_vs_alpha_beta_0,1000,0,second,no_legal_move,20,second,alpha_beta,ぶ,ぐんぶ,ぶんぐ,ぶ,ぐ,ぐ,0.000485,False,1000000.0,4,4,True,14,7,ぶんぴ -> ぴんちひつたあ -> あいず -> ずいじ -> じゆつご -> ごんどら -> らんぐ -> ぐるうぷほおむ -> むね -> ねぼける -> るり -> りいだあしつぷ -> ぷりんた -> たいあつぷ -> ぷうる -> るみのおる -> るぽるたあじゆ -> ゆらぐ -> ぐんぶ -> ぶんぐ
minimax vs alpha_beta,minimax,alpha_beta,D1000_seed0_minimax_vs_alpha_beta_0,1000,0,second,no_legal_move,21,first,minimax,ぐ,ぶんぐ,ぐんぷく,ぐ,く,く,7.9e-05,False,-1000000.0,3,3,True,,2,ぶんぴ -> ぴんちひつたあ -> あいず -> ずいじ -> じゆつご -> ごんどら -> らんぐ -> ぐるうぷほおむ -> むね -> ねぼける -> るり -> りいだあしつぷ -> ぷりんた -> たいあつぷ -> ぷうる -> るみのおる -> るぽるたあじゆ -> ゆらぐ -> ぐんぶ -> ぶんぐ -> ぐんぷく
minimax vs alpha_beta,minimax,alpha_beta,D1000_seed0_minimax_vs_alpha_beta_0,1000,0,second,no_legal_move,22,second,alpha_beta,く,ぐんぷく,くらべる,く,る,る,0.001205,False,1000000.0,4,4,True,42,19,ぶんぴ -> ぴんちひつたあ -> あいず -> ずいじ -> じゆつご -> ごんどら -> らんぐ -> ぐるうぷほおむ -> むね -> ねぼける -> るり -> りいだあしつぷ -> ぷりんた -> たいあつぷ -> ぷうる -> るみのおる -> るぽるたあじゆ -> ゆらぐ -> ぐんぶ -> ぶんぐ -> ぐんぷく -> くらべる
minimax vs alpha_beta,minimax,alpha_beta,D1000_seed0_minimax_vs_alpha_beta_0,1000,0,second,no_legal_move,23,first,minimax,る,くらべる,るうきい,る,い,い,4.9e-05,False,-1000000.0,3,3,True,,1,ぶんぴ -> ぴんちひつたあ -> あいず -> ずいじ -> じゆつご -> ごんどら -> らんぐ -> ぐるうぷほおむ -> むね -> ねぼける -> るり -> りいだあしつぷ -> ぷりんた -> たいあつぷ -> ぷうる -> るみのおる -> るぽるたあじゆ -> ゆらぐ -> ぐんぶ -> ぶんぐ -> ぐんぷく -> くらべる -> るうきい
minimax vs alpha_beta,minimax,alpha_beta,D1000_seed0_minimax_vs_alpha_beta_0,1000,0,second,no_legal_move,24,second,alpha_beta,い,るうきい,いくら,い,ら,ら,0.000794,False,1000000.0,4,4,True,27,20,ぶんぴ -> ぴんちひつたあ -> あいず -> ずいじ -> じゆつご -> ごんどら -> らんぐ -> ぐるうぷほおむ -> むね -> ねぼける -> るり -> りいだあしつぷ -> ぷりんた -> たいあつぷ -> ぷうる -> るみのおる -> るぽるたあじゆ -> ゆらぐ -> ぐんぶ -> ぶんぐ -> ぐんぷく -> くらべる -> るうきい -> いくら
monte_carlo vs random,monte_carlo,random,D1000_seed0_monte_carlo_vs_random_0,1000,0,first,no_legal_move,1,first,monte_carlo,ANY,,あれこれ,あ,れ,れ,0.013149,False,0.9,,,,,,あれこれ
monte_carlo vs random,monte_carlo,random,D1000_seed0_monte_carlo_vs_random_0,1000,0,first,no_legal_move,2,second,random,れ,あれこれ,れげえ,れ,え,え,2e-06,False,0.0,,,,,,あれこれ -> れげえ
monte_carlo vs random,monte_carlo,random,D1000_seed0_monte_carlo_vs_random_0,1000,0,first,no_legal_move,3,first,monte_carlo,え,れげえ,えつせえ,え,え,え,0.006533,False,0.6,,,,,,あれこれ -> れげえ -> えつせえ
monte_carlo vs random,monte_carlo,random,D1000_seed0_monte_carlo_vs_random_0,1000,0,first,no_legal_move,4,second,random,え,えつせえ,えんじにあ,え,あ,あ,2e-06,False,0.0,,,,,,あれこれ -> れげえ -> えつせえ -> えんじにあ
monte_carlo vs random,monte_carlo,random,D1000_seed0_monte_carlo_vs_random_0,1000,0,first,no_legal_move,5,first,monte_carlo,あ,えんじにあ,あて,あ,て,て,0.012673,False,0.8,,,,,,あれこれ -> れげえ -> えつせえ -> えんじにあ -> あて
monte_carlo vs random,monte_carlo,random,D1000_seed0_monte_carlo_vs_random_0,1000,0,first,no_legal_move,6,second,random,て,あて,てんじ,て,じ,じ,2e-06,False,0.0,,,,,,あれこれ -> れげえ -> えつせえ -> えんじにあ -> あて -> てんじ
monte_carlo vs random,monte_carlo,random,D1000_seed0_monte_carlo_vs_random_0,1000,0,first,no_legal_move,7,first,monte_carlo,じ,てんじ,じゆりつ,じ,つ,つ,0.013332,False,0.8,,,,,,あれこれ -> れげえ -> えつせえ -> えんじにあ -> あて -> てんじ -> じゆりつ
monte_carlo vs random,monte_carlo,random,D1000_seed0_monte_carlo_vs_random_0,1000,0,first,no_legal_move,8,second,random,つ,じゆりつ,ついちよう,つ,う,う,1e-06,False,0.0,,,,,,あれこれ -> れげえ -> えつせえ -> えんじにあ -> あて -> てんじ -> じゆりつ -> ついちよう
monte_carlo vs random,monte_carlo,random,D1000_seed0_monte_carlo_vs_random_0,1000,0,first,no_legal_move,9,first,monte_carlo,う,ついちよう,うけとめる,う,る,る,0.013319,False,0.6,,,,,,あれこれ -> れげえ -> えつせえ -> えんじにあ -> あて -> てんじ -> じゆりつ -> ついちよう -> うけとめる
monte_carlo vs random,monte_carlo,random,D1000_seed0_monte_carlo_vs_random_0,1000,0,first,no_legal_move,10,second,random,る,うけとめる,るみのおる,る,る,る,1e-06,False,0.0,,,,,,あれこれ -> れげえ -> えつせえ -> えんじにあ -> あて -> てんじ -> じゆりつ -> ついちよう -> うけとめる -> るみのおる
monte_carlo vs random,monte_carlo,random,D1000_seed0_monte_carlo_vs_random_0,1000,0,first,no_legal_move,11,first,monte_carlo,る,るみのおる,るぽるたあじゆ,る,ゆ,ゆ,0.001621,False,0.3,,,,,,あれこれ -> れげえ -> えつせえ -> えんじにあ -> あて -> てんじ -> じゆりつ -> ついちよう -> うけとめる -> るみのおる -> るぽるたあじゆ
monte_carlo vs random,monte_carlo,random,D1000_seed0_monte_carlo_vs_random_0,1000,0,first,no_legal_move,12,second,random,ゆ,るぽるたあじゆ,ゆらい,ゆ,い,い,1e-06,False,0.0,,,,,,あれこれ -> れげえ -> えつせえ -> えんじにあ -> あて -> てんじ -> じゆりつ -> ついちよう -> うけとめる -> るみのおる -> るぽるたあじゆ -> ゆらい
monte_carlo vs random,monte_carlo,random,D1000_seed0_monte_carlo_vs_random_0,1000,0,first,no_legal_move,13,first,monte_carlo,い,ゆらい,いんせんていぶ,い,ぶ,ぶ,0.010883,False,0.7,,,,,,あれこれ -> れげえ -> えつせえ -> えんじにあ -> あて -> てんじ -> じゆりつ -> ついちよう -> うけとめる -> るみのおる -> るぽるたあじゆ -> ゆらい -> いんせんていぶ
monte_carlo vs random,monte_carlo,random,D1000_seed0_monte_carlo_vs_random_0,1000,0,first,no_legal_move,14,second,random,ぶ,いんせんていぶ,ぶんぴ,ぶ,ぴ,ぴ,1e-06,False,0.0,,,,,,あれこれ -> れげえ -> えつせえ -> えんじにあ -> あて -> てんじ -> じゆりつ -> ついちよう -> うけとめる -> るみのおる -> るぽるたあじゆ -> ゆらい -> いんせんていぶ -> ぶんぴ
monte_carlo vs random,monte_carlo,random,D1000_seed0_monte_carlo_vs_random_0,1000,0,first,no_legal_move,15,first,monte_carlo,ぴ,ぶんぴ,ぴんちひつたあ,ぴ,あ,あ,0.000608,False,0.5,,,,,,あれこれ -> れげえ -> えつせえ -> えんじにあ -> あて -> てんじ -> じゆりつ -> ついちよう -> うけとめる -> るみのおる -> るぽるたあじゆ -> ゆらい -> いんせんていぶ -> ぶんぴ -> ぴんちひつたあ
monte_carlo vs random,monte_carlo,random,D1000_seed0_monte_carlo_vs_random_0,1000,0,first,no_legal_move,16,second,random,あ,ぴんちひつたあ,あわあ,あ,あ,あ,2e-06,False,0.0,,,,,,あれこれ -> れげえ -> えつせえ -> えんじにあ -> あて -> てんじ -> じゆりつ -> ついちよう -> うけとめる -> るみのおる -> るぽるたあじゆ -> ゆらい -> いんせんていぶ -> ぶんぴ -> ぴんちひつたあ -> あわあ
monte_carlo vs random,monte_carlo,random,D1000_seed0_monte_carlo_vs_random_0,1000,0,first,no_legal_move,17,first,monte_carlo,あ,あわあ,ああち,あ,ち,ち,0.009645,False,0.9,,,,,,あれこれ -> れげえ -> えつせえ -> えんじにあ -> あて -> てんじ -> じゆりつ -> ついちよう -> うけとめる -> るみのおる -> るぽるたあじゆ -> ゆらい -> いんせんていぶ -> ぶんぴ -> ぴんちひつたあ -> あわあ -> ああち
monte_carlo vs random,monte_carlo,random,D1000_seed0_monte_carlo_vs_random_0,1000,0,first,no_legal_move,18,second,random,ち,ああち,ちる,ち,る,る,2e-06,False,0.0,,,,,,あれこれ -> れげえ -> えつせえ -> えんじにあ -> あて -> てんじ -> じゆりつ -> ついちよう -> うけとめる -> るみのおる -> るぽるたあじゆ -> ゆらい -> いんせんていぶ -> ぶんぴ -> ぴんちひつたあ -> あわあ -> ああち -> ちる
monte_carlo vs random,monte_carlo,random,D1000_seed0_monte_carlo_vs_random_0,1000,0,first,no_legal_move,19,first,monte_carlo,る,ちる,るり,る,り,り,0.000676,False,0.4,,,,,,あれこれ -> れげえ -> えつせえ -> えんじにあ -> あて -> てんじ -> じゆりつ -> ついちよう -> うけとめる -> るみのおる -> るぽるたあじゆ -> ゆらい -> いんせんていぶ -> ぶんぴ -> ぴんちひつたあ -> あわあ -> ああち -> ちる -> るり
monte_carlo vs random,monte_carlo,random,D1000_seed0_monte_carlo_vs_random_0,1000,0,first,no_legal_move,20,second,random,り,るり,りつかい,り,い,い,1e-06,False,0.0,,,,,,あれこれ -> れげえ -> えつせえ -> えんじにあ -> あて -> てんじ -> じゆりつ -> ついちよう -> うけとめる -> るみのおる -> るぽるたあじゆ -> ゆらい -> いんせんていぶ -> ぶんぴ -> ぴんちひつたあ -> あわあ -> ああち -> ちる -> るり -> りつかい
monte_carlo vs random,monte_carlo,random,D1000_seed0_monte_carlo_vs_random_0,1000,0,first,no_legal_move,21,first,monte_carlo,い,りつかい,いくら,い,ら,ら,0.007134,False,0.7,,,,,,あれこれ -> れげえ -> えつせえ -> えんじにあ -> あて -> てんじ -> じゆりつ -> ついちよう -> うけとめる -> るみのおる -> るぽるたあじゆ -> ゆらい -> いんせんていぶ -> ぶんぴ -> ぴんちひつたあ -> あわあ -> ああち -> ちる -> るり -> りつかい -> いくら
monte_carlo vs random,monte_carlo,random,D1000_seed0_monte_carlo_vs_random_0,1000,0,first,no_legal_move,22,second,random,ら,いくら,らんぐ,ら,ぐ,ぐ,1e-06,False,0.0,,,,,,あれこれ -> れげえ -> えつせえ -> えんじにあ -> あて -> てんじ -> じゆりつ -> ついちよう -> うけとめる -> るみのおる -> るぽるたあじゆ -> ゆらい -> いんせんていぶ -> ぶんぴ -> ぴんちひつたあ -> あわあ -> ああち -> ちる -> るり -> りつかい -> いくら -> らんぐ
monte_carlo vs random,monte_carlo,random,D1000_seed0_monte_carlo_vs_random_0,1000,0,first,no_legal_move,23,first,monte_carlo,ぐ,らんぐ,ぐるうぷほおむ,ぐ,む,む,0.00084,False,0.8,,,,,,あれこれ -> れげえ -> えつせえ -> えんじにあ -> あて -> てんじ -> じゆりつ -> ついちよう -> うけとめる -> るみのおる -> るぽるたあじゆ -> ゆらい -> いんせんていぶ -> ぶんぴ -> ぴんちひつたあ -> あわあ -> ああち -> ちる -> るり -> りつかい -> いくら -> らんぐ -> ぐるうぷほおむ
monte_carlo vs random,monte_carlo,random,D1000_seed0_monte_carlo_vs_random_0,1000,0,first,no_legal_move,24,second,random,む,ぐるうぷほおむ,むぼう,む,う,う,1e-06,False,0.0,,,,,,あれこれ -> れげえ -> えつせえ -> えんじにあ -> あて -> てんじ -> じゆりつ -> ついちよう -> うけとめる -> るみのおる -> るぽるたあじゆ -> ゆらい -> いんせんていぶ -> ぶんぴ -> ぴんちひつたあ -> あわあ -> ああち -> ちる -> るり -> りつかい -> いくら -> らんぐ -> ぐるうぷほおむ -> むぼう
monte_carlo vs random,monte_carlo,random,D1000_seed0_monte_carlo_vs_random_0,1000,0,first,no_legal_move,25,first,monte_carlo,う,むぼう,うたげ,う,げ,げ,0.005967,False,0.7,,,,,,あれこれ -> れげえ -> えつせえ -> えんじにあ -> あて -> てんじ -> じゆりつ -> ついちよう -> うけとめる -> るみのおる -> るぽるたあじゆ -> ゆらい -> いんせんていぶ -> ぶんぴ -> ぴんちひつたあ -> あわあ -> ああち -> ちる -> るり -> りつかい -> いくら -> らんぐ -> ぐるうぷほおむ -> むぼう -> うたげ
monte_carlo vs random,monte_carlo,random,D1000_seed0_monte_carlo_vs_random_0,1000,0,first,no_legal_move,26,second,random,げ,うたげ,げんたい,げ,い,い,1e-06,False,0.0,,,,,,あれこれ -> れげえ -> えつせえ -> えんじにあ -> あて -> てんじ -> じゆりつ -> ついちよう -> うけとめる -> るみのおる -> るぽるたあじゆ -> ゆらい -> いんせんていぶ -> ぶんぴ -> ぴんちひつたあ -> あわあ -> ああち -> ちる -> るり -> りつかい -> いくら -> らんぐ -> ぐるうぷほおむ -> むぼう -> うたげ -> げんたい
monte_carlo vs random,monte_carlo,random,D1000_seed0_monte_carlo_vs_random_0,1000,0,first,no_legal_move,27,first,monte_carlo,い,げんたい,いらいら,い,ら,ら,0.005536,False,1.0,,,,,,あれこれ -> れげえ -> えつせえ -> えんじにあ -> あて -> てんじ -> じゆりつ -> ついちよう -> うけとめる -> るみのおる -> るぽるたあじゆ -> ゆらい -> いんせんていぶ -> ぶんぴ -> ぴんちひつたあ -> あわあ -> ああち -> ちる -> るり -> りつかい -> いくら -> らんぐ -> ぐるうぷほおむ -> むぼう -> うたげ -> げんたい -> いらいら
monte_carlo vs greedy,monte_carlo,greedy,D1000_seed0_monte_carlo_vs_greedy_0,1000,0,first,no_legal_move,1,first,monte_carlo,ANY,,あれこれ,あ,れ,れ,0.012717,False,0.9,,,,,,あれこれ
monte_carlo vs greedy,monte_carlo,greedy,D1000_seed0_monte_carlo_vs_greedy_0,1000,0,first,no_legal_move,2,second,greedy,れ,あれこれ,れげえ,れ,え,え,8e-06,False,-219.5,,,,,3,あれこれ -> れげえ
monte_carlo vs greedy,monte_carlo,greedy,D1000_seed0_monte_carlo_vs_greedy_0,1000,0,first,no_legal_move,3,first,monte_carlo,え,れげえ,えつせえ,え,え,え,0.006475,False,0.6,,,,,,あれこれ -> れげえ -> えつせえ
monte_carlo vs greedy,monte_carlo,greedy,D1000_seed0_monte_carlo_vs_greedy_0,1000,0,first,no_legal_move,4,second,greedy,え,えつせえ,えんしゆつ,え,つ,つ,2.2e-05,False,-276.0,,,,,9,あれこれ -> れげえ -> えつせえ -> えんしゆつ
monte_carlo vs greedy,monte_carlo,greedy,D1000_seed0_monte_carlo_vs_greedy_0,1000,0,first,no_legal_move,5,first,monte_carlo,つ,えんしゆつ,つるぎ,つ,ぎ,ぎ,0.008892,False,0.9,,,,,,あれこれ -> れげえ -> えつせえ -> えんしゆつ -> つるぎ
monte_carlo vs greedy,monte_carlo,greedy,D1000_seed0_monte_carlo_vs_greedy_0,1000,0,first,no_legal_move,6,second,greedy,ぎ,つるぎ,ぎようざ,ぎ,ざ,ざ,2e-05,False,-94.0,,,,,11,あれこれ -> れげえ -> えつせえ -> えんしゆつ -> つるぎ -> ぎようざ
monte_carlo vs greedy,monte_carlo,greedy,D1000_seed0_monte_carlo_vs_greedy_0,1000,0,first,no_legal_move,7,first,monte_carlo,ざ,ぎようざ,ざんぎよう,ざ,う,う,0.002097,False,0.7,,,,,,あれこれ -> れげえ -> えつせえ -> えんしゆつ -> つるぎ -> ぎようざ -> ざんぎよう
monte_carlo vs greedy,monte_carlo,greedy,D1000_seed0_monte_carlo_vs_greedy_0,1000,0,first,no_legal_move,8,second,greedy,う,ざんぎよう,うけとめる,う,る,る,3.9e-05,False,-92.0,,,,,25,あれこれ -> れげえ -> えつせえ -> えんしゆつ -> つるぎ -> ぎようざ -> ざんぎよう -> うけとめる
monte_carlo vs greedy,monte_carlo,greedy,D1000_seed0_monte_carlo_vs_greedy_0,1000,0,first,no_legal_move,9,first,monte_carlo,る,うけとめる,るみのおる,る,る,る,0.001948,False,0.6,,,,,,あれこれ -> れげえ -> えつせえ -> えんしゆつ -> つるぎ -> ぎようざ -> ざんぎよう -> うけとめる -> るみのおる
monte_carlo vs greedy,monte_carlo,greedy,D1000_seed0_monte_carlo_vs_greedy_0,1000,0,first,no_legal_move,10,second,greedy,る,るみのおる,るぽるたあじゆ,る,ゆ,ゆ,6e-06,False,-138.0,,,,,3,あれこれ -> れげえ -> えつせえ -> えんしゆつ -> つるぎ -> ぎようざ -> ざんぎよう -> うけとめる -> るみのおる -> るぽるたあじゆ
monte_carlo vs greedy,monte_carlo,greedy,D1000_seed0_monte_carlo_vs_greedy_0,1000,0,first,no_legal_move,11,first,monte_carlo,ゆ,るぽるたあじゆ,ゆうぼく,ゆ,く,く,0.00326,False,0.6,,,,,,あれこれ -> れげえ -> えつせえ -> えんしゆつ -> つるぎ -> ぎようざ -> ざんぎよう -> うけとめる -> るみのおる -> るぽるたあじゆ -> ゆうぼく
monte_carlo vs greedy,monte_carlo,greedy,D1000_seed0_monte_carlo_vs_greedy_0,1000,0,first,no_legal_move,12,second,greedy,く,ゆうぼく,くれる,く,る,る,2.7e-05,False,-46.0,,,,,19,あれこれ -> れげえ -> えつせえ -> えんしゆつ -> つるぎ -> ぎようざ -> ざんぎよう -> うけとめる -> るみのおる -> るぽるたあじゆ -> ゆうぼく -> くれる
monte_carlo vs greedy,monte_carlo,greedy,D1000_seed0_monte_carlo_vs_greedy_0,1000,0,first,no_legal_move,13,first,monte_carlo,る,くれる,るり,る,り,り,0.0009,False,0.7,,,,,,あれこれ -> れげえ -> えつせえ -> えんしゆつ -> つるぎ -> ぎようざ -> ざんぎよう -> うけとめる -> るみのおる -> るぽるたあじゆ -> ゆうぼく -> くれる -> るり
monte_carlo vs greedy,monte_carlo,greedy,D1000_seed0_monte_carlo_vs_greedy_0,1000,0,first,no_legal_move,14,second,greedy,り,るり,りふれつしゆ,り,ゆ,ゆ,2.5e-05,False,-115.0,,,,,16,あれこれ -> れげえ -> えつせえ -> えんしゆつ -> つるぎ -> ぎようざ -> ざんぎよう -> うけとめる -> るみのおる -> るぽるたあじゆ -> ゆうぼく -> くれる -> るり -> りふれつしゆ
monte_carlo vs greedy,monte_carlo,greedy,D1000_seed0_monte_carlo_vs_greedy_0,1000,0,first,no_legal_move,15,first,monte_carlo,ゆ,りふれつしゆ,ゆうびんきよく,ゆ,く,く,0.001799,False,0.8,,,,,,あれこれ -> れげえ -> えつせえ -> えんしゆつ -> つるぎ -> ぎようざ -> ざんぎよう -> うけとめる -> るみのおる -> るぽるたあじゆ -> ゆうぼく -> くれる -> るり -> りふれつしゆ -> ゆうびんきよく
monte_carlo vs greedy,monte_carlo,greedy,D1000_seed0_monte_carlo_vs_greedy_0,1000,0,first,no_legal_move,16,second,greedy,く,ゆうびんきよく,くるしめる,く,る,る,2.7e-05,False,-23.0,,,,,18,あれこれ -> れげえ -> えつせえ -> えんしゆつ -> つるぎ -> ぎようざ -> ざんぎよう -> うけとめる -> るみのおる -> るぽるたあじゆ -> ゆうぼく -> くれる -> るり -> りふれつしゆ -> ゆうびんきよく -> くるしめる
monte_carlo vs greedy,monte_carlo,greedy,D1000_seed0_monte_carlo_vs_greedy_0,1000,0,first,no_legal_move,17,first,monte_carlo,る,くるしめる,るうきい,る,い,い,0.000153,False,0.6,,,,,,あれこれ -> れげえ -> えつせえ -> えんしゆつ -> つるぎ -> ぎようざ -> ざんぎよう -> うけとめる -> るみのおる -> るぽるたあじゆ -> ゆうぼく -> くれる -> るり -> りふれつしゆ -> ゆうびんきよく -> くるしめる -> るうきい
monte_carlo vs greedy,monte_carlo,greedy,D1000_seed0_monte_carlo_vs_greedy_0,1000,0,first,no_legal_move,18,second,greedy,い,るうきい,いくら,い,ら,ら,4e-05,False,-23.0,,,,,29,あれこれ -> れげえ -> えつせえ -> えんしゆつ -> つるぎ -> ぎようざ -> ざんぎよう -> うけとめる -> るみのおる -> るぽるたあじゆ -> ゆうぼく -> くれる -> るり -> りふれつしゆ -> ゆうびんきよく -> くるしめる -> るうきい -> いくら
monte_carlo vs greedy,monte_carlo,greedy,D1000_seed0_monte_carlo_vs_greedy_0,1000,0,first,no_legal_move,19,first,monte_carlo,ら,いくら,らんぐ,ら,ぐ,ぐ,0.000254,False,0.6,,,,,,あれこれ -> れげえ -> えつせえ -> えんしゆつ -> つるぎ -> ぎようざ -> ざんぎよう -> うけとめる -> るみのおる -> るぽるたあじゆ -> ゆうぼく -> くれる -> るり -> りふれつしゆ -> ゆうびんきよく -> くるしめる -> るうきい -> いくら -> らんぐ
monte_carlo vs greedy,monte_carlo,greedy,D1000_seed0_monte_carlo_vs_greedy_0,1000,0,first,no_legal_move,20,second,greedy,ぐ,らんぐ,ぐるうぷほおむ,ぐ,む,む,5e-06,False,-150.5,,,,,4,あれこれ -> れげえ -> えつせえ -> えんしゆつ -> つるぎ -> ぎようざ -> ざんぎよう -> うけとめる -> るみのおる -> るぽるたあじゆ -> ゆうぼく -> くれる -> るり -> りふれつしゆ -> ゆうびんきよく -> くるしめる -> るうきい -> いくら -> らんぐ -> ぐるうぷほおむ
monte_carlo vs greedy,monte_carlo,greedy,D1000_seed0_monte_carlo_vs_greedy_0,1000,0,first,no_legal_move,21,first,monte_carlo,む,ぐるうぷほおむ,むくわれる,む,る,る,0.001016,False,1.0,,,,,,あれこれ -> れげえ -> えつせえ -> えんしゆつ -> つるぎ -> ぎようざ -> ざんぎよう -> うけとめる -> るみのおる -> るぽるたあじゆ -> ゆうぼく -> くれる -> るり -> りふれつしゆ -> ゆうびんきよく -> くるしめる -> るうきい -> いくら -> らんぐ -> ぐるうぷほおむ -> むくわれる
monte_carlo vs minimax,monte_carlo,minimax,D1000_seed0_monte_carlo_vs_minimax_0,1000,0,second,no_legal_move,1,first,monte_carlo,ANY,,あれこれ,あ,れ,れ,0.028486,False,0.9,,,,,,あれこれ
monte_carlo vs minimax,monte_carlo,minimax,D1000_seed0_monte_carlo_vs_minimax_0,1000,0,second,no_legal_move,2,second,minimax,れ,あれこれ,れんたい,れ,い,い,0.019358,False,37.0,3,3,True,,3,あれこれ -> れんたい
monte_carlo vs minimax,monte_carlo,minimax,D1000_seed0_monte_carlo_vs_minimax_0,1000,0,second,no_legal_move,3,first,monte_carlo,い,れんたい,いくら,い,ら,ら,0.013207,False,0.8,,,,,,あれこれ -> れんたい -> いくら
monte_carlo vs minimax,monte_carlo,minimax,D1000_seed0_monte_carlo_vs_minimax_0,1000,0,second,no_legal_move,4,second,minimax,ら,いくら,らんぐ,ら,ぐ,ぐ,0.000886,False,37.0,3,3,True,,1,あれこれ -> れんたい -> いくら -> らんぐ
monte_carlo vs minimax,monte_carlo,minimax,D1000_seed0_monte_carlo_vs_minimax_0,1000,0,second,no_legal_move,5,first,monte_carlo,ぐ,らんぐ,ぐんぶ,ぐ,ぶ,ぶ,0.001663,False,0.7,,,,,,あれこれ -> れんたい -> いくら -> らんぐ -> ぐんぶ
monte_carlo vs minimax,monte_carlo,minimax,D1000_seed0_monte_carlo_vs_minimax_0,1000,0,second,no_legal_move,6,second,minimax,ぶ,ぐんぶ,ぶんぴ,ぶ,ぴ,ぴ,0.026802,False,298.0,3,3,True,,8,あれこれ -> れんたい -> いくら -> らんぐ -> ぐんぶ -> ぶんぴ
monte_carlo vs minimax,monte_carlo,minimax,D1000_seed0_monte_carlo_vs_minimax_0,1000,0,second,no_legal_move,7,first,monte_carlo,ぴ,ぶんぴ,ぴんちひつたあ,ぴ,あ,あ,0.000582,False,0.3,,,,,,あれこれ -> れんたい -> いくら -> らんぐ -> ぐんぶ -> ぶんぴ -> ぴんちひつたあ
monte_carlo vs minimax,monte_carlo,minimax,D1000_seed0_monte_carlo_vs_minimax_0,1000,0,second,no_legal_move,8,second,minimax,あ,ぴんちひつたあ,あいず,あ,ず,ず,0.09917,False,136.5,3,3,True,,20,あれこれ -> れんたい -> いくら -> らんぐ -> ぐんぶ -> ぶんぴ -> ぴんちひつたあ -> あいず
monte_carlo vs minimax,monte_carlo,minimax,D1000_seed0_monte_carlo_vs_minimax_0,1000,0,second,no_legal_move,9,first,monte_carlo,ず,あいず,ずらす,ず,す,す,0.001724,False,0.7,,,,,,あれこれ -> れんたい -> いくら -> らんぐ -> ぐんぶ -> ぶんぴ -> ぴんちひつたあ -> あいず -> ずらす
monte_carlo vs minimax,monte_carlo,minimax,D1000_seed0_monte_carlo_vs_minimax_0,1000,0,second,no_legal_move,10,second,minimax,す,ずらす,すらすら,す,ら,ら,0.035524,False,1000000.0,3,3,True,,14,あれこれ -> れんたい -> いくら -> らんぐ -> ぐんぶ -> ぶんぴ -> ぴんちひつたあ -> あいず -> ずらす -> すらすら
monte_carlo vs alpha_beta,monte_carlo,alpha_beta,D1000_seed0_monte_carlo_vs_alpha_beta_0,1000,0,second,no_legal_move,1,first,monte_carlo,ANY,,あれこれ,あ,れ,れ,0.013433,False,0.9,,,,,,あれこれ
monte_carlo vs alpha_beta,monte_carlo,alpha_beta,D1000_seed0_monte_carlo_vs_alpha_beta_0,1000,0,second,no_legal_move,2,second,alpha_beta,れ,あれこれ,れげえ,れ,え,え,0.005427,False,-46.0,4,4,True,43,3,あれこれ -> れげえ
monte_carlo vs alpha_beta,monte_carlo,alpha_beta,D1000_seed0_monte_carlo_vs_alpha_beta_0,1000,0,second,no_legal_move,3,first,monte_carlo,え,れげえ,えつせえ,え,え,え,0.006551,False,0.6,,,,,,あれこれ -> れげえ -> えつせえ
monte_carlo vs alpha_beta,monte_carlo,alpha_beta,D1000_seed0_monte_carlo_vs_alpha_beta_0,1000,0,second,no_legal_move,4,second,alpha_beta,え,えつせえ,えんしゆつ,え,つ,つ,0.007884,False,-46.0,4,4,True,77,9,あれこれ -> れげえ -> えつせえ -> えんしゆつ
monte_carlo vs alpha_beta,monte_carlo,alpha_beta,D1000_seed0_monte_carlo_vs_alpha_beta_0,1000,0,second,no_legal_move,5,first,monte_carlo,つ,えんしゆつ,つるぎ,つ,ぎ,ぎ,0.008996,False,0.9,,,,,,あれこれ -> れげえ -> えつせえ -> えんしゆつ -> つるぎ
monte_carlo vs alpha_beta,monte_carlo,alpha_beta,D1000_seed0_monte_carlo_vs_alpha_beta_0,1000,0,second,no_legal_move,6,second,alpha_beta,ぎ,つるぎ,ぎようざ,ぎ,ざ,ざ,0.00401,False,-37.0,4,4,True,83,11,あれこれ -> れげえ -> えつせえ -> えんしゆつ -> つるぎ -> ぎようざ
monte_carlo vs alpha_beta,monte_carlo,alpha_beta,D1000_seed0_monte_carlo_vs_alpha_beta_0,1000,0,second,no_legal_move,7,first,monte_carlo,ざ,ぎようざ,ざんぎよう,ざ,う,う,0.002025,False,0.7,,,,,,あれこれ -> れげえ -> えつせえ -> えんしゆつ -> つるぎ -> ぎようざ -> ざんぎよう
monte_carlo vs alpha_beta,monte_carlo,alpha_beta,D1000_seed0_monte_carlo_vs_alpha_beta_0,1000,0,second,no_legal_move,8,second,alpha_beta,う,ざんぎよう,うけとめる,う,る,る,0.007629,False,-33.5,4,4,True,156,20,あれこれ -> れげえ -> えつせえ -> えんしゆつ -> つるぎ -> ぎようざ -> ざんぎよう -> うけとめる
monte_carlo vs alpha_beta,monte_carlo,alpha_beta,D1000_seed0_monte_carlo_vs_alpha_beta_0,1000,0,second,no_legal_move,9,first,monte_carlo,る,うけとめる,るみのおる,る,る,る,0.001982,False,0.6,,,,,,あれこれ -> れげえ -> えつせえ -> えんしゆつ -> つるぎ -> ぎようざ -> ざんぎよう -> うけとめる -> るみのおる
monte_carlo vs alpha_beta,monte_carlo,alpha_beta,D1000_seed0_monte_carlo_vs_alpha_beta_0,1000,0,second,no_legal_move,10,second,alpha_beta,る,るみのおる,るり,る,り,り,0.004601,False,-33.5,4,4,True,50,3,あれこれ -> れげえ -> えつせえ -> えんしゆつ -> つるぎ -> ぎようざ -> ざんぎよう -> うけとめる -> るみのおる -> るり
monte_carlo vs alpha_beta,monte_carlo,alpha_beta,D1000_seed0_monte_carlo_vs_alpha_beta_0,1000,0,second,no_legal_move,11,first,monte_carlo,り,るり,りふれつしゆ,り,ゆ,ゆ,0.007894,False,0.8,,,,,,あれこれ -> れげえ -> えつせえ -> えんしゆつ -> つるぎ -> ぎようざ -> ざんぎよう -> うけとめる -> るみのおる -> るり -> りふれつしゆ
monte_carlo vs alpha_beta,monte_carlo,alpha_beta,D1000_seed0_monte_carlo_vs_alpha_beta_0,1000,0,second,no_legal_move,12,second,alpha_beta,ゆ,りふれつしゆ,ゆくえ,ゆ,え,え,0.003878,False,0.0,4,4,True,44,6,あれこれ -> れげえ -> えつせえ -> えんしゆつ -> つるぎ -> ぎようざ -> ざんぎよう -> うけとめる -> るみのおる -> るり -> りふれつしゆ -> ゆくえ
monte_carlo vs alpha_beta,monte_carlo,alpha_beta,D1000_seed0_monte_carlo_vs_alpha_beta_0,1000,0,second,no_legal_move,13,first,monte_carlo,え,ゆくえ,えきか,え,か,か,0.003323,False,0.6,,,,,,あれこれ -> れげえ -> えつせえ -> えんしゆつ -> つるぎ -> ぎようざ -> ざんぎよう -> うけとめる -> るみのおる -> るり -> りふれつしゆ -> ゆくえ -> えきか
monte_carlo vs alpha_beta,monte_carlo,alpha_beta,D1000_seed0_monte_carlo_vs_alpha_beta_0,1000,0,second,no_legal_move,14,second,alpha_beta,か,えきか,かわるがわる,か,る,る,0.007081,False,23.0,4,4,True,167,20,あれこれ -> れげえ -> えつせえ -> えんしゆつ -> つるぎ -> ぎようざ -> ざんぎよう -> うけとめる -> るみのおる -> るり -> りふれつしゆ -> ゆくえ -> えきか -> かわるがわる
monte_carlo vs alpha_beta,monte_carlo,alpha_beta,D1000_seed0_monte_carlo_vs_alpha_beta_0,1000,0,second,no_legal_move,15,first,monte_carlo,る,かわるがわる,るうきい,る,い,い,0.000856,False,0.6,,,,,,あれこれ -> れげえ -> えつせえ -> えんしゆつ -> つるぎ -> ぎようざ -> ざんぎよう -> うけとめる -> るみのおる -> るり -> りふれつしゆ -> ゆくえ -> えきか -> かわるがわる -> るうきい
monte_carlo vs alpha_beta,monte_carlo,alpha_beta,D1000_seed0_monte_carlo_vs_alpha_beta_0,1000,0,second,no_legal_move,16,second,alpha_beta,い,るうきい,いしがけ,い,け,け,0.010049,False,23.0,4,4,True,165,20,あれこれ -> れげえ -> えつせえ -> えんしゆつ -> つるぎ -> ぎようざ -> ざんぎよう -> うけとめる -> るみのおる -> るり -> りふれつしゆ -> ゆくえ -> えきか -> かわるがわる -> るうきい -> いしがけ
monte_carlo vs alpha_beta,monte_carlo,alpha_beta,D1000_seed0_monte_carlo_vs_alpha_beta_0,1000,0,second,no_legal_move,17,first,monte_carlo,け,いしがけ,けいしや,け,や,や,0.005231,False,0.7,,,,,,あれこれ -> れげえ -> えつせえ -> えんしゆつ -> つるぎ -> ぎようざ -> ざんぎよう -> うけとめる -> るみのおる -> るり -> りふれつしゆ -> ゆくえ -> えきか -> かわるがわる -> るうきい -> いしがけ -> けいしや
monte_carlo vs alpha_beta,monte_carlo,alpha_beta,D1000_seed0_monte_carlo_vs_alpha_beta_0,1000,0,second,no_legal_move,18,second,alpha_beta,や,けいしや,やきとり,や,り,り,0.004901,False,-41.5,4,4,True,73,9,あれこれ -> れげえ -> えつせえ -> えんしゆつ -> つるぎ -> ぎようざ -> ざんぎよう -> うけとめる -> るみのおる -> るり -> りふれつしゆ -> ゆくえ -> えきか -> かわるがわる -> るうきい -> いしがけ -> けいしや -> やきとり
monte_carlo vs alpha_beta,monte_carlo,alpha_beta,D1000_seed0_monte_carlo_vs_alpha_beta_0,1000,0,second,no_legal_move,19,first,monte_carlo,り,やきとり,りつ,り,つ,つ,0.005086,False,0.8,,,,,,あれこれ -> れげえ -> えつせえ -> えんしゆつ -> つるぎ -> ぎようざ -> ざんぎよう -> うけとめる -> るみのおる -> るり -> りふれつしゆ -> ゆくえ -> えきか -> かわるがわる -> るうきい -> いしがけ -> けいしや -> やきとり -> りつ
monte_carlo vs alpha_beta,monte_carlo,alpha_beta,D1000_seed0_monte_carlo_vs_alpha_beta_0,1000,0,second,no_legal_move,20,second,alpha_beta,つ,りつ,つもる,つ,る,る,0.001204,False,31.0,4,4,True,35,11,あれこれ -> れげえ -> えつせえ -> えんしゆつ -> つるぎ -> ぎようざ -> ざんぎよう -> うけとめる -> るみのおる -> るり -> りふれつしゆ -> ゆくえ -> えきか -> かわるがわる -> るうきい -> いしがけ -> けいしや -> やきとり -> りつ -> つもる
monte_carlo vs alpha_beta,monte_carlo,alpha_beta,D1000_seed0_monte_carlo_vs_alpha_beta_0,1000,0,second,no_legal_move,21,first,monte_carlo,る,つもる,るぽるたあじゆ,る,ゆ,ゆ,0.000146,False,0.7,,,,,,あれこれ -> れげえ -> えつせえ -> えんしゆつ -> つるぎ -> ぎようざ -> ざんぎよう -> うけとめる -> るみのおる -> るり -> りふれつしゆ -> ゆくえ -> えきか -> かわるがわる -> るうきい -> いしがけ -> けいしや -> やきとり -> りつ -> つもる -> るぽるたあじゆ
monte_carlo vs alpha_beta,monte_carlo,alpha_beta,D1000_seed0_monte_carlo_vs_alpha_beta_0,1000,0,second,no_legal_move,22,second,alpha_beta,ゆ,るぽるたあじゆ,ゆらぐ,ゆ,ぐ,ぐ,0.000364,False,1000000.0,4,4,True,11,5,あれこれ -> れげえ -> えつせえ -> えんしゆつ -> つるぎ -> ぎようざ -> ざんぎよう -> うけとめる -> るみのおる -> るり -> りふれつしゆ -> ゆくえ -> えきか -> かわるがわる -> るうきい -> いしがけ -> けいしや -> やきとり -> りつ -> つもる -> るぽるたあじゆ -> ゆらぐ
monte_carlo vs alpha_beta,monte_carlo,alpha_beta,D1000_seed0_monte_carlo_vs_alpha_beta_0,1000,0,second,no_legal_move,23,first,monte_carlo,ぐ,ゆらぐ,ぐるうぷほおむ,ぐ,む,む,0.000593,False,0.6,,,,,,あれこれ -> れげえ -> えつせえ -> えんしゆつ -> つるぎ -> ぎようざ -> ざんぎよう -> うけとめる -> るみのおる -> るり -> りふれつしゆ -> ゆくえ -> えきか -> かわるがわる -> るうきい -> いしがけ -> けいしや -> やきとり -> りつ -> つもる -> るぽるたあじゆ -> ゆらぐ -> ぐるうぷほおむ
monte_carlo vs alpha_beta,monte_carlo,alpha_beta,D1000_seed0_monte_carlo_vs_alpha_beta_0,1000,0,second,no_legal_move,24,second,alpha_beta,む,ぐるうぷほおむ,むくわれる,む,る,る,0.000181,False,1000000.0,4,4,True,5,7,あれこれ -> れげえ -> えつせえ -> えんしゆつ -> つるぎ -> ぎようざ -> ざんぎよう -> うけとめる -> るみのおる -> るり -> りふれつしゆ -> ゆくえ -> えきか -> かわるがわる -> るうきい -> いしがけ -> けいしや -> やきとり -> りつ -> つもる -> るぽるたあじゆ -> ゆらぐ -> ぐるうぷほおむ -> むくわれる
alpha_beta vs random,alpha_beta,random,D1000_seed0_alpha_beta_vs_random_0,1000,0,first,no_legal_move,1,first,alpha_beta,ANY,,ぶんぴ,ぶ,ぴ,ぴ,0.006713,False,89.0,4,4,True,147,20,ぶんぴ
alpha_beta vs random,alpha_beta,random,D1000_seed0_alpha_beta_vs_random_0,1000,0,first,no_legal_move,2,second,random,ぴ,ぶんぴ,ぴんちひつたあ,ぴ,あ,あ,2e-06,False,0.0,,,,,,ぶんぴ -> ぴんちひつたあ
alpha_beta vs random,alpha_beta,random,D1000_seed0_alpha_beta_vs_random_0,1000,0,first,no_legal_move,3,first,alpha_beta,あ,ぴんちひつたあ,あつためる,あ,る,る,0.007943,False,-33.5,4,4,True,160,20,ぶんぴ -> ぴんちひつたあ -> あつためる
alpha_beta vs random,alpha_beta,random,D1000_seed0_alpha_beta_vs_random_0,1000,0,first,no_legal_move,4,second,random,る,あつためる,るり,る,り,り,1e-06,False,0.0,,,,,,ぶんぴ -> ぴんちひつたあ -> あつためる -> るり
alpha_beta vs random,alpha_beta,random,D1000_seed0_alpha_beta_vs_random_0,1000,0,first,no_legal_move,5,first,alpha_beta,り,るり,りふれつしゆ,り,ゆ,ゆ,0.00298,False,-22.0,4,4,True,61,16,ぶんぴ -> ぴんちひつたあ -> あつためる -> るり -> りふれつしゆ
alpha_beta vs random,alpha_beta,random,D1000_seed0_alpha_beta_vs_random_0,1000,0,first,no_legal_move,6,second,random,ゆ,りふれつしゆ,ゆうびんきよく,ゆ,く,く,2e-06,False,0.0,,,,,,ぶんぴ -> ぴんちひつたあ -> あつためる -> るり -> りふれつしゆ -> ゆうびんきよく
alpha_beta vs random,alpha_beta,random,D1000_seed0_alpha_beta_vs_random_0,1000,0,first,no_legal_move,7,first,alpha_beta,く,ゆうびんきよく,くりえいていぶ,く,ぶ,ぶ,0.004096,False,-22.0,4,4,True,89,19,ぶんぴ -> ぴんちひつたあ -> あつためる -> るり -> りふれつしゆ -> ゆうびんきよく -> くりえいていぶ
alpha_beta vs random,alpha_beta,random,D1000_seed0_alpha_beta_vs_random_0,1000,0,first,no_legal_move,8,second,random,ぶ,くりえいていぶ,ぶんみやく,ぶ,く,く,1e-06,False,0.0,,,,,,ぶんぴ -> ぴんちひつたあ -> あつためる -> るり -> りふれつしゆ -> ゆうびんきよく -> くりえいていぶ -> ぶんみやく
alpha_beta vs random,alpha_beta,random,D1000_seed0_alpha_beta_vs_random_0,1000,0,first,no_legal_move,9,first,alpha_beta,く,ぶんみやく,くつせえ,く,え,え,0.004951,False,-40.5,4,4,True,88,18,ぶんぴ -> ぴんちひつたあ -> あつためる -> るり -> りふれつしゆ -> ゆうびんきよく -> くりえいていぶ -> ぶんみやく -> くつせえ
alpha_beta vs random,alpha_beta,random,D1000_seed0_alpha_beta_vs_random_0,1000,0,first,no_legal_move,10,second,random,え,くつせえ,えんしゆつ,え,つ,つ,1e-06,False,0.0,,,,,,ぶんぴ -> ぴんちひつたあ -> あつためる -> るり -> りふれつしゆ -> ゆうびんきよく -> くりえいていぶ -> ぶんみやく -> くつせえ -> えんしゆつ
alpha_beta vs random,alpha_beta,random,D1000_seed0_alpha_beta_vs_random_0,1000,0,first,no_legal_move,11,first,alpha_beta,つ,えんしゆつ,つゆあけ,つ,け,け,0.013644,False,-23.0,4,4,True,121,12,ぶんぴ -> ぴんちひつたあ -> あつためる -> るり -> りふれつしゆ -> ゆうびんきよく -> くりえいていぶ -> ぶんみやく -> くつせえ -> えんしゆつ -> つゆあけ
alpha_beta vs random,alpha_beta,random,D1000_seed0_alpha_beta_vs_random_0,1000,0,first,no_legal_move,12,second,random,け,つゆあけ,けんちよ,け,よ,よ,4e-06,False,0.0,,,,,,ぶんぴ -> ぴんちひつたあ -> あつためる -> るり -> りふれつしゆ -> ゆうびんきよく -> くりえいていぶ -> ぶんみやく -> くつせえ -> えんしゆつ -> つゆあけ -> けんちよ
alpha_beta vs random,alpha_beta,random,D1000_seed0_alpha_beta_vs_random_0,1000,0,first,no_legal_move,13,first,alpha_beta,よ,けんちよ,よろず,よ,ず,ず,0.004169,False,-23.0,4,4,True,69,13,ぶんぴ -> ぴんちひつたあ -> あつためる -> るり -> りふれつしゆ -> ゆうびんきよく -> くりえいていぶ -> ぶんみやく -> くつせえ -> えんしゆつ -> つゆあけ -> けんちよ -> よろず
alpha_beta vs random,alpha_beta,random,D1000_seed0_alpha_beta_vs_random_0,1000,0,first,no_legal_move,14,second,random,ず,よろず,ずらす,ず,す,す,1e-06,False,0.0,,,,,,ぶんぴ -> ぴんちひつたあ -> あつためる -> るり -> りふれつしゆ -> ゆうびんきよく -> くりえいていぶ -> ぶんみやく -> くつせえ -> えんしゆつ -> つゆあけ -> けんちよ -> よろず -> ずらす
alpha_beta vs random,alpha_beta,random,D1000_seed0_alpha_beta_vs_random_0,1000,0,first,no_legal_move,15,first,alpha_beta,す,ずらす,すらすら,す,ら,ら,0.002273,False,-22.0,4,4,True,53,14,ぶんぴ -> ぴんちひつたあ -> あつためる -> るり -> りふれつしゆ -> ゆうびんきよく -> くりえいていぶ -> ぶんみやく -> くつせえ -> えんしゆつ -> つゆあけ -> けんちよ -> よろず -> ずらす -> すらすら
alpha_beta vs random,alpha_beta,random,D1000_seed0_alpha_beta_vs_random_0,1000,0,first,no_legal_move,16,second,random,ら,すらすら,らんぐ,ら,ぐ,ぐ,1e-06,False,0.0,,,,,,ぶんぴ -> ぴんちひつたあ -> あつためる -> るり -> りふれつしゆ -> ゆうびんきよく -> くりえいていぶ -> ぶんみやく -> くつせえ -> えんしゆつ -> つゆあけ -> けんちよ -> よろず -> ずらす -> すらすら -> らんぐ
alpha_beta vs random,alpha_beta,random,D1000_seed0_alpha_beta_vs_random_0,1000,0,first,no_legal_move,17,first,alpha_beta,ぐ,らんぐ,ぐんぶ,ぐ,ぶ,ぶ,0.001559,False,-22.0,4,4,True,22,4,ぶんぴ -> ぴんちひつたあ -> あつためる -> るり -> りふれつしゆ -> ゆうびんきよく -> くりえいていぶ -> ぶんみやく -> くつせえ -> えんしゆつ -> つゆあけ -> けんちよ -> よろず -> ずらす -> すらすら -> らんぐ -> ぐんぶ
alpha_beta vs random,alpha_beta,random,D1000_seed0_alpha_beta_vs_random_0,1000,0,first,no_legal_move,18,second,random,ぶ,ぐんぶ,ぶかい,ぶ,い,い,1e-06,False,0.0,,,,,,ぶんぴ -> ぴんちひつたあ -> あつためる -> るり -> りふれつしゆ -> ゆうびんきよく -> くりえいていぶ -> ぶんみやく -> くつせえ -> えんしゆつ -> つゆあけ -> けんちよ -> よろず -> ずらす -> すらすら -> らんぐ -> ぐんぶ -> ぶかい
alpha_beta vs random,alpha_beta,random,D1000_seed0_alpha_beta_vs_random_0,1000,0,first,no_legal_move,19,first,alpha_beta,い,ぶかい,いくら,い,ら,ら,0.000897,False,1000000.0,4,4,True,50,20,ぶんぴ -> ぴんちひつたあ -> あつためる -> るり -> りふれつしゆ -> ゆうびんきよく -> くりえいていぶ -> ぶんみやく -> くつせえ -> えんしゆつ -> つゆあけ -> けんちよ -> よろず -> ずらす -> すらすら -> らんぐ -> ぐんぶ -> ぶかい -> いくら
alpha_beta vs greedy,alpha_beta,greedy,D1000_seed0_alpha_beta_vs_greedy_0,1000,0,first,no_legal_move,1,first,alpha_beta,ANY,,ぶんぴ,ぶ,ぴ,ぴ,0.006696,False,89.0,4,4,True,147,20,ぶんぴ
alpha_beta vs greedy,alpha_beta,greedy,D1000_seed0_alpha_beta_vs_greedy_0,1000,0,first,no_legal_move,2,second,greedy,ぴ,ぶんぴ,ぴんちひつたあ,ぴ,あ,あ,4e-06,False,-738.0,,,,,1,ぶんぴ -> ぴんちひつたあ
alpha_beta vs greedy,alpha_beta,greedy,D1000_seed0_alpha_beta_vs_greedy_0,1000,0,first,no_legal_move,3,first,alpha_beta,あ,ぴんちひつたあ,あつためる,あ,る,る,0.008075,False,-33.5,4,4,True,160,20,ぶんぴ -> ぴんちひつたあ -> あつためる
alpha_beta vs greedy,alpha_beta,greedy,D1000_seed0_alpha_beta_vs_greedy_0,1000,0,first,no_legal_move,4,second,greedy,る,あつためる,るみのおる,る,る,る,7e-06,False,-69.0,,,,,4,ぶんぴ -> ぴんちひつたあ -> あつためる -> るみのおる
alpha_beta vs greedy,alpha_beta,greedy,D1000_seed0_alpha_beta_vs_greedy_0,1000,0,first,no_legal_move,5,first,alpha_beta,る,るみのおる,るり,る,り,り,0.004685,False,-33.5,4,4,True,48,3,ぶんぴ -> ぴんちひつたあ -> あつためる -> るみのおる -> るり
alpha_beta vs greedy,alpha_beta,greedy,D1000_seed0_alpha_beta_vs_greedy_0,1000,0,first,no_legal_move,6,second,greedy,り,るり,りふれつしゆ,り,ゆ,ゆ,2.5e-05,False,-138.0,,,,,16,ぶんぴ -> ぴんちひつたあ -> あつためる -> るみのおる -> るり -> りふれつしゆ
alpha_beta vs greedy,alpha_beta,greedy,D1000_seed0_alpha_beta_vs_greedy_0,1000,0,first,no_legal_move,7,first,alpha_beta,ゆ,りふれつしゆ,ゆくえ,ゆ,え,え,0.005039,False,-73.5,4,4,True,60,6,ぶんぴ -> ぴんちひつたあ -> あつためる -> るみのおる -> るり -> りふれつしゆ -> ゆくえ
alpha_beta vs greedy,alpha_beta,greedy,D1000_seed0_alpha_beta_vs_greedy_0,1000,0,first,no_legal_move,8,second,greedy,え,ゆくえ,えつせえ,え,え,え,2e-05,False,-196.5,,,,,10,ぶんぴ -> ぴんちひつたあ -> あつためる -> るみのおる -> るり -> りふれつしゆ -> ゆくえ -> えつせえ
alpha_beta vs greedy,alpha_beta,greedy,D1000_seed0_alpha_beta_vs_greedy_0,1000,0,first,no_legal_move,9,first,alpha_beta,え,えつせえ,えんみ,え,み,み,0.008022,False,-73.5,4,4,True,89,9,ぶんぴ -> ぴんちひつたあ -> あつためる -> るみのおる -> るり -> りふれつしゆ -> ゆくえ -> えつせえ -> えんみ
alpha_beta vs greedy,alpha_beta,greedy,D1000_seed0_alpha_beta_vs_greedy_0,1000,0,first,no_legal_move,10,second,greedy,み,えんみ,みうける,み,る,る,2.5e-05,False,-46.0,,,,,14,ぶんぴ -> ぴんちひつたあ -> あつためる -> るみのおる -> るり -> りふれつしゆ -> ゆくえ -> えつせえ -> えんみ -> みうける
alpha_beta vs greedy,alpha_beta,greedy,D1000_seed0_alpha_beta_vs_greedy_0,1000,0,first,no_legal_move,11,first,alpha_beta,る,みうける,るうきい,る,い,い,0.006186,False,-73.5,4,4,True,57,2,ぶんぴ -> ぴんちひつたあ -> あつためる -> るみのおる -> るり -> りふれつしゆ -> ゆくえ -> えつせえ -> えんみ -> みうける -> るうきい
alpha_beta vs greedy,alpha_beta,greedy,D1000_seed0_alpha_beta_vs_greedy_0,1000,0,first,no_legal_move,12,second,greedy,い,るうきい,いくら,い,ら,ら,3.9e-05,False,-23.0,,,,,29,ぶんぴ -> ぴんちひつたあ -> あつためる -> るみのおる -> るり -> りふれつしゆ -> ゆくえ -> えつせえ -> えんみ -> みうける -> るうきい -> いくら
alpha_beta vs greedy,alpha_beta,greedy,D1000_seed0_alpha_beta_vs_greedy_0,1000,0,first,no_legal_move,13,first,alpha_beta,ら,いくら,らんぐ,ら,ぐ,ぐ,0.000309,False,-18.5,4,4,True,7,1,ぶんぴ -> ぴんちひつたあ -> あつためる -> るみのおる -> るり -> りふれつしゆ -> ゆくえ -> えつせえ -> えんみ -> みうける -> るうきい -> いくら -> らんぐ
alpha_beta vs greedy,alpha_beta,greedy,D1000_seed0_alpha_beta_vs_greedy_0,1000,0,first,no_legal_move,14,second,greedy,ぐ,らんぐ,ぐんぶ,ぐ,ぶ,ぶ,5e-06,False,-150.5,,,,,4,ぶんぴ -> ぴんちひつたあ -> あつためる -> るみのおる -> るり -> りふれつしゆ -> ゆくえ -> えつせえ -> えんみ -> みうける -> るうきい -> いくら -> らんぐ -> ぐんぶ
alpha_beta vs greedy,alpha_beta,greedy,D1000_seed0_alpha_beta_vs_greedy_0,1000,0,first,no_legal_move,15,first,alpha_beta,ぶ,ぐんぶ,ぶんぐ,ぶ,ぐ,ぐ,0.000545,False,4.5,4,4,True,15,7,ぶんぴ -> ぴんちひつたあ -> あつためる -> るみのおる -> るり -> りふれつしゆ -> ゆくえ -> えつせえ -> えんみ -> みうける -> るうきい -> いくら -> らんぐ -> ぐんぶ -> ぶんぐ
alpha_beta vs greedy,alpha_beta,greedy,D1000_seed0_alpha_beta_vs_greedy_0,1000,0,first,no_legal_move,16,second,greedy,ぐ,ぶんぐ,ぐるうぷほおむ,ぐ,む,む,4e-06,False,-150.5,,,,,3,ぶんぴ -> ぴんちひつたあ -> あつためる -> るみのおる -> るり -> りふれつしゆ -> ゆくえ -> えつせえ -> えんみ -> みうける -> るうきい -> いくら -> らんぐ -> ぐんぶ -> ぶんぐ -> ぐるうぷほおむ
alpha_beta vs greedy,alpha_beta,greedy,D1000_seed0_alpha_beta_vs_greedy_0,1000,0,first,no_legal_move,17,first,alpha_beta,む,ぐるうぷほおむ,むくわれる,む,る,る,0.000301,False,1000000.0,4,4,True,16,7,ぶんぴ -> ぴんちひつたあ -> あつためる -> るみのおる -> るり -> りふれつしゆ -> ゆくえ -> えつせえ -> えんみ -> みうける -> るうきい -> いくら -> らんぐ -> ぐんぶ -> ぶんぐ -> ぐるうぷほおむ -> むくわれる
alpha_beta vs greedy,alpha_beta,greedy,D1000_seed0_alpha_beta_vs_greedy_0,1000,0,first,no_legal_move,18,second,greedy,る,むくわれる,るぽるたあじゆ,る,ゆ,ゆ,2e-06,False,-115.0,,,,,1,ぶんぴ -> ぴんちひつたあ -> あつためる -> るみのおる -> るり -> りふれつしゆ -> ゆくえ -> えつせえ -> えんみ -> みうける -> るうきい -> いくら -> らんぐ -> ぐんぶ -> ぶんぐ -> ぐるうぷほおむ -> むくわれる -> るぽるたあじゆ
alpha_beta vs greedy,alpha_beta,greedy,D1000_seed0_alpha_beta_vs_greedy_0,1000,0,first,no_legal_move,19,first,alpha_beta,ゆ,るぽるたあじゆ,ゆらぐ,ゆ,ぐ,ぐ,0.000194,False,1000000.0,4,4,True,5,5,ぶんぴ -> ぴんちひつたあ -> あつためる -> るみのおる -> るり -> りふれつしゆ -> ゆくえ -> えつせえ -> えんみ -> みうける -> るうきい -> いくら -> らんぐ -> ぐんぶ -> ぶんぐ -> ぐるうぷほおむ -> むくわれる -> るぽるたあじゆ -> ゆらぐ
alpha_beta vs greedy,alpha_beta,greedy,D1000_seed0_alpha_beta_vs_greedy_0,1000,0,first,no_legal_move,20,second,greedy,ぐ,ゆらぐ,ぐんぷく,ぐ,く,く,3e-06,False,-416.0,,,,,2,ぶんぴ -> ぴんちひつたあ -> あつためる -> るみのおる -> るり -> りふれつしゆ -> ゆくえ -> えつせえ -> えんみ -> みうける -> るうきい -> いくら -> らんぐ -> ぐんぶ -> ぶんぐ -> ぐるうぷほおむ -> むくわれる -> るぽるたあじゆ -> ゆらぐ -> ぐんぷく
alpha_beta vs greedy,alpha_beta,greedy,D1000_seed0_alpha_beta_vs_greedy_0,1000,0,first,no_legal_move,21,first,alpha_beta,く,ぐんぷく,くらべる,く,る,る,0.000631,False,1000000.0,4,4,True,17,19,ぶんぴ -> ぴんちひつたあ -> あつためる -> るみのおる -> るり -> りふれつしゆ -> ゆくえ -> えつせえ -> えんみ -> みうける -> るうきい -> いくら -> らんぐ -> ぐんぶ -> ぶんぐ -> ぐるうぷほおむ -> むくわれる -> るぽるたあじゆ -> ゆらぐ -> ぐんぷく -> くらべる
alpha_beta vs minimax,alpha_beta,minimax,D1000_seed0_alpha_beta_vs_minimax_0,1000,0,first,no_legal_move,1,first,alpha_beta,ANY,,ぶんぴ,ぶ,ぴ,ぴ,0.006742,False,89.0,4,4,True,147,20,ぶんぴ
alpha_beta vs minimax,alpha_beta,minimax,D1000_seed0_alpha_beta_vs_minimax_0,1000,0,first,no_legal_move,2,second,minimax,ぴ,ぶんぴ,ぴんちひつたあ,ぴ,あ,あ,0.008512,False,-89.0,3,3,True,,1,ぶんぴ -> ぴんちひつたあ
alpha_beta vs minimax,alpha_beta,minimax,D1000_seed0_alpha_beta_vs_minimax_0,1000,0,first,no_legal_move,3,first,alpha_beta,あ,ぴんちひつたあ,あつためる,あ,る,る,0.00816,False,-33.5,4,4,True,160,20,ぶんぴ -> ぴんちひつたあ -> あつためる
alpha_beta vs minimax,alpha_beta,minimax,D1000_seed0_alpha_beta_vs_minimax_0,1000,0,first,no_legal_move,4,second,minimax,る,あつためる,るみのおる,る,る,る,0.017455,False,33.5,3,3,True,,4,ぶんぴ -> ぴんちひつたあ -> あつためる -> るみのおる
alpha_beta vs minimax,alpha_beta,minimax,D1000_seed0_alpha_beta_vs_minimax_0,1000,0,first,no_legal_move,5,first,alpha_beta,る,るみのおる,るり,る,り,り,0.004692,False,-33.5,4,4,True,48,3,ぶんぴ -> ぴんちひつたあ -> あつためる -> るみのおる -> るり
alpha_beta vs minimax,alpha_beta,minimax,D1000_seed0_alpha_beta_vs_minimax_0,1000,0,first,no_legal_move,6,second,minimax,り,るり,りいだあしつぷ,り,ぷ,ぷ,0.096734,False,33.5,3,3,True,,16,ぶんぴ -> ぴんちひつたあ -> あつためる -> るみのおる -> るり -> りいだあしつぷ
alpha_beta vs minimax,alpha_beta,minimax,D1000_seed0_alpha_beta_vs_minimax_0,1000,0,first,no_legal_move,7,first,alpha_beta,ぷ,りいだあしつぷ,ぷうる,ぷ,る,る,0.002192,False,-33.5,4,4,True,40,7,ぶんぴ -> ぴんちひつたあ -> あつためる -> るみのおる -> るり -> りいだあしつぷ -> ぷうる
alpha_beta vs minimax,alpha_beta,minimax,D1000_seed0_alpha_beta_vs_minimax_0,1000,0,first,no_legal_move,8,second,minimax,る,ぷうる,るうきい,る,い,い,0.009068,False,33.5,3,3,True,,2,ぶんぴ -> ぴんちひつたあ -> あつためる -> るみのおる -> るり -> りいだあしつぷ -> ぷうる -> るうきい
alpha_beta vs minimax,alpha_beta,minimax,D1000_seed0_alpha_beta_vs_minimax_0,1000,0,first,no_legal_move,9,first,alpha_beta,い,るうきい,いんせんていぶ,い,ぶ,ぶ,0.005925,False,-33.5,4,4,True,118,20,ぶんぴ -> ぴんちひつたあ -> あつためる -> るみのおる -> るり -> りいだあしつぷ -> ぷうる -> るうきい -> いんせんていぶ
alpha_beta vs minimax,alpha_beta,minimax,D1000_seed0_alpha_beta_vs_minimax_0,1000,0,first,no_legal_move,10,second,minimax,ぶ,いんせんていぶ,ぶるうばあど,ぶ,ど,ど,0.046307,False,33.5,3,3,True,,7,ぶんぴ -> ぴんちひつたあ -> あつためる -> るみのおる -> るり -> りいだあしつぷ -> ぷうる -> るうきい -> いんせんていぶ -> ぶるうばあど
alpha_beta vs minimax,alpha_beta,minimax,D1000_seed0_alpha_beta_vs_minimax_0,1000,0,first,no_legal_move,11,first,alpha_beta,ど,ぶるうばあど,どうじる,ど,る,る,0.002482,False,-20.5,4,4,True,37,18,ぶんぴ -> ぴんちひつたあ -> あつためる -> るみのおる -> るり -> りいだあしつぷ -> ぷうる -> るうきい -> いんせんていぶ -> ぶるうばあど -> どうじる
alpha_beta vs minimax,alpha_beta,minimax,D1000_seed0_alpha_beta_vs_minimax_0,1000,0,first,no_legal_move,12,second,minimax,る,どうじる,るぽるたあじゆ,る,ゆ,ゆ,0.003203,False,20.5,3,3,True,,1,ぶんぴ -> ぴんちひつたあ -> あつためる -> るみのおる -> るり -> りいだあしつぷ -> ぷうる -> るうきい -> いんせんていぶ -> ぶるうばあど -> どうじる -> るぽるたあじゆ
alpha_beta vs minimax,alpha_beta,minimax,D1000_seed0_alpha_beta_vs_minimax_0,1000,0,first,no_legal_move,13,first,alpha_beta,ゆ,るぽるたあじゆ,ゆらぐ,ゆ,ぐ,ぐ,0.000787,False,1000000.0,4,4,True,14,6,ぶんぴ -> ぴんちひつたあ -> あつためる -> るみのおる -> るり -> りいだあしつぷ -> ぷうる -> るうきい -> いんせんていぶ -> ぶるうばあど -> どうじる -> るぽるたあじゆ -> ゆらぐ
alpha_beta vs minimax,alpha_beta,minimax,D1000_seed0_alpha_beta_vs_minimax_0,1000,0,first,no_legal_move,14,second,minimax,ぐ,ゆらぐ,ぐんぶ,ぐ,ぶ,ぶ,0.00022,False,-1000000.0,3,3,True,,4,ぶんぴ -> ぴんちひつたあ -> あつためる -> るみのおる -> るり -> りいだあしつぷ -> ぷうる -> るうきい -> いんせんていぶ -> ぶるうばあど -> どうじる -> るぽるたあじゆ -> ゆらぐ -> ぐんぶ
alpha_beta vs minimax,alpha_beta,minimax,D1000_seed0_alpha_beta_vs_minimax_0,1000,0,first,no_legal_move,15,first,alpha_beta,ぶ,ぐんぶ,ぶんぐ,ぶ,ぐ,ぐ,0.000628,False,1000000.0,4,4,True,8,6,ぶんぴ -> ぴんちひつたあ -> あつためる -> るみのおる -> るり -> りいだあしつぷ -> ぷうる -> るうきい -> いんせんていぶ -> ぶるうばあど -> どうじる -> るぽるたあじゆ -> ゆらぐ -> ぐんぶ -> ぶんぐ
alpha_beta vs minimax,alpha_beta,minimax,D1000_seed0_alpha_beta_vs_minimax_0,1000,0,first,no_legal_move,16,second,minimax,ぐ,ぶんぐ,ぐるうぷほおむ,ぐ,む,む,5.6e-05,False,-1000000.0,3,3,True,,3,ぶんぴ -> ぴんちひつたあ -> あつためる -> るみのおる -> るり -> りいだあしつぷ -> ぷうる -> るうきい -> いんせんていぶ -> ぶるうばあど -> どうじる -> るぽるたあじゆ -> ゆらぐ -> ぐんぶ -> ぶんぐ -> ぐるうぷほおむ
alpha_beta vs minimax,alpha_beta,minimax,D1000_seed0_alpha_beta_vs_minimax_0,1000,0,first,no_legal_move,17,first,alpha_beta,む,ぐるうぷほおむ,むくわれる,む,る,る,0.000188,False,1000000.0,4,4,True,5,7,ぶんぴ -> ぴんちひつたあ -> あつためる -> るみのおる -> るり -> りいだあしつぷ -> ぷうる -> るうきい -> いんせんていぶ -> ぶるうばあど -> どうじる -> るぽるたあじゆ -> ゆらぐ -> ぐんぶ -> ぶんぐ -> ぐるうぷほおむ -> むくわれる
alpha_beta vs monte_carlo,alpha_beta,monte_carlo,D1000_seed0_alpha_beta_vs_monte_carlo_0,1000,0,first,no_legal_move,1,first,alpha_beta,ANY,,ぶんぴ,ぶ,ぴ,ぴ,0.008851,False,89.0,4,4,True,147,20,ぶんぴ
alpha_beta vs monte_carlo,alpha_beta,monte_carlo,D1000_seed0_alpha_beta_vs_monte_carlo_0,1000,0,first,no_legal_move,2,second,monte_carlo,ぴ,ぶんぴ,ぴんちひつたあ,ぴ,あ,あ,0.000604,False,0.7,,,,,,ぶんぴ -> ぴんちひつたあ
alpha_beta vs monte_carlo,alpha_beta,monte_carlo,D1000_seed0_alpha_beta_vs_monte_carlo_0,1000,0,first,no_legal_move,3,first,alpha_beta,あ,ぴんちひつたあ,あつためる,あ,る,る,0.00807,False,-33.5,4,4,True,160,20,ぶんぴ -> ぴんちひつたあ -> あつためる
alpha_beta vs monte_carlo,alpha_beta,monte_carlo,D1000_seed0_alpha_beta_vs_monte_carlo_0,1000,0,first,no_legal_move,4,second,monte_carlo,る,あつためる,るみのおる,る,る,る,0.002038,False,0.8,,,,,,ぶんぴ -> ぴんちひつたあ -> あつためる -> るみのおる
alpha_beta vs monte_carlo,alpha_beta,monte_carlo,D1000_seed0_alpha_beta_vs_monte_carlo_0,1000,0,first,no_legal_move,5,first,alpha_beta,る,るみのおる,るり,る,り,り,0.004845,False,-33.5,4,4,True,48,3,ぶんぴ -> ぴんちひつたあ -> あつためる -> るみのおる -> るり
alpha_beta vs monte_carlo,alpha_beta,monte_carlo,D1000_seed0_alpha_beta_vs_monte_carlo_0,1000,0,first,no_legal_move,6,second,monte_carlo,り,るり,りいと,り,と,と,0.007465,False,0.8,,,,,,ぶんぴ -> ぴんちひつたあ -> あつためる -> るみのおる -> るり -> りいと
alpha_beta vs monte_carlo,alpha_beta,monte_carlo,D1000_seed0_alpha_beta_vs_monte_carlo_0,1000,0,first,no_legal_move,7,first,alpha_beta,と,りいと,とつぐ,と,ぐ,ぐ,0.003784,False,-10.5,4,4,True,80,19,ぶんぴ -> ぴんちひつたあ -> あつためる -> るみのおる -> るり -> りいと -> とつぐ
alpha_beta vs monte_carlo,alpha_beta,monte_carlo,D1000_seed0_alpha_beta_vs_monte_carlo_0,1000,0,first,no_legal_move,8,second,monte_carlo,ぐ,とつぐ,ぐるうぷほおむ,ぐ,む,む,0.001417,False,0.5,,,,,,ぶんぴ -> ぴんちひつたあ -> あつためる -> るみのおる -> るり -> りいと -> とつぐ -> ぐるうぷほおむ
alpha_beta vs monte_carlo,alpha_beta,monte_carlo,D1000_seed0_alpha_beta_vs_monte_carlo_0,1000,0,first,no_legal_move,9,first,alpha_beta,む,ぐるうぷほおむ,むくわれる,む,る,る,0.001992,False,-10.5,4,4,True,36,7,ぶんぴ -> ぴんちひつたあ -> あつためる -> るみのおる -> るり -> りいと -> とつぐ -> ぐるうぷほおむ -> むくわれる
alpha_beta vs monte_carlo,alpha_beta,monte_carlo,D1000_seed0_alpha_beta_vs_monte_carlo_0,1000,0,first,no_legal_move,10,second,monte_carlo,る,むくわれる,るうきい,る,い,い,0.000673,False,0.3,,,,,,ぶんぴ -> ぴんちひつたあ -> あつためる -> るみのおる -> るり -> りいと -> とつぐ -> ぐるうぷほおむ -> むくわれる -> るうきい
alpha_beta vs monte_carlo,alpha_beta,monte_carlo,D1000_seed0_alpha_beta_vs_monte_carlo_0,1000,0,first,no_legal_move,11,first,alpha_beta,い,るうきい,いんせんていぶ,い,ぶ,ぶ,0.005614,False,-10.5,4,4,True,105,20,ぶんぴ -> ぴんちひつたあ -> あつためる -> るみのおる -> るり -> りいと -> とつぐ -> ぐるうぷほおむ -> むくわれる -> るうきい -> いんせんていぶ
alpha_beta vs monte_carlo,alpha_beta,monte_carlo,D1000_seed0_alpha_beta_vs_monte_carlo_0,1000,0,first,no_legal_move,12,second,monte_carlo,ぶ,いんせんていぶ,ぶんぐ,ぶ,ぐ,ぐ,0.001952,False,0.8,,,,,,ぶんぴ -> ぴんちひつたあ -> あつためる -> るみのおる -> るり -> りいと -> とつぐ -> ぐるうぷほおむ -> むくわれる -> るうきい -> いんせんていぶ -> ぶんぐ
alpha_beta vs monte_carlo,alpha_beta,monte_carlo,D1000_seed0_alpha_beta_vs_monte_carlo_0,1000,0,first,no_legal_move,13,first,alpha_beta,ぐ,ぶんぐ,ぐんぶ,ぐ,ぶ,ぶ,0.002405,False,12.5,4,4,True,39,3,ぶんぴ -> ぴんちひつたあ -> あつためる -> るみのおる -> るり -> りいと -> とつぐ -> ぐるうぷほおむ -> むくわれる -> るうきい -> いんせんていぶ -> ぶんぐ -> ぐんぶ
alpha_beta vs monte_carlo,alpha_beta,monte_carlo,D1000_seed0_alpha_beta_vs_monte_carlo_0,1000,0,first,no_legal_move,14,second,monte_carlo,ぶ,ぐんぶ,ぶらんこ,ぶ,こ,こ,0.001761,False,0.6,,,,,,ぶんぴ -> ぴんちひつたあ -> あつためる -> るみのおる -> るり -> りいと -> とつぐ -> ぐるうぷほおむ -> むくわれる -> るうきい -> いんせんていぶ -> ぶんぐ -> ぐんぶ -> ぶらんこ
alpha_beta vs monte_carlo,alpha_beta,monte_carlo,D1000_seed0_alpha_beta_vs_monte_carlo_0,1000,0,first,no_legal_move,15,first,alpha_beta,こ,ぶらんこ,こおる,こ,る,る,0.001461,False,1000000.0,4,4,True,63,20,ぶんぴ -> ぴんちひつたあ -> あつためる -> るみのおる -> るり -> りいと -> とつぐ -> ぐるうぷほおむ -> むくわれる -> るうきい -> いんせんていぶ -> ぶんぐ -> ぐんぶ -> ぶらんこ -> こおる
alpha_beta vs monte_carlo,alpha_beta,monte_carlo,D1000_seed0_alpha_beta_vs_monte_carlo_0,1000,0,first,no_legal_move,16,second,monte_carlo,る,こおる,るぽるたあじゆ,る,ゆ,ゆ,0.000151,False,0.5,,,,,,ぶんぴ -> ぴんちひつたあ -> あつためる -> るみのおる -> るり -> りいと -> とつぐ -> ぐるうぷほおむ -> むくわれる -> るうきい -> いんせんていぶ -> ぶんぐ -> ぐんぶ -> ぶらんこ -> こおる -> るぽるたあじゆ
alpha_beta vs monte_carlo,alpha_beta,monte_carlo,D1000_seed0_alpha_beta_vs_monte_carlo_0,1000,0,first,no_legal_move,17,first,alpha_beta,ゆ,るぽるたあじゆ,ゆらぐ,ゆ,ぐ,ぐ,0.000323,False,1000000.0,4,4,True,12,6,ぶんぴ -> ぴんちひつたあ -> あつためる -> るみのおる -> るり -> りいと -> とつぐ -> ぐるうぷほおむ -> むくわれる -> るうきい -> いんせんていぶ -> ぶんぐ -> ぐんぶ -> ぶらんこ -> こおる -> るぽるたあじゆ -> ゆらぐ
alpha_beta vs monte_carlo,alpha_beta,monte_carlo,D1000_seed0_alpha_beta_vs_monte_carlo_0,1000,0,first,no_legal_move,18,second,monte_carlo,ぐ,ゆらぐ,ぐんぷく,ぐ,く,く,0.000138,False,0.4,,,,,,ぶんぴ -> ぴんちひつたあ -> あつためる -> るみのおる -> るり -> りいと -> とつぐ -> ぐるうぷほおむ -> むくわれる -> るうきい -> いんせんていぶ -> ぶんぐ -> ぐんぶ -> ぶらんこ -> こおる -> るぽるたあじゆ -> ゆらぐ -> ぐんぷく
alpha_beta vs monte_carlo,alpha_beta,monte_carlo,D1000_seed0_alpha_beta_vs_monte_carlo_0,1000,0,first,no_legal_move,19,first,alpha_beta,く,ぐんぷく,くらべる,く,る,る,0.000628,False,1000000.0,4,4,True,18,19,ぶんぴ -> ぴんちひつたあ -> あつためる -> るみのおる -> るり -> りいと -> とつぐ -> ぐるうぷほおむ -> むくわれる -> るうきい -> いんせんていぶ -> ぶんぐ -> ぐんぶ -> ぶらんこ -> こおる -> るぽるたあじゆ -> ゆらぐ -> ぐんぷく -> くらべる
random vs greedy,random,greedy,D3000_seed0_random_vs_greedy_0,3000,0,second,ended_with_n,1,first,random,ANY,,はしや,は,や,や,0.000185,False,0.0,,,,,,はしや
random vs greedy,random,greedy,D3000_seed0_random_vs_greedy_0,3000,0,second,ended_with_n,2,second,greedy,や,はしや,やぶれる,や,る,る,9.3e-05,False,-173.5,,,,,27,はしや -> やぶれる
random vs greedy,random,greedy,D3000_seed0_random_vs_greedy_0,3000,0,second,ended_with_n,3,first,random,る,やぶれる,るああ,る,あ,あ,2e-06,False,0.0,,,,,,はしや -> やぶれる -> るああ
random vs greedy,random,greedy,D3000_seed0_random_vs_greedy_0,3000,0,second,ended_with_n,4,second,greedy,あ,るああ,あいず,あ,ず,ず,0.000356,False,-92.0,,,,,101,はしや -> やぶれる -> るああ -> あいず
random vs greedy,random,greedy,D3000_seed0_random_vs_greedy_0,3000,0,second,ended_with_n,5,first,random,ず,あいず,ずらす,ず,す,す,1e-06,False,0.0,,,,,,はしや -> やぶれる -> るああ -> あいず -> ずらす
random vs greedy,random,greedy,D3000_seed0_random_vs_greedy_0,3000,0,second,ended_with_n,6,second,greedy,す,ずらす,すたいる,す,る,る,0.000206,False,-150.5,,,,,59,はしや -> やぶれる -> るああ -> あいず -> ずらす -> すたいる
random vs greedy,random,greedy,D3000_seed0_random_vs_greedy_0,3000,0,second,ended_with_n,7,first,random,る,すたいる,るいすい,る,い,い,1e-06,False,0.0,,,,,,はしや -> やぶれる -> るああ -> あいず -> ずらす -> すたいる -> るいすい
random vs greedy,random,greedy,D3000_seed0_random_vs_greedy_0,3000,0,second,ended_with_n,8,second,greedy,い,るいすい,いちず,い,ず,ず,0.000446,False,-69.0,,,,,99,はしや -> やぶれる -> るああ -> あいず -> ずらす -> すたいる -> るいすい -> いちず
random vs greedy,random,greedy,D3000_seed0_random_vs_greedy_0,3000,0,second,ended_with_n,9,first,random,ず,いちず,ずうずうしい,ず,い,い,2e-06,False,0.0,,,,,,はしや -> やぶれる -> るああ -> あいず -> ずらす -> すたいる -> るいすい -> いちず -> ずうずうしい
random vs greedy,random,greedy,D3000_seed0_random_vs_greedy_0,3000,0,second,ended_with_n,10,second,greedy,い,ずうずうしい,いきる,い,る,る,0.000329,False,-127.5,,,,,98,はしや -> やぶれる -> るああ -> あいず -> ずらす -> すたいる -> るいすい -> いちず -> ずうずうしい -> いきる
random vs greedy,random,greedy,D3000_seed0_random_vs_greedy_0,3000,0,second,ended_with_n,11,first,random,る,いきる,るみのおる,る,る,る,1e-06,False,0.0,,,,,,はしや -> やぶれる -> るああ -> あいず -> ずらす -> すたいる -> るいすい -> いちず -> ずうずうしい -> いきる -> るみのおる
random vs greedy,random,greedy,D3000_seed0_random_vs_greedy_0,3000,0,second,ended_with_n,12,second,greedy,る,るみのおる,るぽるたあじゆ,る,ゆ,ゆ,2e-05,False,-587.5,,,,,5,はしや -> やぶれる -> るああ -> あいず -> ずらす -> すたいる -> るいすい -> いちず -> ずうずうしい -> いきる -> るみのおる -> るぽるたあじゆ
random vs greedy,random,greedy,D3000_seed0_random_vs_greedy_0,3000,0,second,ended_with_n,13,first,random,ゆ,るぽるたあじゆ,ゆうぜい,ゆ,い,い,2e-06,False,0.0,,,,,,はしや -> やぶれる -> るああ -> あいず -> ずらす -> すたいる -> るいすい -> いちず -> ずうずうしい -> いきる -> るみのおる -> るぽるたあじゆ -> ゆうぜい
random vs greedy,random,greedy,D3000_seed0_random_vs_greedy_0,3000,0,second,ended_with_n,14,second,greedy,い,ゆうぜい,いとめる,い,る,る,0.000407,False,-81.5,,,,,97,はしや -> やぶれる -> るああ -> あいず -> ずらす -> すたいる -> るいすい -> いちず -> ずうずうしい -> いきる -> るみのおる -> るぽるたあじゆ -> ゆうぜい -> いとめる
random vs greedy,random,greedy,D3000_seed0_random_vs_greedy_0,3000,0,second,ended_with_n,15,first,random,る,いとめる,るり,る,り,り,2e-06,False,0.0,,,,,,はしや -> やぶれる -> るああ -> あいず -> ずらす -> すたいる -> るいすい -> いちず -> ずうずうしい -> いきる -> るみのおる -> るぽるたあじゆ -> ゆうぜい -> いとめる -> るり
random vs greedy,random,greedy,D3000_seed0_random_vs_greedy_0,3000,0,second,ended_with_n,16,second,greedy,り,るり,りとる,り,る,る,0.000226,False,-58.5,,,,,53,はしや -> やぶれる -> るああ -> あいず -> ずらす -> すたいる -> るいすい -> いちず -> ずうずうしい -> いきる -> るみのおる -> るぽるたあじゆ -> ゆうぜい -> いとめる -> るり -> りとる
random vs greedy,random,greedy,D3000_seed0_random_vs_greedy_0,3000,0,second,ended_with_n,17,first,random,る,りとる,るいせき,る,き,き,3e-06,False,0.0,,,,,,はしや -> やぶれる -> るああ -> あいず -> ずらす -> すたいる -> るいすい -> いちず -> ずうずうしい -> いきる -> るみのおる -> るぽるたあじゆ -> ゆうぜい -> いとめる -> るり -> りとる -> るいせき
random vs greedy,random,greedy,D3000_seed0_random_vs_greedy_0,3000,0,second,ended_with_n,18,second,greedy,き,るいせき,きわまる,き,る,る,0.000368,False,-35.5,,,,,100,はしや -> やぶれる -> るああ -> あいず -> ずらす -> すたいる -> るいすい -> いちず -> ずうずうしい -> いきる -> るみのおる -> るぽるたあじゆ -> ゆうぜい -> いとめる -> るり -> りとる -> るいせき -> きわまる
random vs greedy,random,greedy,D3000_seed0_random_vs_greedy_0,3000,0,second,ended_with_n,19,first,random,る,きわまる,るうきい,る,い,い,2e-06,False,0.0,,,,,,はしや -> やぶれる -> るああ -> あいず -> ずらす -> すたいる -> るいすい -> いちず -> ずうずうしい -> いきる -> るみのおる -> るぽるたあじゆ -> ゆうぜい -> いとめる -> るり -> りとる -> るいせき -> きわまる -> るうきい
random vs greedy,random,greedy,D3000_seed0_random_vs_greedy_0,3000,0,second,ended_with_n,20,second,greedy,い,るうきい,いこおる,い,る,る,0.000376,False,-12.5,,,,,96,はしや -> やぶれる -> るああ -> あいず -> ずらす -> すたいる -> るいすい -> いちず -> ずうずうしい -> いきる -> るみのおる -> るぽるたあじゆ -> ゆうぜい -> いとめる -> るり -> りとる -> るいせき -> きわまる -> るうきい -> いこおる
random vs greedy,random,greedy,D3000_seed0_random_vs_greedy_0,3000,0,second,ended_with_n,21,first,random,る,いこおる,るうちん,る,ん,,1e-06,False,0.0,,,,,,はしや -> やぶれる -> るああ -> あいず -> ずらす -> すたいる -> るいすい -> いちず -> ずうずうしい -> いきる -> るみのおる -> るぽるたあじゆ -> ゆうぜい -> いとめる -> るり -> りとる -> るいせき -> きわまる -> るうきい -> いこおる -> るうちん
random vs minimax,random,minimax,D3000_seed0_random_vs_minimax_0,3000,0,second,no_legal_move,1,first,random,ANY,,はしや,は,や,や,0.000143,False,0.0,,,,,,はしや
random vs minimax,random,minimax,D3000_seed0_random_vs_minimax_0,3000,0,second,no_legal_move,2,second,minimax,や,はしや,やむ,や,む,む,0.878229,False,96.5,3,3,True,,20,はしや -> やむ
random vs minimax,random,minimax,D3000_seed0_random_vs_minimax_0,3000,0,second,no_legal_move,3,first,random,む,やむ,むらびと,む,と,と,4e-06,False,0.0,,,,,,はしや -> やむ -> むらびと
random vs minimax,random,minimax,D3000_seed0_random_vs_minimax_0,3000,0,second,no_legal_move,4,second,minimax,と,むらびと,とむ,と,む,む,0.697604,False,96.5,3,3,True,,20,はしや -> やむ -> むらびと -> とむ
random vs minimax,random,minimax,D3000_seed0_random_vs_minimax_0,3000,0,second,no_legal_move,5,first,random,む,とむ,むしかく,む,く,く,4e-06,False,0.0,,,,,,はしや -> やむ -> むらびと -> とむ -> むしかく
random vs minimax,random,minimax,D3000_seed0_random_vs_minimax_0,3000,0,second,no_legal_move,6,second,minimax,く,むしかく,くちかず,く,ず,ず,0.454119,False,177.0,3,3,True,,20,はしや -> やむ -> むらびと -> とむ -> むしかく -> くちかず
random vs minimax,random,minimax,D3000_seed0_random_vs_minimax_0,3000,0,second,no_legal_move,7,first,random,ず,くちかず,ずらす,ず,す,す,3e-06,False,0.0,,,,,,はしや -> やむ -> むらびと -> とむ -> むしかく -> くちかず -> ずらす
random vs minimax,random,minimax,D3000_seed0_random_vs_minimax_0,3000,0,second,no_legal_move,8,second,minimax,す,ずらす,すら,す,ら,ら,0.680852,False,96.5,3,3,True,,20,はしや -> やむ -> むらびと -> とむ -> むしかく -> くちかず -> ずらす -> すら
random vs minimax,random,minimax,D3000_seed0_random_vs_minimax_0,3000,0,second,no_legal_move,9,first,random,ら,すら,らつか,ら,か,か,4e-06,False,0.0,,,,,,はしや -> やむ -> むらびと -> とむ -> むしかく -> くちかず -> ずらす -> すら -> らつか
random vs minimax,random,minimax,D3000_seed0_random_vs_minimax_0,3000,0,second,no_legal_move,10,second,minimax,か,らつか,かかわらず,か,ず,ず,0.437705,False,157.5,3,3,True,,20,はしや -> やむ -> むらびと -> とむ -> むしかく -> くちかず -> ずらす -> すら -> らつか -> かかわらず
random vs minimax,random,minimax,D3000_seed0_random_vs_minimax_0,3000,0,second,no_legal_move,11,first,random,ず,かかわらず,ずし,ず,し,し,3e-06,False,0.0,,,,,,はしや -> やむ -> むらびと -> とむ -> むしかく -> くちかず -> ずらす -> すら -> らつか -> かかわらず -> ずし
random vs minimax,random,minimax,D3000_seed0_random_vs_minimax_0,3000,0,second,no_legal_move,12,second,minimax,し,ずし,しゆうず,し,ず,ず,0.483684,False,157.5,3,3,True,,20,はしや -> やむ -> むらびと -> とむ -> むしかく -> くちかず -> ずらす -> すら -> らつか -> かかわらず -> ずし -> しゆうず
random vs minimax,random,minimax,D3000_seed0_random_vs_minimax_0,3000,0,second,no_legal_move,13,first,random,ず,しゆうず,ずいじ,ず,じ,じ,3e-06,False,0.0,,,,,,はしや -> やむ -> むらびと -> とむ -> むしかく -> くちかず -> ずらす -> すら -> らつか -> かかわらず -> ずし -> しゆうず -> ずいじ
random vs minimax,random,minimax,D3000_seed0_random_vs_minimax_0,3000,0,second,no_legal_move,14,second,minimax,じ,ずいじ,じや,じ,や,や,0.51291,False,96.5,3,3,True,,20,はしや -> やむ -> むらびと -> とむ -> むしかく -> くちかず -> ずらす -> すら -> らつか -> かかわらず -> ずし -> しゆうず -> ずいじ -> じや
random vs minimax,random,minimax,D3000_seed0_random_vs_minimax_0,3000,0,second,no_legal_move,15,first,random,や,じや,やつ,や,つ,つ,4e-06,False,0.0,,,,,,はしや -> やむ -> むらびと -> とむ -> むしかく -> くちかず -> ずらす -> すら -> らつか -> かかわらず -> ずし -> しゆうず -> ずいじ -> じや -> やつ
random vs minimax,random,minimax,D3000_seed0_random_vs_minimax_0,3000,0,second,no_legal_move,16,second,minimax,つ,やつ,つばくら,つ,ら,ら,0.779389,False,96.5,3,3,True,,20,はしや -> やむ -> むらびと -> とむ -> むしかく -> くちかず -> ずらす -> すら -> らつか -> かかわらず -> ずし -> しゆうず -> ずいじ -> じや -> やつ -> つばくら
random vs minimax,random,minimax,D3000_seed0_random_vs_minimax_0,3000,0,second,no_legal_move,17,first,random,ら,つばくら,らすとすぱあと,ら,と,と,4e-06,False,0.0,,,,,,はしや -> やむ -> むらびと -> とむ -> むしかく -> くちかず -> ずらす -> すら -> らつか -> かかわらず -> ずし -> しゆうず -> ずいじ -> じや -> やつ -> つばくら -> らすとすぱあと
random vs minimax,random,minimax,D3000_seed0_random_vs_minimax_0,3000,0,second,no_legal_move,18,second,minimax,と,らすとすぱあと,とはいうものの,と,の,の,0.400093,False,96.5,3,3,True,,20,はしや -> やむ -> むらびと -> とむ -> むしかく -> くちかず -> ずらす -> すら -> らつか -> かかわらず -> ずし -> しゆうず -> ずいじ -> じや -> やつ -> つばくら -> らすとすぱあと -> とはいうものの
random vs minimax,random,minimax,D3000_seed0_random_vs_minimax_0,3000,0,second,no_legal_move,19,first,random,の,とはいうものの,のぼせる,の,る,る,5e-06,False,0.0,,,,,,はしや -> やむ -> むらびと -> とむ -> むしかく -> くちかず -> ずらす -> すら -> らつか -> かかわらず -> ずし -> しゆうず -> ずいじ -> じや -> やつ -> つばくら -> らすとすぱあと -> とはいうものの -> のぼせる
random vs minimax,random,minimax,D3000_seed0_random_vs_minimax_0,3000,0,second,no_legal_move,20,second,minimax,る,のぼせる,るみのおる,る,る,る,0.237101,False,549.5,3,3,True,,8,はしや -> やむ -> むらびと -> とむ -> むしかく -> くちかず -> ずらす -> すら -> らつか -> かかわらず -> ずし -> しゆうず -> ずいじ -> じや -> やつ -> つばくら -> らすとすぱあと -> とはいうものの -> のぼせる -> るみのおる
random vs minimax,random,minimax,D3000_seed0_random_vs_minimax_0,3000,0,second,no_legal_move,21,first,random,る,るみのおる,るうきい,る,い,い,4e-06,False,0.0,,,,,,はしや -> やむ -> むらびと -> とむ -> むしかく -> くちかず -> ずらす -> すら -> らつか -> かかわらず -> ずし -> しゆうず -> ずいじ -> じや -> やつ -> つばくら -> らすとすぱあと -> とはいうものの -> のぼせる -> るみのおる -> るうきい
random vs minimax,random,minimax,D3000_seed0_random_vs_minimax_0,3000,0,second,no_legal_move,22,second,minimax,い,るうきい,いからせる,い,る,る,0.384912,False,557.5,3,3,True,,20,はしや -> やむ -> むらびと -> とむ -> むしかく -> くちかず -> ずらす -> すら -> らつか -> かかわらず -> ずし -> しゆうず -> ずいじ -> じや -> やつ -> つばくら -> らすとすぱあと -> とはいうものの -> のぼせる -> るみのおる -> るうきい -> いからせる
random vs minimax,random,minimax,D3000_seed0_random_vs_minimax_0,3000,0,second,no_legal_move,23,first,random,る,いからせる,るああ,る,あ,あ,4e-06,False,0.0,,,,,,はしや -> やむ -> むらびと -> とむ -> むしかく -> くちかず -> ずらす -> すら -> らつか -> かかわらず -> ずし -> しゆうず -> ずいじ -> じや -> やつ -> つばくら -> らすとすぱあと -> とはいうものの -> のぼせる -> るみのおる -> るうきい -> いからせる -> るああ
random vs minimax,random,minimax,D3000_seed0_random_vs_minimax_0,3000,0,second,no_legal_move,24,second,minimax,あ,るああ,あいず,あ,ず,ず,0.267874,False,1000000.0,3,3,True,,20,はしや -> やむ -> むらびと -> とむ -> むしかく -> くちかず -> ずらす -> すら -> らつか -> かかわらず -> ずし -> しゆうず -> ずいじ -> じや -> やつ -> つばくら -> らすとすぱあと -> とはいうものの -> のぼせる -> るみのおる -> るうきい -> いからせる -> るああ -> あいず
random vs minimax,random,minimax,D3000_seed0_random_vs_minimax_0,3000,0,second,no_legal_move,25,first,random,ず,あいず,ずうずうしい,ず,い,い,3e-06,False,0.0,,,,,,はしや -> やむ -> むらびと -> とむ -> むしかく -> くちかず -> ずらす -> すら -> らつか -> かかわらず -> ずし -> しゆうず -> ずいじ -> じや -> やつ -> つばくら -> らすとすぱあと -> とはいうものの -> のぼせる -> るみのおる -> るうきい -> いからせる -> るああ -> あいず -> ずうずうしい
random vs minimax,random,minimax,D3000_seed0_random_vs_minimax_0,3000,0,second,no_legal_move,26,second,minimax,い,ずうずうしい,いちず,い,ず,ず,0.334051,False,1000000.0,3,3,True,,20,はしや -> やむ -> むらびと -> とむ -> むしかく -> くちかず -> ずらす -> すら -> らつか -> かかわらず -> ずし -> しゆうず -> ずいじ -> じや -> やつ -> つばくら -> らすとすぱあと -> とはいうものの -> のぼせる -> るみのおる -> るうきい -> いからせる -> るああ -> あいず -> ずうずうしい -> いちず
random vs monte_carlo,random,monte_carlo,D3000_seed0_random_vs_monte_carlo_0,3000,0,second,ended_with_n,1,first,random,ANY,,はしや,は,や,や,0.000147,False,0.0,,,,,,はしや
random vs monte_carlo,random,monte_carlo,D3000_seed0_random_vs_monte_carlo_0,3000,0,second,ended_with_n,2,second,monte_carlo,や,はしや,やむ,や,む,む,0.073841,False,0.8,,,,,,はしや -> やむ
random vs monte_carlo,random,monte_carlo,D3000_seed0_random_vs_monte_carlo_0,3000,0,second,ended_with_n,3,first,random,む,やむ,むらびと,む,と,と,2e-06,False,0.0,,,,,,はしや -> やむ -> むらびと
random vs monte_carlo,random,monte_carlo,D3000_seed0_random_vs_monte_carlo_0,3000,0,second,ended_with_n,4,second,monte_carlo,と,むらびと,としよ,と,よ,よ,0.068643,False,0.7,,,,,,はしや -> やむ -> むらびと -> としよ
random vs monte_carlo,random,monte_carlo,D3000_seed0_random_vs_monte_carlo_0,3000,0,second,ended_with_n,5,first,random,よ,としよ,よくい,よ,い,い,8e-06,False,0.0,,,,,,はしや -> やむ -> むらびと -> としよ -> よくい
random vs monte_carlo,random,monte_carlo,D3000_seed0_random_vs_monte_carlo_0,3000,0,second,ended_with_n,6,second,monte_carlo,い,よくい,いきる,い,る,る,0.071521,False,0.8,,,,,,はしや -> やむ -> むらびと -> としよ -> よくい -> いきる
random vs monte_carlo,random,monte_carlo,D3000_seed0_random_vs_monte_carlo_0,3000,0,second,ended_with_n,7,first,random,る,いきる,るうきい,る,い,い,2e-06,False,0.0,,,,,,はしや -> やむ -> むらびと -> としよ -> よくい -> いきる -> るうきい
random vs monte_carlo,random,monte_carlo,D3000_seed0_random_vs_monte_carlo_0,3000,0,second,ended_with_n,8,second,monte_carlo,い,るうきい,いつも,い,も,も,0.064784,False,0.8,,,,,,はしや -> やむ -> むらびと -> としよ -> よくい -> いきる -> るうきい -> いつも
random vs monte_carlo,random,monte_carlo,D3000_seed0_random_vs_monte_carlo_0,3000,0,second,ended_with_n,9,first,random,も,いつも,もんぶしよう,も,う,う,3e-06,False,0.0,,,,,,はしや -> やむ -> むらびと -> としよ -> よくい -> いきる -> るうきい -> いつも -> もんぶしよう
random vs monte_carlo,random,monte_carlo,D3000_seed0_random_vs_monte_carlo_0,3000,0,second,ended_with_n,10,second,monte_carlo,う,もんぶしよう,うたげ,う,げ,げ,0.0599,False,0.9,,,,,,はしや -> やむ -> むらびと -> としよ -> よくい -> いきる -> るうきい -> いつも -> もんぶしよう -> うたげ
random vs monte_carlo,random,monte_carlo,D3000_seed0_random_vs_monte_carlo_0,3000,0,second,ended_with_n,11,first,random,げ,うたげ,げんしち,げ,ち,ち,2e-06,False,0.0,,,,,,はしや -> やむ -> むらびと -> としよ -> よくい -> いきる -> るうきい -> いつも -> もんぶしよう -> うたげ -> げんしち
random vs monte_carlo,random,monte_carlo,D3000_seed0_random_vs_monte_carlo_0,3000,0,second,ended_with_n,12,second,monte_carlo,ち,げんしち,ちかしつ,ち,つ,つ,0.062524,False,0.8,,,,,,はしや -> やむ -> むらびと -> としよ -> よくい -> いきる -> るうきい -> いつも -> もんぶしよう -> うたげ -> げんしち -> ちかしつ
random vs monte_carlo,random,monte_carlo,D3000_seed0_random_vs_monte_carlo_0,3000,0,second,ended_with_n,13,first,random,つ,ちかしつ,つまむ,つ,む,む,3e-06,False,0.0,,,,,,はしや -> やむ -> むらびと -> としよ -> よくい -> いきる -> るうきい -> いつも -> もんぶしよう -> うたげ -> げんしち -> ちかしつ -> つまむ
random vs monte_carlo,random,monte_carlo,D3000_seed0_random_vs_monte_carlo_0,3000,0,second,ended_with_n,14,second,monte_carlo,む,つまむ,むすめ,む,め,め,0.049244,False,0.7,,,,,,はしや -> やむ -> むらびと -> としよ -> よくい -> いきる -> るうきい -> いつも -> もんぶしよう -> うたげ -> げんしち -> ちかしつ -> つまむ -> むすめ
random vs monte_carlo,random,monte_carlo,D3000_seed0_random_vs_monte_carlo_0,3000,0,second,ended_with_n,15,first,random,め,むすめ,めがみ,め,み,み,2e-06,False,0.0,,,,,,はしや -> やむ -> むらびと -> としよ -> よくい -> いきる -> るうきい -> いつも -> もんぶしよう -> うたげ -> げんしち -> ちかしつ -> つまむ -> むすめ -> めがみ
random vs monte_carlo,random,monte_carlo,D3000_seed0_random_vs_monte_carlo_0,3000,0,second,ended_with_n,16,second,monte_carlo,み,めがみ,みとめる,み,る,る,0.057455,False,0.7,,,,,,はしや -> やむ -> むらびと -> としよ -> よくい -> いきる -> るうきい -> いつも -> もんぶしよう -> うたげ -> げんしち -> ちかしつ -> つまむ -> むすめ -> めがみ -> みとめる
random vs monte_carlo,random,monte_carlo,D3000_seed0_random_vs_monte_carlo_0,3000,0,second,ended_with_n,17,first,random,る,みとめる,るぽるたあじゆ,る,ゆ,ゆ,2e-06,False,0.0,,,,,,はしや -> やむ -> むらびと -> としよ -> よくい -> いきる -> るうきい -> いつも -> もんぶしよう -> うたげ -> げんしち -> ちかしつ -> つまむ -> むすめ -> めがみ -> みとめる -> るぽるたあじゆ
random vs monte_carlo,random,monte_carlo,D3000_seed0_random_vs_monte_carlo_0,3000,0,second,ended_with_n,18,second,monte_carlo,ゆ,るぽるたあじゆ,ゆうゆう,ゆ,う,う,0.053875,False,0.9,,,,,,はしや -> やむ -> むらびと -> としよ -> よくい -> いきる -> るうきい -> いつも -> もんぶしよう -> うたげ -> げんしち -> ちかしつ -> つまむ -> むすめ -> めがみ -> みとめる -> るぽるたあじゆ -> ゆうゆう
random vs monte_carlo,random,monte_carlo,D3000_seed0_random_vs_monte_carlo_0,3000,0,second,ended_with_n,19,first,random,う,ゆうゆう,うちこむ,う,む,む,4e-06,False,0.0,,,,,,はしや -> やむ -> むらびと -> としよ -> よくい -> いきる -> るうきい -> いつも -> もんぶしよう -> うたげ -> げんしち -> ちかしつ -> つまむ -> むすめ -> めがみ -> みとめる -> るぽるたあじゆ -> ゆうゆう -> うちこむ
random vs monte_carlo,random,monte_carlo,D3000_seed0_random_vs_monte_carlo_0,3000,0,second,ended_with_n,20,second,monte_carlo,む,うちこむ,むしよく,む,く,く,0.038696,False,0.9,,,,,,はしや -> やむ -> むらびと -> としよ -> よくい -> いきる -> るうきい -> いつも -> もんぶしよう -> うたげ -> げんしち -> ちかしつ -> つまむ -> むすめ -> めがみ -> みとめる -> るぽるたあじゆ -> ゆうゆう -> うちこむ -> むしよく
random vs monte_carlo,random,monte_carlo,D3000_seed0_random_vs_monte_carlo_0,3000,0,second,ended_with_n,21,first,random,く,むしよく,くれえたあ,く,あ,あ,4e-06,False,0.0,,,,,,はしや -> やむ -> むらびと -> としよ -> よくい -> いきる -> るうきい -> いつも -> もんぶしよう -> うたげ -> げんしち -> ちかしつ -> つまむ -> むすめ -> めがみ -> みとめる -> るぽるたあじゆ -> ゆうゆう -> うちこむ -> むしよく -> くれえたあ
random vs monte_carlo,random,monte_carlo,D3000_seed0_random_vs_monte_carlo_0,3000,0,second,ended_with_n,22,second,monte_carlo,あ,くれえたあ,あららげる,あ,る,る,0.047289,False,0.8,,,,,,はしや -> やむ -> むらびと -> としよ -> よくい -> いきる -> るうきい -> いつも -> もんぶしよう -> うたげ -> げんしち -> ちかしつ -> つまむ -> むすめ -> めがみ -> みとめる -> るぽるたあじゆ -> ゆうゆう -> うちこむ -> むしよく -> くれえたあ -> あららげる
random vs monte_carlo,random,monte_carlo,D3000_seed0_random_vs_monte_carlo_0,3000,0,second,ended_with_n,23,first,random,る,あららげる,るり,る,り,り,1e-06,False,0.0,,,,,,はしや -> やむ -> むらびと -> としよ -> よくい -> いきる -> るうきい -> いつも -> もんぶしよう -> うたげ -> げんしち -> ちかしつ -> つまむ -> むすめ -> めがみ -> みとめる -> るぽるたあじゆ -> ゆうゆう -> うちこむ -> むしよく -> くれえたあ -> あららげる -> るり
random vs monte_carlo,random,monte_carlo,D3000_seed0_random_vs_monte_carlo_0,3000,0,second,ended_with_n,24,second,monte_carlo,り,るり,りゆうほ,り,ほ,ほ,0.041803,False,0.7,,,,,,はしや -> やむ -> むらびと -> としよ -> よくい -> いきる -> るうきい -> いつも -> もんぶしよう -> うたげ -> げんしち -> ちかしつ -> つまむ -> むすめ -> めがみ -> みとめる -> るぽるたあじゆ -> ゆうゆう -> うちこむ -> むしよく -> くれえたあ -> あららげる -> るり -> りゆうほ
random vs monte_carlo,random,monte_carlo,D3000_seed0_random_vs_monte_carlo_0,3000,0,second,ended_with_n,25,first,random,ほ,りゆうほ,ほうぼう,ほ,う,う,3e-06,False,0.0,,,,,,はしや -> やむ -> むらびと -> としよ -> よくい -> いきる -> るうきい -> いつも -> もんぶしよう -> うたげ -> げんしち -> ちかしつ -> つまむ -> むすめ -> めがみ -> みとめる -> るぽるたあじゆ -> ゆうゆう -> うちこむ -> むしよく -> くれえたあ -> あららげる -> るり -> りゆうほ -> ほうぼう
random vs monte_carlo,random,monte_carlo,D3000_seed0_random_vs_monte_carlo_0,3000,0,second,ended_with_n,26,second,monte_carlo,う,ほうぼう,うけとり,う,り,り,0.039134,False,0.9,,,,,,はしや -> やむ -> むらびと -> としよ -> よくい -> いきる -> るうきい -> いつも -> もんぶしよう -> うたげ -> げんしち -> ちかしつ -> つまむ -> むすめ -> めがみ -> みとめる -> るぽるたあじゆ -> ゆうゆう -> うちこむ -> むしよく -> くれえたあ -> あららげる -> るり -> りゆうほ -> ほうぼう -> うけとり
random vs monte_carlo,random,monte_carlo,D3000_seed0_random_vs_monte_carlo_0,3000,0,second,ended_with_n,27,first,random,り,うけとり,りようり,り,り,り,3e-06,False,0.0,,,,,,はしや -> やむ -> むらびと -> としよ -> よくい -> いきる -> るうきい -> いつも -> もんぶしよう -> うたげ -> げんしち -> ちかしつ -> つまむ -> むすめ -> めがみ -> みとめる -> るぽるたあじゆ -> ゆうゆう -> うちこむ -> むしよく -> くれえたあ -> あららげる -> るり -> りゆうほ -> ほうぼう -> うけとり -> りようり
random vs monte_carlo,random,monte_carlo,D3000_seed0_random_vs_monte_carlo_0,3000,0,second,ended_with_n,28,second,monte_carlo,り,りようり,りとる,り,る,る,0.041092,False,0.6,,,,,,はしや -> やむ -> むらびと -> としよ -> よくい -> いきる -> るうきい -> いつも -> もんぶしよう -> うたげ -> げんしち -> ちかしつ -> つまむ -> むすめ -> めがみ -> みとめる -> るぽるたあじゆ -> ゆうゆう -> うちこむ -> むしよく -> くれえたあ -> あららげる -> るり -> りゆうほ -> ほうぼう -> うけとり -> りようり -> りとる
random vs monte_carlo,random,monte_carlo,D3000_seed0_random_vs_monte_carlo_0,3000,0,second,ended_with_n,29,first,random,る,りとる,るみのおる,る,る,る,2e-06,False,0.0,,,,,,はしや -> やむ -> むらびと -> としよ -> よくい -> いきる -> るうきい -> いつも -> もんぶしよう -> うたげ -> げんしち -> ちかしつ -> つまむ -> むすめ -> めがみ -> みとめる -> るぽるたあじゆ -> ゆうゆう -> うちこむ -> むしよく -> くれえたあ -> あららげる -> るり -> りゆうほ -> ほうぼう -> うけとり -> りようり -> りとる -> るみのおる
random vs monte_carlo,random,monte_carlo,D3000_seed0_random_vs_monte_carlo_0,3000,0,second,ended_with_n,30,second,monte_carlo,る,るみのおる,るいすい,る,い,い,0.004663,False,0.7,,,,,,はしや -> やむ -> むらびと -> としよ -> よくい -> いきる -> るうきい -> いつも -> もんぶしよう -> うたげ -> げんしち -> ちかしつ -> つまむ -> むすめ -> めがみ -> みとめる -> るぽるたあじゆ -> ゆうゆう -> うちこむ -> むしよく -> くれえたあ -> あららげる -> るり -> りゆうほ -> ほうぼう -> うけとり -> りようり -> りとる -> るみのおる -> るいすい
random vs monte_carlo,random,monte_carlo,D3000_seed0_random_vs_monte_carlo_0,3000,0,second,ended_with_n,31,first,random,い,るいすい,いこおる,い,る,る,6e-06,False,0.0,,,,,,はしや -> やむ -> むらびと -> としよ -> よくい -> いきる -> るうきい -> いつも -> もんぶしよう -> うたげ -> げんしち -> ちかしつ -> つまむ -> むすめ -> めがみ -> みとめる -> るぽるたあじゆ -> ゆうゆう -> うちこむ -> むしよく -> くれえたあ -> あららげる -> るり -> りゆうほ -> ほうぼう -> うけとり -> りようり -> りとる -> るみのおる -> るいすい -> いこおる
random vs monte_carlo,random,monte_carlo,D3000_seed0_random_vs_monte_carlo_0,3000,0,second,ended_with_n,32,second,monte_carlo,る,いこおる,るああ,る,あ,あ,0.001878,False,0.5,,,,,,はしや -> やむ -> むらびと -> としよ -> よくい -> いきる -> るうきい -> いつも -> もんぶしよう -> うたげ -> げんしち -> ちかしつ -> つまむ -> むすめ -> めがみ -> みとめる -> るぽるたあじゆ -> ゆうゆう -> うちこむ -> むしよく -> くれえたあ -> あららげる -> るり -> りゆうほ -> ほうぼう -> うけとり -> りようり -> りとる -> るみのおる -> るいすい -> いこおる -> るああ
random vs monte_carlo,random,monte_carlo,D3000_seed0_random_vs_monte_carlo_0,3000,0,second,ended_with_n,33,first,random,あ,るああ,あすきい,あ,い,い,6e-06,False,0.0,,,,,,はしや -> やむ -> むらびと -> としよ -> よくい -> いきる -> るうきい -> いつも -> もんぶしよう -> うたげ -> げんしち -> ちかしつ -> つまむ -> むすめ -> めがみ -> みとめる -> るぽるたあじゆ -> ゆうゆう -> うちこむ -> むしよく -> くれえたあ -> あららげる -> るり -> りゆうほ -> ほうぼう -> うけとり -> りようり -> りとる -> るみのおる -> るいすい -> いこおる -> るああ -> あすきい
random vs monte_carlo,random,monte_carlo,D3000_seed0_random_vs_monte_carlo_0,3000,0,second,ended_with_n,34,second,monte_carlo,い,あすきい,いくら,い,ら,ら,0.01944,False,0.9,,,,,,はしや -> やむ -> むらびと -> としよ -> よくい -> いきる -> るうきい -> いつも -> もんぶしよう -> うたげ -> げんしち -> ちかしつ -> つまむ -> むすめ -> めがみ -> みとめる -> るぽるたあじゆ -> ゆうゆう -> うちこむ -> むしよく -> くれえたあ -> あららげる -> るり -> りゆうほ -> ほうぼう -> うけとり -> りようり -> りとる -> るみのおる -> るいすい -> いこおる -> るああ -> あすきい -> いくら
random vs monte_carlo,random,monte_carlo,D3000_seed0_random_vs_monte_carlo_0,3000,0,second,ended_with_n,35,first,random,ら,いくら,らち,ら,ち,ち,2e-06,False,0.0,,,,,,はしや -> やむ -> むらびと -> としよ -> よくい -> いきる -> るうきい -> いつも -> もんぶしよう -> うたげ -> げんしち -> ちかしつ -> つまむ -> むすめ -> めがみ -> みとめる -> るぽるたあじゆ -> ゆうゆう -> うちこむ -> むしよく -> くれえたあ -> あららげる -> るり -> りゆうほ -> ほうぼう -> うけとり -> りようり -> りとる -> るみのおる -> るいすい -> いこおる -> るああ -> あすきい -> いくら -> らち
random vs monte_carlo,random,monte_carlo,D3000_seed0_random_vs_monte_carlo_0,3000,0,second,ended_with_n,36,second,monte_carlo,ち,らち,ちゆうえつ,ち,つ,つ,0.020168,False,0.8,,,,,,はしや -> やむ -> むらびと -> としよ -> よくい -> いきる -> るうきい -> いつも -> もんぶしよう -> うたげ -> げんしち -> ちかしつ -> つまむ -> むすめ -> めがみ -> みとめる -> るぽるたあじゆ -> ゆうゆう -> うちこむ -> むしよく -> くれえたあ -> あららげる -> るり -> りゆうほ -> ほうぼう -> うけとり -> りようり -> りとる -> るみのおる -> るいすい -> いこおる -> るああ -> あすきい -> いくら -> らち -> ちゆうえつ
random vs monte_carlo,random,monte_carlo,D3000_seed0_random_vs_monte_carlo_0,3000,0,second,ended_with_n,37,first,random,つ,ちゆうえつ,つつみ,つ,み,み,3e-06,False,0.0,,,,,,はしや -> やむ -> むらびと -> としよ -> よくい -> いきる -> るうきい -> いつも -> もんぶしよう -> うたげ -> げんしち -> ちかしつ -> つまむ -> むすめ -> めがみ -> みとめる -> るぽるたあじゆ -> ゆうゆう -> うちこむ -> むしよく -> くれえたあ -> あららげる -> るり -> りゆうほ -> ほうぼう -> うけとり -> りようり -> りとる -> るみのおる -> るいすい -> いこおる -> るああ -> あすきい -> いくら -> らち -> ちゆうえつ -> つつみ
random vs monte_carlo,random,monte_carlo,D3000_seed0_random_vs_monte_carlo_0,3000,0,second,ended_with_n,38,second,monte_carlo,み,つつみ,みまもる,み,る,る,0.017503,False,0.8,,,,,,はしや -> やむ -> むらびと -> としよ -> よくい -> いきる -> るうきい -> いつも -> もんぶしよう -> うたげ -> げんしち -> ちかしつ -> つまむ -> むすめ -> めがみ -> みとめる -> るぽるたあじゆ -> ゆうゆう -> うちこむ -> むしよく -> くれえたあ -> あららげる -> るり -> りゆうほ -> ほうぼう -> うけとり -> りようり -> りとる -> るみのおる -> るいすい -> いこおる -> るああ -> あすきい -> いくら -> らち -> ちゆうえつ -> つつみ -> みまもる
random vs monte_carlo,random,monte_carlo,D3000_seed0_random_vs_monte_carlo_0,3000,0,second,ended_with_n,39,first,random,る,みまもる,るいせき,る,き,き,1e-06,False,0.0,,,,,,はしや -> やむ -> むらびと -> としよ -> よくい -> いきる -> るうきい -> いつも -> もんぶしよう -> うたげ -> げんしち -> ちかしつ -> つまむ -> むすめ -> めがみ -> みとめる -> るぽるたあじゆ -> ゆうゆう -> うちこむ -> むしよく -> くれえたあ -> あららげる -> るり -> りゆうほ -> ほうぼう -> うけとり -> りようり -> りとる -> るみのおる -> るいすい -> いこおる -> るああ -> あすきい -> いくら -> らち -> ちゆうえつ -> つつみ -> みまもる -> るいせき
random vs monte_carlo,random,monte_carlo,D3000_seed0_random_vs_monte_carlo_0,3000,0,second,ended_with_n,40,second,monte_carlo,き,るいせき,きこえる,き,る,る,0.009645,False,1.0,,,,,,はしや -> やむ -> むらびと -> としよ -> よくい -> いきる -> るうきい -> いつも -> もんぶしよう -> うたげ -> げんしち -> ちかしつ -> つまむ -> むすめ -> めがみ -> みとめる -> るぽるたあじゆ -> ゆうゆう -> うちこむ -> むしよく -> くれえたあ -> あららげる -> るり -> りゆうほ -> ほうぼう -> うけとり -> りようり -> りとる -> るみのおる -> るいすい -> いこおる -> るああ -> あすきい -> いくら -> らち -> ちゆうえつ -> つつみ -> みまもる -> るいせき -> きこえる
random vs monte_carlo,random,monte_carlo,D3000_seed0_random_vs_monte_carlo_0,3000,0,second,ended_with_n,41,first,random,る,きこえる,るうちん,る,ん,,1e-06,False,0.0,,,,,,はしや -> やむ -> むらびと -> としよ -> よくい -> いきる -> るうきい -> いつも -> もんぶしよう -> うたげ -> げんしち -> ちかしつ -> つまむ -> むすめ -> めがみ -> みとめる -> るぽるたあじゆ -> ゆうゆう -> うちこむ -> むしよく -> くれえたあ -> あららげる -> るり -> りゆうほ -> ほうぼう -> うけとり -> りようり -> りとる -> るみのおる -> るいすい -> いこおる -> るああ -> あすきい -> いくら -> らち -> ちゆうえつ -> つつみ -> みまもる -> るいせき -> きこえる -> るうちん
random vs alpha_beta,random,alpha_beta,D3000_seed0_random_vs_alpha_beta_0,3000,0,second,no_legal_move,1,first,random,ANY,,はしや,は,や,や,0.000142,False,0.0,,,,,,はしや
random vs alpha_beta,random,alpha_beta,D3000_seed0_random_vs_alpha_beta_0,3000,0,second,no_legal_move,2,second,alpha_beta,や,はしや,やむ,や,む,む,0.26334,False,-96.5,4,4,True,433,20,はしや -> やむ
random vs alpha_beta,random,alpha_beta,D3000_seed0_random_vs_alpha_beta_0,3000,0,second,no_legal_move,3,first,random,む,やむ,むらびと,む,と,と,5e-06,False,0.0,,,,,,はしや -> やむ -> むらびと
random vs alpha_beta,random,alpha_beta,D3000_seed0_random_vs_alpha_beta_0,3000,0,second,no_legal_move,4,second,alpha_beta,と,むらびと,とむ,と,む,む,0.179096,False,-96.5,4,4,True,257,20,はしや -> やむ -> むらびと -> とむ
random vs alpha_beta,random,alpha_beta,D3000_seed0_random_vs_alpha_beta_0,3000,0,second,no_legal_move,5,first,random,む,とむ,むしかく,む,く,く,5e-06,False,0.0,,,,,,はしや -> やむ -> むらびと -> とむ -> むしかく
random vs alpha_beta,random,alpha_beta,D3000_seed0_random_vs_alpha_beta_0,3000,0,second,no_legal_move,6,second,alpha_beta,く,むしかく,くちかず,く,ず,ず,0.091539,False,-96.5,4,4,True,273,20,はしや -> やむ -> むらびと -> とむ -> むしかく -> くちかず
random vs alpha_beta,random,alpha_beta,D3000_seed0_random_vs_alpha_beta_0,3000,0,second,no_legal_move,7,first,random,ず,くちかず,ずらす,ず,す,す,2e-06,False,0.0,,,,,,はしや -> やむ -> むらびと -> とむ -> むしかく -> くちかず -> ずらす
random vs alpha_beta,random,alpha_beta,D3000_seed0_random_vs_alpha_beta_0,3000,0,second,no_legal_move,8,second,alpha_beta,す,ずらす,すら,す,ら,ら,0.163079,False,-96.5,4,4,True,356,20,はしや -> やむ -> むらびと -> とむ -> むしかく -> くちかず -> ずらす -> すら
random vs alpha_beta,random,alpha_beta,D3000_seed0_random_vs_alpha_beta_0,3000,0,second,no_legal_move,9,first,random,ら,すら,らつか,ら,か,か,4e-06,False,0.0,,,,,,はしや -> やむ -> むらびと -> とむ -> むしかく -> くちかず -> ずらす -> すら -> らつか
random vs alpha_beta,random,alpha_beta,D3000_seed0_random_vs_alpha_beta_0,3000,0,second,no_legal_move,10,second,alpha_beta,か,らつか,かかわらず,か,ず,ず,0.090202,False,-96.5,4,4,True,311,20,はしや -> やむ -> むらびと -> とむ -> むしかく -> くちかず -> ずらす -> すら -> らつか -> かかわらず
random vs alpha_beta,random,alpha_beta,D3000_seed0_random_vs_alpha_beta_0,3000,0,second,no_legal_move,11,first,random,ず,かかわらず,ずし,ず,し,し,2e-06,False,0.0,,,,,,はしや -> やむ -> むらびと -> とむ -> むしかく -> くちかず -> ずらす -> すら -> らつか -> かかわらず -> ずし
random vs alpha_beta,random,alpha_beta,D3000_seed0_random_vs_alpha_beta_0,3000,0,second,no_legal_move,12,second,alpha_beta,し,ずし,しゆうず,し,ず,ず,0.091768,False,-96.5,4,4,True,331,20,はしや -> やむ -> むらびと -> とむ -> むしかく -> くちかず -> ずらす -> すら -> らつか -> かかわらず -> ずし -> しゆうず
random vs alpha_beta,random,alpha_beta,D3000_seed0_random_vs_alpha_beta_0,3000,0,second,no_legal_move,13,first,random,ず,しゆうず,ずいじ,ず,じ,じ,2e-06,False,0.0,,,,,,はしや -> やむ -> むらびと -> とむ -> むしかく -> くちかず -> ずらす -> すら -> らつか -> かかわらず -> ずし -> しゆうず -> ずいじ
random vs alpha_beta,random,alpha_beta,D3000_seed0_random_vs_alpha_beta_0,3000,0,second,no_legal_move,14,second,alpha_beta,じ,ずいじ,じゆうしゆぎ,じ,ぎ,ぎ,0.136069,False,-96.5,4,4,True,263,20,はしや -> やむ -> むらびと -> とむ -> むしかく -> くちかず -> ずらす -> すら -> らつか -> かかわらず -> ずし -> しゆうず -> ずいじ -> じゆうしゆぎ
random vs alpha_beta,random,alpha_beta,D3000_seed0_random_vs_alpha_beta_0,3000,0,second,no_legal_move,15,first,random,ぎ,じゆうしゆぎ,ぎし,ぎ,し,し,2e-06,False,0.0,,,,,,はしや -> やむ -> むらびと -> とむ -> むしかく -> くちかず -> ずらす -> すら -> らつか -> かかわらず -> ずし -> しゆうず -> ずいじ -> じゆうしゆぎ -> ぎし
random vs alpha_beta,random,alpha_beta,D3000_seed0_random_vs_alpha_beta_0,3000,0,second,no_legal_move,16,second,alpha_beta,し,ぎし,しぬ,し,ぬ,ぬ,0.104311,False,-96.5,4,4,True,281,20,はしや -> やむ -> むらびと -> とむ -> むしかく -> くちかず -> ずらす -> すら -> らつか -> かかわらず -> ずし -> しゆうず -> ずいじ -> じゆうしゆぎ -> ぎし -> しぬ
random vs alpha_beta,random,alpha_beta,D3000_seed0_random_vs_alpha_beta_0,3000,0,second,no_legal_move,17,first,random,ぬ,しぬ,ぬし,ぬ,し,し,3e-06,False,0.0,,,,,,はしや -> やむ -> むらびと -> とむ -> むしかく -> くちかず -> ずらす -> すら -> らつか -> かかわらず -> ずし -> しゆうず -> ずいじ -> じゆうしゆぎ -> ぎし -> しぬ -> ぬし
random vs alpha_beta,random,alpha_beta,D3000_seed0_random_vs_alpha_beta_0,3000,0,second,no_legal_move,18,second,alpha_beta,し,ぬし,しぶつら,し,ら,ら,0.127817,False,-96.5,4,4,True,307,20,はしや -> やむ -> むらびと -> とむ -> むしかく -> くちかず -> ずらす -> すら -> らつか -> かかわらず -> ずし -> しゆうず -> ずいじ -> じゆうしゆぎ -> ぎし -> しぬ -> ぬし -> しぶつら
random vs alpha_beta,random,alpha_beta,D3000_seed0_random_vs_alpha_beta_0,3000,0,second,no_legal_move,19,first,random,ら,しぶつら,らいだあ,ら,あ,あ,4e-06,False,0.0,,,,,,はしや -> やむ -> むらびと -> とむ -> むしかく -> くちかず -> ずらす -> すら -> らつか -> かかわらず -> ずし -> しゆうず -> ずいじ -> じゆうしゆぎ -> ぎし -> しぬ -> ぬし -> しぶつら -> らいだあ
random vs alpha_beta,random,alpha_beta,D3000_seed0_random_vs_alpha_beta_0,3000,0,second,no_legal_move,20,second,alpha_beta,あ,らいだあ,あいず,あ,ず,ず,0.005235,False,1000000.0,4,4,True,58,20,はしや -> やむ -> むらびと -> とむ -> むしかく -> くちかず -> ずらす -> すら -> らつか -> かかわらず -> ずし -> しゆうず -> ずいじ -> じゆうしゆぎ -> ぎし -> しぬ -> ぬし -> しぶつら -> らいだあ -> あいず
random vs alpha_beta,random,alpha_beta,D3000_seed0_random_vs_alpha_beta_0,3000,0,second,no_legal_move,21,first,random,ず,あいず,ずうずうしい,ず,い,い,1e-06,False,0.0,,,,,,はしや -> やむ -> むらびと -> とむ -> むしかく -> くちかず -> ずらす -> すら -> らつか -> かかわらず -> ずし -> しゆうず -> ずいじ -> じゆうしゆぎ -> ぎし -> しぬ -> ぬし -> しぶつら -> らいだあ -> あいず -> ずうずうしい
random vs alpha_beta,random,alpha_beta,D3000_seed0_random_vs_alpha_beta_0,3000,0,second,no_legal_move,22,second,alpha_beta,い,ずうずうしい,いちず,い,ず,ず,0.003678,False,1000000.0,4,4,True,43,20,はしや -> やむ -> むらびと -> とむ -> むしかく -> くちかず -> ずらす -> すら -> らつか -> かかわらず -> ずし -> しゆうず -> ずいじ -> じゆうしゆぎ -> ぎし -> しぬ -> ぬし -> しぶつら -> らいだあ -> あいず -> ずうずうしい -> いちず
greedy vs random,greedy,random,D3000_seed0_greedy_vs_random_0,3000,0,second,ended_with_n,1,first,greedy,ANY,,おぺ,お,ぺ,ぺ,0.00952,False,-81.5,,,,,3000,おぺ
greedy vs random,greedy,random,D3000_seed0_greedy_vs_random_0,3000,0,second,ended_with_n,2,second,random,ぺ,おぺ,ぺえじ,ぺ,じ,じ,3e-06,False,0.0,,,,,,おぺ -> ぺえじ
greedy vs random,greedy,random,D3000_seed0_greedy_vs_random_0,3000,0,second,ended_with_n,3,first,greedy,じ,ぺえじ,じゆうる,じ,る,る,0.000349,False,-173.5,,,,,109,おぺ -> ぺえじ -> じゆうる
greedy vs random,greedy,random,D3000_seed0_greedy_vs_random_0,3000,0,second,ended_with_n,4,second,random,る,じゆうる,るうきい,る,い,い,1e-06,False,0.0,,,,,,おぺ -> ぺえじ -> じゆうる -> るうきい
greedy vs random,greedy,random,D3000_seed0_greedy_vs_random_0,3000,0,second,ended_with_n,5,first,greedy,い,るうきい,いちず,い,ず,ず,0.000304,False,-92.0,,,,,99,おぺ -> ぺえじ -> じゆうる -> るうきい -> いちず
greedy vs random,greedy,random,D3000_seed0_greedy_vs_random_0,3000,0,second,ended_with_n,6,second,random,ず,いちず,ずらす,ず,す,す,1e-06,False,0.0,,,,,,おぺ -> ぺえじ -> じゆうる -> るうきい -> いちず -> ずらす
greedy vs random,greedy,random,D3000_seed0_greedy_vs_random_0,3000,0,second,ended_with_n,7,first,greedy,す,ずらす,すたいる,す,る,る,0.000202,False,-150.5,,,,,59,おぺ -> ぺえじ -> じゆうる -> るうきい -> いちず -> ずらす -> すたいる
greedy vs random,greedy,random,D3000_seed0_greedy_vs_random_0,3000,0,second,ended_with_n,8,second,random,る,すたいる,るいせき,る,き,き,1e-06,False,0.0,,,,,,おぺ -> ぺえじ -> じゆうる -> るうきい -> いちず -> ずらす -> すたいる -> るいせき
greedy vs random,greedy,random,D3000_seed0_greedy_vs_random_0,3000,0,second,ended_with_n,9,first,greedy,き,るいせき,きつず,き,ず,ず,0.000303,False,-69.0,,,,,100,おぺ -> ぺえじ -> じゆうる -> るうきい -> いちず -> ずらす -> すたいる -> るいせき -> きつず
greedy vs random,greedy,random,D3000_seed0_greedy_vs_random_0,3000,0,second,ended_with_n,10,second,random,ず,きつず,ずうずうしい,ず,い,い,1e-06,False,0.0,,,,,,おぺ -> ぺえじ -> じゆうる -> るうきい -> いちず -> ずらす -> すたいる -> るいせき -> きつず -> ずうずうしい
greedy vs random,greedy,random,D3000_seed0_greedy_vs_random_0,3000,0,second,ended_with_n,11,first,greedy,い,ずうずうしい,いきる,い,る,る,0.000316,False,-127.5,,,,,98,おぺ -> ぺえじ -> じゆうる -> るうきい -> いちず -> ずらす -> すたいる -> るいせき -> きつず -> ずうずうしい -> いきる
greedy vs random,greedy,random,D3000_seed0_greedy_vs_random_0,3000,0,second,ended_with_n,12,second,random,る,いきる,るああ,る,あ,あ,1e-06,False,0.0,,,,,,おぺ -> ぺえじ -> じゆうる -> るうきい -> いちず -> ずらす -> すたいる -> るいせき -> きつず -> ずうずうしい -> いきる -> るああ
greedy vs random,greedy,random,D3000_seed0_greedy_vs_random_0,3000,0,second,ended_with_n,13,first,greedy,あ,るああ,あいず,あ,ず,ず,0.000338,False,-46.0,,,,,101,おぺ -> ぺえじ -> じゆうる -> るうきい -> いちず -> ずらす -> すたいる -> るいせき -> きつず -> ずうずうしい -> いきる -> るああ -> あいず
greedy vs random,greedy,random,D3000_seed0_greedy_vs_random_0,3000,0,second,ended_with_n,14,second,random,ず,あいず,ずいじ,ず,じ,じ,1e-06,False,0.0,,,,,,おぺ -> ぺえじ -> じゆうる -> るうきい -> いちず -> ずらす -> すたいる -> るいせき -> きつず -> ずうずうしい -> いきる -> るああ -> あいず -> ずいじ
greedy vs random,greedy,random,D3000_seed0_greedy_vs_random_0,3000,0,second,ended_with_n,15,first,greedy,じ,ずいじ,じようずる,じ,る,る,0.000382,False,-104.5,,,,,108,おぺ -> ぺえじ -> じゆうる -> るうきい -> いちず -> ずらす -> すたいる -> るいせき -> きつず -> ずうずうしい -> いきる -> るああ -> あいず -> ずいじ -> じようずる
greedy vs random,greedy,random,D3000_seed0_greedy_vs_random_0,3000,0,second,ended_with_n,16,second,random,る,じようずる,るいすい,る,い,い,1e-06,False,0.0,,,,,,おぺ -> ぺえじ -> じゆうる -> るうきい -> いちず -> ずらす -> すたいる -> るいせき -> きつず -> ずうずうしい -> いきる -> るああ -> あいず -> ずいじ -> じようずる -> るいすい
greedy vs random,greedy,random,D3000_seed0_greedy_vs_random_0,3000,0,second,ended_with_n,17,first,greedy,い,るいすい,いとめる,い,る,る,0.000327,False,-81.5,,,,,97,おぺ -> ぺえじ -> じゆうる -> るうきい -> いちず -> ずらす -> すたいる -> るいせき -> きつず -> ずうずうしい -> いきる -> るああ -> あいず -> ずいじ -> じようずる -> るいすい -> いとめる
greedy vs random,greedy,random,D3000_seed0_greedy_vs_random_0,3000,0,second,ended_with_n,18,second,random,る,いとめる,るぽるたあじゆ,る,ゆ,ゆ,1e-06,False,0.0,,,,,,おぺ -> ぺえじ -> じゆうる -> るうきい -> いちず -> ずらす -> すたいる -> るいせき -> きつず -> ずうずうしい -> いきる -> るああ -> あいず -> ずいじ -> じようずる -> るいすい -> いとめる -> るぽるたあじゆ
greedy vs random,greedy,random,D3000_seed0_greedy_vs_random_0,3000,0,second,ended_with_n,19,first,greedy,ゆ,るぽるたあじゆ,ゆきわたる,ゆ,る,る,0.000102,False,-58.5,,,,,26,おぺ -> ぺえじ -> じゆうる -> るうきい -> いちず -> ずらす -> すたいる -> るいせき -> きつず -> ずうずうしい -> いきる -> るああ -> あいず -> ずいじ -> じようずる -> るいすい -> いとめる -> るぽるたあじゆ -> ゆきわたる
greedy vs random,greedy,random,D3000_seed0_greedy_vs_random_0,3000,0,second,ended_with_n,20,second,random,る,ゆきわたる,るり,る,り,り,1e-06,False,0.0,,,,,,おぺ -> ぺえじ -> じゆうる -> るうきい -> いちず -> ずらす -> すたいる -> るいせき -> きつず -> ずうずうしい -> いきる -> るああ -> あいず -> ずいじ -> じようずる -> るいすい -> いとめる -> るぽるたあじゆ -> ゆきわたる -> るり
greedy vs random,greedy,random,D3000_seed0_greedy_vs_random_0,3000,0,second,ended_with_n,21,first,greedy,り,るり,りとる,り,る,る,0.000221,False,-35.5,,,,,53,おぺ -> ぺえじ -> じゆうる -> るうきい -> いちず -> ずらす -> すたいる -> るいせき -> きつず -> ずうずうしい -> いきる -> るああ -> あいず -> ずいじ -> じようずる -> るいすい -> いとめる -> るぽるたあじゆ -> ゆきわたる -> るり -> りとる
greedy vs random,greedy,random,D3000_seed0_greedy_vs_random_0,3000,0,second,ended_with_n,22,second,random,る,りとる,るみのおる,る,る,る,1e-06,False,0.0,,,,,,おぺ -> ぺえじ -> じゆうる -> るうきい -> いちず -> ずらす -> すたいる -> るいせき -> きつず -> ずうずうしい -> いきる -> るああ -> あいず -> ずいじ -> じようずる -> るいすい -> いとめる -> るぽるたあじゆ -> ゆきわたる -> るり -> りとる -> るみのおる
greedy vs random,greedy,random,D3000_seed0_greedy_vs_random_0,3000,0,second,ended_with_n,23,first,greedy,る,るみのおる,るうちん,る,ん,,1e-06,False,-1000000.0,,,,,1,おぺ -> ぺえじ -> じゆうる -> るうきい -> いちず -> ずらす -> すたいる -> るいせき -> きつず -> ずうずうしい -> いきる -> るああ -> あいず -> ずいじ -> じようずる -> るいすい -> いとめる -> るぽるたあじゆ -> ゆきわたる -> るり -> りとる -> るみのおる -> るうちん
greedy vs minimax,greedy,minimax,D3000_seed0_greedy_vs_minimax_0,3000,0,second,ended_with_n,1,first,greedy,ANY,,おぺ,お,ぺ,ぺ,0.009462,False,-81.5,,,,,3000,おぺ
greedy vs minimax,greedy,minimax,D3000_seed0_greedy_vs_minimax_0,3000,0,second,ended_with_n,2,second,minimax,ぺ,おぺ,ぺなんと,ぺ,と,と,0.155921,False,96.5,3,3,True,,4,おぺ -> ぺなんと
greedy vs minimax,greedy,minimax,D3000_seed0_greedy_vs_minimax_0,3000,0,second,ended_with_n,3,first,greedy,と,ぺなんと,とだえる,と,る,る,0.000204,False,-173.5,,,,,58,おぺ -> ぺなんと -> とだえる
greedy vs minimax,greedy,minimax,D3000_seed0_greedy_vs_minimax_0,3000,0,second,ended_with_n,4,second,minimax,る,とだえる,るみのおる,る,る,る,0.311343,False,549.5,3,3,True,,8,おぺ -> ぺなんと -> とだえる -> るみのおる
greedy vs minimax,greedy,minimax,D3000_seed0_greedy_vs_minimax_0,3000,0,second,ended_with_n,5,first,greedy,る,るみのおる,るぽるたあじゆ,る,ゆ,ゆ,3.1e-05,False,-587.5,,,,,7,おぺ -> ぺなんと -> とだえる -> るみのおる -> るぽるたあじゆ
greedy vs minimax,greedy,minimax,D3000_seed0_greedy_vs_minimax_0,3000,0,second,ended_with_n,6,second,minimax,ゆ,るぽるたあじゆ,ゆきわたる,ゆ,る,る,0.894054,False,1272.5,3,3,True,,20,おぺ -> ぺなんと -> とだえる -> るみのおる -> るぽるたあじゆ -> ゆきわたる
greedy vs minimax,greedy,minimax,D3000_seed0_greedy_vs_minimax_0,3000,0,second,ended_with_n,7,first,greedy,る,ゆきわたる,るり,る,り,り,3e-05,False,-1177.0,,,,,6,おぺ -> ぺなんと -> とだえる -> るみのおる -> るぽるたあじゆ -> ゆきわたる -> るり
greedy vs minimax,greedy,minimax,D3000_seed0_greedy_vs_minimax_0,3000,0,second,ended_with_n,8,second,minimax,り,るり,りさいたる,り,る,る,0.842833,False,2053.5,3,3,True,,20,おぺ -> ぺなんと -> とだえる -> るみのおる -> るぽるたあじゆ -> ゆきわたる -> るり -> りさいたる
greedy vs minimax,greedy,minimax,D3000_seed0_greedy_vs_minimax_0,3000,0,second,ended_with_n,9,first,greedy,る,りさいたる,るうきい,る,い,い,2.6e-05,False,-2098.5,,,,,5,おぺ -> ぺなんと -> とだえる -> るみのおる -> るぽるたあじゆ -> ゆきわたる -> るり -> りさいたる -> るうきい
greedy vs minimax,greedy,minimax,D3000_seed0_greedy_vs_minimax_0,3000,0,second,ended_with_n,10,second,minimax,い,るうきい,いからせる,い,る,る,0.531526,False,2061.5,3,3,True,,20,おぺ -> ぺなんと -> とだえる -> るみのおる -> るぽるたあじゆ -> ゆきわたる -> るり -> りさいたる -> るうきい -> いからせる
greedy vs minimax,greedy,minimax,D3000_seed0_greedy_vs_minimax_0,3000,0,second,ended_with_n,11,first,greedy,る,いからせる,るいすい,る,い,い,2.1e-05,False,-2075.5,,,,,4,おぺ -> ぺなんと -> とだえる -> るみのおる -> るぽるたあじゆ -> ゆきわたる -> るり -> りさいたる -> るうきい -> いからせる -> るいすい
greedy vs minimax,greedy,minimax,D3000_seed0_greedy_vs_minimax_0,3000,0,second,ended_with_n,12,second,minimax,い,るいすい,いきる,い,る,る,0.567319,False,2105.0,3,3,True,,20,おぺ -> ぺなんと -> とだえる -> るみのおる -> るぽるたあじゆ -> ゆきわたる -> るり -> りさいたる -> るうきい -> いからせる -> るいすい -> いきる
greedy vs minimax,greedy,minimax,D3000_seed0_greedy_vs_minimax_0,3000,0,second,ended_with_n,13,first,greedy,る,いきる,るいせき,る,き,き,1.6e-05,False,-2111.0,,,,,3,おぺ -> ぺなんと -> とだえる -> るみのおる -> るぽるたあじゆ -> ゆきわたる -> るり -> りさいたる -> るうきい -> いからせる -> るいすい -> いきる -> るいせき
greedy vs minimax,greedy,minimax,D3000_seed0_greedy_vs_minimax_0,3000,0,second,ended_with_n,14,second,minimax,き,るいせき,きこえる,き,る,る,0.618568,False,500000.0,3,3,True,,20,おぺ -> ぺなんと -> とだえる -> るみのおる -> るぽるたあじゆ -> ゆきわたる -> るり -> りさいたる -> るうきい -> いからせる -> るいすい -> いきる -> るいせき -> きこえる
greedy vs minimax,greedy,minimax,D3000_seed0_greedy_vs_minimax_0,3000,0,second,ended_with_n,15,first,greedy,る,きこえる,るああ,る,あ,あ,9e-06,False,-2249.5,,,,,2,おぺ -> ぺなんと -> とだえる -> るみのおる -> るぽるたあじゆ -> ゆきわたる -> るり -> りさいたる -> るうきい -> いからせる -> るいすい -> いきる -> るいせき -> きこえる -> るああ
greedy vs minimax,greedy,minimax,D3000_seed0_greedy_vs_minimax_0,3000,0,second,ended_with_n,16,second,minimax,あ,るああ,あいてどる,あ,る,る,0.087268,False,1000000.0,3,3,True,,20,おぺ -> ぺなんと -> とだえる -> るみのおる -> るぽるたあじゆ -> ゆきわたる -> るり -> りさいたる -> るうきい -> いからせる -> るいすい -> いきる -> るいせき -> きこえる -> るああ -> あいてどる
greedy vs minimax,greedy,minimax,D3000_seed0_greedy_vs_minimax_0,3000,0,second,ended_with_n,17,first,greedy,る,あいてどる,るうちん,る,ん,,1e-06,False,-1000000.0,,,,,1,おぺ -> ぺなんと -> とだえる -> るみのおる -> るぽるたあじゆ -> ゆきわたる -> るり -> りさいたる -> るうきい -> いからせる -> るいすい -> いきる -> るいせき -> きこえる -> るああ -> あいてどる -> るうちん
greedy vs monte_carlo,greedy,monte_carlo,D3000_seed0_greedy_vs_monte_carlo_0,3000,0,first,ended_with_n,1,first,greedy,ANY,,おぺ,お,ぺ,ぺ,0.009416,False,-81.5,,,,,3000,おぺ
greedy vs monte_carlo,greedy,monte_carlo,D3000_seed0_greedy_vs_monte_carlo_0,3000,0,first,ended_with_n,2,second,monte_carlo,ぺ,おぺ,ぺえじ,ぺ,じ,じ,0.009512,False,0.7,,,,,,おぺ -> ぺえじ
greedy vs monte_carlo,greedy,monte_carlo,D3000_seed0_greedy_vs_monte_carlo_0,3000,0,first,ended_with_n,3,first,greedy,じ,ぺえじ,じゆうる,じ,る,る,0.000351,False,-173.5,,,,,109,おぺ -> ぺえじ -> じゆうる
greedy vs monte_carlo,greedy,monte_carlo,D3000_seed0_greedy_vs_monte_carlo_0,3000,0,first,ended_with_n,4,second,monte_carlo,る,じゆうる,るぽるたあじゆ,る,ゆ,ゆ,0.023257,False,0.8,,,,,,おぺ -> ぺえじ -> じゆうる -> るぽるたあじゆ
greedy vs monte_carlo,greedy,monte_carlo,D3000_seed0_greedy_vs_monte_carlo_0,3000,0,first,ended_with_n,5,first,greedy,ゆ,るぽるたあじゆ,ゆきわたる,ゆ,る,る,0.0001,False,-150.5,,,,,26,おぺ -> ぺえじ -> じゆうる -> るぽるたあじゆ -> ゆきわたる
greedy vs monte_carlo,greedy,monte_carlo,D3000_seed0_greedy_vs_monte_carlo_0,3000,0,first,ended_with_n,6,second,monte_carlo,る,ゆきわたる,るうきい,る,い,い,0.015142,False,0.8,,,,,,おぺ -> ぺえじ -> じゆうる -> るぽるたあじゆ -> ゆきわたる -> るうきい
greedy vs monte_carlo,greedy,monte_carlo,D3000_seed0_greedy_vs_monte_carlo_0,3000,0,first,ended_with_n,7,first,greedy,い,るうきい,いちず,い,ず,ず,0.000318,False,-92.0,,,,,99,おぺ -> ぺえじ -> じゆうる -> るぽるたあじゆ -> ゆきわたる -> るうきい -> いちず
greedy vs monte_carlo,greedy,monte_carlo,D3000_seed0_greedy_vs_monte_carlo_0,3000,0,first,ended_with_n,8,second,monte_carlo,ず,いちず,ずし,ず,し,し,0.009802,False,0.8,,,,,,おぺ -> ぺえじ -> じゆうる -> るぽるたあじゆ -> ゆきわたる -> るうきい -> いちず -> ずし
greedy vs monte_carlo,greedy,monte_carlo,D3000_seed0_greedy_vs_monte_carlo_0,3000,0,first,ended_with_n,9,first,greedy,し,ずし,しゆうず,し,ず,ず,0.000529,False,-69.0,,,,,170,おぺ -> ぺえじ -> じゆうる -> るぽるたあじゆ -> ゆきわたる -> るうきい -> いちず -> ずし -> しゆうず
greedy vs monte_carlo,greedy,monte_carlo,D3000_seed0_greedy_vs_monte_carlo_0,3000,0,first,ended_with_n,10,second,monte_carlo,ず,しゆうず,ずいじ,ず,じ,じ,0.007703,False,0.6,,,,,,おぺ -> ぺえじ -> じゆうる -> るぽるたあじゆ -> ゆきわたる -> るうきい -> いちず -> ずし -> しゆうず -> ずいじ
greedy vs monte_carlo,greedy,monte_carlo,D3000_seed0_greedy_vs_monte_carlo_0,3000,0,first,ended_with_n,11,first,greedy,じ,ずいじ,じようずる,じ,る,る,0.00035,False,-127.5,,,,,108,おぺ -> ぺえじ -> じゆうる -> るぽるたあじゆ -> ゆきわたる -> るうきい -> いちず -> ずし -> しゆうず -> ずいじ -> じようずる
greedy vs monte_carlo,greedy,monte_carlo,D3000_seed0_greedy_vs_monte_carlo_0,3000,0,first,ended_with_n,12,second,monte_carlo,る,じようずる,るみのおる,る,る,る,0.011376,False,0.8,,,,,,おぺ -> ぺえじ -> じゆうる -> るぽるたあじゆ -> ゆきわたる -> るうきい -> いちず -> ずし -> しゆうず -> ずいじ -> じようずる -> るみのおる
greedy vs monte_carlo,greedy,monte_carlo,D3000_seed0_greedy_vs_monte_carlo_0,3000,0,first,ended_with_n,13,first,greedy,る,るみのおる,るり,る,り,り,2.8e-05,False,-1177.0,,,,,5,おぺ -> ぺえじ -> じゆうる -> るぽるたあじゆ -> ゆきわたる -> るうきい -> いちず -> ずし -> しゆうず -> ずいじ -> じようずる -> るみのおる -> るり
greedy vs monte_carlo,greedy,monte_carlo,D3000_seed0_greedy_vs_monte_carlo_0,3000,0,first,ended_with_n,14,second,monte_carlo,り,るり,りふれつしゆ,り,ゆ,ゆ,0.042056,False,0.8,,,,,,おぺ -> ぺえじ -> じゆうる -> るぽるたあじゆ -> ゆきわたる -> るうきい -> いちず -> ずし -> しゆうず -> ずいじ -> じようずる -> るみのおる -> るり -> りふれつしゆ
greedy vs monte_carlo,greedy,monte_carlo,D3000_seed0_greedy_vs_monte_carlo_0,3000,0,first,ended_with_n,15,first,greedy,ゆ,りふれつしゆ,ゆにほおむ,ゆ,む,む,0.00011,False,-441.0,,,,,25,おぺ -> ぺえじ -> じゆうる -> るぽるたあじゆ -> ゆきわたる -> るうきい -> いちず -> ずし -> しゆうず -> ずいじ -> じようずる -> るみのおる -> るり -> りふれつしゆ -> ゆにほおむ
greedy vs monte_carlo,greedy,monte_carlo,D3000_seed0_greedy_vs_monte_carlo_0,3000,0,first,ended_with_n,16,second,monte_carlo,む,ゆにほおむ,むくわれる,む,る,る,0.033221,False,0.7,,,,,,おぺ -> ぺえじ -> じゆうる -> るぽるたあじゆ -> ゆきわたる -> るうきい -> いちず -> ずし -> しゆうず -> ずいじ -> じようずる -> るみのおる -> るり -> りふれつしゆ -> ゆにほおむ -> むくわれる
greedy vs monte_carlo,greedy,monte_carlo,D3000_seed0_greedy_vs_monte_carlo_0,3000,0,first,ended_with_n,17,first,greedy,る,むくわれる,るいすい,る,い,い,2.8e-05,False,-2075.5,,,,,4,おぺ -> ぺえじ -> じゆうる -> るぽるたあじゆ -> ゆきわたる -> るうきい -> いちず -> ずし -> しゆうず -> ずいじ -> じようずる -> るみのおる -> るり -> りふれつしゆ -> ゆにほおむ -> むくわれる -> るいすい
greedy vs monte_carlo,greedy,monte_carlo,D3000_seed0_greedy_vs_monte_carlo_0,3000,0,first,ended_with_n,18,second,monte_carlo,い,るいすい,いちぶ,い,ぶ,ぶ,0.028598,False,0.9,,,,,,おぺ -> ぺえじ -> じゆうる -> るぽるたあじゆ -> ゆきわたる -> るうきい -> いちず -> ずし -> しゆうず -> ずいじ -> じようずる -> るみのおる -> るり -> りふれつしゆ -> ゆにほおむ -> むくわれる -> るいすい -> いちぶ
greedy vs monte_carlo,greedy,monte_carlo,D3000_seed0_greedy_vs_monte_carlo_0,3000,0,first,ended_with_n,19,first,greedy,ぶ,いちぶ,ぶんぴ,ぶ,ぴ,ぴ,7.9e-05,False,-127.5,,,,,22,おぺ -> ぺえじ -> じゆうる -> るぽるたあじゆ -> ゆきわたる -> るうきい -> いちず -> ずし -> しゆうず -> ずいじ -> じようずる -> るみのおる -> るり -> りふれつしゆ -> ゆにほおむ -> むくわれる -> るいすい -> いちぶ -> ぶんぴ
greedy vs monte_carlo,greedy,monte_carlo,D3000_seed0_greedy_vs_monte_carlo_0,3000,0,first,ended_with_n,20,second,monte_carlo,ぴ,ぶんぴ,ぴかそ,ぴ,そ,そ,0.007737,False,0.7,,,,,,おぺ -> ぺえじ -> じゆうる -> るぽるたあじゆ -> ゆきわたる -> るうきい -> いちず -> ずし -> しゆうず -> ずいじ -> じようずる -> るみのおる -> るり -> りふれつしゆ -> ゆにほおむ -> むくわれる -> るいすい -> いちぶ -> ぶんぴ -> ぴかそ
greedy vs monte_carlo,greedy,monte_carlo,D3000_seed0_greedy_vs_monte_carlo_0,3000,0,first,ended_with_n,21,first,greedy,そ,ぴかそ,そなえつける,そ,る,る,0.000112,False,-58.5,,,,,41,おぺ -> ぺえじ -> じゆうる -> るぽるたあじゆ -> ゆきわたる -> るうきい -> いちず -> ずし -> しゆうず -> ずいじ -> じようずる -> るみのおる -> るり -> りふれつしゆ -> ゆにほおむ -> むくわれる -> るいすい -> いちぶ -> ぶんぴ -> ぴかそ -> そなえつける
greedy vs monte_carlo,greedy,monte_carlo,D3000_seed0_greedy_vs_monte_carlo_0,3000,0,first,ended_with_n,22,second,monte_carlo,る,そなえつける,るいせき,る,き,き,0.00249,False,0.4,,,,,,おぺ -> ぺえじ -> じゆうる -> るぽるたあじゆ -> ゆきわたる -> るうきい -> いちず -> ずし -> しゆうず -> ずいじ -> じようずる -> るみのおる -> るり -> りふれつしゆ -> ゆにほおむ -> むくわれる -> るいすい -> いちぶ -> ぶんぴ -> ぴかそ -> そなえつける -> るいせき
greedy vs monte_carlo,greedy,monte_carlo,D3000_seed0_greedy_vs_monte_carlo_0,3000,0,first,ended_with_n,23,first,greedy,き,るいせき,きわまる,き,る,る,0.000315,False,-35.5,,,,,100,おぺ -> ぺえじ -> じゆうる -> るぽるたあじゆ -> ゆきわたる -> るうきい -> いちず -> ずし -> しゆうず -> ずいじ -> じようずる -> るみのおる -> るり -> りふれつしゆ -> ゆにほおむ -> むくわれる -> るいすい -> いちぶ -> ぶんぴ -> ぴかそ -> そなえつける -> るいせき -> きわまる
greedy vs monte_carlo,greedy,monte_carlo,D3000_seed0_greedy_vs_monte_carlo_0,3000,0,first,ended_with_n,24,second,monte_carlo,る,きわまる,るああ,る,あ,あ,0.000544,False,0.5,,,,,,おぺ -> ぺえじ -> じゆうる -> るぽるたあじゆ -> ゆきわたる -> るうきい -> いちず -> ずし -> しゆうず -> ずいじ -> じようずる -> るみのおる -> るり -> りふれつしゆ -> ゆにほおむ -> むくわれる -> るいすい -> いちぶ -> ぶんぴ -> ぴかそ -> そなえつける -> るいせき -> きわまる -> るああ
greedy vs monte_carlo,greedy,monte_carlo,D3000_seed0_greedy_vs_monte_carlo_0,3000,0,first,ended_with_n,25,first,greedy,あ,るああ,あばれる,あ,る,る,0.000338,False,-12.5,,,,,101,おぺ -> ぺえじ -> じゆうる -> るぽるたあじゆ -> ゆきわたる -> るうきい -> いちず -> ずし -> しゆうず -> ずいじ -> じようずる -> るみのおる -> るり -> りふれつしゆ -> ゆにほおむ -> むくわれる -> るいすい -> いちぶ -> ぶんぴ -> ぴかそ -> そなえつける -> るいせき -> きわまる -> るああ -> あばれる
greedy vs monte_carlo,greedy,monte_carlo,D3000_seed0_greedy_vs_monte_carlo_0,3000,0,first,ended_with_n,26,second,monte_carlo,る,あばれる,るうちん,る,ん,,3e-06,False,0.0,,,,,,おぺ -> ぺえじ -> じゆうる -> るぽるたあじゆ -> ゆきわたる -> るうきい -> いちず -> ずし -> しゆうず -> ずいじ -> じようずる -> るみのおる -> るり -> りふれつしゆ -> ゆにほおむ -> むくわれる -> るいすい -> いちぶ -> ぶんぴ -> ぴかそ -> そなえつける -> るいせき -> きわまる -> るああ -> あばれる -> るうちん
greedy vs alpha_beta,greedy,alpha_beta,D3000_seed0_greedy_vs_alpha_beta_0,3000,0,second,ended_with_n,1,first,greedy,ANY,,おぺ,お,ぺ,ぺ,0.009547,False,-81.5,,,,,3000,おぺ
greedy vs alpha_beta,greedy,alpha_beta,D3000_seed0_greedy_vs_alpha_beta_0,3000,0,second,ended_with_n,2,second,alpha_beta,ぺ,おぺ,ぺなんと,ぺ,と,と,0.095414,False,-96.5,4,4,True,108,4,おぺ -> ぺなんと
greedy vs alpha_beta,greedy,alpha_beta,D3000_seed0_greedy_vs_alpha_beta_0,3000,0,second,ended_with_n,3,first,greedy,と,ぺなんと,とだえる,と,る,る,0.000205,False,-173.5,,,,,58,おぺ -> ぺなんと -> とだえる
greedy vs alpha_beta,greedy,alpha_beta,D3000_seed0_greedy_vs_alpha_beta_0,3000,0,second,ended_with_n,4,second,alpha_beta,る,とだえる,るみのおる,る,る,る,0.034885,False,93.5,4,4,True,92,8,おぺ -> ぺなんと -> とだえる -> るみのおる
greedy vs alpha_beta,greedy,alpha_beta,D3000_seed0_greedy_vs_alpha_beta_0,3000,0,second,ended_with_n,5,first,greedy,る,るみのおる,るぽるたあじゆ,る,ゆ,ゆ,3.2e-05,False,-587.5,,,,,7,おぺ -> ぺなんと -> とだえる -> るみのおる -> るぽるたあじゆ
greedy vs alpha_beta,greedy,alpha_beta,D3000_seed0_greedy_vs_alpha_beta_0,3000,0,second,ended_with_n,6,second,alpha_beta,ゆ,るぽるたあじゆ,ゆきわたる,ゆ,る,る,0.05284,False,317.5,4,4,True,159,20,おぺ -> ぺなんと -> とだえる -> るみのおる -> るぽるたあじゆ -> ゆきわたる
greedy vs alpha_beta,greedy,alpha_beta,D3000_seed0_greedy_vs_alpha_beta_0,3000,0,second,ended_with_n,7,first,greedy,る,ゆきわたる,るり,る,り,り,3e-05,False,-1177.0,,,,,6,おぺ -> ぺなんと -> とだえる -> るみのおる -> るぽるたあじゆ -> ゆきわたる -> るり
greedy vs alpha_beta,greedy,alpha_beta,D3000_seed0_greedy_vs_alpha_beta_0,3000,0,second,ended_with_n,8,second,alpha_beta,り,るり,りさいたる,り,る,る,0.042517,False,555.5,4,4,True,147,20,おぺ -> ぺなんと -> とだえる -> るみのおる -> るぽるたあじゆ -> ゆきわたる -> るり -> りさいたる
greedy vs alpha_beta,greedy,alpha_beta,D3000_seed0_greedy_vs_alpha_beta_0,3000,0,second,ended_with_n,9,first,greedy,る,りさいたる,るうきい,る,い,い,2.5e-05,False,-2098.5,,,,,5,おぺ -> ぺなんと -> とだえる -> るみのおる -> るぽるたあじゆ -> ゆきわたる -> るり -> りさいたる -> るうきい
greedy vs alpha_beta,greedy,alpha_beta,D3000_seed0_greedy_vs_alpha_beta_0,3000,0,second,ended_with_n,10,second,alpha_beta,い,るうきい,いからせる,い,る,る,0.067273,False,578.5,4,4,True,330,20,おぺ -> ぺなんと -> とだえる -> るみのおる -> るぽるたあじゆ -> ゆきわたる -> るり -> りさいたる -> るうきい -> いからせる
greedy vs alpha_beta,greedy,alpha_beta,D3000_seed0_greedy_vs_alpha_beta_0,3000,0,second,ended_with_n,11,first,greedy,る,いからせる,るいすい,る,い,い,1.9e-05,False,-2075.5,,,,,4,おぺ -> ぺなんと -> とだえる -> るみのおる -> るぽるたあじゆ -> ゆきわたる -> るり -> りさいたる -> るうきい -> いからせる -> るいすい
greedy vs alpha_beta,greedy,alpha_beta,D3000_seed0_greedy_vs_alpha_beta_0,3000,0,second,ended_with_n,12,second,alpha_beta,い,るいすい,いきる,い,る,る,0.060974,False,607.5,4,4,True,284,20,おぺ -> ぺなんと -> とだえる -> るみのおる -> るぽるたあじゆ -> ゆきわたる -> るり -> りさいたる -> るうきい -> いからせる -> るいすい -> いきる
greedy vs alpha_beta,greedy,alpha_beta,D3000_seed0_greedy_vs_alpha_beta_0,3000,0,second,ended_with_n,13,first,greedy,る,いきる,るいせき,る,き,き,1.4e-05,False,-2111.0,,,,,3,おぺ -> ぺなんと -> とだえる -> るみのおる -> るぽるたあじゆ -> ゆきわたる -> るり -> りさいたる -> るうきい -> いからせる -> るいすい -> いきる -> るいせき
greedy vs alpha_beta,greedy,alpha_beta,D3000_seed0_greedy_vs_alpha_beta_0,3000,0,second,ended_with_n,14,second,alpha_beta,き,るいせき,きこえる,き,る,る,0.008485,False,1000000.0,4,4,True,58,20,おぺ -> ぺなんと -> とだえる -> るみのおる -> るぽるたあじゆ -> ゆきわたる -> るり -> りさいたる -> るうきい -> いからせる -> るいすい -> いきる -> るいせき -> きこえる
greedy vs alpha_beta,greedy,alpha_beta,D3000_seed0_greedy_vs_alpha_beta_0,3000,0,second,ended_with_n,15,first,greedy,る,きこえる,るああ,る,あ,あ,8e-06,False,-2249.5,,,,,2,おぺ -> ぺなんと -> とだえる -> るみのおる -> るぽるたあじゆ -> ゆきわたる -> るり -> りさいたる -> るうきい -> いからせる -> るいすい -> いきる -> るいせき -> きこえる -> るああ
greedy vs alpha_beta,greedy,alpha_beta,D3000_seed0_greedy_vs_alpha_beta_0,3000,0,second,ended_with_n,16,second,alpha_beta,あ,るああ,あいてどる,あ,る,る,0.001334,False,1000000.0,4,4,True,32,20,おぺ -> ぺなんと -> とだえる -> るみのおる -> るぽるたあじゆ -> ゆきわたる -> るり -> りさいたる -> るうきい -> いからせる -> るいすい -> いきる -> るいせき -> きこえる -> るああ -> あいてどる
greedy vs alpha_beta,greedy,alpha_beta,D3000_seed0_greedy_vs_alpha_beta_0,3000,0,second,ended_with_n,17,first,greedy,る,あいてどる,るうちん,る,ん,,1e-06,False,-1000000.0,,,,,1,おぺ -> ぺなんと -> とだえる -> るみのおる -> るぽるたあじゆ -> ゆきわたる -> るり -> りさいたる -> るうきい -> いからせる -> るいすい -> いきる -> るいせき -> きこえる -> るああ -> あいてどる -> るうちん
minimax vs random,minimax,random,D3000_seed0_minimax_vs_random_0,3000,0,first,no_legal_move,1,first,minimax,ANY,,あいず,あ,ず,ず,0.155869,False,177.0,3,3,True,,20,あいず
minimax vs random,minimax,random,D3000_seed0_minimax_vs_random_0,3000,0,first,no_legal_move,2,second,random,ず,あいず,ずらす,ず,す,す,4e-06,False,0.0,,,,,,あいず -> ずらす
minimax vs random,minimax,random,D3000_seed0_minimax_vs_random_0,3000,0,first,no_legal_move,3,first,minimax,す,ずらす,すら,す,ら,ら,0.726731,False,96.5,3,3,True,,20,あいず -> ずらす -> すら
minimax vs random,minimax,random,D3000_seed0_minimax_vs_random_0,3000,0,first,no_legal_move,4,second,random,ら,すら,らいど,ら,ど,ど,4e-06,False,0.0,,,,,,あいず -> ずらす -> すら -> らいど
minimax vs random,minimax,random,D3000_seed0_minimax_vs_random_0,3000,0,first,no_legal_move,5,first,minimax,ど,らいど,どなりこむ,ど,む,む,0.942421,False,96.5,3,3,True,,20,あいず -> ずらす -> すら -> らいど -> どなりこむ
minimax vs random,minimax,random,D3000_seed0_minimax_vs_random_0,3000,0,first,no_legal_move,6,second,random,む,どなりこむ,むらびと,む,と,と,4e-06,False,0.0,,,,,,あいず -> ずらす -> すら -> らいど -> どなりこむ -> むらびと
minimax vs random,minimax,random,D3000_seed0_minimax_vs_random_0,3000,0,first,no_legal_move,7,first,minimax,と,むらびと,とむ,と,む,む,0.682161,False,96.5,3,3,True,,20,あいず -> ずらす -> すら -> らいど -> どなりこむ -> むらびと -> とむ
minimax vs random,minimax,random,D3000_seed0_minimax_vs_random_0,3000,0,first,no_legal_move,8,second,random,む,とむ,むちつじよ,む,よ,よ,4e-06,False,0.0,,,,,,あいず -> ずらす -> すら -> らいど -> どなりこむ -> むらびと -> とむ -> むちつじよ
minimax vs random,minimax,random,D3000_seed0_minimax_vs_random_0,3000,0,first,no_legal_move,9,first,minimax,よ,むちつじよ,よろず,よ,ず,ず,0.634455,False,157.5,3,3,True,,20,あいず -> ずらす -> すら -> らいど -> どなりこむ -> むらびと -> とむ -> むちつじよ -> よろず
minimax vs random,minimax,random,D3000_seed0_minimax_vs_random_0,3000,0,first,no_legal_move,10,second,random,ず,よろず,ずうずうしい,ず,い,い,3e-06,False,0.0,,,,,,あいず -> ずらす -> すら -> らいど -> どなりこむ -> むらびと -> とむ -> むちつじよ -> よろず -> ずうずうしい
minimax vs random,minimax,random,D3000_seed0_minimax_vs_random_0,3000,0,first,no_legal_move,11,first,minimax,い,ずうずうしい,いちず,い,ず,ず,0.585223,False,157.5,3,3,True,,20,あいず -> ずらす -> すら -> らいど -> どなりこむ -> むらびと -> とむ -> むちつじよ -> よろず -> ずうずうしい -> いちず
minimax vs random,minimax,random,D3000_seed0_minimax_vs_random_0,3000,0,first,no_legal_move,12,second,random,ず,いちず,ずいじ,ず,じ,じ,3e-06,False,0.0,,,,,,あいず -> ずらす -> すら -> らいど -> どなりこむ -> むらびと -> とむ -> むちつじよ -> よろず -> ずうずうしい -> いちず -> ずいじ
minimax vs random,minimax,random,D3000_seed0_minimax_vs_random_0,3000,0,first,no_legal_move,13,first,minimax,じ,ずいじ,じゆうゆ,じ,ゆ,ゆ,0.624742,False,96.5,3,3,True,,20,あいず -> ずらす -> すら -> らいど -> どなりこむ -> むらびと -> とむ -> むちつじよ -> よろず -> ずうずうしい -> いちず -> ずいじ -> じゆうゆ
minimax vs random,minimax,random,D3000_seed0_minimax_vs_random_0,3000,0,first,no_legal_move,14,second,random,ゆ,じゆうゆ,ゆうむ,ゆ,む,む,4e-06,False,0.0,,,,,,あいず -> ずらす -> すら -> らいど -> どなりこむ -> むらびと -> とむ -> むちつじよ -> よろず -> ずうずうしい -> いちず -> ずいじ -> じゆうゆ -> ゆうむ
minimax vs random,minimax,random,D3000_seed0_minimax_vs_random_0,3000,0,first,no_legal_move,15,first,minimax,む,ゆうむ,むね,む,ね,ね,0.503617,False,96.5,3,3,True,,19,あいず -> ずらす -> すら -> らいど -> どなりこむ -> むらびと -> とむ -> むちつじよ -> よろず -> ずうずうしい -> いちず -> ずいじ -> じゆうゆ -> ゆうむ -> むね
minimax vs random,minimax,random,D3000_seed0_minimax_vs_random_0,3000,0,first,no_legal_move,16,second,random,ね,むね,ねんご,ね,ご,ご,4e-06,False,0.0,,,,,,あいず -> ずらす -> すら -> らいど -> どなりこむ -> むらびと -> とむ -> むちつじよ -> よろず -> ずうずうしい -> いちず -> ずいじ -> じゆうゆ -> ゆうむ -> むね -> ねんご
minimax vs random,minimax,random,D3000_seed0_minimax_vs_random_0,3000,0,first,no_legal_move,17,first,minimax,ご,ねんご,ごんどら,ご,ら,ら,0.595037,False,96.5,3,3,True,,20,あいず -> ずらす -> すら -> らいど -> どなりこむ -> むらびと -> とむ -> むちつじよ -> よろず -> ずうずうしい -> いちず -> ずいじ -> じゆうゆ -> ゆうむ -> むね -> ねんご -> ごんどら
minimax vs random,minimax,random,D3000_seed0_minimax_vs_random_0,3000,0,first,no_legal_move,18,second,random,ら,ごんどら,らく,ら,く,く,4e-06,False,0.0,,,,,,あいず -> ずらす -> すら -> らいど -> どなりこむ -> むらびと -> とむ -> むちつじよ -> よろず -> ずうずうしい -> いちず -> ずいじ -> じゆうゆ -> ゆうむ -> むね -> ねんご -> ごんどら -> らく
minimax vs random,minimax,random,D3000_seed0_minimax_vs_random_0,3000,0,first,no_legal_move,19,first,minimax,く,らく,くちかず,く,ず,ず,0.272694,False,1000000.0,3,3,True,,20,あいず -> ずらす -> すら -> らいど -> どなりこむ -> むらびと -> とむ -> むちつじよ -> よろず -> ずうずうしい -> いちず -> ずいじ -> じゆうゆ -> ゆうむ -> むね -> ねんご -> ごんどら -> らく -> くちかず
minimax vs random,minimax,random,D3000_seed0_minimax_vs_random_0,3000,0,first,no_legal_move,20,second,random,ず,くちかず,ずし,ず,し,し,4e-06,False,0.0,,,,,,あいず -> ずらす -> すら -> らいど -> どなりこむ -> むらびと -> とむ -> むちつじよ -> よろず -> ずうずうしい -> いちず -> ずいじ -> じゆうゆ -> ゆうむ -> むね -> ねんご -> ごんどら -> らく -> くちかず -> ずし
minimax vs random,minimax,random,D3000_seed0_minimax_vs_random_0,3000,0,first,no_legal_move,21,first,minimax,し,ずし,しゆうず,し,ず,ず,0.325348,False,1000000.0,3,3,True,,20,あいず -> ずらす -> すら -> らいど -> どなりこむ -> むらびと -> とむ -> むちつじよ -> よろず -> ずうずうしい -> いちず -> ずいじ -> じゆうゆ -> ゆうむ -> むね -> ねんご -> ごんどら -> らく -> くちかず -> ずし -> しゆうず
minimax vs greedy,minimax,greedy,D3000_seed0_minimax_vs_greedy_0,3000,0,first,no_legal_move,1,first,minimax,ANY,,あいず,あ,ず,ず,0.171754,False,177.0,3,3,True,,20,あいず
minimax vs greedy,minimax,greedy,D3000_seed0_minimax_vs_greedy_0,3000,0,first,no_legal_move,2,second,greedy,ず,あいず,ずらす,ず,す,す,2.9e-05,False,-1304.5,,,,,4,あいず -> ずらす
minimax vs greedy,minimax,greedy,D3000_seed0_minimax_vs_greedy_0,3000,0,first,no_legal_move,3,first,minimax,す,ずらす,すら,す,ら,ら,0.722718,False,96.5,3,3,True,,20,あいず -> ずらす -> すら
minimax vs greedy,minimax,greedy,D3000_seed0_minimax_vs_greedy_0,3000,0,first,no_legal_move,4,second,greedy,ら,すら,らんぐ,ら,ぐ,ぐ,7.1e-05,False,-464.0,,,,,13,あいず -> ずらす -> すら -> らんぐ
minimax vs greedy,minimax,greedy,D3000_seed0_minimax_vs_greedy_0,3000,0,first,no_legal_move,5,first,minimax,ぐ,らんぐ,ぐつず,ぐ,ず,ず,0.81572,False,157.5,3,3,True,,20,あいず -> ずらす -> すら -> らんぐ -> ぐつず
minimax vs greedy,minimax,greedy,D3000_seed0_minimax_vs_greedy_0,3000,0,first,no_legal_move,6,second,greedy,ず,ぐつず,ずうずうしい,ず,い,い,2.6e-05,False,-2098.5,,,,,3,あいず -> ずらす -> すら -> らんぐ -> ぐつず -> ずうずうしい
minimax vs greedy,minimax,greedy,D3000_seed0_minimax_vs_greedy_0,3000,0,first,no_legal_move,7,first,minimax,い,ずうずうしい,いちず,い,ず,ず,0.573488,False,157.5,3,3,True,,20,あいず -> ずらす -> すら -> らんぐ -> ぐつず -> ずうずうしい -> いちず
minimax vs greedy,minimax,greedy,D3000_seed0_minimax_vs_greedy_0,3000,0,first,no_legal_move,8,second,greedy,ず,いちず,ずいじ,ず,じ,じ,2e-05,False,-2307.5,,,,,2,あいず -> ずらす -> すら -> らんぐ -> ぐつず -> ずうずうしい -> いちず -> ずいじ
minimax vs greedy,minimax,greedy,D3000_seed0_minimax_vs_greedy_0,3000,0,first,no_legal_move,9,first,minimax,じ,ずいじ,じゆうゆ,じ,ゆ,ゆ,0.641535,False,96.5,3,3,True,,20,あいず -> ずらす -> すら -> らんぐ -> ぐつず -> ずうずうしい -> いちず -> ずいじ -> じゆうゆ
minimax vs greedy,minimax,greedy,D3000_seed0_minimax_vs_greedy_0,3000,0,first,no_legal_move,10,second,greedy,ゆ,じゆうゆ,ゆきわたる,ゆ,る,る,0.000101,False,-173.5,,,,,26,あいず -> ずらす -> すら -> らんぐ -> ぐつず -> ずうずうしい -> いちず -> ずいじ -> じゆうゆ -> ゆきわたる
minimax vs greedy,minimax,greedy,D3000_seed0_minimax_vs_greedy_0,3000,0,first,no_legal_move,11,first,minimax,る,ゆきわたる,るみのおる,る,る,る,0.263884,False,125.0,3,3,True,,8,あいず -> ずらす -> すら -> らんぐ -> ぐつず -> ずうずうしい -> いちず -> ずいじ -> じゆうゆ -> ゆきわたる -> るみのおる
minimax vs greedy,minimax,greedy,D3000_seed0_minimax_vs_greedy_0,3000,0,first,no_legal_move,12,second,greedy,る,るみのおる,るぽるたあじゆ,る,ゆ,ゆ,3.3e-05,False,-564.5,,,,,7,あいず -> ずらす -> すら -> らんぐ -> ぐつず -> ずうずうしい -> いちず -> ずいじ -> じゆうゆ -> ゆきわたる -> るみのおる -> るぽるたあじゆ
minimax vs greedy,minimax,greedy,D3000_seed0_minimax_vs_greedy_0,3000,0,first,no_legal_move,13,first,minimax,ゆ,るぽるたあじゆ,ゆげ,ゆ,げ,げ,0.712438,False,539.5,3,3,True,,20,あいず -> ずらす -> すら -> らんぐ -> ぐつず -> ずうずうしい -> いちず -> ずいじ -> じゆうゆ -> ゆきわたる -> るみのおる -> るぽるたあじゆ -> ゆげ
minimax vs greedy,minimax,greedy,D3000_seed0_minimax_vs_greedy_0,3000,0,first,no_legal_move,14,second,greedy,げ,ゆげ,げしゆたぽ,げ,ぽ,ぽ,0.00011,False,-161.0,,,,,29,あいず -> ずらす -> すら -> らんぐ -> ぐつず -> ずうずうしい -> いちず -> ずいじ -> じゆうゆ -> ゆきわたる -> るみのおる -> るぽるたあじゆ -> ゆげ -> げしゆたぽ
minimax vs greedy,minimax,greedy,D3000_seed0_minimax_vs_greedy_0,3000,0,first,no_legal_move,15,first,minimax,ぽ,げしゆたぽ,ぽけつとべる,ぽ,る,る,0.228163,False,1147.0,3,3,True,,7,あいず -> ずらす -> すら -> らんぐ -> ぐつず -> ずうずうしい -> いちず -> ずいじ -> じゆうゆ -> ゆきわたる -> るみのおる -> るぽるたあじゆ -> ゆげ -> げしゆたぽ -> ぽけつとべる
minimax vs greedy,minimax,greedy,D3000_seed0_minimax_vs_greedy_0,3000,0,first,no_legal_move,16,second,greedy,る,ぽけつとべる,るり,る,り,り,3.1e-05,False,-1177.0,,,,,6,あいず -> ずらす -> すら -> らんぐ -> ぐつず -> ずうずうしい -> いちず -> ずいじ -> じゆうゆ -> ゆきわたる -> るみのおる -> るぽるたあじゆ -> ゆげ -> げしゆたぽ -> ぽけつとべる -> るり
minimax vs greedy,minimax,greedy,D3000_seed0_minimax_vs_greedy_0,3000,0,first,no_legal_move,17,first,minimax,り,るり,りさいたる,り,る,る,0.82568,False,2030.5,3,3,True,,20,あいず -> ずらす -> すら -> らんぐ -> ぐつず -> ずうずうしい -> いちず -> ずいじ -> じゆうゆ -> ゆきわたる -> るみのおる -> るぽるたあじゆ -> ゆげ -> げしゆたぽ -> ぽけつとべる -> るり -> りさいたる
minimax vs greedy,minimax,greedy,D3000_seed0_minimax_vs_greedy_0,3000,0,first,no_legal_move,18,second,greedy,る,りさいたる,るうきい,る,い,い,2.7e-05,False,-2075.5,,,,,5,あいず -> ずらす -> すら -> らんぐ -> ぐつず -> ずうずうしい -> いちず -> ずいじ -> じゆうゆ -> ゆきわたる -> るみのおる -> るぽるたあじゆ -> ゆげ -> げしゆたぽ -> ぽけつとべる -> るり -> りさいたる -> るうきい
minimax vs greedy,minimax,greedy,D3000_seed0_minimax_vs_greedy_0,3000,0,first,no_legal_move,19,first,minimax,い,るうきい,いからせる,い,る,る,0.364714,False,2038.5,3,3,True,,20,あいず -> ずらす -> すら -> らんぐ -> ぐつず -> ずうずうしい -> いちず -> ずいじ -> じゆうゆ -> ゆきわたる -> るみのおる -> るぽるたあじゆ -> ゆげ -> げしゆたぽ -> ぽけつとべる -> るり -> りさいたる -> るうきい -> いからせる
minimax vs greedy,minimax,greedy,D3000_seed0_minimax_vs_greedy_0,3000,0,first,no_legal_move,20,second,greedy,る,いからせる,るいすい,る,い,い,2e-05,False,-2052.5,,,,,4,あいず -> ずらす -> すら -> らんぐ -> ぐつず -> ずうずうしい -> いちず -> ずいじ -> じゆうゆ -> ゆきわたる -> るみのおる -> るぽるたあじゆ -> ゆげ -> げしゆたぽ -> ぽけつとべる -> るり -> りさいたる -> るうきい -> いからせる -> るいすい
minimax vs greedy,minimax,greedy,D3000_seed0_minimax_vs_greedy_0,3000,0,first,no_legal_move,21,first,minimax,い,るいすい,いきる,い,る,る,0.395769,False,2105.0,3,3,True,,20,あいず -> ずらす -> すら -> らんぐ -> ぐつず -> ずうずうしい -> いちず -> ずいじ -> じゆうゆ -> ゆきわたる -> るみのおる -> るぽるたあじゆ -> ゆげ -> げしゆたぽ -> ぽけつとべる -> るり -> りさいたる -> るうきい -> いからせる -> るいすい -> いきる
minimax vs greedy,minimax,greedy,D3000_seed0_minimax_vs_greedy_0,3000,0,first,no_legal_move,22,second,greedy,る,いきる,るいせき,る,き,き,1.6e-05,False,-2111.0,,,,,3,あいず -> ずらす -> すら -> らんぐ -> ぐつず -> ずうずうしい -> いちず -> ずいじ -> じゆうゆ -> ゆきわたる -> るみのおる -> るぽるたあじゆ -> ゆげ -> げしゆたぽ -> ぽけつとべる -> るり -> りさいたる -> るうきい -> いからせる -> るいすい -> いきる -> るいせき
minimax vs greedy,minimax,greedy,D3000_seed0_minimax_vs_greedy_0,3000,0,first,no_legal_move,23,first,minimax,き,るいせき,きつず,き,ず,ず,0.536873,False,1000000.0,3,3,True,,20,あいず -> ずらす -> すら -> らんぐ -> ぐつず -> ずうずうしい -> いちず -> ずいじ -> じゆうゆ -> ゆきわたる -> るみのおる -> るぽるたあじゆ -> ゆげ -> げしゆたぽ -> ぽけつとべる -> るり -> りさいたる -> るうきい -> いからせる -> るいすい -> いきる -> るいせき -> きつず
minimax vs greedy,minimax,greedy,D3000_seed0_minimax_vs_greedy_0,3000,0,first,no_legal_move,24,second,greedy,ず,きつず,ずし,ず,し,し,1.4e-05,False,-3605.5,,,,,1,あいず -> ずらす -> すら -> らんぐ -> ぐつず -> ずうずうしい -> いちず -> ずいじ -> じゆうゆ -> ゆきわたる -> るみのおる -> るぽるたあじゆ -> ゆげ -> げしゆたぽ -> ぽけつとべる -> るり -> りさいたる -> るうきい -> いからせる -> るいすい -> いきる -> るいせき -> きつず -> ずし
minimax vs greedy,minimax,greedy,D3000_seed0_minimax_vs_greedy_0,3000,0,first,no_legal_move,25,first,minimax,し,ずし,しゆうず,し,ず,ず,0.326927,False,1000000.0,3,3,True,,20,あいず -> ずらす -> すら -> らんぐ -> ぐつず -> ずうずうしい -> いちず -> ずいじ -> じゆうゆ -> ゆきわたる -> るみのおる -> るぽるたあじゆ -> ゆげ -> げしゆたぽ -> ぽけつとべる -> るり -> りさいたる -> るうきい -> いからせる -> るいすい -> いきる -> るいせき -> きつず -> ずし -> しゆうず
minimax vs monte_carlo,minimax,monte_carlo,D3000_seed0_minimax_vs_monte_carlo_0,3000,0,first,no_legal_move,1,first,minimax,ANY,,あいず,あ,ず,ず,0.161337,False,177.0,3,3,True,,20,あいず
minimax vs monte_carlo,minimax,monte_carlo,D3000_seed0_minimax_vs_monte_carlo_0,3000,0,first,no_legal_move,2,second,monte_carlo,ず,あいず,ずらす,ず,す,す,0.015226,False,0.6,,,,,,あいず -> ずらす
minimax vs monte_carlo,minimax,monte_carlo,D3000_seed0_minimax_vs_monte_carlo_0,3000,0,first,no_legal_move,3,first,minimax,す,ずらす,すら,す,ら,ら,0.705826,False,96.5,3,3,True,,20,あいず -> ずらす -> すら
minimax vs monte_carlo,minimax,monte_carlo,D3000_seed0_minimax_vs_monte_carlo_0,3000,0,first,no_legal_move,4,second,monte_carlo,ら,すら,らんぐ,ら,ぐ,ぐ,0.048713,False,0.6,,,,,,あいず -> ずらす -> すら -> らんぐ
minimax vs monte_carlo,minimax,monte_carlo,D3000_seed0_minimax_vs_monte_carlo_0,3000,0,first,no_legal_move,5,first,minimax,ぐ,らんぐ,ぐつず,ぐ,ず,ず,0.814631,False,157.5,3,3,True,,20,あいず -> ずらす -> すら -> らんぐ -> ぐつず
minimax vs monte_carlo,minimax,monte_carlo,D3000_seed0_minimax_vs_monte_carlo_0,3000,0,first,no_legal_move,6,second,monte_carlo,ず,ぐつず,ずし,ず,し,し,0.00969,False,0.6,,,,,,あいず -> ずらす -> すら -> らんぐ -> ぐつず -> ずし
minimax vs monte_carlo,minimax,monte_carlo,D3000_seed0_minimax_vs_monte_carlo_0,3000,0,first,no_legal_move,7,first,minimax,し,ずし,しゆうず,し,ず,ず,0.48184,False,157.5,3,3,True,,20,あいず -> ずらす -> すら -> らんぐ -> ぐつず -> ずし -> しゆうず
minimax vs monte_carlo,minimax,monte_carlo,D3000_seed0_minimax_vs_monte_carlo_0,3000,0,first,no_legal_move,8,second,monte_carlo,ず,しゆうず,ずうずうしい,ず,い,い,0.006453,False,0.7,,,,,,あいず -> ずらす -> すら -> らんぐ -> ぐつず -> ずし -> しゆうず -> ずうずうしい
minimax vs monte_carlo,minimax,monte_carlo,D3000_seed0_minimax_vs_monte_carlo_0,3000,0,first,no_legal_move,9,first,minimax,い,ずうずうしい,いちず,い,ず,ず,0.565173,False,157.5,3,3,True,,20,あいず -> ずらす -> すら -> らんぐ -> ぐつず -> ずし -> しゆうず -> ずうずうしい -> いちず
minimax vs monte_carlo,minimax,monte_carlo,D3000_seed0_minimax_vs_monte_carlo_0,3000,0,first,no_legal_move,10,second,monte_carlo,ず,いちず,ずいじ,ず,じ,じ,0.00243,False,0.3,,,,,,あいず -> ずらす -> すら -> らんぐ -> ぐつず -> ずし -> しゆうず -> ずうずうしい -> いちず -> ずいじ
minimax vs monte_carlo,minimax,monte_carlo,D3000_seed0_minimax_vs_monte_carlo_0,3000,0,first,no_legal_move,11,first,minimax,じ,ずいじ,じゆうゆ,じ,ゆ,ゆ,0.590469,False,96.5,3,3,True,,20,あいず -> ずらす -> すら -> らんぐ -> ぐつず -> ずし -> しゆうず -> ずうずうしい -> いちず -> ずいじ -> じゆうゆ
minimax vs monte_carlo,minimax,monte_carlo,D3000_seed0_minimax_vs_monte_carlo_0,3000,0,first,no_legal_move,12,second,monte_carlo,ゆ,じゆうゆ,ゆうびんきよく,ゆ,く,く,0.049851,False,0.8,,,,,,あいず -> ずらす -> すら -> らんぐ -> ぐつず -> ずし -> しゆうず -> ずうずうしい -> いちず -> ずいじ -> じゆうゆ -> ゆうびんきよく
minimax vs monte_carlo,minimax,monte_carlo,D3000_seed0_minimax_vs_monte_carlo_0,3000,0,first,no_legal_move,13,first,minimax,く,ゆうびんきよく,くちかず,く,ず,ず,0.31053,False,1000000.0,3,3,True,,20,あいず -> ずらす -> すら -> らんぐ -> ぐつず -> ずし -> しゆうず -> ずうずうしい -> いちず -> ずいじ -> じゆうゆ -> ゆうびんきよく -> くちかず
minimax vs alpha_beta,minimax,alpha_beta,D3000_seed0_minimax_vs_alpha_beta_0,3000,0,second,ended_with_n,1,first,minimax,ANY,,あいず,あ,ず,ず,0.160743,False,177.0,3,3,True,,20,あいず
minimax vs alpha_beta,minimax,alpha_beta,D3000_seed0_minimax_vs_alpha_beta_0,3000,0,second,ended_with_n,2,second,alpha_beta,ず,あいず,ずらす,ず,す,す,0.126139,False,-96.5,4,4,True,104,4,あいず -> ずらす
minimax vs alpha_beta,minimax,alpha_beta,D3000_seed0_minimax_vs_alpha_beta_0,3000,0,second,ended_with_n,3,first,minimax,す,ずらす,すら,す,ら,ら,0.695487,False,96.5,3,3,True,,20,あいず -> ずらす -> すら
minimax vs alpha_beta,minimax,alpha_beta,D3000_seed0_minimax_vs_alpha_beta_0,3000,0,second,ended_with_n,4,second,alpha_beta,ら,すら,らぶこめ,ら,め,め,0.202613,False,-96.5,4,4,True,248,13,あいず -> ずらす -> すら -> らぶこめ
minimax vs alpha_beta,minimax,alpha_beta,D3000_seed0_minimax_vs_alpha_beta_0,3000,0,second,ended_with_n,5,first,minimax,め,らぶこめ,めが,め,が,が,0.915681,False,96.5,3,3,True,,20,あいず -> ずらす -> すら -> らぶこめ -> めが
minimax vs alpha_beta,minimax,alpha_beta,D3000_seed0_minimax_vs_alpha_beta_0,3000,0,second,ended_with_n,6,second,alpha_beta,が,めが,がいせんしや,が,や,や,0.228668,False,-96.5,4,4,True,293,20,あいず -> ずらす -> すら -> らぶこめ -> めが -> がいせんしや
minimax vs alpha_beta,minimax,alpha_beta,D3000_seed0_minimax_vs_alpha_beta_0,3000,0,second,ended_with_n,7,first,minimax,や,がいせんしや,やむ,や,む,む,0.89075,False,96.5,3,3,True,,20,あいず -> ずらす -> すら -> らぶこめ -> めが -> がいせんしや -> やむ
minimax vs alpha_beta,minimax,alpha_beta,D3000_seed0_minimax_vs_alpha_beta_0,3000,0,second,ended_with_n,8,second,alpha_beta,む,やむ,むね,む,ね,ね,0.205596,False,-96.5,4,4,True,345,20,あいず -> ずらす -> すら -> らぶこめ -> めが -> がいせんしや -> やむ -> むね
minimax vs alpha_beta,minimax,alpha_beta,D3000_seed0_minimax_vs_alpha_beta_0,3000,0,second,ended_with_n,9,first,minimax,ね,むね,ねたむ,ね,む,む,0.891372,False,96.5,3,3,True,,20,あいず -> ずらす -> すら -> らぶこめ -> めが -> がいせんしや -> やむ -> むね -> ねたむ
minimax vs alpha_beta,minimax,alpha_beta,D3000_seed0_minimax_vs_alpha_beta_0,3000,0,second,ended_with_n,10,second,alpha_beta,む,ねたむ,むつちや,む,や,や,0.258702,False,-96.5,4,4,True,367,20,あいず -> ずらす -> すら -> らぶこめ -> めが -> がいせんしや -> やむ -> むね -> ねたむ -> むつちや
minimax vs alpha_beta,minimax,alpha_beta,D3000_seed0_minimax_vs_alpha_beta_0,3000,0,second,ended_with_n,11,first,minimax,や,むつちや,やね,や,ね,ね,0.93684,False,96.5,3,3,True,,20,あいず -> ずらす -> すら -> らぶこめ -> めが -> がいせんしや -> やむ -> むね -> ねたむ -> むつちや -> やね
minimax vs alpha_beta,minimax,alpha_beta,D3000_seed0_minimax_vs_alpha_beta_0,3000,0,second,ended_with_n,12,second,alpha_beta,ね,やね,ねんご,ね,ご,ご,0.159059,False,-96.5,4,4,True,261,20,あいず -> ずらす -> すら -> らぶこめ -> めが -> がいせんしや -> やむ -> むね -> ねたむ -> むつちや -> やね -> ねんご
minimax vs alpha_beta,minimax,alpha_beta,D3000_seed0_minimax_vs_alpha_beta_0,3000,0,second,ended_with_n,13,first,minimax,ご,ねんご,ごんどら,ご,ら,ら,0.793492,False,96.5,3,3,True,,20,あいず -> ずらす -> すら -> らぶこめ -> めが -> がいせんしや -> やむ -> むね -> ねたむ -> むつちや -> やね -> ねんご -> ごんどら
minimax vs alpha_beta,minimax,alpha_beta,D3000_seed0_minimax_vs_alpha_beta_0,3000,0,second,ended_with_n,14,second,alpha_beta,ら,ごんどら,らいど,ら,ど,ど,0.186006,False,-96.5,4,4,True,227,12,あいず -> ずらす -> すら -> らぶこめ -> めが -> がいせんしや -> やむ -> むね -> ねたむ -> むつちや -> やね -> ねんご -> ごんどら -> らいど
minimax vs alpha_beta,minimax,alpha_beta,D3000_seed0_minimax_vs_alpha_beta_0,3000,0,second,ended_with_n,15,first,minimax,ど,らいど,どなりこむ,ど,む,む,0.892992,False,96.5,3,3,True,,20,あいず -> ずらす -> すら -> らぶこめ -> めが -> がいせんしや -> やむ -> むね -> ねたむ -> むつちや -> やね -> ねんご -> ごんどら -> らいど -> どなりこむ
minimax vs alpha_beta,minimax,alpha_beta,D3000_seed0_minimax_vs_alpha_beta_0,3000,0,second,ended_with_n,16,second,alpha_beta,む,どなりこむ,むすめ,む,め,め,0.230944,False,-96.5,4,4,True,303,19,あいず -> ずらす -> すら -> らぶこめ -> めが -> がいせんしや -> やむ -> むね -> ねたむ -> むつちや -> やね -> ねんご -> ごんどら -> らいど -> どなりこむ -> むすめ
minimax vs alpha_beta,minimax,alpha_beta,D3000_seed0_minimax_vs_alpha_beta_0,3000,0,second,ended_with_n,17,first,minimax,め,むすめ,めつちやくちや,め,や,や,0.918219,False,96.5,3,3,True,,20,あいず -> ずらす -> すら -> らぶこめ -> めが -> がいせんしや -> やむ -> むね -> ねたむ -> むつちや -> やね -> ねんご -> ごんどら -> らいど -> どなりこむ -> むすめ -> めつちやくちや
minimax vs alpha_beta,minimax,alpha_beta,D3000_seed0_minimax_vs_alpha_beta_0,3000,0,second,ended_with_n,18,second,alpha_beta,や,めつちやくちや,やくめ,や,め,め,0.278003,False,-96.5,4,4,True,405,20,あいず -> ずらす -> すら -> らぶこめ -> めが -> がいせんしや -> やむ -> むね -> ねたむ -> むつちや -> やね -> ねんご -> ごんどら -> らいど -> どなりこむ -> むすめ -> めつちやくちや -> やくめ
minimax vs alpha_beta,minimax,alpha_beta,D3000_seed0_minimax_vs_alpha_beta_0,3000,0,second,ended_with_n,19,first,minimax,め,やくめ,めいしゆ,め,ゆ,ゆ,0.930194,False,96.5,3,3,True,,20,あいず -> ずらす -> すら -> らぶこめ -> めが -> がいせんしや -> やむ -> むね -> ねたむ -> むつちや -> やね -> ねんご -> ごんどら -> らいど -> どなりこむ -> むすめ -> めつちやくちや -> やくめ -> めいしゆ
minimax vs alpha_beta,minimax,alpha_beta,D3000_seed0_minimax_vs_alpha_beta_0,3000,0,second,ended_with_n,20,second,alpha_beta,ゆ,めいしゆ,ゆうむ,ゆ,む,む,0.160858,False,-96.5,4,4,True,304,20,あいず -> ずらす -> すら -> らぶこめ -> めが -> がいせんしや -> やむ -> むね -> ねたむ -> むつちや -> やね -> ねんご -> ごんどら -> らいど -> どなりこむ -> むすめ -> めつちやくちや -> やくめ -> めいしゆ -> ゆうむ
minimax vs alpha_beta,minimax,alpha_beta,D3000_seed0_minimax_vs_alpha_beta_0,3000,0,second,ended_with_n,21,first,minimax,む,ゆうむ,むしば,む,ば,ば,0.678548,False,96.5,3,3,True,,18,あいず -> ずらす -> すら -> らぶこめ -> めが -> がいせんしや -> やむ -> むね -> ねたむ -> むつちや -> やね -> ねんご -> ごんどら -> らいど -> どなりこむ -> むすめ -> めつちやくちや -> やくめ -> めいしゆ -> ゆうむ -> むしば
minimax vs alpha_beta,minimax,alpha_beta,D3000_seed0_minimax_vs_alpha_beta_0,3000,0,second,ended_with_n,22,second,alpha_beta,ば,むしば,ばしや,ば,や,や,0.337446,False,-96.5,4,4,True,369,20,あいず -> ずらす -> すら -> らぶこめ -> めが -> がいせんしや -> やむ -> むね -> ねたむ -> むつちや -> やね -> ねんご -> ごんどら -> らいど -> どなりこむ -> むすめ -> めつちやくちや -> やくめ -> めいしゆ -> ゆうむ -> むしば -> ばしや
minimax vs alpha_beta,minimax,alpha_beta,D3000_seed0_minimax_vs_alpha_beta_0,3000,0,second,ended_with_n,23,first,minimax,や,ばしや,やすもの,や,の,の,0.964703,False,96.5,3,3,True,,20,あいず -> ずらす -> すら -> らぶこめ -> めが -> がいせんしや -> やむ -> むね -> ねたむ -> むつちや -> やね -> ねんご -> ごんどら -> らいど -> どなりこむ -> むすめ -> めつちやくちや -> やくめ -> めいしゆ -> ゆうむ -> むしば -> ばしや -> やすもの
minimax vs alpha_beta,minimax,alpha_beta,D3000_seed0_minimax_vs_alpha_beta_0,3000,0,second,ended_with_n,24,second,alpha_beta,の,やすもの,のぞむ,の,む,む,0.195906,False,-96.5,4,4,True,336,20,あいず -> ずらす -> すら -> らぶこめ -> めが -> がいせんしや -> やむ -> むね -> ねたむ -> むつちや -> やね -> ねんご -> ごんどら -> らいど -> どなりこむ -> むすめ -> めつちやくちや -> やくめ -> めいしゆ -> ゆうむ -> むしば -> ばしや -> やすもの -> のぞむ
minimax vs alpha_beta,minimax,alpha_beta,D3000_seed0_minimax_vs_alpha_beta_0,3000,0,second,ended_with_n,25,first,minimax,む,のぞむ,むしよけ,む,け,け,0.613991,False,96.5,3,3,True,,17,あいず -> ずらす -> すら -> らぶこめ -> めが -> がいせんしや -> やむ -> むね -> ねたむ -> むつちや -> やね -> ねんご -> ごんどら -> らいど -> どなりこむ -> むすめ -> めつちやくちや -> やくめ -> めいしゆ -> ゆうむ -> むしば -> ばしや -> やすもの -> のぞむ -> むしよけ
minimax vs alpha_beta,minimax,alpha_beta,D3000_seed0_minimax_vs_alpha_beta_0,3000,0,second,ended_with_n,26,second,alpha_beta,け,むしよけ,けむ,け,む,む,0.308195,False,-96.5,4,4,True,438,20,あいず -> ずらす -> すら -> らぶこめ -> めが -> がいせんしや -> やむ -> むね -> ねたむ -> むつちや -> やね -> ねんご -> ごんどら -> らいど -> どなりこむ -> むすめ -> めつちやくちや -> やくめ -> めいしゆ -> ゆうむ -> むしば -> ばしや -> やすもの -> のぞむ -> むしよけ -> けむ
minimax vs alpha_beta,minimax,alpha_beta,D3000_seed0_minimax_vs_alpha_beta_0,3000,0,second,ended_with_n,27,first,minimax,む,けむ,むらびと,む,と,と,0.570326,False,96.5,3,3,True,,16,あいず -> ずらす -> すら -> らぶこめ -> めが -> がいせんしや -> やむ -> むね -> ねたむ -> むつちや -> やね -> ねんご -> ごんどら -> らいど -> どなりこむ -> むすめ -> めつちやくちや -> やくめ -> めいしゆ -> ゆうむ -> むしば -> ばしや -> やすもの -> のぞむ -> むしよけ -> けむ -> むらびと
minimax vs alpha_beta,minimax,alpha_beta,D3000_seed0_minimax_vs_alpha_beta_0,3000,0,second,ended_with_n,28,second,alpha_beta,と,むらびと,とむ,と,む,む,0.090167,False,62.5,4,4,True,148,20,あいず -> ずらす -> すら -> らぶこめ -> めが -> がいせんしや -> やむ -> むね -> ねたむ -> むつちや -> やね -> ねんご -> ごんどら -> らいど -> どなりこむ -> むすめ -> めつちやくちや -> やくめ -> めいしゆ -> ゆうむ -> むしば -> ばしや -> やすもの -> のぞむ -> むしよけ -> けむ -> むらびと -> とむ
minimax vs alpha_beta,minimax,alpha_beta,D3000_seed0_minimax_vs_alpha_beta_0,3000,0,second,ended_with_n,29,first,minimax,む,とむ,むくわれる,む,る,る,0.546652,False,-62.5,3,3,True,,15,あいず -> ずらす -> すら -> らぶこめ -> めが -> がいせんしや -> やむ -> むね -> ねたむ -> むつちや -> やね -> ねんご -> ごんどら -> らいど -> どなりこむ -> むすめ -> めつちやくちや -> やくめ -> めいしゆ -> ゆうむ -> むしば -> ばしや -> やすもの -> のぞむ -> むしよけ -> けむ -> むらびと -> とむ -> むくわれる
minimax vs alpha_beta,minimax,alpha_beta,D3000_seed0_minimax_vs_alpha_beta_0,3000,0,second,ended_with_n,30,second,alpha_beta,る,むくわれる,るみのおる,る,る,る,0.035505,False,109.0,4,4,True,93,8,あいず -> ずらす -> すら -> らぶこめ -> めが -> がいせんしや -> やむ -> むね -> ねたむ -> むつちや -> やね -> ねんご -> ごんどら -> らいど -> どなりこむ -> むすめ -> めつちやくちや -> やくめ -> めいしゆ -> ゆうむ -> むしば -> ばしや -> やすもの -> のぞむ -> むしよけ -> けむ -> むらびと -> とむ -> むくわれる -> るみのおる
minimax vs alpha_beta,minimax,alpha_beta,D3000_seed0_minimax_vs_alpha_beta_0,3000,0,second,ended_with_n,31,first,minimax,る,るみのおる,るり,る,り,り,0.288636,False,-109.0,3,3,True,,7,あいず -> ずらす -> すら -> らぶこめ -> めが -> がいせんしや -> やむ -> むね -> ねたむ -> むつちや -> やね -> ねんご -> ごんどら -> らいど -> どなりこむ -> むすめ -> めつちやくちや -> やくめ -> めいしゆ -> ゆうむ -> むしば -> ばしや -> やすもの -> のぞむ -> むしよけ -> けむ -> むらびと -> とむ -> むくわれる -> るみのおる -> るり
minimax vs alpha_beta,minimax,alpha_beta,D3000_seed0_minimax_vs_alpha_beta_0,3000,0,second,ended_with_n,32,second,alpha_beta,り,るり,りさいたる,り,る,る,0.072806,False,143.5,4,4,True,258,20,あいず -> ずらす -> すら -> らぶこめ -> めが -> がいせんしや -> やむ -> むね -> ねたむ -> むつちや -> やね -> ねんご -> ごんどら -> らいど -> どなりこむ -> むすめ -> めつちやくちや -> やくめ -> めいしゆ -> ゆうむ -> むしば -> ばしや -> やすもの -> のぞむ -> むしよけ -> けむ -> むらびと -> とむ -> むくわれる -> るみのおる -> るり -> りさいたる
minimax vs alpha_beta,minimax,alpha_beta,D3000_seed0_minimax_vs_alpha_beta_0,3000,0,second,ended_with_n,33,first,minimax,る,りさいたる,るああ,る,あ,あ,0.238253,False,-143.5,3,3,True,,6,あいず -> ずらす -> すら -> らぶこめ -> めが -> がいせんしや -> やむ -> むね -> ねたむ -> むつちや -> やね -> ねんご -> ごんどら -> らいど -> どなりこむ -> むすめ -> めつちやくちや -> やくめ -> めいしゆ -> ゆうむ -> むしば -> ばしや -> やすもの -> のぞむ -> むしよけ -> けむ -> むらびと -> とむ -> むくわれる -> るみのおる -> るり -> りさいたる -> るああ
minimax vs alpha_beta,minimax,alpha_beta,D3000_seed0_minimax_vs_alpha_beta_0,3000,0,second,ended_with_n,34,second,alpha_beta,あ,るああ,あいてどる,あ,る,る,0.162262,False,532.5,4,4,True,716,20,あいず -> ずらす -> すら -> らぶこめ -> めが -> がいせんしや -> やむ -> むね -> ねたむ -> むつちや -> やね -> ねんご -> ごんどら -> らいど -> どなりこむ -> むすめ -> めつちやくちや -> やくめ -> めいしゆ -> ゆうむ -> むしば -> ばしや -> やすもの -> のぞむ -> むしよけ -> けむ -> むらびと -> とむ -> むくわれる -> るみのおる -> るり -> りさいたる -> るああ -> あいてどる
minimax vs alpha_beta,minimax,alpha_beta,D3000_seed0_minimax_vs_alpha_beta_0,3000,0,second,ended_with_n,35,first,minimax,る,あいてどる,るいすい,る,い,い,0.207896,False,-532.5,3,3,True,,5,あいず -> ずらす -> すら -> らぶこめ -> めが -> がいせんしや -> やむ -> むね -> ねたむ -> むつちや -> やね -> ねんご -> ごんどら -> らいど -> どなりこむ -> むすめ -> めつちやくちや -> やくめ -> めいしゆ -> ゆうむ -> むしば -> ばしや -> やすもの -> のぞむ -> むしよけ -> けむ -> むらびと -> とむ -> むくわれる -> るみのおる -> るり -> りさいたる -> るああ -> あいてどる -> るいすい
minimax vs alpha_beta,minimax,alpha_beta,D3000_seed0_minimax_vs_alpha_beta_0,3000,0,second,ended_with_n,36,second,alpha_beta,い,るいすい,いからせる,い,る,る,0.081124,False,547.5,4,4,True,357,20,あいず -> ずらす -> すら -> らぶこめ -> めが -> がいせんしや -> やむ -> むね -> ねたむ -> むつちや -> やね -> ねんご -> ごんどら -> らいど -> どなりこむ -> むすめ -> めつちやくちや -> やくめ -> めいしゆ -> ゆうむ -> むしば -> ばしや -> やすもの -> のぞむ -> むしよけ -> けむ -> むらびと -> とむ -> むくわれる -> るみのおる -> るり -> りさいたる -> るああ -> あいてどる -> るいすい -> いからせる
minimax vs alpha_beta,minimax,alpha_beta,D3000_seed0_minimax_vs_alpha_beta_0,3000,0,second,ended_with_n,37,first,minimax,る,いからせる,るうきい,る,い,い,0.14565,False,-547.5,3,3,True,,4,あいず -> ずらす -> すら -> らぶこめ -> めが -> がいせんしや -> やむ -> むね -> ねたむ -> むつちや -> やね -> ねんご -> ごんどら -> らいど -> どなりこむ -> むすめ -> めつちやくちや -> やくめ -> めいしゆ -> ゆうむ -> むしば -> ばしや -> やすもの -> のぞむ -> むしよけ -> けむ -> むらびと -> とむ -> むくわれる -> るみのおる -> るり -> りさいたる -> るああ -> あいてどる -> るいすい -> いからせる -> るうきい
minimax vs alpha_beta,minimax,alpha_beta,D3000_seed0_minimax_vs_alpha_beta_0,3000,0,second,ended_with_n,38,second,alpha_beta,い,るうきい,いきる,い,る,る,0.050768,False,570.5,4,4,True,270,20,あいず -> ずらす -> すら -> らぶこめ -> めが -> がいせんしや -> やむ -> むね -> ねたむ -> むつちや -> やね -> ねんご -> ごんどら -> らいど -> どなりこむ -> むすめ -> めつちやくちや -> やくめ -> めいしゆ -> ゆうむ -> むしば -> ばしや -> やすもの -> のぞむ -> むしよけ -> けむ -> むらびと -> とむ -> むくわれる -> るみのおる -> るり -> りさいたる -> るああ -> あいてどる -> るいすい -> いからせる -> るうきい -> いきる
minimax vs alpha_beta,minimax,alpha_beta,D3000_seed0_minimax_vs_alpha_beta_0,3000,0,second,ended_with_n,39,first,minimax,る,いきる,るいせき,る,き,き,0.09639,False,-570.5,3,3,True,,3,あいず -> ずらす -> すら -> らぶこめ -> めが -> がいせんしや -> やむ -> むね -> ねたむ -> むつちや -> やね -> ねんご -> ごんどら -> らいど -> どなりこむ -> むすめ -> めつちやくちや -> やくめ -> めいしゆ -> ゆうむ -> むしば -> ばしや -> やすもの -> のぞむ -> むしよけ -> けむ -> むらびと -> とむ -> むくわれる -> るみのおる -> るり -> りさいたる -> るああ -> あいてどる -> るいすい -> いからせる -> るうきい -> いきる -> るいせき
minimax vs alpha_beta,minimax,alpha_beta,D3000_seed0_minimax_vs_alpha_beta_0,3000,0,second,ended_with_n,40,second,alpha_beta,き,るいせき,きこえる,き,る,る,0.004991,False,1000000.0,4,4,True,58,20,あいず -> ずらす -> すら -> らぶこめ -> めが -> がいせんしや -> やむ -> むね -> ねたむ -> むつちや -> やね -> ねんご -> ごんどら -> らいど -> どなりこむ -> むすめ -> めつちやくちや -> やくめ -> めいしゆ -> ゆうむ -> むしば -> ばしや -> やすもの -> のぞむ -> むしよけ -> けむ -> むらびと -> とむ -> むくわれる -> るみのおる -> るり -> りさいたる -> るああ -> あいてどる -> るいすい -> いからせる -> るうきい -> いきる -> るいせき -> きこえる
minimax vs alpha_beta,minimax,alpha_beta,D3000_seed0_minimax_vs_alpha_beta_0,3000,0,second,ended_with_n,41,first,minimax,る,きこえる,るぽるたあじゆ,る,ゆ,ゆ,0.000122,False,-1000000.0,3,3,True,,2,あいず -> ずらす -> すら -> らぶこめ -> めが -> がいせんしや -> やむ -> むね -> ねたむ -> むつちや -> やね -> ねんご -> ごんどら -> らいど -> どなりこむ -> むすめ -> めつちやくちや -> やくめ -> めいしゆ -> ゆうむ -> むしば -> ばしや -> やすもの -> のぞむ -> むしよけ -> けむ -> むらびと -> とむ -> むくわれる -> るみのおる -> るり -> りさいたる -> るああ -> あいてどる -> るいすい -> いからせる -> るうきい -> いきる -> るいせき -> きこえる -> るぽるたあじゆ
minimax vs alpha_beta,minimax,alpha_beta,D3000_seed0_minimax_vs_alpha_beta_0,3000,0,second,ended_with_n,42,second,alpha_beta,ゆ,るぽるたあじゆ,ゆきわたる,ゆ,る,る,0.00403,False,1000000.0,4,4,True,41,20,あいず -> ずらす -> すら -> らぶこめ -> めが -> がいせんしや -> やむ -> むね -> ねたむ -> むつちや -> やね -> ねんご -> ごんどら -> らいど -> どなりこむ -> むすめ -> めつちやくちや -> やくめ -> めいしゆ -> ゆうむ -> むしば -> ばしや -> やすもの -> のぞむ -> むしよけ -> けむ -> むらびと -> とむ -> むくわれる -> るみのおる -> るり -> りさいたる -> るああ -> あいてどる -> るいすい -> いからせる -> るうきい -> いきる -> るいせき -> きこえる -> るぽるたあじゆ -> ゆきわたる
minimax vs alpha_beta,minimax,alpha_beta,D3000_seed0_minimax_vs_alpha_beta_0,3000,0,second,ended_with_n,43,first,minimax,る,ゆきわたる,るうちん,る,ん,,2e-06,False,-1000000.0,3,3,True,,1,あいず -> ずらす -> すら -> らぶこめ -> めが -> がいせんしや -> やむ -> むね -> ねたむ -> むつちや -> やね -> ねんご -> ごんどら -> らいど -> どなりこむ -> むすめ -> めつちやくちや -> やくめ -> めいしゆ -> ゆうむ -> むしば -> ばしや -> やすもの -> のぞむ -> むしよけ -> けむ -> むらびと -> とむ -> むくわれる -> るみのおる -> るり -> りさいたる -> るああ -> あいてどる -> るいすい -> いからせる -> るうきい -> いきる -> るいせき -> きこえる -> るぽるたあじゆ -> ゆきわたる -> るうちん
monte_carlo vs random,monte_carlo,random,D3000_seed0_monte_carlo_vs_random_0,3000,0,first,ended_with_n,1,first,monte_carlo,ANY,,ちいず,ち,ず,ず,0.086956,False,0.7,,,,,,ちいず
monte_carlo vs random,monte_carlo,random,D3000_seed0_monte_carlo_vs_random_0,3000,0,first,ended_with_n,2,second,random,ず,ちいず,ずらす,ず,す,す,2e-06,False,0.0,,,,,,ちいず -> ずらす
monte_carlo vs random,monte_carlo,random,D3000_seed0_monte_carlo_vs_random_0,3000,0,first,ended_with_n,3,first,monte_carlo,す,ずらす,すれば,す,ば,ば,0.07447,False,0.9,,,,,,ちいず -> ずらす -> すれば
monte_carlo vs random,monte_carlo,random,D3000_seed0_monte_carlo_vs_random_0,3000,0,first,ended_with_n,4,second,random,ば,すれば,ばいしゆんふ,ば,ふ,ふ,3e-06,False,0.0,,,,,,ちいず -> ずらす -> すれば -> ばいしゆんふ
monte_carlo vs random,monte_carlo,random,D3000_seed0_monte_carlo_vs_random_0,3000,0,first,ended_with_n,5,first,monte_carlo,ふ,ばいしゆんふ,ふらふら,ふ,ら,ら,0.066229,False,0.71,,,,,,ちいず -> ずらす -> すれば -> ばいしゆんふ -> ふらふら
monte_carlo vs random,monte_carlo,random,D3000_seed0_monte_carlo_vs_random_0,3000,0,first,ended_with_n,6,second,random,ら,ふらふら,らいど,ら,ど,ど,2e-06,False,0.0,,,,,,ちいず -> ずらす -> すれば -> ばいしゆんふ -> ふらふら -> らいど
monte_carlo vs random,monte_carlo,random,D3000_seed0_monte_carlo_vs_random_0,3000,0,first,ended_with_n,7,first,monte_carlo,ど,らいど,どらいぶ,ど,ぶ,ぶ,0.071121,False,0.8,,,,,,ちいず -> ずらす -> すれば -> ばいしゆんふ -> ふらふら -> らいど -> どらいぶ
monte_carlo vs random,monte_carlo,random,D3000_seed0_monte_carlo_vs_random_0,3000,0,first,ended_with_n,8,second,random,ぶ,どらいぶ,ぶんぴ,ぶ,ぴ,ぴ,2e-06,False,0.0,,,,,,ちいず -> ずらす -> すれば -> ばいしゆんふ -> ふらふら -> らいど -> どらいぶ -> ぶんぴ
monte_carlo vs random,monte_carlo,random,D3000_seed0_monte_carlo_vs_random_0,3000,0,first,ended_with_n,9,first,monte_carlo,ぴ,ぶんぴ,ぴかそ,ぴ,そ,そ,0.016709,False,0.7,,,,,,ちいず -> ずらす -> すれば -> ばいしゆんふ -> ふらふら -> らいど -> どらいぶ -> ぶんぴ -> ぴかそ
monte_carlo vs random,monte_carlo,random,D3000_seed0_monte_carlo_vs_random_0,3000,0,first,ended_with_n,10,second,random,そ,ぴかそ,そうにゆう,そ,う,う,3e-06,False,0.0,,,,,,ちいず -> ずらす -> すれば -> ばいしゆんふ -> ふらふら -> らいど -> どらいぶ -> ぶんぴ -> ぴかそ -> そうにゆう
monte_carlo vs random,monte_carlo,random,D3000_seed0_monte_carlo_vs_random_0,3000,0,first,ended_with_n,11,first,monte_carlo,う,そうにゆう,うかぶ,う,ぶ,ぶ,0.066114,False,0.8,,,,,,ちいず -> ずらす -> すれば -> ばいしゆんふ -> ふらふら -> らいど -> どらいぶ -> ぶんぴ -> ぴかそ -> そうにゆう -> うかぶ
monte_carlo vs random,monte_carlo,random,D3000_seed0_monte_carlo_vs_random_0,3000,0,first,ended_with_n,12,second,random,ぶ,うかぶ,ぶつりがく,ぶ,く,く,2e-06,False,0.0,,,,,,ちいず -> ずらす -> すれば -> ばいしゆんふ -> ふらふら -> らいど -> どらいぶ -> ぶんぴ -> ぴかそ -> そうにゆう -> うかぶ -> ぶつりがく
monte_carlo vs random,monte_carlo,random,D3000_seed0_monte_carlo_vs_random_0,3000,0,first,ended_with_n,13,first,monte_carlo,く,ぶつりがく,くりえいていぶ,く,ぶ,ぶ,0.06587,False,0.8,,,,,,ちいず -> ずらす -> すれば -> ばいしゆんふ -> ふらふら -> らいど -> どらいぶ -> ぶんぴ -> ぴかそ -> そうにゆう -> うかぶ -> ぶつりがく -> くりえいていぶ
monte_carlo vs random,monte_carlo,random,D3000_seed0_monte_carlo_vs_random_0,3000,0,first,ended_with_n,14,second,random,ぶ,くりえいていぶ,ぶんぐ,ぶ,ぐ,ぐ,2e-06,False,0.0,,,,,,ちいず -> ずらす -> すれば -> ばいしゆんふ -> ふらふら -> らいど -> どらいぶ -> ぶんぴ -> ぴかそ -> そうにゆう -> うかぶ -> ぶつりがく -> くりえいていぶ -> ぶんぐ
monte_carlo vs random,monte_carlo,random,D3000_seed0_monte_carlo_vs_random_0,3000,0,first,ended_with_n,15,first,monte_carlo,ぐ,ぶんぐ,ぐんぷく,ぐ,く,く,0.063811,False,0.9,,,,,,ちいず -> ずらす -> すれば -> ばいしゆんふ -> ふらふら -> らいど -> どらいぶ -> ぶんぴ -> ぴかそ -> そうにゆう -> うかぶ -> ぶつりがく -> くりえいていぶ -> ぶんぐ -> ぐんぷく
monte_carlo vs random,monte_carlo,random,D3000_seed0_monte_carlo_vs_random_0,3000,0,first,ended_with_n,16,second,random,く,ぐんぷく,くろまく,く,く,く,5e-06,False,0.0,,,,,,ちいず -> ずらす -> すれば -> ばいしゆんふ -> ふらふら -> らいど -> どらいぶ -> ぶんぴ -> ぴかそ -> そうにゆう -> うかぶ -> ぶつりがく -> くりえいていぶ -> ぶんぐ -> ぐんぷく -> くろまく
monte_carlo vs random,monte_carlo,random,D3000_seed0_monte_carlo_vs_random_0,3000,0,first,ended_with_n,17,first,monte_carlo,く,くろまく,くるしめる,く,る,る,0.067808,False,0.7,,,,,,ちいず -> ずらす -> すれば -> ばいしゆんふ -> ふらふら -> らいど -> どらいぶ -> ぶんぴ -> ぴかそ -> そうにゆう -> うかぶ -> ぶつりがく -> くりえいていぶ -> ぶんぐ -> ぐんぷく -> くろまく -> くるしめる
monte_carlo vs random,monte_carlo,random,D3000_seed0_monte_carlo_vs_random_0,3000,0,first,ended_with_n,18,second,random,る,くるしめる,るり,る,り,り,2e-06,False,0.0,,,,,,ちいず -> ずらす -> すれば -> ばいしゆんふ -> ふらふら -> らいど -> どらいぶ -> ぶんぴ -> ぴかそ -> そうにゆう -> うかぶ -> ぶつりがく -> くりえいていぶ -> ぶんぐ -> ぐんぷく -> くろまく -> くるしめる -> るり
monte_carlo vs random,monte_carlo,random,D3000_seed0_monte_carlo_vs_random_0,3000,0,first,ended_with_n,19,first,monte_carlo,り,るり,りくろ,り,ろ,ろ,0.061802,False,0.8,,,,,,ちいず -> ずらす -> すれば -> ばいしゆんふ -> ふらふら -> らいど -> どらいぶ -> ぶんぴ -> ぴかそ -> そうにゆう -> うかぶ -> ぶつりがく -> くりえいていぶ -> ぶんぐ -> ぐんぷく -> くろまく -> くるしめる -> るり -> りくろ
monte_carlo vs random,monte_carlo,random,D3000_seed0_monte_carlo_vs_random_0,3000,0,first,ended_with_n,20,second,random,ろ,りくろ,ろうじよ,ろ,よ,よ,2e-06,False,0.0,,,,,,ちいず -> ずらす -> すれば -> ばいしゆんふ -> ふらふら -> らいど -> どらいぶ -> ぶんぴ -> ぴかそ -> そうにゆう -> うかぶ -> ぶつりがく -> くりえいていぶ -> ぶんぐ -> ぐんぷく -> くろまく -> くるしめる -> るり -> りくろ -> ろうじよ
monte_carlo vs random,monte_carlo,random,D3000_seed0_monte_carlo_vs_random_0,3000,0,first,ended_with_n,21,first,monte_carlo,よ,ろうじよ,ようしや,よ,や,や,0.060758,False,0.9,,,,,,ちいず -> ずらす -> すれば -> ばいしゆんふ -> ふらふら -> らいど -> どらいぶ -> ぶんぴ -> ぴかそ -> そうにゆう -> うかぶ -> ぶつりがく -> くりえいていぶ -> ぶんぐ -> ぐんぷく -> くろまく -> くるしめる -> るり -> りくろ -> ろうじよ -> ようしや
monte_carlo vs random,monte_carlo,random,D3000_seed0_monte_carlo_vs_random_0,3000,0,first,ended_with_n,22,second,random,や,ようしや,やむ,や,む,む,3e-06,False,0.0,,,,,,ちいず -> ずらす -> すれば -> ばいしゆんふ -> ふらふら -> らいど -> どらいぶ -> ぶんぴ -> ぴかそ -> そうにゆう -> うかぶ -> ぶつりがく -> くりえいていぶ -> ぶんぐ -> ぐんぷく -> くろまく -> くるしめる -> るり -> りくろ -> ろうじよ -> ようしや -> やむ
monte_carlo vs random,monte_carlo,random,D3000_seed0_monte_carlo_vs_random_0,3000,0,first,ended_with_n,23,first,monte_carlo,む,やむ,むね,む,ね,ね,0.051103,False,0.7,,,,,,ちいず -> ずらす -> すれば -> ばいしゆんふ -> ふらふら -> らいど -> どらいぶ -> ぶんぴ -> ぴかそ -> そうにゆう -> うかぶ -> ぶつりがく -> くりえいていぶ -> ぶんぐ -> ぐんぷく -> くろまく -> くるしめる -> るり -> りくろ -> ろうじよ -> ようしや -> やむ -> むね
monte_carlo vs random,monte_carlo,random,D3000_seed0_monte_carlo_vs_random_0,3000,0,first,ended_with_n,24,second,random,ね,むね,ねつかちいふ,ね,ふ,ふ,2e-06,False,0.0,,,,,,ちいず -> ずらす -> すれば -> ばいしゆんふ -> ふらふら -> らいど -> どらいぶ -> ぶんぴ -> ぴかそ -> そうにゆう -> うかぶ -> ぶつりがく -> くりえいていぶ -> ぶんぐ -> ぐんぷく -> くろまく -> くるしめる -> るり -> りくろ -> ろうじよ -> ようしや -> やむ -> むね -> ねつかちいふ
monte_carlo vs random,monte_carlo,random,D3000_seed0_monte_carlo_vs_random_0,3000,0,first,ended_with_n,25,first,monte_carlo,ふ,ねつかちいふ,ふいる,ふ,る,る,0.062636,False,0.7,,,,,,ちいず -> ずらす -> すれば -> ばいしゆんふ -> ふらふら -> らいど -> どらいぶ -> ぶんぴ -> ぴかそ -> そうにゆう -> うかぶ -> ぶつりがく -> くりえいていぶ -> ぶんぐ -> ぐんぷく -> くろまく -> くるしめる -> るり -> りくろ -> ろうじよ -> ようしや -> やむ -> むね -> ねつかちいふ -> ふいる
monte_carlo vs random,monte_carlo,random,D3000_seed0_monte_carlo_vs_random_0,3000,0,first,ended_with_n,26,second,random,る,ふいる,るぽるたあじゆ,る,ゆ,ゆ,2e-06,False,0.0,,,,,,ちいず -> ずらす -> すれば -> ばいしゆんふ -> ふらふら -> らいど -> どらいぶ -> ぶんぴ -> ぴかそ -> そうにゆう -> うかぶ -> ぶつりがく -> くりえいていぶ -> ぶんぐ -> ぐんぷく -> くろまく -> くるしめる -> るり -> りくろ -> ろうじよ -> ようしや -> やむ -> むね -> ねつかちいふ -> ふいる -> るぽるたあじゆ
monte_carlo vs random,monte_carlo,random,D3000_seed0_monte_carlo_vs_random_0,3000,0,first,ended_with_n,27,first,monte_carlo,ゆ,るぽるたあじゆ,ゆうやけ,ゆ,け,け,0.052741,False,0.8,,,,,,ちいず -> ずらす -> すれば -> ばいしゆんふ -> ふらふら -> らいど -> どらいぶ -> ぶんぴ -> ぴかそ -> そうにゆう -> うかぶ -> ぶつりがく -> くりえいていぶ -> ぶんぐ -> ぐんぷく -> くろまく -> くるしめる -> るり -> りくろ -> ろうじよ -> ようしや -> やむ -> むね -> ねつかちいふ -> ふいる -> るぽるたあじゆ -> ゆうやけ
monte_carlo vs random,monte_carlo,random,D3000_seed0_monte_carlo_vs_random_0,3000,0,first,ended_with_n,28,second,random,け,ゆうやけ,けんどう,け,う,う,4e-06,False,0.0,,,,,,ちいず -> ずらす -> すれば -> ばいしゆんふ -> ふらふら -> らいど -> どらいぶ -> ぶんぴ -> ぴかそ -> そうにゆう -> うかぶ -> ぶつりがく -> くりえいていぶ -> ぶんぐ -> ぐんぷく -> くろまく -> くるしめる -> るり -> りくろ -> ろうじよ -> ようしや -> やむ -> むね -> ねつかちいふ -> ふいる -> るぽるたあじゆ -> ゆうやけ -> けんどう
monte_carlo vs random,monte_carlo,random,D3000_seed0_monte_carlo_vs_random_0,3000,0,first,ended_with_n,29,first,monte_carlo,う,けんどう,うちあわせる,う,る,る,0.047635,False,0.8,,,,,,ちいず -> ずらす -> すれば -> ばいしゆんふ -> ふらふら -> らいど -> どらいぶ -> ぶんぴ -> ぴかそ -> そうにゆう -> うかぶ -> ぶつりがく -> くりえいていぶ -> ぶんぐ -> ぐんぷく -> くろまく -> くるしめる -> るり -> りくろ -> ろうじよ -> ようしや -> やむ -> むね -> ねつかちいふ -> ふいる -> るぽるたあじゆ -> ゆうやけ -> けんどう -> うちあわせる
monte_carlo vs random,monte_carlo,random,D3000_seed0_monte_carlo_vs_random_0,3000,0,first,ended_with_n,30,second,random,る,うちあわせる,るああ,る,あ,あ,1e-06,False,0.0,,,,,,ちいず -> ずらす -> すれば -> ばいしゆんふ -> ふらふら -> らいど -> どらいぶ -> ぶんぴ -> ぴかそ -> そうにゆう -> うかぶ -> ぶつりがく -> くりえいていぶ -> ぶんぐ -> ぐんぷく -> くろまく -> くるしめる -> るり -> りくろ -> ろうじよ -> ようしや -> やむ -> むね -> ねつかちいふ -> ふいる -> るぽるたあじゆ -> ゆうやけ -> けんどう -> うちあわせる -> るああ
monte_carlo vs random,monte_carlo,random,D3000_seed0_monte_carlo_vs_random_0,3000,0,first,ended_with_n,31,first,monte_carlo,あ,るああ,あんこおる,あ,る,る,0.038147,False,0.9,,,,,,ちいず -> ずらす -> すれば -> ばいしゆんふ -> ふらふら -> らいど -> どらいぶ -> ぶんぴ -> ぴかそ -> そうにゆう -> うかぶ -> ぶつりがく -> くりえいていぶ -> ぶんぐ -> ぐんぷく -> くろまく -> くるしめる -> るり -> りくろ -> ろうじよ -> ようしや -> やむ -> むね -> ねつかちいふ -> ふいる -> るぽるたあじゆ -> ゆうやけ -> けんどう -> うちあわせる -> るああ -> あんこおる
monte_carlo vs random,monte_carlo,random,D3000_seed0_monte_carlo_vs_random_0,3000,0,first,ended_with_n,32,second,random,る,あんこおる,るみのおる,る,る,る,1e-06,False,0.0,,,,,,ちいず -> ずらす -> すれば -> ばいしゆんふ -> ふらふら -> らいど -> どらいぶ -> ぶんぴ -> ぴかそ -> そうにゆう -> うかぶ -> ぶつりがく -> くりえいていぶ -> ぶんぐ -> ぐんぷく -> くろまく -> くるしめる -> るり -> りくろ -> ろうじよ -> ようしや -> やむ -> むね -> ねつかちいふ -> ふいる -> るぽるたあじゆ -> ゆうやけ -> けんどう -> うちあわせる -> るああ -> あんこおる -> るみのおる
monte_carlo vs random,monte_carlo,random,D3000_seed0_monte_carlo_vs_random_0,3000,0,first,ended_with_n,33,first,monte_carlo,る,るみのおる,るうきい,る,い,い,0.006058,False,0.4,,,,,,ちいず -> ずらす -> すれば -> ばいしゆんふ -> ふらふら -> らいど -> どらいぶ -> ぶんぴ -> ぴかそ -> そうにゆう -> うかぶ -> ぶつりがく -> くりえいていぶ -> ぶんぐ -> ぐんぷく -> くろまく -> くるしめる -> るり -> りくろ -> ろうじよ -> ようしや -> やむ -> むね -> ねつかちいふ -> ふいる -> るぽるたあじゆ -> ゆうやけ -> けんどう -> うちあわせる -> るああ -> あんこおる -> るみのおる -> るうきい
monte_carlo vs random,monte_carlo,random,D3000_seed0_monte_carlo_vs_random_0,3000,0,first,ended_with_n,34,second,random,い,るうきい,いきとどく,い,く,く,5e-06,False,0.0,,,,,,ちいず -> ずらす -> すれば -> ばいしゆんふ -> ふらふら -> らいど -> どらいぶ -> ぶんぴ -> ぴかそ -> そうにゆう -> うかぶ -> ぶつりがく -> くりえいていぶ -> ぶんぐ -> ぐんぷく -> くろまく -> くるしめる -> るり -> りくろ -> ろうじよ -> ようしや -> やむ -> むね -> ねつかちいふ -> ふいる -> るぽるたあじゆ -> ゆうやけ -> けんどう -> うちあわせる -> るああ -> あんこおる -> るみのおる -> るうきい -> いきとどく
monte_carlo vs random,monte_carlo,random,D3000_seed0_monte_carlo_vs_random_0,3000,0,first,ended_with_n,35,first,monte_carlo,く,いきとどく,くずれ,く,れ,れ,0.029825,False,0.8,,,,,,ちいず -> ずらす -> すれば -> ばいしゆんふ -> ふらふら -> らいど -> どらいぶ -> ぶんぴ -> ぴかそ -> そうにゆう -> うかぶ -> ぶつりがく -> くりえいていぶ -> ぶんぐ -> ぐんぷく -> くろまく -> くるしめる -> るり -> りくろ -> ろうじよ -> ようしや -> やむ -> むね -> ねつかちいふ -> ふいる -> るぽるたあじゆ -> ゆうやけ -> けんどう -> うちあわせる -> るああ -> あんこおる -> るみのおる -> るうきい -> いきとどく -> くずれ
monte_carlo vs random,monte_carlo,random,D3000_seed0_monte_carlo_vs_random_0,3000,0,first,ended_with_n,36,second,random,れ,くずれ,れいはい,れ,い,い,2e-06,False,0.0,,,,,,ちいず -> ずらす -> すれば -> ばいしゆんふ -> ふらふら -> らいど -> どらいぶ -> ぶんぴ -> ぴかそ -> そうにゆう -> うかぶ -> ぶつりがく -> くりえいていぶ -> ぶんぐ -> ぐんぷく -> くろまく -> くるしめる -> るり -> りくろ -> ろうじよ -> ようしや -> やむ -> むね -> ねつかちいふ -> ふいる -> るぽるたあじゆ -> ゆうやけ -> けんどう -> うちあわせる -> るああ -> あんこおる -> るみのおる -> るうきい -> いきとどく -> くずれ -> れいはい
monte_carlo vs random,monte_carlo,random,D3000_seed0_monte_carlo_vs_random_0,3000,0,first,ended_with_n,37,first,monte_carlo,い,れいはい,いちず,い,ず,ず,0.031351,False,0.7,,,,,,ちいず -> ずらす -> すれば -> ばいしゆんふ -> ふらふら -> らいど -> どらいぶ -> ぶんぴ -> ぴかそ -> そうにゆう -> うかぶ -> ぶつりがく -> くりえいていぶ -> ぶんぐ -> ぐんぷく -> くろまく -> くるしめる -> るり -> りくろ -> ろうじよ -> ようしや -> やむ -> むね -> ねつかちいふ -> ふいる -> るぽるたあじゆ -> ゆうやけ -> けんどう -> うちあわせる -> るああ -> あんこおる -> るみのおる -> るうきい -> いきとどく -> くずれ -> れいはい -> いちず
monte_carlo vs random,monte_carlo,random,D3000_seed0_monte_carlo_vs_random_0,3000,0,first,ended_with_n,38,second,random,ず,いちず,ずいじ,ず,じ,じ,2e-06,False,0.0,,,,,,ちいず -> ずらす -> すれば -> ばいしゆんふ -> ふらふら -> らいど -> どらいぶ -> ぶんぴ -> ぴかそ -> そうにゆう -> うかぶ -> ぶつりがく -> くりえいていぶ -> ぶんぐ -> ぐんぷく -> くろまく -> くるしめる -> るり -> りくろ -> ろうじよ -> ようしや -> やむ -> むね -> ねつかちいふ -> ふいる -> るぽるたあじゆ -> ゆうやけ -> けんどう -> うちあわせる -> るああ -> あんこおる -> るみのおる -> るうきい -> いきとどく -> くずれ -> れいはい -> いちず -> ずいじ
monte_carlo vs random,monte_carlo,random,D3000_seed0_monte_carlo_vs_random_0,3000,0,first,ended_with_n,39,first,monte_carlo,じ,ずいじ,じゆうしゆぎ,じ,ぎ,ぎ,0.032462,False,0.7,,,,,,ちいず -> ずらす -> すれば -> ばいしゆんふ -> ふらふら -> らいど -> どらいぶ -> ぶんぴ -> ぴかそ -> そうにゆう -> うかぶ -> ぶつりがく -> くりえいていぶ -> ぶんぐ -> ぐんぷく -> くろまく -> くるしめる -> るり -> りくろ -> ろうじよ -> ようしや -> やむ -> むね -> ねつかちいふ -> ふいる -> るぽるたあじゆ -> ゆうやけ -> けんどう -> うちあわせる -> るああ -> あんこおる -> るみのおる -> るうきい -> いきとどく -> くずれ -> れいはい -> いちず -> ずいじ -> じゆうしゆぎ
monte_carlo vs random,monte_carlo,random,D3000_seed0_monte_carlo_vs_random_0,3000,0,first,ended_with_n,40,second,random,ぎ,じゆうしゆぎ,ぎよかいるい,ぎ,い,い,3e-06,False,0.0,,,,,,ちいず -> ずらす -> すれば -> ばいしゆんふ -> ふらふら -> らいど -> どらいぶ -> ぶんぴ -> ぴかそ -> そうにゆう -> うかぶ -> ぶつりがく -> くりえいていぶ -> ぶんぐ -> ぐんぷく -> くろまく -> くるしめる -> るり -> りくろ -> ろうじよ -> ようしや -> やむ -> むね -> ねつかちいふ -> ふいる -> るぽるたあじゆ -> ゆうやけ -> けんどう -> うちあわせる -> るああ -> あんこおる -> るみのおる -> るうきい -> いきとどく -> くずれ -> れいはい -> いちず -> ずいじ -> じゆうしゆぎ -> ぎよかいるい
monte_carlo vs random,monte_carlo,random,D3000_seed0_monte_carlo_vs_random_0,3000,0,first,ended_with_n,41,first,monte_carlo,い,ぎよかいるい,いとめる,い,る,る,0.029792,False,0.7,,,,,,ちいず -> ずらす -> すれば -> ばいしゆんふ -> ふらふら -> らいど -> どらいぶ -> ぶんぴ -> ぴかそ -> そうにゆう -> うかぶ -> ぶつりがく -> くりえいていぶ -> ぶんぐ -> ぐんぷく -> くろまく -> くるしめる -> るり -> りくろ -> ろうじよ -> ようしや -> やむ -> むね -> ねつかちいふ -> ふいる -> るぽるたあじゆ -> ゆうやけ -> けんどう -> うちあわせる -> るああ -> あんこおる -> るみのおる -> るうきい -> いきとどく -> くずれ -> れいはい -> いちず -> ずいじ -> じゆうしゆぎ -> ぎよかいるい -> いとめる
monte_carlo vs random,monte_carlo,random,D3000_seed0_monte_carlo_vs_random_0,3000,0,first,ended_with_n,42,second,random,る,いとめる,るいせき,る,き,き,2e-06,False,0.0,,,,,,ちいず -> ずらす -> すれば -> ばいしゆんふ -> ふらふら -> らいど -> どらいぶ -> ぶんぴ -> ぴかそ -> そうにゆう -> うかぶ -> ぶつりがく -> くりえいていぶ -> ぶんぐ -> ぐんぷく -> くろまく -> くるしめる -> るり -> りくろ -> ろうじよ -> ようしや -> やむ -> むね -> ねつかちいふ -> ふいる -> るぽるたあじゆ -> ゆうやけ -> けんどう -> うちあわせる -> るああ -> あんこおる -> るみのおる -> るうきい -> いきとどく -> くずれ -> れいはい -> いちず -> ずいじ -> じゆうしゆぎ -> ぎよかいるい -> いとめる -> るいせき
monte_carlo vs random,monte_carlo,random,D3000_seed0_monte_carlo_vs_random_0,3000,0,first,ended_with_n,43,first,monte_carlo,き,るいせき,きつず,き,ず,ず,0.021625,False,0.9,,,,,,ちいず -> ずらす -> すれば -> ばいしゆんふ -> ふらふら -> らいど -> どらいぶ -> ぶんぴ -> ぴかそ -> そうにゆう -> うかぶ -> ぶつりがく -> くりえいていぶ -> ぶんぐ -> ぐんぷく -> くろまく -> くるしめる -> るり -> りくろ -> ろうじよ -> ようしや -> やむ -> むね -> ねつかちいふ -> ふいる -> るぽるたあじゆ -> ゆうやけ -> けんどう -> うちあわせる -> るああ -> あんこおる -> るみのおる -> るうきい -> いきとどく -> くずれ -> れいはい -> いちず -> ずいじ -> じゆうしゆぎ -> ぎよかいるい -> いとめる -> るいせき -> きつず
monte_carlo vs random,monte_carlo,random,D3000_seed0_monte_carlo_vs_random_0,3000,0,first,ended_with_n,44,second,random,ず,きつず,ずし,ず,し,し,2e-06,False,0.0,,,,,,ちいず -> ずらす -> すれば -> ばいしゆんふ -> ふらふら -> らいど -> どらいぶ -> ぶんぴ -> ぴかそ -> そうにゆう -> うかぶ -> ぶつりがく -> くりえいていぶ -> ぶんぐ -> ぐんぷく -> くろまく -> くるしめる -> るり -> りくろ -> ろうじよ -> ようしや -> やむ -> むね -> ねつかちいふ -> ふいる -> るぽるたあじゆ -> ゆうやけ -> けんどう -> うちあわせる -> るああ -> あんこおる -> るみのおる -> るうきい -> いきとどく -> くずれ -> れいはい -> いちず -> ずいじ -> じゆうしゆぎ -> ぎよかいるい -> いとめる -> るいせき -> きつず -> ずし
monte_carlo vs random,monte_carlo,random,D3000_seed0_monte_carlo_vs_random_0,3000,0,first,ended_with_n,45,first,monte_carlo,し,ずし,しつむ,し,む,む,0.018067,False,0.9,,,,,,ちいず -> ずらす -> すれば -> ばいしゆんふ -> ふらふら -> らいど -> どらいぶ -> ぶんぴ -> ぴかそ -> そうにゆう -> うかぶ -> ぶつりがく -> くりえいていぶ -> ぶんぐ -> ぐんぷく -> くろまく -> くるしめる -> るり -> りくろ -> ろうじよ -> ようしや -> やむ -> むね -> ねつかちいふ -> ふいる -> るぽるたあじゆ -> ゆうやけ -> けんどう -> うちあわせる -> るああ -> あんこおる -> るみのおる -> るうきい -> いきとどく -> くずれ -> れいはい -> いちず -> ずいじ -> じゆうしゆぎ -> ぎよかいるい -> いとめる -> るいせき -> きつず -> ずし -> しつむ
monte_carlo vs random,monte_carlo,random,D3000_seed0_monte_carlo_vs_random_0,3000,0,first,ended_with_n,46,second,random,む,しつむ,むすめ,む,め,め,2e-06,False,0.0,,,,,,ちいず -> ずらす -> すれば -> ばいしゆんふ -> ふらふら -> らいど -> どらいぶ -> ぶんぴ -> ぴかそ -> そうにゆう -> うかぶ -> ぶつりがく -> くりえいていぶ -> ぶんぐ -> ぐんぷく -> くろまく -> くるしめる -> るり -> りくろ -> ろうじよ -> ようしや -> やむ -> むね -> ねつかちいふ -> ふいる -> るぽるたあじゆ -> ゆうやけ -> けんどう -> うちあわせる -> るああ -> あんこおる -> るみのおる -> るうきい -> いきとどく -> くずれ -> れいはい -> いちず -> ずいじ -> じゆうしゆぎ -> ぎよかいるい -> いとめる -> るいせき -> きつず -> ずし -> しつむ -> むすめ
monte_carlo vs random,monte_carlo,random,D3000_seed0_monte_carlo_vs_random_0,3000,0,first,ended_with_n,47,first,monte_carlo,め,むすめ,めんじよ,め,よ,よ,0.020633,False,0.8,,,,,,ちいず -> ずらす -> すれば -> ばいしゆんふ -> ふらふら -> らいど -> どらいぶ -> ぶんぴ -> ぴかそ -> そうにゆう -> うかぶ -> ぶつりがく -> くりえいていぶ -> ぶんぐ -> ぐんぷく -> くろまく -> くるしめる -> るり -> りくろ -> ろうじよ -> ようしや -> やむ -> むね -> ねつかちいふ -> ふいる -> るぽるたあじゆ -> ゆうやけ -> けんどう -> うちあわせる -> るああ -> あんこおる -> るみのおる -> るうきい -> いきとどく -> くずれ -> れいはい -> いちず -> ずいじ -> じゆうしゆぎ -> ぎよかいるい -> いとめる -> るいせき -> きつず -> ずし -> しつむ -> むすめ -> めんじよ
monte_carlo vs random,monte_carlo,random,D3000_seed0_monte_carlo_vs_random_0,3000,0,first,ended_with_n,48,second,random,よ,めんじよ,ようする,よ,る,る,3e-06,False,0.0,,,,,,ちいず -> ずらす -> すれば -> ばいしゆんふ -> ふらふら -> らいど -> どらいぶ -> ぶんぴ -> ぴかそ -> そうにゆう -> うかぶ -> ぶつりがく -> くりえいていぶ -> ぶんぐ -> ぐんぷく -> くろまく -> くるしめる -> るり -> りくろ -> ろうじよ -> ようしや -> やむ -> むね -> ねつかちいふ -> ふいる -> るぽるたあじゆ -> ゆうやけ -> けんどう -> うちあわせる -> るああ -> あんこおる -> るみのおる -> るうきい -> いきとどく -> くずれ -> れいはい -> いちず -> ずいじ -> じゆうしゆぎ -> ぎよかいるい -> いとめる -> るいせき -> きつず -> ずし -> しつむ -> むすめ -> めんじよ -> ようする
monte_carlo vs random,monte_carlo,random,D3000_seed0_monte_carlo_vs_random_0,3000,0,first,ended_with_n,49,first,monte_carlo,る,ようする,るいすい,る,い,い,0.000552,False,0.3,,,,,,ちいず -> ずらす -> すれば -> ばいしゆんふ -> ふらふら -> らいど -> どらいぶ -> ぶんぴ -> ぴかそ -> そうにゆう -> うかぶ -> ぶつりがく -> くりえいていぶ -> ぶんぐ -> ぐんぷく -> くろまく -> くるしめる -> るり -> りくろ -> ろうじよ -> ようしや -> やむ -> むね -> ねつかちいふ -> ふいる -> るぽるたあじゆ -> ゆうやけ -> けんどう -> うちあわせる -> るああ -> あんこおる -> るみのおる -> るうきい -> いきとどく -> くずれ -> れいはい -> いちず -> ずいじ -> じゆうしゆぎ -> ぎよかいるい -> いとめる -> るいせき -> きつず -> ずし -> しつむ -> むすめ -> めんじよ -> ようする -> るいすい
monte_carlo vs random,monte_carlo,random,D3000_seed0_monte_carlo_vs_random_0,3000,0,first,ended_with_n,50,second,random,い,るいすい,いめい,い,い,い,6e-06,False,0.0,,,,,,ちいず -> ずらす -> すれば -> ばいしゆんふ -> ふらふら -> らいど -> どらいぶ -> ぶんぴ -> ぴかそ -> そうにゆう -> うかぶ -> ぶつりがく -> くりえいていぶ -> ぶんぐ -> ぐんぷく -> くろまく -> くるしめる -> るり -> りくろ -> ろうじよ -> ようしや -> やむ -> むね -> ねつかちいふ -> ふいる -> るぽるたあじゆ -> ゆうやけ -> けんどう -> うちあわせる -> るああ -> あんこおる -> るみのおる -> るうきい -> いきとどく -> くずれ -> れいはい -> いちず -> ずいじ -> じゆうしゆぎ -> ぎよかいるい -> いとめる -> るいせき -> きつず -> ずし -> しつむ -> むすめ -> めんじよ -> ようする -> るいすい -> いめい
monte_carlo vs random,monte_carlo,random,D3000_seed0_monte_carlo_vs_random_0,3000,0,first,ended_with_n,51,first,monte_carlo,い,いめい,いからせる,い,る,る,0.008971,False,1.0,,,,,,ちいず -> ずらす -> すれば -> ばいしゆんふ -> ふらふら -> らいど -> どらいぶ -> ぶんぴ -> ぴかそ -> そうにゆう -> うかぶ -> ぶつりがく -> くりえいていぶ -> ぶんぐ -> ぐんぷく -> くろまく -> くるしめる -> るり -> りくろ -> ろうじよ -> ようしや -> やむ -> むね -> ねつかちいふ -> ふいる -> るぽるたあじゆ -> ゆうやけ -> けんどう -> うちあわせる -> るああ -> あんこおる -> るみのおる -> るうきい -> いきとどく -> くずれ -> れいはい -> いちず -> ずいじ -> じゆうしゆぎ -> ぎよかいるい -> いとめる -> るいせき -> きつず -> ずし -> しつむ -> むすめ -> めんじよ -> ようする -> るいすい -> いめい -> いからせる
monte_carlo vs random,monte_carlo,random,D3000_seed0_monte_carlo_vs_random_0,3000,0,first,ended_with_n,52,second,random,る,いからせる,るうちん,る,ん,,1e-06,False,0.0,,,,,,ちいず -> ずらす -> すれば -> ばいしゆんふ -> ふらふら -> らいど -> どらいぶ -> ぶんぴ -> ぴかそ -> そうにゆう -> うかぶ -> ぶつりがく -> くりえいていぶ -> ぶんぐ -> ぐんぷく -> くろまく -> くるしめる -> るり -> りくろ -> ろうじよ -> ようしや -> やむ -> むね -> ねつかちいふ -> ふいる -> るぽるたあじゆ -> ゆうやけ -> けんどう -> うちあわせる -> るああ -> あんこおる -> るみのおる -> るうきい -> いきとどく -> くずれ -> れいはい -> いちず -> ずいじ -> じゆうしゆぎ -> ぎよかいるい -> いとめる -> るいせき -> きつず -> ずし -> しつむ -> むすめ -> めんじよ -> ようする -> るいすい -> いめい -> いからせる -> るうちん
monte_carlo vs greedy,monte_carlo,greedy,D3000_seed0_monte_carlo_vs_greedy_0,3000,0,second,no_legal_move,1,first,monte_carlo,ANY,,ちいず,ち,ず,ず,0.084621,False,0.7,,,,,,ちいず
monte_carlo vs greedy,monte_carlo,greedy,D3000_seed0_monte_carlo_vs_greedy_0,3000,0,second,no_legal_move,2,second,greedy,ず,ちいず,ずらす,ず,す,す,3e-05,False,-1304.5,,,,,4,ちいず -> ずらす
monte_carlo vs greedy,monte_carlo,greedy,D3000_seed0_monte_carlo_vs_greedy_0,3000,0,second,no_legal_move,3,first,monte_carlo,す,ずらす,すれば,す,ば,ば,0.072251,False,0.9,,,,,,ちいず -> ずらす -> すれば
monte_carlo vs greedy,monte_carlo,greedy,D3000_seed0_monte_carlo_vs_greedy_0,3000,0,second,no_legal_move,4,second,greedy,ば,すれば,ばける,ば,る,る,0.000113,False,-173.5,,,,,32,ちいず -> ずらす -> すれば -> ばける
monte_carlo vs greedy,monte_carlo,greedy,D3000_seed0_monte_carlo_vs_greedy_0,3000,0,second,no_legal_move,5,first,monte_carlo,る,ばける,るいせき,る,き,き,0.021845,False,0.9,,,,,,ちいず -> ずらす -> すれば -> ばける -> るいせき
monte_carlo vs greedy,monte_carlo,greedy,D3000_seed0_monte_carlo_vs_greedy_0,3000,0,second,no_legal_move,6,second,greedy,き,るいせき,きつず,き,ず,ず,0.000323,False,-69.0,,,,,100,ちいず -> ずらす -> すれば -> ばける -> るいせき -> きつず
monte_carlo vs greedy,monte_carlo,greedy,D3000_seed0_monte_carlo_vs_greedy_0,3000,0,second,no_legal_move,7,first,monte_carlo,ず,きつず,ずうずうしい,ず,い,い,0.009594,False,0.71,,,,,,ちいず -> ずらす -> すれば -> ばける -> るいせき -> きつず -> ずうずうしい
monte_carlo vs greedy,monte_carlo,greedy,D3000_seed0_monte_carlo_vs_greedy_0,3000,0,second,no_legal_move,8,second,greedy,い,ずうずうしい,いちず,い,ず,ず,0.000341,False,-46.0,,,,,99,ちいず -> ずらす -> すれば -> ばける -> るいせき -> きつず -> ずうずうしい -> いちず
monte_carlo vs greedy,monte_carlo,greedy,D3000_seed0_monte_carlo_vs_greedy_0,3000,0,second,no_legal_move,9,first,monte_carlo,ず,いちず,ずし,ず,し,し,0.005708,False,0.8,,,,,,ちいず -> ずらす -> すれば -> ばける -> るいせき -> きつず -> ずうずうしい -> いちず -> ずし
monte_carlo vs greedy,monte_carlo,greedy,D3000_seed0_monte_carlo_vs_greedy_0,3000,0,second,no_legal_move,10,second,greedy,し,ずし,しゆうず,し,ず,ず,0.00056,False,-23.0,,,,,170,ちいず -> ずらす -> すれば -> ばける -> るいせき -> きつず -> ずうずうしい -> いちず -> ずし -> しゆうず
monte_carlo vs greedy,monte_carlo,greedy,D3000_seed0_monte_carlo_vs_greedy_0,3000,0,second,no_legal_move,11,first,monte_carlo,ず,しゆうず,ずいじ,ず,じ,じ,0.002792,False,0.5,,,,,,ちいず -> ずらす -> すれば -> ばける -> るいせき -> きつず -> ずうずうしい -> いちず -> ずし -> しゆうず -> ずいじ
monte_carlo vs greedy,monte_carlo,greedy,D3000_seed0_monte_carlo_vs_greedy_0,3000,0,second,no_legal_move,12,second,greedy,じ,ずいじ,じゆうる,じ,る,る,0.00035,False,-150.5,,,,,109,ちいず -> ずらす -> すれば -> ばける -> るいせき -> きつず -> ずうずうしい -> いちず -> ずし -> しゆうず -> ずいじ -> じゆうる
monte_carlo vs greedy,monte_carlo,greedy,D3000_seed0_monte_carlo_vs_greedy_0,3000,0,second,no_legal_move,13,first,monte_carlo,る,じゆうる,るみのおる,る,る,る,0.010912,False,0.8,,,,,,ちいず -> ずらす -> すれば -> ばける -> るいせき -> きつず -> ずうずうしい -> いちず -> ずし -> しゆうず -> ずいじ -> じゆうる -> るみのおる
monte_carlo vs greedy,monte_carlo,greedy,D3000_seed0_monte_carlo_vs_greedy_0,3000,0,second,no_legal_move,14,second,greedy,る,るみのおる,るぽるたあじゆ,る,ゆ,ゆ,2.6e-05,False,-587.5,,,,,6,ちいず -> ずらす -> すれば -> ばける -> るいせき -> きつず -> ずうずうしい -> いちず -> ずし -> しゆうず -> ずいじ -> じゆうる -> るみのおる -> るぽるたあじゆ
monte_carlo vs greedy,monte_carlo,greedy,D3000_seed0_monte_carlo_vs_greedy_0,3000,0,second,no_legal_move,15,first,monte_carlo,ゆ,るぽるたあじゆ,ゆきわたる,ゆ,る,る,0.038416,False,0.8,,,,,,ちいず -> ずらす -> すれば -> ばける -> るいせき -> きつず -> ずうずうしい -> いちず -> ずし -> しゆうず -> ずいじ -> じゆうる -> るみのおる -> るぽるたあじゆ -> ゆきわたる
monte_carlo vs greedy,monte_carlo,greedy,D3000_seed0_monte_carlo_vs_greedy_0,3000,0,second,no_legal_move,16,second,greedy,る,ゆきわたる,るり,る,り,り,2.6e-05,False,-1177.0,,,,,5,ちいず -> ずらす -> すれば -> ばける -> るいせき -> きつず -> ずうずうしい -> いちず -> ずし -> しゆうず -> ずいじ -> じゆうる -> るみのおる -> るぽるたあじゆ -> ゆきわたる -> るり
monte_carlo vs greedy,monte_carlo,greedy,D3000_seed0_monte_carlo_vs_greedy_0,3000,0,second,no_legal_move,17,first,monte_carlo,り,るり,りばうんど,り,ど,ど,0.031135,False,0.7,,,,,,ちいず -> ずらす -> すれば -> ばける -> るいせき -> きつず -> ずうずうしい -> いちず -> ずし -> しゆうず -> ずいじ -> じゆうる -> るみのおる -> るぽるたあじゆ -> ゆきわたる -> るり -> りばうんど
monte_carlo vs greedy,monte_carlo,greedy,D3000_seed0_monte_carlo_vs_greedy_0,3000,0,second,no_legal_move,18,second,greedy,ど,りばうんど,どうじる,ど,る,る,0.000177,False,-81.5,,,,,51,ちいず -> ずらす -> すれば -> ばける -> るいせき -> きつず -> ずうずうしい -> いちず -> ずし -> しゆうず -> ずいじ -> じゆうる -> るみのおる -> るぽるたあじゆ -> ゆきわたる -> るり -> りばうんど -> どうじる
monte_carlo vs greedy,monte_carlo,greedy,D3000_seed0_monte_carlo_vs_greedy_0,3000,0,second,no_legal_move,19,first,monte_carlo,る,どうじる,るああ,る,あ,あ,0.00343,False,0.8,,,,,,ちいず -> ずらす -> すれば -> ばける -> るいせき -> きつず -> ずうずうしい -> いちず -> ずし -> しゆうず -> ずいじ -> じゆうる -> るみのおる -> るぽるたあじゆ -> ゆきわたる -> るり -> りばうんど -> どうじる -> るああ
monte_carlo vs greedy,monte_carlo,greedy,D3000_seed0_monte_carlo_vs_greedy_0,3000,0,second,no_legal_move,20,second,greedy,あ,るああ,あいず,あ,ず,ず,0.000328,False,1000000.0,,,,,101,ちいず -> ずらす -> すれば -> ばける -> るいせき -> きつず -> ずうずうしい -> いちず -> ずし -> しゆうず -> ずいじ -> じゆうる -> るみのおる -> るぽるたあじゆ -> ゆきわたる -> るり -> りばうんど -> どうじる -> るああ -> あいず
monte_carlo vs minimax,monte_carlo,minimax,D3000_seed0_monte_carlo_vs_minimax_0,3000,0,second,ended_with_n,1,first,monte_carlo,ANY,,ちいず,ち,ず,ず,0.084322,False,0.7,,,,,,ちいず
monte_carlo vs minimax,monte_carlo,minimax,D3000_seed0_monte_carlo_vs_minimax_0,3000,0,second,ended_with_n,2,second,minimax,ず,ちいず,ずいじ,ず,じ,じ,0.231162,False,96.5,3,3,True,,4,ちいず -> ずいじ
monte_carlo vs minimax,monte_carlo,minimax,D3000_seed0_monte_carlo_vs_minimax_0,3000,0,second,ended_with_n,3,first,monte_carlo,じ,ずいじ,じゆうる,じ,る,る,0.076133,False,0.8,,,,,,ちいず -> ずいじ -> じゆうる
monte_carlo vs minimax,monte_carlo,minimax,D3000_seed0_monte_carlo_vs_minimax_0,3000,0,second,ended_with_n,4,second,minimax,る,じゆうる,るみのおる,る,る,る,0.343484,False,549.5,3,3,True,,8,ちいず -> ずいじ -> じゆうる -> るみのおる
monte_carlo vs minimax,monte_carlo,minimax,D3000_seed0_monte_carlo_vs_minimax_0,3000,0,second,ended_with_n,5,first,monte_carlo,る,るみのおる,るぽるたあじゆ,る,ゆ,ゆ,0.019274,False,0.7,,,,,,ちいず -> ずいじ -> じゆうる -> るみのおる -> るぽるたあじゆ
monte_carlo vs minimax,monte_carlo,minimax,D3000_seed0_monte_carlo_vs_minimax_0,3000,0,second,ended_with_n,6,second,minimax,ゆ,るぽるたあじゆ,ゆきわたる,ゆ,る,る,0.887687,False,1280.5,3,3,True,,20,ちいず -> ずいじ -> じゆうる -> るみのおる -> るぽるたあじゆ -> ゆきわたる
monte_carlo vs minimax,monte_carlo,minimax,D3000_seed0_monte_carlo_vs_minimax_0,3000,0,second,ended_with_n,7,first,monte_carlo,る,ゆきわたる,るいすい,る,い,い,0.012908,False,0.5,,,,,,ちいず -> ずいじ -> じゆうる -> るみのおる -> るぽるたあじゆ -> ゆきわたる -> るいすい
monte_carlo vs minimax,monte_carlo,minimax,D3000_seed0_monte_carlo_vs_minimax_0,3000,0,second,ended_with_n,8,second,minimax,い,るいすい,いからせる,い,る,る,0.530005,False,1280.5,3,3,True,,20,ちいず -> ずいじ -> じゆうる -> るみのおる -> るぽるたあじゆ -> ゆきわたる -> るいすい -> いからせる
monte_carlo vs minimax,monte_carlo,minimax,D3000_seed0_monte_carlo_vs_minimax_0,3000,0,second,ended_with_n,9,first,monte_carlo,る,いからせる,るうきい,る,い,い,0.007815,False,0.7,,,,,,ちいず -> ずいじ -> じゆうる -> るみのおる -> るぽるたあじゆ -> ゆきわたる -> るいすい -> いからせる -> るうきい
monte_carlo vs minimax,monte_carlo,minimax,D3000_seed0_monte_carlo_vs_minimax_0,3000,0,second,ended_with_n,10,second,minimax,い,るうきい,いきる,い,る,る,0.572556,False,1280.5,3,3,True,,20,ちいず -> ずいじ -> じゆうる -> るみのおる -> るぽるたあじゆ -> ゆきわたる -> るいすい -> いからせる -> るうきい -> いきる
monte_carlo vs minimax,monte_carlo,minimax,D3000_seed0_monte_carlo_vs_minimax_0,3000,0,second,ended_with_n,11,first,monte_carlo,る,いきる,るり,る,り,り,0.007103,False,0.5,,,,,,ちいず -> ずいじ -> じゆうる -> るみのおる -> るぽるたあじゆ -> ゆきわたる -> るいすい -> いからせる -> るうきい -> いきる -> るり
monte_carlo vs minimax,monte_carlo,minimax,D3000_seed0_monte_carlo_vs_minimax_0,3000,0,second,ended_with_n,12,second,minimax,り,るり,りさいたる,り,る,る,0.848903,False,2105.0,3,3,True,,20,ちいず -> ずいじ -> じゆうる -> るみのおる -> るぽるたあじゆ -> ゆきわたる -> るいすい -> いからせる -> るうきい -> いきる -> るり -> りさいたる
monte_carlo vs minimax,monte_carlo,minimax,D3000_seed0_monte_carlo_vs_minimax_0,3000,0,second,ended_with_n,13,first,monte_carlo,る,りさいたる,るああ,る,あ,あ,0.002194,False,0.8,,,,,,ちいず -> ずいじ -> じゆうる -> るみのおる -> るぽるたあじゆ -> ゆきわたる -> るいすい -> いからせる -> るうきい -> いきる -> るり -> りさいたる -> るああ
monte_carlo vs minimax,monte_carlo,minimax,D3000_seed0_monte_carlo_vs_minimax_0,3000,0,second,ended_with_n,14,second,minimax,あ,るああ,あいてどる,あ,る,る,0.198397,False,500000.0,3,3,True,,20,ちいず -> ずいじ -> じゆうる -> るみのおる -> るぽるたあじゆ -> ゆきわたる -> るいすい -> いからせる -> るうきい -> いきる -> るり -> りさいたる -> るああ -> あいてどる
monte_carlo vs minimax,monte_carlo,minimax,D3000_seed0_monte_carlo_vs_minimax_0,3000,0,second,ended_with_n,15,first,monte_carlo,る,あいてどる,るいせき,る,き,き,0.000668,False,0.6,,,,,,ちいず -> ずいじ -> じゆうる -> るみのおる -> るぽるたあじゆ -> ゆきわたる -> るいすい -> いからせる -> るうきい -> いきる -> るり -> りさいたる -> るああ -> あいてどる -> るいせき
monte_carlo vs minimax,monte_carlo,minimax,D3000_seed0_monte_carlo_vs_minimax_0,3000,0,second,ended_with_n,16,second,minimax,き,るいせき,きこえる,き,る,る,0.081819,False,1000000.0,3,3,True,,20,ちいず -> ずいじ -> じゆうる -> るみのおる -> るぽるたあじゆ -> ゆきわたる -> るいすい -> いからせる -> るうきい -> いきる -> るり -> りさいたる -> るああ -> あいてどる -> るいせき -> きこえる
monte_carlo vs minimax,monte_carlo,minimax,D3000_seed0_monte_carlo_vs_minimax_0,3000,0,second,ended_with_n,17,first,monte_carlo,る,きこえる,るうちん,る,ん,,4e-06,False,0.0,,,,,,ちいず -> ずいじ -> じゆうる -> るみのおる -> るぽるたあじゆ -> ゆきわたる -> るいすい -> いからせる -> るうきい -> いきる -> るり -> りさいたる -> るああ -> あいてどる -> るいせき -> きこえる -> るうちん
monte_carlo vs alpha_beta,monte_carlo,alpha_beta,D3000_seed0_monte_carlo_vs_alpha_beta_0,3000,0,second,no_legal_move,1,first,monte_carlo,ANY,,ちいず,ち,ず,ず,0.084461,False,0.7,,,,,,ちいず
monte_carlo vs alpha_beta,monte_carlo,alpha_beta,D3000_seed0_monte_carlo_vs_alpha_beta_0,3000,0,second,no_legal_move,2,second,alpha_beta,ず,ちいず,ずらす,ず,す,す,0.145476,False,-96.5,4,4,True,104,4,ちいず -> ずらす
monte_carlo vs alpha_beta,monte_carlo,alpha_beta,D3000_seed0_monte_carlo_vs_alpha_beta_0,3000,0,second,no_legal_move,3,first,monte_carlo,す,ずらす,すれば,す,ば,ば,0.071385,False,0.9,,,,,,ちいず -> ずらす -> すれば
monte_carlo vs alpha_beta,monte_carlo,alpha_beta,D3000_seed0_monte_carlo_vs_alpha_beta_0,3000,0,second,no_legal_move,4,second,alpha_beta,ば,すれば,ばしや,ば,や,や,0.339773,False,-96.5,4,4,True,474,20,ちいず -> ずらす -> すれば -> ばしや
monte_carlo vs alpha_beta,monte_carlo,alpha_beta,D3000_seed0_monte_carlo_vs_alpha_beta_0,3000,0,second,no_legal_move,5,first,monte_carlo,や,ばしや,やむ,や,む,む,0.069539,False,0.8,,,,,,ちいず -> ずらす -> すれば -> ばしや -> やむ
monte_carlo vs alpha_beta,monte_carlo,alpha_beta,D3000_seed0_monte_carlo_vs_alpha_beta_0,3000,0,second,no_legal_move,6,second,alpha_beta,む,やむ,むね,む,ね,ね,0.210567,False,-96.5,4,4,True,345,20,ちいず -> ずらす -> すれば -> ばしや -> やむ -> むね
monte_carlo vs alpha_beta,monte_carlo,alpha_beta,D3000_seed0_monte_carlo_vs_alpha_beta_0,3000,0,second,no_legal_move,7,first,monte_carlo,ね,むね,ねつ,ね,つ,つ,0.074347,False,0.7,,,,,,ちいず -> ずらす -> すれば -> ばしや -> やむ -> むね -> ねつ
monte_carlo vs alpha_beta,monte_carlo,alpha_beta,D3000_seed0_monte_carlo_vs_alpha_beta_0,3000,0,second,no_legal_move,8,second,alpha_beta,つ,ねつ,つばくら,つ,ら,ら,0.235332,False,-96.5,4,4,True,465,20,ちいず -> ずらす -> すれば -> ばしや -> やむ -> むね -> ねつ -> つばくら
monte_carlo vs alpha_beta,monte_carlo,alpha_beta,D3000_seed0_monte_carlo_vs_alpha_beta_0,3000,0,second,no_legal_move,9,first,monte_carlo,ら,つばくら,らいど,ら,ど,ど,0.048383,False,0.7,,,,,,ちいず -> ずらす -> すれば -> ばしや -> やむ -> むね -> ねつ -> つばくら -> らいど
monte_carlo vs alpha_beta,monte_carlo,alpha_beta,D3000_seed0_monte_carlo_vs_alpha_beta_0,3000,0,second,no_legal_move,10,second,alpha_beta,ど,らいど,どなりこむ,ど,む,む,0.29941,False,-96.5,4,4,True,510,20,ちいず -> ずらす -> すれば -> ばしや -> やむ -> むね -> ねつ -> つばくら -> らいど -> どなりこむ
monte_carlo vs alpha_beta,monte_carlo,alpha_beta,D3000_seed0_monte_carlo_vs_alpha_beta_0,3000,0,second,no_legal_move,11,first,monte_carlo,む,どなりこむ,むらさきいろ,む,ろ,ろ,0.059882,False,0.7,,,,,,ちいず -> ずらす -> すれば -> ばしや -> やむ -> むね -> ねつ -> つばくら -> らいど -> どなりこむ -> むらさきいろ
monte_carlo vs alpha_beta,monte_carlo,alpha_beta,D3000_seed0_monte_carlo_vs_alpha_beta_0,3000,0,second,no_legal_move,12,second,alpha_beta,ろ,むらさきいろ,ろせんず,ろ,ず,ず,0.111257,False,-96.5,4,4,True,257,20,ちいず -> ずらす -> すれば -> ばしや -> やむ -> むね -> ねつ -> つばくら -> らいど -> どなりこむ -> むらさきいろ -> ろせんず
monte_carlo vs alpha_beta,monte_carlo,alpha_beta,D3000_seed0_monte_carlo_vs_alpha_beta_0,3000,0,second,no_legal_move,13,first,monte_carlo,ず,ろせんず,ずし,ず,し,し,0.010462,False,0.6,,,,,,ちいず -> ずらす -> すれば -> ばしや -> やむ -> むね -> ねつ -> つばくら -> らいど -> どなりこむ -> むらさきいろ -> ろせんず -> ずし
monte_carlo vs alpha_beta,monte_carlo,alpha_beta,D3000_seed0_monte_carlo_vs_alpha_beta_0,3000,0,second,no_legal_move,14,second,alpha_beta,し,ずし,しゆうず,し,ず,ず,0.095347,False,-96.5,4,4,True,348,20,ちいず -> ずらす -> すれば -> ばしや -> やむ -> むね -> ねつ -> つばくら -> らいど -> どなりこむ -> むらさきいろ -> ろせんず -> ずし -> しゆうず
monte_carlo vs alpha_beta,monte_carlo,alpha_beta,D3000_seed0_monte_carlo_vs_alpha_beta_0,3000,0,second,no_legal_move,15,first,monte_carlo,ず,しゆうず,ずうずうしい,ず,い,い,0.006051,False,0.9,,,,,,ちいず -> ずらす -> すれば -> ばしや -> やむ -> むね -> ねつ -> つばくら -> らいど -> どなりこむ -> むらさきいろ -> ろせんず -> ずし -> しゆうず -> ずうずうしい
monte_carlo vs alpha_beta,monte_carlo,alpha_beta,D3000_seed0_monte_carlo_vs_alpha_beta_0,3000,0,second,no_legal_move,16,second,alpha_beta,い,ずうずうしい,いちず,い,ず,ず,0.093515,False,-96.5,4,4,True,291,20,ちいず -> ずらす -> すれば -> ばしや -> やむ -> むね -> ねつ -> つばくら -> らいど -> どなりこむ -> むらさきいろ -> ろせんず -> ずし -> しゆうず -> ずうずうしい -> いちず
monte_carlo vs alpha_beta,monte_carlo,alpha_beta,D3000_seed0_monte_carlo_vs_alpha_beta_0,3000,0,second,no_legal_move,17,first,monte_carlo,ず,いちず,ずいじ,ず,じ,じ,0.00246,False,0.5,,,,,,ちいず -> ずらす -> すれば -> ばしや -> やむ -> むね -> ねつ -> つばくら -> らいど -> どなりこむ -> むらさきいろ -> ろせんず -> ずし -> しゆうず -> ずうずうしい -> いちず -> ずいじ
monte_carlo vs alpha_beta,monte_carlo,alpha_beta,D3000_seed0_monte_carlo_vs_alpha_beta_0,3000,0,second,no_legal_move,18,second,alpha_beta,じ,ずいじ,じゆうしゆぎ,じ,ぎ,ぎ,0.174197,False,-96.5,4,4,True,309,20,ちいず -> ずらす -> すれば -> ばしや -> やむ -> むね -> ねつ -> つばくら -> らいど -> どなりこむ -> むらさきいろ -> ろせんず -> ずし -> しゆうず -> ずうずうしい -> いちず -> ずいじ -> じゆうしゆぎ
monte_carlo vs alpha_beta,monte_carlo,alpha_beta,D3000_seed0_monte_carlo_vs_alpha_beta_0,3000,0,second,no_legal_move,19,first,monte_carlo,ぎ,じゆうしゆぎ,ぎようざ,ぎ,ざ,ざ,0.037594,False,0.6,,,,,,ちいず -> ずらす -> すれば -> ばしや -> やむ -> むね -> ねつ -> つばくら -> らいど -> どなりこむ -> むらさきいろ -> ろせんず -> ずし -> しゆうず -> ずうずうしい -> いちず -> ずいじ -> じゆうしゆぎ -> ぎようざ
monte_carlo vs alpha_beta,monte_carlo,alpha_beta,D3000_seed0_monte_carlo_vs_alpha_beta_0,3000,0,second,no_legal_move,20,second,alpha_beta,ざ,ぎようざ,ざらざら,ざ,ら,ら,0.105294,False,-96.5,4,4,True,159,14,ちいず -> ずらす -> すれば -> ばしや -> やむ -> むね -> ねつ -> つばくら -> らいど -> どなりこむ -> むらさきいろ -> ろせんず -> ずし -> しゆうず -> ずうずうしい -> いちず -> ずいじ -> じゆうしゆぎ -> ぎようざ -> ざらざら
monte_carlo vs alpha_beta,monte_carlo,alpha_beta,D3000_seed0_monte_carlo_vs_alpha_beta_0,3000,0,second,no_legal_move,21,first,monte_carlo,ら,ざらざら,らてつくす,ら,す,す,0.030974,False,0.9,,,,,,ちいず -> ずらす -> すれば -> ばしや -> やむ -> むね -> ねつ -> つばくら -> らいど -> どなりこむ -> むらさきいろ -> ろせんず -> ずし -> しゆうず -> ずうずうしい -> いちず -> ずいじ -> じゆうしゆぎ -> ぎようざ -> ざらざら -> らてつくす
monte_carlo vs alpha_beta,monte_carlo,alpha_beta,D3000_seed0_monte_carlo_vs_alpha_beta_0,3000,0,second,no_legal_move,22,second,alpha_beta,す,らてつくす,すら,す,ら,ら,0.132852,False,-96.5,4,4,True,302,20,ちいず -> ずらす -> すれば -> ばしや -> やむ -> むね -> ねつ -> つばくら -> らいど -> どなりこむ -> むらさきいろ -> ろせんず -> ずし -> しゆうず -> ずうずうしい -> いちず -> ずいじ -> じゆうしゆぎ -> ぎようざ -> ざらざら -> らてつくす -> すら
monte_carlo vs alpha_beta,monte_carlo,alpha_beta,D3000_seed0_monte_carlo_vs_alpha_beta_0,3000,0,second,no_legal_move,23,first,monte_carlo,ら,すら,らいぶらりい,ら,い,い,0.027108,False,0.7,,,,,,ちいず -> ずらす -> すれば -> ばしや -> やむ -> むね -> ねつ -> つばくら -> らいど -> どなりこむ -> むらさきいろ -> ろせんず -> ずし -> しゆうず -> ずうずうしい -> いちず -> ずいじ -> じゆうしゆぎ -> ぎようざ -> ざらざら -> らてつくす -> すら -> らいぶらりい
monte_carlo vs alpha_beta,monte_carlo,alpha_beta,D3000_seed0_monte_carlo_vs_alpha_beta_0,3000,0,second,no_legal_move,24,second,alpha_beta,い,らいぶらりい,いくら,い,ら,ら,0.138847,False,-96.5,4,4,True,307,20,ちいず -> ずらす -> すれば -> ばしや -> やむ -> むね -> ねつ -> つばくら -> らいど -> どなりこむ -> むらさきいろ -> ろせんず -> ずし -> しゆうず -> ずうずうしい -> いちず -> ずいじ -> じゆうしゆぎ -> ぎようざ -> ざらざら -> らてつくす -> すら -> らいぶらりい -> いくら
monte_carlo vs alpha_beta,monte_carlo,alpha_beta,D3000_seed0_monte_carlo_vs_alpha_beta_0,3000,0,second,no_legal_move,25,first,monte_carlo,ら,いくら,らち,ら,ち,ち,0.023711,False,0.7,,,,,,ちいず -> ずらす -> すれば -> ばしや -> やむ -> むね -> ねつ -> つばくら -> らいど -> どなりこむ -> むらさきいろ -> ろせんず -> ずし -> しゆうず -> ずうずうしい -> いちず -> ずいじ -> じゆうしゆぎ -> ぎようざ -> ざらざら -> らてつくす -> すら -> らいぶらりい -> いくら -> らち
monte_carlo vs alpha_beta,monte_carlo,alpha_beta,D3000_seed0_monte_carlo_vs_alpha_beta_0,3000,0,second,no_legal_move,26,second,alpha_beta,ち,らち,ちんぷ,ち,ぷ,ぷ,0.205879,False,-96.5,4,4,True,413,20,ちいず -> ずらす -> すれば -> ばしや -> やむ -> むね -> ねつ -> つばくら -> らいど -> どなりこむ -> むらさきいろ -> ろせんず -> ずし -> しゆうず -> ずうずうしい -> いちず -> ずいじ -> じゆうしゆぎ -> ぎようざ -> ざらざら -> らてつくす -> すら -> らいぶらりい -> いくら -> らち -> ちんぷ
monte_carlo vs alpha_beta,monte_carlo,alpha_beta,D3000_seed0_monte_carlo_vs_alpha_beta_0,3000,0,second,no_legal_move,27,first,monte_carlo,ぷ,ちんぷ,ぷりずむ,ぷ,む,む,0.03236,False,0.7,,,,,,ちいず -> ずらす -> すれば -> ばしや -> やむ -> むね -> ねつ -> つばくら -> らいど -> どなりこむ -> むらさきいろ -> ろせんず -> ずし -> しゆうず -> ずうずうしい -> いちず -> ずいじ -> じゆうしゆぎ -> ぎようざ -> ざらざら -> らてつくす -> すら -> らいぶらりい -> いくら -> らち -> ちんぷ -> ぷりずむ
monte_carlo vs alpha_beta,monte_carlo,alpha_beta,D3000_seed0_monte_carlo_vs_alpha_beta_0,3000,0,second,no_legal_move,28,second,alpha_beta,む,ぷりずむ,むつちや,む,や,や,0.196729,False,-96.5,4,4,True,286,19,ちいず -> ずらす -> すれば -> ばしや -> やむ -> むね -> ねつ -> つばくら -> らいど -> どなりこむ -> むらさきいろ -> ろせんず -> ずし -> しゆうず -> ずうずうしい -> いちず -> ずいじ -> じゆうしゆぎ -> ぎようざ -> ざらざら -> らてつくす -> すら -> らいぶらりい -> いくら -> らち -> ちんぷ -> ぷりずむ -> むつちや
monte_carlo vs alpha_beta,monte_carlo,alpha_beta,D3000_seed0_monte_carlo_vs_alpha_beta_0,3000,0,second,no_legal_move,29,first,monte_carlo,や,むつちや,やつと,や,と,と,0.050522,False,0.8,,,,,,ちいず -> ずらす -> すれば -> ばしや -> やむ -> むね -> ねつ -> つばくら -> らいど -> どなりこむ -> むらさきいろ -> ろせんず -> ずし -> しゆうず -> ずうずうしい -> いちず -> ずいじ -> じゆうしゆぎ -> ぎようざ -> ざらざら -> らてつくす -> すら -> らいぶらりい -> いくら -> らち -> ちんぷ -> ぷりずむ -> むつちや -> やつと
monte_carlo vs alpha_beta,monte_carlo,alpha_beta,D3000_seed0_monte_carlo_vs_alpha_beta_0,3000,0,second,no_legal_move,30,second,alpha_beta,と,やつと,とむ,と,む,む,0.141676,False,-96.5,4,4,True,266,20,ちいず -> ずらす -> すれば -> ばしや -> やむ -> むね -> ねつ -> つばくら -> らいど -> どなりこむ -> むらさきいろ -> ろせんず -> ずし -> しゆうず -> ずうずうしい -> いちず -> ずいじ -> じゆうしゆぎ -> ぎようざ -> ざらざら -> らてつくす -> すら -> らいぶらりい -> いくら -> らち -> ちんぷ -> ぷりずむ -> むつちや -> やつと -> とむ
monte_carlo vs alpha_beta,monte_carlo,alpha_beta,D3000_seed0_monte_carlo_vs_alpha_beta_0,3000,0,second,no_legal_move,31,first,monte_carlo,む,とむ,むつ,む,つ,つ,0.033859,False,0.8,,,,,,ちいず -> ずらす -> すれば -> ばしや -> やむ -> むね -> ねつ -> つばくら -> らいど -> どなりこむ -> むらさきいろ -> ろせんず -> ずし -> しゆうず -> ずうずうしい -> いちず -> ずいじ -> じゆうしゆぎ -> ぎようざ -> ざらざら -> らてつくす -> すら -> らいぶらりい -> いくら -> らち -> ちんぷ -> ぷりずむ -> むつちや -> やつと -> とむ -> むつ
monte_carlo vs alpha_beta,monte_carlo,alpha_beta,D3000_seed0_monte_carlo_vs_alpha_beta_0,3000,0,second,no_legal_move,32,second,alpha_beta,つ,むつ,つまむ,つ,む,む,0.197414,False,-96.5,4,4,True,363,20,ちいず -> ずらす -> すれば -> ばしや -> やむ -> むね -> ねつ -> つばくら -> らいど -> どなりこむ -> むらさきいろ -> ろせんず -> ずし -> しゆうず -> ずうずうしい -> いちず -> ずいじ -> じゆうしゆぎ -> ぎようざ -> ざらざら -> らてつくす -> すら -> らいぶらりい -> いくら -> らち -> ちんぷ -> ぷりずむ -> むつちや -> やつと -> とむ -> むつ -> つまむ
monte_carlo vs alpha_beta,monte_carlo,alpha_beta,D3000_seed0_monte_carlo_vs_alpha_beta_0,3000,0,second,no_legal_move,33,first,monte_carlo,む,つまむ,むしよけ,む,け,け,0.034432,False,0.8,,,,,,ちいず -> ずらす -> すれば -> ばしや -> やむ -> むね -> ねつ -> つばくら -> らいど -> どなりこむ -> むらさきいろ -> ろせんず -> ずし -> しゆうず -> ずうずうしい -> いちず -> ずいじ -> じゆうしゆぎ -> ぎようざ -> ざらざら -> らてつくす -> すら -> らいぶらりい -> いくら -> らち -> ちんぷ -> ぷりずむ -> むつちや -> やつと -> とむ -> むつ -> つまむ -> むしよけ
monte_carlo vs alpha_beta,monte_carlo,alpha_beta,D3000_seed0_monte_carlo_vs_alpha_beta_0,3000,0,second,no_legal_move,34,second,alpha_beta,け,むしよけ,けむ,け,む,む,0.205548,False,-96.5,4,4,True,421,20,ちいず -> ずらす -> すれば -> ばしや -> やむ -> むね -> ねつ -> つばくら -> らいど -> どなりこむ -> むらさきいろ -> ろせんず -> ずし -> しゆうず -> ずうずうしい -> いちず -> ずいじ -> じゆうしゆぎ -> ぎようざ -> ざらざら -> らてつくす -> すら -> らいぶらりい -> いくら -> らち -> ちんぷ -> ぷりずむ -> むつちや -> やつと -> とむ -> むつ -> つまむ -> むしよけ -> けむ
monte_carlo vs alpha_beta,monte_carlo,alpha_beta,D3000_seed0_monte_carlo_vs_alpha_beta_0,3000,0,second,no_legal_move,35,first,monte_carlo,む,けむ,むくわれる,む,る,る,0.031156,False,0.6,,,,,,ちいず -> ずらす -> すれば -> ばしや -> やむ -> むね -> ねつ -> つばくら -> らいど -> どなりこむ -> むらさきいろ -> ろせんず -> ずし -> しゆうず -> ずうずうしい -> いちず -> ずいじ -> じゆうしゆぎ -> ぎようざ -> ざらざら -> らてつくす -> すら -> らいぶらりい -> いくら -> らち -> ちんぷ -> ぷりずむ -> むつちや -> やつと -> とむ -> むつ -> つまむ -> むしよけ -> けむ -> むくわれる
monte_carlo vs alpha_beta,monte_carlo,alpha_beta,D3000_seed0_monte_carlo_vs_alpha_beta_0,3000,0,second,no_legal_move,36,second,alpha_beta,る,むくわれる,るみのおる,る,る,る,0.026726,False,93.5,4,4,True,82,8,ちいず -> ずらす -> すれば -> ばしや -> やむ -> むね -> ねつ -> つばくら -> らいど -> どなりこむ -> むらさきいろ -> ろせんず -> ずし -> しゆうず -> ずうずうしい -> いちず -> ずいじ -> じゆうしゆぎ -> ぎようざ -> ざらざら -> らてつくす -> すら -> らいぶらりい -> いくら -> らち -> ちんぷ -> ぷりずむ -> むつちや -> やつと -> とむ -> むつ -> つまむ -> むしよけ -> けむ -> むくわれる -> るみのおる
monte_carlo vs alpha_beta,monte_carlo,alpha_beta,D3000_seed0_monte_carlo_vs_alpha_beta_0,3000,0,second,no_legal_move,37,first,monte_carlo,る,るみのおる,るいすい,る,い,い,0.013691,False,0.6,,,,,,ちいず -> ずらす -> すれば -> ばしや -> やむ -> むね -> ねつ -> つばくら -> らいど -> どなりこむ -> むらさきいろ -> ろせんず -> ずし -> しゆうず -> ずうずうしい -> いちず -> ずいじ -> じゆうしゆぎ -> ぎようざ -> ざらざら -> らてつくす -> すら -> らいぶらりい -> いくら -> らち -> ちんぷ -> ぷりずむ -> むつちや -> やつと -> とむ -> むつ -> つまむ -> むしよけ -> けむ -> むくわれる -> るみのおる -> るいすい
monte_carlo vs alpha_beta,monte_carlo,alpha_beta,D3000_seed0_monte_carlo_vs_alpha_beta_0,3000,0,second,no_legal_move,38,second,alpha_beta,い,るいすい,いからせる,い,る,る,0.06888,False,116.5,4,4,True,296,20,ちいず -> ずらす -> すれば -> ばしや -> やむ -> むね -> ねつ -> つばくら -> らいど -> どなりこむ -> むらさきいろ -> ろせんず -> ずし -> しゆうず -> ずうずうしい -> いちず -> ずいじ -> じゆうしゆぎ -> ぎようざ -> ざらざら -> らてつくす -> すら -> らいぶらりい -> いくら -> らち -> ちんぷ -> ぷりずむ -> むつちや -> やつと -> とむ -> むつ -> つまむ -> むしよけ -> けむ -> むくわれる -> るみのおる -> るいすい -> いからせる
monte_carlo vs alpha_beta,monte_carlo,alpha_beta,D3000_seed0_monte_carlo_vs_alpha_beta_0,3000,0,second,no_legal_move,39,first,monte_carlo,る,いからせる,るり,る,り,り,0.010415,False,0.6,,,,,,ちいず -> ずらす -> すれば -> ばしや -> やむ -> むね -> ねつ -> つばくら -> らいど -> どなりこむ -> むらさきいろ -> ろせんず -> ずし -> しゆうず -> ずうずうしい -> いちず -> ずいじ -> じゆうしゆぎ -> ぎようざ -> ざらざら -> らてつくす -> すら -> らいぶらりい -> いくら -> らち -> ちんぷ -> ぷりずむ -> むつちや -> やつと -> とむ -> むつ -> つまむ -> むしよけ -> けむ -> むくわれる -> るみのおる -> るいすい -> いからせる -> るり
monte_carlo vs alpha_beta,monte_carlo,alpha_beta,D3000_seed0_monte_carlo_vs_alpha_beta_0,3000,0,second,no_legal_move,40,second,alpha_beta,り,るり,りさいたる,り,る,る,0.044456,False,139.5,4,4,True,183,20,ちいず -> ずらす -> すれば -> ばしや -> やむ -> むね -> ねつ -> つばくら -> らいど -> どなりこむ -> むらさきいろ -> ろせんず -> ずし -> しゆうず -> ずうずうしい -> いちず -> ずいじ -> じゆうしゆぎ -> ぎようざ -> ざらざら -> らてつくす -> すら -> らいぶらりい -> いくら -> らち -> ちんぷ -> ぷりずむ -> むつちや -> やつと -> とむ -> むつ -> つまむ -> むしよけ -> けむ -> むくわれる -> るみのおる -> るいすい -> いからせる -> るり -> りさいたる
monte_carlo vs alpha_beta,monte_carlo,alpha_beta,D3000_seed0_monte_carlo_vs_alpha_beta_0,3000,0,second,no_legal_move,41,first,monte_carlo,る,りさいたる,るぽるたあじゆ,る,ゆ,ゆ,0.007349,False,0.6,,,,,,ちいず -> ずらす -> すれば -> ばしや -> やむ -> むね -> ねつ -> つばくら -> らいど -> どなりこむ -> むらさきいろ -> ろせんず -> ずし -> しゆうず -> ずうずうしい -> いちず -> ずいじ -> じゆうしゆぎ -> ぎようざ -> ざらざら -> らてつくす -> すら -> らいぶらりい -> いくら -> らち -> ちんぷ -> ぷりずむ -> むつちや -> やつと -> とむ -> むつ -> つまむ -> むしよけ -> けむ -> むくわれる -> るみのおる -> るいすい -> いからせる -> るり -> りさいたる -> るぽるたあじゆ
monte_carlo vs alpha_beta,monte_carlo,alpha_beta,D3000_seed0_monte_carlo_vs_alpha_beta_0,3000,0,second,no_legal_move,42,second,alpha_beta,ゆ,るぽるたあじゆ,ゆきわたる,ゆ,る,る,0.011979,False,1000000.0,4,4,True,50,20,ちいず -> ずらす -> すれば -> ばしや -> やむ -> むね -> ねつ -> つばくら -> らいど -> どなりこむ -> むらさきいろ -> ろせんず -> ずし -> しゆうず -> ずうずうしい -> いちず -> ずいじ -> じゆうしゆぎ -> ぎようざ -> ざらざら -> らてつくす -> すら -> らいぶらりい -> いくら -> らち -> ちんぷ -> ぷりずむ -> むつちや -> やつと -> とむ -> むつ -> つまむ -> むしよけ -> けむ -> むくわれる -> るみのおる -> るいすい -> いからせる -> るり -> りさいたる -> るぽるたあじゆ -> ゆきわたる
monte_carlo vs alpha_beta,monte_carlo,alpha_beta,D3000_seed0_monte_carlo_vs_alpha_beta_0,3000,0,second,no_legal_move,43,first,monte_carlo,る,ゆきわたる,るいせき,る,き,き,0.00446,False,0.4,,,,,,ちいず -> ずらす -> すれば -> ばしや -> やむ -> むね -> ねつ -> つばくら -> らいど -> どなりこむ -> むらさきいろ -> ろせんず -> ずし -> しゆうず -> ずうずうしい -> いちず -> ずいじ -> じゆうしゆぎ -> ぎようざ -> ざらざら -> らてつくす -> すら -> らいぶらりい -> いくら -> らち -> ちんぷ -> ぷりずむ -> むつちや -> やつと -> とむ -> むつ -> つまむ -> むしよけ -> けむ -> むくわれる -> るみのおる -> るいすい -> いからせる -> るり -> りさいたる -> るぽるたあじゆ -> ゆきわたる -> るいせき
monte_carlo vs alpha_beta,monte_carlo,alpha_beta,D3000_seed0_monte_carlo_vs_alpha_beta_0,3000,0,second,no_legal_move,44,second,alpha_beta,き,るいせき,きつず,き,ず,ず,0.008516,False,1000000.0,4,4,True,51,20,ちいず -> ずらす -> すれば -> ばしや -> やむ -> むね -> ねつ -> つばくら -> らいど -> どなりこむ -> むらさきいろ -> ろせんず -> ずし -> しゆうず -> ずうずうしい -> いちず -> ずいじ -> じゆうしゆぎ -> ぎようざ -> ざらざら -> らてつくす -> すら -> らいぶらりい -> いくら -> らち -> ちんぷ -> ぷりずむ -> むつちや -> やつと -> とむ -> むつ -> つまむ -> むしよけ -> けむ -> むくわれる -> るみのおる -> るいすい -> いからせる -> るり -> りさいたる -> るぽるたあじゆ -> ゆきわたる -> るいせき -> きつず
alpha_beta vs random,alpha_beta,random,D3000_seed0_alpha_beta_vs_random_0,3000,0,first,ended_with_n,1,first,alpha_beta,ANY,,おぺ,お,ぺ,ぺ,0.216039,False,-96.5,4,4,True,772,20,おぺ
alpha_beta vs random,alpha_beta,random,D3000_seed0_alpha_beta_vs_random_0,3000,0,first,ended_with_n,2,second,random,ぺ,おぺ,ぺえじ,ぺ,じ,じ,4e-06,False,0.0,,,,,,おぺ -> ぺえじ
alpha_beta vs random,alpha_beta,random,D3000_seed0_alpha_beta_vs_random_0,3000,0,first,ended_with_n,3,first,alpha_beta,じ,ぺえじ,じゆうしゆぎ,じ,ぎ,ぎ,0.16322,False,-96.5,4,4,True,271,20,おぺ -> ぺえじ -> じゆうしゆぎ
alpha_beta vs random,alpha_beta,random,D3000_seed0_alpha_beta_vs_random_0,3000,0,first,ended_with_n,4,second,random,ぎ,じゆうしゆぎ,ぎけつ,ぎ,つ,つ,3e-06,False,0.0,,,,,,おぺ -> ぺえじ -> じゆうしゆぎ -> ぎけつ
alpha_beta vs random,alpha_beta,random,D3000_seed0_alpha_beta_vs_random_0,3000,0,first,ended_with_n,5,first,alpha_beta,つ,ぎけつ,つばくら,つ,ら,ら,0.233305,False,-96.5,4,4,True,462,20,おぺ -> ぺえじ -> じゆうしゆぎ -> ぎけつ -> つばくら
alpha_beta vs random,alpha_beta,random,D3000_seed0_alpha_beta_vs_random_0,3000,0,first,ended_with_n,6,second,random,ら,つばくら,らいど,ら,ど,ど,3e-06,False,0.0,,,,,,おぺ -> ぺえじ -> じゆうしゆぎ -> ぎけつ -> つばくら -> らいど
alpha_beta vs random,alpha_beta,random,D3000_seed0_alpha_beta_vs_random_0,3000,0,first,ended_with_n,7,first,alpha_beta,ど,らいど,どなりこむ,ど,む,む,0.309667,False,-96.5,4,4,True,518,20,おぺ -> ぺえじ -> じゆうしゆぎ -> ぎけつ -> つばくら -> らいど -> どなりこむ
alpha_beta vs random,alpha_beta,random,D3000_seed0_alpha_beta_vs_random_0,3000,0,first,ended_with_n,8,second,random,む,どなりこむ,むくわれる,む,る,る,4e-06,False,0.0,,,,,,おぺ -> ぺえじ -> じゆうしゆぎ -> ぎけつ -> つばくら -> らいど -> どなりこむ -> むくわれる
alpha_beta vs random,alpha_beta,random,D3000_seed0_alpha_beta_vs_random_0,3000,0,first,ended_with_n,9,first,alpha_beta,る,むくわれる,るみのおる,る,る,る,0.033926,False,93.5,4,4,True,91,8,おぺ -> ぺえじ -> じゆうしゆぎ -> ぎけつ -> つばくら -> らいど -> どなりこむ -> むくわれる -> るみのおる
alpha_beta vs random,alpha_beta,random,D3000_seed0_alpha_beta_vs_random_0,3000,0,first,ended_with_n,10,second,random,る,るみのおる,るり,る,り,り,2e-06,False,0.0,,,,,,おぺ -> ぺえじ -> じゆうしゆぎ -> ぎけつ -> つばくら -> らいど -> どなりこむ -> むくわれる -> るみのおる -> るり
alpha_beta vs random,alpha_beta,random,D3000_seed0_alpha_beta_vs_random_0,3000,0,first,ended_with_n,11,first,alpha_beta,り,るり,りさいたる,り,る,る,0.057752,False,317.5,4,4,True,202,20,おぺ -> ぺえじ -> じゆうしゆぎ -> ぎけつ -> つばくら -> らいど -> どなりこむ -> むくわれる -> るみのおる -> るり -> りさいたる
alpha_beta vs random,alpha_beta,random,D3000_seed0_alpha_beta_vs_random_0,3000,0,first,ended_with_n,12,second,random,る,りさいたる,るいせき,る,き,き,2e-06,False,0.0,,,,,,おぺ -> ぺえじ -> じゆうしゆぎ -> ぎけつ -> つばくら -> らいど -> どなりこむ -> むくわれる -> るみのおる -> るり -> りさいたる -> るいせき
alpha_beta vs random,alpha_beta,random,D3000_seed0_alpha_beta_vs_random_0,3000,0,first,ended_with_n,13,first,alpha_beta,き,るいせき,きこえる,き,る,る,0.071754,False,340.5,4,4,True,277,20,おぺ -> ぺえじ -> じゆうしゆぎ -> ぎけつ -> つばくら -> らいど -> どなりこむ -> むくわれる -> るみのおる -> るり -> りさいたる -> るいせき -> きこえる
alpha_beta vs random,alpha_beta,random,D3000_seed0_alpha_beta_vs_random_0,3000,0,first,ended_with_n,14,second,random,る,きこえる,るああ,る,あ,あ,4e-06,False,0.0,,,,,,おぺ -> ぺえじ -> じゆうしゆぎ -> ぎけつ -> つばくら -> らいど -> どなりこむ -> むくわれる -> るみのおる -> るり -> りさいたる -> るいせき -> きこえる -> るああ
alpha_beta vs random,alpha_beta,random,D3000_seed0_alpha_beta_vs_random_0,3000,0,first,ended_with_n,15,first,alpha_beta,あ,るああ,あいてどる,あ,る,る,0.118119,False,363.5,4,4,True,621,20,おぺ -> ぺえじ -> じゆうしゆぎ -> ぎけつ -> つばくら -> らいど -> どなりこむ -> むくわれる -> るみのおる -> るり -> りさいたる -> るいせき -> きこえる -> るああ -> あいてどる
alpha_beta vs random,alpha_beta,random,D3000_seed0_alpha_beta_vs_random_0,3000,0,first,ended_with_n,16,second,random,る,あいてどる,るぽるたあじゆ,る,ゆ,ゆ,4e-06,False,0.0,,,,,,おぺ -> ぺえじ -> じゆうしゆぎ -> ぎけつ -> つばくら -> らいど -> どなりこむ -> むくわれる -> るみのおる -> るり -> りさいたる -> るいせき -> きこえる -> るああ -> あいてどる -> るぽるたあじゆ
alpha_beta vs random,alpha_beta,random,D3000_seed0_alpha_beta_vs_random_0,3000,0,first,ended_with_n,17,first,alpha_beta,ゆ,るぽるたあじゆ,ゆきわたる,ゆ,る,る,0.033927,False,601.5,4,4,True,130,20,おぺ -> ぺえじ -> じゆうしゆぎ -> ぎけつ -> つばくら -> らいど -> どなりこむ -> むくわれる -> るみのおる -> るり -> りさいたる -> るいせき -> きこえる -> るああ -> あいてどる -> るぽるたあじゆ -> ゆきわたる
alpha_beta vs random,alpha_beta,random,D3000_seed0_alpha_beta_vs_random_0,3000,0,first,ended_with_n,18,second,random,る,ゆきわたる,るうきい,る,い,い,2e-06,False,0.0,,,,,,おぺ -> ぺえじ -> じゆうしゆぎ -> ぎけつ -> つばくら -> らいど -> どなりこむ -> むくわれる -> るみのおる -> るり -> りさいたる -> るいせき -> きこえる -> るああ -> あいてどる -> るぽるたあじゆ -> ゆきわたる -> るうきい
alpha_beta vs random,alpha_beta,random,D3000_seed0_alpha_beta_vs_random_0,3000,0,first,ended_with_n,19,first,alpha_beta,い,るうきい,いからせる,い,る,る,0.007891,False,1000000.0,4,4,True,58,20,おぺ -> ぺえじ -> じゆうしゆぎ -> ぎけつ -> つばくら -> らいど -> どなりこむ -> むくわれる -> るみのおる -> るり -> りさいたる -> るいせき -> きこえる -> るああ -> あいてどる -> るぽるたあじゆ -> ゆきわたる -> るうきい -> いからせる
alpha_beta vs random,alpha_beta,random,D3000_seed0_alpha_beta_vs_random_0,3000,0,first,ended_with_n,20,second,random,る,いからせる,るいすい,る,い,い,1e-06,False,0.0,,,,,,おぺ -> ぺえじ -> じゆうしゆぎ -> ぎけつ -> つばくら -> らいど -> どなりこむ -> むくわれる -> るみのおる -> るり -> りさいたる -> るいせき -> きこえる -> るああ -> あいてどる -> るぽるたあじゆ -> ゆきわたる -> るうきい -> いからせる -> るいすい
alpha_beta vs random,alpha_beta,random,D3000_seed0_alpha_beta_vs_random_0,3000,0,first,ended_with_n,21,first,alpha_beta,い,るいすい,いきる,い,る,る,0.002647,False,1000000.0,4,4,True,42,20,おぺ -> ぺえじ -> じゆうしゆぎ -> ぎけつ -> つばくら -> らいど -> どなりこむ -> むくわれる -> るみのおる -> るり -> りさいたる -> るいせき -> きこえる -> るああ -> あいてどる -> るぽるたあじゆ -> ゆきわたる -> るうきい -> いからせる -> るいすい -> いきる
alpha_beta vs random,alpha_beta,random,D3000_seed0_alpha_beta_vs_random_0,3000,0,first,ended_with_n,22,second,random,る,いきる,るうちん,る,ん,,1e-06,False,0.0,,,,,,おぺ -> ぺえじ -> じゆうしゆぎ -> ぎけつ -> つばくら -> らいど -> どなりこむ -> むくわれる -> るみのおる -> るり -> りさいたる -> るいせき -> きこえる -> るああ -> あいてどる -> るぽるたあじゆ -> ゆきわたる -> るうきい -> いからせる -> るいすい -> いきる -> るうちん
alpha_beta vs greedy,alpha_beta,greedy,D3000_seed0_alpha_beta_vs_greedy_0,3000,0,first,ended_with_n,1,first,alpha_beta,ANY,,おぺ,お,ぺ,ぺ,0.20832,False,-96.5,4,4,True,772,20,おぺ
alpha_beta vs greedy,alpha_beta,greedy,D3000_seed0_alpha_beta_vs_greedy_0,3000,0,first,ended_with_n,2,second,greedy,ぺ,おぺ,ぺなんと,ぺ,と,と,1.8e-05,False,-1271.0,,,,,4,おぺ -> ぺなんと
alpha_beta vs greedy,alpha_beta,greedy,D3000_seed0_alpha_beta_vs_greedy_0,3000,0,first,ended_with_n,3,first,alpha_beta,と,ぺなんと,とむ,と,む,む,0.190408,False,-96.5,4,4,True,274,20,おぺ -> ぺなんと -> とむ
alpha_beta vs greedy,alpha_beta,greedy,D3000_seed0_alpha_beta_vs_greedy_0,3000,0,first,ended_with_n,4,second,greedy,む,とむ,むくわれる,む,る,る,5.5e-05,False,-173.5,,,,,21,おぺ -> ぺなんと -> とむ -> むくわれる
alpha_beta vs greedy,alpha_beta,greedy,D3000_seed0_alpha_beta_vs_greedy_0,3000,0,first,ended_with_n,5,first,alpha_beta,る,むくわれる,るみのおる,る,る,る,0.034417,False,93.5,4,4,True,91,8,おぺ -> ぺなんと -> とむ -> むくわれる -> るみのおる
alpha_beta vs greedy,alpha_beta,greedy,D3000_seed0_alpha_beta_vs_greedy_0,3000,0,first,ended_with_n,6,second,greedy,る,るみのおる,るぽるたあじゆ,る,ゆ,ゆ,3.2e-05,False,-587.5,,,,,7,おぺ -> ぺなんと -> とむ -> むくわれる -> るみのおる -> るぽるたあじゆ
alpha_beta vs greedy,alpha_beta,greedy,D3000_seed0_alpha_beta_vs_greedy_0,3000,0,first,ended_with_n,7,first,alpha_beta,ゆ,るぽるたあじゆ,ゆきわたる,ゆ,る,る,0.059051,False,317.5,4,4,True,189,20,おぺ -> ぺなんと -> とむ -> むくわれる -> るみのおる -> るぽるたあじゆ -> ゆきわたる
alpha_beta vs greedy,alpha_beta,greedy,D3000_seed0_alpha_beta_vs_greedy_0,3000,0,first,ended_with_n,8,second,greedy,る,ゆきわたる,るり,る,り,り,3.1e-05,False,-1177.0,,,,,6,おぺ -> ぺなんと -> とむ -> むくわれる -> るみのおる -> るぽるたあじゆ -> ゆきわたる -> るり
alpha_beta vs greedy,alpha_beta,greedy,D3000_seed0_alpha_beta_vs_greedy_0,3000,0,first,ended_with_n,9,first,alpha_beta,り,るり,りさいたる,り,る,る,0.046797,False,555.5,4,4,True,162,20,おぺ -> ぺなんと -> とむ -> むくわれる -> るみのおる -> るぽるたあじゆ -> ゆきわたる -> るり -> りさいたる
alpha_beta vs greedy,alpha_beta,greedy,D3000_seed0_alpha_beta_vs_greedy_0,3000,0,first,ended_with_n,10,second,greedy,る,りさいたる,るうきい,る,い,い,2.5e-05,False,-2098.5,,,,,5,おぺ -> ぺなんと -> とむ -> むくわれる -> るみのおる -> るぽるたあじゆ -> ゆきわたる -> るり -> りさいたる -> るうきい
alpha_beta vs greedy,alpha_beta,greedy,D3000_seed0_alpha_beta_vs_greedy_0,3000,0,first,ended_with_n,11,first,alpha_beta,い,るうきい,いからせる,い,る,る,0.0677,False,578.5,4,4,True,329,20,おぺ -> ぺなんと -> とむ -> むくわれる -> るみのおる -> るぽるたあじゆ -> ゆきわたる -> るり -> りさいたる -> るうきい -> いからせる
alpha_beta vs greedy,alpha_beta,greedy,D3000_seed0_alpha_beta_vs_greedy_0,3000,0,first,ended_with_n,12,second,greedy,る,いからせる,るいすい,る,い,い,2e-05,False,-2075.5,,,,,4,おぺ -> ぺなんと -> とむ -> むくわれる -> るみのおる -> るぽるたあじゆ -> ゆきわたる -> るり -> りさいたる -> るうきい -> いからせる -> るいすい
alpha_beta vs greedy,alpha_beta,greedy,D3000_seed0_alpha_beta_vs_greedy_0,3000,0,first,ended_with_n,13,first,alpha_beta,い,るいすい,いきる,い,る,る,0.061871,False,607.5,4,4,True,283,20,おぺ -> ぺなんと -> とむ -> むくわれる -> るみのおる -> るぽるたあじゆ -> ゆきわたる -> るり -> りさいたる -> るうきい -> いからせる -> るいすい -> いきる
alpha_beta vs greedy,alpha_beta,greedy,D3000_seed0_alpha_beta_vs_greedy_0,3000,0,first,ended_with_n,14,second,greedy,る,いきる,るいせき,る,き,き,1.4e-05,False,-2111.0,,,,,3,おぺ -> ぺなんと -> とむ -> むくわれる -> るみのおる -> るぽるたあじゆ -> ゆきわたる -> るり -> りさいたる -> るうきい -> いからせる -> るいすい -> いきる -> るいせき
alpha_beta vs greedy,alpha_beta,greedy,D3000_seed0_alpha_beta_vs_greedy_0,3000,0,first,ended_with_n,15,first,alpha_beta,き,るいせき,きこえる,き,る,る,0.008662,False,1000000.0,4,4,True,58,20,おぺ -> ぺなんと -> とむ -> むくわれる -> るみのおる -> るぽるたあじゆ -> ゆきわたる -> るり -> りさいたる -> るうきい -> いからせる -> るいすい -> いきる -> るいせき -> きこえる
alpha_beta vs greedy,alpha_beta,greedy,D3000_seed0_alpha_beta_vs_greedy_0,3000,0,first,ended_with_n,16,second,greedy,る,きこえる,るああ,る,あ,あ,8e-06,False,-2249.5,,,,,2,おぺ -> ぺなんと -> とむ -> むくわれる -> るみのおる -> るぽるたあじゆ -> ゆきわたる -> るり -> りさいたる -> るうきい -> いからせる -> るいすい -> いきる -> るいせき -> きこえる -> るああ
alpha_beta vs greedy,alpha_beta,greedy,D3000_seed0_alpha_beta_vs_greedy_0,3000,0,first,ended_with_n,17,first,alpha_beta,あ,るああ,あいてどる,あ,る,る,0.001492,False,1000000.0,4,4,True,34,20,おぺ -> ぺなんと -> とむ -> むくわれる -> るみのおる -> るぽるたあじゆ -> ゆきわたる -> るり -> りさいたる -> るうきい -> いからせる -> るいすい -> いきる -> るいせき -> きこえる -> るああ -> あいてどる
alpha_beta vs greedy,alpha_beta,greedy,D3000_seed0_alpha_beta_vs_greedy_0,3000,0,first,ended_with_n,18,second,greedy,る,あいてどる,るうちん,る,ん,,1e-06,False,-1000000.0,,,,,1,おぺ -> ぺなんと -> とむ -> むくわれる -> るみのおる -> るぽるたあじゆ -> ゆきわたる -> るり -> りさいたる -> るうきい -> いからせる -> るいすい -> いきる -> るいせき -> きこえる -> るああ -> あいてどる -> るうちん
alpha_beta vs minimax,alpha_beta,minimax,D3000_seed0_alpha_beta_vs_minimax_0,3000,0,first,ended_with_n,1,first,alpha_beta,ANY,,おぺ,お,ぺ,ぺ,0.207586,False,-96.5,4,4,True,772,20,おぺ
alpha_beta vs minimax,alpha_beta,minimax,D3000_seed0_alpha_beta_vs_minimax_0,3000,0,first,ended_with_n,2,second,minimax,ぺ,おぺ,ぺなんと,ぺ,と,と,0.152909,False,96.5,3,3,True,,4,おぺ -> ぺなんと
alpha_beta vs minimax,alpha_beta,minimax,D3000_seed0_alpha_beta_vs_minimax_0,3000,0,first,ended_with_n,3,first,alpha_beta,と,ぺなんと,とむ,と,む,む,0.193474,False,-96.5,4,4,True,274,20,おぺ -> ぺなんと -> とむ
alpha_beta vs minimax,alpha_beta,minimax,D3000_seed0_alpha_beta_vs_minimax_0,3000,0,first,ended_with_n,4,second,minimax,む,とむ,むね,む,ね,ね,0.79231,False,96.5,3,3,True,,20,おぺ -> ぺなんと -> とむ -> むね
alpha_beta vs minimax,alpha_beta,minimax,D3000_seed0_alpha_beta_vs_minimax_0,3000,0,first,ended_with_n,5,first,alpha_beta,ね,むね,ねたむ,ね,む,む,0.194449,False,-96.5,4,4,True,304,20,おぺ -> ぺなんと -> とむ -> むね -> ねたむ
alpha_beta vs minimax,alpha_beta,minimax,D3000_seed0_alpha_beta_vs_minimax_0,3000,0,first,ended_with_n,6,second,minimax,む,ねたむ,むつちや,む,や,や,0.739264,False,96.5,3,3,True,,20,おぺ -> ぺなんと -> とむ -> むね -> ねたむ -> むつちや
alpha_beta vs minimax,alpha_beta,minimax,D3000_seed0_alpha_beta_vs_minimax_0,3000,0,first,ended_with_n,7,first,alpha_beta,や,むつちや,やむ,や,む,む,0.249616,False,-96.5,4,4,True,450,20,おぺ -> ぺなんと -> とむ -> むね -> ねたむ -> むつちや -> やむ
alpha_beta vs minimax,alpha_beta,minimax,D3000_seed0_alpha_beta_vs_minimax_0,3000,0,first,ended_with_n,8,second,minimax,む,やむ,むすめ,む,め,め,0.68948,False,96.5,3,3,True,,19,おぺ -> ぺなんと -> とむ -> むね -> ねたむ -> むつちや -> やむ -> むすめ
alpha_beta vs minimax,alpha_beta,minimax,D3000_seed0_alpha_beta_vs_minimax_0,3000,0,first,ended_with_n,9,first,alpha_beta,め,むすめ,めが,め,が,が,0.205525,False,-96.5,4,4,True,324,20,おぺ -> ぺなんと -> とむ -> むね -> ねたむ -> むつちや -> やむ -> むすめ -> めが
alpha_beta vs minimax,alpha_beta,minimax,D3000_seed0_alpha_beta_vs_minimax_0,3000,0,first,ended_with_n,10,second,minimax,が,めが,がいせんしや,が,や,や,0.883211,False,96.5,3,3,True,,20,おぺ -> ぺなんと -> とむ -> むね -> ねたむ -> むつちや -> やむ -> むすめ -> めが -> がいせんしや
alpha_beta vs minimax,alpha_beta,minimax,D3000_seed0_alpha_beta_vs_minimax_0,3000,0,first,ended_with_n,11,first,alpha_beta,や,がいせんしや,やね,や,ね,ね,0.245307,False,-96.5,4,4,True,422,20,おぺ -> ぺなんと -> とむ -> むね -> ねたむ -> むつちや -> やむ -> むすめ -> めが -> がいせんしや -> やね
alpha_beta vs minimax,alpha_beta,minimax,D3000_seed0_alpha_beta_vs_minimax_0,3000,0,first,ended_with_n,12,second,minimax,ね,やね,ねあげ,ね,げ,げ,0.9398,False,96.5,3,3,True,,20,おぺ -> ぺなんと -> とむ -> むね -> ねたむ -> むつちや -> やむ -> むすめ -> めが -> がいせんしや -> やね -> ねあげ
alpha_beta vs minimax,alpha_beta,minimax,D3000_seed0_alpha_beta_vs_minimax_0,3000,0,first,ended_with_n,13,first,alpha_beta,げ,ねあげ,げしゆたぽ,げ,ぽ,ぽ,0.168987,False,-96.5,4,4,True,322,20,おぺ -> ぺなんと -> とむ -> むね -> ねたむ -> むつちや -> やむ -> むすめ -> めが -> がいせんしや -> やね -> ねあげ -> げしゆたぽ
alpha_beta vs minimax,alpha_beta,minimax,D3000_seed0_alpha_beta_vs_minimax_0,3000,0,first,ended_with_n,14,second,minimax,ぽ,げしゆたぽ,ぽりいぷ,ぽ,ぷ,ぷ,0.287518,False,96.5,3,3,True,,7,おぺ -> ぺなんと -> とむ -> むね -> ねたむ -> むつちや -> やむ -> むすめ -> めが -> がいせんしや -> やね -> ねあげ -> げしゆたぽ -> ぽりいぷ
alpha_beta vs minimax,alpha_beta,minimax,D3000_seed0_alpha_beta_vs_minimax_0,3000,0,first,ended_with_n,15,first,alpha_beta,ぷ,ぽりいぷ,ぷりずむ,ぷ,む,む,0.185005,False,-96.5,4,4,True,276,15,おぺ -> ぺなんと -> とむ -> むね -> ねたむ -> むつちや -> やむ -> むすめ -> めが -> がいせんしや -> やね -> ねあげ -> げしゆたぽ -> ぽりいぷ -> ぷりずむ
alpha_beta vs minimax,alpha_beta,minimax,D3000_seed0_alpha_beta_vs_minimax_0,3000,0,first,ended_with_n,16,second,minimax,む,ぷりずむ,むしば,む,ば,ば,0.629974,False,96.5,3,3,True,,18,おぺ -> ぺなんと -> とむ -> むね -> ねたむ -> むつちや -> やむ -> むすめ -> めが -> がいせんしや -> やね -> ねあげ -> げしゆたぽ -> ぽりいぷ -> ぷりずむ -> むしば
alpha_beta vs minimax,alpha_beta,minimax,D3000_seed0_alpha_beta_vs_minimax_0,3000,0,first,ended_with_n,17,first,alpha_beta,ば,むしば,ばしや,ば,や,や,0.26517,False,-96.5,4,4,True,395,20,おぺ -> ぺなんと -> とむ -> むね -> ねたむ -> むつちや -> やむ -> むすめ -> めが -> がいせんしや -> やね -> ねあげ -> げしゆたぽ -> ぽりいぷ -> ぷりずむ -> むしば -> ばしや
alpha_beta vs minimax,alpha_beta,minimax,D3000_seed0_alpha_beta_vs_minimax_0,3000,0,first,ended_with_n,18,second,minimax,や,ばしや,やくめ,や,め,め,0.920271,False,96.5,3,3,True,,20,おぺ -> ぺなんと -> とむ -> むね -> ねたむ -> むつちや -> やむ -> むすめ -> めが -> がいせんしや -> やね -> ねあげ -> げしゆたぽ -> ぽりいぷ -> ぷりずむ -> むしば -> ばしや -> やくめ
alpha_beta vs minimax,alpha_beta,minimax,D3000_seed0_alpha_beta_vs_minimax_0,3000,0,first,ended_with_n,19,first,alpha_beta,め,やくめ,めつちやくちや,め,や,や,0.186296,False,-96.5,4,4,True,299,20,おぺ -> ぺなんと -> とむ -> むね -> ねたむ -> むつちや -> やむ -> むすめ -> めが -> がいせんしや -> やね -> ねあげ -> げしゆたぽ -> ぽりいぷ -> ぷりずむ -> むしば -> ばしや -> やくめ -> めつちやくちや
alpha_beta vs minimax,alpha_beta,minimax,D3000_seed0_alpha_beta_vs_minimax_0,3000,0,first,ended_with_n,20,second,minimax,や,めつちやくちや,やすもの,や,の,の,0.931893,False,96.5,3,3,True,,20,おぺ -> ぺなんと -> とむ -> むね -> ねたむ -> むつちや -> やむ -> むすめ -> めが -> がいせんしや -> やね -> ねあげ -> げしゆたぽ -> ぽりいぷ -> ぷりずむ -> むしば -> ばしや -> やくめ -> めつちやくちや -> やすもの
alpha_beta vs minimax,alpha_beta,minimax,D3000_seed0_alpha_beta_vs_minimax_0,3000,0,first,ended_with_n,21,first,alpha_beta,の,やすもの,のぞむ,の,む,む,0.221073,False,-96.5,4,4,True,393,20,おぺ -> ぺなんと -> とむ -> むね -> ねたむ -> むつちや -> やむ -> むすめ -> めが -> がいせんしや -> やね -> ねあげ -> げしゆたぽ -> ぽりいぷ -> ぷりずむ -> むしば -> ばしや -> やくめ -> めつちやくちや -> やすもの -> のぞむ
alpha_beta vs minimax,alpha_beta,minimax,D3000_seed0_alpha_beta_vs_minimax_0,3000,0,first,ended_with_n,22,second,minimax,む,のぞむ,むしよけ,む,け,け,0.608571,False,96.5,3,3,True,,17,おぺ -> ぺなんと -> とむ -> むね -> ねたむ -> むつちや -> やむ -> むすめ -> めが -> がいせんしや -> やね -> ねあげ -> げしゆたぽ -> ぽりいぷ -> ぷりずむ -> むしば -> ばしや -> やくめ -> めつちやくちや -> やすもの -> のぞむ -> むしよけ
alpha_beta vs minimax,alpha_beta,minimax,D3000_seed0_alpha_beta_vs_minimax_0,3000,0,first,ended_with_n,23,first,alpha_beta,け,むしよけ,けむ,け,む,む,0.260793,False,-96.5,4,4,True,523,20,おぺ -> ぺなんと -> とむ -> むね -> ねたむ -> むつちや -> やむ -> むすめ -> めが -> がいせんしや -> やね -> ねあげ -> げしゆたぽ -> ぽりいぷ -> ぷりずむ -> むしば -> ばしや -> やくめ -> めつちやくちや -> やすもの -> のぞむ -> むしよけ -> けむ
alpha_beta vs minimax,alpha_beta,minimax,D3000_seed0_alpha_beta_vs_minimax_0,3000,0,first,ended_with_n,24,second,minimax,む,けむ,むらびと,む,と,と,0.548964,False,96.5,3,3,True,,16,おぺ -> ぺなんと -> とむ -> むね -> ねたむ -> むつちや -> やむ -> むすめ -> めが -> がいせんしや -> やね -> ねあげ -> げしゆたぽ -> ぽりいぷ -> ぷりずむ -> むしば -> ばしや -> やくめ -> めつちやくちや -> やすもの -> のぞむ -> むしよけ -> けむ -> むらびと
alpha_beta vs minimax,alpha_beta,minimax,D3000_seed0_alpha_beta_vs_minimax_0,3000,0,first,ended_with_n,25,first,alpha_beta,と,むらびと,とりたて,と,て,て,0.3082,False,-96.5,4,4,True,389,20,おぺ -> ぺなんと -> とむ -> むね -> ねたむ -> むつちや -> やむ -> むすめ -> めが -> がいせんしや -> やね -> ねあげ -> げしゆたぽ -> ぽりいぷ -> ぷりずむ -> むしば -> ばしや -> やくめ -> めつちやくちや -> やすもの -> のぞむ -> むしよけ -> けむ -> むらびと -> とりたて
alpha_beta vs minimax,alpha_beta,minimax,D3000_seed0_alpha_beta_vs_minimax_0,3000,0,first,ended_with_n,26,second,minimax,て,とりたて,てりいぬ,て,ぬ,ぬ,0.868886,False,96.5,3,3,True,,20,おぺ -> ぺなんと -> とむ -> むね -> ねたむ -> むつちや -> やむ -> むすめ -> めが -> がいせんしや -> やね -> ねあげ -> げしゆたぽ -> ぽりいぷ -> ぷりずむ -> むしば -> ばしや -> やくめ -> めつちやくちや -> やすもの -> のぞむ -> むしよけ -> けむ -> むらびと -> とりたて -> てりいぬ
alpha_beta vs minimax,alpha_beta,minimax,D3000_seed0_alpha_beta_vs_minimax_0,3000,0,first,ended_with_n,27,first,alpha_beta,ぬ,てりいぬ,ぬるい,ぬ,い,い,0.132301,False,-177.0,4,4,True,129,5,おぺ -> ぺなんと -> とむ -> むね -> ねたむ -> むつちや -> やむ -> むすめ -> めが -> がいせんしや -> やね -> ねあげ -> げしゆたぽ -> ぽりいぷ -> ぷりずむ -> むしば -> ばしや -> やくめ -> めつちやくちや -> やすもの -> のぞむ -> むしよけ -> けむ -> むらびと -> とりたて -> てりいぬ -> ぬるい
alpha_beta vs minimax,alpha_beta,minimax,D3000_seed0_alpha_beta_vs_minimax_0,3000,0,first,ended_with_n,28,second,minimax,い,ぬるい,いちず,い,ず,ず,0.599442,False,177.0,3,3,True,,20,おぺ -> ぺなんと -> とむ -> むね -> ねたむ -> むつちや -> やむ -> むすめ -> めが -> がいせんしや -> やね -> ねあげ -> げしゆたぽ -> ぽりいぷ -> ぷりずむ -> むしば -> ばしや -> やくめ -> めつちやくちや -> やすもの -> のぞむ -> むしよけ -> けむ -> むらびと -> とりたて -> てりいぬ -> ぬるい -> いちず
alpha_beta vs minimax,alpha_beta,minimax,D3000_seed0_alpha_beta_vs_minimax_0,3000,0,first,ended_with_n,29,first,alpha_beta,ず,いちず,ずうずうしい,ず,い,い,0.158043,False,-96.5,4,4,True,155,4,おぺ -> ぺなんと -> とむ -> むね -> ねたむ -> むつちや -> やむ -> むすめ -> めが -> がいせんしや -> やね -> ねあげ -> げしゆたぽ -> ぽりいぷ -> ぷりずむ -> むしば -> ばしや -> やくめ -> めつちやくちや -> やすもの -> のぞむ -> むしよけ -> けむ -> むらびと -> とりたて -> てりいぬ -> ぬるい -> いちず -> ずうずうしい
alpha_beta vs minimax,alpha_beta,minimax,D3000_seed0_alpha_beta_vs_minimax_0,3000,0,first,ended_with_n,30,second,minimax,い,ずうずうしい,いくら,い,ら,ら,0.639769,False,96.5,3,3,True,,20,おぺ -> ぺなんと -> とむ -> むね -> ねたむ -> むつちや -> やむ -> むすめ -> めが -> がいせんしや -> やね -> ねあげ -> げしゆたぽ -> ぽりいぷ -> ぷりずむ -> むしば -> ばしや -> やくめ -> めつちやくちや -> やすもの -> のぞむ -> むしよけ -> けむ -> むらびと -> とりたて -> てりいぬ -> ぬるい -> いちず -> ずうずうしい -> いくら
alpha_beta vs minimax,alpha_beta,minimax,D3000_seed0_alpha_beta_vs_minimax_0,3000,0,first,ended_with_n,31,first,alpha_beta,ら,いくら,らぶこめ,ら,め,め,0.230556,False,-96.5,4,4,True,314,13,おぺ -> ぺなんと -> とむ -> むね -> ねたむ -> むつちや -> やむ -> むすめ -> めが -> がいせんしや -> やね -> ねあげ -> げしゆたぽ -> ぽりいぷ -> ぷりずむ -> むしば -> ばしや -> やくめ -> めつちやくちや -> やすもの -> のぞむ -> むしよけ -> けむ -> むらびと -> とりたて -> てりいぬ -> ぬるい -> いちず -> ずうずうしい -> いくら -> らぶこめ
alpha_beta vs minimax,alpha_beta,minimax,D3000_seed0_alpha_beta_vs_minimax_0,3000,0,first,ended_with_n,32,second,minimax,め,らぶこめ,めいしゆ,め,ゆ,ゆ,0.919764,False,96.5,3,3,True,,20,おぺ -> ぺなんと -> とむ -> むね -> ねたむ -> むつちや -> やむ -> むすめ -> めが -> がいせんしや -> やね -> ねあげ -> げしゆたぽ -> ぽりいぷ -> ぷりずむ -> むしば -> ばしや -> やくめ -> めつちやくちや -> やすもの -> のぞむ -> むしよけ -> けむ -> むらびと -> とりたて -> てりいぬ -> ぬるい -> いちず -> ずうずうしい -> いくら -> らぶこめ -> めいしゆ
alpha_beta vs minimax,alpha_beta,minimax,D3000_seed0_alpha_beta_vs_minimax_0,3000,0,first,ended_with_n,33,first,alpha_beta,ゆ,めいしゆ,ゆうむ,ゆ,む,む,0.090539,False,62.5,4,4,True,180,20,おぺ -> ぺなんと -> とむ -> むね -> ねたむ -> むつちや -> やむ -> むすめ -> めが -> がいせんしや -> やね -> ねあげ -> げしゆたぽ -> ぽりいぷ -> ぷりずむ -> むしば -> ばしや -> やくめ -> めつちやくちや -> やすもの -> のぞむ -> むしよけ -> けむ -> むらびと -> とりたて -> てりいぬ -> ぬるい -> いちず -> ずうずうしい -> いくら -> らぶこめ -> めいしゆ -> ゆうむ
alpha_beta vs minimax,alpha_beta,minimax,D3000_seed0_alpha_beta_vs_minimax_0,3000,0,first,ended_with_n,34,second,minimax,む,ゆうむ,むくわれる,む,る,る,0.493795,False,-62.5,3,3,True,,15,おぺ -> ぺなんと -> とむ -> むね -> ねたむ -> むつちや -> やむ -> むすめ -> めが -> がいせんしや -> やね -> ねあげ -> げしゆたぽ -> ぽりいぷ -> ぷりずむ -> むしば -> ばしや -> やくめ -> めつちやくちや -> やすもの -> のぞむ -> むしよけ -> けむ -> むらびと -> とりたて -> てりいぬ -> ぬるい -> いちず -> ずうずうしい -> いくら -> らぶこめ -> めいしゆ -> ゆうむ -> むくわれる
alpha_beta vs minimax,alpha_beta,minimax,D3000_seed0_alpha_beta_vs_minimax_0,3000,0,first,ended_with_n,35,first,alpha_beta,る,むくわれる,るみのおる,る,る,る,0.034954,False,85.5,4,4,True,104,8,おぺ -> ぺなんと -> とむ -> むね -> ねたむ -> むつちや -> やむ -> むすめ -> めが -> がいせんしや -> やね -> ねあげ -> げしゆたぽ -> ぽりいぷ -> ぷりずむ -> むしば -> ばしや -> やくめ -> めつちやくちや -> やすもの -> のぞむ -> むしよけ -> けむ -> むらびと -> とりたて -> てりいぬ -> ぬるい -> いちず -> ずうずうしい -> いくら -> らぶこめ -> めいしゆ -> ゆうむ -> むくわれる -> るみのおる
alpha_beta vs minimax,alpha_beta,minimax,D3000_seed0_alpha_beta_vs_minimax_0,3000,0,first,ended_with_n,36,second,minimax,る,るみのおる,るいすい,る,い,い,0.291286,False,-85.5,3,3,True,,7,おぺ -> ぺなんと -> とむ -> むね -> ねたむ -> むつちや -> やむ -> むすめ -> めが -> がいせんしや -> やね -> ねあげ -> げしゆたぽ -> ぽりいぷ -> ぷりずむ -> むしば -> ばしや -> やくめ -> めつちやくちや -> やすもの -> のぞむ -> むしよけ -> けむ -> むらびと -> とりたて -> てりいぬ -> ぬるい -> いちず -> ずうずうしい -> いくら -> らぶこめ -> めいしゆ -> ゆうむ -> むくわれる -> るみのおる -> るいすい
alpha_beta vs minimax,alpha_beta,minimax,D3000_seed0_alpha_beta_vs_minimax_0,3000,0,first,ended_with_n,37,first,alpha_beta,い,るいすい,いからせる,い,る,る,0.115105,False,108.5,4,4,True,434,20,おぺ -> ぺなんと -> とむ -> むね -> ねたむ -> むつちや -> やむ -> むすめ -> めが -> がいせんしや -> やね -> ねあげ -> げしゆたぽ -> ぽりいぷ -> ぷりずむ -> むしば -> ばしや -> やくめ -> めつちやくちや -> やすもの -> のぞむ -> むしよけ -> けむ -> むらびと -> とりたて -> てりいぬ -> ぬるい -> いちず -> ずうずうしい -> いくら -> らぶこめ -> めいしゆ -> ゆうむ -> むくわれる -> るみのおる -> るいすい -> いからせる
alpha_beta vs minimax,alpha_beta,minimax,D3000_seed0_alpha_beta_vs_minimax_0,3000,0,first,ended_with_n,38,second,minimax,る,いからせる,るうきい,る,い,い,0.236473,False,-108.5,3,3,True,,6,おぺ -> ぺなんと -> とむ -> むね -> ねたむ -> むつちや -> やむ -> むすめ -> めが -> がいせんしや -> やね -> ねあげ -> げしゆたぽ -> ぽりいぷ -> ぷりずむ -> むしば -> ばしや -> やくめ -> めつちやくちや -> やすもの -> のぞむ -> むしよけ -> けむ -> むらびと -> とりたて -> てりいぬ -> ぬるい -> いちず -> ずうずうしい -> いくら -> らぶこめ -> めいしゆ -> ゆうむ -> むくわれる -> るみのおる -> るいすい -> いからせる -> るうきい
alpha_beta vs minimax,alpha_beta,minimax,D3000_seed0_alpha_beta_vs_minimax_0,3000,0,first,ended_with_n,39,first,alpha_beta,い,るうきい,いきる,い,る,る,0.068277,False,131.5,4,4,True,274,20,おぺ -> ぺなんと -> とむ -> むね -> ねたむ -> むつちや -> やむ -> むすめ -> めが -> がいせんしや -> やね -> ねあげ -> げしゆたぽ -> ぽりいぷ -> ぷりずむ -> むしば -> ばしや -> やくめ -> めつちやくちや -> やすもの -> のぞむ -> むしよけ -> けむ -> むらびと -> とりたて -> てりいぬ -> ぬるい -> いちず -> ずうずうしい -> いくら -> らぶこめ -> めいしゆ -> ゆうむ -> むくわれる -> るみのおる -> るいすい -> いからせる -> るうきい -> いきる
alpha_beta vs minimax,alpha_beta,minimax,D3000_seed0_alpha_beta_vs_minimax_0,3000,0,first,ended_with_n,40,second,minimax,る,いきる,るり,る,り,り,0.173935,False,-131.5,3,3,True,,5,おぺ -> ぺなんと -> とむ -> むね -> ねたむ -> むつちや -> やむ -> むすめ -> めが -> がいせんしや -> やね -> ねあげ -> げしゆたぽ -> ぽりいぷ -> ぷりずむ -> むしば -> ばしや -> やくめ -> めつちやくちや -> やすもの -> のぞむ -> むしよけ -> けむ -> むらびと -> とりたて -> てりいぬ -> ぬるい -> いちず -> ずうずうしい -> いくら -> らぶこめ -> めいしゆ -> ゆうむ -> むくわれる -> るみのおる -> るいすい -> いからせる -> るうきい -> いきる -> るり
alpha_beta vs minimax,alpha_beta,minimax,D3000_seed0_alpha_beta_vs_minimax_0,3000,0,first,ended_with_n,41,first,alpha_beta,り,るり,りさいたる,り,る,る,0.042947,False,363.5,4,4,True,180,20,おぺ -> ぺなんと -> とむ -> むね -> ねたむ -> むつちや -> やむ -> むすめ -> めが -> がいせんしや -> やね -> ねあげ -> げしゆたぽ -> ぽりいぷ -> ぷりずむ -> むしば -> ばしや -> やくめ -> めつちやくちや -> やすもの -> のぞむ -> むしよけ -> けむ -> むらびと -> とりたて -> てりいぬ -> ぬるい -> いちず -> ずうずうしい -> いくら -> らぶこめ -> めいしゆ -> ゆうむ -> むくわれる -> るみのおる -> るいすい -> いからせる -> るうきい -> いきる -> るり -> りさいたる
alpha_beta vs minimax,alpha_beta,minimax,D3000_seed0_alpha_beta_vs_minimax_0,3000,0,first,ended_with_n,42,second,minimax,る,りさいたる,るいせき,る,き,き,0.121514,False,-363.5,3,3,True,,4,おぺ -> ぺなんと -> とむ -> むね -> ねたむ -> むつちや -> やむ -> むすめ -> めが -> がいせんしや -> やね -> ねあげ -> げしゆたぽ -> ぽりいぷ -> ぷりずむ -> むしば -> ばしや -> やくめ -> めつちやくちや -> やすもの -> のぞむ -> むしよけ -> けむ -> むらびと -> とりたて -> てりいぬ -> ぬるい -> いちず -> ずうずうしい -> いくら -> らぶこめ -> めいしゆ -> ゆうむ -> むくわれる -> るみのおる -> るいすい -> いからせる -> るうきい -> いきる -> るり -> りさいたる -> るいせき
alpha_beta vs minimax,alpha_beta,minimax,D3000_seed0_alpha_beta_vs_minimax_0,3000,0,first,ended_with_n,43,first,alpha_beta,き,るいせき,きこえる,き,る,る,0.044884,False,386.5,4,4,True,235,20,おぺ -> ぺなんと -> とむ -> むね -> ねたむ -> むつちや -> やむ -> むすめ -> めが -> がいせんしや -> やね -> ねあげ -> げしゆたぽ -> ぽりいぷ -> ぷりずむ -> むしば -> ばしや -> やくめ -> めつちやくちや -> やすもの -> のぞむ -> むしよけ -> けむ -> むらびと -> とりたて -> てりいぬ -> ぬるい -> いちず -> ずうずうしい -> いくら -> らぶこめ -> めいしゆ -> ゆうむ -> むくわれる -> るみのおる -> るいすい -> いからせる -> るうきい -> いきる -> るり -> りさいたる -> るいせき -> きこえる
alpha_beta vs minimax,alpha_beta,minimax,D3000_seed0_alpha_beta_vs_minimax_0,3000,0,first,ended_with_n,44,second,minimax,る,きこえる,るああ,る,あ,あ,0.06667,False,-386.5,3,3,True,,3,おぺ -> ぺなんと -> とむ -> むね -> ねたむ -> むつちや -> やむ -> むすめ -> めが -> がいせんしや -> やね -> ねあげ -> げしゆたぽ -> ぽりいぷ -> ぷりずむ -> むしば -> ばしや -> やくめ -> めつちやくちや -> やすもの -> のぞむ -> むしよけ -> けむ -> むらびと -> とりたて -> てりいぬ -> ぬるい -> いちず -> ずうずうしい -> いくら -> らぶこめ -> めいしゆ -> ゆうむ -> むくわれる -> るみのおる -> るいすい -> いからせる -> るうきい -> いきる -> るり -> りさいたる -> るいせき -> きこえる -> るああ
alpha_beta vs minimax,alpha_beta,minimax,D3000_seed0_alpha_beta_vs_minimax_0,3000,0,first,ended_with_n,45,first,alpha_beta,あ,るああ,あいてどる,あ,る,る,0.003972,False,1000000.0,4,4,True,58,20,おぺ -> ぺなんと -> とむ -> むね -> ねたむ -> むつちや -> やむ -> むすめ -> めが -> がいせんしや -> やね -> ねあげ -> げしゆたぽ -> ぽりいぷ -> ぷりずむ -> むしば -> ばしや -> やくめ -> めつちやくちや -> やすもの -> のぞむ -> むしよけ -> けむ -> むらびと -> とりたて -> てりいぬ -> ぬるい -> いちず -> ずうずうしい -> いくら -> らぶこめ -> めいしゆ -> ゆうむ -> むくわれる -> るみのおる -> るいすい -> いからせる -> るうきい -> いきる -> るり -> りさいたる -> るいせき -> きこえる -> るああ -> あいてどる
alpha_beta vs minimax,alpha_beta,minimax,D3000_seed0_alpha_beta_vs_minimax_0,3000,0,first,ended_with_n,46,second,minimax,る,あいてどる,るぽるたあじゆ,る,ゆ,ゆ,0.000121,False,-1000000.0,3,3,True,,2,おぺ -> ぺなんと -> とむ -> むね -> ねたむ -> むつちや -> やむ -> むすめ -> めが -> がいせんしや -> やね -> ねあげ -> げしゆたぽ -> ぽりいぷ -> ぷりずむ -> むしば -> ばしや -> やくめ -> めつちやくちや -> やすもの -> のぞむ -> むしよけ -> けむ -> むらびと -> とりたて -> てりいぬ -> ぬるい -> いちず -> ずうずうしい -> いくら -> らぶこめ -> めいしゆ -> ゆうむ -> むくわれる -> るみのおる -> るいすい -> いからせる -> るうきい -> いきる -> るり -> りさいたる -> るいせき -> きこえる -> るああ -> あいてどる -> るぽるたあじゆ
alpha_beta vs minimax,alpha_beta,minimax,D3000_seed0_alpha_beta_vs_minimax_0,3000,0,first,ended_with_n,47,first,alpha_beta,ゆ,るぽるたあじゆ,ゆきわたる,ゆ,る,る,0.004187,False,1000000.0,4,4,True,41,20,おぺ -> ぺなんと -> とむ -> むね -> ねたむ -> むつちや -> やむ -> むすめ -> めが -> がいせんしや -> やね -> ねあげ -> げしゆたぽ -> ぽりいぷ -> ぷりずむ -> むしば -> ばしや -> やくめ -> めつちやくちや -> やすもの -> のぞむ -> むしよけ -> けむ -> むらびと -> とりたて -> てりいぬ -> ぬるい -> いちず -> ずうずうしい -> いくら -> らぶこめ -> めいしゆ -> ゆうむ -> むくわれる -> るみのおる -> るいすい -> いからせる -> るうきい -> いきる -> るり -> りさいたる -> るいせき -> きこえる -> るああ -> あいてどる -> るぽるたあじゆ -> ゆきわたる
alpha_beta vs minimax,alpha_beta,minimax,D3000_seed0_alpha_beta_vs_minimax_0,3000,0,first,ended_with_n,48,second,minimax,る,ゆきわたる,るうちん,る,ん,,3e-06,False,-1000000.0,3,3,True,,1,おぺ -> ぺなんと -> とむ -> むね -> ねたむ -> むつちや -> やむ -> むすめ -> めが -> がいせんしや -> やね -> ねあげ -> げしゆたぽ -> ぽりいぷ -> ぷりずむ -> むしば -> ばしや -> やくめ -> めつちやくちや -> やすもの -> のぞむ -> むしよけ -> けむ -> むらびと -> とりたて -> てりいぬ -> ぬるい -> いちず -> ずうずうしい -> いくら -> らぶこめ -> めいしゆ -> ゆうむ -> むくわれる -> るみのおる -> るいすい -> いからせる -> るうきい -> いきる -> るり -> りさいたる -> るいせき -> きこえる -> るああ -> あいてどる -> るぽるたあじゆ -> ゆきわたる -> るうちん
alpha_beta vs monte_carlo,alpha_beta,monte_carlo,D3000_seed0_alpha_beta_vs_monte_carlo_0,3000,0,first,no_legal_move,1,first,alpha_beta,ANY,,おぺ,お,ぺ,ぺ,0.272138,False,-96.5,4,4,True,772,20,おぺ
alpha_beta vs monte_carlo,alpha_beta,monte_carlo,D3000_seed0_alpha_beta_vs_monte_carlo_0,3000,0,first,no_legal_move,2,second,monte_carlo,ぺ,おぺ,ぺえじ,ぺ,じ,じ,0.01016,False,0.7,,,,,,おぺ -> ぺえじ
alpha_beta vs monte_carlo,alpha_beta,monte_carlo,D3000_seed0_alpha_beta_vs_monte_carlo_0,3000,0,first,no_legal_move,3,first,alpha_beta,じ,ぺえじ,じゆうしゆぎ,じ,ぎ,ぎ,0.164994,False,-96.5,4,4,True,271,20,おぺ -> ぺえじ -> じゆうしゆぎ
alpha_beta vs monte_carlo,alpha_beta,monte_carlo,D3000_seed0_alpha_beta_vs_monte_carlo_0,3000,0,first,no_legal_move,4,second,monte_carlo,ぎ,じゆうしゆぎ,ぎようしや,ぎ,や,や,0.051976,False,0.7,,,,,,おぺ -> ぺえじ -> じゆうしゆぎ -> ぎようしや
alpha_beta vs monte_carlo,alpha_beta,monte_carlo,D3000_seed0_alpha_beta_vs_monte_carlo_0,3000,0,first,no_legal_move,5,first,alpha_beta,や,ぎようしや,やむ,や,む,む,0.260593,False,-96.5,4,4,True,433,20,おぺ -> ぺえじ -> じゆうしゆぎ -> ぎようしや -> やむ
alpha_beta vs monte_carlo,alpha_beta,monte_carlo,D3000_seed0_alpha_beta_vs_monte_carlo_0,3000,0,first,no_legal_move,6,second,monte_carlo,む,やむ,むちつじよ,む,よ,よ,0.06166,False,0.9,,,,,,おぺ -> ぺえじ -> じゆうしゆぎ -> ぎようしや -> やむ -> むちつじよ
alpha_beta vs monte_carlo,alpha_beta,monte_carlo,D3000_seed0_alpha_beta_vs_monte_carlo_0,3000,0,first,no_legal_move,7,first,alpha_beta,よ,むちつじよ,よろず,よ,ず,ず,0.12573,False,-96.5,4,4,True,318,20,おぺ -> ぺえじ -> じゆうしゆぎ -> ぎようしや -> やむ -> むちつじよ -> よろず
alpha_beta vs monte_carlo,alpha_beta,monte_carlo,D3000_seed0_alpha_beta_vs_monte_carlo_0,3000,0,first,no_legal_move,8,second,monte_carlo,ず,よろず,ずうずうしい,ず,い,い,0.014456,False,0.6,,,,,,おぺ -> ぺえじ -> じゆうしゆぎ -> ぎようしや -> やむ -> むちつじよ -> よろず -> ずうずうしい
alpha_beta vs monte_carlo,alpha_beta,monte_carlo,D3000_seed0_alpha_beta_vs_monte_carlo_0,3000,0,first,no_legal_move,9,first,alpha_beta,い,ずうずうしい,いちず,い,ず,ず,0.106505,False,-96.5,4,4,True,281,20,おぺ -> ぺえじ -> じゆうしゆぎ -> ぎようしや -> やむ -> むちつじよ -> よろず -> ずうずうしい -> いちず
alpha_beta vs monte_carlo,alpha_beta,monte_carlo,D3000_seed0_alpha_beta_vs_monte_carlo_0,3000,0,first,no_legal_move,10,second,monte_carlo,ず,いちず,ずらす,ず,す,す,0.011375,False,0.5,,,,,,おぺ -> ぺえじ -> じゆうしゆぎ -> ぎようしや -> やむ -> むちつじよ -> よろず -> ずうずうしい -> いちず -> ずらす
alpha_beta vs monte_carlo,alpha_beta,monte_carlo,D3000_seed0_alpha_beta_vs_monte_carlo_0,3000,0,first,no_legal_move,11,first,alpha_beta,す,ずらす,すら,す,ら,ら,0.175682,False,-96.5,4,4,True,365,20,おぺ -> ぺえじ -> じゆうしゆぎ -> ぎようしや -> やむ -> むちつじよ -> よろず -> ずうずうしい -> いちず -> ずらす -> すら
alpha_beta vs monte_carlo,alpha_beta,monte_carlo,D3000_seed0_alpha_beta_vs_monte_carlo_0,3000,0,first,no_legal_move,12,second,monte_carlo,ら,すら,らち,ら,ち,ち,0.045805,False,0.8,,,,,,おぺ -> ぺえじ -> じゆうしゆぎ -> ぎようしや -> やむ -> むちつじよ -> よろず -> ずうずうしい -> いちず -> ずらす -> すら -> らち
alpha_beta vs monte_carlo,alpha_beta,monte_carlo,D3000_seed0_alpha_beta_vs_monte_carlo_0,3000,0,first,no_legal_move,13,first,alpha_beta,ち,らち,ちいず,ち,ず,ず,0.140074,False,-96.5,4,4,True,328,20,おぺ -> ぺえじ -> じゆうしゆぎ -> ぎようしや -> やむ -> むちつじよ -> よろず -> ずうずうしい -> いちず -> ずらす -> すら -> らち -> ちいず
alpha_beta vs monte_carlo,alpha_beta,monte_carlo,D3000_seed0_alpha_beta_vs_monte_carlo_0,3000,0,first,no_legal_move,14,second,monte_carlo,ず,ちいず,ずいじ,ず,じ,じ,0.007273,False,0.7,,,,,,おぺ -> ぺえじ -> じゆうしゆぎ -> ぎようしや -> やむ -> むちつじよ -> よろず -> ずうずうしい -> いちず -> ずらす -> すら -> らち -> ちいず -> ずいじ
alpha_beta vs monte_carlo,alpha_beta,monte_carlo,D3000_seed0_alpha_beta_vs_monte_carlo_0,3000,0,first,no_legal_move,15,first,alpha_beta,じ,ずいじ,じゆつご,じ,ご,ご,0.245698,False,-96.5,4,4,True,377,20,おぺ -> ぺえじ -> じゆうしゆぎ -> ぎようしや -> やむ -> むちつじよ -> よろず -> ずうずうしい -> いちず -> ずらす -> すら -> らち -> ちいず -> ずいじ -> じゆつご
alpha_beta vs monte_carlo,alpha_beta,monte_carlo,D3000_seed0_alpha_beta_vs_monte_carlo_0,3000,0,first,no_legal_move,16,second,monte_carlo,ご,じゆつご,ごおるでんあわあ,ご,あ,あ,0.056933,False,0.7,,,,,,おぺ -> ぺえじ -> じゆうしゆぎ -> ぎようしや -> やむ -> むちつじよ -> よろず -> ずうずうしい -> いちず -> ずらす -> すら -> らち -> ちいず -> ずいじ -> じゆつご -> ごおるでんあわあ
alpha_beta vs monte_carlo,alpha_beta,monte_carlo,D3000_seed0_alpha_beta_vs_monte_carlo_0,3000,0,first,no_legal_move,17,first,alpha_beta,あ,ごおるでんあわあ,あいず,あ,ず,ず,0.006287,False,1000000.0,4,4,True,58,20,おぺ -> ぺえじ -> じゆうしゆぎ -> ぎようしや -> やむ -> むちつじよ -> よろず -> ずうずうしい -> いちず -> ずらす -> すら -> らち -> ちいず -> ずいじ -> じゆつご -> ごおるでんあわあ -> あいず
alpha_beta vs monte_carlo,alpha_beta,monte_carlo,D3000_seed0_alpha_beta_vs_monte_carlo_0,3000,0,first,no_legal_move,18,second,monte_carlo,ず,あいず,ずし,ず,し,し,0.00189,False,0.7,,,,,,おぺ -> ぺえじ -> じゆうしゆぎ -> ぎようしや -> やむ -> むちつじよ -> よろず -> ずうずうしい -> いちず -> ずらす -> すら -> らち -> ちいず -> ずいじ -> じゆつご -> ごおるでんあわあ -> あいず -> ずし
alpha_beta vs monte_carlo,alpha_beta,monte_carlo,D3000_seed0_alpha_beta_vs_monte_carlo_0,3000,0,first,no_legal_move,19,first,alpha_beta,し,ずし,しゆうず,し,ず,ず,0.00406,False,1000000.0,4,4,True,51,20,おぺ -> ぺえじ -> じゆうしゆぎ -> ぎようしや -> やむ -> むちつじよ -> よろず -> ずうずうしい -> いちず -> ずらす -> すら -> らち -> ちいず -> ずいじ -> じゆつご -> ごおるでんあわあ -> あいず -> ずし -> しゆうず
random vs greedy,random,greedy,D5000_seed0_random_vs_greedy_0,5000,0,second,ended_with_n,1,first,random,ANY,,やけど,や,ど,ど,0.00023,False,0.0,,,,,,やけど
random vs greedy,random,greedy,D5000_seed0_random_vs_greedy_0,5000,0,second,ended_with_n,2,second,greedy,ど,やけど,どうぞ,ど,ぞ,ぞ,0.000363,False,-209.0,,,,,70,やけど -> どうぞ
random vs greedy,random,greedy,D5000_seed0_random_vs_greedy_0,5000,0,second,ended_with_n,3,first,random,ぞ,どうぞ,ぞうきばやし,ぞ,し,し,2e-06,False,0.0,,,,,,やけど -> どうぞ -> ぞうきばやし
random vs greedy,random,greedy,D5000_seed0_random_vs_greedy_0,5000,0,second,ended_with_n,4,second,greedy,し,ぞうきばやし,しんぴ,し,ぴ,ぴ,0.001725,False,-196.5,,,,,303,やけど -> どうぞ -> ぞうきばやし -> しんぴ
random vs greedy,random,greedy,D5000_seed0_random_vs_greedy_0,5000,0,second,ended_with_n,5,first,random,ぴ,しんぴ,ぴつちやあ,ぴ,あ,あ,1e-06,False,0.0,,,,,,やけど -> どうぞ -> ぞうきばやし -> しんぴ -> ぴつちやあ
random vs greedy,random,greedy,D5000_seed0_random_vs_greedy_0,5000,0,second,ended_with_n,6,second,greedy,あ,ぴつちやあ,あんぴ,あ,ぴ,ぴ,0.00091,False,-173.5,,,,,160,やけど -> どうぞ -> ぞうきばやし -> しんぴ -> ぴつちやあ -> あんぴ
random vs greedy,random,greedy,D5000_seed0_random_vs_greedy_0,5000,0,second,ended_with_n,7,first,random,ぴ,あんぴ,ぴつくあつぷさあびす,ぴ,す,す,2e-06,False,0.0,,,,,,やけど -> どうぞ -> ぞうきばやし -> しんぴ -> ぴつちやあ -> あんぴ -> ぴつくあつぷさあびす
random vs greedy,random,greedy,D5000_seed0_random_vs_greedy_0,5000,0,second,ended_with_n,8,second,greedy,す,ぴつくあつぷさあびす,すくなからず,す,ず,ず,0.000582,False,-209.0,,,,,100,やけど -> どうぞ -> ぞうきばやし -> しんぴ -> ぴつちやあ -> あんぴ -> ぴつくあつぷさあびす -> すくなからず
random vs greedy,random,greedy,D5000_seed0_random_vs_greedy_0,5000,0,second,ended_with_n,9,first,random,ず,すくなからず,ずし,ず,し,し,2e-06,False,0.0,,,,,,やけど -> どうぞ -> ぞうきばやし -> しんぴ -> ぴつちやあ -> あんぴ -> ぴつくあつぷさあびす -> すくなからず -> ずし
random vs greedy,random,greedy,D5000_seed0_random_vs_greedy_0,5000,0,second,ended_with_n,10,second,greedy,し,ずし,しゆうず,し,ず,ず,0.001564,False,-186.0,,,,,302,やけど -> どうぞ -> ぞうきばやし -> しんぴ -> ぴつちやあ -> あんぴ -> ぴつくあつぷさあびす -> すくなからず -> ずし -> しゆうず
random vs greedy,random,greedy,D5000_seed0_random_vs_greedy_0,5000,0,second,ended_with_n,11,first,random,ず,しゆうず,ずじよう,ず,う,う,1e-06,False,0.0,,,,,,やけど -> どうぞ -> ぞうきばやし -> しんぴ -> ぴつちやあ -> あんぴ -> ぴつくあつぷさあびす -> すくなからず -> ずし -> しゆうず -> ずじよう
random vs greedy,random,greedy,D5000_seed0_random_vs_greedy_0,5000,0,second,ended_with_n,12,second,greedy,う,ずじよう,うちあわせる,う,る,る,0.000492,False,-255.0,,,,,88,やけど -> どうぞ -> ぞうきばやし -> しんぴ -> ぴつちやあ -> あんぴ -> ぴつくあつぷさあびす -> すくなからず -> ずし -> しゆうず -> ずじよう -> うちあわせる
random vs greedy,random,greedy,D5000_seed0_random_vs_greedy_0,5000,0,second,ended_with_n,13,first,random,る,うちあわせる,るうきい,る,い,い,1e-06,False,0.0,,,,,,やけど -> どうぞ -> ぞうきばやし -> しんぴ -> ぴつちやあ -> あんぴ -> ぴつくあつぷさあびす -> すくなからず -> ずし -> しゆうず -> ずじよう -> うちあわせる -> るうきい
random vs greedy,random,greedy,D5000_seed0_random_vs_greedy_0,5000,0,second,ended_with_n,14,second,greedy,い,るうきい,いちず,い,ず,ず,0.000822,False,-163.0,,,,,161,やけど -> どうぞ -> ぞうきばやし -> しんぴ -> ぴつちやあ -> あんぴ -> ぴつくあつぷさあびす -> すくなからず -> ずし -> しゆうず -> ずじよう -> うちあわせる -> るうきい -> いちず
random vs greedy,random,greedy,D5000_seed0_random_vs_greedy_0,5000,0,second,ended_with_n,15,first,random,ず,いちず,ずきずき,ず,き,き,1e-06,False,0.0,,,,,,やけど -> どうぞ -> ぞうきばやし -> しんぴ -> ぴつちやあ -> あんぴ -> ぴつくあつぷさあびす -> すくなからず -> ずし -> しゆうず -> ずじよう -> うちあわせる -> るうきい -> いちず -> ずきずき
random vs greedy,random,greedy,D5000_seed0_random_vs_greedy_0,5000,0,second,ended_with_n,16,second,greedy,き,ずきずき,きつず,き,ず,ず,0.000822,False,-140.0,,,,,164,やけど -> どうぞ -> ぞうきばやし -> しんぴ -> ぴつちやあ -> あんぴ -> ぴつくあつぷさあびす -> すくなからず -> ずし -> しゆうず -> ずじよう -> うちあわせる -> るうきい -> いちず -> ずきずき -> きつず
random vs greedy,random,greedy,D5000_seed0_random_vs_greedy_0,5000,0,second,ended_with_n,17,first,random,ず,きつず,ずいじ,ず,じ,じ,2e-06,False,0.0,,,,,,やけど -> どうぞ -> ぞうきばやし -> しんぴ -> ぴつちやあ -> あんぴ -> ぴつくあつぷさあびす -> すくなからず -> ずし -> しゆうず -> ずじよう -> うちあわせる -> るうきい -> いちず -> ずきずき -> きつず -> ずいじ
random vs greedy,random,greedy,D5000_seed0_random_vs_greedy_0,5000,0,second,ended_with_n,18,second,greedy,じ,ずいじ,じゆうる,じ,る,る,0.000921,False,-232.0,,,,,177,やけど -> どうぞ -> ぞうきばやし -> しんぴ -> ぴつちやあ -> あんぴ -> ぴつくあつぷさあびす -> すくなからず -> ずし -> しゆうず -> ずじよう -> うちあわせる -> るうきい -> いちず -> ずきずき -> きつず -> ずいじ -> じゆうる
random vs greedy,random,greedy,D5000_seed0_random_vs_greedy_0,5000,0,second,ended_with_n,19,first,random,る,じゆうる,るねさんす,る,す,す,1e-06,False,0.0,,,,,,やけど -> どうぞ -> ぞうきばやし -> しんぴ -> ぴつちやあ -> あんぴ -> ぴつくあつぷさあびす -> すくなからず -> ずし -> しゆうず -> ずじよう -> うちあわせる -> るうきい -> いちず -> ずきずき -> きつず -> ずいじ -> じゆうる -> るねさんす
random vs greedy,random,greedy,D5000_seed0_random_vs_greedy_0,5000,0,second,ended_with_n,20,second,greedy,す,るねさんす,すぺくとる,す,る,る,0.00054,False,-209.0,,,,,99,やけど -> どうぞ -> ぞうきばやし -> しんぴ -> ぴつちやあ -> あんぴ -> ぴつくあつぷさあびす -> すくなからず -> ずし -> しゆうず -> ずじよう -> うちあわせる -> るうきい -> いちず -> ずきずき -> きつず -> ずいじ -> じゆうる -> るねさんす -> すぺくとる
random vs greedy,random,greedy,D5000_seed0_random_vs_greedy_0,5000,0,second,ended_with_n,21,first,random,る,すぺくとる,るぽるたあじゆ,る,ゆ,ゆ,1e-06,False,0.0,,,,,,やけど -> どうぞ -> ぞうきばやし -> しんぴ -> ぴつちやあ -> あんぴ -> ぴつくあつぷさあびす -> すくなからず -> ずし -> しゆうず -> ずじよう -> うちあわせる -> るうきい -> いちず -> ずきずき -> きつず -> ずいじ -> じゆうる -> るねさんす -> すぺくとる -> るぽるたあじゆ
random vs greedy,random,greedy,D5000_seed0_random_vs_greedy_0,5000,0,second,ended_with_n,22,second,greedy,ゆ,るぽるたあじゆ,ゆきわたる,ゆ,る,る,0.000297,False,-186.0,,,,,51,やけど -> どうぞ -> ぞうきばやし -> しんぴ -> ぴつちやあ -> あんぴ -> ぴつくあつぷさあびす -> すくなからず -> ずし -> しゆうず -> ずじよう -> うちあわせる -> るうきい -> いちず -> ずきずき -> きつず -> ずいじ -> じゆうる -> るねさんす -> すぺくとる -> るぽるたあじゆ -> ゆきわたる
random vs greedy,random,greedy,D5000_seed0_random_vs_greedy_0,5000,0,second,ended_with_n,23,first,random,る,ゆきわたる,るり,る,り,り,1e-06,False,0.0,,,,,,やけど -> どうぞ -> ぞうきばやし -> しんぴ -> ぴつちやあ -> あんぴ -> ぴつくあつぷさあびす -> すくなからず -> ずし -> しゆうず -> ずじよう -> うちあわせる -> るうきい -> いちず -> ずきずき -> きつず -> ずいじ -> じゆうる -> るねさんす -> すぺくとる -> るぽるたあじゆ -> ゆきわたる -> るり
random vs greedy,random,greedy,D5000_seed0_random_vs_greedy_0,5000,0,second,ended_with_n,24,second,greedy,り,るり,りある,り,る,る,0.000506,False,-163.0,,,,,83,やけど -> どうぞ -> ぞうきばやし -> しんぴ -> ぴつちやあ -> あんぴ -> ぴつくあつぷさあびす -> すくなからず -> ずし -> しゆうず -> ずじよう -> うちあわせる -> るうきい -> いちず -> ずきずき -> きつず -> ずいじ -> じゆうる -> るねさんす -> すぺくとる -> るぽるたあじゆ -> ゆきわたる -> るり -> りある
random vs greedy,random,greedy,D5000_seed0_random_vs_greedy_0,5000,0,second,ended_with_n,25,first,random,る,りある,るぽ,る,ぽ,ぽ,1e-06,False,0.0,,,,,,やけど -> どうぞ -> ぞうきばやし -> しんぴ -> ぴつちやあ -> あんぴ -> ぴつくあつぷさあびす -> すくなからず -> ずし -> しゆうず -> ずじよう -> うちあわせる -> るうきい -> いちず -> ずきずき -> きつず -> ずいじ -> じゆうる -> るねさんす -> すぺくとる -> るぽるたあじゆ -> ゆきわたる -> るり -> りある -> るぽ
random vs greedy,random,greedy,D5000_seed0_random_vs_greedy_0,5000,0,second,ended_with_n,26,second,greedy,ぽ,るぽ,ぽおたぶる,ぽ,る,る,6.8e-05,False,-140.0,,,,,11,やけど -> どうぞ -> ぞうきばやし -> しんぴ -> ぴつちやあ -> あんぴ -> ぴつくあつぷさあびす -> すくなからず -> ずし -> しゆうず -> ずじよう -> うちあわせる -> るうきい -> いちず -> ずきずき -> きつず -> ずいじ -> じゆうる -> るねさんす -> すぺくとる -> るぽるたあじゆ -> ゆきわたる -> るり -> りある -> るぽ -> ぽおたぶる
random vs greedy,random,greedy,D5000_seed0_random_vs_greedy_0,5000,0,second,ended_with_n,27,first,random,る,ぽおたぶる,るいせき,る,き,き,1e-06,False,0.0,,,,,,やけど -> どうぞ -> ぞうきばやし -> しんぴ -> ぴつちやあ -> あんぴ -> ぴつくあつぷさあびす -> すくなからず -> ずし -> しゆうず -> ずじよう -> うちあわせる -> るうきい -> いちず -> ずきずき -> きつず -> ずいじ -> じゆうる -> るねさんす -> すぺくとる -> るぽるたあじゆ -> ゆきわたる -> るり -> りある -> るぽ -> ぽおたぶる -> るいせき
random vs greedy,random,greedy,D5000_seed0_random_vs_greedy_0,5000,0,second,ended_with_n,28,second,greedy,き,るいせき,きやらめる,き,る,る,0.000826,False,-117.0,,,,,163,やけど -> どうぞ -> ぞうきばやし -> しんぴ -> ぴつちやあ -> あんぴ -> ぴつくあつぷさあびす -> すくなからず -> ずし -> しゆうず -> ずじよう -> うちあわせる -> るうきい -> いちず -> ずきずき -> きつず -> ずいじ -> じゆうる -> るねさんす -> すぺくとる -> るぽるたあじゆ -> ゆきわたる -> るり -> りある -> るぽ -> ぽおたぶる -> るいせき -> きやらめる
random vs greedy,random,greedy,D5000_seed0_random_vs_greedy_0,5000,0,second,ended_with_n,29,first,random,る,きやらめる,るいけい,る,い,い,1e-06,False,0.0,,,,,,やけど -> どうぞ -> ぞうきばやし -> しんぴ -> ぴつちやあ -> あんぴ -> ぴつくあつぷさあびす -> すくなからず -> ずし -> しゆうず -> ずじよう -> うちあわせる -> るうきい -> いちず -> ずきずき -> きつず -> ずいじ -> じゆうる -> るねさんす -> すぺくとる -> るぽるたあじゆ -> ゆきわたる -> るり -> りある -> るぽ -> ぽおたぶる -> るいせき -> きやらめる -> るいけい
random vs greedy,random,greedy,D5000_seed0_random_vs_greedy_0,5000,0,second,ended_with_n,30,second,greedy,い,るいけい,いこおる,い,る,る,0.000838,False,-94.0,,,,,160,やけど -> どうぞ -> ぞうきばやし -> しんぴ -> ぴつちやあ -> あんぴ -> ぴつくあつぷさあびす -> すくなからず -> ずし -> しゆうず -> ずじよう -> うちあわせる -> るうきい -> いちず -> ずきずき -> きつず -> ずいじ -> じゆうる -> るねさんす -> すぺくとる -> るぽるたあじゆ -> ゆきわたる -> るり -> りある -> るぽ -> ぽおたぶる -> るいせき -> きやらめる -> るいけい -> いこおる
random vs greedy,random,greedy,D5000_seed0_random_vs_greedy_0,5000,0,second,ended_with_n,31,first,random,る,いこおる,るああ,る,あ,あ,1e-06,False,0.0,,,,,,やけど -> どうぞ -> ぞうきばやし -> しんぴ -> ぴつちやあ -> あんぴ -> ぴつくあつぷさあびす -> すくなからず -> ずし -> しゆうず -> ずじよう -> うちあわせる -> るうきい -> いちず -> ずきずき -> きつず -> ずいじ -> じゆうる -> るねさんす -> すぺくとる -> るぽるたあじゆ -> ゆきわたる -> るり -> りある -> るぽ -> ぽおたぶる -> るいせき -> きやらめる -> るいけい -> いこおる -> るああ
random vs greedy,random,greedy,D5000_seed0_random_vs_greedy_0,5000,0,second,ended_with_n,32,second,greedy,あ,るああ,あわてる,あ,る,る,0.000938,False,-71.0,,,,,159,やけど -> どうぞ -> ぞうきばやし -> しんぴ -> ぴつちやあ -> あんぴ -> ぴつくあつぷさあびす -> すくなからず -> ずし -> しゆうず -> ずじよう -> うちあわせる -> るうきい -> いちず -> ずきずき -> きつず -> ずいじ -> じゆうる -> るねさんす -> すぺくとる -> るぽるたあじゆ -> ゆきわたる -> るり -> りある -> るぽ -> ぽおたぶる -> るいせき -> きやらめる -> るいけい -> いこおる -> るああ -> あわてる
random vs greedy,random,greedy,D5000_seed0_random_vs_greedy_0,5000,0,second,ended_with_n,33,first,random,る,あわてる,るみのおる,る,る,る,2e-06,False,0.0,,,,,,やけど -> どうぞ -> ぞうきばやし -> しんぴ -> ぴつちやあ -> あんぴ -> ぴつくあつぷさあびす -> すくなからず -> ずし -> しゆうず -> ずじよう -> うちあわせる -> るうきい -> いちず -> ずきずき -> きつず -> ずいじ -> じゆうる -> るねさんす -> すぺくとる -> るぽるたあじゆ -> ゆきわたる -> るり -> りある -> るぽ -> ぽおたぶる -> るいせき -> きやらめる -> るいけい -> いこおる -> るああ -> あわてる -> るみのおる
random vs greedy,random,greedy,D5000_seed0_random_vs_greedy_0,5000,0,second,ended_with_n,34,second,greedy,る,るみのおる,るいすい,る,い,い,1.2e-05,False,-3405.0,,,,,3,やけど -> どうぞ -> ぞうきばやし -> しんぴ -> ぴつちやあ -> あんぴ -> ぴつくあつぷさあびす -> すくなからず -> ずし -> しゆうず -> ずじよう -> うちあわせる -> るうきい -> いちず -> ずきずき -> きつず -> ずいじ -> じゆうる -> るねさんす -> すぺくとる -> るぽるたあじゆ -> ゆきわたる -> るり -> りある -> るぽ -> ぽおたぶる -> るいせき -> きやらめる -> るいけい -> いこおる -> るああ -> あわてる -> るみのおる -> るいすい
random vs greedy,random,greedy,D5000_seed0_random_vs_greedy_0,5000,0,second,ended_with_n,35,first,random,い,るいすい,いなづま,い,ま,ま,1e-05,False,0.0,,,,,,やけど -> どうぞ -> ぞうきばやし -> しんぴ -> ぴつちやあ -> あんぴ -> ぴつくあつぷさあびす -> すくなからず -> ずし -> しゆうず -> ずじよう -> うちあわせる -> るうきい -> いちず -> ずきずき -> きつず -> ずいじ -> じゆうる -> るねさんす -> すぺくとる -> るぽるたあじゆ -> ゆきわたる -> るり -> りある -> るぽ -> ぽおたぶる -> るいせき -> きやらめる -> るいけい -> いこおる -> るああ -> あわてる -> るみのおる -> るいすい -> いなづま
random vs greedy,random,greedy,D5000_seed0_random_vs_greedy_0,5000,0,second,ended_with_n,36,second,greedy,ま,いなづま,まつる,ま,る,る,0.000591,False,-25.0,,,,,111,やけど -> どうぞ -> ぞうきばやし -> しんぴ -> ぴつちやあ -> あんぴ -> ぴつくあつぷさあびす -> すくなからず -> ずし -> しゆうず -> ずじよう -> うちあわせる -> るうきい -> いちず -> ずきずき -> きつず -> ずいじ -> じゆうる -> るねさんす -> すぺくとる -> るぽるたあじゆ -> ゆきわたる -> るり -> りある -> るぽ -> ぽおたぶる -> るいせき -> きやらめる -> るいけい -> いこおる -> るああ -> あわてる -> るみのおる -> るいすい -> いなづま -> まつる
random vs greedy,random,greedy,D5000_seed0_random_vs_greedy_0,5000,0,second,ended_with_n,37,first,random,る,まつる,るうちん,る,ん,,2e-06,False,0.0,,,,,,やけど -> どうぞ -> ぞうきばやし -> しんぴ -> ぴつちやあ -> あんぴ -> ぴつくあつぷさあびす -> すくなからず -> ずし -> しゆうず -> ずじよう -> うちあわせる -> るうきい -> いちず -> ずきずき -> きつず -> ずいじ -> じゆうる -> るねさんす -> すぺくとる -> るぽるたあじゆ -> ゆきわたる -> るり -> りある -> るぽ -> ぽおたぶる -> るいせき -> きやらめる -> るいけい -> いこおる -> るああ -> あわてる -> るみのおる -> るいすい -> いなづま -> まつる -> るうちん
random vs minimax,random,minimax,D5000_seed0_random_vs_minimax_0,5000,0,second,ended_with_n,1,first,random,ANY,,やけど,や,ど,ど,0.00023,False,0.0,,,,,,やけど
random vs minimax,random,minimax,D5000_seed0_random_vs_minimax_0,5000,0,second,ended_with_n,2,second,minimax,ど,やけど,どうぞ,ど,ぞ,ぞ,1.867183,False,195.0,3,3,True,,20,やけど -> どうぞ
random vs minimax,random,minimax,D5000_seed0_random_vs_minimax_0,5000,0,second,ended_with_n,3,first,random,ぞ,どうぞ,ぞうきばやし,ぞ,し,し,4e-06,False,0.0,,,,,,やけど -> どうぞ -> ぞうきばやし
random vs minimax,random,minimax,D5000_seed0_random_vs_minimax_0,5000,0,second,ended_with_n,4,second,minimax,し,ぞうきばやし,しゆうず,し,ず,ず,1.159358,False,185.0,3,3,True,,20,やけど -> どうぞ -> ぞうきばやし -> しゆうず
random vs minimax,random,minimax,D5000_seed0_random_vs_minimax_0,5000,0,second,ended_with_n,5,first,random,ず,しゆうず,ずいじ,ず,じ,じ,4e-06,False,0.0,,,,,,やけど -> どうぞ -> ぞうきばやし -> しゆうず -> ずいじ
random vs minimax,random,minimax,D5000_seed0_random_vs_minimax_0,5000,0,second,ended_with_n,6,second,minimax,じ,ずいじ,じゆんび,じ,び,び,1.827618,False,156.0,3,3,True,,20,やけど -> どうぞ -> ぞうきばやし -> しゆうず -> ずいじ -> じゆんび
random vs minimax,random,minimax,D5000_seed0_random_vs_minimax_0,5000,0,second,ended_with_n,7,first,random,び,じゆんび,びでおてえぷ,び,ぷ,ぷ,5e-06,False,0.0,,,,,,やけど -> どうぞ -> ぞうきばやし -> しゆうず -> ずいじ -> じゆんび -> びでおてえぷ
random vs minimax,random,minimax,D5000_seed0_random_vs_minimax_0,5000,0,second,ended_with_n,8,second,minimax,ぷ,びでおてえぷ,ぷりずむ,ぷ,む,む,2.000015,True,156.0,3,2,True,,19,やけど -> どうぞ -> ぞうきばやし -> しゆうず -> ずいじ -> じゆんび -> びでおてえぷ -> ぷりずむ
random vs minimax,random,minimax,D5000_seed0_random_vs_minimax_0,5000,0,second,ended_with_n,9,first,random,む,ぷりずむ,むすめ,む,め,め,5e-06,False,0.0,,,,,,やけど -> どうぞ -> ぞうきばやし -> しゆうず -> ずいじ -> じゆんび -> びでおてえぷ -> ぷりずむ -> むすめ
random vs minimax,random,minimax,D5000_seed0_random_vs_minimax_0,5000,0,second,ended_with_n,10,second,minimax,め,むすめ,めが,め,が,が,0.115455,False,-156.0,2,2,True,,20,やけど -> どうぞ -> ぞうきばやし -> しゆうず -> ずいじ -> じゆんび -> びでおてえぷ -> ぷりずむ -> むすめ -> めが
random vs minimax,random,minimax,D5000_seed0_random_vs_minimax_0,5000,0,second,ended_with_n,11,first,random,が,めが,がいしや,が,や,や,4e-06,False,0.0,,,,,,やけど -> どうぞ -> ぞうきばやし -> しゆうず -> ずいじ -> じゆんび -> びでおてえぷ -> ぷりずむ -> むすめ -> めが -> がいしや
random vs minimax,random,minimax,D5000_seed0_random_vs_minimax_0,5000,0,second,ended_with_n,12,second,minimax,や,がいしや,やむ,や,む,む,0.117789,False,-156.0,2,2,True,,20,やけど -> どうぞ -> ぞうきばやし -> しゆうず -> ずいじ -> じゆんび -> びでおてえぷ -> ぷりずむ -> むすめ -> めが -> がいしや -> やむ
random vs minimax,random,minimax,D5000_seed0_random_vs_minimax_0,5000,0,second,ended_with_n,13,first,random,む,やむ,むしよけ,む,け,け,3e-06,False,0.0,,,,,,やけど -> どうぞ -> ぞうきばやし -> しゆうず -> ずいじ -> じゆんび -> びでおてえぷ -> ぷりずむ -> むすめ -> めが -> がいしや -> やむ -> むしよけ
random vs minimax,random,minimax,D5000_seed0_random_vs_minimax_0,5000,0,second,ended_with_n,14,second,minimax,け,むしよけ,けんぎ,け,ぎ,ぎ,0.125075,False,-149.0,2,3,True,,20,やけど -> どうぞ -> ぞうきばやし -> しゆうず -> ずいじ -> じゆんび -> びでおてえぷ -> ぷりずむ -> むすめ -> めが -> がいしや -> やむ -> むしよけ -> けんぎ
random vs minimax,random,minimax,D5000_seed0_random_vs_minimax_0,5000,0,second,ended_with_n,15,first,random,ぎ,けんぎ,ぎだゆう,ぎ,う,う,3e-06,False,0.0,,,,,,やけど -> どうぞ -> ぞうきばやし -> しゆうず -> ずいじ -> じゆんび -> びでおてえぷ -> ぷりずむ -> むすめ -> めが -> がいしや -> やむ -> むしよけ -> けんぎ -> ぎだゆう
random vs minimax,random,minimax,D5000_seed0_random_vs_minimax_0,5000,0,second,ended_with_n,16,second,minimax,う,ぎだゆう,うちこむ,う,む,む,1.561817,False,156.0,3,3,True,,20,やけど -> どうぞ -> ぞうきばやし -> しゆうず -> ずいじ -> じゆんび -> びでおてえぷ -> ぷりずむ -> むすめ -> めが -> がいしや -> やむ -> むしよけ -> けんぎ -> ぎだゆう -> うちこむ
random vs minimax,random,minimax,D5000_seed0_random_vs_minimax_0,5000,0,second,ended_with_n,17,first,random,む,うちこむ,むね,む,ね,ね,6e-06,False,0.0,,,,,,やけど -> どうぞ -> ぞうきばやし -> しゆうず -> ずいじ -> じゆんび -> びでおてえぷ -> ぷりずむ -> むすめ -> めが -> がいしや -> やむ -> むしよけ -> けんぎ -> ぎだゆう -> うちこむ -> むね
random vs minimax,random,minimax,D5000_seed0_random_vs_minimax_0,5000,0,second,ended_with_n,18,second,minimax,ね,むね,ねんざ,ね,ざ,ざ,2.00001,True,156.0,3,2,True,,16,やけど -> どうぞ -> ぞうきばやし -> しゆうず -> ずいじ -> じゆんび -> びでおてえぷ -> ぷりずむ -> むすめ -> めが -> がいしや -> やむ -> むしよけ -> けんぎ -> ぎだゆう -> うちこむ -> むね -> ねんざ
random vs minimax,random,minimax,D5000_seed0_random_vs_minimax_0,5000,0,second,ended_with_n,19,first,random,ざ,ねんざ,ざつか,ざ,か,か,5e-06,False,0.0,,,,,,やけど -> どうぞ -> ぞうきばやし -> しゆうず -> ずいじ -> じゆんび -> びでおてえぷ -> ぷりずむ -> むすめ -> めが -> がいしや -> やむ -> むしよけ -> けんぎ -> ぎだゆう -> うちこむ -> むね -> ねんざ -> ざつか
random vs minimax,random,minimax,D5000_seed0_random_vs_minimax_0,5000,0,second,ended_with_n,20,second,minimax,か,ざつか,かかわらず,か,ず,ず,0.140833,False,-156.0,2,2,True,,20,やけど -> どうぞ -> ぞうきばやし -> しゆうず -> ずいじ -> じゆんび -> びでおてえぷ -> ぷりずむ -> むすめ -> めが -> がいしや -> やむ -> むしよけ -> けんぎ -> ぎだゆう -> うちこむ -> むね -> ねんざ -> ざつか -> かかわらず
random vs minimax,random,minimax,D5000_seed0_random_vs_minimax_0,5000,0,second,ended_with_n,21,first,random,ず,かかわらず,ずし,ず,し,し,4e-06,False,0.0,,,,,,やけど -> どうぞ -> ぞうきばやし -> しゆうず -> ずいじ -> じゆんび -> びでおてえぷ -> ぷりずむ -> むすめ -> めが -> がいしや -> やむ -> むしよけ -> けんぎ -> ぎだゆう -> うちこむ -> むね -> ねんざ -> ざつか -> かかわらず -> ずし
random vs minimax,random,minimax,D5000_seed0_random_vs_minimax_0,5000,0,second,ended_with_n,22,second,minimax,し,ずし,しんぴ,し,ぴ,ぴ,0.17437,False,-107.0,2,2,True,,20,やけど -> どうぞ -> ぞうきばやし -> しゆうず -> ずいじ -> じゆんび -> びでおてえぷ -> ぷりずむ -> むすめ -> めが -> がいしや -> やむ -> むしよけ -> けんぎ -> ぎだゆう -> うちこむ -> むね -> ねんざ -> ざつか -> かかわらず -> ずし -> しんぴ
random vs minimax,random,minimax,D5000_seed0_random_vs_minimax_0,5000,0,second,ended_with_n,23,first,random,ぴ,しんぴ,ぴいす,ぴ,す,す,3e-06,False,0.0,,,,,,やけど -> どうぞ -> ぞうきばやし -> しゆうず -> ずいじ -> じゆんび -> びでおてえぷ -> ぷりずむ -> むすめ -> めが -> がいしや -> やむ -> むしよけ -> けんぎ -> ぎだゆう -> うちこむ -> むね -> ねんざ -> ざつか -> かかわらず -> ずし -> しんぴ -> ぴいす
random vs minimax,random,minimax,D5000_seed0_random_vs_minimax_0,5000,0,second,ended_with_n,24,second,minimax,す,ぴいす,すくなからず,す,ず,ず,0.172636,False,-156.0,2,3,True,,20,やけど -> どうぞ -> ぞうきばやし -> しゆうず -> ずいじ -> じゆんび -> びでおてえぷ -> ぷりずむ -> むすめ -> めが -> がいしや -> やむ -> むしよけ -> けんぎ -> ぎだゆう -> うちこむ -> むね -> ねんざ -> ざつか -> かかわらず -> ずし -> しんぴ -> ぴいす -> すくなからず
random vs minimax,random,minimax,D5000_seed0_random_vs_minimax_0,5000,0,second,ended_with_n,25,first,random,ず,すくなからず,ずいしよ,ず,よ,よ,3e-06,False,0.0,,,,,,やけど -> どうぞ -> ぞうきばやし -> しゆうず -> ずいじ -> じゆんび -> びでおてえぷ -> ぷりずむ -> むすめ -> めが -> がいしや -> やむ -> むしよけ -> けんぎ -> ぎだゆう -> うちこむ -> むね -> ねんざ -> ざつか -> かかわらず -> ずし -> しんぴ -> ぴいす -> すくなからず -> ずいしよ
random vs minimax,random,minimax,D5000_seed0_random_vs_minimax_0,5000,0,second,ended_with_n,26,second,minimax,よ,ずいしよ,よろず,よ,ず,ず,1.717467,False,156.0,3,3,True,,20,やけど -> どうぞ -> ぞうきばやし -> しゆうず -> ずいじ -> じゆんび -> びでおてえぷ -> ぷりずむ -> むすめ -> めが -> がいしや -> やむ -> むしよけ -> けんぎ -> ぎだゆう -> うちこむ -> むね -> ねんざ -> ざつか -> かかわらず -> ずし -> しんぴ -> ぴいす -> すくなからず -> ずいしよ -> よろず
random vs minimax,random,minimax,D5000_seed0_random_vs_minimax_0,5000,0,second,ended_with_n,27,first,random,ず,よろず,ずらす,ず,す,す,4e-06,False,0.0,,,,,,やけど -> どうぞ -> ぞうきばやし -> しゆうず -> ずいじ -> じゆんび -> びでおてえぷ -> ぷりずむ -> むすめ -> めが -> がいしや -> やむ -> むしよけ -> けんぎ -> ぎだゆう -> うちこむ -> むね -> ねんざ -> ざつか -> かかわらず -> ずし -> しんぴ -> ぴいす -> すくなからず -> ずいしよ -> よろず -> ずらす
random vs minimax,random,minimax,D5000_seed0_random_vs_minimax_0,5000,0,second,ended_with_n,28,second,minimax,す,ずらす,すこおぷ,す,ぷ,ぷ,1.616825,False,156.0,3,3,True,,20,やけど -> どうぞ -> ぞうきばやし -> しゆうず -> ずいじ -> じゆんび -> びでおてえぷ -> ぷりずむ -> むすめ -> めが -> がいしや -> やむ -> むしよけ -> けんぎ -> ぎだゆう -> うちこむ -> むね -> ねんざ -> ざつか -> かかわらず -> ずし -> しんぴ -> ぴいす -> すくなからず -> ずいしよ -> よろず -> ずらす -> すこおぷ
random vs minimax,random,minimax,D5000_seed0_random_vs_minimax_0,5000,0,second,ended_with_n,29,first,random,ぷ,すこおぷ,ぷうる,ぷ,る,る,5e-06,False,0.0,,,,,,やけど -> どうぞ -> ぞうきばやし -> しゆうず -> ずいじ -> じゆんび -> びでおてえぷ -> ぷりずむ -> むすめ -> めが -> がいしや -> やむ -> むしよけ -> けんぎ -> ぎだゆう -> うちこむ -> むね -> ねんざ -> ざつか -> かかわらず -> ずし -> しんぴ -> ぴいす -> すくなからず -> ずいしよ -> よろず -> ずらす -> すこおぷ -> ぷうる
random vs minimax,random,minimax,D5000_seed0_random_vs_minimax_0,5000,0,second,ended_with_n,30,second,minimax,る,ぷうる,るみのおる,る,る,る,1.092255,False,193.0,3,3,True,,12,やけど -> どうぞ -> ぞうきばやし -> しゆうず -> ずいじ -> じゆんび -> びでおてえぷ -> ぷりずむ -> むすめ -> めが -> がいしや -> やむ -> むしよけ -> けんぎ -> ぎだゆう -> うちこむ -> むね -> ねんざ -> ざつか -> かかわらず -> ずし -> しんぴ -> ぴいす -> すくなからず -> ずいしよ -> よろず -> ずらす -> すこおぷ -> ぷうる -> るみのおる
random vs minimax,random,minimax,D5000_seed0_random_vs_minimax_0,5000,0,second,ended_with_n,31,first,random,る,るみのおる,るうきい,る,い,い,4e-06,False,0.0,,,,,,やけど -> どうぞ -> ぞうきばやし -> しゆうず -> ずいじ -> じゆんび -> びでおてえぷ -> ぷりずむ -> むすめ -> めが -> がいしや -> やむ -> むしよけ -> けんぎ -> ぎだゆう -> うちこむ -> むね -> ねんざ -> ざつか -> かかわらず -> ずし -> しんぴ -> ぴいす -> すくなからず -> ずいしよ -> よろず -> ずらす -> すこおぷ -> ぷうる -> るみのおる -> るうきい
random vs minimax,random,minimax,D5000_seed0_random_vs_minimax_0,5000,0,second,ended_with_n,32,second,minimax,い,るうきい,いからせる,い,る,る,1.126399,False,201.0,3,3,True,,20,やけど -> どうぞ -> ぞうきばやし -> しゆうず -> ずいじ -> じゆんび -> びでおてえぷ -> ぷりずむ -> むすめ -> めが -> がいしや -> やむ -> むしよけ -> けんぎ -> ぎだゆう -> うちこむ -> むね -> ねんざ -> ざつか -> かかわらず -> ずし -> しんぴ -> ぴいす -> すくなからず -> ずいしよ -> よろず -> ずらす -> すこおぷ -> ぷうる -> るみのおる -> るうきい -> いからせる
random vs minimax,random,minimax,D5000_seed0_random_vs_minimax_0,5000,0,second,ended_with_n,33,first,random,る,いからせる,るいせき,る,き,き,4e-06,False,0.0,,,,,,やけど -> どうぞ -> ぞうきばやし -> しゆうず -> ずいじ -> じゆんび -> びでおてえぷ -> ぷりずむ -> むすめ -> めが -> がいしや -> やむ -> むしよけ -> けんぎ -> ぎだゆう -> うちこむ -> むね -> ねんざ -> ざつか -> かかわらず -> ずし -> しんぴ -> ぴいす -> すくなからず -> ずいしよ -> よろず -> ずらす -> すこおぷ -> ぷうる -> るみのおる -> るうきい -> いからせる -> るいせき
random vs minimax,random,minimax,D5000_seed0_random_vs_minimax_0,5000,0,second,ended_with_n,34,second,minimax,き,るいせき,きかせる,き,る,る,1.086368,False,209.0,3,3,True,,20,やけど -> どうぞ -> ぞうきばやし -> しゆうず -> ずいじ -> じゆんび -> びでおてえぷ -> ぷりずむ -> むすめ -> めが -> がいしや -> やむ -> むしよけ -> けんぎ -> ぎだゆう -> うちこむ -> むね -> ねんざ -> ざつか -> かかわらず -> ずし -> しんぴ -> ぴいす -> すくなからず -> ずいしよ -> よろず -> ずらす -> すこおぷ -> ぷうる -> るみのおる -> るうきい -> いからせる -> るいせき -> きかせる
random vs minimax,random,minimax,D5000_seed0_random_vs_minimax_0,5000,0,second,ended_with_n,35,first,random,る,きかせる,るり,る,り,り,4e-06,False,0.0,,,,,,やけど -> どうぞ -> ぞうきばやし -> しゆうず -> ずいじ -> じゆんび -> びでおてえぷ -> ぷりずむ -> むすめ -> めが -> がいしや -> やむ -> むしよけ -> けんぎ -> ぎだゆう -> うちこむ -> むね -> ねんざ -> ざつか -> かかわらず -> ずし -> しんぴ -> ぴいす -> すくなからず -> ずいしよ -> よろず -> ずらす -> すこおぷ -> ぷうる -> るみのおる -> るうきい -> いからせる -> るいせき -> きかせる -> るり
random vs minimax,random,minimax,D5000_seed0_random_vs_minimax_0,5000,0,second,ended_with_n,36,second,minimax,り,るり,りある,り,る,る,1.990165,False,217.0,3,3,True,,20,やけど -> どうぞ -> ぞうきばやし -> しゆうず -> ずいじ -> じゆんび -> びでおてえぷ -> ぷりずむ -> むすめ -> めが -> がいしや -> やむ -> むしよけ -> けんぎ -> ぎだゆう -> うちこむ -> むね -> ねんざ -> ざつか -> かかわらず -> ずし -> しんぴ -> ぴいす -> すくなからず -> ずいしよ -> よろず -> ずらす -> すこおぷ -> ぷうる -> るみのおる -> るうきい -> いからせる -> るいせき -> きかせる -> るり -> りある
random vs minimax,random,minimax,D5000_seed0_random_vs_minimax_0,5000,0,second,ended_with_n,37,first,random,る,りある,るぽ,る,ぽ,ぽ,4e-06,False,0.0,,,,,,やけど -> どうぞ -> ぞうきばやし -> しゆうず -> ずいじ -> じゆんび -> びでおてえぷ -> ぷりずむ -> むすめ -> めが -> がいしや -> やむ -> むしよけ -> けんぎ -> ぎだゆう -> うちこむ -> むね -> ねんざ -> ざつか -> かかわらず -> ずし -> しんぴ -> ぴいす -> すくなからず -> ずいしよ -> よろず -> ずらす -> すこおぷ -> ぷうる -> るみのおる -> るうきい -> いからせる -> るいせき -> きかせる -> るり -> りある -> るぽ
random vs minimax,random,minimax,D5000_seed0_random_vs_minimax_0,5000,0,second,ended_with_n,38,second,minimax,ぽ,るぽ,ぽおたぶる,ぽ,る,る,0.9409,False,1113.5,3,3,True,,11,やけど -> どうぞ -> ぞうきばやし -> しゆうず -> ずいじ -> じゆんび -> びでおてえぷ -> ぷりずむ -> むすめ -> めが -> がいしや -> やむ -> むしよけ -> けんぎ -> ぎだゆう -> うちこむ -> むね -> ねんざ -> ざつか -> かかわらず -> ずし -> しんぴ -> ぴいす -> すくなからず -> ずいしよ -> よろず -> ずらす -> すこおぷ -> ぷうる -> るみのおる -> るうきい -> いからせる -> るいせき -> きかせる -> るり -> りある -> るぽ -> ぽおたぶる
random vs minimax,random,minimax,D5000_seed0_random_vs_minimax_0,5000,0,second,ended_with_n,39,first,random,る,ぽおたぶる,るああ,る,あ,あ,3e-06,False,0.0,,,,,,やけど -> どうぞ -> ぞうきばやし -> しゆうず -> ずいじ -> じゆんび -> びでおてえぷ -> ぷりずむ -> むすめ -> めが -> がいしや -> やむ -> むしよけ -> けんぎ -> ぎだゆう -> うちこむ -> むね -> ねんざ -> ざつか -> かかわらず -> ずし -> しんぴ -> ぴいす -> すくなからず -> ずいしよ -> よろず -> ずらす -> すこおぷ -> ぷうる -> るみのおる -> るうきい -> いからせる -> るいせき -> きかせる -> るり -> りある -> るぽ -> ぽおたぶる -> るああ
random vs minimax,random,minimax,D5000_seed0_random_vs_minimax_0,5000,0,second,ended_with_n,40,second,minimax,あ,るああ,あいてどる,あ,る,る,0.318175,False,1121.5,3,3,True,,20,やけど -> どうぞ -> ぞうきばやし -> しゆうず -> ずいじ -> じゆんび -> びでおてえぷ -> ぷりずむ -> むすめ -> めが -> がいしや -> やむ -> むしよけ -> けんぎ -> ぎだゆう -> うちこむ -> むね -> ねんざ -> ざつか -> かかわらず -> ずし -> しんぴ -> ぴいす -> すくなからず -> ずいしよ -> よろず -> ずらす -> すこおぷ -> ぷうる -> るみのおる -> るうきい -> いからせる -> るいせき -> きかせる -> るり -> りある -> るぽ -> ぽおたぶる -> るああ -> あいてどる
random vs minimax,random,minimax,D5000_seed0_random_vs_minimax_0,5000,0,second,ended_with_n,41,first,random,る,あいてどる,るいすい,る,い,い,4e-06,False,0.0,,,,,,やけど -> どうぞ -> ぞうきばやし -> しゆうず -> ずいじ -> じゆんび -> びでおてえぷ -> ぷりずむ -> むすめ -> めが -> がいしや -> やむ -> むしよけ -> けんぎ -> ぎだゆう -> うちこむ -> むね -> ねんざ -> ざつか -> かかわらず -> ずし -> しんぴ -> ぴいす -> すくなからず -> ずいしよ -> よろず -> ずらす -> すこおぷ -> ぷうる -> るみのおる -> るうきい -> いからせる -> るいせき -> きかせる -> るり -> りある -> るぽ -> ぽおたぶる -> るああ -> あいてどる -> るいすい
random vs minimax,random,minimax,D5000_seed0_random_vs_minimax_0,5000,0,second,ended_with_n,42,second,minimax,い,るいすい,いきる,い,る,る,1.057176,False,1129.5,3,3,True,,20,やけど -> どうぞ -> ぞうきばやし -> しゆうず -> ずいじ -> じゆんび -> びでおてえぷ -> ぷりずむ -> むすめ -> めが -> がいしや -> やむ -> むしよけ -> けんぎ -> ぎだゆう -> うちこむ -> むね -> ねんざ -> ざつか -> かかわらず -> ずし -> しんぴ -> ぴいす -> すくなからず -> ずいしよ -> よろず -> ずらす -> すこおぷ -> ぷうる -> るみのおる -> るうきい -> いからせる -> るいせき -> きかせる -> るり -> りある -> るぽ -> ぽおたぶる -> るああ -> あいてどる -> るいすい -> いきる
random vs minimax,random,minimax,D5000_seed0_random_vs_minimax_0,5000,0,second,ended_with_n,43,first,random,る,いきる,るいけい,る,い,い,4e-06,False,0.0,,,,,,やけど -> どうぞ -> ぞうきばやし -> しゆうず -> ずいじ -> じゆんび -> びでおてえぷ -> ぷりずむ -> むすめ -> めが -> がいしや -> やむ -> むしよけ -> けんぎ -> ぎだゆう -> うちこむ -> むね -> ねんざ -> ざつか -> かかわらず -> ずし -> しんぴ -> ぴいす -> すくなからず -> ずいしよ -> よろず -> ずらす -> すこおぷ -> ぷうる -> るみのおる -> るうきい -> いからせる -> るいせき -> きかせる -> るり -> りある -> るぽ -> ぽおたぶる -> るああ -> あいてどる -> るいすい -> いきる -> るいけい
random vs minimax,random,minimax,D5000_seed0_random_vs_minimax_0,5000,0,second,ended_with_n,44,second,minimax,い,るいけい,いこおる,い,る,る,1.276601,False,1137.5,3,3,True,,20,やけど -> どうぞ -> ぞうきばやし -> しゆうず -> ずいじ -> じゆんび -> びでおてえぷ -> ぷりずむ -> むすめ -> めが -> がいしや -> やむ -> むしよけ -> けんぎ -> ぎだゆう -> うちこむ -> むね -> ねんざ -> ざつか -> かかわらず -> ずし -> しんぴ -> ぴいす -> すくなからず -> ずいしよ -> よろず -> ずらす -> すこおぷ -> ぷうる -> るみのおる -> るうきい -> いからせる -> るいせき -> きかせる -> るり -> りある -> るぽ -> ぽおたぶる -> るああ -> あいてどる -> るいすい -> いきる -> るいけい -> いこおる
random vs minimax,random,minimax,D5000_seed0_random_vs_minimax_0,5000,0,second,ended_with_n,45,first,random,る,いこおる,るぽるたあじゆ,る,ゆ,ゆ,4e-06,False,0.0,,,,,,やけど -> どうぞ -> ぞうきばやし -> しゆうず -> ずいじ -> じゆんび -> びでおてえぷ -> ぷりずむ -> むすめ -> めが -> がいしや -> やむ -> むしよけ -> けんぎ -> ぎだゆう -> うちこむ -> むね -> ねんざ -> ざつか -> かかわらず -> ずし -> しんぴ -> ぴいす -> すくなからず -> ずいしよ -> よろず -> ずらす -> すこおぷ -> ぷうる -> るみのおる -> るうきい -> いからせる -> るいせき -> きかせる -> るり -> りある -> るぽ -> ぽおたぶる -> るああ -> あいてどる -> るいすい -> いきる -> るいけい -> いこおる -> るぽるたあじゆ
random vs minimax,random,minimax,D5000_seed0_random_vs_minimax_0,5000,0,second,ended_with_n,46,second,minimax,ゆ,るぽるたあじゆ,ゆきわたる,ゆ,る,る,2.000023,True,500000.0,3,2,True,,18,やけど -> どうぞ -> ぞうきばやし -> しゆうず -> ずいじ -> じゆんび -> びでおてえぷ -> ぷりずむ -> むすめ -> めが -> がいしや -> やむ -> むしよけ -> けんぎ -> ぎだゆう -> うちこむ -> むね -> ねんざ -> ざつか -> かかわらず -> ずし -> しんぴ -> ぴいす -> すくなからず -> ずいしよ -> よろず -> ずらす -> すこおぷ -> ぷうる -> るみのおる -> るうきい -> いからせる -> るいせき -> きかせる -> るり -> りある -> るぽ -> ぽおたぶる -> るああ -> あいてどる -> るいすい -> いきる -> るいけい -> いこおる -> るぽるたあじゆ -> ゆきわたる
random vs minimax,random,minimax,D5000_seed0_random_vs_minimax_0,5000,0,second,ended_with_n,47,first,random,る,ゆきわたる,るねさんす,る,す,す,4e-06,False,0.0,,,,,,やけど -> どうぞ -> ぞうきばやし -> しゆうず -> ずいじ -> じゆんび -> びでおてえぷ -> ぷりずむ -> むすめ -> めが -> がいしや -> やむ -> むしよけ -> けんぎ -> ぎだゆう -> うちこむ -> むね -> ねんざ -> ざつか -> かかわらず -> ずし -> しんぴ -> ぴいす -> すくなからず -> ずいしよ -> よろず -> ずらす -> すこおぷ -> ぷうる -> るみのおる -> るうきい -> いからせる -> るいせき -> きかせる -> るり -> りある -> るぽ -> ぽおたぶる -> るああ -> あいてどる -> るいすい -> いきる -> るいけい -> いこおる -> るぽるたあじゆ -> ゆきわたる -> るねさんす
random vs minimax,random,minimax,D5000_seed0_random_vs_minimax_0,5000,0,second,ended_with_n,48,second,minimax,す,るねさんす,すくうる,す,る,る,0.166662,False,1000000.0,2,2,True,,20,やけど -> どうぞ -> ぞうきばやし -> しゆうず -> ずいじ -> じゆんび -> びでおてえぷ -> ぷりずむ -> むすめ -> めが -> がいしや -> やむ -> むしよけ -> けんぎ -> ぎだゆう -> うちこむ -> むね -> ねんざ -> ざつか -> かかわらず -> ずし -> しんぴ -> ぴいす -> すくなからず -> ずいしよ -> よろず -> ずらす -> すこおぷ -> ぷうる -> るみのおる -> るうきい -> いからせる -> るいせき -> きかせる -> るり -> りある -> るぽ -> ぽおたぶる -> るああ -> あいてどる -> るいすい -> いきる -> るいけい -> いこおる -> るぽるたあじゆ -> ゆきわたる -> るねさんす -> すくうる
random vs minimax,random,minimax,D5000_seed0_random_vs_minimax_0,5000,0,second,ended_with_n,49,first,random,る,すくうる,るうちん,る,ん,,4e-06,False,0.0,,,,,,やけど -> どうぞ -> ぞうきばやし -> しゆうず -> ずいじ -> じゆんび -> びでおてえぷ -> ぷりずむ -> むすめ -> めが -> がいしや -> やむ -> むしよけ -> けんぎ -> ぎだゆう -> うちこむ -> むね -> ねんざ -> ざつか -> かかわらず -> ずし -> しんぴ -> ぴいす -> すくなからず -> ずいしよ -> よろず -> ずらす -> すこおぷ -> ぷうる -> るみのおる -> るうきい -> いからせる -> るいせき -> きかせる -> るり -> りある -> るぽ -> ぽおたぶる -> るああ -> あいてどる -> るいすい -> いきる -> るいけい -> いこおる -> るぽるたあじゆ -> ゆきわたる -> るねさんす -> すくうる -> るうちん
random vs monte_carlo,random,monte_carlo,D5000_seed0_random_vs_monte_carlo_0,5000,0,second,ended_with_n,1,first,random,ANY,,やけど,や,ど,ど,0.000303,False,0.0,,,,,,やけど
random vs monte_carlo,random,monte_carlo,D5000_seed0_random_vs_monte_carlo_0,5000,0,second,ended_with_n,2,second,monte_carlo,ど,やけど,どもる,ど,る,る,0.21879,False,0.8,,,,,,やけど -> どもる
random vs monte_carlo,random,monte_carlo,D5000_seed0_random_vs_monte_carlo_0,5000,0,second,ended_with_n,3,first,random,る,どもる,るいけい,る,い,い,2e-06,False,0.0,,,,,,やけど -> どもる -> るいけい
random vs monte_carlo,random,monte_carlo,D5000_seed0_random_vs_monte_carlo_0,5000,0,second,ended_with_n,4,second,monte_carlo,い,るいけい,いからせる,い,る,る,0.192868,False,0.8,,,,,,やけど -> どもる -> るいけい -> いからせる
random vs monte_carlo,random,monte_carlo,D5000_seed0_random_vs_monte_carlo_0,5000,0,second,ended_with_n,5,first,random,る,いからせる,るぽるたあじゆ,る,ゆ,ゆ,2e-06,False,0.0,,,,,,やけど -> どもる -> るいけい -> いからせる -> るぽるたあじゆ
random vs monte_carlo,random,monte_carlo,D5000_seed0_random_vs_monte_carlo_0,5000,0,second,ended_with_n,6,second,monte_carlo,ゆ,るぽるたあじゆ,ゆれる,ゆ,る,る,0.176304,False,0.8275,,,,,,やけど -> どもる -> るいけい -> いからせる -> るぽるたあじゆ -> ゆれる
random vs monte_carlo,random,monte_carlo,D5000_seed0_random_vs_monte_carlo_0,5000,0,second,ended_with_n,7,first,random,る,ゆれる,るり,る,り,り,2e-06,False,0.0,,,,,,やけど -> どもる -> るいけい -> いからせる -> るぽるたあじゆ -> ゆれる -> るり
random vs monte_carlo,random,monte_carlo,D5000_seed0_random_vs_monte_carlo_0,5000,0,second,ended_with_n,8,second,monte_carlo,り,るり,りある,り,る,る,0.140799,False,0.8,,,,,,やけど -> どもる -> るいけい -> いからせる -> るぽるたあじゆ -> ゆれる -> るり -> りある
random vs monte_carlo,random,monte_carlo,D5000_seed0_random_vs_monte_carlo_0,5000,0,second,ended_with_n,9,first,random,る,りある,るぽ,る,ぽ,ぽ,2e-06,False,0.0,,,,,,やけど -> どもる -> るいけい -> いからせる -> るぽるたあじゆ -> ゆれる -> るり -> りある -> るぽ
random vs monte_carlo,random,monte_carlo,D5000_seed0_random_vs_monte_carlo_0,5000,0,second,ended_with_n,10,second,monte_carlo,ぽ,るぽ,ぽおたぶる,ぽ,る,る,0.070182,False,1.0,,,,,,やけど -> どもる -> るいけい -> いからせる -> るぽるたあじゆ -> ゆれる -> るり -> りある -> るぽ -> ぽおたぶる
random vs monte_carlo,random,monte_carlo,D5000_seed0_random_vs_monte_carlo_0,5000,0,second,ended_with_n,11,first,random,る,ぽおたぶる,るああ,る,あ,あ,2e-06,False,0.0,,,,,,やけど -> どもる -> るいけい -> いからせる -> るぽるたあじゆ -> ゆれる -> るり -> りある -> るぽ -> ぽおたぶる -> るああ
random vs monte_carlo,random,monte_carlo,D5000_seed0_random_vs_monte_carlo_0,5000,0,second,ended_with_n,12,second,monte_carlo,あ,るああ,あたいする,あ,る,る,0.089733,False,0.8,,,,,,やけど -> どもる -> るいけい -> いからせる -> るぽるたあじゆ -> ゆれる -> るり -> りある -> るぽ -> ぽおたぶる -> るああ -> あたいする
random vs monte_carlo,random,monte_carlo,D5000_seed0_random_vs_monte_carlo_0,5000,0,second,ended_with_n,13,first,random,る,あたいする,るうきい,る,い,い,2e-06,False,0.0,,,,,,やけど -> どもる -> るいけい -> いからせる -> るぽるたあじゆ -> ゆれる -> るり -> りある -> るぽ -> ぽおたぶる -> るああ -> あたいする -> るうきい
random vs monte_carlo,random,monte_carlo,D5000_seed0_random_vs_monte_carlo_0,5000,0,second,ended_with_n,14,second,monte_carlo,い,るうきい,いすたんぶうる,い,る,る,0.085044,False,0.9,,,,,,やけど -> どもる -> るいけい -> いからせる -> るぽるたあじゆ -> ゆれる -> るり -> りある -> るぽ -> ぽおたぶる -> るああ -> あたいする -> るうきい -> いすたんぶうる
random vs monte_carlo,random,monte_carlo,D5000_seed0_random_vs_monte_carlo_0,5000,0,second,ended_with_n,15,first,random,る,いすたんぶうる,るいせき,る,き,き,2e-06,False,0.0,,,,,,やけど -> どもる -> るいけい -> いからせる -> るぽるたあじゆ -> ゆれる -> るり -> りある -> るぽ -> ぽおたぶる -> るああ -> あたいする -> るうきい -> いすたんぶうる -> るいせき
random vs monte_carlo,random,monte_carlo,D5000_seed0_random_vs_monte_carlo_0,5000,0,second,ended_with_n,16,second,monte_carlo,き,るいせき,きぬ,き,ぬ,ぬ,0.058342,False,0.8,,,,,,やけど -> どもる -> るいけい -> いからせる -> るぽるたあじゆ -> ゆれる -> るり -> りある -> るぽ -> ぽおたぶる -> るああ -> あたいする -> るうきい -> いすたんぶうる -> るいせき -> きぬ
random vs monte_carlo,random,monte_carlo,D5000_seed0_random_vs_monte_carlo_0,5000,0,second,ended_with_n,17,first,random,ぬ,きぬ,ぬうど,ぬ,ど,ど,3e-06,False,0.0,,,,,,やけど -> どもる -> るいけい -> いからせる -> るぽるたあじゆ -> ゆれる -> るり -> りある -> るぽ -> ぽおたぶる -> るああ -> あたいする -> るうきい -> いすたんぶうる -> るいせき -> きぬ -> ぬうど
random vs monte_carlo,random,monte_carlo,D5000_seed0_random_vs_monte_carlo_0,5000,0,second,ended_with_n,18,second,monte_carlo,ど,ぬうど,どらむ,ど,む,む,0.068312,False,0.7,,,,,,やけど -> どもる -> るいけい -> いからせる -> るぽるたあじゆ -> ゆれる -> るり -> りある -> るぽ -> ぽおたぶる -> るああ -> あたいする -> るうきい -> いすたんぶうる -> るいせき -> きぬ -> ぬうど -> どらむ
random vs monte_carlo,random,monte_carlo,D5000_seed0_random_vs_monte_carlo_0,5000,0,second,ended_with_n,19,first,random,む,どらむ,むさべつ,む,つ,つ,5e-06,False,0.0,,,,,,やけど -> どもる -> るいけい -> いからせる -> るぽるたあじゆ -> ゆれる -> るり -> りある -> るぽ -> ぽおたぶる -> るああ -> あたいする -> るうきい -> いすたんぶうる -> るいせき -> きぬ -> ぬうど -> どらむ -> むさべつ
random vs monte_carlo,random,monte_carlo,D5000_seed0_random_vs_monte_carlo_0,5000,0,second,ended_with_n,20,second,monte_carlo,つ,むさべつ,つけね,つ,ね,ね,0.060794,False,0.8,,,,,,やけど -> どもる -> るいけい -> いからせる -> るぽるたあじゆ -> ゆれる -> るり -> りある -> るぽ -> ぽおたぶる -> るああ -> あたいする -> るうきい -> いすたんぶうる -> るいせき -> きぬ -> ぬうど -> どらむ -> むさべつ -> つけね
random vs monte_carlo,random,monte_carlo,D5000_seed0_random_vs_monte_carlo_0,5000,0,second,ended_with_n,21,first,random,ね,つけね,ねくたい,ね,い,い,5e-06,False,0.0,,,,,,やけど -> どもる -> るいけい -> いからせる -> るぽるたあじゆ -> ゆれる -> るり -> りある -> るぽ -> ぽおたぶる -> るああ -> あたいする -> るうきい -> いすたんぶうる -> るいせき -> きぬ -> ぬうど -> どらむ -> むさべつ -> つけね -> ねくたい
random vs monte_carlo,random,monte_carlo,D5000_seed0_random_vs_monte_carlo_0,5000,0,second,ended_with_n,22,second,monte_carlo,い,ねくたい,いとめる,い,る,る,0.065709,False,0.7,,,,,,やけど -> どもる -> るいけい -> いからせる -> るぽるたあじゆ -> ゆれる -> るり -> りある -> るぽ -> ぽおたぶる -> るああ -> あたいする -> るうきい -> いすたんぶうる -> るいせき -> きぬ -> ぬうど -> どらむ -> むさべつ -> つけね -> ねくたい -> いとめる
random vs monte_carlo,random,monte_carlo,D5000_seed0_random_vs_monte_carlo_0,5000,0,second,ended_with_n,23,first,random,る,いとめる,るねさんす,る,す,す,2e-06,False,0.0,,,,,,やけど -> どもる -> るいけい -> いからせる -> るぽるたあじゆ -> ゆれる -> るり -> りある -> るぽ -> ぽおたぶる -> るああ -> あたいする -> るうきい -> いすたんぶうる -> るいせき -> きぬ -> ぬうど -> どらむ -> むさべつ -> つけね -> ねくたい -> いとめる -> るねさんす
random vs monte_carlo,random,monte_carlo,D5000_seed0_random_vs_monte_carlo_0,5000,0,second,ended_with_n,24,second,monte_carlo,す,るねさんす,すとらいぷ,す,ぷ,ぷ,0.042069,False,0.8,,,,,,やけど -> どもる -> るいけい -> いからせる -> るぽるたあじゆ -> ゆれる -> るり -> りある -> るぽ -> ぽおたぶる -> るああ -> あたいする -> るうきい -> いすたんぶうる -> るいせき -> きぬ -> ぬうど -> どらむ -> むさべつ -> つけね -> ねくたい -> いとめる -> るねさんす -> すとらいぷ
random vs monte_carlo,random,monte_carlo,D5000_seed0_random_vs_monte_carlo_0,5000,0,second,ended_with_n,25,first,random,ぷ,すとらいぷ,ぷうる,ぷ,る,る,4e-06,False,0.0,,,,,,やけど -> どもる -> るいけい -> いからせる -> るぽるたあじゆ -> ゆれる -> るり -> りある -> るぽ -> ぽおたぶる -> るああ -> あたいする -> るうきい -> いすたんぶうる -> るいせき -> きぬ -> ぬうど -> どらむ -> むさべつ -> つけね -> ねくたい -> いとめる -> るねさんす -> すとらいぷ -> ぷうる
random vs monte_carlo,random,monte_carlo,D5000_seed0_random_vs_monte_carlo_0,5000,0,second,ended_with_n,26,second,monte_carlo,る,ぷうる,るみのおる,る,る,る,0.002029,False,0.6,,,,,,やけど -> どもる -> るいけい -> いからせる -> るぽるたあじゆ -> ゆれる -> るり -> りある -> るぽ -> ぽおたぶる -> るああ -> あたいする -> るうきい -> いすたんぶうる -> るいせき -> きぬ -> ぬうど -> どらむ -> むさべつ -> つけね -> ねくたい -> いとめる -> るねさんす -> すとらいぷ -> ぷうる -> るみのおる
random vs monte_carlo,random,monte_carlo,D5000_seed0_random_vs_monte_carlo_0,5000,0,second,ended_with_n,27,first,random,る,るみのおる,るいすい,る,い,い,2e-06,False,0.0,,,,,,やけど -> どもる -> るいけい -> いからせる -> るぽるたあじゆ -> ゆれる -> るり -> りある -> るぽ -> ぽおたぶる -> るああ -> あたいする -> るうきい -> いすたんぶうる -> るいせき -> きぬ -> ぬうど -> どらむ -> むさべつ -> つけね -> ねくたい -> いとめる -> るねさんす -> すとらいぷ -> ぷうる -> るみのおる -> るいすい
random vs monte_carlo,random,monte_carlo,D5000_seed0_random_vs_monte_carlo_0,5000,0,second,ended_with_n,28,second,monte_carlo,い,るいすい,いきる,い,る,る,0.01516,False,1.0,,,,,,やけど -> どもる -> るいけい -> いからせる -> るぽるたあじゆ -> ゆれる -> るり -> りある -> るぽ -> ぽおたぶる -> るああ -> あたいする -> るうきい -> いすたんぶうる -> るいせき -> きぬ -> ぬうど -> どらむ -> むさべつ -> つけね -> ねくたい -> いとめる -> るねさんす -> すとらいぷ -> ぷうる -> るみのおる -> るいすい -> いきる
random vs monte_carlo,random,monte_carlo,D5000_seed0_random_vs_monte_carlo_0,5000,0,second,ended_with_n,29,first,random,る,いきる,るうちん,る,ん,,2e-06,False,0.0,,,,,,やけど -> どもる -> るいけい -> いからせる -> るぽるたあじゆ -> ゆれる -> るり -> りある -> るぽ -> ぽおたぶる -> るああ -> あたいする -> るうきい -> いすたんぶうる -> るいせき -> きぬ -> ぬうど -> どらむ -> むさべつ -> つけね -> ねくたい -> いとめる -> るねさんす -> すとらいぷ -> ぷうる -> るみのおる -> るいすい -> いきる -> るうちん
random vs alpha_beta,random,alpha_beta,D5000_seed0_random_vs_alpha_beta_0,5000,0,second,ended_with_n,1,first,random,ANY,,やけど,や,ど,ど,0.000345,False,0.0,,,,,,やけど
random vs alpha_beta,random,alpha_beta,D5000_seed0_random_vs_alpha_beta_0,5000,0,second,ended_with_n,2,second,alpha_beta,ど,やけど,どうぞ,ど,ぞ,ぞ,0.790943,False,-156.0,4,4,True,466,20,やけど -> どうぞ
random vs alpha_beta,random,alpha_beta,D5000_seed0_random_vs_alpha_beta_0,5000,0,second,ended_with_n,3,first,random,ぞ,どうぞ,ぞうきばやし,ぞ,し,し,5e-06,False,0.0,,,,,,やけど -> どうぞ -> ぞうきばやし
random vs alpha_beta,random,alpha_beta,D5000_seed0_random_vs_alpha_beta_0,5000,0,second,ended_with_n,4,second,alpha_beta,し,ぞうきばやし,しんぴ,し,ぴ,ぴ,0.587266,False,-156.0,4,4,True,373,20,やけど -> どうぞ -> ぞうきばやし -> しんぴ
random vs alpha_beta,random,alpha_beta,D5000_seed0_random_vs_alpha_beta_0,5000,0,second,ended_with_n,5,first,random,ぴ,しんぴ,ぴつちやあ,ぴ,あ,あ,5e-06,False,0.0,,,,,,やけど -> どうぞ -> ぞうきばやし -> しんぴ -> ぴつちやあ
random vs alpha_beta,random,alpha_beta,D5000_seed0_random_vs_alpha_beta_0,5000,0,second,ended_with_n,6,second,alpha_beta,あ,ぴつちやあ,あんぴ,あ,ぴ,ぴ,0.380412,False,-156.0,4,4,True,267,20,やけど -> どうぞ -> ぞうきばやし -> しんぴ -> ぴつちやあ -> あんぴ
random vs alpha_beta,random,alpha_beta,D5000_seed0_random_vs_alpha_beta_0,5000,0,second,ended_with_n,7,first,random,ぴ,あんぴ,ぴつくあつぷさあびす,ぴ,す,す,4e-06,False,0.0,,,,,,やけど -> どうぞ -> ぞうきばやし -> しんぴ -> ぴつちやあ -> あんぴ -> ぴつくあつぷさあびす
random vs alpha_beta,random,alpha_beta,D5000_seed0_random_vs_alpha_beta_0,5000,0,second,ended_with_n,8,second,alpha_beta,す,ぴつくあつぷさあびす,すくなからず,す,ず,ず,0.677763,False,-156.0,4,4,True,431,20,やけど -> どうぞ -> ぞうきばやし -> しんぴ -> ぴつちやあ -> あんぴ -> ぴつくあつぷさあびす -> すくなからず
random vs alpha_beta,random,alpha_beta,D5000_seed0_random_vs_alpha_beta_0,5000,0,second,ended_with_n,9,first,random,ず,すくなからず,ずし,ず,し,し,4e-06,False,0.0,,,,,,やけど -> どうぞ -> ぞうきばやし -> しんぴ -> ぴつちやあ -> あんぴ -> ぴつくあつぷさあびす -> すくなからず -> ずし
random vs alpha_beta,random,alpha_beta,D5000_seed0_random_vs_alpha_beta_0,5000,0,second,ended_with_n,10,second,alpha_beta,し,ずし,しゆうず,し,ず,ず,0.517955,False,-156.0,4,4,True,395,20,やけど -> どうぞ -> ぞうきばやし -> しんぴ -> ぴつちやあ -> あんぴ -> ぴつくあつぷさあびす -> すくなからず -> ずし -> しゆうず
random vs alpha_beta,random,alpha_beta,D5000_seed0_random_vs_alpha_beta_0,5000,0,second,ended_with_n,11,first,random,ず,しゆうず,ずじよう,ず,う,う,5e-06,False,0.0,,,,,,やけど -> どうぞ -> ぞうきばやし -> しんぴ -> ぴつちやあ -> あんぴ -> ぴつくあつぷさあびす -> すくなからず -> ずし -> しゆうず -> ずじよう
random vs alpha_beta,random,alpha_beta,D5000_seed0_random_vs_alpha_beta_0,5000,0,second,ended_with_n,12,second,alpha_beta,う,ずじよう,うでぢから,う,ら,ら,0.914074,False,-156.0,4,4,True,458,20,やけど -> どうぞ -> ぞうきばやし -> しんぴ -> ぴつちやあ -> あんぴ -> ぴつくあつぷさあびす -> すくなからず -> ずし -> しゆうず -> ずじよう -> うでぢから
random vs alpha_beta,random,alpha_beta,D5000_seed0_random_vs_alpha_beta_0,5000,0,second,ended_with_n,13,first,random,ら,うでぢから,らいだあ,ら,あ,あ,6e-06,False,0.0,,,,,,やけど -> どうぞ -> ぞうきばやし -> しんぴ -> ぴつちやあ -> あんぴ -> ぴつくあつぷさあびす -> すくなからず -> ずし -> しゆうず -> ずじよう -> うでぢから -> らいだあ
random vs alpha_beta,random,alpha_beta,D5000_seed0_random_vs_alpha_beta_0,5000,0,second,ended_with_n,14,second,alpha_beta,あ,らいだあ,あいず,あ,ず,ず,0.318589,False,-156.0,4,4,True,263,20,やけど -> どうぞ -> ぞうきばやし -> しんぴ -> ぴつちやあ -> あんぴ -> ぴつくあつぷさあびす -> すくなからず -> ずし -> しゆうず -> ずじよう -> うでぢから -> らいだあ -> あいず
random vs alpha_beta,random,alpha_beta,D5000_seed0_random_vs_alpha_beta_0,5000,0,second,ended_with_n,15,first,random,ず,あいず,ずきずき,ず,き,き,5e-06,False,0.0,,,,,,やけど -> どうぞ -> ぞうきばやし -> しんぴ -> ぴつちやあ -> あんぴ -> ぴつくあつぷさあびす -> すくなからず -> ずし -> しゆうず -> ずじよう -> うでぢから -> らいだあ -> あいず -> ずきずき
random vs alpha_beta,random,alpha_beta,D5000_seed0_random_vs_alpha_beta_0,5000,0,second,ended_with_n,16,second,alpha_beta,き,ずきずき,きつず,き,ず,ず,0.622017,False,-156.0,4,4,True,512,20,やけど -> どうぞ -> ぞうきばやし -> しんぴ -> ぴつちやあ -> あんぴ -> ぴつくあつぷさあびす -> すくなからず -> ずし -> しゆうず -> ずじよう -> うでぢから -> らいだあ -> あいず -> ずきずき -> きつず
random vs alpha_beta,random,alpha_beta,D5000_seed0_random_vs_alpha_beta_0,5000,0,second,ended_with_n,17,first,random,ず,きつず,ずいじ,ず,じ,じ,5e-06,False,0.0,,,,,,やけど -> どうぞ -> ぞうきばやし -> しんぴ -> ぴつちやあ -> あんぴ -> ぴつくあつぷさあびす -> すくなからず -> ずし -> しゆうず -> ずじよう -> うでぢから -> らいだあ -> あいず -> ずきずき -> きつず -> ずいじ
random vs alpha_beta,random,alpha_beta,D5000_seed0_random_vs_alpha_beta_0,5000,0,second,ended_with_n,18,second,alpha_beta,じ,ずいじ,じゆんび,じ,び,び,0.836848,False,-156.0,4,4,True,463,20,やけど -> どうぞ -> ぞうきばやし -> しんぴ -> ぴつちやあ -> あんぴ -> ぴつくあつぷさあびす -> すくなからず -> ずし -> しゆうず -> ずじよう -> うでぢから -> らいだあ -> あいず -> ずきずき -> きつず -> ずいじ -> じゆんび
random vs alpha_beta,random,alpha_beta,D5000_seed0_random_vs_alpha_beta_0,5000,0,second,ended_with_n,19,first,random,び,じゆんび,びくとりあ,び,あ,あ,6e-06,False,0.0,,,,,,やけど -> どうぞ -> ぞうきばやし -> しんぴ -> ぴつちやあ -> あんぴ -> ぴつくあつぷさあびす -> すくなからず -> ずし -> しゆうず -> ずじよう -> うでぢから -> らいだあ -> あいず -> ずきずき -> きつず -> ずいじ -> じゆんび -> びくとりあ
random vs alpha_beta,random,alpha_beta,D5000_seed0_random_vs_alpha_beta_0,5000,0,second,ended_with_n,20,second,alpha_beta,あ,びくとりあ,あいぬ,あ,ぬ,ぬ,0.339656,False,-156.0,4,4,True,239,20,やけど -> どうぞ -> ぞうきばやし -> しんぴ -> ぴつちやあ -> あんぴ -> ぴつくあつぷさあびす -> すくなからず -> ずし -> しゆうず -> ずじよう -> うでぢから -> らいだあ -> あいず -> ずきずき -> きつず -> ずいじ -> じゆんび -> びくとりあ -> あいぬ
random vs alpha_beta,random,alpha_beta,D5000_seed0_random_vs_alpha_beta_0,5000,0,second,ended_with_n,21,first,random,ぬ,あいぬ,ぬるい,ぬ,い,い,4e-06,False,0.0,,,,,,やけど -> どうぞ -> ぞうきばやし -> しんぴ -> ぴつちやあ -> あんぴ -> ぴつくあつぷさあびす -> すくなからず -> ずし -> しゆうず -> ずじよう -> うでぢから -> らいだあ -> あいず -> ずきずき -> きつず -> ずいじ -> じゆんび -> びくとりあ -> あいぬ -> ぬるい
random vs alpha_beta,random,alpha_beta,D5000_seed0_random_vs_alpha_beta_0,5000,0,second,ended_with_n,22,second,alpha_beta,い,ぬるい,いちず,い,ず,ず,0.401519,False,-156.0,4,4,True,340,20,やけど -> どうぞ -> ぞうきばやし -> しんぴ -> ぴつちやあ -> あんぴ -> ぴつくあつぷさあびす -> すくなからず -> ずし -> しゆうず -> ずじよう -> うでぢから -> らいだあ -> あいず -> ずきずき -> きつず -> ずいじ -> じゆんび -> びくとりあ -> あいぬ -> ぬるい -> いちず
random vs alpha_beta,random,alpha_beta,D5000_seed0_random_vs_alpha_beta_0,5000,0,second,ended_with_n,23,first,random,ず,いちず,ずらす,ず,す,す,3e-06,False,0.0,,,,,,やけど -> どうぞ -> ぞうきばやし -> しんぴ -> ぴつちやあ -> あんぴ -> ぴつくあつぷさあびす -> すくなからず -> ずし -> しゆうず -> ずじよう -> うでぢから -> らいだあ -> あいず -> ずきずき -> きつず -> ずいじ -> じゆんび -> びくとりあ -> あいぬ -> ぬるい -> いちず -> ずらす
random vs alpha_beta,random,alpha_beta,D5000_seed0_random_vs_alpha_beta_0,5000,0,second,ended_with_n,24,second,alpha_beta,す,ずらす,すら,す,ら,ら,0.844121,False,-156.0,4,4,True,445,20,やけど -> どうぞ -> ぞうきばやし -> しんぴ -> ぴつちやあ -> あんぴ -> ぴつくあつぷさあびす -> すくなからず -> ずし -> しゆうず -> ずじよう -> うでぢから -> らいだあ -> あいず -> ずきずき -> きつず -> ずいじ -> じゆんび -> びくとりあ -> あいぬ -> ぬるい -> いちず -> ずらす -> すら
random vs alpha_beta,random,alpha_beta,D5000_seed0_random_vs_alpha_beta_0,5000,0,second,ended_with_n,25,first,random,ら,すら,らちもんだい,ら,い,い,7e-06,False,0.0,,,,,,やけど -> どうぞ -> ぞうきばやし -> しんぴ -> ぴつちやあ -> あんぴ -> ぴつくあつぷさあびす -> すくなからず -> ずし -> しゆうず -> ずじよう -> うでぢから -> らいだあ -> あいず -> ずきずき -> きつず -> ずいじ -> じゆんび -> びくとりあ -> あいぬ -> ぬるい -> いちず -> ずらす -> すら -> らちもんだい
random vs alpha_beta,random,alpha_beta,D5000_seed0_random_vs_alpha_beta_0,5000,0,second,ended_with_n,26,second,alpha_beta,い,らちもんだい,いんふるえんざ,い,ざ,ざ,0.71233,False,-156.0,4,4,True,366,20,やけど -> どうぞ -> ぞうきばやし -> しんぴ -> ぴつちやあ -> あんぴ -> ぴつくあつぷさあびす -> すくなからず -> ずし -> しゆうず -> ずじよう -> うでぢから -> らいだあ -> あいず -> ずきずき -> きつず -> ずいじ -> じゆんび -> びくとりあ -> あいぬ -> ぬるい -> いちず -> ずらす -> すら -> らちもんだい -> いんふるえんざ
random vs alpha_beta,random,alpha_beta,D5000_seed0_random_vs_alpha_beta_0,5000,0,second,ended_with_n,27,first,random,ざ,いんふるえんざ,ざしき,ざ,き,き,7e-06,False,0.0,,,,,,やけど -> どうぞ -> ぞうきばやし -> しんぴ -> ぴつちやあ -> あんぴ -> ぴつくあつぷさあびす -> すくなからず -> ずし -> しゆうず -> ずじよう -> うでぢから -> らいだあ -> あいず -> ずきずき -> きつず -> ずいじ -> じゆんび -> びくとりあ -> あいぬ -> ぬるい -> いちず -> ずらす -> すら -> らちもんだい -> いんふるえんざ -> ざしき
random vs alpha_beta,random,alpha_beta,D5000_seed0_random_vs_alpha_beta_0,5000,0,second,ended_with_n,28,second,alpha_beta,き,ざしき,きぬ,き,ぬ,ぬ,0.639758,False,-156.0,4,4,True,370,20,やけど -> どうぞ -> ぞうきばやし -> しんぴ -> ぴつちやあ -> あんぴ -> ぴつくあつぷさあびす -> すくなからず -> ずし -> しゆうず -> ずじよう -> うでぢから -> らいだあ -> あいず -> ずきずき -> きつず -> ずいじ -> じゆんび -> びくとりあ -> あいぬ -> ぬるい -> いちず -> ずらす -> すら -> らちもんだい -> いんふるえんざ -> ざしき -> きぬ
random vs alpha_beta,random,alpha_beta,D5000_seed0_random_vs_alpha_beta_0,5000,0,second,ended_with_n,29,first,random,ぬ,きぬ,ぬの,ぬ,の,の,6e-06,False,0.0,,,,,,やけど -> どうぞ -> ぞうきばやし -> しんぴ -> ぴつちやあ -> あんぴ -> ぴつくあつぷさあびす -> すくなからず -> ずし -> しゆうず -> ずじよう -> うでぢから -> らいだあ -> あいず -> ずきずき -> きつず -> ずいじ -> じゆんび -> びくとりあ -> あいぬ -> ぬるい -> いちず -> ずらす -> すら -> らちもんだい -> いんふるえんざ -> ざしき -> きぬ -> ぬの
random vs alpha_beta,random,alpha_beta,D5000_seed0_random_vs_alpha_beta_0,5000,0,second,ended_with_n,30,second,alpha_beta,の,ぬの,のはら,の,ら,ら,1.068986,False,-156.0,4,4,True,511,20,やけど -> どうぞ -> ぞうきばやし -> しんぴ -> ぴつちやあ -> あんぴ -> ぴつくあつぷさあびす -> すくなからず -> ずし -> しゆうず -> ずじよう -> うでぢから -> らいだあ -> あいず -> ずきずき -> きつず -> ずいじ -> じゆんび -> びくとりあ -> あいぬ -> ぬるい -> いちず -> ずらす -> すら -> らちもんだい -> いんふるえんざ -> ざしき -> きぬ -> ぬの -> のはら
random vs alpha_beta,random,alpha_beta,D5000_seed0_random_vs_alpha_beta_0,5000,0,second,ended_with_n,31,first,random,ら,のはら,らんどせる,ら,る,る,7e-06,False,0.0,,,,,,やけど -> どうぞ -> ぞうきばやし -> しんぴ -> ぴつちやあ -> あんぴ -> ぴつくあつぷさあびす -> すくなからず -> ずし -> しゆうず -> ずじよう -> うでぢから -> らいだあ -> あいず -> ずきずき -> きつず -> ずいじ -> じゆんび -> びくとりあ -> あいぬ -> ぬるい -> いちず -> ずらす -> すら -> らちもんだい -> いんふるえんざ -> ざしき -> きぬ -> ぬの -> のはら -> らんどせる
random vs alpha_beta,random,alpha_beta,D5000_seed0_random_vs_alpha_beta_0,5000,0,second,ended_with_n,32,second,alpha_beta,る,らんどせる,るみのおる,る,る,る,0.19847,False,-98.0,4,4,True,146,12,やけど -> どうぞ -> ぞうきばやし -> しんぴ -> ぴつちやあ -> あんぴ -> ぴつくあつぷさあびす -> すくなからず -> ずし -> しゆうず -> ずじよう -> うでぢから -> らいだあ -> あいず -> ずきずき -> きつず -> ずいじ -> じゆんび -> びくとりあ -> あいぬ -> ぬるい -> いちず -> ずらす -> すら -> らちもんだい -> いんふるえんざ -> ざしき -> きぬ -> ぬの -> のはら -> らんどせる -> るみのおる
random vs alpha_beta,random,alpha_beta,D5000_seed0_random_vs_alpha_beta_0,5000,0,second,ended_with_n,33,first,random,る,るみのおる,るぽ,る,ぽ,ぽ,6e-06,False,0.0,,,,,,やけど -> どうぞ -> ぞうきばやし -> しんぴ -> ぴつちやあ -> あんぴ -> ぴつくあつぷさあびす -> すくなからず -> ずし -> しゆうず -> ずじよう -> うでぢから -> らいだあ -> あいず -> ずきずき -> きつず -> ずいじ -> じゆんび -> びくとりあ -> あいぬ -> ぬるい -> いちず -> ずらす -> すら -> らちもんだい -> いんふるえんざ -> ざしき -> きぬ -> ぬの -> のはら -> らんどせる -> るみのおる -> るぽ
random vs alpha_beta,random,alpha_beta,D5000_seed0_random_vs_alpha_beta_0,5000,0,second,ended_with_n,34,second,alpha_beta,ぽ,るぽ,ぽおたぶる,ぽ,る,る,0.182094,False,215.0,4,4,True,155,11,やけど -> どうぞ -> ぞうきばやし -> しんぴ -> ぴつちやあ -> あんぴ -> ぴつくあつぷさあびす -> すくなからず -> ずし -> しゆうず -> ずじよう -> うでぢから -> らいだあ -> あいず -> ずきずき -> きつず -> ずいじ -> じゆんび -> びくとりあ -> あいぬ -> ぬるい -> いちず -> ずらす -> すら -> らちもんだい -> いんふるえんざ -> ざしき -> きぬ -> ぬの -> のはら -> らんどせる -> るみのおる -> るぽ -> ぽおたぶる
random vs alpha_beta,random,alpha_beta,D5000_seed0_random_vs_alpha_beta_0,5000,0,second,ended_with_n,35,first,random,る,ぽおたぶる,るいけい,る,い,い,3e-06,False,0.0,,,,,,やけど -> どうぞ -> ぞうきばやし -> しんぴ -> ぴつちやあ -> あんぴ -> ぴつくあつぷさあびす -> すくなからず -> ずし -> しゆうず -> ずじよう -> うでぢから -> らいだあ -> あいず -> ずきずき -> きつず -> ずいじ -> じゆんび -> びくとりあ -> あいぬ -> ぬるい -> いちず -> ずらす -> すら -> らちもんだい -> いんふるえんざ -> ざしき -> きぬ -> ぬの -> のはら -> らんどせる -> るみのおる -> るぽ -> ぽおたぶる -> るいけい
random vs alpha_beta,random,alpha_beta,D5000_seed0_random_vs_alpha_beta_0,5000,0,second,ended_with_n,36,second,alpha_beta,い,るいけい,いからせる,い,る,る,0.340294,False,238.0,4,4,True,443,20,やけど -> どうぞ -> ぞうきばやし -> しんぴ -> ぴつちやあ -> あんぴ -> ぴつくあつぷさあびす -> すくなからず -> ずし -> しゆうず -> ずじよう -> うでぢから -> らいだあ -> あいず -> ずきずき -> きつず -> ずいじ -> じゆんび -> びくとりあ -> あいぬ -> ぬるい -> いちず -> ずらす -> すら -> らちもんだい -> いんふるえんざ -> ざしき -> きぬ -> ぬの -> のはら -> らんどせる -> るみのおる -> るぽ -> ぽおたぶる -> るいけい -> いからせる
random vs alpha_beta,random,alpha_beta,D5000_seed0_random_vs_alpha_beta_0,5000,0,second,ended_with_n,37,first,random,る,いからせる,るいすい,る,い,い,4e-06,False,0.0,,,,,,やけど -> どうぞ -> ぞうきばやし -> しんぴ -> ぴつちやあ -> あんぴ -> ぴつくあつぷさあびす -> すくなからず -> ずし -> しゆうず -> ずじよう -> うでぢから -> らいだあ -> あいず -> ずきずき -> きつず -> ずいじ -> じゆんび -> びくとりあ -> あいぬ -> ぬるい -> いちず -> ずらす -> すら -> らちもんだい -> いんふるえんざ -> ざしき -> きぬ -> ぬの -> のはら -> らんどせる -> るみのおる -> るぽ -> ぽおたぶる -> るいけい -> いからせる -> るいすい
random vs alpha_beta,random,alpha_beta,D5000_seed0_random_vs_alpha_beta_0,5000,0,second,ended_with_n,38,second,alpha_beta,い,るいすい,いきる,い,る,る,0.264507,False,261.0,4,4,True,405,20,やけど -> どうぞ -> ぞうきばやし -> しんぴ -> ぴつちやあ -> あんぴ -> ぴつくあつぷさあびす -> すくなからず -> ずし -> しゆうず -> ずじよう -> うでぢから -> らいだあ -> あいず -> ずきずき -> きつず -> ずいじ -> じゆんび -> びくとりあ -> あいぬ -> ぬるい -> いちず -> ずらす -> すら -> らちもんだい -> いんふるえんざ -> ざしき -> きぬ -> ぬの -> のはら -> らんどせる -> るみのおる -> るぽ -> ぽおたぶる -> るいけい -> いからせる -> るいすい -> いきる
random vs alpha_beta,random,alpha_beta,D5000_seed0_random_vs_alpha_beta_0,5000,0,second,ended_with_n,39,first,random,る,いきる,るいせき,る,き,き,4e-06,False,0.0,,,,,,やけど -> どうぞ -> ぞうきばやし -> しんぴ -> ぴつちやあ -> あんぴ -> ぴつくあつぷさあびす -> すくなからず -> ずし -> しゆうず -> ずじよう -> うでぢから -> らいだあ -> あいず -> ずきずき -> きつず -> ずいじ -> じゆんび -> びくとりあ -> あいぬ -> ぬるい -> いちず -> ずらす -> すら -> らちもんだい -> いんふるえんざ -> ざしき -> きぬ -> ぬの -> のはら -> らんどせる -> るみのおる -> るぽ -> ぽおたぶる -> るいけい -> いからせる -> るいすい -> いきる -> るいせき
random vs alpha_beta,random,alpha_beta,D5000_seed0_random_vs_alpha_beta_0,5000,0,second,ended_with_n,40,second,alpha_beta,き,るいせき,きかせる,き,る,る,0.254281,False,284.0,4,4,True,435,20,やけど -> どうぞ -> ぞうきばやし -> しんぴ -> ぴつちやあ -> あんぴ -> ぴつくあつぷさあびす -> すくなからず -> ずし -> しゆうず -> ずじよう -> うでぢから -> らいだあ -> あいず -> ずきずき -> きつず -> ずいじ -> じゆんび -> びくとりあ -> あいぬ -> ぬるい -> いちず -> ずらす -> すら -> らちもんだい -> いんふるえんざ -> ざしき -> きぬ -> ぬの -> のはら -> らんどせる -> るみのおる -> るぽ -> ぽおたぶる -> るいけい -> いからせる -> るいすい -> いきる -> るいせき -> きかせる
random vs alpha_beta,random,alpha_beta,D5000_seed0_random_vs_alpha_beta_0,5000,0,second,ended_with_n,41,first,random,る,きかせる,るねさんす,る,す,す,3e-06,False,0.0,,,,,,やけど -> どうぞ -> ぞうきばやし -> しんぴ -> ぴつちやあ -> あんぴ -> ぴつくあつぷさあびす -> すくなからず -> ずし -> しゆうず -> ずじよう -> うでぢから -> らいだあ -> あいず -> ずきずき -> きつず -> ずいじ -> じゆんび -> びくとりあ -> あいぬ -> ぬるい -> いちず -> ずらす -> すら -> らちもんだい -> いんふるえんざ -> ざしき -> きぬ -> ぬの -> のはら -> らんどせる -> るみのおる -> るぽ -> ぽおたぶる -> るいけい -> いからせる -> るいすい -> いきる -> るいせき -> きかせる -> るねさんす
random vs alpha_beta,random,alpha_beta,D5000_seed0_random_vs_alpha_beta_0,5000,0,second,ended_with_n,42,second,alpha_beta,す,るねさんす,すくうる,す,る,る,0.165706,False,307.0,4,4,True,305,20,やけど -> どうぞ -> ぞうきばやし -> しんぴ -> ぴつちやあ -> あんぴ -> ぴつくあつぷさあびす -> すくなからず -> ずし -> しゆうず -> ずじよう -> うでぢから -> らいだあ -> あいず -> ずきずき -> きつず -> ずいじ -> じゆんび -> びくとりあ -> あいぬ -> ぬるい -> いちず -> ずらす -> すら -> らちもんだい -> いんふるえんざ -> ざしき -> きぬ -> ぬの -> のはら -> らんどせる -> るみのおる -> るぽ -> ぽおたぶる -> るいけい -> いからせる -> るいすい -> いきる -> るいせき -> きかせる -> るねさんす -> すくうる
random vs alpha_beta,random,alpha_beta,D5000_seed0_random_vs_alpha_beta_0,5000,0,second,ended_with_n,43,first,random,る,すくうる,るぽるたあじゆ,る,ゆ,ゆ,2e-06,False,0.0,,,,,,やけど -> どうぞ -> ぞうきばやし -> しんぴ -> ぴつちやあ -> あんぴ -> ぴつくあつぷさあびす -> すくなからず -> ずし -> しゆうず -> ずじよう -> うでぢから -> らいだあ -> あいず -> ずきずき -> きつず -> ずいじ -> じゆんび -> びくとりあ -> あいぬ -> ぬるい -> いちず -> ずらす -> すら -> らちもんだい -> いんふるえんざ -> ざしき -> きぬ -> ぬの -> のはら -> らんどせる -> るみのおる -> るぽ -> ぽおたぶる -> るいけい -> いからせる -> るいすい -> いきる -> るいせき -> きかせる -> るねさんす -> すくうる -> るぽるたあじゆ
random vs alpha_beta,random,alpha_beta,D5000_seed0_random_vs_alpha_beta_0,5000,0,second,ended_with_n,44,second,alpha_beta,ゆ,るぽるたあじゆ,ゆきわたる,ゆ,る,る,0.112677,False,536.0,4,4,True,175,20,やけど -> どうぞ -> ぞうきばやし -> しんぴ -> ぴつちやあ -> あんぴ -> ぴつくあつぷさあびす -> すくなからず -> ずし -> しゆうず -> ずじよう -> うでぢから -> らいだあ -> あいず -> ずきずき -> きつず -> ずいじ -> じゆんび -> びくとりあ -> あいぬ -> ぬるい -> いちず -> ずらす -> すら -> らちもんだい -> いんふるえんざ -> ざしき -> きぬ -> ぬの -> のはら -> らんどせる -> るみのおる -> るぽ -> ぽおたぶる -> るいけい -> いからせる -> るいすい -> いきる -> るいせき -> きかせる -> るねさんす -> すくうる -> るぽるたあじゆ -> ゆきわたる
random vs alpha_beta,random,alpha_beta,D5000_seed0_random_vs_alpha_beta_0,5000,0,second,ended_with_n,45,first,random,る,ゆきわたる,るああ,る,あ,あ,3e-06,False,0.0,,,,,,やけど -> どうぞ -> ぞうきばやし -> しんぴ -> ぴつちやあ -> あんぴ -> ぴつくあつぷさあびす -> すくなからず -> ずし -> しゆうず -> ずじよう -> うでぢから -> らいだあ -> あいず -> ずきずき -> きつず -> ずいじ -> じゆんび -> びくとりあ -> あいぬ -> ぬるい -> いちず -> ずらす -> すら -> らちもんだい -> いんふるえんざ -> ざしき -> きぬ -> ぬの -> のはら -> らんどせる -> るみのおる -> るぽ -> ぽおたぶる -> るいけい -> いからせる -> るいすい -> いきる -> るいせき -> きかせる -> るねさんす -> すくうる -> るぽるたあじゆ -> ゆきわたる -> るああ
random vs alpha_beta,random,alpha_beta,D5000_seed0_random_vs_alpha_beta_0,5000,0,second,ended_with_n,46,second,alpha_beta,あ,るああ,あいてどる,あ,る,る,0.364163,False,559.0,4,4,True,798,20,やけど -> どうぞ -> ぞうきばやし -> しんぴ -> ぴつちやあ -> あんぴ -> ぴつくあつぷさあびす -> すくなからず -> ずし -> しゆうず -> ずじよう -> うでぢから -> らいだあ -> あいず -> ずきずき -> きつず -> ずいじ -> じゆんび -> びくとりあ -> あいぬ -> ぬるい -> いちず -> ずらす -> すら -> らちもんだい -> いんふるえんざ -> ざしき -> きぬ -> ぬの -> のはら -> らんどせる -> るみのおる -> るぽ -> ぽおたぶる -> るいけい -> いからせる -> るいすい -> いきる -> るいせき -> きかせる -> るねさんす -> すくうる -> るぽるたあじゆ -> ゆきわたる -> るああ -> あいてどる
random vs alpha_beta,random,alpha_beta,D5000_seed0_random_vs_alpha_beta_0,5000,0,second,ended_with_n,47,first,random,る,あいてどる,るり,る,り,り,3e-06,False,0.0,,,,,,やけど -> どうぞ -> ぞうきばやし -> しんぴ -> ぴつちやあ -> あんぴ -> ぴつくあつぷさあびす -> すくなからず -> ずし -> しゆうず -> ずじよう -> うでぢから -> らいだあ -> あいず -> ずきずき -> きつず -> ずいじ -> じゆんび -> びくとりあ -> あいぬ -> ぬるい -> いちず -> ずらす -> すら -> らちもんだい -> いんふるえんざ -> ざしき -> きぬ -> ぬの -> のはら -> らんどせる -> るみのおる -> るぽ -> ぽおたぶる -> るいけい -> いからせる -> るいすい -> いきる -> るいせき -> きかせる -> るねさんす -> すくうる -> るぽるたあじゆ -> ゆきわたる -> るああ -> あいてどる -> るり
random vs alpha_beta,random,alpha_beta,D5000_seed0_random_vs_alpha_beta_0,5000,0,second,ended_with_n,48,second,alpha_beta,り,るり,りある,り,る,る,0.025869,False,1000000.0,4,4,True,58,20,やけど -> どうぞ -> ぞうきばやし -> しんぴ -> ぴつちやあ -> あんぴ -> ぴつくあつぷさあびす -> すくなからず -> ずし -> しゆうず -> ずじよう -> うでぢから -> らいだあ -> あいず -> ずきずき -> きつず -> ずいじ -> じゆんび -> びくとりあ -> あいぬ -> ぬるい -> いちず -> ずらす -> すら -> らちもんだい -> いんふるえんざ -> ざしき -> きぬ -> ぬの -> のはら -> らんどせる -> るみのおる -> るぽ -> ぽおたぶる -> るいけい -> いからせる -> るいすい -> いきる -> るいせき -> きかせる -> るねさんす -> すくうる -> るぽるたあじゆ -> ゆきわたる -> るああ -> あいてどる -> るり -> りある
random vs alpha_beta,random,alpha_beta,D5000_seed0_random_vs_alpha_beta_0,5000,0,second,ended_with_n,49,first,random,る,りある,るうきい,る,い,い,2e-06,False,0.0,,,,,,やけど -> どうぞ -> ぞうきばやし -> しんぴ -> ぴつちやあ -> あんぴ -> ぴつくあつぷさあびす -> すくなからず -> ずし -> しゆうず -> ずじよう -> うでぢから -> らいだあ -> あいず -> ずきずき -> きつず -> ずいじ -> じゆんび -> びくとりあ -> あいぬ -> ぬるい -> いちず -> ずらす -> すら -> らちもんだい -> いんふるえんざ -> ざしき -> きぬ -> ぬの -> のはら -> らんどせる -> るみのおる -> るぽ -> ぽおたぶる -> るいけい -> いからせる -> るいすい -> いきる -> るいせき -> きかせる -> るねさんす -> すくうる -> るぽるたあじゆ -> ゆきわたる -> るああ -> あいてどる -> るり -> りある -> るうきい
random vs alpha_beta,random,alpha_beta,D5000_seed0_random_vs_alpha_beta_0,5000,0,second,ended_with_n,50,second,alpha_beta,い,るうきい,いこおる,い,る,る,0.003877,False,1000000.0,4,4,True,33,20,やけど -> どうぞ -> ぞうきばやし -> しんぴ -> ぴつちやあ -> あんぴ -> ぴつくあつぷさあびす -> すくなからず -> ずし -> しゆうず -> ずじよう -> うでぢから -> らいだあ -> あいず -> ずきずき -> きつず -> ずいじ -> じゆんび -> びくとりあ -> あいぬ -> ぬるい -> いちず -> ずらす -> すら -> らちもんだい -> いんふるえんざ -> ざしき -> きぬ -> ぬの -> のはら -> らんどせる -> るみのおる -> るぽ -> ぽおたぶる -> るいけい -> いからせる -> るいすい -> いきる -> るいせき -> きかせる -> るねさんす -> すくうる -> るぽるたあじゆ -> ゆきわたる -> るああ -> あいてどる -> るり -> りある -> るうきい -> いこおる
random vs alpha_beta,random,alpha_beta,D5000_seed0_random_vs_alpha_beta_0,5000,0,second,ended_with_n,51,first,random,る,いこおる,るうていん,る,ん,,1e-06,False,0.0,,,,,,やけど -> どうぞ -> ぞうきばやし -> しんぴ -> ぴつちやあ -> あんぴ -> ぴつくあつぷさあびす -> すくなからず -> ずし -> しゆうず -> ずじよう -> うでぢから -> らいだあ -> あいず -> ずきずき -> きつず -> ずいじ -> じゆんび -> びくとりあ -> あいぬ -> ぬるい -> いちず -> ずらす -> すら -> らちもんだい -> いんふるえんざ -> ざしき -> きぬ -> ぬの -> のはら -> らんどせる -> るみのおる -> るぽ -> ぽおたぶる -> るいけい -> いからせる -> るいすい -> いきる -> るいせき -> きかせる -> るねさんす -> すくうる -> るぽるたあじゆ -> ゆきわたる -> るああ -> あいてどる -> るり -> りある -> るうきい -> いこおる -> るうていん
greedy vs random,greedy,random,D5000_seed0_greedy_vs_random_0,5000,0,first,ended_with_n,1,first,greedy,ANY,,おぺ,お,ぺ,ぺ,0.028835,False,-152.5,,,,,5000,おぺ
greedy vs random,greedy,random,D5000_seed0_greedy_vs_random_0,5000,0,first,ended_with_n,2,second,random,ぺ,おぺ,ぺえじ,ぺ,じ,じ,5e-06,False,0.0,,,,,,おぺ -> ぺえじ
greedy vs random,greedy,random,D5000_seed0_greedy_vs_random_0,5000,0,first,ended_with_n,3,first,greedy,じ,ぺえじ,じゆうる,じ,る,る,0.00108,False,-255.0,,,,,177,おぺ -> ぺえじ -> じゆうる
greedy vs random,greedy,random,D5000_seed0_greedy_vs_random_0,5000,0,first,ended_with_n,4,second,random,る,じゆうる,るぽるたあじゆ,る,ゆ,ゆ,2e-06,False,0.0,,,,,,おぺ -> ぺえじ -> じゆうる -> るぽるたあじゆ
greedy vs random,greedy,random,D5000_seed0_greedy_vs_random_0,5000,0,first,ended_with_n,5,first,greedy,ゆ,るぽるたあじゆ,ゆきわたる,ゆ,る,る,0.000321,False,-232.0,,,,,51,おぺ -> ぺえじ -> じゆうる -> るぽるたあじゆ -> ゆきわたる
greedy vs random,greedy,random,D5000_seed0_greedy_vs_random_0,5000,0,first,ended_with_n,6,second,random,る,ゆきわたる,るみのおる,る,る,る,2e-06,False,0.0,,,,,,おぺ -> ぺえじ -> じゆうる -> るぽるたあじゆ -> ゆきわたる -> るみのおる
greedy vs random,greedy,random,D5000_seed0_greedy_vs_random_0,5000,0,first,ended_with_n,7,first,greedy,る,るみのおる,るぽ,る,ぽ,ぽ,7.1e-05,False,-253.0,,,,,10,おぺ -> ぺえじ -> じゆうる -> るぽるたあじゆ -> ゆきわたる -> るみのおる -> るぽ
greedy vs random,greedy,random,D5000_seed0_greedy_vs_random_0,5000,0,first,ended_with_n,8,second,random,ぽ,るぽ,ぽかぽか,ぽ,か,か,2e-06,False,0.0,,,,,,おぺ -> ぺえじ -> じゆうる -> るぽるたあじゆ -> ゆきわたる -> るみのおる -> るぽ -> ぽかぽか
greedy vs random,greedy,random,D5000_seed0_greedy_vs_random_0,5000,0,first,ended_with_n,9,first,greedy,か,ぽかぽか,かりる,か,る,る,0.001513,False,-186.0,,,,,254,おぺ -> ぺえじ -> じゆうる -> るぽるたあじゆ -> ゆきわたる -> るみのおる -> るぽ -> ぽかぽか -> かりる
greedy vs random,greedy,random,D5000_seed0_greedy_vs_random_0,5000,0,first,ended_with_n,10,second,random,る,かりる,るいけい,る,い,い,1e-06,False,0.0,,,,,,おぺ -> ぺえじ -> じゆうる -> るぽるたあじゆ -> ゆきわたる -> るみのおる -> るぽ -> ぽかぽか -> かりる -> るいけい
greedy vs random,greedy,random,D5000_seed0_greedy_vs_random_0,5000,0,first,ended_with_n,11,first,greedy,い,るいけい,いこおる,い,る,る,0.000925,False,-163.0,,,,,161,おぺ -> ぺえじ -> じゆうる -> るぽるたあじゆ -> ゆきわたる -> るみのおる -> るぽ -> ぽかぽか -> かりる -> るいけい -> いこおる
greedy vs random,greedy,random,D5000_seed0_greedy_vs_random_0,5000,0,first,ended_with_n,12,second,random,る,いこおる,るいすい,る,い,い,1e-06,False,0.0,,,,,,おぺ -> ぺえじ -> じゆうる -> るぽるたあじゆ -> ゆきわたる -> るみのおる -> るぽ -> ぽかぽか -> かりる -> るいけい -> いこおる -> るいすい
greedy vs random,greedy,random,D5000_seed0_greedy_vs_random_0,5000,0,first,ended_with_n,13,first,greedy,い,るいすい,いただける,い,る,る,0.000956,False,-140.0,,,,,160,おぺ -> ぺえじ -> じゆうる -> るぽるたあじゆ -> ゆきわたる -> るみのおる -> るぽ -> ぽかぽか -> かりる -> るいけい -> いこおる -> るいすい -> いただける
greedy vs random,greedy,random,D5000_seed0_greedy_vs_random_0,5000,0,first,ended_with_n,14,second,random,る,いただける,るああ,る,あ,あ,1e-06,False,0.0,,,,,,おぺ -> ぺえじ -> じゆうる -> るぽるたあじゆ -> ゆきわたる -> るみのおる -> るぽ -> ぽかぽか -> かりる -> るいけい -> いこおる -> るいすい -> いただける -> るああ
greedy vs random,greedy,random,D5000_seed0_greedy_vs_random_0,5000,0,first,ended_with_n,15,first,greedy,あ,るああ,あわてる,あ,る,る,0.00099,False,-117.0,,,,,160,おぺ -> ぺえじ -> じゆうる -> るぽるたあじゆ -> ゆきわたる -> るみのおる -> るぽ -> ぽかぽか -> かりる -> るいけい -> いこおる -> るいすい -> いただける -> るああ -> あわてる
greedy vs random,greedy,random,D5000_seed0_greedy_vs_random_0,5000,0,first,ended_with_n,16,second,random,る,あわてる,るうきい,る,い,い,1e-06,False,0.0,,,,,,おぺ -> ぺえじ -> じゆうる -> るぽるたあじゆ -> ゆきわたる -> るみのおる -> るぽ -> ぽかぽか -> かりる -> るいけい -> いこおる -> るいすい -> いただける -> るああ -> あわてる -> るうきい
greedy vs random,greedy,random,D5000_seed0_greedy_vs_random_0,5000,0,first,ended_with_n,17,first,greedy,い,るうきい,いきる,い,る,る,0.000916,False,-94.0,,,,,159,おぺ -> ぺえじ -> じゆうる -> るぽるたあじゆ -> ゆきわたる -> るみのおる -> るぽ -> ぽかぽか -> かりる -> るいけい -> いこおる -> るいすい -> いただける -> るああ -> あわてる -> るうきい -> いきる
greedy vs random,greedy,random,D5000_seed0_greedy_vs_random_0,5000,0,first,ended_with_n,18,second,random,る,いきる,るいせき,る,き,き,1e-06,False,0.0,,,,,,おぺ -> ぺえじ -> じゆうる -> るぽるたあじゆ -> ゆきわたる -> るみのおる -> るぽ -> ぽかぽか -> かりる -> るいけい -> いこおる -> るいすい -> いただける -> るああ -> あわてる -> るうきい -> いきる -> るいせき
greedy vs random,greedy,random,D5000_seed0_greedy_vs_random_0,5000,0,first,ended_with_n,19,first,greedy,き,るいせき,きやらめる,き,る,る,0.000909,False,-71.0,,,,,164,おぺ -> ぺえじ -> じゆうる -> るぽるたあじゆ -> ゆきわたる -> るみのおる -> るぽ -> ぽかぽか -> かりる -> るいけい -> いこおる -> るいすい -> いただける -> るああ -> あわてる -> るうきい -> いきる -> るいせき -> きやらめる
greedy vs random,greedy,random,D5000_seed0_greedy_vs_random_0,5000,0,first,ended_with_n,20,second,random,る,きやらめる,るねさんす,る,す,す,1e-06,False,0.0,,,,,,おぺ -> ぺえじ -> じゆうる -> るぽるたあじゆ -> ゆきわたる -> るみのおる -> るぽ -> ぽかぽか -> かりる -> るいけい -> いこおる -> るいすい -> いただける -> るああ -> あわてる -> るうきい -> いきる -> るいせき -> きやらめる -> るねさんす
greedy vs random,greedy,random,D5000_seed0_greedy_vs_random_0,5000,0,first,ended_with_n,21,first,greedy,す,るねさんす,すぺくとる,す,る,る,0.000643,False,-48.0,,,,,100,おぺ -> ぺえじ -> じゆうる -> るぽるたあじゆ -> ゆきわたる -> るみのおる -> るぽ -> ぽかぽか -> かりる -> るいけい -> いこおる -> るいすい -> いただける -> るああ -> あわてる -> るうきい -> いきる -> るいせき -> きやらめる -> るねさんす -> すぺくとる
greedy vs random,greedy,random,D5000_seed0_greedy_vs_random_0,5000,0,first,ended_with_n,22,second,random,る,すぺくとる,るり,る,り,り,1e-06,False,0.0,,,,,,おぺ -> ぺえじ -> じゆうる -> るぽるたあじゆ -> ゆきわたる -> るみのおる -> るぽ -> ぽかぽか -> かりる -> るいけい -> いこおる -> るいすい -> いただける -> るああ -> あわてる -> るうきい -> いきる -> るいせき -> きやらめる -> るねさんす -> すぺくとる -> るり
greedy vs random,greedy,random,D5000_seed0_greedy_vs_random_0,5000,0,first,ended_with_n,23,first,greedy,り,るり,りある,り,る,る,0.0006,False,-25.0,,,,,83,おぺ -> ぺえじ -> じゆうる -> るぽるたあじゆ -> ゆきわたる -> るみのおる -> るぽ -> ぽかぽか -> かりる -> るいけい -> いこおる -> るいすい -> いただける -> るああ -> あわてる -> るうきい -> いきる -> るいせき -> きやらめる -> るねさんす -> すぺくとる -> るり -> りある
greedy vs random,greedy,random,D5000_seed0_greedy_vs_random_0,5000,0,first,ended_with_n,24,second,random,る,りある,るうていん,る,ん,,1e-06,False,0.0,,,,,,おぺ -> ぺえじ -> じゆうる -> るぽるたあじゆ -> ゆきわたる -> るみのおる -> るぽ -> ぽかぽか -> かりる -> るいけい -> いこおる -> るいすい -> いただける -> るああ -> あわてる -> るうきい -> いきる -> るいせき -> きやらめる -> るねさんす -> すぺくとる -> るり -> りある -> るうていん
greedy vs minimax,greedy,minimax,D5000_seed0_greedy_vs_minimax_0,5000,0,second,ended_with_n,1,first,greedy,ANY,,おぺ,お,ぺ,ぺ,0.028735,False,-152.5,,,,,5000,おぺ
greedy vs minimax,greedy,minimax,D5000_seed0_greedy_vs_minimax_0,5000,0,second,ended_with_n,2,second,minimax,ぺ,おぺ,ぺなんと,ぺ,と,と,0.780837,False,156.0,3,3,True,,8,おぺ -> ぺなんと
greedy vs minimax,greedy,minimax,D5000_seed0_greedy_vs_minimax_0,5000,0,second,ended_with_n,3,first,greedy,と,ぺなんと,とじこもる,と,る,る,0.00068,False,-255.0,,,,,107,おぺ -> ぺなんと -> とじこもる
greedy vs minimax,greedy,minimax,D5000_seed0_greedy_vs_minimax_0,5000,0,second,ended_with_n,4,second,minimax,る,とじこもる,るみのおる,る,る,る,1.502178,False,193.0,3,3,True,,12,おぺ -> ぺなんと -> とじこもる -> るみのおる
greedy vs minimax,greedy,minimax,D5000_seed0_greedy_vs_minimax_0,5000,0,second,ended_with_n,5,first,greedy,る,るみのおる,るぽ,る,ぽ,ぽ,0.000154,False,-253.0,,,,,11,おぺ -> ぺなんと -> とじこもる -> るみのおる -> るぽ
greedy vs minimax,greedy,minimax,D5000_seed0_greedy_vs_minimax_0,5000,0,second,ended_with_n,6,second,minimax,ぽ,るぽ,ぽおたぶる,ぽ,る,る,1.530706,False,1089.5,3,3,True,,11,おぺ -> ぺなんと -> とじこもる -> るみのおる -> るぽ -> ぽおたぶる
greedy vs minimax,greedy,minimax,D5000_seed0_greedy_vs_minimax_0,5000,0,second,ended_with_n,7,first,greedy,る,ぽおたぶる,るぽるたあじゆ,る,ゆ,ゆ,8.4e-05,False,-1141.5,,,,,10,おぺ -> ぺなんと -> とじこもる -> るみのおる -> るぽ -> ぽおたぶる -> るぽるたあじゆ
greedy vs minimax,greedy,minimax,D5000_seed0_greedy_vs_minimax_0,5000,0,second,ended_with_n,8,second,minimax,ゆ,るぽるたあじゆ,ゆきわたる,ゆ,る,る,2.000015,True,1781.0,3,2,True,,16,おぺ -> ぺなんと -> とじこもる -> るみのおる -> るぽ -> ぽおたぶる -> るぽるたあじゆ -> ゆきわたる
greedy vs minimax,greedy,minimax,D5000_seed0_greedy_vs_minimax_0,5000,0,second,ended_with_n,9,first,greedy,る,ゆきわたる,るり,る,り,り,7.5e-05,False,-1825.0,,,,,9,おぺ -> ぺなんと -> とじこもる -> るみのおる -> るぽ -> ぽおたぶる -> るぽるたあじゆ -> ゆきわたる -> るり
greedy vs minimax,greedy,minimax,D5000_seed0_greedy_vs_minimax_0,5000,0,second,ended_with_n,10,second,minimax,り,るり,りある,り,る,る,0.132166,False,590.0,2,2,True,,20,おぺ -> ぺなんと -> とじこもる -> るみのおる -> るぽ -> ぽおたぶる -> るぽるたあじゆ -> ゆきわたる -> るり -> りある
greedy vs minimax,greedy,minimax,D5000_seed0_greedy_vs_minimax_0,5000,0,second,ended_with_n,11,first,greedy,る,りある,るねさんす,る,す,す,6.6e-05,False,-2226.5,,,,,8,おぺ -> ぺなんと -> とじこもる -> るみのおる -> るぽ -> ぽおたぶる -> るぽるたあじゆ -> ゆきわたる -> るり -> りある -> るねさんす
greedy vs minimax,greedy,minimax,D5000_seed0_greedy_vs_minimax_0,5000,0,second,ended_with_n,12,second,minimax,す,るねさんす,すくうる,す,る,る,0.174158,False,931.0,2,2,True,,20,おぺ -> ぺなんと -> とじこもる -> るみのおる -> るぽ -> ぽおたぶる -> るぽるたあじゆ -> ゆきわたる -> るり -> りある -> るねさんす -> すくうる
greedy vs minimax,greedy,minimax,D5000_seed0_greedy_vs_minimax_0,5000,0,second,ended_with_n,13,first,greedy,る,すくうる,るいすい,る,い,い,6.3e-05,False,-3451.0,,,,,7,おぺ -> ぺなんと -> とじこもる -> るみのおる -> るぽ -> ぽおたぶる -> るぽるたあじゆ -> ゆきわたる -> るり -> りある -> るねさんす -> すくうる -> るいすい
greedy vs minimax,greedy,minimax,D5000_seed0_greedy_vs_minimax_0,5000,0,second,ended_with_n,14,second,minimax,い,るいすい,いからせる,い,る,る,0.153351,False,946.0,2,3,True,,20,おぺ -> ぺなんと -> とじこもる -> るみのおる -> るぽ -> ぽおたぶる -> るぽるたあじゆ -> ゆきわたる -> るり -> りある -> るねさんす -> すくうる -> るいすい -> いからせる
greedy vs minimax,greedy,minimax,D5000_seed0_greedy_vs_minimax_0,5000,0,second,ended_with_n,15,first,greedy,る,いからせる,るうきい,る,い,い,5.1e-05,False,-3428.0,,,,,6,おぺ -> ぺなんと -> とじこもる -> るみのおる -> るぽ -> ぽおたぶる -> るぽるたあじゆ -> ゆきわたる -> るり -> りある -> るねさんす -> すくうる -> るいすい -> いからせる -> るうきい
greedy vs minimax,greedy,minimax,D5000_seed0_greedy_vs_minimax_0,5000,0,second,ended_with_n,16,second,minimax,い,るうきい,いきる,い,る,る,1.111105,False,3393.0,3,3,True,,20,おぺ -> ぺなんと -> とじこもる -> るみのおる -> るぽ -> ぽおたぶる -> るぽるたあじゆ -> ゆきわたる -> るり -> りある -> るねさんす -> すくうる -> るいすい -> いからせる -> るうきい -> いきる
greedy vs minimax,greedy,minimax,D5000_seed0_greedy_vs_minimax_0,5000,0,second,ended_with_n,17,first,greedy,る,いきる,るいけい,る,い,い,3.7e-05,False,-3405.0,,,,,5,おぺ -> ぺなんと -> とじこもる -> るみのおる -> るぽ -> ぽおたぶる -> るぽるたあじゆ -> ゆきわたる -> るり -> りある -> るねさんす -> すくうる -> るいすい -> いからせる -> るうきい -> いきる -> るいけい
greedy vs minimax,greedy,minimax,D5000_seed0_greedy_vs_minimax_0,5000,0,second,ended_with_n,18,second,minimax,い,るいけい,いこおる,い,る,る,1.284952,False,3505.5,3,3,True,,20,おぺ -> ぺなんと -> とじこもる -> るみのおる -> るぽ -> ぽおたぶる -> るぽるたあじゆ -> ゆきわたる -> るり -> りある -> るねさんす -> すくうる -> るいすい -> いからせる -> るうきい -> いきる -> るいけい -> いこおる
greedy vs minimax,greedy,minimax,D5000_seed0_greedy_vs_minimax_0,5000,0,second,ended_with_n,19,first,greedy,る,いこおる,るいせき,る,き,き,2.8e-05,False,-3509.5,,,,,4,おぺ -> ぺなんと -> とじこもる -> るみのおる -> るぽ -> ぽおたぶる -> るぽるたあじゆ -> ゆきわたる -> るり -> りある -> るねさんす -> すくうる -> るいすい -> いからせる -> るうきい -> いきる -> るいけい -> いこおる -> るいせき
greedy vs minimax,greedy,minimax,D5000_seed0_greedy_vs_minimax_0,5000,0,second,ended_with_n,20,second,minimax,き,るいせき,きかせる,き,る,る,1.09988,False,500000.0,3,3,True,,20,おぺ -> ぺなんと -> とじこもる -> るみのおる -> るぽ -> ぽおたぶる -> るぽるたあじゆ -> ゆきわたる -> るり -> りある -> るねさんす -> すくうる -> るいすい -> いからせる -> るうきい -> いきる -> るいけい -> いこおる -> るいせき -> きかせる
greedy vs minimax,greedy,minimax,D5000_seed0_greedy_vs_minimax_0,5000,0,second,ended_with_n,21,first,greedy,る,きかせる,るああ,る,あ,あ,1.5e-05,False,-3564.5,,,,,3,おぺ -> ぺなんと -> とじこもる -> るみのおる -> るぽ -> ぽおたぶる -> るぽるたあじゆ -> ゆきわたる -> るり -> りある -> るねさんす -> すくうる -> るいすい -> いからせる -> るうきい -> いきる -> るいけい -> いこおる -> るいせき -> きかせる -> るああ
greedy vs minimax,greedy,minimax,D5000_seed0_greedy_vs_minimax_0,5000,0,second,ended_with_n,22,second,minimax,あ,るああ,あいてどる,あ,る,る,0.001218,False,1000000.0,3,3,True,,20,おぺ -> ぺなんと -> とじこもる -> るみのおる -> るぽ -> ぽおたぶる -> るぽるたあじゆ -> ゆきわたる -> るり -> りある -> るねさんす -> すくうる -> るいすい -> いからせる -> るうきい -> いきる -> るいけい -> いこおる -> るいせき -> きかせる -> るああ -> あいてどる
greedy vs minimax,greedy,minimax,D5000_seed0_greedy_vs_minimax_0,5000,0,second,ended_with_n,23,first,greedy,る,あいてどる,るうていん,る,ん,,2e-06,False,-1000000.0,,,,,2,おぺ -> ぺなんと -> とじこもる -> るみのおる -> るぽ -> ぽおたぶる -> るぽるたあじゆ -> ゆきわたる -> るり -> りある -> るねさんす -> すくうる -> るいすい -> いからせる -> るうきい -> いきる -> るいけい -> いこおる -> るいせき -> きかせる -> るああ -> あいてどる -> るうていん
greedy vs monte_carlo,greedy,monte_carlo,D5000_seed0_greedy_vs_monte_carlo_0,5000,0,first,ended_with_n,1,first,greedy,ANY,,おぺ,お,ぺ,ぺ,0.031563,False,-152.5,,,,,5000,おぺ
greedy vs monte_carlo,greedy,monte_carlo,D5000_seed0_greedy_vs_monte_carlo_0,5000,0,first,ended_with_n,2,second,monte_carlo,ぺ,おぺ,ぺえじ,ぺ,じ,じ,0.048759,False,0.9099999999999999,,,,,,おぺ -> ぺえじ
greedy vs monte_carlo,greedy,monte_carlo,D5000_seed0_greedy_vs_monte_carlo_0,5000,0,first,ended_with_n,3,first,greedy,じ,ぺえじ,じゆうる,じ,る,る,0.001257,False,-255.0,,,,,177,おぺ -> ぺえじ -> じゆうる
greedy vs monte_carlo,greedy,monte_carlo,D5000_seed0_greedy_vs_monte_carlo_0,5000,0,first,ended_with_n,4,second,monte_carlo,る,じゆうる,るいすい,る,い,い,0.085008,False,0.9,,,,,,おぺ -> ぺえじ -> じゆうる -> るいすい
greedy vs monte_carlo,greedy,monte_carlo,D5000_seed0_greedy_vs_monte_carlo_0,5000,0,first,ended_with_n,5,first,greedy,い,るいすい,いちず,い,ず,ず,0.001036,False,-209.0,,,,,161,おぺ -> ぺえじ -> じゆうる -> るいすい -> いちず
greedy vs monte_carlo,greedy,monte_carlo,D5000_seed0_greedy_vs_monte_carlo_0,5000,0,first,ended_with_n,6,second,monte_carlo,ず,いちず,ずきずき,ず,き,き,0.075185,False,0.7,,,,,,おぺ -> ぺえじ -> じゆうる -> るいすい -> いちず -> ずきずき
greedy vs monte_carlo,greedy,monte_carlo,D5000_seed0_greedy_vs_monte_carlo_0,5000,0,first,ended_with_n,7,first,greedy,き,ずきずき,きつず,き,ず,ず,0.001155,False,-186.0,,,,,164,おぺ -> ぺえじ -> じゆうる -> るいすい -> いちず -> ずきずき -> きつず
greedy vs monte_carlo,greedy,monte_carlo,D5000_seed0_greedy_vs_monte_carlo_0,5000,0,first,ended_with_n,8,second,monte_carlo,ず,きつず,ずいしよ,ず,よ,よ,0.058049,False,0.7,,,,,,おぺ -> ぺえじ -> じゆうる -> るいすい -> いちず -> ずきずき -> きつず -> ずいしよ
greedy vs monte_carlo,greedy,monte_carlo,D5000_seed0_greedy_vs_monte_carlo_0,5000,0,first,ended_with_n,9,first,greedy,よ,ずいしよ,よろず,よ,ず,ず,0.000411,False,-163.0,,,,,64,おぺ -> ぺえじ -> じゆうる -> るいすい -> いちず -> ずきずき -> きつず -> ずいしよ -> よろず
greedy vs monte_carlo,greedy,monte_carlo,D5000_seed0_greedy_vs_monte_carlo_0,5000,0,first,ended_with_n,10,second,monte_carlo,ず,よろず,ずうずうしい,ず,い,い,0.05598,False,0.71,,,,,,おぺ -> ぺえじ -> じゆうる -> るいすい -> いちず -> ずきずき -> きつず -> ずいしよ -> よろず -> ずうずうしい
greedy vs monte_carlo,greedy,monte_carlo,D5000_seed0_greedy_vs_monte_carlo_0,5000,0,first,ended_with_n,11,first,greedy,い,ずうずうしい,いこおる,い,る,る,0.001088,False,-232.0,,,,,160,おぺ -> ぺえじ -> じゆうる -> るいすい -> いちず -> ずきずき -> きつず -> ずいしよ -> よろず -> ずうずうしい -> いこおる
greedy vs monte_carlo,greedy,monte_carlo,D5000_seed0_greedy_vs_monte_carlo_0,5000,0,first,ended_with_n,12,second,monte_carlo,る,いこおる,るぽ,る,ぽ,ぽ,0.06959,False,0.6,,,,,,おぺ -> ぺえじ -> じゆうる -> るいすい -> いちず -> ずきずき -> きつず -> ずいしよ -> よろず -> ずうずうしい -> いこおる -> るぽ
greedy vs monte_carlo,greedy,monte_carlo,D5000_seed0_greedy_vs_monte_carlo_0,5000,0,first,ended_with_n,13,first,greedy,ぽ,るぽ,ぽおたぶる,ぽ,る,る,9.4e-05,False,-209.0,,,,,11,おぺ -> ぺえじ -> じゆうる -> るいすい -> いちず -> ずきずき -> きつず -> ずいしよ -> よろず -> ずうずうしい -> いこおる -> るぽ -> ぽおたぶる
greedy vs monte_carlo,greedy,monte_carlo,D5000_seed0_greedy_vs_monte_carlo_0,5000,0,first,ended_with_n,14,second,monte_carlo,る,ぽおたぶる,るぽるたあじゆ,る,ゆ,ゆ,0.054077,False,0.6,,,,,,おぺ -> ぺえじ -> じゆうる -> るいすい -> いちず -> ずきずき -> きつず -> ずいしよ -> よろず -> ずうずうしい -> いこおる -> るぽ -> ぽおたぶる -> るぽるたあじゆ
greedy vs monte_carlo,greedy,monte_carlo,D5000_seed0_greedy_vs_monte_carlo_0,5000,0,first,ended_with_n,15,first,greedy,ゆ,るぽるたあじゆ,ゆきわたる,ゆ,る,る,0.000413,False,-186.0,,,,,51,おぺ -> ぺえじ -> じゆうる -> るいすい -> いちず -> ずきずき -> きつず -> ずいしよ -> よろず -> ずうずうしい -> いこおる -> るぽ -> ぽおたぶる -> るぽるたあじゆ -> ゆきわたる
greedy vs monte_carlo,greedy,monte_carlo,D5000_seed0_greedy_vs_monte_carlo_0,5000,0,first,ended_with_n,16,second,monte_carlo,る,ゆきわたる,るねさんす,る,す,す,0.045488,False,0.7,,,,,,おぺ -> ぺえじ -> じゆうる -> るいすい -> いちず -> ずきずき -> きつず -> ずいしよ -> よろず -> ずうずうしい -> いこおる -> るぽ -> ぽおたぶる -> るぽるたあじゆ -> ゆきわたる -> るねさんす
greedy vs monte_carlo,greedy,monte_carlo,D5000_seed0_greedy_vs_monte_carlo_0,5000,0,first,ended_with_n,17,first,greedy,す,るねさんす,すくなからず,す,ず,ず,0.000694,False,-140.0,,,,,100,おぺ -> ぺえじ -> じゆうる -> るいすい -> いちず -> ずきずき -> きつず -> ずいしよ -> よろず -> ずうずうしい -> いこおる -> るぽ -> ぽおたぶる -> るぽるたあじゆ -> ゆきわたる -> るねさんす -> すくなからず
greedy vs monte_carlo,greedy,monte_carlo,D5000_seed0_greedy_vs_monte_carlo_0,5000,0,first,ended_with_n,18,second,monte_carlo,ず,すくなからず,ずじよう,ず,う,う,0.028959,False,0.6,,,,,,おぺ -> ぺえじ -> じゆうる -> るいすい -> いちず -> ずきずき -> きつず -> ずいしよ -> よろず -> ずうずうしい -> いこおる -> るぽ -> ぽおたぶる -> るぽるたあじゆ -> ゆきわたる -> るねさんす -> すくなからず -> ずじよう
greedy vs monte_carlo,greedy,monte_carlo,D5000_seed0_greedy_vs_monte_carlo_0,5000,0,first,ended_with_n,19,first,greedy,う,ずじよう,うちあわせる,う,る,る,0.000593,False,-163.0,,,,,88,おぺ -> ぺえじ -> じゆうる -> るいすい -> いちず -> ずきずき -> きつず -> ずいしよ -> よろず -> ずうずうしい -> いこおる -> るぽ -> ぽおたぶる -> るぽるたあじゆ -> ゆきわたる -> るねさんす -> すくなからず -> ずじよう -> うちあわせる
greedy vs monte_carlo,greedy,monte_carlo,D5000_seed0_greedy_vs_monte_carlo_0,5000,0,first,ended_with_n,20,second,monte_carlo,る,うちあわせる,るうきい,る,い,い,0.029118,False,0.5,,,,,,おぺ -> ぺえじ -> じゆうる -> るいすい -> いちず -> ずきずき -> きつず -> ずいしよ -> よろず -> ずうずうしい -> いこおる -> るぽ -> ぽおたぶる -> るぽるたあじゆ -> ゆきわたる -> るねさんす -> すくなからず -> ずじよう -> うちあわせる -> るうきい
greedy vs monte_carlo,greedy,monte_carlo,D5000_seed0_greedy_vs_monte_carlo_0,5000,0,first,ended_with_n,21,first,greedy,い,るうきい,いただける,い,る,る,0.000992,False,-140.0,,,,,159,おぺ -> ぺえじ -> じゆうる -> るいすい -> いちず -> ずきずき -> きつず -> ずいしよ -> よろず -> ずうずうしい -> いこおる -> るぽ -> ぽおたぶる -> るぽるたあじゆ -> ゆきわたる -> るねさんす -> すくなからず -> ずじよう -> うちあわせる -> るうきい -> いただける
greedy vs monte_carlo,greedy,monte_carlo,D5000_seed0_greedy_vs_monte_carlo_0,5000,0,first,ended_with_n,22,second,monte_carlo,る,いただける,るり,る,り,り,0.018577,False,0.7,,,,,,おぺ -> ぺえじ -> じゆうる -> るいすい -> いちず -> ずきずき -> きつず -> ずいしよ -> よろず -> ずうずうしい -> いこおる -> るぽ -> ぽおたぶる -> るぽるたあじゆ -> ゆきわたる -> るねさんす -> すくなからず -> ずじよう -> うちあわせる -> るうきい -> いただける -> るり
greedy vs monte_carlo,greedy,monte_carlo,D5000_seed0_greedy_vs_monte_carlo_0,5000,0,first,ended_with_n,23,first,greedy,り,るり,りある,り,る,る,0.000622,False,-117.0,,,,,83,おぺ -> ぺえじ -> じゆうる -> るいすい -> いちず -> ずきずき -> きつず -> ずいしよ -> よろず -> ずうずうしい -> いこおる -> るぽ -> ぽおたぶる -> るぽるたあじゆ -> ゆきわたる -> るねさんす -> すくなからず -> ずじよう -> うちあわせる -> るうきい -> いただける -> るり -> りある
greedy vs monte_carlo,greedy,monte_carlo,D5000_seed0_greedy_vs_monte_carlo_0,5000,0,first,ended_with_n,24,second,monte_carlo,る,りある,るみのおる,る,る,る,0.01074,False,0.6,,,,,,おぺ -> ぺえじ -> じゆうる -> るいすい -> いちず -> ずきずき -> きつず -> ずいしよ -> よろず -> ずうずうしい -> いこおる -> るぽ -> ぽおたぶる -> るぽるたあじゆ -> ゆきわたる -> るねさんす -> すくなからず -> ずじよう -> うちあわせる -> るうきい -> いただける -> るり -> りある -> るみのおる
greedy vs monte_carlo,greedy,monte_carlo,D5000_seed0_greedy_vs_monte_carlo_0,5000,0,first,ended_with_n,25,first,greedy,る,るみのおる,るいけい,る,い,い,4e-05,False,-3382.0,,,,,5,おぺ -> ぺえじ -> じゆうる -> るいすい -> いちず -> ずきずき -> きつず -> ずいしよ -> よろず -> ずうずうしい -> いこおる -> るぽ -> ぽおたぶる -> るぽるたあじゆ -> ゆきわたる -> るねさんす -> すくなからず -> ずじよう -> うちあわせる -> るうきい -> いただける -> るり -> りある -> るみのおる -> るいけい
greedy vs monte_carlo,greedy,monte_carlo,D5000_seed0_greedy_vs_monte_carlo_0,5000,0,first,ended_with_n,26,second,monte_carlo,い,るいけい,いとめる,い,る,る,0.053125,False,0.9,,,,,,おぺ -> ぺえじ -> じゆうる -> るいすい -> いちず -> ずきずき -> きつず -> ずいしよ -> よろず -> ずうずうしい -> いこおる -> るぽ -> ぽおたぶる -> るぽるたあじゆ -> ゆきわたる -> るねさんす -> すくなからず -> ずじよう -> うちあわせる -> るうきい -> いただける -> るり -> りある -> るみのおる -> るいけい -> いとめる
greedy vs monte_carlo,greedy,monte_carlo,D5000_seed0_greedy_vs_monte_carlo_0,5000,0,first,ended_with_n,27,first,greedy,る,いとめる,るいせき,る,き,き,3.2e-05,False,-3486.5,,,,,4,おぺ -> ぺえじ -> じゆうる -> るいすい -> いちず -> ずきずき -> きつず -> ずいしよ -> よろず -> ずうずうしい -> いこおる -> るぽ -> ぽおたぶる -> るぽるたあじゆ -> ゆきわたる -> るねさんす -> すくなからず -> ずじよう -> うちあわせる -> るうきい -> いただける -> るり -> りある -> るみのおる -> るいけい -> いとめる -> るいせき
greedy vs monte_carlo,greedy,monte_carlo,D5000_seed0_greedy_vs_monte_carlo_0,5000,0,first,ended_with_n,28,second,monte_carlo,き,るいせき,きぬ,き,ぬ,ぬ,0.031493,False,0.7,,,,,,おぺ -> ぺえじ -> じゆうる -> るいすい -> いちず -> ずきずき -> きつず -> ずいしよ -> よろず -> ずうずうしい -> いこおる -> るぽ -> ぽおたぶる -> るぽるたあじゆ -> ゆきわたる -> るねさんす -> すくなからず -> ずじよう -> うちあわせる -> るうきい -> いただける -> るり -> りある -> るみのおる -> るいけい -> いとめる -> るいせき -> きぬ
greedy vs monte_carlo,greedy,monte_carlo,D5000_seed0_greedy_vs_monte_carlo_0,5000,0,first,ended_with_n,29,first,greedy,ぬ,きぬ,ぬれる,ぬ,る,る,8.3e-05,False,-48.0,,,,,10,おぺ -> ぺえじ -> じゆうる -> るいすい -> いちず -> ずきずき -> きつず -> ずいしよ -> よろず -> ずうずうしい -> いこおる -> るぽ -> ぽおたぶる -> るぽるたあじゆ -> ゆきわたる -> るねさんす -> すくなからず -> ずじよう -> うちあわせる -> るうきい -> いただける -> るり -> りある -> るみのおる -> るいけい -> いとめる -> るいせき -> きぬ -> ぬれる
greedy vs monte_carlo,greedy,monte_carlo,D5000_seed0_greedy_vs_monte_carlo_0,5000,0,first,ended_with_n,30,second,monte_carlo,る,ぬれる,るああ,る,あ,あ,0.000898,False,0.4,,,,,,おぺ -> ぺえじ -> じゆうる -> るいすい -> いちず -> ずきずき -> きつず -> ずいしよ -> よろず -> ずうずうしい -> いこおる -> るぽ -> ぽおたぶる -> るぽるたあじゆ -> ゆきわたる -> るねさんす -> すくなからず -> ずじよう -> うちあわせる -> るうきい -> いただける -> るり -> りある -> るみのおる -> るいけい -> いとめる -> るいせき -> きぬ -> ぬれる -> るああ
greedy vs monte_carlo,greedy,monte_carlo,D5000_seed0_greedy_vs_monte_carlo_0,5000,0,first,ended_with_n,31,first,greedy,あ,るああ,あわてる,あ,る,る,0.001105,False,-25.0,,,,,160,おぺ -> ぺえじ -> じゆうる -> るいすい -> いちず -> ずきずき -> きつず -> ずいしよ -> よろず -> ずうずうしい -> いこおる -> るぽ -> ぽおたぶる -> るぽるたあじゆ -> ゆきわたる -> るねさんす -> すくなからず -> ずじよう -> うちあわせる -> るうきい -> いただける -> るり -> りある -> るみのおる -> るいけい -> いとめる -> るいせき -> きぬ -> ぬれる -> るああ -> あわてる
greedy vs monte_carlo,greedy,monte_carlo,D5000_seed0_greedy_vs_monte_carlo_0,5000,0,first,ended_with_n,32,second,monte_carlo,る,あわてる,るうちん,る,ん,,6e-06,False,0.0,,,,,,おぺ -> ぺえじ -> じゆうる -> るいすい -> いちず -> ずきずき -> きつず -> ずいしよ -> よろず -> ずうずうしい -> いこおる -> るぽ -> ぽおたぶる -> るぽるたあじゆ -> ゆきわたる -> るねさんす -> すくなからず -> ずじよう -> うちあわせる -> るうきい -> いただける -> るり -> りある -> るみのおる -> るいけい -> いとめる -> るいせき -> きぬ -> ぬれる -> るああ -> あわてる -> るうちん
greedy vs alpha_beta,greedy,alpha_beta,D5000_seed0_greedy_vs_alpha_beta_0,5000,0,second,ended_with_n,1,first,greedy,ANY,,おぺ,お,ぺ,ぺ,0.03073,False,-152.5,,,,,5000,おぺ
greedy vs alpha_beta,greedy,alpha_beta,D5000_seed0_greedy_vs_alpha_beta_0,5000,0,second,ended_with_n,2,second,alpha_beta,ぺ,おぺ,ぺるう,ぺ,う,う,0.508013,False,-156.0,4,4,True,166,8,おぺ -> ぺるう
greedy vs alpha_beta,greedy,alpha_beta,D5000_seed0_greedy_vs_alpha_beta_0,5000,0,second,ended_with_n,3,first,greedy,う,ぺるう,うちあわせる,う,る,る,0.000666,False,-255.0,,,,,88,おぺ -> ぺるう -> うちあわせる
greedy vs alpha_beta,greedy,alpha_beta,D5000_seed0_greedy_vs_alpha_beta_0,5000,0,second,ended_with_n,4,second,alpha_beta,る,うちあわせる,るみのおる,る,る,る,0.188278,False,-98.0,4,4,True,140,12,おぺ -> ぺるう -> うちあわせる -> るみのおる
greedy vs alpha_beta,greedy,alpha_beta,D5000_seed0_greedy_vs_alpha_beta_0,5000,0,second,ended_with_n,5,first,greedy,る,るみのおる,るぽ,る,ぽ,ぽ,7.4e-05,False,-253.0,,,,,11,おぺ -> ぺるう -> うちあわせる -> るみのおる -> るぽ
greedy vs alpha_beta,greedy,alpha_beta,D5000_seed0_greedy_vs_alpha_beta_0,5000,0,second,ended_with_n,6,second,alpha_beta,ぽ,るぽ,ぽおたぶる,ぽ,る,る,0.168471,False,215.0,4,4,True,165,11,おぺ -> ぺるう -> うちあわせる -> るみのおる -> るぽ -> ぽおたぶる
greedy vs alpha_beta,greedy,alpha_beta,D5000_seed0_greedy_vs_alpha_beta_0,5000,0,second,ended_with_n,7,first,greedy,る,ぽおたぶる,るぽるたあじゆ,る,ゆ,ゆ,7.8e-05,False,-1141.5,,,,,10,おぺ -> ぺるう -> うちあわせる -> るみのおる -> るぽ -> ぽおたぶる -> るぽるたあじゆ
greedy vs alpha_beta,greedy,alpha_beta,D5000_seed0_greedy_vs_alpha_beta_0,5000,0,second,ended_with_n,8,second,alpha_beta,ゆ,るぽるたあじゆ,ゆきわたる,ゆ,る,る,0.230443,False,444.0,4,4,True,243,20,おぺ -> ぺるう -> うちあわせる -> るみのおる -> るぽ -> ぽおたぶる -> るぽるたあじゆ -> ゆきわたる
greedy vs alpha_beta,greedy,alpha_beta,D5000_seed0_greedy_vs_alpha_beta_0,5000,0,second,ended_with_n,9,first,greedy,る,ゆきわたる,るり,る,り,り,7.8e-05,False,-1825.0,,,,,9,おぺ -> ぺるう -> うちあわせる -> るみのおる -> るぽ -> ぽおたぶる -> るぽるたあじゆ -> ゆきわたる -> るり
greedy vs alpha_beta,greedy,alpha_beta,D5000_seed0_greedy_vs_alpha_beta_0,5000,0,second,ended_with_n,10,second,alpha_beta,り,るり,りある,り,る,る,0.225939,False,613.0,4,4,True,241,20,おぺ -> ぺるう -> うちあわせる -> るみのおる -> るぽ -> ぽおたぶる -> るぽるたあじゆ -> ゆきわたる -> るり -> りある
greedy vs alpha_beta,greedy,alpha_beta,D5000_seed0_greedy_vs_alpha_beta_0,5000,0,second,ended_with_n,11,first,greedy,る,りある,るねさんす,る,す,す,6.4e-05,False,-2226.5,,,,,8,おぺ -> ぺるう -> うちあわせる -> るみのおる -> るぽ -> ぽおたぶる -> るぽるたあじゆ -> ゆきわたる -> るり -> りある -> るねさんす
greedy vs alpha_beta,greedy,alpha_beta,D5000_seed0_greedy_vs_alpha_beta_0,5000,0,second,ended_with_n,12,second,alpha_beta,す,るねさんす,すくうる,す,る,る,0.18729,False,946.0,4,4,True,212,20,おぺ -> ぺるう -> うちあわせる -> るみのおる -> るぽ -> ぽおたぶる -> るぽるたあじゆ -> ゆきわたる -> るり -> りある -> るねさんす -> すくうる
greedy vs alpha_beta,greedy,alpha_beta,D5000_seed0_greedy_vs_alpha_beta_0,5000,0,second,ended_with_n,13,first,greedy,る,すくうる,るいすい,る,い,い,6e-05,False,-3451.0,,,,,7,おぺ -> ぺるう -> うちあわせる -> るみのおる -> るぽ -> ぽおたぶる -> るぽるたあじゆ -> ゆきわたる -> るり -> りある -> るねさんす -> すくうる -> るいすい
greedy vs alpha_beta,greedy,alpha_beta,D5000_seed0_greedy_vs_alpha_beta_0,5000,0,second,ended_with_n,14,second,alpha_beta,い,るいすい,いからせる,い,る,る,0.179706,False,961.0,4,4,True,256,20,おぺ -> ぺるう -> うちあわせる -> るみのおる -> るぽ -> ぽおたぶる -> るぽるたあじゆ -> ゆきわたる -> るり -> りある -> るねさんす -> すくうる -> るいすい -> いからせる
greedy vs alpha_beta,greedy,alpha_beta,D5000_seed0_greedy_vs_alpha_beta_0,5000,0,second,ended_with_n,15,first,greedy,る,いからせる,るうきい,る,い,い,4.9e-05,False,-3428.0,,,,,6,おぺ -> ぺるう -> うちあわせる -> るみのおる -> るぽ -> ぽおたぶる -> るぽるたあじゆ -> ゆきわたる -> るり -> りある -> るねさんす -> すくうる -> るいすい -> いからせる -> るうきい
greedy vs alpha_beta,greedy,alpha_beta,D5000_seed0_greedy_vs_alpha_beta_0,5000,0,second,ended_with_n,16,second,alpha_beta,い,るうきい,いきる,い,る,る,0.24492,False,984.0,4,4,True,379,20,おぺ -> ぺるう -> うちあわせる -> るみのおる -> るぽ -> ぽおたぶる -> るぽるたあじゆ -> ゆきわたる -> るり -> りある -> るねさんす -> すくうる -> るいすい -> いからせる -> るうきい -> いきる
greedy vs alpha_beta,greedy,alpha_beta,D5000_seed0_greedy_vs_alpha_beta_0,5000,0,second,ended_with_n,17,first,greedy,る,いきる,るいけい,る,い,い,4.1e-05,False,-3405.0,,,,,5,おぺ -> ぺるう -> うちあわせる -> るみのおる -> るぽ -> ぽおたぶる -> るぽるたあじゆ -> ゆきわたる -> るり -> りある -> るねさんす -> すくうる -> るいすい -> いからせる -> るうきい -> いきる -> るいけい
greedy vs alpha_beta,greedy,alpha_beta,D5000_seed0_greedy_vs_alpha_beta_0,5000,0,second,ended_with_n,18,second,alpha_beta,い,るいけい,いこおる,い,る,る,0.277805,False,1037.0,4,4,True,330,20,おぺ -> ぺるう -> うちあわせる -> るみのおる -> るぽ -> ぽおたぶる -> るぽるたあじゆ -> ゆきわたる -> るり -> りある -> るねさんす -> すくうる -> るいすい -> いからせる -> るうきい -> いきる -> るいけい -> いこおる
greedy vs alpha_beta,greedy,alpha_beta,D5000_seed0_greedy_vs_alpha_beta_0,5000,0,second,ended_with_n,19,first,greedy,る,いこおる,るいせき,る,き,き,2.7e-05,False,-3509.5,,,,,4,おぺ -> ぺるう -> うちあわせる -> るみのおる -> るぽ -> ぽおたぶる -> るぽるたあじゆ -> ゆきわたる -> るり -> りある -> るねさんす -> すくうる -> るいすい -> いからせる -> るうきい -> いきる -> るいけい -> いこおる -> るいせき
greedy vs alpha_beta,greedy,alpha_beta,D5000_seed0_greedy_vs_alpha_beta_0,5000,0,second,ended_with_n,20,second,alpha_beta,き,るいせき,きかせる,き,る,る,0.025666,False,1000000.0,4,4,True,58,20,おぺ -> ぺるう -> うちあわせる -> るみのおる -> るぽ -> ぽおたぶる -> るぽるたあじゆ -> ゆきわたる -> るり -> りある -> るねさんす -> すくうる -> るいすい -> いからせる -> るうきい -> いきる -> るいけい -> いこおる -> るいせき -> きかせる
greedy vs alpha_beta,greedy,alpha_beta,D5000_seed0_greedy_vs_alpha_beta_0,5000,0,second,ended_with_n,21,first,greedy,る,きかせる,るああ,る,あ,あ,1.4e-05,False,-3564.5,,,,,3,おぺ -> ぺるう -> うちあわせる -> るみのおる -> るぽ -> ぽおたぶる -> るぽるたあじゆ -> ゆきわたる -> るり -> りある -> るねさんす -> すくうる -> るいすい -> いからせる -> るうきい -> いきる -> るいけい -> いこおる -> るいせき -> きかせる -> るああ
greedy vs alpha_beta,greedy,alpha_beta,D5000_seed0_greedy_vs_alpha_beta_0,5000,0,second,ended_with_n,22,second,alpha_beta,あ,るああ,あいてどる,あ,る,る,0.001139,False,1000000.0,4,4,True,19,20,おぺ -> ぺるう -> うちあわせる -> るみのおる -> るぽ -> ぽおたぶる -> るぽるたあじゆ -> ゆきわたる -> るり -> りある -> るねさんす -> すくうる -> るいすい -> いからせる -> るうきい -> いきる -> るいけい -> いこおる -> るいせき -> きかせる -> るああ -> あいてどる
greedy vs alpha_beta,greedy,alpha_beta,D5000_seed0_greedy_vs_alpha_beta_0,5000,0,second,ended_with_n,23,first,greedy,る,あいてどる,るうていん,る,ん,,1e-06,False,-1000000.0,,,,,2,おぺ -> ぺるう -> うちあわせる -> るみのおる -> るぽ -> ぽおたぶる -> るぽるたあじゆ -> ゆきわたる -> るり -> りある -> るねさんす -> すくうる -> るいすい -> いからせる -> るうきい -> いきる -> るいけい -> いこおる -> るいせき -> きかせる -> るああ -> あいてどる -> るうていん
minimax vs random,minimax,random,D5000_seed0_minimax_vs_random_0,5000,0,first,ended_with_n,1,first,minimax,ANY,,どうぞ,ど,ぞ,ぞ,0.749894,False,195.0,3,3,True,,20,どうぞ
minimax vs random,minimax,random,D5000_seed0_minimax_vs_random_0,5000,0,first,ended_with_n,2,second,random,ぞ,どうぞ,ぞうせい,ぞ,い,い,5e-06,False,0.0,,,,,,どうぞ -> ぞうせい
minimax vs random,minimax,random,D5000_seed0_minimax_vs_random_0,5000,0,first,ended_with_n,3,first,minimax,い,ぞうせい,いちず,い,ず,ず,1.8058,False,185.0,3,3,True,,20,どうぞ -> ぞうせい -> いちず
minimax vs random,minimax,random,D5000_seed0_minimax_vs_random_0,5000,0,first,ended_with_n,4,second,random,ず,いちず,ずうずうしい,ず,い,い,6e-06,False,0.0,,,,,,どうぞ -> ぞうせい -> いちず -> ずうずうしい
minimax vs random,minimax,random,D5000_seed0_minimax_vs_random_0,5000,0,first,ended_with_n,5,first,minimax,い,ずうずうしい,いんふるえんざ,い,ざ,ざ,1.879034,False,156.0,3,3,True,,20,どうぞ -> ぞうせい -> いちず -> ずうずうしい -> いんふるえんざ
minimax vs random,minimax,random,D5000_seed0_minimax_vs_random_0,5000,0,first,ended_with_n,6,second,random,ざ,いんふるえんざ,ざいらい,ざ,い,い,5e-06,False,0.0,,,,,,どうぞ -> ぞうせい -> いちず -> ずうずうしい -> いんふるえんざ -> ざいらい
minimax vs random,minimax,random,D5000_seed0_minimax_vs_random_0,5000,0,first,ended_with_n,7,first,minimax,い,ざいらい,いくたび,い,び,び,1.873096,False,156.0,3,3,True,,20,どうぞ -> ぞうせい -> いちず -> ずうずうしい -> いんふるえんざ -> ざいらい -> いくたび
minimax vs random,minimax,random,D5000_seed0_minimax_vs_random_0,5000,0,first,ended_with_n,8,second,random,び,いくたび,びんぼお,び,お,お,7e-06,False,0.0,,,,,,どうぞ -> ぞうせい -> いちず -> ずうずうしい -> いんふるえんざ -> ざいらい -> いくたび -> びんぼお
minimax vs random,minimax,random,D5000_seed0_minimax_vs_random_0,5000,0,first,ended_with_n,9,first,minimax,お,びんぼお,おぺ,お,ぺ,ぺ,1.318379,False,156.0,3,3,True,,20,どうぞ -> ぞうせい -> いちず -> ずうずうしい -> いんふるえんざ -> ざいらい -> いくたび -> びんぼお -> おぺ
minimax vs random,minimax,random,D5000_seed0_minimax_vs_random_0,5000,0,first,ended_with_n,10,second,random,ぺ,おぺ,ぺるう,ぺ,う,う,4e-06,False,0.0,,,,,,どうぞ -> ぞうせい -> いちず -> ずうずうしい -> いんふるえんざ -> ざいらい -> いくたび -> びんぼお -> おぺ -> ぺるう
minimax vs random,minimax,random,D5000_seed0_minimax_vs_random_0,5000,0,first,ended_with_n,11,first,minimax,う,ぺるう,うちこむ,う,む,む,2.000024,True,156.0,3,2,True,,20,どうぞ -> ぞうせい -> いちず -> ずうずうしい -> いんふるえんざ -> ざいらい -> いくたび -> びんぼお -> おぺ -> ぺるう -> うちこむ
minimax vs random,minimax,random,D5000_seed0_minimax_vs_random_0,5000,0,first,ended_with_n,12,second,random,む,うちこむ,むらびと,む,と,と,6e-06,False,0.0,,,,,,どうぞ -> ぞうせい -> いちず -> ずうずうしい -> いんふるえんざ -> ざいらい -> いくたび -> びんぼお -> おぺ -> ぺるう -> うちこむ -> むらびと
minimax vs random,minimax,random,D5000_seed0_minimax_vs_random_0,5000,0,first,ended_with_n,13,first,minimax,と,むらびと,とりつぷ,と,ぷ,ぷ,0.177842,False,-156.0,2,2,True,,20,どうぞ -> ぞうせい -> いちず -> ずうずうしい -> いんふるえんざ -> ざいらい -> いくたび -> びんぼお -> おぺ -> ぺるう -> うちこむ -> むらびと -> とりつぷ
minimax vs random,minimax,random,D5000_seed0_minimax_vs_random_0,5000,0,first,ended_with_n,14,second,random,ぷ,とりつぷ,ぷろぽおざる,ぷ,る,る,6e-06,False,0.0,,,,,,どうぞ -> ぞうせい -> いちず -> ずうずうしい -> いんふるえんざ -> ざいらい -> いくたび -> びんぼお -> おぺ -> ぺるう -> うちこむ -> むらびと -> とりつぷ -> ぷろぽおざる
minimax vs random,minimax,random,D5000_seed0_minimax_vs_random_0,5000,0,first,ended_with_n,15,first,minimax,る,ぷろぽおざる,るみのおる,る,る,る,0.057287,False,-121.0,2,2,True,,12,どうぞ -> ぞうせい -> いちず -> ずうずうしい -> いんふるえんざ -> ざいらい -> いくたび -> びんぼお -> おぺ -> ぺるう -> うちこむ -> むらびと -> とりつぷ -> ぷろぽおざる -> るみのおる
minimax vs random,minimax,random,D5000_seed0_minimax_vs_random_0,5000,0,first,ended_with_n,16,second,random,る,るみのおる,るり,る,り,り,5e-06,False,0.0,,,,,,どうぞ -> ぞうせい -> いちず -> ずうずうしい -> いんふるえんざ -> ざいらい -> いくたび -> びんぼお -> おぺ -> ぺるう -> うちこむ -> むらびと -> とりつぷ -> ぷろぽおざる -> るみのおる -> るり
minimax vs random,minimax,random,D5000_seed0_minimax_vs_random_0,5000,0,first,ended_with_n,17,first,minimax,り,るり,りある,り,る,る,0.14719,False,-98.0,2,3,True,,20,どうぞ -> ぞうせい -> いちず -> ずうずうしい -> いんふるえんざ -> ざいらい -> いくたび -> びんぼお -> おぺ -> ぺるう -> うちこむ -> むらびと -> とりつぷ -> ぷろぽおざる -> るみのおる -> るり -> りある
minimax vs random,minimax,random,D5000_seed0_minimax_vs_random_0,5000,0,first,ended_with_n,18,second,random,る,りある,るいすい,る,い,い,4e-06,False,0.0,,,,,,どうぞ -> ぞうせい -> いちず -> ずうずうしい -> いんふるえんざ -> ざいらい -> いくたび -> びんぼお -> おぺ -> ぺるう -> うちこむ -> むらびと -> とりつぷ -> ぷろぽおざる -> るみのおる -> るり -> りある -> るいすい
minimax vs random,minimax,random,D5000_seed0_minimax_vs_random_0,5000,0,first,ended_with_n,19,first,minimax,い,るいすい,いからせる,い,る,る,1.788139,False,209.0,3,3,True,,20,どうぞ -> ぞうせい -> いちず -> ずうずうしい -> いんふるえんざ -> ざいらい -> いくたび -> びんぼお -> おぺ -> ぺるう -> うちこむ -> むらびと -> とりつぷ -> ぷろぽおざる -> るみのおる -> るり -> りある -> るいすい -> いからせる
minimax vs random,minimax,random,D5000_seed0_minimax_vs_random_0,5000,0,first,ended_with_n,20,second,random,る,いからせる,るうきい,る,い,い,6e-06,False,0.0,,,,,,どうぞ -> ぞうせい -> いちず -> ずうずうしい -> いんふるえんざ -> ざいらい -> いくたび -> びんぼお -> おぺ -> ぺるう -> うちこむ -> むらびと -> とりつぷ -> ぷろぽおざる -> るみのおる -> るり -> りある -> るいすい -> いからせる -> るうきい
minimax vs random,minimax,random,D5000_seed0_minimax_vs_random_0,5000,0,first,ended_with_n,21,first,minimax,い,るうきい,いきる,い,る,る,1.856865,False,217.0,3,3,True,,20,どうぞ -> ぞうせい -> いちず -> ずうずうしい -> いんふるえんざ -> ざいらい -> いくたび -> びんぼお -> おぺ -> ぺるう -> うちこむ -> むらびと -> とりつぷ -> ぷろぽおざる -> るみのおる -> るり -> りある -> るいすい -> いからせる -> るうきい -> いきる
minimax vs random,minimax,random,D5000_seed0_minimax_vs_random_0,5000,0,first,ended_with_n,22,second,random,る,いきる,るぽ,る,ぽ,ぽ,4e-06,False,0.0,,,,,,どうぞ -> ぞうせい -> いちず -> ずうずうしい -> いんふるえんざ -> ざいらい -> いくたび -> びんぼお -> おぺ -> ぺるう -> うちこむ -> むらびと -> とりつぷ -> ぷろぽおざる -> るみのおる -> るり -> りある -> るいすい -> いからせる -> るうきい -> いきる -> るぽ
minimax vs random,minimax,random,D5000_seed0_minimax_vs_random_0,5000,0,first,ended_with_n,23,first,minimax,ぽ,るぽ,ぽおたぶる,ぽ,る,る,1.035599,False,1113.5,3,3,True,,11,どうぞ -> ぞうせい -> いちず -> ずうずうしい -> いんふるえんざ -> ざいらい -> いくたび -> びんぼお -> おぺ -> ぺるう -> うちこむ -> むらびと -> とりつぷ -> ぷろぽおざる -> るみのおる -> るり -> りある -> るいすい -> いからせる -> るうきい -> いきる -> るぽ -> ぽおたぶる
minimax vs random,minimax,random,D5000_seed0_minimax_vs_random_0,5000,0,first,ended_with_n,24,second,random,る,ぽおたぶる,るいけい,る,い,い,4e-06,False,0.0,,,,,,どうぞ -> ぞうせい -> いちず -> ずうずうしい -> いんふるえんざ -> ざいらい -> いくたび -> びんぼお -> おぺ -> ぺるう -> うちこむ -> むらびと -> とりつぷ -> ぷろぽおざる -> るみのおる -> るり -> りある -> るいすい -> いからせる -> るうきい -> いきる -> るぽ -> ぽおたぶる -> るいけい
minimax vs random,minimax,random,D5000_seed0_minimax_vs_random_0,5000,0,first,ended_with_n,25,first,minimax,い,るいけい,いこおる,い,る,る,1.749034,False,1121.5,3,3,True,,20,どうぞ -> ぞうせい -> いちず -> ずうずうしい -> いんふるえんざ -> ざいらい -> いくたび -> びんぼお -> おぺ -> ぺるう -> うちこむ -> むらびと -> とりつぷ -> ぷろぽおざる -> るみのおる -> るり -> りある -> るいすい -> いからせる -> るうきい -> いきる -> るぽ -> ぽおたぶる -> るいけい -> いこおる
minimax vs random,minimax,random,D5000_seed0_minimax_vs_random_0,5000,0,first,ended_with_n,26,second,random,る,いこおる,るねさんす,る,す,す,5e-06,False,0.0,,,,,,どうぞ -> ぞうせい -> いちず -> ずうずうしい -> いんふるえんざ -> ざいらい -> いくたび -> びんぼお -> おぺ -> ぺるう -> うちこむ -> むらびと -> とりつぷ -> ぷろぽおざる -> るみのおる -> るり -> りある -> るいすい -> いからせる -> るうきい -> いきる -> るぽ -> ぽおたぶる -> るいけい -> いこおる -> るねさんす
minimax vs random,minimax,random,D5000_seed0_minimax_vs_random_0,5000,0,first,ended_with_n,27,first,minimax,す,るねさんす,すくうる,す,る,る,1.69424,False,1129.5,3,3,True,,20,どうぞ -> ぞうせい -> いちず -> ずうずうしい -> いんふるえんざ -> ざいらい -> いくたび -> びんぼお -> おぺ -> ぺるう -> うちこむ -> むらびと -> とりつぷ -> ぷろぽおざる -> るみのおる -> るり -> りある -> るいすい -> いからせる -> るうきい -> いきる -> るぽ -> ぽおたぶる -> るいけい -> いこおる -> るねさんす -> すくうる
minimax vs random,minimax,random,D5000_seed0_minimax_vs_random_0,5000,0,first,ended_with_n,28,second,random,る,すくうる,るああ,る,あ,あ,6e-06,False,0.0,,,,,,どうぞ -> ぞうせい -> いちず -> ずうずうしい -> いんふるえんざ -> ざいらい -> いくたび -> びんぼお -> おぺ -> ぺるう -> うちこむ -> むらびと -> とりつぷ -> ぷろぽおざる -> るみのおる -> るり -> りある -> るいすい -> いからせる -> るうきい -> いきる -> るぽ -> ぽおたぶる -> るいけい -> いこおる -> るねさんす -> すくうる -> るああ
minimax vs random,minimax,random,D5000_seed0_minimax_vs_random_0,5000,0,first,ended_with_n,29,first,minimax,あ,るああ,あいてどる,あ,る,る,0.340737,False,1137.5,3,3,True,,20,どうぞ -> ぞうせい -> いちず -> ずうずうしい -> いんふるえんざ -> ざいらい -> いくたび -> びんぼお -> おぺ -> ぺるう -> うちこむ -> むらびと -> とりつぷ -> ぷろぽおざる -> るみのおる -> るり -> りある -> るいすい -> いからせる -> るうきい -> いきる -> るぽ -> ぽおたぶる -> るいけい -> いこおる -> るねさんす -> すくうる -> るああ -> あいてどる
minimax vs random,minimax,random,D5000_seed0_minimax_vs_random_0,5000,0,first,ended_with_n,30,second,random,る,あいてどる,るいせき,る,き,き,6e-06,False,0.0,,,,,,どうぞ -> ぞうせい -> いちず -> ずうずうしい -> いんふるえんざ -> ざいらい -> いくたび -> びんぼお -> おぺ -> ぺるう -> うちこむ -> むらびと -> とりつぷ -> ぷろぽおざる -> るみのおる -> るり -> りある -> るいすい -> いからせる -> るうきい -> いきる -> るぽ -> ぽおたぶる -> るいけい -> いこおる -> るねさんす -> すくうる -> るああ -> あいてどる -> るいせき
minimax vs random,minimax,random,D5000_seed0_minimax_vs_random_0,5000,0,first,ended_with_n,31,first,minimax,き,るいせき,きかせる,き,る,る,1.343529,False,500000.0,3,3,True,,20,どうぞ -> ぞうせい -> いちず -> ずうずうしい -> いんふるえんざ -> ざいらい -> いくたび -> びんぼお -> おぺ -> ぺるう -> うちこむ -> むらびと -> とりつぷ -> ぷろぽおざる -> るみのおる -> るり -> りある -> るいすい -> いからせる -> るうきい -> いきる -> るぽ -> ぽおたぶる -> るいけい -> いこおる -> るねさんす -> すくうる -> るああ -> あいてどる -> るいせき -> きかせる
minimax vs random,minimax,random,D5000_seed0_minimax_vs_random_0,5000,0,first,ended_with_n,32,second,random,る,きかせる,るぽるたあじゆ,る,ゆ,ゆ,6e-06,False,0.0,,,,,,どうぞ -> ぞうせい -> いちず -> ずうずうしい -> いんふるえんざ -> ざいらい -> いくたび -> びんぼお -> おぺ -> ぺるう -> うちこむ -> むらびと -> とりつぷ -> ぷろぽおざる -> るみのおる -> るり -> りある -> るいすい -> いからせる -> るうきい -> いきる -> るぽ -> ぽおたぶる -> るいけい -> いこおる -> るねさんす -> すくうる -> るああ -> あいてどる -> るいせき -> きかせる -> るぽるたあじゆ
minimax vs random,minimax,random,D5000_seed0_minimax_vs_random_0,5000,0,first,ended_with_n,33,first,minimax,ゆ,るぽるたあじゆ,ゆきわたる,ゆ,る,る,0.246881,False,1000000.0,3,3,True,,20,どうぞ -> ぞうせい -> いちず -> ずうずうしい -> いんふるえんざ -> ざいらい -> いくたび -> びんぼお -> おぺ -> ぺるう -> うちこむ -> むらびと -> とりつぷ -> ぷろぽおざる -> るみのおる -> るり -> りある -> るいすい -> いからせる -> るうきい -> いきる -> るぽ -> ぽおたぶる -> るいけい -> いこおる -> るねさんす -> すくうる -> るああ -> あいてどる -> るいせき -> きかせる -> るぽるたあじゆ -> ゆきわたる
minimax vs random,minimax,random,D5000_seed0_minimax_vs_random_0,5000,0,first,ended_with_n,34,second,random,る,ゆきわたる,るうちん,る,ん,,2e-06,False,0.0,,,,,,どうぞ -> ぞうせい -> いちず -> ずうずうしい -> いんふるえんざ -> ざいらい -> いくたび -> びんぼお -> おぺ -> ぺるう -> うちこむ -> むらびと -> とりつぷ -> ぷろぽおざる -> るみのおる -> るり -> りある -> るいすい -> いからせる -> るうきい -> いきる -> るぽ -> ぽおたぶる -> るいけい -> いこおる -> るねさんす -> すくうる -> るああ -> あいてどる -> るいせき -> きかせる -> るぽるたあじゆ -> ゆきわたる -> るうちん
minimax vs greedy,minimax,greedy,D5000_seed0_minimax_vs_greedy_0,5000,0,first,ended_with_n,1,first,minimax,ANY,,どうぞ,ど,ぞ,ぞ,0.910846,False,195.0,3,3,True,,20,どうぞ
minimax vs greedy,minimax,greedy,D5000_seed0_minimax_vs_greedy_0,5000,0,first,ended_with_n,2,second,greedy,ぞ,どうぞ,ぞうご,ぞ,ご,ご,9.9e-05,False,-721.0,,,,,10,どうぞ -> ぞうご
minimax vs greedy,minimax,greedy,D5000_seed0_minimax_vs_greedy_0,5000,0,first,ended_with_n,3,first,minimax,ご,ぞうご,ごうぎ,ご,ぎ,ぎ,2.000016,True,156.0,3,2,True,,12,どうぞ -> ぞうご -> ごうぎ
minimax vs greedy,minimax,greedy,D5000_seed0_minimax_vs_greedy_0,5000,0,first,ended_with_n,4,second,greedy,ぎ,ごうぎ,ぎようざ,ぎ,ざ,ざ,0.000226,False,-432.5,,,,,36,どうぞ -> ぞうご -> ごうぎ -> ぎようざ
minimax vs greedy,minimax,greedy,D5000_seed0_minimax_vs_greedy_0,5000,0,first,ended_with_n,5,first,minimax,ざ,ぎようざ,ざいむ,ざ,む,む,0.080425,False,-156.0,2,2,True,,20,どうぞ -> ぞうご -> ごうぎ -> ぎようざ -> ざいむ
minimax vs greedy,minimax,greedy,D5000_seed0_minimax_vs_greedy_0,5000,0,first,ended_with_n,6,second,greedy,む,ざいむ,むさぼる,む,る,る,0.000165,False,-255.0,,,,,29,どうぞ -> ぞうご -> ごうぎ -> ぎようざ -> ざいむ -> むさぼる
minimax vs greedy,minimax,greedy,D5000_seed0_minimax_vs_greedy_0,5000,0,first,ended_with_n,7,first,minimax,る,むさぼる,るみのおる,る,る,る,0.050567,False,-121.0,2,2,True,,12,どうぞ -> ぞうご -> ごうぎ -> ぎようざ -> ざいむ -> むさぼる -> るみのおる
minimax vs greedy,minimax,greedy,D5000_seed0_minimax_vs_greedy_0,5000,0,first,ended_with_n,8,second,greedy,る,るみのおる,るぽ,る,ぽ,ぽ,8.5e-05,False,-253.0,,,,,11,どうぞ -> ぞうご -> ごうぎ -> ぎようざ -> ざいむ -> むさぼる -> るみのおる -> るぽ
minimax vs greedy,minimax,greedy,D5000_seed0_minimax_vs_greedy_0,5000,0,first,ended_with_n,9,first,minimax,ぽ,るぽ,ぽおたぶる,ぽ,る,る,0.055421,False,192.0,2,3,True,,11,どうぞ -> ぞうご -> ごうぎ -> ぎようざ -> ざいむ -> むさぼる -> るみのおる -> るぽ -> ぽおたぶる
minimax vs greedy,minimax,greedy,D5000_seed0_minimax_vs_greedy_0,5000,0,first,ended_with_n,10,second,greedy,る,ぽおたぶる,るぽるたあじゆ,る,ゆ,ゆ,7.8e-05,False,-1141.5,,,,,10,どうぞ -> ぞうご -> ごうぎ -> ぎようざ -> ざいむ -> むさぼる -> るみのおる -> るぽ -> ぽおたぶる -> るぽるたあじゆ
minimax vs greedy,minimax,greedy,D5000_seed0_minimax_vs_greedy_0,5000,0,first,ended_with_n,11,first,minimax,ゆ,るぽるたあじゆ,ゆきわたる,ゆ,る,る,2.000011,True,1781.0,3,2,True,,16,どうぞ -> ぞうご -> ごうぎ -> ぎようざ -> ざいむ -> むさぼる -> るみのおる -> るぽ -> ぽおたぶる -> るぽるたあじゆ -> ゆきわたる
minimax vs greedy,minimax,greedy,D5000_seed0_minimax_vs_greedy_0,5000,0,first,ended_with_n,12,second,greedy,る,ゆきわたる,るり,る,り,り,8.3e-05,False,-1825.0,,,,,9,どうぞ -> ぞうご -> ごうぎ -> ぎようざ -> ざいむ -> むさぼる -> るみのおる -> るぽ -> ぽおたぶる -> るぽるたあじゆ -> ゆきわたる -> るり
minimax vs greedy,minimax,greedy,D5000_seed0_minimax_vs_greedy_0,5000,0,first,ended_with_n,13,first,minimax,り,るり,りある,り,る,る,0.159621,False,590.0,2,2,True,,20,どうぞ -> ぞうご -> ごうぎ -> ぎようざ -> ざいむ -> むさぼる -> るみのおる -> るぽ -> ぽおたぶる -> るぽるたあじゆ -> ゆきわたる -> るり -> りある
minimax vs greedy,minimax,greedy,D5000_seed0_minimax_vs_greedy_0,5000,0,first,ended_with_n,14,second,greedy,る,りある,るねさんす,る,す,す,8.1e-05,False,-2226.5,,,,,8,どうぞ -> ぞうご -> ごうぎ -> ぎようざ -> ざいむ -> むさぼる -> るみのおる -> るぽ -> ぽおたぶる -> るぽるたあじゆ -> ゆきわたる -> るり -> りある -> るねさんす
minimax vs greedy,minimax,greedy,D5000_seed0_minimax_vs_greedy_0,5000,0,first,ended_with_n,15,first,minimax,す,るねさんす,すくうる,す,る,る,0.18653,False,931.0,2,2,True,,20,どうぞ -> ぞうご -> ごうぎ -> ぎようざ -> ざいむ -> むさぼる -> るみのおる -> るぽ -> ぽおたぶる -> るぽるたあじゆ -> ゆきわたる -> るり -> りある -> るねさんす -> すくうる
minimax vs greedy,minimax,greedy,D5000_seed0_minimax_vs_greedy_0,5000,0,first,ended_with_n,16,second,greedy,る,すくうる,るいすい,る,い,い,7.5e-05,False,-3451.0,,,,,7,どうぞ -> ぞうご -> ごうぎ -> ぎようざ -> ざいむ -> むさぼる -> るみのおる -> るぽ -> ぽおたぶる -> るぽるたあじゆ -> ゆきわたる -> るり -> りある -> るねさんす -> すくうる -> るいすい
minimax vs greedy,minimax,greedy,D5000_seed0_minimax_vs_greedy_0,5000,0,first,ended_with_n,17,first,minimax,い,るいすい,いからせる,い,る,る,0.178184,False,946.0,2,3,True,,20,どうぞ -> ぞうご -> ごうぎ -> ぎようざ -> ざいむ -> むさぼる -> るみのおる -> るぽ -> ぽおたぶる -> るぽるたあじゆ -> ゆきわたる -> るり -> りある -> るねさんす -> すくうる -> るいすい -> いからせる
minimax vs greedy,minimax,greedy,D5000_seed0_minimax_vs_greedy_0,5000,0,first,ended_with_n,18,second,greedy,る,いからせる,るうきい,る,い,い,6.2e-05,False,-3428.0,,,,,6,どうぞ -> ぞうご -> ごうぎ -> ぎようざ -> ざいむ -> むさぼる -> るみのおる -> るぽ -> ぽおたぶる -> るぽるたあじゆ -> ゆきわたる -> るり -> りある -> るねさんす -> すくうる -> るいすい -> いからせる -> るうきい
minimax vs greedy,minimax,greedy,D5000_seed0_minimax_vs_greedy_0,5000,0,first,ended_with_n,19,first,minimax,い,るうきい,いきる,い,る,る,1.499007,False,3393.0,3,3,True,,20,どうぞ -> ぞうご -> ごうぎ -> ぎようざ -> ざいむ -> むさぼる -> るみのおる -> るぽ -> ぽおたぶる -> るぽるたあじゆ -> ゆきわたる -> るり -> りある -> るねさんす -> すくうる -> るいすい -> いからせる -> るうきい -> いきる
minimax vs greedy,minimax,greedy,D5000_seed0_minimax_vs_greedy_0,5000,0,first,ended_with_n,20,second,greedy,る,いきる,るいけい,る,い,い,4.7e-05,False,-3405.0,,,,,5,どうぞ -> ぞうご -> ごうぎ -> ぎようざ -> ざいむ -> むさぼる -> るみのおる -> るぽ -> ぽおたぶる -> るぽるたあじゆ -> ゆきわたる -> るり -> りある -> るねさんす -> すくうる -> るいすい -> いからせる -> るうきい -> いきる -> るいけい
minimax vs greedy,minimax,greedy,D5000_seed0_minimax_vs_greedy_0,5000,0,first,ended_with_n,21,first,minimax,い,るいけい,いこおる,い,る,る,1.797491,False,3505.5,3,3,True,,20,どうぞ -> ぞうご -> ごうぎ -> ぎようざ -> ざいむ -> むさぼる -> るみのおる -> るぽ -> ぽおたぶる -> るぽるたあじゆ -> ゆきわたる -> るり -> りある -> るねさんす -> すくうる -> るいすい -> いからせる -> るうきい -> いきる -> るいけい -> いこおる
minimax vs greedy,minimax,greedy,D5000_seed0_minimax_vs_greedy_0,5000,0,first,ended_with_n,22,second,greedy,る,いこおる,るいせき,る,き,き,3.9e-05,False,-3509.5,,,,,4,どうぞ -> ぞうご -> ごうぎ -> ぎようざ -> ざいむ -> むさぼる -> るみのおる -> るぽ -> ぽおたぶる -> るぽるたあじゆ -> ゆきわたる -> るり -> りある -> るねさんす -> すくうる -> るいすい -> いからせる -> るうきい -> いきる -> るいけい -> いこおる -> るいせき
minimax vs greedy,minimax,greedy,D5000_seed0_minimax_vs_greedy_0,5000,0,first,ended_with_n,23,first,minimax,き,るいせき,きかせる,き,る,る,1.533365,False,500000.0,3,3,True,,20,どうぞ -> ぞうご -> ごうぎ -> ぎようざ -> ざいむ -> むさぼる -> るみのおる -> るぽ -> ぽおたぶる -> るぽるたあじゆ -> ゆきわたる -> るり -> りある -> るねさんす -> すくうる -> るいすい -> いからせる -> るうきい -> いきる -> るいけい -> いこおる -> るいせき -> きかせる
minimax vs greedy,minimax,greedy,D5000_seed0_minimax_vs_greedy_0,5000,0,first,ended_with_n,24,second,greedy,る,きかせる,るああ,る,あ,あ,2.5e-05,False,-3564.5,,,,,3,どうぞ -> ぞうご -> ごうぎ -> ぎようざ -> ざいむ -> むさぼる -> るみのおる -> るぽ -> ぽおたぶる -> るぽるたあじゆ -> ゆきわたる -> るり -> りある -> るねさんす -> すくうる -> るいすい -> いからせる -> るうきい -> いきる -> るいけい -> いこおる -> るいせき -> きかせる -> るああ
minimax vs greedy,minimax,greedy,D5000_seed0_minimax_vs_greedy_0,5000,0,first,ended_with_n,25,first,minimax,あ,るああ,あいてどる,あ,る,る,0.002015,False,1000000.0,3,3,True,,20,どうぞ -> ぞうご -> ごうぎ -> ぎようざ -> ざいむ -> むさぼる -> るみのおる -> るぽ -> ぽおたぶる -> るぽるたあじゆ -> ゆきわたる -> るり -> りある -> るねさんす -> すくうる -> るいすい -> いからせる -> るうきい -> いきる -> るいけい -> いこおる -> るいせき -> きかせる -> るああ -> あいてどる
minimax vs greedy,minimax,greedy,D5000_seed0_minimax_vs_greedy_0,5000,0,first,ended_with_n,26,second,greedy,る,あいてどる,るうていん,る,ん,,2e-06,False,-1000000.0,,,,,2,どうぞ -> ぞうご -> ごうぎ -> ぎようざ -> ざいむ -> むさぼる -> るみのおる -> るぽ -> ぽおたぶる -> るぽるたあじゆ -> ゆきわたる -> るり -> りある -> るねさんす -> すくうる -> るいすい -> いからせる -> るうきい -> いきる -> るいけい -> いこおる -> るいせき -> きかせる -> るああ -> あいてどる -> るうていん
minimax vs monte_carlo,minimax,monte_carlo,D5000_seed0_minimax_vs_monte_carlo_0,5000,0,first,ended_with_n,1,first,minimax,ANY,,どうぞ,ど,ぞ,ぞ,1.10121,False,195.0,3,3,True,,20,どうぞ
minimax vs monte_carlo,minimax,monte_carlo,D5000_seed0_minimax_vs_monte_carlo_0,5000,0,first,ended_with_n,2,second,monte_carlo,ぞ,どうぞ,ぞくぞく,ぞ,く,く,0.105115,False,0.6,,,,,,どうぞ -> ぞくぞく
minimax vs monte_carlo,minimax,monte_carlo,D5000_seed0_minimax_vs_monte_carlo_0,5000,0,first,ended_with_n,3,first,minimax,く,ぞくぞく,くちかず,く,ず,ず,1.703655,False,185.0,3,3,True,,20,どうぞ -> ぞくぞく -> くちかず
minimax vs monte_carlo,minimax,monte_carlo,D5000_seed0_minimax_vs_monte_carlo_0,5000,0,first,ended_with_n,4,second,monte_carlo,ず,くちかず,ずいじ,ず,じ,じ,0.08273,False,0.61,,,,,,どうぞ -> ぞくぞく -> くちかず -> ずいじ
minimax vs monte_carlo,minimax,monte_carlo,D5000_seed0_minimax_vs_monte_carlo_0,5000,0,first,ended_with_n,5,first,minimax,じ,ずいじ,じゆんび,じ,び,び,2.000024,True,156.0,3,2,True,,19,どうぞ -> ぞくぞく -> くちかず -> ずいじ -> じゆんび
minimax vs monte_carlo,minimax,monte_carlo,D5000_seed0_minimax_vs_monte_carlo_0,5000,0,first,ended_with_n,6,second,monte_carlo,び,じゆんび,びんぼお,び,お,お,0.200616,False,0.71,,,,,,どうぞ -> ぞくぞく -> くちかず -> ずいじ -> じゆんび -> びんぼお
minimax vs monte_carlo,minimax,monte_carlo,D5000_seed0_minimax_vs_monte_carlo_0,5000,0,first,ended_with_n,7,first,minimax,お,びんぼお,おぺ,お,ぺ,ぺ,0.18096,False,359.0,2,2,True,,20,どうぞ -> ぞくぞく -> くちかず -> ずいじ -> じゆんび -> びんぼお -> おぺ
minimax vs monte_carlo,minimax,monte_carlo,D5000_seed0_minimax_vs_monte_carlo_0,5000,0,first,ended_with_n,8,second,monte_carlo,ぺ,おぺ,ぺえじ,ぺ,じ,じ,0.051874,False,0.7,,,,,,どうぞ -> ぞくぞく -> くちかず -> ずいじ -> じゆんび -> びんぼお -> おぺ -> ぺえじ
minimax vs monte_carlo,minimax,monte_carlo,D5000_seed0_minimax_vs_monte_carlo_0,5000,0,first,ended_with_n,9,first,minimax,じ,ぺえじ,じゆうしゆぎ,じ,ぎ,ぎ,0.198299,False,-149.0,2,2,True,,20,どうぞ -> ぞくぞく -> くちかず -> ずいじ -> じゆんび -> びんぼお -> おぺ -> ぺえじ -> じゆうしゆぎ
minimax vs monte_carlo,minimax,monte_carlo,D5000_seed0_minimax_vs_monte_carlo_0,5000,0,first,ended_with_n,10,second,monte_carlo,ぎ,じゆうしゆぎ,ぎだ,ぎ,だ,だ,0.1987,False,0.8,,,,,,どうぞ -> ぞくぞく -> くちかず -> ずいじ -> じゆんび -> びんぼお -> おぺ -> ぺえじ -> じゆうしゆぎ -> ぎだ
minimax vs monte_carlo,minimax,monte_carlo,D5000_seed0_minimax_vs_monte_carlo_0,5000,0,first,ended_with_n,11,first,minimax,だ,ぎだ,だいぎ,だ,ぎ,ぎ,0.150882,False,-149.0,2,3,True,,20,どうぞ -> ぞくぞく -> くちかず -> ずいじ -> じゆんび -> びんぼお -> おぺ -> ぺえじ -> じゆうしゆぎ -> ぎだ -> だいぎ
minimax vs monte_carlo,minimax,monte_carlo,D5000_seed0_minimax_vs_monte_carlo_0,5000,0,first,ended_with_n,12,second,monte_carlo,ぎ,だいぎ,ぎじよう,ぎ,う,う,0.20771,False,0.8,,,,,,どうぞ -> ぞくぞく -> くちかず -> ずいじ -> じゆんび -> びんぼお -> おぺ -> ぺえじ -> じゆうしゆぎ -> ぎだ -> だいぎ -> ぎじよう
minimax vs monte_carlo,minimax,monte_carlo,D5000_seed0_minimax_vs_monte_carlo_0,5000,0,first,ended_with_n,13,first,minimax,う,ぎじよう,うちこむ,う,む,む,2.000024,True,156.0,3,2,True,,20,どうぞ -> ぞくぞく -> くちかず -> ずいじ -> じゆんび -> びんぼお -> おぺ -> ぺえじ -> じゆうしゆぎ -> ぎだ -> だいぎ -> ぎじよう -> うちこむ
minimax vs monte_carlo,minimax,monte_carlo,D5000_seed0_minimax_vs_monte_carlo_0,5000,0,first,ended_with_n,14,second,monte_carlo,む,うちこむ,むさぼる,む,る,る,0.192187,False,0.8,,,,,,どうぞ -> ぞくぞく -> くちかず -> ずいじ -> じゆんび -> びんぼお -> おぺ -> ぺえじ -> じゆうしゆぎ -> ぎだ -> だいぎ -> ぎじよう -> うちこむ -> むさぼる
minimax vs monte_carlo,minimax,monte_carlo,D5000_seed0_minimax_vs_monte_carlo_0,5000,0,first,ended_with_n,15,first,minimax,る,むさぼる,るみのおる,る,る,る,0.04782,False,-121.0,2,2,True,,12,どうぞ -> ぞくぞく -> くちかず -> ずいじ -> じゆんび -> びんぼお -> おぺ -> ぺえじ -> じゆうしゆぎ -> ぎだ -> だいぎ -> ぎじよう -> うちこむ -> むさぼる -> るみのおる
minimax vs monte_carlo,minimax,monte_carlo,D5000_seed0_minimax_vs_monte_carlo_0,5000,0,first,ended_with_n,16,second,monte_carlo,る,るみのおる,るいすい,る,い,い,0.072799,False,0.71,,,,,,どうぞ -> ぞくぞく -> くちかず -> ずいじ -> じゆんび -> びんぼお -> おぺ -> ぺえじ -> じゆうしゆぎ -> ぎだ -> だいぎ -> ぎじよう -> うちこむ -> むさぼる -> るみのおる -> るいすい
minimax vs monte_carlo,minimax,monte_carlo,D5000_seed0_minimax_vs_monte_carlo_0,5000,0,first,ended_with_n,17,first,minimax,い,るいすい,いからせる,い,る,る,0.162135,False,-98.0,2,2,True,,20,どうぞ -> ぞくぞく -> くちかず -> ずいじ -> じゆんび -> びんぼお -> おぺ -> ぺえじ -> じゆうしゆぎ -> ぎだ -> だいぎ -> ぎじよう -> うちこむ -> むさぼる -> るみのおる -> るいすい -> いからせる
minimax vs monte_carlo,minimax,monte_carlo,D5000_seed0_minimax_vs_monte_carlo_0,5000,0,first,ended_with_n,18,second,monte_carlo,る,いからせる,るいけい,る,い,い,0.059877,False,0.8,,,,,,どうぞ -> ぞくぞく -> くちかず -> ずいじ -> じゆんび -> びんぼお -> おぺ -> ぺえじ -> じゆうしゆぎ -> ぎだ -> だいぎ -> ぎじよう -> うちこむ -> むさぼる -> るみのおる -> るいすい -> いからせる -> るいけい
minimax vs monte_carlo,minimax,monte_carlo,D5000_seed0_minimax_vs_monte_carlo_0,5000,0,first,ended_with_n,19,first,minimax,い,るいけい,いきる,い,る,る,0.154336,False,-75.0,2,3,True,,20,どうぞ -> ぞくぞく -> くちかず -> ずいじ -> じゆんび -> びんぼお -> おぺ -> ぺえじ -> じゆうしゆぎ -> ぎだ -> だいぎ -> ぎじよう -> うちこむ -> むさぼる -> るみのおる -> るいすい -> いからせる -> るいけい -> いきる
minimax vs monte_carlo,minimax,monte_carlo,D5000_seed0_minimax_vs_monte_carlo_0,5000,0,first,ended_with_n,20,second,monte_carlo,る,いきる,るねさんす,る,す,す,0.044034,False,0.7,,,,,,どうぞ -> ぞくぞく -> くちかず -> ずいじ -> じゆんび -> びんぼお -> おぺ -> ぺえじ -> じゆうしゆぎ -> ぎだ -> だいぎ -> ぎじよう -> うちこむ -> むさぼる -> るみのおる -> るいすい -> いからせる -> るいけい -> いきる -> るねさんす
minimax vs monte_carlo,minimax,monte_carlo,D5000_seed0_minimax_vs_monte_carlo_0,5000,0,first,ended_with_n,21,first,minimax,す,るねさんす,すくうる,す,る,る,1.565779,False,217.0,3,3,True,,20,どうぞ -> ぞくぞく -> くちかず -> ずいじ -> じゆんび -> びんぼお -> おぺ -> ぺえじ -> じゆうしゆぎ -> ぎだ -> だいぎ -> ぎじよう -> うちこむ -> むさぼる -> るみのおる -> るいすい -> いからせる -> るいけい -> いきる -> るねさんす -> すくうる
minimax vs monte_carlo,minimax,monte_carlo,D5000_seed0_minimax_vs_monte_carlo_0,5000,0,first,ended_with_n,22,second,monte_carlo,る,すくうる,るぽるたあじゆ,る,ゆ,ゆ,0.034585,False,0.7,,,,,,どうぞ -> ぞくぞく -> くちかず -> ずいじ -> じゆんび -> びんぼお -> おぺ -> ぺえじ -> じゆうしゆぎ -> ぎだ -> だいぎ -> ぎじよう -> うちこむ -> むさぼる -> るみのおる -> るいすい -> いからせる -> るいけい -> いきる -> るねさんす -> すくうる -> るぽるたあじゆ
minimax vs monte_carlo,minimax,monte_carlo,D5000_seed0_minimax_vs_monte_carlo_0,5000,0,first,ended_with_n,23,first,minimax,ゆ,るぽるたあじゆ,ゆきわたる,ゆ,る,る,2.000017,True,225.0,3,2,True,,19,どうぞ -> ぞくぞく -> くちかず -> ずいじ -> じゆんび -> びんぼお -> おぺ -> ぺえじ -> じゆうしゆぎ -> ぎだ -> だいぎ -> ぎじよう -> うちこむ -> むさぼる -> るみのおる -> るいすい -> いからせる -> るいけい -> いきる -> るねさんす -> すくうる -> るぽるたあじゆ -> ゆきわたる
minimax vs monte_carlo,minimax,monte_carlo,D5000_seed0_minimax_vs_monte_carlo_0,5000,0,first,ended_with_n,24,second,monte_carlo,る,ゆきわたる,るり,る,り,り,0.022327,False,0.6,,,,,,どうぞ -> ぞくぞく -> くちかず -> ずいじ -> じゆんび -> びんぼお -> おぺ -> ぺえじ -> じゆうしゆぎ -> ぎだ -> だいぎ -> ぎじよう -> うちこむ -> むさぼる -> るみのおる -> るいすい -> いからせる -> るいけい -> いきる -> るねさんす -> すくうる -> るぽるたあじゆ -> ゆきわたる -> るり
minimax vs monte_carlo,minimax,monte_carlo,D5000_seed0_minimax_vs_monte_carlo_0,5000,0,first,ended_with_n,25,first,minimax,り,るり,りある,り,る,る,0.123475,False,-6.0,2,2,True,,20,どうぞ -> ぞくぞく -> くちかず -> ずいじ -> じゆんび -> びんぼお -> おぺ -> ぺえじ -> じゆうしゆぎ -> ぎだ -> だいぎ -> ぎじよう -> うちこむ -> むさぼる -> るみのおる -> るいすい -> いからせる -> るいけい -> いきる -> るねさんす -> すくうる -> るぽるたあじゆ -> ゆきわたる -> るり -> りある
minimax vs monte_carlo,minimax,monte_carlo,D5000_seed0_minimax_vs_monte_carlo_0,5000,0,first,ended_with_n,26,second,monte_carlo,る,りある,るうきい,る,い,い,0.014893,False,0.8,,,,,,どうぞ -> ぞくぞく -> くちかず -> ずいじ -> じゆんび -> びんぼお -> おぺ -> ぺえじ -> じゆうしゆぎ -> ぎだ -> だいぎ -> ぎじよう -> うちこむ -> むさぼる -> るみのおる -> るいすい -> いからせる -> るいけい -> いきる -> るねさんす -> すくうる -> るぽるたあじゆ -> ゆきわたる -> るり -> りある -> るうきい
minimax vs monte_carlo,minimax,monte_carlo,D5000_seed0_minimax_vs_monte_carlo_0,5000,0,first,ended_with_n,27,first,minimax,い,るうきい,いこおる,い,る,る,0.150902,False,17.0,2,2,True,,20,どうぞ -> ぞくぞく -> くちかず -> ずいじ -> じゆんび -> びんぼお -> おぺ -> ぺえじ -> じゆうしゆぎ -> ぎだ -> だいぎ -> ぎじよう -> うちこむ -> むさぼる -> るみのおる -> るいすい -> いからせる -> るいけい -> いきる -> るねさんす -> すくうる -> るぽるたあじゆ -> ゆきわたる -> るり -> りある -> るうきい -> いこおる
minimax vs monte_carlo,minimax,monte_carlo,D5000_seed0_minimax_vs_monte_carlo_0,5000,0,first,ended_with_n,28,second,monte_carlo,る,いこおる,るぽ,る,ぽ,ぽ,0.010037,False,0.6,,,,,,どうぞ -> ぞくぞく -> くちかず -> ずいじ -> じゆんび -> びんぼお -> おぺ -> ぺえじ -> じゆうしゆぎ -> ぎだ -> だいぎ -> ぎじよう -> うちこむ -> むさぼる -> るみのおる -> るいすい -> いからせる -> るいけい -> いきる -> るねさんす -> すくうる -> るぽるたあじゆ -> ゆきわたる -> るり -> りある -> るうきい -> いこおる -> るぽ
minimax vs monte_carlo,minimax,monte_carlo,D5000_seed0_minimax_vs_monte_carlo_0,5000,0,first,ended_with_n,29,first,minimax,ぽ,るぽ,ぽおたぶる,ぽ,る,る,0.041536,False,1014.0,2,3,True,,11,どうぞ -> ぞくぞく -> くちかず -> ずいじ -> じゆんび -> びんぼお -> おぺ -> ぺえじ -> じゆうしゆぎ -> ぎだ -> だいぎ -> ぎじよう -> うちこむ -> むさぼる -> るみのおる -> るいすい -> いからせる -> るいけい -> いきる -> るねさんす -> すくうる -> るぽるたあじゆ -> ゆきわたる -> るり -> りある -> るうきい -> いこおる -> るぽ -> ぽおたぶる
minimax vs monte_carlo,minimax,monte_carlo,D5000_seed0_minimax_vs_monte_carlo_0,5000,0,first,ended_with_n,30,second,monte_carlo,る,ぽおたぶる,るいせき,る,き,き,0.004601,False,0.5,,,,,,どうぞ -> ぞくぞく -> くちかず -> ずいじ -> じゆんび -> びんぼお -> おぺ -> ぺえじ -> じゆうしゆぎ -> ぎだ -> だいぎ -> ぎじよう -> うちこむ -> むさぼる -> るみのおる -> るいすい -> いからせる -> るいけい -> いきる -> るねさんす -> すくうる -> るぽるたあじゆ -> ゆきわたる -> るり -> りある -> るうきい -> いこおる -> るぽ -> ぽおたぶる -> るいせき
minimax vs monte_carlo,minimax,monte_carlo,D5000_seed0_minimax_vs_monte_carlo_0,5000,0,first,ended_with_n,31,first,minimax,き,るいせき,きかせる,き,る,る,0.988712,False,500000.0,3,3,True,,20,どうぞ -> ぞくぞく -> くちかず -> ずいじ -> じゆんび -> びんぼお -> おぺ -> ぺえじ -> じゆうしゆぎ -> ぎだ -> だいぎ -> ぎじよう -> うちこむ -> むさぼる -> るみのおる -> るいすい -> いからせる -> るいけい -> いきる -> るねさんす -> すくうる -> るぽるたあじゆ -> ゆきわたる -> るり -> りある -> るうきい -> いこおる -> るぽ -> ぽおたぶる -> るいせき -> きかせる
minimax vs monte_carlo,minimax,monte_carlo,D5000_seed0_minimax_vs_monte_carlo_0,5000,0,first,ended_with_n,32,second,monte_carlo,る,きかせる,るああ,る,あ,あ,0.000761,False,0.4,,,,,,どうぞ -> ぞくぞく -> くちかず -> ずいじ -> じゆんび -> びんぼお -> おぺ -> ぺえじ -> じゆうしゆぎ -> ぎだ -> だいぎ -> ぎじよう -> うちこむ -> むさぼる -> るみのおる -> るいすい -> いからせる -> るいけい -> いきる -> るねさんす -> すくうる -> るぽるたあじゆ -> ゆきわたる -> るり -> りある -> るうきい -> いこおる -> るぽ -> ぽおたぶる -> るいせき -> きかせる -> るああ
minimax vs monte_carlo,minimax,monte_carlo,D5000_seed0_minimax_vs_monte_carlo_0,5000,0,first,ended_with_n,33,first,minimax,あ,るああ,あいてどる,あ,る,る,0.00112,False,1000000.0,3,3,True,,20,どうぞ -> ぞくぞく -> くちかず -> ずいじ -> じゆんび -> びんぼお -> おぺ -> ぺえじ -> じゆうしゆぎ -> ぎだ -> だいぎ -> ぎじよう -> うちこむ -> むさぼる -> るみのおる -> るいすい -> いからせる -> るいけい -> いきる -> るねさんす -> すくうる -> るぽるたあじゆ -> ゆきわたる -> るり -> りある -> るうきい -> いこおる -> るぽ -> ぽおたぶる -> るいせき -> きかせる -> るああ -> あいてどる
minimax vs monte_carlo,minimax,monte_carlo,D5000_seed0_minimax_vs_monte_carlo_0,5000,0,first,ended_with_n,34,second,monte_carlo,る,あいてどる,るうちん,る,ん,,5e-06,False,0.0,,,,,,どうぞ -> ぞくぞく -> くちかず -> ずいじ -> じゆんび -> びんぼお -> おぺ -> ぺえじ -> じゆうしゆぎ -> ぎだ -> だいぎ -> ぎじよう -> うちこむ -> むさぼる -> るみのおる -> るいすい -> いからせる -> るいけい -> いきる -> るねさんす -> すくうる -> るぽるたあじゆ -> ゆきわたる -> るり -> りある -> るうきい -> いこおる -> るぽ -> ぽおたぶる -> るいせき -> きかせる -> るああ -> あいてどる -> るうちん
minimax vs alpha_beta,minimax,alpha_beta,D5000_seed0_minimax_vs_alpha_beta_0,5000,0,second,ended_with_n,1,first,minimax,ANY,,どうぞ,ど,ぞ,ぞ,0.829784,False,195.0,3,3,True,,20,どうぞ
minimax vs alpha_beta,minimax,alpha_beta,D5000_seed0_minimax_vs_alpha_beta_0,5000,0,second,ended_with_n,2,second,alpha_beta,ぞ,どうぞ,ぞうご,ぞ,ご,ご,0.504263,False,-156.0,4,4,True,213,10,どうぞ -> ぞうご
minimax vs alpha_beta,minimax,alpha_beta,D5000_seed0_minimax_vs_alpha_beta_0,5000,0,second,ended_with_n,3,first,minimax,ご,ぞうご,ごうぎ,ご,ぎ,ぎ,2.000021,True,156.0,3,2,True,,12,どうぞ -> ぞうご -> ごうぎ
minimax vs alpha_beta,minimax,alpha_beta,D5000_seed0_minimax_vs_alpha_beta_0,5000,0,second,ended_with_n,4,second,alpha_beta,ぎ,ごうぎ,ぎようざ,ぎ,ざ,ざ,1.392447,False,-156.0,4,4,True,692,20,どうぞ -> ぞうご -> ごうぎ -> ぎようざ
minimax vs alpha_beta,minimax,alpha_beta,D5000_seed0_minimax_vs_alpha_beta_0,5000,0,second,ended_with_n,5,first,minimax,ざ,ぎようざ,ざいむ,ざ,む,む,0.077665,False,-156.0,2,2,True,,20,どうぞ -> ぞうご -> ごうぎ -> ぎようざ -> ざいむ
minimax vs alpha_beta,minimax,alpha_beta,D5000_seed0_minimax_vs_alpha_beta_0,5000,0,second,ended_with_n,6,second,alpha_beta,む,ざいむ,むね,む,ね,ね,1.228287,False,-156.0,4,4,True,647,20,どうぞ -> ぞうご -> ごうぎ -> ぎようざ -> ざいむ -> むね
minimax vs alpha_beta,minimax,alpha_beta,D5000_seed0_minimax_vs_alpha_beta_0,5000,0,second,ended_with_n,7,first,minimax,ね,むね,ねんご,ね,ご,ご,0.127462,False,-65.0,2,2,True,,20,どうぞ -> ぞうご -> ごうぎ -> ぎようざ -> ざいむ -> むね -> ねんご
minimax vs alpha_beta,minimax,alpha_beta,D5000_seed0_minimax_vs_alpha_beta_0,5000,0,second,ended_with_n,8,second,alpha_beta,ご,ねんご,ごんどら,ご,ら,ら,0.989515,False,-156.0,4,4,True,533,20,どうぞ -> ぞうご -> ごうぎ -> ぎようざ -> ざいむ -> むね -> ねんご -> ごんどら
minimax vs alpha_beta,minimax,alpha_beta,D5000_seed0_minimax_vs_alpha_beta_0,5000,0,second,ended_with_n,9,first,minimax,ら,ごんどら,らぼ,ら,ぼ,ぼ,0.109554,False,-73.0,2,3,True,,20,どうぞ -> ぞうご -> ごうぎ -> ぎようざ -> ざいむ -> むね -> ねんご -> ごんどら -> らぼ
minimax vs alpha_beta,minimax,alpha_beta,D5000_seed0_minimax_vs_alpha_beta_0,5000,0,second,ended_with_n,10,second,alpha_beta,ぼ,らぼ,ぼくら,ぼ,ら,ら,1.463218,False,-156.0,4,4,True,589,20,どうぞ -> ぞうご -> ごうぎ -> ぎようざ -> ざいむ -> むね -> ねんご -> ごんどら -> らぼ -> ぼくら
minimax vs alpha_beta,minimax,alpha_beta,D5000_seed0_minimax_vs_alpha_beta_0,5000,0,second,ended_with_n,11,first,minimax,ら,ぼくら,らつぷ,ら,ぷ,ぷ,2.000025,True,156.0,3,2,True,,13,どうぞ -> ぞうご -> ごうぎ -> ぎようざ -> ざいむ -> むね -> ねんご -> ごんどら -> らぼ -> ぼくら -> らつぷ
minimax vs alpha_beta,minimax,alpha_beta,D5000_seed0_minimax_vs_alpha_beta_0,5000,0,second,ended_with_n,12,second,alpha_beta,ぷ,らつぷ,ぷりずむ,ぷ,む,む,1.116062,False,-156.0,4,4,True,496,20,どうぞ -> ぞうご -> ごうぎ -> ぎようざ -> ざいむ -> むね -> ねんご -> ごんどら -> らぼ -> ぼくら -> らつぷ -> ぷりずむ
minimax vs alpha_beta,minimax,alpha_beta,D5000_seed0_minimax_vs_alpha_beta_0,5000,0,second,ended_with_n,13,first,minimax,む,ぷりずむ,むしば,む,ば,ば,0.097782,False,-156.0,2,2,True,,20,どうぞ -> ぞうご -> ごうぎ -> ぎようざ -> ざいむ -> むね -> ねんご -> ごんどら -> らぼ -> ぼくら -> らつぷ -> ぷりずむ -> むしば
minimax vs alpha_beta,minimax,alpha_beta,D5000_seed0_minimax_vs_alpha_beta_0,5000,0,second,ended_with_n,14,second,alpha_beta,ば,むしば,ばらばら,ば,ら,ら,1.045493,False,-156.0,4,4,True,604,20,どうぞ -> ぞうご -> ごうぎ -> ぎようざ -> ざいむ -> むね -> ねんご -> ごんどら -> らぼ -> ぼくら -> らつぷ -> ぷりずむ -> むしば -> ばらばら
minimax vs alpha_beta,minimax,alpha_beta,D5000_seed0_minimax_vs_alpha_beta_0,5000,0,second,ended_with_n,15,first,minimax,ら,ばらばら,らぶこめ,ら,め,め,0.091998,False,-156.0,2,2,True,,20,どうぞ -> ぞうご -> ごうぎ -> ぎようざ -> ざいむ -> むね -> ねんご -> ごんどら -> らぼ -> ぼくら -> らつぷ -> ぷりずむ -> むしば -> ばらばら -> らぶこめ
minimax vs alpha_beta,minimax,alpha_beta,D5000_seed0_minimax_vs_alpha_beta_0,5000,0,second,ended_with_n,16,second,alpha_beta,め,らぶこめ,めが,め,が,が,0.982705,False,-156.0,4,4,True,490,20,どうぞ -> ぞうご -> ごうぎ -> ぎようざ -> ざいむ -> むね -> ねんご -> ごんどら -> らぼ -> ぼくら -> らつぷ -> ぷりずむ -> むしば -> ばらばら -> らぶこめ -> めが
minimax vs alpha_beta,minimax,alpha_beta,D5000_seed0_minimax_vs_alpha_beta_0,5000,0,second,ended_with_n,17,first,minimax,が,めが,がいしや,が,や,や,0.111801,False,-156.0,2,3,True,,20,どうぞ -> ぞうご -> ごうぎ -> ぎようざ -> ざいむ -> むね -> ねんご -> ごんどら -> らぼ -> ぼくら -> らつぷ -> ぷりずむ -> むしば -> ばらばら -> らぶこめ -> めが -> がいしや
minimax vs alpha_beta,minimax,alpha_beta,D5000_seed0_minimax_vs_alpha_beta_0,5000,0,second,ended_with_n,18,second,alpha_beta,や,がいしや,やむ,や,む,む,1.488671,False,-156.0,4,4,True,645,20,どうぞ -> ぞうご -> ごうぎ -> ぎようざ -> ざいむ -> むね -> ねんご -> ごんどら -> らぼ -> ぼくら -> らつぷ -> ぷりずむ -> むしば -> ばらばら -> らぶこめ -> めが -> がいしや -> やむ
minimax vs alpha_beta,minimax,alpha_beta,D5000_seed0_minimax_vs_alpha_beta_0,5000,0,second,ended_with_n,19,first,minimax,む,やむ,むつちや,む,や,や,2.000038,True,156.0,3,2,True,,12,どうぞ -> ぞうご -> ごうぎ -> ぎようざ -> ざいむ -> むね -> ねんご -> ごんどら -> らぼ -> ぼくら -> らつぷ -> ぷりずむ -> むしば -> ばらばら -> らぶこめ -> めが -> がいしや -> やむ -> むつちや
minimax vs alpha_beta,minimax,alpha_beta,D5000_seed0_minimax_vs_alpha_beta_0,5000,0,second,ended_with_n,20,second,alpha_beta,や,むつちや,やつぱり,や,り,り,2.00001,True,-121.0,4,3,True,442,15,どうぞ -> ぞうご -> ごうぎ -> ぎようざ -> ざいむ -> むね -> ねんご -> ごんどら -> らぼ -> ぼくら -> らつぷ -> ぷりずむ -> むしば -> ばらばら -> らぶこめ -> めが -> がいしや -> やむ -> むつちや -> やつぱり
minimax vs alpha_beta,minimax,alpha_beta,D5000_seed0_minimax_vs_alpha_beta_0,5000,0,second,ended_with_n,21,first,minimax,り,やつぱり,りら,り,ら,ら,0.191939,False,-156.0,2,2,True,,20,どうぞ -> ぞうご -> ごうぎ -> ぎようざ -> ざいむ -> むね -> ねんご -> ごんどら -> らぼ -> ぼくら -> らつぷ -> ぷりずむ -> むしば -> ばらばら -> らぶこめ -> めが -> がいしや -> やむ -> むつちや -> やつぱり -> りら
minimax vs alpha_beta,minimax,alpha_beta,D5000_seed0_minimax_vs_alpha_beta_0,5000,0,second,ended_with_n,22,second,alpha_beta,ら,りら,らぶそんぐ,ら,ぐ,ぐ,0.255149,False,156.0,3,3,True,65,20,どうぞ -> ぞうご -> ごうぎ -> ぎようざ -> ざいむ -> むね -> ねんご -> ごんどら -> らぼ -> ぼくら -> らつぷ -> ぷりずむ -> むしば -> ばらばら -> らぶこめ -> めが -> がいしや -> やむ -> むつちや -> やつぱり -> りら -> らぶそんぐ
minimax vs alpha_beta,minimax,alpha_beta,D5000_seed0_minimax_vs_alpha_beta_0,5000,0,second,ended_with_n,23,first,minimax,ぐ,らぶそんぐ,ぐつず,ぐ,ず,ず,0.14373,False,-156.0,2,2,True,,20,どうぞ -> ぞうご -> ごうぎ -> ぎようざ -> ざいむ -> むね -> ねんご -> ごんどら -> らぼ -> ぼくら -> らつぷ -> ぷりずむ -> むしば -> ばらばら -> らぶこめ -> めが -> がいしや -> やむ -> むつちや -> やつぱり -> りら -> らぶそんぐ -> ぐつず
minimax vs alpha_beta,minimax,alpha_beta,D5000_seed0_minimax_vs_alpha_beta_0,5000,0,second,ended_with_n,24,second,alpha_beta,ず,ぐつず,ずいしよ,ず,よ,よ,0.112292,False,156.0,3,3,True,43,10,どうぞ -> ぞうご -> ごうぎ -> ぎようざ -> ざいむ -> むね -> ねんご -> ごんどら -> らぼ -> ぼくら -> らつぷ -> ぷりずむ -> むしば -> ばらばら -> らぶこめ -> めが -> がいしや -> やむ -> むつちや -> やつぱり -> りら -> らぶそんぐ -> ぐつず -> ずいしよ
minimax vs alpha_beta,minimax,alpha_beta,D5000_seed0_minimax_vs_alpha_beta_0,5000,0,second,ended_with_n,25,first,minimax,よ,ずいしよ,よろず,よ,ず,ず,0.21936,False,-156.0,2,3,True,,20,どうぞ -> ぞうご -> ごうぎ -> ぎようざ -> ざいむ -> むね -> ねんご -> ごんどら -> らぼ -> ぼくら -> らつぷ -> ぷりずむ -> むしば -> ばらばら -> らぶこめ -> めが -> がいしや -> やむ -> むつちや -> やつぱり -> りら -> らぶそんぐ -> ぐつず -> ずいしよ -> よろず
minimax vs alpha_beta,minimax,alpha_beta,D5000_seed0_minimax_vs_alpha_beta_0,5000,0,second,ended_with_n,26,second,alpha_beta,ず,よろず,ずらす,ず,す,す,0.113989,False,156.0,3,4,True,47,9,どうぞ -> ぞうご -> ごうぎ -> ぎようざ -> ざいむ -> むね -> ねんご -> ごんどら -> らぼ -> ぼくら -> らつぷ -> ぷりずむ -> むしば -> ばらばら -> らぶこめ -> めが -> がいしや -> やむ -> むつちや -> やつぱり -> りら -> らぶそんぐ -> ぐつず -> ずいしよ -> よろず -> ずらす
minimax vs alpha_beta,minimax,alpha_beta,D5000_seed0_minimax_vs_alpha_beta_0,5000,0,second,ended_with_n,27,first,minimax,す,ずらす,すくなからず,す,ず,ず,1.789777,False,185.0,3,3,True,,20,どうぞ -> ぞうご -> ごうぎ -> ぎようざ -> ざいむ -> むね -> ねんご -> ごんどら -> らぼ -> ぼくら -> らつぷ -> ぷりずむ -> むしば -> ばらばら -> らぶこめ -> めが -> がいしや -> やむ -> むつちや -> やつぱり -> りら -> らぶそんぐ -> ぐつず -> ずいしよ -> よろず -> ずらす -> すくなからず
minimax vs alpha_beta,minimax,alpha_beta,D5000_seed0_minimax_vs_alpha_beta_0,5000,0,second,ended_with_n,28,second,alpha_beta,ず,すくなからず,ずじよう,ず,う,う,0.497695,False,-156.0,4,4,True,132,8,どうぞ -> ぞうご -> ごうぎ -> ぎようざ -> ざいむ -> むね -> ねんご -> ごんどら -> らぼ -> ぼくら -> らつぷ -> ぷりずむ -> むしば -> ばらばら -> らぶこめ -> めが -> がいしや -> やむ -> むつちや -> やつぱり -> りら -> らぶそんぐ -> ぐつず -> ずいしよ -> よろず -> ずらす -> すくなからず -> ずじよう
minimax vs alpha_beta,minimax,alpha_beta,D5000_seed0_minimax_vs_alpha_beta_0,5000,0,second,ended_with_n,29,first,minimax,う,ずじよう,うでぢから,う,ら,ら,2.000039,True,156.0,3,2,True,,19,どうぞ -> ぞうご -> ごうぎ -> ぎようざ -> ざいむ -> むね -> ねんご -> ごんどら -> らぼ -> ぼくら -> らつぷ -> ぷりずむ -> むしば -> ばらばら -> らぶこめ -> めが -> がいしや -> やむ -> むつちや -> やつぱり -> りら -> らぶそんぐ -> ぐつず -> ずいしよ -> よろず -> ずらす -> すくなからず -> ずじよう -> うでぢから
minimax vs alpha_beta,minimax,alpha_beta,D5000_seed0_minimax_vs_alpha_beta_0,5000,0,second,ended_with_n,30,second,alpha_beta,ら,うでぢから,らんぐ,ら,ぐ,ぐ,1.623403,False,-156.0,4,4,True,389,20,どうぞ -> ぞうご -> ごうぎ -> ぎようざ -> ざいむ -> むね -> ねんご -> ごんどら -> らぼ -> ぼくら -> らつぷ -> ぷりずむ -> むしば -> ばらばら -> らぶこめ -> めが -> がいしや -> やむ -> むつちや -> やつぱり -> りら -> らぶそんぐ -> ぐつず -> ずいしよ -> よろず -> ずらす -> すくなからず -> ずじよう -> うでぢから -> らんぐ
minimax vs alpha_beta,minimax,alpha_beta,D5000_seed0_minimax_vs_alpha_beta_0,5000,0,second,ended_with_n,31,first,minimax,ぐ,らんぐ,ぐあてまら,ぐ,ら,ら,0.21003,False,-156.0,2,2,True,,20,どうぞ -> ぞうご -> ごうぎ -> ぎようざ -> ざいむ -> むね -> ねんご -> ごんどら -> らぼ -> ぼくら -> らつぷ -> ぷりずむ -> むしば -> ばらばら -> らぶこめ -> めが -> がいしや -> やむ -> むつちや -> やつぱり -> りら -> らぶそんぐ -> ぐつず -> ずいしよ -> よろず -> ずらす -> すくなからず -> ずじよう -> うでぢから -> らんぐ -> ぐあてまら
minimax vs alpha_beta,minimax,alpha_beta,D5000_seed0_minimax_vs_alpha_beta_0,5000,0,second,ended_with_n,32,second,alpha_beta,ら,ぐあてまら,らあげ,ら,げ,げ,1.398748,False,-156.0,4,4,True,364,20,どうぞ -> ぞうご -> ごうぎ -> ぎようざ -> ざいむ -> むね -> ねんご -> ごんどら -> らぼ -> ぼくら -> らつぷ -> ぷりずむ -> むしば -> ばらばら -> らぶこめ -> めが -> がいしや -> やむ -> むつちや -> やつぱり -> りら -> らぶそんぐ -> ぐつず -> ずいしよ -> よろず -> ずらす -> すくなからず -> ずじよう -> うでぢから -> らんぐ -> ぐあてまら -> らあげ
minimax vs alpha_beta,minimax,alpha_beta,D5000_seed0_minimax_vs_alpha_beta_0,5000,0,second,ended_with_n,33,first,minimax,げ,らあげ,げんご,げ,ご,ご,0.179797,False,169.0,2,2,True,,20,どうぞ -> ぞうご -> ごうぎ -> ぎようざ -> ざいむ -> むね -> ねんご -> ごんどら -> らぼ -> ぼくら -> らつぷ -> ぷりずむ -> むしば -> ばらばら -> らぶこめ -> めが -> がいしや -> やむ -> むつちや -> やつぱり -> りら -> らぶそんぐ -> ぐつず -> ずいしよ -> よろず -> ずらす -> すくなからず -> ずじよう -> うでぢから -> らんぐ -> ぐあてまら -> らあげ -> げんご
minimax vs alpha_beta,minimax,alpha_beta,D5000_seed0_minimax_vs_alpha_beta_0,5000,0,second,ended_with_n,34,second,alpha_beta,ご,げんご,ごしよ,ご,よ,よ,1.570791,False,-156.0,4,4,True,467,20,どうぞ -> ぞうご -> ごうぎ -> ぎようざ -> ざいむ -> むね -> ねんご -> ごんどら -> らぼ -> ぼくら -> らつぷ -> ぷりずむ -> むしば -> ばらばら -> らぶこめ -> めが -> がいしや -> やむ -> むつちや -> やつぱり -> りら -> らぶそんぐ -> ぐつず -> ずいしよ -> よろず -> ずらす -> すくなからず -> ずじよう -> うでぢから -> らんぐ -> ぐあてまら -> らあげ -> げんご -> ごしよ
minimax vs alpha_beta,minimax,alpha_beta,D5000_seed0_minimax_vs_alpha_beta_0,5000,0,second,ended_with_n,35,first,minimax,よ,ごしよ,よかつたら,よ,ら,ら,0.248572,False,-156.0,2,3,True,,20,どうぞ -> ぞうご -> ごうぎ -> ぎようざ -> ざいむ -> むね -> ねんご -> ごんどら -> らぼ -> ぼくら -> らつぷ -> ぷりずむ -> むしば -> ばらばら -> らぶこめ -> めが -> がいしや -> やむ -> むつちや -> やつぱり -> りら -> らぶそんぐ -> ぐつず -> ずいしよ -> よろず -> ずらす -> すくなからず -> ずじよう -> うでぢから -> らんぐ -> ぐあてまら -> らあげ -> げんご -> ごしよ -> よかつたら
minimax vs alpha_beta,minimax,alpha_beta,D5000_seed0_minimax_vs_alpha_beta_0,5000,0,second,ended_with_n,36,second,alpha_beta,ら,よかつたら,らいど,ら,ど,ど,1.487658,False,-156.0,4,4,True,319,19,どうぞ -> ぞうご -> ごうぎ -> ぎようざ -> ざいむ -> むね -> ねんご -> ごんどら -> らぼ -> ぼくら -> らつぷ -> ぷりずむ -> むしば -> ばらばら -> らぶこめ -> めが -> がいしや -> やむ -> むつちや -> やつぱり -> りら -> らぶそんぐ -> ぐつず -> ずいしよ -> よろず -> ずらす -> すくなからず -> ずじよう -> うでぢから -> らんぐ -> ぐあてまら -> らあげ -> げんご -> ごしよ -> よかつたら -> らいど
minimax vs alpha_beta,minimax,alpha_beta,D5000_seed0_minimax_vs_alpha_beta_0,5000,0,second,ended_with_n,37,first,minimax,ど,らいど,どろつぷ,ど,ぷ,ぷ,2.000059,True,156.0,3,2,True,,13,どうぞ -> ぞうご -> ごうぎ -> ぎようざ -> ざいむ -> むね -> ねんご -> ごんどら -> らぼ -> ぼくら -> らつぷ -> ぷりずむ -> むしば -> ばらばら -> らぶこめ -> めが -> がいしや -> やむ -> むつちや -> やつぱり -> りら -> らぶそんぐ -> ぐつず -> ずいしよ -> よろず -> ずらす -> すくなからず -> ずじよう -> うでぢから -> らんぐ -> ぐあてまら -> らあげ -> げんご -> ごしよ -> よかつたら -> らいど -> どろつぷ
minimax vs alpha_beta,minimax,alpha_beta,D5000_seed0_minimax_vs_alpha_beta_0,5000,0,second,ended_with_n,38,second,alpha_beta,ぷ,どろつぷ,ぷれみあむ,ぷ,む,む,1.69626,False,-156.0,4,4,True,572,20,どうぞ -> ぞうご -> ごうぎ -> ぎようざ -> ざいむ -> むね -> ねんご -> ごんどら -> らぼ -> ぼくら -> らつぷ -> ぷりずむ -> むしば -> ばらばら -> らぶこめ -> めが -> がいしや -> やむ -> むつちや -> やつぱり -> りら -> らぶそんぐ -> ぐつず -> ずいしよ -> よろず -> ずらす -> すくなからず -> ずじよう -> うでぢから -> らんぐ -> ぐあてまら -> らあげ -> げんご -> ごしよ -> よかつたら -> らいど -> どろつぷ -> ぷれみあむ
minimax vs alpha_beta,minimax,alpha_beta,D5000_seed0_minimax_vs_alpha_beta_0,5000,0,second,ended_with_n,39,first,minimax,む,ぷれみあむ,むすめ,む,め,め,0.128818,False,-156.0,2,2,True,,20,どうぞ -> ぞうご -> ごうぎ -> ぎようざ -> ざいむ -> むね -> ねんご -> ごんどら -> らぼ -> ぼくら -> らつぷ -> ぷりずむ -> むしば -> ばらばら -> らぶこめ -> めが -> がいしや -> やむ -> むつちや -> やつぱり -> りら -> らぶそんぐ -> ぐつず -> ずいしよ -> よろず -> ずらす -> すくなからず -> ずじよう -> うでぢから -> らんぐ -> ぐあてまら -> らあげ -> げんご -> ごしよ -> よかつたら -> らいど -> どろつぷ -> ぷれみあむ -> むすめ
minimax vs alpha_beta,minimax,alpha_beta,D5000_seed0_minimax_vs_alpha_beta_0,5000,0,second,ended_with_n,40,second,alpha_beta,め,むすめ,めつちやくちや,め,や,や,1.509226,False,-156.0,4,4,True,488,20,どうぞ -> ぞうご -> ごうぎ -> ぎようざ -> ざいむ -> むね -> ねんご -> ごんどら -> らぼ -> ぼくら -> らつぷ -> ぷりずむ -> むしば -> ばらばら -> らぶこめ -> めが -> がいしや -> やむ -> むつちや -> やつぱり -> りら -> らぶそんぐ -> ぐつず -> ずいしよ -> よろず -> ずらす -> すくなからず -> ずじよう -> うでぢから -> らんぐ -> ぐあてまら -> らあげ -> げんご -> ごしよ -> よかつたら -> らいど -> どろつぷ -> ぷれみあむ -> むすめ -> めつちやくちや
minimax vs alpha_beta,minimax,alpha_beta,D5000_seed0_minimax_vs_alpha_beta_0,5000,0,second,ended_with_n,41,first,minimax,や,めつちやくちや,やぐ,や,ぐ,ぐ,0.190985,False,-156.0,2,2,True,,20,どうぞ -> ぞうご -> ごうぎ -> ぎようざ -> ざいむ -> むね -> ねんご -> ごんどら -> らぼ -> ぼくら -> らつぷ -> ぷりずむ -> むしば -> ばらばら -> らぶこめ -> めが -> がいしや -> やむ -> むつちや -> やつぱり -> りら -> らぶそんぐ -> ぐつず -> ずいしよ -> よろず -> ずらす -> すくなからず -> ずじよう -> うでぢから -> らんぐ -> ぐあてまら -> らあげ -> げんご -> ごしよ -> よかつたら -> らいど -> どろつぷ -> ぷれみあむ -> むすめ -> めつちやくちや -> やぐ
minimax vs alpha_beta,minimax,alpha_beta,D5000_seed0_minimax_vs_alpha_beta_0,5000,0,second,ended_with_n,42,second,alpha_beta,ぐ,やぐ,ぐるうぷほおむ,ぐ,む,む,1.432002,False,-156.0,4,4,True,484,20,どうぞ -> ぞうご -> ごうぎ -> ぎようざ -> ざいむ -> むね -> ねんご -> ごんどら -> らぼ -> ぼくら -> らつぷ -> ぷりずむ -> むしば -> ばらばら -> らぶこめ -> めが -> がいしや -> やむ -> むつちや -> やつぱり -> りら -> らぶそんぐ -> ぐつず -> ずいしよ -> よろず -> ずらす -> すくなからず -> ずじよう -> うでぢから -> らんぐ -> ぐあてまら -> らあげ -> げんご -> ごしよ -> よかつたら -> らいど -> どろつぷ -> ぷれみあむ -> むすめ -> めつちやくちや -> やぐ -> ぐるうぷほおむ
minimax vs alpha_beta,minimax,alpha_beta,D5000_seed0_minimax_vs_alpha_beta_0,5000,0,second,ended_with_n,43,first,minimax,む,ぐるうぷほおむ,むらびと,む,と,と,0.113796,False,-156.0,2,3,True,,20,どうぞ -> ぞうご -> ごうぎ -> ぎようざ -> ざいむ -> むね -> ねんご -> ごんどら -> らぼ -> ぼくら -> らつぷ -> ぷりずむ -> むしば -> ばらばら -> らぶこめ -> めが -> がいしや -> やむ -> むつちや -> やつぱり -> りら -> らぶそんぐ -> ぐつず -> ずいしよ -> よろず -> ずらす -> すくなからず -> ずじよう -> うでぢから -> らんぐ -> ぐあてまら -> らあげ -> げんご -> ごしよ -> よかつたら -> らいど -> どろつぷ -> ぷれみあむ -> むすめ -> めつちやくちや -> やぐ -> ぐるうぷほおむ -> むらびと
minimax vs alpha_beta,minimax,alpha_beta,D5000_seed0_minimax_vs_alpha_beta_0,5000,0,second,ended_with_n,44,second,alpha_beta,と,むらびと,とむ,と,む,む,1.013172,False,-156.0,4,4,True,407,20,どうぞ -> ぞうご -> ごうぎ -> ぎようざ -> ざいむ -> むね -> ねんご -> ごんどら -> らぼ -> ぼくら -> らつぷ -> ぷりずむ -> むしば -> ばらばら -> らぶこめ -> めが -> がいしや -> やむ -> むつちや -> やつぱり -> りら -> らぶそんぐ -> ぐつず -> ずいしよ -> よろず -> ずらす -> すくなからず -> ずじよう -> うでぢから -> らんぐ -> ぐあてまら -> らあげ -> げんご -> ごしよ -> よかつたら -> らいど -> どろつぷ -> ぷれみあむ -> むすめ -> めつちやくちや -> やぐ -> ぐるうぷほおむ -> むらびと -> とむ
minimax vs alpha_beta,minimax,alpha_beta,D5000_seed0_minimax_vs_alpha_beta_0,5000,0,second,ended_with_n,45,first,minimax,む,とむ,むちつじよ,む,よ,よ,2.000016,True,156.0,3,2,True,,10,どうぞ -> ぞうご -> ごうぎ -> ぎようざ -> ざいむ -> むね -> ねんご -> ごんどら -> らぼ -> ぼくら -> らつぷ -> ぷりずむ -> むしば -> ばらばら -> らぶこめ -> めが -> がいしや -> やむ -> むつちや -> やつぱり -> りら -> らぶそんぐ -> ぐつず -> ずいしよ -> よろず -> ずらす -> すくなからず -> ずじよう -> うでぢから -> らんぐ -> ぐあてまら -> らあげ -> げんご -> ごしよ -> よかつたら -> らいど -> どろつぷ -> ぷれみあむ -> むすめ -> めつちやくちや -> やぐ -> ぐるうぷほおむ -> むらびと -> とむ -> むちつじよ
minimax vs alpha_beta,minimax,alpha_beta,D5000_seed0_minimax_vs_alpha_beta_0,5000,0,second,ended_with_n,46,second,alpha_beta,よ,むちつじよ,よぞら,よ,ら,ら,1.079949,False,-156.0,4,4,True,616,20,どうぞ -> ぞうご -> ごうぎ -> ぎようざ -> ざいむ -> むね -> ねんご -> ごんどら -> らぼ -> ぼくら -> らつぷ -> ぷりずむ -> むしば -> ばらばら -> らぶこめ -> めが -> がいしや -> やむ -> むつちや -> やつぱり -> りら -> らぶそんぐ -> ぐつず -> ずいしよ -> よろず -> ずらす -> すくなからず -> ずじよう -> うでぢから -> らんぐ -> ぐあてまら -> らあげ -> げんご -> ごしよ -> よかつたら -> らいど -> どろつぷ -> ぷれみあむ -> むすめ -> めつちやくちや -> やぐ -> ぐるうぷほおむ -> むらびと -> とむ -> むちつじよ -> よぞら
minimax vs alpha_beta,minimax,alpha_beta,D5000_seed0_minimax_vs_alpha_beta_0,5000,0,second,ended_with_n,47,first,minimax,ら,よぞら,らす,ら,す,す,0.065456,False,-156.0,2,2,True,,18,どうぞ -> ぞうご -> ごうぎ -> ぎようざ -> ざいむ -> むね -> ねんご -> ごんどら -> らぼ -> ぼくら -> らつぷ -> ぷりずむ -> むしば -> ばらばら -> らぶこめ -> めが -> がいしや -> やむ -> むつちや -> やつぱり -> りら -> らぶそんぐ -> ぐつず -> ずいしよ -> よろず -> ずらす -> すくなからず -> ずじよう -> うでぢから -> らんぐ -> ぐあてまら -> らあげ -> げんご -> ごしよ -> よかつたら -> らいど -> どろつぷ -> ぷれみあむ -> むすめ -> めつちやくちや -> やぐ -> ぐるうぷほおむ -> むらびと -> とむ -> むちつじよ -> よぞら -> らす
minimax vs alpha_beta,minimax,alpha_beta,D5000_seed0_minimax_vs_alpha_beta_0,5000,0,second,ended_with_n,48,second,alpha_beta,す,らす,すら,す,ら,ら,1.474953,False,-156.0,4,4,True,1044,20,どうぞ -> ぞうご -> ごうぎ -> ぎようざ -> ざいむ -> むね -> ねんご -> ごんどら -> らぼ -> ぼくら -> らつぷ -> ぷりずむ -> むしば -> ばらばら -> らぶこめ -> めが -> がいしや -> やむ -> むつちや -> やつぱり -> りら -> らぶそんぐ -> ぐつず -> ずいしよ -> よろず -> ずらす -> すくなからず -> ずじよう -> うでぢから -> らんぐ -> ぐあてまら -> らあげ -> げんご -> ごしよ -> よかつたら -> らいど -> どろつぷ -> ぷれみあむ -> むすめ -> めつちやくちや -> やぐ -> ぐるうぷほおむ -> むらびと -> とむ -> むちつじよ -> よぞら -> らす -> すら
minimax vs alpha_beta,minimax,alpha_beta,D5000_seed0_minimax_vs_alpha_beta_0,5000,0,second,ended_with_n,49,first,minimax,ら,すら,らてつくす,ら,す,す,0.063363,False,-156.0,2,2,True,,17,どうぞ -> ぞうご -> ごうぎ -> ぎようざ -> ざいむ -> むね -> ねんご -> ごんどら -> らぼ -> ぼくら -> らつぷ -> ぷりずむ -> むしば -> ばらばら -> らぶこめ -> めが -> がいしや -> やむ -> むつちや -> やつぱり -> りら -> らぶそんぐ -> ぐつず -> ずいしよ -> よろず -> ずらす -> すくなからず -> ずじよう -> うでぢから -> らんぐ -> ぐあてまら -> らあげ -> げんご -> ごしよ -> よかつたら -> らいど -> どろつぷ -> ぷれみあむ -> むすめ -> めつちやくちや -> やぐ -> ぐるうぷほおむ -> むらびと -> とむ -> むちつじよ -> よぞら -> らす -> すら -> らてつくす
minimax vs alpha_beta,minimax,alpha_beta,D5000_seed0_minimax_vs_alpha_beta_0,5000,0,second,ended_with_n,50,second,alpha_beta,す,らてつくす,すらすら,す,ら,ら,1.506919,False,-156.0,4,4,True,1023,20,どうぞ -> ぞうご -> ごうぎ -> ぎようざ -> ざいむ -> むね -> ねんご -> ごんどら -> らぼ -> ぼくら -> らつぷ -> ぷりずむ -> むしば -> ばらばら -> らぶこめ -> めが -> がいしや -> やむ -> むつちや -> やつぱり -> りら -> らぶそんぐ -> ぐつず -> ずいしよ -> よろず -> ずらす -> すくなからず -> ずじよう -> うでぢから -> らんぐ -> ぐあてまら -> らあげ -> げんご -> ごしよ -> よかつたら -> らいど -> どろつぷ -> ぷれみあむ -> むすめ -> めつちやくちや -> やぐ -> ぐるうぷほおむ -> むらびと -> とむ -> むちつじよ -> よぞら -> らす -> すら -> らてつくす -> すらすら
minimax vs alpha_beta,minimax,alpha_beta,D5000_seed0_minimax_vs_alpha_beta_0,5000,0,second,ended_with_n,51,first,minimax,ら,すらすら,らいしゆう,ら,う,う,0.064322,False,-156.0,2,3,True,,16,どうぞ -> ぞうご -> ごうぎ -> ぎようざ -> ざいむ -> むね -> ねんご -> ごんどら -> らぼ -> ぼくら -> らつぷ -> ぷりずむ -> むしば -> ばらばら -> らぶこめ -> めが -> がいしや -> やむ -> むつちや -> やつぱり -> りら -> らぶそんぐ -> ぐつず -> ずいしよ -> よろず -> ずらす -> すくなからず -> ずじよう -> うでぢから -> らんぐ -> ぐあてまら -> らあげ -> げんご -> ごしよ -> よかつたら -> らいど -> どろつぷ -> ぷれみあむ -> むすめ -> めつちやくちや -> やぐ -> ぐるうぷほおむ -> むらびと -> とむ -> むちつじよ -> よぞら -> らす -> すら -> らてつくす -> すらすら -> らいしゆう
minimax vs alpha_beta,minimax,alpha_beta,D5000_seed0_minimax_vs_alpha_beta_0,5000,0,second,ended_with_n,52,second,alpha_beta,う,らいしゆう,うらはら,う,ら,ら,1.200484,False,-156.0,4,4,True,760,20,どうぞ -> ぞうご -> ごうぎ -> ぎようざ -> ざいむ -> むね -> ねんご -> ごんどら -> らぼ -> ぼくら -> らつぷ -> ぷりずむ -> むしば -> ばらばら -> らぶこめ -> めが -> がいしや -> やむ -> むつちや -> やつぱり -> りら -> らぶそんぐ -> ぐつず -> ずいしよ -> よろず -> ずらす -> すくなからず -> ずじよう -> うでぢから -> らんぐ -> ぐあてまら -> らあげ -> げんご -> ごしよ -> よかつたら -> らいど -> どろつぷ -> ぷれみあむ -> むすめ -> めつちやくちや -> やぐ -> ぐるうぷほおむ -> むらびと -> とむ -> むちつじよ -> よぞら -> らす -> すら -> らてつくす -> すらすら -> らいしゆう -> うらはら
minimax vs alpha_beta,minimax,alpha_beta,D5000_seed0_minimax_vs_alpha_beta_0,5000,0,second,ended_with_n,53,first,minimax,ら,うらはら,らく,ら,く,く,2.000044,True,156.0,3,2,True,,13,どうぞ -> ぞうご -> ごうぎ -> ぎようざ -> ざいむ -> むね -> ねんご -> ごんどら -> らぼ -> ぼくら -> らつぷ -> ぷりずむ -> むしば -> ばらばら -> らぶこめ -> めが -> がいしや -> やむ -> むつちや -> やつぱり -> りら -> らぶそんぐ -> ぐつず -> ずいしよ -> よろず -> ずらす -> すくなからず -> ずじよう -> うでぢから -> らんぐ -> ぐあてまら -> らあげ -> げんご -> ごしよ -> よかつたら -> らいど -> どろつぷ -> ぷれみあむ -> むすめ -> めつちやくちや -> やぐ -> ぐるうぷほおむ -> むらびと -> とむ -> むちつじよ -> よぞら -> らす -> すら -> らてつくす -> すらすら -> らいしゆう -> うらはら -> らく
minimax vs alpha_beta,minimax,alpha_beta,D5000_seed0_minimax_vs_alpha_beta_0,5000,0,second,ended_with_n,54,second,alpha_beta,く,らく,くちかず,く,ず,ず,0.486297,False,-153.0,4,4,True,392,20,どうぞ -> ぞうご -> ごうぎ -> ぎようざ -> ざいむ -> むね -> ねんご -> ごんどら -> らぼ -> ぼくら -> らつぷ -> ぷりずむ -> むしば -> ばらばら -> らぶこめ -> めが -> がいしや -> やむ -> むつちや -> やつぱり -> りら -> らぶそんぐ -> ぐつず -> ずいしよ -> よろず -> ずらす -> すくなからず -> ずじよう -> うでぢから -> らんぐ -> ぐあてまら -> らあげ -> げんご -> ごしよ -> よかつたら -> らいど -> どろつぷ -> ぷれみあむ -> むすめ -> めつちやくちや -> やぐ -> ぐるうぷほおむ -> むらびと -> とむ -> むちつじよ -> よぞら -> らす -> すら -> らてつくす -> すらすら -> らいしゆう -> うらはら -> らく -> くちかず
minimax vs alpha_beta,minimax,alpha_beta,D5000_seed0_minimax_vs_alpha_beta_0,5000,0,second,ended_with_n,55,first,minimax,ず,くちかず,ずるずる,ず,る,る,0.023979,False,-185.0,2,2,True,,7,どうぞ -> ぞうご -> ごうぎ -> ぎようざ -> ざいむ -> むね -> ねんご -> ごんどら -> らぼ -> ぼくら -> らつぷ -> ぷりずむ -> むしば -> ばらばら -> らぶこめ -> めが -> がいしや -> やむ -> むつちや -> やつぱり -> りら -> らぶそんぐ -> ぐつず -> ずいしよ -> よろず -> ずらす -> すくなからず -> ずじよう -> うでぢから -> らんぐ -> ぐあてまら -> らあげ -> げんご -> ごしよ -> よかつたら -> らいど -> どろつぷ -> ぷれみあむ -> むすめ -> めつちやくちや -> やぐ -> ぐるうぷほおむ -> むらびと -> とむ -> むちつじよ -> よぞら -> らす -> すら -> らてつくす -> すらすら -> らいしゆう -> うらはら -> らく -> くちかず -> ずるずる
minimax vs alpha_beta,minimax,alpha_beta,D5000_seed0_minimax_vs_alpha_beta_0,5000,0,second,ended_with_n,56,second,alpha_beta,る,ずるずる,るみのおる,る,る,る,0.188496,False,-98.0,4,4,True,125,12,どうぞ -> ぞうご -> ごうぎ -> ぎようざ -> ざいむ -> むね -> ねんご -> ごんどら -> らぼ -> ぼくら -> らつぷ -> ぷりずむ -> むしば -> ばらばら -> らぶこめ -> めが -> がいしや -> やむ -> むつちや -> やつぱり -> りら -> らぶそんぐ -> ぐつず -> ずいしよ -> よろず -> ずらす -> すくなからず -> ずじよう -> うでぢから -> らんぐ -> ぐあてまら -> らあげ -> げんご -> ごしよ -> よかつたら -> らいど -> どろつぷ -> ぷれみあむ -> むすめ -> めつちやくちや -> やぐ -> ぐるうぷほおむ -> むらびと -> とむ -> むちつじよ -> よぞら -> らす -> すら -> らてつくす -> すらすら -> らいしゆう -> うらはら -> らく -> くちかず -> ずるずる -> るみのおる
minimax vs alpha_beta,minimax,alpha_beta,D5000_seed0_minimax_vs_alpha_beta_0,5000,0,second,ended_with_n,57,first,minimax,る,るみのおる,るり,る,り,り,0.043166,False,-193.0,2,2,True,,11,どうぞ -> ぞうご -> ごうぎ -> ぎようざ -> ざいむ -> むね -> ねんご -> ごんどら -> らぼ -> ぼくら -> らつぷ -> ぷりずむ -> むしば -> ばらばら -> らぶこめ -> めが -> がいしや -> やむ -> むつちや -> やつぱり -> りら -> らぶそんぐ -> ぐつず -> ずいしよ -> よろず -> ずらす -> すくなからず -> ずじよう -> うでぢから -> らんぐ -> ぐあてまら -> らあげ -> げんご -> ごしよ -> よかつたら -> らいど -> どろつぷ -> ぷれみあむ -> むすめ -> めつちやくちや -> やぐ -> ぐるうぷほおむ -> むらびと -> とむ -> むちつじよ -> よぞら -> らす -> すら -> らてつくす -> すらすら -> らいしゆう -> うらはら -> らく -> くちかず -> ずるずる -> るみのおる -> るり
minimax vs alpha_beta,minimax,alpha_beta,D5000_seed0_minimax_vs_alpha_beta_0,5000,0,second,ended_with_n,58,second,alpha_beta,り,るり,りある,り,る,る,0.282369,False,-75.0,4,4,True,262,20,どうぞ -> ぞうご -> ごうぎ -> ぎようざ -> ざいむ -> むね -> ねんご -> ごんどら -> らぼ -> ぼくら -> らつぷ -> ぷりずむ -> むしば -> ばらばら -> らぶこめ -> めが -> がいしや -> やむ -> むつちや -> やつぱり -> りら -> らぶそんぐ -> ぐつず -> ずいしよ -> よろず -> ずらす -> すくなからず -> ずじよう -> うでぢから -> らんぐ -> ぐあてまら -> らあげ -> げんご -> ごしよ -> よかつたら -> らいど -> どろつぷ -> ぷれみあむ -> むすめ -> めつちやくちや -> やぐ -> ぐるうぷほおむ -> むらびと -> とむ -> むちつじよ -> よぞら -> らす -> すら -> らてつくす -> すらすら -> らいしゆう -> うらはら -> らく -> くちかず -> ずるずる -> るみのおる -> るり -> りある
minimax vs alpha_beta,minimax,alpha_beta,D5000_seed0_minimax_vs_alpha_beta_0,5000,0,second,ended_with_n,59,first,minimax,る,りある,るねさんす,る,す,す,0.035685,False,-201.0,2,3,True,,10,どうぞ -> ぞうご -> ごうぎ -> ぎようざ -> ざいむ -> むね -> ねんご -> ごんどら -> らぼ -> ぼくら -> らつぷ -> ぷりずむ -> むしば -> ばらばら -> らぶこめ -> めが -> がいしや -> やむ -> むつちや -> やつぱり -> りら -> らぶそんぐ -> ぐつず -> ずいしよ -> よろず -> ずらす -> すくなからず -> ずじよう -> うでぢから -> らんぐ -> ぐあてまら -> らあげ -> げんご -> ごしよ -> よかつたら -> らいど -> どろつぷ -> ぷれみあむ -> むすめ -> めつちやくちや -> やぐ -> ぐるうぷほおむ -> むらびと -> とむ -> むちつじよ -> よぞら -> らす -> すら -> らてつくす -> すらすら -> らいしゆう -> うらはら -> らく -> くちかず -> ずるずる -> るみのおる -> るり -> りある -> るねさんす
minimax vs alpha_beta,minimax,alpha_beta,D5000_seed0_minimax_vs_alpha_beta_0,5000,0,second,ended_with_n,60,second,alpha_beta,す,るねさんす,すくうる,す,る,る,0.213557,False,238.0,4,4,True,189,20,どうぞ -> ぞうご -> ごうぎ -> ぎようざ -> ざいむ -> むね -> ねんご -> ごんどら -> らぼ -> ぼくら -> らつぷ -> ぷりずむ -> むしば -> ばらばら -> らぶこめ -> めが -> がいしや -> やむ -> むつちや -> やつぱり -> りら -> らぶそんぐ -> ぐつず -> ずいしよ -> よろず -> ずらす -> すくなからず -> ずじよう -> うでぢから -> らんぐ -> ぐあてまら -> らあげ -> げんご -> ごしよ -> よかつたら -> らいど -> どろつぷ -> ぷれみあむ -> むすめ -> めつちやくちや -> やぐ -> ぐるうぷほおむ -> むらびと -> とむ -> むちつじよ -> よぞら -> らす -> すら -> らてつくす -> すらすら -> らいしゆう -> うらはら -> らく -> くちかず -> ずるずる -> るみのおる -> るり -> りある -> るねさんす -> すくうる
minimax vs alpha_beta,minimax,alpha_beta,D5000_seed0_minimax_vs_alpha_beta_0,5000,0,second,ended_with_n,61,first,minimax,る,すくうる,るぽ,る,ぽ,ぽ,1.0171,False,-238.0,3,3,True,,9,どうぞ -> ぞうご -> ごうぎ -> ぎようざ -> ざいむ -> むね -> ねんご -> ごんどら -> らぼ -> ぼくら -> らつぷ -> ぷりずむ -> むしば -> ばらばら -> らぶこめ -> めが -> がいしや -> やむ -> むつちや -> やつぱり -> りら -> らぶそんぐ -> ぐつず -> ずいしよ -> よろず -> ずらす -> すくなからず -> ずじよう -> うでぢから -> らんぐ -> ぐあてまら -> らあげ -> げんご -> ごしよ -> よかつたら -> らいど -> どろつぷ -> ぷれみあむ -> むすめ -> めつちやくちや -> やぐ -> ぐるうぷほおむ -> むらびと -> とむ -> むちつじよ -> よぞら -> らす -> すら -> らてつくす -> すらすら -> らいしゆう -> うらはら -> らく -> くちかず -> ずるずる -> るみのおる -> るり -> りある -> るねさんす -> すくうる -> るぽ
minimax vs alpha_beta,minimax,alpha_beta,D5000_seed0_minimax_vs_alpha_beta_0,5000,0,second,ended_with_n,62,second,alpha_beta,ぽ,るぽ,ぽおたぶる,ぽ,る,る,0.142803,False,900.0,4,4,True,139,11,どうぞ -> ぞうご -> ごうぎ -> ぎようざ -> ざいむ -> むね -> ねんご -> ごんどら -> らぼ -> ぼくら -> らつぷ -> ぷりずむ -> むしば -> ばらばら -> らぶこめ -> めが -> がいしや -> やむ -> むつちや -> やつぱり -> りら -> らぶそんぐ -> ぐつず -> ずいしよ -> よろず -> ずらす -> すくなからず -> ずじよう -> うでぢから -> らんぐ -> ぐあてまら -> らあげ -> げんご -> ごしよ -> よかつたら -> らいど -> どろつぷ -> ぷれみあむ -> むすめ -> めつちやくちや -> やぐ -> ぐるうぷほおむ -> むらびと -> とむ -> むちつじよ -> よぞら -> らす -> すら -> らてつくす -> すらすら -> らいしゆう -> うらはら -> らく -> くちかず -> ずるずる -> るみのおる -> るり -> りある -> るねさんす -> すくうる -> るぽ -> ぽおたぶる
minimax vs alpha_beta,minimax,alpha_beta,D5000_seed0_minimax_vs_alpha_beta_0,5000,0,second,ended_with_n,63,first,minimax,る,ぽおたぶる,るいけい,る,い,い,0.917745,False,-900.0,3,3,True,,8,どうぞ -> ぞうご -> ごうぎ -> ぎようざ -> ざいむ -> むね -> ねんご -> ごんどら -> らぼ -> ぼくら -> らつぷ -> ぷりずむ -> むしば -> ばらばら -> らぶこめ -> めが -> がいしや -> やむ -> むつちや -> やつぱり -> りら -> らぶそんぐ -> ぐつず -> ずいしよ -> よろず -> ずらす -> すくなからず -> ずじよう -> うでぢから -> らんぐ -> ぐあてまら -> らあげ -> げんご -> ごしよ -> よかつたら -> らいど -> どろつぷ -> ぷれみあむ -> むすめ -> めつちやくちや -> やぐ -> ぐるうぷほおむ -> むらびと -> とむ -> むちつじよ -> よぞら -> らす -> すら -> らてつくす -> すらすら -> らいしゆう -> うらはら -> らく -> くちかず -> ずるずる -> るみのおる -> るり -> りある -> るねさんす -> すくうる -> るぽ -> ぽおたぶる -> るいけい
minimax vs alpha_beta,minimax,alpha_beta,D5000_seed0_minimax_vs_alpha_beta_0,5000,0,second,ended_with_n,64,second,alpha_beta,い,るいけい,いからせる,い,る,る,0.330701,False,915.0,4,4,True,455,20,どうぞ -> ぞうご -> ごうぎ -> ぎようざ -> ざいむ -> むね -> ねんご -> ごんどら -> らぼ -> ぼくら -> らつぷ -> ぷりずむ -> むしば -> ばらばら -> らぶこめ -> めが -> がいしや -> やむ -> むつちや -> やつぱり -> りら -> らぶそんぐ -> ぐつず -> ずいしよ -> よろず -> ずらす -> すくなからず -> ずじよう -> うでぢから -> らんぐ -> ぐあてまら -> らあげ -> げんご -> ごしよ -> よかつたら -> らいど -> どろつぷ -> ぷれみあむ -> むすめ -> めつちやくちや -> やぐ -> ぐるうぷほおむ -> むらびと -> とむ -> むちつじよ -> よぞら -> らす -> すら -> らてつくす -> すらすら -> らいしゆう -> うらはら -> らく -> くちかず -> ずるずる -> るみのおる -> るり -> りある -> るねさんす -> すくうる -> るぽ -> ぽおたぶる -> るいけい -> いからせる
minimax vs alpha_beta,minimax,alpha_beta,D5000_seed0_minimax_vs_alpha_beta_0,5000,0,second,ended_with_n,65,first,minimax,る,いからせる,るいすい,る,い,い,0.697591,False,-915.0,3,3,True,,7,どうぞ -> ぞうご -> ごうぎ -> ぎようざ -> ざいむ -> むね -> ねんご -> ごんどら -> らぼ -> ぼくら -> らつぷ -> ぷりずむ -> むしば -> ばらばら -> らぶこめ -> めが -> がいしや -> やむ -> むつちや -> やつぱり -> りら -> らぶそんぐ -> ぐつず -> ずいしよ -> よろず -> ずらす -> すくなからず -> ずじよう -> うでぢから -> らんぐ -> ぐあてまら -> らあげ -> げんご -> ごしよ -> よかつたら -> らいど -> どろつぷ -> ぷれみあむ -> むすめ -> めつちやくちや -> やぐ -> ぐるうぷほおむ -> むらびと -> とむ -> むちつじよ -> よぞら -> らす -> すら -> らてつくす -> すらすら -> らいしゆう -> うらはら -> らく -> くちかず -> ずるずる -> るみのおる -> るり -> りある -> るねさんす -> すくうる -> るぽ -> ぽおたぶる -> るいけい -> いからせる -> るいすい
minimax vs alpha_beta,minimax,alpha_beta,D5000_seed0_minimax_vs_alpha_beta_0,5000,0,second,ended_with_n,66,second,alpha_beta,い,るいすい,いきる,い,る,る,0.416873,False,307.0,4,4,True,625,20,どうぞ -> ぞうご -> ごうぎ -> ぎようざ -> ざいむ -> むね -> ねんご -> ごんどら -> らぼ -> ぼくら -> らつぷ -> ぷりずむ -> むしば -> ばらばら -> らぶこめ -> めが -> がいしや -> やむ -> むつちや -> やつぱり -> りら -> らぶそんぐ -> ぐつず -> ずいしよ -> よろず -> ずらす -> すくなからず -> ずじよう -> うでぢから -> らんぐ -> ぐあてまら -> らあげ -> げんご -> ごしよ -> よかつたら -> らいど -> どろつぷ -> ぷれみあむ -> むすめ -> めつちやくちや -> やぐ -> ぐるうぷほおむ -> むらびと -> とむ -> むちつじよ -> よぞら -> らす -> すら -> らてつくす -> すらすら -> らいしゆう -> うらはら -> らく -> くちかず -> ずるずる -> るみのおる -> るり -> りある -> るねさんす -> すくうる -> るぽ -> ぽおたぶる -> るいけい -> いからせる -> るいすい -> いきる
minimax vs alpha_beta,minimax,alpha_beta,D5000_seed0_minimax_vs_alpha_beta_0,5000,0,second,ended_with_n,67,first,minimax,る,いきる,るああ,る,あ,あ,0.505676,False,-307.0,3,3,True,,6,どうぞ -> ぞうご -> ごうぎ -> ぎようざ -> ざいむ -> むね -> ねんご -> ごんどら -> らぼ -> ぼくら -> らつぷ -> ぷりずむ -> むしば -> ばらばら -> らぶこめ -> めが -> がいしや -> やむ -> むつちや -> やつぱり -> りら -> らぶそんぐ -> ぐつず -> ずいしよ -> よろず -> ずらす -> すくなからず -> ずじよう -> うでぢから -> らんぐ -> ぐあてまら -> らあげ -> げんご -> ごしよ -> よかつたら -> らいど -> どろつぷ -> ぷれみあむ -> むすめ -> めつちやくちや -> やぐ -> ぐるうぷほおむ -> むらびと -> とむ -> むちつじよ -> よぞら -> らす -> すら -> らてつくす -> すらすら -> らいしゆう -> うらはら -> らく -> くちかず -> ずるずる -> るみのおる -> るり -> りある -> るねさんす -> すくうる -> るぽ -> ぽおたぶる -> るいけい -> いからせる -> るいすい -> いきる -> るああ
minimax vs alpha_beta,minimax,alpha_beta,D5000_seed0_minimax_vs_alpha_beta_0,5000,0,second,ended_with_n,68,second,alpha_beta,あ,るああ,あいてどる,あ,る,る,0.436708,False,953.0,4,4,True,805,20,どうぞ -> ぞうご -> ごうぎ -> ぎようざ -> ざいむ -> むね -> ねんご -> ごんどら -> らぼ -> ぼくら -> らつぷ -> ぷりずむ -> むしば -> ばらばら -> らぶこめ -> めが -> がいしや -> やむ -> むつちや -> やつぱり -> りら -> らぶそんぐ -> ぐつず -> ずいしよ -> よろず -> ずらす -> すくなからず -> ずじよう -> うでぢから -> らんぐ -> ぐあてまら -> らあげ -> げんご -> ごしよ -> よかつたら -> らいど -> どろつぷ -> ぷれみあむ -> むすめ -> めつちやくちや -> やぐ -> ぐるうぷほおむ -> むらびと -> とむ -> むちつじよ -> よぞら -> らす -> すら -> らてつくす -> すらすら -> らいしゆう -> うらはら -> らく -> くちかず -> ずるずる -> るみのおる -> るり -> りある -> るねさんす -> すくうる -> るぽ -> ぽおたぶる -> るいけい -> いからせる -> るいすい -> いきる -> るああ -> あいてどる
minimax vs alpha_beta,minimax,alpha_beta,D5000_seed0_minimax_vs_alpha_beta_0,5000,0,second,ended_with_n,69,first,minimax,る,あいてどる,るうきい,る,い,い,0.548505,False,-953.0,3,3,True,,5,どうぞ -> ぞうご -> ごうぎ -> ぎようざ -> ざいむ -> むね -> ねんご -> ごんどら -> らぼ -> ぼくら -> らつぷ -> ぷりずむ -> むしば -> ばらばら -> らぶこめ -> めが -> がいしや -> やむ -> むつちや -> やつぱり -> りら -> らぶそんぐ -> ぐつず -> ずいしよ -> よろず -> ずらす -> すくなからず -> ずじよう -> うでぢから -> らんぐ -> ぐあてまら -> らあげ -> げんご -> ごしよ -> よかつたら -> らいど -> どろつぷ -> ぷれみあむ -> むすめ -> めつちやくちや -> やぐ -> ぐるうぷほおむ -> むらびと -> とむ -> むちつじよ -> よぞら -> らす -> すら -> らてつくす -> すらすら -> らいしゆう -> うらはら -> らく -> くちかず -> ずるずる -> るみのおる -> るり -> りある -> るねさんす -> すくうる -> るぽ -> ぽおたぶる -> るいけい -> いからせる -> るいすい -> いきる -> るああ -> あいてどる -> るうきい
minimax vs alpha_beta,minimax,alpha_beta,D5000_seed0_minimax_vs_alpha_beta_0,5000,0,second,ended_with_n,70,second,alpha_beta,い,るうきい,いこおる,い,る,る,0.219966,False,976.0,4,4,True,345,20,どうぞ -> ぞうご -> ごうぎ -> ぎようざ -> ざいむ -> むね -> ねんご -> ごんどら -> らぼ -> ぼくら -> らつぷ -> ぷりずむ -> むしば -> ばらばら -> らぶこめ -> めが -> がいしや -> やむ -> むつちや -> やつぱり -> りら -> らぶそんぐ -> ぐつず -> ずいしよ -> よろず -> ずらす -> すくなからず -> ずじよう -> うでぢから -> らんぐ -> ぐあてまら -> らあげ -> げんご -> ごしよ -> よかつたら -> らいど -> どろつぷ -> ぷれみあむ -> むすめ -> めつちやくちや -> やぐ -> ぐるうぷほおむ -> むらびと -> とむ -> むちつじよ -> よぞら -> らす -> すら -> らてつくす -> すらすら -> らいしゆう -> うらはら -> らく -> くちかず -> ずるずる -> るみのおる -> るり -> りある -> るねさんす -> すくうる -> るぽ -> ぽおたぶる -> るいけい -> いからせる -> るいすい -> いきる -> るああ -> あいてどる -> るうきい -> いこおる
minimax vs alpha_beta,minimax,alpha_beta,D5000_seed0_minimax_vs_alpha_beta_0,5000,0,second,ended_with_n,71,first,minimax,る,いこおる,るいせき,る,き,き,0.358719,False,-976.0,3,3,True,,4,どうぞ -> ぞうご -> ごうぎ -> ぎようざ -> ざいむ -> むね -> ねんご -> ごんどら -> らぼ -> ぼくら -> らつぷ -> ぷりずむ -> むしば -> ばらばら -> らぶこめ -> めが -> がいしや -> やむ -> むつちや -> やつぱり -> りら -> らぶそんぐ -> ぐつず -> ずいしよ -> よろず -> ずらす -> すくなからず -> ずじよう -> うでぢから -> らんぐ -> ぐあてまら -> らあげ -> げんご -> ごしよ -> よかつたら -> らいど -> どろつぷ -> ぷれみあむ -> むすめ -> めつちやくちや -> やぐ -> ぐるうぷほおむ -> むらびと -> とむ -> むちつじよ -> よぞら -> らす -> すら -> らてつくす -> すらすら -> らいしゆう -> うらはら -> らく -> くちかず -> ずるずる -> るみのおる -> るり -> りある -> るねさんす -> すくうる -> るぽ -> ぽおたぶる -> るいけい -> いからせる -> るいすい -> いきる -> るああ -> あいてどる -> るうきい -> いこおる -> るいせき
minimax vs alpha_beta,minimax,alpha_beta,D5000_seed0_minimax_vs_alpha_beta_0,5000,0,second,ended_with_n,72,second,alpha_beta,き,るいせき,きかせる,き,る,る,0.015757,False,1000000.0,4,4,True,58,20,どうぞ -> ぞうご -> ごうぎ -> ぎようざ -> ざいむ -> むね -> ねんご -> ごんどら -> らぼ -> ぼくら -> らつぷ -> ぷりずむ -> むしば -> ばらばら -> らぶこめ -> めが -> がいしや -> やむ -> むつちや -> やつぱり -> りら -> らぶそんぐ -> ぐつず -> ずいしよ -> よろず -> ずらす -> すくなからず -> ずじよう -> うでぢから -> らんぐ -> ぐあてまら -> らあげ -> げんご -> ごしよ -> よかつたら -> らいど -> どろつぷ -> ぷれみあむ -> むすめ -> めつちやくちや -> やぐ -> ぐるうぷほおむ -> むらびと -> とむ -> むちつじよ -> よぞら -> らす -> すら -> らてつくす -> すらすら -> らいしゆう -> うらはら -> らく -> くちかず -> ずるずる -> るみのおる -> るり -> りある -> るねさんす -> すくうる -> るぽ -> ぽおたぶる -> るいけい -> いからせる -> るいすい -> いきる -> るああ -> あいてどる -> るうきい -> いこおる -> るいせき -> きかせる
minimax vs alpha_beta,minimax,alpha_beta,D5000_seed0_minimax_vs_alpha_beta_0,5000,0,second,ended_with_n,73,first,minimax,る,きかせる,るぽるたあじゆ,る,ゆ,ゆ,0.00049,False,-1000000.0,3,3,True,,3,どうぞ -> ぞうご -> ごうぎ -> ぎようざ -> ざいむ -> むね -> ねんご -> ごんどら -> らぼ -> ぼくら -> らつぷ -> ぷりずむ -> むしば -> ばらばら -> らぶこめ -> めが -> がいしや -> やむ -> むつちや -> やつぱり -> りら -> らぶそんぐ -> ぐつず -> ずいしよ -> よろず -> ずらす -> すくなからず -> ずじよう -> うでぢから -> らんぐ -> ぐあてまら -> らあげ -> げんご -> ごしよ -> よかつたら -> らいど -> どろつぷ -> ぷれみあむ -> むすめ -> めつちやくちや -> やぐ -> ぐるうぷほおむ -> むらびと -> とむ -> むちつじよ -> よぞら -> らす -> すら -> らてつくす -> すらすら -> らいしゆう -> うらはら -> らく -> くちかず -> ずるずる -> るみのおる -> るり -> りある -> るねさんす -> すくうる -> るぽ -> ぽおたぶる -> るいけい -> いからせる -> るいすい -> いきる -> るああ -> あいてどる -> るうきい -> いこおる -> るいせき -> きかせる -> るぽるたあじゆ
minimax vs alpha_beta,minimax,alpha_beta,D5000_seed0_minimax_vs_alpha_beta_0,5000,0,second,ended_with_n,74,second,alpha_beta,ゆ,るぽるたあじゆ,ゆきわたる,ゆ,る,る,0.010565,False,1000000.0,4,4,True,39,20,どうぞ -> ぞうご -> ごうぎ -> ぎようざ -> ざいむ -> むね -> ねんご -> ごんどら -> らぼ -> ぼくら -> らつぷ -> ぷりずむ -> むしば -> ばらばら -> らぶこめ -> めが -> がいしや -> やむ -> むつちや -> やつぱり -> りら -> らぶそんぐ -> ぐつず -> ずいしよ -> よろず -> ずらす -> すくなからず -> ずじよう -> うでぢから -> らんぐ -> ぐあてまら -> らあげ -> げんご -> ごしよ -> よかつたら -> らいど -> どろつぷ -> ぷれみあむ -> むすめ -> めつちやくちや -> やぐ -> ぐるうぷほおむ -> むらびと -> とむ -> むちつじよ -> よぞら -> らす -> すら -> らてつくす -> すらすら -> らいしゆう -> うらはら -> らく -> くちかず -> ずるずる -> るみのおる -> るり -> りある -> るねさんす -> すくうる -> るぽ -> ぽおたぶる -> るいけい -> いからせる -> るいすい -> いきる -> るああ -> あいてどる -> るうきい -> いこおる -> るいせき -> きかせる -> るぽるたあじゆ -> ゆきわたる
minimax vs alpha_beta,minimax,alpha_beta,D5000_seed0_minimax_vs_alpha_beta_0,5000,0,second,ended_with_n,75,first,minimax,る,ゆきわたる,るうちん,る,ん,,4e-06,False,-1000000.0,3,3,True,,2,どうぞ -> ぞうご -> ごうぎ -> ぎようざ -> ざいむ -> むね -> ねんご -> ごんどら -> らぼ -> ぼくら -> らつぷ -> ぷりずむ -> むしば -> ばらばら -> らぶこめ -> めが -> がいしや -> やむ -> むつちや -> やつぱり -> りら -> らぶそんぐ -> ぐつず -> ずいしよ -> よろず -> ずらす -> すくなからず -> ずじよう -> うでぢから -> らんぐ -> ぐあてまら -> らあげ -> げんご -> ごしよ -> よかつたら -> らいど -> どろつぷ -> ぷれみあむ -> むすめ -> めつちやくちや -> やぐ -> ぐるうぷほおむ -> むらびと -> とむ -> むちつじよ -> よぞら -> らす -> すら -> らてつくす -> すらすら -> らいしゆう -> うらはら -> らく -> くちかず -> ずるずる -> るみのおる -> るり -> りある -> るねさんす -> すくうる -> るぽ -> ぽおたぶる -> るいけい -> いからせる -> るいすい -> いきる -> るああ -> あいてどる -> るうきい -> いこおる -> るいせき -> きかせる -> るぽるたあじゆ -> ゆきわたる -> るうちん
monte_carlo vs random,monte_carlo,random,D5000_seed0_monte_carlo_vs_random_0,5000,0,first,ended_with_n,1,first,monte_carlo,ANY,,しゆうず,し,ず,ず,0.294154,False,0.71,,,,,,しゆうず
monte_carlo vs random,monte_carlo,random,D5000_seed0_monte_carlo_vs_random_0,5000,0,first,ended_with_n,2,second,random,ず,しゆうず,ずいしよ,ず,よ,よ,4e-06,False,0.0,,,,,,しゆうず -> ずいしよ
monte_carlo vs random,monte_carlo,random,D5000_seed0_monte_carlo_vs_random_0,5000,0,first,ended_with_n,3,first,monte_carlo,よ,ずいしよ,よぞら,よ,ら,ら,0.277803,False,0.7,,,,,,しゆうず -> ずいしよ -> よぞら
monte_carlo vs random,monte_carlo,random,D5000_seed0_monte_carlo_vs_random_0,5000,0,first,ended_with_n,4,second,random,ら,よぞら,らすとすぱあと,ら,と,と,4e-06,False,0.0,,,,,,しゆうず -> ずいしよ -> よぞら -> らすとすぱあと
monte_carlo vs random,monte_carlo,random,D5000_seed0_monte_carlo_vs_random_0,5000,0,first,ended_with_n,5,first,monte_carlo,と,らすとすぱあと,とめる,と,る,る,0.252395,False,0.8,,,,,,しゆうず -> ずいしよ -> よぞら -> らすとすぱあと -> とめる
monte_carlo vs random,monte_carlo,random,D5000_seed0_monte_carlo_vs_random_0,5000,0,first,ended_with_n,6,second,random,る,とめる,るぽるたあじゆ,る,ゆ,ゆ,3e-06,False,0.0,,,,,,しゆうず -> ずいしよ -> よぞら -> らすとすぱあと -> とめる -> るぽるたあじゆ
monte_carlo vs random,monte_carlo,random,D5000_seed0_monte_carlo_vs_random_0,5000,0,first,ended_with_n,7,first,monte_carlo,ゆ,るぽるたあじゆ,ゆうご,ゆ,ご,ご,0.230329,False,0.9,,,,,,しゆうず -> ずいしよ -> よぞら -> らすとすぱあと -> とめる -> るぽるたあじゆ -> ゆうご
monte_carlo vs random,monte_carlo,random,D5000_seed0_monte_carlo_vs_random_0,5000,0,first,ended_with_n,8,second,random,ご,ゆうご,ごつどふああざあ,ご,あ,あ,6e-06,False,0.0,,,,,,しゆうず -> ずいしよ -> よぞら -> らすとすぱあと -> とめる -> るぽるたあじゆ -> ゆうご -> ごつどふああざあ
monte_carlo vs random,monte_carlo,random,D5000_seed0_monte_carlo_vs_random_0,5000,0,first,ended_with_n,9,first,monte_carlo,あ,ごつどふああざあ,ありとあらゆる,あ,る,る,0.283968,False,0.8,,,,,,しゆうず -> ずいしよ -> よぞら -> らすとすぱあと -> とめる -> るぽるたあじゆ -> ゆうご -> ごつどふああざあ -> ありとあらゆる
monte_carlo vs random,monte_carlo,random,D5000_seed0_monte_carlo_vs_random_0,5000,0,first,ended_with_n,10,second,random,る,ありとあらゆる,るねさんす,る,す,す,4e-06,False,0.0,,,,,,しゆうず -> ずいしよ -> よぞら -> らすとすぱあと -> とめる -> るぽるたあじゆ -> ゆうご -> ごつどふああざあ -> ありとあらゆる -> るねさんす
monte_carlo vs random,monte_carlo,random,D5000_seed0_monte_carlo_vs_random_0,5000,0,first,ended_with_n,11,first,monte_carlo,す,るねさんす,すたいる,す,る,る,0.256816,False,0.8,,,,,,しゆうず -> ずいしよ -> よぞら -> らすとすぱあと -> とめる -> るぽるたあじゆ -> ゆうご -> ごつどふああざあ -> ありとあらゆる -> るねさんす -> すたいる
monte_carlo vs random,monte_carlo,random,D5000_seed0_monte_carlo_vs_random_0,5000,0,first,ended_with_n,12,second,random,る,すたいる,るああ,る,あ,あ,3e-06,False,0.0,,,,,,しゆうず -> ずいしよ -> よぞら -> らすとすぱあと -> とめる -> るぽるたあじゆ -> ゆうご -> ごつどふああざあ -> ありとあらゆる -> るねさんす -> すたいる -> るああ
monte_carlo vs random,monte_carlo,random,D5000_seed0_monte_carlo_vs_random_0,5000,0,first,ended_with_n,13,first,monte_carlo,あ,るああ,あいてどる,あ,る,る,0.170535,False,0.8,,,,,,しゆうず -> ずいしよ -> よぞら -> らすとすぱあと -> とめる -> るぽるたあじゆ -> ゆうご -> ごつどふああざあ -> ありとあらゆる -> るねさんす -> すたいる -> るああ -> あいてどる
monte_carlo vs random,monte_carlo,random,D5000_seed0_monte_carlo_vs_random_0,5000,0,first,ended_with_n,14,second,random,る,あいてどる,るいすい,る,い,い,3e-06,False,0.0,,,,,,しゆうず -> ずいしよ -> よぞら -> らすとすぱあと -> とめる -> るぽるたあじゆ -> ゆうご -> ごつどふああざあ -> ありとあらゆる -> るねさんす -> すたいる -> るああ -> あいてどる -> るいすい
monte_carlo vs random,monte_carlo,random,D5000_seed0_monte_carlo_vs_random_0,5000,0,first,ended_with_n,15,first,monte_carlo,い,るいすい,いぶにんぐ,い,ぐ,ぐ,0.156155,False,0.8,,,,,,しゆうず -> ずいしよ -> よぞら -> らすとすぱあと -> とめる -> るぽるたあじゆ -> ゆうご -> ごつどふああざあ -> ありとあらゆる -> るねさんす -> すたいる -> るああ -> あいてどる -> るいすい -> いぶにんぐ
monte_carlo vs random,monte_carlo,random,D5000_seed0_monte_carlo_vs_random_0,5000,0,first,ended_with_n,16,second,random,ぐ,いぶにんぐ,ぐたいてき,ぐ,き,き,4e-06,False,0.0,,,,,,しゆうず -> ずいしよ -> よぞら -> らすとすぱあと -> とめる -> るぽるたあじゆ -> ゆうご -> ごつどふああざあ -> ありとあらゆる -> るねさんす -> すたいる -> るああ -> あいてどる -> るいすい -> いぶにんぐ -> ぐたいてき
monte_carlo vs random,monte_carlo,random,D5000_seed0_monte_carlo_vs_random_0,5000,0,first,ended_with_n,17,first,monte_carlo,き,ぐたいてき,きかせる,き,る,る,0.176327,False,0.9,,,,,,しゆうず -> ずいしよ -> よぞら -> らすとすぱあと -> とめる -> るぽるたあじゆ -> ゆうご -> ごつどふああざあ -> ありとあらゆる -> るねさんす -> すたいる -> るああ -> あいてどる -> るいすい -> いぶにんぐ -> ぐたいてき -> きかせる
monte_carlo vs random,monte_carlo,random,D5000_seed0_monte_carlo_vs_random_0,5000,0,first,ended_with_n,18,second,random,る,きかせる,るみのおる,る,る,る,4e-06,False,0.0,,,,,,しゆうず -> ずいしよ -> よぞら -> らすとすぱあと -> とめる -> るぽるたあじゆ -> ゆうご -> ごつどふああざあ -> ありとあらゆる -> るねさんす -> すたいる -> るああ -> あいてどる -> るいすい -> いぶにんぐ -> ぐたいてき -> きかせる -> るみのおる
monte_carlo vs random,monte_carlo,random,D5000_seed0_monte_carlo_vs_random_0,5000,0,first,ended_with_n,19,first,monte_carlo,る,るみのおる,るうきい,る,い,い,0.038833,False,0.6,,,,,,しゆうず -> ずいしよ -> よぞら -> らすとすぱあと -> とめる -> るぽるたあじゆ -> ゆうご -> ごつどふああざあ -> ありとあらゆる -> るねさんす -> すたいる -> るああ -> あいてどる -> るいすい -> いぶにんぐ -> ぐたいてき -> きかせる -> るみのおる -> るうきい
monte_carlo vs random,monte_carlo,random,D5000_seed0_monte_carlo_vs_random_0,5000,0,first,ended_with_n,20,second,random,い,るうきい,いこおる,い,る,る,1.9e-05,False,0.0,,,,,,しゆうず -> ずいしよ -> よぞら -> らすとすぱあと -> とめる -> るぽるたあじゆ -> ゆうご -> ごつどふああざあ -> ありとあらゆる -> るねさんす -> すたいる -> るああ -> あいてどる -> るいすい -> いぶにんぐ -> ぐたいてき -> きかせる -> るみのおる -> るうきい -> いこおる
monte_carlo vs random,monte_carlo,random,D5000_seed0_monte_carlo_vs_random_0,5000,0,first,ended_with_n,21,first,monte_carlo,る,いこおる,るり,る,り,り,0.025043,False,0.5,,,,,,しゆうず -> ずいしよ -> よぞら -> らすとすぱあと -> とめる -> るぽるたあじゆ -> ゆうご -> ごつどふああざあ -> ありとあらゆる -> るねさんす -> すたいる -> るああ -> あいてどる -> るいすい -> いぶにんぐ -> ぐたいてき -> きかせる -> るみのおる -> るうきい -> いこおる -> るり
monte_carlo vs random,monte_carlo,random,D5000_seed0_monte_carlo_vs_random_0,5000,0,first,ended_with_n,22,second,random,り,るり,りゆうよう,り,う,う,1.1e-05,False,0.0,,,,,,しゆうず -> ずいしよ -> よぞら -> らすとすぱあと -> とめる -> るぽるたあじゆ -> ゆうご -> ごつどふああざあ -> ありとあらゆる -> るねさんす -> すたいる -> るああ -> あいてどる -> るいすい -> いぶにんぐ -> ぐたいてき -> きかせる -> るみのおる -> るうきい -> いこおる -> るり -> りゆうよう
monte_carlo vs random,monte_carlo,random,D5000_seed0_monte_carlo_vs_random_0,5000,0,first,ended_with_n,23,first,monte_carlo,う,りゆうよう,うえぶ,う,ぶ,ぶ,0.116783,False,0.8,,,,,,しゆうず -> ずいしよ -> よぞら -> らすとすぱあと -> とめる -> るぽるたあじゆ -> ゆうご -> ごつどふああざあ -> ありとあらゆる -> るねさんす -> すたいる -> るああ -> あいてどる -> るいすい -> いぶにんぐ -> ぐたいてき -> きかせる -> るみのおる -> るうきい -> いこおる -> るり -> りゆうよう -> うえぶ
monte_carlo vs random,monte_carlo,random,D5000_seed0_monte_carlo_vs_random_0,5000,0,first,ended_with_n,24,second,random,ぶ,うえぶ,ぶじよく,ぶ,く,く,7e-06,False,0.0,,,,,,しゆうず -> ずいしよ -> よぞら -> らすとすぱあと -> とめる -> るぽるたあじゆ -> ゆうご -> ごつどふああざあ -> ありとあらゆる -> るねさんす -> すたいる -> るああ -> あいてどる -> るいすい -> いぶにんぐ -> ぐたいてき -> きかせる -> るみのおる -> るうきい -> いこおる -> るり -> りゆうよう -> うえぶ -> ぶじよく
monte_carlo vs random,monte_carlo,random,D5000_seed0_monte_carlo_vs_random_0,5000,0,first,ended_with_n,25,first,monte_carlo,く,ぶじよく,くちかず,く,ず,ず,0.100982,False,0.7,,,,,,しゆうず -> ずいしよ -> よぞら -> らすとすぱあと -> とめる -> るぽるたあじゆ -> ゆうご -> ごつどふああざあ -> ありとあらゆる -> るねさんす -> すたいる -> るああ -> あいてどる -> るいすい -> いぶにんぐ -> ぐたいてき -> きかせる -> るみのおる -> るうきい -> いこおる -> るり -> りゆうよう -> うえぶ -> ぶじよく -> くちかず
monte_carlo vs random,monte_carlo,random,D5000_seed0_monte_carlo_vs_random_0,5000,0,first,ended_with_n,26,second,random,ず,くちかず,ずいじ,ず,じ,じ,4e-06,False,0.0,,,,,,しゆうず -> ずいしよ -> よぞら -> らすとすぱあと -> とめる -> るぽるたあじゆ -> ゆうご -> ごつどふああざあ -> ありとあらゆる -> るねさんす -> すたいる -> るああ -> あいてどる -> るいすい -> いぶにんぐ -> ぐたいてき -> きかせる -> るみのおる -> るうきい -> いこおる -> るり -> りゆうよう -> うえぶ -> ぶじよく -> くちかず -> ずいじ
monte_carlo vs random,monte_carlo,random,D5000_seed0_monte_carlo_vs_random_0,5000,0,first,ended_with_n,27,first,monte_carlo,じ,ずいじ,じんじや,じ,や,や,0.12315,False,0.9,,,,,,しゆうず -> ずいしよ -> よぞら -> らすとすぱあと -> とめる -> るぽるたあじゆ -> ゆうご -> ごつどふああざあ -> ありとあらゆる -> るねさんす -> すたいる -> るああ -> あいてどる -> るいすい -> いぶにんぐ -> ぐたいてき -> きかせる -> るみのおる -> るうきい -> いこおる -> るり -> りゆうよう -> うえぶ -> ぶじよく -> くちかず -> ずいじ -> じんじや
monte_carlo vs random,monte_carlo,random,D5000_seed0_monte_carlo_vs_random_0,5000,0,first,ended_with_n,28,second,random,や,じんじや,やせい,や,い,い,8e-06,False,0.0,,,,,,しゆうず -> ずいしよ -> よぞら -> らすとすぱあと -> とめる -> るぽるたあじゆ -> ゆうご -> ごつどふああざあ -> ありとあらゆる -> るねさんす -> すたいる -> るああ -> あいてどる -> るいすい -> いぶにんぐ -> ぐたいてき -> きかせる -> るみのおる -> るうきい -> いこおる -> るり -> りゆうよう -> うえぶ -> ぶじよく -> くちかず -> ずいじ -> じんじや -> やせい
monte_carlo vs random,monte_carlo,random,D5000_seed0_monte_carlo_vs_random_0,5000,0,first,ended_with_n,29,first,monte_carlo,い,やせい,いきる,い,る,る,0.115787,False,0.7,,,,,,しゆうず -> ずいしよ -> よぞら -> らすとすぱあと -> とめる -> るぽるたあじゆ -> ゆうご -> ごつどふああざあ -> ありとあらゆる -> るねさんす -> すたいる -> るああ -> あいてどる -> るいすい -> いぶにんぐ -> ぐたいてき -> きかせる -> るみのおる -> るうきい -> いこおる -> るり -> りゆうよう -> うえぶ -> ぶじよく -> くちかず -> ずいじ -> じんじや -> やせい -> いきる
monte_carlo vs random,monte_carlo,random,D5000_seed0_monte_carlo_vs_random_0,5000,0,first,ended_with_n,30,second,random,る,いきる,るいけい,る,い,い,4e-06,False,0.0,,,,,,しゆうず -> ずいしよ -> よぞら -> らすとすぱあと -> とめる -> るぽるたあじゆ -> ゆうご -> ごつどふああざあ -> ありとあらゆる -> るねさんす -> すたいる -> るああ -> あいてどる -> るいすい -> いぶにんぐ -> ぐたいてき -> きかせる -> るみのおる -> るうきい -> いこおる -> るり -> りゆうよう -> うえぶ -> ぶじよく -> くちかず -> ずいじ -> じんじや -> やせい -> いきる -> るいけい
monte_carlo vs random,monte_carlo,random,D5000_seed0_monte_carlo_vs_random_0,5000,0,first,ended_with_n,31,first,monte_carlo,い,るいけい,いぎ,い,ぎ,ぎ,0.083604,False,0.8,,,,,,しゆうず -> ずいしよ -> よぞら -> らすとすぱあと -> とめる -> るぽるたあじゆ -> ゆうご -> ごつどふああざあ -> ありとあらゆる -> るねさんす -> すたいる -> るああ -> あいてどる -> るいすい -> いぶにんぐ -> ぐたいてき -> きかせる -> るみのおる -> るうきい -> いこおる -> るり -> りゆうよう -> うえぶ -> ぶじよく -> くちかず -> ずいじ -> じんじや -> やせい -> いきる -> るいけい -> いぎ
monte_carlo vs random,monte_carlo,random,D5000_seed0_monte_carlo_vs_random_0,5000,0,first,ended_with_n,32,second,random,ぎ,いぎ,ぎじゆつりよく,ぎ,く,く,7e-06,False,0.0,,,,,,しゆうず -> ずいしよ -> よぞら -> らすとすぱあと -> とめる -> るぽるたあじゆ -> ゆうご -> ごつどふああざあ -> ありとあらゆる -> るねさんす -> すたいる -> るああ -> あいてどる -> るいすい -> いぶにんぐ -> ぐたいてき -> きかせる -> るみのおる -> るうきい -> いこおる -> るり -> りゆうよう -> うえぶ -> ぶじよく -> くちかず -> ずいじ -> じんじや -> やせい -> いきる -> るいけい -> いぎ -> ぎじゆつりよく
monte_carlo vs random,monte_carlo,random,D5000_seed0_monte_carlo_vs_random_0,5000,0,first,ended_with_n,33,first,monte_carlo,く,ぎじゆつりよく,くりすたる,く,る,る,0.074663,False,0.8,,,,,,しゆうず -> ずいしよ -> よぞら -> らすとすぱあと -> とめる -> るぽるたあじゆ -> ゆうご -> ごつどふああざあ -> ありとあらゆる -> るねさんす -> すたいる -> るああ -> あいてどる -> るいすい -> いぶにんぐ -> ぐたいてき -> きかせる -> るみのおる -> るうきい -> いこおる -> るり -> りゆうよう -> うえぶ -> ぶじよく -> くちかず -> ずいじ -> じんじや -> やせい -> いきる -> るいけい -> いぎ -> ぎじゆつりよく -> くりすたる
monte_carlo vs random,monte_carlo,random,D5000_seed0_monte_carlo_vs_random_0,5000,0,first,ended_with_n,34,second,random,る,くりすたる,るいせき,る,き,き,4e-06,False,0.0,,,,,,しゆうず -> ずいしよ -> よぞら -> らすとすぱあと -> とめる -> るぽるたあじゆ -> ゆうご -> ごつどふああざあ -> ありとあらゆる -> るねさんす -> すたいる -> るああ -> あいてどる -> るいすい -> いぶにんぐ -> ぐたいてき -> きかせる -> るみのおる -> るうきい -> いこおる -> るり -> りゆうよう -> うえぶ -> ぶじよく -> くちかず -> ずいじ -> じんじや -> やせい -> いきる -> るいけい -> いぎ -> ぎじゆつりよく -> くりすたる -> るいせき
monte_carlo vs random,monte_carlo,random,D5000_seed0_monte_carlo_vs_random_0,5000,0,first,ended_with_n,35,first,monte_carlo,き,るいせき,きこえる,き,る,る,0.049903,False,0.7,,,,,,しゆうず -> ずいしよ -> よぞら -> らすとすぱあと -> とめる -> るぽるたあじゆ -> ゆうご -> ごつどふああざあ -> ありとあらゆる -> るねさんす -> すたいる -> るああ -> あいてどる -> るいすい -> いぶにんぐ -> ぐたいてき -> きかせる -> るみのおる -> るうきい -> いこおる -> るり -> りゆうよう -> うえぶ -> ぶじよく -> くちかず -> ずいじ -> じんじや -> やせい -> いきる -> るいけい -> いぎ -> ぎじゆつりよく -> くりすたる -> るいせき -> きこえる
monte_carlo vs random,monte_carlo,random,D5000_seed0_monte_carlo_vs_random_0,5000,0,first,ended_with_n,36,second,random,る,きこえる,るぽ,る,ぽ,ぽ,4e-06,False,0.0,,,,,,しゆうず -> ずいしよ -> よぞら -> らすとすぱあと -> とめる -> るぽるたあじゆ -> ゆうご -> ごつどふああざあ -> ありとあらゆる -> るねさんす -> すたいる -> るああ -> あいてどる -> るいすい -> いぶにんぐ -> ぐたいてき -> きかせる -> るみのおる -> るうきい -> いこおる -> るり -> りゆうよう -> うえぶ -> ぶじよく -> くちかず -> ずいじ -> じんじや -> やせい -> いきる -> るいけい -> いぎ -> ぎじゆつりよく -> くりすたる -> るいせき -> きこえる -> るぽ
monte_carlo vs random,monte_carlo,random,D5000_seed0_monte_carlo_vs_random_0,5000,0,first,ended_with_n,37,first,monte_carlo,ぽ,るぽ,ぽおたぶる,ぽ,る,る,0.01497,False,1.0,,,,,,しゆうず -> ずいしよ -> よぞら -> らすとすぱあと -> とめる -> るぽるたあじゆ -> ゆうご -> ごつどふああざあ -> ありとあらゆる -> るねさんす -> すたいる -> るああ -> あいてどる -> るいすい -> いぶにんぐ -> ぐたいてき -> きかせる -> るみのおる -> るうきい -> いこおる -> るり -> りゆうよう -> うえぶ -> ぶじよく -> くちかず -> ずいじ -> じんじや -> やせい -> いきる -> るいけい -> いぎ -> ぎじゆつりよく -> くりすたる -> るいせき -> きこえる -> るぽ -> ぽおたぶる
monte_carlo vs random,monte_carlo,random,D5000_seed0_monte_carlo_vs_random_0,5000,0,first,ended_with_n,38,second,random,る,ぽおたぶる,るうちん,る,ん,,3e-06,False,0.0,,,,,,しゆうず -> ずいしよ -> よぞら -> らすとすぱあと -> とめる -> るぽるたあじゆ -> ゆうご -> ごつどふああざあ -> ありとあらゆる -> るねさんす -> すたいる -> るああ -> あいてどる -> るいすい -> いぶにんぐ -> ぐたいてき -> きかせる -> るみのおる -> るうきい -> いこおる -> るり -> りゆうよう -> うえぶ -> ぶじよく -> くちかず -> ずいじ -> じんじや -> やせい -> いきる -> るいけい -> いぎ -> ぎじゆつりよく -> くりすたる -> るいせき -> きこえる -> るぽ -> ぽおたぶる -> るうちん
monte_carlo vs greedy,monte_carlo,greedy,D5000_seed0_monte_carlo_vs_greedy_0,5000,0,second,ended_with_n,1,first,monte_carlo,ANY,,しゆうず,し,ず,ず,0.458856,False,0.71,,,,,,しゆうず
monte_carlo vs greedy,monte_carlo,greedy,D5000_seed0_monte_carlo_vs_greedy_0,5000,0,second,ended_with_n,2,second,greedy,ず,しゆうず,ずるずる,ず,る,る,0.000153,False,-255.0,,,,,10,しゆうず -> ずるずる
monte_carlo vs greedy,monte_carlo,greedy,D5000_seed0_monte_carlo_vs_greedy_0,5000,0,second,ended_with_n,3,first,monte_carlo,る,ずるずる,るみのおる,る,る,る,0.164964,False,0.6,,,,,,しゆうず -> ずるずる -> るみのおる
monte_carlo vs greedy,monte_carlo,greedy,D5000_seed0_monte_carlo_vs_greedy_0,5000,0,second,ended_with_n,4,second,greedy,る,るみのおる,るぽ,る,ぽ,ぽ,0.000157,False,-253.0,,,,,11,しゆうず -> ずるずる -> るみのおる -> るぽ
monte_carlo vs greedy,monte_carlo,greedy,D5000_seed0_monte_carlo_vs_greedy_0,5000,0,second,ended_with_n,5,first,monte_carlo,ぽ,るぽ,ぽりいぷ,ぽ,ぷ,ぷ,0.173756,False,0.61,,,,,,しゆうず -> ずるずる -> るみのおる -> るぽ -> ぽりいぷ
monte_carlo vs greedy,monte_carlo,greedy,D5000_seed0_monte_carlo_vs_greedy_0,5000,0,second,ended_with_n,6,second,greedy,ぷ,ぽりいぷ,ぷうる,ぷ,る,る,0.000263,False,-209.0,,,,,25,しゆうず -> ずるずる -> るみのおる -> るぽ -> ぽりいぷ -> ぷうる
monte_carlo vs greedy,monte_carlo,greedy,D5000_seed0_monte_carlo_vs_greedy_0,5000,0,second,ended_with_n,7,first,monte_carlo,る,ぷうる,るいすい,る,い,い,0.112498,False,0.6,,,,,,しゆうず -> ずるずる -> るみのおる -> るぽ -> ぽりいぷ -> ぷうる -> るいすい
monte_carlo vs greedy,monte_carlo,greedy,D5000_seed0_monte_carlo_vs_greedy_0,5000,0,second,ended_with_n,8,second,greedy,い,るいすい,いこおる,い,る,る,0.001837,False,-186.0,,,,,161,しゆうず -> ずるずる -> るみのおる -> るぽ -> ぽりいぷ -> ぷうる -> るいすい -> いこおる
monte_carlo vs greedy,monte_carlo,greedy,D5000_seed0_monte_carlo_vs_greedy_0,5000,0,second,ended_with_n,9,first,monte_carlo,る,いこおる,るいけい,る,い,い,0.078215,False,0.8,,,,,,しゆうず -> ずるずる -> るみのおる -> るぽ -> ぽりいぷ -> ぷうる -> るいすい -> いこおる -> るいけい
monte_carlo vs greedy,monte_carlo,greedy,D5000_seed0_monte_carlo_vs_greedy_0,5000,0,second,ended_with_n,10,second,greedy,い,るいけい,いただける,い,る,る,0.001583,False,-163.0,,,,,160,しゆうず -> ずるずる -> るみのおる -> るぽ -> ぽりいぷ -> ぷうる -> るいすい -> いこおる -> るいけい -> いただける
monte_carlo vs greedy,monte_carlo,greedy,D5000_seed0_monte_carlo_vs_greedy_0,5000,0,second,ended_with_n,11,first,monte_carlo,る,いただける,るああ,る,あ,あ,0.054853,False,0.7,,,,,,しゆうず -> ずるずる -> るみのおる -> るぽ -> ぽりいぷ -> ぷうる -> るいすい -> いこおる -> るいけい -> いただける -> るああ
monte_carlo vs greedy,monte_carlo,greedy,D5000_seed0_monte_carlo_vs_greedy_0,5000,0,second,ended_with_n,12,second,greedy,あ,るああ,あわてる,あ,る,る,0.001676,False,-140.0,,,,,160,しゆうず -> ずるずる -> るみのおる -> るぽ -> ぽりいぷ -> ぷうる -> るいすい -> いこおる -> るいけい -> いただける -> るああ -> あわてる
monte_carlo vs greedy,monte_carlo,greedy,D5000_seed0_monte_carlo_vs_greedy_0,5000,0,second,ended_with_n,13,first,monte_carlo,る,あわてる,るうきい,る,い,い,0.038529,False,0.8,,,,,,しゆうず -> ずるずる -> るみのおる -> るぽ -> ぽりいぷ -> ぷうる -> るいすい -> いこおる -> るいけい -> いただける -> るああ -> あわてる -> るうきい
monte_carlo vs greedy,monte_carlo,greedy,D5000_seed0_monte_carlo_vs_greedy_0,5000,0,second,ended_with_n,14,second,greedy,い,るうきい,いきる,い,る,る,0.001662,False,-117.0,,,,,159,しゆうず -> ずるずる -> るみのおる -> るぽ -> ぽりいぷ -> ぷうる -> るいすい -> いこおる -> るいけい -> いただける -> るああ -> あわてる -> るうきい -> いきる
monte_carlo vs greedy,monte_carlo,greedy,D5000_seed0_monte_carlo_vs_greedy_0,5000,0,second,ended_with_n,15,first,monte_carlo,る,いきる,るねさんす,る,す,す,0.024528,False,0.7,,,,,,しゆうず -> ずるずる -> るみのおる -> るぽ -> ぽりいぷ -> ぷうる -> るいすい -> いこおる -> るいけい -> いただける -> るああ -> あわてる -> るうきい -> いきる -> るねさんす
monte_carlo vs greedy,monte_carlo,greedy,D5000_seed0_monte_carlo_vs_greedy_0,5000,0,second,ended_with_n,16,second,greedy,す,るねさんす,すぺくとる,す,る,る,0.001163,False,-94.0,,,,,100,しゆうず -> ずるずる -> るみのおる -> るぽ -> ぽりいぷ -> ぷうる -> るいすい -> いこおる -> るいけい -> いただける -> るああ -> あわてる -> るうきい -> いきる -> るねさんす -> すぺくとる
monte_carlo vs greedy,monte_carlo,greedy,D5000_seed0_monte_carlo_vs_greedy_0,5000,0,second,ended_with_n,17,first,monte_carlo,る,すぺくとる,るぽるたあじゆ,る,ゆ,ゆ,0.015534,False,0.5,,,,,,しゆうず -> ずるずる -> るみのおる -> るぽ -> ぽりいぷ -> ぷうる -> るいすい -> いこおる -> るいけい -> いただける -> るああ -> あわてる -> るうきい -> いきる -> るねさんす -> すぺくとる -> るぽるたあじゆ
monte_carlo vs greedy,monte_carlo,greedy,D5000_seed0_monte_carlo_vs_greedy_0,5000,0,second,ended_with_n,18,second,greedy,ゆ,るぽるたあじゆ,ゆきわたる,ゆ,る,る,0.000591,False,-71.0,,,,,51,しゆうず -> ずるずる -> るみのおる -> るぽ -> ぽりいぷ -> ぷうる -> るいすい -> いこおる -> るいけい -> いただける -> るああ -> あわてる -> るうきい -> いきる -> るねさんす -> すぺくとる -> るぽるたあじゆ -> ゆきわたる
monte_carlo vs greedy,monte_carlo,greedy,D5000_seed0_monte_carlo_vs_greedy_0,5000,0,second,ended_with_n,19,first,monte_carlo,る,ゆきわたる,るり,る,り,り,0.007989,False,0.4,,,,,,しゆうず -> ずるずる -> るみのおる -> るぽ -> ぽりいぷ -> ぷうる -> るいすい -> いこおる -> るいけい -> いただける -> るああ -> あわてる -> るうきい -> いきる -> るねさんす -> すぺくとる -> るぽるたあじゆ -> ゆきわたる -> るり
monte_carlo vs greedy,monte_carlo,greedy,D5000_seed0_monte_carlo_vs_greedy_0,5000,0,second,ended_with_n,20,second,greedy,り,るり,りある,り,る,る,0.001185,False,-48.0,,,,,83,しゆうず -> ずるずる -> るみのおる -> るぽ -> ぽりいぷ -> ぷうる -> るいすい -> いこおる -> るいけい -> いただける -> るああ -> あわてる -> るうきい -> いきる -> るねさんす -> すぺくとる -> るぽるたあじゆ -> ゆきわたる -> るり -> りある
monte_carlo vs greedy,monte_carlo,greedy,D5000_seed0_monte_carlo_vs_greedy_0,5000,0,second,ended_with_n,21,first,monte_carlo,る,りある,るいせき,る,き,き,0.002446,False,0.7,,,,,,しゆうず -> ずるずる -> るみのおる -> るぽ -> ぽりいぷ -> ぷうる -> るいすい -> いこおる -> るいけい -> いただける -> るああ -> あわてる -> るうきい -> いきる -> るねさんす -> すぺくとる -> るぽるたあじゆ -> ゆきわたる -> るり -> りある -> るいせき
monte_carlo vs greedy,monte_carlo,greedy,D5000_seed0_monte_carlo_vs_greedy_0,5000,0,second,ended_with_n,22,second,greedy,き,るいせき,きやらめる,き,る,る,0.002548,False,-25.0,,,,,164,しゆうず -> ずるずる -> るみのおる -> るぽ -> ぽりいぷ -> ぷうる -> るいすい -> いこおる -> るいけい -> いただける -> るああ -> あわてる -> るうきい -> いきる -> るねさんす -> すぺくとる -> るぽるたあじゆ -> ゆきわたる -> るり -> りある -> るいせき -> きやらめる
monte_carlo vs greedy,monte_carlo,greedy,D5000_seed0_monte_carlo_vs_greedy_0,5000,0,second,ended_with_n,23,first,monte_carlo,る,きやらめる,るうちん,る,ん,,1.4e-05,False,0.0,,,,,,しゆうず -> ずるずる -> るみのおる -> るぽ -> ぽりいぷ -> ぷうる -> るいすい -> いこおる -> るいけい -> いただける -> るああ -> あわてる -> るうきい -> いきる -> るねさんす -> すぺくとる -> るぽるたあじゆ -> ゆきわたる -> るり -> りある -> るいせき -> きやらめる -> るうちん
monte_carlo vs minimax,monte_carlo,minimax,D5000_seed0_monte_carlo_vs_minimax_0,5000,0,second,ended_with_n,1,first,monte_carlo,ANY,,しゆうず,し,ず,ず,0.44521,False,0.71,,,,,,しゆうず
monte_carlo vs minimax,monte_carlo,minimax,D5000_seed0_monte_carlo_vs_minimax_0,5000,0,second,ended_with_n,2,second,minimax,ず,しゆうず,ずいしよ,ず,よ,よ,1.789162,False,156.0,3,3,True,,10,しゆうず -> ずいしよ
monte_carlo vs minimax,monte_carlo,minimax,D5000_seed0_monte_carlo_vs_minimax_0,5000,0,second,ended_with_n,3,first,monte_carlo,よ,ずいしよ,よぞら,よ,ら,ら,0.260848,False,0.7,,,,,,しゆうず -> ずいしよ -> よぞら
monte_carlo vs minimax,monte_carlo,minimax,D5000_seed0_monte_carlo_vs_minimax_0,5000,0,second,ended_with_n,4,second,minimax,ら,よぞら,らつぷ,ら,ぷ,ぷ,2.000031,True,156.0,3,2,True,,13,しゆうず -> ずいしよ -> よぞら -> らつぷ
monte_carlo vs minimax,monte_carlo,minimax,D5000_seed0_monte_carlo_vs_minimax_0,5000,0,second,ended_with_n,5,first,monte_carlo,ぷ,らつぷ,ぷれすくらぶ,ぷ,ぶ,ぶ,0.269017,False,0.7,,,,,,しゆうず -> ずいしよ -> よぞら -> らつぷ -> ぷれすくらぶ
monte_carlo vs minimax,monte_carlo,minimax,D5000_seed0_monte_carlo_vs_minimax_0,5000,0,second,ended_with_n,6,second,minimax,ぶ,ぷれすくらぶ,ぶんぼ,ぶ,ぼ,ぼ,0.189645,False,-73.0,2,2,True,,20,しゆうず -> ずいしよ -> よぞら -> らつぷ -> ぷれすくらぶ -> ぶんぼ
monte_carlo vs minimax,monte_carlo,minimax,D5000_seed0_monte_carlo_vs_minimax_0,5000,0,second,ended_with_n,7,first,monte_carlo,ぼ,ぶんぼ,ぼんど,ぼ,ど,ど,0.271431,False,0.7,,,,,,しゆうず -> ずいしよ -> よぞら -> らつぷ -> ぷれすくらぶ -> ぶんぼ -> ぼんど
monte_carlo vs minimax,monte_carlo,minimax,D5000_seed0_monte_carlo_vs_minimax_0,5000,0,second,ended_with_n,8,second,minimax,ど,ぼんど,どろつぷ,ど,ぷ,ぷ,0.217428,False,-156.0,2,2,True,,20,しゆうず -> ずいしよ -> よぞら -> らつぷ -> ぷれすくらぶ -> ぶんぼ -> ぼんど -> どろつぷ
monte_carlo vs minimax,monte_carlo,minimax,D5000_seed0_monte_carlo_vs_minimax_0,5000,0,second,ended_with_n,9,first,monte_carlo,ぷ,どろつぷ,ぷりずむ,ぷ,む,む,0.283816,False,0.8,,,,,,しゆうず -> ずいしよ -> よぞら -> らつぷ -> ぷれすくらぶ -> ぶんぼ -> ぼんど -> どろつぷ -> ぷりずむ
monte_carlo vs minimax,monte_carlo,minimax,D5000_seed0_monte_carlo_vs_minimax_0,5000,0,second,ended_with_n,10,second,minimax,む,ぷりずむ,むしば,む,ば,ば,0.141653,False,-156.0,2,3,True,,20,しゆうず -> ずいしよ -> よぞら -> らつぷ -> ぷれすくらぶ -> ぶんぼ -> ぼんど -> どろつぷ -> ぷりずむ -> むしば
monte_carlo vs minimax,monte_carlo,minimax,D5000_seed0_monte_carlo_vs_minimax_0,5000,0,second,ended_with_n,11,first,monte_carlo,ば,むしば,ばるせろな,ば,な,な,0.26237,False,0.71,,,,,,しゆうず -> ずいしよ -> よぞら -> らつぷ -> ぷれすくらぶ -> ぶんぼ -> ぼんど -> どろつぷ -> ぷりずむ -> むしば -> ばるせろな
monte_carlo vs minimax,monte_carlo,minimax,D5000_seed0_monte_carlo_vs_minimax_0,5000,0,second,ended_with_n,12,second,minimax,な,ばるせろな,なべ,な,べ,べ,2.000054,True,156.0,3,2,True,,15,しゆうず -> ずいしよ -> よぞら -> らつぷ -> ぷれすくらぶ -> ぶんぼ -> ぼんど -> どろつぷ -> ぷりずむ -> むしば -> ばるせろな -> なべ
monte_carlo vs minimax,monte_carlo,minimax,D5000_seed0_monte_carlo_vs_minimax_0,5000,0,second,ended_with_n,13,first,monte_carlo,べ,なべ,べたべた,べ,た,た,0.428078,False,0.8,,,,,,しゆうず -> ずいしよ -> よぞら -> らつぷ -> ぷれすくらぶ -> ぶんぼ -> ぼんど -> どろつぷ -> ぷりずむ -> むしば -> ばるせろな -> なべ -> べたべた
monte_carlo vs minimax,monte_carlo,minimax,D5000_seed0_monte_carlo_vs_minimax_0,5000,0,second,ended_with_n,14,second,minimax,た,べたべた,たんぽ,た,ぽ,ぽ,0.334966,False,-154.0,2,2,True,,20,しゆうず -> ずいしよ -> よぞら -> らつぷ -> ぷれすくらぶ -> ぶんぼ -> ぼんど -> どろつぷ -> ぷりずむ -> むしば -> ばるせろな -> なべ -> べたべた -> たんぽ
monte_carlo vs minimax,monte_carlo,minimax,D5000_seed0_monte_carlo_vs_minimax_0,5000,0,second,ended_with_n,15,first,monte_carlo,ぽ,たんぽ,ぽつと,ぽ,と,と,0.152447,False,0.7,,,,,,しゆうず -> ずいしよ -> よぞら -> らつぷ -> ぷれすくらぶ -> ぶんぼ -> ぼんど -> どろつぷ -> ぷりずむ -> むしば -> ばるせろな -> なべ -> べたべた -> たんぽ -> ぽつと
monte_carlo vs minimax,monte_carlo,minimax,D5000_seed0_monte_carlo_vs_minimax_0,5000,0,second,ended_with_n,16,second,minimax,と,ぽつと,とりつぷ,と,ぷ,ぷ,0.211429,False,-154.0,2,2,True,,20,しゆうず -> ずいしよ -> よぞら -> らつぷ -> ぷれすくらぶ -> ぶんぼ -> ぼんど -> どろつぷ -> ぷりずむ -> むしば -> ばるせろな -> なべ -> べたべた -> たんぽ -> ぽつと -> とりつぷ
monte_carlo vs minimax,monte_carlo,minimax,D5000_seed0_monte_carlo_vs_minimax_0,5000,0,second,ended_with_n,17,first,monte_carlo,ぷ,とりつぷ,ぷらす,ぷ,す,す,0.2652,False,0.7,,,,,,しゆうず -> ずいしよ -> よぞら -> らつぷ -> ぷれすくらぶ -> ぶんぼ -> ぼんど -> どろつぷ -> ぷりずむ -> むしば -> ばるせろな -> なべ -> べたべた -> たんぽ -> ぽつと -> とりつぷ -> ぷらす
monte_carlo vs minimax,monte_carlo,minimax,D5000_seed0_monte_carlo_vs_minimax_0,5000,0,second,ended_with_n,18,second,minimax,す,ぷらす,すくなからず,す,ず,ず,0.254917,False,-154.0,2,3,True,,20,しゆうず -> ずいしよ -> よぞら -> らつぷ -> ぷれすくらぶ -> ぶんぼ -> ぼんど -> どろつぷ -> ぷりずむ -> むしば -> ばるせろな -> なべ -> べたべた -> たんぽ -> ぽつと -> とりつぷ -> ぷらす -> すくなからず
monte_carlo vs minimax,monte_carlo,minimax,D5000_seed0_monte_carlo_vs_minimax_0,5000,0,second,ended_with_n,19,first,monte_carlo,ず,すくなからず,ずるずる,ず,る,る,0.093117,False,0.7,,,,,,しゆうず -> ずいしよ -> よぞら -> らつぷ -> ぷれすくらぶ -> ぶんぼ -> ぼんど -> どろつぷ -> ぷりずむ -> むしば -> ばるせろな -> なべ -> べたべた -> たんぽ -> ぽつと -> とりつぷ -> ぷらす -> すくなからず -> ずるずる
monte_carlo vs minimax,monte_carlo,minimax,D5000_seed0_monte_carlo_vs_minimax_0,5000,0,second,ended_with_n,20,second,minimax,る,ずるずる,るみのおる,る,る,る,1.77612,False,170.0,3,3,True,,12,しゆうず -> ずいしよ -> よぞら -> らつぷ -> ぷれすくらぶ -> ぶんぼ -> ぼんど -> どろつぷ -> ぷりずむ -> むしば -> ばるせろな -> なべ -> べたべた -> たんぽ -> ぽつと -> とりつぷ -> ぷらす -> すくなからず -> ずるずる -> るみのおる
monte_carlo vs minimax,monte_carlo,minimax,D5000_seed0_monte_carlo_vs_minimax_0,5000,0,second,ended_with_n,21,first,monte_carlo,る,るみのおる,るり,る,り,り,0.100981,False,0.7,,,,,,しゆうず -> ずいしよ -> よぞら -> らつぷ -> ぷれすくらぶ -> ぶんぼ -> ぼんど -> どろつぷ -> ぷりずむ -> むしば -> ばるせろな -> なべ -> べたべた -> たんぽ -> ぽつと -> とりつぷ -> ぷらす -> すくなからず -> ずるずる -> るみのおる -> るり
monte_carlo vs minimax,monte_carlo,minimax,D5000_seed0_monte_carlo_vs_minimax_0,5000,0,second,ended_with_n,22,second,minimax,り,るり,りある,り,る,る,2.000046,True,178.0,3,2,True,,15,しゆうず -> ずいしよ -> よぞら -> らつぷ -> ぷれすくらぶ -> ぶんぼ -> ぼんど -> どろつぷ -> ぷりずむ -> むしば -> ばるせろな -> なべ -> べたべた -> たんぽ -> ぽつと -> とりつぷ -> ぷらす -> すくなからず -> ずるずる -> るみのおる -> るり -> りある
monte_carlo vs minimax,monte_carlo,minimax,D5000_seed0_monte_carlo_vs_minimax_0,5000,0,second,ended_with_n,23,first,monte_carlo,る,りある,るぽるたあじゆ,る,ゆ,ゆ,0.092419,False,0.6,,,,,,しゆうず -> ずいしよ -> よぞら -> らつぷ -> ぷれすくらぶ -> ぶんぼ -> ぼんど -> どろつぷ -> ぷりずむ -> むしば -> ばるせろな -> なべ -> べたべた -> たんぽ -> ぽつと -> とりつぷ -> ぷらす -> すくなからず -> ずるずる -> るみのおる -> るり -> りある -> るぽるたあじゆ
monte_carlo vs minimax,monte_carlo,minimax,D5000_seed0_monte_carlo_vs_minimax_0,5000,0,second,ended_with_n,24,second,minimax,ゆ,るぽるたあじゆ,ゆきわたる,ゆ,る,る,0.221061,False,-83.0,2,2,True,,20,しゆうず -> ずいしよ -> よぞら -> らつぷ -> ぷれすくらぶ -> ぶんぼ -> ぼんど -> どろつぷ -> ぷりずむ -> むしば -> ばるせろな -> なべ -> べたべた -> たんぽ -> ぽつと -> とりつぷ -> ぷらす -> すくなからず -> ずるずる -> るみのおる -> るり -> りある -> るぽるたあじゆ -> ゆきわたる
monte_carlo vs minimax,monte_carlo,minimax,D5000_seed0_monte_carlo_vs_minimax_0,5000,0,second,ended_with_n,25,first,monte_carlo,る,ゆきわたる,るぽ,る,ぽ,ぽ,0.06557,False,0.7,,,,,,しゆうず -> ずいしよ -> よぞら -> らつぷ -> ぷれすくらぶ -> ぶんぼ -> ぼんど -> どろつぷ -> ぷりずむ -> むしば -> ばるせろな -> なべ -> べたべた -> たんぽ -> ぽつと -> とりつぷ -> ぷらす -> すくなからず -> ずるずる -> るみのおる -> るり -> りある -> るぽるたあじゆ -> ゆきわたる -> るぽ
monte_carlo vs minimax,monte_carlo,minimax,D5000_seed0_monte_carlo_vs_minimax_0,5000,0,second,ended_with_n,26,second,minimax,ぽ,るぽ,ぽおたぶる,ぽ,る,る,0.075329,False,582.0,2,2,True,,10,しゆうず -> ずいしよ -> よぞら -> らつぷ -> ぷれすくらぶ -> ぶんぼ -> ぼんど -> どろつぷ -> ぷりずむ -> むしば -> ばるせろな -> なべ -> べたべた -> たんぽ -> ぽつと -> とりつぷ -> ぷらす -> すくなからず -> ずるずる -> るみのおる -> るり -> りある -> るぽるたあじゆ -> ゆきわたる -> るぽ -> ぽおたぶる
monte_carlo vs minimax,monte_carlo,minimax,D5000_seed0_monte_carlo_vs_minimax_0,5000,0,second,ended_with_n,27,first,monte_carlo,る,ぽおたぶる,るうきい,る,い,い,0.051234,False,0.6,,,,,,しゆうず -> ずいしよ -> よぞら -> らつぷ -> ぷれすくらぶ -> ぶんぼ -> ぼんど -> どろつぷ -> ぷりずむ -> むしば -> ばるせろな -> なべ -> べたべた -> たんぽ -> ぽつと -> とりつぷ -> ぷらす -> すくなからず -> ずるずる -> るみのおる -> るり -> りある -> るぽるたあじゆ -> ゆきわたる -> るぽ -> ぽおたぶる -> るうきい
monte_carlo vs minimax,monte_carlo,minimax,D5000_seed0_monte_carlo_vs_minimax_0,5000,0,second,ended_with_n,28,second,minimax,い,るうきい,いからせる,い,る,る,0.270117,False,605.0,2,3,True,,20,しゆうず -> ずいしよ -> よぞら -> らつぷ -> ぷれすくらぶ -> ぶんぼ -> ぼんど -> どろつぷ -> ぷりずむ -> むしば -> ばるせろな -> なべ -> べたべた -> たんぽ -> ぽつと -> とりつぷ -> ぷらす -> すくなからず -> ずるずる -> るみのおる -> るり -> りある -> るぽるたあじゆ -> ゆきわたる -> るぽ -> ぽおたぶる -> るうきい -> いからせる
monte_carlo vs minimax,monte_carlo,minimax,D5000_seed0_monte_carlo_vs_minimax_0,5000,0,second,ended_with_n,29,first,monte_carlo,る,いからせる,るいけい,る,い,い,0.034545,False,0.6,,,,,,しゆうず -> ずいしよ -> よぞら -> らつぷ -> ぷれすくらぶ -> ぶんぼ -> ぼんど -> どろつぷ -> ぷりずむ -> むしば -> ばるせろな -> なべ -> べたべた -> たんぽ -> ぽつと -> とりつぷ -> ぷらす -> すくなからず -> ずるずる -> るみのおる -> るり -> りある -> るぽるたあじゆ -> ゆきわたる -> るぽ -> ぽおたぶる -> るうきい -> いからせる -> るいけい
monte_carlo vs minimax,monte_carlo,minimax,D5000_seed0_monte_carlo_vs_minimax_0,5000,0,second,ended_with_n,30,second,minimax,い,るいけい,いきる,い,る,る,1.756935,False,2183.5,3,3,True,,20,しゆうず -> ずいしよ -> よぞら -> らつぷ -> ぷれすくらぶ -> ぶんぼ -> ぼんど -> どろつぷ -> ぷりずむ -> むしば -> ばるせろな -> なべ -> べたべた -> たんぽ -> ぽつと -> とりつぷ -> ぷらす -> すくなからず -> ずるずる -> るみのおる -> るり -> りある -> るぽるたあじゆ -> ゆきわたる -> るぽ -> ぽおたぶる -> るうきい -> いからせる -> るいけい -> いきる
monte_carlo vs minimax,monte_carlo,minimax,D5000_seed0_monte_carlo_vs_minimax_0,5000,0,second,ended_with_n,31,first,monte_carlo,る,いきる,るねさんす,る,す,す,0.020837,False,0.5,,,,,,しゆうず -> ずいしよ -> よぞら -> らつぷ -> ぷれすくらぶ -> ぶんぼ -> ぼんど -> どろつぷ -> ぷりずむ -> むしば -> ばるせろな -> なべ -> べたべた -> たんぽ -> ぽつと -> とりつぷ -> ぷらす -> すくなからず -> ずるずる -> るみのおる -> るり -> りある -> るぽるたあじゆ -> ゆきわたる -> るぽ -> ぽおたぶる -> るうきい -> いからせる -> るいけい -> いきる -> るねさんす
monte_carlo vs minimax,monte_carlo,minimax,D5000_seed0_monte_carlo_vs_minimax_0,5000,0,second,ended_with_n,32,second,minimax,す,るねさんす,すくうる,す,る,る,1.872821,False,3393.0,3,3,True,,20,しゆうず -> ずいしよ -> よぞら -> らつぷ -> ぷれすくらぶ -> ぶんぼ -> ぼんど -> どろつぷ -> ぷりずむ -> むしば -> ばるせろな -> なべ -> べたべた -> たんぽ -> ぽつと -> とりつぷ -> ぷらす -> すくなからず -> ずるずる -> るみのおる -> るり -> りある -> るぽるたあじゆ -> ゆきわたる -> るぽ -> ぽおたぶる -> るうきい -> いからせる -> るいけい -> いきる -> るねさんす -> すくうる
monte_carlo vs minimax,monte_carlo,minimax,D5000_seed0_monte_carlo_vs_minimax_0,5000,0,second,ended_with_n,33,first,monte_carlo,る,すくうる,るいせき,る,き,き,0.012576,False,0.9,,,,,,しゆうず -> ずいしよ -> よぞら -> らつぷ -> ぷれすくらぶ -> ぶんぼ -> ぼんど -> どろつぷ -> ぷりずむ -> むしば -> ばるせろな -> なべ -> べたべた -> たんぽ -> ぽつと -> とりつぷ -> ぷらす -> すくなからず -> ずるずる -> るみのおる -> るり -> りある -> るぽるたあじゆ -> ゆきわたる -> るぽ -> ぽおたぶる -> るうきい -> いからせる -> るいけい -> いきる -> るねさんす -> すくうる -> るいせき
monte_carlo vs minimax,monte_carlo,minimax,D5000_seed0_monte_carlo_vs_minimax_0,5000,0,second,ended_with_n,34,second,minimax,き,るいせき,きかせる,き,る,る,1.441769,False,3401.0,3,3,True,,20,しゆうず -> ずいしよ -> よぞら -> らつぷ -> ぷれすくらぶ -> ぶんぼ -> ぼんど -> どろつぷ -> ぷりずむ -> むしば -> ばるせろな -> なべ -> べたべた -> たんぽ -> ぽつと -> とりつぷ -> ぷらす -> すくなからず -> ずるずる -> るみのおる -> るり -> りある -> るぽるたあじゆ -> ゆきわたる -> るぽ -> ぽおたぶる -> るうきい -> いからせる -> るいけい -> いきる -> るねさんす -> すくうる -> るいせき -> きかせる
monte_carlo vs minimax,monte_carlo,minimax,D5000_seed0_monte_carlo_vs_minimax_0,5000,0,second,ended_with_n,35,first,monte_carlo,る,きかせる,るああ,る,あ,あ,0.005553,False,0.7,,,,,,しゆうず -> ずいしよ -> よぞら -> らつぷ -> ぷれすくらぶ -> ぶんぼ -> ぼんど -> どろつぷ -> ぷりずむ -> むしば -> ばるせろな -> なべ -> べたべた -> たんぽ -> ぽつと -> とりつぷ -> ぷらす -> すくなからず -> ずるずる -> るみのおる -> るり -> りある -> るぽるたあじゆ -> ゆきわたる -> るぽ -> ぽおたぶる -> るうきい -> いからせる -> るいけい -> いきる -> るねさんす -> すくうる -> るいせき -> きかせる -> るああ
monte_carlo vs minimax,monte_carlo,minimax,D5000_seed0_monte_carlo_vs_minimax_0,5000,0,second,ended_with_n,36,second,minimax,あ,るああ,あいてどる,あ,る,る,0.088627,False,500000.0,3,3,True,,20,しゆうず -> ずいしよ -> よぞら -> らつぷ -> ぷれすくらぶ -> ぶんぼ -> ぼんど -> どろつぷ -> ぷりずむ -> むしば -> ばるせろな -> なべ -> べたべた -> たんぽ -> ぽつと -> とりつぷ -> ぷらす -> すくなからず -> ずるずる -> るみのおる -> るり -> りある -> るぽるたあじゆ -> ゆきわたる -> るぽ -> ぽおたぶる -> るうきい -> いからせる -> るいけい -> いきる -> るねさんす -> すくうる -> るいせき -> きかせる -> るああ -> あいてどる
monte_carlo vs minimax,monte_carlo,minimax,D5000_seed0_monte_carlo_vs_minimax_0,5000,0,second,ended_with_n,37,first,monte_carlo,る,あいてどる,るいすい,る,い,い,0.001526,False,0.3,,,,,,しゆうず -> ずいしよ -> よぞら -> らつぷ -> ぷれすくらぶ -> ぶんぼ -> ぼんど -> どろつぷ -> ぷりずむ -> むしば -> ばるせろな -> なべ -> べたべた -> たんぽ -> ぽつと -> とりつぷ -> ぷらす -> すくなからず -> ずるずる -> るみのおる -> るり -> りある -> るぽるたあじゆ -> ゆきわたる -> るぽ -> ぽおたぶる -> るうきい -> いからせる -> るいけい -> いきる -> るねさんす -> すくうる -> るいせき -> きかせる -> るああ -> あいてどる -> るいすい
monte_carlo vs minimax,monte_carlo,minimax,D5000_seed0_monte_carlo_vs_minimax_0,5000,0,second,ended_with_n,38,second,minimax,い,るいすい,いこおる,い,る,る,0.164227,False,1000000.0,3,3,True,,20,しゆうず -> ずいしよ -> よぞら -> らつぷ -> ぷれすくらぶ -> ぶんぼ -> ぼんど -> どろつぷ -> ぷりずむ -> むしば -> ばるせろな -> なべ -> べたべた -> たんぽ -> ぽつと -> とりつぷ -> ぷらす -> すくなからず -> ずるずる -> るみのおる -> るり -> りある -> るぽるたあじゆ -> ゆきわたる -> るぽ -> ぽおたぶる -> るうきい -> いからせる -> るいけい -> いきる -> るねさんす -> すくうる -> るいせき -> きかせる -> るああ -> あいてどる -> るいすい -> いこおる
monte_carlo vs minimax,monte_carlo,minimax,D5000_seed0_monte_carlo_vs_minimax_0,5000,0,second,ended_with_n,39,first,monte_carlo,る,いこおる,るうちん,る,ん,,8e-06,False,0.0,,,,,,しゆうず -> ずいしよ -> よぞら -> らつぷ -> ぷれすくらぶ -> ぶんぼ -> ぼんど -> どろつぷ -> ぷりずむ -> むしば -> ばるせろな -> なべ -> べたべた -> たんぽ -> ぽつと -> とりつぷ -> ぷらす -> すくなからず -> ずるずる -> るみのおる -> るり -> りある -> るぽるたあじゆ -> ゆきわたる -> るぽ -> ぽおたぶる -> るうきい -> いからせる -> るいけい -> いきる -> るねさんす -> すくうる -> るいせき -> きかせる -> るああ -> あいてどる -> るいすい -> いこおる -> るうちん
monte_carlo vs alpha_beta,monte_carlo,alpha_beta,D5000_seed0_monte_carlo_vs_alpha_beta_0,5000,0,second,ended_with_n,1,first,monte_carlo,ANY,,しゆうず,し,ず,ず,0.315101,False,0.71,,,,,,しゆうず
monte_carlo vs alpha_beta,monte_carlo,alpha_beta,D5000_seed0_monte_carlo_vs_alpha_beta_0,5000,0,second,ended_with_n,2,second,alpha_beta,ず,しゆうず,ずじよう,ず,う,う,0.786561,False,-156.0,4,4,True,189,10,しゆうず -> ずじよう
monte_carlo vs alpha_beta,monte_carlo,alpha_beta,D5000_seed0_monte_carlo_vs_alpha_beta_0,5000,0,second,ended_with_n,3,first,monte_carlo,う,ずじよう,うずめる,う,る,る,0.2607,False,0.7,,,,,,しゆうず -> ずじよう -> うずめる
monte_carlo vs alpha_beta,monte_carlo,alpha_beta,D5000_seed0_monte_carlo_vs_alpha_beta_0,5000,0,second,ended_with_n,4,second,alpha_beta,る,うずめる,るみのおる,る,る,る,0.334806,False,-98.0,4,4,True,134,12,しゆうず -> ずじよう -> うずめる -> るみのおる
monte_carlo vs alpha_beta,monte_carlo,alpha_beta,D5000_seed0_monte_carlo_vs_alpha_beta_0,5000,0,second,ended_with_n,5,first,monte_carlo,る,るみのおる,るいけい,る,い,い,0.109235,False,0.8,,,,,,しゆうず -> ずじよう -> うずめる -> るみのおる -> るいけい
monte_carlo vs alpha_beta,monte_carlo,alpha_beta,D5000_seed0_monte_carlo_vs_alpha_beta_0,5000,0,second,ended_with_n,6,second,alpha_beta,い,るいけい,いからせる,い,る,る,0.553762,False,-75.0,4,4,True,389,20,しゆうず -> ずじよう -> うずめる -> るみのおる -> るいけい -> いからせる
monte_carlo vs alpha_beta,monte_carlo,alpha_beta,D5000_seed0_monte_carlo_vs_alpha_beta_0,5000,0,second,ended_with_n,7,first,monte_carlo,る,いからせる,るぽ,る,ぽ,ぽ,0.099998,False,0.61,,,,,,しゆうず -> ずじよう -> うずめる -> るみのおる -> るいけい -> いからせる -> るぽ
monte_carlo vs alpha_beta,monte_carlo,alpha_beta,D5000_seed0_monte_carlo_vs_alpha_beta_0,5000,0,second,ended_with_n,8,second,alpha_beta,ぽ,るぽ,ぽおたぶる,ぽ,る,る,0.217966,False,238.0,4,4,True,155,11,しゆうず -> ずじよう -> うずめる -> るみのおる -> るいけい -> いからせる -> るぽ -> ぽおたぶる
monte_carlo vs alpha_beta,monte_carlo,alpha_beta,D5000_seed0_monte_carlo_vs_alpha_beta_0,5000,0,second,ended_with_n,9,first,monte_carlo,る,ぽおたぶる,るり,る,り,り,0.085581,False,0.7,,,,,,しゆうず -> ずじよう -> うずめる -> るみのおる -> るいけい -> いからせる -> るぽ -> ぽおたぶる -> るり
monte_carlo vs alpha_beta,monte_carlo,alpha_beta,D5000_seed0_monte_carlo_vs_alpha_beta_0,5000,0,second,ended_with_n,10,second,alpha_beta,り,るり,りある,り,る,る,0.278673,False,261.0,4,4,True,241,20,しゆうず -> ずじよう -> うずめる -> るみのおる -> るいけい -> いからせる -> るぽ -> ぽおたぶる -> るり -> りある
monte_carlo vs alpha_beta,monte_carlo,alpha_beta,D5000_seed0_monte_carlo_vs_alpha_beta_0,5000,0,second,ended_with_n,11,first,monte_carlo,る,りある,るぽるたあじゆ,る,ゆ,ゆ,0.058894,False,0.7,,,,,,しゆうず -> ずじよう -> うずめる -> るみのおる -> るいけい -> いからせる -> るぽ -> ぽおたぶる -> るり -> りある -> るぽるたあじゆ
monte_carlo vs alpha_beta,monte_carlo,alpha_beta,D5000_seed0_monte_carlo_vs_alpha_beta_0,5000,0,second,ended_with_n,12,second,alpha_beta,ゆ,るぽるたあじゆ,ゆきわたる,ゆ,る,る,0.309628,False,636.0,4,4,True,209,20,しゆうず -> ずじよう -> うずめる -> るみのおる -> るいけい -> いからせる -> るぽ -> ぽおたぶる -> るり -> りある -> るぽるたあじゆ -> ゆきわたる
monte_carlo vs alpha_beta,monte_carlo,alpha_beta,D5000_seed0_monte_carlo_vs_alpha_beta_0,5000,0,second,ended_with_n,13,first,monte_carlo,る,ゆきわたる,るああ,る,あ,あ,0.04105,False,0.9,,,,,,しゆうず -> ずじよう -> うずめる -> るみのおる -> るいけい -> いからせる -> るぽ -> ぽおたぶる -> るり -> りある -> るぽるたあじゆ -> ゆきわたる -> るああ
monte_carlo vs alpha_beta,monte_carlo,alpha_beta,D5000_seed0_monte_carlo_vs_alpha_beta_0,5000,0,second,ended_with_n,14,second,alpha_beta,あ,るああ,あいてどる,あ,る,る,0.726247,False,659.0,4,4,True,800,20,しゆうず -> ずじよう -> うずめる -> るみのおる -> るいけい -> いからせる -> るぽ -> ぽおたぶる -> るり -> りある -> るぽるたあじゆ -> ゆきわたる -> るああ -> あいてどる
monte_carlo vs alpha_beta,monte_carlo,alpha_beta,D5000_seed0_monte_carlo_vs_alpha_beta_0,5000,0,second,ended_with_n,15,first,monte_carlo,る,あいてどる,るいせき,る,き,き,0.023093,False,0.7,,,,,,しゆうず -> ずじよう -> うずめる -> るみのおる -> るいけい -> いからせる -> るぽ -> ぽおたぶる -> るり -> りある -> るぽるたあじゆ -> ゆきわたる -> るああ -> あいてどる -> るいせき
monte_carlo vs alpha_beta,monte_carlo,alpha_beta,D5000_seed0_monte_carlo_vs_alpha_beta_0,5000,0,second,ended_with_n,16,second,alpha_beta,き,るいせき,きかせる,き,る,る,0.336339,False,682.0,4,4,True,425,20,しゆうず -> ずじよう -> うずめる -> るみのおる -> るいけい -> いからせる -> るぽ -> ぽおたぶる -> るり -> りある -> るぽるたあじゆ -> ゆきわたる -> るああ -> あいてどる -> るいせき -> きかせる
monte_carlo vs alpha_beta,monte_carlo,alpha_beta,D5000_seed0_monte_carlo_vs_alpha_beta_0,5000,0,second,ended_with_n,17,first,monte_carlo,る,きかせる,るねさんす,る,す,す,0.014805,False,0.7,,,,,,しゆうず -> ずじよう -> うずめる -> るみのおる -> るいけい -> いからせる -> るぽ -> ぽおたぶる -> るり -> りある -> るぽるたあじゆ -> ゆきわたる -> るああ -> あいてどる -> るいせき -> きかせる -> るねさんす
monte_carlo vs alpha_beta,monte_carlo,alpha_beta,D5000_seed0_monte_carlo_vs_alpha_beta_0,5000,0,second,ended_with_n,18,second,alpha_beta,す,るねさんす,すくうる,す,る,る,0.144932,False,1007.0,4,4,True,167,20,しゆうず -> ずじよう -> うずめる -> るみのおる -> るいけい -> いからせる -> るぽ -> ぽおたぶる -> るり -> りある -> るぽるたあじゆ -> ゆきわたる -> るああ -> あいてどる -> るいせき -> きかせる -> るねさんす -> すくうる
monte_carlo vs alpha_beta,monte_carlo,alpha_beta,D5000_seed0_monte_carlo_vs_alpha_beta_0,5000,0,second,ended_with_n,19,first,monte_carlo,る,すくうる,るいすい,る,い,い,0.006184,False,0.4,,,,,,しゆうず -> ずじよう -> うずめる -> るみのおる -> るいけい -> いからせる -> るぽ -> ぽおたぶる -> るり -> りある -> るぽるたあじゆ -> ゆきわたる -> るああ -> あいてどる -> るいせき -> きかせる -> るねさんす -> すくうる -> るいすい
monte_carlo vs alpha_beta,monte_carlo,alpha_beta,D5000_seed0_monte_carlo_vs_alpha_beta_0,5000,0,second,ended_with_n,20,second,alpha_beta,い,るいすい,いきる,い,る,る,0.035093,False,1000000.0,4,4,True,58,20,しゆうず -> ずじよう -> うずめる -> るみのおる -> るいけい -> いからせる -> るぽ -> ぽおたぶる -> るり -> りある -> るぽるたあじゆ -> ゆきわたる -> るああ -> あいてどる -> るいせき -> きかせる -> るねさんす -> すくうる -> るいすい -> いきる
monte_carlo vs alpha_beta,monte_carlo,alpha_beta,D5000_seed0_monte_carlo_vs_alpha_beta_0,5000,0,second,ended_with_n,21,first,monte_carlo,る,いきる,るうきい,る,い,い,0.001815,False,0.5,,,,,,しゆうず -> ずじよう -> うずめる -> るみのおる -> るいけい -> いからせる -> るぽ -> ぽおたぶる -> るり -> りある -> るぽるたあじゆ -> ゆきわたる -> るああ -> あいてどる -> るいせき -> きかせる -> るねさんす -> すくうる -> るいすい -> いきる -> るうきい
monte_carlo vs alpha_beta,monte_carlo,alpha_beta,D5000_seed0_monte_carlo_vs_alpha_beta_0,5000,0,second,ended_with_n,22,second,alpha_beta,い,るうきい,いこおる,い,る,る,0.005136,False,1000000.0,4,4,True,33,20,しゆうず -> ずじよう -> うずめる -> るみのおる -> るいけい -> いからせる -> るぽ -> ぽおたぶる -> るり -> りある -> るぽるたあじゆ -> ゆきわたる -> るああ -> あいてどる -> るいせき -> きかせる -> るねさんす -> すくうる -> るいすい -> いきる -> るうきい -> いこおる
monte_carlo vs alpha_beta,monte_carlo,alpha_beta,D5000_seed0_monte_carlo_vs_alpha_beta_0,5000,0,second,ended_with_n,23,first,monte_carlo,る,いこおる,るうちん,る,ん,,7e-06,False,0.0,,,,,,しゆうず -> ずじよう -> うずめる -> るみのおる -> るいけい -> いからせる -> るぽ -> ぽおたぶる -> るり -> りある -> るぽるたあじゆ -> ゆきわたる -> るああ -> あいてどる -> るいせき -> きかせる -> るねさんす -> すくうる -> るいすい -> いきる -> るうきい -> いこおる -> るうちん
alpha_beta vs random,alpha_beta,random,D5000_seed0_alpha_beta_vs_random_0,5000,0,first,ended_with_n,1,first,alpha_beta,ANY,,おぺ,お,ぺ,ぺ,0.85939,False,-156.0,4,4,True,609,20,おぺ
alpha_beta vs random,alpha_beta,random,D5000_seed0_alpha_beta_vs_random_0,5000,0,first,ended_with_n,2,second,random,ぺ,おぺ,ぺえじ,ぺ,じ,じ,6e-06,False,0.0,,,,,,おぺ -> ぺえじ
alpha_beta vs random,alpha_beta,random,D5000_seed0_alpha_beta_vs_random_0,5000,0,first,ended_with_n,3,first,alpha_beta,じ,ぺえじ,じむ,じ,む,む,1.310696,False,-156.0,4,4,True,529,20,おぺ -> ぺえじ -> じむ
alpha_beta vs random,alpha_beta,random,D5000_seed0_alpha_beta_vs_random_0,5000,0,first,ended_with_n,4,second,random,む,じむ,むぼう,む,う,う,8e-06,False,0.0,,,,,,おぺ -> ぺえじ -> じむ -> むぼう
alpha_beta vs random,alpha_beta,random,D5000_seed0_alpha_beta_vs_random_0,5000,0,first,ended_with_n,5,first,alpha_beta,う,むぼう,うでぢから,う,ら,ら,1.055531,False,-156.0,4,4,True,449,20,おぺ -> ぺえじ -> じむ -> むぼう -> うでぢから
alpha_beta vs random,alpha_beta,random,D5000_seed0_alpha_beta_vs_random_0,5000,0,first,ended_with_n,6,second,random,ら,うでぢから,らすとすぱあと,ら,と,と,7e-06,False,0.0,,,,,,おぺ -> ぺえじ -> じむ -> むぼう -> うでぢから -> らすとすぱあと
alpha_beta vs random,alpha_beta,random,D5000_seed0_alpha_beta_vs_random_0,5000,0,first,ended_with_n,7,first,alpha_beta,と,らすとすぱあと,とりつぷ,と,ぷ,ぷ,0.662418,False,-156.0,4,4,True,313,20,おぺ -> ぺえじ -> じむ -> むぼう -> うでぢから -> らすとすぱあと -> とりつぷ
alpha_beta vs random,alpha_beta,random,D5000_seed0_alpha_beta_vs_random_0,5000,0,first,ended_with_n,8,second,random,ぷ,とりつぷ,ぷれみあむ,ぷ,む,む,6e-06,False,0.0,,,,,,おぺ -> ぺえじ -> じむ -> むぼう -> うでぢから -> らすとすぱあと -> とりつぷ -> ぷれみあむ
alpha_beta vs random,alpha_beta,random,D5000_seed0_alpha_beta_vs_random_0,5000,0,first,ended_with_n,9,first,alpha_beta,む,ぷれみあむ,むやみに,む,に,に,2.000013,True,-121.0,4,3,True,514,15,おぺ -> ぺえじ -> じむ -> むぼう -> うでぢから -> らすとすぱあと -> とりつぷ -> ぷれみあむ -> むやみに
alpha_beta vs random,alpha_beta,random,D5000_seed0_alpha_beta_vs_random_0,5000,0,first,ended_with_n,10,second,random,に,むやみに,にげる,に,る,る,1.7e-05,False,0.0,,,,,,おぺ -> ぺえじ -> じむ -> むぼう -> うでぢから -> らすとすぱあと -> とりつぷ -> ぷれみあむ -> むやみに -> にげる
alpha_beta vs random,alpha_beta,random,D5000_seed0_alpha_beta_vs_random_0,5000,0,first,ended_with_n,11,first,alpha_beta,る,にげる,るみのおる,る,る,る,0.214446,False,193.0,3,3,True,16,12,おぺ -> ぺえじ -> じむ -> むぼう -> うでぢから -> らすとすぱあと -> とりつぷ -> ぷれみあむ -> むやみに -> にげる -> るみのおる
alpha_beta vs random,alpha_beta,random,D5000_seed0_alpha_beta_vs_random_0,5000,0,first,ended_with_n,12,second,random,る,るみのおる,るり,る,り,り,1.1e-05,False,0.0,,,,,,おぺ -> ぺえじ -> じむ -> むぼう -> うでぢから -> らすとすぱあと -> とりつぷ -> ぷれみあむ -> むやみに -> にげる -> るみのおる -> るり
alpha_beta vs random,alpha_beta,random,D5000_seed0_alpha_beta_vs_random_0,5000,0,first,ended_with_n,13,first,alpha_beta,り,るり,りある,り,る,る,0.363443,False,201.0,3,3,True,24,20,おぺ -> ぺえじ -> じむ -> むぼう -> うでぢから -> らすとすぱあと -> とりつぷ -> ぷれみあむ -> むやみに -> にげる -> るみのおる -> るり -> りある
alpha_beta vs random,alpha_beta,random,D5000_seed0_alpha_beta_vs_random_0,5000,0,first,ended_with_n,14,second,random,る,りある,るああ,る,あ,あ,8e-06,False,0.0,,,,,,おぺ -> ぺえじ -> じむ -> むぼう -> うでぢから -> らすとすぱあと -> とりつぷ -> ぷれみあむ -> むやみに -> にげる -> るみのおる -> るり -> りある -> るああ
alpha_beta vs random,alpha_beta,random,D5000_seed0_alpha_beta_vs_random_0,5000,0,first,ended_with_n,15,first,alpha_beta,あ,るああ,あいてどる,あ,る,る,0.713309,False,209.0,3,4,True,23,20,おぺ -> ぺえじ -> じむ -> むぼう -> うでぢから -> らすとすぱあと -> とりつぷ -> ぷれみあむ -> むやみに -> にげる -> るみのおる -> るり -> りある -> るああ -> あいてどる
alpha_beta vs random,alpha_beta,random,D5000_seed0_alpha_beta_vs_random_0,5000,0,first,ended_with_n,16,second,random,る,あいてどる,るうきい,る,い,い,7e-06,False,0.0,,,,,,おぺ -> ぺえじ -> じむ -> むぼう -> うでぢから -> らすとすぱあと -> とりつぷ -> ぷれみあむ -> むやみに -> にげる -> るみのおる -> るり -> りある -> るああ -> あいてどる -> るうきい
alpha_beta vs random,alpha_beta,random,D5000_seed0_alpha_beta_vs_random_0,5000,0,first,ended_with_n,17,first,alpha_beta,い,るうきい,いからせる,い,る,る,0.435007,False,-29.0,4,4,True,367,20,おぺ -> ぺえじ -> じむ -> むぼう -> うでぢから -> らすとすぱあと -> とりつぷ -> ぷれみあむ -> むやみに -> にげる -> るみのおる -> るり -> りある -> るああ -> あいてどる -> るうきい -> いからせる
alpha_beta vs random,alpha_beta,random,D5000_seed0_alpha_beta_vs_random_0,5000,0,first,ended_with_n,18,second,random,る,いからせる,るぽるたあじゆ,る,ゆ,ゆ,6e-06,False,0.0,,,,,,おぺ -> ぺえじ -> じむ -> むぼう -> うでぢから -> らすとすぱあと -> とりつぷ -> ぷれみあむ -> むやみに -> にげる -> るみのおる -> るり -> りある -> るああ -> あいてどる -> るうきい -> いからせる -> るぽるたあじゆ
alpha_beta vs random,alpha_beta,random,D5000_seed0_alpha_beta_vs_random_0,5000,0,first,ended_with_n,19,first,alpha_beta,ゆ,るぽるたあじゆ,ゆきわたる,ゆ,る,る,0.232357,False,-6.0,4,4,True,211,20,おぺ -> ぺえじ -> じむ -> むぼう -> うでぢから -> らすとすぱあと -> とりつぷ -> ぷれみあむ -> むやみに -> にげる -> るみのおる -> るり -> りある -> るああ -> あいてどる -> るうきい -> いからせる -> るぽるたあじゆ -> ゆきわたる
alpha_beta vs random,alpha_beta,random,D5000_seed0_alpha_beta_vs_random_0,5000,0,first,ended_with_n,20,second,random,る,ゆきわたる,るいけい,る,い,い,4e-06,False,0.0,,,,,,おぺ -> ぺえじ -> じむ -> むぼう -> うでぢから -> らすとすぱあと -> とりつぷ -> ぷれみあむ -> むやみに -> にげる -> るみのおる -> るり -> りある -> るああ -> あいてどる -> るうきい -> いからせる -> るぽるたあじゆ -> ゆきわたる -> るいけい
alpha_beta vs random,alpha_beta,random,D5000_seed0_alpha_beta_vs_random_0,5000,0,first,ended_with_n,21,first,alpha_beta,い,るいけい,いきる,い,る,る,0.266537,False,17.0,4,4,True,319,20,おぺ -> ぺえじ -> じむ -> むぼう -> うでぢから -> らすとすぱあと -> とりつぷ -> ぷれみあむ -> むやみに -> にげる -> るみのおる -> るり -> りある -> るああ -> あいてどる -> るうきい -> いからせる -> るぽるたあじゆ -> ゆきわたる -> るいけい -> いきる
alpha_beta vs random,alpha_beta,random,D5000_seed0_alpha_beta_vs_random_0,5000,0,first,ended_with_n,22,second,random,る,いきる,るぽ,る,ぽ,ぽ,6e-06,False,0.0,,,,,,おぺ -> ぺえじ -> じむ -> むぼう -> うでぢから -> らすとすぱあと -> とりつぷ -> ぷれみあむ -> むやみに -> にげる -> るみのおる -> るり -> りある -> るああ -> あいてどる -> るうきい -> いからせる -> るぽるたあじゆ -> ゆきわたる -> るいけい -> いきる -> るぽ
alpha_beta vs random,alpha_beta,random,D5000_seed0_alpha_beta_vs_random_0,5000,0,first,ended_with_n,23,first,alpha_beta,ぽ,るぽ,ぽおたぶる,ぽ,る,る,0.132055,False,682.0,4,4,True,115,11,おぺ -> ぺえじ -> じむ -> むぼう -> うでぢから -> らすとすぱあと -> とりつぷ -> ぷれみあむ -> むやみに -> にげる -> るみのおる -> るり -> りある -> るああ -> あいてどる -> るうきい -> いからせる -> るぽるたあじゆ -> ゆきわたる -> るいけい -> いきる -> るぽ -> ぽおたぶる
alpha_beta vs random,alpha_beta,random,D5000_seed0_alpha_beta_vs_random_0,5000,0,first,ended_with_n,24,second,random,る,ぽおたぶる,るいせき,る,き,き,6e-06,False,0.0,,,,,,おぺ -> ぺえじ -> じむ -> むぼう -> うでぢから -> らすとすぱあと -> とりつぷ -> ぷれみあむ -> むやみに -> にげる -> るみのおる -> るり -> りある -> るああ -> あいてどる -> るうきい -> いからせる -> るぽるたあじゆ -> ゆきわたる -> るいけい -> いきる -> るぽ -> ぽおたぶる -> るいせき
alpha_beta vs random,alpha_beta,random,D5000_seed0_alpha_beta_vs_random_0,5000,0,first,ended_with_n,25,first,alpha_beta,き,るいせき,きかせる,き,る,る,0.311392,False,705.0,4,4,True,416,20,おぺ -> ぺえじ -> じむ -> むぼう -> うでぢから -> らすとすぱあと -> とりつぷ -> ぷれみあむ -> むやみに -> にげる -> るみのおる -> るり -> りある -> るああ -> あいてどる -> るうきい -> いからせる -> るぽるたあじゆ -> ゆきわたる -> るいけい -> いきる -> るぽ -> ぽおたぶる -> るいせき -> きかせる
alpha_beta vs random,alpha_beta,random,D5000_seed0_alpha_beta_vs_random_0,5000,0,first,ended_with_n,26,second,random,る,きかせる,るねさんす,る,す,す,6e-06,False,0.0,,,,,,おぺ -> ぺえじ -> じむ -> むぼう -> うでぢから -> らすとすぱあと -> とりつぷ -> ぷれみあむ -> むやみに -> にげる -> るみのおる -> るり -> りある -> るああ -> あいてどる -> るうきい -> いからせる -> るぽるたあじゆ -> ゆきわたる -> るいけい -> いきる -> るぽ -> ぽおたぶる -> るいせき -> きかせる -> るねさんす
alpha_beta vs random,alpha_beta,random,D5000_seed0_alpha_beta_vs_random_0,5000,0,first,ended_with_n,27,first,alpha_beta,す,るねさんす,すくうる,す,る,る,0.034422,False,1000000.0,4,4,True,58,20,おぺ -> ぺえじ -> じむ -> むぼう -> うでぢから -> らすとすぱあと -> とりつぷ -> ぷれみあむ -> むやみに -> にげる -> るみのおる -> るり -> りある -> るああ -> あいてどる -> るうきい -> いからせる -> るぽるたあじゆ -> ゆきわたる -> るいけい -> いきる -> るぽ -> ぽおたぶる -> るいせき -> きかせる -> るねさんす -> すくうる
alpha_beta vs random,alpha_beta,random,D5000_seed0_alpha_beta_vs_random_0,5000,0,first,ended_with_n,28,second,random,る,すくうる,るいすい,る,い,い,4e-06,False,0.0,,,,,,おぺ -> ぺえじ -> じむ -> むぼう -> うでぢから -> らすとすぱあと -> とりつぷ -> ぷれみあむ -> むやみに -> にげる -> るみのおる -> るり -> りある -> るああ -> あいてどる -> るうきい -> いからせる -> るぽるたあじゆ -> ゆきわたる -> るいけい -> いきる -> るぽ -> ぽおたぶる -> るいせき -> きかせる -> るねさんす -> すくうる -> るいすい
alpha_beta vs random,alpha_beta,random,D5000_seed0_alpha_beta_vs_random_0,5000,0,first,ended_with_n,29,first,alpha_beta,い,るいすい,いこおる,い,る,る,0.005245,False,1000000.0,4,4,True,33,20,おぺ -> ぺえじ -> じむ -> むぼう -> うでぢから -> らすとすぱあと -> とりつぷ -> ぷれみあむ -> むやみに -> にげる -> るみのおる -> るり -> りある -> るああ -> あいてどる -> るうきい -> いからせる -> るぽるたあじゆ -> ゆきわたる -> るいけい -> いきる -> るぽ -> ぽおたぶる -> るいせき -> きかせる -> るねさんす -> すくうる -> るいすい -> いこおる
alpha_beta vs random,alpha_beta,random,D5000_seed0_alpha_beta_vs_random_0,5000,0,first,ended_with_n,30,second,random,る,いこおる,るうちん,る,ん,,2e-06,False,0.0,,,,,,おぺ -> ぺえじ -> じむ -> むぼう -> うでぢから -> らすとすぱあと -> とりつぷ -> ぷれみあむ -> むやみに -> にげる -> るみのおる -> るり -> りある -> るああ -> あいてどる -> るうきい -> いからせる -> るぽるたあじゆ -> ゆきわたる -> るいけい -> いきる -> るぽ -> ぽおたぶる -> るいせき -> きかせる -> るねさんす -> すくうる -> るいすい -> いこおる -> るうちん
alpha_beta vs greedy,alpha_beta,greedy,D5000_seed0_alpha_beta_vs_greedy_0,5000,0,first,ended_with_n,1,first,alpha_beta,ANY,,おぺ,お,ぺ,ぺ,0.717535,False,-156.0,4,4,True,609,20,おぺ
alpha_beta vs greedy,alpha_beta,greedy,D5000_seed0_alpha_beta_vs_greedy_0,5000,0,first,ended_with_n,2,second,greedy,ぺ,おぺ,ぺるう,ぺ,う,う,7.4e-05,False,-1929.5,,,,,8,おぺ -> ぺるう
alpha_beta vs greedy,alpha_beta,greedy,D5000_seed0_alpha_beta_vs_greedy_0,5000,0,first,ended_with_n,3,first,alpha_beta,う,ぺるう,うでぢから,う,ら,ら,1.149386,False,-156.0,4,4,True,449,20,おぺ -> ぺるう -> うでぢから
alpha_beta vs greedy,alpha_beta,greedy,D5000_seed0_alpha_beta_vs_greedy_0,5000,0,first,ended_with_n,4,second,greedy,ら,うでぢから,らいはる,ら,る,る,0.000297,False,-255.0,,,,,25,おぺ -> ぺるう -> うでぢから -> らいはる
alpha_beta vs greedy,alpha_beta,greedy,D5000_seed0_alpha_beta_vs_greedy_0,5000,0,first,ended_with_n,5,first,alpha_beta,る,らいはる,るみのおる,る,る,る,0.313919,False,-98.0,4,4,True,140,12,おぺ -> ぺるう -> うでぢから -> らいはる -> るみのおる
alpha_beta vs greedy,alpha_beta,greedy,D5000_seed0_alpha_beta_vs_greedy_0,5000,0,first,ended_with_n,6,second,greedy,る,るみのおる,るぽ,る,ぽ,ぽ,0.000131,False,-253.0,,,,,11,おぺ -> ぺるう -> うでぢから -> らいはる -> るみのおる -> るぽ
alpha_beta vs greedy,alpha_beta,greedy,D5000_seed0_alpha_beta_vs_greedy_0,5000,0,first,ended_with_n,7,first,alpha_beta,ぽ,るぽ,ぽおたぶる,ぽ,る,る,0.295035,False,215.0,4,4,True,165,11,おぺ -> ぺるう -> うでぢから -> らいはる -> るみのおる -> るぽ -> ぽおたぶる
alpha_beta vs greedy,alpha_beta,greedy,D5000_seed0_alpha_beta_vs_greedy_0,5000,0,first,ended_with_n,8,second,greedy,る,ぽおたぶる,るぽるたあじゆ,る,ゆ,ゆ,0.00013,False,-1141.5,,,,,10,おぺ -> ぺるう -> うでぢから -> らいはる -> るみのおる -> るぽ -> ぽおたぶる -> るぽるたあじゆ
alpha_beta vs greedy,alpha_beta,greedy,D5000_seed0_alpha_beta_vs_greedy_0,5000,0,first,ended_with_n,9,first,alpha_beta,ゆ,るぽるたあじゆ,ゆきわたる,ゆ,る,る,0.368806,False,444.0,4,4,True,243,20,おぺ -> ぺるう -> うでぢから -> らいはる -> るみのおる -> るぽ -> ぽおたぶる -> るぽるたあじゆ -> ゆきわたる
alpha_beta vs greedy,alpha_beta,greedy,D5000_seed0_alpha_beta_vs_greedy_0,5000,0,first,ended_with_n,10,second,greedy,る,ゆきわたる,るり,る,り,り,0.000104,False,-1825.0,,,,,9,おぺ -> ぺるう -> うでぢから -> らいはる -> るみのおる -> るぽ -> ぽおたぶる -> るぽるたあじゆ -> ゆきわたる -> るり
alpha_beta vs greedy,alpha_beta,greedy,D5000_seed0_alpha_beta_vs_greedy_0,5000,0,first,ended_with_n,11,first,alpha_beta,り,るり,りある,り,る,る,0.32322,False,613.0,4,4,True,241,20,おぺ -> ぺるう -> うでぢから -> らいはる -> るみのおる -> るぽ -> ぽおたぶる -> るぽるたあじゆ -> ゆきわたる -> るり -> りある
alpha_beta vs greedy,alpha_beta,greedy,D5000_seed0_alpha_beta_vs_greedy_0,5000,0,first,ended_with_n,12,second,greedy,る,りある,るねさんす,る,す,す,9.7e-05,False,-2226.5,,,,,8,おぺ -> ぺるう -> うでぢから -> らいはる -> るみのおる -> るぽ -> ぽおたぶる -> るぽるたあじゆ -> ゆきわたる -> るり -> りある -> るねさんす
alpha_beta vs greedy,alpha_beta,greedy,D5000_seed0_alpha_beta_vs_greedy_0,5000,0,first,ended_with_n,13,first,alpha_beta,す,るねさんす,すくうる,す,る,る,0.266069,False,946.0,4,4,True,212,20,おぺ -> ぺるう -> うでぢから -> らいはる -> るみのおる -> るぽ -> ぽおたぶる -> るぽるたあじゆ -> ゆきわたる -> るり -> りある -> るねさんす -> すくうる
alpha_beta vs greedy,alpha_beta,greedy,D5000_seed0_alpha_beta_vs_greedy_0,5000,0,first,ended_with_n,14,second,greedy,る,すくうる,るいすい,る,い,い,8.6e-05,False,-3451.0,,,,,7,おぺ -> ぺるう -> うでぢから -> らいはる -> るみのおる -> るぽ -> ぽおたぶる -> るぽるたあじゆ -> ゆきわたる -> るり -> りある -> るねさんす -> すくうる -> るいすい
alpha_beta vs greedy,alpha_beta,greedy,D5000_seed0_alpha_beta_vs_greedy_0,5000,0,first,ended_with_n,15,first,alpha_beta,い,るいすい,いからせる,い,る,る,0.287011,False,961.0,4,4,True,256,20,おぺ -> ぺるう -> うでぢから -> らいはる -> るみのおる -> るぽ -> ぽおたぶる -> るぽるたあじゆ -> ゆきわたる -> るり -> りある -> るねさんす -> すくうる -> るいすい -> いからせる
alpha_beta vs greedy,alpha_beta,greedy,D5000_seed0_alpha_beta_vs_greedy_0,5000,0,first,ended_with_n,16,second,greedy,る,いからせる,るうきい,る,い,い,8.2e-05,False,-3428.0,,,,,6,おぺ -> ぺるう -> うでぢから -> らいはる -> るみのおる -> るぽ -> ぽおたぶる -> るぽるたあじゆ -> ゆきわたる -> るり -> りある -> るねさんす -> すくうる -> るいすい -> いからせる -> るうきい
alpha_beta vs greedy,alpha_beta,greedy,D5000_seed0_alpha_beta_vs_greedy_0,5000,0,first,ended_with_n,17,first,alpha_beta,い,るうきい,いきる,い,る,る,0.360246,False,984.0,4,4,True,379,20,おぺ -> ぺるう -> うでぢから -> らいはる -> るみのおる -> るぽ -> ぽおたぶる -> るぽるたあじゆ -> ゆきわたる -> るり -> りある -> るねさんす -> すくうる -> るいすい -> いからせる -> るうきい -> いきる
alpha_beta vs greedy,alpha_beta,greedy,D5000_seed0_alpha_beta_vs_greedy_0,5000,0,first,ended_with_n,18,second,greedy,る,いきる,るいけい,る,い,い,5.3e-05,False,-3405.0,,,,,5,おぺ -> ぺるう -> うでぢから -> らいはる -> るみのおる -> るぽ -> ぽおたぶる -> るぽるたあじゆ -> ゆきわたる -> るり -> りある -> るねさんす -> すくうる -> るいすい -> いからせる -> るうきい -> いきる -> るいけい
alpha_beta vs greedy,alpha_beta,greedy,D5000_seed0_alpha_beta_vs_greedy_0,5000,0,first,ended_with_n,19,first,alpha_beta,い,るいけい,いこおる,い,る,る,0.389474,False,1037.0,4,4,True,330,20,おぺ -> ぺるう -> うでぢから -> らいはる -> るみのおる -> るぽ -> ぽおたぶる -> るぽるたあじゆ -> ゆきわたる -> るり -> りある -> るねさんす -> すくうる -> るいすい -> いからせる -> るうきい -> いきる -> るいけい -> いこおる
alpha_beta vs greedy,alpha_beta,greedy,D5000_seed0_alpha_beta_vs_greedy_0,5000,0,first,ended_with_n,20,second,greedy,る,いこおる,るいせき,る,き,き,3.6e-05,False,-3509.5,,,,,4,おぺ -> ぺるう -> うでぢから -> らいはる -> るみのおる -> るぽ -> ぽおたぶる -> るぽるたあじゆ -> ゆきわたる -> るり -> りある -> るねさんす -> すくうる -> るいすい -> いからせる -> るうきい -> いきる -> るいけい -> いこおる -> るいせき
alpha_beta vs greedy,alpha_beta,greedy,D5000_seed0_alpha_beta_vs_greedy_0,5000,0,first,ended_with_n,21,first,alpha_beta,き,るいせき,きかせる,き,る,る,0.034902,False,1000000.0,4,4,True,58,20,おぺ -> ぺるう -> うでぢから -> らいはる -> るみのおる -> るぽ -> ぽおたぶる -> るぽるたあじゆ -> ゆきわたる -> るり -> りある -> るねさんす -> すくうる -> るいすい -> いからせる -> るうきい -> いきる -> るいけい -> いこおる -> るいせき -> きかせる
alpha_beta vs greedy,alpha_beta,greedy,D5000_seed0_alpha_beta_vs_greedy_0,5000,0,first,ended_with_n,22,second,greedy,る,きかせる,るああ,る,あ,あ,2e-05,False,-3564.5,,,,,3,おぺ -> ぺるう -> うでぢから -> らいはる -> るみのおる -> るぽ -> ぽおたぶる -> るぽるたあじゆ -> ゆきわたる -> るり -> りある -> るねさんす -> すくうる -> るいすい -> いからせる -> るうきい -> いきる -> るいけい -> いこおる -> るいせき -> きかせる -> るああ
alpha_beta vs greedy,alpha_beta,greedy,D5000_seed0_alpha_beta_vs_greedy_0,5000,0,first,ended_with_n,23,first,alpha_beta,あ,るああ,あいてどる,あ,る,る,0.001573,False,1000000.0,4,4,True,19,20,おぺ -> ぺるう -> うでぢから -> らいはる -> るみのおる -> るぽ -> ぽおたぶる -> るぽるたあじゆ -> ゆきわたる -> るり -> りある -> るねさんす -> すくうる -> るいすい -> いからせる -> るうきい -> いきる -> るいけい -> いこおる -> るいせき -> きかせる -> るああ -> あいてどる
alpha_beta vs greedy,alpha_beta,greedy,D5000_seed0_alpha_beta_vs_greedy_0,5000,0,first,ended_with_n,24,second,greedy,る,あいてどる,るうていん,る,ん,,2e-06,False,-1000000.0,,,,,2,おぺ -> ぺるう -> うでぢから -> らいはる -> るみのおる -> るぽ -> ぽおたぶる -> るぽるたあじゆ -> ゆきわたる -> るり -> りある -> るねさんす -> すくうる -> るいすい -> いからせる -> るうきい -> いきる -> るいけい -> いこおる -> るいせき -> きかせる -> るああ -> あいてどる -> るうていん
alpha_beta vs minimax,alpha_beta,minimax,D5000_seed0_alpha_beta_vs_minimax_0,5000,0,first,ended_with_n,1,first,alpha_beta,ANY,,おぺ,お,ぺ,ぺ,0.680288,False,-156.0,4,4,True,609,20,おぺ
alpha_beta vs minimax,alpha_beta,minimax,D5000_seed0_alpha_beta_vs_minimax_0,5000,0,first,ended_with_n,2,second,minimax,ぺ,おぺ,ぺなんと,ぺ,と,と,0.996546,False,156.0,3,3,True,,8,おぺ -> ぺなんと
alpha_beta vs minimax,alpha_beta,minimax,D5000_seed0_alpha_beta_vs_minimax_0,5000,0,first,ended_with_n,3,first,alpha_beta,と,ぺなんと,とりつぷ,と,ぷ,ぷ,0.698715,False,-156.0,4,4,True,313,20,おぺ -> ぺなんと -> とりつぷ
alpha_beta vs minimax,alpha_beta,minimax,D5000_seed0_alpha_beta_vs_minimax_0,5000,0,first,ended_with_n,4,second,minimax,ぷ,とりつぷ,ぷりずむ,ぷ,む,む,2.000032,True,156.0,3,2,True,,13,おぺ -> ぺなんと -> とりつぷ -> ぷりずむ
alpha_beta vs minimax,alpha_beta,minimax,D5000_seed0_alpha_beta_vs_minimax_0,5000,0,first,ended_with_n,5,first,alpha_beta,む,ぷりずむ,むね,む,ね,ね,1.988667,False,-156.0,4,4,True,646,20,おぺ -> ぺなんと -> とりつぷ -> ぷりずむ -> むね
alpha_beta vs minimax,alpha_beta,minimax,D5000_seed0_alpha_beta_vs_minimax_0,5000,0,first,ended_with_n,6,second,minimax,ね,むね,ねんざ,ね,ざ,ざ,0.192874,False,-156.0,2,2,True,,20,おぺ -> ぺなんと -> とりつぷ -> ぷりずむ -> むね -> ねんざ
alpha_beta vs minimax,alpha_beta,minimax,D5000_seed0_alpha_beta_vs_minimax_0,5000,0,first,ended_with_n,7,first,alpha_beta,ざ,ねんざ,ざらざら,ざ,ら,ら,1.399472,False,-156.0,4,4,True,413,20,おぺ -> ぺなんと -> とりつぷ -> ぷりずむ -> むね -> ねんざ -> ざらざら
alpha_beta vs minimax,alpha_beta,minimax,D5000_seed0_alpha_beta_vs_minimax_0,5000,0,first,ended_with_n,8,second,minimax,ら,ざらざら,らぼ,ら,ぼ,ぼ,0.167284,False,-73.0,2,2,True,,20,おぺ -> ぺなんと -> とりつぷ -> ぷりずむ -> むね -> ねんざ -> ざらざら -> らぼ
alpha_beta vs minimax,alpha_beta,minimax,D5000_seed0_alpha_beta_vs_minimax_0,5000,0,first,ended_with_n,9,first,alpha_beta,ぼ,らぼ,ぼくら,ぼ,ら,ら,1.607966,False,-156.0,4,4,True,567,20,おぺ -> ぺなんと -> とりつぷ -> ぷりずむ -> むね -> ねんざ -> ざらざら -> らぼ -> ぼくら
alpha_beta vs minimax,alpha_beta,minimax,D5000_seed0_alpha_beta_vs_minimax_0,5000,0,first,ended_with_n,10,second,minimax,ら,ぼくら,らつぷ,ら,ぷ,ぷ,0.147471,False,-156.0,2,3,True,,20,おぺ -> ぺなんと -> とりつぷ -> ぷりずむ -> むね -> ねんざ -> ざらざら -> らぼ -> ぼくら -> らつぷ
alpha_beta vs minimax,alpha_beta,minimax,D5000_seed0_alpha_beta_vs_minimax_0,5000,0,first,ended_with_n,11,first,alpha_beta,ぷ,らつぷ,ぷれみあむ,ぷ,む,む,1.252741,False,-156.0,4,4,True,436,20,おぺ -> ぺなんと -> とりつぷ -> ぷりずむ -> むね -> ねんざ -> ざらざら -> らぼ -> ぼくら -> らつぷ -> ぷれみあむ
alpha_beta vs minimax,alpha_beta,minimax,D5000_seed0_alpha_beta_vs_minimax_0,5000,0,first,ended_with_n,12,second,minimax,む,ぷれみあむ,むらさきいろ,む,ろ,ろ,2.000029,True,156.0,3,2,True,,12,おぺ -> ぺなんと -> とりつぷ -> ぷりずむ -> むね -> ねんざ -> ざらざら -> らぼ -> ぼくら -> らつぷ -> ぷれみあむ -> むらさきいろ
alpha_beta vs minimax,alpha_beta,minimax,D5000_seed0_alpha_beta_vs_minimax_0,5000,0,first,ended_with_n,13,first,alpha_beta,ろ,むらさきいろ,ろせんず,ろ,ず,ず,0.931201,False,-156.0,4,4,True,418,20,おぺ -> ぺなんと -> とりつぷ -> ぷりずむ -> むね -> ねんざ -> ざらざら -> らぼ -> ぼくら -> らつぷ -> ぷれみあむ -> むらさきいろ -> ろせんず
alpha_beta vs minimax,alpha_beta,minimax,D5000_seed0_alpha_beta_vs_minimax_0,5000,0,first,ended_with_n,14,second,minimax,ず,ろせんず,ずるずる,ず,る,る,0.052035,False,-185.0,2,2,True,,10,おぺ -> ぺなんと -> とりつぷ -> ぷりずむ -> むね -> ねんざ -> ざらざら -> らぼ -> ぼくら -> らつぷ -> ぷれみあむ -> むらさきいろ -> ろせんず -> ずるずる
alpha_beta vs minimax,alpha_beta,minimax,D5000_seed0_alpha_beta_vs_minimax_0,5000,0,first,ended_with_n,15,first,alpha_beta,る,ずるずる,るみのおる,る,る,る,0.330828,False,-98.0,4,4,True,134,12,おぺ -> ぺなんと -> とりつぷ -> ぷりずむ -> むね -> ねんざ -> ざらざら -> らぼ -> ぼくら -> らつぷ -> ぷれみあむ -> むらさきいろ -> ろせんず -> ずるずる -> るみのおる
alpha_beta vs minimax,alpha_beta,minimax,D5000_seed0_alpha_beta_vs_minimax_0,5000,0,first,ended_with_n,16,second,minimax,る,るみのおる,るり,る,り,り,0.076518,False,-193.0,2,2,True,,11,おぺ -> ぺなんと -> とりつぷ -> ぷりずむ -> むね -> ねんざ -> ざらざら -> らぼ -> ぼくら -> らつぷ -> ぷれみあむ -> むらさきいろ -> ろせんず -> ずるずる -> るみのおる -> るり
alpha_beta vs minimax,alpha_beta,minimax,D5000_seed0_alpha_beta_vs_minimax_0,5000,0,first,ended_with_n,17,first,alpha_beta,り,るり,りある,り,る,る,0.376861,False,-75.0,4,4,True,249,20,おぺ -> ぺなんと -> とりつぷ -> ぷりずむ -> むね -> ねんざ -> ざらざら -> らぼ -> ぼくら -> らつぷ -> ぷれみあむ -> むらさきいろ -> ろせんず -> ずるずる -> るみのおる -> るり -> りある
alpha_beta vs minimax,alpha_beta,minimax,D5000_seed0_alpha_beta_vs_minimax_0,5000,0,first,ended_with_n,18,second,minimax,る,りある,るぽるたあじゆ,る,ゆ,ゆ,0.055158,False,-318.5,2,3,True,,10,おぺ -> ぺなんと -> とりつぷ -> ぷりずむ -> むね -> ねんざ -> ざらざら -> らぼ -> ぼくら -> らつぷ -> ぷれみあむ -> むらさきいろ -> ろせんず -> ずるずる -> るみのおる -> るり -> りある -> るぽるたあじゆ
alpha_beta vs minimax,alpha_beta,minimax,D5000_seed0_alpha_beta_vs_minimax_0,5000,0,first,ended_with_n,19,first,alpha_beta,ゆ,るぽるたあじゆ,ゆきわたる,ゆ,る,る,0.420069,False,-52.0,4,4,True,332,20,おぺ -> ぺなんと -> とりつぷ -> ぷりずむ -> むね -> ねんざ -> ざらざら -> らぼ -> ぼくら -> らつぷ -> ぷれみあむ -> むらさきいろ -> ろせんず -> ずるずる -> るみのおる -> るり -> りある -> るぽるたあじゆ -> ゆきわたる
alpha_beta vs minimax,alpha_beta,minimax,D5000_seed0_alpha_beta_vs_minimax_0,5000,0,first,ended_with_n,20,second,minimax,る,ゆきわたる,るああ,る,あ,あ,1.218331,False,52.0,3,3,True,,9,おぺ -> ぺなんと -> とりつぷ -> ぷりずむ -> むね -> ねんざ -> ざらざら -> らぼ -> ぼくら -> らつぷ -> ぷれみあむ -> むらさきいろ -> ろせんず -> ずるずる -> るみのおる -> るり -> りある -> るぽるたあじゆ -> ゆきわたる -> るああ
alpha_beta vs minimax,alpha_beta,minimax,D5000_seed0_alpha_beta_vs_minimax_0,5000,0,first,ended_with_n,21,first,alpha_beta,あ,るああ,あいてどる,あ,る,る,0.500062,False,292.0,4,4,True,652,20,おぺ -> ぺなんと -> とりつぷ -> ぷりずむ -> むね -> ねんざ -> ざらざら -> らぼ -> ぼくら -> らつぷ -> ぷれみあむ -> むらさきいろ -> ろせんず -> ずるずる -> るみのおる -> るり -> りある -> るぽるたあじゆ -> ゆきわたる -> るああ -> あいてどる
alpha_beta vs minimax,alpha_beta,minimax,D5000_seed0_alpha_beta_vs_minimax_0,5000,0,first,ended_with_n,22,second,minimax,る,あいてどる,るねさんす,る,す,す,0.958592,False,-292.0,3,3,True,,8,おぺ -> ぺなんと -> とりつぷ -> ぷりずむ -> むね -> ねんざ -> ざらざら -> らぼ -> ぼくら -> らつぷ -> ぷれみあむ -> むらさきいろ -> ろせんず -> ずるずる -> るみのおる -> るり -> りある -> るぽるたあじゆ -> ゆきわたる -> るああ -> あいてどる -> るねさんす
alpha_beta vs minimax,alpha_beta,minimax,D5000_seed0_alpha_beta_vs_minimax_0,5000,0,first,ended_with_n,23,first,alpha_beta,す,るねさんす,すくうる,す,る,る,0.283042,False,315.0,4,4,True,327,20,おぺ -> ぺなんと -> とりつぷ -> ぷりずむ -> むね -> ねんざ -> ざらざら -> らぼ -> ぼくら -> らつぷ -> ぷれみあむ -> むらさきいろ -> ろせんず -> ずるずる -> るみのおる -> るり -> りある -> るぽるたあじゆ -> ゆきわたる -> るああ -> あいてどる -> るねさんす -> すくうる
alpha_beta vs minimax,alpha_beta,minimax,D5000_seed0_alpha_beta_vs_minimax_0,5000,0,first,ended_with_n,24,second,minimax,る,すくうる,るいけい,る,い,い,0.866101,False,-315.0,3,3,True,,7,おぺ -> ぺなんと -> とりつぷ -> ぷりずむ -> むね -> ねんざ -> ざらざら -> らぼ -> ぼくら -> らつぷ -> ぷれみあむ -> むらさきいろ -> ろせんず -> ずるずる -> るみのおる -> るり -> りある -> るぽるたあじゆ -> ゆきわたる -> るああ -> あいてどる -> るねさんす -> すくうる -> るいけい
alpha_beta vs minimax,alpha_beta,minimax,D5000_seed0_alpha_beta_vs_minimax_0,5000,0,first,ended_with_n,25,first,alpha_beta,い,るいけい,いからせる,い,る,る,0.319325,False,338.0,4,4,True,392,20,おぺ -> ぺなんと -> とりつぷ -> ぷりずむ -> むね -> ねんざ -> ざらざら -> らぼ -> ぼくら -> らつぷ -> ぷれみあむ -> むらさきいろ -> ろせんず -> ずるずる -> るみのおる -> るり -> りある -> るぽるたあじゆ -> ゆきわたる -> るああ -> あいてどる -> るねさんす -> すくうる -> るいけい -> いからせる
alpha_beta vs minimax,alpha_beta,minimax,D5000_seed0_alpha_beta_vs_minimax_0,5000,0,first,ended_with_n,26,second,minimax,る,いからせる,るいすい,る,い,い,0.569499,False,-338.0,3,3,True,,6,おぺ -> ぺなんと -> とりつぷ -> ぷりずむ -> むね -> ねんざ -> ざらざら -> らぼ -> ぼくら -> らつぷ -> ぷれみあむ -> むらさきいろ -> ろせんず -> ずるずる -> るみのおる -> るり -> りある -> るぽるたあじゆ -> ゆきわたる -> るああ -> あいてどる -> るねさんす -> すくうる -> るいけい -> いからせる -> るいすい
alpha_beta vs minimax,alpha_beta,minimax,D5000_seed0_alpha_beta_vs_minimax_0,5000,0,first,ended_with_n,27,first,alpha_beta,い,るいすい,いきる,い,る,る,0.241019,False,361.0,4,4,True,348,20,おぺ -> ぺなんと -> とりつぷ -> ぷりずむ -> むね -> ねんざ -> ざらざら -> らぼ -> ぼくら -> らつぷ -> ぷれみあむ -> むらさきいろ -> ろせんず -> ずるずる -> るみのおる -> るり -> りある -> るぽるたあじゆ -> ゆきわたる -> るああ -> あいてどる -> るねさんす -> すくうる -> るいけい -> いからせる -> るいすい -> いきる
alpha_beta vs minimax,alpha_beta,minimax,D5000_seed0_alpha_beta_vs_minimax_0,5000,0,first,ended_with_n,28,second,minimax,る,いきる,るうきい,る,い,い,0.400268,False,-361.0,3,3,True,,5,おぺ -> ぺなんと -> とりつぷ -> ぷりずむ -> むね -> ねんざ -> ざらざら -> らぼ -> ぼくら -> らつぷ -> ぷれみあむ -> むらさきいろ -> ろせんず -> ずるずる -> るみのおる -> るり -> りある -> るぽるたあじゆ -> ゆきわたる -> るああ -> あいてどる -> るねさんす -> すくうる -> るいけい -> いからせる -> るいすい -> いきる -> るうきい
alpha_beta vs minimax,alpha_beta,minimax,D5000_seed0_alpha_beta_vs_minimax_0,5000,0,first,ended_with_n,29,first,alpha_beta,い,るうきい,いこおる,い,る,る,0.187339,False,384.0,4,4,True,302,20,おぺ -> ぺなんと -> とりつぷ -> ぷりずむ -> むね -> ねんざ -> ざらざら -> らぼ -> ぼくら -> らつぷ -> ぷれみあむ -> むらさきいろ -> ろせんず -> ずるずる -> るみのおる -> るり -> りある -> るぽるたあじゆ -> ゆきわたる -> るああ -> あいてどる -> るねさんす -> すくうる -> るいけい -> いからせる -> るいすい -> いきる -> るうきい -> いこおる
alpha_beta vs minimax,alpha_beta,minimax,D5000_seed0_alpha_beta_vs_minimax_0,5000,0,first,ended_with_n,30,second,minimax,る,いこおる,るいせき,る,き,き,0.198088,False,-384.0,3,3,True,,4,おぺ -> ぺなんと -> とりつぷ -> ぷりずむ -> むね -> ねんざ -> ざらざら -> らぼ -> ぼくら -> らつぷ -> ぷれみあむ -> むらさきいろ -> ろせんず -> ずるずる -> るみのおる -> るり -> りある -> るぽるたあじゆ -> ゆきわたる -> るああ -> あいてどる -> るねさんす -> すくうる -> るいけい -> いからせる -> るいすい -> いきる -> るうきい -> いこおる -> るいせき
alpha_beta vs minimax,alpha_beta,minimax,D5000_seed0_alpha_beta_vs_minimax_0,5000,0,first,ended_with_n,31,first,alpha_beta,き,るいせき,きかせる,き,る,る,0.006672,False,1000000.0,4,4,True,58,20,おぺ -> ぺなんと -> とりつぷ -> ぷりずむ -> むね -> ねんざ -> ざらざら -> らぼ -> ぼくら -> らつぷ -> ぷれみあむ -> むらさきいろ -> ろせんず -> ずるずる -> るみのおる -> るり -> りある -> るぽるたあじゆ -> ゆきわたる -> るああ -> あいてどる -> るねさんす -> すくうる -> るいけい -> いからせる -> るいすい -> いきる -> るうきい -> いこおる -> るいせき -> きかせる
alpha_beta vs minimax,alpha_beta,minimax,D5000_seed0_alpha_beta_vs_minimax_0,5000,0,first,ended_with_n,32,second,minimax,る,きかせる,るぽ,る,ぽ,ぽ,0.000106,False,-1000000.0,3,3,True,,3,おぺ -> ぺなんと -> とりつぷ -> ぷりずむ -> むね -> ねんざ -> ざらざら -> らぼ -> ぼくら -> らつぷ -> ぷれみあむ -> むらさきいろ -> ろせんず -> ずるずる -> るみのおる -> るり -> りある -> るぽるたあじゆ -> ゆきわたる -> るああ -> あいてどる -> るねさんす -> すくうる -> るいけい -> いからせる -> るいすい -> いきる -> るうきい -> いこおる -> るいせき -> きかせる -> るぽ
alpha_beta vs minimax,alpha_beta,minimax,D5000_seed0_alpha_beta_vs_minimax_0,5000,0,first,ended_with_n,33,first,alpha_beta,ぽ,るぽ,ぽおたぶる,ぽ,る,る,0.008918,False,1000000.0,4,4,True,19,11,おぺ -> ぺなんと -> とりつぷ -> ぷりずむ -> むね -> ねんざ -> ざらざら -> らぼ -> ぼくら -> らつぷ -> ぷれみあむ -> むらさきいろ -> ろせんず -> ずるずる -> るみのおる -> るり -> りある -> るぽるたあじゆ -> ゆきわたる -> るああ -> あいてどる -> るねさんす -> すくうる -> るいけい -> いからせる -> るいすい -> いきる -> るうきい -> いこおる -> るいせき -> きかせる -> るぽ -> ぽおたぶる
alpha_beta vs minimax,alpha_beta,minimax,D5000_seed0_alpha_beta_vs_minimax_0,5000,0,first,ended_with_n,34,second,minimax,る,ぽおたぶる,るうちん,る,ん,,3e-06,False,-1000000.0,3,3,True,,2,おぺ -> ぺなんと -> とりつぷ -> ぷりずむ -> むね -> ねんざ -> ざらざら -> らぼ -> ぼくら -> らつぷ -> ぷれみあむ -> むらさきいろ -> ろせんず -> ずるずる -> るみのおる -> るり -> りある -> るぽるたあじゆ -> ゆきわたる -> るああ -> あいてどる -> るねさんす -> すくうる -> るいけい -> いからせる -> るいすい -> いきる -> るうきい -> いこおる -> るいせき -> きかせる -> るぽ -> ぽおたぶる -> るうちん
alpha_beta vs monte_carlo,alpha_beta,monte_carlo,D5000_seed0_alpha_beta_vs_monte_carlo_0,5000,0,first,ended_with_n,1,first,alpha_beta,ANY,,おぺ,お,ぺ,ぺ,0.63114,False,-156.0,4,4,True,609,20,おぺ
alpha_beta vs monte_carlo,alpha_beta,monte_carlo,D5000_seed0_alpha_beta_vs_monte_carlo_0,5000,0,first,ended_with_n,2,second,monte_carlo,ぺ,おぺ,ぺえじ,ぺ,じ,じ,0.071848,False,0.9099999999999999,,,,,,おぺ -> ぺえじ
alpha_beta vs monte_carlo,alpha_beta,monte_carlo,D5000_seed0_alpha_beta_vs_monte_carlo_0,5000,0,first,ended_with_n,3,first,alpha_beta,じ,ぺえじ,じむ,じ,む,む,1.347346,False,-156.0,4,4,True,529,20,おぺ -> ぺえじ -> じむ
alpha_beta vs monte_carlo,alpha_beta,monte_carlo,D5000_seed0_alpha_beta_vs_monte_carlo_0,5000,0,first,ended_with_n,4,second,monte_carlo,む,じむ,むくわれる,む,る,る,0.274452,False,0.8,,,,,,おぺ -> ぺえじ -> じむ -> むくわれる
alpha_beta vs monte_carlo,alpha_beta,monte_carlo,D5000_seed0_alpha_beta_vs_monte_carlo_0,5000,0,first,ended_with_n,5,first,alpha_beta,る,むくわれる,るみのおる,る,る,る,0.27967,False,-98.0,4,4,True,140,12,おぺ -> ぺえじ -> じむ -> むくわれる -> るみのおる
alpha_beta vs monte_carlo,alpha_beta,monte_carlo,D5000_seed0_alpha_beta_vs_monte_carlo_0,5000,0,first,ended_with_n,6,second,monte_carlo,る,るみのおる,るり,る,り,り,0.110614,False,0.8,,,,,,おぺ -> ぺえじ -> じむ -> むくわれる -> るみのおる -> るり
alpha_beta vs monte_carlo,alpha_beta,monte_carlo,D5000_seed0_alpha_beta_vs_monte_carlo_0,5000,0,first,ended_with_n,7,first,alpha_beta,り,るり,りある,り,る,る,0.331515,False,-75.0,4,4,True,250,20,おぺ -> ぺえじ -> じむ -> むくわれる -> るみのおる -> るり -> りある
alpha_beta vs monte_carlo,alpha_beta,monte_carlo,D5000_seed0_alpha_beta_vs_monte_carlo_0,5000,0,first,ended_with_n,8,second,monte_carlo,る,りある,るぽ,る,ぽ,ぽ,0.084964,False,0.7,,,,,,おぺ -> ぺえじ -> じむ -> むくわれる -> るみのおる -> るり -> りある -> るぽ
alpha_beta vs monte_carlo,alpha_beta,monte_carlo,D5000_seed0_alpha_beta_vs_monte_carlo_0,5000,0,first,ended_with_n,9,first,alpha_beta,ぽ,るぽ,ぽおたぶる,ぽ,る,る,0.207847,False,238.0,4,4,True,155,11,おぺ -> ぺえじ -> じむ -> むくわれる -> るみのおる -> るり -> りある -> るぽ -> ぽおたぶる
alpha_beta vs monte_carlo,alpha_beta,monte_carlo,D5000_seed0_alpha_beta_vs_monte_carlo_0,5000,0,first,ended_with_n,10,second,monte_carlo,る,ぽおたぶる,るああ,る,あ,あ,0.061768,False,0.9,,,,,,おぺ -> ぺえじ -> じむ -> むくわれる -> るみのおる -> るり -> りある -> るぽ -> ぽおたぶる -> るああ
alpha_beta vs monte_carlo,alpha_beta,monte_carlo,D5000_seed0_alpha_beta_vs_monte_carlo_0,5000,0,first,ended_with_n,11,first,alpha_beta,あ,るああ,あいてどる,あ,る,る,0.625419,False,261.0,4,4,True,802,20,おぺ -> ぺえじ -> じむ -> むくわれる -> るみのおる -> るり -> りある -> るぽ -> ぽおたぶる -> るああ -> あいてどる
alpha_beta vs monte_carlo,alpha_beta,monte_carlo,D5000_seed0_alpha_beta_vs_monte_carlo_0,5000,0,first,ended_with_n,12,second,monte_carlo,る,あいてどる,るねさんす,る,す,す,0.049755,False,0.7,,,,,,おぺ -> ぺえじ -> じむ -> むくわれる -> るみのおる -> るり -> りある -> るぽ -> ぽおたぶる -> るああ -> あいてどる -> るねさんす
alpha_beta vs monte_carlo,alpha_beta,monte_carlo,D5000_seed0_alpha_beta_vs_monte_carlo_0,5000,0,first,ended_with_n,13,first,alpha_beta,す,るねさんす,すくうる,す,る,る,0.301284,False,284.0,4,4,True,325,20,おぺ -> ぺえじ -> じむ -> むくわれる -> るみのおる -> るり -> りある -> るぽ -> ぽおたぶる -> るああ -> あいてどる -> るねさんす -> すくうる
alpha_beta vs monte_carlo,alpha_beta,monte_carlo,D5000_seed0_alpha_beta_vs_monte_carlo_0,5000,0,first,ended_with_n,14,second,monte_carlo,る,すくうる,るぽるたあじゆ,る,ゆ,ゆ,0.033624,False,0.6,,,,,,おぺ -> ぺえじ -> じむ -> むくわれる -> るみのおる -> るり -> りある -> るぽ -> ぽおたぶる -> るああ -> あいてどる -> るねさんす -> すくうる -> るぽるたあじゆ
alpha_beta vs monte_carlo,alpha_beta,monte_carlo,D5000_seed0_alpha_beta_vs_monte_carlo_0,5000,0,first,ended_with_n,15,first,alpha_beta,ゆ,るぽるたあじゆ,ゆきわたる,ゆ,る,る,0.178347,False,969.0,4,4,True,155,20,おぺ -> ぺえじ -> じむ -> むくわれる -> るみのおる -> るり -> りある -> るぽ -> ぽおたぶる -> るああ -> あいてどる -> るねさんす -> すくうる -> るぽるたあじゆ -> ゆきわたる
alpha_beta vs monte_carlo,alpha_beta,monte_carlo,D5000_seed0_alpha_beta_vs_monte_carlo_0,5000,0,first,ended_with_n,16,second,monte_carlo,る,ゆきわたる,るいすい,る,い,い,0.022733,False,0.6,,,,,,おぺ -> ぺえじ -> じむ -> むくわれる -> るみのおる -> るり -> りある -> るぽ -> ぽおたぶる -> るああ -> あいてどる -> るねさんす -> すくうる -> るぽるたあじゆ -> ゆきわたる -> るいすい
alpha_beta vs monte_carlo,alpha_beta,monte_carlo,D5000_seed0_alpha_beta_vs_monte_carlo_0,5000,0,first,ended_with_n,17,first,alpha_beta,い,るいすい,いからせる,い,る,る,0.20084,False,984.0,4,4,True,245,20,おぺ -> ぺえじ -> じむ -> むくわれる -> るみのおる -> るり -> りある -> るぽ -> ぽおたぶる -> るああ -> あいてどる -> るねさんす -> すくうる -> るぽるたあじゆ -> ゆきわたる -> るいすい -> いからせる
alpha_beta vs monte_carlo,alpha_beta,monte_carlo,D5000_seed0_alpha_beta_vs_monte_carlo_0,5000,0,first,ended_with_n,18,second,monte_carlo,る,いからせる,るいせき,る,き,き,0.01058,False,0.6,,,,,,おぺ -> ぺえじ -> じむ -> むくわれる -> るみのおる -> るり -> りある -> るぽ -> ぽおたぶる -> るああ -> あいてどる -> るねさんす -> すくうる -> るぽるたあじゆ -> ゆきわたる -> るいすい -> いからせる -> るいせき
alpha_beta vs monte_carlo,alpha_beta,monte_carlo,D5000_seed0_alpha_beta_vs_monte_carlo_0,5000,0,first,ended_with_n,19,first,alpha_beta,き,るいせき,きかせる,き,る,る,0.208685,False,1007.0,4,4,True,265,20,おぺ -> ぺえじ -> じむ -> むくわれる -> るみのおる -> るり -> りある -> るぽ -> ぽおたぶる -> るああ -> あいてどる -> るねさんす -> すくうる -> るぽるたあじゆ -> ゆきわたる -> るいすい -> いからせる -> るいせき -> きかせる
alpha_beta vs monte_carlo,alpha_beta,monte_carlo,D5000_seed0_alpha_beta_vs_monte_carlo_0,5000,0,first,ended_with_n,20,second,monte_carlo,る,きかせる,るいけい,る,い,い,0.005586,False,0.3,,,,,,おぺ -> ぺえじ -> じむ -> むくわれる -> るみのおる -> るり -> りある -> るぽ -> ぽおたぶる -> るああ -> あいてどる -> るねさんす -> すくうる -> るぽるたあじゆ -> ゆきわたる -> るいすい -> いからせる -> るいせき -> きかせる -> るいけい
alpha_beta vs monte_carlo,alpha_beta,monte_carlo,D5000_seed0_alpha_beta_vs_monte_carlo_0,5000,0,first,ended_with_n,21,first,alpha_beta,い,るいけい,いきる,い,る,る,0.028687,False,1000000.0,4,4,True,58,20,おぺ -> ぺえじ -> じむ -> むくわれる -> るみのおる -> るり -> りある -> るぽ -> ぽおたぶる -> るああ -> あいてどる -> るねさんす -> すくうる -> るぽるたあじゆ -> ゆきわたる -> るいすい -> いからせる -> るいせき -> きかせる -> るいけい -> いきる
alpha_beta vs monte_carlo,alpha_beta,monte_carlo,D5000_seed0_alpha_beta_vs_monte_carlo_0,5000,0,first,ended_with_n,22,second,monte_carlo,る,いきる,るうきい,る,い,い,0.00168,False,0.6,,,,,,おぺ -> ぺえじ -> じむ -> むくわれる -> るみのおる -> るり -> りある -> るぽ -> ぽおたぶる -> るああ -> あいてどる -> るねさんす -> すくうる -> るぽるたあじゆ -> ゆきわたる -> るいすい -> いからせる -> るいせき -> きかせる -> るいけい -> いきる -> るうきい
alpha_beta vs monte_carlo,alpha_beta,monte_carlo,D5000_seed0_alpha_beta_vs_monte_carlo_0,5000,0,first,ended_with_n,23,first,alpha_beta,い,るうきい,いこおる,い,る,る,0.004203,False,1000000.0,4,4,True,33,20,おぺ -> ぺえじ -> じむ -> むくわれる -> るみのおる -> るり -> りある -> るぽ -> ぽおたぶる -> るああ -> あいてどる -> るねさんす -> すくうる -> るぽるたあじゆ -> ゆきわたる -> るいすい -> いからせる -> るいせき -> きかせる -> るいけい -> いきる -> るうきい -> いこおる
alpha_beta vs monte_carlo,alpha_beta,monte_carlo,D5000_seed0_alpha_beta_vs_monte_carlo_0,5000,0,first,ended_with_n,24,second,monte_carlo,る,いこおる,るうちん,る,ん,,6e-06,False,0.0,,,,,,おぺ -> ぺえじ -> じむ -> むくわれる -> るみのおる -> るり -> りある -> るぽ -> ぽおたぶる -> るああ -> あいてどる -> るねさんす -> すくうる -> るぽるたあじゆ -> ゆきわたる -> るいすい -> いからせる -> るいせき -> きかせる -> るいけい -> いきる -> るうきい -> いこおる -> るうちん
random vs greedy,random,greedy,D10000_seed0_random_vs_greedy_0,10000,0,second,ended_with_n,1,first,random,ANY,,はんそく,は,く,く,0.000676,False,0.0,,,,,,はんそく
random vs greedy,random,greedy,D10000_seed0_random_vs_greedy_0,10000,0,second,ended_with_n,2,second,greedy,く,はんそく,くろぎぬ,く,ぬ,ぬ,0.002523,False,-391.0,,,,,185,はんそく -> くろぎぬ
random vs greedy,random,greedy,D10000_seed0_random_vs_greedy_0,10000,0,second,ended_with_n,3,first,random,ぬ,くろぎぬ,ぬりかえる,ぬ,る,る,3e-06,False,0.0,,,,,,はんそく -> くろぎぬ -> ぬりかえる
random vs greedy,random,greedy,D10000_seed0_random_vs_greedy_0,10000,0,second,ended_with_n,4,second,greedy,る,ぬりかえる,るうぶる,る,る,る,0.000348,False,-510.0,,,,,25,はんそく -> くろぎぬ -> ぬりかえる -> るうぶる
random vs greedy,random,greedy,D10000_seed0_random_vs_greedy_0,10000,0,second,ended_with_n,5,first,random,る,るうぶる,るぽるたあじゆ,る,ゆ,ゆ,3e-06,False,0.0,,,,,,はんそく -> くろぎぬ -> ぬりかえる -> るうぶる -> るぽるたあじゆ
random vs greedy,random,greedy,D10000_seed0_random_vs_greedy_0,10000,0,second,ended_with_n,6,second,greedy,ゆ,るぽるたあじゆ,ゆず,ゆ,ず,ず,0.001483,False,-443.0,,,,,95,はんそく -> くろぎぬ -> ぬりかえる -> るうぶる -> るぽるたあじゆ -> ゆず
random vs greedy,random,greedy,D10000_seed0_random_vs_greedy_0,10000,0,second,ended_with_n,7,first,random,ず,ゆず,ずひよう,ず,う,う,3e-06,False,0.0,,,,,,はんそく -> くろぎぬ -> ぬりかえる -> るうぶる -> るぽるたあじゆ -> ゆず -> ずひよう
random vs greedy,random,greedy,D10000_seed0_random_vs_greedy_0,10000,0,second,ended_with_n,8,second,greedy,う,ずひよう,うええるず,う,ず,ず,0.002507,False,-420.0,,,,,144,はんそく -> くろぎぬ -> ぬりかえる -> るうぶる -> るぽるたあじゆ -> ゆず -> ずひよう -> うええるず
random vs greedy,random,greedy,D10000_seed0_random_vs_greedy_0,10000,0,second,ended_with_n,9,first,random,ず,うええるず,ずうつと,ず,と,と,3e-06,False,0.0,,,,,,はんそく -> くろぎぬ -> ぬりかえる -> るうぶる -> るぽるたあじゆ -> ゆず -> ずひよう -> うええるず -> ずうつと
random vs greedy,random,greedy,D10000_seed0_random_vs_greedy_0,10000,0,second,ended_with_n,10,second,greedy,と,ずうつと,とりあえず,と,ず,ず,0.00328,False,-397.0,,,,,227,はんそく -> くろぎぬ -> ぬりかえる -> るうぶる -> るぽるたあじゆ -> ゆず -> ずひよう -> うええるず -> ずうつと -> とりあえず
random vs greedy,random,greedy,D10000_seed0_random_vs_greedy_0,10000,0,second,ended_with_n,11,first,random,ず,とりあえず,ずいいち,ず,ち,ち,3e-06,False,0.0,,,,,,はんそく -> くろぎぬ -> ぬりかえる -> るうぶる -> るぽるたあじゆ -> ゆず -> ずひよう -> うええるず -> ずうつと -> とりあえず -> ずいいち
random vs greedy,random,greedy,D10000_seed0_random_vs_greedy_0,10000,0,second,ended_with_n,12,second,greedy,ち,ずいいち,ちやおず,ち,ず,ず,0.003322,False,-374.0,,,,,223,はんそく -> くろぎぬ -> ぬりかえる -> るうぶる -> るぽるたあじゆ -> ゆず -> ずひよう -> うええるず -> ずうつと -> とりあえず -> ずいいち -> ちやおず
random vs greedy,random,greedy,D10000_seed0_random_vs_greedy_0,10000,0,second,ended_with_n,13,first,random,ず,ちやおず,ずし,ず,し,し,3e-06,False,0.0,,,,,,はんそく -> くろぎぬ -> ぬりかえる -> るうぶる -> るぽるたあじゆ -> ゆず -> ずひよう -> うええるず -> ずうつと -> とりあえず -> ずいいち -> ちやおず -> ずし
random vs greedy,random,greedy,D10000_seed0_random_vs_greedy_0,10000,0,second,ended_with_n,14,second,greedy,し,ずし,しゆうず,し,ず,ず,0.008932,False,-351.0,,,,,619,はんそく -> くろぎぬ -> ぬりかえる -> るうぶる -> るぽるたあじゆ -> ゆず -> ずひよう -> うええるず -> ずうつと -> とりあえず -> ずいいち -> ちやおず -> ずし -> しゆうず
random vs greedy,random,greedy,D10000_seed0_random_vs_greedy_0,10000,0,second,ended_with_n,15,first,random,ず,しゆうず,ずれる,ず,る,る,3e-06,False,0.0,,,,,,はんそく -> くろぎぬ -> ぬりかえる -> るうぶる -> るぽるたあじゆ -> ゆず -> ずひよう -> うええるず -> ずうつと -> とりあえず -> ずいいち -> ちやおず -> ずし -> しゆうず -> ずれる
random vs greedy,random,greedy,D10000_seed0_random_vs_greedy_0,10000,0,second,ended_with_n,16,second,greedy,る,ずれる,るみのおる,る,る,る,0.00033,False,-464.0,,,,,23,はんそく -> くろぎぬ -> ぬりかえる -> るうぶる -> るぽるたあじゆ -> ゆず -> ずひよう -> うええるず -> ずうつと -> とりあえず -> ずいいち -> ちやおず -> ずし -> しゆうず -> ずれる -> るみのおる
random vs greedy,random,greedy,D10000_seed0_random_vs_greedy_0,10000,0,second,ended_with_n,17,first,random,る,るみのおる,るうる,る,る,る,3e-06,False,0.0,,,,,,はんそく -> くろぎぬ -> ぬりかえる -> るうぶる -> るぽるたあじゆ -> ゆず -> ずひよう -> うええるず -> ずうつと -> とりあえず -> ずいいち -> ちやおず -> ずし -> しゆうず -> ずれる -> るみのおる -> るうる
random vs greedy,random,greedy,D10000_seed0_random_vs_greedy_0,10000,0,second,ended_with_n,18,second,greedy,る,るうる,るぽ,る,ぽ,ぽ,0.000328,False,-566.5,,,,,21,はんそく -> くろぎぬ -> ぬりかえる -> るうぶる -> るぽるたあじゆ -> ゆず -> ずひよう -> うええるず -> ずうつと -> とりあえず -> ずいいち -> ちやおず -> ずし -> しゆうず -> ずれる -> るみのおる -> るうる -> るぽ
random vs greedy,random,greedy,D10000_seed0_random_vs_greedy_0,10000,0,second,ended_with_n,19,first,random,ぽ,るぽ,ぽりいぷ,ぽ,ぷ,ぷ,5e-06,False,0.0,,,,,,はんそく -> くろぎぬ -> ぬりかえる -> るうぶる -> るぽるたあじゆ -> ゆず -> ずひよう -> うええるず -> ずうつと -> とりあえず -> ずいいち -> ちやおず -> ずし -> しゆうず -> ずれる -> るみのおる -> るうる -> るぽ -> ぽりいぷ
random vs greedy,random,greedy,D10000_seed0_random_vs_greedy_0,10000,0,second,ended_with_n,20,second,greedy,ぷ,ぽりいぷ,ぷろぽおず,ぷ,ず,ず,0.000657,False,-328.0,,,,,44,はんそく -> くろぎぬ -> ぬりかえる -> るうぶる -> るぽるたあじゆ -> ゆず -> ずひよう -> うええるず -> ずうつと -> とりあえず -> ずいいち -> ちやおず -> ずし -> しゆうず -> ずれる -> るみのおる -> るうる -> るぽ -> ぽりいぷ -> ぷろぽおず
random vs greedy,random,greedy,D10000_seed0_random_vs_greedy_0,10000,0,second,ended_with_n,21,first,random,ず,ぷろぽおず,ずうずうしい,ず,い,い,3e-06,False,0.0,,,,,,はんそく -> くろぎぬ -> ぬりかえる -> るうぶる -> るぽるたあじゆ -> ゆず -> ずひよう -> うええるず -> ずうつと -> とりあえず -> ずいいち -> ちやおず -> ずし -> しゆうず -> ずれる -> るみのおる -> るうる -> るぽ -> ぽりいぷ -> ぷろぽおず -> ずうずうしい
random vs greedy,random,greedy,D10000_seed0_random_vs_greedy_0,10000,0,second,ended_with_n,22,second,greedy,い,ずうずうしい,いちず,い,ず,ず,0.004421,False,-305.0,,,,,285,はんそく -> くろぎぬ -> ぬりかえる -> るうぶる -> るぽるたあじゆ -> ゆず -> ずひよう -> うええるず -> ずうつと -> とりあえず -> ずいいち -> ちやおず -> ずし -> しゆうず -> ずれる -> るみのおる -> るうる -> るぽ -> ぽりいぷ -> ぷろぽおず -> ずうずうしい -> いちず
random vs greedy,random,greedy,D10000_seed0_random_vs_greedy_0,10000,0,second,ended_with_n,23,first,random,ず,いちず,ずばり,ず,り,り,3e-06,False,0.0,,,,,,はんそく -> くろぎぬ -> ぬりかえる -> るうぶる -> るぽるたあじゆ -> ゆず -> ずひよう -> うええるず -> ずうつと -> とりあえず -> ずいいち -> ちやおず -> ずし -> しゆうず -> ずれる -> るみのおる -> るうる -> るぽ -> ぽりいぷ -> ぷろぽおず -> ずうずうしい -> いちず -> ずばり
random vs greedy,random,greedy,D10000_seed0_random_vs_greedy_0,10000,0,second,ended_with_n,24,second,greedy,り,ずばり,りぞおとほてる,り,る,る,0.002146,False,-418.0,,,,,145,はんそく -> くろぎぬ -> ぬりかえる -> るうぶる -> るぽるたあじゆ -> ゆず -> ずひよう -> うええるず -> ずうつと -> とりあえず -> ずいいち -> ちやおず -> ずし -> しゆうず -> ずれる -> るみのおる -> るうる -> るぽ -> ぽりいぷ -> ぷろぽおず -> ずうずうしい -> いちず -> ずばり -> りぞおとほてる
random vs greedy,random,greedy,D10000_seed0_random_vs_greedy_0,10000,0,second,ended_with_n,25,first,random,る,りぞおとほてる,るびい,る,い,い,3e-06,False,0.0,,,,,,はんそく -> くろぎぬ -> ぬりかえる -> るうぶる -> るぽるたあじゆ -> ゆず -> ずひよう -> うええるず -> ずうつと -> とりあえず -> ずいいち -> ちやおず -> ずし -> しゆうず -> ずれる -> るみのおる -> るうる -> るぽ -> ぽりいぷ -> ぷろぽおず -> ずうずうしい -> いちず -> ずばり -> りぞおとほてる -> るびい
random vs greedy,random,greedy,D10000_seed0_random_vs_greedy_0,10000,0,second,ended_with_n,26,second,greedy,い,るびい,いきかえる,い,る,る,0.004437,False,-395.0,,,,,284,はんそく -> くろぎぬ -> ぬりかえる -> るうぶる -> るぽるたあじゆ -> ゆず -> ずひよう -> うええるず -> ずうつと -> とりあえず -> ずいいち -> ちやおず -> ずし -> しゆうず -> ずれる -> るみのおる -> るうる -> るぽ -> ぽりいぷ -> ぷろぽおず -> ずうずうしい -> いちず -> ずばり -> りぞおとほてる -> るびい -> いきかえる
random vs greedy,random,greedy,D10000_seed0_random_vs_greedy_0,10000,0,second,ended_with_n,27,first,random,る,いきかえる,るねつさんす,る,す,す,3e-06,False,0.0,,,,,,はんそく -> くろぎぬ -> ぬりかえる -> るうぶる -> るぽるたあじゆ -> ゆず -> ずひよう -> うええるず -> ずうつと -> とりあえず -> ずいいち -> ちやおず -> ずし -> しゆうず -> ずれる -> るみのおる -> るうる -> るぽ -> ぽりいぷ -> ぷろぽおず -> ずうずうしい -> いちず -> ずばり -> りぞおとほてる -> るびい -> いきかえる -> るねつさんす
random vs greedy,random,greedy,D10000_seed0_random_vs_greedy_0,10000,0,second,ended_with_n,28,second,greedy,す,るねつさんす,すず,す,ず,ず,0.003599,False,-282.0,,,,,209,はんそく -> くろぎぬ -> ぬりかえる -> るうぶる -> るぽるたあじゆ -> ゆず -> ずひよう -> うええるず -> ずうつと -> とりあえず -> ずいいち -> ちやおず -> ずし -> しゆうず -> ずれる -> るみのおる -> るうる -> るぽ -> ぽりいぷ -> ぷろぽおず -> ずうずうしい -> いちず -> ずばり -> りぞおとほてる -> るびい -> いきかえる -> るねつさんす -> すず
random vs greedy,random,greedy,D10000_seed0_random_vs_greedy_0,10000,0,second,ended_with_n,29,first,random,ず,すず,ずらす,ず,す,す,1e-05,False,0.0,,,,,,はんそく -> くろぎぬ -> ぬりかえる -> るうぶる -> るぽるたあじゆ -> ゆず -> ずひよう -> うええるず -> ずうつと -> とりあえず -> ずいいち -> ちやおず -> ずし -> しゆうず -> ずれる -> るみのおる -> るうる -> るぽ -> ぽりいぷ -> ぷろぽおず -> ずうずうしい -> いちず -> ずばり -> りぞおとほてる -> るびい -> いきかえる -> るねつさんす -> すず -> ずらす
random vs greedy,random,greedy,D10000_seed0_random_vs_greedy_0,10000,0,second,ended_with_n,30,second,greedy,す,ずらす,すわる,す,る,る,0.004196,False,-372.0,,,,,208,はんそく -> くろぎぬ -> ぬりかえる -> るうぶる -> るぽるたあじゆ -> ゆず -> ずひよう -> うええるず -> ずうつと -> とりあえず -> ずいいち -> ちやおず -> ずし -> しゆうず -> ずれる -> るみのおる -> るうる -> るぽ -> ぽりいぷ -> ぷろぽおず -> ずうずうしい -> いちず -> ずばり -> りぞおとほてる -> るびい -> いきかえる -> るねつさんす -> すず -> ずらす -> すわる
random vs greedy,random,greedy,D10000_seed0_random_vs_greedy_0,10000,0,second,ended_with_n,31,first,random,る,すわる,るああ,る,あ,あ,6e-06,False,0.0,,,,,,はんそく -> くろぎぬ -> ぬりかえる -> るうぶる -> るぽるたあじゆ -> ゆず -> ずひよう -> うええるず -> ずうつと -> とりあえず -> ずいいち -> ちやおず -> ずし -> しゆうず -> ずれる -> るみのおる -> るうる -> るぽ -> ぽりいぷ -> ぷろぽおず -> ずうずうしい -> いちず -> ずばり -> りぞおとほてる -> るびい -> いきかえる -> るねつさんす -> すず -> ずらす -> すわる -> るああ
random vs greedy,random,greedy,D10000_seed0_random_vs_greedy_0,10000,0,second,ended_with_n,32,second,greedy,あ,るああ,あいず,あ,ず,ず,0.005206,False,-259.0,,,,,317,はんそく -> くろぎぬ -> ぬりかえる -> るうぶる -> るぽるたあじゆ -> ゆず -> ずひよう -> うええるず -> ずうつと -> とりあえず -> ずいいち -> ちやおず -> ずし -> しゆうず -> ずれる -> るみのおる -> るうる -> るぽ -> ぽりいぷ -> ぷろぽおず -> ずうずうしい -> いちず -> ずばり -> りぞおとほてる -> るびい -> いきかえる -> るねつさんす -> すず -> ずらす -> すわる -> るああ -> あいず
random vs greedy,random,greedy,D10000_seed0_random_vs_greedy_0,10000,0,second,ended_with_n,33,first,random,ず,あいず,ずうむ,ず,む,む,4e-06,False,0.0,,,,,,はんそく -> くろぎぬ -> ぬりかえる -> るうぶる -> るぽるたあじゆ -> ゆず -> ずひよう -> うええるず -> ずうつと -> とりあえず -> ずいいち -> ちやおず -> ずし -> しゆうず -> ずれる -> るみのおる -> るうる -> るぽ -> ぽりいぷ -> ぷろぽおず -> ずうずうしい -> いちず -> ずばり -> りぞおとほてる -> るびい -> いきかえる -> るねつさんす -> すず -> ずらす -> すわる -> るああ -> あいず -> ずうむ
random vs greedy,random,greedy,D10000_seed0_random_vs_greedy_0,10000,0,second,ended_with_n,34,second,greedy,む,ずうむ,むきず,む,ず,ず,0.001114,False,-236.0,,,,,78,はんそく -> くろぎぬ -> ぬりかえる -> るうぶる -> るぽるたあじゆ -> ゆず -> ずひよう -> うええるず -> ずうつと -> とりあえず -> ずいいち -> ちやおず -> ずし -> しゆうず -> ずれる -> るみのおる -> るうる -> るぽ -> ぽりいぷ -> ぷろぽおず -> ずうずうしい -> いちず -> ずばり -> りぞおとほてる -> るびい -> いきかえる -> るねつさんす -> すず -> ずらす -> すわる -> るああ -> あいず -> ずうむ -> むきず
random vs greedy,random,greedy,D10000_seed0_random_vs_greedy_0,10000,0,second,ended_with_n,35,first,random,ず,むきず,ずけい,ず,い,い,3e-06,False,0.0,,,,,,はんそく -> くろぎぬ -> ぬりかえる -> るうぶる -> るぽるたあじゆ -> ゆず -> ずひよう -> うええるず -> ずうつと -> とりあえず -> ずいいち -> ちやおず -> ずし -> しゆうず -> ずれる -> るみのおる -> るうる -> るぽ -> ぽりいぷ -> ぷろぽおず -> ずうずうしい -> いちず -> ずばり -> りぞおとほてる -> るびい -> いきかえる -> るねつさんす -> すず -> ずらす -> すわる -> るああ -> あいず -> ずうむ -> むきず -> ずけい
random vs greedy,random,greedy,D10000_seed0_random_vs_greedy_0,10000,0,second,ended_with_n,36,second,greedy,い,ずけい,いさる,い,る,る,0.004648,False,-349.0,,,,,283,はんそく -> くろぎぬ -> ぬりかえる -> るうぶる -> るぽるたあじゆ -> ゆず -> ずひよう -> うええるず -> ずうつと -> とりあえず -> ずいいち -> ちやおず -> ずし -> しゆうず -> ずれる -> るみのおる -> るうる -> るぽ -> ぽりいぷ -> ぷろぽおず -> ずうずうしい -> いちず -> ずばり -> りぞおとほてる -> るびい -> いきかえる -> るねつさんす -> すず -> ずらす -> すわる -> るああ -> あいず -> ずうむ -> むきず -> ずけい -> いさる
random vs greedy,random,greedy,D10000_seed0_random_vs_greedy_0,10000,0,second,ended_with_n,37,first,random,る,いさる,るいじあな,る,な,な,6e-06,False,0.0,,,,,,はんそく -> くろぎぬ -> ぬりかえる -> るうぶる -> るぽるたあじゆ -> ゆず -> ずひよう -> うええるず -> ずうつと -> とりあえず -> ずいいち -> ちやおず -> ずし -> しゆうず -> ずれる -> るみのおる -> るうる -> るぽ -> ぽりいぷ -> ぷろぽおず -> ずうずうしい -> いちず -> ずばり -> りぞおとほてる -> るびい -> いきかえる -> るねつさんす -> すず -> ずらす -> すわる -> るああ -> あいず -> ずうむ -> むきず -> ずけい -> いさる -> るいじあな
random vs greedy,random,greedy,D10000_seed0_random_vs_greedy_0,10000,0,second,ended_with_n,38,second,greedy,な,るいじあな,ないる,な,る,る,0.003226,False,-326.0,,,,,189,はんそく -> くろぎぬ -> ぬりかえる -> るうぶる -> るぽるたあじゆ -> ゆず -> ずひよう -> うええるず -> ずうつと -> とりあえず -> ずいいち -> ちやおず -> ずし -> しゆうず -> ずれる -> るみのおる -> るうる -> るぽ -> ぽりいぷ -> ぷろぽおず -> ずうずうしい -> いちず -> ずばり -> りぞおとほてる -> るびい -> いきかえる -> るねつさんす -> すず -> ずらす -> すわる -> るああ -> あいず -> ずうむ -> むきず -> ずけい -> いさる -> るいじあな -> ないる
random vs greedy,random,greedy,D10000_seed0_random_vs_greedy_0,10000,0,second,ended_with_n,39,first,random,る,ないる,るうれつと,る,と,と,4e-06,False,0.0,,,,,,はんそく -> くろぎぬ -> ぬりかえる -> るうぶる -> るぽるたあじゆ -> ゆず -> ずひよう -> うええるず -> ずうつと -> とりあえず -> ずいいち -> ちやおず -> ずし -> しゆうず -> ずれる -> るみのおる -> るうる -> るぽ -> ぽりいぷ -> ぷろぽおず -> ずうずうしい -> いちず -> ずばり -> りぞおとほてる -> るびい -> いきかえる -> るねつさんす -> すず -> ずらす -> すわる -> るああ -> あいず -> ずうむ -> むきず -> ずけい -> いさる -> るいじあな -> ないる -> るうれつと
random vs greedy,random,greedy,D10000_seed0_random_vs_greedy_0,10000,0,second,ended_with_n,40,second,greedy,と,るうれつと,とりしまる,と,る,る,0.003558,False,-303.0,,,,,226,はんそく -> くろぎぬ -> ぬりかえる -> るうぶる -> るぽるたあじゆ -> ゆず -> ずひよう -> うええるず -> ずうつと -> とりあえず -> ずいいち -> ちやおず -> ずし -> しゆうず -> ずれる -> るみのおる -> るうる -> るぽ -> ぽりいぷ -> ぷろぽおず -> ずうずうしい -> いちず -> ずばり -> りぞおとほてる -> るびい -> いきかえる -> るねつさんす -> すず -> ずらす -> すわる -> るああ -> あいず -> ずうむ -> むきず -> ずけい -> いさる -> るいじあな -> ないる -> るうれつと -> とりしまる
random vs greedy,random,greedy,D10000_seed0_random_vs_greedy_0,10000,0,second,ended_with_n,41,first,random,る,とりしまる,るうぷ,る,ぷ,ぷ,3e-06,False,0.0,,,,,,はんそく -> くろぎぬ -> ぬりかえる -> るうぶる -> るぽるたあじゆ -> ゆず -> ずひよう -> うええるず -> ずうつと -> とりあえず -> ずいいち -> ちやおず -> ずし -> しゆうず -> ずれる -> るみのおる -> るうる -> るぽ -> ぽりいぷ -> ぷろぽおず -> ずうずうしい -> いちず -> ずばり -> りぞおとほてる -> るびい -> いきかえる -> るねつさんす -> すず -> ずらす -> すわる -> るああ -> あいず -> ずうむ -> むきず -> ずけい -> いさる -> るいじあな -> ないる -> るうれつと -> とりしまる -> るうぷ
random vs greedy,random,greedy,D10000_seed0_random_vs_greedy_0,10000,0,second,ended_with_n,42,second,greedy,ぷ,るうぷ,ぷろふいいる,ぷ,る,る,0.000648,False,-280.0,,,,,43,はんそく -> くろぎぬ -> ぬりかえる -> るうぶる -> るぽるたあじゆ -> ゆず -> ずひよう -> うええるず -> ずうつと -> とりあえず -> ずいいち -> ちやおず -> ずし -> しゆうず -> ずれる -> るみのおる -> るうる -> るぽ -> ぽりいぷ -> ぷろぽおず -> ずうずうしい -> いちず -> ずばり -> りぞおとほてる -> るびい -> いきかえる -> るねつさんす -> すず -> ずらす -> すわる -> るああ -> あいず -> ずうむ -> むきず -> ずけい -> いさる -> るいじあな -> ないる -> るうれつと -> とりしまる -> るうぷ -> ぷろふいいる
random vs greedy,random,greedy,D10000_seed0_random_vs_greedy_0,10000,0,second,ended_with_n,43,first,random,る,ぷろふいいる,るうふ,る,ふ,ふ,3e-06,False,0.0,,,,,,はんそく -> くろぎぬ -> ぬりかえる -> るうぶる -> るぽるたあじゆ -> ゆず -> ずひよう -> うええるず -> ずうつと -> とりあえず -> ずいいち -> ちやおず -> ずし -> しゆうず -> ずれる -> るみのおる -> るうる -> るぽ -> ぽりいぷ -> ぷろぽおず -> ずうずうしい -> いちず -> ずばり -> りぞおとほてる -> るびい -> いきかえる -> るねつさんす -> すず -> ずらす -> すわる -> るああ -> あいず -> ずうむ -> むきず -> ずけい -> いさる -> るいじあな -> ないる -> るうれつと -> とりしまる -> るうぷ -> ぷろふいいる -> るうふ
random vs greedy,random,greedy,D10000_seed0_random_vs_greedy_0,10000,0,second,ended_with_n,44,second,greedy,ふ,るうふ,ふりいず,ふ,ず,ず,0.004478,False,-213.0,,,,,286,はんそく -> くろぎぬ -> ぬりかえる -> るうぶる -> るぽるたあじゆ -> ゆず -> ずひよう -> うええるず -> ずうつと -> とりあえず -> ずいいち -> ちやおず -> ずし -> しゆうず -> ずれる -> るみのおる -> るうる -> るぽ -> ぽりいぷ -> ぷろぽおず -> ずうずうしい -> いちず -> ずばり -> りぞおとほてる -> るびい -> いきかえる -> るねつさんす -> すず -> ずらす -> すわる -> るああ -> あいず -> ずうむ -> むきず -> ずけい -> いさる -> るいじあな -> ないる -> るうれつと -> とりしまる -> るうぷ -> ぷろふいいる -> るうふ -> ふりいず
random vs greedy,random,greedy,D10000_seed0_random_vs_greedy_0,10000,0,second,ended_with_n,45,first,random,ず,ふりいず,ずいしよ,ず,よ,よ,3e-06,False,0.0,,,,,,はんそく -> くろぎぬ -> ぬりかえる -> るうぶる -> るぽるたあじゆ -> ゆず -> ずひよう -> うええるず -> ずうつと -> とりあえず -> ずいいち -> ちやおず -> ずし -> しゆうず -> ずれる -> るみのおる -> るうる -> るぽ -> ぽりいぷ -> ぷろぽおず -> ずうずうしい -> いちず -> ずばり -> りぞおとほてる -> るびい -> いきかえる -> るねつさんす -> すず -> ずらす -> すわる -> るああ -> あいず -> ずうむ -> むきず -> ずけい -> いさる -> るいじあな -> ないる -> るうれつと -> とりしまる -> るうぷ -> ぷろふいいる -> るうふ -> ふりいず -> ずいしよ
random vs greedy,random,greedy,D10000_seed0_random_vs_greedy_0,10000,0,second,ended_with_n,46,second,greedy,よ,ずいしよ,よろず,よ,ず,ず,0.00198,False,-190.0,,,,,128,はんそく -> くろぎぬ -> ぬりかえる -> るうぶる -> るぽるたあじゆ -> ゆず -> ずひよう -> うええるず -> ずうつと -> とりあえず -> ずいいち -> ちやおず -> ずし -> しゆうず -> ずれる -> るみのおる -> るうる -> るぽ -> ぽりいぷ -> ぷろぽおず -> ずうずうしい -> いちず -> ずばり -> りぞおとほてる -> るびい -> いきかえる -> るねつさんす -> すず -> ずらす -> すわる -> るああ -> あいず -> ずうむ -> むきず -> ずけい -> いさる -> るいじあな -> ないる -> るうれつと -> とりしまる -> るうぷ -> ぷろふいいる -> るうふ -> ふりいず -> ずいしよ -> よろず
random vs greedy,random,greedy,D10000_seed0_random_vs_greedy_0,10000,0,second,ended_with_n,47,first,random,ず,よろず,ずじよう,ず,う,う,3e-06,False,0.0,,,,,,はんそく -> くろぎぬ -> ぬりかえる -> るうぶる -> るぽるたあじゆ -> ゆず -> ずひよう -> うええるず -> ずうつと -> とりあえず -> ずいいち -> ちやおず -> ずし -> しゆうず -> ずれる -> るみのおる -> るうる -> るぽ -> ぽりいぷ -> ぷろぽおず -> ずうずうしい -> いちず -> ずばり -> りぞおとほてる -> るびい -> いきかえる -> るねつさんす -> すず -> ずらす -> すわる -> るああ -> あいず -> ずうむ -> むきず -> ずけい -> いさる -> るいじあな -> ないる -> るうれつと -> とりしまる -> るうぷ -> ぷろふいいる -> るうふ -> ふりいず -> ずいしよ -> よろず -> ずじよう
random vs greedy,random,greedy,D10000_seed0_random_vs_greedy_0,10000,0,second,ended_with_n,48,second,greedy,う,ずじよう,うちあわせる,う,る,る,0.002427,False,-257.0,,,,,143,はんそく -> くろぎぬ -> ぬりかえる -> るうぶる -> るぽるたあじゆ -> ゆず -> ずひよう -> うええるず -> ずうつと -> とりあえず -> ずいいち -> ちやおず -> ずし -> しゆうず -> ずれる -> るみのおる -> るうる -> るぽ -> ぽりいぷ -> ぷろぽおず -> ずうずうしい -> いちず -> ずばり -> りぞおとほてる -> るびい -> いきかえる -> るねつさんす -> すず -> ずらす -> すわる -> るああ -> あいず -> ずうむ -> むきず -> ずけい -> いさる -> るいじあな -> ないる -> るうれつと -> とりしまる -> るうぷ -> ぷろふいいる -> るうふ -> ふりいず -> ずいしよ -> よろず -> ずじよう -> うちあわせる
random vs greedy,random,greedy,D10000_seed0_random_vs_greedy_0,10000,0,second,ended_with_n,49,first,random,る,うちあわせる,るんげ,る,げ,げ,3e-06,False,0.0,,,,,,はんそく -> くろぎぬ -> ぬりかえる -> るうぶる -> るぽるたあじゆ -> ゆず -> ずひよう -> うええるず -> ずうつと -> とりあえず -> ずいいち -> ちやおず -> ずし -> しゆうず -> ずれる -> るみのおる -> るうる -> るぽ -> ぽりいぷ -> ぷろぽおず -> ずうずうしい -> いちず -> ずばり -> りぞおとほてる -> るびい -> いきかえる -> るねつさんす -> すず -> ずらす -> すわる -> るああ -> あいず -> ずうむ -> むきず -> ずけい -> いさる -> るいじあな -> ないる -> るうれつと -> とりしまる -> るうぷ -> ぷろふいいる -> るうふ -> ふりいず -> ずいしよ -> よろず -> ずじよう -> うちあわせる -> るんげ
random vs greedy,random,greedy,D10000_seed0_random_vs_greedy_0,10000,0,second,ended_with_n,50,second,greedy,げ,るんげ,げる,げ,る,る,0.001686,False,-234.0,,,,,102,はんそく -> くろぎぬ -> ぬりかえる -> るうぶる -> るぽるたあじゆ -> ゆず -> ずひよう -> うええるず -> ずうつと -> とりあえず -> ずいいち -> ちやおず -> ずし -> しゆうず -> ずれる -> るみのおる -> るうる -> るぽ -> ぽりいぷ -> ぷろぽおず -> ずうずうしい -> いちず -> ずばり -> りぞおとほてる -> るびい -> いきかえる -> るねつさんす -> すず -> ずらす -> すわる -> るああ -> あいず -> ずうむ -> むきず -> ずけい -> いさる -> るいじあな -> ないる -> るうれつと -> とりしまる -> るうぷ -> ぷろふいいる -> るうふ -> ふりいず -> ずいしよ -> よろず -> ずじよう -> うちあわせる -> るんげ -> げる
random vs greedy,random,greedy,D10000_seed0_random_vs_greedy_0,10000,0,second,ended_with_n,51,first,random,る,げる,るい,る,い,い,3e-06,False,0.0,,,,,,はんそく -> くろぎぬ -> ぬりかえる -> るうぶる -> るぽるたあじゆ -> ゆず -> ずひよう -> うええるず -> ずうつと -> とりあえず -> ずいいち -> ちやおず -> ずし -> しゆうず -> ずれる -> るみのおる -> るうる -> るぽ -> ぽりいぷ -> ぷろぽおず -> ずうずうしい -> いちず -> ずばり -> りぞおとほてる -> るびい -> いきかえる -> るねつさんす -> すず -> ずらす -> すわる -> るああ -> あいず -> ずうむ -> むきず -> ずけい -> いさる -> るいじあな -> ないる -> るうれつと -> とりしまる -> るうぷ -> ぷろふいいる -> るうふ -> ふりいず -> ずいしよ -> よろず -> ずじよう -> うちあわせる -> るんげ -> げる -> るい
random vs greedy,random,greedy,D10000_seed0_random_vs_greedy_0,10000,0,second,ended_with_n,52,second,greedy,い,るい,いばる,い,る,る,0.004556,False,-211.0,,,,,282,はんそく -> くろぎぬ -> ぬりかえる -> るうぶる -> るぽるたあじゆ -> ゆず -> ずひよう -> うええるず -> ずうつと -> とりあえず -> ずいいち -> ちやおず -> ずし -> しゆうず -> ずれる -> るみのおる -> るうる -> るぽ -> ぽりいぷ -> ぷろぽおず -> ずうずうしい -> いちず -> ずばり -> りぞおとほてる -> るびい -> いきかえる -> るねつさんす -> すず -> ずらす -> すわる -> るああ -> あいず -> ずうむ -> むきず -> ずけい -> いさる -> るいじあな -> ないる -> るうれつと -> とりしまる -> るうぷ -> ぷろふいいる -> るうふ -> ふりいず -> ずいしよ -> よろず -> ずじよう -> うちあわせる -> るんげ -> げる -> るい -> いばる
random vs greedy,random,greedy,D10000_seed0_random_vs_greedy_0,10000,0,second,ended_with_n,53,first,random,る,いばる,るいせき,る,き,き,3e-06,False,0.0,,,,,,はんそく -> くろぎぬ -> ぬりかえる -> るうぶる -> るぽるたあじゆ -> ゆず -> ずひよう -> うええるず -> ずうつと -> とりあえず -> ずいいち -> ちやおず -> ずし -> しゆうず -> ずれる -> るみのおる -> るうる -> るぽ -> ぽりいぷ -> ぷろぽおず -> ずうずうしい -> いちず -> ずばり -> りぞおとほてる -> るびい -> いきかえる -> るねつさんす -> すず -> ずらす -> すわる -> るああ -> あいず -> ずうむ -> むきず -> ずけい -> いさる -> るいじあな -> ないる -> るうれつと -> とりしまる -> るうぷ -> ぷろふいいる -> るうふ -> ふりいず -> ずいしよ -> よろず -> ずじよう -> うちあわせる -> るんげ -> げる -> るい -> いばる -> るいせき
random vs greedy,random,greedy,D10000_seed0_random_vs_greedy_0,10000,0,second,ended_with_n,54,second,greedy,き,るいせき,きつず,き,ず,ず,0.005328,False,-167.0,,,,,340,はんそく -> くろぎぬ -> ぬりかえる -> るうぶる -> るぽるたあじゆ -> ゆず -> ずひよう -> うええるず -> ずうつと -> とりあえず -> ずいいち -> ちやおず -> ずし -> しゆうず -> ずれる -> るみのおる -> るうる -> るぽ -> ぽりいぷ -> ぷろぽおず -> ずうずうしい -> いちず -> ずばり -> りぞおとほてる -> るびい -> いきかえる -> るねつさんす -> すず -> ずらす -> すわる -> るああ -> あいず -> ずうむ -> むきず -> ずけい -> いさる -> るいじあな -> ないる -> るうれつと -> とりしまる -> るうぷ -> ぷろふいいる -> るうふ -> ふりいず -> ずいしよ -> よろず -> ずじよう -> うちあわせる -> るんげ -> げる -> るい -> いばる -> るいせき -> きつず
random vs greedy,random,greedy,D10000_seed0_random_vs_greedy_0,10000,0,second,ended_with_n,55,first,random,ず,きつず,ずいじ,ず,じ,じ,3e-06,False,0.0,,,,,,はんそく -> くろぎぬ -> ぬりかえる -> るうぶる -> るぽるたあじゆ -> ゆず -> ずひよう -> うええるず -> ずうつと -> とりあえず -> ずいいち -> ちやおず -> ずし -> しゆうず -> ずれる -> るみのおる -> るうる -> るぽ -> ぽりいぷ -> ぷろぽおず -> ずうずうしい -> いちず -> ずばり -> りぞおとほてる -> るびい -> いきかえる -> るねつさんす -> すず -> ずらす -> すわる -> るああ -> あいず -> ずうむ -> むきず -> ずけい -> いさる -> るいじあな -> ないる -> るうれつと -> とりしまる -> るうぷ -> ぷろふいいる -> るうふ -> ふりいず -> ずいしよ -> よろず -> ずじよう -> うちあわせる -> るんげ -> げる -> るい -> いばる -> るいせき -> きつず -> ずいじ
random vs greedy,random,greedy,D10000_seed0_random_vs_greedy_0,10000,0,second,ended_with_n,56,second,greedy,じ,ずいじ,じやず,じ,ず,ず,0.004731,False,-144.0,,,,,306,はんそく -> くろぎぬ -> ぬりかえる -> るうぶる -> るぽるたあじゆ -> ゆず -> ずひよう -> うええるず -> ずうつと -> とりあえず -> ずいいち -> ちやおず -> ずし -> しゆうず -> ずれる -> るみのおる -> るうる -> るぽ -> ぽりいぷ -> ぷろぽおず -> ずうずうしい -> いちず -> ずばり -> りぞおとほてる -> るびい -> いきかえる -> るねつさんす -> すず -> ずらす -> すわる -> るああ -> あいず -> ずうむ -> むきず -> ずけい -> いさる -> るいじあな -> ないる -> るうれつと -> とりしまる -> るうぷ -> ぷろふいいる -> るうふ -> ふりいず -> ずいしよ -> よろず -> ずじよう -> うちあわせる -> るんげ -> げる -> るい -> いばる -> るいせき -> きつず -> ずいじ -> じやず
random vs greedy,random,greedy,D10000_seed0_random_vs_greedy_0,10000,0,second,ended_with_n,57,first,random,ず,じやず,ずのう,ず,う,う,2e-06,False,0.0,,,,,,はんそく -> くろぎぬ -> ぬりかえる -> るうぶる -> るぽるたあじゆ -> ゆず -> ずひよう -> うええるず -> ずうつと -> とりあえず -> ずいいち -> ちやおず -> ずし -> しゆうず -> ずれる -> るみのおる -> るうる -> るぽ -> ぽりいぷ -> ぷろぽおず -> ずうずうしい -> いちず -> ずばり -> りぞおとほてる -> るびい -> いきかえる -> るねつさんす -> すず -> ずらす -> すわる -> るああ -> あいず -> ずうむ -> むきず -> ずけい -> いさる -> るいじあな -> ないる -> るうれつと -> とりしまる -> るうぷ -> ぷろふいいる -> るうふ -> ふりいず -> ずいしよ -> よろず -> ずじよう -> うちあわせる -> るんげ -> げる -> るい -> いばる -> るいせき -> きつず -> ずいじ -> じやず -> ずのう
random vs greedy,random,greedy,D10000_seed0_random_vs_greedy_0,10000,0,second,ended_with_n,58,second,greedy,う,ずのう,うわくちびる,う,る,る,0.0025,False,-188.0,,,,,142,はんそく -> くろぎぬ -> ぬりかえる -> るうぶる -> るぽるたあじゆ -> ゆず -> ずひよう -> うええるず -> ずうつと -> とりあえず -> ずいいち -> ちやおず -> ずし -> しゆうず -> ずれる -> るみのおる -> るうる -> るぽ -> ぽりいぷ -> ぷろぽおず -> ずうずうしい -> いちず -> ずばり -> りぞおとほてる -> るびい -> いきかえる -> るねつさんす -> すず -> ずらす -> すわる -> るああ -> あいず -> ずうむ -> むきず -> ずけい -> いさる -> るいじあな -> ないる -> るうれつと -> とりしまる -> るうぷ -> ぷろふいいる -> るうふ -> ふりいず -> ずいしよ -> よろず -> ずじよう -> うちあわせる -> るんげ -> げる -> るい -> いばる -> るいせき -> きつず -> ずいじ -> じやず -> ずのう -> うわくちびる
random vs greedy,random,greedy,D10000_seed0_random_vs_greedy_0,10000,0,second,ended_with_n,59,first,random,る,うわくちびる,るいけい,る,い,い,3e-06,False,0.0,,,,,,はんそく -> くろぎぬ -> ぬりかえる -> るうぶる -> るぽるたあじゆ -> ゆず -> ずひよう -> うええるず -> ずうつと -> とりあえず -> ずいいち -> ちやおず -> ずし -> しゆうず -> ずれる -> るみのおる -> るうる -> るぽ -> ぽりいぷ -> ぷろぽおず -> ずうずうしい -> いちず -> ずばり -> りぞおとほてる -> るびい -> いきかえる -> るねつさんす -> すず -> ずらす -> すわる -> るああ -> あいず -> ずうむ -> むきず -> ずけい -> いさる -> るいじあな -> ないる -> るうれつと -> とりしまる -> るうぷ -> ぷろふいいる -> るうふ -> ふりいず -> ずいしよ -> よろず -> ずじよう -> うちあわせる -> るんげ -> げる -> るい -> いばる -> るいせき -> きつず -> ずいじ -> じやず -> ずのう -> うわくちびる -> るいけい
random vs greedy,random,greedy,D10000_seed0_random_vs_greedy_0,10000,0,second,ended_with_n,60,second,greedy,い,るいけい,いこおる,い,る,る,0.004449,False,-165.0,,,,,281,はんそく -> くろぎぬ -> ぬりかえる -> るうぶる -> るぽるたあじゆ -> ゆず -> ずひよう -> うええるず -> ずうつと -> とりあえず -> ずいいち -> ちやおず -> ずし -> しゆうず -> ずれる -> るみのおる -> るうる -> るぽ -> ぽりいぷ -> ぷろぽおず -> ずうずうしい -> いちず -> ずばり -> りぞおとほてる -> るびい -> いきかえる -> るねつさんす -> すず -> ずらす -> すわる -> るああ -> あいず -> ずうむ -> むきず -> ずけい -> いさる -> るいじあな -> ないる -> るうれつと -> とりしまる -> るうぷ -> ぷろふいいる -> るうふ -> ふりいず -> ずいしよ -> よろず -> ずじよう -> うちあわせる -> るんげ -> げる -> るい -> いばる -> るいせき -> きつず -> ずいじ -> じやず -> ずのう -> うわくちびる -> るいけい -> いこおる
random vs greedy,random,greedy,D10000_seed0_random_vs_greedy_0,10000,0,second,ended_with_n,61,first,random,る,いこおる,るうきい,る,い,い,4e-06,False,0.0,,,,,,はんそく -> くろぎぬ -> ぬりかえる -> るうぶる -> るぽるたあじゆ -> ゆず -> ずひよう -> うええるず -> ずうつと -> とりあえず -> ずいいち -> ちやおず -> ずし -> しゆうず -> ずれる -> るみのおる -> るうる -> るぽ -> ぽりいぷ -> ぷろぽおず -> ずうずうしい -> いちず -> ずばり -> りぞおとほてる -> るびい -> いきかえる -> るねつさんす -> すず -> ずらす -> すわる -> るああ -> あいず -> ずうむ -> むきず -> ずけい -> いさる -> るいじあな -> ないる -> るうれつと -> とりしまる -> るうぷ -> ぷろふいいる -> るうふ -> ふりいず -> ずいしよ -> よろず -> ずじよう -> うちあわせる -> るんげ -> げる -> るい -> いばる -> るいせき -> きつず -> ずいじ -> じやず -> ずのう -> うわくちびる -> るいけい -> いこおる -> るうきい
random vs greedy,random,greedy,D10000_seed0_random_vs_greedy_0,10000,0,second,ended_with_n,62,second,greedy,い,るうきい,いる,い,る,る,0.004368,False,-142.0,,,,,280,はんそく -> くろぎぬ -> ぬりかえる -> るうぶる -> るぽるたあじゆ -> ゆず -> ずひよう -> うええるず -> ずうつと -> とりあえず -> ずいいち -> ちやおず -> ずし -> しゆうず -> ずれる -> るみのおる -> るうる -> るぽ -> ぽりいぷ -> ぷろぽおず -> ずうずうしい -> いちず -> ずばり -> りぞおとほてる -> るびい -> いきかえる -> るねつさんす -> すず -> ずらす -> すわる -> るああ -> あいず -> ずうむ -> むきず -> ずけい -> いさる -> るいじあな -> ないる -> るうれつと -> とりしまる -> るうぷ -> ぷろふいいる -> るうふ -> ふりいず -> ずいしよ -> よろず -> ずじよう -> うちあわせる -> るんげ -> げる -> るい -> いばる -> るいせき -> きつず -> ずいじ -> じやず -> ずのう -> うわくちびる -> るいけい -> いこおる -> るうきい -> いる
random vs greedy,random,greedy,D10000_seed0_random_vs_greedy_0,10000,0,second,ended_with_n,63,first,random,る,いる,るび,る,び,び,3e-06,False,0.0,,,,,,はんそく -> くろぎぬ -> ぬりかえる -> るうぶる -> るぽるたあじゆ -> ゆず -> ずひよう -> うええるず -> ずうつと -> とりあえず -> ずいいち -> ちやおず -> ずし -> しゆうず -> ずれる -> るみのおる -> るうる -> るぽ -> ぽりいぷ -> ぷろぽおず -> ずうずうしい -> いちず -> ずばり -> りぞおとほてる -> るびい -> いきかえる -> るねつさんす -> すず -> ずらす -> すわる -> るああ -> あいず -> ずうむ -> むきず -> ずけい -> いさる -> るいじあな -> ないる -> るうれつと -> とりしまる -> るうぷ -> ぷろふいいる -> るうふ -> ふりいず -> ずいしよ -> よろず -> ずじよう -> うちあわせる -> るんげ -> げる -> るい -> いばる -> るいせき -> きつず -> ずいじ -> じやず -> ずのう -> うわくちびる -> るいけい -> いこおる -> るうきい -> いる -> るび
random vs greedy,random,greedy,D10000_seed0_random_vs_greedy_0,10000,0,second,ended_with_n,64,second,greedy,び,るび,びる,び,る,る,0.000892,False,-119.0,,,,,60,はんそく -> くろぎぬ -> ぬりかえる -> るうぶる -> るぽるたあじゆ -> ゆず -> ずひよう -> うええるず -> ずうつと -> とりあえず -> ずいいち -> ちやおず -> ずし -> しゆうず -> ずれる -> るみのおる -> るうる -> るぽ -> ぽりいぷ -> ぷろぽおず -> ずうずうしい -> いちず -> ずばり -> りぞおとほてる -> るびい -> いきかえる -> るねつさんす -> すず -> ずらす -> すわる -> るああ -> あいず -> ずうむ -> むきず -> ずけい -> いさる -> るいじあな -> ないる -> るうれつと -> とりしまる -> るうぷ -> ぷろふいいる -> るうふ -> ふりいず -> ずいしよ -> よろず -> ずじよう -> うちあわせる -> るんげ -> げる -> るい -> いばる -> るいせき -> きつず -> ずいじ -> じやず -> ずのう -> うわくちびる -> るいけい -> いこおる -> るうきい -> いる -> るび -> びる
random vs greedy,random,greedy,D10000_seed0_random_vs_greedy_0,10000,0,second,ended_with_n,65,first,random,る,びる,るう,る,う,う,4e-06,False,0.0,,,,,,はんそく -> くろぎぬ -> ぬりかえる -> るうぶる -> るぽるたあじゆ -> ゆず -> ずひよう -> うええるず -> ずうつと -> とりあえず -> ずいいち -> ちやおず -> ずし -> しゆうず -> ずれる -> るみのおる -> るうる -> るぽ -> ぽりいぷ -> ぷろぽおず -> ずうずうしい -> いちず -> ずばり -> りぞおとほてる -> るびい -> いきかえる -> るねつさんす -> すず -> ずらす -> すわる -> るああ -> あいず -> ずうむ -> むきず -> ずけい -> いさる -> るいじあな -> ないる -> るうれつと -> とりしまる -> るうぷ -> ぷろふいいる -> るうふ -> ふりいず -> ずいしよ -> よろず -> ずじよう -> うちあわせる -> るんげ -> げる -> るい -> いばる -> るいせき -> きつず -> ずいじ -> じやず -> ずのう -> うわくちびる -> るいけい -> いこおる -> るうきい -> いる -> るび -> びる -> るう
random vs greedy,random,greedy,D10000_seed0_random_vs_greedy_0,10000,0,second,ended_with_n,66,second,greedy,う,るう,うまれる,う,る,る,0.002332,False,-96.0,,,,,141,はんそく -> くろぎぬ -> ぬりかえる -> るうぶる -> るぽるたあじゆ -> ゆず -> ずひよう -> うええるず -> ずうつと -> とりあえず -> ずいいち -> ちやおず -> ずし -> しゆうず -> ずれる -> るみのおる -> るうる -> るぽ -> ぽりいぷ -> ぷろぽおず -> ずうずうしい -> いちず -> ずばり -> りぞおとほてる -> るびい -> いきかえる -> るねつさんす -> すず -> ずらす -> すわる -> るああ -> あいず -> ずうむ -> むきず -> ずけい -> いさる -> るいじあな -> ないる -> るうれつと -> とりしまる -> るうぷ -> ぷろふいいる -> るうふ -> ふりいず -> ずいしよ -> よろず -> ずじよう -> うちあわせる -> るんげ -> げる -> るい -> いばる -> るいせき -> きつず -> ずいじ -> じやず -> ずのう -> うわくちびる -> るいけい -> いこおる -> るうきい -> いる -> るび -> びる -> るう -> うまれる
random vs greedy,random,greedy,D10000_seed0_random_vs_greedy_0,10000,0,second,ended_with_n,67,first,random,る,うまれる,るうと,る,と,と,4e-06,False,0.0,,,,,,はんそく -> くろぎぬ -> ぬりかえる -> るうぶる -> るぽるたあじゆ -> ゆず -> ずひよう -> うええるず -> ずうつと -> とりあえず -> ずいいち -> ちやおず -> ずし -> しゆうず -> ずれる -> るみのおる -> るうる -> るぽ -> ぽりいぷ -> ぷろぽおず -> ずうずうしい -> いちず -> ずばり -> りぞおとほてる -> るびい -> いきかえる -> るねつさんす -> すず -> ずらす -> すわる -> るああ -> あいず -> ずうむ -> むきず -> ずけい -> いさる -> るいじあな -> ないる -> るうれつと -> とりしまる -> るうぷ -> ぷろふいいる -> るうふ -> ふりいず -> ずいしよ -> よろず -> ずじよう -> うちあわせる -> るんげ -> げる -> るい -> いばる -> るいせき -> きつず -> ずいじ -> じやず -> ずのう -> うわくちびる -> るいけい -> いこおる -> るうきい -> いる -> るび -> びる -> るう -> うまれる -> るうと
random vs greedy,random,greedy,D10000_seed0_random_vs_greedy_0,10000,0,second,ended_with_n,68,second,greedy,と,るうと,とらえる,と,る,る,0.003313,False,-73.0,,,,,225,はんそく -> くろぎぬ -> ぬりかえる -> るうぶる -> るぽるたあじゆ -> ゆず -> ずひよう -> うええるず -> ずうつと -> とりあえず -> ずいいち -> ちやおず -> ずし -> しゆうず -> ずれる -> るみのおる -> るうる -> るぽ -> ぽりいぷ -> ぷろぽおず -> ずうずうしい -> いちず -> ずばり -> りぞおとほてる -> るびい -> いきかえる -> るねつさんす -> すず -> ずらす -> すわる -> るああ -> あいず -> ずうむ -> むきず -> ずけい -> いさる -> るいじあな -> ないる -> るうれつと -> とりしまる -> るうぷ -> ぷろふいいる -> るうふ -> ふりいず -> ずいしよ -> よろず -> ずじよう -> うちあわせる -> るんげ -> げる -> るい -> いばる -> るいせき -> きつず -> ずいじ -> じやず -> ずのう -> うわくちびる -> るいけい -> いこおる -> るうきい -> いる -> るび -> びる -> るう -> うまれる -> るうと -> とらえる
random vs greedy,random,greedy,D10000_seed0_random_vs_greedy_0,10000,0,second,ended_with_n,69,first,random,る,とらえる,るり,る,り,り,3e-06,False,0.0,,,,,,はんそく -> くろぎぬ -> ぬりかえる -> るうぶる -> るぽるたあじゆ -> ゆず -> ずひよう -> うええるず -> ずうつと -> とりあえず -> ずいいち -> ちやおず -> ずし -> しゆうず -> ずれる -> るみのおる -> るうる -> るぽ -> ぽりいぷ -> ぷろぽおず -> ずうずうしい -> いちず -> ずばり -> りぞおとほてる -> るびい -> いきかえる -> るねつさんす -> すず -> ずらす -> すわる -> るああ -> あいず -> ずうむ -> むきず -> ずけい -> いさる -> るいじあな -> ないる -> るうれつと -> とりしまる -> るうぷ -> ぷろふいいる -> るうふ -> ふりいず -> ずいしよ -> よろず -> ずじよう -> うちあわせる -> るんげ -> げる -> るい -> いばる -> るいせき -> きつず -> ずいじ -> じやず -> ずのう -> うわくちびる -> るいけい -> いこおる -> るうきい -> いる -> るび -> びる -> るう -> うまれる -> るうと -> とらえる -> るり
random vs greedy,random,greedy,D10000_seed0_random_vs_greedy_0,10000,0,second,ended_with_n,70,second,greedy,り,るり,りべらる,り,る,る,0.002134,False,-50.0,,,,,144,はんそく -> くろぎぬ -> ぬりかえる -> るうぶる -> るぽるたあじゆ -> ゆず -> ずひよう -> うええるず -> ずうつと -> とりあえず -> ずいいち -> ちやおず -> ずし -> しゆうず -> ずれる -> るみのおる -> るうる -> るぽ -> ぽりいぷ -> ぷろぽおず -> ずうずうしい -> いちず -> ずばり -> りぞおとほてる -> るびい -> いきかえる -> るねつさんす -> すず -> ずらす -> すわる -> るああ -> あいず -> ずうむ -> むきず -> ずけい -> いさる -> るいじあな -> ないる -> るうれつと -> とりしまる -> るうぷ -> ぷろふいいる -> るうふ -> ふりいず -> ずいしよ -> よろず -> ずじよう -> うちあわせる -> るんげ -> げる -> るい -> いばる -> るいせき -> きつず -> ずいじ -> じやず -> ずのう -> うわくちびる -> るいけい -> いこおる -> るうきい -> いる -> るび -> びる -> るう -> うまれる -> るうと -> とらえる -> るり -> りべらる
random vs greedy,random,greedy,D10000_seed0_random_vs_greedy_0,10000,0,second,ended_with_n,71,first,random,る,りべらる,るすばん,る,ん,,4e-06,False,0.0,,,,,,はんそく -> くろぎぬ -> ぬりかえる -> るうぶる -> るぽるたあじゆ -> ゆず -> ずひよう -> うええるず -> ずうつと -> とりあえず -> ずいいち -> ちやおず -> ずし -> しゆうず -> ずれる -> るみのおる -> るうる -> るぽ -> ぽりいぷ -> ぷろぽおず -> ずうずうしい -> いちず -> ずばり -> りぞおとほてる -> るびい -> いきかえる -> るねつさんす -> すず -> ずらす -> すわる -> るああ -> あいず -> ずうむ -> むきず -> ずけい -> いさる -> るいじあな -> ないる -> るうれつと -> とりしまる -> るうぷ -> ぷろふいいる -> るうふ -> ふりいず -> ずいしよ -> よろず -> ずじよう -> うちあわせる -> るんげ -> げる -> るい -> いばる -> るいせき -> きつず -> ずいじ -> じやず -> ずのう -> うわくちびる -> るいけい -> いこおる -> るうきい -> いる -> るび -> びる -> るう -> うまれる -> るうと -> とらえる -> るり -> りべらる -> るすばん
random vs minimax,random,minimax,D10000_seed0_random_vs_minimax_0,10000,0,second,ended_with_n,1,first,random,ANY,,はんそく,は,く,く,0.000677,False,0.0,,,,,,はんそく
random vs minimax,random,minimax,D10000_seed0_random_vs_minimax_0,10000,0,second,ended_with_n,2,second,minimax,く,はんそく,くろぎぬ,く,ぬ,ぬ,2.000034,True,335.0,3,2,True,,6,はんそく -> くろぎぬ
random vs minimax,random,minimax,D10000_seed0_random_vs_minimax_0,10000,0,second,ended_with_n,3,first,random,ぬ,くろぎぬ,ぬりかえる,ぬ,る,る,7e-06,False,0.0,,,,,,はんそく -> くろぎぬ -> ぬりかえる
random vs minimax,random,minimax,D10000_seed0_random_vs_minimax_0,10000,0,second,ended_with_n,4,second,minimax,る,ぬりかえる,るうぶる,る,る,る,0.503302,False,-320.0,2,2,True,,20,はんそく -> くろぎぬ -> ぬりかえる -> るうぶる
random vs minimax,random,minimax,D10000_seed0_random_vs_minimax_0,10000,0,second,ended_with_n,5,first,random,る,るうぶる,るぽるたあじゆ,る,ゆ,ゆ,7e-06,False,0.0,,,,,,はんそく -> くろぎぬ -> ぬりかえる -> るうぶる -> るぽるたあじゆ
random vs minimax,random,minimax,D10000_seed0_random_vs_minimax_0,10000,0,second,ended_with_n,6,second,minimax,ゆ,るぽるたあじゆ,ゆきわたる,ゆ,る,る,1.576063,False,-305.0,2,2,True,,20,はんそく -> くろぎぬ -> ぬりかえる -> るうぶる -> るぽるたあじゆ -> ゆきわたる
random vs minimax,random,minimax,D10000_seed0_random_vs_minimax_0,10000,0,second,ended_with_n,7,first,random,る,ゆきわたる,るいせき,る,き,き,9e-06,False,0.0,,,,,,はんそく -> くろぎぬ -> ぬりかえる -> るうぶる -> るぽるたあじゆ -> ゆきわたる -> るいせき
random vs minimax,random,minimax,D10000_seed0_random_vs_minimax_0,10000,0,second,ended_with_n,8,second,minimax,き,るいせき,きいる,き,る,る,1.200492,False,-290.0,2,3,True,,20,はんそく -> くろぎぬ -> ぬりかえる -> るうぶる -> るぽるたあじゆ -> ゆきわたる -> るいせき -> きいる
random vs minimax,random,minimax,D10000_seed0_random_vs_minimax_0,10000,0,second,ended_with_n,9,first,random,る,きいる,るうふ,る,ふ,ふ,7e-06,False,0.0,,,,,,はんそく -> くろぎぬ -> ぬりかえる -> るうぶる -> るぽるたあじゆ -> ゆきわたる -> るいせき -> きいる -> るうふ
random vs minimax,random,minimax,D10000_seed0_random_vs_minimax_0,10000,0,second,ended_with_n,10,second,minimax,ふ,るうふ,ふあいる,ふ,る,る,2.000089,True,275.0,3,2,True,,6,はんそく -> くろぎぬ -> ぬりかえる -> るうぶる -> るぽるたあじゆ -> ゆきわたる -> るいせき -> きいる -> るうふ -> ふあいる
random vs minimax,random,minimax,D10000_seed0_random_vs_minimax_0,10000,0,second,ended_with_n,11,first,random,る,ふあいる,るいけい,る,い,い,5e-06,False,0.0,,,,,,はんそく -> くろぎぬ -> ぬりかえる -> るうぶる -> るぽるたあじゆ -> ゆきわたる -> るいせき -> きいる -> るうふ -> ふあいる -> るいけい
random vs minimax,random,minimax,D10000_seed0_random_vs_minimax_0,10000,0,second,ended_with_n,12,second,minimax,い,るいけい,いあわせる,い,る,る,0.823459,False,-260.0,2,2,True,,20,はんそく -> くろぎぬ -> ぬりかえる -> るうぶる -> るぽるたあじゆ -> ゆきわたる -> るいせき -> きいる -> るうふ -> ふあいる -> るいけい -> いあわせる
random vs minimax,random,minimax,D10000_seed0_random_vs_minimax_0,10000,0,second,ended_with_n,13,first,random,る,いあわせる,るぽ,る,ぽ,ぽ,6e-06,False,0.0,,,,,,はんそく -> くろぎぬ -> ぬりかえる -> るうぶる -> るぽるたあじゆ -> ゆきわたる -> るいせき -> きいる -> るうふ -> ふあいる -> るいけい -> いあわせる -> るぽ
random vs minimax,random,minimax,D10000_seed0_random_vs_minimax_0,10000,0,second,ended_with_n,14,second,minimax,ぽ,るぽ,ぽけつとべる,ぽ,る,る,0.491162,False,-245.0,2,2,True,,20,はんそく -> くろぎぬ -> ぬりかえる -> るうぶる -> るぽるたあじゆ -> ゆきわたる -> るいせき -> きいる -> るうふ -> ふあいる -> るいけい -> いあわせる -> るぽ -> ぽけつとべる
random vs minimax,random,minimax,D10000_seed0_random_vs_minimax_0,10000,0,second,ended_with_n,15,first,random,る,ぽけつとべる,るり,る,り,り,6e-06,False,0.0,,,,,,はんそく -> くろぎぬ -> ぬりかえる -> るうぶる -> るぽるたあじゆ -> ゆきわたる -> るいせき -> きいる -> るうふ -> ふあいる -> るいけい -> いあわせる -> るぽ -> ぽけつとべる -> るり
random vs minimax,random,minimax,D10000_seed0_random_vs_minimax_0,10000,0,second,ended_with_n,16,second,minimax,り,るり,りこおる,り,る,る,0.604862,False,-230.0,2,3,True,,20,はんそく -> くろぎぬ -> ぬりかえる -> るうぶる -> るぽるたあじゆ -> ゆきわたる -> るいせき -> きいる -> るうふ -> ふあいる -> るいけい -> いあわせる -> るぽ -> ぽけつとべる -> るり -> りこおる
random vs minimax,random,minimax,D10000_seed0_random_vs_minimax_0,10000,0,second,ended_with_n,17,first,random,る,りこおる,るああ,る,あ,あ,7e-06,False,0.0,,,,,,はんそく -> くろぎぬ -> ぬりかえる -> るうぶる -> るぽるたあじゆ -> ゆきわたる -> るいせき -> きいる -> るうふ -> ふあいる -> るいけい -> いあわせる -> るぽ -> ぽけつとべる -> るり -> りこおる -> るああ
random vs minimax,random,minimax,D10000_seed0_random_vs_minimax_0,10000,0,second,ended_with_n,18,second,minimax,あ,るああ,あいてどる,あ,る,る,2.000065,True,215.0,3,2,True,,9,はんそく -> くろぎぬ -> ぬりかえる -> るうぶる -> るぽるたあじゆ -> ゆきわたる -> るいせき -> きいる -> るうふ -> ふあいる -> るいけい -> いあわせる -> るぽ -> ぽけつとべる -> るり -> りこおる -> るああ -> あいてどる
random vs minimax,random,minimax,D10000_seed0_random_vs_minimax_0,10000,0,second,ended_with_n,19,first,random,る,あいてどる,るねつさんす,る,す,す,7e-06,False,0.0,,,,,,はんそく -> くろぎぬ -> ぬりかえる -> るうぶる -> るぽるたあじゆ -> ゆきわたる -> るいせき -> きいる -> るうふ -> ふあいる -> るいけい -> いあわせる -> るぽ -> ぽけつとべる -> るり -> りこおる -> るああ -> あいてどる -> るねつさんす
random vs minimax,random,minimax,D10000_seed0_random_vs_minimax_0,10000,0,second,ended_with_n,20,second,minimax,す,るねつさんす,すえる,す,る,る,0.78468,False,-200.0,2,2,True,,20,はんそく -> くろぎぬ -> ぬりかえる -> るうぶる -> るぽるたあじゆ -> ゆきわたる -> るいせき -> きいる -> るうふ -> ふあいる -> るいけい -> いあわせる -> るぽ -> ぽけつとべる -> るり -> りこおる -> るああ -> あいてどる -> るねつさんす -> すえる
random vs minimax,random,minimax,D10000_seed0_random_vs_minimax_0,10000,0,second,ended_with_n,21,first,random,る,すえる,るうぷ,る,ぷ,ぷ,8e-06,False,0.0,,,,,,はんそく -> くろぎぬ -> ぬりかえる -> るうぶる -> るぽるたあじゆ -> ゆきわたる -> るいせき -> きいる -> るうふ -> ふあいる -> るいけい -> いあわせる -> るぽ -> ぽけつとべる -> るり -> りこおる -> るああ -> あいてどる -> るねつさんす -> すえる -> るうぷ
random vs minimax,random,minimax,D10000_seed0_random_vs_minimax_0,10000,0,second,ended_with_n,22,second,minimax,ぷ,るうぷ,ぷうる,ぷ,る,る,0.526438,False,-185.0,2,2,True,,20,はんそく -> くろぎぬ -> ぬりかえる -> るうぶる -> るぽるたあじゆ -> ゆきわたる -> るいせき -> きいる -> るうふ -> ふあいる -> るいけい -> いあわせる -> るぽ -> ぽけつとべる -> るり -> りこおる -> るああ -> あいてどる -> るねつさんす -> すえる -> るうぷ -> ぷうる
random vs minimax,random,minimax,D10000_seed0_random_vs_minimax_0,10000,0,second,ended_with_n,23,first,random,る,ぷうる,るんげ,る,げ,げ,6e-06,False,0.0,,,,,,はんそく -> くろぎぬ -> ぬりかえる -> るうぶる -> るぽるたあじゆ -> ゆきわたる -> るいせき -> きいる -> るうふ -> ふあいる -> るいけい -> いあわせる -> るぽ -> ぽけつとべる -> るり -> りこおる -> るああ -> あいてどる -> るねつさんす -> すえる -> るうぷ -> ぷうる -> るんげ
random vs minimax,random,minimax,D10000_seed0_random_vs_minimax_0,10000,0,second,ended_with_n,24,second,minimax,げ,るんげ,げえとぼおる,げ,る,る,0.573947,False,-170.0,2,3,True,,20,はんそく -> くろぎぬ -> ぬりかえる -> るうぶる -> るぽるたあじゆ -> ゆきわたる -> るいせき -> きいる -> るうふ -> ふあいる -> るいけい -> いあわせる -> るぽ -> ぽけつとべる -> るり -> りこおる -> るああ -> あいてどる -> るねつさんす -> すえる -> るうぷ -> ぷうる -> るんげ -> げえとぼおる
random vs minimax,random,minimax,D10000_seed0_random_vs_minimax_0,10000,0,second,ended_with_n,25,first,random,る,げえとぼおる,るう,る,う,う,6e-06,False,0.0,,,,,,はんそく -> くろぎぬ -> ぬりかえる -> るうぶる -> るぽるたあじゆ -> ゆきわたる -> るいせき -> きいる -> るうふ -> ふあいる -> るいけい -> いあわせる -> るぽ -> ぽけつとべる -> るり -> りこおる -> るああ -> あいてどる -> るねつさんす -> すえる -> るうぷ -> ぷうる -> るんげ -> げえとぼおる -> るう
random vs minimax,random,minimax,D10000_seed0_random_vs_minimax_0,10000,0,second,ended_with_n,26,second,minimax,う,るう,うえる,う,る,る,2.000044,True,155.0,3,2,True,,15,はんそく -> くろぎぬ -> ぬりかえる -> るうぶる -> るぽるたあじゆ -> ゆきわたる -> るいせき -> きいる -> るうふ -> ふあいる -> るいけい -> いあわせる -> るぽ -> ぽけつとべる -> るり -> りこおる -> るああ -> あいてどる -> るねつさんす -> すえる -> るうぷ -> ぷうる -> るんげ -> げえとぼおる -> るう -> うえる
random vs minimax,random,minimax,D10000_seed0_random_vs_minimax_0,10000,0,second,ended_with_n,27,first,random,る,うえる,るびい,る,い,い,6e-06,False,0.0,,,,,,はんそく -> くろぎぬ -> ぬりかえる -> るうぶる -> るぽるたあじゆ -> ゆきわたる -> るいせき -> きいる -> るうふ -> ふあいる -> るいけい -> いあわせる -> るぽ -> ぽけつとべる -> るり -> りこおる -> るああ -> あいてどる -> るねつさんす -> すえる -> るうぷ -> ぷうる -> るんげ -> げえとぼおる -> るう -> うえる -> るびい
random vs minimax,random,minimax,D10000_seed0_random_vs_minimax_0,10000,0,second,ended_with_n,28,second,minimax,い,るびい,いからせる,い,る,る,0.607034,False,-140.0,2,2,True,,20,はんそく -> くろぎぬ -> ぬりかえる -> るうぶる -> るぽるたあじゆ -> ゆきわたる -> るいせき -> きいる -> るうふ -> ふあいる -> るいけい -> いあわせる -> るぽ -> ぽけつとべる -> るり -> りこおる -> るああ -> あいてどる -> るねつさんす -> すえる -> るうぷ -> ぷうる -> るんげ -> げえとぼおる -> るう -> うえる -> るびい -> いからせる
random vs minimax,random,minimax,D10000_seed0_random_vs_minimax_0,10000,0,second,ended_with_n,29,first,random,る,いからせる,るうる,る,る,る,7e-06,False,0.0,,,,,,はんそく -> くろぎぬ -> ぬりかえる -> るうぶる -> るぽるたあじゆ -> ゆきわたる -> るいせき -> きいる -> るうふ -> ふあいる -> るいけい -> いあわせる -> るぽ -> ぽけつとべる -> るり -> りこおる -> るああ -> あいてどる -> るねつさんす -> すえる -> るうぷ -> ぷうる -> るんげ -> げえとぼおる -> るう -> うえる -> るびい -> いからせる -> るうる
random vs minimax,random,minimax,D10000_seed0_random_vs_minimax_0,10000,0,second,ended_with_n,30,second,minimax,る,るうる,るみのおる,る,る,る,0.09047,False,225.0,2,2,True,,11,はんそく -> くろぎぬ -> ぬりかえる -> るうぶる -> るぽるたあじゆ -> ゆきわたる -> るいせき -> きいる -> るうふ -> ふあいる -> るいけい -> いあわせる -> るぽ -> ぽけつとべる -> るり -> りこおる -> るああ -> あいてどる -> るねつさんす -> すえる -> るうぷ -> ぷうる -> るんげ -> げえとぼおる -> るう -> うえる -> るびい -> いからせる -> るうる -> るみのおる
random vs minimax,random,minimax,D10000_seed0_random_vs_minimax_0,10000,0,second,ended_with_n,31,first,random,る,るみのおる,るうきい,る,い,い,6e-06,False,0.0,,,,,,はんそく -> くろぎぬ -> ぬりかえる -> るうぶる -> るぽるたあじゆ -> ゆきわたる -> るいせき -> きいる -> るうふ -> ふあいる -> るいけい -> いあわせる -> るぽ -> ぽけつとべる -> るり -> りこおる -> るああ -> あいてどる -> るねつさんす -> すえる -> るうぷ -> ぷうる -> るんげ -> げえとぼおる -> るう -> うえる -> るびい -> いからせる -> るうる -> るみのおる -> るうきい
random vs minimax,random,minimax,D10000_seed0_random_vs_minimax_0,10000,0,second,ended_with_n,32,second,minimax,い,るうきい,いきかえる,い,る,る,0.4233,False,248.0,2,3,True,,20,はんそく -> くろぎぬ -> ぬりかえる -> るうぶる -> るぽるたあじゆ -> ゆきわたる -> るいせき -> きいる -> るうふ -> ふあいる -> るいけい -> いあわせる -> るぽ -> ぽけつとべる -> るり -> りこおる -> るああ -> あいてどる -> るねつさんす -> すえる -> るうぷ -> ぷうる -> るんげ -> げえとぼおる -> るう -> うえる -> るびい -> いからせる -> るうる -> るみのおる -> るうきい -> いきかえる
random vs minimax,random,minimax,D10000_seed0_random_vs_minimax_0,10000,0,second,ended_with_n,33,first,random,る,いきかえる,るび,る,び,び,7e-06,False,0.0,,,,,,はんそく -> くろぎぬ -> ぬりかえる -> るうぶる -> るぽるたあじゆ -> ゆきわたる -> るいせき -> きいる -> るうふ -> ふあいる -> るいけい -> いあわせる -> るぽ -> ぽけつとべる -> るり -> りこおる -> るああ -> あいてどる -> るねつさんす -> すえる -> るうぷ -> ぷうる -> るんげ -> げえとぼおる -> るう -> うえる -> るびい -> いからせる -> るうる -> るみのおる -> るうきい -> いきかえる -> るび
random vs minimax,random,minimax,D10000_seed0_random_vs_minimax_0,10000,0,second,ended_with_n,34,second,minimax,び,るび,びいぐる,び,る,る,2.000051,True,4131.5,3,2,True,,11,はんそく -> くろぎぬ -> ぬりかえる -> るうぶる -> るぽるたあじゆ -> ゆきわたる -> るいせき -> きいる -> るうふ -> ふあいる -> るいけい -> いあわせる -> るぽ -> ぽけつとべる -> るり -> りこおる -> るああ -> あいてどる -> るねつさんす -> すえる -> るうぷ -> ぷうる -> るんげ -> げえとぼおる -> るう -> うえる -> るびい -> いからせる -> るうる -> るみのおる -> るうきい -> いきかえる -> るび -> びいぐる
random vs minimax,random,minimax,D10000_seed0_random_vs_minimax_0,10000,0,second,ended_with_n,35,first,random,る,びいぐる,るい,る,い,い,5e-06,False,0.0,,,,,,はんそく -> くろぎぬ -> ぬりかえる -> るうぶる -> るぽるたあじゆ -> ゆきわたる -> るいせき -> きいる -> るうふ -> ふあいる -> るいけい -> いあわせる -> るぽ -> ぽけつとべる -> るり -> りこおる -> るああ -> あいてどる -> るねつさんす -> すえる -> るうぷ -> ぷうる -> るんげ -> げえとぼおる -> るう -> うえる -> るびい -> いからせる -> るうる -> るみのおる -> るうきい -> いきかえる -> るび -> びいぐる -> るい
random vs minimax,random,minimax,D10000_seed0_random_vs_minimax_0,10000,0,second,ended_with_n,36,second,minimax,い,るい,いきる,い,る,る,0.31009,False,1226.0,2,2,True,,20,はんそく -> くろぎぬ -> ぬりかえる -> るうぶる -> るぽるたあじゆ -> ゆきわたる -> るいせき -> きいる -> るうふ -> ふあいる -> るいけい -> いあわせる -> るぽ -> ぽけつとべる -> るり -> りこおる -> るああ -> あいてどる -> るねつさんす -> すえる -> るうぷ -> ぷうる -> るんげ -> げえとぼおる -> るう -> うえる -> るびい -> いからせる -> るうる -> るみのおる -> るうきい -> いきかえる -> るび -> びいぐる -> るい -> いきる
random vs minimax,random,minimax,D10000_seed0_random_vs_minimax_0,10000,0,second,ended_with_n,37,first,random,る,いきる,るいじあな,る,な,な,5e-06,False,0.0,,,,,,はんそく -> くろぎぬ -> ぬりかえる -> るうぶる -> るぽるたあじゆ -> ゆきわたる -> るいせき -> きいる -> るうふ -> ふあいる -> るいけい -> いあわせる -> るぽ -> ぽけつとべる -> るり -> りこおる -> るああ -> あいてどる -> るねつさんす -> すえる -> るうぷ -> ぷうる -> るんげ -> げえとぼおる -> るう -> うえる -> るびい -> いからせる -> るうる -> るみのおる -> るうきい -> いきかえる -> るび -> びいぐる -> るい -> いきる -> るいじあな
random vs minimax,random,minimax,D10000_seed0_random_vs_minimax_0,10000,0,second,ended_with_n,38,second,minimax,な,るいじあな,ないる,な,る,る,0.358049,False,1523.0,2,2,True,,20,はんそく -> くろぎぬ -> ぬりかえる -> るうぶる -> るぽるたあじゆ -> ゆきわたる -> るいせき -> きいる -> るうふ -> ふあいる -> るいけい -> いあわせる -> るぽ -> ぽけつとべる -> るり -> りこおる -> るああ -> あいてどる -> るねつさんす -> すえる -> るうぷ -> ぷうる -> るんげ -> げえとぼおる -> るう -> うえる -> るびい -> いからせる -> るうる -> るみのおる -> るうきい -> いきかえる -> るび -> びいぐる -> るい -> いきる -> るいじあな -> ないる
random vs minimax,random,minimax,D10000_seed0_random_vs_minimax_0,10000,0,second,ended_with_n,39,first,random,る,ないる,るうと,る,と,と,5e-06,False,0.0,,,,,,はんそく -> くろぎぬ -> ぬりかえる -> るうぶる -> るぽるたあじゆ -> ゆきわたる -> るいせき -> きいる -> るうふ -> ふあいる -> るいけい -> いあわせる -> るぽ -> ぽけつとべる -> るり -> りこおる -> るああ -> あいてどる -> るねつさんす -> すえる -> るうぷ -> ぷうる -> るんげ -> げえとぼおる -> るう -> うえる -> るびい -> いからせる -> るうる -> るみのおる -> るうきい -> いきかえる -> るび -> びいぐる -> るい -> いきる -> るいじあな -> ないる -> るうと
random vs minimax,random,minimax,D10000_seed0_random_vs_minimax_0,10000,0,second,ended_with_n,40,second,minimax,と,るうと,といあわせる,と,る,る,0.070318,False,1538.0,2,3,True,,20,はんそく -> くろぎぬ -> ぬりかえる -> るうぶる -> るぽるたあじゆ -> ゆきわたる -> るいせき -> きいる -> るうふ -> ふあいる -> るいけい -> いあわせる -> るぽ -> ぽけつとべる -> るり -> りこおる -> るああ -> あいてどる -> るねつさんす -> すえる -> るうぷ -> ぷうる -> るんげ -> げえとぼおる -> るう -> うえる -> るびい -> いからせる -> るうる -> るみのおる -> るうきい -> いきかえる -> るび -> びいぐる -> るい -> いきる -> るいじあな -> ないる -> るうと -> といあわせる
random vs minimax,random,minimax,D10000_seed0_random_vs_minimax_0,10000,0,second,ended_with_n,41,first,random,る,といあわせる,るうれつと,る,と,と,5e-06,False,0.0,,,,,,はんそく -> くろぎぬ -> ぬりかえる -> るうぶる -> るぽるたあじゆ -> ゆきわたる -> るいせき -> きいる -> るうふ -> ふあいる -> るいけい -> いあわせる -> るぽ -> ぽけつとべる -> るり -> りこおる -> るああ -> あいてどる -> るねつさんす -> すえる -> るうぷ -> ぷうる -> るんげ -> げえとぼおる -> るう -> うえる -> るびい -> いからせる -> るうる -> るみのおる -> るうきい -> いきかえる -> るび -> びいぐる -> るい -> いきる -> るいじあな -> ないる -> るうと -> といあわせる -> るうれつと
random vs minimax,random,minimax,D10000_seed0_random_vs_minimax_0,10000,0,second,ended_with_n,42,second,minimax,と,るうれつと,とうじる,と,る,る,0.004624,False,1000000.0,3,3,True,,20,はんそく -> くろぎぬ -> ぬりかえる -> るうぶる -> るぽるたあじゆ -> ゆきわたる -> るいせき -> きいる -> るうふ -> ふあいる -> るいけい -> いあわせる -> るぽ -> ぽけつとべる -> るり -> りこおる -> るああ -> あいてどる -> るねつさんす -> すえる -> るうぷ -> ぷうる -> るんげ -> げえとぼおる -> るう -> うえる -> るびい -> いからせる -> るうる -> るみのおる -> るうきい -> いきかえる -> るび -> びいぐる -> るい -> いきる -> るいじあな -> ないる -> るうと -> といあわせる -> るうれつと -> とうじる
random vs minimax,random,minimax,D10000_seed0_random_vs_minimax_0,10000,0,second,ended_with_n,43,first,random,る,とうじる,るうちん,る,ん,,5e-06,False,0.0,,,,,,はんそく -> くろぎぬ -> ぬりかえる -> るうぶる -> るぽるたあじゆ -> ゆきわたる -> るいせき -> きいる -> るうふ -> ふあいる -> るいけい -> いあわせる -> るぽ -> ぽけつとべる -> るり -> りこおる -> るああ -> あいてどる -> るねつさんす -> すえる -> るうぷ -> ぷうる -> るんげ -> げえとぼおる -> るう -> うえる -> るびい -> いからせる -> るうる -> るみのおる -> るうきい -> いきかえる -> るび -> びいぐる -> るい -> いきる -> るいじあな -> ないる -> るうと -> といあわせる -> るうれつと -> とうじる -> るうちん
random vs monte_carlo,random,monte_carlo,D10000_seed0_random_vs_monte_carlo_0,10000,0,second,ended_with_n,1,first,random,ANY,,はんそく,は,く,く,0.00069,False,0.0,,,,,,はんそく
random vs monte_carlo,random,monte_carlo,D10000_seed0_random_vs_monte_carlo_0,10000,0,second,ended_with_n,2,second,monte_carlo,く,はんそく,くろぎぬ,く,ぬ,ぬ,1.549016,False,0.43499999999999994,,,,,,はんそく -> くろぎぬ
random vs monte_carlo,random,monte_carlo,D10000_seed0_random_vs_monte_carlo_0,10000,0,second,ended_with_n,3,first,random,ぬ,くろぎぬ,ぬりかえる,ぬ,る,る,5e-06,False,0.0,,,,,,はんそく -> くろぎぬ -> ぬりかえる
random vs monte_carlo,random,monte_carlo,D10000_seed0_random_vs_monte_carlo_0,10000,0,second,ended_with_n,4,second,monte_carlo,る,ぬりかえる,るいけい,る,い,い,1.560347,False,0.45999999999999996,,,,,,はんそく -> くろぎぬ -> ぬりかえる -> るいけい
random vs monte_carlo,random,monte_carlo,D10000_seed0_random_vs_monte_carlo_0,10000,0,second,ended_with_n,5,first,random,い,るいけい,いけ,い,け,け,6.9e-05,False,0.0,,,,,,はんそく -> くろぎぬ -> ぬりかえる -> るいけい -> いけ
random vs monte_carlo,random,monte_carlo,D10000_seed0_random_vs_monte_carlo_0,10000,0,second,ended_with_n,6,second,monte_carlo,け,いけ,けいゆ,け,ゆ,ゆ,1.286154,False,0.43999999999999995,,,,,,はんそく -> くろぎぬ -> ぬりかえる -> るいけい -> いけ -> けいゆ
random vs monte_carlo,random,monte_carlo,D10000_seed0_random_vs_monte_carlo_0,10000,0,second,ended_with_n,7,first,random,ゆ,けいゆ,ゆうじや,ゆ,や,や,1.4e-05,False,0.0,,,,,,はんそく -> くろぎぬ -> ぬりかえる -> るいけい -> いけ -> けいゆ -> ゆうじや
random vs monte_carlo,random,monte_carlo,D10000_seed0_random_vs_monte_carlo_0,10000,0,second,ended_with_n,8,second,monte_carlo,や,ゆうじや,やめる,や,る,る,1.732276,False,0.4299999999999999,,,,,,はんそく -> くろぎぬ -> ぬりかえる -> るいけい -> いけ -> けいゆ -> ゆうじや -> やめる
random vs monte_carlo,random,monte_carlo,D10000_seed0_random_vs_monte_carlo_0,10000,0,second,ended_with_n,9,first,random,る,やめる,るうる,る,る,る,1.4e-05,False,0.0,,,,,,はんそく -> くろぎぬ -> ぬりかえる -> るいけい -> いけ -> けいゆ -> ゆうじや -> やめる -> るうる
random vs monte_carlo,random,monte_carlo,D10000_seed0_random_vs_monte_carlo_0,10000,0,second,ended_with_n,10,second,monte_carlo,る,るうる,るう,る,う,う,1.751486,False,0.43000000000000005,,,,,,はんそく -> くろぎぬ -> ぬりかえる -> るいけい -> いけ -> けいゆ -> ゆうじや -> やめる -> るうる -> るう
random vs monte_carlo,random,monte_carlo,D10000_seed0_random_vs_monte_carlo_0,10000,0,second,ended_with_n,11,first,random,う,るう,うけおう,う,う,う,1.6e-05,False,0.0,,,,,,はんそく -> くろぎぬ -> ぬりかえる -> るいけい -> いけ -> けいゆ -> ゆうじや -> やめる -> るうる -> るう -> うけおう
random vs monte_carlo,random,monte_carlo,D10000_seed0_random_vs_monte_carlo_0,10000,0,second,ended_with_n,12,second,monte_carlo,う,うけおう,うすれる,う,る,る,1.047976,False,0.53,,,,,,はんそく -> くろぎぬ -> ぬりかえる -> るいけい -> いけ -> けいゆ -> ゆうじや -> やめる -> るうる -> るう -> うけおう -> うすれる
random vs monte_carlo,random,monte_carlo,D10000_seed0_random_vs_monte_carlo_0,10000,0,second,ended_with_n,13,first,random,る,うすれる,るうふ,る,ふ,ふ,3e-06,False,0.0,,,,,,はんそく -> くろぎぬ -> ぬりかえる -> るいけい -> いけ -> けいゆ -> ゆうじや -> やめる -> るうる -> るう -> うけおう -> うすれる -> るうふ
random vs monte_carlo,random,monte_carlo,D10000_seed0_random_vs_monte_carlo_0,10000,0,second,ended_with_n,14,second,monte_carlo,ふ,るうふ,ふりいすたいる,ふ,る,る,0.890687,False,0.54,,,,,,はんそく -> くろぎぬ -> ぬりかえる -> るいけい -> いけ -> けいゆ -> ゆうじや -> やめる -> るうる -> るう -> うけおう -> うすれる -> るうふ -> ふりいすたいる
random vs monte_carlo,random,monte_carlo,D10000_seed0_random_vs_monte_carlo_0,10000,0,second,ended_with_n,15,first,random,る,ふりいすたいる,るいじあな,る,な,な,3e-06,False,0.0,,,,,,はんそく -> くろぎぬ -> ぬりかえる -> るいけい -> いけ -> けいゆ -> ゆうじや -> やめる -> るうる -> るう -> うけおう -> うすれる -> るうふ -> ふりいすたいる -> るいじあな
random vs monte_carlo,random,monte_carlo,D10000_seed0_random_vs_monte_carlo_0,10000,0,second,ended_with_n,16,second,monte_carlo,な,るいじあな,なげる,な,る,る,0.807822,False,0.6425000000000001,,,,,,はんそく -> くろぎぬ -> ぬりかえる -> るいけい -> いけ -> けいゆ -> ゆうじや -> やめる -> るうる -> るう -> うけおう -> うすれる -> るうふ -> ふりいすたいる -> るいじあな -> なげる
random vs monte_carlo,random,monte_carlo,D10000_seed0_random_vs_monte_carlo_0,10000,0,second,ended_with_n,17,first,random,る,なげる,るうぶる,る,る,る,4e-06,False,0.0,,,,,,はんそく -> くろぎぬ -> ぬりかえる -> るいけい -> いけ -> けいゆ -> ゆうじや -> やめる -> るうる -> るう -> うけおう -> うすれる -> るうふ -> ふりいすたいる -> るいじあな -> なげる -> るうぶる
random vs monte_carlo,random,monte_carlo,D10000_seed0_random_vs_monte_carlo_0,10000,0,second,ended_with_n,18,second,monte_carlo,る,るうぶる,るうと,る,と,と,0.581779,False,0.6199999999999999,,,,,,はんそく -> くろぎぬ -> ぬりかえる -> るいけい -> いけ -> けいゆ -> ゆうじや -> やめる -> るうる -> るう -> うけおう -> うすれる -> るうふ -> ふりいすたいる -> るいじあな -> なげる -> るうぶる -> るうと
random vs monte_carlo,random,monte_carlo,D10000_seed0_random_vs_monte_carlo_0,10000,0,second,ended_with_n,19,first,random,と,るうと,とおきい,と,い,い,1.9e-05,False,0.0,,,,,,はんそく -> くろぎぬ -> ぬりかえる -> るいけい -> いけ -> けいゆ -> ゆうじや -> やめる -> るうる -> るう -> うけおう -> うすれる -> るうふ -> ふりいすたいる -> るいじあな -> なげる -> るうぶる -> るうと -> とおきい
random vs monte_carlo,random,monte_carlo,D10000_seed0_random_vs_monte_carlo_0,10000,0,second,ended_with_n,20,second,monte_carlo,い,とおきい,いさる,い,る,る,0.650273,False,0.6300000000000001,,,,,,はんそく -> くろぎぬ -> ぬりかえる -> るいけい -> いけ -> けいゆ -> ゆうじや -> やめる -> るうる -> るう -> うけおう -> うすれる -> るうふ -> ふりいすたいる -> るいじあな -> なげる -> るうぶる -> るうと -> とおきい -> いさる
random vs monte_carlo,random,monte_carlo,D10000_seed0_random_vs_monte_carlo_0,10000,0,second,ended_with_n,21,first,random,る,いさる,るぽるたあじゆ,る,ゆ,ゆ,4e-06,False,0.0,,,,,,はんそく -> くろぎぬ -> ぬりかえる -> るいけい -> いけ -> けいゆ -> ゆうじや -> やめる -> るうる -> るう -> うけおう -> うすれる -> るうふ -> ふりいすたいる -> るいじあな -> なげる -> るうぶる -> るうと -> とおきい -> いさる -> るぽるたあじゆ
random vs monte_carlo,random,monte_carlo,D10000_seed0_random_vs_monte_carlo_0,10000,0,second,ended_with_n,22,second,monte_carlo,ゆ,るぽるたあじゆ,ゆる,ゆ,る,る,0.641334,False,0.8099999999999999,,,,,,はんそく -> くろぎぬ -> ぬりかえる -> るいけい -> いけ -> けいゆ -> ゆうじや -> やめる -> るうる -> るう -> うけおう -> うすれる -> るうふ -> ふりいすたいる -> るいじあな -> なげる -> るうぶる -> るうと -> とおきい -> いさる -> るぽるたあじゆ -> ゆる
random vs monte_carlo,random,monte_carlo,D10000_seed0_random_vs_monte_carlo_0,10000,0,second,ended_with_n,23,first,random,る,ゆる,るびい,る,い,い,6e-06,False,0.0,,,,,,はんそく -> くろぎぬ -> ぬりかえる -> るいけい -> いけ -> けいゆ -> ゆうじや -> やめる -> るうる -> るう -> うけおう -> うすれる -> るうふ -> ふりいすたいる -> るいじあな -> なげる -> るうぶる -> るうと -> とおきい -> いさる -> るぽるたあじゆ -> ゆる -> るびい
random vs monte_carlo,random,monte_carlo,D10000_seed0_random_vs_monte_carlo_0,10000,0,second,ended_with_n,24,second,monte_carlo,い,るびい,いただける,い,る,る,0.652352,False,0.9,,,,,,はんそく -> くろぎぬ -> ぬりかえる -> るいけい -> いけ -> けいゆ -> ゆうじや -> やめる -> るうる -> るう -> うけおう -> うすれる -> るうふ -> ふりいすたいる -> るいじあな -> なげる -> るうぶる -> るうと -> とおきい -> いさる -> るぽるたあじゆ -> ゆる -> るびい -> いただける
random vs monte_carlo,random,monte_carlo,D10000_seed0_random_vs_monte_carlo_0,10000,0,second,ended_with_n,25,first,random,る,いただける,るみのおる,る,る,る,4e-06,False,0.0,,,,,,はんそく -> くろぎぬ -> ぬりかえる -> るいけい -> いけ -> けいゆ -> ゆうじや -> やめる -> るうる -> るう -> うけおう -> うすれる -> るうふ -> ふりいすたいる -> るいじあな -> なげる -> るうぶる -> るうと -> とおきい -> いさる -> るぽるたあじゆ -> ゆる -> るびい -> いただける -> るみのおる
random vs monte_carlo,random,monte_carlo,D10000_seed0_random_vs_monte_carlo_0,10000,0,second,ended_with_n,26,second,monte_carlo,る,るみのおる,るうれつと,る,と,と,0.331812,False,0.8,,,,,,はんそく -> くろぎぬ -> ぬりかえる -> るいけい -> いけ -> けいゆ -> ゆうじや -> やめる -> るうる -> るう -> うけおう -> うすれる -> るうふ -> ふりいすたいる -> るいじあな -> なげる -> るうぶる -> るうと -> とおきい -> いさる -> るぽるたあじゆ -> ゆる -> るびい -> いただける -> るみのおる -> るうれつと
random vs monte_carlo,random,monte_carlo,D10000_seed0_random_vs_monte_carlo_0,10000,0,second,ended_with_n,27,first,random,と,るうれつと,とかく,と,く,く,2.5e-05,False,0.0,,,,,,はんそく -> くろぎぬ -> ぬりかえる -> るいけい -> いけ -> けいゆ -> ゆうじや -> やめる -> るうる -> るう -> うけおう -> うすれる -> るうふ -> ふりいすたいる -> るいじあな -> なげる -> るうぶる -> るうと -> とおきい -> いさる -> るぽるたあじゆ -> ゆる -> るびい -> いただける -> るみのおる -> るうれつと -> とかく
random vs monte_carlo,random,monte_carlo,D10000_seed0_random_vs_monte_carlo_0,10000,0,second,ended_with_n,28,second,monte_carlo,く,とかく,くろにくる,く,る,る,0.549836,False,0.8,,,,,,はんそく -> くろぎぬ -> ぬりかえる -> るいけい -> いけ -> けいゆ -> ゆうじや -> やめる -> るうる -> るう -> うけおう -> うすれる -> るうふ -> ふりいすたいる -> るいじあな -> なげる -> るうぶる -> るうと -> とおきい -> いさる -> るぽるたあじゆ -> ゆる -> るびい -> いただける -> るみのおる -> るうれつと -> とかく -> くろにくる
random vs monte_carlo,random,monte_carlo,D10000_seed0_random_vs_monte_carlo_0,10000,0,second,ended_with_n,29,first,random,る,くろにくる,るぽ,る,ぽ,ぽ,4e-06,False,0.0,,,,,,はんそく -> くろぎぬ -> ぬりかえる -> るいけい -> いけ -> けいゆ -> ゆうじや -> やめる -> るうる -> るう -> うけおう -> うすれる -> るうふ -> ふりいすたいる -> るいじあな -> なげる -> るうぶる -> るうと -> とおきい -> いさる -> るぽるたあじゆ -> ゆる -> るびい -> いただける -> るみのおる -> るうれつと -> とかく -> くろにくる -> るぽ
random vs monte_carlo,random,monte_carlo,D10000_seed0_random_vs_monte_carlo_0,10000,0,second,ended_with_n,30,second,monte_carlo,ぽ,るぽ,ぽんぷ,ぽ,ぷ,ぷ,0.526398,False,0.6,,,,,,はんそく -> くろぎぬ -> ぬりかえる -> るいけい -> いけ -> けいゆ -> ゆうじや -> やめる -> るうる -> るう -> うけおう -> うすれる -> るうふ -> ふりいすたいる -> るいじあな -> なげる -> るうぶる -> るうと -> とおきい -> いさる -> るぽるたあじゆ -> ゆる -> るびい -> いただける -> るみのおる -> るうれつと -> とかく -> くろにくる -> るぽ -> ぽんぷ
random vs monte_carlo,random,monte_carlo,D10000_seed0_random_vs_monte_carlo_0,10000,0,second,ended_with_n,31,first,random,ぷ,ぽんぷ,ぷりてい,ぷ,い,い,6e-06,False,0.0,,,,,,はんそく -> くろぎぬ -> ぬりかえる -> るいけい -> いけ -> けいゆ -> ゆうじや -> やめる -> るうる -> るう -> うけおう -> うすれる -> るうふ -> ふりいすたいる -> るいじあな -> なげる -> るうぶる -> るうと -> とおきい -> いさる -> るぽるたあじゆ -> ゆる -> るびい -> いただける -> るみのおる -> るうれつと -> とかく -> くろにくる -> るぽ -> ぽんぷ -> ぷりてい
random vs monte_carlo,random,monte_carlo,D10000_seed0_random_vs_monte_carlo_0,10000,0,second,ended_with_n,32,second,monte_carlo,い,ぷりてい,いばる,い,る,る,0.444625,False,0.8,,,,,,はんそく -> くろぎぬ -> ぬりかえる -> るいけい -> いけ -> けいゆ -> ゆうじや -> やめる -> るうる -> るう -> うけおう -> うすれる -> るうふ -> ふりいすたいる -> るいじあな -> なげる -> るうぶる -> るうと -> とおきい -> いさる -> るぽるたあじゆ -> ゆる -> るびい -> いただける -> るみのおる -> るうれつと -> とかく -> くろにくる -> るぽ -> ぽんぷ -> ぷりてい -> いばる
random vs monte_carlo,random,monte_carlo,D10000_seed0_random_vs_monte_carlo_0,10000,0,second,ended_with_n,33,first,random,る,いばる,るび,る,び,び,4e-06,False,0.0,,,,,,はんそく -> くろぎぬ -> ぬりかえる -> るいけい -> いけ -> けいゆ -> ゆうじや -> やめる -> るうる -> るう -> うけおう -> うすれる -> るうふ -> ふりいすたいる -> るいじあな -> なげる -> るうぶる -> るうと -> とおきい -> いさる -> るぽるたあじゆ -> ゆる -> るびい -> いただける -> るみのおる -> るうれつと -> とかく -> くろにくる -> るぽ -> ぽんぷ -> ぷりてい -> いばる -> るび
random vs monte_carlo,random,monte_carlo,D10000_seed0_random_vs_monte_carlo_0,10000,0,second,ended_with_n,34,second,monte_carlo,び,るび,びえんなあれ,び,れ,れ,0.493485,False,0.8,,,,,,はんそく -> くろぎぬ -> ぬりかえる -> るいけい -> いけ -> けいゆ -> ゆうじや -> やめる -> るうる -> るう -> うけおう -> うすれる -> るうふ -> ふりいすたいる -> るいじあな -> なげる -> るうぶる -> るうと -> とおきい -> いさる -> るぽるたあじゆ -> ゆる -> るびい -> いただける -> るみのおる -> るうれつと -> とかく -> くろにくる -> るぽ -> ぽんぷ -> ぷりてい -> いばる -> るび -> びえんなあれ
random vs monte_carlo,random,monte_carlo,D10000_seed0_random_vs_monte_carlo_0,10000,0,second,ended_with_n,35,first,random,れ,びえんなあれ,れこおど,れ,ど,ど,1.1e-05,False,0.0,,,,,,はんそく -> くろぎぬ -> ぬりかえる -> るいけい -> いけ -> けいゆ -> ゆうじや -> やめる -> るうる -> るう -> うけおう -> うすれる -> るうふ -> ふりいすたいる -> るいじあな -> なげる -> るうぶる -> るうと -> とおきい -> いさる -> るぽるたあじゆ -> ゆる -> るびい -> いただける -> るみのおる -> るうれつと -> とかく -> くろにくる -> るぽ -> ぽんぷ -> ぷりてい -> いばる -> るび -> びえんなあれ -> れこおど
random vs monte_carlo,random,monte_carlo,D10000_seed0_random_vs_monte_carlo_0,10000,0,second,ended_with_n,36,second,monte_carlo,ど,れこおど,どなりこむ,ど,む,む,0.533503,False,0.9,,,,,,はんそく -> くろぎぬ -> ぬりかえる -> るいけい -> いけ -> けいゆ -> ゆうじや -> やめる -> るうる -> るう -> うけおう -> うすれる -> るうふ -> ふりいすたいる -> るいじあな -> なげる -> るうぶる -> るうと -> とおきい -> いさる -> るぽるたあじゆ -> ゆる -> るびい -> いただける -> るみのおる -> るうれつと -> とかく -> くろにくる -> るぽ -> ぽんぷ -> ぷりてい -> いばる -> るび -> びえんなあれ -> れこおど -> どなりこむ
random vs monte_carlo,random,monte_carlo,D10000_seed0_random_vs_monte_carlo_0,10000,0,second,ended_with_n,37,first,random,む,どなりこむ,むきめい,む,い,い,1e-05,False,0.0,,,,,,はんそく -> くろぎぬ -> ぬりかえる -> るいけい -> いけ -> けいゆ -> ゆうじや -> やめる -> るうる -> るう -> うけおう -> うすれる -> るうふ -> ふりいすたいる -> るいじあな -> なげる -> るうぶる -> るうと -> とおきい -> いさる -> るぽるたあじゆ -> ゆる -> るびい -> いただける -> るみのおる -> るうれつと -> とかく -> くろにくる -> るぽ -> ぽんぷ -> ぷりてい -> いばる -> るび -> びえんなあれ -> れこおど -> どなりこむ -> むきめい
random vs monte_carlo,random,monte_carlo,D10000_seed0_random_vs_monte_carlo_0,10000,0,second,ended_with_n,38,second,monte_carlo,い,むきめい,いくたび,い,び,び,0.4695,False,0.9,,,,,,はんそく -> くろぎぬ -> ぬりかえる -> るいけい -> いけ -> けいゆ -> ゆうじや -> やめる -> るうる -> るう -> うけおう -> うすれる -> るうふ -> ふりいすたいる -> るいじあな -> なげる -> るうぶる -> るうと -> とおきい -> いさる -> るぽるたあじゆ -> ゆる -> るびい -> いただける -> るみのおる -> るうれつと -> とかく -> くろにくる -> るぽ -> ぽんぷ -> ぷりてい -> いばる -> るび -> びえんなあれ -> れこおど -> どなりこむ -> むきめい -> いくたび
random vs monte_carlo,random,monte_carlo,D10000_seed0_random_vs_monte_carlo_0,10000,0,second,ended_with_n,39,first,random,び,いくたび,びようじよう,び,う,う,8e-06,False,0.0,,,,,,はんそく -> くろぎぬ -> ぬりかえる -> るいけい -> いけ -> けいゆ -> ゆうじや -> やめる -> るうる -> るう -> うけおう -> うすれる -> るうふ -> ふりいすたいる -> るいじあな -> なげる -> るうぶる -> るうと -> とおきい -> いさる -> るぽるたあじゆ -> ゆる -> るびい -> いただける -> るみのおる -> るうれつと -> とかく -> くろにくる -> るぽ -> ぽんぷ -> ぷりてい -> いばる -> るび -> びえんなあれ -> れこおど -> どなりこむ -> むきめい -> いくたび -> びようじよう
random vs monte_carlo,random,monte_carlo,D10000_seed0_random_vs_monte_carlo_0,10000,0,second,ended_with_n,40,second,monte_carlo,う,びようじよう,うけたまわる,う,る,る,0.419817,False,0.8,,,,,,はんそく -> くろぎぬ -> ぬりかえる -> るいけい -> いけ -> けいゆ -> ゆうじや -> やめる -> るうる -> るう -> うけおう -> うすれる -> るうふ -> ふりいすたいる -> るいじあな -> なげる -> るうぶる -> るうと -> とおきい -> いさる -> るぽるたあじゆ -> ゆる -> るびい -> いただける -> るみのおる -> るうれつと -> とかく -> くろにくる -> るぽ -> ぽんぷ -> ぷりてい -> いばる -> るび -> びえんなあれ -> れこおど -> どなりこむ -> むきめい -> いくたび -> びようじよう -> うけたまわる
random vs monte_carlo,random,monte_carlo,D10000_seed0_random_vs_monte_carlo_0,10000,0,second,ended_with_n,41,first,random,る,うけたまわる,るい,る,い,い,4e-06,False,0.0,,,,,,はんそく -> くろぎぬ -> ぬりかえる -> るいけい -> いけ -> けいゆ -> ゆうじや -> やめる -> るうる -> るう -> うけおう -> うすれる -> るうふ -> ふりいすたいる -> るいじあな -> なげる -> るうぶる -> るうと -> とおきい -> いさる -> るぽるたあじゆ -> ゆる -> るびい -> いただける -> るみのおる -> るうれつと -> とかく -> くろにくる -> るぽ -> ぽんぷ -> ぷりてい -> いばる -> るび -> びえんなあれ -> れこおど -> どなりこむ -> むきめい -> いくたび -> びようじよう -> うけたまわる -> るい
random vs monte_carlo,random,monte_carlo,D10000_seed0_random_vs_monte_carlo_0,10000,0,second,ended_with_n,42,second,monte_carlo,い,るい,いじる,い,る,る,0.329483,False,0.8,,,,,,はんそく -> くろぎぬ -> ぬりかえる -> るいけい -> いけ -> けいゆ -> ゆうじや -> やめる -> るうる -> るう -> うけおう -> うすれる -> るうふ -> ふりいすたいる -> るいじあな -> なげる -> るうぶる -> るうと -> とおきい -> いさる -> るぽるたあじゆ -> ゆる -> るびい -> いただける -> るみのおる -> るうれつと -> とかく -> くろにくる -> るぽ -> ぽんぷ -> ぷりてい -> いばる -> るび -> びえんなあれ -> れこおど -> どなりこむ -> むきめい -> いくたび -> びようじよう -> うけたまわる -> るい -> いじる
random vs monte_carlo,random,monte_carlo,D10000_seed0_random_vs_monte_carlo_0,10000,0,second,ended_with_n,43,first,random,る,いじる,るうぷ,る,ぷ,ぷ,3e-06,False,0.0,,,,,,はんそく -> くろぎぬ -> ぬりかえる -> るいけい -> いけ -> けいゆ -> ゆうじや -> やめる -> るうる -> るう -> うけおう -> うすれる -> るうふ -> ふりいすたいる -> るいじあな -> なげる -> るうぶる -> るうと -> とおきい -> いさる -> るぽるたあじゆ -> ゆる -> るびい -> いただける -> るみのおる -> るうれつと -> とかく -> くろにくる -> るぽ -> ぽんぷ -> ぷりてい -> いばる -> るび -> びえんなあれ -> れこおど -> どなりこむ -> むきめい -> いくたび -> びようじよう -> うけたまわる -> るい -> いじる -> るうぷ
random vs monte_carlo,random,monte_carlo,D10000_seed0_random_vs_monte_carlo_0,10000,0,second,ended_with_n,44,second,monte_carlo,ぷ,るうぷ,ぷらいむたいむ,ぷ,む,む,0.312565,False,0.9,,,,,,はんそく -> くろぎぬ -> ぬりかえる -> るいけい -> いけ -> けいゆ -> ゆうじや -> やめる -> るうる -> るう -> うけおう -> うすれる -> るうふ -> ふりいすたいる -> るいじあな -> なげる -> るうぶる -> るうと -> とおきい -> いさる -> るぽるたあじゆ -> ゆる -> るびい -> いただける -> るみのおる -> るうれつと -> とかく -> くろにくる -> るぽ -> ぽんぷ -> ぷりてい -> いばる -> るび -> びえんなあれ -> れこおど -> どなりこむ -> むきめい -> いくたび -> びようじよう -> うけたまわる -> るい -> いじる -> るうぷ -> ぷらいむたいむ
random vs monte_carlo,random,monte_carlo,D10000_seed0_random_vs_monte_carlo_0,10000,0,second,ended_with_n,45,first,random,む,ぷらいむたいむ,むくち,む,ち,ち,8e-06,False,0.0,,,,,,はんそく -> くろぎぬ -> ぬりかえる -> るいけい -> いけ -> けいゆ -> ゆうじや -> やめる -> るうる -> るう -> うけおう -> うすれる -> るうふ -> ふりいすたいる -> るいじあな -> なげる -> るうぶる -> るうと -> とおきい -> いさる -> るぽるたあじゆ -> ゆる -> るびい -> いただける -> るみのおる -> るうれつと -> とかく -> くろにくる -> るぽ -> ぽんぷ -> ぷりてい -> いばる -> るび -> びえんなあれ -> れこおど -> どなりこむ -> むきめい -> いくたび -> びようじよう -> うけたまわる -> るい -> いじる -> るうぷ -> ぷらいむたいむ -> むくち
random vs monte_carlo,random,monte_carlo,D10000_seed0_random_vs_monte_carlo_0,10000,0,second,ended_with_n,46,second,monte_carlo,ち,むくち,ちかよる,ち,る,る,0.321935,False,0.8,,,,,,はんそく -> くろぎぬ -> ぬりかえる -> るいけい -> いけ -> けいゆ -> ゆうじや -> やめる -> るうる -> るう -> うけおう -> うすれる -> るうふ -> ふりいすたいる -> るいじあな -> なげる -> るうぶる -> るうと -> とおきい -> いさる -> るぽるたあじゆ -> ゆる -> るびい -> いただける -> るみのおる -> るうれつと -> とかく -> くろにくる -> るぽ -> ぽんぷ -> ぷりてい -> いばる -> るび -> びえんなあれ -> れこおど -> どなりこむ -> むきめい -> いくたび -> びようじよう -> うけたまわる -> るい -> いじる -> るうぷ -> ぷらいむたいむ -> むくち -> ちかよる
random vs monte_carlo,random,monte_carlo,D10000_seed0_random_vs_monte_carlo_0,10000,0,second,ended_with_n,47,first,random,る,ちかよる,るんげ,る,げ,げ,4e-06,False,0.0,,,,,,はんそく -> くろぎぬ -> ぬりかえる -> るいけい -> いけ -> けいゆ -> ゆうじや -> やめる -> るうる -> るう -> うけおう -> うすれる -> るうふ -> ふりいすたいる -> るいじあな -> なげる -> るうぶる -> るうと -> とおきい -> いさる -> るぽるたあじゆ -> ゆる -> るびい -> いただける -> るみのおる -> るうれつと -> とかく -> くろにくる -> るぽ -> ぽんぷ -> ぷりてい -> いばる -> るび -> びえんなあれ -> れこおど -> どなりこむ -> むきめい -> いくたび -> びようじよう -> うけたまわる -> るい -> いじる -> るうぷ -> ぷらいむたいむ -> むくち -> ちかよる -> るんげ
random vs monte_carlo,random,monte_carlo,D10000_seed0_random_vs_monte_carlo_0,10000,0,second,ended_with_n,48,second,monte_carlo,げ,るんげ,げつぷ,げ,ぷ,ぷ,0.420763,False,0.8,,,,,,はんそく -> くろぎぬ -> ぬりかえる -> るいけい -> いけ -> けいゆ -> ゆうじや -> やめる -> るうる -> るう -> うけおう -> うすれる -> るうふ -> ふりいすたいる -> るいじあな -> なげる -> るうぶる -> るうと -> とおきい -> いさる -> るぽるたあじゆ -> ゆる -> るびい -> いただける -> るみのおる -> るうれつと -> とかく -> くろにくる -> るぽ -> ぽんぷ -> ぷりてい -> いばる -> るび -> びえんなあれ -> れこおど -> どなりこむ -> むきめい -> いくたび -> びようじよう -> うけたまわる -> るい -> いじる -> るうぷ -> ぷらいむたいむ -> むくち -> ちかよる -> るんげ -> げつぷ
random vs monte_carlo,random,monte_carlo,D10000_seed0_random_vs_monte_carlo_0,10000,0,second,ended_with_n,49,first,random,ぷ,げつぷ,ぷらいむれえと,ぷ,と,と,7e-06,False,0.0,,,,,,はんそく -> くろぎぬ -> ぬりかえる -> るいけい -> いけ -> けいゆ -> ゆうじや -> やめる -> るうる -> るう -> うけおう -> うすれる -> るうふ -> ふりいすたいる -> るいじあな -> なげる -> るうぶる -> るうと -> とおきい -> いさる -> るぽるたあじゆ -> ゆる -> るびい -> いただける -> るみのおる -> るうれつと -> とかく -> くろにくる -> るぽ -> ぽんぷ -> ぷりてい -> いばる -> るび -> びえんなあれ -> れこおど -> どなりこむ -> むきめい -> いくたび -> びようじよう -> うけたまわる -> るい -> いじる -> るうぷ -> ぷらいむたいむ -> むくち -> ちかよる -> るんげ -> げつぷ -> ぷらいむれえと
random vs monte_carlo,random,monte_carlo,D10000_seed0_random_vs_monte_carlo_0,10000,0,second,ended_with_n,50,second,monte_carlo,と,ぷらいむれえと,とする,と,る,る,0.285221,False,0.8,,,,,,はんそく -> くろぎぬ -> ぬりかえる -> るいけい -> いけ -> けいゆ -> ゆうじや -> やめる -> るうる -> るう -> うけおう -> うすれる -> るうふ -> ふりいすたいる -> るいじあな -> なげる -> るうぶる -> るうと -> とおきい -> いさる -> るぽるたあじゆ -> ゆる -> るびい -> いただける -> るみのおる -> るうれつと -> とかく -> くろにくる -> るぽ -> ぽんぷ -> ぷりてい -> いばる -> るび -> びえんなあれ -> れこおど -> どなりこむ -> むきめい -> いくたび -> びようじよう -> うけたまわる -> るい -> いじる -> るうぷ -> ぷらいむたいむ -> むくち -> ちかよる -> るんげ -> げつぷ -> ぷらいむれえと -> とする
random vs monte_carlo,random,monte_carlo,D10000_seed0_random_vs_monte_carlo_0,10000,0,second,ended_with_n,51,first,random,る,とする,るねつさんす,る,す,す,4e-06,False,0.0,,,,,,はんそく -> くろぎぬ -> ぬりかえる -> るいけい -> いけ -> けいゆ -> ゆうじや -> やめる -> るうる -> るう -> うけおう -> うすれる -> るうふ -> ふりいすたいる -> るいじあな -> なげる -> るうぶる -> るうと -> とおきい -> いさる -> るぽるたあじゆ -> ゆる -> るびい -> いただける -> るみのおる -> るうれつと -> とかく -> くろにくる -> るぽ -> ぽんぷ -> ぷりてい -> いばる -> るび -> びえんなあれ -> れこおど -> どなりこむ -> むきめい -> いくたび -> びようじよう -> うけたまわる -> るい -> いじる -> るうぷ -> ぷらいむたいむ -> むくち -> ちかよる -> るんげ -> げつぷ -> ぷらいむれえと -> とする -> るねつさんす
random vs monte_carlo,random,monte_carlo,D10000_seed0_random_vs_monte_carlo_0,10000,0,second,ended_with_n,52,second,monte_carlo,す,るねつさんす,すたいる,す,る,る,0.235584,False,0.9,,,,,,はんそく -> くろぎぬ -> ぬりかえる -> るいけい -> いけ -> けいゆ -> ゆうじや -> やめる -> るうる -> るう -> うけおう -> うすれる -> るうふ -> ふりいすたいる -> るいじあな -> なげる -> るうぶる -> るうと -> とおきい -> いさる -> るぽるたあじゆ -> ゆる -> るびい -> いただける -> るみのおる -> るうれつと -> とかく -> くろにくる -> るぽ -> ぽんぷ -> ぷりてい -> いばる -> るび -> びえんなあれ -> れこおど -> どなりこむ -> むきめい -> いくたび -> びようじよう -> うけたまわる -> るい -> いじる -> るうぷ -> ぷらいむたいむ -> むくち -> ちかよる -> るんげ -> げつぷ -> ぷらいむれえと -> とする -> るねつさんす -> すたいる
random vs monte_carlo,random,monte_carlo,D10000_seed0_random_vs_monte_carlo_0,10000,0,second,ended_with_n,53,first,random,る,すたいる,るいせき,る,き,き,4e-06,False,0.0,,,,,,はんそく -> くろぎぬ -> ぬりかえる -> るいけい -> いけ -> けいゆ -> ゆうじや -> やめる -> るうる -> るう -> うけおう -> うすれる -> るうふ -> ふりいすたいる -> るいじあな -> なげる -> るうぶる -> るうと -> とおきい -> いさる -> るぽるたあじゆ -> ゆる -> るびい -> いただける -> るみのおる -> るうれつと -> とかく -> くろにくる -> るぽ -> ぽんぷ -> ぷりてい -> いばる -> るび -> びえんなあれ -> れこおど -> どなりこむ -> むきめい -> いくたび -> びようじよう -> うけたまわる -> るい -> いじる -> るうぷ -> ぷらいむたいむ -> むくち -> ちかよる -> るんげ -> げつぷ -> ぷらいむれえと -> とする -> るねつさんす -> すたいる -> るいせき
random vs monte_carlo,random,monte_carlo,D10000_seed0_random_vs_monte_carlo_0,10000,0,second,ended_with_n,54,second,monte_carlo,き,るいせき,きどる,き,る,る,0.153403,False,0.8,,,,,,はんそく -> くろぎぬ -> ぬりかえる -> るいけい -> いけ -> けいゆ -> ゆうじや -> やめる -> るうる -> るう -> うけおう -> うすれる -> るうふ -> ふりいすたいる -> るいじあな -> なげる -> るうぶる -> るうと -> とおきい -> いさる -> るぽるたあじゆ -> ゆる -> るびい -> いただける -> るみのおる -> るうれつと -> とかく -> くろにくる -> るぽ -> ぽんぷ -> ぷりてい -> いばる -> るび -> びえんなあれ -> れこおど -> どなりこむ -> むきめい -> いくたび -> びようじよう -> うけたまわる -> るい -> いじる -> るうぷ -> ぷらいむたいむ -> むくち -> ちかよる -> るんげ -> げつぷ -> ぷらいむれえと -> とする -> るねつさんす -> すたいる -> るいせき -> きどる
random vs monte_carlo,random,monte_carlo,D10000_seed0_random_vs_monte_carlo_0,10000,0,second,ended_with_n,55,first,random,る,きどる,るうきい,る,い,い,3e-06,False,0.0,,,,,,はんそく -> くろぎぬ -> ぬりかえる -> るいけい -> いけ -> けいゆ -> ゆうじや -> やめる -> るうる -> るう -> うけおう -> うすれる -> るうふ -> ふりいすたいる -> るいじあな -> なげる -> るうぶる -> るうと -> とおきい -> いさる -> るぽるたあじゆ -> ゆる -> るびい -> いただける -> るみのおる -> るうれつと -> とかく -> くろにくる -> るぽ -> ぽんぷ -> ぷりてい -> いばる -> るび -> びえんなあれ -> れこおど -> どなりこむ -> むきめい -> いくたび -> びようじよう -> うけたまわる -> るい -> いじる -> るうぷ -> ぷらいむたいむ -> むくち -> ちかよる -> るんげ -> げつぷ -> ぷらいむれえと -> とする -> るねつさんす -> すたいる -> るいせき -> きどる -> るうきい
random vs monte_carlo,random,monte_carlo,D10000_seed0_random_vs_monte_carlo_0,10000,0,second,ended_with_n,56,second,monte_carlo,い,るうきい,いきる,い,る,る,0.12095,False,0.7,,,,,,はんそく -> くろぎぬ -> ぬりかえる -> るいけい -> いけ -> けいゆ -> ゆうじや -> やめる -> るうる -> るう -> うけおう -> うすれる -> るうふ -> ふりいすたいる -> るいじあな -> なげる -> るうぶる -> るうと -> とおきい -> いさる -> るぽるたあじゆ -> ゆる -> るびい -> いただける -> るみのおる -> るうれつと -> とかく -> くろにくる -> るぽ -> ぽんぷ -> ぷりてい -> いばる -> るび -> びえんなあれ -> れこおど -> どなりこむ -> むきめい -> いくたび -> びようじよう -> うけたまわる -> るい -> いじる -> るうぷ -> ぷらいむたいむ -> むくち -> ちかよる -> るんげ -> げつぷ -> ぷらいむれえと -> とする -> るねつさんす -> すたいる -> るいせき -> きどる -> るうきい -> いきる
random vs monte_carlo,random,monte_carlo,D10000_seed0_random_vs_monte_carlo_0,10000,0,second,ended_with_n,57,first,random,る,いきる,るああ,る,あ,あ,3e-06,False,0.0,,,,,,はんそく -> くろぎぬ -> ぬりかえる -> るいけい -> いけ -> けいゆ -> ゆうじや -> やめる -> るうる -> るう -> うけおう -> うすれる -> るうふ -> ふりいすたいる -> るいじあな -> なげる -> るうぶる -> るうと -> とおきい -> いさる -> るぽるたあじゆ -> ゆる -> るびい -> いただける -> るみのおる -> るうれつと -> とかく -> くろにくる -> るぽ -> ぽんぷ -> ぷりてい -> いばる -> るび -> びえんなあれ -> れこおど -> どなりこむ -> むきめい -> いくたび -> びようじよう -> うけたまわる -> るい -> いじる -> るうぷ -> ぷらいむたいむ -> むくち -> ちかよる -> るんげ -> げつぷ -> ぷらいむれえと -> とする -> るねつさんす -> すたいる -> るいせき -> きどる -> るうきい -> いきる -> るああ
random vs monte_carlo,random,monte_carlo,D10000_seed0_random_vs_monte_carlo_0,10000,0,second,ended_with_n,58,second,monte_carlo,あ,るああ,あがる,あ,る,る,0.061146,False,0.7,,,,,,はんそく -> くろぎぬ -> ぬりかえる -> るいけい -> いけ -> けいゆ -> ゆうじや -> やめる -> るうる -> るう -> うけおう -> うすれる -> るうふ -> ふりいすたいる -> るいじあな -> なげる -> るうぶる -> るうと -> とおきい -> いさる -> るぽるたあじゆ -> ゆる -> るびい -> いただける -> るみのおる -> るうれつと -> とかく -> くろにくる -> るぽ -> ぽんぷ -> ぷりてい -> いばる -> るび -> びえんなあれ -> れこおど -> どなりこむ -> むきめい -> いくたび -> びようじよう -> うけたまわる -> るい -> いじる -> るうぷ -> ぷらいむたいむ -> むくち -> ちかよる -> るんげ -> げつぷ -> ぷらいむれえと -> とする -> るねつさんす -> すたいる -> るいせき -> きどる -> るうきい -> いきる -> るああ -> あがる
random vs monte_carlo,random,monte_carlo,D10000_seed0_random_vs_monte_carlo_0,10000,0,second,ended_with_n,59,first,random,る,あがる,るり,る,り,り,2e-06,False,0.0,,,,,,はんそく -> くろぎぬ -> ぬりかえる -> るいけい -> いけ -> けいゆ -> ゆうじや -> やめる -> るうる -> るう -> うけおう -> うすれる -> るうふ -> ふりいすたいる -> るいじあな -> なげる -> るうぶる -> るうと -> とおきい -> いさる -> るぽるたあじゆ -> ゆる -> るびい -> いただける -> るみのおる -> るうれつと -> とかく -> くろにくる -> るぽ -> ぽんぷ -> ぷりてい -> いばる -> るび -> びえんなあれ -> れこおど -> どなりこむ -> むきめい -> いくたび -> びようじよう -> うけたまわる -> るい -> いじる -> るうぷ -> ぷらいむたいむ -> むくち -> ちかよる -> るんげ -> げつぷ -> ぷらいむれえと -> とする -> るねつさんす -> すたいる -> るいせき -> きどる -> るうきい -> いきる -> るああ -> あがる -> るり
random vs monte_carlo,random,monte_carlo,D10000_seed0_random_vs_monte_carlo_0,10000,0,second,ended_with_n,60,second,monte_carlo,り,るり,りこおる,り,る,る,0.04293,False,1.0,,,,,,はんそく -> くろぎぬ -> ぬりかえる -> るいけい -> いけ -> けいゆ -> ゆうじや -> やめる -> るうる -> るう -> うけおう -> うすれる -> るうふ -> ふりいすたいる -> るいじあな -> なげる -> るうぶる -> るうと -> とおきい -> いさる -> るぽるたあじゆ -> ゆる -> るびい -> いただける -> るみのおる -> るうれつと -> とかく -> くろにくる -> るぽ -> ぽんぷ -> ぷりてい -> いばる -> るび -> びえんなあれ -> れこおど -> どなりこむ -> むきめい -> いくたび -> びようじよう -> うけたまわる -> るい -> いじる -> るうぷ -> ぷらいむたいむ -> むくち -> ちかよる -> るんげ -> げつぷ -> ぷらいむれえと -> とする -> るねつさんす -> すたいる -> るいせき -> きどる -> るうきい -> いきる -> るああ -> あがる -> るり -> りこおる
random vs monte_carlo,random,monte_carlo,D10000_seed0_random_vs_monte_carlo_0,10000,0,second,ended_with_n,61,first,random,る,りこおる,るうていん,る,ん,,2e-06,False,0.0,,,,,,はんそく -> くろぎぬ -> ぬりかえる -> るいけい -> いけ -> けいゆ -> ゆうじや -> やめる -> るうる -> るう -> うけおう -> うすれる -> るうふ -> ふりいすたいる -> るいじあな -> なげる -> るうぶる -> るうと -> とおきい -> いさる -> るぽるたあじゆ -> ゆる -> るびい -> いただける -> るみのおる -> るうれつと -> とかく -> くろにくる -> るぽ -> ぽんぷ -> ぷりてい -> いばる -> るび -> びえんなあれ -> れこおど -> どなりこむ -> むきめい -> いくたび -> びようじよう -> うけたまわる -> るい -> いじる -> るうぷ -> ぷらいむたいむ -> むくち -> ちかよる -> るんげ -> げつぷ -> ぷらいむれえと -> とする -> るねつさんす -> すたいる -> るいせき -> きどる -> るうきい -> いきる -> るああ -> あがる -> るり -> りこおる -> るうていん
random vs alpha_beta,random,alpha_beta,D10000_seed0_random_vs_alpha_beta_0,10000,0,second,ended_with_n,1,first,random,ANY,,はんそく,は,く,く,0.000662,False,0.0,,,,,,はんそく
random vs alpha_beta,random,alpha_beta,D10000_seed0_random_vs_alpha_beta_0,10000,0,second,ended_with_n,2,second,alpha_beta,く,はんそく,くぎる,く,る,る,2.000011,True,-320.0,4,3,True,152,6,はんそく -> くぎる
random vs alpha_beta,random,alpha_beta,D10000_seed0_random_vs_alpha_beta_0,10000,0,second,ended_with_n,3,first,random,る,くぎる,るうふ,る,ふ,ふ,7e-06,False,0.0,,,,,,はんそく -> くぎる -> るうふ
random vs alpha_beta,random,alpha_beta,D10000_seed0_random_vs_alpha_beta_0,10000,0,second,ended_with_n,4,second,alpha_beta,ふ,るうふ,ふりいず,ふ,ず,ず,1.400307,False,320.0,3,3,True,33,20,はんそく -> くぎる -> るうふ -> ふりいず
random vs alpha_beta,random,alpha_beta,D10000_seed0_random_vs_alpha_beta_0,10000,0,second,ended_with_n,5,first,random,ず,ふりいず,ずいしよ,ず,よ,よ,7e-06,False,0.0,,,,,,はんそく -> くぎる -> るうふ -> ふりいず -> ずいしよ
random vs alpha_beta,random,alpha_beta,D10000_seed0_random_vs_alpha_beta_0,10000,0,second,ended_with_n,6,second,alpha_beta,よ,ずいしよ,ようぎ,よ,ぎ,ぎ,1.253569,False,335.0,3,3,True,51,20,はんそく -> くぎる -> るうふ -> ふりいず -> ずいしよ -> ようぎ
random vs alpha_beta,random,alpha_beta,D10000_seed0_random_vs_alpha_beta_0,10000,0,second,ended_with_n,7,first,random,ぎ,ようぎ,ぎよかいるい,ぎ,い,い,1e-05,False,0.0,,,,,,はんそく -> くぎる -> るうふ -> ふりいず -> ずいしよ -> ようぎ -> ぎよかいるい
random vs alpha_beta,random,alpha_beta,D10000_seed0_random_vs_alpha_beta_0,10000,0,second,ended_with_n,8,second,alpha_beta,い,ぎよかいるい,いちず,い,ず,ず,1.196455,False,320.0,3,4,True,32,20,はんそく -> くぎる -> るうふ -> ふりいず -> ずいしよ -> ようぎ -> ぎよかいるい -> いちず
random vs alpha_beta,random,alpha_beta,D10000_seed0_random_vs_alpha_beta_0,10000,0,second,ended_with_n,9,first,random,ず,いちず,ずうずうしい,ず,い,い,6e-06,False,0.0,,,,,,はんそく -> くぎる -> るうふ -> ふりいず -> ずいしよ -> ようぎ -> ぎよかいるい -> いちず -> ずうずうしい
random vs alpha_beta,random,alpha_beta,D10000_seed0_random_vs_alpha_beta_0,10000,0,second,ended_with_n,10,second,alpha_beta,い,ずうずうしい,いきる,い,る,る,2.000186,True,-0.0,4,3,True,98,4,はんそく -> くぎる -> るうふ -> ふりいず -> ずいしよ -> ようぎ -> ぎよかいるい -> いちず -> ずうずうしい -> いきる
random vs alpha_beta,random,alpha_beta,D10000_seed0_random_vs_alpha_beta_0,10000,0,second,ended_with_n,11,first,random,る,いきる,るうる,る,る,る,9e-06,False,0.0,,,,,,はんそく -> くぎる -> るうふ -> ふりいず -> ずいしよ -> ようぎ -> ぎよかいるい -> いちず -> ずうずうしい -> いきる -> るうる
random vs alpha_beta,random,alpha_beta,D10000_seed0_random_vs_alpha_beta_0,10000,0,second,ended_with_n,12,second,alpha_beta,る,るうる,るああ,る,あ,あ,2.000034,True,372.0,3,2,True,51,18,はんそく -> くぎる -> るうふ -> ふりいず -> ずいしよ -> ようぎ -> ぎよかいるい -> いちず -> ずうずうしい -> いきる -> るうる -> るああ
random vs alpha_beta,random,alpha_beta,D10000_seed0_random_vs_alpha_beta_0,10000,0,second,ended_with_n,13,first,random,あ,るああ,あつての,あ,の,の,4.5e-05,False,0.0,,,,,,はんそく -> くぎる -> るうふ -> ふりいず -> ずいしよ -> ようぎ -> ぎよかいるい -> いちず -> ずうずうしい -> いきる -> るうる -> るああ -> あつての
random vs alpha_beta,random,alpha_beta,D10000_seed0_random_vs_alpha_beta_0,10000,0,second,ended_with_n,14,second,alpha_beta,の,あつての,のえる,の,る,る,0.123849,False,-290.0,2,2,True,19,20,はんそく -> くぎる -> るうふ -> ふりいず -> ずいしよ -> ようぎ -> ぎよかいるい -> いちず -> ずうずうしい -> いきる -> るうる -> るああ -> あつての -> のえる
random vs alpha_beta,random,alpha_beta,D10000_seed0_random_vs_alpha_beta_0,10000,0,second,ended_with_n,15,first,random,る,のえる,るいけい,る,い,い,1.7e-05,False,0.0,,,,,,はんそく -> くぎる -> るうふ -> ふりいず -> ずいしよ -> ようぎ -> ぎよかいるい -> いちず -> ずうずうしい -> いきる -> るうる -> るああ -> あつての -> のえる -> るいけい
random vs alpha_beta,random,alpha_beta,D10000_seed0_random_vs_alpha_beta_0,10000,0,second,ended_with_n,16,second,alpha_beta,い,るいけい,いあわせる,い,る,る,0.087046,False,-275.0,2,2,True,19,20,はんそく -> くぎる -> るうふ -> ふりいず -> ずいしよ -> ようぎ -> ぎよかいるい -> いちず -> ずうずうしい -> いきる -> るうる -> るああ -> あつての -> のえる -> るいけい -> いあわせる
random vs alpha_beta,random,alpha_beta,D10000_seed0_random_vs_alpha_beta_0,10000,0,second,ended_with_n,17,first,random,る,いあわせる,るり,る,り,り,9e-06,False,0.0,,,,,,はんそく -> くぎる -> るうふ -> ふりいず -> ずいしよ -> ようぎ -> ぎよかいるい -> いちず -> ずうずうしい -> いきる -> るうる -> るああ -> あつての -> のえる -> るいけい -> いあわせる -> るり
random vs alpha_beta,random,alpha_beta,D10000_seed0_random_vs_alpha_beta_0,10000,0,second,ended_with_n,18,second,alpha_beta,り,るり,りこおる,り,る,る,0.139407,False,-260.0,2,3,True,19,20,はんそく -> くぎる -> るうふ -> ふりいず -> ずいしよ -> ようぎ -> ぎよかいるい -> いちず -> ずうずうしい -> いきる -> るうる -> るああ -> あつての -> のえる -> るいけい -> いあわせる -> るり -> りこおる
random vs alpha_beta,random,alpha_beta,D10000_seed0_random_vs_alpha_beta_0,10000,0,second,ended_with_n,19,first,random,る,りこおる,るうぶる,る,る,る,1e-05,False,0.0,,,,,,はんそく -> くぎる -> るうふ -> ふりいず -> ずいしよ -> ようぎ -> ぎよかいるい -> いちず -> ずうずうしい -> いきる -> るうる -> るああ -> あつての -> のえる -> るいけい -> いあわせる -> るり -> りこおる -> るうぶる
random vs alpha_beta,random,alpha_beta,D10000_seed0_random_vs_alpha_beta_0,10000,0,second,ended_with_n,20,second,alpha_beta,る,るうぶる,るみのおる,る,る,る,1.003364,False,470.5,3,3,True,27,19,はんそく -> くぎる -> るうふ -> ふりいず -> ずいしよ -> ようぎ -> ぎよかいるい -> いちず -> ずうずうしい -> いきる -> るうる -> るああ -> あつての -> のえる -> るいけい -> いあわせる -> るり -> りこおる -> るうぶる -> るみのおる
random vs alpha_beta,random,alpha_beta,D10000_seed0_random_vs_alpha_beta_0,10000,0,second,ended_with_n,21,first,random,る,るみのおる,るんげ,る,げ,げ,8e-06,False,0.0,,,,,,はんそく -> くぎる -> るうふ -> ふりいず -> ずいしよ -> ようぎ -> ぎよかいるい -> いちず -> ずうずうしい -> いきる -> るうる -> るああ -> あつての -> のえる -> るいけい -> いあわせる -> るり -> りこおる -> るうぶる -> るみのおる -> るんげ
random vs alpha_beta,random,alpha_beta,D10000_seed0_random_vs_alpha_beta_0,10000,0,second,ended_with_n,22,second,alpha_beta,げ,るんげ,げえとぼおる,げ,る,る,1.0289,False,478.5,3,3,True,30,20,はんそく -> くぎる -> るうふ -> ふりいず -> ずいしよ -> ようぎ -> ぎよかいるい -> いちず -> ずうずうしい -> いきる -> るうる -> るああ -> あつての -> のえる -> るいけい -> いあわせる -> るり -> りこおる -> るうぶる -> るみのおる -> るんげ -> げえとぼおる
random vs alpha_beta,random,alpha_beta,D10000_seed0_random_vs_alpha_beta_0,10000,0,second,ended_with_n,23,first,random,る,げえとぼおる,るうきい,る,い,い,6e-06,False,0.0,,,,,,はんそく -> くぎる -> るうふ -> ふりいず -> ずいしよ -> ようぎ -> ぎよかいるい -> いちず -> ずうずうしい -> いきる -> るうる -> るああ -> あつての -> のえる -> るいけい -> いあわせる -> るり -> りこおる -> るうぶる -> るみのおる -> るんげ -> げえとぼおる -> るうきい
random vs alpha_beta,random,alpha_beta,D10000_seed0_random_vs_alpha_beta_0,10000,0,second,ended_with_n,24,second,alpha_beta,い,るうきい,いからせる,い,る,る,1.688635,False,486.5,3,4,True,29,20,はんそく -> くぎる -> るうふ -> ふりいず -> ずいしよ -> ようぎ -> ぎよかいるい -> いちず -> ずうずうしい -> いきる -> るうる -> るああ -> あつての -> のえる -> るいけい -> いあわせる -> るり -> りこおる -> るうぶる -> るみのおる -> るんげ -> げえとぼおる -> るうきい -> いからせる
random vs alpha_beta,random,alpha_beta,D10000_seed0_random_vs_alpha_beta_0,10000,0,second,ended_with_n,25,first,random,る,いからせる,るびい,る,い,い,6e-06,False,0.0,,,,,,はんそく -> くぎる -> るうふ -> ふりいず -> ずいしよ -> ようぎ -> ぎよかいるい -> いちず -> ずうずうしい -> いきる -> るうる -> るああ -> あつての -> のえる -> るいけい -> いあわせる -> るり -> りこおる -> るうぶる -> るみのおる -> るんげ -> げえとぼおる -> るうきい -> いからせる -> るびい
random vs alpha_beta,random,alpha_beta,D10000_seed0_random_vs_alpha_beta_0,10000,0,second,ended_with_n,26,second,alpha_beta,い,るびい,いれる,い,る,る,2.000026,True,45.0,4,3,True,534,14,はんそく -> くぎる -> るうふ -> ふりいず -> ずいしよ -> ようぎ -> ぎよかいるい -> いちず -> ずうずうしい -> いきる -> るうる -> るああ -> あつての -> のえる -> るいけい -> いあわせる -> るり -> りこおる -> るうぶる -> るみのおる -> るんげ -> げえとぼおる -> るうきい -> いからせる -> るびい -> いれる
random vs alpha_beta,random,alpha_beta,D10000_seed0_random_vs_alpha_beta_0,10000,0,second,ended_with_n,27,first,random,る,いれる,るいじあな,る,な,な,6e-06,False,0.0,,,,,,はんそく -> くぎる -> るうふ -> ふりいず -> ずいしよ -> ようぎ -> ぎよかいるい -> いちず -> ずうずうしい -> いきる -> るうる -> るああ -> あつての -> のえる -> るいけい -> いあわせる -> るり -> りこおる -> るうぶる -> るみのおる -> るんげ -> げえとぼおる -> るうきい -> いからせる -> るびい -> いれる -> るいじあな
random vs alpha_beta,random,alpha_beta,D10000_seed0_random_vs_alpha_beta_0,10000,0,second,ended_with_n,28,second,alpha_beta,な,るいじあな,ないる,な,る,る,1.304519,False,502.5,3,3,True,27,20,はんそく -> くぎる -> るうふ -> ふりいず -> ずいしよ -> ようぎ -> ぎよかいるい -> いちず -> ずうずうしい -> いきる -> るうる -> るああ -> あつての -> のえる -> るいけい -> いあわせる -> るり -> りこおる -> るうぶる -> るみのおる -> るんげ -> げえとぼおる -> るうきい -> いからせる -> るびい -> いれる -> るいじあな -> ないる
random vs alpha_beta,random,alpha_beta,D10000_seed0_random_vs_alpha_beta_0,10000,0,second,ended_with_n,29,first,random,る,ないる,るう,る,う,う,6e-06,False,0.0,,,,,,はんそく -> くぎる -> るうふ -> ふりいず -> ずいしよ -> ようぎ -> ぎよかいるい -> いちず -> ずうずうしい -> いきる -> るうる -> るああ -> あつての -> のえる -> るいけい -> いあわせる -> るり -> りこおる -> るうぶる -> るみのおる -> るんげ -> げえとぼおる -> るうきい -> いからせる -> るびい -> いれる -> るいじあな -> ないる -> るう
random vs alpha_beta,random,alpha_beta,D10000_seed0_random_vs_alpha_beta_0,10000,0,second,ended_with_n,30,second,alpha_beta,う,るう,うえる,う,る,る,1.36409,False,510.5,3,3,True,26,20,はんそく -> くぎる -> るうふ -> ふりいず -> ずいしよ -> ようぎ -> ぎよかいるい -> いちず -> ずうずうしい -> いきる -> るうる -> るああ -> あつての -> のえる -> るいけい -> いあわせる -> るり -> りこおる -> るうぶる -> るみのおる -> るんげ -> げえとぼおる -> るうきい -> いからせる -> るびい -> いれる -> るいじあな -> ないる -> るう -> うえる
random vs alpha_beta,random,alpha_beta,D10000_seed0_random_vs_alpha_beta_0,10000,0,second,ended_with_n,31,first,random,る,うえる,るい,る,い,い,7e-06,False,0.0,,,,,,はんそく -> くぎる -> るうふ -> ふりいず -> ずいしよ -> ようぎ -> ぎよかいるい -> いちず -> ずうずうしい -> いきる -> るうる -> るああ -> あつての -> のえる -> るいけい -> いあわせる -> るり -> りこおる -> るうぶる -> るみのおる -> るんげ -> げえとぼおる -> るうきい -> いからせる -> るびい -> いれる -> るいじあな -> ないる -> るう -> うえる -> るい
random vs alpha_beta,random,alpha_beta,D10000_seed0_random_vs_alpha_beta_0,10000,0,second,ended_with_n,32,second,alpha_beta,い,るい,いきかえる,い,る,る,1.426644,False,518.5,3,4,True,25,20,はんそく -> くぎる -> るうふ -> ふりいず -> ずいしよ -> ようぎ -> ぎよかいるい -> いちず -> ずうずうしい -> いきる -> るうる -> るああ -> あつての -> のえる -> るいけい -> いあわせる -> るり -> りこおる -> るうぶる -> るみのおる -> るんげ -> げえとぼおる -> るうきい -> いからせる -> るびい -> いれる -> るいじあな -> ないる -> るう -> うえる -> るい -> いきかえる
random vs alpha_beta,random,alpha_beta,D10000_seed0_random_vs_alpha_beta_0,10000,0,second,ended_with_n,33,first,random,る,いきかえる,るぽ,る,ぽ,ぽ,6e-06,False,0.0,,,,,,はんそく -> くぎる -> るうふ -> ふりいず -> ずいしよ -> ようぎ -> ぎよかいるい -> いちず -> ずうずうしい -> いきる -> るうる -> るああ -> あつての -> のえる -> るいけい -> いあわせる -> るり -> りこおる -> るうぶる -> るみのおる -> るんげ -> げえとぼおる -> るうきい -> いからせる -> るびい -> いれる -> るいじあな -> ないる -> るう -> うえる -> るい -> いきかえる -> るぽ
random vs alpha_beta,random,alpha_beta,D10000_seed0_random_vs_alpha_beta_0,10000,0,second,ended_with_n,34,second,alpha_beta,ぽ,るぽ,ぽけつとべる,ぽ,る,る,0.685841,False,137.0,4,4,True,227,20,はんそく -> くぎる -> るうふ -> ふりいず -> ずいしよ -> ようぎ -> ぎよかいるい -> いちず -> ずうずうしい -> いきる -> るうる -> るああ -> あつての -> のえる -> るいけい -> いあわせる -> るり -> りこおる -> るうぶる -> るみのおる -> るんげ -> げえとぼおる -> るうきい -> いからせる -> るびい -> いれる -> るいじあな -> ないる -> るう -> うえる -> るい -> いきかえる -> るぽ -> ぽけつとべる
random vs alpha_beta,random,alpha_beta,D10000_seed0_random_vs_alpha_beta_0,10000,0,second,ended_with_n,35,first,random,る,ぽけつとべる,るうれつと,る,と,と,5e-06,False,0.0,,,,,,はんそく -> くぎる -> るうふ -> ふりいず -> ずいしよ -> ようぎ -> ぎよかいるい -> いちず -> ずうずうしい -> いきる -> るうる -> るああ -> あつての -> のえる -> るいけい -> いあわせる -> るり -> りこおる -> るうぶる -> るみのおる -> るんげ -> げえとぼおる -> るうきい -> いからせる -> るびい -> いれる -> るいじあな -> ないる -> るう -> うえる -> るい -> いきかえる -> るぽ -> ぽけつとべる -> るうれつと
random vs alpha_beta,random,alpha_beta,D10000_seed0_random_vs_alpha_beta_0,10000,0,second,ended_with_n,36,second,alpha_beta,と,るうれつと,といあわせる,と,る,る,1.504682,False,160.0,4,4,True,802,20,はんそく -> くぎる -> るうふ -> ふりいず -> ずいしよ -> ようぎ -> ぎよかいるい -> いちず -> ずうずうしい -> いきる -> るうる -> るああ -> あつての -> のえる -> るいけい -> いあわせる -> るり -> りこおる -> るうぶる -> るみのおる -> るんげ -> げえとぼおる -> るうきい -> いからせる -> るびい -> いれる -> るいじあな -> ないる -> るう -> うえる -> るい -> いきかえる -> るぽ -> ぽけつとべる -> るうれつと -> といあわせる
random vs alpha_beta,random,alpha_beta,D10000_seed0_random_vs_alpha_beta_0,10000,0,second,ended_with_n,37,first,random,る,といあわせる,るねつさんす,る,す,す,6e-06,False,0.0,,,,,,はんそく -> くぎる -> るうふ -> ふりいず -> ずいしよ -> ようぎ -> ぎよかいるい -> いちず -> ずうずうしい -> いきる -> るうる -> るああ -> あつての -> のえる -> るいけい -> いあわせる -> るり -> りこおる -> るうぶる -> るみのおる -> るんげ -> げえとぼおる -> るうきい -> いからせる -> るびい -> いれる -> るいじあな -> ないる -> るう -> うえる -> るい -> いきかえる -> るぽ -> ぽけつとべる -> るうれつと -> といあわせる -> るねつさんす
random vs alpha_beta,random,alpha_beta,D10000_seed0_random_vs_alpha_beta_0,10000,0,second,ended_with_n,38,second,alpha_beta,す,るねつさんす,すえる,す,る,る,1.044715,False,183.0,4,4,True,597,20,はんそく -> くぎる -> るうふ -> ふりいず -> ずいしよ -> ようぎ -> ぎよかいるい -> いちず -> ずうずうしい -> いきる -> るうる -> るああ -> あつての -> のえる -> るいけい -> いあわせる -> るり -> りこおる -> るうぶる -> るみのおる -> るんげ -> げえとぼおる -> るうきい -> いからせる -> るびい -> いれる -> るいじあな -> ないる -> るう -> うえる -> るい -> いきかえる -> るぽ -> ぽけつとべる -> るうれつと -> といあわせる -> るねつさんす -> すえる
random vs alpha_beta,random,alpha_beta,D10000_seed0_random_vs_alpha_beta_0,10000,0,second,ended_with_n,39,first,random,る,すえる,るうぷ,る,ぷ,ぷ,5e-06,False,0.0,,,,,,はんそく -> くぎる -> るうふ -> ふりいず -> ずいしよ -> ようぎ -> ぎよかいるい -> いちず -> ずうずうしい -> いきる -> るうる -> るああ -> あつての -> のえる -> るいけい -> いあわせる -> るり -> りこおる -> るうぶる -> るみのおる -> るんげ -> げえとぼおる -> るうきい -> いからせる -> るびい -> いれる -> るいじあな -> ないる -> るう -> うえる -> るい -> いきかえる -> るぽ -> ぽけつとべる -> るうれつと -> といあわせる -> るねつさんす -> すえる -> るうぷ
random vs alpha_beta,random,alpha_beta,D10000_seed0_random_vs_alpha_beta_0,10000,0,second,ended_with_n,40,second,alpha_beta,ぷ,るうぷ,ぷうる,ぷ,る,る,0.503441,False,294.0,4,4,True,275,20,はんそく -> くぎる -> るうふ -> ふりいず -> ずいしよ -> ようぎ -> ぎよかいるい -> いちず -> ずうずうしい -> いきる -> るうる -> るああ -> あつての -> のえる -> るいけい -> いあわせる -> るり -> りこおる -> るうぶる -> るみのおる -> るんげ -> げえとぼおる -> るうきい -> いからせる -> るびい -> いれる -> るいじあな -> ないる -> るう -> うえる -> るい -> いきかえる -> るぽ -> ぽけつとべる -> るうれつと -> といあわせる -> るねつさんす -> すえる -> るうぷ -> ぷうる
random vs alpha_beta,random,alpha_beta,D10000_seed0_random_vs_alpha_beta_0,10000,0,second,ended_with_n,41,first,random,る,ぷうる,るいせき,る,き,き,6e-06,False,0.0,,,,,,はんそく -> くぎる -> るうふ -> ふりいず -> ずいしよ -> ようぎ -> ぎよかいるい -> いちず -> ずうずうしい -> いきる -> るうる -> るああ -> あつての -> のえる -> るいけい -> いあわせる -> るり -> りこおる -> るうぶる -> るみのおる -> るんげ -> げえとぼおる -> るうきい -> いからせる -> るびい -> いれる -> るいじあな -> ないる -> るう -> うえる -> るい -> いきかえる -> るぽ -> ぽけつとべる -> るうれつと -> といあわせる -> るねつさんす -> すえる -> るうぷ -> ぷうる -> るいせき
random vs alpha_beta,random,alpha_beta,D10000_seed0_random_vs_alpha_beta_0,10000,0,second,ended_with_n,42,second,alpha_beta,き,るいせき,きいる,き,る,る,1.196863,False,317.0,4,4,True,763,20,はんそく -> くぎる -> るうふ -> ふりいず -> ずいしよ -> ようぎ -> ぎよかいるい -> いちず -> ずうずうしい -> いきる -> るうる -> るああ -> あつての -> のえる -> るいけい -> いあわせる -> るり -> りこおる -> るうぶる -> るみのおる -> るんげ -> げえとぼおる -> るうきい -> いからせる -> るびい -> いれる -> るいじあな -> ないる -> るう -> うえる -> るい -> いきかえる -> るぽ -> ぽけつとべる -> るうれつと -> といあわせる -> るねつさんす -> すえる -> るうぷ -> ぷうる -> るいせき -> きいる
random vs alpha_beta,random,alpha_beta,D10000_seed0_random_vs_alpha_beta_0,10000,0,second,ended_with_n,43,first,random,る,きいる,るぽるたあじゆ,る,ゆ,ゆ,6e-06,False,0.0,,,,,,はんそく -> くぎる -> るうふ -> ふりいず -> ずいしよ -> ようぎ -> ぎよかいるい -> いちず -> ずうずうしい -> いきる -> るうる -> るああ -> あつての -> のえる -> るいけい -> いあわせる -> るり -> りこおる -> るうぶる -> るみのおる -> るんげ -> げえとぼおる -> るうきい -> いからせる -> るびい -> いれる -> るいじあな -> ないる -> るう -> うえる -> るい -> いきかえる -> るぽ -> ぽけつとべる -> るうれつと -> といあわせる -> るねつさんす -> すえる -> るうぷ -> ぷうる -> るいせき -> きいる -> るぽるたあじゆ
random vs alpha_beta,random,alpha_beta,D10000_seed0_random_vs_alpha_beta_0,10000,0,second,ended_with_n,44,second,alpha_beta,ゆ,るぽるたあじゆ,ゆきわたる,ゆ,る,る,0.536238,False,340.0,4,4,True,317,20,はんそく -> くぎる -> るうふ -> ふりいず -> ずいしよ -> ようぎ -> ぎよかいるい -> いちず -> ずうずうしい -> いきる -> るうる -> るああ -> あつての -> のえる -> るいけい -> いあわせる -> るり -> りこおる -> るうぶる -> るみのおる -> るんげ -> げえとぼおる -> るうきい -> いからせる -> るびい -> いれる -> るいじあな -> ないる -> るう -> うえる -> るい -> いきかえる -> るぽ -> ぽけつとべる -> るうれつと -> といあわせる -> るねつさんす -> すえる -> るうぷ -> ぷうる -> るいせき -> きいる -> るぽるたあじゆ -> ゆきわたる
random vs alpha_beta,random,alpha_beta,D10000_seed0_random_vs_alpha_beta_0,10000,0,second,ended_with_n,45,first,random,る,ゆきわたる,るうと,る,と,と,5e-06,False,0.0,,,,,,はんそく -> くぎる -> るうふ -> ふりいず -> ずいしよ -> ようぎ -> ぎよかいるい -> いちず -> ずうずうしい -> いきる -> るうる -> るああ -> あつての -> のえる -> るいけい -> いあわせる -> るり -> りこおる -> るうぶる -> るみのおる -> るんげ -> げえとぼおる -> るうきい -> いからせる -> るびい -> いれる -> るいじあな -> ないる -> るう -> うえる -> るい -> いきかえる -> るぽ -> ぽけつとべる -> るうれつと -> といあわせる -> るねつさんす -> すえる -> るうぷ -> ぷうる -> るいせき -> きいる -> るぽるたあじゆ -> ゆきわたる -> るうと
random vs alpha_beta,random,alpha_beta,D10000_seed0_random_vs_alpha_beta_0,10000,0,second,ended_with_n,46,second,alpha_beta,と,るうと,とうじる,と,る,る,0.023621,False,1000000.0,4,4,True,58,20,はんそく -> くぎる -> るうふ -> ふりいず -> ずいしよ -> ようぎ -> ぎよかいるい -> いちず -> ずうずうしい -> いきる -> るうる -> るああ -> あつての -> のえる -> るいけい -> いあわせる -> るり -> りこおる -> るうぶる -> るみのおる -> るんげ -> げえとぼおる -> るうきい -> いからせる -> るびい -> いれる -> るいじあな -> ないる -> るう -> うえる -> るい -> いきかえる -> るぽ -> ぽけつとべる -> るうれつと -> といあわせる -> るねつさんす -> すえる -> るうぷ -> ぷうる -> るいせき -> きいる -> るぽるたあじゆ -> ゆきわたる -> るうと -> とうじる
random vs alpha_beta,random,alpha_beta,D10000_seed0_random_vs_alpha_beta_0,10000,0,second,ended_with_n,47,first,random,る,とうじる,るび,る,び,び,3e-06,False,0.0,,,,,,はんそく -> くぎる -> るうふ -> ふりいず -> ずいしよ -> ようぎ -> ぎよかいるい -> いちず -> ずうずうしい -> いきる -> るうる -> るああ -> あつての -> のえる -> るいけい -> いあわせる -> るり -> りこおる -> るうぶる -> るみのおる -> るんげ -> げえとぼおる -> るうきい -> いからせる -> るびい -> いれる -> るいじあな -> ないる -> るう -> うえる -> るい -> いきかえる -> るぽ -> ぽけつとべる -> るうれつと -> といあわせる -> るねつさんす -> すえる -> るうぷ -> ぷうる -> るいせき -> きいる -> るぽるたあじゆ -> ゆきわたる -> るうと -> とうじる -> るび
random vs alpha_beta,random,alpha_beta,D10000_seed0_random_vs_alpha_beta_0,10000,0,second,ended_with_n,48,second,alpha_beta,び,るび,びいぐる,び,る,る,0.023691,False,1000000.0,4,4,True,36,20,はんそく -> くぎる -> るうふ -> ふりいず -> ずいしよ -> ようぎ -> ぎよかいるい -> いちず -> ずうずうしい -> いきる -> るうる -> るああ -> あつての -> のえる -> るいけい -> いあわせる -> るり -> りこおる -> るうぶる -> るみのおる -> るんげ -> げえとぼおる -> るうきい -> いからせる -> るびい -> いれる -> るいじあな -> ないる -> るう -> うえる -> るい -> いきかえる -> るぽ -> ぽけつとべる -> るうれつと -> といあわせる -> るねつさんす -> すえる -> るうぷ -> ぷうる -> るいせき -> きいる -> るぽるたあじゆ -> ゆきわたる -> るうと -> とうじる -> るび -> びいぐる
random vs alpha_beta,random,alpha_beta,D10000_seed0_random_vs_alpha_beta_0,10000,0,second,ended_with_n,49,first,random,る,びいぐる,るうていん,る,ん,,2e-06,False,0.0,,,,,,はんそく -> くぎる -> るうふ -> ふりいず -> ずいしよ -> ようぎ -> ぎよかいるい -> いちず -> ずうずうしい -> いきる -> るうる -> るああ -> あつての -> のえる -> るいけい -> いあわせる -> るり -> りこおる -> るうぶる -> るみのおる -> るんげ -> げえとぼおる -> るうきい -> いからせる -> るびい -> いれる -> るいじあな -> ないる -> るう -> うえる -> るい -> いきかえる -> るぽ -> ぽけつとべる -> るうれつと -> といあわせる -> るねつさんす -> すえる -> るうぷ -> ぷうる -> るいせき -> きいる -> るぽるたあじゆ -> ゆきわたる -> るうと -> とうじる -> るび -> びいぐる -> るうていん
greedy vs random,greedy,random,D10000_seed0_greedy_vs_random_0,10000,0,first,ended_with_n,1,first,greedy,ANY,,らゔ,ら,ゔ,ゔ,0.177325,False,-46.0,,,,,10000,らゔ
greedy vs random,greedy,random,D10000_seed0_greedy_vs_random_0,10000,0,first,ended_with_n,2,second,random,ゔ,らゔ,ゔあいおりにすと,ゔ,と,と,7e-06,False,0.0,,,,,,らゔ -> ゔあいおりにすと
greedy vs random,greedy,random,D10000_seed0_greedy_vs_random_0,10000,0,first,ended_with_n,3,first,greedy,と,ゔあいおりにすと,とりあえず,と,ず,ず,0.003752,False,-443.0,,,,,227,らゔ -> ゔあいおりにすと -> とりあえず
greedy vs random,greedy,random,D10000_seed0_greedy_vs_random_0,10000,0,first,ended_with_n,4,second,random,ず,とりあえず,ずいしよ,ず,よ,よ,4e-06,False,0.0,,,,,,らゔ -> ゔあいおりにすと -> とりあえず -> ずいしよ
greedy vs random,greedy,random,D10000_seed0_greedy_vs_random_0,10000,0,first,ended_with_n,5,first,greedy,よ,ずいしよ,よろず,よ,ず,ず,0.001962,False,-420.0,,,,,128,らゔ -> ゔあいおりにすと -> とりあえず -> ずいしよ -> よろず
greedy vs random,greedy,random,D10000_seed0_greedy_vs_random_0,10000,0,first,ended_with_n,6,second,random,ず,よろず,ずうずうしい,ず,い,い,3e-06,False,0.0,,,,,,らゔ -> ゔあいおりにすと -> とりあえず -> ずいしよ -> よろず -> ずうずうしい
greedy vs random,greedy,random,D10000_seed0_greedy_vs_random_0,10000,0,first,ended_with_n,7,first,greedy,い,ずうずうしい,いちず,い,ず,ず,0.00495,False,-397.0,,,,,285,らゔ -> ゔあいおりにすと -> とりあえず -> ずいしよ -> よろず -> ずうずうしい -> いちず
greedy vs random,greedy,random,D10000_seed0_greedy_vs_random_0,10000,0,first,ended_with_n,8,second,random,ず,いちず,ずのう,ず,う,う,5e-06,False,0.0,,,,,,らゔ -> ゔあいおりにすと -> とりあえず -> ずいしよ -> よろず -> ずうずうしい -> いちず -> ずのう
greedy vs random,greedy,random,D10000_seed0_greedy_vs_random_0,10000,0,first,ended_with_n,9,first,greedy,う,ずのう,うええるず,う,ず,ず,0.003688,False,-374.0,,,,,144,らゔ -> ゔあいおりにすと -> とりあえず -> ずいしよ -> よろず -> ずうずうしい -> いちず -> ずのう -> うええるず
greedy vs random,greedy,random,D10000_seed0_greedy_vs_random_0,10000,0,first,ended_with_n,10,second,random,ず,うええるず,ずいじ,ず,じ,じ,7e-06,False,0.0,,,,,,らゔ -> ゔあいおりにすと -> とりあえず -> ずいしよ -> よろず -> ずうずうしい -> いちず -> ずのう -> うええるず -> ずいじ
greedy vs random,greedy,random,D10000_seed0_greedy_vs_random_0,10000,0,first,ended_with_n,11,first,greedy,じ,ずいじ,じやず,じ,ず,ず,0.005055,False,-351.0,,,,,306,らゔ -> ゔあいおりにすと -> とりあえず -> ずいしよ -> よろず -> ずうずうしい -> いちず -> ずのう -> うええるず -> ずいじ -> じやず
greedy vs random,greedy,random,D10000_seed0_greedy_vs_random_0,10000,0,first,ended_with_n,12,second,random,ず,じやず,ずうむれんず,ず,ず,ず,3e-06,False,0.0,,,,,,らゔ -> ゔあいおりにすと -> とりあえず -> ずいしよ -> よろず -> ずうずうしい -> いちず -> ずのう -> うええるず -> ずいじ -> じやず -> ずうむれんず
greedy vs random,greedy,random,D10000_seed0_greedy_vs_random_0,10000,0,first,ended_with_n,13,first,greedy,ず,ずうむれんず,ずるずる,ず,る,る,0.000223,False,-533.0,,,,,17,らゔ -> ゔあいおりにすと -> とりあえず -> ずいしよ -> よろず -> ずうずうしい -> いちず -> ずのう -> うええるず -> ずいじ -> じやず -> ずうむれんず -> ずるずる
greedy vs random,greedy,random,D10000_seed0_greedy_vs_random_0,10000,0,first,ended_with_n,14,second,random,る,ずるずる,るぽるたあじゆ,る,ゆ,ゆ,4e-06,False,0.0,,,,,,らゔ -> ゔあいおりにすと -> とりあえず -> ずいしよ -> よろず -> ずうずうしい -> いちず -> ずのう -> うええるず -> ずいじ -> じやず -> ずうむれんず -> ずるずる -> るぽるたあじゆ
greedy vs random,greedy,random,D10000_seed0_greedy_vs_random_0,10000,0,first,ended_with_n,15,first,greedy,ゆ,るぽるたあじゆ,ゆず,ゆ,ず,ず,0.001733,False,-305.0,,,,,95,らゔ -> ゔあいおりにすと -> とりあえず -> ずいしよ -> よろず -> ずうずうしい -> いちず -> ずのう -> うええるず -> ずいじ -> じやず -> ずうむれんず -> ずるずる -> るぽるたあじゆ -> ゆず
greedy vs random,greedy,random,D10000_seed0_greedy_vs_random_0,10000,0,first,ended_with_n,16,second,random,ず,ゆず,ずし,ず,し,し,3e-06,False,0.0,,,,,,らゔ -> ゔあいおりにすと -> とりあえず -> ずいしよ -> よろず -> ずうずうしい -> いちず -> ずのう -> うええるず -> ずいじ -> じやず -> ずうむれんず -> ずるずる -> るぽるたあじゆ -> ゆず -> ずし
greedy vs random,greedy,random,D10000_seed0_greedy_vs_random_0,10000,0,first,ended_with_n,17,first,greedy,し,ずし,しゆうず,し,ず,ず,0.010099,False,-282.0,,,,,619,らゔ -> ゔあいおりにすと -> とりあえず -> ずいしよ -> よろず -> ずうずうしい -> いちず -> ずのう -> うええるず -> ずいじ -> じやず -> ずうむれんず -> ずるずる -> るぽるたあじゆ -> ゆず -> ずし -> しゆうず
greedy vs random,greedy,random,D10000_seed0_greedy_vs_random_0,10000,0,first,ended_with_n,18,second,random,ず,しゆうず,ずうつと,ず,と,と,5e-06,False,0.0,,,,,,らゔ -> ゔあいおりにすと -> とりあえず -> ずいしよ -> よろず -> ずうずうしい -> いちず -> ずのう -> うええるず -> ずいじ -> じやず -> ずうむれんず -> ずるずる -> るぽるたあじゆ -> ゆず -> ずし -> しゆうず -> ずうつと
greedy vs random,greedy,random,D10000_seed0_greedy_vs_random_0,10000,0,first,ended_with_n,19,first,greedy,と,ずうつと,とりしまる,と,る,る,0.003773,False,-510.0,,,,,226,らゔ -> ゔあいおりにすと -> とりあえず -> ずいしよ -> よろず -> ずうずうしい -> いちず -> ずのう -> うええるず -> ずいじ -> じやず -> ずうむれんず -> ずるずる -> るぽるたあじゆ -> ゆず -> ずし -> しゆうず -> ずうつと -> とりしまる
greedy vs random,greedy,random,D10000_seed0_greedy_vs_random_0,10000,0,first,ended_with_n,20,second,random,る,とりしまる,るぽ,る,ぽ,ぽ,5e-06,False,0.0,,,,,,らゔ -> ゔあいおりにすと -> とりあえず -> ずいしよ -> よろず -> ずうずうしい -> いちず -> ずのう -> うええるず -> ずいじ -> じやず -> ずうむれんず -> ずるずる -> るぽるたあじゆ -> ゆず -> ずし -> しゆうず -> ずうつと -> とりしまる -> るぽ
greedy vs random,greedy,random,D10000_seed0_greedy_vs_random_0,10000,0,first,ended_with_n,21,first,greedy,ぽ,るぽ,ぽけつとさいず,ぽ,ず,ず,0.000413,False,-259.0,,,,,26,らゔ -> ゔあいおりにすと -> とりあえず -> ずいしよ -> よろず -> ずうずうしい -> いちず -> ずのう -> うええるず -> ずいじ -> じやず -> ずうむれんず -> ずるずる -> るぽるたあじゆ -> ゆず -> ずし -> しゆうず -> ずうつと -> とりしまる -> るぽ -> ぽけつとさいず
greedy vs random,greedy,random,D10000_seed0_greedy_vs_random_0,10000,0,first,ended_with_n,22,second,random,ず,ぽけつとさいず,ずうむ,ず,む,む,3e-06,False,0.0,,,,,,らゔ -> ゔあいおりにすと -> とりあえず -> ずいしよ -> よろず -> ずうずうしい -> いちず -> ずのう -> うええるず -> ずいじ -> じやず -> ずうむれんず -> ずるずる -> るぽるたあじゆ -> ゆず -> ずし -> しゆうず -> ずうつと -> とりしまる -> るぽ -> ぽけつとさいず -> ずうむ
greedy vs random,greedy,random,D10000_seed0_greedy_vs_random_0,10000,0,first,ended_with_n,23,first,greedy,む,ずうむ,むきず,む,ず,ず,0.001267,False,-236.0,,,,,78,らゔ -> ゔあいおりにすと -> とりあえず -> ずいしよ -> よろず -> ずうずうしい -> いちず -> ずのう -> うええるず -> ずいじ -> じやず -> ずうむれんず -> ずるずる -> るぽるたあじゆ -> ゆず -> ずし -> しゆうず -> ずうつと -> とりしまる -> るぽ -> ぽけつとさいず -> ずうむ -> むきず
greedy vs random,greedy,random,D10000_seed0_greedy_vs_random_0,10000,0,first,ended_with_n,24,second,random,ず,むきず,ずばり,ず,り,り,3e-06,False,0.0,,,,,,らゔ -> ゔあいおりにすと -> とりあえず -> ずいしよ -> よろず -> ずうずうしい -> いちず -> ずのう -> うええるず -> ずいじ -> じやず -> ずうむれんず -> ずるずる -> るぽるたあじゆ -> ゆず -> ずし -> しゆうず -> ずうつと -> とりしまる -> るぽ -> ぽけつとさいず -> ずうむ -> むきず -> ずばり
greedy vs random,greedy,random,D10000_seed0_greedy_vs_random_0,10000,0,first,ended_with_n,25,first,greedy,り,ずばり,りぞおとほてる,り,る,る,0.002345,False,-487.0,,,,,145,らゔ -> ゔあいおりにすと -> とりあえず -> ずいしよ -> よろず -> ずうずうしい -> いちず -> ずのう -> うええるず -> ずいじ -> じやず -> ずうむれんず -> ずるずる -> るぽるたあじゆ -> ゆず -> ずし -> しゆうず -> ずうつと -> とりしまる -> るぽ -> ぽけつとさいず -> ずうむ -> むきず -> ずばり -> りぞおとほてる
greedy vs random,greedy,random,D10000_seed0_greedy_vs_random_0,10000,0,first,ended_with_n,26,second,random,る,りぞおとほてる,るうれつと,る,と,と,3e-06,False,0.0,,,,,,らゔ -> ゔあいおりにすと -> とりあえず -> ずいしよ -> よろず -> ずうずうしい -> いちず -> ずのう -> うええるず -> ずいじ -> じやず -> ずうむれんず -> ずるずる -> るぽるたあじゆ -> ゆず -> ずし -> しゆうず -> ずうつと -> とりしまる -> るぽ -> ぽけつとさいず -> ずうむ -> むきず -> ずばり -> りぞおとほてる -> るうれつと
greedy vs random,greedy,random,D10000_seed0_greedy_vs_random_0,10000,0,first,ended_with_n,27,first,greedy,と,るうれつと,とらえる,と,る,る,0.003727,False,-464.0,,,,,225,らゔ -> ゔあいおりにすと -> とりあえず -> ずいしよ -> よろず -> ずうずうしい -> いちず -> ずのう -> うええるず -> ずいじ -> じやず -> ずうむれんず -> ずるずる -> るぽるたあじゆ -> ゆず -> ずし -> しゆうず -> ずうつと -> とりしまる -> るぽ -> ぽけつとさいず -> ずうむ -> むきず -> ずばり -> りぞおとほてる -> るうれつと -> とらえる
greedy vs random,greedy,random,D10000_seed0_greedy_vs_random_0,10000,0,first,ended_with_n,28,second,random,る,とらえる,るうる,る,る,る,3e-06,False,0.0,,,,,,らゔ -> ゔあいおりにすと -> とりあえず -> ずいしよ -> よろず -> ずうずうしい -> いちず -> ずのう -> うええるず -> ずいじ -> じやず -> ずうむれんず -> ずるずる -> るぽるたあじゆ -> ゆず -> ずし -> しゆうず -> ずうつと -> とりしまる -> るぽ -> ぽけつとさいず -> ずうむ -> むきず -> ずばり -> りぞおとほてる -> るうれつと -> とらえる -> るうる
greedy vs random,greedy,random,D10000_seed0_greedy_vs_random_0,10000,0,first,ended_with_n,29,first,greedy,る,るうる,るうぶる,る,る,る,0.000336,False,-418.0,,,,,21,らゔ -> ゔあいおりにすと -> とりあえず -> ずいしよ -> よろず -> ずうずうしい -> いちず -> ずのう -> うええるず -> ずいじ -> じやず -> ずうむれんず -> ずるずる -> るぽるたあじゆ -> ゆず -> ずし -> しゆうず -> ずうつと -> とりしまる -> るぽ -> ぽけつとさいず -> ずうむ -> むきず -> ずばり -> りぞおとほてる -> るうれつと -> とらえる -> るうる -> るうぶる
greedy vs random,greedy,random,D10000_seed0_greedy_vs_random_0,10000,0,first,ended_with_n,30,second,random,る,るうぶる,るび,る,び,び,3e-06,False,0.0,,,,,,らゔ -> ゔあいおりにすと -> とりあえず -> ずいしよ -> よろず -> ずうずうしい -> いちず -> ずのう -> うええるず -> ずいじ -> じやず -> ずうむれんず -> ずるずる -> るぽるたあじゆ -> ゆず -> ずし -> しゆうず -> ずうつと -> とりしまる -> るぽ -> ぽけつとさいず -> ずうむ -> むきず -> ずばり -> りぞおとほてる -> るうれつと -> とらえる -> るうる -> るうぶる -> るび
greedy vs random,greedy,random,D10000_seed0_greedy_vs_random_0,10000,0,first,ended_with_n,31,first,greedy,び,るび,びいず,び,ず,ず,0.001033,False,-213.0,,,,,60,らゔ -> ゔあいおりにすと -> とりあえず -> ずいしよ -> よろず -> ずうずうしい -> いちず -> ずのう -> うええるず -> ずいじ -> じやず -> ずうむれんず -> ずるずる -> るぽるたあじゆ -> ゆず -> ずし -> しゆうず -> ずうつと -> とりしまる -> るぽ -> ぽけつとさいず -> ずうむ -> むきず -> ずばり -> りぞおとほてる -> るうれつと -> とらえる -> るうる -> るうぶる -> るび -> びいず
greedy vs random,greedy,random,D10000_seed0_greedy_vs_random_0,10000,0,first,ended_with_n,32,second,random,ず,びいず,ずいいち,ず,ち,ち,3e-06,False,0.0,,,,,,らゔ -> ゔあいおりにすと -> とりあえず -> ずいしよ -> よろず -> ずうずうしい -> いちず -> ずのう -> うええるず -> ずいじ -> じやず -> ずうむれんず -> ずるずる -> るぽるたあじゆ -> ゆず -> ずし -> しゆうず -> ずうつと -> とりしまる -> るぽ -> ぽけつとさいず -> ずうむ -> むきず -> ずばり -> りぞおとほてる -> るうれつと -> とらえる -> るうる -> るうぶる -> るび -> びいず -> ずいいち
greedy vs random,greedy,random,D10000_seed0_greedy_vs_random_0,10000,0,first,ended_with_n,33,first,greedy,ち,ずいいち,ちやおず,ち,ず,ず,0.003621,False,-190.0,,,,,223,らゔ -> ゔあいおりにすと -> とりあえず -> ずいしよ -> よろず -> ずうずうしい -> いちず -> ずのう -> うええるず -> ずいじ -> じやず -> ずうむれんず -> ずるずる -> るぽるたあじゆ -> ゆず -> ずし -> しゆうず -> ずうつと -> とりしまる -> るぽ -> ぽけつとさいず -> ずうむ -> むきず -> ずばり -> りぞおとほてる -> るうれつと -> とらえる -> るうる -> るうぶる -> るび -> びいず -> ずいいち -> ちやおず
greedy vs random,greedy,random,D10000_seed0_greedy_vs_random_0,10000,0,first,ended_with_n,34,second,random,ず,ちやおず,ずけい,ず,い,い,3e-06,False,0.0,,,,,,らゔ -> ゔあいおりにすと -> とりあえず -> ずいしよ -> よろず -> ずうずうしい -> いちず -> ずのう -> うええるず -> ずいじ -> じやず -> ずうむれんず -> ずるずる -> るぽるたあじゆ -> ゆず -> ずし -> しゆうず -> ずうつと -> とりしまる -> るぽ -> ぽけつとさいず -> ずうむ -> むきず -> ずばり -> りぞおとほてる -> るうれつと -> とらえる -> るうる -> るうぶる -> るび -> びいず -> ずいいち -> ちやおず -> ずけい
greedy vs random,greedy,random,D10000_seed0_greedy_vs_random_0,10000,0,first,ended_with_n,35,first,greedy,い,ずけい,いきかえる,い,る,る,0.004787,False,-395.0,,,,,284,らゔ -> ゔあいおりにすと -> とりあえず -> ずいしよ -> よろず -> ずうずうしい -> いちず -> ずのう -> うええるず -> ずいじ -> じやず -> ずうむれんず -> ずるずる -> るぽるたあじゆ -> ゆず -> ずし -> しゆうず -> ずうつと -> とりしまる -> るぽ -> ぽけつとさいず -> ずうむ -> むきず -> ずばり -> りぞおとほてる -> るうれつと -> とらえる -> るうる -> るうぶる -> るび -> びいず -> ずいいち -> ちやおず -> ずけい -> いきかえる
greedy vs random,greedy,random,D10000_seed0_greedy_vs_random_0,10000,0,first,ended_with_n,36,second,random,る,いきかえる,るうと,る,と,と,6e-06,False,0.0,,,,,,らゔ -> ゔあいおりにすと -> とりあえず -> ずいしよ -> よろず -> ずうずうしい -> いちず -> ずのう -> うええるず -> ずいじ -> じやず -> ずうむれんず -> ずるずる -> るぽるたあじゆ -> ゆず -> ずし -> しゆうず -> ずうつと -> とりしまる -> るぽ -> ぽけつとさいず -> ずうむ -> むきず -> ずばり -> りぞおとほてる -> るうれつと -> とらえる -> るうる -> るうぶる -> るび -> びいず -> ずいいち -> ちやおず -> ずけい -> いきかえる -> るうと
greedy vs random,greedy,random,D10000_seed0_greedy_vs_random_0,10000,0,first,ended_with_n,37,first,greedy,と,るうと,とらわれる,と,る,る,0.00376,False,-372.0,,,,,224,らゔ -> ゔあいおりにすと -> とりあえず -> ずいしよ -> よろず -> ずうずうしい -> いちず -> ずのう -> うええるず -> ずいじ -> じやず -> ずうむれんず -> ずるずる -> るぽるたあじゆ -> ゆず -> ずし -> しゆうず -> ずうつと -> とりしまる -> るぽ -> ぽけつとさいず -> ずうむ -> むきず -> ずばり -> りぞおとほてる -> るうれつと -> とらえる -> るうる -> るうぶる -> るび -> びいず -> ずいいち -> ちやおず -> ずけい -> いきかえる -> るうと -> とらわれる
greedy vs random,greedy,random,D10000_seed0_greedy_vs_random_0,10000,0,first,ended_with_n,38,second,random,る,とらわれる,るいじあな,る,な,な,4e-06,False,0.0,,,,,,らゔ -> ゔあいおりにすと -> とりあえず -> ずいしよ -> よろず -> ずうずうしい -> いちず -> ずのう -> うええるず -> ずいじ -> じやず -> ずうむれんず -> ずるずる -> るぽるたあじゆ -> ゆず -> ずし -> しゆうず -> ずうつと -> とりしまる -> るぽ -> ぽけつとさいず -> ずうむ -> むきず -> ずばり -> りぞおとほてる -> るうれつと -> とらえる -> るうる -> るうぶる -> るび -> びいず -> ずいいち -> ちやおず -> ずけい -> いきかえる -> るうと -> とらわれる -> るいじあな
greedy vs random,greedy,random,D10000_seed0_greedy_vs_random_0,10000,0,first,ended_with_n,39,first,greedy,な,るいじあな,ないる,な,る,る,0.003192,False,-349.0,,,,,189,らゔ -> ゔあいおりにすと -> とりあえず -> ずいしよ -> よろず -> ずうずうしい -> いちず -> ずのう -> うええるず -> ずいじ -> じやず -> ずうむれんず -> ずるずる -> るぽるたあじゆ -> ゆず -> ずし -> しゆうず -> ずうつと -> とりしまる -> るぽ -> ぽけつとさいず -> ずうむ -> むきず -> ずばり -> りぞおとほてる -> るうれつと -> とらえる -> るうる -> るうぶる -> るび -> びいず -> ずいいち -> ちやおず -> ずけい -> いきかえる -> るうと -> とらわれる -> るいじあな -> ないる
greedy vs random,greedy,random,D10000_seed0_greedy_vs_random_0,10000,0,first,ended_with_n,40,second,random,る,ないる,るうきい,る,い,い,3e-06,False,0.0,,,,,,らゔ -> ゔあいおりにすと -> とりあえず -> ずいしよ -> よろず -> ずうずうしい -> いちず -> ずのう -> うええるず -> ずいじ -> じやず -> ずうむれんず -> ずるずる -> るぽるたあじゆ -> ゆず -> ずし -> しゆうず -> ずうつと -> とりしまる -> るぽ -> ぽけつとさいず -> ずうむ -> むきず -> ずばり -> りぞおとほてる -> るうれつと -> とらえる -> るうる -> るうぶる -> るび -> びいず -> ずいいち -> ちやおず -> ずけい -> いきかえる -> るうと -> とらわれる -> るいじあな -> ないる -> るうきい
greedy vs random,greedy,random,D10000_seed0_greedy_vs_random_0,10000,0,first,ended_with_n,41,first,greedy,い,るうきい,いさる,い,る,る,0.005419,False,-326.0,,,,,283,らゔ -> ゔあいおりにすと -> とりあえず -> ずいしよ -> よろず -> ずうずうしい -> いちず -> ずのう -> うええるず -> ずいじ -> じやず -> ずうむれんず -> ずるずる -> るぽるたあじゆ -> ゆず -> ずし -> しゆうず -> ずうつと -> とりしまる -> るぽ -> ぽけつとさいず -> ずうむ -> むきず -> ずばり -> りぞおとほてる -> るうれつと -> とらえる -> るうる -> るうぶる -> るび -> びいず -> ずいいち -> ちやおず -> ずけい -> いきかえる -> るうと -> とらわれる -> るいじあな -> ないる -> るうきい -> いさる
greedy vs random,greedy,random,D10000_seed0_greedy_vs_random_0,10000,0,first,ended_with_n,42,second,random,る,いさる,るう,る,う,う,6e-06,False,0.0,,,,,,らゔ -> ゔあいおりにすと -> とりあえず -> ずいしよ -> よろず -> ずうずうしい -> いちず -> ずのう -> うええるず -> ずいじ -> じやず -> ずうむれんず -> ずるずる -> るぽるたあじゆ -> ゆず -> ずし -> しゆうず -> ずうつと -> とりしまる -> るぽ -> ぽけつとさいず -> ずうむ -> むきず -> ずばり -> りぞおとほてる -> るうれつと -> とらえる -> るうる -> るうぶる -> るび -> びいず -> ずいいち -> ちやおず -> ずけい -> いきかえる -> るうと -> とらわれる -> るいじあな -> ないる -> るうきい -> いさる -> るう
greedy vs random,greedy,random,D10000_seed0_greedy_vs_random_0,10000,0,first,ended_with_n,43,first,greedy,う,るう,うちあわせる,う,る,る,0.002689,False,-303.0,,,,,143,らゔ -> ゔあいおりにすと -> とりあえず -> ずいしよ -> よろず -> ずうずうしい -> いちず -> ずのう -> うええるず -> ずいじ -> じやず -> ずうむれんず -> ずるずる -> るぽるたあじゆ -> ゆず -> ずし -> しゆうず -> ずうつと -> とりしまる -> るぽ -> ぽけつとさいず -> ずうむ -> むきず -> ずばり -> りぞおとほてる -> るうれつと -> とらえる -> るうる -> るうぶる -> るび -> びいず -> ずいいち -> ちやおず -> ずけい -> いきかえる -> るうと -> とらわれる -> るいじあな -> ないる -> るうきい -> いさる -> るう -> うちあわせる
greedy vs random,greedy,random,D10000_seed0_greedy_vs_random_0,10000,0,first,ended_with_n,44,second,random,る,うちあわせる,るうぷ,る,ぷ,ぷ,3e-06,False,0.0,,,,,,らゔ -> ゔあいおりにすと -> とりあえず -> ずいしよ -> よろず -> ずうずうしい -> いちず -> ずのう -> うええるず -> ずいじ -> じやず -> ずうむれんず -> ずるずる -> るぽるたあじゆ -> ゆず -> ずし -> しゆうず -> ずうつと -> とりしまる -> るぽ -> ぽけつとさいず -> ずうむ -> むきず -> ずばり -> りぞおとほてる -> るうれつと -> とらえる -> るうる -> るうぶる -> るび -> びいず -> ずいいち -> ちやおず -> ずけい -> いきかえる -> るうと -> とらわれる -> るいじあな -> ないる -> るうきい -> いさる -> るう -> うちあわせる -> るうぷ
greedy vs random,greedy,random,D10000_seed0_greedy_vs_random_0,10000,0,first,ended_with_n,45,first,greedy,ぷ,るうぷ,ぷろぽおず,ぷ,ず,ず,0.000724,False,-167.0,,,,,44,らゔ -> ゔあいおりにすと -> とりあえず -> ずいしよ -> よろず -> ずうずうしい -> いちず -> ずのう -> うええるず -> ずいじ -> じやず -> ずうむれんず -> ずるずる -> るぽるたあじゆ -> ゆず -> ずし -> しゆうず -> ずうつと -> とりしまる -> るぽ -> ぽけつとさいず -> ずうむ -> むきず -> ずばり -> りぞおとほてる -> るうれつと -> とらえる -> るうる -> るうぶる -> るび -> びいず -> ずいいち -> ちやおず -> ずけい -> いきかえる -> るうと -> とらわれる -> るいじあな -> ないる -> るうきい -> いさる -> るう -> うちあわせる -> るうぷ -> ぷろぽおず
greedy vs random,greedy,random,D10000_seed0_greedy_vs_random_0,10000,0,first,ended_with_n,46,second,random,ず,ぷろぽおず,ずひよう,ず,う,う,3e-06,False,0.0,,,,,,らゔ -> ゔあいおりにすと -> とりあえず -> ずいしよ -> よろず -> ずうずうしい -> いちず -> ずのう -> うええるず -> ずいじ -> じやず -> ずうむれんず -> ずるずる -> るぽるたあじゆ -> ゆず -> ずし -> しゆうず -> ずうつと -> とりしまる -> るぽ -> ぽけつとさいず -> ずうむ -> むきず -> ずばり -> りぞおとほてる -> るうれつと -> とらえる -> るうる -> るうぶる -> るび -> びいず -> ずいいち -> ちやおず -> ずけい -> いきかえる -> るうと -> とらわれる -> るいじあな -> ないる -> るうきい -> いさる -> るう -> うちあわせる -> るうぷ -> ぷろぽおず -> ずひよう
greedy vs random,greedy,random,D10000_seed0_greedy_vs_random_0,10000,0,first,ended_with_n,47,first,greedy,う,ずひよう,うわくちびる,う,る,る,0.002693,False,-280.0,,,,,142,らゔ -> ゔあいおりにすと -> とりあえず -> ずいしよ -> よろず -> ずうずうしい -> いちず -> ずのう -> うええるず -> ずいじ -> じやず -> ずうむれんず -> ずるずる -> るぽるたあじゆ -> ゆず -> ずし -> しゆうず -> ずうつと -> とりしまる -> るぽ -> ぽけつとさいず -> ずうむ -> むきず -> ずばり -> りぞおとほてる -> るうれつと -> とらえる -> るうる -> るうぶる -> るび -> びいず -> ずいいち -> ちやおず -> ずけい -> いきかえる -> るうと -> とらわれる -> るいじあな -> ないる -> るうきい -> いさる -> るう -> うちあわせる -> るうぷ -> ぷろぽおず -> ずひよう -> うわくちびる
greedy vs random,greedy,random,D10000_seed0_greedy_vs_random_0,10000,0,first,ended_with_n,48,second,random,る,うわくちびる,るびい,る,い,い,3e-06,False,0.0,,,,,,らゔ -> ゔあいおりにすと -> とりあえず -> ずいしよ -> よろず -> ずうずうしい -> いちず -> ずのう -> うええるず -> ずいじ -> じやず -> ずうむれんず -> ずるずる -> るぽるたあじゆ -> ゆず -> ずし -> しゆうず -> ずうつと -> とりしまる -> るぽ -> ぽけつとさいず -> ずうむ -> むきず -> ずばり -> りぞおとほてる -> るうれつと -> とらえる -> るうる -> るうぶる -> るび -> びいず -> ずいいち -> ちやおず -> ずけい -> いきかえる -> るうと -> とらわれる -> るいじあな -> ないる -> るうきい -> いさる -> るう -> うちあわせる -> るうぷ -> ぷろぽおず -> ずひよう -> うわくちびる -> るびい
greedy vs random,greedy,random,D10000_seed0_greedy_vs_random_0,10000,0,first,ended_with_n,49,first,greedy,い,るびい,いばる,い,る,る,0.004968,False,-257.0,,,,,282,らゔ -> ゔあいおりにすと -> とりあえず -> ずいしよ -> よろず -> ずうずうしい -> いちず -> ずのう -> うええるず -> ずいじ -> じやず -> ずうむれんず -> ずるずる -> るぽるたあじゆ -> ゆず -> ずし -> しゆうず -> ずうつと -> とりしまる -> るぽ -> ぽけつとさいず -> ずうむ -> むきず -> ずばり -> りぞおとほてる -> るうれつと -> とらえる -> るうる -> るうぶる -> るび -> びいず -> ずいいち -> ちやおず -> ずけい -> いきかえる -> るうと -> とらわれる -> るいじあな -> ないる -> るうきい -> いさる -> るう -> うちあわせる -> るうぷ -> ぷろぽおず -> ずひよう -> うわくちびる -> るびい -> いばる
greedy vs random,greedy,random,D10000_seed0_greedy_vs_random_0,10000,0,first,ended_with_n,50,second,random,る,いばる,るり,る,り,り,3e-06,False,0.0,,,,,,らゔ -> ゔあいおりにすと -> とりあえず -> ずいしよ -> よろず -> ずうずうしい -> いちず -> ずのう -> うええるず -> ずいじ -> じやず -> ずうむれんず -> ずるずる -> るぽるたあじゆ -> ゆず -> ずし -> しゆうず -> ずうつと -> とりしまる -> るぽ -> ぽけつとさいず -> ずうむ -> むきず -> ずばり -> りぞおとほてる -> るうれつと -> とらえる -> るうる -> るうぶる -> るび -> びいず -> ずいいち -> ちやおず -> ずけい -> いきかえる -> るうと -> とらわれる -> るいじあな -> ないる -> るうきい -> いさる -> るう -> うちあわせる -> るうぷ -> ぷろぽおず -> ずひよう -> うわくちびる -> るびい -> いばる -> るり
greedy vs random,greedy,random,D10000_seed0_greedy_vs_random_0,10000,0,first,ended_with_n,51,first,greedy,り,るり,りべらる,り,る,る,0.002587,False,-234.0,,,,,144,らゔ -> ゔあいおりにすと -> とりあえず -> ずいしよ -> よろず -> ずうずうしい -> いちず -> ずのう -> うええるず -> ずいじ -> じやず -> ずうむれんず -> ずるずる -> るぽるたあじゆ -> ゆず -> ずし -> しゆうず -> ずうつと -> とりしまる -> るぽ -> ぽけつとさいず -> ずうむ -> むきず -> ずばり -> りぞおとほてる -> るうれつと -> とらえる -> るうる -> るうぶる -> るび -> びいず -> ずいいち -> ちやおず -> ずけい -> いきかえる -> るうと -> とらわれる -> るいじあな -> ないる -> るうきい -> いさる -> るう -> うちあわせる -> るうぷ -> ぷろぽおず -> ずひよう -> うわくちびる -> るびい -> いばる -> るり -> りべらる
greedy vs random,greedy,random,D10000_seed0_greedy_vs_random_0,10000,0,first,ended_with_n,52,second,random,る,りべらる,るねつさんす,る,す,す,3e-06,False,0.0,,,,,,らゔ -> ゔあいおりにすと -> とりあえず -> ずいしよ -> よろず -> ずうずうしい -> いちず -> ずのう -> うええるず -> ずいじ -> じやず -> ずうむれんず -> ずるずる -> るぽるたあじゆ -> ゆず -> ずし -> しゆうず -> ずうつと -> とりしまる -> るぽ -> ぽけつとさいず -> ずうむ -> むきず -> ずばり -> りぞおとほてる -> るうれつと -> とらえる -> るうる -> るうぶる -> るび -> びいず -> ずいいち -> ちやおず -> ずけい -> いきかえる -> るうと -> とらわれる -> るいじあな -> ないる -> るうきい -> いさる -> るう -> うちあわせる -> るうぷ -> ぷろぽおず -> ずひよう -> うわくちびる -> るびい -> いばる -> るり -> りべらる -> るねつさんす
greedy vs random,greedy,random,D10000_seed0_greedy_vs_random_0,10000,0,first,ended_with_n,53,first,greedy,す,るねつさんす,すず,す,ず,ず,0.003897,False,-144.0,,,,,209,らゔ -> ゔあいおりにすと -> とりあえず -> ずいしよ -> よろず -> ずうずうしい -> いちず -> ずのう -> うええるず -> ずいじ -> じやず -> ずうむれんず -> ずるずる -> るぽるたあじゆ -> ゆず -> ずし -> しゆうず -> ずうつと -> とりしまる -> るぽ -> ぽけつとさいず -> ずうむ -> むきず -> ずばり -> りぞおとほてる -> るうれつと -> とらえる -> るうる -> るうぶる -> るび -> びいず -> ずいいち -> ちやおず -> ずけい -> いきかえる -> るうと -> とらわれる -> るいじあな -> ないる -> るうきい -> いさる -> るう -> うちあわせる -> るうぷ -> ぷろぽおず -> ずひよう -> うわくちびる -> るびい -> いばる -> るり -> りべらる -> るねつさんす -> すず
greedy vs random,greedy,random,D10000_seed0_greedy_vs_random_0,10000,0,first,ended_with_n,54,second,random,ず,すず,ずれる,ず,る,る,3e-06,False,0.0,,,,,,らゔ -> ゔあいおりにすと -> とりあえず -> ずいしよ -> よろず -> ずうずうしい -> いちず -> ずのう -> うええるず -> ずいじ -> じやず -> ずうむれんず -> ずるずる -> るぽるたあじゆ -> ゆず -> ずし -> しゆうず -> ずうつと -> とりしまる -> るぽ -> ぽけつとさいず -> ずうむ -> むきず -> ずばり -> りぞおとほてる -> るうれつと -> とらえる -> るうる -> るうぶる -> るび -> びいず -> ずいいち -> ちやおず -> ずけい -> いきかえる -> るうと -> とらわれる -> るいじあな -> ないる -> るうきい -> いさる -> るう -> うちあわせる -> るうぷ -> ぷろぽおず -> ずひよう -> うわくちびる -> るびい -> いばる -> るり -> りべらる -> るねつさんす -> すず -> ずれる
greedy vs random,greedy,random,D10000_seed0_greedy_vs_random_0,10000,0,first,ended_with_n,55,first,greedy,る,ずれる,るみのおる,る,る,る,0.00018,False,-188.0,,,,,11,らゔ -> ゔあいおりにすと -> とりあえず -> ずいしよ -> よろず -> ずうずうしい -> いちず -> ずのう -> うええるず -> ずいじ -> じやず -> ずうむれんず -> ずるずる -> るぽるたあじゆ -> ゆず -> ずし -> しゆうず -> ずうつと -> とりしまる -> るぽ -> ぽけつとさいず -> ずうむ -> むきず -> ずばり -> りぞおとほてる -> るうれつと -> とらえる -> るうる -> るうぶる -> るび -> びいず -> ずいいち -> ちやおず -> ずけい -> いきかえる -> るうと -> とらわれる -> るいじあな -> ないる -> るうきい -> いさる -> るう -> うちあわせる -> るうぷ -> ぷろぽおず -> ずひよう -> うわくちびる -> るびい -> いばる -> るり -> りべらる -> るねつさんす -> すず -> ずれる -> るみのおる
greedy vs random,greedy,random,D10000_seed0_greedy_vs_random_0,10000,0,first,ended_with_n,56,second,random,る,るみのおる,るああ,る,あ,あ,3e-06,False,0.0,,,,,,らゔ -> ゔあいおりにすと -> とりあえず -> ずいしよ -> よろず -> ずうずうしい -> いちず -> ずのう -> うええるず -> ずいじ -> じやず -> ずうむれんず -> ずるずる -> るぽるたあじゆ -> ゆず -> ずし -> しゆうず -> ずうつと -> とりしまる -> るぽ -> ぽけつとさいず -> ずうむ -> むきず -> ずばり -> りぞおとほてる -> るうれつと -> とらえる -> るうる -> るうぶる -> るび -> びいず -> ずいいち -> ちやおず -> ずけい -> いきかえる -> るうと -> とらわれる -> るいじあな -> ないる -> るうきい -> いさる -> るう -> うちあわせる -> るうぷ -> ぷろぽおず -> ずひよう -> うわくちびる -> るびい -> いばる -> るり -> りべらる -> るねつさんす -> すず -> ずれる -> るみのおる -> るああ
greedy vs random,greedy,random,D10000_seed0_greedy_vs_random_0,10000,0,first,ended_with_n,57,first,greedy,あ,るああ,あいず,あ,ず,ず,0.005962,False,-121.0,,,,,317,らゔ -> ゔあいおりにすと -> とりあえず -> ずいしよ -> よろず -> ずうずうしい -> いちず -> ずのう -> うええるず -> ずいじ -> じやず -> ずうむれんず -> ずるずる -> るぽるたあじゆ -> ゆず -> ずし -> しゆうず -> ずうつと -> とりしまる -> るぽ -> ぽけつとさいず -> ずうむ -> むきず -> ずばり -> りぞおとほてる -> るうれつと -> とらえる -> るうる -> るうぶる -> るび -> びいず -> ずいいち -> ちやおず -> ずけい -> いきかえる -> るうと -> とらわれる -> るいじあな -> ないる -> るうきい -> いさる -> るう -> うちあわせる -> るうぷ -> ぷろぽおず -> ずひよう -> うわくちびる -> るびい -> いばる -> るり -> りべらる -> るねつさんす -> すず -> ずれる -> るみのおる -> るああ -> あいず
greedy vs random,greedy,random,D10000_seed0_greedy_vs_random_0,10000,0,first,ended_with_n,58,second,random,ず,あいず,ずらす,ず,す,す,3e-06,False,0.0,,,,,,らゔ -> ゔあいおりにすと -> とりあえず -> ずいしよ -> よろず -> ずうずうしい -> いちず -> ずのう -> うええるず -> ずいじ -> じやず -> ずうむれんず -> ずるずる -> るぽるたあじゆ -> ゆず -> ずし -> しゆうず -> ずうつと -> とりしまる -> るぽ -> ぽけつとさいず -> ずうむ -> むきず -> ずばり -> りぞおとほてる -> るうれつと -> とらえる -> るうる -> るうぶる -> るび -> びいず -> ずいいち -> ちやおず -> ずけい -> いきかえる -> るうと -> とらわれる -> るいじあな -> ないる -> るうきい -> いさる -> るう -> うちあわせる -> るうぷ -> ぷろぽおず -> ずひよう -> うわくちびる -> るびい -> いばる -> るり -> りべらる -> るねつさんす -> すず -> ずれる -> るみのおる -> るああ -> あいず -> ずらす
greedy vs random,greedy,random,D10000_seed0_greedy_vs_random_0,10000,0,first,ended_with_n,59,first,greedy,す,ずらす,すわる,す,る,る,0.004,False,-165.0,,,,,208,らゔ -> ゔあいおりにすと -> とりあえず -> ずいしよ -> よろず -> ずうずうしい -> いちず -> ずのう -> うええるず -> ずいじ -> じやず -> ずうむれんず -> ずるずる -> るぽるたあじゆ -> ゆず -> ずし -> しゆうず -> ずうつと -> とりしまる -> るぽ -> ぽけつとさいず -> ずうむ -> むきず -> ずばり -> りぞおとほてる -> るうれつと -> とらえる -> るうる -> るうぶる -> るび -> びいず -> ずいいち -> ちやおず -> ずけい -> いきかえる -> るうと -> とらわれる -> るいじあな -> ないる -> るうきい -> いさる -> るう -> うちあわせる -> るうぷ -> ぷろぽおず -> ずひよう -> うわくちびる -> るびい -> いばる -> るり -> りべらる -> るねつさんす -> すず -> ずれる -> るみのおる -> るああ -> あいず -> ずらす -> すわる
greedy vs random,greedy,random,D10000_seed0_greedy_vs_random_0,10000,0,first,ended_with_n,60,second,random,る,すわる,るうふ,る,ふ,ふ,3e-06,False,0.0,,,,,,らゔ -> ゔあいおりにすと -> とりあえず -> ずいしよ -> よろず -> ずうずうしい -> いちず -> ずのう -> うええるず -> ずいじ -> じやず -> ずうむれんず -> ずるずる -> るぽるたあじゆ -> ゆず -> ずし -> しゆうず -> ずうつと -> とりしまる -> るぽ -> ぽけつとさいず -> ずうむ -> むきず -> ずばり -> りぞおとほてる -> るうれつと -> とらえる -> るうる -> るうぶる -> るび -> びいず -> ずいいち -> ちやおず -> ずけい -> いきかえる -> るうと -> とらわれる -> るいじあな -> ないる -> るうきい -> いさる -> るう -> うちあわせる -> るうぷ -> ぷろぽおず -> ずひよう -> うわくちびる -> るびい -> いばる -> るり -> りべらる -> るねつさんす -> すず -> ずれる -> るみのおる -> るああ -> あいず -> ずらす -> すわる -> るうふ
greedy vs random,greedy,random,D10000_seed0_greedy_vs_random_0,10000,0,first,ended_with_n,61,first,greedy,ふ,るうふ,ふりいず,ふ,ず,ず,0.005108,False,-98.0,,,,,286,らゔ -> ゔあいおりにすと -> とりあえず -> ずいしよ -> よろず -> ずうずうしい -> いちず -> ずのう -> うええるず -> ずいじ -> じやず -> ずうむれんず -> ずるずる -> るぽるたあじゆ -> ゆず -> ずし -> しゆうず -> ずうつと -> とりしまる -> るぽ -> ぽけつとさいず -> ずうむ -> むきず -> ずばり -> りぞおとほてる -> るうれつと -> とらえる -> るうる -> るうぶる -> るび -> びいず -> ずいいち -> ちやおず -> ずけい -> いきかえる -> るうと -> とらわれる -> るいじあな -> ないる -> るうきい -> いさる -> るう -> うちあわせる -> るうぷ -> ぷろぽおず -> ずひよう -> うわくちびる -> るびい -> いばる -> るり -> りべらる -> るねつさんす -> すず -> ずれる -> るみのおる -> るああ -> あいず -> ずらす -> すわる -> るうふ -> ふりいず
greedy vs random,greedy,random,D10000_seed0_greedy_vs_random_0,10000,0,first,ended_with_n,62,second,random,ず,ふりいず,ずじよう,ず,う,う,4e-06,False,0.0,,,,,,らゔ -> ゔあいおりにすと -> とりあえず -> ずいしよ -> よろず -> ずうずうしい -> いちず -> ずのう -> うええるず -> ずいじ -> じやず -> ずうむれんず -> ずるずる -> るぽるたあじゆ -> ゆず -> ずし -> しゆうず -> ずうつと -> とりしまる -> るぽ -> ぽけつとさいず -> ずうむ -> むきず -> ずばり -> りぞおとほてる -> るうれつと -> とらえる -> るうる -> るうぶる -> るび -> びいず -> ずいいち -> ちやおず -> ずけい -> いきかえる -> るうと -> とらわれる -> るいじあな -> ないる -> るうきい -> いさる -> るう -> うちあわせる -> るうぷ -> ぷろぽおず -> ずひよう -> うわくちびる -> るびい -> いばる -> るり -> りべらる -> るねつさんす -> すず -> ずれる -> るみのおる -> るああ -> あいず -> ずらす -> すわる -> るうふ -> ふりいず -> ずじよう
greedy vs random,greedy,random,D10000_seed0_greedy_vs_random_0,10000,0,first,ended_with_n,63,first,greedy,う,ずじよう,うまれる,う,る,る,0.002673,False,-142.0,,,,,141,らゔ -> ゔあいおりにすと -> とりあえず -> ずいしよ -> よろず -> ずうずうしい -> いちず -> ずのう -> うええるず -> ずいじ -> じやず -> ずうむれんず -> ずるずる -> るぽるたあじゆ -> ゆず -> ずし -> しゆうず -> ずうつと -> とりしまる -> るぽ -> ぽけつとさいず -> ずうむ -> むきず -> ずばり -> りぞおとほてる -> るうれつと -> とらえる -> るうる -> るうぶる -> るび -> びいず -> ずいいち -> ちやおず -> ずけい -> いきかえる -> るうと -> とらわれる -> るいじあな -> ないる -> るうきい -> いさる -> るう -> うちあわせる -> るうぷ -> ぷろぽおず -> ずひよう -> うわくちびる -> るびい -> いばる -> るり -> りべらる -> るねつさんす -> すず -> ずれる -> るみのおる -> るああ -> あいず -> ずらす -> すわる -> るうふ -> ふりいず -> ずじよう -> うまれる
greedy vs random,greedy,random,D10000_seed0_greedy_vs_random_0,10000,0,first,ended_with_n,64,second,random,る,うまれる,るい,る,い,い,3e-06,False,0.0,,,,,,らゔ -> ゔあいおりにすと -> とりあえず -> ずいしよ -> よろず -> ずうずうしい -> いちず -> ずのう -> うええるず -> ずいじ -> じやず -> ずうむれんず -> ずるずる -> るぽるたあじゆ -> ゆず -> ずし -> しゆうず -> ずうつと -> とりしまる -> るぽ -> ぽけつとさいず -> ずうむ -> むきず -> ずばり -> りぞおとほてる -> るうれつと -> とらえる -> るうる -> るうぶる -> るび -> びいず -> ずいいち -> ちやおず -> ずけい -> いきかえる -> るうと -> とらわれる -> るいじあな -> ないる -> るうきい -> いさる -> るう -> うちあわせる -> るうぷ -> ぷろぽおず -> ずひよう -> うわくちびる -> るびい -> いばる -> るり -> りべらる -> るねつさんす -> すず -> ずれる -> るみのおる -> るああ -> あいず -> ずらす -> すわる -> るうふ -> ふりいず -> ずじよう -> うまれる -> るい
greedy vs random,greedy,random,D10000_seed0_greedy_vs_random_0,10000,0,first,ended_with_n,65,first,greedy,い,るい,いこおる,い,る,る,0.004666,False,-119.0,,,,,281,らゔ -> ゔあいおりにすと -> とりあえず -> ずいしよ -> よろず -> ずうずうしい -> いちず -> ずのう -> うええるず -> ずいじ -> じやず -> ずうむれんず -> ずるずる -> るぽるたあじゆ -> ゆず -> ずし -> しゆうず -> ずうつと -> とりしまる -> るぽ -> ぽけつとさいず -> ずうむ -> むきず -> ずばり -> りぞおとほてる -> るうれつと -> とらえる -> るうる -> るうぶる -> るび -> びいず -> ずいいち -> ちやおず -> ずけい -> いきかえる -> るうと -> とらわれる -> るいじあな -> ないる -> るうきい -> いさる -> るう -> うちあわせる -> るうぷ -> ぷろぽおず -> ずひよう -> うわくちびる -> るびい -> いばる -> るり -> りべらる -> るねつさんす -> すず -> ずれる -> るみのおる -> るああ -> あいず -> ずらす -> すわる -> るうふ -> ふりいず -> ずじよう -> うまれる -> るい -> いこおる
greedy vs random,greedy,random,D10000_seed0_greedy_vs_random_0,10000,0,first,ended_with_n,66,second,random,る,いこおる,るんげ,る,げ,げ,3e-06,False,0.0,,,,,,らゔ -> ゔあいおりにすと -> とりあえず -> ずいしよ -> よろず -> ずうずうしい -> いちず -> ずのう -> うええるず -> ずいじ -> じやず -> ずうむれんず -> ずるずる -> るぽるたあじゆ -> ゆず -> ずし -> しゆうず -> ずうつと -> とりしまる -> るぽ -> ぽけつとさいず -> ずうむ -> むきず -> ずばり -> りぞおとほてる -> るうれつと -> とらえる -> るうる -> るうぶる -> るび -> びいず -> ずいいち -> ちやおず -> ずけい -> いきかえる -> るうと -> とらわれる -> るいじあな -> ないる -> るうきい -> いさる -> るう -> うちあわせる -> るうぷ -> ぷろぽおず -> ずひよう -> うわくちびる -> るびい -> いばる -> るり -> りべらる -> るねつさんす -> すず -> ずれる -> るみのおる -> るああ -> あいず -> ずらす -> すわる -> るうふ -> ふりいず -> ずじよう -> うまれる -> るい -> いこおる -> るんげ
greedy vs random,greedy,random,D10000_seed0_greedy_vs_random_0,10000,0,first,ended_with_n,67,first,greedy,げ,るんげ,げる,げ,る,る,0.001768,False,-96.0,,,,,102,らゔ -> ゔあいおりにすと -> とりあえず -> ずいしよ -> よろず -> ずうずうしい -> いちず -> ずのう -> うええるず -> ずいじ -> じやず -> ずうむれんず -> ずるずる -> るぽるたあじゆ -> ゆず -> ずし -> しゆうず -> ずうつと -> とりしまる -> るぽ -> ぽけつとさいず -> ずうむ -> むきず -> ずばり -> りぞおとほてる -> るうれつと -> とらえる -> るうる -> るうぶる -> るび -> びいず -> ずいいち -> ちやおず -> ずけい -> いきかえる -> るうと -> とらわれる -> るいじあな -> ないる -> るうきい -> いさる -> るう -> うちあわせる -> るうぷ -> ぷろぽおず -> ずひよう -> うわくちびる -> るびい -> いばる -> るり -> りべらる -> るねつさんす -> すず -> ずれる -> るみのおる -> るああ -> あいず -> ずらす -> すわる -> るうふ -> ふりいず -> ずじよう -> うまれる -> るい -> いこおる -> るんげ -> げる
greedy vs random,greedy,random,D10000_seed0_greedy_vs_random_0,10000,0,first,ended_with_n,68,second,random,る,げる,るいせき,る,き,き,3e-06,False,0.0,,,,,,らゔ -> ゔあいおりにすと -> とりあえず -> ずいしよ -> よろず -> ずうずうしい -> いちず -> ずのう -> うええるず -> ずいじ -> じやず -> ずうむれんず -> ずるずる -> るぽるたあじゆ -> ゆず -> ずし -> しゆうず -> ずうつと -> とりしまる -> るぽ -> ぽけつとさいず -> ずうむ -> むきず -> ずばり -> りぞおとほてる -> るうれつと -> とらえる -> るうる -> るうぶる -> るび -> びいず -> ずいいち -> ちやおず -> ずけい -> いきかえる -> るうと -> とらわれる -> るいじあな -> ないる -> るうきい -> いさる -> るう -> うちあわせる -> るうぷ -> ぷろぽおず -> ずひよう -> うわくちびる -> るびい -> いばる -> るり -> りべらる -> るねつさんす -> すず -> ずれる -> るみのおる -> るああ -> あいず -> ずらす -> すわる -> るうふ -> ふりいず -> ずじよう -> うまれる -> るい -> いこおる -> るんげ -> げる -> るいせき
greedy vs random,greedy,random,D10000_seed0_greedy_vs_random_0,10000,0,first,ended_with_n,69,first,greedy,き,るいせき,きんずる,き,る,る,0.00632,False,-73.0,,,,,340,らゔ -> ゔあいおりにすと -> とりあえず -> ずいしよ -> よろず -> ずうずうしい -> いちず -> ずのう -> うええるず -> ずいじ -> じやず -> ずうむれんず -> ずるずる -> るぽるたあじゆ -> ゆず -> ずし -> しゆうず -> ずうつと -> とりしまる -> るぽ -> ぽけつとさいず -> ずうむ -> むきず -> ずばり -> りぞおとほてる -> るうれつと -> とらえる -> るうる -> るうぶる -> るび -> びいず -> ずいいち -> ちやおず -> ずけい -> いきかえる -> るうと -> とらわれる -> るいじあな -> ないる -> るうきい -> いさる -> るう -> うちあわせる -> るうぷ -> ぷろぽおず -> ずひよう -> うわくちびる -> るびい -> いばる -> るり -> りべらる -> るねつさんす -> すず -> ずれる -> るみのおる -> るああ -> あいず -> ずらす -> すわる -> るうふ -> ふりいず -> ずじよう -> うまれる -> るい -> いこおる -> るんげ -> げる -> るいせき -> きんずる
greedy vs random,greedy,random,D10000_seed0_greedy_vs_random_0,10000,0,first,ended_with_n,70,second,random,る,きんずる,るいけい,る,い,い,5e-06,False,0.0,,,,,,らゔ -> ゔあいおりにすと -> とりあえず -> ずいしよ -> よろず -> ずうずうしい -> いちず -> ずのう -> うええるず -> ずいじ -> じやず -> ずうむれんず -> ずるずる -> るぽるたあじゆ -> ゆず -> ずし -> しゆうず -> ずうつと -> とりしまる -> るぽ -> ぽけつとさいず -> ずうむ -> むきず -> ずばり -> りぞおとほてる -> るうれつと -> とらえる -> るうる -> るうぶる -> るび -> びいず -> ずいいち -> ちやおず -> ずけい -> いきかえる -> るうと -> とらわれる -> るいじあな -> ないる -> るうきい -> いさる -> るう -> うちあわせる -> るうぷ -> ぷろぽおず -> ずひよう -> うわくちびる -> るびい -> いばる -> るり -> りべらる -> るねつさんす -> すず -> ずれる -> るみのおる -> るああ -> あいず -> ずらす -> すわる -> るうふ -> ふりいず -> ずじよう -> うまれる -> るい -> いこおる -> るんげ -> げる -> るいせき -> きんずる -> るいけい
greedy vs random,greedy,random,D10000_seed0_greedy_vs_random_0,10000,0,first,ended_with_n,71,first,greedy,い,るいけい,いる,い,る,る,0.004925,False,-50.0,,,,,280,らゔ -> ゔあいおりにすと -> とりあえず -> ずいしよ -> よろず -> ずうずうしい -> いちず -> ずのう -> うええるず -> ずいじ -> じやず -> ずうむれんず -> ずるずる -> るぽるたあじゆ -> ゆず -> ずし -> しゆうず -> ずうつと -> とりしまる -> るぽ -> ぽけつとさいず -> ずうむ -> むきず -> ずばり -> りぞおとほてる -> るうれつと -> とらえる -> るうる -> るうぶる -> るび -> びいず -> ずいいち -> ちやおず -> ずけい -> いきかえる -> るうと -> とらわれる -> るいじあな -> ないる -> るうきい -> いさる -> るう -> うちあわせる -> るうぷ -> ぷろぽおず -> ずひよう -> うわくちびる -> るびい -> いばる -> るり -> りべらる -> るねつさんす -> すず -> ずれる -> るみのおる -> るああ -> あいず -> ずらす -> すわる -> るうふ -> ふりいず -> ずじよう -> うまれる -> るい -> いこおる -> るんげ -> げる -> るいせき -> きんずる -> るいけい -> いる
greedy vs random,greedy,random,D10000_seed0_greedy_vs_random_0,10000,0,first,ended_with_n,72,second,random,る,いる,るうちん,る,ん,,3e-06,False,0.0,,,,,,らゔ -> ゔあいおりにすと -> とりあえず -> ずいしよ -> よろず -> ずうずうしい -> いちず -> ずのう -> うええるず -> ずいじ -> じやず -> ずうむれんず -> ずるずる -> るぽるたあじゆ -> ゆず -> ずし -> しゆうず -> ずうつと -> とりしまる -> るぽ -> ぽけつとさいず -> ずうむ -> むきず -> ずばり -> りぞおとほてる -> るうれつと -> とらえる -> るうる -> るうぶる -> るび -> びいず -> ずいいち -> ちやおず -> ずけい -> いきかえる -> るうと -> とらわれる -> るいじあな -> ないる -> るうきい -> いさる -> るう -> うちあわせる -> るうぷ -> ぷろぽおず -> ずひよう -> うわくちびる -> るびい -> いばる -> るり -> りべらる -> るねつさんす -> すず -> ずれる -> るみのおる -> るああ -> あいず -> ずらす -> すわる -> るうふ -> ふりいず -> ずじよう -> うまれる -> るい -> いこおる -> るんげ -> げる -> るいせき -> きんずる -> るいけい -> いる -> るうちん
greedy vs minimax,greedy,minimax,D10000_seed0_greedy_vs_minimax_0,10000,0,second,ended_with_n,1,first,greedy,ANY,,らゔ,ら,ゔ,ゔ,0.179347,False,-46.0,,,,,10000,らゔ
greedy vs minimax,greedy,minimax,D10000_seed0_greedy_vs_minimax_0,10000,0,second,ended_with_n,2,second,minimax,ゔ,らゔ,ゔあいおりにすと,ゔ,と,と,2.000053,True,335.0,3,2,True,,2,らゔ -> ゔあいおりにすと
greedy vs minimax,greedy,minimax,D10000_seed0_greedy_vs_minimax_0,10000,0,second,ended_with_n,3,first,greedy,と,ゔあいおりにすと,とりあえず,と,ず,ず,0.00571,False,-443.0,,,,,227,らゔ -> ゔあいおりにすと -> とりあえず
greedy vs minimax,greedy,minimax,D10000_seed0_greedy_vs_minimax_0,10000,0,second,ended_with_n,4,second,minimax,ず,とりあえず,ずるずる,ず,る,る,0.550588,False,-335.0,2,2,True,,20,らゔ -> ゔあいおりにすと -> とりあえず -> ずるずる
greedy vs minimax,greedy,minimax,D10000_seed0_greedy_vs_minimax_0,10000,0,second,ended_with_n,5,first,greedy,る,ずるずる,るうぶる,る,る,る,0.00045,False,-510.0,,,,,25,らゔ -> ゔあいおりにすと -> とりあえず -> ずるずる -> るうぶる
greedy vs minimax,greedy,minimax,D10000_seed0_greedy_vs_minimax_0,10000,0,second,ended_with_n,6,second,minimax,る,るうぶる,るぽ,る,ぽ,ぽ,0.747567,False,-320.0,2,2,True,,20,らゔ -> ゔあいおりにすと -> とりあえず -> ずるずる -> るうぶる -> るぽ
greedy vs minimax,greedy,minimax,D10000_seed0_greedy_vs_minimax_0,10000,0,second,ended_with_n,7,first,greedy,ぽ,るぽ,ぽけつとさいず,ぽ,ず,ず,0.000674,False,-420.0,,,,,26,らゔ -> ゔあいおりにすと -> とりあえず -> ずるずる -> るうぶる -> るぽ -> ぽけつとさいず
greedy vs minimax,greedy,minimax,D10000_seed0_greedy_vs_minimax_0,10000,0,second,ended_with_n,8,second,minimax,ず,ぽけつとさいず,ずれる,ず,る,る,0.511992,False,-305.0,2,3,True,,20,らゔ -> ゔあいおりにすと -> とりあえず -> ずるずる -> るうぶる -> るぽ -> ぽけつとさいず -> ずれる
greedy vs minimax,greedy,minimax,D10000_seed0_greedy_vs_minimax_0,10000,0,second,ended_with_n,9,first,greedy,る,ずれる,るみのおる,る,る,る,0.000461,False,-464.0,,,,,23,らゔ -> ゔあいおりにすと -> とりあえず -> ずるずる -> るうぶる -> るぽ -> ぽけつとさいず -> ずれる -> るみのおる
greedy vs minimax,greedy,minimax,D10000_seed0_greedy_vs_minimax_0,10000,0,second,ended_with_n,10,second,minimax,る,るみのおる,るうる,る,る,る,2.000032,True,839.5,3,2,True,,4,らゔ -> ゔあいおりにすと -> とりあえず -> ずるずる -> るうぶる -> るぽ -> ぽけつとさいず -> ずれる -> るみのおる -> るうる
greedy vs minimax,greedy,minimax,D10000_seed0_greedy_vs_minimax_0,10000,0,second,ended_with_n,11,first,greedy,る,るうる,るうぷ,る,ぷ,ぷ,0.000336,False,-959.5,,,,,21,らゔ -> ゔあいおりにすと -> とりあえず -> ずるずる -> るうぶる -> るぽ -> ぽけつとさいず -> ずれる -> るみのおる -> るうる -> るうぷ
greedy vs minimax,greedy,minimax,D10000_seed0_greedy_vs_minimax_0,10000,0,second,ended_with_n,12,second,minimax,ぷ,るうぷ,ぷうる,ぷ,る,る,0.590729,False,-5.0,2,2,True,,20,らゔ -> ゔあいおりにすと -> とりあえず -> ずるずる -> るうぶる -> るぽ -> ぽけつとさいず -> ずれる -> るみのおる -> るうる -> るうぷ -> ぷうる
greedy vs minimax,greedy,minimax,D10000_seed0_greedy_vs_minimax_0,10000,0,second,ended_with_n,13,first,greedy,る,ぷうる,るび,る,び,び,0.000339,False,-1285.5,,,,,20,らゔ -> ゔあいおりにすと -> とりあえず -> ずるずる -> るうぶる -> るぽ -> ぽけつとさいず -> ずれる -> るみのおる -> るうる -> るうぷ -> ぷうる -> るび
greedy vs minimax,greedy,minimax,D10000_seed0_greedy_vs_minimax_0,10000,0,second,ended_with_n,14,second,minimax,び,るび,びいぐる,び,る,る,0.740601,False,298.0,2,2,True,,20,らゔ -> ゔあいおりにすと -> とりあえず -> ずるずる -> るうぶる -> るぽ -> ぽけつとさいず -> ずれる -> るみのおる -> るうる -> るうぷ -> ぷうる -> るび -> びいぐる
greedy vs minimax,greedy,minimax,D10000_seed0_greedy_vs_minimax_0,10000,0,second,ended_with_n,15,first,greedy,る,びいぐる,るぽるたあじゆ,る,ゆ,ゆ,0.000387,False,-2090.5,,,,,19,らゔ -> ゔあいおりにすと -> とりあえず -> ずるずる -> るうぶる -> るぽ -> ぽけつとさいず -> ずれる -> るみのおる -> るうる -> るうぷ -> ぷうる -> るび -> びいぐる -> るぽるたあじゆ
greedy vs minimax,greedy,minimax,D10000_seed0_greedy_vs_minimax_0,10000,0,second,ended_with_n,16,second,minimax,ゆ,るぽるたあじゆ,ゆきわたる,ゆ,る,る,0.755906,False,327.0,2,3,True,,20,らゔ -> ゔあいおりにすと -> とりあえず -> ずるずる -> るうぶる -> るぽ -> ぽけつとさいず -> ずれる -> るみのおる -> るうる -> るうぷ -> ぷうる -> るび -> びいぐる -> るぽるたあじゆ -> ゆきわたる
greedy vs minimax,greedy,minimax,D10000_seed0_greedy_vs_minimax_0,10000,0,second,ended_with_n,17,first,greedy,る,ゆきわたる,るんげ,る,げ,げ,0.000333,False,-2199.0,,,,,18,らゔ -> ゔあいおりにすと -> とりあえず -> ずるずる -> るうぶる -> るぽ -> ぽけつとさいず -> ずれる -> るみのおる -> るうる -> るうぷ -> ぷうる -> るび -> びいぐる -> るぽるたあじゆ -> ゆきわたる -> るんげ
greedy vs minimax,greedy,minimax,D10000_seed0_greedy_vs_minimax_0,10000,0,second,ended_with_n,18,second,minimax,げ,るんげ,げえとぼおる,げ,る,る,2.000046,True,2995.0,3,2,True,,6,らゔ -> ゔあいおりにすと -> とりあえず -> ずるずる -> るうぶる -> るぽ -> ぽけつとさいず -> ずれる -> るみのおる -> るうる -> るうぷ -> ぷうる -> るび -> びいぐる -> るぽるたあじゆ -> ゆきわたる -> るんげ -> げえとぼおる
greedy vs minimax,greedy,minimax,D10000_seed0_greedy_vs_minimax_0,10000,0,second,ended_with_n,19,first,greedy,る,げえとぼおる,るり,る,り,り,0.000333,False,-3083.0,,,,,17,らゔ -> ゔあいおりにすと -> とりあえず -> ずるずる -> るうぶる -> るぽ -> ぽけつとさいず -> ずれる -> るみのおる -> るうる -> るうぷ -> ぷうる -> るび -> びいぐる -> るぽるたあじゆ -> ゆきわたる -> るんげ -> げえとぼおる -> るり
greedy vs minimax,greedy,minimax,D10000_seed0_greedy_vs_minimax_0,10000,0,second,ended_with_n,20,second,minimax,り,るり,りこおる,り,る,る,0.666655,False,709.0,2,2,True,,20,らゔ -> ゔあいおりにすと -> とりあえず -> ずるずる -> るうぶる -> るぽ -> ぽけつとさいず -> ずれる -> るみのおる -> るうる -> るうぷ -> ぷうる -> るび -> びいぐる -> るぽるたあじゆ -> ゆきわたる -> るんげ -> げえとぼおる -> るり -> りこおる
greedy vs minimax,greedy,minimax,D10000_seed0_greedy_vs_minimax_0,10000,0,second,ended_with_n,21,first,greedy,る,りこおる,るう,る,う,う,0.000301,False,-3165.0,,,,,16,らゔ -> ゔあいおりにすと -> とりあえず -> ずるずる -> るうぶる -> るぽ -> ぽけつとさいず -> ずれる -> るみのおる -> るうる -> るうぷ -> ぷうる -> るび -> びいぐる -> るぽるたあじゆ -> ゆきわたる -> るんげ -> げえとぼおる -> るり -> りこおる -> るう
greedy vs minimax,greedy,minimax,D10000_seed0_greedy_vs_minimax_0,10000,0,second,ended_with_n,22,second,minimax,う,るう,うえる,う,る,る,0.918956,False,1042.0,2,2,True,,20,らゔ -> ゔあいおりにすと -> とりあえず -> ずるずる -> るうぶる -> るぽ -> ぽけつとさいず -> ずれる -> るみのおる -> るうる -> るうぷ -> ぷうる -> るび -> びいぐる -> るぽるたあじゆ -> ゆきわたる -> るんげ -> げえとぼおる -> るり -> りこおる -> るう -> うえる
greedy vs minimax,greedy,minimax,D10000_seed0_greedy_vs_minimax_0,10000,0,second,ended_with_n,23,first,greedy,る,うえる,るいじあな,る,な,な,0.00027,False,-4147.5,,,,,15,らゔ -> ゔあいおりにすと -> とりあえず -> ずるずる -> るうぶる -> るぽ -> ぽけつとさいず -> ずれる -> るみのおる -> るうる -> るうぷ -> ぷうる -> るび -> びいぐる -> るぽるたあじゆ -> ゆきわたる -> るんげ -> げえとぼおる -> るり -> りこおる -> るう -> うえる -> るいじあな
greedy vs minimax,greedy,minimax,D10000_seed0_greedy_vs_minimax_0,10000,0,second,ended_with_n,24,second,minimax,な,るいじあな,ないる,な,る,る,0.872548,False,1215.0,2,3,True,,20,らゔ -> ゔあいおりにすと -> とりあえず -> ずるずる -> るうぶる -> るぽ -> ぽけつとさいず -> ずれる -> るみのおる -> るうる -> るうぷ -> ぷうる -> るび -> びいぐる -> るぽるたあじゆ -> ゆきわたる -> るんげ -> げえとぼおる -> るり -> りこおる -> るう -> うえる -> るいじあな -> ないる
greedy vs minimax,greedy,minimax,D10000_seed0_greedy_vs_minimax_0,10000,0,second,ended_with_n,25,first,greedy,る,ないる,るねつさんす,る,す,す,0.00025,False,-4597.0,,,,,14,らゔ -> ゔあいおりにすと -> とりあえず -> ずるずる -> るうぶる -> るぽ -> ぽけつとさいず -> ずれる -> るみのおる -> るうる -> るうぷ -> ぷうる -> るび -> びいぐる -> るぽるたあじゆ -> ゆきわたる -> るんげ -> げえとぼおる -> るり -> りこおる -> るう -> うえる -> るいじあな -> ないる -> るねつさんす
greedy vs minimax,greedy,minimax,D10000_seed0_greedy_vs_minimax_0,10000,0,second,ended_with_n,26,second,minimax,す,るねつさんす,すえる,す,る,る,2.000054,True,4888.0,3,2,True,,17,らゔ -> ゔあいおりにすと -> とりあえず -> ずるずる -> るうぶる -> るぽ -> ぽけつとさいず -> ずれる -> るみのおる -> るうる -> るうぷ -> ぷうる -> るび -> びいぐる -> るぽるたあじゆ -> ゆきわたる -> るんげ -> げえとぼおる -> るり -> りこおる -> るう -> うえる -> るいじあな -> ないる -> るねつさんす -> すえる
greedy vs minimax,greedy,minimax,D10000_seed0_greedy_vs_minimax_0,10000,0,second,ended_with_n,27,first,greedy,る,すえる,るうれつと,る,と,と,0.000225,False,-4967.0,,,,,13,らゔ -> ゔあいおりにすと -> とりあえず -> ずるずる -> るうぶる -> るぽ -> ぽけつとさいず -> ずれる -> るみのおる -> るうる -> るうぷ -> ぷうる -> るび -> びいぐる -> るぽるたあじゆ -> ゆきわたる -> るんげ -> げえとぼおる -> るり -> りこおる -> るう -> うえる -> るいじあな -> ないる -> るねつさんす -> すえる -> るうれつと
greedy vs minimax,greedy,minimax,D10000_seed0_greedy_vs_minimax_0,10000,0,second,ended_with_n,28,second,minimax,と,るうれつと,といあわせる,と,る,る,0.731861,False,1369.0,2,2,True,,20,らゔ -> ゔあいおりにすと -> とりあえず -> ずるずる -> るうぶる -> るぽ -> ぽけつとさいず -> ずれる -> るみのおる -> るうる -> るうぷ -> ぷうる -> るび -> びいぐる -> るぽるたあじゆ -> ゆきわたる -> るんげ -> げえとぼおる -> るり -> りこおる -> るう -> うえる -> るいじあな -> ないる -> るねつさんす -> すえる -> るうれつと -> といあわせる
greedy vs minimax,greedy,minimax,D10000_seed0_greedy_vs_minimax_0,10000,0,second,ended_with_n,29,first,greedy,る,といあわせる,るうと,る,と,と,0.000199,False,-4944.0,,,,,12,らゔ -> ゔあいおりにすと -> とりあえず -> ずるずる -> るうぶる -> るぽ -> ぽけつとさいず -> ずれる -> るみのおる -> るうる -> るうぷ -> ぷうる -> るび -> びいぐる -> るぽるたあじゆ -> ゆきわたる -> るんげ -> げえとぼおる -> るり -> りこおる -> るう -> うえる -> るいじあな -> ないる -> るねつさんす -> すえる -> るうれつと -> といあわせる -> るうと
greedy vs minimax,greedy,minimax,D10000_seed0_greedy_vs_minimax_0,10000,0,second,ended_with_n,30,second,minimax,と,るうと,とうじる,と,る,る,0.66965,False,1662.0,2,2,True,,20,らゔ -> ゔあいおりにすと -> とりあえず -> ずるずる -> るうぶる -> るぽ -> ぽけつとさいず -> ずれる -> るみのおる -> るうる -> るうぷ -> ぷうる -> るび -> びいぐる -> るぽるたあじゆ -> ゆきわたる -> るんげ -> げえとぼおる -> るり -> りこおる -> るう -> うえる -> るいじあな -> ないる -> るねつさんす -> すえる -> るうれつと -> といあわせる -> るうと -> とうじる
greedy vs minimax,greedy,minimax,D10000_seed0_greedy_vs_minimax_0,10000,0,second,ended_with_n,31,first,greedy,る,とうじる,るびい,る,い,い,0.000197,False,-6103.5,,,,,11,らゔ -> ゔあいおりにすと -> とりあえず -> ずるずる -> るうぶる -> るぽ -> ぽけつとさいず -> ずれる -> るみのおる -> るうる -> るうぷ -> ぷうる -> るび -> びいぐる -> るぽるたあじゆ -> ゆきわたる -> るんげ -> げえとぼおる -> るり -> りこおる -> るう -> うえる -> るいじあな -> ないる -> るねつさんす -> すえる -> るうれつと -> といあわせる -> るうと -> とうじる -> るびい
greedy vs minimax,greedy,minimax,D10000_seed0_greedy_vs_minimax_0,10000,0,second,ended_with_n,32,second,minimax,い,るびい,いあわせる,い,る,る,0.582751,False,1677.0,2,3,True,,20,らゔ -> ゔあいおりにすと -> とりあえず -> ずるずる -> るうぶる -> るぽ -> ぽけつとさいず -> ずれる -> るみのおる -> るうる -> るうぷ -> ぷうる -> るび -> びいぐる -> るぽるたあじゆ -> ゆきわたる -> るんげ -> げえとぼおる -> るり -> りこおる -> るう -> うえる -> るいじあな -> ないる -> るねつさんす -> すえる -> るうれつと -> といあわせる -> るうと -> とうじる -> るびい -> いあわせる
greedy vs minimax,greedy,minimax,D10000_seed0_greedy_vs_minimax_0,10000,0,second,ended_with_n,33,first,greedy,る,いあわせる,るい,る,い,い,0.000171,False,-6080.5,,,,,10,らゔ -> ゔあいおりにすと -> とりあえず -> ずるずる -> るうぶる -> るぽ -> ぽけつとさいず -> ずれる -> るみのおる -> るうる -> るうぷ -> ぷうる -> るび -> びいぐる -> るぽるたあじゆ -> ゆきわたる -> るんげ -> げえとぼおる -> るり -> りこおる -> るう -> うえる -> るいじあな -> ないる -> るねつさんす -> すえる -> るうれつと -> といあわせる -> るうと -> とうじる -> るびい -> いあわせる -> るい
greedy vs minimax,greedy,minimax,D10000_seed0_greedy_vs_minimax_0,10000,0,second,ended_with_n,34,second,minimax,い,るい,いからせる,い,る,る,1.592726,False,6010.5,3,3,True,,20,らゔ -> ゔあいおりにすと -> とりあえず -> ずるずる -> るうぶる -> るぽ -> ぽけつとさいず -> ずれる -> るみのおる -> るうる -> るうぷ -> ぷうる -> るび -> びいぐる -> るぽるたあじゆ -> ゆきわたる -> るんげ -> げえとぼおる -> るり -> りこおる -> るう -> うえる -> るいじあな -> ないる -> るねつさんす -> すえる -> るうれつと -> といあわせる -> るうと -> とうじる -> るびい -> いあわせる -> るい -> いからせる
greedy vs minimax,greedy,minimax,D10000_seed0_greedy_vs_minimax_0,10000,0,second,ended_with_n,35,first,greedy,る,いからせる,るうきい,る,い,い,0.000148,False,-6057.5,,,,,9,らゔ -> ゔあいおりにすと -> とりあえず -> ずるずる -> るうぶる -> るぽ -> ぽけつとさいず -> ずれる -> るみのおる -> るうる -> るうぷ -> ぷうる -> るび -> びいぐる -> るぽるたあじゆ -> ゆきわたる -> るんげ -> げえとぼおる -> るり -> りこおる -> るう -> うえる -> るいじあな -> ないる -> るねつさんす -> すえる -> るうれつと -> といあわせる -> るうと -> とうじる -> るびい -> いあわせる -> るい -> いからせる -> るうきい
greedy vs minimax,greedy,minimax,D10000_seed0_greedy_vs_minimax_0,10000,0,second,ended_with_n,36,second,minimax,い,るうきい,いきかえる,い,る,る,1.48975,False,6018.5,3,3,True,,20,らゔ -> ゔあいおりにすと -> とりあえず -> ずるずる -> るうぶる -> るぽ -> ぽけつとさいず -> ずれる -> るみのおる -> るうる -> るうぷ -> ぷうる -> るび -> びいぐる -> るぽるたあじゆ -> ゆきわたる -> るんげ -> げえとぼおる -> るり -> りこおる -> るう -> うえる -> るいじあな -> ないる -> るねつさんす -> すえる -> るうれつと -> といあわせる -> るうと -> とうじる -> るびい -> いあわせる -> るい -> いからせる -> るうきい -> いきかえる
greedy vs minimax,greedy,minimax,D10000_seed0_greedy_vs_minimax_0,10000,0,second,ended_with_n,37,first,greedy,る,いきかえる,るいけい,る,い,い,8.8e-05,False,-6034.5,,,,,8,らゔ -> ゔあいおりにすと -> とりあえず -> ずるずる -> るうぶる -> るぽ -> ぽけつとさいず -> ずれる -> るみのおる -> るうる -> るうぷ -> ぷうる -> るび -> びいぐる -> るぽるたあじゆ -> ゆきわたる -> るんげ -> げえとぼおる -> るり -> りこおる -> るう -> うえる -> るいじあな -> ないる -> るねつさんす -> すえる -> るうれつと -> といあわせる -> るうと -> とうじる -> るびい -> いあわせる -> るい -> いからせる -> るうきい -> いきかえる -> るいけい
greedy vs minimax,greedy,minimax,D10000_seed0_greedy_vs_minimax_0,10000,0,second,ended_with_n,38,second,minimax,い,るいけい,いきる,い,る,る,1.450846,False,6192.0,3,3,True,,20,らゔ -> ゔあいおりにすと -> とりあえず -> ずるずる -> るうぶる -> るぽ -> ぽけつとさいず -> ずれる -> るみのおる -> るうる -> るうぷ -> ぷうる -> るび -> びいぐる -> るぽるたあじゆ -> ゆきわたる -> るんげ -> げえとぼおる -> るり -> りこおる -> るう -> うえる -> るいじあな -> ないる -> るねつさんす -> すえる -> るうれつと -> といあわせる -> るうと -> とうじる -> るびい -> いあわせる -> るい -> いからせる -> るうきい -> いきかえる -> るいけい -> いきる
greedy vs minimax,greedy,minimax,D10000_seed0_greedy_vs_minimax_0,10000,0,second,ended_with_n,39,first,greedy,る,いきる,るうふ,る,ふ,ふ,6.2e-05,False,-6200.0,,,,,7,らゔ -> ゔあいおりにすと -> とりあえず -> ずるずる -> るうぶる -> るぽ -> ぽけつとさいず -> ずれる -> るみのおる -> るうる -> るうぷ -> ぷうる -> るび -> びいぐる -> るぽるたあじゆ -> ゆきわたる -> るんげ -> げえとぼおる -> るり -> りこおる -> るう -> うえる -> るいじあな -> ないる -> るねつさんす -> すえる -> るうれつと -> といあわせる -> るうと -> とうじる -> るびい -> いあわせる -> るい -> いからせる -> るうきい -> いきかえる -> るいけい -> いきる -> るうふ
greedy vs minimax,greedy,minimax,D10000_seed0_greedy_vs_minimax_0,10000,0,second,ended_with_n,40,second,minimax,ふ,るうふ,ふあいる,ふ,る,る,0.718071,False,7102.0,3,3,True,,20,らゔ -> ゔあいおりにすと -> とりあえず -> ずるずる -> るうぶる -> るぽ -> ぽけつとさいず -> ずれる -> るみのおる -> るうる -> るうぷ -> ぷうる -> るび -> びいぐる -> るぽるたあじゆ -> ゆきわたる -> るんげ -> げえとぼおる -> るり -> りこおる -> るう -> うえる -> るいじあな -> ないる -> るねつさんす -> すえる -> るうれつと -> といあわせる -> るうと -> とうじる -> るびい -> いあわせる -> るい -> いからせる -> るうきい -> いきかえる -> るいけい -> いきる -> るうふ -> ふあいる
greedy vs minimax,greedy,minimax,D10000_seed0_greedy_vs_minimax_0,10000,0,second,ended_with_n,41,first,greedy,る,ふあいる,るああ,る,あ,あ,7.4e-05,False,-7102.0,,,,,6,らゔ -> ゔあいおりにすと -> とりあえず -> ずるずる -> るうぶる -> るぽ -> ぽけつとさいず -> ずれる -> るみのおる -> るうる -> るうぷ -> ぷうる -> るび -> びいぐる -> るぽるたあじゆ -> ゆきわたる -> るんげ -> げえとぼおる -> るり -> りこおる -> るう -> うえる -> るいじあな -> ないる -> るねつさんす -> すえる -> るうれつと -> といあわせる -> るうと -> とうじる -> るびい -> いあわせる -> るい -> いからせる -> るうきい -> いきかえる -> るいけい -> いきる -> るうふ -> ふあいる -> るああ
greedy vs minimax,greedy,minimax,D10000_seed0_greedy_vs_minimax_0,10000,0,second,ended_with_n,42,second,minimax,あ,るああ,あいてどる,あ,る,る,0.116463,False,500000.0,3,3,True,,20,らゔ -> ゔあいおりにすと -> とりあえず -> ずるずる -> るうぶる -> るぽ -> ぽけつとさいず -> ずれる -> るみのおる -> るうる -> るうぷ -> ぷうる -> るび -> びいぐる -> るぽるたあじゆ -> ゆきわたる -> るんげ -> げえとぼおる -> るり -> りこおる -> るう -> うえる -> るいじあな -> ないる -> るねつさんす -> すえる -> るうれつと -> といあわせる -> るうと -> とうじる -> るびい -> いあわせる -> るい -> いからせる -> るうきい -> いきかえる -> るいけい -> いきる -> るうふ -> ふあいる -> るああ -> あいてどる
greedy vs minimax,greedy,minimax,D10000_seed0_greedy_vs_minimax_0,10000,0,second,ended_with_n,43,first,greedy,る,あいてどる,るいせき,る,き,き,3.2e-05,False,-7242.5,,,,,5,らゔ -> ゔあいおりにすと -> とりあえず -> ずるずる -> るうぶる -> るぽ -> ぽけつとさいず -> ずれる -> るみのおる -> るうる -> るうぷ -> ぷうる -> るび -> びいぐる -> るぽるたあじゆ -> ゆきわたる -> るんげ -> げえとぼおる -> るり -> りこおる -> るう -> うえる -> るいじあな -> ないる -> るねつさんす -> すえる -> るうれつと -> といあわせる -> るうと -> とうじる -> るびい -> いあわせる -> るい -> いからせる -> るうきい -> いきかえる -> るいけい -> いきる -> るうふ -> ふあいる -> るああ -> あいてどる -> るいせき
greedy vs minimax,greedy,minimax,D10000_seed0_greedy_vs_minimax_0,10000,0,second,ended_with_n,44,second,minimax,き,るいせき,きいる,き,る,る,0.005166,False,1000000.0,3,3,True,,20,らゔ -> ゔあいおりにすと -> とりあえず -> ずるずる -> るうぶる -> るぽ -> ぽけつとさいず -> ずれる -> るみのおる -> るうる -> るうぷ -> ぷうる -> るび -> びいぐる -> るぽるたあじゆ -> ゆきわたる -> るんげ -> げえとぼおる -> るり -> りこおる -> るう -> うえる -> るいじあな -> ないる -> るねつさんす -> すえる -> るうれつと -> といあわせる -> るうと -> とうじる -> るびい -> いあわせる -> るい -> いからせる -> るうきい -> いきかえる -> るいけい -> いきる -> るうふ -> ふあいる -> るああ -> あいてどる -> るいせき -> きいる
greedy vs minimax,greedy,minimax,D10000_seed0_greedy_vs_minimax_0,10000,0,second,ended_with_n,45,first,greedy,る,きいる,るうていん,る,ん,,3e-06,False,-1000000.0,,,,,4,らゔ -> ゔあいおりにすと -> とりあえず -> ずるずる -> るうぶる -> るぽ -> ぽけつとさいず -> ずれる -> るみのおる -> るうる -> るうぷ -> ぷうる -> るび -> びいぐる -> るぽるたあじゆ -> ゆきわたる -> るんげ -> げえとぼおる -> るり -> りこおる -> るう -> うえる -> るいじあな -> ないる -> るねつさんす -> すえる -> るうれつと -> といあわせる -> るうと -> とうじる -> るびい -> いあわせる -> るい -> いからせる -> るうきい -> いきかえる -> るいけい -> いきる -> るうふ -> ふあいる -> るああ -> あいてどる -> るいせき -> きいる -> るうていん
greedy vs monte_carlo,greedy,monte_carlo,D10000_seed0_greedy_vs_monte_carlo_0,10000,0,second,ended_with_n,1,first,greedy,ANY,,らゔ,ら,ゔ,ゔ,0.156095,False,-46.0,,,,,10000,らゔ
greedy vs monte_carlo,greedy,monte_carlo,D10000_seed0_greedy_vs_monte_carlo_0,10000,0,second,ended_with_n,2,second,monte_carlo,ゔ,らゔ,ゔおおかりすと,ゔ,と,と,0.147325,False,0.26000000000000006,,,,,,らゔ -> ゔおおかりすと
greedy vs monte_carlo,greedy,monte_carlo,D10000_seed0_greedy_vs_monte_carlo_0,10000,0,second,ended_with_n,3,first,greedy,と,ゔおおかりすと,とりあえず,と,ず,ず,0.003865,False,-443.0,,,,,227,らゔ -> ゔおおかりすと -> とりあえず
greedy vs monte_carlo,greedy,monte_carlo,D10000_seed0_greedy_vs_monte_carlo_0,10000,0,second,ended_with_n,4,second,monte_carlo,ず,とりあえず,ずのう,ず,う,う,0.94237,False,0.43000000000000005,,,,,,らゔ -> ゔおおかりすと -> とりあえず -> ずのう
greedy vs monte_carlo,greedy,monte_carlo,D10000_seed0_greedy_vs_monte_carlo_0,10000,0,second,ended_with_n,5,first,greedy,う,ずのう,うええるず,う,ず,ず,0.002068,False,-420.0,,,,,144,らゔ -> ゔおおかりすと -> とりあえず -> ずのう -> うええるず
greedy vs monte_carlo,greedy,monte_carlo,D10000_seed0_greedy_vs_monte_carlo_0,10000,0,second,ended_with_n,6,second,monte_carlo,ず,うええるず,ずれる,ず,る,る,0.745419,False,0.525,,,,,,らゔ -> ゔおおかりすと -> とりあえず -> ずのう -> うええるず -> ずれる
greedy vs monte_carlo,greedy,monte_carlo,D10000_seed0_greedy_vs_monte_carlo_0,10000,0,second,ended_with_n,7,first,greedy,る,ずれる,るうぶる,る,る,る,0.000285,False,-510.0,,,,,25,らゔ -> ゔおおかりすと -> とりあえず -> ずのう -> うええるず -> ずれる -> るうぶる
greedy vs monte_carlo,greedy,monte_carlo,D10000_seed0_greedy_vs_monte_carlo_0,10000,0,second,ended_with_n,8,second,monte_carlo,る,るうぶる,るうきい,る,い,い,0.838339,False,0.43999999999999995,,,,,,らゔ -> ゔおおかりすと -> とりあえず -> ずのう -> うええるず -> ずれる -> るうぶる -> るうきい
greedy vs monte_carlo,greedy,monte_carlo,D10000_seed0_greedy_vs_monte_carlo_0,10000,0,second,ended_with_n,9,first,greedy,い,るうきい,いちず,い,ず,ず,0.003103,False,-397.0,,,,,285,らゔ -> ゔおおかりすと -> とりあえず -> ずのう -> うええるず -> ずれる -> るうぶる -> るうきい -> いちず
greedy vs monte_carlo,greedy,monte_carlo,D10000_seed0_greedy_vs_monte_carlo_0,10000,0,second,ended_with_n,10,second,monte_carlo,ず,いちず,ずるずる,ず,る,る,0.615227,False,0.45,,,,,,らゔ -> ゔおおかりすと -> とりあえず -> ずのう -> うええるず -> ずれる -> るうぶる -> るうきい -> いちず -> ずるずる
greedy vs monte_carlo,greedy,monte_carlo,D10000_seed0_greedy_vs_monte_carlo_0,10000,0,second,ended_with_n,11,first,greedy,る,ずるずる,るみのおる,る,る,る,0.000229,False,-464.0,,,,,23,らゔ -> ゔおおかりすと -> とりあえず -> ずのう -> うええるず -> ずれる -> るうぶる -> るうきい -> いちず -> ずるずる -> るみのおる
greedy vs monte_carlo,greedy,monte_carlo,D10000_seed0_greedy_vs_monte_carlo_0,10000,0,second,ended_with_n,12,second,monte_carlo,る,るみのおる,るねつさんす,る,す,す,0.745942,False,0.36,,,,,,らゔ -> ゔおおかりすと -> とりあえず -> ずのう -> うええるず -> ずれる -> るうぶる -> るうきい -> いちず -> ずるずる -> るみのおる -> るねつさんす
greedy vs monte_carlo,greedy,monte_carlo,D10000_seed0_greedy_vs_monte_carlo_0,10000,0,second,ended_with_n,13,first,greedy,す,るねつさんす,すず,す,ず,ず,0.002799,False,-374.0,,,,,209,らゔ -> ゔおおかりすと -> とりあえず -> ずのう -> うええるず -> ずれる -> るうぶる -> るうきい -> いちず -> ずるずる -> るみのおる -> るねつさんす -> すず
greedy vs monte_carlo,greedy,monte_carlo,D10000_seed0_greedy_vs_monte_carlo_0,10000,0,second,ended_with_n,14,second,monte_carlo,ず,すず,ずじよう,ず,う,う,0.558236,False,0.54,,,,,,らゔ -> ゔおおかりすと -> とりあえず -> ずのう -> うええるず -> ずれる -> るうぶる -> るうきい -> いちず -> ずるずる -> るみのおる -> るねつさんす -> すず -> ずじよう
greedy vs monte_carlo,greedy,monte_carlo,D10000_seed0_greedy_vs_monte_carlo_0,10000,0,second,ended_with_n,15,first,greedy,う,ずじよう,うちあわせる,う,る,る,0.002219,False,-441.0,,,,,143,らゔ -> ゔおおかりすと -> とりあえず -> ずのう -> うええるず -> ずれる -> るうぶる -> るうきい -> いちず -> ずるずる -> るみのおる -> るねつさんす -> すず -> ずじよう -> うちあわせる
greedy vs monte_carlo,greedy,monte_carlo,D10000_seed0_greedy_vs_monte_carlo_0,10000,0,second,ended_with_n,16,second,monte_carlo,る,うちあわせる,るい,る,い,い,0.662303,False,0.6000000000000001,,,,,,らゔ -> ゔおおかりすと -> とりあえず -> ずのう -> うええるず -> ずれる -> るうぶる -> るうきい -> いちず -> ずるずる -> るみのおる -> るねつさんす -> すず -> ずじよう -> うちあわせる -> るい
greedy vs monte_carlo,greedy,monte_carlo,D10000_seed0_greedy_vs_monte_carlo_0,10000,0,second,ended_with_n,17,first,greedy,い,るい,いきかえる,い,る,る,0.003634,False,-418.0,,,,,284,らゔ -> ゔおおかりすと -> とりあえず -> ずのう -> うええるず -> ずれる -> るうぶる -> るうきい -> いちず -> ずるずる -> るみのおる -> るねつさんす -> すず -> ずじよう -> うちあわせる -> るい -> いきかえる
greedy vs monte_carlo,greedy,monte_carlo,D10000_seed0_greedy_vs_monte_carlo_0,10000,0,second,ended_with_n,18,second,monte_carlo,る,いきかえる,るいじあな,る,な,な,0.532429,False,0.6399999999999999,,,,,,らゔ -> ゔおおかりすと -> とりあえず -> ずのう -> うええるず -> ずれる -> るうぶる -> るうきい -> いちず -> ずるずる -> るみのおる -> るねつさんす -> すず -> ずじよう -> うちあわせる -> るい -> いきかえる -> るいじあな
greedy vs monte_carlo,greedy,monte_carlo,D10000_seed0_greedy_vs_monte_carlo_0,10000,0,second,ended_with_n,19,first,greedy,な,るいじあな,ないる,な,る,る,0.002276,False,-395.0,,,,,189,らゔ -> ゔおおかりすと -> とりあえず -> ずのう -> うええるず -> ずれる -> るうぶる -> るうきい -> いちず -> ずるずる -> るみのおる -> るねつさんす -> すず -> ずじよう -> うちあわせる -> るい -> いきかえる -> るいじあな -> ないる
greedy vs monte_carlo,greedy,monte_carlo,D10000_seed0_greedy_vs_monte_carlo_0,10000,0,second,ended_with_n,20,second,monte_carlo,る,ないる,るうぷ,る,ぷ,ぷ,0.510894,False,0.53,,,,,,らゔ -> ゔおおかりすと -> とりあえず -> ずのう -> うええるず -> ずれる -> るうぶる -> るうきい -> いちず -> ずるずる -> るみのおる -> るねつさんす -> すず -> ずじよう -> うちあわせる -> るい -> いきかえる -> るいじあな -> ないる -> るうぷ
greedy vs monte_carlo,greedy,monte_carlo,D10000_seed0_greedy_vs_monte_carlo_0,10000,0,second,ended_with_n,21,first,greedy,ぷ,るうぷ,ぷろぽおず,ぷ,ず,ず,0.000469,False,-351.0,,,,,44,らゔ -> ゔおおかりすと -> とりあえず -> ずのう -> うええるず -> ずれる -> るうぶる -> るうきい -> いちず -> ずるずる -> るみのおる -> るねつさんす -> すず -> ずじよう -> うちあわせる -> るい -> いきかえる -> るいじあな -> ないる -> るうぷ -> ぷろぽおず
greedy vs monte_carlo,greedy,monte_carlo,D10000_seed0_greedy_vs_monte_carlo_0,10000,0,second,ended_with_n,22,second,monte_carlo,ず,ぷろぽおず,ずいしよ,ず,よ,よ,0.358581,False,0.64,,,,,,らゔ -> ゔおおかりすと -> とりあえず -> ずのう -> うええるず -> ずれる -> るうぶる -> るうきい -> いちず -> ずるずる -> るみのおる -> るねつさんす -> すず -> ずじよう -> うちあわせる -> るい -> いきかえる -> るいじあな -> ないる -> るうぷ -> ぷろぽおず -> ずいしよ
greedy vs monte_carlo,greedy,monte_carlo,D10000_seed0_greedy_vs_monte_carlo_0,10000,0,second,ended_with_n,23,first,greedy,よ,ずいしよ,よろず,よ,ず,ず,0.001466,False,-328.0,,,,,128,らゔ -> ゔおおかりすと -> とりあえず -> ずのう -> うええるず -> ずれる -> るうぶる -> るうきい -> いちず -> ずるずる -> るみのおる -> るねつさんす -> すず -> ずじよう -> うちあわせる -> るい -> いきかえる -> るいじあな -> ないる -> るうぷ -> ぷろぽおず -> ずいしよ -> よろず
greedy vs monte_carlo,greedy,monte_carlo,D10000_seed0_greedy_vs_monte_carlo_0,10000,0,second,ended_with_n,24,second,monte_carlo,ず,よろず,ずばり,ず,り,り,0.368649,False,0.6199999999999999,,,,,,らゔ -> ゔおおかりすと -> とりあえず -> ずのう -> うええるず -> ずれる -> るうぶる -> るうきい -> いちず -> ずるずる -> るみのおる -> るねつさんす -> すず -> ずじよう -> うちあわせる -> るい -> いきかえる -> るいじあな -> ないる -> るうぷ -> ぷろぽおず -> ずいしよ -> よろず -> ずばり
greedy vs monte_carlo,greedy,monte_carlo,D10000_seed0_greedy_vs_monte_carlo_0,10000,0,second,ended_with_n,25,first,greedy,り,ずばり,りぞおとほてる,り,る,る,0.001667,False,-372.0,,,,,145,らゔ -> ゔおおかりすと -> とりあえず -> ずのう -> うええるず -> ずれる -> るうぶる -> るうきい -> いちず -> ずるずる -> るみのおる -> るねつさんす -> すず -> ずじよう -> うちあわせる -> るい -> いきかえる -> るいじあな -> ないる -> るうぷ -> ぷろぽおず -> ずいしよ -> よろず -> ずばり -> りぞおとほてる
greedy vs monte_carlo,greedy,monte_carlo,D10000_seed0_greedy_vs_monte_carlo_0,10000,0,second,ended_with_n,26,second,monte_carlo,る,りぞおとほてる,るうふ,る,ふ,ふ,0.384439,False,0.53,,,,,,らゔ -> ゔおおかりすと -> とりあえず -> ずのう -> うええるず -> ずれる -> るうぶる -> るうきい -> いちず -> ずるずる -> るみのおる -> るねつさんす -> すず -> ずじよう -> うちあわせる -> るい -> いきかえる -> るいじあな -> ないる -> るうぷ -> ぷろぽおず -> ずいしよ -> よろず -> ずばり -> りぞおとほてる -> るうふ
greedy vs monte_carlo,greedy,monte_carlo,D10000_seed0_greedy_vs_monte_carlo_0,10000,0,second,ended_with_n,27,first,greedy,ふ,るうふ,ふりいず,ふ,ず,ず,0.003412,False,-305.0,,,,,286,らゔ -> ゔおおかりすと -> とりあえず -> ずのう -> うええるず -> ずれる -> るうぶる -> るうきい -> いちず -> ずるずる -> るみのおる -> るねつさんす -> すず -> ずじよう -> うちあわせる -> るい -> いきかえる -> るいじあな -> ないる -> るうぷ -> ぷろぽおず -> ずいしよ -> よろず -> ずばり -> りぞおとほてる -> るうふ -> ふりいず
greedy vs monte_carlo,greedy,monte_carlo,D10000_seed0_greedy_vs_monte_carlo_0,10000,0,second,ended_with_n,28,second,monte_carlo,ず,ふりいず,ずうむ,ず,む,む,0.263973,False,0.5599999999999999,,,,,,らゔ -> ゔおおかりすと -> とりあえず -> ずのう -> うええるず -> ずれる -> るうぶる -> るうきい -> いちず -> ずるずる -> るみのおる -> るねつさんす -> すず -> ずじよう -> うちあわせる -> るい -> いきかえる -> るいじあな -> ないる -> るうぷ -> ぷろぽおず -> ずいしよ -> よろず -> ずばり -> りぞおとほてる -> るうふ -> ふりいず -> ずうむ
greedy vs monte_carlo,greedy,monte_carlo,D10000_seed0_greedy_vs_monte_carlo_0,10000,0,second,ended_with_n,29,first,greedy,む,ずうむ,むきず,む,ず,ず,0.000842,False,-282.0,,,,,78,らゔ -> ゔおおかりすと -> とりあえず -> ずのう -> うええるず -> ずれる -> るうぶる -> るうきい -> いちず -> ずるずる -> るみのおる -> るねつさんす -> すず -> ずじよう -> うちあわせる -> るい -> いきかえる -> るいじあな -> ないる -> るうぷ -> ぷろぽおず -> ずいしよ -> よろず -> ずばり -> りぞおとほてる -> るうふ -> ふりいず -> ずうむ -> むきず
greedy vs monte_carlo,greedy,monte_carlo,D10000_seed0_greedy_vs_monte_carlo_0,10000,0,second,ended_with_n,30,second,monte_carlo,ず,むきず,ずうむれんず,ず,ず,ず,0.251821,False,0.62,,,,,,らゔ -> ゔおおかりすと -> とりあえず -> ずのう -> うええるず -> ずれる -> るうぶる -> るうきい -> いちず -> ずるずる -> るみのおる -> るねつさんす -> すず -> ずじよう -> うちあわせる -> るい -> いきかえる -> るいじあな -> ないる -> るうぷ -> ぷろぽおず -> ずいしよ -> よろず -> ずばり -> りぞおとほてる -> るうふ -> ふりいず -> ずうむ -> むきず -> ずうむれんず
greedy vs monte_carlo,greedy,monte_carlo,D10000_seed0_greedy_vs_monte_carlo_0,10000,0,second,ended_with_n,31,first,greedy,ず,ずうむれんず,ずひよう,ず,う,う,0.000166,False,-3119.0,,,,,14,らゔ -> ゔおおかりすと -> とりあえず -> ずのう -> うええるず -> ずれる -> るうぶる -> るうきい -> いちず -> ずるずる -> るみのおる -> るねつさんす -> すず -> ずじよう -> うちあわせる -> るい -> いきかえる -> るいじあな -> ないる -> るうぷ -> ぷろぽおず -> ずいしよ -> よろず -> ずばり -> りぞおとほてる -> るうふ -> ふりいず -> ずうむ -> むきず -> ずうむれんず -> ずひよう
greedy vs monte_carlo,greedy,monte_carlo,D10000_seed0_greedy_vs_monte_carlo_0,10000,0,second,ended_with_n,32,second,monte_carlo,う,ずひよう,うらはら,う,ら,ら,0.492871,False,0.72,,,,,,らゔ -> ゔおおかりすと -> とりあえず -> ずのう -> うええるず -> ずれる -> るうぶる -> るうきい -> いちず -> ずるずる -> るみのおる -> るねつさんす -> すず -> ずじよう -> うちあわせる -> るい -> いきかえる -> るいじあな -> ないる -> るうぷ -> ぷろぽおず -> ずいしよ -> よろず -> ずばり -> りぞおとほてる -> るうふ -> ふりいず -> ずうむ -> むきず -> ずうむれんず -> ずひよう -> うらはら
greedy vs monte_carlo,greedy,monte_carlo,D10000_seed0_greedy_vs_monte_carlo_0,10000,0,second,ended_with_n,33,first,greedy,ら,うらはら,らんどせる,ら,る,る,0.000825,False,-349.0,,,,,71,らゔ -> ゔおおかりすと -> とりあえず -> ずのう -> うええるず -> ずれる -> るうぶる -> るうきい -> いちず -> ずるずる -> るみのおる -> るねつさんす -> すず -> ずじよう -> うちあわせる -> るい -> いきかえる -> るいじあな -> ないる -> るうぷ -> ぷろぽおず -> ずいしよ -> よろず -> ずばり -> りぞおとほてる -> るうふ -> ふりいず -> ずうむ -> むきず -> ずうむれんず -> ずひよう -> うらはら -> らんどせる
greedy vs monte_carlo,greedy,monte_carlo,D10000_seed0_greedy_vs_monte_carlo_0,10000,0,second,ended_with_n,34,second,monte_carlo,る,らんどせる,るいけい,る,い,い,0.304249,False,0.71,,,,,,らゔ -> ゔおおかりすと -> とりあえず -> ずのう -> うええるず -> ずれる -> るうぶる -> るうきい -> いちず -> ずるずる -> るみのおる -> るねつさんす -> すず -> ずじよう -> うちあわせる -> るい -> いきかえる -> るいじあな -> ないる -> るうぷ -> ぷろぽおず -> ずいしよ -> よろず -> ずばり -> りぞおとほてる -> るうふ -> ふりいず -> ずうむ -> むきず -> ずうむれんず -> ずひよう -> うらはら -> らんどせる -> るいけい
greedy vs monte_carlo,greedy,monte_carlo,D10000_seed0_greedy_vs_monte_carlo_0,10000,0,second,ended_with_n,35,first,greedy,い,るいけい,いさる,い,る,る,0.003139,False,-326.0,,,,,283,らゔ -> ゔおおかりすと -> とりあえず -> ずのう -> うええるず -> ずれる -> るうぶる -> るうきい -> いちず -> ずるずる -> るみのおる -> るねつさんす -> すず -> ずじよう -> うちあわせる -> るい -> いきかえる -> るいじあな -> ないる -> るうぷ -> ぷろぽおず -> ずいしよ -> よろず -> ずばり -> りぞおとほてる -> るうふ -> ふりいず -> ずうむ -> むきず -> ずうむれんず -> ずひよう -> うらはら -> らんどせる -> るいけい -> いさる
greedy vs monte_carlo,greedy,monte_carlo,D10000_seed0_greedy_vs_monte_carlo_0,10000,0,second,ended_with_n,36,second,monte_carlo,る,いさる,るんげ,る,げ,げ,0.23351,False,0.7,,,,,,らゔ -> ゔおおかりすと -> とりあえず -> ずのう -> うええるず -> ずれる -> るうぶる -> るうきい -> いちず -> ずるずる -> るみのおる -> るねつさんす -> すず -> ずじよう -> うちあわせる -> るい -> いきかえる -> るいじあな -> ないる -> るうぷ -> ぷろぽおず -> ずいしよ -> よろず -> ずばり -> りぞおとほてる -> るうふ -> ふりいず -> ずうむ -> むきず -> ずうむれんず -> ずひよう -> うらはら -> らんどせる -> るいけい -> いさる -> るんげ
greedy vs monte_carlo,greedy,monte_carlo,D10000_seed0_greedy_vs_monte_carlo_0,10000,0,second,ended_with_n,37,first,greedy,げ,るんげ,げる,げ,る,る,0.001159,False,-303.0,,,,,102,らゔ -> ゔおおかりすと -> とりあえず -> ずのう -> うええるず -> ずれる -> るうぶる -> るうきい -> いちず -> ずるずる -> るみのおる -> るねつさんす -> すず -> ずじよう -> うちあわせる -> るい -> いきかえる -> るいじあな -> ないる -> るうぷ -> ぷろぽおず -> ずいしよ -> よろず -> ずばり -> りぞおとほてる -> るうふ -> ふりいず -> ずうむ -> むきず -> ずうむれんず -> ずひよう -> うらはら -> らんどせる -> るいけい -> いさる -> るんげ -> げる
greedy vs monte_carlo,greedy,monte_carlo,D10000_seed0_greedy_vs_monte_carlo_0,10000,0,second,ended_with_n,38,second,monte_carlo,る,げる,るう,る,う,う,0.198157,False,0.8,,,,,,らゔ -> ゔおおかりすと -> とりあえず -> ずのう -> うええるず -> ずれる -> るうぶる -> るうきい -> いちず -> ずるずる -> るみのおる -> るねつさんす -> すず -> ずじよう -> うちあわせる -> るい -> いきかえる -> るいじあな -> ないる -> るうぷ -> ぷろぽおず -> ずいしよ -> よろず -> ずばり -> りぞおとほてる -> るうふ -> ふりいず -> ずうむ -> むきず -> ずうむれんず -> ずひよう -> うらはら -> らんどせる -> るいけい -> いさる -> るんげ -> げる -> るう
greedy vs monte_carlo,greedy,monte_carlo,D10000_seed0_greedy_vs_monte_carlo_0,10000,0,second,ended_with_n,39,first,greedy,う,るう,うわくちびる,う,る,る,0.001711,False,-280.0,,,,,141,らゔ -> ゔおおかりすと -> とりあえず -> ずのう -> うええるず -> ずれる -> るうぶる -> るうきい -> いちず -> ずるずる -> るみのおる -> るねつさんす -> すず -> ずじよう -> うちあわせる -> るい -> いきかえる -> るいじあな -> ないる -> るうぷ -> ぷろぽおず -> ずいしよ -> よろず -> ずばり -> りぞおとほてる -> るうふ -> ふりいず -> ずうむ -> むきず -> ずうむれんず -> ずひよう -> うらはら -> らんどせる -> るいけい -> いさる -> るんげ -> げる -> るう -> うわくちびる
greedy vs monte_carlo,greedy,monte_carlo,D10000_seed0_greedy_vs_monte_carlo_0,10000,0,second,ended_with_n,40,second,monte_carlo,る,うわくちびる,るび,る,び,び,0.156088,False,0.61,,,,,,らゔ -> ゔおおかりすと -> とりあえず -> ずのう -> うええるず -> ずれる -> るうぶる -> るうきい -> いちず -> ずるずる -> るみのおる -> るねつさんす -> すず -> ずじよう -> うちあわせる -> るい -> いきかえる -> るいじあな -> ないる -> るうぷ -> ぷろぽおず -> ずいしよ -> よろず -> ずばり -> りぞおとほてる -> るうふ -> ふりいず -> ずうむ -> むきず -> ずうむれんず -> ずひよう -> うらはら -> らんどせる -> るいけい -> いさる -> るんげ -> げる -> るう -> うわくちびる -> るび
greedy vs monte_carlo,greedy,monte_carlo,D10000_seed0_greedy_vs_monte_carlo_0,10000,0,second,ended_with_n,41,first,greedy,び,るび,びいず,び,ず,ず,0.000619,False,-236.0,,,,,60,らゔ -> ゔおおかりすと -> とりあえず -> ずのう -> うええるず -> ずれる -> るうぶる -> るうきい -> いちず -> ずるずる -> るみのおる -> るねつさんす -> すず -> ずじよう -> うちあわせる -> るい -> いきかえる -> るいじあな -> ないる -> るうぷ -> ぷろぽおず -> ずいしよ -> よろず -> ずばり -> りぞおとほてる -> るうふ -> ふりいず -> ずうむ -> むきず -> ずうむれんず -> ずひよう -> うらはら -> らんどせる -> るいけい -> いさる -> るんげ -> げる -> るう -> うわくちびる -> るび -> びいず
greedy vs monte_carlo,greedy,monte_carlo,D10000_seed0_greedy_vs_monte_carlo_0,10000,0,second,ended_with_n,42,second,monte_carlo,ず,びいず,ずうつと,ず,と,と,0.103737,False,0.8,,,,,,らゔ -> ゔおおかりすと -> とりあえず -> ずのう -> うええるず -> ずれる -> るうぶる -> るうきい -> いちず -> ずるずる -> るみのおる -> るねつさんす -> すず -> ずじよう -> うちあわせる -> るい -> いきかえる -> るいじあな -> ないる -> るうぷ -> ぷろぽおず -> ずいしよ -> よろず -> ずばり -> りぞおとほてる -> るうふ -> ふりいず -> ずうむ -> むきず -> ずうむれんず -> ずひよう -> うらはら -> らんどせる -> るいけい -> いさる -> るんげ -> げる -> るう -> うわくちびる -> るび -> びいず -> ずうつと
greedy vs monte_carlo,greedy,monte_carlo,D10000_seed0_greedy_vs_monte_carlo_0,10000,0,second,ended_with_n,43,first,greedy,と,ずうつと,とりしまる,と,る,る,0.002283,False,-257.0,,,,,226,らゔ -> ゔおおかりすと -> とりあえず -> ずのう -> うええるず -> ずれる -> るうぶる -> るうきい -> いちず -> ずるずる -> るみのおる -> るねつさんす -> すず -> ずじよう -> うちあわせる -> るい -> いきかえる -> るいじあな -> ないる -> るうぷ -> ぷろぽおず -> ずいしよ -> よろず -> ずばり -> りぞおとほてる -> るうふ -> ふりいず -> ずうむ -> むきず -> ずうむれんず -> ずひよう -> うらはら -> らんどせる -> るいけい -> いさる -> るんげ -> げる -> るう -> うわくちびる -> るび -> びいず -> ずうつと -> とりしまる
greedy vs monte_carlo,greedy,monte_carlo,D10000_seed0_greedy_vs_monte_carlo_0,10000,0,second,ended_with_n,44,second,monte_carlo,る,とりしまる,るり,る,り,り,0.116877,False,0.7,,,,,,らゔ -> ゔおおかりすと -> とりあえず -> ずのう -> うええるず -> ずれる -> るうぶる -> るうきい -> いちず -> ずるずる -> るみのおる -> るねつさんす -> すず -> ずじよう -> うちあわせる -> るい -> いきかえる -> るいじあな -> ないる -> るうぷ -> ぷろぽおず -> ずいしよ -> よろず -> ずばり -> りぞおとほてる -> るうふ -> ふりいず -> ずうむ -> むきず -> ずうむれんず -> ずひよう -> うらはら -> らんどせる -> るいけい -> いさる -> るんげ -> げる -> るう -> うわくちびる -> るび -> びいず -> ずうつと -> とりしまる -> るり
greedy vs monte_carlo,greedy,monte_carlo,D10000_seed0_greedy_vs_monte_carlo_0,10000,0,second,ended_with_n,45,first,greedy,り,るり,りべらる,り,る,る,0.001505,False,-234.0,,,,,144,らゔ -> ゔおおかりすと -> とりあえず -> ずのう -> うええるず -> ずれる -> るうぶる -> るうきい -> いちず -> ずるずる -> るみのおる -> るねつさんす -> すず -> ずじよう -> うちあわせる -> るい -> いきかえる -> るいじあな -> ないる -> るうぷ -> ぷろぽおず -> ずいしよ -> よろず -> ずばり -> りぞおとほてる -> るうふ -> ふりいず -> ずうむ -> むきず -> ずうむれんず -> ずひよう -> うらはら -> らんどせる -> るいけい -> いさる -> るんげ -> げる -> るう -> うわくちびる -> るび -> びいず -> ずうつと -> とりしまる -> るり -> りべらる
greedy vs monte_carlo,greedy,monte_carlo,D10000_seed0_greedy_vs_monte_carlo_0,10000,0,second,ended_with_n,46,second,monte_carlo,る,りべらる,るぽ,る,ぽ,ぽ,0.087435,False,0.8,,,,,,らゔ -> ゔおおかりすと -> とりあえず -> ずのう -> うええるず -> ずれる -> るうぶる -> るうきい -> いちず -> ずるずる -> るみのおる -> るねつさんす -> すず -> ずじよう -> うちあわせる -> るい -> いきかえる -> るいじあな -> ないる -> るうぷ -> ぷろぽおず -> ずいしよ -> よろず -> ずばり -> りぞおとほてる -> るうふ -> ふりいず -> ずうむ -> むきず -> ずうむれんず -> ずひよう -> うらはら -> らんどせる -> るいけい -> いさる -> るんげ -> げる -> るう -> うわくちびる -> るび -> びいず -> ずうつと -> とりしまる -> るり -> りべらる -> るぽ
greedy vs monte_carlo,greedy,monte_carlo,D10000_seed0_greedy_vs_monte_carlo_0,10000,0,second,ended_with_n,47,first,greedy,ぽ,るぽ,ぽにいてえる,ぽ,る,る,0.000268,False,-211.0,,,,,26,らゔ -> ゔおおかりすと -> とりあえず -> ずのう -> うええるず -> ずれる -> るうぶる -> るうきい -> いちず -> ずるずる -> るみのおる -> るねつさんす -> すず -> ずじよう -> うちあわせる -> るい -> いきかえる -> るいじあな -> ないる -> るうぷ -> ぷろぽおず -> ずいしよ -> よろず -> ずばり -> りぞおとほてる -> るうふ -> ふりいず -> ずうむ -> むきず -> ずうむれんず -> ずひよう -> うらはら -> らんどせる -> るいけい -> いさる -> るんげ -> げる -> るう -> うわくちびる -> るび -> びいず -> ずうつと -> とりしまる -> るり -> りべらる -> るぽ -> ぽにいてえる
greedy vs monte_carlo,greedy,monte_carlo,D10000_seed0_greedy_vs_monte_carlo_0,10000,0,second,ended_with_n,48,second,monte_carlo,る,ぽにいてえる,るぽるたあじゆ,る,ゆ,ゆ,0.069625,False,0.5,,,,,,らゔ -> ゔおおかりすと -> とりあえず -> ずのう -> うええるず -> ずれる -> るうぶる -> るうきい -> いちず -> ずるずる -> るみのおる -> るねつさんす -> すず -> ずじよう -> うちあわせる -> るい -> いきかえる -> るいじあな -> ないる -> るうぷ -> ぷろぽおず -> ずいしよ -> よろず -> ずばり -> りぞおとほてる -> るうふ -> ふりいず -> ずうむ -> むきず -> ずうむれんず -> ずひよう -> うらはら -> らんどせる -> るいけい -> いさる -> るんげ -> げる -> るう -> うわくちびる -> るび -> びいず -> ずうつと -> とりしまる -> るり -> りべらる -> るぽ -> ぽにいてえる -> るぽるたあじゆ
greedy vs monte_carlo,greedy,monte_carlo,D10000_seed0_greedy_vs_monte_carlo_0,10000,0,second,ended_with_n,49,first,greedy,ゆ,るぽるたあじゆ,ゆれる,ゆ,る,る,0.001104,False,-188.0,,,,,95,らゔ -> ゔおおかりすと -> とりあえず -> ずのう -> うええるず -> ずれる -> るうぶる -> るうきい -> いちず -> ずるずる -> るみのおる -> るねつさんす -> すず -> ずじよう -> うちあわせる -> るい -> いきかえる -> るいじあな -> ないる -> るうぷ -> ぷろぽおず -> ずいしよ -> よろず -> ずばり -> りぞおとほてる -> るうふ -> ふりいず -> ずうむ -> むきず -> ずうむれんず -> ずひよう -> うらはら -> らんどせる -> るいけい -> いさる -> るんげ -> げる -> るう -> うわくちびる -> るび -> びいず -> ずうつと -> とりしまる -> るり -> りべらる -> るぽ -> ぽにいてえる -> るぽるたあじゆ -> ゆれる
greedy vs monte_carlo,greedy,monte_carlo,D10000_seed0_greedy_vs_monte_carlo_0,10000,0,second,ended_with_n,50,second,monte_carlo,る,ゆれる,るうれつと,る,と,と,0.05118,False,0.8,,,,,,らゔ -> ゔおおかりすと -> とりあえず -> ずのう -> うええるず -> ずれる -> るうぶる -> るうきい -> いちず -> ずるずる -> るみのおる -> るねつさんす -> すず -> ずじよう -> うちあわせる -> るい -> いきかえる -> るいじあな -> ないる -> るうぷ -> ぷろぽおず -> ずいしよ -> よろず -> ずばり -> りぞおとほてる -> るうふ -> ふりいず -> ずうむ -> むきず -> ずうむれんず -> ずひよう -> うらはら -> らんどせる -> るいけい -> いさる -> るんげ -> げる -> るう -> うわくちびる -> るび -> びいず -> ずうつと -> とりしまる -> るり -> りべらる -> るぽ -> ぽにいてえる -> るぽるたあじゆ -> ゆれる -> るうれつと
greedy vs monte_carlo,greedy,monte_carlo,D10000_seed0_greedy_vs_monte_carlo_0,10000,0,second,ended_with_n,51,first,greedy,と,るうれつと,とらえる,と,る,る,0.002461,False,-165.0,,,,,225,らゔ -> ゔおおかりすと -> とりあえず -> ずのう -> うええるず -> ずれる -> るうぶる -> るうきい -> いちず -> ずるずる -> るみのおる -> るねつさんす -> すず -> ずじよう -> うちあわせる -> るい -> いきかえる -> るいじあな -> ないる -> るうぷ -> ぷろぽおず -> ずいしよ -> よろず -> ずばり -> りぞおとほてる -> るうふ -> ふりいず -> ずうむ -> むきず -> ずうむれんず -> ずひよう -> うらはら -> らんどせる -> るいけい -> いさる -> るんげ -> げる -> るう -> うわくちびる -> るび -> びいず -> ずうつと -> とりしまる -> るり -> りべらる -> るぽ -> ぽにいてえる -> るぽるたあじゆ -> ゆれる -> るうれつと -> とらえる
greedy vs monte_carlo,greedy,monte_carlo,D10000_seed0_greedy_vs_monte_carlo_0,10000,0,second,ended_with_n,52,second,monte_carlo,る,とらえる,るうる,る,る,る,0.033007,False,0.6,,,,,,らゔ -> ゔおおかりすと -> とりあえず -> ずのう -> うええるず -> ずれる -> るうぶる -> るうきい -> いちず -> ずるずる -> るみのおる -> るねつさんす -> すず -> ずじよう -> うちあわせる -> るい -> いきかえる -> るいじあな -> ないる -> るうぷ -> ぷろぽおず -> ずいしよ -> よろず -> ずばり -> りぞおとほてる -> るうふ -> ふりいず -> ずうむ -> むきず -> ずうむれんず -> ずひよう -> うらはら -> らんどせる -> るいけい -> いさる -> るんげ -> げる -> るう -> うわくちびる -> るび -> びいず -> ずうつと -> とりしまる -> るり -> りべらる -> るぽ -> ぽにいてえる -> るぽるたあじゆ -> ゆれる -> るうれつと -> とらえる -> るうる
greedy vs monte_carlo,greedy,monte_carlo,D10000_seed0_greedy_vs_monte_carlo_0,10000,0,second,ended_with_n,53,first,greedy,る,るうる,るうと,る,と,と,8.9e-05,False,-4921.0,,,,,8,らゔ -> ゔおおかりすと -> とりあえず -> ずのう -> うええるず -> ずれる -> るうぶる -> るうきい -> いちず -> ずるずる -> るみのおる -> るねつさんす -> すず -> ずじよう -> うちあわせる -> るい -> いきかえる -> るいじあな -> ないる -> るうぷ -> ぷろぽおず -> ずいしよ -> よろず -> ずばり -> りぞおとほてる -> るうふ -> ふりいず -> ずうむ -> むきず -> ずうむれんず -> ずひよう -> うらはら -> らんどせる -> るいけい -> いさる -> るんげ -> げる -> るう -> うわくちびる -> るび -> びいず -> ずうつと -> とりしまる -> るり -> りべらる -> るぽ -> ぽにいてえる -> るぽるたあじゆ -> ゆれる -> るうれつと -> とらえる -> るうる -> るうと
greedy vs monte_carlo,greedy,monte_carlo,D10000_seed0_greedy_vs_monte_carlo_0,10000,0,second,ended_with_n,54,second,monte_carlo,と,るうと,となえる,と,る,る,0.107284,False,0.8,,,,,,らゔ -> ゔおおかりすと -> とりあえず -> ずのう -> うええるず -> ずれる -> るうぶる -> るうきい -> いちず -> ずるずる -> るみのおる -> るねつさんす -> すず -> ずじよう -> うちあわせる -> るい -> いきかえる -> るいじあな -> ないる -> るうぷ -> ぷろぽおず -> ずいしよ -> よろず -> ずばり -> りぞおとほてる -> るうふ -> ふりいず -> ずうむ -> むきず -> ずうむれんず -> ずひよう -> うらはら -> らんどせる -> るいけい -> いさる -> るんげ -> げる -> るう -> うわくちびる -> るび -> びいず -> ずうつと -> とりしまる -> るり -> りべらる -> るぽ -> ぽにいてえる -> るぽるたあじゆ -> ゆれる -> るうれつと -> とらえる -> るうる -> るうと -> となえる
greedy vs monte_carlo,greedy,monte_carlo,D10000_seed0_greedy_vs_monte_carlo_0,10000,0,second,ended_with_n,55,first,greedy,る,となえる,るびい,る,い,い,6.5e-05,False,-6034.5,,,,,7,らゔ -> ゔおおかりすと -> とりあえず -> ずのう -> うええるず -> ずれる -> るうぶる -> るうきい -> いちず -> ずるずる -> るみのおる -> るねつさんす -> すず -> ずじよう -> うちあわせる -> るい -> いきかえる -> るいじあな -> ないる -> るうぷ -> ぷろぽおず -> ずいしよ -> よろず -> ずばり -> りぞおとほてる -> るうふ -> ふりいず -> ずうむ -> むきず -> ずうむれんず -> ずひよう -> うらはら -> らんどせる -> るいけい -> いさる -> るんげ -> げる -> るう -> うわくちびる -> るび -> びいず -> ずうつと -> とりしまる -> るり -> りべらる -> るぽ -> ぽにいてえる -> るぽるたあじゆ -> ゆれる -> るうれつと -> とらえる -> るうる -> るうと -> となえる -> るびい
greedy vs monte_carlo,greedy,monte_carlo,D10000_seed0_greedy_vs_monte_carlo_0,10000,0,second,ended_with_n,56,second,monte_carlo,い,るびい,いんぺりある,い,る,る,0.085636,False,0.8,,,,,,らゔ -> ゔおおかりすと -> とりあえず -> ずのう -> うええるず -> ずれる -> るうぶる -> るうきい -> いちず -> ずるずる -> るみのおる -> るねつさんす -> すず -> ずじよう -> うちあわせる -> るい -> いきかえる -> るいじあな -> ないる -> るうぷ -> ぷろぽおず -> ずいしよ -> よろず -> ずばり -> りぞおとほてる -> るうふ -> ふりいず -> ずうむ -> むきず -> ずうむれんず -> ずひよう -> うらはら -> らんどせる -> るいけい -> いさる -> るんげ -> げる -> るう -> うわくちびる -> るび -> びいず -> ずうつと -> とりしまる -> るり -> りべらる -> るぽ -> ぽにいてえる -> るぽるたあじゆ -> ゆれる -> るうれつと -> とらえる -> るうる -> るうと -> となえる -> るびい -> いんぺりある
greedy vs monte_carlo,greedy,monte_carlo,D10000_seed0_greedy_vs_monte_carlo_0,10000,0,second,ended_with_n,57,first,greedy,る,いんぺりある,るああ,る,あ,あ,5e-05,False,-7102.0,,,,,6,らゔ -> ゔおおかりすと -> とりあえず -> ずのう -> うええるず -> ずれる -> るうぶる -> るうきい -> いちず -> ずるずる -> るみのおる -> るねつさんす -> すず -> ずじよう -> うちあわせる -> るい -> いきかえる -> るいじあな -> ないる -> るうぷ -> ぷろぽおず -> ずいしよ -> よろず -> ずばり -> りぞおとほてる -> るうふ -> ふりいず -> ずうむ -> むきず -> ずうむれんず -> ずひよう -> うらはら -> らんどせる -> るいけい -> いさる -> るんげ -> げる -> るう -> うわくちびる -> るび -> びいず -> ずうつと -> とりしまる -> るり -> りべらる -> るぽ -> ぽにいてえる -> るぽるたあじゆ -> ゆれる -> るうれつと -> とらえる -> るうる -> るうと -> となえる -> るびい -> いんぺりある -> るああ
greedy vs monte_carlo,greedy,monte_carlo,D10000_seed0_greedy_vs_monte_carlo_0,10000,0,second,ended_with_n,58,second,monte_carlo,あ,るああ,あやつる,あ,る,る,0.035657,False,0.8,,,,,,らゔ -> ゔおおかりすと -> とりあえず -> ずのう -> うええるず -> ずれる -> るうぶる -> るうきい -> いちず -> ずるずる -> るみのおる -> るねつさんす -> すず -> ずじよう -> うちあわせる -> るい -> いきかえる -> るいじあな -> ないる -> るうぷ -> ぷろぽおず -> ずいしよ -> よろず -> ずばり -> りぞおとほてる -> るうふ -> ふりいず -> ずうむ -> むきず -> ずうむれんず -> ずひよう -> うらはら -> らんどせる -> るいけい -> いさる -> るんげ -> げる -> るう -> うわくちびる -> るび -> びいず -> ずうつと -> とりしまる -> るり -> りべらる -> るぽ -> ぽにいてえる -> るぽるたあじゆ -> ゆれる -> るうれつと -> とらえる -> るうる -> るうと -> となえる -> るびい -> いんぺりある -> るああ -> あやつる
greedy vs monte_carlo,greedy,monte_carlo,D10000_seed0_greedy_vs_monte_carlo_0,10000,0,second,ended_with_n,59,first,greedy,る,あやつる,るいせき,る,き,き,2.4e-05,False,-7242.5,,,,,5,らゔ -> ゔおおかりすと -> とりあえず -> ずのう -> うええるず -> ずれる -> るうぶる -> るうきい -> いちず -> ずるずる -> るみのおる -> るねつさんす -> すず -> ずじよう -> うちあわせる -> るい -> いきかえる -> るいじあな -> ないる -> るうぷ -> ぷろぽおず -> ずいしよ -> よろず -> ずばり -> りぞおとほてる -> るうふ -> ふりいず -> ずうむ -> むきず -> ずうむれんず -> ずひよう -> うらはら -> らんどせる -> るいけい -> いさる -> るんげ -> げる -> るう -> うわくちびる -> るび -> びいず -> ずうつと -> とりしまる -> るり -> りべらる -> るぽ -> ぽにいてえる -> るぽるたあじゆ -> ゆれる -> るうれつと -> とらえる -> るうる -> るうと -> となえる -> るびい -> いんぺりある -> るああ -> あやつる -> るいせき
greedy vs monte_carlo,greedy,monte_carlo,D10000_seed0_greedy_vs_monte_carlo_0,10000,0,second,ended_with_n,60,second,monte_carlo,き,るいせき,きいる,き,る,る,0.005271,False,1.0,,,,,,らゔ -> ゔおおかりすと -> とりあえず -> ずのう -> うええるず -> ずれる -> るうぶる -> るうきい -> いちず -> ずるずる -> るみのおる -> るねつさんす -> すず -> ずじよう -> うちあわせる -> るい -> いきかえる -> るいじあな -> ないる -> るうぷ -> ぷろぽおず -> ずいしよ -> よろず -> ずばり -> りぞおとほてる -> るうふ -> ふりいず -> ずうむ -> むきず -> ずうむれんず -> ずひよう -> うらはら -> らんどせる -> るいけい -> いさる -> るんげ -> げる -> るう -> うわくちびる -> るび -> びいず -> ずうつと -> とりしまる -> るり -> りべらる -> るぽ -> ぽにいてえる -> るぽるたあじゆ -> ゆれる -> るうれつと -> とらえる -> るうる -> るうと -> となえる -> るびい -> いんぺりある -> るああ -> あやつる -> るいせき -> きいる
greedy vs monte_carlo,greedy,monte_carlo,D10000_seed0_greedy_vs_monte_carlo_0,10000,0,second,ended_with_n,61,first,greedy,る,きいる,るうていん,る,ん,,2e-06,False,-1000000.0,,,,,4,らゔ -> ゔおおかりすと -> とりあえず -> ずのう -> うええるず -> ずれる -> るうぶる -> るうきい -> いちず -> ずるずる -> るみのおる -> るねつさんす -> すず -> ずじよう -> うちあわせる -> るい -> いきかえる -> るいじあな -> ないる -> るうぷ -> ぷろぽおず -> ずいしよ -> よろず -> ずばり -> りぞおとほてる -> るうふ -> ふりいず -> ずうむ -> むきず -> ずうむれんず -> ずひよう -> うらはら -> らんどせる -> るいけい -> いさる -> るんげ -> げる -> るう -> うわくちびる -> るび -> びいず -> ずうつと -> とりしまる -> るり -> りべらる -> るぽ -> ぽにいてえる -> るぽるたあじゆ -> ゆれる -> るうれつと -> とらえる -> るうる -> るうと -> となえる -> るびい -> いんぺりある -> るああ -> あやつる -> るいせき -> きいる -> るうていん
greedy vs alpha_beta,greedy,alpha_beta,D10000_seed0_greedy_vs_alpha_beta_0,10000,0,second,ended_with_n,1,first,greedy,ANY,,らゔ,ら,ゔ,ゔ,0.100587,False,-46.0,,,,,10000,らゔ
greedy vs alpha_beta,greedy,alpha_beta,D10000_seed0_greedy_vs_alpha_beta_0,10000,0,second,ended_with_n,2,second,alpha_beta,ゔ,らゔ,ゔあいおりにすと,ゔ,と,と,0.926955,False,-335.0,4,4,True,50,2,らゔ -> ゔあいおりにすと
greedy vs alpha_beta,greedy,alpha_beta,D10000_seed0_greedy_vs_alpha_beta_0,10000,0,second,ended_with_n,3,first,greedy,と,ゔあいおりにすと,とりあえず,と,ず,ず,0.00258,False,-443.0,,,,,227,らゔ -> ゔあいおりにすと -> とりあえず
greedy vs alpha_beta,greedy,alpha_beta,D10000_seed0_greedy_vs_alpha_beta_0,10000,0,second,ended_with_n,4,second,alpha_beta,ず,とりあえず,ずうむれんず,ず,ず,ず,2.000008,True,-335.0,4,3,True,107,2,らゔ -> ゔあいおりにすと -> とりあえず -> ずうむれんず
greedy vs alpha_beta,greedy,alpha_beta,D10000_seed0_greedy_vs_alpha_beta_0,10000,0,second,ended_with_n,5,first,greedy,ず,ずうむれんず,ずるずる,ず,る,る,0.000204,False,-533.0,,,,,21,らゔ -> ゔあいおりにすと -> とりあえず -> ずうむれんず -> ずるずる
greedy vs alpha_beta,greedy,alpha_beta,D10000_seed0_greedy_vs_alpha_beta_0,10000,0,second,ended_with_n,6,second,alpha_beta,る,ずるずる,るうぶる,る,る,る,1.621947,False,320.0,3,3,True,53,20,らゔ -> ゔあいおりにすと -> とりあえず -> ずうむれんず -> ずるずる -> るうぶる
greedy vs alpha_beta,greedy,alpha_beta,D10000_seed0_greedy_vs_alpha_beta_0,10000,0,second,ended_with_n,7,first,greedy,る,るうぶる,るみのおる,る,る,る,0.000257,False,-487.0,,,,,24,らゔ -> ゔあいおりにすと -> とりあえず -> ずうむれんず -> ずるずる -> るうぶる -> るみのおる
greedy vs alpha_beta,greedy,alpha_beta,D10000_seed0_greedy_vs_alpha_beta_0,10000,0,second,ended_with_n,8,second,alpha_beta,る,るみのおる,るうる,る,る,る,0.874861,False,438.5,3,3,True,34,20,らゔ -> ゔあいおりにすと -> とりあえず -> ずうむれんず -> ずるずる -> るうぶる -> るみのおる -> るうる
greedy vs alpha_beta,greedy,alpha_beta,D10000_seed0_greedy_vs_alpha_beta_0,10000,0,second,ended_with_n,9,first,greedy,る,るうる,るぽ,る,ぽ,ぽ,0.000348,False,-566.5,,,,,22,らゔ -> ゔあいおりにすと -> とりあえず -> ずうむれんず -> ずるずる -> るうぶる -> るみのおる -> るうる -> るぽ
greedy vs alpha_beta,greedy,alpha_beta,D10000_seed0_greedy_vs_alpha_beta_0,10000,0,second,ended_with_n,10,second,alpha_beta,ぽ,るぽ,ぽけつとべる,ぽ,る,る,1.080162,False,839.5,3,4,True,46,20,らゔ -> ゔあいおりにすと -> とりあえず -> ずうむれんず -> ずるずる -> るうぶる -> るみのおる -> るうる -> るぽ -> ぽけつとべる
greedy vs alpha_beta,greedy,alpha_beta,D10000_seed0_greedy_vs_alpha_beta_0,10000,0,second,ended_with_n,11,first,greedy,る,ぽけつとべる,るうぷ,る,ぷ,ぷ,0.000271,False,-959.5,,,,,21,らゔ -> ゔあいおりにすと -> とりあえず -> ずうむれんず -> ずるずる -> るうぶる -> るみのおる -> るうる -> るぽ -> ぽけつとべる -> るうぷ
greedy vs alpha_beta,greedy,alpha_beta,D10000_seed0_greedy_vs_alpha_beta_0,10000,0,second,ended_with_n,12,second,alpha_beta,ぷ,るうぷ,ぷうる,ぷ,る,る,2.000081,True,18.0,4,3,True,328,12,らゔ -> ゔあいおりにすと -> とりあえず -> ずうむれんず -> ずるずる -> るうぶる -> るみのおる -> るうる -> るぽ -> ぽけつとべる -> るうぷ -> ぷうる
greedy vs alpha_beta,greedy,alpha_beta,D10000_seed0_greedy_vs_alpha_beta_0,10000,0,second,ended_with_n,13,first,greedy,る,ぷうる,るび,る,び,び,0.000279,False,-1285.5,,,,,20,らゔ -> ゔあいおりにすと -> とりあえず -> ずうむれんず -> ずるずる -> るうぶる -> るみのおる -> るうる -> るぽ -> ぽけつとべる -> るうぷ -> ぷうる -> るび
greedy vs alpha_beta,greedy,alpha_beta,D10000_seed0_greedy_vs_alpha_beta_0,10000,0,second,ended_with_n,14,second,alpha_beta,び,るび,びいぐる,び,る,る,0.836571,False,1986.5,3,3,True,32,20,らゔ -> ゔあいおりにすと -> とりあえず -> ずうむれんず -> ずるずる -> るうぶる -> るみのおる -> るうる -> るぽ -> ぽけつとべる -> るうぷ -> ぷうる -> るび -> びいぐる
greedy vs alpha_beta,greedy,alpha_beta,D10000_seed0_greedy_vs_alpha_beta_0,10000,0,second,ended_with_n,15,first,greedy,る,びいぐる,るぽるたあじゆ,る,ゆ,ゆ,0.000256,False,-2090.5,,,,,19,らゔ -> ゔあいおりにすと -> とりあえず -> ずうむれんず -> ずるずる -> るうぶる -> るみのおる -> るうる -> るぽ -> ぽけつとべる -> るうぷ -> ぷうる -> るび -> びいぐる -> るぽるたあじゆ
greedy vs alpha_beta,greedy,alpha_beta,D10000_seed0_greedy_vs_alpha_beta_0,10000,0,second,ended_with_n,16,second,alpha_beta,ゆ,るぽるたあじゆ,ゆきわたる,ゆ,る,る,0.762758,False,2103.0,3,3,True,31,20,らゔ -> ゔあいおりにすと -> とりあえず -> ずうむれんず -> ずるずる -> るうぶる -> るみのおる -> るうる -> るぽ -> ぽけつとべる -> るうぷ -> ぷうる -> るび -> びいぐる -> るぽるたあじゆ -> ゆきわたる
greedy vs alpha_beta,greedy,alpha_beta,D10000_seed0_greedy_vs_alpha_beta_0,10000,0,second,ended_with_n,17,first,greedy,る,ゆきわたる,るんげ,る,げ,げ,0.000229,False,-2199.0,,,,,18,らゔ -> ゔあいおりにすと -> とりあえず -> ずうむれんず -> ずるずる -> るうぶる -> るみのおる -> るうる -> るぽ -> ぽけつとべる -> るうぷ -> ぷうる -> るび -> びいぐる -> るぽるたあじゆ -> ゆきわたる -> るんげ
greedy vs alpha_beta,greedy,alpha_beta,D10000_seed0_greedy_vs_alpha_beta_0,10000,0,second,ended_with_n,18,second,alpha_beta,げ,るんげ,げえとぼおる,げ,る,る,0.753197,False,2995.0,3,4,True,30,20,らゔ -> ゔあいおりにすと -> とりあえず -> ずうむれんず -> ずるずる -> るうぶる -> るみのおる -> るうる -> るぽ -> ぽけつとべる -> るうぷ -> ぷうる -> るび -> びいぐる -> るぽるたあじゆ -> ゆきわたる -> るんげ -> げえとぼおる
greedy vs alpha_beta,greedy,alpha_beta,D10000_seed0_greedy_vs_alpha_beta_0,10000,0,second,ended_with_n,19,first,greedy,る,げえとぼおる,るり,る,り,り,0.000224,False,-3083.0,,,,,17,らゔ -> ゔあいおりにすと -> とりあえず -> ずうむれんず -> ずるずる -> るうぶる -> るみのおる -> るうる -> るぽ -> ぽけつとべる -> るうぷ -> ぷうる -> るび -> びいぐる -> るぽるたあじゆ -> ゆきわたる -> るんげ -> げえとぼおる -> るり
greedy vs alpha_beta,greedy,alpha_beta,D10000_seed0_greedy_vs_alpha_beta_0,10000,0,second,ended_with_n,20,second,alpha_beta,り,るり,りこおる,り,る,る,1.538697,False,732.0,4,4,True,411,20,らゔ -> ゔあいおりにすと -> とりあえず -> ずうむれんず -> ずるずる -> るうぶる -> るみのおる -> るうる -> るぽ -> ぽけつとべる -> るうぷ -> ぷうる -> るび -> びいぐる -> るぽるたあじゆ -> ゆきわたる -> るんげ -> げえとぼおる -> るり -> りこおる
greedy vs alpha_beta,greedy,alpha_beta,D10000_seed0_greedy_vs_alpha_beta_0,10000,0,second,ended_with_n,21,first,greedy,る,りこおる,るう,る,う,う,0.000211,False,-3165.0,,,,,16,らゔ -> ゔあいおりにすと -> とりあえず -> ずうむれんず -> ずるずる -> るうぶる -> るみのおる -> るうる -> るぽ -> ぽけつとべる -> るうぷ -> ぷうる -> るび -> びいぐる -> るぽるたあじゆ -> ゆきわたる -> るんげ -> げえとぼおる -> るり -> りこおる -> るう
greedy vs alpha_beta,greedy,alpha_beta,D10000_seed0_greedy_vs_alpha_beta_0,10000,0,second,ended_with_n,22,second,alpha_beta,う,るう,うえる,う,る,る,2.000015,True,1065.0,4,3,True,595,16,らゔ -> ゔあいおりにすと -> とりあえず -> ずうむれんず -> ずるずる -> るうぶる -> るみのおる -> るうる -> るぽ -> ぽけつとべる -> るうぷ -> ぷうる -> るび -> びいぐる -> るぽるたあじゆ -> ゆきわたる -> るんげ -> げえとぼおる -> るり -> りこおる -> るう -> うえる
greedy vs alpha_beta,greedy,alpha_beta,D10000_seed0_greedy_vs_alpha_beta_0,10000,0,second,ended_with_n,23,first,greedy,る,うえる,るいじあな,る,な,な,0.000194,False,-4147.5,,,,,15,らゔ -> ゔあいおりにすと -> とりあえず -> ずうむれんず -> ずるずる -> るうぶる -> るみのおる -> るうる -> るぽ -> ぽけつとべる -> るうぷ -> ぷうる -> るび -> びいぐる -> るぽるたあじゆ -> ゆきわたる -> るんげ -> げえとぼおる -> るり -> りこおる -> るう -> うえる -> るいじあな
greedy vs alpha_beta,greedy,alpha_beta,D10000_seed0_greedy_vs_alpha_beta_0,10000,0,second,ended_with_n,24,second,alpha_beta,な,るいじあな,ないる,な,る,る,0.4197,False,4533.0,3,3,True,27,20,らゔ -> ゔあいおりにすと -> とりあえず -> ずうむれんず -> ずるずる -> るうぶる -> るみのおる -> るうる -> るぽ -> ぽけつとべる -> るうぷ -> ぷうる -> るび -> びいぐる -> るぽるたあじゆ -> ゆきわたる -> るんげ -> げえとぼおる -> るり -> りこおる -> るう -> うえる -> るいじあな -> ないる
greedy vs alpha_beta,greedy,alpha_beta,D10000_seed0_greedy_vs_alpha_beta_0,10000,0,second,ended_with_n,25,first,greedy,る,ないる,るねつさんす,る,す,す,0.000185,False,-4597.0,,,,,14,らゔ -> ゔあいおりにすと -> とりあえず -> ずうむれんず -> ずるずる -> るうぶる -> るみのおる -> るうる -> るぽ -> ぽけつとべる -> るうぷ -> ぷうる -> るび -> びいぐる -> るぽるたあじゆ -> ゆきわたる -> るんげ -> げえとぼおる -> るり -> りこおる -> るう -> うえる -> るいじあな -> ないる -> るねつさんす
greedy vs alpha_beta,greedy,alpha_beta,D10000_seed0_greedy_vs_alpha_beta_0,10000,0,second,ended_with_n,26,second,alpha_beta,す,るねつさんす,すえる,す,る,る,0.296168,False,4888.0,3,3,True,27,20,らゔ -> ゔあいおりにすと -> とりあえず -> ずうむれんず -> ずるずる -> るうぶる -> るみのおる -> るうる -> るぽ -> ぽけつとべる -> るうぷ -> ぷうる -> るび -> びいぐる -> るぽるたあじゆ -> ゆきわたる -> るんげ -> げえとぼおる -> るり -> りこおる -> るう -> うえる -> るいじあな -> ないる -> るねつさんす -> すえる
greedy vs alpha_beta,greedy,alpha_beta,D10000_seed0_greedy_vs_alpha_beta_0,10000,0,second,ended_with_n,27,first,greedy,る,すえる,るうれつと,る,と,と,0.000178,False,-4967.0,,,,,13,らゔ -> ゔあいおりにすと -> とりあえず -> ずうむれんず -> ずるずる -> るうぶる -> るみのおる -> るうる -> るぽ -> ぽけつとべる -> るうぷ -> ぷうる -> るび -> びいぐる -> るぽるたあじゆ -> ゆきわたる -> るんげ -> げえとぼおる -> るり -> りこおる -> るう -> うえる -> るいじあな -> ないる -> るねつさんす -> すえる -> るうれつと
greedy vs alpha_beta,greedy,alpha_beta,D10000_seed0_greedy_vs_alpha_beta_0,10000,0,second,ended_with_n,28,second,alpha_beta,と,るうれつと,といあわせる,と,る,る,0.275911,False,4896.0,3,4,True,25,20,らゔ -> ゔあいおりにすと -> とりあえず -> ずうむれんず -> ずるずる -> るうぶる -> るみのおる -> るうる -> るぽ -> ぽけつとべる -> るうぷ -> ぷうる -> るび -> びいぐる -> るぽるたあじゆ -> ゆきわたる -> るんげ -> げえとぼおる -> るり -> りこおる -> るう -> うえる -> るいじあな -> ないる -> るねつさんす -> すえる -> るうれつと -> といあわせる
greedy vs alpha_beta,greedy,alpha_beta,D10000_seed0_greedy_vs_alpha_beta_0,10000,0,second,ended_with_n,29,first,greedy,る,といあわせる,るうと,る,と,と,0.000162,False,-4944.0,,,,,12,らゔ -> ゔあいおりにすと -> とりあえず -> ずうむれんず -> ずるずる -> るうぶる -> るみのおる -> るうる -> るぽ -> ぽけつとべる -> るうぷ -> ぷうる -> るび -> びいぐる -> るぽるたあじゆ -> ゆきわたる -> るんげ -> げえとぼおる -> るり -> りこおる -> るう -> うえる -> るいじあな -> ないる -> るねつさんす -> すえる -> るうれつと -> といあわせる -> るうと
greedy vs alpha_beta,greedy,alpha_beta,D10000_seed0_greedy_vs_alpha_beta_0,10000,0,second,ended_with_n,30,second,alpha_beta,と,るうと,とうじる,と,る,る,1.43277,False,1677.0,4,4,True,424,20,らゔ -> ゔあいおりにすと -> とりあえず -> ずうむれんず -> ずるずる -> るうぶる -> るみのおる -> るうる -> るぽ -> ぽけつとべる -> るうぷ -> ぷうる -> るび -> びいぐる -> るぽるたあじゆ -> ゆきわたる -> るんげ -> げえとぼおる -> るり -> りこおる -> るう -> うえる -> るいじあな -> ないる -> るねつさんす -> すえる -> るうれつと -> といあわせる -> るうと -> とうじる
greedy vs alpha_beta,greedy,alpha_beta,D10000_seed0_greedy_vs_alpha_beta_0,10000,0,second,ended_with_n,31,first,greedy,る,とうじる,るびい,る,い,い,0.000143,False,-6103.5,,,,,11,らゔ -> ゔあいおりにすと -> とりあえず -> ずうむれんず -> ずるずる -> るうぶる -> るみのおる -> るうる -> るぽ -> ぽけつとべる -> るうぷ -> ぷうる -> るび -> びいぐる -> るぽるたあじゆ -> ゆきわたる -> るんげ -> げえとぼおる -> るり -> りこおる -> るう -> うえる -> るいじあな -> ないる -> るねつさんす -> すえる -> るうれつと -> といあわせる -> るうと -> とうじる -> るびい
greedy vs alpha_beta,greedy,alpha_beta,D10000_seed0_greedy_vs_alpha_beta_0,10000,0,second,ended_with_n,32,second,alpha_beta,い,るびい,いあわせる,い,る,る,1.24412,False,1692.0,4,4,True,395,20,らゔ -> ゔあいおりにすと -> とりあえず -> ずうむれんず -> ずるずる -> るうぶる -> るみのおる -> るうる -> るぽ -> ぽけつとべる -> るうぷ -> ぷうる -> るび -> びいぐる -> るぽるたあじゆ -> ゆきわたる -> るんげ -> げえとぼおる -> るり -> りこおる -> るう -> うえる -> るいじあな -> ないる -> るねつさんす -> すえる -> るうれつと -> といあわせる -> るうと -> とうじる -> るびい -> いあわせる
greedy vs alpha_beta,greedy,alpha_beta,D10000_seed0_greedy_vs_alpha_beta_0,10000,0,second,ended_with_n,33,first,greedy,る,いあわせる,るい,る,い,い,0.000112,False,-6080.5,,,,,10,らゔ -> ゔあいおりにすと -> とりあえず -> ずうむれんず -> ずるずる -> るうぶる -> るみのおる -> るうる -> るぽ -> ぽけつとべる -> るうぷ -> ぷうる -> るび -> びいぐる -> るぽるたあじゆ -> ゆきわたる -> るんげ -> げえとぼおる -> るり -> りこおる -> るう -> うえる -> るいじあな -> ないる -> るねつさんす -> すえる -> るうれつと -> といあわせる -> るうと -> とうじる -> るびい -> いあわせる -> るい
greedy vs alpha_beta,greedy,alpha_beta,D10000_seed0_greedy_vs_alpha_beta_0,10000,0,second,ended_with_n,34,second,alpha_beta,い,るい,いからせる,い,る,る,1.13556,False,1707.0,4,4,True,377,20,らゔ -> ゔあいおりにすと -> とりあえず -> ずうむれんず -> ずるずる -> るうぶる -> るみのおる -> るうる -> るぽ -> ぽけつとべる -> るうぷ -> ぷうる -> るび -> びいぐる -> るぽるたあじゆ -> ゆきわたる -> るんげ -> げえとぼおる -> るり -> りこおる -> るう -> うえる -> るいじあな -> ないる -> るねつさんす -> すえる -> るうれつと -> といあわせる -> るうと -> とうじる -> るびい -> いあわせる -> るい -> いからせる
greedy vs alpha_beta,greedy,alpha_beta,D10000_seed0_greedy_vs_alpha_beta_0,10000,0,second,ended_with_n,35,first,greedy,る,いからせる,るうきい,る,い,い,0.000109,False,-6057.5,,,,,9,らゔ -> ゔあいおりにすと -> とりあえず -> ずうむれんず -> ずるずる -> るうぶる -> るみのおる -> るうる -> るぽ -> ぽけつとべる -> るうぷ -> ぷうる -> るび -> びいぐる -> るぽるたあじゆ -> ゆきわたる -> るんげ -> げえとぼおる -> るり -> りこおる -> るう -> うえる -> るいじあな -> ないる -> るねつさんす -> すえる -> るうれつと -> といあわせる -> るうと -> とうじる -> るびい -> いあわせる -> るい -> いからせる -> るうきい
greedy vs alpha_beta,greedy,alpha_beta,D10000_seed0_greedy_vs_alpha_beta_0,10000,0,second,ended_with_n,36,second,alpha_beta,い,るうきい,いんぺりある,い,る,る,2.000017,True,1832.0,4,3,True,612,16,らゔ -> ゔあいおりにすと -> とりあえず -> ずうむれんず -> ずるずる -> るうぶる -> るみのおる -> るうる -> るぽ -> ぽけつとべる -> るうぷ -> ぷうる -> るび -> びいぐる -> るぽるたあじゆ -> ゆきわたる -> るんげ -> げえとぼおる -> るり -> りこおる -> るう -> うえる -> るいじあな -> ないる -> るねつさんす -> すえる -> るうれつと -> といあわせる -> るうと -> とうじる -> るびい -> いあわせる -> るい -> いからせる -> るうきい -> いんぺりある
greedy vs alpha_beta,greedy,alpha_beta,D10000_seed0_greedy_vs_alpha_beta_0,10000,0,second,ended_with_n,37,first,greedy,る,いんぺりある,るいけい,る,い,い,8.2e-05,False,-6034.5,,,,,8,らゔ -> ゔあいおりにすと -> とりあえず -> ずうむれんず -> ずるずる -> るうぶる -> るみのおる -> るうる -> るぽ -> ぽけつとべる -> るうぷ -> ぷうる -> るび -> びいぐる -> るぽるたあじゆ -> ゆきわたる -> るんげ -> げえとぼおる -> るり -> りこおる -> るう -> うえる -> るいじあな -> ないる -> るねつさんす -> すえる -> るうれつと -> といあわせる -> るうと -> とうじる -> るびい -> いあわせる -> るい -> いからせる -> るうきい -> いんぺりある -> るいけい
greedy vs alpha_beta,greedy,alpha_beta,D10000_seed0_greedy_vs_alpha_beta_0,10000,0,second,ended_with_n,38,second,alpha_beta,い,るいけい,いきかえる,い,る,る,0.210039,False,6192.0,3,3,True,20,20,らゔ -> ゔあいおりにすと -> とりあえず -> ずうむれんず -> ずるずる -> るうぶる -> るみのおる -> るうる -> るぽ -> ぽけつとべる -> るうぷ -> ぷうる -> るび -> びいぐる -> るぽるたあじゆ -> ゆきわたる -> るんげ -> げえとぼおる -> るり -> りこおる -> るう -> うえる -> るいじあな -> ないる -> るねつさんす -> すえる -> るうれつと -> といあわせる -> るうと -> とうじる -> るびい -> いあわせる -> るい -> いからせる -> るうきい -> いんぺりある -> るいけい -> いきかえる
greedy vs alpha_beta,greedy,alpha_beta,D10000_seed0_greedy_vs_alpha_beta_0,10000,0,second,ended_with_n,39,first,greedy,る,いきかえる,るうふ,る,ふ,ふ,6.7e-05,False,-6200.0,,,,,7,らゔ -> ゔあいおりにすと -> とりあえず -> ずうむれんず -> ずるずる -> るうぶる -> るみのおる -> るうる -> るぽ -> ぽけつとべる -> るうぷ -> ぷうる -> るび -> びいぐる -> るぽるたあじゆ -> ゆきわたる -> るんげ -> げえとぼおる -> るり -> りこおる -> るう -> うえる -> るいじあな -> ないる -> るねつさんす -> すえる -> るうれつと -> といあわせる -> るうと -> とうじる -> るびい -> いあわせる -> るい -> いからせる -> るうきい -> いんぺりある -> るいけい -> いきかえる -> るうふ
greedy vs alpha_beta,greedy,alpha_beta,D10000_seed0_greedy_vs_alpha_beta_0,10000,0,second,ended_with_n,40,second,alpha_beta,ふ,るうふ,ふあいる,ふ,る,る,0.182524,False,7102.0,3,3,True,19,20,らゔ -> ゔあいおりにすと -> とりあえず -> ずうむれんず -> ずるずる -> るうぶる -> るみのおる -> るうる -> るぽ -> ぽけつとべる -> るうぷ -> ぷうる -> るび -> びいぐる -> るぽるたあじゆ -> ゆきわたる -> るんげ -> げえとぼおる -> るり -> りこおる -> るう -> うえる -> るいじあな -> ないる -> るねつさんす -> すえる -> るうれつと -> といあわせる -> るうと -> とうじる -> るびい -> いあわせる -> るい -> いからせる -> るうきい -> いんぺりある -> るいけい -> いきかえる -> るうふ -> ふあいる
greedy vs alpha_beta,greedy,alpha_beta,D10000_seed0_greedy_vs_alpha_beta_0,10000,0,second,ended_with_n,41,first,greedy,る,ふあいる,るああ,る,あ,あ,4.8e-05,False,-7102.0,,,,,6,らゔ -> ゔあいおりにすと -> とりあえず -> ずうむれんず -> ずるずる -> るうぶる -> るみのおる -> るうる -> るぽ -> ぽけつとべる -> るうぷ -> ぷうる -> るび -> びいぐる -> るぽるたあじゆ -> ゆきわたる -> るんげ -> げえとぼおる -> るり -> りこおる -> るう -> うえる -> るいじあな -> ないる -> るねつさんす -> すえる -> るうれつと -> といあわせる -> るうと -> とうじる -> るびい -> いあわせる -> るい -> いからせる -> るうきい -> いんぺりある -> るいけい -> いきかえる -> るうふ -> ふあいる -> るああ
greedy vs alpha_beta,greedy,alpha_beta,D10000_seed0_greedy_vs_alpha_beta_0,10000,0,second,ended_with_n,42,second,alpha_beta,あ,るああ,あいてどる,あ,る,る,0.089754,False,500000.0,3,4,True,19,20,らゔ -> ゔあいおりにすと -> とりあえず -> ずうむれんず -> ずるずる -> るうぶる -> るみのおる -> るうる -> るぽ -> ぽけつとべる -> るうぷ -> ぷうる -> るび -> びいぐる -> るぽるたあじゆ -> ゆきわたる -> るんげ -> げえとぼおる -> るり -> りこおる -> るう -> うえる -> るいじあな -> ないる -> るねつさんす -> すえる -> るうれつと -> といあわせる -> るうと -> とうじる -> るびい -> いあわせる -> るい -> いからせる -> るうきい -> いんぺりある -> るいけい -> いきかえる -> るうふ -> ふあいる -> るああ -> あいてどる
greedy vs alpha_beta,greedy,alpha_beta,D10000_seed0_greedy_vs_alpha_beta_0,10000,0,second,ended_with_n,43,first,greedy,る,あいてどる,るいせき,る,き,き,3.7e-05,False,-7242.5,,,,,5,らゔ -> ゔあいおりにすと -> とりあえず -> ずうむれんず -> ずるずる -> るうぶる -> るみのおる -> るうる -> るぽ -> ぽけつとべる -> るうぷ -> ぷうる -> るび -> びいぐる -> るぽるたあじゆ -> ゆきわたる -> るんげ -> げえとぼおる -> るり -> りこおる -> るう -> うえる -> るいじあな -> ないる -> るねつさんす -> すえる -> るうれつと -> といあわせる -> るうと -> とうじる -> るびい -> いあわせる -> るい -> いからせる -> るうきい -> いんぺりある -> るいけい -> いきかえる -> るうふ -> ふあいる -> るああ -> あいてどる -> るいせき
greedy vs alpha_beta,greedy,alpha_beta,D10000_seed0_greedy_vs_alpha_beta_0,10000,0,second,ended_with_n,44,second,alpha_beta,き,るいせき,きいる,き,る,る,0.004249,False,1000000.0,4,4,True,20,20,らゔ -> ゔあいおりにすと -> とりあえず -> ずうむれんず -> ずるずる -> るうぶる -> るみのおる -> るうる -> るぽ -> ぽけつとべる -> るうぷ -> ぷうる -> るび -> びいぐる -> るぽるたあじゆ -> ゆきわたる -> るんげ -> げえとぼおる -> るり -> りこおる -> るう -> うえる -> るいじあな -> ないる -> るねつさんす -> すえる -> るうれつと -> といあわせる -> るうと -> とうじる -> るびい -> いあわせる -> るい -> いからせる -> るうきい -> いんぺりある -> るいけい -> いきかえる -> るうふ -> ふあいる -> るああ -> あいてどる -> るいせき -> きいる
greedy vs alpha_beta,greedy,alpha_beta,D10000_seed0_greedy_vs_alpha_beta_0,10000,0,second,ended_with_n,45,first,greedy,る,きいる,るうていん,る,ん,,2e-06,False,-1000000.0,,,,,4,らゔ -> ゔあいおりにすと -> とりあえず -> ずうむれんず -> ずるずる -> るうぶる -> るみのおる -> るうる -> るぽ -> ぽけつとべる -> るうぷ -> ぷうる -> るび -> びいぐる -> るぽるたあじゆ -> ゆきわたる -> るんげ -> げえとぼおる -> るり -> りこおる -> るう -> うえる -> るいじあな -> ないる -> るねつさんす -> すえる -> るうれつと -> といあわせる -> るうと -> とうじる -> るびい -> いあわせる -> るい -> いからせる -> るうきい -> いんぺりある -> るいけい -> いきかえる -> るうふ -> ふあいる -> るああ -> あいてどる -> るいせき -> きいる -> るうていん
minimax vs random,minimax,random,D10000_seed0_minimax_vs_random_0,10000,0,first,ended_with_n,1,first,minimax,ANY,,らゔ,ら,ゔ,ゔ,2.000018,True,350.0,3,2,True,,8,らゔ
minimax vs random,minimax,random,D10000_seed0_minimax_vs_random_0,10000,0,first,ended_with_n,2,second,random,ゔ,らゔ,ゔあいおりにすと,ゔ,と,と,5e-06,False,0.0,,,,,,らゔ -> ゔあいおりにすと
minimax vs random,minimax,random,D10000_seed0_minimax_vs_random_0,10000,0,first,ended_with_n,3,first,minimax,と,ゔあいおりにすと,といあわせる,と,る,る,0.781572,False,-335.0,2,2,True,,20,らゔ -> ゔあいおりにすと -> といあわせる
minimax vs random,minimax,random,D10000_seed0_minimax_vs_random_0,10000,0,first,ended_with_n,4,second,random,る,といあわせる,るい,る,い,い,5e-06,False,0.0,,,,,,らゔ -> ゔあいおりにすと -> といあわせる -> るい
minimax vs random,minimax,random,D10000_seed0_minimax_vs_random_0,10000,0,first,ended_with_n,5,first,minimax,い,るい,いあわせる,い,る,る,0.905712,False,-320.0,2,2,True,,20,らゔ -> ゔあいおりにすと -> といあわせる -> るい -> いあわせる
minimax vs random,minimax,random,D10000_seed0_minimax_vs_random_0,10000,0,first,ended_with_n,6,second,random,る,いあわせる,るいせき,る,き,き,5e-06,False,0.0,,,,,,らゔ -> ゔあいおりにすと -> といあわせる -> るい -> いあわせる -> るいせき
minimax vs random,minimax,random,D10000_seed0_minimax_vs_random_0,10000,0,first,ended_with_n,7,first,minimax,き,るいせき,きいる,き,る,る,0.752057,False,-305.0,2,3,True,,20,らゔ -> ゔあいおりにすと -> といあわせる -> るい -> いあわせる -> るいせき -> きいる
minimax vs random,minimax,random,D10000_seed0_minimax_vs_random_0,10000,0,first,ended_with_n,8,second,random,る,きいる,るり,る,り,り,5e-06,False,0.0,,,,,,らゔ -> ゔあいおりにすと -> といあわせる -> るい -> いあわせる -> るいせき -> きいる -> るり
minimax vs random,minimax,random,D10000_seed0_minimax_vs_random_0,10000,0,first,ended_with_n,9,first,minimax,り,るり,りいだあしつぷ,り,ぷ,ぷ,2.000018,True,290.0,3,2,True,,7,らゔ -> ゔあいおりにすと -> といあわせる -> るい -> いあわせる -> るいせき -> きいる -> るり -> りいだあしつぷ
minimax vs random,minimax,random,D10000_seed0_minimax_vs_random_0,10000,0,first,ended_with_n,10,second,random,ぷ,りいだあしつぷ,ぷらすちつく,ぷ,く,く,7e-06,False,0.0,,,,,,らゔ -> ゔあいおりにすと -> といあわせる -> るい -> いあわせる -> るいせき -> きいる -> るり -> りいだあしつぷ -> ぷらすちつく
minimax vs random,minimax,random,D10000_seed0_minimax_vs_random_0,10000,0,first,ended_with_n,11,first,minimax,く,ぷらすちつく,くぎる,く,る,る,0.771946,False,-290.0,2,2,True,,20,らゔ -> ゔあいおりにすと -> といあわせる -> るい -> いあわせる -> るいせき -> きいる -> るり -> りいだあしつぷ -> ぷらすちつく -> くぎる
minimax vs random,minimax,random,D10000_seed0_minimax_vs_random_0,10000,0,first,ended_with_n,12,second,random,る,くぎる,るうきい,る,い,い,6e-06,False,0.0,,,,,,らゔ -> ゔあいおりにすと -> といあわせる -> るい -> いあわせる -> るいせき -> きいる -> るり -> りいだあしつぷ -> ぷらすちつく -> くぎる -> るうきい
minimax vs random,minimax,random,D10000_seed0_minimax_vs_random_0,10000,0,first,ended_with_n,13,first,minimax,い,るうきい,いからせる,い,る,る,0.694916,False,-275.0,2,2,True,,20,らゔ -> ゔあいおりにすと -> といあわせる -> るい -> いあわせる -> るいせき -> きいる -> るり -> りいだあしつぷ -> ぷらすちつく -> くぎる -> るうきい -> いからせる
minimax vs random,minimax,random,D10000_seed0_minimax_vs_random_0,10000,0,first,ended_with_n,14,second,random,る,いからせる,るみのおる,る,る,る,5e-06,False,0.0,,,,,,らゔ -> ゔあいおりにすと -> といあわせる -> るい -> いあわせる -> るいせき -> きいる -> るり -> りいだあしつぷ -> ぷらすちつく -> くぎる -> るうきい -> いからせる -> るみのおる
minimax vs random,minimax,random,D10000_seed0_minimax_vs_random_0,10000,0,first,ended_with_n,15,first,minimax,る,るみのおる,るうと,る,と,と,0.229652,False,-260.0,2,3,True,,20,らゔ -> ゔあいおりにすと -> といあわせる -> るい -> いあわせる -> るいせき -> きいる -> るり -> りいだあしつぷ -> ぷらすちつく -> くぎる -> るうきい -> いからせる -> るみのおる -> るうと
minimax vs random,minimax,random,D10000_seed0_minimax_vs_random_0,10000,0,first,ended_with_n,16,second,random,と,るうと,とうの,と,の,の,1.6e-05,False,0.0,,,,,,らゔ -> ゔあいおりにすと -> といあわせる -> るい -> いあわせる -> るいせき -> きいる -> るり -> りいだあしつぷ -> ぷらすちつく -> くぎる -> るうきい -> いからせる -> るみのおる -> るうと -> とうの
minimax vs random,minimax,random,D10000_seed0_minimax_vs_random_0,10000,0,first,ended_with_n,17,first,minimax,の,とうの,のいろおぜ,の,ぜ,ぜ,2.000051,True,260.0,3,2,True,,9,らゔ -> ゔあいおりにすと -> といあわせる -> るい -> いあわせる -> るいせき -> きいる -> るり -> りいだあしつぷ -> ぷらすちつく -> くぎる -> るうきい -> いからせる -> るみのおる -> るうと -> とうの -> のいろおぜ
minimax vs random,minimax,random,D10000_seed0_minimax_vs_random_0,10000,0,first,ended_with_n,18,second,random,ぜ,のいろおぜ,ぜみ,ぜ,み,み,8e-06,False,0.0,,,,,,らゔ -> ゔあいおりにすと -> といあわせる -> るい -> いあわせる -> るいせき -> きいる -> るり -> りいだあしつぷ -> ぷらすちつく -> くぎる -> るうきい -> いからせる -> るみのおる -> るうと -> とうの -> のいろおぜ -> ぜみ
minimax vs random,minimax,random,D10000_seed0_minimax_vs_random_0,10000,0,first,ended_with_n,19,first,minimax,み,ぜみ,みいる,み,る,る,0.577638,False,-245.0,2,2,True,,20,らゔ -> ゔあいおりにすと -> といあわせる -> るい -> いあわせる -> るいせき -> きいる -> るり -> りいだあしつぷ -> ぷらすちつく -> くぎる -> るうきい -> いからせる -> るみのおる -> るうと -> とうの -> のいろおぜ -> ぜみ -> みいる
minimax vs random,minimax,random,D10000_seed0_minimax_vs_random_0,10000,0,first,ended_with_n,20,second,random,る,みいる,るうる,る,る,る,5e-06,False,0.0,,,,,,らゔ -> ゔあいおりにすと -> といあわせる -> るい -> いあわせる -> るいせき -> きいる -> るり -> りいだあしつぷ -> ぷらすちつく -> くぎる -> るうきい -> いからせる -> るみのおる -> るうと -> とうの -> のいろおぜ -> ぜみ -> みいる -> るうる
minimax vs random,minimax,random,D10000_seed0_minimax_vs_random_0,10000,0,first,ended_with_n,21,first,minimax,る,るうる,るうぶる,る,る,る,0.191722,False,-148.0,2,2,True,,18,らゔ -> ゔあいおりにすと -> といあわせる -> るい -> いあわせる -> るいせき -> きいる -> るり -> りいだあしつぷ -> ぷらすちつく -> くぎる -> るうきい -> いからせる -> るみのおる -> るうと -> とうの -> のいろおぜ -> ぜみ -> みいる -> るうる -> るうぶる
minimax vs random,minimax,random,D10000_seed0_minimax_vs_random_0,10000,0,first,ended_with_n,22,second,random,る,るうぶる,るびい,る,い,い,4e-06,False,0.0,,,,,,らゔ -> ゔあいおりにすと -> といあわせる -> るい -> いあわせる -> るいせき -> きいる -> るり -> りいだあしつぷ -> ぷらすちつく -> くぎる -> るうきい -> いからせる -> るみのおる -> るうと -> とうの -> のいろおぜ -> ぜみ -> みいる -> るうる -> るうぶる -> るびい
minimax vs random,minimax,random,D10000_seed0_minimax_vs_random_0,10000,0,first,ended_with_n,23,first,minimax,い,るびい,いきかえる,い,る,る,0.496793,False,-125.0,2,3,True,,20,らゔ -> ゔあいおりにすと -> といあわせる -> るい -> いあわせる -> るいせき -> きいる -> るり -> りいだあしつぷ -> ぷらすちつく -> くぎる -> るうきい -> いからせる -> るみのおる -> るうと -> とうの -> のいろおぜ -> ぜみ -> みいる -> るうる -> るうぶる -> るびい -> いきかえる
minimax vs random,minimax,random,D10000_seed0_minimax_vs_random_0,10000,0,first,ended_with_n,24,second,random,る,いきかえる,るうふ,る,ふ,ふ,5e-06,False,0.0,,,,,,らゔ -> ゔあいおりにすと -> といあわせる -> るい -> いあわせる -> るいせき -> きいる -> るり -> りいだあしつぷ -> ぷらすちつく -> くぎる -> るうきい -> いからせる -> るみのおる -> るうと -> とうの -> のいろおぜ -> ぜみ -> みいる -> るうる -> るうぶる -> るびい -> いきかえる -> るうふ
minimax vs random,minimax,random,D10000_seed0_minimax_vs_random_0,10000,0,first,ended_with_n,25,first,minimax,ふ,るうふ,ふあいる,ふ,る,る,2.000019,True,494.5,3,2,True,,13,らゔ -> ゔあいおりにすと -> といあわせる -> るい -> いあわせる -> るいせき -> きいる -> るり -> りいだあしつぷ -> ぷらすちつく -> くぎる -> るうきい -> いからせる -> るみのおる -> るうと -> とうの -> のいろおぜ -> ぜみ -> みいる -> るうる -> るうぶる -> るびい -> いきかえる -> るうふ -> ふあいる
minimax vs random,minimax,random,D10000_seed0_minimax_vs_random_0,10000,0,first,ended_with_n,26,second,random,る,ふあいる,るぽ,る,ぽ,ぽ,4e-06,False,0.0,,,,,,らゔ -> ゔあいおりにすと -> といあわせる -> るい -> いあわせる -> るいせき -> きいる -> るり -> りいだあしつぷ -> ぷらすちつく -> くぎる -> るうきい -> いからせる -> るみのおる -> るうと -> とうの -> のいろおぜ -> ぜみ -> みいる -> るうる -> るうぶる -> るびい -> いきかえる -> るうふ -> ふあいる -> るぽ
minimax vs random,minimax,random,D10000_seed0_minimax_vs_random_0,10000,0,first,ended_with_n,27,first,minimax,ぽ,るぽ,ぽけつとべる,ぽ,る,る,0.261534,False,37.0,2,2,True,,20,らゔ -> ゔあいおりにすと -> といあわせる -> るい -> いあわせる -> るいせき -> きいる -> るり -> りいだあしつぷ -> ぷらすちつく -> くぎる -> るうきい -> いからせる -> るみのおる -> るうと -> とうの -> のいろおぜ -> ぜみ -> みいる -> るうる -> るうぶる -> るびい -> いきかえる -> るうふ -> ふあいる -> るぽ -> ぽけつとべる
minimax vs random,minimax,random,D10000_seed0_minimax_vs_random_0,10000,0,first,ended_with_n,28,second,random,る,ぽけつとべる,るうれつと,る,と,と,5e-06,False,0.0,,,,,,らゔ -> ゔあいおりにすと -> といあわせる -> るい -> いあわせる -> るいせき -> きいる -> るり -> りいだあしつぷ -> ぷらすちつく -> くぎる -> るうきい -> いからせる -> るみのおる -> るうと -> とうの -> のいろおぜ -> ぜみ -> みいる -> るうる -> るうぶる -> るびい -> いきかえる -> るうふ -> ふあいる -> るぽ -> ぽけつとべる -> るうれつと
minimax vs random,minimax,random,D10000_seed0_minimax_vs_random_0,10000,0,first,ended_with_n,29,first,minimax,と,るうれつと,とうじる,と,る,る,0.384246,False,60.0,2,2,True,,20,らゔ -> ゔあいおりにすと -> といあわせる -> るい -> いあわせる -> るいせき -> きいる -> るり -> りいだあしつぷ -> ぷらすちつく -> くぎる -> るうきい -> いからせる -> るみのおる -> るうと -> とうの -> のいろおぜ -> ぜみ -> みいる -> るうる -> るうぶる -> るびい -> いきかえる -> るうふ -> ふあいる -> るぽ -> ぽけつとべる -> るうれつと -> とうじる
minimax vs random,minimax,random,D10000_seed0_minimax_vs_random_0,10000,0,first,ended_with_n,30,second,random,る,とうじる,るび,る,び,び,5e-06,False,0.0,,,,,,らゔ -> ゔあいおりにすと -> といあわせる -> るい -> いあわせる -> るいせき -> きいる -> るり -> りいだあしつぷ -> ぷらすちつく -> くぎる -> るうきい -> いからせる -> るみのおる -> るうと -> とうの -> のいろおぜ -> ぜみ -> みいる -> るうる -> るうぶる -> るびい -> いきかえる -> るうふ -> ふあいる -> るぽ -> ぽけつとべる -> るうれつと -> とうじる -> るび
minimax vs random,minimax,random,D10000_seed0_minimax_vs_random_0,10000,0,first,ended_with_n,31,first,minimax,び,るび,びいぐる,び,る,る,0.411165,False,83.0,2,3,True,,20,らゔ -> ゔあいおりにすと -> といあわせる -> るい -> いあわせる -> るいせき -> きいる -> るり -> りいだあしつぷ -> ぷらすちつく -> くぎる -> るうきい -> いからせる -> るみのおる -> るうと -> とうの -> のいろおぜ -> ぜみ -> みいる -> るうる -> るうぶる -> るびい -> いきかえる -> るうふ -> ふあいる -> るぽ -> ぽけつとべる -> るうれつと -> とうじる -> るび -> びいぐる
minimax vs random,minimax,random,D10000_seed0_minimax_vs_random_0,10000,0,first,ended_with_n,32,second,random,る,びいぐる,るいけい,る,い,い,5e-06,False,0.0,,,,,,らゔ -> ゔあいおりにすと -> といあわせる -> るい -> いあわせる -> るいせき -> きいる -> るり -> りいだあしつぷ -> ぷらすちつく -> くぎる -> るうきい -> いからせる -> るみのおる -> るうと -> とうの -> のいろおぜ -> ぜみ -> みいる -> るうる -> るうぶる -> るびい -> いきかえる -> るうふ -> ふあいる -> るぽ -> ぽけつとべる -> るうれつと -> とうじる -> るび -> びいぐる -> るいけい
minimax vs random,minimax,random,D10000_seed0_minimax_vs_random_0,10000,0,first,ended_with_n,33,first,minimax,い,るいけい,いきる,い,る,る,2.000027,True,896.5,3,2,True,,19,らゔ -> ゔあいおりにすと -> といあわせる -> るい -> いあわせる -> るいせき -> きいる -> るり -> りいだあしつぷ -> ぷらすちつく -> くぎる -> るうきい -> いからせる -> るみのおる -> るうと -> とうの -> のいろおぜ -> ぜみ -> みいる -> るうる -> るうぶる -> るびい -> いきかえる -> るうふ -> ふあいる -> るぽ -> ぽけつとべる -> るうれつと -> とうじる -> るび -> びいぐる -> るいけい -> いきる
minimax vs random,minimax,random,D10000_seed0_minimax_vs_random_0,10000,0,first,ended_with_n,34,second,random,る,いきる,るねつさんす,る,す,す,5e-06,False,0.0,,,,,,らゔ -> ゔあいおりにすと -> といあわせる -> るい -> いあわせる -> るいせき -> きいる -> るり -> りいだあしつぷ -> ぷらすちつく -> くぎる -> るうきい -> いからせる -> るみのおる -> るうと -> とうの -> のいろおぜ -> ぜみ -> みいる -> るうる -> るうぶる -> るびい -> いきかえる -> るうふ -> ふあいる -> るぽ -> ぽけつとべる -> るうれつと -> とうじる -> るび -> びいぐる -> るいけい -> いきる -> るねつさんす
minimax vs random,minimax,random,D10000_seed0_minimax_vs_random_0,10000,0,first,ended_with_n,35,first,minimax,す,るねつさんす,すえる,す,る,る,0.2868,False,129.0,2,2,True,,20,らゔ -> ゔあいおりにすと -> といあわせる -> るい -> いあわせる -> るいせき -> きいる -> るり -> りいだあしつぷ -> ぷらすちつく -> くぎる -> るうきい -> いからせる -> るみのおる -> るうと -> とうの -> のいろおぜ -> ぜみ -> みいる -> るうる -> るうぶる -> るびい -> いきかえる -> るうふ -> ふあいる -> るぽ -> ぽけつとべる -> るうれつと -> とうじる -> るび -> びいぐる -> るいけい -> いきる -> るねつさんす -> すえる
minimax vs random,minimax,random,D10000_seed0_minimax_vs_random_0,10000,0,first,ended_with_n,36,second,random,る,すえる,るう,る,う,う,4e-06,False,0.0,,,,,,らゔ -> ゔあいおりにすと -> といあわせる -> るい -> いあわせる -> るいせき -> きいる -> るり -> りいだあしつぷ -> ぷらすちつく -> くぎる -> るうきい -> いからせる -> るみのおる -> るうと -> とうの -> のいろおぜ -> ぜみ -> みいる -> るうる -> るうぶる -> るびい -> いきかえる -> るうふ -> ふあいる -> るぽ -> ぽけつとべる -> るうれつと -> とうじる -> るび -> びいぐる -> るいけい -> いきる -> るねつさんす -> すえる -> るう
minimax vs random,minimax,random,D10000_seed0_minimax_vs_random_0,10000,0,first,ended_with_n,37,first,minimax,う,るう,うえる,う,る,る,0.245397,False,152.0,2,2,True,,20,らゔ -> ゔあいおりにすと -> といあわせる -> るい -> いあわせる -> るいせき -> きいる -> るり -> りいだあしつぷ -> ぷらすちつく -> くぎる -> るうきい -> いからせる -> るみのおる -> るうと -> とうの -> のいろおぜ -> ぜみ -> みいる -> るうる -> るうぶる -> るびい -> いきかえる -> るうふ -> ふあいる -> るぽ -> ぽけつとべる -> るうれつと -> とうじる -> るび -> びいぐる -> るいけい -> いきる -> るねつさんす -> すえる -> るう -> うえる
minimax vs random,minimax,random,D10000_seed0_minimax_vs_random_0,10000,0,first,ended_with_n,38,second,random,る,うえる,るいじあな,る,な,な,3e-06,False,0.0,,,,,,らゔ -> ゔあいおりにすと -> といあわせる -> るい -> いあわせる -> るいせき -> きいる -> るり -> りいだあしつぷ -> ぷらすちつく -> くぎる -> るうきい -> いからせる -> るみのおる -> るうと -> とうの -> のいろおぜ -> ぜみ -> みいる -> るうる -> るうぶる -> るびい -> いきかえる -> るうふ -> ふあいる -> るぽ -> ぽけつとべる -> るうれつと -> とうじる -> るび -> びいぐる -> るいけい -> いきる -> るねつさんす -> すえる -> るう -> うえる -> るいじあな
minimax vs random,minimax,random,D10000_seed0_minimax_vs_random_0,10000,0,first,ended_with_n,39,first,minimax,な,るいじあな,ないる,な,る,る,0.270355,False,175.0,2,3,True,,20,らゔ -> ゔあいおりにすと -> といあわせる -> るい -> いあわせる -> るいせき -> きいる -> るり -> りいだあしつぷ -> ぷらすちつく -> くぎる -> るうきい -> いからせる -> るみのおる -> るうと -> とうの -> のいろおぜ -> ぜみ -> みいる -> るうる -> るうぶる -> るびい -> いきかえる -> るうふ -> ふあいる -> るぽ -> ぽけつとべる -> るうれつと -> とうじる -> るび -> びいぐる -> るいけい -> いきる -> るねつさんす -> すえる -> るう -> うえる -> るいじあな -> ないる
minimax vs random,minimax,random,D10000_seed0_minimax_vs_random_0,10000,0,first,ended_with_n,40,second,random,る,ないる,るああ,る,あ,あ,4e-06,False,0.0,,,,,,らゔ -> ゔあいおりにすと -> といあわせる -> るい -> いあわせる -> るいせき -> きいる -> るり -> りいだあしつぷ -> ぷらすちつく -> くぎる -> るうきい -> いからせる -> るみのおる -> るうと -> とうの -> のいろおぜ -> ぜみ -> みいる -> るうる -> るうぶる -> るびい -> いきかえる -> るうふ -> ふあいる -> るぽ -> ぽけつとべる -> るうれつと -> とうじる -> るび -> びいぐる -> るいけい -> いきる -> るねつさんす -> すえる -> るう -> うえる -> るいじあな -> ないる -> るああ
minimax vs random,minimax,random,D10000_seed0_minimax_vs_random_0,10000,0,first,ended_with_n,41,first,minimax,あ,るああ,あいてどる,あ,る,る,0.963089,False,928.5,3,3,True,,20,らゔ -> ゔあいおりにすと -> といあわせる -> るい -> いあわせる -> るいせき -> きいる -> るり -> りいだあしつぷ -> ぷらすちつく -> くぎる -> るうきい -> いからせる -> るみのおる -> るうと -> とうの -> のいろおぜ -> ぜみ -> みいる -> るうる -> るうぶる -> るびい -> いきかえる -> るうふ -> ふあいる -> るぽ -> ぽけつとべる -> るうれつと -> とうじる -> るび -> びいぐる -> るいけい -> いきる -> るねつさんす -> すえる -> るう -> うえる -> るいじあな -> ないる -> るああ -> あいてどる
minimax vs random,minimax,random,D10000_seed0_minimax_vs_random_0,10000,0,first,ended_with_n,42,second,random,る,あいてどる,るぽるたあじゆ,る,ゆ,ゆ,4e-06,False,0.0,,,,,,らゔ -> ゔあいおりにすと -> といあわせる -> るい -> いあわせる -> るいせき -> きいる -> るり -> りいだあしつぷ -> ぷらすちつく -> くぎる -> るうきい -> いからせる -> るみのおる -> るうと -> とうの -> のいろおぜ -> ぜみ -> みいる -> るうる -> るうぶる -> るびい -> いきかえる -> るうふ -> ふあいる -> るぽ -> ぽけつとべる -> るうれつと -> とうじる -> るび -> びいぐる -> るいけい -> いきる -> るねつさんす -> すえる -> るう -> うえる -> るいじあな -> ないる -> るああ -> あいてどる -> るぽるたあじゆ
minimax vs random,minimax,random,D10000_seed0_minimax_vs_random_0,10000,0,first,ended_with_n,43,first,minimax,ゆ,るぽるたあじゆ,ゆきわたる,ゆ,る,る,2.000032,True,936.5,3,2,True,,15,らゔ -> ゔあいおりにすと -> といあわせる -> るい -> いあわせる -> るいせき -> きいる -> るり -> りいだあしつぷ -> ぷらすちつく -> くぎる -> るうきい -> いからせる -> るみのおる -> るうと -> とうの -> のいろおぜ -> ぜみ -> みいる -> るうる -> るうぶる -> るびい -> いきかえる -> るうふ -> ふあいる -> るぽ -> ぽけつとべる -> るうれつと -> とうじる -> るび -> びいぐる -> るいけい -> いきる -> るねつさんす -> すえる -> るう -> うえる -> るいじあな -> ないる -> るああ -> あいてどる -> るぽるたあじゆ -> ゆきわたる
minimax vs random,minimax,random,D10000_seed0_minimax_vs_random_0,10000,0,first,ended_with_n,44,second,random,る,ゆきわたる,るうぷ,る,ぷ,ぷ,4e-06,False,0.0,,,,,,らゔ -> ゔあいおりにすと -> といあわせる -> るい -> いあわせる -> るいせき -> きいる -> るり -> りいだあしつぷ -> ぷらすちつく -> くぎる -> るうきい -> いからせる -> るみのおる -> るうと -> とうの -> のいろおぜ -> ぜみ -> みいる -> るうる -> るうぶる -> るびい -> いきかえる -> るうふ -> ふあいる -> るぽ -> ぽけつとべる -> るうれつと -> とうじる -> るび -> びいぐる -> るいけい -> いきる -> るねつさんす -> すえる -> るう -> うえる -> るいじあな -> ないる -> るああ -> あいてどる -> るぽるたあじゆ -> ゆきわたる -> るうぷ
minimax vs random,minimax,random,D10000_seed0_minimax_vs_random_0,10000,0,first,ended_with_n,45,first,minimax,ぷ,るうぷ,ぷうる,ぷ,る,る,0.198361,False,626.0,2,2,True,,20,らゔ -> ゔあいおりにすと -> といあわせる -> るい -> いあわせる -> るいせき -> きいる -> るり -> りいだあしつぷ -> ぷらすちつく -> くぎる -> るうきい -> いからせる -> るみのおる -> るうと -> とうの -> のいろおぜ -> ぜみ -> みいる -> るうる -> るうぶる -> るびい -> いきかえる -> るうふ -> ふあいる -> るぽ -> ぽけつとべる -> るうれつと -> とうじる -> るび -> びいぐる -> るいけい -> いきる -> るねつさんす -> すえる -> るう -> うえる -> るいじあな -> ないる -> るああ -> あいてどる -> るぽるたあじゆ -> ゆきわたる -> るうぷ -> ぷうる
minimax vs random,minimax,random,D10000_seed0_minimax_vs_random_0,10000,0,first,ended_with_n,46,second,random,る,ぷうる,るんげ,る,げ,げ,2e-06,False,0.0,,,,,,らゔ -> ゔあいおりにすと -> といあわせる -> るい -> いあわせる -> るいせき -> きいる -> るり -> りいだあしつぷ -> ぷらすちつく -> くぎる -> るうきい -> いからせる -> るみのおる -> るうと -> とうの -> のいろおぜ -> ぜみ -> みいる -> るうる -> るうぶる -> るびい -> いきかえる -> るうふ -> ふあいる -> るぽ -> ぽけつとべる -> るうれつと -> とうじる -> るび -> びいぐる -> るいけい -> いきる -> るねつさんす -> すえる -> るう -> うえる -> るいじあな -> ないる -> るああ -> あいてどる -> るぽるたあじゆ -> ゆきわたる -> るうぷ -> ぷうる -> るんげ
minimax vs random,minimax,random,D10000_seed0_minimax_vs_random_0,10000,0,first,ended_with_n,47,first,minimax,げ,るんげ,げえとぼおる,げ,る,る,0.308609,False,1000000.0,2,2,True,,20,らゔ -> ゔあいおりにすと -> といあわせる -> るい -> いあわせる -> るいせき -> きいる -> るり -> りいだあしつぷ -> ぷらすちつく -> くぎる -> るうきい -> いからせる -> るみのおる -> るうと -> とうの -> のいろおぜ -> ぜみ -> みいる -> るうる -> るうぶる -> るびい -> いきかえる -> るうふ -> ふあいる -> るぽ -> ぽけつとべる -> るうれつと -> とうじる -> るび -> びいぐる -> るいけい -> いきる -> るねつさんす -> すえる -> るう -> うえる -> るいじあな -> ないる -> るああ -> あいてどる -> るぽるたあじゆ -> ゆきわたる -> るうぷ -> ぷうる -> るんげ -> げえとぼおる
minimax vs random,minimax,random,D10000_seed0_minimax_vs_random_0,10000,0,first,ended_with_n,48,second,random,る,げえとぼおる,るうていん,る,ん,,4e-06,False,0.0,,,,,,らゔ -> ゔあいおりにすと -> といあわせる -> るい -> いあわせる -> るいせき -> きいる -> るり -> りいだあしつぷ -> ぷらすちつく -> くぎる -> るうきい -> いからせる -> るみのおる -> るうと -> とうの -> のいろおぜ -> ぜみ -> みいる -> るうる -> るうぶる -> るびい -> いきかえる -> るうふ -> ふあいる -> るぽ -> ぽけつとべる -> るうれつと -> とうじる -> るび -> びいぐる -> るいけい -> いきる -> るねつさんす -> すえる -> るう -> うえる -> るいじあな -> ないる -> るああ -> あいてどる -> るぽるたあじゆ -> ゆきわたる -> るうぷ -> ぷうる -> るんげ -> げえとぼおる -> るうていん
minimax vs greedy,minimax,greedy,D10000_seed0_minimax_vs_greedy_0,10000,0,first,ended_with_n,1,first,minimax,ANY,,らゔ,ら,ゔ,ゔ,2.000043,True,350.0,3,2,True,,8,らゔ
minimax vs greedy,minimax,greedy,D10000_seed0_minimax_vs_greedy_0,10000,0,first,ended_with_n,2,second,greedy,ゔ,らゔ,ゔあいおりにすと,ゔ,と,と,4.4e-05,False,-4990.0,,,,,2,らゔ -> ゔあいおりにすと
minimax vs greedy,minimax,greedy,D10000_seed0_minimax_vs_greedy_0,10000,0,first,ended_with_n,3,first,minimax,と,ゔあいおりにすと,といあわせる,と,る,る,0.975717,False,-335.0,2,2,True,,20,らゔ -> ゔあいおりにすと -> といあわせる
minimax vs greedy,minimax,greedy,D10000_seed0_minimax_vs_greedy_0,10000,0,first,ended_with_n,4,second,greedy,る,といあわせる,るうぶる,る,る,る,0.000332,False,-510.0,,,,,25,らゔ -> ゔあいおりにすと -> といあわせる -> るうぶる
minimax vs greedy,minimax,greedy,D10000_seed0_minimax_vs_greedy_0,10000,0,first,ended_with_n,5,first,minimax,る,るうぶる,るぽ,る,ぽ,ぽ,0.381753,False,-320.0,2,2,True,,20,らゔ -> ゔあいおりにすと -> といあわせる -> るうぶる -> るぽ
minimax vs greedy,minimax,greedy,D10000_seed0_minimax_vs_greedy_0,10000,0,first,ended_with_n,6,second,greedy,ぽ,るぽ,ぽけつとさいず,ぽ,ず,ず,0.000358,False,-443.0,,,,,26,らゔ -> ゔあいおりにすと -> といあわせる -> るうぶる -> るぽ -> ぽけつとさいず
minimax vs greedy,minimax,greedy,D10000_seed0_minimax_vs_greedy_0,10000,0,first,ended_with_n,7,first,minimax,ず,ぽけつとさいず,ずるずる,ず,る,る,0.306344,False,-305.0,2,3,True,,20,らゔ -> ゔあいおりにすと -> といあわせる -> るうぶる -> るぽ -> ぽけつとさいず -> ずるずる
minimax vs greedy,minimax,greedy,D10000_seed0_minimax_vs_greedy_0,10000,0,first,ended_with_n,8,second,greedy,る,ずるずる,るみのおる,る,る,る,0.000308,False,-464.0,,,,,23,らゔ -> ゔあいおりにすと -> といあわせる -> るうぶる -> るぽ -> ぽけつとさいず -> ずるずる -> るみのおる
minimax vs greedy,minimax,greedy,D10000_seed0_minimax_vs_greedy_0,10000,0,first,ended_with_n,9,first,minimax,る,るみのおる,るうる,る,る,る,2.000033,True,839.5,3,2,True,,4,らゔ -> ゔあいおりにすと -> といあわせる -> るうぶる -> るぽ -> ぽけつとさいず -> ずるずる -> るみのおる -> るうる
minimax vs greedy,minimax,greedy,D10000_seed0_minimax_vs_greedy_0,10000,0,first,ended_with_n,10,second,greedy,る,るうる,るうぷ,る,ぷ,ぷ,0.000269,False,-959.5,,,,,21,らゔ -> ゔあいおりにすと -> といあわせる -> るうぶる -> るぽ -> ぽけつとさいず -> ずるずる -> るみのおる -> るうる -> るうぷ
minimax vs greedy,minimax,greedy,D10000_seed0_minimax_vs_greedy_0,10000,0,first,ended_with_n,11,first,minimax,ぷ,るうぷ,ぷうる,ぷ,る,る,0.548819,False,-5.0,2,2,True,,20,らゔ -> ゔあいおりにすと -> といあわせる -> るうぶる -> るぽ -> ぽけつとさいず -> ずるずる -> るみのおる -> るうる -> るうぷ -> ぷうる
minimax vs greedy,minimax,greedy,D10000_seed0_minimax_vs_greedy_0,10000,0,first,ended_with_n,12,second,greedy,る,ぷうる,るび,る,び,び,0.000288,False,-1285.5,,,,,20,らゔ -> ゔあいおりにすと -> といあわせる -> るうぶる -> るぽ -> ぽけつとさいず -> ずるずる -> るみのおる -> るうる -> るうぷ -> ぷうる -> るび
minimax vs greedy,minimax,greedy,D10000_seed0_minimax_vs_greedy_0,10000,0,first,ended_with_n,13,first,minimax,び,るび,びいぐる,び,る,る,0.571143,False,298.0,2,2,True,,20,らゔ -> ゔあいおりにすと -> といあわせる -> るうぶる -> るぽ -> ぽけつとさいず -> ずるずる -> るみのおる -> るうる -> るうぷ -> ぷうる -> るび -> びいぐる
minimax vs greedy,minimax,greedy,D10000_seed0_minimax_vs_greedy_0,10000,0,first,ended_with_n,14,second,greedy,る,びいぐる,るぽるたあじゆ,る,ゆ,ゆ,0.000252,False,-2090.5,,,,,19,らゔ -> ゔあいおりにすと -> といあわせる -> るうぶる -> るぽ -> ぽけつとさいず -> ずるずる -> るみのおる -> るうる -> るうぷ -> ぷうる -> るび -> びいぐる -> るぽるたあじゆ
minimax vs greedy,minimax,greedy,D10000_seed0_minimax_vs_greedy_0,10000,0,first,ended_with_n,15,first,minimax,ゆ,るぽるたあじゆ,ゆきわたる,ゆ,る,る,0.541347,False,327.0,2,3,True,,20,らゔ -> ゔあいおりにすと -> といあわせる -> るうぶる -> るぽ -> ぽけつとさいず -> ずるずる -> るみのおる -> るうる -> るうぷ -> ぷうる -> るび -> びいぐる -> るぽるたあじゆ -> ゆきわたる
minimax vs greedy,minimax,greedy,D10000_seed0_minimax_vs_greedy_0,10000,0,first,ended_with_n,16,second,greedy,る,ゆきわたる,るんげ,る,げ,げ,0.000265,False,-2199.0,,,,,18,らゔ -> ゔあいおりにすと -> といあわせる -> るうぶる -> るぽ -> ぽけつとさいず -> ずるずる -> るみのおる -> るうる -> るうぷ -> ぷうる -> るび -> びいぐる -> るぽるたあじゆ -> ゆきわたる -> るんげ
minimax vs greedy,minimax,greedy,D10000_seed0_minimax_vs_greedy_0,10000,0,first,ended_with_n,17,first,minimax,げ,るんげ,げえとぼおる,げ,る,る,2.00003,True,2995.0,3,2,True,,7,らゔ -> ゔあいおりにすと -> といあわせる -> るうぶる -> るぽ -> ぽけつとさいず -> ずるずる -> るみのおる -> るうる -> るうぷ -> ぷうる -> るび -> びいぐる -> るぽるたあじゆ -> ゆきわたる -> るんげ -> げえとぼおる
minimax vs greedy,minimax,greedy,D10000_seed0_minimax_vs_greedy_0,10000,0,first,ended_with_n,18,second,greedy,る,げえとぼおる,るり,る,り,り,0.000237,False,-3083.0,,,,,17,らゔ -> ゔあいおりにすと -> といあわせる -> るうぶる -> るぽ -> ぽけつとさいず -> ずるずる -> るみのおる -> るうる -> るうぷ -> ぷうる -> るび -> びいぐる -> るぽるたあじゆ -> ゆきわたる -> るんげ -> げえとぼおる -> るり
minimax vs greedy,minimax,greedy,D10000_seed0_minimax_vs_greedy_0,10000,0,first,ended_with_n,19,first,minimax,り,るり,りこおる,り,る,る,0.518221,False,709.0,2,2,True,,20,らゔ -> ゔあいおりにすと -> といあわせる -> るうぶる -> るぽ -> ぽけつとさいず -> ずるずる -> るみのおる -> るうる -> るうぷ -> ぷうる -> るび -> びいぐる -> るぽるたあじゆ -> ゆきわたる -> るんげ -> げえとぼおる -> るり -> りこおる
minimax vs greedy,minimax,greedy,D10000_seed0_minimax_vs_greedy_0,10000,0,first,ended_with_n,20,second,greedy,る,りこおる,るう,る,う,う,0.000227,False,-3165.0,,,,,16,らゔ -> ゔあいおりにすと -> といあわせる -> るうぶる -> るぽ -> ぽけつとさいず -> ずるずる -> るみのおる -> るうる -> るうぷ -> ぷうる -> るび -> びいぐる -> るぽるたあじゆ -> ゆきわたる -> るんげ -> げえとぼおる -> るり -> りこおる -> るう
minimax vs greedy,minimax,greedy,D10000_seed0_minimax_vs_greedy_0,10000,0,first,ended_with_n,21,first,minimax,う,るう,うえる,う,る,る,0.690637,False,1042.0,2,2,True,,20,らゔ -> ゔあいおりにすと -> といあわせる -> るうぶる -> るぽ -> ぽけつとさいず -> ずるずる -> るみのおる -> るうる -> るうぷ -> ぷうる -> るび -> びいぐる -> るぽるたあじゆ -> ゆきわたる -> るんげ -> げえとぼおる -> るり -> りこおる -> るう -> うえる
minimax vs greedy,minimax,greedy,D10000_seed0_minimax_vs_greedy_0,10000,0,first,ended_with_n,22,second,greedy,る,うえる,るいじあな,る,な,な,0.000214,False,-4147.5,,,,,15,らゔ -> ゔあいおりにすと -> といあわせる -> るうぶる -> るぽ -> ぽけつとさいず -> ずるずる -> るみのおる -> るうる -> るうぷ -> ぷうる -> るび -> びいぐる -> るぽるたあじゆ -> ゆきわたる -> るんげ -> げえとぼおる -> るり -> りこおる -> るう -> うえる -> るいじあな
minimax vs greedy,minimax,greedy,D10000_seed0_minimax_vs_greedy_0,10000,0,first,ended_with_n,23,first,minimax,な,るいじあな,ないる,な,る,る,0.769966,False,1215.0,2,3,True,,20,らゔ -> ゔあいおりにすと -> といあわせる -> るうぶる -> るぽ -> ぽけつとさいず -> ずるずる -> るみのおる -> るうる -> るうぷ -> ぷうる -> るび -> びいぐる -> るぽるたあじゆ -> ゆきわたる -> るんげ -> げえとぼおる -> るり -> りこおる -> るう -> うえる -> るいじあな -> ないる
minimax vs greedy,minimax,greedy,D10000_seed0_minimax_vs_greedy_0,10000,0,first,ended_with_n,24,second,greedy,る,ないる,るねつさんす,る,す,す,0.000219,False,-4597.0,,,,,14,らゔ -> ゔあいおりにすと -> といあわせる -> るうぶる -> るぽ -> ぽけつとさいず -> ずるずる -> るみのおる -> るうる -> るうぷ -> ぷうる -> るび -> びいぐる -> るぽるたあじゆ -> ゆきわたる -> るんげ -> げえとぼおる -> るり -> りこおる -> るう -> うえる -> るいじあな -> ないる -> るねつさんす
minimax vs greedy,minimax,greedy,D10000_seed0_minimax_vs_greedy_0,10000,0,first,ended_with_n,25,first,minimax,す,るねつさんす,すえる,す,る,る,2.000048,True,4888.0,3,2,True,,16,らゔ -> ゔあいおりにすと -> といあわせる -> るうぶる -> るぽ -> ぽけつとさいず -> ずるずる -> るみのおる -> るうる -> るうぷ -> ぷうる -> るび -> びいぐる -> るぽるたあじゆ -> ゆきわたる -> るんげ -> げえとぼおる -> るり -> りこおる -> るう -> うえる -> るいじあな -> ないる -> るねつさんす -> すえる
minimax vs greedy,minimax,greedy,D10000_seed0_minimax_vs_greedy_0,10000,0,first,ended_with_n,26,second,greedy,る,すえる,るうれつと,る,と,と,0.000244,False,-4967.0,,,,,13,らゔ -> ゔあいおりにすと -> といあわせる -> るうぶる -> るぽ -> ぽけつとさいず -> ずるずる -> るみのおる -> るうる -> るうぷ -> ぷうる -> るび -> びいぐる -> るぽるたあじゆ -> ゆきわたる -> るんげ -> げえとぼおる -> るり -> りこおる -> るう -> うえる -> るいじあな -> ないる -> るねつさんす -> すえる -> るうれつと
minimax vs greedy,minimax,greedy,D10000_seed0_minimax_vs_greedy_0,10000,0,first,ended_with_n,27,first,minimax,と,るうれつと,とうじる,と,る,る,0.71468,False,1369.0,2,2,True,,20,らゔ -> ゔあいおりにすと -> といあわせる -> るうぶる -> るぽ -> ぽけつとさいず -> ずるずる -> るみのおる -> るうる -> るうぷ -> ぷうる -> るび -> びいぐる -> るぽるたあじゆ -> ゆきわたる -> るんげ -> げえとぼおる -> るり -> りこおる -> るう -> うえる -> るいじあな -> ないる -> るねつさんす -> すえる -> るうれつと -> とうじる
minimax vs greedy,minimax,greedy,D10000_seed0_minimax_vs_greedy_0,10000,0,first,ended_with_n,28,second,greedy,る,とうじる,るうと,る,と,と,0.000203,False,-4944.0,,,,,12,らゔ -> ゔあいおりにすと -> といあわせる -> るうぶる -> るぽ -> ぽけつとさいず -> ずるずる -> るみのおる -> るうる -> るうぷ -> ぷうる -> るび -> びいぐる -> るぽるたあじゆ -> ゆきわたる -> るんげ -> げえとぼおる -> るり -> りこおる -> るう -> うえる -> るいじあな -> ないる -> るねつさんす -> すえる -> るうれつと -> とうじる -> るうと
minimax vs greedy,minimax,greedy,D10000_seed0_minimax_vs_greedy_0,10000,0,first,ended_with_n,29,first,minimax,と,るうと,とぎれる,と,る,る,0.608844,False,1662.0,2,2,True,,20,らゔ -> ゔあいおりにすと -> といあわせる -> るうぶる -> るぽ -> ぽけつとさいず -> ずるずる -> るみのおる -> るうる -> るうぷ -> ぷうる -> るび -> びいぐる -> るぽるたあじゆ -> ゆきわたる -> るんげ -> げえとぼおる -> るり -> りこおる -> るう -> うえる -> るいじあな -> ないる -> るねつさんす -> すえる -> るうれつと -> とうじる -> るうと -> とぎれる
minimax vs greedy,minimax,greedy,D10000_seed0_minimax_vs_greedy_0,10000,0,first,ended_with_n,30,second,greedy,る,とぎれる,るびい,る,い,い,0.000166,False,-6103.5,,,,,11,らゔ -> ゔあいおりにすと -> といあわせる -> るうぶる -> るぽ -> ぽけつとさいず -> ずるずる -> るみのおる -> るうる -> るうぷ -> ぷうる -> るび -> びいぐる -> るぽるたあじゆ -> ゆきわたる -> るんげ -> げえとぼおる -> るり -> りこおる -> るう -> うえる -> るいじあな -> ないる -> るねつさんす -> すえる -> るうれつと -> とうじる -> るうと -> とぎれる -> るびい
minimax vs greedy,minimax,greedy,D10000_seed0_minimax_vs_greedy_0,10000,0,first,ended_with_n,31,first,minimax,い,るびい,いあわせる,い,る,る,0.470311,False,1677.0,2,3,True,,20,らゔ -> ゔあいおりにすと -> といあわせる -> るうぶる -> るぽ -> ぽけつとさいず -> ずるずる -> るみのおる -> るうる -> るうぷ -> ぷうる -> るび -> びいぐる -> るぽるたあじゆ -> ゆきわたる -> るんげ -> げえとぼおる -> るり -> りこおる -> るう -> うえる -> るいじあな -> ないる -> るねつさんす -> すえる -> るうれつと -> とうじる -> るうと -> とぎれる -> るびい -> いあわせる
minimax vs greedy,minimax,greedy,D10000_seed0_minimax_vs_greedy_0,10000,0,first,ended_with_n,32,second,greedy,る,いあわせる,るい,る,い,い,0.000127,False,-6080.5,,,,,10,らゔ -> ゔあいおりにすと -> といあわせる -> るうぶる -> るぽ -> ぽけつとさいず -> ずるずる -> るみのおる -> るうる -> るうぷ -> ぷうる -> るび -> びいぐる -> るぽるたあじゆ -> ゆきわたる -> るんげ -> げえとぼおる -> るり -> りこおる -> るう -> うえる -> るいじあな -> ないる -> るねつさんす -> すえる -> るうれつと -> とうじる -> るうと -> とぎれる -> るびい -> いあわせる -> るい
minimax vs greedy,minimax,greedy,D10000_seed0_minimax_vs_greedy_0,10000,0,first,ended_with_n,33,first,minimax,い,るい,いからせる,い,る,る,1.184792,False,6010.5,3,3,True,,20,らゔ -> ゔあいおりにすと -> といあわせる -> るうぶる -> るぽ -> ぽけつとさいず -> ずるずる -> るみのおる -> るうる -> るうぷ -> ぷうる -> るび -> びいぐる -> るぽるたあじゆ -> ゆきわたる -> るんげ -> げえとぼおる -> るり -> りこおる -> るう -> うえる -> るいじあな -> ないる -> るねつさんす -> すえる -> るうれつと -> とうじる -> るうと -> とぎれる -> るびい -> いあわせる -> るい -> いからせる
minimax vs greedy,minimax,greedy,D10000_seed0_minimax_vs_greedy_0,10000,0,first,ended_with_n,34,second,greedy,る,いからせる,るうきい,る,い,い,9.9e-05,False,-6057.5,,,,,9,らゔ -> ゔあいおりにすと -> といあわせる -> るうぶる -> るぽ -> ぽけつとさいず -> ずるずる -> るみのおる -> るうる -> るうぷ -> ぷうる -> るび -> びいぐる -> るぽるたあじゆ -> ゆきわたる -> るんげ -> げえとぼおる -> るり -> りこおる -> るう -> うえる -> るいじあな -> ないる -> るねつさんす -> すえる -> るうれつと -> とうじる -> るうと -> とぎれる -> るびい -> いあわせる -> るい -> いからせる -> るうきい
minimax vs greedy,minimax,greedy,D10000_seed0_minimax_vs_greedy_0,10000,0,first,ended_with_n,35,first,minimax,い,るうきい,いきかえる,い,る,る,1.471058,False,6018.5,3,3,True,,20,らゔ -> ゔあいおりにすと -> といあわせる -> るうぶる -> るぽ -> ぽけつとさいず -> ずるずる -> るみのおる -> るうる -> るうぷ -> ぷうる -> るび -> びいぐる -> るぽるたあじゆ -> ゆきわたる -> るんげ -> げえとぼおる -> るり -> りこおる -> るう -> うえる -> るいじあな -> ないる -> るねつさんす -> すえる -> るうれつと -> とうじる -> るうと -> とぎれる -> るびい -> いあわせる -> るい -> いからせる -> るうきい -> いきかえる
minimax vs greedy,minimax,greedy,D10000_seed0_minimax_vs_greedy_0,10000,0,first,ended_with_n,36,second,greedy,る,いきかえる,るいけい,る,い,い,8.8e-05,False,-6034.5,,,,,8,らゔ -> ゔあいおりにすと -> といあわせる -> るうぶる -> るぽ -> ぽけつとさいず -> ずるずる -> るみのおる -> るうる -> るうぷ -> ぷうる -> るび -> びいぐる -> るぽるたあじゆ -> ゆきわたる -> るんげ -> げえとぼおる -> るり -> りこおる -> るう -> うえる -> るいじあな -> ないる -> るねつさんす -> すえる -> るうれつと -> とうじる -> るうと -> とぎれる -> るびい -> いあわせる -> るい -> いからせる -> るうきい -> いきかえる -> るいけい
minimax vs greedy,minimax,greedy,D10000_seed0_minimax_vs_greedy_0,10000,0,first,ended_with_n,37,first,minimax,い,るいけい,いきる,い,る,る,1.727195,False,6192.0,3,3,True,,20,らゔ -> ゔあいおりにすと -> といあわせる -> るうぶる -> るぽ -> ぽけつとさいず -> ずるずる -> るみのおる -> るうる -> るうぷ -> ぷうる -> るび -> びいぐる -> るぽるたあじゆ -> ゆきわたる -> るんげ -> げえとぼおる -> るり -> りこおる -> るう -> うえる -> るいじあな -> ないる -> るねつさんす -> すえる -> るうれつと -> とうじる -> るうと -> とぎれる -> るびい -> いあわせる -> るい -> いからせる -> るうきい -> いきかえる -> るいけい -> いきる
minimax vs greedy,minimax,greedy,D10000_seed0_minimax_vs_greedy_0,10000,0,first,ended_with_n,38,second,greedy,る,いきる,るうふ,る,ふ,ふ,7.2e-05,False,-6200.0,,,,,7,らゔ -> ゔあいおりにすと -> といあわせる -> るうぶる -> るぽ -> ぽけつとさいず -> ずるずる -> るみのおる -> るうる -> るうぷ -> ぷうる -> るび -> びいぐる -> るぽるたあじゆ -> ゆきわたる -> るんげ -> げえとぼおる -> るり -> りこおる -> るう -> うえる -> るいじあな -> ないる -> るねつさんす -> すえる -> るうれつと -> とうじる -> るうと -> とぎれる -> るびい -> いあわせる -> るい -> いからせる -> るうきい -> いきかえる -> るいけい -> いきる -> るうふ
minimax vs greedy,minimax,greedy,D10000_seed0_minimax_vs_greedy_0,10000,0,first,ended_with_n,39,first,minimax,ふ,るうふ,ふあいる,ふ,る,る,0.721773,False,7102.0,3,3,True,,20,らゔ -> ゔあいおりにすと -> といあわせる -> るうぶる -> るぽ -> ぽけつとさいず -> ずるずる -> るみのおる -> るうる -> るうぷ -> ぷうる -> るび -> びいぐる -> るぽるたあじゆ -> ゆきわたる -> るんげ -> げえとぼおる -> るり -> りこおる -> るう -> うえる -> るいじあな -> ないる -> るねつさんす -> すえる -> るうれつと -> とうじる -> るうと -> とぎれる -> るびい -> いあわせる -> るい -> いからせる -> るうきい -> いきかえる -> るいけい -> いきる -> るうふ -> ふあいる
minimax vs greedy,minimax,greedy,D10000_seed0_minimax_vs_greedy_0,10000,0,first,ended_with_n,40,second,greedy,る,ふあいる,るああ,る,あ,あ,4.7e-05,False,-7102.0,,,,,6,らゔ -> ゔあいおりにすと -> といあわせる -> るうぶる -> るぽ -> ぽけつとさいず -> ずるずる -> るみのおる -> るうる -> るうぷ -> ぷうる -> るび -> びいぐる -> るぽるたあじゆ -> ゆきわたる -> るんげ -> げえとぼおる -> るり -> りこおる -> るう -> うえる -> るいじあな -> ないる -> るねつさんす -> すえる -> るうれつと -> とうじる -> るうと -> とぎれる -> るびい -> いあわせる -> るい -> いからせる -> るうきい -> いきかえる -> るいけい -> いきる -> るうふ -> ふあいる -> るああ
minimax vs greedy,minimax,greedy,D10000_seed0_minimax_vs_greedy_0,10000,0,first,ended_with_n,41,first,minimax,あ,るああ,あいてどる,あ,る,る,0.088568,False,500000.0,3,3,True,,20,らゔ -> ゔあいおりにすと -> といあわせる -> るうぶる -> るぽ -> ぽけつとさいず -> ずるずる -> るみのおる -> るうる -> るうぷ -> ぷうる -> るび -> びいぐる -> るぽるたあじゆ -> ゆきわたる -> るんげ -> げえとぼおる -> るり -> りこおる -> るう -> うえる -> るいじあな -> ないる -> るねつさんす -> すえる -> るうれつと -> とうじる -> るうと -> とぎれる -> るびい -> いあわせる -> るい -> いからせる -> るうきい -> いきかえる -> るいけい -> いきる -> るうふ -> ふあいる -> るああ -> あいてどる
minimax vs greedy,minimax,greedy,D10000_seed0_minimax_vs_greedy_0,10000,0,first,ended_with_n,42,second,greedy,る,あいてどる,るいせき,る,き,き,2.6e-05,False,-7242.5,,,,,5,らゔ -> ゔあいおりにすと -> といあわせる -> るうぶる -> るぽ -> ぽけつとさいず -> ずるずる -> るみのおる -> るうる -> るうぷ -> ぷうる -> るび -> びいぐる -> るぽるたあじゆ -> ゆきわたる -> るんげ -> げえとぼおる -> るり -> りこおる -> るう -> うえる -> るいじあな -> ないる -> るねつさんす -> すえる -> るうれつと -> とうじる -> るうと -> とぎれる -> るびい -> いあわせる -> るい -> いからせる -> るうきい -> いきかえる -> るいけい -> いきる -> るうふ -> ふあいる -> るああ -> あいてどる -> るいせき
minimax vs greedy,minimax,greedy,D10000_seed0_minimax_vs_greedy_0,10000,0,first,ended_with_n,43,first,minimax,き,るいせき,きいる,き,る,る,0.004222,False,1000000.0,3,3,True,,20,らゔ -> ゔあいおりにすと -> といあわせる -> るうぶる -> るぽ -> ぽけつとさいず -> ずるずる -> るみのおる -> るうる -> るうぷ -> ぷうる -> るび -> びいぐる -> るぽるたあじゆ -> ゆきわたる -> るんげ -> げえとぼおる -> るり -> りこおる -> るう -> うえる -> るいじあな -> ないる -> るねつさんす -> すえる -> るうれつと -> とうじる -> るうと -> とぎれる -> るびい -> いあわせる -> るい -> いからせる -> るうきい -> いきかえる -> るいけい -> いきる -> るうふ -> ふあいる -> るああ -> あいてどる -> るいせき -> きいる
minimax vs greedy,minimax,greedy,D10000_seed0_minimax_vs_greedy_0,10000,0,first,ended_with_n,44,second,greedy,る,きいる,るうていん,る,ん,,2e-06,False,-1000000.0,,,,,4,らゔ -> ゔあいおりにすと -> といあわせる -> るうぶる -> るぽ -> ぽけつとさいず -> ずるずる -> るみのおる -> るうる -> るうぷ -> ぷうる -> るび -> びいぐる -> るぽるたあじゆ -> ゆきわたる -> るんげ -> げえとぼおる -> るり -> りこおる -> るう -> うえる -> るいじあな -> ないる -> るねつさんす -> すえる -> るうれつと -> とうじる -> るうと -> とぎれる -> るびい -> いあわせる -> るい -> いからせる -> るうきい -> いきかえる -> るいけい -> いきる -> るうふ -> ふあいる -> るああ -> あいてどる -> るいせき -> きいる -> るうていん
minimax vs monte_carlo,minimax,monte_carlo,D10000_seed0_minimax_vs_monte_carlo_0,10000,0,first,ended_with_n,1,first,minimax,ANY,,らゔ,ら,ゔ,ゔ,2.000014,True,350.0,3,2,True,,8,らゔ
minimax vs monte_carlo,minimax,monte_carlo,D10000_seed0_minimax_vs_monte_carlo_0,10000,0,first,ended_with_n,2,second,monte_carlo,ゔ,らゔ,ゔおおかりすと,ゔ,と,と,0.094018,False,0.26000000000000006,,,,,,らゔ -> ゔおおかりすと
minimax vs monte_carlo,minimax,monte_carlo,D10000_seed0_minimax_vs_monte_carlo_0,10000,0,first,ended_with_n,3,first,minimax,と,ゔおおかりすと,といあわせる,と,る,る,0.777481,False,-335.0,2,2,True,,20,らゔ -> ゔおおかりすと -> といあわせる
minimax vs monte_carlo,minimax,monte_carlo,D10000_seed0_minimax_vs_monte_carlo_0,10000,0,first,ended_with_n,4,second,monte_carlo,る,といあわせる,るいけい,る,い,い,1.167832,False,0.372,,,,,,らゔ -> ゔおおかりすと -> といあわせる -> るいけい
minimax vs monte_carlo,minimax,monte_carlo,D10000_seed0_minimax_vs_monte_carlo_0,10000,0,first,ended_with_n,5,first,minimax,い,るいけい,いあわせる,い,る,る,1.503592,False,-320.0,2,2,True,,20,らゔ -> ゔおおかりすと -> といあわせる -> るいけい -> いあわせる
minimax vs monte_carlo,minimax,monte_carlo,D10000_seed0_minimax_vs_monte_carlo_0,10000,0,first,ended_with_n,6,second,monte_carlo,る,いあわせる,るねつさんす,る,す,す,0.957066,False,0.44000000000000006,,,,,,らゔ -> ゔおおかりすと -> といあわせる -> るいけい -> いあわせる -> るねつさんす
minimax vs monte_carlo,minimax,monte_carlo,D10000_seed0_minimax_vs_monte_carlo_0,10000,0,first,ended_with_n,7,first,minimax,す,るねつさんす,すえる,す,る,る,0.71187,False,-305.0,2,3,True,,20,らゔ -> ゔおおかりすと -> といあわせる -> るいけい -> いあわせる -> るねつさんす -> すえる
minimax vs monte_carlo,minimax,monte_carlo,D10000_seed0_minimax_vs_monte_carlo_0,10000,0,first,ended_with_n,8,second,monte_carlo,る,すえる,るいせき,る,き,き,0.772144,False,0.5595,,,,,,らゔ -> ゔおおかりすと -> といあわせる -> るいけい -> いあわせる -> るねつさんす -> すえる -> るいせき
minimax vs monte_carlo,minimax,monte_carlo,D10000_seed0_minimax_vs_monte_carlo_0,10000,0,first,ended_with_n,9,first,minimax,き,るいせき,きぬ,き,ぬ,ぬ,2.000015,True,290.0,3,2,True,,8,らゔ -> ゔおおかりすと -> といあわせる -> るいけい -> いあわせる -> るねつさんす -> すえる -> るいせき -> きぬ
minimax vs monte_carlo,minimax,monte_carlo,D10000_seed0_minimax_vs_monte_carlo_0,10000,0,first,ended_with_n,10,second,monte_carlo,ぬ,きぬ,ぬうど,ぬ,ど,ど,0.567287,False,0.6199999999999999,,,,,,らゔ -> ゔおおかりすと -> といあわせる -> るいけい -> いあわせる -> るねつさんす -> すえる -> るいせき -> きぬ -> ぬうど
minimax vs monte_carlo,minimax,monte_carlo,D10000_seed0_minimax_vs_monte_carlo_0,10000,0,first,ended_with_n,11,first,minimax,ど,ぬうど,どうじる,ど,る,る,0.439763,False,-290.0,2,2,True,,20,らゔ -> ゔおおかりすと -> といあわせる -> るいけい -> いあわせる -> るねつさんす -> すえる -> るいせき -> きぬ -> ぬうど -> どうじる
minimax vs monte_carlo,minimax,monte_carlo,D10000_seed0_minimax_vs_monte_carlo_0,10000,0,first,ended_with_n,12,second,monte_carlo,る,どうじる,るう,る,う,う,0.564213,False,0.5299999999999999,,,,,,らゔ -> ゔおおかりすと -> といあわせる -> るいけい -> いあわせる -> るねつさんす -> すえる -> るいせき -> きぬ -> ぬうど -> どうじる -> るう
minimax vs monte_carlo,minimax,monte_carlo,D10000_seed0_minimax_vs_monte_carlo_0,10000,0,first,ended_with_n,13,first,minimax,う,るう,うえる,う,る,る,0.54677,False,-275.0,2,2,True,,20,らゔ -> ゔおおかりすと -> といあわせる -> るいけい -> いあわせる -> るねつさんす -> すえる -> るいせき -> きぬ -> ぬうど -> どうじる -> るう -> うえる
minimax vs monte_carlo,minimax,monte_carlo,D10000_seed0_minimax_vs_monte_carlo_0,10000,0,first,ended_with_n,14,second,monte_carlo,る,うえる,るび,る,び,び,0.496688,False,0.6249999999999999,,,,,,らゔ -> ゔおおかりすと -> といあわせる -> るいけい -> いあわせる -> るねつさんす -> すえる -> るいせき -> きぬ -> ぬうど -> どうじる -> るう -> うえる -> るび
minimax vs monte_carlo,minimax,monte_carlo,D10000_seed0_minimax_vs_monte_carlo_0,10000,0,first,ended_with_n,15,first,minimax,び,るび,びいぐる,び,る,る,0.406449,False,-260.0,2,3,True,,20,らゔ -> ゔおおかりすと -> といあわせる -> るいけい -> いあわせる -> るねつさんす -> すえる -> るいせき -> きぬ -> ぬうど -> どうじる -> るう -> うえる -> るび -> びいぐる
minimax vs monte_carlo,minimax,monte_carlo,D10000_seed0_minimax_vs_monte_carlo_0,10000,0,first,ended_with_n,16,second,monte_carlo,る,びいぐる,るみのおる,る,る,る,0.493125,False,0.73,,,,,,らゔ -> ゔおおかりすと -> といあわせる -> るいけい -> いあわせる -> るねつさんす -> すえる -> るいせき -> きぬ -> ぬうど -> どうじる -> るう -> うえる -> るび -> びいぐる -> るみのおる
minimax vs monte_carlo,minimax,monte_carlo,D10000_seed0_minimax_vs_monte_carlo_0,10000,0,first,ended_with_n,17,first,minimax,る,るみのおる,るぽ,る,ぽ,ぽ,2.000049,True,230.0,3,2,True,,6,らゔ -> ゔおおかりすと -> といあわせる -> るいけい -> いあわせる -> るねつさんす -> すえる -> るいせき -> きぬ -> ぬうど -> どうじる -> るう -> うえる -> るび -> びいぐる -> るみのおる -> るぽ
minimax vs monte_carlo,minimax,monte_carlo,D10000_seed0_minimax_vs_monte_carlo_0,10000,0,first,ended_with_n,18,second,monte_carlo,ぽ,るぽ,ぽつぷ,ぽ,ぷ,ぷ,0.626753,False,0.6300000000000001,,,,,,らゔ -> ゔおおかりすと -> といあわせる -> るいけい -> いあわせる -> るねつさんす -> すえる -> るいせき -> きぬ -> ぬうど -> どうじる -> るう -> うえる -> るび -> びいぐる -> るみのおる -> るぽ -> ぽつぷ
minimax vs monte_carlo,minimax,monte_carlo,D10000_seed0_minimax_vs_monte_carlo_0,10000,0,first,ended_with_n,19,first,minimax,ぷ,ぽつぷ,ぷうる,ぷ,る,る,0.390049,False,-230.0,2,2,True,,20,らゔ -> ゔおおかりすと -> といあわせる -> るいけい -> いあわせる -> るねつさんす -> すえる -> るいせき -> きぬ -> ぬうど -> どうじる -> るう -> うえる -> るび -> びいぐる -> るみのおる -> るぽ -> ぽつぷ -> ぷうる
minimax vs monte_carlo,minimax,monte_carlo,D10000_seed0_minimax_vs_monte_carlo_0,10000,0,first,ended_with_n,20,second,monte_carlo,る,ぷうる,るいじあな,る,な,な,0.326561,False,0.61,,,,,,らゔ -> ゔおおかりすと -> といあわせる -> るいけい -> いあわせる -> るねつさんす -> すえる -> るいせき -> きぬ -> ぬうど -> どうじる -> るう -> うえる -> るび -> びいぐる -> るみのおる -> るぽ -> ぽつぷ -> ぷうる -> るいじあな
minimax vs monte_carlo,minimax,monte_carlo,D10000_seed0_minimax_vs_monte_carlo_0,10000,0,first,ended_with_n,21,first,minimax,な,るいじあな,ないる,な,る,る,0.580471,False,-215.0,2,2,True,,20,らゔ -> ゔおおかりすと -> といあわせる -> るいけい -> いあわせる -> るねつさんす -> すえる -> るいせき -> きぬ -> ぬうど -> どうじる -> るう -> うえる -> るび -> びいぐる -> るみのおる -> るぽ -> ぽつぷ -> ぷうる -> るいじあな -> ないる
minimax vs monte_carlo,minimax,monte_carlo,D10000_seed0_minimax_vs_monte_carlo_0,10000,0,first,ended_with_n,22,second,monte_carlo,る,ないる,るうれつと,る,と,と,0.279785,False,0.8,,,,,,らゔ -> ゔおおかりすと -> といあわせる -> るいけい -> いあわせる -> るねつさんす -> すえる -> るいせき -> きぬ -> ぬうど -> どうじる -> るう -> うえる -> るび -> びいぐる -> るみのおる -> るぽ -> ぽつぷ -> ぷうる -> るいじあな -> ないる -> るうれつと
minimax vs monte_carlo,minimax,monte_carlo,D10000_seed0_minimax_vs_monte_carlo_0,10000,0,first,ended_with_n,23,first,minimax,と,るうれつと,とうじる,と,る,る,0.486198,False,-200.0,2,3,True,,20,らゔ -> ゔおおかりすと -> といあわせる -> るいけい -> いあわせる -> るねつさんす -> すえる -> るいせき -> きぬ -> ぬうど -> どうじる -> るう -> うえる -> るび -> びいぐる -> るみのおる -> るぽ -> ぽつぷ -> ぷうる -> るいじあな -> ないる -> るうれつと -> とうじる
minimax vs monte_carlo,minimax,monte_carlo,D10000_seed0_minimax_vs_monte_carlo_0,10000,0,first,ended_with_n,24,second,monte_carlo,る,とうじる,るうぷ,る,ぷ,ぷ,0.243258,False,0.6199999999999999,,,,,,らゔ -> ゔおおかりすと -> といあわせる -> るいけい -> いあわせる -> るねつさんす -> すえる -> るいせき -> きぬ -> ぬうど -> どうじる -> るう -> うえる -> るび -> びいぐる -> るみのおる -> るぽ -> ぽつぷ -> ぷうる -> るいじあな -> ないる -> るうれつと -> とうじる -> るうぷ
minimax vs monte_carlo,minimax,monte_carlo,D10000_seed0_minimax_vs_monte_carlo_0,10000,0,first,ended_with_n,25,first,minimax,ぷ,るうぷ,ぷれいがある,ぷ,る,る,2.000015,True,185.0,3,2,True,,8,らゔ -> ゔおおかりすと -> といあわせる -> るいけい -> いあわせる -> るねつさんす -> すえる -> るいせき -> きぬ -> ぬうど -> どうじる -> るう -> うえる -> るび -> びいぐる -> るみのおる -> るぽ -> ぽつぷ -> ぷうる -> るいじあな -> ないる -> るうれつと -> とうじる -> るうぷ -> ぷれいがある
minimax vs monte_carlo,minimax,monte_carlo,D10000_seed0_minimax_vs_monte_carlo_0,10000,0,first,ended_with_n,26,second,monte_carlo,る,ぷれいがある,るうる,る,る,る,0.220762,False,0.71,,,,,,らゔ -> ゔおおかりすと -> といあわせる -> るいけい -> いあわせる -> るねつさんす -> すえる -> るいせき -> きぬ -> ぬうど -> どうじる -> るう -> うえる -> るび -> びいぐる -> るみのおる -> るぽ -> ぽつぷ -> ぷうる -> るいじあな -> ないる -> るうれつと -> とうじる -> るうぷ -> ぷれいがある -> るうる
minimax vs monte_carlo,minimax,monte_carlo,D10000_seed0_minimax_vs_monte_carlo_0,10000,0,first,ended_with_n,27,first,minimax,る,るうる,るうぶる,る,る,る,0.123222,False,436.0,2,2,True,,14,らゔ -> ゔおおかりすと -> といあわせる -> るいけい -> いあわせる -> るねつさんす -> すえる -> るいせき -> きぬ -> ぬうど -> どうじる -> るう -> うえる -> るび -> びいぐる -> るみのおる -> るぽ -> ぽつぷ -> ぷうる -> るいじあな -> ないる -> るうれつと -> とうじる -> るうぷ -> ぷれいがある -> るうる -> るうぶる
minimax vs monte_carlo,minimax,monte_carlo,D10000_seed0_minimax_vs_monte_carlo_0,10000,0,first,ended_with_n,28,second,monte_carlo,る,るうぶる,るり,る,り,り,0.172145,False,0.7,,,,,,らゔ -> ゔおおかりすと -> といあわせる -> るいけい -> いあわせる -> るねつさんす -> すえる -> るいせき -> きぬ -> ぬうど -> どうじる -> るう -> うえる -> るび -> びいぐる -> るみのおる -> るぽ -> ぽつぷ -> ぷうる -> るいじあな -> ないる -> るうれつと -> とうじる -> るうぷ -> ぷれいがある -> るうる -> るうぶる -> るり
minimax vs monte_carlo,minimax,monte_carlo,D10000_seed0_minimax_vs_monte_carlo_0,10000,0,first,ended_with_n,29,first,minimax,り,るり,りこおる,り,る,る,0.433624,False,459.0,2,2,True,,20,らゔ -> ゔおおかりすと -> といあわせる -> るいけい -> いあわせる -> るねつさんす -> すえる -> るいせき -> きぬ -> ぬうど -> どうじる -> るう -> うえる -> るび -> びいぐる -> るみのおる -> るぽ -> ぽつぷ -> ぷうる -> るいじあな -> ないる -> るうれつと -> とうじる -> るうぷ -> ぷれいがある -> るうる -> るうぶる -> るり -> りこおる
minimax vs monte_carlo,minimax,monte_carlo,D10000_seed0_minimax_vs_monte_carlo_0,10000,0,first,ended_with_n,30,second,monte_carlo,る,りこおる,るうと,る,と,と,0.112216,False,0.8,,,,,,らゔ -> ゔおおかりすと -> といあわせる -> るいけい -> いあわせる -> るねつさんす -> すえる -> るいせき -> きぬ -> ぬうど -> どうじる -> るう -> うえる -> るび -> びいぐる -> るみのおる -> るぽ -> ぽつぷ -> ぷうる -> るいじあな -> ないる -> るうれつと -> とうじる -> るうぷ -> ぷれいがある -> るうる -> るうぶる -> るり -> りこおる -> るうと
minimax vs monte_carlo,minimax,monte_carlo,D10000_seed0_minimax_vs_monte_carlo_0,10000,0,first,ended_with_n,31,first,minimax,と,るうと,とぎれる,と,る,る,0.396622,False,482.0,2,3,True,,20,らゔ -> ゔおおかりすと -> といあわせる -> るいけい -> いあわせる -> るねつさんす -> すえる -> るいせき -> きぬ -> ぬうど -> どうじる -> るう -> うえる -> るび -> びいぐる -> るみのおる -> るぽ -> ぽつぷ -> ぷうる -> るいじあな -> ないる -> るうれつと -> とうじる -> るうぷ -> ぷれいがある -> るうる -> るうぶる -> るり -> りこおる -> るうと -> とぎれる
minimax vs monte_carlo,minimax,monte_carlo,D10000_seed0_minimax_vs_monte_carlo_0,10000,0,first,ended_with_n,32,second,monte_carlo,る,とぎれる,るうきい,る,い,い,0.088533,False,0.9,,,,,,らゔ -> ゔおおかりすと -> といあわせる -> るいけい -> いあわせる -> るねつさんす -> すえる -> るいせき -> きぬ -> ぬうど -> どうじる -> るう -> うえる -> るび -> びいぐる -> るみのおる -> るぽ -> ぽつぷ -> ぷうる -> るいじあな -> ないる -> るうれつと -> とうじる -> るうぷ -> ぷれいがある -> るうる -> るうぶる -> るり -> りこおる -> るうと -> とぎれる -> るうきい
minimax vs monte_carlo,minimax,monte_carlo,D10000_seed0_minimax_vs_monte_carlo_0,10000,0,first,ended_with_n,33,first,minimax,い,るうきい,いからせる,い,る,る,1.527147,False,2058.5,3,3,True,,20,らゔ -> ゔおおかりすと -> といあわせる -> るいけい -> いあわせる -> るねつさんす -> すえる -> るいせき -> きぬ -> ぬうど -> どうじる -> るう -> うえる -> るび -> びいぐる -> るみのおる -> るぽ -> ぽつぷ -> ぷうる -> るいじあな -> ないる -> るうれつと -> とうじる -> るうぷ -> ぷれいがある -> るうる -> るうぶる -> るり -> りこおる -> るうと -> とぎれる -> るうきい -> いからせる
minimax vs monte_carlo,minimax,monte_carlo,D10000_seed0_minimax_vs_monte_carlo_0,10000,0,first,ended_with_n,34,second,monte_carlo,る,いからせる,るい,る,い,い,0.062656,False,0.5,,,,,,らゔ -> ゔおおかりすと -> といあわせる -> るいけい -> いあわせる -> るねつさんす -> すえる -> るいせき -> きぬ -> ぬうど -> どうじる -> るう -> うえる -> るび -> びいぐる -> るみのおる -> るぽ -> ぽつぷ -> ぷうる -> るいじあな -> ないる -> るうれつと -> とうじる -> るうぷ -> ぷれいがある -> るうる -> るうぶる -> るり -> りこおる -> るうと -> とぎれる -> るうきい -> いからせる -> るい
minimax vs monte_carlo,minimax,monte_carlo,D10000_seed0_minimax_vs_monte_carlo_0,10000,0,first,ended_with_n,35,first,minimax,い,るい,いきかえる,い,る,る,1.899682,False,2066.5,3,3,True,,20,らゔ -> ゔおおかりすと -> といあわせる -> るいけい -> いあわせる -> るねつさんす -> すえる -> るいせき -> きぬ -> ぬうど -> どうじる -> るう -> うえる -> るび -> びいぐる -> るみのおる -> るぽ -> ぽつぷ -> ぷうる -> るいじあな -> ないる -> るうれつと -> とうじる -> るうぷ -> ぷれいがある -> るうる -> るうぶる -> るり -> りこおる -> るうと -> とぎれる -> るうきい -> いからせる -> るい -> いきかえる
minimax vs monte_carlo,minimax,monte_carlo,D10000_seed0_minimax_vs_monte_carlo_0,10000,0,first,ended_with_n,36,second,monte_carlo,る,いきかえる,るんげ,る,げ,げ,0.051053,False,0.7,,,,,,らゔ -> ゔおおかりすと -> といあわせる -> るいけい -> いあわせる -> るねつさんす -> すえる -> るいせき -> きぬ -> ぬうど -> どうじる -> るう -> うえる -> るび -> びいぐる -> るみのおる -> るぽ -> ぽつぷ -> ぷうる -> るいじあな -> ないる -> るうれつと -> とうじる -> るうぷ -> ぷれいがある -> るうる -> るうぶる -> るり -> りこおる -> るうと -> とぎれる -> るうきい -> いからせる -> るい -> いきかえる -> るんげ
minimax vs monte_carlo,minimax,monte_carlo,D10000_seed0_minimax_vs_monte_carlo_0,10000,0,first,ended_with_n,37,first,minimax,げ,るんげ,げえとぼおる,げ,る,る,2.000043,True,2074.5,3,2,True,,9,らゔ -> ゔおおかりすと -> といあわせる -> るいけい -> いあわせる -> るねつさんす -> すえる -> るいせき -> きぬ -> ぬうど -> どうじる -> るう -> うえる -> るび -> びいぐる -> るみのおる -> るぽ -> ぽつぷ -> ぷうる -> るいじあな -> ないる -> るうれつと -> とうじる -> るうぷ -> ぷれいがある -> るうる -> るうぶる -> るり -> りこおる -> るうと -> とぎれる -> るうきい -> いからせる -> るい -> いきかえる -> るんげ -> げえとぼおる
minimax vs monte_carlo,minimax,monte_carlo,D10000_seed0_minimax_vs_monte_carlo_0,10000,0,first,ended_with_n,38,second,monte_carlo,る,げえとぼおる,るびい,る,い,い,0.029528,False,0.7,,,,,,らゔ -> ゔおおかりすと -> といあわせる -> るいけい -> いあわせる -> るねつさんす -> すえる -> るいせき -> きぬ -> ぬうど -> どうじる -> るう -> うえる -> るび -> びいぐる -> るみのおる -> るぽ -> ぽつぷ -> ぷうる -> るいじあな -> ないる -> るうれつと -> とうじる -> るうぷ -> ぷれいがある -> るうる -> るうぶる -> るり -> りこおる -> るうと -> とぎれる -> るうきい -> いからせる -> るい -> いきかえる -> るんげ -> げえとぼおる -> るびい
minimax vs monte_carlo,minimax,monte_carlo,D10000_seed0_minimax_vs_monte_carlo_0,10000,0,first,ended_with_n,39,first,minimax,い,るびい,いきる,い,る,る,0.26157,False,574.0,2,2,True,,20,らゔ -> ゔおおかりすと -> といあわせる -> るいけい -> いあわせる -> るねつさんす -> すえる -> るいせき -> きぬ -> ぬうど -> どうじる -> るう -> うえる -> るび -> びいぐる -> るみのおる -> るぽ -> ぽつぷ -> ぷうる -> るいじあな -> ないる -> るうれつと -> とうじる -> るうぷ -> ぷれいがある -> るうる -> るうぶる -> るり -> りこおる -> るうと -> とぎれる -> るうきい -> いからせる -> るい -> いきかえる -> るんげ -> げえとぼおる -> るびい -> いきる
minimax vs monte_carlo,minimax,monte_carlo,D10000_seed0_minimax_vs_monte_carlo_0,10000,0,first,ended_with_n,40,second,monte_carlo,る,いきる,るああ,る,あ,あ,0.017581,False,0.8,,,,,,らゔ -> ゔおおかりすと -> といあわせる -> るいけい -> いあわせる -> るねつさんす -> すえる -> るいせき -> きぬ -> ぬうど -> どうじる -> るう -> うえる -> るび -> びいぐる -> るみのおる -> るぽ -> ぽつぷ -> ぷうる -> るいじあな -> ないる -> るうれつと -> とうじる -> るうぷ -> ぷれいがある -> るうる -> るうぶる -> るり -> りこおる -> るうと -> とぎれる -> るうきい -> いからせる -> るい -> いきかえる -> るんげ -> げえとぼおる -> るびい -> いきる -> るああ
minimax vs monte_carlo,minimax,monte_carlo,D10000_seed0_minimax_vs_monte_carlo_0,10000,0,first,ended_with_n,41,first,minimax,あ,るああ,あいてどる,あ,る,る,0.094707,False,597.0,2,2,True,,20,らゔ -> ゔおおかりすと -> といあわせる -> るいけい -> いあわせる -> るねつさんす -> すえる -> るいせき -> きぬ -> ぬうど -> どうじる -> るう -> うえる -> るび -> びいぐる -> るみのおる -> るぽ -> ぽつぷ -> ぷうる -> るいじあな -> ないる -> るうれつと -> とうじる -> るうぷ -> ぷれいがある -> るうる -> るうぶる -> るり -> りこおる -> るうと -> とぎれる -> るうきい -> いからせる -> るい -> いきかえる -> るんげ -> げえとぼおる -> るびい -> いきる -> るああ -> あいてどる
minimax vs monte_carlo,minimax,monte_carlo,D10000_seed0_minimax_vs_monte_carlo_0,10000,0,first,ended_with_n,42,second,monte_carlo,る,あいてどる,るぽるたあじゆ,る,ゆ,ゆ,0.005278,False,0.5,,,,,,らゔ -> ゔおおかりすと -> といあわせる -> るいけい -> いあわせる -> るねつさんす -> すえる -> るいせき -> きぬ -> ぬうど -> どうじる -> るう -> うえる -> るび -> びいぐる -> るみのおる -> るぽ -> ぽつぷ -> ぷうる -> るいじあな -> ないる -> るうれつと -> とうじる -> るうぷ -> ぷれいがある -> るうる -> るうぶる -> るり -> りこおる -> るうと -> とぎれる -> るうきい -> いからせる -> るい -> いきかえる -> るんげ -> げえとぼおる -> るびい -> いきる -> るああ -> あいてどる -> るぽるたあじゆ
minimax vs monte_carlo,minimax,monte_carlo,D10000_seed0_minimax_vs_monte_carlo_0,10000,0,first,ended_with_n,43,first,minimax,ゆ,るぽるたあじゆ,ゆきわたる,ゆ,る,る,0.260309,False,1878.0,2,3,True,,20,らゔ -> ゔおおかりすと -> といあわせる -> るいけい -> いあわせる -> るねつさんす -> すえる -> るいせき -> きぬ -> ぬうど -> どうじる -> るう -> うえる -> るび -> びいぐる -> るみのおる -> るぽ -> ぽつぷ -> ぷうる -> るいじあな -> ないる -> るうれつと -> とうじる -> るうぷ -> ぷれいがある -> るうる -> るうぶる -> るり -> りこおる -> るうと -> とぎれる -> るうきい -> いからせる -> るい -> いきかえる -> るんげ -> げえとぼおる -> るびい -> いきる -> るああ -> あいてどる -> るぽるたあじゆ -> ゆきわたる
minimax vs monte_carlo,minimax,monte_carlo,D10000_seed0_minimax_vs_monte_carlo_0,10000,0,first,ended_with_n,44,second,monte_carlo,る,ゆきわたる,るうふ,る,ふ,ふ,0.000987,False,0.3,,,,,,らゔ -> ゔおおかりすと -> といあわせる -> るいけい -> いあわせる -> るねつさんす -> すえる -> るいせき -> きぬ -> ぬうど -> どうじる -> るう -> うえる -> るび -> びいぐる -> るみのおる -> るぽ -> ぽつぷ -> ぷうる -> るいじあな -> ないる -> るうれつと -> とうじる -> るうぷ -> ぷれいがある -> るうる -> るうぶる -> るり -> りこおる -> るうと -> とぎれる -> るうきい -> いからせる -> るい -> いきかえる -> るんげ -> げえとぼおる -> るびい -> いきる -> るああ -> あいてどる -> るぽるたあじゆ -> ゆきわたる -> るうふ
minimax vs monte_carlo,minimax,monte_carlo,D10000_seed0_minimax_vs_monte_carlo_0,10000,0,first,ended_with_n,45,first,minimax,ふ,るうふ,ふあいる,ふ,る,る,0.004283,False,1000000.0,3,3,True,,20,らゔ -> ゔおおかりすと -> といあわせる -> るいけい -> いあわせる -> るねつさんす -> すえる -> るいせき -> きぬ -> ぬうど -> どうじる -> るう -> うえる -> るび -> びいぐる -> るみのおる -> るぽ -> ぽつぷ -> ぷうる -> るいじあな -> ないる -> るうれつと -> とうじる -> るうぷ -> ぷれいがある -> るうる -> るうぶる -> るり -> りこおる -> るうと -> とぎれる -> るうきい -> いからせる -> るい -> いきかえる -> るんげ -> げえとぼおる -> るびい -> いきる -> るああ -> あいてどる -> るぽるたあじゆ -> ゆきわたる -> るうふ -> ふあいる
minimax vs monte_carlo,minimax,monte_carlo,D10000_seed0_minimax_vs_monte_carlo_0,10000,0,first,ended_with_n,46,second,monte_carlo,る,ふあいる,るいしん,る,ん,,8e-06,False,0.0,,,,,,らゔ -> ゔおおかりすと -> といあわせる -> るいけい -> いあわせる -> るねつさんす -> すえる -> るいせき -> きぬ -> ぬうど -> どうじる -> るう -> うえる -> るび -> びいぐる -> るみのおる -> るぽ -> ぽつぷ -> ぷうる -> るいじあな -> ないる -> るうれつと -> とうじる -> るうぷ -> ぷれいがある -> るうる -> るうぶる -> るり -> りこおる -> るうと -> とぎれる -> るうきい -> いからせる -> るい -> いきかえる -> るんげ -> げえとぼおる -> るびい -> いきる -> るああ -> あいてどる -> るぽるたあじゆ -> ゆきわたる -> るうふ -> ふあいる -> るいしん
minimax vs alpha_beta,minimax,alpha_beta,D10000_seed0_minimax_vs_alpha_beta_0,10000,0,first,ended_with_n,1,first,minimax,ANY,,らゔ,ら,ゔ,ゔ,2.000016,True,350.0,3,2,True,,8,らゔ
minimax vs alpha_beta,minimax,alpha_beta,D10000_seed0_minimax_vs_alpha_beta_0,10000,0,first,ended_with_n,2,second,alpha_beta,ゔ,らゔ,ゔあいおりにすと,ゔ,と,と,1.146253,False,-335.0,4,4,True,50,2,らゔ -> ゔあいおりにすと
minimax vs alpha_beta,minimax,alpha_beta,D10000_seed0_minimax_vs_alpha_beta_0,10000,0,first,ended_with_n,3,first,minimax,と,ゔあいおりにすと,といあわせる,と,る,る,0.83452,False,-335.0,2,2,True,,20,らゔ -> ゔあいおりにすと -> といあわせる
minimax vs alpha_beta,minimax,alpha_beta,D10000_seed0_minimax_vs_alpha_beta_0,10000,0,first,ended_with_n,4,second,alpha_beta,る,といあわせる,るうぷ,る,ぷ,ぷ,2.000016,True,-0.0,4,3,True,165,5,らゔ -> ゔあいおりにすと -> といあわせる -> るうぷ
minimax vs alpha_beta,minimax,alpha_beta,D10000_seed0_minimax_vs_alpha_beta_0,10000,0,first,ended_with_n,5,first,minimax,ぷ,るうぷ,ぷうる,ぷ,る,る,0.452725,False,-320.0,2,2,True,,20,らゔ -> ゔあいおりにすと -> といあわせる -> るうぷ -> ぷうる
minimax vs alpha_beta,minimax,alpha_beta,D10000_seed0_minimax_vs_alpha_beta_0,10000,0,first,ended_with_n,6,second,alpha_beta,る,ぷうる,るうぶる,る,る,る,1.694402,False,305.0,3,3,True,41,20,らゔ -> ゔあいおりにすと -> といあわせる -> るうぷ -> ぷうる -> るうぶる
minimax vs alpha_beta,minimax,alpha_beta,D10000_seed0_minimax_vs_alpha_beta_0,10000,0,first,ended_with_n,7,first,minimax,る,るうぶる,るぽ,る,ぽ,ぽ,0.299716,False,-305.0,2,3,True,,20,らゔ -> ゔあいおりにすと -> といあわせる -> るうぷ -> ぷうる -> るうぶる -> るぽ
minimax vs alpha_beta,minimax,alpha_beta,D10000_seed0_minimax_vs_alpha_beta_0,10000,0,first,ended_with_n,8,second,alpha_beta,ぽ,るぽ,ぽけつとさいず,ぽ,ず,ず,1.880075,False,290.0,3,3,True,45,20,らゔ -> ゔあいおりにすと -> といあわせる -> るうぷ -> ぷうる -> るうぶる -> るぽ -> ぽけつとさいず
minimax vs alpha_beta,minimax,alpha_beta,D10000_seed0_minimax_vs_alpha_beta_0,10000,0,first,ended_with_n,9,first,minimax,ず,ぽけつとさいず,ずうむれんず,ず,ず,ず,2.000063,True,290.0,3,2,True,,4,らゔ -> ゔあいおりにすと -> といあわせる -> るうぷ -> ぷうる -> るうぶる -> るぽ -> ぽけつとさいず -> ずうむれんず
minimax vs alpha_beta,minimax,alpha_beta,D10000_seed0_minimax_vs_alpha_beta_0,10000,0,first,ended_with_n,10,second,alpha_beta,ず,ずうむれんず,ずるずる,ず,る,る,1.122611,False,341.0,3,4,True,30,20,らゔ -> ゔあいおりにすと -> といあわせる -> るうぷ -> ぷうる -> るうぶる -> るぽ -> ぽけつとさいず -> ずうむれんず -> ずるずる
minimax vs alpha_beta,minimax,alpha_beta,D10000_seed0_minimax_vs_alpha_beta_0,10000,0,first,ended_with_n,11,first,minimax,る,ずるずる,るぽるたあじゆ,る,ゆ,ゆ,0.352576,False,-341.0,2,2,True,,20,らゔ -> ゔあいおりにすと -> といあわせる -> るうぷ -> ぷうる -> るうぶる -> るぽ -> ぽけつとさいず -> ずうむれんず -> ずるずる -> るぽるたあじゆ
minimax vs alpha_beta,minimax,alpha_beta,D10000_seed0_minimax_vs_alpha_beta_0,10000,0,first,ended_with_n,12,second,alpha_beta,ゆ,るぽるたあじゆ,ゆきわたる,ゆ,る,る,2.000018,True,-275.0,4,3,True,73,2,らゔ -> ゔあいおりにすと -> といあわせる -> るうぷ -> ぷうる -> るうぶる -> るぽ -> ぽけつとさいず -> ずうむれんず -> ずるずる -> るぽるたあじゆ -> ゆきわたる
minimax vs alpha_beta,minimax,alpha_beta,D10000_seed0_minimax_vs_alpha_beta_0,10000,0,first,ended_with_n,13,first,minimax,る,ゆきわたる,るねつさんす,る,す,す,0.284379,False,-318.0,2,2,True,,20,らゔ -> ゔあいおりにすと -> といあわせる -> るうぷ -> ぷうる -> るうぶる -> るぽ -> ぽけつとさいず -> ずうむれんず -> ずるずる -> るぽるたあじゆ -> ゆきわたる -> るねつさんす
minimax vs alpha_beta,minimax,alpha_beta,D10000_seed0_minimax_vs_alpha_beta_0,10000,0,first,ended_with_n,14,second,alpha_beta,す,るねつさんす,すず,す,ず,ず,1.920132,False,260.0,3,3,True,102,20,らゔ -> ゔあいおりにすと -> といあわせる -> るうぷ -> ぷうる -> るうぶる -> るぽ -> ぽけつとさいず -> ずうむれんず -> ずるずる -> るぽるたあじゆ -> ゆきわたる -> るねつさんす -> すず
minimax vs alpha_beta,minimax,alpha_beta,D10000_seed0_minimax_vs_alpha_beta_0,10000,0,first,ended_with_n,15,first,minimax,ず,すず,ずれる,ず,る,る,0.177101,False,-260.0,2,3,True,,20,らゔ -> ゔあいおりにすと -> といあわせる -> るうぷ -> ぷうる -> るうぶる -> るぽ -> ぽけつとさいず -> ずうむれんず -> ずるずる -> るぽるたあじゆ -> ゆきわたる -> るねつさんす -> すず -> ずれる
minimax vs alpha_beta,minimax,alpha_beta,D10000_seed0_minimax_vs_alpha_beta_0,10000,0,first,ended_with_n,16,second,alpha_beta,る,ずれる,るんげ,る,げ,げ,0.653052,False,245.0,3,3,True,47,20,らゔ -> ゔあいおりにすと -> といあわせる -> るうぷ -> ぷうる -> るうぶる -> るぽ -> ぽけつとさいず -> ずうむれんず -> ずるずる -> るぽるたあじゆ -> ゆきわたる -> るねつさんす -> すず -> ずれる -> るんげ
minimax vs alpha_beta,minimax,alpha_beta,D10000_seed0_minimax_vs_alpha_beta_0,10000,0,first,ended_with_n,17,first,minimax,げ,るんげ,げんぎ,げ,ぎ,ぎ,2.000029,True,260.0,3,2,True,,7,らゔ -> ゔあいおりにすと -> といあわせる -> るうぷ -> ぷうる -> るうぶる -> るぽ -> ぽけつとさいず -> ずうむれんず -> ずるずる -> るぽるたあじゆ -> ゆきわたる -> るねつさんす -> すず -> ずれる -> るんげ -> げんぎ
minimax vs alpha_beta,minimax,alpha_beta,D10000_seed0_minimax_vs_alpha_beta_0,10000,0,first,ended_with_n,18,second,alpha_beta,ぎ,げんぎ,ぎざぎざ,ぎ,ざ,ざ,0.890339,False,245.0,3,4,True,42,20,らゔ -> ゔあいおりにすと -> といあわせる -> るうぷ -> ぷうる -> るうぶる -> るぽ -> ぽけつとさいず -> ずうむれんず -> ずるずる -> るぽるたあじゆ -> ゆきわたる -> るねつさんす -> すず -> ずれる -> るんげ -> げんぎ -> ぎざぎざ
minimax vs alpha_beta,minimax,alpha_beta,D10000_seed0_minimax_vs_alpha_beta_0,10000,0,first,ended_with_n,19,first,minimax,ざ,ぎざぎざ,ざれる,ざ,る,る,0.21238,False,-245.0,2,2,True,,20,らゔ -> ゔあいおりにすと -> といあわせる -> るうぷ -> ぷうる -> るうぶる -> るぽ -> ぽけつとさいず -> ずうむれんず -> ずるずる -> るぽるたあじゆ -> ゆきわたる -> るねつさんす -> すず -> ずれる -> るんげ -> げんぎ -> ぎざぎざ -> ざれる
minimax vs alpha_beta,minimax,alpha_beta,D10000_seed0_minimax_vs_alpha_beta_0,10000,0,first,ended_with_n,20,second,alpha_beta,る,ざれる,るり,る,り,り,2.000019,True,-230.0,4,3,True,150,4,らゔ -> ゔあいおりにすと -> といあわせる -> るうぷ -> ぷうる -> るうぶる -> るぽ -> ぽけつとさいず -> ずうむれんず -> ずるずる -> るぽるたあじゆ -> ゆきわたる -> るねつさんす -> すず -> ずれる -> るんげ -> げんぎ -> ぎざぎざ -> ざれる -> るり
minimax vs alpha_beta,minimax,alpha_beta,D10000_seed0_minimax_vs_alpha_beta_0,10000,0,first,ended_with_n,21,first,minimax,り,るり,りこおる,り,る,る,0.455608,False,-230.0,2,2,True,,20,らゔ -> ゔあいおりにすと -> といあわせる -> るうぷ -> ぷうる -> るうぶる -> るぽ -> ぽけつとさいず -> ずうむれんず -> ずるずる -> るぽるたあじゆ -> ゆきわたる -> るねつさんす -> すず -> ずれる -> るんげ -> げんぎ -> ぎざぎざ -> ざれる -> るり -> りこおる
minimax vs alpha_beta,minimax,alpha_beta,D10000_seed0_minimax_vs_alpha_beta_0,10000,0,first,ended_with_n,22,second,alpha_beta,る,りこおる,るいじあな,る,な,な,0.591608,False,215.0,3,3,True,59,18,らゔ -> ゔあいおりにすと -> といあわせる -> るうぷ -> ぷうる -> るうぶる -> るぽ -> ぽけつとさいず -> ずうむれんず -> ずるずる -> るぽるたあじゆ -> ゆきわたる -> るねつさんす -> すず -> ずれる -> るんげ -> げんぎ -> ぎざぎざ -> ざれる -> るり -> りこおる -> るいじあな
minimax vs alpha_beta,minimax,alpha_beta,D10000_seed0_minimax_vs_alpha_beta_0,10000,0,first,ended_with_n,23,first,minimax,な,るいじあな,ないる,な,る,る,0.650022,False,-215.0,2,3,True,,20,らゔ -> ゔあいおりにすと -> といあわせる -> るうぷ -> ぷうる -> るうぶる -> るぽ -> ぽけつとさいず -> ずうむれんず -> ずるずる -> るぽるたあじゆ -> ゆきわたる -> るねつさんす -> すず -> ずれる -> るんげ -> げんぎ -> ぎざぎざ -> ざれる -> るり -> りこおる -> るいじあな -> ないる
minimax vs alpha_beta,minimax,alpha_beta,D10000_seed0_minimax_vs_alpha_beta_0,10000,0,first,ended_with_n,24,second,alpha_beta,る,ないる,るうと,る,と,と,0.508132,False,200.0,3,3,True,57,17,らゔ -> ゔあいおりにすと -> といあわせる -> るうぷ -> ぷうる -> るうぶる -> るぽ -> ぽけつとさいず -> ずうむれんず -> ずるずる -> るぽるたあじゆ -> ゆきわたる -> るねつさんす -> すず -> ずれる -> るんげ -> げんぎ -> ぎざぎざ -> ざれる -> るり -> りこおる -> るいじあな -> ないる -> るうと
minimax vs alpha_beta,minimax,alpha_beta,D10000_seed0_minimax_vs_alpha_beta_0,10000,0,first,ended_with_n,25,first,minimax,と,るうと,とうじる,と,る,る,2.000033,True,200.0,3,2,True,,15,らゔ -> ゔあいおりにすと -> といあわせる -> るうぷ -> ぷうる -> るうぶる -> るぽ -> ぽけつとさいず -> ずうむれんず -> ずるずる -> るぽるたあじゆ -> ゆきわたる -> るねつさんす -> すず -> ずれる -> るんげ -> げんぎ -> ぎざぎざ -> ざれる -> るり -> りこおる -> るいじあな -> ないる -> るうと -> とうじる
minimax vs alpha_beta,minimax,alpha_beta,D10000_seed0_minimax_vs_alpha_beta_0,10000,0,first,ended_with_n,26,second,alpha_beta,る,とうじる,るうれつと,る,と,と,0.509943,False,185.0,3,4,True,55,16,らゔ -> ゔあいおりにすと -> といあわせる -> るうぷ -> ぷうる -> るうぶる -> るぽ -> ぽけつとさいず -> ずうむれんず -> ずるずる -> るぽるたあじゆ -> ゆきわたる -> るねつさんす -> すず -> ずれる -> るんげ -> げんぎ -> ぎざぎざ -> ざれる -> るり -> りこおる -> るいじあな -> ないる -> るうと -> とうじる -> るうれつと
minimax vs alpha_beta,minimax,alpha_beta,D10000_seed0_minimax_vs_alpha_beta_0,10000,0,first,ended_with_n,27,first,minimax,と,るうれつと,とぎれる,と,る,る,0.703154,False,-185.0,2,2,True,,20,らゔ -> ゔあいおりにすと -> といあわせる -> るうぷ -> ぷうる -> るうぶる -> るぽ -> ぽけつとさいず -> ずうむれんず -> ずるずる -> るぽるたあじゆ -> ゆきわたる -> るねつさんす -> すず -> ずれる -> るんげ -> げんぎ -> ぎざぎざ -> ざれる -> るり -> りこおる -> るいじあな -> ないる -> るうと -> とうじる -> るうれつと -> とぎれる
minimax vs alpha_beta,minimax,alpha_beta,D10000_seed0_minimax_vs_alpha_beta_0,10000,0,first,ended_with_n,28,second,alpha_beta,る,とぎれる,るう,る,う,う,2.000159,True,-170.0,4,3,True,191,4,らゔ -> ゔあいおりにすと -> といあわせる -> るうぷ -> ぷうる -> るうぶる -> るぽ -> ぽけつとさいず -> ずうむれんず -> ずるずる -> るぽるたあじゆ -> ゆきわたる -> るねつさんす -> すず -> ずれる -> るんげ -> げんぎ -> ぎざぎざ -> ざれる -> るり -> りこおる -> るいじあな -> ないる -> るうと -> とうじる -> るうれつと -> とぎれる -> るう
minimax vs alpha_beta,minimax,alpha_beta,D10000_seed0_minimax_vs_alpha_beta_0,10000,0,first,ended_with_n,29,first,minimax,う,るう,うええるず,う,ず,ず,0.744659,False,234.0,2,2,True,,20,らゔ -> ゔあいおりにすと -> といあわせる -> るうぷ -> ぷうる -> るうぶる -> るぽ -> ぽけつとさいず -> ずうむれんず -> ずるずる -> るぽるたあじゆ -> ゆきわたる -> るねつさんす -> すず -> ずれる -> るんげ -> げんぎ -> ぎざぎざ -> ざれる -> るり -> りこおる -> るいじあな -> ないる -> るうと -> とうじる -> るうれつと -> とぎれる -> るう -> うええるず
minimax vs alpha_beta,minimax,alpha_beta,D10000_seed0_minimax_vs_alpha_beta_0,10000,0,first,ended_with_n,30,second,alpha_beta,ず,うええるず,ずばり,ず,り,り,0.601425,False,170.0,3,3,True,65,19,らゔ -> ゔあいおりにすと -> といあわせる -> るうぷ -> ぷうる -> るうぶる -> るぽ -> ぽけつとさいず -> ずうむれんず -> ずるずる -> るぽるたあじゆ -> ゆきわたる -> るねつさんす -> すず -> ずれる -> るんげ -> げんぎ -> ぎざぎざ -> ざれる -> るり -> りこおる -> るいじあな -> ないる -> るうと -> とうじる -> るうれつと -> とぎれる -> るう -> うええるず -> ずばり
minimax vs alpha_beta,minimax,alpha_beta,D10000_seed0_minimax_vs_alpha_beta_0,10000,0,first,ended_with_n,31,first,minimax,り,ずばり,りぞおとほてる,り,る,る,0.488131,False,-170.0,2,3,True,,20,らゔ -> ゔあいおりにすと -> といあわせる -> るうぷ -> ぷうる -> るうぶる -> るぽ -> ぽけつとさいず -> ずうむれんず -> ずるずる -> るぽるたあじゆ -> ゆきわたる -> るねつさんす -> すず -> ずれる -> るんげ -> げんぎ -> ぎざぎざ -> ざれる -> るり -> りこおる -> るいじあな -> ないる -> るうと -> とうじる -> るうれつと -> とぎれる -> るう -> うええるず -> ずばり -> りぞおとほてる
minimax vs alpha_beta,minimax,alpha_beta,D10000_seed0_minimax_vs_alpha_beta_0,10000,0,first,ended_with_n,32,second,alpha_beta,る,りぞおとほてる,るああ,る,あ,あ,0.62312,False,155.0,3,3,True,122,14,らゔ -> ゔあいおりにすと -> といあわせる -> るうぷ -> ぷうる -> るうぶる -> るぽ -> ぽけつとさいず -> ずうむれんず -> ずるずる -> るぽるたあじゆ -> ゆきわたる -> るねつさんす -> すず -> ずれる -> るんげ -> げんぎ -> ぎざぎざ -> ざれる -> るり -> りこおる -> るいじあな -> ないる -> るうと -> とうじる -> るうれつと -> とぎれる -> るう -> うええるず -> ずばり -> りぞおとほてる -> るああ
minimax vs alpha_beta,minimax,alpha_beta,D10000_seed0_minimax_vs_alpha_beta_0,10000,0,first,ended_with_n,33,first,minimax,あ,るああ,あいてどる,あ,る,る,2.000021,True,1237.5,3,2,True,,17,らゔ -> ゔあいおりにすと -> といあわせる -> るうぷ -> ぷうる -> るうぶる -> るぽ -> ぽけつとさいず -> ずうむれんず -> ずるずる -> るぽるたあじゆ -> ゆきわたる -> るねつさんす -> すず -> ずれる -> るんげ -> げんぎ -> ぎざぎざ -> ざれる -> るり -> りこおる -> るいじあな -> ないる -> るうと -> とうじる -> るうれつと -> とぎれる -> るう -> うええるず -> ずばり -> りぞおとほてる -> るああ -> あいてどる
minimax vs alpha_beta,minimax,alpha_beta,D10000_seed0_minimax_vs_alpha_beta_0,10000,0,first,ended_with_n,34,second,alpha_beta,る,あいてどる,るうる,る,る,る,0.592034,False,-202.0,3,4,True,120,13,らゔ -> ゔあいおりにすと -> といあわせる -> るうぷ -> ぷうる -> るうぶる -> るぽ -> ぽけつとさいず -> ずうむれんず -> ずるずる -> るぽるたあじゆ -> ゆきわたる -> るねつさんす -> すず -> ずれる -> るんげ -> げんぎ -> ぎざぎざ -> ざれる -> るり -> りこおる -> るいじあな -> ないる -> るうと -> とうじる -> るうれつと -> とぎれる -> るう -> うええるず -> ずばり -> りぞおとほてる -> るああ -> あいてどる -> るうる
minimax vs alpha_beta,minimax,alpha_beta,D10000_seed0_minimax_vs_alpha_beta_0,10000,0,first,ended_with_n,35,first,minimax,る,るうる,るみのおる,る,る,る,0.078536,False,202.0,2,2,True,,12,らゔ -> ゔあいおりにすと -> といあわせる -> るうぷ -> ぷうる -> るうぶる -> るぽ -> ぽけつとさいず -> ずうむれんず -> ずるずる -> るぽるたあじゆ -> ゆきわたる -> るねつさんす -> すず -> ずれる -> るんげ -> げんぎ -> ぎざぎざ -> ざれる -> るり -> りこおる -> るいじあな -> ないる -> るうと -> とうじる -> るうれつと -> とぎれる -> るう -> うええるず -> ずばり -> りぞおとほてる -> るああ -> あいてどる -> るうる -> るみのおる
minimax vs alpha_beta,minimax,alpha_beta,D10000_seed0_minimax_vs_alpha_beta_0,10000,0,first,ended_with_n,36,second,alpha_beta,る,るみのおる,るい,る,い,い,0.868702,False,-1594.5,4,4,True,126,11,らゔ -> ゔあいおりにすと -> といあわせる -> るうぷ -> ぷうる -> るうぶる -> るぽ -> ぽけつとさいず -> ずうむれんず -> ずるずる -> るぽるたあじゆ -> ゆきわたる -> るねつさんす -> すず -> ずれる -> るんげ -> げんぎ -> ぎざぎざ -> ざれる -> るり -> りこおる -> るいじあな -> ないる -> るうと -> とうじる -> るうれつと -> とぎれる -> るう -> うええるず -> ずばり -> りぞおとほてる -> るああ -> あいてどる -> るうる -> るみのおる -> るい
minimax vs alpha_beta,minimax,alpha_beta,D10000_seed0_minimax_vs_alpha_beta_0,10000,0,first,ended_with_n,37,first,minimax,い,るい,いちず,い,ず,ず,0.41915,False,326.0,2,2,True,,20,らゔ -> ゔあいおりにすと -> といあわせる -> るうぷ -> ぷうる -> るうぶる -> るぽ -> ぽけつとさいず -> ずうむれんず -> ずるずる -> るぽるたあじゆ -> ゆきわたる -> るねつさんす -> すず -> ずれる -> るんげ -> げんぎ -> ぎざぎざ -> ざれる -> るり -> りこおる -> るいじあな -> ないる -> るうと -> とうじる -> るうれつと -> とぎれる -> るう -> うええるず -> ずばり -> りぞおとほてる -> るああ -> あいてどる -> るうる -> るみのおる -> るい -> いちず
minimax vs alpha_beta,minimax,alpha_beta,D10000_seed0_minimax_vs_alpha_beta_0,10000,0,first,ended_with_n,38,second,alpha_beta,ず,いちず,ずうむ,ず,む,む,0.757129,False,-1376.5,4,4,True,100,18,らゔ -> ゔあいおりにすと -> といあわせる -> るうぷ -> ぷうる -> るうぶる -> るぽ -> ぽけつとさいず -> ずうむれんず -> ずるずる -> るぽるたあじゆ -> ゆきわたる -> るねつさんす -> すず -> ずれる -> るんげ -> げんぎ -> ぎざぎざ -> ざれる -> るり -> りこおる -> るいじあな -> ないる -> るうと -> とうじる -> るうれつと -> とぎれる -> るう -> うええるず -> ずばり -> りぞおとほてる -> るああ -> あいてどる -> るうる -> るみのおる -> るい -> いちず -> ずうむ
minimax vs alpha_beta,minimax,alpha_beta,D10000_seed0_minimax_vs_alpha_beta_0,10000,0,first,ended_with_n,39,first,minimax,む,ずうむ,むきず,む,ず,ず,0.330986,False,696.0,2,3,True,,20,らゔ -> ゔあいおりにすと -> といあわせる -> るうぷ -> ぷうる -> るうぶる -> るぽ -> ぽけつとさいず -> ずうむれんず -> ずるずる -> るぽるたあじゆ -> ゆきわたる -> るねつさんす -> すず -> ずれる -> るんげ -> げんぎ -> ぎざぎざ -> ざれる -> るり -> りこおる -> るいじあな -> ないる -> るうと -> とうじる -> るうれつと -> とぎれる -> るう -> うええるず -> ずばり -> りぞおとほてる -> るああ -> あいてどる -> るうる -> るみのおる -> るい -> いちず -> ずうむ -> むきず
minimax vs alpha_beta,minimax,alpha_beta,D10000_seed0_minimax_vs_alpha_beta_0,10000,0,first,ended_with_n,40,second,alpha_beta,ず,むきず,ずいしよ,ず,よ,よ,1.08333,False,-1376.5,4,4,True,93,17,らゔ -> ゔあいおりにすと -> といあわせる -> るうぷ -> ぷうる -> るうぶる -> るぽ -> ぽけつとさいず -> ずうむれんず -> ずるずる -> るぽるたあじゆ -> ゆきわたる -> るねつさんす -> すず -> ずれる -> るんげ -> げんぎ -> ぎざぎざ -> ざれる -> るり -> りこおる -> るいじあな -> ないる -> るうと -> とうじる -> るうれつと -> とぎれる -> るう -> うええるず -> ずばり -> りぞおとほてる -> るああ -> あいてどる -> るうる -> るみのおる -> るい -> いちず -> ずうむ -> むきず -> ずいしよ
minimax vs alpha_beta,minimax,alpha_beta,D10000_seed0_minimax_vs_alpha_beta_0,10000,0,first,ended_with_n,41,first,minimax,よ,ずいしよ,ようする,よ,る,る,2.000024,True,1376.5,3,2,True,,16,らゔ -> ゔあいおりにすと -> といあわせる -> るうぷ -> ぷうる -> るうぶる -> るぽ -> ぽけつとさいず -> ずうむれんず -> ずるずる -> るぽるたあじゆ -> ゆきわたる -> るねつさんす -> すず -> ずれる -> るんげ -> げんぎ -> ぎざぎざ -> ざれる -> るり -> りこおる -> るいじあな -> ないる -> るうと -> とうじる -> るうれつと -> とぎれる -> るう -> うええるず -> ずばり -> りぞおとほてる -> るああ -> あいてどる -> るうる -> るみのおる -> るい -> いちず -> ずうむ -> むきず -> ずいしよ -> ようする
minimax vs alpha_beta,minimax,alpha_beta,D10000_seed0_minimax_vs_alpha_beta_0,10000,0,first,ended_with_n,42,second,alpha_beta,る,ようする,るいけい,る,い,い,0.673487,False,-1376.5,4,4,True,109,10,らゔ -> ゔあいおりにすと -> といあわせる -> るうぷ -> ぷうる -> るうぶる -> るぽ -> ぽけつとさいず -> ずうむれんず -> ずるずる -> るぽるたあじゆ -> ゆきわたる -> るねつさんす -> すず -> ずれる -> るんげ -> げんぎ -> ぎざぎざ -> ざれる -> るり -> りこおる -> るいじあな -> ないる -> るうと -> とうじる -> るうれつと -> とぎれる -> るう -> うええるず -> ずばり -> りぞおとほてる -> るああ -> あいてどる -> るうる -> るみのおる -> るい -> いちず -> ずうむ -> むきず -> ずいしよ -> ようする -> るいけい
minimax vs alpha_beta,minimax,alpha_beta,D10000_seed0_minimax_vs_alpha_beta_0,10000,0,first,ended_with_n,43,first,minimax,い,るいけい,いんふるえんざ,い,ざ,ざ,0.320803,False,313.0,2,2,True,,20,らゔ -> ゔあいおりにすと -> といあわせる -> るうぷ -> ぷうる -> るうぶる -> るぽ -> ぽけつとさいず -> ずうむれんず -> ずるずる -> るぽるたあじゆ -> ゆきわたる -> るねつさんす -> すず -> ずれる -> るんげ -> げんぎ -> ぎざぎざ -> ざれる -> るり -> りこおる -> るいじあな -> ないる -> るうと -> とうじる -> るうれつと -> とぎれる -> るう -> うええるず -> ずばり -> りぞおとほてる -> るああ -> あいてどる -> るうる -> るみのおる -> るい -> いちず -> ずうむ -> むきず -> ずいしよ -> ようする -> るいけい -> いんふるえんざ
minimax vs alpha_beta,minimax,alpha_beta,D10000_seed0_minimax_vs_alpha_beta_0,10000,0,first,ended_with_n,44,second,alpha_beta,ざ,いんふるえんざ,ざらざら,ざ,ら,ら,0.636916,False,-1261.5,4,4,True,136,20,らゔ -> ゔあいおりにすと -> といあわせる -> るうぷ -> ぷうる -> るうぶる -> るぽ -> ぽけつとさいず -> ずうむれんず -> ずるずる -> るぽるたあじゆ -> ゆきわたる -> るねつさんす -> すず -> ずれる -> るんげ -> げんぎ -> ぎざぎざ -> ざれる -> るり -> りこおる -> るいじあな -> ないる -> るうと -> とうじる -> るうれつと -> とぎれる -> るう -> うええるず -> ずばり -> りぞおとほてる -> るああ -> あいてどる -> るうる -> るみのおる -> るい -> いちず -> ずうむ -> むきず -> ずいしよ -> ようする -> るいけい -> いんふるえんざ -> ざらざら
minimax vs alpha_beta,minimax,alpha_beta,D10000_seed0_minimax_vs_alpha_beta_0,10000,0,first,ended_with_n,45,first,minimax,ら,ざらざら,らじある,ら,る,る,0.334531,False,248.0,2,2,True,,20,らゔ -> ゔあいおりにすと -> といあわせる -> るうぷ -> ぷうる -> るうぶる -> るぽ -> ぽけつとさいず -> ずうむれんず -> ずるずる -> るぽるたあじゆ -> ゆきわたる -> るねつさんす -> すず -> ずれる -> るんげ -> げんぎ -> ぎざぎざ -> ざれる -> るり -> りこおる -> るいじあな -> ないる -> るうと -> とうじる -> るうれつと -> とぎれる -> るう -> うええるず -> ずばり -> りぞおとほてる -> るああ -> あいてどる -> るうる -> るみのおる -> るい -> いちず -> ずうむ -> むきず -> ずいしよ -> ようする -> るいけい -> いんふるえんざ -> ざらざら -> らじある
minimax vs alpha_beta,minimax,alpha_beta,D10000_seed0_minimax_vs_alpha_beta_0,10000,0,first,ended_with_n,46,second,alpha_beta,る,らじある,るうきい,る,い,い,0.630648,False,-1269.5,4,4,True,97,9,らゔ -> ゔあいおりにすと -> といあわせる -> るうぷ -> ぷうる -> るうぶる -> るぽ -> ぽけつとさいず -> ずうむれんず -> ずるずる -> るぽるたあじゆ -> ゆきわたる -> るねつさんす -> すず -> ずれる -> るんげ -> げんぎ -> ぎざぎざ -> ざれる -> るり -> りこおる -> るいじあな -> ないる -> るうと -> とうじる -> るうれつと -> とぎれる -> るう -> うええるず -> ずばり -> りぞおとほてる -> るああ -> あいてどる -> るうる -> るみのおる -> るい -> いちず -> ずうむ -> むきず -> ずいしよ -> ようする -> るいけい -> いんふるえんざ -> ざらざら -> らじある -> るうきい
minimax vs alpha_beta,minimax,alpha_beta,D10000_seed0_minimax_vs_alpha_beta_0,10000,0,first,ended_with_n,47,first,minimax,い,るうきい,いあわせる,い,る,る,0.308224,False,271.0,2,3,True,,20,らゔ -> ゔあいおりにすと -> といあわせる -> るうぷ -> ぷうる -> るうぶる -> るぽ -> ぽけつとさいず -> ずうむれんず -> ずるずる -> るぽるたあじゆ -> ゆきわたる -> るねつさんす -> すず -> ずれる -> るんげ -> げんぎ -> ぎざぎざ -> ざれる -> るり -> りこおる -> るいじあな -> ないる -> るうと -> とうじる -> るうれつと -> とぎれる -> るう -> うええるず -> ずばり -> りぞおとほてる -> るああ -> あいてどる -> るうる -> るみのおる -> るい -> いちず -> ずうむ -> むきず -> ずいしよ -> ようする -> るいけい -> いんふるえんざ -> ざらざら -> らじある -> るうきい -> いあわせる
minimax vs alpha_beta,minimax,alpha_beta,D10000_seed0_minimax_vs_alpha_beta_0,10000,0,first,ended_with_n,48,second,alpha_beta,る,いあわせる,るうふ,る,ふ,ふ,0.641195,False,-1277.5,4,4,True,98,8,らゔ -> ゔあいおりにすと -> といあわせる -> るうぷ -> ぷうる -> るうぶる -> るぽ -> ぽけつとさいず -> ずうむれんず -> ずるずる -> るぽるたあじゆ -> ゆきわたる -> るねつさんす -> すず -> ずれる -> るんげ -> げんぎ -> ぎざぎざ -> ざれる -> るり -> りこおる -> るいじあな -> ないる -> るうと -> とうじる -> るうれつと -> とぎれる -> るう -> うええるず -> ずばり -> りぞおとほてる -> るああ -> あいてどる -> るうる -> るみのおる -> るい -> いちず -> ずうむ -> むきず -> ずいしよ -> ようする -> るいけい -> いんふるえんざ -> ざらざら -> らじある -> るうきい -> いあわせる -> るうふ
minimax vs alpha_beta,minimax,alpha_beta,D10000_seed0_minimax_vs_alpha_beta_0,10000,0,first,ended_with_n,49,first,minimax,ふ,るうふ,ふあいる,ふ,る,る,0.920659,False,1277.5,3,3,True,,20,らゔ -> ゔあいおりにすと -> といあわせる -> るうぷ -> ぷうる -> るうぶる -> るぽ -> ぽけつとさいず -> ずうむれんず -> ずるずる -> るぽるたあじゆ -> ゆきわたる -> るねつさんす -> すず -> ずれる -> るんげ -> げんぎ -> ぎざぎざ -> ざれる -> るり -> りこおる -> るいじあな -> ないる -> るうと -> とうじる -> るうれつと -> とぎれる -> るう -> うええるず -> ずばり -> りぞおとほてる -> るああ -> あいてどる -> るうる -> るみのおる -> るい -> いちず -> ずうむ -> むきず -> ずいしよ -> ようする -> るいけい -> いんふるえんざ -> ざらざら -> らじある -> るうきい -> いあわせる -> るうふ -> ふあいる
minimax vs alpha_beta,minimax,alpha_beta,D10000_seed0_minimax_vs_alpha_beta_0,10000,0,first,ended_with_n,50,second,alpha_beta,る,ふあいる,るいせき,る,き,き,0.481058,False,-1285.5,4,4,True,93,7,らゔ -> ゔあいおりにすと -> といあわせる -> るうぷ -> ぷうる -> るうぶる -> るぽ -> ぽけつとさいず -> ずうむれんず -> ずるずる -> るぽるたあじゆ -> ゆきわたる -> るねつさんす -> すず -> ずれる -> るんげ -> げんぎ -> ぎざぎざ -> ざれる -> るり -> りこおる -> るいじあな -> ないる -> るうと -> とうじる -> るうれつと -> とぎれる -> るう -> うええるず -> ずばり -> りぞおとほてる -> るああ -> あいてどる -> るうる -> るみのおる -> るい -> いちず -> ずうむ -> むきず -> ずいしよ -> ようする -> るいけい -> いんふるえんざ -> ざらざら -> らじある -> るうきい -> いあわせる -> るうふ -> ふあいる -> るいせき
minimax vs alpha_beta,minimax,alpha_beta,D10000_seed0_minimax_vs_alpha_beta_0,10000,0,first,ended_with_n,51,first,minimax,き,るいせき,きいる,き,る,る,0.495213,False,1285.5,3,3,True,,20,らゔ -> ゔあいおりにすと -> といあわせる -> るうぷ -> ぷうる -> るうぶる -> るぽ -> ぽけつとさいず -> ずうむれんず -> ずるずる -> るぽるたあじゆ -> ゆきわたる -> るねつさんす -> すず -> ずれる -> るんげ -> げんぎ -> ぎざぎざ -> ざれる -> るり -> りこおる -> るいじあな -> ないる -> るうと -> とうじる -> るうれつと -> とぎれる -> るう -> うええるず -> ずばり -> りぞおとほてる -> るああ -> あいてどる -> るうる -> るみのおる -> るい -> いちず -> ずうむ -> むきず -> ずいしよ -> ようする -> るいけい -> いんふるえんざ -> ざらざら -> らじある -> るうきい -> いあわせる -> るうふ -> ふあいる -> るいせき -> きいる
minimax vs alpha_beta,minimax,alpha_beta,D10000_seed0_minimax_vs_alpha_beta_0,10000,0,first,ended_with_n,52,second,alpha_beta,る,きいる,るび,る,び,び,0.166705,False,-500000.0,4,4,True,21,6,らゔ -> ゔあいおりにすと -> といあわせる -> るうぷ -> ぷうる -> るうぶる -> るぽ -> ぽけつとさいず -> ずうむれんず -> ずるずる -> るぽるたあじゆ -> ゆきわたる -> るねつさんす -> すず -> ずれる -> るんげ -> げんぎ -> ぎざぎざ -> ざれる -> るり -> りこおる -> るいじあな -> ないる -> るうと -> とうじる -> るうれつと -> とぎれる -> るう -> うええるず -> ずばり -> りぞおとほてる -> るああ -> あいてどる -> るうる -> るみのおる -> るい -> いちず -> ずうむ -> むきず -> ずいしよ -> ようする -> るいけい -> いんふるえんざ -> ざらざら -> らじある -> るうきい -> いあわせる -> るうふ -> ふあいる -> るいせき -> きいる -> るび
minimax vs alpha_beta,minimax,alpha_beta,D10000_seed0_minimax_vs_alpha_beta_0,10000,0,first,ended_with_n,53,first,minimax,び,るび,びいぐる,び,る,る,2.00003,True,500000.0,3,2,True,,13,らゔ -> ゔあいおりにすと -> といあわせる -> るうぷ -> ぷうる -> るうぶる -> るぽ -> ぽけつとさいず -> ずうむれんず -> ずるずる -> るぽるたあじゆ -> ゆきわたる -> るねつさんす -> すず -> ずれる -> るんげ -> げんぎ -> ぎざぎざ -> ざれる -> るり -> りこおる -> るいじあな -> ないる -> るうと -> とうじる -> るうれつと -> とぎれる -> るう -> うええるず -> ずばり -> りぞおとほてる -> るああ -> あいてどる -> るうる -> るみのおる -> るい -> いちず -> ずうむ -> むきず -> ずいしよ -> ようする -> るいけい -> いんふるえんざ -> ざらざら -> らじある -> るうきい -> いあわせる -> るうふ -> ふあいる -> るいせき -> きいる -> るび -> びいぐる
minimax vs alpha_beta,minimax,alpha_beta,D10000_seed0_minimax_vs_alpha_beta_0,10000,0,first,ended_with_n,54,second,alpha_beta,る,びいぐる,るびい,る,い,い,0.003386,False,-1000000.0,4,4,True,1,5,らゔ -> ゔあいおりにすと -> といあわせる -> るうぷ -> ぷうる -> るうぶる -> るぽ -> ぽけつとさいず -> ずうむれんず -> ずるずる -> るぽるたあじゆ -> ゆきわたる -> るねつさんす -> すず -> ずれる -> るんげ -> げんぎ -> ぎざぎざ -> ざれる -> るり -> りこおる -> るいじあな -> ないる -> るうと -> とうじる -> るうれつと -> とぎれる -> るう -> うええるず -> ずばり -> りぞおとほてる -> るああ -> あいてどる -> るうる -> るみのおる -> るい -> いちず -> ずうむ -> むきず -> ずいしよ -> ようする -> るいけい -> いんふるえんざ -> ざらざら -> らじある -> るうきい -> いあわせる -> るうふ -> ふあいる -> るいせき -> きいる -> るび -> びいぐる -> るびい
minimax vs alpha_beta,minimax,alpha_beta,D10000_seed0_minimax_vs_alpha_beta_0,10000,0,first,ended_with_n,55,first,minimax,い,るびい,いからせる,い,る,る,0.059099,False,1000000.0,2,2,True,,20,らゔ -> ゔあいおりにすと -> といあわせる -> るうぷ -> ぷうる -> るうぶる -> るぽ -> ぽけつとさいず -> ずうむれんず -> ずるずる -> るぽるたあじゆ -> ゆきわたる -> るねつさんす -> すず -> ずれる -> るんげ -> げんぎ -> ぎざぎざ -> ざれる -> るり -> りこおる -> るいじあな -> ないる -> るうと -> とうじる -> るうれつと -> とぎれる -> るう -> うええるず -> ずばり -> りぞおとほてる -> るああ -> あいてどる -> るうる -> るみのおる -> るい -> いちず -> ずうむ -> むきず -> ずいしよ -> ようする -> るいけい -> いんふるえんざ -> ざらざら -> らじある -> るうきい -> いあわせる -> るうふ -> ふあいる -> るいせき -> きいる -> るび -> びいぐる -> るびい -> いからせる
minimax vs alpha_beta,minimax,alpha_beta,D10000_seed0_minimax_vs_alpha_beta_0,10000,0,first,ended_with_n,56,second,alpha_beta,る,いからせる,るいしん,る,ん,,5e-06,False,-1000000.0,4,4,True,0,4,らゔ -> ゔあいおりにすと -> といあわせる -> るうぷ -> ぷうる -> るうぶる -> るぽ -> ぽけつとさいず -> ずうむれんず -> ずるずる -> るぽるたあじゆ -> ゆきわたる -> るねつさんす -> すず -> ずれる -> るんげ -> げんぎ -> ぎざぎざ -> ざれる -> るり -> りこおる -> るいじあな -> ないる -> るうと -> とうじる -> るうれつと -> とぎれる -> るう -> うええるず -> ずばり -> りぞおとほてる -> るああ -> あいてどる -> るうる -> るみのおる -> るい -> いちず -> ずうむ -> むきず -> ずいしよ -> ようする -> るいけい -> いんふるえんざ -> ざらざら -> らじある -> るうきい -> いあわせる -> るうふ -> ふあいる -> るいせき -> きいる -> るび -> びいぐる -> るびい -> いからせる -> るいしん
monte_carlo vs random,monte_carlo,random,D10000_seed0_monte_carlo_vs_random_0,10000,0,first,ended_with_n,1,first,monte_carlo,ANY,,らゔ,ら,ゔ,ゔ,0.929161,False,0.41050000000000003,,,,,,らゔ
monte_carlo vs random,monte_carlo,random,D10000_seed0_monte_carlo_vs_random_0,10000,0,first,ended_with_n,2,second,random,ゔ,らゔ,ゔあいおりにすと,ゔ,と,と,2e-06,False,0.0,,,,,,らゔ -> ゔあいおりにすと
monte_carlo vs random,monte_carlo,random,D10000_seed0_monte_carlo_vs_random_0,10000,0,first,ended_with_n,3,first,monte_carlo,と,ゔあいおりにすと,とびおりる,と,る,る,0.930353,False,0.36000000000000004,,,,,,らゔ -> ゔあいおりにすと -> とびおりる
monte_carlo vs random,monte_carlo,random,D10000_seed0_monte_carlo_vs_random_0,10000,0,first,ended_with_n,4,second,random,る,とびおりる,るい,る,い,い,3e-06,False,0.0,,,,,,らゔ -> ゔあいおりにすと -> とびおりる -> るい
monte_carlo vs random,monte_carlo,random,D10000_seed0_monte_carlo_vs_random_0,10000,0,first,ended_with_n,5,first,monte_carlo,い,るい,いきかえる,い,る,る,0.906197,False,0.43000000000000005,,,,,,らゔ -> ゔあいおりにすと -> とびおりる -> るい -> いきかえる
monte_carlo vs random,monte_carlo,random,D10000_seed0_monte_carlo_vs_random_0,10000,0,first,ended_with_n,6,second,random,る,いきかえる,るいせき,る,き,き,3e-06,False,0.0,,,,,,らゔ -> ゔあいおりにすと -> とびおりる -> るい -> いきかえる -> るいせき
monte_carlo vs random,monte_carlo,random,D10000_seed0_monte_carlo_vs_random_0,10000,0,first,ended_with_n,7,first,monte_carlo,き,るいせき,きめる,き,る,る,0.82628,False,0.4549999999999999,,,,,,らゔ -> ゔあいおりにすと -> とびおりる -> るい -> いきかえる -> るいせき -> きめる
monte_carlo vs random,monte_carlo,random,D10000_seed0_monte_carlo_vs_random_0,10000,0,first,ended_with_n,8,second,random,る,きめる,るり,る,り,り,3e-06,False,0.0,,,,,,らゔ -> ゔあいおりにすと -> とびおりる -> るい -> いきかえる -> るいせき -> きめる -> るり
monte_carlo vs random,monte_carlo,random,D10000_seed0_monte_carlo_vs_random_0,10000,0,first,ended_with_n,9,first,monte_carlo,り,るり,りちうむ,り,む,む,0.797468,False,0.45,,,,,,らゔ -> ゔあいおりにすと -> とびおりる -> るい -> いきかえる -> るいせき -> きめる -> るり -> りちうむ
monte_carlo vs random,monte_carlo,random,D10000_seed0_monte_carlo_vs_random_0,10000,0,first,ended_with_n,10,second,random,む,りちうむ,むしば,む,ば,ば,7e-06,False,0.0,,,,,,らゔ -> ゔあいおりにすと -> とびおりる -> るい -> いきかえる -> るいせき -> きめる -> るり -> りちうむ -> むしば
monte_carlo vs random,monte_carlo,random,D10000_seed0_monte_carlo_vs_random_0,10000,0,first,ended_with_n,11,first,monte_carlo,ば,むしば,ばあちやる,ば,る,る,0.739,False,0.5199999999999999,,,,,,らゔ -> ゔあいおりにすと -> とびおりる -> るい -> いきかえる -> るいせき -> きめる -> るり -> りちうむ -> むしば -> ばあちやる
monte_carlo vs random,monte_carlo,random,D10000_seed0_monte_carlo_vs_random_0,10000,0,first,ended_with_n,12,second,random,る,ばあちやる,るうきい,る,い,い,3e-06,False,0.0,,,,,,らゔ -> ゔあいおりにすと -> とびおりる -> るい -> いきかえる -> るいせき -> きめる -> るり -> りちうむ -> むしば -> ばあちやる -> るうきい
monte_carlo vs random,monte_carlo,random,D10000_seed0_monte_carlo_vs_random_0,10000,0,first,ended_with_n,13,first,monte_carlo,い,るうきい,いすらえる,い,る,る,0.604712,False,0.62,,,,,,らゔ -> ゔあいおりにすと -> とびおりる -> るい -> いきかえる -> るいせき -> きめる -> るり -> りちうむ -> むしば -> ばあちやる -> るうきい -> いすらえる
monte_carlo vs random,monte_carlo,random,D10000_seed0_monte_carlo_vs_random_0,10000,0,first,ended_with_n,14,second,random,る,いすらえる,るみのおる,る,る,る,3e-06,False,0.0,,,,,,らゔ -> ゔあいおりにすと -> とびおりる -> るい -> いきかえる -> るいせき -> きめる -> るり -> りちうむ -> むしば -> ばあちやる -> るうきい -> いすらえる -> るみのおる
monte_carlo vs random,monte_carlo,random,D10000_seed0_monte_carlo_vs_random_0,10000,0,first,ended_with_n,15,first,monte_carlo,る,るみのおる,るぽるたあじゆ,る,ゆ,ゆ,0.458309,False,0.6,,,,,,らゔ -> ゔあいおりにすと -> とびおりる -> るい -> いきかえる -> るいせき -> きめる -> るり -> りちうむ -> むしば -> ばあちやる -> るうきい -> いすらえる -> るみのおる -> るぽるたあじゆ
monte_carlo vs random,monte_carlo,random,D10000_seed0_monte_carlo_vs_random_0,10000,0,first,ended_with_n,16,second,random,ゆ,るぽるたあじゆ,ゆるやか,ゆ,か,か,7e-06,False,0.0,,,,,,らゔ -> ゔあいおりにすと -> とびおりる -> るい -> いきかえる -> るいせき -> きめる -> るり -> りちうむ -> むしば -> ばあちやる -> るうきい -> いすらえる -> るみのおる -> るぽるたあじゆ -> ゆるやか
monte_carlo vs random,monte_carlo,random,D10000_seed0_monte_carlo_vs_random_0,10000,0,first,ended_with_n,17,first,monte_carlo,か,ゆるやか,かけつける,か,る,る,0.51765,False,0.8,,,,,,らゔ -> ゔあいおりにすと -> とびおりる -> るい -> いきかえる -> るいせき -> きめる -> るり -> りちうむ -> むしば -> ばあちやる -> るうきい -> いすらえる -> るみのおる -> るぽるたあじゆ -> ゆるやか -> かけつける
monte_carlo vs random,monte_carlo,random,D10000_seed0_monte_carlo_vs_random_0,10000,0,first,ended_with_n,18,second,random,る,かけつける,るうれつと,る,と,と,3e-06,False,0.0,,,,,,らゔ -> ゔあいおりにすと -> とびおりる -> るい -> いきかえる -> るいせき -> きめる -> るり -> りちうむ -> むしば -> ばあちやる -> るうきい -> いすらえる -> るみのおる -> るぽるたあじゆ -> ゆるやか -> かけつける -> るうれつと
monte_carlo vs random,monte_carlo,random,D10000_seed0_monte_carlo_vs_random_0,10000,0,first,ended_with_n,19,first,monte_carlo,と,るうれつと,とらべる,と,る,る,0.501283,False,0.8099999999999999,,,,,,らゔ -> ゔあいおりにすと -> とびおりる -> るい -> いきかえる -> るいせき -> きめる -> るり -> りちうむ -> むしば -> ばあちやる -> るうきい -> いすらえる -> るみのおる -> るぽるたあじゆ -> ゆるやか -> かけつける -> るうれつと -> とらべる
monte_carlo vs random,monte_carlo,random,D10000_seed0_monte_carlo_vs_random_0,10000,0,first,ended_with_n,20,second,random,る,とらべる,るび,る,び,び,3e-06,False,0.0,,,,,,らゔ -> ゔあいおりにすと -> とびおりる -> るい -> いきかえる -> るいせき -> きめる -> るり -> りちうむ -> むしば -> ばあちやる -> るうきい -> いすらえる -> るみのおる -> るぽるたあじゆ -> ゆるやか -> かけつける -> るうれつと -> とらべる -> るび
monte_carlo vs random,monte_carlo,random,D10000_seed0_monte_carlo_vs_random_0,10000,0,first,ended_with_n,21,first,monte_carlo,び,るび,びいんず,び,ず,ず,0.564456,False,0.71,,,,,,らゔ -> ゔあいおりにすと -> とびおりる -> るい -> いきかえる -> るいせき -> きめる -> るり -> りちうむ -> むしば -> ばあちやる -> るうきい -> いすらえる -> るみのおる -> るぽるたあじゆ -> ゆるやか -> かけつける -> るうれつと -> とらべる -> るび -> びいんず
monte_carlo vs random,monte_carlo,random,D10000_seed0_monte_carlo_vs_random_0,10000,0,first,ended_with_n,22,second,random,ず,びいんず,ずうずうしい,ず,い,い,4e-06,False,0.0,,,,,,らゔ -> ゔあいおりにすと -> とびおりる -> るい -> いきかえる -> るいせき -> きめる -> るり -> りちうむ -> むしば -> ばあちやる -> るうきい -> いすらえる -> るみのおる -> るぽるたあじゆ -> ゆるやか -> かけつける -> るうれつと -> とらべる -> るび -> びいんず -> ずうずうしい
monte_carlo vs random,monte_carlo,random,D10000_seed0_monte_carlo_vs_random_0,10000,0,first,ended_with_n,23,first,monte_carlo,い,ずうずうしい,いきる,い,る,る,0.521993,False,0.72,,,,,,らゔ -> ゔあいおりにすと -> とびおりる -> るい -> いきかえる -> るいせき -> きめる -> るり -> りちうむ -> むしば -> ばあちやる -> るうきい -> いすらえる -> るみのおる -> るぽるたあじゆ -> ゆるやか -> かけつける -> るうれつと -> とらべる -> るび -> びいんず -> ずうずうしい -> いきる
monte_carlo vs random,monte_carlo,random,D10000_seed0_monte_carlo_vs_random_0,10000,0,first,ended_with_n,24,second,random,る,いきる,るいけい,る,い,い,3e-06,False,0.0,,,,,,らゔ -> ゔあいおりにすと -> とびおりる -> るい -> いきかえる -> るいせき -> きめる -> るり -> りちうむ -> むしば -> ばあちやる -> るうきい -> いすらえる -> るみのおる -> るぽるたあじゆ -> ゆるやか -> かけつける -> るうれつと -> とらべる -> るび -> びいんず -> ずうずうしい -> いきる -> るいけい
monte_carlo vs random,monte_carlo,random,D10000_seed0_monte_carlo_vs_random_0,10000,0,first,ended_with_n,25,first,monte_carlo,い,るいけい,いぶにんぐ,い,ぐ,ぐ,0.471238,False,0.6950000000000001,,,,,,らゔ -> ゔあいおりにすと -> とびおりる -> るい -> いきかえる -> るいせき -> きめる -> るり -> りちうむ -> むしば -> ばあちやる -> るうきい -> いすらえる -> るみのおる -> るぽるたあじゆ -> ゆるやか -> かけつける -> るうれつと -> とらべる -> るび -> びいんず -> ずうずうしい -> いきる -> るいけい -> いぶにんぐ
monte_carlo vs random,monte_carlo,random,D10000_seed0_monte_carlo_vs_random_0,10000,0,first,ended_with_n,26,second,random,ぐ,いぶにんぐ,ぐんよう,ぐ,う,う,6e-06,False,0.0,,,,,,らゔ -> ゔあいおりにすと -> とびおりる -> るい -> いきかえる -> るいせき -> きめる -> るり -> りちうむ -> むしば -> ばあちやる -> るうきい -> いすらえる -> るみのおる -> るぽるたあじゆ -> ゆるやか -> かけつける -> るうれつと -> とらべる -> るび -> びいんず -> ずうずうしい -> いきる -> るいけい -> いぶにんぐ -> ぐんよう
monte_carlo vs random,monte_carlo,random,D10000_seed0_monte_carlo_vs_random_0,10000,0,first,ended_with_n,27,first,monte_carlo,う,ぐんよう,うぬぼれる,う,る,る,0.448565,False,0.7,,,,,,らゔ -> ゔあいおりにすと -> とびおりる -> るい -> いきかえる -> るいせき -> きめる -> るり -> りちうむ -> むしば -> ばあちやる -> るうきい -> いすらえる -> るみのおる -> るぽるたあじゆ -> ゆるやか -> かけつける -> るうれつと -> とらべる -> るび -> びいんず -> ずうずうしい -> いきる -> るいけい -> いぶにんぐ -> ぐんよう -> うぬぼれる
monte_carlo vs random,monte_carlo,random,D10000_seed0_monte_carlo_vs_random_0,10000,0,first,ended_with_n,28,second,random,る,うぬぼれる,るうぷ,る,ぷ,ぷ,4e-06,False,0.0,,,,,,らゔ -> ゔあいおりにすと -> とびおりる -> るい -> いきかえる -> るいせき -> きめる -> るり -> りちうむ -> むしば -> ばあちやる -> るうきい -> いすらえる -> るみのおる -> るぽるたあじゆ -> ゆるやか -> かけつける -> るうれつと -> とらべる -> るび -> びいんず -> ずうずうしい -> いきる -> るいけい -> いぶにんぐ -> ぐんよう -> うぬぼれる -> るうぷ
monte_carlo vs random,monte_carlo,random,D10000_seed0_monte_carlo_vs_random_0,10000,0,first,ended_with_n,29,first,monte_carlo,ぷ,るうぷ,ぷらちな,ぷ,な,な,0.386319,False,0.9,,,,,,らゔ -> ゔあいおりにすと -> とびおりる -> るい -> いきかえる -> るいせき -> きめる -> るり -> りちうむ -> むしば -> ばあちやる -> るうきい -> いすらえる -> るみのおる -> るぽるたあじゆ -> ゆるやか -> かけつける -> るうれつと -> とらべる -> るび -> びいんず -> ずうずうしい -> いきる -> るいけい -> いぶにんぐ -> ぐんよう -> うぬぼれる -> るうぷ -> ぷらちな
monte_carlo vs random,monte_carlo,random,D10000_seed0_monte_carlo_vs_random_0,10000,0,first,ended_with_n,30,second,random,な,ぷらちな,なんともいえない,な,い,い,1.6e-05,False,0.0,,,,,,らゔ -> ゔあいおりにすと -> とびおりる -> るい -> いきかえる -> るいせき -> きめる -> るり -> りちうむ -> むしば -> ばあちやる -> るうきい -> いすらえる -> るみのおる -> るぽるたあじゆ -> ゆるやか -> かけつける -> るうれつと -> とらべる -> るび -> びいんず -> ずうずうしい -> いきる -> るいけい -> いぶにんぐ -> ぐんよう -> うぬぼれる -> るうぷ -> ぷらちな -> なんともいえない
monte_carlo vs random,monte_carlo,random,D10000_seed0_monte_carlo_vs_random_0,10000,0,first,ended_with_n,31,first,monte_carlo,い,なんともいえない,いさる,い,る,る,0.336966,False,0.8,,,,,,らゔ -> ゔあいおりにすと -> とびおりる -> るい -> いきかえる -> るいせき -> きめる -> るり -> りちうむ -> むしば -> ばあちやる -> るうきい -> いすらえる -> るみのおる -> るぽるたあじゆ -> ゆるやか -> かけつける -> るうれつと -> とらべる -> るび -> びいんず -> ずうずうしい -> いきる -> るいけい -> いぶにんぐ -> ぐんよう -> うぬぼれる -> るうぷ -> ぷらちな -> なんともいえない -> いさる
monte_carlo vs random,monte_carlo,random,D10000_seed0_monte_carlo_vs_random_0,10000,0,first,ended_with_n,32,second,random,る,いさる,るぽ,る,ぽ,ぽ,3e-06,False,0.0,,,,,,らゔ -> ゔあいおりにすと -> とびおりる -> るい -> いきかえる -> るいせき -> きめる -> るり -> りちうむ -> むしば -> ばあちやる -> るうきい -> いすらえる -> るみのおる -> るぽるたあじゆ -> ゆるやか -> かけつける -> るうれつと -> とらべる -> るび -> びいんず -> ずうずうしい -> いきる -> るいけい -> いぶにんぐ -> ぐんよう -> うぬぼれる -> るうぷ -> ぷらちな -> なんともいえない -> いさる -> るぽ
monte_carlo vs random,monte_carlo,random,D10000_seed0_monte_carlo_vs_random_0,10000,0,first,ended_with_n,33,first,monte_carlo,ぽ,るぽ,ぽいんと,ぽ,と,と,0.349862,False,0.8,,,,,,らゔ -> ゔあいおりにすと -> とびおりる -> るい -> いきかえる -> るいせき -> きめる -> るり -> りちうむ -> むしば -> ばあちやる -> るうきい -> いすらえる -> るみのおる -> るぽるたあじゆ -> ゆるやか -> かけつける -> るうれつと -> とらべる -> るび -> びいんず -> ずうずうしい -> いきる -> るいけい -> いぶにんぐ -> ぐんよう -> うぬぼれる -> るうぷ -> ぷらちな -> なんともいえない -> いさる -> るぽ -> ぽいんと
monte_carlo vs random,monte_carlo,random,D10000_seed0_monte_carlo_vs_random_0,10000,0,first,ended_with_n,34,second,random,と,ぽいんと,とりつぷ,と,ぷ,ぷ,2.7e-05,False,0.0,,,,,,らゔ -> ゔあいおりにすと -> とびおりる -> るい -> いきかえる -> るいせき -> きめる -> るり -> りちうむ -> むしば -> ばあちやる -> るうきい -> いすらえる -> るみのおる -> るぽるたあじゆ -> ゆるやか -> かけつける -> るうれつと -> とらべる -> るび -> びいんず -> ずうずうしい -> いきる -> るいけい -> いぶにんぐ -> ぐんよう -> うぬぼれる -> るうぷ -> ぷらちな -> なんともいえない -> いさる -> るぽ -> ぽいんと -> とりつぷ
monte_carlo vs random,monte_carlo,random,D10000_seed0_monte_carlo_vs_random_0,10000,0,first,ended_with_n,35,first,monte_carlo,ぷ,とりつぷ,ぷらいむたいむ,ぷ,む,む,0.289488,False,0.7,,,,,,らゔ -> ゔあいおりにすと -> とびおりる -> るい -> いきかえる -> るいせき -> きめる -> るり -> りちうむ -> むしば -> ばあちやる -> るうきい -> いすらえる -> るみのおる -> るぽるたあじゆ -> ゆるやか -> かけつける -> るうれつと -> とらべる -> るび -> びいんず -> ずうずうしい -> いきる -> るいけい -> いぶにんぐ -> ぐんよう -> うぬぼれる -> るうぷ -> ぷらちな -> なんともいえない -> いさる -> るぽ -> ぽいんと -> とりつぷ -> ぷらいむたいむ
monte_carlo vs random,monte_carlo,random,D10000_seed0_monte_carlo_vs_random_0,10000,0,first,ended_with_n,36,second,random,む,ぷらいむたいむ,むうす,む,す,す,7e-06,False,0.0,,,,,,らゔ -> ゔあいおりにすと -> とびおりる -> るい -> いきかえる -> るいせき -> きめる -> るり -> りちうむ -> むしば -> ばあちやる -> るうきい -> いすらえる -> るみのおる -> るぽるたあじゆ -> ゆるやか -> かけつける -> るうれつと -> とらべる -> るび -> びいんず -> ずうずうしい -> いきる -> るいけい -> いぶにんぐ -> ぐんよう -> うぬぼれる -> るうぷ -> ぷらちな -> なんともいえない -> いさる -> るぽ -> ぽいんと -> とりつぷ -> ぷらいむたいむ -> むうす
monte_carlo vs random,monte_carlo,random,D10000_seed0_monte_carlo_vs_random_0,10000,0,first,ended_with_n,37,first,monte_carlo,す,むうす,すず,す,ず,ず,0.344213,False,0.8,,,,,,らゔ -> ゔあいおりにすと -> とびおりる -> るい -> いきかえる -> るいせき -> きめる -> るり -> りちうむ -> むしば -> ばあちやる -> るうきい -> いすらえる -> るみのおる -> るぽるたあじゆ -> ゆるやか -> かけつける -> るうれつと -> とらべる -> るび -> びいんず -> ずうずうしい -> いきる -> るいけい -> いぶにんぐ -> ぐんよう -> うぬぼれる -> るうぷ -> ぷらちな -> なんともいえない -> いさる -> るぽ -> ぽいんと -> とりつぷ -> ぷらいむたいむ -> むうす -> すず
monte_carlo vs random,monte_carlo,random,D10000_seed0_monte_carlo_vs_random_0,10000,0,first,ended_with_n,38,second,random,ず,すず,ずじよう,ず,う,う,3e-06,False,0.0,,,,,,らゔ -> ゔあいおりにすと -> とびおりる -> るい -> いきかえる -> るいせき -> きめる -> るり -> りちうむ -> むしば -> ばあちやる -> るうきい -> いすらえる -> るみのおる -> るぽるたあじゆ -> ゆるやか -> かけつける -> るうれつと -> とらべる -> るび -> びいんず -> ずうずうしい -> いきる -> るいけい -> いぶにんぐ -> ぐんよう -> うぬぼれる -> るうぷ -> ぷらちな -> なんともいえない -> いさる -> るぽ -> ぽいんと -> とりつぷ -> ぷらいむたいむ -> むうす -> すず -> ずじよう
monte_carlo vs random,monte_carlo,random,D10000_seed0_monte_carlo_vs_random_0,10000,0,first,ended_with_n,39,first,monte_carlo,う,ずじよう,うつる,う,る,る,0.304323,False,0.7,,,,,,らゔ -> ゔあいおりにすと -> とびおりる -> るい -> いきかえる -> るいせき -> きめる -> るり -> りちうむ -> むしば -> ばあちやる -> るうきい -> いすらえる -> るみのおる -> るぽるたあじゆ -> ゆるやか -> かけつける -> るうれつと -> とらべる -> るび -> びいんず -> ずうずうしい -> いきる -> るいけい -> いぶにんぐ -> ぐんよう -> うぬぼれる -> るうぷ -> ぷらちな -> なんともいえない -> いさる -> るぽ -> ぽいんと -> とりつぷ -> ぷらいむたいむ -> むうす -> すず -> ずじよう -> うつる
monte_carlo vs random,monte_carlo,random,D10000_seed0_monte_carlo_vs_random_0,10000,0,first,ended_with_n,40,second,random,る,うつる,るうふ,る,ふ,ふ,2e-06,False,0.0,,,,,,らゔ -> ゔあいおりにすと -> とびおりる -> るい -> いきかえる -> るいせき -> きめる -> るり -> りちうむ -> むしば -> ばあちやる -> るうきい -> いすらえる -> るみのおる -> るぽるたあじゆ -> ゆるやか -> かけつける -> るうれつと -> とらべる -> るび -> びいんず -> ずうずうしい -> いきる -> るいけい -> いぶにんぐ -> ぐんよう -> うぬぼれる -> るうぷ -> ぷらちな -> なんともいえない -> いさる -> るぽ -> ぽいんと -> とりつぷ -> ぷらいむたいむ -> むうす -> すず -> ずじよう -> うつる -> るうふ
monte_carlo vs random,monte_carlo,random,D10000_seed0_monte_carlo_vs_random_0,10000,0,first,ended_with_n,41,first,monte_carlo,ふ,るうふ,ふりいず,ふ,ず,ず,0.264432,False,0.8099999999999999,,,,,,らゔ -> ゔあいおりにすと -> とびおりる -> るい -> いきかえる -> るいせき -> きめる -> るり -> りちうむ -> むしば -> ばあちやる -> るうきい -> いすらえる -> るみのおる -> るぽるたあじゆ -> ゆるやか -> かけつける -> るうれつと -> とらべる -> るび -> びいんず -> ずうずうしい -> いきる -> るいけい -> いぶにんぐ -> ぐんよう -> うぬぼれる -> るうぷ -> ぷらちな -> なんともいえない -> いさる -> るぽ -> ぽいんと -> とりつぷ -> ぷらいむたいむ -> むうす -> すず -> ずじよう -> うつる -> るうふ -> ふりいず
monte_carlo vs random,monte_carlo,random,D10000_seed0_monte_carlo_vs_random_0,10000,0,first,ended_with_n,42,second,random,ず,ふりいず,ずし,ず,し,し,3e-06,False,0.0,,,,,,らゔ -> ゔあいおりにすと -> とびおりる -> るい -> いきかえる -> るいせき -> きめる -> るり -> りちうむ -> むしば -> ばあちやる -> るうきい -> いすらえる -> るみのおる -> るぽるたあじゆ -> ゆるやか -> かけつける -> るうれつと -> とらべる -> るび -> びいんず -> ずうずうしい -> いきる -> るいけい -> いぶにんぐ -> ぐんよう -> うぬぼれる -> るうぷ -> ぷらちな -> なんともいえない -> いさる -> るぽ -> ぽいんと -> とりつぷ -> ぷらいむたいむ -> むうす -> すず -> ずじよう -> うつる -> るうふ -> ふりいず -> ずし
monte_carlo vs random,monte_carlo,random,D10000_seed0_monte_carlo_vs_random_0,10000,0,first,ended_with_n,43,first,monte_carlo,し,ずし,しやあぷぺんしる,し,る,る,0.256444,False,0.8,,,,,,らゔ -> ゔあいおりにすと -> とびおりる -> るい -> いきかえる -> るいせき -> きめる -> るり -> りちうむ -> むしば -> ばあちやる -> るうきい -> いすらえる -> るみのおる -> るぽるたあじゆ -> ゆるやか -> かけつける -> るうれつと -> とらべる -> るび -> びいんず -> ずうずうしい -> いきる -> るいけい -> いぶにんぐ -> ぐんよう -> うぬぼれる -> るうぷ -> ぷらちな -> なんともいえない -> いさる -> るぽ -> ぽいんと -> とりつぷ -> ぷらいむたいむ -> むうす -> すず -> ずじよう -> うつる -> るうふ -> ふりいず -> ずし -> しやあぷぺんしる
monte_carlo vs random,monte_carlo,random,D10000_seed0_monte_carlo_vs_random_0,10000,0,first,ended_with_n,44,second,random,る,しやあぷぺんしる,るねつさんす,る,す,す,3e-06,False,0.0,,,,,,らゔ -> ゔあいおりにすと -> とびおりる -> るい -> いきかえる -> るいせき -> きめる -> るり -> りちうむ -> むしば -> ばあちやる -> るうきい -> いすらえる -> るみのおる -> るぽるたあじゆ -> ゆるやか -> かけつける -> るうれつと -> とらべる -> るび -> びいんず -> ずうずうしい -> いきる -> るいけい -> いぶにんぐ -> ぐんよう -> うぬぼれる -> るうぷ -> ぷらちな -> なんともいえない -> いさる -> るぽ -> ぽいんと -> とりつぷ -> ぷらいむたいむ -> むうす -> すず -> ずじよう -> うつる -> るうふ -> ふりいず -> ずし -> しやあぷぺんしる -> るねつさんす
monte_carlo vs random,monte_carlo,random,D10000_seed0_monte_carlo_vs_random_0,10000,0,first,ended_with_n,45,first,monte_carlo,す,るねつさんす,すこおぷ,す,ぷ,ぷ,0.230517,False,0.7,,,,,,らゔ -> ゔあいおりにすと -> とびおりる -> るい -> いきかえる -> るいせき -> きめる -> るり -> りちうむ -> むしば -> ばあちやる -> るうきい -> いすらえる -> るみのおる -> るぽるたあじゆ -> ゆるやか -> かけつける -> るうれつと -> とらべる -> るび -> びいんず -> ずうずうしい -> いきる -> るいけい -> いぶにんぐ -> ぐんよう -> うぬぼれる -> るうぷ -> ぷらちな -> なんともいえない -> いさる -> るぽ -> ぽいんと -> とりつぷ -> ぷらいむたいむ -> むうす -> すず -> ずじよう -> うつる -> るうふ -> ふりいず -> ずし -> しやあぷぺんしる -> るねつさんす -> すこおぷ
monte_carlo vs random,monte_carlo,random,D10000_seed0_monte_carlo_vs_random_0,10000,0,first,ended_with_n,46,second,random,ぷ,すこおぷ,ぷろぐらむ,ぷ,む,む,4e-06,False,0.0,,,,,,らゔ -> ゔあいおりにすと -> とびおりる -> るい -> いきかえる -> るいせき -> きめる -> るり -> りちうむ -> むしば -> ばあちやる -> るうきい -> いすらえる -> るみのおる -> るぽるたあじゆ -> ゆるやか -> かけつける -> るうれつと -> とらべる -> るび -> びいんず -> ずうずうしい -> いきる -> るいけい -> いぶにんぐ -> ぐんよう -> うぬぼれる -> るうぷ -> ぷらちな -> なんともいえない -> いさる -> るぽ -> ぽいんと -> とりつぷ -> ぷらいむたいむ -> むうす -> すず -> ずじよう -> うつる -> るうふ -> ふりいず -> ずし -> しやあぷぺんしる -> るねつさんす -> すこおぷ -> ぷろぐらむ
monte_carlo vs random,monte_carlo,random,D10000_seed0_monte_carlo_vs_random_0,10000,0,first,ended_with_n,47,first,monte_carlo,む,ぷろぐらむ,むれる,む,る,る,0.247822,False,0.8,,,,,,らゔ -> ゔあいおりにすと -> とびおりる -> るい -> いきかえる -> るいせき -> きめる -> るり -> りちうむ -> むしば -> ばあちやる -> るうきい -> いすらえる -> るみのおる -> るぽるたあじゆ -> ゆるやか -> かけつける -> るうれつと -> とらべる -> るび -> びいんず -> ずうずうしい -> いきる -> るいけい -> いぶにんぐ -> ぐんよう -> うぬぼれる -> るうぷ -> ぷらちな -> なんともいえない -> いさる -> るぽ -> ぽいんと -> とりつぷ -> ぷらいむたいむ -> むうす -> すず -> ずじよう -> うつる -> るうふ -> ふりいず -> ずし -> しやあぷぺんしる -> るねつさんす -> すこおぷ -> ぷろぐらむ -> むれる
monte_carlo vs random,monte_carlo,random,D10000_seed0_monte_carlo_vs_random_0,10000,0,first,ended_with_n,48,second,random,る,むれる,るびい,る,い,い,2e-06,False,0.0,,,,,,らゔ -> ゔあいおりにすと -> とびおりる -> るい -> いきかえる -> るいせき -> きめる -> るり -> りちうむ -> むしば -> ばあちやる -> るうきい -> いすらえる -> るみのおる -> るぽるたあじゆ -> ゆるやか -> かけつける -> るうれつと -> とらべる -> るび -> びいんず -> ずうずうしい -> いきる -> るいけい -> いぶにんぐ -> ぐんよう -> うぬぼれる -> るうぷ -> ぷらちな -> なんともいえない -> いさる -> るぽ -> ぽいんと -> とりつぷ -> ぷらいむたいむ -> むうす -> すず -> ずじよう -> うつる -> るうふ -> ふりいず -> ずし -> しやあぷぺんしる -> るねつさんす -> すこおぷ -> ぷろぐらむ -> むれる -> るびい
monte_carlo vs random,monte_carlo,random,D10000_seed0_monte_carlo_vs_random_0,10000,0,first,ended_with_n,49,first,monte_carlo,い,るびい,いんぺりある,い,る,る,0.180978,False,0.9,,,,,,らゔ -> ゔあいおりにすと -> とびおりる -> るい -> いきかえる -> るいせき -> きめる -> るり -> りちうむ -> むしば -> ばあちやる -> るうきい -> いすらえる -> るみのおる -> るぽるたあじゆ -> ゆるやか -> かけつける -> るうれつと -> とらべる -> るび -> びいんず -> ずうずうしい -> いきる -> るいけい -> いぶにんぐ -> ぐんよう -> うぬぼれる -> るうぷ -> ぷらちな -> なんともいえない -> いさる -> るぽ -> ぽいんと -> とりつぷ -> ぷらいむたいむ -> むうす -> すず -> ずじよう -> うつる -> るうふ -> ふりいず -> ずし -> しやあぷぺんしる -> るねつさんす -> すこおぷ -> ぷろぐらむ -> むれる -> るびい -> いんぺりある
monte_carlo vs random,monte_carlo,random,D10000_seed0_monte_carlo_vs_random_0,10000,0,first,ended_with_n,50,second,random,る,いんぺりある,るうる,る,る,る,2e-06,False,0.0,,,,,,らゔ -> ゔあいおりにすと -> とびおりる -> るい -> いきかえる -> るいせき -> きめる -> るり -> りちうむ -> むしば -> ばあちやる -> るうきい -> いすらえる -> るみのおる -> るぽるたあじゆ -> ゆるやか -> かけつける -> るうれつと -> とらべる -> るび -> びいんず -> ずうずうしい -> いきる -> るいけい -> いぶにんぐ -> ぐんよう -> うぬぼれる -> るうぷ -> ぷらちな -> なんともいえない -> いさる -> るぽ -> ぽいんと -> とりつぷ -> ぷらいむたいむ -> むうす -> すず -> ずじよう -> うつる -> るうふ -> ふりいず -> ずし -> しやあぷぺんしる -> るねつさんす -> すこおぷ -> ぷろぐらむ -> むれる -> るびい -> いんぺりある -> るうる
monte_carlo vs random,monte_carlo,random,D10000_seed0_monte_carlo_vs_random_0,10000,0,first,ended_with_n,51,first,monte_carlo,る,るうる,るう,る,う,う,0.051288,False,0.7,,,,,,らゔ -> ゔあいおりにすと -> とびおりる -> るい -> いきかえる -> るいせき -> きめる -> るり -> りちうむ -> むしば -> ばあちやる -> るうきい -> いすらえる -> るみのおる -> るぽるたあじゆ -> ゆるやか -> かけつける -> るうれつと -> とらべる -> るび -> びいんず -> ずうずうしい -> いきる -> るいけい -> いぶにんぐ -> ぐんよう -> うぬぼれる -> るうぷ -> ぷらちな -> なんともいえない -> いさる -> るぽ -> ぽいんと -> とりつぷ -> ぷらいむたいむ -> むうす -> すず -> ずじよう -> うつる -> るうふ -> ふりいず -> ずし -> しやあぷぺんしる -> るねつさんす -> すこおぷ -> ぷろぐらむ -> むれる -> るびい -> いんぺりある -> るうる -> るう
monte_carlo vs random,monte_carlo,random,D10000_seed0_monte_carlo_vs_random_0,10000,0,first,ended_with_n,52,second,random,う,るう,うぶだし,う,し,し,1e-05,False,0.0,,,,,,らゔ -> ゔあいおりにすと -> とびおりる -> るい -> いきかえる -> るいせき -> きめる -> るり -> りちうむ -> むしば -> ばあちやる -> るうきい -> いすらえる -> るみのおる -> るぽるたあじゆ -> ゆるやか -> かけつける -> るうれつと -> とらべる -> るび -> びいんず -> ずうずうしい -> いきる -> るいけい -> いぶにんぐ -> ぐんよう -> うぬぼれる -> るうぷ -> ぷらちな -> なんともいえない -> いさる -> るぽ -> ぽいんと -> とりつぷ -> ぷらいむたいむ -> むうす -> すず -> ずじよう -> うつる -> るうふ -> ふりいず -> ずし -> しやあぷぺんしる -> るねつさんす -> すこおぷ -> ぷろぐらむ -> むれる -> るびい -> いんぺりある -> るうる -> るう -> うぶだし
monte_carlo vs random,monte_carlo,random,D10000_seed0_monte_carlo_vs_random_0,10000,0,first,ended_with_n,53,first,monte_carlo,し,うぶだし,しまる,し,る,る,0.136947,False,0.9,,,,,,らゔ -> ゔあいおりにすと -> とびおりる -> るい -> いきかえる -> るいせき -> きめる -> るり -> りちうむ -> むしば -> ばあちやる -> るうきい -> いすらえる -> るみのおる -> るぽるたあじゆ -> ゆるやか -> かけつける -> るうれつと -> とらべる -> るび -> びいんず -> ずうずうしい -> いきる -> るいけい -> いぶにんぐ -> ぐんよう -> うぬぼれる -> るうぷ -> ぷらちな -> なんともいえない -> いさる -> るぽ -> ぽいんと -> とりつぷ -> ぷらいむたいむ -> むうす -> すず -> ずじよう -> うつる -> るうふ -> ふりいず -> ずし -> しやあぷぺんしる -> るねつさんす -> すこおぷ -> ぷろぐらむ -> むれる -> るびい -> いんぺりある -> るうる -> るう -> うぶだし -> しまる
monte_carlo vs random,monte_carlo,random,D10000_seed0_monte_carlo_vs_random_0,10000,0,first,ended_with_n,54,second,random,る,しまる,るうと,る,と,と,2e-06,False,0.0,,,,,,らゔ -> ゔあいおりにすと -> とびおりる -> るい -> いきかえる -> るいせき -> きめる -> るり -> りちうむ -> むしば -> ばあちやる -> るうきい -> いすらえる -> るみのおる -> るぽるたあじゆ -> ゆるやか -> かけつける -> るうれつと -> とらべる -> るび -> びいんず -> ずうずうしい -> いきる -> るいけい -> いぶにんぐ -> ぐんよう -> うぬぼれる -> るうぷ -> ぷらちな -> なんともいえない -> いさる -> るぽ -> ぽいんと -> とりつぷ -> ぷらいむたいむ -> むうす -> すず -> ずじよう -> うつる -> るうふ -> ふりいず -> ずし -> しやあぷぺんしる -> るねつさんす -> すこおぷ -> ぷろぐらむ -> むれる -> るびい -> いんぺりある -> るうる -> るう -> うぶだし -> しまる -> るうと
monte_carlo vs random,monte_carlo,random,D10000_seed0_monte_carlo_vs_random_0,10000,0,first,ended_with_n,55,first,monte_carlo,と,るうと,とじこもる,と,る,る,0.103872,False,0.7,,,,,,らゔ -> ゔあいおりにすと -> とびおりる -> るい -> いきかえる -> るいせき -> きめる -> るり -> りちうむ -> むしば -> ばあちやる -> るうきい -> いすらえる -> るみのおる -> るぽるたあじゆ -> ゆるやか -> かけつける -> るうれつと -> とらべる -> るび -> びいんず -> ずうずうしい -> いきる -> るいけい -> いぶにんぐ -> ぐんよう -> うぬぼれる -> るうぷ -> ぷらちな -> なんともいえない -> いさる -> るぽ -> ぽいんと -> とりつぷ -> ぷらいむたいむ -> むうす -> すず -> ずじよう -> うつる -> るうふ -> ふりいず -> ずし -> しやあぷぺんしる -> るねつさんす -> すこおぷ -> ぷろぐらむ -> むれる -> るびい -> いんぺりある -> るうる -> るう -> うぶだし -> しまる -> るうと -> とじこもる
monte_carlo vs random,monte_carlo,random,D10000_seed0_monte_carlo_vs_random_0,10000,0,first,ended_with_n,56,second,random,る,とじこもる,るいじあな,る,な,な,2e-06,False,0.0,,,,,,らゔ -> ゔあいおりにすと -> とびおりる -> るい -> いきかえる -> るいせき -> きめる -> るり -> りちうむ -> むしば -> ばあちやる -> るうきい -> いすらえる -> るみのおる -> るぽるたあじゆ -> ゆるやか -> かけつける -> るうれつと -> とらべる -> るび -> びいんず -> ずうずうしい -> いきる -> るいけい -> いぶにんぐ -> ぐんよう -> うぬぼれる -> るうぷ -> ぷらちな -> なんともいえない -> いさる -> るぽ -> ぽいんと -> とりつぷ -> ぷらいむたいむ -> むうす -> すず -> ずじよう -> うつる -> るうふ -> ふりいず -> ずし -> しやあぷぺんしる -> るねつさんす -> すこおぷ -> ぷろぐらむ -> むれる -> るびい -> いんぺりある -> るうる -> るう -> うぶだし -> しまる -> るうと -> とじこもる -> るいじあな
monte_carlo vs random,monte_carlo,random,D10000_seed0_monte_carlo_vs_random_0,10000,0,first,ended_with_n,57,first,monte_carlo,な,るいじあな,ないる,な,る,る,0.081094,False,0.8,,,,,,らゔ -> ゔあいおりにすと -> とびおりる -> るい -> いきかえる -> るいせき -> きめる -> るり -> りちうむ -> むしば -> ばあちやる -> るうきい -> いすらえる -> るみのおる -> るぽるたあじゆ -> ゆるやか -> かけつける -> るうれつと -> とらべる -> るび -> びいんず -> ずうずうしい -> いきる -> るいけい -> いぶにんぐ -> ぐんよう -> うぬぼれる -> るうぷ -> ぷらちな -> なんともいえない -> いさる -> るぽ -> ぽいんと -> とりつぷ -> ぷらいむたいむ -> むうす -> すず -> ずじよう -> うつる -> るうふ -> ふりいず -> ずし -> しやあぷぺんしる -> るねつさんす -> すこおぷ -> ぷろぐらむ -> むれる -> るびい -> いんぺりある -> るうる -> るう -> うぶだし -> しまる -> るうと -> とじこもる -> るいじあな -> ないる
monte_carlo vs random,monte_carlo,random,D10000_seed0_monte_carlo_vs_random_0,10000,0,first,ended_with_n,58,second,random,る,ないる,るうぶる,る,る,る,2e-06,False,0.0,,,,,,らゔ -> ゔあいおりにすと -> とびおりる -> るい -> いきかえる -> るいせき -> きめる -> るり -> りちうむ -> むしば -> ばあちやる -> るうきい -> いすらえる -> るみのおる -> るぽるたあじゆ -> ゆるやか -> かけつける -> るうれつと -> とらべる -> るび -> びいんず -> ずうずうしい -> いきる -> るいけい -> いぶにんぐ -> ぐんよう -> うぬぼれる -> るうぷ -> ぷらちな -> なんともいえない -> いさる -> るぽ -> ぽいんと -> とりつぷ -> ぷらいむたいむ -> むうす -> すず -> ずじよう -> うつる -> るうふ -> ふりいず -> ずし -> しやあぷぺんしる -> るねつさんす -> すこおぷ -> ぷろぐらむ -> むれる -> るびい -> いんぺりある -> るうる -> るう -> うぶだし -> しまる -> るうと -> とじこもる -> るいじあな -> ないる -> るうぶる
monte_carlo vs random,monte_carlo,random,D10000_seed0_monte_carlo_vs_random_0,10000,0,first,ended_with_n,59,first,monte_carlo,る,るうぶる,るああ,る,あ,あ,0.008224,False,0.6,,,,,,らゔ -> ゔあいおりにすと -> とびおりる -> るい -> いきかえる -> るいせき -> きめる -> るり -> りちうむ -> むしば -> ばあちやる -> るうきい -> いすらえる -> るみのおる -> るぽるたあじゆ -> ゆるやか -> かけつける -> るうれつと -> とらべる -> るび -> びいんず -> ずうずうしい -> いきる -> るいけい -> いぶにんぐ -> ぐんよう -> うぬぼれる -> るうぷ -> ぷらちな -> なんともいえない -> いさる -> るぽ -> ぽいんと -> とりつぷ -> ぷらいむたいむ -> むうす -> すず -> ずじよう -> うつる -> るうふ -> ふりいず -> ずし -> しやあぷぺんしる -> るねつさんす -> すこおぷ -> ぷろぐらむ -> むれる -> るびい -> いんぺりある -> るうる -> るう -> うぶだし -> しまる -> るうと -> とじこもる -> るいじあな -> ないる -> るうぶる -> るああ
monte_carlo vs random,monte_carlo,random,D10000_seed0_monte_carlo_vs_random_0,10000,0,first,ended_with_n,60,second,random,あ,るああ,あなりすと,あ,と,と,1.9e-05,False,0.0,,,,,,らゔ -> ゔあいおりにすと -> とびおりる -> るい -> いきかえる -> るいせき -> きめる -> るり -> りちうむ -> むしば -> ばあちやる -> るうきい -> いすらえる -> るみのおる -> るぽるたあじゆ -> ゆるやか -> かけつける -> るうれつと -> とらべる -> るび -> びいんず -> ずうずうしい -> いきる -> るいけい -> いぶにんぐ -> ぐんよう -> うぬぼれる -> るうぷ -> ぷらちな -> なんともいえない -> いさる -> るぽ -> ぽいんと -> とりつぷ -> ぷらいむたいむ -> むうす -> すず -> ずじよう -> うつる -> るうふ -> ふりいず -> ずし -> しやあぷぺんしる -> るねつさんす -> すこおぷ -> ぷろぐらむ -> むれる -> るびい -> いんぺりある -> るうる -> るう -> うぶだし -> しまる -> るうと -> とじこもる -> るいじあな -> ないる -> るうぶる -> るああ -> あなりすと
monte_carlo vs random,monte_carlo,random,D10000_seed0_monte_carlo_vs_random_0,10000,0,first,ended_with_n,61,first,monte_carlo,と,あなりすと,ととのえる,と,る,る,0.03946,False,0.8,,,,,,らゔ -> ゔあいおりにすと -> とびおりる -> るい -> いきかえる -> るいせき -> きめる -> るり -> りちうむ -> むしば -> ばあちやる -> るうきい -> いすらえる -> るみのおる -> るぽるたあじゆ -> ゆるやか -> かけつける -> るうれつと -> とらべる -> るび -> びいんず -> ずうずうしい -> いきる -> るいけい -> いぶにんぐ -> ぐんよう -> うぬぼれる -> るうぷ -> ぷらちな -> なんともいえない -> いさる -> るぽ -> ぽいんと -> とりつぷ -> ぷらいむたいむ -> むうす -> すず -> ずじよう -> うつる -> るうふ -> ふりいず -> ずし -> しやあぷぺんしる -> るねつさんす -> すこおぷ -> ぷろぐらむ -> むれる -> るびい -> いんぺりある -> るうる -> るう -> うぶだし -> しまる -> るうと -> とじこもる -> るいじあな -> ないる -> るうぶる -> るああ -> あなりすと -> ととのえる
monte_carlo vs random,monte_carlo,random,D10000_seed0_monte_carlo_vs_random_0,10000,0,first,ended_with_n,62,second,random,る,ととのえる,るんげ,る,げ,げ,2e-06,False,0.0,,,,,,らゔ -> ゔあいおりにすと -> とびおりる -> るい -> いきかえる -> るいせき -> きめる -> るり -> りちうむ -> むしば -> ばあちやる -> るうきい -> いすらえる -> るみのおる -> るぽるたあじゆ -> ゆるやか -> かけつける -> るうれつと -> とらべる -> るび -> びいんず -> ずうずうしい -> いきる -> るいけい -> いぶにんぐ -> ぐんよう -> うぬぼれる -> るうぷ -> ぷらちな -> なんともいえない -> いさる -> るぽ -> ぽいんと -> とりつぷ -> ぷらいむたいむ -> むうす -> すず -> ずじよう -> うつる -> るうふ -> ふりいず -> ずし -> しやあぷぺんしる -> るねつさんす -> すこおぷ -> ぷろぐらむ -> むれる -> るびい -> いんぺりある -> るうる -> るう -> うぶだし -> しまる -> るうと -> とじこもる -> るいじあな -> ないる -> るうぶる -> るああ -> あなりすと -> ととのえる -> るんげ
monte_carlo vs random,monte_carlo,random,D10000_seed0_monte_carlo_vs_random_0,10000,0,first,ended_with_n,63,first,monte_carlo,げ,るんげ,げえとぼおる,げ,る,る,0.031939,False,1.0,,,,,,らゔ -> ゔあいおりにすと -> とびおりる -> るい -> いきかえる -> るいせき -> きめる -> るり -> りちうむ -> むしば -> ばあちやる -> るうきい -> いすらえる -> るみのおる -> るぽるたあじゆ -> ゆるやか -> かけつける -> るうれつと -> とらべる -> るび -> びいんず -> ずうずうしい -> いきる -> るいけい -> いぶにんぐ -> ぐんよう -> うぬぼれる -> るうぷ -> ぷらちな -> なんともいえない -> いさる -> るぽ -> ぽいんと -> とりつぷ -> ぷらいむたいむ -> むうす -> すず -> ずじよう -> うつる -> るうふ -> ふりいず -> ずし -> しやあぷぺんしる -> るねつさんす -> すこおぷ -> ぷろぐらむ -> むれる -> るびい -> いんぺりある -> るうる -> るう -> うぶだし -> しまる -> るうと -> とじこもる -> るいじあな -> ないる -> るうぶる -> るああ -> あなりすと -> ととのえる -> るんげ -> げえとぼおる
monte_carlo vs random,monte_carlo,random,D10000_seed0_monte_carlo_vs_random_0,10000,0,first,ended_with_n,64,second,random,る,げえとぼおる,るうちん,る,ん,,2e-06,False,0.0,,,,,,らゔ -> ゔあいおりにすと -> とびおりる -> るい -> いきかえる -> るいせき -> きめる -> るり -> りちうむ -> むしば -> ばあちやる -> るうきい -> いすらえる -> るみのおる -> るぽるたあじゆ -> ゆるやか -> かけつける -> るうれつと -> とらべる -> るび -> びいんず -> ずうずうしい -> いきる -> るいけい -> いぶにんぐ -> ぐんよう -> うぬぼれる -> るうぷ -> ぷらちな -> なんともいえない -> いさる -> るぽ -> ぽいんと -> とりつぷ -> ぷらいむたいむ -> むうす -> すず -> ずじよう -> うつる -> るうふ -> ふりいず -> ずし -> しやあぷぺんしる -> るねつさんす -> すこおぷ -> ぷろぐらむ -> むれる -> るびい -> いんぺりある -> るうる -> るう -> うぶだし -> しまる -> るうと -> とじこもる -> るいじあな -> ないる -> るうぶる -> るああ -> あなりすと -> ととのえる -> るんげ -> げえとぼおる -> るうちん
monte_carlo vs greedy,monte_carlo,greedy,D10000_seed0_monte_carlo_vs_greedy_0,10000,0,second,ended_with_n,1,first,monte_carlo,ANY,,らゔ,ら,ゔ,ゔ,0.919981,False,0.41050000000000003,,,,,,らゔ
monte_carlo vs greedy,monte_carlo,greedy,D10000_seed0_monte_carlo_vs_greedy_0,10000,0,second,ended_with_n,2,second,greedy,ゔ,らゔ,ゔあいおりにすと,ゔ,と,と,3.5e-05,False,-4990.0,,,,,2,らゔ -> ゔあいおりにすと
monte_carlo vs greedy,monte_carlo,greedy,D10000_seed0_monte_carlo_vs_greedy_0,10000,0,second,ended_with_n,3,first,monte_carlo,と,ゔあいおりにすと,とびおりる,と,る,る,1.045098,False,0.36000000000000004,,,,,,らゔ -> ゔあいおりにすと -> とびおりる
monte_carlo vs greedy,monte_carlo,greedy,D10000_seed0_monte_carlo_vs_greedy_0,10000,0,second,ended_with_n,4,second,greedy,る,とびおりる,るうぶる,る,る,る,0.000294,False,-510.0,,,,,25,らゔ -> ゔあいおりにすと -> とびおりる -> るうぶる
monte_carlo vs greedy,monte_carlo,greedy,D10000_seed0_monte_carlo_vs_greedy_0,10000,0,second,ended_with_n,5,first,monte_carlo,る,るうぶる,るい,る,い,い,0.914123,False,0.45,,,,,,らゔ -> ゔあいおりにすと -> とびおりる -> るうぶる -> るい
monte_carlo vs greedy,monte_carlo,greedy,D10000_seed0_monte_carlo_vs_greedy_0,10000,0,second,ended_with_n,6,second,greedy,い,るい,いちず,い,ず,ず,0.003624,False,-443.0,,,,,285,らゔ -> ゔあいおりにすと -> とびおりる -> るうぶる -> るい -> いちず
monte_carlo vs greedy,monte_carlo,greedy,D10000_seed0_monte_carlo_vs_greedy_0,10000,0,second,ended_with_n,7,first,monte_carlo,ず,いちず,ずるずる,ず,る,る,0.792569,False,0.43999999999999984,,,,,,らゔ -> ゔあいおりにすと -> とびおりる -> るうぶる -> るい -> いちず -> ずるずる
monte_carlo vs greedy,monte_carlo,greedy,D10000_seed0_monte_carlo_vs_greedy_0,10000,0,second,ended_with_n,8,second,greedy,る,ずるずる,るみのおる,る,る,る,0.000314,False,-464.0,,,,,23,らゔ -> ゔあいおりにすと -> とびおりる -> るうぶる -> るい -> いちず -> ずるずる -> るみのおる
monte_carlo vs greedy,monte_carlo,greedy,D10000_seed0_monte_carlo_vs_greedy_0,10000,0,second,ended_with_n,9,first,monte_carlo,る,るみのおる,るうふ,る,ふ,ふ,0.812806,False,0.36000000000000004,,,,,,らゔ -> ゔあいおりにすと -> とびおりる -> るうぶる -> るい -> いちず -> ずるずる -> るみのおる -> るうふ
monte_carlo vs greedy,monte_carlo,greedy,D10000_seed0_monte_carlo_vs_greedy_0,10000,0,second,ended_with_n,10,second,greedy,ふ,るうふ,ふりいず,ふ,ず,ず,0.003741,False,-420.0,,,,,286,らゔ -> ゔあいおりにすと -> とびおりる -> るうぶる -> るい -> いちず -> ずるずる -> るみのおる -> るうふ -> ふりいず
monte_carlo vs greedy,monte_carlo,greedy,D10000_seed0_monte_carlo_vs_greedy_0,10000,0,second,ended_with_n,11,first,monte_carlo,ず,ふりいず,ずいいち,ず,ち,ち,0.601392,False,0.51,,,,,,らゔ -> ゔあいおりにすと -> とびおりる -> るうぶる -> るい -> いちず -> ずるずる -> るみのおる -> るうふ -> ふりいず -> ずいいち
monte_carlo vs greedy,monte_carlo,greedy,D10000_seed0_monte_carlo_vs_greedy_0,10000,0,second,ended_with_n,12,second,greedy,ち,ずいいち,ちやおず,ち,ず,ず,0.002672,False,-397.0,,,,,223,らゔ -> ゔあいおりにすと -> とびおりる -> るうぶる -> るい -> いちず -> ずるずる -> るみのおる -> るうふ -> ふりいず -> ずいいち -> ちやおず
monte_carlo vs greedy,monte_carlo,greedy,D10000_seed0_monte_carlo_vs_greedy_0,10000,0,second,ended_with_n,13,first,monte_carlo,ず,ちやおず,ずれる,ず,る,る,0.630456,False,0.6,,,,,,らゔ -> ゔあいおりにすと -> とびおりる -> るうぶる -> るい -> いちず -> ずるずる -> るみのおる -> るうふ -> ふりいず -> ずいいち -> ちやおず -> ずれる
monte_carlo vs greedy,monte_carlo,greedy,D10000_seed0_monte_carlo_vs_greedy_0,10000,0,second,ended_with_n,14,second,greedy,る,ずれる,るうる,る,る,る,0.00025,False,-418.0,,,,,21,らゔ -> ゔあいおりにすと -> とびおりる -> るうぶる -> るい -> いちず -> ずるずる -> るみのおる -> るうふ -> ふりいず -> ずいいち -> ちやおず -> ずれる -> るうる
monte_carlo vs greedy,monte_carlo,greedy,D10000_seed0_monte_carlo_vs_greedy_0,10000,0,second,ended_with_n,15,first,monte_carlo,る,るうる,るうきい,る,い,い,0.611438,False,0.43499999999999994,,,,,,らゔ -> ゔあいおりにすと -> とびおりる -> るうぶる -> るい -> いちず -> ずるずる -> るみのおる -> るうふ -> ふりいず -> ずいいち -> ちやおず -> ずれる -> るうる -> るうきい
monte_carlo vs greedy,monte_carlo,greedy,D10000_seed0_monte_carlo_vs_greedy_0,10000,0,second,ended_with_n,16,second,greedy,い,るうきい,いきかえる,い,る,る,0.00353,False,-395.0,,,,,284,らゔ -> ゔあいおりにすと -> とびおりる -> るうぶる -> るい -> いちず -> ずるずる -> るみのおる -> るうふ -> ふりいず -> ずいいち -> ちやおず -> ずれる -> るうる -> るうきい -> いきかえる
monte_carlo vs greedy,monte_carlo,greedy,D10000_seed0_monte_carlo_vs_greedy_0,10000,0,second,ended_with_n,17,first,monte_carlo,る,いきかえる,るうと,る,と,と,0.539818,False,0.43,,,,,,らゔ -> ゔあいおりにすと -> とびおりる -> るうぶる -> るい -> いちず -> ずるずる -> るみのおる -> るうふ -> ふりいず -> ずいいち -> ちやおず -> ずれる -> るうる -> るうきい -> いきかえる -> るうと
monte_carlo vs greedy,monte_carlo,greedy,D10000_seed0_monte_carlo_vs_greedy_0,10000,0,second,ended_with_n,18,second,greedy,と,るうと,とりしまる,と,る,る,0.002576,False,-372.0,,,,,226,らゔ -> ゔあいおりにすと -> とびおりる -> るうぶる -> るい -> いちず -> ずるずる -> るみのおる -> るうふ -> ふりいず -> ずいいち -> ちやおず -> ずれる -> るうる -> るうきい -> いきかえる -> るうと -> とりしまる
monte_carlo vs greedy,monte_carlo,greedy,D10000_seed0_monte_carlo_vs_greedy_0,10000,0,second,ended_with_n,19,first,monte_carlo,る,とりしまる,るああ,る,あ,あ,0.461034,False,0.64,,,,,,らゔ -> ゔあいおりにすと -> とびおりる -> るうぶる -> るい -> いちず -> ずるずる -> るみのおる -> るうふ -> ふりいず -> ずいいち -> ちやおず -> ずれる -> るうる -> るうきい -> いきかえる -> るうと -> とりしまる -> るああ
monte_carlo vs greedy,monte_carlo,greedy,D10000_seed0_monte_carlo_vs_greedy_0,10000,0,second,ended_with_n,20,second,greedy,あ,るああ,あきる,あ,る,る,0.004417,False,-349.0,,,,,317,らゔ -> ゔあいおりにすと -> とびおりる -> るうぶる -> るい -> いちず -> ずるずる -> るみのおる -> るうふ -> ふりいず -> ずいいち -> ちやおず -> ずれる -> るうる -> るうきい -> いきかえる -> るうと -> とりしまる -> るああ -> あきる
monte_carlo vs greedy,monte_carlo,greedy,D10000_seed0_monte_carlo_vs_greedy_0,10000,0,second,ended_with_n,21,first,monte_carlo,る,あきる,るうれつと,る,と,と,0.402408,False,0.71,,,,,,らゔ -> ゔあいおりにすと -> とびおりる -> るうぶる -> るい -> いちず -> ずるずる -> るみのおる -> るうふ -> ふりいず -> ずいいち -> ちやおず -> ずれる -> るうる -> るうきい -> いきかえる -> るうと -> とりしまる -> るああ -> あきる -> るうれつと
monte_carlo vs greedy,monte_carlo,greedy,D10000_seed0_monte_carlo_vs_greedy_0,10000,0,second,ended_with_n,22,second,greedy,と,るうれつと,とらえる,と,る,る,0.002668,False,-326.0,,,,,225,らゔ -> ゔあいおりにすと -> とびおりる -> るうぶる -> るい -> いちず -> ずるずる -> るみのおる -> るうふ -> ふりいず -> ずいいち -> ちやおず -> ずれる -> るうる -> るうきい -> いきかえる -> るうと -> とりしまる -> るああ -> あきる -> るうれつと -> とらえる
monte_carlo vs greedy,monte_carlo,greedy,D10000_seed0_monte_carlo_vs_greedy_0,10000,0,second,ended_with_n,23,first,monte_carlo,る,とらえる,るり,る,り,り,0.319741,False,0.6199999999999999,,,,,,らゔ -> ゔあいおりにすと -> とびおりる -> るうぶる -> るい -> いちず -> ずるずる -> るみのおる -> るうふ -> ふりいず -> ずいいち -> ちやおず -> ずれる -> るうる -> るうきい -> いきかえる -> るうと -> とりしまる -> るああ -> あきる -> るうれつと -> とらえる -> るり
monte_carlo vs greedy,monte_carlo,greedy,D10000_seed0_monte_carlo_vs_greedy_0,10000,0,second,ended_with_n,24,second,greedy,り,るり,りぞおとほてる,り,る,る,0.001773,False,-303.0,,,,,145,らゔ -> ゔあいおりにすと -> とびおりる -> るうぶる -> るい -> いちず -> ずるずる -> るみのおる -> るうふ -> ふりいず -> ずいいち -> ちやおず -> ずれる -> るうる -> るうきい -> いきかえる -> るうと -> とりしまる -> るああ -> あきる -> るうれつと -> とらえる -> るり -> りぞおとほてる
monte_carlo vs greedy,monte_carlo,greedy,D10000_seed0_monte_carlo_vs_greedy_0,10000,0,second,ended_with_n,25,first,monte_carlo,る,りぞおとほてる,るびい,る,い,い,0.219041,False,0.7,,,,,,らゔ -> ゔあいおりにすと -> とびおりる -> るうぶる -> るい -> いちず -> ずるずる -> るみのおる -> るうふ -> ふりいず -> ずいいち -> ちやおず -> ずれる -> るうる -> るうきい -> いきかえる -> るうと -> とりしまる -> るああ -> あきる -> るうれつと -> とらえる -> るり -> りぞおとほてる -> るびい
monte_carlo vs greedy,monte_carlo,greedy,D10000_seed0_monte_carlo_vs_greedy_0,10000,0,second,ended_with_n,26,second,greedy,い,るびい,いさる,い,る,る,0.003417,False,-280.0,,,,,283,らゔ -> ゔあいおりにすと -> とびおりる -> るうぶる -> るい -> いちず -> ずるずる -> るみのおる -> るうふ -> ふりいず -> ずいいち -> ちやおず -> ずれる -> るうる -> るうきい -> いきかえる -> るうと -> とりしまる -> るああ -> あきる -> るうれつと -> とらえる -> るり -> りぞおとほてる -> るびい -> いさる
monte_carlo vs greedy,monte_carlo,greedy,D10000_seed0_monte_carlo_vs_greedy_0,10000,0,second,ended_with_n,27,first,monte_carlo,る,いさる,るねつさんす,る,す,す,0.192493,False,0.6,,,,,,らゔ -> ゔあいおりにすと -> とびおりる -> るうぶる -> るい -> いちず -> ずるずる -> るみのおる -> るうふ -> ふりいず -> ずいいち -> ちやおず -> ずれる -> るうる -> るうきい -> いきかえる -> るうと -> とりしまる -> るああ -> あきる -> るうれつと -> とらえる -> るり -> りぞおとほてる -> るびい -> いさる -> るねつさんす
monte_carlo vs greedy,monte_carlo,greedy,D10000_seed0_monte_carlo_vs_greedy_0,10000,0,second,ended_with_n,28,second,greedy,す,るねつさんす,すわる,す,る,る,0.002534,False,-257.0,,,,,209,らゔ -> ゔあいおりにすと -> とびおりる -> るうぶる -> るい -> いちず -> ずるずる -> るみのおる -> るうふ -> ふりいず -> ずいいち -> ちやおず -> ずれる -> るうる -> るうきい -> いきかえる -> るうと -> とりしまる -> るああ -> あきる -> るうれつと -> とらえる -> るり -> りぞおとほてる -> るびい -> いさる -> るねつさんす -> すわる
monte_carlo vs greedy,monte_carlo,greedy,D10000_seed0_monte_carlo_vs_greedy_0,10000,0,second,ended_with_n,29,first,monte_carlo,る,すわる,るいせき,る,き,き,0.126047,False,0.7,,,,,,らゔ -> ゔあいおりにすと -> とびおりる -> るうぶる -> るい -> いちず -> ずるずる -> るみのおる -> るうふ -> ふりいず -> ずいいち -> ちやおず -> ずれる -> るうる -> るうきい -> いきかえる -> るうと -> とりしまる -> るああ -> あきる -> るうれつと -> とらえる -> るり -> りぞおとほてる -> るびい -> いさる -> るねつさんす -> すわる -> るいせき
monte_carlo vs greedy,monte_carlo,greedy,D10000_seed0_monte_carlo_vs_greedy_0,10000,0,second,ended_with_n,30,second,greedy,き,るいせき,きんずる,き,る,る,0.003845,False,-234.0,,,,,340,らゔ -> ゔあいおりにすと -> とびおりる -> るうぶる -> るい -> いちず -> ずるずる -> るみのおる -> るうふ -> ふりいず -> ずいいち -> ちやおず -> ずれる -> るうる -> るうきい -> いきかえる -> るうと -> とりしまる -> るああ -> あきる -> るうれつと -> とらえる -> るり -> りぞおとほてる -> るびい -> いさる -> るねつさんす -> すわる -> るいせき -> きんずる
monte_carlo vs greedy,monte_carlo,greedy,D10000_seed0_monte_carlo_vs_greedy_0,10000,0,second,ended_with_n,31,first,monte_carlo,る,きんずる,るぽるたあじゆ,る,ゆ,ゆ,0.111123,False,0.7,,,,,,らゔ -> ゔあいおりにすと -> とびおりる -> るうぶる -> るい -> いちず -> ずるずる -> るみのおる -> るうふ -> ふりいず -> ずいいち -> ちやおず -> ずれる -> るうる -> るうきい -> いきかえる -> るうと -> とりしまる -> るああ -> あきる -> るうれつと -> とらえる -> るり -> りぞおとほてる -> るびい -> いさる -> るねつさんす -> すわる -> るいせき -> きんずる -> るぽるたあじゆ
monte_carlo vs greedy,monte_carlo,greedy,D10000_seed0_monte_carlo_vs_greedy_0,10000,0,second,ended_with_n,32,second,greedy,ゆ,るぽるたあじゆ,ゆれる,ゆ,る,る,0.001217,False,-211.0,,,,,95,らゔ -> ゔあいおりにすと -> とびおりる -> るうぶる -> るい -> いちず -> ずるずる -> るみのおる -> るうふ -> ふりいず -> ずいいち -> ちやおず -> ずれる -> るうる -> るうきい -> いきかえる -> るうと -> とりしまる -> るああ -> あきる -> るうれつと -> とらえる -> るり -> りぞおとほてる -> るびい -> いさる -> るねつさんす -> すわる -> るいせき -> きんずる -> るぽるたあじゆ -> ゆれる
monte_carlo vs greedy,monte_carlo,greedy,D10000_seed0_monte_carlo_vs_greedy_0,10000,0,second,ended_with_n,33,first,monte_carlo,る,ゆれる,るう,る,う,う,0.081025,False,0.7,,,,,,らゔ -> ゔあいおりにすと -> とびおりる -> るうぶる -> るい -> いちず -> ずるずる -> るみのおる -> るうふ -> ふりいず -> ずいいち -> ちやおず -> ずれる -> るうる -> るうきい -> いきかえる -> るうと -> とりしまる -> るああ -> あきる -> るうれつと -> とらえる -> るり -> りぞおとほてる -> るびい -> いさる -> るねつさんす -> すわる -> るいせき -> きんずる -> るぽるたあじゆ -> ゆれる -> るう
monte_carlo vs greedy,monte_carlo,greedy,D10000_seed0_monte_carlo_vs_greedy_0,10000,0,second,ended_with_n,34,second,greedy,う,るう,うちあわせる,う,る,る,0.001853,False,-188.0,,,,,144,らゔ -> ゔあいおりにすと -> とびおりる -> るうぶる -> るい -> いちず -> ずるずる -> るみのおる -> るうふ -> ふりいず -> ずいいち -> ちやおず -> ずれる -> るうる -> るうきい -> いきかえる -> るうと -> とりしまる -> るああ -> あきる -> るうれつと -> とらえる -> るり -> りぞおとほてる -> るびい -> いさる -> るねつさんす -> すわる -> るいせき -> きんずる -> るぽるたあじゆ -> ゆれる -> るう -> うちあわせる
monte_carlo vs greedy,monte_carlo,greedy,D10000_seed0_monte_carlo_vs_greedy_0,10000,0,second,ended_with_n,35,first,monte_carlo,る,うちあわせる,るうぷ,る,ぷ,ぷ,0.059657,False,0.9,,,,,,らゔ -> ゔあいおりにすと -> とびおりる -> るうぶる -> るい -> いちず -> ずるずる -> るみのおる -> るうふ -> ふりいず -> ずいいち -> ちやおず -> ずれる -> るうる -> るうきい -> いきかえる -> るうと -> とりしまる -> るああ -> あきる -> るうれつと -> とらえる -> るり -> りぞおとほてる -> るびい -> いさる -> るねつさんす -> すわる -> るいせき -> きんずる -> るぽるたあじゆ -> ゆれる -> るう -> うちあわせる -> るうぷ
monte_carlo vs greedy,monte_carlo,greedy,D10000_seed0_monte_carlo_vs_greedy_0,10000,0,second,ended_with_n,36,second,greedy,ぷ,るうぷ,ぷろふいいる,ぷ,る,る,0.000502,False,-165.0,,,,,44,らゔ -> ゔあいおりにすと -> とびおりる -> るうぶる -> るい -> いちず -> ずるずる -> るみのおる -> るうふ -> ふりいず -> ずいいち -> ちやおず -> ずれる -> るうる -> るうきい -> いきかえる -> るうと -> とりしまる -> るああ -> あきる -> るうれつと -> とらえる -> るり -> りぞおとほてる -> るびい -> いさる -> るねつさんす -> すわる -> るいせき -> きんずる -> るぽるたあじゆ -> ゆれる -> るう -> うちあわせる -> るうぷ -> ぷろふいいる
monte_carlo vs greedy,monte_carlo,greedy,D10000_seed0_monte_carlo_vs_greedy_0,10000,0,second,ended_with_n,37,first,monte_carlo,る,ぷろふいいる,るぽ,る,ぽ,ぽ,0.042219,False,0.7,,,,,,らゔ -> ゔあいおりにすと -> とびおりる -> るうぶる -> るい -> いちず -> ずるずる -> るみのおる -> るうふ -> ふりいず -> ずいいち -> ちやおず -> ずれる -> るうる -> るうきい -> いきかえる -> るうと -> とりしまる -> るああ -> あきる -> るうれつと -> とらえる -> るり -> りぞおとほてる -> るびい -> いさる -> るねつさんす -> すわる -> るいせき -> きんずる -> るぽるたあじゆ -> ゆれる -> るう -> うちあわせる -> るうぷ -> ぷろふいいる -> るぽ
monte_carlo vs greedy,monte_carlo,greedy,D10000_seed0_monte_carlo_vs_greedy_0,10000,0,second,ended_with_n,38,second,greedy,ぽ,るぽ,ぽにいてえる,ぽ,る,る,0.000308,False,-142.0,,,,,26,らゔ -> ゔあいおりにすと -> とびおりる -> るうぶる -> るい -> いちず -> ずるずる -> るみのおる -> るうふ -> ふりいず -> ずいいち -> ちやおず -> ずれる -> るうる -> るうきい -> いきかえる -> るうと -> とりしまる -> るああ -> あきる -> るうれつと -> とらえる -> るり -> りぞおとほてる -> るびい -> いさる -> るねつさんす -> すわる -> るいせき -> きんずる -> るぽるたあじゆ -> ゆれる -> るう -> うちあわせる -> るうぷ -> ぷろふいいる -> るぽ -> ぽにいてえる
monte_carlo vs greedy,monte_carlo,greedy,D10000_seed0_monte_carlo_vs_greedy_0,10000,0,second,ended_with_n,39,first,monte_carlo,る,ぽにいてえる,るいじあな,る,な,な,0.030298,False,0.8,,,,,,らゔ -> ゔあいおりにすと -> とびおりる -> るうぶる -> るい -> いちず -> ずるずる -> るみのおる -> るうふ -> ふりいず -> ずいいち -> ちやおず -> ずれる -> るうる -> るうきい -> いきかえる -> るうと -> とりしまる -> るああ -> あきる -> るうれつと -> とらえる -> るり -> りぞおとほてる -> るびい -> いさる -> るねつさんす -> すわる -> るいせき -> きんずる -> るぽるたあじゆ -> ゆれる -> るう -> うちあわせる -> るうぷ -> ぷろふいいる -> るぽ -> ぽにいてえる -> るいじあな
monte_carlo vs greedy,monte_carlo,greedy,D10000_seed0_monte_carlo_vs_greedy_0,10000,0,second,ended_with_n,40,second,greedy,な,るいじあな,ないる,な,る,る,0.002275,False,-119.0,,,,,189,らゔ -> ゔあいおりにすと -> とびおりる -> るうぶる -> るい -> いちず -> ずるずる -> るみのおる -> るうふ -> ふりいず -> ずいいち -> ちやおず -> ずれる -> るうる -> るうきい -> いきかえる -> るうと -> とりしまる -> るああ -> あきる -> るうれつと -> とらえる -> るり -> りぞおとほてる -> るびい -> いさる -> るねつさんす -> すわる -> るいせき -> きんずる -> るぽるたあじゆ -> ゆれる -> るう -> うちあわせる -> るうぷ -> ぷろふいいる -> るぽ -> ぽにいてえる -> るいじあな -> ないる
monte_carlo vs greedy,monte_carlo,greedy,D10000_seed0_monte_carlo_vs_greedy_0,10000,0,second,ended_with_n,41,first,monte_carlo,る,ないる,るんげ,る,げ,げ,0.018788,False,0.6,,,,,,らゔ -> ゔあいおりにすと -> とびおりる -> るうぶる -> るい -> いちず -> ずるずる -> るみのおる -> るうふ -> ふりいず -> ずいいち -> ちやおず -> ずれる -> るうる -> るうきい -> いきかえる -> るうと -> とりしまる -> るああ -> あきる -> るうれつと -> とらえる -> るり -> りぞおとほてる -> るびい -> いさる -> るねつさんす -> すわる -> るいせき -> きんずる -> るぽるたあじゆ -> ゆれる -> るう -> うちあわせる -> るうぷ -> ぷろふいいる -> るぽ -> ぽにいてえる -> るいじあな -> ないる -> るんげ
monte_carlo vs greedy,monte_carlo,greedy,D10000_seed0_monte_carlo_vs_greedy_0,10000,0,second,ended_with_n,42,second,greedy,げ,るんげ,げる,げ,る,る,0.0013,False,-96.0,,,,,102,らゔ -> ゔあいおりにすと -> とびおりる -> るうぶる -> るい -> いちず -> ずるずる -> るみのおる -> るうふ -> ふりいず -> ずいいち -> ちやおず -> ずれる -> るうる -> るうきい -> いきかえる -> るうと -> とりしまる -> るああ -> あきる -> るうれつと -> とらえる -> るり -> りぞおとほてる -> るびい -> いさる -> るねつさんす -> すわる -> るいせき -> きんずる -> るぽるたあじゆ -> ゆれる -> るう -> うちあわせる -> るうぷ -> ぷろふいいる -> るぽ -> ぽにいてえる -> るいじあな -> ないる -> るんげ -> げる
monte_carlo vs greedy,monte_carlo,greedy,D10000_seed0_monte_carlo_vs_greedy_0,10000,0,second,ended_with_n,43,first,monte_carlo,る,げる,るいけい,る,い,い,0.009571,False,0.7,,,,,,らゔ -> ゔあいおりにすと -> とびおりる -> るうぶる -> るい -> いちず -> ずるずる -> るみのおる -> るうふ -> ふりいず -> ずいいち -> ちやおず -> ずれる -> るうる -> るうきい -> いきかえる -> るうと -> とりしまる -> るああ -> あきる -> るうれつと -> とらえる -> るり -> りぞおとほてる -> るびい -> いさる -> るねつさんす -> すわる -> るいせき -> きんずる -> るぽるたあじゆ -> ゆれる -> るう -> うちあわせる -> るうぷ -> ぷろふいいる -> るぽ -> ぽにいてえる -> るいじあな -> ないる -> るんげ -> げる -> るいけい
monte_carlo vs greedy,monte_carlo,greedy,D10000_seed0_monte_carlo_vs_greedy_0,10000,0,second,ended_with_n,44,second,greedy,い,るいけい,いばる,い,る,る,0.003473,False,-73.0,,,,,282,らゔ -> ゔあいおりにすと -> とびおりる -> るうぶる -> るい -> いちず -> ずるずる -> るみのおる -> るうふ -> ふりいず -> ずいいち -> ちやおず -> ずれる -> るうる -> るうきい -> いきかえる -> るうと -> とりしまる -> るああ -> あきる -> るうれつと -> とらえる -> るり -> りぞおとほてる -> るびい -> いさる -> るねつさんす -> すわる -> るいせき -> きんずる -> るぽるたあじゆ -> ゆれる -> るう -> うちあわせる -> るうぷ -> ぷろふいいる -> るぽ -> ぽにいてえる -> るいじあな -> ないる -> るんげ -> げる -> るいけい -> いばる
monte_carlo vs greedy,monte_carlo,greedy,D10000_seed0_monte_carlo_vs_greedy_0,10000,0,second,ended_with_n,45,first,monte_carlo,る,いばる,るび,る,び,び,0.001632,False,0.4,,,,,,らゔ -> ゔあいおりにすと -> とびおりる -> るうぶる -> るい -> いちず -> ずるずる -> るみのおる -> るうふ -> ふりいず -> ずいいち -> ちやおず -> ずれる -> るうる -> るうきい -> いきかえる -> るうと -> とりしまる -> るああ -> あきる -> るうれつと -> とらえる -> るり -> りぞおとほてる -> るびい -> いさる -> るねつさんす -> すわる -> るいせき -> きんずる -> るぽるたあじゆ -> ゆれる -> るう -> うちあわせる -> るうぷ -> ぷろふいいる -> るぽ -> ぽにいてえる -> るいじあな -> ないる -> るんげ -> げる -> るいけい -> いばる -> るび
monte_carlo vs greedy,monte_carlo,greedy,D10000_seed0_monte_carlo_vs_greedy_0,10000,0,second,ended_with_n,46,second,greedy,び,るび,びる,び,る,る,0.000709,False,-50.0,,,,,60,らゔ -> ゔあいおりにすと -> とびおりる -> るうぶる -> るい -> いちず -> ずるずる -> るみのおる -> るうふ -> ふりいず -> ずいいち -> ちやおず -> ずれる -> るうる -> るうきい -> いきかえる -> るうと -> とりしまる -> るああ -> あきる -> るうれつと -> とらえる -> るり -> りぞおとほてる -> るびい -> いさる -> るねつさんす -> すわる -> るいせき -> きんずる -> るぽるたあじゆ -> ゆれる -> るう -> うちあわせる -> るうぷ -> ぷろふいいる -> るぽ -> ぽにいてえる -> るいじあな -> ないる -> るんげ -> げる -> るいけい -> いばる -> るび -> びる
monte_carlo vs greedy,monte_carlo,greedy,D10000_seed0_monte_carlo_vs_greedy_0,10000,0,second,ended_with_n,47,first,monte_carlo,る,びる,るいしん,る,ん,,8e-06,False,0.0,,,,,,らゔ -> ゔあいおりにすと -> とびおりる -> るうぶる -> るい -> いちず -> ずるずる -> るみのおる -> るうふ -> ふりいず -> ずいいち -> ちやおず -> ずれる -> るうる -> るうきい -> いきかえる -> るうと -> とりしまる -> るああ -> あきる -> るうれつと -> とらえる -> るり -> りぞおとほてる -> るびい -> いさる -> るねつさんす -> すわる -> るいせき -> きんずる -> るぽるたあじゆ -> ゆれる -> るう -> うちあわせる -> るうぷ -> ぷろふいいる -> るぽ -> ぽにいてえる -> るいじあな -> ないる -> るんげ -> げる -> るいけい -> いばる -> るび -> びる -> るいしん
monte_carlo vs minimax,monte_carlo,minimax,D10000_seed0_monte_carlo_vs_minimax_0,10000,0,second,ended_with_n,1,first,monte_carlo,ANY,,らゔ,ら,ゔ,ゔ,1.11829,False,0.41050000000000003,,,,,,らゔ
monte_carlo vs minimax,monte_carlo,minimax,D10000_seed0_monte_carlo_vs_minimax_0,10000,0,second,ended_with_n,2,second,minimax,ゔ,らゔ,ゔあいおりにすと,ゔ,と,と,1.859601,False,335.0,3,3,True,,2,らゔ -> ゔあいおりにすと
monte_carlo vs minimax,monte_carlo,minimax,D10000_seed0_monte_carlo_vs_minimax_0,10000,0,second,ended_with_n,3,first,monte_carlo,と,ゔあいおりにすと,とびおりる,と,る,る,0.903712,False,0.36000000000000004,,,,,,らゔ -> ゔあいおりにすと -> とびおりる
monte_carlo vs minimax,monte_carlo,minimax,D10000_seed0_monte_carlo_vs_minimax_0,10000,0,second,ended_with_n,4,second,minimax,る,とびおりる,るうぶる,る,る,る,2.000017,True,320.0,3,2,True,,6,らゔ -> ゔあいおりにすと -> とびおりる -> るうぶる
monte_carlo vs minimax,monte_carlo,minimax,D10000_seed0_monte_carlo_vs_minimax_0,10000,0,second,ended_with_n,5,first,monte_carlo,る,るうぶる,るい,る,い,い,0.775924,False,0.45,,,,,,らゔ -> ゔあいおりにすと -> とびおりる -> るうぶる -> るい
monte_carlo vs minimax,monte_carlo,minimax,D10000_seed0_monte_carlo_vs_minimax_0,10000,0,second,ended_with_n,6,second,minimax,い,るい,いあわせる,い,る,る,0.760566,False,-305.0,2,2,True,,20,らゔ -> ゔあいおりにすと -> とびおりる -> るうぶる -> るい -> いあわせる
monte_carlo vs minimax,monte_carlo,minimax,D10000_seed0_monte_carlo_vs_minimax_0,10000,0,second,ended_with_n,7,first,monte_carlo,る,いあわせる,るうぷ,る,ぷ,ぷ,0.809461,False,0.41,,,,,,らゔ -> ゔあいおりにすと -> とびおりる -> るうぶる -> るい -> いあわせる -> るうぷ
monte_carlo vs minimax,monte_carlo,minimax,D10000_seed0_monte_carlo_vs_minimax_0,10000,0,second,ended_with_n,8,second,minimax,ぷ,るうぷ,ぷうる,ぷ,る,る,0.411522,False,-290.0,2,2,True,,20,らゔ -> ゔあいおりにすと -> とびおりる -> るうぶる -> るい -> いあわせる -> るうぷ -> ぷうる
monte_carlo vs minimax,monte_carlo,minimax,D10000_seed0_monte_carlo_vs_minimax_0,10000,0,second,ended_with_n,9,first,monte_carlo,る,ぷうる,るうきい,る,い,い,0.675999,False,0.5485,,,,,,らゔ -> ゔあいおりにすと -> とびおりる -> るうぶる -> るい -> いあわせる -> るうぷ -> ぷうる -> るうきい
monte_carlo vs minimax,monte_carlo,minimax,D10000_seed0_monte_carlo_vs_minimax_0,10000,0,second,ended_with_n,10,second,minimax,い,るうきい,いからせる,い,る,る,0.700074,False,-275.0,2,3,True,,20,らゔ -> ゔあいおりにすと -> とびおりる -> るうぶる -> るい -> いあわせる -> るうぷ -> ぷうる -> るうきい -> いからせる
monte_carlo vs minimax,monte_carlo,minimax,D10000_seed0_monte_carlo_vs_minimax_0,10000,0,second,ended_with_n,11,first,monte_carlo,る,いからせる,るぽるたあじゆ,る,ゆ,ゆ,0.586702,False,0.53,,,,,,らゔ -> ゔあいおりにすと -> とびおりる -> るうぶる -> るい -> いあわせる -> るうぷ -> ぷうる -> るうきい -> いからせる -> るぽるたあじゆ
monte_carlo vs minimax,monte_carlo,minimax,D10000_seed0_monte_carlo_vs_minimax_0,10000,0,second,ended_with_n,12,second,minimax,ゆ,るぽるたあじゆ,ゆきわたる,ゆ,る,る,2.000047,True,260.0,3,2,True,,9,らゔ -> ゔあいおりにすと -> とびおりる -> るうぶる -> るい -> いあわせる -> るうぷ -> ぷうる -> るうきい -> いからせる -> るぽるたあじゆ -> ゆきわたる
monte_carlo vs minimax,monte_carlo,minimax,D10000_seed0_monte_carlo_vs_minimax_0,10000,0,second,ended_with_n,13,first,monte_carlo,る,ゆきわたる,るうと,る,と,と,0.466464,False,0.62,,,,,,らゔ -> ゔあいおりにすと -> とびおりる -> るうぶる -> るい -> いあわせる -> るうぷ -> ぷうる -> るうきい -> いからせる -> るぽるたあじゆ -> ゆきわたる -> るうと
monte_carlo vs minimax,monte_carlo,minimax,D10000_seed0_monte_carlo_vs_minimax_0,10000,0,second,ended_with_n,14,second,minimax,と,るうと,といあわせる,と,る,る,0.593729,False,-245.0,2,2,True,,20,らゔ -> ゔあいおりにすと -> とびおりる -> るうぶる -> るい -> いあわせる -> るうぷ -> ぷうる -> るうきい -> いからせる -> るぽるたあじゆ -> ゆきわたる -> るうと -> といあわせる
monte_carlo vs minimax,monte_carlo,minimax,D10000_seed0_monte_carlo_vs_minimax_0,10000,0,second,ended_with_n,15,first,monte_carlo,る,といあわせる,るり,る,り,り,0.380847,False,0.61,,,,,,らゔ -> ゔあいおりにすと -> とびおりる -> るうぶる -> るい -> いあわせる -> るうぷ -> ぷうる -> るうきい -> いからせる -> るぽるたあじゆ -> ゆきわたる -> るうと -> といあわせる -> るり
monte_carlo vs minimax,monte_carlo,minimax,D10000_seed0_monte_carlo_vs_minimax_0,10000,0,second,ended_with_n,16,second,minimax,り,るり,りこおる,り,る,る,0.396725,False,-230.0,2,2,True,,20,らゔ -> ゔあいおりにすと -> とびおりる -> るうぶる -> るい -> いあわせる -> るうぷ -> ぷうる -> るうきい -> いからせる -> るぽるたあじゆ -> ゆきわたる -> るうと -> といあわせる -> るり -> りこおる
monte_carlo vs minimax,monte_carlo,minimax,D10000_seed0_monte_carlo_vs_minimax_0,10000,0,second,ended_with_n,17,first,monte_carlo,る,りこおる,るびい,る,い,い,0.293414,False,0.795,,,,,,らゔ -> ゔあいおりにすと -> とびおりる -> るうぶる -> るい -> いあわせる -> るうぷ -> ぷうる -> るうきい -> いからせる -> るぽるたあじゆ -> ゆきわたる -> るうと -> といあわせる -> るり -> りこおる -> るびい
monte_carlo vs minimax,monte_carlo,minimax,D10000_seed0_monte_carlo_vs_minimax_0,10000,0,second,ended_with_n,18,second,minimax,い,るびい,いきかえる,い,る,る,0.469787,False,-215.0,2,3,True,,20,らゔ -> ゔあいおりにすと -> とびおりる -> るうぶる -> るい -> いあわせる -> るうぷ -> ぷうる -> るうきい -> いからせる -> るぽるたあじゆ -> ゆきわたる -> るうと -> といあわせる -> るり -> りこおる -> るびい -> いきかえる
monte_carlo vs minimax,monte_carlo,minimax,D10000_seed0_monte_carlo_vs_minimax_0,10000,0,second,ended_with_n,19,first,monte_carlo,る,いきかえる,るああ,る,あ,あ,0.254635,False,0.8099999999999999,,,,,,らゔ -> ゔあいおりにすと -> とびおりる -> るうぶる -> るい -> いあわせる -> るうぷ -> ぷうる -> るうきい -> いからせる -> るぽるたあじゆ -> ゆきわたる -> るうと -> といあわせる -> るり -> りこおる -> るびい -> いきかえる -> るああ
monte_carlo vs minimax,monte_carlo,minimax,D10000_seed0_monte_carlo_vs_minimax_0,10000,0,second,ended_with_n,20,second,minimax,あ,るああ,あいてどる,あ,る,る,2.000022,True,200.0,3,2,True,,14,らゔ -> ゔあいおりにすと -> とびおりる -> るうぶる -> るい -> いあわせる -> るうぷ -> ぷうる -> るうきい -> いからせる -> るぽるたあじゆ -> ゆきわたる -> るうと -> といあわせる -> るり -> りこおる -> るびい -> いきかえる -> るああ -> あいてどる
monte_carlo vs minimax,monte_carlo,minimax,D10000_seed0_monte_carlo_vs_minimax_0,10000,0,second,ended_with_n,21,first,monte_carlo,る,あいてどる,るんげ,る,げ,げ,0.21794,False,0.8,,,,,,らゔ -> ゔあいおりにすと -> とびおりる -> るうぶる -> るい -> いあわせる -> るうぷ -> ぷうる -> るうきい -> いからせる -> るぽるたあじゆ -> ゆきわたる -> るうと -> といあわせる -> るり -> りこおる -> るびい -> いきかえる -> るああ -> あいてどる -> るんげ
monte_carlo vs minimax,monte_carlo,minimax,D10000_seed0_monte_carlo_vs_minimax_0,10000,0,second,ended_with_n,22,second,minimax,げ,るんげ,げえとぼおる,げ,る,る,0.353777,False,-185.0,2,2,True,,20,らゔ -> ゔあいおりにすと -> とびおりる -> るうぶる -> るい -> いあわせる -> るうぷ -> ぷうる -> るうきい -> いからせる -> るぽるたあじゆ -> ゆきわたる -> るうと -> といあわせる -> るり -> りこおる -> るびい -> いきかえる -> るああ -> あいてどる -> るんげ -> げえとぼおる
monte_carlo vs minimax,monte_carlo,minimax,D10000_seed0_monte_carlo_vs_minimax_0,10000,0,second,ended_with_n,23,first,monte_carlo,る,げえとぼおる,るみのおる,る,る,る,0.163895,False,0.8,,,,,,らゔ -> ゔあいおりにすと -> とびおりる -> るうぶる -> るい -> いあわせる -> るうぷ -> ぷうる -> るうきい -> いからせる -> るぽるたあじゆ -> ゆきわたる -> るうと -> といあわせる -> るり -> りこおる -> るびい -> いきかえる -> るああ -> あいてどる -> るんげ -> げえとぼおる -> るみのおる
monte_carlo vs minimax,monte_carlo,minimax,D10000_seed0_monte_carlo_vs_minimax_0,10000,0,second,ended_with_n,24,second,minimax,る,るみのおる,るうる,る,る,る,0.111142,False,-56.0,2,2,True,,14,らゔ -> ゔあいおりにすと -> とびおりる -> るうぶる -> るい -> いあわせる -> るうぷ -> ぷうる -> るうきい -> いからせる -> るぽるたあじゆ -> ゆきわたる -> るうと -> といあわせる -> るり -> りこおる -> るびい -> いきかえる -> るああ -> あいてどる -> るんげ -> げえとぼおる -> るみのおる -> るうる
monte_carlo vs minimax,monte_carlo,minimax,D10000_seed0_monte_carlo_vs_minimax_0,10000,0,second,ended_with_n,25,first,monte_carlo,る,るうる,るいけい,る,い,い,0.140384,False,0.6,,,,,,らゔ -> ゔあいおりにすと -> とびおりる -> るうぶる -> るい -> いあわせる -> るうぷ -> ぷうる -> るうきい -> いからせる -> るぽるたあじゆ -> ゆきわたる -> るうと -> といあわせる -> るり -> りこおる -> るびい -> いきかえる -> るああ -> あいてどる -> るんげ -> げえとぼおる -> るみのおる -> るうる -> るいけい
monte_carlo vs minimax,monte_carlo,minimax,D10000_seed0_monte_carlo_vs_minimax_0,10000,0,second,ended_with_n,26,second,minimax,い,るいけい,いきる,い,る,る,0.372115,False,-33.0,2,3,True,,20,らゔ -> ゔあいおりにすと -> とびおりる -> るうぶる -> るい -> いあわせる -> るうぷ -> ぷうる -> るうきい -> いからせる -> るぽるたあじゆ -> ゆきわたる -> るうと -> といあわせる -> るり -> りこおる -> るびい -> いきかえる -> るああ -> あいてどる -> るんげ -> げえとぼおる -> るみのおる -> るうる -> るいけい -> いきる
monte_carlo vs minimax,monte_carlo,minimax,D10000_seed0_monte_carlo_vs_minimax_0,10000,0,second,ended_with_n,27,first,monte_carlo,る,いきる,るう,る,う,う,0.100256,False,0.9,,,,,,らゔ -> ゔあいおりにすと -> とびおりる -> るうぶる -> るい -> いあわせる -> るうぷ -> ぷうる -> るうきい -> いからせる -> るぽるたあじゆ -> ゆきわたる -> るうと -> といあわせる -> るり -> りこおる -> るびい -> いきかえる -> るああ -> あいてどる -> るんげ -> げえとぼおる -> るみのおる -> るうる -> るいけい -> いきる -> るう
monte_carlo vs minimax,monte_carlo,minimax,D10000_seed0_monte_carlo_vs_minimax_0,10000,0,second,ended_with_n,28,second,minimax,う,るう,うえる,う,る,る,2.000037,True,526.5,3,2,True,,18,らゔ -> ゔあいおりにすと -> とびおりる -> るうぶる -> るい -> いあわせる -> るうぷ -> ぷうる -> るうきい -> いからせる -> るぽるたあじゆ -> ゆきわたる -> るうと -> といあわせる -> るり -> りこおる -> るびい -> いきかえる -> るああ -> あいてどる -> るんげ -> げえとぼおる -> るみのおる -> るうる -> るいけい -> いきる -> るう -> うえる
monte_carlo vs minimax,monte_carlo,minimax,D10000_seed0_monte_carlo_vs_minimax_0,10000,0,second,ended_with_n,29,first,monte_carlo,る,うえる,るぽ,る,ぽ,ぽ,0.074685,False,0.8,,,,,,らゔ -> ゔあいおりにすと -> とびおりる -> るうぶる -> るい -> いあわせる -> るうぷ -> ぷうる -> るうきい -> いからせる -> るぽるたあじゆ -> ゆきわたる -> るうと -> といあわせる -> るり -> りこおる -> るびい -> いきかえる -> るああ -> あいてどる -> るんげ -> げえとぼおる -> るみのおる -> るうる -> るいけい -> いきる -> るう -> うえる -> るぽ
monte_carlo vs minimax,monte_carlo,minimax,D10000_seed0_monte_carlo_vs_minimax_0,10000,0,second,ended_with_n,30,second,minimax,ぽ,るぽ,ぽけつとべる,ぽ,る,る,0.219647,False,225.0,2,2,True,,20,らゔ -> ゔあいおりにすと -> とびおりる -> るうぶる -> るい -> いあわせる -> るうぷ -> ぷうる -> るうきい -> いからせる -> るぽるたあじゆ -> ゆきわたる -> るうと -> といあわせる -> るり -> りこおる -> るびい -> いきかえる -> るああ -> あいてどる -> るんげ -> げえとぼおる -> るみのおる -> るうる -> るいけい -> いきる -> るう -> うえる -> るぽ -> ぽけつとべる
monte_carlo vs minimax,monte_carlo,minimax,D10000_seed0_monte_carlo_vs_minimax_0,10000,0,second,ended_with_n,31,first,monte_carlo,る,ぽけつとべる,るうれつと,る,と,と,0.052486,False,0.7,,,,,,らゔ -> ゔあいおりにすと -> とびおりる -> るうぶる -> るい -> いあわせる -> るうぷ -> ぷうる -> るうきい -> いからせる -> るぽるたあじゆ -> ゆきわたる -> るうと -> といあわせる -> るり -> りこおる -> るびい -> いきかえる -> るああ -> あいてどる -> るんげ -> げえとぼおる -> るみのおる -> るうる -> るいけい -> いきる -> るう -> うえる -> るぽ -> ぽけつとべる -> るうれつと
monte_carlo vs minimax,monte_carlo,minimax,D10000_seed0_monte_carlo_vs_minimax_0,10000,0,second,ended_with_n,32,second,minimax,と,るうれつと,とうじる,と,る,る,0.222508,False,248.0,2,2,True,,20,らゔ -> ゔあいおりにすと -> とびおりる -> るうぶる -> るい -> いあわせる -> るうぷ -> ぷうる -> るうきい -> いからせる -> るぽるたあじゆ -> ゆきわたる -> るうと -> といあわせる -> るり -> りこおる -> るびい -> いきかえる -> るああ -> あいてどる -> るんげ -> げえとぼおる -> るみのおる -> るうる -> るいけい -> いきる -> るう -> うえる -> るぽ -> ぽけつとべる -> るうれつと -> とうじる
monte_carlo vs minimax,monte_carlo,minimax,D10000_seed0_monte_carlo_vs_minimax_0,10000,0,second,ended_with_n,33,first,monte_carlo,る,とうじる,るいせき,る,き,き,0.040287,False,0.8,,,,,,らゔ -> ゔあいおりにすと -> とびおりる -> るうぶる -> るい -> いあわせる -> るうぷ -> ぷうる -> るうきい -> いからせる -> るぽるたあじゆ -> ゆきわたる -> るうと -> といあわせる -> るり -> りこおる -> るびい -> いきかえる -> るああ -> あいてどる -> るんげ -> げえとぼおる -> るみのおる -> るうる -> るいけい -> いきる -> るう -> うえる -> るぽ -> ぽけつとべる -> るうれつと -> とうじる -> るいせき
monte_carlo vs minimax,monte_carlo,minimax,D10000_seed0_monte_carlo_vs_minimax_0,10000,0,second,ended_with_n,34,second,minimax,き,るいせき,きいる,き,る,る,0.174963,False,271.0,2,3,True,,20,らゔ -> ゔあいおりにすと -> とびおりる -> るうぶる -> るい -> いあわせる -> るうぷ -> ぷうる -> るうきい -> いからせる -> るぽるたあじゆ -> ゆきわたる -> るうと -> といあわせる -> るり -> りこおる -> るびい -> いきかえる -> るああ -> あいてどる -> るんげ -> げえとぼおる -> るみのおる -> るうる -> るいけい -> いきる -> るう -> うえる -> るぽ -> ぽけつとべる -> るうれつと -> とうじる -> るいせき -> きいる
monte_carlo vs minimax,monte_carlo,minimax,D10000_seed0_monte_carlo_vs_minimax_0,10000,0,second,ended_with_n,35,first,monte_carlo,る,きいる,るうふ,る,ふ,ふ,0.024577,False,0.6,,,,,,らゔ -> ゔあいおりにすと -> とびおりる -> るうぶる -> るい -> いあわせる -> るうぷ -> ぷうる -> るうきい -> いからせる -> るぽるたあじゆ -> ゆきわたる -> るうと -> といあわせる -> るり -> りこおる -> るびい -> いきかえる -> るああ -> あいてどる -> るんげ -> げえとぼおる -> るみのおる -> るうる -> るいけい -> いきる -> るう -> うえる -> るぽ -> ぽけつとべる -> るうれつと -> とうじる -> るいせき -> きいる -> るうふ
monte_carlo vs minimax,monte_carlo,minimax,D10000_seed0_monte_carlo_vs_minimax_0,10000,0,second,ended_with_n,36,second,minimax,ふ,るうふ,ふあいる,ふ,る,る,0.921879,False,1277.5,3,3,True,,20,らゔ -> ゔあいおりにすと -> とびおりる -> るうぶる -> るい -> いあわせる -> るうぷ -> ぷうる -> るうきい -> いからせる -> るぽるたあじゆ -> ゆきわたる -> るうと -> といあわせる -> るり -> りこおる -> るびい -> いきかえる -> るああ -> あいてどる -> るんげ -> げえとぼおる -> るみのおる -> るうる -> るいけい -> いきる -> るう -> うえる -> るぽ -> ぽけつとべる -> るうれつと -> とうじる -> るいせき -> きいる -> るうふ -> ふあいる
monte_carlo vs minimax,monte_carlo,minimax,D10000_seed0_monte_carlo_vs_minimax_0,10000,0,second,ended_with_n,37,first,monte_carlo,る,ふあいる,るねつさんす,る,す,す,0.013412,False,0.5,,,,,,らゔ -> ゔあいおりにすと -> とびおりる -> るうぶる -> るい -> いあわせる -> るうぷ -> ぷうる -> るうきい -> いからせる -> るぽるたあじゆ -> ゆきわたる -> るうと -> といあわせる -> るり -> りこおる -> るびい -> いきかえる -> るああ -> あいてどる -> るんげ -> げえとぼおる -> るみのおる -> るうる -> るいけい -> いきる -> るう -> うえる -> るぽ -> ぽけつとべる -> るうれつと -> とうじる -> るいせき -> きいる -> るうふ -> ふあいる -> るねつさんす
monte_carlo vs minimax,monte_carlo,minimax,D10000_seed0_monte_carlo_vs_minimax_0,10000,0,second,ended_with_n,38,second,minimax,す,るねつさんす,すえる,す,る,る,1.390859,False,1285.5,3,3,True,,20,らゔ -> ゔあいおりにすと -> とびおりる -> るうぶる -> るい -> いあわせる -> るうぷ -> ぷうる -> るうきい -> いからせる -> るぽるたあじゆ -> ゆきわたる -> るうと -> といあわせる -> るり -> りこおる -> るびい -> いきかえる -> るああ -> あいてどる -> るんげ -> げえとぼおる -> るみのおる -> るうる -> るいけい -> いきる -> るう -> うえる -> るぽ -> ぽけつとべる -> るうれつと -> とうじる -> るいせき -> きいる -> るうふ -> ふあいる -> るねつさんす -> すえる
monte_carlo vs minimax,monte_carlo,minimax,D10000_seed0_monte_carlo_vs_minimax_0,10000,0,second,ended_with_n,39,first,monte_carlo,る,すえる,るび,る,び,び,0.006152,False,0.8,,,,,,らゔ -> ゔあいおりにすと -> とびおりる -> るうぶる -> るい -> いあわせる -> るうぷ -> ぷうる -> るうきい -> いからせる -> るぽるたあじゆ -> ゆきわたる -> るうと -> といあわせる -> るり -> りこおる -> るびい -> いきかえる -> るああ -> あいてどる -> るんげ -> げえとぼおる -> るみのおる -> るうる -> るいけい -> いきる -> るう -> うえる -> るぽ -> ぽけつとべる -> るうれつと -> とうじる -> るいせき -> きいる -> るうふ -> ふあいる -> るねつさんす -> すえる -> るび
monte_carlo vs minimax,monte_carlo,minimax,D10000_seed0_monte_carlo_vs_minimax_0,10000,0,second,ended_with_n,40,second,minimax,び,るび,びいぐる,び,る,る,2.000038,True,500000.0,3,2,True,,14,らゔ -> ゔあいおりにすと -> とびおりる -> るうぶる -> るい -> いあわせる -> るうぷ -> ぷうる -> るうきい -> いからせる -> るぽるたあじゆ -> ゆきわたる -> るうと -> といあわせる -> るり -> りこおる -> るびい -> いきかえる -> るああ -> あいてどる -> るんげ -> げえとぼおる -> るみのおる -> るうる -> るいけい -> いきる -> るう -> うえる -> るぽ -> ぽけつとべる -> るうれつと -> とうじる -> るいせき -> きいる -> るうふ -> ふあいる -> るねつさんす -> すえる -> るび -> びいぐる
monte_carlo vs minimax,monte_carlo,minimax,D10000_seed0_monte_carlo_vs_minimax_0,10000,0,second,ended_with_n,41,first,monte_carlo,る,びいぐる,るいじあな,る,な,な,0.002248,False,0.4,,,,,,らゔ -> ゔあいおりにすと -> とびおりる -> るうぶる -> るい -> いあわせる -> るうぷ -> ぷうる -> るうきい -> いからせる -> るぽるたあじゆ -> ゆきわたる -> るうと -> といあわせる -> るり -> りこおる -> るびい -> いきかえる -> るああ -> あいてどる -> るんげ -> げえとぼおる -> るみのおる -> るうる -> るいけい -> いきる -> るう -> うえる -> るぽ -> ぽけつとべる -> るうれつと -> とうじる -> るいせき -> きいる -> るうふ -> ふあいる -> るねつさんす -> すえる -> るび -> びいぐる -> るいじあな
monte_carlo vs minimax,monte_carlo,minimax,D10000_seed0_monte_carlo_vs_minimax_0,10000,0,second,ended_with_n,42,second,minimax,な,るいじあな,ないる,な,る,る,0.176008,False,1000000.0,2,2,True,,20,らゔ -> ゔあいおりにすと -> とびおりる -> るうぶる -> るい -> いあわせる -> るうぷ -> ぷうる -> るうきい -> いからせる -> るぽるたあじゆ -> ゆきわたる -> るうと -> といあわせる -> るり -> りこおる -> るびい -> いきかえる -> るああ -> あいてどる -> るんげ -> げえとぼおる -> るみのおる -> るうる -> るいけい -> いきる -> るう -> うえる -> るぽ -> ぽけつとべる -> るうれつと -> とうじる -> るいせき -> きいる -> るうふ -> ふあいる -> るねつさんす -> すえる -> るび -> びいぐる -> るいじあな -> ないる
monte_carlo vs minimax,monte_carlo,minimax,D10000_seed0_monte_carlo_vs_minimax_0,10000,0,second,ended_with_n,43,first,monte_carlo,る,ないる,るいしん,る,ん,,9e-06,False,0.0,,,,,,らゔ -> ゔあいおりにすと -> とびおりる -> るうぶる -> るい -> いあわせる -> るうぷ -> ぷうる -> るうきい -> いからせる -> るぽるたあじゆ -> ゆきわたる -> るうと -> といあわせる -> るり -> りこおる -> るびい -> いきかえる -> るああ -> あいてどる -> るんげ -> げえとぼおる -> るみのおる -> るうる -> るいけい -> いきる -> るう -> うえる -> るぽ -> ぽけつとべる -> るうれつと -> とうじる -> るいせき -> きいる -> るうふ -> ふあいる -> るねつさんす -> すえる -> るび -> びいぐる -> るいじあな -> ないる -> るいしん
monte_carlo vs alpha_beta,monte_carlo,alpha_beta,D10000_seed0_monte_carlo_vs_alpha_beta_0,10000,0,second,ended_with_n,1,first,monte_carlo,ANY,,らゔ,ら,ゔ,ゔ,0.845456,False,0.41050000000000003,,,,,,らゔ
monte_carlo vs alpha_beta,monte_carlo,alpha_beta,D10000_seed0_monte_carlo_vs_alpha_beta_0,10000,0,second,ended_with_n,2,second,alpha_beta,ゔ,らゔ,ゔあいおりにすと,ゔ,と,と,0.946215,False,-335.0,4,4,True,50,2,らゔ -> ゔあいおりにすと
monte_carlo vs alpha_beta,monte_carlo,alpha_beta,D10000_seed0_monte_carlo_vs_alpha_beta_0,10000,0,second,ended_with_n,3,first,monte_carlo,と,ゔあいおりにすと,とびおりる,と,る,る,0.921371,False,0.36000000000000004,,,,,,らゔ -> ゔあいおりにすと -> とびおりる
monte_carlo vs alpha_beta,monte_carlo,alpha_beta,D10000_seed0_monte_carlo_vs_alpha_beta_0,10000,0,second,ended_with_n,4,second,alpha_beta,る,とびおりる,るび,る,び,び,2.000022,True,-0.0,4,3,True,178,6,らゔ -> ゔあいおりにすと -> とびおりる -> るび
monte_carlo vs alpha_beta,monte_carlo,alpha_beta,D10000_seed0_monte_carlo_vs_alpha_beta_0,10000,0,second,ended_with_n,5,first,monte_carlo,び,るび,びる,び,る,る,0.843835,False,0.45,,,,,,らゔ -> ゔあいおりにすと -> とびおりる -> るび -> びる
monte_carlo vs alpha_beta,monte_carlo,alpha_beta,D10000_seed0_monte_carlo_vs_alpha_beta_0,10000,0,second,ended_with_n,6,second,alpha_beta,る,びる,るうぶる,る,る,る,1.337089,False,305.0,3,3,True,40,20,らゔ -> ゔあいおりにすと -> とびおりる -> るび -> びる -> るうぶる
monte_carlo vs alpha_beta,monte_carlo,alpha_beta,D10000_seed0_monte_carlo_vs_alpha_beta_0,10000,0,second,ended_with_n,7,first,monte_carlo,る,るうぶる,るぽるたあじゆ,る,ゆ,ゆ,0.763476,False,0.49000000000000005,,,,,,らゔ -> ゔあいおりにすと -> とびおりる -> るび -> びる -> るうぶる -> るぽるたあじゆ
monte_carlo vs alpha_beta,monte_carlo,alpha_beta,D10000_seed0_monte_carlo_vs_alpha_beta_0,10000,0,second,ended_with_n,8,second,alpha_beta,ゆ,るぽるたあじゆ,ゆず,ゆ,ず,ず,1.603846,False,290.0,3,3,True,83,20,らゔ -> ゔあいおりにすと -> とびおりる -> るび -> びる -> るうぶる -> るぽるたあじゆ -> ゆず
monte_carlo vs alpha_beta,monte_carlo,alpha_beta,D10000_seed0_monte_carlo_vs_alpha_beta_0,10000,0,second,ended_with_n,9,first,monte_carlo,ず,ゆず,ずいじ,ず,じ,じ,0.613131,False,0.42749999999999994,,,,,,らゔ -> ゔあいおりにすと -> とびおりる -> るび -> びる -> るうぶる -> るぽるたあじゆ -> ゆず -> ずいじ
monte_carlo vs alpha_beta,monte_carlo,alpha_beta,D10000_seed0_monte_carlo_vs_alpha_beta_0,10000,0,second,ended_with_n,10,second,alpha_beta,じ,ずいじ,じゆうしゆぎ,じ,ぎ,ぎ,1.36916,False,305.0,3,4,True,58,20,らゔ -> ゔあいおりにすと -> とびおりる -> るび -> びる -> るうぶる -> るぽるたあじゆ -> ゆず -> ずいじ -> じゆうしゆぎ
monte_carlo vs alpha_beta,monte_carlo,alpha_beta,D10000_seed0_monte_carlo_vs_alpha_beta_0,10000,0,second,ended_with_n,11,first,monte_carlo,ぎ,じゆうしゆぎ,ぎやら,ぎ,ら,ら,0.730097,False,0.43,,,,,,らゔ -> ゔあいおりにすと -> とびおりる -> るび -> びる -> るうぶる -> るぽるたあじゆ -> ゆず -> ずいじ -> じゆうしゆぎ -> ぎやら
monte_carlo vs alpha_beta,monte_carlo,alpha_beta,D10000_seed0_monte_carlo_vs_alpha_beta_0,10000,0,second,ended_with_n,12,second,alpha_beta,ら,ぎやら,らんぱつ,ら,つ,つ,2.000014,True,-0.0,4,3,True,376,19,らゔ -> ゔあいおりにすと -> とびおりる -> るび -> びる -> るうぶる -> るぽるたあじゆ -> ゆず -> ずいじ -> じゆうしゆぎ -> ぎやら -> らんぱつ
monte_carlo vs alpha_beta,monte_carlo,alpha_beta,D10000_seed0_monte_carlo_vs_alpha_beta_0,10000,0,second,ended_with_n,13,first,monte_carlo,つ,らんぱつ,つとめる,つ,る,る,0.625048,False,0.5399999999999998,,,,,,らゔ -> ゔあいおりにすと -> とびおりる -> るび -> びる -> るうぶる -> るぽるたあじゆ -> ゆず -> ずいじ -> じゆうしゆぎ -> ぎやら -> らんぱつ -> つとめる
monte_carlo vs alpha_beta,monte_carlo,alpha_beta,D10000_seed0_monte_carlo_vs_alpha_beta_0,10000,0,second,ended_with_n,14,second,alpha_beta,る,つとめる,るぽ,る,ぽ,ぽ,1.104091,False,275.0,3,3,True,52,20,らゔ -> ゔあいおりにすと -> とびおりる -> るび -> びる -> るうぶる -> るぽるたあじゆ -> ゆず -> ずいじ -> じゆうしゆぎ -> ぎやら -> らんぱつ -> つとめる -> るぽ
monte_carlo vs alpha_beta,monte_carlo,alpha_beta,D10000_seed0_monte_carlo_vs_alpha_beta_0,10000,0,second,ended_with_n,15,first,monte_carlo,ぽ,るぽ,ぽつぷす,ぽ,す,す,0.675886,False,0.62,,,,,,らゔ -> ゔあいおりにすと -> とびおりる -> るび -> びる -> るうぶる -> るぽるたあじゆ -> ゆず -> ずいじ -> じゆうしゆぎ -> ぎやら -> らんぱつ -> つとめる -> るぽ -> ぽつぷす
monte_carlo vs alpha_beta,monte_carlo,alpha_beta,D10000_seed0_monte_carlo_vs_alpha_beta_0,10000,0,second,ended_with_n,16,second,alpha_beta,す,ぽつぷす,すず,す,ず,ず,1.655366,False,275.0,3,3,True,116,20,らゔ -> ゔあいおりにすと -> とびおりる -> るび -> びる -> るうぶる -> るぽるたあじゆ -> ゆず -> ずいじ -> じゆうしゆぎ -> ぎやら -> らんぱつ -> つとめる -> るぽ -> ぽつぷす -> すず
monte_carlo vs alpha_beta,monte_carlo,alpha_beta,D10000_seed0_monte_carlo_vs_alpha_beta_0,10000,0,second,ended_with_n,17,first,monte_carlo,ず,すず,ずるずる,ず,る,る,0.514885,False,0.63,,,,,,らゔ -> ゔあいおりにすと -> とびおりる -> るび -> びる -> るうぶる -> るぽるたあじゆ -> ゆず -> ずいじ -> じゆうしゆぎ -> ぎやら -> らんぱつ -> つとめる -> るぽ -> ぽつぷす -> すず -> ずるずる
monte_carlo vs alpha_beta,monte_carlo,alpha_beta,D10000_seed0_monte_carlo_vs_alpha_beta_0,10000,0,second,ended_with_n,18,second,alpha_beta,る,ずるずる,るうぷ,る,ぷ,ぷ,0.993554,False,260.0,3,4,True,50,20,らゔ -> ゔあいおりにすと -> とびおりる -> るび -> びる -> るうぶる -> るぽるたあじゆ -> ゆず -> ずいじ -> じゆうしゆぎ -> ぎやら -> らんぱつ -> つとめる -> るぽ -> ぽつぷす -> すず -> ずるずる -> るうぷ
monte_carlo vs alpha_beta,monte_carlo,alpha_beta,D10000_seed0_monte_carlo_vs_alpha_beta_0,10000,0,second,ended_with_n,19,first,monte_carlo,ぷ,るうぷ,ぷろぐらむ,ぷ,む,む,0.614127,False,0.63,,,,,,らゔ -> ゔあいおりにすと -> とびおりる -> るび -> びる -> るうぶる -> るぽるたあじゆ -> ゆず -> ずいじ -> じゆうしゆぎ -> ぎやら -> らんぱつ -> つとめる -> るぽ -> ぽつぷす -> すず -> ずるずる -> るうぷ -> ぷろぐらむ
monte_carlo vs alpha_beta,monte_carlo,alpha_beta,D10000_seed0_monte_carlo_vs_alpha_beta_0,10000,0,second,ended_with_n,20,second,alpha_beta,む,ぷろぐらむ,むすたんぐ,む,ぐ,ぐ,2.000028,True,-0.0,4,3,True,202,6,らゔ -> ゔあいおりにすと -> とびおりる -> るび -> びる -> るうぶる -> るぽるたあじゆ -> ゆず -> ずいじ -> じゆうしゆぎ -> ぎやら -> らんぱつ -> つとめる -> るぽ -> ぽつぷす -> すず -> ずるずる -> るうぷ -> ぷろぐらむ -> むすたんぐ
monte_carlo vs alpha_beta,monte_carlo,alpha_beta,D10000_seed0_monte_carlo_vs_alpha_beta_0,10000,0,second,ended_with_n,21,first,monte_carlo,ぐ,むすたんぐ,ぐりいんすくうる,ぐ,る,る,0.60961,False,0.7,,,,,,らゔ -> ゔあいおりにすと -> とびおりる -> るび -> びる -> るうぶる -> るぽるたあじゆ -> ゆず -> ずいじ -> じゆうしゆぎ -> ぎやら -> らんぱつ -> つとめる -> るぽ -> ぽつぷす -> すず -> ずるずる -> るうぷ -> ぷろぐらむ -> むすたんぐ -> ぐりいんすくうる
monte_carlo vs alpha_beta,monte_carlo,alpha_beta,D10000_seed0_monte_carlo_vs_alpha_beta_0,10000,0,second,ended_with_n,22,second,alpha_beta,る,ぐりいんすくうる,るんげ,る,げ,げ,0.661975,False,245.0,3,3,True,47,20,らゔ -> ゔあいおりにすと -> とびおりる -> るび -> びる -> るうぶる -> るぽるたあじゆ -> ゆず -> ずいじ -> じゆうしゆぎ -> ぎやら -> らんぱつ -> つとめる -> るぽ -> ぽつぷす -> すず -> ずるずる -> るうぷ -> ぷろぐらむ -> むすたんぐ -> ぐりいんすくうる -> るんげ
monte_carlo vs alpha_beta,monte_carlo,alpha_beta,D10000_seed0_monte_carlo_vs_alpha_beta_0,10000,0,second,ended_with_n,23,first,monte_carlo,げ,るんげ,げえとぼおる,げ,る,る,0.537613,False,0.6679999999999999,,,,,,らゔ -> ゔあいおりにすと -> とびおりる -> るび -> びる -> るうぶる -> るぽるたあじゆ -> ゆず -> ずいじ -> じゆうしゆぎ -> ぎやら -> らんぱつ -> つとめる -> るぽ -> ぽつぷす -> すず -> ずるずる -> るうぷ -> ぷろぐらむ -> むすたんぐ -> ぐりいんすくうる -> るんげ -> げえとぼおる
monte_carlo vs alpha_beta,monte_carlo,alpha_beta,D10000_seed0_monte_carlo_vs_alpha_beta_0,10000,0,second,ended_with_n,24,second,alpha_beta,る,げえとぼおる,るり,る,り,り,0.580103,False,230.0,3,3,True,45,19,らゔ -> ゔあいおりにすと -> とびおりる -> るび -> びる -> るうぶる -> るぽるたあじゆ -> ゆず -> ずいじ -> じゆうしゆぎ -> ぎやら -> らんぱつ -> つとめる -> るぽ -> ぽつぷす -> すず -> ずるずる -> るうぷ -> ぷろぐらむ -> むすたんぐ -> ぐりいんすくうる -> るんげ -> げえとぼおる -> るり
monte_carlo vs alpha_beta,monte_carlo,alpha_beta,D10000_seed0_monte_carlo_vs_alpha_beta_0,10000,0,second,ended_with_n,25,first,monte_carlo,り,るり,りちうむ,り,む,む,0.470142,False,0.62,,,,,,らゔ -> ゔあいおりにすと -> とびおりる -> るび -> びる -> るうぶる -> るぽるたあじゆ -> ゆず -> ずいじ -> じゆうしゆぎ -> ぎやら -> らんぱつ -> つとめる -> るぽ -> ぽつぷす -> すず -> ずるずる -> るうぷ -> ぷろぐらむ -> むすたんぐ -> ぐりいんすくうる -> るんげ -> げえとぼおる -> るり -> りちうむ
monte_carlo vs alpha_beta,monte_carlo,alpha_beta,D10000_seed0_monte_carlo_vs_alpha_beta_0,10000,0,second,ended_with_n,26,second,alpha_beta,む,りちうむ,むぎ,む,ぎ,ぎ,0.855629,False,245.0,3,4,True,54,20,らゔ -> ゔあいおりにすと -> とびおりる -> るび -> びる -> るうぶる -> るぽるたあじゆ -> ゆず -> ずいじ -> じゆうしゆぎ -> ぎやら -> らんぱつ -> つとめる -> るぽ -> ぽつぷす -> すず -> ずるずる -> るうぷ -> ぷろぐらむ -> むすたんぐ -> ぐりいんすくうる -> るんげ -> げえとぼおる -> るり -> りちうむ -> むぎ
monte_carlo vs alpha_beta,monte_carlo,alpha_beta,D10000_seed0_monte_carlo_vs_alpha_beta_0,10000,0,second,ended_with_n,27,first,monte_carlo,ぎ,むぎ,ぎらぎら,ぎ,ら,ら,0.515736,False,0.72,,,,,,らゔ -> ゔあいおりにすと -> とびおりる -> るび -> びる -> るうぶる -> るぽるたあじゆ -> ゆず -> ずいじ -> じゆうしゆぎ -> ぎやら -> らんぱつ -> つとめる -> るぽ -> ぽつぷす -> すず -> ずるずる -> るうぷ -> ぷろぐらむ -> むすたんぐ -> ぐりいんすくうる -> るんげ -> げえとぼおる -> るり -> りちうむ -> むぎ -> ぎらぎら
monte_carlo vs alpha_beta,monte_carlo,alpha_beta,D10000_seed0_monte_carlo_vs_alpha_beta_0,10000,0,second,ended_with_n,28,second,alpha_beta,ら,ぎらぎら,らじある,ら,る,る,1.355185,False,-215.0,4,4,True,347,20,らゔ -> ゔあいおりにすと -> とびおりる -> るび -> びる -> るうぶる -> るぽるたあじゆ -> ゆず -> ずいじ -> じゆうしゆぎ -> ぎやら -> らんぱつ -> つとめる -> るぽ -> ぽつぷす -> すず -> ずるずる -> るうぷ -> ぷろぐらむ -> むすたんぐ -> ぐりいんすくうる -> るんげ -> げえとぼおる -> るり -> りちうむ -> むぎ -> ぎらぎら -> らじある
monte_carlo vs alpha_beta,monte_carlo,alpha_beta,D10000_seed0_monte_carlo_vs_alpha_beta_0,10000,0,second,ended_with_n,29,first,monte_carlo,る,らじある,るみのおる,る,る,る,0.273791,False,0.72,,,,,,らゔ -> ゔあいおりにすと -> とびおりる -> るび -> びる -> るうぶる -> るぽるたあじゆ -> ゆず -> ずいじ -> じゆうしゆぎ -> ぎやら -> らんぱつ -> つとめる -> るぽ -> ぽつぷす -> すず -> ずるずる -> るうぷ -> ぷろぐらむ -> むすたんぐ -> ぐりいんすくうる -> るんげ -> げえとぼおる -> るり -> りちうむ -> むぎ -> ぎらぎら -> らじある -> るみのおる
monte_carlo vs alpha_beta,monte_carlo,alpha_beta,D10000_seed0_monte_carlo_vs_alpha_beta_0,10000,0,second,ended_with_n,30,second,alpha_beta,る,るみのおる,るうる,る,る,る,1.352768,False,732.0,4,4,True,230,17,らゔ -> ゔあいおりにすと -> とびおりる -> るび -> びる -> るうぶる -> るぽるたあじゆ -> ゆず -> ずいじ -> じゆうしゆぎ -> ぎやら -> らんぱつ -> つとめる -> るぽ -> ぽつぷす -> すず -> ずるずる -> るうぷ -> ぷろぐらむ -> むすたんぐ -> ぐりいんすくうる -> るんげ -> げえとぼおる -> るり -> りちうむ -> むぎ -> ぎらぎら -> らじある -> るみのおる -> るうる
monte_carlo vs alpha_beta,monte_carlo,alpha_beta,D10000_seed0_monte_carlo_vs_alpha_beta_0,10000,0,second,ended_with_n,31,first,monte_carlo,る,るうる,るうれつと,る,と,と,0.255117,False,0.61,,,,,,らゔ -> ゔあいおりにすと -> とびおりる -> るび -> びる -> るうぶる -> るぽるたあじゆ -> ゆず -> ずいじ -> じゆうしゆぎ -> ぎやら -> らんぱつ -> つとめる -> るぽ -> ぽつぷす -> すず -> ずるずる -> るうぷ -> ぷろぐらむ -> むすたんぐ -> ぐりいんすくうる -> るんげ -> げえとぼおる -> るり -> りちうむ -> むぎ -> ぎらぎら -> らじある -> るみのおる -> るうる -> るうれつと
monte_carlo vs alpha_beta,monte_carlo,alpha_beta,D10000_seed0_monte_carlo_vs_alpha_beta_0,10000,0,second,ended_with_n,32,second,alpha_beta,と,るうれつと,といあわせる,と,る,る,2.000014,True,755.0,4,3,True,717,18,らゔ -> ゔあいおりにすと -> とびおりる -> るび -> びる -> るうぶる -> るぽるたあじゆ -> ゆず -> ずいじ -> じゆうしゆぎ -> ぎやら -> らんぱつ -> つとめる -> るぽ -> ぽつぷす -> すず -> ずるずる -> るうぷ -> ぷろぐらむ -> むすたんぐ -> ぐりいんすくうる -> るんげ -> げえとぼおる -> るり -> りちうむ -> むぎ -> ぎらぎら -> らじある -> るみのおる -> るうる -> るうれつと -> といあわせる
monte_carlo vs alpha_beta,monte_carlo,alpha_beta,D10000_seed0_monte_carlo_vs_alpha_beta_0,10000,0,second,ended_with_n,33,first,monte_carlo,る,といあわせる,るうきい,る,い,い,0.207767,False,0.61,,,,,,らゔ -> ゔあいおりにすと -> とびおりる -> るび -> びる -> るうぶる -> るぽるたあじゆ -> ゆず -> ずいじ -> じゆうしゆぎ -> ぎやら -> らんぱつ -> つとめる -> るぽ -> ぽつぷす -> すず -> ずるずる -> るうぷ -> ぷろぐらむ -> むすたんぐ -> ぐりいんすくうる -> るんげ -> げえとぼおる -> るり -> りちうむ -> むぎ -> ぎらぎら -> らじある -> るみのおる -> るうる -> るうれつと -> といあわせる -> るうきい
monte_carlo vs alpha_beta,monte_carlo,alpha_beta,D10000_seed0_monte_carlo_vs_alpha_beta_0,10000,0,second,ended_with_n,34,second,alpha_beta,い,るうきい,いあわせる,い,る,る,0.331088,False,3101.0,3,3,True,27,20,らゔ -> ゔあいおりにすと -> とびおりる -> るび -> びる -> るうぶる -> るぽるたあじゆ -> ゆず -> ずいじ -> じゆうしゆぎ -> ぎやら -> らんぱつ -> つとめる -> るぽ -> ぽつぷす -> すず -> ずるずる -> るうぷ -> ぷろぐらむ -> むすたんぐ -> ぐりいんすくうる -> るんげ -> げえとぼおる -> るり -> りちうむ -> むぎ -> ぎらぎら -> らじある -> るみのおる -> るうる -> るうれつと -> といあわせる -> るうきい -> いあわせる
monte_carlo vs alpha_beta,monte_carlo,alpha_beta,D10000_seed0_monte_carlo_vs_alpha_beta_0,10000,0,second,ended_with_n,35,first,monte_carlo,る,いあわせる,るうと,る,と,と,0.175311,False,0.71,,,,,,らゔ -> ゔあいおりにすと -> とびおりる -> るび -> びる -> るうぶる -> るぽるたあじゆ -> ゆず -> ずいじ -> じゆうしゆぎ -> ぎやら -> らんぱつ -> つとめる -> るぽ -> ぽつぷす -> すず -> ずるずる -> るうぷ -> ぷろぐらむ -> むすたんぐ -> ぐりいんすくうる -> るんげ -> げえとぼおる -> るり -> りちうむ -> むぎ -> ぎらぎら -> らじある -> るみのおる -> るうる -> るうれつと -> といあわせる -> るうきい -> いあわせる -> るうと
monte_carlo vs alpha_beta,monte_carlo,alpha_beta,D10000_seed0_monte_carlo_vs_alpha_beta_0,10000,0,second,ended_with_n,36,second,alpha_beta,と,るうと,とうじる,と,る,る,0.300851,False,3109.0,3,3,True,26,20,らゔ -> ゔあいおりにすと -> とびおりる -> るび -> びる -> るうぶる -> るぽるたあじゆ -> ゆず -> ずいじ -> じゆうしゆぎ -> ぎやら -> らんぱつ -> つとめる -> るぽ -> ぽつぷす -> すず -> ずるずる -> るうぷ -> ぷろぐらむ -> むすたんぐ -> ぐりいんすくうる -> るんげ -> げえとぼおる -> るり -> りちうむ -> むぎ -> ぎらぎら -> らじある -> るみのおる -> るうる -> るうれつと -> といあわせる -> るうきい -> いあわせる -> るうと -> とうじる
monte_carlo vs alpha_beta,monte_carlo,alpha_beta,D10000_seed0_monte_carlo_vs_alpha_beta_0,10000,0,second,ended_with_n,37,first,monte_carlo,る,とうじる,るびい,る,い,い,0.138793,False,0.7,,,,,,らゔ -> ゔあいおりにすと -> とびおりる -> るび -> びる -> るうぶる -> るぽるたあじゆ -> ゆず -> ずいじ -> じゆうしゆぎ -> ぎやら -> らんぱつ -> つとめる -> るぽ -> ぽつぷす -> すず -> ずるずる -> るうぷ -> ぷろぐらむ -> むすたんぐ -> ぐりいんすくうる -> るんげ -> げえとぼおる -> るり -> りちうむ -> むぎ -> ぎらぎら -> らじある -> るみのおる -> るうる -> るうれつと -> といあわせる -> るうきい -> いあわせる -> るうと -> とうじる -> るびい
monte_carlo vs alpha_beta,monte_carlo,alpha_beta,D10000_seed0_monte_carlo_vs_alpha_beta_0,10000,0,second,ended_with_n,38,second,alpha_beta,い,るびい,いからせる,い,る,る,0.33006,False,3117.0,3,4,True,25,20,らゔ -> ゔあいおりにすと -> とびおりる -> るび -> びる -> るうぶる -> るぽるたあじゆ -> ゆず -> ずいじ -> じゆうしゆぎ -> ぎやら -> らんぱつ -> つとめる -> るぽ -> ぽつぷす -> すず -> ずるずる -> るうぷ -> ぷろぐらむ -> むすたんぐ -> ぐりいんすくうる -> るんげ -> げえとぼおる -> るり -> りちうむ -> むぎ -> ぎらぎら -> らじある -> るみのおる -> るうる -> るうれつと -> といあわせる -> るうきい -> いあわせる -> るうと -> とうじる -> るびい -> いからせる
monte_carlo vs alpha_beta,monte_carlo,alpha_beta,D10000_seed0_monte_carlo_vs_alpha_beta_0,10000,0,second,ended_with_n,39,first,monte_carlo,る,いからせる,るねつさんす,る,す,す,0.117971,False,0.5,,,,,,らゔ -> ゔあいおりにすと -> とびおりる -> るび -> びる -> るうぶる -> るぽるたあじゆ -> ゆず -> ずいじ -> じゆうしゆぎ -> ぎやら -> らんぱつ -> つとめる -> るぽ -> ぽつぷす -> すず -> ずるずる -> るうぷ -> ぷろぐらむ -> むすたんぐ -> ぐりいんすくうる -> るんげ -> げえとぼおる -> るり -> りちうむ -> むぎ -> ぎらぎら -> らじある -> るみのおる -> るうる -> るうれつと -> といあわせる -> るうきい -> いあわせる -> るうと -> とうじる -> るびい -> いからせる -> るねつさんす
monte_carlo vs alpha_beta,monte_carlo,alpha_beta,D10000_seed0_monte_carlo_vs_alpha_beta_0,10000,0,second,ended_with_n,40,second,alpha_beta,す,るねつさんす,すえる,す,る,る,1.389763,False,847.0,4,4,True,611,20,らゔ -> ゔあいおりにすと -> とびおりる -> るび -> びる -> るうぶる -> るぽるたあじゆ -> ゆず -> ずいじ -> じゆうしゆぎ -> ぎやら -> らんぱつ -> つとめる -> るぽ -> ぽつぷす -> すず -> ずるずる -> るうぷ -> ぷろぐらむ -> むすたんぐ -> ぐりいんすくうる -> るんげ -> げえとぼおる -> るり -> りちうむ -> むぎ -> ぎらぎら -> らじある -> るみのおる -> るうる -> るうれつと -> といあわせる -> るうきい -> いあわせる -> るうと -> とうじる -> るびい -> いからせる -> るねつさんす -> すえる
monte_carlo vs alpha_beta,monte_carlo,alpha_beta,D10000_seed0_monte_carlo_vs_alpha_beta_0,10000,0,second,ended_with_n,41,first,monte_carlo,る,すえる,るいじあな,る,な,な,0.080938,False,0.6,,,,,,らゔ -> ゔあいおりにすと -> とびおりる -> るび -> びる -> るうぶる -> るぽるたあじゆ -> ゆず -> ずいじ -> じゆうしゆぎ -> ぎやら -> らんぱつ -> つとめる -> るぽ -> ぽつぷす -> すず -> ずるずる -> るうぷ -> ぷろぐらむ -> むすたんぐ -> ぐりいんすくうる -> るんげ -> げえとぼおる -> るり -> りちうむ -> むぎ -> ぎらぎら -> らじある -> るみのおる -> るうる -> るうれつと -> といあわせる -> るうきい -> いあわせる -> るうと -> とうじる -> るびい -> いからせる -> るねつさんす -> すえる -> るいじあな
monte_carlo vs alpha_beta,monte_carlo,alpha_beta,D10000_seed0_monte_carlo_vs_alpha_beta_0,10000,0,second,ended_with_n,42,second,alpha_beta,な,るいじあな,ないる,な,る,る,1.562061,False,870.0,4,4,True,618,20,らゔ -> ゔあいおりにすと -> とびおりる -> るび -> びる -> るうぶる -> るぽるたあじゆ -> ゆず -> ずいじ -> じゆうしゆぎ -> ぎやら -> らんぱつ -> つとめる -> るぽ -> ぽつぷす -> すず -> ずるずる -> るうぷ -> ぷろぐらむ -> むすたんぐ -> ぐりいんすくうる -> るんげ -> げえとぼおる -> るり -> りちうむ -> むぎ -> ぎらぎら -> らじある -> るみのおる -> るうる -> るうれつと -> といあわせる -> るうきい -> いあわせる -> るうと -> とうじる -> るびい -> いからせる -> るねつさんす -> すえる -> るいじあな -> ないる
monte_carlo vs alpha_beta,monte_carlo,alpha_beta,D10000_seed0_monte_carlo_vs_alpha_beta_0,10000,0,second,ended_with_n,43,first,monte_carlo,る,ないる,るい,る,い,い,0.063637,False,0.9,,,,,,らゔ -> ゔあいおりにすと -> とびおりる -> るび -> びる -> るうぶる -> るぽるたあじゆ -> ゆず -> ずいじ -> じゆうしゆぎ -> ぎやら -> らんぱつ -> つとめる -> るぽ -> ぽつぷす -> すず -> ずるずる -> るうぷ -> ぷろぐらむ -> むすたんぐ -> ぐりいんすくうる -> るんげ -> げえとぼおる -> るり -> りちうむ -> むぎ -> ぎらぎら -> らじある -> るみのおる -> るうる -> るうれつと -> といあわせる -> るうきい -> いあわせる -> るうと -> とうじる -> るびい -> いからせる -> るねつさんす -> すえる -> るいじあな -> ないる -> るい
monte_carlo vs alpha_beta,monte_carlo,alpha_beta,D10000_seed0_monte_carlo_vs_alpha_beta_0,10000,0,second,ended_with_n,44,second,alpha_beta,い,るい,いきかえる,い,る,る,1.59384,False,893.0,4,4,True,665,20,らゔ -> ゔあいおりにすと -> とびおりる -> るび -> びる -> るうぶる -> るぽるたあじゆ -> ゆず -> ずいじ -> じゆうしゆぎ -> ぎやら -> らんぱつ -> つとめる -> るぽ -> ぽつぷす -> すず -> ずるずる -> るうぷ -> ぷろぐらむ -> むすたんぐ -> ぐりいんすくうる -> るんげ -> げえとぼおる -> るり -> りちうむ -> むぎ -> ぎらぎら -> らじある -> るみのおる -> るうる -> るうれつと -> といあわせる -> るうきい -> いあわせる -> るうと -> とうじる -> るびい -> いからせる -> るねつさんす -> すえる -> るいじあな -> ないる -> るい -> いきかえる
monte_carlo vs alpha_beta,monte_carlo,alpha_beta,D10000_seed0_monte_carlo_vs_alpha_beta_0,10000,0,second,ended_with_n,45,first,monte_carlo,る,いきかえる,るああ,る,あ,あ,0.04184,False,0.7,,,,,,らゔ -> ゔあいおりにすと -> とびおりる -> るび -> びる -> るうぶる -> るぽるたあじゆ -> ゆず -> ずいじ -> じゆうしゆぎ -> ぎやら -> らんぱつ -> つとめる -> るぽ -> ぽつぷす -> すず -> ずるずる -> るうぷ -> ぷろぐらむ -> むすたんぐ -> ぐりいんすくうる -> るんげ -> げえとぼおる -> るり -> りちうむ -> むぎ -> ぎらぎら -> らじある -> るみのおる -> るうる -> るうれつと -> といあわせる -> るうきい -> いあわせる -> るうと -> とうじる -> るびい -> いからせる -> るねつさんす -> すえる -> るいじあな -> ないる -> るい -> いきかえる -> るああ
monte_carlo vs alpha_beta,monte_carlo,alpha_beta,D10000_seed0_monte_carlo_vs_alpha_beta_0,10000,0,second,ended_with_n,46,second,alpha_beta,あ,るああ,あいてどる,あ,る,る,1.796916,False,916.0,4,4,True,800,20,らゔ -> ゔあいおりにすと -> とびおりる -> るび -> びる -> るうぶる -> るぽるたあじゆ -> ゆず -> ずいじ -> じゆうしゆぎ -> ぎやら -> らんぱつ -> つとめる -> るぽ -> ぽつぷす -> すず -> ずるずる -> るうぷ -> ぷろぐらむ -> むすたんぐ -> ぐりいんすくうる -> るんげ -> げえとぼおる -> るり -> りちうむ -> むぎ -> ぎらぎら -> らじある -> るみのおる -> るうる -> るうれつと -> といあわせる -> るうきい -> いあわせる -> るうと -> とうじる -> るびい -> いからせる -> るねつさんす -> すえる -> るいじあな -> ないる -> るい -> いきかえる -> るああ -> あいてどる
monte_carlo vs alpha_beta,monte_carlo,alpha_beta,D10000_seed0_monte_carlo_vs_alpha_beta_0,10000,0,second,ended_with_n,47,first,monte_carlo,る,あいてどる,るいけい,る,い,い,0.025509,False,0.7,,,,,,らゔ -> ゔあいおりにすと -> とびおりる -> るび -> びる -> るうぶる -> るぽるたあじゆ -> ゆず -> ずいじ -> じゆうしゆぎ -> ぎやら -> らんぱつ -> つとめる -> るぽ -> ぽつぷす -> すず -> ずるずる -> るうぷ -> ぷろぐらむ -> むすたんぐ -> ぐりいんすくうる -> るんげ -> げえとぼおる -> るり -> りちうむ -> むぎ -> ぎらぎら -> らじある -> るみのおる -> るうる -> るうれつと -> といあわせる -> るうきい -> いあわせる -> るうと -> とうじる -> るびい -> いからせる -> るねつさんす -> すえる -> るいじあな -> ないる -> るい -> いきかえる -> るああ -> あいてどる -> るいけい
monte_carlo vs alpha_beta,monte_carlo,alpha_beta,D10000_seed0_monte_carlo_vs_alpha_beta_0,10000,0,second,ended_with_n,48,second,alpha_beta,い,るいけい,いきる,い,る,る,1.351853,False,939.0,4,4,True,619,20,らゔ -> ゔあいおりにすと -> とびおりる -> るび -> びる -> るうぶる -> るぽるたあじゆ -> ゆず -> ずいじ -> じゆうしゆぎ -> ぎやら -> らんぱつ -> つとめる -> るぽ -> ぽつぷす -> すず -> ずるずる -> るうぷ -> ぷろぐらむ -> むすたんぐ -> ぐりいんすくうる -> るんげ -> げえとぼおる -> るり -> りちうむ -> むぎ -> ぎらぎら -> らじある -> るみのおる -> るうる -> るうれつと -> といあわせる -> るうきい -> いあわせる -> るうと -> とうじる -> るびい -> いからせる -> るねつさんす -> すえる -> るいじあな -> ないる -> るい -> いきかえる -> るああ -> あいてどる -> るいけい -> いきる
monte_carlo vs alpha_beta,monte_carlo,alpha_beta,D10000_seed0_monte_carlo_vs_alpha_beta_0,10000,0,second,ended_with_n,49,first,monte_carlo,る,いきる,るうふ,る,ふ,ふ,0.015387,False,0.7,,,,,,らゔ -> ゔあいおりにすと -> とびおりる -> るび -> びる -> るうぶる -> るぽるたあじゆ -> ゆず -> ずいじ -> じゆうしゆぎ -> ぎやら -> らんぱつ -> つとめる -> るぽ -> ぽつぷす -> すず -> ずるずる -> るうぷ -> ぷろぐらむ -> むすたんぐ -> ぐりいんすくうる -> るんげ -> げえとぼおる -> るり -> りちうむ -> むぎ -> ぎらぎら -> らじある -> るみのおる -> るうる -> るうれつと -> といあわせる -> るうきい -> いあわせる -> るうと -> とうじる -> るびい -> いからせる -> るねつさんす -> すえる -> るいじあな -> ないる -> るい -> いきかえる -> るああ -> あいてどる -> るいけい -> いきる -> るうふ
monte_carlo vs alpha_beta,monte_carlo,alpha_beta,D10000_seed0_monte_carlo_vs_alpha_beta_0,10000,0,second,ended_with_n,50,second,alpha_beta,ふ,るうふ,ふあいる,ふ,る,る,1.595937,False,962.0,4,4,True,687,20,らゔ -> ゔあいおりにすと -> とびおりる -> るび -> びる -> るうぶる -> るぽるたあじゆ -> ゆず -> ずいじ -> じゆうしゆぎ -> ぎやら -> らんぱつ -> つとめる -> るぽ -> ぽつぷす -> すず -> ずるずる -> るうぷ -> ぷろぐらむ -> むすたんぐ -> ぐりいんすくうる -> るんげ -> げえとぼおる -> るり -> りちうむ -> むぎ -> ぎらぎら -> らじある -> るみのおる -> るうる -> るうれつと -> といあわせる -> るうきい -> いあわせる -> るうと -> とうじる -> るびい -> いからせる -> るねつさんす -> すえる -> るいじあな -> ないる -> るい -> いきかえる -> るああ -> あいてどる -> るいけい -> いきる -> るうふ -> ふあいる
monte_carlo vs alpha_beta,monte_carlo,alpha_beta,D10000_seed0_monte_carlo_vs_alpha_beta_0,10000,0,second,ended_with_n,51,first,monte_carlo,る,ふあいる,るう,る,う,う,0.007015,False,0.5,,,,,,らゔ -> ゔあいおりにすと -> とびおりる -> るび -> びる -> るうぶる -> るぽるたあじゆ -> ゆず -> ずいじ -> じゆうしゆぎ -> ぎやら -> らんぱつ -> つとめる -> るぽ -> ぽつぷす -> すず -> ずるずる -> るうぷ -> ぷろぐらむ -> むすたんぐ -> ぐりいんすくうる -> るんげ -> げえとぼおる -> るり -> りちうむ -> むぎ -> ぎらぎら -> らじある -> るみのおる -> るうる -> るうれつと -> といあわせる -> るうきい -> いあわせる -> るうと -> とうじる -> るびい -> いからせる -> るねつさんす -> すえる -> るいじあな -> ないる -> るい -> いきかえる -> るああ -> あいてどる -> るいけい -> いきる -> るうふ -> ふあいる -> るう
monte_carlo vs alpha_beta,monte_carlo,alpha_beta,D10000_seed0_monte_carlo_vs_alpha_beta_0,10000,0,second,ended_with_n,52,second,alpha_beta,う,るう,うえる,う,る,る,0.077702,False,1000000.0,4,4,True,58,20,らゔ -> ゔあいおりにすと -> とびおりる -> るび -> びる -> るうぶる -> るぽるたあじゆ -> ゆず -> ずいじ -> じゆうしゆぎ -> ぎやら -> らんぱつ -> つとめる -> るぽ -> ぽつぷす -> すず -> ずるずる -> るうぷ -> ぷろぐらむ -> むすたんぐ -> ぐりいんすくうる -> るんげ -> げえとぼおる -> るり -> りちうむ -> むぎ -> ぎらぎら -> らじある -> るみのおる -> るうる -> るうれつと -> といあわせる -> るうきい -> いあわせる -> るうと -> とうじる -> るびい -> いからせる -> るねつさんす -> すえる -> るいじあな -> ないる -> るい -> いきかえる -> るああ -> あいてどる -> るいけい -> いきる -> るうふ -> ふあいる -> るう -> うえる
monte_carlo vs alpha_beta,monte_carlo,alpha_beta,D10000_seed0_monte_carlo_vs_alpha_beta_0,10000,0,second,ended_with_n,53,first,monte_carlo,る,うえる,るいせき,る,き,き,0.001426,False,0.2,,,,,,らゔ -> ゔあいおりにすと -> とびおりる -> るび -> びる -> るうぶる -> るぽるたあじゆ -> ゆず -> ずいじ -> じゆうしゆぎ -> ぎやら -> らんぱつ -> つとめる -> るぽ -> ぽつぷす -> すず -> ずるずる -> るうぷ -> ぷろぐらむ -> むすたんぐ -> ぐりいんすくうる -> るんげ -> げえとぼおる -> るり -> りちうむ -> むぎ -> ぎらぎら -> らじある -> るみのおる -> るうる -> るうれつと -> といあわせる -> るうきい -> いあわせる -> るうと -> とうじる -> るびい -> いからせる -> るねつさんす -> すえる -> るいじあな -> ないる -> るい -> いきかえる -> るああ -> あいてどる -> るいけい -> いきる -> るうふ -> ふあいる -> るう -> うえる -> るいせき
monte_carlo vs alpha_beta,monte_carlo,alpha_beta,D10000_seed0_monte_carlo_vs_alpha_beta_0,10000,0,second,ended_with_n,54,second,alpha_beta,き,るいせき,きいる,き,る,る,0.003831,False,1000000.0,4,4,True,20,20,らゔ -> ゔあいおりにすと -> とびおりる -> るび -> びる -> るうぶる -> るぽるたあじゆ -> ゆず -> ずいじ -> じゆうしゆぎ -> ぎやら -> らんぱつ -> つとめる -> るぽ -> ぽつぷす -> すず -> ずるずる -> るうぷ -> ぷろぐらむ -> むすたんぐ -> ぐりいんすくうる -> るんげ -> げえとぼおる -> るり -> りちうむ -> むぎ -> ぎらぎら -> らじある -> るみのおる -> るうる -> るうれつと -> といあわせる -> るうきい -> いあわせる -> るうと -> とうじる -> るびい -> いからせる -> るねつさんす -> すえる -> るいじあな -> ないる -> るい -> いきかえる -> るああ -> あいてどる -> るいけい -> いきる -> るうふ -> ふあいる -> るう -> うえる -> るいせき -> きいる
monte_carlo vs alpha_beta,monte_carlo,alpha_beta,D10000_seed0_monte_carlo_vs_alpha_beta_0,10000,0,second,ended_with_n,55,first,monte_carlo,る,きいる,るいしん,る,ん,,7e-06,False,0.0,,,,,,らゔ -> ゔあいおりにすと -> とびおりる -> るび -> びる -> るうぶる -> るぽるたあじゆ -> ゆず -> ずいじ -> じゆうしゆぎ -> ぎやら -> らんぱつ -> つとめる -> るぽ -> ぽつぷす -> すず -> ずるずる -> るうぷ -> ぷろぐらむ -> むすたんぐ -> ぐりいんすくうる -> るんげ -> げえとぼおる -> るり -> りちうむ -> むぎ -> ぎらぎら -> らじある -> るみのおる -> るうる -> るうれつと -> といあわせる -> るうきい -> いあわせる -> るうと -> とうじる -> るびい -> いからせる -> るねつさんす -> すえる -> るいじあな -> ないる -> るい -> いきかえる -> るああ -> あいてどる -> るいけい -> いきる -> るうふ -> ふあいる -> るう -> うえる -> るいせき -> きいる -> るいしん
alpha_beta vs random,alpha_beta,random,D10000_seed0_alpha_beta_vs_random_0,10000,0,first,ended_with_n,1,first,alpha_beta,ANY,,しろきぬ,し,ぬ,ぬ,2.000024,True,-320.0,4,3,True,382,10,しろきぬ
alpha_beta vs random,alpha_beta,random,D10000_seed0_alpha_beta_vs_random_0,10000,0,first,ended_with_n,2,second,random,ぬ,しろきぬ,ぬの,ぬ,の,の,6e-06,False,0.0,,,,,,しろきぬ -> ぬの
alpha_beta vs random,alpha_beta,random,D10000_seed0_alpha_beta_vs_random_0,10000,0,first,ended_with_n,3,first,alpha_beta,の,ぬの,のいろおぜ,の,ぜ,ぜ,1.08979,False,350.0,3,3,True,57,20,しろきぬ -> ぬの -> のいろおぜ
alpha_beta vs random,alpha_beta,random,D10000_seed0_alpha_beta_vs_random_0,10000,0,first,ended_with_n,4,second,random,ぜ,のいろおぜ,ぜんかい,ぜ,い,い,7e-06,False,0.0,,,,,,しろきぬ -> ぬの -> のいろおぜ -> ぜんかい
alpha_beta vs random,alpha_beta,random,D10000_seed0_alpha_beta_vs_random_0,10000,0,first,ended_with_n,5,first,alpha_beta,い,ぜんかい,いちず,い,ず,ず,0.991484,False,335.0,3,3,True,33,20,しろきぬ -> ぬの -> のいろおぜ -> ぜんかい -> いちず
alpha_beta vs random,alpha_beta,random,D10000_seed0_alpha_beta_vs_random_0,10000,0,first,ended_with_n,6,second,random,ず,いちず,ずいしよ,ず,よ,よ,5e-06,False,0.0,,,,,,しろきぬ -> ぬの -> のいろおぜ -> ぜんかい -> いちず -> ずいしよ
alpha_beta vs random,alpha_beta,random,D10000_seed0_alpha_beta_vs_random_0,10000,0,first,ended_with_n,7,first,alpha_beta,よ,ずいしよ,ようぎ,よ,ぎ,ぎ,0.862401,False,350.0,3,4,True,51,20,しろきぬ -> ぬの -> のいろおぜ -> ぜんかい -> いちず -> ずいしよ -> ようぎ
alpha_beta vs random,alpha_beta,random,D10000_seed0_alpha_beta_vs_random_0,10000,0,first,ended_with_n,8,second,random,ぎ,ようぎ,ぎようむ,ぎ,む,む,6e-06,False,0.0,,,,,,しろきぬ -> ぬの -> のいろおぜ -> ぜんかい -> いちず -> ずいしよ -> ようぎ -> ぎようむ
alpha_beta vs random,alpha_beta,random,D10000_seed0_alpha_beta_vs_random_0,10000,0,first,ended_with_n,9,first,alpha_beta,む,ぎようむ,むくいる,む,る,る,2.000008,True,-320.0,4,3,True,250,12,しろきぬ -> ぬの -> のいろおぜ -> ぜんかい -> いちず -> ずいしよ -> ようぎ -> ぎようむ -> むくいる
alpha_beta vs random,alpha_beta,random,D10000_seed0_alpha_beta_vs_random_0,10000,0,first,ended_with_n,10,second,random,る,むくいる,るうれつと,る,と,と,5e-06,False,0.0,,,,,,しろきぬ -> ぬの -> のいろおぜ -> ぜんかい -> いちず -> ずいしよ -> ようぎ -> ぎようむ -> むくいる -> るうれつと
alpha_beta vs random,alpha_beta,random,D10000_seed0_alpha_beta_vs_random_0,10000,0,first,ended_with_n,11,first,alpha_beta,と,るうれつと,とりあえず,と,ず,ず,0.847476,False,320.0,3,3,True,32,20,しろきぬ -> ぬの -> のいろおぜ -> ぜんかい -> いちず -> ずいしよ -> ようぎ -> ぎようむ -> むくいる -> るうれつと -> とりあえず
alpha_beta vs random,alpha_beta,random,D10000_seed0_alpha_beta_vs_random_0,10000,0,first,ended_with_n,12,second,random,ず,とりあえず,ずばり,ず,り,り,5e-06,False,0.0,,,,,,しろきぬ -> ぬの -> のいろおぜ -> ぜんかい -> いちず -> ずいしよ -> ようぎ -> ぎようむ -> むくいる -> るうれつと -> とりあえず -> ずばり
alpha_beta vs random,alpha_beta,random,D10000_seed0_alpha_beta_vs_random_0,10000,0,first,ended_with_n,13,first,alpha_beta,り,ずばり,りくじようきようぎ,り,ぎ,ぎ,1.201306,False,335.0,3,3,True,73,20,しろきぬ -> ぬの -> のいろおぜ -> ぜんかい -> いちず -> ずいしよ -> ようぎ -> ぎようむ -> むくいる -> るうれつと -> とりあえず -> ずばり -> りくじようきようぎ
alpha_beta vs random,alpha_beta,random,D10000_seed0_alpha_beta_vs_random_0,10000,0,first,ended_with_n,14,second,random,ぎ,りくじようきようぎ,ぎし,ぎ,し,し,8e-06,False,0.0,,,,,,しろきぬ -> ぬの -> のいろおぜ -> ぜんかい -> いちず -> ずいしよ -> ようぎ -> ぎようむ -> むくいる -> るうれつと -> とりあえず -> ずばり -> りくじようきようぎ -> ぎし
alpha_beta vs random,alpha_beta,random,D10000_seed0_alpha_beta_vs_random_0,10000,0,first,ended_with_n,15,first,alpha_beta,し,ぎし,しぬ,し,ぬ,ぬ,0.975486,False,320.0,3,4,True,34,20,しろきぬ -> ぬの -> のいろおぜ -> ぜんかい -> いちず -> ずいしよ -> ようぎ -> ぎようむ -> むくいる -> るうれつと -> とりあえず -> ずばり -> りくじようきようぎ -> ぎし -> しぬ
alpha_beta vs random,alpha_beta,random,D10000_seed0_alpha_beta_vs_random_0,10000,0,first,ended_with_n,16,second,random,ぬ,しぬ,ぬくまる,ぬ,る,る,5e-06,False,0.0,,,,,,しろきぬ -> ぬの -> のいろおぜ -> ぜんかい -> いちず -> ずいしよ -> ようぎ -> ぎようむ -> むくいる -> るうれつと -> とりあえず -> ずばり -> りくじようきようぎ -> ぎし -> しぬ -> ぬくまる
alpha_beta vs random,alpha_beta,random,D10000_seed0_alpha_beta_vs_random_0,10000,0,first,ended_with_n,17,first,alpha_beta,る,ぬくまる,るうふ,る,ふ,ふ,2.000045,True,-0.0,4,3,True,394,18,しろきぬ -> ぬの -> のいろおぜ -> ぜんかい -> いちず -> ずいしよ -> ようぎ -> ぎようむ -> むくいる -> るうれつと -> とりあえず -> ずばり -> りくじようきようぎ -> ぎし -> しぬ -> ぬくまる -> るうふ
alpha_beta vs random,alpha_beta,random,D10000_seed0_alpha_beta_vs_random_0,10000,0,first,ended_with_n,18,second,random,ふ,るうふ,ふすま,ふ,ま,ま,1.9e-05,False,0.0,,,,,,しろきぬ -> ぬの -> のいろおぜ -> ぜんかい -> いちず -> ずいしよ -> ようぎ -> ぎようむ -> むくいる -> るうれつと -> とりあえず -> ずばり -> りくじようきようぎ -> ぎし -> しぬ -> ぬくまる -> るうふ -> ふすま
alpha_beta vs random,alpha_beta,random,D10000_seed0_alpha_beta_vs_random_0,10000,0,first,ended_with_n,19,first,alpha_beta,ま,ふすま,まず,ま,ず,ず,0.767199,False,305.0,3,3,True,31,20,しろきぬ -> ぬの -> のいろおぜ -> ぜんかい -> いちず -> ずいしよ -> ようぎ -> ぎようむ -> むくいる -> るうれつと -> とりあえず -> ずばり -> りくじようきようぎ -> ぎし -> しぬ -> ぬくまる -> るうふ -> ふすま -> まず
alpha_beta vs random,alpha_beta,random,D10000_seed0_alpha_beta_vs_random_0,10000,0,first,ended_with_n,20,second,random,ず,まず,ずれる,ず,る,る,4e-06,False,0.0,,,,,,しろきぬ -> ぬの -> のいろおぜ -> ぜんかい -> いちず -> ずいしよ -> ようぎ -> ぎようむ -> むくいる -> るうれつと -> とりあえず -> ずばり -> りくじようきようぎ -> ぎし -> しぬ -> ぬくまる -> るうふ -> ふすま -> まず -> ずれる
alpha_beta vs random,alpha_beta,random,D10000_seed0_alpha_beta_vs_random_0,10000,0,first,ended_with_n,21,first,alpha_beta,る,ずれる,るうぶる,る,る,る,0.991659,False,290.0,3,3,True,38,20,しろきぬ -> ぬの -> のいろおぜ -> ぜんかい -> いちず -> ずいしよ -> ようぎ -> ぎようむ -> むくいる -> るうれつと -> とりあえず -> ずばり -> りくじようきようぎ -> ぎし -> しぬ -> ぬくまる -> るうふ -> ふすま -> まず -> ずれる -> るうぶる
alpha_beta vs random,alpha_beta,random,D10000_seed0_alpha_beta_vs_random_0,10000,0,first,ended_with_n,22,second,random,る,るうぶる,るああ,る,あ,あ,5e-06,False,0.0,,,,,,しろきぬ -> ぬの -> のいろおぜ -> ぜんかい -> いちず -> ずいしよ -> ようぎ -> ぎようむ -> むくいる -> るうれつと -> とりあえず -> ずばり -> りくじようきようぎ -> ぎし -> しぬ -> ぬくまる -> るうふ -> ふすま -> まず -> ずれる -> るうぶる -> るああ
alpha_beta vs random,alpha_beta,random,D10000_seed0_alpha_beta_vs_random_0,10000,0,first,ended_with_n,23,first,alpha_beta,あ,るああ,あいず,あ,ず,ず,1.293386,False,275.0,3,4,True,49,20,しろきぬ -> ぬの -> のいろおぜ -> ぜんかい -> いちず -> ずいしよ -> ようぎ -> ぎようむ -> むくいる -> るうれつと -> とりあえず -> ずばり -> りくじようきようぎ -> ぎし -> しぬ -> ぬくまる -> るうふ -> ふすま -> まず -> ずれる -> るうぶる -> るああ -> あいず
alpha_beta vs random,alpha_beta,random,D10000_seed0_alpha_beta_vs_random_0,10000,0,first,ended_with_n,24,second,random,ず,あいず,ずらす,ず,す,す,4e-06,False,0.0,,,,,,しろきぬ -> ぬの -> のいろおぜ -> ぜんかい -> いちず -> ずいしよ -> ようぎ -> ぎようむ -> むくいる -> るうれつと -> とりあえず -> ずばり -> りくじようきようぎ -> ぎし -> しぬ -> ぬくまる -> るうふ -> ふすま -> まず -> ずれる -> るうぶる -> るああ -> あいず -> ずらす
alpha_beta vs random,alpha_beta,random,D10000_seed0_alpha_beta_vs_random_0,10000,0,first,ended_with_n,25,first,alpha_beta,す,ずらす,すてる,す,る,る,2.00001,True,-173.0,4,3,True,285,8,しろきぬ -> ぬの -> のいろおぜ -> ぜんかい -> いちず -> ずいしよ -> ようぎ -> ぎようむ -> むくいる -> るうれつと -> とりあえず -> ずばり -> りくじようきようぎ -> ぎし -> しぬ -> ぬくまる -> るうふ -> ふすま -> まず -> ずれる -> るうぶる -> るああ -> あいず -> ずらす -> すてる
alpha_beta vs random,alpha_beta,random,D10000_seed0_alpha_beta_vs_random_0,10000,0,first,ended_with_n,26,second,random,る,すてる,るんげ,る,げ,げ,5e-06,False,0.0,,,,,,しろきぬ -> ぬの -> のいろおぜ -> ぜんかい -> いちず -> ずいしよ -> ようぎ -> ぎようむ -> むくいる -> るうれつと -> とりあえず -> ずばり -> りくじようきようぎ -> ぎし -> しぬ -> ぬくまる -> るうふ -> ふすま -> まず -> ずれる -> るうぶる -> るああ -> あいず -> ずらす -> すてる -> るんげ
alpha_beta vs random,alpha_beta,random,D10000_seed0_alpha_beta_vs_random_0,10000,0,first,ended_with_n,27,first,alpha_beta,げ,るんげ,げんぎ,げ,ぎ,ぎ,0.875827,False,275.0,3,3,True,53,20,しろきぬ -> ぬの -> のいろおぜ -> ぜんかい -> いちず -> ずいしよ -> ようぎ -> ぎようむ -> むくいる -> るうれつと -> とりあえず -> ずばり -> りくじようきようぎ -> ぎし -> しぬ -> ぬくまる -> るうふ -> ふすま -> まず -> ずれる -> るうぶる -> るああ -> あいず -> ずらす -> すてる -> るんげ -> げんぎ
alpha_beta vs random,alpha_beta,random,D10000_seed0_alpha_beta_vs_random_0,10000,0,first,ended_with_n,28,second,random,ぎ,げんぎ,ぎせい,ぎ,い,い,7e-06,False,0.0,,,,,,しろきぬ -> ぬの -> のいろおぜ -> ぜんかい -> いちず -> ずいしよ -> ようぎ -> ぎようむ -> むくいる -> るうれつと -> とりあえず -> ずばり -> りくじようきようぎ -> ぎし -> しぬ -> ぬくまる -> るうふ -> ふすま -> まず -> ずれる -> るうぶる -> るああ -> あいず -> ずらす -> すてる -> るんげ -> げんぎ -> ぎせい
alpha_beta vs random,alpha_beta,random,D10000_seed0_alpha_beta_vs_random_0,10000,0,first,ended_with_n,29,first,alpha_beta,い,ぎせい,いあわせる,い,る,る,1.273146,False,260.0,3,3,True,50,20,しろきぬ -> ぬの -> のいろおぜ -> ぜんかい -> いちず -> ずいしよ -> ようぎ -> ぎようむ -> むくいる -> るうれつと -> とりあえず -> ずばり -> りくじようきようぎ -> ぎし -> しぬ -> ぬくまる -> るうふ -> ふすま -> まず -> ずれる -> るうぶる -> るああ -> あいず -> ずらす -> すてる -> るんげ -> げんぎ -> ぎせい -> いあわせる
alpha_beta vs random,alpha_beta,random,D10000_seed0_alpha_beta_vs_random_0,10000,0,first,ended_with_n,30,second,random,る,いあわせる,るぽるたあじゆ,る,ゆ,ゆ,4e-06,False,0.0,,,,,,しろきぬ -> ぬの -> のいろおぜ -> ぜんかい -> いちず -> ずいしよ -> ようぎ -> ぎようむ -> むくいる -> るうれつと -> とりあえず -> ずばり -> りくじようきようぎ -> ぎし -> しぬ -> ぬくまる -> るうふ -> ふすま -> まず -> ずれる -> るうぶる -> るああ -> あいず -> ずらす -> すてる -> るんげ -> げんぎ -> ぎせい -> いあわせる -> るぽるたあじゆ
alpha_beta vs random,alpha_beta,random,D10000_seed0_alpha_beta_vs_random_0,10000,0,first,ended_with_n,31,first,alpha_beta,ゆ,るぽるたあじゆ,ゆず,ゆ,ず,ず,0.936942,False,245.0,3,4,True,37,20,しろきぬ -> ぬの -> のいろおぜ -> ぜんかい -> いちず -> ずいしよ -> ようぎ -> ぎようむ -> むくいる -> るうれつと -> とりあえず -> ずばり -> りくじようきようぎ -> ぎし -> しぬ -> ぬくまる -> るうふ -> ふすま -> まず -> ずれる -> るうぶる -> るああ -> あいず -> ずらす -> すてる -> るんげ -> げんぎ -> ぎせい -> いあわせる -> るぽるたあじゆ -> ゆず
alpha_beta vs random,alpha_beta,random,D10000_seed0_alpha_beta_vs_random_0,10000,0,first,ended_with_n,32,second,random,ず,ゆず,ずのう,ず,う,う,5e-06,False,0.0,,,,,,しろきぬ -> ぬの -> のいろおぜ -> ぜんかい -> いちず -> ずいしよ -> ようぎ -> ぎようむ -> むくいる -> るうれつと -> とりあえず -> ずばり -> りくじようきようぎ -> ぎし -> しぬ -> ぬくまる -> るうふ -> ふすま -> まず -> ずれる -> るうぶる -> るああ -> あいず -> ずらす -> すてる -> るんげ -> げんぎ -> ぎせい -> いあわせる -> るぽるたあじゆ -> ゆず -> ずのう
alpha_beta vs random,alpha_beta,random,D10000_seed0_alpha_beta_vs_random_0,10000,0,first,ended_with_n,33,first,alpha_beta,う,ずのう,うまる,う,る,る,2.000015,True,-148.0,4,3,True,392,12,しろきぬ -> ぬの -> のいろおぜ -> ぜんかい -> いちず -> ずいしよ -> ようぎ -> ぎようむ -> むくいる -> るうれつと -> とりあえず -> ずばり -> りくじようきようぎ -> ぎし -> しぬ -> ぬくまる -> るうふ -> ふすま -> まず -> ずれる -> るうぶる -> るああ -> あいず -> ずらす -> すてる -> るんげ -> げんぎ -> ぎせい -> いあわせる -> るぽるたあじゆ -> ゆず -> ずのう -> うまる
alpha_beta vs random,alpha_beta,random,D10000_seed0_alpha_beta_vs_random_0,10000,0,first,ended_with_n,34,second,random,る,うまる,るうる,る,る,る,5e-06,False,0.0,,,,,,しろきぬ -> ぬの -> のいろおぜ -> ぜんかい -> いちず -> ずいしよ -> ようぎ -> ぎようむ -> むくいる -> るうれつと -> とりあえず -> ずばり -> りくじようきようぎ -> ぎし -> しぬ -> ぬくまる -> るうふ -> ふすま -> まず -> ずれる -> るうぶる -> るああ -> あいず -> ずらす -> すてる -> るんげ -> げんぎ -> ぎせい -> いあわせる -> るぽるたあじゆ -> ゆず -> ずのう -> うまる -> るうる
alpha_beta vs random,alpha_beta,random,D10000_seed0_alpha_beta_vs_random_0,10000,0,first,ended_with_n,35,first,alpha_beta,る,るうる,るみのおる,る,る,る,0.424453,False,478.5,3,3,True,24,18,しろきぬ -> ぬの -> のいろおぜ -> ぜんかい -> いちず -> ずいしよ -> ようぎ -> ぎようむ -> むくいる -> るうれつと -> とりあえず -> ずばり -> りくじようきようぎ -> ぎし -> しぬ -> ぬくまる -> るうふ -> ふすま -> まず -> ずれる -> るうぶる -> るああ -> あいず -> ずらす -> すてる -> るんげ -> げんぎ -> ぎせい -> いあわせる -> るぽるたあじゆ -> ゆず -> ずのう -> うまる -> るうる -> るみのおる
alpha_beta vs random,alpha_beta,random,D10000_seed0_alpha_beta_vs_random_0,10000,0,first,ended_with_n,36,second,random,る,るみのおる,るいじあな,る,な,な,4e-06,False,0.0,,,,,,しろきぬ -> ぬの -> のいろおぜ -> ぜんかい -> いちず -> ずいしよ -> ようぎ -> ぎようむ -> むくいる -> るうれつと -> とりあえず -> ずばり -> りくじようきようぎ -> ぎし -> しぬ -> ぬくまる -> るうふ -> ふすま -> まず -> ずれる -> るうぶる -> るああ -> あいず -> ずらす -> すてる -> るんげ -> げんぎ -> ぎせい -> いあわせる -> るぽるたあじゆ -> ゆず -> ずのう -> うまる -> るうる -> るみのおる -> るいじあな
alpha_beta vs random,alpha_beta,random,D10000_seed0_alpha_beta_vs_random_0,10000,0,first,ended_with_n,37,first,alpha_beta,な,るいじあな,ないる,な,る,る,0.890161,False,486.5,3,3,True,29,20,しろきぬ -> ぬの -> のいろおぜ -> ぜんかい -> いちず -> ずいしよ -> ようぎ -> ぎようむ -> むくいる -> るうれつと -> とりあえず -> ずばり -> りくじようきようぎ -> ぎし -> しぬ -> ぬくまる -> るうふ -> ふすま -> まず -> ずれる -> るうぶる -> るああ -> あいず -> ずらす -> すてる -> るんげ -> げんぎ -> ぎせい -> いあわせる -> るぽるたあじゆ -> ゆず -> ずのう -> うまる -> るうる -> るみのおる -> るいじあな -> ないる
alpha_beta vs random,alpha_beta,random,D10000_seed0_alpha_beta_vs_random_0,10000,0,first,ended_with_n,38,second,random,る,ないる,るぽ,る,ぽ,ぽ,5e-06,False,0.0,,,,,,しろきぬ -> ぬの -> のいろおぜ -> ぜんかい -> いちず -> ずいしよ -> ようぎ -> ぎようむ -> むくいる -> るうれつと -> とりあえず -> ずばり -> りくじようきようぎ -> ぎし -> しぬ -> ぬくまる -> るうふ -> ふすま -> まず -> ずれる -> るうぶる -> るああ -> あいず -> ずらす -> すてる -> るんげ -> げんぎ -> ぎせい -> いあわせる -> るぽるたあじゆ -> ゆず -> ずのう -> うまる -> るうる -> るみのおる -> るいじあな -> ないる -> るぽ
alpha_beta vs random,alpha_beta,random,D10000_seed0_alpha_beta_vs_random_0,10000,0,first,ended_with_n,39,first,alpha_beta,ぽ,るぽ,ぽけつとべる,ぽ,る,る,0.567451,False,887.5,3,4,True,28,20,しろきぬ -> ぬの -> のいろおぜ -> ぜんかい -> いちず -> ずいしよ -> ようぎ -> ぎようむ -> むくいる -> るうれつと -> とりあえず -> ずばり -> りくじようきようぎ -> ぎし -> しぬ -> ぬくまる -> るうふ -> ふすま -> まず -> ずれる -> るうぶる -> るああ -> あいず -> ずらす -> すてる -> るんげ -> げんぎ -> ぎせい -> いあわせる -> るぽるたあじゆ -> ゆず -> ずのう -> うまる -> るうる -> るみのおる -> るいじあな -> ないる -> るぽ -> ぽけつとべる
alpha_beta vs random,alpha_beta,random,D10000_seed0_alpha_beta_vs_random_0,10000,0,first,ended_with_n,40,second,random,る,ぽけつとべる,るび,る,び,び,3e-06,False,0.0,,,,,,しろきぬ -> ぬの -> のいろおぜ -> ぜんかい -> いちず -> ずいしよ -> ようぎ -> ぎようむ -> むくいる -> るうれつと -> とりあえず -> ずばり -> りくじようきようぎ -> ぎし -> しぬ -> ぬくまる -> るうふ -> ふすま -> まず -> ずれる -> るうぶる -> るああ -> あいず -> ずらす -> すてる -> るんげ -> げんぎ -> ぎせい -> いあわせる -> るぽるたあじゆ -> ゆず -> ずのう -> うまる -> るうる -> るみのおる -> るいじあな -> ないる -> るぽ -> ぽけつとべる -> るび
alpha_beta vs random,alpha_beta,random,D10000_seed0_alpha_beta_vs_random_0,10000,0,first,ended_with_n,41,first,alpha_beta,び,るび,びいぐる,び,る,る,0.930996,False,68.0,4,4,True,352,20,しろきぬ -> ぬの -> のいろおぜ -> ぜんかい -> いちず -> ずいしよ -> ようぎ -> ぎようむ -> むくいる -> るうれつと -> とりあえず -> ずばり -> りくじようきようぎ -> ぎし -> しぬ -> ぬくまる -> るうふ -> ふすま -> まず -> ずれる -> るうぶる -> るああ -> あいず -> ずらす -> すてる -> るんげ -> げんぎ -> ぎせい -> いあわせる -> るぽるたあじゆ -> ゆず -> ずのう -> うまる -> るうる -> るみのおる -> るいじあな -> ないる -> るぽ -> ぽけつとべる -> るび -> びいぐる
alpha_beta vs random,alpha_beta,random,D10000_seed0_alpha_beta_vs_random_0,10000,0,first,ended_with_n,42,second,random,る,びいぐる,るうきい,る,い,い,4e-06,False,0.0,,,,,,しろきぬ -> ぬの -> のいろおぜ -> ぜんかい -> いちず -> ずいしよ -> ようぎ -> ぎようむ -> むくいる -> るうれつと -> とりあえず -> ずばり -> りくじようきようぎ -> ぎし -> しぬ -> ぬくまる -> るうふ -> ふすま -> まず -> ずれる -> るうぶる -> るああ -> あいず -> ずらす -> すてる -> るんげ -> げんぎ -> ぎせい -> いあわせる -> るぽるたあじゆ -> ゆず -> ずのう -> うまる -> るうる -> るみのおる -> るいじあな -> ないる -> るぽ -> ぽけつとべる -> るび -> びいぐる -> るうきい
alpha_beta vs random,alpha_beta,random,D10000_seed0_alpha_beta_vs_random_0,10000,0,first,ended_with_n,43,first,alpha_beta,い,るうきい,いからせる,い,る,る,1.330943,False,91.0,4,4,True,715,20,しろきぬ -> ぬの -> のいろおぜ -> ぜんかい -> いちず -> ずいしよ -> ようぎ -> ぎようむ -> むくいる -> るうれつと -> とりあえず -> ずばり -> りくじようきようぎ -> ぎし -> しぬ -> ぬくまる -> るうふ -> ふすま -> まず -> ずれる -> るうぶる -> るああ -> あいず -> ずらす -> すてる -> るんげ -> げんぎ -> ぎせい -> いあわせる -> るぽるたあじゆ -> ゆず -> ずのう -> うまる -> るうる -> るみのおる -> るいじあな -> ないる -> るぽ -> ぽけつとべる -> るび -> びいぐる -> るうきい -> いからせる
alpha_beta vs random,alpha_beta,random,D10000_seed0_alpha_beta_vs_random_0,10000,0,first,ended_with_n,44,second,random,る,いからせる,るねつさんす,る,す,す,4e-06,False,0.0,,,,,,しろきぬ -> ぬの -> のいろおぜ -> ぜんかい -> いちず -> ずいしよ -> ようぎ -> ぎようむ -> むくいる -> るうれつと -> とりあえず -> ずばり -> りくじようきようぎ -> ぎし -> しぬ -> ぬくまる -> るうふ -> ふすま -> まず -> ずれる -> るうぶる -> るああ -> あいず -> ずらす -> すてる -> るんげ -> げんぎ -> ぎせい -> いあわせる -> るぽるたあじゆ -> ゆず -> ずのう -> うまる -> るうる -> るみのおる -> るいじあな -> ないる -> るぽ -> ぽけつとべる -> るび -> びいぐる -> るうきい -> いからせる -> るねつさんす
alpha_beta vs random,alpha_beta,random,D10000_seed0_alpha_beta_vs_random_0,10000,0,first,ended_with_n,45,first,alpha_beta,す,るねつさんす,すえる,す,る,る,1.096016,False,114.0,4,4,True,587,20,しろきぬ -> ぬの -> のいろおぜ -> ぜんかい -> いちず -> ずいしよ -> ようぎ -> ぎようむ -> むくいる -> るうれつと -> とりあえず -> ずばり -> りくじようきようぎ -> ぎし -> しぬ -> ぬくまる -> るうふ -> ふすま -> まず -> ずれる -> るうぶる -> るああ -> あいず -> ずらす -> すてる -> るんげ -> げんぎ -> ぎせい -> いあわせる -> るぽるたあじゆ -> ゆず -> ずのう -> うまる -> るうる -> るみのおる -> るいじあな -> ないる -> るぽ -> ぽけつとべる -> るび -> びいぐる -> るうきい -> いからせる -> るねつさんす -> すえる
alpha_beta vs random,alpha_beta,random,D10000_seed0_alpha_beta_vs_random_0,10000,0,first,ended_with_n,46,second,random,る,すえる,るいけい,る,い,い,5e-06,False,0.0,,,,,,しろきぬ -> ぬの -> のいろおぜ -> ぜんかい -> いちず -> ずいしよ -> ようぎ -> ぎようむ -> むくいる -> るうれつと -> とりあえず -> ずばり -> りくじようきようぎ -> ぎし -> しぬ -> ぬくまる -> るうふ -> ふすま -> まず -> ずれる -> るうぶる -> るああ -> あいず -> ずらす -> すてる -> るんげ -> げんぎ -> ぎせい -> いあわせる -> るぽるたあじゆ -> ゆず -> ずのう -> うまる -> るうる -> るみのおる -> るいじあな -> ないる -> るぽ -> ぽけつとべる -> るび -> びいぐる -> るうきい -> いからせる -> るねつさんす -> すえる -> るいけい
alpha_beta vs random,alpha_beta,random,D10000_seed0_alpha_beta_vs_random_0,10000,0,first,ended_with_n,47,first,alpha_beta,い,るいけい,いきかえる,い,る,る,1.096747,False,137.0,4,4,True,675,20,しろきぬ -> ぬの -> のいろおぜ -> ぜんかい -> いちず -> ずいしよ -> ようぎ -> ぎようむ -> むくいる -> るうれつと -> とりあえず -> ずばり -> りくじようきようぎ -> ぎし -> しぬ -> ぬくまる -> るうふ -> ふすま -> まず -> ずれる -> るうぶる -> るああ -> あいず -> ずらす -> すてる -> るんげ -> げんぎ -> ぎせい -> いあわせる -> るぽるたあじゆ -> ゆず -> ずのう -> うまる -> るうる -> るみのおる -> るいじあな -> ないる -> るぽ -> ぽけつとべる -> るび -> びいぐる -> るうきい -> いからせる -> るねつさんす -> すえる -> るいけい -> いきかえる
alpha_beta vs random,alpha_beta,random,D10000_seed0_alpha_beta_vs_random_0,10000,0,first,ended_with_n,48,second,random,る,いきかえる,るうと,る,と,と,4e-06,False,0.0,,,,,,しろきぬ -> ぬの -> のいろおぜ -> ぜんかい -> いちず -> ずいしよ -> ようぎ -> ぎようむ -> むくいる -> るうれつと -> とりあえず -> ずばり -> りくじようきようぎ -> ぎし -> しぬ -> ぬくまる -> るうふ -> ふすま -> まず -> ずれる -> るうぶる -> るああ -> あいず -> ずらす -> すてる -> るんげ -> げんぎ -> ぎせい -> いあわせる -> るぽるたあじゆ -> ゆず -> ずのう -> うまる -> るうる -> るみのおる -> るいじあな -> ないる -> るぽ -> ぽけつとべる -> るび -> びいぐる -> るうきい -> いからせる -> るねつさんす -> すえる -> るいけい -> いきかえる -> るうと
alpha_beta vs random,alpha_beta,random,D10000_seed0_alpha_beta_vs_random_0,10000,0,first,ended_with_n,49,first,alpha_beta,と,るうと,といあわせる,と,る,る,1.182964,False,160.0,4,4,True,802,20,しろきぬ -> ぬの -> のいろおぜ -> ぜんかい -> いちず -> ずいしよ -> ようぎ -> ぎようむ -> むくいる -> るうれつと -> とりあえず -> ずばり -> りくじようきようぎ -> ぎし -> しぬ -> ぬくまる -> るうふ -> ふすま -> まず -> ずれる -> るうぶる -> るああ -> あいず -> ずらす -> すてる -> るんげ -> げんぎ -> ぎせい -> いあわせる -> るぽるたあじゆ -> ゆず -> ずのう -> うまる -> るうる -> るみのおる -> るいじあな -> ないる -> るぽ -> ぽけつとべる -> るび -> びいぐる -> るうきい -> いからせる -> るねつさんす -> すえる -> るいけい -> いきかえる -> るうと -> といあわせる
alpha_beta vs random,alpha_beta,random,D10000_seed0_alpha_beta_vs_random_0,10000,0,first,ended_with_n,50,second,random,る,といあわせる,るいせき,る,き,き,4e-06,False,0.0,,,,,,しろきぬ -> ぬの -> のいろおぜ -> ぜんかい -> いちず -> ずいしよ -> ようぎ -> ぎようむ -> むくいる -> るうれつと -> とりあえず -> ずばり -> りくじようきようぎ -> ぎし -> しぬ -> ぬくまる -> るうふ -> ふすま -> まず -> ずれる -> るうぶる -> るああ -> あいず -> ずらす -> すてる -> るんげ -> げんぎ -> ぎせい -> いあわせる -> るぽるたあじゆ -> ゆず -> ずのう -> うまる -> るうる -> るみのおる -> るいじあな -> ないる -> るぽ -> ぽけつとべる -> るび -> びいぐる -> るうきい -> いからせる -> るねつさんす -> すえる -> るいけい -> いきかえる -> るうと -> といあわせる -> るいせき
alpha_beta vs random,alpha_beta,random,D10000_seed0_alpha_beta_vs_random_0,10000,0,first,ended_with_n,51,first,alpha_beta,き,るいせき,きいる,き,る,る,1.046537,False,183.0,4,4,True,767,20,しろきぬ -> ぬの -> のいろおぜ -> ぜんかい -> いちず -> ずいしよ -> ようぎ -> ぎようむ -> むくいる -> るうれつと -> とりあえず -> ずばり -> りくじようきようぎ -> ぎし -> しぬ -> ぬくまる -> るうふ -> ふすま -> まず -> ずれる -> るうぶる -> るああ -> あいず -> ずらす -> すてる -> るんげ -> げんぎ -> ぎせい -> いあわせる -> るぽるたあじゆ -> ゆず -> ずのう -> うまる -> るうる -> るみのおる -> るいじあな -> ないる -> るぽ -> ぽけつとべる -> るび -> びいぐる -> るうきい -> いからせる -> るねつさんす -> すえる -> るいけい -> いきかえる -> るうと -> といあわせる -> るいせき -> きいる
alpha_beta vs random,alpha_beta,random,D10000_seed0_alpha_beta_vs_random_0,10000,0,first,ended_with_n,52,second,random,る,きいる,るびい,る,い,い,4e-06,False,0.0,,,,,,しろきぬ -> ぬの -> のいろおぜ -> ぜんかい -> いちず -> ずいしよ -> ようぎ -> ぎようむ -> むくいる -> るうれつと -> とりあえず -> ずばり -> りくじようきようぎ -> ぎし -> しぬ -> ぬくまる -> るうふ -> ふすま -> まず -> ずれる -> るうぶる -> るああ -> あいず -> ずらす -> すてる -> るんげ -> げんぎ -> ぎせい -> いあわせる -> るぽるたあじゆ -> ゆず -> ずのう -> うまる -> るうる -> るみのおる -> るいじあな -> ないる -> るぽ -> ぽけつとべる -> るび -> びいぐる -> るうきい -> いからせる -> るねつさんす -> すえる -> るいけい -> いきかえる -> るうと -> といあわせる -> るいせき -> きいる -> るびい
alpha_beta vs random,alpha_beta,random,D10000_seed0_alpha_beta_vs_random_0,10000,0,first,ended_with_n,53,first,alpha_beta,い,るびい,いきる,い,る,る,0.807415,False,206.0,4,4,True,641,20,しろきぬ -> ぬの -> のいろおぜ -> ぜんかい -> いちず -> ずいしよ -> ようぎ -> ぎようむ -> むくいる -> るうれつと -> とりあえず -> ずばり -> りくじようきようぎ -> ぎし -> しぬ -> ぬくまる -> るうふ -> ふすま -> まず -> ずれる -> るうぶる -> るああ -> あいず -> ずらす -> すてる -> るんげ -> げんぎ -> ぎせい -> いあわせる -> るぽるたあじゆ -> ゆず -> ずのう -> うまる -> るうる -> るみのおる -> るいじあな -> ないる -> るぽ -> ぽけつとべる -> るび -> びいぐる -> るうきい -> いからせる -> るねつさんす -> すえる -> るいけい -> いきかえる -> るうと -> といあわせる -> るいせき -> きいる -> るびい -> いきる
alpha_beta vs random,alpha_beta,random,D10000_seed0_alpha_beta_vs_random_0,10000,0,first,ended_with_n,54,second,random,る,いきる,るい,る,い,い,4e-06,False,0.0,,,,,,しろきぬ -> ぬの -> のいろおぜ -> ぜんかい -> いちず -> ずいしよ -> ようぎ -> ぎようむ -> むくいる -> るうれつと -> とりあえず -> ずばり -> りくじようきようぎ -> ぎし -> しぬ -> ぬくまる -> るうふ -> ふすま -> まず -> ずれる -> るうぶる -> るああ -> あいず -> ずらす -> すてる -> るんげ -> げんぎ -> ぎせい -> いあわせる -> るぽるたあじゆ -> ゆず -> ずのう -> うまる -> るうる -> るみのおる -> るいじあな -> ないる -> るぽ -> ぽけつとべる -> るび -> びいぐる -> るうきい -> いからせる -> るねつさんす -> すえる -> るいけい -> いきかえる -> るうと -> といあわせる -> るいせき -> きいる -> るびい -> いきる -> るい
alpha_beta vs random,alpha_beta,random,D10000_seed0_alpha_beta_vs_random_0,10000,0,first,ended_with_n,55,first,alpha_beta,い,るい,いきわたる,い,る,る,0.727958,False,229.0,4,4,True,617,20,しろきぬ -> ぬの -> のいろおぜ -> ぜんかい -> いちず -> ずいしよ -> ようぎ -> ぎようむ -> むくいる -> るうれつと -> とりあえず -> ずばり -> りくじようきようぎ -> ぎし -> しぬ -> ぬくまる -> るうふ -> ふすま -> まず -> ずれる -> るうぶる -> るああ -> あいず -> ずらす -> すてる -> るんげ -> げんぎ -> ぎせい -> いあわせる -> るぽるたあじゆ -> ゆず -> ずのう -> うまる -> るうる -> るみのおる -> るいじあな -> ないる -> るぽ -> ぽけつとべる -> るび -> びいぐる -> るうきい -> いからせる -> るねつさんす -> すえる -> るいけい -> いきかえる -> るうと -> といあわせる -> るいせき -> きいる -> るびい -> いきる -> るい -> いきわたる
alpha_beta vs random,alpha_beta,random,D10000_seed0_alpha_beta_vs_random_0,10000,0,first,ended_with_n,56,second,random,る,いきわたる,るり,る,り,り,3e-06,False,0.0,,,,,,しろきぬ -> ぬの -> のいろおぜ -> ぜんかい -> いちず -> ずいしよ -> ようぎ -> ぎようむ -> むくいる -> るうれつと -> とりあえず -> ずばり -> りくじようきようぎ -> ぎし -> しぬ -> ぬくまる -> るうふ -> ふすま -> まず -> ずれる -> るうぶる -> るああ -> あいず -> ずらす -> すてる -> るんげ -> げんぎ -> ぎせい -> いあわせる -> るぽるたあじゆ -> ゆず -> ずのう -> うまる -> るうる -> るみのおる -> るいじあな -> ないる -> るぽ -> ぽけつとべる -> るび -> びいぐる -> るうきい -> いからせる -> るねつさんす -> すえる -> るいけい -> いきかえる -> るうと -> といあわせる -> るいせき -> きいる -> るびい -> いきる -> るい -> いきわたる -> るり
alpha_beta vs random,alpha_beta,random,D10000_seed0_alpha_beta_vs_random_0,10000,0,first,ended_with_n,57,first,alpha_beta,り,るり,りこおる,り,る,る,0.263243,False,252.0,4,4,True,243,20,しろきぬ -> ぬの -> のいろおぜ -> ぜんかい -> いちず -> ずいしよ -> ようぎ -> ぎようむ -> むくいる -> るうれつと -> とりあえず -> ずばり -> りくじようきようぎ -> ぎし -> しぬ -> ぬくまる -> るうふ -> ふすま -> まず -> ずれる -> るうぶる -> るああ -> あいず -> ずらす -> すてる -> るんげ -> げんぎ -> ぎせい -> いあわせる -> るぽるたあじゆ -> ゆず -> ずのう -> うまる -> るうる -> るみのおる -> るいじあな -> ないる -> るぽ -> ぽけつとべる -> るび -> びいぐる -> るうきい -> いからせる -> るねつさんす -> すえる -> るいけい -> いきかえる -> るうと -> といあわせる -> るいせき -> きいる -> るびい -> いきる -> るい -> いきわたる -> るり -> りこおる
alpha_beta vs random,alpha_beta,random,D10000_seed0_alpha_beta_vs_random_0,10000,0,first,ended_with_n,58,second,random,る,りこおる,るう,る,う,う,2e-06,False,0.0,,,,,,しろきぬ -> ぬの -> のいろおぜ -> ぜんかい -> いちず -> ずいしよ -> ようぎ -> ぎようむ -> むくいる -> るうれつと -> とりあえず -> ずばり -> りくじようきようぎ -> ぎし -> しぬ -> ぬくまる -> るうふ -> ふすま -> まず -> ずれる -> るうぶる -> るああ -> あいず -> ずらす -> すてる -> るんげ -> げんぎ -> ぎせい -> いあわせる -> るぽるたあじゆ -> ゆず -> ずのう -> うまる -> るうる -> るみのおる -> るいじあな -> ないる -> るぽ -> ぽけつとべる -> るび -> びいぐる -> るうきい -> いからせる -> るねつさんす -> すえる -> るいけい -> いきかえる -> るうと -> といあわせる -> るいせき -> きいる -> るびい -> いきる -> るい -> いきわたる -> るり -> りこおる -> るう
alpha_beta vs random,alpha_beta,random,D10000_seed0_alpha_beta_vs_random_0,10000,0,first,ended_with_n,59,first,alpha_beta,う,るう,うえる,う,る,る,0.023327,False,1000000.0,4,4,True,58,20,しろきぬ -> ぬの -> のいろおぜ -> ぜんかい -> いちず -> ずいしよ -> ようぎ -> ぎようむ -> むくいる -> るうれつと -> とりあえず -> ずばり -> りくじようきようぎ -> ぎし -> しぬ -> ぬくまる -> るうふ -> ふすま -> まず -> ずれる -> るうぶる -> るああ -> あいず -> ずらす -> すてる -> るんげ -> げんぎ -> ぎせい -> いあわせる -> るぽるたあじゆ -> ゆず -> ずのう -> うまる -> るうる -> るみのおる -> るいじあな -> ないる -> るぽ -> ぽけつとべる -> るび -> びいぐる -> るうきい -> いからせる -> るねつさんす -> すえる -> るいけい -> いきかえる -> るうと -> といあわせる -> るいせき -> きいる -> るびい -> いきる -> るい -> いきわたる -> るり -> りこおる -> るう -> うえる
alpha_beta vs random,alpha_beta,random,D10000_seed0_alpha_beta_vs_random_0,10000,0,first,ended_with_n,60,second,random,る,うえる,るうぷ,る,ぷ,ぷ,2e-06,False,0.0,,,,,,しろきぬ -> ぬの -> のいろおぜ -> ぜんかい -> いちず -> ずいしよ -> ようぎ -> ぎようむ -> むくいる -> るうれつと -> とりあえず -> ずばり -> りくじようきようぎ -> ぎし -> しぬ -> ぬくまる -> るうふ -> ふすま -> まず -> ずれる -> るうぶる -> るああ -> あいず -> ずらす -> すてる -> るんげ -> げんぎ -> ぎせい -> いあわせる -> るぽるたあじゆ -> ゆず -> ずのう -> うまる -> るうる -> るみのおる -> るいじあな -> ないる -> るぽ -> ぽけつとべる -> るび -> びいぐる -> るうきい -> いからせる -> るねつさんす -> すえる -> るいけい -> いきかえる -> るうと -> といあわせる -> るいせき -> きいる -> るびい -> いきる -> るい -> いきわたる -> るり -> りこおる -> るう -> うえる -> るうぷ
alpha_beta vs random,alpha_beta,random,D10000_seed0_alpha_beta_vs_random_0,10000,0,first,ended_with_n,61,first,alpha_beta,ぷ,るうぷ,ぷうる,ぷ,る,る,0.020817,False,1000000.0,4,4,True,34,20,しろきぬ -> ぬの -> のいろおぜ -> ぜんかい -> いちず -> ずいしよ -> ようぎ -> ぎようむ -> むくいる -> るうれつと -> とりあえず -> ずばり -> りくじようきようぎ -> ぎし -> しぬ -> ぬくまる -> るうふ -> ふすま -> まず -> ずれる -> るうぶる -> るああ -> あいず -> ずらす -> すてる -> るんげ -> げんぎ -> ぎせい -> いあわせる -> るぽるたあじゆ -> ゆず -> ずのう -> うまる -> るうる -> るみのおる -> るいじあな -> ないる -> るぽ -> ぽけつとべる -> るび -> びいぐる -> るうきい -> いからせる -> るねつさんす -> すえる -> るいけい -> いきかえる -> るうと -> といあわせる -> るいせき -> きいる -> るびい -> いきる -> るい -> いきわたる -> るり -> りこおる -> るう -> うえる -> るうぷ -> ぷうる
alpha_beta vs random,alpha_beta,random,D10000_seed0_alpha_beta_vs_random_0,10000,0,first,ended_with_n,62,second,random,る,ぷうる,るすばん,る,ん,,3e-06,False,0.0,,,,,,しろきぬ -> ぬの -> のいろおぜ -> ぜんかい -> いちず -> ずいしよ -> ようぎ -> ぎようむ -> むくいる -> るうれつと -> とりあえず -> ずばり -> りくじようきようぎ -> ぎし -> しぬ -> ぬくまる -> るうふ -> ふすま -> まず -> ずれる -> るうぶる -> るああ -> あいず -> ずらす -> すてる -> るんげ -> げんぎ -> ぎせい -> いあわせる -> るぽるたあじゆ -> ゆず -> ずのう -> うまる -> るうる -> るみのおる -> るいじあな -> ないる -> るぽ -> ぽけつとべる -> るび -> びいぐる -> るうきい -> いからせる -> るねつさんす -> すえる -> るいけい -> いきかえる -> るうと -> といあわせる -> るいせき -> きいる -> るびい -> いきる -> るい -> いきわたる -> るり -> りこおる -> るう -> うえる -> るうぷ -> ぷうる -> るすばん
alpha_beta vs greedy,alpha_beta,greedy,D10000_seed0_alpha_beta_vs_greedy_0,10000,0,first,ended_with_n,1,first,alpha_beta,ANY,,しろきぬ,し,ぬ,ぬ,2.000005,True,-320.0,4,3,True,383,10,しろきぬ
alpha_beta vs greedy,alpha_beta,greedy,D10000_seed0_alpha_beta_vs_greedy_0,10000,0,first,ended_with_n,2,second,greedy,ぬ,しろきぬ,ぬりかえる,ぬ,る,る,0.000167,False,-533.0,,,,,17,しろきぬ -> ぬりかえる
alpha_beta vs greedy,alpha_beta,greedy,D10000_seed0_alpha_beta_vs_greedy_0,10000,0,first,ended_with_n,3,first,alpha_beta,る,ぬりかえる,るうぶる,る,る,る,1.486094,False,320.0,3,3,True,41,20,しろきぬ -> ぬりかえる -> るうぶる
alpha_beta vs greedy,alpha_beta,greedy,D10000_seed0_alpha_beta_vs_greedy_0,10000,0,first,ended_with_n,4,second,greedy,る,るうぶる,るみのおる,る,る,る,0.000278,False,-487.0,,,,,24,しろきぬ -> ぬりかえる -> るうぶる -> るみのおる
alpha_beta vs greedy,alpha_beta,greedy,D10000_seed0_alpha_beta_vs_greedy_0,10000,0,first,ended_with_n,5,first,alpha_beta,る,るみのおる,るうる,る,る,る,0.819842,False,438.5,3,3,True,34,20,しろきぬ -> ぬりかえる -> るうぶる -> るみのおる -> るうる
alpha_beta vs greedy,alpha_beta,greedy,D10000_seed0_alpha_beta_vs_greedy_0,10000,0,first,ended_with_n,6,second,greedy,る,るうる,るぽ,る,ぽ,ぽ,0.000246,False,-566.5,,,,,22,しろきぬ -> ぬりかえる -> るうぶる -> るみのおる -> るうる -> るぽ
alpha_beta vs greedy,alpha_beta,greedy,D10000_seed0_alpha_beta_vs_greedy_0,10000,0,first,ended_with_n,7,first,alpha_beta,ぽ,るぽ,ぽけつとべる,ぽ,る,る,0.856903,False,839.5,3,4,True,34,20,しろきぬ -> ぬりかえる -> るうぶる -> るみのおる -> るうる -> るぽ -> ぽけつとべる
alpha_beta vs greedy,alpha_beta,greedy,D10000_seed0_alpha_beta_vs_greedy_0,10000,0,first,ended_with_n,8,second,greedy,る,ぽけつとべる,るうぷ,る,ぷ,ぷ,0.000295,False,-959.5,,,,,21,しろきぬ -> ぬりかえる -> るうぶる -> るみのおる -> るうる -> るぽ -> ぽけつとべる -> るうぷ
alpha_beta vs greedy,alpha_beta,greedy,D10000_seed0_alpha_beta_vs_greedy_0,10000,0,first,ended_with_n,9,first,alpha_beta,ぷ,るうぷ,ぷうる,ぷ,る,る,1.798957,False,18.0,4,4,True,467,20,しろきぬ -> ぬりかえる -> るうぶる -> るみのおる -> るうる -> るぽ -> ぽけつとべる -> るうぷ -> ぷうる
alpha_beta vs greedy,alpha_beta,greedy,D10000_seed0_alpha_beta_vs_greedy_0,10000,0,first,ended_with_n,10,second,greedy,る,ぷうる,るび,る,び,び,0.000257,False,-1285.5,,,,,20,しろきぬ -> ぬりかえる -> るうぶる -> るみのおる -> るうる -> るぽ -> ぽけつとべる -> るうぷ -> ぷうる -> るび
alpha_beta vs greedy,alpha_beta,greedy,D10000_seed0_alpha_beta_vs_greedy_0,10000,0,first,ended_with_n,11,first,alpha_beta,び,るび,びいぐる,び,る,る,1.728399,False,321.0,4,4,True,432,20,しろきぬ -> ぬりかえる -> るうぶる -> るみのおる -> るうる -> るぽ -> ぽけつとべる -> るうぷ -> ぷうる -> るび -> びいぐる
alpha_beta vs greedy,alpha_beta,greedy,D10000_seed0_alpha_beta_vs_greedy_0,10000,0,first,ended_with_n,12,second,greedy,る,びいぐる,るぽるたあじゆ,る,ゆ,ゆ,0.000236,False,-2090.5,,,,,19,しろきぬ -> ぬりかえる -> るうぶる -> るみのおる -> るうる -> るぽ -> ぽけつとべる -> るうぷ -> ぷうる -> るび -> びいぐる -> るぽるたあじゆ
alpha_beta vs greedy,alpha_beta,greedy,D10000_seed0_alpha_beta_vs_greedy_0,10000,0,first,ended_with_n,13,first,alpha_beta,ゆ,るぽるたあじゆ,ゆきわたる,ゆ,る,る,1.549549,False,350.0,4,4,True,461,20,しろきぬ -> ぬりかえる -> るうぶる -> るみのおる -> るうる -> るぽ -> ぽけつとべる -> るうぷ -> ぷうる -> るび -> びいぐる -> るぽるたあじゆ -> ゆきわたる
alpha_beta vs greedy,alpha_beta,greedy,D10000_seed0_alpha_beta_vs_greedy_0,10000,0,first,ended_with_n,14,second,greedy,る,ゆきわたる,るんげ,る,げ,げ,0.000235,False,-2199.0,,,,,18,しろきぬ -> ぬりかえる -> るうぶる -> るみのおる -> るうる -> るぽ -> ぽけつとべる -> るうぷ -> ぷうる -> るび -> びいぐる -> るぽるたあじゆ -> ゆきわたる -> るんげ
alpha_beta vs greedy,alpha_beta,greedy,D10000_seed0_alpha_beta_vs_greedy_0,10000,0,first,ended_with_n,15,first,alpha_beta,げ,るんげ,げえとぼおる,げ,る,る,1.27474,False,617.0,4,4,True,337,20,しろきぬ -> ぬりかえる -> るうぶる -> るみのおる -> るうる -> るぽ -> ぽけつとべる -> るうぷ -> ぷうる -> るび -> びいぐる -> るぽるたあじゆ -> ゆきわたる -> るんげ -> げえとぼおる
alpha_beta vs greedy,alpha_beta,greedy,D10000_seed0_alpha_beta_vs_greedy_0,10000,0,first,ended_with_n,16,second,greedy,る,げえとぼおる,るり,る,り,り,0.000217,False,-3083.0,,,,,17,しろきぬ -> ぬりかえる -> るうぶる -> るみのおる -> るうる -> るぽ -> ぽけつとべる -> るうぷ -> ぷうる -> るび -> びいぐる -> るぽるたあじゆ -> ゆきわたる -> るんげ -> げえとぼおる -> るり
alpha_beta vs greedy,alpha_beta,greedy,D10000_seed0_alpha_beta_vs_greedy_0,10000,0,first,ended_with_n,17,first,alpha_beta,り,るり,りこおる,り,る,る,1.35779,False,732.0,4,4,True,391,20,しろきぬ -> ぬりかえる -> るうぶる -> るみのおる -> るうる -> るぽ -> ぽけつとべる -> るうぷ -> ぷうる -> るび -> びいぐる -> るぽるたあじゆ -> ゆきわたる -> るんげ -> げえとぼおる -> るり -> りこおる
alpha_beta vs greedy,alpha_beta,greedy,D10000_seed0_alpha_beta_vs_greedy_0,10000,0,first,ended_with_n,18,second,greedy,る,りこおる,るう,る,う,う,0.000204,False,-3165.0,,,,,16,しろきぬ -> ぬりかえる -> るうぶる -> るみのおる -> るうる -> るぽ -> ぽけつとべる -> るうぷ -> ぷうる -> るび -> びいぐる -> るぽるたあじゆ -> ゆきわたる -> るんげ -> げえとぼおる -> るり -> りこおる -> るう
alpha_beta vs greedy,alpha_beta,greedy,D10000_seed0_alpha_beta_vs_greedy_0,10000,0,first,ended_with_n,19,first,alpha_beta,う,るう,うえる,う,る,る,2.000017,True,1065.0,4,3,True,620,17,しろきぬ -> ぬりかえる -> るうぶる -> るみのおる -> るうる -> るぽ -> ぽけつとべる -> るうぷ -> ぷうる -> るび -> びいぐる -> るぽるたあじゆ -> ゆきわたる -> るんげ -> げえとぼおる -> るり -> りこおる -> るう -> うえる
alpha_beta vs greedy,alpha_beta,greedy,D10000_seed0_alpha_beta_vs_greedy_0,10000,0,first,ended_with_n,20,second,greedy,る,うえる,るいじあな,る,な,な,0.000184,False,-4147.5,,,,,15,しろきぬ -> ぬりかえる -> るうぶる -> るみのおる -> るうる -> るぽ -> ぽけつとべる -> るうぷ -> ぷうる -> るび -> びいぐる -> るぽるたあじゆ -> ゆきわたる -> るんげ -> げえとぼおる -> るり -> りこおる -> るう -> うえる -> るいじあな
alpha_beta vs greedy,alpha_beta,greedy,D10000_seed0_alpha_beta_vs_greedy_0,10000,0,first,ended_with_n,21,first,alpha_beta,な,るいじあな,ないる,な,る,る,0.374736,False,4533.0,3,3,True,27,20,しろきぬ -> ぬりかえる -> るうぶる -> るみのおる -> るうる -> るぽ -> ぽけつとべる -> るうぷ -> ぷうる -> るび -> びいぐる -> るぽるたあじゆ -> ゆきわたる -> るんげ -> げえとぼおる -> るり -> りこおる -> るう -> うえる -> るいじあな -> ないる
alpha_beta vs greedy,alpha_beta,greedy,D10000_seed0_alpha_beta_vs_greedy_0,10000,0,first,ended_with_n,22,second,greedy,る,ないる,るねつさんす,る,す,す,0.000174,False,-4597.0,,,,,14,しろきぬ -> ぬりかえる -> るうぶる -> るみのおる -> るうる -> るぽ -> ぽけつとべる -> るうぷ -> ぷうる -> るび -> びいぐる -> るぽるたあじゆ -> ゆきわたる -> るんげ -> げえとぼおる -> るり -> りこおる -> るう -> うえる -> るいじあな -> ないる -> るねつさんす
alpha_beta vs greedy,alpha_beta,greedy,D10000_seed0_alpha_beta_vs_greedy_0,10000,0,first,ended_with_n,23,first,alpha_beta,す,るねつさんす,すえる,す,る,る,0.274842,False,4911.0,3,3,True,27,20,しろきぬ -> ぬりかえる -> るうぶる -> るみのおる -> るうる -> るぽ -> ぽけつとべる -> るうぷ -> ぷうる -> るび -> びいぐる -> るぽるたあじゆ -> ゆきわたる -> るんげ -> げえとぼおる -> るり -> りこおる -> るう -> うえる -> るいじあな -> ないる -> るねつさんす -> すえる
alpha_beta vs greedy,alpha_beta,greedy,D10000_seed0_alpha_beta_vs_greedy_0,10000,0,first,ended_with_n,24,second,greedy,る,すえる,るうれつと,る,と,と,0.000155,False,-4990.0,,,,,13,しろきぬ -> ぬりかえる -> るうぶる -> るみのおる -> るうる -> るぽ -> ぽけつとべる -> るうぷ -> ぷうる -> るび -> びいぐる -> るぽるたあじゆ -> ゆきわたる -> るんげ -> げえとぼおる -> るり -> りこおる -> るう -> うえる -> るいじあな -> ないる -> るねつさんす -> すえる -> るうれつと
alpha_beta vs greedy,alpha_beta,greedy,D10000_seed0_alpha_beta_vs_greedy_0,10000,0,first,ended_with_n,25,first,alpha_beta,と,るうれつと,といあわせる,と,る,る,0.256153,False,4919.0,3,4,True,25,20,しろきぬ -> ぬりかえる -> るうぶる -> るみのおる -> るうる -> るぽ -> ぽけつとべる -> るうぷ -> ぷうる -> るび -> びいぐる -> るぽるたあじゆ -> ゆきわたる -> るんげ -> げえとぼおる -> るり -> りこおる -> るう -> うえる -> るいじあな -> ないる -> るねつさんす -> すえる -> るうれつと -> といあわせる
alpha_beta vs greedy,alpha_beta,greedy,D10000_seed0_alpha_beta_vs_greedy_0,10000,0,first,ended_with_n,26,second,greedy,る,といあわせる,るうと,る,と,と,0.000147,False,-4967.0,,,,,12,しろきぬ -> ぬりかえる -> るうぶる -> るみのおる -> るうる -> るぽ -> ぽけつとべる -> るうぷ -> ぷうる -> るび -> びいぐる -> るぽるたあじゆ -> ゆきわたる -> るんげ -> げえとぼおる -> るり -> りこおる -> るう -> うえる -> るいじあな -> ないる -> るねつさんす -> すえる -> るうれつと -> といあわせる -> るうと
alpha_beta vs greedy,alpha_beta,greedy,D10000_seed0_alpha_beta_vs_greedy_0,10000,0,first,ended_with_n,27,first,alpha_beta,と,るうと,とうじる,と,る,る,1.389251,False,1677.0,4,4,True,424,20,しろきぬ -> ぬりかえる -> るうぶる -> るみのおる -> るうる -> るぽ -> ぽけつとべる -> るうぷ -> ぷうる -> るび -> びいぐる -> るぽるたあじゆ -> ゆきわたる -> るんげ -> げえとぼおる -> るり -> りこおる -> るう -> うえる -> るいじあな -> ないる -> るねつさんす -> すえる -> るうれつと -> といあわせる -> るうと -> とうじる
alpha_beta vs greedy,alpha_beta,greedy,D10000_seed0_alpha_beta_vs_greedy_0,10000,0,first,ended_with_n,28,second,greedy,る,とうじる,るびい,る,い,い,0.000131,False,-6103.5,,,,,11,しろきぬ -> ぬりかえる -> るうぶる -> るみのおる -> るうる -> るぽ -> ぽけつとべる -> るうぷ -> ぷうる -> るび -> びいぐる -> るぽるたあじゆ -> ゆきわたる -> るんげ -> げえとぼおる -> るり -> りこおる -> るう -> うえる -> るいじあな -> ないる -> るねつさんす -> すえる -> るうれつと -> といあわせる -> るうと -> とうじる -> るびい
alpha_beta vs greedy,alpha_beta,greedy,D10000_seed0_alpha_beta_vs_greedy_0,10000,0,first,ended_with_n,29,first,alpha_beta,い,るびい,いあわせる,い,る,る,1.162384,False,1692.0,4,4,True,395,20,しろきぬ -> ぬりかえる -> るうぶる -> るみのおる -> るうる -> るぽ -> ぽけつとべる -> るうぷ -> ぷうる -> るび -> びいぐる -> るぽるたあじゆ -> ゆきわたる -> るんげ -> げえとぼおる -> るり -> りこおる -> るう -> うえる -> るいじあな -> ないる -> るねつさんす -> すえる -> るうれつと -> といあわせる -> るうと -> とうじる -> るびい -> いあわせる
alpha_beta vs greedy,alpha_beta,greedy,D10000_seed0_alpha_beta_vs_greedy_0,10000,0,first,ended_with_n,30,second,greedy,る,いあわせる,るい,る,い,い,0.000115,False,-6080.5,,,,,10,しろきぬ -> ぬりかえる -> るうぶる -> るみのおる -> るうる -> るぽ -> ぽけつとべる -> るうぷ -> ぷうる -> るび -> びいぐる -> るぽるたあじゆ -> ゆきわたる -> るんげ -> げえとぼおる -> るり -> りこおる -> るう -> うえる -> るいじあな -> ないる -> るねつさんす -> すえる -> るうれつと -> といあわせる -> るうと -> とうじる -> るびい -> いあわせる -> るい
alpha_beta vs greedy,alpha_beta,greedy,D10000_seed0_alpha_beta_vs_greedy_0,10000,0,first,ended_with_n,31,first,alpha_beta,い,るい,いからせる,い,る,る,1.039471,False,1707.0,4,4,True,377,20,しろきぬ -> ぬりかえる -> るうぶる -> るみのおる -> るうる -> るぽ -> ぽけつとべる -> るうぷ -> ぷうる -> るび -> びいぐる -> るぽるたあじゆ -> ゆきわたる -> るんげ -> げえとぼおる -> るり -> りこおる -> るう -> うえる -> るいじあな -> ないる -> るねつさんす -> すえる -> るうれつと -> といあわせる -> るうと -> とうじる -> るびい -> いあわせる -> るい -> いからせる
alpha_beta vs greedy,alpha_beta,greedy,D10000_seed0_alpha_beta_vs_greedy_0,10000,0,first,ended_with_n,32,second,greedy,る,いからせる,るうきい,る,い,い,0.0001,False,-6057.5,,,,,9,しろきぬ -> ぬりかえる -> るうぶる -> るみのおる -> るうる -> るぽ -> ぽけつとべる -> るうぷ -> ぷうる -> るび -> びいぐる -> るぽるたあじゆ -> ゆきわたる -> るんげ -> げえとぼおる -> るり -> りこおる -> るう -> うえる -> るいじあな -> ないる -> るねつさんす -> すえる -> るうれつと -> といあわせる -> るうと -> とうじる -> るびい -> いあわせる -> るい -> いからせる -> るうきい
alpha_beta vs greedy,alpha_beta,greedy,D10000_seed0_alpha_beta_vs_greedy_0,10000,0,first,ended_with_n,33,first,alpha_beta,い,るうきい,いきかえる,い,る,る,1.882662,False,1730.0,4,4,True,660,20,しろきぬ -> ぬりかえる -> るうぶる -> るみのおる -> るうる -> るぽ -> ぽけつとべる -> るうぷ -> ぷうる -> るび -> びいぐる -> るぽるたあじゆ -> ゆきわたる -> るんげ -> げえとぼおる -> るり -> りこおる -> るう -> うえる -> るいじあな -> ないる -> るねつさんす -> すえる -> るうれつと -> といあわせる -> るうと -> とうじる -> るびい -> いあわせる -> るい -> いからせる -> るうきい -> いきかえる
alpha_beta vs greedy,alpha_beta,greedy,D10000_seed0_alpha_beta_vs_greedy_0,10000,0,first,ended_with_n,34,second,greedy,る,いきかえる,るいけい,る,い,い,8.2e-05,False,-6034.5,,,,,8,しろきぬ -> ぬりかえる -> るうぶる -> るみのおる -> るうる -> るぽ -> ぽけつとべる -> るうぷ -> ぷうる -> るび -> びいぐる -> るぽるたあじゆ -> ゆきわたる -> るんげ -> げえとぼおる -> るり -> りこおる -> るう -> うえる -> るいじあな -> ないる -> るねつさんす -> すえる -> るうれつと -> といあわせる -> るうと -> とうじる -> るびい -> いあわせる -> るい -> いからせる -> るうきい -> いきかえる -> るいけい
alpha_beta vs greedy,alpha_beta,greedy,D10000_seed0_alpha_beta_vs_greedy_0,10000,0,first,ended_with_n,35,first,alpha_beta,い,るいけい,いきる,い,る,る,2.00002,True,1855.0,4,3,True,394,10,しろきぬ -> ぬりかえる -> るうぶる -> るみのおる -> るうる -> るぽ -> ぽけつとべる -> るうぷ -> ぷうる -> るび -> びいぐる -> るぽるたあじゆ -> ゆきわたる -> るんげ -> げえとぼおる -> るり -> りこおる -> るう -> うえる -> るいじあな -> ないる -> るねつさんす -> すえる -> るうれつと -> といあわせる -> るうと -> とうじる -> るびい -> いあわせる -> るい -> いからせる -> るうきい -> いきかえる -> るいけい -> いきる
alpha_beta vs greedy,alpha_beta,greedy,D10000_seed0_alpha_beta_vs_greedy_0,10000,0,first,ended_with_n,36,second,greedy,る,いきる,るうふ,る,ふ,ふ,6.2e-05,False,-6200.0,,,,,7,しろきぬ -> ぬりかえる -> るうぶる -> るみのおる -> るうる -> るぽ -> ぽけつとべる -> るうぷ -> ぷうる -> るび -> びいぐる -> るぽるたあじゆ -> ゆきわたる -> るんげ -> げえとぼおる -> るり -> りこおる -> るう -> うえる -> るいじあな -> ないる -> るねつさんす -> すえる -> るうれつと -> といあわせる -> るうと -> とうじる -> るびい -> いあわせる -> るい -> いからせる -> るうきい -> いきかえる -> るいけい -> いきる -> るうふ
alpha_beta vs greedy,alpha_beta,greedy,D10000_seed0_alpha_beta_vs_greedy_0,10000,0,first,ended_with_n,37,first,alpha_beta,ふ,るうふ,ふあいる,ふ,る,る,0.16445,False,7102.0,3,3,True,19,20,しろきぬ -> ぬりかえる -> るうぶる -> るみのおる -> るうる -> るぽ -> ぽけつとべる -> るうぷ -> ぷうる -> るび -> びいぐる -> るぽるたあじゆ -> ゆきわたる -> るんげ -> げえとぼおる -> るり -> りこおる -> るう -> うえる -> るいじあな -> ないる -> るねつさんす -> すえる -> るうれつと -> といあわせる -> るうと -> とうじる -> るびい -> いあわせる -> るい -> いからせる -> るうきい -> いきかえる -> るいけい -> いきる -> るうふ -> ふあいる
alpha_beta vs greedy,alpha_beta,greedy,D10000_seed0_alpha_beta_vs_greedy_0,10000,0,first,ended_with_n,38,second,greedy,る,ふあいる,るああ,る,あ,あ,4.3e-05,False,-7102.0,,,,,6,しろきぬ -> ぬりかえる -> るうぶる -> るみのおる -> るうる -> るぽ -> ぽけつとべる -> るうぷ -> ぷうる -> るび -> びいぐる -> るぽるたあじゆ -> ゆきわたる -> るんげ -> げえとぼおる -> るり -> りこおる -> るう -> うえる -> るいじあな -> ないる -> るねつさんす -> すえる -> るうれつと -> といあわせる -> るうと -> とうじる -> るびい -> いあわせる -> るい -> いからせる -> るうきい -> いきかえる -> るいけい -> いきる -> るうふ -> ふあいる -> るああ
alpha_beta vs greedy,alpha_beta,greedy,D10000_seed0_alpha_beta_vs_greedy_0,10000,0,first,ended_with_n,39,first,alpha_beta,あ,るああ,あいてどる,あ,る,る,0.080233,False,500000.0,3,3,True,19,20,しろきぬ -> ぬりかえる -> るうぶる -> るみのおる -> るうる -> るぽ -> ぽけつとべる -> るうぷ -> ぷうる -> るび -> びいぐる -> るぽるたあじゆ -> ゆきわたる -> るんげ -> げえとぼおる -> るり -> りこおる -> るう -> うえる -> るいじあな -> ないる -> るねつさんす -> すえる -> るうれつと -> といあわせる -> るうと -> とうじる -> るびい -> いあわせる -> るい -> いからせる -> るうきい -> いきかえる -> るいけい -> いきる -> るうふ -> ふあいる -> るああ -> あいてどる
alpha_beta vs greedy,alpha_beta,greedy,D10000_seed0_alpha_beta_vs_greedy_0,10000,0,first,ended_with_n,40,second,greedy,る,あいてどる,るいせき,る,き,き,2.3e-05,False,-7242.5,,,,,5,しろきぬ -> ぬりかえる -> るうぶる -> るみのおる -> るうる -> るぽ -> ぽけつとべる -> るうぷ -> ぷうる -> るび -> びいぐる -> るぽるたあじゆ -> ゆきわたる -> るんげ -> げえとぼおる -> るり -> りこおる -> るう -> うえる -> るいじあな -> ないる -> るねつさんす -> すえる -> るうれつと -> といあわせる -> るうと -> とうじる -> るびい -> いあわせる -> るい -> いからせる -> るうきい -> いきかえる -> るいけい -> いきる -> るうふ -> ふあいる -> るああ -> あいてどる -> るいせき
alpha_beta vs greedy,alpha_beta,greedy,D10000_seed0_alpha_beta_vs_greedy_0,10000,0,first,ended_with_n,41,first,alpha_beta,き,るいせき,きいる,き,る,る,0.003802,False,1000000.0,3,4,True,20,20,しろきぬ -> ぬりかえる -> るうぶる -> るみのおる -> るうる -> るぽ -> ぽけつとべる -> るうぷ -> ぷうる -> るび -> びいぐる -> るぽるたあじゆ -> ゆきわたる -> るんげ -> げえとぼおる -> るり -> りこおる -> るう -> うえる -> るいじあな -> ないる -> るねつさんす -> すえる -> るうれつと -> といあわせる -> るうと -> とうじる -> るびい -> いあわせる -> るい -> いからせる -> るうきい -> いきかえる -> るいけい -> いきる -> るうふ -> ふあいる -> るああ -> あいてどる -> るいせき -> きいる
alpha_beta vs greedy,alpha_beta,greedy,D10000_seed0_alpha_beta_vs_greedy_0,10000,0,first,ended_with_n,42,second,greedy,る,きいる,るうていん,る,ん,,2e-06,False,-1000000.0,,,,,4,しろきぬ -> ぬりかえる -> るうぶる -> るみのおる -> るうる -> るぽ -> ぽけつとべる -> るうぷ -> ぷうる -> るび -> びいぐる -> るぽるたあじゆ -> ゆきわたる -> るんげ -> げえとぼおる -> るり -> りこおる -> るう -> うえる -> るいじあな -> ないる -> るねつさんす -> すえる -> るうれつと -> といあわせる -> るうと -> とうじる -> るびい -> いあわせる -> るい -> いからせる -> るうきい -> いきかえる -> るいけい -> いきる -> るうふ -> ふあいる -> るああ -> あいてどる -> るいせき -> きいる -> るうていん
alpha_beta vs minimax,alpha_beta,minimax,D10000_seed0_alpha_beta_vs_minimax_0,10000,0,second,ended_with_n,1,first,alpha_beta,ANY,,しろきぬ,し,ぬ,ぬ,2.000012,True,-320.0,4,3,True,366,10,しろきぬ
alpha_beta vs minimax,alpha_beta,minimax,D10000_seed0_alpha_beta_vs_minimax_0,10000,0,second,ended_with_n,2,second,minimax,ぬ,しろきぬ,ぬうどる,ぬ,る,る,2.000043,True,320.0,3,2,True,,6,しろきぬ -> ぬうどる
alpha_beta vs minimax,alpha_beta,minimax,D10000_seed0_alpha_beta_vs_minimax_0,10000,0,second,ended_with_n,3,first,alpha_beta,る,ぬうどる,るうぶる,る,る,る,1.88863,False,320.0,3,3,True,41,20,しろきぬ -> ぬうどる -> るうぶる
alpha_beta vs minimax,alpha_beta,minimax,D10000_seed0_alpha_beta_vs_minimax_0,10000,0,second,ended_with_n,4,second,minimax,る,るうぶる,るぽ,る,ぽ,ぽ,0.361153,False,-320.0,2,2,True,,20,しろきぬ -> ぬうどる -> るうぶる -> るぽ
alpha_beta vs minimax,alpha_beta,minimax,D10000_seed0_alpha_beta_vs_minimax_0,10000,0,second,ended_with_n,5,first,alpha_beta,ぽ,るぽ,ぽけつとさいず,ぽ,ず,ず,1.980736,False,305.0,3,3,True,35,20,しろきぬ -> ぬうどる -> るうぶる -> るぽ -> ぽけつとさいず
alpha_beta vs minimax,alpha_beta,minimax,D10000_seed0_alpha_beta_vs_minimax_0,10000,0,second,ended_with_n,6,second,minimax,ず,ぽけつとさいず,ずるずる,ず,る,る,0.355892,False,-305.0,2,2,True,,20,しろきぬ -> ぬうどる -> るうぶる -> るぽ -> ぽけつとさいず -> ずるずる
alpha_beta vs minimax,alpha_beta,minimax,D10000_seed0_alpha_beta_vs_minimax_0,10000,0,second,ended_with_n,7,first,alpha_beta,る,ずるずる,るうぷ,る,ぷ,ぷ,1.71776,False,290.0,3,4,True,55,20,しろきぬ -> ぬうどる -> るうぶる -> るぽ -> ぽけつとさいず -> ずるずる -> るうぷ
alpha_beta vs minimax,alpha_beta,minimax,D10000_seed0_alpha_beta_vs_minimax_0,10000,0,second,ended_with_n,8,second,minimax,ぷ,るうぷ,ぷうる,ぷ,る,る,0.533156,False,-290.0,2,3,True,,20,しろきぬ -> ぬうどる -> るうぶる -> るぽ -> ぽけつとさいず -> ずるずる -> るうぷ -> ぷうる
alpha_beta vs minimax,alpha_beta,minimax,D10000_seed0_alpha_beta_vs_minimax_0,10000,0,second,ended_with_n,9,first,alpha_beta,る,ぷうる,るび,る,び,び,2.000028,True,-275.0,4,3,True,99,3,しろきぬ -> ぬうどる -> るうぶる -> るぽ -> ぽけつとさいず -> ずるずる -> るうぷ -> ぷうる -> るび
alpha_beta vs minimax,alpha_beta,minimax,D10000_seed0_alpha_beta_vs_minimax_0,10000,0,second,ended_with_n,10,second,minimax,び,るび,びいず,び,ず,ず,2.000041,True,275.0,3,2,True,,6,しろきぬ -> ぬうどる -> るうぶる -> るぽ -> ぽけつとさいず -> ずるずる -> るうぷ -> ぷうる -> るび -> びいず
alpha_beta vs minimax,alpha_beta,minimax,D10000_seed0_alpha_beta_vs_minimax_0,10000,0,second,ended_with_n,11,first,alpha_beta,ず,びいず,ずうむれんず,ず,ず,ず,1.806781,False,275.0,3,3,True,34,20,しろきぬ -> ぬうどる -> るうぶる -> るぽ -> ぽけつとさいず -> ずるずる -> るうぷ -> ぷうる -> るび -> びいず -> ずうむれんず
alpha_beta vs minimax,alpha_beta,minimax,D10000_seed0_alpha_beta_vs_minimax_0,10000,0,second,ended_with_n,12,second,minimax,ず,ずうむれんず,ずれる,ず,る,る,0.23123,False,-275.0,2,2,True,,20,しろきぬ -> ぬうどる -> るうぶる -> るぽ -> ぽけつとさいず -> ずるずる -> るうぷ -> ぷうる -> るび -> びいず -> ずうむれんず -> ずれる
alpha_beta vs minimax,alpha_beta,minimax,D10000_seed0_alpha_beta_vs_minimax_0,10000,0,second,ended_with_n,13,first,alpha_beta,る,ずれる,るんげ,る,げ,げ,0.910275,False,260.0,3,3,True,67,20,しろきぬ -> ぬうどる -> るうぶる -> るぽ -> ぽけつとさいず -> ずるずる -> るうぷ -> ぷうる -> るび -> びいず -> ずうむれんず -> ずれる -> るんげ
alpha_beta vs minimax,alpha_beta,minimax,D10000_seed0_alpha_beta_vs_minimax_0,10000,0,second,ended_with_n,14,second,minimax,げ,るんげ,げえとぼおる,げ,る,る,0.504476,False,-260.0,2,2,True,,20,しろきぬ -> ぬうどる -> るうぶる -> るぽ -> ぽけつとさいず -> ずるずる -> るうぷ -> ぷうる -> るび -> びいず -> ずうむれんず -> ずれる -> るんげ -> げえとぼおる
alpha_beta vs minimax,alpha_beta,minimax,D10000_seed0_alpha_beta_vs_minimax_0,10000,0,second,ended_with_n,15,first,alpha_beta,る,げえとぼおる,るり,る,り,り,0.788899,False,245.0,3,4,True,65,20,しろきぬ -> ぬうどる -> るうぶる -> るぽ -> ぽけつとさいず -> ずるずる -> るうぷ -> ぷうる -> るび -> びいず -> ずうむれんず -> ずれる -> るんげ -> げえとぼおる -> るり
alpha_beta vs minimax,alpha_beta,minimax,D10000_seed0_alpha_beta_vs_minimax_0,10000,0,second,ended_with_n,16,second,minimax,り,るり,りこおる,り,る,る,0.533039,False,-245.0,2,3,True,,20,しろきぬ -> ぬうどる -> るうぶる -> るぽ -> ぽけつとさいず -> ずるずる -> るうぷ -> ぷうる -> るび -> びいず -> ずうむれんず -> ずれる -> るんげ -> げえとぼおる -> るり -> りこおる
alpha_beta vs minimax,alpha_beta,minimax,D10000_seed0_alpha_beta_vs_minimax_0,10000,0,second,ended_with_n,17,first,alpha_beta,る,りこおる,るいじあな,る,な,な,2.000017,True,-230.0,4,3,True,300,5,しろきぬ -> ぬうどる -> るうぶる -> るぽ -> ぽけつとさいず -> ずるずる -> るうぷ -> ぷうる -> るび -> びいず -> ずうむれんず -> ずれる -> るんげ -> げえとぼおる -> るり -> りこおる -> るいじあな
alpha_beta vs minimax,alpha_beta,minimax,D10000_seed0_alpha_beta_vs_minimax_0,10000,0,second,ended_with_n,18,second,minimax,な,るいじあな,ないる,な,る,る,2.00007,True,230.0,3,2,True,,14,しろきぬ -> ぬうどる -> るうぶる -> るぽ -> ぽけつとさいず -> ずるずる -> るうぷ -> ぷうる -> るび -> びいず -> ずうむれんず -> ずれる -> るんげ -> げえとぼおる -> るり -> りこおる -> るいじあな -> ないる
alpha_beta vs minimax,alpha_beta,minimax,D10000_seed0_alpha_beta_vs_minimax_0,10000,0,second,ended_with_n,19,first,alpha_beta,る,ないる,るうと,る,と,と,0.591948,False,215.0,3,3,True,86,18,しろきぬ -> ぬうどる -> るうぶる -> るぽ -> ぽけつとさいず -> ずるずる -> るうぷ -> ぷうる -> るび -> びいず -> ずうむれんず -> ずれる -> るんげ -> げえとぼおる -> るり -> りこおる -> るいじあな -> ないる -> るうと
alpha_beta vs minimax,alpha_beta,minimax,D10000_seed0_alpha_beta_vs_minimax_0,10000,0,second,ended_with_n,20,second,minimax,と,るうと,といあわせる,と,る,る,0.600568,False,-215.0,2,2,True,,20,しろきぬ -> ぬうどる -> るうぶる -> るぽ -> ぽけつとさいず -> ずるずる -> るうぷ -> ぷうる -> るび -> びいず -> ずうむれんず -> ずれる -> るんげ -> げえとぼおる -> るり -> りこおる -> るいじあな -> ないる -> るうと -> といあわせる
alpha_beta vs minimax,alpha_beta,minimax,D10000_seed0_alpha_beta_vs_minimax_0,10000,0,second,ended_with_n,21,first,alpha_beta,る,といあわせる,るうれつと,る,と,と,0.53447,False,200.0,3,3,True,84,17,しろきぬ -> ぬうどる -> るうぶる -> るぽ -> ぽけつとさいず -> ずるずる -> るうぷ -> ぷうる -> るび -> びいず -> ずうむれんず -> ずれる -> るんげ -> げえとぼおる -> るり -> りこおる -> るいじあな -> ないる -> るうと -> といあわせる -> るうれつと
alpha_beta vs minimax,alpha_beta,minimax,D10000_seed0_alpha_beta_vs_minimax_0,10000,0,second,ended_with_n,22,second,minimax,と,るうれつと,とうじる,と,る,る,0.561824,False,-200.0,2,2,True,,20,しろきぬ -> ぬうどる -> るうぶる -> るぽ -> ぽけつとさいず -> ずるずる -> るうぷ -> ぷうる -> るび -> びいず -> ずうむれんず -> ずれる -> るんげ -> げえとぼおる -> るり -> りこおる -> るいじあな -> ないる -> るうと -> といあわせる -> るうれつと -> とうじる
alpha_beta vs minimax,alpha_beta,minimax,D10000_seed0_alpha_beta_vs_minimax_0,10000,0,second,ended_with_n,23,first,alpha_beta,る,とうじる,るああ,る,あ,あ,0.676834,False,185.0,3,4,True,166,16,しろきぬ -> ぬうどる -> るうぶる -> るぽ -> ぽけつとさいず -> ずるずる -> るうぷ -> ぷうる -> るび -> びいず -> ずうむれんず -> ずれる -> るんげ -> げえとぼおる -> るり -> りこおる -> るいじあな -> ないる -> るうと -> といあわせる -> るうれつと -> とうじる -> るああ
alpha_beta vs minimax,alpha_beta,minimax,D10000_seed0_alpha_beta_vs_minimax_0,10000,0,second,ended_with_n,24,second,minimax,あ,るああ,あいてどる,あ,る,る,0.481959,False,-185.0,2,3,True,,20,しろきぬ -> ぬうどる -> るうぶる -> るぽ -> ぽけつとさいず -> ずるずる -> るうぷ -> ぷうる -> るび -> びいず -> ずうむれんず -> ずれる -> るんげ -> げえとぼおる -> るり -> りこおる -> るいじあな -> ないる -> るうと -> といあわせる -> るうれつと -> とうじる -> るああ -> あいてどる
alpha_beta vs minimax,alpha_beta,minimax,D10000_seed0_alpha_beta_vs_minimax_0,10000,0,second,ended_with_n,25,first,alpha_beta,る,あいてどる,るぽるたあじゆ,る,ゆ,ゆ,2.000009,True,-185.0,4,3,True,378,5,しろきぬ -> ぬうどる -> るうぶる -> るぽ -> ぽけつとさいず -> ずるずる -> るうぷ -> ぷうる -> るび -> びいず -> ずうむれんず -> ずれる -> るんげ -> げえとぼおる -> るり -> りこおる -> るいじあな -> ないる -> るうと -> といあわせる -> るうれつと -> とうじる -> るああ -> あいてどる -> るぽるたあじゆ
alpha_beta vs minimax,alpha_beta,minimax,D10000_seed0_alpha_beta_vs_minimax_0,10000,0,second,ended_with_n,26,second,minimax,ゆ,るぽるたあじゆ,ゆず,ゆ,ず,ず,2.000028,True,185.0,3,2,True,,12,しろきぬ -> ぬうどる -> るうぶる -> るぽ -> ぽけつとさいず -> ずるずる -> るうぷ -> ぷうる -> るび -> びいず -> ずうむれんず -> ずれる -> るんげ -> げえとぼおる -> るり -> りこおる -> るいじあな -> ないる -> るうと -> といあわせる -> るうれつと -> とうじる -> るああ -> あいてどる -> るぽるたあじゆ -> ゆず
alpha_beta vs minimax,alpha_beta,minimax,D10000_seed0_alpha_beta_vs_minimax_0,10000,0,second,ended_with_n,27,first,alpha_beta,ず,ゆず,ずばり,ず,り,り,0.436314,False,170.0,3,3,True,65,19,しろきぬ -> ぬうどる -> るうぶる -> るぽ -> ぽけつとさいず -> ずるずる -> るうぷ -> ぷうる -> るび -> びいず -> ずうむれんず -> ずれる -> るんげ -> げえとぼおる -> るり -> りこおる -> るいじあな -> ないる -> るうと -> といあわせる -> るうれつと -> とうじる -> るああ -> あいてどる -> るぽるたあじゆ -> ゆず -> ずばり
alpha_beta vs minimax,alpha_beta,minimax,D10000_seed0_alpha_beta_vs_minimax_0,10000,0,second,ended_with_n,28,second,minimax,り,ずばり,りぞおとほてる,り,る,る,0.382156,False,-170.0,2,2,True,,20,しろきぬ -> ぬうどる -> るうぶる -> るぽ -> ぽけつとさいず -> ずるずる -> るうぷ -> ぷうる -> るび -> びいず -> ずうむれんず -> ずれる -> るんげ -> げえとぼおる -> るり -> りこおる -> るいじあな -> ないる -> るうと -> といあわせる -> るうれつと -> とうじる -> るああ -> あいてどる -> るぽるたあじゆ -> ゆず -> ずばり -> りぞおとほてる
alpha_beta vs minimax,alpha_beta,minimax,D10000_seed0_alpha_beta_vs_minimax_0,10000,0,second,ended_with_n,29,first,alpha_beta,る,りぞおとほてる,るう,る,う,う,0.539784,False,-257.0,3,3,True,149,14,しろきぬ -> ぬうどる -> るうぶる -> るぽ -> ぽけつとさいず -> ずるずる -> るうぷ -> ぷうる -> るび -> びいず -> ずうむれんず -> ずれる -> るんげ -> げえとぼおる -> るり -> りこおる -> るいじあな -> ないる -> るうと -> といあわせる -> るうれつと -> とうじる -> るああ -> あいてどる -> るぽるたあじゆ -> ゆず -> ずばり -> りぞおとほてる -> るう
alpha_beta vs minimax,alpha_beta,minimax,D10000_seed0_alpha_beta_vs_minimax_0,10000,0,second,ended_with_n,30,second,minimax,う,るう,うええるず,う,ず,ず,0.439664,False,257.0,2,2,True,,20,しろきぬ -> ぬうどる -> るうぶる -> るぽ -> ぽけつとさいず -> ずるずる -> るうぷ -> ぷうる -> るび -> びいず -> ずうむれんず -> ずれる -> るんげ -> げえとぼおる -> るり -> りこおる -> るいじあな -> ないる -> るうと -> といあわせる -> るうれつと -> とうじる -> るああ -> あいてどる -> るぽるたあじゆ -> ゆず -> ずばり -> りぞおとほてる -> るう -> うええるず
alpha_beta vs minimax,alpha_beta,minimax,D10000_seed0_alpha_beta_vs_minimax_0,10000,0,second,ended_with_n,31,first,alpha_beta,ず,うええるず,ずじよう,ず,う,う,0.360867,False,155.0,3,4,True,64,18,しろきぬ -> ぬうどる -> るうぶる -> るぽ -> ぽけつとさいず -> ずるずる -> るうぷ -> ぷうる -> るび -> びいず -> ずうむれんず -> ずれる -> るんげ -> げえとぼおる -> るり -> りこおる -> るいじあな -> ないる -> るうと -> といあわせる -> るうれつと -> とうじる -> るああ -> あいてどる -> るぽるたあじゆ -> ゆず -> ずばり -> りぞおとほてる -> るう -> うええるず -> ずじよう
alpha_beta vs minimax,alpha_beta,minimax,D10000_seed0_alpha_beta_vs_minimax_0,10000,0,second,ended_with_n,32,second,minimax,う,ずじよう,うえる,う,る,る,0.394544,False,-155.0,2,3,True,,20,しろきぬ -> ぬうどる -> るうぶる -> るぽ -> ぽけつとさいず -> ずるずる -> るうぷ -> ぷうる -> るび -> びいず -> ずうむれんず -> ずれる -> るんげ -> げえとぼおる -> るり -> りこおる -> るいじあな -> ないる -> るうと -> といあわせる -> るうれつと -> とうじる -> るああ -> あいてどる -> るぽるたあじゆ -> ゆず -> ずばり -> りぞおとほてる -> るう -> うええるず -> ずじよう -> うえる
alpha_beta vs minimax,alpha_beta,minimax,D10000_seed0_alpha_beta_vs_minimax_0,10000,0,second,ended_with_n,33,first,alpha_beta,る,うえる,るねつさんす,る,す,す,0.638546,False,-1602.5,4,4,True,139,13,しろきぬ -> ぬうどる -> るうぶる -> るぽ -> ぽけつとさいず -> ずるずる -> るうぷ -> ぷうる -> るび -> びいず -> ずうむれんず -> ずれる -> るんげ -> げえとぼおる -> るり -> りこおる -> るいじあな -> ないる -> るうと -> といあわせる -> るうれつと -> とうじる -> るああ -> あいてどる -> るぽるたあじゆ -> ゆず -> ずばり -> りぞおとほてる -> るう -> うええるず -> ずじよう -> うえる -> るねつさんす
alpha_beta vs minimax,alpha_beta,minimax,D10000_seed0_alpha_beta_vs_minimax_0,10000,0,second,ended_with_n,34,second,minimax,す,るねつさんす,すえる,す,る,る,2.000021,True,1602.5,3,2,True,,19,しろきぬ -> ぬうどる -> るうぶる -> るぽ -> ぽけつとさいず -> ずるずる -> るうぷ -> ぷうる -> るび -> びいず -> ずうむれんず -> ずれる -> るんげ -> げえとぼおる -> るり -> りこおる -> るいじあな -> ないる -> るうと -> といあわせる -> るうれつと -> とうじる -> るああ -> あいてどる -> るぽるたあじゆ -> ゆず -> ずばり -> りぞおとほてる -> るう -> うええるず -> ずじよう -> うえる -> るねつさんす -> すえる
alpha_beta vs minimax,alpha_beta,minimax,D10000_seed0_alpha_beta_vs_minimax_0,10000,0,second,ended_with_n,35,first,alpha_beta,る,すえる,るい,る,い,い,0.504029,False,-1602.5,4,4,True,151,12,しろきぬ -> ぬうどる -> るうぶる -> るぽ -> ぽけつとさいず -> ずるずる -> るうぷ -> ぷうる -> るび -> びいず -> ずうむれんず -> ずれる -> るんげ -> げえとぼおる -> るり -> りこおる -> るいじあな -> ないる -> るうと -> といあわせる -> るうれつと -> とうじる -> るああ -> あいてどる -> るぽるたあじゆ -> ゆず -> ずばり -> りぞおとほてる -> るう -> うええるず -> ずじよう -> うえる -> るねつさんす -> すえる -> るい
alpha_beta vs minimax,alpha_beta,minimax,D10000_seed0_alpha_beta_vs_minimax_0,10000,0,second,ended_with_n,36,second,minimax,い,るい,いちず,い,ず,ず,0.33941,False,303.0,2,2,True,,20,しろきぬ -> ぬうどる -> るうぶる -> るぽ -> ぽけつとさいず -> ずるずる -> るうぷ -> ぷうる -> るび -> びいず -> ずうむれんず -> ずれる -> るんげ -> げえとぼおる -> るり -> りこおる -> るいじあな -> ないる -> るうと -> といあわせる -> るうれつと -> とうじる -> るああ -> あいてどる -> るぽるたあじゆ -> ゆず -> ずばり -> りぞおとほてる -> るう -> うええるず -> ずじよう -> うえる -> るねつさんす -> すえる -> るい -> いちず
alpha_beta vs minimax,alpha_beta,minimax,D10000_seed0_alpha_beta_vs_minimax_0,10000,0,second,ended_with_n,37,first,alpha_beta,ず,いちず,ずうつと,ず,と,と,1.166714,False,-125.0,4,4,True,395,17,しろきぬ -> ぬうどる -> るうぶる -> るぽ -> ぽけつとさいず -> ずるずる -> るうぷ -> ぷうる -> るび -> びいず -> ずうむれんず -> ずれる -> るんげ -> げえとぼおる -> るり -> りこおる -> るいじあな -> ないる -> るうと -> といあわせる -> るうれつと -> とうじる -> るああ -> あいてどる -> るぽるたあじゆ -> ゆず -> ずばり -> りぞおとほてる -> るう -> うええるず -> ずじよう -> うえる -> るねつさんす -> すえる -> るい -> いちず -> ずうつと
alpha_beta vs minimax,alpha_beta,minimax,D10000_seed0_alpha_beta_vs_minimax_0,10000,0,second,ended_with_n,38,second,minimax,と,ずうつと,とぎれる,と,る,る,0.308377,False,-125.0,2,2,True,,20,しろきぬ -> ぬうどる -> るうぶる -> るぽ -> ぽけつとさいず -> ずるずる -> るうぷ -> ぷうる -> るび -> びいず -> ずうむれんず -> ずれる -> るんげ -> げえとぼおる -> るり -> りこおる -> るいじあな -> ないる -> るうと -> といあわせる -> るうれつと -> とうじる -> るああ -> あいてどる -> るぽるたあじゆ -> ゆず -> ずばり -> りぞおとほてる -> るう -> うええるず -> ずじよう -> うえる -> るねつさんす -> すえる -> るい -> いちず -> ずうつと -> とぎれる
alpha_beta vs minimax,alpha_beta,minimax,D10000_seed0_alpha_beta_vs_minimax_0,10000,0,second,ended_with_n,39,first,alpha_beta,る,とぎれる,るいけい,る,い,い,0.382245,False,-110.0,4,4,True,135,11,しろきぬ -> ぬうどる -> るうぶる -> るぽ -> ぽけつとさいず -> ずるずる -> るうぷ -> ぷうる -> るび -> びいず -> ずうむれんず -> ずれる -> るんげ -> げえとぼおる -> るり -> りこおる -> るいじあな -> ないる -> るうと -> といあわせる -> るうれつと -> とうじる -> るああ -> あいてどる -> るぽるたあじゆ -> ゆず -> ずばり -> りぞおとほてる -> るう -> うええるず -> ずじよう -> うえる -> るねつさんす -> すえる -> るい -> いちず -> ずうつと -> とぎれる -> るいけい
alpha_beta vs minimax,alpha_beta,minimax,D10000_seed0_alpha_beta_vs_minimax_0,10000,0,second,ended_with_n,40,second,minimax,い,るいけい,いあわせる,い,る,る,0.276911,False,-110.0,2,3,True,,20,しろきぬ -> ぬうどる -> るうぶる -> るぽ -> ぽけつとさいず -> ずるずる -> るうぷ -> ぷうる -> るび -> びいず -> ずうむれんず -> ずれる -> るんげ -> げえとぼおる -> るり -> りこおる -> るいじあな -> ないる -> るうと -> といあわせる -> るうれつと -> とうじる -> るああ -> あいてどる -> るぽるたあじゆ -> ゆず -> ずばり -> りぞおとほてる -> るう -> うええるず -> ずじよう -> うえる -> るねつさんす -> すえる -> るい -> いちず -> ずうつと -> とぎれる -> るいけい -> いあわせる
alpha_beta vs minimax,alpha_beta,minimax,D10000_seed0_alpha_beta_vs_minimax_0,10000,0,second,ended_with_n,41,first,alpha_beta,る,いあわせる,るうきい,る,い,い,0.314839,False,-95.0,4,4,True,119,10,しろきぬ -> ぬうどる -> るうぶる -> るぽ -> ぽけつとさいず -> ずるずる -> るうぷ -> ぷうる -> るび -> びいず -> ずうむれんず -> ずれる -> るんげ -> げえとぼおる -> るり -> りこおる -> るいじあな -> ないる -> るうと -> といあわせる -> るうれつと -> とうじる -> るああ -> あいてどる -> るぽるたあじゆ -> ゆず -> ずばり -> りぞおとほてる -> るう -> うええるず -> ずじよう -> うえる -> るねつさんす -> すえる -> るい -> いちず -> ずうつと -> とぎれる -> るいけい -> いあわせる -> るうきい
alpha_beta vs minimax,alpha_beta,minimax,D10000_seed0_alpha_beta_vs_minimax_0,10000,0,second,ended_with_n,42,second,minimax,い,るうきい,いからせる,い,る,る,1.26159,False,95.0,3,3,True,,20,しろきぬ -> ぬうどる -> るうぶる -> るぽ -> ぽけつとさいず -> ずるずる -> るうぷ -> ぷうる -> るび -> びいず -> ずうむれんず -> ずれる -> るんげ -> げえとぼおる -> るり -> りこおる -> るいじあな -> ないる -> るうと -> といあわせる -> るうれつと -> とうじる -> るああ -> あいてどる -> るぽるたあじゆ -> ゆず -> ずばり -> りぞおとほてる -> るう -> うええるず -> ずじよう -> うえる -> るねつさんす -> すえる -> るい -> いちず -> ずうつと -> とぎれる -> るいけい -> いあわせる -> るうきい -> いからせる
alpha_beta vs minimax,alpha_beta,minimax,D10000_seed0_alpha_beta_vs_minimax_0,10000,0,second,ended_with_n,43,first,alpha_beta,る,いからせる,るうふ,る,ふ,ふ,0.520069,False,-95.0,4,4,True,209,9,しろきぬ -> ぬうどる -> るうぶる -> るぽ -> ぽけつとさいず -> ずるずる -> るうぷ -> ぷうる -> るび -> びいず -> ずうむれんず -> ずれる -> るんげ -> げえとぼおる -> るり -> りこおる -> るいじあな -> ないる -> るうと -> といあわせる -> るうれつと -> とうじる -> るああ -> あいてどる -> るぽるたあじゆ -> ゆず -> ずばり -> りぞおとほてる -> るう -> うええるず -> ずじよう -> うえる -> るねつさんす -> すえる -> るい -> いちず -> ずうつと -> とぎれる -> るいけい -> いあわせる -> るうきい -> いからせる -> るうふ
alpha_beta vs minimax,alpha_beta,minimax,D10000_seed0_alpha_beta_vs_minimax_0,10000,0,second,ended_with_n,44,second,minimax,ふ,るうふ,ふりいず,ふ,ず,ず,0.744131,False,95.0,3,3,True,,20,しろきぬ -> ぬうどる -> るうぶる -> るぽ -> ぽけつとさいず -> ずるずる -> るうぷ -> ぷうる -> るび -> びいず -> ずうむれんず -> ずれる -> るんげ -> げえとぼおる -> るり -> りこおる -> るいじあな -> ないる -> るうと -> といあわせる -> るうれつと -> とうじる -> るああ -> あいてどる -> るぽるたあじゆ -> ゆず -> ずばり -> りぞおとほてる -> るう -> うええるず -> ずじよう -> うえる -> るねつさんす -> すえる -> るい -> いちず -> ずうつと -> とぎれる -> るいけい -> いあわせる -> るうきい -> いからせる -> るうふ -> ふりいず
alpha_beta vs minimax,alpha_beta,minimax,D10000_seed0_alpha_beta_vs_minimax_0,10000,0,second,ended_with_n,45,first,alpha_beta,ず,ふりいず,ずうずうしい,ず,い,い,0.900909,False,-80.0,4,4,True,345,16,しろきぬ -> ぬうどる -> るうぶる -> るぽ -> ぽけつとさいず -> ずるずる -> るうぷ -> ぷうる -> るび -> びいず -> ずうむれんず -> ずれる -> るんげ -> げえとぼおる -> るり -> りこおる -> るいじあな -> ないる -> るうと -> といあわせる -> るうれつと -> とうじる -> るああ -> あいてどる -> るぽるたあじゆ -> ゆず -> ずばり -> りぞおとほてる -> るう -> うええるず -> ずじよう -> うえる -> るねつさんす -> すえる -> るい -> いちず -> ずうつと -> とぎれる -> るいけい -> いあわせる -> るうきい -> いからせる -> るうふ -> ふりいず -> ずうずうしい
alpha_beta vs minimax,alpha_beta,minimax,D10000_seed0_alpha_beta_vs_minimax_0,10000,0,second,ended_with_n,46,second,minimax,い,ずうずうしい,いきかえる,い,る,る,1.339556,False,80.0,3,3,True,,20,しろきぬ -> ぬうどる -> るうぶる -> るぽ -> ぽけつとさいず -> ずるずる -> るうぷ -> ぷうる -> るび -> びいず -> ずうむれんず -> ずれる -> るんげ -> げえとぼおる -> るり -> りこおる -> るいじあな -> ないる -> るうと -> といあわせる -> るうれつと -> とうじる -> るああ -> あいてどる -> るぽるたあじゆ -> ゆず -> ずばり -> りぞおとほてる -> るう -> うええるず -> ずじよう -> うえる -> るねつさんす -> すえる -> るい -> いちず -> ずうつと -> とぎれる -> るいけい -> いあわせる -> るうきい -> いからせる -> るうふ -> ふりいず -> ずうずうしい -> いきかえる
alpha_beta vs minimax,alpha_beta,minimax,D10000_seed0_alpha_beta_vs_minimax_0,10000,0,second,ended_with_n,47,first,alpha_beta,る,いきかえる,るいせき,る,き,き,0.304797,False,-80.0,4,4,True,131,8,しろきぬ -> ぬうどる -> るうぶる -> るぽ -> ぽけつとさいず -> ずるずる -> るうぷ -> ぷうる -> るび -> びいず -> ずうむれんず -> ずれる -> るんげ -> げえとぼおる -> るり -> りこおる -> るいじあな -> ないる -> るうと -> といあわせる -> るうれつと -> とうじる -> るああ -> あいてどる -> るぽるたあじゆ -> ゆず -> ずばり -> りぞおとほてる -> るう -> うええるず -> ずじよう -> うえる -> るねつさんす -> すえる -> るい -> いちず -> ずうつと -> とぎれる -> るいけい -> いあわせる -> るうきい -> いからせる -> るうふ -> ふりいず -> ずうずうしい -> いきかえる -> るいせき
alpha_beta vs minimax,alpha_beta,minimax,D10000_seed0_alpha_beta_vs_minimax_0,10000,0,second,ended_with_n,48,second,minimax,き,るいせき,きつず,き,ず,ず,0.295565,False,80.0,3,3,True,,20,しろきぬ -> ぬうどる -> るうぶる -> るぽ -> ぽけつとさいず -> ずるずる -> るうぷ -> ぷうる -> るび -> びいず -> ずうむれんず -> ずれる -> るんげ -> げえとぼおる -> るり -> りこおる -> るいじあな -> ないる -> るうと -> といあわせる -> るうれつと -> とうじる -> るああ -> あいてどる -> るぽるたあじゆ -> ゆず -> ずばり -> りぞおとほてる -> るう -> うええるず -> ずじよう -> うえる -> るねつさんす -> すえる -> るい -> いちず -> ずうつと -> とぎれる -> るいけい -> いあわせる -> るうきい -> いからせる -> るうふ -> ふりいず -> ずうずうしい -> いきかえる -> るいせき -> きつず
alpha_beta vs minimax,alpha_beta,minimax,D10000_seed0_alpha_beta_vs_minimax_0,10000,0,second,ended_with_n,49,first,alpha_beta,ず,きつず,ずし,ず,し,し,0.849747,False,-65.0,4,4,True,363,15,しろきぬ -> ぬうどる -> るうぶる -> るぽ -> ぽけつとさいず -> ずるずる -> るうぷ -> ぷうる -> るび -> びいず -> ずうむれんず -> ずれる -> るんげ -> げえとぼおる -> るり -> りこおる -> るいじあな -> ないる -> るうと -> といあわせる -> るうれつと -> とうじる -> るああ -> あいてどる -> るぽるたあじゆ -> ゆず -> ずばり -> りぞおとほてる -> るう -> うええるず -> ずじよう -> うえる -> るねつさんす -> すえる -> るい -> いちず -> ずうつと -> とぎれる -> るいけい -> いあわせる -> るうきい -> いからせる -> るうふ -> ふりいず -> ずうずうしい -> いきかえる -> るいせき -> きつず -> ずし
alpha_beta vs minimax,alpha_beta,minimax,D10000_seed0_alpha_beta_vs_minimax_0,10000,0,second,ended_with_n,50,second,minimax,し,ずし,しあとる,し,る,る,0.247312,False,65.0,3,3,True,,20,しろきぬ -> ぬうどる -> るうぶる -> るぽ -> ぽけつとさいず -> ずるずる -> るうぷ -> ぷうる -> るび -> びいず -> ずうむれんず -> ずれる -> るんげ -> げえとぼおる -> るり -> りこおる -> るいじあな -> ないる -> るうと -> といあわせる -> るうれつと -> とうじる -> るああ -> あいてどる -> るぽるたあじゆ -> ゆず -> ずばり -> りぞおとほてる -> るう -> うええるず -> ずじよう -> うえる -> るねつさんす -> すえる -> るい -> いちず -> ずうつと -> とぎれる -> るいけい -> いあわせる -> るうきい -> いからせる -> るうふ -> ふりいず -> ずうずうしい -> いきかえる -> るいせき -> きつず -> ずし -> しあとる
alpha_beta vs minimax,alpha_beta,minimax,D10000_seed0_alpha_beta_vs_minimax_0,10000,0,second,ended_with_n,51,first,alpha_beta,る,しあとる,るうる,る,る,る,0.014591,False,-500000.0,4,4,True,6,7,しろきぬ -> ぬうどる -> るうぶる -> るぽ -> ぽけつとさいず -> ずるずる -> るうぷ -> ぷうる -> るび -> びいず -> ずうむれんず -> ずれる -> るんげ -> げえとぼおる -> るり -> りこおる -> るいじあな -> ないる -> るうと -> といあわせる -> るうれつと -> とうじる -> るああ -> あいてどる -> るぽるたあじゆ -> ゆず -> ずばり -> りぞおとほてる -> るう -> うええるず -> ずじよう -> うえる -> るねつさんす -> すえる -> るい -> いちず -> ずうつと -> とぎれる -> るいけい -> いあわせる -> るうきい -> いからせる -> るうふ -> ふりいず -> ずうずうしい -> いきかえる -> るいせき -> きつず -> ずし -> しあとる -> るうる
alpha_beta vs minimax,alpha_beta,minimax,D10000_seed0_alpha_beta_vs_minimax_0,10000,0,second,ended_with_n,52,second,minimax,る,るうる,るみのおる,る,る,る,0.111709,False,500000.0,3,3,True,,6,しろきぬ -> ぬうどる -> るうぶる -> るぽ -> ぽけつとさいず -> ずるずる -> るうぷ -> ぷうる -> るび -> びいず -> ずうむれんず -> ずれる -> るんげ -> げえとぼおる -> るり -> りこおる -> るいじあな -> ないる -> るうと -> といあわせる -> るうれつと -> とうじる -> るああ -> あいてどる -> るぽるたあじゆ -> ゆず -> ずばり -> りぞおとほてる -> るう -> うええるず -> ずじよう -> うえる -> るねつさんす -> すえる -> るい -> いちず -> ずうつと -> とぎれる -> るいけい -> いあわせる -> るうきい -> いからせる -> るうふ -> ふりいず -> ずうずうしい -> いきかえる -> るいせき -> きつず -> ずし -> しあとる -> るうる -> るみのおる
alpha_beta vs minimax,alpha_beta,minimax,D10000_seed0_alpha_beta_vs_minimax_0,10000,0,second,ended_with_n,53,first,alpha_beta,る,るみのおる,るびい,る,い,い,0.003101,False,-1000000.0,4,4,True,1,5,しろきぬ -> ぬうどる -> るうぶる -> るぽ -> ぽけつとさいず -> ずるずる -> るうぷ -> ぷうる -> るび -> びいず -> ずうむれんず -> ずれる -> るんげ -> げえとぼおる -> るり -> りこおる -> るいじあな -> ないる -> るうと -> といあわせる -> るうれつと -> とうじる -> るああ -> あいてどる -> るぽるたあじゆ -> ゆず -> ずばり -> りぞおとほてる -> るう -> うええるず -> ずじよう -> うえる -> るねつさんす -> すえる -> るい -> いちず -> ずうつと -> とぎれる -> るいけい -> いあわせる -> るうきい -> いからせる -> るうふ -> ふりいず -> ずうずうしい -> いきかえる -> るいせき -> きつず -> ずし -> しあとる -> るうる -> るみのおる -> るびい
alpha_beta vs minimax,alpha_beta,minimax,D10000_seed0_alpha_beta_vs_minimax_0,10000,0,second,ended_with_n,54,second,minimax,い,るびい,いきる,い,る,る,0.006,False,1000000.0,3,3,True,,20,しろきぬ -> ぬうどる -> るうぶる -> るぽ -> ぽけつとさいず -> ずるずる -> るうぷ -> ぷうる -> るび -> びいず -> ずうむれんず -> ずれる -> るんげ -> げえとぼおる -> るり -> りこおる -> るいじあな -> ないる -> るうと -> といあわせる -> るうれつと -> とうじる -> るああ -> あいてどる -> るぽるたあじゆ -> ゆず -> ずばり -> りぞおとほてる -> るう -> うええるず -> ずじよう -> うえる -> るねつさんす -> すえる -> るい -> いちず -> ずうつと -> とぎれる -> るいけい -> いあわせる -> るうきい -> いからせる -> るうふ -> ふりいず -> ずうずうしい -> いきかえる -> るいせき -> きつず -> ずし -> しあとる -> るうる -> るみのおる -> るびい -> いきる
alpha_beta vs minimax,alpha_beta,minimax,D10000_seed0_alpha_beta_vs_minimax_0,10000,0,second,ended_with_n,55,first,alpha_beta,る,いきる,るいしん,る,ん,,3e-06,False,-1000000.0,4,4,True,0,4,しろきぬ -> ぬうどる -> るうぶる -> るぽ -> ぽけつとさいず -> ずるずる -> るうぷ -> ぷうる -> るび -> びいず -> ずうむれんず -> ずれる -> るんげ -> げえとぼおる -> るり -> りこおる -> るいじあな -> ないる -> るうと -> といあわせる -> るうれつと -> とうじる -> るああ -> あいてどる -> るぽるたあじゆ -> ゆず -> ずばり -> りぞおとほてる -> るう -> うええるず -> ずじよう -> うえる -> るねつさんす -> すえる -> るい -> いちず -> ずうつと -> とぎれる -> るいけい -> いあわせる -> るうきい -> いからせる -> るうふ -> ふりいず -> ずうずうしい -> いきかえる -> るいせき -> きつず -> ずし -> しあとる -> るうる -> るみのおる -> るびい -> いきる -> るいしん
alpha_beta vs monte_carlo,alpha_beta,monte_carlo,D10000_seed0_alpha_beta_vs_monte_carlo_0,10000,0,first,ended_with_n,1,first,alpha_beta,ANY,,しろきぬ,し,ぬ,ぬ,2.000026,True,-320.0,4,3,True,383,10,しろきぬ
alpha_beta vs monte_carlo,alpha_beta,monte_carlo,D10000_seed0_alpha_beta_vs_monte_carlo_0,10000,0,first,ended_with_n,2,second,monte_carlo,ぬ,しろきぬ,ぬのじ,ぬ,じ,じ,0.706408,False,0.45099999999999996,,,,,,しろきぬ -> ぬのじ
alpha_beta vs monte_carlo,alpha_beta,monte_carlo,D10000_seed0_alpha_beta_vs_monte_carlo_0,10000,0,first,ended_with_n,3,first,alpha_beta,じ,ぬのじ,じゆうしゆぎ,じ,ぎ,ぎ,1.069786,False,350.0,3,3,True,51,20,しろきぬ -> ぬのじ -> じゆうしゆぎ
alpha_beta vs monte_carlo,alpha_beta,monte_carlo,D10000_seed0_alpha_beta_vs_monte_carlo_0,10000,0,first,ended_with_n,4,second,monte_carlo,ぎ,じゆうしゆぎ,ぎようしや,ぎ,や,や,0.850243,False,0.34,,,,,,しろきぬ -> ぬのじ -> じゆうしゆぎ -> ぎようしや
alpha_beta vs monte_carlo,alpha_beta,monte_carlo,D10000_seed0_alpha_beta_vs_monte_carlo_0,10000,0,first,ended_with_n,5,first,alpha_beta,や,ぎようしや,やなぎ,や,ぎ,ぎ,1.002949,False,350.0,3,3,True,73,20,しろきぬ -> ぬのじ -> じゆうしゆぎ -> ぎようしや -> やなぎ
alpha_beta vs monte_carlo,alpha_beta,monte_carlo,D10000_seed0_alpha_beta_vs_monte_carlo_0,10000,0,first,ended_with_n,6,second,monte_carlo,ぎ,やなぎ,ぎじどう,ぎ,う,う,0.774369,False,0.3325,,,,,,しろきぬ -> ぬのじ -> じゆうしゆぎ -> ぎようしや -> やなぎ -> ぎじどう
alpha_beta vs monte_carlo,alpha_beta,monte_carlo,D10000_seed0_alpha_beta_vs_monte_carlo_0,10000,0,first,ended_with_n,7,first,alpha_beta,う,ぎじどう,うさぎ,う,ぎ,ぎ,0.772326,False,350.0,3,4,True,51,20,しろきぬ -> ぬのじ -> じゆうしゆぎ -> ぎようしや -> やなぎ -> ぎじどう -> うさぎ
alpha_beta vs monte_carlo,alpha_beta,monte_carlo,D10000_seed0_alpha_beta_vs_monte_carlo_0,10000,0,first,ended_with_n,8,second,monte_carlo,ぎ,うさぎ,ぎじゆつ,ぎ,つ,つ,0.761687,False,0.4459999999999999,,,,,,しろきぬ -> ぬのじ -> じゆうしゆぎ -> ぎようしや -> やなぎ -> ぎじどう -> うさぎ -> ぎじゆつ
alpha_beta vs monte_carlo,alpha_beta,monte_carlo,D10000_seed0_alpha_beta_vs_monte_carlo_0,10000,0,first,ended_with_n,9,first,alpha_beta,つ,ぎじゆつ,つとめる,つ,る,る,2.000037,True,-0.0,4,3,True,218,10,しろきぬ -> ぬのじ -> じゆうしゆぎ -> ぎようしや -> やなぎ -> ぎじどう -> うさぎ -> ぎじゆつ -> つとめる
alpha_beta vs monte_carlo,alpha_beta,monte_carlo,D10000_seed0_alpha_beta_vs_monte_carlo_0,10000,0,first,ended_with_n,10,second,monte_carlo,る,つとめる,るうる,る,る,る,0.900792,False,0.43,,,,,,しろきぬ -> ぬのじ -> じゆうしゆぎ -> ぎようしや -> やなぎ -> ぎじどう -> うさぎ -> ぎじゆつ -> つとめる -> るうる
alpha_beta vs monte_carlo,alpha_beta,monte_carlo,D10000_seed0_alpha_beta_vs_monte_carlo_0,10000,0,first,ended_with_n,11,first,alpha_beta,る,るうる,るぽ,る,ぽ,ぽ,1.480003,False,305.0,3,3,True,57,20,しろきぬ -> ぬのじ -> じゆうしゆぎ -> ぎようしや -> やなぎ -> ぎじどう -> うさぎ -> ぎじゆつ -> つとめる -> るうる -> るぽ
alpha_beta vs monte_carlo,alpha_beta,monte_carlo,D10000_seed0_alpha_beta_vs_monte_carlo_0,10000,0,first,ended_with_n,12,second,monte_carlo,ぽ,るぽ,ぽたぽた,ぽ,た,た,0.732835,False,0.5399999999999999,,,,,,しろきぬ -> ぬのじ -> じゆうしゆぎ -> ぎようしや -> やなぎ -> ぎじどう -> うさぎ -> ぎじゆつ -> つとめる -> るうる -> るぽ -> ぽたぽた
alpha_beta vs monte_carlo,alpha_beta,monte_carlo,D10000_seed0_alpha_beta_vs_monte_carlo_0,10000,0,first,ended_with_n,13,first,alpha_beta,た,ぽたぽた,たひぬ,た,ぬ,ぬ,1.224343,False,305.0,3,3,True,53,20,しろきぬ -> ぬのじ -> じゆうしゆぎ -> ぎようしや -> やなぎ -> ぎじどう -> うさぎ -> ぎじゆつ -> つとめる -> るうる -> るぽ -> ぽたぽた -> たひぬ
alpha_beta vs monte_carlo,alpha_beta,monte_carlo,D10000_seed0_alpha_beta_vs_monte_carlo_0,10000,0,first,ended_with_n,14,second,monte_carlo,ぬ,たひぬ,ぬし,ぬ,し,し,0.572607,False,0.484,,,,,,しろきぬ -> ぬのじ -> じゆうしゆぎ -> ぎようしや -> やなぎ -> ぎじどう -> うさぎ -> ぎじゆつ -> つとめる -> るうる -> るぽ -> ぽたぽた -> たひぬ -> ぬし
alpha_beta vs monte_carlo,alpha_beta,monte_carlo,D10000_seed0_alpha_beta_vs_monte_carlo_0,10000,0,first,ended_with_n,15,first,alpha_beta,し,ぬし,しぬ,し,ぬ,ぬ,1.180079,False,305.0,3,4,True,48,20,しろきぬ -> ぬのじ -> じゆうしゆぎ -> ぎようしや -> やなぎ -> ぎじどう -> うさぎ -> ぎじゆつ -> つとめる -> るうる -> るぽ -> ぽたぽた -> たひぬ -> ぬし -> しぬ
alpha_beta vs monte_carlo,alpha_beta,monte_carlo,D10000_seed0_alpha_beta_vs_monte_carlo_0,10000,0,first,ended_with_n,16,second,monte_carlo,ぬ,しぬ,ぬらす,ぬ,す,す,0.562294,False,0.54,,,,,,しろきぬ -> ぬのじ -> じゆうしゆぎ -> ぎようしや -> やなぎ -> ぎじどう -> うさぎ -> ぎじゆつ -> つとめる -> るうる -> るぽ -> ぽたぽた -> たひぬ -> ぬし -> しぬ -> ぬらす
alpha_beta vs monte_carlo,alpha_beta,monte_carlo,D10000_seed0_alpha_beta_vs_monte_carlo_0,10000,0,first,ended_with_n,17,first,alpha_beta,す,ぬらす,すきやんだる,す,る,る,2.00001,True,-116.0,4,3,True,144,4,しろきぬ -> ぬのじ -> じゆうしゆぎ -> ぎようしや -> やなぎ -> ぎじどう -> うさぎ -> ぎじゆつ -> つとめる -> るうる -> るぽ -> ぽたぽた -> たひぬ -> ぬし -> しぬ -> ぬらす -> すきやんだる
alpha_beta vs monte_carlo,alpha_beta,monte_carlo,D10000_seed0_alpha_beta_vs_monte_carlo_0,10000,0,first,ended_with_n,18,second,monte_carlo,る,すきやんだる,るうふ,る,ふ,ふ,0.686461,False,0.7,,,,,,しろきぬ -> ぬのじ -> じゆうしゆぎ -> ぎようしや -> やなぎ -> ぎじどう -> うさぎ -> ぎじゆつ -> つとめる -> るうる -> るぽ -> ぽたぽた -> たひぬ -> ぬし -> しぬ -> ぬらす -> すきやんだる -> るうふ
alpha_beta vs monte_carlo,alpha_beta,monte_carlo,D10000_seed0_alpha_beta_vs_monte_carlo_0,10000,0,first,ended_with_n,19,first,alpha_beta,ふ,るうふ,ふりいず,ふ,ず,ず,1.799453,False,290.0,3,3,True,169,20,しろきぬ -> ぬのじ -> じゆうしゆぎ -> ぎようしや -> やなぎ -> ぎじどう -> うさぎ -> ぎじゆつ -> つとめる -> るうる -> るぽ -> ぽたぽた -> たひぬ -> ぬし -> しぬ -> ぬらす -> すきやんだる -> るうふ -> ふりいず
alpha_beta vs monte_carlo,alpha_beta,monte_carlo,D10000_seed0_alpha_beta_vs_monte_carlo_0,10000,0,first,ended_with_n,20,second,monte_carlo,ず,ふりいず,ずうむれんず,ず,ず,ず,0.555757,False,0.44999999999999984,,,,,,しろきぬ -> ぬのじ -> じゆうしゆぎ -> ぎようしや -> やなぎ -> ぎじどう -> うさぎ -> ぎじゆつ -> つとめる -> るうる -> るぽ -> ぽたぽた -> たひぬ -> ぬし -> しぬ -> ぬらす -> すきやんだる -> るうふ -> ふりいず -> ずうむれんず
alpha_beta vs monte_carlo,alpha_beta,monte_carlo,D10000_seed0_alpha_beta_vs_monte_carlo_0,10000,0,first,ended_with_n,21,first,alpha_beta,ず,ずうむれんず,ずるずる,ず,る,る,0.584259,False,341.0,3,3,True,31,20,しろきぬ -> ぬのじ -> じゆうしゆぎ -> ぎようしや -> やなぎ -> ぎじどう -> うさぎ -> ぎじゆつ -> つとめる -> るうる -> るぽ -> ぽたぽた -> たひぬ -> ぬし -> しぬ -> ぬらす -> すきやんだる -> るうふ -> ふりいず -> ずうむれんず -> ずるずる
alpha_beta vs monte_carlo,alpha_beta,monte_carlo,D10000_seed0_alpha_beta_vs_monte_carlo_0,10000,0,first,ended_with_n,22,second,monte_carlo,る,ずるずる,るんげ,る,げ,げ,0.601967,False,0.7,,,,,,しろきぬ -> ぬのじ -> じゆうしゆぎ -> ぎようしや -> やなぎ -> ぎじどう -> うさぎ -> ぎじゆつ -> つとめる -> るうる -> るぽ -> ぽたぽた -> たひぬ -> ぬし -> しぬ -> ぬらす -> すきやんだる -> るうふ -> ふりいず -> ずうむれんず -> ずるずる -> るんげ
alpha_beta vs monte_carlo,alpha_beta,monte_carlo,D10000_seed0_alpha_beta_vs_monte_carlo_0,10000,0,first,ended_with_n,23,first,alpha_beta,げ,るんげ,げえとぼおる,げ,る,る,0.73717,False,318.0,3,4,True,35,20,しろきぬ -> ぬのじ -> じゆうしゆぎ -> ぎようしや -> やなぎ -> ぎじどう -> うさぎ -> ぎじゆつ -> つとめる -> るうる -> るぽ -> ぽたぽた -> たひぬ -> ぬし -> しぬ -> ぬらす -> すきやんだる -> るうふ -> ふりいず -> ずうむれんず -> ずるずる -> るんげ -> げえとぼおる
alpha_beta vs monte_carlo,alpha_beta,monte_carlo,D10000_seed0_alpha_beta_vs_monte_carlo_0,10000,0,first,ended_with_n,24,second,monte_carlo,る,げえとぼおる,るああ,る,あ,あ,0.512135,False,0.505,,,,,,しろきぬ -> ぬのじ -> じゆうしゆぎ -> ぎようしや -> やなぎ -> ぎじどう -> うさぎ -> ぎじゆつ -> つとめる -> るうる -> るぽ -> ぽたぽた -> たひぬ -> ぬし -> しぬ -> ぬらす -> すきやんだる -> るうふ -> ふりいず -> ずうむれんず -> ずるずる -> るんげ -> げえとぼおる -> るああ
alpha_beta vs monte_carlo,alpha_beta,monte_carlo,D10000_seed0_alpha_beta_vs_monte_carlo_0,10000,0,first,ended_with_n,25,first,alpha_beta,あ,るああ,あたいする,あ,る,る,2.000004,True,-47.0,4,3,True,341,10,しろきぬ -> ぬのじ -> じゆうしゆぎ -> ぎようしや -> やなぎ -> ぎじどう -> うさぎ -> ぎじゆつ -> つとめる -> るうる -> るぽ -> ぽたぽた -> たひぬ -> ぬし -> しぬ -> ぬらす -> すきやんだる -> るうふ -> ふりいず -> ずうむれんず -> ずるずる -> るんげ -> げえとぼおる -> るああ -> あたいする
alpha_beta vs monte_carlo,alpha_beta,monte_carlo,D10000_seed0_alpha_beta_vs_monte_carlo_0,10000,0,first,ended_with_n,26,second,monte_carlo,る,あたいする,るうと,る,と,と,0.414776,False,0.7625,,,,,,しろきぬ -> ぬのじ -> じゆうしゆぎ -> ぎようしや -> やなぎ -> ぎじどう -> うさぎ -> ぎじゆつ -> つとめる -> るうる -> るぽ -> ぽたぽた -> たひぬ -> ぬし -> しぬ -> ぬらす -> すきやんだる -> るうふ -> ふりいず -> ずうむれんず -> ずるずる -> るんげ -> げえとぼおる -> るああ -> あたいする -> るうと
alpha_beta vs monte_carlo,alpha_beta,monte_carlo,D10000_seed0_alpha_beta_vs_monte_carlo_0,10000,0,first,ended_with_n,27,first,alpha_beta,と,るうと,といあわせる,と,る,る,1.594984,False,245.0,3,3,True,164,20,しろきぬ -> ぬのじ -> じゆうしゆぎ -> ぎようしや -> やなぎ -> ぎじどう -> うさぎ -> ぎじゆつ -> つとめる -> るうる -> るぽ -> ぽたぽた -> たひぬ -> ぬし -> しぬ -> ぬらす -> すきやんだる -> るうふ -> ふりいず -> ずうむれんず -> ずるずる -> るんげ -> げえとぼおる -> るああ -> あたいする -> るうと -> といあわせる
alpha_beta vs monte_carlo,alpha_beta,monte_carlo,D10000_seed0_alpha_beta_vs_monte_carlo_0,10000,0,first,ended_with_n,28,second,monte_carlo,る,といあわせる,るう,る,う,う,0.364559,False,0.9099999999999999,,,,,,しろきぬ -> ぬのじ -> じゆうしゆぎ -> ぎようしや -> やなぎ -> ぎじどう -> うさぎ -> ぎじゆつ -> つとめる -> るうる -> るぽ -> ぽたぽた -> たひぬ -> ぬし -> しぬ -> ぬらす -> すきやんだる -> るうふ -> ふりいず -> ずうむれんず -> ずるずる -> るんげ -> げえとぼおる -> るああ -> あたいする -> るうと -> といあわせる -> るう
alpha_beta vs monte_carlo,alpha_beta,monte_carlo,D10000_seed0_alpha_beta_vs_monte_carlo_0,10000,0,first,ended_with_n,29,first,alpha_beta,う,るう,うすぎ,う,ぎ,ぎ,1.18003,False,245.0,3,3,True,126,20,しろきぬ -> ぬのじ -> じゆうしゆぎ -> ぎようしや -> やなぎ -> ぎじどう -> うさぎ -> ぎじゆつ -> つとめる -> るうる -> るぽ -> ぽたぽた -> たひぬ -> ぬし -> しぬ -> ぬらす -> すきやんだる -> るうふ -> ふりいず -> ずうむれんず -> ずるずる -> るんげ -> げえとぼおる -> るああ -> あたいする -> るうと -> といあわせる -> るう -> うすぎ
alpha_beta vs monte_carlo,alpha_beta,monte_carlo,D10000_seed0_alpha_beta_vs_monte_carlo_0,10000,0,first,ended_with_n,30,second,monte_carlo,ぎ,うすぎ,ぎようれつ,ぎ,つ,つ,0.528891,False,0.71,,,,,,しろきぬ -> ぬのじ -> じゆうしゆぎ -> ぎようしや -> やなぎ -> ぎじどう -> うさぎ -> ぎじゆつ -> つとめる -> るうる -> るぽ -> ぽたぽた -> たひぬ -> ぬし -> しぬ -> ぬらす -> すきやんだる -> るうふ -> ふりいず -> ずうむれんず -> ずるずる -> るんげ -> げえとぼおる -> るああ -> あたいする -> るうと -> といあわせる -> るう -> うすぎ -> ぎようれつ
alpha_beta vs monte_carlo,alpha_beta,monte_carlo,D10000_seed0_alpha_beta_vs_monte_carlo_0,10000,0,first,ended_with_n,31,first,alpha_beta,つ,ぎようれつ,つじかぜ,つ,ぜ,ぜ,1.314164,False,245.0,3,4,True,143,20,しろきぬ -> ぬのじ -> じゆうしゆぎ -> ぎようしや -> やなぎ -> ぎじどう -> うさぎ -> ぎじゆつ -> つとめる -> るうる -> るぽ -> ぽたぽた -> たひぬ -> ぬし -> しぬ -> ぬらす -> すきやんだる -> るうふ -> ふりいず -> ずうむれんず -> ずるずる -> るんげ -> げえとぼおる -> るああ -> あたいする -> るうと -> といあわせる -> るう -> うすぎ -> ぎようれつ -> つじかぜ
alpha_beta vs monte_carlo,alpha_beta,monte_carlo,D10000_seed0_alpha_beta_vs_monte_carlo_0,10000,0,first,ended_with_n,32,second,monte_carlo,ぜ,つじかぜ,ぜんよう,ぜ,う,う,0.487395,False,0.595,,,,,,しろきぬ -> ぬのじ -> じゆうしゆぎ -> ぎようしや -> やなぎ -> ぎじどう -> うさぎ -> ぎじゆつ -> つとめる -> るうる -> るぽ -> ぽたぽた -> たひぬ -> ぬし -> しぬ -> ぬらす -> すきやんだる -> るうふ -> ふりいず -> ずうむれんず -> ずるずる -> るんげ -> げえとぼおる -> るああ -> あたいする -> るうと -> といあわせる -> るう -> うすぎ -> ぎようれつ -> つじかぜ -> ぜんよう
alpha_beta vs monte_carlo,alpha_beta,monte_carlo,D10000_seed0_alpha_beta_vs_monte_carlo_0,10000,0,first,ended_with_n,33,first,alpha_beta,う,ぜんよう,うえる,う,る,る,1.848772,False,-215.0,4,4,True,545,20,しろきぬ -> ぬのじ -> じゆうしゆぎ -> ぎようしや -> やなぎ -> ぎじどう -> うさぎ -> ぎじゆつ -> つとめる -> るうる -> るぽ -> ぽたぽた -> たひぬ -> ぬし -> しぬ -> ぬらす -> すきやんだる -> るうふ -> ふりいず -> ずうむれんず -> ずるずる -> るんげ -> げえとぼおる -> るああ -> あたいする -> るうと -> といあわせる -> るう -> うすぎ -> ぎようれつ -> つじかぜ -> ぜんよう -> うえる
alpha_beta vs monte_carlo,alpha_beta,monte_carlo,D10000_seed0_alpha_beta_vs_monte_carlo_0,10000,0,first,ended_with_n,34,second,monte_carlo,る,うえる,るうれつと,る,と,と,0.280635,False,0.79,,,,,,しろきぬ -> ぬのじ -> じゆうしゆぎ -> ぎようしや -> やなぎ -> ぎじどう -> うさぎ -> ぎじゆつ -> つとめる -> るうる -> るぽ -> ぽたぽた -> たひぬ -> ぬし -> しぬ -> ぬらす -> すきやんだる -> るうふ -> ふりいず -> ずうむれんず -> ずるずる -> るんげ -> げえとぼおる -> るああ -> あたいする -> るうと -> といあわせる -> るう -> うすぎ -> ぎようれつ -> つじかぜ -> ぜんよう -> うえる -> るうれつと
alpha_beta vs monte_carlo,alpha_beta,monte_carlo,D10000_seed0_alpha_beta_vs_monte_carlo_0,10000,0,first,ended_with_n,35,first,alpha_beta,と,るうれつと,とりいれる,と,る,る,2.000008,True,22.0,4,3,True,608,19,しろきぬ -> ぬのじ -> じゆうしゆぎ -> ぎようしや -> やなぎ -> ぎじどう -> うさぎ -> ぎじゆつ -> つとめる -> るうる -> るぽ -> ぽたぽた -> たひぬ -> ぬし -> しぬ -> ぬらす -> すきやんだる -> るうふ -> ふりいず -> ずうむれんず -> ずるずる -> るんげ -> げえとぼおる -> るああ -> あたいする -> るうと -> といあわせる -> るう -> うすぎ -> ぎようれつ -> つじかぜ -> ぜんよう -> うえる -> るうれつと -> とりいれる
alpha_beta vs monte_carlo,alpha_beta,monte_carlo,D10000_seed0_alpha_beta_vs_monte_carlo_0,10000,0,first,ended_with_n,36,second,monte_carlo,る,とりいれる,るいじあな,る,な,な,0.25742,False,0.7,,,,,,しろきぬ -> ぬのじ -> じゆうしゆぎ -> ぎようしや -> やなぎ -> ぎじどう -> うさぎ -> ぎじゆつ -> つとめる -> るうる -> るぽ -> ぽたぽた -> たひぬ -> ぬし -> しぬ -> ぬらす -> すきやんだる -> るうふ -> ふりいず -> ずうむれんず -> ずるずる -> るんげ -> げえとぼおる -> るああ -> あたいする -> るうと -> といあわせる -> るう -> うすぎ -> ぎようれつ -> つじかぜ -> ぜんよう -> うえる -> るうれつと -> とりいれる -> るいじあな
alpha_beta vs monte_carlo,alpha_beta,monte_carlo,D10000_seed0_alpha_beta_vs_monte_carlo_0,10000,0,first,ended_with_n,37,first,alpha_beta,な,るいじあな,なぜ,な,ぜ,ぜ,1.287338,False,215.0,3,3,True,162,20,しろきぬ -> ぬのじ -> じゆうしゆぎ -> ぎようしや -> やなぎ -> ぎじどう -> うさぎ -> ぎじゆつ -> つとめる -> るうる -> るぽ -> ぽたぽた -> たひぬ -> ぬし -> しぬ -> ぬらす -> すきやんだる -> るうふ -> ふりいず -> ずうむれんず -> ずるずる -> るんげ -> げえとぼおる -> るああ -> あたいする -> るうと -> といあわせる -> るう -> うすぎ -> ぎようれつ -> つじかぜ -> ぜんよう -> うえる -> るうれつと -> とりいれる -> るいじあな -> なぜ
alpha_beta vs monte_carlo,alpha_beta,monte_carlo,D10000_seed0_alpha_beta_vs_monte_carlo_0,10000,0,first,ended_with_n,38,second,monte_carlo,ぜ,なぜ,ぜつちよう,ぜ,う,う,0.368078,False,0.72,,,,,,しろきぬ -> ぬのじ -> じゆうしゆぎ -> ぎようしや -> やなぎ -> ぎじどう -> うさぎ -> ぎじゆつ -> つとめる -> るうる -> るぽ -> ぽたぽた -> たひぬ -> ぬし -> しぬ -> ぬらす -> すきやんだる -> るうふ -> ふりいず -> ずうむれんず -> ずるずる -> るんげ -> げえとぼおる -> るああ -> あたいする -> るうと -> といあわせる -> るう -> うすぎ -> ぎようれつ -> つじかぜ -> ぜんよう -> うえる -> るうれつと -> とりいれる -> るいじあな -> なぜ -> ぜつちよう
alpha_beta vs monte_carlo,alpha_beta,monte_carlo,D10000_seed0_alpha_beta_vs_monte_carlo_0,10000,0,first,ended_with_n,39,first,alpha_beta,う,ぜつちよう,うわぎ,う,ぎ,ぎ,1.17489,False,215.0,3,3,True,154,20,しろきぬ -> ぬのじ -> じゆうしゆぎ -> ぎようしや -> やなぎ -> ぎじどう -> うさぎ -> ぎじゆつ -> つとめる -> るうる -> るぽ -> ぽたぽた -> たひぬ -> ぬし -> しぬ -> ぬらす -> すきやんだる -> るうふ -> ふりいず -> ずうむれんず -> ずるずる -> るんげ -> げえとぼおる -> るああ -> あたいする -> るうと -> といあわせる -> るう -> うすぎ -> ぎようれつ -> つじかぜ -> ぜんよう -> うえる -> るうれつと -> とりいれる -> るいじあな -> なぜ -> ぜつちよう -> うわぎ
alpha_beta vs monte_carlo,alpha_beta,monte_carlo,D10000_seed0_alpha_beta_vs_monte_carlo_0,10000,0,first,ended_with_n,40,second,monte_carlo,ぎ,うわぎ,ぎようむ,ぎ,む,む,0.381287,False,0.8,,,,,,しろきぬ -> ぬのじ -> じゆうしゆぎ -> ぎようしや -> やなぎ -> ぎじどう -> うさぎ -> ぎじゆつ -> つとめる -> るうる -> るぽ -> ぽたぽた -> たひぬ -> ぬし -> しぬ -> ぬらす -> すきやんだる -> るうふ -> ふりいず -> ずうむれんず -> ずるずる -> るんげ -> げえとぼおる -> るああ -> あたいする -> るうと -> といあわせる -> るう -> うすぎ -> ぎようれつ -> つじかぜ -> ぜんよう -> うえる -> るうれつと -> とりいれる -> るいじあな -> なぜ -> ぜつちよう -> うわぎ -> ぎようむ
alpha_beta vs monte_carlo,alpha_beta,monte_carlo,D10000_seed0_alpha_beta_vs_monte_carlo_0,10000,0,first,ended_with_n,41,first,alpha_beta,む,ぎようむ,むぎ,む,ぎ,ぎ,0.753005,False,215.0,3,4,True,73,20,しろきぬ -> ぬのじ -> じゆうしゆぎ -> ぎようしや -> やなぎ -> ぎじどう -> うさぎ -> ぎじゆつ -> つとめる -> るうる -> るぽ -> ぽたぽた -> たひぬ -> ぬし -> しぬ -> ぬらす -> すきやんだる -> るうふ -> ふりいず -> ずうむれんず -> ずるずる -> るんげ -> げえとぼおる -> るああ -> あたいする -> るうと -> といあわせる -> るう -> うすぎ -> ぎようれつ -> つじかぜ -> ぜんよう -> うえる -> るうれつと -> とりいれる -> るいじあな -> なぜ -> ぜつちよう -> うわぎ -> ぎようむ -> むぎ
alpha_beta vs monte_carlo,alpha_beta,monte_carlo,D10000_seed0_alpha_beta_vs_monte_carlo_0,10000,0,first,ended_with_n,42,second,monte_carlo,ぎ,むぎ,ぎらぎら,ぎ,ら,ら,0.369288,False,0.71,,,,,,しろきぬ -> ぬのじ -> じゆうしゆぎ -> ぎようしや -> やなぎ -> ぎじどう -> うさぎ -> ぎじゆつ -> つとめる -> るうる -> るぽ -> ぽたぽた -> たひぬ -> ぬし -> しぬ -> ぬらす -> すきやんだる -> るうふ -> ふりいず -> ずうむれんず -> ずるずる -> るんげ -> げえとぼおる -> るああ -> あたいする -> るうと -> といあわせる -> るう -> うすぎ -> ぎようれつ -> つじかぜ -> ぜんよう -> うえる -> るうれつと -> とりいれる -> るいじあな -> なぜ -> ぜつちよう -> うわぎ -> ぎようむ -> むぎ -> ぎらぎら
alpha_beta vs monte_carlo,alpha_beta,monte_carlo,D10000_seed0_alpha_beta_vs_monte_carlo_0,10000,0,first,ended_with_n,43,first,alpha_beta,ら,ぎらぎら,らじある,ら,る,る,0.869069,False,-185.0,4,4,True,312,20,しろきぬ -> ぬのじ -> じゆうしゆぎ -> ぎようしや -> やなぎ -> ぎじどう -> うさぎ -> ぎじゆつ -> つとめる -> るうる -> るぽ -> ぽたぽた -> たひぬ -> ぬし -> しぬ -> ぬらす -> すきやんだる -> るうふ -> ふりいず -> ずうむれんず -> ずるずる -> るんげ -> げえとぼおる -> るああ -> あたいする -> るうと -> といあわせる -> るう -> うすぎ -> ぎようれつ -> つじかぜ -> ぜんよう -> うえる -> るうれつと -> とりいれる -> るいじあな -> なぜ -> ぜつちよう -> うわぎ -> ぎようむ -> むぎ -> ぎらぎら -> らじある
alpha_beta vs monte_carlo,alpha_beta,monte_carlo,D10000_seed0_alpha_beta_vs_monte_carlo_0,10000,0,first,ended_with_n,44,second,monte_carlo,る,らじある,るり,る,り,り,0.185335,False,0.8,,,,,,しろきぬ -> ぬのじ -> じゆうしゆぎ -> ぎようしや -> やなぎ -> ぎじどう -> うさぎ -> ぎじゆつ -> つとめる -> るうる -> るぽ -> ぽたぽた -> たひぬ -> ぬし -> しぬ -> ぬらす -> すきやんだる -> るうふ -> ふりいず -> ずうむれんず -> ずるずる -> るんげ -> げえとぼおる -> るああ -> あたいする -> るうと -> といあわせる -> るう -> うすぎ -> ぎようれつ -> つじかぜ -> ぜんよう -> うえる -> るうれつと -> とりいれる -> るいじあな -> なぜ -> ぜつちよう -> うわぎ -> ぎようむ -> むぎ -> ぎらぎら -> らじある -> るり
alpha_beta vs monte_carlo,alpha_beta,monte_carlo,D10000_seed0_alpha_beta_vs_monte_carlo_0,10000,0,first,ended_with_n,45,first,alpha_beta,り,るり,りこおる,り,る,る,0.916873,False,-170.0,4,4,True,332,20,しろきぬ -> ぬのじ -> じゆうしゆぎ -> ぎようしや -> やなぎ -> ぎじどう -> うさぎ -> ぎじゆつ -> つとめる -> るうる -> るぽ -> ぽたぽた -> たひぬ -> ぬし -> しぬ -> ぬらす -> すきやんだる -> るうふ -> ふりいず -> ずうむれんず -> ずるずる -> るんげ -> げえとぼおる -> るああ -> あたいする -> るうと -> といあわせる -> るう -> うすぎ -> ぎようれつ -> つじかぜ -> ぜんよう -> うえる -> るうれつと -> とりいれる -> るいじあな -> なぜ -> ぜつちよう -> うわぎ -> ぎようむ -> むぎ -> ぎらぎら -> らじある -> るり -> りこおる
alpha_beta vs monte_carlo,alpha_beta,monte_carlo,D10000_seed0_alpha_beta_vs_monte_carlo_0,10000,0,first,ended_with_n,46,second,monte_carlo,る,りこおる,るびい,る,い,い,0.152743,False,0.6,,,,,,しろきぬ -> ぬのじ -> じゆうしゆぎ -> ぎようしや -> やなぎ -> ぎじどう -> うさぎ -> ぎじゆつ -> つとめる -> るうる -> るぽ -> ぽたぽた -> たひぬ -> ぬし -> しぬ -> ぬらす -> すきやんだる -> るうふ -> ふりいず -> ずうむれんず -> ずるずる -> るんげ -> げえとぼおる -> るああ -> あたいする -> るうと -> といあわせる -> るう -> うすぎ -> ぎようれつ -> つじかぜ -> ぜんよう -> うえる -> るうれつと -> とりいれる -> るいじあな -> なぜ -> ぜつちよう -> うわぎ -> ぎようむ -> むぎ -> ぎらぎら -> らじある -> るり -> りこおる -> るびい
alpha_beta vs monte_carlo,alpha_beta,monte_carlo,D10000_seed0_alpha_beta_vs_monte_carlo_0,10000,0,first,ended_with_n,47,first,alpha_beta,い,るびい,いあわせる,い,る,る,1.530438,False,-155.0,4,4,True,567,20,しろきぬ -> ぬのじ -> じゆうしゆぎ -> ぎようしや -> やなぎ -> ぎじどう -> うさぎ -> ぎじゆつ -> つとめる -> るうる -> るぽ -> ぽたぽた -> たひぬ -> ぬし -> しぬ -> ぬらす -> すきやんだる -> るうふ -> ふりいず -> ずうむれんず -> ずるずる -> るんげ -> げえとぼおる -> るああ -> あたいする -> るうと -> といあわせる -> るう -> うすぎ -> ぎようれつ -> つじかぜ -> ぜんよう -> うえる -> るうれつと -> とりいれる -> るいじあな -> なぜ -> ぜつちよう -> うわぎ -> ぎようむ -> むぎ -> ぎらぎら -> らじある -> るり -> りこおる -> るびい -> いあわせる
alpha_beta vs monte_carlo,alpha_beta,monte_carlo,D10000_seed0_alpha_beta_vs_monte_carlo_0,10000,0,first,ended_with_n,48,second,monte_carlo,る,いあわせる,るいけい,る,い,い,0.127832,False,0.9,,,,,,しろきぬ -> ぬのじ -> じゆうしゆぎ -> ぎようしや -> やなぎ -> ぎじどう -> うさぎ -> ぎじゆつ -> つとめる -> るうる -> るぽ -> ぽたぽた -> たひぬ -> ぬし -> しぬ -> ぬらす -> すきやんだる -> るうふ -> ふりいず -> ずうむれんず -> ずるずる -> るんげ -> げえとぼおる -> るああ -> あたいする -> るうと -> といあわせる -> るう -> うすぎ -> ぎようれつ -> つじかぜ -> ぜんよう -> うえる -> るうれつと -> とりいれる -> るいじあな -> なぜ -> ぜつちよう -> うわぎ -> ぎようむ -> むぎ -> ぎらぎら -> らじある -> るり -> りこおる -> るびい -> いあわせる -> るいけい
alpha_beta vs monte_carlo,alpha_beta,monte_carlo,D10000_seed0_alpha_beta_vs_monte_carlo_0,10000,0,first,ended_with_n,49,first,alpha_beta,い,るいけい,いからせる,い,る,る,1.263096,False,-140.0,4,4,True,527,20,しろきぬ -> ぬのじ -> じゆうしゆぎ -> ぎようしや -> やなぎ -> ぎじどう -> うさぎ -> ぎじゆつ -> つとめる -> るうる -> るぽ -> ぽたぽた -> たひぬ -> ぬし -> しぬ -> ぬらす -> すきやんだる -> るうふ -> ふりいず -> ずうむれんず -> ずるずる -> るんげ -> げえとぼおる -> るああ -> あたいする -> るうと -> といあわせる -> るう -> うすぎ -> ぎようれつ -> つじかぜ -> ぜんよう -> うえる -> るうれつと -> とりいれる -> るいじあな -> なぜ -> ぜつちよう -> うわぎ -> ぎようむ -> むぎ -> ぎらぎら -> らじある -> るり -> りこおる -> るびい -> いあわせる -> るいけい -> いからせる
alpha_beta vs monte_carlo,alpha_beta,monte_carlo,D10000_seed0_alpha_beta_vs_monte_carlo_0,10000,0,first,ended_with_n,50,second,monte_carlo,る,いからせる,るうぶる,る,る,る,0.098302,False,0.8,,,,,,しろきぬ -> ぬのじ -> じゆうしゆぎ -> ぎようしや -> やなぎ -> ぎじどう -> うさぎ -> ぎじゆつ -> つとめる -> るうる -> るぽ -> ぽたぽた -> たひぬ -> ぬし -> しぬ -> ぬらす -> すきやんだる -> るうふ -> ふりいず -> ずうむれんず -> ずるずる -> るんげ -> げえとぼおる -> るああ -> あたいする -> るうと -> といあわせる -> るう -> うすぎ -> ぎようれつ -> つじかぜ -> ぜんよう -> うえる -> るうれつと -> とりいれる -> るいじあな -> なぜ -> ぜつちよう -> うわぎ -> ぎようむ -> むぎ -> ぎらぎら -> らじある -> るり -> りこおる -> るびい -> いあわせる -> るいけい -> いからせる -> るうぶる
alpha_beta vs monte_carlo,alpha_beta,monte_carlo,D10000_seed0_alpha_beta_vs_monte_carlo_0,10000,0,first,ended_with_n,51,first,alpha_beta,る,るうぶる,るみのおる,る,る,る,0.339534,False,137.0,4,4,True,116,12,しろきぬ -> ぬのじ -> じゆうしゆぎ -> ぎようしや -> やなぎ -> ぎじどう -> うさぎ -> ぎじゆつ -> つとめる -> るうる -> るぽ -> ぽたぽた -> たひぬ -> ぬし -> しぬ -> ぬらす -> すきやんだる -> るうふ -> ふりいず -> ずうむれんず -> ずるずる -> るんげ -> げえとぼおる -> るああ -> あたいする -> るうと -> といあわせる -> るう -> うすぎ -> ぎようれつ -> つじかぜ -> ぜんよう -> うえる -> るうれつと -> とりいれる -> るいじあな -> なぜ -> ぜつちよう -> うわぎ -> ぎようむ -> むぎ -> ぎらぎら -> らじある -> るり -> りこおる -> るびい -> いあわせる -> るいけい -> いからせる -> るうぶる -> るみのおる
alpha_beta vs monte_carlo,alpha_beta,monte_carlo,D10000_seed0_alpha_beta_vs_monte_carlo_0,10000,0,first,ended_with_n,52,second,monte_carlo,る,るみのおる,るび,る,び,び,0.082959,False,0.7,,,,,,しろきぬ -> ぬのじ -> じゆうしゆぎ -> ぎようしや -> やなぎ -> ぎじどう -> うさぎ -> ぎじゆつ -> つとめる -> るうる -> るぽ -> ぽたぽた -> たひぬ -> ぬし -> しぬ -> ぬらす -> すきやんだる -> るうふ -> ふりいず -> ずうむれんず -> ずるずる -> るんげ -> げえとぼおる -> るああ -> あたいする -> るうと -> といあわせる -> るう -> うすぎ -> ぎようれつ -> つじかぜ -> ぜんよう -> うえる -> るうれつと -> とりいれる -> るいじあな -> なぜ -> ぜつちよう -> うわぎ -> ぎようむ -> むぎ -> ぎらぎら -> らじある -> るり -> りこおる -> るびい -> いあわせる -> るいけい -> いからせる -> るうぶる -> るみのおる -> るび
alpha_beta vs monte_carlo,alpha_beta,monte_carlo,D10000_seed0_alpha_beta_vs_monte_carlo_0,10000,0,first,ended_with_n,53,first,alpha_beta,び,るび,びいぐる,び,る,る,0.553547,False,160.0,4,4,True,288,20,しろきぬ -> ぬのじ -> じゆうしゆぎ -> ぎようしや -> やなぎ -> ぎじどう -> うさぎ -> ぎじゆつ -> つとめる -> るうる -> るぽ -> ぽたぽた -> たひぬ -> ぬし -> しぬ -> ぬらす -> すきやんだる -> るうふ -> ふりいず -> ずうむれんず -> ずるずる -> るんげ -> げえとぼおる -> るああ -> あたいする -> るうと -> といあわせる -> るう -> うすぎ -> ぎようれつ -> つじかぜ -> ぜんよう -> うえる -> るうれつと -> とりいれる -> るいじあな -> なぜ -> ぜつちよう -> うわぎ -> ぎようむ -> むぎ -> ぎらぎら -> らじある -> るり -> りこおる -> るびい -> いあわせる -> るいけい -> いからせる -> るうぶる -> るみのおる -> るび -> びいぐる
alpha_beta vs monte_carlo,alpha_beta,monte_carlo,D10000_seed0_alpha_beta_vs_monte_carlo_0,10000,0,first,ended_with_n,54,second,monte_carlo,る,びいぐる,るうぷ,る,ぷ,ぷ,0.055387,False,0.6,,,,,,しろきぬ -> ぬのじ -> じゆうしゆぎ -> ぎようしや -> やなぎ -> ぎじどう -> うさぎ -> ぎじゆつ -> つとめる -> るうる -> るぽ -> ぽたぽた -> たひぬ -> ぬし -> しぬ -> ぬらす -> すきやんだる -> るうふ -> ふりいず -> ずうむれんず -> ずるずる -> るんげ -> げえとぼおる -> るああ -> あたいする -> るうと -> といあわせる -> るう -> うすぎ -> ぎようれつ -> つじかぜ -> ぜんよう -> うえる -> るうれつと -> とりいれる -> るいじあな -> なぜ -> ぜつちよう -> うわぎ -> ぎようむ -> むぎ -> ぎらぎら -> らじある -> るり -> りこおる -> るびい -> いあわせる -> るいけい -> いからせる -> るうぶる -> るみのおる -> るび -> びいぐる -> るうぷ
alpha_beta vs monte_carlo,alpha_beta,monte_carlo,D10000_seed0_alpha_beta_vs_monte_carlo_0,10000,0,first,ended_with_n,55,first,alpha_beta,ぷ,るうぷ,ぷうる,ぷ,る,る,0.578646,False,551.0,4,4,True,291,20,しろきぬ -> ぬのじ -> じゆうしゆぎ -> ぎようしや -> やなぎ -> ぎじどう -> うさぎ -> ぎじゆつ -> つとめる -> るうる -> るぽ -> ぽたぽた -> たひぬ -> ぬし -> しぬ -> ぬらす -> すきやんだる -> るうふ -> ふりいず -> ずうむれんず -> ずるずる -> るんげ -> げえとぼおる -> るああ -> あたいする -> るうと -> といあわせる -> るう -> うすぎ -> ぎようれつ -> つじかぜ -> ぜんよう -> うえる -> るうれつと -> とりいれる -> るいじあな -> なぜ -> ぜつちよう -> うわぎ -> ぎようむ -> むぎ -> ぎらぎら -> らじある -> るり -> りこおる -> るびい -> いあわせる -> るいけい -> いからせる -> るうぶる -> るみのおる -> るび -> びいぐる -> るうぷ -> ぷうる
alpha_beta vs monte_carlo,alpha_beta,monte_carlo,D10000_seed0_alpha_beta_vs_monte_carlo_0,10000,0,first,ended_with_n,56,second,monte_carlo,る,ぷうる,るい,る,い,い,0.043399,False,0.8,,,,,,しろきぬ -> ぬのじ -> じゆうしゆぎ -> ぎようしや -> やなぎ -> ぎじどう -> うさぎ -> ぎじゆつ -> つとめる -> るうる -> るぽ -> ぽたぽた -> たひぬ -> ぬし -> しぬ -> ぬらす -> すきやんだる -> るうふ -> ふりいず -> ずうむれんず -> ずるずる -> るんげ -> げえとぼおる -> るああ -> あたいする -> るうと -> といあわせる -> るう -> うすぎ -> ぎようれつ -> つじかぜ -> ぜんよう -> うえる -> るうれつと -> とりいれる -> るいじあな -> なぜ -> ぜつちよう -> うわぎ -> ぎようむ -> むぎ -> ぎらぎら -> らじある -> るり -> りこおる -> るびい -> いあわせる -> るいけい -> いからせる -> るうぶる -> るみのおる -> るび -> びいぐる -> るうぷ -> ぷうる -> るい
alpha_beta vs monte_carlo,alpha_beta,monte_carlo,D10000_seed0_alpha_beta_vs_monte_carlo_0,10000,0,first,ended_with_n,57,first,alpha_beta,い,るい,いきかえる,い,る,る,0.955756,False,574.0,4,4,True,660,20,しろきぬ -> ぬのじ -> じゆうしゆぎ -> ぎようしや -> やなぎ -> ぎじどう -> うさぎ -> ぎじゆつ -> つとめる -> るうる -> るぽ -> ぽたぽた -> たひぬ -> ぬし -> しぬ -> ぬらす -> すきやんだる -> るうふ -> ふりいず -> ずうむれんず -> ずるずる -> るんげ -> げえとぼおる -> るああ -> あたいする -> るうと -> といあわせる -> るう -> うすぎ -> ぎようれつ -> つじかぜ -> ぜんよう -> うえる -> るうれつと -> とりいれる -> るいじあな -> なぜ -> ぜつちよう -> うわぎ -> ぎようむ -> むぎ -> ぎらぎら -> らじある -> るり -> りこおる -> るびい -> いあわせる -> るいけい -> いからせる -> るうぶる -> るみのおる -> るび -> びいぐる -> るうぷ -> ぷうる -> るい -> いきかえる
alpha_beta vs monte_carlo,alpha_beta,monte_carlo,D10000_seed0_alpha_beta_vs_monte_carlo_0,10000,0,first,ended_with_n,58,second,monte_carlo,る,いきかえる,るいせき,る,き,き,0.027912,False,0.7,,,,,,しろきぬ -> ぬのじ -> じゆうしゆぎ -> ぎようしや -> やなぎ -> ぎじどう -> うさぎ -> ぎじゆつ -> つとめる -> るうる -> るぽ -> ぽたぽた -> たひぬ -> ぬし -> しぬ -> ぬらす -> すきやんだる -> るうふ -> ふりいず -> ずうむれんず -> ずるずる -> るんげ -> げえとぼおる -> るああ -> あたいする -> るうと -> といあわせる -> るう -> うすぎ -> ぎようれつ -> つじかぜ -> ぜんよう -> うえる -> るうれつと -> とりいれる -> るいじあな -> なぜ -> ぜつちよう -> うわぎ -> ぎようむ -> むぎ -> ぎらぎら -> らじある -> るり -> りこおる -> るびい -> いあわせる -> るいけい -> いからせる -> るうぶる -> るみのおる -> るび -> びいぐる -> るうぷ -> ぷうる -> るい -> いきかえる -> るいせき
alpha_beta vs monte_carlo,alpha_beta,monte_carlo,D10000_seed0_alpha_beta_vs_monte_carlo_0,10000,0,first,ended_with_n,59,first,alpha_beta,き,るいせき,きいる,き,る,る,1.012045,False,597.0,4,4,True,763,20,しろきぬ -> ぬのじ -> じゆうしゆぎ -> ぎようしや -> やなぎ -> ぎじどう -> うさぎ -> ぎじゆつ -> つとめる -> るうる -> るぽ -> ぽたぽた -> たひぬ -> ぬし -> しぬ -> ぬらす -> すきやんだる -> るうふ -> ふりいず -> ずうむれんず -> ずるずる -> るんげ -> げえとぼおる -> るああ -> あたいする -> るうと -> といあわせる -> るう -> うすぎ -> ぎようれつ -> つじかぜ -> ぜんよう -> うえる -> るうれつと -> とりいれる -> るいじあな -> なぜ -> ぜつちよう -> うわぎ -> ぎようむ -> むぎ -> ぎらぎら -> らじある -> るり -> りこおる -> るびい -> いあわせる -> るいけい -> いからせる -> るうぶる -> るみのおる -> るび -> びいぐる -> るうぷ -> ぷうる -> るい -> いきかえる -> るいせき -> きいる
alpha_beta vs monte_carlo,alpha_beta,monte_carlo,D10000_seed0_alpha_beta_vs_monte_carlo_0,10000,0,first,ended_with_n,60,second,monte_carlo,る,きいる,るねつさんす,る,す,す,0.013546,False,0.8,,,,,,しろきぬ -> ぬのじ -> じゆうしゆぎ -> ぎようしや -> やなぎ -> ぎじどう -> うさぎ -> ぎじゆつ -> つとめる -> るうる -> るぽ -> ぽたぽた -> たひぬ -> ぬし -> しぬ -> ぬらす -> すきやんだる -> るうふ -> ふりいず -> ずうむれんず -> ずるずる -> るんげ -> げえとぼおる -> るああ -> あたいする -> るうと -> といあわせる -> るう -> うすぎ -> ぎようれつ -> つじかぜ -> ぜんよう -> うえる -> るうれつと -> とりいれる -> るいじあな -> なぜ -> ぜつちよう -> うわぎ -> ぎようむ -> むぎ -> ぎらぎら -> らじある -> るり -> りこおる -> るびい -> いあわせる -> るいけい -> いからせる -> るうぶる -> るみのおる -> るび -> びいぐる -> るうぷ -> ぷうる -> るい -> いきかえる -> るいせき -> きいる -> るねつさんす
alpha_beta vs monte_carlo,alpha_beta,monte_carlo,D10000_seed0_alpha_beta_vs_monte_carlo_0,10000,0,first,ended_with_n,61,first,alpha_beta,す,るねつさんす,すえる,す,る,る,0.734324,False,620.0,4,4,True,539,20,しろきぬ -> ぬのじ -> じゆうしゆぎ -> ぎようしや -> やなぎ -> ぎじどう -> うさぎ -> ぎじゆつ -> つとめる -> るうる -> るぽ -> ぽたぽた -> たひぬ -> ぬし -> しぬ -> ぬらす -> すきやんだる -> るうふ -> ふりいず -> ずうむれんず -> ずるずる -> るんげ -> げえとぼおる -> るああ -> あたいする -> るうと -> といあわせる -> るう -> うすぎ -> ぎようれつ -> つじかぜ -> ぜんよう -> うえる -> るうれつと -> とりいれる -> るいじあな -> なぜ -> ぜつちよう -> うわぎ -> ぎようむ -> むぎ -> ぎらぎら -> らじある -> るり -> りこおる -> るびい -> いあわせる -> るいけい -> いからせる -> るうぶる -> るみのおる -> るび -> びいぐる -> るうぷ -> ぷうる -> るい -> いきかえる -> るいせき -> きいる -> るねつさんす -> すえる
alpha_beta vs monte_carlo,alpha_beta,monte_carlo,D10000_seed0_alpha_beta_vs_monte_carlo_0,10000,0,first,ended_with_n,62,second,monte_carlo,る,すえる,るうきい,る,い,い,0.006184,False,0.4,,,,,,しろきぬ -> ぬのじ -> じゆうしゆぎ -> ぎようしや -> やなぎ -> ぎじどう -> うさぎ -> ぎじゆつ -> つとめる -> るうる -> るぽ -> ぽたぽた -> たひぬ -> ぬし -> しぬ -> ぬらす -> すきやんだる -> るうふ -> ふりいず -> ずうむれんず -> ずるずる -> るんげ -> げえとぼおる -> るああ -> あたいする -> るうと -> といあわせる -> るう -> うすぎ -> ぎようれつ -> つじかぜ -> ぜんよう -> うえる -> るうれつと -> とりいれる -> るいじあな -> なぜ -> ぜつちよう -> うわぎ -> ぎようむ -> むぎ -> ぎらぎら -> らじある -> るり -> りこおる -> るびい -> いあわせる -> るいけい -> いからせる -> るうぶる -> るみのおる -> るび -> びいぐる -> るうぷ -> ぷうる -> るい -> いきかえる -> るいせき -> きいる -> るねつさんす -> すえる -> るうきい
alpha_beta vs monte_carlo,alpha_beta,monte_carlo,D10000_seed0_alpha_beta_vs_monte_carlo_0,10000,0,first,ended_with_n,63,first,alpha_beta,い,るうきい,いきる,い,る,る,0.025861,False,1000000.0,4,4,True,58,20,しろきぬ -> ぬのじ -> じゆうしゆぎ -> ぎようしや -> やなぎ -> ぎじどう -> うさぎ -> ぎじゆつ -> つとめる -> るうる -> るぽ -> ぽたぽた -> たひぬ -> ぬし -> しぬ -> ぬらす -> すきやんだる -> るうふ -> ふりいず -> ずうむれんず -> ずるずる -> るんげ -> げえとぼおる -> るああ -> あたいする -> るうと -> といあわせる -> るう -> うすぎ -> ぎようれつ -> つじかぜ -> ぜんよう -> うえる -> るうれつと -> とりいれる -> るいじあな -> なぜ -> ぜつちよう -> うわぎ -> ぎようむ -> むぎ -> ぎらぎら -> らじある -> るり -> りこおる -> るびい -> いあわせる -> るいけい -> いからせる -> るうぶる -> るみのおる -> るび -> びいぐる -> るうぷ -> ぷうる -> るい -> いきかえる -> るいせき -> きいる -> るねつさんす -> すえる -> るうきい -> いきる
alpha_beta vs monte_carlo,alpha_beta,monte_carlo,D10000_seed0_alpha_beta_vs_monte_carlo_0,10000,0,first,ended_with_n,64,second,monte_carlo,る,いきる,るぽるたあじゆ,る,ゆ,ゆ,0.001714,False,0.6,,,,,,しろきぬ -> ぬのじ -> じゆうしゆぎ -> ぎようしや -> やなぎ -> ぎじどう -> うさぎ -> ぎじゆつ -> つとめる -> るうる -> るぽ -> ぽたぽた -> たひぬ -> ぬし -> しぬ -> ぬらす -> すきやんだる -> るうふ -> ふりいず -> ずうむれんず -> ずるずる -> るんげ -> げえとぼおる -> るああ -> あたいする -> るうと -> といあわせる -> るう -> うすぎ -> ぎようれつ -> つじかぜ -> ぜんよう -> うえる -> るうれつと -> とりいれる -> るいじあな -> なぜ -> ぜつちよう -> うわぎ -> ぎようむ -> むぎ -> ぎらぎら -> らじある -> るり -> りこおる -> るびい -> いあわせる -> るいけい -> いからせる -> るうぶる -> るみのおる -> るび -> びいぐる -> るうぷ -> ぷうる -> るい -> いきかえる -> るいせき -> きいる -> るねつさんす -> すえる -> るうきい -> いきる -> るぽるたあじゆ
alpha_beta vs monte_carlo,alpha_beta,monte_carlo,D10000_seed0_alpha_beta_vs_monte_carlo_0,10000,0,first,ended_with_n,65,first,alpha_beta,ゆ,るぽるたあじゆ,ゆきわたる,ゆ,る,る,0.014826,False,1000000.0,4,4,True,34,20,しろきぬ -> ぬのじ -> じゆうしゆぎ -> ぎようしや -> やなぎ -> ぎじどう -> うさぎ -> ぎじゆつ -> つとめる -> るうる -> るぽ -> ぽたぽた -> たひぬ -> ぬし -> しぬ -> ぬらす -> すきやんだる -> るうふ -> ふりいず -> ずうむれんず -> ずるずる -> るんげ -> げえとぼおる -> るああ -> あたいする -> るうと -> といあわせる -> るう -> うすぎ -> ぎようれつ -> つじかぜ -> ぜんよう -> うえる -> るうれつと -> とりいれる -> るいじあな -> なぜ -> ぜつちよう -> うわぎ -> ぎようむ -> むぎ -> ぎらぎら -> らじある -> るり -> りこおる -> るびい -> いあわせる -> るいけい -> いからせる -> るうぶる -> るみのおる -> るび -> びいぐる -> るうぷ -> ぷうる -> るい -> いきかえる -> るいせき -> きいる -> るねつさんす -> すえる -> るうきい -> いきる -> るぽるたあじゆ -> ゆきわたる
alpha_beta vs monte_carlo,alpha_beta,monte_carlo,D10000_seed0_alpha_beta_vs_monte_carlo_0,10000,0,first,ended_with_n,66,second,monte_carlo,る,ゆきわたる,るいしん,る,ん,,7e-06,False,0.0,,,,,,しろきぬ -> ぬのじ -> じゆうしゆぎ -> ぎようしや -> やなぎ -> ぎじどう -> うさぎ -> ぎじゆつ -> つとめる -> るうる -> るぽ -> ぽたぽた -> たひぬ -> ぬし -> しぬ -> ぬらす -> すきやんだる -> るうふ -> ふりいず -> ずうむれんず -> ずるずる -> るんげ -> げえとぼおる -> るああ -> あたいする -> るうと -> といあわせる -> るう -> うすぎ -> ぎようれつ -> つじかぜ -> ぜんよう -> うえる -> るうれつと -> とりいれる -> るいじあな -> なぜ -> ぜつちよう -> うわぎ -> ぎようむ -> むぎ -> ぎらぎら -> らじある -> るり -> りこおる -> るびい -> いあわせる -> るいけい -> いからせる -> るうぶる -> るみのおる -> るび -> びいぐる -> るうぷ -> ぷうる -> るい -> いきかえる -> るいせき -> きいる -> るねつさんす -> すえる -> るうきい -> いきる -> るぽるたあじゆ -> ゆきわたる -> るいしん
