commit_id,dict_size,dictionary_file_sha256,dictionary_hash,dictionary_seed,experiment_config_hash,first_agent,first_avg_time_sec,first_beam_pruned_move_count,first_candidate_evaluations,first_config_id,first_cutoff_count,first_depth_change_count,first_graph_ordering_calls,first_graph_ordering_changed_first_count,first_graph_ordering_evaluations,first_graph_ordering_time_sec,first_leaf_evaluations,first_max_time_sec,first_mean_effective_depth,first_median_time_sec,first_nodes_searched,first_null_window_search_count,first_p95_time_sec,first_research_count,first_timeout_count,first_total_time_sec,invalid_move_count,loss_reason,match_elapsed_time_sec,match_id,match_seed,max_match_time_sec,max_moves,profile_name,repetition,runtime,second_agent,second_avg_time_sec,second_beam_pruned_move_count,second_candidate_evaluations,second_config_id,second_cutoff_count,second_depth_change_count,second_graph_ordering_calls,second_graph_ordering_changed_first_count,second_graph_ordering_evaluations,second_graph_ordering_time_sec,second_leaf_evaluations,second_max_time_sec,second_mean_effective_depth,second_median_time_sec,second_nodes_searched,second_null_window_search_count,second_p95_time_sec,second_research_count,second_timeout_count,second_total_time_sec,source_fingerprint,stage,turn_count,used_word_count,winner
d7ab76ddfa00239c45957f8a2264fcc8f4efe898,10000,13f83c2052bc052005e588fe7b9704a1eecbafee8dcd63e189b275acd3cb0946,74273ec92dd5b9b50e5d125bf7fc94fc234d4603966a511f8ecb7898b44b9b29,0,2f01dfdf19b0f16158714660cf781185c79c4f9500d946201995b5169342095f,branch_switch_alpha_beta,0.28591130604839016,207827.0,866356.0,conservative:branch_switch_alpha_beta,20072.0,13,0.0,0.0,0.0,0.0,56675.0,1.0000394999515265,6.896551724137931,0.088211,86628.0,0.0,1.000035,0.0,6,8.291427875403315,0,ended_with_n,12.740844000130892,D10000_seed0_conservative_branch_switch_alpha_beta_vs_beam_alpha_beta,0,300.0,1000,conservative,0,/Users/onumagakuto/Documents/最強しりとり/shiritori_ai/data/dictionaries/D10000_L2-12_seed0.runtime.json,beam_alpha_beta,0.15267850144702041,715424.0,792415.0,conservative:beam_alpha_beta,18593.0,1,0.0,0.0,0.0,0.0,22373.0,0.30851058405824006,8.931034482758621,0.174235,59398.0,0.0,0.28334,0.0,0,4.427676541963592,0e2a353cf636b87b9d894c0bc8c6c36eabfe34874873788f671c13af60a9a07d,tune,58,58,first
d7ab76ddfa00239c45957f8a2264fcc8f4efe898,10000,13f83c2052bc052005e588fe7b9704a1eecbafee8dcd63e189b275acd3cb0946,74273ec92dd5b9b50e5d125bf7fc94fc234d4603966a511f8ecb7898b44b9b29,0,2f01dfdf19b0f16158714660cf781185c79c4f9500d946201995b5169342095f,beam_alpha_beta,0.21856682472981703,1358113.0,1501895.0,conservative:beam_alpha_beta,35383.0,1,0.0,0.0,0.0,0.0,40266.0,0.5167976671364158,8.948717948717949,0.188247,109878.0,0.0,0.497733,0.0,0,8.524106164462864,0,ended_with_n,22.247366917086765,D10000_seed0_conservative_beam_alpha_beta_vs_branch_switch_alpha_beta,0,300.0,1000,conservative,0,/Users/onumagakuto/Documents/最強しりとり/shiritori_ai/data/dictionaries/D10000_L2-12_seed0.runtime.json,branch_switch_alpha_beta,0.3511940780907678,295507.0,1219787.0,conservative:branch_switch_alpha_beta,27450.0,20,0.0,0.0,0.0,0.0,87032.0,1.0001125829294324,6.589743589743589,0.144485,130471.0,0.0,1.000048,0.0,8,13.696569045539945,0e2a353cf636b87b9d894c0bc8c6c36eabfe34874873788f671c13af60a9a07d,tune,78,78,first
d7ab76ddfa00239c45957f8a2264fcc8f4efe898,10000,13f83c2052bc052005e588fe7b9704a1eecbafee8dcd63e189b275acd3cb0946,74273ec92dd5b9b50e5d125bf7fc94fc234d4603966a511f8ecb7898b44b9b29,0,2f01dfdf19b0f16158714660cf781185c79c4f9500d946201995b5169342095f,dynamic_beam_alpha_beta,0.44755092830846793,2916.0,1149645.0,conservative:dynamic_beam_alpha_beta,26763.0,13,0.0,0.0,0.0,0.0,93146.0,1.0000495840795338,5.482758620689655,0.386289,128758.0,0.0,1.000026,0.0,4,12.97897692094557,0,ended_with_n,17.882843666011468,D10000_seed0_conservative_dynamic_beam_alpha_beta_vs_beam_alpha_beta,0,300.0,1000,conservative,0,/Users/onumagakuto/Documents/最強しりとり/shiritori_ai/data/dictionaries/D10000_L2-12_seed0.runtime.json,beam_alpha_beta,0.16837732607081277,740336.0,829167.0,conservative:beam_alpha_beta,21108.0,1,0.0,0.0,0.0,0.0,26987.0,0.38235120801255107,8.931034482758621,0.175044,69910.0,0.0,0.361374,0.0,0,4.88294245605357,0e2a353cf636b87b9d894c0bc8c6c36eabfe34874873788f671c13af60a9a07d,tune,58,58,first
d7ab76ddfa00239c45957f8a2264fcc8f4efe898,10000,13f83c2052bc052005e588fe7b9704a1eecbafee8dcd63e189b275acd3cb0946,74273ec92dd5b9b50e5d125bf7fc94fc234d4603966a511f8ecb7898b44b9b29,0,2f01dfdf19b0f16158714660cf781185c79c4f9500d946201995b5169342095f,beam_alpha_beta,0.24682904707057582,1182715.0,1301363.0,conservative:beam_alpha_beta,29645.0,1,0.0,0.0,0.0,0.0,33525.0,0.5419707919936627,8.935483870967742,0.252086,91143.0,0.0,0.520477,0.0,0,7.65170045918785,0,ended_with_n,20.29656779184006,D10000_seed0_conservative_beam_alpha_beta_vs_dynamic_beam_alpha_beta,0,300.0,1000,conservative,0,/Users/onumagakuto/Documents/最強しりとり/shiritori_ai/data/dictionaries/D10000_L2-12_seed0.runtime.json,dynamic_beam_alpha_beta,0.4071805941526808,500.0,813381.0,conservative:dynamic_beam_alpha_beta,18595.0,10,0.0,0.0,0.0,0.0,95960.0,1.0000354170333594,5.354838709677419,0.374881,124293.0,0.0,1.000027,0.0,4,12.622598418733105,0e2a353cf636b87b9d894c0bc8c6c36eabfe34874873788f671c13af60a9a07d,tune,62,62,first
d7ab76ddfa00239c45957f8a2264fcc8f4efe898,10000,13f83c2052bc052005e588fe7b9704a1eecbafee8dcd63e189b275acd3cb0946,74273ec92dd5b9b50e5d125bf7fc94fc234d4603966a511f8ecb7898b44b9b29,0,2f01dfdf19b0f16158714660cf781185c79c4f9500d946201995b5169342095f,dynamic_beam_pvs,0.3991485344081679,3045.0,1235659.0,conservative:dynamic_beam_pvs,30066.0,9,0.0,0.0,0.0,0.0,99754.0,1.0000470420345664,5.382352941176471,0.3933375,139339.0,99642.0,1.000029,325.0,3,13.571050169877708,0,ended_with_n,19.725127291167155,D10000_seed0_conservative_dynamic_beam_pvs_vs_beam_alpha_beta,0,300.0,1000,conservative,0,/Users/onumagakuto/Documents/最強しりとり/shiritori_ai/data/dictionaries/D10000_L2-12_seed0.runtime.json,beam_alpha_beta,0.1802297082647462,959560.0,1070120.0,conservative:beam_alpha_beta,26878.0,3,0.0,0.0,0.0,0.0,32931.0,0.6173202081117779,8.882352941176471,0.1649535,86471.0,0.0,0.375911,0.0,0,6.127810081001371,0e2a353cf636b87b9d894c0bc8c6c36eabfe34874873788f671c13af60a9a07d,tune,68,68,first
d7ab76ddfa00239c45957f8a2264fcc8f4efe898,10000,13f83c2052bc052005e588fe7b9704a1eecbafee8dcd63e189b275acd3cb0946,74273ec92dd5b9b50e5d125bf7fc94fc234d4603966a511f8ecb7898b44b9b29,0,2f01dfdf19b0f16158714660cf781185c79c4f9500d946201995b5169342095f,beam_alpha_beta,0.2178460705221038,1139554.0,1255106.0,conservative:beam_alpha_beta,29010.0,1,0.0,0.0,0.0,0.0,32713.0,0.5437098748516291,8.93939393939394,0.18474,88804.0,0.0,0.528927,0.0,0,7.188920327229425,0,ended_with_n,19.896982833975926,D10000_seed0_conservative_beam_alpha_beta_vs_dynamic_beam_pvs,0,300.0,1000,conservative,0,/Users/onumagakuto/Documents/最強しりとり/shiritori_ai/data/dictionaries/D10000_L2-12_seed0.runtime.json,dynamic_beam_pvs,0.39638614567229524,657.0,1013333.0,conservative:dynamic_beam_pvs,24181.0,15,0.0,0.0,0.0,0.0,86339.0,1.0000414999667555,5.21875,0.3542145,119503.0,86166.0,1.000033,214.0,4,12.684356661513448,0e2a353cf636b87b9d894c0bc8c6c36eabfe34874873788f671c13af60a9a07d,tune,65,65,second
d7ab76ddfa00239c45957f8a2264fcc8f4efe898,10000,13f83c2052bc052005e588fe7b9704a1eecbafee8dcd63e189b275acd3cb0946,74273ec92dd5b9b50e5d125bf7fc94fc234d4603966a511f8ecb7898b44b9b29,0,2f01dfdf19b0f16158714660cf781185c79c4f9500d946201995b5169342095f,research_adaptive_beam,0.37184640431466204,355.0,473258.0,conservative:research_adaptive_beam,12321.0,15,0.0,0.0,0.0,0.0,47651.0,1.0000940000172704,5.111111111111111,0.203472,63607.0,45532.0,1.000028,221.0,4,10.039852916495875,0,ended_with_n,15.836542167002335,D10000_seed0_conservative_research_adaptive_beam_vs_beam_alpha_beta,0,300.0,1000,conservative,0,/Users/onumagakuto/Documents/最強しりとり/shiritori_ai/data/dictionaries/D10000_L2-12_seed0.runtime.json,beam_alpha_beta,0.2228352980276283,822224.0,928981.0,conservative:beam_alpha_beta,26814.0,1,0.0,0.0,0.0,0.0,33244.0,0.5103544578887522,8.923076923076923,0.22864400000000001,85175.0,0.0,0.445604,0.0,0,5.793717748718336,0e2a353cf636b87b9d894c0bc8c6c36eabfe34874873788f671c13af60a9a07d,tune,53,53,second
d7ab76ddfa00239c45957f8a2264fcc8f4efe898,10000,13f83c2052bc052005e588fe7b9704a1eecbafee8dcd63e189b275acd3cb0946,74273ec92dd5b9b50e5d125bf7fc94fc234d4603966a511f8ecb7898b44b9b29,0,2f01dfdf19b0f16158714660cf781185c79c4f9500d946201995b5169342095f,beam_alpha_beta,0.27654720377177,1840660.0,2052647.0,conservative:beam_alpha_beta,54524.0,5,0.0,0.0,0.0,0.0,65516.0,0.651911708060652,8.826086956521738,0.2493645,168492.0,0.0,0.53709,0.0,0,12.72117137350142,0,ended_with_n,32.615549667039886,D10000_seed0_conservative_beam_alpha_beta_vs_research_adaptive_beam,0,300.0,1000,conservative,0,/Users/onumagakuto/Documents/最強しりとり/shiritori_ai/data/dictionaries/D10000_L2-12_seed0.runtime.json,research_adaptive_beam,0.43237542578667076,560.0,837222.0,conservative:research_adaptive_beam,20777.0,25,0.0,0.0,0.0,0.0,72157.0,1.0000325001310557,5.239130434782608,0.3172115,99911.0,66160.0,1.000018,215.0,9,19.889269586186856,0e2a353cf636b87b9d894c0bc8c6c36eabfe34874873788f671c13af60a9a07d,tune,92,92,first
d7ab76ddfa00239c45957f8a2264fcc8f4efe898,10000,13f83c2052bc052005e588fe7b9704a1eecbafee8dcd63e189b275acd3cb0946,74273ec92dd5b9b50e5d125bf7fc94fc234d4603966a511f8ecb7898b44b9b29,0,2f01dfdf19b0f16158714660cf781185c79c4f9500d946201995b5169342095f,endgame_exact_hybrid,0.2450406790483109,1544869.0,1720179.0,conservative:endgame_exact_hybrid,41954.0,3,0.0,0.0,0.0,0.0,53160.0,0.7062321249395609,8.72340425531915,0.267669,138022.0,0.0,0.440296,0.0,0,11.516911915270612,0,ended_with_n,23.839664709055796,D10000_seed0_conservative_endgame_exact_hybrid_vs_beam_alpha_beta,0,300.0,1000,conservative,0,/Users/onumagakuto/Documents/最強しりとり/shiritori_ai/data/dictionaries/D10000_L2-12_seed0.runtime.json,beam_alpha_beta,0.26714206711166416,1611595.0,1796350.0,conservative:beam_alpha_beta,44021.0,3,0.0,0.0,0.0,0.0,56229.0,1.000033542048186,8.891304347826088,0.285567,145652.0,0.0,0.42487,0.0,1,12.288535087136552,0e2a353cf636b87b9d894c0bc8c6c36eabfe34874873788f671c13af60a9a07d,tune,93,93,second
d7ab76ddfa00239c45957f8a2264fcc8f4efe898,10000,13f83c2052bc052005e588fe7b9704a1eecbafee8dcd63e189b275acd3cb0946,74273ec92dd5b9b50e5d125bf7fc94fc234d4603966a511f8ecb7898b44b9b29,0,2f01dfdf19b0f16158714660cf781185c79c4f9500d946201995b5169342095f,beam_alpha_beta,0.23649586785208196,1544869.0,1720180.0,conservative:beam_alpha_beta,41954.0,3,0.0,0.0,0.0,0.0,53160.0,0.6461247080005705,8.914893617021276,0.257932,138021.0,0.0,0.438723,0.0,0,11.115305789047852,0,ended_with_n,22.96155441692099,D10000_seed0_conservative_beam_alpha_beta_vs_endgame_exact_hybrid,0,300.0,1000,conservative,0,/Users/onumagakuto/Documents/最強しりとり/shiritori_ai/data/dictionaries/D10000_L2-12_seed0.runtime.json,endgame_exact_hybrid,0.25681177189107984,1618417.0,1803920.0,conservative:endgame_exact_hybrid,44223.0,3,0.0,0.0,0.0,0.0,56436.0,0.9592626250814646,8.891304347826088,0.27169299999999996,146228.0,0.0,0.397319,0.0,0,11.813341506989673,0e2a353cf636b87b9d894c0bc8c6c36eabfe34874873788f671c13af60a9a07d,tune,93,93,second
d7ab76ddfa00239c45957f8a2264fcc8f4efe898,10000,13f83c2052bc052005e588fe7b9704a1eecbafee8dcd63e189b275acd3cb0946,74273ec92dd5b9b50e5d125bf7fc94fc234d4603966a511f8ecb7898b44b9b29,0,2f01dfdf19b0f16158714660cf781185c79c4f9500d946201995b5169342095f,integrated_adaptive_hybrid,0.39612643914045514,366.0,800150.0,conservative:integrated_adaptive_hybrid,19216.0,21,0.0,0.0,0.0,0.0,62804.0,1.0000907501671463,5.108108108108108,0.238593,88980.0,34958.0,1.000023,102.0,5,14.65667824819684,0,ended_with_n,21.442731082905084,D10000_seed0_conservative_integrated_adaptive_hybrid_vs_beam_alpha_beta,0,300.0,1000,conservative,0,/Users/onumagakuto/Documents/最強しりとり/shiritori_ai/data/dictionaries/D10000_L2-12_seed0.runtime.json,beam_alpha_beta,0.18775578253229874,1097037.0,1223719.0,conservative:beam_alpha_beta,30917.0,1,0.0,0.0,0.0,0.0,37528.0,0.4173048750963062,8.944444444444445,0.187976,98823.0,0.0,0.337633,0.0,0,6.759208171162754,0e2a353cf636b87b9d894c0bc8c6c36eabfe34874873788f671c13af60a9a07d,tune,73,73,second
d7ab76ddfa00239c45957f8a2264fcc8f4efe898,10000,13f83c2052bc052005e588fe7b9704a1eecbafee8dcd63e189b275acd3cb0946,74273ec92dd5b9b50e5d125bf7fc94fc234d4603966a511f8ecb7898b44b9b29,0,2f01dfdf19b0f16158714660cf781185c79c4f9500d946201995b5169342095f,beam_alpha_beta,0.19375012123385782,1238610.0,1376970.0,conservative:beam_alpha_beta,34316.0,3,0.0,0.0,0.0,0.0,42790.0,0.7279430418275297,8.863636363636363,0.18214249999999998,109721.0,0.0,0.434834,0.0,0,8.525005334289744,0,ended_with_n,26.25524524995126,D10000_seed0_conservative_beam_alpha_beta_vs_integrated_adaptive_hybrid,0,300.0,1000,conservative,0,/Users/onumagakuto/Documents/最強しりとり/shiritori_ai/data/dictionaries/D10000_L2-12_seed0.runtime.json,integrated_adaptive_hybrid,0.4115914660776684,825.0,1443465.0,conservative:integrated_adaptive_hybrid,35320.0,21,0.0,0.0,0.0,0.0,89459.0,1.0000255410559475,5.395348837209302,0.37392,138289.0,78308.0,1.000023,212.0,4,17.69843304133974,0e2a353cf636b87b9d894c0bc8c6c36eabfe34874873788f671c13af60a9a07d,tune,87,87,second
d7ab76ddfa00239c45957f8a2264fcc8f4efe898,10000,13f83c2052bc052005e588fe7b9704a1eecbafee8dcd63e189b275acd3cb0946,74273ec92dd5b9b50e5d125bf7fc94fc234d4603966a511f8ecb7898b44b9b29,0,2f01dfdf19b0f16158714660cf781185c79c4f9500d946201995b5169342095f,branch_switch_alpha_beta,0.33970134264532603,1656819.0,2614817.0,balanced:branch_switch_alpha_beta,59673.0,16,0.0,0.0,0.0,0.0,96376.0,1.0001220828853548,8.362068965517242,0.24448399999999998,203358.0,0.0,1.000037,0.0,7,19.70267787342891,0,ended_with_n,35.72119141696021,D10000_seed0_balanced_branch_switch_alpha_beta_vs_beam_alpha_beta,0,300.0,1000,balanced,0,/Users/onumagakuto/Documents/最強しりとり/shiritori_ai/data/dictionaries/D10000_L2-12_seed0.runtime.json,beam_alpha_beta,0.28029442758283074,2239303.0,2466215.0,balanced:beam_alpha_beta,55934.0,3,0.0,0.0,0.0,0.0,65424.0,0.8980293339118361,8.824561403508772,0.278479,174981.0,0.0,0.554374,0.0,0,15.97678237222135,0e2a353cf636b87b9d894c0bc8c6c36eabfe34874873788f671c13af60a9a07d,tune,115,115,second
d7ab76ddfa00239c45957f8a2264fcc8f4efe898,10000,13f83c2052bc052005e588fe7b9704a1eecbafee8dcd63e189b275acd3cb0946,74273ec92dd5b9b50e5d125bf7fc94fc234d4603966a511f8ecb7898b44b9b29,0,2f01dfdf19b0f16158714660cf781185c79c4f9500d946201995b5169342095f,beam_alpha_beta,0.24552042266753102,1773494.0,1947608.0,balanced:beam_alpha_beta,41029.0,1,0.0,0.0,0.0,0.0,50707.0,0.53916179202497,8.959183673469388,0.235022,134670.0,0.0,0.395112,0.0,0,12.03050071070902,0,ended_with_n,29.611625166842714,D10000_seed0_balanced_beam_alpha_beta_vs_branch_switch_alpha_beta,0,300.0,1000,balanced,0,/Users/onumagakuto/Documents/最強しりとり/shiritori_ai/data/dictionaries/D10000_L2-12_seed0.runtime.json,branch_switch_alpha_beta,0.35803314034199835,1239842.0,2014577.0,balanced:branch_switch_alpha_beta,42927.0,17,0.0,0.0,0.0,0.0,90322.0,1.0029858751222491,8.0,0.243514,167912.0,0.0,1.00004,0.0,8,17.54362387675792,0e2a353cf636b87b9d894c0bc8c6c36eabfe34874873788f671c13af60a9a07d,tune,98,98,first
d7ab76ddfa00239c45957f8a2264fcc8f4efe898,10000,13f83c2052bc052005e588fe7b9704a1eecbafee8dcd63e189b275acd3cb0946,74273ec92dd5b9b50e5d125bf7fc94fc234d4603966a511f8ecb7898b44b9b29,0,2f01dfdf19b0f16158714660cf781185c79c4f9500d946201995b5169342095f,dynamic_beam_alpha_beta,0.43609161943957014,3195.0,1463330.0,balanced:dynamic_beam_alpha_beta,34042.0,14,0.0,0.0,0.0,0.0,116936.0,1.000044166110456,5.552631578947368,0.35585,163172.0,0.0,1.000029,0.0,6,16.571481538703665,0,ended_with_n,23.04945845808834,D10000_seed0_balanced_dynamic_beam_alpha_beta_vs_beam_alpha_beta,0,300.0,1000,balanced,0,/Users/onumagakuto/Documents/最強しりとり/shiritori_ai/data/dictionaries/D10000_L2-12_seed0.runtime.json,beam_alpha_beta,0.1696614922502225,930284.0,1037441.0,balanced:beam_alpha_beta,26033.0,1,0.0,0.0,0.0,0.0,31416.0,0.4076120408717543,8.947368421052632,0.16618349999999998,83097.0,0.0,0.369396,0.0,0,6.447136705508456,0e2a353cf636b87b9d894c0bc8c6c36eabfe34874873788f671c13af60a9a07d,tune,76,76,first
d7ab76ddfa00239c45957f8a2264fcc8f4efe898,10000,13f83c2052bc052005e588fe7b9704a1eecbafee8dcd63e189b275acd3cb0946,74273ec92dd5b9b50e5d125bf7fc94fc234d4603966a511f8ecb7898b44b9b29,0,2f01dfdf19b0f16158714660cf781185c79c4f9500d946201995b5169342095f,beam_alpha_beta,0.22344262630940648,1135522.0,1250614.0,balanced:beam_alpha_beta,28890.0,1,0.0,0.0,0.0,0.0,32700.0,0.5407161668408662,8.9375,0.186945,88568.0,0.0,0.508269,0.0,0,7.150164041901007,0,ended_with_n,19.936706417007372,D10000_seed0_balanced_beam_alpha_beta_vs_dynamic_beam_alpha_beta,0,300.0,1000,balanced,0,/Users/onumagakuto/Documents/最強しりとり/shiritori_ai/data/dictionaries/D10000_L2-12_seed0.runtime.json,dynamic_beam_alpha_beta,0.4117391868794878,675.0,1041111.0,balanced:dynamic_beam_alpha_beta,24030.0,14,0.0,0.0,0.0,0.0,84070.0,1.0000352079514414,5.483870967741935,0.359941,117397.0,0.0,1.000025,0.0,3,12.76391479326412,0e2a353cf636b87b9d894c0bc8c6c36eabfe34874873788f671c13af60a9a07d,tune,63,63,second
d7ab76ddfa00239c45957f8a2264fcc8f4efe898,10000,13f83c2052bc052005e588fe7b9704a1eecbafee8dcd63e189b275acd3cb0946,74273ec92dd5b9b50e5d125bf7fc94fc234d4603966a511f8ecb7898b44b9b29,0,2f01dfdf19b0f16158714660cf781185c79c4f9500d946201995b5169342095f,dynamic_beam_pvs,0.41387554165605156,3044.0,1313688.0,balanced:dynamic_beam_pvs,31498.0,13,0.0,0.0,0.0,0.0,108331.0,1.000100167002529,5.405405405405405,0.364065,151153.0,108185.0,1.000051,323.0,6,15.313395041273907,0,ended_with_n,23.243205833947286,D10000_seed0_balanced_dynamic_beam_pvs_vs_beam_alpha_beta,0,300.0,1000,balanced,0,/Users/onumagakuto/Documents/最強しりとり/shiritori_ai/data/dictionaries/D10000_L2-12_seed0.runtime.json,beam_alpha_beta,0.21358818910084665,1215609.0,1345691.0,balanced:beam_alpha_beta,31950.0,3,0.0,0.0,0.0,0.0,37965.0,0.6332817499060184,8.891891891891891,0.213754,100832.0,0.0,0.394977,0.0,0,7.902762996731326,0e2a353cf636b87b9d894c0bc8c6c36eabfe34874873788f671c13af60a9a07d,tune,74,74,first
d7ab76ddfa00239c45957f8a2264fcc8f4efe898,10000,13f83c2052bc052005e588fe7b9704a1eecbafee8dcd63e189b275acd3cb0946,74273ec92dd5b9b50e5d125bf7fc94fc234d4603966a511f8ecb7898b44b9b29,0,2f01dfdf19b0f16158714660cf781185c79c4f9500d946201995b5169342095f,beam_alpha_beta,0.2692952633037099,1100446.0,1218616.0,balanced:beam_alpha_beta,29690.0,1,0.0,0.0,0.0,0.0,33995.0,0.5552536249160767,8.928571428571429,0.3139325,91522.0,0.0,0.5096,0.0,0,7.540267372503877,0,ended_with_n,18.25576641689986,D10000_seed0_balanced_beam_alpha_beta_vs_dynamic_beam_pvs,0,300.0,1000,balanced,0,/Users/onumagakuto/Documents/最強しりとり/shiritori_ai/data/dictionaries/D10000_L2-12_seed0.runtime.json,dynamic_beam_pvs,0.3960932391885392,639.0,777188.0,balanced:dynamic_beam_pvs,19771.0,15,0.0,0.0,0.0,0.0,78369.0,1.0000346249435097,5.222222222222222,0.228758,104267.0,78330.0,1.000029,187.0,3,10.694517458090559,0e2a353cf636b87b9d894c0bc8c6c36eabfe34874873788f671c13af60a9a07d,tune,55,55,second
d7ab76ddfa00239c45957f8a2264fcc8f4efe898,10000,13f83c2052bc052005e588fe7b9704a1eecbafee8dcd63e189b275acd3cb0946,74273ec92dd5b9b50e5d125bf7fc94fc234d4603966a511f8ecb7898b44b9b29,0,2f01dfdf19b0f16158714660cf781185c79c4f9500d946201995b5169342095f,research_adaptive_beam,0.3595702900999674,381.0,446734.0,balanced:research_adaptive_beam,11582.0,15,0.0,0.0,0.0,0.0,44579.0,1.000133999856189,5.111111111111111,0.195862,59598.0,42460.0,1.00002,221.0,4,9.70839783269912,0,ended_with_n,15.573552290908992,D10000_seed0_balanced_research_adaptive_beam_vs_beam_alpha_beta,0,300.0,1000,balanced,0,/Users/onumagakuto/Documents/最強しりとり/shiritori_ai/data/dictionaries/D10000_L2-12_seed0.runtime.json,beam_alpha_beta,0.22546770345742026,822224.0,928981.0,balanced:beam_alpha_beta,26814.0,1,0.0,0.0,0.0,0.0,33244.0,0.5102500000502914,8.923076923076923,0.2251955,85175.0,0.0,0.443027,0.0,0,5.862160289892927,0e2a353cf636b87b9d894c0bc8c6c36eabfe34874873788f671c13af60a9a07d,tune,53,53,second
d7ab76ddfa00239c45957f8a2264fcc8f4efe898,10000,13f83c2052bc052005e588fe7b9704a1eecbafee8dcd63e189b275acd3cb0946,74273ec92dd5b9b50e5d125bf7fc94fc234d4603966a511f8ecb7898b44b9b29,0,2f01dfdf19b0f16158714660cf781185c79c4f9500d946201995b5169342095f,beam_alpha_beta,0.2351687396352645,1433288.0,1614169.0,balanced:beam_alpha_beta,46794.0,1,0.0,0.0,0.0,0.0,56423.0,0.5303938330616802,8.95,0.2380085,144499.0,0.0,0.477397,0.0,0,9.40674958541058,0,ended_with_n,26.18525179103017,D10000_seed0_balanced_beam_alpha_beta_vs_research_adaptive_beam,0,300.0,1000,balanced,0,/Users/onumagakuto/Documents/最強しりとり/shiritori_ai/data/dictionaries/D10000_L2-12_seed0.runtime.json,research_adaptive_beam,0.4301083569164173,722.0,1052432.0,balanced:research_adaptive_beam,26618.0,18,0.0,0.0,0.0,0.0,80693.0,1.000024792039767,5.487179487179487,0.318942,116740.0,77198.0,1.000023,230.0,5,16.774225919740275,0e2a353cf636b87b9d894c0bc8c6c36eabfe34874873788f671c13af60a9a07d,tune,79,79,second
d7ab76ddfa00239c45957f8a2264fcc8f4efe898,10000,13f83c2052bc052005e588fe7b9704a1eecbafee8dcd63e189b275acd3cb0946,74273ec92dd5b9b50e5d125bf7fc94fc234d4603966a511f8ecb7898b44b9b29,0,2f01dfdf19b0f16158714660cf781185c79c4f9500d946201995b5169342095f,endgame_exact_hybrid,0.23314041582907133,1544869.0,1720179.0,balanced:endgame_exact_hybrid,41954.0,3,0.0,0.0,0.0,0.0,53160.0,0.6458938340656459,8.72340425531915,0.257796,138022.0,0.0,0.42844,0.0,0,10.957599543966353,0,ended_with_n,22.764126458903775,D10000_seed0_balanced_endgame_exact_hybrid_vs_beam_alpha_beta,0,300.0,1000,balanced,0,/Users/onumagakuto/Documents/最強しりとり/shiritori_ai/data/dictionaries/D10000_L2-12_seed0.runtime.json,beam_alpha_beta,0.25596873556850885,1618417.0,1803920.0,balanced:beam_alpha_beta,44223.0,3,0.0,0.0,0.0,0.0,56436.0,0.954911750042811,8.891304347826088,0.2700765,146228.0,0.0,0.390995,0.0,0,11.774561836151406,0e2a353cf636b87b9d894c0bc8c6c36eabfe34874873788f671c13af60a9a07d,tune,93,93,second
d7ab76ddfa00239c45957f8a2264fcc8f4efe898,10000,13f83c2052bc052005e588fe7b9704a1eecbafee8dcd63e189b275acd3cb0946,74273ec92dd5b9b50e5d125bf7fc94fc234d4603966a511f8ecb7898b44b9b29,0,2f01dfdf19b0f16158714660cf781185c79c4f9500d946201995b5169342095f,beam_alpha_beta,0.2927533665730152,1480241.0,1642465.0,balanced:beam_alpha_beta,41032.0,5,0.0,0.0,0.0,0.0,48321.0,0.6848673329222947,8.575,0.2643375,126546.0,0.0,0.559001,0.0,0,11.71013466292061,0,ended_with_n,23.39712300011888,D10000_seed0_balanced_beam_alpha_beta_vs_endgame_exact_hybrid,0,300.0,1000,balanced,0,/Users/onumagakuto/Documents/最強しりとり/shiritori_ai/data/dictionaries/D10000_L2-12_seed0.runtime.json,endgame_exact_hybrid,0.2988934592725948,1427908.0,1587495.0,balanced:endgame_exact_hybrid,38736.0,5,0.0,0.0,0.0,0.0,47810.0,0.670668583130464,8.846153846153847,0.297415,125102.0,0.0,0.645304,0.0,0,11.656844911631197,0e2a353cf636b87b9d894c0bc8c6c36eabfe34874873788f671c13af60a9a07d,tune,79,79,second
d7ab76ddfa00239c45957f8a2264fcc8f4efe898,10000,13f83c2052bc052005e588fe7b9704a1eecbafee8dcd63e189b275acd3cb0946,74273ec92dd5b9b50e5d125bf7fc94fc234d4603966a511f8ecb7898b44b9b29,0,2f01dfdf19b0f16158714660cf781185c79c4f9500d946201995b5169342095f,integrated_adaptive_hybrid,0.42462816059209957,368.0,649778.0,balanced:integrated_adaptive_hybrid,15537.0,14,0.0,0.0,0.0,0.0,46015.0,1.0000988750252873,4.925925925925926,0.358919,65812.0,29560.0,1.000033,122.0,4,11.464960335986689,0,ended_with_n,17.072189584141597,D10000_seed0_balanced_integrated_adaptive_hybrid_vs_beam_alpha_beta,0,300.0,1000,balanced,0,/Users/onumagakuto/Documents/最強しりとり/shiritori_ai/data/dictionaries/D10000_L2-12_seed0.runtime.json,beam_alpha_beta,0.21468580105843452,716493.0,797797.0,balanced:beam_alpha_beta,20089.0,3,0.0,0.0,0.0,0.0,24625.0,0.664288291009143,8.846153846153847,0.1881105,63835.0,0.0,0.393372,0.0,0,5.581830827519298,0e2a353cf636b87b9d894c0bc8c6c36eabfe34874873788f671c13af60a9a07d,tune,53,53,second
d7ab76ddfa00239c45957f8a2264fcc8f4efe898,10000,13f83c2052bc052005e588fe7b9704a1eecbafee8dcd63e189b275acd3cb0946,74273ec92dd5b9b50e5d125bf7fc94fc234d4603966a511f8ecb7898b44b9b29,0,2f01dfdf19b0f16158714660cf781185c79c4f9500d946201995b5169342095f,beam_alpha_beta,0.194895389363872,1682735.0,1873384.0,balanced:beam_alpha_beta,46453.0,1,0.0,0.0,0.0,0.0,52308.0,0.5273338749539107,8.967213114754099,0.179115,144134.0,0.0,0.354055,0.0,0,11.88861875119619,0,ended_with_n,36.84953379188664,D10000_seed0_balanced_beam_alpha_beta_vs_integrated_adaptive_hybrid,0,300.0,1000,balanced,0,/Users/onumagakuto/Documents/最強しりとり/shiritori_ai/data/dictionaries/D10000_L2-12_seed0.runtime.json,integrated_adaptive_hybrid,0.4084410779025467,729.0,1696433.0,balanced:integrated_adaptive_hybrid,39437.0,24,0.0,0.0,0.0,0.0,123022.0,1.000026708934456,5.180327868852459,0.427415,182052.0,85429.0,1.000016,323.0,4,24.914905752055347,0e2a353cf636b87b9d894c0bc8c6c36eabfe34874873788f671c13af60a9a07d,tune,122,122,first
d7ab76ddfa00239c45957f8a2264fcc8f4efe898,10000,13f83c2052bc052005e588fe7b9704a1eecbafee8dcd63e189b275acd3cb0946,74273ec92dd5b9b50e5d125bf7fc94fc234d4603966a511f8ecb7898b44b9b29,0,2f01dfdf19b0f16158714660cf781185c79c4f9500d946201995b5169342095f,branch_switch_alpha_beta,0.3396923538753168,1472976.0,2182125.0,aggressive:branch_switch_alpha_beta,52385.0,11,0.0,0.0,0.0,0.0,83964.0,1.0001166251022369,8.340425531914894,0.298632,182034.0,0.0,1.0001,0.0,4,15.965540632139891,0,ended_with_n,27.697844499954954,D10000_seed0_aggressive_branch_switch_alpha_beta_vs_beam_alpha_beta,0,300.0,1000,aggressive,0,/Users/onumagakuto/Documents/最強しりとり/shiritori_ai/data/dictionaries/D10000_L2-12_seed0.runtime.json,beam_alpha_beta,0.25432504527270794,1645450.0,1832246.0,aggressive:beam_alpha_beta,44544.0,3,0.0,0.0,0.0,0.0,56391.0,0.9488208750262856,8.891304347826088,0.2670135,146818.0,0.0,0.393391,0.0,0,11.698952082544565,0e2a353cf636b87b9d894c0bc8c6c36eabfe34874873788f671c13af60a9a07d,tune,93,93,second
d7ab76ddfa00239c45957f8a2264fcc8f4efe898,10000,13f83c2052bc052005e588fe7b9704a1eecbafee8dcd63e189b275acd3cb0946,74273ec92dd5b9b50e5d125bf7fc94fc234d4603966a511f8ecb7898b44b9b29,0,2f01dfdf19b0f16158714660cf781185c79c4f9500d946201995b5169342095f,beam_alpha_beta,0.23326351467403583,1743750.0,1918716.0,aggressive:beam_alpha_beta,40958.0,1,0.0,0.0,0.0,0.0,52156.0,0.47071133297868073,8.958333333333334,0.2435995,136589.0,0.0,0.37922,0.0,0,11.19664870435372,0,ended_with_n,27.62184145883657,D10000_seed0_aggressive_beam_alpha_beta_vs_branch_switch_alpha_beta,0,300.0,1000,aggressive,0,/Users/onumagakuto/Documents/最強しりとり/shiritori_ai/data/dictionaries/D10000_L2-12_seed0.runtime.json,branch_switch_alpha_beta,0.3414979322988074,1432563.0,2329726.0,aggressive:branch_switch_alpha_beta,50844.0,12,0.0,0.0,0.0,0.0,87556.0,1.000112208072096,8.395833333333334,0.2906205,180971.0,0.0,1.000104,0.0,6,16.391900750342757,0e2a353cf636b87b9d894c0bc8c6c36eabfe34874873788f671c13af60a9a07d,tune,96,96,first
d7ab76ddfa00239c45957f8a2264fcc8f4efe898,10000,13f83c2052bc052005e588fe7b9704a1eecbafee8dcd63e189b275acd3cb0946,74273ec92dd5b9b50e5d125bf7fc94fc234d4603966a511f8ecb7898b44b9b29,0,2f01dfdf19b0f16158714660cf781185c79c4f9500d946201995b5169342095f,dynamic_beam_alpha_beta,0.41831038488491784,3235.0,1455273.0,aggressive:dynamic_beam_alpha_beta,33942.0,14,0.0,0.0,0.0,0.0,115829.0,1.000051625072956,5.552631578947368,0.353147,161705.0,0.0,1.000029,0.0,6,15.895794625626877,0,ended_with_n,22.20732208294794,D10000_seed0_aggressive_dynamic_beam_alpha_beta_vs_beam_alpha_beta,0,300.0,1000,aggressive,0,/Users/onumagakuto/Documents/最強しりとり/shiritori_ai/data/dictionaries/D10000_L2-12_seed0.runtime.json,beam_alpha_beta,0.165353771011149,930284.0,1037441.0,aggressive:beam_alpha_beta,26033.0,1,0.0,0.0,0.0,0.0,31416.0,0.3835219999309629,8.947368421052632,0.1611685,83097.0,0.0,0.372881,0.0,0,6.283443298423663,0e2a353cf636b87b9d894c0bc8c6c36eabfe34874873788f671c13af60a9a07d,tune,76,76,first
d7ab76ddfa00239c45957f8a2264fcc8f4efe898,10000,13f83c2052bc052005e588fe7b9704a1eecbafee8dcd63e189b275acd3cb0946,74273ec92dd5b9b50e5d125bf7fc94fc234d4603966a511f8ecb7898b44b9b29,0,2f01dfdf19b0f16158714660cf781185c79c4f9500d946201995b5169342095f,beam_alpha_beta,0.2092261601210339,972843.0,1072409.0,aggressive:beam_alpha_beta,24860.0,3,0.0,0.0,0.0,0.0,26305.0,0.6274132090620697,8.875,0.17224450000000002,74297.0,0.0,0.514324,0.0,0,6.695237123873085,0,ended_with_n,20.929269583895802,D10000_seed0_aggressive_beam_alpha_beta_vs_dynamic_beam_alpha_beta,0,300.0,1000,aggressive,0,/Users/onumagakuto/Documents/最強しりとり/shiritori_ai/data/dictionaries/D10000_L2-12_seed0.runtime.json,dynamic_beam_alpha_beta,0.44397592193854507,430.0,864381.0,aggressive:dynamic_beam_alpha_beta,19818.0,21,0.0,0.0,0.0,0.0,90070.0,1.000061749946326,5.21875,0.277213,118798.0,0.0,1.000055,0.0,7,14.207229502033442,0e2a353cf636b87b9d894c0bc8c6c36eabfe34874873788f671c13af60a9a07d,tune,64,64,first
d7ab76ddfa00239c45957f8a2264fcc8f4efe898,10000,13f83c2052bc052005e588fe7b9704a1eecbafee8dcd63e189b275acd3cb0946,74273ec92dd5b9b50e5d125bf7fc94fc234d4603966a511f8ecb7898b44b9b29,0,2f01dfdf19b0f16158714660cf781185c79c4f9500d946201995b5169342095f,dynamic_beam_pvs,0.3790159304471066,2713.0,898685.0,aggressive:dynamic_beam_pvs,21807.0,10,0.0,0.0,0.0,0.0,76993.0,1.000496624968946,5.366666666666666,0.34765,105914.0,76954.0,1.00003,290.0,4,11.370477913413197,0,ended_with_n,18.33706916682422,D10000_seed0_aggressive_dynamic_beam_pvs_vs_beam_alpha_beta,0,300.0,1000,aggressive,0,/Users/onumagakuto/Documents/最強しりとり/shiritori_ai/data/dictionaries/D10000_L2-12_seed0.runtime.json,beam_alpha_beta,0.23940419982155337,964752.0,1074082.0,aggressive:beam_alpha_beta,26737.0,3,0.0,0.0,0.0,0.0,32245.0,0.6662583339493722,8.862068965517242,0.23492,85129.0,0.0,0.529332,0.0,0,6.942721794825047,0e2a353cf636b87b9d894c0bc8c6c36eabfe34874873788f671c13af60a9a07d,tune,59,59,second
d7ab76ddfa00239c45957f8a2264fcc8f4efe898,10000,13f83c2052bc052005e588fe7b9704a1eecbafee8dcd63e189b275acd3cb0946,74273ec92dd5b9b50e5d125bf7fc94fc234d4603966a511f8ecb7898b44b9b29,0,2f01dfdf19b0f16158714660cf781185c79c4f9500d946201995b5169342095f,beam_alpha_beta,0.2685951081328784,1014925.0,1124877.0,aggressive:beam_alpha_beta,27980.0,5,0.0,0.0,0.0,0.0,30672.0,0.6057172499131411,8.777777777777779,0.258313,84170.0,0.0,0.582635,0.0,0,7.2520679195877165,0,ended_with_n,18.987493499880657,D10000_seed0_aggressive_beam_alpha_beta_vs_dynamic_beam_pvs,0,300.0,1000,aggressive,0,/Users/onumagakuto/Documents/最強しりとり/shiritori_ai/data/dictionaries/D10000_L2-12_seed0.runtime.json,dynamic_beam_pvs,0.45054366179885197,694.0,754074.0,aggressive:dynamic_beam_pvs,18528.0,13,0.0,0.0,0.0,0.0,81428.0,1.0000375830568373,5.653846153846154,0.3186735,107579.0,81574.0,1.000031,139.0,5,11.714135206770152,0e2a353cf636b87b9d894c0bc8c6c36eabfe34874873788f671c13af60a9a07d,tune,53,53,second
d7ab76ddfa00239c45957f8a2264fcc8f4efe898,10000,13f83c2052bc052005e588fe7b9704a1eecbafee8dcd63e189b275acd3cb0946,74273ec92dd5b9b50e5d125bf7fc94fc234d4603966a511f8ecb7898b44b9b29,0,2f01dfdf19b0f16158714660cf781185c79c4f9500d946201995b5169342095f,research_adaptive_beam,0.4294473414839659,620.0,1317030.0,aggressive:research_adaptive_beam,33634.0,10,0.0,0.0,0.0,0.0,78254.0,1.0001018748153,5.888888888888889,0.4134825,124963.0,86473.0,1.00003,245.0,4,15.460104293422773,0,ended_with_n,22.09285108279437,D10000_seed0_aggressive_research_adaptive_beam_vs_beam_alpha_beta,0,300.0,1000,aggressive,0,/Users/onumagakuto/Documents/最強しりとり/shiritori_ai/data/dictionaries/D10000_L2-12_seed0.runtime.json,beam_alpha_beta,0.1892611333302089,828118.0,927266.0,aggressive:beam_alpha_beta,24816.0,7,0.0,0.0,0.0,0.0,26847.0,0.685361749958247,8.771428571428572,0.151109,74957.0,0.0,0.65794,0.0,0,6.624139666557312,0e2a353cf636b87b9d894c0bc8c6c36eabfe34874873788f671c13af60a9a07d,tune,71,71,second
d7ab76ddfa00239c45957f8a2264fcc8f4efe898,10000,13f83c2052bc052005e588fe7b9704a1eecbafee8dcd63e189b275acd3cb0946,74273ec92dd5b9b50e5d125bf7fc94fc234d4603966a511f8ecb7898b44b9b29,0,2f01dfdf19b0f16158714660cf781185c79c4f9500d946201995b5169342095f,beam_alpha_beta,0.2975410208316697,1495032.0,1678193.0,aggressive:beam_alpha_beta,46461.0,11,0.0,0.0,0.0,0.0,58020.0,0.8169276670087129,8.714285714285714,0.273745,146821.0,0.0,0.628655,0.0,0,12.496722874930128,0,ended_with_n,30.943329208064824,D10000_seed0_aggressive_beam_alpha_beta_vs_research_adaptive_beam,0,300.0,1000,aggressive,0,/Users/onumagakuto/Documents/最強しりとり/shiritori_ai/data/dictionaries/D10000_L2-12_seed0.runtime.json,research_adaptive_beam,0.4390655476987983,630.0,669483.0,aggressive:research_adaptive_beam,18218.0,21,0.0,0.0,0.0,0.0,81369.0,1.0000379590783268,4.928571428571429,0.36212849999999996,104436.0,77537.0,1.00002,226.0,6,18.440753003349528,0e2a353cf636b87b9d894c0bc8c6c36eabfe34874873788f671c13af60a9a07d,tune,84,84,first
d7ab76ddfa00239c45957f8a2264fcc8f4efe898,10000,13f83c2052bc052005e588fe7b9704a1eecbafee8dcd63e189b275acd3cb0946,74273ec92dd5b9b50e5d125bf7fc94fc234d4603966a511f8ecb7898b44b9b29,0,2f01dfdf19b0f16158714660cf781185c79c4f9500d946201995b5169342095f,endgame_exact_hybrid,0.24972007355771642,1544869.0,1720179.0,aggressive:endgame_exact_hybrid,41954.0,3,0.0,0.0,0.0,0.0,53160.0,0.7517615000251681,8.72340425531915,0.273586,138022.0,0.0,0.450183,0.0,0,11.736843457212672,0,ended_with_n,24.18942654086277,D10000_seed0_aggressive_endgame_exact_hybrid_vs_beam_alpha_beta,0,300.0,1000,aggressive,0,/Users/onumagakuto/Documents/最強しりとり/shiritori_ai/data/dictionaries/D10000_L2-12_seed0.runtime.json,beam_alpha_beta,0.2699575208319837,1618123.0,1803616.0,aggressive:beam_alpha_beta,44212.0,3,0.0,0.0,0.0,0.0,56426.0,1.0000325408764184,8.891304347826088,0.2866685,146203.0,0.0,0.397576,0.0,1,12.41804595827125,0e2a353cf636b87b9d894c0bc8c6c36eabfe34874873788f671c13af60a9a07d,tune,93,93,second
d7ab76ddfa00239c45957f8a2264fcc8f4efe898,10000,13f83c2052bc052005e588fe7b9704a1eecbafee8dcd63e189b275acd3cb0946,74273ec92dd5b9b50e5d125bf7fc94fc234d4603966a511f8ecb7898b44b9b29,0,2f01dfdf19b0f16158714660cf781185c79c4f9500d946201995b5169342095f,beam_alpha_beta,0.28246927029187124,1131628.0,1259376.0,aggressive:beam_alpha_beta,31327.0,5,0.0,0.0,0.0,0.0,38373.0,0.7191190000157803,8.685714285714285,0.295823,100052.0,0.0,0.602224,0.0,0,9.886424460215494,0,ended_with_n,20.770405708812177,D10000_seed0_aggressive_beam_alpha_beta_vs_endgame_exact_hybrid,0,300.0,1000,aggressive,0,/Users/onumagakuto/Documents/最強しりとり/shiritori_ai/data/dictionaries/D10000_L2-12_seed0.runtime.json,endgame_exact_hybrid,0.31919984671506374,1198719.0,1336986.0,aggressive:endgame_exact_hybrid,33725.0,5,0.0,0.0,0.0,0.0,42183.0,1.000028708949685,8.676470588235293,0.3550205,109090.0,0.0,0.633865,0.0,1,10.852794788312167,0e2a353cf636b87b9d894c0bc8c6c36eabfe34874873788f671c13af60a9a07d,tune,69,69,second
d7ab76ddfa00239c45957f8a2264fcc8f4efe898,10000,13f83c2052bc052005e588fe7b9704a1eecbafee8dcd63e189b275acd3cb0946,74273ec92dd5b9b50e5d125bf7fc94fc234d4603966a511f8ecb7898b44b9b29,0,2f01dfdf19b0f16158714660cf781185c79c4f9500d946201995b5169342095f,integrated_adaptive_hybrid,0.3634369151701254,399.0,420660.0,aggressive:integrated_adaptive_hybrid,10892.0,15,0.0,0.0,0.0,0.0,41823.0,1.0001007919199765,4.851851851851852,0.188857,55946.0,39704.0,1.000021,221.0,4,9.812796709593385,0,ended_with_n,16.13962029106915,D10000_seed0_aggressive_integrated_adaptive_hybrid_vs_beam_alpha_beta,0,300.0,1000,aggressive,0,/Users/onumagakuto/Documents/最強しりとり/shiritori_ai/data/dictionaries/D10000_L2-12_seed0.runtime.json,beam_alpha_beta,0.2425284149358049,822224.0,928981.0,aggressive:beam_alpha_beta,26814.0,1,0.0,0.0,0.0,0.0,33244.0,0.5238252088893205,8.923076923076923,0.24036449999999998,85175.0,0.0,0.480918,0.0,0,6.3057387883309275,0e2a353cf636b87b9d894c0bc8c6c36eabfe34874873788f671c13af60a9a07d,tune,53,53,second
d7ab76ddfa00239c45957f8a2264fcc8f4efe898,10000,13f83c2052bc052005e588fe7b9704a1eecbafee8dcd63e189b275acd3cb0946,74273ec92dd5b9b50e5d125bf7fc94fc234d4603966a511f8ecb7898b44b9b29,0,2f01dfdf19b0f16158714660cf781185c79c4f9500d946201995b5169342095f,beam_alpha_beta,0.2857063574483618,1350184.0,1523957.0,aggressive:beam_alpha_beta,45160.0,3,0.0,0.0,0.0,0.0,55095.0,0.6320595419965684,8.842105263157896,0.2773985,139688.0,0.0,0.55266,0.0,0,10.856841583037749,0,ended_with_n,27.544708875007927,D10000_seed0_aggressive_beam_alpha_beta_vs_integrated_adaptive_hybrid,0,300.0,1000,aggressive,0,/Users/onumagakuto/Documents/最強しりとり/shiritori_ai/data/dictionaries/D10000_L2-12_seed0.runtime.json,integrated_adaptive_hybrid,0.45011573982097813,759.0,713544.0,aggressive:integrated_adaptive_hybrid,18223.0,18,0.0,0.0,0.0,0.0,68840.0,1.0000339169055223,5.162162162162162,0.349809,93117.0,63194.0,1.000028,241.0,5,16.65428237337619,0e2a353cf636b87b9d894c0bc8c6c36eabfe34874873788f671c13af60a9a07d,tune,75,75,second
d7ab76ddfa00239c45957f8a2264fcc8f4efe898,10000,f7feddf87127e40bde1a535f59cac947714438dc1e954782a6d8ce39feaff155,00ebc1cac9dd741110af9ac9d2df615d6c05ca991919c4f06c178a9ef7a4ac28,1,2f01dfdf19b0f16158714660cf781185c79c4f9500d946201995b5169342095f,branch_switch_alpha_beta,0.3962102745598579,733901.0,2160882.0,conservative:branch_switch_alpha_beta,51244.0,31,0.0,0.0,0.0,0.0,108857.0,1.0001304999459535,6.573770491803279,0.254664,190191.0,0.0,1.00005,0.0,10,24.168826748151332,0,ended_with_n,39.137399500003085,D10000_seed1_conservative_branch_switch_alpha_beta_vs_beam_alpha_beta,1000,300.0,1000,conservative,0,/Users/onumagakuto/Documents/最強しりとり/shiritori_ai/data/dictionaries/D10000_L2-12_seed1.runtime.json,beam_alpha_beta,0.24839684033067896,1894723.0,2098254.0,conservative:beam_alpha_beta,49578.0,3,0.0,0.0,0.0,0.0,53912.0,0.5976216660346836,8.933333333333334,0.217968,152157.0,0.0,0.491923,0.0,0,14.903810419840738,0e2a353cf636b87b9d894c0bc8c6c36eabfe34874873788f671c13af60a9a07d,tune,121,121,second
d7ab76ddfa00239c45957f8a2264fcc8f4efe898,10000,f7feddf87127e40bde1a535f59cac947714438dc1e954782a6d8ce39feaff155,00ebc1cac9dd741110af9ac9d2df615d6c05ca991919c4f06c178a9ef7a4ac28,1,2f01dfdf19b0f16158714660cf781185c79c4f9500d946201995b5169342095f,beam_alpha_beta,0.16911304168170319,460277.0,506256.0,conservative:beam_alpha_beta,11044.0,1,0.0,0.0,0.0,0.0,12096.0,0.30922429193742573,8.9,0.1890795,33945.0,0.0,0.273372,0.0,0,3.3822608336340636,0,ended_with_n,11.959090791875497,D10000_seed1_conservative_beam_alpha_beta_vs_branch_switch_alpha_beta,1000,300.0,1000,conservative,0,/Users/onumagakuto/Documents/最強しりとり/shiritori_ai/data/dictionaries/D10000_L2-12_seed1.runtime.json,branch_switch_alpha_beta,0.4278838539030403,0.0,628324.0,conservative:branch_switch_alpha_beta,14175.0,10,0.0,0.0,0.0,0.0,45909.0,1.000052500050515,5.85,0.296846,66258.0,0.0,1.00004,0.0,4,8.557677078060806,0e2a353cf636b87b9d894c0bc8c6c36eabfe34874873788f671c13af60a9a07d,tune,40,40,first
d7ab76ddfa00239c45957f8a2264fcc8f4efe898,10000,f7feddf87127e40bde1a535f59cac947714438dc1e954782a6d8ce39feaff155,00ebc1cac9dd741110af9ac9d2df615d6c05ca991919c4f06c178a9ef7a4ac28,1,2f01dfdf19b0f16158714660cf781185c79c4f9500d946201995b5169342095f,dynamic_beam_alpha_beta,0.401910283846692,2298.0,703893.0,conservative:dynamic_beam_alpha_beta,16457.0,12,0.0,0.0,0.0,0.0,47525.0,1.000067749992013,5.571428571428571,0.340979,69371.0,0.0,1.000047,0.0,4,8.440115960780531,0,ended_with_n,11.84686779184267,D10000_seed1_conservative_dynamic_beam_alpha_beta_vs_beam_alpha_beta,1000,300.0,1000,conservative,0,/Users/onumagakuto/Documents/最強しりとり/shiritori_ai/data/dictionaries/D10000_L2-12_seed1.runtime.json,beam_alpha_beta,0.16928452728316187,424861.0,470838.0,conservative:beam_alpha_beta,10870.0,1,0.0,0.0,0.0,0.0,12832.0,0.3873211669269949,8.9,0.1867625,34728.0,0.0,0.288788,0.0,0,3.3856905456632376,0e2a353cf636b87b9d894c0bc8c6c36eabfe34874873788f671c13af60a9a07d,tune,41,41,second
d7ab76ddfa00239c45957f8a2264fcc8f4efe898,10000,f7feddf87127e40bde1a535f59cac947714438dc1e954782a6d8ce39feaff155,00ebc1cac9dd741110af9ac9d2df615d6c05ca991919c4f06c178a9ef7a4ac28,1,2f01dfdf19b0f16158714660cf781185c79c4f9500d946201995b5169342095f,beam_alpha_beta,0.17400703127495945,453566.0,498892.0,conservative:beam_alpha_beta,10810.0,1,0.0,0.0,0.0,0.0,12005.0,0.33187370793893933,8.9,0.18815700000000002,33534.0,0.0,0.312588,0.0,0,3.480140625499189,0,ended_with_n,12.07659012498334,D10000_seed1_conservative_beam_alpha_beta_vs_dynamic_beam_alpha_beta,1000,300.0,1000,conservative,0,/Users/onumagakuto/Documents/最強しりとり/shiritori_ai/data/dictionaries/D10000_L2-12_seed1.runtime.json,dynamic_beam_alpha_beta,0.42881844805087893,1.0,583295.0,conservative:dynamic_beam_alpha_beta,13133.0,11,0.0,0.0,0.0,0.0,44696.0,1.0000469170045108,5.55,0.32584250000000003,63838.0,0.0,1.000045,0.0,4,8.576368961017579,0e2a353cf636b87b9d894c0bc8c6c36eabfe34874873788f671c13af60a9a07d,tune,40,40,first
d7ab76ddfa00239c45957f8a2264fcc8f4efe898,10000,f7feddf87127e40bde1a535f59cac947714438dc1e954782a6d8ce39feaff155,00ebc1cac9dd741110af9ac9d2df615d6c05ca991919c4f06c178a9ef7a4ac28,1,2f01dfdf19b0f16158714660cf781185c79c4f9500d946201995b5169342095f,dynamic_beam_pvs,0.4220565491045515,3287.0,2027690.0,conservative:dynamic_beam_pvs,48848.0,24,0.0,0.0,0.0,0.0,122947.0,1.0000571249984205,5.8,0.338325,189616.0,123397.0,1.000033,348.0,6,18.992544709704816,0,ended_with_n,25.796096582897007,D10000_seed1_conservative_dynamic_beam_pvs_vs_beam_alpha_beta,1000,300.0,1000,conservative,0,/Users/onumagakuto/Documents/最強しりとり/shiritori_ai/data/dictionaries/D10000_L2-12_seed1.runtime.json,beam_alpha_beta,0.15383160235466098,1194374.0,1314490.0,conservative:beam_alpha_beta,30039.0,7,0.0,0.0,0.0,0.0,30186.0,0.6675201668404043,8.818181818181818,0.103071,88405.0,0.0,0.634441,0.0,0,6.768590503605083,0e2a353cf636b87b9d894c0bc8c6c36eabfe34874873788f671c13af60a9a07d,tune,89,89,second
d7ab76ddfa00239c45957f8a2264fcc8f4efe898,10000,f7feddf87127e40bde1a535f59cac947714438dc1e954782a6d8ce39feaff155,00ebc1cac9dd741110af9ac9d2df615d6c05ca991919c4f06c178a9ef7a4ac28,1,2f01dfdf19b0f16158714660cf781185c79c4f9500d946201995b5169342095f,beam_alpha_beta,0.1246936563285999,448537.0,493520.0,conservative:beam_alpha_beta,10765.0,1,0.0,0.0,0.0,0.0,11884.0,0.2468476661015302,8.9,0.1349735,33246.0,0.0,0.229113,0.0,0,2.493873126571998,0,ended_with_n,10.24689650000073,D10000_seed1_conservative_beam_alpha_beta_vs_dynamic_beam_pvs,1000,300.0,1000,conservative,0,/Users/onumagakuto/Documents/最強しりとり/shiritori_ai/data/dictionaries/D10000_L2-12_seed1.runtime.json,dynamic_beam_pvs,0.38687651868676765,1.0,861194.0,conservative:dynamic_beam_pvs,20278.0,10,0.0,0.0,0.0,0.0,54998.0,1.000038290861994,5.85,0.193976,82542.0,55094.0,1.000035,130.0,5,7.737530373735353,0e2a353cf636b87b9d894c0bc8c6c36eabfe34874873788f671c13af60a9a07d,tune,40,40,first
d7ab76ddfa00239c45957f8a2264fcc8f4efe898,10000,f7feddf87127e40bde1a535f59cac947714438dc1e954782a6d8ce39feaff155,00ebc1cac9dd741110af9ac9d2df615d6c05ca991919c4f06c178a9ef7a4ac28,1,2f01dfdf19b0f16158714660cf781185c79c4f9500d946201995b5169342095f,research_adaptive_beam,0.3946456979481607,325.0,1478235.0,conservative:research_adaptive_beam,35588.0,15,0.0,0.0,0.0,0.0,69848.0,1.0001021248754114,5.583333333333333,0.32598099999999997,115701.0,50996.0,1.000019,158.0,3,14.207245126133785,0,ended_with_n,21.172630208078772,D10000_seed1_conservative_research_adaptive_beam_vs_beam_alpha_beta,1000,300.0,1000,conservative,0,/Users/onumagakuto/Documents/最強しりとり/shiritori_ai/data/dictionaries/D10000_L2-12_seed1.runtime.json,beam_alpha_beta,0.19887525579626006,1071502.0,1189161.0,conservative:beam_alpha_beta,29506.0,3,0.0,0.0,0.0,0.0,31753.0,0.6919879158958793,8.885714285714286,0.1696,88624.0,0.0,0.455832,0.0,0,6.960633952869102,0e2a353cf636b87b9d894c0bc8c6c36eabfe34874873788f671c13af60a9a07d,tune,71,71,second
d7ab76ddfa00239c45957f8a2264fcc8f4efe898,10000,f7feddf87127e40bde1a535f59cac947714438dc1e954782a6d8ce39feaff155,00ebc1cac9dd741110af9ac9d2df615d6c05ca991919c4f06c178a9ef7a4ac28,1,2f01dfdf19b0f16158714660cf781185c79c4f9500d946201995b5169342095f,beam_alpha_beta,0.1855458023104196,2034122.0,2266278.0,conservative:beam_alpha_beta,57683.0,5,0.0,0.0,0.0,0.0,56027.0,0.6881844580639154,8.909090909090908,0.12036150000000001,169026.0,0.0,0.46268,0.0,0,12.246022952487692,0,ended_with_n,37.646742624929175,D10000_seed1_conservative_beam_alpha_beta_vs_research_adaptive_beam,1000,300.0,1000,conservative,0,/Users/onumagakuto/Documents/最強しりとり/shiritori_ai/data/dictionaries/D10000_L2-12_seed1.runtime.json,research_adaptive_beam,0.3847390953557227,1100.0,2127761.0,conservative:research_adaptive_beam,51805.0,31,0.0,0.0,0.0,0.0,154562.0,1.0000372908543795,5.0,0.2875945,223164.0,145272.0,0.995879,826.0,3,25.3927802934777,0e2a353cf636b87b9d894c0bc8c6c36eabfe34874873788f671c13af60a9a07d,tune,132,132,first
d7ab76ddfa00239c45957f8a2264fcc8f4efe898,10000,f7feddf87127e40bde1a535f59cac947714438dc1e954782a6d8ce39feaff155,00ebc1cac9dd741110af9ac9d2df615d6c05ca991919c4f06c178a9ef7a4ac28,1,2f01dfdf19b0f16158714660cf781185c79c4f9500d946201995b5169342095f,endgame_exact_hybrid,0.16131843287231667,5693823.0,6379693.0,conservative:endgame_exact_hybrid,170145.0,1,0.0,0.0,0.0,0.0,171713.0,0.455968749942258,8.945812807881774,0.147043,504800.0,0.0,0.365427,0.0,0,32.74764187308028,0,ended_with_n,66.68725624983199,D10000_seed1_conservative_endgame_exact_hybrid_vs_beam_alpha_beta,1000,300.0,1000,conservative,0,/Users/onumagakuto/Documents/最強しりとり/shiritori_ai/data/dictionaries/D10000_L2-12_seed1.runtime.json,beam_alpha_beta,0.1672422898320094,5762863.0,6458943.0,conservative:beam_alpha_beta,169608.0,3,0.0,0.0,0.0,0.0,177673.0,0.6116993750911206,8.98019801980198,0.1480925,515068.0,0.0,0.378767,0.0,0,33.7829425460659,0e2a353cf636b87b9d894c0bc8c6c36eabfe34874873788f671c13af60a9a07d,tune,405,405,second
d7ab76ddfa00239c45957f8a2264fcc8f4efe898,10000,f7feddf87127e40bde1a535f59cac947714438dc1e954782a6d8ce39feaff155,00ebc1cac9dd741110af9ac9d2df615d6c05ca991919c4f06c178a9ef7a4ac28,1,2f01dfdf19b0f16158714660cf781185c79c4f9500d946201995b5169342095f,beam_alpha_beta,0.18219331231295735,5332366.0,5927857.0,conservative:beam_alpha_beta,140630.0,9,0.0,0.0,0.0,0.0,120110.0,0.6643641251139343,8.923076923076923,0.143387,411300.0,0.0,0.459123,0.0,0,33.15918284095824,0,ended_with_n,65.00623991712928,D10000_seed1_conservative_beam_alpha_beta_vs_endgame_exact_hybrid,1000,300.0,1000,conservative,0,/Users/onumagakuto/Documents/最強しりとり/shiritori_ai/data/dictionaries/D10000_L2-12_seed1.runtime.json,endgame_exact_hybrid,0.1739837467596242,5105700.0,5675023.0,conservative:endgame_exact_hybrid,134991.0,3,0.0,0.0,0.0,0.0,118090.0,0.6990445421542972,8.923076923076923,0.13809549999999998,396239.0,0.0,0.454506,0.0,0,31.665041910251603,0e2a353cf636b87b9d894c0bc8c6c36eabfe34874873788f671c13af60a9a07d,tune,364,364,first
d7ab76ddfa00239c45957f8a2264fcc8f4efe898,10000,f7feddf87127e40bde1a535f59cac947714438dc1e954782a6d8ce39feaff155,00ebc1cac9dd741110af9ac9d2df615d6c05ca991919c4f06c178a9ef7a4ac28,1,2f01dfdf19b0f16158714660cf781185c79c4f9500d946201995b5169342095f,integrated_adaptive_hybrid,0.4165372282023663,284.0,1051006.0,conservative:integrated_adaptive_hybrid,24130.0,21,0.0,0.0,0.0,0.0,66381.0,1.000109750078991,5.1521739130434785,0.3201485,99964.0,27098.0,1.000024,112.0,7,19.16071249730885,0,ended_with_n,28.182319791056216,D10000_seed1_conservative_integrated_adaptive_hybrid_vs_beam_alpha_beta,1000,300.0,1000,conservative,0,/Users/onumagakuto/Documents/最強しりとり/shiritori_ai/data/dictionaries/D10000_L2-12_seed1.runtime.json,beam_alpha_beta,0.19960502504060665,1357062.0,1493793.0,conservative:beam_alpha_beta,33282.0,1,0.0,0.0,0.0,0.0,36824.0,0.49445245903916657,8.955555555555556,0.201736,102576.0,0.0,0.436195,0.0,0,8.9822261268273,0e2a353cf636b87b9d894c0bc8c6c36eabfe34874873788f671c13af60a9a07d,tune,91,91,second
d7ab76ddfa00239c45957f8a2264fcc8f4efe898,10000,f7feddf87127e40bde1a535f59cac947714438dc1e954782a6d8ce39feaff155,00ebc1cac9dd741110af9ac9d2df615d6c05ca991919c4f06c178a9ef7a4ac28,1,2f01dfdf19b0f16158714660cf781185c79c4f9500d946201995b5169342095f,beam_alpha_beta,0.20209482942469592,1470262.0,1633625.0,conservative:beam_alpha_beta,40858.0,3,0.0,0.0,0.0,0.0,44043.0,0.6132527079898864,8.906976744186046,0.180287,123380.0,0.0,0.493065,0.0,0,8.690077665261924,0,ended_with_n,26.335365667007864,D10000_seed1_conservative_beam_alpha_beta_vs_integrated_adaptive_hybrid,1000,300.0,1000,conservative,0,/Users/onumagakuto/Documents/最強しりとり/shiritori_ai/data/dictionaries/D10000_L2-12_seed1.runtime.json,integrated_adaptive_hybrid,0.4095487005705404,555.0,1416622.0,conservative:integrated_adaptive_hybrid,33339.0,19,0.0,0.0,0.0,0.0,108894.0,1.0000250830780715,5.255813953488372,0.362117,156482.0,72833.0,0.980465,248.0,2,17.610594124533236,0e2a353cf636b87b9d894c0bc8c6c36eabfe34874873788f671c13af60a9a07d,tune,86,86,first
d7ab76ddfa00239c45957f8a2264fcc8f4efe898,10000,f7feddf87127e40bde1a535f59cac947714438dc1e954782a6d8ce39feaff155,00ebc1cac9dd741110af9ac9d2df615d6c05ca991919c4f06c178a9ef7a4ac28,1,2f01dfdf19b0f16158714660cf781185c79c4f9500d946201995b5169342095f,branch_switch_alpha_beta,0.3036535862621597,3522052.0,4479921.0,balanced:branch_switch_alpha_beta,104282.0,21,0.0,0.0,0.0,0.0,131064.0,1.0000820001587272,8.545454545454545,0.251977,332215.0,0.0,1.000039,0.0,8,33.40189448883757,0,ended_with_n,62.076031709089875,D10000_seed1_balanced_branch_switch_alpha_beta_vs_beam_alpha_beta,1000,300.0,1000,balanced,0,/Users/onumagakuto/Documents/最強しりとり/shiritori_ai/data/dictionaries/D10000_L2-12_seed1.runtime.json,beam_alpha_beta,0.25968936778901314,3903420.0,4319596.0,balanced:beam_alpha_beta,100245.0,7,0.0,0.0,0.0,0.0,101847.0,0.7105697500519454,8.918181818181818,0.2469305,304780.0,0.0,0.536768,0.0,0,28.565830456791446,0e2a353cf636b87b9d894c0bc8c6c36eabfe34874873788f671c13af60a9a07d,tune,220,220,first
d7ab76ddfa00239c45957f8a2264fcc8f4efe898,10000,f7feddf87127e40bde1a535f59cac947714438dc1e954782a6d8ce39feaff155,00ebc1cac9dd741110af9ac9d2df615d6c05ca991919c4f06c178a9ef7a4ac28,1,2f01dfdf19b0f16158714660cf781185c79c4f9500d946201995b5169342095f,beam_alpha_beta,0.23141385464825565,1152406.0,1284756.0,balanced:beam_alpha_beta,30052.0,1,0.0,0.0,0.0,0.0,40275.0,0.479650542140007,8.955555555555556,0.250103,103925.0,0.0,0.416028,0.0,0,10.413623459171504,0,ended_with_n,23.899123250041157,D10000_seed1_balanced_beam_alpha_beta_vs_branch_switch_alpha_beta,1000,300.0,1000,balanced,0,/Users/onumagakuto/Documents/最強しりとり/shiritori_ai/data/dictionaries/D10000_L2-12_seed1.runtime.json,branch_switch_alpha_beta,0.3054643948615359,984977.0,1357304.0,balanced:branch_switch_alpha_beta,30853.0,11,0.0,0.0,0.0,0.0,54768.0,1.0000597909092903,8.25,0.259054,112522.0,0.0,1.00005,0.0,5,13.440433373907581,0e2a353cf636b87b9d894c0bc8c6c36eabfe34874873788f671c13af60a9a07d,tune,89,89,second
d7ab76ddfa00239c45957f8a2264fcc8f4efe898,10000,f7feddf87127e40bde1a535f59cac947714438dc1e954782a6d8ce39feaff155,00ebc1cac9dd741110af9ac9d2df615d6c05ca991919c4f06c178a9ef7a4ac28,1,2f01dfdf19b0f16158714660cf781185c79c4f9500d946201995b5169342095f,dynamic_beam_alpha_beta,0.42272751976824585,2302.0,741480.0,balanced:dynamic_beam_alpha_beta,17683.0,10,0.0,0.0,0.0,0.0,48353.0,1.0000584998633713,5.666666666666667,0.349453,71307.0,0.0,1.000044,0.0,4,8.877277915133163,0,ended_with_n,12.634433083003387,D10000_seed1_balanced_dynamic_beam_alpha_beta_vs_beam_alpha_beta,1000,300.0,1000,balanced,0,/Users/onumagakuto/Documents/最強しりとり/shiritori_ai/data/dictionaries/D10000_L2-12_seed1.runtime.json,beam_alpha_beta,0.18674929580884053,420643.0,468422.0,balanced:beam_alpha_beta,11391.0,1,0.0,0.0,0.0,0.0,13365.0,0.47612550016492605,8.9,0.1712105,36159.0,0.0,0.343684,0.0,0,3.734985916176811,0e2a353cf636b87b9d894c0bc8c6c36eabfe34874873788f671c13af60a9a07d,tune,41,41,second
d7ab76ddfa00239c45957f8a2264fcc8f4efe898,10000,f7feddf87127e40bde1a535f59cac947714438dc1e954782a6d8ce39feaff155,00ebc1cac9dd741110af9ac9d2df615d6c05ca991919c4f06c178a9ef7a4ac28,1,2f01dfdf19b0f16158714660cf781185c79c4f9500d946201995b5169342095f,beam_alpha_beta,0.1817394208163023,434994.0,478884.0,balanced:beam_alpha_beta,10362.0,1,0.0,0.0,0.0,0.0,11677.0,0.3053602920845151,8.9,0.20240249999999999,32506.0,0.0,0.294348,0.0,0,3.634788416326046,0,ended_with_n,11.86800954095088,D10000_seed1_balanced_beam_alpha_beta_vs_dynamic_beam_alpha_beta,1000,300.0,1000,balanced,0,/Users/onumagakuto/Documents/最強しりとり/shiritori_ai/data/dictionaries/D10000_L2-12_seed1.runtime.json,dynamic_beam_alpha_beta,0.41063519157469275,1.0,549271.0,balanced:dynamic_beam_alpha_beta,12409.0,11,0.0,0.0,0.0,0.0,40116.0,1.0000565408263355,5.5,0.2276165,57823.0,0.0,1.000041,0.0,4,8.212703831493855,0e2a353cf636b87b9d894c0bc8c6c36eabfe34874873788f671c13af60a9a07d,tune,40,40,first
d7ab76ddfa00239c45957f8a2264fcc8f4efe898,10000,f7feddf87127e40bde1a535f59cac947714438dc1e954782a6d8ce39feaff155,00ebc1cac9dd741110af9ac9d2df615d6c05ca991919c4f06c178a9ef7a4ac28,1,2f01dfdf19b0f16158714660cf781185c79c4f9500d946201995b5169342095f,dynamic_beam_pvs,0.4125695059386392,2302.0,765523.0,balanced:dynamic_beam_pvs,18213.0,12,0.0,0.0,0.0,0.0,42992.0,1.0000677078496665,5.571428571428571,0.216118,66656.0,43058.0,1.000049,153.0,4,8.663959624711424,0,ended_with_n,12.403347291983664,D10000_seed1_balanced_dynamic_beam_pvs_vs_beam_alpha_beta,1000,300.0,1000,balanced,0,/Users/onumagakuto/Documents/最強しりとり/shiritori_ai/data/dictionaries/D10000_L2-12_seed1.runtime.json,beam_alpha_beta,0.18591798321576788,472596.0,519919.0,balanced:beam_alpha_beta,11344.0,1,0.0,0.0,0.0,0.0,12946.0,0.34084349987097085,8.9,0.1962605,35484.0,0.0,0.336398,0.0,0,3.718359664315358,0e2a353cf636b87b9d894c0bc8c6c36eabfe34874873788f671c13af60a9a07d,tune,41,41,second
d7ab76ddfa00239c45957f8a2264fcc8f4efe898,10000,f7feddf87127e40bde1a535f59cac947714438dc1e954782a6d8ce39feaff155,00ebc1cac9dd741110af9ac9d2df615d6c05ca991919c4f06c178a9ef7a4ac28,1,2f01dfdf19b0f16158714660cf781185c79c4f9500d946201995b5169342095f,beam_alpha_beta,0.19926694373134524,452107.0,497340.0,balanced:beam_alpha_beta,10825.0,1,0.0,0.0,0.0,0.0,11954.0,0.4663675830233842,8.9,0.219266,33439.0,0.0,0.422482,0.0,0,3.9853388746269047,0,ended_with_n,13.091683665988967,D10000_seed1_balanced_beam_alpha_beta_vs_dynamic_beam_pvs,1000,300.0,1000,balanced,0,/Users/onumagakuto/Documents/最強しりとり/shiritori_ai/data/dictionaries/D10000_L2-12_seed1.runtime.json,dynamic_beam_pvs,0.4541878647287376,1.0,701623.0,balanced:dynamic_beam_pvs,16593.0,10,0.0,0.0,0.0,0.0,42110.0,1.0000610419083387,5.85,0.29068950000000005,64219.0,42212.0,1.000055,124.0,5,9.083757294574752,0e2a353cf636b87b9d894c0bc8c6c36eabfe34874873788f671c13af60a9a07d,tune,40,40,first
d7ab76ddfa00239c45957f8a2264fcc8f4efe898,10000,f7feddf87127e40bde1a535f59cac947714438dc1e954782a6d8ce39feaff155,00ebc1cac9dd741110af9ac9d2df615d6c05ca991919c4f06c178a9ef7a4ac28,1,2f01dfdf19b0f16158714660cf781185c79c4f9500d946201995b5169342095f,research_adaptive_beam,0.3930989408277367,1400.0,2313193.0,balanced:research_adaptive_beam,56438.0,32,0.0,0.0,0.0,0.0,150546.0,1.0001262498553842,4.934210526315789,0.34118,223329.0,152240.0,1.000024,949.0,5,29.87551950290799,0,ended_with_n,40.21616216702387,D10000_seed1_balanced_research_adaptive_beam_vs_beam_alpha_beta,1000,300.0,1000,balanced,0,/Users/onumagakuto/Documents/最強しりとり/shiritori_ai/data/dictionaries/D10000_L2-12_seed1.runtime.json,beam_alpha_beta,0.13773400556606552,1472744.0,1652853.0,balanced:beam_alpha_beta,44264.0,5,0.0,0.0,0.0,0.0,37457.0,1.0000956659205258,8.92,0.063599,126791.0,0.0,0.517987,0.0,1,10.330050417454913,0e2a353cf636b87b9d894c0bc8c6c36eabfe34874873788f671c13af60a9a07d,tune,151,151,second
d7ab76ddfa00239c45957f8a2264fcc8f4efe898,10000,f7feddf87127e40bde1a535f59cac947714438dc1e954782a6d8ce39feaff155,00ebc1cac9dd741110af9ac9d2df615d6c05ca991919c4f06c178a9ef7a4ac28,1,2f01dfdf19b0f16158714660cf781185c79c4f9500d946201995b5169342095f,beam_alpha_beta,0.2545221240725368,1282611.0,1408493.0,balanced:beam_alpha_beta,30760.0,3,0.0,0.0,0.0,0.0,35345.0,0.6676847499329597,8.902439024390244,0.244052,95771.0,0.0,0.511781,0.0,0,10.43540708697401,0,ended_with_n,27.47687991708517,D10000_seed1_balanced_beam_alpha_beta_vs_research_adaptive_beam,1000,300.0,1000,balanced,0,/Users/onumagakuto/Documents/最強しりとり/shiritori_ai/data/dictionaries/D10000_L2-12_seed1.runtime.json,research_adaptive_beam,0.41549548979780476,233.0,813668.0,balanced:research_adaptive_beam,19686.0,23,0.0,0.0,0.0,0.0,49809.0,1.0000342498533428,5.170731707317073,0.316473,75333.0,38258.0,1.000025,210.0,7,17.035315081709996,0e2a353cf636b87b9d894c0bc8c6c36eabfe34874873788f671c13af60a9a07d,tune,82,82,first
d7ab76ddfa00239c45957f8a2264fcc8f4efe898,10000,f7feddf87127e40bde1a535f59cac947714438dc1e954782a6d8ce39feaff155,00ebc1cac9dd741110af9ac9d2df615d6c05ca991919c4f06c178a9ef7a4ac28,1,2f01dfdf19b0f16158714660cf781185c79c4f9500d946201995b5169342095f,endgame_exact_hybrid,0.2802960788884031,5726850.0,6401623.0,balanced:endgame_exact_hybrid,164626.0,5,0.0,0.0,0.0,0.0,200814.0,0.5977569581009448,8.931818181818182,0.282915,528729.0,0.0,0.52265,0.0,0,36.99908241326921,0,ended_with_n,78.31934104207903,D10000_seed1_balanced_endgame_exact_hybrid_vs_beam_alpha_beta,1000,300.0,1000,balanced,0,/Users/onumagakuto/Documents/最強しりとり/shiritori_ai/data/dictionaries/D10000_L2-12_seed1.runtime.json,beam_alpha_beta,0.31215005116113886,6063988.0,6802284.0,balanced:beam_alpha_beta,177608.0,7,0.0,0.0,0.0,0.0,227678.0,0.6184635839890689,8.93939393939394,0.32555449999999997,587643.0,0.0,0.524345,0.0,0,41.20380675327033,0e2a353cf636b87b9d894c0bc8c6c36eabfe34874873788f671c13af60a9a07d,tune,264,264,first
d7ab76ddfa00239c45957f8a2264fcc8f4efe898,10000,f7feddf87127e40bde1a535f59cac947714438dc1e954782a6d8ce39feaff155,00ebc1cac9dd741110af9ac9d2df615d6c05ca991919c4f06c178a9ef7a4ac28,1,2f01dfdf19b0f16158714660cf781185c79c4f9500d946201995b5169342095f,beam_alpha_beta,0.17000141544061084,5693823.0,6379694.0,balanced:beam_alpha_beta,170145.0,1,0.0,0.0,0.0,0.0,171713.0,0.5399927920661867,8.990147783251231,0.147667,504799.0,0.0,0.36935,0.0,0,34.510287334444,0,ended_with_n,70.66278087510727,D10000_seed1_balanced_beam_alpha_beta_vs_endgame_exact_hybrid,1000,300.0,1000,balanced,0,/Users/onumagakuto/Documents/最強しりとり/shiritori_ai/data/dictionaries/D10000_L2-12_seed1.runtime.json,endgame_exact_hybrid,0.17813035440377634,5807836.0,6509054.0,balanced:endgame_exact_hybrid,170767.0,1,0.0,0.0,0.0,0.0,179354.0,0.5058605000376701,8.990099009900991,0.15234150000000002,519297.0,0.0,0.362542,0.0,0,35.98233158956282,0e2a353cf636b87b9d894c0bc8c6c36eabfe34874873788f671c13af60a9a07d,tune,405,405,second
d7ab76ddfa00239c45957f8a2264fcc8f4efe898,10000,f7feddf87127e40bde1a535f59cac947714438dc1e954782a6d8ce39feaff155,00ebc1cac9dd741110af9ac9d2df615d6c05ca991919c4f06c178a9ef7a4ac28,1,2f01dfdf19b0f16158714660cf781185c79c4f9500d946201995b5169342095f,integrated_adaptive_hybrid,0.42686597909778357,675.0,686879.0,balanced:integrated_adaptive_hybrid,16608.0,15,0.0,0.0,0.0,0.0,52594.0,1.00016558310017,4.923076923076923,0.2888595,73767.0,52366.0,1.000025,243.0,3,11.098515456542373,0,ended_with_n,19.173091958044097,D10000_seed1_balanced_integrated_adaptive_hybrid_vs_beam_alpha_beta,1000,300.0,1000,balanced,0,/Users/onumagakuto/Documents/最強しりとり/shiritori_ai/data/dictionaries/D10000_L2-12_seed1.runtime.json,beam_alpha_beta,0.32206400332041085,1186150.0,1320993.0,balanced:beam_alpha_beta,34405.0,5,0.0,0.0,0.0,0.0,37577.0,0.8525288330856711,8.76,0.31174,103417.0,0.0,0.663315,0.0,0,8.051600083010271,0e2a353cf636b87b9d894c0bc8c6c36eabfe34874873788f671c13af60a9a07d,tune,51,51,second
d7ab76ddfa00239c45957f8a2264fcc8f4efe898,10000,f7feddf87127e40bde1a535f59cac947714438dc1e954782a6d8ce39feaff155,00ebc1cac9dd741110af9ac9d2df615d6c05ca991919c4f06c178a9ef7a4ac28,1,2f01dfdf19b0f16158714660cf781185c79c4f9500d946201995b5169342095f,beam_alpha_beta,0.16403316797047693,2451879.0,2738861.0,balanced:beam_alpha_beta,70322.0,3,0.0,0.0,0.0,0.0,73550.0,0.7582115831319243,8.956989247311828,0.092171,212935.0,0.0,0.43485,0.0,0,15.255084621254355,0,ended_with_n,54.78139070793986,D10000_seed1_balanced_beam_alpha_beta_vs_integrated_adaptive_hybrid,1000,300.0,1000,balanced,0,/Users/onumagakuto/Documents/最強しりとり/shiritori_ai/data/dictionaries/D10000_L2-12_seed1.runtime.json,integrated_adaptive_hybrid,0.4241587844657241,1325.0,2974076.0,balanced:integrated_adaptive_hybrid,72449.0,42,0.0,0.0,0.0,0.0,191670.0,1.000028416980058,5.086021505376344,0.353836,285931.0,169645.0,1.000023,851.0,12,39.44676695531234,0e2a353cf636b87b9d894c0bc8c6c36eabfe34874873788f671c13af60a9a07d,tune,186,186,first
d7ab76ddfa00239c45957f8a2264fcc8f4efe898,10000,f7feddf87127e40bde1a535f59cac947714438dc1e954782a6d8ce39feaff155,00ebc1cac9dd741110af9ac9d2df615d6c05ca991919c4f06c178a9ef7a4ac28,1,2f01dfdf19b0f16158714660cf781185c79c4f9500d946201995b5169342095f,branch_switch_alpha_beta,0.27614459370538086,914643.0,1458315.0,aggressive:branch_switch_alpha_beta,36320.0,13,0.0,0.0,0.0,0.0,63400.0,1.0001667919568717,8.386363636363637,0.1685625,127323.0,0.0,1.00014,0.0,6,12.150362123036757,0,ended_with_n,20.648015375016257,D10000_seed1_aggressive_branch_switch_alpha_beta_vs_beam_alpha_beta,1000,300.0,1000,aggressive,0,/Users/onumagakuto/Documents/最強しりとり/shiritori_ai/data/dictionaries/D10000_L2-12_seed1.runtime.json,beam_alpha_beta,0.19217528688022867,1241566.0,1383098.0,aggressive:beam_alpha_beta,35046.0,1,0.0,0.0,0.0,0.0,39119.0,0.4994170409627259,8.954545454545455,0.1851825,107716.0,0.0,0.450167,0.0,0,8.455712622730061,0e2a353cf636b87b9d894c0bc8c6c36eabfe34874873788f671c13af60a9a07d,tune,88,88,first
d7ab76ddfa00239c45957f8a2264fcc8f4efe898,10000,f7feddf87127e40bde1a535f59cac947714438dc1e954782a6d8ce39feaff155,00ebc1cac9dd741110af9ac9d2df615d6c05ca991919c4f06c178a9ef7a4ac28,1,2f01dfdf19b0f16158714660cf781185c79c4f9500d946201995b5169342095f,beam_alpha_beta,0.24779422036494667,1037834.0,1143116.0,aggressive:beam_alpha_beta,25456.0,3,0.0,0.0,0.0,0.0,29841.0,0.666710332967341,8.894736842105264,0.230504,80231.0,0.0,0.469566,0.0,0,9.416180373867974,0,ended_with_n,22.417068041861057,D10000_seed1_aggressive_beam_alpha_beta_vs_branch_switch_alpha_beta,1000,300.0,1000,aggressive,0,/Users/onumagakuto/Documents/最強しりとり/shiritori_ai/data/dictionaries/D10000_L2-12_seed1.runtime.json,branch_switch_alpha_beta,0.3412138617438215,477859.0,1072663.0,aggressive:branch_switch_alpha_beta,24890.0,13,0.0,0.0,0.0,0.0,52428.0,1.0001330829691142,7.447368421052632,0.2389665,97012.0,0.0,1.000129,0.0,6,12.966126746265218,0e2a353cf636b87b9d894c0bc8c6c36eabfe34874873788f671c13af60a9a07d,tune,76,76,first
d7ab76ddfa00239c45957f8a2264fcc8f4efe898,10000,f7feddf87127e40bde1a535f59cac947714438dc1e954782a6d8ce39feaff155,00ebc1cac9dd741110af9ac9d2df615d6c05ca991919c4f06c178a9ef7a4ac28,1,2f01dfdf19b0f16158714660cf781185c79c4f9500d946201995b5169342095f,dynamic_beam_alpha_beta,0.4136289050369415,2522.0,1654116.0,aggressive:dynamic_beam_alpha_beta,38097.0,20,0.0,0.0,0.0,0.0,130681.0,1.000054792035371,5.604651162790698,0.38332,184143.0,0.0,1.000029,0.0,4,17.786042916588485,0,ended_with_n,25.787107750074938,D10000_seed1_aggressive_dynamic_beam_alpha_beta_vs_beam_alpha_beta,1000,300.0,1000,aggressive,0,/Users/onumagakuto/Documents/最強しりとり/shiritori_ai/data/dictionaries/D10000_L2-12_seed1.runtime.json,beam_alpha_beta,0.18972103776676313,1231304.0,1360581.0,aggressive:beam_alpha_beta,30873.0,1,0.0,0.0,0.0,0.0,37415.0,0.42156579182483256,8.952380952380953,0.18773499999999999,99520.0,0.0,0.366646,0.0,0,7.968283586204052,0e2a353cf636b87b9d894c0bc8c6c36eabfe34874873788f671c13af60a9a07d,tune,85,85,second
d7ab76ddfa00239c45957f8a2264fcc8f4efe898,10000,f7feddf87127e40bde1a535f59cac947714438dc1e954782a6d8ce39feaff155,00ebc1cac9dd741110af9ac9d2df615d6c05ca991919c4f06c178a9ef7a4ac28,1,2f01dfdf19b0f16158714660cf781185c79c4f9500d946201995b5169342095f,beam_alpha_beta,0.12849752488546073,458910.0,504797.0,aggressive:beam_alpha_beta,10944.0,1,0.0,0.0,0.0,0.0,12239.0,0.25333754206076264,8.9,0.138567,34066.0,0.0,0.20204,0.0,0,2.5699504977092147,0,ended_with_n,11.112794457934797,D10000_seed1_aggressive_beam_alpha_beta_vs_dynamic_beam_alpha_beta,1000,300.0,1000,aggressive,0,/Users/onumagakuto/Documents/最強しりとり/shiritori_ai/data/dictionaries/D10000_L2-12_seed1.runtime.json,dynamic_beam_alpha_beta,0.4263866937253624,1.0,785397.0,aggressive:dynamic_beam_alpha_beta,17767.0,10,0.0,0.0,0.0,0.0,60824.0,1.0000415828544647,5.8,0.33454300000000003,86641.0,0.0,1.000037,0.0,5,8.527733874507248,0e2a353cf636b87b9d894c0bc8c6c36eabfe34874873788f671c13af60a9a07d,tune,40,40,first
d7ab76ddfa00239c45957f8a2264fcc8f4efe898,10000,f7feddf87127e40bde1a535f59cac947714438dc1e954782a6d8ce39feaff155,00ebc1cac9dd741110af9ac9d2df615d6c05ca991919c4f06c178a9ef7a4ac28,1,2f01dfdf19b0f16158714660cf781185c79c4f9500d946201995b5169342095f,dynamic_beam_pvs,0.4041268851608038,3051.0,1987573.0,aggressive:dynamic_beam_pvs,47946.0,20,0.0,0.0,0.0,0.0,121880.0,1.0000486250501126,5.5777777777777775,0.337044,184292.0,121833.0,1.000029,381.0,5,18.18570983223617,0,ended_with_n,24.542005749884993,D10000_seed1_aggressive_dynamic_beam_pvs_vs_beam_alpha_beta,1000,300.0,1000,aggressive,0,/Users/onumagakuto/Documents/最強しりとり/shiritori_ai/data/dictionaries/D10000_L2-12_seed1.runtime.json,beam_alpha_beta,0.14364606913560155,1141296.0,1257530.0,aggressive:beam_alpha_beta,28643.0,3,0.0,0.0,0.0,0.0,29170.0,0.7415425840299577,8.909090909090908,0.137854,85278.0,0.0,0.27129,0.0,0,6.320427041966468,0e2a353cf636b87b9d894c0bc8c6c36eabfe34874873788f671c13af60a9a07d,tune,89,89,second
d7ab76ddfa00239c45957f8a2264fcc8f4efe898,10000,f7feddf87127e40bde1a535f59cac947714438dc1e954782a6d8ce39feaff155,00ebc1cac9dd741110af9ac9d2df615d6c05ca991919c4f06c178a9ef7a4ac28,1,2f01dfdf19b0f16158714660cf781185c79c4f9500d946201995b5169342095f,beam_alpha_beta,0.1261839083977975,448537.0,493520.0,aggressive:beam_alpha_beta,10765.0,1,0.0,0.0,0.0,0.0,11884.0,0.24803445884026587,8.9,0.142981,33246.0,0.0,0.21125,0.0,0,2.52367816795595,0,ended_with_n,10.292580250184983,D10000_seed1_aggressive_beam_alpha_beta_vs_dynamic_beam_pvs,1000,300.0,1000,aggressive,0,/Users/onumagakuto/Documents/最強しりとり/shiritori_ai/data/dictionaries/D10000_L2-12_seed1.runtime.json,dynamic_beam_pvs,0.387698239646852,1.0,835393.0,aggressive:dynamic_beam_pvs,19661.0,10,0.0,0.0,0.0,0.0,53737.0,1.000052458839491,5.85,0.19129400000000002,80507.0,53834.0,1.000037,130.0,5,7.75396479293704,0e2a353cf636b87b9d894c0bc8c6c36eabfe34874873788f671c13af60a9a07d,tune,40,40,first
d7ab76ddfa00239c45957f8a2264fcc8f4efe898,10000,f7feddf87127e40bde1a535f59cac947714438dc1e954782a6d8ce39feaff155,00ebc1cac9dd741110af9ac9d2df615d6c05ca991919c4f06c178a9ef7a4ac28,1,2f01dfdf19b0f16158714660cf781185c79c4f9500d946201995b5169342095f,research_adaptive_beam,0.3992509451888812,943.0,2057464.0,aggressive:research_adaptive_beam,49670.0,27,0.0,0.0,0.0,0.0,123571.0,1.0001025409437716,5.2,0.34324350000000003,187927.0,127336.0,1.000021,533.0,6,23.955056711332873,0,ended_with_n,33.88834449998103,D10000_seed1_aggressive_research_adaptive_beam_vs_beam_alpha_beta,1000,300.0,1000,aggressive,0,/Users/onumagakuto/Documents/最強しりとり/shiritori_ai/data/dictionaries/D10000_L2-12_seed1.runtime.json,beam_alpha_beta,0.16825437715861125,1739875.0,1938921.0,aggressive:beam_alpha_beta,49332.0,3,0.0,0.0,0.0,0.0,47667.0,0.6257282921578735,8.932203389830509,0.086758,145841.0,0.0,0.46447,0.0,0,9.927008252358064,0e2a353cf636b87b9d894c0bc8c6c36eabfe34874873788f671c13af60a9a07d,tune,119,119,second
d7ab76ddfa00239c45957f8a2264fcc8f4efe898,10000,f7feddf87127e40bde1a535f59cac947714438dc1e954782a6d8ce39feaff155,00ebc1cac9dd741110af9ac9d2df615d6c05ca991919c4f06c178a9ef7a4ac28,1,2f01dfdf19b0f16158714660cf781185c79c4f9500d946201995b5169342095f,beam_alpha_beta,0.19884137167154173,1206431.0,1339418.0,aggressive:beam_alpha_beta,33335.0,3,0.0,0.0,0.0,0.0,35595.0,0.6011406660545617,8.894736842105264,0.17633749999999998,100020.0,0.0,0.496407,0.0,0,7.555972123518586,0,ended_with_n,23.224613457918167,D10000_seed1_aggressive_beam_alpha_beta_vs_research_adaptive_beam,1000,300.0,1000,aggressive,0,/Users/onumagakuto/Documents/最強しりとり/shiritori_ai/data/dictionaries/D10000_L2-12_seed1.runtime.json,research_adaptive_beam,0.41219743436177897,434.0,910287.0,aggressive:research_adaptive_beam,21895.0,19,0.0,0.0,0.0,0.0,59680.0,1.0001566670835018,5.342105263157895,0.337075,88513.0,54629.0,1.000029,186.0,6,15.663502505747601,0e2a353cf636b87b9d894c0bc8c6c36eabfe34874873788f671c13af60a9a07d,tune,76,76,first
d7ab76ddfa00239c45957f8a2264fcc8f4efe898,10000,f7feddf87127e40bde1a535f59cac947714438dc1e954782a6d8ce39feaff155,00ebc1cac9dd741110af9ac9d2df615d6c05ca991919c4f06c178a9ef7a4ac28,1,2f01dfdf19b0f16158714660cf781185c79c4f9500d946201995b5169342095f,endgame_exact_hybrid,0.17264942263064934,5693823.0,6379693.0,aggressive:endgame_exact_hybrid,170145.0,1,0.0,0.0,0.0,0.0,171713.0,0.5483168330974877,8.945812807881774,0.154042,504800.0,0.0,0.394021,0.0,0,35.047832794021815,0,ended_with_n,71.13494620798156,D10000_seed1_aggressive_endgame_exact_hybrid_vs_beam_alpha_beta,1000,300.0,1000,aggressive,0,/Users/onumagakuto/Documents/最強しりとり/shiritori_ai/data/dictionaries/D10000_L2-12_seed1.runtime.json,beam_alpha_beta,0.1778285152354914,5807836.0,6509054.0,aggressive:beam_alpha_beta,170767.0,1,0.0,0.0,0.0,0.0,179354.0,0.558899583062157,8.990099009900991,0.1478065,519297.0,0.0,0.394024,0.0,0,35.92136007756926,0e2a353cf636b87b9d894c0bc8c6c36eabfe34874873788f671c13af60a9a07d,tune,405,405,second
d7ab76ddfa00239c45957f8a2264fcc8f4efe898,10000,f7feddf87127e40bde1a535f59cac947714438dc1e954782a6d8ce39feaff155,00ebc1cac9dd741110af9ac9d2df615d6c05ca991919c4f06c178a9ef7a4ac28,1,2f01dfdf19b0f16158714660cf781185c79c4f9500d946201995b5169342095f,beam_alpha_beta,0.17571499628092854,5693823.0,6379694.0,aggressive:beam_alpha_beta,170145.0,1,0.0,0.0,0.0,0.0,171713.0,0.5242713750340044,8.990147783251231,0.160984,504799.0,0.0,0.38123,0.0,0,35.670144245028496,0,ended_with_n,72.5975895409938,D10000_seed1_aggressive_beam_alpha_beta_vs_endgame_exact_hybrid,1000,300.0,1000,aggressive,0,/Users/onumagakuto/Documents/最強しりとり/shiritori_ai/data/dictionaries/D10000_L2-12_seed1.runtime.json,endgame_exact_hybrid,0.18195721518368194,5807836.0,6509054.0,aggressive:endgame_exact_hybrid,170767.0,1,0.0,0.0,0.0,0.0,179354.0,0.5274006659165025,8.990099009900991,0.16144399999999998,519297.0,0.0,0.385749,0.0,0,36.75535746710375,0e2a353cf636b87b9d894c0bc8c6c36eabfe34874873788f671c13af60a9a07d,tune,405,405,second
d7ab76ddfa00239c45957f8a2264fcc8f4efe898,10000,f7feddf87127e40bde1a535f59cac947714438dc1e954782a6d8ce39feaff155,00ebc1cac9dd741110af9ac9d2df615d6c05ca991919c4f06c178a9ef7a4ac28,1,2f01dfdf19b0f16158714660cf781185c79c4f9500d946201995b5169342095f,integrated_adaptive_hybrid,0.41182093972364736,629.0,973639.0,aggressive:integrated_adaptive_hybrid,23299.0,17,0.0,0.0,0.0,0.0,65152.0,1.000112249981612,5.315789473684211,0.3370045,96721.0,60846.0,1.000024,191.0,5,15.6491957094986,0,ended_with_n,22.523333749966696,D10000_seed1_aggressive_integrated_adaptive_hybrid_vs_beam_alpha_beta,1000,300.0,1000,aggressive,0,/Users/onumagakuto/Documents/最強しりとり/shiritori_ai/data/dictionaries/D10000_L2-12_seed1.runtime.json,beam_alpha_beta,0.18488072077240292,1032853.0,1150894.0,aggressive:beam_alpha_beta,29790.0,5,0.0,0.0,0.0,0.0,30765.0,0.8095564590767026,8.837837837837839,0.11373,88264.0,0.0,0.612047,0.0,0,6.840586668578908,0e2a353cf636b87b9d894c0bc8c6c36eabfe34874873788f671c13af60a9a07d,tune,75,75,second
d7ab76ddfa00239c45957f8a2264fcc8f4efe898,10000,f7feddf87127e40bde1a535f59cac947714438dc1e954782a6d8ce39feaff155,00ebc1cac9dd741110af9ac9d2df615d6c05ca991919c4f06c178a9ef7a4ac28,1,2f01dfdf19b0f16158714660cf781185c79c4f9500d946201995b5169342095f,beam_alpha_beta,0.22615036655175078,1336532.0,1467040.0,aggressive:beam_alpha_beta,31882.0,3,0.0,0.0,0.0,0.0,36293.0,0.616387375164777,8.909090909090908,0.21034550000000002,98845.0,0.0,0.388804,0.0,0,9.950616128277034,0,ended_with_n,28.230992041993886,D10000_seed1_aggressive_beam_alpha_beta_vs_integrated_adaptive_hybrid,1000,300.0,1000,aggressive,0,/Users/onumagakuto/Documents/最強しりとり/shiritori_ai/data/dictionaries/D10000_L2-12_seed1.runtime.json,integrated_adaptive_hybrid,0.4145213342007165,286.0,972471.0,aggressive:integrated_adaptive_hybrid,23346.0,25,0.0,0.0,0.0,0.0,59365.0,1.0000390419736505,5.181818181818182,0.251158,89820.0,42692.0,1.000023,227.0,7,18.238938704831526,0e2a353cf636b87b9d894c0bc8c6c36eabfe34874873788f671c13af60a9a07d,tune,88,88,first
d7ab76ddfa00239c45957f8a2264fcc8f4efe898,10000,59edaee16af2b20642c56fa4bb9a8c35595ca110b1af4b4e9ca87dc6ac356675,0824de995be4df8286e04f923f31fd74155137b5eb25a6870a0541b2726977f6,2,2f01dfdf19b0f16158714660cf781185c79c4f9500d946201995b5169342095f,branch_switch_alpha_beta,0.34709073661776657,1691061.0,2298655.0,conservative:branch_switch_alpha_beta,62511.0,21,0.0,0.0,0.0,0.0,86976.0,1.0000635420437902,8.25,0.283051,196164.0,0.0,1.000039,0.0,6,19.43708125059493,0,ended_with_n,36.38117087492719,D10000_seed2_conservative_branch_switch_alpha_beta_vs_beam_alpha_beta,2000,300.0,1000,conservative,0,/Users/onumagakuto/Documents/最強しりとり/shiritori_ai/data/dictionaries/D10000_L2-12_seed2.runtime.json,beam_alpha_beta,0.3016540543508849,2071994.0,2312239.0,conservative:beam_alpha_beta,62827.0,11,0.0,0.0,0.0,0.0,71469.0,1.0000393749214709,8.625,0.2941065,188268.0,0.0,0.63326,0.0,1,16.892627043649554,0e2a353cf636b87b9d894c0bc8c6c36eabfe34874873788f671c13af60a9a07d,tune,112,112,first
d7ab76ddfa00239c45957f8a2264fcc8f4efe898,10000,59edaee16af2b20642c56fa4bb9a8c35595ca110b1af4b4e9ca87dc6ac356675,0824de995be4df8286e04f923f31fd74155137b5eb25a6870a0541b2726977f6,2,2f01dfdf19b0f16158714660cf781185c79c4f9500d946201995b5169342095f,beam_alpha_beta,0.2725182702745991,3241792.0,3558113.0,conservative:beam_alpha_beta,74752.0,1,0.0,0.0,0.0,0.0,99920.0,0.5561623750254512,8.95945945945946,0.2840565,253255.0,0.0,0.413699,0.0,0,20.16635200032033,0,ended_with_n,45.784612958086655,D10000_seed2_conservative_beam_alpha_beta_vs_branch_switch_alpha_beta,2000,300.0,1000,conservative,0,/Users/onumagakuto/Documents/最強しりとり/shiritori_ai/data/dictionaries/D10000_L2-12_seed2.runtime.json,branch_switch_alpha_beta,0.3453898587345926,2424369.0,3689182.0,conservative:branch_switch_alpha_beta,80041.0,21,0.0,0.0,0.0,0.0,135699.0,1.0000385830644518,8.243243243243244,0.277459,279762.0,0.0,1.000035,0.0,9,25.558849546359852,0e2a353cf636b87b9d894c0bc8c6c36eabfe34874873788f671c13af60a9a07d,tune,148,148,first
d7ab76ddfa00239c45957f8a2264fcc8f4efe898,10000,59edaee16af2b20642c56fa4bb9a8c35595ca110b1af4b4e9ca87dc6ac356675,0824de995be4df8286e04f923f31fd74155137b5eb25a6870a0541b2726977f6,2,2f01dfdf19b0f16158714660cf781185c79c4f9500d946201995b5169342095f,dynamic_beam_alpha_beta,0.4055479857806032,2989.0,1464920.0,conservative:dynamic_beam_alpha_beta,34832.0,23,0.0,0.0,0.0,0.0,125852.0,1.0000472078099847,5.113636363636363,0.276552,171441.0,0.0,1.00003,0.0,6,17.84411137434654,0,ended_with_n,25.503512624884024,D10000_seed2_conservative_dynamic_beam_alpha_beta_vs_beam_alpha_beta,2000,300.0,1000,conservative,0,/Users/onumagakuto/Documents/最強しりとり/shiritori_ai/data/dictionaries/D10000_L2-12_seed2.runtime.json,beam_alpha_beta,0.17731097479199254,1252057.0,1386130.0,conservative:beam_alpha_beta,34157.0,3,0.0,0.0,0.0,0.0,36120.0,0.6061824169009924,8.906976744186046,0.124223,101009.0,0.0,0.490212,0.0,0,7.624371916055679,0e2a353cf636b87b9d894c0bc8c6c36eabfe34874873788f671c13af60a9a07d,tune,87,87,second
d7ab76ddfa00239c45957f8a2264fcc8f4efe898,10000,59edaee16af2b20642c56fa4bb9a8c35595ca110b1af4b4e9ca87dc6ac356675,0824de995be4df8286e04f923f31fd74155137b5eb25a6870a0541b2726977f6,2,2f01dfdf19b0f16158714660cf781185c79c4f9500d946201995b5169342095f,beam_alpha_beta,0.17468175155003196,1284339.0,1411913.0,conservative:beam_alpha_beta,31459.0,1,0.0,0.0,0.0,0.0,33173.0,0.3776093749329448,8.942307692307692,0.19858949999999997,94748.0,0.0,0.354152,0.0,0,9.083451080601662,0,ended_with_n,31.417917791986838,D10000_seed2_conservative_beam_alpha_beta_vs_dynamic_beam_alpha_beta,2000,300.0,1000,conservative,0,/Users/onumagakuto/Documents/最強しりとり/shiritori_ai/data/dictionaries/D10000_L2-12_seed2.runtime.json,dynamic_beam_alpha_beta,0.4286046491201537,861.0,1522861.0,conservative:dynamic_beam_alpha_beta,36403.0,15,0.0,0.0,0.0,0.0,123314.0,1.0001333330292255,5.134615384615385,0.3954415,173655.0,0.0,1.000034,0.0,4,22.287441754247993,0e2a353cf636b87b9d894c0bc8c6c36eabfe34874873788f671c13af60a9a07d,tune,104,104,first
d7ab76ddfa00239c45957f8a2264fcc8f4efe898,10000,59edaee16af2b20642c56fa4bb9a8c35595ca110b1af4b4e9ca87dc6ac356675,0824de995be4df8286e04f923f31fd74155137b5eb25a6870a0541b2726977f6,2,2f01dfdf19b0f16158714660cf781185c79c4f9500d946201995b5169342095f,dynamic_beam_pvs,0.42904794580147915,2703.0,895677.0,conservative:dynamic_beam_pvs,21713.0,15,0.0,0.0,0.0,0.0,80489.0,1.000059749931097,5.1,0.3097575,109142.0,80368.0,1.000034,292.0,6,12.871438374044374,0,ended_with_n,20.342232374940068,D10000_seed2_conservative_dynamic_beam_pvs_vs_beam_alpha_beta,2000,300.0,1000,conservative,0,/Users/onumagakuto/Documents/最強しりとり/shiritori_ai/data/dictionaries/D10000_L2-12_seed2.runtime.json,beam_alpha_beta,0.25669218242521685,1049526.0,1166106.0,conservative:beam_alpha_beta,28904.0,1,0.0,0.0,0.0,0.0,34216.0,0.5473427909892052,8.931034482758621,0.22901,90781.0,0.0,0.546656,0.0,0,7.444073290331289,0e2a353cf636b87b9d894c0bc8c6c36eabfe34874873788f671c13af60a9a07d,tune,59,59,second
d7ab76ddfa00239c45957f8a2264fcc8f4efe898,10000,59edaee16af2b20642c56fa4bb9a8c35595ca110b1af4b4e9ca87dc6ac356675,0824de995be4df8286e04f923f31fd74155137b5eb25a6870a0541b2726977f6,2,2f01dfdf19b0f16158714660cf781185c79c4f9500d946201995b5169342095f,beam_alpha_beta,0.1642709782590037,1372177.0,1504063.0,conservative:beam_alpha_beta,32278.0,1,0.0,0.0,0.0,0.0,35926.0,0.36410075007006526,8.956521739130435,0.1765065,99403.0,0.0,0.292218,0.0,0,7.556464999914169,0,ended_with_n,28.31245454098098,D10000_seed2_conservative_beam_alpha_beta_vs_dynamic_beam_pvs,2000,300.0,1000,conservative,0,/Users/onumagakuto/Documents/最強しりとり/shiritori_ai/data/dictionaries/D10000_L2-12_seed2.runtime.json,dynamic_beam_pvs,0.46049321306765906,725.0,1979611.0,conservative:dynamic_beam_pvs,47224.0,19,0.0,0.0,0.0,0.0,130679.0,1.0000353339128196,5.333333333333333,0.386644,194405.0,130777.0,1.000029,517.0,8,20.72219458804466,0e2a353cf636b87b9d894c0bc8c6c36eabfe34874873788f671c13af60a9a07d,tune,91,91,second
d7ab76ddfa00239c45957f8a2264fcc8f4efe898,10000,59edaee16af2b20642c56fa4bb9a8c35595ca110b1af4b4e9ca87dc6ac356675,0824de995be4df8286e04f923f31fd74155137b5eb25a6870a0541b2726977f6,2,2f01dfdf19b0f16158714660cf781185c79c4f9500d946201995b5169342095f,research_adaptive_beam,0.4395852264527592,1012.0,1921541.0,conservative:research_adaptive_beam,47019.0,32,0.0,0.0,0.0,0.0,135216.0,1.00010308297351,5.338709677419355,0.353713,196804.0,129471.0,1.000024,619.0,7,27.25428404007107,0,ended_with_n,39.3410998750478,D10000_seed2_conservative_research_adaptive_beam_vs_beam_alpha_beta,2000,300.0,1000,conservative,0,/Users/onumagakuto/Documents/最強しりとり/shiritori_ai/data/dictionaries/D10000_L2-12_seed2.runtime.json,beam_alpha_beta,0.19803451639829112,2052766.0,2277431.0,conservative:beam_alpha_beta,54324.0,1,0.0,0.0,0.0,0.0,64844.0,0.4612321248278022,8.967213114754099,0.234664,173661.0,0.0,0.419928,0.0,0,12.080105500295758,0e2a353cf636b87b9d894c0bc8c6c36eabfe34874873788f671c13af60a9a07d,tune,123,123,second
d7ab76ddfa00239c45957f8a2264fcc8f4efe898,10000,59edaee16af2b20642c56fa4bb9a8c35595ca110b1af4b4e9ca87dc6ac356675,0824de995be4df8286e04f923f31fd74155137b5eb25a6870a0541b2726977f6,2,2f01dfdf19b0f16158714660cf781185c79c4f9500d946201995b5169342095f,beam_alpha_beta,0.22590956414697339,1188529.0,1324509.0,conservative:beam_alpha_beta,34424.0,5,0.0,0.0,0.0,0.0,40904.0,1.093078790931031,8.675675675675675,0.164159,106812.0,0.0,0.605089,0.0,1,8.358653873438016,0,ended_with_n,23.264531416120008,D10000_seed2_conservative_beam_alpha_beta_vs_research_adaptive_beam,2000,300.0,1000,conservative,0,/Users/onumagakuto/Documents/最強しりとり/shiritori_ai/data/dictionaries/D10000_L2-12_seed2.runtime.json,research_adaptive_beam,0.402729370486545,397.0,698739.0,conservative:research_adaptive_beam,16870.0,22,0.0,0.0,0.0,0.0,51302.0,1.0072031251620501,5.297297297297297,0.227798,74308.0,45697.0,1.000083,154.0,8,14.900986708002165,0e2a353cf636b87b9d894c0bc8c6c36eabfe34874873788f671c13af60a9a07d,tune,74,74,first
d7ab76ddfa00239c45957f8a2264fcc8f4efe898,10000,59edaee16af2b20642c56fa4bb9a8c35595ca110b1af4b4e9ca87dc6ac356675,0824de995be4df8286e04f923f31fd74155137b5eb25a6870a0541b2726977f6,2,2f01dfdf19b0f16158714660cf781185c79c4f9500d946201995b5169342095f,endgame_exact_hybrid,0.367741912542244,3575162.0,4033387.0,conservative:endgame_exact_hybrid,113701.0,39,0.0,0.0,0.0,0.0,105747.0,0.8939466250594705,7.575418994413408,0.389211,324321.0,0.0,0.629037,0.0,0,65.82580234506167,0,ended_with_n,130.617571832845,D10000_seed2_conservative_endgame_exact_hybrid_vs_beam_alpha_beta,2000,300.0,1000,conservative,0,/Users/onumagakuto/Documents/最強しりとり/shiritori_ai/data/dictionaries/D10000_L2-12_seed2.runtime.json,beam_alpha_beta,0.36090703649195227,3366172.0,3798593.0,conservative:beam_alpha_beta,106093.0,47,0.0,0.0,0.0,0.0,101548.0,1.0003654591273516,7.674157303370786,0.35073,307530.0,0.0,0.656751,0.0,1,64.2414524955675,0e2a353cf636b87b9d894c0bc8c6c36eabfe34874873788f671c13af60a9a07d,tune,357,357,second
d7ab76ddfa00239c45957f8a2264fcc8f4efe898,10000,59edaee16af2b20642c56fa4bb9a8c35595ca110b1af4b4e9ca87dc6ac356675,0824de995be4df8286e04f923f31fd74155137b5eb25a6870a0541b2726977f6,2,2f01dfdf19b0f16158714660cf781185c79c4f9500d946201995b5169342095f,beam_alpha_beta,0.4025912369993007,2759872.0,3076875.0,conservative:beam_alpha_beta,77354.0,35,0.0,0.0,0.0,0.0,86538.0,1.0002233749255538,6.8352272727272725,0.405679,232421.0,0.0,0.695198,0.0,1,70.85605771187693,0,ended_with_n,139.3772041250486,D10000_seed2_conservative_beam_alpha_beta_vs_endgame_exact_hybrid,2000,300.0,1000,conservative,0,/Users/onumagakuto/Documents/最強しりとり/shiritori_ai/data/dictionaries/D10000_L2-12_seed2.runtime.json,endgame_exact_hybrid,0.38857966456030096,2675773.0,2983746.0,conservative:endgame_exact_hybrid,75985.0,53,0.0,0.0,0.0,0.0,85007.0,1.0001624168362468,6.862857142857143,0.371263,226272.0,0.0,0.679781,0.0,1,68.00144129805267,0e2a353cf636b87b9d894c0bc8c6c36eabfe34874873788f671c13af60a9a07d,tune,351,351,second
d7ab76ddfa00239c45957f8a2264fcc8f4efe898,10000,59edaee16af2b20642c56fa4bb9a8c35595ca110b1af4b4e9ca87dc6ac356675,0824de995be4df8286e04f923f31fd74155137b5eb25a6870a0541b2726977f6,2,2f01dfdf19b0f16158714660cf781185c79c4f9500d946201995b5169342095f,integrated_adaptive_hybrid,0.4237534457584843,665.0,327821.0,conservative:integrated_adaptive_hybrid,7962.0,35,0.0,0.0,0.0,0.0,38241.0,1.0008548330515623,3.65,0.2629435,48836.0,29947.0,1.000106,212.0,8,25.42520674550906,0,ended_with_n,45.64871624996886,D10000_seed2_conservative_integrated_adaptive_hybrid_vs_beam_alpha_beta,2000,300.0,1000,conservative,0,/Users/onumagakuto/Documents/最強しりとり/shiritori_ai/data/dictionaries/D10000_L2-12_seed2.runtime.json,beam_alpha_beta,0.33986597743390473,983425.0,1096158.0,conservative:beam_alpha_beta,26766.0,7,0.0,0.0,0.0,0.0,25507.0,0.9379578339867294,7.9491525423728815,0.308444,78773.0,0.0,0.591485,0.0,0,20.05209266860038,0e2a353cf636b87b9d894c0bc8c6c36eabfe34874873788f671c13af60a9a07d,tune,119,119,second
d7ab76ddfa00239c45957f8a2264fcc8f4efe898,10000,59edaee16af2b20642c56fa4bb9a8c35595ca110b1af4b4e9ca87dc6ac356675,0824de995be4df8286e04f923f31fd74155137b5eb25a6870a0541b2726977f6,2,2f01dfdf19b0f16158714660cf781185c79c4f9500d946201995b5169342095f,beam_alpha_beta,0.38958568121407827,684116.0,767586.0,conservative:beam_alpha_beta,20221.0,17,0.0,0.0,0.0,0.0,25640.0,1.0002574999816716,6.978260869565218,0.367379,64270.0,0.0,0.735684,0.0,1,17.9209413358476,0,ended_with_n,37.08213550015353,D10000_seed2_conservative_beam_alpha_beta_vs_integrated_adaptive_hybrid,2000,300.0,1000,conservative,0,/Users/onumagakuto/Documents/最強しりとり/shiritori_ai/data/dictionaries/D10000_L2-12_seed2.runtime.json,integrated_adaptive_hybrid,0.41335639846511185,611.0,236675.0,conservative:integrated_adaptive_hybrid,5832.0,22,0.0,0.0,0.0,0.0,29739.0,1.0007348749786615,3.4565217391304346,0.3274625,36958.0,26268.0,1.000136,228.0,5,19.014394329395145,0e2a353cf636b87b9d894c0bc8c6c36eabfe34874873788f671c13af60a9a07d,tune,92,92,first
d7ab76ddfa00239c45957f8a2264fcc8f4efe898,10000,59edaee16af2b20642c56fa4bb9a8c35595ca110b1af4b4e9ca87dc6ac356675,0824de995be4df8286e04f923f31fd74155137b5eb25a6870a0541b2726977f6,2,2f01dfdf19b0f16158714660cf781185c79c4f9500d946201995b5169342095f,branch_switch_alpha_beta,0.4322381916985085,1105403.0,1664185.0,balanced:branch_switch_alpha_beta,40601.0,41,0.0,0.0,0.0,0.0,77515.0,1.0003782918211073,5.845454545454546,0.396893,150203.0,0.0,1.000131,0.0,15,47.546201086835936,0,ended_with_n,93.64880554098636,D10000_seed2_balanced_branch_switch_alpha_beta_vs_beam_alpha_beta,2000,300.0,1000,balanced,0,/Users/onumagakuto/Documents/最強しりとり/shiritori_ai/data/dictionaries/D10000_L2-12_seed2.runtime.json,beam_alpha_beta,0.4200901383397366,1781534.0,1986481.0,balanced:beam_alpha_beta,48465.0,30,0.0,0.0,0.0,0.0,65060.0,0.9844983748625964,6.669724770642202,0.409768,159297.0,0.0,0.659815,0.0,0,45.78982507903129,0e2a353cf636b87b9d894c0bc8c6c36eabfe34874873788f671c13af60a9a07d,tune,219,219,second
d7ab76ddfa00239c45957f8a2264fcc8f4efe898,10000,59edaee16af2b20642c56fa4bb9a8c35595ca110b1af4b4e9ca87dc6ac356675,0824de995be4df8286e04f923f31fd74155137b5eb25a6870a0541b2726977f6,2,2f01dfdf19b0f16158714660cf781185c79c4f9500d946201995b5169342095f,beam_alpha_beta,0.33891392928947295,1589833.0,1739748.0,balanced:beam_alpha_beta,34825.0,33,0.0,0.0,0.0,0.0,37443.0,1.000097292009741,7.057142857142857,0.315981,105971.0,0.0,0.674294,0.0,1,35.58596257539466,0,ended_with_n,74.7369554170873,D10000_seed2_balanced_beam_alpha_beta_vs_branch_switch_alpha_beta,2000,300.0,1000,balanced,0,/Users/onumagakuto/Documents/最強しりとり/shiritori_ai/data/dictionaries/D10000_L2-12_seed2.runtime.json,branch_switch_alpha_beta,0.369942528965129,1100813.0,1531238.0,balanced:branch_switch_alpha_beta,31485.0,39,0.0,0.0,0.0,0.0,49566.0,1.0009165829978883,6.59047619047619,0.276777,105867.0,0.0,1.000118,0.0,12,38.84396554133855,0e2a353cf636b87b9d894c0bc8c6c36eabfe34874873788f671c13af60a9a07d,tune,210,210,first
d7ab76ddfa00239c45957f8a2264fcc8f4efe898,10000,59edaee16af2b20642c56fa4bb9a8c35595ca110b1af4b4e9ca87dc6ac356675,0824de995be4df8286e04f923f31fd74155137b5eb25a6870a0541b2726977f6,2,2f01dfdf19b0f16158714660cf781185c79c4f9500d946201995b5169342095f,dynamic_beam_alpha_beta,0.4181488699154792,3175.0,379134.0,balanced:dynamic_beam_alpha_beta,9148.0,20,0.0,0.0,0.0,0.0,31395.0,1.000259374966845,4.2439024390243905,0.350211,43300.0,0.0,1.000181,0.0,5,17.144103666534647,0,ended_with_n,31.008921209024265,D10000_seed2_balanced_dynamic_beam_alpha_beta_vs_beam_alpha_beta,2000,300.0,1000,balanced,0,/Users/onumagakuto/Documents/最強しりとり/shiritori_ai/data/dictionaries/D10000_L2-12_seed2.runtime.json,beam_alpha_beta,0.3350860933977656,534709.0,595873.0,balanced:beam_alpha_beta,14739.0,15,0.0,0.0,0.0,0.0,18712.0,1.0001811671536416,7.512195121951219,0.264391,47232.0,0.0,0.808357,0.0,1,13.73852982930839,0e2a353cf636b87b9d894c0bc8c6c36eabfe34874873788f671c13af60a9a07d,tune,82,82,first
d7ab76ddfa00239c45957f8a2264fcc8f4efe898,10000,59edaee16af2b20642c56fa4bb9a8c35595ca110b1af4b4e9ca87dc6ac356675,0824de995be4df8286e04f923f31fd74155137b5eb25a6870a0541b2726977f6,2,2f01dfdf19b0f16158714660cf781185c79c4f9500d946201995b5169342095f,beam_alpha_beta,0.37828670163458633,511592.0,565041.0,balanced:beam_alpha_beta,13276.0,11,0.0,0.0,0.0,0.0,14891.0,1.000228458084166,7.451612903225806,0.327805,39628.0,0.0,1.000103,0.0,2,11.726887750672176,0,ended_with_n,26.041130875004455,D10000_seed2_balanced_beam_alpha_beta_vs_dynamic_beam_alpha_beta,2000,300.0,1000,balanced,0,/Users/onumagakuto/Documents/最強しりとり/shiritori_ai/data/dictionaries/D10000_L2-12_seed2.runtime.json,dynamic_beam_alpha_beta,0.4586765119926103,269.0,322178.0,balanced:dynamic_beam_alpha_beta,7501.0,17,0.0,0.0,0.0,0.0,29234.0,1.0004404168576002,4.225806451612903,0.390264,39341.0,0.0,1.000268,0.0,5,14.218971871770918,0e2a353cf636b87b9d894c0bc8c6c36eabfe34874873788f671c13af60a9a07d,tune,62,62,first
d7ab76ddfa00239c45957f8a2264fcc8f4efe898,10000,59edaee16af2b20642c56fa4bb9a8c35595ca110b1af4b4e9ca87dc6ac356675,0824de995be4df8286e04f923f31fd74155137b5eb25a6870a0541b2726977f6,2,2f01dfdf19b0f16158714660cf781185c79c4f9500d946201995b5169342095f,dynamic_beam_pvs,0.40807817116807643,2900.0,350164.0,balanced:dynamic_beam_pvs,8590.0,21,0.0,0.0,0.0,0.0,28728.0,1.0017428339924663,4.081081081081081,0.276989,40188.0,28951.0,1.000419,300.0,6,15.098892333218828,0,ended_with_n,27.360128707950935,D10000_seed2_balanced_dynamic_beam_pvs_vs_beam_alpha_beta,2000,300.0,1000,balanced,0,/Users/onumagakuto/Documents/最強しりとり/shiritori_ai/data/dictionaries/D10000_L2-12_seed2.runtime.json,beam_alpha_beta,0.3374617916997522,518861.0,573974.0,balanced:beam_alpha_beta,13882.0,11,0.0,0.0,0.0,0.0,14827.0,0.6698665418662131,7.75,0.36074,40442.0,0.0,0.656465,0.0,0,12.14862450119108,0e2a353cf636b87b9d894c0bc8c6c36eabfe34874873788f671c13af60a9a07d,tune,73,73,second
d7ab76ddfa00239c45957f8a2264fcc8f4efe898,10000,59edaee16af2b20642c56fa4bb9a8c35595ca110b1af4b4e9ca87dc6ac356675,0824de995be4df8286e04f923f31fd74155137b5eb25a6870a0541b2726977f6,2,2f01dfdf19b0f16158714660cf781185c79c4f9500d946201995b5169342095f,beam_alpha_beta,0.36550528346560895,485322.0,535717.0,balanced:beam_alpha_beta,12406.0,9,0.0,0.0,0.0,0.0,14203.0,1.0001793338451535,7.566666666666666,0.3646475,37523.0,0.0,0.744441,0.0,1,10.965158503968269,0,ended_with_n,22.957553084008396,D10000_seed2_balanced_beam_alpha_beta_vs_dynamic_beam_pvs,2000,300.0,1000,balanced,0,/Users/onumagakuto/Documents/最強しりとり/shiritori_ai/data/dictionaries/D10000_L2-12_seed2.runtime.json,dynamic_beam_pvs,0.3963930624847611,249.0,235769.0,balanced:dynamic_beam_pvs,5587.0,17,0.0,0.0,0.0,0.0,24293.0,1.0002125420141965,3.966666666666667,0.209297,32138.0,24054.0,1.000202,248.0,5,11.891791874542832,0e2a353cf636b87b9d894c0bc8c6c36eabfe34874873788f671c13af60a9a07d,tune,60,60,first
d7ab76ddfa00239c45957f8a2264fcc8f4efe898,10000,59edaee16af2b20642c56fa4bb9a8c35595ca110b1af4b4e9ca87dc6ac356675,0824de995be4df8286e04f923f31fd74155137b5eb25a6870a0541b2726977f6,2,2f01dfdf19b0f16158714660cf781185c79c4f9500d946201995b5169342095f,research_adaptive_beam,0.42304687917698175,554.0,217286.0,balanced:research_adaptive_beam,5249.0,26,0.0,0.0,0.0,0.0,26899.0,1.0004874160513282,3.9,0.322461,34058.0,24031.0,1.000283,220.0,8,21.152343958849087,0,ended_with_n,40.41471150005236,D10000_seed2_balanced_research_adaptive_beam_vs_beam_alpha_beta,2000,300.0,1000,balanced,0,/Users/onumagakuto/Documents/最強しりとり/shiritori_ai/data/dictionaries/D10000_L2-12_seed2.runtime.json,beam_alpha_beta,0.39255769467646523,776251.0,865026.0,balanced:beam_alpha_beta,21875.0,19,0.0,0.0,0.0,0.0,25721.0,1.000140291871503,7.408163265306122,0.333033,67027.0,0.0,0.825922,0.0,1,19.235327039146796,0e2a353cf636b87b9d894c0bc8c6c36eabfe34874873788f671c13af60a9a07d,tune,99,99,second
d7ab76ddfa00239c45957f8a2264fcc8f4efe898,10000,59edaee16af2b20642c56fa4bb9a8c35595ca110b1af4b4e9ca87dc6ac356675,0824de995be4df8286e04f923f31fd74155137b5eb25a6870a0541b2726977f6,2,2f01dfdf19b0f16158714660cf781185c79c4f9500d946201995b5169342095f,beam_alpha_beta,0.34887599648307943,909850.0,1018169.0,balanced:beam_alpha_beta,26527.0,17,0.0,0.0,0.0,0.0,31036.0,0.9467947501689196,7.254237288135593,0.33458,81740.0,0.0,0.654063,0.0,0,20.583683792501688,0,ended_with_n,45.545712041901425,D10000_seed2_balanced_beam_alpha_beta_vs_research_adaptive_beam,2000,300.0,1000,balanced,0,/Users/onumagakuto/Documents/最強しりとり/shiritori_ai/data/dictionaries/D10000_L2-12_seed2.runtime.json,research_adaptive_beam,0.4225875868430456,1204.0,517841.0,balanced:research_adaptive_beam,12780.0,27,0.0,0.0,0.0,0.0,41478.0,1.0003783339634538,4.254237288135593,0.34773,58264.0,40797.0,1.000092,265.0,4,24.93266762373969,0e2a353cf636b87b9d894c0bc8c6c36eabfe34874873788f671c13af60a9a07d,tune,118,118,first
d7ab76ddfa00239c45957f8a2264fcc8f4efe898,10000,59edaee16af2b20642c56fa4bb9a8c35595ca110b1af4b4e9ca87dc6ac356675,0824de995be4df8286e04f923f31fd74155137b5eb25a6870a0541b2726977f6,2,2f01dfdf19b0f16158714660cf781185c79c4f9500d946201995b5169342095f,endgame_exact_hybrid,0.395102176297576,4820610.0,5393259.0,balanced:endgame_exact_hybrid,137288.0,67,0.0,0.0,0.0,0.0,168027.0,1.0010547088459134,7.162878787878788,0.3932285,436989.0,0.0,0.723896,0.0,1,104.30697454256006,0,ended_with_n,205.6398203750141,D10000_seed2_balanced_endgame_exact_hybrid_vs_beam_alpha_beta,2000,300.0,1000,balanced,0,/Users/onumagakuto/Documents/最強しりとり/shiritori_ai/data/dictionaries/D10000_L2-12_seed2.runtime.json,beam_alpha_beta,0.38088538731222576,4613443.0,5169179.0,balanced:beam_alpha_beta,133614.0,69,0.0,0.0,0.0,0.0,165238.0,1.0001641248818487,7.0,0.374629,424771.0,0.0,0.676407,0.0,1,100.5537422504276,0e2a353cf636b87b9d894c0bc8c6c36eabfe34874873788f671c13af60a9a07d,tune,528,528,first
d7ab76ddfa00239c45957f8a2264fcc8f4efe898,10000,59edaee16af2b20642c56fa4bb9a8c35595ca110b1af4b4e9ca87dc6ac356675,0824de995be4df8286e04f923f31fd74155137b5eb25a6870a0541b2726977f6,2,2f01dfdf19b0f16158714660cf781185c79c4f9500d946201995b5169342095f,beam_alpha_beta,0.4087655653126151,2950667.0,3313836.0,balanced:beam_alpha_beta,88011.0,55,0.0,0.0,0.0,0.0,113893.0,0.8727141669951379,6.453551912568306,0.412958,279856.0,0.0,0.656433,0.0,0,74.80409845220856,0,ended_with_n,151.9619510001503,D10000_seed2_balanced_beam_alpha_beta_vs_endgame_exact_hybrid,2000,300.0,1000,balanced,0,/Users/onumagakuto/Documents/最強しりとり/shiritori_ai/data/dictionaries/D10000_L2-12_seed2.runtime.json,endgame_exact_hybrid,0.4209032252656071,2992474.0,3356851.0,balanced:endgame_exact_hybrid,89517.0,57,0.0,0.0,0.0,0.0,113508.0,1.000181999988854,6.472527472527473,0.41507700000000003,280214.0,0.0,0.679688,0.0,3,76.60438699834049,0e2a353cf636b87b9d894c0bc8c6c36eabfe34874873788f671c13af60a9a07d,tune,365,365,second
d7ab76ddfa00239c45957f8a2264fcc8f4efe898,10000,59edaee16af2b20642c56fa4bb9a8c35595ca110b1af4b4e9ca87dc6ac356675,0824de995be4df8286e04f923f31fd74155137b5eb25a6870a0541b2726977f6,2,2f01dfdf19b0f16158714660cf781185c79c4f9500d946201995b5169342095f,integrated_adaptive_hybrid,0.4316162021015771,913.0,400747.0,balanced:integrated_adaptive_hybrid,9788.0,39,0.0,0.0,0.0,0.0,48388.0,1.446510334033519,3.475,0.3328775,60787.0,38853.0,1.00012,398.0,11,34.529296168126166,0,ended_with_n,64.48210533289239,D10000_seed2_balanced_integrated_adaptive_hybrid_vs_beam_alpha_beta,2000,300.0,1000,balanced,0,/Users/onumagakuto/Documents/最強しりとり/shiritori_ai/data/dictionaries/D10000_L2-12_seed2.runtime.json,beam_alpha_beta,0.3757707299075172,1204528.0,1348731.0,balanced:beam_alpha_beta,34117.0,23,0.0,0.0,0.0,0.0,36580.0,1.0001586249563843,7.341772151898734,0.333843,103765.0,0.0,0.701264,0.0,2,29.685887662693858,0e2a353cf636b87b9d894c0bc8c6c36eabfe34874873788f671c13af60a9a07d,tune,159,159,second
d7ab76ddfa00239c45957f8a2264fcc8f4efe898,10000,59edaee16af2b20642c56fa4bb9a8c35595ca110b1af4b4e9ca87dc6ac356675,0824de995be4df8286e04f923f31fd74155137b5eb25a6870a0541b2726977f6,2,2f01dfdf19b0f16158714660cf781185c79c4f9500d946201995b5169342095f,beam_alpha_beta,0.3735349404270805,754774.0,839156.0,balanced:beam_alpha_beta,20526.0,10,0.0,0.0,0.0,0.0,20518.0,1.0002394169569016,7.404761904761905,0.3736715,60284.0,0.0,0.695728,0.0,1,15.688467497937381,0,ended_with_n,33.41695012501441,D10000_seed2_balanced_beam_alpha_beta_vs_integrated_adaptive_hybrid,2000,300.0,1000,balanced,0,/Users/onumagakuto/Documents/最強しりとり/shiritori_ai/data/dictionaries/D10000_L2-12_seed2.runtime.json,integrated_adaptive_hybrid,0.419230205455928,611.0,258335.0,balanced:integrated_adaptive_hybrid,6049.0,20,0.0,0.0,0.0,0.0,28417.0,1.0027280831709504,3.9761904761904763,0.399197,37048.0,20829.0,1.000096,155.0,4,17.607668629148975,0e2a353cf636b87b9d894c0bc8c6c36eabfe34874873788f671c13af60a9a07d,tune,84,84,first
d7ab76ddfa00239c45957f8a2264fcc8f4efe898,10000,59edaee16af2b20642c56fa4bb9a8c35595ca110b1af4b4e9ca87dc6ac356675,0824de995be4df8286e04f923f31fd74155137b5eb25a6870a0541b2726977f6,2,2f01dfdf19b0f16158714660cf781185c79c4f9500d946201995b5169342095f,branch_switch_alpha_beta,0.36721772395975405,2272283.0,2599668.0,aggressive:branch_switch_alpha_beta,68343.0,11,0.0,0.0,0.0,0.0,64500.0,1.0005937090609223,7.983739837398374,0.360878,204151.0,0.0,0.553792,0.0,2,45.167780047049746,0,ended_with_n,87.21161541598849,D10000_seed2_aggressive_branch_switch_alpha_beta_vs_beam_alpha_beta,2000,300.0,1000,aggressive,0,/Users/onumagakuto/Documents/最強しりとり/shiritori_ai/data/dictionaries/D10000_L2-12_seed2.runtime.json,beam_alpha_beta,0.3387082387821946,2197735.0,2477587.0,aggressive:beam_alpha_beta,65568.0,9,0.0,0.0,0.0,0.0,58772.0,0.6803424169775099,8.016260162601625,0.369264,192984.0,0.0,0.551072,0.0,0,41.66111337020993,0e2a353cf636b87b9d894c0bc8c6c36eabfe34874873788f671c13af60a9a07d,tune,246,246,first
d7ab76ddfa00239c45957f8a2264fcc8f4efe898,10000,59edaee16af2b20642c56fa4bb9a8c35595ca110b1af4b4e9ca87dc6ac356675,0824de995be4df8286e04f923f31fd74155137b5eb25a6870a0541b2726977f6,2,2f01dfdf19b0f16158714660cf781185c79c4f9500d946201995b5169342095f,beam_alpha_beta,0.3723544464671924,513346.0,564410.0,aggressive:beam_alpha_beta,12813.0,15,0.0,0.0,0.0,0.0,14004.0,0.9980329591780901,7.580645161290323,0.29787,37818.0,0.0,0.98626,0.0,0,11.542987840482965,0,ended_with_n,23.782533625140786,D10000_seed2_aggressive_beam_alpha_beta_vs_branch_switch_alpha_beta,2000,300.0,1000,aggressive,0,/Users/onumagakuto/Documents/最強しりとり/shiritori_ai/data/dictionaries/D10000_L2-12_seed2.runtime.json,branch_switch_alpha_beta,0.40461834575980904,309905.0,488489.0,aggressive:branch_switch_alpha_beta,11107.0,16,0.0,0.0,0.0,0.0,17756.0,1.000323292100802,6.766666666666667,0.3002265,36690.0,0.0,1.000219,0.0,5,12.13855037279427,0e2a353cf636b87b9d894c0bc8c6c36eabfe34874873788f671c13af60a9a07d,tune,61,61,second
d7ab76ddfa00239c45957f8a2264fcc8f4efe898,10000,59edaee16af2b20642c56fa4bb9a8c35595ca110b1af4b4e9ca87dc6ac356675,0824de995be4df8286e04f923f31fd74155137b5eb25a6870a0541b2726977f6,2,2f01dfdf19b0f16158714660cf781185c79c4f9500d946201995b5169342095f,dynamic_beam_alpha_beta,0.38664129578008705,2647.0,275977.0,aggressive:dynamic_beam_alpha_beta,6210.0,23,0.0,0.0,0.0,0.0,32053.0,1.0002635000273585,3.8780487804878048,0.35762,40987.0,0.0,1.00015,0.0,5,15.852293126983568,0,ended_with_n,31.208105499856174,D10000_seed2_aggressive_dynamic_beam_alpha_beta_vs_beam_alpha_beta,2000,300.0,1000,aggressive,0,/Users/onumagakuto/Documents/最強しりとり/shiritori_ai/data/dictionaries/D10000_L2-12_seed2.runtime.json,beam_alpha_beta,0.3804559093841817,576409.0,638999.0,aggressive:beam_alpha_beta,15078.0,11,0.0,0.0,0.0,0.0,17807.0,0.6917817499488592,7.4,0.399331,46583.0,0.0,0.658502,0.0,0,15.218236375367269,0e2a353cf636b87b9d894c0bc8c6c36eabfe34874873788f671c13af60a9a07d,tune,81,81,second
d7ab76ddfa00239c45957f8a2264fcc8f4efe898,10000,59edaee16af2b20642c56fa4bb9a8c35595ca110b1af4b4e9ca87dc6ac356675,0824de995be4df8286e04f923f31fd74155137b5eb25a6870a0541b2726977f6,2,2f01dfdf19b0f16158714660cf781185c79c4f9500d946201995b5169342095f,beam_alpha_beta,0.3731154877870508,555965.0,610354.0,aggressive:beam_alpha_beta,13738.0,13,0.0,0.0,0.0,0.0,14936.0,1.0001494591124356,7.794117647058823,0.3211655,40301.0,0.0,1.000114,0.0,2,12.685926584759727,0,ended_with_n,27.920336124952883,D10000_seed2_aggressive_beam_alpha_beta_vs_dynamic_beam_alpha_beta,2000,300.0,1000,aggressive,0,/Users/onumagakuto/Documents/最強しりとり/shiritori_ai/data/dictionaries/D10000_L2-12_seed2.runtime.json,dynamic_beam_alpha_beta,0.4586651679763401,569.0,315970.0,aggressive:dynamic_beam_alpha_beta,7377.0,16,0.0,0.0,0.0,0.0,28994.0,1.0001933749299496,4.484848484848484,0.351718,39319.0,0.0,1.000168,0.0,6,15.135950543219224,0e2a353cf636b87b9d894c0bc8c6c36eabfe34874873788f671c13af60a9a07d,tune,67,67,second
d7ab76ddfa00239c45957f8a2264fcc8f4efe898,10000,59edaee16af2b20642c56fa4bb9a8c35595ca110b1af4b4e9ca87dc6ac356675,0824de995be4df8286e04f923f31fd74155137b5eb25a6870a0541b2726977f6,2,2f01dfdf19b0f16158714660cf781185c79c4f9500d946201995b5169342095f,dynamic_beam_pvs,0.4117463099565811,2782.0,290846.0,aggressive:dynamic_beam_pvs,6821.0,23,0.0,0.0,0.0,0.0,31253.0,1.0001909171696752,3.8780487804878048,0.268594,40652.0,30982.0,1.000174,260.0,5,16.881598708219826,0,ended_with_n,33.00372566701844,D10000_seed2_aggressive_dynamic_beam_pvs_vs_beam_alpha_beta,2000,300.0,1000,aggressive,0,/Users/onumagakuto/Documents/最強しりとり/shiritori_ai/data/dictionaries/D10000_L2-12_seed2.runtime.json,beam_alpha_beta,0.3998285083274823,630903.0,698169.0,aggressive:beam_alpha_beta,17184.0,13,0.0,0.0,0.0,0.0,18615.0,0.8132703339215368,7.45,0.396838,49777.0,0.0,0.710871,0.0,0,15.99314033309929,0e2a353cf636b87b9d894c0bc8c6c36eabfe34874873788f671c13af60a9a07d,tune,81,81,second
d7ab76ddfa00239c45957f8a2264fcc8f4efe898,10000,59edaee16af2b20642c56fa4bb9a8c35595ca110b1af4b4e9ca87dc6ac356675,0824de995be4df8286e04f923f31fd74155137b5eb25a6870a0541b2726977f6,2,2f01dfdf19b0f16158714660cf781185c79c4f9500d946201995b5169342095f,beam_alpha_beta,0.3725113131486895,489670.0,541490.0,aggressive:beam_alpha_beta,13063.0,15,0.0,0.0,0.0,0.0,14165.0,1.0009457089472562,7.393939393939394,0.332648,38045.0,0.0,0.708546,0.0,1,12.292873333906755,0,ended_with_n,25.18798275012523,D10000_seed2_aggressive_beam_alpha_beta_vs_dynamic_beam_pvs,2000,300.0,1000,aggressive,0,/Users/onumagakuto/Documents/最強しりとり/shiritori_ai/data/dictionaries/D10000_L2-12_seed2.runtime.json,dynamic_beam_pvs,0.38751239024780015,312.0,230724.0,aggressive:dynamic_beam_pvs,5465.0,19,0.0,0.0,0.0,0.0,23373.0,1.00018879189156,3.909090909090909,0.161867,30963.0,23143.0,1.000135,238.0,4,12.787908878177404,0e2a353cf636b87b9d894c0bc8c6c36eabfe34874873788f671c13af60a9a07d,tune,66,66,first
d7ab76ddfa00239c45957f8a2264fcc8f4efe898,10000,59edaee16af2b20642c56fa4bb9a8c35595ca110b1af4b4e9ca87dc6ac356675,0824de995be4df8286e04f923f31fd74155137b5eb25a6870a0541b2726977f6,2,2f01dfdf19b0f16158714660cf781185c79c4f9500d946201995b5169342095f,research_adaptive_beam,0.4380463086268973,1124.0,517833.0,aggressive:research_adaptive_beam,12754.0,47,0.0,0.0,0.0,0.0,51305.0,1.000475750071928,3.5232558139534884,0.2824515,67392.0,50113.0,1.000117,469.0,9,37.67198254191317,0,ended_with_n,68.5472687499132,D10000_seed2_aggressive_research_adaptive_beam_vs_beam_alpha_beta,2000,300.0,1000,aggressive,0,/Users/onumagakuto/Documents/最強しりとり/shiritori_ai/data/dictionaries/D10000_L2-12_seed2.runtime.json,beam_alpha_beta,0.3584839893683661,1085226.0,1217156.0,aggressive:beam_alpha_beta,32106.0,19,0.0,0.0,0.0,0.0,36280.0,0.9456999169196934,6.790697674418604,0.3818295,96424.0,0.0,0.718833,0.0,0,30.829623085679486,0e2a353cf636b87b9d894c0bc8c6c36eabfe34874873788f671c13af60a9a07d,tune,172,172,first
d7ab76ddfa00239c45957f8a2264fcc8f4efe898,10000,59edaee16af2b20642c56fa4bb9a8c35595ca110b1af4b4e9ca87dc6ac356675,0824de995be4df8286e04f923f31fd74155137b5eb25a6870a0541b2726977f6,2,2f01dfdf19b0f16158714660cf781185c79c4f9500d946201995b5169342095f,beam_alpha_beta,0.3590900251361103,911151.0,1020879.0,aggressive:beam_alpha_beta,26600.0,23,0.0,0.0,0.0,0.0,31681.0,1.0002514170482755,6.955882352941177,0.3353275,82168.0,0.0,0.669356,0.0,1,24.4181217092555,0,ended_with_n,52.477748999837786,D10000_seed2_aggressive_beam_alpha_beta_vs_research_adaptive_beam,2000,300.0,1000,aggressive,0,/Users/onumagakuto/Documents/最強しりとり/shiritori_ai/data/dictionaries/D10000_L2-12_seed2.runtime.json,research_adaptive_beam,0.4121041532010114,769.0,362526.0,aggressive:research_adaptive_beam,8826.0,41,0.0,0.0,0.0,0.0,41458.0,1.0001097088679671,3.588235294117647,0.2916335,53020.0,39934.0,1.000105,344.0,6,28.023082417668775,0e2a353cf636b87b9d894c0bc8c6c36eabfe34874873788f671c13af60a9a07d,tune,136,136,first
d7ab76ddfa00239c45957f8a2264fcc8f4efe898,10000,59edaee16af2b20642c56fa4bb9a8c35595ca110b1af4b4e9ca87dc6ac356675,0824de995be4df8286e04f923f31fd74155137b5eb25a6870a0541b2726977f6,2,2f01dfdf19b0f16158714660cf781185c79c4f9500d946201995b5169342095f,endgame_exact_hybrid,0.34951868268882635,2107511.0,2364284.0,aggressive:endgame_exact_hybrid,61303.0,25,0.0,0.0,0.0,0.0,59534.0,1.000139500014484,7.34965034965035,0.349723,179825.0,0.0,0.616285,0.0,1,49.98117162450217,0,ended_with_n,102.85670687491074,D10000_seed2_aggressive_endgame_exact_hybrid_vs_beam_alpha_beta,2000,300.0,1000,aggressive,0,/Users/onumagakuto/Documents/最強しりとり/shiritori_ai/data/dictionaries/D10000_L2-12_seed2.runtime.json,beam_alpha_beta,0.3690596525918063,2317740.0,2594650.0,aggressive:beam_alpha_beta,65295.0,19,0.0,0.0,0.0,0.0,59672.0,0.7461662080604583,7.5,0.3544335,190708.0,0.0,0.595094,0.0,0,52.40647066803649,0e2a353cf636b87b9d894c0bc8c6c36eabfe34874873788f671c13af60a9a07d,tune,285,285,second
d7ab76ddfa00239c45957f8a2264fcc8f4efe898,10000,59edaee16af2b20642c56fa4bb9a8c35595ca110b1af4b4e9ca87dc6ac356675,0824de995be4df8286e04f923f31fd74155137b5eb25a6870a0541b2726977f6,2,2f01dfdf19b0f16158714660cf781185c79c4f9500d946201995b5169342095f,beam_alpha_beta,0.2862999587790303,2140814.0,2392687.0,aggressive:beam_alpha_beta,61225.0,13,0.0,0.0,0.0,0.0,73583.0,1.0003677499480546,7.958333333333333,0.26384450000000004,192986.0,0.0,0.613392,0.0,1,27.48479604278691,0,ended_with_n,55.742097875103354,D10000_seed2_aggressive_beam_alpha_beta_vs_endgame_exact_hybrid,2000,300.0,1000,aggressive,0,/Users/onumagakuto/Documents/最強しりとり/shiritori_ai/data/dictionaries/D10000_L2-12_seed2.runtime.json,endgame_exact_hybrid,0.29215674046766554,2241018.0,2505199.0,aggressive:endgame_exact_hybrid,65283.0,11,0.0,0.0,0.0,0.0,76949.0,0.8734363748226315,7.895833333333333,0.28075950000000005,202420.0,0.0,0.605554,0.0,0,28.047047084895894,0e2a353cf636b87b9d894c0bc8c6c36eabfe34874873788f671c13af60a9a07d,tune,192,192,first
d7ab76ddfa00239c45957f8a2264fcc8f4efe898,10000,59edaee16af2b20642c56fa4bb9a8c35595ca110b1af4b4e9ca87dc6ac356675,0824de995be4df8286e04f923f31fd74155137b5eb25a6870a0541b2726977f6,2,2f01dfdf19b0f16158714660cf781185c79c4f9500d946201995b5169342095f,integrated_adaptive_hybrid,0.4116564487586192,1360.0,2330759.0,aggressive:integrated_adaptive_hybrid,57892.0,55,0.0,0.0,0.0,0.0,206332.0,1.0001076250337064,4.75,0.2967515,280907.0,184725.0,1.000021,758.0,15,42.812270670896396,0,ended_with_n,63.4044084160123,D10000_seed2_aggressive_integrated_adaptive_hybrid_vs_beam_alpha_beta,2000,300.0,1000,aggressive,0,/Users/onumagakuto/Documents/最強しりとり/shiritori_ai/data/dictionaries/D10000_L2-12_seed2.runtime.json,beam_alpha_beta,0.19918106553298467,3801903.0,4190726.0,aggressive:beam_alpha_beta,97635.0,1,0.0,0.0,0.0,0.0,85942.0,0.5450305419508368,8.980582524271844,0.171366,275408.0,0.0,0.429503,0.0,0,20.51564974989742,0e2a353cf636b87b9d894c0bc8c6c36eabfe34874873788f671c13af60a9a07d,tune,207,207,second
d7ab76ddfa00239c45957f8a2264fcc8f4efe898,10000,59edaee16af2b20642c56fa4bb9a8c35595ca110b1af4b4e9ca87dc6ac356675,0824de995be4df8286e04f923f31fd74155137b5eb25a6870a0541b2726977f6,2,2f01dfdf19b0f16158714660cf781185c79c4f9500d946201995b5169342095f,beam_alpha_beta,0.2555989356372844,1720467.0,1933009.0,aggressive:beam_alpha_beta,54748.0,3,0.0,0.0,0.0,0.0,60415.0,0.6091298330575228,8.909090909090908,0.238811,164173.0,0.0,0.477387,0.0,0,11.246353168040514,0,ended_with_n,31.909147875150666,D10000_seed2_aggressive_beam_alpha_beta_vs_integrated_adaptive_hybrid,2000,300.0,1000,aggressive,0,/Users/onumagakuto/Documents/最強しりとり/shiritori_ai/data/dictionaries/D10000_L2-12_seed2.runtime.json,integrated_adaptive_hybrid,0.4688535976615226,549.0,582535.0,aggressive:integrated_adaptive_hybrid,14491.0,25,0.0,0.0,0.0,0.0,70232.0,1.0000414999667555,4.840909090909091,0.3038105,89540.0,68545.0,1.000022,244.0,12,20.629558297106996,0e2a353cf636b87b9d894c0bc8c6c36eabfe34874873788f671c13af60a9a07d,tune,88,88,first
d7ab76ddfa00239c45957f8a2264fcc8f4efe898,10000,9430924a31ff3031ca6a0557562252b2a8abd5f2f723486d0145f4d76a139622,9655389c78dc509775999df2e4a5d1582a9b97956cc353e7741341a8d786ad18,3,2f01dfdf19b0f16158714660cf781185c79c4f9500d946201995b5169342095f,branch_switch_alpha_beta,0.3390373249150192,967391.0,1608649.0,conservative:branch_switch_alpha_beta,41616.0,9,0.0,0.0,0.0,0.0,65347.0,1.000037332996726,8.533333333333333,0.226597,138473.0,0.0,1.000031,0.0,5,10.171119747450575,0,ended_with_n,15.367958832997829,D10000_seed3_conservative_branch_switch_alpha_beta_vs_beam_alpha_beta,3000,300.0,1000,conservative,0,/Users/onumagakuto/Documents/最強しりとり/shiritori_ai/data/dictionaries/D10000_L2-12_seed3.runtime.json,beam_alpha_beta,0.1784340560452306,951637.0,1062207.0,conservative:beam_alpha_beta,27729.0,1,0.0,0.0,0.0,0.0,30418.0,0.4350619160104543,8.931034482758621,0.149281,84874.0,0.0,0.425538,0.0,0,5.174587625311688,0e2a353cf636b87b9d894c0bc8c6c36eabfe34874873788f671c13af60a9a07d,tune,59,59,second
d7ab76ddfa00239c45957f8a2264fcc8f4efe898,10000,9430924a31ff3031ca6a0557562252b2a8abd5f2f723486d0145f4d76a139622,9655389c78dc509775999df2e4a5d1582a9b97956cc353e7741341a8d786ad18,3,2f01dfdf19b0f16158714660cf781185c79c4f9500d946201995b5169342095f,beam_alpha_beta,0.12500646653352304,444898.0,490523.0,conservative:beam_alpha_beta,11044.0,1,0.0,0.0,0.0,0.0,11989.0,0.19471737486310303,8.9,0.14573350000000002,33687.0,0.0,0.191007,0.0,0,2.500129330670461,0,ended_with_n,10.638313750037923,D10000_seed3_conservative_beam_alpha_beta_vs_branch_switch_alpha_beta,3000,300.0,1000,conservative,0,/Users/onumagakuto/Documents/最強しりとり/shiritori_ai/data/dictionaries/D10000_L2-12_seed3.runtime.json,branch_switch_alpha_beta,0.40614832512801513,0.0,697467.0,conservative:branch_switch_alpha_beta,15705.0,12,0.0,0.0,0.0,0.0,61695.0,1.0000407081097364,5.75,0.221428,84664.0,0.0,1.000029,0.0,4,8.122966502560303,0e2a353cf636b87b9d894c0bc8c6c36eabfe34874873788f671c13af60a9a07d,tune,40,40,first
d7ab76ddfa00239c45957f8a2264fcc8f4efe898,10000,9430924a31ff3031ca6a0557562252b2a8abd5f2f723486d0145f4d76a139622,9655389c78dc509775999df2e4a5d1582a9b97956cc353e7741341a8d786ad18,3,2f01dfdf19b0f16158714660cf781185c79c4f9500d946201995b5169342095f,dynamic_beam_alpha_beta,0.4276086131132962,2304.0,803730.0,conservative:dynamic_beam_alpha_beta,18795.0,10,0.0,0.0,0.0,0.0,69588.0,1.0000486250501126,5.761904761904762,0.370744,96312.0,0.0,1.000028,0.0,4,8.97978087537922,0,ended_with_n,11.671252500033006,D10000_seed3_conservative_dynamic_beam_alpha_beta_vs_beam_alpha_beta,3000,300.0,1000,conservative,0,/Users/onumagakuto/Documents/最強しりとり/shiritori_ai/data/dictionaries/D10000_L2-12_seed3.runtime.json,beam_alpha_beta,0.13378476034849882,455202.0,502716.0,conservative:beam_alpha_beta,11394.0,1,0.0,0.0,0.0,0.0,12904.0,0.24138316698372364,8.9,0.14271499999999998,35543.0,0.0,0.234695,0.0,0,2.6756952069699764,0e2a353cf636b87b9d894c0bc8c6c36eabfe34874873788f671c13af60a9a07d,tune,41,41,second
d7ab76ddfa00239c45957f8a2264fcc8f4efe898,10000,9430924a31ff3031ca6a0557562252b2a8abd5f2f723486d0145f4d76a139622,9655389c78dc509775999df2e4a5d1582a9b97956cc353e7741341a8d786ad18,3,2f01dfdf19b0f16158714660cf781185c79c4f9500d946201995b5169342095f,beam_alpha_beta,0.12967611682834104,444898.0,490523.0,conservative:beam_alpha_beta,11044.0,1,0.0,0.0,0.0,0.0,11989.0,0.20784820895642042,8.9,0.153347,33687.0,0.0,0.192304,0.0,0,2.5935223365668207,0,ended_with_n,10.863671040860936,D10000_seed3_conservative_beam_alpha_beta_vs_dynamic_beam_alpha_beta,3000,300.0,1000,conservative,0,/Users/onumagakuto/Documents/最強しりとり/shiritori_ai/data/dictionaries/D10000_L2-12_seed3.runtime.json,dynamic_beam_alpha_beta,0.4127240833127871,3.0,691083.0,conservative:dynamic_beam_alpha_beta,15569.0,12,0.0,0.0,0.0,0.0,60350.0,1.0001093749888241,5.75,0.2296445,83044.0,0.0,1.000038,0.0,4,8.254481666255742,0e2a353cf636b87b9d894c0bc8c6c36eabfe34874873788f671c13af60a9a07d,tune,40,40,first
d7ab76ddfa00239c45957f8a2264fcc8f4efe898,10000,9430924a31ff3031ca6a0557562252b2a8abd5f2f723486d0145f4d76a139622,9655389c78dc509775999df2e4a5d1582a9b97956cc353e7741341a8d786ad18,3,2f01dfdf19b0f16158714660cf781185c79c4f9500d946201995b5169342095f,dynamic_beam_pvs,0.4078683472859363,2304.0,942833.0,conservative:dynamic_beam_pvs,23161.0,12,0.0,0.0,0.0,0.0,66656.0,1.0000495000276715,5.619047619047619,0.174868,97437.0,66751.0,1.000033,103.0,5,8.565235293004662,0,ended_with_n,11.172786958049983,D10000_seed3_conservative_dynamic_beam_pvs_vs_beam_alpha_beta,3000,300.0,1000,conservative,0,/Users/onumagakuto/Documents/最強しりとり/shiritori_ai/data/dictionaries/D10000_L2-12_seed3.runtime.json,beam_alpha_beta,0.12961183545412497,444179.0,490565.0,conservative:beam_alpha_beta,11073.0,1,0.0,0.0,0.0,0.0,12648.0,0.24839308392256498,8.9,0.1423915,34734.0,0.0,0.218783,0.0,0,2.592236709082499,0e2a353cf636b87b9d894c0bc8c6c36eabfe34874873788f671c13af60a9a07d,tune,41,41,second
d7ab76ddfa00239c45957f8a2264fcc8f4efe898,10000,9430924a31ff3031ca6a0557562252b2a8abd5f2f723486d0145f4d76a139622,9655389c78dc509775999df2e4a5d1582a9b97956cc353e7741341a8d786ad18,3,2f01dfdf19b0f16158714660cf781185c79c4f9500d946201995b5169342095f,beam_alpha_beta,0.12521492289379238,438554.0,483598.0,conservative:beam_alpha_beta,10911.0,1,0.0,0.0,0.0,0.0,11828.0,0.20092412503436208,8.9,0.144286,33232.0,0.0,0.192404,0.0,0,2.504298457875848,0,ended_with_n,10.656276250025257,D10000_seed3_conservative_beam_alpha_beta_vs_dynamic_beam_pvs,3000,300.0,1000,conservative,0,/Users/onumagakuto/Documents/最強しりとり/shiritori_ai/data/dictionaries/D10000_L2-12_seed3.runtime.json,dynamic_beam_pvs,0.40684462497010826,3.0,816881.0,conservative:dynamic_beam_pvs,19502.0,10,0.0,0.0,0.0,0.0,61433.0,1.000040499959141,5.8,0.2984815,88612.0,61537.0,1.000027,94.0,4,8.136892499402165,0e2a353cf636b87b9d894c0bc8c6c36eabfe34874873788f671c13af60a9a07d,tune,40,40,first
d7ab76ddfa00239c45957f8a2264fcc8f4efe898,10000,9430924a31ff3031ca6a0557562252b2a8abd5f2f723486d0145f4d76a139622,9655389c78dc509775999df2e4a5d1582a9b97956cc353e7741341a8d786ad18,3,2f01dfdf19b0f16158714660cf781185c79c4f9500d946201995b5169342095f,research_adaptive_beam,0.4239747179167384,2434.0,5800838.0,conservative:research_adaptive_beam,148658.0,58,0.0,0.0,0.0,0.0,403202.0,1.0001044578384608,5.13986013986014,0.367277,595131.0,409952.0,1.000021,1454.0,13,60.628384662093595,0,ended_with_n,73.13435933296569,D10000_seed3_conservative_research_adaptive_beam_vs_beam_alpha_beta,3000,300.0,1000,conservative,0,/Users/onumagakuto/Documents/最強しりとり/shiritori_ai/data/dictionaries/D10000_L2-12_seed3.runtime.json,beam_alpha_beta,0.0879642608555847,2694587.0,3025610.0,conservative:beam_alpha_beta,80663.0,1,0.0,0.0,0.0,0.0,62751.0,0.4651191250886768,8.985915492957746,0.050717,228831.0,0.0,0.343873,0.0,0,12.490925041493028,0e2a353cf636b87b9d894c0bc8c6c36eabfe34874873788f671c13af60a9a07d,tune,285,285,second
d7ab76ddfa00239c45957f8a2264fcc8f4efe898,10000,9430924a31ff3031ca6a0557562252b2a8abd5f2f723486d0145f4d76a139622,9655389c78dc509775999df2e4a5d1582a9b97956cc353e7741341a8d786ad18,3,2f01dfdf19b0f16158714660cf781185c79c4f9500d946201995b5169342095f,beam_alpha_beta,0.17557968147697725,1262418.0,1404273.0,conservative:beam_alpha_beta,35930.0,1,0.0,0.0,0.0,0.0,38975.0,0.5376258329488337,8.952380952380953,0.18696200000000002,107998.0,0.0,0.455126,0.0,0,7.374346622033045,0,ended_with_n,25.404685667017475,D10000_seed3_conservative_beam_alpha_beta_vs_research_adaptive_beam,3000,300.0,1000,conservative,0,/Users/onumagakuto/Documents/最強しりとり/shiritori_ai/data/dictionaries/D10000_L2-12_seed3.runtime.json,research_adaptive_beam,0.42918695632501375,463.0,1507661.0,conservative:research_adaptive_beam,36151.0,19,0.0,0.0,0.0,0.0,83939.0,1.0000630421563983,5.571428571428571,0.3449155,132223.0,79549.0,1.000025,193.0,6,18.025852165650576,0e2a353cf636b87b9d894c0bc8c6c36eabfe34874873788f671c13af60a9a07d,tune,84,84,first
d7ab76ddfa00239c45957f8a2264fcc8f4efe898,10000,9430924a31ff3031ca6a0557562252b2a8abd5f2f723486d0145f4d76a139622,9655389c78dc509775999df2e4a5d1582a9b97956cc353e7741341a8d786ad18,3,2f01dfdf19b0f16158714660cf781185c79c4f9500d946201995b5169342095f,endgame_exact_hybrid,0.17691644339655072,1364985.0,1523968.0,conservative:endgame_exact_hybrid,39909.0,1,0.0,0.0,0.0,0.0,40965.0,0.4223100000526756,8.948717948717949,0.171032,119520.0,0.0,0.420523,0.0,0,6.899741292465478,0,ended_with_n,12.299677375005558,D10000_seed3_conservative_endgame_exact_hybrid_vs_beam_alpha_beta,3000,300.0,1000,conservative,0,/Users/onumagakuto/Documents/最強しりとり/shiritori_ai/data/dictionaries/D10000_L2-12_seed3.runtime.json,beam_alpha_beta,0.13776337609697992,1070306.0,1194661.0,conservative:beam_alpha_beta,31030.0,1,0.0,0.0,0.0,0.0,32710.0,0.4153879159130156,8.948717948717949,0.108635,94235.0,0.0,0.342774,0.0,0,5.372771667782217,0e2a353cf636b87b9d894c0bc8c6c36eabfe34874873788f671c13af60a9a07d,tune,78,78,first
d7ab76ddfa00239c45957f8a2264fcc8f4efe898,10000,9430924a31ff3031ca6a0557562252b2a8abd5f2f723486d0145f4d76a139622,9655389c78dc509775999df2e4a5d1582a9b97956cc353e7741341a8d786ad18,3,2f01dfdf19b0f16158714660cf781185c79c4f9500d946201995b5169342095f,beam_alpha_beta,0.17698317533358932,1364985.0,1523968.0,conservative:beam_alpha_beta,39909.0,1,0.0,0.0,0.0,0.0,40965.0,0.4233407920692116,8.948717948717949,0.17152,119520.0,0.0,0.418809,0.0,0,6.902343838009983,0,ended_with_n,12.366763416910544,D10000_seed3_conservative_beam_alpha_beta_vs_endgame_exact_hybrid,3000,300.0,1000,conservative,0,/Users/onumagakuto/Documents/最強しりとり/shiritori_ai/data/dictionaries/D10000_L2-12_seed3.runtime.json,endgame_exact_hybrid,0.13943296149731255,1070306.0,1194660.0,conservative:endgame_exact_hybrid,31030.0,1,0.0,0.0,0.0,0.0,32710.0,0.41756824986077845,8.717948717948717,0.107067,94236.0,0.0,0.34175,0.0,0,5.43788549839519,0e2a353cf636b87b9d894c0bc8c6c36eabfe34874873788f671c13af60a9a07d,tune,78,78,first
d7ab76ddfa00239c45957f8a2264fcc8f4efe898,10000,9430924a31ff3031ca6a0557562252b2a8abd5f2f723486d0145f4d76a139622,9655389c78dc509775999df2e4a5d1582a9b97956cc353e7741341a8d786ad18,3,2f01dfdf19b0f16158714660cf781185c79c4f9500d946201995b5169342095f,integrated_adaptive_hybrid,0.4172513171061113,531.0,1406128.0,conservative:integrated_adaptive_hybrid,33980.0,19,0.0,0.0,0.0,0.0,111409.0,1.0000931250397116,5.142857142857143,0.39448,158985.0,71794.0,1.00002,194.0,6,20.445314538199455,0,ended_with_n,29.355367499869317,D10000_seed3_conservative_integrated_adaptive_hybrid_vs_beam_alpha_beta,3000,300.0,1000,conservative,0,/Users/onumagakuto/Documents/最強しりとり/shiritori_ai/data/dictionaries/D10000_L2-12_seed3.runtime.json,beam_alpha_beta,0.1848775772814406,1612863.0,1799999.0,conservative:beam_alpha_beta,46301.0,1,0.0,0.0,0.0,0.0,51034.0,0.5261048329994082,8.958333333333334,0.16782,142402.0,0.0,0.435571,0.0,0,8.87412370950915,0e2a353cf636b87b9d894c0bc8c6c36eabfe34874873788f671c13af60a9a07d,tune,97,97,second
d7ab76ddfa00239c45957f8a2264fcc8f4efe898,10000,9430924a31ff3031ca6a0557562252b2a8abd5f2f723486d0145f4d76a139622,9655389c78dc509775999df2e4a5d1582a9b97956cc353e7741341a8d786ad18,3,2f01dfdf19b0f16158714660cf781185c79c4f9500d946201995b5169342095f,beam_alpha_beta,0.17335457558375458,1297777.0,1443375.0,conservative:beam_alpha_beta,36879.0,1,0.0,0.0,0.0,0.0,40013.0,0.5161259579472244,8.953488372093023,0.18645,110824.0,0.0,0.439371,0.0,0,7.454246750101447,0,ended_with_n,26.50778566719964,D10000_seed3_conservative_beam_alpha_beta_vs_integrated_adaptive_hybrid,3000,300.0,1000,conservative,0,/Users/onumagakuto/Documents/最強しりとり/shiritori_ai/data/dictionaries/D10000_L2-12_seed3.runtime.json,integrated_adaptive_hybrid,0.4423528227272855,460.0,1459721.0,conservative:integrated_adaptive_hybrid,34790.0,19,0.0,0.0,0.0,0.0,85380.0,1.0000241249799728,5.488372093023256,0.356781,132608.0,57998.0,1.00002,146.0,7,19.021171377273276,0e2a353cf636b87b9d894c0bc8c6c36eabfe34874873788f671c13af60a9a07d,tune,86,86,first
d7ab76ddfa00239c45957f8a2264fcc8f4efe898,10000,9430924a31ff3031ca6a0557562252b2a8abd5f2f723486d0145f4d76a139622,9655389c78dc509775999df2e4a5d1582a9b97956cc353e7741341a8d786ad18,3,2f01dfdf19b0f16158714660cf781185c79c4f9500d946201995b5169342095f,branch_switch_alpha_beta,0.31802380586304935,1010171.0,1739955.0,balanced:branch_switch_alpha_beta,44763.0,9,0.0,0.0,0.0,0.0,68036.0,1.0001706660259515,8.5625,0.214695,146082.0,0.0,1.000047,0.0,5,10.176761787617579,0,ended_with_n,15.325806749984622,D10000_seed3_balanced_branch_switch_alpha_beta_vs_beam_alpha_beta,3000,300.0,1000,balanced,0,/Users/onumagakuto/Documents/最強しりとり/shiritori_ai/data/dictionaries/D10000_L2-12_seed3.runtime.json,beam_alpha_beta,0.1653464017961655,998962.0,1114749.0,balanced:beam_alpha_beta,28979.0,1,0.0,0.0,0.0,0.0,31332.0,0.42058525001630187,8.935483870967742,0.136997,88509.0,0.0,0.34206,0.0,0,5.12573845568113,0e2a353cf636b87b9d894c0bc8c6c36eabfe34874873788f671c13af60a9a07d,tune,63,63,second
d7ab76ddfa00239c45957f8a2264fcc8f4efe898,10000,9430924a31ff3031ca6a0557562252b2a8abd5f2f723486d0145f4d76a139622,9655389c78dc509775999df2e4a5d1582a9b97956cc353e7741341a8d786ad18,3,2f01dfdf19b0f16158714660cf781185c79c4f9500d946201995b5169342095f,beam_alpha_beta,0.1228869334096089,436888.0,481736.0,balanced:beam_alpha_beta,10929.0,1,0.0,0.0,0.0,0.0,11736.0,0.22590399999171495,8.9,0.13817449999999998,33043.0,0.0,0.187028,0.0,0,2.457738668192178,0,ended_with_n,10.52029150002636,D10000_seed3_balanced_beam_alpha_beta_vs_branch_switch_alpha_beta,3000,300.0,1000,balanced,0,/Users/onumagakuto/Documents/最強しりとり/shiritori_ai/data/dictionaries/D10000_L2-12_seed3.runtime.json,branch_switch_alpha_beta,0.4023559084511362,78533.0,817252.0,balanced:branch_switch_alpha_beta,18253.0,12,0.0,0.0,0.0,0.0,53940.0,1.0000392501242459,6.6,0.18809199999999998,81446.0,0.0,1.000032,0.0,5,8.047118169022724,0e2a353cf636b87b9d894c0bc8c6c36eabfe34874873788f671c13af60a9a07d,tune,40,40,first
d7ab76ddfa00239c45957f8a2264fcc8f4efe898,10000,9430924a31ff3031ca6a0557562252b2a8abd5f2f723486d0145f4d76a139622,9655389c78dc509775999df2e4a5d1582a9b97956cc353e7741341a8d786ad18,3,2f01dfdf19b0f16158714660cf781185c79c4f9500d946201995b5169342095f,dynamic_beam_alpha_beta,0.42743373807475327,2308.0,809902.0,balanced:dynamic_beam_alpha_beta,18989.0,10,0.0,0.0,0.0,0.0,69395.0,1.000048957997933,5.761904761904762,0.37627,96261.0,0.0,1.000029,0.0,4,8.976108499569818,0,ended_with_n,11.699011167045683,D10000_seed3_balanced_dynamic_beam_alpha_beta_vs_beam_alpha_beta,3000,300.0,1000,balanced,0,/Users/onumagakuto/Documents/最強しりとり/shiritori_ai/data/dictionaries/D10000_L2-12_seed3.runtime.json,beam_alpha_beta,0.13535366465803236,455202.0,502716.0,balanced:beam_alpha_beta,11394.0,1,0.0,0.0,0.0,0.0,12904.0,0.24422962521202862,8.9,0.1522355,35543.0,0.0,0.238475,0.0,0,2.707073293160647,0e2a353cf636b87b9d894c0bc8c6c36eabfe34874873788f671c13af60a9a07d,tune,41,41,second
d7ab76ddfa00239c45957f8a2264fcc8f4efe898,10000,9430924a31ff3031ca6a0557562252b2a8abd5f2f723486d0145f4d76a139622,9655389c78dc509775999df2e4a5d1582a9b97956cc353e7741341a8d786ad18,3,2f01dfdf19b0f16158714660cf781185c79c4f9500d946201995b5169342095f,beam_alpha_beta,0.12568696651142092,444898.0,490523.0,balanced:beam_alpha_beta,11044.0,1,0.0,0.0,0.0,0.0,11989.0,0.19867412489838898,8.9,0.147008,33687.0,0.0,0.192697,0.0,0,2.513739330228418,0,ended_with_n,10.642455874942243,D10000_seed3_balanced_beam_alpha_beta_vs_dynamic_beam_alpha_beta,3000,300.0,1000,balanced,0,/Users/onumagakuto/Documents/最強しりとり/shiritori_ai/data/dictionaries/D10000_L2-12_seed3.runtime.json,dynamic_beam_alpha_beta,0.4057103668805212,3.0,696599.0,balanced:dynamic_beam_alpha_beta,15692.0,12,0.0,0.0,0.0,0.0,61568.0,1.000044665997848,5.75,0.22435,84505.0,0.0,1.000034,0.0,4,8.114207337610424,0e2a353cf636b87b9d894c0bc8c6c36eabfe34874873788f671c13af60a9a07d,tune,40,40,first
d7ab76ddfa00239c45957f8a2264fcc8f4efe898,10000,9430924a31ff3031ca6a0557562252b2a8abd5f2f723486d0145f4d76a139622,9655389c78dc509775999df2e4a5d1582a9b97956cc353e7741341a8d786ad18,3,2f01dfdf19b0f16158714660cf781185c79c4f9500d946201995b5169342095f,dynamic_beam_pvs,0.43606478360570256,2308.0,964447.0,balanced:dynamic_beam_pvs,23613.0,12,0.0,0.0,0.0,0.0,69906.0,1.0000467079225928,5.714285714285714,0.206708,101180.0,70004.0,1.000037,99.0,6,9.157360455719754,0,ended_with_n,11.826579416869208,D10000_seed3_balanced_dynamic_beam_pvs_vs_beam_alpha_beta,3000,300.0,1000,balanced,0,/Users/onumagakuto/Documents/最強しりとり/shiritori_ai/data/dictionaries/D10000_L2-12_seed3.runtime.json,beam_alpha_beta,0.13270343532785772,454835.0,502346.0,balanced:beam_alpha_beta,11397.0,1,0.0,0.0,0.0,0.0,12880.0,0.24363266699947417,8.9,0.1449385,35524.0,0.0,0.220096,0.0,0,2.6540687065571547,0e2a353cf636b87b9d894c0bc8c6c36eabfe34874873788f671c13af60a9a07d,tune,41,41,second
d7ab76ddfa00239c45957f8a2264fcc8f4efe898,10000,9430924a31ff3031ca6a0557562252b2a8abd5f2f723486d0145f4d76a139622,9655389c78dc509775999df2e4a5d1582a9b97956cc353e7741341a8d786ad18,3,2f01dfdf19b0f16158714660cf781185c79c4f9500d946201995b5169342095f,beam_alpha_beta,0.12383506048936396,438554.0,483598.0,balanced:beam_alpha_beta,10911.0,1,0.0,0.0,0.0,0.0,11828.0,0.19251470919698477,8.9,0.1418455,33232.0,0.0,0.190504,0.0,0,2.4767012097872794,0,ended_with_n,10.731740791816264,D10000_seed3_balanced_beam_alpha_beta_vs_dynamic_beam_pvs,3000,300.0,1000,balanced,0,/Users/onumagakuto/Documents/最強しりとり/shiritori_ai/data/dictionaries/D10000_L2-12_seed3.runtime.json,dynamic_beam_pvs,0.4120058625121601,3.0,806468.0,balanced:dynamic_beam_pvs,19227.0,10,0.0,0.0,0.0,0.0,59875.0,1.0000410000793636,5.8,0.2947915,86639.0,59983.0,1.000038,90.0,4,8.240117250243202,0e2a353cf636b87b9d894c0bc8c6c36eabfe34874873788f671c13af60a9a07d,tune,40,40,first
d7ab76ddfa00239c45957f8a2264fcc8f4efe898,10000,9430924a31ff3031ca6a0557562252b2a8abd5f2f723486d0145f4d76a139622,9655389c78dc509775999df2e4a5d1582a9b97956cc353e7741341a8d786ad18,3,2f01dfdf19b0f16158714660cf781185c79c4f9500d946201995b5169342095f,research_adaptive_beam,0.4063150859883729,540.0,1408078.0,balanced:research_adaptive_beam,34451.0,19,0.0,0.0,0.0,0.0,104026.0,1.0001331251114607,5.319148936170213,0.37699,151143.0,100920.0,1.000019,245.0,6,19.096809041453525,0,ended_with_n,27.340703249908984,D10000_seed3_balanced_research_adaptive_beam_vs_beam_alpha_beta,3000,300.0,1000,balanced,0,/Users/onumagakuto/Documents/最強しりとり/shiritori_ai/data/dictionaries/D10000_L2-12_seed3.runtime.json,beam_alpha_beta,0.1791034157377789,1531048.0,1708363.0,balanced:beam_alpha_beta,44098.0,1,0.0,0.0,0.0,0.0,48736.0,0.4941976252011955,8.956521739130435,0.130937,135834.0,0.0,0.439576,0.0,0,8.23875712393783,0e2a353cf636b87b9d894c0bc8c6c36eabfe34874873788f671c13af60a9a07d,tune,93,93,second
d7ab76ddfa00239c45957f8a2264fcc8f4efe898,10000,9430924a31ff3031ca6a0557562252b2a8abd5f2f723486d0145f4d76a139622,9655389c78dc509775999df2e4a5d1582a9b97956cc353e7741341a8d786ad18,3,2f01dfdf19b0f16158714660cf781185c79c4f9500d946201995b5169342095f,beam_alpha_beta,0.17549211533501918,1327121.0,1475620.0,balanced:beam_alpha_beta,37500.0,1,0.0,0.0,0.0,0.0,39708.0,0.499400082975626,8.953488372093023,0.178074,111966.0,0.0,0.454327,0.0,0,7.5461609594058245,0,ended_with_n,25.387713208096102,D10000_seed3_balanced_beam_alpha_beta_vs_research_adaptive_beam,3000,300.0,1000,balanced,0,/Users/onumagakuto/Documents/最強しりとり/shiritori_ai/data/dictionaries/D10000_L2-12_seed3.runtime.json,research_adaptive_beam,0.4246929375998055,843.0,1399030.0,balanced:research_adaptive_beam,33574.0,22,0.0,0.0,0.0,0.0,79014.0,1.0000326670706272,5.761904761904762,0.329132,124412.0,75417.0,1.000024,184.0,6,17.83710337919183,0e2a353cf636b87b9d894c0bc8c6c36eabfe34874873788f671c13af60a9a07d,tune,85,85,second
d7ab76ddfa00239c45957f8a2264fcc8f4efe898,10000,9430924a31ff3031ca6a0557562252b2a8abd5f2f723486d0145f4d76a139622,9655389c78dc509775999df2e4a5d1582a9b97956cc353e7741341a8d786ad18,3,2f01dfdf19b0f16158714660cf781185c79c4f9500d946201995b5169342095f,endgame_exact_hybrid,0.18149433656332967,1364985.0,1523968.0,balanced:endgame_exact_hybrid,39909.0,1,0.0,0.0,0.0,0.0,40965.0,0.42350183287635446,8.948717948717949,0.170854,119520.0,0.0,0.419446,0.0,0,7.078279125969857,0,ended_with_n,12.61420466704294,D10000_seed3_balanced_endgame_exact_hybrid_vs_beam_alpha_beta,3000,300.0,1000,balanced,0,/Users/onumagakuto/Documents/最強しりとり/shiritori_ai/data/dictionaries/D10000_L2-12_seed3.runtime.json,beam_alpha_beta,0.14121458766002876,1070306.0,1194661.0,balanced:beam_alpha_beta,31030.0,1,0.0,0.0,0.0,0.0,32710.0,0.4310883330181241,8.948717948717949,0.110439,94235.0,0.0,0.341988,0.0,0,5.507368918741122,0e2a353cf636b87b9d894c0bc8c6c36eabfe34874873788f671c13af60a9a07d,tune,78,78,first
d7ab76ddfa00239c45957f8a2264fcc8f4efe898,10000,9430924a31ff3031ca6a0557562252b2a8abd5f2f723486d0145f4d76a139622,9655389c78dc509775999df2e4a5d1582a9b97956cc353e7741341a8d786ad18,3,2f01dfdf19b0f16158714660cf781185c79c4f9500d946201995b5169342095f,beam_alpha_beta,0.18006005873664832,1364985.0,1523968.0,balanced:beam_alpha_beta,39909.0,1,0.0,0.0,0.0,0.0,40965.0,0.42501679179258645,8.948717948717949,0.177387,119520.0,0.0,0.417646,0.0,0,7.022342290729284,0,ended_with_n,12.452744084177539,D10000_seed3_balanced_beam_alpha_beta_vs_endgame_exact_hybrid,3000,300.0,1000,balanced,0,/Users/onumagakuto/Documents/最強しりとり/shiritori_ai/data/dictionaries/D10000_L2-12_seed3.runtime.json,endgame_exact_hybrid,0.1385514306035848,1070306.0,1194660.0,balanced:endgame_exact_hybrid,31030.0,1,0.0,0.0,0.0,0.0,32710.0,0.41696737497113645,8.717948717948717,0.108291,94236.0,0.0,0.341139,0.0,0,5.403505793539807,0e2a353cf636b87b9d894c0bc8c6c36eabfe34874873788f671c13af60a9a07d,tune,78,78,first
d7ab76ddfa00239c45957f8a2264fcc8f4efe898,10000,9430924a31ff3031ca6a0557562252b2a8abd5f2f723486d0145f4d76a139622,9655389c78dc509775999df2e4a5d1582a9b97956cc353e7741341a8d786ad18,3,2f01dfdf19b0f16158714660cf781185c79c4f9500d946201995b5169342095f,integrated_adaptive_hybrid,0.43408339455559414,556.0,1065092.0,balanced:integrated_adaptive_hybrid,26543.0,11,0.0,0.0,0.0,0.0,81803.0,1.0000935839489102,5.0588235294117645,0.380401,115604.0,72100.0,1.000024,189.0,4,14.7588354148902,0,ended_with_n,23.197461833944544,D10000_seed3_balanced_integrated_adaptive_hybrid_vs_beam_alpha_beta,3000,300.0,1000,balanced,0,/Users/onumagakuto/Documents/最強しりとり/shiritori_ai/data/dictionaries/D10000_L2-12_seed3.runtime.json,beam_alpha_beta,0.2549483699470081,1513637.0,1688580.0,balanced:beam_alpha_beta,43913.0,1,0.0,0.0,0.0,0.0,51871.0,0.4698908750433475,8.93939393939394,0.27388,137314.0,0.0,0.459919,0.0,0,8.413296208251268,0e2a353cf636b87b9d894c0bc8c6c36eabfe34874873788f671c13af60a9a07d,tune,67,67,second
d7ab76ddfa00239c45957f8a2264fcc8f4efe898,10000,9430924a31ff3031ca6a0557562252b2a8abd5f2f723486d0145f4d76a139622,9655389c78dc509775999df2e4a5d1582a9b97956cc353e7741341a8d786ad18,3,2f01dfdf19b0f16158714660cf781185c79c4f9500d946201995b5169342095f,beam_alpha_beta,0.21312352472513513,1371405.0,1522276.0,balanced:beam_alpha_beta,37353.0,1,0.0,0.0,0.0,0.0,43266.0,0.4868812500499189,8.945945945945946,0.178644,116369.0,0.0,0.440876,0.0,0,7.885570414829999,0,ended_with_n,23.833452833117917,D10000_seed3_balanced_beam_alpha_beta_vs_integrated_adaptive_hybrid,3000,300.0,1000,balanced,0,/Users/onumagakuto/Documents/最強しりとり/shiritori_ai/data/dictionaries/D10000_L2-12_seed3.runtime.json,integrated_adaptive_hybrid,0.43024791117027605,186.0,1067925.0,balanced:integrated_adaptive_hybrid,24764.0,20,0.0,0.0,0.0,0.0,73906.0,1.000023459084332,5.4324324324324325,0.322283,109000.0,34809.0,1.000021,75.0,5,15.919172713300213,0e2a353cf636b87b9d894c0bc8c6c36eabfe34874873788f671c13af60a9a07d,tune,74,74,first
d7ab76ddfa00239c45957f8a2264fcc8f4efe898,10000,9430924a31ff3031ca6a0557562252b2a8abd5f2f723486d0145f4d76a139622,9655389c78dc509775999df2e4a5d1582a9b97956cc353e7741341a8d786ad18,3,2f01dfdf19b0f16158714660cf781185c79c4f9500d946201995b5169342095f,branch_switch_alpha_beta,0.27095294661390096,1143315.0,1727823.0,aggressive:branch_switch_alpha_beta,44999.0,10,0.0,0.0,0.0,0.0,57947.0,1.000350832939148,8.64102564102564,0.176902,139263.0,0.0,1.000046,0.0,4,10.567164917942137,0,ended_with_n,17.171006166841835,D10000_seed3_aggressive_branch_switch_alpha_beta_vs_beam_alpha_beta,3000,300.0,1000,aggressive,0,/Users/onumagakuto/Documents/最強しりとり/shiritori_ai/data/dictionaries/D10000_L2-12_seed3.runtime.json,beam_alpha_beta,0.17293128287297135,1080997.0,1206783.0,aggressive:beam_alpha_beta,31305.0,1,0.0,0.0,0.0,0.0,32972.0,0.5692391670309007,8.947368421052632,0.1269615,95184.0,0.0,0.527457,0.0,0,6.571388749172911,0e2a353cf636b87b9d894c0bc8c6c36eabfe34874873788f671c13af60a9a07d,tune,77,77,second
d7ab76ddfa00239c45957f8a2264fcc8f4efe898,10000,9430924a31ff3031ca6a0557562252b2a8abd5f2f723486d0145f4d76a139622,9655389c78dc509775999df2e4a5d1582a9b97956cc353e7741341a8d786ad18,3,2f01dfdf19b0f16158714660cf781185c79c4f9500d946201995b5169342095f,beam_alpha_beta,0.15173403326189144,424019.0,468723.0,aggressive:beam_alpha_beta,10948.0,1,0.0,0.0,0.0,0.0,11532.0,0.3014471670612693,8.9,0.1743075,32768.0,0.0,0.25222,0.0,0,3.034680665237829,0,ended_with_n,9.784927750006318,D10000_seed3_aggressive_beam_alpha_beta_vs_branch_switch_alpha_beta,3000,300.0,1000,aggressive,0,/Users/onumagakuto/Documents/最強しりとり/shiritori_ai/data/dictionaries/D10000_L2-12_seed3.runtime.json,branch_switch_alpha_beta,0.3366402729297988,205516.0,581913.0,aggressive:branch_switch_alpha_beta,13151.0,9,0.0,0.0,0.0,0.0,27674.0,1.0001530828885734,7.55,0.141987,49722.0,0.0,1.000071,0.0,4,6.732805458595976,0e2a353cf636b87b9d894c0bc8c6c36eabfe34874873788f671c13af60a9a07d,tune,40,40,first
d7ab76ddfa00239c45957f8a2264fcc8f4efe898,10000,9430924a31ff3031ca6a0557562252b2a8abd5f2f723486d0145f4d76a139622,9655389c78dc509775999df2e4a5d1582a9b97956cc353e7741341a8d786ad18,3,2f01dfdf19b0f16158714660cf781185c79c4f9500d946201995b5169342095f,dynamic_beam_alpha_beta,0.3895210218172343,2308.0,716087.0,aggressive:dynamic_beam_alpha_beta,16478.0,14,0.0,0.0,0.0,0.0,58678.0,1.000050624832511,5.619047619047619,0.199351,81802.0,0.0,1.000033,0.0,4,8.17994145816192,0,ended_with_n,10.901911166962236,D10000_seed3_aggressive_dynamic_beam_alpha_beta_vs_beam_alpha_beta,3000,300.0,1000,aggressive,0,/Users/onumagakuto/Documents/最強しりとり/shiritori_ai/data/dictionaries/D10000_L2-12_seed3.runtime.json,beam_alpha_beta,0.13530859792372213,444061.0,489628.0,aggressive:beam_alpha_beta,10845.0,1,0.0,0.0,0.0,0.0,12411.0,0.22825579112395644,8.9,0.149141,34101.0,0.0,0.211526,0.0,0,2.7061719584744424,0e2a353cf636b87b9d894c0bc8c6c36eabfe34874873788f671c13af60a9a07d,tune,41,41,second
d7ab76ddfa00239c45957f8a2264fcc8f4efe898,10000,9430924a31ff3031ca6a0557562252b2a8abd5f2f723486d0145f4d76a139622,9655389c78dc509775999df2e4a5d1582a9b97956cc353e7741341a8d786ad18,3,2f01dfdf19b0f16158714660cf781185c79c4f9500d946201995b5169342095f,beam_alpha_beta,0.13437908343039454,438554.0,483598.0,aggressive:beam_alpha_beta,10911.0,1,0.0,0.0,0.0,0.0,11828.0,0.2409382921177894,8.9,0.15236850000000002,33232.0,0.0,0.206063,0.0,0,2.6875816686078906,0,ended_with_n,11.380018833093345,D10000_seed3_aggressive_beam_alpha_beta_vs_dynamic_beam_alpha_beta,3000,300.0,1000,aggressive,0,/Users/onumagakuto/Documents/最強しりとり/shiritori_ai/data/dictionaries/D10000_L2-12_seed3.runtime.json,dynamic_beam_alpha_beta,0.4337844313937239,3.0,682412.0,aggressive:dynamic_beam_alpha_beta,15407.0,10,0.0,0.0,0.0,0.0,60178.0,1.0000450420193374,5.8,0.338622,82984.0,0.0,1.000035,0.0,4,8.675688627874479,0e2a353cf636b87b9d894c0bc8c6c36eabfe34874873788f671c13af60a9a07d,tune,40,40,first
d7ab76ddfa00239c45957f8a2264fcc8f4efe898,10000,9430924a31ff3031ca6a0557562252b2a8abd5f2f723486d0145f4d76a139622,9655389c78dc509775999df2e4a5d1582a9b97956cc353e7741341a8d786ad18,3,2f01dfdf19b0f16158714660cf781185c79c4f9500d946201995b5169342095f,dynamic_beam_pvs,0.42789701774849426,2308.0,817565.0,aggressive:dynamic_beam_pvs,19633.0,12,0.0,0.0,0.0,0.0,55484.0,1.0000630840659142,5.619047619047619,0.202953,82039.0,55593.0,1.000051,90.0,5,8.985837372718379,0,ended_with_n,11.972746792016551,D10000_seed3_aggressive_dynamic_beam_pvs_vs_beam_alpha_beta,3000,300.0,1000,aggressive,0,/Users/onumagakuto/Documents/最強しりとり/shiritori_ai/data/dictionaries/D10000_L2-12_seed3.runtime.json,beam_alpha_beta,0.14846818530932068,434762.0,479484.0,aggressive:beam_alpha_beta,10644.0,1,0.0,0.0,0.0,0.0,12167.0,0.28661349997855723,8.9,0.135243,33435.0,0.0,0.256558,0.0,0,2.9693637061864138,0e2a353cf636b87b9d894c0bc8c6c36eabfe34874873788f671c13af60a9a07d,tune,41,41,second
d7ab76ddfa00239c45957f8a2264fcc8f4efe898,10000,9430924a31ff3031ca6a0557562252b2a8abd5f2f723486d0145f4d76a139622,9655389c78dc509775999df2e4a5d1582a9b97956cc353e7741341a8d786ad18,3,2f01dfdf19b0f16158714660cf781185c79c4f9500d946201995b5169342095f,beam_alpha_beta,0.1288954416755587,438554.0,483598.0,aggressive:beam_alpha_beta,10911.0,1,0.0,0.0,0.0,0.0,11828.0,0.21699862508103251,8.9,0.14691300000000002,33232.0,0.0,0.19937,0.0,0,2.5779088335111737,0,ended_with_n,10.942989542149007,D10000_seed3_aggressive_beam_alpha_beta_vs_dynamic_beam_pvs,3000,300.0,1000,aggressive,0,/Users/onumagakuto/Documents/最強しりとり/shiritori_ai/data/dictionaries/D10000_L2-12_seed3.runtime.json,dynamic_beam_pvs,0.4175064625102095,3.0,795941.0,aggressive:dynamic_beam_pvs,18940.0,10,0.0,0.0,0.0,0.0,58295.0,1.0000430829823017,5.8,0.3071295,84622.0,58404.0,1.00003,90.0,4,8.35012925020419,0e2a353cf636b87b9d894c0bc8c6c36eabfe34874873788f671c13af60a9a07d,tune,40,40,first
d7ab76ddfa00239c45957f8a2264fcc8f4efe898,10000,9430924a31ff3031ca6a0557562252b2a8abd5f2f723486d0145f4d76a139622,9655389c78dc509775999df2e4a5d1582a9b97956cc353e7741341a8d786ad18,3,2f01dfdf19b0f16158714660cf781185c79c4f9500d946201995b5169342095f,research_adaptive_beam,0.41353529268461797,800.0,1299117.0,aggressive:research_adaptive_beam,30993.0,17,0.0,0.0,0.0,0.0,95559.0,1.0001175829675049,5.555555555555555,0.368636,137820.0,92518.0,1.000017,209.0,5,18.60908817080781,0,ended_with_n,27.15636641695164,D10000_seed3_aggressive_research_adaptive_beam_vs_beam_alpha_beta,3000,300.0,1000,aggressive,0,/Users/onumagakuto/Documents/最強しりとり/shiritori_ai/data/dictionaries/D10000_L2-12_seed3.runtime.json,beam_alpha_beta,0.194144781276753,1422524.0,1579595.0,aggressive:beam_alpha_beta,39497.0,3,0.0,0.0,0.0,0.0,41830.0,0.8215665000025183,8.909090909090908,0.1857545,118388.0,0.0,0.438971,0.0,0,8.542370376177132,0e2a353cf636b87b9d894c0bc8c6c36eabfe34874873788f671c13af60a9a07d,tune,89,89,second
d7ab76ddfa00239c45957f8a2264fcc8f4efe898,10000,9430924a31ff3031ca6a0557562252b2a8abd5f2f723486d0145f4d76a139622,9655389c78dc509775999df2e4a5d1582a9b97956cc353e7741341a8d786ad18,3,2f01dfdf19b0f16158714660cf781185c79c4f9500d946201995b5169342095f,beam_alpha_beta,0.17745449502087599,1251274.0,1391362.0,aggressive:beam_alpha_beta,35509.0,1,0.0,0.0,0.0,0.0,38805.0,0.5120642499532551,8.952380952380953,0.1926365,107016.0,0.0,0.460537,0.0,0,7.453088790876791,0,ended_with_n,24.700558207929134,D10000_seed3_aggressive_beam_alpha_beta_vs_research_adaptive_beam,3000,300.0,1000,aggressive,0,/Users/onumagakuto/Documents/最強しりとり/shiritori_ai/data/dictionaries/D10000_L2-12_seed3.runtime.json,research_adaptive_beam,0.42055999595535604,904.0,1448854.0,aggressive:research_adaptive_beam,34892.0,22,0.0,0.0,0.0,0.0,77296.0,1.0000288339797407,5.7317073170731705,0.323395,123391.0,80064.0,1.000024,221.0,5,17.242959834169596,0e2a353cf636b87b9d894c0bc8c6c36eabfe34874873788f671c13af60a9a07d,tune,83,83,second
d7ab76ddfa00239c45957f8a2264fcc8f4efe898,10000,9430924a31ff3031ca6a0557562252b2a8abd5f2f723486d0145f4d76a139622,9655389c78dc509775999df2e4a5d1582a9b97956cc353e7741341a8d786ad18,3,2f01dfdf19b0f16158714660cf781185c79c4f9500d946201995b5169342095f,endgame_exact_hybrid,0.19223794124375743,1364985.0,1523968.0,aggressive:endgame_exact_hybrid,39909.0,1,0.0,0.0,0.0,0.0,40965.0,0.4846717498730868,8.948717948717949,0.179528,119520.0,0.0,0.454237,0.0,0,7.4972797085065395,0,ended_with_n,13.358874791068956,D10000_seed3_aggressive_endgame_exact_hybrid_vs_beam_alpha_beta,3000,300.0,1000,aggressive,0,/Users/onumagakuto/Documents/最強しりとり/shiritori_ai/data/dictionaries/D10000_L2-12_seed3.runtime.json,beam_alpha_beta,0.1495473267785154,1070306.0,1194661.0,aggressive:beam_alpha_beta,31030.0,1,0.0,0.0,0.0,0.0,32710.0,0.4674627501517534,8.948717948717949,0.116787,94235.0,0.0,0.404302,0.0,0,5.832345744362101,0e2a353cf636b87b9d894c0bc8c6c36eabfe34874873788f671c13af60a9a07d,tune,78,78,first
d7ab76ddfa00239c45957f8a2264fcc8f4efe898,10000,9430924a31ff3031ca6a0557562252b2a8abd5f2f723486d0145f4d76a139622,9655389c78dc509775999df2e4a5d1582a9b97956cc353e7741341a8d786ad18,3,2f01dfdf19b0f16158714660cf781185c79c4f9500d946201995b5169342095f,beam_alpha_beta,0.19592157593713358,1364985.0,1523968.0,aggressive:beam_alpha_beta,39909.0,1,0.0,0.0,0.0,0.0,40965.0,0.46949758287519217,8.948717948717949,0.183994,119520.0,0.0,0.452402,0.0,0,7.640941461548209,0,ended_with_n,13.74533470813185,D10000_seed3_aggressive_beam_alpha_beta_vs_endgame_exact_hybrid,3000,300.0,1000,aggressive,0,/Users/onumagakuto/Documents/最強しりとり/shiritori_ai/data/dictionaries/D10000_L2-12_seed3.runtime.json,endgame_exact_hybrid,0.15577614962911376,1070306.0,1194660.0,aggressive:endgame_exact_hybrid,31030.0,1,0.0,0.0,0.0,0.0,32710.0,0.4709009169600904,8.717948717948717,0.131089,94236.0,0.0,0.447313,0.0,0,6.075269835535437,0e2a353cf636b87b9d894c0bc8c6c36eabfe34874873788f671c13af60a9a07d,tune,78,78,first
d7ab76ddfa00239c45957f8a2264fcc8f4efe898,10000,9430924a31ff3031ca6a0557562252b2a8abd5f2f723486d0145f4d76a139622,9655389c78dc509775999df2e4a5d1582a9b97956cc353e7741341a8d786ad18,3,2f01dfdf19b0f16158714660cf781185c79c4f9500d946201995b5169342095f,integrated_adaptive_hybrid,0.43042340484933683,673.0,1318964.0,aggressive:integrated_adaptive_hybrid,31898.0,28,0.0,0.0,0.0,0.0,77126.0,1.000100249890238,5.521739130434782,0.2798555,120041.0,66274.0,1.000024,186.0,8,19.799476623069495,0,ended_with_n,29.164721458917484,D10000_seed3_aggressive_integrated_adaptive_hybrid_vs_beam_alpha_beta,3000,300.0,1000,aggressive,0,/Users/onumagakuto/Documents/最強しりとり/shiritori_ai/data/dictionaries/D10000_L2-12_seed3.runtime.json,beam_alpha_beta,0.20273474273879244,1436064.0,1598502.0,aggressive:beam_alpha_beta,40931.0,1,0.0,0.0,0.0,0.0,44482.0,0.473813708871603,8.891304347826088,0.209475,123199.0,0.0,0.423876,0.0,0,9.325798165984452,0e2a353cf636b87b9d894c0bc8c6c36eabfe34874873788f671c13af60a9a07d,tune,92,92,first
d7ab76ddfa00239c45957f8a2264fcc8f4efe898,10000,9430924a31ff3031ca6a0557562252b2a8abd5f2f723486d0145f4d76a139622,9655389c78dc509775999df2e4a5d1582a9b97956cc353e7741341a8d786ad18,3,2f01dfdf19b0f16158714660cf781185c79c4f9500d946201995b5169342095f,beam_alpha_beta,0.26687974078554866,1576115.0,1745279.0,aggressive:beam_alpha_beta,41977.0,1,0.0,0.0,0.0,0.0,50398.0,0.5164668341167271,8.944444444444445,0.26905049999999997,132617.0,0.0,0.476022,0.0,0,9.607670668279752,0,ended_with_n,25.3340794169344,D10000_seed3_aggressive_beam_alpha_beta_vs_integrated_adaptive_hybrid,3000,300.0,1000,aggressive,0,/Users/onumagakuto/Documents/最強しりとり/shiritori_ai/data/dictionaries/D10000_L2-12_seed3.runtime.json,integrated_adaptive_hybrid,0.43604790050691616,186.0,977358.0,aggressive:integrated_adaptive_hybrid,23608.0,18,0.0,0.0,0.0,0.0,59906.0,1.0000386249739677,5.138888888888889,0.3294045,90602.0,42880.0,1.000034,161.0,7,15.697724418248981,0e2a353cf636b87b9d894c0bc8c6c36eabfe34874873788f671c13af60a9a07d,tune,72,72,first
d7ab76ddfa00239c45957f8a2264fcc8f4efe898,10000,111970c79836f310a1c9dac9d12efec6728a91c2dcdec5d45abc93eb83f42f02,35e9227570c996ccac4b63270c44f70172e04d094ba16a13f1f9d3ee41415bff,4,2f01dfdf19b0f16158714660cf781185c79c4f9500d946201995b5169342095f,branch_switch_alpha_beta,0.3550892605953641,968802.0,3077598.0,conservative:branch_switch_alpha_beta,69237.0,34,0.0,0.0,0.0,0.0,127106.0,1.0001520419027656,7.402985074626866,0.16112,229724.0,0.0,1.000044,0.0,15,23.790980459889397,0,ended_with_n,37.8628882500343,D10000_seed4_conservative_branch_switch_alpha_beta_vs_beam_alpha_beta,4000,300.0,1000,conservative,0,/Users/onumagakuto/Documents/最強しりとり/shiritori_ai/data/dictionaries/D10000_L2-12_seed4.runtime.json,beam_alpha_beta,0.21236152027620736,2341843.0,2560030.0,conservative:beam_alpha_beta,53859.0,1,0.0,0.0,0.0,0.0,60771.0,0.445590415969491,8.969696969696969,0.20282899999999998,165629.0,0.0,0.375208,0.0,0,14.015860338229686,0e2a353cf636b87b9d894c0bc8c6c36eabfe34874873788f671c13af60a9a07d,tune,133,133,second
d7ab76ddfa00239c45957f8a2264fcc8f4efe898,10000,111970c79836f310a1c9dac9d12efec6728a91c2dcdec5d45abc93eb83f42f02,35e9227570c996ccac4b63270c44f70172e04d094ba16a13f1f9d3ee41415bff,4,2f01dfdf19b0f16158714660cf781185c79c4f9500d946201995b5169342095f,beam_alpha_beta,0.26588480500504375,985430.0,1091997.0,conservative:beam_alpha_beta,27271.0,3,0.0,0.0,0.0,0.0,30051.0,0.8399815000593662,8.84,0.218409,81617.0,0.0,0.524908,0.0,0,6.647120125126094,0,ended_with_n,14.332793916808441,D10000_seed4_conservative_beam_alpha_beta_vs_branch_switch_alpha_beta,4000,300.0,1000,conservative,0,/Users/onumagakuto/Documents/最強しりとり/shiritori_ai/data/dictionaries/D10000_L2-12_seed4.runtime.json,branch_switch_alpha_beta,0.3065763217397034,304563.0,851301.0,conservative:branch_switch_alpha_beta,19938.0,11,0.0,0.0,0.0,0.0,35867.0,1.003794457996264,8.16,0.15673,68997.0,0.0,1.000135,0.0,5,7.664408043492585,0e2a353cf636b87b9d894c0bc8c6c36eabfe34874873788f671c13af60a9a07d,tune,50,50,first
d7ab76ddfa00239c45957f8a2264fcc8f4efe898,10000,111970c79836f310a1c9dac9d12efec6728a91c2dcdec5d45abc93eb83f42f02,35e9227570c996ccac4b63270c44f70172e04d094ba16a13f1f9d3ee41415bff,4,2f01dfdf19b0f16158714660cf781185c79c4f9500d946201995b5169342095f,dynamic_beam_alpha_beta,0.4168784760314828,2975.0,664921.0,conservative:dynamic_beam_alpha_beta,15686.0,13,0.0,0.0,0.0,0.0,68209.0,1.0000569999683648,5.6923076923076925,0.30622150000000004,91099.0,0.0,1.000036,0.0,4,10.838840376818553,0,ended_with_n,16.991226375102997,D10000_seed4_conservative_dynamic_beam_alpha_beta_vs_beam_alpha_beta,4000,300.0,1000,conservative,0,/Users/onumagakuto/Documents/最強しりとり/shiritori_ai/data/dictionaries/D10000_L2-12_seed4.runtime.json,beam_alpha_beta,0.235690708236339,818109.0,902978.0,conservative:beam_alpha_beta,21244.0,1,0.0,0.0,0.0,0.0,23248.0,0.5006412088405341,8.923076923076923,0.288008,64572.0,0.0,0.455632,0.0,0,6.127958414144814,0e2a353cf636b87b9d894c0bc8c6c36eabfe34874873788f671c13af60a9a07d,tune,52,52,first
d7ab76ddfa00239c45957f8a2264fcc8f4efe898,10000,111970c79836f310a1c9dac9d12efec6728a91c2dcdec5d45abc93eb83f42f02,35e9227570c996ccac4b63270c44f70172e04d094ba16a13f1f9d3ee41415bff,4,2f01dfdf19b0f16158714660cf781185c79c4f9500d946201995b5169342095f,beam_alpha_beta,0.2041464315594307,886802.0,979940.0,conservative:beam_alpha_beta,23442.0,1,0.0,0.0,0.0,0.0,26094.0,0.4246022920124233,8.928571428571429,0.24255300000000002,71368.0,0.0,0.409715,0.0,0,5.71610008366406,0,ended_with_n,17.079603832913563,D10000_seed4_conservative_beam_alpha_beta_vs_dynamic_beam_alpha_beta,4000,300.0,1000,conservative,0,/Users/onumagakuto/Documents/最強しりとり/shiritori_ai/data/dictionaries/D10000_L2-12_seed4.runtime.json,dynamic_beam_alpha_beta,0.4199552516780656,705.0,853573.0,conservative:dynamic_beam_alpha_beta,20269.0,11,0.0,0.0,0.0,0.0,82784.0,1.0000368340406567,5.851851851851852,0.389931,111635.0,0.0,1.000031,0.0,4,11.33879179530777,0e2a353cf636b87b9d894c0bc8c6c36eabfe34874873788f671c13af60a9a07d,tune,55,55,second
d7ab76ddfa00239c45957f8a2264fcc8f4efe898,10000,111970c79836f310a1c9dac9d12efec6728a91c2dcdec5d45abc93eb83f42f02,35e9227570c996ccac4b63270c44f70172e04d094ba16a13f1f9d3ee41415bff,4,2f01dfdf19b0f16158714660cf781185c79c4f9500d946201995b5169342095f,dynamic_beam_pvs,0.42914460083613026,2975.0,760456.0,conservative:dynamic_beam_pvs,18891.0,17,0.0,0.0,0.0,0.0,64178.0,1.0000669579021633,5.769230769230769,0.23528749999999998,90453.0,66387.0,1.000055,152.0,6,11.157759621739388,0,ended_with_n,17.519610500195995,D10000_seed4_conservative_dynamic_beam_pvs_vs_beam_alpha_beta,4000,300.0,1000,conservative,0,/Users/onumagakuto/Documents/最強しりとり/shiritori_ai/data/dictionaries/D10000_L2-12_seed4.runtime.json,beam_alpha_beta,0.2436021811221368,818109.0,902978.0,conservative:beam_alpha_beta,21244.0,1,0.0,0.0,0.0,0.0,23248.0,0.5215987921692431,8.923076923076923,0.3062955,64572.0,0.0,0.479716,0.0,0,6.333656709175557,0e2a353cf636b87b9d894c0bc8c6c36eabfe34874873788f671c13af60a9a07d,tune,52,52,first
d7ab76ddfa00239c45957f8a2264fcc8f4efe898,10000,111970c79836f310a1c9dac9d12efec6728a91c2dcdec5d45abc93eb83f42f02,35e9227570c996ccac4b63270c44f70172e04d094ba16a13f1f9d3ee41415bff,4,2f01dfdf19b0f16158714660cf781185c79c4f9500d946201995b5169342095f,beam_alpha_beta,0.23717674687159834,902574.0,997043.0,conservative:beam_alpha_beta,23702.0,1,0.0,0.0,0.0,0.0,26558.0,0.49590174993500113,8.925925925925926,0.270336,72573.0,0.0,0.47853,0.0,0,6.403772165533155,0,ended_with_n,17.21516324998811,D10000_seed4_conservative_beam_alpha_beta_vs_dynamic_beam_pvs,4000,300.0,1000,conservative,0,/Users/onumagakuto/Documents/最強しりとり/shiritori_ai/data/dictionaries/D10000_L2-12_seed4.runtime.json,dynamic_beam_pvs,0.4148199359456507,698.0,804715.0,conservative:dynamic_beam_pvs,19979.0,17,0.0,0.0,0.0,0.0,66233.0,1.000408667139709,5.769230769230769,0.2017985,93673.0,68425.0,1.000081,166.0,7,10.785318334586918,0e2a353cf636b87b9d894c0bc8c6c36eabfe34874873788f671c13af60a9a07d,tune,53,53,second
d7ab76ddfa00239c45957f8a2264fcc8f4efe898,10000,111970c79836f310a1c9dac9d12efec6728a91c2dcdec5d45abc93eb83f42f02,35e9227570c996ccac4b63270c44f70172e04d094ba16a13f1f9d3ee41415bff,4,2f01dfdf19b0f16158714660cf781185c79c4f9500d946201995b5169342095f,research_adaptive_beam,0.41029872595726585,1016.0,1425059.0,conservative:research_adaptive_beam,34288.0,19,0.0,0.0,0.0,0.0,92001.0,1.0000996249727905,5.115384615384615,0.33892100000000003,137848.0,91384.0,1.000023,369.0,5,21.335533749777824,0,ended_with_n,34.30980379204266,D10000_seed4_conservative_research_adaptive_beam_vs_beam_alpha_beta,4000,300.0,1000,conservative,0,/Users/onumagakuto/Documents/最強しりとり/shiritori_ai/data/dictionaries/D10000_L2-12_seed4.runtime.json,beam_alpha_beta,0.2493728237101235,1896685.0,2089637.0,conservative:beam_alpha_beta,48850.0,3,0.0,0.0,0.0,0.0,57756.0,0.6114766250830144,8.923076923076923,0.25353899999999996,151205.0,0.0,0.480877,0.0,0,12.967386832926422,0e2a353cf636b87b9d894c0bc8c6c36eabfe34874873788f671c13af60a9a07d,tune,104,104,first
d7ab76ddfa00239c45957f8a2264fcc8f4efe898,10000,111970c79836f310a1c9dac9d12efec6728a91c2dcdec5d45abc93eb83f42f02,35e9227570c996ccac4b63270c44f70172e04d094ba16a13f1f9d3ee41415bff,4,2f01dfdf19b0f16158714660cf781185c79c4f9500d946201995b5169342095f,beam_alpha_beta,0.22912398611402346,1725465.0,1899053.0,conservative:beam_alpha_beta,45000.0,7,0.0,0.0,0.0,0.0,46569.0,0.605620332993567,8.755555555555556,0.210434,131090.0,0.0,0.576954,0.0,0,10.310579375131056,0,ended_with_n,29.76186649990268,D10000_seed4_conservative_beam_alpha_beta_vs_research_adaptive_beam,4000,300.0,1000,conservative,0,/Users/onumagakuto/Documents/最強しりとり/shiritori_ai/data/dictionaries/D10000_L2-12_seed4.runtime.json,research_adaptive_beam,0.4321361064600448,780.0,1030564.0,conservative:research_adaptive_beam,24224.0,24,0.0,0.0,0.0,0.0,70906.0,1.0000326670706272,5.511111111111111,0.268567,105157.0,69212.0,1.000023,282.0,8,19.446124790702015,0e2a353cf636b87b9d894c0bc8c6c36eabfe34874873788f671c13af60a9a07d,tune,90,90,first
d7ab76ddfa00239c45957f8a2264fcc8f4efe898,10000,111970c79836f310a1c9dac9d12efec6728a91c2dcdec5d45abc93eb83f42f02,35e9227570c996ccac4b63270c44f70172e04d094ba16a13f1f9d3ee41415bff,4,2f01dfdf19b0f16158714660cf781185c79c4f9500d946201995b5169342095f,endgame_exact_hybrid,0.230549017039056,1465189.0,1606883.0,conservative:endgame_exact_hybrid,34892.0,1,0.0,0.0,0.0,0.0,42032.0,0.428731458960101,8.948717948717949,0.223778,110548.0,0.0,0.42472,0.0,0,8.991411664523184,0,ended_with_n,18.327210542047396,D10000_seed4_conservative_endgame_exact_hybrid_vs_beam_alpha_beta,4000,300.0,1000,conservative,0,/Users/onumagakuto/Documents/最強しりとり/shiritori_ai/data/dictionaries/D10000_L2-12_seed4.runtime.json,beam_alpha_beta,0.23861652779249617,1504558.0,1651989.0,conservative:beam_alpha_beta,36341.0,1,0.0,0.0,0.0,0.0,45020.0,0.4236767920665443,8.948717948717949,0.293814,116553.0,0.0,0.394299,0.0,0,9.306044583907351,0e2a353cf636b87b9d894c0bc8c6c36eabfe34874873788f671c13af60a9a07d,tune,78,78,first
d7ab76ddfa00239c45957f8a2264fcc8f4efe898,10000,111970c79836f310a1c9dac9d12efec6728a91c2dcdec5d45abc93eb83f42f02,35e9227570c996ccac4b63270c44f70172e04d094ba16a13f1f9d3ee41415bff,4,2f01dfdf19b0f16158714660cf781185c79c4f9500d946201995b5169342095f,beam_alpha_beta,0.24084852143931082,1465189.0,1606883.0,conservative:beam_alpha_beta,34892.0,1,0.0,0.0,0.0,0.0,42032.0,0.42431087512522936,8.948717948717949,0.241929,110548.0,0.0,0.41716,0.0,0,9.393092336133122,0,ended_with_n,18.890407541999593,D10000_seed4_conservative_beam_alpha_beta_vs_endgame_exact_hybrid,4000,300.0,1000,conservative,0,/Users/onumagakuto/Documents/最強しりとり/shiritori_ai/data/dictionaries/D10000_L2-12_seed4.runtime.json,endgame_exact_hybrid,0.24269422963381004,1504558.0,1651988.0,conservative:endgame_exact_hybrid,36341.0,1,0.0,0.0,0.0,0.0,45020.0,0.4454248750116676,8.717948717948717,0.298442,116554.0,0.0,0.391771,0.0,0,9.465074955718592,0e2a353cf636b87b9d894c0bc8c6c36eabfe34874873788f671c13af60a9a07d,tune,78,78,first
d7ab76ddfa00239c45957f8a2264fcc8f4efe898,10000,111970c79836f310a1c9dac9d12efec6728a91c2dcdec5d45abc93eb83f42f02,35e9227570c996ccac4b63270c44f70172e04d094ba16a13f1f9d3ee41415bff,4,2f01dfdf19b0f16158714660cf781185c79c4f9500d946201995b5169342095f,integrated_adaptive_hybrid,0.43760656523637664,920.0,1122460.0,conservative:integrated_adaptive_hybrid,27192.0,21,0.0,0.0,0.0,0.0,82282.0,1.0001260829158127,5.512820512820513,0.346187,118652.0,75597.0,1.00007,222.0,5,17.06665604421869,0,ended_with_n,26.95293724979274,D10000_seed4_conservative_integrated_adaptive_hybrid_vs_beam_alpha_beta,4000,300.0,1000,conservative,0,/Users/onumagakuto/Documents/最強しりとり/shiritori_ai/data/dictionaries/D10000_L2-12_seed4.runtime.json,beam_alpha_beta,0.2526261292947217,1535242.0,1690687.0,conservative:beam_alpha_beta,39157.0,1,0.0,0.0,0.0,0.0,44695.0,0.5493580840993673,8.897435897435898,0.262845,120470.0,0.0,0.443677,0.0,0,9.852419042494148,0e2a353cf636b87b9d894c0bc8c6c36eabfe34874873788f671c13af60a9a07d,tune,78,78,first
d7ab76ddfa00239c45957f8a2264fcc8f4efe898,10000,111970c79836f310a1c9dac9d12efec6728a91c2dcdec5d45abc93eb83f42f02,35e9227570c996ccac4b63270c44f70172e04d094ba16a13f1f9d3ee41415bff,4,2f01dfdf19b0f16158714660cf781185c79c4f9500d946201995b5169342095f,beam_alpha_beta,0.28140863518430187,4265086.0,4718002.0,conservative:beam_alpha_beta,109289.0,1,0.0,0.0,0.0,0.0,132196.0,0.541860707802698,8.979591836734693,0.2478555,352330.0,0.0,0.488429,0.0,0,27.578046248061582,0,ended_with_n,67.43103191722184,D10000_seed4_conservative_beam_alpha_beta_vs_integrated_adaptive_hybrid,4000,300.0,1000,conservative,0,/Users/onumagakuto/Documents/最強しりとり/shiritori_ai/data/dictionaries/D10000_L2-12_seed4.runtime.json,integrated_adaptive_hybrid,0.40581938898551984,1712.0,2441754.0,conservative:integrated_adaptive_hybrid,61212.0,48,0.0,0.0,0.0,0.0,241373.0,1.0000294998753816,4.459183673469388,0.323094,320439.0,219707.0,1.000022,1037.0,5,39.77030012058094,0e2a353cf636b87b9d894c0bc8c6c36eabfe34874873788f671c13af60a9a07d,tune,196,196,first
d7ab76ddfa00239c45957f8a2264fcc8f4efe898,10000,111970c79836f310a1c9dac9d12efec6728a91c2dcdec5d45abc93eb83f42f02,35e9227570c996ccac4b63270c44f70172e04d094ba16a13f1f9d3ee41415bff,4,2f01dfdf19b0f16158714660cf781185c79c4f9500d946201995b5169342095f,branch_switch_alpha_beta,0.3862359267331555,1326439.0,3307260.0,balanced:branch_switch_alpha_beta,73474.0,34,0.0,0.0,0.0,0.0,116057.0,1.0001606249716133,7.971830985915493,0.224911,228700.0,0.0,1.000048,0.0,16,27.42275079805404,0,ended_with_n,44.5311438748613,D10000_seed4_balanced_branch_switch_alpha_beta_vs_beam_alpha_beta,4000,300.0,1000,balanced,0,/Users/onumagakuto/Documents/最強しりとり/shiritori_ai/data/dictionaries/D10000_L2-12_seed4.runtime.json,beam_alpha_beta,0.24348719346203973,2465479.0,2692955.0,balanced:beam_alpha_beta,56047.0,1,0.0,0.0,0.0,0.0,62587.0,0.5521364589221776,8.971428571428572,0.2327015,171806.0,0.0,0.442876,0.0,0,17.044103542342782,0e2a353cf636b87b9d894c0bc8c6c36eabfe34874873788f671c13af60a9a07d,tune,141,141,second
d7ab76ddfa00239c45957f8a2264fcc8f4efe898,10000,111970c79836f310a1c9dac9d12efec6728a91c2dcdec5d45abc93eb83f42f02,35e9227570c996ccac4b63270c44f70172e04d094ba16a13f1f9d3ee41415bff,4,2f01dfdf19b0f16158714660cf781185c79c4f9500d946201995b5169342095f,beam_alpha_beta,0.2900131634157151,1005854.0,1114529.0,balanced:beam_alpha_beta,27725.0,1,0.0,0.0,0.0,0.0,30665.0,0.5605453329626471,8.92,0.268721,83288.0,0.0,0.556083,0.0,0,7.2503290853928775,0,ended_with_n,15.236605458892882,D10000_seed4_balanced_beam_alpha_beta_vs_branch_switch_alpha_beta,4000,300.0,1000,balanced,0,/Users/onumagakuto/Documents/最強しりとり/shiritori_ai/data/dictionaries/D10000_L2-12_seed4.runtime.json,branch_switch_alpha_beta,0.3185433384031057,304563.0,845032.0,balanced:branch_switch_alpha_beta,19821.0,11,0.0,0.0,0.0,0.0,35050.0,1.0001385000068694,8.16,0.18284,67935.0,0.0,1.000051,0.0,5,7.963583460077643,0e2a353cf636b87b9d894c0bc8c6c36eabfe34874873788f671c13af60a9a07d,tune,50,50,first
d7ab76ddfa00239c45957f8a2264fcc8f4efe898,10000,111970c79836f310a1c9dac9d12efec6728a91c2dcdec5d45abc93eb83f42f02,35e9227570c996ccac4b63270c44f70172e04d094ba16a13f1f9d3ee41415bff,4,2f01dfdf19b0f16158714660cf781185c79c4f9500d946201995b5169342095f,dynamic_beam_alpha_beta,0.42134614512151863,3042.0,831080.0,balanced:dynamic_beam_alpha_beta,19683.0,15,0.0,0.0,0.0,0.0,71890.0,1.0000600840430707,6.0,0.308332,99700.0,0.0,1.000044,0.0,4,11.376345918281004,0,ended_with_n,16.772560333134606,D10000_seed4_balanced_dynamic_beam_alpha_beta_vs_beam_alpha_beta,4000,300.0,1000,balanced,0,/Users/onumagakuto/Documents/最強しりとり/shiritori_ai/data/dictionaries/D10000_L2-12_seed4.runtime.json,beam_alpha_beta,0.19889995980904335,800475.0,883769.0,balanced:beam_alpha_beta,21031.0,1,0.0,0.0,0.0,0.0,22609.0,0.41283487481996417,8.925925925925926,0.254739,63069.0,0.0,0.401156,0.0,0,5.37029891484417,0e2a353cf636b87b9d894c0bc8c6c36eabfe34874873788f671c13af60a9a07d,tune,54,54,first
d7ab76ddfa00239c45957f8a2264fcc8f4efe898,10000,111970c79836f310a1c9dac9d12efec6728a91c2dcdec5d45abc93eb83f42f02,35e9227570c996ccac4b63270c44f70172e04d094ba16a13f1f9d3ee41415bff,4,2f01dfdf19b0f16158714660cf781185c79c4f9500d946201995b5169342095f,beam_alpha_beta,0.1926362991050285,884794.0,977664.0,balanced:beam_alpha_beta,23480.0,1,0.0,0.0,0.0,0.0,25913.0,0.44127508299425244,8.928571428571429,0.216242,71052.0,0.0,0.407023,0.0,0,5.393816374940798,0,ended_with_n,16.066884124884382,D10000_seed4_balanced_beam_alpha_beta_vs_dynamic_beam_alpha_beta,4000,300.0,1000,balanced,0,/Users/onumagakuto/Documents/最強しりとり/shiritori_ai/data/dictionaries/D10000_L2-12_seed4.runtime.json,dynamic_beam_alpha_beta,0.39448141969774886,763.0,938192.0,balanced:dynamic_beam_alpha_beta,22214.0,13,0.0,0.0,0.0,0.0,76689.0,1.000050624832511,6.074074074074074,0.284594,107211.0,0.0,1.000035,0.0,3,10.650998331839219,0e2a353cf636b87b9d894c0bc8c6c36eabfe34874873788f671c13af60a9a07d,tune,55,55,second
d7ab76ddfa00239c45957f8a2264fcc8f4efe898,10000,111970c79836f310a1c9dac9d12efec6728a91c2dcdec5d45abc93eb83f42f02,35e9227570c996ccac4b63270c44f70172e04d094ba16a13f1f9d3ee41415bff,4,2f01dfdf19b0f16158714660cf781185c79c4f9500d946201995b5169342095f,dynamic_beam_pvs,0.38363879167957715,3040.0,1003700.0,balanced:dynamic_beam_pvs,25069.0,15,0.0,0.0,0.0,0.0,80267.0,1.0000533750280738,6.185185185185185,0.200199,116079.0,84525.0,1.000028,162.0,5,10.358247375348583,0,ended_with_n,15.164600708056241,D10000_seed4_balanced_dynamic_beam_pvs_vs_beam_alpha_beta,4000,300.0,1000,balanced,0,/Users/onumagakuto/Documents/最強しりとり/shiritori_ai/data/dictionaries/D10000_L2-12_seed4.runtime.json,beam_alpha_beta,0.17724202932893401,849827.0,937594.0,balanced:beam_alpha_beta,22062.0,1,0.0,0.0,0.0,0.0,24002.0,0.4418489998206496,8.925925925925926,0.218552,66681.0,0.0,0.351196,0.0,0,4.7855347918812186,0e2a353cf636b87b9d894c0bc8c6c36eabfe34874873788f671c13af60a9a07d,tune,54,54,first
d7ab76ddfa00239c45957f8a2264fcc8f4efe898,10000,111970c79836f310a1c9dac9d12efec6728a91c2dcdec5d45abc93eb83f42f02,35e9227570c996ccac4b63270c44f70172e04d094ba16a13f1f9d3ee41415bff,4,2f01dfdf19b0f16158714660cf781185c79c4f9500d946201995b5169342095f,beam_alpha_beta,0.20780088543792122,934236.0,1031603.0,balanced:beam_alpha_beta,24520.0,1,0.0,0.0,0.0,0.0,27312.0,0.45008979202248156,8.928571428571429,0.25191399999999997,74682.0,0.0,0.401482,0.0,0,5.818424792261794,0,ended_with_n,16.512068500043824,D10000_seed4_balanced_beam_alpha_beta_vs_dynamic_beam_pvs,4000,300.0,1000,balanced,0,/Users/onumagakuto/Documents/最強しりとり/shiritori_ai/data/dictionaries/D10000_L2-12_seed4.runtime.json,dynamic_beam_pvs,0.3952060539741069,761.0,1003937.0,balanced:dynamic_beam_pvs,25028.0,15,0.0,0.0,0.0,0.0,77516.0,1.000040041981265,6.185185185185185,0.227152,112783.0,81752.0,1.000037,179.0,5,10.670563457300887,0e2a353cf636b87b9d894c0bc8c6c36eabfe34874873788f671c13af60a9a07d,tune,55,55,second
d7ab76ddfa00239c45957f8a2264fcc8f4efe898,10000,111970c79836f310a1c9dac9d12efec6728a91c2dcdec5d45abc93eb83f42f02,35e9227570c996ccac4b63270c44f70172e04d094ba16a13f1f9d3ee41415bff,4,2f01dfdf19b0f16158714660cf781185c79c4f9500d946201995b5169342095f,research_adaptive_beam,0.38868562266496676,868.0,1064976.0,balanced:research_adaptive_beam,25013.0,17,0.0,0.0,0.0,0.0,66047.0,1.0001047081314027,5.142857142857143,0.331411,98552.0,66336.0,1.000027,185.0,3,13.603996793273836,0,ended_with_n,19.636795416940004,D10000_seed4_balanced_research_adaptive_beam_vs_beam_alpha_beta,4000,300.0,1000,balanced,0,/Users/onumagakuto/Documents/最強しりとり/shiritori_ai/data/dictionaries/D10000_L2-12_seed4.runtime.json,beam_alpha_beta,0.17225090598554482,933671.0,1028047.0,balanced:beam_alpha_beta,23870.0,3,0.0,0.0,0.0,0.0,26452.0,0.6433207499794662,8.857142857142858,0.13646,71867.0,0.0,0.401186,0.0,0,6.028781709494069,0e2a353cf636b87b9d894c0bc8c6c36eabfe34874873788f671c13af60a9a07d,tune,70,70,first
d7ab76ddfa00239c45957f8a2264fcc8f4efe898,10000,111970c79836f310a1c9dac9d12efec6728a91c2dcdec5d45abc93eb83f42f02,35e9227570c996ccac4b63270c44f70172e04d094ba16a13f1f9d3ee41415bff,4,2f01dfdf19b0f16158714660cf781185c79c4f9500d946201995b5169342095f,beam_alpha_beta,0.2772907554479492,2106305.0,2310249.0,balanced:beam_alpha_beta,51335.0,5,0.0,0.0,0.0,0.0,58385.0,0.6531752501614392,8.867924528301886,0.290248,157044.0,0.0,0.453631,0.0,0,14.696410038741305,0,ended_with_n,36.447067625122145,D10000_seed4_balanced_beam_alpha_beta_vs_research_adaptive_beam,4000,300.0,1000,balanced,0,/Users/onumagakuto/Documents/最強しりとり/shiritori_ai/data/dictionaries/D10000_L2-12_seed4.runtime.json,research_adaptive_beam,0.4102516917617254,618.0,1065796.0,balanced:research_adaptive_beam,25572.0,26,0.0,0.0,0.0,0.0,61686.0,1.0000307920854539,5.377358490566038,0.237367,95458.0,49822.0,1.000028,202.0,10,21.743339663371444,0e2a353cf636b87b9d894c0bc8c6c36eabfe34874873788f671c13af60a9a07d,tune,106,106,first
d7ab76ddfa00239c45957f8a2264fcc8f4efe898,10000,111970c79836f310a1c9dac9d12efec6728a91c2dcdec5d45abc93eb83f42f02,35e9227570c996ccac4b63270c44f70172e04d094ba16a13f1f9d3ee41415bff,4,2f01dfdf19b0f16158714660cf781185c79c4f9500d946201995b5169342095f,endgame_exact_hybrid,0.3170568498026114,1307863.0,1442644.0,balanced:endgame_exact_hybrid,33367.0,13,0.0,0.0,0.0,0.0,38831.0,0.98826695792377,7.833333333333333,0.31521750000000004,103284.0,0.0,0.634595,0.0,0,15.218728790525347,0,ended_with_n,30.779164624866098,D10000_seed4_balanced_endgame_exact_hybrid_vs_beam_alpha_beta,4000,300.0,1000,balanced,0,/Users/onumagakuto/Documents/最強しりとり/shiritori_ai/data/dictionaries/D10000_L2-12_seed4.runtime.json,beam_alpha_beta,0.32286228036294534,1312888.0,1450091.0,balanced:beam_alpha_beta,33842.0,15,0.0,0.0,0.0,0.0,40024.0,0.7856264170259237,7.770833333333333,0.322043,105568.0,0.0,0.670091,0.0,0,15.497389457421377,0e2a353cf636b87b9d894c0bc8c6c36eabfe34874873788f671c13af60a9a07d,tune,96,96,first
d7ab76ddfa00239c45957f8a2264fcc8f4efe898,10000,111970c79836f310a1c9dac9d12efec6728a91c2dcdec5d45abc93eb83f42f02,35e9227570c996ccac4b63270c44f70172e04d094ba16a13f1f9d3ee41415bff,4,2f01dfdf19b0f16158714660cf781185c79c4f9500d946201995b5169342095f,beam_alpha_beta,0.2523291352027108,10355085.0,11486407.0,balanced:beam_alpha_beta,270775.0,7,0.0,0.0,0.0,0.0,323134.0,0.6313062498811632,8.948497854077253,0.235034,878879.0,0.0,0.49868,0.0,0,58.79268850223161,0,ended_with_n,118.68835104093887,D10000_seed4_balanced_beam_alpha_beta_vs_endgame_exact_hybrid,4000,300.0,1000,balanced,0,/Users/onumagakuto/Documents/最強しりとり/shiritori_ai/data/dictionaries/D10000_L2-12_seed4.runtime.json,endgame_exact_hybrid,0.257369039137647,10550143.0,11706047.0,balanced:endgame_exact_hybrid,275126.0,11,0.0,0.0,0.0,0.0,330904.0,0.9164386249613017,8.926724137931034,0.2361645,898594.0,0.0,0.478007,0.0,0,59.709617079934105,0e2a353cf636b87b9d894c0bc8c6c36eabfe34874873788f671c13af60a9a07d,tune,465,465,second
d7ab76ddfa00239c45957f8a2264fcc8f4efe898,10000,111970c79836f310a1c9dac9d12efec6728a91c2dcdec5d45abc93eb83f42f02,35e9227570c996ccac4b63270c44f70172e04d094ba16a13f1f9d3ee41415bff,4,2f01dfdf19b0f16158714660cf781185c79c4f9500d946201995b5169342095f,integrated_adaptive_hybrid,0.4149947937389481,1060.0,1028922.0,balanced:integrated_adaptive_hybrid,24324.0,20,0.0,0.0,0.0,0.0,66074.0,1.0001037090551108,5.595238095238095,0.35043749999999996,100386.0,62275.0,1.000022,178.0,6,17.42978133703582,0,ended_with_n,29.340770500013605,D10000_seed4_balanced_integrated_adaptive_hybrid_vs_beam_alpha_beta,4000,300.0,1000,balanced,0,/Users/onumagakuto/Documents/最強しりとり/shiritori_ai/data/dictionaries/D10000_L2-12_seed4.runtime.json,beam_alpha_beta,0.2827095952760872,1759605.0,1938644.0,balanced:beam_alpha_beta,46655.0,7,0.0,0.0,0.0,0.0,48640.0,0.9715848329942673,8.714285714285714,0.2564295,135796.0,0.0,0.622158,0.0,0,11.873803001595661,0e2a353cf636b87b9d894c0bc8c6c36eabfe34874873788f671c13af60a9a07d,tune,84,84,first
d7ab76ddfa00239c45957f8a2264fcc8f4efe898,10000,111970c79836f310a1c9dac9d12efec6728a91c2dcdec5d45abc93eb83f42f02,35e9227570c996ccac4b63270c44f70172e04d094ba16a13f1f9d3ee41415bff,4,2f01dfdf19b0f16158714660cf781185c79c4f9500d946201995b5169342095f,beam_alpha_beta,0.2889034015865162,2349085.0,2585399.0,balanced:beam_alpha_beta,57950.0,1,0.0,0.0,0.0,0.0,69755.0,0.5369681660085917,8.96551724137931,0.297833,184064.0,0.0,0.516387,0.0,0,16.756397292017937,0,ended_with_n,40.878621958894655,D10000_seed4_balanced_beam_alpha_beta_vs_integrated_adaptive_hybrid,4000,300.0,1000,balanced,0,/Users/onumagakuto/Documents/最強しりとり/shiritori_ai/data/dictionaries/D10000_L2-12_seed4.runtime.json,integrated_adaptive_hybrid,0.4149221113706329,559.0,1164845.0,balanced:integrated_adaptive_hybrid,27851.0,23,0.0,0.0,0.0,0.0,99980.0,1.00002933293581,4.655172413793103,0.36581300000000005,136303.0,67981.0,1.000027,378.0,6,24.065482459496707,0e2a353cf636b87b9d894c0bc8c6c36eabfe34874873788f671c13af60a9a07d,tune,116,116,first
d7ab76ddfa00239c45957f8a2264fcc8f4efe898,10000,111970c79836f310a1c9dac9d12efec6728a91c2dcdec5d45abc93eb83f42f02,35e9227570c996ccac4b63270c44f70172e04d094ba16a13f1f9d3ee41415bff,4,2f01dfdf19b0f16158714660cf781185c79c4f9500d946201995b5169342095f,branch_switch_alpha_beta,0.2911873156567001,1170724.0,1882277.0,aggressive:branch_switch_alpha_beta,41559.0,13,0.0,0.0,0.0,0.0,63880.0,1.0000412499066442,8.2,0.192441,135518.0,0.0,1.000037,0.0,6,13.103429204551503,0,ended_with_n,23.030912041896954,D10000_seed4_aggressive_branch_switch_alpha_beta_vs_beam_alpha_beta,4000,300.0,1000,aggressive,0,/Users/onumagakuto/Documents/最強しりとり/shiritori_ai/data/dictionaries/D10000_L2-12_seed4.runtime.json,beam_alpha_beta,0.21979714722062152,1629922.0,1786000.0,aggressive:beam_alpha_beta,38492.0,1,0.0,0.0,0.0,0.0,44829.0,0.5310833340045065,8.955555555555556,0.22181,120232.0,0.0,0.424054,0.0,0,9.890871624927968,0e2a353cf636b87b9d894c0bc8c6c36eabfe34874873788f671c13af60a9a07d,tune,90,90,first
d7ab76ddfa00239c45957f8a2264fcc8f4efe898,10000,111970c79836f310a1c9dac9d12efec6728a91c2dcdec5d45abc93eb83f42f02,35e9227570c996ccac4b63270c44f70172e04d094ba16a13f1f9d3ee41415bff,4,2f01dfdf19b0f16158714660cf781185c79c4f9500d946201995b5169342095f,beam_alpha_beta,0.2750724898651242,1005854.0,1114529.0,aggressive:beam_alpha_beta,27725.0,1,0.0,0.0,0.0,0.0,30665.0,0.5360175420064479,8.92,0.216055,83288.0,0.0,0.505726,0.0,0,6.876812246628106,0,ended_with_n,14.736906541977078,D10000_seed4_aggressive_beam_alpha_beta_vs_branch_switch_alpha_beta,4000,300.0,1000,aggressive,0,/Users/onumagakuto/Documents/最強しりとり/shiritori_ai/data/dictionaries/D10000_L2-12_seed4.runtime.json,branch_switch_alpha_beta,0.31355264005251227,304563.0,910151.0,aggressive:branch_switch_alpha_beta,21320.0,11,0.0,0.0,0.0,0.0,38302.0,1.0001092080492526,8.16,0.17408,73185.0,0.0,1.000046,0.0,5,7.838816001312807,0e2a353cf636b87b9d894c0bc8c6c36eabfe34874873788f671c13af60a9a07d,tune,50,50,first
d7ab76ddfa00239c45957f8a2264fcc8f4efe898,10000,111970c79836f310a1c9dac9d12efec6728a91c2dcdec5d45abc93eb83f42f02,35e9227570c996ccac4b63270c44f70172e04d094ba16a13f1f9d3ee41415bff,4,2f01dfdf19b0f16158714660cf781185c79c4f9500d946201995b5169342095f,dynamic_beam_alpha_beta,0.40344572215582486,3065.0,663436.0,aggressive:dynamic_beam_alpha_beta,15909.0,12,0.0,0.0,0.0,0.0,76774.0,1.0000646670814604,5.555555555555555,0.388708,98900.0,0.0,1.000038,0.0,3,10.893034498207271,0,ended_with_n,17.45992762502283,D10000_seed4_aggressive_dynamic_beam_alpha_beta_vs_beam_alpha_beta,4000,300.0,1000,aggressive,0,/Users/onumagakuto/Documents/最強しりとり/shiritori_ai/data/dictionaries/D10000_L2-12_seed4.runtime.json,beam_alpha_beta,0.242270009290358,907395.0,1003154.0,aggressive:beam_alpha_beta,23879.0,3,0.0,0.0,0.0,0.0,27152.0,0.6278430002275854,8.851851851851851,0.284729,73712.0,0.0,0.539394,0.0,0,6.5412902508396655,0e2a353cf636b87b9d894c0bc8c6c36eabfe34874873788f671c13af60a9a07d,tune,54,54,first
d7ab76ddfa00239c45957f8a2264fcc8f4efe898,10000,111970c79836f310a1c9dac9d12efec6728a91c2dcdec5d45abc93eb83f42f02,35e9227570c996ccac4b63270c44f70172e04d094ba16a13f1f9d3ee41415bff,4,2f01dfdf19b0f16158714660cf781185c79c4f9500d946201995b5169342095f,beam_alpha_beta,0.20468919483079975,884794.0,977664.0,aggressive:beam_alpha_beta,23480.0,1,0.0,0.0,0.0,0.0,25913.0,0.5291754167992622,8.928571428571429,0.21978750000000002,71052.0,0.0,0.482954,0.0,0,5.731297455262393,0,ended_with_n,16.419809333980083,D10000_seed4_aggressive_beam_alpha_beta_vs_dynamic_beam_alpha_beta,4000,300.0,1000,aggressive,0,/Users/onumagakuto/Documents/最強しりとり/shiritori_ai/data/dictionaries/D10000_L2-12_seed4.runtime.json,dynamic_beam_alpha_beta,0.39504370531412186,789.0,887711.0,aggressive:dynamic_beam_alpha_beta,21369.0,13,0.0,0.0,0.0,0.0,74447.0,1.000051291892305,6.185185185185185,0.256872,104347.0,0.0,1.000038,0.0,4,10.66618004348129,0e2a353cf636b87b9d894c0bc8c6c36eabfe34874873788f671c13af60a9a07d,tune,55,55,second
d7ab76ddfa00239c45957f8a2264fcc8f4efe898,10000,111970c79836f310a1c9dac9d12efec6728a91c2dcdec5d45abc93eb83f42f02,35e9227570c996ccac4b63270c44f70172e04d094ba16a13f1f9d3ee41415bff,4,2f01dfdf19b0f16158714660cf781185c79c4f9500d946201995b5169342095f,dynamic_beam_pvs,0.37261733948253095,3066.0,879136.0,aggressive:dynamic_beam_pvs,21925.0,15,0.0,0.0,0.0,0.0,71970.0,1.0000550418626517,5.962962962962963,0.163122,102425.0,74691.0,1.000035,164.0,6,10.060668166028336,0,ended_with_n,15.350615249946713,D10000_seed4_aggressive_dynamic_beam_pvs_vs_beam_alpha_beta,4000,300.0,1000,aggressive,0,/Users/onumagakuto/Documents/最強しりとり/shiritori_ai/data/dictionaries/D10000_L2-12_seed4.runtime.json,beam_alpha_beta,0.19509548602487753,844117.0,932383.0,aggressive:beam_alpha_beta,21981.0,1,0.0,0.0,0.0,0.0,23877.0,0.4762224170845002,8.925925925925926,0.239013,66962.0,0.0,0.385867,0.0,0,5.267578122671694,0e2a353cf636b87b9d894c0bc8c6c36eabfe34874873788f671c13af60a9a07d,tune,54,54,first
d7ab76ddfa00239c45957f8a2264fcc8f4efe898,10000,111970c79836f310a1c9dac9d12efec6728a91c2dcdec5d45abc93eb83f42f02,35e9227570c996ccac4b63270c44f70172e04d094ba16a13f1f9d3ee41415bff,4,2f01dfdf19b0f16158714660cf781185c79c4f9500d946201995b5169342095f,beam_alpha_beta,0.19755279318529315,934236.0,1031603.0,aggressive:beam_alpha_beta,24520.0,1,0.0,0.0,0.0,0.0,27312.0,0.44670295901596546,8.928571428571429,0.23654599999999998,74682.0,0.0,0.413622,0.0,0,5.531478209188208,0,ended_with_n,15.89752300013788,D10000_seed4_aggressive_beam_alpha_beta_vs_dynamic_beam_pvs,4000,300.0,1000,aggressive,0,/Users/onumagakuto/Documents/最強しりとり/shiritori_ai/data/dictionaries/D10000_L2-12_seed4.runtime.json,dynamic_beam_pvs,0.3831359507360806,787.0,1001979.0,aggressive:dynamic_beam_pvs,24957.0,15,0.0,0.0,0.0,0.0,76466.0,1.0000382089056075,6.185185185185185,0.201199,111654.0,80703.0,1.000031,179.0,5,10.344670669874176,0e2a353cf636b87b9d894c0bc8c6c36eabfe34874873788f671c13af60a9a07d,tune,55,55,second
d7ab76ddfa00239c45957f8a2264fcc8f4efe898,10000,111970c79836f310a1c9dac9d12efec6728a91c2dcdec5d45abc93eb83f42f02,35e9227570c996ccac4b63270c44f70172e04d094ba16a13f1f9d3ee41415bff,4,2f01dfdf19b0f16158714660cf781185c79c4f9500d946201995b5169342095f,research_adaptive_beam,0.39455811525284146,801.0,791751.0,aggressive:research_adaptive_beam,18793.0,17,0.0,0.0,0.0,0.0,54741.0,1.0001085000112653,5.029411764705882,0.354614,78961.0,54598.0,1.000024,174.0,4,13.41497591859661,0,ended_with_n,19.635863333009183,D10000_seed4_aggressive_research_adaptive_beam_vs_beam_alpha_beta,4000,300.0,1000,aggressive,0,/Users/onumagakuto/Documents/最強しりとり/shiritori_ai/data/dictionaries/D10000_L2-12_seed4.runtime.json,beam_alpha_beta,0.1828405023963355,975305.0,1073696.0,aggressive:beam_alpha_beta,24609.0,1,0.0,0.0,0.0,0.0,27776.0,0.5273564578965306,8.941176470588236,0.1839655,75225.0,0.0,0.42944,0.0,0,6.216577081475407,0e2a353cf636b87b9d894c0bc8c6c36eabfe34874873788f671c13af60a9a07d,tune,68,68,first
d7ab76ddfa00239c45957f8a2264fcc8f4efe898,10000,111970c79836f310a1c9dac9d12efec6728a91c2dcdec5d45abc93eb83f42f02,35e9227570c996ccac4b63270c44f70172e04d094ba16a13f1f9d3ee41415bff,4,2f01dfdf19b0f16158714660cf781185c79c4f9500d946201995b5169342095f,beam_alpha_beta,0.25163970926983487,1628721.0,1792484.0,aggressive:beam_alpha_beta,42499.0,7,0.0,0.0,0.0,0.0,43618.0,0.8086023330688477,8.71111111111111,0.236379,123284.0,0.0,0.706778,0.0,0,11.32378691714257,0,ended_with_n,30.781023249961436,D10000_seed4_aggressive_beam_alpha_beta_vs_research_adaptive_beam,4000,300.0,1000,aggressive,0,/Users/onumagakuto/Documents/最強しりとり/shiritori_ai/data/dictionaries/D10000_L2-12_seed4.runtime.json,research_adaptive_beam,0.4322556259938412,892.0,916095.0,aggressive:research_adaptive_beam,21426.0,22,0.0,0.0,0.0,0.0,62437.0,1.00003687501885,5.5777777777777775,0.312487,93072.0,60722.0,1.000025,303.0,8,19.451503169722855,0e2a353cf636b87b9d894c0bc8c6c36eabfe34874873788f671c13af60a9a07d,tune,90,90,first
d7ab76ddfa00239c45957f8a2264fcc8f4efe898,10000,111970c79836f310a1c9dac9d12efec6728a91c2dcdec5d45abc93eb83f42f02,35e9227570c996ccac4b63270c44f70172e04d094ba16a13f1f9d3ee41415bff,4,2f01dfdf19b0f16158714660cf781185c79c4f9500d946201995b5169342095f,endgame_exact_hybrid,0.22558297652106446,1465189.0,1606883.0,aggressive:endgame_exact_hybrid,34892.0,1,0.0,0.0,0.0,0.0,42032.0,0.4321923330426216,8.948717948717949,0.214762,110548.0,0.0,0.427304,0.0,0,8.797736084321514,0,ended_with_n,17.893842082936317,D10000_seed4_aggressive_endgame_exact_hybrid_vs_beam_alpha_beta,4000,300.0,1000,aggressive,0,/Users/onumagakuto/Documents/最強しりとり/shiritori_ai/data/dictionaries/D10000_L2-12_seed4.runtime.json,beam_alpha_beta,0.23248094127465707,1504558.0,1651989.0,aggressive:beam_alpha_beta,36341.0,1,0.0,0.0,0.0,0.0,45020.0,0.40844904095865786,8.948717948717949,0.291768,116553.0,0.0,0.383214,0.0,0,9.066756709711626,0e2a353cf636b87b9d894c0bc8c6c36eabfe34874873788f671c13af60a9a07d,tune,78,78,first
d7ab76ddfa00239c45957f8a2264fcc8f4efe898,10000,111970c79836f310a1c9dac9d12efec6728a91c2dcdec5d45abc93eb83f42f02,35e9227570c996ccac4b63270c44f70172e04d094ba16a13f1f9d3ee41415bff,4,2f01dfdf19b0f16158714660cf781185c79c4f9500d946201995b5169342095f,beam_alpha_beta,0.27544604459494026,3092749.0,3442000.0,aggressive:beam_alpha_beta,88434.0,7,0.0,0.0,0.0,0.0,108949.0,0.6388797499239445,8.884057971014492,0.278054,279035.0,0.0,0.534216,0.0,0,19.00577707705088,0,ended_with_n,37.02349712513387,D10000_seed4_aggressive_beam_alpha_beta_vs_endgame_exact_hybrid,4000,300.0,1000,aggressive,0,/Users/onumagakuto/Documents/最強しりとり/shiritori_ai/data/dictionaries/D10000_L2-12_seed4.runtime.json,endgame_exact_hybrid,0.26037366119672317,2900922.0,3227438.0,aggressive:endgame_exact_hybrid,82001.0,3,0.0,0.0,0.0,0.0,103256.0,0.5824362498242408,8.81159420289855,0.278412,262264.0,0.0,0.520575,0.0,0,17.965782622573897,0e2a353cf636b87b9d894c0bc8c6c36eabfe34874873788f671c13af60a9a07d,tune,138,138,first
d7ab76ddfa00239c45957f8a2264fcc8f4efe898,10000,111970c79836f310a1c9dac9d12efec6728a91c2dcdec5d45abc93eb83f42f02,35e9227570c996ccac4b63270c44f70172e04d094ba16a13f1f9d3ee41415bff,4,2f01dfdf19b0f16158714660cf781185c79c4f9500d946201995b5169342095f,integrated_adaptive_hybrid,0.4401267083173499,695.0,807712.0,aggressive:integrated_adaptive_hybrid,18819.0,25,0.0,0.0,0.0,0.0,51260.0,1.000109207816422,5.212765957446808,0.292616,76249.0,46917.0,1.000023,168.0,10,20.685955290915444,0,ended_with_n,32.29078899999149,D10000_seed4_aggressive_integrated_adaptive_hybrid_vs_beam_alpha_beta,4000,300.0,1000,aggressive,0,/Users/onumagakuto/Documents/最強しりとり/shiritori_ai/data/dictionaries/D10000_L2-12_seed4.runtime.json,beam_alpha_beta,0.25133636319483427,1724988.0,1894127.0,aggressive:beam_alpha_beta,43435.0,7,0.0,0.0,0.0,0.0,43222.0,0.8698693341575563,8.782608695652174,0.2339485,125375.0,0.0,0.626287,0.0,0,11.561472706962377,0e2a353cf636b87b9d894c0bc8c6c36eabfe34874873788f671c13af60a9a07d,tune,93,93,second
d7ab76ddfa00239c45957f8a2264fcc8f4efe898,10000,111970c79836f310a1c9dac9d12efec6728a91c2dcdec5d45abc93eb83f42f02,35e9227570c996ccac4b63270c44f70172e04d094ba16a13f1f9d3ee41415bff,4,2f01dfdf19b0f16158714660cf781185c79c4f9500d946201995b5169342095f,beam_alpha_beta,0.27854575220949185,1570410.0,1727912.0,aggressive:beam_alpha_beta,41049.0,7,0.0,0.0,0.0,0.0,43097.0,0.7520281670149416,8.64102564102564,0.274527,119813.0,0.0,0.683275,0.0,0,10.863284336170182,0,ended_with_n,28.72118837502785,D10000_seed4_aggressive_beam_alpha_beta_vs_integrated_adaptive_hybrid,4000,300.0,1000,aggressive,0,/Users/onumagakuto/Documents/最強しりとり/shiritori_ai/data/dictionaries/D10000_L2-12_seed4.runtime.json,integrated_adaptive_hybrid,0.4569695117489363,744.0,636361.0,aggressive:integrated_adaptive_hybrid,15013.0,20,0.0,0.0,0.0,0.0,46510.0,1.0000397921539843,5.333333333333333,0.355227,66948.0,45967.0,1.000029,195.0,9,17.821810958208516,0e2a353cf636b87b9d894c0bc8c6c36eabfe34874873788f671c13af60a9a07d,tune,78,78,first
