agent,beam_candidate_counts_by_ply,beam_max_selected_by_ply,beam_ordering_calls_by_ply,beam_pruned_move_count,beam_selected_counts_by_ply,beam_widths,beam_widths_used,branch_limit,candidate_evaluation_time_sec,candidate_sort_time_sec,category,completed_root_moves,config_id,cutoff_count,depth,depth_after,depth_before,depth_change_reason,depth_changed,effective_depth,elapsed_ratio,elapsed_time_sec,end_id,graph_ordering_calls,graph_ordering_changed_first_count,graph_ordering_evaluations,graph_ordering_time_sec,graph_root_baseline_first,graph_root_ordered_first,initial_depth,leaf_evaluation_time_sec,leaf_evaluations,legal_edge_count,legal_move_generation_time_sec,max_depth,nodes_searched,null_window_searches,ordering_evaluations,other_time_sec,position_id,profile,pruned_move_count,recovery_streak,recursive_ordering_time_sec,recursive_other_time_sec,remaining_word_count,research_count,research_rate,risk_level,root_candidate_count,root_completion_rate,root_ordering_time_sec,score,seed,selected_edge,selected_root_candidate_count,sequence_index,split,start_id,target_elapsed_ratio,target_time_sec,timed_out,turn
full_alpha_beta,{},{},{},0,{},,{},,0.0034498341847211123,0.0002258338499814272,close_scores,11,full_alpha_beta_d3,30,3,3,3,adaptive_disabled,False,3,0.004578466806560755,0.022892334032803774,58,0,0,0,0.0,null,null,3,0.017875876277685165,195,11,6.917165592312813e-06,3,238,0,1440,2.4916836991906166e-05,seed10_close_scores_t4,presentation_fixed,1192,0,0.0036420454271137714,0.0012838284019380808,9996,0,0.0,medium,11,1.0,5.874992348253727e-05,529.0,10,16→58,11,,presentation_confirmation,16,0.004578466806560755,5.0,False,4
full_alpha_beta,{},{},{},0,{},,{},,0.002874754136428237,0.00018908316269516945,endgame,6,full_alpha_beta_d3,30,3,3,3,adaptive_disabled,False,3,0.001625033188611269,0.008125165943056345,42,0,0,0,0.0,null,null,3,0.004590915748849511,31,6,4.58303838968277e-06,3,67,0,1165,8.479086682200432e-05,seed10_endgame_t67,presentation_fixed,1091,0,0.0030498297419399023,0.00036117155104875565,9933,0,0.0,low,6,1.0,3.38749960064888e-05,-999996.0,10,63→42,6,,presentation_confirmation,63,0.001625033188611269,5.0,False,67
full_alpha_beta,{},{},{},0,{},,{},,0.006376553326845169,0.0004123339895159006,high_branch,52,full_alpha_beta_d3,56,3,3,3,adaptive_disabled,False,3,0.011405483400449157,0.057027417002245784,63,0,0,0,0.0,null,null,3,0.046989752911031246,449,52,7.082941010594368e-06,3,558,0,2642,2.03761737793684e-05,seed10_high_branch_t56,presentation_fixed,2030,0,0.0066948202438652515,0.0031751347705721855,9944,0,0.0,high,52,1.0,0.0001402499619871378,1366.5,10,1→63,52,,presentation_confirmation,1,0.011405483400449157,5.0,False,56
full_alpha_beta,{},{},{},0,{},,{},,0.007353091146796942,0.0004797857254743576,middle,24,full_alpha_beta_d3,71,3,3,3,adaptive_disabled,False,3,0.009772066585719585,0.04886033292859793,58,0,0,0,0.0,null,null,3,0.0383387163747102,405,24,4.541827365756035e-06,3,504,0,3073,2.041715197265148e-05,seed10_middle_t36,presentation_fixed,2542,0,0.007795239333063364,0.0026215852703899145,9964,0,0.0,medium,24,1.0,7.983297109603882e-05,1135.0,10,58→58,24,,presentation_confirmation,58,0.009772066585719585,5.0,False,36
full_alpha_beta,{},{},{},0,{},,{},,0.2675223087426275,0.01644703675992787,opening,2278,full_alpha_beta_d3,2286,3,3,3,adaptive_disabled,False,3,0.5629050083924085,2.8145250419620425,16,0,0,0,0.0,null,null,3,2.373903607018292,24298,2278,0.00039254198782145977,3,28878,0,114260,3.354065120220184e-05,seed10_opening_t0,presentation_fixed,83491,0,0.27966643311083317,0.15446641901507974,10000,0,0.0,high,2278,1.0,0.006062500178813934,1386.5,10,58→16,2278,,presentation_confirmation,58,0.5629050083924085,5.0,False,0
full_alpha_beta,{},{},{},0,{},,{},,0.010019554989412427,0.0006551630795001984,close_scores,25,full_alpha_beta_d3,100,3,3,3,adaptive_disabled,False,3,0.007048508385196328,0.03524254192598164,28,0,0,0,0.0,null,null,3,0.022395787527784705,289,25,4.458008334040642e-06,3,418,0,4232,1.529301516711712e-05,seed11_close_scores_t35,presentation_fixed,3785,0,0.010656520258635283,0.00209781713783741,9965,0,0.0,medium,25,1.0,7.26659782230854e-05,409.0,11,30→28,25,,presentation_confirmation,30,0.007048508385196328,5.0,False,35
full_alpha_beta,{},{},{},0,{},,{},,0.002897088648751378,0.00020129024051129818,endgame,3,full_alpha_beta_d3,34,3,3,3,adaptive_disabled,False,3,0.0013143000192940234,0.006571500096470118,60,0,0,0,0.0,null,null,3,0.003039578441530466,35,3,1.708976924419403e-06,3,72,0,1243,8.508306927978992e-05,seed11_endgame_t328,presentation_fixed,1167,0,0.003100828966125846,0.0003310085739940405,9672,0,0.0,low,3,1.0,1.3292068615555763e-05,-999996.0,11,20→60,3,,presentation_confirmation,20,0.0013143000192940234,5.0,False,328
full_alpha_beta,{},{},{},0,{},,{},,0.005191506585106254,0.00033712550066411495,high_branch,50,full_alpha_beta_d3,48,3,3,3,adaptive_disabled,False,3,0.009858791809529066,0.04929395904764533,20,0,0,0,0.0,null,null,3,0.04090737272053957,440,50,5.958136171102524e-06,3,541,0,2219,1.4835037291049957e-05,seed11_high_branch_t242,presentation_fixed,1624,0,0.005434621591120958,0.00279613072052598,9758,0,0.0,high,50,1.0,0.00013504084199666977,1406.5,11,7→20,50,,presentation_confirmation,7,0.009858791809529066,5.0,False,242
full_alpha_beta,{},{},{},0,{},,{},,0.009680633898824453,0.0006325826980173588,middle,35,full_alpha_beta_d3,99,3,3,3,adaptive_disabled,False,3,0.010224174987524749,0.05112087493762374,28,0,0,0,0.0,null,null,3,0.038065492641180754,418,35,4.875008016824722e-06,3,556,0,4212,1.1458992958068848e-05,seed11_middle_t166,presentation_fixed,3617,0,0.010277747875079513,0.0026714676059782505,9834,0,0.0,high,35,1.0,8.983281441032887e-05,1316.5,11,62→28,35,,presentation_confirmation,62,0.010224174987524749,5.0,False,166
full_alpha_beta,{},{},{},0,{},,{},,0.2798346560448408,0.017110371962189674,opening,2254,full_alpha_beta_d3,2208,3,3,3,adaptive_disabled,False,3,0.679555183229968,3.3977759161498398,20,0,0,0,0.0,null,null,3,2.907243666006252,32308,2254,0.00021549989469349384,3,37699,0,118636,2.895737998187542e-05,seed11_opening_t0,presentation_fixed,78002,0,0.29300742177292705,0.19123707921244204,10000,0,0.0,high,2254,1.0,0.006043291883543134,1566.5,11,20→20,2254,,presentation_confirmation,20,0.679555183229968,5.0,False,0
full_alpha_beta,{},{},{},0,{},,{},,0.00454371515661478,0.0002951286733150482,close_scores,29,full_alpha_beta_d3,37,3,3,3,adaptive_disabled,False,3,0.00975549160502851,0.04877745802514255,20,0,0,0,0.0,null,null,3,0.04120083525776863,411,29,4.667090252041817e-06,3,481,0,1901,1.433282159268856e-05,seed12_close_scores_t8,presentation_fixed,1390,0,0.004789696075022221,0.002688218839466572,9992,0,0.0,medium,29,1.0,7.970794104039669e-05,895.5,12,59→20,29,,presentation_confirmation,59,0.00975549160502851,5.0,False,8
full_alpha_beta,{},{},{},0,{},,{},,0.0038956713397055864,0.0002545404713600874,endgame,3,full_alpha_beta_d3,44,3,3,3,adaptive_disabled,False,3,0.002012891601771116,0.010064458008855581,44,0,0,0,0.0,null,null,3,0.005388129036873579,45,3,1.4998950064182281e-06,3,92,0,1669,0.00010179122909903526,seed12_endgame_t149,presentation_fixed,1573,0,0.004158582538366318,0.0004030803684145212,9851,0,0.0,low,3,1.0,1.13749410957098e-05,-999996.0,12,63→44,3,,presentation_confirmation,63,0.002012891601771116,5.0,False,149
full_alpha_beta,{},{},{},0,{},,{},,0.005945342592895031,0.0003891193773597479,high_branch,43,full_alpha_beta_d3,52,3,3,3,adaptive_disabled,False,3,0.010945525020360947,0.05472762510180473,63,0,0,0,0.0,null,null,3,0.045326210325583816,448,43,4.917150363326073e-06,3,547,0,2527,1.2124655768275261e-05,seed12_high_branch_t31,presentation_fixed,1933,0,0.006264247000217438,0.0030086678452789783,9969,0,0.0,high,43,1.0,0.00011145812459290028,1412.0,12,31→63,43,,presentation_confirmation,31,0.010945525020360947,5.0,False,31
full_alpha_beta,{},{},{},0,{},,{},,0.004527710378170013,0.00029691518284380436,middle,27,full_alpha_beta_d3,38,3,3,3,adaptive_disabled,False,3,0.006269975006580353,0.031349875032901764,16,0,0,0,0.0,null,null,3,0.024754006415605545,248,27,3.7918798625469208e-06,3,314,0,1923,1.2208241969347e-05,seed12_middle_t77,presentation_fixed,1581,0,0.004777457797899842,0.001727743772789836,9923,0,0.0,medium,27,1.0,7.466692477464676e-05,1382.0,12,14→16,27,,presentation_confirmation,14,0.006269975006580353,5.0,False,77
full_alpha_beta,{},{},{},0,{},,{},,0.27069213544018567,0.016482144594192505,opening,2272,full_alpha_beta_d3,2228,3,3,3,adaptive_disabled,False,3,0.6101121750194579,3.0505608750972897,24,0,0,0,0.0,null,null,3,2.5898160189390182,26242,2272,0.0002093329094350338,3,30716,0,113709,2.908427268266678e-05,seed12_opening_t0,presentation_fixed,80977,0,0.28283932199701667,0.17154761706478894,10000,0,0.0,high,2272,1.0,0.0061194999143481255,1694.0,12,5→24,2272,,presentation_confirmation,5,0.6101121750194579,5.0,False,0
full_alpha_beta,{},{},{},0,{},,{},,0.0024742502719163895,0.00016595679335296154,close_scores,17,full_alpha_beta_d3,21,3,3,3,adaptive_disabled,False,3,0.004479025024920702,0.02239512512460351,20,0,0,0,0.0,null,null,3,0.01847033086232841,188,17,4.917150363326073e-06,3,227,0,1067,1.6290927305817604e-05,seed13_close_scores_t4,presentation_fixed,823,0,0.002603786299005151,0.00124517478980124,9996,0,0.0,medium,17,1.0,5.4625095799565315e-05,1146.5,13,52→20,17,,presentation_confirmation,52,0.004479025024920702,5.0,False,4
full_alpha_beta,{},{},{},0,{},,{},,0.0036404626443982124,0.00024345982819795609,endgame,3,full_alpha_beta_d3,41,3,3,3,adaptive_disabled,False,3,0.0018592831678688527,0.009296415839344263,18,0,0,0,0.0,null,null,3,0.004913245793431997,42,3,2.125045284628868e-06,3,86,0,1568,9.754067286849022e-05,seed13_endgame_t71,presentation_fixed,1478,0,0.0038896233309060335,0.00038013095036149025,9929,0,0.0,low,3,1.0,1.3750046491622925e-05,-999996.0,13,63→18,3,,presentation_confirmation,63,0.0018592831678688527,5.0,False,71
full_alpha_beta,{},{},{},0,{},,{},,0.006584672257304192,0.00042032916098833084,high_branch,49,full_alpha_beta_d3,60,3,3,3,adaptive_disabled,False,3,0.011932199960574508,0.05966099980287254,63,0,0,0,0.0,null,null,3,0.04952047485858202,457,49,5.499925464391708e-06,3,571,0,2813,1.1999160051345825e-05,seed13_high_branch_t60,presentation_fixed,2190,0,0.006926658097654581,0.0030705758836120367,9940,0,0.0,high,49,1.0,0.00012579187750816345,1187.5,13,1→63,49,,presentation_confirmation,1,0.011932199960574508,5.0,False,60
full_alpha_beta,{},{},{},0,{},,{},,0.005838087061420083,0.00037679029628634453,middle,45,full_alpha_beta_d3,49,3,3,3,adaptive_disabled,False,3,0.013211025018244981,0.06605512509122491,20,0,0,0,0.0,null,null,3,0.05627600848674774,531,45,5.375128239393234e-06,3,631,0,2476,1.3082986697554588e-05,seed13_middle_t38,presentation_fixed,1793,0,0.00614045700058341,0.0035045344848185778,9962,0,0.0,high,45,1.0,0.00011566700413823128,768.5,13,2→20,45,,presentation_confirmation,2,0.013211025018244981,5.0,False,38
full_alpha_beta,{},{},{},0,{},,{},,0.2732881244737655,0.01666161185130477,opening,2267,full_alpha_beta_d3,2367,3,3,3,adaptive_disabled,False,3,0.5927738334052265,2.9638691670261323,20,0,0,0,0.0,null,null,3,2.507099377689883,26620,2267,0.00021433294750750065,3,31330,0,116580,2.8749927878379822e-05,seed13_opening_t0,presentation_fixed,83228,0,0.2857034045737237,0.16475413483567536,10000,0,0.0,high,2267,1.0,0.006069167051464319,1146.5,13,0→20,2267,,presentation_confirmation,0,0.5927738334052265,5.0,False,0
full_alpha_beta,{},{},{},0,{},,{},,0.006448548287153244,0.000412957277148962,close_scores,7,full_alpha_beta_d3,67,3,3,3,adaptive_disabled,False,3,0.0044211833737790585,0.022105916868895292,28,0,0,0,0.0,null,null,3,0.013909697532653809,188,7,2.250075340270996e-06,3,266,0,2748,2.0999927073717117e-05,seed14_close_scores_t7,presentation_fixed,2470,0,0.0068697938695549965,0.001279008574783802,9993,0,0.0,low,7,1.0,2.4166889488697052e-05,468.5,14,20→28,7,,presentation_confirmation,20,0.0044211833737790585,5.0,False,7
full_alpha_beta,{},{},{},0,{},,{},,0.006428214255720377,0.0004156653303653002,endgame,9,full_alpha_beta_d3,67,3,3,3,adaptive_disabled,False,3,0.0021273999940603972,0.010636999970301986,62,0,0,0,0.0,null,null,3,0.003071580780670047,68,9,2.1669548004865646e-06,3,145,0,2679,1.2873904779553413e-05,seed14_endgame_t63,presentation_fixed,2523,0,0.0068450747057795525,0.0006753865163773298,9937,0,0.0,low,9,1.0,2.991710789501667e-05,-999996.0,14,63→62,9,,presentation_confirmation,63,0.0021273999940603972,5.0,False,63
full_alpha_beta,{},{},{},0,{},,{},,0.004511715145781636,0.0002872555050998926,high_branch,41,full_alpha_beta_d3,41,3,3,3,adaptive_disabled,False,3,0.007620891602709889,0.03810445801354945,20,0,0,0,0.0,null,null,3,0.031158254481852055,304,41,4.999805241823196e-06,3,387,0,1942,1.2291362509131432e-05,seed14_high_branch_t50,presentation_fixed,1512,0,0.004723247839137912,0.002096706535667181,9950,0,0.0,high,41,1.0,0.00010895798914134502,1889.0058823529412,14,27→20,41,,presentation_confirmation,27,0.007620891602709889,5.0,False,50
full_alpha_beta,{},{},{},0,{},,{},,0.006731089670211077,0.000437289709225297,middle,26,full_alpha_beta_d3,67,3,3,3,adaptive_disabled,False,3,0.007631100015714765,0.03815550007857382,28,0,0,0,0.0,null,null,3,0.02872629463672638,332,26,4.041939973831177e-06,3,428,0,2928,1.2250151485204697e-05,seed14_middle_t34,presentation_fixed,2470,0,0.007135082269087434,0.0022045401856303215,9966,0,0.0,medium,26,1.0,7.329089567065239e-05,468.5,14,36→28,26,,presentation_confirmation,36,0.007631100015714765,5.0,False,34
full_alpha_beta,{},{},{},0,{},,{},,0.3235275207553059,0.019509876146912575,opening,2259,full_alpha_beta_d3,2445,3,3,3,adaptive_disabled,False,3,0.9193290415685624,4.596645207842812,63,0,0,0,0.0,null,null,3,3.989923535147682,42576,2259,0.00021083303727209568,3,48403,0,135391,2.7749920263886452e-05,seed14_opening_t0,presentation_fixed,83728,0,0.3393056073691696,0.2611161074601114,10000,0,0.0,high,2259,1.0,0.006061374908313155,849.5,14,32→63,2259,,presentation_confirmation,32,0.9193290415685624,5.0,False,0
full_alpha_beta,{},{},{},0,{},,{},,0.009615094400942326,0.0006232440937310457,close_scores,30,full_alpha_beta_d3,95,3,3,3,adaptive_disabled,False,3,0.01027339156717062,0.0513669578358531,11,0,0,0,0.0,null,null,3,0.03806008235551417,474,30,6.166985258460045e-06,3,604,0,4093,1.687486656010151e-05,seed15_close_scores_t6,presentation_fixed,3457,0,0.010202907724305987,0.0029939678497612476,9994,0,0.0,medium,30,1.0,8.695805445313454e-05,864.5,15,55→11,30,,presentation_confirmation,55,0.01027339156717062,5.0,False,6
full_alpha_beta,{},{},{},0,{},,{},,0.00440825242549181,0.0002933754585683346,endgame,3,full_alpha_beta_d3,52,3,3,3,adaptive_disabled,False,3,0.0019043166190385818,0.00952158309519291,0,0,0,0,0.0,null,null,3,0.0042329588904976845,53,3,2.084067091345787e-06,3,108,0,1902,0.00011299899779260159,seed15_endgame_t106,presentation_fixed,1790,0,0.004709872649982572,0.00044941832311451435,9894,0,0.0,low,3,1.0,1.4250166714191437e-05,-999996.0,15,63→0,3,,presentation_confirmation,63,0.0019043166190385818,5.0,False,106
full_alpha_beta,{},{},{},0,{},,{},,0.006282301852479577,0.00040883105248212814,high_branch,52,full_alpha_beta_d3,58,3,3,3,adaptive_disabled,False,3,0.012185474997386337,0.06092737498693168,63,0,0,0,0.0,null,null,3,0.05084552778862417,518,52,5.958136171102524e-06,3,630,0,2709,1.3416865840554237e-05,seed15_high_branch_t39,presentation_fixed,2024,0,0.006601707078516483,0.0033275571186095476,9961,0,0.0,high,52,1.0,0.0001332079991698265,1296.5,15,1→63,52,,presentation_confirmation,1,0.012185474997386337,5.0,False,39
full_alpha_beta,{},{},{},0,{},,{},,0.0068772167433053255,0.00044791284017264843,middle,25,full_alpha_beta_d3,62,3,3,3,adaptive_disabled,False,3,0.010640758369117976,0.053203791845589876,58,0,0,0,0.0,null,null,3,0.042979994555935264,468,25,4.041939973831177e-06,3,564,0,2987,1.1999858543276787e-05,seed15_middle_t55,presentation_fixed,2388,0,0.0072939591482281685,0.002845254261046648,9945,0,0.0,medium,25,1.0,6.854208186268806e-05,1074.0,15,58→58,25,,presentation_confirmation,58,0.010640758369117976,5.0,False,55
full_alpha_beta,{},{},{},0,{},,{},,0.28738313214853406,0.017588218674063683,opening,2251,full_alpha_beta_d3,2270,3,3,3,adaptive_disabled,False,3,0.6988346834201365,3.494173417100683,16,0,0,0,0.0,null,null,3,2.9821667075157166,33072,2251,0.00021654111333191395,3,38331,0,120722,2.912594936788082e-05,seed15_opening_t0,presentation_fixed,79598,0,0.30094199045561254,0.20469617703929543,10000,0,0.0,high,2251,1.0,0.006122875027358532,1078.0,15,58→16,2251,,presentation_confirmation,58,0.6988346834201365,5.0,False,0
full_alpha_beta,{},{},{},0,{},,{},,0.0025286248419433832,0.00016620312817394733,close_scores,21,full_alpha_beta_d3,20,3,3,3,adaptive_disabled,False,3,0.0068252583965659145,0.03412629198282957,20,0,0,0,0.0,null,null,3,0.029580650385469198,318,21,3.5408884286880493e-06,3,362,0,1094,1.3251090422272682e-05,seed16_close_scores_t21,presentation_fixed,708,0,0.0026522038970142603,0.0018163537606596947,9979,0,0.0,medium,21,1.0,6.029196083545685e-05,1126.5,16,46→20,21,,presentation_confirmation,46,0.0068252583965659145,5.0,False,21
full_alpha_beta,{},{},{},0,{},,{},,0.0032687108032405376,0.00022366316989064217,endgame,8,full_alpha_beta_d3,37,3,3,3,adaptive_disabled,False,3,0.0010268333833664655,0.005134166916832328,2,0,0,0,0.0,null,null,3,0.0012470870278775692,38,8,2.334127202630043e-06,3,84,0,1447,1.7165904864668846e-05,seed16_endgame_t397,presentation_fixed,1353,0,0.003484251443296671,0.0003569114487618208,9603,0,0.0,low,8,1.0,2.6416964828968048e-05,-999996.0,16,63→2,8,,presentation_confirmation,63,0.0010268333833664655,5.0,False,397
full_alpha_beta,{},{},{},0,{},,{},,0.010485632345080376,0.0006901533342897892,high_branch,40,full_alpha_beta_d3,98,3,3,3,adaptive_disabled,False,3,0.01029168339446187,0.05145841697230935,28,0,0,0,0.0,null,null,3,0.03712874720804393,487,40,4.959059879183769e-06,3,634,0,4535,1.1623837053775787e-05,seed16_high_branch_t355,presentation_fixed,3851,0,0.01112719951197505,0.0030820954125374556,9645,0,0.0,high,40,1.0,0.00010379194281995296,1345.5,16,31→28,40,,presentation_confirmation,31,0.01029168339446187,5.0,False,355
full_alpha_beta,{},{},{},0,{},,{},,0.005931253777816892,0.0003866644110530615,middle,38,full_alpha_beta_d3,56,3,3,3,adaptive_disabled,False,3,0.007947783404961228,0.03973891702480614,16,0,0,0,0.0,null,null,3,0.031040615867823362,378,38,4.749977961182594e-06,3,474,0,2596,1.2251082807779312e-05,seed16_middle_t201,presentation_fixed,2081,0,0.006256282329559326,0.002325934823602438,9799,0,0.0,high,38,1.0,9.908294305205345e-05,1435.5,16,23→16,38,,presentation_confirmation,23,0.007947783404961228,5.0,False,201
full_alpha_beta,{},{},{},0,{},,{},,0.3065939131192863,0.018467224203050137,opening,2263,full_alpha_beta_d3,2252,3,3,3,adaptive_disabled,False,3,0.8767910833936184,4.383955416968092,20,0,0,0,0.0,null,null,3,3.801826326875016,42968,2263,0.00020362506620585918,3,48718,0,129797,2.862582914531231e-05,seed16_opening_t0,presentation_fixed,77827,0,0.3212671671062708,0.2546240061055869,10000,0,0.0,high,2263,1.0,0.006005665985867381,1146.0,16,20→20,2263,,presentation_confirmation,20,0.8767910833936184,5.0,False,0
full_alpha_beta,{},{},{},0,{},,{},,0.007553544128313661,0.0004948764108121395,close_scores,9,full_alpha_beta_d3,79,3,3,3,adaptive_disabled,False,3,0.003990191593766212,0.019950957968831062,1,0,0,0,0.0,null,null,3,0.010723956860601902,131,9,3.250082954764366e-06,3,220,0,3154,2.5999033823609352e-05,seed17_close_scores_t3,presentation_fixed,2923,0,0.008052956545725465,0.0011113365180790424,9997,0,0.0,low,9,1.0,3.3458927646279335e-05,297.0,17,20→1,9,,presentation_confirmation,20,0.003990191593766212,5.0,False,3
full_alpha_beta,{},{},{},0,{},,{},,0.004466421436518431,0.0002879607491195202,endgame,3,full_alpha_beta_d3,51,3,3,3,adaptive_disabled,False,3,0.0018534665927290917,0.009267332963645458,7,0,0,0,0.0,null,null,3,0.003916999092325568,52,3,1.7499551177024841e-06,3,106,0,1908,0.00011704117059707642,seed17_endgame_t60,presentation_fixed,1798,0,0.004763747099786997,0.00045567075721919537,9940,0,0.0,low,3,1.0,1.2124888598918915e-05,-999996.0,17,20→7,3,,presentation_confirmation,20,0.0018534665927290917,5.0,False,60
full_alpha_beta,{},{},{},0,{},,{},,0.006993802729994059,0.00044396286830306053,high_branch,52,full_alpha_beta_d3,62,3,3,3,adaptive_disabled,False,3,0.012886841595172883,0.06443420797586441,63,0,0,0,0.0,null,null,3,0.053399153519421816,532,52,6.1248429119586945e-06,3,649,0,2977,1.179124228656292e-05,seed17_high_branch_t47,presentation_fixed,2272,0,0.007348625222221017,0.0035318881273269653,9953,0,0.0,high,52,1.0,0.0001366250216960907,1993.5,17,7→63,52,,presentation_confirmation,7,0.012886841595172883,5.0,False,47
full_alpha_beta,{},{},{},0,{},,{},,0.01035200827755034,0.0006726279389113188,middle,31,full_alpha_beta_d3,101,3,3,3,adaptive_disabled,False,3,0.01177223320119083,0.058861166005954146,60,0,0,0,0.0,null,null,3,0.04443433624692261,481,31,4.833098500967026e-06,3,619,0,4417,1.695728860795498e-05,seed17_middle_t32,presentation_fixed,3760,0,0.010992159601300955,0.003323337994515896,9968,0,0.0,medium,31,1.0,8.954177610576153e-05,588.0,17,28→60,31,,presentation_confirmation,28,0.01177223320119083,5.0,False,32
full_alpha_beta,{},{},{},0,{},,{},,0.2946214822586626,0.01772719412110746,opening,2267,full_alpha_beta_d3,2212,3,3,3,adaptive_disabled,False,3,0.8160918831825257,4.080459415912628,20,0,0,0,0.0,null,null,3,3.5333791631273925,37181,2267,0.00021070800721645355,3,42551,0,124206,2.9749935492873192e-05,seed17_opening_t0,presentation_fixed,78768,0,0.30839344998821616,0.23235359485261142,10000,0,0.0,high,2267,1.0,0.006092750001698732,1461.1212,17,20→20,2267,,presentation_confirmation,20,0.8160918831825257,5.0,False,0
full_alpha_beta,{},{},{},0,{},,{},,0.007919295923784375,0.0005087961908429861,close_scores,14,full_alpha_beta_d3,77,3,3,3,adaptive_disabled,False,3,0.008846266567707062,0.04423133283853531,28,0,0,0,0.0,null,null,3,0.03371932706795633,299,14,3.4170225262641907e-06,3,395,0,3345,1.2624775990843773e-05,seed18_close_scores_t19,presentation_fixed,2930,0,0.008423744700849056,0.002028386341407895,9981,0,0.0,medium,14,1.0,4.383292980492115e-05,1298.0,18,16→28,14,,presentation_confirmation,16,0.008846266567707062,5.0,False,19
full_alpha_beta,{},{},{},0,{},,{},,0.00655167642980814,0.0004346680361777544,endgame,6,full_alpha_beta_d3,71,3,3,3,adaptive_disabled,False,3,0.0019834831822663546,0.009917415911331773,31,0,0,0,0.0,null,null,3,0.002203162759542465,72,6,2.5418121367692947e-06,3,150,0,2840,2.191588282585144e-05,seed18_endgame_t90,presentation_fixed,2682,0,0.00699587119743228,0.0006723410915583372,9910,0,0.0,low,6,1.0,2.158316783607006e-05,-999996.0,18,63→31,6,,presentation_confirmation,63,0.0019834831822663546,5.0,False,90
full_alpha_beta,{},{},{},0,{},,{},,0.0052118017338216305,0.0003359946422278881,high_branch,46,full_alpha_beta_d3,44,3,3,3,adaptive_disabled,False,3,0.010807099984958768,0.05403549992479384,20,0,0,0,0.0,null,null,3,0.04543391987681389,458,46,5.62518835067749e-06,3,551,0,2212,1.1540716513991356e-05,seed18_high_branch_t14,presentation_fixed,1612,0,0.005463582230731845,0.0030008319299668074,9986,0,0.0,high,46,1.0,0.00011999998241662979,2016.0,18,2→20,46,,presentation_confirmation,2,0.010807099984958768,5.0,False,14
full_alpha_beta,{},{},{},0,{},,{},,0.009586755884811282,0.0006154514849185944,middle,25,full_alpha_beta_d3,90,3,3,3,adaptive_disabled,False,3,0.01250338340178132,0.0625169170089066,28,0,0,0,0.0,null,null,3,0.04931099759414792,440,25,3.7499703466892242e-06,3,565,0,4096,1.1791940778493881e-05,seed18_middle_t47,presentation_fixed,3495,0,0.010184196289628744,0.002938515041023493,9953,0,0.0,medium,25,1.0,6.766617298126221e-05,1494.0,18,58→28,25,,presentation_confirmation,58,0.01250338340178132,5.0,False,47
full_alpha_beta,{},{},{},0,{},,{},,0.2929209943395108,0.018086315831169486,opening,2291,full_alpha_beta_d3,2630,3,3,3,adaptive_disabled,False,3,0.6034580332227051,3.0172901661135256,16,0,0,0,0.0,null,null,3,2.5326330272946507,27389,2291,0.00020933314226567745,3,32590,0,125840,2.8207898139953613e-05,seed18_opening_t0,presentation_fixed,90647,0,0.30678194225765765,0.17140394751913846,10000,0,0.0,high,2291,1.0,0.006233708001673222,1298.0,18,58→16,2291,,presentation_confirmation,58,0.6034580332227051,5.0,False,0
full_alpha_beta,{},{},{},0,{},,{},,0.0041268819477409124,0.00027491175569593906,close_scores,23,full_alpha_beta_d3,35,3,3,3,adaptive_disabled,False,3,0.0068968833889812235,0.034484416944906116,16,0,0,0,0.0,null,null,3,0.028111960273236036,284,23,5.834037438035011e-06,3,344,0,1747,1.699896529316902e-05,seed19_close_scores_t27,presentation_fixed,1382,0,0.004359786631539464,0.0019217950757592916,9973,0,0.0,medium,23,1.0,6.804196164011955e-05,1185.0,19,58→16,23,,presentation_confirmation,58,0.0068968833889812235,5.0,False,27
full_alpha_beta,{},{},{},0,{},,{},,0.005627960665151477,0.00037395069375634193,endgame,8,full_alpha_beta_d3,66,3,3,3,adaptive_disabled,False,3,0.0016726749949157239,0.008363374974578619,1,0,0,0,0.0,null,null,3,0.0017009081784635782,67,8,2.125045284628868e-06,3,142,0,2478,1.3125129044055939e-05,seed19_endgame_t256,presentation_fixed,2326,0,0.006004165159538388,0.0006171765271574259,9744,0,0.0,low,8,1.0,2.587493509054184e-05,-999996.0,19,63→1,8,,presentation_confirmation,63,0.0016726749949157239,5.0,False,256
full_alpha_beta,{},{},{},0,{},,{},,0.008435634197667241,0.0005417934153228998,high_branch,33,full_alpha_beta_d3,77,3,3,3,adaptive_disabled,False,3,0.013024300010874868,0.06512150005437434,55,0,0,0,0.0,null,null,3,0.05242258729413152,559,33,4.584202542901039e-06,3,686,0,3571,1.5082769095897675e-05,seed19_high_branch_t81,presentation_fixed,2840,0,0.008938991697505116,0.00365012907423079,9919,0,0.0,medium,33,1.0,9.012501686811447e-05,1295.0,19,28→55,33,,presentation_confirmation,28,0.013024300010874868,5.0,False,81
full_alpha_beta,{},{},{},0,{},,{},,0.010099003789946437,0.0006532103288918734,middle,33,full_alpha_beta_d3,99,3,3,3,adaptive_disabled,False,3,0.007529699988663196,0.03764849994331598,28,0,0,0,0.0,null,null,3,0.024490996031090617,338,33,5.250098183751106e-06,3,473,0,4366,1.3874843716621399e-05,seed19_middle_t130,presentation_fixed,3858,0,0.010710791684687138,0.0023340461775660515,9870,0,0.0,medium,33,1.0,9.354110807180405e-05,1145.0,19,28→28,33,,presentation_confirmation,28,0.007529699988663196,5.0,False,130
full_alpha_beta,{},{},{},0,{},,{},,0.26153670833446085,0.01597680035047233,opening,2265,full_alpha_beta_d3,2212,3,3,3,adaptive_disabled,False,3,0.5864165334030986,2.932082667015493,20,0,0,0,0.0,null,null,3,2.4903985364362597,25082,2265,0.00020754081197082996,3,29547,0,111500,2.8418144211173058e-05,seed19_opening_t0,presentation_fixed,80041,0,0.2731570804025978,0.16221934114582837,10000,0,0.0,high,2265,1.0,0.006071750074625015,1418.0,19,0→20,2265,,presentation_confirmation,0,0.5864165334030986,5.0,False,0
full_alpha_beta,{},{},{},0,{},,{},,0.01816359907388687,0.001163870794698596,close_scores,11,full_alpha_beta_d4,179,4,4,4,adaptive_disabled,False,4,0.014359041815623641,0.0717952090781182,58,0,0,0,0.0,null,null,4,0.04830721742473543,595,11,3.375113010406494e-06,4,819,0,7858,1.512584276497364e-05,seed10_close_scores_t4,presentation_fixed,7003,0,0.01938207191415131,0.004048918839544058,9996,0,0.0,medium,11,1.0,3.8499943912029266e-05,-529.0,10,16→58,11,,presentation_confirmation,16,0.014359041815623641,5.0,False,4
full_alpha_beta,{},{},{},0,{},,{},,0.003895091824233532,0.00025808182545006275,endgame,6,full_alpha_beta_d4,34,4,4,4,adaptive_disabled,False,4,0.006983075011521578,0.03491537505760789,42,0,0,0,0.0,null,null,4,0.028824588051065803,271,6,2.6670750230550766e-06,4,338,0,1682,7.145782001316547e-05,seed10_endgame_t67,presentation_fixed,1311,0,0.00415628612972796,0.0018358759116381407,9933,0,0.0,low,6,1.0,2.450007013976574e-05,-999996.0,10,63→42,6,,presentation_confirmation,63,0.006983075011521578,5.0,False,67
full_alpha_beta,{},{},{},0,{},,{},,0.04353832104243338,0.002762285992503166,high_branch,52,full_alpha_beta_d4,454,4,4,4,adaptive_disabled,False,4,0.02326041660271585,0.11630208301357925,63,0,0,0,0.0,null,null,4,0.06503378902561963,478,52,5.9998128563165665e-06,4,998,0,18654,1.374911516904831e-05,seed10_high_branch_t56,presentation_fixed,17589,0,0.046365093206986785,0.0047484098467975855,9944,0,0.0,high,52,1.0,0.00013504200614988804,-229.0,10,1→63,52,,presentation_confirmation,1,0.02326041660271585,5.0,False,56
full_alpha_beta,{},{},{},0,{},,{},,0.03366683563217521,0.002105846768245101,middle,24,full_alpha_beta_d4,345,4,4,4,adaptive_disabled,False,4,0.030238616606220604,0.15119308303110301,58,0,0,0,0.0,null,null,4,0.10743111907504499,1166,24,3.5830307751893997e-06,4,1598,0,14172,1.2416858226060867e-05,seed10_middle_t36,presentation_fixed,12492,0,0.03587469086050987,0.007806273177266121,9964,0,0.0,medium,24,1.0,6.500002928078175e-05,-1135.0,10,58→58,24,,presentation_confirmation,58,0.030238616606220604,5.0,False,36
full_alpha_beta,{},{},{},0,{},,{},,1.8189261900261045,0.11542345210909843,opening,1027,full_alpha_beta_d4,19395,4,4,4,adaptive_disabled,False,4,1.0000075083691626,5.000037541845813,63,0,0,0,0.0,null,null,4,2.771583338966593,38354,2278,0.00022112508304417133,4,59890,0,759397,3.095879219472408e-05,seed10_opening_t0,presentation_fixed,696057,0,1.936799995135516,0.2850624988786876,10000,0,0.0,high,2278,0.4508340649692713,0.006339624989777803,-509.0,10,0→63,2278,,presentation_confirmation,0,1.0000075083691626,5.0,True,0
full_alpha_beta,{},{},{},0,{},,{},,0.0232986006885767,0.001505248248577118,close_scores,25,full_alpha_beta_d4,241,4,4,4,adaptive_disabled,False,4,0.01867860839702189,0.09339304198510945,66,0,0,0,0.0,null,null,4,0.0636086012236774,633,25,6.2498729676008224e-06,4,953,0,9861,1.733400858938694e-05,seed11_close_scores_t35,presentation_fixed,8829,0,0.02486302680335939,0.004821829963475466,9965,0,0.0,medium,25,1.0,7.600011304020882e-05,-739.0,11,30→66,25,,presentation_confirmation,30,0.01867860839702189,5.0,False,35
full_alpha_beta,{},{},{},0,{},,{},,0.003709333250299096,0.00024775066412985325,endgame,3,full_alpha_beta_d4,35,4,4,4,adaptive_disabled,False,4,0.006375308195129037,0.031876540975645185,60,0,0,0,0.0,null,null,4,0.025970833376049995,291,3,2.4579931050539017e-06,4,363,0,1602,8.637504652142525e-05,seed11_endgame_t328,presentation_fixed,1201,0,0.003971745725721121,0.0018304209224879742,9672,0,0.0,low,3,1.0,1.4707911759614944e-05,-999996.0,11,20→60,3,,presentation_confirmation,20,0.006375308195129037,5.0,False,328
full_alpha_beta,{},{},{},0,{},,{},,0.06519107054919004,0.004093300551176071,high_branch,50,full_alpha_beta_d4,728,4,4,4,adaptive_disabled,False,4,0.03828695840202272,0.1914347920101136,20,0,0,0,0.0,null,null,4,0.11344613879919052,1100,50,6.00004568696022e-06,4,1922,0,28049,1.4000805094838142e-05,seed11_high_branch_t242,presentation_fixed,26032,0,0.06946973921731114,0.008366330061107874,9758,0,0.0,high,50,1.0,0.00013258308172225952,-309.0,11,7→20,50,,presentation_confirmation,7,0.03828695840202272,5.0,False,242
full_alpha_beta,{},{},{},0,{},,{},,0.08075835881754756,0.005097235087305307,middle,35,full_alpha_beta_d4,861,4,4,4,adaptive_disabled,False,4,0.058369791600853205,0.291848958004266,63,0,0,0,0.0,null,null,4,0.191830278839916,2061,35,4.624947905540466e-06,4,3043,0,33982,1.4042016118764877e-05,seed11_middle_t166,presentation_fixed,30818,0,0.08616568916477263,0.013744489988312125,9834,0,0.0,high,35,1.0,8.983304724097252e-05,-668.794375,11,62→63,35,,presentation_confirmation,62,0.058369791600853205,5.0,False,166
full_alpha_beta,{},{},{},0,{},,{},,1.9850259316153824,0.12498448975384235,opening,2254,full_alpha_beta_d4,22993,4,4,4,adaptive_disabled,False,4,0.7779554999899119,3.8897774999495596,63,0,0,0,0.0,null,null,4,1.5074837061110884,38258,2254,0.00020645791664719582,4,63496,0,854224,3.0374852940440178e-05,seed11_opening_t0,presentation_fixed,788734,0,2.113564909202978,0.26242159283719957,10000,0,0.0,high,2254,1.0,0.0060704590287059546,-449.0,11,63→63,2254,,presentation_confirmation,63,0.7779554999899119,5.0,False,0
full_alpha_beta,{},{},{},0,{},,{},,0.04782837210223079,0.0030828730668872595,close_scores,29,full_alpha_beta_d4,496,4,4,4,adaptive_disabled,False,4,0.024583924980834126,0.12291962490417063,20,0,0,0,0.0,null,null,4,0.06370250252075493,1101,29,4.542060196399689e-06,4,1662,0,20692,1.3873912394046783e-05,seed12_close_scores_t8,presentation_fixed,18968,0,0.051046638982370496,0.008073733421042562,9992,0,0.0,medium,29,1.0,7.83340074121952e-05,-895.5,12,59→20,29,,presentation_confirmation,59,0.024583924980834126,5.0,False,8
full_alpha_beta,{},{},{},0,{},,{},,0.004698509816080332,0.00031237094663083553,endgame,3,full_alpha_beta_d4,45,4,4,4,adaptive_disabled,False,4,0.007146224984899164,0.035731124924495816,44,0,0,0,0.0,null,null,4,0.02865613275207579,272,3,1.7080456018447876e-06,4,364,0,2029,0.00010204082354903221,seed12_endgame_t149,presentation_fixed,1617,0,0.005034118192270398,0.0019242910202592611,9851,0,0.0,low,3,1.0,1.2834090739488602e-05,-999996.0,12,63→44,3,,presentation_confirmation,63,0.007146224984899164,5.0,False,149
full_alpha_beta,{},{},{},0,{},,{},,0.0438574084546417,0.0028488589450716972,high_branch,43,full_alpha_beta_d4,442,4,4,4,adaptive_disabled,False,4,0.03149206661619246,0.1574603330809623,63,0,0,0,0.0,null,null,4,0.10259459400549531,1187,43,5.292007699608803e-06,4,1691,0,19004,1.4582881703972816e-05,seed12_high_branch_t31,presentation_fixed,17251,0,0.046796250622719526,0.007939113536849618,9969,0,0.0,high,43,1.0,0.0001105000264942646,-1093.5,12,31→63,43,,presentation_confirmation,31,0.03149206661619246,5.0,False,31
full_alpha_beta,{},{},{},0,{},,{},,0.028707474935799837,0.0018795900978147984,middle,27,full_alpha_beta_d4,271,4,4,4,adaptive_disabled,False,4,0.02233367497101426,0.1116683748550713,16,0,0,0,0.0,null,null,4,0.0754746615421027,750,27,3.6670826375484467e-06,4,1070,0,11853,1.4541670680046082e-05,seed12_middle_t77,presentation_fixed,10735,0,0.030659574316814542,0.005442722234874964,9923,0,0.0,medium,27,1.0,7.320800796151161e-05,-1093.5,12,14→16,27,,presentation_confirmation,14,0.02233367497101426,5.0,False,77
full_alpha_beta,{},{},{},0,{},,{},,2.862710525514558,0.1796668206807226,opening,2272,full_alpha_beta_d4,30459,4,4,4,adaptive_disabled,False,4,0.9128670165780932,4.564335082890466,63,0,0,0,0.0,null,null,4,1.1947934525087476,31733,2272,0.00023933290503919125,4,64742,0,1226788,3.312388435006142e-05,seed12_opening_t0,presentation_fixed,1159728,0,3.045450975187123,0.31464628130197525,10000,0,0.0,high,2272,1.0,0.009171917103230953,-538.5,12,0→63,2272,,presentation_confirmation,0,0.9128670165780932,5.0,False,0
full_alpha_beta,{},{},{},0,{},,{},,0.025142689235508442,0.0015998666640371084,close_scores,17,full_alpha_beta_d4,260,4,4,4,adaptive_disabled,False,4,0.014260308211669325,0.07130154105834663,63,0,0,0,0.0,null,null,4,0.040308956522494555,543,17,3.3329706639051437e-06,4,846,0,10613,1.541711390018463e-05,seed13_close_scores_t4,presentation_fixed,9728,0,0.026811817660927773,0.004109933972358704,9996,0,0.0,medium,17,1.0,5.208281800150871e-05,-439.5,13,52→63,17,,presentation_confirmation,52,0.014260308211669325,5.0,False,4
full_alpha_beta,{},{},{},0,{},,{},,0.004314428428187966,0.00029246043413877487,endgame,3,full_alpha_beta_d4,42,4,4,4,adaptive_disabled,False,4,0.004493341781198978,0.022466708905994892,18,0,0,0,0.0,null,null,4,0.016426914604380727,148,3,2.00001522898674e-06,4,234,0,1798,0.00010654283687472343,seed13_endgame_t71,presentation_fixed,1519,0,0.004625541158020496,0.0012889192439615726,9929,0,0.0,low,3,1.0,1.6791047528386116e-05,-999996.0,13,63→18,3,,presentation_confirmation,63,0.004493341781198978,5.0,False,71
full_alpha_beta,{},{},{},0,{},,{},,0.047033505979925394,0.0030402059201151133,high_branch,49,full_alpha_beta_d4,488,4,4,4,adaptive_disabled,False,4,0.03368515837937593,0.16842579189687967,63,0,0,0,0.0,null,null,4,0.11179046193137765,762,49,6.833113729953766e-06,4,1325,0,20110,1.6417820006608963e-05,seed13_high_branch_t60,presentation_fixed,18712,0,0.050166995264589787,0.006311292760074139,9940,0,0.0,high,49,1.0,0.0001337910071015358,-179.5,13,1→63,49,,presentation_confirmation,1,0.03368515837937593,5.0,False,60
full_alpha_beta,{},{},{},0,{},,{},,0.04927786439657211,0.0031712560448795557,middle,45,full_alpha_beta_d4,511,4,4,4,adaptive_disabled,False,4,0.0431086583994329,0.2155432919971645,63,0,0,0,0.0,null,null,4,0.15666039963252842,678,45,6.875023245811462e-06,4,1259,0,21334,1.5667174011468887e-05,seed13_middle_t38,presentation_fixed,20004,0,0.05254007177427411,0.00617952854372561,9962,0,0.0,high,45,1.0,0.00014074984937906265,-369.5,13,2→63,45,,presentation_confirmation,2,0.0431086583994329,5.0,False,38
full_alpha_beta,{},{},{},0,{},,{},,2.468220536597073,0.15575923724099994,opening,1987,full_alpha_beta_d4,26706,4,4,4,adaptive_disabled,False,4,1.0000071416143328,5.000035708071664,63,0,0,0,0.0,null,null,4,2.036019446561113,37798,2267,0.00021920795552432537,4,67140,0,1027475,3.091711550951004e-05,seed13_opening_t0,presentation_fixed,957562,0,2.629988592118025,0.3275730023160577,10000,0,0.0,high,2267,0.8764887516541685,0.006204542005434632,-469.5,13,0→63,2267,,presentation_confirmation,0,1.0000071416143328,5.0,True,0
full_alpha_beta,{},{},{},0,{},,{},,0.01224200683645904,0.0007587054278701544,close_scores,7,full_alpha_beta_d4,107,4,4,4,adaptive_disabled,False,4,0.0202585665974766,0.10129283298738301,28,0,0,0,0.0,null,null,4,0.08286634436808527,777,7,3.291061148047447e-06,4,962,0,5040,2.666679210960865e-05,seed14_close_scores_t7,presentation_fixed,3999,0,0.013048037653788924,0.005319993011653423,9993,0,0.0,low,7,1.0,2.850010059773922e-05,-1254.5,14,20→28,7,,presentation_confirmation,20,0.0202585665974766,5.0,False,7
full_alpha_beta,{},{},{},0,{},,{},,0.00797637621872127,0.0005085798911750317,endgame,9,full_alpha_beta_d4,73,4,4,4,adaptive_disabled,False,4,0.009082249971106649,0.04541124985553324,62,0,0,0,0.0,null,null,4,0.03427011473104358,339,9,2.8330832719802856e-06,4,484,0,3356,1.4167046174407005e-05,seed14_endgame_t63,presentation_fixed,2799,0,0.0085061676800251,0.002586217364296317,9937,0,0.0,low,9,1.0,3.174995072185993e-05,-999996.0,14,63→62,9,,presentation_confirmation,63,0.009082249971106649,5.0,False,63
full_alpha_beta,{},{},{},0,{},,{},,0.0374033753760159,0.0023569290060549974,high_branch,41,full_alpha_beta_d4,380,4,4,4,adaptive_disabled,False,4,0.01979179996997118,0.0989589998498559,63,0,0,0,0.0,null,null,4,0.05500004068017006,408,41,5.041947588324547e-06,4,848,0,15907,1.2584030628204346e-05,seed14_high_branch_t50,presentation_fixed,14998,0,0.03981959749944508,0.004015069687739015,9950,0,0.0,high,41,1.0,0.00010666600428521633,-378.5,14,27→63,41,,presentation_confirmation,27,0.01979179996997118,5.0,False,50
full_alpha_beta,{},{},{},0,{},,{},,0.02487294375896454,0.001576671376824379,middle,26,full_alpha_beta_d4,256,4,4,4,adaptive_disabled,False,4,0.014813124993816018,0.07406562496908009,63,0,0,0,0.0,null,null,4,0.04448587307706475,309,26,4.208879545331001e-06,4,604,0,10595,1.2291129678487778e-05,seed14_middle_t34,presentation_fixed,9951,0,0.026490691117942333,0.00299926963634789,9966,0,0.0,medium,26,1.0,7.329112850129604e-05,-408.5,14,36→63,26,,presentation_confirmation,36,0.014813124993816018,5.0,False,34
full_alpha_beta,{},{},{},0,{},,{},,1.59449448203668,0.10987901734188199,opening,1003,full_alpha_beta_d4,16311,4,4,4,adaptive_disabled,False,4,1.0000115665607154,5.000057832803577,35,0,0,0,0.0,null,null,4,2.966048002243042,46492,2259,0.00021358300000429153,4,64138,0,613201,3.695790655910969e-05,seed14_opening_t0,presentation_fixed,546437,0,1.7081785877235234,0.3193928268738091,10000,0,0.0,high,2259,0.4440017706949978,0.006187875056639314,-498.5,14,4→35,2259,,presentation_confirmation,4,1.0000115665607154,5.0,True,0
full_alpha_beta,{},{},{},0,{},,{},,0.05452841822989285,0.003702127607539296,close_scores,30,full_alpha_beta_d4,538,4,4,4,adaptive_disabled,False,4,0.03063884158618748,0.1531942079309374,10,0,0,0,0.0,null,null,4,0.08421186683699489,1272,30,7.250113412737846e-06,4,1897,0,21791,1.8331920728087425e-05,seed15_close_scores_t6,presentation_fixed,19813,0,0.0584591506049037,0.010403316468000412,9994,0,0.0,medium,30,1.0,9.429198689758778e-05,-418.5,15,55→10,30,,presentation_confirmation,55,0.03063884158618748,5.0,False,6
full_alpha_beta,{},{},{},0,{},,{},,0.00541675603017211,0.0003643243107944727,endgame,3,full_alpha_beta_d4,53,4,4,4,adaptive_disabled,False,4,0.007014141604304314,0.03507070802152157,0,0,0,0,0.0,null,null,4,0.027065780479460955,271,3,2.083834260702133e-06,4,379,0,2277,0.00012537394650280476,seed15_endgame_t106,presentation_fixed,1842,0,0.005810282658785582,0.00205031200312078,9894,0,0.0,low,3,1.0,1.6875099390745163e-05,-999996.0,15,63→0,3,,presentation_confirmation,63,0.007014141604304314,5.0,False,106
full_alpha_beta,{},{},{},0,{},,{},,0.06311288825236261,0.004111036658287048,high_branch,52,full_alpha_beta_d4,651,4,4,4,adaptive_disabled,False,4,0.025765316607430578,0.1288265830371529,63,0,0,0,0.0,null,null,4,0.05339960684068501,846,52,7.582828402519226e-06,4,1578,0,26864,1.933332532644272e-05,seed15_high_branch_t39,presentation_fixed,25204,0,0.06738132517784834,0.007873151917010546,9961,0,0.0,high,52,1.0,0.00014558294788002968,-948.0,15,1→63,52,,presentation_confirmation,1,0.025765316607430578,5.0,False,39
full_alpha_beta,{},{},{},0,{},,{},,0.03743066336028278,0.002416412578895688,middle,25,full_alpha_beta_d4,365,4,4,4,adaptive_disabled,False,4,0.031017225002869964,0.15508612501434982,58,0,0,0,0.0,null,null,4,0.1059733908623457,1279,25,4.332978278398514e-06,4,1734,0,15818,1.5833182260394096e-05,seed15_middle_t55,presentation_fixed,13993,0,0.03996824752539396,0.009051403496414423,9945,0,0.0,medium,25,1.0,7.291696965694427e-05,-1074.0,15,58→58,25,,presentation_confirmation,58,0.031017225002869964,5.0,False,55
full_alpha_beta,{},{},{},0,{},,{},,2.5081637434195727,0.1592179723083973,opening,1299,full_alpha_beta_d4,27120,4,4,4,adaptive_disabled,False,4,1.0000097999814899,5.000048999907449,52,0,0,0,0.0,null,null,4,1.9624031893908978,45550,2251,0.0002087918110191822,4,75345,0,1048843,3.466615453362465e-05,seed15_opening_t0,presentation_fixed,969788,0,2.6736523408908397,0.35765376151539385,10000,0,0.0,high,2251,0.5770768547312306,0.006096250144764781,-388.5,15,63→52,2251,,presentation_confirmation,63,1.0000097999814899,5.0,True,0
full_alpha_beta,{},{},{},0,{},,{},,0.05900280084460974,0.003946869634091854,close_scores,21,full_alpha_beta_d4,600,4,4,4,adaptive_disabled,False,4,0.03575471662916243,0.17877358314581215,20,0,0,0,0.0,null,null,4,0.10371390450745821,1310,21,6.041023880243301e-06,4,1987,0,23588,1.9667204469442368e-05,seed16_close_scores_t21,presentation_fixed,21524,0,0.0632125495467335,0.01174754579551518,9979,0,0.0,medium,21,1.0,7.387506775557995e-05,-568.0,16,46→20,21,,presentation_confirmation,46,0.03575471662916243,5.0,False,21
full_alpha_beta,{},{},{},0,{},,{},,0.0042996706906706095,0.00030204118229448795,endgame,8,full_alpha_beta_d4,42,4,4,4,adaptive_disabled,False,4,0.0032707083970308303,0.016353541985154152,2,0,0,0,0.0,null,null,4,0.010656497674062848,121,8,3.916909918189049e-06,4,205,0,1795,2.7250032871961594e-05,seed16_endgame_t397,presentation_fixed,1547,0,0.0046000853180885315,0.0010277919936925173,9603,0,0.0,low,8,1.0,3.800005652010441e-05,-999996.0,16,63→2,8,,presentation_confirmation,63,0.0032707083970308303,5.0,False,397
full_alpha_beta,{},{},{},0,{},,{},,0.0594985072966665,0.0039219611790031195,high_branch,40,full_alpha_beta_d4,601,4,4,4,adaptive_disabled,False,4,0.022541533410549163,0.11270766705274582,10,0,0,0,0.0,null,null,4,0.04106416506692767,926,40,5.125068128108978e-06,4,1630,0,24301,1.574982888996601e-05,seed16_high_branch_t355,presentation_fixed,22567,0,0.06360598281025887,0.007905019214376807,9645,0,0.0,high,40,1.0,0.0001116250641644001,-468.0,16,31→10,40,,presentation_confirmation,31,0.022541533410549163,5.0,False,355
full_alpha_beta,{},{},{},0,{},,{},,0.060469490475952625,0.003955361200496554,middle,38,full_alpha_beta_d4,627,4,4,4,adaptive_disabled,False,4,0.0254982918035239,0.1274914590176195,16,0,0,0,0.0,null,null,4,0.053505365271121264,1128,38,5.334150046110153e-06,4,1853,0,25398,1.716683618724346e-05,seed16_middle_t201,presentation_fixed,23446,0,0.06461562402546406,0.009227343602105975,9799,0,0.0,high,38,1.0,0.00012062513269484043,-548.0,16,23→16,38,,presentation_confirmation,23,0.0254982918035239,5.0,False,201
full_alpha_beta,{},{},{},0,{},,{},,2.329273830866441,0.14437341666780412,opening,2263,full_alpha_beta_d4,27139,4,4,4,adaptive_disabled,False,4,0.9386129499878735,4.693064749939367,63,0,0,0,0.0,null,null,4,1.8664398428518325,46636,2263,0.0002092909999191761,4,76048,0,984566,3.02919652312994e-05,seed16_opening_t0,presentation_fixed,906188,0,2.4788888469338417,0.34117851918563247,10000,0,0.0,high,2263,1.0,0.006317958002910018,-508.0,16,63→63,2263,,presentation_confirmation,63,0.9386129499878735,5.0,False,0
full_alpha_beta,{},{},{},0,{},,{},,0.022282480262219906,0.0014740375336259604,close_scores,9,full_alpha_beta_d4,184,4,4,4,adaptive_disabled,False,4,0.04004887500777841,0.20024437503889203,1,0,0,0,0.0,null,null,4,0.16489463346078992,1675,9,3.5420525819063187e-06,4,2010,0,9301,2.6999041438102722e-05,seed17_close_scores_t3,presentation_fixed,7139,0,0.023875277722254395,0.011408005841076374,9997,0,0.0,low,9,1.0,3.591692075133324e-05,-1468.8758,17,20→1,9,,presentation_confirmation,20,0.04004887500777841,5.0,False,3
full_alpha_beta,{},{},{},0,{},,{},,0.005507304798811674,0.00036779302172362804,endgame,3,full_alpha_beta_d4,52,4,4,4,adaptive_disabled,False,4,0.008860591612756253,0.04430295806378126,7,0,0,0,0.0,null,null,4,0.035703462082892656,349,3,2.00001522898674e-06,4,455,0,2358,0.0001229580957442522,seed17_endgame_t60,presentation_fixed,1849,0,0.005904577672481537,0.00255404319614172,9940,0,0.0,low,3,1.0,1.591700129210949e-05,-999996.0,17,20→7,3,,presentation_confirmation,20,0.008860591612756253,5.0,False,60
full_alpha_beta,{},{},{},0,{},,{},,0.05706965667195618,0.004173444351181388,high_branch,52,full_alpha_beta_d4,492,4,4,4,adaptive_disabled,False,4,0.023130441596731544,0.11565220798365772,20,0,0,0,0.0,null,null,4,0.046717005083337426,479,52,1.750001683831215e-05,4,1030,0,20993,2.7541304007172585e-05,seed17_high_branch_t47,presentation_fixed,19903,0,0.06125539098866284,0.007305561797693372,9953,0,0.0,high,52,1.0,0.0003292087931185961,-237.0,17,7→20,52,,presentation_confirmation,7,0.023130441596731544,5.0,False,47
full_alpha_beta,{},{},{},0,{},,{},,0.06468803714960814,0.004217452136799693,middle,31,full_alpha_beta_d4,651,4,4,4,adaptive_disabled,False,4,0.04154015840031207,0.20770079200156033,30,0,0,0,0.0,null,null,4,0.12657211418263614,1468,31,5.333218723535538e-06,4,2250,0,27584,1.8332619220018387e-05,seed17_middle_t32,presentation_fixed,25202,0,0.06913550035096705,0.011873052455484867,9968,0,0.0,medium,31,1.0,9.6459174528718e-05,-558.0,17,28→30,31,,presentation_confirmation,28,0.04154015840031207,5.0,False,32
full_alpha_beta,{},{},{},0,{},,{},,2.524204360321164,0.16232583881355822,opening,2267,full_alpha_beta_d4,26628,4,4,4,adaptive_disabled,False,4,0.7742035917937755,3.871017958968878,20,0,0,0,0.0,null,null,4,0.896807454759255,24993,2267,0.0002113331574946642,4,53867,0,1047794,3.112596459686756e-05,seed17_opening_t0,presentation_fixed,991955,0,2.6927120841573924,0.2750514200888574,10000,0,0.0,high,2267,1.0,0.006204540841281414,-317.0,17,20→20,2267,,presentation_confirmation,20,0.7742035917937755,5.0,False,0
full_alpha_beta,{},{},{},0,{},,{},,0.019150607753545046,0.001265662256628275,close_scores,14,full_alpha_beta_d4,187,4,4,4,adaptive_disabled,False,4,0.02205069181509316,0.1102534590754658,55,0,0,0,0.0,null,null,4,0.08412358514033258,785,14,3.2498501241207123e-06,4,1032,0,8072,1.591700129210949e-05,seed18_close_scores_t19,presentation_fixed,6979,0,0.02048057923093438,0.0055860027205199,9981,0,0.0,medium,14,1.0,4.4125132262706757e-05,-1298.0,18,16→55,14,,presentation_confirmation,16,0.02205069181509316,5.0,False,19
full_alpha_beta,{},{},{},0,{},,{},,0.008146594511345029,0.0005387442652136087,endgame,6,full_alpha_beta_d4,74,4,4,4,adaptive_disabled,False,4,0.009993983432650566,0.04996991716325283,31,0,0,0,0.0,null,null,4,0.0382301767822355,389,6,2.500135451555252e-06,4,539,0,3438,2.9750168323516846e-05,seed18_endgame_t90,presentation_fixed,2822,0,0.008723538601770997,0.002960117533802986,9910,0,0.0,low,6,1.0,2.383394166827202e-05,-999996.0,18,63→31,6,,presentation_confirmation,63,0.009993983432650566,5.0,False,90
full_alpha_beta,{},{},{},0,{},,{},,0.04338912642560899,0.002827485091984272,high_branch,46,full_alpha_beta_d4,458,4,4,4,adaptive_disabled,False,4,0.026181358192116023,0.1309067909605801,20,0,0,0,0.0,null,null,4,0.07869708258658648,683,46,6.624963134527206e-06,4,1193,0,18500,1.6373349353671074e-05,seed18_high_branch_t14,presentation_fixed,17255,0,0.04630509950220585,0.005741151748225093,9986,0,0.0,high,46,1.0,0.00014045881107449532,-933.0,18,2→20,46,,presentation_confirmation,2,0.026181358192116023,5.0,False,14
full_alpha_beta,{},{},{},0,{},,{},,0.043405868811532855,0.002790240803733468,middle,25,full_alpha_beta_d4,417,4,4,4,adaptive_disabled,False,4,0.04210294182412326,0.21051470912061632,28,0,0,0,0.0,null,null,4,0.1539950631558895,1305,25,7.207971066236496e-06,4,1847,0,17863,1.8751481547951698e-05,seed18_middle_t47,presentation_fixed,15890,0,0.046356674982234836,0.010056678671389818,9953,0,0.0,medium,25,1.0,8.033285848796368e-05,-1047.5,18,58→28,25,,presentation_confirmation,58,0.04210294182412326,5.0,False,47
full_alpha_beta,{},{},{},0,{},,{},,2.123442938318476,0.1339990368578583,opening,2291,full_alpha_beta_d4,22924,4,4,4,adaptive_disabled,False,4,0.7218943084124476,3.609471542062238,63,0,0,0,0.0,null,null,4,1.1110346717759967,23048,2291,0.00022416701540350914,4,48452,0,882336,3.0500348657369614e-05,seed18_opening_t0,presentation_fixed,831372,0,2.261598950950429,0.23032554308883846,10000,0,0.0,high,2291,1.0,0.006257708882912993,-417.5,18,0→63,2291,,presentation_confirmation,0,0.7218943084124476,5.0,False,0
full_alpha_beta,{},{},{},0,{},,{},,0.05226198420859873,0.0033492480870336294,close_scores,23,full_alpha_beta_d4,535,4,4,4,adaptive_disabled,False,4,0.03619695818051696,0.1809847909025848,16,0,0,0,0.0,null,null,4,0.11465246020816267,1524,23,3.915978595614433e-06,4,2131,0,22384,1.5665777027606964e-05,seed19_close_scores_t27,presentation_fixed,20189,0,0.0557864245492965,0.010461449390277267,9973,0,0.0,medium,23,1.0,6.487499922513962e-05,-1185.0,19,58→16,23,,presentation_confirmation,58,0.03619695818051696,5.0,False,27
full_alpha_beta,{},{},{},0,{},,{},,0.007211961317807436,0.00048332312144339085,endgame,8,full_alpha_beta_d4,71,4,4,4,adaptive_disabled,False,4,0.009604983404278756,0.048024917021393776,1,0,0,0,0.0,null,null,4,0.03742694994434714,398,8,3.0829105526208878e-06,4,540,0,3158,1.4792196452617645e-05,seed19_endgame_t256,presentation_fixed,2546,0,0.007719663204625249,0.002829844830557704,9744,0,0.0,low,8,1.0,3.058393485844135e-05,-999996.0,19,63→1,8,,presentation_confirmation,63,0.009604983404278756,5.0,False,256
full_alpha_beta,{},{},{},0,{},,{},,0.07402773923240602,0.004708131309598684,high_branch,33,full_alpha_beta_d4,766,4,4,4,adaptive_disabled,False,4,0.045972716575488445,0.22986358287744224,8,0,0,0,0.0,null,null,4,0.1375616225413978,1872,33,4.708068445324898e-06,4,2748,0,32197,1.3250857591629028e-05,seed19_high_branch_t81,presentation_fixed,29349,0,0.07898904546163976,0.013202748028561473,9919,0,0.0,medium,33,1.0,9.220791980624199e-05,-1295.0,19,28→8,33,,presentation_confirmation,28,0.045972716575488445,5.0,False,81
full_alpha_beta,{},{},{},0,{},,{},,0.0723072534892708,0.004689083667472005,middle,33,full_alpha_beta_d4,732,4,4,4,adaptive_disabled,False,4,0.03728204159997404,0.18641020799987018,55,0,0,0,0.0,null,null,4,0.09683465980924666,1713,33,4.875008016824722e-06,4,2584,0,31107,1.6249017789959908e-05,seed19_middle_t130,presentation_fixed,28387,0,0.07724008685909212,0.012220295378938317,9870,0,0.0,medium,33,1.0,9.404192678630352e-05,-1145.0,19,28→55,33,,presentation_confirmation,28,0.03728204159997404,5.0,False,130
full_alpha_beta,{},{},{},0,{},,{},,2.6516098224092275,0.16765475482679904,opening,2265,full_alpha_beta_d4,27892,4,4,4,adaptive_disabled,False,4,0.9498814668040723,4.749407334020361,63,0,0,0,0.0,null,null,4,1.6115702083334327,32749,2265,0.00021841702982783318,4,63209,0,1137429,2.9166927561163902e-05,seed19_opening_t0,presentation_fixed,1071997,0,2.824660972924903,0.3067498607560992,10000,0,0.0,high,2265,1.0,0.0061787080485373735,-587.5,19,0→63,2265,,presentation_confirmation,0,0.9498814668040723,5.0,False,0
full_alpha_beta,{},{},{},0,{},,{},,0.056381682166829705,0.0036224995274096727,close_scores,11,full_alpha_beta_d5,540,5,5,5,adaptive_disabled,False,5,0.05758727500215173,0.28793637501075864,58,0,0,0,0.0,null,null,5,0.21121017402037978,2355,11,3.7499703466892242e-06,5,3115,0,23751,1.7042038962244987e-05,seed10_close_scores_t4,presentation_fixed,20465,0,0.06028428743593395,0.01638312148861587,9996,0,0.0,medium,11,1.0,3.800005652010441e-05,529.0,10,16→58,11,,presentation_confirmation,16,0.05758727500215173,5.0,False,4
full_alpha_beta,{},{},{},0,{},,{},,0.028292369563132524,0.001799034420400858,endgame,6,full_alpha_beta_d5,300,5,5,5,adaptive_disabled,False,5,0.014738700026646257,0.07369350013323128,42,0,0,0,0.0,null,null,5,0.04056870425119996,266,6,2.8328504413366318e-06,5,604,0,12058,7.354142144322395e-05,seed10_endgame_t67,presentation_fixed,11416,0,0.03020103112794459,0.002822056645527482,9933,0,0.0,low,6,1.0,2.5333836674690247e-05,-999996.0,10,63→42,6,,presentation_confirmation,63,0.014738700026646257,5.0,False,67
full_alpha_beta,{},{},{},0,{},,{},,0.05909067066386342,0.003826932283118367,high_branch,52,full_alpha_beta_d5,545,5,5,5,adaptive_disabled,False,5,0.07912576659582556,0.39562883297912776,63,0,0,0,0.0,null,null,5,0.30988778779283166,3028,52,6.833113729953766e-06,5,4090,0,25579,1.4833640307188034e-05,seed10_high_branch_t56,presentation_fixed,20971,0,0.06317861145362258,0.022403808776289225,9944,0,0.0,high,52,1.0,0.00013695820234715939,1366.5,10,1→63,52,,presentation_confirmation,1,0.07912576659582556,5.0,False,56
full_alpha_beta,{},{},{},0,{},,{},,0.09667183854617178,0.006098669255152345,middle,24,full_alpha_beta_d5,996,5,5,5,adaptive_disabled,False,5,0.09217095002532005,0.46085475012660027,58,0,0,0,0.0,null,null,5,0.33285043155774474,3509,24,3.7499703466892242e-06,5,4920,0,41796,1.5250174328684807e-05,seed10_middle_t36,presentation_fixed,36490,0,0.10324604855850339,0.024673811858519912,9964,0,0.0,medium,24,1.0,6.545800715684891e-05,1135.0,10,58→58,24,,presentation_confirmation,58,0.09217095002532005,5.0,False,36
full_alpha_beta,{},{},{},0,{},,{},,0.57767802500166,0.03713117423467338,opening,73,full_alpha_beta_d5,5509,5,5,5,adaptive_disabled,False,5,1.000007149996236,5.00003574998118,63,0,0,0,0.0,null,null,5,4.10036676004529,43711,2278,0.00020837504416704178,5,52641,0,243804,3.1333183869719505e-05,seed10_opening_t0,presentation_fixed,186060,0,0.6123512706253678,0.28102046926505864,10000,0,0.0,high,2278,0.03204565408252853,0.0060575418174266815,1155.0,10,31→63,2278,,presentation_confirmation,31,1.000007149996236,5.0,True,0
full_alpha_beta,{},{},{},0,{},,{},,0.07102679111994803,0.004463491961359978,close_scores,25,full_alpha_beta_d5,738,5,5,5,adaptive_disabled,False,5,0.05753493318334222,0.2876746659167111,28,0,0,0,0.0,null,null,5,0.19666315359063447,1959,25,4.125060513615608e-06,5,2990,0,30262,1.4582881703972816e-05,seed11_close_scores_t35,presentation_fixed,26980,0,0.0758266095072031,0.015098861884325743,9965,0,0.0,medium,25,1.0,6.733299233019352e-05,409.0,11,30→28,25,,presentation_confirmation,30,0.05753493318334222,5.0,False,35
full_alpha_beta,{},{},{},0,{},,{},,0.026914161862805486,0.001702039036899805,endgame,3,full_alpha_beta_d5,324,5,5,5,adaptive_disabled,False,5,0.010738599998876452,0.05369299999438226,60,0,0,0,0.0,null,null,5,0.022026672260835767,289,3,2.6670750230550766e-06,5,652,0,11581,9.070709347724915e-05,seed11_endgame_t328,presentation_fixed,10889,0,0.02873994573019445,0.00281534087844193,9672,0,0.0,low,3,1.0,1.7666956409811974e-05,-999996.0,11,20→60,3,,presentation_confirmation,20,0.010738599998876452,5.0,False,328
full_alpha_beta,{},{},{},0,{},,{},,0.059156545670703053,0.0038558293599635363,high_branch,50,full_alpha_beta_d5,584,5,5,5,adaptive_disabled,False,5,0.08050204999744892,0.4025102499872446,20,0,0,0,0.0,null,null,5,0.3155240120831877,3472,50,6.3749030232429504e-06,5,4623,0,25579,1.5584053471684456e-05,seed11_high_branch_t242,presentation_fixed,20388,0,0.06332166283391416,0.02350853313691914,9758,0,0.0,high,50,1.0,0.00013408297672867775,1224.0,11,7→20,50,,presentation_confirmation,7,0.08050204999744892,5.0,False,242
full_alpha_beta,{},{},{},0,{},,{},,0.09265302331186831,0.00591253349557519,middle,35,full_alpha_beta_d5,960,5,5,5,adaptive_disabled,False,5,0.08746075816452503,0.43730379082262516,55,0,0,0,0.0,null,null,5,0.315200257813558,3388,35,5.00003807246685e-06,5,4766,0,39358,1.416611485183239e-05,seed11_middle_t166,presentation_fixed,34176,0,0.0990192131139338,0.02297302894294262,9834,0,0.0,high,35,1.0,9.212479926645756e-05,1316.5,11,62→55,35,,presentation_confirmation,62,0.08746075816452503,5.0,False,166
full_alpha_beta,{},{},{},0,{},,{},,0.4693909673951566,0.02947636041790247,opening,229,full_alpha_beta_d5,4323,5,5,5,adaptive_disabled,False,5,1.0000074999872595,5.0000374999362975,20,0,0,0,0.0,null,null,5,4.208744501462206,47859,2254,0.00020391703583300114,5,57083,0,200169,3.12908086925745e-05,seed11_opening_t0,presentation_fixed,136454,0,0.4964550246950239,0.2885838078800589,10000,0,0.0,high,2254,0.10159716060337179,0.006018958054482937,793.0,11,20→20,2254,,presentation_confirmation,20,1.0000074999872595,5.0,True,0
full_alpha_beta,{},{},{},0,{},,{},,0.0544553033541888,0.0034835843835026026,close_scores,29,full_alpha_beta_d5,480,5,5,5,adaptive_disabled,False,5,0.08402825822122395,0.42014129110611975,20,0,0,0,0.0,null,null,5,0.33796293125487864,3518,29,6.708083674311638e-06,5,4362,0,23452,1.8291175365447998e-05,seed12_close_scores_t8,presentation_fixed,18769,0,0.05817862995900214,0.02388743869960308,9992,0,0.0,medium,29,1.0,8.729193359613419e-05,1412.0,12,59→20,29,,presentation_confirmation,59,0.08402825822122395,5.0,False,8
full_alpha_beta,{},{},{},0,{},,{},,0.029403488151729107,0.0019072720315307379,endgame,3,full_alpha_beta_d5,315,5,5,5,adaptive_disabled,False,5,0.01164839998818934,0.0582419999409467,44,0,0,0,0.0,null,null,5,0.023857639636844397,270,3,2.00001522898674e-06,5,634,0,12750,0.00010124989785254002,seed12_endgame_t149,presentation_fixed,12066,0,0.03143494529649615,0.002831790130585432,9851,0,0.0,low,3,1.0,1.4374963939189911e-05,-999996.0,12,63→44,3,,presentation_confirmation,63,0.01164839998818934,5.0,False,149
full_alpha_beta,{},{},{},0,{},,{},,0.08609714987687767,0.005560298450291157,high_branch,43,full_alpha_beta_d5,795,5,5,5,adaptive_disabled,False,5,0.11075821681879461,0.553791084093973,63,0,0,0,0.0,null,null,5,0.43053799821063876,4328,43,6.166053935885429e-06,5,5672,0,37458,1.5668105334043503e-05,seed12_high_branch_t31,presentation_fixed,31245,0,0.09205661434680223,0.031058220425620675,9969,0,0.0,high,43,1.0,0.00011641695164144039,1093.5,12,31→63,43,,presentation_confirmation,31,0.11075821681879461,5.0,False,31
full_alpha_beta,{},{},{},0,{},,{},,0.04763433267362416,0.0031177944038063288,middle,27,full_alpha_beta_d5,433,5,5,5,adaptive_disabled,False,5,0.05499012498185039,0.27495062490925193,16,0,0,0,0.0,null,null,5,0.20883071282878518,2038,27,5.458015948534012e-06,5,2751,0,20425,1.8668128177523613e-05,seed12_middle_t77,presentation_fixed,17397,0,0.05095316329970956,0.015058331657201052,9923,0,0.0,medium,27,1.0,8.429097943007946e-05,1093.5,12,14→16,27,,presentation_confirmation,14,0.05499012498185039,5.0,False,77
full_alpha_beta,{},{},{},0,{},,{},,0.5361287083942443,0.034328378504142165,opening,96,full_alpha_beta_d5,4707,5,5,5,adaptive_disabled,False,5,1.0000074499752372,5.000037249876186,63,0,0,0,0.0,null,null,5,4.142969894921407,43598,2272,0.0002119590062648058,5,51992,0,228137,2.983282320201397e-05,seed12_opening_t0,presentation_fixed,170741,0,0.5676391285378486,0.2831067265942693,10000,0,0.0,high,2272,0.04225352112676056,0.006079707993194461,1093.5,12,28→63,2272,,presentation_confirmation,28,1.0000074499752372,5.0,True,0
full_alpha_beta,{},{},{},0,{},,{},,0.03676362126134336,0.0023412404116243124,close_scores,17,full_alpha_beta_d5,324,5,5,5,adaptive_disabled,False,5,0.050120300007984044,0.2506015000399202,20,0,0,0,0.0,null,null,5,0.1968021090142429,2118,17,4.250090569257736e-06,5,2669,0,15602,1.8042046576738358e-05,seed13_close_scores_t4,presentation_fixed,12763,0,0.03926751553080976,0.014453583396971226,9996,0,0.0,medium,17,1.0,5.5999960750341415e-05,1146.5,13,52→20,17,,presentation_confirmation,52,0.050120300007984044,5.0,False,4
full_alpha_beta,{},{},{},0,{},,{},,0.017940557561814785,0.001186830922961235,endgame,3,full_alpha_beta_d5,188,5,5,5,adaptive_disabled,False,5,0.005672066612169147,0.028360333060845733,18,0,0,0,0.0,null,null,5,0.00738342828117311,146,3,1.8330756574869156e-06,5,380,0,7778,9.591598063707352e-05,seed13_endgame_t71,presentation_fixed,7351,0,0.019200523383915424,0.0016647153533995152,9929,0,0.0,low,3,1.0,1.391698606312275e-05,-999996.0,13,63→18,3,,presentation_confirmation,63,0.005672066612169147,5.0,False,71
full_alpha_beta,{},{},{},0,{},,{},,0.06705929688178003,0.004375771852210164,high_branch,49,full_alpha_beta_d5,634,5,5,5,adaptive_disabled,False,5,0.08630551658570766,0.4315275829285383,63,0,0,0,0.0,null,null,5,0.3364240413066,3031,49,5.833804607391357e-06,5,4198,0,29110,1.4249002560973167e-05,seed13_high_branch_t60,presentation_fixed,24388,0,0.07175456406548619,0.02320364466868341,9940,0,0.0,high,49,1.0,0.0001252500806003809,1187.5,13,1→63,49,,presentation_confirmation,1,0.08630551658570766,5.0,False,60
full_alpha_beta,{},{},{},0,{},,{},,0.07770615443587303,0.005023231031373143,middle,45,full_alpha_beta_d5,699,5,5,5,adaptive_disabled,False,5,0.12181251682341099,0.6090625841170549,20,0,0,0,0.0,null,null,5,0.4932811539620161,4518,45,5.875015631318092e-06,5,5808,0,33526,1.6668112948536873e-05,seed13_middle_t38,presentation_fixed,27127,0,0.08311418537050486,0.032527326606214046,9962,0,0.0,high,45,1.0,0.00011737504974007607,409.5,13,2→20,45,,presentation_confirmation,2,0.12181251682341099,5.0,False,38
full_alpha_beta,{},{},{},0,{},,{},,0.553221768932417,0.035030951956287026,opening,343,full_alpha_beta_d5,4931,5,5,5,adaptive_disabled,False,5,1.0000073084142058,5.0000365420710295,20,0,0,0,0.0,null,null,5,4.115448196651414,42770,2267,0.00020758295431733131,5,52420,0,232681,2.9543181881308556e-05,seed13_opening_t0,presentation_fixed,174708,0,0.5859952333848923,0.29228090308606625,10000,0,0.0,high,2267,0.1513012792236436,0.006075082812458277,1146.5,13,0→20,2267,,presentation_confirmation,0,1.0000073084142058,5.0,True,0
full_alpha_beta,{},{},{},0,{},,{},,0.08686266583390534,0.005602739518508315,close_scores,7,full_alpha_beta_d5,907,5,5,5,adaptive_disabled,False,5,0.06718849162571132,0.3359424581285566,28,0,0,0,0.0,null,null,5,0.2274085299577564,2105,7,3.00002284348011e-06,5,3195,0,37542,2.4833250790834427e-05,seed14_close_scores_t7,presentation_fixed,34163,0,0.092858832096681,0.015618845820426941,9993,0,0.0,low,7,1.0,2.8416980057954788e-05,468.5,14,20→28,7,,presentation_confirmation,20,0.06718849162571132,5.0,False,7
full_alpha_beta,{},{},{},0,{},,{},,0.038328906521201134,0.0024656979367136955,endgame,9,full_alpha_beta_d5,405,5,5,5,adaptive_disabled,False,5,0.01039288341999054,0.0519644170999527,62,0,0,0,0.0,null,null,5,0.0072745974175632,328,9,2.7909409254789352e-06,5,812,0,16707,1.633400097489357e-05,seed14_endgame_t63,presentation_fixed,15811,0,0.040945271495729685,0.0036944651510566473,9937,0,0.0,low,9,1.0,3.095809370279312e-05,-999996.0,14,63→62,9,,presentation_confirmation,63,0.01039288341999054,5.0,False,63
full_alpha_beta,{},{},{},0,{},,{},,0.04384472384117544,0.0027905667666345835,high_branch,41,full_alpha_beta_d5,396,5,5,5,adaptive_disabled,False,5,0.054580116644501686,0.27290058322250843,20,0,0,0,0.0,null,null,5,0.21001311764121056,1985,41,5.499925464391708e-06,5,2772,0,18690,1.6707228496670723e-05,seed14_high_branch_t50,presentation_fixed,15526,0,0.046829687198624015,0.015926029300317168,9950,0,0.0,high,41,1.0,0.00010954192839562893,1326.0,14,27→20,41,,presentation_confirmation,27,0.054580116644501686,5.0,False,50
full_alpha_beta,{},{},{},0,{},,{},,0.1058359956368804,0.0067762325052171946,middle,26,full_alpha_beta_d5,1089,5,5,5,adaptive_disabled,False,5,0.10586279178969563,0.5293139589484781,28,0,0,0,0.0,null,null,5,0.3876871264073998,3902,26,4.291068762540817e-06,5,5401,0,45400,1.4458782970905304e-05,seed14_middle_t34,presentation_fixed,39588,0,0.11311544431373477,0.0284190543461591,9966,0,0.0,medium,26,1.0,7.358402945101261e-05,468.5,14,36→28,26,,presentation_confirmation,36,0.10586279178969563,5.0,False,34
full_alpha_beta,{},{},{},0,{},,{},,0.4065179373137653,0.025698865996673703,opening,191,full_alpha_beta_d5,3297,5,5,5,adaptive_disabled,False,5,1.0000085999723525,5.000042999861762,20,0,0,0,0.0,null,null,5,4.276420765789226,45730,2259,0.00021150009706616402,5,52980,0,169157,3.120768815279007e-05,seed14_opening_t0,presentation_fixed,110201,0,0.4291207049973309,0.28822698816657066,10000,0,0.0,high,2259,0.08455068614431165,0.0060318331234157085,1254.5,14,55→20,2259,,presentation_confirmation,55,1.0000085999723525,5.0,True,0
full_alpha_beta,{},{},{},0,{},,{},,0.09418000467121601,0.005992286838591099,close_scores,30,full_alpha_beta_d5,878,5,5,5,adaptive_disabled,False,5,0.13657688340172172,0.6828844170086086,63,0,0,0,0.0,null,null,5,0.5414982829242945,6047,30,5.916925147175789e-06,5,7517,0,40033,1.8458114936947823e-05,seed15_close_scores_t6,presentation_fixed,31983,0,0.10066636651754379,0.040606017457321286,9994,0,0.0,medium,30,1.0,8.937506936490536e-05,709.0,15,55→63,30,,presentation_confirmation,55,0.13657688340172172,5.0,False,6
full_alpha_beta,{},{},{},0,{},,{},,0.02951752464286983,0.00192165351472795,endgame,3,full_alpha_beta_d5,322,5,5,5,adaptive_disabled,False,5,0.010156133165583014,0.05078066582791507,0,0,0,0,0.0,null,null,5,0.016164011554792523,269,3,1.6659032553434372e-06,5,648,0,12568,0.00011624977923929691,seed15_endgame_t106,presentation_fixed,11862,0,0.0315742758102715,0.0029114626813679934,9894,0,0.0,low,3,1.0,1.300009898841381e-05,-999996.0,15,63→0,3,,presentation_confirmation,63,0.010156133165583014,5.0,False,106
full_alpha_beta,{},{},{},0,{},,{},,0.10559300216846168,0.006778811337426305,high_branch,52,full_alpha_beta_d5,945,5,5,5,adaptive_disabled,False,5,0.15940903341397644,0.7970451670698822,63,0,0,0,0.0,null,null,5,0.6376879010349512,6268,52,6.2498729676008224e-06,5,7994,0,44112,1.6750069335103035e-05,seed15_high_branch_t39,presentation_fixed,35336,0,0.11295841308310628,0.04623797792010009,9961,0,0.0,high,52,1.0,0.00013787508942186832,948.0,15,1→63,52,,presentation_confirmation,1,0.15940903341397644,5.0,False,39
full_alpha_beta,{},{},{},0,{},,{},,0.1011610203422606,0.006526529556140304,middle,25,full_alpha_beta_d5,944,5,5,5,adaptive_disabled,False,5,0.12617829157970845,0.6308914578985423,58,0,0,0,0.0,null,null,5,0.4861945826560259,5238,25,4.541827365756035e-06,5,6711,0,43425,1.4833174645900726e-05,seed15_middle_t55,presentation_fixed,36184,0,0.1082070879638195,0.036396912299096584,9945,0,0.0,medium,25,1.0,7.349997758865356e-05,1074.0,15,58→58,25,,presentation_confirmation,58,0.12617829157970845,5.0,False,55
full_alpha_beta,{},{},{},0,{},,{},,0.49048107280395925,0.030991824809461832,opening,254,full_alpha_beta_d5,4384,5,5,5,adaptive_disabled,False,5,1.0000085749663412,5.000042874831706,63,0,0,0,0.0,null,null,5,4.174260969040915,47008,2251,0.00023458409123122692,5,55555,0,204430,3.274972550570965e-05,seed15_opening_t0,presentation_fixed,142928,0,0.51870505977422,0.3005622620694339,10000,0,0.0,high,2251,0.11283873833851621,0.006247250130400062,864.5,15,63→63,2251,,presentation_confirmation,63,1.0000085749663412,5.0,True,0
full_alpha_beta,{},{},{},0,{},,{},,0.042486317455768585,0.0027514523826539516,close_scores,21,full_alpha_beta_d5,401,5,5,5,adaptive_disabled,False,5,0.06366637502796949,0.3183318751398474,20,0,0,0,0.0,null,null,5,0.2546893428079784,2690,21,7.084105163812637e-06,5,3412,0,18221,1.879013143479824e-05,seed16_close_scores_t21,presentation_fixed,14500,0,0.045453080208972096,0.018091368954628706,9979,0,0.0,medium,21,1.0,7.220893166959286e-05,1116.0,16,46→20,21,,presentation_confirmation,46,0.06366637502796949,5.0,False,21
full_alpha_beta,{},{},{},0,{},,{},,0.013521496905013919,0.0008945679292082787,endgame,8,full_alpha_beta_d5,157,5,5,5,adaptive_disabled,False,5,0.0036271499935537576,0.01813574996776879,2,0,0,0,0.0,null,null,5,0.0022186257410794497,114,8,2.7909409254789352e-06,5,319,0,5833,1.975102350115776e-05,seed16_endgame_t397,presentation_fixed,5464,0,0.014466020511463284,0.001398436725139618,9603,0,0.0,low,8,1.0,3.0125025659799576e-05,-999996.0,16,63→2,8,,presentation_confirmation,63,0.0036271499935537576,5.0,False,397
full_alpha_beta,{},{},{},0,{},,{},,0.11257835291326046,0.007225866662338376,high_branch,40,full_alpha_beta_d5,1155,5,5,5,adaptive_disabled,False,5,0.08753102496266366,0.43765512481331825,28,0,0,0,0.0,null,null,5,0.2890311926603317,3992,40,5.4158736020326614e-06,5,5689,0,47923,1.4834105968475342e-05,seed16_high_branch_t355,presentation_fixed,41691,0,0.1203377393539995,0.028160400921478868,9645,0,0.0,high,40,1.0,0.00010554189793765545,1345.5,16,31→28,40,,presentation_confirmation,31,0.08753102496266366,5.0,False,355
full_alpha_beta,{},{},{},0,{},,{},,0.07173053827136755,0.004635720979422331,middle,38,full_alpha_beta_d5,727,5,5,5,adaptive_disabled,False,5,0.07201574998907745,0.36007874994538724,16,0,0,0,0.0,null,null,5,0.2606920264661312,3394,38,5.832873284816742e-06,5,4536,0,30668,1.8083956092596054e-05,seed16_middle_t201,presentation_fixed,25716,0,0.07670568441972136,0.0225475390907377,9799,0,0.0,high,38,1.0,0.00010958313941955566,1396.5,16,23→16,38,,presentation_confirmation,23,0.07201574998907745,5.0,False,201
full_alpha_beta,{},{},{},0,{},,{},,0.5826140842400491,0.03708928753621876,opening,68,full_alpha_beta_d5,6057,5,5,5,adaptive_disabled,False,5,1.0000075000338255,5.000037500169128,20,0,0,0,0.0,null,null,5,4.073567961808294,51739,2263,0.0002252089325338602,5,60257,0,243186,3.366614691913128e-05,seed16_opening_t0,presentation_fixed,178438,0,0.6168926192913204,0.3029797519557178,10000,0,0.0,high,2263,0.030048608042421564,0.006338292034342885,1126.5,16,59→20,2263,,presentation_confirmation,59,1.0000075000338255,5.0,True,0
full_alpha_beta,{},{},{},0,{},,{},,0.0390864172950387,0.00249224784784019,close_scores,9,full_alpha_beta_d5,384,5,5,5,adaptive_disabled,False,5,0.02164365816861391,0.10821829084306955,55,0,0,0,0.0,null,null,5,0.06017646752297878,675,9,3.0419323593378067e-06,5,1152,0,16384,2.4206936359405518e-05,seed17_close_scores_t3,presentation_fixed,15138,0,0.0417364074382931,0.006242875009775162,9997,0,0.0,low,9,1.0,3.529200330376625e-05,267.0,17,20→55,9,,presentation_confirmation,20,0.02164365816861391,5.0,False,3
full_alpha_beta,{},{},{},0,{},,{},,0.03881870489567518,0.002479283604770899,endgame,3,full_alpha_beta_d5,399,5,5,5,adaptive_disabled,False,5,0.01439249999821186,0.0719624999910593,7,0,0,0,0.0,null,null,5,0.026648969622328877,347,3,2.1669548004865646e-06,5,802,0,16495,0.00011854106560349464,seed17_endgame_t60,presentation_fixed,15637,0,0.04145998158492148,0.0037183407694101334,9940,0,0.0,low,3,1.0,1.4499993994832039e-05,-999996.0,17,20→7,3,,presentation_confirmation,20,0.01439249999821186,5.0,False,60
full_alpha_beta,{},{},{},0,{},,{},,0.07483590510673821,0.004839787259697914,high_branch,52,full_alpha_beta_d5,648,5,5,5,adaptive_disabled,False,5,0.11368191661313176,0.5684095830656588,20,0,0,0,0.0,null,null,5,0.4560534197371453,4377,52,6.667105481028557e-06,5,5622,0,31988,1.5125144273042679e-05,seed17_high_branch_t47,presentation_fixed,25768,0,0.080030158162117,0.032161504961550236,9953,0,0.0,high,52,1.0,0.0001427079550921917,1993.5,17,7→20,52,,presentation_confirmation,7,0.11368191661313176,5.0,False,47
full_alpha_beta,{},{},{},0,{},,{},,0.20136070903390646,0.013095041969791055,middle,31,full_alpha_beta_d5,1941,5,5,5,adaptive_disabled,False,5,0.1987919915933162,0.993959957966581,30,0,0,0,0.0,null,null,5,0.7217378511559218,7635,31,4.875008016824722e-06,5,10336,0,85108,1.63328368216753e-05,seed17_middle_t32,presentation_fixed,74014,0,0.21546891890466213,0.05664260499179363,9968,0,0.0,medium,31,1.0,8.937506936490536e-05,588.0,17,28→30,31,,presentation_confirmation,28,0.1987919915933162,5.0,False,32
full_alpha_beta,{},{},{},0,{},,{},,0.3931013038381934,0.02486512903124094,opening,190,full_alpha_beta_d5,3034,5,5,5,adaptive_disabled,False,5,1.0000074832234531,5.000037416117266,20,0,0,0,0.0,null,null,5,4.294324095826596,44033,2267,0.00020858296193182468,5,50860,0,163867,3.104121424257755e-05,seed17_opening_t0,presentation_fixed,107696,0,0.41461732471361756,0.28470370452851057,10000,0,0.0,high,2267,0.08381120423467137,0.006152666872367263,1462.538,17,20→20,2267,,presentation_confirmation,20,1.0000074832234531,5.0,True,0
full_alpha_beta,{},{},{},0,{},,{},,0.06471207970753312,0.004167123697698116,close_scores,14,full_alpha_beta_d5,656,5,5,5,adaptive_disabled,False,5,0.06858224999159575,0.3429112499579787,55,0,0,0,0.0,null,null,5,0.2566573566291481,2379,14,4.417030140757561e-06,5,3250,0,27386,1.7957761883735657e-05,seed18_close_scores_t19,presentation_fixed,23920,0,0.06917835888452828,0.017005826579406857,9981,0,0.0,medium,14,1.0,4.733307287096977e-05,1298.0,18,16→55,14,,presentation_confirmation,16,0.06858224999159575,5.0,False,19
full_alpha_beta,{},{},{},0,{},,{},,0.04358037025667727,0.0027584710624068975,endgame,6,full_alpha_beta_d5,459,5,5,5,adaptive_disabled,False,5,0.011776100005954504,0.05888050002977252,31,0,0,0,0.0,null,null,5,0.008107868721708655,378,6,2.250075340270996e-06,5,917,0,18366,2.5499844923615456e-05,seed18_endgame_t90,presentation_fixed,17361,0,0.046524557983502746,0.00419919821433723,9910,0,0.0,low,6,1.0,2.11251899600029e-05,-999996.0,18,63→31,6,,presentation_confirmation,63,0.011776100005954504,5.0,False,90
full_alpha_beta,{},{},{},0,{},,{},,0.08975535212084651,0.005674564046785235,high_branch,46,full_alpha_beta_d5,874,5,5,5,adaptive_disabled,False,5,0.15054618339054288,0.7527309169527143,20,0,0,0,0.0,null,null,5,0.6152712674811482,6011,46,6.834045052528381e-06,5,7494,0,37471,1.8124934285879135e-05,seed18_high_branch_t14,presentation_fixed,29369,0,0.09590850700624287,0.041392808547243476,9986,0,0.0,high,46,1.0,0.00013337493874132633,1047.5,18,2→20,46,,presentation_confirmation,2,0.15054618339054288,5.0,False,14
full_alpha_beta,{},{},{},0,{},,{},,0.13902106718160212,0.00887724757194519,middle,25,full_alpha_beta_d5,1370,5,5,5,adaptive_disabled,False,5,0.13951558340340853,0.6975779170170426,28,0,0,0,0.0,null,null,5,0.5151010942645371,4499,25,4.791887477040291e-06,5,6379,0,58646,1.6166362911462784e-05,seed18_middle_t47,presentation_fixed,51756,0,0.14859071862883866,0.03379231202416122,9953,0,0.0,medium,25,1.0,7.283384911715984e-05,1494.0,18,58→28,25,,presentation_confirmation,58,0.13951558340340853,5.0,False,47
full_alpha_beta,{},{},{},0,{},,{},,0.5665243328548968,0.03622536524198949,opening,85,full_alpha_beta_d5,5329,5,5,5,adaptive_disabled,False,5,1.0000075415708125,5.000037707854062,20,0,0,0,0.0,null,null,5,4.1042958330363035,43792,2291,0.00020883302204310894,5,53431,0,238035,3.0082883313298225e-05,seed18_opening_t0,presentation_fixed,178079,0,0.6003444707021117,0.2889014882966876,10000,0,0.0,high,2291,0.037101702313400264,0.006256999913603067,904.5,18,1→20,2291,,presentation_confirmation,1,1.0000075415708125,5.0,True,0
full_alpha_beta,{},{},{},0,{},,{},,0.1035446235910058,0.006661978550255299,close_scores,23,full_alpha_beta_d5,933,5,5,5,adaptive_disabled,False,5,0.1548979750368744,0.7744898751843721,16,0,0,0,0.0,null,null,5,0.6195219717919827,6347,23,4.665926098823547e-06,5,7863,0,43981,1.7459271475672722e-05,seed19_close_scores_t27,presentation_fixed,35640,0,0.11075673927552998,0.04411891405470669,9973,0,0.0,medium,23,1.0,7.012486457824707e-05,1185.0,19,58→16,23,,presentation_confirmation,58,0.1548979750368744,5.0,False,27
full_alpha_beta,{},{},{},0,{},,{},,0.04195916675962508,0.002719312906265259,endgame,8,full_alpha_beta_d5,463,5,5,5,adaptive_disabled,False,5,0.010888074990361929,0.054440374951809645,1,0,0,0,0.0,null,null,5,0.00534666096791625,386,8,2.2919848561286926e-06,5,926,0,17940,1.4998717233538628e-05,seed19_endgame_t256,presentation_fixed,16930,0,0.04485883703455329,0.004190877079963684,9744,0,0.0,low,8,1.0,2.6709167286753654e-05,-999996.0,19,63→1,8,,presentation_confirmation,63,0.010888074990361929,5.0,False,256
full_alpha_beta,{},{},{},0,{},,{},,0.17001141281798482,0.010983081301674247,high_branch,33,full_alpha_beta_d5,1639,5,5,5,adaptive_disabled,False,5,0.2005860166158527,1.0029300830792636,55,0,0,0,0.0,null,null,5,0.763273591408506,8300,33,5.790963768959045e-06,5,10683,0,71781,1.9333092495799065e-05,seed19_high_branch_t81,presentation_fixed,60470,0,0.18190144491381943,0.057632047683000565,9919,0,0.0,medium,33,1.0,9.787501767277718e-05,1295.0,19,28→55,33,,presentation_confirmation,28,0.2005860166158527,5.0,False,81
full_alpha_beta,{},{},{},0,{},,{},,0.08940823189914227,0.005765950307250023,middle,33,full_alpha_beta_d5,851,5,5,5,adaptive_disabled,False,5,0.08086516661569476,0.4043258330784738,8,0,0,0,0.0,null,null,5,0.28400832135230303,3358,33,5.125068128108978e-06,5,4726,0,38554,1.750001683831215e-05,seed19_middle_t130,presentation_fixed,33339,0,0.09560684976167977,0.024591619847342372,9870,0,0.0,medium,33,1.0,9.641703218221664e-05,1542.0,19,28→8,33,,presentation_confirmation,28,0.08086516661569476,5.0,False,130
full_alpha_beta,{},{},{},0,{},,{},,0.5439768834039569,0.03477292391471565,opening,40,full_alpha_beta_d5,4695,5,5,5,adaptive_disabled,False,5,1.0000072750262916,5.000036375131458,20,0,0,0,0.0,null,null,5,4.131496278569102,41310,2265,0.00021395902149379253,5,49841,0,225282,2.795807085931301e-05,seed19_opening_t0,presentation_fixed,170062,0,0.5760447450447828,0.28603376750834286,10000,0,0.0,high,2265,0.017660044150110375,0.006219666916877031,804.5,19,0→20,2265,,presentation_confirmation,0,1.0000072750262916,5.0,True,0
selective_alpha_beta,{},{},{},0,{},,{},12,0.0022195838391780853,0.00023241550661623478,close_scores,11,selective_alpha_beta_d3_b12,19,3,3,3,adaptive_disabled,False,3,0.0029666418209671973,0.014833209104835987,58,0,0,0,0.0,null,null,3,0.011479208944365382,134,11,3.1248200684785843e-06,3,166,0,944,1.5293480828404427e-05,seed10_close_scores_t4,presentation_fixed,774,0,0.0024353722110390663,0.0008664187043905258,9996,0,0.0,medium,11,1.0,3.379094414412975e-05,529.0,10,16→58,11,,presentation_confirmation,16,0.0029666418209671973,5.0,False,4
selective_alpha_beta,{},{},{},0,{},,{},12,0.001163875451311469,0.00012458325363695621,endgame,6,selective_alpha_beta_d3_b12,15,3,3,3,adaptive_disabled,False,3,0.0008714749943464995,0.004357374971732497,42,0,0,0,0.0,null,null,3,0.002806543605402112,16,6,2.3331958800554276e-06,3,37,0,497,7.041683420538902e-05,seed10_endgame_t67,presentation_fixed,454,0,0.0012777091469615698,0.00017866422422230244,9933,0,0.0,low,6,1.0,2.1707965061068535e-05,-999996.0,10,63→42,6,,presentation_confirmation,63,0.0008714749943464995,5.0,False,67
selective_alpha_beta,{},{},{},0,{},,{},12,0.0017710437532514334,0.000178084010258317,high_branch,12,selective_alpha_beta_d3_b12,17,3,3,3,adaptive_disabled,False,3,0.0026293916162103415,0.013146958081051707,63,0,0,0,0.0,null,null,3,0.010455245384946465,110,52,5.959067493677139e-06,3,141,0,751,1.2248987331986427e-05,seed10_high_branch_t56,presentation_fixed,600,0,0.001824624603614211,0.0007101299706846476,9944,0,0.0,high,52,1.0,0.00013875006698071957,1366.5,10,1→63,12,,presentation_confirmation,1,0.0026293916162103415,5.0,False,56
selective_alpha_beta,{},{},{},0,{},,{},12,0.003439211053773761,0.0003486673813313246,middle,12,selective_alpha_beta_d3_b12,38,3,3,3,adaptive_disabled,False,3,0.004633949976414442,0.02316974988207221,58,0,0,0,0.0,null,null,3,0.018034528708085418,215,24,3.875000402331352e-06,3,270,0,1454,1.2582866474986076e-05,seed10_middle_t36,presentation_fixed,1173,0,0.0037428229115903378,0.0013081904035061598,9964,0,0.0,medium,24,1.0,6.77499920129776e-05,409.0,10,58→58,12,,presentation_confirmation,58,0.004633949976414442,5.0,False,36
selective_alpha_beta,{},{},{},0,{},,{},12,0.007637087954208255,0.000446871854364872,opening,12,selective_alpha_beta_d3_b12,23,3,3,3,adaptive_disabled,False,3,0.004592583375051617,0.022962916875258088,20,0,0,0,0.0,null,null,3,0.013631635112687945,163,2278,0.00021283305250108242,3,200,0,3150,2.4833716452121735e-05,seed10_opening_t0,presentation_fixed,2949,0,0.0023154967930167913,0.00099299312569201,10000,0,0.0,high,2278,1.0,0.005785125074908137,529.0,10,0→20,12,,presentation_confirmation,0,0.004592583375051617,5.0,False,0
selective_alpha_beta,{},{},{},0,{},,{},12,0.003450635354965925,0.0003435362596064806,close_scores,12,selective_alpha_beta_d3_b12,40,3,3,3,adaptive_disabled,False,3,0.0035785083658993245,0.017892541829496622,28,0,0,0,0.0,null,null,3,0.012970381649211049,164,25,3.999797627329826e-06,3,221,0,1452,1.1958181858062744e-05,seed11_close_scores_t35,presentation_fixed,1219,0,0.0037444548215717077,0.0010886224918067455,9965,0,0.0,medium,25,1.0,7.312488742172718e-05,409.0,11,30→28,12,,presentation_confirmation,30,0.0035785083658993245,5.0,False,35
selective_alpha_beta,{},{},{},0,{},,{},12,0.0007600418757647276,8.308026008307934e-05,endgame,3,selective_alpha_beta_d3_b12,12,3,3,3,adaptive_disabled,False,3,0.00041011683642864225,0.0020505841821432114,60,0,0,0,0.0,null,null,3,0.0009936671704053879,13,3,1.666136085987091e-06,3,28,0,325,8.412683382630348e-05,seed11_endgame_t328,presentation_fixed,294,0,0.0008373314049094915,0.00012133456766605377,9672,0,0.0,low,3,1.0,1.2458069249987602e-05,-999996.0,11,20→60,3,,presentation_confirmation,20,0.00041011683642864225,5.0,False,328
selective_alpha_beta,{},{},{},0,{},,{},12,0.0011958808172494173,0.00012303772382438183,high_branch,12,selective_alpha_beta_d3_b12,11,3,3,3,adaptive_disabled,False,3,0.002517258422449231,0.012586292112246156,20,0,0,0,0.0,null,null,3,0.010519130388274789,132,50,5.749985575675964e-06,3,158,0,514,1.3042939826846123e-05,seed11_high_branch_t242,presentation_fixed,348,0,0.0011958738323301077,0.0007180788088589907,9758,0,0.0,high,50,1.0,0.00013441615737974644,1406.5,11,7→20,12,,presentation_confirmation,7,0.002517258422449231,5.0,False,242
selective_alpha_beta,{},{},{},0,{},,{},12,0.004242170602083206,0.0004288721829652786,middle,12,selective_alpha_beta_d3_b12,48,3,3,3,adaptive_disabled,False,3,0.005201141815632582,0.02600570907816291,28,0,0,0,0.0,null,null,3,0.01993612665683031,245,35,4.749977961182594e-06,3,310,0,1806,1.091696321964264e-05,seed11_middle_t166,presentation_fixed,1487,0,0.0046049540396779776,0.0013557113707065582,9834,0,0.0,high,35,1.0,9.325006976723671e-05,1316.5,11,62→28,12,,presentation_confirmation,62,0.005201141815632582,5.0,False,166
selective_alpha_beta,{},{},{},0,{},,{},12,0.007275920361280441,0.00042166956700384617,opening,12,selective_alpha_beta_d3_b12,21,3,3,3,adaptive_disabled,False,3,0.0041789833921939135,0.020894916960969567,20,0,0,0,0.0,null,null,3,0.012035211781039834,151,2254,0.0002093329094350338,3,187,0,3002,2.4709152057766914e-05,seed11_opening_t0,presentation_fixed,2810,0,0.001998084830120206,0.000912453280761838,10000,0,0.0,high,2254,1.0,0.005715125007554889,1566.5,11,20→20,12,,presentation_confirmation,20,0.0041789833921939135,5.0,False,0
selective_alpha_beta,{},{},{},0,{},,{},12,0.0021752500906586647,0.00022295815870165825,close_scores,12,selective_alpha_beta_d3_b12,20,3,3,3,adaptive_disabled,False,3,0.0036980082280933858,0.01849004114046693,20,0,0,0,0.0,null,null,3,0.01500025182031095,162,29,3.834022209048271e-06,3,197,0,931,1.1997995898127556e-05,seed12_close_scores_t8,presentation_fixed,729,0,0.002332160482183099,0.0010608797892928123,9992,0,0.0,medium,29,1.0,8.091703057289124e-05,895.5,12,59→20,12,,presentation_confirmation,59,0.0036980082280933858,5.0,False,8
selective_alpha_beta,{},{},{},0,{},,{},12,0.0008697102311998606,9.145750664174557e-05,endgame,3,selective_alpha_beta_d3_b12,12,3,3,3,adaptive_disabled,False,3,0.0005528000183403492,0.002764000091701746,44,0,0,0,0.0,null,null,3,0.0015712492167949677,13,3,1.8749851733446121e-06,3,28,0,361,0.00010000006295740604,seed12_endgame_t149,presentation_fixed,330,0,0.0009547101799398661,0.0001226235181093216,9851,0,0.0,low,3,1.0,1.354212872684002e-05,-999996.0,12,63→44,3,,presentation_confirmation,63,0.0005528000183403492,5.0,False,149
selective_alpha_beta,{},{},{},0,{},,{},12,0.0022562528029084206,0.0002201662864536047,high_branch,12,selective_alpha_beta_d3_b12,21,3,3,3,adaptive_disabled,False,3,0.003652624972164631,0.018263124860823154,63,0,0,0,0.0,null,null,3,0.014705012552440166,167,43,5.125068128108978e-06,3,203,0,961,1.1373544111847878e-05,seed12_high_branch_t31,presentation_fixed,747,0,0.002377122873440385,0.0010505737736821175,9969,0,0.0,high,43,1.0,0.0001139170490205288,1412.0,12,31→63,12,,presentation_confirmation,31,0.003652624972164631,5.0,False,31
selective_alpha_beta,{},{},{},0,{},,{},12,0.002331961179152131,0.00023054145276546478,middle,12,selective_alpha_beta_d3_b12,21,3,3,3,adaptive_disabled,False,3,0.0030599331948906183,0.015299665974453092,16,0,0,0,0.0,null,null,3,0.011819997802376747,137,27,4.00003045797348e-06,3,172,0,997,1.1750031262636185e-05,seed12_middle_t77,presentation_fixed,815,0,0.0024982511531561613,0.0008872919715940952,9923,0,0.0,medium,27,1.0,7.837498560547829e-05,1382.0,12,14→16,12,,presentation_confirmation,14,0.0030599331948906183,5.0,False,77
selective_alpha_beta,{},{},{},0,{},,{},12,0.008637961465865374,0.0005383295938372612,opening,12,selective_alpha_beta_d3_b12,27,3,3,3,adaptive_disabled,False,3,0.005704075004905463,0.02852037502452731,20,0,0,0,0.0,null,null,3,0.01770340884104371,235,2272,0.00021079089492559433,3,282,0,3541,2.4543143808841705e-05,seed12_opening_t0,presentation_fixed,3258,0,0.0033637455198913813,0.0013848037924617529,10000,0,0.0,high,2272,1.0,0.00583308283239603,895.5,12,0→20,12,,presentation_confirmation,0,0.005704075004905463,5.0,False,0
selective_alpha_beta,{},{},{},0,{},,{},12,0.001990043092519045,0.00019570696167647839,close_scores,12,selective_alpha_beta_d3_b12,17,3,3,3,adaptive_disabled,False,3,0.0029723416082561016,0.014861708041280508,20,0,0,0,0.0,null,null,3,0.011804956942796707,124,17,5.082925781607628e-06,3,155,0,826,1.570815220475197e-05,seed13_close_scores_t4,presentation_fixed,664,0,0.0021399531979113817,0.0008352978620678186,9996,0,0.0,medium,17,1.0,6.070896051824093e-05,1146.5,13,52→20,12,,presentation_confirmation,52,0.0029723416082561016,5.0,False,4
selective_alpha_beta,{},{},{},0,{},,{},12,0.0008339178748428822,9.23320185393095e-05,endgame,3,selective_alpha_beta_d3_b12,12,3,3,3,adaptive_disabled,False,3,0.0005682582035660743,0.002841291017830372,18,0,0,0,0.0,null,null,3,0.0016807089559733868,13,3,2.2079329937696457e-06,3,28,0,343,9.854207746684551e-05,seed13_endgame_t71,presentation_fixed,312,0,0.0009182489011436701,0.0001257502008229494,9929,0,0.0,low,3,1.0,1.5832949429750443e-05,-999996.0,13,63→18,3,,presentation_confirmation,63,0.0005682582035660743,5.0,False,71
selective_alpha_beta,{},{},{},0,{},,{},12,0.0025158764328807592,0.00025499844923615456,high_branch,12,selective_alpha_beta_d3_b12,23,3,3,3,adaptive_disabled,False,3,0.003618633421137929,0.018093167105689645,63,0,0,0,0.0,null,null,3,0.014398455154150724,139,49,6.00004568696022e-06,3,179,0,1061,1.2625008821487427e-05,seed13_high_branch_t60,presentation_fixed,871,0,0.002658744575455785,0.0008867173455655575,9940,0,0.0,high,49,1.0,0.00013062497600913048,1187.5,13,1→63,12,,presentation_confirmation,1,0.003618633421137929,5.0,False,60
selective_alpha_beta,{},{},{},0,{},,{},12,0.001813290873542428,0.00017837435007095337,middle,12,selective_alpha_beta_d3_b12,16,3,3,3,adaptive_disabled,False,3,0.003238433413207531,0.016192167066037655,20,0,0,0,0.0,null,null,3,0.013344252714887261,126,45,5.667097866535187e-06,3,157,0,763,1.254095695912838e-05,seed13_middle_t38,presentation_fixed,594,0,0.001882951706647873,0.0008243797346949577,9962,0,0.0,high,45,1.0,0.00012237485498189926,409.5,13,2→20,12,,presentation_confirmation,2,0.003238433413207531,5.0,False,38
selective_alpha_beta,{},{},{},0,{},,{},12,0.007843082770705223,0.0004866616800427437,opening,12,selective_alpha_beta_d3_b12,21,3,3,3,adaptive_disabled,False,3,0.005048249987885356,0.02524124993942678,20,0,0,0,0.0,null,null,3,0.01549304067157209,207,2267,0.00021404214203357697,3,246,0,3239,2.870778553187847e-05,seed13_opening_t0,presentation_fixed,2992,0,0.0025904083158820868,0.0011576339602470398,10000,0,0.0,high,2267,1.0,0.0057574170641601086,1146.5,13,0→20,12,,presentation_confirmation,0,0.005048249987885356,5.0,False,0
selective_alpha_beta,{},{},{},0,{},,{},12,0.002145415637642145,0.0002298301551491022,close_scores,7,selective_alpha_beta_d3_b12,24,3,3,3,adaptive_disabled,False,3,0.0023997999727725984,0.011998999863862991,28,0,0,0,0.0,null,null,3,0.008852508384734392,103,7,2.750195562839508e-06,3,138,0,894,2.316548489034176e-05,seed14_close_scores_t7,presentation_fixed,750,0,0.002365915570408106,0.0007281182333827019,9993,0,0.0,low,7,1.0,2.6541994884610176e-05,468.5,14,20→28,7,,presentation_confirmation,20,0.0023997999727725984,5.0,False,7
selective_alpha_beta,{},{},{},0,{},,{},12,0.002332210075110197,0.0002350823488086462,endgame,9,selective_alpha_beta_d3_b12,28,3,3,3,adaptive_disabled,False,3,0.0009831333998590707,0.004915666999295354,62,0,0,0,0.0,null,null,3,0.002003252739086747,29,9,2.8330832719802856e-06,3,67,0,976,1.5334924682974815e-05,seed14_endgame_t63,presentation_fixed,900,0,0.002549035707488656,0.0003106696531176567,9937,0,0.0,low,9,1.0,3.454089164733887e-05,-999996.0,14,63→62,9,,presentation_confirmation,63,0.0009831333998590707,5.0,False,63
selective_alpha_beta,{},{},{},0,{},,{},12,0.0014168352354317904,0.00014145951718091965,high_branch,12,selective_alpha_beta_d3_b12,13,3,3,3,adaptive_disabled,False,3,0.0025943834334611893,0.012971917167305946,20,0,0,0,0.0,null,null,3,0.010650584939867258,113,41,5.707843229174614e-06,3,140,0,584,1.3917451724410057e-05,seed14_high_branch_t50,presentation_fixed,434,0,0.0014561652205884457,0.00073020881973207,9950,0,0.0,high,41,1.0,0.00011533289216458797,1889.0058823529412,14,27→20,12,,presentation_confirmation,27,0.0025943834334611893,5.0,False,50
selective_alpha_beta,{},{},{},0,{},,{},12,0.002958211349323392,0.00030091777443885803,middle,12,selective_alpha_beta_d3_b12,30,3,3,3,adaptive_disabled,False,3,0.0038157999981194733,0.019078999990597367,28,0,0,0,0.0,null,null,3,0.014676590915769339,169,26,4.166038706898689e-06,3,215,0,1241,1.2667849659919739e-05,seed14_middle_t34,presentation_fixed,1021,0,0.0032015403266996145,0.0011057017836719751,9966,0,0.0,medium,26,1.0,7.833307608962059e-05,468.5,14,36→28,12,,presentation_confirmation,36,0.0038157999981194733,5.0,False,34
selective_alpha_beta,{},{},{},0,{},,{},12,0.0074692952912300825,0.0004302889574319124,opening,12,selective_alpha_beta_d3_b12,23,3,3,3,adaptive_disabled,False,3,0.004042916605249048,0.020214583026245236,20,0,0,0,0.0,null,null,3,0.011236961930990219,127,2259,0.0002123329322785139,3,164,0,3047,2.5375979021191597e-05,seed14_opening_t0,presentation_fixed,2875,0,0.002088416600599885,0.0008245795033872128,10000,0,0.0,high,2259,1.0,0.005826916079968214,528.5,14,20→20,12,,presentation_confirmation,20,0.004042916605249048,5.0,False,0
selective_alpha_beta,{},{},{},0,{},,{},12,0.002935506636276841,0.0002934536896646023,close_scores,12,selective_alpha_beta_d3_b12,31,3,3,3,adaptive_disabled,False,3,0.003512116614729166,0.01756058307364583,10,0,0,0,0.0,null,null,3,0.013247378170490265,158,30,4.333211109042168e-06,3,203,0,1229,1.2625008821487427e-05,seed15_close_scores_t6,presentation_fixed,1015,0,0.003161750501021743,0.0010481211356818676,9994,0,0.0,medium,30,1.0,8.637504652142525e-05,709.0,15,55→10,12,,presentation_confirmation,55,0.003512116614729166,5.0,False,6
selective_alpha_beta,{},{},{},0,{},,{},12,0.0007243745494633913,7.816567085683346e-05,endgame,3,selective_alpha_beta_d3_b12,12,3,3,3,adaptive_disabled,False,3,0.00043120002374053,0.00215600011870265,0,0,0,0,0.0,null,null,3,0.0011110398918390274,13,3,1.7909333109855652e-06,3,28,0,301,0.00011458410881459713,seed15_endgame_t106,presentation_fixed,270,0,0.0007969588041305542,0.00011895946227014065,9894,0,0.0,low,3,1.0,1.2666918337345123e-05,-999996.0,15,63→0,3,,presentation_confirmation,63,0.00043120002374053,5.0,False,106
selective_alpha_beta,{},{},{},0,{},,{},12,0.001948788994923234,0.00019112275913357735,high_branch,12,selective_alpha_beta_d3_b12,18,3,3,3,adaptive_disabled,False,3,0.003354358207434416,0.01677179103717208,63,0,0,0,0.0,null,null,3,0.013629420194774866,158,52,5.875015631318092e-06,3,191,0,826,1.2707896530628204e-05,seed15_high_branch_t39,presentation_fixed,625,0,0.0020169145427644253,0.0009698732756078243,9961,0,0.0,high,52,1.0,0.00013700011186301708,1196.4368421052632,15,1→63,12,,presentation_confirmation,1,0.003354358207434416,5.0,False,39
selective_alpha_beta,{},{},{},0,{},,{},12,0.004147461149841547,0.00041795498691499233,middle,12,selective_alpha_beta_d3_b12,34,3,3,3,adaptive_disabled,False,3,0.00621455842629075,0.031072792131453753,58,0,0,0,0.0,null,null,3,0.024741584435105324,305,25,3.7080608308315277e-06,3,368,0,1748,1.1584023013710976e-05,seed15_middle_t55,presentation_fixed,1371,0,0.0045197836589068174,0.0017251318786293268,9945,0,0.0,medium,25,1.0,7.100007496774197e-05,858.0,15,58→58,12,,presentation_confirmation,58,0.00621455842629075,5.0,False,55
selective_alpha_beta,{},{},{},0,{},,{},12,0.009109214413911104,0.0005811636801809072,opening,12,selective_alpha_beta_d3_b12,33,3,3,3,adaptive_disabled,False,3,0.006854500016197562,0.03427250008098781,63,0,0,0,0.0,null,null,3,0.02257192018441856,327,2251,0.00020441715605556965,3,383,0,3740,2.4331733584403992e-05,seed15_opening_t0,presentation_fixed,3345,0,0.003915120614692569,0.0017580431886017323,10000,0,0.0,high,2251,1.0,0.005798667203634977,864.5,15,63→63,12,,presentation_confirmation,63,0.006854500016197562,5.0,False,0
selective_alpha_beta,{},{},{},0,{},,{},12,0.0015901653096079826,0.00016891327686607838,close_scores,12,selective_alpha_beta_d3_b12,12,3,3,3,adaptive_disabled,False,3,0.0031796084251254795,0.0158980421256274,20,0,0,0,0.0,null,null,3,0.013206658652052283,157,21,3.4170225262641907e-06,3,185,0,668,1.1750264093279839e-05,seed16_close_scores_t21,presentation_fixed,479,0,0.001709954347461462,0.0009046369232237339,9979,0,0.0,medium,21,1.0,6.162491627037525e-05,1126.5,16,46→20,12,,presentation_confirmation,46,0.0031796084251254795,5.0,False,21
selective_alpha_beta,{},{},{},0,{},,{},12,0.002176079899072647,0.00022621056996285915,endgame,8,selective_alpha_beta_d3_b12,27,3,3,3,adaptive_disabled,False,3,0.0007725750096142292,0.003862875048071146,2,0,0,0,0.0,null,null,3,0.0011464578565210104,28,8,2.7078203856945038e-06,3,64,0,947,1.8334249034523964e-05,seed16_endgame_t397,presentation_fixed,875,0,0.002390410751104355,0.00027738139033317566,9603,0,0.0,low,8,1.0,2.7582980692386627e-05,-999996.0,16,63→2,8,,presentation_confirmation,63,0.0007725750096142292,5.0,False,397
selective_alpha_beta,{},{},{},0,{},,{},12,0.004996547242626548,0.0004965367261320353,high_branch,12,selective_alpha_beta_d3_b12,49,3,3,3,adaptive_disabled,False,3,0.005013175029307604,0.02506587514653802,28,0,0,0,0.0,null,null,3,0.01795503427274525,270,40,4.791887477040291e-06,3,341,0,2153,1.0667135939002037e-05,seed16_high_branch_t355,presentation_fixed,1803,0,0.005414994899183512,0.0015739707741886377,9645,0,0.0,high,40,1.0,0.00010641617700457573,1345.5,16,31→28,12,,presentation_confirmation,31,0.005013175029307604,5.0,False,355
selective_alpha_beta,{},{},{},0,{},,{},12,0.003048122860491276,0.00031708087772130966,middle,12,selective_alpha_beta_d3_b12,30,3,3,3,adaptive_disabled,False,3,0.0029679581988602878,0.014839790994301438,16,0,0,0,0.0,null,null,3,0.010520585579797626,155,38,4.875008016824722e-06,3,200,0,1316,1.2082979083061218e-05,seed16_middle_t201,presentation_fixed,1112,0,0.003278205171227455,0.0009188342373818159,9799,0,0.0,high,38,1.0,0.0001052080187946558,1435.5,16,23→16,12,,presentation_confirmation,23,0.0029679581988602878,5.0,False,201
selective_alpha_beta,{},{},{},0,{},,{},12,0.010004504583775997,0.0006862080190330744,opening,12,selective_alpha_beta_d3_b12,50,3,3,3,adaptive_disabled,False,3,0.009613283211365342,0.04806641605682671,20,0,0,0,0.0,null,null,3,0.03446439909748733,484,2263,0.0002102500293403864,3,559,0,4114,2.837507054209709e-05,seed16_opening_t0,presentation_fixed,3543,0,0.0049181131180375814,0.002640487626194954,10000,0,0.0,high,2263,1.0,0.005804791115224361,807.0,16,20→20,12,,presentation_confirmation,20,0.009613283211365342,5.0,False,0
selective_alpha_beta,{},{},{},0,{},,{},12,0.0024569209199398756,0.00024591595865786076,close_scores,9,selective_alpha_beta_d3_b12,28,3,3,3,adaptive_disabled,False,3,0.0021513332147151234,0.010756666073575616,1,0,0,0,0.0,null,null,3,0.0073907102923840284,80,9,3.5420525819063187e-06,3,118,0,1014,2.6165973395109177e-05,seed17_close_scores_t3,presentation_fixed,887,0,0.0026834551244974136,0.0006163346115499735,9997,0,0.0,low,9,1.0,3.645801916718483e-05,297.0,17,20→1,9,,presentation_confirmation,20,0.0021513332147151234,5.0,False,3
selective_alpha_beta,{},{},{},0,{},,{},12,0.0008645006455481052,9.37068834900856e-05,endgame,3,selective_alpha_beta_d3_b12,12,3,3,3,adaptive_disabled,False,3,0.0004556082189083099,0.0022780410945415497,7,0,0,0,0.0,null,null,3,0.0010580839589238167,13,3,2.5420449674129486e-06,3,28,0,355,0.00012195715680718422,seed17_endgame_t60,presentation_fixed,324,0,0.0009484151378273964,0.00012941774912178516,9940,0,0.0,low,3,1.0,1.7625046893954277e-05,-999996.0,17,20→7,3,,presentation_confirmation,20,0.0004556082189083099,5.0,False,60
selective_alpha_beta,{},{},{},0,{},,{},12,0.0024290415458381176,0.00023758364841341972,high_branch,12,selective_alpha_beta_d3_b12,21,3,3,3,adaptive_disabled,False,3,0.0031519333831965925,0.01575966691598296,63,0,0,0,0.0,null,null,3,0.012141368817538023,144,52,6.9160014390945435e-06,3,180,0,1011,1.7041806131601334e-05,seed17_high_branch_t47,presentation_fixed,821,0,0.002531288890168071,0.0009107172954827547,9953,0,0.0,high,52,1.0,0.00015233410522341728,1993.5,17,7→63,12,,presentation_confirmation,7,0.0031519333831965925,5.0,False,47
selective_alpha_beta,{},{},{},0,{},,{},12,0.002960963873192668,0.0003030458465218544,middle,12,selective_alpha_beta_d3_b12,32,3,3,3,adaptive_disabled,False,3,0.0033936168067157267,0.016968084033578634,28,0,0,0,0.0,null,null,3,0.012720037251710892,136,31,5.624955520033836e-06,3,182,0,1236,1.654215157032013e-05,seed17_middle_t32,presentation_fixed,1048,0,0.0031862466130405664,0.0009402160067111254,9968,0,0.0,medium,31,1.0,9.941705502569675e-05,558.0,17,28→28,12,,presentation_confirmation,28,0.0033936168067157267,5.0,False,32
selective_alpha_beta,{},{},{},0,{},,{},12,0.008039459120482206,0.00046845944598317146,opening,12,selective_alpha_beta_d3_b12,23,3,3,3,adaptive_disabled,False,3,0.005208291579037905,0.026041457895189524,20,0,0,0,0.0,null,null,3,0.016096386360004544,184,2267,0.0002229998353868723,3,224,0,3237,2.949894405901432e-05,seed17_opening_t0,presentation_fixed,3007,0,0.002584786619991064,0.00116541120223701,10000,0,0.0,high,2267,1.0,0.005942374933511019,1461.1212,17,20→20,12,,presentation_confirmation,20,0.005208291579037905,5.0,False,0
selective_alpha_beta,{},{},{},0,{},,{},12,0.0037136345636099577,0.0003854120150208473,close_scores,12,selective_alpha_beta_d3_b12,38,3,3,3,adaptive_disabled,False,3,0.003968841815367341,0.019844209076836705,28,0,0,0,0.0,null,null,3,0.014624961884692311,160,14,4.624947905540466e-06,3,216,0,1568,1.6334233805537224e-05,seed18_close_scores_t19,presentation_fixed,1342,0,0.00407320586964488,0.001073499210178852,9981,0,0.0,medium,14,1.0,5.1582930609583855e-05,1298.0,18,16→28,12,,presentation_confirmation,16,0.003968841815367341,5.0,False,19
selective_alpha_beta,{},{},{},0,{},,{},12,0.0019093316514045,0.0002011705655604601,endgame,6,selective_alpha_beta_d3_b12,25,3,3,3,adaptive_disabled,False,3,0.0007665168028324843,0.0038325840141624212,31,0,0,0,0.0,null,null,3,0.0014195831026881933,26,6,2.2498425096273422e-06,3,58,0,775,2.2001098841428757e-05,seed18_endgame_t90,presentation_fixed,711,0,0.0021046230103820562,0.00026429397985339165,9910,0,0.0,low,6,1.0,1.9832979887723923e-05,-999996.0,18,63→31,6,,presentation_confirmation,63,0.0007665168028324843,5.0,False,90
selective_alpha_beta,{},{},{},0,{},,{},12,0.0014525414444506168,0.00015033269301056862,high_branch,12,selective_alpha_beta_d3_b12,11,3,3,3,adaptive_disabled,False,3,0.0027623584028333426,0.013811792014166713,20,0,0,0,0.0,null,null,3,0.011399750132113695,129,46,6.207963451743126e-06,3,156,0,606,1.3167038559913635e-05,seed18_high_branch_t14,presentation_fixed,440,0,0.0014762491919100285,0.0007776676211506128,9986,0,0.0,high,46,1.0,0.00013875006698071957,2016.0,18,2→20,12,,presentation_confirmation,2,0.0027623584028333426,5.0,False,14
selective_alpha_beta,{},{},{},0,{},,{},12,0.00424962118268013,0.0004427896346896887,middle,12,selective_alpha_beta_d3_b12,43,3,3,3,adaptive_disabled,False,3,0.005073558399453759,0.025367791997268796,28,0,0,0,0.0,null,null,3,0.019346660934388638,199,25,4.166038706898689e-06,3,264,0,1787,1.2001022696495056e-05,seed18_middle_t47,presentation_fixed,1514,0,0.004646404180675745,0.0012846847530454397,9953,0,0.0,medium,25,1.0,7.387506775557995e-05,1867.5,18,58→28,12,,presentation_confirmation,58,0.005073558399453759,5.0,False,47
selective_alpha_beta,{},{},{},0,{},,{},12,0.007389504462480545,0.00040874979458749294,opening,12,selective_alpha_beta_d3_b12,15,3,3,3,adaptive_disabled,False,3,0.003818258410319686,0.01909129205159843,20,0,0,0,0.0,null,null,3,0.010229174513369799,148,2291,0.00022179121151566505,3,176,0,2933,2.9626069590449333e-05,seed18_opening_t0,presentation_fixed,2756,0,0.001695163082331419,0.0007985793054103851,10000,0,0.0,high,2291,1.0,0.0061169578693807125,904.5,18,1→20,12,,presentation_confirmation,1,0.003818258410319686,5.0,False,0
selective_alpha_beta,{},{},{},0,{},,{},12,0.0028461702167987823,0.0002797467168420553,close_scores,12,selective_alpha_beta_d3_b12,25,3,3,3,adaptive_disabled,False,3,0.003894558222964406,0.01947279111482203,16,0,0,0,0.0,null,null,3,0.015217746840789914,167,23,4.416098818182945e-06,3,207,0,1185,1.5875091776251793e-05,seed19_close_scores_t27,presentation_fixed,969,0,0.0030712478328496218,0.0010910052806138992,9973,0,0.0,medium,23,1.0,7.24999699741602e-05,1185.0,19,58→16,12,,presentation_confirmation,58,0.003894558222964406,5.0,False,27
selective_alpha_beta,{},{},{},0,{},,{},12,0.0020461673848330975,0.00021141348406672478,endgame,8,selective_alpha_beta_d3_b12,27,3,3,3,adaptive_disabled,False,3,0.000787808233872056,0.00393904116936028,1,0,0,0,0.0,null,null,3,0.0013625374995172024,28,8,2.9171351343393326e-06,3,64,0,904,1.412397250533104e-05,seed19_endgame_t256,presentation_fixed,832,0,0.002243833616375923,0.0002875039353966713,9744,0,0.0,low,8,1.0,2.8125010430812836e-05,-999996.0,19,63→1,8,,presentation_confirmation,63,0.000787808233872056,5.0,False,256
selective_alpha_beta,{},{},{},0,{},,{},12,0.0033027129247784615,0.00035707978531718254,high_branch,12,selective_alpha_beta_d3_b12,32,3,3,3,adaptive_disabled,False,3,0.005945733422413469,0.029728667112067342,55,0,0,0,0.0,null,null,3,0.024186212103813887,233,33,5.124835297465324e-06,3,284,0,1304,1.666741445660591e-05,seed19_high_branch_t81,presentation_fixed,1005,0,0.003597584553062916,0.001827537314966321,9919,0,0.0,medium,33,1.0,9.554089047014713e-05,1295.0,19,28→55,12,,presentation_confirmation,28,0.005945733422413469,5.0,False,81
selective_alpha_beta,{},{},{},0,{},,{},12,0.003892874578014016,0.00043058302253484726,middle,12,selective_alpha_beta_d3_b12,41,3,3,3,adaptive_disabled,False,3,0.004239741619676352,0.021198708098381758,28,0,0,0,0.0,null,null,3,0.015458827372640371,211,33,6.4999330788850784e-06,3,268,0,1605,1.9459286704659462e-05,seed19_middle_t130,presentation_fixed,1327,0,0.004245326155796647,0.0013600543607026339,9870,0,0.0,medium,33,1.0,0.00010854098945856094,1145.0,19,28→28,12,,presentation_confirmation,28,0.004239741619676352,5.0,False,130
selective_alpha_beta,{},{},{},0,{},,{},12,0.008414127631112933,0.0005264540668576956,opening,12,selective_alpha_beta_d3_b12,23,3,3,3,adaptive_disabled,False,3,0.004760749964043498,0.02380374982021749,20,0,0,0,0.0,null,null,3,0.013489242875948548,197,2265,0.00021583400666713715,3,237,0,3419,3.0457740649580956e-05,seed19_opening_t0,presentation_fixed,3181,0,0.0030352843459695578,0.0011089728213846684,10000,0,0.0,high,2265,1.0,0.005923958029597998,1418.0,19,0→20,12,,presentation_confirmation,0,0.004760749964043498,5.0,False,0
selective_alpha_beta,{},{},{},0,{},,{},12,0.0142197550740093,0.001360829919576645,close_scores,11,selective_alpha_beta_d4_b12,141,4,4,4,adaptive_disabled,False,4,0.009601600002497435,0.04800800001248717,58,0,0,0,0.0,null,null,4,0.029585612239316106,395,11,5.041947588324547e-06,4,569,0,5995,1.7791055142879486e-05,seed10_close_scores_t4,presentation_fixed,5415,0,0.01561002735979855,0.002747360384091735,9996,0,0.0,medium,11,1.0,4.216702654957771e-05,-529.0,10,16→58,11,,presentation_confirmation,16,0.009601600002497435,5.0,False,4
selective_alpha_beta,{},{},{},0,{},,{},12,0.0022197545040398836,0.00021862308494746685,endgame,6,selective_alpha_beta_d4_b12,19,4,4,4,adaptive_disabled,False,4,0.002181566599756479,0.010907832998782396,42,0,0,0,0.0,null,null,4,0.007767455419525504,83,6,2.6670750230550766e-06,4,120,0,914,8.254172280430794e-05,seed10_endgame_t67,presentation_fixed,781,0,0.002429794752970338,0.0006009158678352833,9933,0,0.0,low,6,1.0,2.4458160623908043e-05,-999996.0,10,63→42,6,,presentation_confirmation,63,0.002181566599756479,5.0,False,67
selective_alpha_beta,{},{},{},0,{},,{},12,0.009719959693029523,0.0009518279694020748,high_branch,12,selective_alpha_beta_d4_b12,106,4,4,4,adaptive_disabled,False,4,0.0065778749994933605,0.0328893749974668,63,0,0,0,0.0,null,null,4,0.02065533888526261,160,52,6.1248429119586945e-06,4,293,0,4019,1.5750061720609665e-05,seed10_high_branch_t56,presentation_fixed,3702,0,0.010608576703816652,0.0014609172940254211,9944,0,0.0,high,52,1.0,0.00014266720972955227,-229.0,10,1→63,12,,presentation_confirmation,1,0.0065778749994933605,5.0,False,56
selective_alpha_beta,{},{},{},0,{},,{},12,0.01633071363903582,0.0016510405112057924,middle,12,selective_alpha_beta_d4_b12,176,4,4,4,adaptive_disabled,False,4,0.014725591614842415,0.07362795807421207,58,0,0,0,0.0,null,null,4,0.05171666480600834,570,24,4.624947905540466e-06,4,788,0,6745,1.5916302800178528e-05,seed10_middle_t36,presentation_fixed,5923,0,0.01800498180091381,0.003809520276263356,9964,0,0.0,medium,24,1.0,7.624994032084942e-05,-409.0,10,58→58,12,,presentation_confirmation,58,0.014725591614842415,5.0,False,36
selective_alpha_beta,{},{},{},0,{},,{},12,0.02204742468893528,0.0018544537015259266,opening,12,selective_alpha_beta_d4_b12,188,4,4,4,adaptive_disabled,False,4,0.013054391788318753,0.06527195894159377,20,0,0,0,0.0,null,null,4,0.03754108096472919,501,2278,0.0002149580977857113,4,725,0,8874,3.0041905120015144e-05,seed10_opening_t0,presentation_fixed,8144,0,0.017823889618739486,0.003484446322545409,10000,0,0.0,high,2278,1.0,0.006177542032673955,-529.0,10,0→20,12,,presentation_confirmation,0,0.013054391788318753,5.0,False,0
selective_alpha_beta,{},{},{},0,{},,{},12,0.012552222702652216,0.00121772987768054,close_scores,12,selective_alpha_beta_d4_b12,140,4,4,4,adaptive_disabled,False,4,0.009210733231157064,0.04605366615578532,66,0,0,0,0.0,null,null,4,0.029557548463344574,361,25,4.667090252041817e-06,4,541,0,5300,1.5666009858250618e-05,seed11_close_scores_t35,presentation_fixed,4725,0,0.01376947807148099,0.002630681497976184,9965,0,0.0,medium,25,1.0,7.562502287328243e-05,-739.0,11,30→66,12,,presentation_confirmation,30,0.009210733231157064,5.0,False,35
selective_alpha_beta,{},{},{},0,{},,{},12,0.001324083423241973,0.00013571185991168022,endgame,3,selective_alpha_beta_d4_b12,13,4,4,4,adaptive_disabled,False,4,0.0022736749611794948,0.011368374805897474,60,0,0,0,0.0,null,null,4,0.009133292594924569,115,3,2.00001522898674e-06,4,143,0,553,8.549867197871208e-05,seed11_endgame_t328,presentation_fixed,400,0,0.0014587901532649994,0.0006756263319402933,9672,0,0.0,low,3,1.0,1.3167038559913635e-05,-999996.0,11,20→60,3,,presentation_confirmation,20,0.0022736749611794948,5.0,False,328
selective_alpha_beta,{},{},{},0,{},,{},12,0.01442275452427566,0.0014380875509232283,high_branch,12,selective_alpha_beta_d4_b12,177,4,4,4,adaptive_disabled,False,4,0.00927396658807993,0.04636983294039965,20,0,0,0,0.0,null,null,4,0.02824917226098478,289,50,6.0407910495996475e-06,4,494,0,6086,1.3250159099698067e-05,seed11_high_branch_t242,presentation_fixed,5575,0,0.01580446748994291,0.0021594022400677204,9758,0,0.0,high,50,1.0,0.00013749999925494194,-309.0,11,7→20,12,,presentation_confirmation,7,0.00927396658807993,5.0,False,242
selective_alpha_beta,{},{},{},0,{},,{},12,0.02774442918598652,0.002847544150426984,middle,12,selective_alpha_beta_d4_b12,317,4,4,4,adaptive_disabled,False,4,0.02388135837391019,0.11940679186955094,63,0,0,0,0.0,null,null,4,0.0823715589940548,942,35,4.333211109042168e-06,4,1326,0,11276,1.3125594705343246e-05,seed11_middle_t166,presentation_fixed,9906,0,0.030680809635668993,0.006242548348382115,9834,0,0.0,high,35,1.0,9.441608563065529e-05,-668.794375,11,62→63,12,,presentation_confirmation,62,0.02388135837391019,5.0,False,166
selective_alpha_beta,{},{},{},0,{},,{},12,0.024180683307349682,0.002137165516614914,opening,12,selective_alpha_beta_d4_b12,214,4,4,4,adaptive_disabled,False,4,0.0120106500107795,0.0600532500538975,35,0,0,0,0.0,null,null,4,0.02980467351153493,503,2254,0.00023020803928375244,4,756,0,9655,3.062584437429905e-05,seed11_opening_t0,presentation_fixed,8892,0,0.02049398561939597,0.0035540489479899406,10000,0,0.0,high,2254,1.0,0.005939708091318607,-489.0,11,0→35,12,,presentation_confirmation,0,0.0120106500107795,5.0,False,0
selective_alpha_beta,{},{},{},0,{},,{},12,0.01501347403973341,0.0015081549063324928,close_scores,12,selective_alpha_beta_d4_b12,154,4,4,4,adaptive_disabled,False,4,0.007915074983611704,0.039575374918058515,20,0,0,0,0.0,null,null,4,0.02039540931582451,346,29,5.624955520033836e-06,4,524,0,6315,1.7416896298527718e-05,seed12_close_scores_t8,presentation_fixed,5780,0,0.016508738277480006,0.0025593105237931013,9992,0,0.0,medium,29,1.0,8.887494914233685e-05,-895.5,12,59→20,12,,presentation_confirmation,59,0.007915074983611704,5.0,False,8
selective_alpha_beta,{},{},{},0,{},,{},12,0.0014192091766744852,0.00016912282444536686,endgame,3,selective_alpha_beta_d4_b12,13,4,4,4,adaptive_disabled,False,4,0.0019094749819487332,0.009547374909743667,44,0,0,0,0.0,null,null,4,0.007261376129463315,70,3,2.7918722480535507e-06,4,98,0,574,0.00012016715481877327,seed12_endgame_t149,presentation_fixed,466,0,0.001583749195560813,0.0005578745622187853,9851,0,0.0,low,3,1.0,2.1415995433926582e-05,-999996.0,12,63→44,3,,presentation_confirmation,63,0.0019094749819487332,5.0,False,149
selective_alpha_beta,{},{},{},0,{},,{},12,0.014204086968675256,0.0015237119514495134,high_branch,12,selective_alpha_beta_d4_b12,131,4,4,4,adaptive_disabled,False,4,0.01146530001424253,0.05732650007121265,63,0,0,0,0.0,null,null,4,0.03805820643901825,448,43,7.4999406933784485e-06,4,602,0,5421,2.7084024623036385e-05,seed12_high_branch_t31,presentation_fixed,4799,0,0.01570066064596176,0.003405923955142498,9969,0,0.0,high,43,1.0,0.0001271250657737255,-1093.5,12,31→63,12,,presentation_confirmation,31,0.01146530001424253,5.0,False,31
selective_alpha_beta,{},{},{},0,{},,{},12,0.01641443045809865,0.0017677932046353817,middle,12,selective_alpha_beta_d4_b12,145,4,4,4,adaptive_disabled,False,4,0.014202800020575524,0.07101400010287762,16,0,0,0,0.0,null,null,4,0.048236251110211015,505,27,7.333001121878624e-06,4,682,0,5845,2.0875129848718643e-05,seed12_middle_t77,presentation_fixed,5142,0,0.018139413790777326,0.004438335075974464,9923,0,0.0,medium,27,1.0,0.00017179199494421482,-1093.5,12,14→16,12,,presentation_confirmation,14,0.014202800020575524,5.0,False,77
selective_alpha_beta,{},{},{},0,{},,{},12,0.019602089887484908,0.001661541871726513,opening,12,selective_alpha_beta_d4_b12,166,4,4,4,adaptive_disabled,False,4,0.010838299989700317,0.05419149994850159,35,0,0,0,0.0,null,null,4,0.029472910100594163,413,2272,0.00020958296954631805,4,611,0,7889,3.1833071261644363e-05,seed12_opening_t0,presentation_fixed,7273,0,0.015436370158568025,0.0031203445978462696,10000,0,0.0,high,2272,1.0,0.005920459050685167,-558.5,12,0→35,12,,presentation_confirmation,0,0.010838299989700317,5.0,False,0
selective_alpha_beta,{},{},{},0,{},,{},12,0.016167212277650833,0.0018634977750480175,close_scores,12,selective_alpha_beta_d4_b12,159,4,4,4,adaptive_disabled,False,4,0.011469108425080777,0.05734554212540388,63,0,0,0,0.0,null,null,4,0.03563020355068147,414,17,4.125060513615608e-06,4,612,0,6092,1.841713674366474e-05,seed13_close_scores_t4,presentation_fixed,5461,0,0.01811773213557899,0.003514939220622182,9996,0,0.0,medium,17,1.0,6.0125021263957024e-05,-439.5,13,52→63,12,,presentation_confirmation,52,0.011469108425080777,5.0,False,4
selective_alpha_beta,{},{},{},0,{},,{},12,0.0016150844749063253,0.00016658147796988487,endgame,3,selective_alpha_beta_d4_b12,13,4,4,4,adaptive_disabled,False,4,0.0015820249915122985,0.007910124957561493,18,0,0,0,0.0,null,null,4,0.0055387497413903475,48,3,3.3329706639051437e-06,4,76,0,515,0.00011095823720097542,seed13_endgame_t71,presentation_fixed,427,0,0.0017769155092537403,0.00045675155706703663,9929,0,0.0,low,3,1.0,2.3416941985487938e-05,-999996.0,13,63→18,3,,presentation_confirmation,63,0.0015820249915122985,5.0,False,71
selective_alpha_beta,{},{},{},0,{},,{},12,0.013280213810503483,0.0014327466487884521,high_branch,12,selective_alpha_beta_d4_b12,135,4,4,4,adaptive_disabled,False,4,0.011092308210209012,0.05546154105104506,63,0,0,0,0.0,null,null,4,0.03797566099092364,268,49,7.416820153594017e-06,4,439,0,5053,1.837429590523243e-05,seed13_high_branch_t60,presentation_fixed,4585,0,0.01469095190986991,0.0026265541091561317,9940,0,0.0,high,49,1.0,0.00014258292503654957,-179.5,13,1→63,12,,presentation_confirmation,1,0.011092308210209012,5.0,False,60
selective_alpha_beta,{},{},{},0,{},,{},12,0.013271552277728915,0.0013173774350434542,middle,12,selective_alpha_beta_d4_b12,141,4,4,4,adaptive_disabled,False,4,0.01331158340908587,0.06655791704542935,63,0,0,0,0.0,null,null,4,0.049491534708067775,281,45,6.3749030232429504e-06,4,457,0,5558,1.6709091141819954e-05,seed13_middle_t38,presentation_fixed,5069,0,0.01453982456587255,0.002374223666265607,9962,0,0.0,high,45,1.0,0.00012925011105835438,-369.5,13,2→63,12,,presentation_confirmation,2,0.01331158340908587,5.0,False,38
selective_alpha_beta,{},{},{},0,{},,{},12,0.017959218472242355,0.0014956253580749035,opening,12,selective_alpha_beta_d4_b12,160,4,4,4,adaptive_disabled,False,4,0.009017408406361938,0.04508704203180969,35,0,0,0,0.0,null,null,4,0.02269853907637298,376,2267,0.00021258299238979816,4,559,0,7395,2.7667265385389328e-05,seed13_opening_t0,presentation_fixed,6835,0,0.013577525736764073,0.0026149770710617304,10000,0,0.0,high,2267,1.0,0.005955749889835715,-489.5,13,0→35,12,,presentation_confirmation,0,0.009017408406361938,5.0,False,0
selective_alpha_beta,{},{},{},0,{},,{},12,0.0068428784143179655,0.0006828699260950089,close_scores,7,selective_alpha_beta_d4_b12,64,4,4,4,adaptive_disabled,False,4,0.009055658197030424,0.045278290985152125,28,0,0,0,0.0,null,null,4,0.03548087482340634,343,7,3.00002284348011e-06,4,442,0,2830,2.849893644452095e-05,seed14_close_scores_t7,presentation_fixed,2373,0,0.007536494173109531,0.0021997150033712387,9993,0,0.0,low,7,1.0,2.9708025977015495e-05,-1254.5,14,20→28,7,,presentation_confirmation,20,0.009055658197030424,5.0,False,7
selective_alpha_beta,{},{},{},0,{},,{},12,0.0035239586140960455,0.000355245778337121,endgame,9,selective_alpha_beta_d4_b12,34,4,4,4,adaptive_disabled,False,4,0.003700250014662743,0.018501250073313713,62,0,0,0,0.0,null,null,4,0.013476172229275107,155,9,3.791181370615959e-06,4,222,0,1508,1.6917940229177475e-05,seed14_endgame_t63,presentation_fixed,1260,0,0.0038687847554683685,0.0010978339705616236,9937,0,0.0,low,9,1.0,3.774999640882015e-05,-999996.0,14,63→62,9,,presentation_confirmation,63,0.003700250014662743,5.0,False,63
selective_alpha_beta,{},{},{},0,{},,{},12,0.012156438548117876,0.0011807912960648537,high_branch,12,selective_alpha_beta_d4_b12,139,4,4,4,adaptive_disabled,False,4,0.007454391615465283,0.03727195807732642,63,0,0,0,0.0,null,null,4,0.022111759753897786,192,41,5.417037755250931e-06,4,363,0,5271,1.3415003195405006e-05,seed14_high_branch_t50,presentation_fixed,4881,0,0.013289151946082711,0.001736380159854889,9950,0,0.0,high,41,1.0,0.00011583417654037476,-378.5,14,27→63,12,,presentation_confirmation,27,0.007454391615465283,5.0,False,50
selective_alpha_beta,{},{},{},0,{},,{},12,0.013409351231530309,0.0012900738511234522,middle,12,selective_alpha_beta_d4_b12,140,4,4,4,adaptive_disabled,False,4,0.007719241827726364,0.03859620913863182,63,0,0,0,0.0,null,null,4,0.021961452439427376,206,26,3.916909918189049e-06,4,372,0,5652,1.441827043890953e-05,seed14_middle_t34,presentation_fixed,5263,0,0.01468781870789826,0.0018501868471503258,9966,0,0.0,medium,26,1.0,7.841596379876137e-05,-408.5,14,36→63,12,,presentation_confirmation,36,0.007719241827726364,5.0,False,34
selective_alpha_beta,{},{},{},0,{},,{},12,0.01715226355008781,0.001338463043794036,opening,12,selective_alpha_beta_d4_b12,125,4,4,4,adaptive_disabled,False,4,0.009884633403271437,0.04942316701635718,35,0,0,0,0.0,null,null,4,0.028007112676277757,392,2259,0.00021695811301469803,4,544,0,6977,2.883397974073887e-05,seed14_opening_t0,presentation_fixed,6422,0,0.012586068361997604,0.002615944016724825,10000,0,0.0,high,2259,1.0,0.005968249868601561,-498.5,14,4→35,12,,presentation_confirmation,4,0.009884633403271437,5.0,False,0
selective_alpha_beta,{},{},{},0,{},,{},12,0.021621234714984894,0.0020382297225296497,close_scores,12,selective_alpha_beta_d4_b12,233,4,4,4,adaptive_disabled,False,4,0.013924174988642336,0.06962087494321167,10,0,0,0,0.0,null,null,4,0.04144502407871187,635,30,4.834029823541641e-06,4,921,0,9075,1.5082769095897675e-05,seed15_close_scores_t6,presentation_fixed,8118,0,0.023677144665271044,0.004385789390653372,9994,0,0.0,medium,30,1.0,9.300000965595245e-05,-418.5,15,55→10,12,,presentation_confirmation,55,0.013924174988642336,5.0,False,6
selective_alpha_beta,{},{},{},0,{},,{},12,0.001204917673021555,0.00012571224942803383,endgame,3,selective_alpha_beta_d4_b12,13,4,4,4,adaptive_disabled,False,4,0.0014608916360884904,0.007304458180442452,0,0,0,0,0.0,null,null,4,0.0054076677188277245,68,3,1.8749851733446121e-06,4,96,0,509,0.00011595827527344227,seed15_endgame_t106,presentation_fixed,403,0,0.00132975191809237,0.00043666339479386806,9894,0,0.0,low,3,1.0,1.2541888281702995e-05,-999996.0,15,63→0,3,,presentation_confirmation,63,0.0014608916360884904,5.0,False,106
selective_alpha_beta,{},{},{},0,{},,{},12,0.013176844455301762,0.0012739526573568583,high_branch,12,selective_alpha_beta_d4_b12,147,4,4,4,adaptive_disabled,False,4,0.00653820838779211,0.03269104193896055,63,0,0,0,0.0,null,null,4,0.016263451892882586,225,52,5.959067493677139e-06,4,398,0,5623,1.3957731425762177e-05,seed15_high_branch_t39,presentation_fixed,5205,0,0.014379273867234588,0.001888899365440011,9961,0,0.0,high,52,1.0,0.00013950001448392868,-948.0,15,1→63,12,,presentation_confirmation,1,0.00653820838779211,5.0,False,39
selective_alpha_beta,{},{},{},0,{},,{},12,0.018584144534543157,0.0018618276808410883,middle,12,selective_alpha_beta_d4_b12,194,4,4,4,adaptive_disabled,False,4,0.014781566569581628,0.07390783284790814,58,0,0,0,0.0,null,null,4,0.04896206106059253,640,25,3.958120942115784e-06,4,903,0,7914,1.1790776625275612e-05,seed15_middle_t55,presentation_fixed,6976,0,0.020476643228903413,0.004379504593089223,9945,0,0.0,medium,25,1.0,7.387506775557995e-05,-858.0,15,58→58,12,,presentation_confirmation,58,0.014781566569581628,5.0,False,55
selective_alpha_beta,{},{},{},0,{},,{},12,0.05227569001726806,0.004727999679744244,opening,12,selective_alpha_beta_d4_b12,605,4,4,4,adaptive_disabled,False,4,0.042607800010591744,0.21303900005295873,63,0,0,0,0.0,null,null,4,0.1416562667582184,2286,2251,0.00021058297716081142,4,3027,0,22016,2.650008536875248e-05,seed15_opening_t0,presentation_fixed,18948,0,0.05157266836613417,0.013852856820449233,10000,0,0.0,high,2251,1.0,0.005720125045627356,-417.5,15,63→63,12,,presentation_confirmation,63,0.042607800010591744,5.0,False,0
selective_alpha_beta,{},{},{},0,{},,{},12,0.022288071690127254,0.002266667317599058,close_scores,12,selective_alpha_beta_d4_b12,277,4,4,4,adaptive_disabled,False,4,0.017032333416864276,0.08516166708432138,20,0,0,0,0.0,null,null,4,0.05528928618878126,778,21,3.7918798625469208e-06,4,1113,0,9507,1.2708129361271858e-05,seed16_close_scores_t21,presentation_fixed,8387,0,0.024623297154903412,0.005169333657249808,9979,0,0.0,medium,21,1.0,6.325007416307926e-05,-568.0,16,46→20,12,,presentation_confirmation,46,0.017032333416864276,5.0,False,21
selective_alpha_beta,{},{},{},0,{},,{},12,0.0029423688538372517,0.00029253517277538776,endgame,8,selective_alpha_beta_d4_b12,32,4,4,4,adaptive_disabled,False,4,0.0021384583786129953,0.010692291893064976,2,0,0,0,0.0,null,null,4,0.006724541075527668,89,8,2.250075340270996e-06,4,153,0,1273,1.70005951076746e-05,seed16_endgame_t397,presentation_fixed,1092,0,0.003232618561014533,0.0006892564706504345,9603,0,0.0,low,8,1.0,2.6625115424394608e-05,-999996.0,16,63→2,8,,presentation_confirmation,63,0.0021384583786129953,5.0,False,397
selective_alpha_beta,{},{},{},0,{},,{},12,0.022687691263854504,0.002229707082733512,high_branch,12,selective_alpha_beta_d4_b12,265,4,4,4,adaptive_disabled,False,4,0.010372616816312075,0.05186308408156037,10,0,0,0,0.0,null,null,4,0.023301923647522926,465,40,5.041947588324547e-06,4,786,0,9651,1.2208009138703346e-05,seed16_high_branch_t355,presentation_fixed,8823,0,0.024931221501901746,0.003506271867081523,9645,0,0.0,high,40,1.0,0.00010641710832715034,-468.0,16,31→10,12,,presentation_confirmation,31,0.010372616816312075,5.0,False,355
selective_alpha_beta,{},{},{},0,{},,{},12,0.018465548288077116,0.001860497985035181,middle,12,selective_alpha_beta_d4_b12,212,4,4,4,adaptive_disabled,False,4,0.010031408397480845,0.05015704198740423,16,0,0,0,0.0,null,null,4,0.026358787436038256,469,38,4.915986210107803e-06,4,730,0,7829,1.3876939192414284e-05,seed16_middle_t201,presentation_fixed,7084,0,0.020322065334767103,0.0033523133024573326,9799,0,0.0,high,38,1.0,0.00010508298873901367,-548.0,16,23→16,12,,presentation_confirmation,23,0.010031408397480845,5.0,False,201
selective_alpha_beta,{},{},{},0,{},,{},12,0.019693186273798347,0.0016129089053720236,opening,12,selective_alpha_beta_d4_b12,166,4,4,4,adaptive_disabled,False,4,0.016105408407747747,0.08052704203873873,20,0,0,0,0.0,null,null,4,0.05423664441332221,774,2263,0.00021145818755030632,4,977,0,8061,3.0125724151730537e-05,seed16_opening_t0,presentation_fixed,7067,0,0.015423726988956332,0.004654669668525457,10000,0,0.0,high,2263,1.0,0.005970417056232691,-807.0,16,0→20,12,,presentation_confirmation,0,0.016105408407747747,5.0,False,0
selective_alpha_beta,{},{},{},0,{},,{},12,0.011166890151798725,0.001069453777745366,close_scores,9,selective_alpha_beta_d4_b12,98,4,4,4,adaptive_disabled,False,4,0.014424191787838936,0.07212095893919468,1,0,0,0,0.0,null,null,4,0.05562149314209819,620,9,4.00003045797348e-06,4,783,0,4665,2.5458866730332375e-05,seed17_close_scores_t3,presentation_fixed,3853,0,0.012270775157958269,0.0041641066782176495,9997,0,0.0,low,9,1.0,3.5125063732266426e-05,-1468.8758,17,20→1,9,,presentation_confirmation,20,0.014424191787838936,5.0,False,3
selective_alpha_beta,{},{},{},0,{},,{},12,0.0013617086224257946,0.00013462570495903492,endgame,3,selective_alpha_beta_d4_b12,13,4,4,4,adaptive_disabled,False,4,0.0018558999989181757,0.009279499994590878,7,0,0,0,0.0,null,null,4,0.007100174902006984,81,3,1.5420373529195786e-06,4,109,0,577,0.00011787400580942631,seed17_endgame_t60,presentation_fixed,457,0,0.0014970810152590275,0.0005512030329555273,9940,0,0.0,low,3,1.0,1.1625001206994057e-05,-999996.0,17,20→7,3,,presentation_confirmation,20,0.0018558999989181757,5.0,False,60
selective_alpha_beta,{},{},{},0,{},,{},12,0.011014758376404643,0.0010497486218810081,high_branch,12,selective_alpha_beta_d4_b12,120,4,4,4,adaptive_disabled,False,4,0.004931683419272304,0.024658417096361518,20,0,0,0,0.0,null,null,4,0.011133334832265973,146,52,6.166053935885429e-06,4,286,0,4681,1.1500902473926544e-05,seed17_high_branch_t47,presentation_fixed,4379,0,0.011981571093201637,0.001386344200000167,9953,0,0.0,high,52,1.0,0.00013950001448392868,-237.0,17,7→20,12,,presentation_confirmation,7,0.004931683419272304,5.0,False,47
selective_alpha_beta,{},{},{},0,{},,{},12,0.01906601432710886,0.0019090003333985806,middle,12,selective_alpha_beta_d4_b12,205,4,4,4,adaptive_disabled,False,4,0.013803274976089597,0.06901637488044798,28,0,0,0,0.0,null,null,4,0.04391979705542326,501,31,6.332993507385254e-06,4,760,0,8058,1.7332611605525017e-05,seed17_middle_t32,presentation_fixed,7271,0,0.020983386086300015,0.0039849840104579926,9968,0,0.0,medium,31,1.0,0.00010454212315380573,-558.0,17,28→28,12,,presentation_confirmation,28,0.013803274976089597,5.0,False,32
selective_alpha_beta,{},{},{},0,{},,{},12,0.025375240482389927,0.0021782938856631517,opening,12,selective_alpha_beta_d4_b12,230,4,4,4,adaptive_disabled,False,4,0.0145155250094831,0.0725776250474155,20,0,0,0,0.0,null,null,4,0.04048850201070309,587,2267,0.0002162500750273466,4,866,0,10776,2.733292058110237e-05,seed17_opening_t0,presentation_fixed,9894,0,0.021920014871284366,0.004182650242000818,10000,0,0.0,high,2267,1.0,0.005742874927818775,-317.0,17,20→20,12,,presentation_confirmation,20,0.0145155250094831,5.0,False,0
selective_alpha_beta,{},{},{},0,{},,{},12,0.013403471559286118,0.0013337109703570604,close_scores,12,selective_alpha_beta_d4_b12,141,4,4,4,adaptive_disabled,False,4,0.012136883195489645,0.060684415977448225,55,0,0,0,0.0,null,null,4,0.042814373737201095,449,14,3.2498501241207123e-06,4,636,0,5638,1.4042016118764877e-05,seed18_close_scores_t19,presentation_fixed,4975,0,0.014766977401450276,0.0030401069670915604,9981,0,0.0,medium,14,1.0,4.5666005462408066e-05,-1298.0,18,16→55,12,,presentation_confirmation,16,0.012136883195489645,5.0,False,19
selective_alpha_beta,{},{},{},0,{},,{},12,0.002755963010713458,0.0002983312588185072,endgame,6,selective_alpha_beta_d4_b12,28,4,4,4,adaptive_disabled,False,4,0.003472675010561943,0.017363375052809715,31,0,0,0,0.0,null,null,4,0.0132072523701936,163,6,2.3748725652694702e-06,4,221,0,1183,2.141715958714485e-05,seed18_endgame_t90,presentation_fixed,943,0,0.0030577019788324833,0.0010541286319494247,9910,0,0.0,low,6,1.0,2.050003968179226e-05,-999996.0,18,63→31,6,,presentation_confirmation,63,0.003472675010561943,5.0,False,90
selective_alpha_beta,{},{},{},0,{},,{},12,0.010670259827747941,0.0010528673883527517,high_branch,12,selective_alpha_beta_d4_b12,126,4,4,4,adaptive_disabled,False,4,0.007108858413994312,0.03554429206997156,20,0,0,0,0.0,null,null,4,0.022109085926786065,219,46,5.4158736020326614e-06,4,364,0,4544,1.1751195415854454e-05,seed18_high_branch_t14,presentation_fixed,4166,0,0.011653954163193703,0.0016382099129259586,9986,0,0.0,high,46,1.0,0.00012587499804794788,-933.0,18,2→20,12,,presentation_confirmation,2,0.007108858413994312,5.0,False,14
selective_alpha_beta,{},{},{},0,{},,{},12,0.017425435595214367,0.0017722903285175562,middle,12,selective_alpha_beta_d4_b12,190,4,4,4,adaptive_disabled,False,4,0.01651184996590018,0.08255924982950091,28,0,0,0,0.0,null,null,4,0.0591207027900964,577,25,4.249857738614082e-06,4,844,0,7546,1.4125136658549309e-05,seed18_middle_t47,presentation_fixed,6657,0,0.01923396997153759,0.004111369140446186,9953,0,0.0,medium,25,1.0,7.483293302357197e-05,-824.5,18,58→28,12,,presentation_confirmation,58,0.01651184996590018,5.0,False,47
selective_alpha_beta,{},{},{},0,{},,{},12,0.025567735312506557,0.0023416592739522457,opening,12,selective_alpha_beta_d4_b12,289,4,4,4,adaptive_disabled,False,4,0.01070441659539938,0.0535220829769969,20,0,0,0,0.0,null,null,4,0.02197524392977357,413,2291,0.00021395809017121792,4,743,0,10953,2.391706220805645e-05,seed18_opening_t0,presentation_fixed,10193,0,0.022269596345722675,0.0032734095584601164,10000,0,0.0,high,2291,1.0,0.0057659579906612635,-467.5,18,1→20,12,,presentation_confirmation,1,0.01070441659539938,5.0,False,0
selective_alpha_beta,{},{},{},0,{},,{},12,0.026161164976656437,0.002620834158733487,close_scores,12,selective_alpha_beta_d4_b12,300,4,4,4,adaptive_disabled,False,4,0.022803591610863806,0.11401795805431902,16,0,0,0,0.0,null,null,4,0.0782605076674372,1056,23,4.00003045797348e-06,4,1418,0,11363,1.4917226508259773e-05,seed19_close_scores_t27,presentation_fixed,9911,0,0.028855335665866733,0.006814572494477034,9973,0,0.0,medium,23,1.0,6.862496957182884e-05,-1185.0,19,58→16,12,,presentation_confirmation,58,0.022803591610863806,5.0,False,27
selective_alpha_beta,{},{},{},0,{},,{},12,0.003372462233528495,0.0003362910356372595,endgame,8,selective_alpha_beta_d4_b12,32,4,4,4,adaptive_disabled,False,4,0.0036209165584295986,0.018104582792147994,1,0,0,0,0.0,null,null,4,0.013282082276418805,161,8,2.2919848561286926e-06,4,225,0,1448,1.3665994629263878e-05,seed19_endgame_t256,presentation_fixed,1200,0,0.0037079600151628256,0.0010722905863076448,9744,0,0.0,low,8,1.0,2.629193477332592e-05,-999996.0,19,63→1,8,,presentation_confirmation,63,0.0036209165584295986,5.0,False,256
selective_alpha_beta,{},{},{},0,{},,{},12,0.02831968478858471,0.002758351620286703,high_branch,12,selective_alpha_beta_d4_b12,324,4,4,4,adaptive_disabled,False,4,0.024514083191752432,0.12257041595876217,60,0,0,0,0.0,null,null,4,0.08412181469611824,1125,33,4.958128556609154e-06,4,1524,0,12216,1.3582874089479446e-05,seed19_high_branch_t81,presentation_fixed,10642,0,0.031140481354668736,0.007194203790277243,9919,0,0.0,medium,33,1.0,9.537511505186558e-05,-1016.5,19,28→60,12,,presentation_confirmation,28,0.024514083191752432,5.0,False,81
selective_alpha_beta,{},{},{},0,{},,{},12,0.0293121172580868,0.002933206269517541,middle,12,selective_alpha_beta_d4_b12,333,4,4,4,adaptive_disabled,False,4,0.02126282500103116,0.1063141250051558,55,0,0,0,0.0,null,null,4,0.06702230707742274,1072,33,4.583969712257385e-06,4,1494,0,12744,1.3165874406695366e-05,seed19_middle_t130,presentation_fixed,11189,0,0.03231430216692388,0.006865140749141574,9870,0,0.0,medium,33,1.0,9.462516754865646e-05,-1145.0,19,28→55,12,,presentation_confirmation,28,0.02126282500103116,5.0,False,130
selective_alpha_beta,{},{},{},0,{},,{},12,0.01775960111990571,0.0014612108934670687,opening,12,selective_alpha_beta_d4_b12,166,4,4,4,adaptive_disabled,False,4,0.009949441580101848,0.04974720790050924,35,0,0,0,0.0,null,null,4,0.027388950577005744,393,2265,0.00022016721777617931,4,586,0,7276,3.1248899176716805e-05,seed19_opening_t0,presentation_fixed,6686,0,0.013355076545849442,0.0028082227800041437,10000,0,0.0,high,2265,1.0,0.005943541880697012,-607.5,19,0→35,12,,presentation_confirmation,0,0.009949441580101848,5.0,False,0
selective_alpha_beta,{},{},{},0,{},,{},12,0.03329886286519468,0.003285675309598446,close_scores,11,selective_alpha_beta_d5_b12,327,5,5,5,adaptive_disabled,False,5,0.037676283391192555,0.18838141695596278,58,0,0,0,0.0,null,null,5,0.14067699201405048,1602,11,3.917142748832703e-06,5,2098,0,14101,1.754285767674446e-05,seed10_close_scores_t4,presentation_fixed,11940,0,0.03675042022950947,0.010893503669649363,9996,0,0.0,medium,11,1.0,3.904104232788086e-05,529.0,10,16→58,11,,presentation_confirmation,16,0.037676283391192555,5.0,False,4
selective_alpha_beta,{},{},{},0,{},,{},12,0.009402011055499315,0.0009269630536437035,endgame,6,selective_alpha_beta_d5_b12,97,5,5,5,adaptive_disabled,False,5,0.0053981083910912275,0.026990541955456138,42,0,0,0,0.0,null,null,5,0.015449497615918517,78,6,2.583954483270645e-06,5,198,0,3329,9.229197166860104e-05,seed10_endgame_t67,presentation_fixed,3113,0,0.010357546852901578,0.0010637885425239801,9933,0,0.0,low,6,1.0,2.4833017960190773e-05,-999996.0,10,63→42,6,,presentation_confirmation,63,0.0053981083910912275,5.0,False,67
selective_alpha_beta,{},{},{},0,{},,{},12,0.017169721191748977,0.0016281665302813053,high_branch,12,selective_alpha_beta_d5_b12,165,5,5,5,adaptive_disabled,False,5,0.019118550000712276,0.09559275000356138,63,0,0,0,0.0,null,null,5,0.07120231678709388,714,52,6.4999330788850784e-06,5,1019,0,7245,1.3708136975765228e-05,seed10_high_branch_t56,presentation_fixed,6110,0,0.018770605325698853,0.005454202881082892,9944,0,0.0,high,52,1.0,0.00014541693963110447,1366.5,10,1→63,12,,presentation_confirmation,1,0.019118550000712276,5.0,False,56
selective_alpha_beta,{},{},{},0,{},,{},12,0.04653182323090732,0.004421485820785165,middle,12,selective_alpha_beta_d5_b12,503,5,5,5,adaptive_disabled,False,5,0.04527282495982945,0.22636412479914725,58,0,0,0,0.0,null,null,5,0.16284266603179276,1754,24,3.95788811147213e-06,5,2474,0,19959,1.2500910088419914e-05,seed10_middle_t36,presentation_fixed,17300,0,0.05116522265598178,0.01227202732115984,9964,0,0.0,medium,24,1.0,6.77499920129776e-05,409.0,10,58→58,12,,presentation_confirmation,58,0.04527282495982945,5.0,False,36
selective_alpha_beta,{},{},{},0,{},,{},12,0.04465908301062882,0.004049125825986266,opening,12,selective_alpha_beta_d5_b12,405,5,5,5,adaptive_disabled,False,5,0.051831550011411306,0.25915775005705655,20,0,0,0,0.0,null,null,5,0.19532550894655287,2209,2278,0.0002244170755147934,5,2845,0,18848,2.820766530930996e-05,seed10_opening_t0,presentation_fixed,15907,0,0.043157347943633795,0.014615227235481143,10000,0,0.0,high,2278,1.0,0.005807041190564632,529.0,10,0→20,12,,presentation_confirmation,0,0.051831550011411306,5.0,False,0
selective_alpha_beta,{},{},{},0,{},,{},12,0.03497317177243531,0.003300972981378436,close_scores,12,selective_alpha_beta_d5_b12,381,5,5,5,adaptive_disabled,False,5,0.03253029999323189,0.16265149996615946,28,0,0,0,0.0,null,null,5,0.1150757116265595,1239,25,4.37488779425621e-06,5,1807,0,15010,1.4459015801548958e-05,seed11_close_scores_t35,presentation_fixed,13031,0,0.038417661329731345,0.009065502090379596,9965,0,0.0,medium,25,1.0,7.37910158932209e-05,409.0,11,30→28,12,,presentation_confirmation,30,0.03253029999323189,5.0,False,35
selective_alpha_beta,{},{},{},0,{},,{},12,0.009333308786153793,0.00093032605946064,endgame,3,selective_alpha_beta_d5_b12,126,5,5,5,adaptive_disabled,False,5,0.004202283406630159,0.021011417033150792,60,0,0,0,0.0,null,null,5,0.009481829591095448,113,3,3.5408884286880493e-06,5,256,0,3975,9.025097824633121e-05,seed11_endgame_t328,presentation_fixed,3707,0,0.01030202698893845,0.0011133935768157244,9672,0,0.0,low,3,1.0,2.037500962615013e-05,-999996.0,11,20→60,3,,presentation_confirmation,20,0.004202283406630159,5.0,False,328
selective_alpha_beta,{},{},{},0,{},,{},12,0.02019794168882072,0.001998751889914274,high_branch,12,selective_alpha_beta_d5_b12,204,5,5,5,adaptive_disabled,False,5,0.02617048337124288,0.1308524168562144,20,0,0,0,0.0,null,null,5,0.10069829341955483,1190,50,6.457790732383728e-06,5,1576,0,8540,1.633400097489357e-05,seed11_high_branch_t242,presentation_fixed,6834,0,0.022207645000889897,0.0077806864865124226,9758,0,0.0,high,50,1.0,0.0001430001575499773,1224.0,11,7→20,12,,presentation_confirmation,7,0.02617048337124288,5.0,False,242
selective_alpha_beta,{},{},{},0,{},,{},12,0.05023476365022361,0.005023653618991375,middle,12,selective_alpha_beta_d5_b12,571,5,5,5,adaptive_disabled,False,5,0.05148167498409748,0.2574083749204874,55,0,0,0,0.0,null,null,5,0.18735359306447208,2201,35,5.332985892891884e-06,5,3020,0,21374,1.4417804777622223e-05,seed11_middle_t166,presentation_fixed,18170,0,0.05550065799616277,0.014436956960707903,9834,0,0.0,high,35,1.0,9.74161084741354e-05,1316.5,11,62→55,12,,presentation_confirmation,62,0.05148167498409748,5.0,False,166
selective_alpha_beta,{},{},{},0,{},,{},12,0.0339180501177907,0.0029589792247861624,opening,12,selective_alpha_beta_d5_b12,282,5,5,5,adaptive_disabled,False,5,0.04454489159397781,0.22272445796988904,20,0,0,0,0.0,null,null,5,0.17229726794175804,2085,2254,0.00020829192362725735,5,2590,0,14346,2.808310091495514e-05,seed11_opening_t0,presentation_fixed,11616,0,0.03132996242493391,0.013111727545037866,10000,0,0.0,high,2254,1.0,0.00574912503361702,793.0,11,20→20,12,,presentation_confirmation,20,0.04454489159397781,5.0,False,0
selective_alpha_beta,{},{},{},0,{},,{},12,0.030782621819525957,0.0029007827397435904,close_scores,12,selective_alpha_beta_d5_b12,280,5,5,5,adaptive_disabled,False,5,0.03816264178603888,0.19081320893019438,20,0,0,0,0.0,null,null,5,0.14581353985704482,1626,29,4.458008334040642e-06,5,2070,0,13220,1.4542834833264351e-05,seed12_close_scores_t8,presentation_fixed,11054,0,0.03377513261511922,0.011122577590867877,9992,0,0.0,medium,29,1.0,8.295802399516106e-05,1412.0,12,59→20,12,,presentation_confirmation,59,0.03816264178603888,5.0,False,8
selective_alpha_beta,{},{},{},0,{},,{},12,0.006619378225877881,0.0006614574231207371,endgame,3,selective_alpha_beta_d5_b12,81,5,5,5,adaptive_disabled,False,5,0.0030029584188014267,0.015014792094007134,44,0,0,0,0.0,null,null,5,0.006854037521407008,68,3,2.2908207029104233e-06,5,166,0,2851,0.00010116724297404289,seed12_endgame_t149,presentation_fixed,2673,0,0.0073048199992626905,0.0007372265681624413,9851,0,0.0,low,3,1.0,1.5249941498041153e-05,-999996.0,12,63→44,3,,presentation_confirmation,63,0.0030029584188014267,5.0,False,149
selective_alpha_beta,{},{},{},0,{},,{},12,0.034034174866974354,0.0032244364265352488,high_branch,12,selective_alpha_beta_d5_b12,325,5,5,5,adaptive_disabled,False,5,0.0382254583761096,0.191127291880548,63,0,0,0,0.0,null,null,5,0.1430437306407839,1524,43,5.499925464391708e-06,5,2031,0,14608,1.2916047126054764e-05,seed12_high_branch_t31,presentation_fixed,12434,0,0.037337582325562835,0.010610396042466164,9969,0,0.0,high,43,1.0,0.0001171668991446495,1093.5,12,31→63,12,,presentation_confirmation,31,0.0382254583761096,5.0,False,31
selective_alpha_beta,{},{},{},0,{},,{},12,0.025228027487173676,0.0024330865126103163,middle,12,selective_alpha_beta_d5_b12,238,5,5,5,adaptive_disabled,False,5,0.028348525008186697,0.1417426250409335,16,0,0,0,0.0,null,null,5,0.10616128984838724,1075,27,4.041939973831177e-06,5,1453,0,10645,1.5042023733258247e-05,seed12_middle_t77,presentation_fixed,9080,0,0.027736390009522438,0.00774811115115881,9923,0,0.0,medium,27,1.0,7.77500681579113e-05,1093.5,12,14→16,12,,presentation_confirmation,14,0.028348525008186697,5.0,False,77
selective_alpha_beta,{},{},{},0,{},,{},12,0.08916511363349855,0.008609192445874214,opening,12,selective_alpha_beta_d5_b12,885,5,5,5,adaptive_disabled,False,5,0.10280451681464911,0.5140225840732455,20,0,0,0,0.0,null,null,5,0.3839100154582411,4597,2272,0.00021929200738668442,5,5896,0,37405,3.100093454122543e-05,seed12_opening_t0,presentation_fixed,31369,0,0.09231856814585626,0.03155591641552746,10000,0,0.0,high,2272,1.0,0.005987791111692786,588.5,12,0→20,12,,presentation_confirmation,0,0.10280451681464911,5.0,False,0
selective_alpha_beta,{},{},{},0,{},,{},12,0.02475024526938796,0.0023534728679805994,close_scores,12,selective_alpha_beta_d5_b12,225,5,5,5,adaptive_disabled,False,5,0.03206190001219511,0.16030950006097555,20,0,0,0,0.0,null,null,5,0.12406520871445537,1368,17,3.7080608308315277e-06,5,1759,0,10576,1.333397813141346e-05,seed13_close_scores_t4,presentation_fixed,8730,0,0.027195142582058907,0.008977106772363186,9996,0,0.0,medium,17,1.0,5.4999953135848045e-05,489.5,13,52→20,12,,presentation_confirmation,52,0.03206190001219511,5.0,False,4
selective_alpha_beta,{},{},{},0,{},,{},12,0.004554550163447857,0.00044441502541303635,endgame,3,selective_alpha_beta_d5_b12,59,5,5,5,adaptive_disabled,False,5,0.0018965833820402621,0.009482916910201311,18,0,0,0,0.0,null,null,5,0.0038523338735103607,46,3,1.8749851733446121e-06,5,122,0,1944,9.62910708039999e-05,seed13_endgame_t71,presentation_fixed,1808,0,0.0050162451807409525,0.0005035048816353083,9929,0,0.0,low,3,1.0,1.2666918337345123e-05,-999996.0,13,63→18,3,,presentation_confirmation,63,0.0018965833820402621,5.0,False,71
selective_alpha_beta,{},{},{},0,{},,{},12,0.023389453999698162,0.0022452787961810827,high_branch,12,selective_alpha_beta_d5_b12,230,5,5,5,adaptive_disabled,False,5,0.025765400007367135,0.12882700003683567,63,0,0,0,0.0,null,null,5,0.09666657564230263,833,49,6.1248429119586945e-06,5,1225,0,10009,1.320824958384037e-05,seed13_high_branch_t60,presentation_fixed,8645,0,0.025659372797235847,0.006350343581289053,9940,0,0.0,high,49,1.0,0.0001313749235123396,1187.5,13,1→63,12,,presentation_confirmation,1,0.025765400007367135,5.0,False,60
selective_alpha_beta,{},{},{},0,{},,{},12,0.01926218788139522,0.0018269552383571863,middle,12,selective_alpha_beta_d5_b12,183,5,5,5,adaptive_disabled,False,5,0.025038350000977518,0.12519175000488758,20,0,0,0,0.0,null,null,5,0.09739814302884042,877,45,5.624955520033836e-06,5,1198,0,8317,1.2875068932771683e-05,seed13_middle_t38,presentation_fixed,6994,0,0.021092642098665237,0.0065621729008853436,9962,0,0.0,high,45,1.0,0.00012029195204377174,409.5,13,2→20,12,,presentation_confirmation,2,0.025038350000977518,5.0,False,38
selective_alpha_beta,{},{},{},0,{},,{},12,0.04829230555333197,0.004467101534828544,opening,12,selective_alpha_beta_d5_b12,434,5,5,5,adaptive_disabled,False,5,0.06748020001687109,0.3374010000843555,20,0,0,0,0.0,null,null,5,0.26392519497312605,3017,2267,0.00021258299238979816,5,3755,0,19998,2.708309330046177e-05,seed13_opening_t0,presentation_fixed,16154,0,0.0472644108813256,0.02017068606801331,10000,0,0.0,high,2267,1.0,0.005801042076200247,519.5,13,0→20,12,,presentation_confirmation,0,0.06748020001687109,5.0,False,0
selective_alpha_beta,{},{},{},0,{},,{},12,0.03544721542857587,0.00347136240452528,close_scores,7,selective_alpha_beta_d5_b12,381,5,5,5,adaptive_disabled,False,5,0.03145899157971144,0.1572949578985572,28,0,0,0,0.0,null,null,5,0.10983312944881618,1147,7,3.541819751262665e-06,5,1652,0,15042,2.566608600318432e-05,seed14_close_scores_t7,presentation_fixed,13316,0,0.03908919752575457,0.008312840014696121,9993,0,0.0,low,7,1.0,3.058300353586674e-05,468.5,14,20→28,7,,presentation_confirmation,20,0.03145899157971144,5.0,False,7
selective_alpha_beta,{},{},{},0,{},,{},12,0.015734389889985323,0.00149798602797091,endgame,9,selective_alpha_beta_d5_b12,182,5,5,5,adaptive_disabled,False,5,0.004608758399263025,0.02304379199631512,62,0,0,0,0.0,null,null,5,0.004137796116992831,144,9,2.333894371986389e-06,5,366,0,6767,1.3041077181696892e-05,seed14_endgame_t63,presentation_fixed,6364,0,0.017287313006818295,0.0015748499426990747,9937,0,0.0,low,9,1.0,2.845795825123787e-05,-999996.0,14,63→62,9,,presentation_confirmation,63,0.004608758399263025,5.0,False,63
selective_alpha_beta,{},{},{},0,{},,{},12,0.01622202666476369,0.0014813952147960663,high_branch,12,selective_alpha_beta_d5_b12,154,5,5,5,adaptive_disabled,False,5,0.022023341618478298,0.11011670809239149,20,0,0,0,0.0,null,null,5,0.08605455257929862,838,41,5.58304600417614e-06,5,1140,0,6854,1.3791956007480621e-05,seed14_high_branch_t50,presentation_fixed,5580,0,0.017702721524983644,0.006224768003448844,9950,0,0.0,high,41,1.0,0.00011529098264873028,1326.0,14,27→20,12,,presentation_confirmation,27,0.022023341618478298,5.0,False,50
selective_alpha_beta,{},{},{},0,{},,{},12,0.04255909495986998,0.0040573913138359785,middle,12,selective_alpha_beta_d5_b12,445,5,5,5,adaptive_disabled,False,5,0.04674652498215437,0.23373262491077185,28,0,0,0,0.0,null,null,5,0.17443424556404352,1734,26,4.042172804474831e-06,5,2395,0,18055,1.2915581464767456e-05,seed14_middle_t34,presentation_fixed,15505,0,0.04680621228180826,0.0123992501758039,9966,0,0.0,medium,26,1.0,7.595913484692574e-05,468.5,14,36→28,12,,presentation_confirmation,36,0.04674652498215437,5.0,False,34
selective_alpha_beta,{},{},{},0,{},,{},12,0.04355350346304476,0.0039375098422169685,opening,12,selective_alpha_beta_d5_b12,388,5,5,5,adaptive_disabled,False,5,0.04693975001573562,0.23469875007867813,20,0,0,0,0.0,null,null,5,0.17280319007113576,2074,2259,0.00021420791745185852,5,2649,0,18017,2.850010059773922e-05,seed14_opening_t0,presentation_fixed,15284,0,0.04196364991366863,0.013916952069848776,10000,0,0.0,high,2259,1.0,0.005772250005975366,849.5,14,20→20,12,,presentation_confirmation,20,0.04693975001573562,5.0,False,0
selective_alpha_beta,{},{},{},0,{},,{},12,0.0428500035777688,0.004082605708390474,close_scores,12,selective_alpha_beta_d5_b12,428,5,5,5,adaptive_disabled,False,5,0.05332624157890677,0.2666312078945339,63,0,0,0,0.0,null,null,5,0.2028942503966391,2445,30,5.208887159824371e-06,5,3132,0,18361,1.5958212316036224e-05,seed15_close_scores_t6,presentation_fixed,15027,0,0.047121659852564335,0.01650213054381311,9994,0,0.0,medium,30,1.0,9.200000204145908e-05,709.0,15,55→63,12,,presentation_confirmation,55,0.05332624157890677,5.0,False,6
selective_alpha_beta,{},{},{},0,{},,{},12,0.005912383319810033,0.0006055391859263182,endgame,3,selective_alpha_beta_d5_b12,79,5,5,5,adaptive_disabled,False,5,0.0022869417909532784,0.011434708954766393,0,0,0,0,0.0,null,null,5,0.0041041693184524775,66,3,2.0829029381275177e-06,5,162,0,2556,0.0001146271824836731,seed15_endgame_t106,presentation_fixed,2382,0,0.00654136692173779,0.0006581717170774937,9894,0,0.0,low,3,1.0,1.4290912076830864e-05,-999996.0,15,63→0,3,,presentation_confirmation,63,0.0022869417909532784,5.0,False,106
selective_alpha_beta,{},{},{},0,{},,{},12,0.027832294581457973,0.0026562800630927086,high_branch,12,selective_alpha_beta_d5_b12,259,5,5,5,adaptive_disabled,False,5,0.035288216825574634,0.17644108412787318,63,0,0,0,0.0,null,null,5,0.1351864761672914,1445,52,6.458023563027382e-06,5,1902,0,11819,1.4918157830834389e-05,seed15_high_branch_t39,presentation_fixed,9756,0,0.030541760846972466,0.010553387925028801,9961,0,0.0,high,52,1.0,0.00013808300718665123,948.0,15,1→63,12,,presentation_confirmation,1,0.035288216825574634,5.0,False,39
selective_alpha_beta,{},{},{},0,{},,{},12,0.056865236489102244,0.005548131885007024,middle,12,selective_alpha_beta_d5_b12,543,5,5,5,adaptive_disabled,False,5,0.06676965840160846,0.33384829200804234,58,0,0,0,0.0,null,null,5,0.2506397271063179,3040,25,4.541827365756035e-06,5,3951,0,24183,1.3791956007480621e-05,seed15_middle_t55,presentation_fixed,20009,0,0.06271064653992653,0.02040487644262612,9945,0,0.0,medium,25,1.0,7.47081357985735e-05,858.0,15,58→58,12,,presentation_confirmation,58,0.06676965840160846,5.0,False,55
selective_alpha_beta,{},{},{},0,{},,{},12,0.07360478793270886,0.0065555148757994175,opening,12,selective_alpha_beta_d5_b12,739,5,5,5,adaptive_disabled,False,5,0.09325265837833285,0.46626329189166427,63,0,0,0,0.0,null,null,5,0.35600983910262585,4696,2251,0.00021679187193512917,5,5809,0,30800,3.179116174578667e-05,seed15_opening_t0,presentation_fixed,24713,0,0.07473618420772254,0.029381726635619998,10000,0,0.0,high,2251,1.0,0.005886958912014961,864.5,15,63→63,12,,presentation_confirmation,63,0.09325265837833285,5.0,False,0
selective_alpha_beta,{},{},{},0,{},,{},12,0.024056108435615897,0.0024743308313190937,close_scores,12,selective_alpha_beta_d5_b12,241,5,5,5,adaptive_disabled,False,5,0.03556674998253584,0.1778337499126792,20,0,0,0,0.0,null,null,5,0.140403923811391,1597,21,4.915986210107803e-06,5,2028,0,10061,1.679197885096073e-05,seed16_close_scores_t21,presentation_fixed,7953,0,0.026641020318493247,0.01069880579598248,9979,0,0.0,medium,21,1.0,6.829202175140381e-05,669.0,16,46→20,12,,presentation_confirmation,46,0.03556674998253584,5.0,False,21
selective_alpha_beta,{},{},{},0,{},,{},12,0.009134049993008375,0.0009259546641260386,endgame,8,selective_alpha_beta_d5_b12,115,5,5,5,adaptive_disabled,False,5,0.002604733407497406,0.01302366703748703,2,0,0,0,0.0,null,null,5,0.0018875368405133486,82,8,3.7499703466892242e-06,5,235,0,3919,2.2582942619919777e-05,seed16_endgame_t397,presentation_fixed,3649,0,0.01008635782636702,0.000987647334113717,9603,0,0.0,low,8,1.0,3.579212352633476e-05,-999996.0,16,63→2,8,,presentation_confirmation,63,0.002604733407497406,5.0,False,397
selective_alpha_beta,{},{},{},0,{},,{},12,0.05769729311577976,0.005577787756919861,high_branch,12,selective_alpha_beta_d5_b12,656,5,5,5,adaptive_disabled,False,5,0.04896794157102704,0.2448397078551352,28,0,0,0,0.0,null,null,5,0.1650388150010258,2420,40,5.499925464391708e-06,5,3395,0,24882,1.295795664191246e-05,seed16_high_branch_t355,presentation_fixed,21228,0,0.06353729870170355,0.016134136356413364,9645,0,0.0,high,40,1.0,0.00011099991388618946,1345.5,16,31→28,12,,presentation_confirmation,31,0.04896794157102704,5.0,False,355
selective_alpha_beta,{},{},{},0,{},,{},12,0.035105344373732805,0.0035808859393000603,middle,12,selective_alpha_beta_d5_b12,390,5,5,5,adaptive_disabled,False,5,0.03290788321755826,0.16453941608779132,16,0,0,0,0.0,null,null,5,0.11490515293553472,1672,38,4.9578957259655e-06,5,2247,0,15258,1.3166340067982674e-05,seed16_middle_t201,presentation_fixed,12950,0,0.03880267986096442,0.01070737512782216,9799,0,0.0,high,38,1.0,0.00010608392767608166,1396.5,16,23→16,12,,presentation_confirmation,23,0.03290788321755826,5.0,False,201
selective_alpha_beta,{},{},{},0,{},,{},12,0.10830002604052424,0.010770513443276286,opening,12,selective_alpha_beta_d5_b12,1210,5,5,5,adaptive_disabled,False,5,0.1647632250096649,0.8238161250483245,20,0,0,0,0.0,null,null,5,0.6527977546211332,8691,2263,0.00020883395336568356,5,10457,0,45375,2.7165981009602547e-05,seed16_opening_t0,presentation_fixed,34849,0,0.11407407186925411,0.05096663162112236,10000,0,0.0,high,2263,1.0,0.005741667002439499,568.0,16,20→20,12,,presentation_confirmation,20,0.1647632250096649,5.0,False,0
selective_alpha_beta,{},{},{},0,{},,{},12,0.02061347267590463,0.0019462374038994312,close_scores,9,selective_alpha_beta_d5_b12,208,5,5,5,adaptive_disabled,False,5,0.015188358398154378,0.07594179199077189,55,0,0,0,0.0,null,null,5,0.048764752922579646,512,9,2.749962732195854e-06,5,800,0,8785,2.3998785763978958e-05,seed17_close_scores_t3,presentation_fixed,7914,0,0.022645040415227413,0.0044739157892763615,9997,0,0.0,low,9,1.0,3.133411519229412e-05,267.0,17,20→55,9,,presentation_confirmation,20,0.015188358398154378,5.0,False,3
selective_alpha_beta,{},{},{},0,{},,{},12,0.00776268495246768,0.0007568693254143,endgame,3,selective_alpha_beta_d5_b12,92,5,5,5,adaptive_disabled,False,5,0.0030679500196129084,0.015339750098064542,7,0,0,0,0.0,null,null,5,0.005820209160447121,79,3,1.8749851733446121e-06,5,188,0,3346,0.00011383299715816975,seed17_endgame_t60,presentation_fixed,3145,0,0.00855002785101533,0.0008403880055993795,9940,0,0.0,low,3,1.0,1.3417098671197891e-05,-999996.0,17,20→7,3,,presentation_confirmation,20,0.0030679500196129084,5.0,False,60
selective_alpha_beta,{},{},{},0,{},,{},12,0.023681653197854757,0.0022100936621427536,high_branch,12,selective_alpha_beta_d5_b12,211,5,5,5,adaptive_disabled,False,5,0.029614424984902143,0.14807212492451072,20,0,0,0,0.0,null,null,5,0.11323913792148232,1214,52,6.457790732383728e-06,5,1593,0,9981,1.5916069969534874e-05,seed17_high_branch_t47,presentation_fixed,8248,0,0.025909083196893334,0.008759988006204367,9953,0,0.0,high,52,1.0,0.00014154193922877312,1993.5,17,7→20,12,,presentation_confirmation,7,0.029614424984902143,5.0,False,47
selective_alpha_beta,{},{},{},0,{},,{},12,0.06519762729294598,0.006375598255544901,middle,12,selective_alpha_beta_d5_b12,673,5,5,5,adaptive_disabled,False,5,0.061306749982759354,0.3065337499137968,28,0,0,0,0.0,null,null,5,0.21680625551380217,2356,31,6.082933396100998e-06,5,3307,0,28173,1.787487417459488e-05,seed17_middle_t32,presentation_fixed,24700,0,0.07185114081948996,0.01774735376238823,9968,0,0.0,medium,31,1.0,0.00010504201054573059,558.0,17,28→28,12,,presentation_confirmation,28,0.061306749982759354,5.0,False,32
selective_alpha_beta,{},{},{},0,{},,{},12,0.04797212406992912,0.004288419848307967,opening,12,selective_alpha_beta_d5_b12,401,5,5,5,adaptive_disabled,False,5,0.06146825840696692,0.3073412920348346,20,0,0,0,0.0,null,null,5,0.23699685675092041,2667,2267,0.00020762509666383266,5,3331,0,20298,2.7124769985675812e-05,seed17_opening_t0,presentation_fixed,16871,0,0.04671258758753538,0.01757863978855312,10000,0,0.0,high,2267,1.0,0.0058184580411762,1462.538,17,20→20,12,,presentation_confirmation,20,0.06146825840696692,5.0,False,0
selective_alpha_beta,{},{},{},0,{},,{},12,0.033838752657175064,0.003367111785337329,close_scores,12,selective_alpha_beta_d5_b12,366,5,5,5,adaptive_disabled,False,5,0.034133191639557484,0.1706659581977874,55,0,0,0,0.0,null,null,5,0.12394283059984446,1314,14,2.9171351343393326e-06,5,1838,0,14216,1.474912278354168e-05,seed18_close_scores_t19,presentation_fixed,12275,0,0.03738308302126825,0.009279753314331174,9981,0,0.0,medium,14,1.0,4.2625004425644875e-05,1298.0,18,16→55,12,,presentation_confirmation,16,0.034133191639557484,5.0,False,19
selective_alpha_beta,{},{},{},0,{},,{},12,0.015049140201881528,0.0014923722483217716,endgame,6,selective_alpha_beta_d5_b12,187,5,5,5,adaptive_disabled,False,5,0.0044623916037380695,0.022311958018690348,31,0,0,0,0.0,null,null,5,0.004007547628134489,152,6,2.375105395913124e-06,5,373,0,6334,2.483278512954712e-05,seed18_endgame_t90,presentation_fixed,5931,0,0.016607018187642097,0.0016474341973662376,9910,0,0.0,low,6,1.0,2.2750115022063255e-05,-999996.0,18,63→31,6,,presentation_confirmation,63,0.0044623916037380695,5.0,False,90
selective_alpha_beta,{},{},{},0,{},,{},12,0.027283113216981292,0.002737040864303708,high_branch,12,selective_alpha_beta_d5_b12,284,5,5,5,adaptive_disabled,False,5,0.03382115843705833,0.16910579218529165,20,0,0,0,0.0,null,null,5,0.1293629426509142,1410,46,6.917165592312813e-06,5,1879,0,11543,1.616682857275009e-05,seed18_high_branch_t14,presentation_fixed,9547,0,0.03008333803154528,0.009502136381343007,9986,0,0.0,high,46,1.0,0.0001342911273241043,933.0,18,2→20,12,,presentation_confirmation,2,0.03382115843705833,5.0,False,14
selective_alpha_beta,{},{},{},0,{},,{},12,0.06658639991655946,0.0068511962890625,middle,12,selective_alpha_beta_d5_b12,694,5,5,5,adaptive_disabled,False,5,0.06260488340631128,0.31302441703155637,28,0,0,0,0.0,null,null,5,0.22310862340964377,2082,25,5.833106115460396e-06,5,3091,0,27983,1.6416888684034348e-05,seed18_middle_t47,presentation_fixed,24681,0,0.07378814881667495,0.016022436786442995,9953,0,0.0,medium,25,1.0,8.295802399516106e-05,1847.5,18,58→28,12,,presentation_confirmation,58,0.06260488340631128,5.0,False,47
selective_alpha_beta,{},{},{},0,{},,{},12,0.027743245474994183,0.0024420274421572685,opening,12,selective_alpha_beta_d5_b12,238,5,5,5,adaptive_disabled,False,5,0.038344283355399966,0.19172141677699983,20,0,0,0,0.0,null,null,5,0.1499125373084098,1811,2291,0.00022358400747179985,5,2247,0,11602,2.6540830731391907e-05,seed18_opening_t0,presentation_fixed,9229,0,0.024519956205040216,0.01120088156312704,10000,0,0.0,high,2291,1.0,0.005837916862219572,904.5,18,1→20,12,,presentation_confirmation,1,0.038344283355399966,5.0,False,0
selective_alpha_beta,{},{},{},0,{},,{},12,0.09168898151256144,0.009033702779561281,close_scores,12,selective_alpha_beta_d5_b12,943,5,5,5,adaptive_disabled,False,5,0.10257955002598465,0.5128977501299232,58,0,0,0,0.0,null,null,5,0.3815473201684654,4445,23,4.00003045797348e-06,5,5808,0,39219,1.362524926662445e-05,seed19_close_scores_t27,presentation_fixed,33146,0,0.10121241747401655,0.030051720328629017,9973,0,0.0,medium,23,1.0,6.866687908768654e-05,1185.0,19,58→58,12,,presentation_confirmation,58,0.10257955002598465,5.0,False,27
selective_alpha_beta,{},{},{},0,{},,{},12,0.01454555313102901,0.0014531314373016357,endgame,8,selective_alpha_beta_d5_b12,187,5,5,5,adaptive_disabled,False,5,0.004236449999734759,0.021182249998673797,1,0,0,0,0.0,null,null,5,0.0034555443562567234,150,8,2.7909409254789352e-06,5,375,0,6307,2.2625084966421127e-05,seed19_endgame_t256,presentation_fixed,5898,0,0.016057953936979175,0.001615501707419753,9744,0,0.0,low,8,1.0,2.78339721262455e-05,-999996.0,19,63→1,8,,presentation_confirmation,63,0.004236449999734759,5.0,False,256
selective_alpha_beta,{},{},{},0,{},,{},12,0.07879036129452288,0.007590659661218524,high_branch,12,selective_alpha_beta_d5_b12,841,5,5,5,adaptive_disabled,False,5,0.08830933324061334,0.4415466662030667,61,0,0,0,0.0,null,null,5,0.32874195324257016,3890,33,5.292007699608803e-06,5,5079,0,33453,1.3916054740548134e-05,seed19_high_branch_t81,presentation_fixed,28127,0,0.08678356348536909,0.02590969135053456,9919,0,0.0,medium,33,1.0,9.225006215274334e-05,1295.0,19,28→61,12,,presentation_confirmation,28,0.08830933324061334,5.0,False,81
selective_alpha_beta,{},{},{},0,{},,{},12,0.048095428850501776,0.0047035126481205225,middle,12,selective_alpha_beta_d5_b12,494,5,5,5,adaptive_disabled,False,5,0.04359260001219809,0.21796300006099045,8,0,0,0,0.0,null,null,5,0.15132667124271393,1969,33,4.666857421398163e-06,5,2746,0,21066,1.3958197087049484e-05,seed19_middle_t130,presentation_fixed,18108,0,0.05300316656939685,0.013519871281459928,9870,0,0.0,medium,33,1.0,9.466591291129589e-05,1542.0,19,28→8,12,,presentation_confirmation,28,0.04359260001219809,5.0,False,130
selective_alpha_beta,{},{},{},0,{},,{},12,0.047006310196593404,0.00437382934615016,opening,12,selective_alpha_beta_d5_b12,422,5,5,5,adaptive_disabled,False,5,0.059037683391943575,0.29518841695971787,20,0,0,0,0.0,null,null,5,0.22630238439887762,2620,2265,0.00021966616623103619,5,3299,0,19770,2.8708716854453087e-05,seed19_opening_t0,presentation_fixed,16375,0,0.04575172835029662,0.01698326226323843,10000,0,0.0,high,2265,1.0,0.005902667064219713,804.5,19,0→20,12,,presentation_confirmation,0,0.059037683391943575,5.0,False,0
