commit_id,dict_size,dictionary_file_sha256,dictionary_hash,dictionary_seed,experiment_config_hash,first_agent,first_avg_time_sec,first_beam_pruned_move_count,first_candidate_evaluations,first_config_id,first_cutoff_count,first_depth_change_count,first_graph_ordering_calls,first_graph_ordering_changed_first_count,first_graph_ordering_evaluations,first_graph_ordering_time_sec,first_leaf_evaluations,first_max_time_sec,first_mean_effective_depth,first_median_time_sec,first_nodes_searched,first_null_window_search_count,first_p95_time_sec,first_research_count,first_timeout_count,first_total_time_sec,hybrid_config_id,invalid_move_count,loss_reason,match_elapsed_time_sec,match_id,match_seed,max_match_time_sec,max_moves,repetition,runtime,second_agent,second_avg_time_sec,second_beam_pruned_move_count,second_candidate_evaluations,second_config_id,second_cutoff_count,second_depth_change_count,second_graph_ordering_calls,second_graph_ordering_changed_first_count,second_graph_ordering_evaluations,second_graph_ordering_time_sec,second_leaf_evaluations,second_max_time_sec,second_mean_effective_depth,second_median_time_sec,second_nodes_searched,second_null_window_search_count,second_p95_time_sec,second_research_count,second_timeout_count,second_total_time_sec,source_fingerprint,turn_count,used_word_count,winner
c3025850fe74072e338c0dc84f044ce8036e4bee,10000,13f83c2052bc052005e588fe7b9704a1eecbafee8dcd63e189b275acd3cb0946,74273ec92dd5b9b50e5d125bf7fc94fc234d4603966a511f8ecb7898b44b9b29,0,0dfbacfcb5f87efe04db0bacd0cc8549169857e1283230885a79be52c1751607,beam_alpha_beta,0.12590670655481517,2260642.0,2468764.0,beam_alpha_beta_baseline,54577.0,1,0.0,0.0,0.0,0.0,50012.0,0.35880712512880564,7.983050847457627,0.1274025,149132.0,0.0,0.203065,0.0,0,14.85699137346819,beam_alpha_beta_baseline,0,ended_with_n,62.12152820895426,D10000_seed0_beam_alpha_beta_baseline_vs_alpha_beta_reference,0,300.0,1000,0,/Users/onumagakuto/Documents/最強しりとり/shiritori_ai/data/dictionaries/D10000_L2-12_seed0.runtime.json,alpha_beta,0.4038971000864433,0.0,4268968.0,alpha_beta_reference,106170.0,36,0.0,0.0,0.0,0.0,276998.0,1.000037250109017,6.076923076923077,0.36888,432728.0,0.0,0.958895,0.0,5,47.25596071011387,b51e30affded14d91de859b1d766d017e925d24e469bfa5bd71e5f31a80e54cd,235,235,second
c3025850fe74072e338c0dc84f044ce8036e4bee,10000,13f83c2052bc052005e588fe7b9704a1eecbafee8dcd63e189b275acd3cb0946,74273ec92dd5b9b50e5d125bf7fc94fc234d4603966a511f8ecb7898b44b9b29,0,0dfbacfcb5f87efe04db0bacd0cc8549169857e1283230885a79be52c1751607,alpha_beta,0.31671133150002395,0.0,1584967.0,alpha_beta_reference,39742.0,18,0.0,0.0,0.0,0.0,108143.0,0.7951908749528229,5.8478260869565215,0.2261805,162973.0,0.0,0.764784,0.0,0,14.5687212490011,beam_alpha_beta_baseline,0,ended_with_n,18.448293542023748,D10000_seed0_alpha_beta_reference_vs_beam_alpha_beta_baseline,0,300.0,1000,0,/Users/onumagakuto/Documents/最強しりとり/shiritori_ai/data/dictionaries/D10000_L2-12_seed0.runtime.json,beam_alpha_beta,0.08614655724312696,675584.0,751740.0,beam_alpha_beta_baseline,19733.0,1,0.0,0.0,0.0,0.0,20770.0,0.23305220785550773,7.955555555555556,0.077027,57448.0,0.0,0.168586,0.0,0,3.8765950759407133,b51e30affded14d91de859b1d766d017e925d24e469bfa5bd71e5f31a80e54cd,91,91,second
c3025850fe74072e338c0dc84f044ce8036e4bee,10000,13f83c2052bc052005e588fe7b9704a1eecbafee8dcd63e189b275acd3cb0946,74273ec92dd5b9b50e5d125bf7fc94fc234d4603966a511f8ecb7898b44b9b29,0,0dfbacfcb5f87efe04db0bacd0cc8549169857e1283230885a79be52c1751607,beam_alpha_beta,0.12660011196109866,658851.0,737408.0,beam_alpha_beta_deep,19374.0,1,0.0,0.0,0.0,0.0,24049.0,0.2528335419483483,8.942857142857143,0.141481,62208.0,0.0,0.247811,0.0,0,4.431003918638453,beam_alpha_beta_deep,0,ended_with_n,15.743103916058317,D10000_seed0_beam_alpha_beta_deep_vs_alpha_beta_reference,0,300.0,1000,0,/Users/onumagakuto/Documents/最強しりとり/shiritori_ai/data/dictionaries/D10000_L2-12_seed0.runtime.json,alpha_beta,0.3326305980616085,0.0,901307.0,alpha_beta_reference,23304.0,12,0.0,0.0,0.0,0.0,95498.0,1.0000347499735653,5.9411764705882355,0.2523605,129870.0,0.0,1.000021,0.0,2,11.309440334094688,b51e30affded14d91de859b1d766d017e925d24e469bfa5bd71e5f31a80e54cd,69,69,second
c3025850fe74072e338c0dc84f044ce8036e4bee,10000,13f83c2052bc052005e588fe7b9704a1eecbafee8dcd63e189b275acd3cb0946,74273ec92dd5b9b50e5d125bf7fc94fc234d4603966a511f8ecb7898b44b9b29,0,0dfbacfcb5f87efe04db0bacd0cc8549169857e1283230885a79be52c1751607,alpha_beta,0.360776187901042,0.0,2257815.0,alpha_beta_reference,57138.0,22,0.0,0.0,0.0,0.0,153379.0,1.0000342088751495,6.280701754385965,0.255233,238064.0,0.0,0.946441,0.0,2,20.564242710359395,beam_alpha_beta_deep,0,ended_with_n,27.136311332928017,D10000_seed0_alpha_beta_reference_vs_beam_alpha_beta_deep,0,300.0,1000,0,/Users/onumagakuto/Documents/最強しりとり/shiritori_ai/data/dictionaries/D10000_L2-12_seed0.runtime.json,beam_alpha_beta,0.11518158920092933,1200010.0,1331586.0,beam_alpha_beta_deep,32745.0,1,0.0,0.0,0.0,0.0,32961.0,0.2750175839755684,8.964912280701755,0.119215,98627.0,0.0,0.222788,0.0,0,6.565350584452972,b51e30affded14d91de859b1d766d017e925d24e469bfa5bd71e5f31a80e54cd,114,114,first
c3025850fe74072e338c0dc84f044ce8036e4bee,10000,13f83c2052bc052005e588fe7b9704a1eecbafee8dcd63e189b275acd3cb0946,74273ec92dd5b9b50e5d125bf7fc94fc234d4603966a511f8ecb7898b44b9b29,0,0dfbacfcb5f87efe04db0bacd0cc8549169857e1283230885a79be52c1751607,beam_alpha_beta,0.16225082652841802,1430730.0,1575396.0,beam_alpha_beta_wide,38129.0,1,0.0,0.0,0.0,0.0,34961.0,0.3050090419128537,7.967213114754099,0.159218,103140.0,0.0,0.286248,0.0,0,9.897300418233499,beam_alpha_beta_wide,0,ended_with_n,31.254594707861543,D10000_seed0_beam_alpha_beta_wide_vs_alpha_beta_reference,0,300.0,1000,0,/Users/onumagakuto/Documents/最強しりとり/shiritori_ai/data/dictionaries/D10000_L2-12_seed0.runtime.json,alpha_beta,0.35005364407495154,0.0,2129998.0,alpha_beta_reference,54045.0,20,0.0,0.0,0.0,0.0,154624.0,0.9125119999516755,5.901639344262295,0.344725,229807.0,0.0,0.623113,0.0,0,21.353272288572043,b51e30affded14d91de859b1d766d017e925d24e469bfa5bd71e5f31a80e54cd,122,122,first
c3025850fe74072e338c0dc84f044ce8036e4bee,10000,13f83c2052bc052005e588fe7b9704a1eecbafee8dcd63e189b275acd3cb0946,74273ec92dd5b9b50e5d125bf7fc94fc234d4603966a511f8ecb7898b44b9b29,0,0dfbacfcb5f87efe04db0bacd0cc8549169857e1283230885a79be52c1751607,alpha_beta,0.27705156710830386,0.0,709803.0,alpha_beta_reference,17051.0,8,0.0,0.0,0.0,0.0,47403.0,0.9789814590476453,6.0,0.2329055,71248.0,0.0,0.701954,0.0,0,7.7574438790325075,beam_alpha_beta_wide,0,ended_with_n,11.331137125147507,D10000_seed0_alpha_beta_reference_vs_beam_alpha_beta_wide,0,300.0,1000,0,/Users/onumagakuto/Documents/最強しりとり/shiritori_ai/data/dictionaries/D10000_L2-12_seed0.runtime.json,beam_alpha_beta,0.13229227780054012,513358.0,568958.0,beam_alpha_beta_wide,14863.0,1,0.0,0.0,0.0,0.0,15081.0,0.3114655420649797,7.925925925925926,0.130779,41269.0,0.0,0.267914,0.0,0,3.5718915006145835,b51e30affded14d91de859b1d766d017e925d24e469bfa5bd71e5f31a80e54cd,55,55,second
c3025850fe74072e338c0dc84f044ce8036e4bee,10000,13f83c2052bc052005e588fe7b9704a1eecbafee8dcd63e189b275acd3cb0946,74273ec92dd5b9b50e5d125bf7fc94fc234d4603966a511f8ecb7898b44b9b29,0,0dfbacfcb5f87efe04db0bacd0cc8549169857e1283230885a79be52c1751607,beam_alpha_beta,0.1850079017760301,2593947.0,2916941.0,beam_alpha_beta_deep_wide,79609.0,1,0.0,0.0,0.0,0.0,94587.0,0.4917672500014305,8.975308641975309,0.179834,252157.0,0.0,0.392618,0.0,0,14.985640043858439,beam_alpha_beta_deep_wide,0,ended_with_n,43.56572162499651,D10000_seed0_beam_alpha_beta_deep_wide_vs_alpha_beta_reference,0,300.0,1000,0,/Users/onumagakuto/Documents/最強しりとり/shiritori_ai/data/dictionaries/D10000_L2-12_seed0.runtime.json,alpha_beta,0.35277466421923886,0.0,3068746.0,alpha_beta_reference,81661.0,28,0.0,0.0,0.0,0.0,236898.0,1.0000316249206662,5.9753086419753085,0.309701,351717.0,0.0,0.819664,0.0,3,28.57474780175835,b51e30affded14d91de859b1d766d017e925d24e469bfa5bd71e5f31a80e54cd,162,162,first
c3025850fe74072e338c0dc84f044ce8036e4bee,10000,13f83c2052bc052005e588fe7b9704a1eecbafee8dcd63e189b275acd3cb0946,74273ec92dd5b9b50e5d125bf7fc94fc234d4603966a511f8ecb7898b44b9b29,0,0dfbacfcb5f87efe04db0bacd0cc8549169857e1283230885a79be52c1751607,alpha_beta,0.31007330663435695,0.0,806674.0,alpha_beta_reference,20236.0,10,0.0,0.0,0.0,0.0,60495.0,0.8737401249818504,6.285714285714286,0.252434,90383.0,0.0,0.782286,0.0,0,8.682052585761994,beam_alpha_beta_deep_wide,0,ended_with_n,13.062741292174906,D10000_seed0_alpha_beta_reference_vs_beam_alpha_beta_deep_wide,0,300.0,1000,0,/Users/onumagakuto/Documents/最強しりとり/shiritori_ai/data/dictionaries/D10000_L2-12_seed0.runtime.json,beam_alpha_beta,0.16216935035427688,633850.0,703928.0,beam_alpha_beta_deep_wide,17508.0,1,0.0,0.0,0.0,0.0,17920.0,0.3771698330529034,8.925925925925926,0.129789,52044.0,0.0,0.363615,0.0,0,4.378572459565476,b51e30affded14d91de859b1d766d017e925d24e469bfa5bd71e5f31a80e54cd,55,55,second
c3025850fe74072e338c0dc84f044ce8036e4bee,10000,13f83c2052bc052005e588fe7b9704a1eecbafee8dcd63e189b275acd3cb0946,74273ec92dd5b9b50e5d125bf7fc94fc234d4603966a511f8ecb7898b44b9b29,0,0dfbacfcb5f87efe04db0bacd0cc8549169857e1283230885a79be52c1751607,beam_pvs,0.18281611795537173,525766.0,579271.0,beam_pvs_baseline,14952.0,1,0.0,0.0,0.0,0.0,14593.0,0.3958151659462601,7.933333333333334,0.18266,40011.0,14056.0,0.345784,538.0,0,5.484483538661152,beam_pvs_baseline,0,ended_with_n,15.295181415975094,D10000_seed0_beam_pvs_baseline_vs_alpha_beta_reference,0,300.0,1000,0,/Users/onumagakuto/Documents/最強しりとり/shiritori_ai/data/dictionaries/D10000_L2-12_seed0.runtime.json,alpha_beta,0.33820802151578766,0.0,753407.0,alpha_beta_reference,19194.0,12,0.0,0.0,0.0,0.0,56455.0,1.0000327080488205,5.862068965517241,0.27029,83700.0,0.0,0.853435,0.0,1,9.808032623957843,b51e30affded14d91de859b1d766d017e925d24e469bfa5bd71e5f31a80e54cd,59,59,second
c3025850fe74072e338c0dc84f044ce8036e4bee,10000,13f83c2052bc052005e588fe7b9704a1eecbafee8dcd63e189b275acd3cb0946,74273ec92dd5b9b50e5d125bf7fc94fc234d4603966a511f8ecb7898b44b9b29,0,0dfbacfcb5f87efe04db0bacd0cc8549169857e1283230885a79be52c1751607,alpha_beta,0.35164511000271886,0.0,1614610.0,alpha_beta_reference,39831.0,24,0.0,0.0,0.0,0.0,113310.0,0.9458185420371592,5.72,0.2612145,169823.0,0.0,0.825512,0.0,0,17.582255500135943,beam_pvs_baseline,0,ended_with_n,23.809491582913324,D10000_seed0_alpha_beta_reference_vs_beam_pvs_baseline,0,300.0,1000,0,/Users/onumagakuto/Documents/最強しりとり/shiritori_ai/data/dictionaries/D10000_L2-12_seed0.runtime.json,beam_pvs,0.12446446498390287,918020.0,1022255.0,beam_pvs_baseline,29273.0,1,0.0,0.0,0.0,0.0,28129.0,0.2958516669459641,7.96,0.1209585,78049.0,27346.0,0.242877,1007.0,0,6.223223249195144,b51e30affded14d91de859b1d766d017e925d24e469bfa5bd71e5f31a80e54cd,100,100,first
c3025850fe74072e338c0dc84f044ce8036e4bee,10000,13f83c2052bc052005e588fe7b9704a1eecbafee8dcd63e189b275acd3cb0946,74273ec92dd5b9b50e5d125bf7fc94fc234d4603966a511f8ecb7898b44b9b29,0,0dfbacfcb5f87efe04db0bacd0cc8549169857e1283230885a79be52c1751607,beam_pvs,0.14505476573784207,831479.0,926184.0,beam_pvs_deep,26899.0,1,0.0,0.0,0.0,0.0,26406.0,0.37611220800317824,8.945945945945946,0.156971,72302.0,25709.0,0.340202,722.0,0,5.367026332300156,beam_pvs_deep,0,ended_with_n,17.993012625025585,D10000_seed0_beam_pvs_deep_vs_alpha_beta_reference,0,300.0,1000,0,/Users/onumagakuto/Documents/最強しりとり/shiritori_ai/data/dictionaries/D10000_L2-12_seed0.runtime.json,alpha_beta,0.35065289474247646,0.0,1088777.0,alpha_beta_reference,27113.0,16,0.0,0.0,0.0,0.0,101673.0,1.0000391660723835,5.75,0.2560335,140712.0,0.0,1.000026,0.0,2,12.623504210729152,b51e30affded14d91de859b1d766d017e925d24e469bfa5bd71e5f31a80e54cd,73,73,second
c3025850fe74072e338c0dc84f044ce8036e4bee,10000,13f83c2052bc052005e588fe7b9704a1eecbafee8dcd63e189b275acd3cb0946,74273ec92dd5b9b50e5d125bf7fc94fc234d4603966a511f8ecb7898b44b9b29,0,0dfbacfcb5f87efe04db0bacd0cc8549169857e1283230885a79be52c1751607,alpha_beta,0.3678383972651015,0.0,1353332.0,alpha_beta_reference,34386.0,18,0.0,0.0,0.0,0.0,101480.0,1.0001051670406014,5.933333333333334,0.273694,150304.0,0.0,1.000034,0.0,4,16.552727876929566,beam_pvs_deep,0,ended_with_n,24.71678329189308,D10000_seed0_alpha_beta_reference_vs_beam_pvs_deep,0,300.0,1000,0,/Users/onumagakuto/Documents/最強しりとり/shiritori_ai/data/dictionaries/D10000_L2-12_seed0.runtime.json,beam_pvs,0.18547409660690886,1149351.0,1273467.0,beam_pvs_deep,34627.0,1,0.0,0.0,0.0,0.0,33845.0,0.549522208981216,8.954545454545455,0.17860749999999997,94104.0,33380.0,0.329271,669.0,0,8.16086025070399,b51e30affded14d91de859b1d766d017e925d24e469bfa5bd71e5f31a80e54cd,89,89,second
c3025850fe74072e338c0dc84f044ce8036e4bee,10000,13f83c2052bc052005e588fe7b9704a1eecbafee8dcd63e189b275acd3cb0946,74273ec92dd5b9b50e5d125bf7fc94fc234d4603966a511f8ecb7898b44b9b29,0,0dfbacfcb5f87efe04db0bacd0cc8549169857e1283230885a79be52c1751607,beam_pvs,0.16304318402678922,481973.0,533484.0,beam_pvs_wide,14570.0,1,0.0,0.0,0.0,0.0,12003.0,0.47693716594949365,7.923076923076923,0.1501125,35919.0,11797.0,0.383778,261.0,0,4.239122784696519,beam_pvs_wide,0,ended_with_n,12.025588874937966,D10000_seed0_beam_pvs_wide_vs_alpha_beta_reference,0,300.0,1000,0,/Users/onumagakuto/Documents/最強しりとり/shiritori_ai/data/dictionaries/D10000_L2-12_seed0.runtime.json,alpha_beta,0.2993986089892972,0.0,603185.0,alpha_beta_reference,15052.0,6,0.0,0.0,0.0,0.0,43506.0,0.958302624989301,6.0,0.266204,64039.0,0.0,0.642074,0.0,0,7.784363833721727,b51e30affded14d91de859b1d766d017e925d24e469bfa5bd71e5f31a80e54cd,52,52,first
c3025850fe74072e338c0dc84f044ce8036e4bee,10000,13f83c2052bc052005e588fe7b9704a1eecbafee8dcd63e189b275acd3cb0946,74273ec92dd5b9b50e5d125bf7fc94fc234d4603966a511f8ecb7898b44b9b29,0,0dfbacfcb5f87efe04db0bacd0cc8549169857e1283230885a79be52c1751607,alpha_beta,0.3953621190074565,0.0,1976572.0,alpha_beta_reference,48825.0,32,0.0,0.0,0.0,0.0,135173.0,1.0030093339737505,5.642857142857143,0.288091,203823.0,0.0,0.93786,0.0,1,27.675348330521956,beam_pvs_wide,0,ended_with_n,42.51692208298482,D10000_seed0_alpha_beta_reference_vs_beam_pvs_wide,0,300.0,1000,0,/Users/onumagakuto/Documents/最強しりとり/shiritori_ai/data/dictionaries/D10000_L2-12_seed0.runtime.json,beam_pvs,0.21500884067348164,1837471.0,2041753.0,beam_pvs_wide,57857.0,1,0.0,0.0,0.0,0.0,51601.0,0.42482212488539517,7.971014492753623,0.206222,148468.0,51142.0,0.386591,1178.0,0,14.835610006470233,b51e30affded14d91de859b1d766d017e925d24e469bfa5bd71e5f31a80e54cd,139,139,second
c3025850fe74072e338c0dc84f044ce8036e4bee,10000,13f83c2052bc052005e588fe7b9704a1eecbafee8dcd63e189b275acd3cb0946,74273ec92dd5b9b50e5d125bf7fc94fc234d4603966a511f8ecb7898b44b9b29,0,0dfbacfcb5f87efe04db0bacd0cc8549169857e1283230885a79be52c1751607,beam_pvs,0.3459637304423032,3091200.0,3415598.0,beam_pvs_deep_wide,91833.0,25,0.0,0.0,0.0,0.0,81040.0,1.000028041889891,8.320987654320987,0.328959,236915.0,80869.0,0.661437,1826.0,1,28.02306216582656,beam_pvs_deep_wide,0,ended_with_n,61.18174320901744,D10000_seed0_beam_pvs_deep_wide_vs_alpha_beta_reference,0,300.0,1000,0,/Users/onumagakuto/Documents/最強しりとり/shiritori_ai/data/dictionaries/D10000_L2-12_seed0.runtime.json,alpha_beta,0.4092509417800394,0.0,1853616.0,alpha_beta_reference,45833.0,28,0.0,0.0,0.0,0.0,157324.0,1.0000467500649393,5.518518518518518,0.361205,225557.0,0.0,1.000037,0.0,5,33.14932628418319,b51e30affded14d91de859b1d766d017e925d24e469bfa5bd71e5f31a80e54cd,162,162,first
c3025850fe74072e338c0dc84f044ce8036e4bee,10000,13f83c2052bc052005e588fe7b9704a1eecbafee8dcd63e189b275acd3cb0946,74273ec92dd5b9b50e5d125bf7fc94fc234d4603966a511f8ecb7898b44b9b29,0,0dfbacfcb5f87efe04db0bacd0cc8549169857e1283230885a79be52c1751607,alpha_beta,0.36523619047285794,0.0,1198247.0,alpha_beta_reference,30107.0,22,0.0,0.0,0.0,0.0,85748.0,1.000057291937992,5.603448275862069,0.29104549999999996,128685.0,0.0,1.000032,0.0,3,21.183699047425762,beam_pvs_deep_wide,0,ended_with_n,41.661882458021864,D10000_seed0_alpha_beta_reference_vs_beam_pvs_deep_wide,0,300.0,1000,0,/Users/onumagakuto/Documents/最強しりとり/shiritori_ai/data/dictionaries/D10000_L2-12_seed0.runtime.json,beam_pvs,0.35916576033311065,1925065.0,2130865.0,beam_pvs_deep_wide,57117.0,13,0.0,0.0,0.0,0.0,51001.0,0.7446429170668125,8.491228070175438,0.356463,149129.0,49851.0,0.655561,1261.0,0,20.472448338987306,b51e30affded14d91de859b1d766d017e925d24e469bfa5bd71e5f31a80e54cd,115,115,second
c3025850fe74072e338c0dc84f044ce8036e4bee,10000,f7feddf87127e40bde1a535f59cac947714438dc1e954782a6d8ce39feaff155,00ebc1cac9dd741110af9ac9d2df615d6c05ca991919c4f06c178a9ef7a4ac28,1,0dfbacfcb5f87efe04db0bacd0cc8549169857e1283230885a79be52c1751607,beam_alpha_beta,0.10487289555882379,1161486.0,1285289.0,beam_alpha_beta_baseline,30981.0,1,0.0,0.0,0.0,0.0,33491.0,0.1978634160477668,7.971830985915493,0.125039,92985.0,0.0,0.16534,0.0,0,7.445975584676489,beam_alpha_beta_baseline,0,ended_with_n,31.342653542058542,D10000_seed1_beam_alpha_beta_baseline_vs_alpha_beta_reference,1000,300.0,1000,0,/Users/onumagakuto/Documents/最強しりとり/shiritori_ai/data/dictionaries/D10000_L2-12_seed1.runtime.json,alpha_beta,0.33650208924385444,0.0,2396637.0,alpha_beta_reference,60825.0,14,0.0,0.0,0.0,0.0,152047.0,1.000040124868974,6.042253521126761,0.369903,235472.0,0.0,0.589599,0.0,1,23.891648336313665,b51e30affded14d91de859b1d766d017e925d24e469bfa5bd71e5f31a80e54cd,142,142,first
c3025850fe74072e338c0dc84f044ce8036e4bee,10000,f7feddf87127e40bde1a535f59cac947714438dc1e954782a6d8ce39feaff155,00ebc1cac9dd741110af9ac9d2df615d6c05ca991919c4f06c178a9ef7a4ac28,1,0dfbacfcb5f87efe04db0bacd0cc8549169857e1283230885a79be52c1751607,alpha_beta,0.29426008793396047,0.0,1026115.0,alpha_beta_reference,25742.0,14,0.0,0.0,0.0,0.0,70524.0,1.0000252919271588,6.138888888888889,0.2210995,106485.0,0.0,0.862613,0.0,1,10.593363165622577,beam_alpha_beta_baseline,0,ended_with_n,14.093180499970913,D10000_seed1_alpha_beta_reference_vs_beam_alpha_beta_baseline,1000,300.0,1000,0,/Users/onumagakuto/Documents/最強しりとり/shiritori_ai/data/dictionaries/D10000_L2-12_seed1.runtime.json,beam_alpha_beta,0.09992195708411081,542551.0,603734.0,beam_alpha_beta_baseline,16197.0,1,0.0,0.0,0.0,0.0,16469.0,0.19761316711083055,7.942857142857143,0.090383,45695.0,0.0,0.196288,0.0,0,3.497268497943878,b51e30affded14d91de859b1d766d017e925d24e469bfa5bd71e5f31a80e54cd,71,71,second
c3025850fe74072e338c0dc84f044ce8036e4bee,10000,f7feddf87127e40bde1a535f59cac947714438dc1e954782a6d8ce39feaff155,00ebc1cac9dd741110af9ac9d2df615d6c05ca991919c4f06c178a9ef7a4ac28,1,0dfbacfcb5f87efe04db0bacd0cc8549169857e1283230885a79be52c1751607,beam_alpha_beta,0.15665216959037243,874871.0,978289.0,beam_alpha_beta_deep,25172.0,1,0.0,0.0,0.0,0.0,30248.0,0.35358379082754254,8.952380952380953,0.13874399999999998,80471.0,0.0,0.34342,0.0,0,6.579391122795641,beam_alpha_beta_deep,0,ended_with_n,21.750375207979232,D10000_seed1_beam_alpha_beta_deep_vs_alpha_beta_reference,1000,300.0,1000,0,/Users/onumagakuto/Documents/最強しりとり/shiritori_ai/data/dictionaries/D10000_L2-12_seed1.runtime.json,alpha_beta,0.3699346513930345,0.0,1234091.0,alpha_beta_reference,30504.0,16,0.0,0.0,0.0,0.0,92741.0,1.0000412908848375,6.219512195121951,0.298072,137100.0,0.0,0.956709,0.0,2,15.167320707114413,b51e30affded14d91de859b1d766d017e925d24e469bfa5bd71e5f31a80e54cd,83,83,second
c3025850fe74072e338c0dc84f044ce8036e4bee,10000,f7feddf87127e40bde1a535f59cac947714438dc1e954782a6d8ce39feaff155,00ebc1cac9dd741110af9ac9d2df615d6c05ca991919c4f06c178a9ef7a4ac28,1,0dfbacfcb5f87efe04db0bacd0cc8549169857e1283230885a79be52c1751607,alpha_beta,0.3682044461787935,0.0,2613181.0,alpha_beta_reference,66609.0,10,0.0,0.0,0.0,0.0,161095.0,1.0001154590863734,6.144927536231884,0.39477,250961.0,0.0,0.640232,0.0,2,25.40610678633675,beam_alpha_beta_deep,0,ended_with_n,34.82366329105571,D10000_seed1_alpha_beta_reference_vs_beam_alpha_beta_deep,1000,300.0,1000,0,/Users/onumagakuto/Documents/最強しりとり/shiritori_ai/data/dictionaries/D10000_L2-12_seed1.runtime.json,beam_alpha_beta,0.13841374266057221,1445221.0,1603803.0,beam_alpha_beta_deep,38308.0,1,0.0,0.0,0.0,0.0,38309.0,0.35959866689518094,8.970588235294118,0.126808,116163.0,0.0,0.337026,0.0,0,9.41213450091891,b51e30affded14d91de859b1d766d017e925d24e469bfa5bd71e5f31a80e54cd,137,137,second
c3025850fe74072e338c0dc84f044ce8036e4bee,10000,f7feddf87127e40bde1a535f59cac947714438dc1e954782a6d8ce39feaff155,00ebc1cac9dd741110af9ac9d2df615d6c05ca991919c4f06c178a9ef7a4ac28,1,0dfbacfcb5f87efe04db0bacd0cc8549169857e1283230885a79be52c1751607,beam_alpha_beta,0.1607714449656346,1436878.0,1589421.0,beam_alpha_beta_wide,39131.0,1,0.0,0.0,0.0,0.0,42669.0,0.2737857918255031,7.967741935483871,0.1797365,115029.0,0.0,0.257954,0.0,0,9.967829587869346,beam_alpha_beta_wide,0,ended_with_n,31.55975450016558,D10000_seed1_beam_alpha_beta_wide_vs_alpha_beta_reference,1000,300.0,1000,0,/Users/onumagakuto/Documents/最強しりとり/shiritori_ai/data/dictionaries/D10000_L2-12_seed1.runtime.json,alpha_beta,0.3481845470866369,0.0,2043043.0,alpha_beta_reference,50669.0,18,0.0,0.0,0.0,0.0,130269.0,1.0000374580267817,6.0,0.3689595,200754.0,0.0,0.632809,0.0,2,21.587441919371486,b51e30affded14d91de859b1d766d017e925d24e469bfa5bd71e5f31a80e54cd,124,124,first
c3025850fe74072e338c0dc84f044ce8036e4bee,10000,f7feddf87127e40bde1a535f59cac947714438dc1e954782a6d8ce39feaff155,00ebc1cac9dd741110af9ac9d2df615d6c05ca991919c4f06c178a9ef7a4ac28,1,0dfbacfcb5f87efe04db0bacd0cc8549169857e1283230885a79be52c1751607,alpha_beta,0.3329503598390147,0.0,817759.0,alpha_beta_reference,20458.0,8,0.0,0.0,0.0,0.0,60614.0,1.000032874988392,6.233333333333333,0.3483885,91119.0,0.0,0.682827,0.0,1,9.988510795170441,beam_alpha_beta_wide,0,ended_with_n,14.062201749999076,D10000_seed1_alpha_beta_reference_vs_beam_alpha_beta_wide,1000,300.0,1000,0,/Users/onumagakuto/Documents/最強しりとり/shiritori_ai/data/dictionaries/D10000_L2-12_seed1.runtime.json,beam_alpha_beta,0.13569607498745123,558861.0,623368.0,beam_alpha_beta_wide,16367.0,1,0.0,0.0,0.0,0.0,18497.0,0.3336577501613647,7.933333333333334,0.1382,49215.0,0.0,0.245476,0.0,0,4.070882249623537,b51e30affded14d91de859b1d766d017e925d24e469bfa5bd71e5f31a80e54cd,60,60,first
c3025850fe74072e338c0dc84f044ce8036e4bee,10000,f7feddf87127e40bde1a535f59cac947714438dc1e954782a6d8ce39feaff155,00ebc1cac9dd741110af9ac9d2df615d6c05ca991919c4f06c178a9ef7a4ac28,1,0dfbacfcb5f87efe04db0bacd0cc8549169857e1283230885a79be52c1751607,beam_alpha_beta,0.2063678699254524,1133301.0,1264639.0,beam_alpha_beta_deep_wide,33525.0,5,0.0,0.0,0.0,0.0,34569.0,0.6474699580576271,8.85,0.1853805,98281.0,0.0,0.537524,0.0,0,8.254714797018096,beam_alpha_beta_deep_wide,0,ended_with_n,20.038676666095853,D10000_seed1_beam_alpha_beta_deep_wide_vs_alpha_beta_reference,1000,300.0,1000,0,/Users/onumagakuto/Documents/最強しりとり/shiritori_ai/data/dictionaries/D10000_L2-12_seed1.runtime.json,alpha_beta,0.2945166636258364,0.0,1191703.0,alpha_beta_reference,30963.0,8,0.0,0.0,0.0,0.0,71990.0,1.0000357502140105,6.35,0.300846,114886.0,0.0,0.571133,0.0,1,11.780666545033455,b51e30affded14d91de859b1d766d017e925d24e469bfa5bd71e5f31a80e54cd,80,80,first
c3025850fe74072e338c0dc84f044ce8036e4bee,10000,f7feddf87127e40bde1a535f59cac947714438dc1e954782a6d8ce39feaff155,00ebc1cac9dd741110af9ac9d2df615d6c05ca991919c4f06c178a9ef7a4ac28,1,0dfbacfcb5f87efe04db0bacd0cc8549169857e1283230885a79be52c1751607,alpha_beta,0.30051004381214336,0.0,1247889.0,alpha_beta_reference,32387.0,8,0.0,0.0,0.0,0.0,74538.0,1.0000285420101136,6.341463414634147,0.315091,119222.0,0.0,0.600157,0.0,1,12.320911796297878,beam_alpha_beta_deep_wide,0,ended_with_n,20.853445457993075,D10000_seed1_alpha_beta_reference_vs_beam_alpha_beta_deep_wide,1000,300.0,1000,0,/Users/onumagakuto/Documents/最強しりとり/shiritori_ai/data/dictionaries/D10000_L2-12_seed1.runtime.json,beam_alpha_beta,0.21323071452206932,1225340.0,1367284.0,beam_alpha_beta_deep_wide,36325.0,1,0.0,0.0,0.0,0.0,37300.0,0.565465833991766,8.95,0.1493805,106302.0,0.0,0.527194,0.0,0,8.529228580882773,b51e30affded14d91de859b1d766d017e925d24e469bfa5bd71e5f31a80e54cd,81,81,second
c3025850fe74072e338c0dc84f044ce8036e4bee,10000,f7feddf87127e40bde1a535f59cac947714438dc1e954782a6d8ce39feaff155,00ebc1cac9dd741110af9ac9d2df615d6c05ca991919c4f06c178a9ef7a4ac28,1,0dfbacfcb5f87efe04db0bacd0cc8549169857e1283230885a79be52c1751607,beam_pvs,0.11440429576581009,978142.0,1087727.0,beam_pvs_baseline,29779.0,1,0.0,0.0,0.0,0.0,27838.0,0.28906637500040233,7.967213114754099,0.112863,80043.0,27234.0,0.219482,1001.0,0,6.978662041714415,beam_pvs_baseline,0,ended_with_n,26.404958999948576,D10000_seed1_beam_pvs_baseline_vs_alpha_beta_reference,1000,300.0,1000,0,/Users/onumagakuto/Documents/最強しりとり/shiritori_ai/data/dictionaries/D10000_L2-12_seed1.runtime.json,alpha_beta,0.3236837402568199,0.0,1665286.0,alpha_beta_reference,41501.0,18,0.0,0.0,0.0,0.0,108703.0,1.0000334999058396,5.933333333333334,0.2835765,167710.0,0.0,0.606053,0.0,1,19.421024415409192,b51e30affded14d91de859b1d766d017e925d24e469bfa5bd71e5f31a80e54cd,121,121,second
c3025850fe74072e338c0dc84f044ce8036e4bee,10000,f7feddf87127e40bde1a535f59cac947714438dc1e954782a6d8ce39feaff155,00ebc1cac9dd741110af9ac9d2df615d6c05ca991919c4f06c178a9ef7a4ac28,1,0dfbacfcb5f87efe04db0bacd0cc8549169857e1283230885a79be52c1751607,alpha_beta,0.3141821560043937,0.0,1138928.0,alpha_beta_reference,28857.0,14,0.0,0.0,0.0,0.0,80794.0,1.0000294160563499,6.076923076923077,0.224596,121238.0,0.0,0.881183,0.0,1,12.253104084171355,beam_pvs_baseline,0,ended_with_n,16.64011412509717,D10000_seed1_alpha_beta_reference_vs_beam_pvs_baseline,1000,300.0,1000,0,/Users/onumagakuto/Documents/最強しりとり/shiritori_ai/data/dictionaries/D10000_L2-12_seed1.runtime.json,beam_pvs,0.11536974220928785,607570.0,676812.0,beam_pvs_baseline,19772.0,1,0.0,0.0,0.0,0.0,18467.0,0.35909487516619265,7.947368421052632,0.096604,51372.0,17935.0,0.265211,559.0,0,4.384050203952938,b51e30affded14d91de859b1d766d017e925d24e469bfa5bd71e5f31a80e54cd,77,77,second
c3025850fe74072e338c0dc84f044ce8036e4bee,10000,f7feddf87127e40bde1a535f59cac947714438dc1e954782a6d8ce39feaff155,00ebc1cac9dd741110af9ac9d2df615d6c05ca991919c4f06c178a9ef7a4ac28,1,0dfbacfcb5f87efe04db0bacd0cc8549169857e1283230885a79be52c1751607,beam_pvs,0.1613253260264173,901703.0,998290.0,beam_pvs_deep,26852.0,1,0.0,0.0,0.0,0.0,25459.0,0.33211816707625985,8.95,0.164612,72177.0,24891.0,0.316006,594.0,0,6.453013041056693,beam_pvs_deep,0,ended_with_n,18.96459975000471,D10000_seed1_beam_pvs_deep_vs_alpha_beta_reference,1000,300.0,1000,0,/Users/onumagakuto/Documents/最強しりとり/shiritori_ai/data/dictionaries/D10000_L2-12_seed1.runtime.json,alpha_beta,0.32072666335182315,0.0,1063939.0,alpha_beta_reference,25213.0,14,0.0,0.0,0.0,0.0,67475.0,0.9555014579091221,6.051282051282051,0.298005,103513.0,0.0,0.799872,0.0,0,12.508339870721102,b51e30affded14d91de859b1d766d017e925d24e469bfa5bd71e5f31a80e54cd,79,79,second
c3025850fe74072e338c0dc84f044ce8036e4bee,10000,f7feddf87127e40bde1a535f59cac947714438dc1e954782a6d8ce39feaff155,00ebc1cac9dd741110af9ac9d2df615d6c05ca991919c4f06c178a9ef7a4ac28,1,0dfbacfcb5f87efe04db0bacd0cc8549169857e1283230885a79be52c1751607,alpha_beta,0.3543173832012157,0.0,2693141.0,alpha_beta_reference,68788.0,10,0.0,0.0,0.0,0.0,167533.0,1.0000241249799728,6.140845070422535,0.373195,260906.0,0.0,0.570511,0.0,1,25.156534207286313,beam_pvs_deep,0,ended_with_n,34.384581458056346,D10000_seed1_alpha_beta_reference_vs_beam_pvs_deep,1000,300.0,1000,0,/Users/onumagakuto/Documents/最強しりとり/shiritori_ai/data/dictionaries/D10000_L2-12_seed1.runtime.json,beam_pvs,0.1317511558532715,1481578.0,1645411.0,beam_pvs_deep,44707.0,1,0.0,0.0,0.0,0.0,36511.0,0.5249840419273823,8.971428571428572,0.099816,116401.0,37479.0,0.325738,1212.0,0,9.222580909729004,b51e30affded14d91de859b1d766d017e925d24e469bfa5bd71e5f31a80e54cd,141,141,second
c3025850fe74072e338c0dc84f044ce8036e4bee,10000,f7feddf87127e40bde1a535f59cac947714438dc1e954782a6d8ce39feaff155,00ebc1cac9dd741110af9ac9d2df615d6c05ca991919c4f06c178a9ef7a4ac28,1,0dfbacfcb5f87efe04db0bacd0cc8549169857e1283230885a79be52c1751607,beam_pvs,0.15210058784263358,2297467.0,2560822.0,beam_pvs_wide,70573.0,1,0.0,0.0,0.0,0.0,58173.0,0.5356235408689827,7.981981981981982,0.116281,182582.0,59918.0,0.3692,1628.0,0,16.88316525053233,beam_pvs_wide,0,ended_with_n,58.91195495892316,D10000_seed1_beam_pvs_wide_vs_alpha_beta_reference,1000,300.0,1000,0,/Users/onumagakuto/Documents/最強しりとり/shiritori_ai/data/dictionaries/D10000_L2-12_seed1.runtime.json,alpha_beta,0.3819989287865941,0.0,3713280.0,alpha_beta_reference,92579.0,34,0.0,0.0,0.0,0.0,229997.0,1.0000424578320235,5.845454545454546,0.3799625,360799.0,0.0,0.864541,0.0,3,42.01988216652535,b51e30affded14d91de859b1d766d017e925d24e469bfa5bd71e5f31a80e54cd,221,221,second
c3025850fe74072e338c0dc84f044ce8036e4bee,10000,f7feddf87127e40bde1a535f59cac947714438dc1e954782a6d8ce39feaff155,00ebc1cac9dd741110af9ac9d2df615d6c05ca991919c4f06c178a9ef7a4ac28,1,0dfbacfcb5f87efe04db0bacd0cc8549169857e1283230885a79be52c1751607,alpha_beta,0.28382885695124666,0.0,658607.0,alpha_beta_reference,16895.0,10,0.0,0.0,0.0,0.0,49034.0,0.7000100000295788,5.966666666666667,0.19457999999999998,73484.0,0.0,0.696888,0.0,0,8.5148657085374,beam_pvs_wide,0,ended_with_n,13.649340249830857,D10000_seed1_alpha_beta_reference_vs_beam_pvs_wide,1000,300.0,1000,0,/Users/onumagakuto/Documents/最強しりとり/shiritori_ai/data/dictionaries/D10000_L2-12_seed1.runtime.json,beam_pvs,0.17105069865938277,641059.0,718753.0,beam_pvs_wide,21413.0,1,0.0,0.0,0.0,0.0,20983.0,0.34311200003139675,7.933333333333334,0.190282,57684.0,20318.0,0.279947,676.0,0,5.131520959781483,b51e30affded14d91de859b1d766d017e925d24e469bfa5bd71e5f31a80e54cd,60,60,first
c3025850fe74072e338c0dc84f044ce8036e4bee,10000,f7feddf87127e40bde1a535f59cac947714438dc1e954782a6d8ce39feaff155,00ebc1cac9dd741110af9ac9d2df615d6c05ca991919c4f06c178a9ef7a4ac28,1,0dfbacfcb5f87efe04db0bacd0cc8549169857e1283230885a79be52c1751607,beam_pvs,0.1265631754851291,2250985.0,2535845.0,beam_pvs_deep_wide,76535.0,5,0.0,0.0,0.0,0.0,53352.0,0.651428208919242,8.942307692307692,0.08236299999999999,193348.0,63581.0,0.3453,2156.0,0,13.162570250453427,beam_pvs_deep_wide,0,ended_with_n,54.730010292027146,D10000_seed1_beam_pvs_deep_wide_vs_alpha_beta_reference,1000,300.0,1000,0,/Users/onumagakuto/Documents/最強しりとり/shiritori_ai/data/dictionaries/D10000_L2-12_seed1.runtime.json,alpha_beta,0.3996032131746268,0.0,4426319.0,alpha_beta_reference,117515.0,52,0.0,0.0,0.0,0.0,294636.0,1.0000684580300003,6.346153846153846,0.307917,464107.0,0.0,0.932707,0.0,5,41.55873417016119,b51e30affded14d91de859b1d766d017e925d24e469bfa5bd71e5f31a80e54cd,208,208,first
c3025850fe74072e338c0dc84f044ce8036e4bee,10000,f7feddf87127e40bde1a535f59cac947714438dc1e954782a6d8ce39feaff155,00ebc1cac9dd741110af9ac9d2df615d6c05ca991919c4f06c178a9ef7a4ac28,1,0dfbacfcb5f87efe04db0bacd0cc8549169857e1283230885a79be52c1751607,alpha_beta,0.39035620158180023,0.0,5395539.0,alpha_beta_reference,142930.0,44,0.0,0.0,0.0,0.0,340312.0,1.0000546250957996,6.469230769230769,0.3384325,546138.0,0.0,0.857695,0.0,2,50.74630620563403,beam_pvs_deep_wide,0,ended_with_n,66.90518966689706,D10000_seed1_alpha_beta_reference_vs_beam_pvs_deep_wide,1000,300.0,1000,0,/Users/onumagakuto/Documents/最強しりとり/shiritori_ai/data/dictionaries/D10000_L2-12_seed1.runtime.json,beam_pvs,0.12421094325836748,2715653.0,3059780.0,beam_pvs_deep_wide,93391.0,5,0.0,0.0,0.0,0.0,61440.0,0.7312823329120874,8.938461538461539,0.0618465,232269.0,79021.0,0.395726,2537.0,0,16.147422623587772,b51e30affded14d91de859b1d766d017e925d24e469bfa5bd71e5f31a80e54cd,260,260,first
c3025850fe74072e338c0dc84f044ce8036e4bee,10000,59edaee16af2b20642c56fa4bb9a8c35595ca110b1af4b4e9ca87dc6ac356675,0824de995be4df8286e04f923f31fd74155137b5eb25a6870a0541b2726977f6,2,0dfbacfcb5f87efe04db0bacd0cc8549169857e1283230885a79be52c1751607,beam_alpha_beta,0.06624639486369577,1143774.0,1279419.0,beam_alpha_beta_baseline,33859.0,1,0.0,0.0,0.0,0.0,25135.0,0.3146432910580188,7.980582524271845,0.051474,90620.0,0.0,0.16699,0.0,0,6.823378670960665,beam_alpha_beta_baseline,0,ended_with_n,46.4362563341856,D10000_seed2_beam_alpha_beta_baseline_vs_alpha_beta_reference,2000,300.0,1000,0,/Users/onumagakuto/Documents/最強しりとり/shiritori_ai/data/dictionaries/D10000_L2-12_seed2.runtime.json,alpha_beta,0.3882908431593986,0.0,3756240.0,alpha_beta_reference,106048.0,40,0.0,0.0,0.0,0.0,284139.0,1.0000266670249403,5.950980392156863,0.33966050000000003,432776.0,0.0,0.760451,0.0,1,39.60566600225866,b51e30affded14d91de859b1d766d017e925d24e469bfa5bd71e5f31a80e54cd,205,205,second
c3025850fe74072e338c0dc84f044ce8036e4bee,10000,59edaee16af2b20642c56fa4bb9a8c35595ca110b1af4b4e9ca87dc6ac356675,0824de995be4df8286e04f923f31fd74155137b5eb25a6870a0541b2726977f6,2,0dfbacfcb5f87efe04db0bacd0cc8549169857e1283230885a79be52c1751607,alpha_beta,0.3952257944441114,0.0,3197189.0,alpha_beta_reference,85591.0,38,0.0,0.0,0.0,0.0,221476.0,1.0000349159818143,5.798076923076923,0.3777605,341527.0,0.0,0.848093,0.0,2,41.103482622187585,beam_alpha_beta_baseline,0,ended_with_n,55.94331991695799,D10000_seed2_alpha_beta_reference_vs_beam_alpha_beta_baseline,2000,300.0,1000,0,/Users/onumagakuto/Documents/最強しりとり/shiritori_ai/data/dictionaries/D10000_L2-12_seed2.runtime.json,beam_alpha_beta,0.14260493708514752,2054446.0,2268179.0,beam_alpha_beta_baseline,55961.0,1,0.0,0.0,0.0,0.0,46951.0,0.37695316690951586,7.980769230769231,0.144594,149802.0,0.0,0.231668,0.0,0,14.830913456855342,b51e30affded14d91de859b1d766d017e925d24e469bfa5bd71e5f31a80e54cd,208,208,first
c3025850fe74072e338c0dc84f044ce8036e4bee,10000,59edaee16af2b20642c56fa4bb9a8c35595ca110b1af4b4e9ca87dc6ac356675,0824de995be4df8286e04f923f31fd74155137b5eb25a6870a0541b2726977f6,2,0dfbacfcb5f87efe04db0bacd0cc8549169857e1283230885a79be52c1751607,beam_alpha_beta,0.21183698330340642,980821.0,1080366.0,beam_alpha_beta_deep,24238.0,3,0.0,0.0,0.0,0.0,30780.0,0.6869450830854475,8.885714285714286,0.210135,79408.0,0.0,0.406796,0.0,0,7.414294415619224,beam_alpha_beta_deep,0,ended_with_n,17.96588029200211,D10000_seed2_beam_alpha_beta_deep_vs_alpha_beta_reference,2000,300.0,1000,0,/Users/onumagakuto/Documents/最強しりとり/shiritori_ai/data/dictionaries/D10000_L2-12_seed2.runtime.json,alpha_beta,0.3102548774126369,0.0,882820.0,alpha_beta_reference,21097.0,10,0.0,0.0,0.0,0.0,55394.0,0.6338593331165612,6.029411764705882,0.2578315,86500.0,0.0,0.628837,0.0,0,10.548665832029656,b51e30affded14d91de859b1d766d017e925d24e469bfa5bd71e5f31a80e54cd,69,69,second
c3025850fe74072e338c0dc84f044ce8036e4bee,10000,59edaee16af2b20642c56fa4bb9a8c35595ca110b1af4b4e9ca87dc6ac356675,0824de995be4df8286e04f923f31fd74155137b5eb25a6870a0541b2726977f6,2,0dfbacfcb5f87efe04db0bacd0cc8549169857e1283230885a79be52c1751607,alpha_beta,0.3437721232398964,0.0,1558902.0,alpha_beta_reference,39020.0,14,0.0,0.0,0.0,0.0,108169.0,0.9540609589312226,6.183673469387755,0.291067,165439.0,0.0,0.703934,0.0,0,16.844834038754925,beam_alpha_beta_deep,0,ended_with_n,25.05775412498042,D10000_seed2_alpha_beta_reference_vs_beam_alpha_beta_deep,2000,300.0,1000,0,/Users/onumagakuto/Documents/最強しりとり/shiritori_ai/data/dictionaries/D10000_L2-12_seed2.runtime.json,beam_alpha_beta,0.16754655278648953,1176115.0,1305248.0,beam_alpha_beta_deep,33055.0,1,0.0,0.0,0.0,0.0,37349.0,0.5687019170727581,8.959183673469388,0.126473,100350.0,0.0,0.435532,0.0,0,8.209781086537987,b51e30affded14d91de859b1d766d017e925d24e469bfa5bd71e5f31a80e54cd,98,98,first
c3025850fe74072e338c0dc84f044ce8036e4bee,10000,59edaee16af2b20642c56fa4bb9a8c35595ca110b1af4b4e9ca87dc6ac356675,0824de995be4df8286e04f923f31fd74155137b5eb25a6870a0541b2726977f6,2,0dfbacfcb5f87efe04db0bacd0cc8549169857e1283230885a79be52c1751607,beam_alpha_beta,0.078382638390142,1961276.0,2242103.0,beam_alpha_beta_wide,72384.0,1,0.0,0.0,0.0,0.0,52759.0,0.39167495793662965,7.985401459854015,0.043609,191662.0,0.0,0.256587,0.0,0,10.738421459449455,beam_alpha_beta_wide,0,ended_with_n,61.526070915861055,D10000_seed2_beam_alpha_beta_wide_vs_alpha_beta_reference,2000,300.0,1000,0,/Users/onumagakuto/Documents/最強しりとり/shiritori_ai/data/dictionaries/D10000_L2-12_seed2.runtime.json,alpha_beta,0.37337546388837783,0.0,5677018.0,alpha_beta_reference,162048.0,54,0.0,0.0,0.0,0.0,444265.0,1.0000287918373942,6.220588235294118,0.2980755,676000.0,0.0,0.887157,0.0,3,50.779063088819385,b51e30affded14d91de859b1d766d017e925d24e469bfa5bd71e5f31a80e54cd,273,273,second
c3025850fe74072e338c0dc84f044ce8036e4bee,10000,59edaee16af2b20642c56fa4bb9a8c35595ca110b1af4b4e9ca87dc6ac356675,0824de995be4df8286e04f923f31fd74155137b5eb25a6870a0541b2726977f6,2,0dfbacfcb5f87efe04db0bacd0cc8549169857e1283230885a79be52c1751607,alpha_beta,0.39130501992690064,0.0,3069389.0,alpha_beta_reference,86595.0,34,0.0,0.0,0.0,0.0,224142.0,1.000028375070542,6.08,0.290937,345790.0,0.0,0.963967,0.0,3,29.34787649451755,beam_alpha_beta_wide,0,ended_with_n,38.046196749899536,D10000_seed2_alpha_beta_reference_vs_beam_alpha_beta_wide,2000,300.0,1000,0,/Users/onumagakuto/Documents/最強しりとり/shiritori_ai/data/dictionaries/D10000_L2-12_seed2.runtime.json,beam_alpha_beta,0.11591279544557134,1480314.0,1666053.0,beam_alpha_beta_wide,47429.0,1,0.0,0.0,0.0,0.0,39413.0,0.362598333042115,7.973333333333334,0.090114,128620.0,0.0,0.277255,0.0,0,8.69345965841785,b51e30affded14d91de859b1d766d017e925d24e469bfa5bd71e5f31a80e54cd,150,150,first
c3025850fe74072e338c0dc84f044ce8036e4bee,10000,59edaee16af2b20642c56fa4bb9a8c35595ca110b1af4b4e9ca87dc6ac356675,0824de995be4df8286e04f923f31fd74155137b5eb25a6870a0541b2726977f6,2,0dfbacfcb5f87efe04db0bacd0cc8549169857e1283230885a79be52c1751607,beam_alpha_beta,0.18955674551024632,974707.0,1084112.0,beam_alpha_beta_deep_wide,27574.0,3,0.0,0.0,0.0,0.0,29510.0,0.6188760839868337,8.891891891891891,0.117099,82430.0,0.0,0.549335,0.0,0,7.013599583879113,beam_alpha_beta_deep_wide,0,ended_with_n,17.20338216703385,D10000_seed2_beam_alpha_beta_deep_wide_vs_alpha_beta_reference,2000,300.0,1000,0,/Users/onumagakuto/Documents/最強しりとり/shiritori_ai/data/dictionaries/D10000_L2-12_seed2.runtime.json,alpha_beta,0.2753247916698456,0.0,943131.0,alpha_beta_reference,24150.0,10,0.0,0.0,0.0,0.0,59473.0,0.8172043750528246,6.135135135135135,0.234565,93960.0,0.0,0.739665,0.0,0,10.187017291784286,b51e30affded14d91de859b1d766d017e925d24e469bfa5bd71e5f31a80e54cd,74,74,first
c3025850fe74072e338c0dc84f044ce8036e4bee,10000,59edaee16af2b20642c56fa4bb9a8c35595ca110b1af4b4e9ca87dc6ac356675,0824de995be4df8286e04f923f31fd74155137b5eb25a6870a0541b2726977f6,2,0dfbacfcb5f87efe04db0bacd0cc8549169857e1283230885a79be52c1751607,alpha_beta,0.3919494104280602,0.0,2510374.0,alpha_beta_reference,69714.0,26,0.0,0.0,0.0,0.0,200137.0,0.9676588331349194,5.6125,0.39436899999999997,296783.0,0.0,0.743544,0.0,0,31.355952834244817,beam_alpha_beta_deep_wide,0,ended_with_n,53.18881570803933,D10000_seed2_alpha_beta_reference_vs_beam_alpha_beta_deep_wide,2000,300.0,1000,0,/Users/onumagakuto/Documents/最強しりとり/shiritori_ai/data/dictionaries/D10000_L2-12_seed2.runtime.json,beam_alpha_beta,0.2762606302688865,2797084.0,3127575.0,beam_alpha_beta_deep_wide,80251.0,15,0.0,0.0,0.0,0.0,70534.0,1.000104707898572,8.721518987341772,0.230158,233204.0,0.0,0.785927,0.0,2,21.824589791242033,b51e30affded14d91de859b1d766d017e925d24e469bfa5bd71e5f31a80e54cd,159,159,second
c3025850fe74072e338c0dc84f044ce8036e4bee,10000,59edaee16af2b20642c56fa4bb9a8c35595ca110b1af4b4e9ca87dc6ac356675,0824de995be4df8286e04f923f31fd74155137b5eb25a6870a0541b2726977f6,2,0dfbacfcb5f87efe04db0bacd0cc8549169857e1283230885a79be52c1751607,beam_pvs,0.09923744241545057,1667397.0,1875990.0,beam_pvs_baseline,56420.0,1,0.0,0.0,0.0,0.0,40789.0,0.34423962514847517,7.982608695652174,0.085096,141050.0,42731.0,0.225043,1581.0,0,11.412305877776816,beam_pvs_baseline,0,ended_with_n,56.61255812481977,D10000_seed2_beam_pvs_baseline_vs_alpha_beta_reference,2000,300.0,1000,0,/Users/onumagakuto/Documents/最強しりとり/shiritori_ai/data/dictionaries/D10000_L2-12_seed2.runtime.json,alpha_beta,0.39295858547253454,0.0,4163042.0,alpha_beta_reference,110560.0,56,0.0,0.0,0.0,0.0,287275.0,1.0000540839973837,6.034782608695652,0.312597,448131.0,0.0,0.948002,0.0,5,45.19023732934147,b51e30affded14d91de859b1d766d017e925d24e469bfa5bd71e5f31a80e54cd,230,230,first
c3025850fe74072e338c0dc84f044ce8036e4bee,10000,59edaee16af2b20642c56fa4bb9a8c35595ca110b1af4b4e9ca87dc6ac356675,0824de995be4df8286e04f923f31fd74155137b5eb25a6870a0541b2726977f6,2,0dfbacfcb5f87efe04db0bacd0cc8549169857e1283230885a79be52c1751607,alpha_beta,0.38864411755639594,0.0,3972074.0,alpha_beta_reference,105352.0,40,0.0,0.0,0.0,0.0,258552.0,1.000037708086893,6.035714285714286,0.34781850000000003,406868.0,0.0,0.80927,0.0,2,43.528141166316345,beam_pvs_baseline,0,ended_with_n,59.578017082996666,D10000_seed2_alpha_beta_reference_vs_beam_pvs_baseline,2000,300.0,1000,0,/Users/onumagakuto/Documents/最強しりとり/shiritori_ai/data/dictionaries/D10000_L2-12_seed2.runtime.json,beam_pvs,0.14451866098134233,2444929.0,2710915.0,beam_pvs_baseline,72961.0,1,0.0,0.0,0.0,0.0,56793.0,0.30851904209703207,7.981981981981982,0.132689,184317.0,57142.0,0.269166,1735.0,0,16.041571368929,b51e30affded14d91de859b1d766d017e925d24e469bfa5bd71e5f31a80e54cd,223,223,second
c3025850fe74072e338c0dc84f044ce8036e4bee,10000,59edaee16af2b20642c56fa4bb9a8c35595ca110b1af4b4e9ca87dc6ac356675,0824de995be4df8286e04f923f31fd74155137b5eb25a6870a0541b2726977f6,2,0dfbacfcb5f87efe04db0bacd0cc8549169857e1283230885a79be52c1751607,beam_pvs,0.21451095428613082,1072653.0,1179364.0,beam_pvs_deep,30243.0,3,0.0,0.0,0.0,0.0,28480.0,0.6034081249963492,8.878048780487806,0.206997,80284.0,27771.0,0.430368,727.0,0,8.794949125731364,beam_pvs_deep,0,ended_with_n,22.993229542160407,D10000_seed2_beam_pvs_deep_vs_alpha_beta_reference,2000,300.0,1000,0,/Users/onumagakuto/Documents/最強しりとり/shiritori_ai/data/dictionaries/D10000_L2-12_seed2.runtime.json,alpha_beta,0.3548627363634296,0.0,1056407.0,alpha_beta_reference,24980.0,16,0.0,0.0,0.0,0.0,64852.0,1.0000347909517586,6.0,0.33603099999999997,102538.0,0.0,0.706194,0.0,1,14.194509454537183,b51e30affded14d91de859b1d766d017e925d24e469bfa5bd71e5f31a80e54cd,81,81,second
c3025850fe74072e338c0dc84f044ce8036e4bee,10000,59edaee16af2b20642c56fa4bb9a8c35595ca110b1af4b4e9ca87dc6ac356675,0824de995be4df8286e04f923f31fd74155137b5eb25a6870a0541b2726977f6,2,0dfbacfcb5f87efe04db0bacd0cc8549169857e1283230885a79be52c1751607,alpha_beta,0.3741704148557433,0.0,1395961.0,alpha_beta_reference,34301.0,16,0.0,0.0,0.0,0.0,88092.0,1.0000416671391577,6.0638297872340425,0.336443,137520.0,0.0,0.939217,0.0,1,17.586009498219937,beam_pvs_deep,0,ended_with_n,27.984702124958858,D10000_seed2_alpha_beta_reference_vs_beam_pvs_deep,2000,300.0,1000,0,/Users/onumagakuto/Documents/最強しりとり/shiritori_ai/data/dictionaries/D10000_L2-12_seed2.runtime.json,beam_pvs,0.22116125006961854,1356090.0,1496846.0,beam_pvs_deep,39639.0,7,0.0,0.0,0.0,0.0,38473.0,0.7739053340628743,8.829787234042554,0.198875,106834.0,37445.0,0.57032,1075.0,0,10.394578753272071,b51e30affded14d91de859b1d766d017e925d24e469bfa5bd71e5f31a80e54cd,94,94,first
c3025850fe74072e338c0dc84f044ce8036e4bee,10000,59edaee16af2b20642c56fa4bb9a8c35595ca110b1af4b4e9ca87dc6ac356675,0824de995be4df8286e04f923f31fd74155137b5eb25a6870a0541b2726977f6,2,0dfbacfcb5f87efe04db0bacd0cc8549169857e1283230885a79be52c1751607,beam_pvs,0.2696152006788571,4299736.0,4727804.0,beam_pvs_wide,118925.0,3,0.0,0.0,0.0,0.0,99927.0,0.5743207079358399,7.966386554621849,0.255028,302187.0,97440.0,0.511839,2472.0,0,32.08420888078399,beam_pvs_wide,0,ended_with_n,79.67710249987431,D10000_seed2_beam_pvs_wide_vs_alpha_beta_reference,2000,300.0,1000,0,/Users/onumagakuto/Documents/最強しりとり/shiritori_ai/data/dictionaries/D10000_L2-12_seed2.runtime.json,alpha_beta,0.39985815193425833,0.0,3730801.0,alpha_beta_reference,99780.0,50,0.0,0.0,0.0,0.0,261495.0,1.000053666997701,5.7478991596638656,0.332377,399860.0,0.0,0.983867,0.0,5,47.58312008017674,b51e30affded14d91de859b1d766d017e925d24e469bfa5bd71e5f31a80e54cd,238,238,first
c3025850fe74072e338c0dc84f044ce8036e4bee,10000,59edaee16af2b20642c56fa4bb9a8c35595ca110b1af4b4e9ca87dc6ac356675,0824de995be4df8286e04f923f31fd74155137b5eb25a6870a0541b2726977f6,2,0dfbacfcb5f87efe04db0bacd0cc8549169857e1283230885a79be52c1751607,alpha_beta,0.36276584410108625,0.0,1788054.0,alpha_beta_reference,49355.0,24,0.0,0.0,0.0,0.0,135387.0,1.0000349169131368,6.08,0.29268,204996.0,0.0,1.000026,0.0,3,18.138292205054313,beam_pvs_wide,0,ended_with_n,24.431497083045542,D10000_seed2_alpha_beta_reference_vs_beam_pvs_wide,2000,300.0,1000,0,/Users/onumagakuto/Documents/最強しりとり/shiritori_ai/data/dictionaries/D10000_L2-12_seed2.runtime.json,beam_pvs,0.12579081497620792,929404.0,1051176.0,beam_pvs_wide,34480.0,1,0.0,0.0,0.0,0.0,29179.0,0.5289430418051779,7.96,0.084592,88011.0,32084.0,0.349052,781.0,0,6.289540748810396,b51e30affded14d91de859b1d766d017e925d24e469bfa5bd71e5f31a80e54cd,100,100,first
c3025850fe74072e338c0dc84f044ce8036e4bee,10000,59edaee16af2b20642c56fa4bb9a8c35595ca110b1af4b4e9ca87dc6ac356675,0824de995be4df8286e04f923f31fd74155137b5eb25a6870a0541b2726977f6,2,0dfbacfcb5f87efe04db0bacd0cc8549169857e1283230885a79be52c1751607,beam_pvs,0.22391659178865259,2903500.0,3275583.0,beam_pvs_deep_wide,104717.0,7,0.0,0.0,0.0,0.0,85934.0,0.8454400000628084,8.898876404494382,0.166186,267009.0,88748.0,0.556441,1963.0,0,19.92857666919008,beam_pvs_deep_wide,0,ended_with_n,54.70768808410503,D10000_seed2_beam_pvs_deep_wide_vs_alpha_beta_reference,2000,300.0,1000,0,/Users/onumagakuto/Documents/最強しりとり/shiritori_ai/data/dictionaries/D10000_L2-12_seed2.runtime.json,alpha_beta,0.3951314228258773,0.0,3162625.0,alpha_beta_reference,89134.0,34,0.0,0.0,0.0,0.0,239333.0,1.0000752911437303,5.818181818181818,0.3250775,361673.0,0.0,0.998645,0.0,4,34.7715652086772,b51e30affded14d91de859b1d766d017e925d24e469bfa5bd71e5f31a80e54cd,177,177,second
c3025850fe74072e338c0dc84f044ce8036e4bee,10000,59edaee16af2b20642c56fa4bb9a8c35595ca110b1af4b4e9ca87dc6ac356675,0824de995be4df8286e04f923f31fd74155137b5eb25a6870a0541b2726977f6,2,0dfbacfcb5f87efe04db0bacd0cc8549169857e1283230885a79be52c1751607,alpha_beta,0.35406485088635237,0.0,1383097.0,alpha_beta_reference,36684.0,16,0.0,0.0,0.0,0.0,93979.0,1.0000599580816925,6.14,0.2887735,145950.0,0.0,1.00003,0.0,3,17.703242544317618,beam_pvs_deep_wide,0,ended_with_n,30.548067790921777,D10000_seed2_alpha_beta_reference_vs_beam_pvs_deep_wide,2000,300.0,1000,0,/Users/onumagakuto/Documents/最強しりとり/shiritori_ai/data/dictionaries/D10000_L2-12_seed2.runtime.json,beam_pvs,0.2620394464002504,1541316.0,1724817.0,beam_pvs_deep_wide,52735.0,7,0.0,0.0,0.0,0.0,51706.0,0.6970755839720368,8.653061224489797,0.271203,140297.0,51478.0,0.572067,1264.0,0,12.83993287361227,b51e30affded14d91de859b1d766d017e925d24e469bfa5bd71e5f31a80e54cd,99,99,second
c3025850fe74072e338c0dc84f044ce8036e4bee,10000,9430924a31ff3031ca6a0557562252b2a8abd5f2f723486d0145f4d76a139622,9655389c78dc509775999df2e4a5d1582a9b97956cc353e7741341a8d786ad18,3,0dfbacfcb5f87efe04db0bacd0cc8549169857e1283230885a79be52c1751607,beam_alpha_beta,0.12751924107516452,1185275.0,1307225.0,beam_alpha_beta_baseline,32256.0,1,0.0,0.0,0.0,0.0,31198.0,0.2724440419115126,7.9714285714285715,0.12802750000000002,89487.0,0.0,0.220908,0.0,0,8.926346875261515,beam_alpha_beta_baseline,0,ended_with_n,35.4192125829868,D10000_seed3_beam_alpha_beta_baseline_vs_alpha_beta_reference,3000,300.0,1000,0,/Users/onumagakuto/Documents/最強しりとり/shiritori_ai/data/dictionaries/D10000_L2-12_seed3.runtime.json,alpha_beta,0.38386697044758045,0.0,2127891.0,alpha_beta_reference,54383.0,20,0.0,0.0,0.0,0.0,139435.0,1.0000248339492828,5.869565217391305,0.417336,216740.0,0.0,0.710103,0.0,1,26.48682096088305,b51e30affded14d91de859b1d766d017e925d24e469bfa5bd71e5f31a80e54cd,139,139,second
c3025850fe74072e338c0dc84f044ce8036e4bee,10000,9430924a31ff3031ca6a0557562252b2a8abd5f2f723486d0145f4d76a139622,9655389c78dc509775999df2e4a5d1582a9b97956cc353e7741341a8d786ad18,3,0dfbacfcb5f87efe04db0bacd0cc8549169857e1283230885a79be52c1751607,alpha_beta,0.3969811509220355,0.0,4026970.0,alpha_beta_reference,102826.0,48,0.0,0.0,0.0,0.0,263388.0,1.0000442089512944,5.78740157480315,0.340143,407823.0,0.0,1.000031,0.0,9,50.41660616709851,beam_alpha_beta_baseline,0,ended_with_n,65.57221704209223,D10000_seed3_alpha_beta_reference_vs_beam_alpha_beta_baseline,3000,300.0,1000,0,/Users/onumagakuto/Documents/最強しりとり/shiritori_ai/data/dictionaries/D10000_L2-12_seed3.runtime.json,beam_alpha_beta,0.12020886339993762,2110428.0,2344392.0,beam_alpha_beta_baseline,61393.0,1,0.0,0.0,0.0,0.0,56535.0,0.23500125017017126,7.984126984126984,0.12219250000000001,168131.0,0.0,0.184299,0.0,0,15.146316788392141,b51e30affded14d91de859b1d766d017e925d24e469bfa5bd71e5f31a80e54cd,253,253,second
c3025850fe74072e338c0dc84f044ce8036e4bee,10000,9430924a31ff3031ca6a0557562252b2a8abd5f2f723486d0145f4d76a139622,9655389c78dc509775999df2e4a5d1582a9b97956cc353e7741341a8d786ad18,3,0dfbacfcb5f87efe04db0bacd0cc8549169857e1283230885a79be52c1751607,beam_alpha_beta,0.19467251628900514,1339090.0,1476827.0,beam_alpha_beta_deep,33961.0,1,0.0,0.0,0.0,0.0,40545.0,0.3427768340334296,8.956521739130435,0.2003005,107696.0,0.0,0.280453,0.0,0,8.954935749294236,beam_alpha_beta_deep,0,ended_with_n,24.176186790922657,D10000_seed3_beam_alpha_beta_deep_vs_alpha_beta_reference,3000,300.0,1000,0,/Users/onumagakuto/Documents/最強しりとり/shiritori_ai/data/dictionaries/D10000_L2-12_seed3.runtime.json,alpha_beta,0.33082621294559666,0.0,1452780.0,alpha_beta_reference,35310.0,18,0.0,0.0,0.0,0.0,92385.0,1.0000358331017196,6.304347826086956,0.297637,143727.0,0.0,0.660843,0.0,1,15.218005795497447,b51e30affded14d91de859b1d766d017e925d24e469bfa5bd71e5f31a80e54cd,92,92,first
c3025850fe74072e338c0dc84f044ce8036e4bee,10000,9430924a31ff3031ca6a0557562252b2a8abd5f2f723486d0145f4d76a139622,9655389c78dc509775999df2e4a5d1582a9b97956cc353e7741341a8d786ad18,3,0dfbacfcb5f87efe04db0bacd0cc8549169857e1283230885a79be52c1751607,alpha_beta,0.38807285509888184,0.0,5095696.0,alpha_beta_reference,140642.0,40,0.0,0.0,0.0,0.0,371178.0,1.000027250032872,6.221238938053097,0.35365,574506.0,0.0,0.880118,0.0,3,43.852232626173645,beam_alpha_beta_deep,0,ended_with_n,52.50351695809513,D10000_seed3_alpha_beta_reference_vs_beam_alpha_beta_deep,3000,300.0,1000,0,/Users/onumagakuto/Documents/最強しりとり/shiritori_ai/data/dictionaries/D10000_L2-12_seed3.runtime.json,beam_alpha_beta,0.07649858994615487,1576694.0,1773384.0,beam_alpha_beta_deep,47313.0,1,0.0,0.0,0.0,0.0,45587.0,0.3785602089483291,8.982300884955752,0.044111,144557.0,0.0,0.279485,0.0,0,8.6443406639155,b51e30affded14d91de859b1d766d017e925d24e469bfa5bd71e5f31a80e54cd,226,226,first
c3025850fe74072e338c0dc84f044ce8036e4bee,10000,9430924a31ff3031ca6a0557562252b2a8abd5f2f723486d0145f4d76a139622,9655389c78dc509775999df2e4a5d1582a9b97956cc353e7741341a8d786ad18,3,0dfbacfcb5f87efe04db0bacd0cc8549169857e1283230885a79be52c1751607,beam_alpha_beta,0.17431196240590685,2715035.0,3005189.0,beam_alpha_beta_wide,77316.0,1,0.0,0.0,0.0,0.0,72742.0,0.3394040421117097,7.980582524271845,0.178064,210486.0,0.0,0.300743,0.0,0,17.954132127808407,beam_alpha_beta_wide,0,ended_with_n,58.77484024991281,D10000_seed3_beam_alpha_beta_wide_vs_alpha_beta_reference,3000,300.0,1000,0,/Users/onumagakuto/Documents/最強しりとり/shiritori_ai/data/dictionaries/D10000_L2-12_seed3.runtime.json,alpha_beta,0.40013508696802985,0.0,3868972.0,alpha_beta_reference,99841.0,28,0.0,0.0,0.0,0.0,255798.0,1.0000324591528624,6.03921568627451,0.3888365,396965.0,0.0,0.806578,0.0,4,40.81377887073904,b51e30affded14d91de859b1d766d017e925d24e469bfa5bd71e5f31a80e54cd,205,205,second
c3025850fe74072e338c0dc84f044ce8036e4bee,10000,9430924a31ff3031ca6a0557562252b2a8abd5f2f723486d0145f4d76a139622,9655389c78dc509775999df2e4a5d1582a9b97956cc353e7741341a8d786ad18,3,0dfbacfcb5f87efe04db0bacd0cc8549169857e1283230885a79be52c1751607,alpha_beta,0.37518199890988263,0.0,1583267.0,alpha_beta_reference,42002.0,14,0.0,0.0,0.0,0.0,115182.0,1.0000332498457283,6.341463414634147,0.285818,175616.0,0.0,1.000028,0.0,5,15.382461955305189,beam_alpha_beta_wide,0,ended_with_n,19.83239687490277,D10000_seed3_alpha_beta_reference_vs_beam_alpha_beta_wide,3000,300.0,1000,0,/Users/onumagakuto/Documents/最強しりとり/shiritori_ai/data/dictionaries/D10000_L2-12_seed3.runtime.json,beam_alpha_beta,0.10847044512970237,735787.0,821767.0,beam_alpha_beta_wide,22541.0,1,0.0,0.0,0.0,0.0,22416.0,0.2907387081068009,7.951219512195122,0.090606,63733.0,0.0,0.263036,0.0,0,4.447288250317797,b51e30affded14d91de859b1d766d017e925d24e469bfa5bd71e5f31a80e54cd,82,82,first
c3025850fe74072e338c0dc84f044ce8036e4bee,10000,9430924a31ff3031ca6a0557562252b2a8abd5f2f723486d0145f4d76a139622,9655389c78dc509775999df2e4a5d1582a9b97956cc353e7741341a8d786ad18,3,0dfbacfcb5f87efe04db0bacd0cc8549169857e1283230885a79be52c1751607,beam_alpha_beta,0.21903955175420614,1903772.0,2114971.0,beam_alpha_beta_deep_wide,52383.0,3,0.0,0.0,0.0,0.0,56813.0,0.5892630838789046,8.925925925925926,0.20103100000000002,159605.0,0.0,0.49779,0.0,0,11.828135794727132,beam_alpha_beta_deep_wide,0,ended_with_n,33.6177132090088,D10000_seed3_beam_alpha_beta_deep_wide_vs_alpha_beta_reference,3000,300.0,1000,0,/Users/onumagakuto/Documents/最強しりとり/shiritori_ai/data/dictionaries/D10000_L2-12_seed3.runtime.json,alpha_beta,0.41104891821566336,0.0,2082101.0,alpha_beta_reference,53664.0,18,0.0,0.0,0.0,0.0,138433.0,1.0000467919744551,6.3584905660377355,0.347683,216528.0,0.0,1.00003,0.0,5,21.78559266543016,b51e30affded14d91de859b1d766d017e925d24e469bfa5bd71e5f31a80e54cd,107,107,second
c3025850fe74072e338c0dc84f044ce8036e4bee,10000,9430924a31ff3031ca6a0557562252b2a8abd5f2f723486d0145f4d76a139622,9655389c78dc509775999df2e4a5d1582a9b97956cc353e7741341a8d786ad18,3,0dfbacfcb5f87efe04db0bacd0cc8549169857e1283230885a79be52c1751607,alpha_beta,0.3969264637801002,0.0,2535083.0,alpha_beta_reference,69641.0,22,0.0,0.0,0.0,0.0,195662.0,1.0000307909213006,6.098360655737705,0.350587,293998.0,0.0,0.968213,0.0,3,24.212514290586114,beam_alpha_beta_deep_wide,0,ended_with_n,33.75442520878278,D10000_seed3_alpha_beta_reference_vs_beam_alpha_beta_deep_wide,3000,300.0,1000,0,/Users/onumagakuto/Documents/最強しりとり/shiritori_ai/data/dictionaries/D10000_L2-12_seed3.runtime.json,beam_alpha_beta,0.1563570867254414,1640749.0,1836748.0,beam_alpha_beta_deep_wide,48579.0,1,0.0,0.0,0.0,0.0,49201.0,0.5542990828398615,8.967213114754099,0.136827,146400.0,0.0,0.404491,0.0,0,9.537782290251926,b51e30affded14d91de859b1d766d017e925d24e469bfa5bd71e5f31a80e54cd,122,122,first
c3025850fe74072e338c0dc84f044ce8036e4bee,10000,9430924a31ff3031ca6a0557562252b2a8abd5f2f723486d0145f4d76a139622,9655389c78dc509775999df2e4a5d1582a9b97956cc353e7741341a8d786ad18,3,0dfbacfcb5f87efe04db0bacd0cc8549169857e1283230885a79be52c1751607,beam_pvs,0.09997407196682286,546576.0,602841.0,beam_pvs_baseline,16145.0,1,0.0,0.0,0.0,0.0,14876.0,0.19417454209178686,7.9393939393939394,0.100956,41633.0,14546.0,0.192308,364.0,0,3.299144374905154,beam_pvs_baseline,0,ended_with_n,14.807191625004634,D10000_seed3_beam_pvs_baseline_vs_alpha_beta_reference,3000,300.0,1000,0,/Users/onumagakuto/Documents/最強しりとり/shiritori_ai/data/dictionaries/D10000_L2-12_seed3.runtime.json,alpha_beta,0.34865780561372184,0.0,1091748.0,alpha_beta_reference,26369.0,12,0.0,0.0,0.0,0.0,74641.0,1.0000306670553982,6.03030303030303,0.317233,112133.0,0.0,1.000028,0.0,3,11.505707585252821,b51e30affded14d91de859b1d766d017e925d24e469bfa5bd71e5f31a80e54cd,66,66,first
c3025850fe74072e338c0dc84f044ce8036e4bee,10000,9430924a31ff3031ca6a0557562252b2a8abd5f2f723486d0145f4d76a139622,9655389c78dc509775999df2e4a5d1582a9b97956cc353e7741341a8d786ad18,3,0dfbacfcb5f87efe04db0bacd0cc8549169857e1283230885a79be52c1751607,alpha_beta,0.34431514068474545,0.0,844873.0,alpha_beta_reference,20691.0,12,0.0,0.0,0.0,0.0,70068.0,1.0000308339949697,6.137931034482759,0.282813,100301.0,0.0,1.000029,0.0,3,9.985139079857618,beam_pvs_baseline,0,ended_with_n,12.473653791937977,D10000_seed3_alpha_beta_reference_vs_beam_pvs_baseline,3000,300.0,1000,0,/Users/onumagakuto/Documents/最強しりとり/shiritori_ai/data/dictionaries/D10000_L2-12_seed3.runtime.json,beam_pvs,0.08880875883291342,405577.0,449586.0,beam_pvs_baseline,12867.0,1,0.0,0.0,0.0,0.0,11734.0,0.17609970807097852,7.928571428571429,0.0786905,32655.0,11477.0,0.173421,292.0,0,2.486645247321576,b51e30affded14d91de859b1d766d017e925d24e469bfa5bd71e5f31a80e54cd,57,57,second
c3025850fe74072e338c0dc84f044ce8036e4bee,10000,9430924a31ff3031ca6a0557562252b2a8abd5f2f723486d0145f4d76a139622,9655389c78dc509775999df2e4a5d1582a9b97956cc353e7741341a8d786ad18,3,0dfbacfcb5f87efe04db0bacd0cc8549169857e1283230885a79be52c1751607,beam_pvs,0.21774968926587868,2282682.0,2501355.0,beam_pvs_deep,60282.0,1,0.0,0.0,0.0,0.0,59926.0,0.545721375150606,8.972222222222221,0.205405,166371.0,58703.0,0.414519,1970.0,0,15.677977627143264,beam_pvs_deep,0,ended_with_n,40.290458207949996,D10000_seed3_beam_pvs_deep_vs_alpha_beta_reference,3000,300.0,1000,0,/Users/onumagakuto/Documents/最強しりとり/shiritori_ai/data/dictionaries/D10000_L2-12_seed3.runtime.json,alpha_beta,0.3417682361129361,0.0,2493573.0,alpha_beta_reference,59698.0,26,0.0,0.0,0.0,0.0,149554.0,1.0000274169724435,6.347222222222222,0.268717,236472.0,0.0,0.82731,0.0,1,24.6073130001314,b51e30affded14d91de859b1d766d017e925d24e469bfa5bd71e5f31a80e54cd,144,144,first
c3025850fe74072e338c0dc84f044ce8036e4bee,10000,9430924a31ff3031ca6a0557562252b2a8abd5f2f723486d0145f4d76a139622,9655389c78dc509775999df2e4a5d1582a9b97956cc353e7741341a8d786ad18,3,0dfbacfcb5f87efe04db0bacd0cc8549169857e1283230885a79be52c1751607,alpha_beta,0.3872032116187493,0.0,5468823.0,alpha_beta_reference,152099.0,36,0.0,0.0,0.0,0.0,369825.0,1.0000342919956893,6.260869565217392,0.330139,586227.0,0.0,0.884318,0.0,5,44.528369336156175,beam_pvs_deep,0,ended_with_n,54.03958608396351,D10000_seed3_alpha_beta_reference_vs_beam_pvs_deep,3000,300.0,1000,0,/Users/onumagakuto/Documents/最強しりとり/shiritori_ai/data/dictionaries/D10000_L2-12_seed3.runtime.json,beam_pvs,0.08264487137532105,1828215.0,2058576.0,beam_pvs_deep,63747.0,1,0.0,0.0,0.0,0.0,44572.0,0.37411612505093217,8.982608695652173,0.056043,160212.0,55306.0,0.260554,1862.0,0,9.50416020816192,b51e30affded14d91de859b1d766d017e925d24e469bfa5bd71e5f31a80e54cd,230,230,first
c3025850fe74072e338c0dc84f044ce8036e4bee,10000,9430924a31ff3031ca6a0557562252b2a8abd5f2f723486d0145f4d76a139622,9655389c78dc509775999df2e4a5d1582a9b97956cc353e7741341a8d786ad18,3,0dfbacfcb5f87efe04db0bacd0cc8549169857e1283230885a79be52c1751607,beam_pvs,0.1111465296891861,678671.0,758437.0,beam_pvs_wide,22270.0,1,0.0,0.0,0.0,0.0,19447.0,0.3436743749771267,7.947368421052632,0.09698699999999999,57531.0,20390.0,0.326489,432.0,0,4.223568128189072,beam_pvs_wide,0,ended_with_n,16.959020792040974,D10000_seed3_beam_pvs_wide_vs_alpha_beta_reference,3000,300.0,1000,0,/Users/onumagakuto/Documents/最強しりとり/shiritori_ai/data/dictionaries/D10000_L2-12_seed3.runtime.json,alpha_beta,0.34413135129127753,0.0,1331831.0,alpha_beta_reference,34988.0,8,0.0,0.0,0.0,0.0,90876.0,1.0000573750585318,6.324324324324325,0.279262,140740.0,0.0,1.000022,0.0,2,12.732859997777268,b51e30affded14d91de859b1d766d017e925d24e469bfa5bd71e5f31a80e54cd,75,75,second
c3025850fe74072e338c0dc84f044ce8036e4bee,10000,9430924a31ff3031ca6a0557562252b2a8abd5f2f723486d0145f4d76a139622,9655389c78dc509775999df2e4a5d1582a9b97956cc353e7741341a8d786ad18,3,0dfbacfcb5f87efe04db0bacd0cc8549169857e1283230885a79be52c1751607,alpha_beta,0.3644071026625702,0.0,1576488.0,alpha_beta_reference,41861.0,14,0.0,0.0,0.0,0.0,114812.0,1.0000582090578973,6.341463414634147,0.275323,175049.0,0.0,1.000026,0.0,4,14.94069120916538,beam_pvs_wide,0,ended_with_n,19.285087917000055,D10000_seed3_alpha_beta_reference_vs_beam_pvs_wide,3000,300.0,1000,0,/Users/onumagakuto/Documents/最強しりとり/shiritori_ai/data/dictionaries/D10000_L2-12_seed3.runtime.json,beam_pvs,0.10589825607291083,754673.0,843935.0,beam_pvs_wide,25124.0,1,0.0,0.0,0.0,0.0,21579.0,0.2576877078972757,7.951219512195122,0.091817,64263.0,22588.0,0.245547,481.0,0,4.341828498989344,b51e30affded14d91de859b1d766d017e925d24e469bfa5bd71e5f31a80e54cd,82,82,first
c3025850fe74072e338c0dc84f044ce8036e4bee,10000,9430924a31ff3031ca6a0557562252b2a8abd5f2f723486d0145f4d76a139622,9655389c78dc509775999df2e4a5d1582a9b97956cc353e7741341a8d786ad18,3,0dfbacfcb5f87efe04db0bacd0cc8549169857e1283230885a79be52c1751607,beam_pvs,0.1328953563591794,1882775.0,2108094.0,beam_pvs_deep_wide,62229.0,1,0.0,0.0,0.0,0.0,41917.0,0.5070836669765413,8.976470588235294,0.092947,153857.0,52622.0,0.428944,1624.0,0,11.29610529053025,beam_pvs_deep_wide,0,ended_with_n,43.077363333897665,D10000_seed3_beam_pvs_deep_wide_vs_alpha_beta_reference,3000,300.0,1000,0,/Users/onumagakuto/Documents/最強しりとり/shiritori_ai/data/dictionaries/D10000_L2-12_seed3.runtime.json,alpha_beta,0.3738215573132038,0.0,3467620.0,alpha_beta_reference,92312.0,28,0.0,0.0,0.0,0.0,222957.0,1.0000346251763403,6.235294117647059,0.338084,352972.0,0.0,0.891245,0.0,3,31.774832371622324,b51e30affded14d91de859b1d766d017e925d24e469bfa5bd71e5f31a80e54cd,170,170,first
c3025850fe74072e338c0dc84f044ce8036e4bee,10000,9430924a31ff3031ca6a0557562252b2a8abd5f2f723486d0145f4d76a139622,9655389c78dc509775999df2e4a5d1582a9b97956cc353e7741341a8d786ad18,3,0dfbacfcb5f87efe04db0bacd0cc8549169857e1283230885a79be52c1751607,alpha_beta,0.34372753655188715,0.0,1521880.0,alpha_beta_reference,40603.0,14,0.0,0.0,0.0,0.0,105461.0,1.0000299590174109,6.275,0.2878245,162719.0,0.0,0.891497,0.0,1,13.749101462075487,beam_pvs_deep_wide,0,ended_with_n,20.613733999896795,D10000_seed3_alpha_beta_reference_vs_beam_pvs_deep_wide,3000,300.0,1000,0,/Users/onumagakuto/Documents/最強しりとり/shiritori_ai/data/dictionaries/D10000_L2-12_seed3.runtime.json,beam_pvs,0.17594842616325387,1199083.0,1341377.0,beam_pvs_deep_wide,40690.0,1,0.0,0.0,0.0,0.0,34205.0,0.3830488750245422,8.948717948717949,0.195623,103745.0,35617.0,0.375415,785.0,0,6.861988620366901,b51e30affded14d91de859b1d766d017e925d24e469bfa5bd71e5f31a80e54cd,79,79,second
c3025850fe74072e338c0dc84f044ce8036e4bee,10000,111970c79836f310a1c9dac9d12efec6728a91c2dcdec5d45abc93eb83f42f02,35e9227570c996ccac4b63270c44f70172e04d094ba16a13f1f9d3ee41415bff,4,0dfbacfcb5f87efe04db0bacd0cc8549169857e1283230885a79be52c1751607,beam_alpha_beta,0.11183516110057931,1590030.0,1755312.0,beam_alpha_beta_baseline,43179.0,1,0.0,0.0,0.0,0.0,45035.0,0.21834120899438858,7.975903614457831,0.110433,124629.0,0.0,0.188756,0.0,0,9.282318371348083,beam_alpha_beta_baseline,0,ended_with_n,41.56285974988714,D10000_seed4_beam_alpha_beta_baseline_vs_alpha_beta_reference,4000,300.0,1000,0,/Users/onumagakuto/Documents/最強しりとり/shiritori_ai/data/dictionaries/D10000_L2-12_seed4.runtime.json,alpha_beta,0.3935989542557608,0.0,3369788.0,alpha_beta_reference,84512.0,18,0.0,0.0,0.0,0.0,226198.0,1.000024874927476,6.060975609756097,0.394386,344312.0,0.0,0.706905,0.0,3,32.275114248972386,b51e30affded14d91de859b1d766d017e925d24e469bfa5bd71e5f31a80e54cd,165,165,second
c3025850fe74072e338c0dc84f044ce8036e4bee,10000,111970c79836f310a1c9dac9d12efec6728a91c2dcdec5d45abc93eb83f42f02,35e9227570c996ccac4b63270c44f70172e04d094ba16a13f1f9d3ee41415bff,4,0dfbacfcb5f87efe04db0bacd0cc8549169857e1283230885a79be52c1751607,alpha_beta,0.39806828960607493,0.0,6654997.0,alpha_beta_reference,164353.0,62,0.0,0.0,0.0,0.0,446237.0,1.0000341669656336,5.8011695906432745,0.380866,673766.0,0.0,1.000022,0.0,9,68.06967752263881,beam_alpha_beta_baseline,0,ended_with_n,84.98316529206932,D10000_seed4_alpha_beta_reference_vs_beam_alpha_beta_baseline,4000,300.0,1000,0,/Users/onumagakuto/Documents/最強しりとり/shiritori_ai/data/dictionaries/D10000_L2-12_seed4.runtime.json,beam_alpha_beta,0.09942801765933194,3024292.0,3332693.0,beam_alpha_beta_baseline,80592.0,1,0.0,0.0,0.0,0.0,76708.0,0.2064084999728948,7.988235294117647,0.104532,224510.0,0.0,0.164956,0.0,0,16.90276300208643,b51e30affded14d91de859b1d766d017e925d24e469bfa5bd71e5f31a80e54cd,341,341,second
c3025850fe74072e338c0dc84f044ce8036e4bee,10000,111970c79836f310a1c9dac9d12efec6728a91c2dcdec5d45abc93eb83f42f02,35e9227570c996ccac4b63270c44f70172e04d094ba16a13f1f9d3ee41415bff,4,0dfbacfcb5f87efe04db0bacd0cc8549169857e1283230885a79be52c1751607,beam_alpha_beta,0.1020828360210984,507401.0,557754.0,beam_alpha_beta_deep,12564.0,1,0.0,0.0,0.0,0.0,13869.0,0.24016024987213314,8.935483870967742,0.094997,38145.0,0.0,0.234373,0.0,0,3.1645679166540504,beam_alpha_beta_deep,0,ended_with_n,13.589956250041723,D10000_seed4_beam_alpha_beta_deep_vs_alpha_beta_reference,4000,300.0,1000,0,/Users/onumagakuto/Documents/最強しりとり/shiritori_ai/data/dictionaries/D10000_L2-12_seed4.runtime.json,alpha_beta,0.3474435596882055,0.0,1010467.0,alpha_beta_reference,23045.0,14,0.0,0.0,0.0,0.0,66552.0,1.0000299159437418,6.2,0.266242,100811.0,0.0,0.915792,0.0,1,10.423306790646166,b51e30affded14d91de859b1d766d017e925d24e469bfa5bd71e5f31a80e54cd,61,61,second
c3025850fe74072e338c0dc84f044ce8036e4bee,10000,111970c79836f310a1c9dac9d12efec6728a91c2dcdec5d45abc93eb83f42f02,35e9227570c996ccac4b63270c44f70172e04d094ba16a13f1f9d3ee41415bff,4,0dfbacfcb5f87efe04db0bacd0cc8549169857e1283230885a79be52c1751607,alpha_beta,0.25928057196804066,0.0,905109.0,alpha_beta_reference,20862.0,6,0.0,0.0,0.0,0.0,55256.0,0.6680207499302924,6.393939393939394,0.226817,84608.0,0.0,0.574119,0.0,0,8.556258874945343,beam_alpha_beta_deep,0,ended_with_n,12.67872062488459,D10000_seed4_alpha_beta_reference_vs_beam_alpha_beta_deep,4000,300.0,1000,0,/Users/onumagakuto/Documents/最強しりとり/shiritori_ai/data/dictionaries/D10000_L2-12_seed4.runtime.json,beam_alpha_beta,0.12875799609173555,666783.0,735920.0,beam_alpha_beta_deep,17529.0,1,0.0,0.0,0.0,0.0,18434.0,0.30950912507250905,8.9375,0.116203,51862.0,0.0,0.265477,0.0,0,4.120255874935538,b51e30affded14d91de859b1d766d017e925d24e469bfa5bd71e5f31a80e54cd,65,65,second
c3025850fe74072e338c0dc84f044ce8036e4bee,10000,111970c79836f310a1c9dac9d12efec6728a91c2dcdec5d45abc93eb83f42f02,35e9227570c996ccac4b63270c44f70172e04d094ba16a13f1f9d3ee41415bff,4,0dfbacfcb5f87efe04db0bacd0cc8549169857e1283230885a79be52c1751607,beam_alpha_beta,0.12640355580213775,864283.0,946061.0,beam_alpha_beta_wide,21317.0,1,0.0,0.0,0.0,0.0,20929.0,0.2505280419718474,7.951219512195122,0.129923,59598.0,0.0,0.226448,0.0,0,5.182545787887648,beam_alpha_beta_wide,0,ended_with_n,18.277709709014744,D10000_seed4_beam_alpha_beta_wide_vs_alpha_beta_reference,4000,300.0,1000,0,/Users/onumagakuto/Documents/最強しりとり/shiritori_ai/data/dictionaries/D10000_L2-12_seed4.runtime.json,alpha_beta,0.3193237773233616,0.0,1297574.0,alpha_beta_reference,31998.0,16,0.0,0.0,0.0,0.0,78552.0,1.0000251249875873,6.2926829268292686,0.275922,123552.0,0.0,0.807211,0.0,1,13.092274870257825,b51e30affded14d91de859b1d766d017e925d24e469bfa5bd71e5f31a80e54cd,82,82,first
c3025850fe74072e338c0dc84f044ce8036e4bee,10000,111970c79836f310a1c9dac9d12efec6728a91c2dcdec5d45abc93eb83f42f02,35e9227570c996ccac4b63270c44f70172e04d094ba16a13f1f9d3ee41415bff,4,0dfbacfcb5f87efe04db0bacd0cc8549169857e1283230885a79be52c1751607,alpha_beta,0.4008321391113719,0.0,5495627.0,alpha_beta_reference,137847.0,56,0.0,0.0,0.0,0.0,393518.0,1.000040333950892,5.719424460431655,0.38043,583839.0,0.0,0.783809,0.0,4,55.71566733648069,beam_alpha_beta_wide,0,ended_with_n,75.55526908393949,D10000_seed4_alpha_beta_reference_vs_beam_alpha_beta_wide,4000,300.0,1000,0,/Users/onumagakuto/Documents/最強しりとり/shiritori_ai/data/dictionaries/D10000_L2-12_seed4.runtime.json,beam_alpha_beta,0.14369969957413664,3653601.0,4043535.0,beam_alpha_beta_wide,101367.0,1,0.0,0.0,0.0,0.0,98205.0,0.2775815830100328,7.9855072463768115,0.150128,283900.0,0.0,0.21342,0.0,0,19.830558541230857,b51e30affded14d91de859b1d766d017e925d24e469bfa5bd71e5f31a80e54cd,277,277,second
c3025850fe74072e338c0dc84f044ce8036e4bee,10000,111970c79836f310a1c9dac9d12efec6728a91c2dcdec5d45abc93eb83f42f02,35e9227570c996ccac4b63270c44f70172e04d094ba16a13f1f9d3ee41415bff,4,0dfbacfcb5f87efe04db0bacd0cc8549169857e1283230885a79be52c1751607,beam_alpha_beta,0.2000538764987141,897905.0,990053.0,beam_alpha_beta_deep_wide,23217.0,1,0.0,0.0,0.0,0.0,25185.0,0.4547468749806285,8.928571428571429,0.2204465,69982.0,0.0,0.419353,0.0,0,5.6015085419639945,beam_alpha_beta_deep_wide,0,ended_with_n,13.33844216610305,D10000_seed4_beam_alpha_beta_deep_wide_vs_alpha_beta_reference,4000,300.0,1000,0,/Users/onumagakuto/Documents/最強しりとり/shiritori_ai/data/dictionaries/D10000_L2-12_seed4.runtime.json,alpha_beta,0.28647887637769737,0.0,735402.0,alpha_beta_reference,19522.0,8,0.0,0.0,0.0,0.0,55176.0,1.000026582973078,6.296296296296297,0.231393,83181.0,0.0,1.000025,0.0,2,7.734929662197828,b51e30affded14d91de859b1d766d017e925d24e469bfa5bd71e5f31a80e54cd,55,55,second
c3025850fe74072e338c0dc84f044ce8036e4bee,10000,111970c79836f310a1c9dac9d12efec6728a91c2dcdec5d45abc93eb83f42f02,35e9227570c996ccac4b63270c44f70172e04d094ba16a13f1f9d3ee41415bff,4,0dfbacfcb5f87efe04db0bacd0cc8549169857e1283230885a79be52c1751607,alpha_beta,0.3994361400830271,0.0,6242866.0,alpha_beta_reference,156313.0,68,0.0,0.0,0.0,0.0,455908.0,1.0000340000260621,5.7251461988304095,0.343246,673627.0,0.0,1.000023,0.0,10,68.30357995419763,beam_alpha_beta_deep_wide,0,ended_with_n,115.95626212493517,D10000_seed4_alpha_beta_reference_vs_beam_alpha_beta_deep_wide,4000,300.0,1000,0,/Users/onumagakuto/Documents/最強しりとり/shiritori_ai/data/dictionaries/D10000_L2-12_seed4.runtime.json,beam_alpha_beta,0.2802266409415204,7638514.0,8461024.0,beam_alpha_beta_deep_wide,193568.0,11,0.0,0.0,0.0,0.0,233203.0,0.6906031249091029,8.929411764705883,0.25514400000000004,633830.0,0.0,0.530783,0.0,0,47.638528960058466,b51e30affded14d91de859b1d766d017e925d24e469bfa5bd71e5f31a80e54cd,341,341,second
c3025850fe74072e338c0dc84f044ce8036e4bee,10000,111970c79836f310a1c9dac9d12efec6728a91c2dcdec5d45abc93eb83f42f02,35e9227570c996ccac4b63270c44f70172e04d094ba16a13f1f9d3ee41415bff,4,0dfbacfcb5f87efe04db0bacd0cc8549169857e1283230885a79be52c1751607,beam_pvs,0.13008751240844854,2409389.0,2670613.0,beam_pvs_baseline,73253.0,1,0.0,0.0,0.0,0.0,65686.0,0.3062024998944253,7.982456140350878,0.1257125,190865.0,64656.0,0.26841,2263.0,0,14.829976414563134,beam_pvs_baseline,0,ended_with_n,58.27833837503567,D10000_seed4_beam_pvs_baseline_vs_alpha_beta_reference,4000,300.0,1000,0,/Users/onumagakuto/Documents/最強しりとり/shiritori_ai/data/dictionaries/D10000_L2-12_seed4.runtime.json,alpha_beta,0.38442979170322683,0.0,4651290.0,alpha_beta_reference,119332.0,28,0.0,0.0,0.0,0.0,293873.0,0.9868894170504063,6.035398230088496,0.379605,459156.0,0.0,0.837532,0.0,0,43.44056646246463,b51e30affded14d91de859b1d766d017e925d24e469bfa5bd71e5f31a80e54cd,227,227,second
c3025850fe74072e338c0dc84f044ce8036e4bee,10000,111970c79836f310a1c9dac9d12efec6728a91c2dcdec5d45abc93eb83f42f02,35e9227570c996ccac4b63270c44f70172e04d094ba16a13f1f9d3ee41415bff,4,0dfbacfcb5f87efe04db0bacd0cc8549169857e1283230885a79be52c1751607,alpha_beta,0.3673213200761811,0.0,4804065.0,alpha_beta_reference,121356.0,58,0.0,0.0,0.0,0.0,338712.0,1.0000213750172406,5.6716417910447765,0.2929475,505960.0,0.0,0.769959,0.0,1,49.221056890208274,beam_pvs_baseline,0,ended_with_n,63.06815866706893,D10000_seed4_alpha_beta_reference_vs_beam_pvs_baseline,4000,300.0,1000,0,/Users/onumagakuto/Documents/最強しりとり/shiritori_ai/data/dictionaries/D10000_L2-12_seed4.runtime.json,beam_pvs,0.10404953228736899,2552445.0,2820536.0,beam_pvs_baseline,74171.0,1,0.0,0.0,0.0,0.0,65376.0,0.20812095887959003,7.984962406015038,0.100667,193362.0,64574.0,0.175689,1959.0,0,13.838587794220075,b51e30affded14d91de859b1d766d017e925d24e469bfa5bd71e5f31a80e54cd,267,267,second
c3025850fe74072e338c0dc84f044ce8036e4bee,10000,111970c79836f310a1c9dac9d12efec6728a91c2dcdec5d45abc93eb83f42f02,35e9227570c996ccac4b63270c44f70172e04d094ba16a13f1f9d3ee41415bff,4,0dfbacfcb5f87efe04db0bacd0cc8549169857e1283230885a79be52c1751607,beam_pvs,0.1006280805128787,489976.0,538027.0,beam_pvs_deep,13185.0,1,0.0,0.0,0.0,0.0,12323.0,0.17701737489551306,8.931034482758621,0.118279,35427.0,12113.0,0.168118,231.0,0,2.9182143348734826,beam_pvs_deep,0,ended_with_n,13.084933582926169,D10000_seed4_beam_pvs_deep_vs_alpha_beta_reference,4000,300.0,1000,0,/Users/onumagakuto/Documents/最強しりとり/shiritori_ai/data/dictionaries/D10000_L2-12_seed4.runtime.json,alpha_beta,0.3630249062137279,0.0,1020929.0,alpha_beta_reference,23756.0,14,0.0,0.0,0.0,0.0,62612.0,1.0000285001005977,6.214285714285714,0.275941,96455.0,0.0,1.000027,0.0,3,10.164697373984382,b51e30affded14d91de859b1d766d017e925d24e469bfa5bd71e5f31a80e54cd,57,57,second
c3025850fe74072e338c0dc84f044ce8036e4bee,10000,111970c79836f310a1c9dac9d12efec6728a91c2dcdec5d45abc93eb83f42f02,35e9227570c996ccac4b63270c44f70172e04d094ba16a13f1f9d3ee41415bff,4,0dfbacfcb5f87efe04db0bacd0cc8549169857e1283230885a79be52c1751607,alpha_beta,0.2944685604714323,0.0,1180564.0,alpha_beta_reference,27275.0,10,0.0,0.0,0.0,0.0,79394.0,1.0000262500252575,6.325,0.2188235,118283.0,0.0,0.702463,0.0,2,11.778742418857291,beam_pvs_deep,0,ended_with_n,18.562585749896243,D10000_seed4_alpha_beta_reference_vs_beam_pvs_deep,4000,300.0,1000,0,/Users/onumagakuto/Documents/最強しりとり/shiritori_ai/data/dictionaries/D10000_L2-12_seed4.runtime.json,beam_pvs,0.1738762543297922,1101908.0,1208714.0,beam_pvs_deep,29327.0,1,0.0,0.0,0.0,0.0,27935.0,0.35751329199410975,8.948717948717949,0.17882,79610.0,27344.0,0.340534,663.0,0,6.781173918861896,b51e30affded14d91de859b1d766d017e925d24e469bfa5bd71e5f31a80e54cd,79,79,second
c3025850fe74072e338c0dc84f044ce8036e4bee,10000,111970c79836f310a1c9dac9d12efec6728a91c2dcdec5d45abc93eb83f42f02,35e9227570c996ccac4b63270c44f70172e04d094ba16a13f1f9d3ee41415bff,4,0dfbacfcb5f87efe04db0bacd0cc8549169857e1283230885a79be52c1751607,beam_pvs,0.13305566442125527,854017.0,936810.0,beam_pvs_wide,23410.0,1,0.0,0.0,0.0,0.0,20658.0,0.3991496250964701,7.947368421052632,0.12365500000000001,59759.0,20336.0,0.326138,493.0,0,5.0561152480077,beam_pvs_wide,0,ended_with_n,17.251973958918825,D10000_seed4_beam_pvs_wide_vs_alpha_beta_reference,4000,300.0,1000,0,/Users/onumagakuto/Documents/最強しりとり/shiritori_ai/data/dictionaries/D10000_L2-12_seed4.runtime.json,alpha_beta,0.3208757346851359,0.0,1235117.0,alpha_beta_reference,30231.0,12,0.0,0.0,0.0,0.0,74368.0,1.0000308752059937,6.394736842105263,0.272945,116777.0,0.0,0.908504,0.0,1,12.193277918035164,b51e30affded14d91de859b1d766d017e925d24e469bfa5bd71e5f31a80e54cd,76,76,first
c3025850fe74072e338c0dc84f044ce8036e4bee,10000,111970c79836f310a1c9dac9d12efec6728a91c2dcdec5d45abc93eb83f42f02,35e9227570c996ccac4b63270c44f70172e04d094ba16a13f1f9d3ee41415bff,4,0dfbacfcb5f87efe04db0bacd0cc8549169857e1283230885a79be52c1751607,alpha_beta,0.39029846841578636,0.0,6447797.0,alpha_beta_reference,161341.0,46,0.0,0.0,0.0,0.0,436578.0,0.911299291998148,5.814814814814815,0.4245955,661842.0,0.0,0.643275,0.0,0,63.22835188335739,beam_pvs_wide,0,ended_with_n,90.15601387503557,D10000_seed4_alpha_beta_reference_vs_beam_pvs_wide,4000,300.0,1000,0,/Users/onumagakuto/Documents/最強しりとり/shiritori_ai/data/dictionaries/D10000_L2-12_seed4.runtime.json,beam_pvs,0.16615386685373745,4943402.0,5472278.0,beam_pvs_wide,143739.0,1,0.0,0.0,0.0,0.0,126039.0,0.5666607080493122,7.987654320987654,0.155109,377024.0,124903.0,0.278749,3631.0,0,26.916926430305466,b51e30affded14d91de859b1d766d017e925d24e469bfa5bd71e5f31a80e54cd,324,324,first
c3025850fe74072e338c0dc84f044ce8036e4bee,10000,111970c79836f310a1c9dac9d12efec6728a91c2dcdec5d45abc93eb83f42f02,35e9227570c996ccac4b63270c44f70172e04d094ba16a13f1f9d3ee41415bff,4,0dfbacfcb5f87efe04db0bacd0cc8549169857e1283230885a79be52c1751607,beam_pvs,0.22415335264356276,936440.0,1032454.0,beam_pvs_deep_wide,26963.0,1,0.0,0.0,0.0,0.0,23425.0,0.5292528751306236,8.928571428571429,0.2747225,69893.0,23411.0,0.423523,429.0,0,6.276293874019757,beam_pvs_deep_wide,0,ended_with_n,13.809658791869879,D10000_seed4_beam_pvs_deep_wide_vs_alpha_beta_reference,4000,300.0,1000,0,/Users/onumagakuto/Documents/最強しりとり/shiritori_ai/data/dictionaries/D10000_L2-12_seed4.runtime.json,alpha_beta,0.2789328255414687,0.0,679636.0,alpha_beta_reference,17963.0,6,0.0,0.0,0.0,0.0,49785.0,0.9866926660761237,6.2592592592592595,0.218862,75442.0,0.0,0.724904,0.0,0,7.531186289619654,b51e30affded14d91de859b1d766d017e925d24e469bfa5bd71e5f31a80e54cd,55,55,second
c3025850fe74072e338c0dc84f044ce8036e4bee,10000,111970c79836f310a1c9dac9d12efec6728a91c2dcdec5d45abc93eb83f42f02,35e9227570c996ccac4b63270c44f70172e04d094ba16a13f1f9d3ee41415bff,4,0dfbacfcb5f87efe04db0bacd0cc8549169857e1283230885a79be52c1751607,alpha_beta,0.40243151137476085,0.0,9522283.0,alpha_beta_reference,246429.0,92,0.0,0.0,0.0,0.0,699061.0,1.0000334167852998,5.866028708133971,0.335866,1046508.0,0.0,0.940741,0.0,7,84.10818587732501,beam_pvs_deep_wide,0,ended_with_n,135.1531227908563,D10000_seed4_alpha_beta_reference_vs_beam_pvs_deep_wide,4000,300.0,1000,0,/Users/onumagakuto/Documents/最強しりとり/shiritori_ai/data/dictionaries/D10000_L2-12_seed4.runtime.json,beam_pvs,0.24416645232846507,9591048.0,10659605.0,beam_pvs_deep_wide,302486.0,11,0.0,0.0,0.0,0.0,264716.0,0.8836008340585977,8.942583732057416,0.232566,784075.0,268140.0,0.499944,5898.0,0,51.0307885366492,b51e30affded14d91de859b1d766d017e925d24e469bfa5bd71e5f31a80e54cd,418,418,first
c3025850fe74072e338c0dc84f044ce8036e4bee,10000,16727829db50592bd91461a32c88ce3935546af2b51a4d31221715fc39521165,77762247e66574985c0d98bd20f17ec78d8ef65945617f505988fdf398810001,5,0dfbacfcb5f87efe04db0bacd0cc8549169857e1283230885a79be52c1751607,beam_alpha_beta,0.12299562573263591,1815324.0,2041779.0,beam_alpha_beta_baseline,56262.0,1,0.0,0.0,0.0,0.0,53905.0,0.30654550017789006,7.9818181818181815,0.118871,163674.0,0.0,0.229241,0.0,0,13.52951883058995,beam_alpha_beta_baseline,0,ended_with_n,53.1222207499668,D10000_seed5_beam_alpha_beta_baseline_vs_alpha_beta_reference,5000,300.0,1000,0,/Users/onumagakuto/Documents/最強しりとり/shiritori_ai/data/dictionaries/D10000_L2-12_seed5.runtime.json,alpha_beta,0.3631529579315027,0.0,3324534.0,alpha_beta_reference,87919.0,46,0.0,0.0,0.0,0.0,254369.0,1.0000419169664383,5.669724770642202,0.280367,378016.0,0.0,0.74419,0.0,1,39.583672414533794,b51e30affded14d91de859b1d766d017e925d24e469bfa5bd71e5f31a80e54cd,219,219,second
c3025850fe74072e338c0dc84f044ce8036e4bee,10000,16727829db50592bd91461a32c88ce3935546af2b51a4d31221715fc39521165,77762247e66574985c0d98bd20f17ec78d8ef65945617f505988fdf398810001,5,0dfbacfcb5f87efe04db0bacd0cc8549169857e1283230885a79be52c1751607,alpha_beta,0.34606515967041357,0.0,2109606.0,alpha_beta_reference,55495.0,30,0.0,0.0,0.0,0.0,156395.0,0.9475352079607546,5.875,0.269544,233906.0,0.0,0.911197,0.0,0,24.916691496269777,beam_alpha_beta_baseline,0,ended_with_n,31.485878250095993,D10000_seed5_alpha_beta_reference_vs_beam_alpha_beta_baseline,5000,300.0,1000,0,/Users/onumagakuto/Documents/最強しりとり/shiritori_ai/data/dictionaries/D10000_L2-12_seed5.runtime.json,beam_alpha_beta,0.09245039085188592,897988.0,1008279.0,beam_alpha_beta_baseline,27795.0,1,0.0,0.0,0.0,0.0,26754.0,0.24133637500926852,7.971830985915493,0.084414,79718.0,0.0,0.181464,0.0,0,6.5639777504839,b51e30affded14d91de859b1d766d017e925d24e469bfa5bd71e5f31a80e54cd,143,143,second
c3025850fe74072e338c0dc84f044ce8036e4bee,10000,16727829db50592bd91461a32c88ce3935546af2b51a4d31221715fc39521165,77762247e66574985c0d98bd20f17ec78d8ef65945617f505988fdf398810001,5,0dfbacfcb5f87efe04db0bacd0cc8549169857e1283230885a79be52c1751607,beam_alpha_beta,0.22743845719991154,2339446.0,2600496.0,beam_alpha_beta_deep,64030.0,1,0.0,0.0,0.0,0.0,72447.0,0.5548994168639183,8.973684210526315,0.217828,200200.0,0.0,0.494931,0.0,0,17.285322747193277,beam_alpha_beta_deep,0,ended_with_n,46.54514654097147,D10000_seed5_beam_alpha_beta_deep_vs_alpha_beta_reference,5000,300.0,1000,0,/Users/onumagakuto/Documents/最強しりとり/shiritori_ai/data/dictionaries/D10000_L2-12_seed5.runtime.json,alpha_beta,0.3900363122858107,0.0,2519370.0,alpha_beta_reference,67074.0,26,0.0,0.0,0.0,0.0,190653.0,1.0000430000945926,5.8133333333333335,0.354456,282472.0,0.0,1.000033,0.0,6,29.252723421435803,b51e30affded14d91de859b1d766d017e925d24e469bfa5bd71e5f31a80e54cd,151,151,second
c3025850fe74072e338c0dc84f044ce8036e4bee,10000,16727829db50592bd91461a32c88ce3935546af2b51a4d31221715fc39521165,77762247e66574985c0d98bd20f17ec78d8ef65945617f505988fdf398810001,5,0dfbacfcb5f87efe04db0bacd0cc8549169857e1283230885a79be52c1751607,alpha_beta,0.41729109569477213,0.0,4634973.0,alpha_beta_reference,122664.0,48,0.0,0.0,0.0,0.0,321901.0,1.0000924998894334,5.964912280701754,0.348076,492857.0,0.0,1.000028,0.0,6,47.57118490920402,beam_alpha_beta_deep,0,ended_with_n,63.27022612490691,D10000_seed5_alpha_beta_reference_vs_beam_alpha_beta_deep,5000,300.0,1000,0,/Users/onumagakuto/Documents/最強しりとり/shiritori_ai/data/dictionaries/D10000_L2-12_seed5.runtime.json,beam_alpha_beta,0.13763131684697183,2390942.0,2661777.0,beam_alpha_beta_deep,64905.0,1,0.0,0.0,0.0,0.0,65759.0,0.36192658287473023,8.982456140350877,0.0949415,198626.0,0.0,0.303573,0.0,0,15.68997012055479,b51e30affded14d91de859b1d766d017e925d24e469bfa5bd71e5f31a80e54cd,228,228,first
c3025850fe74072e338c0dc84f044ce8036e4bee,10000,16727829db50592bd91461a32c88ce3935546af2b51a4d31221715fc39521165,77762247e66574985c0d98bd20f17ec78d8ef65945617f505988fdf398810001,5,0dfbacfcb5f87efe04db0bacd0cc8549169857e1283230885a79be52c1751607,beam_alpha_beta,0.1097658603616497,1099155.0,1240319.0,beam_alpha_beta_wide,35088.0,1,0.0,0.0,0.0,0.0,35100.0,0.3267643330618739,7.970588235294118,0.1045105,102309.0,0.0,0.21927,0.0,0,7.46407850459218,beam_alpha_beta_wide,0,ended_with_n,31.33935008291155,D10000_seed5_beam_alpha_beta_wide_vs_alpha_beta_reference,5000,300.0,1000,0,/Users/onumagakuto/Documents/最強しりとり/shiritori_ai/data/dictionaries/D10000_L2-12_seed5.runtime.json,alpha_beta,0.35626329851698185,0.0,2259333.0,alpha_beta_reference,60058.0,20,0.0,0.0,0.0,0.0,165641.0,0.9770466252230108,6.0,0.318871,250156.0,0.0,0.763396,0.0,0,23.869641000637785,b51e30affded14d91de859b1d766d017e925d24e469bfa5bd71e5f31a80e54cd,135,135,second
c3025850fe74072e338c0dc84f044ce8036e4bee,10000,16727829db50592bd91461a32c88ce3935546af2b51a4d31221715fc39521165,77762247e66574985c0d98bd20f17ec78d8ef65945617f505988fdf398810001,5,0dfbacfcb5f87efe04db0bacd0cc8549169857e1283230885a79be52c1751607,alpha_beta,0.3649966161894171,0.0,1854222.0,alpha_beta_reference,50016.0,20,0.0,0.0,0.0,0.0,145520.0,0.927942959126085,5.87719298245614,0.359713,215546.0,0.0,0.814929,0.0,0,20.804807122796774,beam_alpha_beta_wide,0,ended_with_n,28.729722167132422,D10000_seed5_alpha_beta_reference_vs_beam_alpha_beta_wide,5000,300.0,1000,0,/Users/onumagakuto/Documents/最強しりとり/shiritori_ai/data/dictionaries/D10000_L2-12_seed5.runtime.json,beam_alpha_beta,0.13896002929674037,1108256.0,1244479.0,beam_alpha_beta_wide,34572.0,1,0.0,0.0,0.0,0.0,34947.0,0.38927954202517867,7.964912280701754,0.129553,99951.0,0.0,0.275641,0.0,0,7.920721669914201,b51e30affded14d91de859b1d766d017e925d24e469bfa5bd71e5f31a80e54cd,114,114,first
c3025850fe74072e338c0dc84f044ce8036e4bee,10000,16727829db50592bd91461a32c88ce3935546af2b51a4d31221715fc39521165,77762247e66574985c0d98bd20f17ec78d8ef65945617f505988fdf398810001,5,0dfbacfcb5f87efe04db0bacd0cc8549169857e1283230885a79be52c1751607,beam_alpha_beta,0.15265941663726584,2422930.0,2738485.0,beam_alpha_beta_deep_wide,74635.0,1,0.0,0.0,0.0,0.0,77420.0,0.5044284169562161,8.980582524271844,0.12648,234272.0,0.0,0.320211,0.0,0,15.723919913638383,beam_alpha_beta_deep_wide,0,ended_with_n,57.06053533311933,D10000_seed5_beam_alpha_beta_deep_wide_vs_alpha_beta_reference,5000,300.0,1000,0,/Users/onumagakuto/Documents/最強しりとり/shiritori_ai/data/dictionaries/D10000_L2-12_seed5.runtime.json,alpha_beta,0.40124805947286485,0.0,3913235.0,alpha_beta_reference,105277.0,40,0.0,0.0,0.0,0.0,300231.0,1.0000490420497954,5.951456310679611,0.357326,447235.0,0.0,0.999003,0.0,5,41.32855012570508,b51e30affded14d91de859b1d766d017e925d24e469bfa5bd71e5f31a80e54cd,206,206,first
c3025850fe74072e338c0dc84f044ce8036e4bee,10000,16727829db50592bd91461a32c88ce3935546af2b51a4d31221715fc39521165,77762247e66574985c0d98bd20f17ec78d8ef65945617f505988fdf398810001,5,0dfbacfcb5f87efe04db0bacd0cc8549169857e1283230885a79be52c1751607,alpha_beta,0.3957408333804867,0.0,3168032.0,alpha_beta_reference,86347.0,28,0.0,0.0,0.0,0.0,231667.0,1.000034875003621,5.975609756097561,0.344717,351026.0,0.0,0.999548,0.0,4,32.45074833719991,beam_alpha_beta_deep_wide,0,ended_with_n,47.17790420795791,D10000_seed5_alpha_beta_reference_vs_beam_alpha_beta_deep_wide,5000,300.0,1000,0,/Users/onumagakuto/Documents/最強しりとり/shiritori_ai/data/dictionaries/D10000_L2-12_seed5.runtime.json,beam_alpha_beta,0.18173784774406182,2013146.0,2272021.0,beam_alpha_beta_deep_wide,61374.0,3,0.0,0.0,0.0,0.0,68217.0,0.6389387920498848,8.950617283950617,0.129136,195634.0,0.0,0.406793,0.0,0,14.720765667269006,b51e30affded14d91de859b1d766d017e925d24e469bfa5bd71e5f31a80e54cd,163,163,second
c3025850fe74072e338c0dc84f044ce8036e4bee,10000,16727829db50592bd91461a32c88ce3935546af2b51a4d31221715fc39521165,77762247e66574985c0d98bd20f17ec78d8ef65945617f505988fdf398810001,5,0dfbacfcb5f87efe04db0bacd0cc8549169857e1283230885a79be52c1751607,beam_pvs,0.10919766669588474,1885993.0,2129204.0,beam_pvs_baseline,65694.0,1,0.0,0.0,0.0,0.0,50967.0,0.34679645812138915,7.983333333333333,0.10386300000000001,167937.0,52014.0,0.184858,2485.0,0,13.103720003506169,beam_pvs_baseline,0,ended_with_n,56.45166662498377,D10000_seed5_beam_pvs_baseline_vs_alpha_beta_reference,5000,300.0,1000,0,/Users/onumagakuto/Documents/最強しりとり/shiritori_ai/data/dictionaries/D10000_L2-12_seed5.runtime.json,alpha_beta,0.36115621942832754,0.0,3920074.0,alpha_beta_reference,106937.0,46,0.0,0.0,0.0,0.0,284166.0,1.0000294160563499,5.85,0.3231445,432514.0,0.0,0.783482,0.0,1,43.33874633139931,b51e30affded14d91de859b1d766d017e925d24e469bfa5bd71e5f31a80e54cd,240,240,first
c3025850fe74072e338c0dc84f044ce8036e4bee,10000,16727829db50592bd91461a32c88ce3935546af2b51a4d31221715fc39521165,77762247e66574985c0d98bd20f17ec78d8ef65945617f505988fdf398810001,5,0dfbacfcb5f87efe04db0bacd0cc8549169857e1283230885a79be52c1751607,alpha_beta,0.38000123896580634,0.0,2774812.0,alpha_beta_reference,73864.0,38,0.0,0.0,0.0,0.0,212546.0,1.0000335830263793,5.761904761904762,0.32283550000000005,314596.0,0.0,0.890358,0.0,2,31.92010407312773,beam_pvs_baseline,0,ended_with_n,40.23936845804565,D10000_seed5_alpha_beta_reference_vs_beam_pvs_baseline,5000,300.0,1000,0,/Users/onumagakuto/Documents/最強しりとり/shiritori_ai/data/dictionaries/D10000_L2-12_seed5.runtime.json,beam_pvs,0.10015546287275312,1195956.0,1343890.0,beam_pvs_baseline,40300.0,1,0.0,0.0,0.0,0.0,32956.0,0.26132600009441376,7.975903614457831,0.095524,103792.0,33084.0,0.208863,1346.0,0,8.312903418438509,b51e30affded14d91de859b1d766d017e925d24e469bfa5bd71e5f31a80e54cd,167,167,second
c3025850fe74072e338c0dc84f044ce8036e4bee,10000,16727829db50592bd91461a32c88ce3935546af2b51a4d31221715fc39521165,77762247e66574985c0d98bd20f17ec78d8ef65945617f505988fdf398810001,5,0dfbacfcb5f87efe04db0bacd0cc8549169857e1283230885a79be52c1751607,beam_pvs,0.20735102341374537,1241496.0,1383668.0,beam_pvs_deep,38855.0,1,0.0,0.0,0.0,0.0,37950.0,0.41721537499688566,8.958333333333334,0.212055,106976.0,36942.0,0.381815,1210.0,0,9.952849123859778,beam_pvs_deep,0,ended_with_n,26.295472000027075,D10000_seed5_beam_pvs_deep_vs_alpha_beta_reference,5000,300.0,1000,0,/Users/onumagakuto/Documents/最強しりとり/shiritori_ai/data/dictionaries/D10000_L2-12_seed5.runtime.json,alpha_beta,0.340388647528016,0.0,1232845.0,alpha_beta_reference,32047.0,22,0.0,0.0,0.0,0.0,96053.0,1.0000385420862585,6.0625,0.2505765,141393.0,0.0,1.000034,0.0,4,16.33865508134477,b51e30affded14d91de859b1d766d017e925d24e469bfa5bd71e5f31a80e54cd,96,96,first
c3025850fe74072e338c0dc84f044ce8036e4bee,10000,16727829db50592bd91461a32c88ce3935546af2b51a4d31221715fc39521165,77762247e66574985c0d98bd20f17ec78d8ef65945617f505988fdf398810001,5,0dfbacfcb5f87efe04db0bacd0cc8549169857e1283230885a79be52c1751607,alpha_beta,0.35357241582064686,0.0,3361566.0,alpha_beta_reference,90387.0,32,0.0,0.0,0.0,0.0,227411.0,1.000031917123124,6.0978260869565215,0.285611,353948.0,0.0,0.850308,0.0,1,32.52866225549951,beam_pvs_deep,0,ended_with_n,44.82116441708058,D10000_seed5_alpha_beta_reference_vs_beam_pvs_deep,5000,300.0,1000,0,/Users/onumagakuto/Documents/最強しりとり/shiritori_ai/data/dictionaries/D10000_L2-12_seed5.runtime.json,beam_pvs,0.13500453710075017,1737386.0,1957027.0,beam_pvs_deep,60714.0,1,0.0,0.0,0.0,0.0,49683.0,0.404489167034626,8.978021978021978,0.121617,158420.0,54044.0,0.328959,1867.0,0,12.285412876168266,b51e30affded14d91de859b1d766d017e925d24e469bfa5bd71e5f31a80e54cd,183,183,second
c3025850fe74072e338c0dc84f044ce8036e4bee,10000,16727829db50592bd91461a32c88ce3935546af2b51a4d31221715fc39521165,77762247e66574985c0d98bd20f17ec78d8ef65945617f505988fdf398810001,5,0dfbacfcb5f87efe04db0bacd0cc8549169857e1283230885a79be52c1751607,beam_pvs,0.12213117556646466,1349501.0,1522722.0,beam_pvs_wide,47229.0,1,0.0,0.0,0.0,0.0,37645.0,0.3172462920192629,7.973333333333334,0.130272,119491.0,38215.0,0.201932,1121.0,0,9.15983816748485,beam_pvs_wide,0,ended_with_n,35.164851292036474,D10000_seed5_beam_pvs_wide_vs_alpha_beta_reference,5000,300.0,1000,0,/Users/onumagakuto/Documents/最強しりとり/shiritori_ai/data/dictionaries/D10000_L2-12_seed5.runtime.json,alpha_beta,0.3466570567091306,0.0,2295744.0,alpha_beta_reference,61473.0,34,0.0,0.0,0.0,0.0,168896.0,1.0000469170045108,5.76,0.24956,253043.0,0.0,0.746219,0.0,1,25.999279253184795,b51e30affded14d91de859b1d766d017e925d24e469bfa5bd71e5f31a80e54cd,150,150,first
c3025850fe74072e338c0dc84f044ce8036e4bee,10000,16727829db50592bd91461a32c88ce3935546af2b51a4d31221715fc39521165,77762247e66574985c0d98bd20f17ec78d8ef65945617f505988fdf398810001,5,0dfbacfcb5f87efe04db0bacd0cc8549169857e1283230885a79be52c1751607,alpha_beta,0.34744651584420355,0.0,1598443.0,alpha_beta_reference,42718.0,16,0.0,0.0,0.0,0.0,121897.0,1.000043832929805,5.98,0.313562,181613.0,0.0,0.902029,0.0,2,17.372325792210177,beam_pvs_wide,0,ended_with_n,23.376142374938354,D10000_seed5_alpha_beta_reference_vs_beam_pvs_wide,5000,300.0,1000,0,/Users/onumagakuto/Documents/最強しりとり/shiritori_ai/data/dictionaries/D10000_L2-12_seed5.runtime.json,beam_pvs,0.12000243504997343,806302.0,911866.0,beam_pvs_wide,29050.0,1,0.0,0.0,0.0,0.0,25149.0,0.32308491691946983,7.96,0.07741899999999999,75425.0,26144.0,0.279459,658.0,0,6.000121752498671,b51e30affded14d91de859b1d766d017e925d24e469bfa5bd71e5f31a80e54cd,100,100,first
c3025850fe74072e338c0dc84f044ce8036e4bee,10000,16727829db50592bd91461a32c88ce3935546af2b51a4d31221715fc39521165,77762247e66574985c0d98bd20f17ec78d8ef65945617f505988fdf398810001,5,0dfbacfcb5f87efe04db0bacd0cc8549169857e1283230885a79be52c1751607,beam_pvs,0.12252284666393563,2773564.0,3152658.0,beam_pvs_deep_wide,105067.0,1,0.0,0.0,0.0,0.0,71446.0,0.45314320805482566,8.98360655737705,0.10101199999999999,260617.0,87989.0,0.279705,2950.0,0,14.947787293000147,beam_pvs_deep_wide,0,ended_with_n,64.41968808299862,D10000_seed5_beam_pvs_deep_wide_vs_alpha_beta_reference,5000,300.0,1000,0,/Users/onumagakuto/Documents/最強しりとり/shiritori_ai/data/dictionaries/D10000_L2-12_seed5.runtime.json,alpha_beta,0.40543916939421876,0.0,5461914.0,alpha_beta_reference,150245.0,50,0.0,0.0,0.0,0.0,408563.0,1.0000385839957744,6.065573770491803,0.333925,620046.0,0.0,1.000025,0.0,10,49.46357866609469,b51e30affded14d91de859b1d766d017e925d24e469bfa5bd71e5f31a80e54cd,244,244,first
c3025850fe74072e338c0dc84f044ce8036e4bee,10000,16727829db50592bd91461a32c88ce3935546af2b51a4d31221715fc39521165,77762247e66574985c0d98bd20f17ec78d8ef65945617f505988fdf398810001,5,0dfbacfcb5f87efe04db0bacd0cc8549169857e1283230885a79be52c1751607,alpha_beta,0.39225193098932504,0.0,5283566.0,alpha_beta_reference,146686.0,20,0.0,0.0,0.0,0.0,365673.0,1.0000448329374194,6.048,0.408769,564068.0,0.0,0.801432,0.0,2,49.03149137366563,beam_pvs_deep_wide,0,ended_with_n,68.82822024985217,D10000_seed5_alpha_beta_reference_vs_beam_pvs_deep_wide,5000,300.0,1000,0,/Users/onumagakuto/Documents/最強しりとり/shiritori_ai/data/dictionaries/D10000_L2-12_seed5.runtime.json,beam_pvs,0.1595830003066259,3564592.0,4003693.0,beam_pvs_deep_wide,119197.0,3,0.0,0.0,0.0,0.0,77872.0,0.5742297079414129,8.96774193548387,0.14170549999999998,291231.0,85197.0,0.375936,2492.0,0,19.78829203802161,b51e30affded14d91de859b1d766d017e925d24e469bfa5bd71e5f31a80e54cd,249,249,second
c3025850fe74072e338c0dc84f044ce8036e4bee,10000,c59a20fd350632455fe75c6cd23a763606e65f0d58b090d9f899208bfba6f9b1,30757855b0a5fac92bc03b13bd5595f76add1ae35cc9f2d30d721598dc002597,6,0dfbacfcb5f87efe04db0bacd0cc8549169857e1283230885a79be52c1751607,beam_alpha_beta,0.13391317571412123,635836.0,708372.0,beam_alpha_beta_baseline,18077.0,3,0.0,0.0,0.0,0.0,20738.0,0.7470297089312226,7.913043478260869,0.11279,55474.0,0.0,0.342711,0.0,0,6.160006082849577,beam_alpha_beta_baseline,0,ended_with_n,21.95476029184647,D10000_seed6_beam_alpha_beta_baseline_vs_alpha_beta_reference,6000,300.0,1000,0,/Users/onumagakuto/Documents/最強しりとり/shiritori_ai/data/dictionaries/D10000_L2-12_seed6.runtime.json,alpha_beta,0.3432496385699462,0.0,1061767.0,alpha_beta_reference,28083.0,22,0.0,0.0,0.0,0.0,87401.0,1.011454291176051,5.521739130434782,0.2162895,126401.0,0.0,1.000049,0.0,5,15.789483374217525,b51e30affded14d91de859b1d766d017e925d24e469bfa5bd71e5f31a80e54cd,92,92,first
c3025850fe74072e338c0dc84f044ce8036e4bee,10000,c59a20fd350632455fe75c6cd23a763606e65f0d58b090d9f899208bfba6f9b1,30757855b0a5fac92bc03b13bd5595f76add1ae35cc9f2d30d721598dc002597,6,0dfbacfcb5f87efe04db0bacd0cc8549169857e1283230885a79be52c1751607,alpha_beta,0.330957031096997,0.0,1002368.0,alpha_beta_reference,24182.0,10,0.0,0.0,0.0,0.0,63561.0,1.000029250048101,6.428571428571429,0.273507,100263.0,0.0,0.841372,0.0,1,11.583496088394895,beam_alpha_beta_baseline,0,ended_with_n,15.77090287511237,D10000_seed6_alpha_beta_reference_vs_beam_alpha_beta_baseline,6000,300.0,1000,0,/Users/onumagakuto/Documents/最強しりとり/shiritori_ai/data/dictionaries/D10000_L2-12_seed6.runtime.json,beam_alpha_beta,0.11955808578724307,532830.0,586195.0,beam_alpha_beta_baseline,13909.0,1,0.0,0.0,0.0,0.0,14947.0,0.254601625027135,7.942857142857143,0.126271,40474.0,0.0,0.234384,0.0,0,4.184533002553508,b51e30affded14d91de859b1d766d017e925d24e469bfa5bd71e5f31a80e54cd,70,70,first
c3025850fe74072e338c0dc84f044ce8036e4bee,10000,c59a20fd350632455fe75c6cd23a763606e65f0d58b090d9f899208bfba6f9b1,30757855b0a5fac92bc03b13bd5595f76add1ae35cc9f2d30d721598dc002597,6,0dfbacfcb5f87efe04db0bacd0cc8549169857e1283230885a79be52c1751607,beam_alpha_beta,0.1390995618722011,611796.0,679302.0,beam_alpha_beta_deep,16633.0,1,0.0,0.0,0.0,0.0,20494.0,0.4289700409863144,8.935483870967742,0.079078,53305.0,0.0,0.419707,0.0,0,4.312086418038234,beam_alpha_beta_deep,0,ended_with_n,12.73018395807594,D10000_seed6_beam_alpha_beta_deep_vs_alpha_beta_reference,6000,300.0,1000,0,/Users/onumagakuto/Documents/最強しりとり/shiritori_ai/data/dictionaries/D10000_L2-12_seed6.runtime.json,alpha_beta,0.28053104850308347,0.0,722166.0,alpha_beta_reference,17039.0,6,0.0,0.0,0.0,0.0,52875.0,0.7070132920052856,6.3,0.27450300000000005,79546.0,0.0,0.582178,0.0,0,8.415931455092505,b51e30affded14d91de859b1d766d017e925d24e469bfa5bd71e5f31a80e54cd,61,61,second
c3025850fe74072e338c0dc84f044ce8036e4bee,10000,c59a20fd350632455fe75c6cd23a763606e65f0d58b090d9f899208bfba6f9b1,30757855b0a5fac92bc03b13bd5595f76add1ae35cc9f2d30d721598dc002597,6,0dfbacfcb5f87efe04db0bacd0cc8549169857e1283230885a79be52c1751607,alpha_beta,0.33883001918375893,0.0,1174626.0,alpha_beta_reference,27788.0,14,0.0,0.0,0.0,0.0,79007.0,1.0000340000260621,6.486486486486487,0.287745,121247.0,0.0,0.986076,0.0,1,12.536710709799081,beam_alpha_beta_deep,0,ended_with_n,18.696387541946024,D10000_seed6_alpha_beta_reference_vs_beam_alpha_beta_deep,6000,300.0,1000,0,/Users/onumagakuto/Documents/最強しりとり/shiritori_ai/data/dictionaries/D10000_L2-12_seed6.runtime.json,beam_alpha_beta,0.16641671286669332,923884.0,1019374.0,beam_alpha_beta_deep,23311.0,1,0.0,0.0,0.0,0.0,27319.0,0.37466779188252985,8.945945945945946,0.131597,73839.0,0.0,0.366485,0.0,0,6.157418376067653,b51e30affded14d91de859b1d766d017e925d24e469bfa5bd71e5f31a80e54cd,74,74,first
c3025850fe74072e338c0dc84f044ce8036e4bee,10000,c59a20fd350632455fe75c6cd23a763606e65f0d58b090d9f899208bfba6f9b1,30757855b0a5fac92bc03b13bd5595f76add1ae35cc9f2d30d721598dc002597,6,0dfbacfcb5f87efe04db0bacd0cc8549169857e1283230885a79be52c1751607,beam_alpha_beta,0.18985679317668172,2329285.0,2585093.0,beam_alpha_beta_wide,68262.0,1,0.0,0.0,0.0,0.0,68297.0,0.3620217500720173,7.9753086419753085,0.202393,190412.0,0.0,0.304775,0.0,0,15.37840024731122,beam_alpha_beta_wide,0,ended_with_n,49.22857829206623,D10000_seed6_beam_alpha_beta_wide_vs_alpha_beta_reference,6000,300.0,1000,0,/Users/onumagakuto/Documents/最強しりとり/shiritori_ai/data/dictionaries/D10000_L2-12_seed6.runtime.json,alpha_beta,0.4230639717745362,0.0,3552109.0,alpha_beta_reference,94388.0,28,0.0,0.0,0.0,0.0,238888.0,1.0000296658836305,6.1,0.36598200000000003,370047.0,0.0,0.98548,0.0,4,33.845117741962895,b51e30affded14d91de859b1d766d017e925d24e469bfa5bd71e5f31a80e54cd,161,161,second
c3025850fe74072e338c0dc84f044ce8036e4bee,10000,c59a20fd350632455fe75c6cd23a763606e65f0d58b090d9f899208bfba6f9b1,30757855b0a5fac92bc03b13bd5595f76add1ae35cc9f2d30d721598dc002597,6,0dfbacfcb5f87efe04db0bacd0cc8549169857e1283230885a79be52c1751607,alpha_beta,0.3060033347845698,0.0,826014.0,alpha_beta_reference,19648.0,4,0.0,0.0,0.0,0.0,75527.0,0.67752750008367,6.733333333333333,0.3057765,107233.0,0.0,0.550211,0.0,0,9.180100043537095,beam_alpha_beta_wide,0,ended_with_n,11.191460666945204,D10000_seed6_alpha_beta_reference_vs_beam_alpha_beta_wide,6000,300.0,1000,0,/Users/onumagakuto/Documents/最強しりとり/shiritori_ai/data/dictionaries/D10000_L2-12_seed6.runtime.json,beam_alpha_beta,0.06928581457809899,357964.0,398778.0,beam_alpha_beta_wide,10408.0,1,0.0,0.0,0.0,0.0,10155.0,0.21086245914921165,7.931034482758621,0.071863,29223.0,0.0,0.135336,0.0,0,2.0092886227648705,b51e30affded14d91de859b1d766d017e925d24e469bfa5bd71e5f31a80e54cd,59,59,second
c3025850fe74072e338c0dc84f044ce8036e4bee,10000,c59a20fd350632455fe75c6cd23a763606e65f0d58b090d9f899208bfba6f9b1,30757855b0a5fac92bc03b13bd5595f76add1ae35cc9f2d30d721598dc002597,6,0dfbacfcb5f87efe04db0bacd0cc8549169857e1283230885a79be52c1751607,beam_alpha_beta,0.15592781048748763,875394.0,972518.0,beam_alpha_beta_deep_wide,24297.0,1,0.0,0.0,0.0,0.0,29178.0,0.42342437501065433,8.935483870967742,0.08099,76210.0,0.0,0.418682,0.0,0,4.833762125112116,beam_alpha_beta_deep_wide,0,ended_with_n,14.45552737498656,D10000_seed6_beam_alpha_beta_deep_wide_vs_alpha_beta_reference,6000,300.0,1000,0,/Users/onumagakuto/Documents/最強しりとり/shiritori_ai/data/dictionaries/D10000_L2-12_seed6.runtime.json,alpha_beta,0.3206637555500492,0.0,998959.0,alpha_beta_reference,23634.0,8,0.0,0.0,0.0,0.0,74354.0,1.0000234998296946,6.533333333333333,0.2900865,110465.0,0.0,1.000023,0.0,2,9.619912666501477,b51e30affded14d91de859b1d766d017e925d24e469bfa5bd71e5f31a80e54cd,61,61,second
c3025850fe74072e338c0dc84f044ce8036e4bee,10000,c59a20fd350632455fe75c6cd23a763606e65f0d58b090d9f899208bfba6f9b1,30757855b0a5fac92bc03b13bd5595f76add1ae35cc9f2d30d721598dc002597,6,0dfbacfcb5f87efe04db0bacd0cc8549169857e1283230885a79be52c1751607,alpha_beta,0.2970878541292179,0.0,1304445.0,alpha_beta_reference,30603.0,14,0.0,0.0,0.0,0.0,88276.0,0.9964204158168286,6.571428571428571,0.227662,135106.0,0.0,0.81736,0.0,0,12.477689873427153,beam_alpha_beta_deep_wide,0,ended_with_n,20.392501292051747,D10000_seed6_alpha_beta_reference_vs_beam_alpha_beta_deep_wide,6000,300.0,1000,0,/Users/onumagakuto/Documents/最強しりとり/shiritori_ai/data/dictionaries/D10000_L2-12_seed6.runtime.json,beam_alpha_beta,0.19298788421878182,1277759.0,1410906.0,beam_alpha_beta_deep_wide,33419.0,5,0.0,0.0,0.0,0.0,37898.0,0.7137924998532981,8.853658536585366,0.169936,102377.0,0.0,0.48005,0.0,0,7.912503252970055,b51e30affded14d91de859b1d766d017e925d24e469bfa5bd71e5f31a80e54cd,83,83,second
c3025850fe74072e338c0dc84f044ce8036e4bee,10000,c59a20fd350632455fe75c6cd23a763606e65f0d58b090d9f899208bfba6f9b1,30757855b0a5fac92bc03b13bd5595f76add1ae35cc9f2d30d721598dc002597,6,0dfbacfcb5f87efe04db0bacd0cc8549169857e1283230885a79be52c1751607,beam_pvs,0.1248569404516293,988830.0,1096968.0,beam_pvs_baseline,30509.0,1,0.0,0.0,0.0,0.0,30271.0,0.37553491606377065,7.959183673469388,0.094584,81997.0,29428.0,0.303148,827.0,0,6.117990082129836,beam_pvs_baseline,0,ended_with_n,22.677163041895255,D10000_seed6_beam_pvs_baseline_vs_alpha_beta_reference,6000,300.0,1000,0,/Users/onumagakuto/Documents/最強しりとり/shiritori_ai/data/dictionaries/D10000_L2-12_seed6.runtime.json,alpha_beta,0.34491447222050436,0.0,1716951.0,alpha_beta_reference,43338.0,10,0.0,0.0,0.0,0.0,127866.0,1.0000234169419855,6.375,0.365456,190857.0,0.0,0.610935,0.0,1,16.55589466658421,b51e30affded14d91de859b1d766d017e925d24e469bfa5bd71e5f31a80e54cd,97,97,second
c3025850fe74072e338c0dc84f044ce8036e4bee,10000,c59a20fd350632455fe75c6cd23a763606e65f0d58b090d9f899208bfba6f9b1,30757855b0a5fac92bc03b13bd5595f76add1ae35cc9f2d30d721598dc002597,6,0dfbacfcb5f87efe04db0bacd0cc8549169857e1283230885a79be52c1751607,alpha_beta,0.31191890781545745,0.0,778319.0,alpha_beta_reference,18642.0,8,0.0,0.0,0.0,0.0,53522.0,0.7067477498203516,6.428571428571429,0.2969245,81821.0,0.0,0.634546,0.0,0,8.733729418832809,beam_pvs_baseline,0,ended_with_n,11.371227832976729,D10000_seed6_alpha_beta_reference_vs_beam_pvs_baseline,6000,300.0,1000,0,/Users/onumagakuto/Documents/最強しりとり/shiritori_ai/data/dictionaries/D10000_L2-12_seed6.runtime.json,beam_pvs,0.09411840189048755,375795.0,415267.0,beam_pvs_baseline,11133.0,1,0.0,0.0,0.0,0.0,11041.0,0.2000446249730885,7.928571428571429,0.092646,29788.0,10731.0,0.195864,306.0,0,2.635315252933651,b51e30affded14d91de859b1d766d017e925d24e469bfa5bd71e5f31a80e54cd,56,56,first
c3025850fe74072e338c0dc84f044ce8036e4bee,10000,c59a20fd350632455fe75c6cd23a763606e65f0d58b090d9f899208bfba6f9b1,30757855b0a5fac92bc03b13bd5595f76add1ae35cc9f2d30d721598dc002597,6,0dfbacfcb5f87efe04db0bacd0cc8549169857e1283230885a79be52c1751607,beam_pvs,0.1224090390718512,577817.0,641349.0,beam_pvs_deep,18167.0,1,0.0,0.0,0.0,0.0,17445.0,0.445469917031005,8.935483870967742,0.102941,48178.0,17115.0,0.374272,341.0,0,3.794680211227387,beam_pvs_deep,0,ended_with_n,12.832682916894555,D10000_seed6_beam_pvs_deep_vs_alpha_beta_reference,6000,300.0,1000,0,/Users/onumagakuto/Documents/最強しりとり/shiritori_ai/data/dictionaries/D10000_L2-12_seed6.runtime.json,alpha_beta,0.3011934737286841,0.0,858723.0,alpha_beta_reference,20566.0,2,0.0,0.0,0.0,0.0,60393.0,0.5012034168466926,6.466666666666667,0.305013,91696.0,0.0,0.491639,0.0,0,9.035804211860523,b51e30affded14d91de859b1d766d017e925d24e469bfa5bd71e5f31a80e54cd,61,61,second
c3025850fe74072e338c0dc84f044ce8036e4bee,10000,c59a20fd350632455fe75c6cd23a763606e65f0d58b090d9f899208bfba6f9b1,30757855b0a5fac92bc03b13bd5595f76add1ae35cc9f2d30d721598dc002597,6,0dfbacfcb5f87efe04db0bacd0cc8549169857e1283230885a79be52c1751607,alpha_beta,0.3701448210301129,0.0,1411330.0,alpha_beta_reference,32641.0,12,0.0,0.0,0.0,0.0,98453.0,1.0000340000260621,6.5675675675675675,0.295778,148649.0,0.0,0.964547,0.0,1,13.695358378114179,beam_pvs_deep,0,ended_with_n,18.95156650012359,D10000_seed6_alpha_beta_reference_vs_beam_pvs_deep,6000,300.0,1000,0,/Users/onumagakuto/Documents/最強しりとり/shiritori_ai/data/dictionaries/D10000_L2-12_seed6.runtime.json,beam_pvs,0.14200129398346148,911664.0,1005746.0,beam_pvs_deep,26781.0,3,0.0,0.0,0.0,0.0,25653.0,0.630985374795273,8.891891891891891,0.113882,71318.0,24962.0,0.318054,702.0,0,5.254047877388075,b51e30affded14d91de859b1d766d017e925d24e469bfa5bd71e5f31a80e54cd,74,74,first
c3025850fe74072e338c0dc84f044ce8036e4bee,10000,c59a20fd350632455fe75c6cd23a763606e65f0d58b090d9f899208bfba6f9b1,30757855b0a5fac92bc03b13bd5595f76add1ae35cc9f2d30d721598dc002597,6,0dfbacfcb5f87efe04db0bacd0cc8549169857e1283230885a79be52c1751607,beam_pvs,0.19077957099672038,2742969.0,3058586.0,beam_pvs_wide,89703.0,1,0.0,0.0,0.0,0.0,84520.0,0.41821154090575874,7.978021978021978,0.159311,234544.0,82333.0,0.385524,2206.0,0,17.360940960701555,beam_pvs_wide,0,ended_with_n,51.84751758305356,D10000_seed6_beam_pvs_wide_vs_alpha_beta_reference,6000,300.0,1000,0,/Users/onumagakuto/Documents/最強しりとり/shiritori_ai/data/dictionaries/D10000_L2-12_seed6.runtime.json,alpha_beta,0.3789107545821385,0.0,3604976.0,alpha_beta_reference,95708.0,36,0.0,0.0,0.0,0.0,251978.0,1.0000289590097964,5.8901098901098905,0.340527,382471.0,0.0,0.891337,0.0,3,34.480878666974604,b51e30affded14d91de859b1d766d017e925d24e469bfa5bd71e5f31a80e54cd,182,182,first
c3025850fe74072e338c0dc84f044ce8036e4bee,10000,c59a20fd350632455fe75c6cd23a763606e65f0d58b090d9f899208bfba6f9b1,30757855b0a5fac92bc03b13bd5595f76add1ae35cc9f2d30d721598dc002597,6,0dfbacfcb5f87efe04db0bacd0cc8549169857e1283230885a79be52c1751607,alpha_beta,0.28285970419334866,0.0,826014.0,alpha_beta_reference,19648.0,4,0.0,0.0,0.0,0.0,75527.0,0.5806817498523742,6.733333333333333,0.2344365,107233.0,0.0,0.546735,0.0,0,8.48579112580046,beam_pvs_wide,0,ended_with_n,10.773869958007708,D10000_seed6_alpha_beta_reference_vs_beam_pvs_wide,6000,300.0,1000,0,/Users/onumagakuto/Documents/最強しりとり/shiritori_ai/data/dictionaries/D10000_L2-12_seed6.runtime.json,beam_pvs,0.0788452872717432,445346.0,496791.0,beam_pvs_wide,13949.0,1,0.0,0.0,0.0,0.0,12768.0,0.18736179219558835,7.931034482758621,0.077549,36867.0,12725.0,0.152231,326.0,0,2.2865133308805525,b51e30affded14d91de859b1d766d017e925d24e469bfa5bd71e5f31a80e54cd,59,59,second
c3025850fe74072e338c0dc84f044ce8036e4bee,10000,c59a20fd350632455fe75c6cd23a763606e65f0d58b090d9f899208bfba6f9b1,30757855b0a5fac92bc03b13bd5595f76add1ae35cc9f2d30d721598dc002597,6,0dfbacfcb5f87efe04db0bacd0cc8549169857e1283230885a79be52c1751607,beam_pvs,0.1347844045564172,788834.0,876192.0,beam_pvs_deep_wide,25178.0,1,0.0,0.0,0.0,0.0,23661.0,0.4928942921105772,8.935483870967742,0.110054,65677.0,23301.0,0.310981,381.0,0,4.1783165412489325,beam_pvs_deep_wide,0,ended_with_n,13.764108457835391,D10000_seed6_beam_pvs_deep_wide_vs_alpha_beta_reference,6000,300.0,1000,0,/Users/onumagakuto/Documents/最強しりとり/shiritori_ai/data/dictionaries/D10000_L2-12_seed6.runtime.json,alpha_beta,0.31946554033396146,0.0,1005817.0,alpha_beta_reference,23767.0,8,0.0,0.0,0.0,0.0,75442.0,1.000024541048333,6.533333333333333,0.2945715,111842.0,0.0,1.000024,0.0,2,9.583966210018843,b51e30affded14d91de859b1d766d017e925d24e469bfa5bd71e5f31a80e54cd,61,61,second
c3025850fe74072e338c0dc84f044ce8036e4bee,10000,c59a20fd350632455fe75c6cd23a763606e65f0d58b090d9f899208bfba6f9b1,30757855b0a5fac92bc03b13bd5595f76add1ae35cc9f2d30d721598dc002597,6,0dfbacfcb5f87efe04db0bacd0cc8549169857e1283230885a79be52c1751607,alpha_beta,0.3860769461059724,0.0,1323203.0,alpha_beta_reference,30582.0,14,0.0,0.0,0.0,0.0,92513.0,1.000024874927476,6.470588235294118,0.3074775,138864.0,0.0,1.000023,0.0,2,13.12661616760306,beam_pvs_deep_wide,0,ended_with_n,19.31898874999024,D10000_seed6_alpha_beta_reference_vs_beam_pvs_deep_wide,6000,300.0,1000,0,/Users/onumagakuto/Documents/最強しりとり/shiritori_ai/data/dictionaries/D10000_L2-12_seed6.runtime.json,beam_pvs,0.18206729892613915,1073779.0,1185862.0,beam_pvs_deep_wide,31975.0,3,0.0,0.0,0.0,0.0,29889.0,0.6822389999870211,8.882352941176471,0.157545,83918.0,29278.0,0.41633,645.0,0,6.190288163488731,b51e30affded14d91de859b1d766d017e925d24e469bfa5bd71e5f31a80e54cd,68,68,first
c3025850fe74072e338c0dc84f044ce8036e4bee,10000,7785b0eb4157fa0289fa9ab6ef21742b2c175e39ee3de38f475913f6c6baefce,464e8c19ccf691a20773ba37854d4fde07333f964db4230a48e259419873fcd8,7,0dfbacfcb5f87efe04db0bacd0cc8549169857e1283230885a79be52c1751607,beam_alpha_beta,0.049052788119297475,333736.0,371445.0,beam_alpha_beta_baseline,10440.0,1,0.0,0.0,0.0,0.0,9078.0,0.10482716606929898,7.944444444444445,0.047143000000000004,26780.0,0.0,0.084638,0.0,0,1.765900372294709,beam_alpha_beta_baseline,0,ended_with_n,14.202224374981597,D10000_seed7_beam_alpha_beta_baseline_vs_alpha_beta_reference,7000,300.0,1000,0,/Users/onumagakuto/Documents/最強しりとり/shiritori_ai/data/dictionaries/D10000_L2-12_seed7.runtime.json,alpha_beta,0.3453973668381675,0.0,1347921.0,alpha_beta_reference,32014.0,14,0.0,0.0,0.0,0.0,90566.0,1.0000265841372311,6.472222222222222,0.28581500000000004,137343.0,0.0,1.000025,0.0,2,12.434305206174031,b51e30affded14d91de859b1d766d017e925d24e469bfa5bd71e5f31a80e54cd,72,72,first
c3025850fe74072e338c0dc84f044ce8036e4bee,10000,7785b0eb4157fa0289fa9ab6ef21742b2c175e39ee3de38f475913f6c6baefce,464e8c19ccf691a20773ba37854d4fde07333f964db4230a48e259419873fcd8,7,0dfbacfcb5f87efe04db0bacd0cc8549169857e1283230885a79be52c1751607,alpha_beta,0.3636544606112556,0.0,3008999.0,alpha_beta_reference,77964.0,30,0.0,0.0,0.0,0.0,205551.0,1.000034207943827,6.027397260273973,0.303664,317259.0,0.0,1.000023,0.0,4,26.54677562462166,beam_alpha_beta_baseline,0,ended_with_n,33.3745276669506,D10000_seed7_alpha_beta_reference_vs_beam_alpha_beta_baseline,7000,300.0,1000,0,/Users/onumagakuto/Documents/最強しりとり/shiritori_ai/data/dictionaries/D10000_L2-12_seed7.runtime.json,beam_alpha_beta,0.09347618726873133,1160816.0,1292061.0,beam_alpha_beta_baseline,32990.0,1,0.0,0.0,0.0,0.0,34594.0,0.27132754190824926,7.972602739726027,0.080383,97635.0,0.0,0.227921,0.0,0,6.823761670617387,b51e30affded14d91de859b1d766d017e925d24e469bfa5bd71e5f31a80e54cd,146,146,first
c3025850fe74072e338c0dc84f044ce8036e4bee,10000,7785b0eb4157fa0289fa9ab6ef21742b2c175e39ee3de38f475913f6c6baefce,464e8c19ccf691a20773ba37854d4fde07333f964db4230a48e259419873fcd8,7,0dfbacfcb5f87efe04db0bacd0cc8549169857e1283230885a79be52c1751607,beam_alpha_beta,0.09075749000873078,524902.0,580573.0,beam_alpha_beta_deep,13705.0,1,0.0,0.0,0.0,0.0,15418.0,0.1913267499767244,8.93939393939394,0.089613,42232.0,0.0,0.16891,0.0,0,2.9949971702881157,beam_alpha_beta_deep,0,ended_with_n,13.340263458201662,D10000_seed7_beam_alpha_beta_deep_vs_alpha_beta_reference,7000,300.0,1000,0,/Users/onumagakuto/Documents/最強しりとり/shiritori_ai/data/dictionaries/D10000_L2-12_seed7.runtime.json,alpha_beta,0.32322676687908825,0.0,1154800.0,alpha_beta_reference,27458.0,14,0.0,0.0,0.0,0.0,75307.0,1.0001649581827223,6.40625,0.19633699999999998,116279.0,0.0,1.000025,0.0,3,10.343256540130824,b51e30affded14d91de859b1d766d017e925d24e469bfa5bd71e5f31a80e54cd,65,65,second
c3025850fe74072e338c0dc84f044ce8036e4bee,10000,7785b0eb4157fa0289fa9ab6ef21742b2c175e39ee3de38f475913f6c6baefce,464e8c19ccf691a20773ba37854d4fde07333f964db4230a48e259419873fcd8,7,0dfbacfcb5f87efe04db0bacd0cc8549169857e1283230885a79be52c1751607,alpha_beta,0.3833456759272074,0.0,4330263.0,alpha_beta_reference,113470.0,58,0.0,0.0,0.0,0.0,337829.0,1.000026582973078,6.162962962962963,0.295263,519483.0,0.0,0.898676,0.0,6,51.751666250173,beam_alpha_beta_deep,0,ended_with_n,74.47924558306113,D10000_seed7_alpha_beta_reference_vs_beam_alpha_beta_deep,7000,300.0,1000,0,/Users/onumagakuto/Documents/最強しりとり/shiritori_ai/data/dictionaries/D10000_L2-12_seed7.runtime.json,beam_alpha_beta,0.16828910156187635,3665109.0,4056035.0,beam_alpha_beta_deep,89110.0,3,0.0,0.0,0.0,0.0,95048.0,0.5987084170337766,8.97037037037037,0.122169,290233.0,0.0,0.422059,0.0,0,22.71902871085331,b51e30affded14d91de859b1d766d017e925d24e469bfa5bd71e5f31a80e54cd,270,270,first
c3025850fe74072e338c0dc84f044ce8036e4bee,10000,7785b0eb4157fa0289fa9ab6ef21742b2c175e39ee3de38f475913f6c6baefce,464e8c19ccf691a20773ba37854d4fde07333f964db4230a48e259419873fcd8,7,0dfbacfcb5f87efe04db0bacd0cc8549169857e1283230885a79be52c1751607,beam_alpha_beta,0.08269901775721726,349171.0,389156.0,beam_alpha_beta_wide,11087.0,1,0.0,0.0,0.0,0.0,9213.0,0.15045549999922514,7.928571428571429,0.0854815,27632.0,0.0,0.130144,0.0,0,2.3155724972020835,beam_alpha_beta_wide,0,ended_with_n,9.985221625072882,D10000_seed7_beam_alpha_beta_wide_vs_alpha_beta_reference,7000,300.0,1000,0,/Users/onumagakuto/Documents/最強しりとり/shiritori_ai/data/dictionaries/D10000_L2-12_seed7.runtime.json,alpha_beta,0.27383362945900963,0.0,730853.0,alpha_beta_reference,17638.0,6,0.0,0.0,0.0,0.0,44238.0,1.000037542078644,6.321428571428571,0.22998200000000002,68871.0,0.0,0.723405,0.0,1,7.66734162485227,b51e30affded14d91de859b1d766d017e925d24e469bfa5bd71e5f31a80e54cd,56,56,first
c3025850fe74072e338c0dc84f044ce8036e4bee,10000,7785b0eb4157fa0289fa9ab6ef21742b2c175e39ee3de38f475913f6c6baefce,464e8c19ccf691a20773ba37854d4fde07333f964db4230a48e259419873fcd8,7,0dfbacfcb5f87efe04db0bacd0cc8549169857e1283230885a79be52c1751607,alpha_beta,0.4069057882158781,0.0,5064590.0,alpha_beta_reference,123330.0,60,0.0,0.0,0.0,0.0,294640.0,1.0000322498381138,6.052238805970149,0.34966600000000003,475773.0,0.0,1.000027,0.0,7,54.52537562092766,beam_alpha_beta_wide,0,ended_with_n,80.12774124997668,D10000_seed7_alpha_beta_reference_vs_beam_alpha_beta_wide,7000,300.0,1000,0,/Users/onumagakuto/Documents/最強しりとり/shiritori_ai/data/dictionaries/D10000_L2-12_seed7.runtime.json,beam_alpha_beta,0.1909928516738478,3877613.0,4260755.0,beam_alpha_beta_wide,98580.0,1,0.0,0.0,0.0,0.0,82790.0,0.4105010419152677,7.985074626865671,0.189874,265760.0,0.0,0.36047,0.0,0,25.593042124295607,b51e30affded14d91de859b1d766d017e925d24e469bfa5bd71e5f31a80e54cd,268,268,first
c3025850fe74072e338c0dc84f044ce8036e4bee,10000,7785b0eb4157fa0289fa9ab6ef21742b2c175e39ee3de38f475913f6c6baefce,464e8c19ccf691a20773ba37854d4fde07333f964db4230a48e259419873fcd8,7,0dfbacfcb5f87efe04db0bacd0cc8549169857e1283230885a79be52c1751607,beam_alpha_beta,0.1696135728561785,732567.0,813419.0,beam_alpha_beta_deep_wide,19509.0,1,0.0,0.0,0.0,0.0,21667.0,0.3764494580682367,8.9375,0.17599599999999999,60208.0,0.0,0.337357,0.0,0,5.427634331397712,beam_alpha_beta_deep_wide,0,ended_with_n,13.558946459088475,D10000_seed7_beam_alpha_beta_deep_wide_vs_alpha_beta_reference,7000,300.0,1000,0,/Users/onumagakuto/Documents/最強しりとり/shiritori_ai/data/dictionaries/D10000_L2-12_seed7.runtime.json,alpha_beta,0.2540209491417045,0.0,812780.0,alpha_beta_reference,19302.0,4,0.0,0.0,0.0,0.0,46482.0,1.0000326251611114,6.4375,0.2201175,73265.0,0.0,0.482725,0.0,1,8.128670372534543,b51e30affded14d91de859b1d766d017e925d24e469bfa5bd71e5f31a80e54cd,64,64,first
c3025850fe74072e338c0dc84f044ce8036e4bee,10000,7785b0eb4157fa0289fa9ab6ef21742b2c175e39ee3de38f475913f6c6baefce,464e8c19ccf691a20773ba37854d4fde07333f964db4230a48e259419873fcd8,7,0dfbacfcb5f87efe04db0bacd0cc8549169857e1283230885a79be52c1751607,alpha_beta,0.28696411569533803,0.0,717925.0,alpha_beta_reference,17253.0,10,0.0,0.0,0.0,0.0,45392.0,1.0000334579963237,6.333333333333333,0.199072,69939.0,0.0,1.000031,0.0,2,7.748031123774126,beam_alpha_beta_deep_wide,0,ended_with_n,11.653573875082657,D10000_seed7_alpha_beta_reference_vs_beam_alpha_beta_deep_wide,7000,300.0,1000,0,/Users/onumagakuto/Documents/最強しりとり/shiritori_ai/data/dictionaries/D10000_L2-12_seed7.runtime.json,beam_alpha_beta,0.15013979164919314,546800.0,608097.0,beam_alpha_beta_deep_wide,14813.0,1,0.0,0.0,0.0,0.0,16589.0,0.22265212493948638,8.923076923076923,0.1776315,45784.0,0.0,0.220391,0.0,0,3.9036345828790218,b51e30affded14d91de859b1d766d017e925d24e469bfa5bd71e5f31a80e54cd,53,53,second
c3025850fe74072e338c0dc84f044ce8036e4bee,10000,7785b0eb4157fa0289fa9ab6ef21742b2c175e39ee3de38f475913f6c6baefce,464e8c19ccf691a20773ba37854d4fde07333f964db4230a48e259419873fcd8,7,0dfbacfcb5f87efe04db0bacd0cc8549169857e1283230885a79be52c1751607,beam_pvs,0.06516164892985087,276307.0,308891.0,beam_pvs_baseline,9432.0,1,0.0,0.0,0.0,0.0,7816.0,0.09925454203039408,7.928571428571429,0.0693275,23151.0,7657.0,0.098686,213.0,0,1.8245261700358242,beam_pvs_baseline,0,ended_with_n,9.975034832954407,D10000_seed7_beam_pvs_baseline_vs_alpha_beta_reference,7000,300.0,1000,0,/Users/onumagakuto/Documents/最強しりとり/shiritori_ai/data/dictionaries/D10000_L2-12_seed7.runtime.json,alpha_beta,0.2910201830090955,0.0,764746.0,alpha_beta_reference,18378.0,8,0.0,0.0,0.0,0.0,48166.0,1.0000321669504046,6.357142857142857,0.241681,74115.0,0.0,1.000032,0.0,2,8.148565124254674,b51e30affded14d91de859b1d766d017e925d24e469bfa5bd71e5f31a80e54cd,56,56,first
c3025850fe74072e338c0dc84f044ce8036e4bee,10000,7785b0eb4157fa0289fa9ab6ef21742b2c175e39ee3de38f475913f6c6baefce,464e8c19ccf691a20773ba37854d4fde07333f964db4230a48e259419873fcd8,7,0dfbacfcb5f87efe04db0bacd0cc8549169857e1283230885a79be52c1751607,alpha_beta,0.34575503537661,0.0,2468280.0,alpha_beta_reference,60717.0,16,0.0,0.0,0.0,0.0,140088.0,1.0000817081891,5.986301369863014,0.397815,224004.0,0.0,0.599122,0.0,1,25.24011758249253,beam_pvs_baseline,0,ended_with_n,37.339089167071506,D10000_seed7_alpha_beta_reference_vs_beam_pvs_baseline,7000,300.0,1000,0,/Users/onumagakuto/Documents/最強しりとり/shiritori_ai/data/dictionaries/D10000_L2-12_seed7.runtime.json,beam_pvs,0.16797502716912682,1607751.0,1770789.0,beam_pvs_baseline,45392.0,1,0.0,0.0,0.0,0.0,41825.0,0.39888966688886285,7.972222222222222,0.16635499999999998,119574.0,40593.0,0.331267,1235.0,0,12.09420195617713,b51e30affded14d91de859b1d766d017e925d24e469bfa5bd71e5f31a80e54cd,145,145,second
c3025850fe74072e338c0dc84f044ce8036e4bee,10000,7785b0eb4157fa0289fa9ab6ef21742b2c175e39ee3de38f475913f6c6baefce,464e8c19ccf691a20773ba37854d4fde07333f964db4230a48e259419873fcd8,7,0dfbacfcb5f87efe04db0bacd0cc8549169857e1283230885a79be52c1751607,beam_pvs,0.09546475752369699,552669.0,611296.0,beam_pvs_deep,15612.0,1,0.0,0.0,0.0,0.0,15436.0,0.28037500008940697,8.93939393939394,0.087854,43619.0,15057.0,0.21202,378.0,0,3.1503369982820004,beam_pvs_deep,0,ended_with_n,13.550376166822389,D10000_seed7_beam_pvs_deep_vs_alpha_beta_reference,7000,300.0,1000,0,/Users/onumagakuto/Documents/最強しりとり/shiritori_ai/data/dictionaries/D10000_L2-12_seed7.runtime.json,alpha_beta,0.3249403125009849,0.0,1145964.0,alpha_beta_reference,27190.0,14,0.0,0.0,0.0,0.0,74493.0,1.000032499898225,6.40625,0.19832450000000001,115070.0,0.0,1.000028,0.0,3,10.398090000031516,b51e30affded14d91de859b1d766d017e925d24e469bfa5bd71e5f31a80e54cd,65,65,second
c3025850fe74072e338c0dc84f044ce8036e4bee,10000,7785b0eb4157fa0289fa9ab6ef21742b2c175e39ee3de38f475913f6c6baefce,464e8c19ccf691a20773ba37854d4fde07333f964db4230a48e259419873fcd8,7,0dfbacfcb5f87efe04db0bacd0cc8549169857e1283230885a79be52c1751607,alpha_beta,0.29809430750600735,0.0,860456.0,alpha_beta_reference,21247.0,10,0.0,0.0,0.0,0.0,64544.0,1.0000225419644266,6.517241379310345,0.237628,96914.0,0.0,0.816277,0.0,1,8.644734917674214,beam_pvs_deep,0,ended_with_n,13.195841082837433,D10000_seed7_alpha_beta_reference_vs_beam_pvs_deep,7000,300.0,1000,0,/Users/onumagakuto/Documents/最強しりとり/shiritori_ai/data/dictionaries/D10000_L2-12_seed7.runtime.json,beam_pvs,0.16247780952835456,721699.0,802713.0,beam_pvs_deep,22881.0,3,0.0,0.0,0.0,0.0,23614.0,0.5851593750994653,8.857142857142858,0.16392099999999998,63073.0,23145.0,0.33192,683.0,0,4.5493786667939276,b51e30affded14d91de859b1d766d017e925d24e469bfa5bd71e5f31a80e54cd,57,57,second
c3025850fe74072e338c0dc84f044ce8036e4bee,10000,7785b0eb4157fa0289fa9ab6ef21742b2c175e39ee3de38f475913f6c6baefce,464e8c19ccf691a20773ba37854d4fde07333f964db4230a48e259419873fcd8,7,0dfbacfcb5f87efe04db0bacd0cc8549169857e1283230885a79be52c1751607,beam_pvs,0.07409935538372439,496591.0,554560.0,beam_pvs_wide,16673.0,1,0.0,0.0,0.0,0.0,13063.0,0.1586992908269167,7.944444444444445,0.074133,39816.0,12876.0,0.134092,258.0,0,2.667576793814078,beam_pvs_wide,0,ended_with_n,15.38518733298406,D10000_seed7_beam_pvs_wide_vs_alpha_beta_reference,7000,300.0,1000,0,/Users/onumagakuto/Documents/最強しりとり/shiritori_ai/data/dictionaries/D10000_L2-12_seed7.runtime.json,alpha_beta,0.35320981710942256,0.0,1347005.0,alpha_beta_reference,31990.0,14,0.0,0.0,0.0,0.0,90423.0,1.0000348340254277,6.472222222222222,0.28994149999999996,137155.0,0.0,1.000024,0.0,2,12.715553415939212,b51e30affded14d91de859b1d766d017e925d24e469bfa5bd71e5f31a80e54cd,72,72,first
c3025850fe74072e338c0dc84f044ce8036e4bee,10000,7785b0eb4157fa0289fa9ab6ef21742b2c175e39ee3de38f475913f6c6baefce,464e8c19ccf691a20773ba37854d4fde07333f964db4230a48e259419873fcd8,7,0dfbacfcb5f87efe04db0bacd0cc8549169857e1283230885a79be52c1751607,alpha_beta,0.38565767362701875,0.0,3386885.0,alpha_beta_reference,84639.0,28,0.0,0.0,0.0,0.0,203178.0,1.0000295829959214,6.230769230769231,0.34333199999999997,324855.0,0.0,1.000024,0.0,5,30.08129854290746,beam_pvs_wide,0,ended_with_n,41.75130041711964,D10000_seed7_alpha_beta_reference_vs_beam_pvs_wide,7000,300.0,1000,0,/Users/onumagakuto/Documents/最強しりとり/shiritori_ai/data/dictionaries/D10000_L2-12_seed7.runtime.json,beam_pvs,0.14955748026915947,1973090.0,2178796.0,beam_pvs_wide,55511.0,1,0.0,0.0,0.0,0.0,45432.0,0.521736916853115,7.9743589743589745,0.12073400000000001,142570.0,45893.0,0.378176,1219.0,0,11.665483460994437,b51e30affded14d91de859b1d766d017e925d24e469bfa5bd71e5f31a80e54cd,156,156,first
c3025850fe74072e338c0dc84f044ce8036e4bee,10000,7785b0eb4157fa0289fa9ab6ef21742b2c175e39ee3de38f475913f6c6baefce,464e8c19ccf691a20773ba37854d4fde07333f964db4230a48e259419873fcd8,7,0dfbacfcb5f87efe04db0bacd0cc8549169857e1283230885a79be52c1751607,beam_pvs,0.14163563432413395,700925.0,778975.0,beam_pvs_deep_wide,20665.0,1,0.0,0.0,0.0,0.0,19972.0,0.2661762088537216,8.925925925925926,0.148747,57282.0,19677.0,0.264425,437.0,0,3.8241621267516166,beam_pvs_deep_wide,0,ended_with_n,11.359058582922444,D10000_seed7_beam_pvs_deep_wide_vs_alpha_beta_reference,7000,300.0,1000,0,/Users/onumagakuto/Documents/最強しりとり/shiritori_ai/data/dictionaries/D10000_L2-12_seed7.runtime.json,alpha_beta,0.2790071157290152,0.0,856363.0,alpha_beta_reference,20370.0,8,0.0,0.0,0.0,0.0,55383.0,1.0000269580632448,6.518518518518518,0.264833,84702.0,0.0,0.98016,0.0,1,7.53319212468341,b51e30affded14d91de859b1d766d017e925d24e469bfa5bd71e5f31a80e54cd,54,54,first
c3025850fe74072e338c0dc84f044ce8036e4bee,10000,7785b0eb4157fa0289fa9ab6ef21742b2c175e39ee3de38f475913f6c6baefce,464e8c19ccf691a20773ba37854d4fde07333f964db4230a48e259419873fcd8,7,0dfbacfcb5f87efe04db0bacd0cc8549169857e1283230885a79be52c1751607,alpha_beta,0.3018156654600586,0.0,1120184.0,alpha_beta_reference,27082.0,14,0.0,0.0,0.0,0.0,69866.0,1.0000292910262942,6.485714285714286,0.272783,109248.0,0.0,1.000027,0.0,3,10.563548291102052,beam_pvs_deep_wide,0,ended_with_n,14.659375790972263,D10000_seed7_alpha_beta_reference_vs_beam_pvs_deep_wide,7000,300.0,1000,0,/Users/onumagakuto/Documents/最強しりとり/shiritori_ai/data/dictionaries/D10000_L2-12_seed7.runtime.json,beam_pvs,0.12040701477706213,620123.0,692548.0,beam_pvs_deep_wide,18678.0,1,0.0,0.0,0.0,0.0,18386.0,0.379998791962862,8.941176470588236,0.12099599999999999,52744.0,18590.0,0.342859,371.0,0,4.0938385024201125,b51e30affded14d91de859b1d766d017e925d24e469bfa5bd71e5f31a80e54cd,69,69,second
c3025850fe74072e338c0dc84f044ce8036e4bee,10000,d4d772df7caf010f90a7f5bea171fc563ca03d196def38c82b4a750b61b1b03c,2d6443022bdcee801fbb9e7b44658f945debe72d7e2929e4b68ed8ba27252c87,8,0dfbacfcb5f87efe04db0bacd0cc8549169857e1283230885a79be52c1751607,beam_alpha_beta,0.08416550881408441,662172.0,730948.0,beam_alpha_beta_baseline,18536.0,1,0.0,0.0,0.0,0.0,16363.0,0.20464520808309317,7.961538461538462,0.08194699999999999,49039.0,0.0,0.170468,0.0,0,4.37660645833239,beam_alpha_beta_baseline,0,ended_with_n,20.3995845830068,D10000_seed8_beam_alpha_beta_baseline_vs_alpha_beta_reference,8000,300.0,1000,0,/Users/onumagakuto/Documents/最強しりとり/shiritori_ai/data/dictionaries/D10000_L2-12_seed8.runtime.json,alpha_beta,0.30807471066229764,0.0,1644992.0,alpha_beta_reference,41587.0,16,0.0,0.0,0.0,0.0,102681.0,0.852212083991617,6.25,0.2951235,162500.0,0.0,0.652761,0.0,0,16.019884954439476,b51e30affded14d91de859b1d766d017e925d24e469bfa5bd71e5f31a80e54cd,104,104,first
c3025850fe74072e338c0dc84f044ce8036e4bee,10000,d4d772df7caf010f90a7f5bea171fc563ca03d196def38c82b4a750b61b1b03c,2d6443022bdcee801fbb9e7b44658f945debe72d7e2929e4b68ed8ba27252c87,8,0dfbacfcb5f87efe04db0bacd0cc8549169857e1283230885a79be52c1751607,alpha_beta,0.37888105942653744,0.0,5436449.0,alpha_beta_reference,138842.0,56,0.0,0.0,0.0,0.0,380075.0,1.000026165973395,6.452702702702703,0.33612600000000004,596222.0,0.0,0.774489,0.0,5,56.07439679512754,beam_alpha_beta_baseline,0,ended_with_n,68.80227983393706,D10000_seed8_alpha_beta_reference_vs_beam_alpha_beta_baseline,8000,300.0,1000,0,/Users/onumagakuto/Documents/最強しりとり/shiritori_ai/data/dictionaries/D10000_L2-12_seed8.runtime.json,beam_alpha_beta,0.08653009698257408,2179564.0,2395479.0,beam_alpha_beta_baseline,56751.0,1,0.0,0.0,0.0,0.0,47971.0,0.34589474997483194,7.98639455782313,0.070598,151004.0,0.0,0.207731,0.0,0,12.71992425643839,b51e30affded14d91de859b1d766d017e925d24e469bfa5bd71e5f31a80e54cd,295,295,second
c3025850fe74072e338c0dc84f044ce8036e4bee,10000,d4d772df7caf010f90a7f5bea171fc563ca03d196def38c82b4a750b61b1b03c,2d6443022bdcee801fbb9e7b44658f945debe72d7e2929e4b68ed8ba27252c87,8,0dfbacfcb5f87efe04db0bacd0cc8549169857e1283230885a79be52c1751607,beam_alpha_beta,0.0856607988169615,695748.0,789124.0,beam_alpha_beta_deep,22960.0,1,0.0,0.0,0.0,0.0,24282.0,0.32585858390666544,8.957446808510639,0.024783,70278.0,0.0,0.250474,0.0,0,4.02605754439719,beam_alpha_beta_deep,0,ended_with_n,15.2658440831583,D10000_seed8_beam_alpha_beta_deep_vs_alpha_beta_reference,8000,300.0,1000,0,/Users/onumagakuto/Documents/最強しりとり/shiritori_ai/data/dictionaries/D10000_L2-12_seed8.runtime.json,alpha_beta,0.244288336936101,0.0,1490350.0,alpha_beta_reference,40344.0,12,0.0,0.0,0.0,0.0,93807.0,0.808290041051805,6.391304347826087,0.16977599999999998,151405.0,0.0,0.686286,0.0,0,11.237263499060646,b51e30affded14d91de859b1d766d017e925d24e469bfa5bd71e5f31a80e54cd,93,93,second
c3025850fe74072e338c0dc84f044ce8036e4bee,10000,d4d772df7caf010f90a7f5bea171fc563ca03d196def38c82b4a750b61b1b03c,2d6443022bdcee801fbb9e7b44658f945debe72d7e2929e4b68ed8ba27252c87,8,0dfbacfcb5f87efe04db0bacd0cc8549169857e1283230885a79be52c1751607,alpha_beta,0.2788771809029736,0.0,1202722.0,alpha_beta_reference,29114.0,12,0.0,0.0,0.0,0.0,78756.0,1.0000273750629276,6.578947368421052,0.19172250000000002,122346.0,0.0,1.000023,0.0,2,10.597332874312997,beam_alpha_beta_deep,0,ended_with_n,13.24050070811063,D10000_seed8_alpha_beta_reference_vs_beam_alpha_beta_deep,8000,300.0,1000,0,/Users/onumagakuto/Documents/最強しりとり/shiritori_ai/data/dictionaries/D10000_L2-12_seed8.runtime.json,beam_alpha_beta,0.06949918193889684,451402.0,502664.0,beam_alpha_beta_deep,12478.0,1,0.0,0.0,0.0,0.0,13330.0,0.14018029090948403,8.947368421052632,0.07192899999999999,37944.0,0.0,0.140157,0.0,0,2.64096891367808,b51e30affded14d91de859b1d766d017e925d24e469bfa5bd71e5f31a80e54cd,76,76,first
c3025850fe74072e338c0dc84f044ce8036e4bee,10000,d4d772df7caf010f90a7f5bea171fc563ca03d196def38c82b4a750b61b1b03c,2d6443022bdcee801fbb9e7b44658f945debe72d7e2929e4b68ed8ba27252c87,8,0dfbacfcb5f87efe04db0bacd0cc8549169857e1283230885a79be52c1751607,beam_alpha_beta,0.08903212503064424,463269.0,513458.0,beam_alpha_beta_wide,13273.0,1,0.0,0.0,0.0,0.0,13342.0,0.22171958279795945,7.933333333333334,0.09549099999999999,36851.0,0.0,0.165427,0.0,0,2.670963750919327,beam_alpha_beta_wide,0,ended_with_n,12.649485292145982,D10000_seed8_beam_alpha_beta_wide_vs_alpha_beta_reference,8000,300.0,1000,0,/Users/onumagakuto/Documents/最強しりとり/shiritori_ai/data/dictionaries/D10000_L2-12_seed8.runtime.json,alpha_beta,0.3440269813872874,0.0,1040875.0,alpha_beta_reference,24978.0,12,0.0,0.0,0.0,0.0,71963.0,1.0000298749655485,6.448275862068965,0.249652,108963.0,0.0,1.000029,0.0,3,9.976782460231334,b51e30affded14d91de859b1d766d017e925d24e469bfa5bd71e5f31a80e54cd,59,59,second
c3025850fe74072e338c0dc84f044ce8036e4bee,10000,d4d772df7caf010f90a7f5bea171fc563ca03d196def38c82b4a750b61b1b03c,2d6443022bdcee801fbb9e7b44658f945debe72d7e2929e4b68ed8ba27252c87,8,0dfbacfcb5f87efe04db0bacd0cc8549169857e1283230885a79be52c1751607,alpha_beta,0.33320222282782197,0.0,1007224.0,alpha_beta_reference,24073.0,10,0.0,0.0,0.0,0.0,71196.0,1.000034375116229,6.379310344827586,0.279896,106784.0,0.0,1.000028,0.0,3,9.662864462006837,beam_alpha_beta_wide,0,ended_with_n,12.36566612496972,D10000_seed8_alpha_beta_reference_vs_beam_alpha_beta_wide,8000,300.0,1000,0,/Users/onumagakuto/Documents/最強しりとり/shiritori_ai/data/dictionaries/D10000_L2-12_seed8.runtime.json,beam_alpha_beta,0.09313930316571274,435552.0,483393.0,beam_alpha_beta_wide,12589.0,1,0.0,0.0,0.0,0.0,12951.0,0.2320528340060264,7.931034482758621,0.099355,35371.0,0.0,0.171245,0.0,0,2.7010397918056697,b51e30affded14d91de859b1d766d017e925d24e469bfa5bd71e5f31a80e54cd,58,58,first
c3025850fe74072e338c0dc84f044ce8036e4bee,10000,d4d772df7caf010f90a7f5bea171fc563ca03d196def38c82b4a750b61b1b03c,2d6443022bdcee801fbb9e7b44658f945debe72d7e2929e4b68ed8ba27252c87,8,0dfbacfcb5f87efe04db0bacd0cc8549169857e1283230885a79be52c1751607,beam_alpha_beta,0.15504554006306884,2165452.0,2451984.0,beam_alpha_beta_deep_wide,69979.0,3,0.0,0.0,0.0,0.0,72225.0,0.5704795829951763,8.948717948717949,0.08294699999999999,213400.0,0.0,0.388568,0.0,0,12.09355212491937,beam_alpha_beta_deep_wide,0,ended_with_n,38.03656354197301,D10000_seed8_beam_alpha_beta_deep_wide_vs_alpha_beta_reference,8000,300.0,1000,0,/Users/onumagakuto/Documents/最強しりとり/shiritori_ai/data/dictionaries/D10000_L2-12_seed8.runtime.json,alpha_beta,0.3325457408880958,0.0,3146006.0,alpha_beta_reference,88289.0,34,0.0,0.0,0.0,0.0,232655.0,1.0000287909060717,6.256410256410256,0.210226,359446.0,0.0,1.000021,0.0,4,25.938567789271474,b51e30affded14d91de859b1d766d017e925d24e469bfa5bd71e5f31a80e54cd,156,156,first
c3025850fe74072e338c0dc84f044ce8036e4bee,10000,d4d772df7caf010f90a7f5bea171fc563ca03d196def38c82b4a750b61b1b03c,2d6443022bdcee801fbb9e7b44658f945debe72d7e2929e4b68ed8ba27252c87,8,0dfbacfcb5f87efe04db0bacd0cc8549169857e1283230885a79be52c1751607,alpha_beta,0.2828325295396259,0.0,1239690.0,alpha_beta_reference,30385.0,8,0.0,0.0,0.0,0.0,69130.0,1.0000254998449236,6.647058823529412,0.22273300000000001,112954.0,0.0,0.997914,0.0,1,9.61630600434728,beam_alpha_beta_deep_wide,0,ended_with_n,11.82996791601181,D10000_seed8_alpha_beta_reference_vs_beam_alpha_beta_deep_wide,8000,300.0,1000,0,/Users/onumagakuto/Documents/最強しりとり/shiritori_ai/data/dictionaries/D10000_L2-12_seed8.runtime.json,beam_alpha_beta,0.0670154569952777,426236.0,476022.0,beam_alpha_beta_deep_wide,11744.0,1,0.0,0.0,0.0,0.0,10243.0,0.20517958281561732,8.93939393939394,0.047866,34248.0,0.0,0.172057,0.0,0,2.211510080844164,b51e30affded14d91de859b1d766d017e925d24e469bfa5bd71e5f31a80e54cd,67,67,second
c3025850fe74072e338c0dc84f044ce8036e4bee,10000,d4d772df7caf010f90a7f5bea171fc563ca03d196def38c82b4a750b61b1b03c,2d6443022bdcee801fbb9e7b44658f945debe72d7e2929e4b68ed8ba27252c87,8,0dfbacfcb5f87efe04db0bacd0cc8549169857e1283230885a79be52c1751607,beam_pvs,0.09315874303380649,660735.0,730305.0,beam_pvs_baseline,19639.0,1,0.0,0.0,0.0,0.0,15910.0,0.21841908292844892,7.958333333333333,0.0925155,48967.0,16098.0,0.182501,470.0,0,4.471619665622711,beam_pvs_baseline,0,ended_with_n,18.961375250015408,D10000_seed8_beam_pvs_baseline_vs_alpha_beta_reference,8000,300.0,1000,0,/Users/onumagakuto/Documents/最強しりとり/shiritori_ai/data/dictionaries/D10000_L2-12_seed8.runtime.json,alpha_beta,0.3018036589201074,0.0,1524753.0,alpha_beta_reference,38429.0,16,0.0,0.0,0.0,0.0,90192.0,0.8635707919020206,6.208333333333333,0.23450700000000002,144635.0,0.0,0.692577,0.0,0,14.486575628165156,b51e30affded14d91de859b1d766d017e925d24e469bfa5bd71e5f31a80e54cd,96,96,first
c3025850fe74072e338c0dc84f044ce8036e4bee,10000,d4d772df7caf010f90a7f5bea171fc563ca03d196def38c82b4a750b61b1b03c,2d6443022bdcee801fbb9e7b44658f945debe72d7e2929e4b68ed8ba27252c87,8,0dfbacfcb5f87efe04db0bacd0cc8549169857e1283230885a79be52c1751607,alpha_beta,0.3849237729183526,0.0,5502749.0,alpha_beta_reference,140612.0,72,0.0,0.0,0.0,0.0,389962.0,1.0000316670630127,6.372549019607843,0.307849,608863.0,0.0,0.809477,0.0,5,58.89333725650795,beam_pvs_baseline,0,ended_with_n,76.54120787512511,D10000_seed8_alpha_beta_reference_vs_beam_pvs_baseline,8000,300.0,1000,0,/Users/onumagakuto/Documents/最強しりとり/shiritori_ai/data/dictionaries/D10000_L2-12_seed8.runtime.json,beam_pvs,0.11604800575725294,2943902.0,3236018.0,beam_pvs_baseline,80016.0,1,0.0,0.0,0.0,0.0,62871.0,0.3122281669639051,7.9868421052631575,0.111581,202327.0,63460.0,0.208807,2027.0,0,17.639296875102445,b51e30affded14d91de859b1d766d017e925d24e469bfa5bd71e5f31a80e54cd,305,305,second
c3025850fe74072e338c0dc84f044ce8036e4bee,10000,d4d772df7caf010f90a7f5bea171fc563ca03d196def38c82b4a750b61b1b03c,2d6443022bdcee801fbb9e7b44658f945debe72d7e2929e4b68ed8ba27252c87,8,0dfbacfcb5f87efe04db0bacd0cc8549169857e1283230885a79be52c1751607,beam_pvs,0.15150654389065477,3133836.0,3500715.0,beam_pvs_deep,99639.0,1,0.0,0.0,0.0,0.0,71442.0,0.38992020883597434,8.982456140350877,0.141687,250065.0,73126.0,0.286581,1401.0,0,17.271746003534645,beam_pvs_deep,0,ended_with_n,61.949155250098556,D10000_seed8_beam_pvs_deep_vs_alpha_beta_reference,8000,300.0,1000,0,/Users/onumagakuto/Documents/最強しりとり/shiritori_ai/data/dictionaries/D10000_L2-12_seed8.runtime.json,alpha_beta,0.3918452869586058,0.0,4964192.0,alpha_beta_reference,141152.0,34,0.0,0.0,0.0,0.0,341662.0,1.0000276670325547,6.219298245614035,0.349371,537506.0,0.0,1.000023,0.0,8,44.670362713281065,b51e30affded14d91de859b1d766d017e925d24e469bfa5bd71e5f31a80e54cd,228,228,first
c3025850fe74072e338c0dc84f044ce8036e4bee,10000,d4d772df7caf010f90a7f5bea171fc563ca03d196def38c82b4a750b61b1b03c,2d6443022bdcee801fbb9e7b44658f945debe72d7e2929e4b68ed8ba27252c87,8,0dfbacfcb5f87efe04db0bacd0cc8549169857e1283230885a79be52c1751607,alpha_beta,0.28284226648362454,0.0,1180556.0,alpha_beta_reference,28555.0,12,0.0,0.0,0.0,0.0,76698.0,1.0000308328308165,6.578947368421052,0.193786,119407.0,0.0,1.000025,0.0,2,10.748006126377732,beam_pvs_deep,0,ended_with_n,13.623165583005175,D10000_seed8_alpha_beta_reference_vs_beam_pvs_deep,8000,300.0,1000,0,/Users/onumagakuto/Documents/最強しりとり/shiritori_ai/data/dictionaries/D10000_L2-12_seed8.runtime.json,beam_pvs,0.07560041325632483,490249.0,545317.0,beam_pvs_deep,14654.0,1,0.0,0.0,0.0,0.0,13356.0,0.16047224984504282,8.947368421052632,0.083191,39747.0,13502.0,0.133561,328.0,0,2.8728157037403435,b51e30affded14d91de859b1d766d017e925d24e469bfa5bd71e5f31a80e54cd,76,76,first
c3025850fe74072e338c0dc84f044ce8036e4bee,10000,d4d772df7caf010f90a7f5bea171fc563ca03d196def38c82b4a750b61b1b03c,2d6443022bdcee801fbb9e7b44658f945debe72d7e2929e4b68ed8ba27252c87,8,0dfbacfcb5f87efe04db0bacd0cc8549169857e1283230885a79be52c1751607,beam_pvs,0.10654199027145903,523409.0,580755.0,beam_pvs_wide,16376.0,1,0.0,0.0,0.0,0.0,14875.0,0.2802424170076847,7.933333333333334,0.1077185,41721.0,14468.0,0.22125,418.0,0,3.1962597081437707,beam_pvs_wide,0,ended_with_n,12.91017737495713,D10000_seed8_beam_pvs_wide_vs_alpha_beta_reference,8000,300.0,1000,0,/Users/onumagakuto/Documents/最強しりとり/shiritori_ai/data/dictionaries/D10000_L2-12_seed8.runtime.json,alpha_beta,0.33490051735385223,0.0,1001299.0,alpha_beta_reference,23881.0,12,0.0,0.0,0.0,0.0,68019.0,1.0000345828011632,6.413793103448276,0.244379,103359.0,0.0,1.000028,0.0,3,9.712115003261715,b51e30affded14d91de859b1d766d017e925d24e469bfa5bd71e5f31a80e54cd,59,59,second
c3025850fe74072e338c0dc84f044ce8036e4bee,10000,d4d772df7caf010f90a7f5bea171fc563ca03d196def38c82b4a750b61b1b03c,2d6443022bdcee801fbb9e7b44658f945debe72d7e2929e4b68ed8ba27252c87,8,0dfbacfcb5f87efe04db0bacd0cc8549169857e1283230885a79be52c1751607,alpha_beta,0.3111066724462756,0.0,948600.0,alpha_beta_reference,22522.0,8,0.0,0.0,0.0,0.0,66248.0,1.0000257501378655,6.344827586206897,0.284163,99498.0,0.0,1.000025,0.0,2,9.022093500941992,beam_pvs_wide,0,ended_with_n,12.263930167071521,D10000_seed8_alpha_beta_reference_vs_beam_pvs_wide,8000,300.0,1000,0,/Users/onumagakuto/Documents/最強しりとり/shiritori_ai/data/dictionaries/D10000_L2-12_seed8.runtime.json,beam_pvs,0.11172541375432549,515278.0,572623.0,beam_pvs_wide,16325.0,1,0.0,0.0,0.0,0.0,15227.0,0.28829758311621845,7.931034482758621,0.117485,42136.0,14771.0,0.227974,467.0,0,3.240036998875439,b51e30affded14d91de859b1d766d017e925d24e469bfa5bd71e5f31a80e54cd,58,58,first
c3025850fe74072e338c0dc84f044ce8036e4bee,10000,d4d772df7caf010f90a7f5bea171fc563ca03d196def38c82b4a750b61b1b03c,2d6443022bdcee801fbb9e7b44658f945debe72d7e2929e4b68ed8ba27252c87,8,0dfbacfcb5f87efe04db0bacd0cc8549169857e1283230885a79be52c1751607,beam_pvs,0.16461669847119562,3071645.0,3489763.0,beam_pvs_deep_wide,113191.0,1,0.0,0.0,0.0,0.0,77947.0,0.529211665969342,8.97938144329897,0.131374,282123.0,84849.0,0.376446,1775.0,0,15.967819751705974,beam_pvs_deep_wide,0,ended_with_n,49.43277837499045,D10000_seed8_beam_pvs_deep_wide_vs_alpha_beta_reference,8000,300.0,1000,0,/Users/onumagakuto/Documents/最強しりとり/shiritori_ai/data/dictionaries/D10000_L2-12_seed8.runtime.json,alpha_beta,0.344941718664654,0.0,3963714.0,alpha_beta_reference,111400.0,42,0.0,0.0,0.0,0.0,282180.0,1.0000282500404865,6.288659793814433,0.245772,441717.0,0.0,0.854126,0.0,3,33.459346710471436,b51e30affded14d91de859b1d766d017e925d24e469bfa5bd71e5f31a80e54cd,194,194,first
c3025850fe74072e338c0dc84f044ce8036e4bee,10000,d4d772df7caf010f90a7f5bea171fc563ca03d196def38c82b4a750b61b1b03c,2d6443022bdcee801fbb9e7b44658f945debe72d7e2929e4b68ed8ba27252c87,8,0dfbacfcb5f87efe04db0bacd0cc8549169857e1283230885a79be52c1751607,alpha_beta,0.323260063678711,0.0,2704820.0,alpha_beta_reference,66772.0,12,0.0,0.0,0.0,0.0,168797.0,1.0000260409433395,6.735294117647059,0.3435825,265322.0,0.0,0.660353,0.0,2,21.981684330152348,beam_pvs_deep_wide,0,ended_with_n,29.18965800013393,D10000_seed8_alpha_beta_reference_vs_beam_pvs_deep_wide,8000,300.0,1000,0,/Users/onumagakuto/Documents/最強しりとり/shiritori_ai/data/dictionaries/D10000_L2-12_seed8.runtime.json,beam_pvs,0.10752426687308322,1389082.0,1550034.0,beam_pvs_deep_wide,41589.0,1,0.0,0.0,0.0,0.0,37104.0,0.21588245802558959,8.970149253731343,0.115926,114202.0,39228.0,0.158506,999.0,0,7.204125880496576,b51e30affded14d91de859b1d766d017e925d24e469bfa5bd71e5f31a80e54cd,135,135,second
c3025850fe74072e338c0dc84f044ce8036e4bee,10000,929abd68c670e8cb25e6c8b86281adb277d35b0ef80a0b67a15b9c446ee19a5c,1fcc5d79535885367348727ddc2e5072fa81ed90fe4523f12647d8a274744814,9,0dfbacfcb5f87efe04db0bacd0cc8549169857e1283230885a79be52c1751607,beam_alpha_beta,0.09351140016778595,910373.0,1006769.0,beam_alpha_beta_baseline,25087.0,1,0.0,0.0,0.0,0.0,21355.0,0.2192718330770731,7.968253968253968,0.097461,67451.0,0.0,0.198753,0.0,0,5.891218210570514,beam_alpha_beta_baseline,0,ended_with_n,27.28281500004232,D10000_seed9_beam_alpha_beta_baseline_vs_alpha_beta_reference,9000,300.0,1000,0,/Users/onumagakuto/Documents/最強しりとり/shiritori_ai/data/dictionaries/D10000_L2-12_seed9.runtime.json,alpha_beta,0.3449654932501876,0.0,2429808.0,alpha_beta_reference,63894.0,12,0.0,0.0,0.0,0.0,151128.0,0.6746901660226285,6.306451612903226,0.3656695,241078.0,0.0,0.611792,0.0,0,21.38786058151163,b51e30affded14d91de859b1d766d017e925d24e469bfa5bd71e5f31a80e54cd,125,125,second
c3025850fe74072e338c0dc84f044ce8036e4bee,10000,929abd68c670e8cb25e6c8b86281adb277d35b0ef80a0b67a15b9c446ee19a5c,1fcc5d79535885367348727ddc2e5072fa81ed90fe4523f12647d8a274744814,9,0dfbacfcb5f87efe04db0bacd0cc8549169857e1283230885a79be52c1751607,alpha_beta,0.34665989074338643,0.0,1705160.0,alpha_beta_reference,44292.0,12,0.0,0.0,0.0,0.0,109444.0,1.000034375116229,6.4,0.305986,174366.0,0.0,0.88015,0.0,1,15.599695083452389,beam_alpha_beta_baseline,0,ended_with_n,19.939410750055686,D10000_seed9_alpha_beta_reference_vs_beam_alpha_beta_baseline,9000,300.0,1000,0,/Users/onumagakuto/Documents/最強しりとり/shiritori_ai/data/dictionaries/D10000_L2-12_seed9.runtime.json,beam_alpha_beta,0.0963817379437387,644074.0,710712.0,beam_alpha_beta_baseline,17184.0,1,0.0,0.0,0.0,0.0,14544.0,0.33028458314947784,7.955555555555556,0.062795,46469.0,0.0,0.256133,0.0,0,4.3371782074682415,b51e30affded14d91de859b1d766d017e925d24e469bfa5bd71e5f31a80e54cd,90,90,first
c3025850fe74072e338c0dc84f044ce8036e4bee,10000,929abd68c670e8cb25e6c8b86281adb277d35b0ef80a0b67a15b9c446ee19a5c,1fcc5d79535885367348727ddc2e5072fa81ed90fe4523f12647d8a274744814,9,0dfbacfcb5f87efe04db0bacd0cc8549169857e1283230885a79be52c1751607,beam_alpha_beta,0.2355232753375869,2915892.0,3199299.0,beam_alpha_beta_deep,69606.0,1,0.0,0.0,0.0,0.0,78860.0,0.4779293751344085,8.978260869565217,0.2365965,216850.0,0.0,0.407258,0.0,0,21.668141331057996,beam_alpha_beta_deep,0,ended_with_n,56.62143420800567,D10000_seed9_beam_alpha_beta_deep_vs_alpha_beta_reference,9000,300.0,1000,0,/Users/onumagakuto/Documents/最強しりとり/shiritori_ai/data/dictionaries/D10000_L2-12_seed9.runtime.json,alpha_beta,0.38403929207873133,0.0,3119229.0,alpha_beta_reference,76527.0,44,0.0,0.0,0.0,0.0,203745.0,1.0000465409830213,5.725274725274725,0.308108,313080.0,0.0,0.988643,0.0,4,34.94757557916455,b51e30affded14d91de859b1d766d017e925d24e469bfa5bd71e5f31a80e54cd,183,183,second
c3025850fe74072e338c0dc84f044ce8036e4bee,10000,929abd68c670e8cb25e6c8b86281adb277d35b0ef80a0b67a15b9c446ee19a5c,1fcc5d79535885367348727ddc2e5072fa81ed90fe4523f12647d8a274744814,9,0dfbacfcb5f87efe04db0bacd0cc8549169857e1283230885a79be52c1751607,alpha_beta,0.3252347105791649,0.0,1184603.0,alpha_beta_reference,29725.0,10,0.0,0.0,0.0,0.0,65428.0,0.9378615410532802,6.205128205128205,0.318099,106835.0,0.0,0.65208,0.0,0,12.684153712587431,beam_alpha_beta_deep,0,ended_with_n,20.774901916040108,D10000_seed9_alpha_beta_reference_vs_beam_alpha_beta_deep,9000,300.0,1000,0,/Users/onumagakuto/Documents/最強しりとり/shiritori_ai/data/dictionaries/D10000_L2-12_seed9.runtime.json,beam_alpha_beta,0.21285103851512663,1100452.0,1211489.0,beam_alpha_beta_deep,27231.0,1,0.0,0.0,0.0,0.0,29225.0,0.431639791931957,8.947368421052632,0.209503,83256.0,0.0,0.388481,0.0,0,8.088339463574812,b51e30affded14d91de859b1d766d017e925d24e469bfa5bd71e5f31a80e54cd,77,77,second
c3025850fe74072e338c0dc84f044ce8036e4bee,10000,929abd68c670e8cb25e6c8b86281adb277d35b0ef80a0b67a15b9c446ee19a5c,1fcc5d79535885367348727ddc2e5072fa81ed90fe4523f12647d8a274744814,9,0dfbacfcb5f87efe04db0bacd0cc8549169857e1283230885a79be52c1751607,beam_alpha_beta,0.08383906474336981,688666.0,772038.0,beam_alpha_beta_wide,20934.0,1,0.0,0.0,0.0,0.0,17316.0,0.35583025007508695,7.955555555555556,0.052015,57705.0,0.0,0.235264,0.0,0,3.772757913451642,beam_alpha_beta_wide,0,ended_with_n,18.196715916972607,D10000_seed9_beam_alpha_beta_wide_vs_alpha_beta_reference,9000,300.0,1000,0,/Users/onumagakuto/Documents/最強しりとり/shiritori_ai/data/dictionaries/D10000_L2-12_seed9.runtime.json,alpha_beta,0.3277594622023488,0.0,1778332.0,alpha_beta_reference,49558.0,8,0.0,0.0,0.0,0.0,112123.0,1.000033332966268,6.590909090909091,0.324344,184068.0,0.0,0.684766,0.0,1,14.421416336903349,b51e30affded14d91de859b1d766d017e925d24e469bfa5bd71e5f31a80e54cd,89,89,second
c3025850fe74072e338c0dc84f044ce8036e4bee,10000,929abd68c670e8cb25e6c8b86281adb277d35b0ef80a0b67a15b9c446ee19a5c,1fcc5d79535885367348727ddc2e5072fa81ed90fe4523f12647d8a274744814,9,0dfbacfcb5f87efe04db0bacd0cc8549169857e1283230885a79be52c1751607,alpha_beta,0.2918939958720035,0.0,2800406.0,alpha_beta_reference,78295.0,12,0.0,0.0,0.0,0.0,161900.0,1.0000244588591158,6.577464788732394,0.241528,272887.0,0.0,0.694607,0.0,1,20.72447370691225,beam_alpha_beta_wide,0,ended_with_n,26.44343745801598,D10000_seed9_alpha_beta_reference_vs_beam_alpha_beta_wide,9000,300.0,1000,0,/Users/onumagakuto/Documents/最強しりとり/shiritori_ai/data/dictionaries/D10000_L2-12_seed9.runtime.json,beam_alpha_beta,0.08164737080223858,917418.0,1025908.0,beam_alpha_beta_wide,27291.0,1,0.0,0.0,0.0,0.0,19543.0,0.43145924992859364,7.9714285714285715,0.028745,71858.0,0.0,0.311927,0.0,0,5.715315956156701,b51e30affded14d91de859b1d766d017e925d24e469bfa5bd71e5f31a80e54cd,141,141,second
c3025850fe74072e338c0dc84f044ce8036e4bee,10000,929abd68c670e8cb25e6c8b86281adb277d35b0ef80a0b67a15b9c446ee19a5c,1fcc5d79535885367348727ddc2e5072fa81ed90fe4523f12647d8a274744814,9,0dfbacfcb5f87efe04db0bacd0cc8549169857e1283230885a79be52c1751607,beam_alpha_beta,0.24172433064474413,1037941.0,1146386.0,beam_alpha_beta_deep_wide,27215.0,3,0.0,0.0,0.0,0.0,28372.0,0.6203512088395655,8.8,0.19340249999999998,80874.0,0.0,0.52664,0.0,0,7.251729919342324,beam_alpha_beta_deep_wide,0,ended_with_n,15.702069165883586,D10000_seed9_beam_alpha_beta_deep_wide_vs_alpha_beta_reference,9000,300.0,1000,0,/Users/onumagakuto/Documents/最強しりとり/shiritori_ai/data/dictionaries/D10000_L2-12_seed9.runtime.json,alpha_beta,0.2816072207565109,0.0,854528.0,alpha_beta_reference,21678.0,10,0.0,0.0,0.0,0.0,51984.0,1.000027250032872,6.266666666666667,0.23023949999999999,82364.0,0.0,1.000023,0.0,2,8.448216622695327,b51e30affded14d91de859b1d766d017e925d24e469bfa5bd71e5f31a80e54cd,60,60,first
c3025850fe74072e338c0dc84f044ce8036e4bee,10000,929abd68c670e8cb25e6c8b86281adb277d35b0ef80a0b67a15b9c446ee19a5c,1fcc5d79535885367348727ddc2e5072fa81ed90fe4523f12647d8a274744814,9,0dfbacfcb5f87efe04db0bacd0cc8549169857e1283230885a79be52c1751607,alpha_beta,0.25825997401060985,0.0,766623.0,alpha_beta_reference,19371.0,8,0.0,0.0,0.0,0.0,44914.0,1.000030166003853,6.241379310344827,0.209447,72042.0,0.0,0.641008,0.0,1,7.489539246307686,beam_alpha_beta_deep_wide,0,ended_with_n,14.104817291954532,D10000_seed9_alpha_beta_reference_vs_beam_alpha_beta_deep_wide,9000,300.0,1000,0,/Users/onumagakuto/Documents/最強しりとり/shiritori_ai/data/dictionaries/D10000_L2-12_seed9.runtime.json,beam_alpha_beta,0.23619678880121292,878196.0,969821.0,beam_alpha_beta_deep_wide,22778.0,3,0.0,0.0,0.0,0.0,23646.0,0.6805532081052661,8.821428571428571,0.1703075,67939.0,0.0,0.523801,0.0,0,6.613510086433962,b51e30affded14d91de859b1d766d017e925d24e469bfa5bd71e5f31a80e54cd,57,57,second
c3025850fe74072e338c0dc84f044ce8036e4bee,10000,929abd68c670e8cb25e6c8b86281adb277d35b0ef80a0b67a15b9c446ee19a5c,1fcc5d79535885367348727ddc2e5072fa81ed90fe4523f12647d8a274744814,9,0dfbacfcb5f87efe04db0bacd0cc8549169857e1283230885a79be52c1751607,beam_pvs,0.1334968505523585,1085678.0,1204225.0,beam_pvs_baseline,32927.0,1,0.0,0.0,0.0,0.0,28739.0,0.26953512500040233,7.9655172413793105,0.140503,85034.0,27822.0,0.256175,936.0,0,7.742817332036793,beam_pvs_baseline,0,ended_with_n,29.80995758296922,D10000_seed9_beam_pvs_baseline_vs_alpha_beta_reference,9000,300.0,1000,0,/Users/onumagakuto/Documents/最強しりとり/shiritori_ai/data/dictionaries/D10000_L2-12_seed9.runtime.json,alpha_beta,0.38040703235210144,0.0,2438371.0,alpha_beta_reference,62841.0,12,0.0,0.0,0.0,0.0,143117.0,1.00002562510781,6.275862068965517,0.3734925,228289.0,0.0,1.000022,0.0,3,22.063607876421884,b51e30affded14d91de859b1d766d017e925d24e469bfa5bd71e5f31a80e54cd,116,116,first
c3025850fe74072e338c0dc84f044ce8036e4bee,10000,929abd68c670e8cb25e6c8b86281adb277d35b0ef80a0b67a15b9c446ee19a5c,1fcc5d79535885367348727ddc2e5072fa81ed90fe4523f12647d8a274744814,9,0dfbacfcb5f87efe04db0bacd0cc8549169857e1283230885a79be52c1751607,alpha_beta,0.3310403703660187,0.0,1638863.0,alpha_beta_reference,42657.0,10,0.0,0.0,0.0,0.0,104788.0,0.8897077501751482,6.355555555555555,0.307843,167315.0,0.0,0.626247,0.0,0,14.89681666647084,beam_pvs_baseline,0,ended_with_n,19.48165991716087,D10000_seed9_alpha_beta_reference_vs_beam_pvs_baseline,9000,300.0,1000,0,/Users/onumagakuto/Documents/最強しりとり/shiritori_ai/data/dictionaries/D10000_L2-12_seed9.runtime.json,beam_pvs,0.1018264676289012,706447.0,780771.0,beam_pvs_baseline,19972.0,1,0.0,0.0,0.0,0.0,15444.0,0.4338274169713259,7.955555555555556,0.071396,50869.0,15794.0,0.255716,592.0,0,4.582191043300554,b51e30affded14d91de859b1d766d017e925d24e469bfa5bd71e5f31a80e54cd,90,90,first
c3025850fe74072e338c0dc84f044ce8036e4bee,10000,929abd68c670e8cb25e6c8b86281adb277d35b0ef80a0b67a15b9c446ee19a5c,1fcc5d79535885367348727ddc2e5072fa81ed90fe4523f12647d8a274744814,9,0dfbacfcb5f87efe04db0bacd0cc8549169857e1283230885a79be52c1751607,beam_pvs,0.25693759473859135,2377236.0,2608063.0,beam_pvs_deep,63655.0,5,0.0,0.0,0.0,0.0,58644.0,0.7607572497799993,8.909090909090908,0.242801,170742.0,57002.0,0.487955,1625.0,0,16.95788125274703,beam_pvs_deep,0,ended_with_n,41.5468617498409,D10000_seed9_beam_pvs_deep_vs_alpha_beta_reference,9000,300.0,1000,0,/Users/onumagakuto/Documents/最強しりとり/shiritori_ai/data/dictionaries/D10000_L2-12_seed9.runtime.json,alpha_beta,0.3782296416242249,0.0,2255398.0,alpha_beta_reference,56202.0,26,0.0,0.0,0.0,0.0,154239.0,1.0000253750476986,5.815384615384615,0.309651,233185.0,0.0,0.918779,0.0,2,24.584926705574617,b51e30affded14d91de859b1d766d017e925d24e469bfa5bd71e5f31a80e54cd,131,131,second
c3025850fe74072e338c0dc84f044ce8036e4bee,10000,929abd68c670e8cb25e6c8b86281adb277d35b0ef80a0b67a15b9c446ee19a5c,1fcc5d79535885367348727ddc2e5072fa81ed90fe4523f12647d8a274744814,9,0dfbacfcb5f87efe04db0bacd0cc8549169857e1283230885a79be52c1751607,alpha_beta,0.2931366579447824,0.0,1039873.0,alpha_beta_reference,25883.0,12,0.0,0.0,0.0,0.0,56847.0,0.6920095840469003,6.105263157894737,0.306265,92963.0,0.0,0.601948,0.0,0,11.139193001901731,beam_pvs_deep,0,ended_with_n,21.14673962490633,D10000_seed9_alpha_beta_reference_vs_beam_pvs_deep,9000,300.0,1000,0,/Users/onumagakuto/Documents/最強しりとり/shiritori_ai/data/dictionaries/D10000_L2-12_seed9.runtime.json,beam_pvs,0.27040839867943245,1366472.0,1501177.0,beam_pvs_deep,36772.0,1,0.0,0.0,0.0,0.0,33693.0,0.5351977080572397,8.945945945945946,0.304165,99229.0,32707.0,0.464169,1083.0,0,10.005110751139,b51e30affded14d91de859b1d766d017e925d24e469bfa5bd71e5f31a80e54cd,75,75,second
c3025850fe74072e338c0dc84f044ce8036e4bee,10000,929abd68c670e8cb25e6c8b86281adb277d35b0ef80a0b67a15b9c446ee19a5c,1fcc5d79535885367348727ddc2e5072fa81ed90fe4523f12647d8a274744814,9,0dfbacfcb5f87efe04db0bacd0cc8549169857e1283230885a79be52c1751607,beam_pvs,0.11966340079465333,690242.0,770079.0,beam_pvs_wide,21881.0,1,0.0,0.0,0.0,0.0,17814.0,0.3756257090717554,7.9411764705882355,0.0842765,56013.0,19044.0,0.374756,526.0,0,4.068555627018213,beam_pvs_wide,0,ended_with_n,13.805537207983434,D10000_seed9_beam_pvs_wide_vs_alpha_beta_reference,9000,300.0,1000,0,/Users/onumagakuto/Documents/最強しりとり/shiritori_ai/data/dictionaries/D10000_L2-12_seed9.runtime.json,alpha_beta,0.2863210158710204,0.0,1142577.0,alpha_beta_reference,31323.0,10,0.0,0.0,0.0,0.0,72613.0,1.0000292079057544,6.352941176470588,0.265955,116292.0,0.0,0.975224,0.0,1,9.734914539614692,b51e30affded14d91de859b1d766d017e925d24e469bfa5bd71e5f31a80e54cd,68,68,first
c3025850fe74072e338c0dc84f044ce8036e4bee,10000,929abd68c670e8cb25e6c8b86281adb277d35b0ef80a0b67a15b9c446ee19a5c,1fcc5d79535885367348727ddc2e5072fa81ed90fe4523f12647d8a274744814,9,0dfbacfcb5f87efe04db0bacd0cc8549169857e1283230885a79be52c1751607,alpha_beta,0.32458043736617337,0.0,1598810.0,alpha_beta_reference,42418.0,10,0.0,0.0,0.0,0.0,91713.0,1.0000256660860032,6.2727272727272725,0.2798555,149490.0,0.0,1.000022,0.0,3,14.281539244111627,beam_pvs_wide,0,ended_with_n,22.37533179204911,D10000_seed9_alpha_beta_reference_vs_beam_pvs_wide,9000,300.0,1000,0,/Users/onumagakuto/Documents/最強しりとり/shiritori_ai/data/dictionaries/D10000_L2-12_seed9.runtime.json,beam_pvs,0.1881674225171378,1271362.0,1400062.0,beam_pvs_wide,35517.0,1,0.0,0.0,0.0,0.0,28402.0,0.4436087498907,7.953488372093023,0.194481,89387.0,28376.0,0.399175,771.0,0,8.091199168236926,b51e30affded14d91de859b1d766d017e925d24e469bfa5bd71e5f31a80e54cd,87,87,second
c3025850fe74072e338c0dc84f044ce8036e4bee,10000,929abd68c670e8cb25e6c8b86281adb277d35b0ef80a0b67a15b9c446ee19a5c,1fcc5d79535885367348727ddc2e5072fa81ed90fe4523f12647d8a274744814,9,0dfbacfcb5f87efe04db0bacd0cc8549169857e1283230885a79be52c1751607,beam_pvs,0.29727132775116005,1650930.0,1812287.0,beam_pvs_deep_wide,44353.0,3,0.0,0.0,0.0,0.0,39078.0,0.5760747920721769,8.864864864864865,0.308574,116749.0,38181.0,0.549312,1028.0,0,10.999039126792923,beam_pvs_deep_wide,0,ended_with_n,23.22618766594678,D10000_seed9_beam_pvs_deep_wide_vs_alpha_beta_reference,9000,300.0,1000,0,/Users/onumagakuto/Documents/最強しりとり/shiritori_ai/data/dictionaries/D10000_L2-12_seed9.runtime.json,alpha_beta,0.33040178716308566,0.0,1205382.0,alpha_beta_reference,30004.0,10,0.0,0.0,0.0,0.0,65657.0,1.0000245000701398,6.378378378378378,0.340221,107843.0,0.0,0.957633,0.0,1,12.224866125034168,b51e30affded14d91de859b1d766d017e925d24e469bfa5bd71e5f31a80e54cd,74,74,first
c3025850fe74072e338c0dc84f044ce8036e4bee,10000,929abd68c670e8cb25e6c8b86281adb277d35b0ef80a0b67a15b9c446ee19a5c,1fcc5d79535885367348727ddc2e5072fa81ed90fe4523f12647d8a274744814,9,0dfbacfcb5f87efe04db0bacd0cc8549169857e1283230885a79be52c1751607,alpha_beta,0.3373209094628692,0.0,1117911.0,alpha_beta_reference,27653.0,10,0.0,0.0,0.0,0.0,58172.0,1.0000294579658657,6.4,0.319259,97131.0,0.0,0.960911,0.0,1,11.80623183120042,beam_pvs_deep_wide,0,ended_with_n,21.834414875134826,D10000_seed9_alpha_beta_reference_vs_beam_pvs_deep_wide,9000,300.0,1000,0,/Users/onumagakuto/Documents/最強しりとり/shiritori_ai/data/dictionaries/D10000_L2-12_seed9.runtime.json,beam_pvs,0.2948800183914821,1441053.0,1580143.0,beam_pvs_deep_wide,38023.0,3,0.0,0.0,0.0,0.0,33357.0,0.5975701250135899,8.852941176470589,0.30936450000000004,100208.0,32565.0,0.557282,926.0,0,10.025920625310391,b51e30affded14d91de859b1d766d017e925d24e469bfa5bd71e5f31a80e54cd,69,69,second
